Todofuken,Area,Dan Chi Name,Total Fee,Nearest station by Walk,Best case by Walk (minute),Worst case by Walk (minute),Nearest station by Bus,Best case by Bus (minute),Worst case by Bus (minute),Address,Building Name,Building Structure,Floor,Elevator,Room Num,Room Type,Floor Space,Max Floor,Rent,Common Fee,Shikikin,Systems,availableDate,Room Link,Traffic
tokyo,nishiojima,大島四丁目,112300,都営新宿線「西大島」駅,5.0,10.0,,,,江東区大島4-1,1号棟,鉄筋コンクリート造,10,N,1001号室,2DK,54,14,108400,3900,2か月,['URライト（1年定借）'],随時,https://www.ur-net.go.jp/chintai/kanto/tokyo/20_1780_room.html?JKSS=000011001,<li>都営新宿線「西大島」駅 徒歩5～10分</li><li>JR総武線・東武亀戸線「亀戸」駅バス4～6分 徒歩2～6分</li><li>都営新宿線「大島」駅 徒歩7～12分</li>
tokyo,nishiojima,大島四丁目,112300,,,,JR総武線・東武亀戸線「亀戸」駅,6.0,12.0,江東区大島4-1,1号棟,鉄筋コンクリート造,10,N,1001号室,2DK,54,14,108400,3900,2か月,['URライト（1年定借）'],随時,https://www.ur-net.go.jp/chintai/kanto/tokyo/20_1780_room.html?JKSS=000011001,<li>都営新宿線「西大島」駅 徒歩5～10分</li><li>JR総武線・東武亀戸線「亀戸」駅バス4～6分 徒歩2～6分</li><li>都営新宿線「大島」駅 徒歩7～12分</li>
tokyo,nishiojima,大島四丁目,112300,都営新宿線「大島」駅,7.0,12.0,,,,江東区大島4-1,1号棟,鉄筋コンクリート造,10,N,1001号室,2DK,54,14,108400,3900,2か月,['URライト（1年定借）'],随時,https://www.ur-net.go.jp/chintai/kanto/tokyo/20_1780_room.html?JKSS=000011001,<li>都営新宿線「西大島」駅 徒歩5～10分</li><li>JR総武線・東武亀戸線「亀戸」駅バス4～6分 徒歩2～6分</li><li>都営新宿線「大島」駅 徒歩7～12分</li>
tokyo,nishiojima,大島四丁目,112300,,,,,,,江東区大島4-1,1号棟,鉄筋コンクリート造,10,N,1001号室,2DK,54,14,108400,3900,2か月,['URライト（1年定借）'],随時,https://www.ur-net.go.jp/chintai/kanto/tokyo/20_1780_room.html?JKSS=000011001,<li>都営新宿線「西大島」駅 徒歩5～10分</li><li>JR総武線・東武亀戸線「亀戸」駅バス4～6分 徒歩2～6分</li><li>都営新宿線「大島」駅 徒歩7～12分</li>
tokyo,yaesu,ヴェッセル木場南,167700,東京メトロ東西線「木場」駅,14.0,19.0,,,,江東区塩浜2-18,7号棟,鉄筋コンクリート造,9,N,909号室,2LDK,64,9,163700,4000,2か月,['近居割'],随時,https://www.ur-net.go.jp/chintai/kanto/tokyo/20_5820_room.html?JKSS=000070909,<li>東京メトロ東西線「木場」駅 徒歩14～19分</li><li>JR京葉線「潮見」駅 徒歩15～20分</li><li>JR総武線・東京メトロ半蔵門線「錦糸町」駅バス19分 徒歩4～9分</li>
tokyo,yaesu,ヴェッセル木場南,167700,JR京葉線「潮見」駅,15.0,20.0,,,,江東区塩浜2-18,7号棟,鉄筋コンクリート造,9,N,909号室,2LDK,64,9,163700,4000,2か月,['近居割'],随時,https://www.ur-net.go.jp/chintai/kanto/tokyo/20_5820_room.html?JKSS=000070909,<li>東京メトロ東西線「木場」駅 徒歩14～19分</li><li>JR京葉線「潮見」駅 徒歩15～20分</li><li>JR総武線・東京メトロ半蔵門線「錦糸町」駅バス19分 徒歩4～9分</li>
tokyo,yaesu,ヴェッセル木場南,167700,,,,JR総武線・東京メトロ半蔵門線「錦糸町」駅,23.0,28.0,江東区塩浜2-18,7号棟,鉄筋コンクリート造,9,N,909号室,2LDK,64,9,163700,4000,2か月,['近居割'],随時,https://www.ur-net.go.jp/chintai/kanto/tokyo/20_5820_room.html?JKSS=000070909,<li>東京メトロ東西線「木場」駅 徒歩14～19分</li><li>JR京葉線「潮見」駅 徒歩15～20分</li><li>JR総武線・東京メトロ半蔵門線「錦糸町」駅バス19分 徒歩4～9分</li>
tokyo,yaesu,ヴェッセル木場南,167700,,,,,,,江東区塩浜2-18,7号棟,鉄筋コンクリート造,9,N,909号室,2LDK,64,9,163700,4000,2か月,['近居割'],随時,https://www.ur-net.go.jp/chintai/kanto/tokyo/20_5820_room.html?JKSS=000070909,<li>東京メトロ東西線「木場」駅 徒歩14～19分</li><li>JR京葉線「潮見」駅 徒歩15～20分</li><li>JR総武線・東京メトロ半蔵門線「錦糸町」駅バス19分 徒歩4～9分</li>
tokyo,aoto,すまいる亀有,124500,JR常磐線「亀有」駅,13.0,17.0,JR常磐線「亀有」駅,7.0,9.0,葛飾区亀有1-10,14号棟,鉄筋コンクリート造,5,N,505号室,2DK,52,6,117900,6600,2か月,"['近居割', '近居割WIDE', 'シルバーピア']",随時,https://www.ur-net.go.jp/chintai/kanto/tokyo/20_4481_room.html?JKSS=000140505,<li>JR常磐線「亀有」駅 徒歩13～17分</li><li>JR常磐線「亀有」駅バス5分 徒歩2～4分</li><li>京成本線「青砥」駅 徒歩20～22分</li>
tokyo,aoto,すまいる亀有,124500,京成本線「青砥」駅,20.0,22.0,,,,葛飾区亀有1-10,14号棟,鉄筋コンクリート造,5,N,505号室,2DK,52,6,117900,6600,2か月,"['近居割', '近居割WIDE', 'シルバーピア']",随時,https://www.ur-net.go.jp/chintai/kanto/tokyo/20_4481_room.html?JKSS=000140505,<li>JR常磐線「亀有」駅 徒歩13～17分</li><li>JR常磐線「亀有」駅バス5分 徒歩2～4分</li><li>京成本線「青砥」駅 徒歩20～22分</li>
tokyo,aoto,すまいる亀有,124500,,,,,,,葛飾区亀有1-10,14号棟,鉄筋コンクリート造,5,N,505号室,2DK,52,6,117900,6600,2か月,"['近居割', '近居割WIDE', 'シルバーピア']",随時,https://www.ur-net.go.jp/chintai/kanto/tokyo/20_4481_room.html?JKSS=000140505,<li>JR常磐線「亀有」駅 徒歩13～17分</li><li>JR常磐線「亀有」駅バス5分 徒歩2～4分</li><li>京成本線「青砥」駅 徒歩20～22分</li>
tokyo,aoto,すまいる亀有,135500,JR常磐線「亀有」駅,13.0,17.0,JR常磐線「亀有」駅,7.0,9.0,葛飾区亀有1-10,13号棟,鉄筋コンクリート造,7,N,709号室,2LDK,58,8,128900,6600,2か月,"['近居割', '近居割WIDE']",随時,https://www.ur-net.go.jp/chintai/kanto/tokyo/20_4481_room.html?JKSS=000130709,<li>JR常磐線「亀有」駅 徒歩13～17分</li><li>JR常磐線「亀有」駅バス5分 徒歩2～4分</li><li>京成本線「青砥」駅 徒歩20～22分</li>
tokyo,aoto,すまいる亀有,135500,京成本線「青砥」駅,20.0,22.0,,,,葛飾区亀有1-10,13号棟,鉄筋コンクリート造,7,N,709号室,2LDK,58,8,128900,6600,2か月,"['近居割', '近居割WIDE']",随時,https://www.ur-net.go.jp/chintai/kanto/tokyo/20_4481_room.html?JKSS=000130709,<li>JR常磐線「亀有」駅 徒歩13～17分</li><li>JR常磐線「亀有」駅バス5分 徒歩2～4分</li><li>京成本線「青砥」駅 徒歩20～22分</li>
tokyo,aoto,すまいる亀有,135500,,,,,,,葛飾区亀有1-10,13号棟,鉄筋コンクリート造,7,N,709号室,2LDK,58,8,128900,6600,2か月,"['近居割', '近居割WIDE']",随時,https://www.ur-net.go.jp/chintai/kanto/tokyo/20_4481_room.html?JKSS=000130709,<li>JR常磐線「亀有」駅 徒歩13～17分</li><li>JR常磐線「亀有」駅バス5分 徒歩2～4分</li><li>京成本線「青砥」駅 徒歩20～22分</li>
tokyo,nishiojima,エステート篠崎（下篠崎町）,96600,都営新宿線「篠崎」駅,17.0,19.0,都営新宿線「篠崎」駅,7.0,8.0,江戸川区下篠崎町18,3号棟,鉄骨鉄筋コンクリート造,2,N,201号室,2DK,50,9,91700,4900,2か月,['近居割'],随時,https://www.ur-net.go.jp/chintai/kanto/tokyo/20_2770_room.html?JKSS=000030201,<li>都営新宿線「篠崎」駅 徒歩17～19分</li><li>都営新宿線「篠崎」駅バス5分 徒歩2～3分</li><li>JR総武線「小岩」駅バス24分 徒歩2～3分</li>
tokyo,nishiojima,エステート篠崎（下篠崎町）,96600,,,,JR総武線「小岩」駅,26.0,27.0,江戸川区下篠崎町18,3号棟,鉄骨鉄筋コンクリート造,2,N,201号室,2DK,50,9,91700,4900,2か月,['近居割'],随時,https://www.ur-net.go.jp/chintai/kanto/tokyo/20_2770_room.html?JKSS=000030201,<li>都営新宿線「篠崎」駅 徒歩17～19分</li><li>都営新宿線「篠崎」駅バス5分 徒歩2～3分</li><li>JR総武線「小岩」駅バス24分 徒歩2～3分</li>
tokyo,nishiojima,エステート篠崎（下篠崎町）,96600,,,,,,,江戸川区下篠崎町18,3号棟,鉄骨鉄筋コンクリート造,2,N,201号室,2DK,50,9,91700,4900,2か月,['近居割'],随時,https://www.ur-net.go.jp/chintai/kanto/tokyo/20_2770_room.html?JKSS=000030201,<li>都営新宿線「篠崎」駅 徒歩17～19分</li><li>都営新宿線「篠崎」駅バス5分 徒歩2～3分</li><li>JR総武線「小岩」駅バス24分 徒歩2～3分</li>
tokyo,kamata,エステート池上,175100,東急池上線｢池上｣駅,6.0,6.0,,,,大田区池上8-5-8,,鉄筋コンクリート造,5,N,503号室,2LDK,63,6,168400,6700,2か月,['近居割'],随時,https://www.ur-net.go.jp/chintai/kanto/tokyo/20_4640_room.html?JKSS=000000503,<li>東急池上線｢池上｣駅 徒歩6分</li>
tokyo,kamata,エステート池上,175100,,,,,,,大田区池上8-5-8,,鉄筋コンクリート造,5,N,503号室,2LDK,63,6,168400,6700,2か月,['近居割'],随時,https://www.ur-net.go.jp/chintai/kanto/tokyo/20_4640_room.html?JKSS=000000503,<li>東急池上線｢池上｣駅 徒歩6分</li>
tokyo,kyodo,希望ヶ丘,115000,小田急小田原線「千歳船橋」駅,16.0,20.0,小田急小田原線「千歳船橋」駅,5.0,13.0,世田谷区船橋6ほか,7-8-2号棟,鉄筋コンクリート造,5,N,512号室,1K,45,14,111400,3600,2か月,['近居割'],随時,https://www.ur-net.go.jp/chintai/kanto/tokyo/20_2340_room.html?JKSS=708020512,<li>小田急小田原線「千歳船橋」駅バス4～10分 徒歩1～3分</li><li>京王線「八幡山」駅バス5～8分 徒歩1～3分</li><li>小田急小田原線「千歳船橋」駅 徒歩16～20分</li>
tokyo,kyodo,希望ヶ丘,115000,,,,京王線「八幡山」駅,6.0,11.0,世田谷区船橋6ほか,7-8-2号棟,鉄筋コンクリート造,5,N,512号室,1K,45,14,111400,3600,2か月,['近居割'],随時,https://www.ur-net.go.jp/chintai/kanto/tokyo/20_2340_room.html?JKSS=708020512,<li>小田急小田原線「千歳船橋」駅バス4～10分 徒歩1～3分</li><li>京王線「八幡山」駅バス5～8分 徒歩1～3分</li><li>小田急小田原線「千歳船橋」駅 徒歩16～20分</li>
tokyo,kyodo,希望ヶ丘,115000,,,,,,,世田谷区船橋6ほか,7-8-2号棟,鉄筋コンクリート造,5,N,512号室,1K,45,14,111400,3600,2か月,['近居割'],随時,https://www.ur-net.go.jp/chintai/kanto/tokyo/20_2340_room.html?JKSS=708020512,<li>小田急小田原線「千歳船橋」駅バス4～10分 徒歩1～3分</li><li>京王線「八幡山」駅バス5～8分 徒歩1～3分</li><li>小田急小田原線「千歳船橋」駅 徒歩16～20分</li>
tokyo,hikarigaoka,光が丘パークタウン いちょう通り八番街,160900,都営大江戸線「光が丘」駅,2.0,4.0,,,,練馬区光が丘3-8,3-8-12号棟,鉄骨鉄筋コンクリート造,3,N,314号室,2LDK,61,14,156500,4400,2か月,"['近居割', '近居割WIDE']",随時,https://www.ur-net.go.jp/chintai/kanto/tokyo/20_3910_room.html?JKSS=308120314,<li>都営大江戸線「光が丘」駅 徒歩2～4分</li><li>東京メトロ有楽町線「地下鉄成増」駅バス10分 徒歩5～7分</li><li>東武東上線「成増」駅バス11分 徒歩5～7分</li>
tokyo,hikarigaoka,光が丘パークタウン いちょう通り八番街,160900,,,,東京メトロ有楽町線「地下鉄成増」駅,15.0,17.0,練馬区光が丘3-8,3-8-12号棟,鉄骨鉄筋コンクリート造,3,N,314号室,2LDK,61,14,156500,4400,2か月,"['近居割', '近居割WIDE']",随時,https://www.ur-net.go.jp/chintai/kanto/tokyo/20_3910_room.html?JKSS=308120314,<li>都営大江戸線「光が丘」駅 徒歩2～4分</li><li>東京メトロ有楽町線「地下鉄成増」駅バス10分 徒歩5～7分</li><li>東武東上線「成増」駅バス11分 徒歩5～7分</li>
tokyo,hikarigaoka,光が丘パークタウン いちょう通り八番街,160900,,,,東武東上線「成増」駅,16.0,18.0,練馬区光が丘3-8,3-8-12号棟,鉄骨鉄筋コンクリート造,3,N,314号室,2LDK,61,14,156500,4400,2か月,"['近居割', '近居割WIDE']",随時,https://www.ur-net.go.jp/chintai/kanto/tokyo/20_3910_room.html?JKSS=308120314,<li>都営大江戸線「光が丘」駅 徒歩2～4分</li><li>東京メトロ有楽町線「地下鉄成増」駅バス10分 徒歩5～7分</li><li>東武東上線「成増」駅バス11分 徒歩5～7分</li>
tokyo,hikarigaoka,光が丘パークタウン いちょう通り八番街,160900,,,,,,,練馬区光が丘3-8,3-8-12号棟,鉄骨鉄筋コンクリート造,3,N,314号室,2LDK,61,14,156500,4400,2か月,"['近居割', '近居割WIDE']",随時,https://www.ur-net.go.jp/chintai/kanto/tokyo/20_3910_room.html?JKSS=308120314,<li>都営大江戸線「光が丘」駅 徒歩2～4分</li><li>東京メトロ有楽町線「地下鉄成増」駅バス10分 徒歩5～7分</li><li>東武東上線「成増」駅バス11分 徒歩5～7分</li>
tokyo,oji,ヴァンガードタワー,215900,JR山手線ほか｢池袋｣駅,10.0,10.0,,,,豊島区東池袋3-21-21,,鉄筋コンクリート造,11,N,1109号室,1LDK,55,38,206700,9200,2か月,['近居割'],随時,https://www.ur-net.go.jp/chintai/kanto/tokyo/20_7020_room.html?JKSS=000001109,<li>JR山手線ほか｢池袋｣駅 徒歩10分</li><li>JR山手線｢大塚｣駅 徒歩11分</li><li>東京メトロ有楽町線｢東池袋｣駅 徒歩10分</li>
tokyo,oji,ヴァンガードタワー,215900,JR山手線｢大塚｣駅,11.0,11.0,,,,豊島区東池袋3-21-21,,鉄筋コンクリート造,11,N,1109号室,1LDK,55,38,206700,9200,2か月,['近居割'],随時,https://www.ur-net.go.jp/chintai/kanto/tokyo/20_7020_room.html?JKSS=000001109,<li>JR山手線ほか｢池袋｣駅 徒歩10分</li><li>JR山手線｢大塚｣駅 徒歩11分</li><li>東京メトロ有楽町線｢東池袋｣駅 徒歩10分</li>
tokyo,oji,ヴァンガードタワー,215900,東京メトロ有楽町線｢東池袋｣駅,10.0,10.0,,,,豊島区東池袋3-21-21,,鉄筋コンクリート造,11,N,1109号室,1LDK,55,38,206700,9200,2か月,['近居割'],随時,https://www.ur-net.go.jp/chintai/kanto/tokyo/20_7020_room.html?JKSS=000001109,<li>JR山手線ほか｢池袋｣駅 徒歩10分</li><li>JR山手線｢大塚｣駅 徒歩11分</li><li>東京メトロ有楽町線｢東池袋｣駅 徒歩10分</li>
tokyo,oji,ヴァンガードタワー,215900,,,,,,,豊島区東池袋3-21-21,,鉄筋コンクリート造,11,N,1109号室,1LDK,55,38,206700,9200,2か月,['近居割'],随時,https://www.ur-net.go.jp/chintai/kanto/tokyo/20_7020_room.html?JKSS=000001109,<li>JR山手線ほか｢池袋｣駅 徒歩10分</li><li>JR山手線｢大塚｣駅 徒歩11分</li><li>東京メトロ有楽町線｢東池袋｣駅 徒歩10分</li>
tokyo,oji,豊島五丁目,90000,,,,JR京浜東北・根岸線「王子」駅,9.0,13.0,北区豊島5-4ほか,7号棟,鉄筋コンクリート造,2,N,237号室,2DK,49,14,86700,3300,2か月,['健康寿命サポート'],随時,https://www.ur-net.go.jp/chintai/kanto/tokyo/20_2320_room.html?JKSS=000070237,<li>JR京浜東北・根岸線「王子」駅バス7分 徒歩2～6分</li><li>東京メトロ南北線「王子」駅バス7分 徒歩2～6分</li>
tokyo,oji,豊島五丁目,90000,,,,東京メトロ南北線「王子」駅,9.0,13.0,北区豊島5-4ほか,7号棟,鉄筋コンクリート造,2,N,237号室,2DK,49,14,86700,3300,2か月,['健康寿命サポート'],随時,https://www.ur-net.go.jp/chintai/kanto/tokyo/20_2320_room.html?JKSS=000070237,<li>JR京浜東北・根岸線「王子」駅バス7分 徒歩2～6分</li><li>東京メトロ南北線「王子」駅バス7分 徒歩2～6分</li>
tokyo,oji,豊島五丁目,90000,,,,,,,北区豊島5-4ほか,7号棟,鉄筋コンクリート造,2,N,237号室,2DK,49,14,86700,3300,2か月,['健康寿命サポート'],随時,https://www.ur-net.go.jp/chintai/kanto/tokyo/20_2320_room.html?JKSS=000070237,<li>JR京浜東北・根岸線「王子」駅バス7分 徒歩2～6分</li><li>東京メトロ南北線「王子」駅バス7分 徒歩2～6分</li>
tokyo,oji,豊島五丁目,91000,,,,JR京浜東北・根岸線「王子」駅,9.0,13.0,北区豊島5-4ほか,11号棟,鉄筋コンクリート造,9,N,919号室,2DK,49,14,87700,3300,2か月,['健康寿命サポート'],随時,https://www.ur-net.go.jp/chintai/kanto/tokyo/20_2320_room.html?JKSS=000110919,<li>JR京浜東北・根岸線「王子」駅バス7分 徒歩2～6分</li><li>東京メトロ南北線「王子」駅バス7分 徒歩2～6分</li>
tokyo,oji,豊島五丁目,91000,,,,東京メトロ南北線「王子」駅,9.0,13.0,北区豊島5-4ほか,11号棟,鉄筋コンクリート造,9,N,919号室,2DK,49,14,87700,3300,2か月,['健康寿命サポート'],随時,https://www.ur-net.go.jp/chintai/kanto/tokyo/20_2320_room.html?JKSS=000110919,<li>JR京浜東北・根岸線「王子」駅バス7分 徒歩2～6分</li><li>東京メトロ南北線「王子」駅バス7分 徒歩2～6分</li>
tokyo,oji,豊島五丁目,91000,,,,,,,北区豊島5-4ほか,11号棟,鉄筋コンクリート造,9,N,919号室,2DK,49,14,87700,3300,2か月,['健康寿命サポート'],随時,https://www.ur-net.go.jp/chintai/kanto/tokyo/20_2320_room.html?JKSS=000110919,<li>JR京浜東北・根岸線「王子」駅バス7分 徒歩2～6分</li><li>東京メトロ南北線「王子」駅バス7分 徒歩2～6分</li>
tokyo,oji,赤羽北二丁目,121900,JR埼京線「北赤羽」駅,6.0,7.0,,,,北区赤羽北2-15,1号棟,鉄骨鉄筋コンクリート造,13,N,1333号室,1LDK,48,14,117900,4000,2か月,['近居割'],随時,https://www.ur-net.go.jp/chintai/kanto/tokyo/20_2800_room.html?JKSS=000011333,<li>JR埼京線「北赤羽」駅 徒歩6～7分</li>
tokyo,oji,赤羽北二丁目,121900,,,,,,,北区赤羽北2-15,1号棟,鉄骨鉄筋コンクリート造,13,N,1333号室,1LDK,48,14,117900,4000,2か月,['近居割'],随時,https://www.ur-net.go.jp/chintai/kanto/tokyo/20_2800_room.html?JKSS=000011333,<li>JR埼京線「北赤羽」駅 徒歩6～7分</li>
tokyo,oji,王子五丁目,122400,東京メトロ南北線「王子神谷」駅,2.0,5.0,,,,北区王子5-2,6号棟,鉄筋コンクリート造,12,N,1237号室,1LDK,48,14,118200,4200,2か月,"['近居割', '近居割WIDE']",随時,https://www.ur-net.go.jp/chintai/kanto/tokyo/20_2670_room.html?JKSS=000061237,<li>東京メトロ南北線「王子神谷」駅 徒歩2～5分</li><li>JR京浜東北・根岸線「東十条」駅 徒歩10～15分</li>
tokyo,oji,王子五丁目,122400,JR京浜東北・根岸線「東十条」駅,10.0,15.0,,,,北区王子5-2,6号棟,鉄筋コンクリート造,12,N,1237号室,1LDK,48,14,118200,4200,2か月,"['近居割', '近居割WIDE']",随時,https://www.ur-net.go.jp/chintai/kanto/tokyo/20_2670_room.html?JKSS=000061237,<li>東京メトロ南北線「王子神谷」駅 徒歩2～5分</li><li>JR京浜東北・根岸線「東十条」駅 徒歩10～15分</li>
tokyo,oji,王子五丁目,122400,,,,,,,北区王子5-2,6号棟,鉄筋コンクリート造,12,N,1237号室,1LDK,48,14,118200,4200,2か月,"['近居割', '近居割WIDE']",随時,https://www.ur-net.go.jp/chintai/kanto/tokyo/20_2670_room.html?JKSS=000061237,<li>東京メトロ南北線「王子神谷」駅 徒歩2～5分</li><li>JR京浜東北・根岸線「東十条」駅 徒歩10～15分</li>
tokyo,oji,赤羽南一丁目,142500,JR埼京線「赤羽」駅,6.0,7.0,,,,北区赤羽南1-16,2号棟,鉄筋コンクリート造,6,N,620号室,1LDK,54,8,139700,2800,2か月,['近居割'],随時,https://www.ur-net.go.jp/chintai/kanto/tokyo/20_3080_room.html?JKSS=000020620,<li>JR埼京線「赤羽」駅 徒歩6～7分</li><li>東京メトロ南北線「志茂」駅 徒歩9～10分</li>
tokyo,oji,赤羽南一丁目,142500,東京メトロ南北線「志茂」駅,9.0,10.0,,,,北区赤羽南1-16,2号棟,鉄筋コンクリート造,6,N,620号室,1LDK,54,8,139700,2800,2か月,['近居割'],随時,https://www.ur-net.go.jp/chintai/kanto/tokyo/20_3080_room.html?JKSS=000020620,<li>JR埼京線「赤羽」駅 徒歩6～7分</li><li>東京メトロ南北線「志茂」駅 徒歩9～10分</li>
tokyo,oji,赤羽南一丁目,142500,,,,,,,北区赤羽南1-16,2号棟,鉄筋コンクリート造,6,N,620号室,1LDK,54,8,139700,2800,2か月,['近居割'],随時,https://www.ur-net.go.jp/chintai/kanto/tokyo/20_3080_room.html?JKSS=000020620,<li>JR埼京線「赤羽」駅 徒歩6～7分</li><li>東京メトロ南北線「志茂」駅 徒歩9～10分</li>
tokyo,hachioji,館ヶ丘,51700,,,,JR中央線「高尾」駅,8.0,18.0,八王子市館町1097,1-12号棟,鉄筋コンクリート造,5,N,513号室,2DK,42,5,47200,4500,2か月,"['近居割', '近居割WIDE']",随時,https://www.ur-net.go.jp/chintai/kanto/tokyo/20_2600_room.html?JKSS=001120513,<li>JR中央線「高尾」駅バス7分 徒歩1～11分</li><li>京王高尾線「高尾」駅バス7分 徒歩1～11分</li><li>JR中央本線「高尾」駅 徒歩29～38分</li>
tokyo,hachioji,館ヶ丘,51700,,,,京王高尾線「高尾」駅,8.0,18.0,八王子市館町1097,1-12号棟,鉄筋コンクリート造,5,N,513号室,2DK,42,5,47200,4500,2か月,"['近居割', '近居割WIDE']",随時,https://www.ur-net.go.jp/chintai/kanto/tokyo/20_2600_room.html?JKSS=001120513,<li>JR中央線「高尾」駅バス7分 徒歩1～11分</li><li>京王高尾線「高尾」駅バス7分 徒歩1～11分</li><li>JR中央本線「高尾」駅 徒歩29～38分</li>
tokyo,hachioji,館ヶ丘,51700,JR中央本線「高尾」駅,29.0,38.0,,,,八王子市館町1097,1-12号棟,鉄筋コンクリート造,5,N,513号室,2DK,42,5,47200,4500,2か月,"['近居割', '近居割WIDE']",随時,https://www.ur-net.go.jp/chintai/kanto/tokyo/20_2600_room.html?JKSS=001120513,<li>JR中央線「高尾」駅バス7分 徒歩1～11分</li><li>京王高尾線「高尾」駅バス7分 徒歩1～11分</li><li>JR中央本線「高尾」駅 徒歩29～38分</li>
tokyo,hachioji,館ヶ丘,51700,,,,,,,八王子市館町1097,1-12号棟,鉄筋コンクリート造,5,N,513号室,2DK,42,5,47200,4500,2か月,"['近居割', '近居割WIDE']",随時,https://www.ur-net.go.jp/chintai/kanto/tokyo/20_2600_room.html?JKSS=001120513,<li>JR中央線「高尾」駅バス7分 徒歩1～11分</li><li>京王高尾線「高尾」駅バス7分 徒歩1～11分</li><li>JR中央本線「高尾」駅 徒歩29～38分</li>
tokyo,hachioji,館ヶ丘,51700,,,,JR中央線「高尾」駅,8.0,18.0,八王子市館町1097,1-14号棟,鉄筋コンクリート造,5,N,504号室,2DK,42,5,47200,4500,2か月,"['近居割', '近居割WIDE']",随時,https://www.ur-net.go.jp/chintai/kanto/tokyo/20_2600_room.html?JKSS=001140504,<li>JR中央線「高尾」駅バス7分 徒歩1～11分</li><li>京王高尾線「高尾」駅バス7分 徒歩1～11分</li><li>JR中央本線「高尾」駅 徒歩29～38分</li>
tokyo,hachioji,館ヶ丘,51700,,,,京王高尾線「高尾」駅,8.0,18.0,八王子市館町1097,1-14号棟,鉄筋コンクリート造,5,N,504号室,2DK,42,5,47200,4500,2か月,"['近居割', '近居割WIDE']",随時,https://www.ur-net.go.jp/chintai/kanto/tokyo/20_2600_room.html?JKSS=001140504,<li>JR中央線「高尾」駅バス7分 徒歩1～11分</li><li>京王高尾線「高尾」駅バス7分 徒歩1～11分</li><li>JR中央本線「高尾」駅 徒歩29～38分</li>
tokyo,hachioji,館ヶ丘,51700,JR中央本線「高尾」駅,29.0,38.0,,,,八王子市館町1097,1-14号棟,鉄筋コンクリート造,5,N,504号室,2DK,42,5,47200,4500,2か月,"['近居割', '近居割WIDE']",随時,https://www.ur-net.go.jp/chintai/kanto/tokyo/20_2600_room.html?JKSS=001140504,<li>JR中央線「高尾」駅バス7分 徒歩1～11分</li><li>京王高尾線「高尾」駅バス7分 徒歩1～11分</li><li>JR中央本線「高尾」駅 徒歩29～38分</li>
tokyo,hachioji,館ヶ丘,51700,,,,,,,八王子市館町1097,1-14号棟,鉄筋コンクリート造,5,N,504号室,2DK,42,5,47200,4500,2か月,"['近居割', '近居割WIDE']",随時,https://www.ur-net.go.jp/chintai/kanto/tokyo/20_2600_room.html?JKSS=001140504,<li>JR中央線「高尾」駅バス7分 徒歩1～11分</li><li>京王高尾線「高尾」駅バス7分 徒歩1～11分</li><li>JR中央本線「高尾」駅 徒歩29～38分</li>
tokyo,hachioji,館ヶ丘,55100,,,,JR中央線「高尾」駅,8.0,18.0,八王子市館町1097,1-15号棟,鉄筋コンクリート造,4,N,407号室,2DK,42,5,50600,4500,2か月,"['近居割', '近居割WIDE']",随時,https://www.ur-net.go.jp/chintai/kanto/tokyo/20_2600_room.html?JKSS=001150407,<li>JR中央線「高尾」駅バス7分 徒歩1～11分</li><li>京王高尾線「高尾」駅バス7分 徒歩1～11分</li><li>JR中央本線「高尾」駅 徒歩29～38分</li>
tokyo,hachioji,館ヶ丘,55100,,,,京王高尾線「高尾」駅,8.0,18.0,八王子市館町1097,1-15号棟,鉄筋コンクリート造,4,N,407号室,2DK,42,5,50600,4500,2か月,"['近居割', '近居割WIDE']",随時,https://www.ur-net.go.jp/chintai/kanto/tokyo/20_2600_room.html?JKSS=001150407,<li>JR中央線「高尾」駅バス7分 徒歩1～11分</li><li>京王高尾線「高尾」駅バス7分 徒歩1～11分</li><li>JR中央本線「高尾」駅 徒歩29～38分</li>
tokyo,hachioji,館ヶ丘,55100,JR中央本線「高尾」駅,29.0,38.0,,,,八王子市館町1097,1-15号棟,鉄筋コンクリート造,4,N,407号室,2DK,42,5,50600,4500,2か月,"['近居割', '近居割WIDE']",随時,https://www.ur-net.go.jp/chintai/kanto/tokyo/20_2600_room.html?JKSS=001150407,<li>JR中央線「高尾」駅バス7分 徒歩1～11分</li><li>京王高尾線「高尾」駅バス7分 徒歩1～11分</li><li>JR中央本線「高尾」駅 徒歩29～38分</li>
tokyo,hachioji,館ヶ丘,55100,,,,,,,八王子市館町1097,1-15号棟,鉄筋コンクリート造,4,N,407号室,2DK,42,5,50600,4500,2か月,"['近居割', '近居割WIDE']",随時,https://www.ur-net.go.jp/chintai/kanto/tokyo/20_2600_room.html?JKSS=001150407,<li>JR中央線「高尾」駅バス7分 徒歩1～11分</li><li>京王高尾線「高尾」駅バス7分 徒歩1～11分</li><li>JR中央本線「高尾」駅 徒歩29～38分</li>
tokyo,hachioji,館ヶ丘,60700,,,,JR中央線「高尾」駅,8.0,18.0,八王子市館町1097,3-2号棟,鉄筋コンクリート造,4,N,403号室,3K,48,5,56200,4500,2か月,"['近居割', '近居割WIDE']",随時,https://www.ur-net.go.jp/chintai/kanto/tokyo/20_2600_room.html?JKSS=003020403,<li>JR中央線「高尾」駅バス7分 徒歩1～11分</li><li>京王高尾線「高尾」駅バス7分 徒歩1～11分</li><li>JR中央本線「高尾」駅 徒歩29～38分</li>
tokyo,hachioji,館ヶ丘,60700,,,,京王高尾線「高尾」駅,8.0,18.0,八王子市館町1097,3-2号棟,鉄筋コンクリート造,4,N,403号室,3K,48,5,56200,4500,2か月,"['近居割', '近居割WIDE']",随時,https://www.ur-net.go.jp/chintai/kanto/tokyo/20_2600_room.html?JKSS=003020403,<li>JR中央線「高尾」駅バス7分 徒歩1～11分</li><li>京王高尾線「高尾」駅バス7分 徒歩1～11分</li><li>JR中央本線「高尾」駅 徒歩29～38分</li>
tokyo,hachioji,館ヶ丘,60700,JR中央本線「高尾」駅,29.0,38.0,,,,八王子市館町1097,3-2号棟,鉄筋コンクリート造,4,N,403号室,3K,48,5,56200,4500,2か月,"['近居割', '近居割WIDE']",随時,https://www.ur-net.go.jp/chintai/kanto/tokyo/20_2600_room.html?JKSS=003020403,<li>JR中央線「高尾」駅バス7分 徒歩1～11分</li><li>京王高尾線「高尾」駅バス7分 徒歩1～11分</li><li>JR中央本線「高尾」駅 徒歩29～38分</li>
tokyo,hachioji,館ヶ丘,60700,,,,,,,八王子市館町1097,3-2号棟,鉄筋コンクリート造,4,N,403号室,3K,48,5,56200,4500,2か月,"['近居割', '近居割WIDE']",随時,https://www.ur-net.go.jp/chintai/kanto/tokyo/20_2600_room.html?JKSS=003020403,<li>JR中央線「高尾」駅バス7分 徒歩1～11分</li><li>京王高尾線「高尾」駅バス7分 徒歩1～11分</li><li>JR中央本線「高尾」駅 徒歩29～38分</li>
tokyo,hachioji,館ヶ丘,60700,,,,JR中央線「高尾」駅,8.0,18.0,八王子市館町1097,3-3号棟,鉄筋コンクリート造,4,N,407号室,3K,48,5,56200,4500,2か月,"['近居割', '近居割WIDE']",随時,https://www.ur-net.go.jp/chintai/kanto/tokyo/20_2600_room.html?JKSS=003030407,<li>JR中央線「高尾」駅バス7分 徒歩1～11分</li><li>京王高尾線「高尾」駅バス7分 徒歩1～11分</li><li>JR中央本線「高尾」駅 徒歩29～38分</li>
tokyo,hachioji,館ヶ丘,60700,,,,京王高尾線「高尾」駅,8.0,18.0,八王子市館町1097,3-3号棟,鉄筋コンクリート造,4,N,407号室,3K,48,5,56200,4500,2か月,"['近居割', '近居割WIDE']",随時,https://www.ur-net.go.jp/chintai/kanto/tokyo/20_2600_room.html?JKSS=003030407,<li>JR中央線「高尾」駅バス7分 徒歩1～11分</li><li>京王高尾線「高尾」駅バス7分 徒歩1～11分</li><li>JR中央本線「高尾」駅 徒歩29～38分</li>
tokyo,hachioji,館ヶ丘,60700,JR中央本線「高尾」駅,29.0,38.0,,,,八王子市館町1097,3-3号棟,鉄筋コンクリート造,4,N,407号室,3K,48,5,56200,4500,2か月,"['近居割', '近居割WIDE']",随時,https://www.ur-net.go.jp/chintai/kanto/tokyo/20_2600_room.html?JKSS=003030407,<li>JR中央線「高尾」駅バス7分 徒歩1～11分</li><li>京王高尾線「高尾」駅バス7分 徒歩1～11分</li><li>JR中央本線「高尾」駅 徒歩29～38分</li>
tokyo,hachioji,館ヶ丘,60700,,,,,,,八王子市館町1097,3-3号棟,鉄筋コンクリート造,4,N,407号室,3K,48,5,56200,4500,2か月,"['近居割', '近居割WIDE']",随時,https://www.ur-net.go.jp/chintai/kanto/tokyo/20_2600_room.html?JKSS=003030407,<li>JR中央線「高尾」駅バス7分 徒歩1～11分</li><li>京王高尾線「高尾」駅バス7分 徒歩1～11分</li><li>JR中央本線「高尾」駅 徒歩29～38分</li>
tokyo,hachioji,八王子パークヒル 宇津木台,93300,JR八高線「小宮」駅,11.0,16.0,,,,八王子市久保山町2ほか,3号棟,鉄筋コンクリート造,5,N,506号室,3LDK,75,5,89600,3700,2か月,['近居割'],随時,https://www.ur-net.go.jp/chintai/kanto/tokyo/20_4080_room.html?JKSS=002030506,<li>JR八高線「小宮」駅 徒歩11～16分</li><li>JR中央線「日野」駅バス13分 徒歩3～5分</li><li>JR中央線「八王子」・京王線「京王八王子」駅バス22～24分 徒歩3～5分</li>
tokyo,hachioji,八王子パークヒル 宇津木台,93300,,,,JR中央線「日野」駅,16.0,18.0,八王子市久保山町2ほか,3号棟,鉄筋コンクリート造,5,N,506号室,3LDK,75,5,89600,3700,2か月,['近居割'],随時,https://www.ur-net.go.jp/chintai/kanto/tokyo/20_4080_room.html?JKSS=002030506,<li>JR八高線「小宮」駅 徒歩11～16分</li><li>JR中央線「日野」駅バス13分 徒歩3～5分</li><li>JR中央線「八王子」・京王線「京王八王子」駅バス22～24分 徒歩3～5分</li>
tokyo,hachioji,八王子パークヒル 宇津木台,93300,,,,JR中央線「八王子」・京王線「京王八王子」駅,25.0,29.0,八王子市久保山町2ほか,3号棟,鉄筋コンクリート造,5,N,506号室,3LDK,75,5,89600,3700,2か月,['近居割'],随時,https://www.ur-net.go.jp/chintai/kanto/tokyo/20_4080_room.html?JKSS=002030506,<li>JR八高線「小宮」駅 徒歩11～16分</li><li>JR中央線「日野」駅バス13分 徒歩3～5分</li><li>JR中央線「八王子」・京王線「京王八王子」駅バス22～24分 徒歩3～5分</li>
tokyo,hachioji,八王子パークヒル 宇津木台,93300,,,,,,,八王子市久保山町2ほか,3号棟,鉄筋コンクリート造,5,N,506号室,3LDK,75,5,89600,3700,2か月,['近居割'],随時,https://www.ur-net.go.jp/chintai/kanto/tokyo/20_4080_room.html?JKSS=002030506,<li>JR八高線「小宮」駅 徒歩11～16分</li><li>JR中央線「日野」駅バス13分 徒歩3～5分</li><li>JR中央線「八王子」・京王線「京王八王子」駅バス22～24分 徒歩3～5分</li>
tokyo,minamiosawa,多摩ニュータウン ライブ長池 蓮生寺公園通り二番街,102600,京王相模原線「京王堀之内」駅,10.0,12.0,,,,八王子市別所1-31,1号棟,鉄筋コンクリート造,5,N,502号室,1LDK,51,5,97300,5300,2か月,"['近居割', '近居割WIDE']",随時,https://www.ur-net.go.jp/chintai/kanto/tokyo/20_5080_room.html?JKSS=000010502,<li>京王相模原線「京王堀之内」駅 徒歩10～12分</li><li>小田急多摩線「唐木田」駅バス4分 徒歩18～19分</li><li>京王相模原線「南大沢」駅バス11分 徒歩2～3分</li>
tokyo,minamiosawa,多摩ニュータウン ライブ長池 蓮生寺公園通り二番街,102600,,,,小田急多摩線「唐木田」駅,22.0,23.0,八王子市別所1-31,1号棟,鉄筋コンクリート造,5,N,502号室,1LDK,51,5,97300,5300,2か月,"['近居割', '近居割WIDE']",随時,https://www.ur-net.go.jp/chintai/kanto/tokyo/20_5080_room.html?JKSS=000010502,<li>京王相模原線「京王堀之内」駅 徒歩10～12分</li><li>小田急多摩線「唐木田」駅バス4分 徒歩18～19分</li><li>京王相模原線「南大沢」駅バス11分 徒歩2～3分</li>
tokyo,minamiosawa,多摩ニュータウン ライブ長池 蓮生寺公園通り二番街,102600,,,,京王相模原線「南大沢」駅,13.0,14.0,八王子市別所1-31,1号棟,鉄筋コンクリート造,5,N,502号室,1LDK,51,5,97300,5300,2か月,"['近居割', '近居割WIDE']",随時,https://www.ur-net.go.jp/chintai/kanto/tokyo/20_5080_room.html?JKSS=000010502,<li>京王相模原線「京王堀之内」駅 徒歩10～12分</li><li>小田急多摩線「唐木田」駅バス4分 徒歩18～19分</li><li>京王相模原線「南大沢」駅バス11分 徒歩2～3分</li>
tokyo,minamiosawa,多摩ニュータウン ライブ長池 蓮生寺公園通り二番街,102600,,,,,,,八王子市別所1-31,1号棟,鉄筋コンクリート造,5,N,502号室,1LDK,51,5,97300,5300,2か月,"['近居割', '近居割WIDE']",随時,https://www.ur-net.go.jp/chintai/kanto/tokyo/20_5080_room.html?JKSS=000010502,<li>京王相模原線「京王堀之内」駅 徒歩10～12分</li><li>小田急多摩線「唐木田」駅バス4分 徒歩18～19分</li><li>京王相模原線「南大沢」駅バス11分 徒歩2～3分</li>
tokyo,minamiosawa,多摩ニュータウン ライブ長池 蓮生寺公園通り二番街,120500,京王相模原線「京王堀之内」駅,10.0,12.0,,,,八王子市別所1-31,3号棟,鉄筋コンクリート造,4,N,401号室,3LDK,75,5,115200,5300,2か月,"['近居割', '近居割WIDE']",随時,https://www.ur-net.go.jp/chintai/kanto/tokyo/20_5080_room.html?JKSS=000030401,<li>京王相模原線「京王堀之内」駅 徒歩10～12分</li><li>小田急多摩線「唐木田」駅バス4分 徒歩18～19分</li><li>京王相模原線「南大沢」駅バス11分 徒歩2～3分</li>
tokyo,minamiosawa,多摩ニュータウン ライブ長池 蓮生寺公園通り二番街,120500,,,,小田急多摩線「唐木田」駅,22.0,23.0,八王子市別所1-31,3号棟,鉄筋コンクリート造,4,N,401号室,3LDK,75,5,115200,5300,2か月,"['近居割', '近居割WIDE']",随時,https://www.ur-net.go.jp/chintai/kanto/tokyo/20_5080_room.html?JKSS=000030401,<li>京王相模原線「京王堀之内」駅 徒歩10～12分</li><li>小田急多摩線「唐木田」駅バス4分 徒歩18～19分</li><li>京王相模原線「南大沢」駅バス11分 徒歩2～3分</li>
tokyo,minamiosawa,多摩ニュータウン ライブ長池 蓮生寺公園通り二番街,120500,,,,京王相模原線「南大沢」駅,13.0,14.0,八王子市別所1-31,3号棟,鉄筋コンクリート造,4,N,401号室,3LDK,75,5,115200,5300,2か月,"['近居割', '近居割WIDE']",随時,https://www.ur-net.go.jp/chintai/kanto/tokyo/20_5080_room.html?JKSS=000030401,<li>京王相模原線「京王堀之内」駅 徒歩10～12分</li><li>小田急多摩線「唐木田」駅バス4分 徒歩18～19分</li><li>京王相模原線「南大沢」駅バス11分 徒歩2～3分</li>
tokyo,minamiosawa,多摩ニュータウン ライブ長池 蓮生寺公園通り二番街,120500,,,,,,,八王子市別所1-31,3号棟,鉄筋コンクリート造,4,N,401号室,3LDK,75,5,115200,5300,2か月,"['近居割', '近居割WIDE']",随時,https://www.ur-net.go.jp/chintai/kanto/tokyo/20_5080_room.html?JKSS=000030401,<li>京王相模原線「京王堀之内」駅 徒歩10～12分</li><li>小田急多摩線「唐木田」駅バス4分 徒歩18～19分</li><li>京王相模原線「南大沢」駅バス11分 徒歩2～3分</li>
tokyo,minamiosawa,多摩ニュータウン ライブ長池 長池公園せせらぎ通り北,114600,京王相模原線「京王堀之内」駅,15.0,18.0,京王相模原線「京王堀之内」駅,12.0,13.0,八王子市別所2-42,3号棟,鉄筋コンクリート造,2,N,204号室,3LDK,79,5,110400,4200,2か月,"['近居割', '近居割WIDE']",随時,https://www.ur-net.go.jp/chintai/kanto/tokyo/20_5060_room.html?JKSS=000030204,<li>京王相模原線「京王堀之内」駅 徒歩15～18分</li><li>京王相模原線「京王堀之内」駅バス8分 徒歩4～5分</li><li>小田急多摩線「唐木田」駅 徒歩22～23分</li>
tokyo,minamiosawa,多摩ニュータウン ライブ長池 長池公園せせらぎ通り北,114600,小田急多摩線「唐木田」駅,22.0,23.0,,,,八王子市別所2-42,3号棟,鉄筋コンクリート造,2,N,204号室,3LDK,79,5,110400,4200,2か月,"['近居割', '近居割WIDE']",随時,https://www.ur-net.go.jp/chintai/kanto/tokyo/20_5060_room.html?JKSS=000030204,<li>京王相模原線「京王堀之内」駅 徒歩15～18分</li><li>京王相模原線「京王堀之内」駅バス8分 徒歩4～5分</li><li>小田急多摩線「唐木田」駅 徒歩22～23分</li>
tokyo,minamiosawa,多摩ニュータウン ライブ長池 長池公園せせらぎ通り北,114600,,,,,,,八王子市別所2-42,3号棟,鉄筋コンクリート造,2,N,204号室,3LDK,79,5,110400,4200,2か月,"['近居割', '近居割WIDE']",随時,https://www.ur-net.go.jp/chintai/kanto/tokyo/20_5060_room.html?JKSS=000030204,<li>京王相模原線「京王堀之内」駅 徒歩15～18分</li><li>京王相模原線「京王堀之内」駅バス8分 徒歩4～5分</li><li>小田急多摩線「唐木田」駅 徒歩22～23分</li>
tokyo,minamiosawa,多摩ニュータウン ライブ長池 長池公園せせらぎ通り北,123300,京王相模原線「京王堀之内」駅,15.0,18.0,京王相模原線「京王堀之内」駅,12.0,13.0,八王子市別所2-42,5号棟,鉄筋コンクリート造,5,N,501号室,3LDK,88,9,118000,5300,2か月,"['近居割', '近居割WIDE']",随時,https://www.ur-net.go.jp/chintai/kanto/tokyo/20_5060_room.html?JKSS=000050501,<li>京王相模原線「京王堀之内」駅 徒歩15～18分</li><li>京王相模原線「京王堀之内」駅バス8分 徒歩4～5分</li><li>小田急多摩線「唐木田」駅 徒歩22～23分</li>
tokyo,minamiosawa,多摩ニュータウン ライブ長池 長池公園せせらぎ通り北,123300,小田急多摩線「唐木田」駅,22.0,23.0,,,,八王子市別所2-42,5号棟,鉄筋コンクリート造,5,N,501号室,3LDK,88,9,118000,5300,2か月,"['近居割', '近居割WIDE']",随時,https://www.ur-net.go.jp/chintai/kanto/tokyo/20_5060_room.html?JKSS=000050501,<li>京王相模原線「京王堀之内」駅 徒歩15～18分</li><li>京王相模原線「京王堀之内」駅バス8分 徒歩4～5分</li><li>小田急多摩線「唐木田」駅 徒歩22～23分</li>
tokyo,minamiosawa,多摩ニュータウン ライブ長池 長池公園せせらぎ通り北,123300,,,,,,,八王子市別所2-42,5号棟,鉄筋コンクリート造,5,N,501号室,3LDK,88,9,118000,5300,2か月,"['近居割', '近居割WIDE']",随時,https://www.ur-net.go.jp/chintai/kanto/tokyo/20_5060_room.html?JKSS=000050501,<li>京王相模原線「京王堀之内」駅 徒歩15～18分</li><li>京王相模原線「京王堀之内」駅バス8分 徒歩4～5分</li><li>小田急多摩線「唐木田」駅 徒歩22～23分</li>
tokyo,minamiosawa,多摩ニュータウン シティハイツ南大沢,161500,京王相模原線「南大沢」駅,7.0,9.0,,,,八王子市南大沢4-10,10号棟,鉄筋コンクリート造,6,N,608号室,3LDK,97,10,156600,4900,2か月,"['近居割', '近居割WIDE']",随時,https://www.ur-net.go.jp/chintai/kanto/tokyo/20_3770_room.html?JKSS=000100608,<li>京王相模原線「南大沢」駅 徒歩7～9分</li><li>京王相模原線「多摩境」駅 徒歩24～26分</li><li>京王相模原線「京王堀之内」駅 徒歩40～42分</li>
tokyo,minamiosawa,多摩ニュータウン シティハイツ南大沢,161500,京王相模原線「多摩境」駅,24.0,26.0,,,,八王子市南大沢4-10,10号棟,鉄筋コンクリート造,6,N,608号室,3LDK,97,10,156600,4900,2か月,"['近居割', '近居割WIDE']",随時,https://www.ur-net.go.jp/chintai/kanto/tokyo/20_3770_room.html?JKSS=000100608,<li>京王相模原線「南大沢」駅 徒歩7～9分</li><li>京王相模原線「多摩境」駅 徒歩24～26分</li><li>京王相模原線「京王堀之内」駅 徒歩40～42分</li>
tokyo,minamiosawa,多摩ニュータウン シティハイツ南大沢,161500,京王相模原線「京王堀之内」駅,40.0,42.0,,,,八王子市南大沢4-10,10号棟,鉄筋コンクリート造,6,N,608号室,3LDK,97,10,156600,4900,2か月,"['近居割', '近居割WIDE']",随時,https://www.ur-net.go.jp/chintai/kanto/tokyo/20_3770_room.html?JKSS=000100608,<li>京王相模原線「南大沢」駅 徒歩7～9分</li><li>京王相模原線「多摩境」駅 徒歩24～26分</li><li>京王相模原線「京王堀之内」駅 徒歩40～42分</li>
tokyo,minamiosawa,多摩ニュータウン シティハイツ南大沢,161500,,,,,,,八王子市南大沢4-10,10号棟,鉄筋コンクリート造,6,N,608号室,3LDK,97,10,156600,4900,2か月,"['近居割', '近居割WIDE']",随時,https://www.ur-net.go.jp/chintai/kanto/tokyo/20_3770_room.html?JKSS=000100608,<li>京王相模原線「南大沢」駅 徒歩7～9分</li><li>京王相模原線「多摩境」駅 徒歩24～26分</li><li>京王相模原線「京王堀之内」駅 徒歩40～42分</li>
tokyo,minamiosawa,多摩ニュータウン シティハイツ南大沢,179200,京王相模原線「南大沢」駅,7.0,9.0,,,,八王子市南大沢4-10,10号棟,鉄筋コンクリート造,9,N,902号室,3LDK,99,10,174300,4900,2か月,"['近居割', '近居割WIDE']",随時,https://www.ur-net.go.jp/chintai/kanto/tokyo/20_3770_room.html?JKSS=000100902,<li>京王相模原線「南大沢」駅 徒歩7～9分</li><li>京王相模原線「多摩境」駅 徒歩24～26分</li><li>京王相模原線「京王堀之内」駅 徒歩40～42分</li>
tokyo,minamiosawa,多摩ニュータウン シティハイツ南大沢,179200,京王相模原線「多摩境」駅,24.0,26.0,,,,八王子市南大沢4-10,10号棟,鉄筋コンクリート造,9,N,902号室,3LDK,99,10,174300,4900,2か月,"['近居割', '近居割WIDE']",随時,https://www.ur-net.go.jp/chintai/kanto/tokyo/20_3770_room.html?JKSS=000100902,<li>京王相模原線「南大沢」駅 徒歩7～9分</li><li>京王相模原線「多摩境」駅 徒歩24～26分</li><li>京王相模原線「京王堀之内」駅 徒歩40～42分</li>
tokyo,minamiosawa,多摩ニュータウン シティハイツ南大沢,179200,京王相模原線「京王堀之内」駅,40.0,42.0,,,,八王子市南大沢4-10,10号棟,鉄筋コンクリート造,9,N,902号室,3LDK,99,10,174300,4900,2か月,"['近居割', '近居割WIDE']",随時,https://www.ur-net.go.jp/chintai/kanto/tokyo/20_3770_room.html?JKSS=000100902,<li>京王相模原線「南大沢」駅 徒歩7～9分</li><li>京王相模原線「多摩境」駅 徒歩24～26分</li><li>京王相模原線「京王堀之内」駅 徒歩40～42分</li>
tokyo,minamiosawa,多摩ニュータウン シティハイツ南大沢,179200,,,,,,,八王子市南大沢4-10,10号棟,鉄筋コンクリート造,9,N,902号室,3LDK,99,10,174300,4900,2か月,"['近居割', '近居割WIDE']",随時,https://www.ur-net.go.jp/chintai/kanto/tokyo/20_3770_room.html?JKSS=000100902,<li>京王相模原線「南大沢」駅 徒歩7～9分</li><li>京王相模原線「多摩境」駅 徒歩24～26分</li><li>京王相模原線「京王堀之内」駅 徒歩40～42分</li>
tokyo,machidayamasaki,藤の台,61000,,,,JR横浜線「町田」駅,20.0,27.0,町田市藤の台1-1ほか,3-11号棟,鉄筋コンクリート造,3,N,301号室,3K,45,5,58000,3000,2か月,"['近居割', '近居割WIDE']",随時,https://www.ur-net.go.jp/chintai/kanto/tokyo/20_1930_room.html?JKSS=003011301,<li>JR横浜線「町田」駅バス18分 徒歩2～9分</li><li>JR横浜線「古淵」駅バス16分 徒歩2～9分</li><li>小田急小田原線「鶴川」駅バス18分 徒歩2～9分</li>
tokyo,machidayamasaki,藤の台,61000,,,,JR横浜線「古淵」駅,18.0,25.0,町田市藤の台1-1ほか,3-11号棟,鉄筋コンクリート造,3,N,301号室,3K,45,5,58000,3000,2か月,"['近居割', '近居割WIDE']",随時,https://www.ur-net.go.jp/chintai/kanto/tokyo/20_1930_room.html?JKSS=003011301,<li>JR横浜線「町田」駅バス18分 徒歩2～9分</li><li>JR横浜線「古淵」駅バス16分 徒歩2～9分</li><li>小田急小田原線「鶴川」駅バス18分 徒歩2～9分</li>
tokyo,machidayamasaki,藤の台,61000,,,,小田急小田原線「鶴川」駅,20.0,27.0,町田市藤の台1-1ほか,3-11号棟,鉄筋コンクリート造,3,N,301号室,3K,45,5,58000,3000,2か月,"['近居割', '近居割WIDE']",随時,https://www.ur-net.go.jp/chintai/kanto/tokyo/20_1930_room.html?JKSS=003011301,<li>JR横浜線「町田」駅バス18分 徒歩2～9分</li><li>JR横浜線「古淵」駅バス16分 徒歩2～9分</li><li>小田急小田原線「鶴川」駅バス18分 徒歩2～9分</li>
tokyo,machidayamasaki,藤の台,61000,,,,,,,町田市藤の台1-1ほか,3-11号棟,鉄筋コンクリート造,3,N,301号室,3K,45,5,58000,3000,2か月,"['近居割', '近居割WIDE']",随時,https://www.ur-net.go.jp/chintai/kanto/tokyo/20_1930_room.html?JKSS=003011301,<li>JR横浜線「町田」駅バス18分 徒歩2～9分</li><li>JR横浜線「古淵」駅バス16分 徒歩2～9分</li><li>小田急小田原線「鶴川」駅バス18分 徒歩2～9分</li>
tokyo,machidayamasaki,藤の台,62600,,,,JR横浜線「町田」駅,20.0,27.0,町田市藤の台1-1ほか,3-13号棟,鉄筋コンクリート造,5,N,507号室,3DK,56,5,59600,3000,2か月,"['近居割', '近居割WIDE']",随時,https://www.ur-net.go.jp/chintai/kanto/tokyo/20_1930_room.html?JKSS=003013507,<li>JR横浜線「町田」駅バス18分 徒歩2～9分</li><li>JR横浜線「古淵」駅バス16分 徒歩2～9分</li><li>小田急小田原線「鶴川」駅バス18分 徒歩2～9分</li>
tokyo,machidayamasaki,藤の台,62600,,,,JR横浜線「古淵」駅,18.0,25.0,町田市藤の台1-1ほか,3-13号棟,鉄筋コンクリート造,5,N,507号室,3DK,56,5,59600,3000,2か月,"['近居割', '近居割WIDE']",随時,https://www.ur-net.go.jp/chintai/kanto/tokyo/20_1930_room.html?JKSS=003013507,<li>JR横浜線「町田」駅バス18分 徒歩2～9分</li><li>JR横浜線「古淵」駅バス16分 徒歩2～9分</li><li>小田急小田原線「鶴川」駅バス18分 徒歩2～9分</li>
tokyo,machidayamasaki,藤の台,62600,,,,小田急小田原線「鶴川」駅,20.0,27.0,町田市藤の台1-1ほか,3-13号棟,鉄筋コンクリート造,5,N,507号室,3DK,56,5,59600,3000,2か月,"['近居割', '近居割WIDE']",随時,https://www.ur-net.go.jp/chintai/kanto/tokyo/20_1930_room.html?JKSS=003013507,<li>JR横浜線「町田」駅バス18分 徒歩2～9分</li><li>JR横浜線「古淵」駅バス16分 徒歩2～9分</li><li>小田急小田原線「鶴川」駅バス18分 徒歩2～9分</li>
tokyo,machidayamasaki,藤の台,62600,,,,,,,町田市藤の台1-1ほか,3-13号棟,鉄筋コンクリート造,5,N,507号室,3DK,56,5,59600,3000,2か月,"['近居割', '近居割WIDE']",随時,https://www.ur-net.go.jp/chintai/kanto/tokyo/20_1930_room.html?JKSS=003013507,<li>JR横浜線「町田」駅バス18分 徒歩2～9分</li><li>JR横浜線「古淵」駅バス16分 徒歩2～9分</li><li>小田急小田原線「鶴川」駅バス18分 徒歩2～9分</li>
tokyo,machidayamasaki,藤の台,65200,,,,JR横浜線「町田」駅,20.0,27.0,町田市藤の台1-1ほか,3-12号棟,鉄筋コンクリート造,4,N,401号室,3DK,56,5,62200,3000,2か月,"['近居割', '近居割WIDE']",随時,https://www.ur-net.go.jp/chintai/kanto/tokyo/20_1930_room.html?JKSS=003012401,<li>JR横浜線「町田」駅バス18分 徒歩2～9分</li><li>JR横浜線「古淵」駅バス16分 徒歩2～9分</li><li>小田急小田原線「鶴川」駅バス18分 徒歩2～9分</li>
tokyo,machidayamasaki,藤の台,65200,,,,JR横浜線「古淵」駅,18.0,25.0,町田市藤の台1-1ほか,3-12号棟,鉄筋コンクリート造,4,N,401号室,3DK,56,5,62200,3000,2か月,"['近居割', '近居割WIDE']",随時,https://www.ur-net.go.jp/chintai/kanto/tokyo/20_1930_room.html?JKSS=003012401,<li>JR横浜線「町田」駅バス18分 徒歩2～9分</li><li>JR横浜線「古淵」駅バス16分 徒歩2～9分</li><li>小田急小田原線「鶴川」駅バス18分 徒歩2～9分</li>
tokyo,machidayamasaki,藤の台,65200,,,,小田急小田原線「鶴川」駅,20.0,27.0,町田市藤の台1-1ほか,3-12号棟,鉄筋コンクリート造,4,N,401号室,3DK,56,5,62200,3000,2か月,"['近居割', '近居割WIDE']",随時,https://www.ur-net.go.jp/chintai/kanto/tokyo/20_1930_room.html?JKSS=003012401,<li>JR横浜線「町田」駅バス18分 徒歩2～9分</li><li>JR横浜線「古淵」駅バス16分 徒歩2～9分</li><li>小田急小田原線「鶴川」駅バス18分 徒歩2～9分</li>
tokyo,machidayamasaki,藤の台,65200,,,,,,,町田市藤の台1-1ほか,3-12号棟,鉄筋コンクリート造,4,N,401号室,3DK,56,5,62200,3000,2か月,"['近居割', '近居割WIDE']",随時,https://www.ur-net.go.jp/chintai/kanto/tokyo/20_1930_room.html?JKSS=003012401,<li>JR横浜線「町田」駅バス18分 徒歩2～9分</li><li>JR横浜線「古淵」駅バス16分 徒歩2～9分</li><li>小田急小田原線「鶴川」駅バス18分 徒歩2～9分</li>
tokyo,machidayamasaki,藤の台,69100,,,,JR横浜線「町田」駅,20.0,27.0,町田市藤の台1-1ほか,3-12号棟,鉄筋コンクリート造,3,N,301号室,3DK,56,5,66100,3000,2か月,"['近居割', '近居割WIDE']",随時,https://www.ur-net.go.jp/chintai/kanto/tokyo/20_1930_room.html?JKSS=003012301,<li>JR横浜線「町田」駅バス18分 徒歩2～9分</li><li>JR横浜線「古淵」駅バス16分 徒歩2～9分</li><li>小田急小田原線「鶴川」駅バス18分 徒歩2～9分</li>
tokyo,machidayamasaki,藤の台,69100,,,,JR横浜線「古淵」駅,18.0,25.0,町田市藤の台1-1ほか,3-12号棟,鉄筋コンクリート造,3,N,301号室,3DK,56,5,66100,3000,2か月,"['近居割', '近居割WIDE']",随時,https://www.ur-net.go.jp/chintai/kanto/tokyo/20_1930_room.html?JKSS=003012301,<li>JR横浜線「町田」駅バス18分 徒歩2～9分</li><li>JR横浜線「古淵」駅バス16分 徒歩2～9分</li><li>小田急小田原線「鶴川」駅バス18分 徒歩2～9分</li>
tokyo,machidayamasaki,藤の台,69100,,,,小田急小田原線「鶴川」駅,20.0,27.0,町田市藤の台1-1ほか,3-12号棟,鉄筋コンクリート造,3,N,301号室,3DK,56,5,66100,3000,2か月,"['近居割', '近居割WIDE']",随時,https://www.ur-net.go.jp/chintai/kanto/tokyo/20_1930_room.html?JKSS=003012301,<li>JR横浜線「町田」駅バス18分 徒歩2～9分</li><li>JR横浜線「古淵」駅バス16分 徒歩2～9分</li><li>小田急小田原線「鶴川」駅バス18分 徒歩2～9分</li>
tokyo,machidayamasaki,藤の台,69100,,,,,,,町田市藤の台1-1ほか,3-12号棟,鉄筋コンクリート造,3,N,301号室,3DK,56,5,66100,3000,2か月,"['近居割', '近居割WIDE']",随時,https://www.ur-net.go.jp/chintai/kanto/tokyo/20_1930_room.html?JKSS=003012301,<li>JR横浜線「町田」駅バス18分 徒歩2～9分</li><li>JR横浜線「古淵」駅バス16分 徒歩2～9分</li><li>小田急小田原線「鶴川」駅バス18分 徒歩2～9分</li>
tokyo,machidayamasaki,藤の台,69500,,,,JR横浜線「町田」駅,20.0,27.0,町田市藤の台1-1ほか,1-33号棟,鉄筋コンクリート造,3,N,302号室,3DK,56,5,66500,3000,2か月,"['近居割', '近居割WIDE']",随時,https://www.ur-net.go.jp/chintai/kanto/tokyo/20_1930_room.html?JKSS=001033302,<li>JR横浜線「町田」駅バス18分 徒歩2～9分</li><li>JR横浜線「古淵」駅バス16分 徒歩2～9分</li><li>小田急小田原線「鶴川」駅バス18分 徒歩2～9分</li>
tokyo,machidayamasaki,藤の台,69500,,,,JR横浜線「古淵」駅,18.0,25.0,町田市藤の台1-1ほか,1-33号棟,鉄筋コンクリート造,3,N,302号室,3DK,56,5,66500,3000,2か月,"['近居割', '近居割WIDE']",随時,https://www.ur-net.go.jp/chintai/kanto/tokyo/20_1930_room.html?JKSS=001033302,<li>JR横浜線「町田」駅バス18分 徒歩2～9分</li><li>JR横浜線「古淵」駅バス16分 徒歩2～9分</li><li>小田急小田原線「鶴川」駅バス18分 徒歩2～9分</li>
tokyo,machidayamasaki,藤の台,69500,,,,小田急小田原線「鶴川」駅,20.0,27.0,町田市藤の台1-1ほか,1-33号棟,鉄筋コンクリート造,3,N,302号室,3DK,56,5,66500,3000,2か月,"['近居割', '近居割WIDE']",随時,https://www.ur-net.go.jp/chintai/kanto/tokyo/20_1930_room.html?JKSS=001033302,<li>JR横浜線「町田」駅バス18分 徒歩2～9分</li><li>JR横浜線「古淵」駅バス16分 徒歩2～9分</li><li>小田急小田原線「鶴川」駅バス18分 徒歩2～9分</li>
tokyo,machidayamasaki,藤の台,69500,,,,,,,町田市藤の台1-1ほか,1-33号棟,鉄筋コンクリート造,3,N,302号室,3DK,56,5,66500,3000,2か月,"['近居割', '近居割WIDE']",随時,https://www.ur-net.go.jp/chintai/kanto/tokyo/20_1930_room.html?JKSS=001033302,<li>JR横浜線「町田」駅バス18分 徒歩2～9分</li><li>JR横浜線「古淵」駅バス16分 徒歩2～9分</li><li>小田急小田原線「鶴川」駅バス18分 徒歩2～9分</li>
tokyo,machidayamasaki,鶴川,61700,,,,小田急小田原線「鶴川」駅,6.0,16.0,町田市鶴川5ほか,2-5号棟,鉄筋コンクリート造,5,N,504号室,3K,45,5,58000,3700,2か月,['近居割WIDE'],随時,https://www.ur-net.go.jp/chintai/kanto/tokyo/20_1630_room.html?JKSS=000205504,<li>小田急小田原線「鶴川」駅バス5分 徒歩1～11分</li><li>小田急多摩線「黒川」駅バス13分 徒歩1～11分</li><li>京王相模原線「京王多摩センター」駅バス24分 徒歩7～14分</li>
tokyo,machidayamasaki,鶴川,61700,,,,小田急多摩線「黒川」駅,14.0,24.0,町田市鶴川5ほか,2-5号棟,鉄筋コンクリート造,5,N,504号室,3K,45,5,58000,3700,2か月,['近居割WIDE'],随時,https://www.ur-net.go.jp/chintai/kanto/tokyo/20_1630_room.html?JKSS=000205504,<li>小田急小田原線「鶴川」駅バス5分 徒歩1～11分</li><li>小田急多摩線「黒川」駅バス13分 徒歩1～11分</li><li>京王相模原線「京王多摩センター」駅バス24分 徒歩7～14分</li>
tokyo,machidayamasaki,鶴川,61700,,,,京王相模原線「京王多摩センター」駅,31.0,38.0,町田市鶴川5ほか,2-5号棟,鉄筋コンクリート造,5,N,504号室,3K,45,5,58000,3700,2か月,['近居割WIDE'],随時,https://www.ur-net.go.jp/chintai/kanto/tokyo/20_1630_room.html?JKSS=000205504,<li>小田急小田原線「鶴川」駅バス5分 徒歩1～11分</li><li>小田急多摩線「黒川」駅バス13分 徒歩1～11分</li><li>京王相模原線「京王多摩センター」駅バス24分 徒歩7～14分</li>
tokyo,machidayamasaki,鶴川,61700,,,,,,,町田市鶴川5ほか,2-5号棟,鉄筋コンクリート造,5,N,504号室,3K,45,5,58000,3700,2か月,['近居割WIDE'],随時,https://www.ur-net.go.jp/chintai/kanto/tokyo/20_1630_room.html?JKSS=000205504,<li>小田急小田原線「鶴川」駅バス5分 徒歩1～11分</li><li>小田急多摩線「黒川」駅バス13分 徒歩1～11分</li><li>京王相模原線「京王多摩センター」駅バス24分 徒歩7～14分</li>
tokyo,machidayamasaki,鶴川,61700,,,,小田急小田原線「鶴川」駅,6.0,16.0,町田市鶴川5ほか,4-6号棟,鉄筋コンクリート造,5,N,507号室,3K,45,5,58000,3700,2か月,['近居割WIDE'],随時,https://www.ur-net.go.jp/chintai/kanto/tokyo/20_1630_room.html?JKSS=000406507,<li>小田急小田原線「鶴川」駅バス5分 徒歩1～11分</li><li>小田急多摩線「黒川」駅バス13分 徒歩1～11分</li><li>京王相模原線「京王多摩センター」駅バス24分 徒歩7～14分</li>
tokyo,machidayamasaki,鶴川,61700,,,,小田急多摩線「黒川」駅,14.0,24.0,町田市鶴川5ほか,4-6号棟,鉄筋コンクリート造,5,N,507号室,3K,45,5,58000,3700,2か月,['近居割WIDE'],随時,https://www.ur-net.go.jp/chintai/kanto/tokyo/20_1630_room.html?JKSS=000406507,<li>小田急小田原線「鶴川」駅バス5分 徒歩1～11分</li><li>小田急多摩線「黒川」駅バス13分 徒歩1～11分</li><li>京王相模原線「京王多摩センター」駅バス24分 徒歩7～14分</li>
tokyo,machidayamasaki,鶴川,61700,,,,京王相模原線「京王多摩センター」駅,31.0,38.0,町田市鶴川5ほか,4-6号棟,鉄筋コンクリート造,5,N,507号室,3K,45,5,58000,3700,2か月,['近居割WIDE'],随時,https://www.ur-net.go.jp/chintai/kanto/tokyo/20_1630_room.html?JKSS=000406507,<li>小田急小田原線「鶴川」駅バス5分 徒歩1～11分</li><li>小田急多摩線「黒川」駅バス13分 徒歩1～11分</li><li>京王相模原線「京王多摩センター」駅バス24分 徒歩7～14分</li>
tokyo,machidayamasaki,鶴川,61700,,,,,,,町田市鶴川5ほか,4-6号棟,鉄筋コンクリート造,5,N,507号室,3K,45,5,58000,3700,2か月,['近居割WIDE'],随時,https://www.ur-net.go.jp/chintai/kanto/tokyo/20_1630_room.html?JKSS=000406507,<li>小田急小田原線「鶴川」駅バス5分 徒歩1～11分</li><li>小田急多摩線「黒川」駅バス13分 徒歩1～11分</li><li>京王相模原線「京王多摩センター」駅バス24分 徒歩7～14分</li>
tokyo,machidayamasaki,鶴川,61700,,,,小田急小田原線「鶴川」駅,6.0,16.0,町田市鶴川5ほか,4-6号棟,鉄筋コンクリート造,5,N,508号室,3K,45,5,58000,3700,2か月,['URライト（4年定借）'],随時,https://www.ur-net.go.jp/chintai/kanto/tokyo/20_1630_room.html?JKSS=000406508,<li>小田急小田原線「鶴川」駅バス5分 徒歩1～11分</li><li>小田急多摩線「黒川」駅バス13分 徒歩1～11分</li><li>京王相模原線「京王多摩センター」駅バス24分 徒歩7～14分</li>
tokyo,machidayamasaki,鶴川,61700,,,,小田急多摩線「黒川」駅,14.0,24.0,町田市鶴川5ほか,4-6号棟,鉄筋コンクリート造,5,N,508号室,3K,45,5,58000,3700,2か月,['URライト（4年定借）'],随時,https://www.ur-net.go.jp/chintai/kanto/tokyo/20_1630_room.html?JKSS=000406508,<li>小田急小田原線「鶴川」駅バス5分 徒歩1～11分</li><li>小田急多摩線「黒川」駅バス13分 徒歩1～11分</li><li>京王相模原線「京王多摩センター」駅バス24分 徒歩7～14分</li>
tokyo,machidayamasaki,鶴川,61700,,,,京王相模原線「京王多摩センター」駅,31.0,38.0,町田市鶴川5ほか,4-6号棟,鉄筋コンクリート造,5,N,508号室,3K,45,5,58000,3700,2か月,['URライト（4年定借）'],随時,https://www.ur-net.go.jp/chintai/kanto/tokyo/20_1630_room.html?JKSS=000406508,<li>小田急小田原線「鶴川」駅バス5分 徒歩1～11分</li><li>小田急多摩線「黒川」駅バス13分 徒歩1～11分</li><li>京王相模原線「京王多摩センター」駅バス24分 徒歩7～14分</li>
tokyo,machidayamasaki,鶴川,61700,,,,,,,町田市鶴川5ほか,4-6号棟,鉄筋コンクリート造,5,N,508号室,3K,45,5,58000,3700,2か月,['URライト（4年定借）'],随時,https://www.ur-net.go.jp/chintai/kanto/tokyo/20_1630_room.html?JKSS=000406508,<li>小田急小田原線「鶴川」駅バス5分 徒歩1～11分</li><li>小田急多摩線「黒川」駅バス13分 徒歩1～11分</li><li>京王相模原線「京王多摩センター」駅バス24分 徒歩7～14分</li>
tokyo,machidayamasaki,鶴川,64300,,,,小田急小田原線「鶴川」駅,6.0,16.0,町田市鶴川5ほか,2-3号棟,鉄筋コンクリート造,4,N,402号室,3K,45,5,60600,3700,2か月,['URライト（4年定借）'],随時,https://www.ur-net.go.jp/chintai/kanto/tokyo/20_1630_room.html?JKSS=000203402,<li>小田急小田原線「鶴川」駅バス5分 徒歩1～11分</li><li>小田急多摩線「黒川」駅バス13分 徒歩1～11分</li><li>京王相模原線「京王多摩センター」駅バス24分 徒歩7～14分</li>
tokyo,machidayamasaki,鶴川,64300,,,,小田急多摩線「黒川」駅,14.0,24.0,町田市鶴川5ほか,2-3号棟,鉄筋コンクリート造,4,N,402号室,3K,45,5,60600,3700,2か月,['URライト（4年定借）'],随時,https://www.ur-net.go.jp/chintai/kanto/tokyo/20_1630_room.html?JKSS=000203402,<li>小田急小田原線「鶴川」駅バス5分 徒歩1～11分</li><li>小田急多摩線「黒川」駅バス13分 徒歩1～11分</li><li>京王相模原線「京王多摩センター」駅バス24分 徒歩7～14分</li>
tokyo,machidayamasaki,鶴川,64300,,,,京王相模原線「京王多摩センター」駅,31.0,38.0,町田市鶴川5ほか,2-3号棟,鉄筋コンクリート造,4,N,402号室,3K,45,5,60600,3700,2か月,['URライト（4年定借）'],随時,https://www.ur-net.go.jp/chintai/kanto/tokyo/20_1630_room.html?JKSS=000203402,<li>小田急小田原線「鶴川」駅バス5分 徒歩1～11分</li><li>小田急多摩線「黒川」駅バス13分 徒歩1～11分</li><li>京王相模原線「京王多摩センター」駅バス24分 徒歩7～14分</li>
tokyo,machidayamasaki,鶴川,64300,,,,,,,町田市鶴川5ほか,2-3号棟,鉄筋コンクリート造,4,N,402号室,3K,45,5,60600,3700,2か月,['URライト（4年定借）'],随時,https://www.ur-net.go.jp/chintai/kanto/tokyo/20_1630_room.html?JKSS=000203402,<li>小田急小田原線「鶴川」駅バス5分 徒歩1～11分</li><li>小田急多摩線「黒川」駅バス13分 徒歩1～11分</li><li>京王相模原線「京王多摩センター」駅バス24分 徒歩7～14分</li>
tokyo,machidayamasaki,鶴川,67600,,,,小田急小田原線「鶴川」駅,6.0,16.0,町田市鶴川5ほか,1-1号棟,鉄筋コンクリート造,5,N,507号室,3DK,50,5,63900,3700,2か月,['URライト（4年定借）'],随時,https://www.ur-net.go.jp/chintai/kanto/tokyo/20_1630_room.html?JKSS=000101507,<li>小田急小田原線「鶴川」駅バス5分 徒歩1～11分</li><li>小田急多摩線「黒川」駅バス13分 徒歩1～11分</li><li>京王相模原線「京王多摩センター」駅バス24分 徒歩7～14分</li>
tokyo,machidayamasaki,鶴川,67600,,,,小田急多摩線「黒川」駅,14.0,24.0,町田市鶴川5ほか,1-1号棟,鉄筋コンクリート造,5,N,507号室,3DK,50,5,63900,3700,2か月,['URライト（4年定借）'],随時,https://www.ur-net.go.jp/chintai/kanto/tokyo/20_1630_room.html?JKSS=000101507,<li>小田急小田原線「鶴川」駅バス5分 徒歩1～11分</li><li>小田急多摩線「黒川」駅バス13分 徒歩1～11分</li><li>京王相模原線「京王多摩センター」駅バス24分 徒歩7～14分</li>
tokyo,machidayamasaki,鶴川,67600,,,,京王相模原線「京王多摩センター」駅,31.0,38.0,町田市鶴川5ほか,1-1号棟,鉄筋コンクリート造,5,N,507号室,3DK,50,5,63900,3700,2か月,['URライト（4年定借）'],随時,https://www.ur-net.go.jp/chintai/kanto/tokyo/20_1630_room.html?JKSS=000101507,<li>小田急小田原線「鶴川」駅バス5分 徒歩1～11分</li><li>小田急多摩線「黒川」駅バス13分 徒歩1～11分</li><li>京王相模原線「京王多摩センター」駅バス24分 徒歩7～14分</li>
tokyo,machidayamasaki,鶴川,67600,,,,,,,町田市鶴川5ほか,1-1号棟,鉄筋コンクリート造,5,N,507号室,3DK,50,5,63900,3700,2か月,['URライト（4年定借）'],随時,https://www.ur-net.go.jp/chintai/kanto/tokyo/20_1630_room.html?JKSS=000101507,<li>小田急小田原線「鶴川」駅バス5分 徒歩1～11分</li><li>小田急多摩線「黒川」駅バス13分 徒歩1～11分</li><li>京王相模原線「京王多摩センター」駅バス24分 徒歩7～14分</li>
tokyo,machidayamasaki,ニュータウン小山田桜台,84800,,,,JR横浜線・小田急小田原線「町田」駅,30.0,35.0,町田市小山田桜台2-4ほか,95号棟,鉄筋コンクリート造,4,N,403号室,3LDK,77,5,80000,4800,2か月,"['近居割', '近居割WIDE']",随時,https://www.ur-net.go.jp/chintai/kanto/tokyo/20_3600_room.html?JKSS=000950403,<li>JR横浜線・小田急小田原線「町田」駅バス29～32分 徒歩1～3分</li><li>JR横浜線「淵野辺」駅バス10～13分 徒歩1～3分</li>
tokyo,machidayamasaki,ニュータウン小山田桜台,84800,,,,JR横浜線「淵野辺」駅,11.0,16.0,町田市小山田桜台2-4ほか,95号棟,鉄筋コンクリート造,4,N,403号室,3LDK,77,5,80000,4800,2か月,"['近居割', '近居割WIDE']",随時,https://www.ur-net.go.jp/chintai/kanto/tokyo/20_3600_room.html?JKSS=000950403,<li>JR横浜線・小田急小田原線「町田」駅バス29～32分 徒歩1～3分</li><li>JR横浜線「淵野辺」駅バス10～13分 徒歩1～3分</li>
tokyo,machidayamasaki,ニュータウン小山田桜台,84800,,,,,,,町田市小山田桜台2-4ほか,95号棟,鉄筋コンクリート造,4,N,403号室,3LDK,77,5,80000,4800,2か月,"['近居割', '近居割WIDE']",随時,https://www.ur-net.go.jp/chintai/kanto/tokyo/20_3600_room.html?JKSS=000950403,<li>JR横浜線・小田急小田原線「町田」駅バス29～32分 徒歩1～3分</li><li>JR横浜線「淵野辺」駅バス10～13分 徒歩1～3分</li>
tokyo,machidayamasaki,ニュータウン小山田桜台,85700,,,,JR横浜線・小田急小田原線「町田」駅,30.0,35.0,町田市小山田桜台2-4ほか,20号棟,鉄筋コンクリート造,3,N,305号室,3LDK,70,4,80900,4800,2か月,"['近居割', '近居割WIDE']",随時,https://www.ur-net.go.jp/chintai/kanto/tokyo/20_3600_room.html?JKSS=000200305,<li>JR横浜線・小田急小田原線「町田」駅バス29～32分 徒歩1～3分</li><li>JR横浜線「淵野辺」駅バス10～13分 徒歩1～3分</li>
tokyo,machidayamasaki,ニュータウン小山田桜台,85700,,,,JR横浜線「淵野辺」駅,11.0,16.0,町田市小山田桜台2-4ほか,20号棟,鉄筋コンクリート造,3,N,305号室,3LDK,70,4,80900,4800,2か月,"['近居割', '近居割WIDE']",随時,https://www.ur-net.go.jp/chintai/kanto/tokyo/20_3600_room.html?JKSS=000200305,<li>JR横浜線・小田急小田原線「町田」駅バス29～32分 徒歩1～3分</li><li>JR横浜線「淵野辺」駅バス10～13分 徒歩1～3分</li>
tokyo,machidayamasaki,ニュータウン小山田桜台,85700,,,,,,,町田市小山田桜台2-4ほか,20号棟,鉄筋コンクリート造,3,N,305号室,3LDK,70,4,80900,4800,2か月,"['近居割', '近居割WIDE']",随時,https://www.ur-net.go.jp/chintai/kanto/tokyo/20_3600_room.html?JKSS=000200305,<li>JR横浜線・小田急小田原線「町田」駅バス29～32分 徒歩1～3分</li><li>JR横浜線「淵野辺」駅バス10～13分 徒歩1～3分</li>
tokyo,machidayamasaki,ニュータウン小山田桜台,87800,,,,JR横浜線・小田急小田原線「町田」駅,30.0,35.0,町田市小山田桜台2-4ほか,11号棟,鉄筋コンクリート造,4,N,404号室,3LDK,78,4,83000,4800,2か月,"['近居割', '近居割WIDE']",随時,https://www.ur-net.go.jp/chintai/kanto/tokyo/20_3600_room.html?JKSS=000110404,<li>JR横浜線・小田急小田原線「町田」駅バス29～32分 徒歩1～3分</li><li>JR横浜線「淵野辺」駅バス10～13分 徒歩1～3分</li>
tokyo,machidayamasaki,ニュータウン小山田桜台,87800,,,,JR横浜線「淵野辺」駅,11.0,16.0,町田市小山田桜台2-4ほか,11号棟,鉄筋コンクリート造,4,N,404号室,3LDK,78,4,83000,4800,2か月,"['近居割', '近居割WIDE']",随時,https://www.ur-net.go.jp/chintai/kanto/tokyo/20_3600_room.html?JKSS=000110404,<li>JR横浜線・小田急小田原線「町田」駅バス29～32分 徒歩1～3分</li><li>JR横浜線「淵野辺」駅バス10～13分 徒歩1～3分</li>
tokyo,machidayamasaki,ニュータウン小山田桜台,87800,,,,,,,町田市小山田桜台2-4ほか,11号棟,鉄筋コンクリート造,4,N,404号室,3LDK,78,4,83000,4800,2か月,"['近居割', '近居割WIDE']",随時,https://www.ur-net.go.jp/chintai/kanto/tokyo/20_3600_room.html?JKSS=000110404,<li>JR横浜線・小田急小田原線「町田」駅バス29～32分 徒歩1～3分</li><li>JR横浜線「淵野辺」駅バス10～13分 徒歩1～3分</li>
tokyo,machidayamasaki,ニュータウン小山田桜台,89400,,,,JR横浜線・小田急小田原線「町田」駅,30.0,35.0,町田市小山田桜台2-4ほか,95号棟,鉄筋コンクリート造,1,N,106号室,3LDK,77,5,84600,4800,2か月,"['近居割', '近居割WIDE']",随時,https://www.ur-net.go.jp/chintai/kanto/tokyo/20_3600_room.html?JKSS=000950106,<li>JR横浜線・小田急小田原線「町田」駅バス29～32分 徒歩1～3分</li><li>JR横浜線「淵野辺」駅バス10～13分 徒歩1～3分</li>
tokyo,machidayamasaki,ニュータウン小山田桜台,89400,,,,JR横浜線「淵野辺」駅,11.0,16.0,町田市小山田桜台2-4ほか,95号棟,鉄筋コンクリート造,1,N,106号室,3LDK,77,5,84600,4800,2か月,"['近居割', '近居割WIDE']",随時,https://www.ur-net.go.jp/chintai/kanto/tokyo/20_3600_room.html?JKSS=000950106,<li>JR横浜線・小田急小田原線「町田」駅バス29～32分 徒歩1～3分</li><li>JR横浜線「淵野辺」駅バス10～13分 徒歩1～3分</li>
tokyo,machidayamasaki,ニュータウン小山田桜台,89400,,,,,,,町田市小山田桜台2-4ほか,95号棟,鉄筋コンクリート造,1,N,106号室,3LDK,77,5,84600,4800,2か月,"['近居割', '近居割WIDE']",随時,https://www.ur-net.go.jp/chintai/kanto/tokyo/20_3600_room.html?JKSS=000950106,<li>JR横浜線・小田急小田原線「町田」駅バス29～32分 徒歩1～3分</li><li>JR横浜線「淵野辺」駅バス10～13分 徒歩1～3分</li>
tokyo,machidayamasaki,ニュータウン小山田桜台,110000,,,,JR横浜線・小田急小田原線「町田」駅,30.0,35.0,町田市小山田桜台2-4ほか,19号棟,鉄筋コンクリート造,3,N,301号室,4LDK,93,3,105200,4800,2か月,"['近居割', '近居割WIDE']",随時,https://www.ur-net.go.jp/chintai/kanto/tokyo/20_3600_room.html?JKSS=000190301,<li>JR横浜線・小田急小田原線「町田」駅バス29～32分 徒歩1～3分</li><li>JR横浜線「淵野辺」駅バス10～13分 徒歩1～3分</li>
tokyo,machidayamasaki,ニュータウン小山田桜台,110000,,,,JR横浜線「淵野辺」駅,11.0,16.0,町田市小山田桜台2-4ほか,19号棟,鉄筋コンクリート造,3,N,301号室,4LDK,93,3,105200,4800,2か月,"['近居割', '近居割WIDE']",随時,https://www.ur-net.go.jp/chintai/kanto/tokyo/20_3600_room.html?JKSS=000190301,<li>JR横浜線・小田急小田原線「町田」駅バス29～32分 徒歩1～3分</li><li>JR横浜線「淵野辺」駅バス10～13分 徒歩1～3分</li>
tokyo,machidayamasaki,ニュータウン小山田桜台,110000,,,,,,,町田市小山田桜台2-4ほか,19号棟,鉄筋コンクリート造,3,N,301号室,4LDK,93,3,105200,4800,2か月,"['近居割', '近居割WIDE']",随時,https://www.ur-net.go.jp/chintai/kanto/tokyo/20_3600_room.html?JKSS=000190301,<li>JR横浜線・小田急小田原線「町田」駅バス29～32分 徒歩1～3分</li><li>JR横浜線「淵野辺」駅バス10～13分 徒歩1～3分</li>
tokyo,tachikawa,国立富士見台,92700,JR南武線「谷保」駅,5.0,15.0,,,,国立市富士見台1-7ほか,1-5号棟,鉄筋コンクリート造,1,N,103号室,2DK,45,5,89900,2800,2か月,['URライト（4年定借）'],随時,https://www.ur-net.go.jp/chintai/kanto/tokyo/20_1350_room.html?JKSS=000105103,<li>JR南武線「谷保」駅（第1団地）徒歩5～10分、（第2、3団地）徒歩10～15分</li><li>JR中央線「国立」駅（第1団地）徒歩21～26分 またはバス5分 徒歩1～9分、（第2、3団地）徒歩23～28分 またはバス8分 徒歩2～5分</li><li>JR南武線「矢川」駅（第1団地）バス5分 徒歩1～7分、（第2、3団地）徒歩8～16分</li>
tokyo,tachikawa,国立富士見台,92700,JR中央線「国立」駅,21.0,28.0,JR中央線「国立」駅,6.0,14.0,国立市富士見台1-7ほか,1-5号棟,鉄筋コンクリート造,1,N,103号室,2DK,45,5,89900,2800,2か月,['URライト（4年定借）'],随時,https://www.ur-net.go.jp/chintai/kanto/tokyo/20_1350_room.html?JKSS=000105103,<li>JR南武線「谷保」駅（第1団地）徒歩5～10分、（第2、3団地）徒歩10～15分</li><li>JR中央線「国立」駅（第1団地）徒歩21～26分 またはバス5分 徒歩1～9分、（第2、3団地）徒歩23～28分 またはバス8分 徒歩2～5分</li><li>JR南武線「矢川」駅（第1団地）バス5分 徒歩1～7分、（第2、3団地）徒歩8～16分</li>
tokyo,tachikawa,国立富士見台,92700,JR南武線「矢川」駅,8.0,16.0,JR南武線「矢川」駅,6.0,12.0,国立市富士見台1-7ほか,1-5号棟,鉄筋コンクリート造,1,N,103号室,2DK,45,5,89900,2800,2か月,['URライト（4年定借）'],随時,https://www.ur-net.go.jp/chintai/kanto/tokyo/20_1350_room.html?JKSS=000105103,<li>JR南武線「谷保」駅（第1団地）徒歩5～10分、（第2、3団地）徒歩10～15分</li><li>JR中央線「国立」駅（第1団地）徒歩21～26分 またはバス5分 徒歩1～9分、（第2、3団地）徒歩23～28分 またはバス8分 徒歩2～5分</li><li>JR南武線「矢川」駅（第1団地）バス5分 徒歩1～7分、（第2、3団地）徒歩8～16分</li>
tokyo,tachikawa,国立富士見台,92700,,,,,,,国立市富士見台1-7ほか,1-5号棟,鉄筋コンクリート造,1,N,103号室,2DK,45,5,89900,2800,2か月,['URライト（4年定借）'],随時,https://www.ur-net.go.jp/chintai/kanto/tokyo/20_1350_room.html?JKSS=000105103,<li>JR南武線「谷保」駅（第1団地）徒歩5～10分、（第2、3団地）徒歩10～15分</li><li>JR中央線「国立」駅（第1団地）徒歩21～26分 またはバス5分 徒歩1～9分、（第2、3団地）徒歩23～28分 またはバス8分 徒歩2～5分</li><li>JR南武線「矢川」駅（第1団地）バス5分 徒歩1～7分、（第2、3団地）徒歩8～16分</li>
tokyo,nagayama,百草,69150,京王線「高幡不動」駅,19.0,32.0,京王線「高幡不動」駅,8.0,16.0,多摩市和田1261、日野市百草999,6号棟,鉄筋コンクリート造,4,N,408号室,2LDK,56,5,64400,4750,2か月,"['近居割', '近居割WIDE']",随時,https://www.ur-net.go.jp/chintai/kanto/tokyo/20_1870_room.html?JKSS=000060408,<li>京王線「高幡不動」駅 徒歩19～32分 またはバス7～8分 徒歩1～8分</li><li>京王線「聖蹟桜ヶ丘」駅バス14～15分 徒歩1～8分</li><li>京王相模原線「京王多摩センター」駅バス9分 徒歩2～13分</li>
tokyo,nagayama,百草,69150,,,,京王線「聖蹟桜ヶ丘」駅,15.0,23.0,多摩市和田1261、日野市百草999,6号棟,鉄筋コンクリート造,4,N,408号室,2LDK,56,5,64400,4750,2か月,"['近居割', '近居割WIDE']",随時,https://www.ur-net.go.jp/chintai/kanto/tokyo/20_1870_room.html?JKSS=000060408,<li>京王線「高幡不動」駅 徒歩19～32分 またはバス7～8分 徒歩1～8分</li><li>京王線「聖蹟桜ヶ丘」駅バス14～15分 徒歩1～8分</li><li>京王相模原線「京王多摩センター」駅バス9分 徒歩2～13分</li>
tokyo,nagayama,百草,69150,,,,京王相模原線「京王多摩センター」駅,11.0,22.0,多摩市和田1261、日野市百草999,6号棟,鉄筋コンクリート造,4,N,408号室,2LDK,56,5,64400,4750,2か月,"['近居割', '近居割WIDE']",随時,https://www.ur-net.go.jp/chintai/kanto/tokyo/20_1870_room.html?JKSS=000060408,<li>京王線「高幡不動」駅 徒歩19～32分 またはバス7～8分 徒歩1～8分</li><li>京王線「聖蹟桜ヶ丘」駅バス14～15分 徒歩1～8分</li><li>京王相模原線「京王多摩センター」駅バス9分 徒歩2～13分</li>
tokyo,nagayama,百草,69150,,,,,,,多摩市和田1261、日野市百草999,6号棟,鉄筋コンクリート造,4,N,408号室,2LDK,56,5,64400,4750,2か月,"['近居割', '近居割WIDE']",随時,https://www.ur-net.go.jp/chintai/kanto/tokyo/20_1870_room.html?JKSS=000060408,<li>京王線「高幡不動」駅 徒歩19～32分 またはバス7～8分 徒歩1～8分</li><li>京王線「聖蹟桜ヶ丘」駅バス14～15分 徒歩1～8分</li><li>京王相模原線「京王多摩センター」駅バス9分 徒歩2～13分</li>
tokyo,nagayama,多摩ニュータウン 豊ヶ丘（グリーンメゾン豊ヶ丘－６）,73000,京王相模原線「京王多摩センター」駅・小田急多摩線「小田急多摩センター」駅,16.0,32.0,京王相模原線「京王多摩センター」駅・小田急多摩線「小田急多摩センター」駅,14.0,26.0,多摩市豊ヶ丘2ほか,6-2-2号棟,鉄筋コンクリート造、鉄骨鉄筋コンクリート造,4,N,403号室,2DK,50,8,68200,4800,2か月,"['近居割', '近居割WIDE']",随時,https://www.ur-net.go.jp/chintai/kanto/tokyo/20_2710_room.html?JKSS=602020403,<li>京王相模原線「京王多摩センター」駅・小田急多摩線「小田急多摩センター」駅 徒歩16～32分 またはバス12分 徒歩2～14分</li><li>多摩都市モノレール「多摩センター」駅 徒歩17～33分 またはバス12分 徒歩2～14分</li>
tokyo,nagayama,多摩ニュータウン 豊ヶ丘（グリーンメゾン豊ヶ丘－６）,73000,多摩都市モノレール「多摩センター」駅,17.0,33.0,多摩都市モノレール「多摩センター」駅,14.0,26.0,多摩市豊ヶ丘2ほか,6-2-2号棟,鉄筋コンクリート造、鉄骨鉄筋コンクリート造,4,N,403号室,2DK,50,8,68200,4800,2か月,"['近居割', '近居割WIDE']",随時,https://www.ur-net.go.jp/chintai/kanto/tokyo/20_2710_room.html?JKSS=602020403,<li>京王相模原線「京王多摩センター」駅・小田急多摩線「小田急多摩センター」駅 徒歩16～32分 またはバス12分 徒歩2～14分</li><li>多摩都市モノレール「多摩センター」駅 徒歩17～33分 またはバス12分 徒歩2～14分</li>
tokyo,nagayama,多摩ニュータウン 豊ヶ丘（グリーンメゾン豊ヶ丘－６）,73000,,,,,,,多摩市豊ヶ丘2ほか,6-2-2号棟,鉄筋コンクリート造、鉄骨鉄筋コンクリート造,4,N,403号室,2DK,50,8,68200,4800,2か月,"['近居割', '近居割WIDE']",随時,https://www.ur-net.go.jp/chintai/kanto/tokyo/20_2710_room.html?JKSS=602020403,<li>京王相模原線「京王多摩センター」駅・小田急多摩線「小田急多摩センター」駅 徒歩16～32分 またはバス12分 徒歩2～14分</li><li>多摩都市モノレール「多摩センター」駅 徒歩17～33分 またはバス12分 徒歩2～14分</li>
tokyo,hachioji,シティハイツ日野旭が丘,85900,JR中央線「豊田」駅,20.0,24.0,JR中央線「豊田」駅,8.0,13.0,日野市旭が丘4-7-5,3号棟,鉄筋コンクリート造、鉄骨鉄筋コンクリート造,1,N,114号室,1LDK,49,6,83200,2700,2か月,"['近居割', '近居割WIDE']",随時,https://www.ur-net.go.jp/chintai/kanto/tokyo/20_4360_room.html?JKSS=000030114,<li>JR中央線「豊田」駅 徒歩20～24分 またはバス7分 徒歩1～6分</li><li>京王線「長沼」駅 徒歩26～28分</li><li>JR八高線「北八王子」駅 徒歩23～25分</li>
tokyo,hachioji,シティハイツ日野旭が丘,85900,京王線「長沼」駅,26.0,28.0,,,,日野市旭が丘4-7-5,3号棟,鉄筋コンクリート造、鉄骨鉄筋コンクリート造,1,N,114号室,1LDK,49,6,83200,2700,2か月,"['近居割', '近居割WIDE']",随時,https://www.ur-net.go.jp/chintai/kanto/tokyo/20_4360_room.html?JKSS=000030114,<li>JR中央線「豊田」駅 徒歩20～24分 またはバス7分 徒歩1～6分</li><li>京王線「長沼」駅 徒歩26～28分</li><li>JR八高線「北八王子」駅 徒歩23～25分</li>
tokyo,hachioji,シティハイツ日野旭が丘,85900,JR八高線「北八王子」駅,23.0,25.0,,,,日野市旭が丘4-7-5,3号棟,鉄筋コンクリート造、鉄骨鉄筋コンクリート造,1,N,114号室,1LDK,49,6,83200,2700,2か月,"['近居割', '近居割WIDE']",随時,https://www.ur-net.go.jp/chintai/kanto/tokyo/20_4360_room.html?JKSS=000030114,<li>JR中央線「豊田」駅 徒歩20～24分 またはバス7分 徒歩1～6分</li><li>京王線「長沼」駅 徒歩26～28分</li><li>JR八高線「北八王子」駅 徒歩23～25分</li>
tokyo,hachioji,シティハイツ日野旭が丘,85900,,,,,,,日野市旭が丘4-7-5,3号棟,鉄筋コンクリート造、鉄骨鉄筋コンクリート造,1,N,114号室,1LDK,49,6,83200,2700,2か月,"['近居割', '近居割WIDE']",随時,https://www.ur-net.go.jp/chintai/kanto/tokyo/20_4360_room.html?JKSS=000030114,<li>JR中央線「豊田」駅 徒歩20～24分 またはバス7分 徒歩1～6分</li><li>京王線「長沼」駅 徒歩26～28分</li><li>JR八高線「北八王子」駅 徒歩23～25分</li>
tokyo,hachioji,多摩平の森,137200,JR中央線「豊田」駅,7.0,15.0,,,,日野市多摩平4-6ほか,3-2号棟,鉄筋コンクリート造,3,N,301号室,1LDK,54,11,133200,4000,2か月,"['近居割', '近居割WIDE']",随時,https://www.ur-net.go.jp/chintai/kanto/tokyo/20_6510_room.html?JKSS=003020301,<li>JR中央線「豊田」駅 徒歩7～15分</li><li>JR中央線「日野」駅 徒歩24～33分</li><li>京王線「南平」駅 徒歩25～32分</li>
tokyo,hachioji,多摩平の森,137200,JR中央線「日野」駅,24.0,33.0,,,,日野市多摩平4-6ほか,3-2号棟,鉄筋コンクリート造,3,N,301号室,1LDK,54,11,133200,4000,2か月,"['近居割', '近居割WIDE']",随時,https://www.ur-net.go.jp/chintai/kanto/tokyo/20_6510_room.html?JKSS=003020301,<li>JR中央線「豊田」駅 徒歩7～15分</li><li>JR中央線「日野」駅 徒歩24～33分</li><li>京王線「南平」駅 徒歩25～32分</li>
tokyo,hachioji,多摩平の森,137200,京王線「南平」駅,25.0,32.0,,,,日野市多摩平4-6ほか,3-2号棟,鉄筋コンクリート造,3,N,301号室,1LDK,54,11,133200,4000,2か月,"['近居割', '近居割WIDE']",随時,https://www.ur-net.go.jp/chintai/kanto/tokyo/20_6510_room.html?JKSS=003020301,<li>JR中央線「豊田」駅 徒歩7～15分</li><li>JR中央線「日野」駅 徒歩24～33分</li><li>京王線「南平」駅 徒歩25～32分</li>
tokyo,hachioji,多摩平の森,137200,,,,,,,日野市多摩平4-6ほか,3-2号棟,鉄筋コンクリート造,3,N,301号室,1LDK,54,11,133200,4000,2か月,"['近居割', '近居割WIDE']",随時,https://www.ur-net.go.jp/chintai/kanto/tokyo/20_6510_room.html?JKSS=003020301,<li>JR中央線「豊田」駅 徒歩7～15分</li><li>JR中央線「日野」駅 徒歩24～33分</li><li>京王線「南平」駅 徒歩25～32分</li>
tokyo,chofu,神代,95300,京王線「つつじケ丘」駅,7.0,19.0,,,,調布市西つつじヶ丘4-23、狛江市西野川1-25,57号棟,鉄筋コンクリート造,5,N,512号室,3DK,50,5,91500,3800,2か月,['URライト'],随時,https://www.ur-net.go.jp/chintai/kanto/tokyo/20_1320_room.html?JKSS=000057512,<li>京王線「つつじケ丘」駅 徒歩7～19分</li><li>小田急小田原線「成城学園前」駅バス11～15分 徒歩1～5分</li><li>小田急小田原線「狛江」駅バス7～9分 徒歩1～5分</li>
tokyo,chofu,神代,95300,,,,小田急小田原線「成城学園前」駅,12.0,20.0,調布市西つつじヶ丘4-23、狛江市西野川1-25,57号棟,鉄筋コンクリート造,5,N,512号室,3DK,50,5,91500,3800,2か月,['URライト'],随時,https://www.ur-net.go.jp/chintai/kanto/tokyo/20_1320_room.html?JKSS=000057512,<li>京王線「つつじケ丘」駅 徒歩7～19分</li><li>小田急小田原線「成城学園前」駅バス11～15分 徒歩1～5分</li><li>小田急小田原線「狛江」駅バス7～9分 徒歩1～5分</li>
tokyo,chofu,神代,95300,,,,小田急小田原線「狛江」駅,8.0,14.0,調布市西つつじヶ丘4-23、狛江市西野川1-25,57号棟,鉄筋コンクリート造,5,N,512号室,3DK,50,5,91500,3800,2か月,['URライト'],随時,https://www.ur-net.go.jp/chintai/kanto/tokyo/20_1320_room.html?JKSS=000057512,<li>京王線「つつじケ丘」駅 徒歩7～19分</li><li>小田急小田原線「成城学園前」駅バス11～15分 徒歩1～5分</li><li>小田急小田原線「狛江」駅バス7～9分 徒歩1～5分</li>
tokyo,chofu,神代,95300,,,,,,,調布市西つつじヶ丘4-23、狛江市西野川1-25,57号棟,鉄筋コンクリート造,5,N,512号室,3DK,50,5,91500,3800,2か月,['URライト'],随時,https://www.ur-net.go.jp/chintai/kanto/tokyo/20_1320_room.html?JKSS=000057512,<li>京王線「つつじケ丘」駅 徒歩7～19分</li><li>小田急小田原線「成城学園前」駅バス11～15分 徒歩1～5分</li><li>小田急小田原線「狛江」駅バス7～9分 徒歩1～5分</li>
kanagawa,shinyurigaoka,星が丘パークランド　ひよどり台,113400,京王相模原線「京王稲田堤」駅,13.0,15.0,,,,川崎市多摩区菅北浦5-7,4号棟,鉄筋コンクリート造,5,N,505号室,3LDK,67,5,110900,2500,2か月,['近居割'],随時,https://www.ur-net.go.jp/chintai/kanto/kanagawa/40_2410_room.html?JKSS=000040505,<li>京王相模原線「京王稲田堤」駅 徒歩13～15分</li><li>JR南武線「稲田堤」駅 徒歩12～13分</li><li>小田急小田原線「読売ランド前」駅バス5分 徒歩4～7分</li>
kanagawa,shinyurigaoka,星が丘パークランド　ひよどり台,113400,JR南武線「稲田堤」駅,12.0,13.0,,,,川崎市多摩区菅北浦5-7,4号棟,鉄筋コンクリート造,5,N,505号室,3LDK,67,5,110900,2500,2か月,['近居割'],随時,https://www.ur-net.go.jp/chintai/kanto/kanagawa/40_2410_room.html?JKSS=000040505,<li>京王相模原線「京王稲田堤」駅 徒歩13～15分</li><li>JR南武線「稲田堤」駅 徒歩12～13分</li><li>小田急小田原線「読売ランド前」駅バス5分 徒歩4～7分</li>
kanagawa,shinyurigaoka,星が丘パークランド　ひよどり台,113400,,,,小田急小田原線「読売ランド前」駅,9.0,12.0,川崎市多摩区菅北浦5-7,4号棟,鉄筋コンクリート造,5,N,505号室,3LDK,67,5,110900,2500,2か月,['近居割'],随時,https://www.ur-net.go.jp/chintai/kanto/kanagawa/40_2410_room.html?JKSS=000040505,<li>京王相模原線「京王稲田堤」駅 徒歩13～15分</li><li>JR南武線「稲田堤」駅 徒歩12～13分</li><li>小田急小田原線「読売ランド前」駅バス5分 徒歩4～7分</li>
kanagawa,shinyurigaoka,星が丘パークランド　ひよどり台,113400,,,,,,,川崎市多摩区菅北浦5-7,4号棟,鉄筋コンクリート造,5,N,505号室,3LDK,67,5,110900,2500,2か月,['近居割'],随時,https://www.ur-net.go.jp/chintai/kanto/kanagawa/40_2410_room.html?JKSS=000040505,<li>京王相模原線「京王稲田堤」駅 徒歩13～15分</li><li>JR南武線「稲田堤」駅 徒歩12～13分</li><li>小田急小田原線「読売ランド前」駅バス5分 徒歩4～7分</li>
kanagawa,shinyurigaoka,コンフォール菅仙谷,129300,京王相模原線「京王稲田堤」駅,11.0,11.0,,,,川崎市多摩区菅仙谷2-9-1,1号棟,鉄筋コンクリート造,2,N,203号室,2LDK,66,9,122500,6800,2か月,['近居割'],随時,https://www.ur-net.go.jp/chintai/kanto/kanagawa/40_4060_room.html?JKSS=000010203,<li>京王相模原線「京王稲田堤」駅 徒歩11分</li><li>JR南武線「稲田堤」駅 徒歩14～15分</li><li>小田急小田原線「読売ランド前」駅バス9分 徒歩3分</li>
kanagawa,shinyurigaoka,コンフォール菅仙谷,129300,JR南武線「稲田堤」駅,14.0,15.0,,,,川崎市多摩区菅仙谷2-9-1,1号棟,鉄筋コンクリート造,2,N,203号室,2LDK,66,9,122500,6800,2か月,['近居割'],随時,https://www.ur-net.go.jp/chintai/kanto/kanagawa/40_4060_room.html?JKSS=000010203,<li>京王相模原線「京王稲田堤」駅 徒歩11分</li><li>JR南武線「稲田堤」駅 徒歩14～15分</li><li>小田急小田原線「読売ランド前」駅バス9分 徒歩3分</li>
kanagawa,shinyurigaoka,コンフォール菅仙谷,129300,,,,小田急小田原線「読売ランド前」駅,12.0,12.0,川崎市多摩区菅仙谷2-9-1,1号棟,鉄筋コンクリート造,2,N,203号室,2LDK,66,9,122500,6800,2か月,['近居割'],随時,https://www.ur-net.go.jp/chintai/kanto/kanagawa/40_4060_room.html?JKSS=000010203,<li>京王相模原線「京王稲田堤」駅 徒歩11分</li><li>JR南武線「稲田堤」駅 徒歩14～15分</li><li>小田急小田原線「読売ランド前」駅バス9分 徒歩3分</li>
kanagawa,shinyurigaoka,コンフォール菅仙谷,129300,,,,,,,川崎市多摩区菅仙谷2-9-1,1号棟,鉄筋コンクリート造,2,N,203号室,2LDK,66,9,122500,6800,2か月,['近居割'],随時,https://www.ur-net.go.jp/chintai/kanto/kanagawa/40_4060_room.html?JKSS=000010203,<li>京王相模原線「京王稲田堤」駅 徒歩11分</li><li>JR南武線「稲田堤」駅 徒歩14～15分</li><li>小田急小田原線「読売ランド前」駅バス9分 徒歩3分</li>
kanagawa,hiyoshi,シティコート元住吉,164600,東急東横線「元住吉」駅,17.0,18.0,,,,川崎市中原区木月4-49-1ほか,2号棟,鉄筋コンクリート造,4,N,404号室,2LDK,70,5,162300,2300,2か月,['近居割'],随時,https://www.ur-net.go.jp/chintai/kanto/kanagawa/40_3410_room.html?JKSS=000020404,<li>東急東横線「元住吉」駅 徒歩17～18分</li><li>東急東横線「日吉」駅 徒歩18分</li><li>JR南武線「平間」駅 徒歩21分</li>
kanagawa,hiyoshi,シティコート元住吉,164600,東急東横線「日吉」駅,18.0,18.0,,,,川崎市中原区木月4-49-1ほか,2号棟,鉄筋コンクリート造,4,N,404号室,2LDK,70,5,162300,2300,2か月,['近居割'],随時,https://www.ur-net.go.jp/chintai/kanto/kanagawa/40_3410_room.html?JKSS=000020404,<li>東急東横線「元住吉」駅 徒歩17～18分</li><li>東急東横線「日吉」駅 徒歩18分</li><li>JR南武線「平間」駅 徒歩21分</li>
kanagawa,hiyoshi,シティコート元住吉,164600,JR南武線「平間」駅,21.0,21.0,,,,川崎市中原区木月4-49-1ほか,2号棟,鉄筋コンクリート造,4,N,404号室,2LDK,70,5,162300,2300,2か月,['近居割'],随時,https://www.ur-net.go.jp/chintai/kanto/kanagawa/40_3410_room.html?JKSS=000020404,<li>東急東横線「元住吉」駅 徒歩17～18分</li><li>東急東横線「日吉」駅 徒歩18分</li><li>JR南武線「平間」駅 徒歩21分</li>
kanagawa,hiyoshi,シティコート元住吉,164600,,,,,,,川崎市中原区木月4-49-1ほか,2号棟,鉄筋コンクリート造,4,N,404号室,2LDK,70,5,162300,2300,2か月,['近居割'],随時,https://www.ur-net.go.jp/chintai/kanto/kanagawa/40_3410_room.html?JKSS=000020404,<li>東急東横線「元住吉」駅 徒歩17～18分</li><li>東急東横線「日吉」駅 徒歩18分</li><li>JR南武線「平間」駅 徒歩21分</li>
kanagawa,kohoku,アーバンハイツみぞのくち,162400,東急田園都市線「溝の口」駅,12.0,12.0,,,,川崎市高津区下作延4-22-12,2号棟,鉄筋コンクリート造,3,N,310号室,2LDK,63,5,158800,3600,2か月,['近居割'],随時,https://www.ur-net.go.jp/chintai/kanto/kanagawa/40_3100_room.html?JKSS=000020310,<li>東急田園都市線「溝の口」駅 徒歩12分</li><li>JR南武線「武蔵溝ノ口」駅 徒歩13分</li><li>東急田園都市線「梶が谷」駅 徒歩13分</li>
kanagawa,kohoku,アーバンハイツみぞのくち,162400,JR南武線「武蔵溝ノ口」駅,13.0,13.0,,,,川崎市高津区下作延4-22-12,2号棟,鉄筋コンクリート造,3,N,310号室,2LDK,63,5,158800,3600,2か月,['近居割'],随時,https://www.ur-net.go.jp/chintai/kanto/kanagawa/40_3100_room.html?JKSS=000020310,<li>東急田園都市線「溝の口」駅 徒歩12分</li><li>JR南武線「武蔵溝ノ口」駅 徒歩13分</li><li>東急田園都市線「梶が谷」駅 徒歩13分</li>
kanagawa,kohoku,アーバンハイツみぞのくち,162400,東急田園都市線「梶が谷」駅,13.0,13.0,,,,川崎市高津区下作延4-22-12,2号棟,鉄筋コンクリート造,3,N,310号室,2LDK,63,5,158800,3600,2か月,['近居割'],随時,https://www.ur-net.go.jp/chintai/kanto/kanagawa/40_3100_room.html?JKSS=000020310,<li>東急田園都市線「溝の口」駅 徒歩12分</li><li>JR南武線「武蔵溝ノ口」駅 徒歩13分</li><li>東急田園都市線「梶が谷」駅 徒歩13分</li>
kanagawa,kohoku,アーバンハイツみぞのくち,162400,,,,,,,川崎市高津区下作延4-22-12,2号棟,鉄筋コンクリート造,3,N,310号室,2LDK,63,5,158800,3600,2か月,['近居割'],随時,https://www.ur-net.go.jp/chintai/kanto/kanagawa/40_3100_room.html?JKSS=000020310,<li>東急田園都市線「溝の口」駅 徒歩12分</li><li>JR南武線「武蔵溝ノ口」駅 徒歩13分</li><li>東急田園都市線「梶が谷」駅 徒歩13分</li>
kanagawa,shinyurigaoka,アーバンハイツ菅生ヶ丘,99700,,,,小田急小田原線「生田」駅,15.0,15.0,川崎市宮前区菅生ケ丘34-1ほか,,鉄筋コンクリート造,3,N,307号室,1LDK,55,6,92300,7400,2か月,['近居割'],随時,https://www.ur-net.go.jp/chintai/kanto/kanagawa/40_3220_room.html?JKSS=000000307,<li>小田急小田原線「生田」駅バス11分 徒歩4分</li><li>東急田園都市線「溝の口」駅バス21分 徒歩4分</li>
kanagawa,shinyurigaoka,アーバンハイツ菅生ヶ丘,99700,,,,東急田園都市線「溝の口」駅,25.0,25.0,川崎市宮前区菅生ケ丘34-1ほか,,鉄筋コンクリート造,3,N,307号室,1LDK,55,6,92300,7400,2か月,['近居割'],随時,https://www.ur-net.go.jp/chintai/kanto/kanagawa/40_3220_room.html?JKSS=000000307,<li>小田急小田原線「生田」駅バス11分 徒歩4分</li><li>東急田園都市線「溝の口」駅バス21分 徒歩4分</li>
kanagawa,shinyurigaoka,アーバンハイツ菅生ヶ丘,99700,,,,,,,川崎市宮前区菅生ケ丘34-1ほか,,鉄筋コンクリート造,3,N,307号室,1LDK,55,6,92300,7400,2か月,['近居割'],随時,https://www.ur-net.go.jp/chintai/kanto/kanagawa/40_3220_room.html?JKSS=000000307,<li>小田急小田原線「生田」駅バス11分 徒歩4分</li><li>東急田園都市線「溝の口」駅バス21分 徒歩4分</li>
kanagawa,shinyurigaoka,アーバンハイツ菅生ヶ丘,109600,,,,小田急小田原線「生田」駅,15.0,15.0,川崎市宮前区菅生ケ丘34-1ほか,,鉄筋コンクリート造,4,N,401号室,1LDK,61,6,102200,7400,2か月,['近居割'],随時,https://www.ur-net.go.jp/chintai/kanto/kanagawa/40_3220_room.html?JKSS=000000401,<li>小田急小田原線「生田」駅バス11分 徒歩4分</li><li>東急田園都市線「溝の口」駅バス21分 徒歩4分</li>
kanagawa,shinyurigaoka,アーバンハイツ菅生ヶ丘,109600,,,,東急田園都市線「溝の口」駅,25.0,25.0,川崎市宮前区菅生ケ丘34-1ほか,,鉄筋コンクリート造,4,N,401号室,1LDK,61,6,102200,7400,2か月,['近居割'],随時,https://www.ur-net.go.jp/chintai/kanto/kanagawa/40_3220_room.html?JKSS=000000401,<li>小田急小田原線「生田」駅バス11分 徒歩4分</li><li>東急田園都市線「溝の口」駅バス21分 徒歩4分</li>
kanagawa,shinyurigaoka,アーバンハイツ菅生ヶ丘,109600,,,,,,,川崎市宮前区菅生ケ丘34-1ほか,,鉄筋コンクリート造,4,N,401号室,1LDK,61,6,102200,7400,2か月,['近居割'],随時,https://www.ur-net.go.jp/chintai/kanto/kanagawa/40_3220_room.html?JKSS=000000401,<li>小田急小田原線「生田」駅バス11分 徒歩4分</li><li>東急田園都市線「溝の口」駅バス21分 徒歩4分</li>
kanagawa,shinyurigaoka,アーバンハイツ菅生ヶ丘,110700,,,,小田急小田原線「生田」駅,15.0,15.0,川崎市宮前区菅生ケ丘34-1ほか,,鉄筋コンクリート造,4,N,405号室,2LDK,68,6,103300,7400,2か月,['近居割'],随時,https://www.ur-net.go.jp/chintai/kanto/kanagawa/40_3220_room.html?JKSS=000000405,<li>小田急小田原線「生田」駅バス11分 徒歩4分</li><li>東急田園都市線「溝の口」駅バス21分 徒歩4分</li>
kanagawa,shinyurigaoka,アーバンハイツ菅生ヶ丘,110700,,,,東急田園都市線「溝の口」駅,25.0,25.0,川崎市宮前区菅生ケ丘34-1ほか,,鉄筋コンクリート造,4,N,405号室,2LDK,68,6,103300,7400,2か月,['近居割'],随時,https://www.ur-net.go.jp/chintai/kanto/kanagawa/40_3220_room.html?JKSS=000000405,<li>小田急小田原線「生田」駅バス11分 徒歩4分</li><li>東急田園都市線「溝の口」駅バス21分 徒歩4分</li>
kanagawa,shinyurigaoka,アーバンハイツ菅生ヶ丘,110700,,,,,,,川崎市宮前区菅生ケ丘34-1ほか,,鉄筋コンクリート造,4,N,405号室,2LDK,68,6,103300,7400,2か月,['近居割'],随時,https://www.ur-net.go.jp/chintai/kanto/kanagawa/40_3220_room.html?JKSS=000000405,<li>小田急小田原線「生田」駅バス11分 徒歩4分</li><li>東急田園都市線「溝の口」駅バス21分 徒歩4分</li>
kanagawa,hiyoshi,サンヴァリエ日吉,135200,東急東横線「日吉」駅,19.0,23.0,東急東横線「日吉」駅,15.0,18.0,横浜市港北区下田町4-1ほか,12号棟,鉄筋コンクリート造,2,N,215号室,1LDK,53,8,130800,4400,2か月,['近居割'],随時,https://www.ur-net.go.jp/chintai/kanto/kanagawa/40_3290_room.html?JKSS=000120215,<li>東急東横線「日吉」駅 徒歩19～23分</li><li>東急東横線「日吉」駅バス14分 徒歩1～4分</li><li>横浜市営地下鉄グリーンライン「日吉本町」駅 徒歩13～16分</li>
kanagawa,hiyoshi,サンヴァリエ日吉,135200,横浜市営地下鉄グリーンライン「日吉本町」駅,13.0,16.0,,,,横浜市港北区下田町4-1ほか,12号棟,鉄筋コンクリート造,2,N,215号室,1LDK,53,8,130800,4400,2か月,['近居割'],随時,https://www.ur-net.go.jp/chintai/kanto/kanagawa/40_3290_room.html?JKSS=000120215,<li>東急東横線「日吉」駅 徒歩19～23分</li><li>東急東横線「日吉」駅バス14分 徒歩1～4分</li><li>横浜市営地下鉄グリーンライン「日吉本町」駅 徒歩13～16分</li>
kanagawa,hiyoshi,サンヴァリエ日吉,135200,,,,,,,横浜市港北区下田町4-1ほか,12号棟,鉄筋コンクリート造,2,N,215号室,1LDK,53,8,130800,4400,2か月,['近居割'],随時,https://www.ur-net.go.jp/chintai/kanto/kanagawa/40_3290_room.html?JKSS=000120215,<li>東急東横線「日吉」駅 徒歩19～23分</li><li>東急東横線「日吉」駅バス14分 徒歩1～4分</li><li>横浜市営地下鉄グリーンライン「日吉本町」駅 徒歩13～16分</li>
kanagawa,hiyoshi,サンヴァリエ日吉,136700,東急東横線「日吉」駅,19.0,23.0,東急東横線「日吉」駅,15.0,18.0,横浜市港北区下田町4-1ほか,12号棟,鉄筋コンクリート造,3,N,307号室,1LDK,51,8,132300,4400,2か月,['近居割'],随時,https://www.ur-net.go.jp/chintai/kanto/kanagawa/40_3290_room.html?JKSS=000120307,<li>東急東横線「日吉」駅 徒歩19～23分</li><li>東急東横線「日吉」駅バス14分 徒歩1～4分</li><li>横浜市営地下鉄グリーンライン「日吉本町」駅 徒歩13～16分</li>
kanagawa,hiyoshi,サンヴァリエ日吉,136700,横浜市営地下鉄グリーンライン「日吉本町」駅,13.0,16.0,,,,横浜市港北区下田町4-1ほか,12号棟,鉄筋コンクリート造,3,N,307号室,1LDK,51,8,132300,4400,2か月,['近居割'],随時,https://www.ur-net.go.jp/chintai/kanto/kanagawa/40_3290_room.html?JKSS=000120307,<li>東急東横線「日吉」駅 徒歩19～23分</li><li>東急東横線「日吉」駅バス14分 徒歩1～4分</li><li>横浜市営地下鉄グリーンライン「日吉本町」駅 徒歩13～16分</li>
kanagawa,hiyoshi,サンヴァリエ日吉,136700,,,,,,,横浜市港北区下田町4-1ほか,12号棟,鉄筋コンクリート造,3,N,307号室,1LDK,51,8,132300,4400,2か月,['近居割'],随時,https://www.ur-net.go.jp/chintai/kanto/kanagawa/40_3290_room.html?JKSS=000120307,<li>東急東横線「日吉」駅 徒歩19～23分</li><li>東急東横線「日吉」駅バス14分 徒歩1～4分</li><li>横浜市営地下鉄グリーンライン「日吉本町」駅 徒歩13～16分</li>
kanagawa,hiyoshi,サンヴァリエ日吉,158100,東急東横線「日吉」駅,19.0,23.0,東急東横線「日吉」駅,15.0,18.0,横浜市港北区下田町4-1ほか,13号棟,鉄筋コンクリート造,7,N,707号室,2LDK,62,7,153700,4400,2か月,['近居割'],随時,https://www.ur-net.go.jp/chintai/kanto/kanagawa/40_3290_room.html?JKSS=000130707,<li>東急東横線「日吉」駅 徒歩19～23分</li><li>東急東横線「日吉」駅バス14分 徒歩1～4分</li><li>横浜市営地下鉄グリーンライン「日吉本町」駅 徒歩13～16分</li>
kanagawa,hiyoshi,サンヴァリエ日吉,158100,横浜市営地下鉄グリーンライン「日吉本町」駅,13.0,16.0,,,,横浜市港北区下田町4-1ほか,13号棟,鉄筋コンクリート造,7,N,707号室,2LDK,62,7,153700,4400,2か月,['近居割'],随時,https://www.ur-net.go.jp/chintai/kanto/kanagawa/40_3290_room.html?JKSS=000130707,<li>東急東横線「日吉」駅 徒歩19～23分</li><li>東急東横線「日吉」駅バス14分 徒歩1～4分</li><li>横浜市営地下鉄グリーンライン「日吉本町」駅 徒歩13～16分</li>
kanagawa,hiyoshi,サンヴァリエ日吉,158100,,,,,,,横浜市港北区下田町4-1ほか,13号棟,鉄筋コンクリート造,7,N,707号室,2LDK,62,7,153700,4400,2か月,['近居割'],随時,https://www.ur-net.go.jp/chintai/kanto/kanagawa/40_3290_room.html?JKSS=000130707,<li>東急東横線「日吉」駅 徒歩19～23分</li><li>東急東横線「日吉」駅バス14分 徒歩1～4分</li><li>横浜市営地下鉄グリーンライン「日吉本町」駅 徒歩13～16分</li>
kanagawa,hiyoshi,サンヴァリエ日吉,169100,東急東横線「日吉」駅,19.0,23.0,東急東横線「日吉」駅,15.0,18.0,横浜市港北区下田町4-1ほか,12号棟,鉄筋コンクリート造,7,N,716号室,3DK,68,8,164700,4400,2か月,['近居割'],随時,https://www.ur-net.go.jp/chintai/kanto/kanagawa/40_3290_room.html?JKSS=000120716,<li>東急東横線「日吉」駅 徒歩19～23分</li><li>東急東横線「日吉」駅バス14分 徒歩1～4分</li><li>横浜市営地下鉄グリーンライン「日吉本町」駅 徒歩13～16分</li>
kanagawa,hiyoshi,サンヴァリエ日吉,169100,横浜市営地下鉄グリーンライン「日吉本町」駅,13.0,16.0,,,,横浜市港北区下田町4-1ほか,12号棟,鉄筋コンクリート造,7,N,716号室,3DK,68,8,164700,4400,2か月,['近居割'],随時,https://www.ur-net.go.jp/chintai/kanto/kanagawa/40_3290_room.html?JKSS=000120716,<li>東急東横線「日吉」駅 徒歩19～23分</li><li>東急東横線「日吉」駅バス14分 徒歩1～4分</li><li>横浜市営地下鉄グリーンライン「日吉本町」駅 徒歩13～16分</li>
kanagawa,hiyoshi,サンヴァリエ日吉,169100,,,,,,,横浜市港北区下田町4-1ほか,12号棟,鉄筋コンクリート造,7,N,716号室,3DK,68,8,164700,4400,2か月,['近居割'],随時,https://www.ur-net.go.jp/chintai/kanto/kanagawa/40_3290_room.html?JKSS=000120716,<li>東急東横線「日吉」駅 徒歩19～23分</li><li>東急東横線「日吉」駅バス14分 徒歩1～4分</li><li>横浜市営地下鉄グリーンライン「日吉本町」駅 徒歩13～16分</li>
kanagawa,hiyoshi,サンヴァリエ日吉,178100,東急東横線「日吉」駅,19.0,23.0,東急東横線「日吉」駅,15.0,18.0,横浜市港北区下田町4-1ほか,2号棟,鉄筋コンクリート造,3,N,308号室,3LDK,71,5,173700,4400,2か月,['近居割'],随時,https://www.ur-net.go.jp/chintai/kanto/kanagawa/40_3290_room.html?JKSS=000020308,<li>東急東横線「日吉」駅 徒歩19～23分</li><li>東急東横線「日吉」駅バス14分 徒歩1～4分</li><li>横浜市営地下鉄グリーンライン「日吉本町」駅 徒歩13～16分</li>
kanagawa,hiyoshi,サンヴァリエ日吉,178100,横浜市営地下鉄グリーンライン「日吉本町」駅,13.0,16.0,,,,横浜市港北区下田町4-1ほか,2号棟,鉄筋コンクリート造,3,N,308号室,3LDK,71,5,173700,4400,2か月,['近居割'],随時,https://www.ur-net.go.jp/chintai/kanto/kanagawa/40_3290_room.html?JKSS=000020308,<li>東急東横線「日吉」駅 徒歩19～23分</li><li>東急東横線「日吉」駅バス14分 徒歩1～4分</li><li>横浜市営地下鉄グリーンライン「日吉本町」駅 徒歩13～16分</li>
kanagawa,hiyoshi,サンヴァリエ日吉,178100,,,,,,,横浜市港北区下田町4-1ほか,2号棟,鉄筋コンクリート造,3,N,308号室,3LDK,71,5,173700,4400,2か月,['近居割'],随時,https://www.ur-net.go.jp/chintai/kanto/kanagawa/40_3290_room.html?JKSS=000020308,<li>東急東横線「日吉」駅 徒歩19～23分</li><li>東急東横線「日吉」駅バス14分 徒歩1～4分</li><li>横浜市営地下鉄グリーンライン「日吉本町」駅 徒歩13～16分</li>
kanagawa,kohoku,霧が丘グリーンタウン,98700,,,,JR横浜線「十日市場」駅,9.0,13.0,横浜市緑区霧が丘3-22-5ほか,22-13号棟,鉄筋コンクリート造,3,N,303号室,1LDK,65,5,93700,5000,2か月,['近居割'],随時,https://www.ur-net.go.jp/chintai/kanto/kanagawa/40_2030_room.html?JKSS=022130303,<li>JR横浜線「十日市場」駅バス7分 徒歩2～6分</li><li>東急田園都市線「青葉台」駅バス19分 徒歩2～6分</li><li>JR横浜線「長津田」駅バス11分 徒歩6～13分</li>
kanagawa,kohoku,霧が丘グリーンタウン,98700,,,,東急田園都市線「青葉台」駅,21.0,25.0,横浜市緑区霧が丘3-22-5ほか,22-13号棟,鉄筋コンクリート造,3,N,303号室,1LDK,65,5,93700,5000,2か月,['近居割'],随時,https://www.ur-net.go.jp/chintai/kanto/kanagawa/40_2030_room.html?JKSS=022130303,<li>JR横浜線「十日市場」駅バス7分 徒歩2～6分</li><li>東急田園都市線「青葉台」駅バス19分 徒歩2～6分</li><li>JR横浜線「長津田」駅バス11分 徒歩6～13分</li>
kanagawa,kohoku,霧が丘グリーンタウン,98700,,,,JR横浜線「長津田」駅,17.0,24.0,横浜市緑区霧が丘3-22-5ほか,22-13号棟,鉄筋コンクリート造,3,N,303号室,1LDK,65,5,93700,5000,2か月,['近居割'],随時,https://www.ur-net.go.jp/chintai/kanto/kanagawa/40_2030_room.html?JKSS=022130303,<li>JR横浜線「十日市場」駅バス7分 徒歩2～6分</li><li>東急田園都市線「青葉台」駅バス19分 徒歩2～6分</li><li>JR横浜線「長津田」駅バス11分 徒歩6～13分</li>
kanagawa,kohoku,霧が丘グリーンタウン,98700,,,,,,,横浜市緑区霧が丘3-22-5ほか,22-13号棟,鉄筋コンクリート造,3,N,303号室,1LDK,65,5,93700,5000,2か月,['近居割'],随時,https://www.ur-net.go.jp/chintai/kanto/kanagawa/40_2030_room.html?JKSS=022130303,<li>JR横浜線「十日市場」駅バス7分 徒歩2～6分</li><li>東急田園都市線「青葉台」駅バス19分 徒歩2～6分</li><li>JR横浜線「長津田」駅バス11分 徒歩6～13分</li>
kanagawa,kohoku,霧が丘グリーンタウン,111800,,,,JR横浜線「十日市場」駅,9.0,13.0,横浜市緑区霧が丘3-22-5ほか,24-5号棟,鉄筋コンクリート造,5,N,502号室,3LDK,84,5,106800,5000,2か月,['近居割'],随時,https://www.ur-net.go.jp/chintai/kanto/kanagawa/40_2030_room.html?JKSS=024050502,<li>JR横浜線「十日市場」駅バス7分 徒歩2～6分</li><li>東急田園都市線「青葉台」駅バス19分 徒歩2～6分</li><li>JR横浜線「長津田」駅バス11分 徒歩6～13分</li>
kanagawa,kohoku,霧が丘グリーンタウン,111800,,,,東急田園都市線「青葉台」駅,21.0,25.0,横浜市緑区霧が丘3-22-5ほか,24-5号棟,鉄筋コンクリート造,5,N,502号室,3LDK,84,5,106800,5000,2か月,['近居割'],随時,https://www.ur-net.go.jp/chintai/kanto/kanagawa/40_2030_room.html?JKSS=024050502,<li>JR横浜線「十日市場」駅バス7分 徒歩2～6分</li><li>東急田園都市線「青葉台」駅バス19分 徒歩2～6分</li><li>JR横浜線「長津田」駅バス11分 徒歩6～13分</li>
kanagawa,kohoku,霧が丘グリーンタウン,111800,,,,JR横浜線「長津田」駅,17.0,24.0,横浜市緑区霧が丘3-22-5ほか,24-5号棟,鉄筋コンクリート造,5,N,502号室,3LDK,84,5,106800,5000,2か月,['近居割'],随時,https://www.ur-net.go.jp/chintai/kanto/kanagawa/40_2030_room.html?JKSS=024050502,<li>JR横浜線「十日市場」駅バス7分 徒歩2～6分</li><li>東急田園都市線「青葉台」駅バス19分 徒歩2～6分</li><li>JR横浜線「長津田」駅バス11分 徒歩6～13分</li>
kanagawa,kohoku,霧が丘グリーンタウン,111800,,,,,,,横浜市緑区霧が丘3-22-5ほか,24-5号棟,鉄筋コンクリート造,5,N,502号室,3LDK,84,5,106800,5000,2か月,['近居割'],随時,https://www.ur-net.go.jp/chintai/kanto/kanagawa/40_2030_room.html?JKSS=024050502,<li>JR横浜線「十日市場」駅バス7分 徒歩2～6分</li><li>東急田園都市線「青葉台」駅バス19分 徒歩2～6分</li><li>JR横浜線「長津田」駅バス11分 徒歩6～13分</li>
kanagawa,kohoku,霧が丘グリーンタウン,114400,,,,JR横浜線「十日市場」駅,9.0,13.0,横浜市緑区霧が丘3-22-5ほか,24-5号棟,鉄筋コンクリート造,4,N,407号室,3LDK,84,5,109400,5000,2か月,['近居割'],随時,https://www.ur-net.go.jp/chintai/kanto/kanagawa/40_2030_room.html?JKSS=024050407,<li>JR横浜線「十日市場」駅バス7分 徒歩2～6分</li><li>東急田園都市線「青葉台」駅バス19分 徒歩2～6分</li><li>JR横浜線「長津田」駅バス11分 徒歩6～13分</li>
kanagawa,kohoku,霧が丘グリーンタウン,114400,,,,東急田園都市線「青葉台」駅,21.0,25.0,横浜市緑区霧が丘3-22-5ほか,24-5号棟,鉄筋コンクリート造,4,N,407号室,3LDK,84,5,109400,5000,2か月,['近居割'],随時,https://www.ur-net.go.jp/chintai/kanto/kanagawa/40_2030_room.html?JKSS=024050407,<li>JR横浜線「十日市場」駅バス7分 徒歩2～6分</li><li>東急田園都市線「青葉台」駅バス19分 徒歩2～6分</li><li>JR横浜線「長津田」駅バス11分 徒歩6～13分</li>
kanagawa,kohoku,霧が丘グリーンタウン,114400,,,,JR横浜線「長津田」駅,17.0,24.0,横浜市緑区霧が丘3-22-5ほか,24-5号棟,鉄筋コンクリート造,4,N,407号室,3LDK,84,5,109400,5000,2か月,['近居割'],随時,https://www.ur-net.go.jp/chintai/kanto/kanagawa/40_2030_room.html?JKSS=024050407,<li>JR横浜線「十日市場」駅バス7分 徒歩2～6分</li><li>東急田園都市線「青葉台」駅バス19分 徒歩2～6分</li><li>JR横浜線「長津田」駅バス11分 徒歩6～13分</li>
kanagawa,kohoku,霧が丘グリーンタウン,114400,,,,,,,横浜市緑区霧が丘3-22-5ほか,24-5号棟,鉄筋コンクリート造,4,N,407号室,3LDK,84,5,109400,5000,2か月,['近居割'],随時,https://www.ur-net.go.jp/chintai/kanto/kanagawa/40_2030_room.html?JKSS=024050407,<li>JR横浜線「十日市場」駅バス7分 徒歩2～6分</li><li>東急田園都市線「青葉台」駅バス19分 徒歩2～6分</li><li>JR横浜線「長津田」駅バス11分 徒歩6～13分</li>
kanagawa,kohoku,十日市場ヒルタウン　コンフォール十日市場十四番街,178100,JR横浜線「十日市場」駅,11.0,12.0,,,,横浜市緑区十日市場町1258,14-7号棟,鉄筋コンクリート造,7,N,701号室,4LDK,86,11,173100,5000,2か月,['近居割'],随時,https://www.ur-net.go.jp/chintai/kanto/kanagawa/40_4080_room.html?JKSS=014070701,<li>JR横浜線「十日市場」駅 徒歩11～12分</li><li>東急田園都市線「青葉台」駅バス12分 徒歩11～12分</li><li>JR横浜線「中山」駅バス7分 徒歩8分</li>
kanagawa,kohoku,十日市場ヒルタウン　コンフォール十日市場十四番街,178100,,,,東急田園都市線「青葉台」駅,23.0,24.0,横浜市緑区十日市場町1258,14-7号棟,鉄筋コンクリート造,7,N,701号室,4LDK,86,11,173100,5000,2か月,['近居割'],随時,https://www.ur-net.go.jp/chintai/kanto/kanagawa/40_4080_room.html?JKSS=014070701,<li>JR横浜線「十日市場」駅 徒歩11～12分</li><li>東急田園都市線「青葉台」駅バス12分 徒歩11～12分</li><li>JR横浜線「中山」駅バス7分 徒歩8分</li>
kanagawa,kohoku,十日市場ヒルタウン　コンフォール十日市場十四番街,178100,,,,JR横浜線「中山」駅,15.0,15.0,横浜市緑区十日市場町1258,14-7号棟,鉄筋コンクリート造,7,N,701号室,4LDK,86,11,173100,5000,2か月,['近居割'],随時,https://www.ur-net.go.jp/chintai/kanto/kanagawa/40_4080_room.html?JKSS=014070701,<li>JR横浜線「十日市場」駅 徒歩11～12分</li><li>東急田園都市線「青葉台」駅バス12分 徒歩11～12分</li><li>JR横浜線「中山」駅バス7分 徒歩8分</li>
kanagawa,kohoku,十日市場ヒルタウン　コンフォール十日市場十四番街,178100,,,,,,,横浜市緑区十日市場町1258,14-7号棟,鉄筋コンクリート造,7,N,701号室,4LDK,86,11,173100,5000,2か月,['近居割'],随時,https://www.ur-net.go.jp/chintai/kanto/kanagawa/40_4080_room.html?JKSS=014070701,<li>JR横浜線「十日市場」駅 徒歩11～12分</li><li>東急田園都市線「青葉台」駅バス12分 徒歩11～12分</li><li>JR横浜線「中山」駅バス7分 徒歩8分</li>
kanagawa,shinyurigaoka,奈良北,82500,,,,小田急小田原線「鶴川」駅,15.0,20.0,横浜市青葉区奈良町2913,8号棟,鉄筋コンクリート造、鉄骨鉄筋コンクリート造,4,N,406号室,2LDK,52,5,79600,2900,2か月,"['近居割', '近居割WIDE']",随時,https://www.ur-net.go.jp/chintai/kanto/kanagawa/40_1410_room.html?JKSS=000080406,<li>小田急小田原線「鶴川」駅バス13分 徒歩2～7分</li><li>小田急小田原線「玉川学園前」駅 徒歩15～21分</li><li>東急田園都市線「青葉台」駅バス16～17分 徒歩1～7分</li>
kanagawa,shinyurigaoka,奈良北,82500,小田急小田原線「玉川学園前」駅,15.0,21.0,,,,横浜市青葉区奈良町2913,8号棟,鉄筋コンクリート造、鉄骨鉄筋コンクリート造,4,N,406号室,2LDK,52,5,79600,2900,2か月,"['近居割', '近居割WIDE']",随時,https://www.ur-net.go.jp/chintai/kanto/kanagawa/40_1410_room.html?JKSS=000080406,<li>小田急小田原線「鶴川」駅バス13分 徒歩2～7分</li><li>小田急小田原線「玉川学園前」駅 徒歩15～21分</li><li>東急田園都市線「青葉台」駅バス16～17分 徒歩1～7分</li>
kanagawa,shinyurigaoka,奈良北,82500,,,,東急田園都市線「青葉台」駅,17.0,24.0,横浜市青葉区奈良町2913,8号棟,鉄筋コンクリート造、鉄骨鉄筋コンクリート造,4,N,406号室,2LDK,52,5,79600,2900,2か月,"['近居割', '近居割WIDE']",随時,https://www.ur-net.go.jp/chintai/kanto/kanagawa/40_1410_room.html?JKSS=000080406,<li>小田急小田原線「鶴川」駅バス13分 徒歩2～7分</li><li>小田急小田原線「玉川学園前」駅 徒歩15～21分</li><li>東急田園都市線「青葉台」駅バス16～17分 徒歩1～7分</li>
kanagawa,shinyurigaoka,奈良北,82500,,,,,,,横浜市青葉区奈良町2913,8号棟,鉄筋コンクリート造、鉄骨鉄筋コンクリート造,4,N,406号室,2LDK,52,5,79600,2900,2か月,"['近居割', '近居割WIDE']",随時,https://www.ur-net.go.jp/chintai/kanto/kanagawa/40_1410_room.html?JKSS=000080406,<li>小田急小田原線「鶴川」駅バス13分 徒歩2～7分</li><li>小田急小田原線「玉川学園前」駅 徒歩15～21分</li><li>東急田園都市線「青葉台」駅バス16～17分 徒歩1～7分</li>
kanagawa,shinyurigaoka,奈良北,89000,,,,小田急小田原線「鶴川」駅,15.0,20.0,横浜市青葉区奈良町2913,7号棟,鉄筋コンクリート造、鉄骨鉄筋コンクリート造,8,N,824号室,2LDK,54,8,86100,2900,2か月,"['近居割', '近居割WIDE']",随時,https://www.ur-net.go.jp/chintai/kanto/kanagawa/40_1410_room.html?JKSS=000070824,<li>小田急小田原線「鶴川」駅バス13分 徒歩2～7分</li><li>小田急小田原線「玉川学園前」駅 徒歩15～21分</li><li>東急田園都市線「青葉台」駅バス16～17分 徒歩1～7分</li>
kanagawa,shinyurigaoka,奈良北,89000,小田急小田原線「玉川学園前」駅,15.0,21.0,,,,横浜市青葉区奈良町2913,7号棟,鉄筋コンクリート造、鉄骨鉄筋コンクリート造,8,N,824号室,2LDK,54,8,86100,2900,2か月,"['近居割', '近居割WIDE']",随時,https://www.ur-net.go.jp/chintai/kanto/kanagawa/40_1410_room.html?JKSS=000070824,<li>小田急小田原線「鶴川」駅バス13分 徒歩2～7分</li><li>小田急小田原線「玉川学園前」駅 徒歩15～21分</li><li>東急田園都市線「青葉台」駅バス16～17分 徒歩1～7分</li>
kanagawa,shinyurigaoka,奈良北,89000,,,,東急田園都市線「青葉台」駅,17.0,24.0,横浜市青葉区奈良町2913,7号棟,鉄筋コンクリート造、鉄骨鉄筋コンクリート造,8,N,824号室,2LDK,54,8,86100,2900,2か月,"['近居割', '近居割WIDE']",随時,https://www.ur-net.go.jp/chintai/kanto/kanagawa/40_1410_room.html?JKSS=000070824,<li>小田急小田原線「鶴川」駅バス13分 徒歩2～7分</li><li>小田急小田原線「玉川学園前」駅 徒歩15～21分</li><li>東急田園都市線「青葉台」駅バス16～17分 徒歩1～7分</li>
kanagawa,shinyurigaoka,奈良北,89000,,,,,,,横浜市青葉区奈良町2913,7号棟,鉄筋コンクリート造、鉄骨鉄筋コンクリート造,8,N,824号室,2LDK,54,8,86100,2900,2か月,"['近居割', '近居割WIDE']",随時,https://www.ur-net.go.jp/chintai/kanto/kanagawa/40_1410_room.html?JKSS=000070824,<li>小田急小田原線「鶴川」駅バス13分 徒歩2～7分</li><li>小田急小田原線「玉川学園前」駅 徒歩15～21分</li><li>東急田園都市線「青葉台」駅バス16～17分 徒歩1～7分</li>
kanagawa,shinyurigaoka,奈良北,93800,,,,小田急小田原線「鶴川」駅,15.0,20.0,横浜市青葉区奈良町2913,7号棟,鉄筋コンクリート造、鉄骨鉄筋コンクリート造,6,N,614号室,2LDK,54,8,90900,2900,2か月,"['近居割', '近居割WIDE']",随時,https://www.ur-net.go.jp/chintai/kanto/kanagawa/40_1410_room.html?JKSS=000070614,<li>小田急小田原線「鶴川」駅バス13分 徒歩2～7分</li><li>小田急小田原線「玉川学園前」駅 徒歩15～21分</li><li>東急田園都市線「青葉台」駅バス16～17分 徒歩1～7分</li>
kanagawa,shinyurigaoka,奈良北,93800,小田急小田原線「玉川学園前」駅,15.0,21.0,,,,横浜市青葉区奈良町2913,7号棟,鉄筋コンクリート造、鉄骨鉄筋コンクリート造,6,N,614号室,2LDK,54,8,90900,2900,2か月,"['近居割', '近居割WIDE']",随時,https://www.ur-net.go.jp/chintai/kanto/kanagawa/40_1410_room.html?JKSS=000070614,<li>小田急小田原線「鶴川」駅バス13分 徒歩2～7分</li><li>小田急小田原線「玉川学園前」駅 徒歩15～21分</li><li>東急田園都市線「青葉台」駅バス16～17分 徒歩1～7分</li>
kanagawa,shinyurigaoka,奈良北,93800,,,,東急田園都市線「青葉台」駅,17.0,24.0,横浜市青葉区奈良町2913,7号棟,鉄筋コンクリート造、鉄骨鉄筋コンクリート造,6,N,614号室,2LDK,54,8,90900,2900,2か月,"['近居割', '近居割WIDE']",随時,https://www.ur-net.go.jp/chintai/kanto/kanagawa/40_1410_room.html?JKSS=000070614,<li>小田急小田原線「鶴川」駅バス13分 徒歩2～7分</li><li>小田急小田原線「玉川学園前」駅 徒歩15～21分</li><li>東急田園都市線「青葉台」駅バス16～17分 徒歩1～7分</li>
kanagawa,shinyurigaoka,奈良北,93800,,,,,,,横浜市青葉区奈良町2913,7号棟,鉄筋コンクリート造、鉄骨鉄筋コンクリート造,6,N,614号室,2LDK,54,8,90900,2900,2か月,"['近居割', '近居割WIDE']",随時,https://www.ur-net.go.jp/chintai/kanto/kanagawa/40_1410_room.html?JKSS=000070614,<li>小田急小田原線「鶴川」駅バス13分 徒歩2～7分</li><li>小田急小田原線「玉川学園前」駅 徒歩15～21分</li><li>東急田園都市線「青葉台」駅バス16～17分 徒歩1～7分</li>
kanagawa,shinyurigaoka,すすき野,88600,,,,東急田園都市線「たまプラーザ」駅,14.0,16.0,横浜市青葉区すすき野3-6-1,6-20号棟,鉄筋コンクリート造,3,N,302号室,3K,45,5,85300,3300,2か月,['URライト（4年定借）'],随時,https://www.ur-net.go.jp/chintai/kanto/kanagawa/40_1650_room.html?JKSS=006200302,<li>東急田園都市線「たまプラーザ」駅バス10分 徒歩4～6分</li><li>東急田園都市線「あざみ野」駅バス9分 徒歩4～8分</li><li>小田急小田原線「新百合ヶ丘」駅バス16分 徒歩8～11分</li>
kanagawa,shinyurigaoka,すすき野,88600,,,,東急田園都市線「あざみ野」駅,13.0,17.0,横浜市青葉区すすき野3-6-1,6-20号棟,鉄筋コンクリート造,3,N,302号室,3K,45,5,85300,3300,2か月,['URライト（4年定借）'],随時,https://www.ur-net.go.jp/chintai/kanto/kanagawa/40_1650_room.html?JKSS=006200302,<li>東急田園都市線「たまプラーザ」駅バス10分 徒歩4～6分</li><li>東急田園都市線「あざみ野」駅バス9分 徒歩4～8分</li><li>小田急小田原線「新百合ヶ丘」駅バス16分 徒歩8～11分</li>
kanagawa,shinyurigaoka,すすき野,88600,,,,小田急小田原線「新百合ヶ丘」駅,24.0,27.0,横浜市青葉区すすき野3-6-1,6-20号棟,鉄筋コンクリート造,3,N,302号室,3K,45,5,85300,3300,2か月,['URライト（4年定借）'],随時,https://www.ur-net.go.jp/chintai/kanto/kanagawa/40_1650_room.html?JKSS=006200302,<li>東急田園都市線「たまプラーザ」駅バス10分 徒歩4～6分</li><li>東急田園都市線「あざみ野」駅バス9分 徒歩4～8分</li><li>小田急小田原線「新百合ヶ丘」駅バス16分 徒歩8～11分</li>
kanagawa,shinyurigaoka,すすき野,88600,,,,,,,横浜市青葉区すすき野3-6-1,6-20号棟,鉄筋コンクリート造,3,N,302号室,3K,45,5,85300,3300,2か月,['URライト（4年定借）'],随時,https://www.ur-net.go.jp/chintai/kanto/kanagawa/40_1650_room.html?JKSS=006200302,<li>東急田園都市線「たまプラーザ」駅バス10分 徒歩4～6分</li><li>東急田園都市線「あざみ野」駅バス9分 徒歩4～8分</li><li>小田急小田原線「新百合ヶ丘」駅バス16分 徒歩8～11分</li>
kanagawa,shinyurigaoka,グリーンヒル鴨志田中央,109400,,,,東急田園都市線「青葉台」駅,10.0,11.0,横浜市青葉区鴨志田町539-3,3号棟,鉄筋コンクリート造,5,N,502号室,3DK,61,5,104300,5100,2か月,['近居割'],随時,https://www.ur-net.go.jp/chintai/kanto/kanagawa/40_2880_room.html?JKSS=000030502,<li>東急田園都市線「青葉台」駅バス8分 徒歩2～3分</li><li>小田急小田原線「柿生」駅バス13分 徒歩2～3分</li><li>東急こどもの国線「こどもの国」駅 徒歩36分</li>
kanagawa,shinyurigaoka,グリーンヒル鴨志田中央,109400,,,,小田急小田原線「柿生」駅,15.0,16.0,横浜市青葉区鴨志田町539-3,3号棟,鉄筋コンクリート造,5,N,502号室,3DK,61,5,104300,5100,2か月,['近居割'],随時,https://www.ur-net.go.jp/chintai/kanto/kanagawa/40_2880_room.html?JKSS=000030502,<li>東急田園都市線「青葉台」駅バス8分 徒歩2～3分</li><li>小田急小田原線「柿生」駅バス13分 徒歩2～3分</li><li>東急こどもの国線「こどもの国」駅 徒歩36分</li>
kanagawa,shinyurigaoka,グリーンヒル鴨志田中央,109400,東急こどもの国線「こどもの国」駅,36.0,36.0,,,,横浜市青葉区鴨志田町539-3,3号棟,鉄筋コンクリート造,5,N,502号室,3DK,61,5,104300,5100,2か月,['近居割'],随時,https://www.ur-net.go.jp/chintai/kanto/kanagawa/40_2880_room.html?JKSS=000030502,<li>東急田園都市線「青葉台」駅バス8分 徒歩2～3分</li><li>小田急小田原線「柿生」駅バス13分 徒歩2～3分</li><li>東急こどもの国線「こどもの国」駅 徒歩36分</li>
kanagawa,shinyurigaoka,グリーンヒル鴨志田中央,109400,,,,,,,横浜市青葉区鴨志田町539-3,3号棟,鉄筋コンクリート造,5,N,502号室,3DK,61,5,104300,5100,2か月,['近居割'],随時,https://www.ur-net.go.jp/chintai/kanto/kanagawa/40_2880_room.html?JKSS=000030502,<li>東急田園都市線「青葉台」駅バス8分 徒歩2～3分</li><li>小田急小田原線「柿生」駅バス13分 徒歩2～3分</li><li>東急こどもの国線「こどもの国」駅 徒歩36分</li>
kanagawa,kohoku,港北ニュータウン　ビュープラザセンター北,119400,横浜市営地下鉄ブルーライン「センター北」駅,13.0,16.0,,,,横浜市都筑区南山田1-3,10号棟,鉄筋コンクリート造,4,N,409号室,1LDK,56,9,114900,4500,2か月,['近居割'],随時,https://www.ur-net.go.jp/chintai/kanto/kanagawa/40_3070_room.html?JKSS=000100409,<li>横浜市営地下鉄ブルーライン「センター北」駅 徒歩13～16分</li><li>横浜市営地下鉄グリーンライン「北山田」駅 徒歩13～15分</li><li>東急田園都市線「鷺沼」駅バス9分 徒歩18～19分</li>
kanagawa,kohoku,港北ニュータウン　ビュープラザセンター北,119400,横浜市営地下鉄グリーンライン「北山田」駅,13.0,15.0,,,,横浜市都筑区南山田1-3,10号棟,鉄筋コンクリート造,4,N,409号室,1LDK,56,9,114900,4500,2か月,['近居割'],随時,https://www.ur-net.go.jp/chintai/kanto/kanagawa/40_3070_room.html?JKSS=000100409,<li>横浜市営地下鉄ブルーライン「センター北」駅 徒歩13～16分</li><li>横浜市営地下鉄グリーンライン「北山田」駅 徒歩13～15分</li><li>東急田園都市線「鷺沼」駅バス9分 徒歩18～19分</li>
kanagawa,kohoku,港北ニュータウン　ビュープラザセンター北,119400,,,,東急田園都市線「鷺沼」駅,27.0,28.0,横浜市都筑区南山田1-3,10号棟,鉄筋コンクリート造,4,N,409号室,1LDK,56,9,114900,4500,2か月,['近居割'],随時,https://www.ur-net.go.jp/chintai/kanto/kanagawa/40_3070_room.html?JKSS=000100409,<li>横浜市営地下鉄ブルーライン「センター北」駅 徒歩13～16分</li><li>横浜市営地下鉄グリーンライン「北山田」駅 徒歩13～15分</li><li>東急田園都市線「鷺沼」駅バス9分 徒歩18～19分</li>
kanagawa,kohoku,港北ニュータウン　ビュープラザセンター北,119400,,,,,,,横浜市都筑区南山田1-3,10号棟,鉄筋コンクリート造,4,N,409号室,1LDK,56,9,114900,4500,2か月,['近居割'],随時,https://www.ur-net.go.jp/chintai/kanto/kanagawa/40_3070_room.html?JKSS=000100409,<li>横浜市営地下鉄ブルーライン「センター北」駅 徒歩13～16分</li><li>横浜市営地下鉄グリーンライン「北山田」駅 徒歩13～15分</li><li>東急田園都市線「鷺沼」駅バス9分 徒歩18～19分</li>
kanagawa,kohoku,港北ニュータウン　コンフォール東山田,128600,横浜市営地下鉄グリーンライン「東山田」駅,17.0,17.0,,,,横浜市都筑区東山田4-5,5号棟,鉄筋コンクリート造,2,N,202号室,3LDK,72,5,124900,3700,2か月,['近居割'],随時,https://www.ur-net.go.jp/chintai/kanto/kanagawa/40_3080_room.html?JKSS=000050202,<li>横浜市営地下鉄グリーンライン「東山田」駅 徒歩17分</li><li>横浜市営地下鉄グリーンライン「北山田」駅 徒歩19～20分</li><li>横浜市営地下鉄グリーンライン「センター北」駅バス12分 徒歩4分</li>
kanagawa,kohoku,港北ニュータウン　コンフォール東山田,128600,横浜市営地下鉄グリーンライン「北山田」駅,19.0,20.0,,,,横浜市都筑区東山田4-5,5号棟,鉄筋コンクリート造,2,N,202号室,3LDK,72,5,124900,3700,2か月,['近居割'],随時,https://www.ur-net.go.jp/chintai/kanto/kanagawa/40_3080_room.html?JKSS=000050202,<li>横浜市営地下鉄グリーンライン「東山田」駅 徒歩17分</li><li>横浜市営地下鉄グリーンライン「北山田」駅 徒歩19～20分</li><li>横浜市営地下鉄グリーンライン「センター北」駅バス12分 徒歩4分</li>
kanagawa,kohoku,港北ニュータウン　コンフォール東山田,128600,,,,横浜市営地下鉄グリーンライン「センター北」駅,16.0,16.0,横浜市都筑区東山田4-5,5号棟,鉄筋コンクリート造,2,N,202号室,3LDK,72,5,124900,3700,2か月,['近居割'],随時,https://www.ur-net.go.jp/chintai/kanto/kanagawa/40_3080_room.html?JKSS=000050202,<li>横浜市営地下鉄グリーンライン「東山田」駅 徒歩17分</li><li>横浜市営地下鉄グリーンライン「北山田」駅 徒歩19～20分</li><li>横浜市営地下鉄グリーンライン「センター北」駅バス12分 徒歩4分</li>
kanagawa,kohoku,港北ニュータウン　コンフォール東山田,128600,,,,,,,横浜市都筑区東山田4-5,5号棟,鉄筋コンクリート造,2,N,202号室,3LDK,72,5,124900,3700,2か月,['近居割'],随時,https://www.ur-net.go.jp/chintai/kanto/kanagawa/40_3080_room.html?JKSS=000050202,<li>横浜市営地下鉄グリーンライン「東山田」駅 徒歩17分</li><li>横浜市営地下鉄グリーンライン「北山田」駅 徒歩19～20分</li><li>横浜市営地下鉄グリーンライン「センター北」駅バス12分 徒歩4分</li>
kanagawa,kohoku,港北ニュータウン　プロムナード仲町台,201200,横浜市営地下鉄ブルーライン「仲町台」駅,4.0,5.0,,,,横浜市都筑区仲町台5-7,5号棟,鉄筋コンクリート造,11,N,1101号室,3DK,71,12,195800,5400,2か月,['近居割'],随時,https://www.ur-net.go.jp/chintai/kanto/kanagawa/40_3340_room.html?JKSS=000051101,<li>横浜市営地下鉄ブルーライン「仲町台」駅 徒歩4～5分</li><li>横浜市営地下鉄グリーンライン「センター南」駅 徒歩24分</li>
kanagawa,kohoku,港北ニュータウン　プロムナード仲町台,201200,横浜市営地下鉄グリーンライン「センター南」駅,24.0,24.0,,,,横浜市都筑区仲町台5-7,5号棟,鉄筋コンクリート造,11,N,1101号室,3DK,71,12,195800,5400,2か月,['近居割'],随時,https://www.ur-net.go.jp/chintai/kanto/kanagawa/40_3340_room.html?JKSS=000051101,<li>横浜市営地下鉄ブルーライン「仲町台」駅 徒歩4～5分</li><li>横浜市営地下鉄グリーンライン「センター南」駅 徒歩24分</li>
kanagawa,kohoku,港北ニュータウン　プロムナード仲町台,201200,,,,,,,横浜市都筑区仲町台5-7,5号棟,鉄筋コンクリート造,11,N,1101号室,3DK,71,12,195800,5400,2か月,['近居割'],随時,https://www.ur-net.go.jp/chintai/kanto/kanagawa/40_3340_room.html?JKSS=000051101,<li>横浜市営地下鉄ブルーライン「仲町台」駅 徒歩4～5分</li><li>横浜市営地下鉄グリーンライン「センター南」駅 徒歩24分</li>
kanagawa,yokohamanishiguchi,ビューコート小港,125100,みなとみらい線「元町・中華街」駅,21.0,23.0,,,,横浜市中区小港町1-1-2,8号棟,鉄筋コンクリート造,7,N,705号室,2DK,49,14,119800,5300,2か月,['URライト（2年定借）'],随時,https://www.ur-net.go.jp/chintai/kanto/kanagawa/40_3310_room.html?JKSS=000080705,<li>みなとみらい線「元町・中華街」駅 徒歩21～23分</li><li>JR京浜東北・根岸線「桜木町」駅バス18分 徒歩3～5分</li><li>JR京浜東北・根岸線「根岸」駅バス18分 徒歩3～5分</li>
kanagawa,yokohamanishiguchi,ビューコート小港,125100,,,,JR京浜東北・根岸線「桜木町」駅,21.0,23.0,横浜市中区小港町1-1-2,8号棟,鉄筋コンクリート造,7,N,705号室,2DK,49,14,119800,5300,2か月,['URライト（2年定借）'],随時,https://www.ur-net.go.jp/chintai/kanto/kanagawa/40_3310_room.html?JKSS=000080705,<li>みなとみらい線「元町・中華街」駅 徒歩21～23分</li><li>JR京浜東北・根岸線「桜木町」駅バス18分 徒歩3～5分</li><li>JR京浜東北・根岸線「根岸」駅バス18分 徒歩3～5分</li>
kanagawa,yokohamanishiguchi,ビューコート小港,125100,,,,JR京浜東北・根岸線「根岸」駅,21.0,23.0,横浜市中区小港町1-1-2,8号棟,鉄筋コンクリート造,7,N,705号室,2DK,49,14,119800,5300,2か月,['URライト（2年定借）'],随時,https://www.ur-net.go.jp/chintai/kanto/kanagawa/40_3310_room.html?JKSS=000080705,<li>みなとみらい線「元町・中華街」駅 徒歩21～23分</li><li>JR京浜東北・根岸線「桜木町」駅バス18分 徒歩3～5分</li><li>JR京浜東北・根岸線「根岸」駅バス18分 徒歩3～5分</li>
kanagawa,yokohamanishiguchi,ビューコート小港,125100,,,,,,,横浜市中区小港町1-1-2,8号棟,鉄筋コンクリート造,7,N,705号室,2DK,49,14,119800,5300,2か月,['URライト（2年定借）'],随時,https://www.ur-net.go.jp/chintai/kanto/kanagawa/40_3310_room.html?JKSS=000080705,<li>みなとみらい線「元町・中華街」駅 徒歩21～23分</li><li>JR京浜東北・根岸線「桜木町」駅バス18分 徒歩3～5分</li><li>JR京浜東北・根岸線「根岸」駅バス18分 徒歩3～5分</li>
kanagawa,yokohamanishiguchi,ビューコート小港,155200,みなとみらい線「元町・中華街」駅,21.0,23.0,,,,横浜市中区小港町1-1-2,5号棟,鉄筋コンクリート造,14,N,1404号室,3DK,62,14,149900,5300,2か月,['近居割'],随時,https://www.ur-net.go.jp/chintai/kanto/kanagawa/40_3310_room.html?JKSS=000051404,<li>みなとみらい線「元町・中華街」駅 徒歩21～23分</li><li>JR京浜東北・根岸線「桜木町」駅バス18分 徒歩3～5分</li><li>JR京浜東北・根岸線「根岸」駅バス18分 徒歩3～5分</li>
kanagawa,yokohamanishiguchi,ビューコート小港,155200,,,,JR京浜東北・根岸線「桜木町」駅,21.0,23.0,横浜市中区小港町1-1-2,5号棟,鉄筋コンクリート造,14,N,1404号室,3DK,62,14,149900,5300,2か月,['近居割'],随時,https://www.ur-net.go.jp/chintai/kanto/kanagawa/40_3310_room.html?JKSS=000051404,<li>みなとみらい線「元町・中華街」駅 徒歩21～23分</li><li>JR京浜東北・根岸線「桜木町」駅バス18分 徒歩3～5分</li><li>JR京浜東北・根岸線「根岸」駅バス18分 徒歩3～5分</li>
kanagawa,yokohamanishiguchi,ビューコート小港,155200,,,,JR京浜東北・根岸線「根岸」駅,21.0,23.0,横浜市中区小港町1-1-2,5号棟,鉄筋コンクリート造,14,N,1404号室,3DK,62,14,149900,5300,2か月,['近居割'],随時,https://www.ur-net.go.jp/chintai/kanto/kanagawa/40_3310_room.html?JKSS=000051404,<li>みなとみらい線「元町・中華街」駅 徒歩21～23分</li><li>JR京浜東北・根岸線「桜木町」駅バス18分 徒歩3～5分</li><li>JR京浜東北・根岸線「根岸」駅バス18分 徒歩3～5分</li>
kanagawa,yokohamanishiguchi,ビューコート小港,155200,,,,,,,横浜市中区小港町1-1-2,5号棟,鉄筋コンクリート造,14,N,1404号室,3DK,62,14,149900,5300,2か月,['近居割'],随時,https://www.ur-net.go.jp/chintai/kanto/kanagawa/40_3310_room.html?JKSS=000051404,<li>みなとみらい線「元町・中華街」駅 徒歩21～23分</li><li>JR京浜東北・根岸線「桜木町」駅バス18分 徒歩3～5分</li><li>JR京浜東北・根岸線「根岸」駅バス18分 徒歩3～5分</li>
kanagawa,yokohamanishiguchi,プロムナード本牧,137900,,,,JR京浜東北・根岸線「根岸」駅,16.0,18.0,横浜市中区本牧宮原6-1,2号棟,鉄筋コンクリート造,1,N,103号室,1LDK,60,10,133500,4400,2か月,['近居割'],随時,https://www.ur-net.go.jp/chintai/kanto/kanagawa/40_4070_room.html?JKSS=000020103,<li>JR京浜東北・根岸線「根岸」駅バス14分 徒歩2～4分</li><li>みなとみらい線「元町・中華街」駅バス12分 徒歩2～4分</li><li>JR京浜東北・根岸線「石川町」駅バス13分 徒歩2～4分</li>
kanagawa,yokohamanishiguchi,プロムナード本牧,137900,,,,みなとみらい線「元町・中華街」駅,14.0,16.0,横浜市中区本牧宮原6-1,2号棟,鉄筋コンクリート造,1,N,103号室,1LDK,60,10,133500,4400,2か月,['近居割'],随時,https://www.ur-net.go.jp/chintai/kanto/kanagawa/40_4070_room.html?JKSS=000020103,<li>JR京浜東北・根岸線「根岸」駅バス14分 徒歩2～4分</li><li>みなとみらい線「元町・中華街」駅バス12分 徒歩2～4分</li><li>JR京浜東北・根岸線「石川町」駅バス13分 徒歩2～4分</li>
kanagawa,yokohamanishiguchi,プロムナード本牧,137900,,,,JR京浜東北・根岸線「石川町」駅,15.0,17.0,横浜市中区本牧宮原6-1,2号棟,鉄筋コンクリート造,1,N,103号室,1LDK,60,10,133500,4400,2か月,['近居割'],随時,https://www.ur-net.go.jp/chintai/kanto/kanagawa/40_4070_room.html?JKSS=000020103,<li>JR京浜東北・根岸線「根岸」駅バス14分 徒歩2～4分</li><li>みなとみらい線「元町・中華街」駅バス12分 徒歩2～4分</li><li>JR京浜東北・根岸線「石川町」駅バス13分 徒歩2～4分</li>
kanagawa,yokohamanishiguchi,プロムナード本牧,137900,,,,,,,横浜市中区本牧宮原6-1,2号棟,鉄筋コンクリート造,1,N,103号室,1LDK,60,10,133500,4400,2か月,['近居割'],随時,https://www.ur-net.go.jp/chintai/kanto/kanagawa/40_4070_room.html?JKSS=000020103,<li>JR京浜東北・根岸線「根岸」駅バス14分 徒歩2～4分</li><li>みなとみらい線「元町・中華街」駅バス12分 徒歩2～4分</li><li>JR京浜東北・根岸線「石川町」駅バス13分 徒歩2～4分</li>
kanagawa,yokohamanishiguchi,ベイシティ本牧南,145600,,,,JR京浜東北・根岸線「根岸」駅,16.0,19.0,横浜市中区本牧原21,4号棟,鉄筋コンクリート造,6,N,605号室,1LDK,54,8,140600,5000,2か月,['近居割'],随時,https://www.ur-net.go.jp/chintai/kanto/kanagawa/40_3820_room.html?JKSS=000040605,<li>JR京浜東北・根岸線「根岸」駅バス13分 徒歩3～6分</li><li>みなとみらい線「元町・中華街」駅バス13分 徒歩3～6分</li><li>JR京浜東北・根岸線「桜木町」駅バス24分 徒歩3～6分</li>
kanagawa,yokohamanishiguchi,ベイシティ本牧南,145600,,,,みなとみらい線「元町・中華街」駅,16.0,19.0,横浜市中区本牧原21,4号棟,鉄筋コンクリート造,6,N,605号室,1LDK,54,8,140600,5000,2か月,['近居割'],随時,https://www.ur-net.go.jp/chintai/kanto/kanagawa/40_3820_room.html?JKSS=000040605,<li>JR京浜東北・根岸線「根岸」駅バス13分 徒歩3～6分</li><li>みなとみらい線「元町・中華街」駅バス13分 徒歩3～6分</li><li>JR京浜東北・根岸線「桜木町」駅バス24分 徒歩3～6分</li>
kanagawa,yokohamanishiguchi,ベイシティ本牧南,145600,,,,JR京浜東北・根岸線「桜木町」駅,27.0,30.0,横浜市中区本牧原21,4号棟,鉄筋コンクリート造,6,N,605号室,1LDK,54,8,140600,5000,2か月,['近居割'],随時,https://www.ur-net.go.jp/chintai/kanto/kanagawa/40_3820_room.html?JKSS=000040605,<li>JR京浜東北・根岸線「根岸」駅バス13分 徒歩3～6分</li><li>みなとみらい線「元町・中華街」駅バス13分 徒歩3～6分</li><li>JR京浜東北・根岸線「桜木町」駅バス24分 徒歩3～6分</li>
kanagawa,yokohamanishiguchi,ベイシティ本牧南,145600,,,,,,,横浜市中区本牧原21,4号棟,鉄筋コンクリート造,6,N,605号室,1LDK,54,8,140600,5000,2か月,['近居割'],随時,https://www.ur-net.go.jp/chintai/kanto/kanagawa/40_3820_room.html?JKSS=000040605,<li>JR京浜東北・根岸線「根岸」駅バス13分 徒歩3～6分</li><li>みなとみらい線「元町・中華街」駅バス13分 徒歩3～6分</li><li>JR京浜東北・根岸線「桜木町」駅バス24分 徒歩3～6分</li>
kanagawa,yokohamanishiguchi,ベイシティ本牧南,159100,,,,JR京浜東北・根岸線「根岸」駅,16.0,19.0,横浜市中区本牧原21,3号棟,鉄筋コンクリート造,5,N,504号室,3LDK,76,12,154100,5000,2か月,['近居割'],随時,https://www.ur-net.go.jp/chintai/kanto/kanagawa/40_3820_room.html?JKSS=000030504,<li>JR京浜東北・根岸線「根岸」駅バス13分 徒歩3～6分</li><li>みなとみらい線「元町・中華街」駅バス13分 徒歩3～6分</li><li>JR京浜東北・根岸線「桜木町」駅バス24分 徒歩3～6分</li>
kanagawa,yokohamanishiguchi,ベイシティ本牧南,159100,,,,みなとみらい線「元町・中華街」駅,16.0,19.0,横浜市中区本牧原21,3号棟,鉄筋コンクリート造,5,N,504号室,3LDK,76,12,154100,5000,2か月,['近居割'],随時,https://www.ur-net.go.jp/chintai/kanto/kanagawa/40_3820_room.html?JKSS=000030504,<li>JR京浜東北・根岸線「根岸」駅バス13分 徒歩3～6分</li><li>みなとみらい線「元町・中華街」駅バス13分 徒歩3～6分</li><li>JR京浜東北・根岸線「桜木町」駅バス24分 徒歩3～6分</li>
kanagawa,yokohamanishiguchi,ベイシティ本牧南,159100,,,,JR京浜東北・根岸線「桜木町」駅,27.0,30.0,横浜市中区本牧原21,3号棟,鉄筋コンクリート造,5,N,504号室,3LDK,76,12,154100,5000,2か月,['近居割'],随時,https://www.ur-net.go.jp/chintai/kanto/kanagawa/40_3820_room.html?JKSS=000030504,<li>JR京浜東北・根岸線「根岸」駅バス13分 徒歩3～6分</li><li>みなとみらい線「元町・中華街」駅バス13分 徒歩3～6分</li><li>JR京浜東北・根岸線「桜木町」駅バス24分 徒歩3～6分</li>
kanagawa,yokohamanishiguchi,ベイシティ本牧南,159100,,,,,,,横浜市中区本牧原21,3号棟,鉄筋コンクリート造,5,N,504号室,3LDK,76,12,154100,5000,2か月,['近居割'],随時,https://www.ur-net.go.jp/chintai/kanto/kanagawa/40_3820_room.html?JKSS=000030504,<li>JR京浜東北・根岸線「根岸」駅バス13分 徒歩3～6分</li><li>みなとみらい線「元町・中華街」駅バス13分 徒歩3～6分</li><li>JR京浜東北・根岸線「桜木町」駅バス24分 徒歩3～6分</li>
kanagawa,yokohamanishiguchi,ベイシティ本牧南,165400,,,,JR京浜東北・根岸線「根岸」駅,16.0,19.0,横浜市中区本牧原21,3号棟,鉄筋コンクリート造,11,N,1107号室,3LDK,76,12,160400,5000,2か月,['近居割'],随時,https://www.ur-net.go.jp/chintai/kanto/kanagawa/40_3820_room.html?JKSS=000031107,<li>JR京浜東北・根岸線「根岸」駅バス13分 徒歩3～6分</li><li>みなとみらい線「元町・中華街」駅バス13分 徒歩3～6分</li><li>JR京浜東北・根岸線「桜木町」駅バス24分 徒歩3～6分</li>
kanagawa,yokohamanishiguchi,ベイシティ本牧南,165400,,,,みなとみらい線「元町・中華街」駅,16.0,19.0,横浜市中区本牧原21,3号棟,鉄筋コンクリート造,11,N,1107号室,3LDK,76,12,160400,5000,2か月,['近居割'],随時,https://www.ur-net.go.jp/chintai/kanto/kanagawa/40_3820_room.html?JKSS=000031107,<li>JR京浜東北・根岸線「根岸」駅バス13分 徒歩3～6分</li><li>みなとみらい線「元町・中華街」駅バス13分 徒歩3～6分</li><li>JR京浜東北・根岸線「桜木町」駅バス24分 徒歩3～6分</li>
kanagawa,yokohamanishiguchi,ベイシティ本牧南,165400,,,,JR京浜東北・根岸線「桜木町」駅,27.0,30.0,横浜市中区本牧原21,3号棟,鉄筋コンクリート造,11,N,1107号室,3LDK,76,12,160400,5000,2か月,['近居割'],随時,https://www.ur-net.go.jp/chintai/kanto/kanagawa/40_3820_room.html?JKSS=000031107,<li>JR京浜東北・根岸線「根岸」駅バス13分 徒歩3～6分</li><li>みなとみらい線「元町・中華街」駅バス13分 徒歩3～6分</li><li>JR京浜東北・根岸線「桜木町」駅バス24分 徒歩3～6分</li>
kanagawa,yokohamanishiguchi,ベイシティ本牧南,165400,,,,,,,横浜市中区本牧原21,3号棟,鉄筋コンクリート造,11,N,1107号室,3LDK,76,12,160400,5000,2か月,['近居割'],随時,https://www.ur-net.go.jp/chintai/kanto/kanagawa/40_3820_room.html?JKSS=000031107,<li>JR京浜東北・根岸線「根岸」駅バス13分 徒歩3～6分</li><li>みなとみらい線「元町・中華街」駅バス13分 徒歩3～6分</li><li>JR京浜東北・根岸線「桜木町」駅バス24分 徒歩3～6分</li>
kanagawa,yokohamanishiguchi,横浜山手コンフォール滝ノ上,165800,JR根岸線「山手」駅,13.0,15.0,,,,横浜市中区滝之上120,4号棟,鉄筋コンクリート造,3,N,304号室,2LDK,65,4,161100,4700,2か月,['近居割'],随時,https://www.ur-net.go.jp/chintai/kanto/kanagawa/40_3790_room.html?JKSS=000040304,<li>JR根岸線「山手」駅 徒歩13～15分</li><li>JR根岸線「根岸」駅バス6分 徒歩1～3分</li>
kanagawa,yokohamanishiguchi,横浜山手コンフォール滝ノ上,165800,,,,JR根岸線「根岸」駅,7.0,9.0,横浜市中区滝之上120,4号棟,鉄筋コンクリート造,3,N,304号室,2LDK,65,4,161100,4700,2か月,['近居割'],随時,https://www.ur-net.go.jp/chintai/kanto/kanagawa/40_3790_room.html?JKSS=000040304,<li>JR根岸線「山手」駅 徒歩13～15分</li><li>JR根岸線「根岸」駅バス6分 徒歩1～3分</li>
kanagawa,yokohamanishiguchi,横浜山手コンフォール滝ノ上,165800,,,,,,,横浜市中区滝之上120,4号棟,鉄筋コンクリート造,3,N,304号室,2LDK,65,4,161100,4700,2か月,['近居割'],随時,https://www.ur-net.go.jp/chintai/kanto/kanagawa/40_3790_room.html?JKSS=000040304,<li>JR根岸線「山手」駅 徒歩13～15分</li><li>JR根岸線「根岸」駅バス6分 徒歩1～3分</li>
kanagawa,futamatagawa,くぬぎ台,65600,,,,相鉄本線「鶴ヶ峰」駅,7.0,12.0,横浜市保土ケ谷区川島町1404,5-11号棟,鉄筋コンクリート造,3,N,304号室,2DK,45,5,61100,4500,2か月,"['近居割', '近居割WIDE']",随時,https://www.ur-net.go.jp/chintai/kanto/kanagawa/40_1420_room.html?JKSS=000511304,<li>相鉄本線「鶴ヶ峰」駅バス5分 徒歩2～7分</li><li>相鉄本線「西谷」駅 徒歩15～20分</li><li>相鉄本線「二俣川」駅バス29分 徒歩3～9分</li>
kanagawa,futamatagawa,くぬぎ台,65600,相鉄本線「西谷」駅,15.0,20.0,,,,横浜市保土ケ谷区川島町1404,5-11号棟,鉄筋コンクリート造,3,N,304号室,2DK,45,5,61100,4500,2か月,"['近居割', '近居割WIDE']",随時,https://www.ur-net.go.jp/chintai/kanto/kanagawa/40_1420_room.html?JKSS=000511304,<li>相鉄本線「鶴ヶ峰」駅バス5分 徒歩2～7分</li><li>相鉄本線「西谷」駅 徒歩15～20分</li><li>相鉄本線「二俣川」駅バス29分 徒歩3～9分</li>
kanagawa,futamatagawa,くぬぎ台,65600,,,,相鉄本線「二俣川」駅,32.0,38.0,横浜市保土ケ谷区川島町1404,5-11号棟,鉄筋コンクリート造,3,N,304号室,2DK,45,5,61100,4500,2か月,"['近居割', '近居割WIDE']",随時,https://www.ur-net.go.jp/chintai/kanto/kanagawa/40_1420_room.html?JKSS=000511304,<li>相鉄本線「鶴ヶ峰」駅バス5分 徒歩2～7分</li><li>相鉄本線「西谷」駅 徒歩15～20分</li><li>相鉄本線「二俣川」駅バス29分 徒歩3～9分</li>
kanagawa,futamatagawa,くぬぎ台,65600,,,,,,,横浜市保土ケ谷区川島町1404,5-11号棟,鉄筋コンクリート造,3,N,304号室,2DK,45,5,61100,4500,2か月,"['近居割', '近居割WIDE']",随時,https://www.ur-net.go.jp/chintai/kanto/kanagawa/40_1420_room.html?JKSS=000511304,<li>相鉄本線「鶴ヶ峰」駅バス5分 徒歩2～7分</li><li>相鉄本線「西谷」駅 徒歩15～20分</li><li>相鉄本線「二俣川」駅バス29分 徒歩3～9分</li>
kanagawa,futamatagawa,左近山,5450069000,,,,相鉄本線「二俣川」駅,14.0,23.0,横浜市旭区左近山16-1ほか,1-17号棟,鉄筋コンクリート造、鉄骨鉄筋コンクリート造,1,N,105号室,3K,45,5,5450064200,4800,2か月,['高齢者向け優良賃貸住宅'],随時,https://www.ur-net.go.jp/chintai/kanto/kanagawa/40_1180_room.html?JKSS=000117105,<li>相鉄本線「二俣川」駅バス13～17分 徒歩1～6分</li><li>JR横須賀線「東戸塚」駅バス25～31分 徒歩1～6分</li><li>相鉄本線「鶴ヶ峰」駅バス24～29分 徒歩1～6分</li>
kanagawa,futamatagawa,左近山,5450069000,,,,JR横須賀線「東戸塚」駅,26.0,37.0,横浜市旭区左近山16-1ほか,1-17号棟,鉄筋コンクリート造、鉄骨鉄筋コンクリート造,1,N,105号室,3K,45,5,5450064200,4800,2か月,['高齢者向け優良賃貸住宅'],随時,https://www.ur-net.go.jp/chintai/kanto/kanagawa/40_1180_room.html?JKSS=000117105,<li>相鉄本線「二俣川」駅バス13～17分 徒歩1～6分</li><li>JR横須賀線「東戸塚」駅バス25～31分 徒歩1～6分</li><li>相鉄本線「鶴ヶ峰」駅バス24～29分 徒歩1～6分</li>
kanagawa,futamatagawa,左近山,5450069000,,,,相鉄本線「鶴ヶ峰」駅,25.0,35.0,横浜市旭区左近山16-1ほか,1-17号棟,鉄筋コンクリート造、鉄骨鉄筋コンクリート造,1,N,105号室,3K,45,5,5450064200,4800,2か月,['高齢者向け優良賃貸住宅'],随時,https://www.ur-net.go.jp/chintai/kanto/kanagawa/40_1180_room.html?JKSS=000117105,<li>相鉄本線「二俣川」駅バス13～17分 徒歩1～6分</li><li>JR横須賀線「東戸塚」駅バス25～31分 徒歩1～6分</li><li>相鉄本線「鶴ヶ峰」駅バス24～29分 徒歩1～6分</li>
kanagawa,futamatagawa,左近山,5450069000,,,,,,,横浜市旭区左近山16-1ほか,1-17号棟,鉄筋コンクリート造、鉄骨鉄筋コンクリート造,1,N,105号室,3K,45,5,5450064200,4800,2か月,['高齢者向け優良賃貸住宅'],随時,https://www.ur-net.go.jp/chintai/kanto/kanagawa/40_1180_room.html?JKSS=000117105,<li>相鉄本線「二俣川」駅バス13～17分 徒歩1～6分</li><li>JR横須賀線「東戸塚」駅バス25～31分 徒歩1～6分</li><li>相鉄本線「鶴ヶ峰」駅バス24～29分 徒歩1～6分</li>
kanagawa,futamatagawa,左近山,70600,,,,相鉄本線「二俣川」駅,14.0,23.0,横浜市旭区左近山16-1ほか,7-8号棟,鉄筋コンクリート造、鉄骨鉄筋コンクリート造,5,N,506号室,3K,50,5,65800,4800,2か月,"['近居割', '近居割WIDE']",随時,https://www.ur-net.go.jp/chintai/kanto/kanagawa/40_1180_room.html?JKSS=007080506,<li>相鉄本線「二俣川」駅バス13～17分 徒歩1～6分</li><li>JR横須賀線「東戸塚」駅バス25～31分 徒歩1～6分</li><li>相鉄本線「鶴ヶ峰」駅バス24～29分 徒歩1～6分</li>
kanagawa,futamatagawa,左近山,70600,,,,JR横須賀線「東戸塚」駅,26.0,37.0,横浜市旭区左近山16-1ほか,7-8号棟,鉄筋コンクリート造、鉄骨鉄筋コンクリート造,5,N,506号室,3K,50,5,65800,4800,2か月,"['近居割', '近居割WIDE']",随時,https://www.ur-net.go.jp/chintai/kanto/kanagawa/40_1180_room.html?JKSS=007080506,<li>相鉄本線「二俣川」駅バス13～17分 徒歩1～6分</li><li>JR横須賀線「東戸塚」駅バス25～31分 徒歩1～6分</li><li>相鉄本線「鶴ヶ峰」駅バス24～29分 徒歩1～6分</li>
kanagawa,futamatagawa,左近山,70600,,,,相鉄本線「鶴ヶ峰」駅,25.0,35.0,横浜市旭区左近山16-1ほか,7-8号棟,鉄筋コンクリート造、鉄骨鉄筋コンクリート造,5,N,506号室,3K,50,5,65800,4800,2か月,"['近居割', '近居割WIDE']",随時,https://www.ur-net.go.jp/chintai/kanto/kanagawa/40_1180_room.html?JKSS=007080506,<li>相鉄本線「二俣川」駅バス13～17分 徒歩1～6分</li><li>JR横須賀線「東戸塚」駅バス25～31分 徒歩1～6分</li><li>相鉄本線「鶴ヶ峰」駅バス24～29分 徒歩1～6分</li>
kanagawa,futamatagawa,左近山,70600,,,,,,,横浜市旭区左近山16-1ほか,7-8号棟,鉄筋コンクリート造、鉄骨鉄筋コンクリート造,5,N,506号室,3K,50,5,65800,4800,2か月,"['近居割', '近居割WIDE']",随時,https://www.ur-net.go.jp/chintai/kanto/kanagawa/40_1180_room.html?JKSS=007080506,<li>相鉄本線「二俣川」駅バス13～17分 徒歩1～6分</li><li>JR横須賀線「東戸塚」駅バス25～31分 徒歩1～6分</li><li>相鉄本線「鶴ヶ峰」駅バス24～29分 徒歩1～6分</li>
kanagawa,futamatagawa,左近山,70600,,,,相鉄本線「二俣川」駅,14.0,23.0,横浜市旭区左近山16-1ほか,8-7号棟,鉄筋コンクリート造、鉄骨鉄筋コンクリート造,5,N,503号室,2LDK,50,5,65800,4800,2か月,"['近居割', '近居割WIDE']",随時,https://www.ur-net.go.jp/chintai/kanto/kanagawa/40_1180_room.html?JKSS=008070503,<li>相鉄本線「二俣川」駅バス13～17分 徒歩1～6分</li><li>JR横須賀線「東戸塚」駅バス25～31分 徒歩1～6分</li><li>相鉄本線「鶴ヶ峰」駅バス24～29分 徒歩1～6分</li>
kanagawa,futamatagawa,左近山,70600,,,,JR横須賀線「東戸塚」駅,26.0,37.0,横浜市旭区左近山16-1ほか,8-7号棟,鉄筋コンクリート造、鉄骨鉄筋コンクリート造,5,N,503号室,2LDK,50,5,65800,4800,2か月,"['近居割', '近居割WIDE']",随時,https://www.ur-net.go.jp/chintai/kanto/kanagawa/40_1180_room.html?JKSS=008070503,<li>相鉄本線「二俣川」駅バス13～17分 徒歩1～6分</li><li>JR横須賀線「東戸塚」駅バス25～31分 徒歩1～6分</li><li>相鉄本線「鶴ヶ峰」駅バス24～29分 徒歩1～6分</li>
kanagawa,futamatagawa,左近山,70600,,,,相鉄本線「鶴ヶ峰」駅,25.0,35.0,横浜市旭区左近山16-1ほか,8-7号棟,鉄筋コンクリート造、鉄骨鉄筋コンクリート造,5,N,503号室,2LDK,50,5,65800,4800,2か月,"['近居割', '近居割WIDE']",随時,https://www.ur-net.go.jp/chintai/kanto/kanagawa/40_1180_room.html?JKSS=008070503,<li>相鉄本線「二俣川」駅バス13～17分 徒歩1～6分</li><li>JR横須賀線「東戸塚」駅バス25～31分 徒歩1～6分</li><li>相鉄本線「鶴ヶ峰」駅バス24～29分 徒歩1～6分</li>
kanagawa,futamatagawa,左近山,70600,,,,,,,横浜市旭区左近山16-1ほか,8-7号棟,鉄筋コンクリート造、鉄骨鉄筋コンクリート造,5,N,503号室,2LDK,50,5,65800,4800,2か月,"['近居割', '近居割WIDE']",随時,https://www.ur-net.go.jp/chintai/kanto/kanagawa/40_1180_room.html?JKSS=008070503,<li>相鉄本線「二俣川」駅バス13～17分 徒歩1～6分</li><li>JR横須賀線「東戸塚」駅バス25～31分 徒歩1～6分</li><li>相鉄本線「鶴ヶ峰」駅バス24～29分 徒歩1～6分</li>
kanagawa,futamatagawa,左近山,70600,,,,相鉄本線「二俣川」駅,14.0,23.0,横浜市旭区左近山16-1ほか,8-16号棟,鉄筋コンクリート造、鉄骨鉄筋コンクリート造,5,N,503号室,3K,50,5,65800,4800,2か月,"['近居割', '近居割WIDE']",随時,https://www.ur-net.go.jp/chintai/kanto/kanagawa/40_1180_room.html?JKSS=008160503,<li>相鉄本線「二俣川」駅バス13～17分 徒歩1～6分</li><li>JR横須賀線「東戸塚」駅バス25～31分 徒歩1～6分</li><li>相鉄本線「鶴ヶ峰」駅バス24～29分 徒歩1～6分</li>
kanagawa,futamatagawa,左近山,70600,,,,JR横須賀線「東戸塚」駅,26.0,37.0,横浜市旭区左近山16-1ほか,8-16号棟,鉄筋コンクリート造、鉄骨鉄筋コンクリート造,5,N,503号室,3K,50,5,65800,4800,2か月,"['近居割', '近居割WIDE']",随時,https://www.ur-net.go.jp/chintai/kanto/kanagawa/40_1180_room.html?JKSS=008160503,<li>相鉄本線「二俣川」駅バス13～17分 徒歩1～6分</li><li>JR横須賀線「東戸塚」駅バス25～31分 徒歩1～6分</li><li>相鉄本線「鶴ヶ峰」駅バス24～29分 徒歩1～6分</li>
kanagawa,futamatagawa,左近山,70600,,,,相鉄本線「鶴ヶ峰」駅,25.0,35.0,横浜市旭区左近山16-1ほか,8-16号棟,鉄筋コンクリート造、鉄骨鉄筋コンクリート造,5,N,503号室,3K,50,5,65800,4800,2か月,"['近居割', '近居割WIDE']",随時,https://www.ur-net.go.jp/chintai/kanto/kanagawa/40_1180_room.html?JKSS=008160503,<li>相鉄本線「二俣川」駅バス13～17分 徒歩1～6分</li><li>JR横須賀線「東戸塚」駅バス25～31分 徒歩1～6分</li><li>相鉄本線「鶴ヶ峰」駅バス24～29分 徒歩1～6分</li>
kanagawa,futamatagawa,左近山,70600,,,,,,,横浜市旭区左近山16-1ほか,8-16号棟,鉄筋コンクリート造、鉄骨鉄筋コンクリート造,5,N,503号室,3K,50,5,65800,4800,2か月,"['近居割', '近居割WIDE']",随時,https://www.ur-net.go.jp/chintai/kanto/kanagawa/40_1180_room.html?JKSS=008160503,<li>相鉄本線「二俣川」駅バス13～17分 徒歩1～6分</li><li>JR横須賀線「東戸塚」駅バス25～31分 徒歩1～6分</li><li>相鉄本線「鶴ヶ峰」駅バス24～29分 徒歩1～6分</li>
kanagawa,futamatagawa,左近山,70600,,,,相鉄本線「二俣川」駅,14.0,23.0,横浜市旭区左近山16-1ほか,9-13号棟,鉄筋コンクリート造、鉄骨鉄筋コンクリート造,5,N,503号室,3K,50,5,65800,4800,2か月,"['近居割', '近居割WIDE']",随時,https://www.ur-net.go.jp/chintai/kanto/kanagawa/40_1180_room.html?JKSS=009130503,<li>相鉄本線「二俣川」駅バス13～17分 徒歩1～6分</li><li>JR横須賀線「東戸塚」駅バス25～31分 徒歩1～6分</li><li>相鉄本線「鶴ヶ峰」駅バス24～29分 徒歩1～6分</li>
kanagawa,futamatagawa,左近山,70600,,,,JR横須賀線「東戸塚」駅,26.0,37.0,横浜市旭区左近山16-1ほか,9-13号棟,鉄筋コンクリート造、鉄骨鉄筋コンクリート造,5,N,503号室,3K,50,5,65800,4800,2か月,"['近居割', '近居割WIDE']",随時,https://www.ur-net.go.jp/chintai/kanto/kanagawa/40_1180_room.html?JKSS=009130503,<li>相鉄本線「二俣川」駅バス13～17分 徒歩1～6分</li><li>JR横須賀線「東戸塚」駅バス25～31分 徒歩1～6分</li><li>相鉄本線「鶴ヶ峰」駅バス24～29分 徒歩1～6分</li>
kanagawa,futamatagawa,左近山,70600,,,,相鉄本線「鶴ヶ峰」駅,25.0,35.0,横浜市旭区左近山16-1ほか,9-13号棟,鉄筋コンクリート造、鉄骨鉄筋コンクリート造,5,N,503号室,3K,50,5,65800,4800,2か月,"['近居割', '近居割WIDE']",随時,https://www.ur-net.go.jp/chintai/kanto/kanagawa/40_1180_room.html?JKSS=009130503,<li>相鉄本線「二俣川」駅バス13～17分 徒歩1～6分</li><li>JR横須賀線「東戸塚」駅バス25～31分 徒歩1～6分</li><li>相鉄本線「鶴ヶ峰」駅バス24～29分 徒歩1～6分</li>
kanagawa,futamatagawa,左近山,70600,,,,,,,横浜市旭区左近山16-1ほか,9-13号棟,鉄筋コンクリート造、鉄骨鉄筋コンクリート造,5,N,503号室,3K,50,5,65800,4800,2か月,"['近居割', '近居割WIDE']",随時,https://www.ur-net.go.jp/chintai/kanto/kanagawa/40_1180_room.html?JKSS=009130503,<li>相鉄本線「二俣川」駅バス13～17分 徒歩1～6分</li><li>JR横須賀線「東戸塚」駅バス25～31分 徒歩1～6分</li><li>相鉄本線「鶴ヶ峰」駅バス24～29分 徒歩1～6分</li>
kanagawa,futamatagawa,アーバンドエル瀬谷,125500,相鉄本線「瀬谷」駅,9.0,12.0,,,,横浜市瀬谷区橋戸1-35,15号棟,鉄筋コンクリート造,2,N,202号室,2LDK,67,4,120700,4800,2か月,['近居割'],随時,https://www.ur-net.go.jp/chintai/kanto/kanagawa/40_3850_room.html?JKSS=000150202,<li>相鉄本線「瀬谷」駅 徒歩9～12分</li><li>横浜市営地下鉄ブルーライン「立場」駅バス26分 徒歩7～9分</li><li>小田急江ノ島線「大和」駅 徒歩33～35分</li>
kanagawa,futamatagawa,アーバンドエル瀬谷,125500,,,,横浜市営地下鉄ブルーライン「立場」駅,33.0,35.0,横浜市瀬谷区橋戸1-35,15号棟,鉄筋コンクリート造,2,N,202号室,2LDK,67,4,120700,4800,2か月,['近居割'],随時,https://www.ur-net.go.jp/chintai/kanto/kanagawa/40_3850_room.html?JKSS=000150202,<li>相鉄本線「瀬谷」駅 徒歩9～12分</li><li>横浜市営地下鉄ブルーライン「立場」駅バス26分 徒歩7～9分</li><li>小田急江ノ島線「大和」駅 徒歩33～35分</li>
kanagawa,futamatagawa,アーバンドエル瀬谷,125500,小田急江ノ島線「大和」駅,33.0,35.0,,,,横浜市瀬谷区橋戸1-35,15号棟,鉄筋コンクリート造,2,N,202号室,2LDK,67,4,120700,4800,2か月,['近居割'],随時,https://www.ur-net.go.jp/chintai/kanto/kanagawa/40_3850_room.html?JKSS=000150202,<li>相鉄本線「瀬谷」駅 徒歩9～12分</li><li>横浜市営地下鉄ブルーライン「立場」駅バス26分 徒歩7～9分</li><li>小田急江ノ島線「大和」駅 徒歩33～35分</li>
kanagawa,futamatagawa,アーバンドエル瀬谷,125500,,,,,,,横浜市瀬谷区橋戸1-35,15号棟,鉄筋コンクリート造,2,N,202号室,2LDK,67,4,120700,4800,2か月,['近居割'],随時,https://www.ur-net.go.jp/chintai/kanto/kanagawa/40_3850_room.html?JKSS=000150202,<li>相鉄本線「瀬谷」駅 徒歩9～12分</li><li>横浜市営地下鉄ブルーライン「立場」駅バス26分 徒歩7～9分</li><li>小田急江ノ島線「大和」駅 徒歩33～35分</li>
kanagawa,futamatagawa,アーバンドエル瀬谷,129200,相鉄本線「瀬谷」駅,9.0,12.0,,,,横浜市瀬谷区橋戸1-35,14号棟,鉄筋コンクリート造,4,N,403号室,2LDK,67,4,124400,4800,2か月,['近居割'],随時,https://www.ur-net.go.jp/chintai/kanto/kanagawa/40_3850_room.html?JKSS=000140403,<li>相鉄本線「瀬谷」駅 徒歩9～12分</li><li>横浜市営地下鉄ブルーライン「立場」駅バス26分 徒歩7～9分</li><li>小田急江ノ島線「大和」駅 徒歩33～35分</li>
kanagawa,futamatagawa,アーバンドエル瀬谷,129200,,,,横浜市営地下鉄ブルーライン「立場」駅,33.0,35.0,横浜市瀬谷区橋戸1-35,14号棟,鉄筋コンクリート造,4,N,403号室,2LDK,67,4,124400,4800,2か月,['近居割'],随時,https://www.ur-net.go.jp/chintai/kanto/kanagawa/40_3850_room.html?JKSS=000140403,<li>相鉄本線「瀬谷」駅 徒歩9～12分</li><li>横浜市営地下鉄ブルーライン「立場」駅バス26分 徒歩7～9分</li><li>小田急江ノ島線「大和」駅 徒歩33～35分</li>
kanagawa,futamatagawa,アーバンドエル瀬谷,129200,小田急江ノ島線「大和」駅,33.0,35.0,,,,横浜市瀬谷区橋戸1-35,14号棟,鉄筋コンクリート造,4,N,403号室,2LDK,67,4,124400,4800,2か月,['近居割'],随時,https://www.ur-net.go.jp/chintai/kanto/kanagawa/40_3850_room.html?JKSS=000140403,<li>相鉄本線「瀬谷」駅 徒歩9～12分</li><li>横浜市営地下鉄ブルーライン「立場」駅バス26分 徒歩7～9分</li><li>小田急江ノ島線「大和」駅 徒歩33～35分</li>
kanagawa,futamatagawa,アーバンドエル瀬谷,129200,,,,,,,横浜市瀬谷区橋戸1-35,14号棟,鉄筋コンクリート造,4,N,403号室,2LDK,67,4,124400,4800,2か月,['近居割'],随時,https://www.ur-net.go.jp/chintai/kanto/kanagawa/40_3850_room.html?JKSS=000140403,<li>相鉄本線「瀬谷」駅 徒歩9～12分</li><li>横浜市営地下鉄ブルーライン「立場」駅バス26分 徒歩7～9分</li><li>小田急江ノ島線「大和」駅 徒歩33～35分</li>
kanagawa,yokohamanishiguchi,蒔田,69500,横浜市営地下鉄ブルーライン「蒔田」駅,7.0,9.0,,,,横浜市南区蒔田町841-1,8号棟,鉄筋コンクリート造,3,N,303号室,3K,45,5,66800,2700,2か月,['URライト（4年定借）'],随時,https://www.ur-net.go.jp/chintai/kanto/kanagawa/40_0930_room.html?JKSS=000008303,<li>横浜市営地下鉄ブルーライン「蒔田」駅 徒歩7～9分</li><li>横浜市営地下鉄ブルーライン「吉野町」駅 徒歩16～17分</li><li>京急本線「南太田」駅 徒歩16～18分</li>
kanagawa,yokohamanishiguchi,蒔田,69500,横浜市営地下鉄ブルーライン「吉野町」駅,16.0,17.0,,,,横浜市南区蒔田町841-1,8号棟,鉄筋コンクリート造,3,N,303号室,3K,45,5,66800,2700,2か月,['URライト（4年定借）'],随時,https://www.ur-net.go.jp/chintai/kanto/kanagawa/40_0930_room.html?JKSS=000008303,<li>横浜市営地下鉄ブルーライン「蒔田」駅 徒歩7～9分</li><li>横浜市営地下鉄ブルーライン「吉野町」駅 徒歩16～17分</li><li>京急本線「南太田」駅 徒歩16～18分</li>
kanagawa,yokohamanishiguchi,蒔田,69500,京急本線「南太田」駅,16.0,18.0,,,,横浜市南区蒔田町841-1,8号棟,鉄筋コンクリート造,3,N,303号室,3K,45,5,66800,2700,2か月,['URライト（4年定借）'],随時,https://www.ur-net.go.jp/chintai/kanto/kanagawa/40_0930_room.html?JKSS=000008303,<li>横浜市営地下鉄ブルーライン「蒔田」駅 徒歩7～9分</li><li>横浜市営地下鉄ブルーライン「吉野町」駅 徒歩16～17分</li><li>京急本線「南太田」駅 徒歩16～18分</li>
kanagawa,yokohamanishiguchi,蒔田,69500,,,,,,,横浜市南区蒔田町841-1,8号棟,鉄筋コンクリート造,3,N,303号室,3K,45,5,66800,2700,2か月,['URライト（4年定借）'],随時,https://www.ur-net.go.jp/chintai/kanto/kanagawa/40_0930_room.html?JKSS=000008303,<li>横浜市営地下鉄ブルーライン「蒔田」駅 徒歩7～9分</li><li>横浜市営地下鉄ブルーライン「吉野町」駅 徒歩16～17分</li><li>京急本線「南太田」駅 徒歩16～18分</li>
kanagawa,seasidetown,金沢シーサイドタウン　並木三丁目,106300,シーサイドライン「幸浦」駅,8.0,9.0,,,,横浜市金沢区並木3,11-4号棟,鉄筋コンクリート造,4,N,403号室,3LDK,70,5,101300,5000,2か月,"['近居割', '近居割WIDE']",随時,https://www.ur-net.go.jp/chintai/kanto/kanagawa/40_2060_room.html?JKSS=011040403,<li>シーサイドライン「幸浦」駅 徒歩8～9分</li><li>シーサイドライン「並木中央」駅 徒歩11分</li><li>京急本線「京急富岡」駅 徒歩21分</li>
kanagawa,seasidetown,金沢シーサイドタウン　並木三丁目,106300,シーサイドライン「並木中央」駅,11.0,11.0,,,,横浜市金沢区並木3,11-4号棟,鉄筋コンクリート造,4,N,403号室,3LDK,70,5,101300,5000,2か月,"['近居割', '近居割WIDE']",随時,https://www.ur-net.go.jp/chintai/kanto/kanagawa/40_2060_room.html?JKSS=011040403,<li>シーサイドライン「幸浦」駅 徒歩8～9分</li><li>シーサイドライン「並木中央」駅 徒歩11分</li><li>京急本線「京急富岡」駅 徒歩21分</li>
kanagawa,seasidetown,金沢シーサイドタウン　並木三丁目,106300,京急本線「京急富岡」駅,21.0,21.0,,,,横浜市金沢区並木3,11-4号棟,鉄筋コンクリート造,4,N,403号室,3LDK,70,5,101300,5000,2か月,"['近居割', '近居割WIDE']",随時,https://www.ur-net.go.jp/chintai/kanto/kanagawa/40_2060_room.html?JKSS=011040403,<li>シーサイドライン「幸浦」駅 徒歩8～9分</li><li>シーサイドライン「並木中央」駅 徒歩11分</li><li>京急本線「京急富岡」駅 徒歩21分</li>
kanagawa,seasidetown,金沢シーサイドタウン　並木三丁目,106300,,,,,,,横浜市金沢区並木3,11-4号棟,鉄筋コンクリート造,4,N,403号室,3LDK,70,5,101300,5000,2か月,"['近居割', '近居割WIDE']",随時,https://www.ur-net.go.jp/chintai/kanto/kanagawa/40_2060_room.html?JKSS=011040403,<li>シーサイドライン「幸浦」駅 徒歩8～9分</li><li>シーサイドライン「並木中央」駅 徒歩11分</li><li>京急本線「京急富岡」駅 徒歩21分</li>
kanagawa,seasidetown,金沢シーサイドタウン　柴,118100,,,,京急本線「金沢文庫」駅,14.0,15.0,横浜市金沢区柴町367,3号棟,鉄筋コンクリート造,2,N,205号室,3LDK,70,5,114300,3800,2か月,"['近居割', '近居割WIDE']",随時,https://www.ur-net.go.jp/chintai/kanto/kanagawa/40_2500_room.html?JKSS=000030205,<li>京急本線「金沢文庫」駅バス10分 徒歩4～5分</li><li>シーサイドライン「八景島」駅 徒歩7分</li><li>シーサイドライン「海の公園柴口」駅 徒歩11～12分</li>
kanagawa,seasidetown,金沢シーサイドタウン　柴,118100,シーサイドライン「八景島」駅,7.0,7.0,,,,横浜市金沢区柴町367,3号棟,鉄筋コンクリート造,2,N,205号室,3LDK,70,5,114300,3800,2か月,"['近居割', '近居割WIDE']",随時,https://www.ur-net.go.jp/chintai/kanto/kanagawa/40_2500_room.html?JKSS=000030205,<li>京急本線「金沢文庫」駅バス10分 徒歩4～5分</li><li>シーサイドライン「八景島」駅 徒歩7分</li><li>シーサイドライン「海の公園柴口」駅 徒歩11～12分</li>
kanagawa,seasidetown,金沢シーサイドタウン　柴,118100,シーサイドライン「海の公園柴口」駅,11.0,12.0,,,,横浜市金沢区柴町367,3号棟,鉄筋コンクリート造,2,N,205号室,3LDK,70,5,114300,3800,2か月,"['近居割', '近居割WIDE']",随時,https://www.ur-net.go.jp/chintai/kanto/kanagawa/40_2500_room.html?JKSS=000030205,<li>京急本線「金沢文庫」駅バス10分 徒歩4～5分</li><li>シーサイドライン「八景島」駅 徒歩7分</li><li>シーサイドライン「海の公園柴口」駅 徒歩11～12分</li>
kanagawa,seasidetown,金沢シーサイドタウン　柴,118100,,,,,,,横浜市金沢区柴町367,3号棟,鉄筋コンクリート造,2,N,205号室,3LDK,70,5,114300,3800,2か月,"['近居割', '近居割WIDE']",随時,https://www.ur-net.go.jp/chintai/kanto/kanagawa/40_2500_room.html?JKSS=000030205,<li>京急本線「金沢文庫」駅バス10分 徒歩4～5分</li><li>シーサイドライン「八景島」駅 徒歩7分</li><li>シーサイドライン「海の公園柴口」駅 徒歩11～12分</li>
kanagawa,totsuka,前田町,93400,JR横須賀線ほか「東戸塚」駅,15.0,15.0,,,,横浜市戸塚区前田町67-3,,鉄骨鉄筋コンクリート造,3,N,308号室,1LDK,48,7,89300,4100,2か月,['近居割'],随時,https://www.ur-net.go.jp/chintai/kanto/kanagawa/40_1740_room.html?JKSS=000000308,<li>JR横須賀線ほか「東戸塚」駅 徒歩15分</li><li>JR東海道線ほか・横浜市営地下鉄ブルーライン「戸塚」駅 バス15分 徒歩1分</li>
kanagawa,totsuka,前田町,93400,,,,JR東海道線ほか・横浜市営地下鉄ブルーライン「戸塚」駅,16.0,16.0,横浜市戸塚区前田町67-3,,鉄骨鉄筋コンクリート造,3,N,308号室,1LDK,48,7,89300,4100,2か月,['近居割'],随時,https://www.ur-net.go.jp/chintai/kanto/kanagawa/40_1740_room.html?JKSS=000000308,<li>JR横須賀線ほか「東戸塚」駅 徒歩15分</li><li>JR東海道線ほか・横浜市営地下鉄ブルーライン「戸塚」駅 バス15分 徒歩1分</li>
kanagawa,totsuka,前田町,93400,,,,,,,横浜市戸塚区前田町67-3,,鉄骨鉄筋コンクリート造,3,N,308号室,1LDK,48,7,89300,4100,2か月,['近居割'],随時,https://www.ur-net.go.jp/chintai/kanto/kanagawa/40_1740_room.html?JKSS=000000308,<li>JR横須賀線ほか「東戸塚」駅 徒歩15分</li><li>JR東海道線ほか・横浜市営地下鉄ブルーライン「戸塚」駅 バス15分 徒歩1分</li>
kanagawa,totsuka,東戸塚ビューハイツ,99700,,,,JR横須賀線ほか「東戸塚」駅,17.0,17.0,横浜市戸塚区名瀬町799-2,,鉄筋コンクリート造,1,N,104号室,2LDK,63,7,92700,7000,2か月,['近居割'],随時,https://www.ur-net.go.jp/chintai/kanto/kanagawa/40_2950_room.html?JKSS=000000104,<li>JR横須賀線ほか「東戸塚」駅バス15分 徒歩2分</li>
kanagawa,totsuka,東戸塚ビューハイツ,99700,,,,,,,横浜市戸塚区名瀬町799-2,,鉄筋コンクリート造,1,N,104号室,2LDK,63,7,92700,7000,2か月,['近居割'],随時,https://www.ur-net.go.jp/chintai/kanto/kanagawa/40_2950_room.html?JKSS=000000104,<li>JR横須賀線ほか「東戸塚」駅バス15分 徒歩2分</li>
kanagawa,totsuka,東戸塚ビューハイツ,107800,,,,JR横須賀線ほか「東戸塚」駅,17.0,17.0,横浜市戸塚区名瀬町799-2,,鉄筋コンクリート造,2,N,206号室,2LDK,63,7,100800,7000,2か月,['近居割'],随時,https://www.ur-net.go.jp/chintai/kanto/kanagawa/40_2950_room.html?JKSS=000000206,<li>JR横須賀線ほか「東戸塚」駅バス15分 徒歩2分</li>
kanagawa,totsuka,東戸塚ビューハイツ,107800,,,,,,,横浜市戸塚区名瀬町799-2,,鉄筋コンクリート造,2,N,206号室,2LDK,63,7,100800,7000,2か月,['近居割'],随時,https://www.ur-net.go.jp/chintai/kanto/kanagawa/40_2950_room.html?JKSS=000000206,<li>JR横須賀線ほか「東戸塚」駅バス15分 徒歩2分</li>
kanagawa,totsuka,東戸塚ビューハイツ,111300,,,,JR横須賀線ほか「東戸塚」駅,17.0,17.0,横浜市戸塚区名瀬町799-2,,鉄筋コンクリート造,4,N,406号室,2LDK,63,7,104300,7000,2か月,['近居割'],随時,https://www.ur-net.go.jp/chintai/kanto/kanagawa/40_2950_room.html?JKSS=000000406,<li>JR横須賀線ほか「東戸塚」駅バス15分 徒歩2分</li>
kanagawa,totsuka,東戸塚ビューハイツ,111300,,,,,,,横浜市戸塚区名瀬町799-2,,鉄筋コンクリート造,4,N,406号室,2LDK,63,7,104300,7000,2か月,['近居割'],随時,https://www.ur-net.go.jp/chintai/kanto/kanagawa/40_2950_room.html?JKSS=000000406,<li>JR横須賀線ほか「東戸塚」駅バス15分 徒歩2分</li>
kanagawa,totsuka,グリーンメゾン平戸,105000,,,,JR横須賀線「東戸塚」駅,14.0,15.0,横浜市戸塚区平戸1-2,1号棟,鉄筋コンクリート造,3,N,304号室,3LDK,83,5,100100,4900,2か月,['近居割'],随時,https://www.ur-net.go.jp/chintai/kanto/kanagawa/40_2120_room.html?JKSS=000010304,<li>JR横須賀線「東戸塚」駅バス12分 徒歩2～3分</li><li>JR横須賀線「保土ケ谷」駅バス17分 徒歩2～3分</li><li>横浜市営地下鉄ブルーライン「吉野町」駅バス29分 徒歩1～2分</li>
kanagawa,totsuka,グリーンメゾン平戸,105000,,,,JR横須賀線「保土ケ谷」駅,19.0,20.0,横浜市戸塚区平戸1-2,1号棟,鉄筋コンクリート造,3,N,304号室,3LDK,83,5,100100,4900,2か月,['近居割'],随時,https://www.ur-net.go.jp/chintai/kanto/kanagawa/40_2120_room.html?JKSS=000010304,<li>JR横須賀線「東戸塚」駅バス12分 徒歩2～3分</li><li>JR横須賀線「保土ケ谷」駅バス17分 徒歩2～3分</li><li>横浜市営地下鉄ブルーライン「吉野町」駅バス29分 徒歩1～2分</li>
kanagawa,totsuka,グリーンメゾン平戸,105000,,,,横浜市営地下鉄ブルーライン「吉野町」駅,30.0,31.0,横浜市戸塚区平戸1-2,1号棟,鉄筋コンクリート造,3,N,304号室,3LDK,83,5,100100,4900,2か月,['近居割'],随時,https://www.ur-net.go.jp/chintai/kanto/kanagawa/40_2120_room.html?JKSS=000010304,<li>JR横須賀線「東戸塚」駅バス12分 徒歩2～3分</li><li>JR横須賀線「保土ケ谷」駅バス17分 徒歩2～3分</li><li>横浜市営地下鉄ブルーライン「吉野町」駅バス29分 徒歩1～2分</li>
kanagawa,totsuka,グリーンメゾン平戸,105000,,,,,,,横浜市戸塚区平戸1-2,1号棟,鉄筋コンクリート造,3,N,304号室,3LDK,83,5,100100,4900,2か月,['近居割'],随時,https://www.ur-net.go.jp/chintai/kanto/kanagawa/40_2120_room.html?JKSS=000010304,<li>JR横須賀線「東戸塚」駅バス12分 徒歩2～3分</li><li>JR横須賀線「保土ケ谷」駅バス17分 徒歩2～3分</li><li>横浜市営地下鉄ブルーライン「吉野町」駅バス29分 徒歩1～2分</li>
kanagawa,totsuka,プロムナード矢部,147300,JR東海道本線「戸塚」駅,9.0,13.0,,,,横浜市戸塚区矢部町321,4号棟,鉄筋コンクリート造,4,N,404号室,2DK,56,13,142700,4600,2か月,['近居割'],随時,https://www.ur-net.go.jp/chintai/kanto/kanagawa/40_3610_room.html?JKSS=000040404,<li>JR東海道本線「戸塚」駅 徒歩9～13分</li><li>JR横須賀線「東戸塚」駅バス20分 徒歩2～7分</li><li>相鉄いずみ野線「弥生台」駅バス20分 徒歩10～15分</li>
kanagawa,totsuka,プロムナード矢部,147300,,,,JR横須賀線「東戸塚」駅,22.0,27.0,横浜市戸塚区矢部町321,4号棟,鉄筋コンクリート造,4,N,404号室,2DK,56,13,142700,4600,2か月,['近居割'],随時,https://www.ur-net.go.jp/chintai/kanto/kanagawa/40_3610_room.html?JKSS=000040404,<li>JR東海道本線「戸塚」駅 徒歩9～13分</li><li>JR横須賀線「東戸塚」駅バス20分 徒歩2～7分</li><li>相鉄いずみ野線「弥生台」駅バス20分 徒歩10～15分</li>
kanagawa,totsuka,プロムナード矢部,147300,,,,相鉄いずみ野線「弥生台」駅,30.0,35.0,横浜市戸塚区矢部町321,4号棟,鉄筋コンクリート造,4,N,404号室,2DK,56,13,142700,4600,2か月,['近居割'],随時,https://www.ur-net.go.jp/chintai/kanto/kanagawa/40_3610_room.html?JKSS=000040404,<li>JR東海道本線「戸塚」駅 徒歩9～13分</li><li>JR横須賀線「東戸塚」駅バス20分 徒歩2～7分</li><li>相鉄いずみ野線「弥生台」駅バス20分 徒歩10～15分</li>
kanagawa,totsuka,プロムナード矢部,147300,,,,,,,横浜市戸塚区矢部町321,4号棟,鉄筋コンクリート造,4,N,404号室,2DK,56,13,142700,4600,2か月,['近居割'],随時,https://www.ur-net.go.jp/chintai/kanto/kanagawa/40_3610_room.html?JKSS=000040404,<li>JR東海道本線「戸塚」駅 徒歩9～13分</li><li>JR横須賀線「東戸塚」駅バス20分 徒歩2～7分</li><li>相鉄いずみ野線「弥生台」駅バス20分 徒歩10～15分</li>
kanagawa,totsuka,公田町,40300,,,,JR東海道本線「大船」駅,13.0,19.0,横浜市栄区公田町740,9号棟,鉄筋コンクリート造,4,N,412号室,1DK,27,5,35800,4500,2か月,['URライト（3年定借）'],随時,https://www.ur-net.go.jp/chintai/kanto/kanagawa/40_0940_room.html?JKSS=000009412,<li>JR東海道本線「大船」駅バス12～15分 徒歩1～4分</li><li>JR京浜東北・根岸線「本郷台」駅 徒歩18～23分</li><li>京急本線「金沢八景」駅バス29分 徒歩11～13分</li>
kanagawa,totsuka,公田町,40300,JR京浜東北・根岸線「本郷台」駅,18.0,23.0,,,,横浜市栄区公田町740,9号棟,鉄筋コンクリート造,4,N,412号室,1DK,27,5,35800,4500,2か月,['URライト（3年定借）'],随時,https://www.ur-net.go.jp/chintai/kanto/kanagawa/40_0940_room.html?JKSS=000009412,<li>JR東海道本線「大船」駅バス12～15分 徒歩1～4分</li><li>JR京浜東北・根岸線「本郷台」駅 徒歩18～23分</li><li>京急本線「金沢八景」駅バス29分 徒歩11～13分</li>
kanagawa,totsuka,公田町,40300,,,,京急本線「金沢八景」駅,40.0,42.0,横浜市栄区公田町740,9号棟,鉄筋コンクリート造,4,N,412号室,1DK,27,5,35800,4500,2か月,['URライト（3年定借）'],随時,https://www.ur-net.go.jp/chintai/kanto/kanagawa/40_0940_room.html?JKSS=000009412,<li>JR東海道本線「大船」駅バス12～15分 徒歩1～4分</li><li>JR京浜東北・根岸線「本郷台」駅 徒歩18～23分</li><li>京急本線「金沢八景」駅バス29分 徒歩11～13分</li>
kanagawa,totsuka,公田町,40300,,,,,,,横浜市栄区公田町740,9号棟,鉄筋コンクリート造,4,N,412号室,1DK,27,5,35800,4500,2か月,['URライト（3年定借）'],随時,https://www.ur-net.go.jp/chintai/kanto/kanagawa/40_0940_room.html?JKSS=000009412,<li>JR東海道本線「大船」駅バス12～15分 徒歩1～4分</li><li>JR京浜東北・根岸線「本郷台」駅 徒歩18～23分</li><li>京急本線「金沢八景」駅バス29分 徒歩11～13分</li>
kanagawa,totsuka,公田町,53400,,,,JR東海道本線「大船」駅,13.0,19.0,横浜市栄区公田町740,14号棟,鉄筋コンクリート造,4,N,401号室,2DK,39,5,48900,4500,2か月,['URライト（3年定借）'],随時,https://www.ur-net.go.jp/chintai/kanto/kanagawa/40_0940_room.html?JKSS=000014401,<li>JR東海道本線「大船」駅バス12～15分 徒歩1～4分</li><li>JR京浜東北・根岸線「本郷台」駅 徒歩18～23分</li><li>京急本線「金沢八景」駅バス29分 徒歩11～13分</li>
kanagawa,totsuka,公田町,53400,JR京浜東北・根岸線「本郷台」駅,18.0,23.0,,,,横浜市栄区公田町740,14号棟,鉄筋コンクリート造,4,N,401号室,2DK,39,5,48900,4500,2か月,['URライト（3年定借）'],随時,https://www.ur-net.go.jp/chintai/kanto/kanagawa/40_0940_room.html?JKSS=000014401,<li>JR東海道本線「大船」駅バス12～15分 徒歩1～4分</li><li>JR京浜東北・根岸線「本郷台」駅 徒歩18～23分</li><li>京急本線「金沢八景」駅バス29分 徒歩11～13分</li>
kanagawa,totsuka,公田町,53400,,,,京急本線「金沢八景」駅,40.0,42.0,横浜市栄区公田町740,14号棟,鉄筋コンクリート造,4,N,401号室,2DK,39,5,48900,4500,2か月,['URライト（3年定借）'],随時,https://www.ur-net.go.jp/chintai/kanto/kanagawa/40_0940_room.html?JKSS=000014401,<li>JR東海道本線「大船」駅バス12～15分 徒歩1～4分</li><li>JR京浜東北・根岸線「本郷台」駅 徒歩18～23分</li><li>京急本線「金沢八景」駅バス29分 徒歩11～13分</li>
kanagawa,totsuka,公田町,53400,,,,,,,横浜市栄区公田町740,14号棟,鉄筋コンクリート造,4,N,401号室,2DK,39,5,48900,4500,2か月,['URライト（3年定借）'],随時,https://www.ur-net.go.jp/chintai/kanto/kanagawa/40_0940_room.html?JKSS=000014401,<li>JR東海道本線「大船」駅バス12～15分 徒歩1～4分</li><li>JR京浜東北・根岸線「本郷台」駅 徒歩18～23分</li><li>京急本線「金沢八景」駅バス29分 徒歩11～13分</li>
kanagawa,totsuka,公田町,54800,,,,JR東海道本線「大船」駅,13.0,19.0,横浜市栄区公田町740,7号棟,鉄筋コンクリート造,3,N,307号室,2DK,39,5,50300,4500,2か月,['URライト（3年定借）'],随時,https://www.ur-net.go.jp/chintai/kanto/kanagawa/40_0940_room.html?JKSS=000007307,<li>JR東海道本線「大船」駅バス12～15分 徒歩1～4分</li><li>JR京浜東北・根岸線「本郷台」駅 徒歩18～23分</li><li>京急本線「金沢八景」駅バス29分 徒歩11～13分</li>
kanagawa,totsuka,公田町,54800,JR京浜東北・根岸線「本郷台」駅,18.0,23.0,,,,横浜市栄区公田町740,7号棟,鉄筋コンクリート造,3,N,307号室,2DK,39,5,50300,4500,2か月,['URライト（3年定借）'],随時,https://www.ur-net.go.jp/chintai/kanto/kanagawa/40_0940_room.html?JKSS=000007307,<li>JR東海道本線「大船」駅バス12～15分 徒歩1～4分</li><li>JR京浜東北・根岸線「本郷台」駅 徒歩18～23分</li><li>京急本線「金沢八景」駅バス29分 徒歩11～13分</li>
kanagawa,totsuka,公田町,54800,,,,京急本線「金沢八景」駅,40.0,42.0,横浜市栄区公田町740,7号棟,鉄筋コンクリート造,3,N,307号室,2DK,39,5,50300,4500,2か月,['URライト（3年定借）'],随時,https://www.ur-net.go.jp/chintai/kanto/kanagawa/40_0940_room.html?JKSS=000007307,<li>JR東海道本線「大船」駅バス12～15分 徒歩1～4分</li><li>JR京浜東北・根岸線「本郷台」駅 徒歩18～23分</li><li>京急本線「金沢八景」駅バス29分 徒歩11～13分</li>
kanagawa,totsuka,公田町,54800,,,,,,,横浜市栄区公田町740,7号棟,鉄筋コンクリート造,3,N,307号室,2DK,39,5,50300,4500,2か月,['URライト（3年定借）'],随時,https://www.ur-net.go.jp/chintai/kanto/kanagawa/40_0940_room.html?JKSS=000007307,<li>JR東海道本線「大船」駅バス12～15分 徒歩1～4分</li><li>JR京浜東北・根岸線「本郷台」駅 徒歩18～23分</li><li>京急本線「金沢八景」駅バス29分 徒歩11～13分</li>
kanagawa,totsuka,公田町,59700,,,,JR東海道本線「大船」駅,13.0,19.0,横浜市栄区公田町740,12号棟,鉄筋コンクリート造,4,N,408号室,3K,45,5,55200,4500,2か月,['URライト（3年定借）'],随時,https://www.ur-net.go.jp/chintai/kanto/kanagawa/40_0940_room.html?JKSS=000012408,<li>JR東海道本線「大船」駅バス12～15分 徒歩1～4分</li><li>JR京浜東北・根岸線「本郷台」駅 徒歩18～23分</li><li>京急本線「金沢八景」駅バス29分 徒歩11～13分</li>
kanagawa,totsuka,公田町,59700,JR京浜東北・根岸線「本郷台」駅,18.0,23.0,,,,横浜市栄区公田町740,12号棟,鉄筋コンクリート造,4,N,408号室,3K,45,5,55200,4500,2か月,['URライト（3年定借）'],随時,https://www.ur-net.go.jp/chintai/kanto/kanagawa/40_0940_room.html?JKSS=000012408,<li>JR東海道本線「大船」駅バス12～15分 徒歩1～4分</li><li>JR京浜東北・根岸線「本郷台」駅 徒歩18～23分</li><li>京急本線「金沢八景」駅バス29分 徒歩11～13分</li>
kanagawa,totsuka,公田町,59700,,,,京急本線「金沢八景」駅,40.0,42.0,横浜市栄区公田町740,12号棟,鉄筋コンクリート造,4,N,408号室,3K,45,5,55200,4500,2か月,['URライト（3年定借）'],随時,https://www.ur-net.go.jp/chintai/kanto/kanagawa/40_0940_room.html?JKSS=000012408,<li>JR東海道本線「大船」駅バス12～15分 徒歩1～4分</li><li>JR京浜東北・根岸線「本郷台」駅 徒歩18～23分</li><li>京急本線「金沢八景」駅バス29分 徒歩11～13分</li>
kanagawa,totsuka,公田町,59700,,,,,,,横浜市栄区公田町740,12号棟,鉄筋コンクリート造,4,N,408号室,3K,45,5,55200,4500,2か月,['URライト（3年定借）'],随時,https://www.ur-net.go.jp/chintai/kanto/kanagawa/40_0940_room.html?JKSS=000012408,<li>JR東海道本線「大船」駅バス12～15分 徒歩1～4分</li><li>JR京浜東北・根岸線「本郷台」駅 徒歩18～23分</li><li>京急本線「金沢八景」駅バス29分 徒歩11～13分</li>
kanagawa,sagamiono,相模台,70100,小田急小田原線「小田急相模原」駅,16.0,21.0,小田急小田原線「小田急相模原」駅,9.0,13.0,相模原市南区相模台団地,6-8号棟,鉄筋コンクリート造,5,N,501号室,2DK,48,5,66900,3200,2か月,['URライト（4年定借）'],随時,https://www.ur-net.go.jp/chintai/kanto/kanagawa/40_1080_room.html?JKSS=000608501,<li>小田急小田原線「小田急相模原」駅 徒歩16～21分 又はバス8分 徒歩1～5分</li><li>JR横浜線「古淵」駅バス19分 徒歩3～7分</li>
kanagawa,sagamiono,相模台,70100,,,,JR横浜線「古淵」駅,22.0,26.0,相模原市南区相模台団地,6-8号棟,鉄筋コンクリート造,5,N,501号室,2DK,48,5,66900,3200,2か月,['URライト（4年定借）'],随時,https://www.ur-net.go.jp/chintai/kanto/kanagawa/40_1080_room.html?JKSS=000608501,<li>小田急小田原線「小田急相模原」駅 徒歩16～21分 又はバス8分 徒歩1～5分</li><li>JR横浜線「古淵」駅バス19分 徒歩3～7分</li>
kanagawa,sagamiono,相模台,70100,,,,,,,相模原市南区相模台団地,6-8号棟,鉄筋コンクリート造,5,N,501号室,2DK,48,5,66900,3200,2か月,['URライト（4年定借）'],随時,https://www.ur-net.go.jp/chintai/kanto/kanagawa/40_1080_room.html?JKSS=000608501,<li>小田急小田原線「小田急相模原」駅 徒歩16～21分 又はバス8分 徒歩1～5分</li><li>JR横浜線「古淵」駅バス19分 徒歩3～7分</li>
kanagawa,sagamiono,相模台,73900,小田急小田原線「小田急相模原」駅,16.0,21.0,小田急小田原線「小田急相模原」駅,9.0,13.0,相模原市南区相模台団地,6-8号棟,鉄筋コンクリート造,5,N,502号室,2DK,48,5,70700,3200,2か月,['URライト（4年定借）'],随時,https://www.ur-net.go.jp/chintai/kanto/kanagawa/40_1080_room.html?JKSS=000608502,<li>小田急小田原線「小田急相模原」駅 徒歩16～21分 又はバス8分 徒歩1～5分</li><li>JR横浜線「古淵」駅バス19分 徒歩3～7分</li>
kanagawa,sagamiono,相模台,73900,,,,JR横浜線「古淵」駅,22.0,26.0,相模原市南区相模台団地,6-8号棟,鉄筋コンクリート造,5,N,502号室,2DK,48,5,70700,3200,2か月,['URライト（4年定借）'],随時,https://www.ur-net.go.jp/chintai/kanto/kanagawa/40_1080_room.html?JKSS=000608502,<li>小田急小田原線「小田急相模原」駅 徒歩16～21分 又はバス8分 徒歩1～5分</li><li>JR横浜線「古淵」駅バス19分 徒歩3～7分</li>
kanagawa,sagamiono,相模台,73900,,,,,,,相模原市南区相模台団地,6-8号棟,鉄筋コンクリート造,5,N,502号室,2DK,48,5,70700,3200,2か月,['URライト（4年定借）'],随時,https://www.ur-net.go.jp/chintai/kanto/kanagawa/40_1080_room.html?JKSS=000608502,<li>小田急小田原線「小田急相模原」駅 徒歩16～21分 又はバス8分 徒歩1～5分</li><li>JR横浜線「古淵」駅バス19分 徒歩3～7分</li>
kanagawa,sagamiono,コンフォールさがみ南,107500,小田急小田原線「小田急相模原」駅,8.0,11.0,,,,相模原市南区相南1-24,2号棟,鉄筋コンクリート造,2,N,207号室,1LDK,52,6,103100,4400,2か月,['近居割'],随時,https://www.ur-net.go.jp/chintai/kanto/kanagawa/40_3870_room.html?JKSS=000020207,<li>小田急小田原線「小田急相模原」駅 徒歩8～11分</li><li>小田急江ノ島線「東林間」駅 徒歩15～18分</li><li>小田急小田原線「相模大野」駅 徒歩32～35分</li>
kanagawa,sagamiono,コンフォールさがみ南,107500,小田急江ノ島線「東林間」駅,15.0,18.0,,,,相模原市南区相南1-24,2号棟,鉄筋コンクリート造,2,N,207号室,1LDK,52,6,103100,4400,2か月,['近居割'],随時,https://www.ur-net.go.jp/chintai/kanto/kanagawa/40_3870_room.html?JKSS=000020207,<li>小田急小田原線「小田急相模原」駅 徒歩8～11分</li><li>小田急江ノ島線「東林間」駅 徒歩15～18分</li><li>小田急小田原線「相模大野」駅 徒歩32～35分</li>
kanagawa,sagamiono,コンフォールさがみ南,107500,小田急小田原線「相模大野」駅,32.0,35.0,,,,相模原市南区相南1-24,2号棟,鉄筋コンクリート造,2,N,207号室,1LDK,52,6,103100,4400,2か月,['近居割'],随時,https://www.ur-net.go.jp/chintai/kanto/kanagawa/40_3870_room.html?JKSS=000020207,<li>小田急小田原線「小田急相模原」駅 徒歩8～11分</li><li>小田急江ノ島線「東林間」駅 徒歩15～18分</li><li>小田急小田原線「相模大野」駅 徒歩32～35分</li>
kanagawa,sagamiono,コンフォールさがみ南,107500,,,,,,,相模原市南区相南1-24,2号棟,鉄筋コンクリート造,2,N,207号室,1LDK,52,6,103100,4400,2か月,['近居割'],随時,https://www.ur-net.go.jp/chintai/kanto/kanagawa/40_3870_room.html?JKSS=000020207,<li>小田急小田原線「小田急相模原」駅 徒歩8～11分</li><li>小田急江ノ島線「東林間」駅 徒歩15～18分</li><li>小田急小田原線「相模大野」駅 徒歩32～35分</li>
kanagawa,sagamiono,コンフォールさがみ南,134800,小田急小田原線「小田急相模原」駅,8.0,11.0,,,,相模原市南区相南1-24,1号棟,鉄筋コンクリート造,7,N,706号室,2LDK,64,7,130400,4400,2か月,['近居割'],随時,https://www.ur-net.go.jp/chintai/kanto/kanagawa/40_3870_room.html?JKSS=000010706,<li>小田急小田原線「小田急相模原」駅 徒歩8～11分</li><li>小田急江ノ島線「東林間」駅 徒歩15～18分</li><li>小田急小田原線「相模大野」駅 徒歩32～35分</li>
kanagawa,sagamiono,コンフォールさがみ南,134800,小田急江ノ島線「東林間」駅,15.0,18.0,,,,相模原市南区相南1-24,1号棟,鉄筋コンクリート造,7,N,706号室,2LDK,64,7,130400,4400,2か月,['近居割'],随時,https://www.ur-net.go.jp/chintai/kanto/kanagawa/40_3870_room.html?JKSS=000010706,<li>小田急小田原線「小田急相模原」駅 徒歩8～11分</li><li>小田急江ノ島線「東林間」駅 徒歩15～18分</li><li>小田急小田原線「相模大野」駅 徒歩32～35分</li>
kanagawa,sagamiono,コンフォールさがみ南,134800,小田急小田原線「相模大野」駅,32.0,35.0,,,,相模原市南区相南1-24,1号棟,鉄筋コンクリート造,7,N,706号室,2LDK,64,7,130400,4400,2か月,['近居割'],随時,https://www.ur-net.go.jp/chintai/kanto/kanagawa/40_3870_room.html?JKSS=000010706,<li>小田急小田原線「小田急相模原」駅 徒歩8～11分</li><li>小田急江ノ島線「東林間」駅 徒歩15～18分</li><li>小田急小田原線「相模大野」駅 徒歩32～35分</li>
kanagawa,sagamiono,コンフォールさがみ南,134800,,,,,,,相模原市南区相南1-24,1号棟,鉄筋コンクリート造,7,N,706号室,2LDK,64,7,130400,4400,2か月,['近居割'],随時,https://www.ur-net.go.jp/chintai/kanto/kanagawa/40_3870_room.html?JKSS=000010706,<li>小田急小田原線「小田急相模原」駅 徒歩8～11分</li><li>小田急江ノ島線「東林間」駅 徒歩15～18分</li><li>小田急小田原線「相模大野」駅 徒歩32～35分</li>
kanagawa,sagamiono,プラザシティ相模大野,152990,小田急小田原線「相模大野」駅,8.0,13.0,,,,相模原市南区相模大野6-23,9号棟,鉄筋コンクリート造,1,N,101号室,3LDK,75,11,148900,4090,2か月,['近居割'],随時,https://www.ur-net.go.jp/chintai/kanto/kanagawa/40_2980_room.html?JKSS=000090101,<li>小田急小田原線「相模大野」駅 徒歩8～13分</li><li>JR横浜線「町田」駅 徒歩26～31分</li><li>小田急江ノ島線「東林間」駅 徒歩18～23分</li>
kanagawa,sagamiono,プラザシティ相模大野,152990,JR横浜線「町田」駅,26.0,31.0,,,,相模原市南区相模大野6-23,9号棟,鉄筋コンクリート造,1,N,101号室,3LDK,75,11,148900,4090,2か月,['近居割'],随時,https://www.ur-net.go.jp/chintai/kanto/kanagawa/40_2980_room.html?JKSS=000090101,<li>小田急小田原線「相模大野」駅 徒歩8～13分</li><li>JR横浜線「町田」駅 徒歩26～31分</li><li>小田急江ノ島線「東林間」駅 徒歩18～23分</li>
kanagawa,sagamiono,プラザシティ相模大野,152990,小田急江ノ島線「東林間」駅,18.0,23.0,,,,相模原市南区相模大野6-23,9号棟,鉄筋コンクリート造,1,N,101号室,3LDK,75,11,148900,4090,2か月,['近居割'],随時,https://www.ur-net.go.jp/chintai/kanto/kanagawa/40_2980_room.html?JKSS=000090101,<li>小田急小田原線「相模大野」駅 徒歩8～13分</li><li>JR横浜線「町田」駅 徒歩26～31分</li><li>小田急江ノ島線「東林間」駅 徒歩18～23分</li>
kanagawa,sagamiono,プラザシティ相模大野,152990,,,,,,,相模原市南区相模大野6-23,9号棟,鉄筋コンクリート造,1,N,101号室,3LDK,75,11,148900,4090,2か月,['近居割'],随時,https://www.ur-net.go.jp/chintai/kanto/kanagawa/40_2980_room.html?JKSS=000090101,<li>小田急小田原線「相模大野」駅 徒歩8～13分</li><li>JR横浜線「町田」駅 徒歩26～31分</li><li>小田急江ノ島線「東林間」駅 徒歩18～23分</li>
kanagawa,sagamiono,橋本四丁目,90600,JR横浜線「橋本」駅,10.0,13.0,,,,相模原市緑区橋本4-11,4号棟,鉄筋コンクリート造、鉄骨鉄筋コンクリート造,5,N,504号室,1LDK,55,5,86500,4100,2か月,['近居割'],随時,https://www.ur-net.go.jp/chintai/kanto/kanagawa/40_1840_room.html?JKSS=000040504,<li>JR横浜線「橋本」駅 徒歩10～13分</li><li>京王相模原線「多摩境」駅バス8分 徒歩3～5分</li>
kanagawa,sagamiono,橋本四丁目,90600,,,,京王相模原線「多摩境」駅,11.0,13.0,相模原市緑区橋本4-11,4号棟,鉄筋コンクリート造、鉄骨鉄筋コンクリート造,5,N,504号室,1LDK,55,5,86500,4100,2か月,['近居割'],随時,https://www.ur-net.go.jp/chintai/kanto/kanagawa/40_1840_room.html?JKSS=000040504,<li>JR横浜線「橋本」駅 徒歩10～13分</li><li>京王相模原線「多摩境」駅バス8分 徒歩3～5分</li>
kanagawa,sagamiono,橋本四丁目,90600,,,,,,,相模原市緑区橋本4-11,4号棟,鉄筋コンクリート造、鉄骨鉄筋コンクリート造,5,N,504号室,1LDK,55,5,86500,4100,2か月,['近居割'],随時,https://www.ur-net.go.jp/chintai/kanto/kanagawa/40_1840_room.html?JKSS=000040504,<li>JR横浜線「橋本」駅 徒歩10～13分</li><li>京王相模原線「多摩境」駅バス8分 徒歩3～5分</li>
kanagawa,sagamiono,橋本四丁目,98900,JR横浜線「橋本」駅,10.0,13.0,,,,相模原市緑区橋本4-11,4号棟,鉄筋コンクリート造、鉄骨鉄筋コンクリート造,3,N,301号室,3DK,65,5,94800,4100,2か月,['近居割'],随時,https://www.ur-net.go.jp/chintai/kanto/kanagawa/40_1840_room.html?JKSS=000040301,<li>JR横浜線「橋本」駅 徒歩10～13分</li><li>京王相模原線「多摩境」駅バス8分 徒歩3～5分</li>
kanagawa,sagamiono,橋本四丁目,98900,,,,京王相模原線「多摩境」駅,11.0,13.0,相模原市緑区橋本4-11,4号棟,鉄筋コンクリート造、鉄骨鉄筋コンクリート造,3,N,301号室,3DK,65,5,94800,4100,2か月,['近居割'],随時,https://www.ur-net.go.jp/chintai/kanto/kanagawa/40_1840_room.html?JKSS=000040301,<li>JR横浜線「橋本」駅 徒歩10～13分</li><li>京王相模原線「多摩境」駅バス8分 徒歩3～5分</li>
kanagawa,sagamiono,橋本四丁目,98900,,,,,,,相模原市緑区橋本4-11,4号棟,鉄筋コンクリート造、鉄骨鉄筋コンクリート造,3,N,301号室,3DK,65,5,94800,4100,2か月,['近居割'],随時,https://www.ur-net.go.jp/chintai/kanto/kanagawa/40_1840_room.html?JKSS=000040301,<li>JR横浜線「橋本」駅 徒歩10～13分</li><li>京王相模原線「多摩境」駅バス8分 徒歩3～5分</li>
kanagawa,sagamiono,鳶尾,66700,,,,小田急小田原線「本厚木」駅,30.0,34.0,厚木市鳶尾2ほか,25-3号棟,鉄筋コンクリート造、鉄骨鉄筋コンクリート造,6,N,602号室,3K,57,9,62700,4000,2か月,[],随時,https://www.ur-net.go.jp/chintai/kanto/kanagawa/40_1790_room.html?JKSS=025030602,<li>小田急小田原線「本厚木」駅バス28分 徒歩2～6分</li>
kanagawa,sagamiono,鳶尾,66700,,,,,,,厚木市鳶尾2ほか,25-3号棟,鉄筋コンクリート造、鉄骨鉄筋コンクリート造,6,N,602号室,3K,57,9,62700,4000,2か月,[],随時,https://www.ur-net.go.jp/chintai/kanto/kanagawa/40_1790_room.html?JKSS=025030602,<li>小田急小田原線「本厚木」駅バス28分 徒歩2～6分</li>
kanagawa,shonan,上和田,63600,,,,相鉄本線「大和」駅,16.0,25.0,大和市上和田2412,4-6号棟,鉄筋コンクリート造,5,N,503号室,3DK,53,5,60500,3100,2か月,"['近居割', '近居割WIDE']",随時,https://www.ur-net.go.jp/chintai/kanto/kanagawa/40_1240_room.html?JKSS=000406503,<li>相鉄本線「大和」駅バス15～20分 徒歩1～5分</li><li>小田急江ノ島線「高座渋谷」駅 徒歩13～20分</li><li>相鉄いずみ野線「いずみ中央」駅バス13分 徒歩6～14分</li>
kanagawa,shonan,上和田,63600,小田急江ノ島線「高座渋谷」駅,13.0,20.0,,,,大和市上和田2412,4-6号棟,鉄筋コンクリート造,5,N,503号室,3DK,53,5,60500,3100,2か月,"['近居割', '近居割WIDE']",随時,https://www.ur-net.go.jp/chintai/kanto/kanagawa/40_1240_room.html?JKSS=000406503,<li>相鉄本線「大和」駅バス15～20分 徒歩1～5分</li><li>小田急江ノ島線「高座渋谷」駅 徒歩13～20分</li><li>相鉄いずみ野線「いずみ中央」駅バス13分 徒歩6～14分</li>
kanagawa,shonan,上和田,63600,,,,相鉄いずみ野線「いずみ中央」駅,19.0,27.0,大和市上和田2412,4-6号棟,鉄筋コンクリート造,5,N,503号室,3DK,53,5,60500,3100,2か月,"['近居割', '近居割WIDE']",随時,https://www.ur-net.go.jp/chintai/kanto/kanagawa/40_1240_room.html?JKSS=000406503,<li>相鉄本線「大和」駅バス15～20分 徒歩1～5分</li><li>小田急江ノ島線「高座渋谷」駅 徒歩13～20分</li><li>相鉄いずみ野線「いずみ中央」駅バス13分 徒歩6～14分</li>
kanagawa,shonan,上和田,63600,,,,,,,大和市上和田2412,4-6号棟,鉄筋コンクリート造,5,N,503号室,3DK,53,5,60500,3100,2か月,"['近居割', '近居割WIDE']",随時,https://www.ur-net.go.jp/chintai/kanto/kanagawa/40_1240_room.html?JKSS=000406503,<li>相鉄本線「大和」駅バス15～20分 徒歩1～5分</li><li>小田急江ノ島線「高座渋谷」駅 徒歩13～20分</li><li>相鉄いずみ野線「いずみ中央」駅バス13分 徒歩6～14分</li>
kanagawa,shonan,上和田,63600,,,,相鉄本線「大和」駅,16.0,25.0,大和市上和田2412,4-6号棟,鉄筋コンクリート造,5,N,504号室,3DK,53,5,60500,3100,2か月,"['近居割', '近居割WIDE']",随時,https://www.ur-net.go.jp/chintai/kanto/kanagawa/40_1240_room.html?JKSS=000406504,<li>相鉄本線「大和」駅バス15～20分 徒歩1～5分</li><li>小田急江ノ島線「高座渋谷」駅 徒歩13～20分</li><li>相鉄いずみ野線「いずみ中央」駅バス13分 徒歩6～14分</li>
kanagawa,shonan,上和田,63600,小田急江ノ島線「高座渋谷」駅,13.0,20.0,,,,大和市上和田2412,4-6号棟,鉄筋コンクリート造,5,N,504号室,3DK,53,5,60500,3100,2か月,"['近居割', '近居割WIDE']",随時,https://www.ur-net.go.jp/chintai/kanto/kanagawa/40_1240_room.html?JKSS=000406504,<li>相鉄本線「大和」駅バス15～20分 徒歩1～5分</li><li>小田急江ノ島線「高座渋谷」駅 徒歩13～20分</li><li>相鉄いずみ野線「いずみ中央」駅バス13分 徒歩6～14分</li>
kanagawa,shonan,上和田,63600,,,,相鉄いずみ野線「いずみ中央」駅,19.0,27.0,大和市上和田2412,4-6号棟,鉄筋コンクリート造,5,N,504号室,3DK,53,5,60500,3100,2か月,"['近居割', '近居割WIDE']",随時,https://www.ur-net.go.jp/chintai/kanto/kanagawa/40_1240_room.html?JKSS=000406504,<li>相鉄本線「大和」駅バス15～20分 徒歩1～5分</li><li>小田急江ノ島線「高座渋谷」駅 徒歩13～20分</li><li>相鉄いずみ野線「いずみ中央」駅バス13分 徒歩6～14分</li>
kanagawa,shonan,上和田,63600,,,,,,,大和市上和田2412,4-6号棟,鉄筋コンクリート造,5,N,504号室,3DK,53,5,60500,3100,2か月,"['近居割', '近居割WIDE']",随時,https://www.ur-net.go.jp/chintai/kanto/kanagawa/40_1240_room.html?JKSS=000406504,<li>相鉄本線「大和」駅バス15～20分 徒歩1～5分</li><li>小田急江ノ島線「高座渋谷」駅 徒歩13～20分</li><li>相鉄いずみ野線「いずみ中央」駅バス13分 徒歩6～14分</li>
kanagawa,shonan,上和田,63600,,,,相鉄本線「大和」駅,16.0,25.0,大和市上和田2412,4-6号棟,鉄筋コンクリート造,5,N,506号室,3DK,53,5,60500,3100,2か月,"['近居割', '近居割WIDE']",随時,https://www.ur-net.go.jp/chintai/kanto/kanagawa/40_1240_room.html?JKSS=000406506,<li>相鉄本線「大和」駅バス15～20分 徒歩1～5分</li><li>小田急江ノ島線「高座渋谷」駅 徒歩13～20分</li><li>相鉄いずみ野線「いずみ中央」駅バス13分 徒歩6～14分</li>
kanagawa,shonan,上和田,63600,小田急江ノ島線「高座渋谷」駅,13.0,20.0,,,,大和市上和田2412,4-6号棟,鉄筋コンクリート造,5,N,506号室,3DK,53,5,60500,3100,2か月,"['近居割', '近居割WIDE']",随時,https://www.ur-net.go.jp/chintai/kanto/kanagawa/40_1240_room.html?JKSS=000406506,<li>相鉄本線「大和」駅バス15～20分 徒歩1～5分</li><li>小田急江ノ島線「高座渋谷」駅 徒歩13～20分</li><li>相鉄いずみ野線「いずみ中央」駅バス13分 徒歩6～14分</li>
kanagawa,shonan,上和田,63600,,,,相鉄いずみ野線「いずみ中央」駅,19.0,27.0,大和市上和田2412,4-6号棟,鉄筋コンクリート造,5,N,506号室,3DK,53,5,60500,3100,2か月,"['近居割', '近居割WIDE']",随時,https://www.ur-net.go.jp/chintai/kanto/kanagawa/40_1240_room.html?JKSS=000406506,<li>相鉄本線「大和」駅バス15～20分 徒歩1～5分</li><li>小田急江ノ島線「高座渋谷」駅 徒歩13～20分</li><li>相鉄いずみ野線「いずみ中央」駅バス13分 徒歩6～14分</li>
kanagawa,shonan,上和田,63600,,,,,,,大和市上和田2412,4-6号棟,鉄筋コンクリート造,5,N,506号室,3DK,53,5,60500,3100,2か月,"['近居割', '近居割WIDE']",随時,https://www.ur-net.go.jp/chintai/kanto/kanagawa/40_1240_room.html?JKSS=000406506,<li>相鉄本線「大和」駅バス15～20分 徒歩1～5分</li><li>小田急江ノ島線「高座渋谷」駅 徒歩13～20分</li><li>相鉄いずみ野線「いずみ中央」駅バス13分 徒歩6～14分</li>
kanagawa,shonan,上和田,63600,,,,相鉄本線「大和」駅,16.0,25.0,大和市上和田2412,4-8号棟,鉄筋コンクリート造,5,N,502号室,3DK,53,5,60500,3100,2か月,"['近居割', '近居割WIDE']",随時,https://www.ur-net.go.jp/chintai/kanto/kanagawa/40_1240_room.html?JKSS=000408502,<li>相鉄本線「大和」駅バス15～20分 徒歩1～5分</li><li>小田急江ノ島線「高座渋谷」駅 徒歩13～20分</li><li>相鉄いずみ野線「いずみ中央」駅バス13分 徒歩6～14分</li>
kanagawa,shonan,上和田,63600,小田急江ノ島線「高座渋谷」駅,13.0,20.0,,,,大和市上和田2412,4-8号棟,鉄筋コンクリート造,5,N,502号室,3DK,53,5,60500,3100,2か月,"['近居割', '近居割WIDE']",随時,https://www.ur-net.go.jp/chintai/kanto/kanagawa/40_1240_room.html?JKSS=000408502,<li>相鉄本線「大和」駅バス15～20分 徒歩1～5分</li><li>小田急江ノ島線「高座渋谷」駅 徒歩13～20分</li><li>相鉄いずみ野線「いずみ中央」駅バス13分 徒歩6～14分</li>
kanagawa,shonan,上和田,63600,,,,相鉄いずみ野線「いずみ中央」駅,19.0,27.0,大和市上和田2412,4-8号棟,鉄筋コンクリート造,5,N,502号室,3DK,53,5,60500,3100,2か月,"['近居割', '近居割WIDE']",随時,https://www.ur-net.go.jp/chintai/kanto/kanagawa/40_1240_room.html?JKSS=000408502,<li>相鉄本線「大和」駅バス15～20分 徒歩1～5分</li><li>小田急江ノ島線「高座渋谷」駅 徒歩13～20分</li><li>相鉄いずみ野線「いずみ中央」駅バス13分 徒歩6～14分</li>
kanagawa,shonan,上和田,63600,,,,,,,大和市上和田2412,4-8号棟,鉄筋コンクリート造,5,N,502号室,3DK,53,5,60500,3100,2か月,"['近居割', '近居割WIDE']",随時,https://www.ur-net.go.jp/chintai/kanto/kanagawa/40_1240_room.html?JKSS=000408502,<li>相鉄本線「大和」駅バス15～20分 徒歩1～5分</li><li>小田急江ノ島線「高座渋谷」駅 徒歩13～20分</li><li>相鉄いずみ野線「いずみ中央」駅バス13分 徒歩6～14分</li>
kanagawa,shonan,上和田,66000,,,,相鉄本線「大和」駅,16.0,25.0,大和市上和田2412,2-6号棟,鉄筋コンクリート造,2,N,201号室,3DK,53,5,62900,3100,2か月,"['近居割', '近居割WIDE']",随時,https://www.ur-net.go.jp/chintai/kanto/kanagawa/40_1240_room.html?JKSS=000206201,<li>相鉄本線「大和」駅バス15～20分 徒歩1～5分</li><li>小田急江ノ島線「高座渋谷」駅 徒歩13～20分</li><li>相鉄いずみ野線「いずみ中央」駅バス13分 徒歩6～14分</li>
kanagawa,shonan,上和田,66000,小田急江ノ島線「高座渋谷」駅,13.0,20.0,,,,大和市上和田2412,2-6号棟,鉄筋コンクリート造,2,N,201号室,3DK,53,5,62900,3100,2か月,"['近居割', '近居割WIDE']",随時,https://www.ur-net.go.jp/chintai/kanto/kanagawa/40_1240_room.html?JKSS=000206201,<li>相鉄本線「大和」駅バス15～20分 徒歩1～5分</li><li>小田急江ノ島線「高座渋谷」駅 徒歩13～20分</li><li>相鉄いずみ野線「いずみ中央」駅バス13分 徒歩6～14分</li>
kanagawa,shonan,上和田,66000,,,,相鉄いずみ野線「いずみ中央」駅,19.0,27.0,大和市上和田2412,2-6号棟,鉄筋コンクリート造,2,N,201号室,3DK,53,5,62900,3100,2か月,"['近居割', '近居割WIDE']",随時,https://www.ur-net.go.jp/chintai/kanto/kanagawa/40_1240_room.html?JKSS=000206201,<li>相鉄本線「大和」駅バス15～20分 徒歩1～5分</li><li>小田急江ノ島線「高座渋谷」駅 徒歩13～20分</li><li>相鉄いずみ野線「いずみ中央」駅バス13分 徒歩6～14分</li>
kanagawa,shonan,上和田,66000,,,,,,,大和市上和田2412,2-6号棟,鉄筋コンクリート造,2,N,201号室,3DK,53,5,62900,3100,2か月,"['近居割', '近居割WIDE']",随時,https://www.ur-net.go.jp/chintai/kanto/kanagawa/40_1240_room.html?JKSS=000206201,<li>相鉄本線「大和」駅バス15～20分 徒歩1～5分</li><li>小田急江ノ島線「高座渋谷」駅 徒歩13～20分</li><li>相鉄いずみ野線「いずみ中央」駅バス13分 徒歩6～14分</li>
kanagawa,sagamiono,えびな,95100,小田急小田原線「厚木」駅,4.0,7.0,,,,海老名市中新田2-7,6号棟,鉄筋コンクリート造、鉄骨鉄筋コンクリート造,8,N,802号室,3DK,65,8,89000,6100,2か月,['近居割'],随時,https://www.ur-net.go.jp/chintai/kanto/kanagawa/40_1900_room.html?JKSS=000060802,<li>小田急小田原線「厚木」駅 徒歩4～7分</li><li>小田急小田原線「海老名」駅 徒歩20～22分</li><li>小田急小田原線「本厚木」駅 徒歩25～27分</li>
kanagawa,sagamiono,えびな,95100,小田急小田原線「海老名」駅,20.0,22.0,,,,海老名市中新田2-7,6号棟,鉄筋コンクリート造、鉄骨鉄筋コンクリート造,8,N,802号室,3DK,65,8,89000,6100,2か月,['近居割'],随時,https://www.ur-net.go.jp/chintai/kanto/kanagawa/40_1900_room.html?JKSS=000060802,<li>小田急小田原線「厚木」駅 徒歩4～7分</li><li>小田急小田原線「海老名」駅 徒歩20～22分</li><li>小田急小田原線「本厚木」駅 徒歩25～27分</li>
kanagawa,sagamiono,えびな,95100,小田急小田原線「本厚木」駅,25.0,27.0,,,,海老名市中新田2-7,6号棟,鉄筋コンクリート造、鉄骨鉄筋コンクリート造,8,N,802号室,3DK,65,8,89000,6100,2か月,['近居割'],随時,https://www.ur-net.go.jp/chintai/kanto/kanagawa/40_1900_room.html?JKSS=000060802,<li>小田急小田原線「厚木」駅 徒歩4～7分</li><li>小田急小田原線「海老名」駅 徒歩20～22分</li><li>小田急小田原線「本厚木」駅 徒歩25～27分</li>
kanagawa,sagamiono,えびな,95100,,,,,,,海老名市中新田2-7,6号棟,鉄筋コンクリート造、鉄骨鉄筋コンクリート造,8,N,802号室,3DK,65,8,89000,6100,2か月,['近居割'],随時,https://www.ur-net.go.jp/chintai/kanto/kanagawa/40_1900_room.html?JKSS=000060802,<li>小田急小田原線「厚木」駅 徒歩4～7分</li><li>小田急小田原線「海老名」駅 徒歩20～22分</li><li>小田急小田原線「本厚木」駅 徒歩25～27分</li>
kanagawa,sagamiono,えびな,99000,小田急小田原線「厚木」駅,4.0,7.0,,,,海老名市中新田2-7,6号棟,鉄筋コンクリート造、鉄骨鉄筋コンクリート造,2,N,202号室,2LDK,65,8,92900,6100,2か月,['近居割'],随時,https://www.ur-net.go.jp/chintai/kanto/kanagawa/40_1900_room.html?JKSS=000060202,<li>小田急小田原線「厚木」駅 徒歩4～7分</li><li>小田急小田原線「海老名」駅 徒歩20～22分</li><li>小田急小田原線「本厚木」駅 徒歩25～27分</li>
kanagawa,sagamiono,えびな,99000,小田急小田原線「海老名」駅,20.0,22.0,,,,海老名市中新田2-7,6号棟,鉄筋コンクリート造、鉄骨鉄筋コンクリート造,2,N,202号室,2LDK,65,8,92900,6100,2か月,['近居割'],随時,https://www.ur-net.go.jp/chintai/kanto/kanagawa/40_1900_room.html?JKSS=000060202,<li>小田急小田原線「厚木」駅 徒歩4～7分</li><li>小田急小田原線「海老名」駅 徒歩20～22分</li><li>小田急小田原線「本厚木」駅 徒歩25～27分</li>
kanagawa,sagamiono,えびな,99000,小田急小田原線「本厚木」駅,25.0,27.0,,,,海老名市中新田2-7,6号棟,鉄筋コンクリート造、鉄骨鉄筋コンクリート造,2,N,202号室,2LDK,65,8,92900,6100,2か月,['近居割'],随時,https://www.ur-net.go.jp/chintai/kanto/kanagawa/40_1900_room.html?JKSS=000060202,<li>小田急小田原線「厚木」駅 徒歩4～7分</li><li>小田急小田原線「海老名」駅 徒歩20～22分</li><li>小田急小田原線「本厚木」駅 徒歩25～27分</li>
kanagawa,sagamiono,えびな,99000,,,,,,,海老名市中新田2-7,6号棟,鉄筋コンクリート造、鉄骨鉄筋コンクリート造,2,N,202号室,2LDK,65,8,92900,6100,2か月,['近居割'],随時,https://www.ur-net.go.jp/chintai/kanto/kanagawa/40_1900_room.html?JKSS=000060202,<li>小田急小田原線「厚木」駅 徒歩4～7分</li><li>小田急小田原線「海老名」駅 徒歩20～22分</li><li>小田急小田原線「本厚木」駅 徒歩25～27分</li>
kanagawa,sagamiono,さがみ野さくら,96300,相鉄本線「さがみ野」駅,8.0,10.0,,,,座間市東原5-1,13号棟,鉄筋コンクリート造,5,N,506号室,3LDK,69,5,94100,2200,2か月,['近居割'],随時,https://www.ur-net.go.jp/chintai/kanto/kanagawa/40_2430_room.html?JKSS=000130506,<li>相鉄本線「さがみ野」駅 徒歩8～10分</li><li>小田急江ノ島線「南林間」駅バス9分 徒歩1～3分</li><li>小田急小田原線「座間」駅バス8分 徒歩9～11分</li>
kanagawa,sagamiono,さがみ野さくら,96300,,,,小田急江ノ島線「南林間」駅,10.0,12.0,座間市東原5-1,13号棟,鉄筋コンクリート造,5,N,506号室,3LDK,69,5,94100,2200,2か月,['近居割'],随時,https://www.ur-net.go.jp/chintai/kanto/kanagawa/40_2430_room.html?JKSS=000130506,<li>相鉄本線「さがみ野」駅 徒歩8～10分</li><li>小田急江ノ島線「南林間」駅バス9分 徒歩1～3分</li><li>小田急小田原線「座間」駅バス8分 徒歩9～11分</li>
kanagawa,sagamiono,さがみ野さくら,96300,,,,小田急小田原線「座間」駅,17.0,19.0,座間市東原5-1,13号棟,鉄筋コンクリート造,5,N,506号室,3LDK,69,5,94100,2200,2か月,['近居割'],随時,https://www.ur-net.go.jp/chintai/kanto/kanagawa/40_2430_room.html?JKSS=000130506,<li>相鉄本線「さがみ野」駅 徒歩8～10分</li><li>小田急江ノ島線「南林間」駅バス9分 徒歩1～3分</li><li>小田急小田原線「座間」駅バス8分 徒歩9～11分</li>
kanagawa,sagamiono,さがみ野さくら,96300,,,,,,,座間市東原5-1,13号棟,鉄筋コンクリート造,5,N,506号室,3LDK,69,5,94100,2200,2か月,['近居割'],随時,https://www.ur-net.go.jp/chintai/kanto/kanagawa/40_2430_room.html?JKSS=000130506,<li>相鉄本線「さがみ野」駅 徒歩8～10分</li><li>小田急江ノ島線「南林間」駅バス9分 徒歩1～3分</li><li>小田急小田原線「座間」駅バス8分 徒歩9～11分</li>
kanagawa,shonan,サンヴァリエ平塚,64600,,,,JR東海道本線「平塚」駅,21.0,23.0,平塚市高村203,19号棟,鉄筋コンクリート造、鉄骨鉄筋コンクリート造,3,N,303号室,2DK,50,8,61500,3100,2か月,['近居割WIDE'],随時,https://www.ur-net.go.jp/chintai/kanto/kanagawa/40_1780_room.html?JKSS=000190303,<li>JR東海道本線「平塚」駅バス20分 徒歩1～3分</li><li>小田急小田原線「伊勢原」駅バス33分 徒歩2～5分</li><li>JR東海道本線「大磯」駅 徒歩53～56分</li>
kanagawa,shonan,サンヴァリエ平塚,64600,,,,小田急小田原線「伊勢原」駅,35.0,38.0,平塚市高村203,19号棟,鉄筋コンクリート造、鉄骨鉄筋コンクリート造,3,N,303号室,2DK,50,8,61500,3100,2か月,['近居割WIDE'],随時,https://www.ur-net.go.jp/chintai/kanto/kanagawa/40_1780_room.html?JKSS=000190303,<li>JR東海道本線「平塚」駅バス20分 徒歩1～3分</li><li>小田急小田原線「伊勢原」駅バス33分 徒歩2～5分</li><li>JR東海道本線「大磯」駅 徒歩53～56分</li>
kanagawa,shonan,サンヴァリエ平塚,64600,JR東海道本線「大磯」駅,53.0,56.0,,,,平塚市高村203,19号棟,鉄筋コンクリート造、鉄骨鉄筋コンクリート造,3,N,303号室,2DK,50,8,61500,3100,2か月,['近居割WIDE'],随時,https://www.ur-net.go.jp/chintai/kanto/kanagawa/40_1780_room.html?JKSS=000190303,<li>JR東海道本線「平塚」駅バス20分 徒歩1～3分</li><li>小田急小田原線「伊勢原」駅バス33分 徒歩2～5分</li><li>JR東海道本線「大磯」駅 徒歩53～56分</li>
kanagawa,shonan,サンヴァリエ平塚,64600,,,,,,,平塚市高村203,19号棟,鉄筋コンクリート造、鉄骨鉄筋コンクリート造,3,N,303号室,2DK,50,8,61500,3100,2か月,['近居割WIDE'],随時,https://www.ur-net.go.jp/chintai/kanto/kanagawa/40_1780_room.html?JKSS=000190303,<li>JR東海道本線「平塚」駅バス20分 徒歩1～3分</li><li>小田急小田原線「伊勢原」駅バス33分 徒歩2～5分</li><li>JR東海道本線「大磯」駅 徒歩53～56分</li>
kanagawa,shonan,サンヴァリエ平塚,65100,,,,JR東海道本線「平塚」駅,21.0,23.0,平塚市高村203,11号棟,鉄筋コンクリート造、鉄骨鉄筋コンクリート造,5,N,502号室,2DK,50,8,62000,3100,2か月,['近居割WIDE'],随時,https://www.ur-net.go.jp/chintai/kanto/kanagawa/40_1780_room.html?JKSS=000110502,<li>JR東海道本線「平塚」駅バス20分 徒歩1～3分</li><li>小田急小田原線「伊勢原」駅バス33分 徒歩2～5分</li><li>JR東海道本線「大磯」駅 徒歩53～56分</li>
kanagawa,shonan,サンヴァリエ平塚,65100,,,,小田急小田原線「伊勢原」駅,35.0,38.0,平塚市高村203,11号棟,鉄筋コンクリート造、鉄骨鉄筋コンクリート造,5,N,502号室,2DK,50,8,62000,3100,2か月,['近居割WIDE'],随時,https://www.ur-net.go.jp/chintai/kanto/kanagawa/40_1780_room.html?JKSS=000110502,<li>JR東海道本線「平塚」駅バス20分 徒歩1～3分</li><li>小田急小田原線「伊勢原」駅バス33分 徒歩2～5分</li><li>JR東海道本線「大磯」駅 徒歩53～56分</li>
kanagawa,shonan,サンヴァリエ平塚,65100,JR東海道本線「大磯」駅,53.0,56.0,,,,平塚市高村203,11号棟,鉄筋コンクリート造、鉄骨鉄筋コンクリート造,5,N,502号室,2DK,50,8,62000,3100,2か月,['近居割WIDE'],随時,https://www.ur-net.go.jp/chintai/kanto/kanagawa/40_1780_room.html?JKSS=000110502,<li>JR東海道本線「平塚」駅バス20分 徒歩1～3分</li><li>小田急小田原線「伊勢原」駅バス33分 徒歩2～5分</li><li>JR東海道本線「大磯」駅 徒歩53～56分</li>
kanagawa,shonan,サンヴァリエ平塚,65100,,,,,,,平塚市高村203,11号棟,鉄筋コンクリート造、鉄骨鉄筋コンクリート造,5,N,502号室,2DK,50,8,62000,3100,2か月,['近居割WIDE'],随時,https://www.ur-net.go.jp/chintai/kanto/kanagawa/40_1780_room.html?JKSS=000110502,<li>JR東海道本線「平塚」駅バス20分 徒歩1～3分</li><li>小田急小田原線「伊勢原」駅バス33分 徒歩2～5分</li><li>JR東海道本線「大磯」駅 徒歩53～56分</li>
kanagawa,shonan,サンヴァリエ平塚,65100,,,,JR東海道本線「平塚」駅,21.0,23.0,平塚市高村203,11号棟,鉄筋コンクリート造、鉄骨鉄筋コンクリート造,8,N,802号室,2DK,50,8,62000,3100,2か月,['近居割WIDE'],随時,https://www.ur-net.go.jp/chintai/kanto/kanagawa/40_1780_room.html?JKSS=000110802,<li>JR東海道本線「平塚」駅バス20分 徒歩1～3分</li><li>小田急小田原線「伊勢原」駅バス33分 徒歩2～5分</li><li>JR東海道本線「大磯」駅 徒歩53～56分</li>
kanagawa,shonan,サンヴァリエ平塚,65100,,,,小田急小田原線「伊勢原」駅,35.0,38.0,平塚市高村203,11号棟,鉄筋コンクリート造、鉄骨鉄筋コンクリート造,8,N,802号室,2DK,50,8,62000,3100,2か月,['近居割WIDE'],随時,https://www.ur-net.go.jp/chintai/kanto/kanagawa/40_1780_room.html?JKSS=000110802,<li>JR東海道本線「平塚」駅バス20分 徒歩1～3分</li><li>小田急小田原線「伊勢原」駅バス33分 徒歩2～5分</li><li>JR東海道本線「大磯」駅 徒歩53～56分</li>
kanagawa,shonan,サンヴァリエ平塚,65100,JR東海道本線「大磯」駅,53.0,56.0,,,,平塚市高村203,11号棟,鉄筋コンクリート造、鉄骨鉄筋コンクリート造,8,N,802号室,2DK,50,8,62000,3100,2か月,['近居割WIDE'],随時,https://www.ur-net.go.jp/chintai/kanto/kanagawa/40_1780_room.html?JKSS=000110802,<li>JR東海道本線「平塚」駅バス20分 徒歩1～3分</li><li>小田急小田原線「伊勢原」駅バス33分 徒歩2～5分</li><li>JR東海道本線「大磯」駅 徒歩53～56分</li>
kanagawa,shonan,サンヴァリエ平塚,65100,,,,,,,平塚市高村203,11号棟,鉄筋コンクリート造、鉄骨鉄筋コンクリート造,8,N,802号室,2DK,50,8,62000,3100,2か月,['近居割WIDE'],随時,https://www.ur-net.go.jp/chintai/kanto/kanagawa/40_1780_room.html?JKSS=000110802,<li>JR東海道本線「平塚」駅バス20分 徒歩1～3分</li><li>小田急小田原線「伊勢原」駅バス33分 徒歩2～5分</li><li>JR東海道本線「大磯」駅 徒歩53～56分</li>
kanagawa,shonan,サンヴァリエ平塚,65100,,,,JR東海道本線「平塚」駅,21.0,23.0,平塚市高村203,17号棟,鉄筋コンクリート造、鉄骨鉄筋コンクリート造,5,N,506号室,2DK,50,8,62000,3100,2か月,['近居割WIDE'],随時,https://www.ur-net.go.jp/chintai/kanto/kanagawa/40_1780_room.html?JKSS=000170506,<li>JR東海道本線「平塚」駅バス20分 徒歩1～3分</li><li>小田急小田原線「伊勢原」駅バス33分 徒歩2～5分</li><li>JR東海道本線「大磯」駅 徒歩53～56分</li>
kanagawa,shonan,サンヴァリエ平塚,65100,,,,小田急小田原線「伊勢原」駅,35.0,38.0,平塚市高村203,17号棟,鉄筋コンクリート造、鉄骨鉄筋コンクリート造,5,N,506号室,2DK,50,8,62000,3100,2か月,['近居割WIDE'],随時,https://www.ur-net.go.jp/chintai/kanto/kanagawa/40_1780_room.html?JKSS=000170506,<li>JR東海道本線「平塚」駅バス20分 徒歩1～3分</li><li>小田急小田原線「伊勢原」駅バス33分 徒歩2～5分</li><li>JR東海道本線「大磯」駅 徒歩53～56分</li>
kanagawa,shonan,サンヴァリエ平塚,65100,JR東海道本線「大磯」駅,53.0,56.0,,,,平塚市高村203,17号棟,鉄筋コンクリート造、鉄骨鉄筋コンクリート造,5,N,506号室,2DK,50,8,62000,3100,2か月,['近居割WIDE'],随時,https://www.ur-net.go.jp/chintai/kanto/kanagawa/40_1780_room.html?JKSS=000170506,<li>JR東海道本線「平塚」駅バス20分 徒歩1～3分</li><li>小田急小田原線「伊勢原」駅バス33分 徒歩2～5分</li><li>JR東海道本線「大磯」駅 徒歩53～56分</li>
kanagawa,shonan,サンヴァリエ平塚,65100,,,,,,,平塚市高村203,17号棟,鉄筋コンクリート造、鉄骨鉄筋コンクリート造,5,N,506号室,2DK,50,8,62000,3100,2か月,['近居割WIDE'],随時,https://www.ur-net.go.jp/chintai/kanto/kanagawa/40_1780_room.html?JKSS=000170506,<li>JR東海道本線「平塚」駅バス20分 徒歩1～3分</li><li>小田急小田原線「伊勢原」駅バス33分 徒歩2～5分</li><li>JR東海道本線「大磯」駅 徒歩53～56分</li>
kanagawa,shonan,サンヴァリエ平塚,65100,,,,JR東海道本線「平塚」駅,21.0,23.0,平塚市高村203,18号棟,鉄筋コンクリート造、鉄骨鉄筋コンクリート造,8,N,804号室,2DK,50,8,62000,3100,2か月,['近居割WIDE'],随時,https://www.ur-net.go.jp/chintai/kanto/kanagawa/40_1780_room.html?JKSS=000180804,<li>JR東海道本線「平塚」駅バス20分 徒歩1～3分</li><li>小田急小田原線「伊勢原」駅バス33分 徒歩2～5分</li><li>JR東海道本線「大磯」駅 徒歩53～56分</li>
kanagawa,shonan,サンヴァリエ平塚,65100,,,,小田急小田原線「伊勢原」駅,35.0,38.0,平塚市高村203,18号棟,鉄筋コンクリート造、鉄骨鉄筋コンクリート造,8,N,804号室,2DK,50,8,62000,3100,2か月,['近居割WIDE'],随時,https://www.ur-net.go.jp/chintai/kanto/kanagawa/40_1780_room.html?JKSS=000180804,<li>JR東海道本線「平塚」駅バス20分 徒歩1～3分</li><li>小田急小田原線「伊勢原」駅バス33分 徒歩2～5分</li><li>JR東海道本線「大磯」駅 徒歩53～56分</li>
kanagawa,shonan,サンヴァリエ平塚,65100,JR東海道本線「大磯」駅,53.0,56.0,,,,平塚市高村203,18号棟,鉄筋コンクリート造、鉄骨鉄筋コンクリート造,8,N,804号室,2DK,50,8,62000,3100,2か月,['近居割WIDE'],随時,https://www.ur-net.go.jp/chintai/kanto/kanagawa/40_1780_room.html?JKSS=000180804,<li>JR東海道本線「平塚」駅バス20分 徒歩1～3分</li><li>小田急小田原線「伊勢原」駅バス33分 徒歩2～5分</li><li>JR東海道本線「大磯」駅 徒歩53～56分</li>
kanagawa,shonan,サンヴァリエ平塚,65100,,,,,,,平塚市高村203,18号棟,鉄筋コンクリート造、鉄骨鉄筋コンクリート造,8,N,804号室,2DK,50,8,62000,3100,2か月,['近居割WIDE'],随時,https://www.ur-net.go.jp/chintai/kanto/kanagawa/40_1780_room.html?JKSS=000180804,<li>JR東海道本線「平塚」駅バス20分 徒歩1～3分</li><li>小田急小田原線「伊勢原」駅バス33分 徒歩2～5分</li><li>JR東海道本線「大磯」駅 徒歩53～56分</li>
kanagawa,shonan,善行,53100,小田急江ノ島線「善行」駅,11.0,19.0,小田急江ノ島線「善行」駅,5.0,13.0,藤沢市善行団地1-1ほか,2-6号棟,鉄筋コンクリート造,5,N,502号室,2DK,41,5,49800,3300,2か月,['URライト（4年定借）'],随時,https://www.ur-net.go.jp/chintai/kanto/kanagawa/40_1040_room.html?JKSS=000206502,<li>小田急江ノ島線「善行」駅 徒歩11～19分 又はバス4～8分 徒歩1～5分</li>
kanagawa,shonan,善行,53100,,,,,,,藤沢市善行団地1-1ほか,2-6号棟,鉄筋コンクリート造,5,N,502号室,2DK,41,5,49800,3300,2か月,['URライト（4年定借）'],随時,https://www.ur-net.go.jp/chintai/kanto/kanagawa/40_1040_room.html?JKSS=000206502,<li>小田急江ノ島線「善行」駅 徒歩11～19分 又はバス4～8分 徒歩1～5分</li>
kanagawa,shonan,善行,53100,小田急江ノ島線「善行」駅,11.0,19.0,小田急江ノ島線「善行」駅,5.0,13.0,藤沢市善行団地1-1ほか,2-8号棟,鉄筋コンクリート造,5,N,502号室,2DK,41,5,49800,3300,2か月,['URライト（4年定借）'],随時,https://www.ur-net.go.jp/chintai/kanto/kanagawa/40_1040_room.html?JKSS=000208502,<li>小田急江ノ島線「善行」駅 徒歩11～19分 又はバス4～8分 徒歩1～5分</li>
kanagawa,shonan,善行,53100,,,,,,,藤沢市善行団地1-1ほか,2-8号棟,鉄筋コンクリート造,5,N,502号室,2DK,41,5,49800,3300,2か月,['URライト（4年定借）'],随時,https://www.ur-net.go.jp/chintai/kanto/kanagawa/40_1040_room.html?JKSS=000208502,<li>小田急江ノ島線「善行」駅 徒歩11～19分 又はバス4～8分 徒歩1～5分</li>
kanagawa,shonan,善行,61300,小田急江ノ島線「善行」駅,11.0,19.0,小田急江ノ島線「善行」駅,5.0,13.0,藤沢市善行団地1-1ほか,7-2号棟,鉄筋コンクリート造,3,N,302号室,3K,45,5,58000,3300,2か月,['URライト（4年定借）'],随時,https://www.ur-net.go.jp/chintai/kanto/kanagawa/40_1040_room.html?JKSS=000702302,<li>小田急江ノ島線「善行」駅 徒歩11～19分 又はバス4～8分 徒歩1～5分</li>
kanagawa,shonan,善行,61300,,,,,,,藤沢市善行団地1-1ほか,7-2号棟,鉄筋コンクリート造,3,N,302号室,3K,45,5,58000,3300,2か月,['URライト（4年定借）'],随時,https://www.ur-net.go.jp/chintai/kanto/kanagawa/40_1040_room.html?JKSS=000702302,<li>小田急江ノ島線「善行」駅 徒歩11～19分 又はバス4～8分 徒歩1～5分</li>
kanagawa,shonan,善行,62400,小田急江ノ島線「善行」駅,11.0,19.0,小田急江ノ島線「善行」駅,5.0,13.0,藤沢市善行団地1-1ほか,5-5号棟,鉄筋コンクリート造,5,N,505号室,3K,48,5,59100,3300,2か月,['URライト（4年定借）'],随時,https://www.ur-net.go.jp/chintai/kanto/kanagawa/40_1040_room.html?JKSS=000505505,<li>小田急江ノ島線「善行」駅 徒歩11～19分 又はバス4～8分 徒歩1～5分</li>
kanagawa,shonan,善行,62400,,,,,,,藤沢市善行団地1-1ほか,5-5号棟,鉄筋コンクリート造,5,N,505号室,3K,48,5,59100,3300,2か月,['URライト（4年定借）'],随時,https://www.ur-net.go.jp/chintai/kanto/kanagawa/40_1040_room.html?JKSS=000505505,<li>小田急江ノ島線「善行」駅 徒歩11～19分 又はバス4～8分 徒歩1～5分</li>
kanagawa,shonan,善行,64600,小田急江ノ島線「善行」駅,11.0,19.0,小田急江ノ島線「善行」駅,5.0,13.0,藤沢市善行団地1-1ほか,3-5号棟,鉄筋コンクリート造,5,N,505号室,3DK,50,5,61300,3300,2か月,"['近居割', '近居割WIDE']",随時,https://www.ur-net.go.jp/chintai/kanto/kanagawa/40_1040_room.html?JKSS=000305505,<li>小田急江ノ島線「善行」駅 徒歩11～19分 又はバス4～8分 徒歩1～5分</li>
kanagawa,shonan,善行,64600,,,,,,,藤沢市善行団地1-1ほか,3-5号棟,鉄筋コンクリート造,5,N,505号室,3DK,50,5,61300,3300,2か月,"['近居割', '近居割WIDE']",随時,https://www.ur-net.go.jp/chintai/kanto/kanagawa/40_1040_room.html?JKSS=000305505,<li>小田急江ノ島線「善行」駅 徒歩11～19分 又はバス4～8分 徒歩1～5分</li>
kanagawa,shonan,鶴が台,55300,,,,JR東海道本線「茅ケ崎」駅,10.0,18.0,茅ヶ崎市鶴が台,11-1号棟,鉄筋コンクリート造,4,N,403号室,3K,45,5,51700,3600,2か月,['近居割'],随時,https://www.ur-net.go.jp/chintai/kanto/kanagawa/40_1160_room.html?JKSS=000111403,<li>JR東海道本線「茅ケ崎」駅バス9～13分 徒歩1～5分</li><li>JR相模線「北茅ケ崎」駅 徒歩14～19分</li><li>JR相模線「香川」駅 徒歩15～23分</li>
kanagawa,shonan,鶴が台,55300,JR相模線「北茅ケ崎」駅,14.0,19.0,,,,茅ヶ崎市鶴が台,11-1号棟,鉄筋コンクリート造,4,N,403号室,3K,45,5,51700,3600,2か月,['近居割'],随時,https://www.ur-net.go.jp/chintai/kanto/kanagawa/40_1160_room.html?JKSS=000111403,<li>JR東海道本線「茅ケ崎」駅バス9～13分 徒歩1～5分</li><li>JR相模線「北茅ケ崎」駅 徒歩14～19分</li><li>JR相模線「香川」駅 徒歩15～23分</li>
kanagawa,shonan,鶴が台,55300,JR相模線「香川」駅,15.0,23.0,,,,茅ヶ崎市鶴が台,11-1号棟,鉄筋コンクリート造,4,N,403号室,3K,45,5,51700,3600,2か月,['近居割'],随時,https://www.ur-net.go.jp/chintai/kanto/kanagawa/40_1160_room.html?JKSS=000111403,<li>JR東海道本線「茅ケ崎」駅バス9～13分 徒歩1～5分</li><li>JR相模線「北茅ケ崎」駅 徒歩14～19分</li><li>JR相模線「香川」駅 徒歩15～23分</li>
kanagawa,shonan,鶴が台,55300,,,,,,,茅ヶ崎市鶴が台,11-1号棟,鉄筋コンクリート造,4,N,403号室,3K,45,5,51700,3600,2か月,['近居割'],随時,https://www.ur-net.go.jp/chintai/kanto/kanagawa/40_1160_room.html?JKSS=000111403,<li>JR東海道本線「茅ケ崎」駅バス9～13分 徒歩1～5分</li><li>JR相模線「北茅ケ崎」駅 徒歩14～19分</li><li>JR相模線「香川」駅 徒歩15～23分</li>
kanagawa,shonan,鶴が台,61000,,,,JR東海道本線「茅ケ崎」駅,10.0,18.0,茅ヶ崎市鶴が台,4-1号棟,鉄筋コンクリート造,5,N,501号室,3DK,53,5,57400,3600,2か月,['近居割'],随時,https://www.ur-net.go.jp/chintai/kanto/kanagawa/40_1160_room.html?JKSS=000401501,<li>JR東海道本線「茅ケ崎」駅バス9～13分 徒歩1～5分</li><li>JR相模線「北茅ケ崎」駅 徒歩14～19分</li><li>JR相模線「香川」駅 徒歩15～23分</li>
kanagawa,shonan,鶴が台,61000,JR相模線「北茅ケ崎」駅,14.0,19.0,,,,茅ヶ崎市鶴が台,4-1号棟,鉄筋コンクリート造,5,N,501号室,3DK,53,5,57400,3600,2か月,['近居割'],随時,https://www.ur-net.go.jp/chintai/kanto/kanagawa/40_1160_room.html?JKSS=000401501,<li>JR東海道本線「茅ケ崎」駅バス9～13分 徒歩1～5分</li><li>JR相模線「北茅ケ崎」駅 徒歩14～19分</li><li>JR相模線「香川」駅 徒歩15～23分</li>
kanagawa,shonan,鶴が台,61000,JR相模線「香川」駅,15.0,23.0,,,,茅ヶ崎市鶴が台,4-1号棟,鉄筋コンクリート造,5,N,501号室,3DK,53,5,57400,3600,2か月,['近居割'],随時,https://www.ur-net.go.jp/chintai/kanto/kanagawa/40_1160_room.html?JKSS=000401501,<li>JR東海道本線「茅ケ崎」駅バス9～13分 徒歩1～5分</li><li>JR相模線「北茅ケ崎」駅 徒歩14～19分</li><li>JR相模線「香川」駅 徒歩15～23分</li>
kanagawa,shonan,鶴が台,61000,,,,,,,茅ヶ崎市鶴が台,4-1号棟,鉄筋コンクリート造,5,N,501号室,3DK,53,5,57400,3600,2か月,['近居割'],随時,https://www.ur-net.go.jp/chintai/kanto/kanagawa/40_1160_room.html?JKSS=000401501,<li>JR東海道本線「茅ケ崎」駅バス9～13分 徒歩1～5分</li><li>JR相模線「北茅ケ崎」駅 徒歩14～19分</li><li>JR相模線「香川」駅 徒歩15～23分</li>
kanagawa,shonan,鶴が台,64500,,,,JR東海道本線「茅ケ崎」駅,10.0,18.0,茅ヶ崎市鶴が台,10-7号棟,鉄筋コンクリート造,3,N,302号室,3DK,54,5,60900,3600,2か月,['近居割'],随時,https://www.ur-net.go.jp/chintai/kanto/kanagawa/40_1160_room.html?JKSS=000107302,<li>JR東海道本線「茅ケ崎」駅バス9～13分 徒歩1～5分</li><li>JR相模線「北茅ケ崎」駅 徒歩14～19分</li><li>JR相模線「香川」駅 徒歩15～23分</li>
kanagawa,shonan,鶴が台,64500,JR相模線「北茅ケ崎」駅,14.0,19.0,,,,茅ヶ崎市鶴が台,10-7号棟,鉄筋コンクリート造,3,N,302号室,3DK,54,5,60900,3600,2か月,['近居割'],随時,https://www.ur-net.go.jp/chintai/kanto/kanagawa/40_1160_room.html?JKSS=000107302,<li>JR東海道本線「茅ケ崎」駅バス9～13分 徒歩1～5分</li><li>JR相模線「北茅ケ崎」駅 徒歩14～19分</li><li>JR相模線「香川」駅 徒歩15～23分</li>
kanagawa,shonan,鶴が台,64500,JR相模線「香川」駅,15.0,23.0,,,,茅ヶ崎市鶴が台,10-7号棟,鉄筋コンクリート造,3,N,302号室,3DK,54,5,60900,3600,2か月,['近居割'],随時,https://www.ur-net.go.jp/chintai/kanto/kanagawa/40_1160_room.html?JKSS=000107302,<li>JR東海道本線「茅ケ崎」駅バス9～13分 徒歩1～5分</li><li>JR相模線「北茅ケ崎」駅 徒歩14～19分</li><li>JR相模線「香川」駅 徒歩15～23分</li>
kanagawa,shonan,鶴が台,64500,,,,,,,茅ヶ崎市鶴が台,10-7号棟,鉄筋コンクリート造,3,N,302号室,3DK,54,5,60900,3600,2か月,['近居割'],随時,https://www.ur-net.go.jp/chintai/kanto/kanagawa/40_1160_room.html?JKSS=000107302,<li>JR東海道本線「茅ケ崎」駅バス9～13分 徒歩1～5分</li><li>JR相模線「北茅ケ崎」駅 徒歩14～19分</li><li>JR相模線「香川」駅 徒歩15～23分</li>
kanagawa,shonan,コンフォール茅ヶ崎浜見平,107800,,,,JR東海道本線「茅ケ崎」駅,16.0,18.0,茅ヶ崎市浜見平13番ほか,4-5号棟,鉄筋コンクリート造,2,N,207号室,1LDK,49,8,102900,4900,2か月,"['近居割', '近居割WIDE']",随時,https://www.ur-net.go.jp/chintai/kanto/kanagawa/40_4240_room.html?JKSS=004050207,<li>JR東海道本線「茅ケ崎」駅バス14分 徒歩2～4分</li>
kanagawa,shonan,コンフォール茅ヶ崎浜見平,107800,,,,,,,茅ヶ崎市浜見平13番ほか,4-5号棟,鉄筋コンクリート造,2,N,207号室,1LDK,49,8,102900,4900,2か月,"['近居割', '近居割WIDE']",随時,https://www.ur-net.go.jp/chintai/kanto/kanagawa/40_4240_room.html?JKSS=004050207,<li>JR東海道本線「茅ケ崎」駅バス14分 徒歩2～4分</li>
kanagawa,shonan,コンフォール茅ヶ崎浜見平,122800,,,,JR東海道本線「茅ケ崎」駅,16.0,18.0,茅ヶ崎市浜見平13番ほか,14-2号棟,鉄筋コンクリート造,2,N,212号室,1LDK,63,8,117900,4900,2か月,"['近居割', '近居割WIDE']",随時,https://www.ur-net.go.jp/chintai/kanto/kanagawa/40_4240_room.html?JKSS=014020212,<li>JR東海道本線「茅ケ崎」駅バス14分 徒歩2～4分</li>
kanagawa,shonan,コンフォール茅ヶ崎浜見平,122800,,,,,,,茅ヶ崎市浜見平13番ほか,14-2号棟,鉄筋コンクリート造,2,N,212号室,1LDK,63,8,117900,4900,2か月,"['近居割', '近居割WIDE']",随時,https://www.ur-net.go.jp/chintai/kanto/kanagawa/40_4240_room.html?JKSS=014020212,<li>JR東海道本線「茅ケ崎」駅バス14分 徒歩2～4分</li>
kanagawa,shonan,コンフォール茅ヶ崎浜見平,130700,,,,JR東海道本線「茅ケ崎」駅,16.0,18.0,茅ヶ崎市浜見平13番ほか,4-4号棟,鉄筋コンクリート造,1,N,102号室,1LDK,49,8,125800,4900,2か月,"['近居割', '近居割WIDE']",随時,https://www.ur-net.go.jp/chintai/kanto/kanagawa/40_4240_room.html?JKSS=004040102,<li>JR東海道本線「茅ケ崎」駅バス14分 徒歩2～4分</li>
kanagawa,shonan,コンフォール茅ヶ崎浜見平,130700,,,,,,,茅ヶ崎市浜見平13番ほか,4-4号棟,鉄筋コンクリート造,1,N,102号室,1LDK,49,8,125800,4900,2か月,"['近居割', '近居割WIDE']",随時,https://www.ur-net.go.jp/chintai/kanto/kanagawa/40_4240_room.html?JKSS=004040102,<li>JR東海道本線「茅ケ崎」駅バス14分 徒歩2～4分</li>
kanagawa,shonan,浜見平,107900,,,,JR東海道本線「茅ケ崎」駅,15.0,15.0,茅ヶ崎市浜見平6-2ほか,6-2号棟,鉄筋コンクリート造,3,N,303号室,3DK,62,5,104000,3900,2か月,"['近居割', '近居割WIDE']",随時,https://www.ur-net.go.jp/chintai/kanto/kanagawa/40_0971_room.html?JKSS=006020303,<li>JR東海道本線「茅ケ崎」駅バス13分 徒歩2分</li>
kanagawa,shonan,浜見平,107900,,,,,,,茅ヶ崎市浜見平6-2ほか,6-2号棟,鉄筋コンクリート造,3,N,303号室,3DK,62,5,104000,3900,2か月,"['近居割', '近居割WIDE']",随時,https://www.ur-net.go.jp/chintai/kanto/kanagawa/40_0971_room.html?JKSS=006020303,<li>JR東海道本線「茅ケ崎」駅バス13分 徒歩2分</li>
kanagawa,shonan,浜見平,116100,,,,JR東海道本線「茅ケ崎」駅,15.0,15.0,茅ヶ崎市浜見平6-2ほか,6-2号棟,鉄筋コンクリート造,2,N,202号室,3LDK,70,5,112200,3900,2か月,"['近居割', '近居割WIDE']",随時,https://www.ur-net.go.jp/chintai/kanto/kanagawa/40_0971_room.html?JKSS=006020202,<li>JR東海道本線「茅ケ崎」駅バス13分 徒歩2分</li>
kanagawa,shonan,浜見平,116100,,,,,,,茅ヶ崎市浜見平6-2ほか,6-2号棟,鉄筋コンクリート造,2,N,202号室,3LDK,70,5,112200,3900,2か月,"['近居割', '近居割WIDE']",随時,https://www.ur-net.go.jp/chintai/kanto/kanagawa/40_0971_room.html?JKSS=006020202,<li>JR東海道本線「茅ケ崎」駅バス13分 徒歩2分</li>
kanagawa,shonan,浜見平,119500,,,,JR東海道本線「茅ケ崎」駅,15.0,15.0,茅ヶ崎市浜見平6-2ほか,6-2号棟,鉄筋コンクリート造,5,N,506号室,3LDK,70,5,115600,3900,2か月,"['近居割', '近居割WIDE']",随時,https://www.ur-net.go.jp/chintai/kanto/kanagawa/40_0971_room.html?JKSS=006020506,<li>JR東海道本線「茅ケ崎」駅バス13分 徒歩2分</li>
kanagawa,shonan,浜見平,119500,,,,,,,茅ヶ崎市浜見平6-2ほか,6-2号棟,鉄筋コンクリート造,5,N,506号室,3LDK,70,5,115600,3900,2か月,"['近居割', '近居割WIDE']",随時,https://www.ur-net.go.jp/chintai/kanto/kanagawa/40_0971_room.html?JKSS=006020506,<li>JR東海道本線「茅ケ崎」駅バス13分 徒歩2分</li>
kanagawa,shonan,浜見平,123300,,,,JR東海道本線「茅ケ崎」駅,15.0,15.0,茅ヶ崎市浜見平6-2ほか,6-3号棟,鉄筋コンクリート造,4,N,406号室,3LDK,70,5,119400,3900,2か月,"['近居割', '近居割WIDE']",随時,https://www.ur-net.go.jp/chintai/kanto/kanagawa/40_0971_room.html?JKSS=006030406,<li>JR東海道本線「茅ケ崎」駅バス13分 徒歩2分</li>
kanagawa,shonan,浜見平,123300,,,,,,,茅ヶ崎市浜見平6-2ほか,6-3号棟,鉄筋コンクリート造,4,N,406号室,3LDK,70,5,119400,3900,2か月,"['近居割', '近居割WIDE']",随時,https://www.ur-net.go.jp/chintai/kanto/kanagawa/40_0971_room.html?JKSS=006030406,<li>JR東海道本線「茅ケ崎」駅バス13分 徒歩2分</li>
chiba,inageekimae,千草台,46100,,,,JR総武線「西千葉」駅,10.0,17.0,千葉市稲毛区千草台1ほか,2-17号棟,鉄筋コンクリート造,5,N,508号室,3K,45,5,43800,2300,2か月,"['近居割', '近居割WIDE']",随時,https://www.ur-net.go.jp/chintai/kanto/chiba/30_1390_room.html?JKSS=000217508,<li>JR総武線「西千葉」駅バス9～12分 徒歩1～5分</li><li>JR総武線「千葉」駅バス9～15分 徒歩9～17分</li><li>千葉都市モノレール「穴川」駅 徒歩12～18分</li>
chiba,inageekimae,千草台,46100,,,,JR総武線「千葉」駅,18.0,32.0,千葉市稲毛区千草台1ほか,2-17号棟,鉄筋コンクリート造,5,N,508号室,3K,45,5,43800,2300,2か月,"['近居割', '近居割WIDE']",随時,https://www.ur-net.go.jp/chintai/kanto/chiba/30_1390_room.html?JKSS=000217508,<li>JR総武線「西千葉」駅バス9～12分 徒歩1～5分</li><li>JR総武線「千葉」駅バス9～15分 徒歩9～17分</li><li>千葉都市モノレール「穴川」駅 徒歩12～18分</li>
chiba,inageekimae,千草台,46100,千葉都市モノレール「穴川」駅,12.0,18.0,,,,千葉市稲毛区千草台1ほか,2-17号棟,鉄筋コンクリート造,5,N,508号室,3K,45,5,43800,2300,2か月,"['近居割', '近居割WIDE']",随時,https://www.ur-net.go.jp/chintai/kanto/chiba/30_1390_room.html?JKSS=000217508,<li>JR総武線「西千葉」駅バス9～12分 徒歩1～5分</li><li>JR総武線「千葉」駅バス9～15分 徒歩9～17分</li><li>千葉都市モノレール「穴川」駅 徒歩12～18分</li>
chiba,inageekimae,千草台,46100,,,,,,,千葉市稲毛区千草台1ほか,2-17号棟,鉄筋コンクリート造,5,N,508号室,3K,45,5,43800,2300,2か月,"['近居割', '近居割WIDE']",随時,https://www.ur-net.go.jp/chintai/kanto/chiba/30_1390_room.html?JKSS=000217508,<li>JR総武線「西千葉」駅バス9～12分 徒歩1～5分</li><li>JR総武線「千葉」駅バス9～15分 徒歩9～17分</li><li>千葉都市モノレール「穴川」駅 徒歩12～18分</li>
chiba,inageekimae,千草台,48100,,,,JR総武線「西千葉」駅,10.0,17.0,千葉市稲毛区千草台1ほか,2-30号棟,鉄筋コンクリート造,4,N,407号室,3K,45,5,45800,2300,2か月,"['近居割', '近居割WIDE']",随時,https://www.ur-net.go.jp/chintai/kanto/chiba/30_1390_room.html?JKSS=000230407,<li>JR総武線「西千葉」駅バス9～12分 徒歩1～5分</li><li>JR総武線「千葉」駅バス9～15分 徒歩9～17分</li><li>千葉都市モノレール「穴川」駅 徒歩12～18分</li>
chiba,inageekimae,千草台,48100,,,,JR総武線「千葉」駅,18.0,32.0,千葉市稲毛区千草台1ほか,2-30号棟,鉄筋コンクリート造,4,N,407号室,3K,45,5,45800,2300,2か月,"['近居割', '近居割WIDE']",随時,https://www.ur-net.go.jp/chintai/kanto/chiba/30_1390_room.html?JKSS=000230407,<li>JR総武線「西千葉」駅バス9～12分 徒歩1～5分</li><li>JR総武線「千葉」駅バス9～15分 徒歩9～17分</li><li>千葉都市モノレール「穴川」駅 徒歩12～18分</li>
chiba,inageekimae,千草台,48100,千葉都市モノレール「穴川」駅,12.0,18.0,,,,千葉市稲毛区千草台1ほか,2-30号棟,鉄筋コンクリート造,4,N,407号室,3K,45,5,45800,2300,2か月,"['近居割', '近居割WIDE']",随時,https://www.ur-net.go.jp/chintai/kanto/chiba/30_1390_room.html?JKSS=000230407,<li>JR総武線「西千葉」駅バス9～12分 徒歩1～5分</li><li>JR総武線「千葉」駅バス9～15分 徒歩9～17分</li><li>千葉都市モノレール「穴川」駅 徒歩12～18分</li>
chiba,inageekimae,千草台,48100,,,,,,,千葉市稲毛区千草台1ほか,2-30号棟,鉄筋コンクリート造,4,N,407号室,3K,45,5,45800,2300,2か月,"['近居割', '近居割WIDE']",随時,https://www.ur-net.go.jp/chintai/kanto/chiba/30_1390_room.html?JKSS=000230407,<li>JR総武線「西千葉」駅バス9～12分 徒歩1～5分</li><li>JR総武線「千葉」駅バス9～15分 徒歩9～17分</li><li>千葉都市モノレール「穴川」駅 徒歩12～18分</li>
chiba,hanamigawa,花見川（第１次～第４次）,47550,,,,京成本線「八千代台」駅,4.0,18.0,千葉市花見川区花見川1ほか,2-5号棟,鉄筋コンクリート造,5,N,509号室,2DK,45,5,44800,2750,2か月,"['近居割', '近居割WIDE']",随時,https://www.ur-net.go.jp/chintai/kanto/chiba/30_1681_room.html?JKSS=000205509,<li>京成本線「八千代台」駅バス3～10分 徒歩1～8分</li><li>京成本線「実籾」駅 徒歩30～45分</li><li>京成本線「京成大和田」駅 徒歩31～49分</li>
chiba,hanamigawa,花見川（第１次～第４次）,47550,京成本線「実籾」駅,30.0,45.0,,,,千葉市花見川区花見川1ほか,2-5号棟,鉄筋コンクリート造,5,N,509号室,2DK,45,5,44800,2750,2か月,"['近居割', '近居割WIDE']",随時,https://www.ur-net.go.jp/chintai/kanto/chiba/30_1681_room.html?JKSS=000205509,<li>京成本線「八千代台」駅バス3～10分 徒歩1～8分</li><li>京成本線「実籾」駅 徒歩30～45分</li><li>京成本線「京成大和田」駅 徒歩31～49分</li>
chiba,hanamigawa,花見川（第１次～第４次）,47550,京成本線「京成大和田」駅,31.0,49.0,,,,千葉市花見川区花見川1ほか,2-5号棟,鉄筋コンクリート造,5,N,509号室,2DK,45,5,44800,2750,2か月,"['近居割', '近居割WIDE']",随時,https://www.ur-net.go.jp/chintai/kanto/chiba/30_1681_room.html?JKSS=000205509,<li>京成本線「八千代台」駅バス3～10分 徒歩1～8分</li><li>京成本線「実籾」駅 徒歩30～45分</li><li>京成本線「京成大和田」駅 徒歩31～49分</li>
chiba,hanamigawa,花見川（第１次～第４次）,47550,,,,,,,千葉市花見川区花見川1ほか,2-5号棟,鉄筋コンクリート造,5,N,509号室,2DK,45,5,44800,2750,2か月,"['近居割', '近居割WIDE']",随時,https://www.ur-net.go.jp/chintai/kanto/chiba/30_1681_room.html?JKSS=000205509,<li>京成本線「八千代台」駅バス3～10分 徒歩1～8分</li><li>京成本線「実籾」駅 徒歩30～45分</li><li>京成本線「京成大和田」駅 徒歩31～49分</li>
chiba,hanamigawa,花見川（第１次～第４次）,51650,,,,京成本線「八千代台」駅,4.0,18.0,千葉市花見川区花見川1ほか,2-20号棟,鉄筋コンクリート造,3,N,308号室,3DK,53,5,48900,2750,2か月,"['近居割', '近居割WIDE']",随時,https://www.ur-net.go.jp/chintai/kanto/chiba/30_1681_room.html?JKSS=000220308,<li>京成本線「八千代台」駅バス3～10分 徒歩1～8分</li><li>京成本線「実籾」駅 徒歩30～45分</li><li>京成本線「京成大和田」駅 徒歩31～49分</li>
chiba,hanamigawa,花見川（第１次～第４次）,51650,京成本線「実籾」駅,30.0,45.0,,,,千葉市花見川区花見川1ほか,2-20号棟,鉄筋コンクリート造,3,N,308号室,3DK,53,5,48900,2750,2か月,"['近居割', '近居割WIDE']",随時,https://www.ur-net.go.jp/chintai/kanto/chiba/30_1681_room.html?JKSS=000220308,<li>京成本線「八千代台」駅バス3～10分 徒歩1～8分</li><li>京成本線「実籾」駅 徒歩30～45分</li><li>京成本線「京成大和田」駅 徒歩31～49分</li>
chiba,hanamigawa,花見川（第１次～第４次）,51650,京成本線「京成大和田」駅,31.0,49.0,,,,千葉市花見川区花見川1ほか,2-20号棟,鉄筋コンクリート造,3,N,308号室,3DK,53,5,48900,2750,2か月,"['近居割', '近居割WIDE']",随時,https://www.ur-net.go.jp/chintai/kanto/chiba/30_1681_room.html?JKSS=000220308,<li>京成本線「八千代台」駅バス3～10分 徒歩1～8分</li><li>京成本線「実籾」駅 徒歩30～45分</li><li>京成本線「京成大和田」駅 徒歩31～49分</li>
chiba,hanamigawa,花見川（第１次～第４次）,51650,,,,,,,千葉市花見川区花見川1ほか,2-20号棟,鉄筋コンクリート造,3,N,308号室,3DK,53,5,48900,2750,2か月,"['近居割', '近居割WIDE']",随時,https://www.ur-net.go.jp/chintai/kanto/chiba/30_1681_room.html?JKSS=000220308,<li>京成本線「八千代台」駅バス3～10分 徒歩1～8分</li><li>京成本線「実籾」駅 徒歩30～45分</li><li>京成本線「京成大和田」駅 徒歩31～49分</li>
chiba,inageekimae,さつきが丘,49300,,,,JR総武線「新検見川」駅,12.0,19.0,千葉市花見川区さつきが丘1ほか,2-10-25号棟,鉄筋コンクリート造,1,N,105号室,2DK,45,5,47200,2100,2か月,['健康寿命サポート'],随時,https://www.ur-net.go.jp/chintai/kanto/chiba/30_2300_room.html?JKSS=210250105,<li>JR総武線「新検見川」駅バス11分 徒歩1～8分</li><li>JR総武線「稲毛」駅バス20分 徒歩2～8分</li><li>京成千葉線「検見川」駅 徒歩41～52分</li>
chiba,inageekimae,さつきが丘,49300,,,,JR総武線「稲毛」駅,22.0,28.0,千葉市花見川区さつきが丘1ほか,2-10-25号棟,鉄筋コンクリート造,1,N,105号室,2DK,45,5,47200,2100,2か月,['健康寿命サポート'],随時,https://www.ur-net.go.jp/chintai/kanto/chiba/30_2300_room.html?JKSS=210250105,<li>JR総武線「新検見川」駅バス11分 徒歩1～8分</li><li>JR総武線「稲毛」駅バス20分 徒歩2～8分</li><li>京成千葉線「検見川」駅 徒歩41～52分</li>
chiba,inageekimae,さつきが丘,49300,京成千葉線「検見川」駅,41.0,52.0,,,,千葉市花見川区さつきが丘1ほか,2-10-25号棟,鉄筋コンクリート造,1,N,105号室,2DK,45,5,47200,2100,2か月,['健康寿命サポート'],随時,https://www.ur-net.go.jp/chintai/kanto/chiba/30_2300_room.html?JKSS=210250105,<li>JR総武線「新検見川」駅バス11分 徒歩1～8分</li><li>JR総武線「稲毛」駅バス20分 徒歩2～8分</li><li>京成千葉線「検見川」駅 徒歩41～52分</li>
chiba,inageekimae,さつきが丘,49300,,,,,,,千葉市花見川区さつきが丘1ほか,2-10-25号棟,鉄筋コンクリート造,1,N,105号室,2DK,45,5,47200,2100,2か月,['健康寿命サポート'],随時,https://www.ur-net.go.jp/chintai/kanto/chiba/30_2300_room.html?JKSS=210250105,<li>JR総武線「新検見川」駅バス11分 徒歩1～8分</li><li>JR総武線「稲毛」駅バス20分 徒歩2～8分</li><li>京成千葉線「検見川」駅 徒歩41～52分</li>
chiba,inageekimae,さつきが丘,50900,,,,JR総武線「新検見川」駅,12.0,19.0,千葉市花見川区さつきが丘1ほか,1-34-1号棟,鉄筋コンクリート造,3,N,310号室,3K,47,5,48800,2100,2か月,"['近居割', '近居割WIDE']",随時,https://www.ur-net.go.jp/chintai/kanto/chiba/30_2300_room.html?JKSS=134010310,<li>JR総武線「新検見川」駅バス11分 徒歩1～8分</li><li>JR総武線「稲毛」駅バス20分 徒歩2～8分</li><li>京成千葉線「検見川」駅 徒歩41～52分</li>
chiba,inageekimae,さつきが丘,50900,,,,JR総武線「稲毛」駅,22.0,28.0,千葉市花見川区さつきが丘1ほか,1-34-1号棟,鉄筋コンクリート造,3,N,310号室,3K,47,5,48800,2100,2か月,"['近居割', '近居割WIDE']",随時,https://www.ur-net.go.jp/chintai/kanto/chiba/30_2300_room.html?JKSS=134010310,<li>JR総武線「新検見川」駅バス11分 徒歩1～8分</li><li>JR総武線「稲毛」駅バス20分 徒歩2～8分</li><li>京成千葉線「検見川」駅 徒歩41～52分</li>
chiba,inageekimae,さつきが丘,50900,京成千葉線「検見川」駅,41.0,52.0,,,,千葉市花見川区さつきが丘1ほか,1-34-1号棟,鉄筋コンクリート造,3,N,310号室,3K,47,5,48800,2100,2か月,"['近居割', '近居割WIDE']",随時,https://www.ur-net.go.jp/chintai/kanto/chiba/30_2300_room.html?JKSS=134010310,<li>JR総武線「新検見川」駅バス11分 徒歩1～8分</li><li>JR総武線「稲毛」駅バス20分 徒歩2～8分</li><li>京成千葉線「検見川」駅 徒歩41～52分</li>
chiba,inageekimae,さつきが丘,50900,,,,,,,千葉市花見川区さつきが丘1ほか,1-34-1号棟,鉄筋コンクリート造,3,N,310号室,3K,47,5,48800,2100,2か月,"['近居割', '近居割WIDE']",随時,https://www.ur-net.go.jp/chintai/kanto/chiba/30_2300_room.html?JKSS=134010310,<li>JR総武線「新検見川」駅バス11分 徒歩1～8分</li><li>JR総武線「稲毛」駅バス20分 徒歩2～8分</li><li>京成千葉線「検見川」駅 徒歩41～52分</li>
chiba,inageekimae,さつきが丘,50900,,,,JR総武線「新検見川」駅,12.0,19.0,千葉市花見川区さつきが丘1ほか,2-10-1号棟,鉄筋コンクリート造,3,N,302号室,3K,47,5,48800,2100,2か月,"['近居割', '近居割WIDE']",随時,https://www.ur-net.go.jp/chintai/kanto/chiba/30_2300_room.html?JKSS=210010302,<li>JR総武線「新検見川」駅バス11分 徒歩1～8分</li><li>JR総武線「稲毛」駅バス20分 徒歩2～8分</li><li>京成千葉線「検見川」駅 徒歩41～52分</li>
chiba,inageekimae,さつきが丘,50900,,,,JR総武線「稲毛」駅,22.0,28.0,千葉市花見川区さつきが丘1ほか,2-10-1号棟,鉄筋コンクリート造,3,N,302号室,3K,47,5,48800,2100,2か月,"['近居割', '近居割WIDE']",随時,https://www.ur-net.go.jp/chintai/kanto/chiba/30_2300_room.html?JKSS=210010302,<li>JR総武線「新検見川」駅バス11分 徒歩1～8分</li><li>JR総武線「稲毛」駅バス20分 徒歩2～8分</li><li>京成千葉線「検見川」駅 徒歩41～52分</li>
chiba,inageekimae,さつきが丘,50900,京成千葉線「検見川」駅,41.0,52.0,,,,千葉市花見川区さつきが丘1ほか,2-10-1号棟,鉄筋コンクリート造,3,N,302号室,3K,47,5,48800,2100,2か月,"['近居割', '近居割WIDE']",随時,https://www.ur-net.go.jp/chintai/kanto/chiba/30_2300_room.html?JKSS=210010302,<li>JR総武線「新検見川」駅バス11分 徒歩1～8分</li><li>JR総武線「稲毛」駅バス20分 徒歩2～8分</li><li>京成千葉線「検見川」駅 徒歩41～52分</li>
chiba,inageekimae,さつきが丘,50900,,,,,,,千葉市花見川区さつきが丘1ほか,2-10-1号棟,鉄筋コンクリート造,3,N,302号室,3K,47,5,48800,2100,2か月,"['近居割', '近居割WIDE']",随時,https://www.ur-net.go.jp/chintai/kanto/chiba/30_2300_room.html?JKSS=210010302,<li>JR総武線「新検見川」駅バス11分 徒歩1～8分</li><li>JR総武線「稲毛」駅バス20分 徒歩2～8分</li><li>京成千葉線「検見川」駅 徒歩41～52分</li>
chiba,inagekaigan,高洲第二,76020,JR京葉線「稲毛海岸」駅,3.0,7.0,,,,千葉市美浜区高洲4ほか,3-2号棟,鉄筋コンクリート造、鉄骨鉄筋コンクリート造,4,N,402号室,2DK,45,11,73800,2220,2か月,"['近居割', '近居割WIDE']",随時,https://www.ur-net.go.jp/chintai/kanto/chiba/30_2650_room.html?JKSS=003020402,<li>JR京葉線「稲毛海岸」駅 徒歩3～7分</li><li>JR総武線「稲毛」駅バス20分 徒歩5～11分</li><li>京成千葉線「京成稲毛」駅 徒歩14～19分</li><li>JR京葉線「検見川浜」駅 徒歩18～21分</li>
chiba,inagekaigan,高洲第二,76020,,,,JR総武線「稲毛」駅,25.0,31.0,千葉市美浜区高洲4ほか,3-2号棟,鉄筋コンクリート造、鉄骨鉄筋コンクリート造,4,N,402号室,2DK,45,11,73800,2220,2か月,"['近居割', '近居割WIDE']",随時,https://www.ur-net.go.jp/chintai/kanto/chiba/30_2650_room.html?JKSS=003020402,<li>JR京葉線「稲毛海岸」駅 徒歩3～7分</li><li>JR総武線「稲毛」駅バス20分 徒歩5～11分</li><li>京成千葉線「京成稲毛」駅 徒歩14～19分</li><li>JR京葉線「検見川浜」駅 徒歩18～21分</li>
chiba,inagekaigan,高洲第二,76020,京成千葉線「京成稲毛」駅,14.0,19.0,,,,千葉市美浜区高洲4ほか,3-2号棟,鉄筋コンクリート造、鉄骨鉄筋コンクリート造,4,N,402号室,2DK,45,11,73800,2220,2か月,"['近居割', '近居割WIDE']",随時,https://www.ur-net.go.jp/chintai/kanto/chiba/30_2650_room.html?JKSS=003020402,<li>JR京葉線「稲毛海岸」駅 徒歩3～7分</li><li>JR総武線「稲毛」駅バス20分 徒歩5～11分</li><li>京成千葉線「京成稲毛」駅 徒歩14～19分</li><li>JR京葉線「検見川浜」駅 徒歩18～21分</li>
chiba,inagekaigan,高洲第二,76020,JR京葉線「検見川浜」駅,18.0,21.0,,,,千葉市美浜区高洲4ほか,3-2号棟,鉄筋コンクリート造、鉄骨鉄筋コンクリート造,4,N,402号室,2DK,45,11,73800,2220,2か月,"['近居割', '近居割WIDE']",随時,https://www.ur-net.go.jp/chintai/kanto/chiba/30_2650_room.html?JKSS=003020402,<li>JR京葉線「稲毛海岸」駅 徒歩3～7分</li><li>JR総武線「稲毛」駅バス20分 徒歩5～11分</li><li>京成千葉線「京成稲毛」駅 徒歩14～19分</li><li>JR京葉線「検見川浜」駅 徒歩18～21分</li>
chiba,inagekaigan,高洲第二,76020,,,,,,,千葉市美浜区高洲4ほか,3-2号棟,鉄筋コンクリート造、鉄骨鉄筋コンクリート造,4,N,402号室,2DK,45,11,73800,2220,2か月,"['近居割', '近居割WIDE']",随時,https://www.ur-net.go.jp/chintai/kanto/chiba/30_2650_room.html?JKSS=003020402,<li>JR京葉線「稲毛海岸」駅 徒歩3～7分</li><li>JR総武線「稲毛」駅バス20分 徒歩5～11分</li><li>京成千葉線「京成稲毛」駅 徒歩14～19分</li><li>JR京葉線「検見川浜」駅 徒歩18～21分</li>
chiba,inagekaigan,高洲第二,76420,JR京葉線「稲毛海岸」駅,3.0,7.0,,,,千葉市美浜区高洲4ほか,18-11号棟,鉄筋コンクリート造、鉄骨鉄筋コンクリート造,7,N,703号室,2DK,45,11,74200,2220,2か月,"['近居割', '近居割WIDE']",随時,https://www.ur-net.go.jp/chintai/kanto/chiba/30_2650_room.html?JKSS=018110703,<li>JR京葉線「稲毛海岸」駅 徒歩3～7分</li><li>JR総武線「稲毛」駅バス20分 徒歩5～11分</li><li>京成千葉線「京成稲毛」駅 徒歩14～19分</li><li>JR京葉線「検見川浜」駅 徒歩18～21分</li>
chiba,inagekaigan,高洲第二,76420,,,,JR総武線「稲毛」駅,25.0,31.0,千葉市美浜区高洲4ほか,18-11号棟,鉄筋コンクリート造、鉄骨鉄筋コンクリート造,7,N,703号室,2DK,45,11,74200,2220,2か月,"['近居割', '近居割WIDE']",随時,https://www.ur-net.go.jp/chintai/kanto/chiba/30_2650_room.html?JKSS=018110703,<li>JR京葉線「稲毛海岸」駅 徒歩3～7分</li><li>JR総武線「稲毛」駅バス20分 徒歩5～11分</li><li>京成千葉線「京成稲毛」駅 徒歩14～19分</li><li>JR京葉線「検見川浜」駅 徒歩18～21分</li>
chiba,inagekaigan,高洲第二,76420,京成千葉線「京成稲毛」駅,14.0,19.0,,,,千葉市美浜区高洲4ほか,18-11号棟,鉄筋コンクリート造、鉄骨鉄筋コンクリート造,7,N,703号室,2DK,45,11,74200,2220,2か月,"['近居割', '近居割WIDE']",随時,https://www.ur-net.go.jp/chintai/kanto/chiba/30_2650_room.html?JKSS=018110703,<li>JR京葉線「稲毛海岸」駅 徒歩3～7分</li><li>JR総武線「稲毛」駅バス20分 徒歩5～11分</li><li>京成千葉線「京成稲毛」駅 徒歩14～19分</li><li>JR京葉線「検見川浜」駅 徒歩18～21分</li>
chiba,inagekaigan,高洲第二,76420,JR京葉線「検見川浜」駅,18.0,21.0,,,,千葉市美浜区高洲4ほか,18-11号棟,鉄筋コンクリート造、鉄骨鉄筋コンクリート造,7,N,703号室,2DK,45,11,74200,2220,2か月,"['近居割', '近居割WIDE']",随時,https://www.ur-net.go.jp/chintai/kanto/chiba/30_2650_room.html?JKSS=018110703,<li>JR京葉線「稲毛海岸」駅 徒歩3～7分</li><li>JR総武線「稲毛」駅バス20分 徒歩5～11分</li><li>京成千葉線「京成稲毛」駅 徒歩14～19分</li><li>JR京葉線「検見川浜」駅 徒歩18～21分</li>
chiba,inagekaigan,高洲第二,76420,,,,,,,千葉市美浜区高洲4ほか,18-11号棟,鉄筋コンクリート造、鉄骨鉄筋コンクリート造,7,N,703号室,2DK,45,11,74200,2220,2か月,"['近居割', '近居割WIDE']",随時,https://www.ur-net.go.jp/chintai/kanto/chiba/30_2650_room.html?JKSS=018110703,<li>JR京葉線「稲毛海岸」駅 徒歩3～7分</li><li>JR総武線「稲毛」駅バス20分 徒歩5～11分</li><li>京成千葉線「京成稲毛」駅 徒歩14～19分</li><li>JR京葉線「検見川浜」駅 徒歩18～21分</li>
chiba,makuhari,幕張ベイタウンパティオス１５番街,148480,JR京葉線「海浜幕張」駅,13.0,13.0,JR京葉線「海浜幕張」駅,7.0,7.0,千葉市美浜区打瀬2-10 パティオス15番街,,鉄筋コンクリート造,6,N,602号室,1LDK,63,6,140700,7780,2か月,"['近居割', '近居割WIDE']",随時,https://www.ur-net.go.jp/chintai/kanto/chiba/30_5850_room.html?JKSS=000000602,<li>JR京葉線「海浜幕張」駅 徒歩13分 又はバス6分 徒歩1分</li>
chiba,makuhari,幕張ベイタウンパティオス１５番街,148480,,,,,,,千葉市美浜区打瀬2-10 パティオス15番街,,鉄筋コンクリート造,6,N,602号室,1LDK,63,6,140700,7780,2か月,"['近居割', '近居割WIDE']",随時,https://www.ur-net.go.jp/chintai/kanto/chiba/30_5850_room.html?JKSS=000000602,<li>JR京葉線「海浜幕張」駅 徒歩13分 又はバス6分 徒歩1分</li>
chiba,makuhari,幕張ベイタウンミラリオ,159700,JR京葉線「海浜幕張」駅,18.0,21.0,,,,千葉市美浜区打瀬2-22 ミラリオ,3号棟,鉄筋コンクリート造,7,N,707号室,4LDK,81,14,152200,7500,2か月,"['近居割', '近居割WIDE']",随時,https://www.ur-net.go.jp/chintai/kanto/chiba/30_5600_room.html?JKSS=000030707,<li>JR京葉線「海浜幕張」駅 徒歩18～21分</li><li>JR京葉線「検見川浜」駅 徒歩22～24分</li><li>京成千葉線「検見川」駅 徒歩35～38分</li>
chiba,makuhari,幕張ベイタウンミラリオ,159700,JR京葉線「検見川浜」駅,22.0,24.0,,,,千葉市美浜区打瀬2-22 ミラリオ,3号棟,鉄筋コンクリート造,7,N,707号室,4LDK,81,14,152200,7500,2か月,"['近居割', '近居割WIDE']",随時,https://www.ur-net.go.jp/chintai/kanto/chiba/30_5600_room.html?JKSS=000030707,<li>JR京葉線「海浜幕張」駅 徒歩18～21分</li><li>JR京葉線「検見川浜」駅 徒歩22～24分</li><li>京成千葉線「検見川」駅 徒歩35～38分</li>
chiba,makuhari,幕張ベイタウンミラリオ,159700,京成千葉線「検見川」駅,35.0,38.0,,,,千葉市美浜区打瀬2-22 ミラリオ,3号棟,鉄筋コンクリート造,7,N,707号室,4LDK,81,14,152200,7500,2か月,"['近居割', '近居割WIDE']",随時,https://www.ur-net.go.jp/chintai/kanto/chiba/30_5600_room.html?JKSS=000030707,<li>JR京葉線「海浜幕張」駅 徒歩18～21分</li><li>JR京葉線「検見川浜」駅 徒歩22～24分</li><li>京成千葉線「検見川」駅 徒歩35～38分</li>
chiba,makuhari,幕張ベイタウンミラリオ,159700,,,,,,,千葉市美浜区打瀬2-22 ミラリオ,3号棟,鉄筋コンクリート造,7,N,707号室,4LDK,81,14,152200,7500,2か月,"['近居割', '近居割WIDE']",随時,https://www.ur-net.go.jp/chintai/kanto/chiba/30_5600_room.html?JKSS=000030707,<li>JR京葉線「海浜幕張」駅 徒歩18～21分</li><li>JR京葉線「検見川浜」駅 徒歩22～24分</li><li>京成千葉線「検見川」駅 徒歩35～38分</li>
chiba,makuhari,幕張ベイタウンミラリオ,164400,JR京葉線「海浜幕張」駅,18.0,21.0,,,,千葉市美浜区打瀬2-22 ミラリオ,3号棟,鉄筋コンクリート造,4,N,403号室,4LDK,83,14,156900,7500,2か月,"['近居割', '近居割WIDE']",随時,https://www.ur-net.go.jp/chintai/kanto/chiba/30_5600_room.html?JKSS=000030403,<li>JR京葉線「海浜幕張」駅 徒歩18～21分</li><li>JR京葉線「検見川浜」駅 徒歩22～24分</li><li>京成千葉線「検見川」駅 徒歩35～38分</li>
chiba,makuhari,幕張ベイタウンミラリオ,164400,JR京葉線「検見川浜」駅,22.0,24.0,,,,千葉市美浜区打瀬2-22 ミラリオ,3号棟,鉄筋コンクリート造,4,N,403号室,4LDK,83,14,156900,7500,2か月,"['近居割', '近居割WIDE']",随時,https://www.ur-net.go.jp/chintai/kanto/chiba/30_5600_room.html?JKSS=000030403,<li>JR京葉線「海浜幕張」駅 徒歩18～21分</li><li>JR京葉線「検見川浜」駅 徒歩22～24分</li><li>京成千葉線「検見川」駅 徒歩35～38分</li>
chiba,makuhari,幕張ベイタウンミラリオ,164400,京成千葉線「検見川」駅,35.0,38.0,,,,千葉市美浜区打瀬2-22 ミラリオ,3号棟,鉄筋コンクリート造,4,N,403号室,4LDK,83,14,156900,7500,2か月,"['近居割', '近居割WIDE']",随時,https://www.ur-net.go.jp/chintai/kanto/chiba/30_5600_room.html?JKSS=000030403,<li>JR京葉線「海浜幕張」駅 徒歩18～21分</li><li>JR京葉線「検見川浜」駅 徒歩22～24分</li><li>京成千葉線「検見川」駅 徒歩35～38分</li>
chiba,makuhari,幕張ベイタウンミラリオ,164400,,,,,,,千葉市美浜区打瀬2-22 ミラリオ,3号棟,鉄筋コンクリート造,4,N,403号室,4LDK,83,14,156900,7500,2か月,"['近居割', '近居割WIDE']",随時,https://www.ur-net.go.jp/chintai/kanto/chiba/30_5600_room.html?JKSS=000030403,<li>JR京葉線「海浜幕張」駅 徒歩18～21分</li><li>JR京葉線「検見川浜」駅 徒歩22～24分</li><li>京成千葉線「検見川」駅 徒歩35～38分</li>
chiba,makuhari,幕張ベイタウンパティオス２０番街,218500,JR京葉線「海浜幕張」駅,16.0,16.0,JR京葉線「海浜幕張」駅,6.0,6.0,千葉市美浜区打瀬3-4 パティオス20番街,,鉄筋コンクリート造,5,N,512号室,4LDK,95,6,212900,5600,2か月,"['近居割', '近居割WIDE']",随時,https://www.ur-net.go.jp/chintai/kanto/chiba/30_5900_room.html?JKSS=000000512,<li>JR京葉線「海浜幕張」駅 徒歩16分 又はバス5分 徒歩1分</li>
chiba,makuhari,幕張ベイタウンパティオス２０番街,218500,,,,,,,千葉市美浜区打瀬3-4 パティオス20番街,,鉄筋コンクリート造,5,N,512号室,4LDK,95,6,212900,5600,2か月,"['近居割', '近居割WIDE']",随時,https://www.ur-net.go.jp/chintai/kanto/chiba/30_5900_room.html?JKSS=000000512,<li>JR京葉線「海浜幕張」駅 徒歩16分 又はバス5分 徒歩1分</li>
chiba,shinurayasu,コンフォール舞浜（コンフォール浦安弁天）,158200,JR京葉線「舞浜」駅,17.0,20.0,,,,浦安市弁天1-21,3号棟,鉄筋コンクリート造,3,N,303号室,3LDK,71,3,153600,4600,2か月,"['近居割', '近居割WIDE']",随時,https://www.ur-net.go.jp/chintai/kanto/chiba/30_5840_room.html?JKSS=000030303,<li>JR京葉線「舞浜」駅 徒歩17～20分</li><li>東京メトロ東西線「浦安」駅 徒歩40～42分</li><li>JR京葉線「新浦安」駅 徒歩28～30分</li>
chiba,shinurayasu,コンフォール舞浜（コンフォール浦安弁天）,158200,東京メトロ東西線「浦安」駅,40.0,42.0,,,,浦安市弁天1-21,3号棟,鉄筋コンクリート造,3,N,303号室,3LDK,71,3,153600,4600,2か月,"['近居割', '近居割WIDE']",随時,https://www.ur-net.go.jp/chintai/kanto/chiba/30_5840_room.html?JKSS=000030303,<li>JR京葉線「舞浜」駅 徒歩17～20分</li><li>東京メトロ東西線「浦安」駅 徒歩40～42分</li><li>JR京葉線「新浦安」駅 徒歩28～30分</li>
chiba,shinurayasu,コンフォール舞浜（コンフォール浦安弁天）,158200,JR京葉線「新浦安」駅,28.0,30.0,,,,浦安市弁天1-21,3号棟,鉄筋コンクリート造,3,N,303号室,3LDK,71,3,153600,4600,2か月,"['近居割', '近居割WIDE']",随時,https://www.ur-net.go.jp/chintai/kanto/chiba/30_5840_room.html?JKSS=000030303,<li>JR京葉線「舞浜」駅 徒歩17～20分</li><li>東京メトロ東西線「浦安」駅 徒歩40～42分</li><li>JR京葉線「新浦安」駅 徒歩28～30分</li>
chiba,shinurayasu,コンフォール舞浜（コンフォール浦安弁天）,158200,,,,,,,浦安市弁天1-21,3号棟,鉄筋コンクリート造,3,N,303号室,3LDK,71,3,153600,4600,2か月,"['近居割', '近居割WIDE']",随時,https://www.ur-net.go.jp/chintai/kanto/chiba/30_5840_room.html?JKSS=000030303,<li>JR京葉線「舞浜」駅 徒歩17～20分</li><li>東京メトロ東西線「浦安」駅 徒歩40～42分</li><li>JR京葉線「新浦安」駅 徒歩28～30分</li>
chiba,shinurayasu,浦安マリナイースト２１潮音の街,197900,,,,JR京葉線「新浦安」駅,12.0,14.0,浦安市高洲6-1,7号棟,鉄筋コンクリート造,4,N,401号室,3LDK,84,14,190900,7000,2か月,"['近居割', '近居割WIDE']",随時,https://www.ur-net.go.jp/chintai/kanto/chiba/30_5130_room.html?JKSS=000070401,<li>JR京葉線「新浦安」駅バス7分 徒歩5～7分</li><li>JR京葉線「舞浜」駅 徒歩56～58分</li><li>東京メトロ東西線「浦安」駅バス20分 徒歩5～7分</li>
chiba,shinurayasu,浦安マリナイースト２１潮音の街,197900,JR京葉線「舞浜」駅,56.0,58.0,,,,浦安市高洲6-1,7号棟,鉄筋コンクリート造,4,N,401号室,3LDK,84,14,190900,7000,2か月,"['近居割', '近居割WIDE']",随時,https://www.ur-net.go.jp/chintai/kanto/chiba/30_5130_room.html?JKSS=000070401,<li>JR京葉線「新浦安」駅バス7分 徒歩5～7分</li><li>JR京葉線「舞浜」駅 徒歩56～58分</li><li>東京メトロ東西線「浦安」駅バス20分 徒歩5～7分</li>
chiba,shinurayasu,浦安マリナイースト２１潮音の街,197900,,,,東京メトロ東西線「浦安」駅,25.0,27.0,浦安市高洲6-1,7号棟,鉄筋コンクリート造,4,N,401号室,3LDK,84,14,190900,7000,2か月,"['近居割', '近居割WIDE']",随時,https://www.ur-net.go.jp/chintai/kanto/chiba/30_5130_room.html?JKSS=000070401,<li>JR京葉線「新浦安」駅バス7分 徒歩5～7分</li><li>JR京葉線「舞浜」駅 徒歩56～58分</li><li>東京メトロ東西線「浦安」駅バス20分 徒歩5～7分</li>
chiba,shinurayasu,浦安マリナイースト２１潮音の街,197900,,,,,,,浦安市高洲6-1,7号棟,鉄筋コンクリート造,4,N,401号室,3LDK,84,14,190900,7000,2か月,"['近居割', '近居割WIDE']",随時,https://www.ur-net.go.jp/chintai/kanto/chiba/30_5130_room.html?JKSS=000070401,<li>JR京葉線「新浦安」駅バス7分 徒歩5～7分</li><li>JR京葉線「舞浜」駅 徒歩56～58分</li><li>東京メトロ東西線「浦安」駅バス20分 徒歩5～7分</li>
chiba,shinurayasu,浦安マリナイースト２１海園の街,240300,JR京葉線「新浦安」駅,25.0,29.0,JR京葉線「新浦安」駅,12.0,14.0,浦安市明海3-2海園の街,8号棟,鉄筋コンクリート造,4,N,405号室,3LDK,93,14,232300,8000,2か月,"['近居割', '近居割WIDE']",随時,https://www.ur-net.go.jp/chintai/kanto/chiba/30_5830_room.html?JKSS=000080405,<li>JR京葉線「新浦安」駅 徒歩25～29分 又はバス10分 徒歩2～4分</li><li>JR京葉線「舞浜」駅 徒歩54～59分</li><li>東京メトロ東西線「浦安」駅 徒歩54～59分</li>
chiba,shinurayasu,浦安マリナイースト２１海園の街,240300,JR京葉線「舞浜」駅,54.0,59.0,,,,浦安市明海3-2海園の街,8号棟,鉄筋コンクリート造,4,N,405号室,3LDK,93,14,232300,8000,2か月,"['近居割', '近居割WIDE']",随時,https://www.ur-net.go.jp/chintai/kanto/chiba/30_5830_room.html?JKSS=000080405,<li>JR京葉線「新浦安」駅 徒歩25～29分 又はバス10分 徒歩2～4分</li><li>JR京葉線「舞浜」駅 徒歩54～59分</li><li>東京メトロ東西線「浦安」駅 徒歩54～59分</li>
chiba,shinurayasu,浦安マリナイースト２１海園の街,240300,東京メトロ東西線「浦安」駅,54.0,59.0,,,,浦安市明海3-2海園の街,8号棟,鉄筋コンクリート造,4,N,405号室,3LDK,93,14,232300,8000,2か月,"['近居割', '近居割WIDE']",随時,https://www.ur-net.go.jp/chintai/kanto/chiba/30_5830_room.html?JKSS=000080405,<li>JR京葉線「新浦安」駅 徒歩25～29分 又はバス10分 徒歩2～4分</li><li>JR京葉線「舞浜」駅 徒歩54～59分</li><li>東京メトロ東西線「浦安」駅 徒歩54～59分</li>
chiba,shinurayasu,浦安マリナイースト２１海園の街,240300,,,,,,,浦安市明海3-2海園の街,8号棟,鉄筋コンクリート造,4,N,405号室,3LDK,93,14,232300,8000,2か月,"['近居割', '近居割WIDE']",随時,https://www.ur-net.go.jp/chintai/kanto/chiba/30_5830_room.html?JKSS=000080405,<li>JR京葉線「新浦安」駅 徒歩25～29分 又はバス10分 徒歩2～4分</li><li>JR京葉線「舞浜」駅 徒歩54～59分</li><li>東京メトロ東西線「浦安」駅 徒歩54～59分</li>
chiba,shinurayasu,浦安マリナイースト２１海園の街,242900,JR京葉線「新浦安」駅,25.0,29.0,JR京葉線「新浦安」駅,12.0,14.0,浦安市明海3-2海園の街,6号棟,鉄筋コンクリート造,5,N,502号室,3LDK,95,14,234900,8000,2か月,"['近居割', '近居割WIDE']",随時,https://www.ur-net.go.jp/chintai/kanto/chiba/30_5830_room.html?JKSS=000060502,<li>JR京葉線「新浦安」駅 徒歩25～29分 又はバス10分 徒歩2～4分</li><li>JR京葉線「舞浜」駅 徒歩54～59分</li><li>東京メトロ東西線「浦安」駅 徒歩54～59分</li>
chiba,shinurayasu,浦安マリナイースト２１海園の街,242900,JR京葉線「舞浜」駅,54.0,59.0,,,,浦安市明海3-2海園の街,6号棟,鉄筋コンクリート造,5,N,502号室,3LDK,95,14,234900,8000,2か月,"['近居割', '近居割WIDE']",随時,https://www.ur-net.go.jp/chintai/kanto/chiba/30_5830_room.html?JKSS=000060502,<li>JR京葉線「新浦安」駅 徒歩25～29分 又はバス10分 徒歩2～4分</li><li>JR京葉線「舞浜」駅 徒歩54～59分</li><li>東京メトロ東西線「浦安」駅 徒歩54～59分</li>
chiba,shinurayasu,浦安マリナイースト２１海園の街,242900,東京メトロ東西線「浦安」駅,54.0,59.0,,,,浦安市明海3-2海園の街,6号棟,鉄筋コンクリート造,5,N,502号室,3LDK,95,14,234900,8000,2か月,"['近居割', '近居割WIDE']",随時,https://www.ur-net.go.jp/chintai/kanto/chiba/30_5830_room.html?JKSS=000060502,<li>JR京葉線「新浦安」駅 徒歩25～29分 又はバス10分 徒歩2～4分</li><li>JR京葉線「舞浜」駅 徒歩54～59分</li><li>東京メトロ東西線「浦安」駅 徒歩54～59分</li>
chiba,shinurayasu,浦安マリナイースト２１海園の街,242900,,,,,,,浦安市明海3-2海園の街,6号棟,鉄筋コンクリート造,5,N,502号室,3LDK,95,14,234900,8000,2か月,"['近居割', '近居割WIDE']",随時,https://www.ur-net.go.jp/chintai/kanto/chiba/30_5830_room.html?JKSS=000060502,<li>JR京葉線「新浦安」駅 徒歩25～29分 又はバス10分 徒歩2～4分</li><li>JR京葉線「舞浜」駅 徒歩54～59分</li><li>東京メトロ東西線「浦安」駅 徒歩54～59分</li>
chiba,kitanarashino,高根台（１７３～２８２号棟）,46800,京成松戸線「高根公団」駅,14.0,20.0,,,,船橋市高根台3-2ほか,261号棟,鉄筋コンクリート造,2,N,208号室,2DK,39,4,43200,3600,2か月,"['近居割', '近居割WIDE']",随時,https://www.ur-net.go.jp/chintai/kanto/chiba/30_0830_room.html?JKSS=000261208,<li>京成松戸線「高根公団」駅 徒歩14～20分</li><li>京成松戸線「高根木戸」駅 徒歩13～19分</li><li>京成松戸線「北習志野」駅 徒歩12～20分</li><li>東葉高速線「北習志野」駅 徒歩12～20分</li><li>京成松戸線「滝不動」駅 徒歩21～25分</li>
chiba,kitanarashino,高根台（１７３～２８２号棟）,46800,京成松戸線「高根木戸」駅,13.0,19.0,,,,船橋市高根台3-2ほか,261号棟,鉄筋コンクリート造,2,N,208号室,2DK,39,4,43200,3600,2か月,"['近居割', '近居割WIDE']",随時,https://www.ur-net.go.jp/chintai/kanto/chiba/30_0830_room.html?JKSS=000261208,<li>京成松戸線「高根公団」駅 徒歩14～20分</li><li>京成松戸線「高根木戸」駅 徒歩13～19分</li><li>京成松戸線「北習志野」駅 徒歩12～20分</li><li>東葉高速線「北習志野」駅 徒歩12～20分</li><li>京成松戸線「滝不動」駅 徒歩21～25分</li>
chiba,kitanarashino,高根台（１７３～２８２号棟）,46800,京成松戸線「北習志野」駅,12.0,20.0,,,,船橋市高根台3-2ほか,261号棟,鉄筋コンクリート造,2,N,208号室,2DK,39,4,43200,3600,2か月,"['近居割', '近居割WIDE']",随時,https://www.ur-net.go.jp/chintai/kanto/chiba/30_0830_room.html?JKSS=000261208,<li>京成松戸線「高根公団」駅 徒歩14～20分</li><li>京成松戸線「高根木戸」駅 徒歩13～19分</li><li>京成松戸線「北習志野」駅 徒歩12～20分</li><li>東葉高速線「北習志野」駅 徒歩12～20分</li><li>京成松戸線「滝不動」駅 徒歩21～25分</li>
chiba,kitanarashino,高根台（１７３～２８２号棟）,46800,東葉高速線「北習志野」駅,12.0,20.0,,,,船橋市高根台3-2ほか,261号棟,鉄筋コンクリート造,2,N,208号室,2DK,39,4,43200,3600,2か月,"['近居割', '近居割WIDE']",随時,https://www.ur-net.go.jp/chintai/kanto/chiba/30_0830_room.html?JKSS=000261208,<li>京成松戸線「高根公団」駅 徒歩14～20分</li><li>京成松戸線「高根木戸」駅 徒歩13～19分</li><li>京成松戸線「北習志野」駅 徒歩12～20分</li><li>東葉高速線「北習志野」駅 徒歩12～20分</li><li>京成松戸線「滝不動」駅 徒歩21～25分</li>
chiba,kitanarashino,高根台（１７３～２８２号棟）,46800,京成松戸線「滝不動」駅,21.0,25.0,,,,船橋市高根台3-2ほか,261号棟,鉄筋コンクリート造,2,N,208号室,2DK,39,4,43200,3600,2か月,"['近居割', '近居割WIDE']",随時,https://www.ur-net.go.jp/chintai/kanto/chiba/30_0830_room.html?JKSS=000261208,<li>京成松戸線「高根公団」駅 徒歩14～20分</li><li>京成松戸線「高根木戸」駅 徒歩13～19分</li><li>京成松戸線「北習志野」駅 徒歩12～20分</li><li>東葉高速線「北習志野」駅 徒歩12～20分</li><li>京成松戸線「滝不動」駅 徒歩21～25分</li>
chiba,kitanarashino,高根台（１７３～２８２号棟）,46800,,,,,,,船橋市高根台3-2ほか,261号棟,鉄筋コンクリート造,2,N,208号室,2DK,39,4,43200,3600,2か月,"['近居割', '近居割WIDE']",随時,https://www.ur-net.go.jp/chintai/kanto/chiba/30_0830_room.html?JKSS=000261208,<li>京成松戸線「高根公団」駅 徒歩14～20分</li><li>京成松戸線「高根木戸」駅 徒歩13～19分</li><li>京成松戸線「北習志野」駅 徒歩12～20分</li><li>東葉高速線「北習志野」駅 徒歩12～20分</li><li>京成松戸線「滝不動」駅 徒歩21～25分</li>
chiba,kitanarashino,芝山,70100,東葉高速線「飯山満」駅,6.0,14.0,,,,船橋市芝山1-40ほか,2-5-11号棟,鉄筋コンクリート造、鉄骨鉄筋コンクリート造,1,N,106号室,3DK,57,8,67700,2400,2か月,"['近居割', '近居割WIDE']",随時,https://www.ur-net.go.jp/chintai/kanto/chiba/30_2830_room.html?JKSS=205110106,<li>東葉高速線「飯山満」駅 徒歩6～14分</li><li>JR総武線「船橋」駅バス16分 徒歩3～8分</li><li>京成松戸線「北習志野」駅 徒歩35～40分</li>
chiba,kitanarashino,芝山,70100,,,,JR総武線「船橋」駅,19.0,24.0,船橋市芝山1-40ほか,2-5-11号棟,鉄筋コンクリート造、鉄骨鉄筋コンクリート造,1,N,106号室,3DK,57,8,67700,2400,2か月,"['近居割', '近居割WIDE']",随時,https://www.ur-net.go.jp/chintai/kanto/chiba/30_2830_room.html?JKSS=205110106,<li>東葉高速線「飯山満」駅 徒歩6～14分</li><li>JR総武線「船橋」駅バス16分 徒歩3～8分</li><li>京成松戸線「北習志野」駅 徒歩35～40分</li>
chiba,kitanarashino,芝山,70100,京成松戸線「北習志野」駅,35.0,40.0,,,,船橋市芝山1-40ほか,2-5-11号棟,鉄筋コンクリート造、鉄骨鉄筋コンクリート造,1,N,106号室,3DK,57,8,67700,2400,2か月,"['近居割', '近居割WIDE']",随時,https://www.ur-net.go.jp/chintai/kanto/chiba/30_2830_room.html?JKSS=205110106,<li>東葉高速線「飯山満」駅 徒歩6～14分</li><li>JR総武線「船橋」駅バス16分 徒歩3～8分</li><li>京成松戸線「北習志野」駅 徒歩35～40分</li>
chiba,kitanarashino,芝山,70100,,,,,,,船橋市芝山1-40ほか,2-5-11号棟,鉄筋コンクリート造、鉄骨鉄筋コンクリート造,1,N,106号室,3DK,57,8,67700,2400,2か月,"['近居割', '近居割WIDE']",随時,https://www.ur-net.go.jp/chintai/kanto/chiba/30_2830_room.html?JKSS=205110106,<li>東葉高速線「飯山満」駅 徒歩6～14分</li><li>JR総武線「船橋」駅バス16分 徒歩3～8分</li><li>京成松戸線「北習志野」駅 徒歩35～40分</li>
chiba,tsudanuma,行田,78050,,,,JR総武線「西船橋」駅,11.0,15.0,船橋市行田2-2ほか,1-15号棟,鉄筋コンクリート造、鉄骨鉄筋コンクリート造,11,N,1107号室,2DK,49,11,75200,2850,2か月,"['近居割', '近居割WIDE']",随時,https://www.ur-net.go.jp/chintai/kanto/chiba/30_2680_room.html?JKSS=001151107,<li>JR総武線「西船橋」駅バス10分 徒歩1～5分</li><li>東武野田線「塚田」駅 徒歩17～23分</li><li>東武野田線「新船橋」駅 徒歩19～24分</li>
chiba,tsudanuma,行田,78050,東武野田線「塚田」駅,17.0,23.0,,,,船橋市行田2-2ほか,1-15号棟,鉄筋コンクリート造、鉄骨鉄筋コンクリート造,11,N,1107号室,2DK,49,11,75200,2850,2か月,"['近居割', '近居割WIDE']",随時,https://www.ur-net.go.jp/chintai/kanto/chiba/30_2680_room.html?JKSS=001151107,<li>JR総武線「西船橋」駅バス10分 徒歩1～5分</li><li>東武野田線「塚田」駅 徒歩17～23分</li><li>東武野田線「新船橋」駅 徒歩19～24分</li>
chiba,tsudanuma,行田,78050,東武野田線「新船橋」駅,19.0,24.0,,,,船橋市行田2-2ほか,1-15号棟,鉄筋コンクリート造、鉄骨鉄筋コンクリート造,11,N,1107号室,2DK,49,11,75200,2850,2か月,"['近居割', '近居割WIDE']",随時,https://www.ur-net.go.jp/chintai/kanto/chiba/30_2680_room.html?JKSS=001151107,<li>JR総武線「西船橋」駅バス10分 徒歩1～5分</li><li>東武野田線「塚田」駅 徒歩17～23分</li><li>東武野田線「新船橋」駅 徒歩19～24分</li>
chiba,tsudanuma,行田,78050,,,,,,,船橋市行田2-2ほか,1-15号棟,鉄筋コンクリート造、鉄骨鉄筋コンクリート造,11,N,1107号室,2DK,49,11,75200,2850,2か月,"['近居割', '近居割WIDE']",随時,https://www.ur-net.go.jp/chintai/kanto/chiba/30_2680_room.html?JKSS=001151107,<li>JR総武線「西船橋」駅バス10分 徒歩1～5分</li><li>東武野田線「塚田」駅 徒歩17～23分</li><li>東武野田線「新船橋」駅 徒歩19～24分</li>
chiba,shinurayasu,ハイタウン塩浜,100700,,,,東京メトロ東西線「南行徳」駅,6.0,11.0,市川市塩浜4-2ほか,9号棟,鉄筋コンクリート造、鉄骨鉄筋コンクリート造,11,N,1107号室,1LDK,50,14,97500,3200,2か月,"['近居割', '近居割WIDE']",随時,https://www.ur-net.go.jp/chintai/kanto/chiba/30_3360_room.html?JKSS=000091107,<li>東京メトロ東西線「南行徳」駅バス5分 徒歩1～6分</li><li>東京メトロ東西線「浦安」駅 徒歩28～33分</li><li>JR京葉線「新浦安」駅バス8分 徒歩1～6分</li>
chiba,shinurayasu,ハイタウン塩浜,100700,東京メトロ東西線「浦安」駅,28.0,33.0,,,,市川市塩浜4-2ほか,9号棟,鉄筋コンクリート造、鉄骨鉄筋コンクリート造,11,N,1107号室,1LDK,50,14,97500,3200,2か月,"['近居割', '近居割WIDE']",随時,https://www.ur-net.go.jp/chintai/kanto/chiba/30_3360_room.html?JKSS=000091107,<li>東京メトロ東西線「南行徳」駅バス5分 徒歩1～6分</li><li>東京メトロ東西線「浦安」駅 徒歩28～33分</li><li>JR京葉線「新浦安」駅バス8分 徒歩1～6分</li>
chiba,shinurayasu,ハイタウン塩浜,100700,,,,JR京葉線「新浦安」駅,9.0,14.0,市川市塩浜4-2ほか,9号棟,鉄筋コンクリート造、鉄骨鉄筋コンクリート造,11,N,1107号室,1LDK,50,14,97500,3200,2か月,"['近居割', '近居割WIDE']",随時,https://www.ur-net.go.jp/chintai/kanto/chiba/30_3360_room.html?JKSS=000091107,<li>東京メトロ東西線「南行徳」駅バス5分 徒歩1～6分</li><li>東京メトロ東西線「浦安」駅 徒歩28～33分</li><li>JR京葉線「新浦安」駅バス8分 徒歩1～6分</li>
chiba,shinurayasu,ハイタウン塩浜,100700,,,,,,,市川市塩浜4-2ほか,9号棟,鉄筋コンクリート造、鉄骨鉄筋コンクリート造,11,N,1107号室,1LDK,50,14,97500,3200,2か月,"['近居割', '近居割WIDE']",随時,https://www.ur-net.go.jp/chintai/kanto/chiba/30_3360_room.html?JKSS=000091107,<li>東京メトロ東西線「南行徳」駅バス5分 徒歩1～6分</li><li>東京メトロ東西線「浦安」駅 徒歩28～33分</li><li>JR京葉線「新浦安」駅バス8分 徒歩1～6分</li>
chiba,yurinokidaipc,米本,42200,,,,東葉高速鉄道「八千代中央」駅,19.0,26.0,八千代市米本1359,3-2号棟,鉄筋コンクリート造,2,N,201号室,3K,45,5,39000,3200,2か月,['近居割WIDE'],随時,https://www.ur-net.go.jp/chintai/kanto/chiba/30_1950_room.html?JKSS=003002201,<li>東葉高速鉄道「八千代中央」駅バス17分 徒歩2～9分</li><li>東葉高速鉄道「東葉勝田台」駅バス20分 徒歩2～9分</li><li>京成本線「勝田台」駅バス20分 徒歩2～9分</li>
chiba,yurinokidaipc,米本,42200,,,,東葉高速鉄道「東葉勝田台」駅,22.0,29.0,八千代市米本1359,3-2号棟,鉄筋コンクリート造,2,N,201号室,3K,45,5,39000,3200,2か月,['近居割WIDE'],随時,https://www.ur-net.go.jp/chintai/kanto/chiba/30_1950_room.html?JKSS=003002201,<li>東葉高速鉄道「八千代中央」駅バス17分 徒歩2～9分</li><li>東葉高速鉄道「東葉勝田台」駅バス20分 徒歩2～9分</li><li>京成本線「勝田台」駅バス20分 徒歩2～9分</li>
chiba,yurinokidaipc,米本,42200,,,,京成本線「勝田台」駅,22.0,29.0,八千代市米本1359,3-2号棟,鉄筋コンクリート造,2,N,201号室,3K,45,5,39000,3200,2か月,['近居割WIDE'],随時,https://www.ur-net.go.jp/chintai/kanto/chiba/30_1950_room.html?JKSS=003002201,<li>東葉高速鉄道「八千代中央」駅バス17分 徒歩2～9分</li><li>東葉高速鉄道「東葉勝田台」駅バス20分 徒歩2～9分</li><li>京成本線「勝田台」駅バス20分 徒歩2～9分</li>
chiba,yurinokidaipc,米本,42200,,,,,,,八千代市米本1359,3-2号棟,鉄筋コンクリート造,2,N,201号室,3K,45,5,39000,3200,2か月,['近居割WIDE'],随時,https://www.ur-net.go.jp/chintai/kanto/chiba/30_1950_room.html?JKSS=003002201,<li>東葉高速鉄道「八千代中央」駅バス17分 徒歩2～9分</li><li>東葉高速鉄道「東葉勝田台」駅バス20分 徒歩2～9分</li><li>京成本線「勝田台」駅バス20分 徒歩2～9分</li>
chiba,yurinokidaipc,村上,104000,東葉高速線「村上」駅,8.0,17.0,,,,八千代市村上1113-1,1-36号棟,鉄筋コンクリート造、鉄骨鉄筋コンクリート造,3,N,303号室,4LDK,91,11,101600,2400,2か月,"['近居割', '近居割WIDE']",随時,https://www.ur-net.go.jp/chintai/kanto/chiba/30_2730_room.html?JKSS=001360303,<li>東葉高速線「村上」駅 徒歩8～17分</li><li>京成本線「勝田台」駅バス6～10分 徒歩1～6分</li><li>東葉高速線「東葉勝田台」駅バス6～10分 徒歩1～6分</li>
chiba,yurinokidaipc,村上,104000,,,,京成本線「勝田台」駅,7.0,16.0,八千代市村上1113-1,1-36号棟,鉄筋コンクリート造、鉄骨鉄筋コンクリート造,3,N,303号室,4LDK,91,11,101600,2400,2か月,"['近居割', '近居割WIDE']",随時,https://www.ur-net.go.jp/chintai/kanto/chiba/30_2730_room.html?JKSS=001360303,<li>東葉高速線「村上」駅 徒歩8～17分</li><li>京成本線「勝田台」駅バス6～10分 徒歩1～6分</li><li>東葉高速線「東葉勝田台」駅バス6～10分 徒歩1～6分</li>
chiba,yurinokidaipc,村上,104000,,,,東葉高速線「東葉勝田台」駅,7.0,16.0,八千代市村上1113-1,1-36号棟,鉄筋コンクリート造、鉄骨鉄筋コンクリート造,3,N,303号室,4LDK,91,11,101600,2400,2か月,"['近居割', '近居割WIDE']",随時,https://www.ur-net.go.jp/chintai/kanto/chiba/30_2730_room.html?JKSS=001360303,<li>東葉高速線「村上」駅 徒歩8～17分</li><li>京成本線「勝田台」駅バス6～10分 徒歩1～6分</li><li>東葉高速線「東葉勝田台」駅バス6～10分 徒歩1～6分</li>
chiba,yurinokidaipc,村上,104000,,,,,,,八千代市村上1113-1,1-36号棟,鉄筋コンクリート造、鉄骨鉄筋コンクリート造,3,N,303号室,4LDK,91,11,101600,2400,2か月,"['近居割', '近居割WIDE']",随時,https://www.ur-net.go.jp/chintai/kanto/chiba/30_2730_room.html?JKSS=001360303,<li>東葉高速線「村上」駅 徒歩8～17分</li><li>京成本線「勝田台」駅バス6～10分 徒歩1～6分</li><li>東葉高速線「東葉勝田台」駅バス6～10分 徒歩1～6分</li>
chiba,yurinokidaipc,村上,105000,東葉高速線「村上」駅,8.0,17.0,,,,八千代市村上1113-1,1-36号棟,鉄筋コンクリート造、鉄骨鉄筋コンクリート造,6,N,610号室,4LDK,91,11,102600,2400,2か月,"['近居割', '近居割WIDE']",随時,https://www.ur-net.go.jp/chintai/kanto/chiba/30_2730_room.html?JKSS=001360610,<li>東葉高速線「村上」駅 徒歩8～17分</li><li>京成本線「勝田台」駅バス6～10分 徒歩1～6分</li><li>東葉高速線「東葉勝田台」駅バス6～10分 徒歩1～6分</li>
chiba,yurinokidaipc,村上,105000,,,,京成本線「勝田台」駅,7.0,16.0,八千代市村上1113-1,1-36号棟,鉄筋コンクリート造、鉄骨鉄筋コンクリート造,6,N,610号室,4LDK,91,11,102600,2400,2か月,"['近居割', '近居割WIDE']",随時,https://www.ur-net.go.jp/chintai/kanto/chiba/30_2730_room.html?JKSS=001360610,<li>東葉高速線「村上」駅 徒歩8～17分</li><li>京成本線「勝田台」駅バス6～10分 徒歩1～6分</li><li>東葉高速線「東葉勝田台」駅バス6～10分 徒歩1～6分</li>
chiba,yurinokidaipc,村上,105000,,,,東葉高速線「東葉勝田台」駅,7.0,16.0,八千代市村上1113-1,1-36号棟,鉄筋コンクリート造、鉄骨鉄筋コンクリート造,6,N,610号室,4LDK,91,11,102600,2400,2か月,"['近居割', '近居割WIDE']",随時,https://www.ur-net.go.jp/chintai/kanto/chiba/30_2730_room.html?JKSS=001360610,<li>東葉高速線「村上」駅 徒歩8～17分</li><li>京成本線「勝田台」駅バス6～10分 徒歩1～6分</li><li>東葉高速線「東葉勝田台」駅バス6～10分 徒歩1～6分</li>
chiba,yurinokidaipc,村上,105000,,,,,,,八千代市村上1113-1,1-36号棟,鉄筋コンクリート造、鉄骨鉄筋コンクリート造,6,N,610号室,4LDK,91,11,102600,2400,2か月,"['近居割', '近居割WIDE']",随時,https://www.ur-net.go.jp/chintai/kanto/chiba/30_2730_room.html?JKSS=001360610,<li>東葉高速線「村上」駅 徒歩8～17分</li><li>京成本線「勝田台」駅バス6～10分 徒歩1～6分</li><li>東葉高速線「東葉勝田台」駅バス6～10分 徒歩1～6分</li>
chiba,yurinokidaipc,村上,105000,東葉高速線「村上」駅,8.0,17.0,,,,八千代市村上1113-1,1-36号棟,鉄筋コンクリート造、鉄骨鉄筋コンクリート造,8,N,804号室,4LDK,91,11,102600,2400,2か月,"['近居割', '近居割WIDE']",随時,https://www.ur-net.go.jp/chintai/kanto/chiba/30_2730_room.html?JKSS=001360804,<li>東葉高速線「村上」駅 徒歩8～17分</li><li>京成本線「勝田台」駅バス6～10分 徒歩1～6分</li><li>東葉高速線「東葉勝田台」駅バス6～10分 徒歩1～6分</li>
chiba,yurinokidaipc,村上,105000,,,,京成本線「勝田台」駅,7.0,16.0,八千代市村上1113-1,1-36号棟,鉄筋コンクリート造、鉄骨鉄筋コンクリート造,8,N,804号室,4LDK,91,11,102600,2400,2か月,"['近居割', '近居割WIDE']",随時,https://www.ur-net.go.jp/chintai/kanto/chiba/30_2730_room.html?JKSS=001360804,<li>東葉高速線「村上」駅 徒歩8～17分</li><li>京成本線「勝田台」駅バス6～10分 徒歩1～6分</li><li>東葉高速線「東葉勝田台」駅バス6～10分 徒歩1～6分</li>
chiba,yurinokidaipc,村上,105000,,,,東葉高速線「東葉勝田台」駅,7.0,16.0,八千代市村上1113-1,1-36号棟,鉄筋コンクリート造、鉄骨鉄筋コンクリート造,8,N,804号室,4LDK,91,11,102600,2400,2か月,"['近居割', '近居割WIDE']",随時,https://www.ur-net.go.jp/chintai/kanto/chiba/30_2730_room.html?JKSS=001360804,<li>東葉高速線「村上」駅 徒歩8～17分</li><li>京成本線「勝田台」駅バス6～10分 徒歩1～6分</li><li>東葉高速線「東葉勝田台」駅バス6～10分 徒歩1～6分</li>
chiba,yurinokidaipc,村上,105000,,,,,,,八千代市村上1113-1,1-36号棟,鉄筋コンクリート造、鉄骨鉄筋コンクリート造,8,N,804号室,4LDK,91,11,102600,2400,2か月,"['近居割', '近居割WIDE']",随時,https://www.ur-net.go.jp/chintai/kanto/chiba/30_2730_room.html?JKSS=001360804,<li>東葉高速線「村上」駅 徒歩8～17分</li><li>京成本線「勝田台」駅バス6～10分 徒歩1～6分</li><li>東葉高速線「東葉勝田台」駅バス6～10分 徒歩1～6分</li>
chiba,yurinokidaipc,クレール志津,95300,京成本線「志津」駅,13.0,16.0,,,,佐倉市西志津3-1,3号棟,鉄筋コンクリート造,2,N,203号室,3LDK,78,5,90300,5000,2か月,['近居割'],随時,https://www.ur-net.go.jp/chintai/kanto/chiba/30_4830_room.html?JKSS=000030203,<li>京成本線「志津」駅 徒歩13～16分</li><li>東葉高速鉄道「東葉勝田台」駅 徒歩14～18分</li><li>京成本線「勝田台」駅 徒歩14～18分</li>
chiba,yurinokidaipc,クレール志津,95300,東葉高速鉄道「東葉勝田台」駅,14.0,18.0,,,,佐倉市西志津3-1,3号棟,鉄筋コンクリート造,2,N,203号室,3LDK,78,5,90300,5000,2か月,['近居割'],随時,https://www.ur-net.go.jp/chintai/kanto/chiba/30_4830_room.html?JKSS=000030203,<li>京成本線「志津」駅 徒歩13～16分</li><li>東葉高速鉄道「東葉勝田台」駅 徒歩14～18分</li><li>京成本線「勝田台」駅 徒歩14～18分</li>
chiba,yurinokidaipc,クレール志津,95300,京成本線「勝田台」駅,14.0,18.0,,,,佐倉市西志津3-1,3号棟,鉄筋コンクリート造,2,N,203号室,3LDK,78,5,90300,5000,2か月,['近居割'],随時,https://www.ur-net.go.jp/chintai/kanto/chiba/30_4830_room.html?JKSS=000030203,<li>京成本線「志津」駅 徒歩13～16分</li><li>東葉高速鉄道「東葉勝田台」駅 徒歩14～18分</li><li>京成本線「勝田台」駅 徒歩14～18分</li>
chiba,yurinokidaipc,クレール志津,95300,,,,,,,佐倉市西志津3-1,3号棟,鉄筋コンクリート造,2,N,203号室,3LDK,78,5,90300,5000,2か月,['近居割'],随時,https://www.ur-net.go.jp/chintai/kanto/chiba/30_4830_room.html?JKSS=000030203,<li>京成本線「志津」駅 徒歩13～16分</li><li>東葉高速鉄道「東葉勝田台」駅 徒歩14～18分</li><li>京成本線「勝田台」駅 徒歩14～18分</li>
chiba,kashiwa,北柏ライフタウン松葉町一丁目,95500,,,,JR常磐線「北柏」駅,8.0,9.0,柏市松葉町1-12,12-25号棟,鉄筋コンクリート造,4,N,405号室,3LDK,95,5,90100,5400,2か月,['近居割'],随時,https://www.ur-net.go.jp/chintai/kanto/chiba/30_3540_room.html?JKSS=012250405,<li>JR常磐線「北柏」駅バス4分 徒歩4～5分</li><li>JR常磐線「我孫子」駅 徒歩48～49分</li><li>つくばエクスプレス「柏の葉キャンパス」駅バス9分 徒歩14～15分</li>
chiba,kashiwa,北柏ライフタウン松葉町一丁目,95500,JR常磐線「我孫子」駅,48.0,49.0,,,,柏市松葉町1-12,12-25号棟,鉄筋コンクリート造,4,N,405号室,3LDK,95,5,90100,5400,2か月,['近居割'],随時,https://www.ur-net.go.jp/chintai/kanto/chiba/30_3540_room.html?JKSS=012250405,<li>JR常磐線「北柏」駅バス4分 徒歩4～5分</li><li>JR常磐線「我孫子」駅 徒歩48～49分</li><li>つくばエクスプレス「柏の葉キャンパス」駅バス9分 徒歩14～15分</li>
chiba,kashiwa,北柏ライフタウン松葉町一丁目,95500,,,,つくばエクスプレス「柏の葉キャンパス」駅,23.0,24.0,柏市松葉町1-12,12-25号棟,鉄筋コンクリート造,4,N,405号室,3LDK,95,5,90100,5400,2か月,['近居割'],随時,https://www.ur-net.go.jp/chintai/kanto/chiba/30_3540_room.html?JKSS=012250405,<li>JR常磐線「北柏」駅バス4分 徒歩4～5分</li><li>JR常磐線「我孫子」駅 徒歩48～49分</li><li>つくばエクスプレス「柏の葉キャンパス」駅バス9分 徒歩14～15分</li>
chiba,kashiwa,北柏ライフタウン松葉町一丁目,95500,,,,,,,柏市松葉町1-12,12-25号棟,鉄筋コンクリート造,4,N,405号室,3LDK,95,5,90100,5400,2か月,['近居割'],随時,https://www.ur-net.go.jp/chintai/kanto/chiba/30_3540_room.html?JKSS=012250405,<li>JR常磐線「北柏」駅バス4分 徒歩4～5分</li><li>JR常磐線「我孫子」駅 徒歩48～49分</li><li>つくばエクスプレス「柏の葉キャンパス」駅バス9分 徒歩14～15分</li>
chiba,kashiwa,北柏ライフタウン松葉町一丁目,97200,,,,JR常磐線「北柏」駅,8.0,9.0,柏市松葉町1-12,12-6号棟,鉄筋コンクリート造,3,N,302号室,3LDK,95,5,91800,5400,2か月,['近居割'],随時,https://www.ur-net.go.jp/chintai/kanto/chiba/30_3540_room.html?JKSS=012060302,<li>JR常磐線「北柏」駅バス4分 徒歩4～5分</li><li>JR常磐線「我孫子」駅 徒歩48～49分</li><li>つくばエクスプレス「柏の葉キャンパス」駅バス9分 徒歩14～15分</li>
chiba,kashiwa,北柏ライフタウン松葉町一丁目,97200,JR常磐線「我孫子」駅,48.0,49.0,,,,柏市松葉町1-12,12-6号棟,鉄筋コンクリート造,3,N,302号室,3LDK,95,5,91800,5400,2か月,['近居割'],随時,https://www.ur-net.go.jp/chintai/kanto/chiba/30_3540_room.html?JKSS=012060302,<li>JR常磐線「北柏」駅バス4分 徒歩4～5分</li><li>JR常磐線「我孫子」駅 徒歩48～49分</li><li>つくばエクスプレス「柏の葉キャンパス」駅バス9分 徒歩14～15分</li>
chiba,kashiwa,北柏ライフタウン松葉町一丁目,97200,,,,つくばエクスプレス「柏の葉キャンパス」駅,23.0,24.0,柏市松葉町1-12,12-6号棟,鉄筋コンクリート造,3,N,302号室,3LDK,95,5,91800,5400,2か月,['近居割'],随時,https://www.ur-net.go.jp/chintai/kanto/chiba/30_3540_room.html?JKSS=012060302,<li>JR常磐線「北柏」駅バス4分 徒歩4～5分</li><li>JR常磐線「我孫子」駅 徒歩48～49分</li><li>つくばエクスプレス「柏の葉キャンパス」駅バス9分 徒歩14～15分</li>
chiba,kashiwa,北柏ライフタウン松葉町一丁目,97200,,,,,,,柏市松葉町1-12,12-6号棟,鉄筋コンクリート造,3,N,302号室,3LDK,95,5,91800,5400,2か月,['近居割'],随時,https://www.ur-net.go.jp/chintai/kanto/chiba/30_3540_room.html?JKSS=012060302,<li>JR常磐線「北柏」駅バス4分 徒歩4～5分</li><li>JR常磐線「我孫子」駅 徒歩48～49分</li><li>つくばエクスプレス「柏の葉キャンパス」駅バス9分 徒歩14～15分</li>
chiba,kashiwa,北柏ライフタウン松葉町一丁目,100100,,,,JR常磐線「北柏」駅,8.0,9.0,柏市松葉町1-12,12-25号棟,鉄筋コンクリート造,3,N,301号室,3LDK,95,5,94700,5400,2か月,['近居割'],随時,https://www.ur-net.go.jp/chintai/kanto/chiba/30_3540_room.html?JKSS=012250301,<li>JR常磐線「北柏」駅バス4分 徒歩4～5分</li><li>JR常磐線「我孫子」駅 徒歩48～49分</li><li>つくばエクスプレス「柏の葉キャンパス」駅バス9分 徒歩14～15分</li>
chiba,kashiwa,北柏ライフタウン松葉町一丁目,100100,JR常磐線「我孫子」駅,48.0,49.0,,,,柏市松葉町1-12,12-25号棟,鉄筋コンクリート造,3,N,301号室,3LDK,95,5,94700,5400,2か月,['近居割'],随時,https://www.ur-net.go.jp/chintai/kanto/chiba/30_3540_room.html?JKSS=012250301,<li>JR常磐線「北柏」駅バス4分 徒歩4～5分</li><li>JR常磐線「我孫子」駅 徒歩48～49分</li><li>つくばエクスプレス「柏の葉キャンパス」駅バス9分 徒歩14～15分</li>
chiba,kashiwa,北柏ライフタウン松葉町一丁目,100100,,,,つくばエクスプレス「柏の葉キャンパス」駅,23.0,24.0,柏市松葉町1-12,12-25号棟,鉄筋コンクリート造,3,N,301号室,3LDK,95,5,94700,5400,2か月,['近居割'],随時,https://www.ur-net.go.jp/chintai/kanto/chiba/30_3540_room.html?JKSS=012250301,<li>JR常磐線「北柏」駅バス4分 徒歩4～5分</li><li>JR常磐線「我孫子」駅 徒歩48～49分</li><li>つくばエクスプレス「柏の葉キャンパス」駅バス9分 徒歩14～15分</li>
chiba,kashiwa,北柏ライフタウン松葉町一丁目,100100,,,,,,,柏市松葉町1-12,12-25号棟,鉄筋コンクリート造,3,N,301号室,3LDK,95,5,94700,5400,2か月,['近居割'],随時,https://www.ur-net.go.jp/chintai/kanto/chiba/30_3540_room.html?JKSS=012250301,<li>JR常磐線「北柏」駅バス4分 徒歩4～5分</li><li>JR常磐線「我孫子」駅 徒歩48～49分</li><li>つくばエクスプレス「柏の葉キャンパス」駅バス9分 徒歩14～15分</li>
chiba,kashiwa,パークサイド鎌ヶ谷,87800,東武野田線「鎌ケ谷」駅,12.0,15.0,,,,鎌ケ谷市東中沢2-21ほか,9号棟,鉄筋コンクリート造,4,N,403号室,2LDK,69,5,84700,3100,2か月,['近居割'],随時,https://www.ur-net.go.jp/chintai/kanto/chiba/30_5580_room.html?JKSS=000090403,<li>東武野田線「鎌ケ谷」駅 徒歩12～15分</li><li>京成松戸線「北初富」駅 徒歩13～17分</li><li>京成松戸線「初富」駅 徒歩14～19分</li>
chiba,kashiwa,パークサイド鎌ヶ谷,87800,京成松戸線「北初富」駅,13.0,17.0,,,,鎌ケ谷市東中沢2-21ほか,9号棟,鉄筋コンクリート造,4,N,403号室,2LDK,69,5,84700,3100,2か月,['近居割'],随時,https://www.ur-net.go.jp/chintai/kanto/chiba/30_5580_room.html?JKSS=000090403,<li>東武野田線「鎌ケ谷」駅 徒歩12～15分</li><li>京成松戸線「北初富」駅 徒歩13～17分</li><li>京成松戸線「初富」駅 徒歩14～19分</li>
chiba,kashiwa,パークサイド鎌ヶ谷,87800,京成松戸線「初富」駅,14.0,19.0,,,,鎌ケ谷市東中沢2-21ほか,9号棟,鉄筋コンクリート造,4,N,403号室,2LDK,69,5,84700,3100,2か月,['近居割'],随時,https://www.ur-net.go.jp/chintai/kanto/chiba/30_5580_room.html?JKSS=000090403,<li>東武野田線「鎌ケ谷」駅 徒歩12～15分</li><li>京成松戸線「北初富」駅 徒歩13～17分</li><li>京成松戸線「初富」駅 徒歩14～19分</li>
chiba,kashiwa,パークサイド鎌ヶ谷,87800,,,,,,,鎌ケ谷市東中沢2-21ほか,9号棟,鉄筋コンクリート造,4,N,403号室,2LDK,69,5,84700,3100,2か月,['近居割'],随時,https://www.ur-net.go.jp/chintai/kanto/chiba/30_5580_room.html?JKSS=000090403,<li>東武野田線「鎌ケ谷」駅 徒歩12～15分</li><li>京成松戸線「北初富」駅 徒歩13～17分</li><li>京成松戸線「初富」駅 徒歩14～19分</li>
chiba,chibant,千葉ニュータウン内野,61000,,,,北総鉄道「千葉ニュータウン中央」駅,5.0,9.0,印西市内野2-5ほか,5-2号棟,鉄筋コンクリート造,5,N,503号室,3K,53,5,54500,6500,2か月,"['近居割', '近居割WIDE']",随時,https://www.ur-net.go.jp/chintai/kanto/chiba/30_3580_room.html?JKSS=005020503,<li>北総鉄道「千葉ニュータウン中央」駅バス3分 徒歩2～6分</li><li>北総鉄道「印西牧の原」駅 徒歩55～60分</li><li>北総鉄道「小室」駅 徒歩94～98分</li>
chiba,chibant,千葉ニュータウン内野,61000,北総鉄道「印西牧の原」駅,55.0,60.0,,,,印西市内野2-5ほか,5-2号棟,鉄筋コンクリート造,5,N,503号室,3K,53,5,54500,6500,2か月,"['近居割', '近居割WIDE']",随時,https://www.ur-net.go.jp/chintai/kanto/chiba/30_3580_room.html?JKSS=005020503,<li>北総鉄道「千葉ニュータウン中央」駅バス3分 徒歩2～6分</li><li>北総鉄道「印西牧の原」駅 徒歩55～60分</li><li>北総鉄道「小室」駅 徒歩94～98分</li>
chiba,chibant,千葉ニュータウン内野,61000,北総鉄道「小室」駅,94.0,98.0,,,,印西市内野2-5ほか,5-2号棟,鉄筋コンクリート造,5,N,503号室,3K,53,5,54500,6500,2か月,"['近居割', '近居割WIDE']",随時,https://www.ur-net.go.jp/chintai/kanto/chiba/30_3580_room.html?JKSS=005020503,<li>北総鉄道「千葉ニュータウン中央」駅バス3分 徒歩2～6分</li><li>北総鉄道「印西牧の原」駅 徒歩55～60分</li><li>北総鉄道「小室」駅 徒歩94～98分</li>
chiba,chibant,千葉ニュータウン内野,61000,,,,,,,印西市内野2-5ほか,5-2号棟,鉄筋コンクリート造,5,N,503号室,3K,53,5,54500,6500,2か月,"['近居割', '近居割WIDE']",随時,https://www.ur-net.go.jp/chintai/kanto/chiba/30_3580_room.html?JKSS=005020503,<li>北総鉄道「千葉ニュータウン中央」駅バス3分 徒歩2～6分</li><li>北総鉄道「印西牧の原」駅 徒歩55～60分</li><li>北総鉄道「小室」駅 徒歩94～98分</li>
chiba,naritant,成田ニュータウン橋賀台,60000,,,,JR成田線「成田」駅,9.0,15.0,成田市橋賀台1-1ほか,1-1-2号棟,鉄筋コンクリート造、鉄骨鉄筋コンクリート造,4,N,408号室,3K,50,5,56000,4000,2か月,['近居割'],随時,https://www.ur-net.go.jp/chintai/kanto/chiba/30_3030_room.html?JKSS=101020408,<li>JR成田線「成田」駅バス7分 徒歩2～8分</li><li>京成本線「公津の杜」駅 徒歩23～32分</li><li>京成本線「京成成田」駅バス10分 徒歩3～11分</li>
chiba,naritant,成田ニュータウン橋賀台,60000,京成本線「公津の杜」駅,23.0,32.0,,,,成田市橋賀台1-1ほか,1-1-2号棟,鉄筋コンクリート造、鉄骨鉄筋コンクリート造,4,N,408号室,3K,50,5,56000,4000,2か月,['近居割'],随時,https://www.ur-net.go.jp/chintai/kanto/chiba/30_3030_room.html?JKSS=101020408,<li>JR成田線「成田」駅バス7分 徒歩2～8分</li><li>京成本線「公津の杜」駅 徒歩23～32分</li><li>京成本線「京成成田」駅バス10分 徒歩3～11分</li>
chiba,naritant,成田ニュータウン橋賀台,60000,,,,京成本線「京成成田」駅,13.0,21.0,成田市橋賀台1-1ほか,1-1-2号棟,鉄筋コンクリート造、鉄骨鉄筋コンクリート造,4,N,408号室,3K,50,5,56000,4000,2か月,['近居割'],随時,https://www.ur-net.go.jp/chintai/kanto/chiba/30_3030_room.html?JKSS=101020408,<li>JR成田線「成田」駅バス7分 徒歩2～8分</li><li>京成本線「公津の杜」駅 徒歩23～32分</li><li>京成本線「京成成田」駅バス10分 徒歩3～11分</li>
chiba,naritant,成田ニュータウン橋賀台,60000,,,,,,,成田市橋賀台1-1ほか,1-1-2号棟,鉄筋コンクリート造、鉄骨鉄筋コンクリート造,4,N,408号室,3K,50,5,56000,4000,2か月,['近居割'],随時,https://www.ur-net.go.jp/chintai/kanto/chiba/30_3030_room.html?JKSS=101020408,<li>JR成田線「成田」駅バス7分 徒歩2～8分</li><li>京成本線「公津の杜」駅 徒歩23～32分</li><li>京成本線「京成成田」駅バス10分 徒歩3～11分</li>
saitama,sengendai,わし宮,41300,東武伊勢崎線「鷲宮」駅,14.0,20.0,,,,久喜市上内478,2-40号棟,鉄筋コンクリート造,3,N,302号室,2DK,41,5,37400,3900,2か月,['近居割WIDE'],随時,https://www.ur-net.go.jp/chintai/kanto/saitama/50_1430_room.html?JKSS=000240302,<li>東武伊勢崎線「鷲宮」駅 徒歩14～20分</li><li>JR東北本線「東鷲宮」駅 徒歩22～33分</li><li>JR東北本線「久喜」駅 徒歩41～47分</li>
saitama,sengendai,わし宮,41300,JR東北本線「東鷲宮」駅,22.0,33.0,,,,久喜市上内478,2-40号棟,鉄筋コンクリート造,3,N,302号室,2DK,41,5,37400,3900,2か月,['近居割WIDE'],随時,https://www.ur-net.go.jp/chintai/kanto/saitama/50_1430_room.html?JKSS=000240302,<li>東武伊勢崎線「鷲宮」駅 徒歩14～20分</li><li>JR東北本線「東鷲宮」駅 徒歩22～33分</li><li>JR東北本線「久喜」駅 徒歩41～47分</li>
saitama,sengendai,わし宮,41300,JR東北本線「久喜」駅,41.0,47.0,,,,久喜市上内478,2-40号棟,鉄筋コンクリート造,3,N,302号室,2DK,41,5,37400,3900,2か月,['近居割WIDE'],随時,https://www.ur-net.go.jp/chintai/kanto/saitama/50_1430_room.html?JKSS=000240302,<li>東武伊勢崎線「鷲宮」駅 徒歩14～20分</li><li>JR東北本線「東鷲宮」駅 徒歩22～33分</li><li>JR東北本線「久喜」駅 徒歩41～47分</li>
saitama,sengendai,わし宮,41300,,,,,,,久喜市上内478,2-40号棟,鉄筋コンクリート造,3,N,302号室,2DK,41,5,37400,3900,2か月,['近居割WIDE'],随時,https://www.ur-net.go.jp/chintai/kanto/saitama/50_1430_room.html?JKSS=000240302,<li>東武伊勢崎線「鷲宮」駅 徒歩14～20分</li><li>JR東北本線「東鷲宮」駅 徒歩22～33分</li><li>JR東北本線「久喜」駅 徒歩41～47分</li>
saitama,sengendai,わし宮,43900,東武伊勢崎線「鷲宮」駅,14.0,20.0,,,,久喜市上内478,2-3号棟,鉄筋コンクリート造,5,N,503号室,3K,48,5,40000,3900,2か月,['近居割WIDE'],随時,https://www.ur-net.go.jp/chintai/kanto/saitama/50_1430_room.html?JKSS=000203503,<li>東武伊勢崎線「鷲宮」駅 徒歩14～20分</li><li>JR東北本線「東鷲宮」駅 徒歩22～33分</li><li>JR東北本線「久喜」駅 徒歩41～47分</li>
saitama,sengendai,わし宮,43900,JR東北本線「東鷲宮」駅,22.0,33.0,,,,久喜市上内478,2-3号棟,鉄筋コンクリート造,5,N,503号室,3K,48,5,40000,3900,2か月,['近居割WIDE'],随時,https://www.ur-net.go.jp/chintai/kanto/saitama/50_1430_room.html?JKSS=000203503,<li>東武伊勢崎線「鷲宮」駅 徒歩14～20分</li><li>JR東北本線「東鷲宮」駅 徒歩22～33分</li><li>JR東北本線「久喜」駅 徒歩41～47分</li>
saitama,sengendai,わし宮,43900,JR東北本線「久喜」駅,41.0,47.0,,,,久喜市上内478,2-3号棟,鉄筋コンクリート造,5,N,503号室,3K,48,5,40000,3900,2か月,['近居割WIDE'],随時,https://www.ur-net.go.jp/chintai/kanto/saitama/50_1430_room.html?JKSS=000203503,<li>東武伊勢崎線「鷲宮」駅 徒歩14～20分</li><li>JR東北本線「東鷲宮」駅 徒歩22～33分</li><li>JR東北本線「久喜」駅 徒歩41～47分</li>
saitama,sengendai,わし宮,43900,,,,,,,久喜市上内478,2-3号棟,鉄筋コンクリート造,5,N,503号室,3K,48,5,40000,3900,2か月,['近居割WIDE'],随時,https://www.ur-net.go.jp/chintai/kanto/saitama/50_1430_room.html?JKSS=000203503,<li>東武伊勢崎線「鷲宮」駅 徒歩14～20分</li><li>JR東北本線「東鷲宮」駅 徒歩22～33分</li><li>JR東北本線「久喜」駅 徒歩41～47分</li>
saitama,sengendai,わし宮,43900,東武伊勢崎線「鷲宮」駅,14.0,20.0,,,,久喜市上内478,2-3号棟,鉄筋コンクリート造,5,N,512号室,3K,48,5,40000,3900,2か月,['近居割WIDE'],随時,https://www.ur-net.go.jp/chintai/kanto/saitama/50_1430_room.html?JKSS=000203512,<li>東武伊勢崎線「鷲宮」駅 徒歩14～20分</li><li>JR東北本線「東鷲宮」駅 徒歩22～33分</li><li>JR東北本線「久喜」駅 徒歩41～47分</li>
saitama,sengendai,わし宮,43900,JR東北本線「東鷲宮」駅,22.0,33.0,,,,久喜市上内478,2-3号棟,鉄筋コンクリート造,5,N,512号室,3K,48,5,40000,3900,2か月,['近居割WIDE'],随時,https://www.ur-net.go.jp/chintai/kanto/saitama/50_1430_room.html?JKSS=000203512,<li>東武伊勢崎線「鷲宮」駅 徒歩14～20分</li><li>JR東北本線「東鷲宮」駅 徒歩22～33分</li><li>JR東北本線「久喜」駅 徒歩41～47分</li>
saitama,sengendai,わし宮,43900,JR東北本線「久喜」駅,41.0,47.0,,,,久喜市上内478,2-3号棟,鉄筋コンクリート造,5,N,512号室,3K,48,5,40000,3900,2か月,['近居割WIDE'],随時,https://www.ur-net.go.jp/chintai/kanto/saitama/50_1430_room.html?JKSS=000203512,<li>東武伊勢崎線「鷲宮」駅 徒歩14～20分</li><li>JR東北本線「東鷲宮」駅 徒歩22～33分</li><li>JR東北本線「久喜」駅 徒歩41～47分</li>
saitama,sengendai,わし宮,43900,,,,,,,久喜市上内478,2-3号棟,鉄筋コンクリート造,5,N,512号室,3K,48,5,40000,3900,2か月,['近居割WIDE'],随時,https://www.ur-net.go.jp/chintai/kanto/saitama/50_1430_room.html?JKSS=000203512,<li>東武伊勢崎線「鷲宮」駅 徒歩14～20分</li><li>JR東北本線「東鷲宮」駅 徒歩22～33分</li><li>JR東北本線「久喜」駅 徒歩41～47分</li>
saitama,sengendai,わし宮,43900,東武伊勢崎線「鷲宮」駅,14.0,20.0,,,,久喜市上内478,2-11号棟,鉄筋コンクリート造,5,N,505号室,2LDK,48,5,40000,3900,2か月,['近居割WIDE'],随時,https://www.ur-net.go.jp/chintai/kanto/saitama/50_1430_room.html?JKSS=000211505,<li>東武伊勢崎線「鷲宮」駅 徒歩14～20分</li><li>JR東北本線「東鷲宮」駅 徒歩22～33分</li><li>JR東北本線「久喜」駅 徒歩41～47分</li>
saitama,sengendai,わし宮,43900,JR東北本線「東鷲宮」駅,22.0,33.0,,,,久喜市上内478,2-11号棟,鉄筋コンクリート造,5,N,505号室,2LDK,48,5,40000,3900,2か月,['近居割WIDE'],随時,https://www.ur-net.go.jp/chintai/kanto/saitama/50_1430_room.html?JKSS=000211505,<li>東武伊勢崎線「鷲宮」駅 徒歩14～20分</li><li>JR東北本線「東鷲宮」駅 徒歩22～33分</li><li>JR東北本線「久喜」駅 徒歩41～47分</li>
saitama,sengendai,わし宮,43900,JR東北本線「久喜」駅,41.0,47.0,,,,久喜市上内478,2-11号棟,鉄筋コンクリート造,5,N,505号室,2LDK,48,5,40000,3900,2か月,['近居割WIDE'],随時,https://www.ur-net.go.jp/chintai/kanto/saitama/50_1430_room.html?JKSS=000211505,<li>東武伊勢崎線「鷲宮」駅 徒歩14～20分</li><li>JR東北本線「東鷲宮」駅 徒歩22～33分</li><li>JR東北本線「久喜」駅 徒歩41～47分</li>
saitama,sengendai,わし宮,43900,,,,,,,久喜市上内478,2-11号棟,鉄筋コンクリート造,5,N,505号室,2LDK,48,5,40000,3900,2か月,['近居割WIDE'],随時,https://www.ur-net.go.jp/chintai/kanto/saitama/50_1430_room.html?JKSS=000211505,<li>東武伊勢崎線「鷲宮」駅 徒歩14～20分</li><li>JR東北本線「東鷲宮」駅 徒歩22～33分</li><li>JR東北本線「久喜」駅 徒歩41～47分</li>
saitama,sengendai,わし宮,44100,東武伊勢崎線「鷲宮」駅,14.0,20.0,,,,久喜市上内478,2-10号棟,鉄筋コンクリート造,5,N,506号室,2LDK,48,5,40200,3900,2か月,['近居割WIDE'],随時,https://www.ur-net.go.jp/chintai/kanto/saitama/50_1430_room.html?JKSS=000210506,<li>東武伊勢崎線「鷲宮」駅 徒歩14～20分</li><li>JR東北本線「東鷲宮」駅 徒歩22～33分</li><li>JR東北本線「久喜」駅 徒歩41～47分</li>
saitama,sengendai,わし宮,44100,JR東北本線「東鷲宮」駅,22.0,33.0,,,,久喜市上内478,2-10号棟,鉄筋コンクリート造,5,N,506号室,2LDK,48,5,40200,3900,2か月,['近居割WIDE'],随時,https://www.ur-net.go.jp/chintai/kanto/saitama/50_1430_room.html?JKSS=000210506,<li>東武伊勢崎線「鷲宮」駅 徒歩14～20分</li><li>JR東北本線「東鷲宮」駅 徒歩22～33分</li><li>JR東北本線「久喜」駅 徒歩41～47分</li>
saitama,sengendai,わし宮,44100,JR東北本線「久喜」駅,41.0,47.0,,,,久喜市上内478,2-10号棟,鉄筋コンクリート造,5,N,506号室,2LDK,48,5,40200,3900,2か月,['近居割WIDE'],随時,https://www.ur-net.go.jp/chintai/kanto/saitama/50_1430_room.html?JKSS=000210506,<li>東武伊勢崎線「鷲宮」駅 徒歩14～20分</li><li>JR東北本線「東鷲宮」駅 徒歩22～33分</li><li>JR東北本線「久喜」駅 徒歩41～47分</li>
saitama,sengendai,わし宮,44100,,,,,,,久喜市上内478,2-10号棟,鉄筋コンクリート造,5,N,506号室,2LDK,48,5,40200,3900,2か月,['近居割WIDE'],随時,https://www.ur-net.go.jp/chintai/kanto/saitama/50_1430_room.html?JKSS=000210506,<li>東武伊勢崎線「鷲宮」駅 徒歩14～20分</li><li>JR東北本線「東鷲宮」駅 徒歩22～33分</li><li>JR東北本線「久喜」駅 徒歩41～47分</li>
saitama,sengendai,久喜青葉,46600,,,,湘南新宿ライン「久喜」駅,8.0,17.0,久喜市青葉1,2-1号棟,鉄筋コンクリート造,5,N,503号室,2LDK,50,5,43500,3100,2か月,['近居割'],随時,https://www.ur-net.go.jp/chintai/kanto/saitama/50_1640_room.html?JKSS=002010503,<li>湘南新宿ライン「久喜」駅バス7～10分 徒歩1～7分</li><li>東武伊勢崎線「久喜」駅バス7～10分 徒歩1～7分</li><li>東武日光線「幸手」駅 徒歩25～35分</li>
saitama,sengendai,久喜青葉,46600,,,,東武伊勢崎線「久喜」駅,8.0,17.0,久喜市青葉1,2-1号棟,鉄筋コンクリート造,5,N,503号室,2LDK,50,5,43500,3100,2か月,['近居割'],随時,https://www.ur-net.go.jp/chintai/kanto/saitama/50_1640_room.html?JKSS=002010503,<li>湘南新宿ライン「久喜」駅バス7～10分 徒歩1～7分</li><li>東武伊勢崎線「久喜」駅バス7～10分 徒歩1～7分</li><li>東武日光線「幸手」駅 徒歩25～35分</li>
saitama,sengendai,久喜青葉,46600,東武日光線「幸手」駅,25.0,35.0,,,,久喜市青葉1,2-1号棟,鉄筋コンクリート造,5,N,503号室,2LDK,50,5,43500,3100,2か月,['近居割'],随時,https://www.ur-net.go.jp/chintai/kanto/saitama/50_1640_room.html?JKSS=002010503,<li>湘南新宿ライン「久喜」駅バス7～10分 徒歩1～7分</li><li>東武伊勢崎線「久喜」駅バス7～10分 徒歩1～7分</li><li>東武日光線「幸手」駅 徒歩25～35分</li>
saitama,sengendai,久喜青葉,46600,,,,,,,久喜市青葉1,2-1号棟,鉄筋コンクリート造,5,N,503号室,2LDK,50,5,43500,3100,2か月,['近居割'],随時,https://www.ur-net.go.jp/chintai/kanto/saitama/50_1640_room.html?JKSS=002010503,<li>湘南新宿ライン「久喜」駅バス7～10分 徒歩1～7分</li><li>東武伊勢崎線「久喜」駅バス7～10分 徒歩1～7分</li><li>東武日光線「幸手」駅 徒歩25～35分</li>
saitama,sengendai,久喜青葉,46800,,,,湘南新宿ライン「久喜」駅,8.0,17.0,久喜市青葉1,2-13号棟,鉄筋コンクリート造,5,N,503号室,2LDK,50,5,43700,3100,2か月,['近居割'],随時,https://www.ur-net.go.jp/chintai/kanto/saitama/50_1640_room.html?JKSS=002130503,<li>湘南新宿ライン「久喜」駅バス7～10分 徒歩1～7分</li><li>東武伊勢崎線「久喜」駅バス7～10分 徒歩1～7分</li><li>東武日光線「幸手」駅 徒歩25～35分</li>
saitama,sengendai,久喜青葉,46800,,,,東武伊勢崎線「久喜」駅,8.0,17.0,久喜市青葉1,2-13号棟,鉄筋コンクリート造,5,N,503号室,2LDK,50,5,43700,3100,2か月,['近居割'],随時,https://www.ur-net.go.jp/chintai/kanto/saitama/50_1640_room.html?JKSS=002130503,<li>湘南新宿ライン「久喜」駅バス7～10分 徒歩1～7分</li><li>東武伊勢崎線「久喜」駅バス7～10分 徒歩1～7分</li><li>東武日光線「幸手」駅 徒歩25～35分</li>
saitama,sengendai,久喜青葉,46800,東武日光線「幸手」駅,25.0,35.0,,,,久喜市青葉1,2-13号棟,鉄筋コンクリート造,5,N,503号室,2LDK,50,5,43700,3100,2か月,['近居割'],随時,https://www.ur-net.go.jp/chintai/kanto/saitama/50_1640_room.html?JKSS=002130503,<li>湘南新宿ライン「久喜」駅バス7～10分 徒歩1～7分</li><li>東武伊勢崎線「久喜」駅バス7～10分 徒歩1～7分</li><li>東武日光線「幸手」駅 徒歩25～35分</li>
saitama,sengendai,久喜青葉,46800,,,,,,,久喜市青葉1,2-13号棟,鉄筋コンクリート造,5,N,503号室,2LDK,50,5,43700,3100,2か月,['近居割'],随時,https://www.ur-net.go.jp/chintai/kanto/saitama/50_1640_room.html?JKSS=002130503,<li>湘南新宿ライン「久喜」駅バス7～10分 徒歩1～7分</li><li>東武伊勢崎線「久喜」駅バス7～10分 徒歩1～7分</li><li>東武日光線「幸手」駅 徒歩25～35分</li>
saitama,misato,吉川,106200,,,,JR武蔵野線「吉川」駅,6.0,11.0,吉川市吉川団地,5-17号棟,鉄筋コンクリート造,4,N,406号室,3LDK,85,5,103100,3100,2か月,"['近居割', '近居割WIDE']",随時,https://www.ur-net.go.jp/chintai/kanto/saitama/50_1551_room.html?JKSS=000517406,<li>JR武蔵野線「吉川」駅バス5～6分 徒歩1～5分</li>
saitama,misato,吉川,106200,,,,,,,吉川市吉川団地,5-17号棟,鉄筋コンクリート造,4,N,406号室,3LDK,85,5,103100,3100,2か月,"['近居割', '近居割WIDE']",随時,https://www.ur-net.go.jp/chintai/kanto/saitama/50_1551_room.html?JKSS=000517406,<li>JR武蔵野線「吉川」駅バス5～6分 徒歩1～5分</li>
saitama,misato,吉川,112900,,,,JR武蔵野線「吉川」駅,6.0,11.0,吉川市吉川団地,5-17号棟,鉄筋コンクリート造,3,N,301号室,4LDK,92,5,109800,3100,2か月,"['近居割', '近居割WIDE']",随時,https://www.ur-net.go.jp/chintai/kanto/saitama/50_1551_room.html?JKSS=000517301,<li>JR武蔵野線「吉川」駅バス5～6分 徒歩1～5分</li>
saitama,misato,吉川,112900,,,,,,,吉川市吉川団地,5-17号棟,鉄筋コンクリート造,3,N,301号室,4LDK,92,5,109800,3100,2か月,"['近居割', '近居割WIDE']",随時,https://www.ur-net.go.jp/chintai/kanto/saitama/50_1551_room.html?JKSS=000517301,<li>JR武蔵野線「吉川」駅バス5～6分 徒歩1～5分</li>
saitama,misato,吉川,113800,,,,JR武蔵野線「吉川」駅,6.0,11.0,吉川市吉川団地,4-18号棟,鉄筋コンクリート造,3,N,305号室,4LDK,98,5,110700,3100,2か月,"['近居割', '近居割WIDE']",随時,https://www.ur-net.go.jp/chintai/kanto/saitama/50_1551_room.html?JKSS=000418305,<li>JR武蔵野線「吉川」駅バス5～6分 徒歩1～5分</li>
saitama,misato,吉川,113800,,,,,,,吉川市吉川団地,4-18号棟,鉄筋コンクリート造,3,N,305号室,4LDK,98,5,110700,3100,2か月,"['近居割', '近居割WIDE']",随時,https://www.ur-net.go.jp/chintai/kanto/saitama/50_1551_room.html?JKSS=000418305,<li>JR武蔵野線「吉川」駅バス5～6分 徒歩1～5分</li>
saitama,higashiomiya,コンフォール西本郷,107200,JR東北本線「土呂」駅,11.0,14.0,,,,さいたま市北区本郷町17-1,9号棟,鉄筋コンクリート造,10,N,1002号室,1LDK,52,10,103100,4100,2か月,['近居割'],随時,https://www.ur-net.go.jp/chintai/kanto/saitama/50_3860_room.html?JKSS=000091002,<li>JR東北本線「土呂」駅 徒歩11～14分</li><li>ニューシャトル伊奈線「加茂宮」駅 徒歩12～14分</li><li>東武野田線「大宮公園」駅 徒歩17～23分</li>
saitama,higashiomiya,コンフォール西本郷,107200,ニューシャトル伊奈線「加茂宮」駅,12.0,14.0,,,,さいたま市北区本郷町17-1,9号棟,鉄筋コンクリート造,10,N,1002号室,1LDK,52,10,103100,4100,2か月,['近居割'],随時,https://www.ur-net.go.jp/chintai/kanto/saitama/50_3860_room.html?JKSS=000091002,<li>JR東北本線「土呂」駅 徒歩11～14分</li><li>ニューシャトル伊奈線「加茂宮」駅 徒歩12～14分</li><li>東武野田線「大宮公園」駅 徒歩17～23分</li>
saitama,higashiomiya,コンフォール西本郷,107200,東武野田線「大宮公園」駅,17.0,23.0,,,,さいたま市北区本郷町17-1,9号棟,鉄筋コンクリート造,10,N,1002号室,1LDK,52,10,103100,4100,2か月,['近居割'],随時,https://www.ur-net.go.jp/chintai/kanto/saitama/50_3860_room.html?JKSS=000091002,<li>JR東北本線「土呂」駅 徒歩11～14分</li><li>ニューシャトル伊奈線「加茂宮」駅 徒歩12～14分</li><li>東武野田線「大宮公園」駅 徒歩17～23分</li>
saitama,higashiomiya,コンフォール西本郷,107200,,,,,,,さいたま市北区本郷町17-1,9号棟,鉄筋コンクリート造,10,N,1002号室,1LDK,52,10,103100,4100,2か月,['近居割'],随時,https://www.ur-net.go.jp/chintai/kanto/saitama/50_3860_room.html?JKSS=000091002,<li>JR東北本線「土呂」駅 徒歩11～14分</li><li>ニューシャトル伊奈線「加茂宮」駅 徒歩12～14分</li><li>東武野田線「大宮公園」駅 徒歩17～23分</li>
saitama,higashiomiya,コンフォール大宮植竹,140800,JR東北本線「土呂」駅,13.0,16.0,,,,さいたま市北区植竹町1-362,6号棟,鉄筋コンクリート造,5,N,505号室,3LDK,79,5,137000,3800,2か月,['近居割'],随時,https://www.ur-net.go.jp/chintai/kanto/saitama/50_3690_room.html?JKSS=000060505,<li>JR東北本線「土呂」駅 徒歩13～16分</li><li>東武野田線「北大宮」駅 徒歩12～16分</li><li>JR京浜東北・根岸線「大宮」駅バス6分 徒歩4～7分</li>
saitama,higashiomiya,コンフォール大宮植竹,140800,東武野田線「北大宮」駅,12.0,16.0,,,,さいたま市北区植竹町1-362,6号棟,鉄筋コンクリート造,5,N,505号室,3LDK,79,5,137000,3800,2か月,['近居割'],随時,https://www.ur-net.go.jp/chintai/kanto/saitama/50_3690_room.html?JKSS=000060505,<li>JR東北本線「土呂」駅 徒歩13～16分</li><li>東武野田線「北大宮」駅 徒歩12～16分</li><li>JR京浜東北・根岸線「大宮」駅バス6分 徒歩4～7分</li>
saitama,higashiomiya,コンフォール大宮植竹,140800,,,,JR京浜東北・根岸線「大宮」駅,10.0,13.0,さいたま市北区植竹町1-362,6号棟,鉄筋コンクリート造,5,N,505号室,3LDK,79,5,137000,3800,2か月,['近居割'],随時,https://www.ur-net.go.jp/chintai/kanto/saitama/50_3690_room.html?JKSS=000060505,<li>JR東北本線「土呂」駅 徒歩13～16分</li><li>東武野田線「北大宮」駅 徒歩12～16分</li><li>JR京浜東北・根岸線「大宮」駅バス6分 徒歩4～7分</li>
saitama,higashiomiya,コンフォール大宮植竹,140800,,,,,,,さいたま市北区植竹町1-362,6号棟,鉄筋コンクリート造,5,N,505号室,3LDK,79,5,137000,3800,2か月,['近居割'],随時,https://www.ur-net.go.jp/chintai/kanto/saitama/50_3690_room.html?JKSS=000060505,<li>JR東北本線「土呂」駅 徒歩13～16分</li><li>東武野田線「北大宮」駅 徒歩12～16分</li><li>JR京浜東北・根岸線「大宮」駅バス6分 徒歩4～7分</li>
saitama,kawaguchi,川口芝園,94900,JR京浜東北・根岸線「蕨」駅,10.0,15.0,,,,川口市芝園町3,4号棟,鉄骨鉄筋コンクリート造,7,N,748号室,1LDK,45,10,90800,4100,2か月,"['近居割', '近居割WIDE']",随時,https://www.ur-net.go.jp/chintai/kanto/saitama/50_1820_room.html?JKSS=000040748,<li>JR京浜東北・根岸線「蕨」駅 徒歩10～15分</li><li>JR埼京線「戸田」駅 徒歩27～32分</li><li>JR武蔵野線「南浦和」駅 徒歩28～34分</li>
saitama,kawaguchi,川口芝園,94900,JR埼京線「戸田」駅,27.0,32.0,,,,川口市芝園町3,4号棟,鉄骨鉄筋コンクリート造,7,N,748号室,1LDK,45,10,90800,4100,2か月,"['近居割', '近居割WIDE']",随時,https://www.ur-net.go.jp/chintai/kanto/saitama/50_1820_room.html?JKSS=000040748,<li>JR京浜東北・根岸線「蕨」駅 徒歩10～15分</li><li>JR埼京線「戸田」駅 徒歩27～32分</li><li>JR武蔵野線「南浦和」駅 徒歩28～34分</li>
saitama,kawaguchi,川口芝園,94900,JR武蔵野線「南浦和」駅,28.0,34.0,,,,川口市芝園町3,4号棟,鉄骨鉄筋コンクリート造,7,N,748号室,1LDK,45,10,90800,4100,2か月,"['近居割', '近居割WIDE']",随時,https://www.ur-net.go.jp/chintai/kanto/saitama/50_1820_room.html?JKSS=000040748,<li>JR京浜東北・根岸線「蕨」駅 徒歩10～15分</li><li>JR埼京線「戸田」駅 徒歩27～32分</li><li>JR武蔵野線「南浦和」駅 徒歩28～34分</li>
saitama,kawaguchi,川口芝園,94900,,,,,,,川口市芝園町3,4号棟,鉄骨鉄筋コンクリート造,7,N,748号室,1LDK,45,10,90800,4100,2か月,"['近居割', '近居割WIDE']",随時,https://www.ur-net.go.jp/chintai/kanto/saitama/50_1820_room.html?JKSS=000040748,<li>JR京浜東北・根岸線「蕨」駅 徒歩10～15分</li><li>JR埼京線「戸田」駅 徒歩27～32分</li><li>JR武蔵野線「南浦和」駅 徒歩28～34分</li>
saitama,kawaguchi,川口芝園,97200,JR京浜東北・根岸線「蕨」駅,10.0,15.0,,,,川口市芝園町3,4号棟,鉄骨鉄筋コンクリート造,1,N,103号室,1LDK,45,10,93100,4100,2か月,"['近居割', '近居割WIDE']",随時,https://www.ur-net.go.jp/chintai/kanto/saitama/50_1820_room.html?JKSS=000040103,<li>JR京浜東北・根岸線「蕨」駅 徒歩10～15分</li><li>JR埼京線「戸田」駅 徒歩27～32分</li><li>JR武蔵野線「南浦和」駅 徒歩28～34分</li>
saitama,kawaguchi,川口芝園,97200,JR埼京線「戸田」駅,27.0,32.0,,,,川口市芝園町3,4号棟,鉄骨鉄筋コンクリート造,1,N,103号室,1LDK,45,10,93100,4100,2か月,"['近居割', '近居割WIDE']",随時,https://www.ur-net.go.jp/chintai/kanto/saitama/50_1820_room.html?JKSS=000040103,<li>JR京浜東北・根岸線「蕨」駅 徒歩10～15分</li><li>JR埼京線「戸田」駅 徒歩27～32分</li><li>JR武蔵野線「南浦和」駅 徒歩28～34分</li>
saitama,kawaguchi,川口芝園,97200,JR武蔵野線「南浦和」駅,28.0,34.0,,,,川口市芝園町3,4号棟,鉄骨鉄筋コンクリート造,1,N,103号室,1LDK,45,10,93100,4100,2か月,"['近居割', '近居割WIDE']",随時,https://www.ur-net.go.jp/chintai/kanto/saitama/50_1820_room.html?JKSS=000040103,<li>JR京浜東北・根岸線「蕨」駅 徒歩10～15分</li><li>JR埼京線「戸田」駅 徒歩27～32分</li><li>JR武蔵野線「南浦和」駅 徒歩28～34分</li>
saitama,kawaguchi,川口芝園,97200,,,,,,,川口市芝園町3,4号棟,鉄骨鉄筋コンクリート造,1,N,103号室,1LDK,45,10,93100,4100,2か月,"['近居割', '近居割WIDE']",随時,https://www.ur-net.go.jp/chintai/kanto/saitama/50_1820_room.html?JKSS=000040103,<li>JR京浜東北・根岸線「蕨」駅 徒歩10～15分</li><li>JR埼京線「戸田」駅 徒歩27～32分</li><li>JR武蔵野線「南浦和」駅 徒歩28～34分</li>
saitama,kawaguchi,コンフォール東鳩ヶ谷,103400,埼玉高速鉄道「新井宿」駅,12.0,12.0,,,,川口市桜町4-4,3号棟,鉄筋コンクリート造,3,N,303号室,2DK,49,10,99000,4400,2か月,['近居割'],随時,https://www.ur-net.go.jp/chintai/kanto/saitama/50_4020_room.html?JKSS=000030303,<li>埼玉高速鉄道「新井宿」駅 徒歩12分</li><li>JR京浜東北・根岸線「西川口」駅バス25分 徒歩1～3分</li><li>JR京浜東北・根岸線「赤羽」駅バス27分 徒歩1～3分</li>
saitama,kawaguchi,コンフォール東鳩ヶ谷,103400,,,,JR京浜東北・根岸線「西川口」駅,26.0,28.0,川口市桜町4-4,3号棟,鉄筋コンクリート造,3,N,303号室,2DK,49,10,99000,4400,2か月,['近居割'],随時,https://www.ur-net.go.jp/chintai/kanto/saitama/50_4020_room.html?JKSS=000030303,<li>埼玉高速鉄道「新井宿」駅 徒歩12分</li><li>JR京浜東北・根岸線「西川口」駅バス25分 徒歩1～3分</li><li>JR京浜東北・根岸線「赤羽」駅バス27分 徒歩1～3分</li>
saitama,kawaguchi,コンフォール東鳩ヶ谷,103400,,,,JR京浜東北・根岸線「赤羽」駅,28.0,30.0,川口市桜町4-4,3号棟,鉄筋コンクリート造,3,N,303号室,2DK,49,10,99000,4400,2か月,['近居割'],随時,https://www.ur-net.go.jp/chintai/kanto/saitama/50_4020_room.html?JKSS=000030303,<li>埼玉高速鉄道「新井宿」駅 徒歩12分</li><li>JR京浜東北・根岸線「西川口」駅バス25分 徒歩1～3分</li><li>JR京浜東北・根岸線「赤羽」駅バス27分 徒歩1～3分</li>
saitama,kawaguchi,コンフォール東鳩ヶ谷,103400,,,,,,,川口市桜町4-4,3号棟,鉄筋コンクリート造,3,N,303号室,2DK,49,10,99000,4400,2か月,['近居割'],随時,https://www.ur-net.go.jp/chintai/kanto/saitama/50_4020_room.html?JKSS=000030303,<li>埼玉高速鉄道「新井宿」駅 徒歩12分</li><li>JR京浜東北・根岸線「西川口」駅バス25分 徒歩1～3分</li><li>JR京浜東北・根岸線「赤羽」駅バス27分 徒歩1～3分</li>
saitama,kawaguchi,コンフォール東鳩ヶ谷,105400,埼玉高速鉄道「新井宿」駅,12.0,12.0,,,,川口市桜町4-4,6号棟,鉄筋コンクリート造,8,N,808号室,2DK,49,8,101000,4400,2か月,['近居割'],随時,https://www.ur-net.go.jp/chintai/kanto/saitama/50_4020_room.html?JKSS=000060808,<li>埼玉高速鉄道「新井宿」駅 徒歩12分</li><li>JR京浜東北・根岸線「西川口」駅バス25分 徒歩1～3分</li><li>JR京浜東北・根岸線「赤羽」駅バス27分 徒歩1～3分</li>
saitama,kawaguchi,コンフォール東鳩ヶ谷,105400,,,,JR京浜東北・根岸線「西川口」駅,26.0,28.0,川口市桜町4-4,6号棟,鉄筋コンクリート造,8,N,808号室,2DK,49,8,101000,4400,2か月,['近居割'],随時,https://www.ur-net.go.jp/chintai/kanto/saitama/50_4020_room.html?JKSS=000060808,<li>埼玉高速鉄道「新井宿」駅 徒歩12分</li><li>JR京浜東北・根岸線「西川口」駅バス25分 徒歩1～3分</li><li>JR京浜東北・根岸線「赤羽」駅バス27分 徒歩1～3分</li>
saitama,kawaguchi,コンフォール東鳩ヶ谷,105400,,,,JR京浜東北・根岸線「赤羽」駅,28.0,30.0,川口市桜町4-4,6号棟,鉄筋コンクリート造,8,N,808号室,2DK,49,8,101000,4400,2か月,['近居割'],随時,https://www.ur-net.go.jp/chintai/kanto/saitama/50_4020_room.html?JKSS=000060808,<li>埼玉高速鉄道「新井宿」駅 徒歩12分</li><li>JR京浜東北・根岸線「西川口」駅バス25分 徒歩1～3分</li><li>JR京浜東北・根岸線「赤羽」駅バス27分 徒歩1～3分</li>
saitama,kawaguchi,コンフォール東鳩ヶ谷,105400,,,,,,,川口市桜町4-4,6号棟,鉄筋コンクリート造,8,N,808号室,2DK,49,8,101000,4400,2か月,['近居割'],随時,https://www.ur-net.go.jp/chintai/kanto/saitama/50_4020_room.html?JKSS=000060808,<li>埼玉高速鉄道「新井宿」駅 徒歩12分</li><li>JR京浜東北・根岸線「西川口」駅バス25分 徒歩1～3分</li><li>JR京浜東北・根岸線「赤羽」駅バス27分 徒歩1～3分</li>
saitama,kawaguchi,コンフォール東鳩ヶ谷,129100,埼玉高速鉄道「新井宿」駅,12.0,12.0,,,,川口市桜町4-4,1号棟,鉄筋コンクリート造,6,N,606号室,2LDK,64,7,124700,4400,2か月,['近居割'],随時,https://www.ur-net.go.jp/chintai/kanto/saitama/50_4020_room.html?JKSS=000010606,<li>埼玉高速鉄道「新井宿」駅 徒歩12分</li><li>JR京浜東北・根岸線「西川口」駅バス25分 徒歩1～3分</li><li>JR京浜東北・根岸線「赤羽」駅バス27分 徒歩1～3分</li>
saitama,kawaguchi,コンフォール東鳩ヶ谷,129100,,,,JR京浜東北・根岸線「西川口」駅,26.0,28.0,川口市桜町4-4,1号棟,鉄筋コンクリート造,6,N,606号室,2LDK,64,7,124700,4400,2か月,['近居割'],随時,https://www.ur-net.go.jp/chintai/kanto/saitama/50_4020_room.html?JKSS=000010606,<li>埼玉高速鉄道「新井宿」駅 徒歩12分</li><li>JR京浜東北・根岸線「西川口」駅バス25分 徒歩1～3分</li><li>JR京浜東北・根岸線「赤羽」駅バス27分 徒歩1～3分</li>
saitama,kawaguchi,コンフォール東鳩ヶ谷,129100,,,,JR京浜東北・根岸線「赤羽」駅,28.0,30.0,川口市桜町4-4,1号棟,鉄筋コンクリート造,6,N,606号室,2LDK,64,7,124700,4400,2か月,['近居割'],随時,https://www.ur-net.go.jp/chintai/kanto/saitama/50_4020_room.html?JKSS=000010606,<li>埼玉高速鉄道「新井宿」駅 徒歩12分</li><li>JR京浜東北・根岸線「西川口」駅バス25分 徒歩1～3分</li><li>JR京浜東北・根岸線「赤羽」駅バス27分 徒歩1～3分</li>
saitama,kawaguchi,コンフォール東鳩ヶ谷,129100,,,,,,,川口市桜町4-4,1号棟,鉄筋コンクリート造,6,N,606号室,2LDK,64,7,124700,4400,2か月,['近居割'],随時,https://www.ur-net.go.jp/chintai/kanto/saitama/50_4020_room.html?JKSS=000010606,<li>埼玉高速鉄道「新井宿」駅 徒歩12分</li><li>JR京浜東北・根岸線「西川口」駅バス25分 徒歩1～3分</li><li>JR京浜東北・根岸線「赤羽」駅バス27分 徒歩1～3分</li>
saitama,kawaguchi,アーバンハイツ南前川,111300,,,,JR京浜東北線「蕨」駅,8.0,8.0,川口市南前川2-21-10,,鉄筋コンクリート造,4,N,409号室,3DK,68,5,107500,3800,2か月,['近居割'],随時,https://www.ur-net.go.jp/chintai/kanto/saitama/50_2220_room.html?JKSS=000000409,<li>JR京浜東北線「蕨」駅 バス7分 徒歩1分</li><li>JR京浜東北線「西川口」駅 バス8分 徒歩1分</li>
saitama,kawaguchi,アーバンハイツ南前川,111300,,,,JR京浜東北線「西川口」駅,9.0,9.0,川口市南前川2-21-10,,鉄筋コンクリート造,4,N,409号室,3DK,68,5,107500,3800,2か月,['近居割'],随時,https://www.ur-net.go.jp/chintai/kanto/saitama/50_2220_room.html?JKSS=000000409,<li>JR京浜東北線「蕨」駅 バス7分 徒歩1分</li><li>JR京浜東北線「西川口」駅 バス8分 徒歩1分</li>
saitama,kawaguchi,アーバンハイツ南前川,111300,,,,,,,川口市南前川2-21-10,,鉄筋コンクリート造,4,N,409号室,3DK,68,5,107500,3800,2か月,['近居割'],随時,https://www.ur-net.go.jp/chintai/kanto/saitama/50_2220_room.html?JKSS=000000409,<li>JR京浜東北線「蕨」駅 バス7分 徒歩1分</li><li>JR京浜東北線「西川口」駅 バス8分 徒歩1分</li>
saitama,kawaguchi,アーバンハイツ南前川,130800,,,,JR京浜東北線「蕨」駅,8.0,8.0,川口市南前川2-21-10,,鉄筋コンクリート造,3,N,304号室,3LDK,79,5,127000,3800,2か月,['近居割'],随時,https://www.ur-net.go.jp/chintai/kanto/saitama/50_2220_room.html?JKSS=000000304,<li>JR京浜東北線「蕨」駅 バス7分 徒歩1分</li><li>JR京浜東北線「西川口」駅 バス8分 徒歩1分</li>
saitama,kawaguchi,アーバンハイツ南前川,130800,,,,JR京浜東北線「西川口」駅,9.0,9.0,川口市南前川2-21-10,,鉄筋コンクリート造,3,N,304号室,3LDK,79,5,127000,3800,2か月,['近居割'],随時,https://www.ur-net.go.jp/chintai/kanto/saitama/50_2220_room.html?JKSS=000000304,<li>JR京浜東北線「蕨」駅 バス7分 徒歩1分</li><li>JR京浜東北線「西川口」駅 バス8分 徒歩1分</li>
saitama,kawaguchi,アーバンハイツ南前川,130800,,,,,,,川口市南前川2-21-10,,鉄筋コンクリート造,3,N,304号室,3LDK,79,5,127000,3800,2か月,['近居割'],随時,https://www.ur-net.go.jp/chintai/kanto/saitama/50_2220_room.html?JKSS=000000304,<li>JR京浜東北線「蕨」駅 バス7分 徒歩1分</li><li>JR京浜東北線「西川口」駅 バス8分 徒歩1分</li>
saitama,kawaguchi,リプレ川口二番街,203700,JR京浜東北線「川口」駅,2.0,2.0,,,,川口市川口3-3-1,,鉄骨鉄筋コンクリート造,9,N,912号室,4DK,76,14,199700,4000,2か月,['近居割'],随時,https://www.ur-net.go.jp/chintai/kanto/saitama/50_2890_room.html?JKSS=000000912,<li>JR京浜東北線「川口」駅 徒歩2分</li>
saitama,kawaguchi,リプレ川口二番街,203700,,,,,,,川口市川口3-3-1,,鉄骨鉄筋コンクリート造,9,N,912号室,4DK,76,14,199700,4000,2か月,['近居割'],随時,https://www.ur-net.go.jp/chintai/kanto/saitama/50_2890_room.html?JKSS=000000912,<li>JR京浜東北線「川口」駅 徒歩2分</li>
saitama,ageo,パークタウン若宮,95000,JR高崎線「桶川」駅,5.0,9.0,,,,桶川市若宮1-8,24号棟,鉄筋コンクリート造,5,N,504号室,3LDK,77,5,91800,3200,2か月,['近居割'],随時,https://www.ur-net.go.jp/chintai/kanto/saitama/50_2160_room.html?JKSS=000240504,<li>JR高崎線「桶川」駅 徒歩5～9分</li><li>JR高崎線「北本」駅 徒歩60～65分</li><li>JR高崎線「北上尾」駅 徒歩28～34分</li>
saitama,ageo,パークタウン若宮,95000,JR高崎線「北本」駅,60.0,65.0,,,,桶川市若宮1-8,24号棟,鉄筋コンクリート造,5,N,504号室,3LDK,77,5,91800,3200,2か月,['近居割'],随時,https://www.ur-net.go.jp/chintai/kanto/saitama/50_2160_room.html?JKSS=000240504,<li>JR高崎線「桶川」駅 徒歩5～9分</li><li>JR高崎線「北本」駅 徒歩60～65分</li><li>JR高崎線「北上尾」駅 徒歩28～34分</li>
saitama,ageo,パークタウン若宮,95000,JR高崎線「北上尾」駅,28.0,34.0,,,,桶川市若宮1-8,24号棟,鉄筋コンクリート造,5,N,504号室,3LDK,77,5,91800,3200,2か月,['近居割'],随時,https://www.ur-net.go.jp/chintai/kanto/saitama/50_2160_room.html?JKSS=000240504,<li>JR高崎線「桶川」駅 徒歩5～9分</li><li>JR高崎線「北本」駅 徒歩60～65分</li><li>JR高崎線「北上尾」駅 徒歩28～34分</li>
saitama,ageo,パークタウン若宮,95000,,,,,,,桶川市若宮1-8,24号棟,鉄筋コンクリート造,5,N,504号室,3LDK,77,5,91800,3200,2か月,['近居割'],随時,https://www.ur-net.go.jp/chintai/kanto/saitama/50_2160_room.html?JKSS=000240504,<li>JR高崎線「桶川」駅 徒歩5～9分</li><li>JR高崎線「北本」駅 徒歩60～65分</li><li>JR高崎線「北上尾」駅 徒歩28～34分</li>
saitama,ageo,パークタウン若宮,95900,JR高崎線「桶川」駅,5.0,9.0,,,,桶川市若宮1-8,25号棟,鉄筋コンクリート造,4,N,402号室,3LDK,82,5,92700,3200,2か月,['近居割'],随時,https://www.ur-net.go.jp/chintai/kanto/saitama/50_2160_room.html?JKSS=000250402,<li>JR高崎線「桶川」駅 徒歩5～9分</li><li>JR高崎線「北本」駅 徒歩60～65分</li><li>JR高崎線「北上尾」駅 徒歩28～34分</li>
saitama,ageo,パークタウン若宮,95900,JR高崎線「北本」駅,60.0,65.0,,,,桶川市若宮1-8,25号棟,鉄筋コンクリート造,4,N,402号室,3LDK,82,5,92700,3200,2か月,['近居割'],随時,https://www.ur-net.go.jp/chintai/kanto/saitama/50_2160_room.html?JKSS=000250402,<li>JR高崎線「桶川」駅 徒歩5～9分</li><li>JR高崎線「北本」駅 徒歩60～65分</li><li>JR高崎線「北上尾」駅 徒歩28～34分</li>
saitama,ageo,パークタウン若宮,95900,JR高崎線「北上尾」駅,28.0,34.0,,,,桶川市若宮1-8,25号棟,鉄筋コンクリート造,4,N,402号室,3LDK,82,5,92700,3200,2か月,['近居割'],随時,https://www.ur-net.go.jp/chintai/kanto/saitama/50_2160_room.html?JKSS=000250402,<li>JR高崎線「桶川」駅 徒歩5～9分</li><li>JR高崎線「北本」駅 徒歩60～65分</li><li>JR高崎線「北上尾」駅 徒歩28～34分</li>
saitama,ageo,パークタウン若宮,95900,,,,,,,桶川市若宮1-8,25号棟,鉄筋コンクリート造,4,N,402号室,3LDK,82,5,92700,3200,2か月,['近居割'],随時,https://www.ur-net.go.jp/chintai/kanto/saitama/50_2160_room.html?JKSS=000250402,<li>JR高崎線「桶川」駅 徒歩5～9分</li><li>JR高崎線「北本」駅 徒歩60～65分</li><li>JR高崎線「北上尾」駅 徒歩28～34分</li>
saitama,ageo,パークタウン若宮,97600,JR高崎線「桶川」駅,5.0,9.0,,,,桶川市若宮1-8,22号棟,鉄筋コンクリート造,5,N,501号室,3LDK,87,5,94400,3200,2か月,['近居割'],随時,https://www.ur-net.go.jp/chintai/kanto/saitama/50_2160_room.html?JKSS=000220501,<li>JR高崎線「桶川」駅 徒歩5～9分</li><li>JR高崎線「北本」駅 徒歩60～65分</li><li>JR高崎線「北上尾」駅 徒歩28～34分</li>
saitama,ageo,パークタウン若宮,97600,JR高崎線「北本」駅,60.0,65.0,,,,桶川市若宮1-8,22号棟,鉄筋コンクリート造,5,N,501号室,3LDK,87,5,94400,3200,2か月,['近居割'],随時,https://www.ur-net.go.jp/chintai/kanto/saitama/50_2160_room.html?JKSS=000220501,<li>JR高崎線「桶川」駅 徒歩5～9分</li><li>JR高崎線「北本」駅 徒歩60～65分</li><li>JR高崎線「北上尾」駅 徒歩28～34分</li>
saitama,ageo,パークタウン若宮,97600,JR高崎線「北上尾」駅,28.0,34.0,,,,桶川市若宮1-8,22号棟,鉄筋コンクリート造,5,N,501号室,3LDK,87,5,94400,3200,2か月,['近居割'],随時,https://www.ur-net.go.jp/chintai/kanto/saitama/50_2160_room.html?JKSS=000220501,<li>JR高崎線「桶川」駅 徒歩5～9分</li><li>JR高崎線「北本」駅 徒歩60～65分</li><li>JR高崎線「北上尾」駅 徒歩28～34分</li>
saitama,ageo,パークタウン若宮,97600,,,,,,,桶川市若宮1-8,22号棟,鉄筋コンクリート造,5,N,501号室,3LDK,87,5,94400,3200,2か月,['近居割'],随時,https://www.ur-net.go.jp/chintai/kanto/saitama/50_2160_room.html?JKSS=000220501,<li>JR高崎線「桶川」駅 徒歩5～9分</li><li>JR高崎線「北本」駅 徒歩60～65分</li><li>JR高崎線「北上尾」駅 徒歩28～34分</li>
saitama,higashiomiya,原市,49700,ニューシャトル伊奈線「原市」駅,10.0,18.0,,,,上尾市大字原市3336,1-5号棟,鉄筋コンクリート造,1,N,106号室,2DK,41,5,46000,3700,2か月,['健康寿命サポート'],随時,https://www.ur-net.go.jp/chintai/kanto/saitama/50_1090_room.html?JKSS=000105106,<li>ニューシャトル伊奈線「原市」駅 徒歩10～18分</li><li>ニューシャトル伊奈線「沼南」駅 徒歩9～19分</li><li>JR東北本線「東大宮」駅バス7～11分 徒歩1～7分</li>
saitama,higashiomiya,原市,49700,ニューシャトル伊奈線「沼南」駅,9.0,19.0,,,,上尾市大字原市3336,1-5号棟,鉄筋コンクリート造,1,N,106号室,2DK,41,5,46000,3700,2か月,['健康寿命サポート'],随時,https://www.ur-net.go.jp/chintai/kanto/saitama/50_1090_room.html?JKSS=000105106,<li>ニューシャトル伊奈線「原市」駅 徒歩10～18分</li><li>ニューシャトル伊奈線「沼南」駅 徒歩9～19分</li><li>JR東北本線「東大宮」駅バス7～11分 徒歩1～7分</li>
saitama,higashiomiya,原市,49700,,,,JR東北本線「東大宮」駅,8.0,18.0,上尾市大字原市3336,1-5号棟,鉄筋コンクリート造,1,N,106号室,2DK,41,5,46000,3700,2か月,['健康寿命サポート'],随時,https://www.ur-net.go.jp/chintai/kanto/saitama/50_1090_room.html?JKSS=000105106,<li>ニューシャトル伊奈線「原市」駅 徒歩10～18分</li><li>ニューシャトル伊奈線「沼南」駅 徒歩9～19分</li><li>JR東北本線「東大宮」駅バス7～11分 徒歩1～7分</li>
saitama,higashiomiya,原市,49700,,,,,,,上尾市大字原市3336,1-5号棟,鉄筋コンクリート造,1,N,106号室,2DK,41,5,46000,3700,2か月,['健康寿命サポート'],随時,https://www.ur-net.go.jp/chintai/kanto/saitama/50_1090_room.html?JKSS=000105106,<li>ニューシャトル伊奈線「原市」駅 徒歩10～18分</li><li>ニューシャトル伊奈線「沼南」駅 徒歩9～19分</li><li>JR東北本線「東大宮」駅バス7～11分 徒歩1～7分</li>
saitama,ageo,西上尾第一,3890055600,,,,JR高崎線「上尾」駅,6.0,15.0,上尾市小敷谷845-1,1-22号棟,鉄筋コンクリート造,2,N,201号室,3K,45,5,3890052200,3400,2か月,['高齢者向け優良賃貸住宅'],随時,https://www.ur-net.go.jp/chintai/kanto/saitama/50_1230_room.html?JKSS=000122201,<li>JR高崎線「上尾」駅バス5～10分 徒歩1～5分</li><li>JR高崎線「北上尾」駅 徒歩36～54分</li><li>JR京浜東北・根岸線「大宮」駅バス27分 徒歩3～15分</li>
saitama,ageo,西上尾第一,3890055600,JR高崎線「北上尾」駅,36.0,54.0,,,,上尾市小敷谷845-1,1-22号棟,鉄筋コンクリート造,2,N,201号室,3K,45,5,3890052200,3400,2か月,['高齢者向け優良賃貸住宅'],随時,https://www.ur-net.go.jp/chintai/kanto/saitama/50_1230_room.html?JKSS=000122201,<li>JR高崎線「上尾」駅バス5～10分 徒歩1～5分</li><li>JR高崎線「北上尾」駅 徒歩36～54分</li><li>JR京浜東北・根岸線「大宮」駅バス27分 徒歩3～15分</li>
saitama,ageo,西上尾第一,3890055600,,,,JR京浜東北・根岸線「大宮」駅,30.0,42.0,上尾市小敷谷845-1,1-22号棟,鉄筋コンクリート造,2,N,201号室,3K,45,5,3890052200,3400,2か月,['高齢者向け優良賃貸住宅'],随時,https://www.ur-net.go.jp/chintai/kanto/saitama/50_1230_room.html?JKSS=000122201,<li>JR高崎線「上尾」駅バス5～10分 徒歩1～5分</li><li>JR高崎線「北上尾」駅 徒歩36～54分</li><li>JR京浜東北・根岸線「大宮」駅バス27分 徒歩3～15分</li>
saitama,ageo,西上尾第一,3890055600,,,,,,,上尾市小敷谷845-1,1-22号棟,鉄筋コンクリート造,2,N,201号室,3K,45,5,3890052200,3400,2か月,['高齢者向け優良賃貸住宅'],随時,https://www.ur-net.go.jp/chintai/kanto/saitama/50_1230_room.html?JKSS=000122201,<li>JR高崎線「上尾」駅バス5～10分 徒歩1～5分</li><li>JR高崎線「北上尾」駅 徒歩36～54分</li><li>JR京浜東北・根岸線「大宮」駅バス27分 徒歩3～15分</li>
saitama,ageo,西上尾第一,59000,,,,JR高崎線「上尾」駅,6.0,15.0,上尾市小敷谷845-1,1-9号棟,鉄筋コンクリート造,3,N,308号室,2LDK,52,5,55600,3400,2か月,"['近居割', '近居割WIDE']",随時,https://www.ur-net.go.jp/chintai/kanto/saitama/50_1230_room.html?JKSS=000109308,<li>JR高崎線「上尾」駅バス5～10分 徒歩1～5分</li><li>JR高崎線「北上尾」駅 徒歩36～54分</li><li>JR京浜東北・根岸線「大宮」駅バス27分 徒歩3～15分</li>
saitama,ageo,西上尾第一,59000,JR高崎線「北上尾」駅,36.0,54.0,,,,上尾市小敷谷845-1,1-9号棟,鉄筋コンクリート造,3,N,308号室,2LDK,52,5,55600,3400,2か月,"['近居割', '近居割WIDE']",随時,https://www.ur-net.go.jp/chintai/kanto/saitama/50_1230_room.html?JKSS=000109308,<li>JR高崎線「上尾」駅バス5～10分 徒歩1～5分</li><li>JR高崎線「北上尾」駅 徒歩36～54分</li><li>JR京浜東北・根岸線「大宮」駅バス27分 徒歩3～15分</li>
saitama,ageo,西上尾第一,59000,,,,JR京浜東北・根岸線「大宮」駅,30.0,42.0,上尾市小敷谷845-1,1-9号棟,鉄筋コンクリート造,3,N,308号室,2LDK,52,5,55600,3400,2か月,"['近居割', '近居割WIDE']",随時,https://www.ur-net.go.jp/chintai/kanto/saitama/50_1230_room.html?JKSS=000109308,<li>JR高崎線「上尾」駅バス5～10分 徒歩1～5分</li><li>JR高崎線「北上尾」駅 徒歩36～54分</li><li>JR京浜東北・根岸線「大宮」駅バス27分 徒歩3～15分</li>
saitama,ageo,西上尾第一,59000,,,,,,,上尾市小敷谷845-1,1-9号棟,鉄筋コンクリート造,3,N,308号室,2LDK,52,5,55600,3400,2か月,"['近居割', '近居割WIDE']",随時,https://www.ur-net.go.jp/chintai/kanto/saitama/50_1230_room.html?JKSS=000109308,<li>JR高崎線「上尾」駅バス5～10分 徒歩1～5分</li><li>JR高崎線「北上尾」駅 徒歩36～54分</li><li>JR京浜東北・根岸線「大宮」駅バス27分 徒歩3～15分</li>
saitama,ageo,北本,47900,,,,JR高崎線「北本」駅,5.0,17.0,北本市栄7,3-7号棟,鉄筋コンクリート造,5,N,501号室,3K,52,5,44100,3800,2か月,"['近居割', '近居割WIDE']",随時,https://www.ur-net.go.jp/chintai/kanto/saitama/50_1400_room.html?JKSS=000307501,<li>JR高崎線「北本」駅バス4～12分 徒歩1～5分</li><li>JR高崎線「桶川」駅 徒歩30～57分</li><li>JR高崎線「鴻巣」駅 徒歩45～79分</li>
saitama,ageo,北本,47900,JR高崎線「桶川」駅,30.0,57.0,,,,北本市栄7,3-7号棟,鉄筋コンクリート造,5,N,501号室,3K,52,5,44100,3800,2か月,"['近居割', '近居割WIDE']",随時,https://www.ur-net.go.jp/chintai/kanto/saitama/50_1400_room.html?JKSS=000307501,<li>JR高崎線「北本」駅バス4～12分 徒歩1～5分</li><li>JR高崎線「桶川」駅 徒歩30～57分</li><li>JR高崎線「鴻巣」駅 徒歩45～79分</li>
saitama,ageo,北本,47900,JR高崎線「鴻巣」駅,45.0,79.0,,,,北本市栄7,3-7号棟,鉄筋コンクリート造,5,N,501号室,3K,52,5,44100,3800,2か月,"['近居割', '近居割WIDE']",随時,https://www.ur-net.go.jp/chintai/kanto/saitama/50_1400_room.html?JKSS=000307501,<li>JR高崎線「北本」駅バス4～12分 徒歩1～5分</li><li>JR高崎線「桶川」駅 徒歩30～57分</li><li>JR高崎線「鴻巣」駅 徒歩45～79分</li>
saitama,ageo,北本,47900,,,,,,,北本市栄7,3-7号棟,鉄筋コンクリート造,5,N,501号室,3K,52,5,44100,3800,2か月,"['近居割', '近居割WIDE']",随時,https://www.ur-net.go.jp/chintai/kanto/saitama/50_1400_room.html?JKSS=000307501,<li>JR高崎線「北本」駅バス4～12分 徒歩1～5分</li><li>JR高崎線「桶川」駅 徒歩30～57分</li><li>JR高崎線「鴻巣」駅 徒歩45～79分</li>
saitama,ageo,北本,48100,,,,JR高崎線「北本」駅,5.0,17.0,北本市栄7,1-17号棟,鉄筋コンクリート造,5,N,501号室,3K,52,5,44300,3800,2か月,"['近居割', '近居割WIDE']",随時,https://www.ur-net.go.jp/chintai/kanto/saitama/50_1400_room.html?JKSS=000117501,<li>JR高崎線「北本」駅バス4～12分 徒歩1～5分</li><li>JR高崎線「桶川」駅 徒歩30～57分</li><li>JR高崎線「鴻巣」駅 徒歩45～79分</li>
saitama,ageo,北本,48100,JR高崎線「桶川」駅,30.0,57.0,,,,北本市栄7,1-17号棟,鉄筋コンクリート造,5,N,501号室,3K,52,5,44300,3800,2か月,"['近居割', '近居割WIDE']",随時,https://www.ur-net.go.jp/chintai/kanto/saitama/50_1400_room.html?JKSS=000117501,<li>JR高崎線「北本」駅バス4～12分 徒歩1～5分</li><li>JR高崎線「桶川」駅 徒歩30～57分</li><li>JR高崎線「鴻巣」駅 徒歩45～79分</li>
saitama,ageo,北本,48100,JR高崎線「鴻巣」駅,45.0,79.0,,,,北本市栄7,1-17号棟,鉄筋コンクリート造,5,N,501号室,3K,52,5,44300,3800,2か月,"['近居割', '近居割WIDE']",随時,https://www.ur-net.go.jp/chintai/kanto/saitama/50_1400_room.html?JKSS=000117501,<li>JR高崎線「北本」駅バス4～12分 徒歩1～5分</li><li>JR高崎線「桶川」駅 徒歩30～57分</li><li>JR高崎線「鴻巣」駅 徒歩45～79分</li>
saitama,ageo,北本,48100,,,,,,,北本市栄7,1-17号棟,鉄筋コンクリート造,5,N,501号室,3K,52,5,44300,3800,2か月,"['近居割', '近居割WIDE']",随時,https://www.ur-net.go.jp/chintai/kanto/saitama/50_1400_room.html?JKSS=000117501,<li>JR高崎線「北本」駅バス4～12分 徒歩1～5分</li><li>JR高崎線「桶川」駅 徒歩30～57分</li><li>JR高崎線「鴻巣」駅 徒歩45～79分</li>
saitama,ageo,北本,49700,,,,JR高崎線「北本」駅,5.0,17.0,北本市栄7,3-17号棟,鉄筋コンクリート造,3,N,305号室,3K,50,5,45900,3800,2か月,"['近居割', '近居割WIDE']",随時,https://www.ur-net.go.jp/chintai/kanto/saitama/50_1400_room.html?JKSS=000317305,<li>JR高崎線「北本」駅バス4～12分 徒歩1～5分</li><li>JR高崎線「桶川」駅 徒歩30～57分</li><li>JR高崎線「鴻巣」駅 徒歩45～79分</li>
saitama,ageo,北本,49700,JR高崎線「桶川」駅,30.0,57.0,,,,北本市栄7,3-17号棟,鉄筋コンクリート造,3,N,305号室,3K,50,5,45900,3800,2か月,"['近居割', '近居割WIDE']",随時,https://www.ur-net.go.jp/chintai/kanto/saitama/50_1400_room.html?JKSS=000317305,<li>JR高崎線「北本」駅バス4～12分 徒歩1～5分</li><li>JR高崎線「桶川」駅 徒歩30～57分</li><li>JR高崎線「鴻巣」駅 徒歩45～79分</li>
saitama,ageo,北本,49700,JR高崎線「鴻巣」駅,45.0,79.0,,,,北本市栄7,3-17号棟,鉄筋コンクリート造,3,N,305号室,3K,50,5,45900,3800,2か月,"['近居割', '近居割WIDE']",随時,https://www.ur-net.go.jp/chintai/kanto/saitama/50_1400_room.html?JKSS=000317305,<li>JR高崎線「北本」駅バス4～12分 徒歩1～5分</li><li>JR高崎線「桶川」駅 徒歩30～57分</li><li>JR高崎線「鴻巣」駅 徒歩45～79分</li>
saitama,ageo,北本,49700,,,,,,,北本市栄7,3-17号棟,鉄筋コンクリート造,3,N,305号室,3K,50,5,45900,3800,2か月,"['近居割', '近居割WIDE']",随時,https://www.ur-net.go.jp/chintai/kanto/saitama/50_1400_room.html?JKSS=000317305,<li>JR高崎線「北本」駅バス4～12分 徒歩1～5分</li><li>JR高崎線「桶川」駅 徒歩30～57分</li><li>JR高崎線「鴻巣」駅 徒歩45～79分</li>
saitama,ageo,北本,49800,,,,JR高崎線「北本」駅,5.0,17.0,北本市栄7,1-14号棟,鉄筋コンクリート造,4,N,403号室,3K,52,5,46000,3800,2か月,"['近居割', '近居割WIDE']",随時,https://www.ur-net.go.jp/chintai/kanto/saitama/50_1400_room.html?JKSS=000114403,<li>JR高崎線「北本」駅バス4～12分 徒歩1～5分</li><li>JR高崎線「桶川」駅 徒歩30～57分</li><li>JR高崎線「鴻巣」駅 徒歩45～79分</li>
saitama,ageo,北本,49800,JR高崎線「桶川」駅,30.0,57.0,,,,北本市栄7,1-14号棟,鉄筋コンクリート造,4,N,403号室,3K,52,5,46000,3800,2か月,"['近居割', '近居割WIDE']",随時,https://www.ur-net.go.jp/chintai/kanto/saitama/50_1400_room.html?JKSS=000114403,<li>JR高崎線「北本」駅バス4～12分 徒歩1～5分</li><li>JR高崎線「桶川」駅 徒歩30～57分</li><li>JR高崎線「鴻巣」駅 徒歩45～79分</li>
saitama,ageo,北本,49800,JR高崎線「鴻巣」駅,45.0,79.0,,,,北本市栄7,1-14号棟,鉄筋コンクリート造,4,N,403号室,3K,52,5,46000,3800,2か月,"['近居割', '近居割WIDE']",随時,https://www.ur-net.go.jp/chintai/kanto/saitama/50_1400_room.html?JKSS=000114403,<li>JR高崎線「北本」駅バス4～12分 徒歩1～5分</li><li>JR高崎線「桶川」駅 徒歩30～57分</li><li>JR高崎線「鴻巣」駅 徒歩45～79分</li>
saitama,ageo,北本,49800,,,,,,,北本市栄7,1-14号棟,鉄筋コンクリート造,4,N,403号室,3K,52,5,46000,3800,2か月,"['近居割', '近居割WIDE']",随時,https://www.ur-net.go.jp/chintai/kanto/saitama/50_1400_room.html?JKSS=000114403,<li>JR高崎線「北本」駅バス4～12分 徒歩1～5分</li><li>JR高崎線「桶川」駅 徒歩30～57分</li><li>JR高崎線「鴻巣」駅 徒歩45～79分</li>
saitama,ageo,北本,49800,,,,JR高崎線「北本」駅,5.0,17.0,北本市栄7,1-17号棟,鉄筋コンクリート造,4,N,404号室,3K,52,5,46000,3800,2か月,"['近居割', '近居割WIDE']",随時,https://www.ur-net.go.jp/chintai/kanto/saitama/50_1400_room.html?JKSS=000117404,<li>JR高崎線「北本」駅バス4～12分 徒歩1～5分</li><li>JR高崎線「桶川」駅 徒歩30～57分</li><li>JR高崎線「鴻巣」駅 徒歩45～79分</li>
saitama,ageo,北本,49800,JR高崎線「桶川」駅,30.0,57.0,,,,北本市栄7,1-17号棟,鉄筋コンクリート造,4,N,404号室,3K,52,5,46000,3800,2か月,"['近居割', '近居割WIDE']",随時,https://www.ur-net.go.jp/chintai/kanto/saitama/50_1400_room.html?JKSS=000117404,<li>JR高崎線「北本」駅バス4～12分 徒歩1～5分</li><li>JR高崎線「桶川」駅 徒歩30～57分</li><li>JR高崎線「鴻巣」駅 徒歩45～79分</li>
saitama,ageo,北本,49800,JR高崎線「鴻巣」駅,45.0,79.0,,,,北本市栄7,1-17号棟,鉄筋コンクリート造,4,N,404号室,3K,52,5,46000,3800,2か月,"['近居割', '近居割WIDE']",随時,https://www.ur-net.go.jp/chintai/kanto/saitama/50_1400_room.html?JKSS=000117404,<li>JR高崎線「北本」駅バス4～12分 徒歩1～5分</li><li>JR高崎線「桶川」駅 徒歩30～57分</li><li>JR高崎線「鴻巣」駅 徒歩45～79分</li>
saitama,ageo,北本,49800,,,,,,,北本市栄7,1-17号棟,鉄筋コンクリート造,4,N,404号室,3K,52,5,46000,3800,2か月,"['近居割', '近居割WIDE']",随時,https://www.ur-net.go.jp/chintai/kanto/saitama/50_1400_room.html?JKSS=000117404,<li>JR高崎線「北本」駅バス4～12分 徒歩1～5分</li><li>JR高崎線「桶川」駅 徒歩30～57分</li><li>JR高崎線「鴻巣」駅 徒歩45～79分</li>
saitama,tokorozawa,所沢パークタウン並木通り,74300,,,,西武新宿線「航空公園」駅,10.0,12.0,所沢市並木8-1,5号棟,鉄骨鉄筋コンクリート造,11,N,1111号室,2DK,48,11,69800,4500,2か月,"['近居割', '近居割WIDE']",随時,https://www.ur-net.go.jp/chintai/kanto/saitama/50_1980_room.html?JKSS=000051111,<li>西武新宿線「航空公園」駅バス8分 徒歩2～4分</li><li>西武新宿線「所沢」駅バス10分 徒歩3～5分</li><li>西武新宿線「新所沢」駅 徒歩36～38分</li>
saitama,tokorozawa,所沢パークタウン並木通り,74300,,,,西武新宿線「所沢」駅,13.0,15.0,所沢市並木8-1,5号棟,鉄骨鉄筋コンクリート造,11,N,1111号室,2DK,48,11,69800,4500,2か月,"['近居割', '近居割WIDE']",随時,https://www.ur-net.go.jp/chintai/kanto/saitama/50_1980_room.html?JKSS=000051111,<li>西武新宿線「航空公園」駅バス8分 徒歩2～4分</li><li>西武新宿線「所沢」駅バス10分 徒歩3～5分</li><li>西武新宿線「新所沢」駅 徒歩36～38分</li>
saitama,tokorozawa,所沢パークタウン並木通り,74300,西武新宿線「新所沢」駅,36.0,38.0,,,,所沢市並木8-1,5号棟,鉄骨鉄筋コンクリート造,11,N,1111号室,2DK,48,11,69800,4500,2か月,"['近居割', '近居割WIDE']",随時,https://www.ur-net.go.jp/chintai/kanto/saitama/50_1980_room.html?JKSS=000051111,<li>西武新宿線「航空公園」駅バス8分 徒歩2～4分</li><li>西武新宿線「所沢」駅バス10分 徒歩3～5分</li><li>西武新宿線「新所沢」駅 徒歩36～38分</li>
saitama,tokorozawa,所沢パークタウン並木通り,74300,,,,,,,所沢市並木8-1,5号棟,鉄骨鉄筋コンクリート造,11,N,1111号室,2DK,48,11,69800,4500,2か月,"['近居割', '近居割WIDE']",随時,https://www.ur-net.go.jp/chintai/kanto/saitama/50_1980_room.html?JKSS=000051111,<li>西武新宿線「航空公園」駅バス8分 徒歩2～4分</li><li>西武新宿線「所沢」駅バス10分 徒歩3～5分</li><li>西武新宿線「新所沢」駅 徒歩36～38分</li>
saitama,tokorozawa,所沢パークタウン並木通り,74400,,,,西武新宿線「航空公園」駅,10.0,12.0,所沢市並木8-1,2号棟,鉄骨鉄筋コンクリート造,8,N,811号室,2DK,48,14,69900,4500,2か月,"['近居割', '近居割WIDE']",随時,https://www.ur-net.go.jp/chintai/kanto/saitama/50_1980_room.html?JKSS=000020811,<li>西武新宿線「航空公園」駅バス8分 徒歩2～4分</li><li>西武新宿線「所沢」駅バス10分 徒歩3～5分</li><li>西武新宿線「新所沢」駅 徒歩36～38分</li>
saitama,tokorozawa,所沢パークタウン並木通り,74400,,,,西武新宿線「所沢」駅,13.0,15.0,所沢市並木8-1,2号棟,鉄骨鉄筋コンクリート造,8,N,811号室,2DK,48,14,69900,4500,2か月,"['近居割', '近居割WIDE']",随時,https://www.ur-net.go.jp/chintai/kanto/saitama/50_1980_room.html?JKSS=000020811,<li>西武新宿線「航空公園」駅バス8分 徒歩2～4分</li><li>西武新宿線「所沢」駅バス10分 徒歩3～5分</li><li>西武新宿線「新所沢」駅 徒歩36～38分</li>
saitama,tokorozawa,所沢パークタウン並木通り,74400,西武新宿線「新所沢」駅,36.0,38.0,,,,所沢市並木8-1,2号棟,鉄骨鉄筋コンクリート造,8,N,811号室,2DK,48,14,69900,4500,2か月,"['近居割', '近居割WIDE']",随時,https://www.ur-net.go.jp/chintai/kanto/saitama/50_1980_room.html?JKSS=000020811,<li>西武新宿線「航空公園」駅バス8分 徒歩2～4分</li><li>西武新宿線「所沢」駅バス10分 徒歩3～5分</li><li>西武新宿線「新所沢」駅 徒歩36～38分</li>
saitama,tokorozawa,所沢パークタウン並木通り,74400,,,,,,,所沢市並木8-1,2号棟,鉄骨鉄筋コンクリート造,8,N,811号室,2DK,48,14,69900,4500,2か月,"['近居割', '近居割WIDE']",随時,https://www.ur-net.go.jp/chintai/kanto/saitama/50_1980_room.html?JKSS=000020811,<li>西武新宿線「航空公園」駅バス8分 徒歩2～4分</li><li>西武新宿線「所沢」駅バス10分 徒歩3～5分</li><li>西武新宿線「新所沢」駅 徒歩36～38分</li>
saitama,tokorozawa,所沢パークタウン並木通り,75700,,,,西武新宿線「航空公園」駅,10.0,12.0,所沢市並木8-1,1号棟,鉄骨鉄筋コンクリート造,2,N,201号室,2DK,49,14,71200,4500,2か月,"['近居割', '近居割WIDE']",随時,https://www.ur-net.go.jp/chintai/kanto/saitama/50_1980_room.html?JKSS=000010201,<li>西武新宿線「航空公園」駅バス8分 徒歩2～4分</li><li>西武新宿線「所沢」駅バス10分 徒歩3～5分</li><li>西武新宿線「新所沢」駅 徒歩36～38分</li>
saitama,tokorozawa,所沢パークタウン並木通り,75700,,,,西武新宿線「所沢」駅,13.0,15.0,所沢市並木8-1,1号棟,鉄骨鉄筋コンクリート造,2,N,201号室,2DK,49,14,71200,4500,2か月,"['近居割', '近居割WIDE']",随時,https://www.ur-net.go.jp/chintai/kanto/saitama/50_1980_room.html?JKSS=000010201,<li>西武新宿線「航空公園」駅バス8分 徒歩2～4分</li><li>西武新宿線「所沢」駅バス10分 徒歩3～5分</li><li>西武新宿線「新所沢」駅 徒歩36～38分</li>
saitama,tokorozawa,所沢パークタウン並木通り,75700,西武新宿線「新所沢」駅,36.0,38.0,,,,所沢市並木8-1,1号棟,鉄骨鉄筋コンクリート造,2,N,201号室,2DK,49,14,71200,4500,2か月,"['近居割', '近居割WIDE']",随時,https://www.ur-net.go.jp/chintai/kanto/saitama/50_1980_room.html?JKSS=000010201,<li>西武新宿線「航空公園」駅バス8分 徒歩2～4分</li><li>西武新宿線「所沢」駅バス10分 徒歩3～5分</li><li>西武新宿線「新所沢」駅 徒歩36～38分</li>
saitama,tokorozawa,所沢パークタウン並木通り,75700,,,,,,,所沢市並木8-1,1号棟,鉄骨鉄筋コンクリート造,2,N,201号室,2DK,49,14,71200,4500,2か月,"['近居割', '近居割WIDE']",随時,https://www.ur-net.go.jp/chintai/kanto/saitama/50_1980_room.html?JKSS=000010201,<li>西武新宿線「航空公園」駅バス8分 徒歩2～4分</li><li>西武新宿線「所沢」駅バス10分 徒歩3～5分</li><li>西武新宿線「新所沢」駅 徒歩36～38分</li>
saitama,tokorozawa,所沢パークタウン駅前通り,80200,西武新宿線「航空公園」駅,4.0,9.0,,,,所沢市並木3-1,12号棟,鉄筋コンクリート造、鉄骨鉄筋コンクリート造,7,N,715号室,2DK,51,10,77000,3200,2か月,"['近居割', '近居割WIDE']",随時,https://www.ur-net.go.jp/chintai/kanto/saitama/50_1910_room.html?JKSS=000120715,<li>西武新宿線「航空公園」駅 徒歩4～9分</li><li>西武新宿線「新所沢」駅 徒歩20～25分</li><li>西武池袋線「所沢」駅 徒歩22～25分</li>
saitama,tokorozawa,所沢パークタウン駅前通り,80200,西武新宿線「新所沢」駅,20.0,25.0,,,,所沢市並木3-1,12号棟,鉄筋コンクリート造、鉄骨鉄筋コンクリート造,7,N,715号室,2DK,51,10,77000,3200,2か月,"['近居割', '近居割WIDE']",随時,https://www.ur-net.go.jp/chintai/kanto/saitama/50_1910_room.html?JKSS=000120715,<li>西武新宿線「航空公園」駅 徒歩4～9分</li><li>西武新宿線「新所沢」駅 徒歩20～25分</li><li>西武池袋線「所沢」駅 徒歩22～25分</li>
saitama,tokorozawa,所沢パークタウン駅前通り,80200,西武池袋線「所沢」駅,22.0,25.0,,,,所沢市並木3-1,12号棟,鉄筋コンクリート造、鉄骨鉄筋コンクリート造,7,N,715号室,2DK,51,10,77000,3200,2か月,"['近居割', '近居割WIDE']",随時,https://www.ur-net.go.jp/chintai/kanto/saitama/50_1910_room.html?JKSS=000120715,<li>西武新宿線「航空公園」駅 徒歩4～9分</li><li>西武新宿線「新所沢」駅 徒歩20～25分</li><li>西武池袋線「所沢」駅 徒歩22～25分</li>
saitama,tokorozawa,所沢パークタウン駅前通り,80200,,,,,,,所沢市並木3-1,12号棟,鉄筋コンクリート造、鉄骨鉄筋コンクリート造,7,N,715号室,2DK,51,10,77000,3200,2か月,"['近居割', '近居割WIDE']",随時,https://www.ur-net.go.jp/chintai/kanto/saitama/50_1910_room.html?JKSS=000120715,<li>西武新宿線「航空公園」駅 徒歩4～9分</li><li>西武新宿線「新所沢」駅 徒歩20～25分</li><li>西武池袋線「所沢」駅 徒歩22～25分</li>
saitama,tokorozawa,所沢パークタウン駅前通り,83000,西武新宿線「航空公園」駅,4.0,9.0,,,,所沢市並木3-1,11号棟,鉄筋コンクリート造、鉄骨鉄筋コンクリート造,8,N,813号室,2DK,51,10,79800,3200,2か月,"['近居割', '近居割WIDE']",随時,https://www.ur-net.go.jp/chintai/kanto/saitama/50_1910_room.html?JKSS=000110813,<li>西武新宿線「航空公園」駅 徒歩4～9分</li><li>西武新宿線「新所沢」駅 徒歩20～25分</li><li>西武池袋線「所沢」駅 徒歩22～25分</li>
saitama,tokorozawa,所沢パークタウン駅前通り,83000,西武新宿線「新所沢」駅,20.0,25.0,,,,所沢市並木3-1,11号棟,鉄筋コンクリート造、鉄骨鉄筋コンクリート造,8,N,813号室,2DK,51,10,79800,3200,2か月,"['近居割', '近居割WIDE']",随時,https://www.ur-net.go.jp/chintai/kanto/saitama/50_1910_room.html?JKSS=000110813,<li>西武新宿線「航空公園」駅 徒歩4～9分</li><li>西武新宿線「新所沢」駅 徒歩20～25分</li><li>西武池袋線「所沢」駅 徒歩22～25分</li>
saitama,tokorozawa,所沢パークタウン駅前通り,83000,西武池袋線「所沢」駅,22.0,25.0,,,,所沢市並木3-1,11号棟,鉄筋コンクリート造、鉄骨鉄筋コンクリート造,8,N,813号室,2DK,51,10,79800,3200,2か月,"['近居割', '近居割WIDE']",随時,https://www.ur-net.go.jp/chintai/kanto/saitama/50_1910_room.html?JKSS=000110813,<li>西武新宿線「航空公園」駅 徒歩4～9分</li><li>西武新宿線「新所沢」駅 徒歩20～25分</li><li>西武池袋線「所沢」駅 徒歩22～25分</li>
saitama,tokorozawa,所沢パークタウン駅前通り,83000,,,,,,,所沢市並木3-1,11号棟,鉄筋コンクリート造、鉄骨鉄筋コンクリート造,8,N,813号室,2DK,51,10,79800,3200,2か月,"['近居割', '近居割WIDE']",随時,https://www.ur-net.go.jp/chintai/kanto/saitama/50_1910_room.html?JKSS=000110813,<li>西武新宿線「航空公園」駅 徒歩4～9分</li><li>西武新宿線「新所沢」駅 徒歩20～25分</li><li>西武池袋線「所沢」駅 徒歩22～25分</li>
saitama,tokorozawa,所沢パークタウン駅前通り,83400,西武新宿線「航空公園」駅,4.0,9.0,,,,所沢市並木3-1,7号棟,鉄筋コンクリート造、鉄骨鉄筋コンクリート造,4,N,404号室,2LDK,58,5,80200,3200,2か月,"['近居割', '近居割WIDE']",随時,https://www.ur-net.go.jp/chintai/kanto/saitama/50_1910_room.html?JKSS=000070404,<li>西武新宿線「航空公園」駅 徒歩4～9分</li><li>西武新宿線「新所沢」駅 徒歩20～25分</li><li>西武池袋線「所沢」駅 徒歩22～25分</li>
saitama,tokorozawa,所沢パークタウン駅前通り,83400,西武新宿線「新所沢」駅,20.0,25.0,,,,所沢市並木3-1,7号棟,鉄筋コンクリート造、鉄骨鉄筋コンクリート造,4,N,404号室,2LDK,58,5,80200,3200,2か月,"['近居割', '近居割WIDE']",随時,https://www.ur-net.go.jp/chintai/kanto/saitama/50_1910_room.html?JKSS=000070404,<li>西武新宿線「航空公園」駅 徒歩4～9分</li><li>西武新宿線「新所沢」駅 徒歩20～25分</li><li>西武池袋線「所沢」駅 徒歩22～25分</li>
saitama,tokorozawa,所沢パークタウン駅前通り,83400,西武池袋線「所沢」駅,22.0,25.0,,,,所沢市並木3-1,7号棟,鉄筋コンクリート造、鉄骨鉄筋コンクリート造,4,N,404号室,2LDK,58,5,80200,3200,2か月,"['近居割', '近居割WIDE']",随時,https://www.ur-net.go.jp/chintai/kanto/saitama/50_1910_room.html?JKSS=000070404,<li>西武新宿線「航空公園」駅 徒歩4～9分</li><li>西武新宿線「新所沢」駅 徒歩20～25分</li><li>西武池袋線「所沢」駅 徒歩22～25分</li>
saitama,tokorozawa,所沢パークタウン駅前通り,83400,,,,,,,所沢市並木3-1,7号棟,鉄筋コンクリート造、鉄骨鉄筋コンクリート造,4,N,404号室,2LDK,58,5,80200,3200,2か月,"['近居割', '近居割WIDE']",随時,https://www.ur-net.go.jp/chintai/kanto/saitama/50_1910_room.html?JKSS=000070404,<li>西武新宿線「航空公園」駅 徒歩4～9分</li><li>西武新宿線「新所沢」駅 徒歩20～25分</li><li>西武池袋線「所沢」駅 徒歩22～25分</li>
saitama,tokorozawa,所沢パークタウン駅前通り,94300,西武新宿線「航空公園」駅,4.0,9.0,,,,所沢市並木3-1,11号棟,鉄筋コンクリート造、鉄骨鉄筋コンクリート造,7,N,708号室,3DK,63,10,91100,3200,2か月,"['近居割', '近居割WIDE']",随時,https://www.ur-net.go.jp/chintai/kanto/saitama/50_1910_room.html?JKSS=000110708,<li>西武新宿線「航空公園」駅 徒歩4～9分</li><li>西武新宿線「新所沢」駅 徒歩20～25分</li><li>西武池袋線「所沢」駅 徒歩22～25分</li>
saitama,tokorozawa,所沢パークタウン駅前通り,94300,西武新宿線「新所沢」駅,20.0,25.0,,,,所沢市並木3-1,11号棟,鉄筋コンクリート造、鉄骨鉄筋コンクリート造,7,N,708号室,3DK,63,10,91100,3200,2か月,"['近居割', '近居割WIDE']",随時,https://www.ur-net.go.jp/chintai/kanto/saitama/50_1910_room.html?JKSS=000110708,<li>西武新宿線「航空公園」駅 徒歩4～9分</li><li>西武新宿線「新所沢」駅 徒歩20～25分</li><li>西武池袋線「所沢」駅 徒歩22～25分</li>
saitama,tokorozawa,所沢パークタウン駅前通り,94300,西武池袋線「所沢」駅,22.0,25.0,,,,所沢市並木3-1,11号棟,鉄筋コンクリート造、鉄骨鉄筋コンクリート造,7,N,708号室,3DK,63,10,91100,3200,2か月,"['近居割', '近居割WIDE']",随時,https://www.ur-net.go.jp/chintai/kanto/saitama/50_1910_room.html?JKSS=000110708,<li>西武新宿線「航空公園」駅 徒歩4～9分</li><li>西武新宿線「新所沢」駅 徒歩20～25分</li><li>西武池袋線「所沢」駅 徒歩22～25分</li>
saitama,tokorozawa,所沢パークタウン駅前通り,94300,,,,,,,所沢市並木3-1,11号棟,鉄筋コンクリート造、鉄骨鉄筋コンクリート造,7,N,708号室,3DK,63,10,91100,3200,2か月,"['近居割', '近居割WIDE']",随時,https://www.ur-net.go.jp/chintai/kanto/saitama/50_1910_room.html?JKSS=000110708,<li>西武新宿線「航空公園」駅 徒歩4～9分</li><li>西武新宿線「新所沢」駅 徒歩20～25分</li><li>西武池袋線「所沢」駅 徒歩22～25分</li>
saitama,tokorozawa,所沢パークタウン公園通り,95200,西武新宿線「航空公園」駅,7.0,8.0,,,,所沢市並木2-3,5号棟,鉄筋コンクリート造、鉄骨鉄筋コンクリート造,3,N,302号室,2LDK,50,5,90900,4300,2か月,"['近居割', '近居割WIDE']",随時,https://www.ur-net.go.jp/chintai/kanto/saitama/50_1970_room.html?JKSS=000050302,<li>西武新宿線「航空公園」駅 徒歩7～8分</li><li>西武新宿線「新所沢」駅 徒歩14～15分</li><li>西武池袋線「所沢」駅 徒歩27～28分</li>
saitama,tokorozawa,所沢パークタウン公園通り,95200,西武新宿線「新所沢」駅,14.0,15.0,,,,所沢市並木2-3,5号棟,鉄筋コンクリート造、鉄骨鉄筋コンクリート造,3,N,302号室,2LDK,50,5,90900,4300,2か月,"['近居割', '近居割WIDE']",随時,https://www.ur-net.go.jp/chintai/kanto/saitama/50_1970_room.html?JKSS=000050302,<li>西武新宿線「航空公園」駅 徒歩7～8分</li><li>西武新宿線「新所沢」駅 徒歩14～15分</li><li>西武池袋線「所沢」駅 徒歩27～28分</li>
saitama,tokorozawa,所沢パークタウン公園通り,95200,西武池袋線「所沢」駅,27.0,28.0,,,,所沢市並木2-3,5号棟,鉄筋コンクリート造、鉄骨鉄筋コンクリート造,3,N,302号室,2LDK,50,5,90900,4300,2か月,"['近居割', '近居割WIDE']",随時,https://www.ur-net.go.jp/chintai/kanto/saitama/50_1970_room.html?JKSS=000050302,<li>西武新宿線「航空公園」駅 徒歩7～8分</li><li>西武新宿線「新所沢」駅 徒歩14～15分</li><li>西武池袋線「所沢」駅 徒歩27～28分</li>
saitama,tokorozawa,所沢パークタウン公園通り,95200,,,,,,,所沢市並木2-3,5号棟,鉄筋コンクリート造、鉄骨鉄筋コンクリート造,3,N,302号室,2LDK,50,5,90900,4300,2か月,"['近居割', '近居割WIDE']",随時,https://www.ur-net.go.jp/chintai/kanto/saitama/50_1970_room.html?JKSS=000050302,<li>西武新宿線「航空公園」駅 徒歩7～8分</li><li>西武新宿線「新所沢」駅 徒歩14～15分</li><li>西武池袋線「所沢」駅 徒歩27～28分</li>
saitama,shintokorozawa,プラザシティ新所沢　けやき通り,115400,西武新宿線「新所沢」駅,4.0,8.0,,,,所沢市緑町1-5ほか,6号棟,鉄筋コンクリート造,10,N,1003号室,2DK,52,14,111700,3700,2か月,"['近居割', '近居割WIDE']",2026年10月2日以降,https://www.ur-net.go.jp/chintai/kanto/saitama/50_3030_room.html?JKSS=000061003,<li>西武新宿線「新所沢」駅 徒歩4～8分</li><li>西武新宿線「航空公園」駅 徒歩18～25分</li><li>西武池袋線「西所沢」駅 徒歩21～28分</li>
saitama,shintokorozawa,プラザシティ新所沢　けやき通り,115400,西武新宿線「航空公園」駅,18.0,25.0,,,,所沢市緑町1-5ほか,6号棟,鉄筋コンクリート造,10,N,1003号室,2DK,52,14,111700,3700,2か月,"['近居割', '近居割WIDE']",2026年10月2日以降,https://www.ur-net.go.jp/chintai/kanto/saitama/50_3030_room.html?JKSS=000061003,<li>西武新宿線「新所沢」駅 徒歩4～8分</li><li>西武新宿線「航空公園」駅 徒歩18～25分</li><li>西武池袋線「西所沢」駅 徒歩21～28分</li>
saitama,shintokorozawa,プラザシティ新所沢　けやき通り,115400,西武池袋線「西所沢」駅,21.0,28.0,,,,所沢市緑町1-5ほか,6号棟,鉄筋コンクリート造,10,N,1003号室,2DK,52,14,111700,3700,2か月,"['近居割', '近居割WIDE']",2026年10月2日以降,https://www.ur-net.go.jp/chintai/kanto/saitama/50_3030_room.html?JKSS=000061003,<li>西武新宿線「新所沢」駅 徒歩4～8分</li><li>西武新宿線「航空公園」駅 徒歩18～25分</li><li>西武池袋線「西所沢」駅 徒歩21～28分</li>
saitama,shintokorozawa,プラザシティ新所沢　けやき通り,115400,,,,,,,所沢市緑町1-5ほか,6号棟,鉄筋コンクリート造,10,N,1003号室,2DK,52,14,111700,3700,2か月,"['近居割', '近居割WIDE']",2026年10月2日以降,https://www.ur-net.go.jp/chintai/kanto/saitama/50_3030_room.html?JKSS=000061003,<li>西武新宿線「新所沢」駅 徒歩4～8分</li><li>西武新宿線「航空公園」駅 徒歩18～25分</li><li>西武池袋線「西所沢」駅 徒歩21～28分</li>
saitama,shintokorozawa,プラザシティ新所沢　けやき通り,154800,西武新宿線「新所沢」駅,4.0,8.0,,,,所沢市緑町1-5ほか,6号棟,鉄筋コンクリート造,8,N,801号室,4LDK,82,14,151100,3700,2か月,"['近居割', '近居割WIDE']",随時,https://www.ur-net.go.jp/chintai/kanto/saitama/50_3030_room.html?JKSS=000060801,<li>西武新宿線「新所沢」駅 徒歩4～8分</li><li>西武新宿線「航空公園」駅 徒歩18～25分</li><li>西武池袋線「西所沢」駅 徒歩21～28分</li>
saitama,shintokorozawa,プラザシティ新所沢　けやき通り,154800,西武新宿線「航空公園」駅,18.0,25.0,,,,所沢市緑町1-5ほか,6号棟,鉄筋コンクリート造,8,N,801号室,4LDK,82,14,151100,3700,2か月,"['近居割', '近居割WIDE']",随時,https://www.ur-net.go.jp/chintai/kanto/saitama/50_3030_room.html?JKSS=000060801,<li>西武新宿線「新所沢」駅 徒歩4～8分</li><li>西武新宿線「航空公園」駅 徒歩18～25分</li><li>西武池袋線「西所沢」駅 徒歩21～28分</li>
saitama,shintokorozawa,プラザシティ新所沢　けやき通り,154800,西武池袋線「西所沢」駅,21.0,28.0,,,,所沢市緑町1-5ほか,6号棟,鉄筋コンクリート造,8,N,801号室,4LDK,82,14,151100,3700,2か月,"['近居割', '近居割WIDE']",随時,https://www.ur-net.go.jp/chintai/kanto/saitama/50_3030_room.html?JKSS=000060801,<li>西武新宿線「新所沢」駅 徒歩4～8分</li><li>西武新宿線「航空公園」駅 徒歩18～25分</li><li>西武池袋線「西所沢」駅 徒歩21～28分</li>
saitama,shintokorozawa,プラザシティ新所沢　けやき通り,154800,,,,,,,所沢市緑町1-5ほか,6号棟,鉄筋コンクリート造,8,N,801号室,4LDK,82,14,151100,3700,2か月,"['近居割', '近居割WIDE']",随時,https://www.ur-net.go.jp/chintai/kanto/saitama/50_3030_room.html?JKSS=000060801,<li>西武新宿線「新所沢」駅 徒歩4～8分</li><li>西武新宿線「航空公園」駅 徒歩18～25分</li><li>西武池袋線「西所沢」駅 徒歩21～28分</li>
saitama,shintokorozawa,プラザシティ新所沢けやき通り第二,122300,西武新宿線「新所沢」駅,10.0,14.0,,,,所沢市緑町4-28ほか,34号棟,鉄筋コンクリート造,8,N,807号室,2LDK,59,12,118000,4300,2か月,"['近居割', '近居割WIDE']",随時,https://www.ur-net.go.jp/chintai/kanto/saitama/50_3850_room.html?JKSS=000340807,<li>西武新宿線「新所沢」駅 徒歩10～14分</li><li>西武池袋線「小手指」駅 徒歩15～20分</li><li>西武新宿線「航空公園」駅 徒歩26～30分</li>
saitama,shintokorozawa,プラザシティ新所沢けやき通り第二,122300,西武池袋線「小手指」駅,15.0,20.0,,,,所沢市緑町4-28ほか,34号棟,鉄筋コンクリート造,8,N,807号室,2LDK,59,12,118000,4300,2か月,"['近居割', '近居割WIDE']",随時,https://www.ur-net.go.jp/chintai/kanto/saitama/50_3850_room.html?JKSS=000340807,<li>西武新宿線「新所沢」駅 徒歩10～14分</li><li>西武池袋線「小手指」駅 徒歩15～20分</li><li>西武新宿線「航空公園」駅 徒歩26～30分</li>
saitama,shintokorozawa,プラザシティ新所沢けやき通り第二,122300,西武新宿線「航空公園」駅,26.0,30.0,,,,所沢市緑町4-28ほか,34号棟,鉄筋コンクリート造,8,N,807号室,2LDK,59,12,118000,4300,2か月,"['近居割', '近居割WIDE']",随時,https://www.ur-net.go.jp/chintai/kanto/saitama/50_3850_room.html?JKSS=000340807,<li>西武新宿線「新所沢」駅 徒歩10～14分</li><li>西武池袋線「小手指」駅 徒歩15～20分</li><li>西武新宿線「航空公園」駅 徒歩26～30分</li>
saitama,shintokorozawa,プラザシティ新所沢けやき通り第二,122300,,,,,,,所沢市緑町4-28ほか,34号棟,鉄筋コンクリート造,8,N,807号室,2LDK,59,12,118000,4300,2か月,"['近居割', '近居割WIDE']",随時,https://www.ur-net.go.jp/chintai/kanto/saitama/50_3850_room.html?JKSS=000340807,<li>西武新宿線「新所沢」駅 徒歩10～14分</li><li>西武池袋線「小手指」駅 徒歩15～20分</li><li>西武新宿線「航空公園」駅 徒歩26～30分</li>
saitama,shintokorozawa,プラザシティ新所沢けやき通り第二,138300,西武新宿線「新所沢」駅,10.0,14.0,,,,所沢市緑町4-28ほか,41号棟,鉄筋コンクリート造,7,N,707号室,2LDK,66,10,134000,4300,2か月,"['近居割', '近居割WIDE']",随時,https://www.ur-net.go.jp/chintai/kanto/saitama/50_3850_room.html?JKSS=000410707,<li>西武新宿線「新所沢」駅 徒歩10～14分</li><li>西武池袋線「小手指」駅 徒歩15～20分</li><li>西武新宿線「航空公園」駅 徒歩26～30分</li>
saitama,shintokorozawa,プラザシティ新所沢けやき通り第二,138300,西武池袋線「小手指」駅,15.0,20.0,,,,所沢市緑町4-28ほか,41号棟,鉄筋コンクリート造,7,N,707号室,2LDK,66,10,134000,4300,2か月,"['近居割', '近居割WIDE']",随時,https://www.ur-net.go.jp/chintai/kanto/saitama/50_3850_room.html?JKSS=000410707,<li>西武新宿線「新所沢」駅 徒歩10～14分</li><li>西武池袋線「小手指」駅 徒歩15～20分</li><li>西武新宿線「航空公園」駅 徒歩26～30分</li>
saitama,shintokorozawa,プラザシティ新所沢けやき通り第二,138300,西武新宿線「航空公園」駅,26.0,30.0,,,,所沢市緑町4-28ほか,41号棟,鉄筋コンクリート造,7,N,707号室,2LDK,66,10,134000,4300,2か月,"['近居割', '近居割WIDE']",随時,https://www.ur-net.go.jp/chintai/kanto/saitama/50_3850_room.html?JKSS=000410707,<li>西武新宿線「新所沢」駅 徒歩10～14分</li><li>西武池袋線「小手指」駅 徒歩15～20分</li><li>西武新宿線「航空公園」駅 徒歩26～30分</li>
saitama,shintokorozawa,プラザシティ新所沢けやき通り第二,138300,,,,,,,所沢市緑町4-28ほか,41号棟,鉄筋コンクリート造,7,N,707号室,2LDK,66,10,134000,4300,2か月,"['近居割', '近居割WIDE']",随時,https://www.ur-net.go.jp/chintai/kanto/saitama/50_3850_room.html?JKSS=000410707,<li>西武新宿線「新所沢」駅 徒歩10～14分</li><li>西武池袋線「小手指」駅 徒歩15～20分</li><li>西武新宿線「航空公園」駅 徒歩26～30分</li>
saitama,shintokorozawa,プラザシティ新所沢　緑町第三,146200,西武新宿線「新所沢」駅,6.0,7.0,,,,所沢市緑町2-10ほか,9号棟,鉄筋コンクリート造,1,N,101号室,3LDK,83,9,142500,3700,2か月,"['近居割', '近居割WIDE']",随時,https://www.ur-net.go.jp/chintai/kanto/saitama/50_3950_room.html?JKSS=000090101,<li>西武新宿線「新所沢」駅 徒歩6～7分</li><li>西武新宿線「航空公園」駅 徒歩15分</li><li>西武池袋線「西所沢」駅 徒歩22～24分</li>
saitama,shintokorozawa,プラザシティ新所沢　緑町第三,146200,西武新宿線「航空公園」駅,15.0,15.0,,,,所沢市緑町2-10ほか,9号棟,鉄筋コンクリート造,1,N,101号室,3LDK,83,9,142500,3700,2か月,"['近居割', '近居割WIDE']",随時,https://www.ur-net.go.jp/chintai/kanto/saitama/50_3950_room.html?JKSS=000090101,<li>西武新宿線「新所沢」駅 徒歩6～7分</li><li>西武新宿線「航空公園」駅 徒歩15分</li><li>西武池袋線「西所沢」駅 徒歩22～24分</li>
saitama,shintokorozawa,プラザシティ新所沢　緑町第三,146200,西武池袋線「西所沢」駅,22.0,24.0,,,,所沢市緑町2-10ほか,9号棟,鉄筋コンクリート造,1,N,101号室,3LDK,83,9,142500,3700,2か月,"['近居割', '近居割WIDE']",随時,https://www.ur-net.go.jp/chintai/kanto/saitama/50_3950_room.html?JKSS=000090101,<li>西武新宿線「新所沢」駅 徒歩6～7分</li><li>西武新宿線「航空公園」駅 徒歩15分</li><li>西武池袋線「西所沢」駅 徒歩22～24分</li>
saitama,shintokorozawa,プラザシティ新所沢　緑町第三,146200,,,,,,,所沢市緑町2-10ほか,9号棟,鉄筋コンクリート造,1,N,101号室,3LDK,83,9,142500,3700,2か月,"['近居割', '近居割WIDE']",随時,https://www.ur-net.go.jp/chintai/kanto/saitama/50_3950_room.html?JKSS=000090101,<li>西武新宿線「新所沢」駅 徒歩6～7分</li><li>西武新宿線「航空公園」駅 徒歩15分</li><li>西武池袋線「西所沢」駅 徒歩22～24分</li>
saitama,kamifukuoka,鶴瀬（市）,82200,東武東上線「鶴瀬」駅,7.0,7.0,,,,富士見市鶴瀬西2-8-2,,鉄筋コンクリート造,3,N,306号室,3DK,53,4,78600,3600,2か月,"['近居割', '近居割WIDE']",随時,https://www.ur-net.go.jp/chintai/kanto/saitama/50_1730_room.html?JKSS=000000306,<li>東武東上線「鶴瀬」駅 徒歩7分</li>
saitama,kamifukuoka,鶴瀬（市）,82200,,,,,,,富士見市鶴瀬西2-8-2,,鉄筋コンクリート造,3,N,306号室,3DK,53,4,78600,3600,2か月,"['近居割', '近居割WIDE']",随時,https://www.ur-net.go.jp/chintai/kanto/saitama/50_1730_room.html?JKSS=000000306,<li>東武東上線「鶴瀬」駅 徒歩7分</li>
saitama,wakaba,北坂戸,48700,東武東上線「北坂戸」駅,2.0,11.0,,,,坂戸市溝端町1ほか,9-12号棟,鉄筋コンクリート造、鉄骨鉄筋コンクリート造,5,N,505号室,3K,45,5,45200,3500,2か月,"['近居割', '近居割WIDE']",随時,https://www.ur-net.go.jp/chintai/kanto/saitama/50_1590_room.html?JKSS=009120505,<li>東武東上線「北坂戸」駅 徒歩2～11分</li><li>東武東上線「坂戸」駅 徒歩23～34分</li><li>東武東上線「若葉」駅 徒歩41～49分</li><li>東武東上線「高坂」駅 徒歩47～52分</li>
saitama,wakaba,北坂戸,48700,東武東上線「坂戸」駅,23.0,34.0,,,,坂戸市溝端町1ほか,9-12号棟,鉄筋コンクリート造、鉄骨鉄筋コンクリート造,5,N,505号室,3K,45,5,45200,3500,2か月,"['近居割', '近居割WIDE']",随時,https://www.ur-net.go.jp/chintai/kanto/saitama/50_1590_room.html?JKSS=009120505,<li>東武東上線「北坂戸」駅 徒歩2～11分</li><li>東武東上線「坂戸」駅 徒歩23～34分</li><li>東武東上線「若葉」駅 徒歩41～49分</li><li>東武東上線「高坂」駅 徒歩47～52分</li>
saitama,wakaba,北坂戸,48700,東武東上線「若葉」駅,41.0,49.0,,,,坂戸市溝端町1ほか,9-12号棟,鉄筋コンクリート造、鉄骨鉄筋コンクリート造,5,N,505号室,3K,45,5,45200,3500,2か月,"['近居割', '近居割WIDE']",随時,https://www.ur-net.go.jp/chintai/kanto/saitama/50_1590_room.html?JKSS=009120505,<li>東武東上線「北坂戸」駅 徒歩2～11分</li><li>東武東上線「坂戸」駅 徒歩23～34分</li><li>東武東上線「若葉」駅 徒歩41～49分</li><li>東武東上線「高坂」駅 徒歩47～52分</li>
saitama,wakaba,北坂戸,48700,東武東上線「高坂」駅,47.0,52.0,,,,坂戸市溝端町1ほか,9-12号棟,鉄筋コンクリート造、鉄骨鉄筋コンクリート造,5,N,505号室,3K,45,5,45200,3500,2か月,"['近居割', '近居割WIDE']",随時,https://www.ur-net.go.jp/chintai/kanto/saitama/50_1590_room.html?JKSS=009120505,<li>東武東上線「北坂戸」駅 徒歩2～11分</li><li>東武東上線「坂戸」駅 徒歩23～34分</li><li>東武東上線「若葉」駅 徒歩41～49分</li><li>東武東上線「高坂」駅 徒歩47～52分</li>
saitama,wakaba,北坂戸,48700,,,,,,,坂戸市溝端町1ほか,9-12号棟,鉄筋コンクリート造、鉄骨鉄筋コンクリート造,5,N,505号室,3K,45,5,45200,3500,2か月,"['近居割', '近居割WIDE']",随時,https://www.ur-net.go.jp/chintai/kanto/saitama/50_1590_room.html?JKSS=009120505,<li>東武東上線「北坂戸」駅 徒歩2～11分</li><li>東武東上線「坂戸」駅 徒歩23～34分</li><li>東武東上線「若葉」駅 徒歩41～49分</li><li>東武東上線「高坂」駅 徒歩47～52分</li>
saitama,wakaba,北坂戸,51100,東武東上線「北坂戸」駅,2.0,11.0,,,,坂戸市溝端町1ほか,9-6号棟,鉄筋コンクリート造、鉄骨鉄筋コンクリート造,5,N,505号室,3K,45,5,47600,3500,2か月,"['近居割', '近居割WIDE']",随時,https://www.ur-net.go.jp/chintai/kanto/saitama/50_1590_room.html?JKSS=009060505,<li>東武東上線「北坂戸」駅 徒歩2～11分</li><li>東武東上線「坂戸」駅 徒歩23～34分</li><li>東武東上線「若葉」駅 徒歩41～49分</li><li>東武東上線「高坂」駅 徒歩47～52分</li>
saitama,wakaba,北坂戸,51100,東武東上線「坂戸」駅,23.0,34.0,,,,坂戸市溝端町1ほか,9-6号棟,鉄筋コンクリート造、鉄骨鉄筋コンクリート造,5,N,505号室,3K,45,5,47600,3500,2か月,"['近居割', '近居割WIDE']",随時,https://www.ur-net.go.jp/chintai/kanto/saitama/50_1590_room.html?JKSS=009060505,<li>東武東上線「北坂戸」駅 徒歩2～11分</li><li>東武東上線「坂戸」駅 徒歩23～34分</li><li>東武東上線「若葉」駅 徒歩41～49分</li><li>東武東上線「高坂」駅 徒歩47～52分</li>
saitama,wakaba,北坂戸,51100,東武東上線「若葉」駅,41.0,49.0,,,,坂戸市溝端町1ほか,9-6号棟,鉄筋コンクリート造、鉄骨鉄筋コンクリート造,5,N,505号室,3K,45,5,47600,3500,2か月,"['近居割', '近居割WIDE']",随時,https://www.ur-net.go.jp/chintai/kanto/saitama/50_1590_room.html?JKSS=009060505,<li>東武東上線「北坂戸」駅 徒歩2～11分</li><li>東武東上線「坂戸」駅 徒歩23～34分</li><li>東武東上線「若葉」駅 徒歩41～49分</li><li>東武東上線「高坂」駅 徒歩47～52分</li>
saitama,wakaba,北坂戸,51100,東武東上線「高坂」駅,47.0,52.0,,,,坂戸市溝端町1ほか,9-6号棟,鉄筋コンクリート造、鉄骨鉄筋コンクリート造,5,N,505号室,3K,45,5,47600,3500,2か月,"['近居割', '近居割WIDE']",随時,https://www.ur-net.go.jp/chintai/kanto/saitama/50_1590_room.html?JKSS=009060505,<li>東武東上線「北坂戸」駅 徒歩2～11分</li><li>東武東上線「坂戸」駅 徒歩23～34分</li><li>東武東上線「若葉」駅 徒歩41～49分</li><li>東武東上線「高坂」駅 徒歩47～52分</li>
saitama,wakaba,北坂戸,51100,,,,,,,坂戸市溝端町1ほか,9-6号棟,鉄筋コンクリート造、鉄骨鉄筋コンクリート造,5,N,505号室,3K,45,5,47600,3500,2か月,"['近居割', '近居割WIDE']",随時,https://www.ur-net.go.jp/chintai/kanto/saitama/50_1590_room.html?JKSS=009060505,<li>東武東上線「北坂戸」駅 徒歩2～11分</li><li>東武東上線「坂戸」駅 徒歩23～34分</li><li>東武東上線「若葉」駅 徒歩41～49分</li><li>東武東上線「高坂」駅 徒歩47～52分</li>
saitama,wakaba,北坂戸,56600,東武東上線「北坂戸」駅,2.0,11.0,,,,坂戸市溝端町1ほか,9-19号棟,鉄筋コンクリート造、鉄骨鉄筋コンクリート造,3,N,304号室,3K,50,5,53100,3500,2か月,"['近居割', '近居割WIDE']",随時,https://www.ur-net.go.jp/chintai/kanto/saitama/50_1590_room.html?JKSS=009190304,<li>東武東上線「北坂戸」駅 徒歩2～11分</li><li>東武東上線「坂戸」駅 徒歩23～34分</li><li>東武東上線「若葉」駅 徒歩41～49分</li><li>東武東上線「高坂」駅 徒歩47～52分</li>
saitama,wakaba,北坂戸,56600,東武東上線「坂戸」駅,23.0,34.0,,,,坂戸市溝端町1ほか,9-19号棟,鉄筋コンクリート造、鉄骨鉄筋コンクリート造,3,N,304号室,3K,50,5,53100,3500,2か月,"['近居割', '近居割WIDE']",随時,https://www.ur-net.go.jp/chintai/kanto/saitama/50_1590_room.html?JKSS=009190304,<li>東武東上線「北坂戸」駅 徒歩2～11分</li><li>東武東上線「坂戸」駅 徒歩23～34分</li><li>東武東上線「若葉」駅 徒歩41～49分</li><li>東武東上線「高坂」駅 徒歩47～52分</li>
saitama,wakaba,北坂戸,56600,東武東上線「若葉」駅,41.0,49.0,,,,坂戸市溝端町1ほか,9-19号棟,鉄筋コンクリート造、鉄骨鉄筋コンクリート造,3,N,304号室,3K,50,5,53100,3500,2か月,"['近居割', '近居割WIDE']",随時,https://www.ur-net.go.jp/chintai/kanto/saitama/50_1590_room.html?JKSS=009190304,<li>東武東上線「北坂戸」駅 徒歩2～11分</li><li>東武東上線「坂戸」駅 徒歩23～34分</li><li>東武東上線「若葉」駅 徒歩41～49分</li><li>東武東上線「高坂」駅 徒歩47～52分</li>
saitama,wakaba,北坂戸,56600,東武東上線「高坂」駅,47.0,52.0,,,,坂戸市溝端町1ほか,9-19号棟,鉄筋コンクリート造、鉄骨鉄筋コンクリート造,3,N,304号室,3K,50,5,53100,3500,2か月,"['近居割', '近居割WIDE']",随時,https://www.ur-net.go.jp/chintai/kanto/saitama/50_1590_room.html?JKSS=009190304,<li>東武東上線「北坂戸」駅 徒歩2～11分</li><li>東武東上線「坂戸」駅 徒歩23～34分</li><li>東武東上線「若葉」駅 徒歩41～49分</li><li>東武東上線「高坂」駅 徒歩47～52分</li>
saitama,wakaba,北坂戸,56600,,,,,,,坂戸市溝端町1ほか,9-19号棟,鉄筋コンクリート造、鉄骨鉄筋コンクリート造,3,N,304号室,3K,50,5,53100,3500,2か月,"['近居割', '近居割WIDE']",随時,https://www.ur-net.go.jp/chintai/kanto/saitama/50_1590_room.html?JKSS=009190304,<li>東武東上線「北坂戸」駅 徒歩2～11分</li><li>東武東上線「坂戸」駅 徒歩23～34分</li><li>東武東上線「若葉」駅 徒歩41～49分</li><li>東武東上線「高坂」駅 徒歩47～52分</li>
saitama,wakaba,東坂戸,52400,,,,東武東上線「若葉」駅,8.0,12.0,坂戸市東坂戸1ほか,1-20号棟,鉄骨鉄筋コンクリート造,2,N,203号室,2DK,50,8,46300,6100,2か月,"['近居割', '近居割WIDE']",随時,https://www.ur-net.go.jp/chintai/kanto/saitama/50_1800_room.html?JKSS=001200203,<li>東武東上線「若葉」駅バス7～8分 徒歩1～4分</li><li>東武東上線「川越」駅バス30～32分 徒歩1～4分</li><li>東武東上線「鶴ケ島」駅 徒歩34～46分</li>
saitama,wakaba,東坂戸,52400,,,,東武東上線「川越」駅,31.0,36.0,坂戸市東坂戸1ほか,1-20号棟,鉄骨鉄筋コンクリート造,2,N,203号室,2DK,50,8,46300,6100,2か月,"['近居割', '近居割WIDE']",随時,https://www.ur-net.go.jp/chintai/kanto/saitama/50_1800_room.html?JKSS=001200203,<li>東武東上線「若葉」駅バス7～8分 徒歩1～4分</li><li>東武東上線「川越」駅バス30～32分 徒歩1～4分</li><li>東武東上線「鶴ケ島」駅 徒歩34～46分</li>
saitama,wakaba,東坂戸,52400,東武東上線「鶴ケ島」駅,34.0,46.0,,,,坂戸市東坂戸1ほか,1-20号棟,鉄骨鉄筋コンクリート造,2,N,203号室,2DK,50,8,46300,6100,2か月,"['近居割', '近居割WIDE']",随時,https://www.ur-net.go.jp/chintai/kanto/saitama/50_1800_room.html?JKSS=001200203,<li>東武東上線「若葉」駅バス7～8分 徒歩1～4分</li><li>東武東上線「川越」駅バス30～32分 徒歩1～4分</li><li>東武東上線「鶴ケ島」駅 徒歩34～46分</li>
saitama,wakaba,東坂戸,52400,,,,,,,坂戸市東坂戸1ほか,1-20号棟,鉄骨鉄筋コンクリート造,2,N,203号室,2DK,50,8,46300,6100,2か月,"['近居割', '近居割WIDE']",随時,https://www.ur-net.go.jp/chintai/kanto/saitama/50_1800_room.html?JKSS=001200203,<li>東武東上線「若葉」駅バス7～8分 徒歩1～4分</li><li>東武東上線「川越」駅バス30～32分 徒歩1～4分</li><li>東武東上線「鶴ケ島」駅 徒歩34～46分</li>
saitama,wakaba,東坂戸,52600,,,,東武東上線「若葉」駅,8.0,12.0,坂戸市東坂戸1ほか,1-20号棟,鉄骨鉄筋コンクリート造,2,N,201号室,2DK,50,8,46500,6100,2か月,"['近居割', '近居割WIDE']",随時,https://www.ur-net.go.jp/chintai/kanto/saitama/50_1800_room.html?JKSS=001200201,<li>東武東上線「若葉」駅バス7～8分 徒歩1～4分</li><li>東武東上線「川越」駅バス30～32分 徒歩1～4分</li><li>東武東上線「鶴ケ島」駅 徒歩34～46分</li>
saitama,wakaba,東坂戸,52600,,,,東武東上線「川越」駅,31.0,36.0,坂戸市東坂戸1ほか,1-20号棟,鉄骨鉄筋コンクリート造,2,N,201号室,2DK,50,8,46500,6100,2か月,"['近居割', '近居割WIDE']",随時,https://www.ur-net.go.jp/chintai/kanto/saitama/50_1800_room.html?JKSS=001200201,<li>東武東上線「若葉」駅バス7～8分 徒歩1～4分</li><li>東武東上線「川越」駅バス30～32分 徒歩1～4分</li><li>東武東上線「鶴ケ島」駅 徒歩34～46分</li>
saitama,wakaba,東坂戸,52600,東武東上線「鶴ケ島」駅,34.0,46.0,,,,坂戸市東坂戸1ほか,1-20号棟,鉄骨鉄筋コンクリート造,2,N,201号室,2DK,50,8,46500,6100,2か月,"['近居割', '近居割WIDE']",随時,https://www.ur-net.go.jp/chintai/kanto/saitama/50_1800_room.html?JKSS=001200201,<li>東武東上線「若葉」駅バス7～8分 徒歩1～4分</li><li>東武東上線「川越」駅バス30～32分 徒歩1～4分</li><li>東武東上線「鶴ケ島」駅 徒歩34～46分</li>
saitama,wakaba,東坂戸,52600,,,,,,,坂戸市東坂戸1ほか,1-20号棟,鉄骨鉄筋コンクリート造,2,N,201号室,2DK,50,8,46500,6100,2か月,"['近居割', '近居割WIDE']",随時,https://www.ur-net.go.jp/chintai/kanto/saitama/50_1800_room.html?JKSS=001200201,<li>東武東上線「若葉」駅バス7～8分 徒歩1～4分</li><li>東武東上線「川越」駅バス30～32分 徒歩1～4分</li><li>東武東上線「鶴ケ島」駅 徒歩34～46分</li>
saitama,wakaba,東坂戸,61800,,,,東武東上線「若葉」駅,8.0,12.0,坂戸市東坂戸1ほか,2-13号棟,鉄骨鉄筋コンクリート造,3,N,302号室,3DK,64,11,55700,6100,2か月,"['近居割', '近居割WIDE']",随時,https://www.ur-net.go.jp/chintai/kanto/saitama/50_1800_room.html?JKSS=002130302,<li>東武東上線「若葉」駅バス7～8分 徒歩1～4分</li><li>東武東上線「川越」駅バス30～32分 徒歩1～4分</li><li>東武東上線「鶴ケ島」駅 徒歩34～46分</li>
saitama,wakaba,東坂戸,61800,,,,東武東上線「川越」駅,31.0,36.0,坂戸市東坂戸1ほか,2-13号棟,鉄骨鉄筋コンクリート造,3,N,302号室,3DK,64,11,55700,6100,2か月,"['近居割', '近居割WIDE']",随時,https://www.ur-net.go.jp/chintai/kanto/saitama/50_1800_room.html?JKSS=002130302,<li>東武東上線「若葉」駅バス7～8分 徒歩1～4分</li><li>東武東上線「川越」駅バス30～32分 徒歩1～4分</li><li>東武東上線「鶴ケ島」駅 徒歩34～46分</li>
saitama,wakaba,東坂戸,61800,東武東上線「鶴ケ島」駅,34.0,46.0,,,,坂戸市東坂戸1ほか,2-13号棟,鉄骨鉄筋コンクリート造,3,N,302号室,3DK,64,11,55700,6100,2か月,"['近居割', '近居割WIDE']",随時,https://www.ur-net.go.jp/chintai/kanto/saitama/50_1800_room.html?JKSS=002130302,<li>東武東上線「若葉」駅バス7～8分 徒歩1～4分</li><li>東武東上線「川越」駅バス30～32分 徒歩1～4分</li><li>東武東上線「鶴ケ島」駅 徒歩34～46分</li>
saitama,wakaba,東坂戸,61800,,,,,,,坂戸市東坂戸1ほか,2-13号棟,鉄骨鉄筋コンクリート造,3,N,302号室,3DK,64,11,55700,6100,2か月,"['近居割', '近居割WIDE']",随時,https://www.ur-net.go.jp/chintai/kanto/saitama/50_1800_room.html?JKSS=002130302,<li>東武東上線「若葉」駅バス7～8分 徒歩1～4分</li><li>東武東上線「川越」駅バス30～32分 徒歩1～4分</li><li>東武東上線「鶴ケ島」駅 徒歩34～46分</li>
saitama,wakaba,東坂戸,61800,,,,東武東上線「若葉」駅,8.0,12.0,坂戸市東坂戸1ほか,2-13号棟,鉄骨鉄筋コンクリート造,3,N,306号室,3DK,64,11,55700,6100,2か月,"['近居割', '近居割WIDE']",2026年10月3日以降,https://www.ur-net.go.jp/chintai/kanto/saitama/50_1800_room.html?JKSS=002130306,<li>東武東上線「若葉」駅バス7～8分 徒歩1～4分</li><li>東武東上線「川越」駅バス30～32分 徒歩1～4分</li><li>東武東上線「鶴ケ島」駅 徒歩34～46分</li>
saitama,wakaba,東坂戸,61800,,,,東武東上線「川越」駅,31.0,36.0,坂戸市東坂戸1ほか,2-13号棟,鉄骨鉄筋コンクリート造,3,N,306号室,3DK,64,11,55700,6100,2か月,"['近居割', '近居割WIDE']",2026年10月3日以降,https://www.ur-net.go.jp/chintai/kanto/saitama/50_1800_room.html?JKSS=002130306,<li>東武東上線「若葉」駅バス7～8分 徒歩1～4分</li><li>東武東上線「川越」駅バス30～32分 徒歩1～4分</li><li>東武東上線「鶴ケ島」駅 徒歩34～46分</li>
saitama,wakaba,東坂戸,61800,東武東上線「鶴ケ島」駅,34.0,46.0,,,,坂戸市東坂戸1ほか,2-13号棟,鉄骨鉄筋コンクリート造,3,N,306号室,3DK,64,11,55700,6100,2か月,"['近居割', '近居割WIDE']",2026年10月3日以降,https://www.ur-net.go.jp/chintai/kanto/saitama/50_1800_room.html?JKSS=002130306,<li>東武東上線「若葉」駅バス7～8分 徒歩1～4分</li><li>東武東上線「川越」駅バス30～32分 徒歩1～4分</li><li>東武東上線「鶴ケ島」駅 徒歩34～46分</li>
saitama,wakaba,東坂戸,61800,,,,,,,坂戸市東坂戸1ほか,2-13号棟,鉄骨鉄筋コンクリート造,3,N,306号室,3DK,64,11,55700,6100,2か月,"['近居割', '近居割WIDE']",2026年10月3日以降,https://www.ur-net.go.jp/chintai/kanto/saitama/50_1800_room.html?JKSS=002130306,<li>東武東上線「若葉」駅バス7～8分 徒歩1～4分</li><li>東武東上線「川越」駅バス30～32分 徒歩1～4分</li><li>東武東上線「鶴ケ島」駅 徒歩34～46分</li>
saitama,wakaba,東坂戸,65800,,,,東武東上線「若葉」駅,8.0,12.0,坂戸市東坂戸1ほか,2-9号棟,鉄骨鉄筋コンクリート造,4,N,401号室,2LDK,64,11,59700,6100,2か月,"['近居割', '近居割WIDE']",随時,https://www.ur-net.go.jp/chintai/kanto/saitama/50_1800_room.html?JKSS=002090401,<li>東武東上線「若葉」駅バス7～8分 徒歩1～4分</li><li>東武東上線「川越」駅バス30～32分 徒歩1～4分</li><li>東武東上線「鶴ケ島」駅 徒歩34～46分</li>
saitama,wakaba,東坂戸,65800,,,,東武東上線「川越」駅,31.0,36.0,坂戸市東坂戸1ほか,2-9号棟,鉄骨鉄筋コンクリート造,4,N,401号室,2LDK,64,11,59700,6100,2か月,"['近居割', '近居割WIDE']",随時,https://www.ur-net.go.jp/chintai/kanto/saitama/50_1800_room.html?JKSS=002090401,<li>東武東上線「若葉」駅バス7～8分 徒歩1～4分</li><li>東武東上線「川越」駅バス30～32分 徒歩1～4分</li><li>東武東上線「鶴ケ島」駅 徒歩34～46分</li>
saitama,wakaba,東坂戸,65800,東武東上線「鶴ケ島」駅,34.0,46.0,,,,坂戸市東坂戸1ほか,2-9号棟,鉄骨鉄筋コンクリート造,4,N,401号室,2LDK,64,11,59700,6100,2か月,"['近居割', '近居割WIDE']",随時,https://www.ur-net.go.jp/chintai/kanto/saitama/50_1800_room.html?JKSS=002090401,<li>東武東上線「若葉」駅バス7～8分 徒歩1～4分</li><li>東武東上線「川越」駅バス30～32分 徒歩1～4分</li><li>東武東上線「鶴ケ島」駅 徒歩34～46分</li>
saitama,wakaba,東坂戸,65800,,,,,,,坂戸市東坂戸1ほか,2-9号棟,鉄骨鉄筋コンクリート造,4,N,401号室,2LDK,64,11,59700,6100,2か月,"['近居割', '近居割WIDE']",随時,https://www.ur-net.go.jp/chintai/kanto/saitama/50_1800_room.html?JKSS=002090401,<li>東武東上線「若葉」駅バス7～8分 徒歩1～4分</li><li>東武東上線「川越」駅バス30～32分 徒歩1～4分</li><li>東武東上線「鶴ケ島」駅 徒歩34～46分</li>
saitama,kawagoe,狭山台,53900,,,,西武新宿線「狭山市」駅,7.0,14.0,狭山市狭山台1-31ほか,1-13号棟,鉄筋コンクリート造、鉄骨鉄筋コンクリート造,4,N,402号室,3K,47,5,50400,3500,2か月,"['近居割', '近居割WIDE']",随時,https://www.ur-net.go.jp/chintai/kanto/saitama/50_1670_room.html?JKSS=001130402,<li>西武新宿線「狭山市」駅バス6～10分 徒歩1～4分</li><li>西武新宿線「新狭山」駅 徒歩22～33分</li><li>西武新宿線「入曽」駅 徒歩41～53分</li>
saitama,kawagoe,狭山台,53900,西武新宿線「新狭山」駅,22.0,33.0,,,,狭山市狭山台1-31ほか,1-13号棟,鉄筋コンクリート造、鉄骨鉄筋コンクリート造,4,N,402号室,3K,47,5,50400,3500,2か月,"['近居割', '近居割WIDE']",随時,https://www.ur-net.go.jp/chintai/kanto/saitama/50_1670_room.html?JKSS=001130402,<li>西武新宿線「狭山市」駅バス6～10分 徒歩1～4分</li><li>西武新宿線「新狭山」駅 徒歩22～33分</li><li>西武新宿線「入曽」駅 徒歩41～53分</li>
saitama,kawagoe,狭山台,53900,西武新宿線「入曽」駅,41.0,53.0,,,,狭山市狭山台1-31ほか,1-13号棟,鉄筋コンクリート造、鉄骨鉄筋コンクリート造,4,N,402号室,3K,47,5,50400,3500,2か月,"['近居割', '近居割WIDE']",随時,https://www.ur-net.go.jp/chintai/kanto/saitama/50_1670_room.html?JKSS=001130402,<li>西武新宿線「狭山市」駅バス6～10分 徒歩1～4分</li><li>西武新宿線「新狭山」駅 徒歩22～33分</li><li>西武新宿線「入曽」駅 徒歩41～53分</li>
saitama,kawagoe,狭山台,53900,,,,,,,狭山市狭山台1-31ほか,1-13号棟,鉄筋コンクリート造、鉄骨鉄筋コンクリート造,4,N,402号室,3K,47,5,50400,3500,2か月,"['近居割', '近居割WIDE']",随時,https://www.ur-net.go.jp/chintai/kanto/saitama/50_1670_room.html?JKSS=001130402,<li>西武新宿線「狭山市」駅バス6～10分 徒歩1～4分</li><li>西武新宿線「新狭山」駅 徒歩22～33分</li><li>西武新宿線「入曽」駅 徒歩41～53分</li>
saitama,kawagoe,狭山台,55900,,,,西武新宿線「狭山市」駅,7.0,14.0,狭山市狭山台1-31ほか,3-18号棟,鉄筋コンクリート造、鉄骨鉄筋コンクリート造,7,N,706号室,2DK,43,8,52400,3500,2か月,"['近居割', '近居割WIDE']",随時,https://www.ur-net.go.jp/chintai/kanto/saitama/50_1670_room.html?JKSS=003180706,<li>西武新宿線「狭山市」駅バス6～10分 徒歩1～4分</li><li>西武新宿線「新狭山」駅 徒歩22～33分</li><li>西武新宿線「入曽」駅 徒歩41～53分</li>
saitama,kawagoe,狭山台,55900,西武新宿線「新狭山」駅,22.0,33.0,,,,狭山市狭山台1-31ほか,3-18号棟,鉄筋コンクリート造、鉄骨鉄筋コンクリート造,7,N,706号室,2DK,43,8,52400,3500,2か月,"['近居割', '近居割WIDE']",随時,https://www.ur-net.go.jp/chintai/kanto/saitama/50_1670_room.html?JKSS=003180706,<li>西武新宿線「狭山市」駅バス6～10分 徒歩1～4分</li><li>西武新宿線「新狭山」駅 徒歩22～33分</li><li>西武新宿線「入曽」駅 徒歩41～53分</li>
saitama,kawagoe,狭山台,55900,西武新宿線「入曽」駅,41.0,53.0,,,,狭山市狭山台1-31ほか,3-18号棟,鉄筋コンクリート造、鉄骨鉄筋コンクリート造,7,N,706号室,2DK,43,8,52400,3500,2か月,"['近居割', '近居割WIDE']",随時,https://www.ur-net.go.jp/chintai/kanto/saitama/50_1670_room.html?JKSS=003180706,<li>西武新宿線「狭山市」駅バス6～10分 徒歩1～4分</li><li>西武新宿線「新狭山」駅 徒歩22～33分</li><li>西武新宿線「入曽」駅 徒歩41～53分</li>
saitama,kawagoe,狭山台,55900,,,,,,,狭山市狭山台1-31ほか,3-18号棟,鉄筋コンクリート造、鉄骨鉄筋コンクリート造,7,N,706号室,2DK,43,8,52400,3500,2か月,"['近居割', '近居割WIDE']",随時,https://www.ur-net.go.jp/chintai/kanto/saitama/50_1670_room.html?JKSS=003180706,<li>西武新宿線「狭山市」駅バス6～10分 徒歩1～4分</li><li>西武新宿線「新狭山」駅 徒歩22～33分</li><li>西武新宿線「入曽」駅 徒歩41～53分</li>
saitama,kawagoe,狭山台,57000,,,,西武新宿線「狭山市」駅,7.0,14.0,狭山市狭山台1-31ほか,3-1号棟,鉄筋コンクリート造、鉄骨鉄筋コンクリート造,2,N,202号室,2DK,43,8,53500,3500,2か月,['健康寿命サポート'],随時,https://www.ur-net.go.jp/chintai/kanto/saitama/50_1670_room.html?JKSS=003010202,<li>西武新宿線「狭山市」駅バス6～10分 徒歩1～4分</li><li>西武新宿線「新狭山」駅 徒歩22～33分</li><li>西武新宿線「入曽」駅 徒歩41～53分</li>
saitama,kawagoe,狭山台,57000,西武新宿線「新狭山」駅,22.0,33.0,,,,狭山市狭山台1-31ほか,3-1号棟,鉄筋コンクリート造、鉄骨鉄筋コンクリート造,2,N,202号室,2DK,43,8,53500,3500,2か月,['健康寿命サポート'],随時,https://www.ur-net.go.jp/chintai/kanto/saitama/50_1670_room.html?JKSS=003010202,<li>西武新宿線「狭山市」駅バス6～10分 徒歩1～4分</li><li>西武新宿線「新狭山」駅 徒歩22～33分</li><li>西武新宿線「入曽」駅 徒歩41～53分</li>
saitama,kawagoe,狭山台,57000,西武新宿線「入曽」駅,41.0,53.0,,,,狭山市狭山台1-31ほか,3-1号棟,鉄筋コンクリート造、鉄骨鉄筋コンクリート造,2,N,202号室,2DK,43,8,53500,3500,2か月,['健康寿命サポート'],随時,https://www.ur-net.go.jp/chintai/kanto/saitama/50_1670_room.html?JKSS=003010202,<li>西武新宿線「狭山市」駅バス6～10分 徒歩1～4分</li><li>西武新宿線「新狭山」駅 徒歩22～33分</li><li>西武新宿線「入曽」駅 徒歩41～53分</li>
saitama,kawagoe,狭山台,57000,,,,,,,狭山市狭山台1-31ほか,3-1号棟,鉄筋コンクリート造、鉄骨鉄筋コンクリート造,2,N,202号室,2DK,43,8,53500,3500,2か月,['健康寿命サポート'],随時,https://www.ur-net.go.jp/chintai/kanto/saitama/50_1670_room.html?JKSS=003010202,<li>西武新宿線「狭山市」駅バス6～10分 徒歩1～4分</li><li>西武新宿線「新狭山」駅 徒歩22～33分</li><li>西武新宿線「入曽」駅 徒歩41～53分</li>
saitama,kawagoe,狭山台,62500,,,,西武新宿線「狭山市」駅,7.0,14.0,狭山市狭山台1-31ほか,1-14号棟,鉄筋コンクリート造、鉄骨鉄筋コンクリート造,1,N,107号室,2DK,47,5,59000,3500,2か月,"['近居割', '近居割WIDE']",随時,https://www.ur-net.go.jp/chintai/kanto/saitama/50_1670_room.html?JKSS=001140107,<li>西武新宿線「狭山市」駅バス6～10分 徒歩1～4分</li><li>西武新宿線「新狭山」駅 徒歩22～33分</li><li>西武新宿線「入曽」駅 徒歩41～53分</li>
saitama,kawagoe,狭山台,62500,西武新宿線「新狭山」駅,22.0,33.0,,,,狭山市狭山台1-31ほか,1-14号棟,鉄筋コンクリート造、鉄骨鉄筋コンクリート造,1,N,107号室,2DK,47,5,59000,3500,2か月,"['近居割', '近居割WIDE']",随時,https://www.ur-net.go.jp/chintai/kanto/saitama/50_1670_room.html?JKSS=001140107,<li>西武新宿線「狭山市」駅バス6～10分 徒歩1～4分</li><li>西武新宿線「新狭山」駅 徒歩22～33分</li><li>西武新宿線「入曽」駅 徒歩41～53分</li>
saitama,kawagoe,狭山台,62500,西武新宿線「入曽」駅,41.0,53.0,,,,狭山市狭山台1-31ほか,1-14号棟,鉄筋コンクリート造、鉄骨鉄筋コンクリート造,1,N,107号室,2DK,47,5,59000,3500,2か月,"['近居割', '近居割WIDE']",随時,https://www.ur-net.go.jp/chintai/kanto/saitama/50_1670_room.html?JKSS=001140107,<li>西武新宿線「狭山市」駅バス6～10分 徒歩1～4分</li><li>西武新宿線「新狭山」駅 徒歩22～33分</li><li>西武新宿線「入曽」駅 徒歩41～53分</li>
saitama,kawagoe,狭山台,62500,,,,,,,狭山市狭山台1-31ほか,1-14号棟,鉄筋コンクリート造、鉄骨鉄筋コンクリート造,1,N,107号室,2DK,47,5,59000,3500,2か月,"['近居割', '近居割WIDE']",随時,https://www.ur-net.go.jp/chintai/kanto/saitama/50_1670_room.html?JKSS=001140107,<li>西武新宿線「狭山市」駅バス6～10分 徒歩1～4分</li><li>西武新宿線「新狭山」駅 徒歩22～33分</li><li>西武新宿線「入曽」駅 徒歩41～53分</li>
saitama,kawagoe,狭山台,64200,,,,西武新宿線「狭山市」駅,7.0,14.0,狭山市狭山台1-31ほか,1-12号棟,鉄筋コンクリート造、鉄骨鉄筋コンクリート造,3,N,304号室,2DK,47,5,60700,3500,2か月,"['近居割', '近居割WIDE']",随時,https://www.ur-net.go.jp/chintai/kanto/saitama/50_1670_room.html?JKSS=001120304,<li>西武新宿線「狭山市」駅バス6～10分 徒歩1～4分</li><li>西武新宿線「新狭山」駅 徒歩22～33分</li><li>西武新宿線「入曽」駅 徒歩41～53分</li>
saitama,kawagoe,狭山台,64200,西武新宿線「新狭山」駅,22.0,33.0,,,,狭山市狭山台1-31ほか,1-12号棟,鉄筋コンクリート造、鉄骨鉄筋コンクリート造,3,N,304号室,2DK,47,5,60700,3500,2か月,"['近居割', '近居割WIDE']",随時,https://www.ur-net.go.jp/chintai/kanto/saitama/50_1670_room.html?JKSS=001120304,<li>西武新宿線「狭山市」駅バス6～10分 徒歩1～4分</li><li>西武新宿線「新狭山」駅 徒歩22～33分</li><li>西武新宿線「入曽」駅 徒歩41～53分</li>
saitama,kawagoe,狭山台,64200,西武新宿線「入曽」駅,41.0,53.0,,,,狭山市狭山台1-31ほか,1-12号棟,鉄筋コンクリート造、鉄骨鉄筋コンクリート造,3,N,304号室,2DK,47,5,60700,3500,2か月,"['近居割', '近居割WIDE']",随時,https://www.ur-net.go.jp/chintai/kanto/saitama/50_1670_room.html?JKSS=001120304,<li>西武新宿線「狭山市」駅バス6～10分 徒歩1～4分</li><li>西武新宿線「新狭山」駅 徒歩22～33分</li><li>西武新宿線「入曽」駅 徒歩41～53分</li>
saitama,kawagoe,狭山台,64200,,,,,,,狭山市狭山台1-31ほか,1-12号棟,鉄筋コンクリート造、鉄骨鉄筋コンクリート造,3,N,304号室,2DK,47,5,60700,3500,2か月,"['近居割', '近居割WIDE']",随時,https://www.ur-net.go.jp/chintai/kanto/saitama/50_1670_room.html?JKSS=001120304,<li>西武新宿線「狭山市」駅バス6～10分 徒歩1～4分</li><li>西武新宿線「新狭山」駅 徒歩22～33分</li><li>西武新宿線「入曽」駅 徒歩41～53分</li>
saitama,shiki,新座,60800,東武東上線「柳瀬川」駅,15.0,22.0,,,,新座市新座3,4-10号棟,鉄筋コンクリート造,3,N,301号室,2DK,41,5,57600,3200,2か月,"['近居割', '近居割WIDE']",随時,https://www.ur-net.go.jp/chintai/kanto/saitama/50_1310_room.html?JKSS=000410301,<li>東武東上線「柳瀬川」駅 徒歩15～22分</li><li>東武東上線「志木」駅バス11分 徒歩1～6分</li><li>JR武蔵野線「新座」駅 徒歩28～36分</li>
saitama,shiki,新座,60800,,,,東武東上線「志木」駅,12.0,17.0,新座市新座3,4-10号棟,鉄筋コンクリート造,3,N,301号室,2DK,41,5,57600,3200,2か月,"['近居割', '近居割WIDE']",随時,https://www.ur-net.go.jp/chintai/kanto/saitama/50_1310_room.html?JKSS=000410301,<li>東武東上線「柳瀬川」駅 徒歩15～22分</li><li>東武東上線「志木」駅バス11分 徒歩1～6分</li><li>JR武蔵野線「新座」駅 徒歩28～36分</li>
saitama,shiki,新座,60800,JR武蔵野線「新座」駅,28.0,36.0,,,,新座市新座3,4-10号棟,鉄筋コンクリート造,3,N,301号室,2DK,41,5,57600,3200,2か月,"['近居割', '近居割WIDE']",随時,https://www.ur-net.go.jp/chintai/kanto/saitama/50_1310_room.html?JKSS=000410301,<li>東武東上線「柳瀬川」駅 徒歩15～22分</li><li>東武東上線「志木」駅バス11分 徒歩1～6分</li><li>JR武蔵野線「新座」駅 徒歩28～36分</li>
saitama,shiki,新座,60800,,,,,,,新座市新座3,4-10号棟,鉄筋コンクリート造,3,N,301号室,2DK,41,5,57600,3200,2か月,"['近居割', '近居割WIDE']",随時,https://www.ur-net.go.jp/chintai/kanto/saitama/50_1310_room.html?JKSS=000410301,<li>東武東上線「柳瀬川」駅 徒歩15～22分</li><li>東武東上線「志木」駅バス11分 徒歩1～6分</li><li>JR武蔵野線「新座」駅 徒歩28～36分</li>
