Todofuken,Area,Dan Chi Name,Total Fee,Nearest station by Walk,Best case by Walk (minute),Worst case by Walk (minute),Nearest station by Bus,Best case by Bus (minute),Worst case by Bus (minute),Address,Building Name,Building Structure,Floor,Elevator,Room Num,Room Type,Floor Space,Max Floor,Rent,Common Fee,Shikikin,Systems,availableDate,Room Link,Traffic
tokyo,nishiojima,北砂五丁目,102500,都営新宿線「大島」駅,10.0,17.0,,,,江東区北砂5-20,10号棟,鉄筋コンクリート造,4,N,412号室,2DK,46,9,98300,4200,2か月,['健康寿命サポート'],随時,https://www.ur-net.go.jp/chintai/kanto/tokyo/20_2820_room.html?JKSS=000100412,<li>都営新宿線「大島」駅 徒歩10～17分</li><li>JR総武線・東武亀戸線「亀戸」駅バス7～11分 徒歩1～7分</li><li>東京メトロ東西線「東陽町」駅バス9～11分 徒歩6～12分</li>
tokyo,nishiojima,北砂五丁目,102500,,,,JR総武線・東武亀戸線「亀戸」駅,8.0,18.0,江東区北砂5-20,10号棟,鉄筋コンクリート造,4,N,412号室,2DK,46,9,98300,4200,2か月,['健康寿命サポート'],随時,https://www.ur-net.go.jp/chintai/kanto/tokyo/20_2820_room.html?JKSS=000100412,<li>都営新宿線「大島」駅 徒歩10～17分</li><li>JR総武線・東武亀戸線「亀戸」駅バス7～11分 徒歩1～7分</li><li>東京メトロ東西線「東陽町」駅バス9～11分 徒歩6～12分</li>
tokyo,nishiojima,北砂五丁目,102500,,,,東京メトロ東西線「東陽町」駅,15.0,23.0,江東区北砂5-20,10号棟,鉄筋コンクリート造,4,N,412号室,2DK,46,9,98300,4200,2か月,['健康寿命サポート'],随時,https://www.ur-net.go.jp/chintai/kanto/tokyo/20_2820_room.html?JKSS=000100412,<li>都営新宿線「大島」駅 徒歩10～17分</li><li>JR総武線・東武亀戸線「亀戸」駅バス7～11分 徒歩1～7分</li><li>東京メトロ東西線「東陽町」駅バス9～11分 徒歩6～12分</li>
tokyo,nishiojima,北砂五丁目,102500,,,,,,,江東区北砂5-20,10号棟,鉄筋コンクリート造,4,N,412号室,2DK,46,9,98300,4200,2か月,['健康寿命サポート'],随時,https://www.ur-net.go.jp/chintai/kanto/tokyo/20_2820_room.html?JKSS=000100412,<li>都営新宿線「大島」駅 徒歩10～17分</li><li>JR総武線・東武亀戸線「亀戸」駅バス7～11分 徒歩1～7分</li><li>東京メトロ東西線「東陽町」駅バス9～11分 徒歩6～12分</li>
tokyo,nishiojima,シティコート大島,249700,都営新宿線「大島」駅,3.0,7.0,,,,江東区大島6-14,2号棟,鉄筋コンクリート造,10,N,1001号室,2LDK,83,10,244200,5500,2か月,['近居割'],随時,https://www.ur-net.go.jp/chintai/kanto/tokyo/20_5900_room.html?JKSS=000021001,<li>都営新宿線「大島」駅 徒歩3～7分</li><li>JR総武線・東武亀戸線「亀戸」駅 徒歩15～18分</li><li>JR総武線・東武亀戸線「亀戸」駅バス4～6分 徒歩1～5分</li>
tokyo,nishiojima,シティコート大島,249700,JR総武線・東武亀戸線「亀戸」駅,15.0,18.0,JR総武線・東武亀戸線「亀戸」駅,5.0,11.0,江東区大島6-14,2号棟,鉄筋コンクリート造,10,N,1001号室,2LDK,83,10,244200,5500,2か月,['近居割'],随時,https://www.ur-net.go.jp/chintai/kanto/tokyo/20_5900_room.html?JKSS=000021001,<li>都営新宿線「大島」駅 徒歩3～7分</li><li>JR総武線・東武亀戸線「亀戸」駅 徒歩15～18分</li><li>JR総武線・東武亀戸線「亀戸」駅バス4～6分 徒歩1～5分</li>
tokyo,nishiojima,シティコート大島,249700,,,,,,,江東区大島6-14,2号棟,鉄筋コンクリート造,10,N,1001号室,2LDK,83,10,244200,5500,2か月,['近居割'],随時,https://www.ur-net.go.jp/chintai/kanto/tokyo/20_5900_room.html?JKSS=000021001,<li>都営新宿線「大島」駅 徒歩3～7分</li><li>JR総武線・東武亀戸線「亀戸」駅 徒歩15～18分</li><li>JR総武線・東武亀戸線「亀戸」駅バス4～6分 徒歩1～5分</li>
tokyo,kitasenju,栗原,90180,東武伊勢崎線「西新井」駅,8.0,13.0,,,,足立区栗原2-5ほか,21号棟,鉄筋コンクリート造,3,N,303号室,2DK,43,8,86400,3780,2か月,['近居割'],随時,https://www.ur-net.go.jp/chintai/kanto/tokyo/20_1600_room.html?JKSS=000021303,<li>東武伊勢崎線「西新井」駅 徒歩8～13分</li>
tokyo,kitasenju,栗原,90180,,,,,,,足立区栗原2-5ほか,21号棟,鉄筋コンクリート造,3,N,303号室,2DK,43,8,86400,3780,2か月,['近居割'],随時,https://www.ur-net.go.jp/chintai/kanto/tokyo/20_1600_room.html?JKSS=000021303,<li>東武伊勢崎線「西新井」駅 徒歩8～13分</li>
tokyo,aoto,すまいる亀有,124500,JR常磐線「亀有」駅,13.0,17.0,JR常磐線「亀有」駅,7.0,9.0,葛飾区亀有1-10,14号棟,鉄筋コンクリート造,5,N,505号室,2DK,52,6,117900,6600,2か月,"['近居割', '近居割WIDE', 'シルバーピア']",随時,https://www.ur-net.go.jp/chintai/kanto/tokyo/20_4481_room.html?JKSS=000140505,<li>JR常磐線「亀有」駅 徒歩13～17分</li><li>JR常磐線「亀有」駅バス5分 徒歩2～4分</li><li>京成本線「青砥」駅 徒歩20～22分</li>
tokyo,aoto,すまいる亀有,124500,京成本線「青砥」駅,20.0,22.0,,,,葛飾区亀有1-10,14号棟,鉄筋コンクリート造,5,N,505号室,2DK,52,6,117900,6600,2か月,"['近居割', '近居割WIDE', 'シルバーピア']",随時,https://www.ur-net.go.jp/chintai/kanto/tokyo/20_4481_room.html?JKSS=000140505,<li>JR常磐線「亀有」駅 徒歩13～17分</li><li>JR常磐線「亀有」駅バス5分 徒歩2～4分</li><li>京成本線「青砥」駅 徒歩20～22分</li>
tokyo,aoto,すまいる亀有,124500,,,,,,,葛飾区亀有1-10,14号棟,鉄筋コンクリート造,5,N,505号室,2DK,52,6,117900,6600,2か月,"['近居割', '近居割WIDE', 'シルバーピア']",随時,https://www.ur-net.go.jp/chintai/kanto/tokyo/20_4481_room.html?JKSS=000140505,<li>JR常磐線「亀有」駅 徒歩13～17分</li><li>JR常磐線「亀有」駅バス5分 徒歩2～4分</li><li>京成本線「青砥」駅 徒歩20～22分</li>
tokyo,nishiojima,エステート篠崎（下篠崎町）,96600,都営新宿線「篠崎」駅,17.0,19.0,都営新宿線「篠崎」駅,7.0,8.0,江戸川区下篠崎町18,3号棟,鉄骨鉄筋コンクリート造,2,N,201号室,2DK,50,9,91700,4900,2か月,['近居割'],随時,https://www.ur-net.go.jp/chintai/kanto/tokyo/20_2770_room.html?JKSS=000030201,<li>都営新宿線「篠崎」駅 徒歩17～19分</li><li>都営新宿線「篠崎」駅バス5分 徒歩2～3分</li><li>JR総武線「小岩」駅バス24分 徒歩2～3分</li>
tokyo,nishiojima,エステート篠崎（下篠崎町）,96600,,,,JR総武線「小岩」駅,26.0,27.0,江戸川区下篠崎町18,3号棟,鉄骨鉄筋コンクリート造,2,N,201号室,2DK,50,9,91700,4900,2か月,['近居割'],随時,https://www.ur-net.go.jp/chintai/kanto/tokyo/20_2770_room.html?JKSS=000030201,<li>都営新宿線「篠崎」駅 徒歩17～19分</li><li>都営新宿線「篠崎」駅バス5分 徒歩2～3分</li><li>JR総武線「小岩」駅バス24分 徒歩2～3分</li>
tokyo,nishiojima,エステート篠崎（下篠崎町）,96600,,,,,,,江戸川区下篠崎町18,3号棟,鉄骨鉄筋コンクリート造,2,N,201号室,2DK,50,9,91700,4900,2か月,['近居割'],随時,https://www.ur-net.go.jp/chintai/kanto/tokyo/20_2770_room.html?JKSS=000030201,<li>都営新宿線「篠崎」駅 徒歩17～19分</li><li>都営新宿線「篠崎」駅バス5分 徒歩2～3分</li><li>JR総武線「小岩」駅バス24分 徒歩2～3分</li>
tokyo,kamata,品川八潮パークタウン 潮路北第二ハイツ,177800,りんかい線「品川シーサイド」駅,11.0,13.0,,,,品川区八潮5-3,3-8号棟,鉄筋コンクリート造、鉄骨鉄筋コンクリート造,12,N,1204号室,3LDK,87,14,172400,5400,2か月,['近居割'],随時,https://www.ur-net.go.jp/chintai/kanto/tokyo/20_3550_room.html?JKSS=003081204,<li>りんかい線「品川シーサイド」駅 徒歩11～13分</li><li>東京モノレール「大井競馬場前」駅 徒歩13～16分</li><li>JR京浜東北・根岸線「大井町」駅バス14～15分 徒歩2～5分</li>
tokyo,kamata,品川八潮パークタウン 潮路北第二ハイツ,177800,東京モノレール「大井競馬場前」駅,13.0,16.0,,,,品川区八潮5-3,3-8号棟,鉄筋コンクリート造、鉄骨鉄筋コンクリート造,12,N,1204号室,3LDK,87,14,172400,5400,2か月,['近居割'],随時,https://www.ur-net.go.jp/chintai/kanto/tokyo/20_3550_room.html?JKSS=003081204,<li>りんかい線「品川シーサイド」駅 徒歩11～13分</li><li>東京モノレール「大井競馬場前」駅 徒歩13～16分</li><li>JR京浜東北・根岸線「大井町」駅バス14～15分 徒歩2～5分</li>
tokyo,kamata,品川八潮パークタウン 潮路北第二ハイツ,177800,,,,JR京浜東北・根岸線「大井町」駅,16.0,20.0,品川区八潮5-3,3-8号棟,鉄筋コンクリート造、鉄骨鉄筋コンクリート造,12,N,1204号室,3LDK,87,14,172400,5400,2か月,['近居割'],随時,https://www.ur-net.go.jp/chintai/kanto/tokyo/20_3550_room.html?JKSS=003081204,<li>りんかい線「品川シーサイド」駅 徒歩11～13分</li><li>東京モノレール「大井競馬場前」駅 徒歩13～16分</li><li>JR京浜東北・根岸線「大井町」駅バス14～15分 徒歩2～5分</li>
tokyo,kamata,品川八潮パークタウン 潮路北第二ハイツ,177800,,,,,,,品川区八潮5-3,3-8号棟,鉄筋コンクリート造、鉄骨鉄筋コンクリート造,12,N,1204号室,3LDK,87,14,172400,5400,2か月,['近居割'],随時,https://www.ur-net.go.jp/chintai/kanto/tokyo/20_3550_room.html?JKSS=003081204,<li>りんかい線「品川シーサイド」駅 徒歩11～13分</li><li>東京モノレール「大井競馬場前」駅 徒歩13～16分</li><li>JR京浜東北・根岸線「大井町」駅バス14～15分 徒歩2～5分</li>
tokyo,chitosekarasuyama,シティコート世田谷給田,150700,,,,京王線「千歳烏山」駅,6.0,8.0,世田谷区給田5-8-5,C号棟,鉄筋コンクリート造,4,N,402号室,1DK,45,10,142600,8100,2か月,['近居割'],随時,https://www.ur-net.go.jp/chintai/kanto/tokyo/20_5780_room.html?JKSS=000C00402,<li>京王線「千歳烏山」駅バス4分 徒歩2～4分</li><li>京王線「仙川」駅 徒歩15～18分</li>
tokyo,chitosekarasuyama,シティコート世田谷給田,150700,京王線「仙川」駅,15.0,18.0,,,,世田谷区給田5-8-5,C号棟,鉄筋コンクリート造,4,N,402号室,1DK,45,10,142600,8100,2か月,['近居割'],随時,https://www.ur-net.go.jp/chintai/kanto/tokyo/20_5780_room.html?JKSS=000C00402,<li>京王線「千歳烏山」駅バス4分 徒歩2～4分</li><li>京王線「仙川」駅 徒歩15～18分</li>
tokyo,chitosekarasuyama,シティコート世田谷給田,150700,,,,,,,世田谷区給田5-8-5,C号棟,鉄筋コンクリート造,4,N,402号室,1DK,45,10,142600,8100,2か月,['近居割'],随時,https://www.ur-net.go.jp/chintai/kanto/tokyo/20_5780_room.html?JKSS=000C00402,<li>京王線「千歳烏山」駅バス4分 徒歩2～4分</li><li>京王線「仙川」駅 徒歩15～18分</li>
tokyo,kyodo,スクエアー世田谷桜丘,169700,小田急小田原線｢千歳船橋｣駅,12.0,12.0,,,,世田谷区桜丘1-2-20,,鉄筋コンクリート造,6,N,607号室,1LDK,48,8,161400,8300,2か月,['近居割'],随時,https://www.ur-net.go.jp/chintai/kanto/tokyo/20_5590_room.html?JKSS=000000607,<li>小田急小田原線｢千歳船橋｣駅 徒歩12分</li><li>小田急小田原線｢経堂｣駅 徒歩15分</li>
tokyo,kyodo,スクエアー世田谷桜丘,169700,小田急小田原線｢経堂｣駅,15.0,15.0,,,,世田谷区桜丘1-2-20,,鉄筋コンクリート造,6,N,607号室,1LDK,48,8,161400,8300,2か月,['近居割'],随時,https://www.ur-net.go.jp/chintai/kanto/tokyo/20_5590_room.html?JKSS=000000607,<li>小田急小田原線｢千歳船橋｣駅 徒歩12分</li><li>小田急小田原線｢経堂｣駅 徒歩15分</li>
tokyo,kyodo,スクエアー世田谷桜丘,169700,,,,,,,世田谷区桜丘1-2-20,,鉄筋コンクリート造,6,N,607号室,1LDK,48,8,161400,8300,2か月,['近居割'],随時,https://www.ur-net.go.jp/chintai/kanto/tokyo/20_5590_room.html?JKSS=000000607,<li>小田急小田原線｢千歳船橋｣駅 徒歩12分</li><li>小田急小田原線｢経堂｣駅 徒歩15分</li>
tokyo,chitosekarasuyama,プロムナード荻窪,174200,,,,JR中央線「荻窪」駅,12.0,13.0,杉並区桃井3-7,1号棟,鉄筋コンクリート造,7,N,703号室,1LDK,51,11,163700,10500,2か月,['近居割'],随時,https://www.ur-net.go.jp/chintai/kanto/tokyo/20_6870_room.html?JKSS=000010703,<li>JR中央線「荻窪」駅バス11分 徒歩1～2分</li><li>JR中央線「西荻窪」駅 徒歩14～18分</li>
tokyo,chitosekarasuyama,プロムナード荻窪,174200,JR中央線「西荻窪」駅,14.0,18.0,,,,杉並区桃井3-7,1号棟,鉄筋コンクリート造,7,N,703号室,1LDK,51,11,163700,10500,2か月,['近居割'],随時,https://www.ur-net.go.jp/chintai/kanto/tokyo/20_6870_room.html?JKSS=000010703,<li>JR中央線「荻窪」駅バス11分 徒歩1～2分</li><li>JR中央線「西荻窪」駅 徒歩14～18分</li>
tokyo,chitosekarasuyama,プロムナード荻窪,174200,,,,,,,杉並区桃井3-7,1号棟,鉄筋コンクリート造,7,N,703号室,1LDK,51,11,163700,10500,2か月,['近居割'],随時,https://www.ur-net.go.jp/chintai/kanto/tokyo/20_6870_room.html?JKSS=000010703,<li>JR中央線「荻窪」駅バス11分 徒歩1～2分</li><li>JR中央線「西荻窪」駅 徒歩14～18分</li>
tokyo,oji,ヴァンガードタワー,241700,JR山手線ほか｢池袋｣駅,10.0,10.0,,,,豊島区東池袋3-21-21,,鉄筋コンクリート造,19,N,1905号室,1LDK,61,38,232500,9200,2か月,['近居割'],随時,https://www.ur-net.go.jp/chintai/kanto/tokyo/20_7020_room.html?JKSS=000001905,<li>JR山手線ほか｢池袋｣駅 徒歩10分</li><li>JR山手線｢大塚｣駅 徒歩11分</li><li>東京メトロ有楽町線｢東池袋｣駅 徒歩10分</li>
tokyo,oji,ヴァンガードタワー,241700,JR山手線｢大塚｣駅,11.0,11.0,,,,豊島区東池袋3-21-21,,鉄筋コンクリート造,19,N,1905号室,1LDK,61,38,232500,9200,2か月,['近居割'],随時,https://www.ur-net.go.jp/chintai/kanto/tokyo/20_7020_room.html?JKSS=000001905,<li>JR山手線ほか｢池袋｣駅 徒歩10分</li><li>JR山手線｢大塚｣駅 徒歩11分</li><li>東京メトロ有楽町線｢東池袋｣駅 徒歩10分</li>
tokyo,oji,ヴァンガードタワー,241700,東京メトロ有楽町線｢東池袋｣駅,10.0,10.0,,,,豊島区東池袋3-21-21,,鉄筋コンクリート造,19,N,1905号室,1LDK,61,38,232500,9200,2か月,['近居割'],随時,https://www.ur-net.go.jp/chintai/kanto/tokyo/20_7020_room.html?JKSS=000001905,<li>JR山手線ほか｢池袋｣駅 徒歩10分</li><li>JR山手線｢大塚｣駅 徒歩11分</li><li>東京メトロ有楽町線｢東池袋｣駅 徒歩10分</li>
tokyo,oji,ヴァンガードタワー,241700,,,,,,,豊島区東池袋3-21-21,,鉄筋コンクリート造,19,N,1905号室,1LDK,61,38,232500,9200,2か月,['近居割'],随時,https://www.ur-net.go.jp/chintai/kanto/tokyo/20_7020_room.html?JKSS=000001905,<li>JR山手線ほか｢池袋｣駅 徒歩10分</li><li>JR山手線｢大塚｣駅 徒歩11分</li><li>東京メトロ有楽町線｢東池袋｣駅 徒歩10分</li>
tokyo,hikarigaoka,光が丘パークタウン ゆりの木通り北,162700,東京メトロ有楽町線「地下鉄赤塚」駅,6.0,9.0,,,,板橋区赤塚新町3-32,1号棟,鉄骨鉄筋コンクリート造,6,N,607号室,3DK,64,8,156500,6200,2か月,"['近居割', '近居割WIDE']",随時,https://www.ur-net.go.jp/chintai/kanto/tokyo/20_3470_room.html?JKSS=000010607,<li>東京メトロ有楽町線「地下鉄赤塚」駅 徒歩6～9分</li><li>東武東上線「下赤塚」駅 徒歩9～12分</li><li>都営大江戸線「光が丘」駅 徒歩23～25分</li>
tokyo,hikarigaoka,光が丘パークタウン ゆりの木通り北,162700,東武東上線「下赤塚」駅,9.0,12.0,,,,板橋区赤塚新町3-32,1号棟,鉄骨鉄筋コンクリート造,6,N,607号室,3DK,64,8,156500,6200,2か月,"['近居割', '近居割WIDE']",随時,https://www.ur-net.go.jp/chintai/kanto/tokyo/20_3470_room.html?JKSS=000010607,<li>東京メトロ有楽町線「地下鉄赤塚」駅 徒歩6～9分</li><li>東武東上線「下赤塚」駅 徒歩9～12分</li><li>都営大江戸線「光が丘」駅 徒歩23～25分</li>
tokyo,hikarigaoka,光が丘パークタウン ゆりの木通り北,162700,都営大江戸線「光が丘」駅,23.0,25.0,,,,板橋区赤塚新町3-32,1号棟,鉄骨鉄筋コンクリート造,6,N,607号室,3DK,64,8,156500,6200,2か月,"['近居割', '近居割WIDE']",随時,https://www.ur-net.go.jp/chintai/kanto/tokyo/20_3470_room.html?JKSS=000010607,<li>東京メトロ有楽町線「地下鉄赤塚」駅 徒歩6～9分</li><li>東武東上線「下赤塚」駅 徒歩9～12分</li><li>都営大江戸線「光が丘」駅 徒歩23～25分</li>
tokyo,hikarigaoka,光が丘パークタウン ゆりの木通り北,162700,,,,,,,板橋区赤塚新町3-32,1号棟,鉄骨鉄筋コンクリート造,6,N,607号室,3DK,64,8,156500,6200,2か月,"['近居割', '近居割WIDE']",随時,https://www.ur-net.go.jp/chintai/kanto/tokyo/20_3470_room.html?JKSS=000010607,<li>東京メトロ有楽町線「地下鉄赤塚」駅 徒歩6～9分</li><li>東武東上線「下赤塚」駅 徒歩9～12分</li><li>都営大江戸線「光が丘」駅 徒歩23～25分</li>
tokyo,takashimadaira,新蓮根,166600,都営三田線「蓮根」駅,3.0,7.0,,,,板橋区蓮根2-30ほか,10号棟,鉄筋コンクリート造,2,N,203号室,2LDK,62,4,162600,4000,2か月,['近居割'],随時,https://www.ur-net.go.jp/chintai/kanto/tokyo/20_4760_room.html?JKSS=000100203,<li>都営三田線「蓮根」駅 徒歩3～7分</li><li>都営三田線「西台」駅 徒歩4～8分</li>
tokyo,takashimadaira,新蓮根,166600,都営三田線「西台」駅,4.0,8.0,,,,板橋区蓮根2-30ほか,10号棟,鉄筋コンクリート造,2,N,203号室,2LDK,62,4,162600,4000,2か月,['近居割'],随時,https://www.ur-net.go.jp/chintai/kanto/tokyo/20_4760_room.html?JKSS=000100203,<li>都営三田線「蓮根」駅 徒歩3～7分</li><li>都営三田線「西台」駅 徒歩4～8分</li>
tokyo,takashimadaira,新蓮根,166600,,,,,,,板橋区蓮根2-30ほか,10号棟,鉄筋コンクリート造,2,N,203号室,2LDK,62,4,162600,4000,2か月,['近居割'],随時,https://www.ur-net.go.jp/chintai/kanto/tokyo/20_4760_room.html?JKSS=000100203,<li>都営三田線「蓮根」駅 徒歩3～7分</li><li>都営三田線「西台」駅 徒歩4～8分</li>
tokyo,hachioji,館ヶ丘,51700,,,,JR中央線「高尾」駅,8.0,18.0,八王子市館町1097,1-13号棟,鉄筋コンクリート造,5,N,511号室,2DK,42,5,47200,4500,2か月,"['近居割', '近居割WIDE']",随時,https://www.ur-net.go.jp/chintai/kanto/tokyo/20_2600_room.html?JKSS=001130511,<li>JR中央線「高尾」駅バス7分 徒歩1～11分</li><li>京王高尾線「高尾」駅バス7分 徒歩1～11分</li><li>JR中央本線「高尾」駅 徒歩29～38分</li>
tokyo,hachioji,館ヶ丘,51700,,,,京王高尾線「高尾」駅,8.0,18.0,八王子市館町1097,1-13号棟,鉄筋コンクリート造,5,N,511号室,2DK,42,5,47200,4500,2か月,"['近居割', '近居割WIDE']",随時,https://www.ur-net.go.jp/chintai/kanto/tokyo/20_2600_room.html?JKSS=001130511,<li>JR中央線「高尾」駅バス7分 徒歩1～11分</li><li>京王高尾線「高尾」駅バス7分 徒歩1～11分</li><li>JR中央本線「高尾」駅 徒歩29～38分</li>
tokyo,hachioji,館ヶ丘,51700,JR中央本線「高尾」駅,29.0,38.0,,,,八王子市館町1097,1-13号棟,鉄筋コンクリート造,5,N,511号室,2DK,42,5,47200,4500,2か月,"['近居割', '近居割WIDE']",随時,https://www.ur-net.go.jp/chintai/kanto/tokyo/20_2600_room.html?JKSS=001130511,<li>JR中央線「高尾」駅バス7分 徒歩1～11分</li><li>京王高尾線「高尾」駅バス7分 徒歩1～11分</li><li>JR中央本線「高尾」駅 徒歩29～38分</li>
tokyo,hachioji,館ヶ丘,51700,,,,,,,八王子市館町1097,1-13号棟,鉄筋コンクリート造,5,N,511号室,2DK,42,5,47200,4500,2か月,"['近居割', '近居割WIDE']",随時,https://www.ur-net.go.jp/chintai/kanto/tokyo/20_2600_room.html?JKSS=001130511,<li>JR中央線「高尾」駅バス7分 徒歩1～11分</li><li>京王高尾線「高尾」駅バス7分 徒歩1～11分</li><li>JR中央本線「高尾」駅 徒歩29～38分</li>
tokyo,hachioji,館ヶ丘,60700,,,,JR中央線「高尾」駅,8.0,18.0,八王子市館町1097,3-3号棟,鉄筋コンクリート造,4,N,407号室,3K,48,5,56200,4500,2か月,"['近居割', '近居割WIDE']",随時,https://www.ur-net.go.jp/chintai/kanto/tokyo/20_2600_room.html?JKSS=003030407,<li>JR中央線「高尾」駅バス7分 徒歩1～11分</li><li>京王高尾線「高尾」駅バス7分 徒歩1～11分</li><li>JR中央本線「高尾」駅 徒歩29～38分</li>
tokyo,hachioji,館ヶ丘,60700,,,,京王高尾線「高尾」駅,8.0,18.0,八王子市館町1097,3-3号棟,鉄筋コンクリート造,4,N,407号室,3K,48,5,56200,4500,2か月,"['近居割', '近居割WIDE']",随時,https://www.ur-net.go.jp/chintai/kanto/tokyo/20_2600_room.html?JKSS=003030407,<li>JR中央線「高尾」駅バス7分 徒歩1～11分</li><li>京王高尾線「高尾」駅バス7分 徒歩1～11分</li><li>JR中央本線「高尾」駅 徒歩29～38分</li>
tokyo,hachioji,館ヶ丘,60700,JR中央本線「高尾」駅,29.0,38.0,,,,八王子市館町1097,3-3号棟,鉄筋コンクリート造,4,N,407号室,3K,48,5,56200,4500,2か月,"['近居割', '近居割WIDE']",随時,https://www.ur-net.go.jp/chintai/kanto/tokyo/20_2600_room.html?JKSS=003030407,<li>JR中央線「高尾」駅バス7分 徒歩1～11分</li><li>京王高尾線「高尾」駅バス7分 徒歩1～11分</li><li>JR中央本線「高尾」駅 徒歩29～38分</li>
tokyo,hachioji,館ヶ丘,60700,,,,,,,八王子市館町1097,3-3号棟,鉄筋コンクリート造,4,N,407号室,3K,48,5,56200,4500,2か月,"['近居割', '近居割WIDE']",随時,https://www.ur-net.go.jp/chintai/kanto/tokyo/20_2600_room.html?JKSS=003030407,<li>JR中央線「高尾」駅バス7分 徒歩1～11分</li><li>京王高尾線「高尾」駅バス7分 徒歩1～11分</li><li>JR中央本線「高尾」駅 徒歩29～38分</li>
tokyo,hachioji,館ヶ丘,60700,,,,JR中央線「高尾」駅,8.0,18.0,八王子市館町1097,3-6号棟,鉄筋コンクリート造,4,N,406号室,3K,48,5,56200,4500,2か月,"['近居割', '近居割WIDE']",随時,https://www.ur-net.go.jp/chintai/kanto/tokyo/20_2600_room.html?JKSS=003060406,<li>JR中央線「高尾」駅バス7分 徒歩1～11分</li><li>京王高尾線「高尾」駅バス7分 徒歩1～11分</li><li>JR中央本線「高尾」駅 徒歩29～38分</li>
tokyo,hachioji,館ヶ丘,60700,,,,京王高尾線「高尾」駅,8.0,18.0,八王子市館町1097,3-6号棟,鉄筋コンクリート造,4,N,406号室,3K,48,5,56200,4500,2か月,"['近居割', '近居割WIDE']",随時,https://www.ur-net.go.jp/chintai/kanto/tokyo/20_2600_room.html?JKSS=003060406,<li>JR中央線「高尾」駅バス7分 徒歩1～11分</li><li>京王高尾線「高尾」駅バス7分 徒歩1～11分</li><li>JR中央本線「高尾」駅 徒歩29～38分</li>
tokyo,hachioji,館ヶ丘,60700,JR中央本線「高尾」駅,29.0,38.0,,,,八王子市館町1097,3-6号棟,鉄筋コンクリート造,4,N,406号室,3K,48,5,56200,4500,2か月,"['近居割', '近居割WIDE']",随時,https://www.ur-net.go.jp/chintai/kanto/tokyo/20_2600_room.html?JKSS=003060406,<li>JR中央線「高尾」駅バス7分 徒歩1～11分</li><li>京王高尾線「高尾」駅バス7分 徒歩1～11分</li><li>JR中央本線「高尾」駅 徒歩29～38分</li>
tokyo,hachioji,館ヶ丘,60700,,,,,,,八王子市館町1097,3-6号棟,鉄筋コンクリート造,4,N,406号室,3K,48,5,56200,4500,2か月,"['近居割', '近居割WIDE']",随時,https://www.ur-net.go.jp/chintai/kanto/tokyo/20_2600_room.html?JKSS=003060406,<li>JR中央線「高尾」駅バス7分 徒歩1～11分</li><li>京王高尾線「高尾」駅バス7分 徒歩1～11分</li><li>JR中央本線「高尾」駅 徒歩29～38分</li>
tokyo,hachioji,館ヶ丘,61900,,,,JR中央線「高尾」駅,8.0,18.0,八王子市館町1097,1-9号棟,鉄筋コンクリート造,5,N,503号室,2LDK,53,5,57400,4500,2か月,"['近居割', '近居割WIDE']",随時,https://www.ur-net.go.jp/chintai/kanto/tokyo/20_2600_room.html?JKSS=001090503,<li>JR中央線「高尾」駅バス7分 徒歩1～11分</li><li>京王高尾線「高尾」駅バス7分 徒歩1～11分</li><li>JR中央本線「高尾」駅 徒歩29～38分</li>
tokyo,hachioji,館ヶ丘,61900,,,,京王高尾線「高尾」駅,8.0,18.0,八王子市館町1097,1-9号棟,鉄筋コンクリート造,5,N,503号室,2LDK,53,5,57400,4500,2か月,"['近居割', '近居割WIDE']",随時,https://www.ur-net.go.jp/chintai/kanto/tokyo/20_2600_room.html?JKSS=001090503,<li>JR中央線「高尾」駅バス7分 徒歩1～11分</li><li>京王高尾線「高尾」駅バス7分 徒歩1～11分</li><li>JR中央本線「高尾」駅 徒歩29～38分</li>
tokyo,hachioji,館ヶ丘,61900,JR中央本線「高尾」駅,29.0,38.0,,,,八王子市館町1097,1-9号棟,鉄筋コンクリート造,5,N,503号室,2LDK,53,5,57400,4500,2か月,"['近居割', '近居割WIDE']",随時,https://www.ur-net.go.jp/chintai/kanto/tokyo/20_2600_room.html?JKSS=001090503,<li>JR中央線「高尾」駅バス7分 徒歩1～11分</li><li>京王高尾線「高尾」駅バス7分 徒歩1～11分</li><li>JR中央本線「高尾」駅 徒歩29～38分</li>
tokyo,hachioji,館ヶ丘,61900,,,,,,,八王子市館町1097,1-9号棟,鉄筋コンクリート造,5,N,503号室,2LDK,53,5,57400,4500,2か月,"['近居割', '近居割WIDE']",随時,https://www.ur-net.go.jp/chintai/kanto/tokyo/20_2600_room.html?JKSS=001090503,<li>JR中央線「高尾」駅バス7分 徒歩1～11分</li><li>京王高尾線「高尾」駅バス7分 徒歩1～11分</li><li>JR中央本線「高尾」駅 徒歩29～38分</li>
tokyo,hachioji,館ヶ丘,65400,,,,JR中央線「高尾」駅,8.0,18.0,八王子市館町1097,1-8号棟,鉄筋コンクリート造,4,N,409号室,3DK,53,5,60900,4500,2か月,['フリレ１か月'],随時,https://www.ur-net.go.jp/chintai/kanto/tokyo/20_2600_room.html?JKSS=001080409,<li>JR中央線「高尾」駅バス7分 徒歩1～11分</li><li>京王高尾線「高尾」駅バス7分 徒歩1～11分</li><li>JR中央本線「高尾」駅 徒歩29～38分</li>
tokyo,hachioji,館ヶ丘,65400,,,,京王高尾線「高尾」駅,8.0,18.0,八王子市館町1097,1-8号棟,鉄筋コンクリート造,4,N,409号室,3DK,53,5,60900,4500,2か月,['フリレ１か月'],随時,https://www.ur-net.go.jp/chintai/kanto/tokyo/20_2600_room.html?JKSS=001080409,<li>JR中央線「高尾」駅バス7分 徒歩1～11分</li><li>京王高尾線「高尾」駅バス7分 徒歩1～11分</li><li>JR中央本線「高尾」駅 徒歩29～38分</li>
tokyo,hachioji,館ヶ丘,65400,JR中央本線「高尾」駅,29.0,38.0,,,,八王子市館町1097,1-8号棟,鉄筋コンクリート造,4,N,409号室,3DK,53,5,60900,4500,2か月,['フリレ１か月'],随時,https://www.ur-net.go.jp/chintai/kanto/tokyo/20_2600_room.html?JKSS=001080409,<li>JR中央線「高尾」駅バス7分 徒歩1～11分</li><li>京王高尾線「高尾」駅バス7分 徒歩1～11分</li><li>JR中央本線「高尾」駅 徒歩29～38分</li>
tokyo,hachioji,館ヶ丘,65400,,,,,,,八王子市館町1097,1-8号棟,鉄筋コンクリート造,4,N,409号室,3DK,53,5,60900,4500,2か月,['フリレ１か月'],随時,https://www.ur-net.go.jp/chintai/kanto/tokyo/20_2600_room.html?JKSS=001080409,<li>JR中央線「高尾」駅バス7分 徒歩1～11分</li><li>京王高尾線「高尾」駅バス7分 徒歩1～11分</li><li>JR中央本線「高尾」駅 徒歩29～38分</li>
tokyo,nagayama,多摩ニュータウン　松が谷,77400,多摩都市モノレール「松が谷」駅,5.0,8.0,,,,八王子市松が谷27ほか,27-6号棟,鉄筋コンクリート造,2,N,201号室,2DK,50,5,72400,5000,2か月,['健康寿命サポート'],随時,https://www.ur-net.go.jp/chintai/kanto/tokyo/20_2720_room.html?JKSS=027060201,<li>多摩都市モノレール「松が谷」駅 徒歩5～8分</li><li>京王相模原線「京王多摩センター」駅・小田急多摩線「小田急多摩センター」駅・多摩都市モノレール「多摩センター」駅バス5分 徒歩2～4分</li>
tokyo,nagayama,多摩ニュータウン　松が谷,77400,,,,京王相模原線「京王多摩センター」駅・小田急多摩線「小田急多摩センター」駅・多摩都市モノレール「多摩センター」駅,7.0,9.0,八王子市松が谷27ほか,27-6号棟,鉄筋コンクリート造,2,N,201号室,2DK,50,5,72400,5000,2か月,['健康寿命サポート'],随時,https://www.ur-net.go.jp/chintai/kanto/tokyo/20_2720_room.html?JKSS=027060201,<li>多摩都市モノレール「松が谷」駅 徒歩5～8分</li><li>京王相模原線「京王多摩センター」駅・小田急多摩線「小田急多摩センター」駅・多摩都市モノレール「多摩センター」駅バス5分 徒歩2～4分</li>
tokyo,nagayama,多摩ニュータウン　松が谷,77400,,,,,,,八王子市松が谷27ほか,27-6号棟,鉄筋コンクリート造,2,N,201号室,2DK,50,5,72400,5000,2か月,['健康寿命サポート'],随時,https://www.ur-net.go.jp/chintai/kanto/tokyo/20_2720_room.html?JKSS=027060201,<li>多摩都市モノレール「松が谷」駅 徒歩5～8分</li><li>京王相模原線「京王多摩センター」駅・小田急多摩線「小田急多摩センター」駅・多摩都市モノレール「多摩センター」駅バス5分 徒歩2～4分</li>
tokyo,hachioji,グリーンヒル寺田,79100,,,,京王高尾線「めじろ台」駅,7.0,13.0,八王子市寺田町432,98号棟,鉄筋コンクリート造、鉄骨鉄筋コンクリート造,3,N,308号室,3DK,68,8,74200,4900,2か月,"['近居割', '近居割WIDE']",随時,https://www.ur-net.go.jp/chintai/kanto/tokyo/20_3370_room.html?JKSS=000980308,<li>京王高尾線「めじろ台」駅バス6分 徒歩1～7分</li><li>JR中央線「西八王子」駅バス17分 徒歩1～7分</li><li>JR横浜線「八王子みなみ野」駅バス12分 徒歩1～7分</li>
tokyo,hachioji,グリーンヒル寺田,79100,,,,JR中央線「西八王子」駅,18.0,24.0,八王子市寺田町432,98号棟,鉄筋コンクリート造、鉄骨鉄筋コンクリート造,3,N,308号室,3DK,68,8,74200,4900,2か月,"['近居割', '近居割WIDE']",随時,https://www.ur-net.go.jp/chintai/kanto/tokyo/20_3370_room.html?JKSS=000980308,<li>京王高尾線「めじろ台」駅バス6分 徒歩1～7分</li><li>JR中央線「西八王子」駅バス17分 徒歩1～7分</li><li>JR横浜線「八王子みなみ野」駅バス12分 徒歩1～7分</li>
tokyo,hachioji,グリーンヒル寺田,79100,,,,JR横浜線「八王子みなみ野」駅,13.0,19.0,八王子市寺田町432,98号棟,鉄筋コンクリート造、鉄骨鉄筋コンクリート造,3,N,308号室,3DK,68,8,74200,4900,2か月,"['近居割', '近居割WIDE']",随時,https://www.ur-net.go.jp/chintai/kanto/tokyo/20_3370_room.html?JKSS=000980308,<li>京王高尾線「めじろ台」駅バス6分 徒歩1～7分</li><li>JR中央線「西八王子」駅バス17分 徒歩1～7分</li><li>JR横浜線「八王子みなみ野」駅バス12分 徒歩1～7分</li>
tokyo,hachioji,グリーンヒル寺田,79100,,,,,,,八王子市寺田町432,98号棟,鉄筋コンクリート造、鉄骨鉄筋コンクリート造,3,N,308号室,3DK,68,8,74200,4900,2か月,"['近居割', '近居割WIDE']",随時,https://www.ur-net.go.jp/chintai/kanto/tokyo/20_3370_room.html?JKSS=000980308,<li>京王高尾線「めじろ台」駅バス6分 徒歩1～7分</li><li>JR中央線「西八王子」駅バス17分 徒歩1～7分</li><li>JR横浜線「八王子みなみ野」駅バス12分 徒歩1～7分</li>
tokyo,hachioji,八王子パークヒル 宇津木台,88900,JR八高線「小宮」駅,11.0,16.0,,,,八王子市久保山町2ほか,,鉄筋コンクリート造,1,N,109号室,2LDK,66,9,84700,4200,2か月,['近居割'],随時,https://www.ur-net.go.jp/chintai/kanto/tokyo/20_4080_room.html?JKSS=109010109,<li>JR八高線「小宮」駅 徒歩11～16分</li><li>JR中央線「日野」駅バス13分 徒歩3～5分</li><li>JR中央線「八王子」・京王線「京王八王子」駅バス22～24分 徒歩3～5分</li>
tokyo,hachioji,八王子パークヒル 宇津木台,88900,,,,JR中央線「日野」駅,16.0,18.0,八王子市久保山町2ほか,,鉄筋コンクリート造,1,N,109号室,2LDK,66,9,84700,4200,2か月,['近居割'],随時,https://www.ur-net.go.jp/chintai/kanto/tokyo/20_4080_room.html?JKSS=109010109,<li>JR八高線「小宮」駅 徒歩11～16分</li><li>JR中央線「日野」駅バス13分 徒歩3～5分</li><li>JR中央線「八王子」・京王線「京王八王子」駅バス22～24分 徒歩3～5分</li>
tokyo,hachioji,八王子パークヒル 宇津木台,88900,,,,JR中央線「八王子」・京王線「京王八王子」駅,25.0,29.0,八王子市久保山町2ほか,,鉄筋コンクリート造,1,N,109号室,2LDK,66,9,84700,4200,2か月,['近居割'],随時,https://www.ur-net.go.jp/chintai/kanto/tokyo/20_4080_room.html?JKSS=109010109,<li>JR八高線「小宮」駅 徒歩11～16分</li><li>JR中央線「日野」駅バス13分 徒歩3～5分</li><li>JR中央線「八王子」・京王線「京王八王子」駅バス22～24分 徒歩3～5分</li>
tokyo,hachioji,八王子パークヒル 宇津木台,88900,,,,,,,八王子市久保山町2ほか,,鉄筋コンクリート造,1,N,109号室,2LDK,66,9,84700,4200,2か月,['近居割'],随時,https://www.ur-net.go.jp/chintai/kanto/tokyo/20_4080_room.html?JKSS=109010109,<li>JR八高線「小宮」駅 徒歩11～16分</li><li>JR中央線「日野」駅バス13分 徒歩3～5分</li><li>JR中央線「八王子」・京王線「京王八王子」駅バス22～24分 徒歩3～5分</li>
tokyo,hachioji,八王子パークヒル 宇津木台,91800,JR八高線「小宮」駅,11.0,16.0,,,,八王子市久保山町2ほか,,鉄筋コンクリート造,5,N,511号室,1LDK,51,9,87600,4200,2か月,['近居割'],随時,https://www.ur-net.go.jp/chintai/kanto/tokyo/20_4080_room.html?JKSS=109010511,<li>JR八高線「小宮」駅 徒歩11～16分</li><li>JR中央線「日野」駅バス13分 徒歩3～5分</li><li>JR中央線「八王子」・京王線「京王八王子」駅バス22～24分 徒歩3～5分</li>
tokyo,hachioji,八王子パークヒル 宇津木台,91800,,,,JR中央線「日野」駅,16.0,18.0,八王子市久保山町2ほか,,鉄筋コンクリート造,5,N,511号室,1LDK,51,9,87600,4200,2か月,['近居割'],随時,https://www.ur-net.go.jp/chintai/kanto/tokyo/20_4080_room.html?JKSS=109010511,<li>JR八高線「小宮」駅 徒歩11～16分</li><li>JR中央線「日野」駅バス13分 徒歩3～5分</li><li>JR中央線「八王子」・京王線「京王八王子」駅バス22～24分 徒歩3～5分</li>
tokyo,hachioji,八王子パークヒル 宇津木台,91800,,,,JR中央線「八王子」・京王線「京王八王子」駅,25.0,29.0,八王子市久保山町2ほか,,鉄筋コンクリート造,5,N,511号室,1LDK,51,9,87600,4200,2か月,['近居割'],随時,https://www.ur-net.go.jp/chintai/kanto/tokyo/20_4080_room.html?JKSS=109010511,<li>JR八高線「小宮」駅 徒歩11～16分</li><li>JR中央線「日野」駅バス13分 徒歩3～5分</li><li>JR中央線「八王子」・京王線「京王八王子」駅バス22～24分 徒歩3～5分</li>
tokyo,hachioji,八王子パークヒル 宇津木台,91800,,,,,,,八王子市久保山町2ほか,,鉄筋コンクリート造,5,N,511号室,1LDK,51,9,87600,4200,2か月,['近居割'],随時,https://www.ur-net.go.jp/chintai/kanto/tokyo/20_4080_room.html?JKSS=109010511,<li>JR八高線「小宮」駅 徒歩11～16分</li><li>JR中央線「日野」駅バス13分 徒歩3～5分</li><li>JR中央線「八王子」・京王線「京王八王子」駅バス22～24分 徒歩3～5分</li>
tokyo,hachioji,八王子パークヒル 宇津木台,93300,JR八高線「小宮」駅,11.0,16.0,,,,八王子市久保山町2ほか,3号棟,鉄筋コンクリート造,5,N,506号室,3LDK,75,5,89600,3700,2か月,['近居割'],随時,https://www.ur-net.go.jp/chintai/kanto/tokyo/20_4080_room.html?JKSS=002030506,<li>JR八高線「小宮」駅 徒歩11～16分</li><li>JR中央線「日野」駅バス13分 徒歩3～5分</li><li>JR中央線「八王子」・京王線「京王八王子」駅バス22～24分 徒歩3～5分</li>
tokyo,hachioji,八王子パークヒル 宇津木台,93300,,,,JR中央線「日野」駅,16.0,18.0,八王子市久保山町2ほか,3号棟,鉄筋コンクリート造,5,N,506号室,3LDK,75,5,89600,3700,2か月,['近居割'],随時,https://www.ur-net.go.jp/chintai/kanto/tokyo/20_4080_room.html?JKSS=002030506,<li>JR八高線「小宮」駅 徒歩11～16分</li><li>JR中央線「日野」駅バス13分 徒歩3～5分</li><li>JR中央線「八王子」・京王線「京王八王子」駅バス22～24分 徒歩3～5分</li>
tokyo,hachioji,八王子パークヒル 宇津木台,93300,,,,JR中央線「八王子」・京王線「京王八王子」駅,25.0,29.0,八王子市久保山町2ほか,3号棟,鉄筋コンクリート造,5,N,506号室,3LDK,75,5,89600,3700,2か月,['近居割'],随時,https://www.ur-net.go.jp/chintai/kanto/tokyo/20_4080_room.html?JKSS=002030506,<li>JR八高線「小宮」駅 徒歩11～16分</li><li>JR中央線「日野」駅バス13分 徒歩3～5分</li><li>JR中央線「八王子」・京王線「京王八王子」駅バス22～24分 徒歩3～5分</li>
tokyo,hachioji,八王子パークヒル 宇津木台,93300,,,,,,,八王子市久保山町2ほか,3号棟,鉄筋コンクリート造,5,N,506号室,3LDK,75,5,89600,3700,2か月,['近居割'],随時,https://www.ur-net.go.jp/chintai/kanto/tokyo/20_4080_room.html?JKSS=002030506,<li>JR八高線「小宮」駅 徒歩11～16分</li><li>JR中央線「日野」駅バス13分 徒歩3～5分</li><li>JR中央線「八王子」・京王線「京王八王子」駅バス22～24分 徒歩3～5分</li>
tokyo,hachioji,八王子パークヒル 宇津木台,102500,JR八高線「小宮」駅,11.0,16.0,,,,八王子市久保山町2ほか,154号棟,鉄筋コンクリート造,7,N,711号室,2LDK,69,7,98300,4200,2か月,['近居割'],随時,https://www.ur-net.go.jp/chintai/kanto/tokyo/20_4080_room.html?JKSS=191540711,<li>JR八高線「小宮」駅 徒歩11～16分</li><li>JR中央線「日野」駅バス13分 徒歩3～5分</li><li>JR中央線「八王子」・京王線「京王八王子」駅バス22～24分 徒歩3～5分</li>
tokyo,hachioji,八王子パークヒル 宇津木台,102500,,,,JR中央線「日野」駅,16.0,18.0,八王子市久保山町2ほか,154号棟,鉄筋コンクリート造,7,N,711号室,2LDK,69,7,98300,4200,2か月,['近居割'],随時,https://www.ur-net.go.jp/chintai/kanto/tokyo/20_4080_room.html?JKSS=191540711,<li>JR八高線「小宮」駅 徒歩11～16分</li><li>JR中央線「日野」駅バス13分 徒歩3～5分</li><li>JR中央線「八王子」・京王線「京王八王子」駅バス22～24分 徒歩3～5分</li>
tokyo,hachioji,八王子パークヒル 宇津木台,102500,,,,JR中央線「八王子」・京王線「京王八王子」駅,25.0,29.0,八王子市久保山町2ほか,154号棟,鉄筋コンクリート造,7,N,711号室,2LDK,69,7,98300,4200,2か月,['近居割'],随時,https://www.ur-net.go.jp/chintai/kanto/tokyo/20_4080_room.html?JKSS=191540711,<li>JR八高線「小宮」駅 徒歩11～16分</li><li>JR中央線「日野」駅バス13分 徒歩3～5分</li><li>JR中央線「八王子」・京王線「京王八王子」駅バス22～24分 徒歩3～5分</li>
tokyo,hachioji,八王子パークヒル 宇津木台,102500,,,,,,,八王子市久保山町2ほか,154号棟,鉄筋コンクリート造,7,N,711号室,2LDK,69,7,98300,4200,2か月,['近居割'],随時,https://www.ur-net.go.jp/chintai/kanto/tokyo/20_4080_room.html?JKSS=191540711,<li>JR八高線「小宮」駅 徒歩11～16分</li><li>JR中央線「日野」駅バス13分 徒歩3～5分</li><li>JR中央線「八王子」・京王線「京王八王子」駅バス22～24分 徒歩3～5分</li>
tokyo,minamiosawa,多摩ニュータウン ライブ長池 長池公園せせらぎ通り南,97100,京王相模原線「京王堀之内」駅,20.0,21.0,京王相模原線「京王堀之内」駅,9.0,10.0,八王子市別所2-46,1号棟,鉄筋コンクリート造,4,N,403号室,2LDK,65,9,92300,4800,2か月,"['近居割', '近居割WIDE']",随時,https://www.ur-net.go.jp/chintai/kanto/tokyo/20_5100_room.html?JKSS=000010403,<li>京王相模原線「京王堀之内」駅 徒歩20～21分 または バス4分 徒歩5～6分</li><li>京王相模原線「南大沢」駅バス8分 徒歩7～10分</li>
tokyo,minamiosawa,多摩ニュータウン ライブ長池 長池公園せせらぎ通り南,97100,,,,京王相模原線「南大沢」駅,15.0,18.0,八王子市別所2-46,1号棟,鉄筋コンクリート造,4,N,403号室,2LDK,65,9,92300,4800,2か月,"['近居割', '近居割WIDE']",随時,https://www.ur-net.go.jp/chintai/kanto/tokyo/20_5100_room.html?JKSS=000010403,<li>京王相模原線「京王堀之内」駅 徒歩20～21分 または バス4分 徒歩5～6分</li><li>京王相模原線「南大沢」駅バス8分 徒歩7～10分</li>
tokyo,minamiosawa,多摩ニュータウン ライブ長池 長池公園せせらぎ通り南,97100,,,,,,,八王子市別所2-46,1号棟,鉄筋コンクリート造,4,N,403号室,2LDK,65,9,92300,4800,2か月,"['近居割', '近居割WIDE']",随時,https://www.ur-net.go.jp/chintai/kanto/tokyo/20_5100_room.html?JKSS=000010403,<li>京王相模原線「京王堀之内」駅 徒歩20～21分 または バス4分 徒歩5～6分</li><li>京王相模原線「南大沢」駅バス8分 徒歩7～10分</li>
tokyo,minamiosawa,多摩ニュータウン ライブ長池 蓮生寺公園通り二番街,102600,京王相模原線「京王堀之内」駅,10.0,12.0,,,,八王子市別所1-31,1号棟,鉄筋コンクリート造,5,N,502号室,1LDK,51,5,97300,5300,2か月,"['近居割', '近居割WIDE']",随時,https://www.ur-net.go.jp/chintai/kanto/tokyo/20_5080_room.html?JKSS=000010502,<li>京王相模原線「京王堀之内」駅 徒歩10～12分</li><li>小田急多摩線「唐木田」駅バス4分 徒歩18～19分</li><li>京王相模原線「南大沢」駅バス11分 徒歩2～3分</li>
tokyo,minamiosawa,多摩ニュータウン ライブ長池 蓮生寺公園通り二番街,102600,,,,小田急多摩線「唐木田」駅,22.0,23.0,八王子市別所1-31,1号棟,鉄筋コンクリート造,5,N,502号室,1LDK,51,5,97300,5300,2か月,"['近居割', '近居割WIDE']",随時,https://www.ur-net.go.jp/chintai/kanto/tokyo/20_5080_room.html?JKSS=000010502,<li>京王相模原線「京王堀之内」駅 徒歩10～12分</li><li>小田急多摩線「唐木田」駅バス4分 徒歩18～19分</li><li>京王相模原線「南大沢」駅バス11分 徒歩2～3分</li>
tokyo,minamiosawa,多摩ニュータウン ライブ長池 蓮生寺公園通り二番街,102600,,,,京王相模原線「南大沢」駅,13.0,14.0,八王子市別所1-31,1号棟,鉄筋コンクリート造,5,N,502号室,1LDK,51,5,97300,5300,2か月,"['近居割', '近居割WIDE']",随時,https://www.ur-net.go.jp/chintai/kanto/tokyo/20_5080_room.html?JKSS=000010502,<li>京王相模原線「京王堀之内」駅 徒歩10～12分</li><li>小田急多摩線「唐木田」駅バス4分 徒歩18～19分</li><li>京王相模原線「南大沢」駅バス11分 徒歩2～3分</li>
tokyo,minamiosawa,多摩ニュータウン ライブ長池 蓮生寺公園通り二番街,102600,,,,,,,八王子市別所1-31,1号棟,鉄筋コンクリート造,5,N,502号室,1LDK,51,5,97300,5300,2か月,"['近居割', '近居割WIDE']",随時,https://www.ur-net.go.jp/chintai/kanto/tokyo/20_5080_room.html?JKSS=000010502,<li>京王相模原線「京王堀之内」駅 徒歩10～12分</li><li>小田急多摩線「唐木田」駅バス4分 徒歩18～19分</li><li>京王相模原線「南大沢」駅バス11分 徒歩2～3分</li>
tokyo,minamiosawa,多摩ニュータウン ライブ長池 蓮生寺公園通り二番街,120500,京王相模原線「京王堀之内」駅,10.0,12.0,,,,八王子市別所1-31,3号棟,鉄筋コンクリート造,4,N,401号室,3LDK,75,5,115200,5300,2か月,"['近居割', '近居割WIDE']",随時,https://www.ur-net.go.jp/chintai/kanto/tokyo/20_5080_room.html?JKSS=000030401,<li>京王相模原線「京王堀之内」駅 徒歩10～12分</li><li>小田急多摩線「唐木田」駅バス4分 徒歩18～19分</li><li>京王相模原線「南大沢」駅バス11分 徒歩2～3分</li>
tokyo,minamiosawa,多摩ニュータウン ライブ長池 蓮生寺公園通り二番街,120500,,,,小田急多摩線「唐木田」駅,22.0,23.0,八王子市別所1-31,3号棟,鉄筋コンクリート造,4,N,401号室,3LDK,75,5,115200,5300,2か月,"['近居割', '近居割WIDE']",随時,https://www.ur-net.go.jp/chintai/kanto/tokyo/20_5080_room.html?JKSS=000030401,<li>京王相模原線「京王堀之内」駅 徒歩10～12分</li><li>小田急多摩線「唐木田」駅バス4分 徒歩18～19分</li><li>京王相模原線「南大沢」駅バス11分 徒歩2～3分</li>
tokyo,minamiosawa,多摩ニュータウン ライブ長池 蓮生寺公園通り二番街,120500,,,,京王相模原線「南大沢」駅,13.0,14.0,八王子市別所1-31,3号棟,鉄筋コンクリート造,4,N,401号室,3LDK,75,5,115200,5300,2か月,"['近居割', '近居割WIDE']",随時,https://www.ur-net.go.jp/chintai/kanto/tokyo/20_5080_room.html?JKSS=000030401,<li>京王相模原線「京王堀之内」駅 徒歩10～12分</li><li>小田急多摩線「唐木田」駅バス4分 徒歩18～19分</li><li>京王相模原線「南大沢」駅バス11分 徒歩2～3分</li>
tokyo,minamiosawa,多摩ニュータウン ライブ長池 蓮生寺公園通り二番街,120500,,,,,,,八王子市別所1-31,3号棟,鉄筋コンクリート造,4,N,401号室,3LDK,75,5,115200,5300,2か月,"['近居割', '近居割WIDE']",随時,https://www.ur-net.go.jp/chintai/kanto/tokyo/20_5080_room.html?JKSS=000030401,<li>京王相模原線「京王堀之内」駅 徒歩10～12分</li><li>小田急多摩線「唐木田」駅バス4分 徒歩18～19分</li><li>京王相模原線「南大沢」駅バス11分 徒歩2～3分</li>
tokyo,minamiosawa,多摩ニュータウン ライブ長池 コリナス長池,107400,京王相模原線「京王堀之内」駅,4.0,8.0,,,,八王子市別所2-12ほか,13-1号棟,鉄筋コンクリート造、鉄骨鉄筋コンクリート造,2,N,211号室,1LDK,52,5,103400,4000,2か月,"['近居割', '近居割WIDE']",随時,https://www.ur-net.go.jp/chintai/kanto/tokyo/20_4490_room.html?JKSS=013010211,<li>京王相模原線「京王堀之内」駅 徒歩4～8分</li><li>京王相模原線「南大沢」駅バス15分 徒歩4～8分</li><li>小田急多摩線「唐木田」駅 徒歩25～28分</li>
tokyo,minamiosawa,多摩ニュータウン ライブ長池 コリナス長池,107400,,,,京王相模原線「南大沢」駅,19.0,23.0,八王子市別所2-12ほか,13-1号棟,鉄筋コンクリート造、鉄骨鉄筋コンクリート造,2,N,211号室,1LDK,52,5,103400,4000,2か月,"['近居割', '近居割WIDE']",随時,https://www.ur-net.go.jp/chintai/kanto/tokyo/20_4490_room.html?JKSS=013010211,<li>京王相模原線「京王堀之内」駅 徒歩4～8分</li><li>京王相模原線「南大沢」駅バス15分 徒歩4～8分</li><li>小田急多摩線「唐木田」駅 徒歩25～28分</li>
tokyo,minamiosawa,多摩ニュータウン ライブ長池 コリナス長池,107400,小田急多摩線「唐木田」駅,25.0,28.0,,,,八王子市別所2-12ほか,13-1号棟,鉄筋コンクリート造、鉄骨鉄筋コンクリート造,2,N,211号室,1LDK,52,5,103400,4000,2か月,"['近居割', '近居割WIDE']",随時,https://www.ur-net.go.jp/chintai/kanto/tokyo/20_4490_room.html?JKSS=013010211,<li>京王相模原線「京王堀之内」駅 徒歩4～8分</li><li>京王相模原線「南大沢」駅バス15分 徒歩4～8分</li><li>小田急多摩線「唐木田」駅 徒歩25～28分</li>
tokyo,minamiosawa,多摩ニュータウン ライブ長池 コリナス長池,107400,,,,,,,八王子市別所2-12ほか,13-1号棟,鉄筋コンクリート造、鉄骨鉄筋コンクリート造,2,N,211号室,1LDK,52,5,103400,4000,2か月,"['近居割', '近居割WIDE']",随時,https://www.ur-net.go.jp/chintai/kanto/tokyo/20_4490_room.html?JKSS=013010211,<li>京王相模原線「京王堀之内」駅 徒歩4～8分</li><li>京王相模原線「南大沢」駅バス15分 徒歩4～8分</li><li>小田急多摩線「唐木田」駅 徒歩25～28分</li>
tokyo,hachioji,八王子みなみ野シティ ヴェルディールみなみ野西,112800,JR横浜線「八王子みなみ野」駅,10.0,10.0,,,,八王子市みなみ野1-11,4号棟,鉄筋コンクリート造,4,N,409号室,3DK,62,5,109600,3200,2か月,['近居割'],随時,https://www.ur-net.go.jp/chintai/kanto/tokyo/20_5640_room.html?JKSS=000040409,<li>JR横浜線「八王子みなみ野」駅 徒歩10分</li>
tokyo,hachioji,八王子みなみ野シティ ヴェルディールみなみ野西,112800,,,,,,,八王子市みなみ野1-11,4号棟,鉄筋コンクリート造,4,N,409号室,3DK,62,5,109600,3200,2か月,['近居割'],随時,https://www.ur-net.go.jp/chintai/kanto/tokyo/20_5640_room.html?JKSS=000040409,<li>JR横浜線「八王子みなみ野」駅 徒歩10分</li>
tokyo,minamiosawa,多摩ニュータウン シティハイツ南大沢,114200,京王相模原線「南大沢」駅,7.0,9.0,,,,八王子市南大沢4-10,7号棟,鉄筋コンクリート造,4,N,405号室,3LDK,76,5,109600,4600,2か月,"['近居割', '近居割WIDE']",随時,https://www.ur-net.go.jp/chintai/kanto/tokyo/20_3770_room.html?JKSS=000070405,<li>京王相模原線「南大沢」駅 徒歩7～9分</li><li>京王相模原線「多摩境」駅 徒歩24～26分</li><li>京王相模原線「京王堀之内」駅 徒歩40～42分</li>
tokyo,minamiosawa,多摩ニュータウン シティハイツ南大沢,114200,京王相模原線「多摩境」駅,24.0,26.0,,,,八王子市南大沢4-10,7号棟,鉄筋コンクリート造,4,N,405号室,3LDK,76,5,109600,4600,2か月,"['近居割', '近居割WIDE']",随時,https://www.ur-net.go.jp/chintai/kanto/tokyo/20_3770_room.html?JKSS=000070405,<li>京王相模原線「南大沢」駅 徒歩7～9分</li><li>京王相模原線「多摩境」駅 徒歩24～26分</li><li>京王相模原線「京王堀之内」駅 徒歩40～42分</li>
tokyo,minamiosawa,多摩ニュータウン シティハイツ南大沢,114200,京王相模原線「京王堀之内」駅,40.0,42.0,,,,八王子市南大沢4-10,7号棟,鉄筋コンクリート造,4,N,405号室,3LDK,76,5,109600,4600,2か月,"['近居割', '近居割WIDE']",随時,https://www.ur-net.go.jp/chintai/kanto/tokyo/20_3770_room.html?JKSS=000070405,<li>京王相模原線「南大沢」駅 徒歩7～9分</li><li>京王相模原線「多摩境」駅 徒歩24～26分</li><li>京王相模原線「京王堀之内」駅 徒歩40～42分</li>
tokyo,minamiosawa,多摩ニュータウン シティハイツ南大沢,114200,,,,,,,八王子市南大沢4-10,7号棟,鉄筋コンクリート造,4,N,405号室,3LDK,76,5,109600,4600,2か月,"['近居割', '近居割WIDE']",随時,https://www.ur-net.go.jp/chintai/kanto/tokyo/20_3770_room.html?JKSS=000070405,<li>京王相模原線「南大沢」駅 徒歩7～9分</li><li>京王相模原線「多摩境」駅 徒歩24～26分</li><li>京王相模原線「京王堀之内」駅 徒歩40～42分</li>
tokyo,minamiosawa,多摩ニュータウン シティハイツ南大沢,160300,京王相模原線「南大沢」駅,7.0,9.0,,,,八王子市南大沢4-10,10号棟,鉄筋コンクリート造,4,N,408号室,3LDK,97,10,155400,4900,2か月,"['近居割', '近居割WIDE']",随時,https://www.ur-net.go.jp/chintai/kanto/tokyo/20_3770_room.html?JKSS=000100408,<li>京王相模原線「南大沢」駅 徒歩7～9分</li><li>京王相模原線「多摩境」駅 徒歩24～26分</li><li>京王相模原線「京王堀之内」駅 徒歩40～42分</li>
tokyo,minamiosawa,多摩ニュータウン シティハイツ南大沢,160300,京王相模原線「多摩境」駅,24.0,26.0,,,,八王子市南大沢4-10,10号棟,鉄筋コンクリート造,4,N,408号室,3LDK,97,10,155400,4900,2か月,"['近居割', '近居割WIDE']",随時,https://www.ur-net.go.jp/chintai/kanto/tokyo/20_3770_room.html?JKSS=000100408,<li>京王相模原線「南大沢」駅 徒歩7～9分</li><li>京王相模原線「多摩境」駅 徒歩24～26分</li><li>京王相模原線「京王堀之内」駅 徒歩40～42分</li>
tokyo,minamiosawa,多摩ニュータウン シティハイツ南大沢,160300,京王相模原線「京王堀之内」駅,40.0,42.0,,,,八王子市南大沢4-10,10号棟,鉄筋コンクリート造,4,N,408号室,3LDK,97,10,155400,4900,2か月,"['近居割', '近居割WIDE']",随時,https://www.ur-net.go.jp/chintai/kanto/tokyo/20_3770_room.html?JKSS=000100408,<li>京王相模原線「南大沢」駅 徒歩7～9分</li><li>京王相模原線「多摩境」駅 徒歩24～26分</li><li>京王相模原線「京王堀之内」駅 徒歩40～42分</li>
tokyo,minamiosawa,多摩ニュータウン シティハイツ南大沢,160300,,,,,,,八王子市南大沢4-10,10号棟,鉄筋コンクリート造,4,N,408号室,3LDK,97,10,155400,4900,2か月,"['近居割', '近居割WIDE']",随時,https://www.ur-net.go.jp/chintai/kanto/tokyo/20_3770_room.html?JKSS=000100408,<li>京王相模原線「南大沢」駅 徒歩7～9分</li><li>京王相模原線「多摩境」駅 徒歩24～26分</li><li>京王相模原線「京王堀之内」駅 徒歩40～42分</li>
tokyo,minamiosawa,多摩ニュータウン シティハイツ南大沢,161500,京王相模原線「南大沢」駅,7.0,9.0,,,,八王子市南大沢4-10,10号棟,鉄筋コンクリート造,6,N,608号室,3LDK,97,10,156600,4900,2か月,"['近居割', '近居割WIDE']",随時,https://www.ur-net.go.jp/chintai/kanto/tokyo/20_3770_room.html?JKSS=000100608,<li>京王相模原線「南大沢」駅 徒歩7～9分</li><li>京王相模原線「多摩境」駅 徒歩24～26分</li><li>京王相模原線「京王堀之内」駅 徒歩40～42分</li>
tokyo,minamiosawa,多摩ニュータウン シティハイツ南大沢,161500,京王相模原線「多摩境」駅,24.0,26.0,,,,八王子市南大沢4-10,10号棟,鉄筋コンクリート造,6,N,608号室,3LDK,97,10,156600,4900,2か月,"['近居割', '近居割WIDE']",随時,https://www.ur-net.go.jp/chintai/kanto/tokyo/20_3770_room.html?JKSS=000100608,<li>京王相模原線「南大沢」駅 徒歩7～9分</li><li>京王相模原線「多摩境」駅 徒歩24～26分</li><li>京王相模原線「京王堀之内」駅 徒歩40～42分</li>
tokyo,minamiosawa,多摩ニュータウン シティハイツ南大沢,161500,京王相模原線「京王堀之内」駅,40.0,42.0,,,,八王子市南大沢4-10,10号棟,鉄筋コンクリート造,6,N,608号室,3LDK,97,10,156600,4900,2か月,"['近居割', '近居割WIDE']",随時,https://www.ur-net.go.jp/chintai/kanto/tokyo/20_3770_room.html?JKSS=000100608,<li>京王相模原線「南大沢」駅 徒歩7～9分</li><li>京王相模原線「多摩境」駅 徒歩24～26分</li><li>京王相模原線「京王堀之内」駅 徒歩40～42分</li>
tokyo,minamiosawa,多摩ニュータウン シティハイツ南大沢,161500,,,,,,,八王子市南大沢4-10,10号棟,鉄筋コンクリート造,6,N,608号室,3LDK,97,10,156600,4900,2か月,"['近居割', '近居割WIDE']",随時,https://www.ur-net.go.jp/chintai/kanto/tokyo/20_3770_room.html?JKSS=000100608,<li>京王相模原線「南大沢」駅 徒歩7～9分</li><li>京王相模原線「多摩境」駅 徒歩24～26分</li><li>京王相模原線「京王堀之内」駅 徒歩40～42分</li>
tokyo,minamiosawa,多摩ニュータウン ライブ長池 長池公園せせらぎ通り北,114600,京王相模原線「京王堀之内」駅,15.0,18.0,京王相模原線「京王堀之内」駅,12.0,13.0,八王子市別所2-42,3号棟,鉄筋コンクリート造,2,N,204号室,3LDK,79,5,110400,4200,2か月,"['近居割', '近居割WIDE']",随時,https://www.ur-net.go.jp/chintai/kanto/tokyo/20_5060_room.html?JKSS=000030204,<li>京王相模原線「京王堀之内」駅 徒歩15～18分</li><li>京王相模原線「京王堀之内」駅バス8分 徒歩4～5分</li><li>小田急多摩線「唐木田」駅 徒歩22～23分</li>
tokyo,minamiosawa,多摩ニュータウン ライブ長池 長池公園せせらぎ通り北,114600,小田急多摩線「唐木田」駅,22.0,23.0,,,,八王子市別所2-42,3号棟,鉄筋コンクリート造,2,N,204号室,3LDK,79,5,110400,4200,2か月,"['近居割', '近居割WIDE']",随時,https://www.ur-net.go.jp/chintai/kanto/tokyo/20_5060_room.html?JKSS=000030204,<li>京王相模原線「京王堀之内」駅 徒歩15～18分</li><li>京王相模原線「京王堀之内」駅バス8分 徒歩4～5分</li><li>小田急多摩線「唐木田」駅 徒歩22～23分</li>
tokyo,minamiosawa,多摩ニュータウン ライブ長池 長池公園せせらぎ通り北,114600,,,,,,,八王子市別所2-42,3号棟,鉄筋コンクリート造,2,N,204号室,3LDK,79,5,110400,4200,2か月,"['近居割', '近居割WIDE']",随時,https://www.ur-net.go.jp/chintai/kanto/tokyo/20_5060_room.html?JKSS=000030204,<li>京王相模原線「京王堀之内」駅 徒歩15～18分</li><li>京王相模原線「京王堀之内」駅バス8分 徒歩4～5分</li><li>小田急多摩線「唐木田」駅 徒歩22～23分</li>
tokyo,minamiosawa,多摩ニュータウン 南大沢学園二番街,117300,京王相模原線「南大沢」駅,11.0,14.0,,,,八王子市上柚木3-5,6号棟,鉄筋コンクリート造,3,N,303号室,2LDK,75,4,112900,4400,2か月,"['近居割', '近居割WIDE']",随時,https://www.ur-net.go.jp/chintai/kanto/tokyo/20_5070_room.html?JKSS=000060303,<li>京王相模原線「南大沢」駅 徒歩11～14分</li><li>京王線「聖蹟桜ヶ丘」駅バス28分 徒歩5～7分</li><li>京王相模原線「多摩境」駅 徒歩27～30分</li>
tokyo,minamiosawa,多摩ニュータウン 南大沢学園二番街,117300,,,,京王線「聖蹟桜ヶ丘」駅,33.0,35.0,八王子市上柚木3-5,6号棟,鉄筋コンクリート造,3,N,303号室,2LDK,75,4,112900,4400,2か月,"['近居割', '近居割WIDE']",随時,https://www.ur-net.go.jp/chintai/kanto/tokyo/20_5070_room.html?JKSS=000060303,<li>京王相模原線「南大沢」駅 徒歩11～14分</li><li>京王線「聖蹟桜ヶ丘」駅バス28分 徒歩5～7分</li><li>京王相模原線「多摩境」駅 徒歩27～30分</li>
tokyo,minamiosawa,多摩ニュータウン 南大沢学園二番街,117300,京王相模原線「多摩境」駅,27.0,30.0,,,,八王子市上柚木3-5,6号棟,鉄筋コンクリート造,3,N,303号室,2LDK,75,4,112900,4400,2か月,"['近居割', '近居割WIDE']",随時,https://www.ur-net.go.jp/chintai/kanto/tokyo/20_5070_room.html?JKSS=000060303,<li>京王相模原線「南大沢」駅 徒歩11～14分</li><li>京王線「聖蹟桜ヶ丘」駅バス28分 徒歩5～7分</li><li>京王相模原線「多摩境」駅 徒歩27～30分</li>
tokyo,minamiosawa,多摩ニュータウン 南大沢学園二番街,117300,,,,,,,八王子市上柚木3-5,6号棟,鉄筋コンクリート造,3,N,303号室,2LDK,75,4,112900,4400,2か月,"['近居割', '近居割WIDE']",随時,https://www.ur-net.go.jp/chintai/kanto/tokyo/20_5070_room.html?JKSS=000060303,<li>京王相模原線「南大沢」駅 徒歩11～14分</li><li>京王線「聖蹟桜ヶ丘」駅バス28分 徒歩5～7分</li><li>京王相模原線「多摩境」駅 徒歩27～30分</li>
tokyo,hachioji,トワコート西八王子,131900,JR中央線「西八王子」駅,11.0,12.0,,,,八王子市台町3-21,3号棟,鉄筋コンクリート造,5,N,501号室,4LDK,94,5,128300,3600,2か月,['近居割'],随時,https://www.ur-net.go.jp/chintai/kanto/tokyo/20_4930_room.html?JKSS=000030501,<li>JR中央線「西八王子」駅 徒歩11～12分</li><li>京王高尾線「山田」駅 徒歩22～23分</li><li>京王高尾線「めじろ台」駅 徒歩26～27分</li>
tokyo,hachioji,トワコート西八王子,131900,京王高尾線「山田」駅,22.0,23.0,,,,八王子市台町3-21,3号棟,鉄筋コンクリート造,5,N,501号室,4LDK,94,5,128300,3600,2か月,['近居割'],随時,https://www.ur-net.go.jp/chintai/kanto/tokyo/20_4930_room.html?JKSS=000030501,<li>JR中央線「西八王子」駅 徒歩11～12分</li><li>京王高尾線「山田」駅 徒歩22～23分</li><li>京王高尾線「めじろ台」駅 徒歩26～27分</li>
tokyo,hachioji,トワコート西八王子,131900,京王高尾線「めじろ台」駅,26.0,27.0,,,,八王子市台町3-21,3号棟,鉄筋コンクリート造,5,N,501号室,4LDK,94,5,128300,3600,2か月,['近居割'],随時,https://www.ur-net.go.jp/chintai/kanto/tokyo/20_4930_room.html?JKSS=000030501,<li>JR中央線「西八王子」駅 徒歩11～12分</li><li>京王高尾線「山田」駅 徒歩22～23分</li><li>京王高尾線「めじろ台」駅 徒歩26～27分</li>
tokyo,hachioji,トワコート西八王子,131900,,,,,,,八王子市台町3-21,3号棟,鉄筋コンクリート造,5,N,501号室,4LDK,94,5,128300,3600,2か月,['近居割'],随時,https://www.ur-net.go.jp/chintai/kanto/tokyo/20_4930_room.html?JKSS=000030501,<li>JR中央線「西八王子」駅 徒歩11～12分</li><li>京王高尾線「山田」駅 徒歩22～23分</li><li>京王高尾線「めじろ台」駅 徒歩26～27分</li>
tokyo,kumegawa,立川若葉町,59200,,,,JR中央線「立川」駅,21.0,28.0,立川市若葉町4-25-1,12号棟,鉄筋コンクリート造,5,N,506号室,1LDK,41,5,55500,3700,2か月,"['近居割', '近居割WIDE']",随時,https://www.ur-net.go.jp/chintai/kanto/tokyo/20_2140_room.html?JKSS=000012506,<li>JR中央線「立川」駅バス19分 徒歩2～9分</li><li>西武拝島線「東大和市」駅 徒歩16～28分</li><li>西武国分寺線「鷹の台」駅 徒歩22～32分</li>
tokyo,kumegawa,立川若葉町,59200,西武拝島線「東大和市」駅,16.0,28.0,,,,立川市若葉町4-25-1,12号棟,鉄筋コンクリート造,5,N,506号室,1LDK,41,5,55500,3700,2か月,"['近居割', '近居割WIDE']",随時,https://www.ur-net.go.jp/chintai/kanto/tokyo/20_2140_room.html?JKSS=000012506,<li>JR中央線「立川」駅バス19分 徒歩2～9分</li><li>西武拝島線「東大和市」駅 徒歩16～28分</li><li>西武国分寺線「鷹の台」駅 徒歩22～32分</li>
tokyo,kumegawa,立川若葉町,59200,西武国分寺線「鷹の台」駅,22.0,32.0,,,,立川市若葉町4-25-1,12号棟,鉄筋コンクリート造,5,N,506号室,1LDK,41,5,55500,3700,2か月,"['近居割', '近居割WIDE']",随時,https://www.ur-net.go.jp/chintai/kanto/tokyo/20_2140_room.html?JKSS=000012506,<li>JR中央線「立川」駅バス19分 徒歩2～9分</li><li>西武拝島線「東大和市」駅 徒歩16～28分</li><li>西武国分寺線「鷹の台」駅 徒歩22～32分</li>
tokyo,kumegawa,立川若葉町,59200,,,,,,,立川市若葉町4-25-1,12号棟,鉄筋コンクリート造,5,N,506号室,1LDK,41,5,55500,3700,2か月,"['近居割', '近居割WIDE']",随時,https://www.ur-net.go.jp/chintai/kanto/tokyo/20_2140_room.html?JKSS=000012506,<li>JR中央線「立川」駅バス19分 徒歩2～9分</li><li>西武拝島線「東大和市」駅 徒歩16～28分</li><li>西武国分寺線「鷹の台」駅 徒歩22～32分</li>
tokyo,machidayamasaki,町田山崎,57000,,,,JR横浜線・小田急小田原線「町田」駅,17.0,32.0,町田市山崎町2130ほか,7-11号棟,鉄筋コンクリート造,5,N,503号室,2DK,45,5,53000,4000,2か月,"['近居割', '近居割WIDE']",随時,https://www.ur-net.go.jp/chintai/kanto/tokyo/20_1670_room.html?JKSS=000711503,<li>JR横浜線・小田急小田原線「町田」駅バス16～24分 徒歩1～8分</li><li>JR横浜線「古淵」駅バス11～17分 徒歩1～8分</li>
tokyo,machidayamasaki,町田山崎,57000,,,,JR横浜線「古淵」駅,12.0,25.0,町田市山崎町2130ほか,7-11号棟,鉄筋コンクリート造,5,N,503号室,2DK,45,5,53000,4000,2か月,"['近居割', '近居割WIDE']",随時,https://www.ur-net.go.jp/chintai/kanto/tokyo/20_1670_room.html?JKSS=000711503,<li>JR横浜線・小田急小田原線「町田」駅バス16～24分 徒歩1～8分</li><li>JR横浜線「古淵」駅バス11～17分 徒歩1～8分</li>
tokyo,machidayamasaki,町田山崎,57000,,,,,,,町田市山崎町2130ほか,7-11号棟,鉄筋コンクリート造,5,N,503号室,2DK,45,5,53000,4000,2か月,"['近居割', '近居割WIDE']",随時,https://www.ur-net.go.jp/chintai/kanto/tokyo/20_1670_room.html?JKSS=000711503,<li>JR横浜線・小田急小田原線「町田」駅バス16～24分 徒歩1～8分</li><li>JR横浜線「古淵」駅バス11～17分 徒歩1～8分</li>
tokyo,machidayamasaki,町田山崎,57000,,,,JR横浜線・小田急小田原線「町田」駅,17.0,32.0,町田市山崎町2130ほか,7-27号棟,鉄筋コンクリート造,5,N,507号室,2DK,45,5,53000,4000,2か月,"['近居割', '近居割WIDE']",随時,https://www.ur-net.go.jp/chintai/kanto/tokyo/20_1670_room.html?JKSS=000727507,<li>JR横浜線・小田急小田原線「町田」駅バス16～24分 徒歩1～8分</li><li>JR横浜線「古淵」駅バス11～17分 徒歩1～8分</li>
tokyo,machidayamasaki,町田山崎,57000,,,,JR横浜線「古淵」駅,12.0,25.0,町田市山崎町2130ほか,7-27号棟,鉄筋コンクリート造,5,N,507号室,2DK,45,5,53000,4000,2か月,"['近居割', '近居割WIDE']",随時,https://www.ur-net.go.jp/chintai/kanto/tokyo/20_1670_room.html?JKSS=000727507,<li>JR横浜線・小田急小田原線「町田」駅バス16～24分 徒歩1～8分</li><li>JR横浜線「古淵」駅バス11～17分 徒歩1～8分</li>
tokyo,machidayamasaki,町田山崎,57000,,,,,,,町田市山崎町2130ほか,7-27号棟,鉄筋コンクリート造,5,N,507号室,2DK,45,5,53000,4000,2か月,"['近居割', '近居割WIDE']",随時,https://www.ur-net.go.jp/chintai/kanto/tokyo/20_1670_room.html?JKSS=000727507,<li>JR横浜線・小田急小田原線「町田」駅バス16～24分 徒歩1～8分</li><li>JR横浜線「古淵」駅バス11～17分 徒歩1～8分</li>
tokyo,machidayamasaki,町田山崎,60200,,,,JR横浜線・小田急小田原線「町田」駅,17.0,32.0,町田市山崎町2130ほか,6-12号棟,鉄筋コンクリート造,4,N,404号室,3K,45,5,56200,4000,2か月,"['近居割', '近居割WIDE']",随時,https://www.ur-net.go.jp/chintai/kanto/tokyo/20_1670_room.html?JKSS=000612404,<li>JR横浜線・小田急小田原線「町田」駅バス16～24分 徒歩1～8分</li><li>JR横浜線「古淵」駅バス11～17分 徒歩1～8分</li>
tokyo,machidayamasaki,町田山崎,60200,,,,JR横浜線「古淵」駅,12.0,25.0,町田市山崎町2130ほか,6-12号棟,鉄筋コンクリート造,4,N,404号室,3K,45,5,56200,4000,2か月,"['近居割', '近居割WIDE']",随時,https://www.ur-net.go.jp/chintai/kanto/tokyo/20_1670_room.html?JKSS=000612404,<li>JR横浜線・小田急小田原線「町田」駅バス16～24分 徒歩1～8分</li><li>JR横浜線「古淵」駅バス11～17分 徒歩1～8分</li>
tokyo,machidayamasaki,町田山崎,60200,,,,,,,町田市山崎町2130ほか,6-12号棟,鉄筋コンクリート造,4,N,404号室,3K,45,5,56200,4000,2か月,"['近居割', '近居割WIDE']",随時,https://www.ur-net.go.jp/chintai/kanto/tokyo/20_1670_room.html?JKSS=000612404,<li>JR横浜線・小田急小田原線「町田」駅バス16～24分 徒歩1～8分</li><li>JR横浜線「古淵」駅バス11～17分 徒歩1～8分</li>
tokyo,machidayamasaki,町田山崎,63600,,,,JR横浜線・小田急小田原線「町田」駅,17.0,32.0,町田市山崎町2130ほか,6-1号棟,鉄筋コンクリート造,5,N,501号室,2LDK,56,5,59600,4000,2か月,"['近居割', '近居割WIDE']",随時,https://www.ur-net.go.jp/chintai/kanto/tokyo/20_1670_room.html?JKSS=000601501,<li>JR横浜線・小田急小田原線「町田」駅バス16～24分 徒歩1～8分</li><li>JR横浜線「古淵」駅バス11～17分 徒歩1～8分</li>
tokyo,machidayamasaki,町田山崎,63600,,,,JR横浜線「古淵」駅,12.0,25.0,町田市山崎町2130ほか,6-1号棟,鉄筋コンクリート造,5,N,501号室,2LDK,56,5,59600,4000,2か月,"['近居割', '近居割WIDE']",随時,https://www.ur-net.go.jp/chintai/kanto/tokyo/20_1670_room.html?JKSS=000601501,<li>JR横浜線・小田急小田原線「町田」駅バス16～24分 徒歩1～8分</li><li>JR横浜線「古淵」駅バス11～17分 徒歩1～8分</li>
tokyo,machidayamasaki,町田山崎,63600,,,,,,,町田市山崎町2130ほか,6-1号棟,鉄筋コンクリート造,5,N,501号室,2LDK,56,5,59600,4000,2か月,"['近居割', '近居割WIDE']",随時,https://www.ur-net.go.jp/chintai/kanto/tokyo/20_1670_room.html?JKSS=000601501,<li>JR横浜線・小田急小田原線「町田」駅バス16～24分 徒歩1～8分</li><li>JR横浜線「古淵」駅バス11～17分 徒歩1～8分</li>
tokyo,machidayamasaki,町田山崎,63900,,,,JR横浜線・小田急小田原線「町田」駅,17.0,32.0,町田市山崎町2130ほか,5-11号棟,鉄筋コンクリート造,5,N,508号室,3DK,56,5,59900,4000,2か月,"['近居割', '近居割WIDE']",随時,https://www.ur-net.go.jp/chintai/kanto/tokyo/20_1670_room.html?JKSS=000511508,<li>JR横浜線・小田急小田原線「町田」駅バス16～24分 徒歩1～8分</li><li>JR横浜線「古淵」駅バス11～17分 徒歩1～8分</li>
tokyo,machidayamasaki,町田山崎,63900,,,,JR横浜線「古淵」駅,12.0,25.0,町田市山崎町2130ほか,5-11号棟,鉄筋コンクリート造,5,N,508号室,3DK,56,5,59900,4000,2か月,"['近居割', '近居割WIDE']",随時,https://www.ur-net.go.jp/chintai/kanto/tokyo/20_1670_room.html?JKSS=000511508,<li>JR横浜線・小田急小田原線「町田」駅バス16～24分 徒歩1～8分</li><li>JR横浜線「古淵」駅バス11～17分 徒歩1～8分</li>
tokyo,machidayamasaki,町田山崎,63900,,,,,,,町田市山崎町2130ほか,5-11号棟,鉄筋コンクリート造,5,N,508号室,3DK,56,5,59900,4000,2か月,"['近居割', '近居割WIDE']",随時,https://www.ur-net.go.jp/chintai/kanto/tokyo/20_1670_room.html?JKSS=000511508,<li>JR横浜線・小田急小田原線「町田」駅バス16～24分 徒歩1～8分</li><li>JR横浜線「古淵」駅バス11～17分 徒歩1～8分</li>
tokyo,machidayamasaki,藤の台,61000,,,,JR横浜線「町田」駅,20.0,27.0,町田市藤の台1-1ほか,3-11号棟,鉄筋コンクリート造,3,N,301号室,3K,45,5,58000,3000,2か月,"['近居割', '近居割WIDE']",随時,https://www.ur-net.go.jp/chintai/kanto/tokyo/20_1930_room.html?JKSS=003011301,<li>JR横浜線「町田」駅バス18分 徒歩2～9分</li><li>JR横浜線「古淵」駅バス16分 徒歩2～9分</li><li>小田急小田原線「鶴川」駅バス18分 徒歩2～9分</li>
tokyo,machidayamasaki,藤の台,61000,,,,JR横浜線「古淵」駅,18.0,25.0,町田市藤の台1-1ほか,3-11号棟,鉄筋コンクリート造,3,N,301号室,3K,45,5,58000,3000,2か月,"['近居割', '近居割WIDE']",随時,https://www.ur-net.go.jp/chintai/kanto/tokyo/20_1930_room.html?JKSS=003011301,<li>JR横浜線「町田」駅バス18分 徒歩2～9分</li><li>JR横浜線「古淵」駅バス16分 徒歩2～9分</li><li>小田急小田原線「鶴川」駅バス18分 徒歩2～9分</li>
tokyo,machidayamasaki,藤の台,61000,,,,小田急小田原線「鶴川」駅,20.0,27.0,町田市藤の台1-1ほか,3-11号棟,鉄筋コンクリート造,3,N,301号室,3K,45,5,58000,3000,2か月,"['近居割', '近居割WIDE']",随時,https://www.ur-net.go.jp/chintai/kanto/tokyo/20_1930_room.html?JKSS=003011301,<li>JR横浜線「町田」駅バス18分 徒歩2～9分</li><li>JR横浜線「古淵」駅バス16分 徒歩2～9分</li><li>小田急小田原線「鶴川」駅バス18分 徒歩2～9分</li>
tokyo,machidayamasaki,藤の台,61000,,,,,,,町田市藤の台1-1ほか,3-11号棟,鉄筋コンクリート造,3,N,301号室,3K,45,5,58000,3000,2か月,"['近居割', '近居割WIDE']",随時,https://www.ur-net.go.jp/chintai/kanto/tokyo/20_1930_room.html?JKSS=003011301,<li>JR横浜線「町田」駅バス18分 徒歩2～9分</li><li>JR横浜線「古淵」駅バス16分 徒歩2～9分</li><li>小田急小田原線「鶴川」駅バス18分 徒歩2～9分</li>
tokyo,machidayamasaki,藤の台,62600,,,,JR横浜線「町田」駅,20.0,27.0,町田市藤の台1-1ほか,3-13号棟,鉄筋コンクリート造,5,N,507号室,3DK,56,5,59600,3000,2か月,"['近居割', '近居割WIDE']",随時,https://www.ur-net.go.jp/chintai/kanto/tokyo/20_1930_room.html?JKSS=003013507,<li>JR横浜線「町田」駅バス18分 徒歩2～9分</li><li>JR横浜線「古淵」駅バス16分 徒歩2～9分</li><li>小田急小田原線「鶴川」駅バス18分 徒歩2～9分</li>
tokyo,machidayamasaki,藤の台,62600,,,,JR横浜線「古淵」駅,18.0,25.0,町田市藤の台1-1ほか,3-13号棟,鉄筋コンクリート造,5,N,507号室,3DK,56,5,59600,3000,2か月,"['近居割', '近居割WIDE']",随時,https://www.ur-net.go.jp/chintai/kanto/tokyo/20_1930_room.html?JKSS=003013507,<li>JR横浜線「町田」駅バス18分 徒歩2～9分</li><li>JR横浜線「古淵」駅バス16分 徒歩2～9分</li><li>小田急小田原線「鶴川」駅バス18分 徒歩2～9分</li>
tokyo,machidayamasaki,藤の台,62600,,,,小田急小田原線「鶴川」駅,20.0,27.0,町田市藤の台1-1ほか,3-13号棟,鉄筋コンクリート造,5,N,507号室,3DK,56,5,59600,3000,2か月,"['近居割', '近居割WIDE']",随時,https://www.ur-net.go.jp/chintai/kanto/tokyo/20_1930_room.html?JKSS=003013507,<li>JR横浜線「町田」駅バス18分 徒歩2～9分</li><li>JR横浜線「古淵」駅バス16分 徒歩2～9分</li><li>小田急小田原線「鶴川」駅バス18分 徒歩2～9分</li>
tokyo,machidayamasaki,藤の台,62600,,,,,,,町田市藤の台1-1ほか,3-13号棟,鉄筋コンクリート造,5,N,507号室,3DK,56,5,59600,3000,2か月,"['近居割', '近居割WIDE']",随時,https://www.ur-net.go.jp/chintai/kanto/tokyo/20_1930_room.html?JKSS=003013507,<li>JR横浜線「町田」駅バス18分 徒歩2～9分</li><li>JR横浜線「古淵」駅バス16分 徒歩2～9分</li><li>小田急小田原線「鶴川」駅バス18分 徒歩2～9分</li>
tokyo,machidayamasaki,藤の台,65200,,,,JR横浜線「町田」駅,20.0,27.0,町田市藤の台1-1ほか,3-12号棟,鉄筋コンクリート造,4,N,401号室,3DK,56,5,62200,3000,2か月,"['近居割', '近居割WIDE']",随時,https://www.ur-net.go.jp/chintai/kanto/tokyo/20_1930_room.html?JKSS=003012401,<li>JR横浜線「町田」駅バス18分 徒歩2～9分</li><li>JR横浜線「古淵」駅バス16分 徒歩2～9分</li><li>小田急小田原線「鶴川」駅バス18分 徒歩2～9分</li>
tokyo,machidayamasaki,藤の台,65200,,,,JR横浜線「古淵」駅,18.0,25.0,町田市藤の台1-1ほか,3-12号棟,鉄筋コンクリート造,4,N,401号室,3DK,56,5,62200,3000,2か月,"['近居割', '近居割WIDE']",随時,https://www.ur-net.go.jp/chintai/kanto/tokyo/20_1930_room.html?JKSS=003012401,<li>JR横浜線「町田」駅バス18分 徒歩2～9分</li><li>JR横浜線「古淵」駅バス16分 徒歩2～9分</li><li>小田急小田原線「鶴川」駅バス18分 徒歩2～9分</li>
tokyo,machidayamasaki,藤の台,65200,,,,小田急小田原線「鶴川」駅,20.0,27.0,町田市藤の台1-1ほか,3-12号棟,鉄筋コンクリート造,4,N,401号室,3DK,56,5,62200,3000,2か月,"['近居割', '近居割WIDE']",随時,https://www.ur-net.go.jp/chintai/kanto/tokyo/20_1930_room.html?JKSS=003012401,<li>JR横浜線「町田」駅バス18分 徒歩2～9分</li><li>JR横浜線「古淵」駅バス16分 徒歩2～9分</li><li>小田急小田原線「鶴川」駅バス18分 徒歩2～9分</li>
tokyo,machidayamasaki,藤の台,65200,,,,,,,町田市藤の台1-1ほか,3-12号棟,鉄筋コンクリート造,4,N,401号室,3DK,56,5,62200,3000,2か月,"['近居割', '近居割WIDE']",随時,https://www.ur-net.go.jp/chintai/kanto/tokyo/20_1930_room.html?JKSS=003012401,<li>JR横浜線「町田」駅バス18分 徒歩2～9分</li><li>JR横浜線「古淵」駅バス16分 徒歩2～9分</li><li>小田急小田原線「鶴川」駅バス18分 徒歩2～9分</li>
tokyo,machidayamasaki,藤の台,69500,,,,JR横浜線「町田」駅,20.0,27.0,町田市藤の台1-1ほか,1-33号棟,鉄筋コンクリート造,3,N,308号室,3DK,56,5,66500,3000,2か月,"['近居割', '近居割WIDE']",随時,https://www.ur-net.go.jp/chintai/kanto/tokyo/20_1930_room.html?JKSS=001033308,<li>JR横浜線「町田」駅バス18分 徒歩2～9分</li><li>JR横浜線「古淵」駅バス16分 徒歩2～9分</li><li>小田急小田原線「鶴川」駅バス18分 徒歩2～9分</li>
tokyo,machidayamasaki,藤の台,69500,,,,JR横浜線「古淵」駅,18.0,25.0,町田市藤の台1-1ほか,1-33号棟,鉄筋コンクリート造,3,N,308号室,3DK,56,5,66500,3000,2か月,"['近居割', '近居割WIDE']",随時,https://www.ur-net.go.jp/chintai/kanto/tokyo/20_1930_room.html?JKSS=001033308,<li>JR横浜線「町田」駅バス18分 徒歩2～9分</li><li>JR横浜線「古淵」駅バス16分 徒歩2～9分</li><li>小田急小田原線「鶴川」駅バス18分 徒歩2～9分</li>
tokyo,machidayamasaki,藤の台,69500,,,,小田急小田原線「鶴川」駅,20.0,27.0,町田市藤の台1-1ほか,1-33号棟,鉄筋コンクリート造,3,N,308号室,3DK,56,5,66500,3000,2か月,"['近居割', '近居割WIDE']",随時,https://www.ur-net.go.jp/chintai/kanto/tokyo/20_1930_room.html?JKSS=001033308,<li>JR横浜線「町田」駅バス18分 徒歩2～9分</li><li>JR横浜線「古淵」駅バス16分 徒歩2～9分</li><li>小田急小田原線「鶴川」駅バス18分 徒歩2～9分</li>
tokyo,machidayamasaki,藤の台,69500,,,,,,,町田市藤の台1-1ほか,1-33号棟,鉄筋コンクリート造,3,N,308号室,3DK,56,5,66500,3000,2か月,"['近居割', '近居割WIDE']",随時,https://www.ur-net.go.jp/chintai/kanto/tokyo/20_1930_room.html?JKSS=001033308,<li>JR横浜線「町田」駅バス18分 徒歩2～9分</li><li>JR横浜線「古淵」駅バス16分 徒歩2～9分</li><li>小田急小田原線「鶴川」駅バス18分 徒歩2～9分</li>
tokyo,machidayamasaki,鶴川,61700,,,,小田急小田原線「鶴川」駅,6.0,16.0,町田市鶴川5ほか,2-5号棟,鉄筋コンクリート造,5,N,504号室,3K,45,5,58000,3700,2か月,['近居割WIDE'],随時,https://www.ur-net.go.jp/chintai/kanto/tokyo/20_1630_room.html?JKSS=000205504,<li>小田急小田原線「鶴川」駅バス5分 徒歩1～11分</li><li>小田急多摩線「黒川」駅バス13分 徒歩1～11分</li><li>京王相模原線「京王多摩センター」駅バス24分 徒歩7～14分</li>
tokyo,machidayamasaki,鶴川,61700,,,,小田急多摩線「黒川」駅,14.0,24.0,町田市鶴川5ほか,2-5号棟,鉄筋コンクリート造,5,N,504号室,3K,45,5,58000,3700,2か月,['近居割WIDE'],随時,https://www.ur-net.go.jp/chintai/kanto/tokyo/20_1630_room.html?JKSS=000205504,<li>小田急小田原線「鶴川」駅バス5分 徒歩1～11分</li><li>小田急多摩線「黒川」駅バス13分 徒歩1～11分</li><li>京王相模原線「京王多摩センター」駅バス24分 徒歩7～14分</li>
tokyo,machidayamasaki,鶴川,61700,,,,京王相模原線「京王多摩センター」駅,31.0,38.0,町田市鶴川5ほか,2-5号棟,鉄筋コンクリート造,5,N,504号室,3K,45,5,58000,3700,2か月,['近居割WIDE'],随時,https://www.ur-net.go.jp/chintai/kanto/tokyo/20_1630_room.html?JKSS=000205504,<li>小田急小田原線「鶴川」駅バス5分 徒歩1～11分</li><li>小田急多摩線「黒川」駅バス13分 徒歩1～11分</li><li>京王相模原線「京王多摩センター」駅バス24分 徒歩7～14分</li>
tokyo,machidayamasaki,鶴川,61700,,,,,,,町田市鶴川5ほか,2-5号棟,鉄筋コンクリート造,5,N,504号室,3K,45,5,58000,3700,2か月,['近居割WIDE'],随時,https://www.ur-net.go.jp/chintai/kanto/tokyo/20_1630_room.html?JKSS=000205504,<li>小田急小田原線「鶴川」駅バス5分 徒歩1～11分</li><li>小田急多摩線「黒川」駅バス13分 徒歩1～11分</li><li>京王相模原線「京王多摩センター」駅バス24分 徒歩7～14分</li>
tokyo,machidayamasaki,鶴川,61700,,,,小田急小田原線「鶴川」駅,6.0,16.0,町田市鶴川5ほか,4-6号棟,鉄筋コンクリート造,5,N,507号室,3K,45,5,58000,3700,2か月,['近居割WIDE'],随時,https://www.ur-net.go.jp/chintai/kanto/tokyo/20_1630_room.html?JKSS=000406507,<li>小田急小田原線「鶴川」駅バス5分 徒歩1～11分</li><li>小田急多摩線「黒川」駅バス13分 徒歩1～11分</li><li>京王相模原線「京王多摩センター」駅バス24分 徒歩7～14分</li>
tokyo,machidayamasaki,鶴川,61700,,,,小田急多摩線「黒川」駅,14.0,24.0,町田市鶴川5ほか,4-6号棟,鉄筋コンクリート造,5,N,507号室,3K,45,5,58000,3700,2か月,['近居割WIDE'],随時,https://www.ur-net.go.jp/chintai/kanto/tokyo/20_1630_room.html?JKSS=000406507,<li>小田急小田原線「鶴川」駅バス5分 徒歩1～11分</li><li>小田急多摩線「黒川」駅バス13分 徒歩1～11分</li><li>京王相模原線「京王多摩センター」駅バス24分 徒歩7～14分</li>
tokyo,machidayamasaki,鶴川,61700,,,,京王相模原線「京王多摩センター」駅,31.0,38.0,町田市鶴川5ほか,4-6号棟,鉄筋コンクリート造,5,N,507号室,3K,45,5,58000,3700,2か月,['近居割WIDE'],随時,https://www.ur-net.go.jp/chintai/kanto/tokyo/20_1630_room.html?JKSS=000406507,<li>小田急小田原線「鶴川」駅バス5分 徒歩1～11分</li><li>小田急多摩線「黒川」駅バス13分 徒歩1～11分</li><li>京王相模原線「京王多摩センター」駅バス24分 徒歩7～14分</li>
tokyo,machidayamasaki,鶴川,61700,,,,,,,町田市鶴川5ほか,4-6号棟,鉄筋コンクリート造,5,N,507号室,3K,45,5,58000,3700,2か月,['近居割WIDE'],随時,https://www.ur-net.go.jp/chintai/kanto/tokyo/20_1630_room.html?JKSS=000406507,<li>小田急小田原線「鶴川」駅バス5分 徒歩1～11分</li><li>小田急多摩線「黒川」駅バス13分 徒歩1～11分</li><li>京王相模原線「京王多摩センター」駅バス24分 徒歩7～14分</li>
tokyo,machidayamasaki,鶴川,64300,,,,小田急小田原線「鶴川」駅,6.0,16.0,町田市鶴川5ほか,2-3号棟,鉄筋コンクリート造,4,N,402号室,3K,45,5,60600,3700,2か月,['URライト（4年定借）'],随時,https://www.ur-net.go.jp/chintai/kanto/tokyo/20_1630_room.html?JKSS=000203402,<li>小田急小田原線「鶴川」駅バス5分 徒歩1～11分</li><li>小田急多摩線「黒川」駅バス13分 徒歩1～11分</li><li>京王相模原線「京王多摩センター」駅バス24分 徒歩7～14分</li>
tokyo,machidayamasaki,鶴川,64300,,,,小田急多摩線「黒川」駅,14.0,24.0,町田市鶴川5ほか,2-3号棟,鉄筋コンクリート造,4,N,402号室,3K,45,5,60600,3700,2か月,['URライト（4年定借）'],随時,https://www.ur-net.go.jp/chintai/kanto/tokyo/20_1630_room.html?JKSS=000203402,<li>小田急小田原線「鶴川」駅バス5分 徒歩1～11分</li><li>小田急多摩線「黒川」駅バス13分 徒歩1～11分</li><li>京王相模原線「京王多摩センター」駅バス24分 徒歩7～14分</li>
tokyo,machidayamasaki,鶴川,64300,,,,京王相模原線「京王多摩センター」駅,31.0,38.0,町田市鶴川5ほか,2-3号棟,鉄筋コンクリート造,4,N,402号室,3K,45,5,60600,3700,2か月,['URライト（4年定借）'],随時,https://www.ur-net.go.jp/chintai/kanto/tokyo/20_1630_room.html?JKSS=000203402,<li>小田急小田原線「鶴川」駅バス5分 徒歩1～11分</li><li>小田急多摩線「黒川」駅バス13分 徒歩1～11分</li><li>京王相模原線「京王多摩センター」駅バス24分 徒歩7～14分</li>
tokyo,machidayamasaki,鶴川,64300,,,,,,,町田市鶴川5ほか,2-3号棟,鉄筋コンクリート造,4,N,402号室,3K,45,5,60600,3700,2か月,['URライト（4年定借）'],随時,https://www.ur-net.go.jp/chintai/kanto/tokyo/20_1630_room.html?JKSS=000203402,<li>小田急小田原線「鶴川」駅バス5分 徒歩1～11分</li><li>小田急多摩線「黒川」駅バス13分 徒歩1～11分</li><li>京王相模原線「京王多摩センター」駅バス24分 徒歩7～14分</li>
tokyo,machidayamasaki,鶴川,67600,,,,小田急小田原線「鶴川」駅,6.0,16.0,町田市鶴川5ほか,1-1号棟,鉄筋コンクリート造,5,N,507号室,3DK,50,5,63900,3700,2か月,['URライト（4年定借）'],随時,https://www.ur-net.go.jp/chintai/kanto/tokyo/20_1630_room.html?JKSS=000101507,<li>小田急小田原線「鶴川」駅バス5分 徒歩1～11分</li><li>小田急多摩線「黒川」駅バス13分 徒歩1～11分</li><li>京王相模原線「京王多摩センター」駅バス24分 徒歩7～14分</li>
tokyo,machidayamasaki,鶴川,67600,,,,小田急多摩線「黒川」駅,14.0,24.0,町田市鶴川5ほか,1-1号棟,鉄筋コンクリート造,5,N,507号室,3DK,50,5,63900,3700,2か月,['URライト（4年定借）'],随時,https://www.ur-net.go.jp/chintai/kanto/tokyo/20_1630_room.html?JKSS=000101507,<li>小田急小田原線「鶴川」駅バス5分 徒歩1～11分</li><li>小田急多摩線「黒川」駅バス13分 徒歩1～11分</li><li>京王相模原線「京王多摩センター」駅バス24分 徒歩7～14分</li>
tokyo,machidayamasaki,鶴川,67600,,,,京王相模原線「京王多摩センター」駅,31.0,38.0,町田市鶴川5ほか,1-1号棟,鉄筋コンクリート造,5,N,507号室,3DK,50,5,63900,3700,2か月,['URライト（4年定借）'],随時,https://www.ur-net.go.jp/chintai/kanto/tokyo/20_1630_room.html?JKSS=000101507,<li>小田急小田原線「鶴川」駅バス5分 徒歩1～11分</li><li>小田急多摩線「黒川」駅バス13分 徒歩1～11分</li><li>京王相模原線「京王多摩センター」駅バス24分 徒歩7～14分</li>
tokyo,machidayamasaki,鶴川,67600,,,,,,,町田市鶴川5ほか,1-1号棟,鉄筋コンクリート造,5,N,507号室,3DK,50,5,63900,3700,2か月,['URライト（4年定借）'],随時,https://www.ur-net.go.jp/chintai/kanto/tokyo/20_1630_room.html?JKSS=000101507,<li>小田急小田原線「鶴川」駅バス5分 徒歩1～11分</li><li>小田急多摩線「黒川」駅バス13分 徒歩1～11分</li><li>京王相模原線「京王多摩センター」駅バス24分 徒歩7～14分</li>
tokyo,machidayamasaki,鶴川,67600,,,,小田急小田原線「鶴川」駅,6.0,16.0,町田市鶴川5ほか,3-1号棟,鉄筋コンクリート造,5,N,504号室,2LDK,50,5,63900,3700,2か月,['URライト（4年定借）'],随時,https://www.ur-net.go.jp/chintai/kanto/tokyo/20_1630_room.html?JKSS=000301504,<li>小田急小田原線「鶴川」駅バス5分 徒歩1～11分</li><li>小田急多摩線「黒川」駅バス13分 徒歩1～11分</li><li>京王相模原線「京王多摩センター」駅バス24分 徒歩7～14分</li>
tokyo,machidayamasaki,鶴川,67600,,,,小田急多摩線「黒川」駅,14.0,24.0,町田市鶴川5ほか,3-1号棟,鉄筋コンクリート造,5,N,504号室,2LDK,50,5,63900,3700,2か月,['URライト（4年定借）'],随時,https://www.ur-net.go.jp/chintai/kanto/tokyo/20_1630_room.html?JKSS=000301504,<li>小田急小田原線「鶴川」駅バス5分 徒歩1～11分</li><li>小田急多摩線「黒川」駅バス13分 徒歩1～11分</li><li>京王相模原線「京王多摩センター」駅バス24分 徒歩7～14分</li>
tokyo,machidayamasaki,鶴川,67600,,,,京王相模原線「京王多摩センター」駅,31.0,38.0,町田市鶴川5ほか,3-1号棟,鉄筋コンクリート造,5,N,504号室,2LDK,50,5,63900,3700,2か月,['URライト（4年定借）'],随時,https://www.ur-net.go.jp/chintai/kanto/tokyo/20_1630_room.html?JKSS=000301504,<li>小田急小田原線「鶴川」駅バス5分 徒歩1～11分</li><li>小田急多摩線「黒川」駅バス13分 徒歩1～11分</li><li>京王相模原線「京王多摩センター」駅バス24分 徒歩7～14分</li>
tokyo,machidayamasaki,鶴川,67600,,,,,,,町田市鶴川5ほか,3-1号棟,鉄筋コンクリート造,5,N,504号室,2LDK,50,5,63900,3700,2か月,['URライト（4年定借）'],随時,https://www.ur-net.go.jp/chintai/kanto/tokyo/20_1630_room.html?JKSS=000301504,<li>小田急小田原線「鶴川」駅バス5分 徒歩1～11分</li><li>小田急多摩線「黒川」駅バス13分 徒歩1～11分</li><li>京王相模原線「京王多摩センター」駅バス24分 徒歩7～14分</li>
tokyo,machidayamasaki,ニュータウン小山田桜台,84800,,,,JR横浜線・小田急小田原線「町田」駅,30.0,35.0,町田市小山田桜台2-4ほか,95号棟,鉄筋コンクリート造,4,N,403号室,3LDK,77,5,80000,4800,2か月,"['近居割', '近居割WIDE']",2026年10月1日以降,https://www.ur-net.go.jp/chintai/kanto/tokyo/20_3600_room.html?JKSS=000950403,<li>JR横浜線・小田急小田原線「町田」駅バス29～32分 徒歩1～3分</li><li>JR横浜線「淵野辺」駅バス10～13分 徒歩1～3分</li>
tokyo,machidayamasaki,ニュータウン小山田桜台,84800,,,,JR横浜線「淵野辺」駅,11.0,16.0,町田市小山田桜台2-4ほか,95号棟,鉄筋コンクリート造,4,N,403号室,3LDK,77,5,80000,4800,2か月,"['近居割', '近居割WIDE']",2026年10月1日以降,https://www.ur-net.go.jp/chintai/kanto/tokyo/20_3600_room.html?JKSS=000950403,<li>JR横浜線・小田急小田原線「町田」駅バス29～32分 徒歩1～3分</li><li>JR横浜線「淵野辺」駅バス10～13分 徒歩1～3分</li>
tokyo,machidayamasaki,ニュータウン小山田桜台,84800,,,,,,,町田市小山田桜台2-4ほか,95号棟,鉄筋コンクリート造,4,N,403号室,3LDK,77,5,80000,4800,2か月,"['近居割', '近居割WIDE']",2026年10月1日以降,https://www.ur-net.go.jp/chintai/kanto/tokyo/20_3600_room.html?JKSS=000950403,<li>JR横浜線・小田急小田原線「町田」駅バス29～32分 徒歩1～3分</li><li>JR横浜線「淵野辺」駅バス10～13分 徒歩1～3分</li>
tokyo,machidayamasaki,ニュータウン小山田桜台,85700,,,,JR横浜線・小田急小田原線「町田」駅,30.0,35.0,町田市小山田桜台2-4ほか,20号棟,鉄筋コンクリート造,3,N,305号室,3LDK,70,4,80900,4800,2か月,"['近居割', '近居割WIDE']",2026年9月26日以降,https://www.ur-net.go.jp/chintai/kanto/tokyo/20_3600_room.html?JKSS=000200305,<li>JR横浜線・小田急小田原線「町田」駅バス29～32分 徒歩1～3分</li><li>JR横浜線「淵野辺」駅バス10～13分 徒歩1～3分</li>
tokyo,machidayamasaki,ニュータウン小山田桜台,85700,,,,JR横浜線「淵野辺」駅,11.0,16.0,町田市小山田桜台2-4ほか,20号棟,鉄筋コンクリート造,3,N,305号室,3LDK,70,4,80900,4800,2か月,"['近居割', '近居割WIDE']",2026年9月26日以降,https://www.ur-net.go.jp/chintai/kanto/tokyo/20_3600_room.html?JKSS=000200305,<li>JR横浜線・小田急小田原線「町田」駅バス29～32分 徒歩1～3分</li><li>JR横浜線「淵野辺」駅バス10～13分 徒歩1～3分</li>
tokyo,machidayamasaki,ニュータウン小山田桜台,85700,,,,,,,町田市小山田桜台2-4ほか,20号棟,鉄筋コンクリート造,3,N,305号室,3LDK,70,4,80900,4800,2か月,"['近居割', '近居割WIDE']",2026年9月26日以降,https://www.ur-net.go.jp/chintai/kanto/tokyo/20_3600_room.html?JKSS=000200305,<li>JR横浜線・小田急小田原線「町田」駅バス29～32分 徒歩1～3分</li><li>JR横浜線「淵野辺」駅バス10～13分 徒歩1～3分</li>
tokyo,machidayamasaki,ニュータウン小山田桜台,87800,,,,JR横浜線・小田急小田原線「町田」駅,30.0,35.0,町田市小山田桜台2-4ほか,11号棟,鉄筋コンクリート造,4,N,404号室,3LDK,78,4,83000,4800,2か月,"['近居割', '近居割WIDE']",随時,https://www.ur-net.go.jp/chintai/kanto/tokyo/20_3600_room.html?JKSS=000110404,<li>JR横浜線・小田急小田原線「町田」駅バス29～32分 徒歩1～3分</li><li>JR横浜線「淵野辺」駅バス10～13分 徒歩1～3分</li>
tokyo,machidayamasaki,ニュータウン小山田桜台,87800,,,,JR横浜線「淵野辺」駅,11.0,16.0,町田市小山田桜台2-4ほか,11号棟,鉄筋コンクリート造,4,N,404号室,3LDK,78,4,83000,4800,2か月,"['近居割', '近居割WIDE']",随時,https://www.ur-net.go.jp/chintai/kanto/tokyo/20_3600_room.html?JKSS=000110404,<li>JR横浜線・小田急小田原線「町田」駅バス29～32分 徒歩1～3分</li><li>JR横浜線「淵野辺」駅バス10～13分 徒歩1～3分</li>
tokyo,machidayamasaki,ニュータウン小山田桜台,87800,,,,,,,町田市小山田桜台2-4ほか,11号棟,鉄筋コンクリート造,4,N,404号室,3LDK,78,4,83000,4800,2か月,"['近居割', '近居割WIDE']",随時,https://www.ur-net.go.jp/chintai/kanto/tokyo/20_3600_room.html?JKSS=000110404,<li>JR横浜線・小田急小田原線「町田」駅バス29～32分 徒歩1～3分</li><li>JR横浜線「淵野辺」駅バス10～13分 徒歩1～3分</li>
tokyo,machidayamasaki,ニュータウン小山田桜台,88600,,,,JR横浜線・小田急小田原線「町田」駅,30.0,35.0,町田市小山田桜台2-4ほか,26号棟,鉄筋コンクリート造,5,N,503号室,3LDK,73,5,83800,4800,2か月,"['近居割', '近居割WIDE']",2026年9月26日以降,https://www.ur-net.go.jp/chintai/kanto/tokyo/20_3600_room.html?JKSS=000260503,<li>JR横浜線・小田急小田原線「町田」駅バス29～32分 徒歩1～3分</li><li>JR横浜線「淵野辺」駅バス10～13分 徒歩1～3分</li>
tokyo,machidayamasaki,ニュータウン小山田桜台,88600,,,,JR横浜線「淵野辺」駅,11.0,16.0,町田市小山田桜台2-4ほか,26号棟,鉄筋コンクリート造,5,N,503号室,3LDK,73,5,83800,4800,2か月,"['近居割', '近居割WIDE']",2026年9月26日以降,https://www.ur-net.go.jp/chintai/kanto/tokyo/20_3600_room.html?JKSS=000260503,<li>JR横浜線・小田急小田原線「町田」駅バス29～32分 徒歩1～3分</li><li>JR横浜線「淵野辺」駅バス10～13分 徒歩1～3分</li>
tokyo,machidayamasaki,ニュータウン小山田桜台,88600,,,,,,,町田市小山田桜台2-4ほか,26号棟,鉄筋コンクリート造,5,N,503号室,3LDK,73,5,83800,4800,2か月,"['近居割', '近居割WIDE']",2026年9月26日以降,https://www.ur-net.go.jp/chintai/kanto/tokyo/20_3600_room.html?JKSS=000260503,<li>JR横浜線・小田急小田原線「町田」駅バス29～32分 徒歩1～3分</li><li>JR横浜線「淵野辺」駅バス10～13分 徒歩1～3分</li>
tokyo,machidayamasaki,ニュータウン小山田桜台,89400,,,,JR横浜線・小田急小田原線「町田」駅,30.0,35.0,町田市小山田桜台2-4ほか,95号棟,鉄筋コンクリート造,1,N,106号室,3LDK,77,5,84600,4800,2か月,"['近居割', '近居割WIDE']",随時,https://www.ur-net.go.jp/chintai/kanto/tokyo/20_3600_room.html?JKSS=000950106,<li>JR横浜線・小田急小田原線「町田」駅バス29～32分 徒歩1～3分</li><li>JR横浜線「淵野辺」駅バス10～13分 徒歩1～3分</li>
tokyo,machidayamasaki,ニュータウン小山田桜台,89400,,,,JR横浜線「淵野辺」駅,11.0,16.0,町田市小山田桜台2-4ほか,95号棟,鉄筋コンクリート造,1,N,106号室,3LDK,77,5,84600,4800,2か月,"['近居割', '近居割WIDE']",随時,https://www.ur-net.go.jp/chintai/kanto/tokyo/20_3600_room.html?JKSS=000950106,<li>JR横浜線・小田急小田原線「町田」駅バス29～32分 徒歩1～3分</li><li>JR横浜線「淵野辺」駅バス10～13分 徒歩1～3分</li>
tokyo,machidayamasaki,ニュータウン小山田桜台,89400,,,,,,,町田市小山田桜台2-4ほか,95号棟,鉄筋コンクリート造,1,N,106号室,3LDK,77,5,84600,4800,2か月,"['近居割', '近居割WIDE']",随時,https://www.ur-net.go.jp/chintai/kanto/tokyo/20_3600_room.html?JKSS=000950106,<li>JR横浜線・小田急小田原線「町田」駅バス29～32分 徒歩1～3分</li><li>JR横浜線「淵野辺」駅バス10～13分 徒歩1～3分</li>
tokyo,tachikawa,国立富士見台,74200,JR南武線「谷保」駅,5.0,15.0,,,,国立市富士見台1-7ほか,2-3号棟,鉄筋コンクリート造,5,N,501号室,3K,45,5,71400,2800,2か月,['URライト（4年定借）'],随時,https://www.ur-net.go.jp/chintai/kanto/tokyo/20_1350_room.html?JKSS=000203501,<li>JR南武線「谷保」駅（第1団地）徒歩5～10分、（第2、3団地）徒歩10～15分</li><li>JR中央線「国立」駅（第1団地）徒歩21～26分 またはバス5分 徒歩1～9分、（第2、3団地）徒歩23～28分 またはバス8分 徒歩2～5分</li><li>JR南武線「矢川」駅（第1団地）バス5分 徒歩1～7分、（第2、3団地）徒歩8～16分</li>
tokyo,tachikawa,国立富士見台,74200,JR中央線「国立」駅,21.0,28.0,JR中央線「国立」駅,6.0,14.0,国立市富士見台1-7ほか,2-3号棟,鉄筋コンクリート造,5,N,501号室,3K,45,5,71400,2800,2か月,['URライト（4年定借）'],随時,https://www.ur-net.go.jp/chintai/kanto/tokyo/20_1350_room.html?JKSS=000203501,<li>JR南武線「谷保」駅（第1団地）徒歩5～10分、（第2、3団地）徒歩10～15分</li><li>JR中央線「国立」駅（第1団地）徒歩21～26分 またはバス5分 徒歩1～9分、（第2、3団地）徒歩23～28分 またはバス8分 徒歩2～5分</li><li>JR南武線「矢川」駅（第1団地）バス5分 徒歩1～7分、（第2、3団地）徒歩8～16分</li>
tokyo,tachikawa,国立富士見台,74200,JR南武線「矢川」駅,8.0,16.0,JR南武線「矢川」駅,6.0,12.0,国立市富士見台1-7ほか,2-3号棟,鉄筋コンクリート造,5,N,501号室,3K,45,5,71400,2800,2か月,['URライト（4年定借）'],随時,https://www.ur-net.go.jp/chintai/kanto/tokyo/20_1350_room.html?JKSS=000203501,<li>JR南武線「谷保」駅（第1団地）徒歩5～10分、（第2、3団地）徒歩10～15分</li><li>JR中央線「国立」駅（第1団地）徒歩21～26分 またはバス5分 徒歩1～9分、（第2、3団地）徒歩23～28分 またはバス8分 徒歩2～5分</li><li>JR南武線「矢川」駅（第1団地）バス5分 徒歩1～7分、（第2、3団地）徒歩8～16分</li>
tokyo,tachikawa,国立富士見台,74200,,,,,,,国立市富士見台1-7ほか,2-3号棟,鉄筋コンクリート造,5,N,501号室,3K,45,5,71400,2800,2か月,['URライト（4年定借）'],随時,https://www.ur-net.go.jp/chintai/kanto/tokyo/20_1350_room.html?JKSS=000203501,<li>JR南武線「谷保」駅（第1団地）徒歩5～10分、（第2、3団地）徒歩10～15分</li><li>JR中央線「国立」駅（第1団地）徒歩21～26分 またはバス5分 徒歩1～9分、（第2、3団地）徒歩23～28分 またはバス8分 徒歩2～5分</li><li>JR南武線「矢川」駅（第1団地）バス5分 徒歩1～7分、（第2、3団地）徒歩8～16分</li>
tokyo,tachikawa,国立富士見台,78000,JR南武線「谷保」駅,5.0,15.0,,,,国立市富士見台1-7ほか,2-3号棟,鉄筋コンクリート造,3,N,302号室,2DK,45,5,75200,2800,2か月,['URライト（4年定借）'],随時,https://www.ur-net.go.jp/chintai/kanto/tokyo/20_1350_room.html?JKSS=000203302,<li>JR南武線「谷保」駅（第1団地）徒歩5～10分、（第2、3団地）徒歩10～15分</li><li>JR中央線「国立」駅（第1団地）徒歩21～26分 またはバス5分 徒歩1～9分、（第2、3団地）徒歩23～28分 またはバス8分 徒歩2～5分</li><li>JR南武線「矢川」駅（第1団地）バス5分 徒歩1～7分、（第2、3団地）徒歩8～16分</li>
tokyo,tachikawa,国立富士見台,78000,JR中央線「国立」駅,21.0,28.0,JR中央線「国立」駅,6.0,14.0,国立市富士見台1-7ほか,2-3号棟,鉄筋コンクリート造,3,N,302号室,2DK,45,5,75200,2800,2か月,['URライト（4年定借）'],随時,https://www.ur-net.go.jp/chintai/kanto/tokyo/20_1350_room.html?JKSS=000203302,<li>JR南武線「谷保」駅（第1団地）徒歩5～10分、（第2、3団地）徒歩10～15分</li><li>JR中央線「国立」駅（第1団地）徒歩21～26分 またはバス5分 徒歩1～9分、（第2、3団地）徒歩23～28分 またはバス8分 徒歩2～5分</li><li>JR南武線「矢川」駅（第1団地）バス5分 徒歩1～7分、（第2、3団地）徒歩8～16分</li>
tokyo,tachikawa,国立富士見台,78000,JR南武線「矢川」駅,8.0,16.0,JR南武線「矢川」駅,6.0,12.0,国立市富士見台1-7ほか,2-3号棟,鉄筋コンクリート造,3,N,302号室,2DK,45,5,75200,2800,2か月,['URライト（4年定借）'],随時,https://www.ur-net.go.jp/chintai/kanto/tokyo/20_1350_room.html?JKSS=000203302,<li>JR南武線「谷保」駅（第1団地）徒歩5～10分、（第2、3団地）徒歩10～15分</li><li>JR中央線「国立」駅（第1団地）徒歩21～26分 またはバス5分 徒歩1～9分、（第2、3団地）徒歩23～28分 またはバス8分 徒歩2～5分</li><li>JR南武線「矢川」駅（第1団地）バス5分 徒歩1～7分、（第2、3団地）徒歩8～16分</li>
tokyo,tachikawa,国立富士見台,78000,,,,,,,国立市富士見台1-7ほか,2-3号棟,鉄筋コンクリート造,3,N,302号室,2DK,45,5,75200,2800,2か月,['URライト（4年定借）'],随時,https://www.ur-net.go.jp/chintai/kanto/tokyo/20_1350_room.html?JKSS=000203302,<li>JR南武線「谷保」駅（第1団地）徒歩5～10分、（第2、3団地）徒歩10～15分</li><li>JR中央線「国立」駅（第1団地）徒歩21～26分 またはバス5分 徒歩1～9分、（第2、3団地）徒歩23～28分 またはバス8分 徒歩2～5分</li><li>JR南武線「矢川」駅（第1団地）バス5分 徒歩1～7分、（第2、3団地）徒歩8～16分</li>
tokyo,tachikawa,国立富士見台,86000,JR南武線「谷保」駅,5.0,15.0,,,,国立市富士見台1-7ほか,2-7号棟,鉄筋コンクリート造,4,N,406号室,3DK,50,5,83200,2800,2か月,['URライト（4年定借）'],随時,https://www.ur-net.go.jp/chintai/kanto/tokyo/20_1350_room.html?JKSS=000207406,<li>JR南武線「谷保」駅（第1団地）徒歩5～10分、（第2、3団地）徒歩10～15分</li><li>JR中央線「国立」駅（第1団地）徒歩21～26分 またはバス5分 徒歩1～9分、（第2、3団地）徒歩23～28分 またはバス8分 徒歩2～5分</li><li>JR南武線「矢川」駅（第1団地）バス5分 徒歩1～7分、（第2、3団地）徒歩8～16分</li>
tokyo,tachikawa,国立富士見台,86000,JR中央線「国立」駅,21.0,28.0,JR中央線「国立」駅,6.0,14.0,国立市富士見台1-7ほか,2-7号棟,鉄筋コンクリート造,4,N,406号室,3DK,50,5,83200,2800,2か月,['URライト（4年定借）'],随時,https://www.ur-net.go.jp/chintai/kanto/tokyo/20_1350_room.html?JKSS=000207406,<li>JR南武線「谷保」駅（第1団地）徒歩5～10分、（第2、3団地）徒歩10～15分</li><li>JR中央線「国立」駅（第1団地）徒歩21～26分 またはバス5分 徒歩1～9分、（第2、3団地）徒歩23～28分 またはバス8分 徒歩2～5分</li><li>JR南武線「矢川」駅（第1団地）バス5分 徒歩1～7分、（第2、3団地）徒歩8～16分</li>
tokyo,tachikawa,国立富士見台,86000,JR南武線「矢川」駅,8.0,16.0,JR南武線「矢川」駅,6.0,12.0,国立市富士見台1-7ほか,2-7号棟,鉄筋コンクリート造,4,N,406号室,3DK,50,5,83200,2800,2か月,['URライト（4年定借）'],随時,https://www.ur-net.go.jp/chintai/kanto/tokyo/20_1350_room.html?JKSS=000207406,<li>JR南武線「谷保」駅（第1団地）徒歩5～10分、（第2、3団地）徒歩10～15分</li><li>JR中央線「国立」駅（第1団地）徒歩21～26分 またはバス5分 徒歩1～9分、（第2、3団地）徒歩23～28分 またはバス8分 徒歩2～5分</li><li>JR南武線「矢川」駅（第1団地）バス5分 徒歩1～7分、（第2、3団地）徒歩8～16分</li>
tokyo,tachikawa,国立富士見台,86000,,,,,,,国立市富士見台1-7ほか,2-7号棟,鉄筋コンクリート造,4,N,406号室,3DK,50,5,83200,2800,2か月,['URライト（4年定借）'],随時,https://www.ur-net.go.jp/chintai/kanto/tokyo/20_1350_room.html?JKSS=000207406,<li>JR南武線「谷保」駅（第1団地）徒歩5～10分、（第2、3団地）徒歩10～15分</li><li>JR中央線「国立」駅（第1団地）徒歩21～26分 またはバス5分 徒歩1～9分、（第2、3団地）徒歩23～28分 またはバス8分 徒歩2～5分</li><li>JR南武線「矢川」駅（第1団地）バス5分 徒歩1～7分、（第2、3団地）徒歩8～16分</li>
tokyo,tachikawa,国立富士見台,93400,JR南武線「谷保」駅,5.0,15.0,,,,国立市富士見台1-7ほか,1-14号棟,鉄筋コンクリート造,3,N,308号室,3DK,50,5,90600,2800,2か月,['URライト（4年定借）'],2026年9月24日以降,https://www.ur-net.go.jp/chintai/kanto/tokyo/20_1350_room.html?JKSS=000114308,<li>JR南武線「谷保」駅（第1団地）徒歩5～10分、（第2、3団地）徒歩10～15分</li><li>JR中央線「国立」駅（第1団地）徒歩21～26分 またはバス5分 徒歩1～9分、（第2、3団地）徒歩23～28分 またはバス8分 徒歩2～5分</li><li>JR南武線「矢川」駅（第1団地）バス5分 徒歩1～7分、（第2、3団地）徒歩8～16分</li>
tokyo,tachikawa,国立富士見台,93400,JR中央線「国立」駅,21.0,28.0,JR中央線「国立」駅,6.0,14.0,国立市富士見台1-7ほか,1-14号棟,鉄筋コンクリート造,3,N,308号室,3DK,50,5,90600,2800,2か月,['URライト（4年定借）'],2026年9月24日以降,https://www.ur-net.go.jp/chintai/kanto/tokyo/20_1350_room.html?JKSS=000114308,<li>JR南武線「谷保」駅（第1団地）徒歩5～10分、（第2、3団地）徒歩10～15分</li><li>JR中央線「国立」駅（第1団地）徒歩21～26分 またはバス5分 徒歩1～9分、（第2、3団地）徒歩23～28分 またはバス8分 徒歩2～5分</li><li>JR南武線「矢川」駅（第1団地）バス5分 徒歩1～7分、（第2、3団地）徒歩8～16分</li>
tokyo,tachikawa,国立富士見台,93400,JR南武線「矢川」駅,8.0,16.0,JR南武線「矢川」駅,6.0,12.0,国立市富士見台1-7ほか,1-14号棟,鉄筋コンクリート造,3,N,308号室,3DK,50,5,90600,2800,2か月,['URライト（4年定借）'],2026年9月24日以降,https://www.ur-net.go.jp/chintai/kanto/tokyo/20_1350_room.html?JKSS=000114308,<li>JR南武線「谷保」駅（第1団地）徒歩5～10分、（第2、3団地）徒歩10～15分</li><li>JR中央線「国立」駅（第1団地）徒歩21～26分 またはバス5分 徒歩1～9分、（第2、3団地）徒歩23～28分 またはバス8分 徒歩2～5分</li><li>JR南武線「矢川」駅（第1団地）バス5分 徒歩1～7分、（第2、3団地）徒歩8～16分</li>
tokyo,tachikawa,国立富士見台,93400,,,,,,,国立市富士見台1-7ほか,1-14号棟,鉄筋コンクリート造,3,N,308号室,3DK,50,5,90600,2800,2か月,['URライト（4年定借）'],2026年9月24日以降,https://www.ur-net.go.jp/chintai/kanto/tokyo/20_1350_room.html?JKSS=000114308,<li>JR南武線「谷保」駅（第1団地）徒歩5～10分、（第2、3団地）徒歩10～15分</li><li>JR中央線「国立」駅（第1団地）徒歩21～26分 またはバス5分 徒歩1～9分、（第2、3団地）徒歩23～28分 またはバス8分 徒歩2～5分</li><li>JR南武線「矢川」駅（第1団地）バス5分 徒歩1～7分、（第2、3団地）徒歩8～16分</li>
tokyo,nagayama,百草,67750,京王線「高幡不動」駅,19.0,32.0,京王線「高幡不動」駅,8.0,16.0,多摩市和田1261、日野市百草999,6号棟,鉄筋コンクリート造,5,N,509号室,2LDK,56,5,63000,4750,2か月,"['近居割', '近居割WIDE']",随時,https://www.ur-net.go.jp/chintai/kanto/tokyo/20_1870_room.html?JKSS=000060509,<li>京王線「高幡不動」駅 徒歩19～32分 またはバス7～8分 徒歩1～8分</li><li>京王線「聖蹟桜ヶ丘」駅バス14～15分 徒歩1～8分</li><li>京王相模原線「京王多摩センター」駅バス9分 徒歩2～13分</li>
tokyo,nagayama,百草,67750,,,,京王線「聖蹟桜ヶ丘」駅,15.0,23.0,多摩市和田1261、日野市百草999,6号棟,鉄筋コンクリート造,5,N,509号室,2LDK,56,5,63000,4750,2か月,"['近居割', '近居割WIDE']",随時,https://www.ur-net.go.jp/chintai/kanto/tokyo/20_1870_room.html?JKSS=000060509,<li>京王線「高幡不動」駅 徒歩19～32分 またはバス7～8分 徒歩1～8分</li><li>京王線「聖蹟桜ヶ丘」駅バス14～15分 徒歩1～8分</li><li>京王相模原線「京王多摩センター」駅バス9分 徒歩2～13分</li>
tokyo,nagayama,百草,67750,,,,京王相模原線「京王多摩センター」駅,11.0,22.0,多摩市和田1261、日野市百草999,6号棟,鉄筋コンクリート造,5,N,509号室,2LDK,56,5,63000,4750,2か月,"['近居割', '近居割WIDE']",随時,https://www.ur-net.go.jp/chintai/kanto/tokyo/20_1870_room.html?JKSS=000060509,<li>京王線「高幡不動」駅 徒歩19～32分 またはバス7～8分 徒歩1～8分</li><li>京王線「聖蹟桜ヶ丘」駅バス14～15分 徒歩1～8分</li><li>京王相模原線「京王多摩センター」駅バス9分 徒歩2～13分</li>
tokyo,nagayama,百草,67750,,,,,,,多摩市和田1261、日野市百草999,6号棟,鉄筋コンクリート造,5,N,509号室,2LDK,56,5,63000,4750,2か月,"['近居割', '近居割WIDE']",随時,https://www.ur-net.go.jp/chintai/kanto/tokyo/20_1870_room.html?JKSS=000060509,<li>京王線「高幡不動」駅 徒歩19～32分 またはバス7～8分 徒歩1～8分</li><li>京王線「聖蹟桜ヶ丘」駅バス14～15分 徒歩1～8分</li><li>京王相模原線「京王多摩センター」駅バス9分 徒歩2～13分</li>
tokyo,nagayama,百草,69150,京王線「高幡不動」駅,19.0,32.0,京王線「高幡不動」駅,8.0,16.0,多摩市和田1261、日野市百草999,6号棟,鉄筋コンクリート造,4,N,408号室,2LDK,56,5,64400,4750,2か月,"['近居割', '近居割WIDE']",随時,https://www.ur-net.go.jp/chintai/kanto/tokyo/20_1870_room.html?JKSS=000060408,<li>京王線「高幡不動」駅 徒歩19～32分 またはバス7～8分 徒歩1～8分</li><li>京王線「聖蹟桜ヶ丘」駅バス14～15分 徒歩1～8分</li><li>京王相模原線「京王多摩センター」駅バス9分 徒歩2～13分</li>
tokyo,nagayama,百草,69150,,,,京王線「聖蹟桜ヶ丘」駅,15.0,23.0,多摩市和田1261、日野市百草999,6号棟,鉄筋コンクリート造,4,N,408号室,2LDK,56,5,64400,4750,2か月,"['近居割', '近居割WIDE']",随時,https://www.ur-net.go.jp/chintai/kanto/tokyo/20_1870_room.html?JKSS=000060408,<li>京王線「高幡不動」駅 徒歩19～32分 またはバス7～8分 徒歩1～8分</li><li>京王線「聖蹟桜ヶ丘」駅バス14～15分 徒歩1～8分</li><li>京王相模原線「京王多摩センター」駅バス9分 徒歩2～13分</li>
tokyo,nagayama,百草,69150,,,,京王相模原線「京王多摩センター」駅,11.0,22.0,多摩市和田1261、日野市百草999,6号棟,鉄筋コンクリート造,4,N,408号室,2LDK,56,5,64400,4750,2か月,"['近居割', '近居割WIDE']",随時,https://www.ur-net.go.jp/chintai/kanto/tokyo/20_1870_room.html?JKSS=000060408,<li>京王線「高幡不動」駅 徒歩19～32分 またはバス7～8分 徒歩1～8分</li><li>京王線「聖蹟桜ヶ丘」駅バス14～15分 徒歩1～8分</li><li>京王相模原線「京王多摩センター」駅バス9分 徒歩2～13分</li>
tokyo,nagayama,百草,69150,,,,,,,多摩市和田1261、日野市百草999,6号棟,鉄筋コンクリート造,4,N,408号室,2LDK,56,5,64400,4750,2か月,"['近居割', '近居割WIDE']",随時,https://www.ur-net.go.jp/chintai/kanto/tokyo/20_1870_room.html?JKSS=000060408,<li>京王線「高幡不動」駅 徒歩19～32分 またはバス7～8分 徒歩1～8分</li><li>京王線「聖蹟桜ヶ丘」駅バス14～15分 徒歩1～8分</li><li>京王相模原線「京王多摩センター」駅バス9分 徒歩2～13分</li>
tokyo,nagayama,多摩ニュータウン 豊ヶ丘（グリーンメゾン豊ヶ丘－６）,70900,京王相模原線「京王多摩センター」駅・小田急多摩線「小田急多摩センター」駅,16.0,32.0,京王相模原線「京王多摩センター」駅・小田急多摩線「小田急多摩センター」駅,14.0,26.0,多摩市豊ヶ丘2ほか,6-2-2号棟,鉄筋コンクリート造、鉄骨鉄筋コンクリート造,3,N,304号室,2DK,50,8,66100,4800,2か月,"['近居割', '近居割WIDE']",随時,https://www.ur-net.go.jp/chintai/kanto/tokyo/20_2710_room.html?JKSS=602020304,<li>京王相模原線「京王多摩センター」駅・小田急多摩線「小田急多摩センター」駅 徒歩16～32分 またはバス12分 徒歩2～14分</li><li>多摩都市モノレール「多摩センター」駅 徒歩17～33分 またはバス12分 徒歩2～14分</li>
tokyo,nagayama,多摩ニュータウン 豊ヶ丘（グリーンメゾン豊ヶ丘－６）,70900,多摩都市モノレール「多摩センター」駅,17.0,33.0,多摩都市モノレール「多摩センター」駅,14.0,26.0,多摩市豊ヶ丘2ほか,6-2-2号棟,鉄筋コンクリート造、鉄骨鉄筋コンクリート造,3,N,304号室,2DK,50,8,66100,4800,2か月,"['近居割', '近居割WIDE']",随時,https://www.ur-net.go.jp/chintai/kanto/tokyo/20_2710_room.html?JKSS=602020304,<li>京王相模原線「京王多摩センター」駅・小田急多摩線「小田急多摩センター」駅 徒歩16～32分 またはバス12分 徒歩2～14分</li><li>多摩都市モノレール「多摩センター」駅 徒歩17～33分 またはバス12分 徒歩2～14分</li>
tokyo,nagayama,多摩ニュータウン 豊ヶ丘（グリーンメゾン豊ヶ丘－６）,70900,,,,,,,多摩市豊ヶ丘2ほか,6-2-2号棟,鉄筋コンクリート造、鉄骨鉄筋コンクリート造,3,N,304号室,2DK,50,8,66100,4800,2か月,"['近居割', '近居割WIDE']",随時,https://www.ur-net.go.jp/chintai/kanto/tokyo/20_2710_room.html?JKSS=602020304,<li>京王相模原線「京王多摩センター」駅・小田急多摩線「小田急多摩センター」駅 徒歩16～32分 またはバス12分 徒歩2～14分</li><li>多摩都市モノレール「多摩センター」駅 徒歩17～33分 またはバス12分 徒歩2～14分</li>
tokyo,nagayama,多摩ニュータウン 豊ヶ丘（グリーンメゾン豊ヶ丘－６）,73000,京王相模原線「京王多摩センター」駅・小田急多摩線「小田急多摩センター」駅,16.0,32.0,京王相模原線「京王多摩センター」駅・小田急多摩線「小田急多摩センター」駅,14.0,26.0,多摩市豊ヶ丘2ほか,6-2-2号棟,鉄筋コンクリート造、鉄骨鉄筋コンクリート造,4,N,403号室,2DK,50,8,68200,4800,2か月,"['近居割', '近居割WIDE']",随時,https://www.ur-net.go.jp/chintai/kanto/tokyo/20_2710_room.html?JKSS=602020403,<li>京王相模原線「京王多摩センター」駅・小田急多摩線「小田急多摩センター」駅 徒歩16～32分 またはバス12分 徒歩2～14分</li><li>多摩都市モノレール「多摩センター」駅 徒歩17～33分 またはバス12分 徒歩2～14分</li>
tokyo,nagayama,多摩ニュータウン 豊ヶ丘（グリーンメゾン豊ヶ丘－６）,73000,多摩都市モノレール「多摩センター」駅,17.0,33.0,多摩都市モノレール「多摩センター」駅,14.0,26.0,多摩市豊ヶ丘2ほか,6-2-2号棟,鉄筋コンクリート造、鉄骨鉄筋コンクリート造,4,N,403号室,2DK,50,8,68200,4800,2か月,"['近居割', '近居割WIDE']",随時,https://www.ur-net.go.jp/chintai/kanto/tokyo/20_2710_room.html?JKSS=602020403,<li>京王相模原線「京王多摩センター」駅・小田急多摩線「小田急多摩センター」駅 徒歩16～32分 またはバス12分 徒歩2～14分</li><li>多摩都市モノレール「多摩センター」駅 徒歩17～33分 またはバス12分 徒歩2～14分</li>
tokyo,nagayama,多摩ニュータウン 豊ヶ丘（グリーンメゾン豊ヶ丘－６）,73000,,,,,,,多摩市豊ヶ丘2ほか,6-2-2号棟,鉄筋コンクリート造、鉄骨鉄筋コンクリート造,4,N,403号室,2DK,50,8,68200,4800,2か月,"['近居割', '近居割WIDE']",随時,https://www.ur-net.go.jp/chintai/kanto/tokyo/20_2710_room.html?JKSS=602020403,<li>京王相模原線「京王多摩センター」駅・小田急多摩線「小田急多摩センター」駅 徒歩16～32分 またはバス12分 徒歩2～14分</li><li>多摩都市モノレール「多摩センター」駅 徒歩17～33分 またはバス12分 徒歩2～14分</li>
tokyo,nagayama,多摩ニュータウン 豊ヶ丘（グリーンメゾン豊ヶ丘－６）,77800,京王相模原線「京王多摩センター」駅・小田急多摩線「小田急多摩センター」駅,16.0,32.0,京王相模原線「京王多摩センター」駅・小田急多摩線「小田急多摩センター」駅,14.0,26.0,多摩市豊ヶ丘2ほか,4-2-2号棟,鉄筋コンクリート造、鉄骨鉄筋コンクリート造,5,N,502号室,2DK,55,11,73000,4800,2か月,"['近居割', '近居割WIDE']",随時,https://www.ur-net.go.jp/chintai/kanto/tokyo/20_2710_room.html?JKSS=402020502,<li>京王相模原線「京王多摩センター」駅・小田急多摩線「小田急多摩センター」駅 徒歩16～32分 またはバス12分 徒歩2～14分</li><li>多摩都市モノレール「多摩センター」駅 徒歩17～33分 またはバス12分 徒歩2～14分</li>
tokyo,nagayama,多摩ニュータウン 豊ヶ丘（グリーンメゾン豊ヶ丘－６）,77800,多摩都市モノレール「多摩センター」駅,17.0,33.0,多摩都市モノレール「多摩センター」駅,14.0,26.0,多摩市豊ヶ丘2ほか,4-2-2号棟,鉄筋コンクリート造、鉄骨鉄筋コンクリート造,5,N,502号室,2DK,55,11,73000,4800,2か月,"['近居割', '近居割WIDE']",随時,https://www.ur-net.go.jp/chintai/kanto/tokyo/20_2710_room.html?JKSS=402020502,<li>京王相模原線「京王多摩センター」駅・小田急多摩線「小田急多摩センター」駅 徒歩16～32分 またはバス12分 徒歩2～14分</li><li>多摩都市モノレール「多摩センター」駅 徒歩17～33分 またはバス12分 徒歩2～14分</li>
tokyo,nagayama,多摩ニュータウン 豊ヶ丘（グリーンメゾン豊ヶ丘－６）,77800,,,,,,,多摩市豊ヶ丘2ほか,4-2-2号棟,鉄筋コンクリート造、鉄骨鉄筋コンクリート造,5,N,502号室,2DK,55,11,73000,4800,2か月,"['近居割', '近居割WIDE']",随時,https://www.ur-net.go.jp/chintai/kanto/tokyo/20_2710_room.html?JKSS=402020502,<li>京王相模原線「京王多摩センター」駅・小田急多摩線「小田急多摩センター」駅 徒歩16～32分 またはバス12分 徒歩2～14分</li><li>多摩都市モノレール「多摩センター」駅 徒歩17～33分 またはバス12分 徒歩2～14分</li>
tokyo,nagayama,多摩ニュータウン 豊ヶ丘（グリーンメゾン豊ヶ丘－６）,79800,京王相模原線「京王多摩センター」駅・小田急多摩線「小田急多摩センター」駅,16.0,32.0,京王相模原線「京王多摩センター」駅・小田急多摩線「小田急多摩センター」駅,14.0,26.0,多摩市豊ヶ丘2ほか,6-2-2号棟,鉄筋コンクリート造、鉄骨鉄筋コンクリート造,8,N,801号室,3DK,59,8,75000,4800,2か月,"['近居割', '近居割WIDE']",随時,https://www.ur-net.go.jp/chintai/kanto/tokyo/20_2710_room.html?JKSS=602020801,<li>京王相模原線「京王多摩センター」駅・小田急多摩線「小田急多摩センター」駅 徒歩16～32分 またはバス12分 徒歩2～14分</li><li>多摩都市モノレール「多摩センター」駅 徒歩17～33分 またはバス12分 徒歩2～14分</li>
tokyo,nagayama,多摩ニュータウン 豊ヶ丘（グリーンメゾン豊ヶ丘－６）,79800,多摩都市モノレール「多摩センター」駅,17.0,33.0,多摩都市モノレール「多摩センター」駅,14.0,26.0,多摩市豊ヶ丘2ほか,6-2-2号棟,鉄筋コンクリート造、鉄骨鉄筋コンクリート造,8,N,801号室,3DK,59,8,75000,4800,2か月,"['近居割', '近居割WIDE']",随時,https://www.ur-net.go.jp/chintai/kanto/tokyo/20_2710_room.html?JKSS=602020801,<li>京王相模原線「京王多摩センター」駅・小田急多摩線「小田急多摩センター」駅 徒歩16～32分 またはバス12分 徒歩2～14分</li><li>多摩都市モノレール「多摩センター」駅 徒歩17～33分 またはバス12分 徒歩2～14分</li>
tokyo,nagayama,多摩ニュータウン 豊ヶ丘（グリーンメゾン豊ヶ丘－６）,79800,,,,,,,多摩市豊ヶ丘2ほか,6-2-2号棟,鉄筋コンクリート造、鉄骨鉄筋コンクリート造,8,N,801号室,3DK,59,8,75000,4800,2か月,"['近居割', '近居割WIDE']",随時,https://www.ur-net.go.jp/chintai/kanto/tokyo/20_2710_room.html?JKSS=602020801,<li>京王相模原線「京王多摩センター」駅・小田急多摩線「小田急多摩センター」駅 徒歩16～32分 またはバス12分 徒歩2～14分</li><li>多摩都市モノレール「多摩センター」駅 徒歩17～33分 またはバス12分 徒歩2～14分</li>
tokyo,nagayama,多摩ニュータウン 豊ヶ丘（グリーンメゾン豊ヶ丘－６）,84200,京王相模原線「京王多摩センター」駅・小田急多摩線「小田急多摩センター」駅,16.0,32.0,京王相模原線「京王多摩センター」駅・小田急多摩線「小田急多摩センター」駅,14.0,26.0,多摩市豊ヶ丘2ほか,6-3-2号棟,鉄筋コンクリート造、鉄骨鉄筋コンクリート造,3,N,308号室,2LDK,66,8,79400,4800,2か月,"['近居割', '近居割WIDE']",随時,https://www.ur-net.go.jp/chintai/kanto/tokyo/20_2710_room.html?JKSS=603020308,<li>京王相模原線「京王多摩センター」駅・小田急多摩線「小田急多摩センター」駅 徒歩16～32分 またはバス12分 徒歩2～14分</li><li>多摩都市モノレール「多摩センター」駅 徒歩17～33分 またはバス12分 徒歩2～14分</li>
tokyo,nagayama,多摩ニュータウン 豊ヶ丘（グリーンメゾン豊ヶ丘－６）,84200,多摩都市モノレール「多摩センター」駅,17.0,33.0,多摩都市モノレール「多摩センター」駅,14.0,26.0,多摩市豊ヶ丘2ほか,6-3-2号棟,鉄筋コンクリート造、鉄骨鉄筋コンクリート造,3,N,308号室,2LDK,66,8,79400,4800,2か月,"['近居割', '近居割WIDE']",随時,https://www.ur-net.go.jp/chintai/kanto/tokyo/20_2710_room.html?JKSS=603020308,<li>京王相模原線「京王多摩センター」駅・小田急多摩線「小田急多摩センター」駅 徒歩16～32分 またはバス12分 徒歩2～14分</li><li>多摩都市モノレール「多摩センター」駅 徒歩17～33分 またはバス12分 徒歩2～14分</li>
tokyo,nagayama,多摩ニュータウン 豊ヶ丘（グリーンメゾン豊ヶ丘－６）,84200,,,,,,,多摩市豊ヶ丘2ほか,6-3-2号棟,鉄筋コンクリート造、鉄骨鉄筋コンクリート造,3,N,308号室,2LDK,66,8,79400,4800,2か月,"['近居割', '近居割WIDE']",随時,https://www.ur-net.go.jp/chintai/kanto/tokyo/20_2710_room.html?JKSS=603020308,<li>京王相模原線「京王多摩センター」駅・小田急多摩線「小田急多摩センター」駅 徒歩16～32分 またはバス12分 徒歩2～14分</li><li>多摩都市モノレール「多摩センター」駅 徒歩17～33分 またはバス12分 徒歩2～14分</li>
tokyo,higashifushimi,新柳沢,114680,西武新宿線「西武柳沢」駅,11.0,14.0,,,,西東京市柳沢3-4,4号棟,鉄筋コンクリート造,4,N,403号室,2DK,45,7,110500,4180,2か月,"['近居割', '近居割WIDE']",随時,https://www.ur-net.go.jp/chintai/kanto/tokyo/20_4900_room.html?JKSS=000040403,<li>西武新宿線「西武柳沢」駅 徒歩11～14分</li><li>JR中央線「三鷹」駅バス9分 徒歩6～8分</li><li>JR中央線「吉祥寺」駅バス11分 徒歩6～8分</li>
tokyo,higashifushimi,新柳沢,114680,,,,JR中央線「三鷹」駅,15.0,17.0,西東京市柳沢3-4,4号棟,鉄筋コンクリート造,4,N,403号室,2DK,45,7,110500,4180,2か月,"['近居割', '近居割WIDE']",随時,https://www.ur-net.go.jp/chintai/kanto/tokyo/20_4900_room.html?JKSS=000040403,<li>西武新宿線「西武柳沢」駅 徒歩11～14分</li><li>JR中央線「三鷹」駅バス9分 徒歩6～8分</li><li>JR中央線「吉祥寺」駅バス11分 徒歩6～8分</li>
tokyo,higashifushimi,新柳沢,114680,,,,JR中央線「吉祥寺」駅,17.0,19.0,西東京市柳沢3-4,4号棟,鉄筋コンクリート造,4,N,403号室,2DK,45,7,110500,4180,2か月,"['近居割', '近居割WIDE']",随時,https://www.ur-net.go.jp/chintai/kanto/tokyo/20_4900_room.html?JKSS=000040403,<li>西武新宿線「西武柳沢」駅 徒歩11～14分</li><li>JR中央線「三鷹」駅バス9分 徒歩6～8分</li><li>JR中央線「吉祥寺」駅バス11分 徒歩6～8分</li>
tokyo,higashifushimi,新柳沢,114680,,,,,,,西東京市柳沢3-4,4号棟,鉄筋コンクリート造,4,N,403号室,2DK,45,7,110500,4180,2か月,"['近居割', '近居割WIDE']",随時,https://www.ur-net.go.jp/chintai/kanto/tokyo/20_4900_room.html?JKSS=000040403,<li>西武新宿線「西武柳沢」駅 徒歩11～14分</li><li>JR中央線「三鷹」駅バス9分 徒歩6～8分</li><li>JR中央線「吉祥寺」駅バス11分 徒歩6～8分</li>
tokyo,hibarigaoka,グリーンプラザひばりが丘南,127600,西武池袋線「ひばりヶ丘」駅,15.0,17.0,西武池袋線「ひばりヶ丘」駅,5.0,6.0,西東京市谷戸町1-22-1ほか,4号棟,鉄筋コンクリート造,3,N,315号室,1LDK,53,13,123200,4400,2か月,"['近居割', '近居割WIDE']",随時,https://www.ur-net.go.jp/chintai/kanto/tokyo/20_6320_room.html?JKSS=000040315,<li>西武池袋線「ひばりヶ丘」駅 徒歩15～17分 またはバス3分 徒歩2～3分</li><li>西武新宿線「田無」駅バス8分 徒歩2～3分</li><li>JR中央線「武蔵境」駅バス24分 徒歩2～3分</li>
tokyo,hibarigaoka,グリーンプラザひばりが丘南,127600,,,,西武新宿線「田無」駅,10.0,11.0,西東京市谷戸町1-22-1ほか,4号棟,鉄筋コンクリート造,3,N,315号室,1LDK,53,13,123200,4400,2か月,"['近居割', '近居割WIDE']",随時,https://www.ur-net.go.jp/chintai/kanto/tokyo/20_6320_room.html?JKSS=000040315,<li>西武池袋線「ひばりヶ丘」駅 徒歩15～17分 またはバス3分 徒歩2～3分</li><li>西武新宿線「田無」駅バス8分 徒歩2～3分</li><li>JR中央線「武蔵境」駅バス24分 徒歩2～3分</li>
tokyo,hibarigaoka,グリーンプラザひばりが丘南,127600,,,,JR中央線「武蔵境」駅,26.0,27.0,西東京市谷戸町1-22-1ほか,4号棟,鉄筋コンクリート造,3,N,315号室,1LDK,53,13,123200,4400,2か月,"['近居割', '近居割WIDE']",随時,https://www.ur-net.go.jp/chintai/kanto/tokyo/20_6320_room.html?JKSS=000040315,<li>西武池袋線「ひばりヶ丘」駅 徒歩15～17分 またはバス3分 徒歩2～3分</li><li>西武新宿線「田無」駅バス8分 徒歩2～3分</li><li>JR中央線「武蔵境」駅バス24分 徒歩2～3分</li>
tokyo,hibarigaoka,グリーンプラザひばりが丘南,127600,,,,,,,西東京市谷戸町1-22-1ほか,4号棟,鉄筋コンクリート造,3,N,315号室,1LDK,53,13,123200,4400,2か月,"['近居割', '近居割WIDE']",随時,https://www.ur-net.go.jp/chintai/kanto/tokyo/20_6320_room.html?JKSS=000040315,<li>西武池袋線「ひばりヶ丘」駅 徒歩15～17分 またはバス3分 徒歩2～3分</li><li>西武新宿線「田無」駅バス8分 徒歩2～3分</li><li>JR中央線「武蔵境」駅バス24分 徒歩2～3分</li>
tokyo,hibarigaoka,ひばりが丘パークヒルズ,168300,西武池袋線「ひばりヶ丘」駅,15.0,22.0,西武池袋線「ひばりヶ丘」駅,4.0,8.0,西東京市ひばりが丘3-5、東久留米市ひばりが丘団地6ほか,5-5号棟,鉄筋コンクリート造,8,N,801号室,2DK,62,9,161300,7000,2か月,"['近居割', '近居割WIDE']",随時,https://www.ur-net.go.jp/chintai/kanto/tokyo/20_6771_room.html?JKSS=005050801,<li>西武池袋線「ひばりヶ丘」駅 徒歩15～22分 またはバス3～4分 徒歩1～4分</li><li>西武新宿線「田無」駅バス11～15分 徒歩1～4分</li><li>JR中央線「武蔵境」駅バス27～33分 徒歩1～4分</li>
tokyo,hibarigaoka,ひばりが丘パークヒルズ,168300,,,,西武新宿線「田無」駅,12.0,19.0,西東京市ひばりが丘3-5、東久留米市ひばりが丘団地6ほか,5-5号棟,鉄筋コンクリート造,8,N,801号室,2DK,62,9,161300,7000,2か月,"['近居割', '近居割WIDE']",随時,https://www.ur-net.go.jp/chintai/kanto/tokyo/20_6771_room.html?JKSS=005050801,<li>西武池袋線「ひばりヶ丘」駅 徒歩15～22分 またはバス3～4分 徒歩1～4分</li><li>西武新宿線「田無」駅バス11～15分 徒歩1～4分</li><li>JR中央線「武蔵境」駅バス27～33分 徒歩1～4分</li>
tokyo,hibarigaoka,ひばりが丘パークヒルズ,168300,,,,JR中央線「武蔵境」駅,28.0,37.0,西東京市ひばりが丘3-5、東久留米市ひばりが丘団地6ほか,5-5号棟,鉄筋コンクリート造,8,N,801号室,2DK,62,9,161300,7000,2か月,"['近居割', '近居割WIDE']",随時,https://www.ur-net.go.jp/chintai/kanto/tokyo/20_6771_room.html?JKSS=005050801,<li>西武池袋線「ひばりヶ丘」駅 徒歩15～22分 またはバス3～4分 徒歩1～4分</li><li>西武新宿線「田無」駅バス11～15分 徒歩1～4分</li><li>JR中央線「武蔵境」駅バス27～33分 徒歩1～4分</li>
tokyo,hibarigaoka,ひばりが丘パークヒルズ,168300,,,,,,,西東京市ひばりが丘3-5、東久留米市ひばりが丘団地6ほか,5-5号棟,鉄筋コンクリート造,8,N,801号室,2DK,62,9,161300,7000,2か月,"['近居割', '近居割WIDE']",随時,https://www.ur-net.go.jp/chintai/kanto/tokyo/20_6771_room.html?JKSS=005050801,<li>西武池袋線「ひばりヶ丘」駅 徒歩15～22分 またはバス3～4分 徒歩1～4分</li><li>西武新宿線「田無」駅バス11～15分 徒歩1～4分</li><li>JR中央線「武蔵境」駅バス27～33分 徒歩1～4分</li>
tokyo,tachikawa,昭島つつじが丘ハイツ,94800,JR青梅線「昭島」駅,9.0,11.0,,,,昭島市つつじが丘3-4ほか,9号棟,鉄骨鉄筋コンクリート造,9,N,905号室,3DK,59,14,89100,5700,2か月,['近居割'],随時,https://www.ur-net.go.jp/chintai/kanto/tokyo/20_3380_room.html?JKSS=000090905,<li>JR青梅線「昭島」駅 徒歩9～11分</li><li>JR青梅線「中神」駅 徒歩13～15分</li><li>西武拝島線「西武立川」駅 徒歩25～28分</li>
tokyo,tachikawa,昭島つつじが丘ハイツ,94800,JR青梅線「中神」駅,13.0,15.0,,,,昭島市つつじが丘3-4ほか,9号棟,鉄骨鉄筋コンクリート造,9,N,905号室,3DK,59,14,89100,5700,2か月,['近居割'],随時,https://www.ur-net.go.jp/chintai/kanto/tokyo/20_3380_room.html?JKSS=000090905,<li>JR青梅線「昭島」駅 徒歩9～11分</li><li>JR青梅線「中神」駅 徒歩13～15分</li><li>西武拝島線「西武立川」駅 徒歩25～28分</li>
tokyo,tachikawa,昭島つつじが丘ハイツ,94800,西武拝島線「西武立川」駅,25.0,28.0,,,,昭島市つつじが丘3-4ほか,9号棟,鉄骨鉄筋コンクリート造,9,N,905号室,3DK,59,14,89100,5700,2か月,['近居割'],随時,https://www.ur-net.go.jp/chintai/kanto/tokyo/20_3380_room.html?JKSS=000090905,<li>JR青梅線「昭島」駅 徒歩9～11分</li><li>JR青梅線「中神」駅 徒歩13～15分</li><li>西武拝島線「西武立川」駅 徒歩25～28分</li>
tokyo,tachikawa,昭島つつじが丘ハイツ,94800,,,,,,,昭島市つつじが丘3-4ほか,9号棟,鉄骨鉄筋コンクリート造,9,N,905号室,3DK,59,14,89100,5700,2か月,['近居割'],随時,https://www.ur-net.go.jp/chintai/kanto/tokyo/20_3380_room.html?JKSS=000090905,<li>JR青梅線「昭島」駅 徒歩9～11分</li><li>JR青梅線「中神」駅 徒歩13～15分</li><li>西武拝島線「西武立川」駅 徒歩25～28分</li>
tokyo,tachikawa,昭島つつじが丘ハイツ,102000,JR青梅線「昭島」駅,9.0,11.0,,,,昭島市つつじが丘3-4ほか,6号棟,鉄骨鉄筋コンクリート造,2,N,215号室,3DK,65,11,96300,5700,2か月,['近居割'],随時,https://www.ur-net.go.jp/chintai/kanto/tokyo/20_3380_room.html?JKSS=000060215,<li>JR青梅線「昭島」駅 徒歩9～11分</li><li>JR青梅線「中神」駅 徒歩13～15分</li><li>西武拝島線「西武立川」駅 徒歩25～28分</li>
tokyo,tachikawa,昭島つつじが丘ハイツ,102000,JR青梅線「中神」駅,13.0,15.0,,,,昭島市つつじが丘3-4ほか,6号棟,鉄骨鉄筋コンクリート造,2,N,215号室,3DK,65,11,96300,5700,2か月,['近居割'],随時,https://www.ur-net.go.jp/chintai/kanto/tokyo/20_3380_room.html?JKSS=000060215,<li>JR青梅線「昭島」駅 徒歩9～11分</li><li>JR青梅線「中神」駅 徒歩13～15分</li><li>西武拝島線「西武立川」駅 徒歩25～28分</li>
tokyo,tachikawa,昭島つつじが丘ハイツ,102000,西武拝島線「西武立川」駅,25.0,28.0,,,,昭島市つつじが丘3-4ほか,6号棟,鉄骨鉄筋コンクリート造,2,N,215号室,3DK,65,11,96300,5700,2か月,['近居割'],随時,https://www.ur-net.go.jp/chintai/kanto/tokyo/20_3380_room.html?JKSS=000060215,<li>JR青梅線「昭島」駅 徒歩9～11分</li><li>JR青梅線「中神」駅 徒歩13～15分</li><li>西武拝島線「西武立川」駅 徒歩25～28分</li>
tokyo,tachikawa,昭島つつじが丘ハイツ,102000,,,,,,,昭島市つつじが丘3-4ほか,6号棟,鉄骨鉄筋コンクリート造,2,N,215号室,3DK,65,11,96300,5700,2か月,['近居割'],随時,https://www.ur-net.go.jp/chintai/kanto/tokyo/20_3380_room.html?JKSS=000060215,<li>JR青梅線「昭島」駅 徒歩9～11分</li><li>JR青梅線「中神」駅 徒歩13～15分</li><li>西武拝島線「西武立川」駅 徒歩25～28分</li>
tokyo,tachikawa,昭島つつじが丘ハイツ,102700,JR青梅線「昭島」駅,9.0,11.0,,,,昭島市つつじが丘3-4ほか,6号棟,鉄骨鉄筋コンクリート造,8,N,811号室,3DK,65,11,97000,5700,2か月,['近居割'],随時,https://www.ur-net.go.jp/chintai/kanto/tokyo/20_3380_room.html?JKSS=000060811,<li>JR青梅線「昭島」駅 徒歩9～11分</li><li>JR青梅線「中神」駅 徒歩13～15分</li><li>西武拝島線「西武立川」駅 徒歩25～28分</li>
tokyo,tachikawa,昭島つつじが丘ハイツ,102700,JR青梅線「中神」駅,13.0,15.0,,,,昭島市つつじが丘3-4ほか,6号棟,鉄骨鉄筋コンクリート造,8,N,811号室,3DK,65,11,97000,5700,2か月,['近居割'],随時,https://www.ur-net.go.jp/chintai/kanto/tokyo/20_3380_room.html?JKSS=000060811,<li>JR青梅線「昭島」駅 徒歩9～11分</li><li>JR青梅線「中神」駅 徒歩13～15分</li><li>西武拝島線「西武立川」駅 徒歩25～28分</li>
tokyo,tachikawa,昭島つつじが丘ハイツ,102700,西武拝島線「西武立川」駅,25.0,28.0,,,,昭島市つつじが丘3-4ほか,6号棟,鉄骨鉄筋コンクリート造,8,N,811号室,3DK,65,11,97000,5700,2か月,['近居割'],随時,https://www.ur-net.go.jp/chintai/kanto/tokyo/20_3380_room.html?JKSS=000060811,<li>JR青梅線「昭島」駅 徒歩9～11分</li><li>JR青梅線「中神」駅 徒歩13～15分</li><li>西武拝島線「西武立川」駅 徒歩25～28分</li>
tokyo,tachikawa,昭島つつじが丘ハイツ,102700,,,,,,,昭島市つつじが丘3-4ほか,6号棟,鉄骨鉄筋コンクリート造,8,N,811号室,3DK,65,11,97000,5700,2か月,['近居割'],随時,https://www.ur-net.go.jp/chintai/kanto/tokyo/20_3380_room.html?JKSS=000060811,<li>JR青梅線「昭島」駅 徒歩9～11分</li><li>JR青梅線「中神」駅 徒歩13～15分</li><li>西武拝島線「西武立川」駅 徒歩25～28分</li>
tokyo,tachikawa,コンフォール拝島,136900,JR青梅線ほか｢拝島｣駅,4.0,4.0,,,,昭島市松原町4-1-5,,鉄筋コンクリート造,5,N,507号室,3LDK,76,5,129700,7200,2か月,['近居割'],随時,https://www.ur-net.go.jp/chintai/kanto/tokyo/20_5520_room.html?JKSS=000000507,<li>JR青梅線ほか｢拝島｣駅 徒歩4分</li>
tokyo,tachikawa,コンフォール拝島,136900,,,,,,,昭島市松原町4-1-5,,鉄筋コンクリート造,5,N,507号室,3LDK,76,5,129700,7200,2か月,['近居割'],随時,https://www.ur-net.go.jp/chintai/kanto/tokyo/20_5520_room.html?JKSS=000000507,<li>JR青梅線ほか｢拝島｣駅 徒歩4分</li>
tokyo,nagayama,百草,58750,京王線「高幡不動」駅,19.0,32.0,京王線「高幡不動」駅,8.0,16.0,多摩市和田1261、日野市百草999,1-3-5号棟,鉄筋コンクリート造,4,N,408号室,2DK,45,5,54000,4750,2か月,"['近居割', '近居割WIDE']",随時,https://www.ur-net.go.jp/chintai/kanto/tokyo/20_1870_room.html?JKSS=103050408,<li>京王線「高幡不動」駅 徒歩19～32分 またはバス7～8分 徒歩1～8分</li><li>京王線「聖蹟桜ヶ丘」駅バス14～15分 徒歩1～8分</li><li>京王相模原線「京王多摩センター」駅バス9分 徒歩2～13分</li>
tokyo,nagayama,百草,58750,,,,京王線「聖蹟桜ヶ丘」駅,15.0,23.0,多摩市和田1261、日野市百草999,1-3-5号棟,鉄筋コンクリート造,4,N,408号室,2DK,45,5,54000,4750,2か月,"['近居割', '近居割WIDE']",随時,https://www.ur-net.go.jp/chintai/kanto/tokyo/20_1870_room.html?JKSS=103050408,<li>京王線「高幡不動」駅 徒歩19～32分 またはバス7～8分 徒歩1～8分</li><li>京王線「聖蹟桜ヶ丘」駅バス14～15分 徒歩1～8分</li><li>京王相模原線「京王多摩センター」駅バス9分 徒歩2～13分</li>
tokyo,nagayama,百草,58750,,,,京王相模原線「京王多摩センター」駅,11.0,22.0,多摩市和田1261、日野市百草999,1-3-5号棟,鉄筋コンクリート造,4,N,408号室,2DK,45,5,54000,4750,2か月,"['近居割', '近居割WIDE']",随時,https://www.ur-net.go.jp/chintai/kanto/tokyo/20_1870_room.html?JKSS=103050408,<li>京王線「高幡不動」駅 徒歩19～32分 またはバス7～8分 徒歩1～8分</li><li>京王線「聖蹟桜ヶ丘」駅バス14～15分 徒歩1～8分</li><li>京王相模原線「京王多摩センター」駅バス9分 徒歩2～13分</li>
tokyo,nagayama,百草,58750,,,,,,,多摩市和田1261、日野市百草999,1-3-5号棟,鉄筋コンクリート造,4,N,408号室,2DK,45,5,54000,4750,2か月,"['近居割', '近居割WIDE']",随時,https://www.ur-net.go.jp/chintai/kanto/tokyo/20_1870_room.html?JKSS=103050408,<li>京王線「高幡不動」駅 徒歩19～32分 またはバス7～8分 徒歩1～8分</li><li>京王線「聖蹟桜ヶ丘」駅バス14～15分 徒歩1～8分</li><li>京王相模原線「京王多摩センター」駅バス9分 徒歩2～13分</li>
tokyo,nagayama,百草,59250,京王線「高幡不動」駅,19.0,32.0,京王線「高幡不動」駅,8.0,16.0,多摩市和田1261、日野市百草999,1-3-3号棟,鉄筋コンクリート造,1,N,119号室,2DK,45,5,54500,4750,2か月,"['近居割', '近居割WIDE']",随時,https://www.ur-net.go.jp/chintai/kanto/tokyo/20_1870_room.html?JKSS=103030119,<li>京王線「高幡不動」駅 徒歩19～32分 またはバス7～8分 徒歩1～8分</li><li>京王線「聖蹟桜ヶ丘」駅バス14～15分 徒歩1～8分</li><li>京王相模原線「京王多摩センター」駅バス9分 徒歩2～13分</li>
tokyo,nagayama,百草,59250,,,,京王線「聖蹟桜ヶ丘」駅,15.0,23.0,多摩市和田1261、日野市百草999,1-3-3号棟,鉄筋コンクリート造,1,N,119号室,2DK,45,5,54500,4750,2か月,"['近居割', '近居割WIDE']",随時,https://www.ur-net.go.jp/chintai/kanto/tokyo/20_1870_room.html?JKSS=103030119,<li>京王線「高幡不動」駅 徒歩19～32分 またはバス7～8分 徒歩1～8分</li><li>京王線「聖蹟桜ヶ丘」駅バス14～15分 徒歩1～8分</li><li>京王相模原線「京王多摩センター」駅バス9分 徒歩2～13分</li>
tokyo,nagayama,百草,59250,,,,京王相模原線「京王多摩センター」駅,11.0,22.0,多摩市和田1261、日野市百草999,1-3-3号棟,鉄筋コンクリート造,1,N,119号室,2DK,45,5,54500,4750,2か月,"['近居割', '近居割WIDE']",随時,https://www.ur-net.go.jp/chintai/kanto/tokyo/20_1870_room.html?JKSS=103030119,<li>京王線「高幡不動」駅 徒歩19～32分 またはバス7～8分 徒歩1～8分</li><li>京王線「聖蹟桜ヶ丘」駅バス14～15分 徒歩1～8分</li><li>京王相模原線「京王多摩センター」駅バス9分 徒歩2～13分</li>
tokyo,nagayama,百草,59250,,,,,,,多摩市和田1261、日野市百草999,1-3-3号棟,鉄筋コンクリート造,1,N,119号室,2DK,45,5,54500,4750,2か月,"['近居割', '近居割WIDE']",随時,https://www.ur-net.go.jp/chintai/kanto/tokyo/20_1870_room.html?JKSS=103030119,<li>京王線「高幡不動」駅 徒歩19～32分 またはバス7～8分 徒歩1～8分</li><li>京王線「聖蹟桜ヶ丘」駅バス14～15分 徒歩1～8分</li><li>京王相模原線「京王多摩センター」駅バス9分 徒歩2～13分</li>
tokyo,nagayama,高幡台,66300,京王線「高幡不動」駅,17.0,25.0,京王線「高幡不動」駅,6.0,14.0,日野市程久保650,51号棟,鉄筋コンクリート造,4,N,403号室,2LDK,50,5,62000,4300,2か月,"['近居割', '近居割WIDE']",随時,https://www.ur-net.go.jp/chintai/kanto/tokyo/20_1970_room.html?JKSS=000510403,<li>京王線「高幡不動」駅 徒歩17～25分 またはバス4分 徒歩2～10分</li><li>多摩都市モノレール「程久保」駅 徒歩9～14分</li><li>多摩都市モノレール「多摩動物公園」駅 徒歩12～23分</li>
tokyo,nagayama,高幡台,66300,多摩都市モノレール「程久保」駅,9.0,14.0,,,,日野市程久保650,51号棟,鉄筋コンクリート造,4,N,403号室,2LDK,50,5,62000,4300,2か月,"['近居割', '近居割WIDE']",随時,https://www.ur-net.go.jp/chintai/kanto/tokyo/20_1970_room.html?JKSS=000510403,<li>京王線「高幡不動」駅 徒歩17～25分 またはバス4分 徒歩2～10分</li><li>多摩都市モノレール「程久保」駅 徒歩9～14分</li><li>多摩都市モノレール「多摩動物公園」駅 徒歩12～23分</li>
tokyo,nagayama,高幡台,66300,多摩都市モノレール「多摩動物公園」駅,12.0,23.0,,,,日野市程久保650,51号棟,鉄筋コンクリート造,4,N,403号室,2LDK,50,5,62000,4300,2か月,"['近居割', '近居割WIDE']",随時,https://www.ur-net.go.jp/chintai/kanto/tokyo/20_1970_room.html?JKSS=000510403,<li>京王線「高幡不動」駅 徒歩17～25分 またはバス4分 徒歩2～10分</li><li>多摩都市モノレール「程久保」駅 徒歩9～14分</li><li>多摩都市モノレール「多摩動物公園」駅 徒歩12～23分</li>
tokyo,nagayama,高幡台,66300,,,,,,,日野市程久保650,51号棟,鉄筋コンクリート造,4,N,403号室,2LDK,50,5,62000,4300,2か月,"['近居割', '近居割WIDE']",随時,https://www.ur-net.go.jp/chintai/kanto/tokyo/20_1970_room.html?JKSS=000510403,<li>京王線「高幡不動」駅 徒歩17～25分 またはバス4分 徒歩2～10分</li><li>多摩都市モノレール「程久保」駅 徒歩9～14分</li><li>多摩都市モノレール「多摩動物公園」駅 徒歩12～23分</li>
tokyo,nagayama,高幡台,69600,京王線「高幡不動」駅,17.0,25.0,京王線「高幡不動」駅,6.0,14.0,日野市程久保650,68号棟,鉄筋コンクリート造,2,N,201号室,3K,50,5,65300,4300,2か月,"['近居割', '近居割WIDE']",随時,https://www.ur-net.go.jp/chintai/kanto/tokyo/20_1970_room.html?JKSS=000680201,<li>京王線「高幡不動」駅 徒歩17～25分 またはバス4分 徒歩2～10分</li><li>多摩都市モノレール「程久保」駅 徒歩9～14分</li><li>多摩都市モノレール「多摩動物公園」駅 徒歩12～23分</li>
tokyo,nagayama,高幡台,69600,多摩都市モノレール「程久保」駅,9.0,14.0,,,,日野市程久保650,68号棟,鉄筋コンクリート造,2,N,201号室,3K,50,5,65300,4300,2か月,"['近居割', '近居割WIDE']",随時,https://www.ur-net.go.jp/chintai/kanto/tokyo/20_1970_room.html?JKSS=000680201,<li>京王線「高幡不動」駅 徒歩17～25分 またはバス4分 徒歩2～10分</li><li>多摩都市モノレール「程久保」駅 徒歩9～14分</li><li>多摩都市モノレール「多摩動物公園」駅 徒歩12～23分</li>
tokyo,nagayama,高幡台,69600,多摩都市モノレール「多摩動物公園」駅,12.0,23.0,,,,日野市程久保650,68号棟,鉄筋コンクリート造,2,N,201号室,3K,50,5,65300,4300,2か月,"['近居割', '近居割WIDE']",随時,https://www.ur-net.go.jp/chintai/kanto/tokyo/20_1970_room.html?JKSS=000680201,<li>京王線「高幡不動」駅 徒歩17～25分 またはバス4分 徒歩2～10分</li><li>多摩都市モノレール「程久保」駅 徒歩9～14分</li><li>多摩都市モノレール「多摩動物公園」駅 徒歩12～23分</li>
tokyo,nagayama,高幡台,69600,,,,,,,日野市程久保650,68号棟,鉄筋コンクリート造,2,N,201号室,3K,50,5,65300,4300,2か月,"['近居割', '近居割WIDE']",随時,https://www.ur-net.go.jp/chintai/kanto/tokyo/20_1970_room.html?JKSS=000680201,<li>京王線「高幡不動」駅 徒歩17～25分 またはバス4分 徒歩2～10分</li><li>多摩都市モノレール「程久保」駅 徒歩9～14分</li><li>多摩都市モノレール「多摩動物公園」駅 徒歩12～23分</li>
tokyo,hachioji,シティハイツ日野旭が丘,85900,JR中央線「豊田」駅,20.0,24.0,JR中央線「豊田」駅,8.0,13.0,日野市旭が丘4-7-5,3号棟,鉄筋コンクリート造、鉄骨鉄筋コンクリート造,1,N,114号室,1LDK,49,6,83200,2700,2か月,"['近居割', '近居割WIDE']",随時,https://www.ur-net.go.jp/chintai/kanto/tokyo/20_4360_room.html?JKSS=000030114,<li>JR中央線「豊田」駅 徒歩20～24分 またはバス7分 徒歩1～6分</li><li>京王線「長沼」駅 徒歩26～28分</li><li>JR八高線「北八王子」駅 徒歩23～25分</li>
tokyo,hachioji,シティハイツ日野旭が丘,85900,京王線「長沼」駅,26.0,28.0,,,,日野市旭が丘4-7-5,3号棟,鉄筋コンクリート造、鉄骨鉄筋コンクリート造,1,N,114号室,1LDK,49,6,83200,2700,2か月,"['近居割', '近居割WIDE']",随時,https://www.ur-net.go.jp/chintai/kanto/tokyo/20_4360_room.html?JKSS=000030114,<li>JR中央線「豊田」駅 徒歩20～24分 またはバス7分 徒歩1～6分</li><li>京王線「長沼」駅 徒歩26～28分</li><li>JR八高線「北八王子」駅 徒歩23～25分</li>
tokyo,hachioji,シティハイツ日野旭が丘,85900,JR八高線「北八王子」駅,23.0,25.0,,,,日野市旭が丘4-7-5,3号棟,鉄筋コンクリート造、鉄骨鉄筋コンクリート造,1,N,114号室,1LDK,49,6,83200,2700,2か月,"['近居割', '近居割WIDE']",随時,https://www.ur-net.go.jp/chintai/kanto/tokyo/20_4360_room.html?JKSS=000030114,<li>JR中央線「豊田」駅 徒歩20～24分 またはバス7分 徒歩1～6分</li><li>京王線「長沼」駅 徒歩26～28分</li><li>JR八高線「北八王子」駅 徒歩23～25分</li>
tokyo,hachioji,シティハイツ日野旭が丘,85900,,,,,,,日野市旭が丘4-7-5,3号棟,鉄筋コンクリート造、鉄骨鉄筋コンクリート造,1,N,114号室,1LDK,49,6,83200,2700,2か月,"['近居割', '近居割WIDE']",随時,https://www.ur-net.go.jp/chintai/kanto/tokyo/20_4360_room.html?JKSS=000030114,<li>JR中央線「豊田」駅 徒歩20～24分 またはバス7分 徒歩1～6分</li><li>京王線「長沼」駅 徒歩26～28分</li><li>JR八高線「北八王子」駅 徒歩23～25分</li>
tokyo,hachioji,多摩平の森,138000,JR中央線「豊田」駅,7.0,15.0,,,,日野市多摩平4-6ほか,2-6号棟,鉄筋コンクリート造,9,N,902号室,3DK,62,11,134000,4000,2か月,"['近居割', '近居割WIDE']",随時,https://www.ur-net.go.jp/chintai/kanto/tokyo/20_6510_room.html?JKSS=002060902,<li>JR中央線「豊田」駅 徒歩7～15分</li><li>JR中央線「日野」駅 徒歩24～33分</li><li>京王線「南平」駅 徒歩25～32分</li>
tokyo,hachioji,多摩平の森,138000,JR中央線「日野」駅,24.0,33.0,,,,日野市多摩平4-6ほか,2-6号棟,鉄筋コンクリート造,9,N,902号室,3DK,62,11,134000,4000,2か月,"['近居割', '近居割WIDE']",随時,https://www.ur-net.go.jp/chintai/kanto/tokyo/20_6510_room.html?JKSS=002060902,<li>JR中央線「豊田」駅 徒歩7～15分</li><li>JR中央線「日野」駅 徒歩24～33分</li><li>京王線「南平」駅 徒歩25～32分</li>
tokyo,hachioji,多摩平の森,138000,京王線「南平」駅,25.0,32.0,,,,日野市多摩平4-6ほか,2-6号棟,鉄筋コンクリート造,9,N,902号室,3DK,62,11,134000,4000,2か月,"['近居割', '近居割WIDE']",随時,https://www.ur-net.go.jp/chintai/kanto/tokyo/20_6510_room.html?JKSS=002060902,<li>JR中央線「豊田」駅 徒歩7～15分</li><li>JR中央線「日野」駅 徒歩24～33分</li><li>京王線「南平」駅 徒歩25～32分</li>
tokyo,hachioji,多摩平の森,138000,,,,,,,日野市多摩平4-6ほか,2-6号棟,鉄筋コンクリート造,9,N,902号室,3DK,62,11,134000,4000,2か月,"['近居割', '近居割WIDE']",随時,https://www.ur-net.go.jp/chintai/kanto/tokyo/20_6510_room.html?JKSS=002060902,<li>JR中央線「豊田」駅 徒歩7～15分</li><li>JR中央線「日野」駅 徒歩24～33分</li><li>京王線「南平」駅 徒歩25～32分</li>
tokyo,hachioji,多摩平の森,139800,JR中央線「豊田」駅,7.0,15.0,,,,日野市多摩平4-6ほか,2-4号棟,鉄筋コンクリート造,4,N,405号室,1LDK,59,6,135800,4000,2か月,"['近居割', '近居割WIDE']",随時,https://www.ur-net.go.jp/chintai/kanto/tokyo/20_6510_room.html?JKSS=002040405,<li>JR中央線「豊田」駅 徒歩7～15分</li><li>JR中央線「日野」駅 徒歩24～33分</li><li>京王線「南平」駅 徒歩25～32分</li>
tokyo,hachioji,多摩平の森,139800,JR中央線「日野」駅,24.0,33.0,,,,日野市多摩平4-6ほか,2-4号棟,鉄筋コンクリート造,4,N,405号室,1LDK,59,6,135800,4000,2か月,"['近居割', '近居割WIDE']",随時,https://www.ur-net.go.jp/chintai/kanto/tokyo/20_6510_room.html?JKSS=002040405,<li>JR中央線「豊田」駅 徒歩7～15分</li><li>JR中央線「日野」駅 徒歩24～33分</li><li>京王線「南平」駅 徒歩25～32分</li>
tokyo,hachioji,多摩平の森,139800,京王線「南平」駅,25.0,32.0,,,,日野市多摩平4-6ほか,2-4号棟,鉄筋コンクリート造,4,N,405号室,1LDK,59,6,135800,4000,2か月,"['近居割', '近居割WIDE']",随時,https://www.ur-net.go.jp/chintai/kanto/tokyo/20_6510_room.html?JKSS=002040405,<li>JR中央線「豊田」駅 徒歩7～15分</li><li>JR中央線「日野」駅 徒歩24～33分</li><li>京王線「南平」駅 徒歩25～32分</li>
tokyo,hachioji,多摩平の森,139800,,,,,,,日野市多摩平4-6ほか,2-4号棟,鉄筋コンクリート造,4,N,405号室,1LDK,59,6,135800,4000,2か月,"['近居割', '近居割WIDE']",随時,https://www.ur-net.go.jp/chintai/kanto/tokyo/20_6510_room.html?JKSS=002040405,<li>JR中央線「豊田」駅 徒歩7～15分</li><li>JR中央線「日野」駅 徒歩24～33分</li><li>京王線「南平」駅 徒歩25～32分</li>
tokyo,chofu,神代,95300,京王線「つつじケ丘」駅,7.0,19.0,,,,調布市西つつじヶ丘4-23、狛江市西野川1-25,57号棟,鉄筋コンクリート造,5,N,512号室,3DK,50,5,91500,3800,2か月,['URライト'],随時,https://www.ur-net.go.jp/chintai/kanto/tokyo/20_1320_room.html?JKSS=000057512,<li>京王線「つつじケ丘」駅 徒歩7～19分</li><li>小田急小田原線「成城学園前」駅バス11～15分 徒歩1～5分</li><li>小田急小田原線「狛江」駅バス7～9分 徒歩1～5分</li>
tokyo,chofu,神代,95300,,,,小田急小田原線「成城学園前」駅,12.0,20.0,調布市西つつじヶ丘4-23、狛江市西野川1-25,57号棟,鉄筋コンクリート造,5,N,512号室,3DK,50,5,91500,3800,2か月,['URライト'],随時,https://www.ur-net.go.jp/chintai/kanto/tokyo/20_1320_room.html?JKSS=000057512,<li>京王線「つつじケ丘」駅 徒歩7～19分</li><li>小田急小田原線「成城学園前」駅バス11～15分 徒歩1～5分</li><li>小田急小田原線「狛江」駅バス7～9分 徒歩1～5分</li>
tokyo,chofu,神代,95300,,,,小田急小田原線「狛江」駅,8.0,14.0,調布市西つつじヶ丘4-23、狛江市西野川1-25,57号棟,鉄筋コンクリート造,5,N,512号室,3DK,50,5,91500,3800,2か月,['URライト'],随時,https://www.ur-net.go.jp/chintai/kanto/tokyo/20_1320_room.html?JKSS=000057512,<li>京王線「つつじケ丘」駅 徒歩7～19分</li><li>小田急小田原線「成城学園前」駅バス11～15分 徒歩1～5分</li><li>小田急小田原線「狛江」駅バス7～9分 徒歩1～5分</li>
tokyo,chofu,神代,95300,,,,,,,調布市西つつじヶ丘4-23、狛江市西野川1-25,57号棟,鉄筋コンクリート造,5,N,512号室,3DK,50,5,91500,3800,2か月,['URライト'],随時,https://www.ur-net.go.jp/chintai/kanto/tokyo/20_1320_room.html?JKSS=000057512,<li>京王線「つつじケ丘」駅 徒歩7～19分</li><li>小田急小田原線「成城学園前」駅バス11～15分 徒歩1～5分</li><li>小田急小田原線「狛江」駅バス7～9分 徒歩1～5分</li>
tokyo,hibarigaoka,グリーンヒルズ東久留米,114300,西武池袋線「東久留米」駅,17.0,24.0,西武池袋線「東久留米」駅,6.0,10.0,東久留米市上の原1-3ほか,5号棟,鉄筋コンクリート造,7,N,706号室,2DK,50,10,108200,6100,2か月,"['近居割', '近居割WIDE']",随時,https://www.ur-net.go.jp/chintai/kanto/tokyo/20_6880_room.html?JKSS=000050706,<li>西武池袋線「東久留米」駅 徒歩17～24分 またはバス5分 徒歩1～5分</li><li>JR武蔵野線「新座」駅バス20分 徒歩1～5分</li><li>西武池袋線「清瀬」駅 徒歩31～34分</li>
tokyo,hibarigaoka,グリーンヒルズ東久留米,114300,,,,JR武蔵野線「新座」駅,21.0,25.0,東久留米市上の原1-3ほか,5号棟,鉄筋コンクリート造,7,N,706号室,2DK,50,10,108200,6100,2か月,"['近居割', '近居割WIDE']",随時,https://www.ur-net.go.jp/chintai/kanto/tokyo/20_6880_room.html?JKSS=000050706,<li>西武池袋線「東久留米」駅 徒歩17～24分 またはバス5分 徒歩1～5分</li><li>JR武蔵野線「新座」駅バス20分 徒歩1～5分</li><li>西武池袋線「清瀬」駅 徒歩31～34分</li>
tokyo,hibarigaoka,グリーンヒルズ東久留米,114300,西武池袋線「清瀬」駅,31.0,34.0,,,,東久留米市上の原1-3ほか,5号棟,鉄筋コンクリート造,7,N,706号室,2DK,50,10,108200,6100,2か月,"['近居割', '近居割WIDE']",随時,https://www.ur-net.go.jp/chintai/kanto/tokyo/20_6880_room.html?JKSS=000050706,<li>西武池袋線「東久留米」駅 徒歩17～24分 またはバス5分 徒歩1～5分</li><li>JR武蔵野線「新座」駅バス20分 徒歩1～5分</li><li>西武池袋線「清瀬」駅 徒歩31～34分</li>
tokyo,hibarigaoka,グリーンヒルズ東久留米,114300,,,,,,,東久留米市上の原1-3ほか,5号棟,鉄筋コンクリート造,7,N,706号室,2DK,50,10,108200,6100,2か月,"['近居割', '近居割WIDE']",随時,https://www.ur-net.go.jp/chintai/kanto/tokyo/20_6880_room.html?JKSS=000050706,<li>西武池袋線「東久留米」駅 徒歩17～24分 またはバス5分 徒歩1～5分</li><li>JR武蔵野線「新座」駅バス20分 徒歩1～5分</li><li>西武池袋線「清瀬」駅 徒歩31～34分</li>
tokyo,hibarigaoka,グリーンヒルズ東久留米,135900,西武池袋線「東久留米」駅,17.0,24.0,西武池袋線「東久留米」駅,6.0,10.0,東久留米市上の原1-3ほか,3号棟,鉄筋コンクリート造,3,N,301号室,2LDK,62,10,129800,6100,2か月,"['近居割', '近居割WIDE']",随時,https://www.ur-net.go.jp/chintai/kanto/tokyo/20_6880_room.html?JKSS=000030301,<li>西武池袋線「東久留米」駅 徒歩17～24分 またはバス5分 徒歩1～5分</li><li>JR武蔵野線「新座」駅バス20分 徒歩1～5分</li><li>西武池袋線「清瀬」駅 徒歩31～34分</li>
tokyo,hibarigaoka,グリーンヒルズ東久留米,135900,,,,JR武蔵野線「新座」駅,21.0,25.0,東久留米市上の原1-3ほか,3号棟,鉄筋コンクリート造,3,N,301号室,2LDK,62,10,129800,6100,2か月,"['近居割', '近居割WIDE']",随時,https://www.ur-net.go.jp/chintai/kanto/tokyo/20_6880_room.html?JKSS=000030301,<li>西武池袋線「東久留米」駅 徒歩17～24分 またはバス5分 徒歩1～5分</li><li>JR武蔵野線「新座」駅バス20分 徒歩1～5分</li><li>西武池袋線「清瀬」駅 徒歩31～34分</li>
tokyo,hibarigaoka,グリーンヒルズ東久留米,135900,西武池袋線「清瀬」駅,31.0,34.0,,,,東久留米市上の原1-3ほか,3号棟,鉄筋コンクリート造,3,N,301号室,2LDK,62,10,129800,6100,2か月,"['近居割', '近居割WIDE']",随時,https://www.ur-net.go.jp/chintai/kanto/tokyo/20_6880_room.html?JKSS=000030301,<li>西武池袋線「東久留米」駅 徒歩17～24分 またはバス5分 徒歩1～5分</li><li>JR武蔵野線「新座」駅バス20分 徒歩1～5分</li><li>西武池袋線「清瀬」駅 徒歩31～34分</li>
tokyo,hibarigaoka,グリーンヒルズ東久留米,135900,,,,,,,東久留米市上の原1-3ほか,3号棟,鉄筋コンクリート造,3,N,301号室,2LDK,62,10,129800,6100,2か月,"['近居割', '近居割WIDE']",随時,https://www.ur-net.go.jp/chintai/kanto/tokyo/20_6880_room.html?JKSS=000030301,<li>西武池袋線「東久留米」駅 徒歩17～24分 またはバス5分 徒歩1～5分</li><li>JR武蔵野線「新座」駅バス20分 徒歩1～5分</li><li>西武池袋線「清瀬」駅 徒歩31～34分</li>
tokyo,hibarigaoka,ひばりが丘パークヒルズ,127900,西武池袋線「ひばりヶ丘」駅,15.0,22.0,西武池袋線「ひばりヶ丘」駅,4.0,8.0,西東京市ひばりが丘3-5、東久留米市ひばりが丘団地6ほか,6-1号棟,鉄筋コンクリート造,3,N,303号室,2DK,50,6,120900,7000,2か月,"['近居割', '近居割WIDE']",随時,https://www.ur-net.go.jp/chintai/kanto/tokyo/20_6771_room.html?JKSS=006010303,<li>西武池袋線「ひばりヶ丘」駅 徒歩15～22分 またはバス3～4分 徒歩1～4分</li><li>西武新宿線「田無」駅バス11～15分 徒歩1～4分</li><li>JR中央線「武蔵境」駅バス27～33分 徒歩1～4分</li>
tokyo,hibarigaoka,ひばりが丘パークヒルズ,127900,,,,西武新宿線「田無」駅,12.0,19.0,西東京市ひばりが丘3-5、東久留米市ひばりが丘団地6ほか,6-1号棟,鉄筋コンクリート造,3,N,303号室,2DK,50,6,120900,7000,2か月,"['近居割', '近居割WIDE']",随時,https://www.ur-net.go.jp/chintai/kanto/tokyo/20_6771_room.html?JKSS=006010303,<li>西武池袋線「ひばりヶ丘」駅 徒歩15～22分 またはバス3～4分 徒歩1～4分</li><li>西武新宿線「田無」駅バス11～15分 徒歩1～4分</li><li>JR中央線「武蔵境」駅バス27～33分 徒歩1～4分</li>
tokyo,hibarigaoka,ひばりが丘パークヒルズ,127900,,,,JR中央線「武蔵境」駅,28.0,37.0,西東京市ひばりが丘3-5、東久留米市ひばりが丘団地6ほか,6-1号棟,鉄筋コンクリート造,3,N,303号室,2DK,50,6,120900,7000,2か月,"['近居割', '近居割WIDE']",随時,https://www.ur-net.go.jp/chintai/kanto/tokyo/20_6771_room.html?JKSS=006010303,<li>西武池袋線「ひばりヶ丘」駅 徒歩15～22分 またはバス3～4分 徒歩1～4分</li><li>西武新宿線「田無」駅バス11～15分 徒歩1～4分</li><li>JR中央線「武蔵境」駅バス27～33分 徒歩1～4分</li>
tokyo,hibarigaoka,ひばりが丘パークヒルズ,127900,,,,,,,西東京市ひばりが丘3-5、東久留米市ひばりが丘団地6ほか,6-1号棟,鉄筋コンクリート造,3,N,303号室,2DK,50,6,120900,7000,2か月,"['近居割', '近居割WIDE']",随時,https://www.ur-net.go.jp/chintai/kanto/tokyo/20_6771_room.html?JKSS=006010303,<li>西武池袋線「ひばりヶ丘」駅 徒歩15～22分 またはバス3～4分 徒歩1～4分</li><li>西武新宿線「田無」駅バス11～15分 徒歩1～4分</li><li>JR中央線「武蔵境」駅バス27～33分 徒歩1～4分</li>
tokyo,kumegawa,エステート大南公園,103500,西武拝島線「玉川上水」駅,13.0,15.0,,,,武蔵村山市大南4-21-1ほか,10号棟,鉄筋コンクリート造,3,N,301号室,3LDK,69,5,101200,2300,2か月,['近居割'],随時,https://www.ur-net.go.jp/chintai/kanto/tokyo/20_4130_room.html?JKSS=000100301,<li>西武拝島線「玉川上水」駅 徒歩13～15分</li><li>多摩都市モノレール「桜街道」駅 徒歩13～14分</li><li>西武拝島線「武蔵砂川」駅 徒歩26～27分</li>
tokyo,kumegawa,エステート大南公園,103500,多摩都市モノレール「桜街道」駅,13.0,14.0,,,,武蔵村山市大南4-21-1ほか,10号棟,鉄筋コンクリート造,3,N,301号室,3LDK,69,5,101200,2300,2か月,['近居割'],随時,https://www.ur-net.go.jp/chintai/kanto/tokyo/20_4130_room.html?JKSS=000100301,<li>西武拝島線「玉川上水」駅 徒歩13～15分</li><li>多摩都市モノレール「桜街道」駅 徒歩13～14分</li><li>西武拝島線「武蔵砂川」駅 徒歩26～27分</li>
tokyo,kumegawa,エステート大南公園,103500,西武拝島線「武蔵砂川」駅,26.0,27.0,,,,武蔵村山市大南4-21-1ほか,10号棟,鉄筋コンクリート造,3,N,301号室,3LDK,69,5,101200,2300,2か月,['近居割'],随時,https://www.ur-net.go.jp/chintai/kanto/tokyo/20_4130_room.html?JKSS=000100301,<li>西武拝島線「玉川上水」駅 徒歩13～15分</li><li>多摩都市モノレール「桜街道」駅 徒歩13～14分</li><li>西武拝島線「武蔵砂川」駅 徒歩26～27分</li>
tokyo,kumegawa,エステート大南公園,103500,,,,,,,武蔵村山市大南4-21-1ほか,10号棟,鉄筋コンクリート造,3,N,301号室,3LDK,69,5,101200,2300,2か月,['近居割'],随時,https://www.ur-net.go.jp/chintai/kanto/tokyo/20_4130_room.html?JKSS=000100301,<li>西武拝島線「玉川上水」駅 徒歩13～15分</li><li>多摩都市モノレール「桜街道」駅 徒歩13～14分</li><li>西武拝島線「武蔵砂川」駅 徒歩26～27分</li>
tokyo,nagayama,多摩ニュータウン ファインヒルいなぎ ビュープラザ向陽台,92400,,,,京王相模原線「稲城」駅,12.0,12.0,稲城市向陽台4-4-2,2号棟,鉄骨鉄筋コンクリート造,2,N,207号室,2LDK,65,14,89200,3200,2か月,"['近居割', '近居割WIDE']",随時,https://www.ur-net.go.jp/chintai/kanto/tokyo/20_4500_room.html?JKSS=000020207,<li>京王相模原線「稲城」駅バス6分 徒歩6分</li><li>JR南武線「南多摩」駅 徒歩20分</li><li>JR南武線「稲城長沼」駅 徒歩26分</li>
tokyo,nagayama,多摩ニュータウン ファインヒルいなぎ ビュープラザ向陽台,92400,JR南武線「南多摩」駅,20.0,20.0,,,,稲城市向陽台4-4-2,2号棟,鉄骨鉄筋コンクリート造,2,N,207号室,2LDK,65,14,89200,3200,2か月,"['近居割', '近居割WIDE']",随時,https://www.ur-net.go.jp/chintai/kanto/tokyo/20_4500_room.html?JKSS=000020207,<li>京王相模原線「稲城」駅バス6分 徒歩6分</li><li>JR南武線「南多摩」駅 徒歩20分</li><li>JR南武線「稲城長沼」駅 徒歩26分</li>
tokyo,nagayama,多摩ニュータウン ファインヒルいなぎ ビュープラザ向陽台,92400,JR南武線「稲城長沼」駅,26.0,26.0,,,,稲城市向陽台4-4-2,2号棟,鉄骨鉄筋コンクリート造,2,N,207号室,2LDK,65,14,89200,3200,2か月,"['近居割', '近居割WIDE']",随時,https://www.ur-net.go.jp/chintai/kanto/tokyo/20_4500_room.html?JKSS=000020207,<li>京王相模原線「稲城」駅バス6分 徒歩6分</li><li>JR南武線「南多摩」駅 徒歩20分</li><li>JR南武線「稲城長沼」駅 徒歩26分</li>
tokyo,nagayama,多摩ニュータウン ファインヒルいなぎ ビュープラザ向陽台,92400,,,,,,,稲城市向陽台4-4-2,2号棟,鉄骨鉄筋コンクリート造,2,N,207号室,2LDK,65,14,89200,3200,2か月,"['近居割', '近居割WIDE']",随時,https://www.ur-net.go.jp/chintai/kanto/tokyo/20_4500_room.html?JKSS=000020207,<li>京王相模原線「稲城」駅バス6分 徒歩6分</li><li>JR南武線「南多摩」駅 徒歩20分</li><li>JR南武線「稲城長沼」駅 徒歩26分</li>
tokyo,nagayama,多摩ニュータウン ファインヒルいなぎ ビスタノーレ向陽台,109200,京王相模原線「稲城」駅,18.0,21.0,京王相模原線「稲城」駅,7.0,10.0,稲城市向陽台6-11,1号棟,鉄筋コンクリート造,4,N,406号室,3LDK,67,5,105300,3900,2か月,"['近居割', '近居割WIDE']",随時,https://www.ur-net.go.jp/chintai/kanto/tokyo/20_4840_room.html?JKSS=000010406,<li>京王相模原線「稲城」駅 徒歩18～21分 またはバス4分 徒歩3～6分</li><li>JR南武線「南多摩」駅 徒歩12~16分</li><li>JR南武線「稲城長沼」駅 徒歩19～21分</li>
tokyo,nagayama,多摩ニュータウン ファインヒルいなぎ ビスタノーレ向陽台,109200,JR南武線「南多摩」駅,12.0,16.0,,,,稲城市向陽台6-11,1号棟,鉄筋コンクリート造,4,N,406号室,3LDK,67,5,105300,3900,2か月,"['近居割', '近居割WIDE']",随時,https://www.ur-net.go.jp/chintai/kanto/tokyo/20_4840_room.html?JKSS=000010406,<li>京王相模原線「稲城」駅 徒歩18～21分 またはバス4分 徒歩3～6分</li><li>JR南武線「南多摩」駅 徒歩12~16分</li><li>JR南武線「稲城長沼」駅 徒歩19～21分</li>
tokyo,nagayama,多摩ニュータウン ファインヒルいなぎ ビスタノーレ向陽台,109200,JR南武線「稲城長沼」駅,19.0,21.0,,,,稲城市向陽台6-11,1号棟,鉄筋コンクリート造,4,N,406号室,3LDK,67,5,105300,3900,2か月,"['近居割', '近居割WIDE']",随時,https://www.ur-net.go.jp/chintai/kanto/tokyo/20_4840_room.html?JKSS=000010406,<li>京王相模原線「稲城」駅 徒歩18～21分 またはバス4分 徒歩3～6分</li><li>JR南武線「南多摩」駅 徒歩12~16分</li><li>JR南武線「稲城長沼」駅 徒歩19～21分</li>
tokyo,nagayama,多摩ニュータウン ファインヒルいなぎ ビスタノーレ向陽台,109200,,,,,,,稲城市向陽台6-11,1号棟,鉄筋コンクリート造,4,N,406号室,3LDK,67,5,105300,3900,2か月,"['近居割', '近居割WIDE']",随時,https://www.ur-net.go.jp/chintai/kanto/tokyo/20_4840_room.html?JKSS=000010406,<li>京王相模原線「稲城」駅 徒歩18～21分 またはバス4分 徒歩3～6分</li><li>JR南武線「南多摩」駅 徒歩12~16分</li><li>JR南武線「稲城長沼」駅 徒歩19～21分</li>
tokyo,nagayama,多摩ニュータウン ファインヒルいなぎ 長峰・杜の一番街,116100,,,,京王相模原線「若葉台」駅,10.0,12.0,稲城市長峰3-2,3号棟,鉄筋コンクリート造,5,N,503号室,3LDK,77,10,110700,5400,2か月,"['近居割', '近居割WIDE']",随時,https://www.ur-net.go.jp/chintai/kanto/tokyo/20_5290_room.html?JKSS=000030503,<li>京王相模原線「若葉台」駅バス6分 徒歩4～6分</li><li>京王相模原線「稲城」駅バス11分 徒歩4～6分</li><li>JR南武線「南多摩」駅 徒歩32～33分</li>
tokyo,nagayama,多摩ニュータウン ファインヒルいなぎ 長峰・杜の一番街,116100,,,,京王相模原線「稲城」駅,15.0,17.0,稲城市長峰3-2,3号棟,鉄筋コンクリート造,5,N,503号室,3LDK,77,10,110700,5400,2か月,"['近居割', '近居割WIDE']",随時,https://www.ur-net.go.jp/chintai/kanto/tokyo/20_5290_room.html?JKSS=000030503,<li>京王相模原線「若葉台」駅バス6分 徒歩4～6分</li><li>京王相模原線「稲城」駅バス11分 徒歩4～6分</li><li>JR南武線「南多摩」駅 徒歩32～33分</li>
tokyo,nagayama,多摩ニュータウン ファインヒルいなぎ 長峰・杜の一番街,116100,JR南武線「南多摩」駅,32.0,33.0,,,,稲城市長峰3-2,3号棟,鉄筋コンクリート造,5,N,503号室,3LDK,77,10,110700,5400,2か月,"['近居割', '近居割WIDE']",随時,https://www.ur-net.go.jp/chintai/kanto/tokyo/20_5290_room.html?JKSS=000030503,<li>京王相模原線「若葉台」駅バス6分 徒歩4～6分</li><li>京王相模原線「稲城」駅バス11分 徒歩4～6分</li><li>JR南武線「南多摩」駅 徒歩32～33分</li>
tokyo,nagayama,多摩ニュータウン ファインヒルいなぎ 長峰・杜の一番街,116100,,,,,,,稲城市長峰3-2,3号棟,鉄筋コンクリート造,5,N,503号室,3LDK,77,10,110700,5400,2か月,"['近居割', '近居割WIDE']",随時,https://www.ur-net.go.jp/chintai/kanto/tokyo/20_5290_room.html?JKSS=000030503,<li>京王相模原線「若葉台」駅バス6分 徒歩4～6分</li><li>京王相模原線「稲城」駅バス11分 徒歩4～6分</li><li>JR南武線「南多摩」駅 徒歩32～33分</li>
tokyo,nagayama,多摩ニュータウン ファインヒルいなぎ ビューコート若葉台,115800,京王相模原線「若葉台」駅,16.0,18.0,京王相模原線「若葉台」駅,3.0,5.0,稲城市若葉台4-33,2号棟,鉄筋コンクリート造,2,N,202号室,1LDK,56,8,111100,4700,2か月,"['近居割', '近居割WIDE']",随時,https://www.ur-net.go.jp/chintai/kanto/tokyo/20_5910_room.html?JKSS=000020202,<li>京王相模原線「若葉台」駅 徒歩16～18分 またはバス2分 徒歩1～3分</li><li>小田急多摩線「はるひ野」駅 徒歩18～19分</li><li>小田急多摩線「黒川」駅 徒歩28～30分</li>
tokyo,nagayama,多摩ニュータウン ファインヒルいなぎ ビューコート若葉台,115800,小田急多摩線「はるひ野」駅,18.0,19.0,,,,稲城市若葉台4-33,2号棟,鉄筋コンクリート造,2,N,202号室,1LDK,56,8,111100,4700,2か月,"['近居割', '近居割WIDE']",随時,https://www.ur-net.go.jp/chintai/kanto/tokyo/20_5910_room.html?JKSS=000020202,<li>京王相模原線「若葉台」駅 徒歩16～18分 またはバス2分 徒歩1～3分</li><li>小田急多摩線「はるひ野」駅 徒歩18～19分</li><li>小田急多摩線「黒川」駅 徒歩28～30分</li>
tokyo,nagayama,多摩ニュータウン ファインヒルいなぎ ビューコート若葉台,115800,小田急多摩線「黒川」駅,28.0,30.0,,,,稲城市若葉台4-33,2号棟,鉄筋コンクリート造,2,N,202号室,1LDK,56,8,111100,4700,2か月,"['近居割', '近居割WIDE']",随時,https://www.ur-net.go.jp/chintai/kanto/tokyo/20_5910_room.html?JKSS=000020202,<li>京王相模原線「若葉台」駅 徒歩16～18分 またはバス2分 徒歩1～3分</li><li>小田急多摩線「はるひ野」駅 徒歩18～19分</li><li>小田急多摩線「黒川」駅 徒歩28～30分</li>
tokyo,nagayama,多摩ニュータウン ファインヒルいなぎ ビューコート若葉台,115800,,,,,,,稲城市若葉台4-33,2号棟,鉄筋コンクリート造,2,N,202号室,1LDK,56,8,111100,4700,2か月,"['近居割', '近居割WIDE']",随時,https://www.ur-net.go.jp/chintai/kanto/tokyo/20_5910_room.html?JKSS=000020202,<li>京王相模原線「若葉台」駅 徒歩16～18分 またはバス2分 徒歩1～3分</li><li>小田急多摩線「はるひ野」駅 徒歩18～19分</li><li>小田急多摩線「黒川」駅 徒歩28～30分</li>
tokyo,nagayama,多摩ニュータウン ファインヒルいなぎ ビューコート若葉台,160500,京王相模原線「若葉台」駅,16.0,18.0,京王相模原線「若葉台」駅,3.0,5.0,稲城市若葉台4-33,4号棟,鉄筋コンクリート造,7,N,703号室,3LDK,82,8,155800,4700,2か月,"['近居割', '近居割WIDE']",随時,https://www.ur-net.go.jp/chintai/kanto/tokyo/20_5910_room.html?JKSS=000040703,<li>京王相模原線「若葉台」駅 徒歩16～18分 またはバス2分 徒歩1～3分</li><li>小田急多摩線「はるひ野」駅 徒歩18～19分</li><li>小田急多摩線「黒川」駅 徒歩28～30分</li>
tokyo,nagayama,多摩ニュータウン ファインヒルいなぎ ビューコート若葉台,160500,小田急多摩線「はるひ野」駅,18.0,19.0,,,,稲城市若葉台4-33,4号棟,鉄筋コンクリート造,7,N,703号室,3LDK,82,8,155800,4700,2か月,"['近居割', '近居割WIDE']",随時,https://www.ur-net.go.jp/chintai/kanto/tokyo/20_5910_room.html?JKSS=000040703,<li>京王相模原線「若葉台」駅 徒歩16～18分 またはバス2分 徒歩1～3分</li><li>小田急多摩線「はるひ野」駅 徒歩18～19分</li><li>小田急多摩線「黒川」駅 徒歩28～30分</li>
tokyo,nagayama,多摩ニュータウン ファインヒルいなぎ ビューコート若葉台,160500,小田急多摩線「黒川」駅,28.0,30.0,,,,稲城市若葉台4-33,4号棟,鉄筋コンクリート造,7,N,703号室,3LDK,82,8,155800,4700,2か月,"['近居割', '近居割WIDE']",随時,https://www.ur-net.go.jp/chintai/kanto/tokyo/20_5910_room.html?JKSS=000040703,<li>京王相模原線「若葉台」駅 徒歩16～18分 またはバス2分 徒歩1～3分</li><li>小田急多摩線「はるひ野」駅 徒歩18～19分</li><li>小田急多摩線「黒川」駅 徒歩28～30分</li>
tokyo,nagayama,多摩ニュータウン ファインヒルいなぎ ビューコート若葉台,160500,,,,,,,稲城市若葉台4-33,4号棟,鉄筋コンクリート造,7,N,703号室,3LDK,82,8,155800,4700,2か月,"['近居割', '近居割WIDE']",随時,https://www.ur-net.go.jp/chintai/kanto/tokyo/20_5910_room.html?JKSS=000040703,<li>京王相模原線「若葉台」駅 徒歩16～18分 またはバス2分 徒歩1～3分</li><li>小田急多摩線「はるひ野」駅 徒歩18～19分</li><li>小田急多摩線「黒川」駅 徒歩28～30分</li>
kanagawa,shinyurigaoka,星が丘パークランド　ひよどり台,113400,京王相模原線「京王稲田堤」駅,13.0,15.0,,,,川崎市多摩区菅北浦5-7,4号棟,鉄筋コンクリート造,5,N,505号室,3LDK,67,5,110900,2500,2か月,['近居割'],随時,https://www.ur-net.go.jp/chintai/kanto/kanagawa/40_2410_room.html?JKSS=000040505,<li>京王相模原線「京王稲田堤」駅 徒歩13～15分</li><li>JR南武線「稲田堤」駅 徒歩12～13分</li><li>小田急小田原線「読売ランド前」駅バス5分 徒歩4～7分</li>
kanagawa,shinyurigaoka,星が丘パークランド　ひよどり台,113400,JR南武線「稲田堤」駅,12.0,13.0,,,,川崎市多摩区菅北浦5-7,4号棟,鉄筋コンクリート造,5,N,505号室,3LDK,67,5,110900,2500,2か月,['近居割'],随時,https://www.ur-net.go.jp/chintai/kanto/kanagawa/40_2410_room.html?JKSS=000040505,<li>京王相模原線「京王稲田堤」駅 徒歩13～15分</li><li>JR南武線「稲田堤」駅 徒歩12～13分</li><li>小田急小田原線「読売ランド前」駅バス5分 徒歩4～7分</li>
kanagawa,shinyurigaoka,星が丘パークランド　ひよどり台,113400,,,,小田急小田原線「読売ランド前」駅,9.0,12.0,川崎市多摩区菅北浦5-7,4号棟,鉄筋コンクリート造,5,N,505号室,3LDK,67,5,110900,2500,2か月,['近居割'],随時,https://www.ur-net.go.jp/chintai/kanto/kanagawa/40_2410_room.html?JKSS=000040505,<li>京王相模原線「京王稲田堤」駅 徒歩13～15分</li><li>JR南武線「稲田堤」駅 徒歩12～13分</li><li>小田急小田原線「読売ランド前」駅バス5分 徒歩4～7分</li>
kanagawa,shinyurigaoka,星が丘パークランド　ひよどり台,113400,,,,,,,川崎市多摩区菅北浦5-7,4号棟,鉄筋コンクリート造,5,N,505号室,3LDK,67,5,110900,2500,2か月,['近居割'],随時,https://www.ur-net.go.jp/chintai/kanto/kanagawa/40_2410_room.html?JKSS=000040505,<li>京王相模原線「京王稲田堤」駅 徒歩13～15分</li><li>JR南武線「稲田堤」駅 徒歩12～13分</li><li>小田急小田原線「読売ランド前」駅バス5分 徒歩4～7分</li>
kanagawa,shinyurigaoka,星が丘パークランド　ほおじろ台,123900,京王相模原線「京王稲田堤」駅,12.0,13.0,,,,川崎市多摩区菅北浦4-15,3号棟,鉄筋コンクリート造,1,N,102号室,3DK,65,5,119700,4200,2か月,['近居割'],随時,https://www.ur-net.go.jp/chintai/kanto/kanagawa/40_2650_room.html?JKSS=000030102,<li>京王相模原線「京王稲田堤」駅 徒歩12～13分</li><li>JR南武線「稲田堤」駅 徒歩14～15分</li><li>小田急小田原線「読売ランド前」駅バス10分 徒歩3分</li>
kanagawa,shinyurigaoka,星が丘パークランド　ほおじろ台,123900,JR南武線「稲田堤」駅,14.0,15.0,,,,川崎市多摩区菅北浦4-15,3号棟,鉄筋コンクリート造,1,N,102号室,3DK,65,5,119700,4200,2か月,['近居割'],随時,https://www.ur-net.go.jp/chintai/kanto/kanagawa/40_2650_room.html?JKSS=000030102,<li>京王相模原線「京王稲田堤」駅 徒歩12～13分</li><li>JR南武線「稲田堤」駅 徒歩14～15分</li><li>小田急小田原線「読売ランド前」駅バス10分 徒歩3分</li>
kanagawa,shinyurigaoka,星が丘パークランド　ほおじろ台,123900,,,,小田急小田原線「読売ランド前」駅,13.0,13.0,川崎市多摩区菅北浦4-15,3号棟,鉄筋コンクリート造,1,N,102号室,3DK,65,5,119700,4200,2か月,['近居割'],随時,https://www.ur-net.go.jp/chintai/kanto/kanagawa/40_2650_room.html?JKSS=000030102,<li>京王相模原線「京王稲田堤」駅 徒歩12～13分</li><li>JR南武線「稲田堤」駅 徒歩14～15分</li><li>小田急小田原線「読売ランド前」駅バス10分 徒歩3分</li>
kanagawa,shinyurigaoka,星が丘パークランド　ほおじろ台,123900,,,,,,,川崎市多摩区菅北浦4-15,3号棟,鉄筋コンクリート造,1,N,102号室,3DK,65,5,119700,4200,2か月,['近居割'],随時,https://www.ur-net.go.jp/chintai/kanto/kanagawa/40_2650_room.html?JKSS=000030102,<li>京王相模原線「京王稲田堤」駅 徒歩12～13分</li><li>JR南武線「稲田堤」駅 徒歩14～15分</li><li>小田急小田原線「読売ランド前」駅バス10分 徒歩3分</li>
kanagawa,hiyoshi,シティコート元住吉,152700,東急東横線「元住吉」駅,17.0,18.0,,,,川崎市中原区木月4-49-1ほか,1号棟,鉄筋コンクリート造,3,N,305号室,2LDK,65,5,150400,2300,2か月,['近居割'],随時,https://www.ur-net.go.jp/chintai/kanto/kanagawa/40_3410_room.html?JKSS=000010305,<li>東急東横線「元住吉」駅 徒歩17～18分</li><li>東急東横線「日吉」駅 徒歩18分</li><li>JR南武線「平間」駅 徒歩21分</li>
kanagawa,hiyoshi,シティコート元住吉,152700,東急東横線「日吉」駅,18.0,18.0,,,,川崎市中原区木月4-49-1ほか,1号棟,鉄筋コンクリート造,3,N,305号室,2LDK,65,5,150400,2300,2か月,['近居割'],随時,https://www.ur-net.go.jp/chintai/kanto/kanagawa/40_3410_room.html?JKSS=000010305,<li>東急東横線「元住吉」駅 徒歩17～18分</li><li>東急東横線「日吉」駅 徒歩18分</li><li>JR南武線「平間」駅 徒歩21分</li>
kanagawa,hiyoshi,シティコート元住吉,152700,JR南武線「平間」駅,21.0,21.0,,,,川崎市中原区木月4-49-1ほか,1号棟,鉄筋コンクリート造,3,N,305号室,2LDK,65,5,150400,2300,2か月,['近居割'],随時,https://www.ur-net.go.jp/chintai/kanto/kanagawa/40_3410_room.html?JKSS=000010305,<li>東急東横線「元住吉」駅 徒歩17～18分</li><li>東急東横線「日吉」駅 徒歩18分</li><li>JR南武線「平間」駅 徒歩21分</li>
kanagawa,hiyoshi,シティコート元住吉,152700,,,,,,,川崎市中原区木月4-49-1ほか,1号棟,鉄筋コンクリート造,3,N,305号室,2LDK,65,5,150400,2300,2か月,['近居割'],随時,https://www.ur-net.go.jp/chintai/kanto/kanagawa/40_3410_room.html?JKSS=000010305,<li>東急東横線「元住吉」駅 徒歩17～18分</li><li>東急東横線「日吉」駅 徒歩18分</li><li>JR南武線「平間」駅 徒歩21分</li>
kanagawa,kohoku,アーバンハイツみぞのくち,162400,東急田園都市線「溝の口」駅,12.0,12.0,,,,川崎市高津区下作延4-22-12,2号棟,鉄筋コンクリート造,3,N,308号室,2LDK,63,5,158800,3600,2か月,['近居割'],随時,https://www.ur-net.go.jp/chintai/kanto/kanagawa/40_3100_room.html?JKSS=000020308,<li>東急田園都市線「溝の口」駅 徒歩12分</li><li>JR南武線「武蔵溝ノ口」駅 徒歩13分</li><li>東急田園都市線「梶が谷」駅 徒歩13分</li>
kanagawa,kohoku,アーバンハイツみぞのくち,162400,JR南武線「武蔵溝ノ口」駅,13.0,13.0,,,,川崎市高津区下作延4-22-12,2号棟,鉄筋コンクリート造,3,N,308号室,2LDK,63,5,158800,3600,2か月,['近居割'],随時,https://www.ur-net.go.jp/chintai/kanto/kanagawa/40_3100_room.html?JKSS=000020308,<li>東急田園都市線「溝の口」駅 徒歩12分</li><li>JR南武線「武蔵溝ノ口」駅 徒歩13分</li><li>東急田園都市線「梶が谷」駅 徒歩13分</li>
kanagawa,kohoku,アーバンハイツみぞのくち,162400,東急田園都市線「梶が谷」駅,13.0,13.0,,,,川崎市高津区下作延4-22-12,2号棟,鉄筋コンクリート造,3,N,308号室,2LDK,63,5,158800,3600,2か月,['近居割'],随時,https://www.ur-net.go.jp/chintai/kanto/kanagawa/40_3100_room.html?JKSS=000020308,<li>東急田園都市線「溝の口」駅 徒歩12分</li><li>JR南武線「武蔵溝ノ口」駅 徒歩13分</li><li>東急田園都市線「梶が谷」駅 徒歩13分</li>
kanagawa,kohoku,アーバンハイツみぞのくち,162400,,,,,,,川崎市高津区下作延4-22-12,2号棟,鉄筋コンクリート造,3,N,308号室,2LDK,63,5,158800,3600,2か月,['近居割'],随時,https://www.ur-net.go.jp/chintai/kanto/kanagawa/40_3100_room.html?JKSS=000020308,<li>東急田園都市線「溝の口」駅 徒歩12分</li><li>JR南武線「武蔵溝ノ口」駅 徒歩13分</li><li>東急田園都市線「梶が谷」駅 徒歩13分</li>
kanagawa,shinyurigaoka,アーバンハイツ菅生ヶ丘,99700,,,,小田急小田原線「生田」駅,15.0,15.0,川崎市宮前区菅生ケ丘34-1ほか,,鉄筋コンクリート造,3,N,307号室,1LDK,55,6,92300,7400,2か月,['近居割'],随時,https://www.ur-net.go.jp/chintai/kanto/kanagawa/40_3220_room.html?JKSS=000000307,<li>小田急小田原線「生田」駅バス11分 徒歩4分</li><li>東急田園都市線「溝の口」駅バス21分 徒歩4分</li>
kanagawa,shinyurigaoka,アーバンハイツ菅生ヶ丘,99700,,,,東急田園都市線「溝の口」駅,25.0,25.0,川崎市宮前区菅生ケ丘34-1ほか,,鉄筋コンクリート造,3,N,307号室,1LDK,55,6,92300,7400,2か月,['近居割'],随時,https://www.ur-net.go.jp/chintai/kanto/kanagawa/40_3220_room.html?JKSS=000000307,<li>小田急小田原線「生田」駅バス11分 徒歩4分</li><li>東急田園都市線「溝の口」駅バス21分 徒歩4分</li>
kanagawa,shinyurigaoka,アーバンハイツ菅生ヶ丘,99700,,,,,,,川崎市宮前区菅生ケ丘34-1ほか,,鉄筋コンクリート造,3,N,307号室,1LDK,55,6,92300,7400,2か月,['近居割'],随時,https://www.ur-net.go.jp/chintai/kanto/kanagawa/40_3220_room.html?JKSS=000000307,<li>小田急小田原線「生田」駅バス11分 徒歩4分</li><li>東急田園都市線「溝の口」駅バス21分 徒歩4分</li>
kanagawa,shinyurigaoka,アーバンハイツ菅生ヶ丘,103300,,,,小田急小田原線「生田」駅,15.0,15.0,川崎市宮前区菅生ケ丘34-1ほか,,鉄筋コンクリート造,1,N,103号室,2LDK,68,6,95900,7400,2か月,['近居割'],随時,https://www.ur-net.go.jp/chintai/kanto/kanagawa/40_3220_room.html?JKSS=000000103,<li>小田急小田原線「生田」駅バス11分 徒歩4分</li><li>東急田園都市線「溝の口」駅バス21分 徒歩4分</li>
kanagawa,shinyurigaoka,アーバンハイツ菅生ヶ丘,103300,,,,東急田園都市線「溝の口」駅,25.0,25.0,川崎市宮前区菅生ケ丘34-1ほか,,鉄筋コンクリート造,1,N,103号室,2LDK,68,6,95900,7400,2か月,['近居割'],随時,https://www.ur-net.go.jp/chintai/kanto/kanagawa/40_3220_room.html?JKSS=000000103,<li>小田急小田原線「生田」駅バス11分 徒歩4分</li><li>東急田園都市線「溝の口」駅バス21分 徒歩4分</li>
kanagawa,shinyurigaoka,アーバンハイツ菅生ヶ丘,103300,,,,,,,川崎市宮前区菅生ケ丘34-1ほか,,鉄筋コンクリート造,1,N,103号室,2LDK,68,6,95900,7400,2か月,['近居割'],随時,https://www.ur-net.go.jp/chintai/kanto/kanagawa/40_3220_room.html?JKSS=000000103,<li>小田急小田原線「生田」駅バス11分 徒歩4分</li><li>東急田園都市線「溝の口」駅バス21分 徒歩4分</li>
kanagawa,shinyurigaoka,アーバンハイツ菅生ヶ丘,109600,,,,小田急小田原線「生田」駅,15.0,15.0,川崎市宮前区菅生ケ丘34-1ほか,,鉄筋コンクリート造,4,N,401号室,1LDK,61,6,102200,7400,2か月,['近居割'],随時,https://www.ur-net.go.jp/chintai/kanto/kanagawa/40_3220_room.html?JKSS=000000401,<li>小田急小田原線「生田」駅バス11分 徒歩4分</li><li>東急田園都市線「溝の口」駅バス21分 徒歩4分</li>
kanagawa,shinyurigaoka,アーバンハイツ菅生ヶ丘,109600,,,,東急田園都市線「溝の口」駅,25.0,25.0,川崎市宮前区菅生ケ丘34-1ほか,,鉄筋コンクリート造,4,N,401号室,1LDK,61,6,102200,7400,2か月,['近居割'],随時,https://www.ur-net.go.jp/chintai/kanto/kanagawa/40_3220_room.html?JKSS=000000401,<li>小田急小田原線「生田」駅バス11分 徒歩4分</li><li>東急田園都市線「溝の口」駅バス21分 徒歩4分</li>
kanagawa,shinyurigaoka,アーバンハイツ菅生ヶ丘,109600,,,,,,,川崎市宮前区菅生ケ丘34-1ほか,,鉄筋コンクリート造,4,N,401号室,1LDK,61,6,102200,7400,2か月,['近居割'],随時,https://www.ur-net.go.jp/chintai/kanto/kanagawa/40_3220_room.html?JKSS=000000401,<li>小田急小田原線「生田」駅バス11分 徒歩4分</li><li>東急田園都市線「溝の口」駅バス21分 徒歩4分</li>
kanagawa,shinyurigaoka,アーバンハイツ菅生ヶ丘,110700,,,,小田急小田原線「生田」駅,15.0,15.0,川崎市宮前区菅生ケ丘34-1ほか,,鉄筋コンクリート造,4,N,405号室,2LDK,68,6,103300,7400,2か月,['近居割'],随時,https://www.ur-net.go.jp/chintai/kanto/kanagawa/40_3220_room.html?JKSS=000000405,<li>小田急小田原線「生田」駅バス11分 徒歩4分</li><li>東急田園都市線「溝の口」駅バス21分 徒歩4分</li>
kanagawa,shinyurigaoka,アーバンハイツ菅生ヶ丘,110700,,,,東急田園都市線「溝の口」駅,25.0,25.0,川崎市宮前区菅生ケ丘34-1ほか,,鉄筋コンクリート造,4,N,405号室,2LDK,68,6,103300,7400,2か月,['近居割'],随時,https://www.ur-net.go.jp/chintai/kanto/kanagawa/40_3220_room.html?JKSS=000000405,<li>小田急小田原線「生田」駅バス11分 徒歩4分</li><li>東急田園都市線「溝の口」駅バス21分 徒歩4分</li>
kanagawa,shinyurigaoka,アーバンハイツ菅生ヶ丘,110700,,,,,,,川崎市宮前区菅生ケ丘34-1ほか,,鉄筋コンクリート造,4,N,405号室,2LDK,68,6,103300,7400,2か月,['近居割'],随時,https://www.ur-net.go.jp/chintai/kanto/kanagawa/40_3220_room.html?JKSS=000000405,<li>小田急小田原線「生田」駅バス11分 徒歩4分</li><li>東急田園都市線「溝の口」駅バス21分 徒歩4分</li>
kanagawa,shinyurigaoka,アーバンハイツ菅生ヶ丘,122700,,,,小田急小田原線「生田」駅,15.0,15.0,川崎市宮前区菅生ケ丘34-1ほか,,鉄筋コンクリート造,3,N,306号室,3DK,76,6,115300,7400,2か月,['近居割'],随時,https://www.ur-net.go.jp/chintai/kanto/kanagawa/40_3220_room.html?JKSS=000000306,<li>小田急小田原線「生田」駅バス11分 徒歩4分</li><li>東急田園都市線「溝の口」駅バス21分 徒歩4分</li>
kanagawa,shinyurigaoka,アーバンハイツ菅生ヶ丘,122700,,,,東急田園都市線「溝の口」駅,25.0,25.0,川崎市宮前区菅生ケ丘34-1ほか,,鉄筋コンクリート造,3,N,306号室,3DK,76,6,115300,7400,2か月,['近居割'],随時,https://www.ur-net.go.jp/chintai/kanto/kanagawa/40_3220_room.html?JKSS=000000306,<li>小田急小田原線「生田」駅バス11分 徒歩4分</li><li>東急田園都市線「溝の口」駅バス21分 徒歩4分</li>
kanagawa,shinyurigaoka,アーバンハイツ菅生ヶ丘,122700,,,,,,,川崎市宮前区菅生ケ丘34-1ほか,,鉄筋コンクリート造,3,N,306号室,3DK,76,6,115300,7400,2か月,['近居割'],随時,https://www.ur-net.go.jp/chintai/kanto/kanagawa/40_3220_room.html?JKSS=000000306,<li>小田急小田原線「生田」駅バス11分 徒歩4分</li><li>東急田園都市線「溝の口」駅バス21分 徒歩4分</li>
kanagawa,shinyurigaoka,コンフォール生田菅生ヶ丘,156100,,,,小田急小田原線「生田」駅,17.0,18.0,川崎市宮前区菅生ケ丘24,3号棟,鉄筋コンクリート造,2,N,201号室,4LDK,92,3,145300,10800,2か月,['近居割'],随時,https://www.ur-net.go.jp/chintai/kanto/kanagawa/40_3700_room.html?JKSS=000030201,<li>小田急小田原線「生田」駅バス11分 徒歩6～7分</li><li>東急田園都市線「溝の口」駅バス21分 徒歩3～4分</li><li>東急田園都市線「たまプラーザ」駅バス9分 徒歩7～8分</li>
kanagawa,shinyurigaoka,コンフォール生田菅生ヶ丘,156100,,,,東急田園都市線「溝の口」駅,24.0,25.0,川崎市宮前区菅生ケ丘24,3号棟,鉄筋コンクリート造,2,N,201号室,4LDK,92,3,145300,10800,2か月,['近居割'],随時,https://www.ur-net.go.jp/chintai/kanto/kanagawa/40_3700_room.html?JKSS=000030201,<li>小田急小田原線「生田」駅バス11分 徒歩6～7分</li><li>東急田園都市線「溝の口」駅バス21分 徒歩3～4分</li><li>東急田園都市線「たまプラーザ」駅バス9分 徒歩7～8分</li>
kanagawa,shinyurigaoka,コンフォール生田菅生ヶ丘,156100,,,,東急田園都市線「たまプラーザ」駅,16.0,17.0,川崎市宮前区菅生ケ丘24,3号棟,鉄筋コンクリート造,2,N,201号室,4LDK,92,3,145300,10800,2か月,['近居割'],随時,https://www.ur-net.go.jp/chintai/kanto/kanagawa/40_3700_room.html?JKSS=000030201,<li>小田急小田原線「生田」駅バス11分 徒歩6～7分</li><li>東急田園都市線「溝の口」駅バス21分 徒歩3～4分</li><li>東急田園都市線「たまプラーザ」駅バス9分 徒歩7～8分</li>
kanagawa,shinyurigaoka,コンフォール生田菅生ヶ丘,156100,,,,,,,川崎市宮前区菅生ケ丘24,3号棟,鉄筋コンクリート造,2,N,201号室,4LDK,92,3,145300,10800,2か月,['近居割'],随時,https://www.ur-net.go.jp/chintai/kanto/kanagawa/40_3700_room.html?JKSS=000030201,<li>小田急小田原線「生田」駅バス11分 徒歩6～7分</li><li>東急田園都市線「溝の口」駅バス21分 徒歩3～4分</li><li>東急田園都市線「たまプラーザ」駅バス9分 徒歩7～8分</li>
kanagawa,hiyoshi,サンヴァリエ日吉,158100,東急東横線「日吉」駅,19.0,23.0,東急東横線「日吉」駅,15.0,18.0,横浜市港北区下田町4-1ほか,13号棟,鉄筋コンクリート造,7,N,707号室,2LDK,62,7,153700,4400,2か月,['近居割'],随時,https://www.ur-net.go.jp/chintai/kanto/kanagawa/40_3290_room.html?JKSS=000130707,<li>東急東横線「日吉」駅 徒歩19～23分</li><li>東急東横線「日吉」駅バス14分 徒歩1～4分</li><li>横浜市営地下鉄グリーンライン「日吉本町」駅 徒歩13～16分</li>
kanagawa,hiyoshi,サンヴァリエ日吉,158100,横浜市営地下鉄グリーンライン「日吉本町」駅,13.0,16.0,,,,横浜市港北区下田町4-1ほか,13号棟,鉄筋コンクリート造,7,N,707号室,2LDK,62,7,153700,4400,2か月,['近居割'],随時,https://www.ur-net.go.jp/chintai/kanto/kanagawa/40_3290_room.html?JKSS=000130707,<li>東急東横線「日吉」駅 徒歩19～23分</li><li>東急東横線「日吉」駅バス14分 徒歩1～4分</li><li>横浜市営地下鉄グリーンライン「日吉本町」駅 徒歩13～16分</li>
kanagawa,hiyoshi,サンヴァリエ日吉,158100,,,,,,,横浜市港北区下田町4-1ほか,13号棟,鉄筋コンクリート造,7,N,707号室,2LDK,62,7,153700,4400,2か月,['近居割'],随時,https://www.ur-net.go.jp/chintai/kanto/kanagawa/40_3290_room.html?JKSS=000130707,<li>東急東横線「日吉」駅 徒歩19～23分</li><li>東急東横線「日吉」駅バス14分 徒歩1～4分</li><li>横浜市営地下鉄グリーンライン「日吉本町」駅 徒歩13～16分</li>
kanagawa,hiyoshi,サンヴァリエ日吉,169100,東急東横線「日吉」駅,19.0,23.0,東急東横線「日吉」駅,15.0,18.0,横浜市港北区下田町4-1ほか,12号棟,鉄筋コンクリート造,7,N,716号室,3DK,68,8,164700,4400,2か月,['近居割'],随時,https://www.ur-net.go.jp/chintai/kanto/kanagawa/40_3290_room.html?JKSS=000120716,<li>東急東横線「日吉」駅 徒歩19～23分</li><li>東急東横線「日吉」駅バス14分 徒歩1～4分</li><li>横浜市営地下鉄グリーンライン「日吉本町」駅 徒歩13～16分</li>
kanagawa,hiyoshi,サンヴァリエ日吉,169100,横浜市営地下鉄グリーンライン「日吉本町」駅,13.0,16.0,,,,横浜市港北区下田町4-1ほか,12号棟,鉄筋コンクリート造,7,N,716号室,3DK,68,8,164700,4400,2か月,['近居割'],随時,https://www.ur-net.go.jp/chintai/kanto/kanagawa/40_3290_room.html?JKSS=000120716,<li>東急東横線「日吉」駅 徒歩19～23分</li><li>東急東横線「日吉」駅バス14分 徒歩1～4分</li><li>横浜市営地下鉄グリーンライン「日吉本町」駅 徒歩13～16分</li>
kanagawa,hiyoshi,サンヴァリエ日吉,169100,,,,,,,横浜市港北区下田町4-1ほか,12号棟,鉄筋コンクリート造,7,N,716号室,3DK,68,8,164700,4400,2か月,['近居割'],随時,https://www.ur-net.go.jp/chintai/kanto/kanagawa/40_3290_room.html?JKSS=000120716,<li>東急東横線「日吉」駅 徒歩19～23分</li><li>東急東横線「日吉」駅バス14分 徒歩1～4分</li><li>横浜市営地下鉄グリーンライン「日吉本町」駅 徒歩13～16分</li>
kanagawa,hiyoshi,サンヴァリエ日吉,178100,東急東横線「日吉」駅,19.0,23.0,東急東横線「日吉」駅,15.0,18.0,横浜市港北区下田町4-1ほか,2号棟,鉄筋コンクリート造,3,N,308号室,3LDK,71,5,173700,4400,2か月,['近居割'],随時,https://www.ur-net.go.jp/chintai/kanto/kanagawa/40_3290_room.html?JKSS=000020308,<li>東急東横線「日吉」駅 徒歩19～23分</li><li>東急東横線「日吉」駅バス14分 徒歩1～4分</li><li>横浜市営地下鉄グリーンライン「日吉本町」駅 徒歩13～16分</li>
kanagawa,hiyoshi,サンヴァリエ日吉,178100,横浜市営地下鉄グリーンライン「日吉本町」駅,13.0,16.0,,,,横浜市港北区下田町4-1ほか,2号棟,鉄筋コンクリート造,3,N,308号室,3LDK,71,5,173700,4400,2か月,['近居割'],随時,https://www.ur-net.go.jp/chintai/kanto/kanagawa/40_3290_room.html?JKSS=000020308,<li>東急東横線「日吉」駅 徒歩19～23分</li><li>東急東横線「日吉」駅バス14分 徒歩1～4分</li><li>横浜市営地下鉄グリーンライン「日吉本町」駅 徒歩13～16分</li>
kanagawa,hiyoshi,サンヴァリエ日吉,178100,,,,,,,横浜市港北区下田町4-1ほか,2号棟,鉄筋コンクリート造,3,N,308号室,3LDK,71,5,173700,4400,2か月,['近居割'],随時,https://www.ur-net.go.jp/chintai/kanto/kanagawa/40_3290_room.html?JKSS=000020308,<li>東急東横線「日吉」駅 徒歩19～23分</li><li>東急東横線「日吉」駅バス14分 徒歩1～4分</li><li>横浜市営地下鉄グリーンライン「日吉本町」駅 徒歩13～16分</li>
kanagawa,hiyoshi,サンヴァリエ日吉,178100,東急東横線「日吉」駅,19.0,23.0,東急東横線「日吉」駅,15.0,18.0,横浜市港北区下田町4-1ほか,2号棟,鉄筋コンクリート造,4,N,408号室,3LDK,71,5,173700,4400,2か月,['近居割'],随時,https://www.ur-net.go.jp/chintai/kanto/kanagawa/40_3290_room.html?JKSS=000020408,<li>東急東横線「日吉」駅 徒歩19～23分</li><li>東急東横線「日吉」駅バス14分 徒歩1～4分</li><li>横浜市営地下鉄グリーンライン「日吉本町」駅 徒歩13～16分</li>
kanagawa,hiyoshi,サンヴァリエ日吉,178100,横浜市営地下鉄グリーンライン「日吉本町」駅,13.0,16.0,,,,横浜市港北区下田町4-1ほか,2号棟,鉄筋コンクリート造,4,N,408号室,3LDK,71,5,173700,4400,2か月,['近居割'],随時,https://www.ur-net.go.jp/chintai/kanto/kanagawa/40_3290_room.html?JKSS=000020408,<li>東急東横線「日吉」駅 徒歩19～23分</li><li>東急東横線「日吉」駅バス14分 徒歩1～4分</li><li>横浜市営地下鉄グリーンライン「日吉本町」駅 徒歩13～16分</li>
kanagawa,hiyoshi,サンヴァリエ日吉,178100,,,,,,,横浜市港北区下田町4-1ほか,2号棟,鉄筋コンクリート造,4,N,408号室,3LDK,71,5,173700,4400,2か月,['近居割'],随時,https://www.ur-net.go.jp/chintai/kanto/kanagawa/40_3290_room.html?JKSS=000020408,<li>東急東横線「日吉」駅 徒歩19～23分</li><li>東急東横線「日吉」駅バス14分 徒歩1～4分</li><li>横浜市営地下鉄グリーンライン「日吉本町」駅 徒歩13～16分</li>
kanagawa,kohoku,霧が丘グリーンタウン,100000,,,,JR横浜線「十日市場」駅,9.0,13.0,横浜市緑区霧が丘3-22-5ほか,22-9号棟,鉄筋コンクリート造,3,N,305号室,2DK,66,5,95000,5000,2か月,['近居割'],随時,https://www.ur-net.go.jp/chintai/kanto/kanagawa/40_2030_room.html?JKSS=022090305,<li>JR横浜線「十日市場」駅バス7分 徒歩2～6分</li><li>東急田園都市線「青葉台」駅バス19分 徒歩2～6分</li><li>JR横浜線「長津田」駅バス11分 徒歩6～13分</li>
kanagawa,kohoku,霧が丘グリーンタウン,100000,,,,東急田園都市線「青葉台」駅,21.0,25.0,横浜市緑区霧が丘3-22-5ほか,22-9号棟,鉄筋コンクリート造,3,N,305号室,2DK,66,5,95000,5000,2か月,['近居割'],随時,https://www.ur-net.go.jp/chintai/kanto/kanagawa/40_2030_room.html?JKSS=022090305,<li>JR横浜線「十日市場」駅バス7分 徒歩2～6分</li><li>東急田園都市線「青葉台」駅バス19分 徒歩2～6分</li><li>JR横浜線「長津田」駅バス11分 徒歩6～13分</li>
kanagawa,kohoku,霧が丘グリーンタウン,100000,,,,JR横浜線「長津田」駅,17.0,24.0,横浜市緑区霧が丘3-22-5ほか,22-9号棟,鉄筋コンクリート造,3,N,305号室,2DK,66,5,95000,5000,2か月,['近居割'],随時,https://www.ur-net.go.jp/chintai/kanto/kanagawa/40_2030_room.html?JKSS=022090305,<li>JR横浜線「十日市場」駅バス7分 徒歩2～6分</li><li>東急田園都市線「青葉台」駅バス19分 徒歩2～6分</li><li>JR横浜線「長津田」駅バス11分 徒歩6～13分</li>
kanagawa,kohoku,霧が丘グリーンタウン,100000,,,,,,,横浜市緑区霧が丘3-22-5ほか,22-9号棟,鉄筋コンクリート造,3,N,305号室,2DK,66,5,95000,5000,2か月,['近居割'],随時,https://www.ur-net.go.jp/chintai/kanto/kanagawa/40_2030_room.html?JKSS=022090305,<li>JR横浜線「十日市場」駅バス7分 徒歩2～6分</li><li>東急田園都市線「青葉台」駅バス19分 徒歩2～6分</li><li>JR横浜線「長津田」駅バス11分 徒歩6～13分</li>
kanagawa,kohoku,霧が丘グリーンタウン,111800,,,,JR横浜線「十日市場」駅,9.0,13.0,横浜市緑区霧が丘3-22-5ほか,24-5号棟,鉄筋コンクリート造,5,N,502号室,3LDK,84,5,106800,5000,2か月,['近居割'],随時,https://www.ur-net.go.jp/chintai/kanto/kanagawa/40_2030_room.html?JKSS=024050502,<li>JR横浜線「十日市場」駅バス7分 徒歩2～6分</li><li>東急田園都市線「青葉台」駅バス19分 徒歩2～6分</li><li>JR横浜線「長津田」駅バス11分 徒歩6～13分</li>
kanagawa,kohoku,霧が丘グリーンタウン,111800,,,,東急田園都市線「青葉台」駅,21.0,25.0,横浜市緑区霧が丘3-22-5ほか,24-5号棟,鉄筋コンクリート造,5,N,502号室,3LDK,84,5,106800,5000,2か月,['近居割'],随時,https://www.ur-net.go.jp/chintai/kanto/kanagawa/40_2030_room.html?JKSS=024050502,<li>JR横浜線「十日市場」駅バス7分 徒歩2～6分</li><li>東急田園都市線「青葉台」駅バス19分 徒歩2～6分</li><li>JR横浜線「長津田」駅バス11分 徒歩6～13分</li>
kanagawa,kohoku,霧が丘グリーンタウン,111800,,,,JR横浜線「長津田」駅,17.0,24.0,横浜市緑区霧が丘3-22-5ほか,24-5号棟,鉄筋コンクリート造,5,N,502号室,3LDK,84,5,106800,5000,2か月,['近居割'],随時,https://www.ur-net.go.jp/chintai/kanto/kanagawa/40_2030_room.html?JKSS=024050502,<li>JR横浜線「十日市場」駅バス7分 徒歩2～6分</li><li>東急田園都市線「青葉台」駅バス19分 徒歩2～6分</li><li>JR横浜線「長津田」駅バス11分 徒歩6～13分</li>
kanagawa,kohoku,霧が丘グリーンタウン,111800,,,,,,,横浜市緑区霧が丘3-22-5ほか,24-5号棟,鉄筋コンクリート造,5,N,502号室,3LDK,84,5,106800,5000,2か月,['近居割'],随時,https://www.ur-net.go.jp/chintai/kanto/kanagawa/40_2030_room.html?JKSS=024050502,<li>JR横浜線「十日市場」駅バス7分 徒歩2～6分</li><li>東急田園都市線「青葉台」駅バス19分 徒歩2～6分</li><li>JR横浜線「長津田」駅バス11分 徒歩6～13分</li>
kanagawa,kohoku,霧が丘グリーンタウン,113600,,,,JR横浜線「十日市場」駅,9.0,13.0,横浜市緑区霧が丘3-22-5ほか,24-7号棟,鉄筋コンクリート造,5,N,501号室,3LDK,84,5,108600,5000,2か月,['近居割'],随時,https://www.ur-net.go.jp/chintai/kanto/kanagawa/40_2030_room.html?JKSS=024070501,<li>JR横浜線「十日市場」駅バス7分 徒歩2～6分</li><li>東急田園都市線「青葉台」駅バス19分 徒歩2～6分</li><li>JR横浜線「長津田」駅バス11分 徒歩6～13分</li>
kanagawa,kohoku,霧が丘グリーンタウン,113600,,,,東急田園都市線「青葉台」駅,21.0,25.0,横浜市緑区霧が丘3-22-5ほか,24-7号棟,鉄筋コンクリート造,5,N,501号室,3LDK,84,5,108600,5000,2か月,['近居割'],随時,https://www.ur-net.go.jp/chintai/kanto/kanagawa/40_2030_room.html?JKSS=024070501,<li>JR横浜線「十日市場」駅バス7分 徒歩2～6分</li><li>東急田園都市線「青葉台」駅バス19分 徒歩2～6分</li><li>JR横浜線「長津田」駅バス11分 徒歩6～13分</li>
kanagawa,kohoku,霧が丘グリーンタウン,113600,,,,JR横浜線「長津田」駅,17.0,24.0,横浜市緑区霧が丘3-22-5ほか,24-7号棟,鉄筋コンクリート造,5,N,501号室,3LDK,84,5,108600,5000,2か月,['近居割'],随時,https://www.ur-net.go.jp/chintai/kanto/kanagawa/40_2030_room.html?JKSS=024070501,<li>JR横浜線「十日市場」駅バス7分 徒歩2～6分</li><li>東急田園都市線「青葉台」駅バス19分 徒歩2～6分</li><li>JR横浜線「長津田」駅バス11分 徒歩6～13分</li>
kanagawa,kohoku,霧が丘グリーンタウン,113600,,,,,,,横浜市緑区霧が丘3-22-5ほか,24-7号棟,鉄筋コンクリート造,5,N,501号室,3LDK,84,5,108600,5000,2か月,['近居割'],随時,https://www.ur-net.go.jp/chintai/kanto/kanagawa/40_2030_room.html?JKSS=024070501,<li>JR横浜線「十日市場」駅バス7分 徒歩2～6分</li><li>東急田園都市線「青葉台」駅バス19分 徒歩2～6分</li><li>JR横浜線「長津田」駅バス11分 徒歩6～13分</li>
kanagawa,kohoku,霧が丘グリーンタウン,114400,,,,JR横浜線「十日市場」駅,9.0,13.0,横浜市緑区霧が丘3-22-5ほか,24-5号棟,鉄筋コンクリート造,4,N,407号室,3LDK,84,5,109400,5000,2か月,['近居割'],随時,https://www.ur-net.go.jp/chintai/kanto/kanagawa/40_2030_room.html?JKSS=024050407,<li>JR横浜線「十日市場」駅バス7分 徒歩2～6分</li><li>東急田園都市線「青葉台」駅バス19分 徒歩2～6分</li><li>JR横浜線「長津田」駅バス11分 徒歩6～13分</li>
kanagawa,kohoku,霧が丘グリーンタウン,114400,,,,東急田園都市線「青葉台」駅,21.0,25.0,横浜市緑区霧が丘3-22-5ほか,24-5号棟,鉄筋コンクリート造,4,N,407号室,3LDK,84,5,109400,5000,2か月,['近居割'],随時,https://www.ur-net.go.jp/chintai/kanto/kanagawa/40_2030_room.html?JKSS=024050407,<li>JR横浜線「十日市場」駅バス7分 徒歩2～6分</li><li>東急田園都市線「青葉台」駅バス19分 徒歩2～6分</li><li>JR横浜線「長津田」駅バス11分 徒歩6～13分</li>
kanagawa,kohoku,霧が丘グリーンタウン,114400,,,,JR横浜線「長津田」駅,17.0,24.0,横浜市緑区霧が丘3-22-5ほか,24-5号棟,鉄筋コンクリート造,4,N,407号室,3LDK,84,5,109400,5000,2か月,['近居割'],随時,https://www.ur-net.go.jp/chintai/kanto/kanagawa/40_2030_room.html?JKSS=024050407,<li>JR横浜線「十日市場」駅バス7分 徒歩2～6分</li><li>東急田園都市線「青葉台」駅バス19分 徒歩2～6分</li><li>JR横浜線「長津田」駅バス11分 徒歩6～13分</li>
kanagawa,kohoku,霧が丘グリーンタウン,114400,,,,,,,横浜市緑区霧が丘3-22-5ほか,24-5号棟,鉄筋コンクリート造,4,N,407号室,3LDK,84,5,109400,5000,2か月,['近居割'],随時,https://www.ur-net.go.jp/chintai/kanto/kanagawa/40_2030_room.html?JKSS=024050407,<li>JR横浜線「十日市場」駅バス7分 徒歩2～6分</li><li>東急田園都市線「青葉台」駅バス19分 徒歩2～6分</li><li>JR横浜線「長津田」駅バス11分 徒歩6～13分</li>
kanagawa,kohoku,十日市場ヒルタウン　コンフォール十日市場六番街,167300,JR横浜線「十日市場」駅,7.0,8.0,,,,横浜市緑区十日市場町1358-48,6-2号棟,鉄筋コンクリート造,4,N,402号室,3LDK,73,5,158800,8500,2か月,['近居割'],随時,https://www.ur-net.go.jp/chintai/kanto/kanagawa/40_3930_room.html?JKSS=006020402,<li>JR横浜線「十日市場」駅 徒歩7～8分</li><li>東急田園都市線「青葉台」駅バス12分 徒歩7～8分</li><li>JR横浜線「中山」駅バス10分 徒歩3～4分</li>
kanagawa,kohoku,十日市場ヒルタウン　コンフォール十日市場六番街,167300,,,,東急田園都市線「青葉台」駅,19.0,20.0,横浜市緑区十日市場町1358-48,6-2号棟,鉄筋コンクリート造,4,N,402号室,3LDK,73,5,158800,8500,2か月,['近居割'],随時,https://www.ur-net.go.jp/chintai/kanto/kanagawa/40_3930_room.html?JKSS=006020402,<li>JR横浜線「十日市場」駅 徒歩7～8分</li><li>東急田園都市線「青葉台」駅バス12分 徒歩7～8分</li><li>JR横浜線「中山」駅バス10分 徒歩3～4分</li>
kanagawa,kohoku,十日市場ヒルタウン　コンフォール十日市場六番街,167300,,,,JR横浜線「中山」駅,13.0,14.0,横浜市緑区十日市場町1358-48,6-2号棟,鉄筋コンクリート造,4,N,402号室,3LDK,73,5,158800,8500,2か月,['近居割'],随時,https://www.ur-net.go.jp/chintai/kanto/kanagawa/40_3930_room.html?JKSS=006020402,<li>JR横浜線「十日市場」駅 徒歩7～8分</li><li>東急田園都市線「青葉台」駅バス12分 徒歩7～8分</li><li>JR横浜線「中山」駅バス10分 徒歩3～4分</li>
kanagawa,kohoku,十日市場ヒルタウン　コンフォール十日市場六番街,167300,,,,,,,横浜市緑区十日市場町1358-48,6-2号棟,鉄筋コンクリート造,4,N,402号室,3LDK,73,5,158800,8500,2か月,['近居割'],随時,https://www.ur-net.go.jp/chintai/kanto/kanagawa/40_3930_room.html?JKSS=006020402,<li>JR横浜線「十日市場」駅 徒歩7～8分</li><li>東急田園都市線「青葉台」駅バス12分 徒歩7～8分</li><li>JR横浜線「中山」駅バス10分 徒歩3～4分</li>
kanagawa,shinyurigaoka,奈良北,82500,,,,小田急小田原線「鶴川」駅,15.0,20.0,横浜市青葉区奈良町2913,8号棟,鉄筋コンクリート造、鉄骨鉄筋コンクリート造,4,N,406号室,2LDK,52,5,79600,2900,2か月,"['近居割', '近居割WIDE']",随時,https://www.ur-net.go.jp/chintai/kanto/kanagawa/40_1410_room.html?JKSS=000080406,<li>小田急小田原線「鶴川」駅バス13分 徒歩2～7分</li><li>小田急小田原線「玉川学園前」駅 徒歩15～21分</li><li>東急田園都市線「青葉台」駅バス16～17分 徒歩1～7分</li>
kanagawa,shinyurigaoka,奈良北,82500,小田急小田原線「玉川学園前」駅,15.0,21.0,,,,横浜市青葉区奈良町2913,8号棟,鉄筋コンクリート造、鉄骨鉄筋コンクリート造,4,N,406号室,2LDK,52,5,79600,2900,2か月,"['近居割', '近居割WIDE']",随時,https://www.ur-net.go.jp/chintai/kanto/kanagawa/40_1410_room.html?JKSS=000080406,<li>小田急小田原線「鶴川」駅バス13分 徒歩2～7分</li><li>小田急小田原線「玉川学園前」駅 徒歩15～21分</li><li>東急田園都市線「青葉台」駅バス16～17分 徒歩1～7分</li>
kanagawa,shinyurigaoka,奈良北,82500,,,,東急田園都市線「青葉台」駅,17.0,24.0,横浜市青葉区奈良町2913,8号棟,鉄筋コンクリート造、鉄骨鉄筋コンクリート造,4,N,406号室,2LDK,52,5,79600,2900,2か月,"['近居割', '近居割WIDE']",随時,https://www.ur-net.go.jp/chintai/kanto/kanagawa/40_1410_room.html?JKSS=000080406,<li>小田急小田原線「鶴川」駅バス13分 徒歩2～7分</li><li>小田急小田原線「玉川学園前」駅 徒歩15～21分</li><li>東急田園都市線「青葉台」駅バス16～17分 徒歩1～7分</li>
kanagawa,shinyurigaoka,奈良北,82500,,,,,,,横浜市青葉区奈良町2913,8号棟,鉄筋コンクリート造、鉄骨鉄筋コンクリート造,4,N,406号室,2LDK,52,5,79600,2900,2か月,"['近居割', '近居割WIDE']",随時,https://www.ur-net.go.jp/chintai/kanto/kanagawa/40_1410_room.html?JKSS=000080406,<li>小田急小田原線「鶴川」駅バス13分 徒歩2～7分</li><li>小田急小田原線「玉川学園前」駅 徒歩15～21分</li><li>東急田園都市線「青葉台」駅バス16～17分 徒歩1～7分</li>
kanagawa,shinyurigaoka,奈良北,84800,,,,小田急小田原線「鶴川」駅,15.0,20.0,横浜市青葉区奈良町2913,9号棟,鉄筋コンクリート造、鉄骨鉄筋コンクリート造,3,N,304号室,3DK,52,5,81900,2900,2か月,"['近居割', '近居割WIDE']",随時,https://www.ur-net.go.jp/chintai/kanto/kanagawa/40_1410_room.html?JKSS=000090304,<li>小田急小田原線「鶴川」駅バス13分 徒歩2～7分</li><li>小田急小田原線「玉川学園前」駅 徒歩15～21分</li><li>東急田園都市線「青葉台」駅バス16～17分 徒歩1～7分</li>
kanagawa,shinyurigaoka,奈良北,84800,小田急小田原線「玉川学園前」駅,15.0,21.0,,,,横浜市青葉区奈良町2913,9号棟,鉄筋コンクリート造、鉄骨鉄筋コンクリート造,3,N,304号室,3DK,52,5,81900,2900,2か月,"['近居割', '近居割WIDE']",随時,https://www.ur-net.go.jp/chintai/kanto/kanagawa/40_1410_room.html?JKSS=000090304,<li>小田急小田原線「鶴川」駅バス13分 徒歩2～7分</li><li>小田急小田原線「玉川学園前」駅 徒歩15～21分</li><li>東急田園都市線「青葉台」駅バス16～17分 徒歩1～7分</li>
kanagawa,shinyurigaoka,奈良北,84800,,,,東急田園都市線「青葉台」駅,17.0,24.0,横浜市青葉区奈良町2913,9号棟,鉄筋コンクリート造、鉄骨鉄筋コンクリート造,3,N,304号室,3DK,52,5,81900,2900,2か月,"['近居割', '近居割WIDE']",随時,https://www.ur-net.go.jp/chintai/kanto/kanagawa/40_1410_room.html?JKSS=000090304,<li>小田急小田原線「鶴川」駅バス13分 徒歩2～7分</li><li>小田急小田原線「玉川学園前」駅 徒歩15～21分</li><li>東急田園都市線「青葉台」駅バス16～17分 徒歩1～7分</li>
kanagawa,shinyurigaoka,奈良北,84800,,,,,,,横浜市青葉区奈良町2913,9号棟,鉄筋コンクリート造、鉄骨鉄筋コンクリート造,3,N,304号室,3DK,52,5,81900,2900,2か月,"['近居割', '近居割WIDE']",随時,https://www.ur-net.go.jp/chintai/kanto/kanagawa/40_1410_room.html?JKSS=000090304,<li>小田急小田原線「鶴川」駅バス13分 徒歩2～7分</li><li>小田急小田原線「玉川学園前」駅 徒歩15～21分</li><li>東急田園都市線「青葉台」駅バス16～17分 徒歩1～7分</li>
kanagawa,shinyurigaoka,すすき野,83800,,,,東急田園都市線「たまプラーザ」駅,14.0,16.0,横浜市青葉区すすき野3-6-1,6-23号棟,鉄筋コンクリート造,8,N,801号室,2DK,43,8,80500,3300,2か月,['URライト（4年定借）'],随時,https://www.ur-net.go.jp/chintai/kanto/kanagawa/40_1650_room.html?JKSS=006230801,<li>東急田園都市線「たまプラーザ」駅バス10分 徒歩4～6分</li><li>東急田園都市線「あざみ野」駅バス9分 徒歩4～8分</li><li>小田急小田原線「新百合ヶ丘」駅バス16分 徒歩8～11分</li>
kanagawa,shinyurigaoka,すすき野,83800,,,,東急田園都市線「あざみ野」駅,13.0,17.0,横浜市青葉区すすき野3-6-1,6-23号棟,鉄筋コンクリート造,8,N,801号室,2DK,43,8,80500,3300,2か月,['URライト（4年定借）'],随時,https://www.ur-net.go.jp/chintai/kanto/kanagawa/40_1650_room.html?JKSS=006230801,<li>東急田園都市線「たまプラーザ」駅バス10分 徒歩4～6分</li><li>東急田園都市線「あざみ野」駅バス9分 徒歩4～8分</li><li>小田急小田原線「新百合ヶ丘」駅バス16分 徒歩8～11分</li>
kanagawa,shinyurigaoka,すすき野,83800,,,,小田急小田原線「新百合ヶ丘」駅,24.0,27.0,横浜市青葉区すすき野3-6-1,6-23号棟,鉄筋コンクリート造,8,N,801号室,2DK,43,8,80500,3300,2か月,['URライト（4年定借）'],随時,https://www.ur-net.go.jp/chintai/kanto/kanagawa/40_1650_room.html?JKSS=006230801,<li>東急田園都市線「たまプラーザ」駅バス10分 徒歩4～6分</li><li>東急田園都市線「あざみ野」駅バス9分 徒歩4～8分</li><li>小田急小田原線「新百合ヶ丘」駅バス16分 徒歩8～11分</li>
kanagawa,shinyurigaoka,すすき野,83800,,,,,,,横浜市青葉区すすき野3-6-1,6-23号棟,鉄筋コンクリート造,8,N,801号室,2DK,43,8,80500,3300,2か月,['URライト（4年定借）'],随時,https://www.ur-net.go.jp/chintai/kanto/kanagawa/40_1650_room.html?JKSS=006230801,<li>東急田園都市線「たまプラーザ」駅バス10分 徒歩4～6分</li><li>東急田園都市線「あざみ野」駅バス9分 徒歩4～8分</li><li>小田急小田原線「新百合ヶ丘」駅バス16分 徒歩8～11分</li>
kanagawa,shinyurigaoka,グリーンヒル鴨志田中央,109400,,,,東急田園都市線「青葉台」駅,10.0,11.0,横浜市青葉区鴨志田町539-3,3号棟,鉄筋コンクリート造,5,N,502号室,3DK,61,5,104300,5100,2か月,['近居割'],随時,https://www.ur-net.go.jp/chintai/kanto/kanagawa/40_2880_room.html?JKSS=000030502,<li>東急田園都市線「青葉台」駅バス8分 徒歩2～3分</li><li>小田急小田原線「柿生」駅バス13分 徒歩2～3分</li><li>東急こどもの国線「こどもの国」駅 徒歩36分</li>
kanagawa,shinyurigaoka,グリーンヒル鴨志田中央,109400,,,,小田急小田原線「柿生」駅,15.0,16.0,横浜市青葉区鴨志田町539-3,3号棟,鉄筋コンクリート造,5,N,502号室,3DK,61,5,104300,5100,2か月,['近居割'],随時,https://www.ur-net.go.jp/chintai/kanto/kanagawa/40_2880_room.html?JKSS=000030502,<li>東急田園都市線「青葉台」駅バス8分 徒歩2～3分</li><li>小田急小田原線「柿生」駅バス13分 徒歩2～3分</li><li>東急こどもの国線「こどもの国」駅 徒歩36分</li>
kanagawa,shinyurigaoka,グリーンヒル鴨志田中央,109400,東急こどもの国線「こどもの国」駅,36.0,36.0,,,,横浜市青葉区鴨志田町539-3,3号棟,鉄筋コンクリート造,5,N,502号室,3DK,61,5,104300,5100,2か月,['近居割'],随時,https://www.ur-net.go.jp/chintai/kanto/kanagawa/40_2880_room.html?JKSS=000030502,<li>東急田園都市線「青葉台」駅バス8分 徒歩2～3分</li><li>小田急小田原線「柿生」駅バス13分 徒歩2～3分</li><li>東急こどもの国線「こどもの国」駅 徒歩36分</li>
kanagawa,shinyurigaoka,グリーンヒル鴨志田中央,109400,,,,,,,横浜市青葉区鴨志田町539-3,3号棟,鉄筋コンクリート造,5,N,502号室,3DK,61,5,104300,5100,2か月,['近居割'],随時,https://www.ur-net.go.jp/chintai/kanto/kanagawa/40_2880_room.html?JKSS=000030502,<li>東急田園都市線「青葉台」駅バス8分 徒歩2～3分</li><li>小田急小田原線「柿生」駅バス13分 徒歩2～3分</li><li>東急こどもの国線「こどもの国」駅 徒歩36分</li>
kanagawa,kohoku,港北ニュータウン　ビュープラザセンター北,119400,横浜市営地下鉄ブルーライン「センター北」駅,13.0,16.0,,,,横浜市都筑区南山田1-3,10号棟,鉄筋コンクリート造,4,N,409号室,1LDK,56,9,114900,4500,2か月,['近居割'],随時,https://www.ur-net.go.jp/chintai/kanto/kanagawa/40_3070_room.html?JKSS=000100409,<li>横浜市営地下鉄ブルーライン「センター北」駅 徒歩13～16分</li><li>横浜市営地下鉄グリーンライン「北山田」駅 徒歩13～15分</li><li>東急田園都市線「鷺沼」駅バス9分 徒歩18～19分</li>
kanagawa,kohoku,港北ニュータウン　ビュープラザセンター北,119400,横浜市営地下鉄グリーンライン「北山田」駅,13.0,15.0,,,,横浜市都筑区南山田1-3,10号棟,鉄筋コンクリート造,4,N,409号室,1LDK,56,9,114900,4500,2か月,['近居割'],随時,https://www.ur-net.go.jp/chintai/kanto/kanagawa/40_3070_room.html?JKSS=000100409,<li>横浜市営地下鉄ブルーライン「センター北」駅 徒歩13～16分</li><li>横浜市営地下鉄グリーンライン「北山田」駅 徒歩13～15分</li><li>東急田園都市線「鷺沼」駅バス9分 徒歩18～19分</li>
kanagawa,kohoku,港北ニュータウン　ビュープラザセンター北,119400,,,,東急田園都市線「鷺沼」駅,27.0,28.0,横浜市都筑区南山田1-3,10号棟,鉄筋コンクリート造,4,N,409号室,1LDK,56,9,114900,4500,2か月,['近居割'],随時,https://www.ur-net.go.jp/chintai/kanto/kanagawa/40_3070_room.html?JKSS=000100409,<li>横浜市営地下鉄ブルーライン「センター北」駅 徒歩13～16分</li><li>横浜市営地下鉄グリーンライン「北山田」駅 徒歩13～15分</li><li>東急田園都市線「鷺沼」駅バス9分 徒歩18～19分</li>
kanagawa,kohoku,港北ニュータウン　ビュープラザセンター北,119400,,,,,,,横浜市都筑区南山田1-3,10号棟,鉄筋コンクリート造,4,N,409号室,1LDK,56,9,114900,4500,2か月,['近居割'],随時,https://www.ur-net.go.jp/chintai/kanto/kanagawa/40_3070_room.html?JKSS=000100409,<li>横浜市営地下鉄ブルーライン「センター北」駅 徒歩13～16分</li><li>横浜市営地下鉄グリーンライン「北山田」駅 徒歩13～15分</li><li>東急田園都市線「鷺沼」駅バス9分 徒歩18～19分</li>
kanagawa,kohoku,港北ニュータウン　ビュープラザセンター北,182000,横浜市営地下鉄ブルーライン「センター北」駅,13.0,16.0,,,,横浜市都筑区南山田1-3,9号棟,鉄筋コンクリート造,11,N,1104号室,3LDK,87,14,177500,4500,2か月,['近居割'],随時,https://www.ur-net.go.jp/chintai/kanto/kanagawa/40_3070_room.html?JKSS=000091104,<li>横浜市営地下鉄ブルーライン「センター北」駅 徒歩13～16分</li><li>横浜市営地下鉄グリーンライン「北山田」駅 徒歩13～15分</li><li>東急田園都市線「鷺沼」駅バス9分 徒歩18～19分</li>
kanagawa,kohoku,港北ニュータウン　ビュープラザセンター北,182000,横浜市営地下鉄グリーンライン「北山田」駅,13.0,15.0,,,,横浜市都筑区南山田1-3,9号棟,鉄筋コンクリート造,11,N,1104号室,3LDK,87,14,177500,4500,2か月,['近居割'],随時,https://www.ur-net.go.jp/chintai/kanto/kanagawa/40_3070_room.html?JKSS=000091104,<li>横浜市営地下鉄ブルーライン「センター北」駅 徒歩13～16分</li><li>横浜市営地下鉄グリーンライン「北山田」駅 徒歩13～15分</li><li>東急田園都市線「鷺沼」駅バス9分 徒歩18～19分</li>
kanagawa,kohoku,港北ニュータウン　ビュープラザセンター北,182000,,,,東急田園都市線「鷺沼」駅,27.0,28.0,横浜市都筑区南山田1-3,9号棟,鉄筋コンクリート造,11,N,1104号室,3LDK,87,14,177500,4500,2か月,['近居割'],随時,https://www.ur-net.go.jp/chintai/kanto/kanagawa/40_3070_room.html?JKSS=000091104,<li>横浜市営地下鉄ブルーライン「センター北」駅 徒歩13～16分</li><li>横浜市営地下鉄グリーンライン「北山田」駅 徒歩13～15分</li><li>東急田園都市線「鷺沼」駅バス9分 徒歩18～19分</li>
kanagawa,kohoku,港北ニュータウン　ビュープラザセンター北,182000,,,,,,,横浜市都筑区南山田1-3,9号棟,鉄筋コンクリート造,11,N,1104号室,3LDK,87,14,177500,4500,2か月,['近居割'],随時,https://www.ur-net.go.jp/chintai/kanto/kanagawa/40_3070_room.html?JKSS=000091104,<li>横浜市営地下鉄ブルーライン「センター北」駅 徒歩13～16分</li><li>横浜市営地下鉄グリーンライン「北山田」駅 徒歩13～15分</li><li>東急田園都市線「鷺沼」駅バス9分 徒歩18～19分</li>
kanagawa,kohoku,港北ニュータウン　プロムナード仲町台,143500,横浜市営地下鉄ブルーライン「仲町台」駅,4.0,5.0,,,,横浜市都筑区仲町台5-7,6号棟,鉄筋コンクリート造,2,N,201号室,1LDK,54,11,138100,5400,2か月,['近居割'],随時,https://www.ur-net.go.jp/chintai/kanto/kanagawa/40_3340_room.html?JKSS=000060201,<li>横浜市営地下鉄ブルーライン「仲町台」駅 徒歩4～5分</li><li>横浜市営地下鉄グリーンライン「センター南」駅 徒歩24分</li>
kanagawa,kohoku,港北ニュータウン　プロムナード仲町台,143500,横浜市営地下鉄グリーンライン「センター南」駅,24.0,24.0,,,,横浜市都筑区仲町台5-7,6号棟,鉄筋コンクリート造,2,N,201号室,1LDK,54,11,138100,5400,2か月,['近居割'],随時,https://www.ur-net.go.jp/chintai/kanto/kanagawa/40_3340_room.html?JKSS=000060201,<li>横浜市営地下鉄ブルーライン「仲町台」駅 徒歩4～5分</li><li>横浜市営地下鉄グリーンライン「センター南」駅 徒歩24分</li>
kanagawa,kohoku,港北ニュータウン　プロムナード仲町台,143500,,,,,,,横浜市都筑区仲町台5-7,6号棟,鉄筋コンクリート造,2,N,201号室,1LDK,54,11,138100,5400,2か月,['近居割'],随時,https://www.ur-net.go.jp/chintai/kanto/kanagawa/40_3340_room.html?JKSS=000060201,<li>横浜市営地下鉄ブルーライン「仲町台」駅 徒歩4～5分</li><li>横浜市営地下鉄グリーンライン「センター南」駅 徒歩24分</li>
kanagawa,yokohamanishiguchi,ベイシティ本牧南,137800,,,,JR京浜東北・根岸線「根岸」駅,16.0,19.0,横浜市中区本牧原21,2号棟,鉄筋コンクリート造,6,N,608号室,1K,54,12,132800,5000,2か月,['近居割'],随時,https://www.ur-net.go.jp/chintai/kanto/kanagawa/40_3820_room.html?JKSS=000020608,<li>JR京浜東北・根岸線「根岸」駅バス13分 徒歩3～6分</li><li>みなとみらい線「元町・中華街」駅バス13分 徒歩3～6分</li><li>JR京浜東北・根岸線「桜木町」駅バス24分 徒歩3～6分</li>
kanagawa,yokohamanishiguchi,ベイシティ本牧南,137800,,,,みなとみらい線「元町・中華街」駅,16.0,19.0,横浜市中区本牧原21,2号棟,鉄筋コンクリート造,6,N,608号室,1K,54,12,132800,5000,2か月,['近居割'],随時,https://www.ur-net.go.jp/chintai/kanto/kanagawa/40_3820_room.html?JKSS=000020608,<li>JR京浜東北・根岸線「根岸」駅バス13分 徒歩3～6分</li><li>みなとみらい線「元町・中華街」駅バス13分 徒歩3～6分</li><li>JR京浜東北・根岸線「桜木町」駅バス24分 徒歩3～6分</li>
kanagawa,yokohamanishiguchi,ベイシティ本牧南,137800,,,,JR京浜東北・根岸線「桜木町」駅,27.0,30.0,横浜市中区本牧原21,2号棟,鉄筋コンクリート造,6,N,608号室,1K,54,12,132800,5000,2か月,['近居割'],随時,https://www.ur-net.go.jp/chintai/kanto/kanagawa/40_3820_room.html?JKSS=000020608,<li>JR京浜東北・根岸線「根岸」駅バス13分 徒歩3～6分</li><li>みなとみらい線「元町・中華街」駅バス13分 徒歩3～6分</li><li>JR京浜東北・根岸線「桜木町」駅バス24分 徒歩3～6分</li>
kanagawa,yokohamanishiguchi,ベイシティ本牧南,137800,,,,,,,横浜市中区本牧原21,2号棟,鉄筋コンクリート造,6,N,608号室,1K,54,12,132800,5000,2か月,['近居割'],随時,https://www.ur-net.go.jp/chintai/kanto/kanagawa/40_3820_room.html?JKSS=000020608,<li>JR京浜東北・根岸線「根岸」駅バス13分 徒歩3～6分</li><li>みなとみらい線「元町・中華街」駅バス13分 徒歩3～6分</li><li>JR京浜東北・根岸線「桜木町」駅バス24分 徒歩3～6分</li>
kanagawa,yokohamanishiguchi,ベイシティ本牧南,145600,,,,JR京浜東北・根岸線「根岸」駅,16.0,19.0,横浜市中区本牧原21,4号棟,鉄筋コンクリート造,6,N,605号室,1LDK,54,8,140600,5000,2か月,['近居割'],随時,https://www.ur-net.go.jp/chintai/kanto/kanagawa/40_3820_room.html?JKSS=000040605,<li>JR京浜東北・根岸線「根岸」駅バス13分 徒歩3～6分</li><li>みなとみらい線「元町・中華街」駅バス13分 徒歩3～6分</li><li>JR京浜東北・根岸線「桜木町」駅バス24分 徒歩3～6分</li>
kanagawa,yokohamanishiguchi,ベイシティ本牧南,145600,,,,みなとみらい線「元町・中華街」駅,16.0,19.0,横浜市中区本牧原21,4号棟,鉄筋コンクリート造,6,N,605号室,1LDK,54,8,140600,5000,2か月,['近居割'],随時,https://www.ur-net.go.jp/chintai/kanto/kanagawa/40_3820_room.html?JKSS=000040605,<li>JR京浜東北・根岸線「根岸」駅バス13分 徒歩3～6分</li><li>みなとみらい線「元町・中華街」駅バス13分 徒歩3～6分</li><li>JR京浜東北・根岸線「桜木町」駅バス24分 徒歩3～6分</li>
kanagawa,yokohamanishiguchi,ベイシティ本牧南,145600,,,,JR京浜東北・根岸線「桜木町」駅,27.0,30.0,横浜市中区本牧原21,4号棟,鉄筋コンクリート造,6,N,605号室,1LDK,54,8,140600,5000,2か月,['近居割'],随時,https://www.ur-net.go.jp/chintai/kanto/kanagawa/40_3820_room.html?JKSS=000040605,<li>JR京浜東北・根岸線「根岸」駅バス13分 徒歩3～6分</li><li>みなとみらい線「元町・中華街」駅バス13分 徒歩3～6分</li><li>JR京浜東北・根岸線「桜木町」駅バス24分 徒歩3～6分</li>
kanagawa,yokohamanishiguchi,ベイシティ本牧南,145600,,,,,,,横浜市中区本牧原21,4号棟,鉄筋コンクリート造,6,N,605号室,1LDK,54,8,140600,5000,2か月,['近居割'],随時,https://www.ur-net.go.jp/chintai/kanto/kanagawa/40_3820_room.html?JKSS=000040605,<li>JR京浜東北・根岸線「根岸」駅バス13分 徒歩3～6分</li><li>みなとみらい線「元町・中華街」駅バス13分 徒歩3～6分</li><li>JR京浜東北・根岸線「桜木町」駅バス24分 徒歩3～6分</li>
kanagawa,yokohamanishiguchi,ベイシティ本牧南,156100,,,,JR京浜東北・根岸線「根岸」駅,16.0,19.0,横浜市中区本牧原21,6号棟,鉄筋コンクリート造,10,N,1002号室,2LDK,65,12,151100,5000,2か月,['近居割'],随時,https://www.ur-net.go.jp/chintai/kanto/kanagawa/40_3820_room.html?JKSS=000061002,<li>JR京浜東北・根岸線「根岸」駅バス13分 徒歩3～6分</li><li>みなとみらい線「元町・中華街」駅バス13分 徒歩3～6分</li><li>JR京浜東北・根岸線「桜木町」駅バス24分 徒歩3～6分</li>
kanagawa,yokohamanishiguchi,ベイシティ本牧南,156100,,,,みなとみらい線「元町・中華街」駅,16.0,19.0,横浜市中区本牧原21,6号棟,鉄筋コンクリート造,10,N,1002号室,2LDK,65,12,151100,5000,2か月,['近居割'],随時,https://www.ur-net.go.jp/chintai/kanto/kanagawa/40_3820_room.html?JKSS=000061002,<li>JR京浜東北・根岸線「根岸」駅バス13分 徒歩3～6分</li><li>みなとみらい線「元町・中華街」駅バス13分 徒歩3～6分</li><li>JR京浜東北・根岸線「桜木町」駅バス24分 徒歩3～6分</li>
kanagawa,yokohamanishiguchi,ベイシティ本牧南,156100,,,,JR京浜東北・根岸線「桜木町」駅,27.0,30.0,横浜市中区本牧原21,6号棟,鉄筋コンクリート造,10,N,1002号室,2LDK,65,12,151100,5000,2か月,['近居割'],随時,https://www.ur-net.go.jp/chintai/kanto/kanagawa/40_3820_room.html?JKSS=000061002,<li>JR京浜東北・根岸線「根岸」駅バス13分 徒歩3～6分</li><li>みなとみらい線「元町・中華街」駅バス13分 徒歩3～6分</li><li>JR京浜東北・根岸線「桜木町」駅バス24分 徒歩3～6分</li>
kanagawa,yokohamanishiguchi,ベイシティ本牧南,156100,,,,,,,横浜市中区本牧原21,6号棟,鉄筋コンクリート造,10,N,1002号室,2LDK,65,12,151100,5000,2か月,['近居割'],随時,https://www.ur-net.go.jp/chintai/kanto/kanagawa/40_3820_room.html?JKSS=000061002,<li>JR京浜東北・根岸線「根岸」駅バス13分 徒歩3～6分</li><li>みなとみらい線「元町・中華街」駅バス13分 徒歩3～6分</li><li>JR京浜東北・根岸線「桜木町」駅バス24分 徒歩3～6分</li>
kanagawa,yokohamanishiguchi,ベイシティ本牧南,158700,,,,JR京浜東北・根岸線「根岸」駅,16.0,19.0,横浜市中区本牧原21,4号棟,鉄筋コンクリート造,2,N,207号室,3LDK,78,8,153700,5000,2か月,['近居割'],随時,https://www.ur-net.go.jp/chintai/kanto/kanagawa/40_3820_room.html?JKSS=000040207,<li>JR京浜東北・根岸線「根岸」駅バス13分 徒歩3～6分</li><li>みなとみらい線「元町・中華街」駅バス13分 徒歩3～6分</li><li>JR京浜東北・根岸線「桜木町」駅バス24分 徒歩3～6分</li>
kanagawa,yokohamanishiguchi,ベイシティ本牧南,158700,,,,みなとみらい線「元町・中華街」駅,16.0,19.0,横浜市中区本牧原21,4号棟,鉄筋コンクリート造,2,N,207号室,3LDK,78,8,153700,5000,2か月,['近居割'],随時,https://www.ur-net.go.jp/chintai/kanto/kanagawa/40_3820_room.html?JKSS=000040207,<li>JR京浜東北・根岸線「根岸」駅バス13分 徒歩3～6分</li><li>みなとみらい線「元町・中華街」駅バス13分 徒歩3～6分</li><li>JR京浜東北・根岸線「桜木町」駅バス24分 徒歩3～6分</li>
kanagawa,yokohamanishiguchi,ベイシティ本牧南,158700,,,,JR京浜東北・根岸線「桜木町」駅,27.0,30.0,横浜市中区本牧原21,4号棟,鉄筋コンクリート造,2,N,207号室,3LDK,78,8,153700,5000,2か月,['近居割'],随時,https://www.ur-net.go.jp/chintai/kanto/kanagawa/40_3820_room.html?JKSS=000040207,<li>JR京浜東北・根岸線「根岸」駅バス13分 徒歩3～6分</li><li>みなとみらい線「元町・中華街」駅バス13分 徒歩3～6分</li><li>JR京浜東北・根岸線「桜木町」駅バス24分 徒歩3～6分</li>
kanagawa,yokohamanishiguchi,ベイシティ本牧南,158700,,,,,,,横浜市中区本牧原21,4号棟,鉄筋コンクリート造,2,N,207号室,3LDK,78,8,153700,5000,2か月,['近居割'],随時,https://www.ur-net.go.jp/chintai/kanto/kanagawa/40_3820_room.html?JKSS=000040207,<li>JR京浜東北・根岸線「根岸」駅バス13分 徒歩3～6分</li><li>みなとみらい線「元町・中華街」駅バス13分 徒歩3～6分</li><li>JR京浜東北・根岸線「桜木町」駅バス24分 徒歩3～6分</li>
kanagawa,yokohamanishiguchi,ベイシティ本牧南,165400,,,,JR京浜東北・根岸線「根岸」駅,16.0,19.0,横浜市中区本牧原21,3号棟,鉄筋コンクリート造,11,N,1107号室,3LDK,76,12,160400,5000,2か月,['近居割'],随時,https://www.ur-net.go.jp/chintai/kanto/kanagawa/40_3820_room.html?JKSS=000031107,<li>JR京浜東北・根岸線「根岸」駅バス13分 徒歩3～6分</li><li>みなとみらい線「元町・中華街」駅バス13分 徒歩3～6分</li><li>JR京浜東北・根岸線「桜木町」駅バス24分 徒歩3～6分</li>
kanagawa,yokohamanishiguchi,ベイシティ本牧南,165400,,,,みなとみらい線「元町・中華街」駅,16.0,19.0,横浜市中区本牧原21,3号棟,鉄筋コンクリート造,11,N,1107号室,3LDK,76,12,160400,5000,2か月,['近居割'],随時,https://www.ur-net.go.jp/chintai/kanto/kanagawa/40_3820_room.html?JKSS=000031107,<li>JR京浜東北・根岸線「根岸」駅バス13分 徒歩3～6分</li><li>みなとみらい線「元町・中華街」駅バス13分 徒歩3～6分</li><li>JR京浜東北・根岸線「桜木町」駅バス24分 徒歩3～6分</li>
kanagawa,yokohamanishiguchi,ベイシティ本牧南,165400,,,,JR京浜東北・根岸線「桜木町」駅,27.0,30.0,横浜市中区本牧原21,3号棟,鉄筋コンクリート造,11,N,1107号室,3LDK,76,12,160400,5000,2か月,['近居割'],随時,https://www.ur-net.go.jp/chintai/kanto/kanagawa/40_3820_room.html?JKSS=000031107,<li>JR京浜東北・根岸線「根岸」駅バス13分 徒歩3～6分</li><li>みなとみらい線「元町・中華街」駅バス13分 徒歩3～6分</li><li>JR京浜東北・根岸線「桜木町」駅バス24分 徒歩3～6分</li>
kanagawa,yokohamanishiguchi,ベイシティ本牧南,165400,,,,,,,横浜市中区本牧原21,3号棟,鉄筋コンクリート造,11,N,1107号室,3LDK,76,12,160400,5000,2か月,['近居割'],随時,https://www.ur-net.go.jp/chintai/kanto/kanagawa/40_3820_room.html?JKSS=000031107,<li>JR京浜東北・根岸線「根岸」駅バス13分 徒歩3～6分</li><li>みなとみらい線「元町・中華街」駅バス13分 徒歩3～6分</li><li>JR京浜東北・根岸線「桜木町」駅バス24分 徒歩3～6分</li>
kanagawa,yokohamanishiguchi,ベイサイト本牧－Ⅱ,141400,,,,JR京浜東北・根岸線「根岸」駅,15.0,16.0,横浜市中区本牧原11-2ほか,1号棟,鉄筋コンクリート造、鉄骨鉄筋コンクリート造,2,N,206号室,3LDK,70,12,137400,4000,2か月,['近居割'],随時,https://www.ur-net.go.jp/chintai/kanto/kanagawa/40_2760_room.html?JKSS=000010206,<li>JR京浜東北・根岸線「根岸」駅バス13分 徒歩2～3分</li><li>みなとみらい線「元町・中華街」駅バス14分 徒歩2～3分</li><li>JR京浜東北・根岸線「桜木町」駅バス24分 徒歩2～3分</li>
kanagawa,yokohamanishiguchi,ベイサイト本牧－Ⅱ,141400,,,,みなとみらい線「元町・中華街」駅,16.0,17.0,横浜市中区本牧原11-2ほか,1号棟,鉄筋コンクリート造、鉄骨鉄筋コンクリート造,2,N,206号室,3LDK,70,12,137400,4000,2か月,['近居割'],随時,https://www.ur-net.go.jp/chintai/kanto/kanagawa/40_2760_room.html?JKSS=000010206,<li>JR京浜東北・根岸線「根岸」駅バス13分 徒歩2～3分</li><li>みなとみらい線「元町・中華街」駅バス14分 徒歩2～3分</li><li>JR京浜東北・根岸線「桜木町」駅バス24分 徒歩2～3分</li>
kanagawa,yokohamanishiguchi,ベイサイト本牧－Ⅱ,141400,,,,JR京浜東北・根岸線「桜木町」駅,26.0,27.0,横浜市中区本牧原11-2ほか,1号棟,鉄筋コンクリート造、鉄骨鉄筋コンクリート造,2,N,206号室,3LDK,70,12,137400,4000,2か月,['近居割'],随時,https://www.ur-net.go.jp/chintai/kanto/kanagawa/40_2760_room.html?JKSS=000010206,<li>JR京浜東北・根岸線「根岸」駅バス13分 徒歩2～3分</li><li>みなとみらい線「元町・中華街」駅バス14分 徒歩2～3分</li><li>JR京浜東北・根岸線「桜木町」駅バス24分 徒歩2～3分</li>
kanagawa,yokohamanishiguchi,ベイサイト本牧－Ⅱ,141400,,,,,,,横浜市中区本牧原11-2ほか,1号棟,鉄筋コンクリート造、鉄骨鉄筋コンクリート造,2,N,206号室,3LDK,70,12,137400,4000,2か月,['近居割'],随時,https://www.ur-net.go.jp/chintai/kanto/kanagawa/40_2760_room.html?JKSS=000010206,<li>JR京浜東北・根岸線「根岸」駅バス13分 徒歩2～3分</li><li>みなとみらい線「元町・中華街」駅バス14分 徒歩2～3分</li><li>JR京浜東北・根岸線「桜木町」駅バス24分 徒歩2～3分</li>
kanagawa,futamatagawa,左近山,70600,,,,相鉄本線「二俣川」駅,14.0,23.0,横浜市旭区左近山16-1ほか,8-7号棟,鉄筋コンクリート造、鉄骨鉄筋コンクリート造,5,N,503号室,2LDK,50,5,65800,4800,2か月,"['近居割', '近居割WIDE']",随時,https://www.ur-net.go.jp/chintai/kanto/kanagawa/40_1180_room.html?JKSS=008070503,<li>相鉄本線「二俣川」駅バス13～17分 徒歩1～6分</li><li>JR横須賀線「東戸塚」駅バス25～31分 徒歩1～6分</li><li>相鉄本線「鶴ヶ峰」駅バス24～29分 徒歩1～6分</li>
kanagawa,futamatagawa,左近山,70600,,,,JR横須賀線「東戸塚」駅,26.0,37.0,横浜市旭区左近山16-1ほか,8-7号棟,鉄筋コンクリート造、鉄骨鉄筋コンクリート造,5,N,503号室,2LDK,50,5,65800,4800,2か月,"['近居割', '近居割WIDE']",随時,https://www.ur-net.go.jp/chintai/kanto/kanagawa/40_1180_room.html?JKSS=008070503,<li>相鉄本線「二俣川」駅バス13～17分 徒歩1～6分</li><li>JR横須賀線「東戸塚」駅バス25～31分 徒歩1～6分</li><li>相鉄本線「鶴ヶ峰」駅バス24～29分 徒歩1～6分</li>
kanagawa,futamatagawa,左近山,70600,,,,相鉄本線「鶴ヶ峰」駅,25.0,35.0,横浜市旭区左近山16-1ほか,8-7号棟,鉄筋コンクリート造、鉄骨鉄筋コンクリート造,5,N,503号室,2LDK,50,5,65800,4800,2か月,"['近居割', '近居割WIDE']",随時,https://www.ur-net.go.jp/chintai/kanto/kanagawa/40_1180_room.html?JKSS=008070503,<li>相鉄本線「二俣川」駅バス13～17分 徒歩1～6分</li><li>JR横須賀線「東戸塚」駅バス25～31分 徒歩1～6分</li><li>相鉄本線「鶴ヶ峰」駅バス24～29分 徒歩1～6分</li>
kanagawa,futamatagawa,左近山,70600,,,,,,,横浜市旭区左近山16-1ほか,8-7号棟,鉄筋コンクリート造、鉄骨鉄筋コンクリート造,5,N,503号室,2LDK,50,5,65800,4800,2か月,"['近居割', '近居割WIDE']",随時,https://www.ur-net.go.jp/chintai/kanto/kanagawa/40_1180_room.html?JKSS=008070503,<li>相鉄本線「二俣川」駅バス13～17分 徒歩1～6分</li><li>JR横須賀線「東戸塚」駅バス25～31分 徒歩1～6分</li><li>相鉄本線「鶴ヶ峰」駅バス24～29分 徒歩1～6分</li>
kanagawa,futamatagawa,左近山,70600,,,,相鉄本線「二俣川」駅,14.0,23.0,横浜市旭区左近山16-1ほか,8-16号棟,鉄筋コンクリート造、鉄骨鉄筋コンクリート造,5,N,503号室,3K,50,5,65800,4800,2か月,"['近居割', '近居割WIDE']",随時,https://www.ur-net.go.jp/chintai/kanto/kanagawa/40_1180_room.html?JKSS=008160503,<li>相鉄本線「二俣川」駅バス13～17分 徒歩1～6分</li><li>JR横須賀線「東戸塚」駅バス25～31分 徒歩1～6分</li><li>相鉄本線「鶴ヶ峰」駅バス24～29分 徒歩1～6分</li>
kanagawa,futamatagawa,左近山,70600,,,,JR横須賀線「東戸塚」駅,26.0,37.0,横浜市旭区左近山16-1ほか,8-16号棟,鉄筋コンクリート造、鉄骨鉄筋コンクリート造,5,N,503号室,3K,50,5,65800,4800,2か月,"['近居割', '近居割WIDE']",随時,https://www.ur-net.go.jp/chintai/kanto/kanagawa/40_1180_room.html?JKSS=008160503,<li>相鉄本線「二俣川」駅バス13～17分 徒歩1～6分</li><li>JR横須賀線「東戸塚」駅バス25～31分 徒歩1～6分</li><li>相鉄本線「鶴ヶ峰」駅バス24～29分 徒歩1～6分</li>
kanagawa,futamatagawa,左近山,70600,,,,相鉄本線「鶴ヶ峰」駅,25.0,35.0,横浜市旭区左近山16-1ほか,8-16号棟,鉄筋コンクリート造、鉄骨鉄筋コンクリート造,5,N,503号室,3K,50,5,65800,4800,2か月,"['近居割', '近居割WIDE']",随時,https://www.ur-net.go.jp/chintai/kanto/kanagawa/40_1180_room.html?JKSS=008160503,<li>相鉄本線「二俣川」駅バス13～17分 徒歩1～6分</li><li>JR横須賀線「東戸塚」駅バス25～31分 徒歩1～6分</li><li>相鉄本線「鶴ヶ峰」駅バス24～29分 徒歩1～6分</li>
kanagawa,futamatagawa,左近山,70600,,,,,,,横浜市旭区左近山16-1ほか,8-16号棟,鉄筋コンクリート造、鉄骨鉄筋コンクリート造,5,N,503号室,3K,50,5,65800,4800,2か月,"['近居割', '近居割WIDE']",随時,https://www.ur-net.go.jp/chintai/kanto/kanagawa/40_1180_room.html?JKSS=008160503,<li>相鉄本線「二俣川」駅バス13～17分 徒歩1～6分</li><li>JR横須賀線「東戸塚」駅バス25～31分 徒歩1～6分</li><li>相鉄本線「鶴ヶ峰」駅バス24～29分 徒歩1～6分</li>
kanagawa,futamatagawa,左近山,71900,,,,相鉄本線「二俣川」駅,14.0,23.0,横浜市旭区左近山16-1ほか,8-12号棟,鉄筋コンクリート造、鉄骨鉄筋コンクリート造,5,N,502号室,2LDK,50,5,67100,4800,2か月,"['近居割', '近居割WIDE']",随時,https://www.ur-net.go.jp/chintai/kanto/kanagawa/40_1180_room.html?JKSS=008120502,<li>相鉄本線「二俣川」駅バス13～17分 徒歩1～6分</li><li>JR横須賀線「東戸塚」駅バス25～31分 徒歩1～6分</li><li>相鉄本線「鶴ヶ峰」駅バス24～29分 徒歩1～6分</li>
kanagawa,futamatagawa,左近山,71900,,,,JR横須賀線「東戸塚」駅,26.0,37.0,横浜市旭区左近山16-1ほか,8-12号棟,鉄筋コンクリート造、鉄骨鉄筋コンクリート造,5,N,502号室,2LDK,50,5,67100,4800,2か月,"['近居割', '近居割WIDE']",随時,https://www.ur-net.go.jp/chintai/kanto/kanagawa/40_1180_room.html?JKSS=008120502,<li>相鉄本線「二俣川」駅バス13～17分 徒歩1～6分</li><li>JR横須賀線「東戸塚」駅バス25～31分 徒歩1～6分</li><li>相鉄本線「鶴ヶ峰」駅バス24～29分 徒歩1～6分</li>
kanagawa,futamatagawa,左近山,71900,,,,相鉄本線「鶴ヶ峰」駅,25.0,35.0,横浜市旭区左近山16-1ほか,8-12号棟,鉄筋コンクリート造、鉄骨鉄筋コンクリート造,5,N,502号室,2LDK,50,5,67100,4800,2か月,"['近居割', '近居割WIDE']",随時,https://www.ur-net.go.jp/chintai/kanto/kanagawa/40_1180_room.html?JKSS=008120502,<li>相鉄本線「二俣川」駅バス13～17分 徒歩1～6分</li><li>JR横須賀線「東戸塚」駅バス25～31分 徒歩1～6分</li><li>相鉄本線「鶴ヶ峰」駅バス24～29分 徒歩1～6分</li>
kanagawa,futamatagawa,左近山,71900,,,,,,,横浜市旭区左近山16-1ほか,8-12号棟,鉄筋コンクリート造、鉄骨鉄筋コンクリート造,5,N,502号室,2LDK,50,5,67100,4800,2か月,"['近居割', '近居割WIDE']",随時,https://www.ur-net.go.jp/chintai/kanto/kanagawa/40_1180_room.html?JKSS=008120502,<li>相鉄本線「二俣川」駅バス13～17分 徒歩1～6分</li><li>JR横須賀線「東戸塚」駅バス25～31分 徒歩1～6分</li><li>相鉄本線「鶴ヶ峰」駅バス24～29分 徒歩1～6分</li>
kanagawa,futamatagawa,左近山,73500,,,,相鉄本線「二俣川」駅,14.0,23.0,横浜市旭区左近山16-1ほか,7-8号棟,鉄筋コンクリート造、鉄骨鉄筋コンクリート造,4,N,405号室,2LDK,50,5,68700,4800,2か月,"['近居割', '近居割WIDE']",随時,https://www.ur-net.go.jp/chintai/kanto/kanagawa/40_1180_room.html?JKSS=007080405,<li>相鉄本線「二俣川」駅バス13～17分 徒歩1～6分</li><li>JR横須賀線「東戸塚」駅バス25～31分 徒歩1～6分</li><li>相鉄本線「鶴ヶ峰」駅バス24～29分 徒歩1～6分</li>
kanagawa,futamatagawa,左近山,73500,,,,JR横須賀線「東戸塚」駅,26.0,37.0,横浜市旭区左近山16-1ほか,7-8号棟,鉄筋コンクリート造、鉄骨鉄筋コンクリート造,4,N,405号室,2LDK,50,5,68700,4800,2か月,"['近居割', '近居割WIDE']",随時,https://www.ur-net.go.jp/chintai/kanto/kanagawa/40_1180_room.html?JKSS=007080405,<li>相鉄本線「二俣川」駅バス13～17分 徒歩1～6分</li><li>JR横須賀線「東戸塚」駅バス25～31分 徒歩1～6分</li><li>相鉄本線「鶴ヶ峰」駅バス24～29分 徒歩1～6分</li>
kanagawa,futamatagawa,左近山,73500,,,,相鉄本線「鶴ヶ峰」駅,25.0,35.0,横浜市旭区左近山16-1ほか,7-8号棟,鉄筋コンクリート造、鉄骨鉄筋コンクリート造,4,N,405号室,2LDK,50,5,68700,4800,2か月,"['近居割', '近居割WIDE']",随時,https://www.ur-net.go.jp/chintai/kanto/kanagawa/40_1180_room.html?JKSS=007080405,<li>相鉄本線「二俣川」駅バス13～17分 徒歩1～6分</li><li>JR横須賀線「東戸塚」駅バス25～31分 徒歩1～6分</li><li>相鉄本線「鶴ヶ峰」駅バス24～29分 徒歩1～6分</li>
kanagawa,futamatagawa,左近山,73500,,,,,,,横浜市旭区左近山16-1ほか,7-8号棟,鉄筋コンクリート造、鉄骨鉄筋コンクリート造,4,N,405号室,2LDK,50,5,68700,4800,2か月,"['近居割', '近居割WIDE']",随時,https://www.ur-net.go.jp/chintai/kanto/kanagawa/40_1180_room.html?JKSS=007080405,<li>相鉄本線「二俣川」駅バス13～17分 徒歩1～6分</li><li>JR横須賀線「東戸塚」駅バス25～31分 徒歩1～6分</li><li>相鉄本線「鶴ヶ峰」駅バス24～29分 徒歩1～6分</li>
kanagawa,futamatagawa,左近山,73500,,,,相鉄本線「二俣川」駅,14.0,23.0,横浜市旭区左近山16-1ほか,8-11号棟,鉄筋コンクリート造、鉄骨鉄筋コンクリート造,4,N,402号室,2LDK,50,5,68700,4800,2か月,"['近居割', '近居割WIDE']",随時,https://www.ur-net.go.jp/chintai/kanto/kanagawa/40_1180_room.html?JKSS=008110402,<li>相鉄本線「二俣川」駅バス13～17分 徒歩1～6分</li><li>JR横須賀線「東戸塚」駅バス25～31分 徒歩1～6分</li><li>相鉄本線「鶴ヶ峰」駅バス24～29分 徒歩1～6分</li>
kanagawa,futamatagawa,左近山,73500,,,,JR横須賀線「東戸塚」駅,26.0,37.0,横浜市旭区左近山16-1ほか,8-11号棟,鉄筋コンクリート造、鉄骨鉄筋コンクリート造,4,N,402号室,2LDK,50,5,68700,4800,2か月,"['近居割', '近居割WIDE']",随時,https://www.ur-net.go.jp/chintai/kanto/kanagawa/40_1180_room.html?JKSS=008110402,<li>相鉄本線「二俣川」駅バス13～17分 徒歩1～6分</li><li>JR横須賀線「東戸塚」駅バス25～31分 徒歩1～6分</li><li>相鉄本線「鶴ヶ峰」駅バス24～29分 徒歩1～6分</li>
kanagawa,futamatagawa,左近山,73500,,,,相鉄本線「鶴ヶ峰」駅,25.0,35.0,横浜市旭区左近山16-1ほか,8-11号棟,鉄筋コンクリート造、鉄骨鉄筋コンクリート造,4,N,402号室,2LDK,50,5,68700,4800,2か月,"['近居割', '近居割WIDE']",随時,https://www.ur-net.go.jp/chintai/kanto/kanagawa/40_1180_room.html?JKSS=008110402,<li>相鉄本線「二俣川」駅バス13～17分 徒歩1～6分</li><li>JR横須賀線「東戸塚」駅バス25～31分 徒歩1～6分</li><li>相鉄本線「鶴ヶ峰」駅バス24～29分 徒歩1～6分</li>
kanagawa,futamatagawa,左近山,73500,,,,,,,横浜市旭区左近山16-1ほか,8-11号棟,鉄筋コンクリート造、鉄骨鉄筋コンクリート造,4,N,402号室,2LDK,50,5,68700,4800,2か月,"['近居割', '近居割WIDE']",随時,https://www.ur-net.go.jp/chintai/kanto/kanagawa/40_1180_room.html?JKSS=008110402,<li>相鉄本線「二俣川」駅バス13～17分 徒歩1～6分</li><li>JR横須賀線「東戸塚」駅バス25～31分 徒歩1～6分</li><li>相鉄本線「鶴ヶ峰」駅バス24～29分 徒歩1～6分</li>
kanagawa,futamatagawa,アーバンドエル瀬谷,125500,相鉄本線「瀬谷」駅,9.0,12.0,,,,横浜市瀬谷区橋戸1-35,15号棟,鉄筋コンクリート造,2,N,202号室,2LDK,67,4,120700,4800,2か月,['近居割'],随時,https://www.ur-net.go.jp/chintai/kanto/kanagawa/40_3850_room.html?JKSS=000150202,<li>相鉄本線「瀬谷」駅 徒歩9～12分</li><li>横浜市営地下鉄ブルーライン「立場」駅バス26分 徒歩7～9分</li><li>小田急江ノ島線「大和」駅 徒歩33～35分</li>
kanagawa,futamatagawa,アーバンドエル瀬谷,125500,,,,横浜市営地下鉄ブルーライン「立場」駅,33.0,35.0,横浜市瀬谷区橋戸1-35,15号棟,鉄筋コンクリート造,2,N,202号室,2LDK,67,4,120700,4800,2か月,['近居割'],随時,https://www.ur-net.go.jp/chintai/kanto/kanagawa/40_3850_room.html?JKSS=000150202,<li>相鉄本線「瀬谷」駅 徒歩9～12分</li><li>横浜市営地下鉄ブルーライン「立場」駅バス26分 徒歩7～9分</li><li>小田急江ノ島線「大和」駅 徒歩33～35分</li>
kanagawa,futamatagawa,アーバンドエル瀬谷,125500,小田急江ノ島線「大和」駅,33.0,35.0,,,,横浜市瀬谷区橋戸1-35,15号棟,鉄筋コンクリート造,2,N,202号室,2LDK,67,4,120700,4800,2か月,['近居割'],随時,https://www.ur-net.go.jp/chintai/kanto/kanagawa/40_3850_room.html?JKSS=000150202,<li>相鉄本線「瀬谷」駅 徒歩9～12分</li><li>横浜市営地下鉄ブルーライン「立場」駅バス26分 徒歩7～9分</li><li>小田急江ノ島線「大和」駅 徒歩33～35分</li>
kanagawa,futamatagawa,アーバンドエル瀬谷,125500,,,,,,,横浜市瀬谷区橋戸1-35,15号棟,鉄筋コンクリート造,2,N,202号室,2LDK,67,4,120700,4800,2か月,['近居割'],随時,https://www.ur-net.go.jp/chintai/kanto/kanagawa/40_3850_room.html?JKSS=000150202,<li>相鉄本線「瀬谷」駅 徒歩9～12分</li><li>横浜市営地下鉄ブルーライン「立場」駅バス26分 徒歩7～9分</li><li>小田急江ノ島線「大和」駅 徒歩33～35分</li>
kanagawa,futamatagawa,アーバンドエル瀬谷,129200,相鉄本線「瀬谷」駅,9.0,12.0,,,,横浜市瀬谷区橋戸1-35,14号棟,鉄筋コンクリート造,4,N,403号室,2LDK,67,4,124400,4800,2か月,['近居割'],随時,https://www.ur-net.go.jp/chintai/kanto/kanagawa/40_3850_room.html?JKSS=000140403,<li>相鉄本線「瀬谷」駅 徒歩9～12分</li><li>横浜市営地下鉄ブルーライン「立場」駅バス26分 徒歩7～9分</li><li>小田急江ノ島線「大和」駅 徒歩33～35分</li>
kanagawa,futamatagawa,アーバンドエル瀬谷,129200,,,,横浜市営地下鉄ブルーライン「立場」駅,33.0,35.0,横浜市瀬谷区橋戸1-35,14号棟,鉄筋コンクリート造,4,N,403号室,2LDK,67,4,124400,4800,2か月,['近居割'],随時,https://www.ur-net.go.jp/chintai/kanto/kanagawa/40_3850_room.html?JKSS=000140403,<li>相鉄本線「瀬谷」駅 徒歩9～12分</li><li>横浜市営地下鉄ブルーライン「立場」駅バス26分 徒歩7～9分</li><li>小田急江ノ島線「大和」駅 徒歩33～35分</li>
kanagawa,futamatagawa,アーバンドエル瀬谷,129200,小田急江ノ島線「大和」駅,33.0,35.0,,,,横浜市瀬谷区橋戸1-35,14号棟,鉄筋コンクリート造,4,N,403号室,2LDK,67,4,124400,4800,2か月,['近居割'],随時,https://www.ur-net.go.jp/chintai/kanto/kanagawa/40_3850_room.html?JKSS=000140403,<li>相鉄本線「瀬谷」駅 徒歩9～12分</li><li>横浜市営地下鉄ブルーライン「立場」駅バス26分 徒歩7～9分</li><li>小田急江ノ島線「大和」駅 徒歩33～35分</li>
kanagawa,futamatagawa,アーバンドエル瀬谷,129200,,,,,,,横浜市瀬谷区橋戸1-35,14号棟,鉄筋コンクリート造,4,N,403号室,2LDK,67,4,124400,4800,2か月,['近居割'],随時,https://www.ur-net.go.jp/chintai/kanto/kanagawa/40_3850_room.html?JKSS=000140403,<li>相鉄本線「瀬谷」駅 徒歩9～12分</li><li>横浜市営地下鉄ブルーライン「立場」駅バス26分 徒歩7～9分</li><li>小田急江ノ島線「大和」駅 徒歩33～35分</li>
kanagawa,futamatagawa,南永田第二,80200,,,,京急本線「弘明寺」駅,12.0,13.0,横浜市南区永田みなみ台3,3-3号棟,鉄筋コンクリート造,5,N,504号室,3K,50,5,71400,8800,2か月,"['近居割', '近居割WIDE']",随時,https://www.ur-net.go.jp/chintai/kanto/kanagawa/40_1870_room.html?JKSS=003003504,<li>京急本線「弘明寺」駅バス10分 徒歩2～3分</li><li>京急本線「井土ヶ谷」駅 徒歩16～20分</li><li>JR横須賀線「保土ケ谷」駅バス3分 徒歩10～13分</li>
kanagawa,futamatagawa,南永田第二,80200,京急本線「井土ヶ谷」駅,16.0,20.0,,,,横浜市南区永田みなみ台3,3-3号棟,鉄筋コンクリート造,5,N,504号室,3K,50,5,71400,8800,2か月,"['近居割', '近居割WIDE']",随時,https://www.ur-net.go.jp/chintai/kanto/kanagawa/40_1870_room.html?JKSS=003003504,<li>京急本線「弘明寺」駅バス10分 徒歩2～3分</li><li>京急本線「井土ヶ谷」駅 徒歩16～20分</li><li>JR横須賀線「保土ケ谷」駅バス3分 徒歩10～13分</li>
kanagawa,futamatagawa,南永田第二,80200,,,,JR横須賀線「保土ケ谷」駅,13.0,16.0,横浜市南区永田みなみ台3,3-3号棟,鉄筋コンクリート造,5,N,504号室,3K,50,5,71400,8800,2か月,"['近居割', '近居割WIDE']",随時,https://www.ur-net.go.jp/chintai/kanto/kanagawa/40_1870_room.html?JKSS=003003504,<li>京急本線「弘明寺」駅バス10分 徒歩2～3分</li><li>京急本線「井土ヶ谷」駅 徒歩16～20分</li><li>JR横須賀線「保土ケ谷」駅バス3分 徒歩10～13分</li>
kanagawa,futamatagawa,南永田第二,80200,,,,,,,横浜市南区永田みなみ台3,3-3号棟,鉄筋コンクリート造,5,N,504号室,3K,50,5,71400,8800,2か月,"['近居割', '近居割WIDE']",随時,https://www.ur-net.go.jp/chintai/kanto/kanagawa/40_1870_room.html?JKSS=003003504,<li>京急本線「弘明寺」駅バス10分 徒歩2～3分</li><li>京急本線「井土ヶ谷」駅 徒歩16～20分</li><li>JR横須賀線「保土ケ谷」駅バス3分 徒歩10～13分</li>
kanagawa,konandai,洋光台北,85800,JR京浜東北・根岸線「洋光台」駅,8.0,14.0,,,,横浜市磯子区洋光台2-1ほか,1-24号棟,鉄筋コンクリート造、鉄骨鉄筋コンクリート造,3,N,305号室,1LDK,45,5,81500,4300,2か月,"['近居割', '近居割WIDE']",随時,https://www.ur-net.go.jp/chintai/kanto/kanagawa/40_1290_room.html?JKSS=001240305,<li>JR京浜東北・根岸線「洋光台」駅 徒歩8～14分</li><li>横浜市営地下鉄ブルーライン「港南中央」駅バス9～11分 徒歩1～6分</li><li>JR京浜東北・根岸線「港南台」駅 徒歩24～35分</li>
kanagawa,konandai,洋光台北,85800,,,,横浜市営地下鉄ブルーライン「港南中央」駅,10.0,17.0,横浜市磯子区洋光台2-1ほか,1-24号棟,鉄筋コンクリート造、鉄骨鉄筋コンクリート造,3,N,305号室,1LDK,45,5,81500,4300,2か月,"['近居割', '近居割WIDE']",随時,https://www.ur-net.go.jp/chintai/kanto/kanagawa/40_1290_room.html?JKSS=001240305,<li>JR京浜東北・根岸線「洋光台」駅 徒歩8～14分</li><li>横浜市営地下鉄ブルーライン「港南中央」駅バス9～11分 徒歩1～6分</li><li>JR京浜東北・根岸線「港南台」駅 徒歩24～35分</li>
kanagawa,konandai,洋光台北,85800,JR京浜東北・根岸線「港南台」駅,24.0,35.0,,,,横浜市磯子区洋光台2-1ほか,1-24号棟,鉄筋コンクリート造、鉄骨鉄筋コンクリート造,3,N,305号室,1LDK,45,5,81500,4300,2か月,"['近居割', '近居割WIDE']",随時,https://www.ur-net.go.jp/chintai/kanto/kanagawa/40_1290_room.html?JKSS=001240305,<li>JR京浜東北・根岸線「洋光台」駅 徒歩8～14分</li><li>横浜市営地下鉄ブルーライン「港南中央」駅バス9～11分 徒歩1～6分</li><li>JR京浜東北・根岸線「港南台」駅 徒歩24～35分</li>
kanagawa,konandai,洋光台北,85800,,,,,,,横浜市磯子区洋光台2-1ほか,1-24号棟,鉄筋コンクリート造、鉄骨鉄筋コンクリート造,3,N,305号室,1LDK,45,5,81500,4300,2か月,"['近居割', '近居割WIDE']",随時,https://www.ur-net.go.jp/chintai/kanto/kanagawa/40_1290_room.html?JKSS=001240305,<li>JR京浜東北・根岸線「洋光台」駅 徒歩8～14分</li><li>横浜市営地下鉄ブルーライン「港南中央」駅バス9～11分 徒歩1～6分</li><li>JR京浜東北・根岸線「港南台」駅 徒歩24～35分</li>
kanagawa,konandai,洋光台北,87400,JR京浜東北・根岸線「洋光台」駅,8.0,14.0,,,,横浜市磯子区洋光台2-1ほか,3-14号棟,鉄筋コンクリート造、鉄骨鉄筋コンクリート造,5,N,503号室,3K,47,5,83100,4300,2か月,"['近居割', '近居割WIDE']",随時,https://www.ur-net.go.jp/chintai/kanto/kanagawa/40_1290_room.html?JKSS=003140503,<li>JR京浜東北・根岸線「洋光台」駅 徒歩8～14分</li><li>横浜市営地下鉄ブルーライン「港南中央」駅バス9～11分 徒歩1～6分</li><li>JR京浜東北・根岸線「港南台」駅 徒歩24～35分</li>
kanagawa,konandai,洋光台北,87400,,,,横浜市営地下鉄ブルーライン「港南中央」駅,10.0,17.0,横浜市磯子区洋光台2-1ほか,3-14号棟,鉄筋コンクリート造、鉄骨鉄筋コンクリート造,5,N,503号室,3K,47,5,83100,4300,2か月,"['近居割', '近居割WIDE']",随時,https://www.ur-net.go.jp/chintai/kanto/kanagawa/40_1290_room.html?JKSS=003140503,<li>JR京浜東北・根岸線「洋光台」駅 徒歩8～14分</li><li>横浜市営地下鉄ブルーライン「港南中央」駅バス9～11分 徒歩1～6分</li><li>JR京浜東北・根岸線「港南台」駅 徒歩24～35分</li>
kanagawa,konandai,洋光台北,87400,JR京浜東北・根岸線「港南台」駅,24.0,35.0,,,,横浜市磯子区洋光台2-1ほか,3-14号棟,鉄筋コンクリート造、鉄骨鉄筋コンクリート造,5,N,503号室,3K,47,5,83100,4300,2か月,"['近居割', '近居割WIDE']",随時,https://www.ur-net.go.jp/chintai/kanto/kanagawa/40_1290_room.html?JKSS=003140503,<li>JR京浜東北・根岸線「洋光台」駅 徒歩8～14分</li><li>横浜市営地下鉄ブルーライン「港南中央」駅バス9～11分 徒歩1～6分</li><li>JR京浜東北・根岸線「港南台」駅 徒歩24～35分</li>
kanagawa,konandai,洋光台北,87400,,,,,,,横浜市磯子区洋光台2-1ほか,3-14号棟,鉄筋コンクリート造、鉄骨鉄筋コンクリート造,5,N,503号室,3K,47,5,83100,4300,2か月,"['近居割', '近居割WIDE']",随時,https://www.ur-net.go.jp/chintai/kanto/kanagawa/40_1290_room.html?JKSS=003140503,<li>JR京浜東北・根岸線「洋光台」駅 徒歩8～14分</li><li>横浜市営地下鉄ブルーライン「港南中央」駅バス9～11分 徒歩1～6分</li><li>JR京浜東北・根岸線「港南台」駅 徒歩24～35分</li>
kanagawa,konandai,洋光台中央,96900,JR京浜東北・根岸線「洋光台」駅,1.0,5.0,,,,横浜市磯子区洋光台3-13ほか,1-4号棟,鉄骨鉄筋コンクリート造,10,N,1004号室,1LDK,44,11,92500,4400,2か月,['URライト（4年定借）'],随時,https://www.ur-net.go.jp/chintai/kanto/kanagawa/40_1300_room.html?JKSS=001041004,<li>JR京浜東北・根岸線「洋光台」駅 徒歩1～5分</li><li>京急本線「上大岡」駅バス21分 徒歩1～5分</li><li>横浜市営地下鉄ブルーライン「港南中央」駅バス18分 徒歩1～5分</li>
kanagawa,konandai,洋光台中央,96900,,,,京急本線「上大岡」駅,22.0,26.0,横浜市磯子区洋光台3-13ほか,1-4号棟,鉄骨鉄筋コンクリート造,10,N,1004号室,1LDK,44,11,92500,4400,2か月,['URライト（4年定借）'],随時,https://www.ur-net.go.jp/chintai/kanto/kanagawa/40_1300_room.html?JKSS=001041004,<li>JR京浜東北・根岸線「洋光台」駅 徒歩1～5分</li><li>京急本線「上大岡」駅バス21分 徒歩1～5分</li><li>横浜市営地下鉄ブルーライン「港南中央」駅バス18分 徒歩1～5分</li>
kanagawa,konandai,洋光台中央,96900,,,,横浜市営地下鉄ブルーライン「港南中央」駅,19.0,23.0,横浜市磯子区洋光台3-13ほか,1-4号棟,鉄骨鉄筋コンクリート造,10,N,1004号室,1LDK,44,11,92500,4400,2か月,['URライト（4年定借）'],随時,https://www.ur-net.go.jp/chintai/kanto/kanagawa/40_1300_room.html?JKSS=001041004,<li>JR京浜東北・根岸線「洋光台」駅 徒歩1～5分</li><li>京急本線「上大岡」駅バス21分 徒歩1～5分</li><li>横浜市営地下鉄ブルーライン「港南中央」駅バス18分 徒歩1～5分</li>
kanagawa,konandai,洋光台中央,96900,,,,,,,横浜市磯子区洋光台3-13ほか,1-4号棟,鉄骨鉄筋コンクリート造,10,N,1004号室,1LDK,44,11,92500,4400,2か月,['URライト（4年定借）'],随時,https://www.ur-net.go.jp/chintai/kanto/kanagawa/40_1300_room.html?JKSS=001041004,<li>JR京浜東北・根岸線「洋光台」駅 徒歩1～5分</li><li>京急本線「上大岡」駅バス21分 徒歩1～5分</li><li>横浜市営地下鉄ブルーライン「港南中央」駅バス18分 徒歩1～5分</li>
kanagawa,konandai,磯子三丁目,101100,JR京浜東北・根岸線「磯子」駅,4.0,5.0,,,,横浜市磯子区磯子3-6,1号棟,鉄骨鉄筋コンクリート造,6,N,619号室,1LDK,47,16,98500,2600,2か月,"['近居割', '近居割WIDE']",随時,https://www.ur-net.go.jp/chintai/kanto/kanagawa/40_1480_room.html?JKSS=000010619,<li>JR京浜東北・根岸線「磯子」駅 徒歩4～5分</li><li>JR京浜東北・根岸線「根岸」駅バス8分 徒歩2分</li><li>京急本線「屏風浦」駅バス7分 徒歩1分</li>
kanagawa,konandai,磯子三丁目,101100,,,,JR京浜東北・根岸線「根岸」駅,10.0,10.0,横浜市磯子区磯子3-6,1号棟,鉄骨鉄筋コンクリート造,6,N,619号室,1LDK,47,16,98500,2600,2か月,"['近居割', '近居割WIDE']",随時,https://www.ur-net.go.jp/chintai/kanto/kanagawa/40_1480_room.html?JKSS=000010619,<li>JR京浜東北・根岸線「磯子」駅 徒歩4～5分</li><li>JR京浜東北・根岸線「根岸」駅バス8分 徒歩2分</li><li>京急本線「屏風浦」駅バス7分 徒歩1分</li>
kanagawa,konandai,磯子三丁目,101100,,,,京急本線「屏風浦」駅,8.0,8.0,横浜市磯子区磯子3-6,1号棟,鉄骨鉄筋コンクリート造,6,N,619号室,1LDK,47,16,98500,2600,2か月,"['近居割', '近居割WIDE']",随時,https://www.ur-net.go.jp/chintai/kanto/kanagawa/40_1480_room.html?JKSS=000010619,<li>JR京浜東北・根岸線「磯子」駅 徒歩4～5分</li><li>JR京浜東北・根岸線「根岸」駅バス8分 徒歩2分</li><li>京急本線「屏風浦」駅バス7分 徒歩1分</li>
kanagawa,konandai,磯子三丁目,101100,,,,,,,横浜市磯子区磯子3-6,1号棟,鉄骨鉄筋コンクリート造,6,N,619号室,1LDK,47,16,98500,2600,2か月,"['近居割', '近居割WIDE']",随時,https://www.ur-net.go.jp/chintai/kanto/kanagawa/40_1480_room.html?JKSS=000010619,<li>JR京浜東北・根岸線「磯子」駅 徒歩4～5分</li><li>JR京浜東北・根岸線「根岸」駅バス8分 徒歩2分</li><li>京急本線「屏風浦」駅バス7分 徒歩1分</li>
kanagawa,seasidetown,金沢シーサイドタウン　並木一丁目第二,106300,シーサイドライン「並木北」駅,6.0,10.0,,,,横浜市金沢区並木1,18-9号棟,鉄筋コンクリート造,3,N,303号室,3DK,66,5,100300,6000,2か月,"['近居割', '近居割WIDE']",随時,https://www.ur-net.go.jp/chintai/kanto/kanagawa/40_1990_room.html?JKSS=018090303,<li>シーサイドライン「並木北」駅 徒歩6～10分</li><li>京急本線「京急富岡」駅 徒歩14～18分</li><li>シーサイドライン「並木中央」駅 徒歩7～13分</li><li>シーサイドライン「鳥浜」駅 徒歩12～13分</li>
kanagawa,seasidetown,金沢シーサイドタウン　並木一丁目第二,106300,京急本線「京急富岡」駅,14.0,18.0,,,,横浜市金沢区並木1,18-9号棟,鉄筋コンクリート造,3,N,303号室,3DK,66,5,100300,6000,2か月,"['近居割', '近居割WIDE']",随時,https://www.ur-net.go.jp/chintai/kanto/kanagawa/40_1990_room.html?JKSS=018090303,<li>シーサイドライン「並木北」駅 徒歩6～10分</li><li>京急本線「京急富岡」駅 徒歩14～18分</li><li>シーサイドライン「並木中央」駅 徒歩7～13分</li><li>シーサイドライン「鳥浜」駅 徒歩12～13分</li>
kanagawa,seasidetown,金沢シーサイドタウン　並木一丁目第二,106300,シーサイドライン「並木中央」駅,7.0,13.0,,,,横浜市金沢区並木1,18-9号棟,鉄筋コンクリート造,3,N,303号室,3DK,66,5,100300,6000,2か月,"['近居割', '近居割WIDE']",随時,https://www.ur-net.go.jp/chintai/kanto/kanagawa/40_1990_room.html?JKSS=018090303,<li>シーサイドライン「並木北」駅 徒歩6～10分</li><li>京急本線「京急富岡」駅 徒歩14～18分</li><li>シーサイドライン「並木中央」駅 徒歩7～13分</li><li>シーサイドライン「鳥浜」駅 徒歩12～13分</li>
kanagawa,seasidetown,金沢シーサイドタウン　並木一丁目第二,106300,シーサイドライン「鳥浜」駅,12.0,13.0,,,,横浜市金沢区並木1,18-9号棟,鉄筋コンクリート造,3,N,303号室,3DK,66,5,100300,6000,2か月,"['近居割', '近居割WIDE']",随時,https://www.ur-net.go.jp/chintai/kanto/kanagawa/40_1990_room.html?JKSS=018090303,<li>シーサイドライン「並木北」駅 徒歩6～10分</li><li>京急本線「京急富岡」駅 徒歩14～18分</li><li>シーサイドライン「並木中央」駅 徒歩7～13分</li><li>シーサイドライン「鳥浜」駅 徒歩12～13分</li>
kanagawa,seasidetown,金沢シーサイドタウン　並木一丁目第二,106300,,,,,,,横浜市金沢区並木1,18-9号棟,鉄筋コンクリート造,3,N,303号室,3DK,66,5,100300,6000,2か月,"['近居割', '近居割WIDE']",随時,https://www.ur-net.go.jp/chintai/kanto/kanagawa/40_1990_room.html?JKSS=018090303,<li>シーサイドライン「並木北」駅 徒歩6～10分</li><li>京急本線「京急富岡」駅 徒歩14～18分</li><li>シーサイドライン「並木中央」駅 徒歩7～13分</li><li>シーサイドライン「鳥浜」駅 徒歩12～13分</li>
kanagawa,seasidetown,金沢シーサイドタウン　柴,118100,,,,京急本線「金沢文庫」駅,14.0,15.0,横浜市金沢区柴町367,3号棟,鉄筋コンクリート造,2,N,205号室,3LDK,70,5,114300,3800,2か月,"['近居割', '近居割WIDE']",随時,https://www.ur-net.go.jp/chintai/kanto/kanagawa/40_2500_room.html?JKSS=000030205,<li>京急本線「金沢文庫」駅バス10分 徒歩4～5分</li><li>シーサイドライン「八景島」駅 徒歩7分</li><li>シーサイドライン「海の公園柴口」駅 徒歩11～12分</li>
kanagawa,seasidetown,金沢シーサイドタウン　柴,118100,シーサイドライン「八景島」駅,7.0,7.0,,,,横浜市金沢区柴町367,3号棟,鉄筋コンクリート造,2,N,205号室,3LDK,70,5,114300,3800,2か月,"['近居割', '近居割WIDE']",随時,https://www.ur-net.go.jp/chintai/kanto/kanagawa/40_2500_room.html?JKSS=000030205,<li>京急本線「金沢文庫」駅バス10分 徒歩4～5分</li><li>シーサイドライン「八景島」駅 徒歩7分</li><li>シーサイドライン「海の公園柴口」駅 徒歩11～12分</li>
kanagawa,seasidetown,金沢シーサイドタウン　柴,118100,シーサイドライン「海の公園柴口」駅,11.0,12.0,,,,横浜市金沢区柴町367,3号棟,鉄筋コンクリート造,2,N,205号室,3LDK,70,5,114300,3800,2か月,"['近居割', '近居割WIDE']",随時,https://www.ur-net.go.jp/chintai/kanto/kanagawa/40_2500_room.html?JKSS=000030205,<li>京急本線「金沢文庫」駅バス10分 徒歩4～5分</li><li>シーサイドライン「八景島」駅 徒歩7分</li><li>シーサイドライン「海の公園柴口」駅 徒歩11～12分</li>
kanagawa,seasidetown,金沢シーサイドタウン　柴,118100,,,,,,,横浜市金沢区柴町367,3号棟,鉄筋コンクリート造,2,N,205号室,3LDK,70,5,114300,3800,2か月,"['近居割', '近居割WIDE']",随時,https://www.ur-net.go.jp/chintai/kanto/kanagawa/40_2500_room.html?JKSS=000030205,<li>京急本線「金沢文庫」駅バス10分 徒歩4～5分</li><li>シーサイドライン「八景島」駅 徒歩7分</li><li>シーサイドライン「海の公園柴口」駅 徒歩11～12分</li>
kanagawa,seasidetown,ビーコンヒル能見台ウエストヒル,126100,京急本線「能見台」駅,11.0,11.0,,,,横浜市金沢区能見台東8,2号棟,鉄筋コンクリート造,11,N,1104号室,1LDK,55,14,120200,5900,2か月,['近居割'],随時,https://www.ur-net.go.jp/chintai/kanto/kanagawa/40_3260_room.html?JKSS=000021104,<li>京急本線「能見台」駅 徒歩11分</li><li>JR京浜東北・根岸線「洋光台」駅バス20分 徒歩7分</li><li>京急本線「京急富岡」駅 徒歩17～18分</li>
kanagawa,seasidetown,ビーコンヒル能見台ウエストヒル,126100,,,,JR京浜東北・根岸線「洋光台」駅,27.0,27.0,横浜市金沢区能見台東8,2号棟,鉄筋コンクリート造,11,N,1104号室,1LDK,55,14,120200,5900,2か月,['近居割'],随時,https://www.ur-net.go.jp/chintai/kanto/kanagawa/40_3260_room.html?JKSS=000021104,<li>京急本線「能見台」駅 徒歩11分</li><li>JR京浜東北・根岸線「洋光台」駅バス20分 徒歩7分</li><li>京急本線「京急富岡」駅 徒歩17～18分</li>
kanagawa,seasidetown,ビーコンヒル能見台ウエストヒル,126100,京急本線「京急富岡」駅,17.0,18.0,,,,横浜市金沢区能見台東8,2号棟,鉄筋コンクリート造,11,N,1104号室,1LDK,55,14,120200,5900,2か月,['近居割'],随時,https://www.ur-net.go.jp/chintai/kanto/kanagawa/40_3260_room.html?JKSS=000021104,<li>京急本線「能見台」駅 徒歩11分</li><li>JR京浜東北・根岸線「洋光台」駅バス20分 徒歩7分</li><li>京急本線「京急富岡」駅 徒歩17～18分</li>
kanagawa,seasidetown,ビーコンヒル能見台ウエストヒル,126100,,,,,,,横浜市金沢区能見台東8,2号棟,鉄筋コンクリート造,11,N,1104号室,1LDK,55,14,120200,5900,2か月,['近居割'],随時,https://www.ur-net.go.jp/chintai/kanto/kanagawa/40_3260_room.html?JKSS=000021104,<li>京急本線「能見台」駅 徒歩11分</li><li>JR京浜東北・根岸線「洋光台」駅バス20分 徒歩7分</li><li>京急本線「京急富岡」駅 徒歩17～18分</li>
kanagawa,seasidetown,ビーコンヒル能見台ウエストヒル,158300,京急本線「能見台」駅,11.0,11.0,,,,横浜市金沢区能見台東8,2号棟,鉄筋コンクリート造,8,N,801号室,3LDK,71,14,152400,5900,2か月,['近居割'],随時,https://www.ur-net.go.jp/chintai/kanto/kanagawa/40_3260_room.html?JKSS=000020801,<li>京急本線「能見台」駅 徒歩11分</li><li>JR京浜東北・根岸線「洋光台」駅バス20分 徒歩7分</li><li>京急本線「京急富岡」駅 徒歩17～18分</li>
kanagawa,seasidetown,ビーコンヒル能見台ウエストヒル,158300,,,,JR京浜東北・根岸線「洋光台」駅,27.0,27.0,横浜市金沢区能見台東8,2号棟,鉄筋コンクリート造,8,N,801号室,3LDK,71,14,152400,5900,2か月,['近居割'],随時,https://www.ur-net.go.jp/chintai/kanto/kanagawa/40_3260_room.html?JKSS=000020801,<li>京急本線「能見台」駅 徒歩11分</li><li>JR京浜東北・根岸線「洋光台」駅バス20分 徒歩7分</li><li>京急本線「京急富岡」駅 徒歩17～18分</li>
kanagawa,seasidetown,ビーコンヒル能見台ウエストヒル,158300,京急本線「京急富岡」駅,17.0,18.0,,,,横浜市金沢区能見台東8,2号棟,鉄筋コンクリート造,8,N,801号室,3LDK,71,14,152400,5900,2か月,['近居割'],随時,https://www.ur-net.go.jp/chintai/kanto/kanagawa/40_3260_room.html?JKSS=000020801,<li>京急本線「能見台」駅 徒歩11分</li><li>JR京浜東北・根岸線「洋光台」駅バス20分 徒歩7分</li><li>京急本線「京急富岡」駅 徒歩17～18分</li>
kanagawa,seasidetown,ビーコンヒル能見台ウエストヒル,158300,,,,,,,横浜市金沢区能見台東8,2号棟,鉄筋コンクリート造,8,N,801号室,3LDK,71,14,152400,5900,2か月,['近居割'],随時,https://www.ur-net.go.jp/chintai/kanto/kanagawa/40_3260_room.html?JKSS=000020801,<li>京急本線「能見台」駅 徒歩11分</li><li>JR京浜東北・根岸線「洋光台」駅バス20分 徒歩7分</li><li>京急本線「京急富岡」駅 徒歩17～18分</li>
kanagawa,seasidetown,ビーコンヒル能見台サウスヒル,160100,京急本線「能見台」駅,6.0,11.0,,,,横浜市金沢区能見台東11,7号棟,鉄筋コンクリート造,6,N,604号室,2LDK,67,11,154400,5700,2か月,['近居割'],随時,https://www.ur-net.go.jp/chintai/kanto/kanagawa/40_3890_room.html?JKSS=000070604,<li>京急本線「能見台」駅 徒歩6～11分</li><li>JR京浜東北・根岸線「磯子」駅バス22分 徒歩9～14分</li><li>京急本線「金沢文庫」駅バス4分 徒歩7～11分</li>
kanagawa,seasidetown,ビーコンヒル能見台サウスヒル,160100,,,,JR京浜東北・根岸線「磯子」駅,31.0,36.0,横浜市金沢区能見台東11,7号棟,鉄筋コンクリート造,6,N,604号室,2LDK,67,11,154400,5700,2か月,['近居割'],随時,https://www.ur-net.go.jp/chintai/kanto/kanagawa/40_3890_room.html?JKSS=000070604,<li>京急本線「能見台」駅 徒歩6～11分</li><li>JR京浜東北・根岸線「磯子」駅バス22分 徒歩9～14分</li><li>京急本線「金沢文庫」駅バス4分 徒歩7～11分</li>
kanagawa,seasidetown,ビーコンヒル能見台サウスヒル,160100,,,,京急本線「金沢文庫」駅,11.0,15.0,横浜市金沢区能見台東11,7号棟,鉄筋コンクリート造,6,N,604号室,2LDK,67,11,154400,5700,2か月,['近居割'],随時,https://www.ur-net.go.jp/chintai/kanto/kanagawa/40_3890_room.html?JKSS=000070604,<li>京急本線「能見台」駅 徒歩6～11分</li><li>JR京浜東北・根岸線「磯子」駅バス22分 徒歩9～14分</li><li>京急本線「金沢文庫」駅バス4分 徒歩7～11分</li>
kanagawa,seasidetown,ビーコンヒル能見台サウスヒル,160100,,,,,,,横浜市金沢区能見台東11,7号棟,鉄筋コンクリート造,6,N,604号室,2LDK,67,11,154400,5700,2か月,['近居割'],随時,https://www.ur-net.go.jp/chintai/kanto/kanagawa/40_3890_room.html?JKSS=000070604,<li>京急本線「能見台」駅 徒歩6～11分</li><li>JR京浜東北・根岸線「磯子」駅バス22分 徒歩9～14分</li><li>京急本線「金沢文庫」駅バス4分 徒歩7～11分</li>
kanagawa,seasidetown,ビーコンヒル能見台サウスヒル,165600,京急本線「能見台」駅,6.0,11.0,,,,横浜市金沢区能見台東11,6号棟,鉄筋コンクリート造,3,N,308号室,3LDK,71,14,159900,5700,2か月,['近居割'],随時,https://www.ur-net.go.jp/chintai/kanto/kanagawa/40_3890_room.html?JKSS=000060308,<li>京急本線「能見台」駅 徒歩6～11分</li><li>JR京浜東北・根岸線「磯子」駅バス22分 徒歩9～14分</li><li>京急本線「金沢文庫」駅バス4分 徒歩7～11分</li>
kanagawa,seasidetown,ビーコンヒル能見台サウスヒル,165600,,,,JR京浜東北・根岸線「磯子」駅,31.0,36.0,横浜市金沢区能見台東11,6号棟,鉄筋コンクリート造,3,N,308号室,3LDK,71,14,159900,5700,2か月,['近居割'],随時,https://www.ur-net.go.jp/chintai/kanto/kanagawa/40_3890_room.html?JKSS=000060308,<li>京急本線「能見台」駅 徒歩6～11分</li><li>JR京浜東北・根岸線「磯子」駅バス22分 徒歩9～14分</li><li>京急本線「金沢文庫」駅バス4分 徒歩7～11分</li>
kanagawa,seasidetown,ビーコンヒル能見台サウスヒル,165600,,,,京急本線「金沢文庫」駅,11.0,15.0,横浜市金沢区能見台東11,6号棟,鉄筋コンクリート造,3,N,308号室,3LDK,71,14,159900,5700,2か月,['近居割'],随時,https://www.ur-net.go.jp/chintai/kanto/kanagawa/40_3890_room.html?JKSS=000060308,<li>京急本線「能見台」駅 徒歩6～11分</li><li>JR京浜東北・根岸線「磯子」駅バス22分 徒歩9～14分</li><li>京急本線「金沢文庫」駅バス4分 徒歩7～11分</li>
kanagawa,seasidetown,ビーコンヒル能見台サウスヒル,165600,,,,,,,横浜市金沢区能見台東11,6号棟,鉄筋コンクリート造,3,N,308号室,3LDK,71,14,159900,5700,2か月,['近居割'],随時,https://www.ur-net.go.jp/chintai/kanto/kanagawa/40_3890_room.html?JKSS=000060308,<li>京急本線「能見台」駅 徒歩6～11分</li><li>JR京浜東北・根岸線「磯子」駅バス22分 徒歩9～14分</li><li>京急本線「金沢文庫」駅バス4分 徒歩7～11分</li>
kanagawa,totsuka,前田町,93400,JR横須賀線ほか「東戸塚」駅,15.0,15.0,,,,横浜市戸塚区前田町67-3,,鉄骨鉄筋コンクリート造,5,N,504号室,1LDK,48,7,89300,4100,2か月,['近居割'],随時,https://www.ur-net.go.jp/chintai/kanto/kanagawa/40_1740_room.html?JKSS=000000504,<li>JR横須賀線ほか「東戸塚」駅 徒歩15分</li><li>JR東海道線ほか・横浜市営地下鉄ブルーライン「戸塚」駅 バス15分 徒歩1分</li>
kanagawa,totsuka,前田町,93400,,,,JR東海道線ほか・横浜市営地下鉄ブルーライン「戸塚」駅,16.0,16.0,横浜市戸塚区前田町67-3,,鉄骨鉄筋コンクリート造,5,N,504号室,1LDK,48,7,89300,4100,2か月,['近居割'],随時,https://www.ur-net.go.jp/chintai/kanto/kanagawa/40_1740_room.html?JKSS=000000504,<li>JR横須賀線ほか「東戸塚」駅 徒歩15分</li><li>JR東海道線ほか・横浜市営地下鉄ブルーライン「戸塚」駅 バス15分 徒歩1分</li>
kanagawa,totsuka,前田町,93400,,,,,,,横浜市戸塚区前田町67-3,,鉄骨鉄筋コンクリート造,5,N,504号室,1LDK,48,7,89300,4100,2か月,['近居割'],随時,https://www.ur-net.go.jp/chintai/kanto/kanagawa/40_1740_room.html?JKSS=000000504,<li>JR横須賀線ほか「東戸塚」駅 徒歩15分</li><li>JR東海道線ほか・横浜市営地下鉄ブルーライン「戸塚」駅 バス15分 徒歩1分</li>
kanagawa,totsuka,東戸塚ビューハイツ,99700,,,,JR横須賀線ほか「東戸塚」駅,17.0,17.0,横浜市戸塚区名瀬町799-2,,鉄筋コンクリート造,1,N,104号室,2LDK,63,7,92700,7000,2か月,['近居割'],随時,https://www.ur-net.go.jp/chintai/kanto/kanagawa/40_2950_room.html?JKSS=000000104,<li>JR横須賀線ほか「東戸塚」駅バス15分 徒歩2分</li>
kanagawa,totsuka,東戸塚ビューハイツ,99700,,,,,,,横浜市戸塚区名瀬町799-2,,鉄筋コンクリート造,1,N,104号室,2LDK,63,7,92700,7000,2か月,['近居割'],随時,https://www.ur-net.go.jp/chintai/kanto/kanagawa/40_2950_room.html?JKSS=000000104,<li>JR横須賀線ほか「東戸塚」駅バス15分 徒歩2分</li>
kanagawa,totsuka,東戸塚ビューハイツ,107800,,,,JR横須賀線ほか「東戸塚」駅,17.0,17.0,横浜市戸塚区名瀬町799-2,,鉄筋コンクリート造,2,N,206号室,2LDK,63,7,100800,7000,2か月,['近居割'],随時,https://www.ur-net.go.jp/chintai/kanto/kanagawa/40_2950_room.html?JKSS=000000206,<li>JR横須賀線ほか「東戸塚」駅バス15分 徒歩2分</li>
kanagawa,totsuka,東戸塚ビューハイツ,107800,,,,,,,横浜市戸塚区名瀬町799-2,,鉄筋コンクリート造,2,N,206号室,2LDK,63,7,100800,7000,2か月,['近居割'],随時,https://www.ur-net.go.jp/chintai/kanto/kanagawa/40_2950_room.html?JKSS=000000206,<li>JR横須賀線ほか「東戸塚」駅バス15分 徒歩2分</li>
kanagawa,totsuka,東戸塚ビューハイツ,111300,,,,JR横須賀線ほか「東戸塚」駅,17.0,17.0,横浜市戸塚区名瀬町799-2,,鉄筋コンクリート造,4,N,406号室,2LDK,63,7,104300,7000,2か月,['近居割'],随時,https://www.ur-net.go.jp/chintai/kanto/kanagawa/40_2950_room.html?JKSS=000000406,<li>JR横須賀線ほか「東戸塚」駅バス15分 徒歩2分</li>
kanagawa,totsuka,東戸塚ビューハイツ,111300,,,,,,,横浜市戸塚区名瀬町799-2,,鉄筋コンクリート造,4,N,406号室,2LDK,63,7,104300,7000,2か月,['近居割'],随時,https://www.ur-net.go.jp/chintai/kanto/kanagawa/40_2950_room.html?JKSS=000000406,<li>JR横須賀線ほか「東戸塚」駅バス15分 徒歩2分</li>
kanagawa,totsuka,グリーンメゾン平戸,105000,,,,JR横須賀線「東戸塚」駅,14.0,15.0,横浜市戸塚区平戸1-2,1号棟,鉄筋コンクリート造,3,N,304号室,3LDK,83,5,100100,4900,2か月,['近居割'],随時,https://www.ur-net.go.jp/chintai/kanto/kanagawa/40_2120_room.html?JKSS=000010304,<li>JR横須賀線「東戸塚」駅バス12分 徒歩2～3分</li><li>JR横須賀線「保土ケ谷」駅バス17分 徒歩2～3分</li><li>横浜市営地下鉄ブルーライン「吉野町」駅バス29分 徒歩1～2分</li>
kanagawa,totsuka,グリーンメゾン平戸,105000,,,,JR横須賀線「保土ケ谷」駅,19.0,20.0,横浜市戸塚区平戸1-2,1号棟,鉄筋コンクリート造,3,N,304号室,3LDK,83,5,100100,4900,2か月,['近居割'],随時,https://www.ur-net.go.jp/chintai/kanto/kanagawa/40_2120_room.html?JKSS=000010304,<li>JR横須賀線「東戸塚」駅バス12分 徒歩2～3分</li><li>JR横須賀線「保土ケ谷」駅バス17分 徒歩2～3分</li><li>横浜市営地下鉄ブルーライン「吉野町」駅バス29分 徒歩1～2分</li>
kanagawa,totsuka,グリーンメゾン平戸,105000,,,,横浜市営地下鉄ブルーライン「吉野町」駅,30.0,31.0,横浜市戸塚区平戸1-2,1号棟,鉄筋コンクリート造,3,N,304号室,3LDK,83,5,100100,4900,2か月,['近居割'],随時,https://www.ur-net.go.jp/chintai/kanto/kanagawa/40_2120_room.html?JKSS=000010304,<li>JR横須賀線「東戸塚」駅バス12分 徒歩2～3分</li><li>JR横須賀線「保土ケ谷」駅バス17分 徒歩2～3分</li><li>横浜市営地下鉄ブルーライン「吉野町」駅バス29分 徒歩1～2分</li>
kanagawa,totsuka,グリーンメゾン平戸,105000,,,,,,,横浜市戸塚区平戸1-2,1号棟,鉄筋コンクリート造,3,N,304号室,3LDK,83,5,100100,4900,2か月,['近居割'],随時,https://www.ur-net.go.jp/chintai/kanto/kanagawa/40_2120_room.html?JKSS=000010304,<li>JR横須賀線「東戸塚」駅バス12分 徒歩2～3分</li><li>JR横須賀線「保土ケ谷」駅バス17分 徒歩2～3分</li><li>横浜市営地下鉄ブルーライン「吉野町」駅バス29分 徒歩1～2分</li>
kanagawa,totsuka,プロムナード矢部,139900,JR東海道本線「戸塚」駅,9.0,13.0,,,,横浜市戸塚区矢部町321,3号棟,鉄筋コンクリート造,7,N,703号室,1LDK,50,13,135300,4600,2か月,['近居割'],随時,https://www.ur-net.go.jp/chintai/kanto/kanagawa/40_3610_room.html?JKSS=000030703,<li>JR東海道本線「戸塚」駅 徒歩9～13分</li><li>JR横須賀線「東戸塚」駅バス20分 徒歩2～7分</li><li>相鉄いずみ野線「弥生台」駅バス20分 徒歩10～15分</li>
kanagawa,totsuka,プロムナード矢部,139900,,,,JR横須賀線「東戸塚」駅,22.0,27.0,横浜市戸塚区矢部町321,3号棟,鉄筋コンクリート造,7,N,703号室,1LDK,50,13,135300,4600,2か月,['近居割'],随時,https://www.ur-net.go.jp/chintai/kanto/kanagawa/40_3610_room.html?JKSS=000030703,<li>JR東海道本線「戸塚」駅 徒歩9～13分</li><li>JR横須賀線「東戸塚」駅バス20分 徒歩2～7分</li><li>相鉄いずみ野線「弥生台」駅バス20分 徒歩10～15分</li>
kanagawa,totsuka,プロムナード矢部,139900,,,,相鉄いずみ野線「弥生台」駅,30.0,35.0,横浜市戸塚区矢部町321,3号棟,鉄筋コンクリート造,7,N,703号室,1LDK,50,13,135300,4600,2か月,['近居割'],随時,https://www.ur-net.go.jp/chintai/kanto/kanagawa/40_3610_room.html?JKSS=000030703,<li>JR東海道本線「戸塚」駅 徒歩9～13分</li><li>JR横須賀線「東戸塚」駅バス20分 徒歩2～7分</li><li>相鉄いずみ野線「弥生台」駅バス20分 徒歩10～15分</li>
kanagawa,totsuka,プロムナード矢部,139900,,,,,,,横浜市戸塚区矢部町321,3号棟,鉄筋コンクリート造,7,N,703号室,1LDK,50,13,135300,4600,2か月,['近居割'],随時,https://www.ur-net.go.jp/chintai/kanto/kanagawa/40_3610_room.html?JKSS=000030703,<li>JR東海道本線「戸塚」駅 徒歩9～13分</li><li>JR横須賀線「東戸塚」駅バス20分 徒歩2～7分</li><li>相鉄いずみ野線「弥生台」駅バス20分 徒歩10～15分</li>
kanagawa,totsuka,プロムナード矢部,147300,JR東海道本線「戸塚」駅,9.0,13.0,,,,横浜市戸塚区矢部町321,4号棟,鉄筋コンクリート造,4,N,405号室,2DK,56,13,142700,4600,2か月,['近居割'],随時,https://www.ur-net.go.jp/chintai/kanto/kanagawa/40_3610_room.html?JKSS=000040405,<li>JR東海道本線「戸塚」駅 徒歩9～13分</li><li>JR横須賀線「東戸塚」駅バス20分 徒歩2～7分</li><li>相鉄いずみ野線「弥生台」駅バス20分 徒歩10～15分</li>
kanagawa,totsuka,プロムナード矢部,147300,,,,JR横須賀線「東戸塚」駅,22.0,27.0,横浜市戸塚区矢部町321,4号棟,鉄筋コンクリート造,4,N,405号室,2DK,56,13,142700,4600,2か月,['近居割'],随時,https://www.ur-net.go.jp/chintai/kanto/kanagawa/40_3610_room.html?JKSS=000040405,<li>JR東海道本線「戸塚」駅 徒歩9～13分</li><li>JR横須賀線「東戸塚」駅バス20分 徒歩2～7分</li><li>相鉄いずみ野線「弥生台」駅バス20分 徒歩10～15分</li>
kanagawa,totsuka,プロムナード矢部,147300,,,,相鉄いずみ野線「弥生台」駅,30.0,35.0,横浜市戸塚区矢部町321,4号棟,鉄筋コンクリート造,4,N,405号室,2DK,56,13,142700,4600,2か月,['近居割'],随時,https://www.ur-net.go.jp/chintai/kanto/kanagawa/40_3610_room.html?JKSS=000040405,<li>JR東海道本線「戸塚」駅 徒歩9～13分</li><li>JR横須賀線「東戸塚」駅バス20分 徒歩2～7分</li><li>相鉄いずみ野線「弥生台」駅バス20分 徒歩10～15分</li>
kanagawa,totsuka,プロムナード矢部,147300,,,,,,,横浜市戸塚区矢部町321,4号棟,鉄筋コンクリート造,4,N,405号室,2DK,56,13,142700,4600,2か月,['近居割'],随時,https://www.ur-net.go.jp/chintai/kanto/kanagawa/40_3610_room.html?JKSS=000040405,<li>JR東海道本線「戸塚」駅 徒歩9～13分</li><li>JR横須賀線「東戸塚」駅バス20分 徒歩2～7分</li><li>相鉄いずみ野線「弥生台」駅バス20分 徒歩10～15分</li>
kanagawa,totsuka,コンフォール上倉田,190200,JR東海道本線「戸塚」駅,7.0,10.0,,,,横浜市戸塚区上倉田町259,9号棟,鉄筋コンクリート造,10,N,1008号室,3LDK,77,12,185400,4800,2か月,['近居割'],随時,https://www.ur-net.go.jp/chintai/kanto/kanagawa/40_3120_room.html?JKSS=000091008,<li>JR東海道本線「戸塚」駅 徒歩7～10分</li>
kanagawa,totsuka,コンフォール上倉田,190200,,,,,,,横浜市戸塚区上倉田町259,9号棟,鉄筋コンクリート造,10,N,1008号室,3LDK,77,12,185400,4800,2か月,['近居割'],随時,https://www.ur-net.go.jp/chintai/kanto/kanagawa/40_3120_room.html?JKSS=000091008,<li>JR東海道本線「戸塚」駅 徒歩7～10分</li>
kanagawa,totsuka,公田町,53400,,,,JR東海道本線「大船」駅,13.0,19.0,横浜市栄区公田町740,14号棟,鉄筋コンクリート造,4,N,401号室,2DK,39,5,48900,4500,2か月,['URライト（3年定借）'],随時,https://www.ur-net.go.jp/chintai/kanto/kanagawa/40_0940_room.html?JKSS=000014401,<li>JR東海道本線「大船」駅バス12～15分 徒歩1～4分</li><li>JR京浜東北・根岸線「本郷台」駅 徒歩18～23分</li><li>京急本線「金沢八景」駅バス29分 徒歩11～13分</li>
kanagawa,totsuka,公田町,53400,JR京浜東北・根岸線「本郷台」駅,18.0,23.0,,,,横浜市栄区公田町740,14号棟,鉄筋コンクリート造,4,N,401号室,2DK,39,5,48900,4500,2か月,['URライト（3年定借）'],随時,https://www.ur-net.go.jp/chintai/kanto/kanagawa/40_0940_room.html?JKSS=000014401,<li>JR東海道本線「大船」駅バス12～15分 徒歩1～4分</li><li>JR京浜東北・根岸線「本郷台」駅 徒歩18～23分</li><li>京急本線「金沢八景」駅バス29分 徒歩11～13分</li>
kanagawa,totsuka,公田町,53400,,,,京急本線「金沢八景」駅,40.0,42.0,横浜市栄区公田町740,14号棟,鉄筋コンクリート造,4,N,401号室,2DK,39,5,48900,4500,2か月,['URライト（3年定借）'],随時,https://www.ur-net.go.jp/chintai/kanto/kanagawa/40_0940_room.html?JKSS=000014401,<li>JR東海道本線「大船」駅バス12～15分 徒歩1～4分</li><li>JR京浜東北・根岸線「本郷台」駅 徒歩18～23分</li><li>京急本線「金沢八景」駅バス29分 徒歩11～13分</li>
kanagawa,totsuka,公田町,53400,,,,,,,横浜市栄区公田町740,14号棟,鉄筋コンクリート造,4,N,401号室,2DK,39,5,48900,4500,2か月,['URライト（3年定借）'],随時,https://www.ur-net.go.jp/chintai/kanto/kanagawa/40_0940_room.html?JKSS=000014401,<li>JR東海道本線「大船」駅バス12～15分 徒歩1～4分</li><li>JR京浜東北・根岸線「本郷台」駅 徒歩18～23分</li><li>京急本線「金沢八景」駅バス29分 徒歩11～13分</li>
kanagawa,totsuka,飯島,69300,,,,JR東海道本線「戸塚」駅,14.0,22.0,横浜市栄区飯島町527,3-1号棟,鉄筋コンクリート造、鉄骨鉄筋コンクリート造,6,N,604号室,3DK,54,7,64800,4500,2か月,['URライト（2年定借）'],随時,https://www.ur-net.go.jp/chintai/kanto/kanagawa/40_1170_room.html?JKSS=000301604,<li>JR東海道本線「戸塚」駅バス13分 徒歩1～9分</li><li>JR東海道本線「大船」駅バス7分 徒歩6～13分</li>
kanagawa,totsuka,飯島,69300,,,,JR東海道本線「大船」駅,13.0,20.0,横浜市栄区飯島町527,3-1号棟,鉄筋コンクリート造、鉄骨鉄筋コンクリート造,6,N,604号室,3DK,54,7,64800,4500,2か月,['URライト（2年定借）'],随時,https://www.ur-net.go.jp/chintai/kanto/kanagawa/40_1170_room.html?JKSS=000301604,<li>JR東海道本線「戸塚」駅バス13分 徒歩1～9分</li><li>JR東海道本線「大船」駅バス7分 徒歩6～13分</li>
kanagawa,totsuka,飯島,69300,,,,,,,横浜市栄区飯島町527,3-1号棟,鉄筋コンクリート造、鉄骨鉄筋コンクリート造,6,N,604号室,3DK,54,7,64800,4500,2か月,['URライト（2年定借）'],随時,https://www.ur-net.go.jp/chintai/kanto/kanagawa/40_1170_room.html?JKSS=000301604,<li>JR東海道本線「戸塚」駅バス13分 徒歩1～9分</li><li>JR東海道本線「大船」駅バス7分 徒歩6～13分</li>
kanagawa,totsuka,飯島,71400,,,,JR東海道本線「戸塚」駅,14.0,22.0,横浜市栄区飯島町527,4-8号棟,鉄筋コンクリート造、鉄骨鉄筋コンクリート造,2,N,204号室,3DK,50,5,66900,4500,2か月,"['近居割', '近居割WIDE']",随時,https://www.ur-net.go.jp/chintai/kanto/kanagawa/40_1170_room.html?JKSS=000408204,<li>JR東海道本線「戸塚」駅バス13分 徒歩1～9分</li><li>JR東海道本線「大船」駅バス7分 徒歩6～13分</li>
kanagawa,totsuka,飯島,71400,,,,JR東海道本線「大船」駅,13.0,20.0,横浜市栄区飯島町527,4-8号棟,鉄筋コンクリート造、鉄骨鉄筋コンクリート造,2,N,204号室,3DK,50,5,66900,4500,2か月,"['近居割', '近居割WIDE']",随時,https://www.ur-net.go.jp/chintai/kanto/kanagawa/40_1170_room.html?JKSS=000408204,<li>JR東海道本線「戸塚」駅バス13分 徒歩1～9分</li><li>JR東海道本線「大船」駅バス7分 徒歩6～13分</li>
kanagawa,totsuka,飯島,71400,,,,,,,横浜市栄区飯島町527,4-8号棟,鉄筋コンクリート造、鉄骨鉄筋コンクリート造,2,N,204号室,3DK,50,5,66900,4500,2か月,"['近居割', '近居割WIDE']",随時,https://www.ur-net.go.jp/chintai/kanto/kanagawa/40_1170_room.html?JKSS=000408204,<li>JR東海道本線「戸塚」駅バス13分 徒歩1～9分</li><li>JR東海道本線「大船」駅バス7分 徒歩6～13分</li>
kanagawa,sagamiono,相模台,66200,小田急小田原線「小田急相模原」駅,16.0,21.0,小田急小田原線「小田急相模原」駅,9.0,13.0,相模原市南区相模台団地,4-5号棟,鉄筋コンクリート造,5,N,502号室,2DK,45,5,63000,3200,2か月,['URライト（4年定借）'],随時,https://www.ur-net.go.jp/chintai/kanto/kanagawa/40_1080_room.html?JKSS=000405502,<li>小田急小田原線「小田急相模原」駅 徒歩16～21分 又はバス8分 徒歩1～5分</li><li>JR横浜線「古淵」駅バス19分 徒歩3～7分</li>
kanagawa,sagamiono,相模台,66200,,,,JR横浜線「古淵」駅,22.0,26.0,相模原市南区相模台団地,4-5号棟,鉄筋コンクリート造,5,N,502号室,2DK,45,5,63000,3200,2か月,['URライト（4年定借）'],随時,https://www.ur-net.go.jp/chintai/kanto/kanagawa/40_1080_room.html?JKSS=000405502,<li>小田急小田原線「小田急相模原」駅 徒歩16～21分 又はバス8分 徒歩1～5分</li><li>JR横浜線「古淵」駅バス19分 徒歩3～7分</li>
kanagawa,sagamiono,相模台,66200,,,,,,,相模原市南区相模台団地,4-5号棟,鉄筋コンクリート造,5,N,502号室,2DK,45,5,63000,3200,2か月,['URライト（4年定借）'],随時,https://www.ur-net.go.jp/chintai/kanto/kanagawa/40_1080_room.html?JKSS=000405502,<li>小田急小田原線「小田急相模原」駅 徒歩16～21分 又はバス8分 徒歩1～5分</li><li>JR横浜線「古淵」駅バス19分 徒歩3～7分</li>
kanagawa,sagamiono,相模台,73900,小田急小田原線「小田急相模原」駅,16.0,21.0,小田急小田原線「小田急相模原」駅,9.0,13.0,相模原市南区相模台団地,6-8号棟,鉄筋コンクリート造,5,N,502号室,2DK,48,5,70700,3200,2か月,['URライト（4年定借）'],随時,https://www.ur-net.go.jp/chintai/kanto/kanagawa/40_1080_room.html?JKSS=000608502,<li>小田急小田原線「小田急相模原」駅 徒歩16～21分 又はバス8分 徒歩1～5分</li><li>JR横浜線「古淵」駅バス19分 徒歩3～7分</li>
kanagawa,sagamiono,相模台,73900,,,,JR横浜線「古淵」駅,22.0,26.0,相模原市南区相模台団地,6-8号棟,鉄筋コンクリート造,5,N,502号室,2DK,48,5,70700,3200,2か月,['URライト（4年定借）'],随時,https://www.ur-net.go.jp/chintai/kanto/kanagawa/40_1080_room.html?JKSS=000608502,<li>小田急小田原線「小田急相模原」駅 徒歩16～21分 又はバス8分 徒歩1～5分</li><li>JR横浜線「古淵」駅バス19分 徒歩3～7分</li>
kanagawa,sagamiono,相模台,73900,,,,,,,相模原市南区相模台団地,6-8号棟,鉄筋コンクリート造,5,N,502号室,2DK,48,5,70700,3200,2か月,['URライト（4年定借）'],随時,https://www.ur-net.go.jp/chintai/kanto/kanagawa/40_1080_room.html?JKSS=000608502,<li>小田急小田原線「小田急相模原」駅 徒歩16～21分 又はバス8分 徒歩1～5分</li><li>JR横浜線「古淵」駅バス19分 徒歩3～7分</li>
kanagawa,sagamiono,相模台,74700,小田急小田原線「小田急相模原」駅,16.0,21.0,小田急小田原線「小田急相模原」駅,9.0,13.0,相模原市南区相模台団地,3-2号棟,鉄筋コンクリート造,4,N,401号室,2DK,48,5,71500,3200,2か月,['URライト（4年定借）'],随時,https://www.ur-net.go.jp/chintai/kanto/kanagawa/40_1080_room.html?JKSS=000302401,<li>小田急小田原線「小田急相模原」駅 徒歩16～21分 又はバス8分 徒歩1～5分</li><li>JR横浜線「古淵」駅バス19分 徒歩3～7分</li>
kanagawa,sagamiono,相模台,74700,,,,JR横浜線「古淵」駅,22.0,26.0,相模原市南区相模台団地,3-2号棟,鉄筋コンクリート造,4,N,401号室,2DK,48,5,71500,3200,2か月,['URライト（4年定借）'],随時,https://www.ur-net.go.jp/chintai/kanto/kanagawa/40_1080_room.html?JKSS=000302401,<li>小田急小田原線「小田急相模原」駅 徒歩16～21分 又はバス8分 徒歩1～5分</li><li>JR横浜線「古淵」駅バス19分 徒歩3～7分</li>
kanagawa,sagamiono,相模台,74700,,,,,,,相模原市南区相模台団地,3-2号棟,鉄筋コンクリート造,4,N,401号室,2DK,48,5,71500,3200,2か月,['URライト（4年定借）'],随時,https://www.ur-net.go.jp/chintai/kanto/kanagawa/40_1080_room.html?JKSS=000302401,<li>小田急小田原線「小田急相模原」駅 徒歩16～21分 又はバス8分 徒歩1～5分</li><li>JR横浜線「古淵」駅バス19分 徒歩3～7分</li>
kanagawa,sagamiono,鶴ヶ丘,119000,小田急小田原線「小田急相模原」駅,7.0,9.0,,,,相模原市南区南台5-2,5号棟,鉄筋コンクリート造,3,N,304号室,3DK,64,6,115600,3400,2か月,['近居割'],随時,https://www.ur-net.go.jp/chintai/kanto/kanagawa/40_3380_room.html?JKSS=000050304,<li>小田急小田原線「小田急相模原」駅 徒歩7～9分</li><li>小田急小田原線「相模大野」駅 徒歩29～32分</li><li>東急田園都市線「中央林間」駅 徒歩39～43分</li>
kanagawa,sagamiono,鶴ヶ丘,119000,小田急小田原線「相模大野」駅,29.0,32.0,,,,相模原市南区南台5-2,5号棟,鉄筋コンクリート造,3,N,304号室,3DK,64,6,115600,3400,2か月,['近居割'],随時,https://www.ur-net.go.jp/chintai/kanto/kanagawa/40_3380_room.html?JKSS=000050304,<li>小田急小田原線「小田急相模原」駅 徒歩7～9分</li><li>小田急小田原線「相模大野」駅 徒歩29～32分</li><li>東急田園都市線「中央林間」駅 徒歩39～43分</li>
kanagawa,sagamiono,鶴ヶ丘,119000,東急田園都市線「中央林間」駅,39.0,43.0,,,,相模原市南区南台5-2,5号棟,鉄筋コンクリート造,3,N,304号室,3DK,64,6,115600,3400,2か月,['近居割'],随時,https://www.ur-net.go.jp/chintai/kanto/kanagawa/40_3380_room.html?JKSS=000050304,<li>小田急小田原線「小田急相模原」駅 徒歩7～9分</li><li>小田急小田原線「相模大野」駅 徒歩29～32分</li><li>東急田園都市線「中央林間」駅 徒歩39～43分</li>
kanagawa,sagamiono,鶴ヶ丘,119000,,,,,,,相模原市南区南台5-2,5号棟,鉄筋コンクリート造,3,N,304号室,3DK,64,6,115600,3400,2か月,['近居割'],随時,https://www.ur-net.go.jp/chintai/kanto/kanagawa/40_3380_room.html?JKSS=000050304,<li>小田急小田原線「小田急相模原」駅 徒歩7～9分</li><li>小田急小田原線「相模大野」駅 徒歩29～32分</li><li>東急田園都市線「中央林間」駅 徒歩39～43分</li>
kanagawa,sagamiono,プラザシティ相模大野,129390,小田急小田原線「相模大野」駅,8.0,13.0,,,,相模原市南区相模大野6-23,7号棟,鉄筋コンクリート造,4,N,403号室,1LDK,52,10,125300,4090,2か月,['近居割'],随時,https://www.ur-net.go.jp/chintai/kanto/kanagawa/40_2980_room.html?JKSS=000070403,<li>小田急小田原線「相模大野」駅 徒歩8～13分</li><li>JR横浜線「町田」駅 徒歩26～31分</li><li>小田急江ノ島線「東林間」駅 徒歩18～23分</li>
kanagawa,sagamiono,プラザシティ相模大野,129390,JR横浜線「町田」駅,26.0,31.0,,,,相模原市南区相模大野6-23,7号棟,鉄筋コンクリート造,4,N,403号室,1LDK,52,10,125300,4090,2か月,['近居割'],随時,https://www.ur-net.go.jp/chintai/kanto/kanagawa/40_2980_room.html?JKSS=000070403,<li>小田急小田原線「相模大野」駅 徒歩8～13分</li><li>JR横浜線「町田」駅 徒歩26～31分</li><li>小田急江ノ島線「東林間」駅 徒歩18～23分</li>
kanagawa,sagamiono,プラザシティ相模大野,129390,小田急江ノ島線「東林間」駅,18.0,23.0,,,,相模原市南区相模大野6-23,7号棟,鉄筋コンクリート造,4,N,403号室,1LDK,52,10,125300,4090,2か月,['近居割'],随時,https://www.ur-net.go.jp/chintai/kanto/kanagawa/40_2980_room.html?JKSS=000070403,<li>小田急小田原線「相模大野」駅 徒歩8～13分</li><li>JR横浜線「町田」駅 徒歩26～31分</li><li>小田急江ノ島線「東林間」駅 徒歩18～23分</li>
kanagawa,sagamiono,プラザシティ相模大野,129390,,,,,,,相模原市南区相模大野6-23,7号棟,鉄筋コンクリート造,4,N,403号室,1LDK,52,10,125300,4090,2か月,['近居割'],随時,https://www.ur-net.go.jp/chintai/kanto/kanagawa/40_2980_room.html?JKSS=000070403,<li>小田急小田原線「相模大野」駅 徒歩8～13分</li><li>JR横浜線「町田」駅 徒歩26～31分</li><li>小田急江ノ島線「東林間」駅 徒歩18～23分</li>
kanagawa,sagamiono,プラザシティ相模大野,133690,小田急小田原線「相模大野」駅,8.0,13.0,,,,相模原市南区相模大野6-23,9号棟,鉄筋コンクリート造,2,N,214号室,2LDK,63,11,129600,4090,2か月,['近居割'],随時,https://www.ur-net.go.jp/chintai/kanto/kanagawa/40_2980_room.html?JKSS=000090214,<li>小田急小田原線「相模大野」駅 徒歩8～13分</li><li>JR横浜線「町田」駅 徒歩26～31分</li><li>小田急江ノ島線「東林間」駅 徒歩18～23分</li>
kanagawa,sagamiono,プラザシティ相模大野,133690,JR横浜線「町田」駅,26.0,31.0,,,,相模原市南区相模大野6-23,9号棟,鉄筋コンクリート造,2,N,214号室,2LDK,63,11,129600,4090,2か月,['近居割'],随時,https://www.ur-net.go.jp/chintai/kanto/kanagawa/40_2980_room.html?JKSS=000090214,<li>小田急小田原線「相模大野」駅 徒歩8～13分</li><li>JR横浜線「町田」駅 徒歩26～31分</li><li>小田急江ノ島線「東林間」駅 徒歩18～23分</li>
kanagawa,sagamiono,プラザシティ相模大野,133690,小田急江ノ島線「東林間」駅,18.0,23.0,,,,相模原市南区相模大野6-23,9号棟,鉄筋コンクリート造,2,N,214号室,2LDK,63,11,129600,4090,2か月,['近居割'],随時,https://www.ur-net.go.jp/chintai/kanto/kanagawa/40_2980_room.html?JKSS=000090214,<li>小田急小田原線「相模大野」駅 徒歩8～13分</li><li>JR横浜線「町田」駅 徒歩26～31分</li><li>小田急江ノ島線「東林間」駅 徒歩18～23分</li>
kanagawa,sagamiono,プラザシティ相模大野,133690,,,,,,,相模原市南区相模大野6-23,9号棟,鉄筋コンクリート造,2,N,214号室,2LDK,63,11,129600,4090,2か月,['近居割'],随時,https://www.ur-net.go.jp/chintai/kanto/kanagawa/40_2980_room.html?JKSS=000090214,<li>小田急小田原線「相模大野」駅 徒歩8～13分</li><li>JR横浜線「町田」駅 徒歩26～31分</li><li>小田急江ノ島線「東林間」駅 徒歩18～23分</li>
kanagawa,sagamiono,コンフォールさがみ南,133600,小田急小田原線「小田急相模原」駅,8.0,11.0,,,,相模原市南区相南1-24,9号棟,鉄筋コンクリート造,8,N,802号室,2LDK,65,14,129200,4400,2か月,['近居割'],随時,https://www.ur-net.go.jp/chintai/kanto/kanagawa/40_3870_room.html?JKSS=000090802,<li>小田急小田原線「小田急相模原」駅 徒歩8～11分</li><li>小田急江ノ島線「東林間」駅 徒歩15～18分</li><li>小田急小田原線「相模大野」駅 徒歩32～35分</li>
kanagawa,sagamiono,コンフォールさがみ南,133600,小田急江ノ島線「東林間」駅,15.0,18.0,,,,相模原市南区相南1-24,9号棟,鉄筋コンクリート造,8,N,802号室,2LDK,65,14,129200,4400,2か月,['近居割'],随時,https://www.ur-net.go.jp/chintai/kanto/kanagawa/40_3870_room.html?JKSS=000090802,<li>小田急小田原線「小田急相模原」駅 徒歩8～11分</li><li>小田急江ノ島線「東林間」駅 徒歩15～18分</li><li>小田急小田原線「相模大野」駅 徒歩32～35分</li>
kanagawa,sagamiono,コンフォールさがみ南,133600,小田急小田原線「相模大野」駅,32.0,35.0,,,,相模原市南区相南1-24,9号棟,鉄筋コンクリート造,8,N,802号室,2LDK,65,14,129200,4400,2か月,['近居割'],随時,https://www.ur-net.go.jp/chintai/kanto/kanagawa/40_3870_room.html?JKSS=000090802,<li>小田急小田原線「小田急相模原」駅 徒歩8～11分</li><li>小田急江ノ島線「東林間」駅 徒歩15～18分</li><li>小田急小田原線「相模大野」駅 徒歩32～35分</li>
kanagawa,sagamiono,コンフォールさがみ南,133600,,,,,,,相模原市南区相南1-24,9号棟,鉄筋コンクリート造,8,N,802号室,2LDK,65,14,129200,4400,2か月,['近居割'],随時,https://www.ur-net.go.jp/chintai/kanto/kanagawa/40_3870_room.html?JKSS=000090802,<li>小田急小田原線「小田急相模原」駅 徒歩8～11分</li><li>小田急江ノ島線「東林間」駅 徒歩15～18分</li><li>小田急小田原線「相模大野」駅 徒歩32～35分</li>
kanagawa,sagamiono,コンフォールさがみ南,136000,小田急小田原線「小田急相模原」駅,8.0,11.0,,,,相模原市南区相南1-24,12号棟,鉄筋コンクリート造,5,N,502号室,2LDK,63,5,131600,4400,2か月,['近居割'],随時,https://www.ur-net.go.jp/chintai/kanto/kanagawa/40_3870_room.html?JKSS=000120502,<li>小田急小田原線「小田急相模原」駅 徒歩8～11分</li><li>小田急江ノ島線「東林間」駅 徒歩15～18分</li><li>小田急小田原線「相模大野」駅 徒歩32～35分</li>
kanagawa,sagamiono,コンフォールさがみ南,136000,小田急江ノ島線「東林間」駅,15.0,18.0,,,,相模原市南区相南1-24,12号棟,鉄筋コンクリート造,5,N,502号室,2LDK,63,5,131600,4400,2か月,['近居割'],随時,https://www.ur-net.go.jp/chintai/kanto/kanagawa/40_3870_room.html?JKSS=000120502,<li>小田急小田原線「小田急相模原」駅 徒歩8～11分</li><li>小田急江ノ島線「東林間」駅 徒歩15～18分</li><li>小田急小田原線「相模大野」駅 徒歩32～35分</li>
kanagawa,sagamiono,コンフォールさがみ南,136000,小田急小田原線「相模大野」駅,32.0,35.0,,,,相模原市南区相南1-24,12号棟,鉄筋コンクリート造,5,N,502号室,2LDK,63,5,131600,4400,2か月,['近居割'],随時,https://www.ur-net.go.jp/chintai/kanto/kanagawa/40_3870_room.html?JKSS=000120502,<li>小田急小田原線「小田急相模原」駅 徒歩8～11分</li><li>小田急江ノ島線「東林間」駅 徒歩15～18分</li><li>小田急小田原線「相模大野」駅 徒歩32～35分</li>
kanagawa,sagamiono,コンフォールさがみ南,136000,,,,,,,相模原市南区相南1-24,12号棟,鉄筋コンクリート造,5,N,502号室,2LDK,63,5,131600,4400,2か月,['近居割'],随時,https://www.ur-net.go.jp/chintai/kanto/kanagawa/40_3870_room.html?JKSS=000120502,<li>小田急小田原線「小田急相模原」駅 徒歩8～11分</li><li>小田急江ノ島線「東林間」駅 徒歩15～18分</li><li>小田急小田原線「相模大野」駅 徒歩32～35分</li>
kanagawa,sagamiono,コンフォールさがみ南,153100,小田急小田原線「小田急相模原」駅,8.0,11.0,,,,相模原市南区相南1-24,9号棟,鉄筋コンクリート造,4,N,406号室,3LDK,75,14,148700,4400,2か月,['近居割'],随時,https://www.ur-net.go.jp/chintai/kanto/kanagawa/40_3870_room.html?JKSS=000090406,<li>小田急小田原線「小田急相模原」駅 徒歩8～11分</li><li>小田急江ノ島線「東林間」駅 徒歩15～18分</li><li>小田急小田原線「相模大野」駅 徒歩32～35分</li>
kanagawa,sagamiono,コンフォールさがみ南,153100,小田急江ノ島線「東林間」駅,15.0,18.0,,,,相模原市南区相南1-24,9号棟,鉄筋コンクリート造,4,N,406号室,3LDK,75,14,148700,4400,2か月,['近居割'],随時,https://www.ur-net.go.jp/chintai/kanto/kanagawa/40_3870_room.html?JKSS=000090406,<li>小田急小田原線「小田急相模原」駅 徒歩8～11分</li><li>小田急江ノ島線「東林間」駅 徒歩15～18分</li><li>小田急小田原線「相模大野」駅 徒歩32～35分</li>
kanagawa,sagamiono,コンフォールさがみ南,153100,小田急小田原線「相模大野」駅,32.0,35.0,,,,相模原市南区相南1-24,9号棟,鉄筋コンクリート造,4,N,406号室,3LDK,75,14,148700,4400,2か月,['近居割'],随時,https://www.ur-net.go.jp/chintai/kanto/kanagawa/40_3870_room.html?JKSS=000090406,<li>小田急小田原線「小田急相模原」駅 徒歩8～11分</li><li>小田急江ノ島線「東林間」駅 徒歩15～18分</li><li>小田急小田原線「相模大野」駅 徒歩32～35分</li>
kanagawa,sagamiono,コンフォールさがみ南,153100,,,,,,,相模原市南区相南1-24,9号棟,鉄筋コンクリート造,4,N,406号室,3LDK,75,14,148700,4400,2か月,['近居割'],随時,https://www.ur-net.go.jp/chintai/kanto/kanagawa/40_3870_room.html?JKSS=000090406,<li>小田急小田原線「小田急相模原」駅 徒歩8～11分</li><li>小田急江ノ島線「東林間」駅 徒歩15～18分</li><li>小田急小田原線「相模大野」駅 徒歩32～35分</li>
kanagawa,sagamiono,橋本四丁目,92200,JR横浜線「橋本」駅,10.0,13.0,,,,相模原市緑区橋本4-11,4号棟,鉄筋コンクリート造、鉄骨鉄筋コンクリート造,2,N,206号室,2DK,55,5,88100,4100,2か月,['近居割'],随時,https://www.ur-net.go.jp/chintai/kanto/kanagawa/40_1840_room.html?JKSS=000040206,<li>JR横浜線「橋本」駅 徒歩10～13分</li><li>京王相模原線「多摩境」駅バス8分 徒歩3～5分</li>
kanagawa,sagamiono,橋本四丁目,92200,,,,京王相模原線「多摩境」駅,11.0,13.0,相模原市緑区橋本4-11,4号棟,鉄筋コンクリート造、鉄骨鉄筋コンクリート造,2,N,206号室,2DK,55,5,88100,4100,2か月,['近居割'],随時,https://www.ur-net.go.jp/chintai/kanto/kanagawa/40_1840_room.html?JKSS=000040206,<li>JR横浜線「橋本」駅 徒歩10～13分</li><li>京王相模原線「多摩境」駅バス8分 徒歩3～5分</li>
kanagawa,sagamiono,橋本四丁目,92200,,,,,,,相模原市緑区橋本4-11,4号棟,鉄筋コンクリート造、鉄骨鉄筋コンクリート造,2,N,206号室,2DK,55,5,88100,4100,2か月,['近居割'],随時,https://www.ur-net.go.jp/chintai/kanto/kanagawa/40_1840_room.html?JKSS=000040206,<li>JR横浜線「橋本」駅 徒歩10～13分</li><li>京王相模原線「多摩境」駅バス8分 徒歩3～5分</li>
kanagawa,sagamiono,橋本四丁目,96100,JR横浜線「橋本」駅,10.0,13.0,,,,相模原市緑区橋本4-11,11号棟,鉄筋コンクリート造、鉄骨鉄筋コンクリート造,1,N,108号室,2LDK,62,8,92000,4100,2か月,['近居割'],随時,https://www.ur-net.go.jp/chintai/kanto/kanagawa/40_1840_room.html?JKSS=000110108,<li>JR横浜線「橋本」駅 徒歩10～13分</li><li>京王相模原線「多摩境」駅バス8分 徒歩3～5分</li>
kanagawa,sagamiono,橋本四丁目,96100,,,,京王相模原線「多摩境」駅,11.0,13.0,相模原市緑区橋本4-11,11号棟,鉄筋コンクリート造、鉄骨鉄筋コンクリート造,1,N,108号室,2LDK,62,8,92000,4100,2か月,['近居割'],随時,https://www.ur-net.go.jp/chintai/kanto/kanagawa/40_1840_room.html?JKSS=000110108,<li>JR横浜線「橋本」駅 徒歩10～13分</li><li>京王相模原線「多摩境」駅バス8分 徒歩3～5分</li>
kanagawa,sagamiono,橋本四丁目,96100,,,,,,,相模原市緑区橋本4-11,11号棟,鉄筋コンクリート造、鉄骨鉄筋コンクリート造,1,N,108号室,2LDK,62,8,92000,4100,2か月,['近居割'],随時,https://www.ur-net.go.jp/chintai/kanto/kanagawa/40_1840_room.html?JKSS=000110108,<li>JR横浜線「橋本」駅 徒歩10～13分</li><li>京王相模原線「多摩境」駅バス8分 徒歩3～5分</li>
kanagawa,sagamiono,鳶尾,54400,,,,小田急小田原線「本厚木」駅,30.0,34.0,厚木市鳶尾2ほか,1-1号棟,鉄筋コンクリート造、鉄骨鉄筋コンクリート造,5,N,503号室,3K,47,5,50400,4000,2か月,[],随時,https://www.ur-net.go.jp/chintai/kanto/kanagawa/40_1790_room.html?JKSS=001010503,<li>小田急小田原線「本厚木」駅バス28分 徒歩2～6分</li>
kanagawa,sagamiono,鳶尾,54400,,,,,,,厚木市鳶尾2ほか,1-1号棟,鉄筋コンクリート造、鉄骨鉄筋コンクリート造,5,N,503号室,3K,47,5,50400,4000,2か月,[],随時,https://www.ur-net.go.jp/chintai/kanto/kanagawa/40_1790_room.html?JKSS=001010503,<li>小田急小田原線「本厚木」駅バス28分 徒歩2～6分</li>
kanagawa,sagamiono,鳶尾,66400,,,,小田急小田原線「本厚木」駅,30.0,34.0,厚木市鳶尾2ほか,25-3号棟,鉄筋コンクリート造、鉄骨鉄筋コンクリート造,6,N,603号室,3K,57,9,62400,4000,2か月,[],随時,https://www.ur-net.go.jp/chintai/kanto/kanagawa/40_1790_room.html?JKSS=025030603,<li>小田急小田原線「本厚木」駅バス28分 徒歩2～6分</li>
kanagawa,sagamiono,鳶尾,66400,,,,,,,厚木市鳶尾2ほか,25-3号棟,鉄筋コンクリート造、鉄骨鉄筋コンクリート造,6,N,603号室,3K,57,9,62400,4000,2か月,[],随時,https://www.ur-net.go.jp/chintai/kanto/kanagawa/40_1790_room.html?JKSS=025030603,<li>小田急小田原線「本厚木」駅バス28分 徒歩2～6分</li>
kanagawa,sagamiono,鳶尾,66700,,,,小田急小田原線「本厚木」駅,30.0,34.0,厚木市鳶尾2ほか,25-3号棟,鉄筋コンクリート造、鉄骨鉄筋コンクリート造,6,N,602号室,3K,57,9,62700,4000,2か月,[],随時,https://www.ur-net.go.jp/chintai/kanto/kanagawa/40_1790_room.html?JKSS=025030602,<li>小田急小田原線「本厚木」駅バス28分 徒歩2～6分</li>
kanagawa,sagamiono,鳶尾,66700,,,,,,,厚木市鳶尾2ほか,25-3号棟,鉄筋コンクリート造、鉄骨鉄筋コンクリート造,6,N,602号室,3K,57,9,62700,4000,2か月,[],随時,https://www.ur-net.go.jp/chintai/kanto/kanagawa/40_1790_room.html?JKSS=025030602,<li>小田急小田原線「本厚木」駅バス28分 徒歩2～6分</li>
kanagawa,sagamiono,鳶尾,70700,,,,小田急小田原線「本厚木」駅,30.0,34.0,厚木市鳶尾2ほか,3-12号棟,鉄筋コンクリート造、鉄骨鉄筋コンクリート造,4,N,404号室,2LDK,58,5,66700,4000,2か月,[],随時,https://www.ur-net.go.jp/chintai/kanto/kanagawa/40_1790_room.html?JKSS=003120404,<li>小田急小田原線「本厚木」駅バス28分 徒歩2～6分</li>
kanagawa,sagamiono,鳶尾,70700,,,,,,,厚木市鳶尾2ほか,3-12号棟,鉄筋コンクリート造、鉄骨鉄筋コンクリート造,4,N,404号室,2LDK,58,5,66700,4000,2か月,[],随時,https://www.ur-net.go.jp/chintai/kanto/kanagawa/40_1790_room.html?JKSS=003120404,<li>小田急小田原線「本厚木」駅バス28分 徒歩2～6分</li>
kanagawa,shonan,上和田,63600,,,,相鉄本線「大和」駅,16.0,25.0,大和市上和田2412,4-6号棟,鉄筋コンクリート造,5,N,503号室,3DK,53,5,60500,3100,2か月,"['近居割', '近居割WIDE']",随時,https://www.ur-net.go.jp/chintai/kanto/kanagawa/40_1240_room.html?JKSS=000406503,<li>相鉄本線「大和」駅バス15～20分 徒歩1～5分</li><li>小田急江ノ島線「高座渋谷」駅 徒歩13～20分</li><li>相鉄いずみ野線「いずみ中央」駅バス13分 徒歩6～14分</li>
kanagawa,shonan,上和田,63600,小田急江ノ島線「高座渋谷」駅,13.0,20.0,,,,大和市上和田2412,4-6号棟,鉄筋コンクリート造,5,N,503号室,3DK,53,5,60500,3100,2か月,"['近居割', '近居割WIDE']",随時,https://www.ur-net.go.jp/chintai/kanto/kanagawa/40_1240_room.html?JKSS=000406503,<li>相鉄本線「大和」駅バス15～20分 徒歩1～5分</li><li>小田急江ノ島線「高座渋谷」駅 徒歩13～20分</li><li>相鉄いずみ野線「いずみ中央」駅バス13分 徒歩6～14分</li>
kanagawa,shonan,上和田,63600,,,,相鉄いずみ野線「いずみ中央」駅,19.0,27.0,大和市上和田2412,4-6号棟,鉄筋コンクリート造,5,N,503号室,3DK,53,5,60500,3100,2か月,"['近居割', '近居割WIDE']",随時,https://www.ur-net.go.jp/chintai/kanto/kanagawa/40_1240_room.html?JKSS=000406503,<li>相鉄本線「大和」駅バス15～20分 徒歩1～5分</li><li>小田急江ノ島線「高座渋谷」駅 徒歩13～20分</li><li>相鉄いずみ野線「いずみ中央」駅バス13分 徒歩6～14分</li>
kanagawa,shonan,上和田,63600,,,,,,,大和市上和田2412,4-6号棟,鉄筋コンクリート造,5,N,503号室,3DK,53,5,60500,3100,2か月,"['近居割', '近居割WIDE']",随時,https://www.ur-net.go.jp/chintai/kanto/kanagawa/40_1240_room.html?JKSS=000406503,<li>相鉄本線「大和」駅バス15～20分 徒歩1～5分</li><li>小田急江ノ島線「高座渋谷」駅 徒歩13～20分</li><li>相鉄いずみ野線「いずみ中央」駅バス13分 徒歩6～14分</li>
kanagawa,shonan,上和田,63600,,,,相鉄本線「大和」駅,16.0,25.0,大和市上和田2412,4-6号棟,鉄筋コンクリート造,5,N,504号室,3DK,53,5,60500,3100,2か月,"['近居割', '近居割WIDE']",随時,https://www.ur-net.go.jp/chintai/kanto/kanagawa/40_1240_room.html?JKSS=000406504,<li>相鉄本線「大和」駅バス15～20分 徒歩1～5分</li><li>小田急江ノ島線「高座渋谷」駅 徒歩13～20分</li><li>相鉄いずみ野線「いずみ中央」駅バス13分 徒歩6～14分</li>
kanagawa,shonan,上和田,63600,小田急江ノ島線「高座渋谷」駅,13.0,20.0,,,,大和市上和田2412,4-6号棟,鉄筋コンクリート造,5,N,504号室,3DK,53,5,60500,3100,2か月,"['近居割', '近居割WIDE']",随時,https://www.ur-net.go.jp/chintai/kanto/kanagawa/40_1240_room.html?JKSS=000406504,<li>相鉄本線「大和」駅バス15～20分 徒歩1～5分</li><li>小田急江ノ島線「高座渋谷」駅 徒歩13～20分</li><li>相鉄いずみ野線「いずみ中央」駅バス13分 徒歩6～14分</li>
kanagawa,shonan,上和田,63600,,,,相鉄いずみ野線「いずみ中央」駅,19.0,27.0,大和市上和田2412,4-6号棟,鉄筋コンクリート造,5,N,504号室,3DK,53,5,60500,3100,2か月,"['近居割', '近居割WIDE']",随時,https://www.ur-net.go.jp/chintai/kanto/kanagawa/40_1240_room.html?JKSS=000406504,<li>相鉄本線「大和」駅バス15～20分 徒歩1～5分</li><li>小田急江ノ島線「高座渋谷」駅 徒歩13～20分</li><li>相鉄いずみ野線「いずみ中央」駅バス13分 徒歩6～14分</li>
kanagawa,shonan,上和田,63600,,,,,,,大和市上和田2412,4-6号棟,鉄筋コンクリート造,5,N,504号室,3DK,53,5,60500,3100,2か月,"['近居割', '近居割WIDE']",随時,https://www.ur-net.go.jp/chintai/kanto/kanagawa/40_1240_room.html?JKSS=000406504,<li>相鉄本線「大和」駅バス15～20分 徒歩1～5分</li><li>小田急江ノ島線「高座渋谷」駅 徒歩13～20分</li><li>相鉄いずみ野線「いずみ中央」駅バス13分 徒歩6～14分</li>
kanagawa,shonan,上和田,63600,,,,相鉄本線「大和」駅,16.0,25.0,大和市上和田2412,4-6号棟,鉄筋コンクリート造,5,N,506号室,3DK,53,5,60500,3100,2か月,"['近居割', '近居割WIDE']",随時,https://www.ur-net.go.jp/chintai/kanto/kanagawa/40_1240_room.html?JKSS=000406506,<li>相鉄本線「大和」駅バス15～20分 徒歩1～5分</li><li>小田急江ノ島線「高座渋谷」駅 徒歩13～20分</li><li>相鉄いずみ野線「いずみ中央」駅バス13分 徒歩6～14分</li>
kanagawa,shonan,上和田,63600,小田急江ノ島線「高座渋谷」駅,13.0,20.0,,,,大和市上和田2412,4-6号棟,鉄筋コンクリート造,5,N,506号室,3DK,53,5,60500,3100,2か月,"['近居割', '近居割WIDE']",随時,https://www.ur-net.go.jp/chintai/kanto/kanagawa/40_1240_room.html?JKSS=000406506,<li>相鉄本線「大和」駅バス15～20分 徒歩1～5分</li><li>小田急江ノ島線「高座渋谷」駅 徒歩13～20分</li><li>相鉄いずみ野線「いずみ中央」駅バス13分 徒歩6～14分</li>
kanagawa,shonan,上和田,63600,,,,相鉄いずみ野線「いずみ中央」駅,19.0,27.0,大和市上和田2412,4-6号棟,鉄筋コンクリート造,5,N,506号室,3DK,53,5,60500,3100,2か月,"['近居割', '近居割WIDE']",随時,https://www.ur-net.go.jp/chintai/kanto/kanagawa/40_1240_room.html?JKSS=000406506,<li>相鉄本線「大和」駅バス15～20分 徒歩1～5分</li><li>小田急江ノ島線「高座渋谷」駅 徒歩13～20分</li><li>相鉄いずみ野線「いずみ中央」駅バス13分 徒歩6～14分</li>
kanagawa,shonan,上和田,63600,,,,,,,大和市上和田2412,4-6号棟,鉄筋コンクリート造,5,N,506号室,3DK,53,5,60500,3100,2か月,"['近居割', '近居割WIDE']",随時,https://www.ur-net.go.jp/chintai/kanto/kanagawa/40_1240_room.html?JKSS=000406506,<li>相鉄本線「大和」駅バス15～20分 徒歩1～5分</li><li>小田急江ノ島線「高座渋谷」駅 徒歩13～20分</li><li>相鉄いずみ野線「いずみ中央」駅バス13分 徒歩6～14分</li>
kanagawa,shonan,上和田,63600,,,,相鉄本線「大和」駅,16.0,25.0,大和市上和田2412,4-8号棟,鉄筋コンクリート造,5,N,502号室,3DK,53,5,60500,3100,2か月,"['近居割', '近居割WIDE']",随時,https://www.ur-net.go.jp/chintai/kanto/kanagawa/40_1240_room.html?JKSS=000408502,<li>相鉄本線「大和」駅バス15～20分 徒歩1～5分</li><li>小田急江ノ島線「高座渋谷」駅 徒歩13～20分</li><li>相鉄いずみ野線「いずみ中央」駅バス13分 徒歩6～14分</li>
kanagawa,shonan,上和田,63600,小田急江ノ島線「高座渋谷」駅,13.0,20.0,,,,大和市上和田2412,4-8号棟,鉄筋コンクリート造,5,N,502号室,3DK,53,5,60500,3100,2か月,"['近居割', '近居割WIDE']",随時,https://www.ur-net.go.jp/chintai/kanto/kanagawa/40_1240_room.html?JKSS=000408502,<li>相鉄本線「大和」駅バス15～20分 徒歩1～5分</li><li>小田急江ノ島線「高座渋谷」駅 徒歩13～20分</li><li>相鉄いずみ野線「いずみ中央」駅バス13分 徒歩6～14分</li>
kanagawa,shonan,上和田,63600,,,,相鉄いずみ野線「いずみ中央」駅,19.0,27.0,大和市上和田2412,4-8号棟,鉄筋コンクリート造,5,N,502号室,3DK,53,5,60500,3100,2か月,"['近居割', '近居割WIDE']",随時,https://www.ur-net.go.jp/chintai/kanto/kanagawa/40_1240_room.html?JKSS=000408502,<li>相鉄本線「大和」駅バス15～20分 徒歩1～5分</li><li>小田急江ノ島線「高座渋谷」駅 徒歩13～20分</li><li>相鉄いずみ野線「いずみ中央」駅バス13分 徒歩6～14分</li>
kanagawa,shonan,上和田,63600,,,,,,,大和市上和田2412,4-8号棟,鉄筋コンクリート造,5,N,502号室,3DK,53,5,60500,3100,2か月,"['近居割', '近居割WIDE']",随時,https://www.ur-net.go.jp/chintai/kanto/kanagawa/40_1240_room.html?JKSS=000408502,<li>相鉄本線「大和」駅バス15～20分 徒歩1～5分</li><li>小田急江ノ島線「高座渋谷」駅 徒歩13～20分</li><li>相鉄いずみ野線「いずみ中央」駅バス13分 徒歩6～14分</li>
kanagawa,shonan,上和田,66000,,,,相鉄本線「大和」駅,16.0,25.0,大和市上和田2412,2-6号棟,鉄筋コンクリート造,2,N,201号室,3DK,53,5,62900,3100,2か月,"['近居割', '近居割WIDE']",随時,https://www.ur-net.go.jp/chintai/kanto/kanagawa/40_1240_room.html?JKSS=000206201,<li>相鉄本線「大和」駅バス15～20分 徒歩1～5分</li><li>小田急江ノ島線「高座渋谷」駅 徒歩13～20分</li><li>相鉄いずみ野線「いずみ中央」駅バス13分 徒歩6～14分</li>
kanagawa,shonan,上和田,66000,小田急江ノ島線「高座渋谷」駅,13.0,20.0,,,,大和市上和田2412,2-6号棟,鉄筋コンクリート造,2,N,201号室,3DK,53,5,62900,3100,2か月,"['近居割', '近居割WIDE']",随時,https://www.ur-net.go.jp/chintai/kanto/kanagawa/40_1240_room.html?JKSS=000206201,<li>相鉄本線「大和」駅バス15～20分 徒歩1～5分</li><li>小田急江ノ島線「高座渋谷」駅 徒歩13～20分</li><li>相鉄いずみ野線「いずみ中央」駅バス13分 徒歩6～14分</li>
kanagawa,shonan,上和田,66000,,,,相鉄いずみ野線「いずみ中央」駅,19.0,27.0,大和市上和田2412,2-6号棟,鉄筋コンクリート造,2,N,201号室,3DK,53,5,62900,3100,2か月,"['近居割', '近居割WIDE']",随時,https://www.ur-net.go.jp/chintai/kanto/kanagawa/40_1240_room.html?JKSS=000206201,<li>相鉄本線「大和」駅バス15～20分 徒歩1～5分</li><li>小田急江ノ島線「高座渋谷」駅 徒歩13～20分</li><li>相鉄いずみ野線「いずみ中央」駅バス13分 徒歩6～14分</li>
kanagawa,shonan,上和田,66000,,,,,,,大和市上和田2412,2-6号棟,鉄筋コンクリート造,2,N,201号室,3DK,53,5,62900,3100,2か月,"['近居割', '近居割WIDE']",随時,https://www.ur-net.go.jp/chintai/kanto/kanagawa/40_1240_room.html?JKSS=000206201,<li>相鉄本線「大和」駅バス15～20分 徒歩1～5分</li><li>小田急江ノ島線「高座渋谷」駅 徒歩13～20分</li><li>相鉄いずみ野線「いずみ中央」駅バス13分 徒歩6～14分</li>
kanagawa,sagamiono,えびな,94100,小田急小田原線「厚木」駅,4.0,7.0,,,,海老名市中新田2-7,8号棟,鉄筋コンクリート造、鉄骨鉄筋コンクリート造,3,N,303号室,3DK,65,8,88000,6100,2か月,['近居割'],随時,https://www.ur-net.go.jp/chintai/kanto/kanagawa/40_1900_room.html?JKSS=000080303,<li>小田急小田原線「厚木」駅 徒歩4～7分</li><li>小田急小田原線「海老名」駅 徒歩20～22分</li><li>小田急小田原線「本厚木」駅 徒歩25～27分</li>
kanagawa,sagamiono,えびな,94100,小田急小田原線「海老名」駅,20.0,22.0,,,,海老名市中新田2-7,8号棟,鉄筋コンクリート造、鉄骨鉄筋コンクリート造,3,N,303号室,3DK,65,8,88000,6100,2か月,['近居割'],随時,https://www.ur-net.go.jp/chintai/kanto/kanagawa/40_1900_room.html?JKSS=000080303,<li>小田急小田原線「厚木」駅 徒歩4～7分</li><li>小田急小田原線「海老名」駅 徒歩20～22分</li><li>小田急小田原線「本厚木」駅 徒歩25～27分</li>
kanagawa,sagamiono,えびな,94100,小田急小田原線「本厚木」駅,25.0,27.0,,,,海老名市中新田2-7,8号棟,鉄筋コンクリート造、鉄骨鉄筋コンクリート造,3,N,303号室,3DK,65,8,88000,6100,2か月,['近居割'],随時,https://www.ur-net.go.jp/chintai/kanto/kanagawa/40_1900_room.html?JKSS=000080303,<li>小田急小田原線「厚木」駅 徒歩4～7分</li><li>小田急小田原線「海老名」駅 徒歩20～22分</li><li>小田急小田原線「本厚木」駅 徒歩25～27分</li>
kanagawa,sagamiono,えびな,94100,,,,,,,海老名市中新田2-7,8号棟,鉄筋コンクリート造、鉄骨鉄筋コンクリート造,3,N,303号室,3DK,65,8,88000,6100,2か月,['近居割'],随時,https://www.ur-net.go.jp/chintai/kanto/kanagawa/40_1900_room.html?JKSS=000080303,<li>小田急小田原線「厚木」駅 徒歩4～7分</li><li>小田急小田原線「海老名」駅 徒歩20～22分</li><li>小田急小田原線「本厚木」駅 徒歩25～27分</li>
kanagawa,sagamiono,えびな,95100,小田急小田原線「厚木」駅,4.0,7.0,,,,海老名市中新田2-7,6号棟,鉄筋コンクリート造、鉄骨鉄筋コンクリート造,8,N,802号室,3DK,65,8,89000,6100,2か月,['近居割'],随時,https://www.ur-net.go.jp/chintai/kanto/kanagawa/40_1900_room.html?JKSS=000060802,<li>小田急小田原線「厚木」駅 徒歩4～7分</li><li>小田急小田原線「海老名」駅 徒歩20～22分</li><li>小田急小田原線「本厚木」駅 徒歩25～27分</li>
kanagawa,sagamiono,えびな,95100,小田急小田原線「海老名」駅,20.0,22.0,,,,海老名市中新田2-7,6号棟,鉄筋コンクリート造、鉄骨鉄筋コンクリート造,8,N,802号室,3DK,65,8,89000,6100,2か月,['近居割'],随時,https://www.ur-net.go.jp/chintai/kanto/kanagawa/40_1900_room.html?JKSS=000060802,<li>小田急小田原線「厚木」駅 徒歩4～7分</li><li>小田急小田原線「海老名」駅 徒歩20～22分</li><li>小田急小田原線「本厚木」駅 徒歩25～27分</li>
kanagawa,sagamiono,えびな,95100,小田急小田原線「本厚木」駅,25.0,27.0,,,,海老名市中新田2-7,6号棟,鉄筋コンクリート造、鉄骨鉄筋コンクリート造,8,N,802号室,3DK,65,8,89000,6100,2か月,['近居割'],随時,https://www.ur-net.go.jp/chintai/kanto/kanagawa/40_1900_room.html?JKSS=000060802,<li>小田急小田原線「厚木」駅 徒歩4～7分</li><li>小田急小田原線「海老名」駅 徒歩20～22分</li><li>小田急小田原線「本厚木」駅 徒歩25～27分</li>
kanagawa,sagamiono,えびな,95100,,,,,,,海老名市中新田2-7,6号棟,鉄筋コンクリート造、鉄骨鉄筋コンクリート造,8,N,802号室,3DK,65,8,89000,6100,2か月,['近居割'],随時,https://www.ur-net.go.jp/chintai/kanto/kanagawa/40_1900_room.html?JKSS=000060802,<li>小田急小田原線「厚木」駅 徒歩4～7分</li><li>小田急小田原線「海老名」駅 徒歩20～22分</li><li>小田急小田原線「本厚木」駅 徒歩25～27分</li>
kanagawa,sagamiono,えびな,95100,小田急小田原線「厚木」駅,4.0,7.0,,,,海老名市中新田2-7,7号棟,鉄筋コンクリート造、鉄骨鉄筋コンクリート造,2,N,208号室,3DK,65,8,89000,6100,2か月,['近居割'],随時,https://www.ur-net.go.jp/chintai/kanto/kanagawa/40_1900_room.html?JKSS=000070208,<li>小田急小田原線「厚木」駅 徒歩4～7分</li><li>小田急小田原線「海老名」駅 徒歩20～22分</li><li>小田急小田原線「本厚木」駅 徒歩25～27分</li>
kanagawa,sagamiono,えびな,95100,小田急小田原線「海老名」駅,20.0,22.0,,,,海老名市中新田2-7,7号棟,鉄筋コンクリート造、鉄骨鉄筋コンクリート造,2,N,208号室,3DK,65,8,89000,6100,2か月,['近居割'],随時,https://www.ur-net.go.jp/chintai/kanto/kanagawa/40_1900_room.html?JKSS=000070208,<li>小田急小田原線「厚木」駅 徒歩4～7分</li><li>小田急小田原線「海老名」駅 徒歩20～22分</li><li>小田急小田原線「本厚木」駅 徒歩25～27分</li>
kanagawa,sagamiono,えびな,95100,小田急小田原線「本厚木」駅,25.0,27.0,,,,海老名市中新田2-7,7号棟,鉄筋コンクリート造、鉄骨鉄筋コンクリート造,2,N,208号室,3DK,65,8,89000,6100,2か月,['近居割'],随時,https://www.ur-net.go.jp/chintai/kanto/kanagawa/40_1900_room.html?JKSS=000070208,<li>小田急小田原線「厚木」駅 徒歩4～7分</li><li>小田急小田原線「海老名」駅 徒歩20～22分</li><li>小田急小田原線「本厚木」駅 徒歩25～27分</li>
kanagawa,sagamiono,えびな,95100,,,,,,,海老名市中新田2-7,7号棟,鉄筋コンクリート造、鉄骨鉄筋コンクリート造,2,N,208号室,3DK,65,8,89000,6100,2か月,['近居割'],随時,https://www.ur-net.go.jp/chintai/kanto/kanagawa/40_1900_room.html?JKSS=000070208,<li>小田急小田原線「厚木」駅 徒歩4～7分</li><li>小田急小田原線「海老名」駅 徒歩20～22分</li><li>小田急小田原線「本厚木」駅 徒歩25～27分</li>
kanagawa,sagamiono,えびな,96800,小田急小田原線「厚木」駅,4.0,7.0,,,,海老名市中新田2-7,7号棟,鉄筋コンクリート造、鉄骨鉄筋コンクリート造,8,N,806号室,2LDK,65,8,90700,6100,2か月,['近居割'],随時,https://www.ur-net.go.jp/chintai/kanto/kanagawa/40_1900_room.html?JKSS=000070806,<li>小田急小田原線「厚木」駅 徒歩4～7分</li><li>小田急小田原線「海老名」駅 徒歩20～22分</li><li>小田急小田原線「本厚木」駅 徒歩25～27分</li>
kanagawa,sagamiono,えびな,96800,小田急小田原線「海老名」駅,20.0,22.0,,,,海老名市中新田2-7,7号棟,鉄筋コンクリート造、鉄骨鉄筋コンクリート造,8,N,806号室,2LDK,65,8,90700,6100,2か月,['近居割'],随時,https://www.ur-net.go.jp/chintai/kanto/kanagawa/40_1900_room.html?JKSS=000070806,<li>小田急小田原線「厚木」駅 徒歩4～7分</li><li>小田急小田原線「海老名」駅 徒歩20～22分</li><li>小田急小田原線「本厚木」駅 徒歩25～27分</li>
kanagawa,sagamiono,えびな,96800,小田急小田原線「本厚木」駅,25.0,27.0,,,,海老名市中新田2-7,7号棟,鉄筋コンクリート造、鉄骨鉄筋コンクリート造,8,N,806号室,2LDK,65,8,90700,6100,2か月,['近居割'],随時,https://www.ur-net.go.jp/chintai/kanto/kanagawa/40_1900_room.html?JKSS=000070806,<li>小田急小田原線「厚木」駅 徒歩4～7分</li><li>小田急小田原線「海老名」駅 徒歩20～22分</li><li>小田急小田原線「本厚木」駅 徒歩25～27分</li>
kanagawa,sagamiono,えびな,96800,,,,,,,海老名市中新田2-7,7号棟,鉄筋コンクリート造、鉄骨鉄筋コンクリート造,8,N,806号室,2LDK,65,8,90700,6100,2か月,['近居割'],随時,https://www.ur-net.go.jp/chintai/kanto/kanagawa/40_1900_room.html?JKSS=000070806,<li>小田急小田原線「厚木」駅 徒歩4～7分</li><li>小田急小田原線「海老名」駅 徒歩20～22分</li><li>小田急小田原線「本厚木」駅 徒歩25～27分</li>
kanagawa,sagamiono,さがみ野さくら,96300,相鉄本線「さがみ野」駅,8.0,10.0,,,,座間市東原5-1,13号棟,鉄筋コンクリート造,5,N,506号室,3LDK,69,5,94100,2200,2か月,['近居割'],随時,https://www.ur-net.go.jp/chintai/kanto/kanagawa/40_2430_room.html?JKSS=000130506,<li>相鉄本線「さがみ野」駅 徒歩8～10分</li><li>小田急江ノ島線「南林間」駅バス9分 徒歩1～3分</li><li>小田急小田原線「座間」駅バス8分 徒歩9～11分</li>
kanagawa,sagamiono,さがみ野さくら,96300,,,,小田急江ノ島線「南林間」駅,10.0,12.0,座間市東原5-1,13号棟,鉄筋コンクリート造,5,N,506号室,3LDK,69,5,94100,2200,2か月,['近居割'],随時,https://www.ur-net.go.jp/chintai/kanto/kanagawa/40_2430_room.html?JKSS=000130506,<li>相鉄本線「さがみ野」駅 徒歩8～10分</li><li>小田急江ノ島線「南林間」駅バス9分 徒歩1～3分</li><li>小田急小田原線「座間」駅バス8分 徒歩9～11分</li>
kanagawa,sagamiono,さがみ野さくら,96300,,,,小田急小田原線「座間」駅,17.0,19.0,座間市東原5-1,13号棟,鉄筋コンクリート造,5,N,506号室,3LDK,69,5,94100,2200,2か月,['近居割'],随時,https://www.ur-net.go.jp/chintai/kanto/kanagawa/40_2430_room.html?JKSS=000130506,<li>相鉄本線「さがみ野」駅 徒歩8～10分</li><li>小田急江ノ島線「南林間」駅バス9分 徒歩1～3分</li><li>小田急小田原線「座間」駅バス8分 徒歩9～11分</li>
kanagawa,sagamiono,さがみ野さくら,96300,,,,,,,座間市東原5-1,13号棟,鉄筋コンクリート造,5,N,506号室,3LDK,69,5,94100,2200,2か月,['近居割'],随時,https://www.ur-net.go.jp/chintai/kanto/kanagawa/40_2430_room.html?JKSS=000130506,<li>相鉄本線「さがみ野」駅 徒歩8～10分</li><li>小田急江ノ島線「南林間」駅バス9分 徒歩1～3分</li><li>小田急小田原線「座間」駅バス8分 徒歩9～11分</li>
kanagawa,sagamiono,さがみ野さくら,99100,相鉄本線「さがみ野」駅,8.0,10.0,,,,座間市東原5-1,8号棟,鉄筋コンクリート造,4,N,402号室,3LDK,69,5,96900,2200,2か月,['近居割'],随時,https://www.ur-net.go.jp/chintai/kanto/kanagawa/40_2430_room.html?JKSS=000080402,<li>相鉄本線「さがみ野」駅 徒歩8～10分</li><li>小田急江ノ島線「南林間」駅バス9分 徒歩1～3分</li><li>小田急小田原線「座間」駅バス8分 徒歩9～11分</li>
kanagawa,sagamiono,さがみ野さくら,99100,,,,小田急江ノ島線「南林間」駅,10.0,12.0,座間市東原5-1,8号棟,鉄筋コンクリート造,4,N,402号室,3LDK,69,5,96900,2200,2か月,['近居割'],随時,https://www.ur-net.go.jp/chintai/kanto/kanagawa/40_2430_room.html?JKSS=000080402,<li>相鉄本線「さがみ野」駅 徒歩8～10分</li><li>小田急江ノ島線「南林間」駅バス9分 徒歩1～3分</li><li>小田急小田原線「座間」駅バス8分 徒歩9～11分</li>
kanagawa,sagamiono,さがみ野さくら,99100,,,,小田急小田原線「座間」駅,17.0,19.0,座間市東原5-1,8号棟,鉄筋コンクリート造,4,N,402号室,3LDK,69,5,96900,2200,2か月,['近居割'],随時,https://www.ur-net.go.jp/chintai/kanto/kanagawa/40_2430_room.html?JKSS=000080402,<li>相鉄本線「さがみ野」駅 徒歩8～10分</li><li>小田急江ノ島線「南林間」駅バス9分 徒歩1～3分</li><li>小田急小田原線「座間」駅バス8分 徒歩9～11分</li>
kanagawa,sagamiono,さがみ野さくら,99100,,,,,,,座間市東原5-1,8号棟,鉄筋コンクリート造,4,N,402号室,3LDK,69,5,96900,2200,2か月,['近居割'],随時,https://www.ur-net.go.jp/chintai/kanto/kanagawa/40_2430_room.html?JKSS=000080402,<li>相鉄本線「さがみ野」駅 徒歩8～10分</li><li>小田急江ノ島線「南林間」駅バス9分 徒歩1～3分</li><li>小田急小田原線「座間」駅バス8分 徒歩9～11分</li>
kanagawa,shonan,サンヴァリエ平塚,64800,,,,JR東海道本線「平塚」駅,21.0,23.0,平塚市高村203,19号棟,鉄筋コンクリート造、鉄骨鉄筋コンクリート造,3,N,308号室,2DK,50,8,61700,3100,2か月,['近居割WIDE'],随時,https://www.ur-net.go.jp/chintai/kanto/kanagawa/40_1780_room.html?JKSS=000190308,<li>JR東海道本線「平塚」駅バス20分 徒歩1～3分</li><li>小田急小田原線「伊勢原」駅バス33分 徒歩2～5分</li><li>JR東海道本線「大磯」駅 徒歩53～56分</li>
kanagawa,shonan,サンヴァリエ平塚,64800,,,,小田急小田原線「伊勢原」駅,35.0,38.0,平塚市高村203,19号棟,鉄筋コンクリート造、鉄骨鉄筋コンクリート造,3,N,308号室,2DK,50,8,61700,3100,2か月,['近居割WIDE'],随時,https://www.ur-net.go.jp/chintai/kanto/kanagawa/40_1780_room.html?JKSS=000190308,<li>JR東海道本線「平塚」駅バス20分 徒歩1～3分</li><li>小田急小田原線「伊勢原」駅バス33分 徒歩2～5分</li><li>JR東海道本線「大磯」駅 徒歩53～56分</li>
kanagawa,shonan,サンヴァリエ平塚,64800,JR東海道本線「大磯」駅,53.0,56.0,,,,平塚市高村203,19号棟,鉄筋コンクリート造、鉄骨鉄筋コンクリート造,3,N,308号室,2DK,50,8,61700,3100,2か月,['近居割WIDE'],随時,https://www.ur-net.go.jp/chintai/kanto/kanagawa/40_1780_room.html?JKSS=000190308,<li>JR東海道本線「平塚」駅バス20分 徒歩1～3分</li><li>小田急小田原線「伊勢原」駅バス33分 徒歩2～5分</li><li>JR東海道本線「大磯」駅 徒歩53～56分</li>
kanagawa,shonan,サンヴァリエ平塚,64800,,,,,,,平塚市高村203,19号棟,鉄筋コンクリート造、鉄骨鉄筋コンクリート造,3,N,308号室,2DK,50,8,61700,3100,2か月,['近居割WIDE'],随時,https://www.ur-net.go.jp/chintai/kanto/kanagawa/40_1780_room.html?JKSS=000190308,<li>JR東海道本線「平塚」駅バス20分 徒歩1～3分</li><li>小田急小田原線「伊勢原」駅バス33分 徒歩2～5分</li><li>JR東海道本線「大磯」駅 徒歩53～56分</li>
kanagawa,shonan,サンヴァリエ平塚,65100,,,,JR東海道本線「平塚」駅,21.0,23.0,平塚市高村203,11号棟,鉄筋コンクリート造、鉄骨鉄筋コンクリート造,5,N,502号室,2DK,50,8,62000,3100,2か月,['近居割WIDE'],随時,https://www.ur-net.go.jp/chintai/kanto/kanagawa/40_1780_room.html?JKSS=000110502,<li>JR東海道本線「平塚」駅バス20分 徒歩1～3分</li><li>小田急小田原線「伊勢原」駅バス33分 徒歩2～5分</li><li>JR東海道本線「大磯」駅 徒歩53～56分</li>
kanagawa,shonan,サンヴァリエ平塚,65100,,,,小田急小田原線「伊勢原」駅,35.0,38.0,平塚市高村203,11号棟,鉄筋コンクリート造、鉄骨鉄筋コンクリート造,5,N,502号室,2DK,50,8,62000,3100,2か月,['近居割WIDE'],随時,https://www.ur-net.go.jp/chintai/kanto/kanagawa/40_1780_room.html?JKSS=000110502,<li>JR東海道本線「平塚」駅バス20分 徒歩1～3分</li><li>小田急小田原線「伊勢原」駅バス33分 徒歩2～5分</li><li>JR東海道本線「大磯」駅 徒歩53～56分</li>
kanagawa,shonan,サンヴァリエ平塚,65100,JR東海道本線「大磯」駅,53.0,56.0,,,,平塚市高村203,11号棟,鉄筋コンクリート造、鉄骨鉄筋コンクリート造,5,N,502号室,2DK,50,8,62000,3100,2か月,['近居割WIDE'],随時,https://www.ur-net.go.jp/chintai/kanto/kanagawa/40_1780_room.html?JKSS=000110502,<li>JR東海道本線「平塚」駅バス20分 徒歩1～3分</li><li>小田急小田原線「伊勢原」駅バス33分 徒歩2～5分</li><li>JR東海道本線「大磯」駅 徒歩53～56分</li>
kanagawa,shonan,サンヴァリエ平塚,65100,,,,,,,平塚市高村203,11号棟,鉄筋コンクリート造、鉄骨鉄筋コンクリート造,5,N,502号室,2DK,50,8,62000,3100,2か月,['近居割WIDE'],随時,https://www.ur-net.go.jp/chintai/kanto/kanagawa/40_1780_room.html?JKSS=000110502,<li>JR東海道本線「平塚」駅バス20分 徒歩1～3分</li><li>小田急小田原線「伊勢原」駅バス33分 徒歩2～5分</li><li>JR東海道本線「大磯」駅 徒歩53～56分</li>
kanagawa,shonan,サンヴァリエ平塚,65100,,,,JR東海道本線「平塚」駅,21.0,23.0,平塚市高村203,11号棟,鉄筋コンクリート造、鉄骨鉄筋コンクリート造,8,N,802号室,2DK,50,8,62000,3100,2か月,['近居割WIDE'],随時,https://www.ur-net.go.jp/chintai/kanto/kanagawa/40_1780_room.html?JKSS=000110802,<li>JR東海道本線「平塚」駅バス20分 徒歩1～3分</li><li>小田急小田原線「伊勢原」駅バス33分 徒歩2～5分</li><li>JR東海道本線「大磯」駅 徒歩53～56分</li>
kanagawa,shonan,サンヴァリエ平塚,65100,,,,小田急小田原線「伊勢原」駅,35.0,38.0,平塚市高村203,11号棟,鉄筋コンクリート造、鉄骨鉄筋コンクリート造,8,N,802号室,2DK,50,8,62000,3100,2か月,['近居割WIDE'],随時,https://www.ur-net.go.jp/chintai/kanto/kanagawa/40_1780_room.html?JKSS=000110802,<li>JR東海道本線「平塚」駅バス20分 徒歩1～3分</li><li>小田急小田原線「伊勢原」駅バス33分 徒歩2～5分</li><li>JR東海道本線「大磯」駅 徒歩53～56分</li>
kanagawa,shonan,サンヴァリエ平塚,65100,JR東海道本線「大磯」駅,53.0,56.0,,,,平塚市高村203,11号棟,鉄筋コンクリート造、鉄骨鉄筋コンクリート造,8,N,802号室,2DK,50,8,62000,3100,2か月,['近居割WIDE'],随時,https://www.ur-net.go.jp/chintai/kanto/kanagawa/40_1780_room.html?JKSS=000110802,<li>JR東海道本線「平塚」駅バス20分 徒歩1～3分</li><li>小田急小田原線「伊勢原」駅バス33分 徒歩2～5分</li><li>JR東海道本線「大磯」駅 徒歩53～56分</li>
kanagawa,shonan,サンヴァリエ平塚,65100,,,,,,,平塚市高村203,11号棟,鉄筋コンクリート造、鉄骨鉄筋コンクリート造,8,N,802号室,2DK,50,8,62000,3100,2か月,['近居割WIDE'],随時,https://www.ur-net.go.jp/chintai/kanto/kanagawa/40_1780_room.html?JKSS=000110802,<li>JR東海道本線「平塚」駅バス20分 徒歩1～3分</li><li>小田急小田原線「伊勢原」駅バス33分 徒歩2～5分</li><li>JR東海道本線「大磯」駅 徒歩53～56分</li>
kanagawa,shonan,サンヴァリエ平塚,65100,,,,JR東海道本線「平塚」駅,21.0,23.0,平塚市高村203,16号棟,鉄筋コンクリート造、鉄骨鉄筋コンクリート造,8,N,808号室,2DK,50,8,62000,3100,2か月,['近居割WIDE'],随時,https://www.ur-net.go.jp/chintai/kanto/kanagawa/40_1780_room.html?JKSS=000160808,<li>JR東海道本線「平塚」駅バス20分 徒歩1～3分</li><li>小田急小田原線「伊勢原」駅バス33分 徒歩2～5分</li><li>JR東海道本線「大磯」駅 徒歩53～56分</li>
kanagawa,shonan,サンヴァリエ平塚,65100,,,,小田急小田原線「伊勢原」駅,35.0,38.0,平塚市高村203,16号棟,鉄筋コンクリート造、鉄骨鉄筋コンクリート造,8,N,808号室,2DK,50,8,62000,3100,2か月,['近居割WIDE'],随時,https://www.ur-net.go.jp/chintai/kanto/kanagawa/40_1780_room.html?JKSS=000160808,<li>JR東海道本線「平塚」駅バス20分 徒歩1～3分</li><li>小田急小田原線「伊勢原」駅バス33分 徒歩2～5分</li><li>JR東海道本線「大磯」駅 徒歩53～56分</li>
kanagawa,shonan,サンヴァリエ平塚,65100,JR東海道本線「大磯」駅,53.0,56.0,,,,平塚市高村203,16号棟,鉄筋コンクリート造、鉄骨鉄筋コンクリート造,8,N,808号室,2DK,50,8,62000,3100,2か月,['近居割WIDE'],随時,https://www.ur-net.go.jp/chintai/kanto/kanagawa/40_1780_room.html?JKSS=000160808,<li>JR東海道本線「平塚」駅バス20分 徒歩1～3分</li><li>小田急小田原線「伊勢原」駅バス33分 徒歩2～5分</li><li>JR東海道本線「大磯」駅 徒歩53～56分</li>
kanagawa,shonan,サンヴァリエ平塚,65100,,,,,,,平塚市高村203,16号棟,鉄筋コンクリート造、鉄骨鉄筋コンクリート造,8,N,808号室,2DK,50,8,62000,3100,2か月,['近居割WIDE'],随時,https://www.ur-net.go.jp/chintai/kanto/kanagawa/40_1780_room.html?JKSS=000160808,<li>JR東海道本線「平塚」駅バス20分 徒歩1～3分</li><li>小田急小田原線「伊勢原」駅バス33分 徒歩2～5分</li><li>JR東海道本線「大磯」駅 徒歩53～56分</li>
kanagawa,shonan,サンヴァリエ平塚,65100,,,,JR東海道本線「平塚」駅,21.0,23.0,平塚市高村203,17号棟,鉄筋コンクリート造、鉄骨鉄筋コンクリート造,5,N,506号室,2DK,50,8,62000,3100,2か月,['近居割WIDE'],随時,https://www.ur-net.go.jp/chintai/kanto/kanagawa/40_1780_room.html?JKSS=000170506,<li>JR東海道本線「平塚」駅バス20分 徒歩1～3分</li><li>小田急小田原線「伊勢原」駅バス33分 徒歩2～5分</li><li>JR東海道本線「大磯」駅 徒歩53～56分</li>
kanagawa,shonan,サンヴァリエ平塚,65100,,,,小田急小田原線「伊勢原」駅,35.0,38.0,平塚市高村203,17号棟,鉄筋コンクリート造、鉄骨鉄筋コンクリート造,5,N,506号室,2DK,50,8,62000,3100,2か月,['近居割WIDE'],随時,https://www.ur-net.go.jp/chintai/kanto/kanagawa/40_1780_room.html?JKSS=000170506,<li>JR東海道本線「平塚」駅バス20分 徒歩1～3分</li><li>小田急小田原線「伊勢原」駅バス33分 徒歩2～5分</li><li>JR東海道本線「大磯」駅 徒歩53～56分</li>
kanagawa,shonan,サンヴァリエ平塚,65100,JR東海道本線「大磯」駅,53.0,56.0,,,,平塚市高村203,17号棟,鉄筋コンクリート造、鉄骨鉄筋コンクリート造,5,N,506号室,2DK,50,8,62000,3100,2か月,['近居割WIDE'],随時,https://www.ur-net.go.jp/chintai/kanto/kanagawa/40_1780_room.html?JKSS=000170506,<li>JR東海道本線「平塚」駅バス20分 徒歩1～3分</li><li>小田急小田原線「伊勢原」駅バス33分 徒歩2～5分</li><li>JR東海道本線「大磯」駅 徒歩53～56分</li>
kanagawa,shonan,サンヴァリエ平塚,65100,,,,,,,平塚市高村203,17号棟,鉄筋コンクリート造、鉄骨鉄筋コンクリート造,5,N,506号室,2DK,50,8,62000,3100,2か月,['近居割WIDE'],随時,https://www.ur-net.go.jp/chintai/kanto/kanagawa/40_1780_room.html?JKSS=000170506,<li>JR東海道本線「平塚」駅バス20分 徒歩1～3分</li><li>小田急小田原線「伊勢原」駅バス33分 徒歩2～5分</li><li>JR東海道本線「大磯」駅 徒歩53～56分</li>
kanagawa,shonan,善行,53100,小田急江ノ島線「善行」駅,11.0,19.0,小田急江ノ島線「善行」駅,5.0,13.0,藤沢市善行団地1-1ほか,2-6号棟,鉄筋コンクリート造,5,N,502号室,2DK,41,5,49800,3300,2か月,['URライト（4年定借）'],随時,https://www.ur-net.go.jp/chintai/kanto/kanagawa/40_1040_room.html?JKSS=000206502,<li>小田急江ノ島線「善行」駅 徒歩11～19分 又はバス4～8分 徒歩1～5分</li>
kanagawa,shonan,善行,53100,,,,,,,藤沢市善行団地1-1ほか,2-6号棟,鉄筋コンクリート造,5,N,502号室,2DK,41,5,49800,3300,2か月,['URライト（4年定借）'],随時,https://www.ur-net.go.jp/chintai/kanto/kanagawa/40_1040_room.html?JKSS=000206502,<li>小田急江ノ島線「善行」駅 徒歩11～19分 又はバス4～8分 徒歩1～5分</li>
kanagawa,shonan,善行,55500,小田急江ノ島線「善行」駅,11.0,19.0,小田急江ノ島線「善行」駅,5.0,13.0,藤沢市善行団地1-1ほか,2-13号棟,鉄筋コンクリート造,3,N,304号室,1LDK,41,5,52200,3300,2か月,['URライト（4年定借）'],随時,https://www.ur-net.go.jp/chintai/kanto/kanagawa/40_1040_room.html?JKSS=000213304,<li>小田急江ノ島線「善行」駅 徒歩11～19分 又はバス4～8分 徒歩1～5分</li>
kanagawa,shonan,善行,55500,,,,,,,藤沢市善行団地1-1ほか,2-13号棟,鉄筋コンクリート造,3,N,304号室,1LDK,41,5,52200,3300,2か月,['URライト（4年定借）'],随時,https://www.ur-net.go.jp/chintai/kanto/kanagawa/40_1040_room.html?JKSS=000213304,<li>小田急江ノ島線「善行」駅 徒歩11～19分 又はバス4～8分 徒歩1～5分</li>
kanagawa,shonan,善行,61300,小田急江ノ島線「善行」駅,11.0,19.0,小田急江ノ島線「善行」駅,5.0,13.0,藤沢市善行団地1-1ほか,7-2号棟,鉄筋コンクリート造,3,N,305号室,3K,45,5,58000,3300,2か月,['URライト（4年定借）'],随時,https://www.ur-net.go.jp/chintai/kanto/kanagawa/40_1040_room.html?JKSS=000702305,<li>小田急江ノ島線「善行」駅 徒歩11～19分 又はバス4～8分 徒歩1～5分</li>
kanagawa,shonan,善行,61300,,,,,,,藤沢市善行団地1-1ほか,7-2号棟,鉄筋コンクリート造,3,N,305号室,3K,45,5,58000,3300,2か月,['URライト（4年定借）'],随時,https://www.ur-net.go.jp/chintai/kanto/kanagawa/40_1040_room.html?JKSS=000702305,<li>小田急江ノ島線「善行」駅 徒歩11～19分 又はバス4～8分 徒歩1～5分</li>
kanagawa,shonan,善行,62400,小田急江ノ島線「善行」駅,11.0,19.0,小田急江ノ島線「善行」駅,5.0,13.0,藤沢市善行団地1-1ほか,5-5号棟,鉄筋コンクリート造,5,N,505号室,3K,48,5,59100,3300,2か月,"['URライト（4年定借）', 'フリレ2か月']",随時,https://www.ur-net.go.jp/chintai/kanto/kanagawa/40_1040_room.html?JKSS=000505505,<li>小田急江ノ島線「善行」駅 徒歩11～19分 又はバス4～8分 徒歩1～5分</li>
kanagawa,shonan,善行,62400,,,,,,,藤沢市善行団地1-1ほか,5-5号棟,鉄筋コンクリート造,5,N,505号室,3K,48,5,59100,3300,2か月,"['URライト（4年定借）', 'フリレ2か月']",随時,https://www.ur-net.go.jp/chintai/kanto/kanagawa/40_1040_room.html?JKSS=000505505,<li>小田急江ノ島線「善行」駅 徒歩11～19分 又はバス4～8分 徒歩1～5分</li>
kanagawa,shonan,善行,64600,小田急江ノ島線「善行」駅,11.0,19.0,小田急江ノ島線「善行」駅,5.0,13.0,藤沢市善行団地1-1ほか,3-9号棟,鉄筋コンクリート造,5,N,505号室,3DK,50,5,61300,3300,2か月,"['近居割', '近居割WIDE']",随時,https://www.ur-net.go.jp/chintai/kanto/kanagawa/40_1040_room.html?JKSS=000309505,<li>小田急江ノ島線「善行」駅 徒歩11～19分 又はバス4～8分 徒歩1～5分</li>
kanagawa,shonan,善行,64600,,,,,,,藤沢市善行団地1-1ほか,3-9号棟,鉄筋コンクリート造,5,N,505号室,3DK,50,5,61300,3300,2か月,"['近居割', '近居割WIDE']",随時,https://www.ur-net.go.jp/chintai/kanto/kanagawa/40_1040_room.html?JKSS=000309505,<li>小田急江ノ島線「善行」駅 徒歩11～19分 又はバス4～8分 徒歩1～5分</li>
kanagawa,shonan,コンフォール茅ヶ崎浜見平,95000,,,,JR東海道本線「茅ケ崎」駅,16.0,18.0,茅ヶ崎市浜見平13番ほか,14-3号棟,鉄筋コンクリート造,6,N,610号室,1DK,44,8,90100,4900,2か月,"['近居割', '近居割WIDE']",随時,https://www.ur-net.go.jp/chintai/kanto/kanagawa/40_4240_room.html?JKSS=014030610,<li>JR東海道本線「茅ケ崎」駅バス14分 徒歩2～4分</li>
kanagawa,shonan,コンフォール茅ヶ崎浜見平,95000,,,,,,,茅ヶ崎市浜見平13番ほか,14-3号棟,鉄筋コンクリート造,6,N,610号室,1DK,44,8,90100,4900,2か月,"['近居割', '近居割WIDE']",随時,https://www.ur-net.go.jp/chintai/kanto/kanagawa/40_4240_room.html?JKSS=014030610,<li>JR東海道本線「茅ケ崎」駅バス14分 徒歩2～4分</li>
kanagawa,shonan,コンフォール茅ヶ崎浜見平,112400,,,,JR東海道本線「茅ケ崎」駅,16.0,18.0,茅ヶ崎市浜見平13番ほか,14-3号棟,鉄筋コンクリート造,2,N,213号室,1LDK,57,8,107500,4900,2か月,"['近居割', '近居割WIDE']",随時,https://www.ur-net.go.jp/chintai/kanto/kanagawa/40_4240_room.html?JKSS=014030213,<li>JR東海道本線「茅ケ崎」駅バス14分 徒歩2～4分</li>
kanagawa,shonan,コンフォール茅ヶ崎浜見平,112400,,,,,,,茅ヶ崎市浜見平13番ほか,14-3号棟,鉄筋コンクリート造,2,N,213号室,1LDK,57,8,107500,4900,2か月,"['近居割', '近居割WIDE']",随時,https://www.ur-net.go.jp/chintai/kanto/kanagawa/40_4240_room.html?JKSS=014030213,<li>JR東海道本線「茅ケ崎」駅バス14分 徒歩2～4分</li>
kanagawa,shonan,コンフォール茅ヶ崎浜見平,130700,,,,JR東海道本線「茅ケ崎」駅,16.0,18.0,茅ヶ崎市浜見平13番ほか,4-4号棟,鉄筋コンクリート造,1,N,102号室,1LDK,49,8,125800,4900,2か月,"['近居割', '近居割WIDE']",随時,https://www.ur-net.go.jp/chintai/kanto/kanagawa/40_4240_room.html?JKSS=004040102,<li>JR東海道本線「茅ケ崎」駅バス14分 徒歩2～4分</li>
kanagawa,shonan,コンフォール茅ヶ崎浜見平,130700,,,,,,,茅ヶ崎市浜見平13番ほか,4-4号棟,鉄筋コンクリート造,1,N,102号室,1LDK,49,8,125800,4900,2か月,"['近居割', '近居割WIDE']",随時,https://www.ur-net.go.jp/chintai/kanto/kanagawa/40_4240_room.html?JKSS=004040102,<li>JR東海道本線「茅ケ崎」駅バス14分 徒歩2～4分</li>
kanagawa,shonan,浜見平,107900,,,,JR東海道本線「茅ケ崎」駅,15.0,15.0,茅ヶ崎市浜見平6-2ほか,6-2号棟,鉄筋コンクリート造,3,N,303号室,3DK,62,5,104000,3900,2か月,"['近居割', '近居割WIDE']",随時,https://www.ur-net.go.jp/chintai/kanto/kanagawa/40_0971_room.html?JKSS=006020303,<li>JR東海道本線「茅ケ崎」駅バス13分 徒歩2分</li>
kanagawa,shonan,浜見平,107900,,,,,,,茅ヶ崎市浜見平6-2ほか,6-2号棟,鉄筋コンクリート造,3,N,303号室,3DK,62,5,104000,3900,2か月,"['近居割', '近居割WIDE']",随時,https://www.ur-net.go.jp/chintai/kanto/kanagawa/40_0971_room.html?JKSS=006020303,<li>JR東海道本線「茅ケ崎」駅バス13分 徒歩2分</li>
kanagawa,shonan,浜見平,116100,,,,JR東海道本線「茅ケ崎」駅,15.0,15.0,茅ヶ崎市浜見平6-2ほか,6-2号棟,鉄筋コンクリート造,2,N,202号室,3LDK,70,5,112200,3900,2か月,"['近居割', '近居割WIDE']",随時,https://www.ur-net.go.jp/chintai/kanto/kanagawa/40_0971_room.html?JKSS=006020202,<li>JR東海道本線「茅ケ崎」駅バス13分 徒歩2分</li>
kanagawa,shonan,浜見平,116100,,,,,,,茅ヶ崎市浜見平6-2ほか,6-2号棟,鉄筋コンクリート造,2,N,202号室,3LDK,70,5,112200,3900,2か月,"['近居割', '近居割WIDE']",随時,https://www.ur-net.go.jp/chintai/kanto/kanagawa/40_0971_room.html?JKSS=006020202,<li>JR東海道本線「茅ケ崎」駅バス13分 徒歩2分</li>
kanagawa,shonan,浜見平,119500,,,,JR東海道本線「茅ケ崎」駅,15.0,15.0,茅ヶ崎市浜見平6-2ほか,6-2号棟,鉄筋コンクリート造,5,N,506号室,3LDK,70,5,115600,3900,2か月,"['近居割', '近居割WIDE']",随時,https://www.ur-net.go.jp/chintai/kanto/kanagawa/40_0971_room.html?JKSS=006020506,<li>JR東海道本線「茅ケ崎」駅バス13分 徒歩2分</li>
kanagawa,shonan,浜見平,119500,,,,,,,茅ヶ崎市浜見平6-2ほか,6-2号棟,鉄筋コンクリート造,5,N,506号室,3LDK,70,5,115600,3900,2か月,"['近居割', '近居割WIDE']",随時,https://www.ur-net.go.jp/chintai/kanto/kanagawa/40_0971_room.html?JKSS=006020506,<li>JR東海道本線「茅ケ崎」駅バス13分 徒歩2分</li>
kanagawa,shonan,浜見平,123300,,,,JR東海道本線「茅ケ崎」駅,15.0,15.0,茅ヶ崎市浜見平6-2ほか,6-3号棟,鉄筋コンクリート造,4,N,406号室,3LDK,70,5,119400,3900,2か月,['フリレ１か月'],随時,https://www.ur-net.go.jp/chintai/kanto/kanagawa/40_0971_room.html?JKSS=006030406,<li>JR東海道本線「茅ケ崎」駅バス13分 徒歩2分</li>
kanagawa,shonan,浜見平,123300,,,,,,,茅ヶ崎市浜見平6-2ほか,6-3号棟,鉄筋コンクリート造,4,N,406号室,3LDK,70,5,119400,3900,2か月,['フリレ１か月'],随時,https://www.ur-net.go.jp/chintai/kanto/kanagawa/40_0971_room.html?JKSS=006030406,<li>JR東海道本線「茅ケ崎」駅バス13分 徒歩2分</li>
chiba,hanamigawa,花見川（第１次～第４次）,50250,,,,京成本線「八千代台」駅,4.0,18.0,千葉市花見川区花見川1ほか,2-10号棟,鉄筋コンクリート造,3,N,302号室,2DK,45,5,47500,2750,2か月,"['近居割', '近居割WIDE']",随時,https://www.ur-net.go.jp/chintai/kanto/chiba/30_1681_room.html?JKSS=000210302,<li>京成本線「八千代台」駅バス3～10分 徒歩1～8分</li><li>京成本線「実籾」駅 徒歩30～45分</li><li>京成本線「京成大和田」駅 徒歩31～49分</li>
chiba,hanamigawa,花見川（第１次～第４次）,50250,京成本線「実籾」駅,30.0,45.0,,,,千葉市花見川区花見川1ほか,2-10号棟,鉄筋コンクリート造,3,N,302号室,2DK,45,5,47500,2750,2か月,"['近居割', '近居割WIDE']",随時,https://www.ur-net.go.jp/chintai/kanto/chiba/30_1681_room.html?JKSS=000210302,<li>京成本線「八千代台」駅バス3～10分 徒歩1～8分</li><li>京成本線「実籾」駅 徒歩30～45分</li><li>京成本線「京成大和田」駅 徒歩31～49分</li>
chiba,hanamigawa,花見川（第１次～第４次）,50250,京成本線「京成大和田」駅,31.0,49.0,,,,千葉市花見川区花見川1ほか,2-10号棟,鉄筋コンクリート造,3,N,302号室,2DK,45,5,47500,2750,2か月,"['近居割', '近居割WIDE']",随時,https://www.ur-net.go.jp/chintai/kanto/chiba/30_1681_room.html?JKSS=000210302,<li>京成本線「八千代台」駅バス3～10分 徒歩1～8分</li><li>京成本線「実籾」駅 徒歩30～45分</li><li>京成本線「京成大和田」駅 徒歩31～49分</li>
chiba,hanamigawa,花見川（第１次～第４次）,50250,,,,,,,千葉市花見川区花見川1ほか,2-10号棟,鉄筋コンクリート造,3,N,302号室,2DK,45,5,47500,2750,2か月,"['近居割', '近居割WIDE']",随時,https://www.ur-net.go.jp/chintai/kanto/chiba/30_1681_room.html?JKSS=000210302,<li>京成本線「八千代台」駅バス3～10分 徒歩1～8分</li><li>京成本線「実籾」駅 徒歩30～45分</li><li>京成本線「京成大和田」駅 徒歩31～49分</li>
chiba,hanamigawa,花見川（第１次～第４次）,53850,,,,京成本線「八千代台」駅,4.0,18.0,千葉市花見川区花見川1ほか,3-11号棟,鉄筋コンクリート造,4,N,401号室,3DK,56,5,51100,2750,2か月,"['近居割', '近居割WIDE']",随時,https://www.ur-net.go.jp/chintai/kanto/chiba/30_1681_room.html?JKSS=000311401,<li>京成本線「八千代台」駅バス3～10分 徒歩1～8分</li><li>京成本線「実籾」駅 徒歩30～45分</li><li>京成本線「京成大和田」駅 徒歩31～49分</li>
chiba,hanamigawa,花見川（第１次～第４次）,53850,京成本線「実籾」駅,30.0,45.0,,,,千葉市花見川区花見川1ほか,3-11号棟,鉄筋コンクリート造,4,N,401号室,3DK,56,5,51100,2750,2か月,"['近居割', '近居割WIDE']",随時,https://www.ur-net.go.jp/chintai/kanto/chiba/30_1681_room.html?JKSS=000311401,<li>京成本線「八千代台」駅バス3～10分 徒歩1～8分</li><li>京成本線「実籾」駅 徒歩30～45分</li><li>京成本線「京成大和田」駅 徒歩31～49分</li>
chiba,hanamigawa,花見川（第１次～第４次）,53850,京成本線「京成大和田」駅,31.0,49.0,,,,千葉市花見川区花見川1ほか,3-11号棟,鉄筋コンクリート造,4,N,401号室,3DK,56,5,51100,2750,2か月,"['近居割', '近居割WIDE']",随時,https://www.ur-net.go.jp/chintai/kanto/chiba/30_1681_room.html?JKSS=000311401,<li>京成本線「八千代台」駅バス3～10分 徒歩1～8分</li><li>京成本線「実籾」駅 徒歩30～45分</li><li>京成本線「京成大和田」駅 徒歩31～49分</li>
chiba,hanamigawa,花見川（第１次～第４次）,53850,,,,,,,千葉市花見川区花見川1ほか,3-11号棟,鉄筋コンクリート造,4,N,401号室,3DK,56,5,51100,2750,2か月,"['近居割', '近居割WIDE']",随時,https://www.ur-net.go.jp/chintai/kanto/chiba/30_1681_room.html?JKSS=000311401,<li>京成本線「八千代台」駅バス3～10分 徒歩1～8分</li><li>京成本線「実籾」駅 徒歩30～45分</li><li>京成本線「京成大和田」駅 徒歩31～49分</li>
chiba,hanamigawa,花見川（第１次～第４次）,54050,,,,京成本線「八千代台」駅,4.0,18.0,千葉市花見川区花見川1ほか,1-15号棟,鉄筋コンクリート造,2,N,202号室,3DK,53,5,51300,2750,2か月,"['近居割', '近居割WIDE']",随時,https://www.ur-net.go.jp/chintai/kanto/chiba/30_1681_room.html?JKSS=000115202,<li>京成本線「八千代台」駅バス3～10分 徒歩1～8分</li><li>京成本線「実籾」駅 徒歩30～45分</li><li>京成本線「京成大和田」駅 徒歩31～49分</li>
chiba,hanamigawa,花見川（第１次～第４次）,54050,京成本線「実籾」駅,30.0,45.0,,,,千葉市花見川区花見川1ほか,1-15号棟,鉄筋コンクリート造,2,N,202号室,3DK,53,5,51300,2750,2か月,"['近居割', '近居割WIDE']",随時,https://www.ur-net.go.jp/chintai/kanto/chiba/30_1681_room.html?JKSS=000115202,<li>京成本線「八千代台」駅バス3～10分 徒歩1～8分</li><li>京成本線「実籾」駅 徒歩30～45分</li><li>京成本線「京成大和田」駅 徒歩31～49分</li>
chiba,hanamigawa,花見川（第１次～第４次）,54050,京成本線「京成大和田」駅,31.0,49.0,,,,千葉市花見川区花見川1ほか,1-15号棟,鉄筋コンクリート造,2,N,202号室,3DK,53,5,51300,2750,2か月,"['近居割', '近居割WIDE']",随時,https://www.ur-net.go.jp/chintai/kanto/chiba/30_1681_room.html?JKSS=000115202,<li>京成本線「八千代台」駅バス3～10分 徒歩1～8分</li><li>京成本線「実籾」駅 徒歩30～45分</li><li>京成本線「京成大和田」駅 徒歩31～49分</li>
chiba,hanamigawa,花見川（第１次～第４次）,54050,,,,,,,千葉市花見川区花見川1ほか,1-15号棟,鉄筋コンクリート造,2,N,202号室,3DK,53,5,51300,2750,2か月,"['近居割', '近居割WIDE']",随時,https://www.ur-net.go.jp/chintai/kanto/chiba/30_1681_room.html?JKSS=000115202,<li>京成本線「八千代台」駅バス3～10分 徒歩1～8分</li><li>京成本線「実籾」駅 徒歩30～45分</li><li>京成本線「京成大和田」駅 徒歩31～49分</li>
chiba,inageekimae,リバーサイド本千葉（千葉出洲港）,46600,JR外房線「本千葉」駅,10.0,15.0,,,,千葉市中央区出洲港７,2号棟,鉄筋コンクリート造,5,N,506号室,1DK,33,7,42200,4400,2か月,"['近居割', '近居割WIDE']",随時,https://www.ur-net.go.jp/chintai/kanto/chiba/30_2190_room.html?JKSS=000002506,<li>JR外房線「本千葉」駅 徒歩10～15分</li><li>千葉都市モノレール「県庁前」駅 徒歩13～17分</li><li>京成千葉線「千葉中央」駅 徒歩17～19分</li>
chiba,inageekimae,リバーサイド本千葉（千葉出洲港）,46600,千葉都市モノレール「県庁前」駅,13.0,17.0,,,,千葉市中央区出洲港７,2号棟,鉄筋コンクリート造,5,N,506号室,1DK,33,7,42200,4400,2か月,"['近居割', '近居割WIDE']",随時,https://www.ur-net.go.jp/chintai/kanto/chiba/30_2190_room.html?JKSS=000002506,<li>JR外房線「本千葉」駅 徒歩10～15分</li><li>千葉都市モノレール「県庁前」駅 徒歩13～17分</li><li>京成千葉線「千葉中央」駅 徒歩17～19分</li>
chiba,inageekimae,リバーサイド本千葉（千葉出洲港）,46600,京成千葉線「千葉中央」駅,17.0,19.0,,,,千葉市中央区出洲港７,2号棟,鉄筋コンクリート造,5,N,506号室,1DK,33,7,42200,4400,2か月,"['近居割', '近居割WIDE']",随時,https://www.ur-net.go.jp/chintai/kanto/chiba/30_2190_room.html?JKSS=000002506,<li>JR外房線「本千葉」駅 徒歩10～15分</li><li>千葉都市モノレール「県庁前」駅 徒歩13～17分</li><li>京成千葉線「千葉中央」駅 徒歩17～19分</li>
chiba,inageekimae,リバーサイド本千葉（千葉出洲港）,46600,,,,,,,千葉市中央区出洲港７,2号棟,鉄筋コンクリート造,5,N,506号室,1DK,33,7,42200,4400,2か月,"['近居割', '近居割WIDE']",随時,https://www.ur-net.go.jp/chintai/kanto/chiba/30_2190_room.html?JKSS=000002506,<li>JR外房線「本千葉」駅 徒歩10～15分</li><li>千葉都市モノレール「県庁前」駅 徒歩13～17分</li><li>京成千葉線「千葉中央」駅 徒歩17～19分</li>
chiba,inageekimae,千葉幸町,55300,京成千葉線「みどり台」駅,11.0,20.0,,,,千葉市美浜区幸町2,11-21号棟,鉄筋コンクリート造,3,N,301号室,3K,45,5,52200,3100,2か月,['近居割WIDE'],随時,https://www.ur-net.go.jp/chintai/kanto/chiba/30_1810_room.html?JKSS=011021301,<li>京成千葉線「みどり台」駅 徒歩11～20分</li><li>JR京葉線「稲毛海岸」駅 徒歩19～23分</li><li>JR総武線「稲毛」駅 徒歩22～26分</li><li>京成千葉線「京成稲毛」駅 徒歩21～28分</li><li>JR総武線「西千葉」駅 徒歩14～26分</li><li>京成千葉線「西登戸」駅 徒歩10～24分</li>
chiba,inageekimae,千葉幸町,55300,JR京葉線「稲毛海岸」駅,19.0,23.0,,,,千葉市美浜区幸町2,11-21号棟,鉄筋コンクリート造,3,N,301号室,3K,45,5,52200,3100,2か月,['近居割WIDE'],随時,https://www.ur-net.go.jp/chintai/kanto/chiba/30_1810_room.html?JKSS=011021301,<li>京成千葉線「みどり台」駅 徒歩11～20分</li><li>JR京葉線「稲毛海岸」駅 徒歩19～23分</li><li>JR総武線「稲毛」駅 徒歩22～26分</li><li>京成千葉線「京成稲毛」駅 徒歩21～28分</li><li>JR総武線「西千葉」駅 徒歩14～26分</li><li>京成千葉線「西登戸」駅 徒歩10～24分</li>
chiba,inageekimae,千葉幸町,55300,JR総武線「稲毛」駅,22.0,26.0,,,,千葉市美浜区幸町2,11-21号棟,鉄筋コンクリート造,3,N,301号室,3K,45,5,52200,3100,2か月,['近居割WIDE'],随時,https://www.ur-net.go.jp/chintai/kanto/chiba/30_1810_room.html?JKSS=011021301,<li>京成千葉線「みどり台」駅 徒歩11～20分</li><li>JR京葉線「稲毛海岸」駅 徒歩19～23分</li><li>JR総武線「稲毛」駅 徒歩22～26分</li><li>京成千葉線「京成稲毛」駅 徒歩21～28分</li><li>JR総武線「西千葉」駅 徒歩14～26分</li><li>京成千葉線「西登戸」駅 徒歩10～24分</li>
chiba,inageekimae,千葉幸町,55300,京成千葉線「京成稲毛」駅,21.0,28.0,,,,千葉市美浜区幸町2,11-21号棟,鉄筋コンクリート造,3,N,301号室,3K,45,5,52200,3100,2か月,['近居割WIDE'],随時,https://www.ur-net.go.jp/chintai/kanto/chiba/30_1810_room.html?JKSS=011021301,<li>京成千葉線「みどり台」駅 徒歩11～20分</li><li>JR京葉線「稲毛海岸」駅 徒歩19～23分</li><li>JR総武線「稲毛」駅 徒歩22～26分</li><li>京成千葉線「京成稲毛」駅 徒歩21～28分</li><li>JR総武線「西千葉」駅 徒歩14～26分</li><li>京成千葉線「西登戸」駅 徒歩10～24分</li>
chiba,inageekimae,千葉幸町,55300,JR総武線「西千葉」駅,14.0,26.0,,,,千葉市美浜区幸町2,11-21号棟,鉄筋コンクリート造,3,N,301号室,3K,45,5,52200,3100,2か月,['近居割WIDE'],随時,https://www.ur-net.go.jp/chintai/kanto/chiba/30_1810_room.html?JKSS=011021301,<li>京成千葉線「みどり台」駅 徒歩11～20分</li><li>JR京葉線「稲毛海岸」駅 徒歩19～23分</li><li>JR総武線「稲毛」駅 徒歩22～26分</li><li>京成千葉線「京成稲毛」駅 徒歩21～28分</li><li>JR総武線「西千葉」駅 徒歩14～26分</li><li>京成千葉線「西登戸」駅 徒歩10～24分</li>
chiba,inageekimae,千葉幸町,55300,京成千葉線「西登戸」駅,10.0,24.0,,,,千葉市美浜区幸町2,11-21号棟,鉄筋コンクリート造,3,N,301号室,3K,45,5,52200,3100,2か月,['近居割WIDE'],随時,https://www.ur-net.go.jp/chintai/kanto/chiba/30_1810_room.html?JKSS=011021301,<li>京成千葉線「みどり台」駅 徒歩11～20分</li><li>JR京葉線「稲毛海岸」駅 徒歩19～23分</li><li>JR総武線「稲毛」駅 徒歩22～26分</li><li>京成千葉線「京成稲毛」駅 徒歩21～28分</li><li>JR総武線「西千葉」駅 徒歩14～26分</li><li>京成千葉線「西登戸」駅 徒歩10～24分</li>
chiba,inageekimae,千葉幸町,55300,,,,,,,千葉市美浜区幸町2,11-21号棟,鉄筋コンクリート造,3,N,301号室,3K,45,5,52200,3100,2か月,['近居割WIDE'],随時,https://www.ur-net.go.jp/chintai/kanto/chiba/30_1810_room.html?JKSS=011021301,<li>京成千葉線「みどり台」駅 徒歩11～20分</li><li>JR京葉線「稲毛海岸」駅 徒歩19～23分</li><li>JR総武線「稲毛」駅 徒歩22～26分</li><li>京成千葉線「京成稲毛」駅 徒歩21～28分</li><li>JR総武線「西千葉」駅 徒歩14～26分</li><li>京成千葉線「西登戸」駅 徒歩10～24分</li>
chiba,inagekaigan,ウインズタウン稲毛海岸,109500,JR京葉線「稲毛海岸」駅,15.0,19.0,,,,千葉市美浜区高浜1-14ほか,7号棟,鉄筋コンクリート造,11,N,1102号室,1LDK,52,13,104300,5200,2か月,"['近居割', '近居割WIDE']",随時,https://www.ur-net.go.jp/chintai/kanto/chiba/30_5890_room.html?JKSS=000071102,<li>JR京葉線「稲毛海岸」駅 徒歩15～19分</li><li>JR総武線「稲毛」駅バス7分 徒歩1～7分</li><li>京成千葉線「京成稲毛」駅 徒歩31～33分</li>
chiba,inagekaigan,ウインズタウン稲毛海岸,109500,,,,JR総武線「稲毛」駅,8.0,14.0,千葉市美浜区高浜1-14ほか,7号棟,鉄筋コンクリート造,11,N,1102号室,1LDK,52,13,104300,5200,2か月,"['近居割', '近居割WIDE']",随時,https://www.ur-net.go.jp/chintai/kanto/chiba/30_5890_room.html?JKSS=000071102,<li>JR京葉線「稲毛海岸」駅 徒歩15～19分</li><li>JR総武線「稲毛」駅バス7分 徒歩1～7分</li><li>京成千葉線「京成稲毛」駅 徒歩31～33分</li>
chiba,inagekaigan,ウインズタウン稲毛海岸,109500,京成千葉線「京成稲毛」駅,31.0,33.0,,,,千葉市美浜区高浜1-14ほか,7号棟,鉄筋コンクリート造,11,N,1102号室,1LDK,52,13,104300,5200,2か月,"['近居割', '近居割WIDE']",随時,https://www.ur-net.go.jp/chintai/kanto/chiba/30_5890_room.html?JKSS=000071102,<li>JR京葉線「稲毛海岸」駅 徒歩15～19分</li><li>JR総武線「稲毛」駅バス7分 徒歩1～7分</li><li>京成千葉線「京成稲毛」駅 徒歩31～33分</li>
chiba,inagekaigan,ウインズタウン稲毛海岸,109500,,,,,,,千葉市美浜区高浜1-14ほか,7号棟,鉄筋コンクリート造,11,N,1102号室,1LDK,52,13,104300,5200,2か月,"['近居割', '近居割WIDE']",随時,https://www.ur-net.go.jp/chintai/kanto/chiba/30_5890_room.html?JKSS=000071102,<li>JR京葉線「稲毛海岸」駅 徒歩15～19分</li><li>JR総武線「稲毛」駅バス7分 徒歩1～7分</li><li>京成千葉線「京成稲毛」駅 徒歩31～33分</li>
chiba,makuhari,幕張ベイタウンミラリオ,166000,JR京葉線「海浜幕張」駅,18.0,21.0,,,,千葉市美浜区打瀬2-22 ミラリオ,5号棟,鉄筋コンクリート造,3,N,301号室,3LDK,85,14,158500,7500,2か月,"['近居割', '近居割WIDE']",随時,https://www.ur-net.go.jp/chintai/kanto/chiba/30_5600_room.html?JKSS=000050301,<li>JR京葉線「海浜幕張」駅 徒歩18～21分</li><li>JR京葉線「検見川浜」駅 徒歩22～24分</li><li>京成千葉線「検見川」駅 徒歩35～38分</li>
chiba,makuhari,幕張ベイタウンミラリオ,166000,JR京葉線「検見川浜」駅,22.0,24.0,,,,千葉市美浜区打瀬2-22 ミラリオ,5号棟,鉄筋コンクリート造,3,N,301号室,3LDK,85,14,158500,7500,2か月,"['近居割', '近居割WIDE']",随時,https://www.ur-net.go.jp/chintai/kanto/chiba/30_5600_room.html?JKSS=000050301,<li>JR京葉線「海浜幕張」駅 徒歩18～21分</li><li>JR京葉線「検見川浜」駅 徒歩22～24分</li><li>京成千葉線「検見川」駅 徒歩35～38分</li>
chiba,makuhari,幕張ベイタウンミラリオ,166000,京成千葉線「検見川」駅,35.0,38.0,,,,千葉市美浜区打瀬2-22 ミラリオ,5号棟,鉄筋コンクリート造,3,N,301号室,3LDK,85,14,158500,7500,2か月,"['近居割', '近居割WIDE']",随時,https://www.ur-net.go.jp/chintai/kanto/chiba/30_5600_room.html?JKSS=000050301,<li>JR京葉線「海浜幕張」駅 徒歩18～21分</li><li>JR京葉線「検見川浜」駅 徒歩22～24分</li><li>京成千葉線「検見川」駅 徒歩35～38分</li>
chiba,makuhari,幕張ベイタウンミラリオ,166000,,,,,,,千葉市美浜区打瀬2-22 ミラリオ,5号棟,鉄筋コンクリート造,3,N,301号室,3LDK,85,14,158500,7500,2か月,"['近居割', '近居割WIDE']",随時,https://www.ur-net.go.jp/chintai/kanto/chiba/30_5600_room.html?JKSS=000050301,<li>JR京葉線「海浜幕張」駅 徒歩18～21分</li><li>JR京葉線「検見川浜」駅 徒歩22～24分</li><li>京成千葉線「検見川」駅 徒歩35～38分</li>
chiba,makuhari,幕張ベイタウンパティオス１５番街,169780,JR京葉線「海浜幕張」駅,13.0,13.0,JR京葉線「海浜幕張」駅,7.0,7.0,千葉市美浜区打瀬2-10 パティオス15番街,,鉄筋コンクリート造,6,N,614号室,2LDK,69,6,162000,7780,2か月,"['近居割', '近居割WIDE']",随時,https://www.ur-net.go.jp/chintai/kanto/chiba/30_5850_room.html?JKSS=000000614,<li>JR京葉線「海浜幕張」駅 徒歩13分 又はバス6分 徒歩1分</li>
chiba,makuhari,幕張ベイタウンパティオス１５番街,169780,,,,,,,千葉市美浜区打瀬2-10 パティオス15番街,,鉄筋コンクリート造,6,N,614号室,2LDK,69,6,162000,7780,2か月,"['近居割', '近居割WIDE']",随時,https://www.ur-net.go.jp/chintai/kanto/chiba/30_5850_room.html?JKSS=000000614,<li>JR京葉線「海浜幕張」駅 徒歩13分 又はバス6分 徒歩1分</li>
chiba,makuhari,幕張ベイタウンパティオス７番街,181500,JR京葉線「海浜幕張」駅,10.0,10.0,JR京葉線「海浜幕張」駅,8.0,8.0,千葉市美浜区打瀬1-5 パティオス7番街,,鉄筋コンクリート造,6,N,604号室,2LDK,73,6,171700,9800,2か月,"['近居割', '近居割WIDE']",随時,https://www.ur-net.go.jp/chintai/kanto/chiba/30_5410_room.html?JKSS=000000604,<li>JR京葉線「海浜幕張」駅 徒歩10分 又はバス7分 徒歩1分</li>
chiba,makuhari,幕張ベイタウンパティオス７番街,181500,,,,,,,千葉市美浜区打瀬1-5 パティオス7番街,,鉄筋コンクリート造,6,N,604号室,2LDK,73,6,171700,9800,2か月,"['近居割', '近居割WIDE']",随時,https://www.ur-net.go.jp/chintai/kanto/chiba/30_5410_room.html?JKSS=000000604,<li>JR京葉線「海浜幕張」駅 徒歩10分 又はバス7分 徒歩1分</li>
chiba,shinurayasu,浦安マリナイースト２１望海の街,186300,JR京葉線「新浦安」駅,22.0,26.0,JR京葉線「新浦安」駅,8.0,14.0,浦安市明海4-2望海の街,11号棟,鉄筋コンクリート造,24,N,2405号室,2LDK,66,28,179200,7100,2か月,"['近居割', '近居割WIDE']",随時,https://www.ur-net.go.jp/chintai/kanto/chiba/30_5120_room.html?JKSS=000112405,<li>JR京葉線「新浦安」駅 徒歩22～26分 又はバス7～10分 徒歩1～4分</li><li>JR京葉線「舞浜」駅 徒歩56～62分</li><li>東京メトロ東西線「浦安」駅 徒歩51～55分</li>
chiba,shinurayasu,浦安マリナイースト２１望海の街,186300,JR京葉線「舞浜」駅,56.0,62.0,,,,浦安市明海4-2望海の街,11号棟,鉄筋コンクリート造,24,N,2405号室,2LDK,66,28,179200,7100,2か月,"['近居割', '近居割WIDE']",随時,https://www.ur-net.go.jp/chintai/kanto/chiba/30_5120_room.html?JKSS=000112405,<li>JR京葉線「新浦安」駅 徒歩22～26分 又はバス7～10分 徒歩1～4分</li><li>JR京葉線「舞浜」駅 徒歩56～62分</li><li>東京メトロ東西線「浦安」駅 徒歩51～55分</li>
chiba,shinurayasu,浦安マリナイースト２１望海の街,186300,東京メトロ東西線「浦安」駅,51.0,55.0,,,,浦安市明海4-2望海の街,11号棟,鉄筋コンクリート造,24,N,2405号室,2LDK,66,28,179200,7100,2か月,"['近居割', '近居割WIDE']",随時,https://www.ur-net.go.jp/chintai/kanto/chiba/30_5120_room.html?JKSS=000112405,<li>JR京葉線「新浦安」駅 徒歩22～26分 又はバス7～10分 徒歩1～4分</li><li>JR京葉線「舞浜」駅 徒歩56～62分</li><li>東京メトロ東西線「浦安」駅 徒歩51～55分</li>
chiba,shinurayasu,浦安マリナイースト２１望海の街,186300,,,,,,,浦安市明海4-2望海の街,11号棟,鉄筋コンクリート造,24,N,2405号室,2LDK,66,28,179200,7100,2か月,"['近居割', '近居割WIDE']",随時,https://www.ur-net.go.jp/chintai/kanto/chiba/30_5120_room.html?JKSS=000112405,<li>JR京葉線「新浦安」駅 徒歩22～26分 又はバス7～10分 徒歩1～4分</li><li>JR京葉線「舞浜」駅 徒歩56～62分</li><li>東京メトロ東西線「浦安」駅 徒歩51～55分</li>
chiba,shinurayasu,浦安マリナイースト２１海園の街,193900,JR京葉線「新浦安」駅,25.0,29.0,JR京葉線「新浦安」駅,12.0,14.0,浦安市明海3-2海園の街,9号棟,鉄筋コンクリート造,5,N,504号室,3LDK,78,9,185900,8000,2か月,"['近居割', '近居割WIDE']",随時,https://www.ur-net.go.jp/chintai/kanto/chiba/30_5830_room.html?JKSS=000090504,<li>JR京葉線「新浦安」駅 徒歩25～29分 又はバス10分 徒歩2～4分</li><li>JR京葉線「舞浜」駅 徒歩54～59分</li><li>東京メトロ東西線「浦安」駅 徒歩54～59分</li>
chiba,shinurayasu,浦安マリナイースト２１海園の街,193900,JR京葉線「舞浜」駅,54.0,59.0,,,,浦安市明海3-2海園の街,9号棟,鉄筋コンクリート造,5,N,504号室,3LDK,78,9,185900,8000,2か月,"['近居割', '近居割WIDE']",随時,https://www.ur-net.go.jp/chintai/kanto/chiba/30_5830_room.html?JKSS=000090504,<li>JR京葉線「新浦安」駅 徒歩25～29分 又はバス10分 徒歩2～4分</li><li>JR京葉線「舞浜」駅 徒歩54～59分</li><li>東京メトロ東西線「浦安」駅 徒歩54～59分</li>
chiba,shinurayasu,浦安マリナイースト２１海園の街,193900,東京メトロ東西線「浦安」駅,54.0,59.0,,,,浦安市明海3-2海園の街,9号棟,鉄筋コンクリート造,5,N,504号室,3LDK,78,9,185900,8000,2か月,"['近居割', '近居割WIDE']",随時,https://www.ur-net.go.jp/chintai/kanto/chiba/30_5830_room.html?JKSS=000090504,<li>JR京葉線「新浦安」駅 徒歩25～29分 又はバス10分 徒歩2～4分</li><li>JR京葉線「舞浜」駅 徒歩54～59分</li><li>東京メトロ東西線「浦安」駅 徒歩54～59分</li>
chiba,shinurayasu,浦安マリナイースト２１海園の街,193900,,,,,,,浦安市明海3-2海園の街,9号棟,鉄筋コンクリート造,5,N,504号室,3LDK,78,9,185900,8000,2か月,"['近居割', '近居割WIDE']",随時,https://www.ur-net.go.jp/chintai/kanto/chiba/30_5830_room.html?JKSS=000090504,<li>JR京葉線「新浦安」駅 徒歩25～29分 又はバス10分 徒歩2～4分</li><li>JR京葉線「舞浜」駅 徒歩54～59分</li><li>東京メトロ東西線「浦安」駅 徒歩54～59分</li>
chiba,shinurayasu,浦安マリナイースト２１海園の街,196200,JR京葉線「新浦安」駅,25.0,29.0,JR京葉線「新浦安」駅,12.0,14.0,浦安市明海3-2海園の街,3号棟,鉄筋コンクリート造,5,N,502号室,2LDK,76,14,188200,8000,2か月,"['近居割', '近居割WIDE']",随時,https://www.ur-net.go.jp/chintai/kanto/chiba/30_5830_room.html?JKSS=000030502,<li>JR京葉線「新浦安」駅 徒歩25～29分 又はバス10分 徒歩2～4分</li><li>JR京葉線「舞浜」駅 徒歩54～59分</li><li>東京メトロ東西線「浦安」駅 徒歩54～59分</li>
chiba,shinurayasu,浦安マリナイースト２１海園の街,196200,JR京葉線「舞浜」駅,54.0,59.0,,,,浦安市明海3-2海園の街,3号棟,鉄筋コンクリート造,5,N,502号室,2LDK,76,14,188200,8000,2か月,"['近居割', '近居割WIDE']",随時,https://www.ur-net.go.jp/chintai/kanto/chiba/30_5830_room.html?JKSS=000030502,<li>JR京葉線「新浦安」駅 徒歩25～29分 又はバス10分 徒歩2～4分</li><li>JR京葉線「舞浜」駅 徒歩54～59分</li><li>東京メトロ東西線「浦安」駅 徒歩54～59分</li>
chiba,shinurayasu,浦安マリナイースト２１海園の街,196200,東京メトロ東西線「浦安」駅,54.0,59.0,,,,浦安市明海3-2海園の街,3号棟,鉄筋コンクリート造,5,N,502号室,2LDK,76,14,188200,8000,2か月,"['近居割', '近居割WIDE']",随時,https://www.ur-net.go.jp/chintai/kanto/chiba/30_5830_room.html?JKSS=000030502,<li>JR京葉線「新浦安」駅 徒歩25～29分 又はバス10分 徒歩2～4分</li><li>JR京葉線「舞浜」駅 徒歩54～59分</li><li>東京メトロ東西線「浦安」駅 徒歩54～59分</li>
chiba,shinurayasu,浦安マリナイースト２１海園の街,196200,,,,,,,浦安市明海3-2海園の街,3号棟,鉄筋コンクリート造,5,N,502号室,2LDK,76,14,188200,8000,2か月,"['近居割', '近居割WIDE']",随時,https://www.ur-net.go.jp/chintai/kanto/chiba/30_5830_room.html?JKSS=000030502,<li>JR京葉線「新浦安」駅 徒歩25～29分 又はバス10分 徒歩2～4分</li><li>JR京葉線「舞浜」駅 徒歩54～59分</li><li>東京メトロ東西線「浦安」駅 徒歩54～59分</li>
chiba,shinurayasu,浦安マリナイースト２１海園の街,240300,JR京葉線「新浦安」駅,25.0,29.0,JR京葉線「新浦安」駅,12.0,14.0,浦安市明海3-2海園の街,8号棟,鉄筋コンクリート造,4,N,405号室,3LDK,93,14,232300,8000,2か月,"['近居割', '近居割WIDE']",随時,https://www.ur-net.go.jp/chintai/kanto/chiba/30_5830_room.html?JKSS=000080405,<li>JR京葉線「新浦安」駅 徒歩25～29分 又はバス10分 徒歩2～4分</li><li>JR京葉線「舞浜」駅 徒歩54～59分</li><li>東京メトロ東西線「浦安」駅 徒歩54～59分</li>
chiba,shinurayasu,浦安マリナイースト２１海園の街,240300,JR京葉線「舞浜」駅,54.0,59.0,,,,浦安市明海3-2海園の街,8号棟,鉄筋コンクリート造,4,N,405号室,3LDK,93,14,232300,8000,2か月,"['近居割', '近居割WIDE']",随時,https://www.ur-net.go.jp/chintai/kanto/chiba/30_5830_room.html?JKSS=000080405,<li>JR京葉線「新浦安」駅 徒歩25～29分 又はバス10分 徒歩2～4分</li><li>JR京葉線「舞浜」駅 徒歩54～59分</li><li>東京メトロ東西線「浦安」駅 徒歩54～59分</li>
chiba,shinurayasu,浦安マリナイースト２１海園の街,240300,東京メトロ東西線「浦安」駅,54.0,59.0,,,,浦安市明海3-2海園の街,8号棟,鉄筋コンクリート造,4,N,405号室,3LDK,93,14,232300,8000,2か月,"['近居割', '近居割WIDE']",随時,https://www.ur-net.go.jp/chintai/kanto/chiba/30_5830_room.html?JKSS=000080405,<li>JR京葉線「新浦安」駅 徒歩25～29分 又はバス10分 徒歩2～4分</li><li>JR京葉線「舞浜」駅 徒歩54～59分</li><li>東京メトロ東西線「浦安」駅 徒歩54～59分</li>
chiba,shinurayasu,浦安マリナイースト２１海園の街,240300,,,,,,,浦安市明海3-2海園の街,8号棟,鉄筋コンクリート造,4,N,405号室,3LDK,93,14,232300,8000,2か月,"['近居割', '近居割WIDE']",随時,https://www.ur-net.go.jp/chintai/kanto/chiba/30_5830_room.html?JKSS=000080405,<li>JR京葉線「新浦安」駅 徒歩25～29分 又はバス10分 徒歩2～4分</li><li>JR京葉線「舞浜」駅 徒歩54～59分</li><li>東京メトロ東西線「浦安」駅 徒歩54～59分</li>
chiba,kitanarashino,高根台（１７３～２８２号棟）,46900,京成松戸線「高根公団」駅,14.0,20.0,,,,船橋市高根台3-2ほか,244号棟,鉄筋コンクリート造,1,N,105号室,2DK,39,4,43300,3600,2か月,"['近居割', '近居割WIDE']",随時,https://www.ur-net.go.jp/chintai/kanto/chiba/30_0830_room.html?JKSS=000244105,<li>京成松戸線「高根公団」駅 徒歩14～20分</li><li>京成松戸線「高根木戸」駅 徒歩13～19分</li><li>京成松戸線「北習志野」駅 徒歩12～20分</li><li>東葉高速線「北習志野」駅 徒歩12～20分</li><li>京成松戸線「滝不動」駅 徒歩21～25分</li>
chiba,kitanarashino,高根台（１７３～２８２号棟）,46900,京成松戸線「高根木戸」駅,13.0,19.0,,,,船橋市高根台3-2ほか,244号棟,鉄筋コンクリート造,1,N,105号室,2DK,39,4,43300,3600,2か月,"['近居割', '近居割WIDE']",随時,https://www.ur-net.go.jp/chintai/kanto/chiba/30_0830_room.html?JKSS=000244105,<li>京成松戸線「高根公団」駅 徒歩14～20分</li><li>京成松戸線「高根木戸」駅 徒歩13～19分</li><li>京成松戸線「北習志野」駅 徒歩12～20分</li><li>東葉高速線「北習志野」駅 徒歩12～20分</li><li>京成松戸線「滝不動」駅 徒歩21～25分</li>
chiba,kitanarashino,高根台（１７３～２８２号棟）,46900,京成松戸線「北習志野」駅,12.0,20.0,,,,船橋市高根台3-2ほか,244号棟,鉄筋コンクリート造,1,N,105号室,2DK,39,4,43300,3600,2か月,"['近居割', '近居割WIDE']",随時,https://www.ur-net.go.jp/chintai/kanto/chiba/30_0830_room.html?JKSS=000244105,<li>京成松戸線「高根公団」駅 徒歩14～20分</li><li>京成松戸線「高根木戸」駅 徒歩13～19分</li><li>京成松戸線「北習志野」駅 徒歩12～20分</li><li>東葉高速線「北習志野」駅 徒歩12～20分</li><li>京成松戸線「滝不動」駅 徒歩21～25分</li>
chiba,kitanarashino,高根台（１７３～２８２号棟）,46900,東葉高速線「北習志野」駅,12.0,20.0,,,,船橋市高根台3-2ほか,244号棟,鉄筋コンクリート造,1,N,105号室,2DK,39,4,43300,3600,2か月,"['近居割', '近居割WIDE']",随時,https://www.ur-net.go.jp/chintai/kanto/chiba/30_0830_room.html?JKSS=000244105,<li>京成松戸線「高根公団」駅 徒歩14～20分</li><li>京成松戸線「高根木戸」駅 徒歩13～19分</li><li>京成松戸線「北習志野」駅 徒歩12～20分</li><li>東葉高速線「北習志野」駅 徒歩12～20分</li><li>京成松戸線「滝不動」駅 徒歩21～25分</li>
chiba,kitanarashino,高根台（１７３～２８２号棟）,46900,京成松戸線「滝不動」駅,21.0,25.0,,,,船橋市高根台3-2ほか,244号棟,鉄筋コンクリート造,1,N,105号室,2DK,39,4,43300,3600,2か月,"['近居割', '近居割WIDE']",随時,https://www.ur-net.go.jp/chintai/kanto/chiba/30_0830_room.html?JKSS=000244105,<li>京成松戸線「高根公団」駅 徒歩14～20分</li><li>京成松戸線「高根木戸」駅 徒歩13～19分</li><li>京成松戸線「北習志野」駅 徒歩12～20分</li><li>東葉高速線「北習志野」駅 徒歩12～20分</li><li>京成松戸線「滝不動」駅 徒歩21～25分</li>
chiba,kitanarashino,高根台（１７３～２８２号棟）,46900,,,,,,,船橋市高根台3-2ほか,244号棟,鉄筋コンクリート造,1,N,105号室,2DK,39,4,43300,3600,2か月,"['近居割', '近居割WIDE']",随時,https://www.ur-net.go.jp/chintai/kanto/chiba/30_0830_room.html?JKSS=000244105,<li>京成松戸線「高根公団」駅 徒歩14～20分</li><li>京成松戸線「高根木戸」駅 徒歩13～19分</li><li>京成松戸線「北習志野」駅 徒歩12～20分</li><li>東葉高速線「北習志野」駅 徒歩12～20分</li><li>京成松戸線「滝不動」駅 徒歩21～25分</li>
chiba,kitanarashino,金杉台,55000,,,,JR総武線「船橋」駅,22.0,27.0,船橋市金杉台1ほか,1-3-14号棟,鉄筋コンクリート造,4,N,403号室,3DK,51,5,52400,2600,2か月,"['近居割', '近居割WIDE']",随時,https://www.ur-net.go.jp/chintai/kanto/chiba/30_2110_room.html?JKSS=103014403,<li>JR総武線「船橋」駅バス20分 徒歩2～7分</li><li>京成松戸線「高根公団」駅 徒歩26～33分</li><li>京成松戸線「三咲」駅 徒歩29～32分</li><li>東武野田線「馬込沢」駅 徒歩38～42分</li>
chiba,kitanarashino,金杉台,55000,京成松戸線「高根公団」駅,26.0,33.0,,,,船橋市金杉台1ほか,1-3-14号棟,鉄筋コンクリート造,4,N,403号室,3DK,51,5,52400,2600,2か月,"['近居割', '近居割WIDE']",随時,https://www.ur-net.go.jp/chintai/kanto/chiba/30_2110_room.html?JKSS=103014403,<li>JR総武線「船橋」駅バス20分 徒歩2～7分</li><li>京成松戸線「高根公団」駅 徒歩26～33分</li><li>京成松戸線「三咲」駅 徒歩29～32分</li><li>東武野田線「馬込沢」駅 徒歩38～42分</li>
chiba,kitanarashino,金杉台,55000,京成松戸線「三咲」駅,29.0,32.0,,,,船橋市金杉台1ほか,1-3-14号棟,鉄筋コンクリート造,4,N,403号室,3DK,51,5,52400,2600,2か月,"['近居割', '近居割WIDE']",随時,https://www.ur-net.go.jp/chintai/kanto/chiba/30_2110_room.html?JKSS=103014403,<li>JR総武線「船橋」駅バス20分 徒歩2～7分</li><li>京成松戸線「高根公団」駅 徒歩26～33分</li><li>京成松戸線「三咲」駅 徒歩29～32分</li><li>東武野田線「馬込沢」駅 徒歩38～42分</li>
chiba,kitanarashino,金杉台,55000,東武野田線「馬込沢」駅,38.0,42.0,,,,船橋市金杉台1ほか,1-3-14号棟,鉄筋コンクリート造,4,N,403号室,3DK,51,5,52400,2600,2か月,"['近居割', '近居割WIDE']",随時,https://www.ur-net.go.jp/chintai/kanto/chiba/30_2110_room.html?JKSS=103014403,<li>JR総武線「船橋」駅バス20分 徒歩2～7分</li><li>京成松戸線「高根公団」駅 徒歩26～33分</li><li>京成松戸線「三咲」駅 徒歩29～32分</li><li>東武野田線「馬込沢」駅 徒歩38～42分</li>
chiba,kitanarashino,金杉台,55000,,,,,,,船橋市金杉台1ほか,1-3-14号棟,鉄筋コンクリート造,4,N,403号室,3DK,51,5,52400,2600,2か月,"['近居割', '近居割WIDE']",随時,https://www.ur-net.go.jp/chintai/kanto/chiba/30_2110_room.html?JKSS=103014403,<li>JR総武線「船橋」駅バス20分 徒歩2～7分</li><li>京成松戸線「高根公団」駅 徒歩26～33分</li><li>京成松戸線「三咲」駅 徒歩29～32分</li><li>東武野田線「馬込沢」駅 徒歩38～42分</li>
chiba,kitanarashino,習志野台,61750,京成松戸線「北習志野」駅,9.0,18.0,,,,船橋市習志野台3-5ほか,5-30号棟,鉄筋コンクリート造,5,N,502号室,3K,48,5,59300,2450,2か月,"['近居割', '近居割WIDE']",随時,https://www.ur-net.go.jp/chintai/kanto/chiba/30_1510_room.html?JKSS=000530502,<li>京成松戸線「北習志野」駅 徒歩9～18分</li><li>東葉高速線「北習志野」駅 徒歩9～15分</li><li>東葉高速線「船橋日大前」駅 徒歩14～24分</li><li>京成松戸線「習志野」駅 徒歩15～26分</li>
chiba,kitanarashino,習志野台,61750,東葉高速線「北習志野」駅,9.0,15.0,,,,船橋市習志野台3-5ほか,5-30号棟,鉄筋コンクリート造,5,N,502号室,3K,48,5,59300,2450,2か月,"['近居割', '近居割WIDE']",随時,https://www.ur-net.go.jp/chintai/kanto/chiba/30_1510_room.html?JKSS=000530502,<li>京成松戸線「北習志野」駅 徒歩9～18分</li><li>東葉高速線「北習志野」駅 徒歩9～15分</li><li>東葉高速線「船橋日大前」駅 徒歩14～24分</li><li>京成松戸線「習志野」駅 徒歩15～26分</li>
chiba,kitanarashino,習志野台,61750,東葉高速線「船橋日大前」駅,14.0,24.0,,,,船橋市習志野台3-5ほか,5-30号棟,鉄筋コンクリート造,5,N,502号室,3K,48,5,59300,2450,2か月,"['近居割', '近居割WIDE']",随時,https://www.ur-net.go.jp/chintai/kanto/chiba/30_1510_room.html?JKSS=000530502,<li>京成松戸線「北習志野」駅 徒歩9～18分</li><li>東葉高速線「北習志野」駅 徒歩9～15分</li><li>東葉高速線「船橋日大前」駅 徒歩14～24分</li><li>京成松戸線「習志野」駅 徒歩15～26分</li>
chiba,kitanarashino,習志野台,61750,京成松戸線「習志野」駅,15.0,26.0,,,,船橋市習志野台3-5ほか,5-30号棟,鉄筋コンクリート造,5,N,502号室,3K,48,5,59300,2450,2か月,"['近居割', '近居割WIDE']",随時,https://www.ur-net.go.jp/chintai/kanto/chiba/30_1510_room.html?JKSS=000530502,<li>京成松戸線「北習志野」駅 徒歩9～18分</li><li>東葉高速線「北習志野」駅 徒歩9～15分</li><li>東葉高速線「船橋日大前」駅 徒歩14～24分</li><li>京成松戸線「習志野」駅 徒歩15～26分</li>
chiba,kitanarashino,習志野台,61750,,,,,,,船橋市習志野台3-5ほか,5-30号棟,鉄筋コンクリート造,5,N,502号室,3K,48,5,59300,2450,2か月,"['近居割', '近居割WIDE']",随時,https://www.ur-net.go.jp/chintai/kanto/chiba/30_1510_room.html?JKSS=000530502,<li>京成松戸線「北習志野」駅 徒歩9～18分</li><li>東葉高速線「北習志野」駅 徒歩9～15分</li><li>東葉高速線「船橋日大前」駅 徒歩14～24分</li><li>京成松戸線「習志野」駅 徒歩15～26分</li>
chiba,kitanarashino,芝山,70400,東葉高速線「飯山満」駅,6.0,14.0,,,,船橋市芝山1-40ほか,1-40-5号棟,鉄筋コンクリート造、鉄骨鉄筋コンクリート造,3,N,303号室,2DK,50,8,68000,2400,2か月,"['近居割', '近居割WIDE']",随時,https://www.ur-net.go.jp/chintai/kanto/chiba/30_2830_room.html?JKSS=140050303,<li>東葉高速線「飯山満」駅 徒歩6～14分</li><li>JR総武線「船橋」駅バス16分 徒歩3～8分</li><li>京成松戸線「北習志野」駅 徒歩35～40分</li>
chiba,kitanarashino,芝山,70400,,,,JR総武線「船橋」駅,19.0,24.0,船橋市芝山1-40ほか,1-40-5号棟,鉄筋コンクリート造、鉄骨鉄筋コンクリート造,3,N,303号室,2DK,50,8,68000,2400,2か月,"['近居割', '近居割WIDE']",随時,https://www.ur-net.go.jp/chintai/kanto/chiba/30_2830_room.html?JKSS=140050303,<li>東葉高速線「飯山満」駅 徒歩6～14分</li><li>JR総武線「船橋」駅バス16分 徒歩3～8分</li><li>京成松戸線「北習志野」駅 徒歩35～40分</li>
chiba,kitanarashino,芝山,70400,京成松戸線「北習志野」駅,35.0,40.0,,,,船橋市芝山1-40ほか,1-40-5号棟,鉄筋コンクリート造、鉄骨鉄筋コンクリート造,3,N,303号室,2DK,50,8,68000,2400,2か月,"['近居割', '近居割WIDE']",随時,https://www.ur-net.go.jp/chintai/kanto/chiba/30_2830_room.html?JKSS=140050303,<li>東葉高速線「飯山満」駅 徒歩6～14分</li><li>JR総武線「船橋」駅バス16分 徒歩3～8分</li><li>京成松戸線「北習志野」駅 徒歩35～40分</li>
chiba,kitanarashino,芝山,70400,,,,,,,船橋市芝山1-40ほか,1-40-5号棟,鉄筋コンクリート造、鉄骨鉄筋コンクリート造,3,N,303号室,2DK,50,8,68000,2400,2か月,"['近居割', '近居割WIDE']",随時,https://www.ur-net.go.jp/chintai/kanto/chiba/30_2830_room.html?JKSS=140050303,<li>東葉高速線「飯山満」駅 徒歩6～14分</li><li>JR総武線「船橋」駅バス16分 徒歩3～8分</li><li>京成松戸線「北習志野」駅 徒歩35～40分</li>
chiba,tsudanuma,行田,77550,,,,JR総武線「西船橋」駅,11.0,15.0,船橋市行田2-2ほか,1-9号棟,鉄筋コンクリート造、鉄骨鉄筋コンクリート造,2,N,208号室,2DK,49,11,74700,2850,2か月,"['近居割', '近居割WIDE']",随時,https://www.ur-net.go.jp/chintai/kanto/chiba/30_2680_room.html?JKSS=001090208,<li>JR総武線「西船橋」駅バス10分 徒歩1～5分</li><li>東武野田線「塚田」駅 徒歩17～23分</li><li>東武野田線「新船橋」駅 徒歩19～24分</li>
chiba,tsudanuma,行田,77550,東武野田線「塚田」駅,17.0,23.0,,,,船橋市行田2-2ほか,1-9号棟,鉄筋コンクリート造、鉄骨鉄筋コンクリート造,2,N,208号室,2DK,49,11,74700,2850,2か月,"['近居割', '近居割WIDE']",随時,https://www.ur-net.go.jp/chintai/kanto/chiba/30_2680_room.html?JKSS=001090208,<li>JR総武線「西船橋」駅バス10分 徒歩1～5分</li><li>東武野田線「塚田」駅 徒歩17～23分</li><li>東武野田線「新船橋」駅 徒歩19～24分</li>
chiba,tsudanuma,行田,77550,東武野田線「新船橋」駅,19.0,24.0,,,,船橋市行田2-2ほか,1-9号棟,鉄筋コンクリート造、鉄骨鉄筋コンクリート造,2,N,208号室,2DK,49,11,74700,2850,2か月,"['近居割', '近居割WIDE']",随時,https://www.ur-net.go.jp/chintai/kanto/chiba/30_2680_room.html?JKSS=001090208,<li>JR総武線「西船橋」駅バス10分 徒歩1～5分</li><li>東武野田線「塚田」駅 徒歩17～23分</li><li>東武野田線「新船橋」駅 徒歩19～24分</li>
chiba,tsudanuma,行田,77550,,,,,,,船橋市行田2-2ほか,1-9号棟,鉄筋コンクリート造、鉄骨鉄筋コンクリート造,2,N,208号室,2DK,49,11,74700,2850,2か月,"['近居割', '近居割WIDE']",随時,https://www.ur-net.go.jp/chintai/kanto/chiba/30_2680_room.html?JKSS=001090208,<li>JR総武線「西船橋」駅バス10分 徒歩1～5分</li><li>東武野田線「塚田」駅 徒歩17～23分</li><li>東武野田線「新船橋」駅 徒歩19～24分</li>
chiba,tsudanuma,行田,77650,,,,JR総武線「西船橋」駅,11.0,15.0,船橋市行田2-2ほか,2-1号棟,鉄筋コンクリート造、鉄骨鉄筋コンクリート造,2,N,205号室,2DK,49,11,74800,2850,2か月,"['近居割', '近居割WIDE']",随時,https://www.ur-net.go.jp/chintai/kanto/chiba/30_2680_room.html?JKSS=002010205,<li>JR総武線「西船橋」駅バス10分 徒歩1～5分</li><li>東武野田線「塚田」駅 徒歩17～23分</li><li>東武野田線「新船橋」駅 徒歩19～24分</li>
chiba,tsudanuma,行田,77650,東武野田線「塚田」駅,17.0,23.0,,,,船橋市行田2-2ほか,2-1号棟,鉄筋コンクリート造、鉄骨鉄筋コンクリート造,2,N,205号室,2DK,49,11,74800,2850,2か月,"['近居割', '近居割WIDE']",随時,https://www.ur-net.go.jp/chintai/kanto/chiba/30_2680_room.html?JKSS=002010205,<li>JR総武線「西船橋」駅バス10分 徒歩1～5分</li><li>東武野田線「塚田」駅 徒歩17～23分</li><li>東武野田線「新船橋」駅 徒歩19～24分</li>
chiba,tsudanuma,行田,77650,東武野田線「新船橋」駅,19.0,24.0,,,,船橋市行田2-2ほか,2-1号棟,鉄筋コンクリート造、鉄骨鉄筋コンクリート造,2,N,205号室,2DK,49,11,74800,2850,2か月,"['近居割', '近居割WIDE']",随時,https://www.ur-net.go.jp/chintai/kanto/chiba/30_2680_room.html?JKSS=002010205,<li>JR総武線「西船橋」駅バス10分 徒歩1～5分</li><li>東武野田線「塚田」駅 徒歩17～23分</li><li>東武野田線「新船橋」駅 徒歩19～24分</li>
chiba,tsudanuma,行田,77650,,,,,,,船橋市行田2-2ほか,2-1号棟,鉄筋コンクリート造、鉄骨鉄筋コンクリート造,2,N,205号室,2DK,49,11,74800,2850,2か月,"['近居割', '近居割WIDE']",随時,https://www.ur-net.go.jp/chintai/kanto/chiba/30_2680_room.html?JKSS=002010205,<li>JR総武線「西船橋」駅バス10分 徒歩1～5分</li><li>東武野田線「塚田」駅 徒歩17～23分</li><li>東武野田線「新船橋」駅 徒歩19～24分</li>
chiba,tsudanuma,アルビス前原,90100,京成松戸線「前原」駅,5.0,14.0,,,,船橋市前原西6-1,11号棟,鉄筋コンクリート造,3,N,307号室,1DK,38,10,83800,6300,2か月,"['近居割', '近居割WIDE']",随時,https://www.ur-net.go.jp/chintai/kanto/chiba/30_5880_room.html?JKSS=000110307,<li>京成松戸線「前原」駅 徒歩5～14分</li><li>JR総武線「津田沼」駅バス8～10分 徒歩1～4分</li><li>京成松戸線「新津田沼」駅 徒歩20～25分</li>
chiba,tsudanuma,アルビス前原,90100,,,,JR総武線「津田沼」駅,9.0,14.0,船橋市前原西6-1,11号棟,鉄筋コンクリート造,3,N,307号室,1DK,38,10,83800,6300,2か月,"['近居割', '近居割WIDE']",随時,https://www.ur-net.go.jp/chintai/kanto/chiba/30_5880_room.html?JKSS=000110307,<li>京成松戸線「前原」駅 徒歩5～14分</li><li>JR総武線「津田沼」駅バス8～10分 徒歩1～4分</li><li>京成松戸線「新津田沼」駅 徒歩20～25分</li>
chiba,tsudanuma,アルビス前原,90100,京成松戸線「新津田沼」駅,20.0,25.0,,,,船橋市前原西6-1,11号棟,鉄筋コンクリート造,3,N,307号室,1DK,38,10,83800,6300,2か月,"['近居割', '近居割WIDE']",随時,https://www.ur-net.go.jp/chintai/kanto/chiba/30_5880_room.html?JKSS=000110307,<li>京成松戸線「前原」駅 徒歩5～14分</li><li>JR総武線「津田沼」駅バス8～10分 徒歩1～4分</li><li>京成松戸線「新津田沼」駅 徒歩20～25分</li>
chiba,tsudanuma,アルビス前原,90100,,,,,,,船橋市前原西6-1,11号棟,鉄筋コンクリート造,3,N,307号室,1DK,38,10,83800,6300,2か月,"['近居割', '近居割WIDE']",随時,https://www.ur-net.go.jp/chintai/kanto/chiba/30_5880_room.html?JKSS=000110307,<li>京成松戸線「前原」駅 徒歩5～14分</li><li>JR総武線「津田沼」駅バス8～10分 徒歩1～4分</li><li>京成松戸線「新津田沼」駅 徒歩20～25分</li>
chiba,tsudanuma,アルビス前原,107100,京成松戸線「前原」駅,5.0,14.0,,,,船橋市前原西6-1,4号棟,鉄筋コンクリート造,7,N,704号室,2DK,49,10,100800,6300,2か月,"['近居割', '近居割WIDE']",随時,https://www.ur-net.go.jp/chintai/kanto/chiba/30_5880_room.html?JKSS=000040704,<li>京成松戸線「前原」駅 徒歩5～14分</li><li>JR総武線「津田沼」駅バス8～10分 徒歩1～4分</li><li>京成松戸線「新津田沼」駅 徒歩20～25分</li>
chiba,tsudanuma,アルビス前原,107100,,,,JR総武線「津田沼」駅,9.0,14.0,船橋市前原西6-1,4号棟,鉄筋コンクリート造,7,N,704号室,2DK,49,10,100800,6300,2か月,"['近居割', '近居割WIDE']",随時,https://www.ur-net.go.jp/chintai/kanto/chiba/30_5880_room.html?JKSS=000040704,<li>京成松戸線「前原」駅 徒歩5～14分</li><li>JR総武線「津田沼」駅バス8～10分 徒歩1～4分</li><li>京成松戸線「新津田沼」駅 徒歩20～25分</li>
chiba,tsudanuma,アルビス前原,107100,京成松戸線「新津田沼」駅,20.0,25.0,,,,船橋市前原西6-1,4号棟,鉄筋コンクリート造,7,N,704号室,2DK,49,10,100800,6300,2か月,"['近居割', '近居割WIDE']",随時,https://www.ur-net.go.jp/chintai/kanto/chiba/30_5880_room.html?JKSS=000040704,<li>京成松戸線「前原」駅 徒歩5～14分</li><li>JR総武線「津田沼」駅バス8～10分 徒歩1～4分</li><li>京成松戸線「新津田沼」駅 徒歩20～25分</li>
chiba,tsudanuma,アルビス前原,107100,,,,,,,船橋市前原西6-1,4号棟,鉄筋コンクリート造,7,N,704号室,2DK,49,10,100800,6300,2か月,"['近居割', '近居割WIDE']",随時,https://www.ur-net.go.jp/chintai/kanto/chiba/30_5880_room.html?JKSS=000040704,<li>京成松戸線「前原」駅 徒歩5～14分</li><li>JR総武線「津田沼」駅バス8～10分 徒歩1～4分</li><li>京成松戸線「新津田沼」駅 徒歩20～25分</li>
chiba,shinurayasu,ハイタウン塩浜,93100,,,,東京メトロ東西線「南行徳」駅,6.0,11.0,市川市塩浜4-2ほか,3号棟,鉄筋コンクリート造、鉄骨鉄筋コンクリート造,5,N,511号室,2DK,50,14,89900,3200,2か月,"['近居割', '近居割WIDE']",随時,https://www.ur-net.go.jp/chintai/kanto/chiba/30_3360_room.html?JKSS=000030511,<li>東京メトロ東西線「南行徳」駅バス5分 徒歩1～6分</li><li>東京メトロ東西線「浦安」駅 徒歩28～33分</li><li>JR京葉線「新浦安」駅バス8分 徒歩1～6分</li>
chiba,shinurayasu,ハイタウン塩浜,93100,東京メトロ東西線「浦安」駅,28.0,33.0,,,,市川市塩浜4-2ほか,3号棟,鉄筋コンクリート造、鉄骨鉄筋コンクリート造,5,N,511号室,2DK,50,14,89900,3200,2か月,"['近居割', '近居割WIDE']",随時,https://www.ur-net.go.jp/chintai/kanto/chiba/30_3360_room.html?JKSS=000030511,<li>東京メトロ東西線「南行徳」駅バス5分 徒歩1～6分</li><li>東京メトロ東西線「浦安」駅 徒歩28～33分</li><li>JR京葉線「新浦安」駅バス8分 徒歩1～6分</li>
chiba,shinurayasu,ハイタウン塩浜,93100,,,,JR京葉線「新浦安」駅,9.0,14.0,市川市塩浜4-2ほか,3号棟,鉄筋コンクリート造、鉄骨鉄筋コンクリート造,5,N,511号室,2DK,50,14,89900,3200,2か月,"['近居割', '近居割WIDE']",随時,https://www.ur-net.go.jp/chintai/kanto/chiba/30_3360_room.html?JKSS=000030511,<li>東京メトロ東西線「南行徳」駅バス5分 徒歩1～6分</li><li>東京メトロ東西線「浦安」駅 徒歩28～33分</li><li>JR京葉線「新浦安」駅バス8分 徒歩1～6分</li>
chiba,shinurayasu,ハイタウン塩浜,93100,,,,,,,市川市塩浜4-2ほか,3号棟,鉄筋コンクリート造、鉄骨鉄筋コンクリート造,5,N,511号室,2DK,50,14,89900,3200,2か月,"['近居割', '近居割WIDE']",随時,https://www.ur-net.go.jp/chintai/kanto/chiba/30_3360_room.html?JKSS=000030511,<li>東京メトロ東西線「南行徳」駅バス5分 徒歩1～6分</li><li>東京メトロ東西線「浦安」駅 徒歩28～33分</li><li>JR京葉線「新浦安」駅バス8分 徒歩1～6分</li>
chiba,yurinokidaipc,米本,36600,,,,東葉高速鉄道「八千代中央」駅,19.0,26.0,八千代市米本1359,4-29号棟,鉄筋コンクリート造,4,N,411号室,2DK,39,5,33400,3200,2か月,['近居割WIDE'],随時,https://www.ur-net.go.jp/chintai/kanto/chiba/30_1950_room.html?JKSS=004029411,<li>東葉高速鉄道「八千代中央」駅バス17分 徒歩2～9分</li><li>東葉高速鉄道「東葉勝田台」駅バス20分 徒歩2～9分</li><li>京成本線「勝田台」駅バス20分 徒歩2～9分</li>
chiba,yurinokidaipc,米本,36600,,,,東葉高速鉄道「東葉勝田台」駅,22.0,29.0,八千代市米本1359,4-29号棟,鉄筋コンクリート造,4,N,411号室,2DK,39,5,33400,3200,2か月,['近居割WIDE'],随時,https://www.ur-net.go.jp/chintai/kanto/chiba/30_1950_room.html?JKSS=004029411,<li>東葉高速鉄道「八千代中央」駅バス17分 徒歩2～9分</li><li>東葉高速鉄道「東葉勝田台」駅バス20分 徒歩2～9分</li><li>京成本線「勝田台」駅バス20分 徒歩2～9分</li>
chiba,yurinokidaipc,米本,36600,,,,京成本線「勝田台」駅,22.0,29.0,八千代市米本1359,4-29号棟,鉄筋コンクリート造,4,N,411号室,2DK,39,5,33400,3200,2か月,['近居割WIDE'],随時,https://www.ur-net.go.jp/chintai/kanto/chiba/30_1950_room.html?JKSS=004029411,<li>東葉高速鉄道「八千代中央」駅バス17分 徒歩2～9分</li><li>東葉高速鉄道「東葉勝田台」駅バス20分 徒歩2～9分</li><li>京成本線「勝田台」駅バス20分 徒歩2～9分</li>
chiba,yurinokidaipc,米本,36600,,,,,,,八千代市米本1359,4-29号棟,鉄筋コンクリート造,4,N,411号室,2DK,39,5,33400,3200,2か月,['近居割WIDE'],随時,https://www.ur-net.go.jp/chintai/kanto/chiba/30_1950_room.html?JKSS=004029411,<li>東葉高速鉄道「八千代中央」駅バス17分 徒歩2～9分</li><li>東葉高速鉄道「東葉勝田台」駅バス20分 徒歩2～9分</li><li>京成本線「勝田台」駅バス20分 徒歩2～9分</li>
chiba,kitanarashino,高津（第１次）,48950,東葉高速鉄道「八千代緑が丘」駅,13.0,23.0,,,,八千代市高津832-1ほか,3-24号棟,鉄筋コンクリート造,4,N,402号室,3K,47,5,46000,2950,2か月,"['近居割', '近居割WIDE']",随時,https://www.ur-net.go.jp/chintai/kanto/chiba/30_2211_room.html?JKSS=003024402,<li>東葉高速鉄道「八千代緑が丘」駅 徒歩13～23分</li><li>東葉高速鉄道「八千代中央」駅 徒歩36～44分</li><li>京成本線「八千代台」駅バス7～8分 徒歩1～11分</li>
chiba,kitanarashino,高津（第１次）,48950,東葉高速鉄道「八千代中央」駅,36.0,44.0,,,,八千代市高津832-1ほか,3-24号棟,鉄筋コンクリート造,4,N,402号室,3K,47,5,46000,2950,2か月,"['近居割', '近居割WIDE']",随時,https://www.ur-net.go.jp/chintai/kanto/chiba/30_2211_room.html?JKSS=003024402,<li>東葉高速鉄道「八千代緑が丘」駅 徒歩13～23分</li><li>東葉高速鉄道「八千代中央」駅 徒歩36～44分</li><li>京成本線「八千代台」駅バス7～8分 徒歩1～11分</li>
chiba,kitanarashino,高津（第１次）,48950,,,,京成本線「八千代台」駅,8.0,19.0,八千代市高津832-1ほか,3-24号棟,鉄筋コンクリート造,4,N,402号室,3K,47,5,46000,2950,2か月,"['近居割', '近居割WIDE']",随時,https://www.ur-net.go.jp/chintai/kanto/chiba/30_2211_room.html?JKSS=003024402,<li>東葉高速鉄道「八千代緑が丘」駅 徒歩13～23分</li><li>東葉高速鉄道「八千代中央」駅 徒歩36～44分</li><li>京成本線「八千代台」駅バス7～8分 徒歩1～11分</li>
chiba,kitanarashino,高津（第１次）,48950,,,,,,,八千代市高津832-1ほか,3-24号棟,鉄筋コンクリート造,4,N,402号室,3K,47,5,46000,2950,2か月,"['近居割', '近居割WIDE']",随時,https://www.ur-net.go.jp/chintai/kanto/chiba/30_2211_room.html?JKSS=003024402,<li>東葉高速鉄道「八千代緑が丘」駅 徒歩13～23分</li><li>東葉高速鉄道「八千代中央」駅 徒歩36～44分</li><li>京成本線「八千代台」駅バス7～8分 徒歩1～11分</li>
chiba,yurinokidaipc,村上,75400,東葉高速線「村上」駅,8.0,17.0,,,,八千代市村上1113-1,2-10号棟,鉄筋コンクリート造、鉄骨鉄筋コンクリート造,6,N,603号室,2LDK,63,11,73000,2400,2か月,"['近居割', '近居割WIDE']",随時,https://www.ur-net.go.jp/chintai/kanto/chiba/30_2730_room.html?JKSS=002100603,<li>東葉高速線「村上」駅 徒歩8～17分</li><li>京成本線「勝田台」駅バス6～10分 徒歩1～6分</li><li>東葉高速線「東葉勝田台」駅バス6～10分 徒歩1～6分</li>
chiba,yurinokidaipc,村上,75400,,,,京成本線「勝田台」駅,7.0,16.0,八千代市村上1113-1,2-10号棟,鉄筋コンクリート造、鉄骨鉄筋コンクリート造,6,N,603号室,2LDK,63,11,73000,2400,2か月,"['近居割', '近居割WIDE']",随時,https://www.ur-net.go.jp/chintai/kanto/chiba/30_2730_room.html?JKSS=002100603,<li>東葉高速線「村上」駅 徒歩8～17分</li><li>京成本線「勝田台」駅バス6～10分 徒歩1～6分</li><li>東葉高速線「東葉勝田台」駅バス6～10分 徒歩1～6分</li>
chiba,yurinokidaipc,村上,75400,,,,東葉高速線「東葉勝田台」駅,7.0,16.0,八千代市村上1113-1,2-10号棟,鉄筋コンクリート造、鉄骨鉄筋コンクリート造,6,N,603号室,2LDK,63,11,73000,2400,2か月,"['近居割', '近居割WIDE']",随時,https://www.ur-net.go.jp/chintai/kanto/chiba/30_2730_room.html?JKSS=002100603,<li>東葉高速線「村上」駅 徒歩8～17分</li><li>京成本線「勝田台」駅バス6～10分 徒歩1～6分</li><li>東葉高速線「東葉勝田台」駅バス6～10分 徒歩1～6分</li>
chiba,yurinokidaipc,村上,75400,,,,,,,八千代市村上1113-1,2-10号棟,鉄筋コンクリート造、鉄骨鉄筋コンクリート造,6,N,603号室,2LDK,63,11,73000,2400,2か月,"['近居割', '近居割WIDE']",随時,https://www.ur-net.go.jp/chintai/kanto/chiba/30_2730_room.html?JKSS=002100603,<li>東葉高速線「村上」駅 徒歩8～17分</li><li>京成本線「勝田台」駅バス6～10分 徒歩1～6分</li><li>東葉高速線「東葉勝田台」駅バス6～10分 徒歩1～6分</li>
chiba,yurinokidaipc,村上,105000,東葉高速線「村上」駅,8.0,17.0,,,,八千代市村上1113-1,1-36号棟,鉄筋コンクリート造、鉄骨鉄筋コンクリート造,6,N,610号室,4LDK,91,11,102600,2400,2か月,"['近居割', '近居割WIDE']",随時,https://www.ur-net.go.jp/chintai/kanto/chiba/30_2730_room.html?JKSS=001360610,<li>東葉高速線「村上」駅 徒歩8～17分</li><li>京成本線「勝田台」駅バス6～10分 徒歩1～6分</li><li>東葉高速線「東葉勝田台」駅バス6～10分 徒歩1～6分</li>
chiba,yurinokidaipc,村上,105000,,,,京成本線「勝田台」駅,7.0,16.0,八千代市村上1113-1,1-36号棟,鉄筋コンクリート造、鉄骨鉄筋コンクリート造,6,N,610号室,4LDK,91,11,102600,2400,2か月,"['近居割', '近居割WIDE']",随時,https://www.ur-net.go.jp/chintai/kanto/chiba/30_2730_room.html?JKSS=001360610,<li>東葉高速線「村上」駅 徒歩8～17分</li><li>京成本線「勝田台」駅バス6～10分 徒歩1～6分</li><li>東葉高速線「東葉勝田台」駅バス6～10分 徒歩1～6分</li>
chiba,yurinokidaipc,村上,105000,,,,東葉高速線「東葉勝田台」駅,7.0,16.0,八千代市村上1113-1,1-36号棟,鉄筋コンクリート造、鉄骨鉄筋コンクリート造,6,N,610号室,4LDK,91,11,102600,2400,2か月,"['近居割', '近居割WIDE']",随時,https://www.ur-net.go.jp/chintai/kanto/chiba/30_2730_room.html?JKSS=001360610,<li>東葉高速線「村上」駅 徒歩8～17分</li><li>京成本線「勝田台」駅バス6～10分 徒歩1～6分</li><li>東葉高速線「東葉勝田台」駅バス6～10分 徒歩1～6分</li>
chiba,yurinokidaipc,村上,105000,,,,,,,八千代市村上1113-1,1-36号棟,鉄筋コンクリート造、鉄骨鉄筋コンクリート造,6,N,610号室,4LDK,91,11,102600,2400,2か月,"['近居割', '近居割WIDE']",随時,https://www.ur-net.go.jp/chintai/kanto/chiba/30_2730_room.html?JKSS=001360610,<li>東葉高速線「村上」駅 徒歩8～17分</li><li>京成本線「勝田台」駅バス6～10分 徒歩1～6分</li><li>東葉高速線「東葉勝田台」駅バス6～10分 徒歩1～6分</li>
chiba,yurinokidaipc,村上,105000,東葉高速線「村上」駅,8.0,17.0,,,,八千代市村上1113-1,1-36号棟,鉄筋コンクリート造、鉄骨鉄筋コンクリート造,8,N,804号室,4LDK,91,11,102600,2400,2か月,"['近居割', '近居割WIDE']",随時,https://www.ur-net.go.jp/chintai/kanto/chiba/30_2730_room.html?JKSS=001360804,<li>東葉高速線「村上」駅 徒歩8～17分</li><li>京成本線「勝田台」駅バス6～10分 徒歩1～6分</li><li>東葉高速線「東葉勝田台」駅バス6～10分 徒歩1～6分</li>
chiba,yurinokidaipc,村上,105000,,,,京成本線「勝田台」駅,7.0,16.0,八千代市村上1113-1,1-36号棟,鉄筋コンクリート造、鉄骨鉄筋コンクリート造,8,N,804号室,4LDK,91,11,102600,2400,2か月,"['近居割', '近居割WIDE']",随時,https://www.ur-net.go.jp/chintai/kanto/chiba/30_2730_room.html?JKSS=001360804,<li>東葉高速線「村上」駅 徒歩8～17分</li><li>京成本線「勝田台」駅バス6～10分 徒歩1～6分</li><li>東葉高速線「東葉勝田台」駅バス6～10分 徒歩1～6分</li>
chiba,yurinokidaipc,村上,105000,,,,東葉高速線「東葉勝田台」駅,7.0,16.0,八千代市村上1113-1,1-36号棟,鉄筋コンクリート造、鉄骨鉄筋コンクリート造,8,N,804号室,4LDK,91,11,102600,2400,2か月,"['近居割', '近居割WIDE']",随時,https://www.ur-net.go.jp/chintai/kanto/chiba/30_2730_room.html?JKSS=001360804,<li>東葉高速線「村上」駅 徒歩8～17分</li><li>京成本線「勝田台」駅バス6～10分 徒歩1～6分</li><li>東葉高速線「東葉勝田台」駅バス6～10分 徒歩1～6分</li>
chiba,yurinokidaipc,村上,105000,,,,,,,八千代市村上1113-1,1-36号棟,鉄筋コンクリート造、鉄骨鉄筋コンクリート造,8,N,804号室,4LDK,91,11,102600,2400,2か月,"['近居割', '近居割WIDE']",随時,https://www.ur-net.go.jp/chintai/kanto/chiba/30_2730_room.html?JKSS=001360804,<li>東葉高速線「村上」駅 徒歩8～17分</li><li>京成本線「勝田台」駅バス6～10分 徒歩1～6分</li><li>東葉高速線「東葉勝田台」駅バス6～10分 徒歩1～6分</li>
chiba,matsudo,常盤平,41200,京成松戸線「常盤平」駅,3.0,19.0,,,,松戸市常盤平2ほか,2-22号棟,鉄筋コンクリート造,3,N,304号室,2DK,38,4,38200,3000,2か月,['URライト（2年定借）'],随時,https://www.ur-net.go.jp/chintai/kanto/chiba/30_0600_room.html?JKSS=000222304,<li>京成松戸線「常盤平」駅 徒歩3～19分</li><li>京成松戸線「五香」駅 徒歩7～23分<br>ほか</li>
chiba,matsudo,常盤平,41200,,,,,,,松戸市常盤平2ほか,2-22号棟,鉄筋コンクリート造,3,N,304号室,2DK,38,4,38200,3000,2か月,['URライト（2年定借）'],随時,https://www.ur-net.go.jp/chintai/kanto/chiba/30_0600_room.html?JKSS=000222304,<li>京成松戸線「常盤平」駅 徒歩3～19分</li><li>京成松戸線「五香」駅 徒歩7～23分<br>ほか</li>
chiba,matsudo,小金原,51400,,,,JR常磐線「北小金」駅,13.0,18.0,松戸市小金原6-13ほか,3-18-4号棟,鉄筋コンクリート造,4,N,408号室,3K,45,5,48500,2900,2か月,"['近居割', '近居割WIDE']",随時,https://www.ur-net.go.jp/chintai/kanto/chiba/30_1800_room.html?JKSS=318004408,<li>JR常磐線「北小金」駅バス11分 徒歩2～7分</li><li>JR武蔵野線「新八柱」駅バス15分 徒歩2～7分</li><li>京成松戸線「常盤平」駅バス15～28分 徒歩2～7分</li>
chiba,matsudo,小金原,51400,,,,JR武蔵野線「新八柱」駅,17.0,22.0,松戸市小金原6-13ほか,3-18-4号棟,鉄筋コンクリート造,4,N,408号室,3K,45,5,48500,2900,2か月,"['近居割', '近居割WIDE']",随時,https://www.ur-net.go.jp/chintai/kanto/chiba/30_1800_room.html?JKSS=318004408,<li>JR常磐線「北小金」駅バス11分 徒歩2～7分</li><li>JR武蔵野線「新八柱」駅バス15分 徒歩2～7分</li><li>京成松戸線「常盤平」駅バス15～28分 徒歩2～7分</li>
chiba,matsudo,小金原,51400,,,,京成松戸線「常盤平」駅,17.0,35.0,松戸市小金原6-13ほか,3-18-4号棟,鉄筋コンクリート造,4,N,408号室,3K,45,5,48500,2900,2か月,"['近居割', '近居割WIDE']",随時,https://www.ur-net.go.jp/chintai/kanto/chiba/30_1800_room.html?JKSS=318004408,<li>JR常磐線「北小金」駅バス11分 徒歩2～7分</li><li>JR武蔵野線「新八柱」駅バス15分 徒歩2～7分</li><li>京成松戸線「常盤平」駅バス15～28分 徒歩2～7分</li>
chiba,matsudo,小金原,51400,,,,,,,松戸市小金原6-13ほか,3-18-4号棟,鉄筋コンクリート造,4,N,408号室,3K,45,5,48500,2900,2か月,"['近居割', '近居割WIDE']",随時,https://www.ur-net.go.jp/chintai/kanto/chiba/30_1800_room.html?JKSS=318004408,<li>JR常磐線「北小金」駅バス11分 徒歩2～7分</li><li>JR武蔵野線「新八柱」駅バス15分 徒歩2～7分</li><li>京成松戸線「常盤平」駅バス15～28分 徒歩2～7分</li>
chiba,kashiwa,大津ヶ丘第二,72000,,,,JR常磐線「柏」駅,17.0,19.0,柏市大津ケ丘3-17,3-17-1号棟,鉄筋コンクリート造,3,N,306号室,3DK,67,4,69100,2900,2か月,['近居割'],随時,https://www.ur-net.go.jp/chintai/kanto/chiba/30_3750_room.html?JKSS=317010306,<li>JR常磐線「柏」駅バス11分 徒歩6～8分</li><li>東武野田線「増尾」駅 徒歩36～39分</li><li>東武野田線「逆井」駅 徒歩40～44分</li>
chiba,kashiwa,大津ヶ丘第二,72000,東武野田線「増尾」駅,36.0,39.0,,,,柏市大津ケ丘3-17,3-17-1号棟,鉄筋コンクリート造,3,N,306号室,3DK,67,4,69100,2900,2か月,['近居割'],随時,https://www.ur-net.go.jp/chintai/kanto/chiba/30_3750_room.html?JKSS=317010306,<li>JR常磐線「柏」駅バス11分 徒歩6～8分</li><li>東武野田線「増尾」駅 徒歩36～39分</li><li>東武野田線「逆井」駅 徒歩40～44分</li>
chiba,kashiwa,大津ヶ丘第二,72000,東武野田線「逆井」駅,40.0,44.0,,,,柏市大津ケ丘3-17,3-17-1号棟,鉄筋コンクリート造,3,N,306号室,3DK,67,4,69100,2900,2か月,['近居割'],随時,https://www.ur-net.go.jp/chintai/kanto/chiba/30_3750_room.html?JKSS=317010306,<li>JR常磐線「柏」駅バス11分 徒歩6～8分</li><li>東武野田線「増尾」駅 徒歩36～39分</li><li>東武野田線「逆井」駅 徒歩40～44分</li>
chiba,kashiwa,大津ヶ丘第二,72000,,,,,,,柏市大津ケ丘3-17,3-17-1号棟,鉄筋コンクリート造,3,N,306号室,3DK,67,4,69100,2900,2か月,['近居割'],随時,https://www.ur-net.go.jp/chintai/kanto/chiba/30_3750_room.html?JKSS=317010306,<li>JR常磐線「柏」駅バス11分 徒歩6～8分</li><li>東武野田線「増尾」駅 徒歩36～39分</li><li>東武野田線「逆井」駅 徒歩40～44分</li>
chiba,kashiwa,北柏ライフタウン松葉町一丁目,95500,,,,JR常磐線「北柏」駅,8.0,9.0,柏市松葉町1-12,12-25号棟,鉄筋コンクリート造,4,N,405号室,3LDK,95,5,90100,5400,2か月,['近居割'],随時,https://www.ur-net.go.jp/chintai/kanto/chiba/30_3540_room.html?JKSS=012250405,<li>JR常磐線「北柏」駅バス4分 徒歩4～5分</li><li>JR常磐線「我孫子」駅 徒歩48～49分</li><li>つくばエクスプレス「柏の葉キャンパス」駅バス9分 徒歩14～15分</li>
chiba,kashiwa,北柏ライフタウン松葉町一丁目,95500,JR常磐線「我孫子」駅,48.0,49.0,,,,柏市松葉町1-12,12-25号棟,鉄筋コンクリート造,4,N,405号室,3LDK,95,5,90100,5400,2か月,['近居割'],随時,https://www.ur-net.go.jp/chintai/kanto/chiba/30_3540_room.html?JKSS=012250405,<li>JR常磐線「北柏」駅バス4分 徒歩4～5分</li><li>JR常磐線「我孫子」駅 徒歩48～49分</li><li>つくばエクスプレス「柏の葉キャンパス」駅バス9分 徒歩14～15分</li>
chiba,kashiwa,北柏ライフタウン松葉町一丁目,95500,,,,つくばエクスプレス「柏の葉キャンパス」駅,23.0,24.0,柏市松葉町1-12,12-25号棟,鉄筋コンクリート造,4,N,405号室,3LDK,95,5,90100,5400,2か月,['近居割'],随時,https://www.ur-net.go.jp/chintai/kanto/chiba/30_3540_room.html?JKSS=012250405,<li>JR常磐線「北柏」駅バス4分 徒歩4～5分</li><li>JR常磐線「我孫子」駅 徒歩48～49分</li><li>つくばエクスプレス「柏の葉キャンパス」駅バス9分 徒歩14～15分</li>
chiba,kashiwa,北柏ライフタウン松葉町一丁目,95500,,,,,,,柏市松葉町1-12,12-25号棟,鉄筋コンクリート造,4,N,405号室,3LDK,95,5,90100,5400,2か月,['近居割'],随時,https://www.ur-net.go.jp/chintai/kanto/chiba/30_3540_room.html?JKSS=012250405,<li>JR常磐線「北柏」駅バス4分 徒歩4～5分</li><li>JR常磐線「我孫子」駅 徒歩48～49分</li><li>つくばエクスプレス「柏の葉キャンパス」駅バス9分 徒歩14～15分</li>
chiba,kashiwa,北柏ライフタウン松葉町一丁目,97200,,,,JR常磐線「北柏」駅,8.0,9.0,柏市松葉町1-12,12-6号棟,鉄筋コンクリート造,3,N,302号室,3LDK,95,5,91800,5400,2か月,['近居割'],随時,https://www.ur-net.go.jp/chintai/kanto/chiba/30_3540_room.html?JKSS=012060302,<li>JR常磐線「北柏」駅バス4分 徒歩4～5分</li><li>JR常磐線「我孫子」駅 徒歩48～49分</li><li>つくばエクスプレス「柏の葉キャンパス」駅バス9分 徒歩14～15分</li>
chiba,kashiwa,北柏ライフタウン松葉町一丁目,97200,JR常磐線「我孫子」駅,48.0,49.0,,,,柏市松葉町1-12,12-6号棟,鉄筋コンクリート造,3,N,302号室,3LDK,95,5,91800,5400,2か月,['近居割'],随時,https://www.ur-net.go.jp/chintai/kanto/chiba/30_3540_room.html?JKSS=012060302,<li>JR常磐線「北柏」駅バス4分 徒歩4～5分</li><li>JR常磐線「我孫子」駅 徒歩48～49分</li><li>つくばエクスプレス「柏の葉キャンパス」駅バス9分 徒歩14～15分</li>
chiba,kashiwa,北柏ライフタウン松葉町一丁目,97200,,,,つくばエクスプレス「柏の葉キャンパス」駅,23.0,24.0,柏市松葉町1-12,12-6号棟,鉄筋コンクリート造,3,N,302号室,3LDK,95,5,91800,5400,2か月,['近居割'],随時,https://www.ur-net.go.jp/chintai/kanto/chiba/30_3540_room.html?JKSS=012060302,<li>JR常磐線「北柏」駅バス4分 徒歩4～5分</li><li>JR常磐線「我孫子」駅 徒歩48～49分</li><li>つくばエクスプレス「柏の葉キャンパス」駅バス9分 徒歩14～15分</li>
chiba,kashiwa,北柏ライフタウン松葉町一丁目,97200,,,,,,,柏市松葉町1-12,12-6号棟,鉄筋コンクリート造,3,N,302号室,3LDK,95,5,91800,5400,2か月,['近居割'],随時,https://www.ur-net.go.jp/chintai/kanto/chiba/30_3540_room.html?JKSS=012060302,<li>JR常磐線「北柏」駅バス4分 徒歩4～5分</li><li>JR常磐線「我孫子」駅 徒歩48～49分</li><li>つくばエクスプレス「柏の葉キャンパス」駅バス9分 徒歩14～15分</li>
chiba,kashiwa,北柏ライフタウン松葉町一丁目,100100,,,,JR常磐線「北柏」駅,8.0,9.0,柏市松葉町1-12,12-25号棟,鉄筋コンクリート造,3,N,301号室,3LDK,95,5,94700,5400,2か月,['近居割'],随時,https://www.ur-net.go.jp/chintai/kanto/chiba/30_3540_room.html?JKSS=012250301,<li>JR常磐線「北柏」駅バス4分 徒歩4～5分</li><li>JR常磐線「我孫子」駅 徒歩48～49分</li><li>つくばエクスプレス「柏の葉キャンパス」駅バス9分 徒歩14～15分</li>
chiba,kashiwa,北柏ライフタウン松葉町一丁目,100100,JR常磐線「我孫子」駅,48.0,49.0,,,,柏市松葉町1-12,12-25号棟,鉄筋コンクリート造,3,N,301号室,3LDK,95,5,94700,5400,2か月,['近居割'],随時,https://www.ur-net.go.jp/chintai/kanto/chiba/30_3540_room.html?JKSS=012250301,<li>JR常磐線「北柏」駅バス4分 徒歩4～5分</li><li>JR常磐線「我孫子」駅 徒歩48～49分</li><li>つくばエクスプレス「柏の葉キャンパス」駅バス9分 徒歩14～15分</li>
chiba,kashiwa,北柏ライフタウン松葉町一丁目,100100,,,,つくばエクスプレス「柏の葉キャンパス」駅,23.0,24.0,柏市松葉町1-12,12-25号棟,鉄筋コンクリート造,3,N,301号室,3LDK,95,5,94700,5400,2か月,['近居割'],随時,https://www.ur-net.go.jp/chintai/kanto/chiba/30_3540_room.html?JKSS=012250301,<li>JR常磐線「北柏」駅バス4分 徒歩4～5分</li><li>JR常磐線「我孫子」駅 徒歩48～49分</li><li>つくばエクスプレス「柏の葉キャンパス」駅バス9分 徒歩14～15分</li>
chiba,kashiwa,北柏ライフタウン松葉町一丁目,100100,,,,,,,柏市松葉町1-12,12-25号棟,鉄筋コンクリート造,3,N,301号室,3LDK,95,5,94700,5400,2か月,['近居割'],随時,https://www.ur-net.go.jp/chintai/kanto/chiba/30_3540_room.html?JKSS=012250301,<li>JR常磐線「北柏」駅バス4分 徒歩4～5分</li><li>JR常磐線「我孫子」駅 徒歩48～49分</li><li>つくばエクスプレス「柏の葉キャンパス」駅バス9分 徒歩14～15分</li>
chiba,kashiwa,グリーンタウン光ヶ丘,103800,,,,JR常磐線「南柏」駅,7.0,9.0,柏市光ヶ丘団地3ほか,11号棟,鉄筋コンクリート造,4,N,403号室,2LDK,62,7,99200,4600,2か月,['近居割'],随時,https://www.ur-net.go.jp/chintai/kanto/chiba/30_5300_room.html?JKSS=000110403,<li>JR常磐線「南柏」駅バス5分 徒歩2～4分</li><li>東武野田線「増尾」駅 徒歩27～33分</li><li>東武野田線「新柏」駅 徒歩22～24分</li>
chiba,kashiwa,グリーンタウン光ヶ丘,103800,東武野田線「増尾」駅,27.0,33.0,,,,柏市光ヶ丘団地3ほか,11号棟,鉄筋コンクリート造,4,N,403号室,2LDK,62,7,99200,4600,2か月,['近居割'],随時,https://www.ur-net.go.jp/chintai/kanto/chiba/30_5300_room.html?JKSS=000110403,<li>JR常磐線「南柏」駅バス5分 徒歩2～4分</li><li>東武野田線「増尾」駅 徒歩27～33分</li><li>東武野田線「新柏」駅 徒歩22～24分</li>
chiba,kashiwa,グリーンタウン光ヶ丘,103800,東武野田線「新柏」駅,22.0,24.0,,,,柏市光ヶ丘団地3ほか,11号棟,鉄筋コンクリート造,4,N,403号室,2LDK,62,7,99200,4600,2か月,['近居割'],随時,https://www.ur-net.go.jp/chintai/kanto/chiba/30_5300_room.html?JKSS=000110403,<li>JR常磐線「南柏」駅バス5分 徒歩2～4分</li><li>東武野田線「増尾」駅 徒歩27～33分</li><li>東武野田線「新柏」駅 徒歩22～24分</li>
chiba,kashiwa,グリーンタウン光ヶ丘,103800,,,,,,,柏市光ヶ丘団地3ほか,11号棟,鉄筋コンクリート造,4,N,403号室,2LDK,62,7,99200,4600,2か月,['近居割'],随時,https://www.ur-net.go.jp/chintai/kanto/chiba/30_5300_room.html?JKSS=000110403,<li>JR常磐線「南柏」駅バス5分 徒歩2～4分</li><li>東武野田線「増尾」駅 徒歩27～33分</li><li>東武野田線「新柏」駅 徒歩22～24分</li>
chiba,kashiwa,豊四季台第二,128600,,,,JR常磐線「柏」駅,6.0,6.0,柏市豊四季台2-1,106号棟,鉄筋コンクリート造,5,N,502号室,3LDK,75,9,125000,3600,2か月,"['近居割', '近居割WIDE']",随時,https://www.ur-net.go.jp/chintai/kanto/chiba/30_4210_room.html?JKSS=000106502,<li>JR常磐線「柏」駅バス3分 徒歩3分</li><li>東武野田線「豊四季」駅 徒歩29～30分</li><li>つくばエクスプレス「柏の葉キャンパス駅」駅バス14分 徒歩3分</li>
chiba,kashiwa,豊四季台第二,128600,東武野田線「豊四季」駅,29.0,30.0,,,,柏市豊四季台2-1,106号棟,鉄筋コンクリート造,5,N,502号室,3LDK,75,9,125000,3600,2か月,"['近居割', '近居割WIDE']",随時,https://www.ur-net.go.jp/chintai/kanto/chiba/30_4210_room.html?JKSS=000106502,<li>JR常磐線「柏」駅バス3分 徒歩3分</li><li>東武野田線「豊四季」駅 徒歩29～30分</li><li>つくばエクスプレス「柏の葉キャンパス駅」駅バス14分 徒歩3分</li>
chiba,kashiwa,豊四季台第二,128600,,,,つくばエクスプレス「柏の葉キャンパス駅」駅,17.0,17.0,柏市豊四季台2-1,106号棟,鉄筋コンクリート造,5,N,502号室,3LDK,75,9,125000,3600,2か月,"['近居割', '近居割WIDE']",随時,https://www.ur-net.go.jp/chintai/kanto/chiba/30_4210_room.html?JKSS=000106502,<li>JR常磐線「柏」駅バス3分 徒歩3分</li><li>東武野田線「豊四季」駅 徒歩29～30分</li><li>つくばエクスプレス「柏の葉キャンパス駅」駅バス14分 徒歩3分</li>
chiba,kashiwa,豊四季台第二,128600,,,,,,,柏市豊四季台2-1,106号棟,鉄筋コンクリート造,5,N,502号室,3LDK,75,9,125000,3600,2か月,"['近居割', '近居割WIDE']",随時,https://www.ur-net.go.jp/chintai/kanto/chiba/30_4210_room.html?JKSS=000106502,<li>JR常磐線「柏」駅バス3分 徒歩3分</li><li>東武野田線「豊四季」駅 徒歩29～30分</li><li>つくばエクスプレス「柏の葉キャンパス駅」駅バス14分 徒歩3分</li>
chiba,kashiwa,パークサイド鎌ヶ谷,119800,東武野田線「鎌ケ谷」駅,12.0,15.0,,,,鎌ケ谷市東中沢2-21ほか,19号棟,鉄筋コンクリート造,3,N,301号室,4LDK,86,5,116700,3100,2か月,['近居割'],随時,https://www.ur-net.go.jp/chintai/kanto/chiba/30_5580_room.html?JKSS=000190301,<li>東武野田線「鎌ケ谷」駅 徒歩12～15分</li><li>京成松戸線「北初富」駅 徒歩13～17分</li><li>京成松戸線「初富」駅 徒歩14～19分</li>
chiba,kashiwa,パークサイド鎌ヶ谷,119800,京成松戸線「北初富」駅,13.0,17.0,,,,鎌ケ谷市東中沢2-21ほか,19号棟,鉄筋コンクリート造,3,N,301号室,4LDK,86,5,116700,3100,2か月,['近居割'],随時,https://www.ur-net.go.jp/chintai/kanto/chiba/30_5580_room.html?JKSS=000190301,<li>東武野田線「鎌ケ谷」駅 徒歩12～15分</li><li>京成松戸線「北初富」駅 徒歩13～17分</li><li>京成松戸線「初富」駅 徒歩14～19分</li>
chiba,kashiwa,パークサイド鎌ヶ谷,119800,京成松戸線「初富」駅,14.0,19.0,,,,鎌ケ谷市東中沢2-21ほか,19号棟,鉄筋コンクリート造,3,N,301号室,4LDK,86,5,116700,3100,2か月,['近居割'],随時,https://www.ur-net.go.jp/chintai/kanto/chiba/30_5580_room.html?JKSS=000190301,<li>東武野田線「鎌ケ谷」駅 徒歩12～15分</li><li>京成松戸線「北初富」駅 徒歩13～17分</li><li>京成松戸線「初富」駅 徒歩14～19分</li>
chiba,kashiwa,パークサイド鎌ヶ谷,119800,,,,,,,鎌ケ谷市東中沢2-21ほか,19号棟,鉄筋コンクリート造,3,N,301号室,4LDK,86,5,116700,3100,2か月,['近居割'],随時,https://www.ur-net.go.jp/chintai/kanto/chiba/30_5580_room.html?JKSS=000190301,<li>東武野田線「鎌ケ谷」駅 徒歩12～15分</li><li>京成松戸線「北初富」駅 徒歩13～17分</li><li>京成松戸線「初富」駅 徒歩14～19分</li>
chiba,kashiwa,湖北台,40500,JR成田線「湖北」駅,12.0,22.0,,,,我孫子市湖北台7,38号棟,鉄筋コンクリート造,3,N,307号室,2DK,41,5,36900,3600,2か月,['近居割'],随時,https://www.ur-net.go.jp/chintai/kanto/chiba/30_1910_room.html?JKSS=007038307,<li>JR成田線「湖北」駅 徒歩12～22分</li><li>JR常磐線「天王台」駅バス9分 徒歩1分</li><li>JR成田線「東我孫子」駅 徒歩28～39分</li>
chiba,kashiwa,湖北台,40500,,,,JR常磐線「天王台」駅,10.0,10.0,我孫子市湖北台7,38号棟,鉄筋コンクリート造,3,N,307号室,2DK,41,5,36900,3600,2か月,['近居割'],随時,https://www.ur-net.go.jp/chintai/kanto/chiba/30_1910_room.html?JKSS=007038307,<li>JR成田線「湖北」駅 徒歩12～22分</li><li>JR常磐線「天王台」駅バス9分 徒歩1分</li><li>JR成田線「東我孫子」駅 徒歩28～39分</li>
chiba,kashiwa,湖北台,40500,JR成田線「東我孫子」駅,28.0,39.0,,,,我孫子市湖北台7,38号棟,鉄筋コンクリート造,3,N,307号室,2DK,41,5,36900,3600,2か月,['近居割'],随時,https://www.ur-net.go.jp/chintai/kanto/chiba/30_1910_room.html?JKSS=007038307,<li>JR成田線「湖北」駅 徒歩12～22分</li><li>JR常磐線「天王台」駅バス9分 徒歩1分</li><li>JR成田線「東我孫子」駅 徒歩28～39分</li>
chiba,kashiwa,湖北台,40500,,,,,,,我孫子市湖北台7,38号棟,鉄筋コンクリート造,3,N,307号室,2DK,41,5,36900,3600,2か月,['近居割'],随時,https://www.ur-net.go.jp/chintai/kanto/chiba/30_1910_room.html?JKSS=007038307,<li>JR成田線「湖北」駅 徒歩12～22分</li><li>JR常磐線「天王台」駅バス9分 徒歩1分</li><li>JR成田線「東我孫子」駅 徒歩28～39分</li>
chiba,chibant,千葉ニュータウン内野,68400,,,,北総鉄道「千葉ニュータウン中央」駅,5.0,9.0,印西市内野2-5ほか,5-7号棟,鉄筋コンクリート造,10,N,1002号室,2DK,55,11,61900,6500,2か月,"['近居割', '近居割WIDE']",随時,https://www.ur-net.go.jp/chintai/kanto/chiba/30_3580_room.html?JKSS=005071002,<li>北総鉄道「千葉ニュータウン中央」駅バス3分 徒歩2～6分</li><li>北総鉄道「印西牧の原」駅 徒歩55～60分</li><li>北総鉄道「小室」駅 徒歩94～98分</li>
chiba,chibant,千葉ニュータウン内野,68400,北総鉄道「印西牧の原」駅,55.0,60.0,,,,印西市内野2-5ほか,5-7号棟,鉄筋コンクリート造,10,N,1002号室,2DK,55,11,61900,6500,2か月,"['近居割', '近居割WIDE']",随時,https://www.ur-net.go.jp/chintai/kanto/chiba/30_3580_room.html?JKSS=005071002,<li>北総鉄道「千葉ニュータウン中央」駅バス3分 徒歩2～6分</li><li>北総鉄道「印西牧の原」駅 徒歩55～60分</li><li>北総鉄道「小室」駅 徒歩94～98分</li>
chiba,chibant,千葉ニュータウン内野,68400,北総鉄道「小室」駅,94.0,98.0,,,,印西市内野2-5ほか,5-7号棟,鉄筋コンクリート造,10,N,1002号室,2DK,55,11,61900,6500,2か月,"['近居割', '近居割WIDE']",随時,https://www.ur-net.go.jp/chintai/kanto/chiba/30_3580_room.html?JKSS=005071002,<li>北総鉄道「千葉ニュータウン中央」駅バス3分 徒歩2～6分</li><li>北総鉄道「印西牧の原」駅 徒歩55～60分</li><li>北総鉄道「小室」駅 徒歩94～98分</li>
chiba,chibant,千葉ニュータウン内野,68400,,,,,,,印西市内野2-5ほか,5-7号棟,鉄筋コンクリート造,10,N,1002号室,2DK,55,11,61900,6500,2か月,"['近居割', '近居割WIDE']",随時,https://www.ur-net.go.jp/chintai/kanto/chiba/30_3580_room.html?JKSS=005071002,<li>北総鉄道「千葉ニュータウン中央」駅バス3分 徒歩2～6分</li><li>北総鉄道「印西牧の原」駅 徒歩55～60分</li><li>北総鉄道「小室」駅 徒歩94～98分</li>
chiba,naritant,成田ニュータウン橋賀台,60000,,,,JR成田線「成田」駅,9.0,15.0,成田市橋賀台1-1ほか,1-1-2号棟,鉄筋コンクリート造、鉄骨鉄筋コンクリート造,4,N,408号室,3K,50,5,56000,4000,2か月,['近居割'],随時,https://www.ur-net.go.jp/chintai/kanto/chiba/30_3030_room.html?JKSS=101020408,<li>JR成田線「成田」駅バス7分 徒歩2～8分</li><li>京成本線「公津の杜」駅 徒歩23～32分</li><li>京成本線「京成成田」駅バス10分 徒歩3～11分</li>
chiba,naritant,成田ニュータウン橋賀台,60000,京成本線「公津の杜」駅,23.0,32.0,,,,成田市橋賀台1-1ほか,1-1-2号棟,鉄筋コンクリート造、鉄骨鉄筋コンクリート造,4,N,408号室,3K,50,5,56000,4000,2か月,['近居割'],随時,https://www.ur-net.go.jp/chintai/kanto/chiba/30_3030_room.html?JKSS=101020408,<li>JR成田線「成田」駅バス7分 徒歩2～8分</li><li>京成本線「公津の杜」駅 徒歩23～32分</li><li>京成本線「京成成田」駅バス10分 徒歩3～11分</li>
chiba,naritant,成田ニュータウン橋賀台,60000,,,,京成本線「京成成田」駅,13.0,21.0,成田市橋賀台1-1ほか,1-1-2号棟,鉄筋コンクリート造、鉄骨鉄筋コンクリート造,4,N,408号室,3K,50,5,56000,4000,2か月,['近居割'],随時,https://www.ur-net.go.jp/chintai/kanto/chiba/30_3030_room.html?JKSS=101020408,<li>JR成田線「成田」駅バス7分 徒歩2～8分</li><li>京成本線「公津の杜」駅 徒歩23～32分</li><li>京成本線「京成成田」駅バス10分 徒歩3～11分</li>
chiba,naritant,成田ニュータウン橋賀台,60000,,,,,,,成田市橋賀台1-1ほか,1-1-2号棟,鉄筋コンクリート造、鉄骨鉄筋コンクリート造,4,N,408号室,3K,50,5,56000,4000,2か月,['近居割'],随時,https://www.ur-net.go.jp/chintai/kanto/chiba/30_3030_room.html?JKSS=101020408,<li>JR成田線「成田」駅バス7分 徒歩2～8分</li><li>京成本線「公津の杜」駅 徒歩23～32分</li><li>京成本線「京成成田」駅バス10分 徒歩3～11分</li>
saitama,sengendai,春日部小渕,61100,東武伊勢崎線「北春日部」駅,19.0,22.0,,,,春日部市小渕493-1,6号棟,鉄筋コンクリート造,5,N,503号室,2LDK,58,5,56500,4600,2か月,['近居割'],随時,https://www.ur-net.go.jp/chintai/kanto/saitama/50_2010_room.html?JKSS=000060503,<li>東武伊勢崎線「北春日部」駅 徒歩19～22分</li><li>東武伊勢崎線「春日部」駅 徒歩31～36分</li><li>東武伊勢崎線「春日部」駅バス14分 徒歩1～3分</li>
saitama,sengendai,春日部小渕,61100,東武伊勢崎線「春日部」駅,31.0,36.0,東武伊勢崎線「春日部」駅,15.0,17.0,春日部市小渕493-1,6号棟,鉄筋コンクリート造,5,N,503号室,2LDK,58,5,56500,4600,2か月,['近居割'],随時,https://www.ur-net.go.jp/chintai/kanto/saitama/50_2010_room.html?JKSS=000060503,<li>東武伊勢崎線「北春日部」駅 徒歩19～22分</li><li>東武伊勢崎線「春日部」駅 徒歩31～36分</li><li>東武伊勢崎線「春日部」駅バス14分 徒歩1～3分</li>
saitama,sengendai,春日部小渕,61100,,,,,,,春日部市小渕493-1,6号棟,鉄筋コンクリート造,5,N,503号室,2LDK,58,5,56500,4600,2か月,['近居割'],随時,https://www.ur-net.go.jp/chintai/kanto/saitama/50_2010_room.html?JKSS=000060503,<li>東武伊勢崎線「北春日部」駅 徒歩19～22分</li><li>東武伊勢崎線「春日部」駅 徒歩31～36分</li><li>東武伊勢崎線「春日部」駅バス14分 徒歩1～3分</li>
saitama,sengendai,わし宮,43900,東武伊勢崎線「鷲宮」駅,14.0,20.0,,,,久喜市上内478,2-3号棟,鉄筋コンクリート造,5,N,512号室,3K,48,5,40000,3900,2か月,['近居割WIDE'],2026年9月24日以降,https://www.ur-net.go.jp/chintai/kanto/saitama/50_1430_room.html?JKSS=000203512,<li>東武伊勢崎線「鷲宮」駅 徒歩14～20分</li><li>JR東北本線「東鷲宮」駅 徒歩22～33分</li><li>JR東北本線「久喜」駅 徒歩41～47分</li>
saitama,sengendai,わし宮,43900,JR東北本線「東鷲宮」駅,22.0,33.0,,,,久喜市上内478,2-3号棟,鉄筋コンクリート造,5,N,512号室,3K,48,5,40000,3900,2か月,['近居割WIDE'],2026年9月24日以降,https://www.ur-net.go.jp/chintai/kanto/saitama/50_1430_room.html?JKSS=000203512,<li>東武伊勢崎線「鷲宮」駅 徒歩14～20分</li><li>JR東北本線「東鷲宮」駅 徒歩22～33分</li><li>JR東北本線「久喜」駅 徒歩41～47分</li>
saitama,sengendai,わし宮,43900,JR東北本線「久喜」駅,41.0,47.0,,,,久喜市上内478,2-3号棟,鉄筋コンクリート造,5,N,512号室,3K,48,5,40000,3900,2か月,['近居割WIDE'],2026年9月24日以降,https://www.ur-net.go.jp/chintai/kanto/saitama/50_1430_room.html?JKSS=000203512,<li>東武伊勢崎線「鷲宮」駅 徒歩14～20分</li><li>JR東北本線「東鷲宮」駅 徒歩22～33分</li><li>JR東北本線「久喜」駅 徒歩41～47分</li>
saitama,sengendai,わし宮,43900,,,,,,,久喜市上内478,2-3号棟,鉄筋コンクリート造,5,N,512号室,3K,48,5,40000,3900,2か月,['近居割WIDE'],2026年9月24日以降,https://www.ur-net.go.jp/chintai/kanto/saitama/50_1430_room.html?JKSS=000203512,<li>東武伊勢崎線「鷲宮」駅 徒歩14～20分</li><li>JR東北本線「東鷲宮」駅 徒歩22～33分</li><li>JR東北本線「久喜」駅 徒歩41～47分</li>
saitama,sengendai,わし宮,43900,東武伊勢崎線「鷲宮」駅,14.0,20.0,,,,久喜市上内478,2-9号棟,鉄筋コンクリート造,5,N,505号室,2LDK,48,5,40000,3900,2か月,['近居割WIDE'],随時,https://www.ur-net.go.jp/chintai/kanto/saitama/50_1430_room.html?JKSS=000209505,<li>東武伊勢崎線「鷲宮」駅 徒歩14～20分</li><li>JR東北本線「東鷲宮」駅 徒歩22～33分</li><li>JR東北本線「久喜」駅 徒歩41～47分</li>
saitama,sengendai,わし宮,43900,JR東北本線「東鷲宮」駅,22.0,33.0,,,,久喜市上内478,2-9号棟,鉄筋コンクリート造,5,N,505号室,2LDK,48,5,40000,3900,2か月,['近居割WIDE'],随時,https://www.ur-net.go.jp/chintai/kanto/saitama/50_1430_room.html?JKSS=000209505,<li>東武伊勢崎線「鷲宮」駅 徒歩14～20分</li><li>JR東北本線「東鷲宮」駅 徒歩22～33分</li><li>JR東北本線「久喜」駅 徒歩41～47分</li>
saitama,sengendai,わし宮,43900,JR東北本線「久喜」駅,41.0,47.0,,,,久喜市上内478,2-9号棟,鉄筋コンクリート造,5,N,505号室,2LDK,48,5,40000,3900,2か月,['近居割WIDE'],随時,https://www.ur-net.go.jp/chintai/kanto/saitama/50_1430_room.html?JKSS=000209505,<li>東武伊勢崎線「鷲宮」駅 徒歩14～20分</li><li>JR東北本線「東鷲宮」駅 徒歩22～33分</li><li>JR東北本線「久喜」駅 徒歩41～47分</li>
saitama,sengendai,わし宮,43900,,,,,,,久喜市上内478,2-9号棟,鉄筋コンクリート造,5,N,505号室,2LDK,48,5,40000,3900,2か月,['近居割WIDE'],随時,https://www.ur-net.go.jp/chintai/kanto/saitama/50_1430_room.html?JKSS=000209505,<li>東武伊勢崎線「鷲宮」駅 徒歩14～20分</li><li>JR東北本線「東鷲宮」駅 徒歩22～33分</li><li>JR東北本線「久喜」駅 徒歩41～47分</li>
saitama,sengendai,わし宮,44100,東武伊勢崎線「鷲宮」駅,14.0,20.0,,,,久喜市上内478,2-10号棟,鉄筋コンクリート造,5,N,506号室,2LDK,48,5,40200,3900,2か月,['近居割WIDE'],随時,https://www.ur-net.go.jp/chintai/kanto/saitama/50_1430_room.html?JKSS=000210506,<li>東武伊勢崎線「鷲宮」駅 徒歩14～20分</li><li>JR東北本線「東鷲宮」駅 徒歩22～33分</li><li>JR東北本線「久喜」駅 徒歩41～47分</li>
saitama,sengendai,わし宮,44100,JR東北本線「東鷲宮」駅,22.0,33.0,,,,久喜市上内478,2-10号棟,鉄筋コンクリート造,5,N,506号室,2LDK,48,5,40200,3900,2か月,['近居割WIDE'],随時,https://www.ur-net.go.jp/chintai/kanto/saitama/50_1430_room.html?JKSS=000210506,<li>東武伊勢崎線「鷲宮」駅 徒歩14～20分</li><li>JR東北本線「東鷲宮」駅 徒歩22～33分</li><li>JR東北本線「久喜」駅 徒歩41～47分</li>
saitama,sengendai,わし宮,44100,JR東北本線「久喜」駅,41.0,47.0,,,,久喜市上内478,2-10号棟,鉄筋コンクリート造,5,N,506号室,2LDK,48,5,40200,3900,2か月,['近居割WIDE'],随時,https://www.ur-net.go.jp/chintai/kanto/saitama/50_1430_room.html?JKSS=000210506,<li>東武伊勢崎線「鷲宮」駅 徒歩14～20分</li><li>JR東北本線「東鷲宮」駅 徒歩22～33分</li><li>JR東北本線「久喜」駅 徒歩41～47分</li>
saitama,sengendai,わし宮,44100,,,,,,,久喜市上内478,2-10号棟,鉄筋コンクリート造,5,N,506号室,2LDK,48,5,40200,3900,2か月,['近居割WIDE'],随時,https://www.ur-net.go.jp/chintai/kanto/saitama/50_1430_room.html?JKSS=000210506,<li>東武伊勢崎線「鷲宮」駅 徒歩14～20分</li><li>JR東北本線「東鷲宮」駅 徒歩22～33分</li><li>JR東北本線「久喜」駅 徒歩41～47分</li>
saitama,sengendai,わし宮,48600,東武伊勢崎線「鷲宮」駅,14.0,20.0,,,,久喜市上内478,2-4号棟,鉄筋コンクリート造,5,N,506号室,3K,54,5,44700,3900,2か月,['近居割WIDE'],随時,https://www.ur-net.go.jp/chintai/kanto/saitama/50_1430_room.html?JKSS=000204506,<li>東武伊勢崎線「鷲宮」駅 徒歩14～20分</li><li>JR東北本線「東鷲宮」駅 徒歩22～33分</li><li>JR東北本線「久喜」駅 徒歩41～47分</li>
saitama,sengendai,わし宮,48600,JR東北本線「東鷲宮」駅,22.0,33.0,,,,久喜市上内478,2-4号棟,鉄筋コンクリート造,5,N,506号室,3K,54,5,44700,3900,2か月,['近居割WIDE'],随時,https://www.ur-net.go.jp/chintai/kanto/saitama/50_1430_room.html?JKSS=000204506,<li>東武伊勢崎線「鷲宮」駅 徒歩14～20分</li><li>JR東北本線「東鷲宮」駅 徒歩22～33分</li><li>JR東北本線「久喜」駅 徒歩41～47分</li>
saitama,sengendai,わし宮,48600,JR東北本線「久喜」駅,41.0,47.0,,,,久喜市上内478,2-4号棟,鉄筋コンクリート造,5,N,506号室,3K,54,5,44700,3900,2か月,['近居割WIDE'],随時,https://www.ur-net.go.jp/chintai/kanto/saitama/50_1430_room.html?JKSS=000204506,<li>東武伊勢崎線「鷲宮」駅 徒歩14～20分</li><li>JR東北本線「東鷲宮」駅 徒歩22～33分</li><li>JR東北本線「久喜」駅 徒歩41～47分</li>
saitama,sengendai,わし宮,48600,,,,,,,久喜市上内478,2-4号棟,鉄筋コンクリート造,5,N,506号室,3K,54,5,44700,3900,2か月,['近居割WIDE'],随時,https://www.ur-net.go.jp/chintai/kanto/saitama/50_1430_room.html?JKSS=000204506,<li>東武伊勢崎線「鷲宮」駅 徒歩14～20分</li><li>JR東北本線「東鷲宮」駅 徒歩22～33分</li><li>JR東北本線「久喜」駅 徒歩41～47分</li>
saitama,sengendai,久喜青葉,46600,,,,湘南新宿ライン「久喜」駅,8.0,17.0,久喜市青葉1,2-1号棟,鉄筋コンクリート造,5,N,503号室,2LDK,50,5,43500,3100,2か月,['近居割'],随時,https://www.ur-net.go.jp/chintai/kanto/saitama/50_1640_room.html?JKSS=002010503,<li>湘南新宿ライン「久喜」駅バス7～10分 徒歩1～7分</li><li>東武伊勢崎線「久喜」駅バス7～10分 徒歩1～7分</li><li>東武日光線「幸手」駅 徒歩25～35分</li>
saitama,sengendai,久喜青葉,46600,,,,東武伊勢崎線「久喜」駅,8.0,17.0,久喜市青葉1,2-1号棟,鉄筋コンクリート造,5,N,503号室,2LDK,50,5,43500,3100,2か月,['近居割'],随時,https://www.ur-net.go.jp/chintai/kanto/saitama/50_1640_room.html?JKSS=002010503,<li>湘南新宿ライン「久喜」駅バス7～10分 徒歩1～7分</li><li>東武伊勢崎線「久喜」駅バス7～10分 徒歩1～7分</li><li>東武日光線「幸手」駅 徒歩25～35分</li>
saitama,sengendai,久喜青葉,46600,東武日光線「幸手」駅,25.0,35.0,,,,久喜市青葉1,2-1号棟,鉄筋コンクリート造,5,N,503号室,2LDK,50,5,43500,3100,2か月,['近居割'],随時,https://www.ur-net.go.jp/chintai/kanto/saitama/50_1640_room.html?JKSS=002010503,<li>湘南新宿ライン「久喜」駅バス7～10分 徒歩1～7分</li><li>東武伊勢崎線「久喜」駅バス7～10分 徒歩1～7分</li><li>東武日光線「幸手」駅 徒歩25～35分</li>
saitama,sengendai,久喜青葉,46600,,,,,,,久喜市青葉1,2-1号棟,鉄筋コンクリート造,5,N,503号室,2LDK,50,5,43500,3100,2か月,['近居割'],随時,https://www.ur-net.go.jp/chintai/kanto/saitama/50_1640_room.html?JKSS=002010503,<li>湘南新宿ライン「久喜」駅バス7～10分 徒歩1～7分</li><li>東武伊勢崎線「久喜」駅バス7～10分 徒歩1～7分</li><li>東武日光線「幸手」駅 徒歩25～35分</li>
saitama,sengendai,久喜青葉,46800,,,,湘南新宿ライン「久喜」駅,8.0,17.0,久喜市青葉1,1-10号棟,鉄筋コンクリート造,5,N,508号室,2LDK,50,5,43700,3100,2か月,['近居割'],随時,https://www.ur-net.go.jp/chintai/kanto/saitama/50_1640_room.html?JKSS=001100508,<li>湘南新宿ライン「久喜」駅バス7～10分 徒歩1～7分</li><li>東武伊勢崎線「久喜」駅バス7～10分 徒歩1～7分</li><li>東武日光線「幸手」駅 徒歩25～35分</li>
saitama,sengendai,久喜青葉,46800,,,,東武伊勢崎線「久喜」駅,8.0,17.0,久喜市青葉1,1-10号棟,鉄筋コンクリート造,5,N,508号室,2LDK,50,5,43700,3100,2か月,['近居割'],随時,https://www.ur-net.go.jp/chintai/kanto/saitama/50_1640_room.html?JKSS=001100508,<li>湘南新宿ライン「久喜」駅バス7～10分 徒歩1～7分</li><li>東武伊勢崎線「久喜」駅バス7～10分 徒歩1～7分</li><li>東武日光線「幸手」駅 徒歩25～35分</li>
saitama,sengendai,久喜青葉,46800,東武日光線「幸手」駅,25.0,35.0,,,,久喜市青葉1,1-10号棟,鉄筋コンクリート造,5,N,508号室,2LDK,50,5,43700,3100,2か月,['近居割'],随時,https://www.ur-net.go.jp/chintai/kanto/saitama/50_1640_room.html?JKSS=001100508,<li>湘南新宿ライン「久喜」駅バス7～10分 徒歩1～7分</li><li>東武伊勢崎線「久喜」駅バス7～10分 徒歩1～7分</li><li>東武日光線「幸手」駅 徒歩25～35分</li>
saitama,sengendai,久喜青葉,46800,,,,,,,久喜市青葉1,1-10号棟,鉄筋コンクリート造,5,N,508号室,2LDK,50,5,43700,3100,2か月,['近居割'],随時,https://www.ur-net.go.jp/chintai/kanto/saitama/50_1640_room.html?JKSS=001100508,<li>湘南新宿ライン「久喜」駅バス7～10分 徒歩1～7分</li><li>東武伊勢崎線「久喜」駅バス7～10分 徒歩1～7分</li><li>東武日光線「幸手」駅 徒歩25～35分</li>
saitama,sengendai,久喜青葉,46800,,,,湘南新宿ライン「久喜」駅,8.0,17.0,久喜市青葉1,2-13号棟,鉄筋コンクリート造,5,N,503号室,2LDK,50,5,43700,3100,2か月,['フリレ１か月'],随時,https://www.ur-net.go.jp/chintai/kanto/saitama/50_1640_room.html?JKSS=002130503,<li>湘南新宿ライン「久喜」駅バス7～10分 徒歩1～7分</li><li>東武伊勢崎線「久喜」駅バス7～10分 徒歩1～7分</li><li>東武日光線「幸手」駅 徒歩25～35分</li>
saitama,sengendai,久喜青葉,46800,,,,東武伊勢崎線「久喜」駅,8.0,17.0,久喜市青葉1,2-13号棟,鉄筋コンクリート造,5,N,503号室,2LDK,50,5,43700,3100,2か月,['フリレ１か月'],随時,https://www.ur-net.go.jp/chintai/kanto/saitama/50_1640_room.html?JKSS=002130503,<li>湘南新宿ライン「久喜」駅バス7～10分 徒歩1～7分</li><li>東武伊勢崎線「久喜」駅バス7～10分 徒歩1～7分</li><li>東武日光線「幸手」駅 徒歩25～35分</li>
saitama,sengendai,久喜青葉,46800,東武日光線「幸手」駅,25.0,35.0,,,,久喜市青葉1,2-13号棟,鉄筋コンクリート造,5,N,503号室,2LDK,50,5,43700,3100,2か月,['フリレ１か月'],随時,https://www.ur-net.go.jp/chintai/kanto/saitama/50_1640_room.html?JKSS=002130503,<li>湘南新宿ライン「久喜」駅バス7～10分 徒歩1～7分</li><li>東武伊勢崎線「久喜」駅バス7～10分 徒歩1～7分</li><li>東武日光線「幸手」駅 徒歩25～35分</li>
saitama,sengendai,久喜青葉,46800,,,,,,,久喜市青葉1,2-13号棟,鉄筋コンクリート造,5,N,503号室,2LDK,50,5,43700,3100,2か月,['フリレ１か月'],随時,https://www.ur-net.go.jp/chintai/kanto/saitama/50_1640_room.html?JKSS=002130503,<li>湘南新宿ライン「久喜」駅バス7～10分 徒歩1～7分</li><li>東武伊勢崎線「久喜」駅バス7～10分 徒歩1～7分</li><li>東武日光線「幸手」駅 徒歩25～35分</li>
saitama,sengendai,久喜青葉,48100,,,,湘南新宿ライン「久喜」駅,8.0,17.0,久喜市青葉1,1-11号棟,鉄筋コンクリート造,4,N,406号室,2LDK,50,5,45000,3100,2か月,['近居割'],2026年9月24日以降,https://www.ur-net.go.jp/chintai/kanto/saitama/50_1640_room.html?JKSS=001110406,<li>湘南新宿ライン「久喜」駅バス7～10分 徒歩1～7分</li><li>東武伊勢崎線「久喜」駅バス7～10分 徒歩1～7分</li><li>東武日光線「幸手」駅 徒歩25～35分</li>
saitama,sengendai,久喜青葉,48100,,,,東武伊勢崎線「久喜」駅,8.0,17.0,久喜市青葉1,1-11号棟,鉄筋コンクリート造,4,N,406号室,2LDK,50,5,45000,3100,2か月,['近居割'],2026年9月24日以降,https://www.ur-net.go.jp/chintai/kanto/saitama/50_1640_room.html?JKSS=001110406,<li>湘南新宿ライン「久喜」駅バス7～10分 徒歩1～7分</li><li>東武伊勢崎線「久喜」駅バス7～10分 徒歩1～7分</li><li>東武日光線「幸手」駅 徒歩25～35分</li>
saitama,sengendai,久喜青葉,48100,東武日光線「幸手」駅,25.0,35.0,,,,久喜市青葉1,1-11号棟,鉄筋コンクリート造,4,N,406号室,2LDK,50,5,45000,3100,2か月,['近居割'],2026年9月24日以降,https://www.ur-net.go.jp/chintai/kanto/saitama/50_1640_room.html?JKSS=001110406,<li>湘南新宿ライン「久喜」駅バス7～10分 徒歩1～7分</li><li>東武伊勢崎線「久喜」駅バス7～10分 徒歩1～7分</li><li>東武日光線「幸手」駅 徒歩25～35分</li>
saitama,sengendai,久喜青葉,48100,,,,,,,久喜市青葉1,1-11号棟,鉄筋コンクリート造,4,N,406号室,2LDK,50,5,45000,3100,2か月,['近居割'],2026年9月24日以降,https://www.ur-net.go.jp/chintai/kanto/saitama/50_1640_room.html?JKSS=001110406,<li>湘南新宿ライン「久喜」駅バス7～10分 徒歩1～7分</li><li>東武伊勢崎線「久喜」駅バス7～10分 徒歩1～7分</li><li>東武日光線「幸手」駅 徒歩25～35分</li>
saitama,sengendai,久喜青葉,51900,,,,湘南新宿ライン「久喜」駅,8.0,17.0,久喜市青葉1,1-18号棟,鉄筋コンクリート造,3,N,303号室,3DK,53,5,48800,3100,2か月,['近居割'],随時,https://www.ur-net.go.jp/chintai/kanto/saitama/50_1640_room.html?JKSS=001180303,<li>湘南新宿ライン「久喜」駅バス7～10分 徒歩1～7分</li><li>東武伊勢崎線「久喜」駅バス7～10分 徒歩1～7分</li><li>東武日光線「幸手」駅 徒歩25～35分</li>
saitama,sengendai,久喜青葉,51900,,,,東武伊勢崎線「久喜」駅,8.0,17.0,久喜市青葉1,1-18号棟,鉄筋コンクリート造,3,N,303号室,3DK,53,5,48800,3100,2か月,['近居割'],随時,https://www.ur-net.go.jp/chintai/kanto/saitama/50_1640_room.html?JKSS=001180303,<li>湘南新宿ライン「久喜」駅バス7～10分 徒歩1～7分</li><li>東武伊勢崎線「久喜」駅バス7～10分 徒歩1～7分</li><li>東武日光線「幸手」駅 徒歩25～35分</li>
saitama,sengendai,久喜青葉,51900,東武日光線「幸手」駅,25.0,35.0,,,,久喜市青葉1,1-18号棟,鉄筋コンクリート造,3,N,303号室,3DK,53,5,48800,3100,2か月,['近居割'],随時,https://www.ur-net.go.jp/chintai/kanto/saitama/50_1640_room.html?JKSS=001180303,<li>湘南新宿ライン「久喜」駅バス7～10分 徒歩1～7分</li><li>東武伊勢崎線「久喜」駅バス7～10分 徒歩1～7分</li><li>東武日光線「幸手」駅 徒歩25～35分</li>
saitama,sengendai,久喜青葉,51900,,,,,,,久喜市青葉1,1-18号棟,鉄筋コンクリート造,3,N,303号室,3DK,53,5,48800,3100,2か月,['近居割'],随時,https://www.ur-net.go.jp/chintai/kanto/saitama/50_1640_room.html?JKSS=001180303,<li>湘南新宿ライン「久喜」駅バス7～10分 徒歩1～7分</li><li>東武伊勢崎線「久喜」駅バス7～10分 徒歩1～7分</li><li>東武日光線「幸手」駅 徒歩25～35分</li>
saitama,misato,吉川,106200,,,,JR武蔵野線「吉川」駅,6.0,11.0,吉川市吉川団地,5-17号棟,鉄筋コンクリート造,4,N,406号室,3LDK,85,5,103100,3100,2か月,"['近居割', '近居割WIDE']",随時,https://www.ur-net.go.jp/chintai/kanto/saitama/50_1551_room.html?JKSS=000517406,<li>JR武蔵野線「吉川」駅バス5～6分 徒歩1～5分</li>
saitama,misato,吉川,106200,,,,,,,吉川市吉川団地,5-17号棟,鉄筋コンクリート造,4,N,406号室,3LDK,85,5,103100,3100,2か月,"['近居割', '近居割WIDE']",随時,https://www.ur-net.go.jp/chintai/kanto/saitama/50_1551_room.html?JKSS=000517406,<li>JR武蔵野線「吉川」駅バス5～6分 徒歩1～5分</li>
saitama,misato,吉川,112900,,,,JR武蔵野線「吉川」駅,6.0,11.0,吉川市吉川団地,5-17号棟,鉄筋コンクリート造,3,N,301号室,4LDK,92,5,109800,3100,2か月,"['近居割', '近居割WIDE']",随時,https://www.ur-net.go.jp/chintai/kanto/saitama/50_1551_room.html?JKSS=000517301,<li>JR武蔵野線「吉川」駅バス5～6分 徒歩1～5分</li>
saitama,misato,吉川,112900,,,,,,,吉川市吉川団地,5-17号棟,鉄筋コンクリート造,3,N,301号室,4LDK,92,5,109800,3100,2か月,"['近居割', '近居割WIDE']",随時,https://www.ur-net.go.jp/chintai/kanto/saitama/50_1551_room.html?JKSS=000517301,<li>JR武蔵野線「吉川」駅バス5～6分 徒歩1～5分</li>
saitama,misato,吉川,113800,,,,JR武蔵野線「吉川」駅,6.0,11.0,吉川市吉川団地,4-18号棟,鉄筋コンクリート造,3,N,305号室,4LDK,98,5,110700,3100,2か月,"['近居割', '近居割WIDE']",随時,https://www.ur-net.go.jp/chintai/kanto/saitama/50_1551_room.html?JKSS=000418305,<li>JR武蔵野線「吉川」駅バス5～6分 徒歩1～5分</li>
saitama,misato,吉川,113800,,,,,,,吉川市吉川団地,4-18号棟,鉄筋コンクリート造,3,N,305号室,4LDK,98,5,110700,3100,2か月,"['近居割', '近居割WIDE']",随時,https://www.ur-net.go.jp/chintai/kanto/saitama/50_1551_room.html?JKSS=000418305,<li>JR武蔵野線「吉川」駅バス5～6分 徒歩1～5分</li>
saitama,higashiomiya,コンフォール西本郷,151500,JR東北本線「土呂」駅,11.0,14.0,,,,さいたま市北区本郷町17-1,8号棟,鉄筋コンクリート造,6,N,608号室,4DK,77,9,147400,4100,2か月,['近居割'],随時,https://www.ur-net.go.jp/chintai/kanto/saitama/50_3860_room.html?JKSS=000080608,<li>JR東北本線「土呂」駅 徒歩11～14分</li><li>ニューシャトル伊奈線「加茂宮」駅 徒歩12～14分</li><li>東武野田線「大宮公園」駅 徒歩17～23分</li>
saitama,higashiomiya,コンフォール西本郷,151500,ニューシャトル伊奈線「加茂宮」駅,12.0,14.0,,,,さいたま市北区本郷町17-1,8号棟,鉄筋コンクリート造,6,N,608号室,4DK,77,9,147400,4100,2か月,['近居割'],随時,https://www.ur-net.go.jp/chintai/kanto/saitama/50_3860_room.html?JKSS=000080608,<li>JR東北本線「土呂」駅 徒歩11～14分</li><li>ニューシャトル伊奈線「加茂宮」駅 徒歩12～14分</li><li>東武野田線「大宮公園」駅 徒歩17～23分</li>
saitama,higashiomiya,コンフォール西本郷,151500,東武野田線「大宮公園」駅,17.0,23.0,,,,さいたま市北区本郷町17-1,8号棟,鉄筋コンクリート造,6,N,608号室,4DK,77,9,147400,4100,2か月,['近居割'],随時,https://www.ur-net.go.jp/chintai/kanto/saitama/50_3860_room.html?JKSS=000080608,<li>JR東北本線「土呂」駅 徒歩11～14分</li><li>ニューシャトル伊奈線「加茂宮」駅 徒歩12～14分</li><li>東武野田線「大宮公園」駅 徒歩17～23分</li>
saitama,higashiomiya,コンフォール西本郷,151500,,,,,,,さいたま市北区本郷町17-1,8号棟,鉄筋コンクリート造,6,N,608号室,4DK,77,9,147400,4100,2か月,['近居割'],随時,https://www.ur-net.go.jp/chintai/kanto/saitama/50_3860_room.html?JKSS=000080608,<li>JR東北本線「土呂」駅 徒歩11～14分</li><li>ニューシャトル伊奈線「加茂宮」駅 徒歩12～14分</li><li>東武野田線「大宮公園」駅 徒歩17～23分</li>
saitama,kawaguchi,川口芝園,94900,JR京浜東北・根岸線「蕨」駅,10.0,15.0,,,,川口市芝園町3,4号棟,鉄骨鉄筋コンクリート造,5,N,545号室,1LDK,45,10,90800,4100,2か月,"['近居割', '近居割WIDE']",2026年9月24日以降,https://www.ur-net.go.jp/chintai/kanto/saitama/50_1820_room.html?JKSS=000040545,<li>JR京浜東北・根岸線「蕨」駅 徒歩10～15分</li><li>JR埼京線「戸田」駅 徒歩27～32分</li><li>JR武蔵野線「南浦和」駅 徒歩28～34分</li>
saitama,kawaguchi,川口芝園,94900,JR埼京線「戸田」駅,27.0,32.0,,,,川口市芝園町3,4号棟,鉄骨鉄筋コンクリート造,5,N,545号室,1LDK,45,10,90800,4100,2か月,"['近居割', '近居割WIDE']",2026年9月24日以降,https://www.ur-net.go.jp/chintai/kanto/saitama/50_1820_room.html?JKSS=000040545,<li>JR京浜東北・根岸線「蕨」駅 徒歩10～15分</li><li>JR埼京線「戸田」駅 徒歩27～32分</li><li>JR武蔵野線「南浦和」駅 徒歩28～34分</li>
saitama,kawaguchi,川口芝園,94900,JR武蔵野線「南浦和」駅,28.0,34.0,,,,川口市芝園町3,4号棟,鉄骨鉄筋コンクリート造,5,N,545号室,1LDK,45,10,90800,4100,2か月,"['近居割', '近居割WIDE']",2026年9月24日以降,https://www.ur-net.go.jp/chintai/kanto/saitama/50_1820_room.html?JKSS=000040545,<li>JR京浜東北・根岸線「蕨」駅 徒歩10～15分</li><li>JR埼京線「戸田」駅 徒歩27～32分</li><li>JR武蔵野線「南浦和」駅 徒歩28～34分</li>
saitama,kawaguchi,川口芝園,94900,,,,,,,川口市芝園町3,4号棟,鉄骨鉄筋コンクリート造,5,N,545号室,1LDK,45,10,90800,4100,2か月,"['近居割', '近居割WIDE']",2026年9月24日以降,https://www.ur-net.go.jp/chintai/kanto/saitama/50_1820_room.html?JKSS=000040545,<li>JR京浜東北・根岸線「蕨」駅 徒歩10～15分</li><li>JR埼京線「戸田」駅 徒歩27～32分</li><li>JR武蔵野線「南浦和」駅 徒歩28～34分</li>
saitama,kawaguchi,川口芝園,94900,JR京浜東北・根岸線「蕨」駅,10.0,15.0,,,,川口市芝園町3,4号棟,鉄骨鉄筋コンクリート造,5,N,550号室,2DK,45,10,90800,4100,2か月,"['近居割', '近居割WIDE']",随時,https://www.ur-net.go.jp/chintai/kanto/saitama/50_1820_room.html?JKSS=000040550,<li>JR京浜東北・根岸線「蕨」駅 徒歩10～15分</li><li>JR埼京線「戸田」駅 徒歩27～32分</li><li>JR武蔵野線「南浦和」駅 徒歩28～34分</li>
saitama,kawaguchi,川口芝園,94900,JR埼京線「戸田」駅,27.0,32.0,,,,川口市芝園町3,4号棟,鉄骨鉄筋コンクリート造,5,N,550号室,2DK,45,10,90800,4100,2か月,"['近居割', '近居割WIDE']",随時,https://www.ur-net.go.jp/chintai/kanto/saitama/50_1820_room.html?JKSS=000040550,<li>JR京浜東北・根岸線「蕨」駅 徒歩10～15分</li><li>JR埼京線「戸田」駅 徒歩27～32分</li><li>JR武蔵野線「南浦和」駅 徒歩28～34分</li>
saitama,kawaguchi,川口芝園,94900,JR武蔵野線「南浦和」駅,28.0,34.0,,,,川口市芝園町3,4号棟,鉄骨鉄筋コンクリート造,5,N,550号室,2DK,45,10,90800,4100,2か月,"['近居割', '近居割WIDE']",随時,https://www.ur-net.go.jp/chintai/kanto/saitama/50_1820_room.html?JKSS=000040550,<li>JR京浜東北・根岸線「蕨」駅 徒歩10～15分</li><li>JR埼京線「戸田」駅 徒歩27～32分</li><li>JR武蔵野線「南浦和」駅 徒歩28～34分</li>
saitama,kawaguchi,川口芝園,94900,,,,,,,川口市芝園町3,4号棟,鉄骨鉄筋コンクリート造,5,N,550号室,2DK,45,10,90800,4100,2か月,"['近居割', '近居割WIDE']",随時,https://www.ur-net.go.jp/chintai/kanto/saitama/50_1820_room.html?JKSS=000040550,<li>JR京浜東北・根岸線「蕨」駅 徒歩10～15分</li><li>JR埼京線「戸田」駅 徒歩27～32分</li><li>JR武蔵野線「南浦和」駅 徒歩28～34分</li>
saitama,kawaguchi,川口芝園,95400,JR京浜東北・根岸線「蕨」駅,10.0,15.0,,,,川口市芝園町3,4号棟,鉄骨鉄筋コンクリート造,2,N,258号室,1LDK,45,10,91300,4100,2か月,"['近居割', '近居割WIDE']",随時,https://www.ur-net.go.jp/chintai/kanto/saitama/50_1820_room.html?JKSS=000040258,<li>JR京浜東北・根岸線「蕨」駅 徒歩10～15分</li><li>JR埼京線「戸田」駅 徒歩27～32分</li><li>JR武蔵野線「南浦和」駅 徒歩28～34分</li>
saitama,kawaguchi,川口芝園,95400,JR埼京線「戸田」駅,27.0,32.0,,,,川口市芝園町3,4号棟,鉄骨鉄筋コンクリート造,2,N,258号室,1LDK,45,10,91300,4100,2か月,"['近居割', '近居割WIDE']",随時,https://www.ur-net.go.jp/chintai/kanto/saitama/50_1820_room.html?JKSS=000040258,<li>JR京浜東北・根岸線「蕨」駅 徒歩10～15分</li><li>JR埼京線「戸田」駅 徒歩27～32分</li><li>JR武蔵野線「南浦和」駅 徒歩28～34分</li>
saitama,kawaguchi,川口芝園,95400,JR武蔵野線「南浦和」駅,28.0,34.0,,,,川口市芝園町3,4号棟,鉄骨鉄筋コンクリート造,2,N,258号室,1LDK,45,10,91300,4100,2か月,"['近居割', '近居割WIDE']",随時,https://www.ur-net.go.jp/chintai/kanto/saitama/50_1820_room.html?JKSS=000040258,<li>JR京浜東北・根岸線「蕨」駅 徒歩10～15分</li><li>JR埼京線「戸田」駅 徒歩27～32分</li><li>JR武蔵野線「南浦和」駅 徒歩28～34分</li>
saitama,kawaguchi,川口芝園,95400,,,,,,,川口市芝園町3,4号棟,鉄骨鉄筋コンクリート造,2,N,258号室,1LDK,45,10,91300,4100,2か月,"['近居割', '近居割WIDE']",随時,https://www.ur-net.go.jp/chintai/kanto/saitama/50_1820_room.html?JKSS=000040258,<li>JR京浜東北・根岸線「蕨」駅 徒歩10～15分</li><li>JR埼京線「戸田」駅 徒歩27～32分</li><li>JR武蔵野線「南浦和」駅 徒歩28～34分</li>
saitama,kawaguchi,川口芝園,99700,JR京浜東北・根岸線「蕨」駅,10.0,15.0,,,,川口市芝園町3,4号棟,鉄骨鉄筋コンクリート造,6,N,625号室,1LDK,45,10,95600,4100,2か月,"['近居割', '近居割WIDE']",随時,https://www.ur-net.go.jp/chintai/kanto/saitama/50_1820_room.html?JKSS=000040625,<li>JR京浜東北・根岸線「蕨」駅 徒歩10～15分</li><li>JR埼京線「戸田」駅 徒歩27～32分</li><li>JR武蔵野線「南浦和」駅 徒歩28～34分</li>
saitama,kawaguchi,川口芝園,99700,JR埼京線「戸田」駅,27.0,32.0,,,,川口市芝園町3,4号棟,鉄骨鉄筋コンクリート造,6,N,625号室,1LDK,45,10,95600,4100,2か月,"['近居割', '近居割WIDE']",随時,https://www.ur-net.go.jp/chintai/kanto/saitama/50_1820_room.html?JKSS=000040625,<li>JR京浜東北・根岸線「蕨」駅 徒歩10～15分</li><li>JR埼京線「戸田」駅 徒歩27～32分</li><li>JR武蔵野線「南浦和」駅 徒歩28～34分</li>
saitama,kawaguchi,川口芝園,99700,JR武蔵野線「南浦和」駅,28.0,34.0,,,,川口市芝園町3,4号棟,鉄骨鉄筋コンクリート造,6,N,625号室,1LDK,45,10,95600,4100,2か月,"['近居割', '近居割WIDE']",随時,https://www.ur-net.go.jp/chintai/kanto/saitama/50_1820_room.html?JKSS=000040625,<li>JR京浜東北・根岸線「蕨」駅 徒歩10～15分</li><li>JR埼京線「戸田」駅 徒歩27～32分</li><li>JR武蔵野線「南浦和」駅 徒歩28～34分</li>
saitama,kawaguchi,川口芝園,99700,,,,,,,川口市芝園町3,4号棟,鉄骨鉄筋コンクリート造,6,N,625号室,1LDK,45,10,95600,4100,2か月,"['近居割', '近居割WIDE']",随時,https://www.ur-net.go.jp/chintai/kanto/saitama/50_1820_room.html?JKSS=000040625,<li>JR京浜東北・根岸線「蕨」駅 徒歩10～15分</li><li>JR埼京線「戸田」駅 徒歩27～32分</li><li>JR武蔵野線「南浦和」駅 徒歩28～34分</li>
saitama,kawaguchi,コンフォール東鳩ヶ谷,103400,埼玉高速鉄道「新井宿」駅,12.0,12.0,,,,川口市桜町4-4,3号棟,鉄筋コンクリート造,3,N,303号室,2DK,49,10,99000,4400,2か月,['近居割'],随時,https://www.ur-net.go.jp/chintai/kanto/saitama/50_4020_room.html?JKSS=000030303,<li>埼玉高速鉄道「新井宿」駅 徒歩12分</li><li>JR京浜東北・根岸線「西川口」駅バス25分 徒歩1～3分</li><li>JR京浜東北・根岸線「赤羽」駅バス27分 徒歩1～3分</li>
saitama,kawaguchi,コンフォール東鳩ヶ谷,103400,,,,JR京浜東北・根岸線「西川口」駅,26.0,28.0,川口市桜町4-4,3号棟,鉄筋コンクリート造,3,N,303号室,2DK,49,10,99000,4400,2か月,['近居割'],随時,https://www.ur-net.go.jp/chintai/kanto/saitama/50_4020_room.html?JKSS=000030303,<li>埼玉高速鉄道「新井宿」駅 徒歩12分</li><li>JR京浜東北・根岸線「西川口」駅バス25分 徒歩1～3分</li><li>JR京浜東北・根岸線「赤羽」駅バス27分 徒歩1～3分</li>
saitama,kawaguchi,コンフォール東鳩ヶ谷,103400,,,,JR京浜東北・根岸線「赤羽」駅,28.0,30.0,川口市桜町4-4,3号棟,鉄筋コンクリート造,3,N,303号室,2DK,49,10,99000,4400,2か月,['近居割'],随時,https://www.ur-net.go.jp/chintai/kanto/saitama/50_4020_room.html?JKSS=000030303,<li>埼玉高速鉄道「新井宿」駅 徒歩12分</li><li>JR京浜東北・根岸線「西川口」駅バス25分 徒歩1～3分</li><li>JR京浜東北・根岸線「赤羽」駅バス27分 徒歩1～3分</li>
saitama,kawaguchi,コンフォール東鳩ヶ谷,103400,,,,,,,川口市桜町4-4,3号棟,鉄筋コンクリート造,3,N,303号室,2DK,49,10,99000,4400,2か月,['近居割'],随時,https://www.ur-net.go.jp/chintai/kanto/saitama/50_4020_room.html?JKSS=000030303,<li>埼玉高速鉄道「新井宿」駅 徒歩12分</li><li>JR京浜東北・根岸線「西川口」駅バス25分 徒歩1～3分</li><li>JR京浜東北・根岸線「赤羽」駅バス27分 徒歩1～3分</li>
saitama,kawaguchi,コンフォール東鳩ヶ谷,129100,埼玉高速鉄道「新井宿」駅,12.0,12.0,,,,川口市桜町4-4,1号棟,鉄筋コンクリート造,6,N,606号室,2LDK,64,7,124700,4400,2か月,['近居割'],随時,https://www.ur-net.go.jp/chintai/kanto/saitama/50_4020_room.html?JKSS=000010606,<li>埼玉高速鉄道「新井宿」駅 徒歩12分</li><li>JR京浜東北・根岸線「西川口」駅バス25分 徒歩1～3分</li><li>JR京浜東北・根岸線「赤羽」駅バス27分 徒歩1～3分</li>
saitama,kawaguchi,コンフォール東鳩ヶ谷,129100,,,,JR京浜東北・根岸線「西川口」駅,26.0,28.0,川口市桜町4-4,1号棟,鉄筋コンクリート造,6,N,606号室,2LDK,64,7,124700,4400,2か月,['近居割'],随時,https://www.ur-net.go.jp/chintai/kanto/saitama/50_4020_room.html?JKSS=000010606,<li>埼玉高速鉄道「新井宿」駅 徒歩12分</li><li>JR京浜東北・根岸線「西川口」駅バス25分 徒歩1～3分</li><li>JR京浜東北・根岸線「赤羽」駅バス27分 徒歩1～3分</li>
saitama,kawaguchi,コンフォール東鳩ヶ谷,129100,,,,JR京浜東北・根岸線「赤羽」駅,28.0,30.0,川口市桜町4-4,1号棟,鉄筋コンクリート造,6,N,606号室,2LDK,64,7,124700,4400,2か月,['近居割'],随時,https://www.ur-net.go.jp/chintai/kanto/saitama/50_4020_room.html?JKSS=000010606,<li>埼玉高速鉄道「新井宿」駅 徒歩12分</li><li>JR京浜東北・根岸線「西川口」駅バス25分 徒歩1～3分</li><li>JR京浜東北・根岸線「赤羽」駅バス27分 徒歩1～3分</li>
saitama,kawaguchi,コンフォール東鳩ヶ谷,129100,,,,,,,川口市桜町4-4,1号棟,鉄筋コンクリート造,6,N,606号室,2LDK,64,7,124700,4400,2か月,['近居割'],随時,https://www.ur-net.go.jp/chintai/kanto/saitama/50_4020_room.html?JKSS=000010606,<li>埼玉高速鉄道「新井宿」駅 徒歩12分</li><li>JR京浜東北・根岸線「西川口」駅バス25分 徒歩1～3分</li><li>JR京浜東北・根岸線「赤羽」駅バス27分 徒歩1～3分</li>
saitama,kawaguchi,アーバンハイツ南前川,111300,,,,JR京浜東北線「蕨」駅,8.0,8.0,川口市南前川2-21-10,,鉄筋コンクリート造,4,N,409号室,3DK,68,5,107500,3800,2か月,['近居割'],随時,https://www.ur-net.go.jp/chintai/kanto/saitama/50_2220_room.html?JKSS=000000409,<li>JR京浜東北線「蕨」駅 バス7分 徒歩1分</li><li>JR京浜東北線「西川口」駅 バス8分 徒歩1分</li>
saitama,kawaguchi,アーバンハイツ南前川,111300,,,,JR京浜東北線「西川口」駅,9.0,9.0,川口市南前川2-21-10,,鉄筋コンクリート造,4,N,409号室,3DK,68,5,107500,3800,2か月,['近居割'],随時,https://www.ur-net.go.jp/chintai/kanto/saitama/50_2220_room.html?JKSS=000000409,<li>JR京浜東北線「蕨」駅 バス7分 徒歩1分</li><li>JR京浜東北線「西川口」駅 バス8分 徒歩1分</li>
saitama,kawaguchi,アーバンハイツ南前川,111300,,,,,,,川口市南前川2-21-10,,鉄筋コンクリート造,4,N,409号室,3DK,68,5,107500,3800,2か月,['近居割'],随時,https://www.ur-net.go.jp/chintai/kanto/saitama/50_2220_room.html?JKSS=000000409,<li>JR京浜東北線「蕨」駅 バス7分 徒歩1分</li><li>JR京浜東北線「西川口」駅 バス8分 徒歩1分</li>
saitama,kawaguchi,アーバンハイツ南前川,130800,,,,JR京浜東北線「蕨」駅,8.0,8.0,川口市南前川2-21-10,,鉄筋コンクリート造,3,N,304号室,3LDK,79,5,127000,3800,2か月,['近居割'],随時,https://www.ur-net.go.jp/chintai/kanto/saitama/50_2220_room.html?JKSS=000000304,<li>JR京浜東北線「蕨」駅 バス7分 徒歩1分</li><li>JR京浜東北線「西川口」駅 バス8分 徒歩1分</li>
saitama,kawaguchi,アーバンハイツ南前川,130800,,,,JR京浜東北線「西川口」駅,9.0,9.0,川口市南前川2-21-10,,鉄筋コンクリート造,3,N,304号室,3LDK,79,5,127000,3800,2か月,['近居割'],随時,https://www.ur-net.go.jp/chintai/kanto/saitama/50_2220_room.html?JKSS=000000304,<li>JR京浜東北線「蕨」駅 バス7分 徒歩1分</li><li>JR京浜東北線「西川口」駅 バス8分 徒歩1分</li>
saitama,kawaguchi,アーバンハイツ南前川,130800,,,,,,,川口市南前川2-21-10,,鉄筋コンクリート造,3,N,304号室,3LDK,79,5,127000,3800,2か月,['近居割'],随時,https://www.ur-net.go.jp/chintai/kanto/saitama/50_2220_room.html?JKSS=000000304,<li>JR京浜東北線「蕨」駅 バス7分 徒歩1分</li><li>JR京浜東北線「西川口」駅 バス8分 徒歩1分</li>
saitama,kawaguchi,リプレ川口二番街,203700,JR京浜東北線「川口」駅,2.0,2.0,,,,川口市川口3-3-1,,鉄骨鉄筋コンクリート造,9,N,912号室,4DK,76,14,199700,4000,2か月,['近居割'],2026年9月25日以降,https://www.ur-net.go.jp/chintai/kanto/saitama/50_2890_room.html?JKSS=000000912,<li>JR京浜東北線「川口」駅 徒歩2分</li>
saitama,kawaguchi,リプレ川口二番街,203700,,,,,,,川口市川口3-3-1,,鉄骨鉄筋コンクリート造,9,N,912号室,4DK,76,14,199700,4000,2か月,['近居割'],2026年9月25日以降,https://www.ur-net.go.jp/chintai/kanto/saitama/50_2890_room.html?JKSS=000000912,<li>JR京浜東北線「川口」駅 徒歩2分</li>
saitama,minamiurawa,コンフォール領家,123500,JR京浜東北・根岸線「北浦和」駅,16.0,18.0,,,,さいたま市浦和区領家6-11,1号棟,鉄筋コンクリート造,4,N,403号室,1LDK,50,5,117500,6000,2か月,['近居割'],随時,https://www.ur-net.go.jp/chintai/kanto/saitama/50_4110_room.html?JKSS=000010403,<li>JR京浜東北・根岸線「北浦和」駅 徒歩16～18分</li><li>JR京浜東北・根岸線「与野」駅 徒歩17分</li><li>JR京浜東北・根岸線「浦和」駅 徒歩36～39分</li>
saitama,minamiurawa,コンフォール領家,123500,JR京浜東北・根岸線「与野」駅,17.0,17.0,,,,さいたま市浦和区領家6-11,1号棟,鉄筋コンクリート造,4,N,403号室,1LDK,50,5,117500,6000,2か月,['近居割'],随時,https://www.ur-net.go.jp/chintai/kanto/saitama/50_4110_room.html?JKSS=000010403,<li>JR京浜東北・根岸線「北浦和」駅 徒歩16～18分</li><li>JR京浜東北・根岸線「与野」駅 徒歩17分</li><li>JR京浜東北・根岸線「浦和」駅 徒歩36～39分</li>
saitama,minamiurawa,コンフォール領家,123500,JR京浜東北・根岸線「浦和」駅,36.0,39.0,,,,さいたま市浦和区領家6-11,1号棟,鉄筋コンクリート造,4,N,403号室,1LDK,50,5,117500,6000,2か月,['近居割'],随時,https://www.ur-net.go.jp/chintai/kanto/saitama/50_4110_room.html?JKSS=000010403,<li>JR京浜東北・根岸線「北浦和」駅 徒歩16～18分</li><li>JR京浜東北・根岸線「与野」駅 徒歩17分</li><li>JR京浜東北・根岸線「浦和」駅 徒歩36～39分</li>
saitama,minamiurawa,コンフォール領家,123500,,,,,,,さいたま市浦和区領家6-11,1号棟,鉄筋コンクリート造,4,N,403号室,1LDK,50,5,117500,6000,2か月,['近居割'],随時,https://www.ur-net.go.jp/chintai/kanto/saitama/50_4110_room.html?JKSS=000010403,<li>JR京浜東北・根岸線「北浦和」駅 徒歩16～18分</li><li>JR京浜東北・根岸線「与野」駅 徒歩17分</li><li>JR京浜東北・根岸線「浦和」駅 徒歩36～39分</li>
saitama,minamiurawa,うらわイーストシティ　かえで街,111000,JR武蔵野線「東浦和」駅,13.0,13.0,JR武蔵野線「東浦和」駅,4.0,5.0,さいたま市緑区東浦和2-73-1,5号棟,鉄筋コンクリート造,2,N,201号室,2DK,63,3,105500,5500,2か月,['フリレ１か月'],随時,https://www.ur-net.go.jp/chintai/kanto/saitama/50_2730_room.html?JKSS=000050201,<li>JR武蔵野線「東浦和」駅 徒歩13分</li><li>JR武蔵野線「東浦和」駅バス2分 徒歩2～3分</li><li>JR東北本線「浦和」駅バス14分 徒歩7～9分</li>
saitama,minamiurawa,うらわイーストシティ　かえで街,111000,,,,JR東北本線「浦和」駅,21.0,23.0,さいたま市緑区東浦和2-73-1,5号棟,鉄筋コンクリート造,2,N,201号室,2DK,63,3,105500,5500,2か月,['フリレ１か月'],随時,https://www.ur-net.go.jp/chintai/kanto/saitama/50_2730_room.html?JKSS=000050201,<li>JR武蔵野線「東浦和」駅 徒歩13分</li><li>JR武蔵野線「東浦和」駅バス2分 徒歩2～3分</li><li>JR東北本線「浦和」駅バス14分 徒歩7～9分</li>
saitama,minamiurawa,うらわイーストシティ　かえで街,111000,,,,,,,さいたま市緑区東浦和2-73-1,5号棟,鉄筋コンクリート造,2,N,201号室,2DK,63,3,105500,5500,2か月,['フリレ１か月'],随時,https://www.ur-net.go.jp/chintai/kanto/saitama/50_2730_room.html?JKSS=000050201,<li>JR武蔵野線「東浦和」駅 徒歩13分</li><li>JR武蔵野線「東浦和」駅バス2分 徒歩2～3分</li><li>JR東北本線「浦和」駅バス14分 徒歩7～9分</li>
saitama,minamiurawa,うらわイーストシティ　かえで街,132100,JR武蔵野線「東浦和」駅,13.0,13.0,JR武蔵野線「東浦和」駅,4.0,5.0,さいたま市緑区東浦和2-73-1,3号棟,鉄筋コンクリート造,4,N,401号室,2LDK,70,5,126600,5500,2か月,['フリレ１か月'],随時,https://www.ur-net.go.jp/chintai/kanto/saitama/50_2730_room.html?JKSS=000030401,<li>JR武蔵野線「東浦和」駅 徒歩13分</li><li>JR武蔵野線「東浦和」駅バス2分 徒歩2～3分</li><li>JR東北本線「浦和」駅バス14分 徒歩7～9分</li>
saitama,minamiurawa,うらわイーストシティ　かえで街,132100,,,,JR東北本線「浦和」駅,21.0,23.0,さいたま市緑区東浦和2-73-1,3号棟,鉄筋コンクリート造,4,N,401号室,2LDK,70,5,126600,5500,2か月,['フリレ１か月'],随時,https://www.ur-net.go.jp/chintai/kanto/saitama/50_2730_room.html?JKSS=000030401,<li>JR武蔵野線「東浦和」駅 徒歩13分</li><li>JR武蔵野線「東浦和」駅バス2分 徒歩2～3分</li><li>JR東北本線「浦和」駅バス14分 徒歩7～9分</li>
saitama,minamiurawa,うらわイーストシティ　かえで街,132100,,,,,,,さいたま市緑区東浦和2-73-1,3号棟,鉄筋コンクリート造,4,N,401号室,2LDK,70,5,126600,5500,2か月,['フリレ１か月'],随時,https://www.ur-net.go.jp/chintai/kanto/saitama/50_2730_room.html?JKSS=000030401,<li>JR武蔵野線「東浦和」駅 徒歩13分</li><li>JR武蔵野線「東浦和」駅バス2分 徒歩2～3分</li><li>JR東北本線「浦和」駅バス14分 徒歩7～9分</li>
saitama,ageo,パークタウン若宮,95000,JR高崎線「桶川」駅,5.0,9.0,,,,桶川市若宮1-8,24号棟,鉄筋コンクリート造,5,N,504号室,3LDK,77,5,91800,3200,2か月,['近居割'],随時,https://www.ur-net.go.jp/chintai/kanto/saitama/50_2160_room.html?JKSS=000240504,<li>JR高崎線「桶川」駅 徒歩5～9分</li><li>JR高崎線「北本」駅 徒歩60～65分</li><li>JR高崎線「北上尾」駅 徒歩28～34分</li>
saitama,ageo,パークタウン若宮,95000,JR高崎線「北本」駅,60.0,65.0,,,,桶川市若宮1-8,24号棟,鉄筋コンクリート造,5,N,504号室,3LDK,77,5,91800,3200,2か月,['近居割'],随時,https://www.ur-net.go.jp/chintai/kanto/saitama/50_2160_room.html?JKSS=000240504,<li>JR高崎線「桶川」駅 徒歩5～9分</li><li>JR高崎線「北本」駅 徒歩60～65分</li><li>JR高崎線「北上尾」駅 徒歩28～34分</li>
saitama,ageo,パークタウン若宮,95000,JR高崎線「北上尾」駅,28.0,34.0,,,,桶川市若宮1-8,24号棟,鉄筋コンクリート造,5,N,504号室,3LDK,77,5,91800,3200,2か月,['近居割'],随時,https://www.ur-net.go.jp/chintai/kanto/saitama/50_2160_room.html?JKSS=000240504,<li>JR高崎線「桶川」駅 徒歩5～9分</li><li>JR高崎線「北本」駅 徒歩60～65分</li><li>JR高崎線「北上尾」駅 徒歩28～34分</li>
saitama,ageo,パークタウン若宮,95000,,,,,,,桶川市若宮1-8,24号棟,鉄筋コンクリート造,5,N,504号室,3LDK,77,5,91800,3200,2か月,['近居割'],随時,https://www.ur-net.go.jp/chintai/kanto/saitama/50_2160_room.html?JKSS=000240504,<li>JR高崎線「桶川」駅 徒歩5～9分</li><li>JR高崎線「北本」駅 徒歩60～65分</li><li>JR高崎線「北上尾」駅 徒歩28～34分</li>
saitama,ageo,パークタウン若宮,95900,JR高崎線「桶川」駅,5.0,9.0,,,,桶川市若宮1-8,25号棟,鉄筋コンクリート造,4,N,402号室,3LDK,82,5,92700,3200,2か月,['近居割'],随時,https://www.ur-net.go.jp/chintai/kanto/saitama/50_2160_room.html?JKSS=000250402,<li>JR高崎線「桶川」駅 徒歩5～9分</li><li>JR高崎線「北本」駅 徒歩60～65分</li><li>JR高崎線「北上尾」駅 徒歩28～34分</li>
saitama,ageo,パークタウン若宮,95900,JR高崎線「北本」駅,60.0,65.0,,,,桶川市若宮1-8,25号棟,鉄筋コンクリート造,4,N,402号室,3LDK,82,5,92700,3200,2か月,['近居割'],随時,https://www.ur-net.go.jp/chintai/kanto/saitama/50_2160_room.html?JKSS=000250402,<li>JR高崎線「桶川」駅 徒歩5～9分</li><li>JR高崎線「北本」駅 徒歩60～65分</li><li>JR高崎線「北上尾」駅 徒歩28～34分</li>
saitama,ageo,パークタウン若宮,95900,JR高崎線「北上尾」駅,28.0,34.0,,,,桶川市若宮1-8,25号棟,鉄筋コンクリート造,4,N,402号室,3LDK,82,5,92700,3200,2か月,['近居割'],随時,https://www.ur-net.go.jp/chintai/kanto/saitama/50_2160_room.html?JKSS=000250402,<li>JR高崎線「桶川」駅 徒歩5～9分</li><li>JR高崎線「北本」駅 徒歩60～65分</li><li>JR高崎線「北上尾」駅 徒歩28～34分</li>
saitama,ageo,パークタウン若宮,95900,,,,,,,桶川市若宮1-8,25号棟,鉄筋コンクリート造,4,N,402号室,3LDK,82,5,92700,3200,2か月,['近居割'],随時,https://www.ur-net.go.jp/chintai/kanto/saitama/50_2160_room.html?JKSS=000250402,<li>JR高崎線「桶川」駅 徒歩5～9分</li><li>JR高崎線「北本」駅 徒歩60～65分</li><li>JR高崎線「北上尾」駅 徒歩28～34分</li>
saitama,ageo,パークタウン若宮,96400,JR高崎線「桶川」駅,5.0,9.0,,,,桶川市若宮1-8,22号棟,鉄筋コンクリート造,5,N,502号室,3LDK,86,5,93200,3200,2か月,['フリレ１か月'],随時,https://www.ur-net.go.jp/chintai/kanto/saitama/50_2160_room.html?JKSS=000220502,<li>JR高崎線「桶川」駅 徒歩5～9分</li><li>JR高崎線「北本」駅 徒歩60～65分</li><li>JR高崎線「北上尾」駅 徒歩28～34分</li>
saitama,ageo,パークタウン若宮,96400,JR高崎線「北本」駅,60.0,65.0,,,,桶川市若宮1-8,22号棟,鉄筋コンクリート造,5,N,502号室,3LDK,86,5,93200,3200,2か月,['フリレ１か月'],随時,https://www.ur-net.go.jp/chintai/kanto/saitama/50_2160_room.html?JKSS=000220502,<li>JR高崎線「桶川」駅 徒歩5～9分</li><li>JR高崎線「北本」駅 徒歩60～65分</li><li>JR高崎線「北上尾」駅 徒歩28～34分</li>
saitama,ageo,パークタウン若宮,96400,JR高崎線「北上尾」駅,28.0,34.0,,,,桶川市若宮1-8,22号棟,鉄筋コンクリート造,5,N,502号室,3LDK,86,5,93200,3200,2か月,['フリレ１か月'],随時,https://www.ur-net.go.jp/chintai/kanto/saitama/50_2160_room.html?JKSS=000220502,<li>JR高崎線「桶川」駅 徒歩5～9分</li><li>JR高崎線「北本」駅 徒歩60～65分</li><li>JR高崎線「北上尾」駅 徒歩28～34分</li>
saitama,ageo,パークタウン若宮,96400,,,,,,,桶川市若宮1-8,22号棟,鉄筋コンクリート造,5,N,502号室,3LDK,86,5,93200,3200,2か月,['フリレ１か月'],随時,https://www.ur-net.go.jp/chintai/kanto/saitama/50_2160_room.html?JKSS=000220502,<li>JR高崎線「桶川」駅 徒歩5～9分</li><li>JR高崎線「北本」駅 徒歩60～65分</li><li>JR高崎線「北上尾」駅 徒歩28～34分</li>
saitama,ageo,パークタウン若宮,100200,JR高崎線「桶川」駅,5.0,9.0,,,,桶川市若宮1-8,22号棟,鉄筋コンクリート造,2,N,203号室,3LDK,86,5,97000,3200,2か月,['近居割'],2026年9月25日以降,https://www.ur-net.go.jp/chintai/kanto/saitama/50_2160_room.html?JKSS=000220203,<li>JR高崎線「桶川」駅 徒歩5～9分</li><li>JR高崎線「北本」駅 徒歩60～65分</li><li>JR高崎線「北上尾」駅 徒歩28～34分</li>
saitama,ageo,パークタウン若宮,100200,JR高崎線「北本」駅,60.0,65.0,,,,桶川市若宮1-8,22号棟,鉄筋コンクリート造,2,N,203号室,3LDK,86,5,97000,3200,2か月,['近居割'],2026年9月25日以降,https://www.ur-net.go.jp/chintai/kanto/saitama/50_2160_room.html?JKSS=000220203,<li>JR高崎線「桶川」駅 徒歩5～9分</li><li>JR高崎線「北本」駅 徒歩60～65分</li><li>JR高崎線「北上尾」駅 徒歩28～34分</li>
saitama,ageo,パークタウン若宮,100200,JR高崎線「北上尾」駅,28.0,34.0,,,,桶川市若宮1-8,22号棟,鉄筋コンクリート造,2,N,203号室,3LDK,86,5,97000,3200,2か月,['近居割'],2026年9月25日以降,https://www.ur-net.go.jp/chintai/kanto/saitama/50_2160_room.html?JKSS=000220203,<li>JR高崎線「桶川」駅 徒歩5～9分</li><li>JR高崎線「北本」駅 徒歩60～65分</li><li>JR高崎線「北上尾」駅 徒歩28～34分</li>
saitama,ageo,パークタウン若宮,100200,,,,,,,桶川市若宮1-8,22号棟,鉄筋コンクリート造,2,N,203号室,3LDK,86,5,97000,3200,2か月,['近居割'],2026年9月25日以降,https://www.ur-net.go.jp/chintai/kanto/saitama/50_2160_room.html?JKSS=000220203,<li>JR高崎線「桶川」駅 徒歩5～9分</li><li>JR高崎線「北本」駅 徒歩60～65分</li><li>JR高崎線「北上尾」駅 徒歩28～34分</li>
saitama,ageo,西上尾第二,60700,,,,JR高崎線「上尾」駅,14.0,20.0,上尾市小敷谷77-1,3-29号棟,鉄筋コンクリート造,2,N,204号室,3DK,52,5,57700,3000,2か月,['健康寿命サポート'],随時,https://www.ur-net.go.jp/chintai/kanto/saitama/50_1270_room.html?JKSS=000329204,<li>JR高崎線「上尾」駅バス13分 徒歩1～7分</li><li>JR高崎線「北上尾」駅 徒歩55～65分</li><li>JR京浜東北・根岸線「大宮」駅バス22～25分 徒歩3～15分</li>
saitama,ageo,西上尾第二,60700,JR高崎線「北上尾」駅,55.0,65.0,,,,上尾市小敷谷77-1,3-29号棟,鉄筋コンクリート造,2,N,204号室,3DK,52,5,57700,3000,2か月,['健康寿命サポート'],随時,https://www.ur-net.go.jp/chintai/kanto/saitama/50_1270_room.html?JKSS=000329204,<li>JR高崎線「上尾」駅バス13分 徒歩1～7分</li><li>JR高崎線「北上尾」駅 徒歩55～65分</li><li>JR京浜東北・根岸線「大宮」駅バス22～25分 徒歩3～15分</li>
saitama,ageo,西上尾第二,60700,,,,JR京浜東北・根岸線「大宮」駅,25.0,40.0,上尾市小敷谷77-1,3-29号棟,鉄筋コンクリート造,2,N,204号室,3DK,52,5,57700,3000,2か月,['健康寿命サポート'],随時,https://www.ur-net.go.jp/chintai/kanto/saitama/50_1270_room.html?JKSS=000329204,<li>JR高崎線「上尾」駅バス13分 徒歩1～7分</li><li>JR高崎線「北上尾」駅 徒歩55～65分</li><li>JR京浜東北・根岸線「大宮」駅バス22～25分 徒歩3～15分</li>
saitama,ageo,西上尾第二,60700,,,,,,,上尾市小敷谷77-1,3-29号棟,鉄筋コンクリート造,2,N,204号室,3DK,52,5,57700,3000,2か月,['健康寿命サポート'],随時,https://www.ur-net.go.jp/chintai/kanto/saitama/50_1270_room.html?JKSS=000329204,<li>JR高崎線「上尾」駅バス13分 徒歩1～7分</li><li>JR高崎線「北上尾」駅 徒歩55～65分</li><li>JR京浜東北・根岸線「大宮」駅バス22～25分 徒歩3～15分</li>
saitama,ageo,北本,38500,,,,JR高崎線「北本」駅,5.0,17.0,北本市栄7,3-20号棟,鉄筋コンクリート造,5,N,501号室,2DK,41,5,34700,3800,2か月,"['近居割', '近居割WIDE']",2026年9月24日以降,https://www.ur-net.go.jp/chintai/kanto/saitama/50_1400_room.html?JKSS=000320501,<li>JR高崎線「北本」駅バス4～12分 徒歩1～5分</li><li>JR高崎線「桶川」駅 徒歩30～57分</li><li>JR高崎線「鴻巣」駅 徒歩45～79分</li>
saitama,ageo,北本,38500,JR高崎線「桶川」駅,30.0,57.0,,,,北本市栄7,3-20号棟,鉄筋コンクリート造,5,N,501号室,2DK,41,5,34700,3800,2か月,"['近居割', '近居割WIDE']",2026年9月24日以降,https://www.ur-net.go.jp/chintai/kanto/saitama/50_1400_room.html?JKSS=000320501,<li>JR高崎線「北本」駅バス4～12分 徒歩1～5分</li><li>JR高崎線「桶川」駅 徒歩30～57分</li><li>JR高崎線「鴻巣」駅 徒歩45～79分</li>
saitama,ageo,北本,38500,JR高崎線「鴻巣」駅,45.0,79.0,,,,北本市栄7,3-20号棟,鉄筋コンクリート造,5,N,501号室,2DK,41,5,34700,3800,2か月,"['近居割', '近居割WIDE']",2026年9月24日以降,https://www.ur-net.go.jp/chintai/kanto/saitama/50_1400_room.html?JKSS=000320501,<li>JR高崎線「北本」駅バス4～12分 徒歩1～5分</li><li>JR高崎線「桶川」駅 徒歩30～57分</li><li>JR高崎線「鴻巣」駅 徒歩45～79分</li>
saitama,ageo,北本,38500,,,,,,,北本市栄7,3-20号棟,鉄筋コンクリート造,5,N,501号室,2DK,41,5,34700,3800,2か月,"['近居割', '近居割WIDE']",2026年9月24日以降,https://www.ur-net.go.jp/chintai/kanto/saitama/50_1400_room.html?JKSS=000320501,<li>JR高崎線「北本」駅バス4～12分 徒歩1～5分</li><li>JR高崎線「桶川」駅 徒歩30～57分</li><li>JR高崎線「鴻巣」駅 徒歩45～79分</li>
saitama,ageo,北本,47900,,,,JR高崎線「北本」駅,5.0,17.0,北本市栄7,1-15号棟,鉄筋コンクリート造,5,N,503号室,3K,52,5,44100,3800,2か月,"['近居割', '近居割WIDE']",随時,https://www.ur-net.go.jp/chintai/kanto/saitama/50_1400_room.html?JKSS=000115503,<li>JR高崎線「北本」駅バス4～12分 徒歩1～5分</li><li>JR高崎線「桶川」駅 徒歩30～57分</li><li>JR高崎線「鴻巣」駅 徒歩45～79分</li>
saitama,ageo,北本,47900,JR高崎線「桶川」駅,30.0,57.0,,,,北本市栄7,1-15号棟,鉄筋コンクリート造,5,N,503号室,3K,52,5,44100,3800,2か月,"['近居割', '近居割WIDE']",随時,https://www.ur-net.go.jp/chintai/kanto/saitama/50_1400_room.html?JKSS=000115503,<li>JR高崎線「北本」駅バス4～12分 徒歩1～5分</li><li>JR高崎線「桶川」駅 徒歩30～57分</li><li>JR高崎線「鴻巣」駅 徒歩45～79分</li>
saitama,ageo,北本,47900,JR高崎線「鴻巣」駅,45.0,79.0,,,,北本市栄7,1-15号棟,鉄筋コンクリート造,5,N,503号室,3K,52,5,44100,3800,2か月,"['近居割', '近居割WIDE']",随時,https://www.ur-net.go.jp/chintai/kanto/saitama/50_1400_room.html?JKSS=000115503,<li>JR高崎線「北本」駅バス4～12分 徒歩1～5分</li><li>JR高崎線「桶川」駅 徒歩30～57分</li><li>JR高崎線「鴻巣」駅 徒歩45～79分</li>
saitama,ageo,北本,47900,,,,,,,北本市栄7,1-15号棟,鉄筋コンクリート造,5,N,503号室,3K,52,5,44100,3800,2か月,"['近居割', '近居割WIDE']",随時,https://www.ur-net.go.jp/chintai/kanto/saitama/50_1400_room.html?JKSS=000115503,<li>JR高崎線「北本」駅バス4～12分 徒歩1～5分</li><li>JR高崎線「桶川」駅 徒歩30～57分</li><li>JR高崎線「鴻巣」駅 徒歩45～79分</li>
saitama,ageo,北本,47900,,,,JR高崎線「北本」駅,5.0,17.0,北本市栄7,1-19号棟,鉄筋コンクリート造,5,N,503号室,3K,52,5,44100,3800,2か月,"['近居割', '近居割WIDE']",随時,https://www.ur-net.go.jp/chintai/kanto/saitama/50_1400_room.html?JKSS=000119503,<li>JR高崎線「北本」駅バス4～12分 徒歩1～5分</li><li>JR高崎線「桶川」駅 徒歩30～57分</li><li>JR高崎線「鴻巣」駅 徒歩45～79分</li>
saitama,ageo,北本,47900,JR高崎線「桶川」駅,30.0,57.0,,,,北本市栄7,1-19号棟,鉄筋コンクリート造,5,N,503号室,3K,52,5,44100,3800,2か月,"['近居割', '近居割WIDE']",随時,https://www.ur-net.go.jp/chintai/kanto/saitama/50_1400_room.html?JKSS=000119503,<li>JR高崎線「北本」駅バス4～12分 徒歩1～5分</li><li>JR高崎線「桶川」駅 徒歩30～57分</li><li>JR高崎線「鴻巣」駅 徒歩45～79分</li>
saitama,ageo,北本,47900,JR高崎線「鴻巣」駅,45.0,79.0,,,,北本市栄7,1-19号棟,鉄筋コンクリート造,5,N,503号室,3K,52,5,44100,3800,2か月,"['近居割', '近居割WIDE']",随時,https://www.ur-net.go.jp/chintai/kanto/saitama/50_1400_room.html?JKSS=000119503,<li>JR高崎線「北本」駅バス4～12分 徒歩1～5分</li><li>JR高崎線「桶川」駅 徒歩30～57分</li><li>JR高崎線「鴻巣」駅 徒歩45～79分</li>
saitama,ageo,北本,47900,,,,,,,北本市栄7,1-19号棟,鉄筋コンクリート造,5,N,503号室,3K,52,5,44100,3800,2か月,"['近居割', '近居割WIDE']",随時,https://www.ur-net.go.jp/chintai/kanto/saitama/50_1400_room.html?JKSS=000119503,<li>JR高崎線「北本」駅バス4～12分 徒歩1～5分</li><li>JR高崎線「桶川」駅 徒歩30～57分</li><li>JR高崎線「鴻巣」駅 徒歩45～79分</li>
saitama,ageo,北本,48100,,,,JR高崎線「北本」駅,5.0,17.0,北本市栄7,1-17号棟,鉄筋コンクリート造,5,N,501号室,3K,52,5,44300,3800,2か月,"['近居割', '近居割WIDE']",随時,https://www.ur-net.go.jp/chintai/kanto/saitama/50_1400_room.html?JKSS=000117501,<li>JR高崎線「北本」駅バス4～12分 徒歩1～5分</li><li>JR高崎線「桶川」駅 徒歩30～57分</li><li>JR高崎線「鴻巣」駅 徒歩45～79分</li>
saitama,ageo,北本,48100,JR高崎線「桶川」駅,30.0,57.0,,,,北本市栄7,1-17号棟,鉄筋コンクリート造,5,N,501号室,3K,52,5,44300,3800,2か月,"['近居割', '近居割WIDE']",随時,https://www.ur-net.go.jp/chintai/kanto/saitama/50_1400_room.html?JKSS=000117501,<li>JR高崎線「北本」駅バス4～12分 徒歩1～5分</li><li>JR高崎線「桶川」駅 徒歩30～57分</li><li>JR高崎線「鴻巣」駅 徒歩45～79分</li>
saitama,ageo,北本,48100,JR高崎線「鴻巣」駅,45.0,79.0,,,,北本市栄7,1-17号棟,鉄筋コンクリート造,5,N,501号室,3K,52,5,44300,3800,2か月,"['近居割', '近居割WIDE']",随時,https://www.ur-net.go.jp/chintai/kanto/saitama/50_1400_room.html?JKSS=000117501,<li>JR高崎線「北本」駅バス4～12分 徒歩1～5分</li><li>JR高崎線「桶川」駅 徒歩30～57分</li><li>JR高崎線「鴻巣」駅 徒歩45～79分</li>
saitama,ageo,北本,48100,,,,,,,北本市栄7,1-17号棟,鉄筋コンクリート造,5,N,501号室,3K,52,5,44300,3800,2か月,"['近居割', '近居割WIDE']",随時,https://www.ur-net.go.jp/chintai/kanto/saitama/50_1400_room.html?JKSS=000117501,<li>JR高崎線「北本」駅バス4～12分 徒歩1～5分</li><li>JR高崎線「桶川」駅 徒歩30～57分</li><li>JR高崎線「鴻巣」駅 徒歩45～79分</li>
saitama,ageo,北本,48100,,,,JR高崎線「北本」駅,5.0,17.0,北本市栄7,1-17号棟,鉄筋コンクリート造,5,N,504号室,3K,52,5,44300,3800,2か月,['フリレ2か月'],随時,https://www.ur-net.go.jp/chintai/kanto/saitama/50_1400_room.html?JKSS=000117504,<li>JR高崎線「北本」駅バス4～12分 徒歩1～5分</li><li>JR高崎線「桶川」駅 徒歩30～57分</li><li>JR高崎線「鴻巣」駅 徒歩45～79分</li>
saitama,ageo,北本,48100,JR高崎線「桶川」駅,30.0,57.0,,,,北本市栄7,1-17号棟,鉄筋コンクリート造,5,N,504号室,3K,52,5,44300,3800,2か月,['フリレ2か月'],随時,https://www.ur-net.go.jp/chintai/kanto/saitama/50_1400_room.html?JKSS=000117504,<li>JR高崎線「北本」駅バス4～12分 徒歩1～5分</li><li>JR高崎線「桶川」駅 徒歩30～57分</li><li>JR高崎線「鴻巣」駅 徒歩45～79分</li>
saitama,ageo,北本,48100,JR高崎線「鴻巣」駅,45.0,79.0,,,,北本市栄7,1-17号棟,鉄筋コンクリート造,5,N,504号室,3K,52,5,44300,3800,2か月,['フリレ2か月'],随時,https://www.ur-net.go.jp/chintai/kanto/saitama/50_1400_room.html?JKSS=000117504,<li>JR高崎線「北本」駅バス4～12分 徒歩1～5分</li><li>JR高崎線「桶川」駅 徒歩30～57分</li><li>JR高崎線「鴻巣」駅 徒歩45～79分</li>
saitama,ageo,北本,48100,,,,,,,北本市栄7,1-17号棟,鉄筋コンクリート造,5,N,504号室,3K,52,5,44300,3800,2か月,['フリレ2か月'],随時,https://www.ur-net.go.jp/chintai/kanto/saitama/50_1400_room.html?JKSS=000117504,<li>JR高崎線「北本」駅バス4～12分 徒歩1～5分</li><li>JR高崎線「桶川」駅 徒歩30～57分</li><li>JR高崎線「鴻巣」駅 徒歩45～79分</li>
saitama,tokorozawa,所沢パークタウン並木通り,73800,,,,西武新宿線「航空公園」駅,10.0,12.0,所沢市並木8-1,5号棟,鉄骨鉄筋コンクリート造,2,N,210号室,2DK,48,11,69300,4500,2か月,"['近居割', '近居割WIDE']",随時,https://www.ur-net.go.jp/chintai/kanto/saitama/50_1980_room.html?JKSS=000050210,<li>西武新宿線「航空公園」駅バス8分 徒歩2～4分</li><li>西武新宿線「所沢」駅バス10分 徒歩3～5分</li><li>西武新宿線「新所沢」駅 徒歩36～38分</li>
saitama,tokorozawa,所沢パークタウン並木通り,73800,,,,西武新宿線「所沢」駅,13.0,15.0,所沢市並木8-1,5号棟,鉄骨鉄筋コンクリート造,2,N,210号室,2DK,48,11,69300,4500,2か月,"['近居割', '近居割WIDE']",随時,https://www.ur-net.go.jp/chintai/kanto/saitama/50_1980_room.html?JKSS=000050210,<li>西武新宿線「航空公園」駅バス8分 徒歩2～4分</li><li>西武新宿線「所沢」駅バス10分 徒歩3～5分</li><li>西武新宿線「新所沢」駅 徒歩36～38分</li>
saitama,tokorozawa,所沢パークタウン並木通り,73800,西武新宿線「新所沢」駅,36.0,38.0,,,,所沢市並木8-1,5号棟,鉄骨鉄筋コンクリート造,2,N,210号室,2DK,48,11,69300,4500,2か月,"['近居割', '近居割WIDE']",随時,https://www.ur-net.go.jp/chintai/kanto/saitama/50_1980_room.html?JKSS=000050210,<li>西武新宿線「航空公園」駅バス8分 徒歩2～4分</li><li>西武新宿線「所沢」駅バス10分 徒歩3～5分</li><li>西武新宿線「新所沢」駅 徒歩36～38分</li>
saitama,tokorozawa,所沢パークタウン並木通り,73800,,,,,,,所沢市並木8-1,5号棟,鉄骨鉄筋コンクリート造,2,N,210号室,2DK,48,11,69300,4500,2か月,"['近居割', '近居割WIDE']",随時,https://www.ur-net.go.jp/chintai/kanto/saitama/50_1980_room.html?JKSS=000050210,<li>西武新宿線「航空公園」駅バス8分 徒歩2～4分</li><li>西武新宿線「所沢」駅バス10分 徒歩3～5分</li><li>西武新宿線「新所沢」駅 徒歩36～38分</li>
saitama,tokorozawa,所沢パークタウン並木通り,74300,,,,西武新宿線「航空公園」駅,10.0,12.0,所沢市並木8-1,5号棟,鉄骨鉄筋コンクリート造,11,N,1111号室,2DK,48,11,69800,4500,2か月,"['近居割', '近居割WIDE']",随時,https://www.ur-net.go.jp/chintai/kanto/saitama/50_1980_room.html?JKSS=000051111,<li>西武新宿線「航空公園」駅バス8分 徒歩2～4分</li><li>西武新宿線「所沢」駅バス10分 徒歩3～5分</li><li>西武新宿線「新所沢」駅 徒歩36～38分</li>
saitama,tokorozawa,所沢パークタウン並木通り,74300,,,,西武新宿線「所沢」駅,13.0,15.0,所沢市並木8-1,5号棟,鉄骨鉄筋コンクリート造,11,N,1111号室,2DK,48,11,69800,4500,2か月,"['近居割', '近居割WIDE']",随時,https://www.ur-net.go.jp/chintai/kanto/saitama/50_1980_room.html?JKSS=000051111,<li>西武新宿線「航空公園」駅バス8分 徒歩2～4分</li><li>西武新宿線「所沢」駅バス10分 徒歩3～5分</li><li>西武新宿線「新所沢」駅 徒歩36～38分</li>
saitama,tokorozawa,所沢パークタウン並木通り,74300,西武新宿線「新所沢」駅,36.0,38.0,,,,所沢市並木8-1,5号棟,鉄骨鉄筋コンクリート造,11,N,1111号室,2DK,48,11,69800,4500,2か月,"['近居割', '近居割WIDE']",随時,https://www.ur-net.go.jp/chintai/kanto/saitama/50_1980_room.html?JKSS=000051111,<li>西武新宿線「航空公園」駅バス8分 徒歩2～4分</li><li>西武新宿線「所沢」駅バス10分 徒歩3～5分</li><li>西武新宿線「新所沢」駅 徒歩36～38分</li>
saitama,tokorozawa,所沢パークタウン並木通り,74300,,,,,,,所沢市並木8-1,5号棟,鉄骨鉄筋コンクリート造,11,N,1111号室,2DK,48,11,69800,4500,2か月,"['近居割', '近居割WIDE']",随時,https://www.ur-net.go.jp/chintai/kanto/saitama/50_1980_room.html?JKSS=000051111,<li>西武新宿線「航空公園」駅バス8分 徒歩2～4分</li><li>西武新宿線「所沢」駅バス10分 徒歩3～5分</li><li>西武新宿線「新所沢」駅 徒歩36～38分</li>
saitama,tokorozawa,所沢パークタウン並木通り,74400,,,,西武新宿線「航空公園」駅,10.0,12.0,所沢市並木8-1,2号棟,鉄骨鉄筋コンクリート造,8,N,811号室,2DK,48,14,69900,4500,2か月,"['近居割', '近居割WIDE']",随時,https://www.ur-net.go.jp/chintai/kanto/saitama/50_1980_room.html?JKSS=000020811,<li>西武新宿線「航空公園」駅バス8分 徒歩2～4分</li><li>西武新宿線「所沢」駅バス10分 徒歩3～5分</li><li>西武新宿線「新所沢」駅 徒歩36～38分</li>
saitama,tokorozawa,所沢パークタウン並木通り,74400,,,,西武新宿線「所沢」駅,13.0,15.0,所沢市並木8-1,2号棟,鉄骨鉄筋コンクリート造,8,N,811号室,2DK,48,14,69900,4500,2か月,"['近居割', '近居割WIDE']",随時,https://www.ur-net.go.jp/chintai/kanto/saitama/50_1980_room.html?JKSS=000020811,<li>西武新宿線「航空公園」駅バス8分 徒歩2～4分</li><li>西武新宿線「所沢」駅バス10分 徒歩3～5分</li><li>西武新宿線「新所沢」駅 徒歩36～38分</li>
saitama,tokorozawa,所沢パークタウン並木通り,74400,西武新宿線「新所沢」駅,36.0,38.0,,,,所沢市並木8-1,2号棟,鉄骨鉄筋コンクリート造,8,N,811号室,2DK,48,14,69900,4500,2か月,"['近居割', '近居割WIDE']",随時,https://www.ur-net.go.jp/chintai/kanto/saitama/50_1980_room.html?JKSS=000020811,<li>西武新宿線「航空公園」駅バス8分 徒歩2～4分</li><li>西武新宿線「所沢」駅バス10分 徒歩3～5分</li><li>西武新宿線「新所沢」駅 徒歩36～38分</li>
saitama,tokorozawa,所沢パークタウン並木通り,74400,,,,,,,所沢市並木8-1,2号棟,鉄骨鉄筋コンクリート造,8,N,811号室,2DK,48,14,69900,4500,2か月,"['近居割', '近居割WIDE']",随時,https://www.ur-net.go.jp/chintai/kanto/saitama/50_1980_room.html?JKSS=000020811,<li>西武新宿線「航空公園」駅バス8分 徒歩2～4分</li><li>西武新宿線「所沢」駅バス10分 徒歩3～5分</li><li>西武新宿線「新所沢」駅 徒歩36～38分</li>
saitama,tokorozawa,所沢パークタウン並木通り,75700,,,,西武新宿線「航空公園」駅,10.0,12.0,所沢市並木8-1,1号棟,鉄骨鉄筋コンクリート造,2,N,201号室,2DK,49,14,71200,4500,2か月,"['近居割', '近居割WIDE']",随時,https://www.ur-net.go.jp/chintai/kanto/saitama/50_1980_room.html?JKSS=000010201,<li>西武新宿線「航空公園」駅バス8分 徒歩2～4分</li><li>西武新宿線「所沢」駅バス10分 徒歩3～5分</li><li>西武新宿線「新所沢」駅 徒歩36～38分</li>
saitama,tokorozawa,所沢パークタウン並木通り,75700,,,,西武新宿線「所沢」駅,13.0,15.0,所沢市並木8-1,1号棟,鉄骨鉄筋コンクリート造,2,N,201号室,2DK,49,14,71200,4500,2か月,"['近居割', '近居割WIDE']",随時,https://www.ur-net.go.jp/chintai/kanto/saitama/50_1980_room.html?JKSS=000010201,<li>西武新宿線「航空公園」駅バス8分 徒歩2～4分</li><li>西武新宿線「所沢」駅バス10分 徒歩3～5分</li><li>西武新宿線「新所沢」駅 徒歩36～38分</li>
saitama,tokorozawa,所沢パークタウン並木通り,75700,西武新宿線「新所沢」駅,36.0,38.0,,,,所沢市並木8-1,1号棟,鉄骨鉄筋コンクリート造,2,N,201号室,2DK,49,14,71200,4500,2か月,"['近居割', '近居割WIDE']",随時,https://www.ur-net.go.jp/chintai/kanto/saitama/50_1980_room.html?JKSS=000010201,<li>西武新宿線「航空公園」駅バス8分 徒歩2～4分</li><li>西武新宿線「所沢」駅バス10分 徒歩3～5分</li><li>西武新宿線「新所沢」駅 徒歩36～38分</li>
saitama,tokorozawa,所沢パークタウン並木通り,75700,,,,,,,所沢市並木8-1,1号棟,鉄骨鉄筋コンクリート造,2,N,201号室,2DK,49,14,71200,4500,2か月,"['近居割', '近居割WIDE']",随時,https://www.ur-net.go.jp/chintai/kanto/saitama/50_1980_room.html?JKSS=000010201,<li>西武新宿線「航空公園」駅バス8分 徒歩2～4分</li><li>西武新宿線「所沢」駅バス10分 徒歩3～5分</li><li>西武新宿線「新所沢」駅 徒歩36～38分</li>
saitama,tokorozawa,所沢パークタウン並木通り,76200,,,,西武新宿線「航空公園」駅,10.0,12.0,所沢市並木8-1,5号棟,鉄骨鉄筋コンクリート造,6,N,609号室,2DK,48,11,71700,4500,2か月,"['近居割', '近居割WIDE']",随時,https://www.ur-net.go.jp/chintai/kanto/saitama/50_1980_room.html?JKSS=000050609,<li>西武新宿線「航空公園」駅バス8分 徒歩2～4分</li><li>西武新宿線「所沢」駅バス10分 徒歩3～5分</li><li>西武新宿線「新所沢」駅 徒歩36～38分</li>
saitama,tokorozawa,所沢パークタウン並木通り,76200,,,,西武新宿線「所沢」駅,13.0,15.0,所沢市並木8-1,5号棟,鉄骨鉄筋コンクリート造,6,N,609号室,2DK,48,11,71700,4500,2か月,"['近居割', '近居割WIDE']",随時,https://www.ur-net.go.jp/chintai/kanto/saitama/50_1980_room.html?JKSS=000050609,<li>西武新宿線「航空公園」駅バス8分 徒歩2～4分</li><li>西武新宿線「所沢」駅バス10分 徒歩3～5分</li><li>西武新宿線「新所沢」駅 徒歩36～38分</li>
saitama,tokorozawa,所沢パークタウン並木通り,76200,西武新宿線「新所沢」駅,36.0,38.0,,,,所沢市並木8-1,5号棟,鉄骨鉄筋コンクリート造,6,N,609号室,2DK,48,11,71700,4500,2か月,"['近居割', '近居割WIDE']",随時,https://www.ur-net.go.jp/chintai/kanto/saitama/50_1980_room.html?JKSS=000050609,<li>西武新宿線「航空公園」駅バス8分 徒歩2～4分</li><li>西武新宿線「所沢」駅バス10分 徒歩3～5分</li><li>西武新宿線「新所沢」駅 徒歩36～38分</li>
saitama,tokorozawa,所沢パークタウン並木通り,76200,,,,,,,所沢市並木8-1,5号棟,鉄骨鉄筋コンクリート造,6,N,609号室,2DK,48,11,71700,4500,2か月,"['近居割', '近居割WIDE']",随時,https://www.ur-net.go.jp/chintai/kanto/saitama/50_1980_room.html?JKSS=000050609,<li>西武新宿線「航空公園」駅バス8分 徒歩2～4分</li><li>西武新宿線「所沢」駅バス10分 徒歩3～5分</li><li>西武新宿線「新所沢」駅 徒歩36～38分</li>
saitama,tokorozawa,所沢パークタウン駅前通り,83000,西武新宿線「航空公園」駅,4.0,9.0,,,,所沢市並木3-1,11号棟,鉄筋コンクリート造、鉄骨鉄筋コンクリート造,8,N,813号室,2DK,51,10,79800,3200,2か月,"['近居割', '近居割WIDE']",随時,https://www.ur-net.go.jp/chintai/kanto/saitama/50_1910_room.html?JKSS=000110813,<li>西武新宿線「航空公園」駅 徒歩4～9分</li><li>西武新宿線「新所沢」駅 徒歩20～25分</li><li>西武池袋線「所沢」駅 徒歩22～25分</li>
saitama,tokorozawa,所沢パークタウン駅前通り,83000,西武新宿線「新所沢」駅,20.0,25.0,,,,所沢市並木3-1,11号棟,鉄筋コンクリート造、鉄骨鉄筋コンクリート造,8,N,813号室,2DK,51,10,79800,3200,2か月,"['近居割', '近居割WIDE']",随時,https://www.ur-net.go.jp/chintai/kanto/saitama/50_1910_room.html?JKSS=000110813,<li>西武新宿線「航空公園」駅 徒歩4～9分</li><li>西武新宿線「新所沢」駅 徒歩20～25分</li><li>西武池袋線「所沢」駅 徒歩22～25分</li>
saitama,tokorozawa,所沢パークタウン駅前通り,83000,西武池袋線「所沢」駅,22.0,25.0,,,,所沢市並木3-1,11号棟,鉄筋コンクリート造、鉄骨鉄筋コンクリート造,8,N,813号室,2DK,51,10,79800,3200,2か月,"['近居割', '近居割WIDE']",随時,https://www.ur-net.go.jp/chintai/kanto/saitama/50_1910_room.html?JKSS=000110813,<li>西武新宿線「航空公園」駅 徒歩4～9分</li><li>西武新宿線「新所沢」駅 徒歩20～25分</li><li>西武池袋線「所沢」駅 徒歩22～25分</li>
saitama,tokorozawa,所沢パークタウン駅前通り,83000,,,,,,,所沢市並木3-1,11号棟,鉄筋コンクリート造、鉄骨鉄筋コンクリート造,8,N,813号室,2DK,51,10,79800,3200,2か月,"['近居割', '近居割WIDE']",随時,https://www.ur-net.go.jp/chintai/kanto/saitama/50_1910_room.html?JKSS=000110813,<li>西武新宿線「航空公園」駅 徒歩4～9分</li><li>西武新宿線「新所沢」駅 徒歩20～25分</li><li>西武池袋線「所沢」駅 徒歩22～25分</li>
saitama,tokorozawa,所沢パークタウン駅前通り,83400,西武新宿線「航空公園」駅,4.0,9.0,,,,所沢市並木3-1,7号棟,鉄筋コンクリート造、鉄骨鉄筋コンクリート造,4,N,404号室,2LDK,58,5,80200,3200,2か月,"['近居割', '近居割WIDE']",随時,https://www.ur-net.go.jp/chintai/kanto/saitama/50_1910_room.html?JKSS=000070404,<li>西武新宿線「航空公園」駅 徒歩4～9分</li><li>西武新宿線「新所沢」駅 徒歩20～25分</li><li>西武池袋線「所沢」駅 徒歩22～25分</li>
saitama,tokorozawa,所沢パークタウン駅前通り,83400,西武新宿線「新所沢」駅,20.0,25.0,,,,所沢市並木3-1,7号棟,鉄筋コンクリート造、鉄骨鉄筋コンクリート造,4,N,404号室,2LDK,58,5,80200,3200,2か月,"['近居割', '近居割WIDE']",随時,https://www.ur-net.go.jp/chintai/kanto/saitama/50_1910_room.html?JKSS=000070404,<li>西武新宿線「航空公園」駅 徒歩4～9分</li><li>西武新宿線「新所沢」駅 徒歩20～25分</li><li>西武池袋線「所沢」駅 徒歩22～25分</li>
saitama,tokorozawa,所沢パークタウン駅前通り,83400,西武池袋線「所沢」駅,22.0,25.0,,,,所沢市並木3-1,7号棟,鉄筋コンクリート造、鉄骨鉄筋コンクリート造,4,N,404号室,2LDK,58,5,80200,3200,2か月,"['近居割', '近居割WIDE']",随時,https://www.ur-net.go.jp/chintai/kanto/saitama/50_1910_room.html?JKSS=000070404,<li>西武新宿線「航空公園」駅 徒歩4～9分</li><li>西武新宿線「新所沢」駅 徒歩20～25分</li><li>西武池袋線「所沢」駅 徒歩22～25分</li>
saitama,tokorozawa,所沢パークタウン駅前通り,83400,,,,,,,所沢市並木3-1,7号棟,鉄筋コンクリート造、鉄骨鉄筋コンクリート造,4,N,404号室,2LDK,58,5,80200,3200,2か月,"['近居割', '近居割WIDE']",随時,https://www.ur-net.go.jp/chintai/kanto/saitama/50_1910_room.html?JKSS=000070404,<li>西武新宿線「航空公園」駅 徒歩4～9分</li><li>西武新宿線「新所沢」駅 徒歩20～25分</li><li>西武池袋線「所沢」駅 徒歩22～25分</li>
saitama,tokorozawa,所沢パークタウン駅前通り,94300,西武新宿線「航空公園」駅,4.0,9.0,,,,所沢市並木3-1,11号棟,鉄筋コンクリート造、鉄骨鉄筋コンクリート造,7,N,708号室,3DK,63,10,91100,3200,2か月,"['近居割', '近居割WIDE']",随時,https://www.ur-net.go.jp/chintai/kanto/saitama/50_1910_room.html?JKSS=000110708,<li>西武新宿線「航空公園」駅 徒歩4～9分</li><li>西武新宿線「新所沢」駅 徒歩20～25分</li><li>西武池袋線「所沢」駅 徒歩22～25分</li>
saitama,tokorozawa,所沢パークタウン駅前通り,94300,西武新宿線「新所沢」駅,20.0,25.0,,,,所沢市並木3-1,11号棟,鉄筋コンクリート造、鉄骨鉄筋コンクリート造,7,N,708号室,3DK,63,10,91100,3200,2か月,"['近居割', '近居割WIDE']",随時,https://www.ur-net.go.jp/chintai/kanto/saitama/50_1910_room.html?JKSS=000110708,<li>西武新宿線「航空公園」駅 徒歩4～9分</li><li>西武新宿線「新所沢」駅 徒歩20～25分</li><li>西武池袋線「所沢」駅 徒歩22～25分</li>
saitama,tokorozawa,所沢パークタウン駅前通り,94300,西武池袋線「所沢」駅,22.0,25.0,,,,所沢市並木3-1,11号棟,鉄筋コンクリート造、鉄骨鉄筋コンクリート造,7,N,708号室,3DK,63,10,91100,3200,2か月,"['近居割', '近居割WIDE']",随時,https://www.ur-net.go.jp/chintai/kanto/saitama/50_1910_room.html?JKSS=000110708,<li>西武新宿線「航空公園」駅 徒歩4～9分</li><li>西武新宿線「新所沢」駅 徒歩20～25分</li><li>西武池袋線「所沢」駅 徒歩22～25分</li>
saitama,tokorozawa,所沢パークタウン駅前通り,94300,,,,,,,所沢市並木3-1,11号棟,鉄筋コンクリート造、鉄骨鉄筋コンクリート造,7,N,708号室,3DK,63,10,91100,3200,2か月,"['近居割', '近居割WIDE']",随時,https://www.ur-net.go.jp/chintai/kanto/saitama/50_1910_room.html?JKSS=000110708,<li>西武新宿線「航空公園」駅 徒歩4～9分</li><li>西武新宿線「新所沢」駅 徒歩20～25分</li><li>西武池袋線「所沢」駅 徒歩22～25分</li>
saitama,tokorozawa,所沢パークタウン駅前通り,98300,西武新宿線「航空公園」駅,4.0,9.0,,,,所沢市並木3-1,12号棟,鉄筋コンクリート造、鉄骨鉄筋コンクリート造,6,N,612号室,3DK,63,10,95100,3200,2か月,"['近居割', '近居割WIDE']",随時,https://www.ur-net.go.jp/chintai/kanto/saitama/50_1910_room.html?JKSS=000120612,<li>西武新宿線「航空公園」駅 徒歩4～9分</li><li>西武新宿線「新所沢」駅 徒歩20～25分</li><li>西武池袋線「所沢」駅 徒歩22～25分</li>
saitama,tokorozawa,所沢パークタウン駅前通り,98300,西武新宿線「新所沢」駅,20.0,25.0,,,,所沢市並木3-1,12号棟,鉄筋コンクリート造、鉄骨鉄筋コンクリート造,6,N,612号室,3DK,63,10,95100,3200,2か月,"['近居割', '近居割WIDE']",随時,https://www.ur-net.go.jp/chintai/kanto/saitama/50_1910_room.html?JKSS=000120612,<li>西武新宿線「航空公園」駅 徒歩4～9分</li><li>西武新宿線「新所沢」駅 徒歩20～25分</li><li>西武池袋線「所沢」駅 徒歩22～25分</li>
saitama,tokorozawa,所沢パークタウン駅前通り,98300,西武池袋線「所沢」駅,22.0,25.0,,,,所沢市並木3-1,12号棟,鉄筋コンクリート造、鉄骨鉄筋コンクリート造,6,N,612号室,3DK,63,10,95100,3200,2か月,"['近居割', '近居割WIDE']",随時,https://www.ur-net.go.jp/chintai/kanto/saitama/50_1910_room.html?JKSS=000120612,<li>西武新宿線「航空公園」駅 徒歩4～9分</li><li>西武新宿線「新所沢」駅 徒歩20～25分</li><li>西武池袋線「所沢」駅 徒歩22～25分</li>
saitama,tokorozawa,所沢パークタウン駅前通り,98300,,,,,,,所沢市並木3-1,12号棟,鉄筋コンクリート造、鉄骨鉄筋コンクリート造,6,N,612号室,3DK,63,10,95100,3200,2か月,"['近居割', '近居割WIDE']",随時,https://www.ur-net.go.jp/chintai/kanto/saitama/50_1910_room.html?JKSS=000120612,<li>西武新宿線「航空公園」駅 徒歩4～9分</li><li>西武新宿線「新所沢」駅 徒歩20～25分</li><li>西武池袋線「所沢」駅 徒歩22～25分</li>
saitama,tokorozawa,所沢パークタウン駅前通り,99500,西武新宿線「航空公園」駅,4.0,9.0,,,,所沢市並木3-1,12号棟,鉄筋コンクリート造、鉄骨鉄筋コンクリート造,8,N,804号室,3DK,63,10,96300,3200,2か月,"['近居割', '近居割WIDE']",2026年9月25日以降,https://www.ur-net.go.jp/chintai/kanto/saitama/50_1910_room.html?JKSS=000120804,<li>西武新宿線「航空公園」駅 徒歩4～9分</li><li>西武新宿線「新所沢」駅 徒歩20～25分</li><li>西武池袋線「所沢」駅 徒歩22～25分</li>
saitama,tokorozawa,所沢パークタウン駅前通り,99500,西武新宿線「新所沢」駅,20.0,25.0,,,,所沢市並木3-1,12号棟,鉄筋コンクリート造、鉄骨鉄筋コンクリート造,8,N,804号室,3DK,63,10,96300,3200,2か月,"['近居割', '近居割WIDE']",2026年9月25日以降,https://www.ur-net.go.jp/chintai/kanto/saitama/50_1910_room.html?JKSS=000120804,<li>西武新宿線「航空公園」駅 徒歩4～9分</li><li>西武新宿線「新所沢」駅 徒歩20～25分</li><li>西武池袋線「所沢」駅 徒歩22～25分</li>
saitama,tokorozawa,所沢パークタウン駅前通り,99500,西武池袋線「所沢」駅,22.0,25.0,,,,所沢市並木3-1,12号棟,鉄筋コンクリート造、鉄骨鉄筋コンクリート造,8,N,804号室,3DK,63,10,96300,3200,2か月,"['近居割', '近居割WIDE']",2026年9月25日以降,https://www.ur-net.go.jp/chintai/kanto/saitama/50_1910_room.html?JKSS=000120804,<li>西武新宿線「航空公園」駅 徒歩4～9分</li><li>西武新宿線「新所沢」駅 徒歩20～25分</li><li>西武池袋線「所沢」駅 徒歩22～25分</li>
saitama,tokorozawa,所沢パークタウン駅前通り,99500,,,,,,,所沢市並木3-1,12号棟,鉄筋コンクリート造、鉄骨鉄筋コンクリート造,8,N,804号室,3DK,63,10,96300,3200,2か月,"['近居割', '近居割WIDE']",2026年9月25日以降,https://www.ur-net.go.jp/chintai/kanto/saitama/50_1910_room.html?JKSS=000120804,<li>西武新宿線「航空公園」駅 徒歩4～9分</li><li>西武新宿線「新所沢」駅 徒歩20～25分</li><li>西武池袋線「所沢」駅 徒歩22～25分</li>
saitama,tokorozawa,所沢パークタウン公園通り,95200,西武新宿線「航空公園」駅,7.0,8.0,,,,所沢市並木2-3,5号棟,鉄筋コンクリート造、鉄骨鉄筋コンクリート造,3,N,302号室,2LDK,50,5,90900,4300,2か月,"['近居割', '近居割WIDE']",随時,https://www.ur-net.go.jp/chintai/kanto/saitama/50_1970_room.html?JKSS=000050302,<li>西武新宿線「航空公園」駅 徒歩7～8分</li><li>西武新宿線「新所沢」駅 徒歩14～15分</li><li>西武池袋線「所沢」駅 徒歩27～28分</li>
saitama,tokorozawa,所沢パークタウン公園通り,95200,西武新宿線「新所沢」駅,14.0,15.0,,,,所沢市並木2-3,5号棟,鉄筋コンクリート造、鉄骨鉄筋コンクリート造,3,N,302号室,2LDK,50,5,90900,4300,2か月,"['近居割', '近居割WIDE']",随時,https://www.ur-net.go.jp/chintai/kanto/saitama/50_1970_room.html?JKSS=000050302,<li>西武新宿線「航空公園」駅 徒歩7～8分</li><li>西武新宿線「新所沢」駅 徒歩14～15分</li><li>西武池袋線「所沢」駅 徒歩27～28分</li>
saitama,tokorozawa,所沢パークタウン公園通り,95200,西武池袋線「所沢」駅,27.0,28.0,,,,所沢市並木2-3,5号棟,鉄筋コンクリート造、鉄骨鉄筋コンクリート造,3,N,302号室,2LDK,50,5,90900,4300,2か月,"['近居割', '近居割WIDE']",随時,https://www.ur-net.go.jp/chintai/kanto/saitama/50_1970_room.html?JKSS=000050302,<li>西武新宿線「航空公園」駅 徒歩7～8分</li><li>西武新宿線「新所沢」駅 徒歩14～15分</li><li>西武池袋線「所沢」駅 徒歩27～28分</li>
saitama,tokorozawa,所沢パークタウン公園通り,95200,,,,,,,所沢市並木2-3,5号棟,鉄筋コンクリート造、鉄骨鉄筋コンクリート造,3,N,302号室,2LDK,50,5,90900,4300,2か月,"['近居割', '近居割WIDE']",随時,https://www.ur-net.go.jp/chintai/kanto/saitama/50_1970_room.html?JKSS=000050302,<li>西武新宿線「航空公園」駅 徒歩7～8分</li><li>西武新宿線「新所沢」駅 徒歩14～15分</li><li>西武池袋線「所沢」駅 徒歩27～28分</li>
saitama,shintokorozawa,プラザシティ新所沢けやき通り第二,138300,西武新宿線「新所沢」駅,10.0,14.0,,,,所沢市緑町4-28ほか,41号棟,鉄筋コンクリート造,7,N,707号室,2LDK,66,10,134000,4300,2か月,"['近居割', '近居割WIDE']",2026年9月24日以降,https://www.ur-net.go.jp/chintai/kanto/saitama/50_3850_room.html?JKSS=000410707,<li>西武新宿線「新所沢」駅 徒歩10～14分</li><li>西武池袋線「小手指」駅 徒歩15～20分</li><li>西武新宿線「航空公園」駅 徒歩26～30分</li>
saitama,shintokorozawa,プラザシティ新所沢けやき通り第二,138300,西武池袋線「小手指」駅,15.0,20.0,,,,所沢市緑町4-28ほか,41号棟,鉄筋コンクリート造,7,N,707号室,2LDK,66,10,134000,4300,2か月,"['近居割', '近居割WIDE']",2026年9月24日以降,https://www.ur-net.go.jp/chintai/kanto/saitama/50_3850_room.html?JKSS=000410707,<li>西武新宿線「新所沢」駅 徒歩10～14分</li><li>西武池袋線「小手指」駅 徒歩15～20分</li><li>西武新宿線「航空公園」駅 徒歩26～30分</li>
saitama,shintokorozawa,プラザシティ新所沢けやき通り第二,138300,西武新宿線「航空公園」駅,26.0,30.0,,,,所沢市緑町4-28ほか,41号棟,鉄筋コンクリート造,7,N,707号室,2LDK,66,10,134000,4300,2か月,"['近居割', '近居割WIDE']",2026年9月24日以降,https://www.ur-net.go.jp/chintai/kanto/saitama/50_3850_room.html?JKSS=000410707,<li>西武新宿線「新所沢」駅 徒歩10～14分</li><li>西武池袋線「小手指」駅 徒歩15～20分</li><li>西武新宿線「航空公園」駅 徒歩26～30分</li>
saitama,shintokorozawa,プラザシティ新所沢けやき通り第二,138300,,,,,,,所沢市緑町4-28ほか,41号棟,鉄筋コンクリート造,7,N,707号室,2LDK,66,10,134000,4300,2か月,"['近居割', '近居割WIDE']",2026年9月24日以降,https://www.ur-net.go.jp/chintai/kanto/saitama/50_3850_room.html?JKSS=000410707,<li>西武新宿線「新所沢」駅 徒歩10～14分</li><li>西武池袋線「小手指」駅 徒歩15～20分</li><li>西武新宿線「航空公園」駅 徒歩26～30分</li>
saitama,shintokorozawa,プラザシティ新所沢　けやき通り,154800,西武新宿線「新所沢」駅,4.0,8.0,,,,所沢市緑町1-5ほか,6号棟,鉄筋コンクリート造,8,N,801号室,4LDK,82,14,151100,3700,2か月,"['近居割', '近居割WIDE']",随時,https://www.ur-net.go.jp/chintai/kanto/saitama/50_3030_room.html?JKSS=000060801,<li>西武新宿線「新所沢」駅 徒歩4～8分</li><li>西武新宿線「航空公園」駅 徒歩18～25分</li><li>西武池袋線「西所沢」駅 徒歩21～28分</li>
saitama,shintokorozawa,プラザシティ新所沢　けやき通り,154800,西武新宿線「航空公園」駅,18.0,25.0,,,,所沢市緑町1-5ほか,6号棟,鉄筋コンクリート造,8,N,801号室,4LDK,82,14,151100,3700,2か月,"['近居割', '近居割WIDE']",随時,https://www.ur-net.go.jp/chintai/kanto/saitama/50_3030_room.html?JKSS=000060801,<li>西武新宿線「新所沢」駅 徒歩4～8分</li><li>西武新宿線「航空公園」駅 徒歩18～25分</li><li>西武池袋線「西所沢」駅 徒歩21～28分</li>
saitama,shintokorozawa,プラザシティ新所沢　けやき通り,154800,西武池袋線「西所沢」駅,21.0,28.0,,,,所沢市緑町1-5ほか,6号棟,鉄筋コンクリート造,8,N,801号室,4LDK,82,14,151100,3700,2か月,"['近居割', '近居割WIDE']",随時,https://www.ur-net.go.jp/chintai/kanto/saitama/50_3030_room.html?JKSS=000060801,<li>西武新宿線「新所沢」駅 徒歩4～8分</li><li>西武新宿線「航空公園」駅 徒歩18～25分</li><li>西武池袋線「西所沢」駅 徒歩21～28分</li>
saitama,shintokorozawa,プラザシティ新所沢　けやき通り,154800,,,,,,,所沢市緑町1-5ほか,6号棟,鉄筋コンクリート造,8,N,801号室,4LDK,82,14,151100,3700,2か月,"['近居割', '近居割WIDE']",随時,https://www.ur-net.go.jp/chintai/kanto/saitama/50_3030_room.html?JKSS=000060801,<li>西武新宿線「新所沢」駅 徒歩4～8分</li><li>西武新宿線「航空公園」駅 徒歩18～25分</li><li>西武池袋線「西所沢」駅 徒歩21～28分</li>
saitama,shintokorozawa,プラザシティ新所沢　けやき通り,163600,西武新宿線「新所沢」駅,4.0,8.0,,,,所沢市緑町1-5ほか,4号棟,鉄筋コンクリート造,3,N,303号室,3LDK,89,5,159900,3700,2か月,['フリレ2か月'],随時,https://www.ur-net.go.jp/chintai/kanto/saitama/50_3030_room.html?JKSS=000040303,<li>西武新宿線「新所沢」駅 徒歩4～8分</li><li>西武新宿線「航空公園」駅 徒歩18～25分</li><li>西武池袋線「西所沢」駅 徒歩21～28分</li>
saitama,shintokorozawa,プラザシティ新所沢　けやき通り,163600,西武新宿線「航空公園」駅,18.0,25.0,,,,所沢市緑町1-5ほか,4号棟,鉄筋コンクリート造,3,N,303号室,3LDK,89,5,159900,3700,2か月,['フリレ2か月'],随時,https://www.ur-net.go.jp/chintai/kanto/saitama/50_3030_room.html?JKSS=000040303,<li>西武新宿線「新所沢」駅 徒歩4～8分</li><li>西武新宿線「航空公園」駅 徒歩18～25分</li><li>西武池袋線「西所沢」駅 徒歩21～28分</li>
saitama,shintokorozawa,プラザシティ新所沢　けやき通り,163600,西武池袋線「西所沢」駅,21.0,28.0,,,,所沢市緑町1-5ほか,4号棟,鉄筋コンクリート造,3,N,303号室,3LDK,89,5,159900,3700,2か月,['フリレ2か月'],随時,https://www.ur-net.go.jp/chintai/kanto/saitama/50_3030_room.html?JKSS=000040303,<li>西武新宿線「新所沢」駅 徒歩4～8分</li><li>西武新宿線「航空公園」駅 徒歩18～25分</li><li>西武池袋線「西所沢」駅 徒歩21～28分</li>
saitama,shintokorozawa,プラザシティ新所沢　けやき通り,163600,,,,,,,所沢市緑町1-5ほか,4号棟,鉄筋コンクリート造,3,N,303号室,3LDK,89,5,159900,3700,2か月,['フリレ2か月'],随時,https://www.ur-net.go.jp/chintai/kanto/saitama/50_3030_room.html?JKSS=000040303,<li>西武新宿線「新所沢」駅 徒歩4～8分</li><li>西武新宿線「航空公園」駅 徒歩18～25分</li><li>西武池袋線「西所沢」駅 徒歩21～28分</li>
saitama,kamifukuoka,鶴瀬（市）,82200,東武東上線「鶴瀬」駅,7.0,7.0,,,,富士見市鶴瀬西2-8-2,,鉄筋コンクリート造,3,N,306号室,3DK,53,4,78600,3600,2か月,"['近居割', '近居割WIDE']",随時,https://www.ur-net.go.jp/chintai/kanto/saitama/50_1730_room.html?JKSS=000000306,<li>東武東上線「鶴瀬」駅 徒歩7分</li>
saitama,kamifukuoka,鶴瀬（市）,82200,,,,,,,富士見市鶴瀬西2-8-2,,鉄筋コンクリート造,3,N,306号室,3DK,53,4,78600,3600,2か月,"['近居割', '近居割WIDE']",随時,https://www.ur-net.go.jp/chintai/kanto/saitama/50_1730_room.html?JKSS=000000306,<li>東武東上線「鶴瀬」駅 徒歩7分</li>
saitama,kamifukuoka,コンフォール鶴瀬,95600,東武東上線「鶴瀬」駅,6.0,10.0,,,,富士見市鶴瀬西2-3ほか,7号棟,鉄筋コンクリート造,8,N,802号室,1DK,43,14,91500,4100,2か月,"['近居割', '近居割WIDE']",随時,https://www.ur-net.go.jp/chintai/kanto/saitama/50_4100_room.html?JKSS=000070802,<li>東武東上線「鶴瀬」駅 徒歩6～10分</li><li>東武東上線「みずほ台」駅 徒歩24～28分</li><li>東武東上線「ふじみ野」駅 徒歩26～31分</li>
saitama,kamifukuoka,コンフォール鶴瀬,95600,東武東上線「みずほ台」駅,24.0,28.0,,,,富士見市鶴瀬西2-3ほか,7号棟,鉄筋コンクリート造,8,N,802号室,1DK,43,14,91500,4100,2か月,"['近居割', '近居割WIDE']",随時,https://www.ur-net.go.jp/chintai/kanto/saitama/50_4100_room.html?JKSS=000070802,<li>東武東上線「鶴瀬」駅 徒歩6～10分</li><li>東武東上線「みずほ台」駅 徒歩24～28分</li><li>東武東上線「ふじみ野」駅 徒歩26～31分</li>
saitama,kamifukuoka,コンフォール鶴瀬,95600,東武東上線「ふじみ野」駅,26.0,31.0,,,,富士見市鶴瀬西2-3ほか,7号棟,鉄筋コンクリート造,8,N,802号室,1DK,43,14,91500,4100,2か月,"['近居割', '近居割WIDE']",随時,https://www.ur-net.go.jp/chintai/kanto/saitama/50_4100_room.html?JKSS=000070802,<li>東武東上線「鶴瀬」駅 徒歩6～10分</li><li>東武東上線「みずほ台」駅 徒歩24～28分</li><li>東武東上線「ふじみ野」駅 徒歩26～31分</li>
saitama,kamifukuoka,コンフォール鶴瀬,95600,,,,,,,富士見市鶴瀬西2-3ほか,7号棟,鉄筋コンクリート造,8,N,802号室,1DK,43,14,91500,4100,2か月,"['近居割', '近居割WIDE']",随時,https://www.ur-net.go.jp/chintai/kanto/saitama/50_4100_room.html?JKSS=000070802,<li>東武東上線「鶴瀬」駅 徒歩6～10分</li><li>東武東上線「みずほ台」駅 徒歩24～28分</li><li>東武東上線「ふじみ野」駅 徒歩26～31分</li>
saitama,kamifukuoka,コンフォール鶴瀬,96000,東武東上線「鶴瀬」駅,6.0,10.0,,,,富士見市鶴瀬西2-3ほか,7号棟,鉄筋コンクリート造,8,N,805号室,1K,43,14,91900,4100,2か月,"['近居割', '近居割WIDE']",随時,https://www.ur-net.go.jp/chintai/kanto/saitama/50_4100_room.html?JKSS=000070805,<li>東武東上線「鶴瀬」駅 徒歩6～10分</li><li>東武東上線「みずほ台」駅 徒歩24～28分</li><li>東武東上線「ふじみ野」駅 徒歩26～31分</li>
saitama,kamifukuoka,コンフォール鶴瀬,96000,東武東上線「みずほ台」駅,24.0,28.0,,,,富士見市鶴瀬西2-3ほか,7号棟,鉄筋コンクリート造,8,N,805号室,1K,43,14,91900,4100,2か月,"['近居割', '近居割WIDE']",随時,https://www.ur-net.go.jp/chintai/kanto/saitama/50_4100_room.html?JKSS=000070805,<li>東武東上線「鶴瀬」駅 徒歩6～10分</li><li>東武東上線「みずほ台」駅 徒歩24～28分</li><li>東武東上線「ふじみ野」駅 徒歩26～31分</li>
saitama,kamifukuoka,コンフォール鶴瀬,96000,東武東上線「ふじみ野」駅,26.0,31.0,,,,富士見市鶴瀬西2-3ほか,7号棟,鉄筋コンクリート造,8,N,805号室,1K,43,14,91900,4100,2か月,"['近居割', '近居割WIDE']",随時,https://www.ur-net.go.jp/chintai/kanto/saitama/50_4100_room.html?JKSS=000070805,<li>東武東上線「鶴瀬」駅 徒歩6～10分</li><li>東武東上線「みずほ台」駅 徒歩24～28分</li><li>東武東上線「ふじみ野」駅 徒歩26～31分</li>
saitama,kamifukuoka,コンフォール鶴瀬,96000,,,,,,,富士見市鶴瀬西2-3ほか,7号棟,鉄筋コンクリート造,8,N,805号室,1K,43,14,91900,4100,2か月,"['近居割', '近居割WIDE']",随時,https://www.ur-net.go.jp/chintai/kanto/saitama/50_4100_room.html?JKSS=000070805,<li>東武東上線「鶴瀬」駅 徒歩6～10分</li><li>東武東上線「みずほ台」駅 徒歩24～28分</li><li>東武東上線「ふじみ野」駅 徒歩26～31分</li>
saitama,kamifukuoka,コンフォール鶴瀬,106600,東武東上線「鶴瀬」駅,6.0,10.0,,,,富士見市鶴瀬西2-3ほか,3号棟,鉄筋コンクリート造,6,N,608号室,1LDK,50,10,102500,4100,2か月,"['近居割', '近居割WIDE']",2026年9月26日以降,https://www.ur-net.go.jp/chintai/kanto/saitama/50_4100_room.html?JKSS=000030608,<li>東武東上線「鶴瀬」駅 徒歩6～10分</li><li>東武東上線「みずほ台」駅 徒歩24～28分</li><li>東武東上線「ふじみ野」駅 徒歩26～31分</li>
saitama,kamifukuoka,コンフォール鶴瀬,106600,東武東上線「みずほ台」駅,24.0,28.0,,,,富士見市鶴瀬西2-3ほか,3号棟,鉄筋コンクリート造,6,N,608号室,1LDK,50,10,102500,4100,2か月,"['近居割', '近居割WIDE']",2026年9月26日以降,https://www.ur-net.go.jp/chintai/kanto/saitama/50_4100_room.html?JKSS=000030608,<li>東武東上線「鶴瀬」駅 徒歩6～10分</li><li>東武東上線「みずほ台」駅 徒歩24～28分</li><li>東武東上線「ふじみ野」駅 徒歩26～31分</li>
saitama,kamifukuoka,コンフォール鶴瀬,106600,東武東上線「ふじみ野」駅,26.0,31.0,,,,富士見市鶴瀬西2-3ほか,3号棟,鉄筋コンクリート造,6,N,608号室,1LDK,50,10,102500,4100,2か月,"['近居割', '近居割WIDE']",2026年9月26日以降,https://www.ur-net.go.jp/chintai/kanto/saitama/50_4100_room.html?JKSS=000030608,<li>東武東上線「鶴瀬」駅 徒歩6～10分</li><li>東武東上線「みずほ台」駅 徒歩24～28分</li><li>東武東上線「ふじみ野」駅 徒歩26～31分</li>
saitama,kamifukuoka,コンフォール鶴瀬,106600,,,,,,,富士見市鶴瀬西2-3ほか,3号棟,鉄筋コンクリート造,6,N,608号室,1LDK,50,10,102500,4100,2か月,"['近居割', '近居割WIDE']",2026年9月26日以降,https://www.ur-net.go.jp/chintai/kanto/saitama/50_4100_room.html?JKSS=000030608,<li>東武東上線「鶴瀬」駅 徒歩6～10分</li><li>東武東上線「みずほ台」駅 徒歩24～28分</li><li>東武東上線「ふじみ野」駅 徒歩26～31分</li>
saitama,kamifukuoka,コンフォール鶴瀬,108700,東武東上線「鶴瀬」駅,6.0,10.0,,,,富士見市鶴瀬西2-3ほか,3号棟,鉄筋コンクリート造,3,N,304号室,1LDK,50,10,104600,4100,2か月,"['近居割', '近居割WIDE']",随時,https://www.ur-net.go.jp/chintai/kanto/saitama/50_4100_room.html?JKSS=000030304,<li>東武東上線「鶴瀬」駅 徒歩6～10分</li><li>東武東上線「みずほ台」駅 徒歩24～28分</li><li>東武東上線「ふじみ野」駅 徒歩26～31分</li>
saitama,kamifukuoka,コンフォール鶴瀬,108700,東武東上線「みずほ台」駅,24.0,28.0,,,,富士見市鶴瀬西2-3ほか,3号棟,鉄筋コンクリート造,3,N,304号室,1LDK,50,10,104600,4100,2か月,"['近居割', '近居割WIDE']",随時,https://www.ur-net.go.jp/chintai/kanto/saitama/50_4100_room.html?JKSS=000030304,<li>東武東上線「鶴瀬」駅 徒歩6～10分</li><li>東武東上線「みずほ台」駅 徒歩24～28分</li><li>東武東上線「ふじみ野」駅 徒歩26～31分</li>
saitama,kamifukuoka,コンフォール鶴瀬,108700,東武東上線「ふじみ野」駅,26.0,31.0,,,,富士見市鶴瀬西2-3ほか,3号棟,鉄筋コンクリート造,3,N,304号室,1LDK,50,10,104600,4100,2か月,"['近居割', '近居割WIDE']",随時,https://www.ur-net.go.jp/chintai/kanto/saitama/50_4100_room.html?JKSS=000030304,<li>東武東上線「鶴瀬」駅 徒歩6～10分</li><li>東武東上線「みずほ台」駅 徒歩24～28分</li><li>東武東上線「ふじみ野」駅 徒歩26～31分</li>
saitama,kamifukuoka,コンフォール鶴瀬,108700,,,,,,,富士見市鶴瀬西2-3ほか,3号棟,鉄筋コンクリート造,3,N,304号室,1LDK,50,10,104600,4100,2か月,"['近居割', '近居割WIDE']",随時,https://www.ur-net.go.jp/chintai/kanto/saitama/50_4100_room.html?JKSS=000030304,<li>東武東上線「鶴瀬」駅 徒歩6～10分</li><li>東武東上線「みずほ台」駅 徒歩24～28分</li><li>東武東上線「ふじみ野」駅 徒歩26～31分</li>
saitama,kamifukuoka,コンフォール鶴瀬,110700,東武東上線「鶴瀬」駅,6.0,10.0,,,,富士見市鶴瀬西2-3ほか,2号棟,鉄筋コンクリート造,3,N,303号室,1LDK,56,8,106600,4100,2か月,"['近居割', '近居割WIDE']",随時,https://www.ur-net.go.jp/chintai/kanto/saitama/50_4100_room.html?JKSS=000020303,<li>東武東上線「鶴瀬」駅 徒歩6～10分</li><li>東武東上線「みずほ台」駅 徒歩24～28分</li><li>東武東上線「ふじみ野」駅 徒歩26～31分</li>
saitama,kamifukuoka,コンフォール鶴瀬,110700,東武東上線「みずほ台」駅,24.0,28.0,,,,富士見市鶴瀬西2-3ほか,2号棟,鉄筋コンクリート造,3,N,303号室,1LDK,56,8,106600,4100,2か月,"['近居割', '近居割WIDE']",随時,https://www.ur-net.go.jp/chintai/kanto/saitama/50_4100_room.html?JKSS=000020303,<li>東武東上線「鶴瀬」駅 徒歩6～10分</li><li>東武東上線「みずほ台」駅 徒歩24～28分</li><li>東武東上線「ふじみ野」駅 徒歩26～31分</li>
saitama,kamifukuoka,コンフォール鶴瀬,110700,東武東上線「ふじみ野」駅,26.0,31.0,,,,富士見市鶴瀬西2-3ほか,2号棟,鉄筋コンクリート造,3,N,303号室,1LDK,56,8,106600,4100,2か月,"['近居割', '近居割WIDE']",随時,https://www.ur-net.go.jp/chintai/kanto/saitama/50_4100_room.html?JKSS=000020303,<li>東武東上線「鶴瀬」駅 徒歩6～10分</li><li>東武東上線「みずほ台」駅 徒歩24～28分</li><li>東武東上線「ふじみ野」駅 徒歩26～31分</li>
saitama,kamifukuoka,コンフォール鶴瀬,110700,,,,,,,富士見市鶴瀬西2-3ほか,2号棟,鉄筋コンクリート造,3,N,303号室,1LDK,56,8,106600,4100,2か月,"['近居割', '近居割WIDE']",随時,https://www.ur-net.go.jp/chintai/kanto/saitama/50_4100_room.html?JKSS=000020303,<li>東武東上線「鶴瀬」駅 徒歩6～10分</li><li>東武東上線「みずほ台」駅 徒歩24～28分</li><li>東武東上線「ふじみ野」駅 徒歩26～31分</li>
saitama,wakaba,北坂戸,48700,東武東上線「北坂戸」駅,2.0,11.0,,,,坂戸市溝端町1ほか,9-12号棟,鉄筋コンクリート造、鉄骨鉄筋コンクリート造,5,N,505号室,3K,45,5,45200,3500,2か月,"['近居割', '近居割WIDE']",2026年9月25日以降,https://www.ur-net.go.jp/chintai/kanto/saitama/50_1590_room.html?JKSS=009120505,<li>東武東上線「北坂戸」駅 徒歩2～11分</li><li>東武東上線「坂戸」駅 徒歩23～34分</li><li>東武東上線「若葉」駅 徒歩41～49分</li><li>東武東上線「高坂」駅 徒歩47～52分</li>
saitama,wakaba,北坂戸,48700,東武東上線「坂戸」駅,23.0,34.0,,,,坂戸市溝端町1ほか,9-12号棟,鉄筋コンクリート造、鉄骨鉄筋コンクリート造,5,N,505号室,3K,45,5,45200,3500,2か月,"['近居割', '近居割WIDE']",2026年9月25日以降,https://www.ur-net.go.jp/chintai/kanto/saitama/50_1590_room.html?JKSS=009120505,<li>東武東上線「北坂戸」駅 徒歩2～11分</li><li>東武東上線「坂戸」駅 徒歩23～34分</li><li>東武東上線「若葉」駅 徒歩41～49分</li><li>東武東上線「高坂」駅 徒歩47～52分</li>
saitama,wakaba,北坂戸,48700,東武東上線「若葉」駅,41.0,49.0,,,,坂戸市溝端町1ほか,9-12号棟,鉄筋コンクリート造、鉄骨鉄筋コンクリート造,5,N,505号室,3K,45,5,45200,3500,2か月,"['近居割', '近居割WIDE']",2026年9月25日以降,https://www.ur-net.go.jp/chintai/kanto/saitama/50_1590_room.html?JKSS=009120505,<li>東武東上線「北坂戸」駅 徒歩2～11分</li><li>東武東上線「坂戸」駅 徒歩23～34分</li><li>東武東上線「若葉」駅 徒歩41～49分</li><li>東武東上線「高坂」駅 徒歩47～52分</li>
saitama,wakaba,北坂戸,48700,東武東上線「高坂」駅,47.0,52.0,,,,坂戸市溝端町1ほか,9-12号棟,鉄筋コンクリート造、鉄骨鉄筋コンクリート造,5,N,505号室,3K,45,5,45200,3500,2か月,"['近居割', '近居割WIDE']",2026年9月25日以降,https://www.ur-net.go.jp/chintai/kanto/saitama/50_1590_room.html?JKSS=009120505,<li>東武東上線「北坂戸」駅 徒歩2～11分</li><li>東武東上線「坂戸」駅 徒歩23～34分</li><li>東武東上線「若葉」駅 徒歩41～49分</li><li>東武東上線「高坂」駅 徒歩47～52分</li>
saitama,wakaba,北坂戸,48700,,,,,,,坂戸市溝端町1ほか,9-12号棟,鉄筋コンクリート造、鉄骨鉄筋コンクリート造,5,N,505号室,3K,45,5,45200,3500,2か月,"['近居割', '近居割WIDE']",2026年9月25日以降,https://www.ur-net.go.jp/chintai/kanto/saitama/50_1590_room.html?JKSS=009120505,<li>東武東上線「北坂戸」駅 徒歩2～11分</li><li>東武東上線「坂戸」駅 徒歩23～34分</li><li>東武東上線「若葉」駅 徒歩41～49分</li><li>東武東上線「高坂」駅 徒歩47～52分</li>
saitama,wakaba,北坂戸,51100,東武東上線「北坂戸」駅,2.0,11.0,,,,坂戸市溝端町1ほか,9-6号棟,鉄筋コンクリート造、鉄骨鉄筋コンクリート造,5,N,505号室,3K,45,5,47600,3500,2か月,"['近居割', '近居割WIDE']",随時,https://www.ur-net.go.jp/chintai/kanto/saitama/50_1590_room.html?JKSS=009060505,<li>東武東上線「北坂戸」駅 徒歩2～11分</li><li>東武東上線「坂戸」駅 徒歩23～34分</li><li>東武東上線「若葉」駅 徒歩41～49分</li><li>東武東上線「高坂」駅 徒歩47～52分</li>
saitama,wakaba,北坂戸,51100,東武東上線「坂戸」駅,23.0,34.0,,,,坂戸市溝端町1ほか,9-6号棟,鉄筋コンクリート造、鉄骨鉄筋コンクリート造,5,N,505号室,3K,45,5,47600,3500,2か月,"['近居割', '近居割WIDE']",随時,https://www.ur-net.go.jp/chintai/kanto/saitama/50_1590_room.html?JKSS=009060505,<li>東武東上線「北坂戸」駅 徒歩2～11分</li><li>東武東上線「坂戸」駅 徒歩23～34分</li><li>東武東上線「若葉」駅 徒歩41～49分</li><li>東武東上線「高坂」駅 徒歩47～52分</li>
saitama,wakaba,北坂戸,51100,東武東上線「若葉」駅,41.0,49.0,,,,坂戸市溝端町1ほか,9-6号棟,鉄筋コンクリート造、鉄骨鉄筋コンクリート造,5,N,505号室,3K,45,5,47600,3500,2か月,"['近居割', '近居割WIDE']",随時,https://www.ur-net.go.jp/chintai/kanto/saitama/50_1590_room.html?JKSS=009060505,<li>東武東上線「北坂戸」駅 徒歩2～11分</li><li>東武東上線「坂戸」駅 徒歩23～34分</li><li>東武東上線「若葉」駅 徒歩41～49分</li><li>東武東上線「高坂」駅 徒歩47～52分</li>
saitama,wakaba,北坂戸,51100,東武東上線「高坂」駅,47.0,52.0,,,,坂戸市溝端町1ほか,9-6号棟,鉄筋コンクリート造、鉄骨鉄筋コンクリート造,5,N,505号室,3K,45,5,47600,3500,2か月,"['近居割', '近居割WIDE']",随時,https://www.ur-net.go.jp/chintai/kanto/saitama/50_1590_room.html?JKSS=009060505,<li>東武東上線「北坂戸」駅 徒歩2～11分</li><li>東武東上線「坂戸」駅 徒歩23～34分</li><li>東武東上線「若葉」駅 徒歩41～49分</li><li>東武東上線「高坂」駅 徒歩47～52分</li>
saitama,wakaba,北坂戸,51100,,,,,,,坂戸市溝端町1ほか,9-6号棟,鉄筋コンクリート造、鉄骨鉄筋コンクリート造,5,N,505号室,3K,45,5,47600,3500,2か月,"['近居割', '近居割WIDE']",随時,https://www.ur-net.go.jp/chintai/kanto/saitama/50_1590_room.html?JKSS=009060505,<li>東武東上線「北坂戸」駅 徒歩2～11分</li><li>東武東上線「坂戸」駅 徒歩23～34分</li><li>東武東上線「若葉」駅 徒歩41～49分</li><li>東武東上線「高坂」駅 徒歩47～52分</li>
saitama,wakaba,東坂戸,52400,,,,東武東上線「若葉」駅,8.0,12.0,坂戸市東坂戸1ほか,1-20号棟,鉄骨鉄筋コンクリート造,2,N,203号室,2DK,50,8,46300,6100,2か月,"['近居割', '近居割WIDE']",随時,https://www.ur-net.go.jp/chintai/kanto/saitama/50_1800_room.html?JKSS=001200203,<li>東武東上線「若葉」駅バス7～8分 徒歩1～4分</li><li>東武東上線「川越」駅バス30～32分 徒歩1～4分</li><li>東武東上線「鶴ケ島」駅 徒歩34～46分</li>
saitama,wakaba,東坂戸,52400,,,,東武東上線「川越」駅,31.0,36.0,坂戸市東坂戸1ほか,1-20号棟,鉄骨鉄筋コンクリート造,2,N,203号室,2DK,50,8,46300,6100,2か月,"['近居割', '近居割WIDE']",随時,https://www.ur-net.go.jp/chintai/kanto/saitama/50_1800_room.html?JKSS=001200203,<li>東武東上線「若葉」駅バス7～8分 徒歩1～4分</li><li>東武東上線「川越」駅バス30～32分 徒歩1～4分</li><li>東武東上線「鶴ケ島」駅 徒歩34～46分</li>
saitama,wakaba,東坂戸,52400,東武東上線「鶴ケ島」駅,34.0,46.0,,,,坂戸市東坂戸1ほか,1-20号棟,鉄骨鉄筋コンクリート造,2,N,203号室,2DK,50,8,46300,6100,2か月,"['近居割', '近居割WIDE']",随時,https://www.ur-net.go.jp/chintai/kanto/saitama/50_1800_room.html?JKSS=001200203,<li>東武東上線「若葉」駅バス7～8分 徒歩1～4分</li><li>東武東上線「川越」駅バス30～32分 徒歩1～4分</li><li>東武東上線「鶴ケ島」駅 徒歩34～46分</li>
saitama,wakaba,東坂戸,52400,,,,,,,坂戸市東坂戸1ほか,1-20号棟,鉄骨鉄筋コンクリート造,2,N,203号室,2DK,50,8,46300,6100,2か月,"['近居割', '近居割WIDE']",随時,https://www.ur-net.go.jp/chintai/kanto/saitama/50_1800_room.html?JKSS=001200203,<li>東武東上線「若葉」駅バス7～8分 徒歩1～4分</li><li>東武東上線「川越」駅バス30～32分 徒歩1～4分</li><li>東武東上線「鶴ケ島」駅 徒歩34～46分</li>
saitama,wakaba,東坂戸,52600,,,,東武東上線「若葉」駅,8.0,12.0,坂戸市東坂戸1ほか,1-20号棟,鉄骨鉄筋コンクリート造,2,N,201号室,2DK,50,8,46500,6100,2か月,"['近居割', '近居割WIDE']",随時,https://www.ur-net.go.jp/chintai/kanto/saitama/50_1800_room.html?JKSS=001200201,<li>東武東上線「若葉」駅バス7～8分 徒歩1～4分</li><li>東武東上線「川越」駅バス30～32分 徒歩1～4分</li><li>東武東上線「鶴ケ島」駅 徒歩34～46分</li>
saitama,wakaba,東坂戸,52600,,,,東武東上線「川越」駅,31.0,36.0,坂戸市東坂戸1ほか,1-20号棟,鉄骨鉄筋コンクリート造,2,N,201号室,2DK,50,8,46500,6100,2か月,"['近居割', '近居割WIDE']",随時,https://www.ur-net.go.jp/chintai/kanto/saitama/50_1800_room.html?JKSS=001200201,<li>東武東上線「若葉」駅バス7～8分 徒歩1～4分</li><li>東武東上線「川越」駅バス30～32分 徒歩1～4分</li><li>東武東上線「鶴ケ島」駅 徒歩34～46分</li>
saitama,wakaba,東坂戸,52600,東武東上線「鶴ケ島」駅,34.0,46.0,,,,坂戸市東坂戸1ほか,1-20号棟,鉄骨鉄筋コンクリート造,2,N,201号室,2DK,50,8,46500,6100,2か月,"['近居割', '近居割WIDE']",随時,https://www.ur-net.go.jp/chintai/kanto/saitama/50_1800_room.html?JKSS=001200201,<li>東武東上線「若葉」駅バス7～8分 徒歩1～4分</li><li>東武東上線「川越」駅バス30～32分 徒歩1～4分</li><li>東武東上線「鶴ケ島」駅 徒歩34～46分</li>
saitama,wakaba,東坂戸,52600,,,,,,,坂戸市東坂戸1ほか,1-20号棟,鉄骨鉄筋コンクリート造,2,N,201号室,2DK,50,8,46500,6100,2か月,"['近居割', '近居割WIDE']",随時,https://www.ur-net.go.jp/chintai/kanto/saitama/50_1800_room.html?JKSS=001200201,<li>東武東上線「若葉」駅バス7～8分 徒歩1～4分</li><li>東武東上線「川越」駅バス30～32分 徒歩1～4分</li><li>東武東上線「鶴ケ島」駅 徒歩34～46分</li>
saitama,wakaba,東坂戸,52600,,,,東武東上線「若葉」駅,8.0,12.0,坂戸市東坂戸1ほか,1-20号棟,鉄骨鉄筋コンクリート造,2,N,205号室,2DK,50,8,46500,6100,2か月,"['近居割', '近居割WIDE']",随時,https://www.ur-net.go.jp/chintai/kanto/saitama/50_1800_room.html?JKSS=001200205,<li>東武東上線「若葉」駅バス7～8分 徒歩1～4分</li><li>東武東上線「川越」駅バス30～32分 徒歩1～4分</li><li>東武東上線「鶴ケ島」駅 徒歩34～46分</li>
saitama,wakaba,東坂戸,52600,,,,東武東上線「川越」駅,31.0,36.0,坂戸市東坂戸1ほか,1-20号棟,鉄骨鉄筋コンクリート造,2,N,205号室,2DK,50,8,46500,6100,2か月,"['近居割', '近居割WIDE']",随時,https://www.ur-net.go.jp/chintai/kanto/saitama/50_1800_room.html?JKSS=001200205,<li>東武東上線「若葉」駅バス7～8分 徒歩1～4分</li><li>東武東上線「川越」駅バス30～32分 徒歩1～4分</li><li>東武東上線「鶴ケ島」駅 徒歩34～46分</li>
saitama,wakaba,東坂戸,52600,東武東上線「鶴ケ島」駅,34.0,46.0,,,,坂戸市東坂戸1ほか,1-20号棟,鉄骨鉄筋コンクリート造,2,N,205号室,2DK,50,8,46500,6100,2か月,"['近居割', '近居割WIDE']",随時,https://www.ur-net.go.jp/chintai/kanto/saitama/50_1800_room.html?JKSS=001200205,<li>東武東上線「若葉」駅バス7～8分 徒歩1～4分</li><li>東武東上線「川越」駅バス30～32分 徒歩1～4分</li><li>東武東上線「鶴ケ島」駅 徒歩34～46分</li>
saitama,wakaba,東坂戸,52600,,,,,,,坂戸市東坂戸1ほか,1-20号棟,鉄骨鉄筋コンクリート造,2,N,205号室,2DK,50,8,46500,6100,2か月,"['近居割', '近居割WIDE']",随時,https://www.ur-net.go.jp/chintai/kanto/saitama/50_1800_room.html?JKSS=001200205,<li>東武東上線「若葉」駅バス7～8分 徒歩1～4分</li><li>東武東上線「川越」駅バス30～32分 徒歩1～4分</li><li>東武東上線「鶴ケ島」駅 徒歩34～46分</li>
saitama,kawagoe,狭山台,53900,,,,西武新宿線「狭山市」駅,7.0,14.0,狭山市狭山台1-31ほか,1-13号棟,鉄筋コンクリート造、鉄骨鉄筋コンクリート造,4,N,402号室,3K,47,5,50400,3500,2か月,"['近居割', '近居割WIDE']",随時,https://www.ur-net.go.jp/chintai/kanto/saitama/50_1670_room.html?JKSS=001130402,<li>西武新宿線「狭山市」駅バス6～10分 徒歩1～4分</li><li>西武新宿線「新狭山」駅 徒歩22～33分</li><li>西武新宿線「入曽」駅 徒歩41～53分</li>
saitama,kawagoe,狭山台,53900,西武新宿線「新狭山」駅,22.0,33.0,,,,狭山市狭山台1-31ほか,1-13号棟,鉄筋コンクリート造、鉄骨鉄筋コンクリート造,4,N,402号室,3K,47,5,50400,3500,2か月,"['近居割', '近居割WIDE']",随時,https://www.ur-net.go.jp/chintai/kanto/saitama/50_1670_room.html?JKSS=001130402,<li>西武新宿線「狭山市」駅バス6～10分 徒歩1～4分</li><li>西武新宿線「新狭山」駅 徒歩22～33分</li><li>西武新宿線「入曽」駅 徒歩41～53分</li>
saitama,kawagoe,狭山台,53900,西武新宿線「入曽」駅,41.0,53.0,,,,狭山市狭山台1-31ほか,1-13号棟,鉄筋コンクリート造、鉄骨鉄筋コンクリート造,4,N,402号室,3K,47,5,50400,3500,2か月,"['近居割', '近居割WIDE']",随時,https://www.ur-net.go.jp/chintai/kanto/saitama/50_1670_room.html?JKSS=001130402,<li>西武新宿線「狭山市」駅バス6～10分 徒歩1～4分</li><li>西武新宿線「新狭山」駅 徒歩22～33分</li><li>西武新宿線「入曽」駅 徒歩41～53分</li>
saitama,kawagoe,狭山台,53900,,,,,,,狭山市狭山台1-31ほか,1-13号棟,鉄筋コンクリート造、鉄骨鉄筋コンクリート造,4,N,402号室,3K,47,5,50400,3500,2か月,"['近居割', '近居割WIDE']",随時,https://www.ur-net.go.jp/chintai/kanto/saitama/50_1670_room.html?JKSS=001130402,<li>西武新宿線「狭山市」駅バス6～10分 徒歩1～4分</li><li>西武新宿線「新狭山」駅 徒歩22～33分</li><li>西武新宿線「入曽」駅 徒歩41～53分</li>
saitama,kawagoe,狭山台,57000,,,,西武新宿線「狭山市」駅,7.0,14.0,狭山市狭山台1-31ほか,3-1号棟,鉄筋コンクリート造、鉄骨鉄筋コンクリート造,2,N,202号室,2DK,43,8,53500,3500,2か月,['健康寿命サポート'],随時,https://www.ur-net.go.jp/chintai/kanto/saitama/50_1670_room.html?JKSS=003010202,<li>西武新宿線「狭山市」駅バス6～10分 徒歩1～4分</li><li>西武新宿線「新狭山」駅 徒歩22～33分</li><li>西武新宿線「入曽」駅 徒歩41～53分</li>
saitama,kawagoe,狭山台,57000,西武新宿線「新狭山」駅,22.0,33.0,,,,狭山市狭山台1-31ほか,3-1号棟,鉄筋コンクリート造、鉄骨鉄筋コンクリート造,2,N,202号室,2DK,43,8,53500,3500,2か月,['健康寿命サポート'],随時,https://www.ur-net.go.jp/chintai/kanto/saitama/50_1670_room.html?JKSS=003010202,<li>西武新宿線「狭山市」駅バス6～10分 徒歩1～4分</li><li>西武新宿線「新狭山」駅 徒歩22～33分</li><li>西武新宿線「入曽」駅 徒歩41～53分</li>
saitama,kawagoe,狭山台,57000,西武新宿線「入曽」駅,41.0,53.0,,,,狭山市狭山台1-31ほか,3-1号棟,鉄筋コンクリート造、鉄骨鉄筋コンクリート造,2,N,202号室,2DK,43,8,53500,3500,2か月,['健康寿命サポート'],随時,https://www.ur-net.go.jp/chintai/kanto/saitama/50_1670_room.html?JKSS=003010202,<li>西武新宿線「狭山市」駅バス6～10分 徒歩1～4分</li><li>西武新宿線「新狭山」駅 徒歩22～33分</li><li>西武新宿線「入曽」駅 徒歩41～53分</li>
saitama,kawagoe,狭山台,57000,,,,,,,狭山市狭山台1-31ほか,3-1号棟,鉄筋コンクリート造、鉄骨鉄筋コンクリート造,2,N,202号室,2DK,43,8,53500,3500,2か月,['健康寿命サポート'],随時,https://www.ur-net.go.jp/chintai/kanto/saitama/50_1670_room.html?JKSS=003010202,<li>西武新宿線「狭山市」駅バス6～10分 徒歩1～4分</li><li>西武新宿線「新狭山」駅 徒歩22～33分</li><li>西武新宿線「入曽」駅 徒歩41～53分</li>
saitama,kawagoe,狭山台,57200,,,,西武新宿線「狭山市」駅,7.0,14.0,狭山市狭山台1-31ほか,3-19号棟,鉄筋コンクリート造、鉄骨鉄筋コンクリート造,5,N,503号室,2DK,43,8,53700,3500,2か月,['健康寿命サポート'],随時,https://www.ur-net.go.jp/chintai/kanto/saitama/50_1670_room.html?JKSS=003190503,<li>西武新宿線「狭山市」駅バス6～10分 徒歩1～4分</li><li>西武新宿線「新狭山」駅 徒歩22～33分</li><li>西武新宿線「入曽」駅 徒歩41～53分</li>
saitama,kawagoe,狭山台,57200,西武新宿線「新狭山」駅,22.0,33.0,,,,狭山市狭山台1-31ほか,3-19号棟,鉄筋コンクリート造、鉄骨鉄筋コンクリート造,5,N,503号室,2DK,43,8,53700,3500,2か月,['健康寿命サポート'],随時,https://www.ur-net.go.jp/chintai/kanto/saitama/50_1670_room.html?JKSS=003190503,<li>西武新宿線「狭山市」駅バス6～10分 徒歩1～4分</li><li>西武新宿線「新狭山」駅 徒歩22～33分</li><li>西武新宿線「入曽」駅 徒歩41～53分</li>
saitama,kawagoe,狭山台,57200,西武新宿線「入曽」駅,41.0,53.0,,,,狭山市狭山台1-31ほか,3-19号棟,鉄筋コンクリート造、鉄骨鉄筋コンクリート造,5,N,503号室,2DK,43,8,53700,3500,2か月,['健康寿命サポート'],随時,https://www.ur-net.go.jp/chintai/kanto/saitama/50_1670_room.html?JKSS=003190503,<li>西武新宿線「狭山市」駅バス6～10分 徒歩1～4分</li><li>西武新宿線「新狭山」駅 徒歩22～33分</li><li>西武新宿線「入曽」駅 徒歩41～53分</li>
saitama,kawagoe,狭山台,57200,,,,,,,狭山市狭山台1-31ほか,3-19号棟,鉄筋コンクリート造、鉄骨鉄筋コンクリート造,5,N,503号室,2DK,43,8,53700,3500,2か月,['健康寿命サポート'],随時,https://www.ur-net.go.jp/chintai/kanto/saitama/50_1670_room.html?JKSS=003190503,<li>西武新宿線「狭山市」駅バス6～10分 徒歩1～4分</li><li>西武新宿線「新狭山」駅 徒歩22～33分</li><li>西武新宿線「入曽」駅 徒歩41～53分</li>
saitama,kawagoe,狭山台,64200,,,,西武新宿線「狭山市」駅,7.0,14.0,狭山市狭山台1-31ほか,1-12号棟,鉄筋コンクリート造、鉄骨鉄筋コンクリート造,3,N,304号室,2DK,47,5,60700,3500,2か月,"['近居割', '近居割WIDE']",随時,https://www.ur-net.go.jp/chintai/kanto/saitama/50_1670_room.html?JKSS=001120304,<li>西武新宿線「狭山市」駅バス6～10分 徒歩1～4分</li><li>西武新宿線「新狭山」駅 徒歩22～33分</li><li>西武新宿線「入曽」駅 徒歩41～53分</li>
saitama,kawagoe,狭山台,64200,西武新宿線「新狭山」駅,22.0,33.0,,,,狭山市狭山台1-31ほか,1-12号棟,鉄筋コンクリート造、鉄骨鉄筋コンクリート造,3,N,304号室,2DK,47,5,60700,3500,2か月,"['近居割', '近居割WIDE']",随時,https://www.ur-net.go.jp/chintai/kanto/saitama/50_1670_room.html?JKSS=001120304,<li>西武新宿線「狭山市」駅バス6～10分 徒歩1～4分</li><li>西武新宿線「新狭山」駅 徒歩22～33分</li><li>西武新宿線「入曽」駅 徒歩41～53分</li>
saitama,kawagoe,狭山台,64200,西武新宿線「入曽」駅,41.0,53.0,,,,狭山市狭山台1-31ほか,1-12号棟,鉄筋コンクリート造、鉄骨鉄筋コンクリート造,3,N,304号室,2DK,47,5,60700,3500,2か月,"['近居割', '近居割WIDE']",随時,https://www.ur-net.go.jp/chintai/kanto/saitama/50_1670_room.html?JKSS=001120304,<li>西武新宿線「狭山市」駅バス6～10分 徒歩1～4分</li><li>西武新宿線「新狭山」駅 徒歩22～33分</li><li>西武新宿線「入曽」駅 徒歩41～53分</li>
saitama,kawagoe,狭山台,64200,,,,,,,狭山市狭山台1-31ほか,1-12号棟,鉄筋コンクリート造、鉄骨鉄筋コンクリート造,3,N,304号室,2DK,47,5,60700,3500,2か月,"['近居割', '近居割WIDE']",随時,https://www.ur-net.go.jp/chintai/kanto/saitama/50_1670_room.html?JKSS=001120304,<li>西武新宿線「狭山市」駅バス6～10分 徒歩1～4分</li><li>西武新宿線「新狭山」駅 徒歩22～33分</li><li>西武新宿線「入曽」駅 徒歩41～53分</li>
saitama,kawagoe,狭山台,64200,,,,西武新宿線「狭山市」駅,7.0,14.0,狭山市狭山台1-31ほか,1-14号棟,鉄筋コンクリート造、鉄骨鉄筋コンクリート造,2,N,206号室,2DK,47,5,60700,3500,2か月,"['近居割', '近居割WIDE']",随時,https://www.ur-net.go.jp/chintai/kanto/saitama/50_1670_room.html?JKSS=001140206,<li>西武新宿線「狭山市」駅バス6～10分 徒歩1～4分</li><li>西武新宿線「新狭山」駅 徒歩22～33分</li><li>西武新宿線「入曽」駅 徒歩41～53分</li>
saitama,kawagoe,狭山台,64200,西武新宿線「新狭山」駅,22.0,33.0,,,,狭山市狭山台1-31ほか,1-14号棟,鉄筋コンクリート造、鉄骨鉄筋コンクリート造,2,N,206号室,2DK,47,5,60700,3500,2か月,"['近居割', '近居割WIDE']",随時,https://www.ur-net.go.jp/chintai/kanto/saitama/50_1670_room.html?JKSS=001140206,<li>西武新宿線「狭山市」駅バス6～10分 徒歩1～4分</li><li>西武新宿線「新狭山」駅 徒歩22～33分</li><li>西武新宿線「入曽」駅 徒歩41～53分</li>
saitama,kawagoe,狭山台,64200,西武新宿線「入曽」駅,41.0,53.0,,,,狭山市狭山台1-31ほか,1-14号棟,鉄筋コンクリート造、鉄骨鉄筋コンクリート造,2,N,206号室,2DK,47,5,60700,3500,2か月,"['近居割', '近居割WIDE']",随時,https://www.ur-net.go.jp/chintai/kanto/saitama/50_1670_room.html?JKSS=001140206,<li>西武新宿線「狭山市」駅バス6～10分 徒歩1～4分</li><li>西武新宿線「新狭山」駅 徒歩22～33分</li><li>西武新宿線「入曽」駅 徒歩41～53分</li>
saitama,kawagoe,狭山台,64200,,,,,,,狭山市狭山台1-31ほか,1-14号棟,鉄筋コンクリート造、鉄骨鉄筋コンクリート造,2,N,206号室,2DK,47,5,60700,3500,2か月,"['近居割', '近居割WIDE']",随時,https://www.ur-net.go.jp/chintai/kanto/saitama/50_1670_room.html?JKSS=001140206,<li>西武新宿線「狭山市」駅バス6～10分 徒歩1～4分</li><li>西武新宿線「新狭山」駅 徒歩22～33分</li><li>西武新宿線「入曽」駅 徒歩41～53分</li>
saitama,tokorozawa,入間豊岡,72800,西武池袋線「入間市」駅,7.0,7.0,,,,入間市豊岡1-8,1号棟,鉄骨鉄筋コンクリート造,6,N,608号室,2DK,48,12,69300,3500,2か月,['近居割'],随時,https://www.ur-net.go.jp/chintai/kanto/saitama/50_1850_room.html?JKSS=000010608,<li>西武池袋線「入間市」駅 徒歩7分</li>
saitama,tokorozawa,入間豊岡,72800,,,,,,,入間市豊岡1-8,1号棟,鉄骨鉄筋コンクリート造,6,N,608号室,2DK,48,12,69300,3500,2か月,['近居割'],随時,https://www.ur-net.go.jp/chintai/kanto/saitama/50_1850_room.html?JKSS=000010608,<li>西武池袋線「入間市」駅 徒歩7分</li>
saitama,tokorozawa,入間駅前プラザ,93800,西武池袋線「入間市」駅,3.0,5.0,,,,入間市向陽台1-1-17,15号棟,鉄筋コンクリート造,1,N,103号室,3DK,61,8,89100,4700,2か月,['近居割'],随時,https://www.ur-net.go.jp/chintai/kanto/saitama/50_2390_room.html?JKSS=000150103,<li>西武池袋線「入間市」駅 徒歩3～5分</li><li>西武池袋線「稲荷山公園」駅 徒歩12～14分</li><li>西武新宿線「狭山市」駅 徒歩38～47分</li>
saitama,tokorozawa,入間駅前プラザ,93800,西武池袋線「稲荷山公園」駅,12.0,14.0,,,,入間市向陽台1-1-17,15号棟,鉄筋コンクリート造,1,N,103号室,3DK,61,8,89100,4700,2か月,['近居割'],随時,https://www.ur-net.go.jp/chintai/kanto/saitama/50_2390_room.html?JKSS=000150103,<li>西武池袋線「入間市」駅 徒歩3～5分</li><li>西武池袋線「稲荷山公園」駅 徒歩12～14分</li><li>西武新宿線「狭山市」駅 徒歩38～47分</li>
saitama,tokorozawa,入間駅前プラザ,93800,西武新宿線「狭山市」駅,38.0,47.0,,,,入間市向陽台1-1-17,15号棟,鉄筋コンクリート造,1,N,103号室,3DK,61,8,89100,4700,2か月,['近居割'],随時,https://www.ur-net.go.jp/chintai/kanto/saitama/50_2390_room.html?JKSS=000150103,<li>西武池袋線「入間市」駅 徒歩3～5分</li><li>西武池袋線「稲荷山公園」駅 徒歩12～14分</li><li>西武新宿線「狭山市」駅 徒歩38～47分</li>
saitama,tokorozawa,入間駅前プラザ,93800,,,,,,,入間市向陽台1-1-17,15号棟,鉄筋コンクリート造,1,N,103号室,3DK,61,8,89100,4700,2か月,['近居割'],随時,https://www.ur-net.go.jp/chintai/kanto/saitama/50_2390_room.html?JKSS=000150103,<li>西武池袋線「入間市」駅 徒歩3～5分</li><li>西武池袋線「稲荷山公園」駅 徒歩12～14分</li><li>西武新宿線「狭山市」駅 徒歩38～47分</li>
saitama,shiki,新座,76700,東武東上線「柳瀬川」駅,15.0,22.0,,,,新座市新座3,5-4号棟,鉄筋コンクリート造,5,N,506号室,2LDK,52,5,73500,3200,2か月,"['近居割', '近居割WIDE']",随時,https://www.ur-net.go.jp/chintai/kanto/saitama/50_1310_room.html?JKSS=000504506,<li>東武東上線「柳瀬川」駅 徒歩15～22分</li><li>東武東上線「志木」駅バス11分 徒歩1～6分</li><li>JR武蔵野線「新座」駅 徒歩28～36分</li>
saitama,shiki,新座,76700,,,,東武東上線「志木」駅,12.0,17.0,新座市新座3,5-4号棟,鉄筋コンクリート造,5,N,506号室,2LDK,52,5,73500,3200,2か月,"['近居割', '近居割WIDE']",随時,https://www.ur-net.go.jp/chintai/kanto/saitama/50_1310_room.html?JKSS=000504506,<li>東武東上線「柳瀬川」駅 徒歩15～22分</li><li>東武東上線「志木」駅バス11分 徒歩1～6分</li><li>JR武蔵野線「新座」駅 徒歩28～36分</li>
saitama,shiki,新座,76700,JR武蔵野線「新座」駅,28.0,36.0,,,,新座市新座3,5-4号棟,鉄筋コンクリート造,5,N,506号室,2LDK,52,5,73500,3200,2か月,"['近居割', '近居割WIDE']",随時,https://www.ur-net.go.jp/chintai/kanto/saitama/50_1310_room.html?JKSS=000504506,<li>東武東上線「柳瀬川」駅 徒歩15～22分</li><li>東武東上線「志木」駅バス11分 徒歩1～6分</li><li>JR武蔵野線「新座」駅 徒歩28～36分</li>
saitama,shiki,新座,76700,,,,,,,新座市新座3,5-4号棟,鉄筋コンクリート造,5,N,506号室,2LDK,52,5,73500,3200,2か月,"['近居割', '近居割WIDE']",随時,https://www.ur-net.go.jp/chintai/kanto/saitama/50_1310_room.html?JKSS=000504506,<li>東武東上線「柳瀬川」駅 徒歩15～22分</li><li>東武東上線「志木」駅バス11分 徒歩1～6分</li><li>JR武蔵野線「新座」駅 徒歩28～36分</li>
