Todofuken,Area,Dan Chi Name,Total Fee,Nearest station by Walk,Best case by Walk (minute),Worst case by Walk (minute),Nearest station by Bus,Best case by Bus (minute),Worst case by Bus (minute),Address,Building Name,Building Structure,Floor,Elevator,Room Num,Room Type,Floor Space,Max Floor,Rent,Common Fee,Shikikin,Systems,availableDate,Room Link,Traffic
tokyo,shibuya,コラム南青山,269300,東京メトロ銀座線ほか｢表参道｣駅,10.0,10.0,,,,港区南青山7-1-5,,鉄骨鉄筋コンクリート造,5,N,509号室,1LDK,56,10,262300,7000,2か月,[],随時,https://www.ur-net.go.jp/chintai/kanto/tokyo/20_4150_room.html?JKSS=000000509,<li>東京メトロ銀座線ほか｢表参道｣駅 徒歩10分</li><li>JR山手線ほか｢渋谷｣駅 徒歩13分</li>
tokyo,shibuya,コラム南青山,269300,JR山手線ほか｢渋谷｣駅,13.0,13.0,,,,港区南青山7-1-5,,鉄骨鉄筋コンクリート造,5,N,509号室,1LDK,56,10,262300,7000,2か月,[],随時,https://www.ur-net.go.jp/chintai/kanto/tokyo/20_4150_room.html?JKSS=000000509,<li>東京メトロ銀座線ほか｢表参道｣駅 徒歩10分</li><li>JR山手線ほか｢渋谷｣駅 徒歩13分</li>
tokyo,shibuya,コラム南青山,269300,,,,,,,港区南青山7-1-5,,鉄骨鉄筋コンクリート造,5,N,509号室,1LDK,56,10,262300,7000,2か月,[],随時,https://www.ur-net.go.jp/chintai/kanto/tokyo/20_4150_room.html?JKSS=000000509,<li>東京メトロ銀座線ほか｢表参道｣駅 徒歩10分</li><li>JR山手線ほか｢渋谷｣駅 徒歩13分</li>
tokyo,oji,エルアージュ小石川,184600,都営三田線ほか｢春日｣駅,5.0,5.0,,,,文京区小石川1-17-1,,鉄骨鉄筋コンクリート造（一部鉄骨コンクリート造）,13,N,1311号室,1DK,42,20,179300,5300,2か月,['近居割'],随時,https://www.ur-net.go.jp/chintai/kanto/tokyo/20_6310_room.html?JKSS=000001311,<li>都営三田線ほか｢春日｣駅 徒歩5分</li><li>東京メトロ丸ノ内線ほか｢後楽園｣駅 徒歩7分</li>
tokyo,oji,エルアージュ小石川,184600,東京メトロ丸ノ内線ほか｢後楽園｣駅,7.0,7.0,,,,文京区小石川1-17-1,,鉄骨鉄筋コンクリート造（一部鉄骨コンクリート造）,13,N,1311号室,1DK,42,20,179300,5300,2か月,['近居割'],随時,https://www.ur-net.go.jp/chintai/kanto/tokyo/20_6310_room.html?JKSS=000001311,<li>都営三田線ほか｢春日｣駅 徒歩5分</li><li>東京メトロ丸ノ内線ほか｢後楽園｣駅 徒歩7分</li>
tokyo,oji,エルアージュ小石川,184600,,,,,,,文京区小石川1-17-1,,鉄骨鉄筋コンクリート造（一部鉄骨コンクリート造）,13,N,1311号室,1DK,42,20,179300,5300,2か月,['近居割'],随時,https://www.ur-net.go.jp/chintai/kanto/tokyo/20_6310_room.html?JKSS=000001311,<li>都営三田線ほか｢春日｣駅 徒歩5分</li><li>東京メトロ丸ノ内線ほか｢後楽園｣駅 徒歩7分</li>
tokyo,nishiojima,北砂五丁目,103200,都営新宿線「大島」駅,10.0,17.0,,,,江東区北砂5-20,10号棟,鉄筋コンクリート造,6,N,612号室,2DK,46,9,99000,4200,2か月,['健康寿命サポート'],随時,https://www.ur-net.go.jp/chintai/kanto/tokyo/20_2820_room.html?JKSS=000100612,<li>都営新宿線「大島」駅 徒歩10～17分</li><li>JR総武線・東武亀戸線「亀戸」駅バス7～11分 徒歩1～7分</li><li>東京メトロ東西線「東陽町」駅バス9～11分 徒歩6～12分</li>
tokyo,nishiojima,北砂五丁目,103200,,,,JR総武線・東武亀戸線「亀戸」駅,8.0,18.0,江東区北砂5-20,10号棟,鉄筋コンクリート造,6,N,612号室,2DK,46,9,99000,4200,2か月,['健康寿命サポート'],随時,https://www.ur-net.go.jp/chintai/kanto/tokyo/20_2820_room.html?JKSS=000100612,<li>都営新宿線「大島」駅 徒歩10～17分</li><li>JR総武線・東武亀戸線「亀戸」駅バス7～11分 徒歩1～7分</li><li>東京メトロ東西線「東陽町」駅バス9～11分 徒歩6～12分</li>
tokyo,nishiojima,北砂五丁目,103200,,,,東京メトロ東西線「東陽町」駅,15.0,23.0,江東区北砂5-20,10号棟,鉄筋コンクリート造,6,N,612号室,2DK,46,9,99000,4200,2か月,['健康寿命サポート'],随時,https://www.ur-net.go.jp/chintai/kanto/tokyo/20_2820_room.html?JKSS=000100612,<li>都営新宿線「大島」駅 徒歩10～17分</li><li>JR総武線・東武亀戸線「亀戸」駅バス7～11分 徒歩1～7分</li><li>東京メトロ東西線「東陽町」駅バス9～11分 徒歩6～12分</li>
tokyo,nishiojima,北砂五丁目,103200,,,,,,,江東区北砂5-20,10号棟,鉄筋コンクリート造,6,N,612号室,2DK,46,9,99000,4200,2か月,['健康寿命サポート'],随時,https://www.ur-net.go.jp/chintai/kanto/tokyo/20_2820_room.html?JKSS=000100612,<li>都営新宿線「大島」駅 徒歩10～17分</li><li>JR総武線・東武亀戸線「亀戸」駅バス7～11分 徒歩1～7分</li><li>東京メトロ東西線「東陽町」駅バス9～11分 徒歩6～12分</li>
tokyo,nishiojima,大島四丁目,105500,都営新宿線「西大島」駅,5.0,10.0,,,,江東区大島4-1,6号棟,鉄筋コンクリート造,5,N,531号室,1LDK,52,14,101600,3900,2か月,['URライト（1年定借）'],随時,https://www.ur-net.go.jp/chintai/kanto/tokyo/20_1780_room.html?JKSS=000060531,<li>都営新宿線「西大島」駅 徒歩5～10分</li><li>JR総武線・東武亀戸線「亀戸」駅バス4～6分 徒歩2～6分</li><li>都営新宿線「大島」駅 徒歩7～12分</li>
tokyo,nishiojima,大島四丁目,105500,,,,JR総武線・東武亀戸線「亀戸」駅,6.0,12.0,江東区大島4-1,6号棟,鉄筋コンクリート造,5,N,531号室,1LDK,52,14,101600,3900,2か月,['URライト（1年定借）'],随時,https://www.ur-net.go.jp/chintai/kanto/tokyo/20_1780_room.html?JKSS=000060531,<li>都営新宿線「西大島」駅 徒歩5～10分</li><li>JR総武線・東武亀戸線「亀戸」駅バス4～6分 徒歩2～6分</li><li>都営新宿線「大島」駅 徒歩7～12分</li>
tokyo,nishiojima,大島四丁目,105500,都営新宿線「大島」駅,7.0,12.0,,,,江東区大島4-1,6号棟,鉄筋コンクリート造,5,N,531号室,1LDK,52,14,101600,3900,2か月,['URライト（1年定借）'],随時,https://www.ur-net.go.jp/chintai/kanto/tokyo/20_1780_room.html?JKSS=000060531,<li>都営新宿線「西大島」駅 徒歩5～10分</li><li>JR総武線・東武亀戸線「亀戸」駅バス4～6分 徒歩2～6分</li><li>都営新宿線「大島」駅 徒歩7～12分</li>
tokyo,nishiojima,大島四丁目,105500,,,,,,,江東区大島4-1,6号棟,鉄筋コンクリート造,5,N,531号室,1LDK,52,14,101600,3900,2か月,['URライト（1年定借）'],随時,https://www.ur-net.go.jp/chintai/kanto/tokyo/20_1780_room.html?JKSS=000060531,<li>都営新宿線「西大島」駅 徒歩5～10分</li><li>JR総武線・東武亀戸線「亀戸」駅バス4～6分 徒歩2～6分</li><li>都営新宿線「大島」駅 徒歩7～12分</li>
tokyo,nishiojima,大島四丁目,107700,都営新宿線「西大島」駅,5.0,10.0,,,,江東区大島4-1,6号棟,鉄筋コンクリート造,9,N,930号室,1LDK,50,14,103800,3900,2か月,['URライト（1年定借）'],随時,https://www.ur-net.go.jp/chintai/kanto/tokyo/20_1780_room.html?JKSS=000060930,<li>都営新宿線「西大島」駅 徒歩5～10分</li><li>JR総武線・東武亀戸線「亀戸」駅バス4～6分 徒歩2～6分</li><li>都営新宿線「大島」駅 徒歩7～12分</li>
tokyo,nishiojima,大島四丁目,107700,,,,JR総武線・東武亀戸線「亀戸」駅,6.0,12.0,江東区大島4-1,6号棟,鉄筋コンクリート造,9,N,930号室,1LDK,50,14,103800,3900,2か月,['URライト（1年定借）'],随時,https://www.ur-net.go.jp/chintai/kanto/tokyo/20_1780_room.html?JKSS=000060930,<li>都営新宿線「西大島」駅 徒歩5～10分</li><li>JR総武線・東武亀戸線「亀戸」駅バス4～6分 徒歩2～6分</li><li>都営新宿線「大島」駅 徒歩7～12分</li>
tokyo,nishiojima,大島四丁目,107700,都営新宿線「大島」駅,7.0,12.0,,,,江東区大島4-1,6号棟,鉄筋コンクリート造,9,N,930号室,1LDK,50,14,103800,3900,2か月,['URライト（1年定借）'],随時,https://www.ur-net.go.jp/chintai/kanto/tokyo/20_1780_room.html?JKSS=000060930,<li>都営新宿線「西大島」駅 徒歩5～10分</li><li>JR総武線・東武亀戸線「亀戸」駅バス4～6分 徒歩2～6分</li><li>都営新宿線「大島」駅 徒歩7～12分</li>
tokyo,nishiojima,大島四丁目,107700,,,,,,,江東区大島4-1,6号棟,鉄筋コンクリート造,9,N,930号室,1LDK,50,14,103800,3900,2か月,['URライト（1年定借）'],随時,https://www.ur-net.go.jp/chintai/kanto/tokyo/20_1780_room.html?JKSS=000060930,<li>都営新宿線「西大島」駅 徒歩5～10分</li><li>JR総武線・東武亀戸線「亀戸」駅バス4～6分 徒歩2～6分</li><li>都営新宿線「大島」駅 徒歩7～12分</li>
tokyo,kitasenju,江北六丁目,81500,日暮里舎人ライナー「西新井大師西」駅,2.0,6.0,,,,足立区江北6-30ほか,30-2号棟,鉄筋コンクリート造,5,N,507号室,2DK,43,5,78200,3300,2か月,['近居割'],随時,https://www.ur-net.go.jp/chintai/kanto/tokyo/20_2160_room.html?JKSS=030002507,<li>日暮里舎人ライナー「西新井大師西」駅 徒歩2～6分</li><li>東武伊勢崎線「西新井」駅バス9分 徒歩2～6分</li>
tokyo,kitasenju,江北六丁目,81500,,,,東武伊勢崎線「西新井」駅,11.0,15.0,足立区江北6-30ほか,30-2号棟,鉄筋コンクリート造,5,N,507号室,2DK,43,5,78200,3300,2か月,['近居割'],随時,https://www.ur-net.go.jp/chintai/kanto/tokyo/20_2160_room.html?JKSS=030002507,<li>日暮里舎人ライナー「西新井大師西」駅 徒歩2～6分</li><li>東武伊勢崎線「西新井」駅バス9分 徒歩2～6分</li>
tokyo,kitasenju,江北六丁目,81500,,,,,,,足立区江北6-30ほか,30-2号棟,鉄筋コンクリート造,5,N,507号室,2DK,43,5,78200,3300,2か月,['近居割'],随時,https://www.ur-net.go.jp/chintai/kanto/tokyo/20_2160_room.html?JKSS=030002507,<li>日暮里舎人ライナー「西新井大師西」駅 徒歩2～6分</li><li>東武伊勢崎線「西新井」駅バス9分 徒歩2～6分</li>
tokyo,kitasenju,竹の塚第一,86000,東武伊勢崎線「竹ノ塚」駅,11.0,16.0,東武伊勢崎線「竹ノ塚」駅,4.0,10.0,足立区竹の塚3-11ほか,22号棟,鉄筋コンクリート造,2,N,202号室,1LDK,40,5,82500,3500,2か月,['近居割'],随時,https://www.ur-net.go.jp/chintai/kanto/tokyo/20_1300_room.html?JKSS=000022202,<li>東武伊勢崎線「竹ノ塚」駅 徒歩11～16分</li><li>東武伊勢崎線「竹ノ塚」駅バス2～3分 徒歩2～7分</li><li>JR常磐線「北千住」駅バス16～18分 徒歩1～5分</li>
tokyo,kitasenju,竹の塚第一,86000,,,,JR常磐線「北千住」駅,17.0,23.0,足立区竹の塚3-11ほか,22号棟,鉄筋コンクリート造,2,N,202号室,1LDK,40,5,82500,3500,2か月,['近居割'],随時,https://www.ur-net.go.jp/chintai/kanto/tokyo/20_1300_room.html?JKSS=000022202,<li>東武伊勢崎線「竹ノ塚」駅 徒歩11～16分</li><li>東武伊勢崎線「竹ノ塚」駅バス2～3分 徒歩2～7分</li><li>JR常磐線「北千住」駅バス16～18分 徒歩1～5分</li>
tokyo,kitasenju,竹の塚第一,86000,,,,,,,足立区竹の塚3-11ほか,22号棟,鉄筋コンクリート造,2,N,202号室,1LDK,40,5,82500,3500,2か月,['近居割'],随時,https://www.ur-net.go.jp/chintai/kanto/tokyo/20_1300_room.html?JKSS=000022202,<li>東武伊勢崎線「竹ノ塚」駅 徒歩11～16分</li><li>東武伊勢崎線「竹ノ塚」駅バス2～3分 徒歩2～7分</li><li>JR常磐線「北千住」駅バス16～18分 徒歩1～5分</li>
tokyo,kitasenju,竹の塚第三,104500,東武伊勢崎線「竹ノ塚」駅,2.0,5.0,,,,足立区竹の塚6-4ほか,11号棟,鉄筋コンクリート造,5,N,504号室,2LDK,50,5,100800,3700,2か月,['URライト（5年定借）'],随時,https://www.ur-net.go.jp/chintai/kanto/tokyo/20_1370_room.html?JKSS=000110504,<li>東武伊勢崎線「竹ノ塚」駅 徒歩2～5分</li>
tokyo,kitasenju,竹の塚第三,104500,,,,,,,足立区竹の塚6-4ほか,11号棟,鉄筋コンクリート造,5,N,504号室,2LDK,50,5,100800,3700,2か月,['URライト（5年定借）'],随時,https://www.ur-net.go.jp/chintai/kanto/tokyo/20_1370_room.html?JKSS=000110504,<li>東武伊勢崎線「竹ノ塚」駅 徒歩2～5分</li>
tokyo,oji,ハートアイランド新田一番街,123300,,,,JR京浜東北・根岸線「王子」駅,14.0,15.0,足立区新田3―36,1号棟,鉄筋コンクリート造,2,N,208号室,1LDK,52,11,115700,7600,2か月,"['近居割', '近居割WIDE']",随時,https://www.ur-net.go.jp/chintai/kanto/tokyo/20_6740_room.html?JKSS=000010208,<li>JR京浜東北・根岸線「王子」駅バス13分 徒歩1～2分</li><li>東京メトロ南北線「王子神谷」駅 徒歩19～20分</li>
tokyo,oji,ハートアイランド新田一番街,123300,東京メトロ南北線「王子神谷」駅,19.0,20.0,,,,足立区新田3―36,1号棟,鉄筋コンクリート造,2,N,208号室,1LDK,52,11,115700,7600,2か月,"['近居割', '近居割WIDE']",随時,https://www.ur-net.go.jp/chintai/kanto/tokyo/20_6740_room.html?JKSS=000010208,<li>JR京浜東北・根岸線「王子」駅バス13分 徒歩1～2分</li><li>東京メトロ南北線「王子神谷」駅 徒歩19～20分</li>
tokyo,oji,ハートアイランド新田一番街,123300,,,,,,,足立区新田3―36,1号棟,鉄筋コンクリート造,2,N,208号室,1LDK,52,11,115700,7600,2か月,"['近居割', '近居割WIDE']",随時,https://www.ur-net.go.jp/chintai/kanto/tokyo/20_6740_room.html?JKSS=000010208,<li>JR京浜東北・根岸線「王子」駅バス13分 徒歩1～2分</li><li>東京メトロ南北線「王子神谷」駅 徒歩19～20分</li>
tokyo,aoto,すまいる亀有,124500,JR常磐線「亀有」駅,13.0,17.0,JR常磐線「亀有」駅,7.0,9.0,葛飾区亀有1-10,14号棟,鉄筋コンクリート造,4,N,405号室,2DK,52,6,117900,6600,2か月,"['近居割', '近居割WIDE', 'シルバーピア']",随時,https://www.ur-net.go.jp/chintai/kanto/tokyo/20_4481_room.html?JKSS=000140405,<li>JR常磐線「亀有」駅 徒歩13～17分</li><li>JR常磐線「亀有」駅バス5分 徒歩2～4分</li><li>京成本線「青砥」駅 徒歩20～22分</li>
tokyo,aoto,すまいる亀有,124500,京成本線「青砥」駅,20.0,22.0,,,,葛飾区亀有1-10,14号棟,鉄筋コンクリート造,4,N,405号室,2DK,52,6,117900,6600,2か月,"['近居割', '近居割WIDE', 'シルバーピア']",随時,https://www.ur-net.go.jp/chintai/kanto/tokyo/20_4481_room.html?JKSS=000140405,<li>JR常磐線「亀有」駅 徒歩13～17分</li><li>JR常磐線「亀有」駅バス5分 徒歩2～4分</li><li>京成本線「青砥」駅 徒歩20～22分</li>
tokyo,aoto,すまいる亀有,124500,,,,,,,葛飾区亀有1-10,14号棟,鉄筋コンクリート造,4,N,405号室,2DK,52,6,117900,6600,2か月,"['近居割', '近居割WIDE', 'シルバーピア']",随時,https://www.ur-net.go.jp/chintai/kanto/tokyo/20_4481_room.html?JKSS=000140405,<li>JR常磐線「亀有」駅 徒歩13～17分</li><li>JR常磐線「亀有」駅バス5分 徒歩2～4分</li><li>京成本線「青砥」駅 徒歩20～22分</li>
tokyo,aoto,すまいる亀有,124500,JR常磐線「亀有」駅,13.0,17.0,JR常磐線「亀有」駅,7.0,9.0,葛飾区亀有1-10,14号棟,鉄筋コンクリート造,5,N,505号室,2DK,52,6,117900,6600,2か月,"['近居割', '近居割WIDE', 'シルバーピア']",随時,https://www.ur-net.go.jp/chintai/kanto/tokyo/20_4481_room.html?JKSS=000140505,<li>JR常磐線「亀有」駅 徒歩13～17分</li><li>JR常磐線「亀有」駅バス5分 徒歩2～4分</li><li>京成本線「青砥」駅 徒歩20～22分</li>
tokyo,aoto,すまいる亀有,124500,京成本線「青砥」駅,20.0,22.0,,,,葛飾区亀有1-10,14号棟,鉄筋コンクリート造,5,N,505号室,2DK,52,6,117900,6600,2か月,"['近居割', '近居割WIDE', 'シルバーピア']",随時,https://www.ur-net.go.jp/chintai/kanto/tokyo/20_4481_room.html?JKSS=000140505,<li>JR常磐線「亀有」駅 徒歩13～17分</li><li>JR常磐線「亀有」駅バス5分 徒歩2～4分</li><li>京成本線「青砥」駅 徒歩20～22分</li>
tokyo,aoto,すまいる亀有,124500,,,,,,,葛飾区亀有1-10,14号棟,鉄筋コンクリート造,5,N,505号室,2DK,52,6,117900,6600,2か月,"['近居割', '近居割WIDE', 'シルバーピア']",随時,https://www.ur-net.go.jp/chintai/kanto/tokyo/20_4481_room.html?JKSS=000140505,<li>JR常磐線「亀有」駅 徒歩13～17分</li><li>JR常磐線「亀有」駅バス5分 徒歩2～4分</li><li>京成本線「青砥」駅 徒歩20～22分</li>
tokyo,kamata,エステート池上,175100,東急池上線｢池上｣駅,6.0,6.0,,,,大田区池上8-5-8,,鉄筋コンクリート造,5,N,503号室,2LDK,63,6,168400,6700,2か月,['近居割'],随時,https://www.ur-net.go.jp/chintai/kanto/tokyo/20_4640_room.html?JKSS=000000503,<li>東急池上線｢池上｣駅 徒歩6分</li>
tokyo,kamata,エステート池上,175100,,,,,,,大田区池上8-5-8,,鉄筋コンクリート造,5,N,503号室,2LDK,63,6,168400,6700,2か月,['近居割'],随時,https://www.ur-net.go.jp/chintai/kanto/tokyo/20_4640_room.html?JKSS=000000503,<li>東急池上線｢池上｣駅 徒歩6分</li>
tokyo,kyodo,経堂赤堤通り,152250,小田急小田原線「経堂」駅,10.0,14.0,,,,世田谷区桜上水1-1,3号棟,鉄筋コンクリート造,5,N,503号室,2DK,44,7,147100,5150,2か月,[],随時,https://www.ur-net.go.jp/chintai/kanto/tokyo/20_5000_room.html?JKSS=000030503,<li>小田急小田原線「経堂」駅 徒歩10～14分</li><li>東急世田谷線「松原」駅 徒歩11～12分</li><li>京王線「桜上水」駅 徒歩15～18分</li>
tokyo,kyodo,経堂赤堤通り,152250,東急世田谷線「松原」駅,11.0,12.0,,,,世田谷区桜上水1-1,3号棟,鉄筋コンクリート造,5,N,503号室,2DK,44,7,147100,5150,2か月,[],随時,https://www.ur-net.go.jp/chintai/kanto/tokyo/20_5000_room.html?JKSS=000030503,<li>小田急小田原線「経堂」駅 徒歩10～14分</li><li>東急世田谷線「松原」駅 徒歩11～12分</li><li>京王線「桜上水」駅 徒歩15～18分</li>
tokyo,kyodo,経堂赤堤通り,152250,京王線「桜上水」駅,15.0,18.0,,,,世田谷区桜上水1-1,3号棟,鉄筋コンクリート造,5,N,503号室,2DK,44,7,147100,5150,2か月,[],随時,https://www.ur-net.go.jp/chintai/kanto/tokyo/20_5000_room.html?JKSS=000030503,<li>小田急小田原線「経堂」駅 徒歩10～14分</li><li>東急世田谷線「松原」駅 徒歩11～12分</li><li>京王線「桜上水」駅 徒歩15～18分</li>
tokyo,kyodo,経堂赤堤通り,152250,,,,,,,世田谷区桜上水1-1,3号棟,鉄筋コンクリート造,5,N,503号室,2DK,44,7,147100,5150,2か月,[],随時,https://www.ur-net.go.jp/chintai/kanto/tokyo/20_5000_room.html?JKSS=000030503,<li>小田急小田原線「経堂」駅 徒歩10～14分</li><li>東急世田谷線「松原」駅 徒歩11～12分</li><li>京王線「桜上水」駅 徒歩15～18分</li>
tokyo,kyodo,フレール西経堂,176470,小田急小田原線「千歳船橋」駅,11.0,15.0,,,,世田谷区船橋5-17,9号棟,鉄筋コンクリート造,4,N,405号室,2LDK,58,8,171000,5470,2か月,['近居割'],随時,https://www.ur-net.go.jp/chintai/kanto/tokyo/20_5440_room.html?JKSS=000090405,<li>小田急小田原線「千歳船橋」駅 徒歩11～15分</li><li>小田急小田原線「経堂」駅 徒歩11～19分</li><li>京王線「八幡山」駅バス4～5分 徒歩5～9分</li>
tokyo,kyodo,フレール西経堂,176470,小田急小田原線「経堂」駅,11.0,19.0,,,,世田谷区船橋5-17,9号棟,鉄筋コンクリート造,4,N,405号室,2LDK,58,8,171000,5470,2か月,['近居割'],随時,https://www.ur-net.go.jp/chintai/kanto/tokyo/20_5440_room.html?JKSS=000090405,<li>小田急小田原線「千歳船橋」駅 徒歩11～15分</li><li>小田急小田原線「経堂」駅 徒歩11～19分</li><li>京王線「八幡山」駅バス4～5分 徒歩5～9分</li>
tokyo,kyodo,フレール西経堂,176470,,,,京王線「八幡山」駅,9.0,14.0,世田谷区船橋5-17,9号棟,鉄筋コンクリート造,4,N,405号室,2LDK,58,8,171000,5470,2か月,['近居割'],随時,https://www.ur-net.go.jp/chintai/kanto/tokyo/20_5440_room.html?JKSS=000090405,<li>小田急小田原線「千歳船橋」駅 徒歩11～15分</li><li>小田急小田原線「経堂」駅 徒歩11～19分</li><li>京王線「八幡山」駅バス4～5分 徒歩5～9分</li>
tokyo,kyodo,フレール西経堂,176470,,,,,,,世田谷区船橋5-17,9号棟,鉄筋コンクリート造,4,N,405号室,2LDK,58,8,171000,5470,2か月,['近居割'],随時,https://www.ur-net.go.jp/chintai/kanto/tokyo/20_5440_room.html?JKSS=000090405,<li>小田急小田原線「千歳船橋」駅 徒歩11～15分</li><li>小田急小田原線「経堂」駅 徒歩11～19分</li><li>京王線「八幡山」駅バス4～5分 徒歩5～9分</li>
tokyo,kyodo,成城通りパークウエスト,180200,「成城学園前」駅,21.0,21.0,小田急小田原線「成城学園前」駅,9.0,10.0,世田谷区上祖師谷4-2,2号棟,鉄筋コンクリート造,2,N,227号室,3DK,62,5,176400,3800,2か月,['近居割'],随時,https://www.ur-net.go.jp/chintai/kanto/tokyo/20_4600_room.html?JKSS=000020227,<li>小田急小田原線「成城学園前」駅バス7分 徒歩2～3分 または「成城学園前」駅 徒歩21分</li><li>京王線「千歳烏山」駅バス12分 徒歩2～3分</li>
tokyo,kyodo,成城通りパークウエスト,180200,,,,京王線「千歳烏山」駅,14.0,15.0,世田谷区上祖師谷4-2,2号棟,鉄筋コンクリート造,2,N,227号室,3DK,62,5,176400,3800,2か月,['近居割'],随時,https://www.ur-net.go.jp/chintai/kanto/tokyo/20_4600_room.html?JKSS=000020227,<li>小田急小田原線「成城学園前」駅バス7分 徒歩2～3分 または「成城学園前」駅 徒歩21分</li><li>京王線「千歳烏山」駅バス12分 徒歩2～3分</li>
tokyo,kyodo,成城通りパークウエスト,180200,,,,,,,世田谷区上祖師谷4-2,2号棟,鉄筋コンクリート造,2,N,227号室,3DK,62,5,176400,3800,2か月,['近居割'],随時,https://www.ur-net.go.jp/chintai/kanto/tokyo/20_4600_room.html?JKSS=000020227,<li>小田急小田原線「成城学園前」駅バス7分 徒歩2～3分 または「成城学園前」駅 徒歩21分</li><li>京王線「千歳烏山」駅バス12分 徒歩2～3分</li>
tokyo,chitosekarasuyama,芦花公園,247900,京王線「芦花公園」駅,5.0,8.0,,,,世田谷区南烏山2-30,13号棟,鉄筋コンクリート造,8,N,809号室,2LDK,70,8,241600,6300,2か月,['近居割'],随時,https://www.ur-net.go.jp/chintai/kanto/tokyo/20_6710_room.html?JKSS=000130809,<li>京王線「芦花公園」駅 徒歩5～8分</li><li>京王線「千歳烏山」駅 徒歩6～9分</li>
tokyo,chitosekarasuyama,芦花公園,247900,京王線「千歳烏山」駅,6.0,9.0,,,,世田谷区南烏山2-30,13号棟,鉄筋コンクリート造,8,N,809号室,2LDK,70,8,241600,6300,2か月,['近居割'],随時,https://www.ur-net.go.jp/chintai/kanto/tokyo/20_6710_room.html?JKSS=000130809,<li>京王線「芦花公園」駅 徒歩5～8分</li><li>京王線「千歳烏山」駅 徒歩6～9分</li>
tokyo,chitosekarasuyama,芦花公園,247900,,,,,,,世田谷区南烏山2-30,13号棟,鉄筋コンクリート造,8,N,809号室,2LDK,70,8,241600,6300,2か月,['近居割'],随時,https://www.ur-net.go.jp/chintai/kanto/tokyo/20_6710_room.html?JKSS=000130809,<li>京王線「芦花公園」駅 徒歩5～8分</li><li>京王線「千歳烏山」駅 徒歩6～9分</li>
tokyo,oji,ヴァンガードタワー,274200,JR山手線ほか｢池袋｣駅,10.0,10.0,,,,豊島区東池袋3-21-21,,鉄筋コンクリート造,27,N,2709号室,1LDK,67,38,265000,9200,2か月,['近居割'],随時,https://www.ur-net.go.jp/chintai/kanto/tokyo/20_7020_room.html?JKSS=000002709,<li>JR山手線ほか｢池袋｣駅 徒歩10分</li><li>JR山手線｢大塚｣駅 徒歩11分</li><li>東京メトロ有楽町線｢東池袋｣駅 徒歩10分</li>
tokyo,oji,ヴァンガードタワー,274200,JR山手線｢大塚｣駅,11.0,11.0,,,,豊島区東池袋3-21-21,,鉄筋コンクリート造,27,N,2709号室,1LDK,67,38,265000,9200,2か月,['近居割'],随時,https://www.ur-net.go.jp/chintai/kanto/tokyo/20_7020_room.html?JKSS=000002709,<li>JR山手線ほか｢池袋｣駅 徒歩10分</li><li>JR山手線｢大塚｣駅 徒歩11分</li><li>東京メトロ有楽町線｢東池袋｣駅 徒歩10分</li>
tokyo,oji,ヴァンガードタワー,274200,東京メトロ有楽町線｢東池袋｣駅,10.0,10.0,,,,豊島区東池袋3-21-21,,鉄筋コンクリート造,27,N,2709号室,1LDK,67,38,265000,9200,2か月,['近居割'],随時,https://www.ur-net.go.jp/chintai/kanto/tokyo/20_7020_room.html?JKSS=000002709,<li>JR山手線ほか｢池袋｣駅 徒歩10分</li><li>JR山手線｢大塚｣駅 徒歩11分</li><li>東京メトロ有楽町線｢東池袋｣駅 徒歩10分</li>
tokyo,oji,ヴァンガードタワー,274200,,,,,,,豊島区東池袋3-21-21,,鉄筋コンクリート造,27,N,2709号室,1LDK,67,38,265000,9200,2か月,['近居割'],随時,https://www.ur-net.go.jp/chintai/kanto/tokyo/20_7020_room.html?JKSS=000002709,<li>JR山手線ほか｢池袋｣駅 徒歩10分</li><li>JR山手線｢大塚｣駅 徒歩11分</li><li>東京メトロ有楽町線｢東池袋｣駅 徒歩10分</li>
tokyo,oji,赤羽アボードⅡ,144000,JR埼京線ほか｢赤羽｣駅,1.0,1.0,,,,北区赤羽西1-6-1,,鉄筋コンクリート造,12,N,1203号室,1DK,40,18,139300,4700,2か月,['近居割'],随時,https://www.ur-net.go.jp/chintai/kanto/tokyo/20_5390_room.html?JKSS=000001203,<li>JR埼京線ほか｢赤羽｣駅 徒歩1分</li>
tokyo,oji,赤羽アボードⅡ,144000,,,,,,,北区赤羽西1-6-1,,鉄筋コンクリート造,12,N,1203号室,1DK,40,18,139300,4700,2か月,['近居割'],随時,https://www.ur-net.go.jp/chintai/kanto/tokyo/20_5390_room.html?JKSS=000001203,<li>JR埼京線ほか｢赤羽｣駅 徒歩1分</li>
tokyo,takashimadaira,高島平,91100,都営三田線「高島平」駅,2.0,11.0,,,,板橋区高島平2ほか,2-26-3号棟,鉄筋コンクリート造,4,N,434号室,2DK,47,14,86900,4200,2か月,"['近居割', '近居割WIDE']",随時,https://www.ur-net.go.jp/chintai/kanto/tokyo/20_2250_room.html?JKSS=226030434,<li>都営三田線「高島平」駅 徒歩2～11分</li><li>都営三田線「新高島平」駅 徒歩4～22分</li>
tokyo,takashimadaira,高島平,91100,都営三田線「新高島平」駅,4.0,22.0,,,,板橋区高島平2ほか,2-26-3号棟,鉄筋コンクリート造,4,N,434号室,2DK,47,14,86900,4200,2か月,"['近居割', '近居割WIDE']",随時,https://www.ur-net.go.jp/chintai/kanto/tokyo/20_2250_room.html?JKSS=226030434,<li>都営三田線「高島平」駅 徒歩2～11分</li><li>都営三田線「新高島平」駅 徒歩4～22分</li>
tokyo,takashimadaira,高島平,91100,,,,,,,板橋区高島平2ほか,2-26-3号棟,鉄筋コンクリート造,4,N,434号室,2DK,47,14,86900,4200,2か月,"['近居割', '近居割WIDE']",随時,https://www.ur-net.go.jp/chintai/kanto/tokyo/20_2250_room.html?JKSS=226030434,<li>都営三田線「高島平」駅 徒歩2～11分</li><li>都営三田線「新高島平」駅 徒歩4～22分</li>
tokyo,hikarigaoka,光が丘パークタウン ゆりの木通り北,150900,東京メトロ有楽町線「地下鉄赤塚」駅,6.0,9.0,,,,板橋区赤塚新町3-32,14号棟,鉄骨鉄筋コンクリート造,5,N,502号室,2LDK,61,0,144700,6200,,"['近居割', '近居割WIDE']",,https://www.ur-net.go.jp/chintai/kanto/tokyo/20_3470_room.html?JKSS=000140502,<li>東京メトロ有楽町線「地下鉄赤塚」駅 徒歩6～9分</li><li>東武東上線「下赤塚」駅 徒歩9～12分</li><li>都営大江戸線「光が丘」駅 徒歩23～25分</li>
tokyo,hikarigaoka,光が丘パークタウン ゆりの木通り北,150900,東武東上線「下赤塚」駅,9.0,12.0,,,,板橋区赤塚新町3-32,14号棟,鉄骨鉄筋コンクリート造,5,N,502号室,2LDK,61,0,144700,6200,,"['近居割', '近居割WIDE']",,https://www.ur-net.go.jp/chintai/kanto/tokyo/20_3470_room.html?JKSS=000140502,<li>東京メトロ有楽町線「地下鉄赤塚」駅 徒歩6～9分</li><li>東武東上線「下赤塚」駅 徒歩9～12分</li><li>都営大江戸線「光が丘」駅 徒歩23～25分</li>
tokyo,hikarigaoka,光が丘パークタウン ゆりの木通り北,150900,都営大江戸線「光が丘」駅,23.0,25.0,,,,板橋区赤塚新町3-32,14号棟,鉄骨鉄筋コンクリート造,5,N,502号室,2LDK,61,0,144700,6200,,"['近居割', '近居割WIDE']",,https://www.ur-net.go.jp/chintai/kanto/tokyo/20_3470_room.html?JKSS=000140502,<li>東京メトロ有楽町線「地下鉄赤塚」駅 徒歩6～9分</li><li>東武東上線「下赤塚」駅 徒歩9～12分</li><li>都営大江戸線「光が丘」駅 徒歩23～25分</li>
tokyo,hikarigaoka,光が丘パークタウン ゆりの木通り北,150900,,,,,,,板橋区赤塚新町3-32,14号棟,鉄骨鉄筋コンクリート造,5,N,502号室,2LDK,61,0,144700,6200,,"['近居割', '近居割WIDE']",,https://www.ur-net.go.jp/chintai/kanto/tokyo/20_3470_room.html?JKSS=000140502,<li>東京メトロ有楽町線「地下鉄赤塚」駅 徒歩6～9分</li><li>東武東上線「下赤塚」駅 徒歩9～12分</li><li>都営大江戸線「光が丘」駅 徒歩23～25分</li>
tokyo,hikarigaoka,アーバンライフゆりの木通り東,273500,東京メトロ有楽町線「地下鉄赤塚」駅,3.0,4.0,,,,練馬区田柄2-42、板橋区赤塚新町3-34,3-34-4号棟,鉄筋コンクリート造,4,N,404A号室,4LDK,116,5,267500,6000,2か月,"['近居割', '近居割WIDE']",随時,https://www.ur-net.go.jp/chintai/kanto/tokyo/20_4590_room.html?JKSS=33404404A,<li>東京メトロ有楽町線「地下鉄赤塚」駅 徒歩3～4分</li><li>東武東上線「下赤塚」駅 徒歩6～7分</li><li>都営大江戸線「光が丘」駅 徒歩24～25分</li>
tokyo,hikarigaoka,アーバンライフゆりの木通り東,273500,東武東上線「下赤塚」駅,6.0,7.0,,,,練馬区田柄2-42、板橋区赤塚新町3-34,3-34-4号棟,鉄筋コンクリート造,4,N,404A号室,4LDK,116,5,267500,6000,2か月,"['近居割', '近居割WIDE']",随時,https://www.ur-net.go.jp/chintai/kanto/tokyo/20_4590_room.html?JKSS=33404404A,<li>東京メトロ有楽町線「地下鉄赤塚」駅 徒歩3～4分</li><li>東武東上線「下赤塚」駅 徒歩6～7分</li><li>都営大江戸線「光が丘」駅 徒歩24～25分</li>
tokyo,hikarigaoka,アーバンライフゆりの木通り東,273500,都営大江戸線「光が丘」駅,24.0,25.0,,,,練馬区田柄2-42、板橋区赤塚新町3-34,3-34-4号棟,鉄筋コンクリート造,4,N,404A号室,4LDK,116,5,267500,6000,2か月,"['近居割', '近居割WIDE']",随時,https://www.ur-net.go.jp/chintai/kanto/tokyo/20_4590_room.html?JKSS=33404404A,<li>東京メトロ有楽町線「地下鉄赤塚」駅 徒歩3～4分</li><li>東武東上線「下赤塚」駅 徒歩6～7分</li><li>都営大江戸線「光が丘」駅 徒歩24～25分</li>
tokyo,hikarigaoka,アーバンライフゆりの木通り東,273500,,,,,,,練馬区田柄2-42、板橋区赤塚新町3-34,3-34-4号棟,鉄筋コンクリート造,4,N,404A号室,4LDK,116,5,267500,6000,2か月,"['近居割', '近居割WIDE']",随時,https://www.ur-net.go.jp/chintai/kanto/tokyo/20_4590_room.html?JKSS=33404404A,<li>東京メトロ有楽町線「地下鉄赤塚」駅 徒歩3～4分</li><li>東武東上線「下赤塚」駅 徒歩6～7分</li><li>都営大江戸線「光が丘」駅 徒歩24～25分</li>
tokyo,hachioji,館ヶ丘,51700,,,,JR中央線「高尾」駅,8.0,18.0,八王子市館町1097,1-12号棟,鉄筋コンクリート造,5,N,513号室,2DK,42,5,47200,4500,2か月,"['近居割', '近居割WIDE']",随時,https://www.ur-net.go.jp/chintai/kanto/tokyo/20_2600_room.html?JKSS=001120513,<li>JR中央線「高尾」駅バス7分 徒歩1～11分</li><li>京王高尾線「高尾」駅バス7分 徒歩1～11分</li><li>JR中央本線「高尾」駅 徒歩29～38分</li>
tokyo,hachioji,館ヶ丘,51700,,,,京王高尾線「高尾」駅,8.0,18.0,八王子市館町1097,1-12号棟,鉄筋コンクリート造,5,N,513号室,2DK,42,5,47200,4500,2か月,"['近居割', '近居割WIDE']",随時,https://www.ur-net.go.jp/chintai/kanto/tokyo/20_2600_room.html?JKSS=001120513,<li>JR中央線「高尾」駅バス7分 徒歩1～11分</li><li>京王高尾線「高尾」駅バス7分 徒歩1～11分</li><li>JR中央本線「高尾」駅 徒歩29～38分</li>
tokyo,hachioji,館ヶ丘,51700,JR中央本線「高尾」駅,29.0,38.0,,,,八王子市館町1097,1-12号棟,鉄筋コンクリート造,5,N,513号室,2DK,42,5,47200,4500,2か月,"['近居割', '近居割WIDE']",随時,https://www.ur-net.go.jp/chintai/kanto/tokyo/20_2600_room.html?JKSS=001120513,<li>JR中央線「高尾」駅バス7分 徒歩1～11分</li><li>京王高尾線「高尾」駅バス7分 徒歩1～11分</li><li>JR中央本線「高尾」駅 徒歩29～38分</li>
tokyo,hachioji,館ヶ丘,51700,,,,,,,八王子市館町1097,1-12号棟,鉄筋コンクリート造,5,N,513号室,2DK,42,5,47200,4500,2か月,"['近居割', '近居割WIDE']",随時,https://www.ur-net.go.jp/chintai/kanto/tokyo/20_2600_room.html?JKSS=001120513,<li>JR中央線「高尾」駅バス7分 徒歩1～11分</li><li>京王高尾線「高尾」駅バス7分 徒歩1～11分</li><li>JR中央本線「高尾」駅 徒歩29～38分</li>
tokyo,hachioji,館ヶ丘,51700,,,,JR中央線「高尾」駅,8.0,18.0,八王子市館町1097,1-14号棟,鉄筋コンクリート造,5,N,504号室,2DK,42,5,47200,4500,2か月,"['近居割', '近居割WIDE']",随時,https://www.ur-net.go.jp/chintai/kanto/tokyo/20_2600_room.html?JKSS=001140504,<li>JR中央線「高尾」駅バス7分 徒歩1～11分</li><li>京王高尾線「高尾」駅バス7分 徒歩1～11分</li><li>JR中央本線「高尾」駅 徒歩29～38分</li>
tokyo,hachioji,館ヶ丘,51700,,,,京王高尾線「高尾」駅,8.0,18.0,八王子市館町1097,1-14号棟,鉄筋コンクリート造,5,N,504号室,2DK,42,5,47200,4500,2か月,"['近居割', '近居割WIDE']",随時,https://www.ur-net.go.jp/chintai/kanto/tokyo/20_2600_room.html?JKSS=001140504,<li>JR中央線「高尾」駅バス7分 徒歩1～11分</li><li>京王高尾線「高尾」駅バス7分 徒歩1～11分</li><li>JR中央本線「高尾」駅 徒歩29～38分</li>
tokyo,hachioji,館ヶ丘,51700,JR中央本線「高尾」駅,29.0,38.0,,,,八王子市館町1097,1-14号棟,鉄筋コンクリート造,5,N,504号室,2DK,42,5,47200,4500,2か月,"['近居割', '近居割WIDE']",随時,https://www.ur-net.go.jp/chintai/kanto/tokyo/20_2600_room.html?JKSS=001140504,<li>JR中央線「高尾」駅バス7分 徒歩1～11分</li><li>京王高尾線「高尾」駅バス7分 徒歩1～11分</li><li>JR中央本線「高尾」駅 徒歩29～38分</li>
tokyo,hachioji,館ヶ丘,51700,,,,,,,八王子市館町1097,1-14号棟,鉄筋コンクリート造,5,N,504号室,2DK,42,5,47200,4500,2か月,"['近居割', '近居割WIDE']",随時,https://www.ur-net.go.jp/chintai/kanto/tokyo/20_2600_room.html?JKSS=001140504,<li>JR中央線「高尾」駅バス7分 徒歩1～11分</li><li>京王高尾線「高尾」駅バス7分 徒歩1～11分</li><li>JR中央本線「高尾」駅 徒歩29～38分</li>
tokyo,hachioji,館ヶ丘,55100,,,,JR中央線「高尾」駅,8.0,18.0,八王子市館町1097,1-15号棟,鉄筋コンクリート造,4,N,407号室,2DK,42,5,50600,4500,2か月,"['近居割', '近居割WIDE']",随時,https://www.ur-net.go.jp/chintai/kanto/tokyo/20_2600_room.html?JKSS=001150407,<li>JR中央線「高尾」駅バス7分 徒歩1～11分</li><li>京王高尾線「高尾」駅バス7分 徒歩1～11分</li><li>JR中央本線「高尾」駅 徒歩29～38分</li>
tokyo,hachioji,館ヶ丘,55100,,,,京王高尾線「高尾」駅,8.0,18.0,八王子市館町1097,1-15号棟,鉄筋コンクリート造,4,N,407号室,2DK,42,5,50600,4500,2か月,"['近居割', '近居割WIDE']",随時,https://www.ur-net.go.jp/chintai/kanto/tokyo/20_2600_room.html?JKSS=001150407,<li>JR中央線「高尾」駅バス7分 徒歩1～11分</li><li>京王高尾線「高尾」駅バス7分 徒歩1～11分</li><li>JR中央本線「高尾」駅 徒歩29～38分</li>
tokyo,hachioji,館ヶ丘,55100,JR中央本線「高尾」駅,29.0,38.0,,,,八王子市館町1097,1-15号棟,鉄筋コンクリート造,4,N,407号室,2DK,42,5,50600,4500,2か月,"['近居割', '近居割WIDE']",随時,https://www.ur-net.go.jp/chintai/kanto/tokyo/20_2600_room.html?JKSS=001150407,<li>JR中央線「高尾」駅バス7分 徒歩1～11分</li><li>京王高尾線「高尾」駅バス7分 徒歩1～11分</li><li>JR中央本線「高尾」駅 徒歩29～38分</li>
tokyo,hachioji,館ヶ丘,55100,,,,,,,八王子市館町1097,1-15号棟,鉄筋コンクリート造,4,N,407号室,2DK,42,5,50600,4500,2か月,"['近居割', '近居割WIDE']",随時,https://www.ur-net.go.jp/chintai/kanto/tokyo/20_2600_room.html?JKSS=001150407,<li>JR中央線「高尾」駅バス7分 徒歩1～11分</li><li>京王高尾線「高尾」駅バス7分 徒歩1～11分</li><li>JR中央本線「高尾」駅 徒歩29～38分</li>
tokyo,hachioji,館ヶ丘,55200,,,,JR中央線「高尾」駅,8.0,18.0,八王子市館町1097,1-13号棟,鉄筋コンクリート造,3,N,312号室,2DK,42,5,50700,4500,2か月,"['近居割', '近居割WIDE']",随時,https://www.ur-net.go.jp/chintai/kanto/tokyo/20_2600_room.html?JKSS=001130312,<li>JR中央線「高尾」駅バス7分 徒歩1～11分</li><li>京王高尾線「高尾」駅バス7分 徒歩1～11分</li><li>JR中央本線「高尾」駅 徒歩29～38分</li>
tokyo,hachioji,館ヶ丘,55200,,,,京王高尾線「高尾」駅,8.0,18.0,八王子市館町1097,1-13号棟,鉄筋コンクリート造,3,N,312号室,2DK,42,5,50700,4500,2か月,"['近居割', '近居割WIDE']",随時,https://www.ur-net.go.jp/chintai/kanto/tokyo/20_2600_room.html?JKSS=001130312,<li>JR中央線「高尾」駅バス7分 徒歩1～11分</li><li>京王高尾線「高尾」駅バス7分 徒歩1～11分</li><li>JR中央本線「高尾」駅 徒歩29～38分</li>
tokyo,hachioji,館ヶ丘,55200,JR中央本線「高尾」駅,29.0,38.0,,,,八王子市館町1097,1-13号棟,鉄筋コンクリート造,3,N,312号室,2DK,42,5,50700,4500,2か月,"['近居割', '近居割WIDE']",随時,https://www.ur-net.go.jp/chintai/kanto/tokyo/20_2600_room.html?JKSS=001130312,<li>JR中央線「高尾」駅バス7分 徒歩1～11分</li><li>京王高尾線「高尾」駅バス7分 徒歩1～11分</li><li>JR中央本線「高尾」駅 徒歩29～38分</li>
tokyo,hachioji,館ヶ丘,55200,,,,,,,八王子市館町1097,1-13号棟,鉄筋コンクリート造,3,N,312号室,2DK,42,5,50700,4500,2か月,"['近居割', '近居割WIDE']",随時,https://www.ur-net.go.jp/chintai/kanto/tokyo/20_2600_room.html?JKSS=001130312,<li>JR中央線「高尾」駅バス7分 徒歩1～11分</li><li>京王高尾線「高尾」駅バス7分 徒歩1～11分</li><li>JR中央本線「高尾」駅 徒歩29～38分</li>
tokyo,hachioji,館ヶ丘,55200,,,,JR中央線「高尾」駅,8.0,18.0,八王子市館町1097,1-14号棟,鉄筋コンクリート造,4,N,411号室,2DK,42,5,50700,4500,2か月,"['近居割', '近居割WIDE']",随時,https://www.ur-net.go.jp/chintai/kanto/tokyo/20_2600_room.html?JKSS=001140411,<li>JR中央線「高尾」駅バス7分 徒歩1～11分</li><li>京王高尾線「高尾」駅バス7分 徒歩1～11分</li><li>JR中央本線「高尾」駅 徒歩29～38分</li>
tokyo,hachioji,館ヶ丘,55200,,,,京王高尾線「高尾」駅,8.0,18.0,八王子市館町1097,1-14号棟,鉄筋コンクリート造,4,N,411号室,2DK,42,5,50700,4500,2か月,"['近居割', '近居割WIDE']",随時,https://www.ur-net.go.jp/chintai/kanto/tokyo/20_2600_room.html?JKSS=001140411,<li>JR中央線「高尾」駅バス7分 徒歩1～11分</li><li>京王高尾線「高尾」駅バス7分 徒歩1～11分</li><li>JR中央本線「高尾」駅 徒歩29～38分</li>
tokyo,hachioji,館ヶ丘,55200,JR中央本線「高尾」駅,29.0,38.0,,,,八王子市館町1097,1-14号棟,鉄筋コンクリート造,4,N,411号室,2DK,42,5,50700,4500,2か月,"['近居割', '近居割WIDE']",随時,https://www.ur-net.go.jp/chintai/kanto/tokyo/20_2600_room.html?JKSS=001140411,<li>JR中央線「高尾」駅バス7分 徒歩1～11分</li><li>京王高尾線「高尾」駅バス7分 徒歩1～11分</li><li>JR中央本線「高尾」駅 徒歩29～38分</li>
tokyo,hachioji,館ヶ丘,55200,,,,,,,八王子市館町1097,1-14号棟,鉄筋コンクリート造,4,N,411号室,2DK,42,5,50700,4500,2か月,"['近居割', '近居割WIDE']",随時,https://www.ur-net.go.jp/chintai/kanto/tokyo/20_2600_room.html?JKSS=001140411,<li>JR中央線「高尾」駅バス7分 徒歩1～11分</li><li>京王高尾線「高尾」駅バス7分 徒歩1～11分</li><li>JR中央本線「高尾」駅 徒歩29～38分</li>
tokyo,hachioji,グリーンヒル寺田,81900,,,,京王高尾線「めじろ台」駅,7.0,13.0,八王子市寺田町432,103号棟,鉄筋コンクリート造、鉄骨鉄筋コンクリート造,4,N,409号室,2LDK,67,8,77000,4900,2か月,"['近居割', '近居割WIDE']",随時,https://www.ur-net.go.jp/chintai/kanto/tokyo/20_3370_room.html?JKSS=001030409,<li>京王高尾線「めじろ台」駅バス6分 徒歩1～7分</li><li>JR中央線「西八王子」駅バス17分 徒歩1～7分</li><li>JR横浜線「八王子みなみ野」駅バス12分 徒歩1～7分</li>
tokyo,hachioji,グリーンヒル寺田,81900,,,,JR中央線「西八王子」駅,18.0,24.0,八王子市寺田町432,103号棟,鉄筋コンクリート造、鉄骨鉄筋コンクリート造,4,N,409号室,2LDK,67,8,77000,4900,2か月,"['近居割', '近居割WIDE']",随時,https://www.ur-net.go.jp/chintai/kanto/tokyo/20_3370_room.html?JKSS=001030409,<li>京王高尾線「めじろ台」駅バス6分 徒歩1～7分</li><li>JR中央線「西八王子」駅バス17分 徒歩1～7分</li><li>JR横浜線「八王子みなみ野」駅バス12分 徒歩1～7分</li>
tokyo,hachioji,グリーンヒル寺田,81900,,,,JR横浜線「八王子みなみ野」駅,13.0,19.0,八王子市寺田町432,103号棟,鉄筋コンクリート造、鉄骨鉄筋コンクリート造,4,N,409号室,2LDK,67,8,77000,4900,2か月,"['近居割', '近居割WIDE']",随時,https://www.ur-net.go.jp/chintai/kanto/tokyo/20_3370_room.html?JKSS=001030409,<li>京王高尾線「めじろ台」駅バス6分 徒歩1～7分</li><li>JR中央線「西八王子」駅バス17分 徒歩1～7分</li><li>JR横浜線「八王子みなみ野」駅バス12分 徒歩1～7分</li>
tokyo,hachioji,グリーンヒル寺田,81900,,,,,,,八王子市寺田町432,103号棟,鉄筋コンクリート造、鉄骨鉄筋コンクリート造,4,N,409号室,2LDK,67,8,77000,4900,2か月,"['近居割', '近居割WIDE']",随時,https://www.ur-net.go.jp/chintai/kanto/tokyo/20_3370_room.html?JKSS=001030409,<li>京王高尾線「めじろ台」駅バス6分 徒歩1～7分</li><li>JR中央線「西八王子」駅バス17分 徒歩1～7分</li><li>JR横浜線「八王子みなみ野」駅バス12分 徒歩1～7分</li>
tokyo,hachioji,八王子パークヒル 宇津木台,93300,JR八高線「小宮」駅,11.0,16.0,,,,八王子市久保山町2ほか,3号棟,鉄筋コンクリート造,5,N,506号室,3LDK,75,5,89600,3700,2か月,['近居割'],随時,https://www.ur-net.go.jp/chintai/kanto/tokyo/20_4080_room.html?JKSS=002030506,<li>JR八高線「小宮」駅 徒歩11～16分</li><li>JR中央線「日野」駅バス13分 徒歩3～5分</li><li>JR中央線「八王子」・京王線「京王八王子」駅バス22～24分 徒歩3～5分</li>
tokyo,hachioji,八王子パークヒル 宇津木台,93300,,,,JR中央線「日野」駅,16.0,18.0,八王子市久保山町2ほか,3号棟,鉄筋コンクリート造,5,N,506号室,3LDK,75,5,89600,3700,2か月,['近居割'],随時,https://www.ur-net.go.jp/chintai/kanto/tokyo/20_4080_room.html?JKSS=002030506,<li>JR八高線「小宮」駅 徒歩11～16分</li><li>JR中央線「日野」駅バス13分 徒歩3～5分</li><li>JR中央線「八王子」・京王線「京王八王子」駅バス22～24分 徒歩3～5分</li>
tokyo,hachioji,八王子パークヒル 宇津木台,93300,,,,JR中央線「八王子」・京王線「京王八王子」駅,25.0,29.0,八王子市久保山町2ほか,3号棟,鉄筋コンクリート造,5,N,506号室,3LDK,75,5,89600,3700,2か月,['近居割'],随時,https://www.ur-net.go.jp/chintai/kanto/tokyo/20_4080_room.html?JKSS=002030506,<li>JR八高線「小宮」駅 徒歩11～16分</li><li>JR中央線「日野」駅バス13分 徒歩3～5分</li><li>JR中央線「八王子」・京王線「京王八王子」駅バス22～24分 徒歩3～5分</li>
tokyo,hachioji,八王子パークヒル 宇津木台,93300,,,,,,,八王子市久保山町2ほか,3号棟,鉄筋コンクリート造,5,N,506号室,3LDK,75,5,89600,3700,2か月,['近居割'],随時,https://www.ur-net.go.jp/chintai/kanto/tokyo/20_4080_room.html?JKSS=002030506,<li>JR八高線「小宮」駅 徒歩11～16分</li><li>JR中央線「日野」駅バス13分 徒歩3～5分</li><li>JR中央線「八王子」・京王線「京王八王子」駅バス22～24分 徒歩3～5分</li>
tokyo,hachioji,八王子パークヒル 宇津木台,102500,JR八高線「小宮」駅,11.0,16.0,,,,八王子市久保山町2ほか,154号棟,鉄筋コンクリート造,7,N,711号室,2LDK,69,7,98300,4200,2か月,['近居割'],随時,https://www.ur-net.go.jp/chintai/kanto/tokyo/20_4080_room.html?JKSS=191540711,<li>JR八高線「小宮」駅 徒歩11～16分</li><li>JR中央線「日野」駅バス13分 徒歩3～5分</li><li>JR中央線「八王子」・京王線「京王八王子」駅バス22～24分 徒歩3～5分</li>
tokyo,hachioji,八王子パークヒル 宇津木台,102500,,,,JR中央線「日野」駅,16.0,18.0,八王子市久保山町2ほか,154号棟,鉄筋コンクリート造,7,N,711号室,2LDK,69,7,98300,4200,2か月,['近居割'],随時,https://www.ur-net.go.jp/chintai/kanto/tokyo/20_4080_room.html?JKSS=191540711,<li>JR八高線「小宮」駅 徒歩11～16分</li><li>JR中央線「日野」駅バス13分 徒歩3～5分</li><li>JR中央線「八王子」・京王線「京王八王子」駅バス22～24分 徒歩3～5分</li>
tokyo,hachioji,八王子パークヒル 宇津木台,102500,,,,JR中央線「八王子」・京王線「京王八王子」駅,25.0,29.0,八王子市久保山町2ほか,154号棟,鉄筋コンクリート造,7,N,711号室,2LDK,69,7,98300,4200,2か月,['近居割'],随時,https://www.ur-net.go.jp/chintai/kanto/tokyo/20_4080_room.html?JKSS=191540711,<li>JR八高線「小宮」駅 徒歩11～16分</li><li>JR中央線「日野」駅バス13分 徒歩3～5分</li><li>JR中央線「八王子」・京王線「京王八王子」駅バス22～24分 徒歩3～5分</li>
tokyo,hachioji,八王子パークヒル 宇津木台,102500,,,,,,,八王子市久保山町2ほか,154号棟,鉄筋コンクリート造,7,N,711号室,2LDK,69,7,98300,4200,2か月,['近居割'],随時,https://www.ur-net.go.jp/chintai/kanto/tokyo/20_4080_room.html?JKSS=191540711,<li>JR八高線「小宮」駅 徒歩11～16分</li><li>JR中央線「日野」駅バス13分 徒歩3～5分</li><li>JR中央線「八王子」・京王線「京王八王子」駅バス22～24分 徒歩3～5分</li>
tokyo,minamiosawa,多摩ニュータウン ライブ長池 蓮生寺公園通り二番街,102600,京王相模原線「京王堀之内」駅,10.0,12.0,,,,八王子市別所1-31,1号棟,鉄筋コンクリート造,5,N,502号室,1LDK,51,5,97300,5300,2か月,"['近居割', '近居割WIDE']",随時,https://www.ur-net.go.jp/chintai/kanto/tokyo/20_5080_room.html?JKSS=000010502,<li>京王相模原線「京王堀之内」駅 徒歩10～12分</li><li>小田急多摩線「唐木田」駅バス4分 徒歩18～19分</li><li>京王相模原線「南大沢」駅バス11分 徒歩2～3分</li>
tokyo,minamiosawa,多摩ニュータウン ライブ長池 蓮生寺公園通り二番街,102600,,,,小田急多摩線「唐木田」駅,22.0,23.0,八王子市別所1-31,1号棟,鉄筋コンクリート造,5,N,502号室,1LDK,51,5,97300,5300,2か月,"['近居割', '近居割WIDE']",随時,https://www.ur-net.go.jp/chintai/kanto/tokyo/20_5080_room.html?JKSS=000010502,<li>京王相模原線「京王堀之内」駅 徒歩10～12分</li><li>小田急多摩線「唐木田」駅バス4分 徒歩18～19分</li><li>京王相模原線「南大沢」駅バス11分 徒歩2～3分</li>
tokyo,minamiosawa,多摩ニュータウン ライブ長池 蓮生寺公園通り二番街,102600,,,,京王相模原線「南大沢」駅,13.0,14.0,八王子市別所1-31,1号棟,鉄筋コンクリート造,5,N,502号室,1LDK,51,5,97300,5300,2か月,"['近居割', '近居割WIDE']",随時,https://www.ur-net.go.jp/chintai/kanto/tokyo/20_5080_room.html?JKSS=000010502,<li>京王相模原線「京王堀之内」駅 徒歩10～12分</li><li>小田急多摩線「唐木田」駅バス4分 徒歩18～19分</li><li>京王相模原線「南大沢」駅バス11分 徒歩2～3分</li>
tokyo,minamiosawa,多摩ニュータウン ライブ長池 蓮生寺公園通り二番街,102600,,,,,,,八王子市別所1-31,1号棟,鉄筋コンクリート造,5,N,502号室,1LDK,51,5,97300,5300,2か月,"['近居割', '近居割WIDE']",随時,https://www.ur-net.go.jp/chintai/kanto/tokyo/20_5080_room.html?JKSS=000010502,<li>京王相模原線「京王堀之内」駅 徒歩10～12分</li><li>小田急多摩線「唐木田」駅バス4分 徒歩18～19分</li><li>京王相模原線「南大沢」駅バス11分 徒歩2～3分</li>
tokyo,minamiosawa,多摩ニュータウン 南大沢学園二番街,104690,京王相模原線「南大沢」駅,11.0,14.0,,,,八王子市上柚木3-5,4号棟,鉄筋コンクリート造,5,N,509号室,1LDK,54,10,100200,4490,2か月,"['近居割', '近居割WIDE']",随時,https://www.ur-net.go.jp/chintai/kanto/tokyo/20_5070_room.html?JKSS=000040509,<li>京王相模原線「南大沢」駅 徒歩11～14分</li><li>京王線「聖蹟桜ヶ丘」駅バス28分 徒歩5～7分</li><li>京王相模原線「多摩境」駅 徒歩27～30分</li>
tokyo,minamiosawa,多摩ニュータウン 南大沢学園二番街,104690,,,,京王線「聖蹟桜ヶ丘」駅,33.0,35.0,八王子市上柚木3-5,4号棟,鉄筋コンクリート造,5,N,509号室,1LDK,54,10,100200,4490,2か月,"['近居割', '近居割WIDE']",随時,https://www.ur-net.go.jp/chintai/kanto/tokyo/20_5070_room.html?JKSS=000040509,<li>京王相模原線「南大沢」駅 徒歩11～14分</li><li>京王線「聖蹟桜ヶ丘」駅バス28分 徒歩5～7分</li><li>京王相模原線「多摩境」駅 徒歩27～30分</li>
tokyo,minamiosawa,多摩ニュータウン 南大沢学園二番街,104690,京王相模原線「多摩境」駅,27.0,30.0,,,,八王子市上柚木3-5,4号棟,鉄筋コンクリート造,5,N,509号室,1LDK,54,10,100200,4490,2か月,"['近居割', '近居割WIDE']",随時,https://www.ur-net.go.jp/chintai/kanto/tokyo/20_5070_room.html?JKSS=000040509,<li>京王相模原線「南大沢」駅 徒歩11～14分</li><li>京王線「聖蹟桜ヶ丘」駅バス28分 徒歩5～7分</li><li>京王相模原線「多摩境」駅 徒歩27～30分</li>
tokyo,minamiosawa,多摩ニュータウン 南大沢学園二番街,104690,,,,,,,八王子市上柚木3-5,4号棟,鉄筋コンクリート造,5,N,509号室,1LDK,54,10,100200,4490,2か月,"['近居割', '近居割WIDE']",随時,https://www.ur-net.go.jp/chintai/kanto/tokyo/20_5070_room.html?JKSS=000040509,<li>京王相模原線「南大沢」駅 徒歩11～14分</li><li>京王線「聖蹟桜ヶ丘」駅バス28分 徒歩5～7分</li><li>京王相模原線「多摩境」駅 徒歩27～30分</li>
tokyo,minamiosawa,多摩ニュータウン 南大沢学園二番街,117300,京王相模原線「南大沢」駅,11.0,14.0,,,,八王子市上柚木3-5,6号棟,鉄筋コンクリート造,3,N,303号室,2LDK,75,4,112900,4400,2か月,"['近居割', '近居割WIDE']",随時,https://www.ur-net.go.jp/chintai/kanto/tokyo/20_5070_room.html?JKSS=000060303,<li>京王相模原線「南大沢」駅 徒歩11～14分</li><li>京王線「聖蹟桜ヶ丘」駅バス28分 徒歩5～7分</li><li>京王相模原線「多摩境」駅 徒歩27～30分</li>
tokyo,minamiosawa,多摩ニュータウン 南大沢学園二番街,117300,,,,京王線「聖蹟桜ヶ丘」駅,33.0,35.0,八王子市上柚木3-5,6号棟,鉄筋コンクリート造,3,N,303号室,2LDK,75,4,112900,4400,2か月,"['近居割', '近居割WIDE']",随時,https://www.ur-net.go.jp/chintai/kanto/tokyo/20_5070_room.html?JKSS=000060303,<li>京王相模原線「南大沢」駅 徒歩11～14分</li><li>京王線「聖蹟桜ヶ丘」駅バス28分 徒歩5～7分</li><li>京王相模原線「多摩境」駅 徒歩27～30分</li>
tokyo,minamiosawa,多摩ニュータウン 南大沢学園二番街,117300,京王相模原線「多摩境」駅,27.0,30.0,,,,八王子市上柚木3-5,6号棟,鉄筋コンクリート造,3,N,303号室,2LDK,75,4,112900,4400,2か月,"['近居割', '近居割WIDE']",随時,https://www.ur-net.go.jp/chintai/kanto/tokyo/20_5070_room.html?JKSS=000060303,<li>京王相模原線「南大沢」駅 徒歩11～14分</li><li>京王線「聖蹟桜ヶ丘」駅バス28分 徒歩5～7分</li><li>京王相模原線「多摩境」駅 徒歩27～30分</li>
tokyo,minamiosawa,多摩ニュータウン 南大沢学園二番街,117300,,,,,,,八王子市上柚木3-5,6号棟,鉄筋コンクリート造,3,N,303号室,2LDK,75,4,112900,4400,2か月,"['近居割', '近居割WIDE']",随時,https://www.ur-net.go.jp/chintai/kanto/tokyo/20_5070_room.html?JKSS=000060303,<li>京王相模原線「南大沢」駅 徒歩11～14分</li><li>京王線「聖蹟桜ヶ丘」駅バス28分 徒歩5～7分</li><li>京王相模原線「多摩境」駅 徒歩27～30分</li>
tokyo,minamiosawa,多摩ニュータウン 南大沢絹の道一番街,113400,京王相模原線「南大沢」駅,21.0,26.0,京王相模原線「南大沢」駅,11.0,16.0,八王子市鑓水2-81,3号棟,鉄筋コンクリート造,7,N,702号室,2LDK,67,11,106400,7000,2か月,"['近居割', '近居割WIDE']",随時,https://www.ur-net.go.jp/chintai/kanto/tokyo/20_5800_room.html?JKSS=000030702,<li>京王相模原線「南大沢」駅 徒歩21～26分 またはバス8分 徒歩3～8分</li><li>京王相模原線「多摩境」駅 徒歩25～29分</li>
tokyo,minamiosawa,多摩ニュータウン 南大沢絹の道一番街,113400,京王相模原線「多摩境」駅,25.0,29.0,,,,八王子市鑓水2-81,3号棟,鉄筋コンクリート造,7,N,702号室,2LDK,67,11,106400,7000,2か月,"['近居割', '近居割WIDE']",随時,https://www.ur-net.go.jp/chintai/kanto/tokyo/20_5800_room.html?JKSS=000030702,<li>京王相模原線「南大沢」駅 徒歩21～26分 またはバス8分 徒歩3～8分</li><li>京王相模原線「多摩境」駅 徒歩25～29分</li>
tokyo,minamiosawa,多摩ニュータウン 南大沢絹の道一番街,113400,,,,,,,八王子市鑓水2-81,3号棟,鉄筋コンクリート造,7,N,702号室,2LDK,67,11,106400,7000,2か月,"['近居割', '近居割WIDE']",随時,https://www.ur-net.go.jp/chintai/kanto/tokyo/20_5800_room.html?JKSS=000030702,<li>京王相模原線「南大沢」駅 徒歩21～26分 またはバス8分 徒歩3～8分</li><li>京王相模原線「多摩境」駅 徒歩25～29分</li>
tokyo,minamiosawa,多摩ニュータウン 南大沢絹の道一番街,114300,京王相模原線「南大沢」駅,21.0,26.0,京王相模原線「南大沢」駅,11.0,16.0,八王子市鑓水2-81,4号棟,鉄筋コンクリート造,6,N,602号室,2LDK,67,11,107300,7000,2か月,"['近居割', '近居割WIDE']",随時,https://www.ur-net.go.jp/chintai/kanto/tokyo/20_5800_room.html?JKSS=000040602,<li>京王相模原線「南大沢」駅 徒歩21～26分 またはバス8分 徒歩3～8分</li><li>京王相模原線「多摩境」駅 徒歩25～29分</li>
tokyo,minamiosawa,多摩ニュータウン 南大沢絹の道一番街,114300,京王相模原線「多摩境」駅,25.0,29.0,,,,八王子市鑓水2-81,4号棟,鉄筋コンクリート造,6,N,602号室,2LDK,67,11,107300,7000,2か月,"['近居割', '近居割WIDE']",随時,https://www.ur-net.go.jp/chintai/kanto/tokyo/20_5800_room.html?JKSS=000040602,<li>京王相模原線「南大沢」駅 徒歩21～26分 またはバス8分 徒歩3～8分</li><li>京王相模原線「多摩境」駅 徒歩25～29分</li>
tokyo,minamiosawa,多摩ニュータウン 南大沢絹の道一番街,114300,,,,,,,八王子市鑓水2-81,4号棟,鉄筋コンクリート造,6,N,602号室,2LDK,67,11,107300,7000,2か月,"['近居割', '近居割WIDE']",随時,https://www.ur-net.go.jp/chintai/kanto/tokyo/20_5800_room.html?JKSS=000040602,<li>京王相模原線「南大沢」駅 徒歩21～26分 またはバス8分 徒歩3～8分</li><li>京王相模原線「多摩境」駅 徒歩25～29分</li>
tokyo,minamiosawa,多摩ニュータウン 南大沢絹の道一番街,129300,京王相模原線「南大沢」駅,21.0,26.0,京王相模原線「南大沢」駅,11.0,16.0,八王子市鑓水2-81,1号棟,鉄筋コンクリート造,8,N,801号室,3LDK,79,11,122300,7000,2か月,"['近居割', '近居割WIDE']",随時,https://www.ur-net.go.jp/chintai/kanto/tokyo/20_5800_room.html?JKSS=000010801,<li>京王相模原線「南大沢」駅 徒歩21～26分 またはバス8分 徒歩3～8分</li><li>京王相模原線「多摩境」駅 徒歩25～29分</li>
tokyo,minamiosawa,多摩ニュータウン 南大沢絹の道一番街,129300,京王相模原線「多摩境」駅,25.0,29.0,,,,八王子市鑓水2-81,1号棟,鉄筋コンクリート造,8,N,801号室,3LDK,79,11,122300,7000,2か月,"['近居割', '近居割WIDE']",随時,https://www.ur-net.go.jp/chintai/kanto/tokyo/20_5800_room.html?JKSS=000010801,<li>京王相模原線「南大沢」駅 徒歩21～26分 またはバス8分 徒歩3～8分</li><li>京王相模原線「多摩境」駅 徒歩25～29分</li>
tokyo,minamiosawa,多摩ニュータウン 南大沢絹の道一番街,129300,,,,,,,八王子市鑓水2-81,1号棟,鉄筋コンクリート造,8,N,801号室,3LDK,79,11,122300,7000,2か月,"['近居割', '近居割WIDE']",随時,https://www.ur-net.go.jp/chintai/kanto/tokyo/20_5800_room.html?JKSS=000010801,<li>京王相模原線「南大沢」駅 徒歩21～26分 またはバス8分 徒歩3～8分</li><li>京王相模原線「多摩境」駅 徒歩25～29分</li>
tokyo,minamiosawa,多摩ニュータウン 南大沢絹の道一番街,131100,京王相模原線「南大沢」駅,21.0,26.0,京王相模原線「南大沢」駅,11.0,16.0,八王子市鑓水2-81,3号棟,鉄筋コンクリート造,6,N,601号室,3LDK,78,11,124100,7000,2か月,"['近居割', '近居割WIDE']",随時,https://www.ur-net.go.jp/chintai/kanto/tokyo/20_5800_room.html?JKSS=000030601,<li>京王相模原線「南大沢」駅 徒歩21～26分 またはバス8分 徒歩3～8分</li><li>京王相模原線「多摩境」駅 徒歩25～29分</li>
tokyo,minamiosawa,多摩ニュータウン 南大沢絹の道一番街,131100,京王相模原線「多摩境」駅,25.0,29.0,,,,八王子市鑓水2-81,3号棟,鉄筋コンクリート造,6,N,601号室,3LDK,78,11,124100,7000,2か月,"['近居割', '近居割WIDE']",随時,https://www.ur-net.go.jp/chintai/kanto/tokyo/20_5800_room.html?JKSS=000030601,<li>京王相模原線「南大沢」駅 徒歩21～26分 またはバス8分 徒歩3～8分</li><li>京王相模原線「多摩境」駅 徒歩25～29分</li>
tokyo,minamiosawa,多摩ニュータウン 南大沢絹の道一番街,131100,,,,,,,八王子市鑓水2-81,3号棟,鉄筋コンクリート造,6,N,601号室,3LDK,78,11,124100,7000,2か月,"['近居割', '近居割WIDE']",随時,https://www.ur-net.go.jp/chintai/kanto/tokyo/20_5800_room.html?JKSS=000030601,<li>京王相模原線「南大沢」駅 徒歩21～26分 またはバス8分 徒歩3～8分</li><li>京王相模原線「多摩境」駅 徒歩25～29分</li>
tokyo,minamiosawa,多摩ニュータウン 南大沢絹の道一番街,158900,京王相模原線「南大沢」駅,21.0,26.0,京王相模原線「南大沢」駅,11.0,16.0,八王子市鑓水2-81,5号棟,鉄筋コンクリート造,2,N,202号室,3LDK,91,2,151900,7000,2か月,"['近居割', '近居割WIDE']",随時,https://www.ur-net.go.jp/chintai/kanto/tokyo/20_5800_room.html?JKSS=000050202,<li>京王相模原線「南大沢」駅 徒歩21～26分 またはバス8分 徒歩3～8分</li><li>京王相模原線「多摩境」駅 徒歩25～29分</li>
tokyo,minamiosawa,多摩ニュータウン 南大沢絹の道一番街,158900,京王相模原線「多摩境」駅,25.0,29.0,,,,八王子市鑓水2-81,5号棟,鉄筋コンクリート造,2,N,202号室,3LDK,91,2,151900,7000,2か月,"['近居割', '近居割WIDE']",随時,https://www.ur-net.go.jp/chintai/kanto/tokyo/20_5800_room.html?JKSS=000050202,<li>京王相模原線「南大沢」駅 徒歩21～26分 またはバス8分 徒歩3～8分</li><li>京王相模原線「多摩境」駅 徒歩25～29分</li>
tokyo,minamiosawa,多摩ニュータウン 南大沢絹の道一番街,158900,,,,,,,八王子市鑓水2-81,5号棟,鉄筋コンクリート造,2,N,202号室,3LDK,91,2,151900,7000,2か月,"['近居割', '近居割WIDE']",随時,https://www.ur-net.go.jp/chintai/kanto/tokyo/20_5800_room.html?JKSS=000050202,<li>京王相模原線「南大沢」駅 徒歩21～26分 またはバス8分 徒歩3～8分</li><li>京王相模原線「多摩境」駅 徒歩25～29分</li>
tokyo,hachioji,八王子みなみ野シティ ヴェルディールみなみ野西,112800,JR横浜線「八王子みなみ野」駅,10.0,10.0,,,,八王子市みなみ野1-11,4号棟,鉄筋コンクリート造,4,N,409号室,3DK,62,5,109600,3200,2か月,['近居割'],随時,https://www.ur-net.go.jp/chintai/kanto/tokyo/20_5640_room.html?JKSS=000040409,<li>JR横浜線「八王子みなみ野」駅 徒歩10分</li>
tokyo,hachioji,八王子みなみ野シティ ヴェルディールみなみ野西,112800,,,,,,,八王子市みなみ野1-11,4号棟,鉄筋コンクリート造,4,N,409号室,3DK,62,5,109600,3200,2か月,['近居割'],随時,https://www.ur-net.go.jp/chintai/kanto/tokyo/20_5640_room.html?JKSS=000040409,<li>JR横浜線「八王子みなみ野」駅 徒歩10分</li>
tokyo,hachioji,八王子みなみ野シティ ヴェルディールみなみ野西,113800,JR横浜線「八王子みなみ野」駅,10.0,10.0,,,,八王子市みなみ野1-11,4号棟,鉄筋コンクリート造,2,N,212号室,3DK,62,5,110600,3200,2か月,['近居割'],随時,https://www.ur-net.go.jp/chintai/kanto/tokyo/20_5640_room.html?JKSS=000040212,<li>JR横浜線「八王子みなみ野」駅 徒歩10分</li>
tokyo,hachioji,八王子みなみ野シティ ヴェルディールみなみ野西,113800,,,,,,,八王子市みなみ野1-11,4号棟,鉄筋コンクリート造,2,N,212号室,3DK,62,5,110600,3200,2か月,['近居割'],随時,https://www.ur-net.go.jp/chintai/kanto/tokyo/20_5640_room.html?JKSS=000040212,<li>JR横浜線「八王子みなみ野」駅 徒歩10分</li>
tokyo,minamiosawa,多摩ニュータウン ライブ長池 長池公園せせらぎ通り南,116700,京王相模原線「京王堀之内」駅,20.0,21.0,京王相模原線「京王堀之内」駅,9.0,10.0,八王子市別所2-46,2号棟,鉄筋コンクリート造,7,N,703号室,3LDK,88,9,111900,4800,2か月,"['近居割', '近居割WIDE']",随時,https://www.ur-net.go.jp/chintai/kanto/tokyo/20_5100_room.html?JKSS=000020703,<li>京王相模原線「京王堀之内」駅 徒歩20～21分 または バス4分 徒歩5～6分</li><li>京王相模原線「南大沢」駅バス8分 徒歩7～10分</li>
tokyo,minamiosawa,多摩ニュータウン ライブ長池 長池公園せせらぎ通り南,116700,,,,京王相模原線「南大沢」駅,15.0,18.0,八王子市別所2-46,2号棟,鉄筋コンクリート造,7,N,703号室,3LDK,88,9,111900,4800,2か月,"['近居割', '近居割WIDE']",随時,https://www.ur-net.go.jp/chintai/kanto/tokyo/20_5100_room.html?JKSS=000020703,<li>京王相模原線「京王堀之内」駅 徒歩20～21分 または バス4分 徒歩5～6分</li><li>京王相模原線「南大沢」駅バス8分 徒歩7～10分</li>
tokyo,minamiosawa,多摩ニュータウン ライブ長池 長池公園せせらぎ通り南,116700,,,,,,,八王子市別所2-46,2号棟,鉄筋コンクリート造,7,N,703号室,3LDK,88,9,111900,4800,2か月,"['近居割', '近居割WIDE']",随時,https://www.ur-net.go.jp/chintai/kanto/tokyo/20_5100_room.html?JKSS=000020703,<li>京王相模原線「京王堀之内」駅 徒歩20～21分 または バス4分 徒歩5～6分</li><li>京王相模原線「南大沢」駅バス8分 徒歩7～10分</li>
tokyo,hachioji,トワコート西八王子,131900,JR中央線「西八王子」駅,11.0,12.0,,,,八王子市台町3-21,3号棟,鉄筋コンクリート造,5,N,501号室,4LDK,94,5,128300,3600,2か月,['近居割'],随時,https://www.ur-net.go.jp/chintai/kanto/tokyo/20_4930_room.html?JKSS=000030501,<li>JR中央線「西八王子」駅 徒歩11～12分</li><li>京王高尾線「山田」駅 徒歩22～23分</li><li>京王高尾線「めじろ台」駅 徒歩26～27分</li>
tokyo,hachioji,トワコート西八王子,131900,京王高尾線「山田」駅,22.0,23.0,,,,八王子市台町3-21,3号棟,鉄筋コンクリート造,5,N,501号室,4LDK,94,5,128300,3600,2か月,['近居割'],随時,https://www.ur-net.go.jp/chintai/kanto/tokyo/20_4930_room.html?JKSS=000030501,<li>JR中央線「西八王子」駅 徒歩11～12分</li><li>京王高尾線「山田」駅 徒歩22～23分</li><li>京王高尾線「めじろ台」駅 徒歩26～27分</li>
tokyo,hachioji,トワコート西八王子,131900,京王高尾線「めじろ台」駅,26.0,27.0,,,,八王子市台町3-21,3号棟,鉄筋コンクリート造,5,N,501号室,4LDK,94,5,128300,3600,2か月,['近居割'],随時,https://www.ur-net.go.jp/chintai/kanto/tokyo/20_4930_room.html?JKSS=000030501,<li>JR中央線「西八王子」駅 徒歩11～12分</li><li>京王高尾線「山田」駅 徒歩22～23分</li><li>京王高尾線「めじろ台」駅 徒歩26～27分</li>
tokyo,hachioji,トワコート西八王子,131900,,,,,,,八王子市台町3-21,3号棟,鉄筋コンクリート造,5,N,501号室,4LDK,94,5,128300,3600,2か月,['近居割'],随時,https://www.ur-net.go.jp/chintai/kanto/tokyo/20_4930_room.html?JKSS=000030501,<li>JR中央線「西八王子」駅 徒歩11～12分</li><li>京王高尾線「山田」駅 徒歩22～23分</li><li>京王高尾線「めじろ台」駅 徒歩26～27分</li>
tokyo,minamiosawa,多摩ニュータウン グランピア南大沢,147700,京王相模原線「南大沢」駅,18.0,23.0,京王相模原線「南大沢」駅,10.0,14.0,八王子市上柚木2-63,3号棟,鉄筋コンクリート造,1,N,107号室,4LDK,114,11,141000,6700,2か月,"['近居割', '近居割WIDE']",随時,https://www.ur-net.go.jp/chintai/kanto/tokyo/20_6250_room.html?JKSS=000030107,<li>京王相模原線「南大沢」駅 徒歩18～23分</li><li>京王相模原線「南大沢」駅バス8分 徒歩2～6分</li><li>京王線「北野」駅バス23分 徒歩4～8分</li>
tokyo,minamiosawa,多摩ニュータウン グランピア南大沢,147700,,,,京王線「北野」駅,27.0,31.0,八王子市上柚木2-63,3号棟,鉄筋コンクリート造,1,N,107号室,4LDK,114,11,141000,6700,2か月,"['近居割', '近居割WIDE']",随時,https://www.ur-net.go.jp/chintai/kanto/tokyo/20_6250_room.html?JKSS=000030107,<li>京王相模原線「南大沢」駅 徒歩18～23分</li><li>京王相模原線「南大沢」駅バス8分 徒歩2～6分</li><li>京王線「北野」駅バス23分 徒歩4～8分</li>
tokyo,minamiosawa,多摩ニュータウン グランピア南大沢,147700,,,,,,,八王子市上柚木2-63,3号棟,鉄筋コンクリート造,1,N,107号室,4LDK,114,11,141000,6700,2か月,"['近居割', '近居割WIDE']",随時,https://www.ur-net.go.jp/chintai/kanto/tokyo/20_6250_room.html?JKSS=000030107,<li>京王相模原線「南大沢」駅 徒歩18～23分</li><li>京王相模原線「南大沢」駅バス8分 徒歩2～6分</li><li>京王線「北野」駅バス23分 徒歩4～8分</li>
tokyo,minamiosawa,多摩ニュータウン シティハイツ南大沢,160300,京王相模原線「南大沢」駅,7.0,9.0,,,,八王子市南大沢4-10,10号棟,鉄筋コンクリート造,4,N,408号室,3LDK,97,10,155400,4900,2か月,"['近居割', '近居割WIDE']",随時,https://www.ur-net.go.jp/chintai/kanto/tokyo/20_3770_room.html?JKSS=000100408,<li>京王相模原線「南大沢」駅 徒歩7～9分</li><li>京王相模原線「多摩境」駅 徒歩24～26分</li><li>京王相模原線「京王堀之内」駅 徒歩40～42分</li>
tokyo,minamiosawa,多摩ニュータウン シティハイツ南大沢,160300,京王相模原線「多摩境」駅,24.0,26.0,,,,八王子市南大沢4-10,10号棟,鉄筋コンクリート造,4,N,408号室,3LDK,97,10,155400,4900,2か月,"['近居割', '近居割WIDE']",随時,https://www.ur-net.go.jp/chintai/kanto/tokyo/20_3770_room.html?JKSS=000100408,<li>京王相模原線「南大沢」駅 徒歩7～9分</li><li>京王相模原線「多摩境」駅 徒歩24～26分</li><li>京王相模原線「京王堀之内」駅 徒歩40～42分</li>
tokyo,minamiosawa,多摩ニュータウン シティハイツ南大沢,160300,京王相模原線「京王堀之内」駅,40.0,42.0,,,,八王子市南大沢4-10,10号棟,鉄筋コンクリート造,4,N,408号室,3LDK,97,10,155400,4900,2か月,"['近居割', '近居割WIDE']",随時,https://www.ur-net.go.jp/chintai/kanto/tokyo/20_3770_room.html?JKSS=000100408,<li>京王相模原線「南大沢」駅 徒歩7～9分</li><li>京王相模原線「多摩境」駅 徒歩24～26分</li><li>京王相模原線「京王堀之内」駅 徒歩40～42分</li>
tokyo,minamiosawa,多摩ニュータウン シティハイツ南大沢,160300,,,,,,,八王子市南大沢4-10,10号棟,鉄筋コンクリート造,4,N,408号室,3LDK,97,10,155400,4900,2か月,"['近居割', '近居割WIDE']",随時,https://www.ur-net.go.jp/chintai/kanto/tokyo/20_3770_room.html?JKSS=000100408,<li>京王相模原線「南大沢」駅 徒歩7～9分</li><li>京王相模原線「多摩境」駅 徒歩24～26分</li><li>京王相模原線「京王堀之内」駅 徒歩40～42分</li>
tokyo,kumegawa,グリーンタウン美住一番街,121650,西武新宿線「久米川」駅,12.0,16.0,,,,東村山市美住町1-4-1,15号棟,鉄筋コンクリート造,7,N,704号室,3LDK,66,8,117400,4250,2か月,"['近居割', '近居割WIDE']",随時,https://www.ur-net.go.jp/chintai/kanto/tokyo/20_5050_room.html?JKSS=000150704,<li>西武新宿線「久米川」駅 徒歩12～16分</li><li>西武多摩湖線「八坂」駅 徒歩9～14分</li><li>西武新宿線「東村山」駅 徒歩19～25分</li>
tokyo,kumegawa,グリーンタウン美住一番街,121650,西武多摩湖線「八坂」駅,9.0,14.0,,,,東村山市美住町1-4-1,15号棟,鉄筋コンクリート造,7,N,704号室,3LDK,66,8,117400,4250,2か月,"['近居割', '近居割WIDE']",随時,https://www.ur-net.go.jp/chintai/kanto/tokyo/20_5050_room.html?JKSS=000150704,<li>西武新宿線「久米川」駅 徒歩12～16分</li><li>西武多摩湖線「八坂」駅 徒歩9～14分</li><li>西武新宿線「東村山」駅 徒歩19～25分</li>
tokyo,kumegawa,グリーンタウン美住一番街,121650,西武新宿線「東村山」駅,19.0,25.0,,,,東村山市美住町1-4-1,15号棟,鉄筋コンクリート造,7,N,704号室,3LDK,66,8,117400,4250,2か月,"['近居割', '近居割WIDE']",随時,https://www.ur-net.go.jp/chintai/kanto/tokyo/20_5050_room.html?JKSS=000150704,<li>西武新宿線「久米川」駅 徒歩12～16分</li><li>西武多摩湖線「八坂」駅 徒歩9～14分</li><li>西武新宿線「東村山」駅 徒歩19～25分</li>
tokyo,kumegawa,グリーンタウン美住一番街,121650,,,,,,,東村山市美住町1-4-1,15号棟,鉄筋コンクリート造,7,N,704号室,3LDK,66,8,117400,4250,2か月,"['近居割', '近居割WIDE']",随時,https://www.ur-net.go.jp/chintai/kanto/tokyo/20_5050_room.html?JKSS=000150704,<li>西武新宿線「久米川」駅 徒歩12～16分</li><li>西武多摩湖線「八坂」駅 徒歩9～14分</li><li>西武新宿線「東村山」駅 徒歩19～25分</li>
tokyo,kumegawa,富士見台,124300,西武多摩湖線「八坂」駅,13.0,16.0,,,,東村山市富士見町1-2-54ほか,7号棟,鉄筋コンクリート造,4,N,402号室,4LDK,86,4,122500,1800,2か月,['近居割'],随時,https://www.ur-net.go.jp/chintai/kanto/tokyo/20_3850_room.html?JKSS=000070402,<li>西武多摩湖線「八坂」駅 徒歩13～16分</li><li>西武拝島線「小川」駅 徒歩15～19分</li><li>西武新宿線「久米川」駅バス5分 徒歩1～3分</li>
tokyo,kumegawa,富士見台,124300,西武拝島線「小川」駅,15.0,19.0,,,,東村山市富士見町1-2-54ほか,7号棟,鉄筋コンクリート造,4,N,402号室,4LDK,86,4,122500,1800,2か月,['近居割'],随時,https://www.ur-net.go.jp/chintai/kanto/tokyo/20_3850_room.html?JKSS=000070402,<li>西武多摩湖線「八坂」駅 徒歩13～16分</li><li>西武拝島線「小川」駅 徒歩15～19分</li><li>西武新宿線「久米川」駅バス5分 徒歩1～3分</li>
tokyo,kumegawa,富士見台,124300,,,,西武新宿線「久米川」駅,6.0,8.0,東村山市富士見町1-2-54ほか,7号棟,鉄筋コンクリート造,4,N,402号室,4LDK,86,4,122500,1800,2か月,['近居割'],随時,https://www.ur-net.go.jp/chintai/kanto/tokyo/20_3850_room.html?JKSS=000070402,<li>西武多摩湖線「八坂」駅 徒歩13～16分</li><li>西武拝島線「小川」駅 徒歩15～19分</li><li>西武新宿線「久米川」駅バス5分 徒歩1～3分</li>
tokyo,kumegawa,富士見台,124300,,,,,,,東村山市富士見町1-2-54ほか,7号棟,鉄筋コンクリート造,4,N,402号室,4LDK,86,4,122500,1800,2か月,['近居割'],随時,https://www.ur-net.go.jp/chintai/kanto/tokyo/20_3850_room.html?JKSS=000070402,<li>西武多摩湖線「八坂」駅 徒歩13～16分</li><li>西武拝島線「小川」駅 徒歩15～19分</li><li>西武新宿線「久米川」駅バス5分 徒歩1～3分</li>
tokyo,tachikawa,いちょう並木国立,154300,JR中央線「立川」駅,19.0,21.0,JR中央線「立川」駅,12.0,14.0,国立市北3-35-1ほか,5号棟,鉄筋コンクリート造,5,N,506号室,2LDK,67,6,148700,5600,2か月,['近居割'],随時,https://www.ur-net.go.jp/chintai/kanto/tokyo/20_5770_room.html?JKSS=000050506,<li>JR中央線「立川」駅 徒歩19～21分 またはバス10分 徒歩2～4分</li><li>JR南武線「西国立」駅 徒歩12～16分</li><li>多摩都市モノレール「立川北」駅 徒歩21～22分</li>
tokyo,tachikawa,いちょう並木国立,154300,JR南武線「西国立」駅,12.0,16.0,,,,国立市北3-35-1ほか,5号棟,鉄筋コンクリート造,5,N,506号室,2LDK,67,6,148700,5600,2か月,['近居割'],随時,https://www.ur-net.go.jp/chintai/kanto/tokyo/20_5770_room.html?JKSS=000050506,<li>JR中央線「立川」駅 徒歩19～21分 またはバス10分 徒歩2～4分</li><li>JR南武線「西国立」駅 徒歩12～16分</li><li>多摩都市モノレール「立川北」駅 徒歩21～22分</li>
tokyo,tachikawa,いちょう並木国立,154300,多摩都市モノレール「立川北」駅,21.0,22.0,,,,国立市北3-35-1ほか,5号棟,鉄筋コンクリート造,5,N,506号室,2LDK,67,6,148700,5600,2か月,['近居割'],随時,https://www.ur-net.go.jp/chintai/kanto/tokyo/20_5770_room.html?JKSS=000050506,<li>JR中央線「立川」駅 徒歩19～21分 またはバス10分 徒歩2～4分</li><li>JR南武線「西国立」駅 徒歩12～16分</li><li>多摩都市モノレール「立川北」駅 徒歩21～22分</li>
tokyo,tachikawa,いちょう並木国立,154300,,,,,,,国立市北3-35-1ほか,5号棟,鉄筋コンクリート造,5,N,506号室,2LDK,67,6,148700,5600,2か月,['近居割'],随時,https://www.ur-net.go.jp/chintai/kanto/tokyo/20_5770_room.html?JKSS=000050506,<li>JR中央線「立川」駅 徒歩19～21分 またはバス10分 徒歩2～4分</li><li>JR南武線「西国立」駅 徒歩12～16分</li><li>多摩都市モノレール「立川北」駅 徒歩21～22分</li>
tokyo,nagayama,百草,67750,京王線「高幡不動」駅,19.0,32.0,京王線「高幡不動」駅,8.0,16.0,多摩市和田1261、日野市百草999,26号棟,鉄筋コンクリート造,5,N,515号室,2LDK,56,5,63000,4750,2か月,"['近居割', '近居割WIDE']",随時,https://www.ur-net.go.jp/chintai/kanto/tokyo/20_1870_room.html?JKSS=000260515,<li>京王線「高幡不動」駅 徒歩19～32分 またはバス7～8分 徒歩1～8分</li><li>京王線「聖蹟桜ヶ丘」駅バス14～15分 徒歩1～8分</li><li>京王相模原線「京王多摩センター」駅バス9分 徒歩2～13分</li>
tokyo,nagayama,百草,67750,,,,京王線「聖蹟桜ヶ丘」駅,15.0,23.0,多摩市和田1261、日野市百草999,26号棟,鉄筋コンクリート造,5,N,515号室,2LDK,56,5,63000,4750,2か月,"['近居割', '近居割WIDE']",随時,https://www.ur-net.go.jp/chintai/kanto/tokyo/20_1870_room.html?JKSS=000260515,<li>京王線「高幡不動」駅 徒歩19～32分 またはバス7～8分 徒歩1～8分</li><li>京王線「聖蹟桜ヶ丘」駅バス14～15分 徒歩1～8分</li><li>京王相模原線「京王多摩センター」駅バス9分 徒歩2～13分</li>
tokyo,nagayama,百草,67750,,,,京王相模原線「京王多摩センター」駅,11.0,22.0,多摩市和田1261、日野市百草999,26号棟,鉄筋コンクリート造,5,N,515号室,2LDK,56,5,63000,4750,2か月,"['近居割', '近居割WIDE']",随時,https://www.ur-net.go.jp/chintai/kanto/tokyo/20_1870_room.html?JKSS=000260515,<li>京王線「高幡不動」駅 徒歩19～32分 またはバス7～8分 徒歩1～8分</li><li>京王線「聖蹟桜ヶ丘」駅バス14～15分 徒歩1～8分</li><li>京王相模原線「京王多摩センター」駅バス9分 徒歩2～13分</li>
tokyo,nagayama,百草,67750,,,,,,,多摩市和田1261、日野市百草999,26号棟,鉄筋コンクリート造,5,N,515号室,2LDK,56,5,63000,4750,2か月,"['近居割', '近居割WIDE']",随時,https://www.ur-net.go.jp/chintai/kanto/tokyo/20_1870_room.html?JKSS=000260515,<li>京王線「高幡不動」駅 徒歩19～32分 またはバス7～8分 徒歩1～8分</li><li>京王線「聖蹟桜ヶ丘」駅バス14～15分 徒歩1～8分</li><li>京王相模原線「京王多摩センター」駅バス9分 徒歩2～13分</li>
tokyo,nagayama,百草,69150,京王線「高幡不動」駅,19.0,32.0,京王線「高幡不動」駅,8.0,16.0,多摩市和田1261、日野市百草999,6号棟,鉄筋コンクリート造,4,N,408号室,2LDK,56,5,64400,4750,2か月,"['近居割', '近居割WIDE']",随時,https://www.ur-net.go.jp/chintai/kanto/tokyo/20_1870_room.html?JKSS=000060408,<li>京王線「高幡不動」駅 徒歩19～32分 またはバス7～8分 徒歩1～8分</li><li>京王線「聖蹟桜ヶ丘」駅バス14～15分 徒歩1～8分</li><li>京王相模原線「京王多摩センター」駅バス9分 徒歩2～13分</li>
tokyo,nagayama,百草,69150,,,,京王線「聖蹟桜ヶ丘」駅,15.0,23.0,多摩市和田1261、日野市百草999,6号棟,鉄筋コンクリート造,4,N,408号室,2LDK,56,5,64400,4750,2か月,"['近居割', '近居割WIDE']",随時,https://www.ur-net.go.jp/chintai/kanto/tokyo/20_1870_room.html?JKSS=000060408,<li>京王線「高幡不動」駅 徒歩19～32分 またはバス7～8分 徒歩1～8分</li><li>京王線「聖蹟桜ヶ丘」駅バス14～15分 徒歩1～8分</li><li>京王相模原線「京王多摩センター」駅バス9分 徒歩2～13分</li>
tokyo,nagayama,百草,69150,,,,京王相模原線「京王多摩センター」駅,11.0,22.0,多摩市和田1261、日野市百草999,6号棟,鉄筋コンクリート造,4,N,408号室,2LDK,56,5,64400,4750,2か月,"['近居割', '近居割WIDE']",随時,https://www.ur-net.go.jp/chintai/kanto/tokyo/20_1870_room.html?JKSS=000060408,<li>京王線「高幡不動」駅 徒歩19～32分 またはバス7～8分 徒歩1～8分</li><li>京王線「聖蹟桜ヶ丘」駅バス14～15分 徒歩1～8分</li><li>京王相模原線「京王多摩センター」駅バス9分 徒歩2～13分</li>
tokyo,nagayama,百草,69150,,,,,,,多摩市和田1261、日野市百草999,6号棟,鉄筋コンクリート造,4,N,408号室,2LDK,56,5,64400,4750,2か月,"['近居割', '近居割WIDE']",随時,https://www.ur-net.go.jp/chintai/kanto/tokyo/20_1870_room.html?JKSS=000060408,<li>京王線「高幡不動」駅 徒歩19～32分 またはバス7～8分 徒歩1～8分</li><li>京王線「聖蹟桜ヶ丘」駅バス14～15分 徒歩1～8分</li><li>京王相模原線「京王多摩センター」駅バス9分 徒歩2～13分</li>
tokyo,nagayama,多摩ニュータウン 豊ヶ丘（グリーンメゾン豊ヶ丘－６）,77800,京王相模原線「京王多摩センター」駅・小田急多摩線「小田急多摩センター」駅,16.0,32.0,京王相模原線「京王多摩センター」駅・小田急多摩線「小田急多摩センター」駅,14.0,26.0,多摩市豊ヶ丘2ほか,4-2-2号棟,鉄筋コンクリート造、鉄骨鉄筋コンクリート造,5,N,502号室,2DK,55,11,73000,4800,2か月,"['近居割', '近居割WIDE']",随時,https://www.ur-net.go.jp/chintai/kanto/tokyo/20_2710_room.html?JKSS=402020502,<li>京王相模原線「京王多摩センター」駅・小田急多摩線「小田急多摩センター」駅 徒歩16～32分 またはバス12分 徒歩2～14分</li><li>多摩都市モノレール「多摩センター」駅 徒歩17～33分 またはバス12分 徒歩2～14分</li>
tokyo,nagayama,多摩ニュータウン 豊ヶ丘（グリーンメゾン豊ヶ丘－６）,77800,多摩都市モノレール「多摩センター」駅,17.0,33.0,多摩都市モノレール「多摩センター」駅,14.0,26.0,多摩市豊ヶ丘2ほか,4-2-2号棟,鉄筋コンクリート造、鉄骨鉄筋コンクリート造,5,N,502号室,2DK,55,11,73000,4800,2か月,"['近居割', '近居割WIDE']",随時,https://www.ur-net.go.jp/chintai/kanto/tokyo/20_2710_room.html?JKSS=402020502,<li>京王相模原線「京王多摩センター」駅・小田急多摩線「小田急多摩センター」駅 徒歩16～32分 またはバス12分 徒歩2～14分</li><li>多摩都市モノレール「多摩センター」駅 徒歩17～33分 またはバス12分 徒歩2～14分</li>
tokyo,nagayama,多摩ニュータウン 豊ヶ丘（グリーンメゾン豊ヶ丘－６）,77800,,,,,,,多摩市豊ヶ丘2ほか,4-2-2号棟,鉄筋コンクリート造、鉄骨鉄筋コンクリート造,5,N,502号室,2DK,55,11,73000,4800,2か月,"['近居割', '近居割WIDE']",随時,https://www.ur-net.go.jp/chintai/kanto/tokyo/20_2710_room.html?JKSS=402020502,<li>京王相模原線「京王多摩センター」駅・小田急多摩線「小田急多摩センター」駅 徒歩16～32分 またはバス12分 徒歩2～14分</li><li>多摩都市モノレール「多摩センター」駅 徒歩17～33分 またはバス12分 徒歩2～14分</li>
tokyo,nagayama,多摩ニュータウン 豊ヶ丘（グリーンメゾン豊ヶ丘－６）,79500,京王相模原線「京王多摩センター」駅・小田急多摩線「小田急多摩センター」駅,16.0,32.0,京王相模原線「京王多摩センター」駅・小田急多摩線「小田急多摩センター」駅,14.0,26.0,多摩市豊ヶ丘2ほか,5-2-2号棟,鉄筋コンクリート造、鉄骨鉄筋コンクリート造,4,N,401号室,2DK,58,11,74700,4800,2か月,"['近居割', '近居割WIDE']",随時,https://www.ur-net.go.jp/chintai/kanto/tokyo/20_2710_room.html?JKSS=502020401,<li>京王相模原線「京王多摩センター」駅・小田急多摩線「小田急多摩センター」駅 徒歩16～32分 またはバス12分 徒歩2～14分</li><li>多摩都市モノレール「多摩センター」駅 徒歩17～33分 またはバス12分 徒歩2～14分</li>
tokyo,nagayama,多摩ニュータウン 豊ヶ丘（グリーンメゾン豊ヶ丘－６）,79500,多摩都市モノレール「多摩センター」駅,17.0,33.0,多摩都市モノレール「多摩センター」駅,14.0,26.0,多摩市豊ヶ丘2ほか,5-2-2号棟,鉄筋コンクリート造、鉄骨鉄筋コンクリート造,4,N,401号室,2DK,58,11,74700,4800,2か月,"['近居割', '近居割WIDE']",随時,https://www.ur-net.go.jp/chintai/kanto/tokyo/20_2710_room.html?JKSS=502020401,<li>京王相模原線「京王多摩センター」駅・小田急多摩線「小田急多摩センター」駅 徒歩16～32分 またはバス12分 徒歩2～14分</li><li>多摩都市モノレール「多摩センター」駅 徒歩17～33分 またはバス12分 徒歩2～14分</li>
tokyo,nagayama,多摩ニュータウン 豊ヶ丘（グリーンメゾン豊ヶ丘－６）,79500,,,,,,,多摩市豊ヶ丘2ほか,5-2-2号棟,鉄筋コンクリート造、鉄骨鉄筋コンクリート造,4,N,401号室,2DK,58,11,74700,4800,2か月,"['近居割', '近居割WIDE']",随時,https://www.ur-net.go.jp/chintai/kanto/tokyo/20_2710_room.html?JKSS=502020401,<li>京王相模原線「京王多摩センター」駅・小田急多摩線「小田急多摩センター」駅 徒歩16～32分 またはバス12分 徒歩2～14分</li><li>多摩都市モノレール「多摩センター」駅 徒歩17～33分 またはバス12分 徒歩2～14分</li>
tokyo,nagayama,多摩ニュータウン 豊ヶ丘（グリーンメゾン豊ヶ丘－６）,90600,京王相模原線「京王多摩センター」駅・小田急多摩線「小田急多摩センター」駅,16.0,32.0,京王相模原線「京王多摩センター」駅・小田急多摩線「小田急多摩センター」駅,14.0,26.0,多摩市豊ヶ丘2ほか,4-2-6号棟,鉄筋コンクリート造、鉄骨鉄筋コンクリート造,3,N,302号室,3DK,62,5,86600,4000,2か月,"['近居割', '近居割WIDE']",随時,https://www.ur-net.go.jp/chintai/kanto/tokyo/20_2710_room.html?JKSS=402060302,<li>京王相模原線「京王多摩センター」駅・小田急多摩線「小田急多摩センター」駅 徒歩16～32分 またはバス12分 徒歩2～14分</li><li>多摩都市モノレール「多摩センター」駅 徒歩17～33分 またはバス12分 徒歩2～14分</li>
tokyo,nagayama,多摩ニュータウン 豊ヶ丘（グリーンメゾン豊ヶ丘－６）,90600,多摩都市モノレール「多摩センター」駅,17.0,33.0,多摩都市モノレール「多摩センター」駅,14.0,26.0,多摩市豊ヶ丘2ほか,4-2-6号棟,鉄筋コンクリート造、鉄骨鉄筋コンクリート造,3,N,302号室,3DK,62,5,86600,4000,2か月,"['近居割', '近居割WIDE']",随時,https://www.ur-net.go.jp/chintai/kanto/tokyo/20_2710_room.html?JKSS=402060302,<li>京王相模原線「京王多摩センター」駅・小田急多摩線「小田急多摩センター」駅 徒歩16～32分 またはバス12分 徒歩2～14分</li><li>多摩都市モノレール「多摩センター」駅 徒歩17～33分 またはバス12分 徒歩2～14分</li>
tokyo,nagayama,多摩ニュータウン 豊ヶ丘（グリーンメゾン豊ヶ丘－６）,90600,,,,,,,多摩市豊ヶ丘2ほか,4-2-6号棟,鉄筋コンクリート造、鉄骨鉄筋コンクリート造,3,N,302号室,3DK,62,5,86600,4000,2か月,"['近居割', '近居割WIDE']",随時,https://www.ur-net.go.jp/chintai/kanto/tokyo/20_2710_room.html?JKSS=402060302,<li>京王相模原線「京王多摩センター」駅・小田急多摩線「小田急多摩センター」駅 徒歩16～32分 またはバス12分 徒歩2～14分</li><li>多摩都市モノレール「多摩センター」駅 徒歩17～33分 またはバス12分 徒歩2～14分</li>
tokyo,nagayama,多摩ニュータウン 諏訪（グリーンメゾン諏訪－２）,87900,京王相模原線「京王永山」駅・小田急多摩線「小田急永山」駅,8.0,18.0,京王相模原線「京王永山」駅・小田急多摩線「小田急永山」駅,9.0,15.0,多摩市諏訪2ほか,2-3-7号棟,鉄筋コンクリート造、鉄骨鉄筋コンクリート造,10,N,1002号室,2DK,56,11,83300,4600,2か月,"['近居割', '近居割WIDE']",随時,https://www.ur-net.go.jp/chintai/kanto/tokyo/20_2060_room.html?JKSS=203071002,<li>京王相模原線「京王永山」駅・小田急多摩線「小田急永山」駅 徒歩8～18分 またはバス3分 徒歩6～12分</li><li>小田急多摩線「はるひ野」駅 徒歩32～36分</li>
tokyo,nagayama,多摩ニュータウン 諏訪（グリーンメゾン諏訪－２）,87900,小田急多摩線「はるひ野」駅,32.0,36.0,,,,多摩市諏訪2ほか,2-3-7号棟,鉄筋コンクリート造、鉄骨鉄筋コンクリート造,10,N,1002号室,2DK,56,11,83300,4600,2か月,"['近居割', '近居割WIDE']",随時,https://www.ur-net.go.jp/chintai/kanto/tokyo/20_2060_room.html?JKSS=203071002,<li>京王相模原線「京王永山」駅・小田急多摩線「小田急永山」駅 徒歩8～18分 またはバス3分 徒歩6～12分</li><li>小田急多摩線「はるひ野」駅 徒歩32～36分</li>
tokyo,nagayama,多摩ニュータウン 諏訪（グリーンメゾン諏訪－２）,87900,,,,,,,多摩市諏訪2ほか,2-3-7号棟,鉄筋コンクリート造、鉄骨鉄筋コンクリート造,10,N,1002号室,2DK,56,11,83300,4600,2か月,"['近居割', '近居割WIDE']",随時,https://www.ur-net.go.jp/chintai/kanto/tokyo/20_2060_room.html?JKSS=203071002,<li>京王相模原線「京王永山」駅・小田急多摩線「小田急永山」駅 徒歩8～18分 またはバス3分 徒歩6～12分</li><li>小田急多摩線「はるひ野」駅 徒歩32～36分</li>
tokyo,nagayama,多摩ニュータウン 永山（永山二丁目）,97550,京王相模原線「京王永山」駅・小田急多摩線「小田急永山」駅,9.0,22.0,京王相模原線「京王永山」駅・小田急多摩線「小田急永山」駅,3.0,14.0,多摩市永山3ほか,4-4-8号棟,鉄筋コンクリート造、鉄骨鉄筋コンクリート造,4,N,401号室,3DK,60,5,94000,3550,2か月,"['近居割', '近居割WIDE']",随時,https://www.ur-net.go.jp/chintai/kanto/tokyo/20_2070_room.html?JKSS=040408401,<li>京王相模原線「京王永山」駅・小田急多摩線「小田急永山」駅 徒歩9～22分 またはバス2～4分 徒歩1～10分</li><li>小田急多摩線「はるひ野」駅 徒歩26～37分</li>
tokyo,nagayama,多摩ニュータウン 永山（永山二丁目）,97550,小田急多摩線「はるひ野」駅,26.0,37.0,,,,多摩市永山3ほか,4-4-8号棟,鉄筋コンクリート造、鉄骨鉄筋コンクリート造,4,N,401号室,3DK,60,5,94000,3550,2か月,"['近居割', '近居割WIDE']",随時,https://www.ur-net.go.jp/chintai/kanto/tokyo/20_2070_room.html?JKSS=040408401,<li>京王相模原線「京王永山」駅・小田急多摩線「小田急永山」駅 徒歩9～22分 またはバス2～4分 徒歩1～10分</li><li>小田急多摩線「はるひ野」駅 徒歩26～37分</li>
tokyo,nagayama,多摩ニュータウン 永山（永山二丁目）,97550,,,,,,,多摩市永山3ほか,4-4-8号棟,鉄筋コンクリート造、鉄骨鉄筋コンクリート造,4,N,401号室,3DK,60,5,94000,3550,2か月,"['近居割', '近居割WIDE']",随時,https://www.ur-net.go.jp/chintai/kanto/tokyo/20_2070_room.html?JKSS=040408401,<li>京王相模原線「京王永山」駅・小田急多摩線「小田急永山」駅 徒歩9～22分 またはバス2～4分 徒歩1～10分</li><li>小田急多摩線「はるひ野」駅 徒歩26～37分</li>
tokyo,nagayama,多摩ニュータウン 諏訪一丁目ハイツ,122000,京王相模原線「京王永山」駅・小田急多摩線「小田急永山」駅,4.0,4.0,,,,多摩市諏訪1-66,1号棟,鉄筋コンクリート造,10,N,1009号室,3DK,65,14,117600,4400,2か月,"['近居割', '近居割WIDE']",随時,https://www.ur-net.go.jp/chintai/kanto/tokyo/20_3830_room.html?JKSS=000011009,<li>京王相模原線「京王永山」駅・小田急多摩線「小田急永山」駅 徒歩4分</li><li>小田急多摩線「はるひ野」駅 徒歩36分</li>
tokyo,nagayama,多摩ニュータウン 諏訪一丁目ハイツ,122000,小田急多摩線「はるひ野」駅,36.0,36.0,,,,多摩市諏訪1-66,1号棟,鉄筋コンクリート造,10,N,1009号室,3DK,65,14,117600,4400,2か月,"['近居割', '近居割WIDE']",随時,https://www.ur-net.go.jp/chintai/kanto/tokyo/20_3830_room.html?JKSS=000011009,<li>京王相模原線「京王永山」駅・小田急多摩線「小田急永山」駅 徒歩4分</li><li>小田急多摩線「はるひ野」駅 徒歩36分</li>
tokyo,nagayama,多摩ニュータウン 諏訪一丁目ハイツ,122000,,,,,,,多摩市諏訪1-66,1号棟,鉄筋コンクリート造,10,N,1009号室,3DK,65,14,117600,4400,2か月,"['近居割', '近居割WIDE']",随時,https://www.ur-net.go.jp/chintai/kanto/tokyo/20_3830_room.html?JKSS=000011009,<li>京王相模原線「京王永山」駅・小田急多摩線「小田急永山」駅 徒歩4分</li><li>小田急多摩線「はるひ野」駅 徒歩36分</li>
tokyo,nagayama,多摩ニュータウン グリーンヒル豊ヶ丘－１・２,142200,京王相模原線「京王多摩センター」駅・小田急多摩線「小田急多摩センター」駅,16.0,18.0,京王相模原線「京王多摩センター」駅・小田急多摩線「小田急多摩センター」駅,11.0,14.0,多摩市豊ケ丘1-40ほか,2-9-4号棟,鉄筋コンクリート造,4,N,402号室,4LDK,91,5,137100,5100,2か月,"['近居割', '近居割WIDE']",随時,https://www.ur-net.go.jp/chintai/kanto/tokyo/20_4090_room.html?JKSS=209040402,<li>京王相模原線「京王多摩センター」駅・小田急多摩線「小田急多摩センター」駅 徒歩16～18分 またはバス3分 徒歩8～11分</li><li>多摩都市モノレール「多摩センター」駅 徒歩18～20分 またはバス3分 徒歩8～11分</li>
tokyo,nagayama,多摩ニュータウン グリーンヒル豊ヶ丘－１・２,142200,多摩都市モノレール「多摩センター」駅,18.0,20.0,多摩都市モノレール「多摩センター」駅,11.0,14.0,多摩市豊ケ丘1-40ほか,2-9-4号棟,鉄筋コンクリート造,4,N,402号室,4LDK,91,5,137100,5100,2か月,"['近居割', '近居割WIDE']",随時,https://www.ur-net.go.jp/chintai/kanto/tokyo/20_4090_room.html?JKSS=209040402,<li>京王相模原線「京王多摩センター」駅・小田急多摩線「小田急多摩センター」駅 徒歩16～18分 またはバス3分 徒歩8～11分</li><li>多摩都市モノレール「多摩センター」駅 徒歩18～20分 またはバス3分 徒歩8～11分</li>
tokyo,nagayama,多摩ニュータウン グリーンヒル豊ヶ丘－１・２,142200,,,,,,,多摩市豊ケ丘1-40ほか,2-9-4号棟,鉄筋コンクリート造,4,N,402号室,4LDK,91,5,137100,5100,2か月,"['近居割', '近居割WIDE']",随時,https://www.ur-net.go.jp/chintai/kanto/tokyo/20_4090_room.html?JKSS=209040402,<li>京王相模原線「京王多摩センター」駅・小田急多摩線「小田急多摩センター」駅 徒歩16～18分 またはバス3分 徒歩8～11分</li><li>多摩都市モノレール「多摩センター」駅 徒歩18～20分 またはバス3分 徒歩8～11分</li>
tokyo,nagayama,聖蹟桜ヶ丘ビュータワー,241000,京王線｢聖蹟桜ヶ丘｣駅,3.0,3.0,,,,多摩市関戸4-72,,鉄筋コンクリート造,18,N,1806号室,3LDK,84,27,233200,7800,2か月,['近居割'],随時,https://www.ur-net.go.jp/chintai/kanto/tokyo/20_5950_room.html?JKSS=000001806,<li>京王線｢聖蹟桜ヶ丘｣駅 徒歩3分</li>
tokyo,nagayama,聖蹟桜ヶ丘ビュータワー,241000,,,,,,,多摩市関戸4-72,,鉄筋コンクリート造,18,N,1806号室,3LDK,84,27,233200,7800,2か月,['近居割'],随時,https://www.ur-net.go.jp/chintai/kanto/tokyo/20_5950_room.html?JKSS=000001806,<li>京王線｢聖蹟桜ヶ丘｣駅 徒歩3分</li>
tokyo,kichijoji,新川・島屋敷通り,147550,,,,京王線「仙川」駅,9.0,11.0,三鷹市新川4-25ほか,11号棟,鉄筋コンクリート造,5,N,503号室,2LDK,59,6,142200,5350,2か月,"['近居割', '近居割WIDE']",随時,https://www.ur-net.go.jp/chintai/kanto/tokyo/20_5360_room.html?JKSS=000110503,<li>京王線「仙川」駅バス7分 徒歩2～4分</li><li>JR中央線「三鷹」駅バス19分 徒歩2～4分</li><li>JR中央線「吉祥寺」駅バス18分 徒歩2～4分</li>
tokyo,kichijoji,新川・島屋敷通り,147550,,,,JR中央線「三鷹」駅,21.0,23.0,三鷹市新川4-25ほか,11号棟,鉄筋コンクリート造,5,N,503号室,2LDK,59,6,142200,5350,2か月,"['近居割', '近居割WIDE']",随時,https://www.ur-net.go.jp/chintai/kanto/tokyo/20_5360_room.html?JKSS=000110503,<li>京王線「仙川」駅バス7分 徒歩2～4分</li><li>JR中央線「三鷹」駅バス19分 徒歩2～4分</li><li>JR中央線「吉祥寺」駅バス18分 徒歩2～4分</li>
tokyo,kichijoji,新川・島屋敷通り,147550,,,,JR中央線「吉祥寺」駅,20.0,22.0,三鷹市新川4-25ほか,11号棟,鉄筋コンクリート造,5,N,503号室,2LDK,59,6,142200,5350,2か月,"['近居割', '近居割WIDE']",随時,https://www.ur-net.go.jp/chintai/kanto/tokyo/20_5360_room.html?JKSS=000110503,<li>京王線「仙川」駅バス7分 徒歩2～4分</li><li>JR中央線「三鷹」駅バス19分 徒歩2～4分</li><li>JR中央線「吉祥寺」駅バス18分 徒歩2～4分</li>
tokyo,kichijoji,新川・島屋敷通り,147550,,,,,,,三鷹市新川4-25ほか,11号棟,鉄筋コンクリート造,5,N,503号室,2LDK,59,6,142200,5350,2か月,"['近居割', '近居割WIDE']",随時,https://www.ur-net.go.jp/chintai/kanto/tokyo/20_5360_room.html?JKSS=000110503,<li>京王線「仙川」駅バス7分 徒歩2～4分</li><li>JR中央線「三鷹」駅バス19分 徒歩2～4分</li><li>JR中央線「吉祥寺」駅バス18分 徒歩2～4分</li>
tokyo,kichijoji,新川・島屋敷通り,186950,,,,京王線「仙川」駅,9.0,11.0,三鷹市新川4-25ほか,18号棟,鉄筋コンクリート造,9,N,906号室,2LDK,78,11,181300,5650,2か月,"['近居割', '近居割WIDE']",随時,https://www.ur-net.go.jp/chintai/kanto/tokyo/20_5360_room.html?JKSS=000180906,<li>京王線「仙川」駅バス7分 徒歩2～4分</li><li>JR中央線「三鷹」駅バス19分 徒歩2～4分</li><li>JR中央線「吉祥寺」駅バス18分 徒歩2～4分</li>
tokyo,kichijoji,新川・島屋敷通り,186950,,,,JR中央線「三鷹」駅,21.0,23.0,三鷹市新川4-25ほか,18号棟,鉄筋コンクリート造,9,N,906号室,2LDK,78,11,181300,5650,2か月,"['近居割', '近居割WIDE']",随時,https://www.ur-net.go.jp/chintai/kanto/tokyo/20_5360_room.html?JKSS=000180906,<li>京王線「仙川」駅バス7分 徒歩2～4分</li><li>JR中央線「三鷹」駅バス19分 徒歩2～4分</li><li>JR中央線「吉祥寺」駅バス18分 徒歩2～4分</li>
tokyo,kichijoji,新川・島屋敷通り,186950,,,,JR中央線「吉祥寺」駅,20.0,22.0,三鷹市新川4-25ほか,18号棟,鉄筋コンクリート造,9,N,906号室,2LDK,78,11,181300,5650,2か月,"['近居割', '近居割WIDE']",随時,https://www.ur-net.go.jp/chintai/kanto/tokyo/20_5360_room.html?JKSS=000180906,<li>京王線「仙川」駅バス7分 徒歩2～4分</li><li>JR中央線「三鷹」駅バス19分 徒歩2～4分</li><li>JR中央線「吉祥寺」駅バス18分 徒歩2～4分</li>
tokyo,kichijoji,新川・島屋敷通り,186950,,,,,,,三鷹市新川4-25ほか,18号棟,鉄筋コンクリート造,9,N,906号室,2LDK,78,11,181300,5650,2か月,"['近居割', '近居割WIDE']",随時,https://www.ur-net.go.jp/chintai/kanto/tokyo/20_5360_room.html?JKSS=000180906,<li>京王線「仙川」駅バス7分 徒歩2～4分</li><li>JR中央線「三鷹」駅バス19分 徒歩2～4分</li><li>JR中央線「吉祥寺」駅バス18分 徒歩2～4分</li>
tokyo,kichijoji,三鷹台,181300,,,,JR中央線「三鷹」駅,16.0,21.0,三鷹市牟礼2-14,2号棟,鉄筋コンクリート造,5,N,501号室,1LDK,69,9,175100,6200,2か月,"['近居割', '近居割WIDE']",2026年9月7日以降,https://www.ur-net.go.jp/chintai/kanto/tokyo/20_6601_room.html?JKSS=000020501,<li>JR中央線「三鷹」駅バス12分 徒歩4～9分</li><li>JR中央線「吉祥寺」駅バス11分 徒歩2～8分</li><li>京王井の頭線「三鷹台」駅 徒歩14～18分</li>
tokyo,kichijoji,三鷹台,181300,,,,JR中央線「吉祥寺」駅,13.0,19.0,三鷹市牟礼2-14,2号棟,鉄筋コンクリート造,5,N,501号室,1LDK,69,9,175100,6200,2か月,"['近居割', '近居割WIDE']",2026年9月7日以降,https://www.ur-net.go.jp/chintai/kanto/tokyo/20_6601_room.html?JKSS=000020501,<li>JR中央線「三鷹」駅バス12分 徒歩4～9分</li><li>JR中央線「吉祥寺」駅バス11分 徒歩2～8分</li><li>京王井の頭線「三鷹台」駅 徒歩14～18分</li>
tokyo,kichijoji,三鷹台,181300,京王井の頭線「三鷹台」駅,14.0,18.0,,,,三鷹市牟礼2-14,2号棟,鉄筋コンクリート造,5,N,501号室,1LDK,69,9,175100,6200,2か月,"['近居割', '近居割WIDE']",2026年9月7日以降,https://www.ur-net.go.jp/chintai/kanto/tokyo/20_6601_room.html?JKSS=000020501,<li>JR中央線「三鷹」駅バス12分 徒歩4～9分</li><li>JR中央線「吉祥寺」駅バス11分 徒歩2～8分</li><li>京王井の頭線「三鷹台」駅 徒歩14～18分</li>
tokyo,kichijoji,三鷹台,181300,,,,,,,三鷹市牟礼2-14,2号棟,鉄筋コンクリート造,5,N,501号室,1LDK,69,9,175100,6200,2か月,"['近居割', '近居割WIDE']",2026年9月7日以降,https://www.ur-net.go.jp/chintai/kanto/tokyo/20_6601_room.html?JKSS=000020501,<li>JR中央線「三鷹」駅バス12分 徒歩4～9分</li><li>JR中央線「吉祥寺」駅バス11分 徒歩2～8分</li><li>京王井の頭線「三鷹台」駅 徒歩14～18分</li>
tokyo,tachikawa,昭島つつじが丘ハイツ,91100,JR青梅線「昭島」駅,9.0,11.0,,,,昭島市つつじが丘3-4ほか,8号棟,鉄骨鉄筋コンクリート造,14,N,1408号室,3DK,59,14,85400,5700,2か月,['近居割'],随時,https://www.ur-net.go.jp/chintai/kanto/tokyo/20_3380_room.html?JKSS=000081408,<li>JR青梅線「昭島」駅 徒歩9～11分</li><li>JR青梅線「中神」駅 徒歩13～15分</li><li>西武拝島線「西武立川」駅 徒歩25～28分</li>
tokyo,tachikawa,昭島つつじが丘ハイツ,91100,JR青梅線「中神」駅,13.0,15.0,,,,昭島市つつじが丘3-4ほか,8号棟,鉄骨鉄筋コンクリート造,14,N,1408号室,3DK,59,14,85400,5700,2か月,['近居割'],随時,https://www.ur-net.go.jp/chintai/kanto/tokyo/20_3380_room.html?JKSS=000081408,<li>JR青梅線「昭島」駅 徒歩9～11分</li><li>JR青梅線「中神」駅 徒歩13～15分</li><li>西武拝島線「西武立川」駅 徒歩25～28分</li>
tokyo,tachikawa,昭島つつじが丘ハイツ,91100,西武拝島線「西武立川」駅,25.0,28.0,,,,昭島市つつじが丘3-4ほか,8号棟,鉄骨鉄筋コンクリート造,14,N,1408号室,3DK,59,14,85400,5700,2か月,['近居割'],随時,https://www.ur-net.go.jp/chintai/kanto/tokyo/20_3380_room.html?JKSS=000081408,<li>JR青梅線「昭島」駅 徒歩9～11分</li><li>JR青梅線「中神」駅 徒歩13～15分</li><li>西武拝島線「西武立川」駅 徒歩25～28分</li>
tokyo,tachikawa,昭島つつじが丘ハイツ,91100,,,,,,,昭島市つつじが丘3-4ほか,8号棟,鉄骨鉄筋コンクリート造,14,N,1408号室,3DK,59,14,85400,5700,2か月,['近居割'],随時,https://www.ur-net.go.jp/chintai/kanto/tokyo/20_3380_room.html?JKSS=000081408,<li>JR青梅線「昭島」駅 徒歩9～11分</li><li>JR青梅線「中神」駅 徒歩13～15分</li><li>西武拝島線「西武立川」駅 徒歩25～28分</li>
tokyo,tachikawa,昭島つつじが丘ハイツ,102700,JR青梅線「昭島」駅,9.0,11.0,,,,昭島市つつじが丘3-4ほか,6号棟,鉄骨鉄筋コンクリート造,8,N,811号室,3DK,65,11,97000,5700,2か月,['近居割'],随時,https://www.ur-net.go.jp/chintai/kanto/tokyo/20_3380_room.html?JKSS=000060811,<li>JR青梅線「昭島」駅 徒歩9～11分</li><li>JR青梅線「中神」駅 徒歩13～15分</li><li>西武拝島線「西武立川」駅 徒歩25～28分</li>
tokyo,tachikawa,昭島つつじが丘ハイツ,102700,JR青梅線「中神」駅,13.0,15.0,,,,昭島市つつじが丘3-4ほか,6号棟,鉄骨鉄筋コンクリート造,8,N,811号室,3DK,65,11,97000,5700,2か月,['近居割'],随時,https://www.ur-net.go.jp/chintai/kanto/tokyo/20_3380_room.html?JKSS=000060811,<li>JR青梅線「昭島」駅 徒歩9～11分</li><li>JR青梅線「中神」駅 徒歩13～15分</li><li>西武拝島線「西武立川」駅 徒歩25～28分</li>
tokyo,tachikawa,昭島つつじが丘ハイツ,102700,西武拝島線「西武立川」駅,25.0,28.0,,,,昭島市つつじが丘3-4ほか,6号棟,鉄骨鉄筋コンクリート造,8,N,811号室,3DK,65,11,97000,5700,2か月,['近居割'],随時,https://www.ur-net.go.jp/chintai/kanto/tokyo/20_3380_room.html?JKSS=000060811,<li>JR青梅線「昭島」駅 徒歩9～11分</li><li>JR青梅線「中神」駅 徒歩13～15分</li><li>西武拝島線「西武立川」駅 徒歩25～28分</li>
tokyo,tachikawa,昭島つつじが丘ハイツ,102700,,,,,,,昭島市つつじが丘3-4ほか,6号棟,鉄骨鉄筋コンクリート造,8,N,811号室,3DK,65,11,97000,5700,2か月,['近居割'],随時,https://www.ur-net.go.jp/chintai/kanto/tokyo/20_3380_room.html?JKSS=000060811,<li>JR青梅線「昭島」駅 徒歩9～11分</li><li>JR青梅線「中神」駅 徒歩13～15分</li><li>西武拝島線「西武立川」駅 徒歩25～28分</li>
tokyo,tachikawa,コンフォール拝島,136900,JR青梅線ほか｢拝島｣駅,4.0,4.0,,,,昭島市松原町4-1-5,,鉄筋コンクリート造,5,N,507号室,3LDK,76,5,129700,7200,2か月,['近居割'],随時,https://www.ur-net.go.jp/chintai/kanto/tokyo/20_5520_room.html?JKSS=000000507,<li>JR青梅線ほか｢拝島｣駅 徒歩4分</li>
tokyo,tachikawa,コンフォール拝島,136900,,,,,,,昭島市松原町4-1-5,,鉄筋コンクリート造,5,N,507号室,3LDK,76,5,129700,7200,2か月,['近居割'],随時,https://www.ur-net.go.jp/chintai/kanto/tokyo/20_5520_room.html?JKSS=000000507,<li>JR青梅線ほか｢拝島｣駅 徒歩4分</li>
tokyo,kichijoji,プラザ新小金井,158300,JR中央線「東小金井」駅,10.0,15.0,,,,小金井市東町4-23ほか,6号棟,鉄筋コンクリート造,3,N,304号室,3DK,60,3,151200,7100,2か月,['近居割'],随時,https://www.ur-net.go.jp/chintai/kanto/tokyo/20_5140_room.html?JKSS=000060304,<li>JR中央線「東小金井」駅 徒歩10～15分</li><li>西武多摩川線「新小金井」駅 徒歩1～3分</li><li>JR中央線「武蔵境」駅 徒歩26～28分</li>
tokyo,kichijoji,プラザ新小金井,158300,西武多摩川線「新小金井」駅,1.0,3.0,,,,小金井市東町4-23ほか,6号棟,鉄筋コンクリート造,3,N,304号室,3DK,60,3,151200,7100,2か月,['近居割'],随時,https://www.ur-net.go.jp/chintai/kanto/tokyo/20_5140_room.html?JKSS=000060304,<li>JR中央線「東小金井」駅 徒歩10～15分</li><li>西武多摩川線「新小金井」駅 徒歩1～3分</li><li>JR中央線「武蔵境」駅 徒歩26～28分</li>
tokyo,kichijoji,プラザ新小金井,158300,JR中央線「武蔵境」駅,26.0,28.0,,,,小金井市東町4-23ほか,6号棟,鉄筋コンクリート造,3,N,304号室,3DK,60,3,151200,7100,2か月,['近居割'],随時,https://www.ur-net.go.jp/chintai/kanto/tokyo/20_5140_room.html?JKSS=000060304,<li>JR中央線「東小金井」駅 徒歩10～15分</li><li>西武多摩川線「新小金井」駅 徒歩1～3分</li><li>JR中央線「武蔵境」駅 徒歩26～28分</li>
tokyo,kichijoji,プラザ新小金井,158300,,,,,,,小金井市東町4-23ほか,6号棟,鉄筋コンクリート造,3,N,304号室,3DK,60,3,151200,7100,2か月,['近居割'],随時,https://www.ur-net.go.jp/chintai/kanto/tokyo/20_5140_room.html?JKSS=000060304,<li>JR中央線「東小金井」駅 徒歩10～15分</li><li>西武多摩川線「新小金井」駅 徒歩1～3分</li><li>JR中央線「武蔵境」駅 徒歩26～28分</li>
tokyo,kichijoji,グリーンタウン小金井,157700,JR中央線「武蔵小金井」駅,16.0,19.0,JR中央線「武蔵小金井」駅,10.0,12.0,小金井市緑町4-12-16ほか,4号棟,鉄筋コンクリート造,6,N,602号室,2DK,55,6,151300,6400,2か月,['近居割'],随時,https://www.ur-net.go.jp/chintai/kanto/tokyo/20_6270_room.html?JKSS=000040602,<li>JR中央線「武蔵小金井」駅 徒歩16～19分 またはバス5分 徒歩5～7分</li><li>西武新宿線「花小金井」駅バス8分 徒歩9～11分</li><li>JR中央線「東小金井」駅 徒歩18～20分 またはバス10分 徒歩1～3分</li>
tokyo,kichijoji,グリーンタウン小金井,157700,,,,西武新宿線「花小金井」駅,17.0,19.0,小金井市緑町4-12-16ほか,4号棟,鉄筋コンクリート造,6,N,602号室,2DK,55,6,151300,6400,2か月,['近居割'],随時,https://www.ur-net.go.jp/chintai/kanto/tokyo/20_6270_room.html?JKSS=000040602,<li>JR中央線「武蔵小金井」駅 徒歩16～19分 またはバス5分 徒歩5～7分</li><li>西武新宿線「花小金井」駅バス8分 徒歩9～11分</li><li>JR中央線「東小金井」駅 徒歩18～20分 またはバス10分 徒歩1～3分</li>
tokyo,kichijoji,グリーンタウン小金井,157700,JR中央線「東小金井」駅,18.0,20.0,JR中央線「東小金井」駅,11.0,13.0,小金井市緑町4-12-16ほか,4号棟,鉄筋コンクリート造,6,N,602号室,2DK,55,6,151300,6400,2か月,['近居割'],随時,https://www.ur-net.go.jp/chintai/kanto/tokyo/20_6270_room.html?JKSS=000040602,<li>JR中央線「武蔵小金井」駅 徒歩16～19分 またはバス5分 徒歩5～7分</li><li>西武新宿線「花小金井」駅バス8分 徒歩9～11分</li><li>JR中央線「東小金井」駅 徒歩18～20分 またはバス10分 徒歩1～3分</li>
tokyo,kichijoji,グリーンタウン小金井,157700,,,,,,,小金井市緑町4-12-16ほか,4号棟,鉄筋コンクリート造,6,N,602号室,2DK,55,6,151300,6400,2か月,['近居割'],随時,https://www.ur-net.go.jp/chintai/kanto/tokyo/20_6270_room.html?JKSS=000040602,<li>JR中央線「武蔵小金井」駅 徒歩16～19分 またはバス5分 徒歩5～7分</li><li>西武新宿線「花小金井」駅バス8分 徒歩9～11分</li><li>JR中央線「東小金井」駅 徒歩18～20分 またはバス10分 徒歩1～3分</li>
tokyo,hibarigaoka,小平駅南口,87700,西武新宿線ほか｢小平｣駅,1.0,1.0,,,,小平市美園町1-33-1,,鉄筋コンクリート造,7,N,703号室,2DK,44,10,83000,4700,2か月,['URライト（4年定借）'],随時,https://www.ur-net.go.jp/chintai/kanto/tokyo/20_1770_room.html?JKSS=000010703,<li>西武新宿線ほか｢小平｣駅 徒歩1分</li>
tokyo,hibarigaoka,小平駅南口,87700,,,,,,,小平市美園町1-33-1,,鉄筋コンクリート造,7,N,703号室,2DK,44,10,83000,4700,2か月,['URライト（4年定借）'],随時,https://www.ur-net.go.jp/chintai/kanto/tokyo/20_1770_room.html?JKSS=000010703,<li>西武新宿線ほか｢小平｣駅 徒歩1分</li>
tokyo,hibarigaoka,小平駅南口,87700,西武新宿線ほか｢小平｣駅,1.0,1.0,,,,小平市美園町1-33-1,,鉄筋コンクリート造,7,N,706号室,2DK,44,10,83000,4700,2か月,['URライト（4年定借）'],随時,https://www.ur-net.go.jp/chintai/kanto/tokyo/20_1770_room.html?JKSS=000010706,<li>西武新宿線ほか｢小平｣駅 徒歩1分</li>
tokyo,hibarigaoka,小平駅南口,87700,,,,,,,小平市美園町1-33-1,,鉄筋コンクリート造,7,N,706号室,2DK,44,10,83000,4700,2か月,['URライト（4年定借）'],随時,https://www.ur-net.go.jp/chintai/kanto/tokyo/20_1770_room.html?JKSS=000010706,<li>西武新宿線ほか｢小平｣駅 徒歩1分</li>
tokyo,hibarigaoka,小平駅南口,87700,西武新宿線ほか｢小平｣駅,1.0,1.0,,,,小平市美園町1-33-1,,鉄筋コンクリート造,8,N,802号室,2DK,44,10,83000,4700,2か月,['URライト（4年定借）'],随時,https://www.ur-net.go.jp/chintai/kanto/tokyo/20_1770_room.html?JKSS=000010802,<li>西武新宿線ほか｢小平｣駅 徒歩1分</li>
tokyo,hibarigaoka,小平駅南口,87700,,,,,,,小平市美園町1-33-1,,鉄筋コンクリート造,8,N,802号室,2DK,44,10,83000,4700,2か月,['URライト（4年定借）'],随時,https://www.ur-net.go.jp/chintai/kanto/tokyo/20_1770_room.html?JKSS=000010802,<li>西武新宿線ほか｢小平｣駅 徒歩1分</li>
tokyo,hachioji,シティハイツ日野旭が丘,112400,JR中央線「豊田」駅,20.0,24.0,JR中央線「豊田」駅,8.0,13.0,日野市旭が丘4-7-5,6号棟,鉄筋コンクリート造、鉄骨鉄筋コンクリート造,12,N,1201号室,2DK,57,12,109700,2700,2か月,"['近居割', '近居割WIDE']",随時,https://www.ur-net.go.jp/chintai/kanto/tokyo/20_4360_room.html?JKSS=000061201,<li>JR中央線「豊田」駅 徒歩20～24分 またはバス7分 徒歩1～6分</li><li>京王線「長沼」駅 徒歩26～28分</li><li>JR八高線「北八王子」駅 徒歩23～25分</li>
tokyo,hachioji,シティハイツ日野旭が丘,112400,京王線「長沼」駅,26.0,28.0,,,,日野市旭が丘4-7-5,6号棟,鉄筋コンクリート造、鉄骨鉄筋コンクリート造,12,N,1201号室,2DK,57,12,109700,2700,2か月,"['近居割', '近居割WIDE']",随時,https://www.ur-net.go.jp/chintai/kanto/tokyo/20_4360_room.html?JKSS=000061201,<li>JR中央線「豊田」駅 徒歩20～24分 またはバス7分 徒歩1～6分</li><li>京王線「長沼」駅 徒歩26～28分</li><li>JR八高線「北八王子」駅 徒歩23～25分</li>
tokyo,hachioji,シティハイツ日野旭が丘,112400,JR八高線「北八王子」駅,23.0,25.0,,,,日野市旭が丘4-7-5,6号棟,鉄筋コンクリート造、鉄骨鉄筋コンクリート造,12,N,1201号室,2DK,57,12,109700,2700,2か月,"['近居割', '近居割WIDE']",随時,https://www.ur-net.go.jp/chintai/kanto/tokyo/20_4360_room.html?JKSS=000061201,<li>JR中央線「豊田」駅 徒歩20～24分 またはバス7分 徒歩1～6分</li><li>京王線「長沼」駅 徒歩26～28分</li><li>JR八高線「北八王子」駅 徒歩23～25分</li>
tokyo,hachioji,シティハイツ日野旭が丘,112400,,,,,,,日野市旭が丘4-7-5,6号棟,鉄筋コンクリート造、鉄骨鉄筋コンクリート造,12,N,1201号室,2DK,57,12,109700,2700,2か月,"['近居割', '近居割WIDE']",随時,https://www.ur-net.go.jp/chintai/kanto/tokyo/20_4360_room.html?JKSS=000061201,<li>JR中央線「豊田」駅 徒歩20～24分 またはバス7分 徒歩1～6分</li><li>京王線「長沼」駅 徒歩26～28分</li><li>JR八高線「北八王子」駅 徒歩23～25分</li>
tokyo,hachioji,多摩平の森,141000,JR中央線「豊田」駅,7.0,15.0,,,,日野市多摩平4-6ほか,2-3号棟,鉄筋コンクリート造,5,N,505号室,2LDK,62,11,137000,4000,2か月,"['近居割', '近居割WIDE']",随時,https://www.ur-net.go.jp/chintai/kanto/tokyo/20_6510_room.html?JKSS=002030505,<li>JR中央線「豊田」駅 徒歩7～15分</li><li>JR中央線「日野」駅 徒歩24～33分</li><li>京王線「南平」駅 徒歩25～32分</li>
tokyo,hachioji,多摩平の森,141000,JR中央線「日野」駅,24.0,33.0,,,,日野市多摩平4-6ほか,2-3号棟,鉄筋コンクリート造,5,N,505号室,2LDK,62,11,137000,4000,2か月,"['近居割', '近居割WIDE']",随時,https://www.ur-net.go.jp/chintai/kanto/tokyo/20_6510_room.html?JKSS=002030505,<li>JR中央線「豊田」駅 徒歩7～15分</li><li>JR中央線「日野」駅 徒歩24～33分</li><li>京王線「南平」駅 徒歩25～32分</li>
tokyo,hachioji,多摩平の森,141000,京王線「南平」駅,25.0,32.0,,,,日野市多摩平4-6ほか,2-3号棟,鉄筋コンクリート造,5,N,505号室,2LDK,62,11,137000,4000,2か月,"['近居割', '近居割WIDE']",随時,https://www.ur-net.go.jp/chintai/kanto/tokyo/20_6510_room.html?JKSS=002030505,<li>JR中央線「豊田」駅 徒歩7～15分</li><li>JR中央線「日野」駅 徒歩24～33分</li><li>京王線「南平」駅 徒歩25～32分</li>
tokyo,hachioji,多摩平の森,141000,,,,,,,日野市多摩平4-6ほか,2-3号棟,鉄筋コンクリート造,5,N,505号室,2LDK,62,11,137000,4000,2か月,"['近居割', '近居割WIDE']",随時,https://www.ur-net.go.jp/chintai/kanto/tokyo/20_6510_room.html?JKSS=002030505,<li>JR中央線「豊田」駅 徒歩7～15分</li><li>JR中央線「日野」駅 徒歩24～33分</li><li>京王線「南平」駅 徒歩25～32分</li>
tokyo,hachioji,多摩平の森,154500,JR中央線「豊田」駅,7.0,15.0,,,,日野市多摩平4-6ほか,2-5号棟,鉄筋コンクリート造,4,N,401号室,3LDK,72,10,150500,4000,2か月,"['近居割', '近居割WIDE']",随時,https://www.ur-net.go.jp/chintai/kanto/tokyo/20_6510_room.html?JKSS=002050401,<li>JR中央線「豊田」駅 徒歩7～15分</li><li>JR中央線「日野」駅 徒歩24～33分</li><li>京王線「南平」駅 徒歩25～32分</li>
tokyo,hachioji,多摩平の森,154500,JR中央線「日野」駅,24.0,33.0,,,,日野市多摩平4-6ほか,2-5号棟,鉄筋コンクリート造,4,N,401号室,3LDK,72,10,150500,4000,2か月,"['近居割', '近居割WIDE']",随時,https://www.ur-net.go.jp/chintai/kanto/tokyo/20_6510_room.html?JKSS=002050401,<li>JR中央線「豊田」駅 徒歩7～15分</li><li>JR中央線「日野」駅 徒歩24～33分</li><li>京王線「南平」駅 徒歩25～32分</li>
tokyo,hachioji,多摩平の森,154500,京王線「南平」駅,25.0,32.0,,,,日野市多摩平4-6ほか,2-5号棟,鉄筋コンクリート造,4,N,401号室,3LDK,72,10,150500,4000,2か月,"['近居割', '近居割WIDE']",随時,https://www.ur-net.go.jp/chintai/kanto/tokyo/20_6510_room.html?JKSS=002050401,<li>JR中央線「豊田」駅 徒歩7～15分</li><li>JR中央線「日野」駅 徒歩24～33分</li><li>京王線「南平」駅 徒歩25～32分</li>
tokyo,hachioji,多摩平の森,154500,,,,,,,日野市多摩平4-6ほか,2-5号棟,鉄筋コンクリート造,4,N,401号室,3LDK,72,10,150500,4000,2か月,"['近居割', '近居割WIDE']",随時,https://www.ur-net.go.jp/chintai/kanto/tokyo/20_6510_room.html?JKSS=002050401,<li>JR中央線「豊田」駅 徒歩7～15分</li><li>JR中央線「日野」駅 徒歩24～33分</li><li>京王線「南平」駅 徒歩25～32分</li>
tokyo,hachioji,多摩平の森,160100,JR中央線「豊田」駅,7.0,15.0,,,,日野市多摩平4-6ほか,2-10号棟,鉄筋コンクリート造,1,N,104号室,3LDK,80,6,156100,4000,2か月,"['近居割', '近居割WIDE']",随時,https://www.ur-net.go.jp/chintai/kanto/tokyo/20_6510_room.html?JKSS=002100104,<li>JR中央線「豊田」駅 徒歩7～15分</li><li>JR中央線「日野」駅 徒歩24～33分</li><li>京王線「南平」駅 徒歩25～32分</li>
tokyo,hachioji,多摩平の森,160100,JR中央線「日野」駅,24.0,33.0,,,,日野市多摩平4-6ほか,2-10号棟,鉄筋コンクリート造,1,N,104号室,3LDK,80,6,156100,4000,2か月,"['近居割', '近居割WIDE']",随時,https://www.ur-net.go.jp/chintai/kanto/tokyo/20_6510_room.html?JKSS=002100104,<li>JR中央線「豊田」駅 徒歩7～15分</li><li>JR中央線「日野」駅 徒歩24～33分</li><li>京王線「南平」駅 徒歩25～32分</li>
tokyo,hachioji,多摩平の森,160100,京王線「南平」駅,25.0,32.0,,,,日野市多摩平4-6ほか,2-10号棟,鉄筋コンクリート造,1,N,104号室,3LDK,80,6,156100,4000,2か月,"['近居割', '近居割WIDE']",随時,https://www.ur-net.go.jp/chintai/kanto/tokyo/20_6510_room.html?JKSS=002100104,<li>JR中央線「豊田」駅 徒歩7～15分</li><li>JR中央線「日野」駅 徒歩24～33分</li><li>京王線「南平」駅 徒歩25～32分</li>
tokyo,hachioji,多摩平の森,160100,,,,,,,日野市多摩平4-6ほか,2-10号棟,鉄筋コンクリート造,1,N,104号室,3LDK,80,6,156100,4000,2か月,"['近居割', '近居割WIDE']",随時,https://www.ur-net.go.jp/chintai/kanto/tokyo/20_6510_room.html?JKSS=002100104,<li>JR中央線「豊田」駅 徒歩7～15分</li><li>JR中央線「日野」駅 徒歩24～33分</li><li>京王線「南平」駅 徒歩25～32分</li>
tokyo,tachikawa,福生,64200,JR五日市線「熊川」駅,10.0,17.0,,,,福生市南田園2-7ほか,3号棟,鉄筋コンクリート造,5,N,504号室,3DK,52,5,61200,3000,2か月,"['近居割', '近居割WIDE']",随時,https://www.ur-net.go.jp/chintai/kanto/tokyo/20_2520_room.html?JKSS=000030504,<li>JR五日市線「熊川」駅 徒歩10～17分</li><li>JR青梅線「拝島」駅バス15分 徒歩2～6分</li><li>JR青梅線「福生」駅 徒歩24～30分</li>
tokyo,tachikawa,福生,64200,,,,JR青梅線「拝島」駅,17.0,21.0,福生市南田園2-7ほか,3号棟,鉄筋コンクリート造,5,N,504号室,3DK,52,5,61200,3000,2か月,"['近居割', '近居割WIDE']",随時,https://www.ur-net.go.jp/chintai/kanto/tokyo/20_2520_room.html?JKSS=000030504,<li>JR五日市線「熊川」駅 徒歩10～17分</li><li>JR青梅線「拝島」駅バス15分 徒歩2～6分</li><li>JR青梅線「福生」駅 徒歩24～30分</li>
tokyo,tachikawa,福生,64200,JR青梅線「福生」駅,24.0,30.0,,,,福生市南田園2-7ほか,3号棟,鉄筋コンクリート造,5,N,504号室,3DK,52,5,61200,3000,2か月,"['近居割', '近居割WIDE']",随時,https://www.ur-net.go.jp/chintai/kanto/tokyo/20_2520_room.html?JKSS=000030504,<li>JR五日市線「熊川」駅 徒歩10～17分</li><li>JR青梅線「拝島」駅バス15分 徒歩2～6分</li><li>JR青梅線「福生」駅 徒歩24～30分</li>
tokyo,tachikawa,福生,64200,,,,,,,福生市南田園2-7ほか,3号棟,鉄筋コンクリート造,5,N,504号室,3DK,52,5,61200,3000,2か月,"['近居割', '近居割WIDE']",随時,https://www.ur-net.go.jp/chintai/kanto/tokyo/20_2520_room.html?JKSS=000030504,<li>JR五日市線「熊川」駅 徒歩10～17分</li><li>JR青梅線「拝島」駅バス15分 徒歩2～6分</li><li>JR青梅線「福生」駅 徒歩24～30分</li>
tokyo,hibarigaoka,清瀬旭が丘,61100,,,,西武池袋線「清瀬」駅,10.0,19.0,清瀬市旭が丘2ほか,2-4-3号棟,鉄筋コンクリート造,5,N,504号室,3DK,50,5,58100,3000,2か月,"['近居割', '近居割WIDE']",随時,https://www.ur-net.go.jp/chintai/kanto/tokyo/20_1580_room.html?JKSS=000243504,<li>西武池袋線「清瀬」駅バス9～15分 徒歩1～4分</li><li>東武東上線「志木」駅バス20～22分 徒歩1～4分</li><li>JR武蔵野線「新座」駅バス10～12分 徒歩1～4分</li>
tokyo,hibarigaoka,清瀬旭が丘,61100,,,,東武東上線「志木」駅,21.0,26.0,清瀬市旭が丘2ほか,2-4-3号棟,鉄筋コンクリート造,5,N,504号室,3DK,50,5,58100,3000,2か月,"['近居割', '近居割WIDE']",随時,https://www.ur-net.go.jp/chintai/kanto/tokyo/20_1580_room.html?JKSS=000243504,<li>西武池袋線「清瀬」駅バス9～15分 徒歩1～4分</li><li>東武東上線「志木」駅バス20～22分 徒歩1～4分</li><li>JR武蔵野線「新座」駅バス10～12分 徒歩1～4分</li>
tokyo,hibarigaoka,清瀬旭が丘,61100,,,,JR武蔵野線「新座」駅,11.0,16.0,清瀬市旭が丘2ほか,2-4-3号棟,鉄筋コンクリート造,5,N,504号室,3DK,50,5,58100,3000,2か月,"['近居割', '近居割WIDE']",随時,https://www.ur-net.go.jp/chintai/kanto/tokyo/20_1580_room.html?JKSS=000243504,<li>西武池袋線「清瀬」駅バス9～15分 徒歩1～4分</li><li>東武東上線「志木」駅バス20～22分 徒歩1～4分</li><li>JR武蔵野線「新座」駅バス10～12分 徒歩1～4分</li>
tokyo,hibarigaoka,清瀬旭が丘,61100,,,,,,,清瀬市旭が丘2ほか,2-4-3号棟,鉄筋コンクリート造,5,N,504号室,3DK,50,5,58100,3000,2か月,"['近居割', '近居割WIDE']",随時,https://www.ur-net.go.jp/chintai/kanto/tokyo/20_1580_room.html?JKSS=000243504,<li>西武池袋線「清瀬」駅バス9～15分 徒歩1～4分</li><li>東武東上線「志木」駅バス20～22分 徒歩1～4分</li><li>JR武蔵野線「新座」駅バス10～12分 徒歩1～4分</li>
tokyo,hibarigaoka,清瀬旭が丘,61100,,,,西武池袋線「清瀬」駅,10.0,19.0,清瀬市旭が丘2ほか,2-4-7号棟,鉄筋コンクリート造,5,N,504号室,3DK,50,5,58100,3000,2か月,"['近居割', '近居割WIDE']",随時,https://www.ur-net.go.jp/chintai/kanto/tokyo/20_1580_room.html?JKSS=000247504,<li>西武池袋線「清瀬」駅バス9～15分 徒歩1～4分</li><li>東武東上線「志木」駅バス20～22分 徒歩1～4分</li><li>JR武蔵野線「新座」駅バス10～12分 徒歩1～4分</li>
tokyo,hibarigaoka,清瀬旭が丘,61100,,,,東武東上線「志木」駅,21.0,26.0,清瀬市旭が丘2ほか,2-4-7号棟,鉄筋コンクリート造,5,N,504号室,3DK,50,5,58100,3000,2か月,"['近居割', '近居割WIDE']",随時,https://www.ur-net.go.jp/chintai/kanto/tokyo/20_1580_room.html?JKSS=000247504,<li>西武池袋線「清瀬」駅バス9～15分 徒歩1～4分</li><li>東武東上線「志木」駅バス20～22分 徒歩1～4分</li><li>JR武蔵野線「新座」駅バス10～12分 徒歩1～4分</li>
tokyo,hibarigaoka,清瀬旭が丘,61100,,,,JR武蔵野線「新座」駅,11.0,16.0,清瀬市旭が丘2ほか,2-4-7号棟,鉄筋コンクリート造,5,N,504号室,3DK,50,5,58100,3000,2か月,"['近居割', '近居割WIDE']",随時,https://www.ur-net.go.jp/chintai/kanto/tokyo/20_1580_room.html?JKSS=000247504,<li>西武池袋線「清瀬」駅バス9～15分 徒歩1～4分</li><li>東武東上線「志木」駅バス20～22分 徒歩1～4分</li><li>JR武蔵野線「新座」駅バス10～12分 徒歩1～4分</li>
tokyo,hibarigaoka,清瀬旭が丘,61100,,,,,,,清瀬市旭が丘2ほか,2-4-7号棟,鉄筋コンクリート造,5,N,504号室,3DK,50,5,58100,3000,2か月,"['近居割', '近居割WIDE']",随時,https://www.ur-net.go.jp/chintai/kanto/tokyo/20_1580_room.html?JKSS=000247504,<li>西武池袋線「清瀬」駅バス9～15分 徒歩1～4分</li><li>東武東上線「志木」駅バス20～22分 徒歩1～4分</li><li>JR武蔵野線「新座」駅バス10～12分 徒歩1～4分</li>
tokyo,hibarigaoka,清瀬駅前ハイツ,126500,西武池袋線「清瀬」駅,4.0,6.0,,,,清瀬市元町1-3ほか,3号棟,鉄筋コンクリート造,1,N,102号室,2LDK,66,8,123400,3100,2か月,['近居割'],随時,https://www.ur-net.go.jp/chintai/kanto/tokyo/20_3990_room.html?JKSS=000030102,<li>西武池袋線「清瀬」駅 徒歩4～6分</li><li>西武池袋線「東久留米」駅 徒歩29～32分</li><li>西武池袋線「秋津」駅 徒歩34～35分</li>
tokyo,hibarigaoka,清瀬駅前ハイツ,126500,西武池袋線「東久留米」駅,29.0,32.0,,,,清瀬市元町1-3ほか,3号棟,鉄筋コンクリート造,1,N,102号室,2LDK,66,8,123400,3100,2か月,['近居割'],随時,https://www.ur-net.go.jp/chintai/kanto/tokyo/20_3990_room.html?JKSS=000030102,<li>西武池袋線「清瀬」駅 徒歩4～6分</li><li>西武池袋線「東久留米」駅 徒歩29～32分</li><li>西武池袋線「秋津」駅 徒歩34～35分</li>
tokyo,hibarigaoka,清瀬駅前ハイツ,126500,西武池袋線「秋津」駅,34.0,35.0,,,,清瀬市元町1-3ほか,3号棟,鉄筋コンクリート造,1,N,102号室,2LDK,66,8,123400,3100,2か月,['近居割'],随時,https://www.ur-net.go.jp/chintai/kanto/tokyo/20_3990_room.html?JKSS=000030102,<li>西武池袋線「清瀬」駅 徒歩4～6分</li><li>西武池袋線「東久留米」駅 徒歩29～32分</li><li>西武池袋線「秋津」駅 徒歩34～35分</li>
tokyo,hibarigaoka,清瀬駅前ハイツ,126500,,,,,,,清瀬市元町1-3ほか,3号棟,鉄筋コンクリート造,1,N,102号室,2LDK,66,8,123400,3100,2か月,['近居割'],随時,https://www.ur-net.go.jp/chintai/kanto/tokyo/20_3990_room.html?JKSS=000030102,<li>西武池袋線「清瀬」駅 徒歩4～6分</li><li>西武池袋線「東久留米」駅 徒歩29～32分</li><li>西武池袋線「秋津」駅 徒歩34～35分</li>
tokyo,hibarigaoka,グリーンヒルズ東久留米,109900,西武池袋線「東久留米」駅,17.0,24.0,西武池袋線「東久留米」駅,6.0,10.0,東久留米市上の原1-3ほか,4号棟,鉄筋コンクリート造,2,N,207号室,2DK,50,10,103800,6100,2か月,"['近居割', '近居割WIDE']",随時,https://www.ur-net.go.jp/chintai/kanto/tokyo/20_6880_room.html?JKSS=000040207,<li>西武池袋線「東久留米」駅 徒歩17～24分 またはバス5分 徒歩1～5分</li><li>JR武蔵野線「新座」駅バス20分 徒歩1～5分</li><li>西武池袋線「清瀬」駅 徒歩31～34分</li>
tokyo,hibarigaoka,グリーンヒルズ東久留米,109900,,,,JR武蔵野線「新座」駅,21.0,25.0,東久留米市上の原1-3ほか,4号棟,鉄筋コンクリート造,2,N,207号室,2DK,50,10,103800,6100,2か月,"['近居割', '近居割WIDE']",随時,https://www.ur-net.go.jp/chintai/kanto/tokyo/20_6880_room.html?JKSS=000040207,<li>西武池袋線「東久留米」駅 徒歩17～24分 またはバス5分 徒歩1～5分</li><li>JR武蔵野線「新座」駅バス20分 徒歩1～5分</li><li>西武池袋線「清瀬」駅 徒歩31～34分</li>
tokyo,hibarigaoka,グリーンヒルズ東久留米,109900,西武池袋線「清瀬」駅,31.0,34.0,,,,東久留米市上の原1-3ほか,4号棟,鉄筋コンクリート造,2,N,207号室,2DK,50,10,103800,6100,2か月,"['近居割', '近居割WIDE']",随時,https://www.ur-net.go.jp/chintai/kanto/tokyo/20_6880_room.html?JKSS=000040207,<li>西武池袋線「東久留米」駅 徒歩17～24分 またはバス5分 徒歩1～5分</li><li>JR武蔵野線「新座」駅バス20分 徒歩1～5分</li><li>西武池袋線「清瀬」駅 徒歩31～34分</li>
tokyo,hibarigaoka,グリーンヒルズ東久留米,109900,,,,,,,東久留米市上の原1-3ほか,4号棟,鉄筋コンクリート造,2,N,207号室,2DK,50,10,103800,6100,2か月,"['近居割', '近居割WIDE']",随時,https://www.ur-net.go.jp/chintai/kanto/tokyo/20_6880_room.html?JKSS=000040207,<li>西武池袋線「東久留米」駅 徒歩17～24分 またはバス5分 徒歩1～5分</li><li>JR武蔵野線「新座」駅バス20分 徒歩1～5分</li><li>西武池袋線「清瀬」駅 徒歩31～34分</li>
tokyo,hibarigaoka,グリーンヒルズ東久留米,112000,西武池袋線「東久留米」駅,17.0,24.0,西武池袋線「東久留米」駅,6.0,10.0,東久留米市上の原1-3ほか,3号棟,鉄筋コンクリート造,3,N,303号室,2DK,50,10,105900,6100,2か月,"['近居割', '近居割WIDE']",随時,https://www.ur-net.go.jp/chintai/kanto/tokyo/20_6880_room.html?JKSS=000030303,<li>西武池袋線「東久留米」駅 徒歩17～24分 またはバス5分 徒歩1～5分</li><li>JR武蔵野線「新座」駅バス20分 徒歩1～5分</li><li>西武池袋線「清瀬」駅 徒歩31～34分</li>
tokyo,hibarigaoka,グリーンヒルズ東久留米,112000,,,,JR武蔵野線「新座」駅,21.0,25.0,東久留米市上の原1-3ほか,3号棟,鉄筋コンクリート造,3,N,303号室,2DK,50,10,105900,6100,2か月,"['近居割', '近居割WIDE']",随時,https://www.ur-net.go.jp/chintai/kanto/tokyo/20_6880_room.html?JKSS=000030303,<li>西武池袋線「東久留米」駅 徒歩17～24分 またはバス5分 徒歩1～5分</li><li>JR武蔵野線「新座」駅バス20分 徒歩1～5分</li><li>西武池袋線「清瀬」駅 徒歩31～34分</li>
tokyo,hibarigaoka,グリーンヒルズ東久留米,112000,西武池袋線「清瀬」駅,31.0,34.0,,,,東久留米市上の原1-3ほか,3号棟,鉄筋コンクリート造,3,N,303号室,2DK,50,10,105900,6100,2か月,"['近居割', '近居割WIDE']",随時,https://www.ur-net.go.jp/chintai/kanto/tokyo/20_6880_room.html?JKSS=000030303,<li>西武池袋線「東久留米」駅 徒歩17～24分 またはバス5分 徒歩1～5分</li><li>JR武蔵野線「新座」駅バス20分 徒歩1～5分</li><li>西武池袋線「清瀬」駅 徒歩31～34分</li>
tokyo,hibarigaoka,グリーンヒルズ東久留米,112000,,,,,,,東久留米市上の原1-3ほか,3号棟,鉄筋コンクリート造,3,N,303号室,2DK,50,10,105900,6100,2か月,"['近居割', '近居割WIDE']",随時,https://www.ur-net.go.jp/chintai/kanto/tokyo/20_6880_room.html?JKSS=000030303,<li>西武池袋線「東久留米」駅 徒歩17～24分 またはバス5分 徒歩1～5分</li><li>JR武蔵野線「新座」駅バス20分 徒歩1～5分</li><li>西武池袋線「清瀬」駅 徒歩31～34分</li>
tokyo,hibarigaoka,グリーンヒルズ東久留米,113400,西武池袋線「東久留米」駅,17.0,24.0,西武池袋線「東久留米」駅,6.0,10.0,東久留米市上の原1-3ほか,1号棟,鉄筋コンクリート造,6,N,609号室,2DK,50,8,107300,6100,2か月,"['近居割', '近居割WIDE']",随時,https://www.ur-net.go.jp/chintai/kanto/tokyo/20_6880_room.html?JKSS=000010609,<li>西武池袋線「東久留米」駅 徒歩17～24分 またはバス5分 徒歩1～5分</li><li>JR武蔵野線「新座」駅バス20分 徒歩1～5分</li><li>西武池袋線「清瀬」駅 徒歩31～34分</li>
tokyo,hibarigaoka,グリーンヒルズ東久留米,113400,,,,JR武蔵野線「新座」駅,21.0,25.0,東久留米市上の原1-3ほか,1号棟,鉄筋コンクリート造,6,N,609号室,2DK,50,8,107300,6100,2か月,"['近居割', '近居割WIDE']",随時,https://www.ur-net.go.jp/chintai/kanto/tokyo/20_6880_room.html?JKSS=000010609,<li>西武池袋線「東久留米」駅 徒歩17～24分 またはバス5分 徒歩1～5分</li><li>JR武蔵野線「新座」駅バス20分 徒歩1～5分</li><li>西武池袋線「清瀬」駅 徒歩31～34分</li>
tokyo,hibarigaoka,グリーンヒルズ東久留米,113400,西武池袋線「清瀬」駅,31.0,34.0,,,,東久留米市上の原1-3ほか,1号棟,鉄筋コンクリート造,6,N,609号室,2DK,50,8,107300,6100,2か月,"['近居割', '近居割WIDE']",随時,https://www.ur-net.go.jp/chintai/kanto/tokyo/20_6880_room.html?JKSS=000010609,<li>西武池袋線「東久留米」駅 徒歩17～24分 またはバス5分 徒歩1～5分</li><li>JR武蔵野線「新座」駅バス20分 徒歩1～5分</li><li>西武池袋線「清瀬」駅 徒歩31～34分</li>
tokyo,hibarigaoka,グリーンヒルズ東久留米,113400,,,,,,,東久留米市上の原1-3ほか,1号棟,鉄筋コンクリート造,6,N,609号室,2DK,50,8,107300,6100,2か月,"['近居割', '近居割WIDE']",随時,https://www.ur-net.go.jp/chintai/kanto/tokyo/20_6880_room.html?JKSS=000010609,<li>西武池袋線「東久留米」駅 徒歩17～24分 またはバス5分 徒歩1～5分</li><li>JR武蔵野線「新座」駅バス20分 徒歩1～5分</li><li>西武池袋線「清瀬」駅 徒歩31～34分</li>
tokyo,hibarigaoka,グリーンヒルズ東久留米,114300,西武池袋線「東久留米」駅,17.0,24.0,西武池袋線「東久留米」駅,6.0,10.0,東久留米市上の原1-3ほか,5号棟,鉄筋コンクリート造,7,N,706号室,2DK,50,10,108200,6100,2か月,"['近居割', '近居割WIDE']",随時,https://www.ur-net.go.jp/chintai/kanto/tokyo/20_6880_room.html?JKSS=000050706,<li>西武池袋線「東久留米」駅 徒歩17～24分 またはバス5分 徒歩1～5分</li><li>JR武蔵野線「新座」駅バス20分 徒歩1～5分</li><li>西武池袋線「清瀬」駅 徒歩31～34分</li>
tokyo,hibarigaoka,グリーンヒルズ東久留米,114300,,,,JR武蔵野線「新座」駅,21.0,25.0,東久留米市上の原1-3ほか,5号棟,鉄筋コンクリート造,7,N,706号室,2DK,50,10,108200,6100,2か月,"['近居割', '近居割WIDE']",随時,https://www.ur-net.go.jp/chintai/kanto/tokyo/20_6880_room.html?JKSS=000050706,<li>西武池袋線「東久留米」駅 徒歩17～24分 またはバス5分 徒歩1～5分</li><li>JR武蔵野線「新座」駅バス20分 徒歩1～5分</li><li>西武池袋線「清瀬」駅 徒歩31～34分</li>
tokyo,hibarigaoka,グリーンヒルズ東久留米,114300,西武池袋線「清瀬」駅,31.0,34.0,,,,東久留米市上の原1-3ほか,5号棟,鉄筋コンクリート造,7,N,706号室,2DK,50,10,108200,6100,2か月,"['近居割', '近居割WIDE']",随時,https://www.ur-net.go.jp/chintai/kanto/tokyo/20_6880_room.html?JKSS=000050706,<li>西武池袋線「東久留米」駅 徒歩17～24分 またはバス5分 徒歩1～5分</li><li>JR武蔵野線「新座」駅バス20分 徒歩1～5分</li><li>西武池袋線「清瀬」駅 徒歩31～34分</li>
tokyo,hibarigaoka,グリーンヒルズ東久留米,114300,,,,,,,東久留米市上の原1-3ほか,5号棟,鉄筋コンクリート造,7,N,706号室,2DK,50,10,108200,6100,2か月,"['近居割', '近居割WIDE']",随時,https://www.ur-net.go.jp/chintai/kanto/tokyo/20_6880_room.html?JKSS=000050706,<li>西武池袋線「東久留米」駅 徒歩17～24分 またはバス5分 徒歩1～5分</li><li>JR武蔵野線「新座」駅バス20分 徒歩1～5分</li><li>西武池袋線「清瀬」駅 徒歩31～34分</li>
tokyo,hibarigaoka,グリーンヒルズ東久留米,128800,西武池袋線「東久留米」駅,17.0,24.0,西武池袋線「東久留米」駅,6.0,10.0,東久留米市上の原1-3ほか,6号棟,鉄筋コンクリート造,1,N,106号室,1LDK,62,10,122700,6100,2か月,"['近居割', '近居割WIDE']",随時,https://www.ur-net.go.jp/chintai/kanto/tokyo/20_6880_room.html?JKSS=000060106,<li>西武池袋線「東久留米」駅 徒歩17～24分 またはバス5分 徒歩1～5分</li><li>JR武蔵野線「新座」駅バス20分 徒歩1～5分</li><li>西武池袋線「清瀬」駅 徒歩31～34分</li>
tokyo,hibarigaoka,グリーンヒルズ東久留米,128800,,,,JR武蔵野線「新座」駅,21.0,25.0,東久留米市上の原1-3ほか,6号棟,鉄筋コンクリート造,1,N,106号室,1LDK,62,10,122700,6100,2か月,"['近居割', '近居割WIDE']",随時,https://www.ur-net.go.jp/chintai/kanto/tokyo/20_6880_room.html?JKSS=000060106,<li>西武池袋線「東久留米」駅 徒歩17～24分 またはバス5分 徒歩1～5分</li><li>JR武蔵野線「新座」駅バス20分 徒歩1～5分</li><li>西武池袋線「清瀬」駅 徒歩31～34分</li>
tokyo,hibarigaoka,グリーンヒルズ東久留米,128800,西武池袋線「清瀬」駅,31.0,34.0,,,,東久留米市上の原1-3ほか,6号棟,鉄筋コンクリート造,1,N,106号室,1LDK,62,10,122700,6100,2か月,"['近居割', '近居割WIDE']",随時,https://www.ur-net.go.jp/chintai/kanto/tokyo/20_6880_room.html?JKSS=000060106,<li>西武池袋線「東久留米」駅 徒歩17～24分 またはバス5分 徒歩1～5分</li><li>JR武蔵野線「新座」駅バス20分 徒歩1～5分</li><li>西武池袋線「清瀬」駅 徒歩31～34分</li>
tokyo,hibarigaoka,グリーンヒルズ東久留米,128800,,,,,,,東久留米市上の原1-3ほか,6号棟,鉄筋コンクリート造,1,N,106号室,1LDK,62,10,122700,6100,2か月,"['近居割', '近居割WIDE']",随時,https://www.ur-net.go.jp/chintai/kanto/tokyo/20_6880_room.html?JKSS=000060106,<li>西武池袋線「東久留米」駅 徒歩17～24分 またはバス5分 徒歩1～5分</li><li>JR武蔵野線「新座」駅バス20分 徒歩1～5分</li><li>西武池袋線「清瀬」駅 徒歩31～34分</li>
tokyo,hibarigaoka,ひばりが丘パークヒルズ,129900,西武池袋線「ひばりヶ丘」駅,15.0,22.0,西武池袋線「ひばりヶ丘」駅,4.0,8.0,西東京市ひばりが丘3-5、東久留米市ひばりが丘団地6ほか,6-3号棟,鉄筋コンクリート造,6,N,605号室,2DK,50,7,122900,7000,2か月,"['近居割', '近居割WIDE']",随時,https://www.ur-net.go.jp/chintai/kanto/tokyo/20_6771_room.html?JKSS=006030605,<li>西武池袋線「ひばりヶ丘」駅 徒歩15～22分 またはバス3～4分 徒歩1～4分</li><li>西武新宿線「田無」駅バス11～15分 徒歩1～4分</li><li>JR中央線「武蔵境」駅バス27～33分 徒歩1～4分</li>
tokyo,hibarigaoka,ひばりが丘パークヒルズ,129900,,,,西武新宿線「田無」駅,12.0,19.0,西東京市ひばりが丘3-5、東久留米市ひばりが丘団地6ほか,6-3号棟,鉄筋コンクリート造,6,N,605号室,2DK,50,7,122900,7000,2か月,"['近居割', '近居割WIDE']",随時,https://www.ur-net.go.jp/chintai/kanto/tokyo/20_6771_room.html?JKSS=006030605,<li>西武池袋線「ひばりヶ丘」駅 徒歩15～22分 またはバス3～4分 徒歩1～4分</li><li>西武新宿線「田無」駅バス11～15分 徒歩1～4分</li><li>JR中央線「武蔵境」駅バス27～33分 徒歩1～4分</li>
tokyo,hibarigaoka,ひばりが丘パークヒルズ,129900,,,,JR中央線「武蔵境」駅,28.0,37.0,西東京市ひばりが丘3-5、東久留米市ひばりが丘団地6ほか,6-3号棟,鉄筋コンクリート造,6,N,605号室,2DK,50,7,122900,7000,2か月,"['近居割', '近居割WIDE']",随時,https://www.ur-net.go.jp/chintai/kanto/tokyo/20_6771_room.html?JKSS=006030605,<li>西武池袋線「ひばりヶ丘」駅 徒歩15～22分 またはバス3～4分 徒歩1～4分</li><li>西武新宿線「田無」駅バス11～15分 徒歩1～4分</li><li>JR中央線「武蔵境」駅バス27～33分 徒歩1～4分</li>
tokyo,hibarigaoka,ひばりが丘パークヒルズ,129900,,,,,,,西東京市ひばりが丘3-5、東久留米市ひばりが丘団地6ほか,6-3号棟,鉄筋コンクリート造,6,N,605号室,2DK,50,7,122900,7000,2か月,"['近居割', '近居割WIDE']",随時,https://www.ur-net.go.jp/chintai/kanto/tokyo/20_6771_room.html?JKSS=006030605,<li>西武池袋線「ひばりヶ丘」駅 徒歩15～22分 またはバス3～4分 徒歩1～4分</li><li>西武新宿線「田無」駅バス11～15分 徒歩1～4分</li><li>JR中央線「武蔵境」駅バス27～33分 徒歩1～4分</li>
tokyo,hibarigaoka,ひばりが丘パークヒルズ,163300,西武池袋線「ひばりヶ丘」駅,15.0,22.0,西武池袋線「ひばりヶ丘」駅,4.0,8.0,西東京市ひばりが丘3-5、東久留米市ひばりが丘団地6ほか,7-2号棟,鉄筋コンクリート造,4,N,405号室,1LDK,62,5,156300,7000,2か月,"['近居割', '近居割WIDE']",随時,https://www.ur-net.go.jp/chintai/kanto/tokyo/20_6771_room.html?JKSS=007020405,<li>西武池袋線「ひばりヶ丘」駅 徒歩15～22分 またはバス3～4分 徒歩1～4分</li><li>西武新宿線「田無」駅バス11～15分 徒歩1～4分</li><li>JR中央線「武蔵境」駅バス27～33分 徒歩1～4分</li>
tokyo,hibarigaoka,ひばりが丘パークヒルズ,163300,,,,西武新宿線「田無」駅,12.0,19.0,西東京市ひばりが丘3-5、東久留米市ひばりが丘団地6ほか,7-2号棟,鉄筋コンクリート造,4,N,405号室,1LDK,62,5,156300,7000,2か月,"['近居割', '近居割WIDE']",随時,https://www.ur-net.go.jp/chintai/kanto/tokyo/20_6771_room.html?JKSS=007020405,<li>西武池袋線「ひばりヶ丘」駅 徒歩15～22分 またはバス3～4分 徒歩1～4分</li><li>西武新宿線「田無」駅バス11～15分 徒歩1～4分</li><li>JR中央線「武蔵境」駅バス27～33分 徒歩1～4分</li>
tokyo,hibarigaoka,ひばりが丘パークヒルズ,163300,,,,JR中央線「武蔵境」駅,28.0,37.0,西東京市ひばりが丘3-5、東久留米市ひばりが丘団地6ほか,7-2号棟,鉄筋コンクリート造,4,N,405号室,1LDK,62,5,156300,7000,2か月,"['近居割', '近居割WIDE']",随時,https://www.ur-net.go.jp/chintai/kanto/tokyo/20_6771_room.html?JKSS=007020405,<li>西武池袋線「ひばりヶ丘」駅 徒歩15～22分 またはバス3～4分 徒歩1～4分</li><li>西武新宿線「田無」駅バス11～15分 徒歩1～4分</li><li>JR中央線「武蔵境」駅バス27～33分 徒歩1～4分</li>
tokyo,hibarigaoka,ひばりが丘パークヒルズ,163300,,,,,,,西東京市ひばりが丘3-5、東久留米市ひばりが丘団地6ほか,7-2号棟,鉄筋コンクリート造,4,N,405号室,1LDK,62,5,156300,7000,2か月,"['近居割', '近居割WIDE']",随時,https://www.ur-net.go.jp/chintai/kanto/tokyo/20_6771_room.html?JKSS=007020405,<li>西武池袋線「ひばりヶ丘」駅 徒歩15～22分 またはバス3～4分 徒歩1～4分</li><li>西武新宿線「田無」駅バス11～15分 徒歩1～4分</li><li>JR中央線「武蔵境」駅バス27～33分 徒歩1～4分</li>
tokyo,nagayama,多摩ニュータウン ファインヒルいなぎ リベレ向陽台,92300,,,,京王相模原線「稲城」駅,8.0,11.0,稲城市向陽台5-10,8号棟,鉄筋コンクリート造,4,N,404号室,3DK,62,6,89300,3000,2か月,"['近居割', '近居割WIDE']",随時,https://www.ur-net.go.jp/chintai/kanto/tokyo/20_4190_room.html?JKSS=510080404,<li>京王相模原線「稲城」駅バス6分 徒歩2～5分</li><li>JR南武線「南多摩」駅 徒歩20～22分</li><li>JR南武線「稲城長沼」駅 徒歩24～30分</li>
tokyo,nagayama,多摩ニュータウン ファインヒルいなぎ リベレ向陽台,92300,JR南武線「南多摩」駅,20.0,22.0,,,,稲城市向陽台5-10,8号棟,鉄筋コンクリート造,4,N,404号室,3DK,62,6,89300,3000,2か月,"['近居割', '近居割WIDE']",随時,https://www.ur-net.go.jp/chintai/kanto/tokyo/20_4190_room.html?JKSS=510080404,<li>京王相模原線「稲城」駅バス6分 徒歩2～5分</li><li>JR南武線「南多摩」駅 徒歩20～22分</li><li>JR南武線「稲城長沼」駅 徒歩24～30分</li>
tokyo,nagayama,多摩ニュータウン ファインヒルいなぎ リベレ向陽台,92300,JR南武線「稲城長沼」駅,24.0,30.0,,,,稲城市向陽台5-10,8号棟,鉄筋コンクリート造,4,N,404号室,3DK,62,6,89300,3000,2か月,"['近居割', '近居割WIDE']",随時,https://www.ur-net.go.jp/chintai/kanto/tokyo/20_4190_room.html?JKSS=510080404,<li>京王相模原線「稲城」駅バス6分 徒歩2～5分</li><li>JR南武線「南多摩」駅 徒歩20～22分</li><li>JR南武線「稲城長沼」駅 徒歩24～30分</li>
tokyo,nagayama,多摩ニュータウン ファインヒルいなぎ リベレ向陽台,92300,,,,,,,稲城市向陽台5-10,8号棟,鉄筋コンクリート造,4,N,404号室,3DK,62,6,89300,3000,2か月,"['近居割', '近居割WIDE']",随時,https://www.ur-net.go.jp/chintai/kanto/tokyo/20_4190_room.html?JKSS=510080404,<li>京王相模原線「稲城」駅バス6分 徒歩2～5分</li><li>JR南武線「南多摩」駅 徒歩20～22分</li><li>JR南武線「稲城長沼」駅 徒歩24～30分</li>
tokyo,nagayama,多摩ニュータウン ファインヒルいなぎ リベレ向陽台,97800,,,,京王相模原線「稲城」駅,8.0,11.0,稲城市向陽台5-10,9号棟,鉄筋コンクリート造,4,N,404号室,3DK,66,6,94800,3000,2か月,"['近居割', '近居割WIDE']",随時,https://www.ur-net.go.jp/chintai/kanto/tokyo/20_4190_room.html?JKSS=510090404,<li>京王相模原線「稲城」駅バス6分 徒歩2～5分</li><li>JR南武線「南多摩」駅 徒歩20～22分</li><li>JR南武線「稲城長沼」駅 徒歩24～30分</li>
tokyo,nagayama,多摩ニュータウン ファインヒルいなぎ リベレ向陽台,97800,JR南武線「南多摩」駅,20.0,22.0,,,,稲城市向陽台5-10,9号棟,鉄筋コンクリート造,4,N,404号室,3DK,66,6,94800,3000,2か月,"['近居割', '近居割WIDE']",随時,https://www.ur-net.go.jp/chintai/kanto/tokyo/20_4190_room.html?JKSS=510090404,<li>京王相模原線「稲城」駅バス6分 徒歩2～5分</li><li>JR南武線「南多摩」駅 徒歩20～22分</li><li>JR南武線「稲城長沼」駅 徒歩24～30分</li>
tokyo,nagayama,多摩ニュータウン ファインヒルいなぎ リベレ向陽台,97800,JR南武線「稲城長沼」駅,24.0,30.0,,,,稲城市向陽台5-10,9号棟,鉄筋コンクリート造,4,N,404号室,3DK,66,6,94800,3000,2か月,"['近居割', '近居割WIDE']",随時,https://www.ur-net.go.jp/chintai/kanto/tokyo/20_4190_room.html?JKSS=510090404,<li>京王相模原線「稲城」駅バス6分 徒歩2～5分</li><li>JR南武線「南多摩」駅 徒歩20～22分</li><li>JR南武線「稲城長沼」駅 徒歩24～30分</li>
tokyo,nagayama,多摩ニュータウン ファインヒルいなぎ リベレ向陽台,97800,,,,,,,稲城市向陽台5-10,9号棟,鉄筋コンクリート造,4,N,404号室,3DK,66,6,94800,3000,2か月,"['近居割', '近居割WIDE']",随時,https://www.ur-net.go.jp/chintai/kanto/tokyo/20_4190_room.html?JKSS=510090404,<li>京王相模原線「稲城」駅バス6分 徒歩2～5分</li><li>JR南武線「南多摩」駅 徒歩20～22分</li><li>JR南武線「稲城長沼」駅 徒歩24～30分</li>
tokyo,nagayama,多摩ニュータウン ファインヒルいなぎ 長峰・杜の一番街,110700,,,,京王相模原線「若葉台」駅,10.0,12.0,稲城市長峰3-2,2号棟,鉄筋コンクリート造,12,N,1204号室,2LDK,72,14,105300,5400,2か月,"['近居割', '近居割WIDE']",随時,https://www.ur-net.go.jp/chintai/kanto/tokyo/20_5290_room.html?JKSS=000021204,<li>京王相模原線「若葉台」駅バス6分 徒歩4～6分</li><li>京王相模原線「稲城」駅バス11分 徒歩4～6分</li><li>JR南武線「南多摩」駅 徒歩32～33分</li>
tokyo,nagayama,多摩ニュータウン ファインヒルいなぎ 長峰・杜の一番街,110700,,,,京王相模原線「稲城」駅,15.0,17.0,稲城市長峰3-2,2号棟,鉄筋コンクリート造,12,N,1204号室,2LDK,72,14,105300,5400,2か月,"['近居割', '近居割WIDE']",随時,https://www.ur-net.go.jp/chintai/kanto/tokyo/20_5290_room.html?JKSS=000021204,<li>京王相模原線「若葉台」駅バス6分 徒歩4～6分</li><li>京王相模原線「稲城」駅バス11分 徒歩4～6分</li><li>JR南武線「南多摩」駅 徒歩32～33分</li>
tokyo,nagayama,多摩ニュータウン ファインヒルいなぎ 長峰・杜の一番街,110700,JR南武線「南多摩」駅,32.0,33.0,,,,稲城市長峰3-2,2号棟,鉄筋コンクリート造,12,N,1204号室,2LDK,72,14,105300,5400,2か月,"['近居割', '近居割WIDE']",随時,https://www.ur-net.go.jp/chintai/kanto/tokyo/20_5290_room.html?JKSS=000021204,<li>京王相模原線「若葉台」駅バス6分 徒歩4～6分</li><li>京王相模原線「稲城」駅バス11分 徒歩4～6分</li><li>JR南武線「南多摩」駅 徒歩32～33分</li>
tokyo,nagayama,多摩ニュータウン ファインヒルいなぎ 長峰・杜の一番街,110700,,,,,,,稲城市長峰3-2,2号棟,鉄筋コンクリート造,12,N,1204号室,2LDK,72,14,105300,5400,2か月,"['近居割', '近居割WIDE']",随時,https://www.ur-net.go.jp/chintai/kanto/tokyo/20_5290_room.html?JKSS=000021204,<li>京王相模原線「若葉台」駅バス6分 徒歩4～6分</li><li>京王相模原線「稲城」駅バス11分 徒歩4～6分</li><li>JR南武線「南多摩」駅 徒歩32～33分</li>
tokyo,nagayama,多摩ニュータウン ファインヒルいなぎ 長峰・杜の一番街,116100,,,,京王相模原線「若葉台」駅,10.0,12.0,稲城市長峰3-2,3号棟,鉄筋コンクリート造,5,N,503号室,3LDK,77,10,110700,5400,2か月,"['近居割', '近居割WIDE']",随時,https://www.ur-net.go.jp/chintai/kanto/tokyo/20_5290_room.html?JKSS=000030503,<li>京王相模原線「若葉台」駅バス6分 徒歩4～6分</li><li>京王相模原線「稲城」駅バス11分 徒歩4～6分</li><li>JR南武線「南多摩」駅 徒歩32～33分</li>
tokyo,nagayama,多摩ニュータウン ファインヒルいなぎ 長峰・杜の一番街,116100,,,,京王相模原線「稲城」駅,15.0,17.0,稲城市長峰3-2,3号棟,鉄筋コンクリート造,5,N,503号室,3LDK,77,10,110700,5400,2か月,"['近居割', '近居割WIDE']",随時,https://www.ur-net.go.jp/chintai/kanto/tokyo/20_5290_room.html?JKSS=000030503,<li>京王相模原線「若葉台」駅バス6分 徒歩4～6分</li><li>京王相模原線「稲城」駅バス11分 徒歩4～6分</li><li>JR南武線「南多摩」駅 徒歩32～33分</li>
tokyo,nagayama,多摩ニュータウン ファインヒルいなぎ 長峰・杜の一番街,116100,JR南武線「南多摩」駅,32.0,33.0,,,,稲城市長峰3-2,3号棟,鉄筋コンクリート造,5,N,503号室,3LDK,77,10,110700,5400,2か月,"['近居割', '近居割WIDE']",随時,https://www.ur-net.go.jp/chintai/kanto/tokyo/20_5290_room.html?JKSS=000030503,<li>京王相模原線「若葉台」駅バス6分 徒歩4～6分</li><li>京王相模原線「稲城」駅バス11分 徒歩4～6分</li><li>JR南武線「南多摩」駅 徒歩32～33分</li>
tokyo,nagayama,多摩ニュータウン ファインヒルいなぎ 長峰・杜の一番街,116100,,,,,,,稲城市長峰3-2,3号棟,鉄筋コンクリート造,5,N,503号室,3LDK,77,10,110700,5400,2か月,"['近居割', '近居割WIDE']",随時,https://www.ur-net.go.jp/chintai/kanto/tokyo/20_5290_room.html?JKSS=000030503,<li>京王相模原線「若葉台」駅バス6分 徒歩4～6分</li><li>京王相模原線「稲城」駅バス11分 徒歩4～6分</li><li>JR南武線「南多摩」駅 徒歩32～33分</li>
tokyo,nagayama,多摩ニュータウン ファインヒルいなぎ ビューコート若葉台,115800,京王相模原線「若葉台」駅,16.0,18.0,京王相模原線「若葉台」駅,3.0,5.0,稲城市若葉台4-33,2号棟,鉄筋コンクリート造,2,N,202号室,1LDK,56,8,111100,4700,2か月,"['近居割', '近居割WIDE']",随時,https://www.ur-net.go.jp/chintai/kanto/tokyo/20_5910_room.html?JKSS=000020202,<li>京王相模原線「若葉台」駅 徒歩16～18分 またはバス2分 徒歩1～3分</li><li>小田急多摩線「はるひ野」駅 徒歩18～19分</li><li>小田急多摩線「黒川」駅 徒歩28～30分</li>
tokyo,nagayama,多摩ニュータウン ファインヒルいなぎ ビューコート若葉台,115800,小田急多摩線「はるひ野」駅,18.0,19.0,,,,稲城市若葉台4-33,2号棟,鉄筋コンクリート造,2,N,202号室,1LDK,56,8,111100,4700,2か月,"['近居割', '近居割WIDE']",随時,https://www.ur-net.go.jp/chintai/kanto/tokyo/20_5910_room.html?JKSS=000020202,<li>京王相模原線「若葉台」駅 徒歩16～18分 またはバス2分 徒歩1～3分</li><li>小田急多摩線「はるひ野」駅 徒歩18～19分</li><li>小田急多摩線「黒川」駅 徒歩28～30分</li>
tokyo,nagayama,多摩ニュータウン ファインヒルいなぎ ビューコート若葉台,115800,小田急多摩線「黒川」駅,28.0,30.0,,,,稲城市若葉台4-33,2号棟,鉄筋コンクリート造,2,N,202号室,1LDK,56,8,111100,4700,2か月,"['近居割', '近居割WIDE']",随時,https://www.ur-net.go.jp/chintai/kanto/tokyo/20_5910_room.html?JKSS=000020202,<li>京王相模原線「若葉台」駅 徒歩16～18分 またはバス2分 徒歩1～3分</li><li>小田急多摩線「はるひ野」駅 徒歩18～19分</li><li>小田急多摩線「黒川」駅 徒歩28～30分</li>
tokyo,nagayama,多摩ニュータウン ファインヒルいなぎ ビューコート若葉台,115800,,,,,,,稲城市若葉台4-33,2号棟,鉄筋コンクリート造,2,N,202号室,1LDK,56,8,111100,4700,2か月,"['近居割', '近居割WIDE']",随時,https://www.ur-net.go.jp/chintai/kanto/tokyo/20_5910_room.html?JKSS=000020202,<li>京王相模原線「若葉台」駅 徒歩16～18分 またはバス2分 徒歩1～3分</li><li>小田急多摩線「はるひ野」駅 徒歩18～19分</li><li>小田急多摩線「黒川」駅 徒歩28～30分</li>
kanagawa,shinyurigaoka,星が丘パークランド　ひよどり台,113400,京王相模原線「京王稲田堤」駅,13.0,15.0,,,,川崎市多摩区菅北浦5-7,4号棟,鉄筋コンクリート造,5,N,505号室,3LDK,67,5,110900,2500,2か月,['近居割'],随時,https://www.ur-net.go.jp/chintai/kanto/kanagawa/40_2410_room.html?JKSS=000040505,<li>京王相模原線「京王稲田堤」駅 徒歩13～15分</li><li>JR南武線「稲田堤」駅 徒歩12～13分</li><li>小田急小田原線「読売ランド前」駅バス5分 徒歩4～7分</li>
kanagawa,shinyurigaoka,星が丘パークランド　ひよどり台,113400,JR南武線「稲田堤」駅,12.0,13.0,,,,川崎市多摩区菅北浦5-7,4号棟,鉄筋コンクリート造,5,N,505号室,3LDK,67,5,110900,2500,2か月,['近居割'],随時,https://www.ur-net.go.jp/chintai/kanto/kanagawa/40_2410_room.html?JKSS=000040505,<li>京王相模原線「京王稲田堤」駅 徒歩13～15分</li><li>JR南武線「稲田堤」駅 徒歩12～13分</li><li>小田急小田原線「読売ランド前」駅バス5分 徒歩4～7分</li>
kanagawa,shinyurigaoka,星が丘パークランド　ひよどり台,113400,,,,小田急小田原線「読売ランド前」駅,9.0,12.0,川崎市多摩区菅北浦5-7,4号棟,鉄筋コンクリート造,5,N,505号室,3LDK,67,5,110900,2500,2か月,['近居割'],随時,https://www.ur-net.go.jp/chintai/kanto/kanagawa/40_2410_room.html?JKSS=000040505,<li>京王相模原線「京王稲田堤」駅 徒歩13～15分</li><li>JR南武線「稲田堤」駅 徒歩12～13分</li><li>小田急小田原線「読売ランド前」駅バス5分 徒歩4～7分</li>
kanagawa,shinyurigaoka,星が丘パークランド　ひよどり台,113400,,,,,,,川崎市多摩区菅北浦5-7,4号棟,鉄筋コンクリート造,5,N,505号室,3LDK,67,5,110900,2500,2か月,['近居割'],随時,https://www.ur-net.go.jp/chintai/kanto/kanagawa/40_2410_room.html?JKSS=000040505,<li>京王相模原線「京王稲田堤」駅 徒歩13～15分</li><li>JR南武線「稲田堤」駅 徒歩12～13分</li><li>小田急小田原線「読売ランド前」駅バス5分 徒歩4～7分</li>
kanagawa,shinyurigaoka,虹ヶ丘,71100,,,,東急田園都市線「あざみ野」駅,12.0,17.0,川崎市麻生区虹ケ丘2-2ほか,2-1号棟,鉄筋コンクリート造、鉄骨鉄筋コンクリート造,5,N,501号室,1K,35,8,67300,3800,2か月,"['近居割', '近居割WIDE']",随時,https://www.ur-net.go.jp/chintai/kanto/kanagawa/40_1710_room.html?JKSS=002010501,<li>東急田園都市線「あざみ野」駅バス10分　徒歩2～7分</li><li>東急田園都市線「たまプラーザ」駅バス12分　徒歩2～7分</li><li>小田急小田原線「新百合ヶ丘」駅バス16分　徒歩3～8分</li>
kanagawa,shinyurigaoka,虹ヶ丘,71100,,,,東急田園都市線「たまプラーザ」駅,14.0,19.0,川崎市麻生区虹ケ丘2-2ほか,2-1号棟,鉄筋コンクリート造、鉄骨鉄筋コンクリート造,5,N,501号室,1K,35,8,67300,3800,2か月,"['近居割', '近居割WIDE']",随時,https://www.ur-net.go.jp/chintai/kanto/kanagawa/40_1710_room.html?JKSS=002010501,<li>東急田園都市線「あざみ野」駅バス10分　徒歩2～7分</li><li>東急田園都市線「たまプラーザ」駅バス12分　徒歩2～7分</li><li>小田急小田原線「新百合ヶ丘」駅バス16分　徒歩3～8分</li>
kanagawa,shinyurigaoka,虹ヶ丘,71100,,,,小田急小田原線「新百合ヶ丘」駅,19.0,24.0,川崎市麻生区虹ケ丘2-2ほか,2-1号棟,鉄筋コンクリート造、鉄骨鉄筋コンクリート造,5,N,501号室,1K,35,8,67300,3800,2か月,"['近居割', '近居割WIDE']",随時,https://www.ur-net.go.jp/chintai/kanto/kanagawa/40_1710_room.html?JKSS=002010501,<li>東急田園都市線「あざみ野」駅バス10分　徒歩2～7分</li><li>東急田園都市線「たまプラーザ」駅バス12分　徒歩2～7分</li><li>小田急小田原線「新百合ヶ丘」駅バス16分　徒歩3～8分</li>
kanagawa,shinyurigaoka,虹ヶ丘,71100,,,,,,,川崎市麻生区虹ケ丘2-2ほか,2-1号棟,鉄筋コンクリート造、鉄骨鉄筋コンクリート造,5,N,501号室,1K,35,8,67300,3800,2か月,"['近居割', '近居割WIDE']",随時,https://www.ur-net.go.jp/chintai/kanto/kanagawa/40_1710_room.html?JKSS=002010501,<li>東急田園都市線「あざみ野」駅バス10分　徒歩2～7分</li><li>東急田園都市線「たまプラーザ」駅バス12分　徒歩2～7分</li><li>小田急小田原線「新百合ヶ丘」駅バス16分　徒歩3～8分</li>
kanagawa,shinyurigaoka,虹ヶ丘,71100,,,,東急田園都市線「あざみ野」駅,12.0,17.0,川崎市麻生区虹ケ丘2-2ほか,2-10号棟,鉄筋コンクリート造、鉄骨鉄筋コンクリート造,2,N,203号室,1K,35,8,67300,3800,2か月,"['近居割', '近居割WIDE']",随時,https://www.ur-net.go.jp/chintai/kanto/kanagawa/40_1710_room.html?JKSS=002100203,<li>東急田園都市線「あざみ野」駅バス10分　徒歩2～7分</li><li>東急田園都市線「たまプラーザ」駅バス12分　徒歩2～7分</li><li>小田急小田原線「新百合ヶ丘」駅バス16分　徒歩3～8分</li>
kanagawa,shinyurigaoka,虹ヶ丘,71100,,,,東急田園都市線「たまプラーザ」駅,14.0,19.0,川崎市麻生区虹ケ丘2-2ほか,2-10号棟,鉄筋コンクリート造、鉄骨鉄筋コンクリート造,2,N,203号室,1K,35,8,67300,3800,2か月,"['近居割', '近居割WIDE']",随時,https://www.ur-net.go.jp/chintai/kanto/kanagawa/40_1710_room.html?JKSS=002100203,<li>東急田園都市線「あざみ野」駅バス10分　徒歩2～7分</li><li>東急田園都市線「たまプラーザ」駅バス12分　徒歩2～7分</li><li>小田急小田原線「新百合ヶ丘」駅バス16分　徒歩3～8分</li>
kanagawa,shinyurigaoka,虹ヶ丘,71100,,,,小田急小田原線「新百合ヶ丘」駅,19.0,24.0,川崎市麻生区虹ケ丘2-2ほか,2-10号棟,鉄筋コンクリート造、鉄骨鉄筋コンクリート造,2,N,203号室,1K,35,8,67300,3800,2か月,"['近居割', '近居割WIDE']",随時,https://www.ur-net.go.jp/chintai/kanto/kanagawa/40_1710_room.html?JKSS=002100203,<li>東急田園都市線「あざみ野」駅バス10分　徒歩2～7分</li><li>東急田園都市線「たまプラーザ」駅バス12分　徒歩2～7分</li><li>小田急小田原線「新百合ヶ丘」駅バス16分　徒歩3～8分</li>
kanagawa,shinyurigaoka,虹ヶ丘,71100,,,,,,,川崎市麻生区虹ケ丘2-2ほか,2-10号棟,鉄筋コンクリート造、鉄骨鉄筋コンクリート造,2,N,203号室,1K,35,8,67300,3800,2か月,"['近居割', '近居割WIDE']",随時,https://www.ur-net.go.jp/chintai/kanto/kanagawa/40_1710_room.html?JKSS=002100203,<li>東急田園都市線「あざみ野」駅バス10分　徒歩2～7分</li><li>東急田園都市線「たまプラーザ」駅バス12分　徒歩2～7分</li><li>小田急小田原線「新百合ヶ丘」駅バス16分　徒歩3～8分</li>
kanagawa,shinyurigaoka,虹ヶ丘,81400,,,,東急田園都市線「あざみ野」駅,12.0,17.0,川崎市麻生区虹ケ丘2-2ほか,3-11号棟,鉄筋コンクリート造、鉄骨鉄筋コンクリート造,7,N,702号室,1LDK,43,8,77600,3800,2か月,['URライト（4年定借）'],随時,https://www.ur-net.go.jp/chintai/kanto/kanagawa/40_1710_room.html?JKSS=003110702,<li>東急田園都市線「あざみ野」駅バス10分　徒歩2～7分</li><li>東急田園都市線「たまプラーザ」駅バス12分　徒歩2～7分</li><li>小田急小田原線「新百合ヶ丘」駅バス16分　徒歩3～8分</li>
kanagawa,shinyurigaoka,虹ヶ丘,81400,,,,東急田園都市線「たまプラーザ」駅,14.0,19.0,川崎市麻生区虹ケ丘2-2ほか,3-11号棟,鉄筋コンクリート造、鉄骨鉄筋コンクリート造,7,N,702号室,1LDK,43,8,77600,3800,2か月,['URライト（4年定借）'],随時,https://www.ur-net.go.jp/chintai/kanto/kanagawa/40_1710_room.html?JKSS=003110702,<li>東急田園都市線「あざみ野」駅バス10分　徒歩2～7分</li><li>東急田園都市線「たまプラーザ」駅バス12分　徒歩2～7分</li><li>小田急小田原線「新百合ヶ丘」駅バス16分　徒歩3～8分</li>
kanagawa,shinyurigaoka,虹ヶ丘,81400,,,,小田急小田原線「新百合ヶ丘」駅,19.0,24.0,川崎市麻生区虹ケ丘2-2ほか,3-11号棟,鉄筋コンクリート造、鉄骨鉄筋コンクリート造,7,N,702号室,1LDK,43,8,77600,3800,2か月,['URライト（4年定借）'],随時,https://www.ur-net.go.jp/chintai/kanto/kanagawa/40_1710_room.html?JKSS=003110702,<li>東急田園都市線「あざみ野」駅バス10分　徒歩2～7分</li><li>東急田園都市線「たまプラーザ」駅バス12分　徒歩2～7分</li><li>小田急小田原線「新百合ヶ丘」駅バス16分　徒歩3～8分</li>
kanagawa,shinyurigaoka,虹ヶ丘,81400,,,,,,,川崎市麻生区虹ケ丘2-2ほか,3-11号棟,鉄筋コンクリート造、鉄骨鉄筋コンクリート造,7,N,702号室,1LDK,43,8,77600,3800,2か月,['URライト（4年定借）'],随時,https://www.ur-net.go.jp/chintai/kanto/kanagawa/40_1710_room.html?JKSS=003110702,<li>東急田園都市線「あざみ野」駅バス10分　徒歩2～7分</li><li>東急田園都市線「たまプラーザ」駅バス12分　徒歩2～7分</li><li>小田急小田原線「新百合ヶ丘」駅バス16分　徒歩3～8分</li>
kanagawa,shinyurigaoka,虹ヶ丘,98400,,,,東急田園都市線「あざみ野」駅,12.0,17.0,川崎市麻生区虹ケ丘2-2ほか,3-17号棟,鉄筋コンクリート造、鉄骨鉄筋コンクリート造,5,N,502号室,1LDK,53,11,94600,3800,2か月,['URライト（4年定借）'],随時,https://www.ur-net.go.jp/chintai/kanto/kanagawa/40_1710_room.html?JKSS=003170502,<li>東急田園都市線「あざみ野」駅バス10分　徒歩2～7分</li><li>東急田園都市線「たまプラーザ」駅バス12分　徒歩2～7分</li><li>小田急小田原線「新百合ヶ丘」駅バス16分　徒歩3～8分</li>
kanagawa,shinyurigaoka,虹ヶ丘,98400,,,,東急田園都市線「たまプラーザ」駅,14.0,19.0,川崎市麻生区虹ケ丘2-2ほか,3-17号棟,鉄筋コンクリート造、鉄骨鉄筋コンクリート造,5,N,502号室,1LDK,53,11,94600,3800,2か月,['URライト（4年定借）'],随時,https://www.ur-net.go.jp/chintai/kanto/kanagawa/40_1710_room.html?JKSS=003170502,<li>東急田園都市線「あざみ野」駅バス10分　徒歩2～7分</li><li>東急田園都市線「たまプラーザ」駅バス12分　徒歩2～7分</li><li>小田急小田原線「新百合ヶ丘」駅バス16分　徒歩3～8分</li>
kanagawa,shinyurigaoka,虹ヶ丘,98400,,,,小田急小田原線「新百合ヶ丘」駅,19.0,24.0,川崎市麻生区虹ケ丘2-2ほか,3-17号棟,鉄筋コンクリート造、鉄骨鉄筋コンクリート造,5,N,502号室,1LDK,53,11,94600,3800,2か月,['URライト（4年定借）'],随時,https://www.ur-net.go.jp/chintai/kanto/kanagawa/40_1710_room.html?JKSS=003170502,<li>東急田園都市線「あざみ野」駅バス10分　徒歩2～7分</li><li>東急田園都市線「たまプラーザ」駅バス12分　徒歩2～7分</li><li>小田急小田原線「新百合ヶ丘」駅バス16分　徒歩3～8分</li>
kanagawa,shinyurigaoka,虹ヶ丘,98400,,,,,,,川崎市麻生区虹ケ丘2-2ほか,3-17号棟,鉄筋コンクリート造、鉄骨鉄筋コンクリート造,5,N,502号室,1LDK,53,11,94600,3800,2か月,['URライト（4年定借）'],随時,https://www.ur-net.go.jp/chintai/kanto/kanagawa/40_1710_room.html?JKSS=003170502,<li>東急田園都市線「あざみ野」駅バス10分　徒歩2～7分</li><li>東急田園都市線「たまプラーザ」駅バス12分　徒歩2～7分</li><li>小田急小田原線「新百合ヶ丘」駅バス16分　徒歩3～8分</li>
kanagawa,shinyurigaoka,虹ヶ丘,99000,,,,東急田園都市線「あざみ野」駅,12.0,17.0,川崎市麻生区虹ケ丘2-2ほか,3-18号棟,鉄筋コンクリート造、鉄骨鉄筋コンクリート造,11,N,1103号室,1LDK,53,11,95200,3800,2か月,['URライト（4年定借）'],随時,https://www.ur-net.go.jp/chintai/kanto/kanagawa/40_1710_room.html?JKSS=003181103,<li>東急田園都市線「あざみ野」駅バス10分　徒歩2～7分</li><li>東急田園都市線「たまプラーザ」駅バス12分　徒歩2～7分</li><li>小田急小田原線「新百合ヶ丘」駅バス16分　徒歩3～8分</li>
kanagawa,shinyurigaoka,虹ヶ丘,99000,,,,東急田園都市線「たまプラーザ」駅,14.0,19.0,川崎市麻生区虹ケ丘2-2ほか,3-18号棟,鉄筋コンクリート造、鉄骨鉄筋コンクリート造,11,N,1103号室,1LDK,53,11,95200,3800,2か月,['URライト（4年定借）'],随時,https://www.ur-net.go.jp/chintai/kanto/kanagawa/40_1710_room.html?JKSS=003181103,<li>東急田園都市線「あざみ野」駅バス10分　徒歩2～7分</li><li>東急田園都市線「たまプラーザ」駅バス12分　徒歩2～7分</li><li>小田急小田原線「新百合ヶ丘」駅バス16分　徒歩3～8分</li>
kanagawa,shinyurigaoka,虹ヶ丘,99000,,,,小田急小田原線「新百合ヶ丘」駅,19.0,24.0,川崎市麻生区虹ケ丘2-2ほか,3-18号棟,鉄筋コンクリート造、鉄骨鉄筋コンクリート造,11,N,1103号室,1LDK,53,11,95200,3800,2か月,['URライト（4年定借）'],随時,https://www.ur-net.go.jp/chintai/kanto/kanagawa/40_1710_room.html?JKSS=003181103,<li>東急田園都市線「あざみ野」駅バス10分　徒歩2～7分</li><li>東急田園都市線「たまプラーザ」駅バス12分　徒歩2～7分</li><li>小田急小田原線「新百合ヶ丘」駅バス16分　徒歩3～8分</li>
kanagawa,shinyurigaoka,虹ヶ丘,99000,,,,,,,川崎市麻生区虹ケ丘2-2ほか,3-18号棟,鉄筋コンクリート造、鉄骨鉄筋コンクリート造,11,N,1103号室,1LDK,53,11,95200,3800,2か月,['URライト（4年定借）'],随時,https://www.ur-net.go.jp/chintai/kanto/kanagawa/40_1710_room.html?JKSS=003181103,<li>東急田園都市線「あざみ野」駅バス10分　徒歩2～7分</li><li>東急田園都市線「たまプラーザ」駅バス12分　徒歩2～7分</li><li>小田急小田原線「新百合ヶ丘」駅バス16分　徒歩3～8分</li>
kanagawa,shinyurigaoka,サンラフレ百合ヶ丘,152200,小田急小田原線「百合ヶ丘」駅,3.0,10.0,,,,川崎市麻生区百合丘1-16ほか,14号棟,鉄筋コンクリート造,3,N,310号室,1LDK,56,4,147800,4400,2か月,"['近居割', '近居割WIDE']",随時,https://www.ur-net.go.jp/chintai/kanto/kanagawa/40_3500_room.html?JKSS=000140310,<li>小田急小田原線「百合ヶ丘」駅 徒歩3～10分</li><li>小田急小田原線「新百合ヶ丘」駅 徒歩10～17分</li><li>東急田園都市線「あざみ野」駅バス41分 徒歩2～5分</li>
kanagawa,shinyurigaoka,サンラフレ百合ヶ丘,152200,小田急小田原線「新百合ヶ丘」駅,10.0,17.0,,,,川崎市麻生区百合丘1-16ほか,14号棟,鉄筋コンクリート造,3,N,310号室,1LDK,56,4,147800,4400,2か月,"['近居割', '近居割WIDE']",随時,https://www.ur-net.go.jp/chintai/kanto/kanagawa/40_3500_room.html?JKSS=000140310,<li>小田急小田原線「百合ヶ丘」駅 徒歩3～10分</li><li>小田急小田原線「新百合ヶ丘」駅 徒歩10～17分</li><li>東急田園都市線「あざみ野」駅バス41分 徒歩2～5分</li>
kanagawa,shinyurigaoka,サンラフレ百合ヶ丘,152200,,,,東急田園都市線「あざみ野」駅,43.0,46.0,川崎市麻生区百合丘1-16ほか,14号棟,鉄筋コンクリート造,3,N,310号室,1LDK,56,4,147800,4400,2か月,"['近居割', '近居割WIDE']",随時,https://www.ur-net.go.jp/chintai/kanto/kanagawa/40_3500_room.html?JKSS=000140310,<li>小田急小田原線「百合ヶ丘」駅 徒歩3～10分</li><li>小田急小田原線「新百合ヶ丘」駅 徒歩10～17分</li><li>東急田園都市線「あざみ野」駅バス41分 徒歩2～5分</li>
kanagawa,shinyurigaoka,サンラフレ百合ヶ丘,152200,,,,,,,川崎市麻生区百合丘1-16ほか,14号棟,鉄筋コンクリート造,3,N,310号室,1LDK,56,4,147800,4400,2か月,"['近居割', '近居割WIDE']",随時,https://www.ur-net.go.jp/chintai/kanto/kanagawa/40_3500_room.html?JKSS=000140310,<li>小田急小田原線「百合ヶ丘」駅 徒歩3～10分</li><li>小田急小田原線「新百合ヶ丘」駅 徒歩10～17分</li><li>東急田園都市線「あざみ野」駅バス41分 徒歩2～5分</li>
kanagawa,shinyurigaoka,サンラフレ百合ヶ丘,186400,小田急小田原線「百合ヶ丘」駅,3.0,10.0,,,,川崎市麻生区百合丘1-16ほか,2号棟,鉄筋コンクリート造,6,N,607号室,4DK,74,10,182000,4400,2か月,"['近居割', '近居割WIDE']",随時,https://www.ur-net.go.jp/chintai/kanto/kanagawa/40_3500_room.html?JKSS=000020607,<li>小田急小田原線「百合ヶ丘」駅 徒歩3～10分</li><li>小田急小田原線「新百合ヶ丘」駅 徒歩10～17分</li><li>東急田園都市線「あざみ野」駅バス41分 徒歩2～5分</li>
kanagawa,shinyurigaoka,サンラフレ百合ヶ丘,186400,小田急小田原線「新百合ヶ丘」駅,10.0,17.0,,,,川崎市麻生区百合丘1-16ほか,2号棟,鉄筋コンクリート造,6,N,607号室,4DK,74,10,182000,4400,2か月,"['近居割', '近居割WIDE']",随時,https://www.ur-net.go.jp/chintai/kanto/kanagawa/40_3500_room.html?JKSS=000020607,<li>小田急小田原線「百合ヶ丘」駅 徒歩3～10分</li><li>小田急小田原線「新百合ヶ丘」駅 徒歩10～17分</li><li>東急田園都市線「あざみ野」駅バス41分 徒歩2～5分</li>
kanagawa,shinyurigaoka,サンラフレ百合ヶ丘,186400,,,,東急田園都市線「あざみ野」駅,43.0,46.0,川崎市麻生区百合丘1-16ほか,2号棟,鉄筋コンクリート造,6,N,607号室,4DK,74,10,182000,4400,2か月,"['近居割', '近居割WIDE']",随時,https://www.ur-net.go.jp/chintai/kanto/kanagawa/40_3500_room.html?JKSS=000020607,<li>小田急小田原線「百合ヶ丘」駅 徒歩3～10分</li><li>小田急小田原線「新百合ヶ丘」駅 徒歩10～17分</li><li>東急田園都市線「あざみ野」駅バス41分 徒歩2～5分</li>
kanagawa,shinyurigaoka,サンラフレ百合ヶ丘,186400,,,,,,,川崎市麻生区百合丘1-16ほか,2号棟,鉄筋コンクリート造,6,N,607号室,4DK,74,10,182000,4400,2か月,"['近居割', '近居割WIDE']",随時,https://www.ur-net.go.jp/chintai/kanto/kanagawa/40_3500_room.html?JKSS=000020607,<li>小田急小田原線「百合ヶ丘」駅 徒歩3～10分</li><li>小田急小田原線「新百合ヶ丘」駅 徒歩10～17分</li><li>東急田園都市線「あざみ野」駅バス41分 徒歩2～5分</li>
kanagawa,shinyurigaoka,アーバンハイツ菅生ヶ丘,109600,,,,小田急小田原線「生田」駅,15.0,15.0,川崎市宮前区菅生ケ丘34-1ほか,,鉄筋コンクリート造,4,N,401号室,1LDK,61,6,102200,7400,2か月,['近居割'],随時,https://www.ur-net.go.jp/chintai/kanto/kanagawa/40_3220_room.html?JKSS=000000401,<li>小田急小田原線「生田」駅バス11分 徒歩4分</li><li>東急田園都市線「溝の口」駅バス21分 徒歩4分</li>
kanagawa,shinyurigaoka,アーバンハイツ菅生ヶ丘,109600,,,,東急田園都市線「溝の口」駅,25.0,25.0,川崎市宮前区菅生ケ丘34-1ほか,,鉄筋コンクリート造,4,N,401号室,1LDK,61,6,102200,7400,2か月,['近居割'],随時,https://www.ur-net.go.jp/chintai/kanto/kanagawa/40_3220_room.html?JKSS=000000401,<li>小田急小田原線「生田」駅バス11分 徒歩4分</li><li>東急田園都市線「溝の口」駅バス21分 徒歩4分</li>
kanagawa,shinyurigaoka,アーバンハイツ菅生ヶ丘,109600,,,,,,,川崎市宮前区菅生ケ丘34-1ほか,,鉄筋コンクリート造,4,N,401号室,1LDK,61,6,102200,7400,2か月,['近居割'],随時,https://www.ur-net.go.jp/chintai/kanto/kanagawa/40_3220_room.html?JKSS=000000401,<li>小田急小田原線「生田」駅バス11分 徒歩4分</li><li>東急田園都市線「溝の口」駅バス21分 徒歩4分</li>
kanagawa,shinyurigaoka,アーバンハイツ菅生ヶ丘,122700,,,,小田急小田原線「生田」駅,15.0,15.0,川崎市宮前区菅生ケ丘34-1ほか,,鉄筋コンクリート造,3,N,306号室,3DK,76,6,115300,7400,2か月,['近居割'],随時,https://www.ur-net.go.jp/chintai/kanto/kanagawa/40_3220_room.html?JKSS=000000306,<li>小田急小田原線「生田」駅バス11分 徒歩4分</li><li>東急田園都市線「溝の口」駅バス21分 徒歩4分</li>
kanagawa,shinyurigaoka,アーバンハイツ菅生ヶ丘,122700,,,,東急田園都市線「溝の口」駅,25.0,25.0,川崎市宮前区菅生ケ丘34-1ほか,,鉄筋コンクリート造,3,N,306号室,3DK,76,6,115300,7400,2か月,['近居割'],随時,https://www.ur-net.go.jp/chintai/kanto/kanagawa/40_3220_room.html?JKSS=000000306,<li>小田急小田原線「生田」駅バス11分 徒歩4分</li><li>東急田園都市線「溝の口」駅バス21分 徒歩4分</li>
kanagawa,shinyurigaoka,アーバンハイツ菅生ヶ丘,122700,,,,,,,川崎市宮前区菅生ケ丘34-1ほか,,鉄筋コンクリート造,3,N,306号室,3DK,76,6,115300,7400,2か月,['近居割'],随時,https://www.ur-net.go.jp/chintai/kanto/kanagawa/40_3220_room.html?JKSS=000000306,<li>小田急小田原線「生田」駅バス11分 徒歩4分</li><li>東急田園都市線「溝の口」駅バス21分 徒歩4分</li>
kanagawa,kohoku,霧が丘グリーンタウン,111800,,,,JR横浜線「十日市場」駅,9.0,13.0,横浜市緑区霧が丘3-22-5ほか,24-5号棟,鉄筋コンクリート造,5,N,502号室,3LDK,84,5,106800,5000,2か月,['近居割'],随時,https://www.ur-net.go.jp/chintai/kanto/kanagawa/40_2030_room.html?JKSS=024050502,<li>JR横浜線「十日市場」駅バス7分 徒歩2～6分</li><li>東急田園都市線「青葉台」駅バス19分 徒歩2～6分</li><li>JR横浜線「長津田」駅バス11分 徒歩6～13分</li>
kanagawa,kohoku,霧が丘グリーンタウン,111800,,,,東急田園都市線「青葉台」駅,21.0,25.0,横浜市緑区霧が丘3-22-5ほか,24-5号棟,鉄筋コンクリート造,5,N,502号室,3LDK,84,5,106800,5000,2か月,['近居割'],随時,https://www.ur-net.go.jp/chintai/kanto/kanagawa/40_2030_room.html?JKSS=024050502,<li>JR横浜線「十日市場」駅バス7分 徒歩2～6分</li><li>東急田園都市線「青葉台」駅バス19分 徒歩2～6分</li><li>JR横浜線「長津田」駅バス11分 徒歩6～13分</li>
kanagawa,kohoku,霧が丘グリーンタウン,111800,,,,JR横浜線「長津田」駅,17.0,24.0,横浜市緑区霧が丘3-22-5ほか,24-5号棟,鉄筋コンクリート造,5,N,502号室,3LDK,84,5,106800,5000,2か月,['近居割'],随時,https://www.ur-net.go.jp/chintai/kanto/kanagawa/40_2030_room.html?JKSS=024050502,<li>JR横浜線「十日市場」駅バス7分 徒歩2～6分</li><li>東急田園都市線「青葉台」駅バス19分 徒歩2～6分</li><li>JR横浜線「長津田」駅バス11分 徒歩6～13分</li>
kanagawa,kohoku,霧が丘グリーンタウン,111800,,,,,,,横浜市緑区霧が丘3-22-5ほか,24-5号棟,鉄筋コンクリート造,5,N,502号室,3LDK,84,5,106800,5000,2か月,['近居割'],随時,https://www.ur-net.go.jp/chintai/kanto/kanagawa/40_2030_room.html?JKSS=024050502,<li>JR横浜線「十日市場」駅バス7分 徒歩2～6分</li><li>東急田園都市線「青葉台」駅バス19分 徒歩2～6分</li><li>JR横浜線「長津田」駅バス11分 徒歩6～13分</li>
kanagawa,kohoku,十日市場ヒルタウン　コンフォール十日市場六番街,172000,JR横浜線「十日市場」駅,7.0,8.0,,,,横浜市緑区十日市場町1358-48,6-2号棟,鉄筋コンクリート造,5,N,502号室,3LDK,73,5,163500,8500,2か月,['近居割'],随時,https://www.ur-net.go.jp/chintai/kanto/kanagawa/40_3930_room.html?JKSS=006020502,<li>JR横浜線「十日市場」駅 徒歩7～8分</li><li>東急田園都市線「青葉台」駅バス12分 徒歩7～8分</li><li>JR横浜線「中山」駅バス10分 徒歩3～4分</li>
kanagawa,kohoku,十日市場ヒルタウン　コンフォール十日市場六番街,172000,,,,東急田園都市線「青葉台」駅,19.0,20.0,横浜市緑区十日市場町1358-48,6-2号棟,鉄筋コンクリート造,5,N,502号室,3LDK,73,5,163500,8500,2か月,['近居割'],随時,https://www.ur-net.go.jp/chintai/kanto/kanagawa/40_3930_room.html?JKSS=006020502,<li>JR横浜線「十日市場」駅 徒歩7～8分</li><li>東急田園都市線「青葉台」駅バス12分 徒歩7～8分</li><li>JR横浜線「中山」駅バス10分 徒歩3～4分</li>
kanagawa,kohoku,十日市場ヒルタウン　コンフォール十日市場六番街,172000,,,,JR横浜線「中山」駅,13.0,14.0,横浜市緑区十日市場町1358-48,6-2号棟,鉄筋コンクリート造,5,N,502号室,3LDK,73,5,163500,8500,2か月,['近居割'],随時,https://www.ur-net.go.jp/chintai/kanto/kanagawa/40_3930_room.html?JKSS=006020502,<li>JR横浜線「十日市場」駅 徒歩7～8分</li><li>東急田園都市線「青葉台」駅バス12分 徒歩7～8分</li><li>JR横浜線「中山」駅バス10分 徒歩3～4分</li>
kanagawa,kohoku,十日市場ヒルタウン　コンフォール十日市場六番街,172000,,,,,,,横浜市緑区十日市場町1358-48,6-2号棟,鉄筋コンクリート造,5,N,502号室,3LDK,73,5,163500,8500,2か月,['近居割'],随時,https://www.ur-net.go.jp/chintai/kanto/kanagawa/40_3930_room.html?JKSS=006020502,<li>JR横浜線「十日市場」駅 徒歩7～8分</li><li>東急田園都市線「青葉台」駅バス12分 徒歩7～8分</li><li>JR横浜線「中山」駅バス10分 徒歩3～4分</li>
kanagawa,shinyurigaoka,奈良北,82500,,,,小田急小田原線「鶴川」駅,15.0,20.0,横浜市青葉区奈良町2913,8号棟,鉄筋コンクリート造、鉄骨鉄筋コンクリート造,4,N,406号室,2LDK,52,5,79600,2900,2か月,"['近居割', '近居割WIDE']",随時,https://www.ur-net.go.jp/chintai/kanto/kanagawa/40_1410_room.html?JKSS=000080406,<li>小田急小田原線「鶴川」駅バス13分 徒歩2～7分</li><li>小田急小田原線「玉川学園前」駅 徒歩15～21分</li><li>東急田園都市線「青葉台」駅バス16～17分 徒歩1～7分</li>
kanagawa,shinyurigaoka,奈良北,82500,小田急小田原線「玉川学園前」駅,15.0,21.0,,,,横浜市青葉区奈良町2913,8号棟,鉄筋コンクリート造、鉄骨鉄筋コンクリート造,4,N,406号室,2LDK,52,5,79600,2900,2か月,"['近居割', '近居割WIDE']",随時,https://www.ur-net.go.jp/chintai/kanto/kanagawa/40_1410_room.html?JKSS=000080406,<li>小田急小田原線「鶴川」駅バス13分 徒歩2～7分</li><li>小田急小田原線「玉川学園前」駅 徒歩15～21分</li><li>東急田園都市線「青葉台」駅バス16～17分 徒歩1～7分</li>
kanagawa,shinyurigaoka,奈良北,82500,,,,東急田園都市線「青葉台」駅,17.0,24.0,横浜市青葉区奈良町2913,8号棟,鉄筋コンクリート造、鉄骨鉄筋コンクリート造,4,N,406号室,2LDK,52,5,79600,2900,2か月,"['近居割', '近居割WIDE']",随時,https://www.ur-net.go.jp/chintai/kanto/kanagawa/40_1410_room.html?JKSS=000080406,<li>小田急小田原線「鶴川」駅バス13分 徒歩2～7分</li><li>小田急小田原線「玉川学園前」駅 徒歩15～21分</li><li>東急田園都市線「青葉台」駅バス16～17分 徒歩1～7分</li>
kanagawa,shinyurigaoka,奈良北,82500,,,,,,,横浜市青葉区奈良町2913,8号棟,鉄筋コンクリート造、鉄骨鉄筋コンクリート造,4,N,406号室,2LDK,52,5,79600,2900,2か月,"['近居割', '近居割WIDE']",随時,https://www.ur-net.go.jp/chintai/kanto/kanagawa/40_1410_room.html?JKSS=000080406,<li>小田急小田原線「鶴川」駅バス13分 徒歩2～7分</li><li>小田急小田原線「玉川学園前」駅 徒歩15～21分</li><li>東急田園都市線「青葉台」駅バス16～17分 徒歩1～7分</li>
kanagawa,shinyurigaoka,奈良北,93800,,,,小田急小田原線「鶴川」駅,15.0,20.0,横浜市青葉区奈良町2913,7号棟,鉄筋コンクリート造、鉄骨鉄筋コンクリート造,6,N,614号室,2LDK,54,8,90900,2900,2か月,"['近居割', '近居割WIDE']",随時,https://www.ur-net.go.jp/chintai/kanto/kanagawa/40_1410_room.html?JKSS=000070614,<li>小田急小田原線「鶴川」駅バス13分 徒歩2～7分</li><li>小田急小田原線「玉川学園前」駅 徒歩15～21分</li><li>東急田園都市線「青葉台」駅バス16～17分 徒歩1～7分</li>
kanagawa,shinyurigaoka,奈良北,93800,小田急小田原線「玉川学園前」駅,15.0,21.0,,,,横浜市青葉区奈良町2913,7号棟,鉄筋コンクリート造、鉄骨鉄筋コンクリート造,6,N,614号室,2LDK,54,8,90900,2900,2か月,"['近居割', '近居割WIDE']",随時,https://www.ur-net.go.jp/chintai/kanto/kanagawa/40_1410_room.html?JKSS=000070614,<li>小田急小田原線「鶴川」駅バス13分 徒歩2～7分</li><li>小田急小田原線「玉川学園前」駅 徒歩15～21分</li><li>東急田園都市線「青葉台」駅バス16～17分 徒歩1～7分</li>
kanagawa,shinyurigaoka,奈良北,93800,,,,東急田園都市線「青葉台」駅,17.0,24.0,横浜市青葉区奈良町2913,7号棟,鉄筋コンクリート造、鉄骨鉄筋コンクリート造,6,N,614号室,2LDK,54,8,90900,2900,2か月,"['近居割', '近居割WIDE']",随時,https://www.ur-net.go.jp/chintai/kanto/kanagawa/40_1410_room.html?JKSS=000070614,<li>小田急小田原線「鶴川」駅バス13分 徒歩2～7分</li><li>小田急小田原線「玉川学園前」駅 徒歩15～21分</li><li>東急田園都市線「青葉台」駅バス16～17分 徒歩1～7分</li>
kanagawa,shinyurigaoka,奈良北,93800,,,,,,,横浜市青葉区奈良町2913,7号棟,鉄筋コンクリート造、鉄骨鉄筋コンクリート造,6,N,614号室,2LDK,54,8,90900,2900,2か月,"['近居割', '近居割WIDE']",随時,https://www.ur-net.go.jp/chintai/kanto/kanagawa/40_1410_room.html?JKSS=000070614,<li>小田急小田原線「鶴川」駅バス13分 徒歩2～7分</li><li>小田急小田原線「玉川学園前」駅 徒歩15～21分</li><li>東急田園都市線「青葉台」駅バス16～17分 徒歩1～7分</li>
kanagawa,shinyurigaoka,グリーンヒル鴨志田中央,109400,,,,東急田園都市線「青葉台」駅,10.0,11.0,横浜市青葉区鴨志田町539-3,3号棟,鉄筋コンクリート造,5,N,502号室,3DK,61,5,104300,5100,2か月,['近居割'],随時,https://www.ur-net.go.jp/chintai/kanto/kanagawa/40_2880_room.html?JKSS=000030502,<li>東急田園都市線「青葉台」駅バス8分 徒歩2～3分</li><li>小田急小田原線「柿生」駅バス13分 徒歩2～3分</li><li>東急こどもの国線「こどもの国」駅 徒歩36分</li>
kanagawa,shinyurigaoka,グリーンヒル鴨志田中央,109400,,,,小田急小田原線「柿生」駅,15.0,16.0,横浜市青葉区鴨志田町539-3,3号棟,鉄筋コンクリート造,5,N,502号室,3DK,61,5,104300,5100,2か月,['近居割'],随時,https://www.ur-net.go.jp/chintai/kanto/kanagawa/40_2880_room.html?JKSS=000030502,<li>東急田園都市線「青葉台」駅バス8分 徒歩2～3分</li><li>小田急小田原線「柿生」駅バス13分 徒歩2～3分</li><li>東急こどもの国線「こどもの国」駅 徒歩36分</li>
kanagawa,shinyurigaoka,グリーンヒル鴨志田中央,109400,東急こどもの国線「こどもの国」駅,36.0,36.0,,,,横浜市青葉区鴨志田町539-3,3号棟,鉄筋コンクリート造,5,N,502号室,3DK,61,5,104300,5100,2か月,['近居割'],随時,https://www.ur-net.go.jp/chintai/kanto/kanagawa/40_2880_room.html?JKSS=000030502,<li>東急田園都市線「青葉台」駅バス8分 徒歩2～3分</li><li>小田急小田原線「柿生」駅バス13分 徒歩2～3分</li><li>東急こどもの国線「こどもの国」駅 徒歩36分</li>
kanagawa,shinyurigaoka,グリーンヒル鴨志田中央,109400,,,,,,,横浜市青葉区鴨志田町539-3,3号棟,鉄筋コンクリート造,5,N,502号室,3DK,61,5,104300,5100,2か月,['近居割'],随時,https://www.ur-net.go.jp/chintai/kanto/kanagawa/40_2880_room.html?JKSS=000030502,<li>東急田園都市線「青葉台」駅バス8分 徒歩2～3分</li><li>小田急小田原線「柿生」駅バス13分 徒歩2～3分</li><li>東急こどもの国線「こどもの国」駅 徒歩36分</li>
kanagawa,shinyurigaoka,あおば山の手台ヴェルディール奈良,179400,東急こどもの国線「こどもの国」駅,8.0,10.0,,,,横浜市青葉区奈良4-4-1,8号棟,鉄筋コンクリート造,9,N,904号室,4LDK,104,9,172000,7400,2か月,['近居割'],随時,https://www.ur-net.go.jp/chintai/kanto/kanagawa/40_3580_room.html?JKSS=000080904,<li>東急こどもの国線「こどもの国」駅 徒歩8～10分</li><li>JR横浜線「成瀬」駅バス12分 徒歩2～3分</li><li>東急田園都市線「青葉台」駅バス10分 徒歩10～12分</li>
kanagawa,shinyurigaoka,あおば山の手台ヴェルディール奈良,179400,,,,JR横浜線「成瀬」駅,14.0,15.0,横浜市青葉区奈良4-4-1,8号棟,鉄筋コンクリート造,9,N,904号室,4LDK,104,9,172000,7400,2か月,['近居割'],随時,https://www.ur-net.go.jp/chintai/kanto/kanagawa/40_3580_room.html?JKSS=000080904,<li>東急こどもの国線「こどもの国」駅 徒歩8～10分</li><li>JR横浜線「成瀬」駅バス12分 徒歩2～3分</li><li>東急田園都市線「青葉台」駅バス10分 徒歩10～12分</li>
kanagawa,shinyurigaoka,あおば山の手台ヴェルディール奈良,179400,,,,東急田園都市線「青葉台」駅,20.0,22.0,横浜市青葉区奈良4-4-1,8号棟,鉄筋コンクリート造,9,N,904号室,4LDK,104,9,172000,7400,2か月,['近居割'],随時,https://www.ur-net.go.jp/chintai/kanto/kanagawa/40_3580_room.html?JKSS=000080904,<li>東急こどもの国線「こどもの国」駅 徒歩8～10分</li><li>JR横浜線「成瀬」駅バス12分 徒歩2～3分</li><li>東急田園都市線「青葉台」駅バス10分 徒歩10～12分</li>
kanagawa,shinyurigaoka,あおば山の手台ヴェルディール奈良,179400,,,,,,,横浜市青葉区奈良4-4-1,8号棟,鉄筋コンクリート造,9,N,904号室,4LDK,104,9,172000,7400,2か月,['近居割'],随時,https://www.ur-net.go.jp/chintai/kanto/kanagawa/40_3580_room.html?JKSS=000080904,<li>東急こどもの国線「こどもの国」駅 徒歩8～10分</li><li>JR横浜線「成瀬」駅バス12分 徒歩2～3分</li><li>東急田園都市線「青葉台」駅バス10分 徒歩10～12分</li>
kanagawa,kohoku,港北ニュータウン　コンフォール城山の丘,175900,横浜市営地下鉄グリーンライン「東山田」駅,7.0,9.0,,,,横浜市都筑区東山田3-23,9号棟,鉄筋コンクリート造,5,N,509号室,4LDK,98,6,169200,6700,2か月,['フリレ１か月'],随時,https://www.ur-net.go.jp/chintai/kanto/kanagawa/40_3830_room.html?JKSS=000090509,<li>横浜市営地下鉄グリーンライン「東山田」駅 徒歩7～9分</li><li>東急田園都市線「鷺沼」駅バス17分 徒歩4～7分</li><li>横浜市営地下鉄グリーンライン「北山田」駅 徒歩13～15分</li>
kanagawa,kohoku,港北ニュータウン　コンフォール城山の丘,175900,,,,東急田園都市線「鷺沼」駅,21.0,24.0,横浜市都筑区東山田3-23,9号棟,鉄筋コンクリート造,5,N,509号室,4LDK,98,6,169200,6700,2か月,['フリレ１か月'],随時,https://www.ur-net.go.jp/chintai/kanto/kanagawa/40_3830_room.html?JKSS=000090509,<li>横浜市営地下鉄グリーンライン「東山田」駅 徒歩7～9分</li><li>東急田園都市線「鷺沼」駅バス17分 徒歩4～7分</li><li>横浜市営地下鉄グリーンライン「北山田」駅 徒歩13～15分</li>
kanagawa,kohoku,港北ニュータウン　コンフォール城山の丘,175900,横浜市営地下鉄グリーンライン「北山田」駅,13.0,15.0,,,,横浜市都筑区東山田3-23,9号棟,鉄筋コンクリート造,5,N,509号室,4LDK,98,6,169200,6700,2か月,['フリレ１か月'],随時,https://www.ur-net.go.jp/chintai/kanto/kanagawa/40_3830_room.html?JKSS=000090509,<li>横浜市営地下鉄グリーンライン「東山田」駅 徒歩7～9分</li><li>東急田園都市線「鷺沼」駅バス17分 徒歩4～7分</li><li>横浜市営地下鉄グリーンライン「北山田」駅 徒歩13～15分</li>
kanagawa,kohoku,港北ニュータウン　コンフォール城山の丘,175900,,,,,,,横浜市都筑区東山田3-23,9号棟,鉄筋コンクリート造,5,N,509号室,4LDK,98,6,169200,6700,2か月,['フリレ１か月'],随時,https://www.ur-net.go.jp/chintai/kanto/kanagawa/40_3830_room.html?JKSS=000090509,<li>横浜市営地下鉄グリーンライン「東山田」駅 徒歩7～9分</li><li>東急田園都市線「鷺沼」駅バス17分 徒歩4～7分</li><li>横浜市営地下鉄グリーンライン「北山田」駅 徒歩13～15分</li>
kanagawa,yokohamanishiguchi,ベイシティ本牧南,137800,,,,JR京浜東北・根岸線「根岸」駅,16.0,19.0,横浜市中区本牧原21,2号棟,鉄筋コンクリート造,6,N,608号室,1K,54,12,132800,5000,2か月,['近居割'],随時,https://www.ur-net.go.jp/chintai/kanto/kanagawa/40_3820_room.html?JKSS=000020608,<li>JR京浜東北・根岸線「根岸」駅バス13分 徒歩3～6分</li><li>みなとみらい線「元町・中華街」駅バス13分 徒歩3～6分</li><li>JR京浜東北・根岸線「桜木町」駅バス24分 徒歩3～6分</li>
kanagawa,yokohamanishiguchi,ベイシティ本牧南,137800,,,,みなとみらい線「元町・中華街」駅,16.0,19.0,横浜市中区本牧原21,2号棟,鉄筋コンクリート造,6,N,608号室,1K,54,12,132800,5000,2か月,['近居割'],随時,https://www.ur-net.go.jp/chintai/kanto/kanagawa/40_3820_room.html?JKSS=000020608,<li>JR京浜東北・根岸線「根岸」駅バス13分 徒歩3～6分</li><li>みなとみらい線「元町・中華街」駅バス13分 徒歩3～6分</li><li>JR京浜東北・根岸線「桜木町」駅バス24分 徒歩3～6分</li>
kanagawa,yokohamanishiguchi,ベイシティ本牧南,137800,,,,JR京浜東北・根岸線「桜木町」駅,27.0,30.0,横浜市中区本牧原21,2号棟,鉄筋コンクリート造,6,N,608号室,1K,54,12,132800,5000,2か月,['近居割'],随時,https://www.ur-net.go.jp/chintai/kanto/kanagawa/40_3820_room.html?JKSS=000020608,<li>JR京浜東北・根岸線「根岸」駅バス13分 徒歩3～6分</li><li>みなとみらい線「元町・中華街」駅バス13分 徒歩3～6分</li><li>JR京浜東北・根岸線「桜木町」駅バス24分 徒歩3～6分</li>
kanagawa,yokohamanishiguchi,ベイシティ本牧南,137800,,,,,,,横浜市中区本牧原21,2号棟,鉄筋コンクリート造,6,N,608号室,1K,54,12,132800,5000,2か月,['近居割'],随時,https://www.ur-net.go.jp/chintai/kanto/kanagawa/40_3820_room.html?JKSS=000020608,<li>JR京浜東北・根岸線「根岸」駅バス13分 徒歩3～6分</li><li>みなとみらい線「元町・中華街」駅バス13分 徒歩3～6分</li><li>JR京浜東北・根岸線「桜木町」駅バス24分 徒歩3～6分</li>
kanagawa,yokohamanishiguchi,ベイシティ本牧南,145600,,,,JR京浜東北・根岸線「根岸」駅,16.0,19.0,横浜市中区本牧原21,4号棟,鉄筋コンクリート造,6,N,605号室,1LDK,54,8,140600,5000,2か月,['近居割'],随時,https://www.ur-net.go.jp/chintai/kanto/kanagawa/40_3820_room.html?JKSS=000040605,<li>JR京浜東北・根岸線「根岸」駅バス13分 徒歩3～6分</li><li>みなとみらい線「元町・中華街」駅バス13分 徒歩3～6分</li><li>JR京浜東北・根岸線「桜木町」駅バス24分 徒歩3～6分</li>
kanagawa,yokohamanishiguchi,ベイシティ本牧南,145600,,,,みなとみらい線「元町・中華街」駅,16.0,19.0,横浜市中区本牧原21,4号棟,鉄筋コンクリート造,6,N,605号室,1LDK,54,8,140600,5000,2か月,['近居割'],随時,https://www.ur-net.go.jp/chintai/kanto/kanagawa/40_3820_room.html?JKSS=000040605,<li>JR京浜東北・根岸線「根岸」駅バス13分 徒歩3～6分</li><li>みなとみらい線「元町・中華街」駅バス13分 徒歩3～6分</li><li>JR京浜東北・根岸線「桜木町」駅バス24分 徒歩3～6分</li>
kanagawa,yokohamanishiguchi,ベイシティ本牧南,145600,,,,JR京浜東北・根岸線「桜木町」駅,27.0,30.0,横浜市中区本牧原21,4号棟,鉄筋コンクリート造,6,N,605号室,1LDK,54,8,140600,5000,2か月,['近居割'],随時,https://www.ur-net.go.jp/chintai/kanto/kanagawa/40_3820_room.html?JKSS=000040605,<li>JR京浜東北・根岸線「根岸」駅バス13分 徒歩3～6分</li><li>みなとみらい線「元町・中華街」駅バス13分 徒歩3～6分</li><li>JR京浜東北・根岸線「桜木町」駅バス24分 徒歩3～6分</li>
kanagawa,yokohamanishiguchi,ベイシティ本牧南,145600,,,,,,,横浜市中区本牧原21,4号棟,鉄筋コンクリート造,6,N,605号室,1LDK,54,8,140600,5000,2か月,['近居割'],随時,https://www.ur-net.go.jp/chintai/kanto/kanagawa/40_3820_room.html?JKSS=000040605,<li>JR京浜東北・根岸線「根岸」駅バス13分 徒歩3～6分</li><li>みなとみらい線「元町・中華街」駅バス13分 徒歩3～6分</li><li>JR京浜東北・根岸線「桜木町」駅バス24分 徒歩3～6分</li>
kanagawa,yokohamanishiguchi,ベイシティ本牧南,147200,,,,JR京浜東北・根岸線「根岸」駅,16.0,19.0,横浜市中区本牧原21,6号棟,鉄筋コンクリート造,5,N,506号室,1LDK,54,12,142200,5000,2か月,['近居割'],随時,https://www.ur-net.go.jp/chintai/kanto/kanagawa/40_3820_room.html?JKSS=000060506,<li>JR京浜東北・根岸線「根岸」駅バス13分 徒歩3～6分</li><li>みなとみらい線「元町・中華街」駅バス13分 徒歩3～6分</li><li>JR京浜東北・根岸線「桜木町」駅バス24分 徒歩3～6分</li>
kanagawa,yokohamanishiguchi,ベイシティ本牧南,147200,,,,みなとみらい線「元町・中華街」駅,16.0,19.0,横浜市中区本牧原21,6号棟,鉄筋コンクリート造,5,N,506号室,1LDK,54,12,142200,5000,2か月,['近居割'],随時,https://www.ur-net.go.jp/chintai/kanto/kanagawa/40_3820_room.html?JKSS=000060506,<li>JR京浜東北・根岸線「根岸」駅バス13分 徒歩3～6分</li><li>みなとみらい線「元町・中華街」駅バス13分 徒歩3～6分</li><li>JR京浜東北・根岸線「桜木町」駅バス24分 徒歩3～6分</li>
kanagawa,yokohamanishiguchi,ベイシティ本牧南,147200,,,,JR京浜東北・根岸線「桜木町」駅,27.0,30.0,横浜市中区本牧原21,6号棟,鉄筋コンクリート造,5,N,506号室,1LDK,54,12,142200,5000,2か月,['近居割'],随時,https://www.ur-net.go.jp/chintai/kanto/kanagawa/40_3820_room.html?JKSS=000060506,<li>JR京浜東北・根岸線「根岸」駅バス13分 徒歩3～6分</li><li>みなとみらい線「元町・中華街」駅バス13分 徒歩3～6分</li><li>JR京浜東北・根岸線「桜木町」駅バス24分 徒歩3～6分</li>
kanagawa,yokohamanishiguchi,ベイシティ本牧南,147200,,,,,,,横浜市中区本牧原21,6号棟,鉄筋コンクリート造,5,N,506号室,1LDK,54,12,142200,5000,2か月,['近居割'],随時,https://www.ur-net.go.jp/chintai/kanto/kanagawa/40_3820_room.html?JKSS=000060506,<li>JR京浜東北・根岸線「根岸」駅バス13分 徒歩3～6分</li><li>みなとみらい線「元町・中華街」駅バス13分 徒歩3～6分</li><li>JR京浜東北・根岸線「桜木町」駅バス24分 徒歩3～6分</li>
kanagawa,yokohamanishiguchi,ベイシティ本牧南,164100,,,,JR京浜東北・根岸線「根岸」駅,16.0,19.0,横浜市中区本牧原21,6号棟,鉄筋コンクリート造,4,N,405号室,3LDK,72,12,159100,5000,2か月,['近居割'],随時,https://www.ur-net.go.jp/chintai/kanto/kanagawa/40_3820_room.html?JKSS=000060405,<li>JR京浜東北・根岸線「根岸」駅バス13分 徒歩3～6分</li><li>みなとみらい線「元町・中華街」駅バス13分 徒歩3～6分</li><li>JR京浜東北・根岸線「桜木町」駅バス24分 徒歩3～6分</li>
kanagawa,yokohamanishiguchi,ベイシティ本牧南,164100,,,,みなとみらい線「元町・中華街」駅,16.0,19.0,横浜市中区本牧原21,6号棟,鉄筋コンクリート造,4,N,405号室,3LDK,72,12,159100,5000,2か月,['近居割'],随時,https://www.ur-net.go.jp/chintai/kanto/kanagawa/40_3820_room.html?JKSS=000060405,<li>JR京浜東北・根岸線「根岸」駅バス13分 徒歩3～6分</li><li>みなとみらい線「元町・中華街」駅バス13分 徒歩3～6分</li><li>JR京浜東北・根岸線「桜木町」駅バス24分 徒歩3～6分</li>
kanagawa,yokohamanishiguchi,ベイシティ本牧南,164100,,,,JR京浜東北・根岸線「桜木町」駅,27.0,30.0,横浜市中区本牧原21,6号棟,鉄筋コンクリート造,4,N,405号室,3LDK,72,12,159100,5000,2か月,['近居割'],随時,https://www.ur-net.go.jp/chintai/kanto/kanagawa/40_3820_room.html?JKSS=000060405,<li>JR京浜東北・根岸線「根岸」駅バス13分 徒歩3～6分</li><li>みなとみらい線「元町・中華街」駅バス13分 徒歩3～6分</li><li>JR京浜東北・根岸線「桜木町」駅バス24分 徒歩3～6分</li>
kanagawa,yokohamanishiguchi,ベイシティ本牧南,164100,,,,,,,横浜市中区本牧原21,6号棟,鉄筋コンクリート造,4,N,405号室,3LDK,72,12,159100,5000,2か月,['近居割'],随時,https://www.ur-net.go.jp/chintai/kanto/kanagawa/40_3820_room.html?JKSS=000060405,<li>JR京浜東北・根岸線「根岸」駅バス13分 徒歩3～6分</li><li>みなとみらい線「元町・中華街」駅バス13分 徒歩3～6分</li><li>JR京浜東北・根岸線「桜木町」駅バス24分 徒歩3～6分</li>
kanagawa,yokohamanishiguchi,ベイシティ本牧南,165400,,,,JR京浜東北・根岸線「根岸」駅,16.0,19.0,横浜市中区本牧原21,3号棟,鉄筋コンクリート造,11,N,1107号室,3LDK,76,12,160400,5000,2か月,['近居割'],随時,https://www.ur-net.go.jp/chintai/kanto/kanagawa/40_3820_room.html?JKSS=000031107,<li>JR京浜東北・根岸線「根岸」駅バス13分 徒歩3～6分</li><li>みなとみらい線「元町・中華街」駅バス13分 徒歩3～6分</li><li>JR京浜東北・根岸線「桜木町」駅バス24分 徒歩3～6分</li>
kanagawa,yokohamanishiguchi,ベイシティ本牧南,165400,,,,みなとみらい線「元町・中華街」駅,16.0,19.0,横浜市中区本牧原21,3号棟,鉄筋コンクリート造,11,N,1107号室,3LDK,76,12,160400,5000,2か月,['近居割'],随時,https://www.ur-net.go.jp/chintai/kanto/kanagawa/40_3820_room.html?JKSS=000031107,<li>JR京浜東北・根岸線「根岸」駅バス13分 徒歩3～6分</li><li>みなとみらい線「元町・中華街」駅バス13分 徒歩3～6分</li><li>JR京浜東北・根岸線「桜木町」駅バス24分 徒歩3～6分</li>
kanagawa,yokohamanishiguchi,ベイシティ本牧南,165400,,,,JR京浜東北・根岸線「桜木町」駅,27.0,30.0,横浜市中区本牧原21,3号棟,鉄筋コンクリート造,11,N,1107号室,3LDK,76,12,160400,5000,2か月,['近居割'],随時,https://www.ur-net.go.jp/chintai/kanto/kanagawa/40_3820_room.html?JKSS=000031107,<li>JR京浜東北・根岸線「根岸」駅バス13分 徒歩3～6分</li><li>みなとみらい線「元町・中華街」駅バス13分 徒歩3～6分</li><li>JR京浜東北・根岸線「桜木町」駅バス24分 徒歩3～6分</li>
kanagawa,yokohamanishiguchi,ベイシティ本牧南,165400,,,,,,,横浜市中区本牧原21,3号棟,鉄筋コンクリート造,11,N,1107号室,3LDK,76,12,160400,5000,2か月,['近居割'],随時,https://www.ur-net.go.jp/chintai/kanto/kanagawa/40_3820_room.html?JKSS=000031107,<li>JR京浜東北・根岸線「根岸」駅バス13分 徒歩3～6分</li><li>みなとみらい線「元町・中華街」駅バス13分 徒歩3～6分</li><li>JR京浜東北・根岸線「桜木町」駅バス24分 徒歩3～6分</li>
kanagawa,yokohamanishiguchi,ベイサイト本牧－Ⅲ,158800,,,,JR根岸線「根岸」駅,9.0,9.0,横浜市中区本牧和田33-8,,鉄筋コンクリート造,3,N,304号室,3LDK,69,7,155400,3400,2か月,['近居割'],随時,https://www.ur-net.go.jp/chintai/kanto/kanagawa/40_3720_room.html?JKSS=000000304,<li>JR根岸線「根岸」駅 バス８分 徒歩1分</li><li>JR根岸線・横浜市営地下鉄ブルーライン「桜木町」バス26分徒歩1分</li>
kanagawa,yokohamanishiguchi,ベイサイト本牧－Ⅲ,158800,,,,JR根岸線・横浜市営地下鉄ブルーライン「桜木町」,27.0,27.0,横浜市中区本牧和田33-8,,鉄筋コンクリート造,3,N,304号室,3LDK,69,7,155400,3400,2か月,['近居割'],随時,https://www.ur-net.go.jp/chintai/kanto/kanagawa/40_3720_room.html?JKSS=000000304,<li>JR根岸線「根岸」駅 バス８分 徒歩1分</li><li>JR根岸線・横浜市営地下鉄ブルーライン「桜木町」バス26分徒歩1分</li>
kanagawa,yokohamanishiguchi,ベイサイト本牧－Ⅲ,158800,,,,,,,横浜市中区本牧和田33-8,,鉄筋コンクリート造,3,N,304号室,3LDK,69,7,155400,3400,2か月,['近居割'],随時,https://www.ur-net.go.jp/chintai/kanto/kanagawa/40_3720_room.html?JKSS=000000304,<li>JR根岸線「根岸」駅 バス８分 徒歩1分</li><li>JR根岸線・横浜市営地下鉄ブルーライン「桜木町」バス26分徒歩1分</li>
kanagawa,futamatagawa,左近山,70600,,,,相鉄本線「二俣川」駅,14.0,23.0,横浜市旭区左近山16-1ほか,7-8号棟,鉄筋コンクリート造、鉄骨鉄筋コンクリート造,5,N,506号室,3K,50,5,65800,4800,2か月,"['近居割', '近居割WIDE']",随時,https://www.ur-net.go.jp/chintai/kanto/kanagawa/40_1180_room.html?JKSS=007080506,<li>相鉄本線「二俣川」駅バス13～17分 徒歩1～6分</li><li>JR横須賀線「東戸塚」駅バス25～31分 徒歩1～6分</li><li>相鉄本線「鶴ヶ峰」駅バス24～29分 徒歩1～6分</li>
kanagawa,futamatagawa,左近山,70600,,,,JR横須賀線「東戸塚」駅,26.0,37.0,横浜市旭区左近山16-1ほか,7-8号棟,鉄筋コンクリート造、鉄骨鉄筋コンクリート造,5,N,506号室,3K,50,5,65800,4800,2か月,"['近居割', '近居割WIDE']",随時,https://www.ur-net.go.jp/chintai/kanto/kanagawa/40_1180_room.html?JKSS=007080506,<li>相鉄本線「二俣川」駅バス13～17分 徒歩1～6分</li><li>JR横須賀線「東戸塚」駅バス25～31分 徒歩1～6分</li><li>相鉄本線「鶴ヶ峰」駅バス24～29分 徒歩1～6分</li>
kanagawa,futamatagawa,左近山,70600,,,,相鉄本線「鶴ヶ峰」駅,25.0,35.0,横浜市旭区左近山16-1ほか,7-8号棟,鉄筋コンクリート造、鉄骨鉄筋コンクリート造,5,N,506号室,3K,50,5,65800,4800,2か月,"['近居割', '近居割WIDE']",随時,https://www.ur-net.go.jp/chintai/kanto/kanagawa/40_1180_room.html?JKSS=007080506,<li>相鉄本線「二俣川」駅バス13～17分 徒歩1～6分</li><li>JR横須賀線「東戸塚」駅バス25～31分 徒歩1～6分</li><li>相鉄本線「鶴ヶ峰」駅バス24～29分 徒歩1～6分</li>
kanagawa,futamatagawa,左近山,70600,,,,,,,横浜市旭区左近山16-1ほか,7-8号棟,鉄筋コンクリート造、鉄骨鉄筋コンクリート造,5,N,506号室,3K,50,5,65800,4800,2か月,"['近居割', '近居割WIDE']",随時,https://www.ur-net.go.jp/chintai/kanto/kanagawa/40_1180_room.html?JKSS=007080506,<li>相鉄本線「二俣川」駅バス13～17分 徒歩1～6分</li><li>JR横須賀線「東戸塚」駅バス25～31分 徒歩1～6分</li><li>相鉄本線「鶴ヶ峰」駅バス24～29分 徒歩1～6分</li>
kanagawa,futamatagawa,左近山,70600,,,,相鉄本線「二俣川」駅,14.0,23.0,横浜市旭区左近山16-1ほか,8-16号棟,鉄筋コンクリート造、鉄骨鉄筋コンクリート造,5,N,503号室,3K,50,5,65800,4800,2か月,"['近居割', '近居割WIDE']",随時,https://www.ur-net.go.jp/chintai/kanto/kanagawa/40_1180_room.html?JKSS=008160503,<li>相鉄本線「二俣川」駅バス13～17分 徒歩1～6分</li><li>JR横須賀線「東戸塚」駅バス25～31分 徒歩1～6分</li><li>相鉄本線「鶴ヶ峰」駅バス24～29分 徒歩1～6分</li>
kanagawa,futamatagawa,左近山,70600,,,,JR横須賀線「東戸塚」駅,26.0,37.0,横浜市旭区左近山16-1ほか,8-16号棟,鉄筋コンクリート造、鉄骨鉄筋コンクリート造,5,N,503号室,3K,50,5,65800,4800,2か月,"['近居割', '近居割WIDE']",随時,https://www.ur-net.go.jp/chintai/kanto/kanagawa/40_1180_room.html?JKSS=008160503,<li>相鉄本線「二俣川」駅バス13～17分 徒歩1～6分</li><li>JR横須賀線「東戸塚」駅バス25～31分 徒歩1～6分</li><li>相鉄本線「鶴ヶ峰」駅バス24～29分 徒歩1～6分</li>
kanagawa,futamatagawa,左近山,70600,,,,相鉄本線「鶴ヶ峰」駅,25.0,35.0,横浜市旭区左近山16-1ほか,8-16号棟,鉄筋コンクリート造、鉄骨鉄筋コンクリート造,5,N,503号室,3K,50,5,65800,4800,2か月,"['近居割', '近居割WIDE']",随時,https://www.ur-net.go.jp/chintai/kanto/kanagawa/40_1180_room.html?JKSS=008160503,<li>相鉄本線「二俣川」駅バス13～17分 徒歩1～6分</li><li>JR横須賀線「東戸塚」駅バス25～31分 徒歩1～6分</li><li>相鉄本線「鶴ヶ峰」駅バス24～29分 徒歩1～6分</li>
kanagawa,futamatagawa,左近山,70600,,,,,,,横浜市旭区左近山16-1ほか,8-16号棟,鉄筋コンクリート造、鉄骨鉄筋コンクリート造,5,N,503号室,3K,50,5,65800,4800,2か月,"['近居割', '近居割WIDE']",随時,https://www.ur-net.go.jp/chintai/kanto/kanagawa/40_1180_room.html?JKSS=008160503,<li>相鉄本線「二俣川」駅バス13～17分 徒歩1～6分</li><li>JR横須賀線「東戸塚」駅バス25～31分 徒歩1～6分</li><li>相鉄本線「鶴ヶ峰」駅バス24～29分 徒歩1～6分</li>
kanagawa,futamatagawa,左近山,70600,,,,相鉄本線「二俣川」駅,14.0,23.0,横浜市旭区左近山16-1ほか,9-13号棟,鉄筋コンクリート造、鉄骨鉄筋コンクリート造,5,N,503号室,3K,50,5,65800,4800,2か月,"['近居割', '近居割WIDE']",随時,https://www.ur-net.go.jp/chintai/kanto/kanagawa/40_1180_room.html?JKSS=009130503,<li>相鉄本線「二俣川」駅バス13～17分 徒歩1～6分</li><li>JR横須賀線「東戸塚」駅バス25～31分 徒歩1～6分</li><li>相鉄本線「鶴ヶ峰」駅バス24～29分 徒歩1～6分</li>
kanagawa,futamatagawa,左近山,70600,,,,JR横須賀線「東戸塚」駅,26.0,37.0,横浜市旭区左近山16-1ほか,9-13号棟,鉄筋コンクリート造、鉄骨鉄筋コンクリート造,5,N,503号室,3K,50,5,65800,4800,2か月,"['近居割', '近居割WIDE']",随時,https://www.ur-net.go.jp/chintai/kanto/kanagawa/40_1180_room.html?JKSS=009130503,<li>相鉄本線「二俣川」駅バス13～17分 徒歩1～6分</li><li>JR横須賀線「東戸塚」駅バス25～31分 徒歩1～6分</li><li>相鉄本線「鶴ヶ峰」駅バス24～29分 徒歩1～6分</li>
kanagawa,futamatagawa,左近山,70600,,,,相鉄本線「鶴ヶ峰」駅,25.0,35.0,横浜市旭区左近山16-1ほか,9-13号棟,鉄筋コンクリート造、鉄骨鉄筋コンクリート造,5,N,503号室,3K,50,5,65800,4800,2か月,"['近居割', '近居割WIDE']",随時,https://www.ur-net.go.jp/chintai/kanto/kanagawa/40_1180_room.html?JKSS=009130503,<li>相鉄本線「二俣川」駅バス13～17分 徒歩1～6分</li><li>JR横須賀線「東戸塚」駅バス25～31分 徒歩1～6分</li><li>相鉄本線「鶴ヶ峰」駅バス24～29分 徒歩1～6分</li>
kanagawa,futamatagawa,左近山,70600,,,,,,,横浜市旭区左近山16-1ほか,9-13号棟,鉄筋コンクリート造、鉄骨鉄筋コンクリート造,5,N,503号室,3K,50,5,65800,4800,2か月,"['近居割', '近居割WIDE']",随時,https://www.ur-net.go.jp/chintai/kanto/kanagawa/40_1180_room.html?JKSS=009130503,<li>相鉄本線「二俣川」駅バス13～17分 徒歩1～6分</li><li>JR横須賀線「東戸塚」駅バス25～31分 徒歩1～6分</li><li>相鉄本線「鶴ヶ峰」駅バス24～29分 徒歩1～6分</li>
kanagawa,futamatagawa,左近山,73500,,,,相鉄本線「二俣川」駅,14.0,23.0,横浜市旭区左近山16-1ほか,8-11号棟,鉄筋コンクリート造、鉄骨鉄筋コンクリート造,4,N,402号室,2LDK,50,5,68700,4800,2か月,"['近居割', '近居割WIDE']",随時,https://www.ur-net.go.jp/chintai/kanto/kanagawa/40_1180_room.html?JKSS=008110402,<li>相鉄本線「二俣川」駅バス13～17分 徒歩1～6分</li><li>JR横須賀線「東戸塚」駅バス25～31分 徒歩1～6分</li><li>相鉄本線「鶴ヶ峰」駅バス24～29分 徒歩1～6分</li>
kanagawa,futamatagawa,左近山,73500,,,,JR横須賀線「東戸塚」駅,26.0,37.0,横浜市旭区左近山16-1ほか,8-11号棟,鉄筋コンクリート造、鉄骨鉄筋コンクリート造,4,N,402号室,2LDK,50,5,68700,4800,2か月,"['近居割', '近居割WIDE']",随時,https://www.ur-net.go.jp/chintai/kanto/kanagawa/40_1180_room.html?JKSS=008110402,<li>相鉄本線「二俣川」駅バス13～17分 徒歩1～6分</li><li>JR横須賀線「東戸塚」駅バス25～31分 徒歩1～6分</li><li>相鉄本線「鶴ヶ峰」駅バス24～29分 徒歩1～6分</li>
kanagawa,futamatagawa,左近山,73500,,,,相鉄本線「鶴ヶ峰」駅,25.0,35.0,横浜市旭区左近山16-1ほか,8-11号棟,鉄筋コンクリート造、鉄骨鉄筋コンクリート造,4,N,402号室,2LDK,50,5,68700,4800,2か月,"['近居割', '近居割WIDE']",随時,https://www.ur-net.go.jp/chintai/kanto/kanagawa/40_1180_room.html?JKSS=008110402,<li>相鉄本線「二俣川」駅バス13～17分 徒歩1～6分</li><li>JR横須賀線「東戸塚」駅バス25～31分 徒歩1～6分</li><li>相鉄本線「鶴ヶ峰」駅バス24～29分 徒歩1～6分</li>
kanagawa,futamatagawa,左近山,73500,,,,,,,横浜市旭区左近山16-1ほか,8-11号棟,鉄筋コンクリート造、鉄骨鉄筋コンクリート造,4,N,402号室,2LDK,50,5,68700,4800,2か月,"['近居割', '近居割WIDE']",随時,https://www.ur-net.go.jp/chintai/kanto/kanagawa/40_1180_room.html?JKSS=008110402,<li>相鉄本線「二俣川」駅バス13～17分 徒歩1～6分</li><li>JR横須賀線「東戸塚」駅バス25～31分 徒歩1～6分</li><li>相鉄本線「鶴ヶ峰」駅バス24～29分 徒歩1～6分</li>
kanagawa,futamatagawa,左近山,73500,,,,相鉄本線「二俣川」駅,14.0,23.0,横浜市旭区左近山16-1ほか,9-10号棟,鉄筋コンクリート造、鉄骨鉄筋コンクリート造,4,N,403号室,2LDK,50,5,68700,4800,2か月,"['近居割', '近居割WIDE']",随時,https://www.ur-net.go.jp/chintai/kanto/kanagawa/40_1180_room.html?JKSS=009100403,<li>相鉄本線「二俣川」駅バス13～17分 徒歩1～6分</li><li>JR横須賀線「東戸塚」駅バス25～31分 徒歩1～6分</li><li>相鉄本線「鶴ヶ峰」駅バス24～29分 徒歩1～6分</li>
kanagawa,futamatagawa,左近山,73500,,,,JR横須賀線「東戸塚」駅,26.0,37.0,横浜市旭区左近山16-1ほか,9-10号棟,鉄筋コンクリート造、鉄骨鉄筋コンクリート造,4,N,403号室,2LDK,50,5,68700,4800,2か月,"['近居割', '近居割WIDE']",随時,https://www.ur-net.go.jp/chintai/kanto/kanagawa/40_1180_room.html?JKSS=009100403,<li>相鉄本線「二俣川」駅バス13～17分 徒歩1～6分</li><li>JR横須賀線「東戸塚」駅バス25～31分 徒歩1～6分</li><li>相鉄本線「鶴ヶ峰」駅バス24～29分 徒歩1～6分</li>
kanagawa,futamatagawa,左近山,73500,,,,相鉄本線「鶴ヶ峰」駅,25.0,35.0,横浜市旭区左近山16-1ほか,9-10号棟,鉄筋コンクリート造、鉄骨鉄筋コンクリート造,4,N,403号室,2LDK,50,5,68700,4800,2か月,"['近居割', '近居割WIDE']",随時,https://www.ur-net.go.jp/chintai/kanto/kanagawa/40_1180_room.html?JKSS=009100403,<li>相鉄本線「二俣川」駅バス13～17分 徒歩1～6分</li><li>JR横須賀線「東戸塚」駅バス25～31分 徒歩1～6分</li><li>相鉄本線「鶴ヶ峰」駅バス24～29分 徒歩1～6分</li>
kanagawa,futamatagawa,左近山,73500,,,,,,,横浜市旭区左近山16-1ほか,9-10号棟,鉄筋コンクリート造、鉄骨鉄筋コンクリート造,4,N,403号室,2LDK,50,5,68700,4800,2か月,"['近居割', '近居割WIDE']",随時,https://www.ur-net.go.jp/chintai/kanto/kanagawa/40_1180_room.html?JKSS=009100403,<li>相鉄本線「二俣川」駅バス13～17分 徒歩1～6分</li><li>JR横須賀線「東戸塚」駅バス25～31分 徒歩1～6分</li><li>相鉄本線「鶴ヶ峰」駅バス24～29分 徒歩1～6分</li>
kanagawa,konandai,洋光台北,85800,JR京浜東北・根岸線「洋光台」駅,8.0,14.0,,,,横浜市磯子区洋光台2-1ほか,3-6号棟,鉄筋コンクリート造、鉄骨鉄筋コンクリート造,3,N,301号室,3K,47,5,81500,4300,2か月,"['近居割', '近居割WIDE']",随時,https://www.ur-net.go.jp/chintai/kanto/kanagawa/40_1290_room.html?JKSS=003060301,<li>JR京浜東北・根岸線「洋光台」駅 徒歩8～14分</li><li>横浜市営地下鉄ブルーライン「港南中央」駅バス9～11分 徒歩1～6分</li><li>JR京浜東北・根岸線「港南台」駅 徒歩24～35分</li>
kanagawa,konandai,洋光台北,85800,,,,横浜市営地下鉄ブルーライン「港南中央」駅,10.0,17.0,横浜市磯子区洋光台2-1ほか,3-6号棟,鉄筋コンクリート造、鉄骨鉄筋コンクリート造,3,N,301号室,3K,47,5,81500,4300,2か月,"['近居割', '近居割WIDE']",随時,https://www.ur-net.go.jp/chintai/kanto/kanagawa/40_1290_room.html?JKSS=003060301,<li>JR京浜東北・根岸線「洋光台」駅 徒歩8～14分</li><li>横浜市営地下鉄ブルーライン「港南中央」駅バス9～11分 徒歩1～6分</li><li>JR京浜東北・根岸線「港南台」駅 徒歩24～35分</li>
kanagawa,konandai,洋光台北,85800,JR京浜東北・根岸線「港南台」駅,24.0,35.0,,,,横浜市磯子区洋光台2-1ほか,3-6号棟,鉄筋コンクリート造、鉄骨鉄筋コンクリート造,3,N,301号室,3K,47,5,81500,4300,2か月,"['近居割', '近居割WIDE']",随時,https://www.ur-net.go.jp/chintai/kanto/kanagawa/40_1290_room.html?JKSS=003060301,<li>JR京浜東北・根岸線「洋光台」駅 徒歩8～14分</li><li>横浜市営地下鉄ブルーライン「港南中央」駅バス9～11分 徒歩1～6分</li><li>JR京浜東北・根岸線「港南台」駅 徒歩24～35分</li>
kanagawa,konandai,洋光台北,85800,,,,,,,横浜市磯子区洋光台2-1ほか,3-6号棟,鉄筋コンクリート造、鉄骨鉄筋コンクリート造,3,N,301号室,3K,47,5,81500,4300,2か月,"['近居割', '近居割WIDE']",随時,https://www.ur-net.go.jp/chintai/kanto/kanagawa/40_1290_room.html?JKSS=003060301,<li>JR京浜東北・根岸線「洋光台」駅 徒歩8～14分</li><li>横浜市営地下鉄ブルーライン「港南中央」駅バス9～11分 徒歩1～6分</li><li>JR京浜東北・根岸線「港南台」駅 徒歩24～35分</li>
kanagawa,konandai,洋光台北,88200,JR京浜東北・根岸線「洋光台」駅,8.0,14.0,,,,横浜市磯子区洋光台2-1ほか,3-13号棟,鉄筋コンクリート造、鉄骨鉄筋コンクリート造,4,N,401号室,3K,47,5,83900,4300,2か月,"['近居割', '近居割WIDE']",随時,https://www.ur-net.go.jp/chintai/kanto/kanagawa/40_1290_room.html?JKSS=003130401,<li>JR京浜東北・根岸線「洋光台」駅 徒歩8～14分</li><li>横浜市営地下鉄ブルーライン「港南中央」駅バス9～11分 徒歩1～6分</li><li>JR京浜東北・根岸線「港南台」駅 徒歩24～35分</li>
kanagawa,konandai,洋光台北,88200,,,,横浜市営地下鉄ブルーライン「港南中央」駅,10.0,17.0,横浜市磯子区洋光台2-1ほか,3-13号棟,鉄筋コンクリート造、鉄骨鉄筋コンクリート造,4,N,401号室,3K,47,5,83900,4300,2か月,"['近居割', '近居割WIDE']",随時,https://www.ur-net.go.jp/chintai/kanto/kanagawa/40_1290_room.html?JKSS=003130401,<li>JR京浜東北・根岸線「洋光台」駅 徒歩8～14分</li><li>横浜市営地下鉄ブルーライン「港南中央」駅バス9～11分 徒歩1～6分</li><li>JR京浜東北・根岸線「港南台」駅 徒歩24～35分</li>
kanagawa,konandai,洋光台北,88200,JR京浜東北・根岸線「港南台」駅,24.0,35.0,,,,横浜市磯子区洋光台2-1ほか,3-13号棟,鉄筋コンクリート造、鉄骨鉄筋コンクリート造,4,N,401号室,3K,47,5,83900,4300,2か月,"['近居割', '近居割WIDE']",随時,https://www.ur-net.go.jp/chintai/kanto/kanagawa/40_1290_room.html?JKSS=003130401,<li>JR京浜東北・根岸線「洋光台」駅 徒歩8～14分</li><li>横浜市営地下鉄ブルーライン「港南中央」駅バス9～11分 徒歩1～6分</li><li>JR京浜東北・根岸線「港南台」駅 徒歩24～35分</li>
kanagawa,konandai,洋光台北,88200,,,,,,,横浜市磯子区洋光台2-1ほか,3-13号棟,鉄筋コンクリート造、鉄骨鉄筋コンクリート造,4,N,401号室,3K,47,5,83900,4300,2か月,"['近居割', '近居割WIDE']",随時,https://www.ur-net.go.jp/chintai/kanto/kanagawa/40_1290_room.html?JKSS=003130401,<li>JR京浜東北・根岸線「洋光台」駅 徒歩8～14分</li><li>横浜市営地下鉄ブルーライン「港南中央」駅バス9～11分 徒歩1～6分</li><li>JR京浜東北・根岸線「港南台」駅 徒歩24～35分</li>
kanagawa,seasidetown,金沢シーサイドタウン　並木一丁目第一,90100,シーサイドライン「鳥浜」駅,5.0,10.0,,,,横浜市金沢区並木1,2-2号棟,鉄骨鉄筋コンクリート造,9,N,905号室,1LDK,49,11,86600,3500,2か月,"['近居割', '近居割WIDE']",随時,https://www.ur-net.go.jp/chintai/kanto/kanagawa/40_1860_room.html?JKSS=002020905,<li>シーサイドライン「鳥浜」駅 徒歩5～10分</li><li>シーサイドライン「並木北」駅 徒歩4～11分</li><li>京急本線「京急富岡」駅 徒歩16～21分</li>
kanagawa,seasidetown,金沢シーサイドタウン　並木一丁目第一,90100,シーサイドライン「並木北」駅,4.0,11.0,,,,横浜市金沢区並木1,2-2号棟,鉄骨鉄筋コンクリート造,9,N,905号室,1LDK,49,11,86600,3500,2か月,"['近居割', '近居割WIDE']",随時,https://www.ur-net.go.jp/chintai/kanto/kanagawa/40_1860_room.html?JKSS=002020905,<li>シーサイドライン「鳥浜」駅 徒歩5～10分</li><li>シーサイドライン「並木北」駅 徒歩4～11分</li><li>京急本線「京急富岡」駅 徒歩16～21分</li>
kanagawa,seasidetown,金沢シーサイドタウン　並木一丁目第一,90100,京急本線「京急富岡」駅,16.0,21.0,,,,横浜市金沢区並木1,2-2号棟,鉄骨鉄筋コンクリート造,9,N,905号室,1LDK,49,11,86600,3500,2か月,"['近居割', '近居割WIDE']",随時,https://www.ur-net.go.jp/chintai/kanto/kanagawa/40_1860_room.html?JKSS=002020905,<li>シーサイドライン「鳥浜」駅 徒歩5～10分</li><li>シーサイドライン「並木北」駅 徒歩4～11分</li><li>京急本線「京急富岡」駅 徒歩16～21分</li>
kanagawa,seasidetown,金沢シーサイドタウン　並木一丁目第一,90100,,,,,,,横浜市金沢区並木1,2-2号棟,鉄骨鉄筋コンクリート造,9,N,905号室,1LDK,49,11,86600,3500,2か月,"['近居割', '近居割WIDE']",随時,https://www.ur-net.go.jp/chintai/kanto/kanagawa/40_1860_room.html?JKSS=002020905,<li>シーサイドライン「鳥浜」駅 徒歩5～10分</li><li>シーサイドライン「並木北」駅 徒歩4～11分</li><li>京急本線「京急富岡」駅 徒歩16～21分</li>
kanagawa,seasidetown,金沢シーサイドタウン　並木二丁目,105400,シーサイドライン「並木中央」駅,7.0,14.0,,,,横浜市金沢区並木2,7-6号棟,鉄筋コンクリート造,6,N,606号室,2LDK,68,8,101100,4300,2か月,"['近居割', '近居割WIDE']",随時,https://www.ur-net.go.jp/chintai/kanto/kanagawa/40_2040_room.html?JKSS=007060606,<li>シーサイドライン「並木中央」駅 徒歩7～14分</li><li>京急本線「京急富岡」駅 徒歩11～14分</li><li>京急本線「能見台」駅 徒歩22～24分</li>
kanagawa,seasidetown,金沢シーサイドタウン　並木二丁目,105400,京急本線「京急富岡」駅,11.0,14.0,,,,横浜市金沢区並木2,7-6号棟,鉄筋コンクリート造,6,N,606号室,2LDK,68,8,101100,4300,2か月,"['近居割', '近居割WIDE']",随時,https://www.ur-net.go.jp/chintai/kanto/kanagawa/40_2040_room.html?JKSS=007060606,<li>シーサイドライン「並木中央」駅 徒歩7～14分</li><li>京急本線「京急富岡」駅 徒歩11～14分</li><li>京急本線「能見台」駅 徒歩22～24分</li>
kanagawa,seasidetown,金沢シーサイドタウン　並木二丁目,105400,京急本線「能見台」駅,22.0,24.0,,,,横浜市金沢区並木2,7-6号棟,鉄筋コンクリート造,6,N,606号室,2LDK,68,8,101100,4300,2か月,"['近居割', '近居割WIDE']",随時,https://www.ur-net.go.jp/chintai/kanto/kanagawa/40_2040_room.html?JKSS=007060606,<li>シーサイドライン「並木中央」駅 徒歩7～14分</li><li>京急本線「京急富岡」駅 徒歩11～14分</li><li>京急本線「能見台」駅 徒歩22～24分</li>
kanagawa,seasidetown,金沢シーサイドタウン　並木二丁目,105400,,,,,,,横浜市金沢区並木2,7-6号棟,鉄筋コンクリート造,6,N,606号室,2LDK,68,8,101100,4300,2か月,"['近居割', '近居割WIDE']",随時,https://www.ur-net.go.jp/chintai/kanto/kanagawa/40_2040_room.html?JKSS=007060606,<li>シーサイドライン「並木中央」駅 徒歩7～14分</li><li>京急本線「京急富岡」駅 徒歩11～14分</li><li>京急本線「能見台」駅 徒歩22～24分</li>
kanagawa,seasidetown,金沢シーサイドタウン　並木二丁目,107500,シーサイドライン「並木中央」駅,7.0,14.0,,,,横浜市金沢区並木2,3-1号棟,鉄筋コンクリート造,3,N,303号室,2LDK,68,8,103200,4300,2か月,"['近居割', '近居割WIDE']",随時,https://www.ur-net.go.jp/chintai/kanto/kanagawa/40_2040_room.html?JKSS=003010303,<li>シーサイドライン「並木中央」駅 徒歩7～14分</li><li>京急本線「京急富岡」駅 徒歩11～14分</li><li>京急本線「能見台」駅 徒歩22～24分</li>
kanagawa,seasidetown,金沢シーサイドタウン　並木二丁目,107500,京急本線「京急富岡」駅,11.0,14.0,,,,横浜市金沢区並木2,3-1号棟,鉄筋コンクリート造,3,N,303号室,2LDK,68,8,103200,4300,2か月,"['近居割', '近居割WIDE']",随時,https://www.ur-net.go.jp/chintai/kanto/kanagawa/40_2040_room.html?JKSS=003010303,<li>シーサイドライン「並木中央」駅 徒歩7～14分</li><li>京急本線「京急富岡」駅 徒歩11～14分</li><li>京急本線「能見台」駅 徒歩22～24分</li>
kanagawa,seasidetown,金沢シーサイドタウン　並木二丁目,107500,京急本線「能見台」駅,22.0,24.0,,,,横浜市金沢区並木2,3-1号棟,鉄筋コンクリート造,3,N,303号室,2LDK,68,8,103200,4300,2か月,"['近居割', '近居割WIDE']",随時,https://www.ur-net.go.jp/chintai/kanto/kanagawa/40_2040_room.html?JKSS=003010303,<li>シーサイドライン「並木中央」駅 徒歩7～14分</li><li>京急本線「京急富岡」駅 徒歩11～14分</li><li>京急本線「能見台」駅 徒歩22～24分</li>
kanagawa,seasidetown,金沢シーサイドタウン　並木二丁目,107500,,,,,,,横浜市金沢区並木2,3-1号棟,鉄筋コンクリート造,3,N,303号室,2LDK,68,8,103200,4300,2か月,"['近居割', '近居割WIDE']",随時,https://www.ur-net.go.jp/chintai/kanto/kanagawa/40_2040_room.html?JKSS=003010303,<li>シーサイドライン「並木中央」駅 徒歩7～14分</li><li>京急本線「京急富岡」駅 徒歩11～14分</li><li>京急本線「能見台」駅 徒歩22～24分</li>
kanagawa,seasidetown,金沢シーサイドタウン　並木一丁目第二,111600,シーサイドライン「並木北」駅,6.0,10.0,,,,横浜市金沢区並木1,18-2号棟,鉄筋コンクリート造,2,N,202号室,2LDK,69,3,105600,6000,2か月,"['近居割', '近居割WIDE']",随時,https://www.ur-net.go.jp/chintai/kanto/kanagawa/40_1990_room.html?JKSS=018020202,<li>シーサイドライン「並木北」駅 徒歩6～10分</li><li>京急本線「京急富岡」駅 徒歩14～18分</li><li>シーサイドライン「並木中央」駅 徒歩7～13分</li><li>シーサイドライン「鳥浜」駅 徒歩12～13分</li>
kanagawa,seasidetown,金沢シーサイドタウン　並木一丁目第二,111600,京急本線「京急富岡」駅,14.0,18.0,,,,横浜市金沢区並木1,18-2号棟,鉄筋コンクリート造,2,N,202号室,2LDK,69,3,105600,6000,2か月,"['近居割', '近居割WIDE']",随時,https://www.ur-net.go.jp/chintai/kanto/kanagawa/40_1990_room.html?JKSS=018020202,<li>シーサイドライン「並木北」駅 徒歩6～10分</li><li>京急本線「京急富岡」駅 徒歩14～18分</li><li>シーサイドライン「並木中央」駅 徒歩7～13分</li><li>シーサイドライン「鳥浜」駅 徒歩12～13分</li>
kanagawa,seasidetown,金沢シーサイドタウン　並木一丁目第二,111600,シーサイドライン「並木中央」駅,7.0,13.0,,,,横浜市金沢区並木1,18-2号棟,鉄筋コンクリート造,2,N,202号室,2LDK,69,3,105600,6000,2か月,"['近居割', '近居割WIDE']",随時,https://www.ur-net.go.jp/chintai/kanto/kanagawa/40_1990_room.html?JKSS=018020202,<li>シーサイドライン「並木北」駅 徒歩6～10分</li><li>京急本線「京急富岡」駅 徒歩14～18分</li><li>シーサイドライン「並木中央」駅 徒歩7～13分</li><li>シーサイドライン「鳥浜」駅 徒歩12～13分</li>
kanagawa,seasidetown,金沢シーサイドタウン　並木一丁目第二,111600,シーサイドライン「鳥浜」駅,12.0,13.0,,,,横浜市金沢区並木1,18-2号棟,鉄筋コンクリート造,2,N,202号室,2LDK,69,3,105600,6000,2か月,"['近居割', '近居割WIDE']",随時,https://www.ur-net.go.jp/chintai/kanto/kanagawa/40_1990_room.html?JKSS=018020202,<li>シーサイドライン「並木北」駅 徒歩6～10分</li><li>京急本線「京急富岡」駅 徒歩14～18分</li><li>シーサイドライン「並木中央」駅 徒歩7～13分</li><li>シーサイドライン「鳥浜」駅 徒歩12～13分</li>
kanagawa,seasidetown,金沢シーサイドタウン　並木一丁目第二,111600,,,,,,,横浜市金沢区並木1,18-2号棟,鉄筋コンクリート造,2,N,202号室,2LDK,69,3,105600,6000,2か月,"['近居割', '近居割WIDE']",随時,https://www.ur-net.go.jp/chintai/kanto/kanagawa/40_1990_room.html?JKSS=018020202,<li>シーサイドライン「並木北」駅 徒歩6～10分</li><li>京急本線「京急富岡」駅 徒歩14～18分</li><li>シーサイドライン「並木中央」駅 徒歩7～13分</li><li>シーサイドライン「鳥浜」駅 徒歩12～13分</li>
kanagawa,seasidetown,ビーコンヒル能見台ウエストヒル,142300,京急本線「能見台」駅,11.0,11.0,,,,横浜市金沢区能見台東8,1号棟,鉄筋コンクリート造,11,N,1101号室,2LDK,62,13,136400,5900,2か月,['近居割'],随時,https://www.ur-net.go.jp/chintai/kanto/kanagawa/40_3260_room.html?JKSS=000011101,<li>京急本線「能見台」駅 徒歩11分</li><li>JR京浜東北・根岸線「洋光台」駅バス20分 徒歩7分</li><li>京急本線「京急富岡」駅 徒歩17～18分</li>
kanagawa,seasidetown,ビーコンヒル能見台ウエストヒル,142300,,,,JR京浜東北・根岸線「洋光台」駅,27.0,27.0,横浜市金沢区能見台東8,1号棟,鉄筋コンクリート造,11,N,1101号室,2LDK,62,13,136400,5900,2か月,['近居割'],随時,https://www.ur-net.go.jp/chintai/kanto/kanagawa/40_3260_room.html?JKSS=000011101,<li>京急本線「能見台」駅 徒歩11分</li><li>JR京浜東北・根岸線「洋光台」駅バス20分 徒歩7分</li><li>京急本線「京急富岡」駅 徒歩17～18分</li>
kanagawa,seasidetown,ビーコンヒル能見台ウエストヒル,142300,京急本線「京急富岡」駅,17.0,18.0,,,,横浜市金沢区能見台東8,1号棟,鉄筋コンクリート造,11,N,1101号室,2LDK,62,13,136400,5900,2か月,['近居割'],随時,https://www.ur-net.go.jp/chintai/kanto/kanagawa/40_3260_room.html?JKSS=000011101,<li>京急本線「能見台」駅 徒歩11分</li><li>JR京浜東北・根岸線「洋光台」駅バス20分 徒歩7分</li><li>京急本線「京急富岡」駅 徒歩17～18分</li>
kanagawa,seasidetown,ビーコンヒル能見台ウエストヒル,142300,,,,,,,横浜市金沢区能見台東8,1号棟,鉄筋コンクリート造,11,N,1101号室,2LDK,62,13,136400,5900,2か月,['近居割'],随時,https://www.ur-net.go.jp/chintai/kanto/kanagawa/40_3260_room.html?JKSS=000011101,<li>京急本線「能見台」駅 徒歩11分</li><li>JR京浜東北・根岸線「洋光台」駅バス20分 徒歩7分</li><li>京急本線「京急富岡」駅 徒歩17～18分</li>
kanagawa,seasidetown,ビーコンヒル能見台サウスヒル,190100,京急本線「能見台」駅,6.0,11.0,,,,横浜市金沢区能見台東11,4号棟,鉄筋コンクリート造,13,N,1301号室,3LDK,81,14,184400,5700,2か月,['近居割'],随時,https://www.ur-net.go.jp/chintai/kanto/kanagawa/40_3890_room.html?JKSS=000041301,<li>京急本線「能見台」駅 徒歩6～11分</li><li>JR京浜東北・根岸線「磯子」駅バス22分 徒歩9～14分</li><li>京急本線「金沢文庫」駅バス4分 徒歩7～11分</li>
kanagawa,seasidetown,ビーコンヒル能見台サウスヒル,190100,,,,JR京浜東北・根岸線「磯子」駅,31.0,36.0,横浜市金沢区能見台東11,4号棟,鉄筋コンクリート造,13,N,1301号室,3LDK,81,14,184400,5700,2か月,['近居割'],随時,https://www.ur-net.go.jp/chintai/kanto/kanagawa/40_3890_room.html?JKSS=000041301,<li>京急本線「能見台」駅 徒歩6～11分</li><li>JR京浜東北・根岸線「磯子」駅バス22分 徒歩9～14分</li><li>京急本線「金沢文庫」駅バス4分 徒歩7～11分</li>
kanagawa,seasidetown,ビーコンヒル能見台サウスヒル,190100,,,,京急本線「金沢文庫」駅,11.0,15.0,横浜市金沢区能見台東11,4号棟,鉄筋コンクリート造,13,N,1301号室,3LDK,81,14,184400,5700,2か月,['近居割'],随時,https://www.ur-net.go.jp/chintai/kanto/kanagawa/40_3890_room.html?JKSS=000041301,<li>京急本線「能見台」駅 徒歩6～11分</li><li>JR京浜東北・根岸線「磯子」駅バス22分 徒歩9～14分</li><li>京急本線「金沢文庫」駅バス4分 徒歩7～11分</li>
kanagawa,seasidetown,ビーコンヒル能見台サウスヒル,190100,,,,,,,横浜市金沢区能見台東11,4号棟,鉄筋コンクリート造,13,N,1301号室,3LDK,81,14,184400,5700,2か月,['近居割'],随時,https://www.ur-net.go.jp/chintai/kanto/kanagawa/40_3890_room.html?JKSS=000041301,<li>京急本線「能見台」駅 徒歩6～11分</li><li>JR京浜東北・根岸線「磯子」駅バス22分 徒歩9～14分</li><li>京急本線「金沢文庫」駅バス4分 徒歩7～11分</li>
kanagawa,totsuka,プロムナード矢部,139900,JR東海道本線「戸塚」駅,9.0,13.0,,,,横浜市戸塚区矢部町321,3号棟,鉄筋コンクリート造,7,N,703号室,1LDK,50,13,135300,4600,2か月,['近居割'],随時,https://www.ur-net.go.jp/chintai/kanto/kanagawa/40_3610_room.html?JKSS=000030703,<li>JR東海道本線「戸塚」駅 徒歩9～13分</li><li>JR横須賀線「東戸塚」駅バス20分 徒歩2～7分</li><li>相鉄いずみ野線「弥生台」駅バス20分 徒歩10～15分</li>
kanagawa,totsuka,プロムナード矢部,139900,,,,JR横須賀線「東戸塚」駅,22.0,27.0,横浜市戸塚区矢部町321,3号棟,鉄筋コンクリート造,7,N,703号室,1LDK,50,13,135300,4600,2か月,['近居割'],随時,https://www.ur-net.go.jp/chintai/kanto/kanagawa/40_3610_room.html?JKSS=000030703,<li>JR東海道本線「戸塚」駅 徒歩9～13分</li><li>JR横須賀線「東戸塚」駅バス20分 徒歩2～7分</li><li>相鉄いずみ野線「弥生台」駅バス20分 徒歩10～15分</li>
kanagawa,totsuka,プロムナード矢部,139900,,,,相鉄いずみ野線「弥生台」駅,30.0,35.0,横浜市戸塚区矢部町321,3号棟,鉄筋コンクリート造,7,N,703号室,1LDK,50,13,135300,4600,2か月,['近居割'],随時,https://www.ur-net.go.jp/chintai/kanto/kanagawa/40_3610_room.html?JKSS=000030703,<li>JR東海道本線「戸塚」駅 徒歩9～13分</li><li>JR横須賀線「東戸塚」駅バス20分 徒歩2～7分</li><li>相鉄いずみ野線「弥生台」駅バス20分 徒歩10～15分</li>
kanagawa,totsuka,プロムナード矢部,139900,,,,,,,横浜市戸塚区矢部町321,3号棟,鉄筋コンクリート造,7,N,703号室,1LDK,50,13,135300,4600,2か月,['近居割'],随時,https://www.ur-net.go.jp/chintai/kanto/kanagawa/40_3610_room.html?JKSS=000030703,<li>JR東海道本線「戸塚」駅 徒歩9～13分</li><li>JR横須賀線「東戸塚」駅バス20分 徒歩2～7分</li><li>相鉄いずみ野線「弥生台」駅バス20分 徒歩10～15分</li>
kanagawa,sagamiono,相模台,62900,小田急小田原線「小田急相模原」駅,16.0,21.0,小田急小田原線「小田急相模原」駅,9.0,13.0,相模原市南区相模台団地,6-2号棟,鉄筋コンクリート造,5,N,506号室,2DK,45,5,59700,3200,2か月,['URライト（4年定借）'],随時,https://www.ur-net.go.jp/chintai/kanto/kanagawa/40_1080_room.html?JKSS=000602506,<li>小田急小田原線「小田急相模原」駅 徒歩16～21分 又はバス8分 徒歩1～5分</li><li>JR横浜線「古淵」駅バス19分 徒歩3～7分</li>
kanagawa,sagamiono,相模台,62900,,,,JR横浜線「古淵」駅,22.0,26.0,相模原市南区相模台団地,6-2号棟,鉄筋コンクリート造,5,N,506号室,2DK,45,5,59700,3200,2か月,['URライト（4年定借）'],随時,https://www.ur-net.go.jp/chintai/kanto/kanagawa/40_1080_room.html?JKSS=000602506,<li>小田急小田原線「小田急相模原」駅 徒歩16～21分 又はバス8分 徒歩1～5分</li><li>JR横浜線「古淵」駅バス19分 徒歩3～7分</li>
kanagawa,sagamiono,相模台,62900,,,,,,,相模原市南区相模台団地,6-2号棟,鉄筋コンクリート造,5,N,506号室,2DK,45,5,59700,3200,2か月,['URライト（4年定借）'],随時,https://www.ur-net.go.jp/chintai/kanto/kanagawa/40_1080_room.html?JKSS=000602506,<li>小田急小田原線「小田急相模原」駅 徒歩16～21分 又はバス8分 徒歩1～5分</li><li>JR横浜線「古淵」駅バス19分 徒歩3～7分</li>
kanagawa,sagamiono,相模台,62900,小田急小田原線「小田急相模原」駅,16.0,21.0,小田急小田原線「小田急相模原」駅,9.0,13.0,相模原市南区相模台団地,7-2号棟,鉄筋コンクリート造,5,N,502号室,2DK,45,5,59700,3200,2か月,"['近居割', '近居割WIDE']",随時,https://www.ur-net.go.jp/chintai/kanto/kanagawa/40_1080_room.html?JKSS=000702502,<li>小田急小田原線「小田急相模原」駅 徒歩16～21分 又はバス8分 徒歩1～5分</li><li>JR横浜線「古淵」駅バス19分 徒歩3～7分</li>
kanagawa,sagamiono,相模台,62900,,,,JR横浜線「古淵」駅,22.0,26.0,相模原市南区相模台団地,7-2号棟,鉄筋コンクリート造,5,N,502号室,2DK,45,5,59700,3200,2か月,"['近居割', '近居割WIDE']",随時,https://www.ur-net.go.jp/chintai/kanto/kanagawa/40_1080_room.html?JKSS=000702502,<li>小田急小田原線「小田急相模原」駅 徒歩16～21分 又はバス8分 徒歩1～5分</li><li>JR横浜線「古淵」駅バス19分 徒歩3～7分</li>
kanagawa,sagamiono,相模台,62900,,,,,,,相模原市南区相模台団地,7-2号棟,鉄筋コンクリート造,5,N,502号室,2DK,45,5,59700,3200,2か月,"['近居割', '近居割WIDE']",随時,https://www.ur-net.go.jp/chintai/kanto/kanagawa/40_1080_room.html?JKSS=000702502,<li>小田急小田原線「小田急相模原」駅 徒歩16～21分 又はバス8分 徒歩1～5分</li><li>JR横浜線「古淵」駅バス19分 徒歩3～7分</li>
kanagawa,sagamiono,相模台,66200,小田急小田原線「小田急相模原」駅,16.0,21.0,小田急小田原線「小田急相模原」駅,9.0,13.0,相模原市南区相模台団地,4-5号棟,鉄筋コンクリート造,5,N,502号室,2DK,45,5,63000,3200,2か月,['URライト（4年定借）'],随時,https://www.ur-net.go.jp/chintai/kanto/kanagawa/40_1080_room.html?JKSS=000405502,<li>小田急小田原線「小田急相模原」駅 徒歩16～21分 又はバス8分 徒歩1～5分</li><li>JR横浜線「古淵」駅バス19分 徒歩3～7分</li>
kanagawa,sagamiono,相模台,66200,,,,JR横浜線「古淵」駅,22.0,26.0,相模原市南区相模台団地,4-5号棟,鉄筋コンクリート造,5,N,502号室,2DK,45,5,63000,3200,2か月,['URライト（4年定借）'],随時,https://www.ur-net.go.jp/chintai/kanto/kanagawa/40_1080_room.html?JKSS=000405502,<li>小田急小田原線「小田急相模原」駅 徒歩16～21分 又はバス8分 徒歩1～5分</li><li>JR横浜線「古淵」駅バス19分 徒歩3～7分</li>
kanagawa,sagamiono,相模台,66200,,,,,,,相模原市南区相模台団地,4-5号棟,鉄筋コンクリート造,5,N,502号室,2DK,45,5,63000,3200,2か月,['URライト（4年定借）'],随時,https://www.ur-net.go.jp/chintai/kanto/kanagawa/40_1080_room.html?JKSS=000405502,<li>小田急小田原線「小田急相模原」駅 徒歩16～21分 又はバス8分 徒歩1～5分</li><li>JR横浜線「古淵」駅バス19分 徒歩3～7分</li>
kanagawa,sagamiono,相模台,70100,小田急小田原線「小田急相模原」駅,16.0,21.0,小田急小田原線「小田急相模原」駅,9.0,13.0,相模原市南区相模台団地,6-8号棟,鉄筋コンクリート造,5,N,501号室,2DK,48,5,66900,3200,2か月,['URライト（4年定借）'],随時,https://www.ur-net.go.jp/chintai/kanto/kanagawa/40_1080_room.html?JKSS=000608501,<li>小田急小田原線「小田急相模原」駅 徒歩16～21分 又はバス8分 徒歩1～5分</li><li>JR横浜線「古淵」駅バス19分 徒歩3～7分</li>
kanagawa,sagamiono,相模台,70100,,,,JR横浜線「古淵」駅,22.0,26.0,相模原市南区相模台団地,6-8号棟,鉄筋コンクリート造,5,N,501号室,2DK,48,5,66900,3200,2か月,['URライト（4年定借）'],随時,https://www.ur-net.go.jp/chintai/kanto/kanagawa/40_1080_room.html?JKSS=000608501,<li>小田急小田原線「小田急相模原」駅 徒歩16～21分 又はバス8分 徒歩1～5分</li><li>JR横浜線「古淵」駅バス19分 徒歩3～7分</li>
kanagawa,sagamiono,相模台,70100,,,,,,,相模原市南区相模台団地,6-8号棟,鉄筋コンクリート造,5,N,501号室,2DK,48,5,66900,3200,2か月,['URライト（4年定借）'],随時,https://www.ur-net.go.jp/chintai/kanto/kanagawa/40_1080_room.html?JKSS=000608501,<li>小田急小田原線「小田急相模原」駅 徒歩16～21分 又はバス8分 徒歩1～5分</li><li>JR横浜線「古淵」駅バス19分 徒歩3～7分</li>
kanagawa,sagamiono,相模台,74600,小田急小田原線「小田急相模原」駅,16.0,21.0,小田急小田原線「小田急相模原」駅,9.0,13.0,相模原市南区相模台団地,3-1号棟,鉄筋コンクリート造,4,N,403号室,3K,48,5,71400,3200,2か月,['URライト（4年定借）'],随時,https://www.ur-net.go.jp/chintai/kanto/kanagawa/40_1080_room.html?JKSS=000301403,<li>小田急小田原線「小田急相模原」駅 徒歩16～21分 又はバス8分 徒歩1～5分</li><li>JR横浜線「古淵」駅バス19分 徒歩3～7分</li>
kanagawa,sagamiono,相模台,74600,,,,JR横浜線「古淵」駅,22.0,26.0,相模原市南区相模台団地,3-1号棟,鉄筋コンクリート造,4,N,403号室,3K,48,5,71400,3200,2か月,['URライト（4年定借）'],随時,https://www.ur-net.go.jp/chintai/kanto/kanagawa/40_1080_room.html?JKSS=000301403,<li>小田急小田原線「小田急相模原」駅 徒歩16～21分 又はバス8分 徒歩1～5分</li><li>JR横浜線「古淵」駅バス19分 徒歩3～7分</li>
kanagawa,sagamiono,相模台,74600,,,,,,,相模原市南区相模台団地,3-1号棟,鉄筋コンクリート造,4,N,403号室,3K,48,5,71400,3200,2か月,['URライト（4年定借）'],随時,https://www.ur-net.go.jp/chintai/kanto/kanagawa/40_1080_room.html?JKSS=000301403,<li>小田急小田原線「小田急相模原」駅 徒歩16～21分 又はバス8分 徒歩1～5分</li><li>JR横浜線「古淵」駅バス19分 徒歩3～7分</li>
kanagawa,sagamiono,グリーンスクエア大野台,109600,JR横浜線「古淵」駅,10.0,11.0,,,,相模原市南区大野台6-5,2号棟,鉄筋コンクリート造,2,N,201号室,3DK,62,4,106700,2900,2か月,['近居割'],随時,https://www.ur-net.go.jp/chintai/kanto/kanagawa/40_2510_room.html?JKSS=000020201,<li>JR横浜線「古淵」駅 徒歩10～11分</li><li>小田急小田原線「相模大野」駅バス12分 徒歩4～5分</li><li>JR横浜線「相模原」駅バス18分   徒歩2～4分</li>
kanagawa,sagamiono,グリーンスクエア大野台,109600,,,,小田急小田原線「相模大野」駅,16.0,17.0,相模原市南区大野台6-5,2号棟,鉄筋コンクリート造,2,N,201号室,3DK,62,4,106700,2900,2か月,['近居割'],随時,https://www.ur-net.go.jp/chintai/kanto/kanagawa/40_2510_room.html?JKSS=000020201,<li>JR横浜線「古淵」駅 徒歩10～11分</li><li>小田急小田原線「相模大野」駅バス12分 徒歩4～5分</li><li>JR横浜線「相模原」駅バス18分   徒歩2～4分</li>
kanagawa,sagamiono,グリーンスクエア大野台,109600,,,,JR横浜線「相模原」駅,20.0,22.0,相模原市南区大野台6-5,2号棟,鉄筋コンクリート造,2,N,201号室,3DK,62,4,106700,2900,2か月,['近居割'],随時,https://www.ur-net.go.jp/chintai/kanto/kanagawa/40_2510_room.html?JKSS=000020201,<li>JR横浜線「古淵」駅 徒歩10～11分</li><li>小田急小田原線「相模大野」駅バス12分 徒歩4～5分</li><li>JR横浜線「相模原」駅バス18分   徒歩2～4分</li>
kanagawa,sagamiono,グリーンスクエア大野台,109600,,,,,,,相模原市南区大野台6-5,2号棟,鉄筋コンクリート造,2,N,201号室,3DK,62,4,106700,2900,2か月,['近居割'],随時,https://www.ur-net.go.jp/chintai/kanto/kanagawa/40_2510_room.html?JKSS=000020201,<li>JR横浜線「古淵」駅 徒歩10～11分</li><li>小田急小田原線「相模大野」駅バス12分 徒歩4～5分</li><li>JR横浜線「相模原」駅バス18分   徒歩2～4分</li>
kanagawa,sagamiono,鶴ヶ丘,121400,小田急小田原線「小田急相模原」駅,7.0,9.0,,,,相模原市南区南台5-2,5号棟,鉄筋コンクリート造,6,N,606号室,2LDK,64,6,118000,3400,2か月,['近居割'],随時,https://www.ur-net.go.jp/chintai/kanto/kanagawa/40_3380_room.html?JKSS=000050606,<li>小田急小田原線「小田急相模原」駅 徒歩7～9分</li><li>小田急小田原線「相模大野」駅 徒歩29～32分</li><li>東急田園都市線「中央林間」駅 徒歩39～43分</li>
kanagawa,sagamiono,鶴ヶ丘,121400,小田急小田原線「相模大野」駅,29.0,32.0,,,,相模原市南区南台5-2,5号棟,鉄筋コンクリート造,6,N,606号室,2LDK,64,6,118000,3400,2か月,['近居割'],随時,https://www.ur-net.go.jp/chintai/kanto/kanagawa/40_3380_room.html?JKSS=000050606,<li>小田急小田原線「小田急相模原」駅 徒歩7～9分</li><li>小田急小田原線「相模大野」駅 徒歩29～32分</li><li>東急田園都市線「中央林間」駅 徒歩39～43分</li>
kanagawa,sagamiono,鶴ヶ丘,121400,東急田園都市線「中央林間」駅,39.0,43.0,,,,相模原市南区南台5-2,5号棟,鉄筋コンクリート造,6,N,606号室,2LDK,64,6,118000,3400,2か月,['近居割'],随時,https://www.ur-net.go.jp/chintai/kanto/kanagawa/40_3380_room.html?JKSS=000050606,<li>小田急小田原線「小田急相模原」駅 徒歩7～9分</li><li>小田急小田原線「相模大野」駅 徒歩29～32分</li><li>東急田園都市線「中央林間」駅 徒歩39～43分</li>
kanagawa,sagamiono,鶴ヶ丘,121400,,,,,,,相模原市南区南台5-2,5号棟,鉄筋コンクリート造,6,N,606号室,2LDK,64,6,118000,3400,2か月,['近居割'],随時,https://www.ur-net.go.jp/chintai/kanto/kanagawa/40_3380_room.html?JKSS=000050606,<li>小田急小田原線「小田急相模原」駅 徒歩7～9分</li><li>小田急小田原線「相模大野」駅 徒歩29～32分</li><li>東急田園都市線「中央林間」駅 徒歩39～43分</li>
kanagawa,sagamiono,ロビーシティ相模大野五番街,121900,小田急小田原線「相模大野」駅,5.0,6.0,,,,相模原市南区相模大野4-5,5-5号棟,鉄筋コンクリート造,4,N,411号室,2DK,52,5,118800,3100,2か月,['近居割'],随時,https://www.ur-net.go.jp/chintai/kanto/kanagawa/40_2320_room.html?JKSS=005050411,<li>小田急小田原線「相模大野」駅 徒歩5～6分</li><li>小田急江ノ島線「東林間」駅 徒歩23～24分</li><li>小田急小田原線「町田」駅 徒歩23～24分</li>
kanagawa,sagamiono,ロビーシティ相模大野五番街,121900,小田急江ノ島線「東林間」駅,23.0,24.0,,,,相模原市南区相模大野4-5,5-5号棟,鉄筋コンクリート造,4,N,411号室,2DK,52,5,118800,3100,2か月,['近居割'],随時,https://www.ur-net.go.jp/chintai/kanto/kanagawa/40_2320_room.html?JKSS=005050411,<li>小田急小田原線「相模大野」駅 徒歩5～6分</li><li>小田急江ノ島線「東林間」駅 徒歩23～24分</li><li>小田急小田原線「町田」駅 徒歩23～24分</li>
kanagawa,sagamiono,ロビーシティ相模大野五番街,121900,小田急小田原線「町田」駅,23.0,24.0,,,,相模原市南区相模大野4-5,5-5号棟,鉄筋コンクリート造,4,N,411号室,2DK,52,5,118800,3100,2か月,['近居割'],随時,https://www.ur-net.go.jp/chintai/kanto/kanagawa/40_2320_room.html?JKSS=005050411,<li>小田急小田原線「相模大野」駅 徒歩5～6分</li><li>小田急江ノ島線「東林間」駅 徒歩23～24分</li><li>小田急小田原線「町田」駅 徒歩23～24分</li>
kanagawa,sagamiono,ロビーシティ相模大野五番街,121900,,,,,,,相模原市南区相模大野4-5,5-5号棟,鉄筋コンクリート造,4,N,411号室,2DK,52,5,118800,3100,2か月,['近居割'],随時,https://www.ur-net.go.jp/chintai/kanto/kanagawa/40_2320_room.html?JKSS=005050411,<li>小田急小田原線「相模大野」駅 徒歩5～6分</li><li>小田急江ノ島線「東林間」駅 徒歩23～24分</li><li>小田急小田原線「町田」駅 徒歩23～24分</li>
kanagawa,sagamiono,コンフォールさがみ南,123900,小田急小田原線「小田急相模原」駅,8.0,11.0,,,,相模原市南区相南1-24,9号棟,鉄筋コンクリート造,1,N,102号室,3DK,65,14,119500,4400,2か月,['近居割'],随時,https://www.ur-net.go.jp/chintai/kanto/kanagawa/40_3870_room.html?JKSS=000090102,<li>小田急小田原線「小田急相模原」駅 徒歩8～11分</li><li>小田急江ノ島線「東林間」駅 徒歩15～18分</li><li>小田急小田原線「相模大野」駅 徒歩32～35分</li>
kanagawa,sagamiono,コンフォールさがみ南,123900,小田急江ノ島線「東林間」駅,15.0,18.0,,,,相模原市南区相南1-24,9号棟,鉄筋コンクリート造,1,N,102号室,3DK,65,14,119500,4400,2か月,['近居割'],随時,https://www.ur-net.go.jp/chintai/kanto/kanagawa/40_3870_room.html?JKSS=000090102,<li>小田急小田原線「小田急相模原」駅 徒歩8～11分</li><li>小田急江ノ島線「東林間」駅 徒歩15～18分</li><li>小田急小田原線「相模大野」駅 徒歩32～35分</li>
kanagawa,sagamiono,コンフォールさがみ南,123900,小田急小田原線「相模大野」駅,32.0,35.0,,,,相模原市南区相南1-24,9号棟,鉄筋コンクリート造,1,N,102号室,3DK,65,14,119500,4400,2か月,['近居割'],随時,https://www.ur-net.go.jp/chintai/kanto/kanagawa/40_3870_room.html?JKSS=000090102,<li>小田急小田原線「小田急相模原」駅 徒歩8～11分</li><li>小田急江ノ島線「東林間」駅 徒歩15～18分</li><li>小田急小田原線「相模大野」駅 徒歩32～35分</li>
kanagawa,sagamiono,コンフォールさがみ南,123900,,,,,,,相模原市南区相南1-24,9号棟,鉄筋コンクリート造,1,N,102号室,3DK,65,14,119500,4400,2か月,['近居割'],随時,https://www.ur-net.go.jp/chintai/kanto/kanagawa/40_3870_room.html?JKSS=000090102,<li>小田急小田原線「小田急相模原」駅 徒歩8～11分</li><li>小田急江ノ島線「東林間」駅 徒歩15～18分</li><li>小田急小田原線「相模大野」駅 徒歩32～35分</li>
kanagawa,sagamiono,コンフォールさがみ南,130900,小田急小田原線「小田急相模原」駅,8.0,11.0,,,,相模原市南区相南1-24,7号棟,鉄筋コンクリート造,4,N,404号室,2LDK,64,6,126500,4400,2か月,['近居割'],随時,https://www.ur-net.go.jp/chintai/kanto/kanagawa/40_3870_room.html?JKSS=000070404,<li>小田急小田原線「小田急相模原」駅 徒歩8～11分</li><li>小田急江ノ島線「東林間」駅 徒歩15～18分</li><li>小田急小田原線「相模大野」駅 徒歩32～35分</li>
kanagawa,sagamiono,コンフォールさがみ南,130900,小田急江ノ島線「東林間」駅,15.0,18.0,,,,相模原市南区相南1-24,7号棟,鉄筋コンクリート造,4,N,404号室,2LDK,64,6,126500,4400,2か月,['近居割'],随時,https://www.ur-net.go.jp/chintai/kanto/kanagawa/40_3870_room.html?JKSS=000070404,<li>小田急小田原線「小田急相模原」駅 徒歩8～11分</li><li>小田急江ノ島線「東林間」駅 徒歩15～18分</li><li>小田急小田原線「相模大野」駅 徒歩32～35分</li>
kanagawa,sagamiono,コンフォールさがみ南,130900,小田急小田原線「相模大野」駅,32.0,35.0,,,,相模原市南区相南1-24,7号棟,鉄筋コンクリート造,4,N,404号室,2LDK,64,6,126500,4400,2か月,['近居割'],随時,https://www.ur-net.go.jp/chintai/kanto/kanagawa/40_3870_room.html?JKSS=000070404,<li>小田急小田原線「小田急相模原」駅 徒歩8～11分</li><li>小田急江ノ島線「東林間」駅 徒歩15～18分</li><li>小田急小田原線「相模大野」駅 徒歩32～35分</li>
kanagawa,sagamiono,コンフォールさがみ南,130900,,,,,,,相模原市南区相南1-24,7号棟,鉄筋コンクリート造,4,N,404号室,2LDK,64,6,126500,4400,2か月,['近居割'],随時,https://www.ur-net.go.jp/chintai/kanto/kanagawa/40_3870_room.html?JKSS=000070404,<li>小田急小田原線「小田急相模原」駅 徒歩8～11分</li><li>小田急江ノ島線「東林間」駅 徒歩15～18分</li><li>小田急小田原線「相模大野」駅 徒歩32～35分</li>
kanagawa,sagamiono,コンフォールさがみ南,133600,小田急小田原線「小田急相模原」駅,8.0,11.0,,,,相模原市南区相南1-24,9号棟,鉄筋コンクリート造,8,N,802号室,2LDK,65,14,129200,4400,2か月,['近居割'],随時,https://www.ur-net.go.jp/chintai/kanto/kanagawa/40_3870_room.html?JKSS=000090802,<li>小田急小田原線「小田急相模原」駅 徒歩8～11分</li><li>小田急江ノ島線「東林間」駅 徒歩15～18分</li><li>小田急小田原線「相模大野」駅 徒歩32～35分</li>
kanagawa,sagamiono,コンフォールさがみ南,133600,小田急江ノ島線「東林間」駅,15.0,18.0,,,,相模原市南区相南1-24,9号棟,鉄筋コンクリート造,8,N,802号室,2LDK,65,14,129200,4400,2か月,['近居割'],随時,https://www.ur-net.go.jp/chintai/kanto/kanagawa/40_3870_room.html?JKSS=000090802,<li>小田急小田原線「小田急相模原」駅 徒歩8～11分</li><li>小田急江ノ島線「東林間」駅 徒歩15～18分</li><li>小田急小田原線「相模大野」駅 徒歩32～35分</li>
kanagawa,sagamiono,コンフォールさがみ南,133600,小田急小田原線「相模大野」駅,32.0,35.0,,,,相模原市南区相南1-24,9号棟,鉄筋コンクリート造,8,N,802号室,2LDK,65,14,129200,4400,2か月,['近居割'],随時,https://www.ur-net.go.jp/chintai/kanto/kanagawa/40_3870_room.html?JKSS=000090802,<li>小田急小田原線「小田急相模原」駅 徒歩8～11分</li><li>小田急江ノ島線「東林間」駅 徒歩15～18分</li><li>小田急小田原線「相模大野」駅 徒歩32～35分</li>
kanagawa,sagamiono,コンフォールさがみ南,133600,,,,,,,相模原市南区相南1-24,9号棟,鉄筋コンクリート造,8,N,802号室,2LDK,65,14,129200,4400,2か月,['近居割'],随時,https://www.ur-net.go.jp/chintai/kanto/kanagawa/40_3870_room.html?JKSS=000090802,<li>小田急小田原線「小田急相模原」駅 徒歩8～11分</li><li>小田急江ノ島線「東林間」駅 徒歩15～18分</li><li>小田急小田原線「相模大野」駅 徒歩32～35分</li>
kanagawa,sagamiono,コンフォールさがみ南,153700,小田急小田原線「小田急相模原」駅,8.0,11.0,,,,相模原市南区相南1-24,12号棟,鉄筋コンクリート造,4,N,401号室,4DK,76,5,149300,4400,2か月,['近居割'],随時,https://www.ur-net.go.jp/chintai/kanto/kanagawa/40_3870_room.html?JKSS=000120401,<li>小田急小田原線「小田急相模原」駅 徒歩8～11分</li><li>小田急江ノ島線「東林間」駅 徒歩15～18分</li><li>小田急小田原線「相模大野」駅 徒歩32～35分</li>
kanagawa,sagamiono,コンフォールさがみ南,153700,小田急江ノ島線「東林間」駅,15.0,18.0,,,,相模原市南区相南1-24,12号棟,鉄筋コンクリート造,4,N,401号室,4DK,76,5,149300,4400,2か月,['近居割'],随時,https://www.ur-net.go.jp/chintai/kanto/kanagawa/40_3870_room.html?JKSS=000120401,<li>小田急小田原線「小田急相模原」駅 徒歩8～11分</li><li>小田急江ノ島線「東林間」駅 徒歩15～18分</li><li>小田急小田原線「相模大野」駅 徒歩32～35分</li>
kanagawa,sagamiono,コンフォールさがみ南,153700,小田急小田原線「相模大野」駅,32.0,35.0,,,,相模原市南区相南1-24,12号棟,鉄筋コンクリート造,4,N,401号室,4DK,76,5,149300,4400,2か月,['近居割'],随時,https://www.ur-net.go.jp/chintai/kanto/kanagawa/40_3870_room.html?JKSS=000120401,<li>小田急小田原線「小田急相模原」駅 徒歩8～11分</li><li>小田急江ノ島線「東林間」駅 徒歩15～18分</li><li>小田急小田原線「相模大野」駅 徒歩32～35分</li>
kanagawa,sagamiono,コンフォールさがみ南,153700,,,,,,,相模原市南区相南1-24,12号棟,鉄筋コンクリート造,4,N,401号室,4DK,76,5,149300,4400,2か月,['近居割'],随時,https://www.ur-net.go.jp/chintai/kanto/kanagawa/40_3870_room.html?JKSS=000120401,<li>小田急小田原線「小田急相模原」駅 徒歩8～11分</li><li>小田急江ノ島線「東林間」駅 徒歩15～18分</li><li>小田急小田原線「相模大野」駅 徒歩32～35分</li>
kanagawa,sagamiono,プラザシティ相模大野,125290,小田急小田原線「相模大野」駅,8.0,13.0,,,,相模原市南区相模大野6-23,18号棟,鉄筋コンクリート造,6,N,604号室,1LDK,53,10,121200,4090,2か月,['近居割'],随時,https://www.ur-net.go.jp/chintai/kanto/kanagawa/40_2980_room.html?JKSS=000180604,<li>小田急小田原線「相模大野」駅 徒歩8～13分</li><li>JR横浜線「町田」駅 徒歩26～31分</li><li>小田急江ノ島線「東林間」駅 徒歩18～23分</li>
kanagawa,sagamiono,プラザシティ相模大野,125290,JR横浜線「町田」駅,26.0,31.0,,,,相模原市南区相模大野6-23,18号棟,鉄筋コンクリート造,6,N,604号室,1LDK,53,10,121200,4090,2か月,['近居割'],随時,https://www.ur-net.go.jp/chintai/kanto/kanagawa/40_2980_room.html?JKSS=000180604,<li>小田急小田原線「相模大野」駅 徒歩8～13分</li><li>JR横浜線「町田」駅 徒歩26～31分</li><li>小田急江ノ島線「東林間」駅 徒歩18～23分</li>
kanagawa,sagamiono,プラザシティ相模大野,125290,小田急江ノ島線「東林間」駅,18.0,23.0,,,,相模原市南区相模大野6-23,18号棟,鉄筋コンクリート造,6,N,604号室,1LDK,53,10,121200,4090,2か月,['近居割'],随時,https://www.ur-net.go.jp/chintai/kanto/kanagawa/40_2980_room.html?JKSS=000180604,<li>小田急小田原線「相模大野」駅 徒歩8～13分</li><li>JR横浜線「町田」駅 徒歩26～31分</li><li>小田急江ノ島線「東林間」駅 徒歩18～23分</li>
kanagawa,sagamiono,プラザシティ相模大野,125290,,,,,,,相模原市南区相模大野6-23,18号棟,鉄筋コンクリート造,6,N,604号室,1LDK,53,10,121200,4090,2か月,['近居割'],随時,https://www.ur-net.go.jp/chintai/kanto/kanagawa/40_2980_room.html?JKSS=000180604,<li>小田急小田原線「相模大野」駅 徒歩8～13分</li><li>JR横浜線「町田」駅 徒歩26～31分</li><li>小田急江ノ島線「東林間」駅 徒歩18～23分</li>
kanagawa,sagamiono,プラザシティ相模大野,142090,小田急小田原線「相模大野」駅,8.0,13.0,,,,相模原市南区相模大野6-23,7号棟,鉄筋コンクリート造,4,N,404号室,2LDK,63,10,138000,4090,2か月,['近居割'],随時,https://www.ur-net.go.jp/chintai/kanto/kanagawa/40_2980_room.html?JKSS=000070404,<li>小田急小田原線「相模大野」駅 徒歩8～13分</li><li>JR横浜線「町田」駅 徒歩26～31分</li><li>小田急江ノ島線「東林間」駅 徒歩18～23分</li>
kanagawa,sagamiono,プラザシティ相模大野,142090,JR横浜線「町田」駅,26.0,31.0,,,,相模原市南区相模大野6-23,7号棟,鉄筋コンクリート造,4,N,404号室,2LDK,63,10,138000,4090,2か月,['近居割'],随時,https://www.ur-net.go.jp/chintai/kanto/kanagawa/40_2980_room.html?JKSS=000070404,<li>小田急小田原線「相模大野」駅 徒歩8～13分</li><li>JR横浜線「町田」駅 徒歩26～31分</li><li>小田急江ノ島線「東林間」駅 徒歩18～23分</li>
kanagawa,sagamiono,プラザシティ相模大野,142090,小田急江ノ島線「東林間」駅,18.0,23.0,,,,相模原市南区相模大野6-23,7号棟,鉄筋コンクリート造,4,N,404号室,2LDK,63,10,138000,4090,2か月,['近居割'],随時,https://www.ur-net.go.jp/chintai/kanto/kanagawa/40_2980_room.html?JKSS=000070404,<li>小田急小田原線「相模大野」駅 徒歩8～13分</li><li>JR横浜線「町田」駅 徒歩26～31分</li><li>小田急江ノ島線「東林間」駅 徒歩18～23分</li>
kanagawa,sagamiono,プラザシティ相模大野,142090,,,,,,,相模原市南区相模大野6-23,7号棟,鉄筋コンクリート造,4,N,404号室,2LDK,63,10,138000,4090,2か月,['近居割'],随時,https://www.ur-net.go.jp/chintai/kanto/kanagawa/40_2980_room.html?JKSS=000070404,<li>小田急小田原線「相模大野」駅 徒歩8～13分</li><li>JR横浜線「町田」駅 徒歩26～31分</li><li>小田急江ノ島線「東林間」駅 徒歩18～23分</li>
kanagawa,sagamiono,鳶尾,54400,,,,小田急小田原線「本厚木」駅,30.0,34.0,厚木市鳶尾2ほか,1-1号棟,鉄筋コンクリート造、鉄骨鉄筋コンクリート造,5,N,503号室,3K,47,5,50400,4000,2か月,[],随時,https://www.ur-net.go.jp/chintai/kanto/kanagawa/40_1790_room.html?JKSS=001010503,<li>小田急小田原線「本厚木」駅バス28分 徒歩2～6分</li>
kanagawa,sagamiono,鳶尾,54400,,,,,,,厚木市鳶尾2ほか,1-1号棟,鉄筋コンクリート造、鉄骨鉄筋コンクリート造,5,N,503号室,3K,47,5,50400,4000,2か月,[],随時,https://www.ur-net.go.jp/chintai/kanto/kanagawa/40_1790_room.html?JKSS=001010503,<li>小田急小田原線「本厚木」駅バス28分 徒歩2～6分</li>
kanagawa,sagamiono,鳶尾,66400,,,,小田急小田原線「本厚木」駅,30.0,34.0,厚木市鳶尾2ほか,25-3号棟,鉄筋コンクリート造、鉄骨鉄筋コンクリート造,6,N,603号室,3K,57,9,62400,4000,2か月,[],随時,https://www.ur-net.go.jp/chintai/kanto/kanagawa/40_1790_room.html?JKSS=025030603,<li>小田急小田原線「本厚木」駅バス28分 徒歩2～6分</li>
kanagawa,sagamiono,鳶尾,66400,,,,,,,厚木市鳶尾2ほか,25-3号棟,鉄筋コンクリート造、鉄骨鉄筋コンクリート造,6,N,603号室,3K,57,9,62400,4000,2か月,[],随時,https://www.ur-net.go.jp/chintai/kanto/kanagawa/40_1790_room.html?JKSS=025030603,<li>小田急小田原線「本厚木」駅バス28分 徒歩2～6分</li>
kanagawa,sagamiono,鳶尾,66400,,,,小田急小田原線「本厚木」駅,30.0,34.0,厚木市鳶尾2ほか,25-3号棟,鉄筋コンクリート造、鉄骨鉄筋コンクリート造,7,N,702号室,3K,57,9,62400,4000,2か月,[],随時,https://www.ur-net.go.jp/chintai/kanto/kanagawa/40_1790_room.html?JKSS=025030702,<li>小田急小田原線「本厚木」駅バス28分 徒歩2～6分</li>
kanagawa,sagamiono,鳶尾,66400,,,,,,,厚木市鳶尾2ほか,25-3号棟,鉄筋コンクリート造、鉄骨鉄筋コンクリート造,7,N,702号室,3K,57,9,62400,4000,2か月,[],随時,https://www.ur-net.go.jp/chintai/kanto/kanagawa/40_1790_room.html?JKSS=025030702,<li>小田急小田原線「本厚木」駅バス28分 徒歩2～6分</li>
kanagawa,sagamiono,鳶尾,66700,,,,小田急小田原線「本厚木」駅,30.0,34.0,厚木市鳶尾2ほか,25-3号棟,鉄筋コンクリート造、鉄骨鉄筋コンクリート造,6,N,602号室,3K,57,9,62700,4000,2か月,[],随時,https://www.ur-net.go.jp/chintai/kanto/kanagawa/40_1790_room.html?JKSS=025030602,<li>小田急小田原線「本厚木」駅バス28分 徒歩2～6分</li>
kanagawa,sagamiono,鳶尾,66700,,,,,,,厚木市鳶尾2ほか,25-3号棟,鉄筋コンクリート造、鉄骨鉄筋コンクリート造,6,N,602号室,3K,57,9,62700,4000,2か月,[],随時,https://www.ur-net.go.jp/chintai/kanto/kanagawa/40_1790_room.html?JKSS=025030602,<li>小田急小田原線「本厚木」駅バス28分 徒歩2～6分</li>
kanagawa,shonan,上和田,63600,,,,相鉄本線「大和」駅,16.0,25.0,大和市上和田2412,4-6号棟,鉄筋コンクリート造,5,N,504号室,3DK,53,5,60500,3100,2か月,"['近居割', '近居割WIDE']",随時,https://www.ur-net.go.jp/chintai/kanto/kanagawa/40_1240_room.html?JKSS=000406504,<li>相鉄本線「大和」駅バス15～20分 徒歩1～5分</li><li>小田急江ノ島線「高座渋谷」駅 徒歩13～20分</li><li>相鉄いずみ野線「いずみ中央」駅バス13分 徒歩6～14分</li>
kanagawa,shonan,上和田,63600,小田急江ノ島線「高座渋谷」駅,13.0,20.0,,,,大和市上和田2412,4-6号棟,鉄筋コンクリート造,5,N,504号室,3DK,53,5,60500,3100,2か月,"['近居割', '近居割WIDE']",随時,https://www.ur-net.go.jp/chintai/kanto/kanagawa/40_1240_room.html?JKSS=000406504,<li>相鉄本線「大和」駅バス15～20分 徒歩1～5分</li><li>小田急江ノ島線「高座渋谷」駅 徒歩13～20分</li><li>相鉄いずみ野線「いずみ中央」駅バス13分 徒歩6～14分</li>
kanagawa,shonan,上和田,63600,,,,相鉄いずみ野線「いずみ中央」駅,19.0,27.0,大和市上和田2412,4-6号棟,鉄筋コンクリート造,5,N,504号室,3DK,53,5,60500,3100,2か月,"['近居割', '近居割WIDE']",随時,https://www.ur-net.go.jp/chintai/kanto/kanagawa/40_1240_room.html?JKSS=000406504,<li>相鉄本線「大和」駅バス15～20分 徒歩1～5分</li><li>小田急江ノ島線「高座渋谷」駅 徒歩13～20分</li><li>相鉄いずみ野線「いずみ中央」駅バス13分 徒歩6～14分</li>
kanagawa,shonan,上和田,63600,,,,,,,大和市上和田2412,4-6号棟,鉄筋コンクリート造,5,N,504号室,3DK,53,5,60500,3100,2か月,"['近居割', '近居割WIDE']",随時,https://www.ur-net.go.jp/chintai/kanto/kanagawa/40_1240_room.html?JKSS=000406504,<li>相鉄本線「大和」駅バス15～20分 徒歩1～5分</li><li>小田急江ノ島線「高座渋谷」駅 徒歩13～20分</li><li>相鉄いずみ野線「いずみ中央」駅バス13分 徒歩6～14分</li>
kanagawa,shonan,上和田,63600,,,,相鉄本線「大和」駅,16.0,25.0,大和市上和田2412,4-6号棟,鉄筋コンクリート造,5,N,506号室,3DK,53,5,60500,3100,2か月,"['近居割', '近居割WIDE']",随時,https://www.ur-net.go.jp/chintai/kanto/kanagawa/40_1240_room.html?JKSS=000406506,<li>相鉄本線「大和」駅バス15～20分 徒歩1～5分</li><li>小田急江ノ島線「高座渋谷」駅 徒歩13～20分</li><li>相鉄いずみ野線「いずみ中央」駅バス13分 徒歩6～14分</li>
kanagawa,shonan,上和田,63600,小田急江ノ島線「高座渋谷」駅,13.0,20.0,,,,大和市上和田2412,4-6号棟,鉄筋コンクリート造,5,N,506号室,3DK,53,5,60500,3100,2か月,"['近居割', '近居割WIDE']",随時,https://www.ur-net.go.jp/chintai/kanto/kanagawa/40_1240_room.html?JKSS=000406506,<li>相鉄本線「大和」駅バス15～20分 徒歩1～5分</li><li>小田急江ノ島線「高座渋谷」駅 徒歩13～20分</li><li>相鉄いずみ野線「いずみ中央」駅バス13分 徒歩6～14分</li>
kanagawa,shonan,上和田,63600,,,,相鉄いずみ野線「いずみ中央」駅,19.0,27.0,大和市上和田2412,4-6号棟,鉄筋コンクリート造,5,N,506号室,3DK,53,5,60500,3100,2か月,"['近居割', '近居割WIDE']",随時,https://www.ur-net.go.jp/chintai/kanto/kanagawa/40_1240_room.html?JKSS=000406506,<li>相鉄本線「大和」駅バス15～20分 徒歩1～5分</li><li>小田急江ノ島線「高座渋谷」駅 徒歩13～20分</li><li>相鉄いずみ野線「いずみ中央」駅バス13分 徒歩6～14分</li>
kanagawa,shonan,上和田,63600,,,,,,,大和市上和田2412,4-6号棟,鉄筋コンクリート造,5,N,506号室,3DK,53,5,60500,3100,2か月,"['近居割', '近居割WIDE']",随時,https://www.ur-net.go.jp/chintai/kanto/kanagawa/40_1240_room.html?JKSS=000406506,<li>相鉄本線「大和」駅バス15～20分 徒歩1～5分</li><li>小田急江ノ島線「高座渋谷」駅 徒歩13～20分</li><li>相鉄いずみ野線「いずみ中央」駅バス13分 徒歩6～14分</li>
kanagawa,shonan,上和田,64600,,,,相鉄本線「大和」駅,16.0,25.0,大和市上和田2412,3-5号棟,鉄筋コンクリート造,1,N,106号室,3DK,53,5,61500,3100,2か月,"['近居割', '近居割WIDE']",随時,https://www.ur-net.go.jp/chintai/kanto/kanagawa/40_1240_room.html?JKSS=000305106,<li>相鉄本線「大和」駅バス15～20分 徒歩1～5分</li><li>小田急江ノ島線「高座渋谷」駅 徒歩13～20分</li><li>相鉄いずみ野線「いずみ中央」駅バス13分 徒歩6～14分</li>
kanagawa,shonan,上和田,64600,小田急江ノ島線「高座渋谷」駅,13.0,20.0,,,,大和市上和田2412,3-5号棟,鉄筋コンクリート造,1,N,106号室,3DK,53,5,61500,3100,2か月,"['近居割', '近居割WIDE']",随時,https://www.ur-net.go.jp/chintai/kanto/kanagawa/40_1240_room.html?JKSS=000305106,<li>相鉄本線「大和」駅バス15～20分 徒歩1～5分</li><li>小田急江ノ島線「高座渋谷」駅 徒歩13～20分</li><li>相鉄いずみ野線「いずみ中央」駅バス13分 徒歩6～14分</li>
kanagawa,shonan,上和田,64600,,,,相鉄いずみ野線「いずみ中央」駅,19.0,27.0,大和市上和田2412,3-5号棟,鉄筋コンクリート造,1,N,106号室,3DK,53,5,61500,3100,2か月,"['近居割', '近居割WIDE']",随時,https://www.ur-net.go.jp/chintai/kanto/kanagawa/40_1240_room.html?JKSS=000305106,<li>相鉄本線「大和」駅バス15～20分 徒歩1～5分</li><li>小田急江ノ島線「高座渋谷」駅 徒歩13～20分</li><li>相鉄いずみ野線「いずみ中央」駅バス13分 徒歩6～14分</li>
kanagawa,shonan,上和田,64600,,,,,,,大和市上和田2412,3-5号棟,鉄筋コンクリート造,1,N,106号室,3DK,53,5,61500,3100,2か月,"['近居割', '近居割WIDE']",随時,https://www.ur-net.go.jp/chintai/kanto/kanagawa/40_1240_room.html?JKSS=000305106,<li>相鉄本線「大和」駅バス15～20分 徒歩1～5分</li><li>小田急江ノ島線「高座渋谷」駅 徒歩13～20分</li><li>相鉄いずみ野線「いずみ中央」駅バス13分 徒歩6～14分</li>
kanagawa,shonan,上和田,66000,,,,相鉄本線「大和」駅,16.0,25.0,大和市上和田2412,4-2号棟,鉄筋コンクリート造,4,N,405号室,3DK,53,5,62900,3100,2か月,"['近居割', '近居割WIDE']",随時,https://www.ur-net.go.jp/chintai/kanto/kanagawa/40_1240_room.html?JKSS=000402405,<li>相鉄本線「大和」駅バス15～20分 徒歩1～5分</li><li>小田急江ノ島線「高座渋谷」駅 徒歩13～20分</li><li>相鉄いずみ野線「いずみ中央」駅バス13分 徒歩6～14分</li>
kanagawa,shonan,上和田,66000,小田急江ノ島線「高座渋谷」駅,13.0,20.0,,,,大和市上和田2412,4-2号棟,鉄筋コンクリート造,4,N,405号室,3DK,53,5,62900,3100,2か月,"['近居割', '近居割WIDE']",随時,https://www.ur-net.go.jp/chintai/kanto/kanagawa/40_1240_room.html?JKSS=000402405,<li>相鉄本線「大和」駅バス15～20分 徒歩1～5分</li><li>小田急江ノ島線「高座渋谷」駅 徒歩13～20分</li><li>相鉄いずみ野線「いずみ中央」駅バス13分 徒歩6～14分</li>
kanagawa,shonan,上和田,66000,,,,相鉄いずみ野線「いずみ中央」駅,19.0,27.0,大和市上和田2412,4-2号棟,鉄筋コンクリート造,4,N,405号室,3DK,53,5,62900,3100,2か月,"['近居割', '近居割WIDE']",随時,https://www.ur-net.go.jp/chintai/kanto/kanagawa/40_1240_room.html?JKSS=000402405,<li>相鉄本線「大和」駅バス15～20分 徒歩1～5分</li><li>小田急江ノ島線「高座渋谷」駅 徒歩13～20分</li><li>相鉄いずみ野線「いずみ中央」駅バス13分 徒歩6～14分</li>
kanagawa,shonan,上和田,66000,,,,,,,大和市上和田2412,4-2号棟,鉄筋コンクリート造,4,N,405号室,3DK,53,5,62900,3100,2か月,"['近居割', '近居割WIDE']",随時,https://www.ur-net.go.jp/chintai/kanto/kanagawa/40_1240_room.html?JKSS=000402405,<li>相鉄本線「大和」駅バス15～20分 徒歩1～5分</li><li>小田急江ノ島線「高座渋谷」駅 徒歩13～20分</li><li>相鉄いずみ野線「いずみ中央」駅バス13分 徒歩6～14分</li>
kanagawa,sagamiono,えびな,95100,小田急小田原線「厚木」駅,4.0,7.0,,,,海老名市中新田2-7,6号棟,鉄筋コンクリート造、鉄骨鉄筋コンクリート造,8,N,802号室,3DK,65,8,89000,6100,2か月,['近居割'],随時,https://www.ur-net.go.jp/chintai/kanto/kanagawa/40_1900_room.html?JKSS=000060802,<li>小田急小田原線「厚木」駅 徒歩4～7分</li><li>小田急小田原線「海老名」駅 徒歩20～22分</li><li>小田急小田原線「本厚木」駅 徒歩25～27分</li>
kanagawa,sagamiono,えびな,95100,小田急小田原線「海老名」駅,20.0,22.0,,,,海老名市中新田2-7,6号棟,鉄筋コンクリート造、鉄骨鉄筋コンクリート造,8,N,802号室,3DK,65,8,89000,6100,2か月,['近居割'],随時,https://www.ur-net.go.jp/chintai/kanto/kanagawa/40_1900_room.html?JKSS=000060802,<li>小田急小田原線「厚木」駅 徒歩4～7分</li><li>小田急小田原線「海老名」駅 徒歩20～22分</li><li>小田急小田原線「本厚木」駅 徒歩25～27分</li>
kanagawa,sagamiono,えびな,95100,小田急小田原線「本厚木」駅,25.0,27.0,,,,海老名市中新田2-7,6号棟,鉄筋コンクリート造、鉄骨鉄筋コンクリート造,8,N,802号室,3DK,65,8,89000,6100,2か月,['近居割'],随時,https://www.ur-net.go.jp/chintai/kanto/kanagawa/40_1900_room.html?JKSS=000060802,<li>小田急小田原線「厚木」駅 徒歩4～7分</li><li>小田急小田原線「海老名」駅 徒歩20～22分</li><li>小田急小田原線「本厚木」駅 徒歩25～27分</li>
kanagawa,sagamiono,えびな,95100,,,,,,,海老名市中新田2-7,6号棟,鉄筋コンクリート造、鉄骨鉄筋コンクリート造,8,N,802号室,3DK,65,8,89000,6100,2か月,['近居割'],随時,https://www.ur-net.go.jp/chintai/kanto/kanagawa/40_1900_room.html?JKSS=000060802,<li>小田急小田原線「厚木」駅 徒歩4～7分</li><li>小田急小田原線「海老名」駅 徒歩20～22分</li><li>小田急小田原線「本厚木」駅 徒歩25～27分</li>
kanagawa,sagamiono,えびな,96800,小田急小田原線「厚木」駅,4.0,7.0,,,,海老名市中新田2-7,7号棟,鉄筋コンクリート造、鉄骨鉄筋コンクリート造,8,N,806号室,2LDK,65,8,90700,6100,2か月,['近居割'],随時,https://www.ur-net.go.jp/chintai/kanto/kanagawa/40_1900_room.html?JKSS=000070806,<li>小田急小田原線「厚木」駅 徒歩4～7分</li><li>小田急小田原線「海老名」駅 徒歩20～22分</li><li>小田急小田原線「本厚木」駅 徒歩25～27分</li>
kanagawa,sagamiono,えびな,96800,小田急小田原線「海老名」駅,20.0,22.0,,,,海老名市中新田2-7,7号棟,鉄筋コンクリート造、鉄骨鉄筋コンクリート造,8,N,806号室,2LDK,65,8,90700,6100,2か月,['近居割'],随時,https://www.ur-net.go.jp/chintai/kanto/kanagawa/40_1900_room.html?JKSS=000070806,<li>小田急小田原線「厚木」駅 徒歩4～7分</li><li>小田急小田原線「海老名」駅 徒歩20～22分</li><li>小田急小田原線「本厚木」駅 徒歩25～27分</li>
kanagawa,sagamiono,えびな,96800,小田急小田原線「本厚木」駅,25.0,27.0,,,,海老名市中新田2-7,7号棟,鉄筋コンクリート造、鉄骨鉄筋コンクリート造,8,N,806号室,2LDK,65,8,90700,6100,2か月,['近居割'],随時,https://www.ur-net.go.jp/chintai/kanto/kanagawa/40_1900_room.html?JKSS=000070806,<li>小田急小田原線「厚木」駅 徒歩4～7分</li><li>小田急小田原線「海老名」駅 徒歩20～22分</li><li>小田急小田原線「本厚木」駅 徒歩25～27分</li>
kanagawa,sagamiono,えびな,96800,,,,,,,海老名市中新田2-7,7号棟,鉄筋コンクリート造、鉄骨鉄筋コンクリート造,8,N,806号室,2LDK,65,8,90700,6100,2か月,['近居割'],随時,https://www.ur-net.go.jp/chintai/kanto/kanagawa/40_1900_room.html?JKSS=000070806,<li>小田急小田原線「厚木」駅 徒歩4～7分</li><li>小田急小田原線「海老名」駅 徒歩20～22分</li><li>小田急小田原線「本厚木」駅 徒歩25～27分</li>
kanagawa,shonan,サンヴァリエ平塚,64600,,,,JR東海道本線「平塚」駅,21.0,23.0,平塚市高村203,19号棟,鉄筋コンクリート造、鉄骨鉄筋コンクリート造,3,N,303号室,2DK,50,8,61500,3100,2か月,['フリレ2か月'],随時,https://www.ur-net.go.jp/chintai/kanto/kanagawa/40_1780_room.html?JKSS=000190303,<li>JR東海道本線「平塚」駅バス20分 徒歩1～3分</li><li>小田急小田原線「伊勢原」駅バス33分 徒歩2～5分</li><li>JR東海道本線「大磯」駅 徒歩53～56分</li>
kanagawa,shonan,サンヴァリエ平塚,64600,,,,小田急小田原線「伊勢原」駅,35.0,38.0,平塚市高村203,19号棟,鉄筋コンクリート造、鉄骨鉄筋コンクリート造,3,N,303号室,2DK,50,8,61500,3100,2か月,['フリレ2か月'],随時,https://www.ur-net.go.jp/chintai/kanto/kanagawa/40_1780_room.html?JKSS=000190303,<li>JR東海道本線「平塚」駅バス20分 徒歩1～3分</li><li>小田急小田原線「伊勢原」駅バス33分 徒歩2～5分</li><li>JR東海道本線「大磯」駅 徒歩53～56分</li>
kanagawa,shonan,サンヴァリエ平塚,64600,JR東海道本線「大磯」駅,53.0,56.0,,,,平塚市高村203,19号棟,鉄筋コンクリート造、鉄骨鉄筋コンクリート造,3,N,303号室,2DK,50,8,61500,3100,2か月,['フリレ2か月'],随時,https://www.ur-net.go.jp/chintai/kanto/kanagawa/40_1780_room.html?JKSS=000190303,<li>JR東海道本線「平塚」駅バス20分 徒歩1～3分</li><li>小田急小田原線「伊勢原」駅バス33分 徒歩2～5分</li><li>JR東海道本線「大磯」駅 徒歩53～56分</li>
kanagawa,shonan,サンヴァリエ平塚,64600,,,,,,,平塚市高村203,19号棟,鉄筋コンクリート造、鉄骨鉄筋コンクリート造,3,N,303号室,2DK,50,8,61500,3100,2か月,['フリレ2か月'],随時,https://www.ur-net.go.jp/chintai/kanto/kanagawa/40_1780_room.html?JKSS=000190303,<li>JR東海道本線「平塚」駅バス20分 徒歩1～3分</li><li>小田急小田原線「伊勢原」駅バス33分 徒歩2～5分</li><li>JR東海道本線「大磯」駅 徒歩53～56分</li>
kanagawa,shonan,サンヴァリエ平塚,65100,,,,JR東海道本線「平塚」駅,21.0,23.0,平塚市高村203,10号棟,鉄筋コンクリート造、鉄骨鉄筋コンクリート造,6,N,605号室,2DK,50,8,62000,3100,2か月,['近居割WIDE'],随時,https://www.ur-net.go.jp/chintai/kanto/kanagawa/40_1780_room.html?JKSS=000100605,<li>JR東海道本線「平塚」駅バス20分 徒歩1～3分</li><li>小田急小田原線「伊勢原」駅バス33分 徒歩2～5分</li><li>JR東海道本線「大磯」駅 徒歩53～56分</li>
kanagawa,shonan,サンヴァリエ平塚,65100,,,,小田急小田原線「伊勢原」駅,35.0,38.0,平塚市高村203,10号棟,鉄筋コンクリート造、鉄骨鉄筋コンクリート造,6,N,605号室,2DK,50,8,62000,3100,2か月,['近居割WIDE'],随時,https://www.ur-net.go.jp/chintai/kanto/kanagawa/40_1780_room.html?JKSS=000100605,<li>JR東海道本線「平塚」駅バス20分 徒歩1～3分</li><li>小田急小田原線「伊勢原」駅バス33分 徒歩2～5分</li><li>JR東海道本線「大磯」駅 徒歩53～56分</li>
kanagawa,shonan,サンヴァリエ平塚,65100,JR東海道本線「大磯」駅,53.0,56.0,,,,平塚市高村203,10号棟,鉄筋コンクリート造、鉄骨鉄筋コンクリート造,6,N,605号室,2DK,50,8,62000,3100,2か月,['近居割WIDE'],随時,https://www.ur-net.go.jp/chintai/kanto/kanagawa/40_1780_room.html?JKSS=000100605,<li>JR東海道本線「平塚」駅バス20分 徒歩1～3分</li><li>小田急小田原線「伊勢原」駅バス33分 徒歩2～5分</li><li>JR東海道本線「大磯」駅 徒歩53～56分</li>
kanagawa,shonan,サンヴァリエ平塚,65100,,,,,,,平塚市高村203,10号棟,鉄筋コンクリート造、鉄骨鉄筋コンクリート造,6,N,605号室,2DK,50,8,62000,3100,2か月,['近居割WIDE'],随時,https://www.ur-net.go.jp/chintai/kanto/kanagawa/40_1780_room.html?JKSS=000100605,<li>JR東海道本線「平塚」駅バス20分 徒歩1～3分</li><li>小田急小田原線「伊勢原」駅バス33分 徒歩2～5分</li><li>JR東海道本線「大磯」駅 徒歩53～56分</li>
kanagawa,shonan,サンヴァリエ平塚,65100,,,,JR東海道本線「平塚」駅,21.0,23.0,平塚市高村203,16号棟,鉄筋コンクリート造、鉄骨鉄筋コンクリート造,8,N,808号室,2DK,50,8,62000,3100,2か月,['近居割WIDE'],随時,https://www.ur-net.go.jp/chintai/kanto/kanagawa/40_1780_room.html?JKSS=000160808,<li>JR東海道本線「平塚」駅バス20分 徒歩1～3分</li><li>小田急小田原線「伊勢原」駅バス33分 徒歩2～5分</li><li>JR東海道本線「大磯」駅 徒歩53～56分</li>
kanagawa,shonan,サンヴァリエ平塚,65100,,,,小田急小田原線「伊勢原」駅,35.0,38.0,平塚市高村203,16号棟,鉄筋コンクリート造、鉄骨鉄筋コンクリート造,8,N,808号室,2DK,50,8,62000,3100,2か月,['近居割WIDE'],随時,https://www.ur-net.go.jp/chintai/kanto/kanagawa/40_1780_room.html?JKSS=000160808,<li>JR東海道本線「平塚」駅バス20分 徒歩1～3分</li><li>小田急小田原線「伊勢原」駅バス33分 徒歩2～5分</li><li>JR東海道本線「大磯」駅 徒歩53～56分</li>
kanagawa,shonan,サンヴァリエ平塚,65100,JR東海道本線「大磯」駅,53.0,56.0,,,,平塚市高村203,16号棟,鉄筋コンクリート造、鉄骨鉄筋コンクリート造,8,N,808号室,2DK,50,8,62000,3100,2か月,['近居割WIDE'],随時,https://www.ur-net.go.jp/chintai/kanto/kanagawa/40_1780_room.html?JKSS=000160808,<li>JR東海道本線「平塚」駅バス20分 徒歩1～3分</li><li>小田急小田原線「伊勢原」駅バス33分 徒歩2～5分</li><li>JR東海道本線「大磯」駅 徒歩53～56分</li>
kanagawa,shonan,サンヴァリエ平塚,65100,,,,,,,平塚市高村203,16号棟,鉄筋コンクリート造、鉄骨鉄筋コンクリート造,8,N,808号室,2DK,50,8,62000,3100,2か月,['近居割WIDE'],随時,https://www.ur-net.go.jp/chintai/kanto/kanagawa/40_1780_room.html?JKSS=000160808,<li>JR東海道本線「平塚」駅バス20分 徒歩1～3分</li><li>小田急小田原線「伊勢原」駅バス33分 徒歩2～5分</li><li>JR東海道本線「大磯」駅 徒歩53～56分</li>
kanagawa,shonan,サンヴァリエ平塚,65100,,,,JR東海道本線「平塚」駅,21.0,23.0,平塚市高村203,17号棟,鉄筋コンクリート造、鉄骨鉄筋コンクリート造,5,N,506号室,2DK,50,8,62000,3100,2か月,['近居割WIDE'],随時,https://www.ur-net.go.jp/chintai/kanto/kanagawa/40_1780_room.html?JKSS=000170506,<li>JR東海道本線「平塚」駅バス20分 徒歩1～3分</li><li>小田急小田原線「伊勢原」駅バス33分 徒歩2～5分</li><li>JR東海道本線「大磯」駅 徒歩53～56分</li>
kanagawa,shonan,サンヴァリエ平塚,65100,,,,小田急小田原線「伊勢原」駅,35.0,38.0,平塚市高村203,17号棟,鉄筋コンクリート造、鉄骨鉄筋コンクリート造,5,N,506号室,2DK,50,8,62000,3100,2か月,['近居割WIDE'],随時,https://www.ur-net.go.jp/chintai/kanto/kanagawa/40_1780_room.html?JKSS=000170506,<li>JR東海道本線「平塚」駅バス20分 徒歩1～3分</li><li>小田急小田原線「伊勢原」駅バス33分 徒歩2～5分</li><li>JR東海道本線「大磯」駅 徒歩53～56分</li>
kanagawa,shonan,サンヴァリエ平塚,65100,JR東海道本線「大磯」駅,53.0,56.0,,,,平塚市高村203,17号棟,鉄筋コンクリート造、鉄骨鉄筋コンクリート造,5,N,506号室,2DK,50,8,62000,3100,2か月,['近居割WIDE'],随時,https://www.ur-net.go.jp/chintai/kanto/kanagawa/40_1780_room.html?JKSS=000170506,<li>JR東海道本線「平塚」駅バス20分 徒歩1～3分</li><li>小田急小田原線「伊勢原」駅バス33分 徒歩2～5分</li><li>JR東海道本線「大磯」駅 徒歩53～56分</li>
kanagawa,shonan,サンヴァリエ平塚,65100,,,,,,,平塚市高村203,17号棟,鉄筋コンクリート造、鉄骨鉄筋コンクリート造,5,N,506号室,2DK,50,8,62000,3100,2か月,['近居割WIDE'],随時,https://www.ur-net.go.jp/chintai/kanto/kanagawa/40_1780_room.html?JKSS=000170506,<li>JR東海道本線「平塚」駅バス20分 徒歩1～3分</li><li>小田急小田原線「伊勢原」駅バス33分 徒歩2～5分</li><li>JR東海道本線「大磯」駅 徒歩53～56分</li>
kanagawa,shonan,サンヴァリエ平塚,65100,,,,JR東海道本線「平塚」駅,21.0,23.0,平塚市高村203,18号棟,鉄筋コンクリート造、鉄骨鉄筋コンクリート造,5,N,503号室,2DK,50,8,62000,3100,2か月,['近居割WIDE'],随時,https://www.ur-net.go.jp/chintai/kanto/kanagawa/40_1780_room.html?JKSS=000180503,<li>JR東海道本線「平塚」駅バス20分 徒歩1～3分</li><li>小田急小田原線「伊勢原」駅バス33分 徒歩2～5分</li><li>JR東海道本線「大磯」駅 徒歩53～56分</li>
kanagawa,shonan,サンヴァリエ平塚,65100,,,,小田急小田原線「伊勢原」駅,35.0,38.0,平塚市高村203,18号棟,鉄筋コンクリート造、鉄骨鉄筋コンクリート造,5,N,503号室,2DK,50,8,62000,3100,2か月,['近居割WIDE'],随時,https://www.ur-net.go.jp/chintai/kanto/kanagawa/40_1780_room.html?JKSS=000180503,<li>JR東海道本線「平塚」駅バス20分 徒歩1～3分</li><li>小田急小田原線「伊勢原」駅バス33分 徒歩2～5分</li><li>JR東海道本線「大磯」駅 徒歩53～56分</li>
kanagawa,shonan,サンヴァリエ平塚,65100,JR東海道本線「大磯」駅,53.0,56.0,,,,平塚市高村203,18号棟,鉄筋コンクリート造、鉄骨鉄筋コンクリート造,5,N,503号室,2DK,50,8,62000,3100,2か月,['近居割WIDE'],随時,https://www.ur-net.go.jp/chintai/kanto/kanagawa/40_1780_room.html?JKSS=000180503,<li>JR東海道本線「平塚」駅バス20分 徒歩1～3分</li><li>小田急小田原線「伊勢原」駅バス33分 徒歩2～5分</li><li>JR東海道本線「大磯」駅 徒歩53～56分</li>
kanagawa,shonan,サンヴァリエ平塚,65100,,,,,,,平塚市高村203,18号棟,鉄筋コンクリート造、鉄骨鉄筋コンクリート造,5,N,503号室,2DK,50,8,62000,3100,2か月,['近居割WIDE'],随時,https://www.ur-net.go.jp/chintai/kanto/kanagawa/40_1780_room.html?JKSS=000180503,<li>JR東海道本線「平塚」駅バス20分 徒歩1～3分</li><li>小田急小田原線「伊勢原」駅バス33分 徒歩2～5分</li><li>JR東海道本線「大磯」駅 徒歩53～56分</li>
kanagawa,shonan,善行,53100,小田急江ノ島線「善行」駅,11.0,19.0,小田急江ノ島線「善行」駅,5.0,13.0,藤沢市善行団地1-1ほか,7-11号棟,鉄筋コンクリート造,5,N,503号室,2DK,41,5,49800,3300,2か月,['URライト（4年定借）'],随時,https://www.ur-net.go.jp/chintai/kanto/kanagawa/40_1040_room.html?JKSS=000711503,<li>小田急江ノ島線「善行」駅 徒歩11～19分 又はバス4～8分 徒歩1～5分</li>
kanagawa,shonan,善行,53100,,,,,,,藤沢市善行団地1-1ほか,7-11号棟,鉄筋コンクリート造,5,N,503号室,2DK,41,5,49800,3300,2か月,['URライト（4年定借）'],随時,https://www.ur-net.go.jp/chintai/kanto/kanagawa/40_1040_room.html?JKSS=000711503,<li>小田急江ノ島線「善行」駅 徒歩11～19分 又はバス4～8分 徒歩1～5分</li>
kanagawa,shonan,善行,55500,小田急江ノ島線「善行」駅,11.0,19.0,小田急江ノ島線「善行」駅,5.0,13.0,藤沢市善行団地1-1ほか,2-5号棟,鉄筋コンクリート造,2,N,205号室,2DK,41,5,52200,3300,2か月,['URライト（4年定借）'],随時,https://www.ur-net.go.jp/chintai/kanto/kanagawa/40_1040_room.html?JKSS=000205205,<li>小田急江ノ島線「善行」駅 徒歩11～19分 又はバス4～8分 徒歩1～5分</li>
kanagawa,shonan,善行,55500,,,,,,,藤沢市善行団地1-1ほか,2-5号棟,鉄筋コンクリート造,2,N,205号室,2DK,41,5,52200,3300,2か月,['URライト（4年定借）'],随時,https://www.ur-net.go.jp/chintai/kanto/kanagawa/40_1040_room.html?JKSS=000205205,<li>小田急江ノ島線「善行」駅 徒歩11～19分 又はバス4～8分 徒歩1～5分</li>
kanagawa,shonan,善行,61300,小田急江ノ島線「善行」駅,11.0,19.0,小田急江ノ島線「善行」駅,5.0,13.0,藤沢市善行団地1-1ほか,7-2号棟,鉄筋コンクリート造,3,N,305号室,3K,45,5,58000,3300,2か月,['URライト（4年定借）'],随時,https://www.ur-net.go.jp/chintai/kanto/kanagawa/40_1040_room.html?JKSS=000702305,<li>小田急江ノ島線「善行」駅 徒歩11～19分 又はバス4～8分 徒歩1～5分</li>
kanagawa,shonan,善行,61300,,,,,,,藤沢市善行団地1-1ほか,7-2号棟,鉄筋コンクリート造,3,N,305号室,3K,45,5,58000,3300,2か月,['URライト（4年定借）'],随時,https://www.ur-net.go.jp/chintai/kanto/kanagawa/40_1040_room.html?JKSS=000702305,<li>小田急江ノ島線「善行」駅 徒歩11～19分 又はバス4～8分 徒歩1～5分</li>
kanagawa,shonan,善行,62400,小田急江ノ島線「善行」駅,11.0,19.0,小田急江ノ島線「善行」駅,5.0,13.0,藤沢市善行団地1-1ほか,5-5号棟,鉄筋コンクリート造,5,N,505号室,3K,48,5,59100,3300,2か月,"['URライト（4年定借）', 'フリレ2か月']",随時,https://www.ur-net.go.jp/chintai/kanto/kanagawa/40_1040_room.html?JKSS=000505505,<li>小田急江ノ島線「善行」駅 徒歩11～19分 又はバス4～8分 徒歩1～5分</li>
kanagawa,shonan,善行,62400,,,,,,,藤沢市善行団地1-1ほか,5-5号棟,鉄筋コンクリート造,5,N,505号室,3K,48,5,59100,3300,2か月,"['URライト（4年定借）', 'フリレ2か月']",随時,https://www.ur-net.go.jp/chintai/kanto/kanagawa/40_1040_room.html?JKSS=000505505,<li>小田急江ノ島線「善行」駅 徒歩11～19分 又はバス4～8分 徒歩1～5分</li>
kanagawa,shonan,善行,64900,小田急江ノ島線「善行」駅,11.0,19.0,小田急江ノ島線「善行」駅,5.0,13.0,藤沢市善行団地1-1ほか,5-6号棟,鉄筋コンクリート造,3,N,304号室,3K,48,5,61600,3300,2か月,['URライト（4年定借）'],随時,https://www.ur-net.go.jp/chintai/kanto/kanagawa/40_1040_room.html?JKSS=000506304,<li>小田急江ノ島線「善行」駅 徒歩11～19分 又はバス4～8分 徒歩1～5分</li>
kanagawa,shonan,善行,64900,,,,,,,藤沢市善行団地1-1ほか,5-6号棟,鉄筋コンクリート造,3,N,304号室,3K,48,5,61600,3300,2か月,['URライト（4年定借）'],随時,https://www.ur-net.go.jp/chintai/kanto/kanagawa/40_1040_room.html?JKSS=000506304,<li>小田急江ノ島線「善行」駅 徒歩11～19分 又はバス4～8分 徒歩1～5分</li>
kanagawa,shonan,レーベンスガルテン山崎,191700,湘南モノレ－ル「富士見町」駅,6.0,9.0,,,,鎌倉市山崎1390,1号棟,鉄筋コンクリート造,7,N,713号室,4LDK,95,10,187300,4400,2か月,['近居割'],随時,https://www.ur-net.go.jp/chintai/kanto/kanagawa/40_3980_room.html?JKSS=000010713,<li>湘南モノレ－ル「富士見町」駅 徒歩6～9分</li><li>JR東海道本線「大船」駅 徒歩18～20分</li><li>湘南モノレ－ル「湘南町屋」駅 徒歩14～16分</li>
kanagawa,shonan,レーベンスガルテン山崎,191700,JR東海道本線「大船」駅,18.0,20.0,,,,鎌倉市山崎1390,1号棟,鉄筋コンクリート造,7,N,713号室,4LDK,95,10,187300,4400,2か月,['近居割'],随時,https://www.ur-net.go.jp/chintai/kanto/kanagawa/40_3980_room.html?JKSS=000010713,<li>湘南モノレ－ル「富士見町」駅 徒歩6～9分</li><li>JR東海道本線「大船」駅 徒歩18～20分</li><li>湘南モノレ－ル「湘南町屋」駅 徒歩14～16分</li>
kanagawa,shonan,レーベンスガルテン山崎,191700,湘南モノレ－ル「湘南町屋」駅,14.0,16.0,,,,鎌倉市山崎1390,1号棟,鉄筋コンクリート造,7,N,713号室,4LDK,95,10,187300,4400,2か月,['近居割'],随時,https://www.ur-net.go.jp/chintai/kanto/kanagawa/40_3980_room.html?JKSS=000010713,<li>湘南モノレ－ル「富士見町」駅 徒歩6～9分</li><li>JR東海道本線「大船」駅 徒歩18～20分</li><li>湘南モノレ－ル「湘南町屋」駅 徒歩14～16分</li>
kanagawa,shonan,レーベンスガルテン山崎,191700,,,,,,,鎌倉市山崎1390,1号棟,鉄筋コンクリート造,7,N,713号室,4LDK,95,10,187300,4400,2か月,['近居割'],随時,https://www.ur-net.go.jp/chintai/kanto/kanagawa/40_3980_room.html?JKSS=000010713,<li>湘南モノレ－ル「富士見町」駅 徒歩6～9分</li><li>JR東海道本線「大船」駅 徒歩18～20分</li><li>湘南モノレ－ル「湘南町屋」駅 徒歩14～16分</li>
kanagawa,shonan,鶴が台,55700,,,,JR東海道本線「茅ケ崎」駅,10.0,18.0,茅ヶ崎市鶴が台,17-1号棟,鉄筋コンクリート造,5,N,503号室,3K,48,5,52100,3600,2か月,['近居割'],随時,https://www.ur-net.go.jp/chintai/kanto/kanagawa/40_1160_room.html?JKSS=000171503,<li>JR東海道本線「茅ケ崎」駅バス9～13分 徒歩1～5分</li><li>JR相模線「北茅ケ崎」駅 徒歩14～19分</li><li>JR相模線「香川」駅 徒歩15～23分</li>
kanagawa,shonan,鶴が台,55700,JR相模線「北茅ケ崎」駅,14.0,19.0,,,,茅ヶ崎市鶴が台,17-1号棟,鉄筋コンクリート造,5,N,503号室,3K,48,5,52100,3600,2か月,['近居割'],随時,https://www.ur-net.go.jp/chintai/kanto/kanagawa/40_1160_room.html?JKSS=000171503,<li>JR東海道本線「茅ケ崎」駅バス9～13分 徒歩1～5分</li><li>JR相模線「北茅ケ崎」駅 徒歩14～19分</li><li>JR相模線「香川」駅 徒歩15～23分</li>
kanagawa,shonan,鶴が台,55700,JR相模線「香川」駅,15.0,23.0,,,,茅ヶ崎市鶴が台,17-1号棟,鉄筋コンクリート造,5,N,503号室,3K,48,5,52100,3600,2か月,['近居割'],随時,https://www.ur-net.go.jp/chintai/kanto/kanagawa/40_1160_room.html?JKSS=000171503,<li>JR東海道本線「茅ケ崎」駅バス9～13分 徒歩1～5分</li><li>JR相模線「北茅ケ崎」駅 徒歩14～19分</li><li>JR相模線「香川」駅 徒歩15～23分</li>
kanagawa,shonan,鶴が台,55700,,,,,,,茅ヶ崎市鶴が台,17-1号棟,鉄筋コンクリート造,5,N,503号室,3K,48,5,52100,3600,2か月,['近居割'],随時,https://www.ur-net.go.jp/chintai/kanto/kanagawa/40_1160_room.html?JKSS=000171503,<li>JR東海道本線「茅ケ崎」駅バス9～13分 徒歩1～5分</li><li>JR相模線「北茅ケ崎」駅 徒歩14～19分</li><li>JR相模線「香川」駅 徒歩15～23分</li>
kanagawa,shonan,ライトタウン茅ヶ崎,107200,JR相模線「香川」駅,14.0,14.0,,,,茅ヶ崎市香川1-10,5号棟,鉄筋コンクリート造,2,N,211号室,3LDK,71,10,101900,5300,2か月,['近居割'],随時,https://www.ur-net.go.jp/chintai/kanto/kanagawa/40_2930_room.html?JKSS=000050211,<li>JR相模線「香川」駅 徒歩14分</li><li>JR東海道線ほか「茅ケ崎」駅バス11分 徒歩5分</li>
kanagawa,shonan,ライトタウン茅ヶ崎,107200,,,,JR東海道線ほか「茅ケ崎」駅,16.0,16.0,茅ヶ崎市香川1-10,5号棟,鉄筋コンクリート造,2,N,211号室,3LDK,71,10,101900,5300,2か月,['近居割'],随時,https://www.ur-net.go.jp/chintai/kanto/kanagawa/40_2930_room.html?JKSS=000050211,<li>JR相模線「香川」駅 徒歩14分</li><li>JR東海道線ほか「茅ケ崎」駅バス11分 徒歩5分</li>
kanagawa,shonan,ライトタウン茅ヶ崎,107200,,,,,,,茅ヶ崎市香川1-10,5号棟,鉄筋コンクリート造,2,N,211号室,3LDK,71,10,101900,5300,2か月,['近居割'],随時,https://www.ur-net.go.jp/chintai/kanto/kanagawa/40_2930_room.html?JKSS=000050211,<li>JR相模線「香川」駅 徒歩14分</li><li>JR東海道線ほか「茅ケ崎」駅バス11分 徒歩5分</li>
kanagawa,shonan,浜見平,107900,,,,JR東海道本線「茅ケ崎」駅,15.0,15.0,茅ヶ崎市浜見平6-2ほか,6-2号棟,鉄筋コンクリート造,3,N,303号室,3DK,62,5,104000,3900,2か月,"['近居割', '近居割WIDE']",随時,https://www.ur-net.go.jp/chintai/kanto/kanagawa/40_0971_room.html?JKSS=006020303,<li>JR東海道本線「茅ケ崎」駅バス13分 徒歩2分</li>
kanagawa,shonan,浜見平,107900,,,,,,,茅ヶ崎市浜見平6-2ほか,6-2号棟,鉄筋コンクリート造,3,N,303号室,3DK,62,5,104000,3900,2か月,"['近居割', '近居割WIDE']",随時,https://www.ur-net.go.jp/chintai/kanto/kanagawa/40_0971_room.html?JKSS=006020303,<li>JR東海道本線「茅ケ崎」駅バス13分 徒歩2分</li>
kanagawa,shonan,浜見平,119500,,,,JR東海道本線「茅ケ崎」駅,15.0,15.0,茅ヶ崎市浜見平6-2ほか,6-2号棟,鉄筋コンクリート造,5,N,506号室,3LDK,70,5,115600,3900,2か月,"['近居割', '近居割WIDE']",随時,https://www.ur-net.go.jp/chintai/kanto/kanagawa/40_0971_room.html?JKSS=006020506,<li>JR東海道本線「茅ケ崎」駅バス13分 徒歩2分</li>
kanagawa,shonan,浜見平,119500,,,,,,,茅ヶ崎市浜見平6-2ほか,6-2号棟,鉄筋コンクリート造,5,N,506号室,3LDK,70,5,115600,3900,2か月,"['近居割', '近居割WIDE']",随時,https://www.ur-net.go.jp/chintai/kanto/kanagawa/40_0971_room.html?JKSS=006020506,<li>JR東海道本線「茅ケ崎」駅バス13分 徒歩2分</li>
kanagawa,shonan,浜見平,123300,,,,JR東海道本線「茅ケ崎」駅,15.0,15.0,茅ヶ崎市浜見平6-2ほか,6-3号棟,鉄筋コンクリート造,4,N,406号室,3LDK,70,5,119400,3900,2か月,['フリレ１か月'],随時,https://www.ur-net.go.jp/chintai/kanto/kanagawa/40_0971_room.html?JKSS=006030406,<li>JR東海道本線「茅ケ崎」駅バス13分 徒歩2分</li>
kanagawa,shonan,浜見平,123300,,,,,,,茅ヶ崎市浜見平6-2ほか,6-3号棟,鉄筋コンクリート造,4,N,406号室,3LDK,70,5,119400,3900,2か月,['フリレ１か月'],随時,https://www.ur-net.go.jp/chintai/kanto/kanagawa/40_0971_room.html?JKSS=006030406,<li>JR東海道本線「茅ケ崎」駅バス13分 徒歩2分</li>
kanagawa,shonan,コンフォール茅ヶ崎浜見平,112400,,,,JR東海道本線「茅ケ崎」駅,16.0,18.0,茅ヶ崎市浜見平13番ほか,14-3号棟,鉄筋コンクリート造,2,N,213号室,1LDK,57,8,107500,4900,2か月,"['近居割', '近居割WIDE']",随時,https://www.ur-net.go.jp/chintai/kanto/kanagawa/40_4240_room.html?JKSS=014030213,<li>JR東海道本線「茅ケ崎」駅バス14分 徒歩2～4分</li>
kanagawa,shonan,コンフォール茅ヶ崎浜見平,112400,,,,,,,茅ヶ崎市浜見平13番ほか,14-3号棟,鉄筋コンクリート造,2,N,213号室,1LDK,57,8,107500,4900,2か月,"['近居割', '近居割WIDE']",随時,https://www.ur-net.go.jp/chintai/kanto/kanagawa/40_4240_room.html?JKSS=014030213,<li>JR東海道本線「茅ケ崎」駅バス14分 徒歩2～4分</li>
chiba,hanamigawa,花見川（第１次～第４次）,56250,,,,京成本線「八千代台」駅,4.0,18.0,千葉市花見川区花見川1ほか,3-10号棟,鉄筋コンクリート造,1,N,101号室,3DK,56,5,53500,2750,2か月,"['近居割', '近居割WIDE']",随時,https://www.ur-net.go.jp/chintai/kanto/chiba/30_1681_room.html?JKSS=000310101,<li>京成本線「八千代台」駅バス3～10分 徒歩1～8分</li><li>京成本線「実籾」駅 徒歩30～45分</li><li>京成本線「京成大和田」駅 徒歩31～49分</li>
chiba,hanamigawa,花見川（第１次～第４次）,56250,京成本線「実籾」駅,30.0,45.0,,,,千葉市花見川区花見川1ほか,3-10号棟,鉄筋コンクリート造,1,N,101号室,3DK,56,5,53500,2750,2か月,"['近居割', '近居割WIDE']",随時,https://www.ur-net.go.jp/chintai/kanto/chiba/30_1681_room.html?JKSS=000310101,<li>京成本線「八千代台」駅バス3～10分 徒歩1～8分</li><li>京成本線「実籾」駅 徒歩30～45分</li><li>京成本線「京成大和田」駅 徒歩31～49分</li>
chiba,hanamigawa,花見川（第１次～第４次）,56250,京成本線「京成大和田」駅,31.0,49.0,,,,千葉市花見川区花見川1ほか,3-10号棟,鉄筋コンクリート造,1,N,101号室,3DK,56,5,53500,2750,2か月,"['近居割', '近居割WIDE']",随時,https://www.ur-net.go.jp/chintai/kanto/chiba/30_1681_room.html?JKSS=000310101,<li>京成本線「八千代台」駅バス3～10分 徒歩1～8分</li><li>京成本線「実籾」駅 徒歩30～45分</li><li>京成本線「京成大和田」駅 徒歩31～49分</li>
chiba,hanamigawa,花見川（第１次～第４次）,56250,,,,,,,千葉市花見川区花見川1ほか,3-10号棟,鉄筋コンクリート造,1,N,101号室,3DK,56,5,53500,2750,2か月,"['近居割', '近居割WIDE']",随時,https://www.ur-net.go.jp/chintai/kanto/chiba/30_1681_room.html?JKSS=000310101,<li>京成本線「八千代台」駅バス3～10分 徒歩1～8分</li><li>京成本線「実籾」駅 徒歩30～45分</li><li>京成本線「京成大和田」駅 徒歩31～49分</li>
chiba,hanamigawa,花見川（第１次～第４次）,56450,,,,京成本線「八千代台」駅,4.0,18.0,千葉市花見川区花見川1ほか,3-14号棟,鉄筋コンクリート造,4,N,401号室,2LDK,56,5,53700,2750,2か月,"['近居割', '近居割WIDE']",随時,https://www.ur-net.go.jp/chintai/kanto/chiba/30_1681_room.html?JKSS=000314401,<li>京成本線「八千代台」駅バス3～10分 徒歩1～8分</li><li>京成本線「実籾」駅 徒歩30～45分</li><li>京成本線「京成大和田」駅 徒歩31～49分</li>
chiba,hanamigawa,花見川（第１次～第４次）,56450,京成本線「実籾」駅,30.0,45.0,,,,千葉市花見川区花見川1ほか,3-14号棟,鉄筋コンクリート造,4,N,401号室,2LDK,56,5,53700,2750,2か月,"['近居割', '近居割WIDE']",随時,https://www.ur-net.go.jp/chintai/kanto/chiba/30_1681_room.html?JKSS=000314401,<li>京成本線「八千代台」駅バス3～10分 徒歩1～8分</li><li>京成本線「実籾」駅 徒歩30～45分</li><li>京成本線「京成大和田」駅 徒歩31～49分</li>
chiba,hanamigawa,花見川（第１次～第４次）,56450,京成本線「京成大和田」駅,31.0,49.0,,,,千葉市花見川区花見川1ほか,3-14号棟,鉄筋コンクリート造,4,N,401号室,2LDK,56,5,53700,2750,2か月,"['近居割', '近居割WIDE']",随時,https://www.ur-net.go.jp/chintai/kanto/chiba/30_1681_room.html?JKSS=000314401,<li>京成本線「八千代台」駅バス3～10分 徒歩1～8分</li><li>京成本線「実籾」駅 徒歩30～45分</li><li>京成本線「京成大和田」駅 徒歩31～49分</li>
chiba,hanamigawa,花見川（第１次～第４次）,56450,,,,,,,千葉市花見川区花見川1ほか,3-14号棟,鉄筋コンクリート造,4,N,401号室,2LDK,56,5,53700,2750,2か月,"['近居割', '近居割WIDE']",随時,https://www.ur-net.go.jp/chintai/kanto/chiba/30_1681_room.html?JKSS=000314401,<li>京成本線「八千代台」駅バス3～10分 徒歩1～8分</li><li>京成本線「実籾」駅 徒歩30～45分</li><li>京成本線「京成大和田」駅 徒歩31～49分</li>
chiba,inageekimae,千葉幸町,55300,京成千葉線「みどり台」駅,11.0,20.0,,,,千葉市美浜区幸町2,11-21号棟,鉄筋コンクリート造,3,N,301号室,3K,45,5,52200,3100,2か月,['近居割WIDE'],随時,https://www.ur-net.go.jp/chintai/kanto/chiba/30_1810_room.html?JKSS=011021301,<li>京成千葉線「みどり台」駅 徒歩11～20分</li><li>JR京葉線「稲毛海岸」駅 徒歩19～23分</li><li>JR総武線「稲毛」駅 徒歩22～26分</li><li>京成千葉線「京成稲毛」駅 徒歩21～28分</li><li>JR総武線「西千葉」駅 徒歩14～26分</li><li>京成千葉線「西登戸」駅 徒歩10～24分</li>
chiba,inageekimae,千葉幸町,55300,JR京葉線「稲毛海岸」駅,19.0,23.0,,,,千葉市美浜区幸町2,11-21号棟,鉄筋コンクリート造,3,N,301号室,3K,45,5,52200,3100,2か月,['近居割WIDE'],随時,https://www.ur-net.go.jp/chintai/kanto/chiba/30_1810_room.html?JKSS=011021301,<li>京成千葉線「みどり台」駅 徒歩11～20分</li><li>JR京葉線「稲毛海岸」駅 徒歩19～23分</li><li>JR総武線「稲毛」駅 徒歩22～26分</li><li>京成千葉線「京成稲毛」駅 徒歩21～28分</li><li>JR総武線「西千葉」駅 徒歩14～26分</li><li>京成千葉線「西登戸」駅 徒歩10～24分</li>
chiba,inageekimae,千葉幸町,55300,JR総武線「稲毛」駅,22.0,26.0,,,,千葉市美浜区幸町2,11-21号棟,鉄筋コンクリート造,3,N,301号室,3K,45,5,52200,3100,2か月,['近居割WIDE'],随時,https://www.ur-net.go.jp/chintai/kanto/chiba/30_1810_room.html?JKSS=011021301,<li>京成千葉線「みどり台」駅 徒歩11～20分</li><li>JR京葉線「稲毛海岸」駅 徒歩19～23分</li><li>JR総武線「稲毛」駅 徒歩22～26分</li><li>京成千葉線「京成稲毛」駅 徒歩21～28分</li><li>JR総武線「西千葉」駅 徒歩14～26分</li><li>京成千葉線「西登戸」駅 徒歩10～24分</li>
chiba,inageekimae,千葉幸町,55300,京成千葉線「京成稲毛」駅,21.0,28.0,,,,千葉市美浜区幸町2,11-21号棟,鉄筋コンクリート造,3,N,301号室,3K,45,5,52200,3100,2か月,['近居割WIDE'],随時,https://www.ur-net.go.jp/chintai/kanto/chiba/30_1810_room.html?JKSS=011021301,<li>京成千葉線「みどり台」駅 徒歩11～20分</li><li>JR京葉線「稲毛海岸」駅 徒歩19～23分</li><li>JR総武線「稲毛」駅 徒歩22～26分</li><li>京成千葉線「京成稲毛」駅 徒歩21～28分</li><li>JR総武線「西千葉」駅 徒歩14～26分</li><li>京成千葉線「西登戸」駅 徒歩10～24分</li>
chiba,inageekimae,千葉幸町,55300,JR総武線「西千葉」駅,14.0,26.0,,,,千葉市美浜区幸町2,11-21号棟,鉄筋コンクリート造,3,N,301号室,3K,45,5,52200,3100,2か月,['近居割WIDE'],随時,https://www.ur-net.go.jp/chintai/kanto/chiba/30_1810_room.html?JKSS=011021301,<li>京成千葉線「みどり台」駅 徒歩11～20分</li><li>JR京葉線「稲毛海岸」駅 徒歩19～23分</li><li>JR総武線「稲毛」駅 徒歩22～26分</li><li>京成千葉線「京成稲毛」駅 徒歩21～28分</li><li>JR総武線「西千葉」駅 徒歩14～26分</li><li>京成千葉線「西登戸」駅 徒歩10～24分</li>
chiba,inageekimae,千葉幸町,55300,京成千葉線「西登戸」駅,10.0,24.0,,,,千葉市美浜区幸町2,11-21号棟,鉄筋コンクリート造,3,N,301号室,3K,45,5,52200,3100,2か月,['近居割WIDE'],随時,https://www.ur-net.go.jp/chintai/kanto/chiba/30_1810_room.html?JKSS=011021301,<li>京成千葉線「みどり台」駅 徒歩11～20分</li><li>JR京葉線「稲毛海岸」駅 徒歩19～23分</li><li>JR総武線「稲毛」駅 徒歩22～26分</li><li>京成千葉線「京成稲毛」駅 徒歩21～28分</li><li>JR総武線「西千葉」駅 徒歩14～26分</li><li>京成千葉線「西登戸」駅 徒歩10～24分</li>
chiba,inageekimae,千葉幸町,55300,,,,,,,千葉市美浜区幸町2,11-21号棟,鉄筋コンクリート造,3,N,301号室,3K,45,5,52200,3100,2か月,['近居割WIDE'],随時,https://www.ur-net.go.jp/chintai/kanto/chiba/30_1810_room.html?JKSS=011021301,<li>京成千葉線「みどり台」駅 徒歩11～20分</li><li>JR京葉線「稲毛海岸」駅 徒歩19～23分</li><li>JR総武線「稲毛」駅 徒歩22～26分</li><li>京成千葉線「京成稲毛」駅 徒歩21～28分</li><li>JR総武線「西千葉」駅 徒歩14～26分</li><li>京成千葉線「西登戸」駅 徒歩10～24分</li>
chiba,inagekaigan,高洲第一,60000,JR京葉線「稲毛海岸」駅,6.0,20.0,,,,千葉市美浜区高洲2ほか,2-3-9号棟,鉄筋コンクリート造、鉄骨鉄筋コンクリート造,5,N,503号室,3K,47,5,57100,2900,2か月,"['近居割', '近居割WIDE']",随時,https://www.ur-net.go.jp/chintai/kanto/chiba/30_2390_room.html?JKSS=203090503,<li>JR京葉線「稲毛海岸」駅 徒歩6～20分</li><li>JR総武線「稲毛」駅バス5分 徒歩7分</li><li>京成千葉線「みどり台」駅 徒歩22～33分</li><li>京成千葉線「京成稲毛」駅 徒歩20～28分</li>
chiba,inagekaigan,高洲第一,60000,,,,JR総武線「稲毛」駅,12.0,12.0,千葉市美浜区高洲2ほか,2-3-9号棟,鉄筋コンクリート造、鉄骨鉄筋コンクリート造,5,N,503号室,3K,47,5,57100,2900,2か月,"['近居割', '近居割WIDE']",随時,https://www.ur-net.go.jp/chintai/kanto/chiba/30_2390_room.html?JKSS=203090503,<li>JR京葉線「稲毛海岸」駅 徒歩6～20分</li><li>JR総武線「稲毛」駅バス5分 徒歩7分</li><li>京成千葉線「みどり台」駅 徒歩22～33分</li><li>京成千葉線「京成稲毛」駅 徒歩20～28分</li>
chiba,inagekaigan,高洲第一,60000,京成千葉線「みどり台」駅,22.0,33.0,,,,千葉市美浜区高洲2ほか,2-3-9号棟,鉄筋コンクリート造、鉄骨鉄筋コンクリート造,5,N,503号室,3K,47,5,57100,2900,2か月,"['近居割', '近居割WIDE']",随時,https://www.ur-net.go.jp/chintai/kanto/chiba/30_2390_room.html?JKSS=203090503,<li>JR京葉線「稲毛海岸」駅 徒歩6～20分</li><li>JR総武線「稲毛」駅バス5分 徒歩7分</li><li>京成千葉線「みどり台」駅 徒歩22～33分</li><li>京成千葉線「京成稲毛」駅 徒歩20～28分</li>
chiba,inagekaigan,高洲第一,60000,京成千葉線「京成稲毛」駅,20.0,28.0,,,,千葉市美浜区高洲2ほか,2-3-9号棟,鉄筋コンクリート造、鉄骨鉄筋コンクリート造,5,N,503号室,3K,47,5,57100,2900,2か月,"['近居割', '近居割WIDE']",随時,https://www.ur-net.go.jp/chintai/kanto/chiba/30_2390_room.html?JKSS=203090503,<li>JR京葉線「稲毛海岸」駅 徒歩6～20分</li><li>JR総武線「稲毛」駅バス5分 徒歩7分</li><li>京成千葉線「みどり台」駅 徒歩22～33分</li><li>京成千葉線「京成稲毛」駅 徒歩20～28分</li>
chiba,inagekaigan,高洲第一,60000,,,,,,,千葉市美浜区高洲2ほか,2-3-9号棟,鉄筋コンクリート造、鉄骨鉄筋コンクリート造,5,N,503号室,3K,47,5,57100,2900,2か月,"['近居割', '近居割WIDE']",随時,https://www.ur-net.go.jp/chintai/kanto/chiba/30_2390_room.html?JKSS=203090503,<li>JR京葉線「稲毛海岸」駅 徒歩6～20分</li><li>JR総武線「稲毛」駅バス5分 徒歩7分</li><li>京成千葉線「みどり台」駅 徒歩22～33分</li><li>京成千葉線「京成稲毛」駅 徒歩20～28分</li>
chiba,makuhari,幕張ベイタウンパティオス７番街,178000,JR京葉線「海浜幕張」駅,10.0,10.0,JR京葉線「海浜幕張」駅,8.0,8.0,千葉市美浜区打瀬1-5 パティオス7番街,,鉄筋コンクリート造,4,N,421号室,3LDK,75,6,168200,9800,2か月,"['近居割', '近居割WIDE']",随時,https://www.ur-net.go.jp/chintai/kanto/chiba/30_5410_room.html?JKSS=000000421,<li>JR京葉線「海浜幕張」駅 徒歩10分 又はバス7分 徒歩1分</li>
chiba,makuhari,幕張ベイタウンパティオス７番街,178000,,,,,,,千葉市美浜区打瀬1-5 パティオス7番街,,鉄筋コンクリート造,4,N,421号室,3LDK,75,6,168200,9800,2か月,"['近居割', '近居割WIDE']",随時,https://www.ur-net.go.jp/chintai/kanto/chiba/30_5410_room.html?JKSS=000000421,<li>JR京葉線「海浜幕張」駅 徒歩10分 又はバス7分 徒歩1分</li>
chiba,makuhari,幕張ベイタウンパティオス７番街,181500,JR京葉線「海浜幕張」駅,10.0,10.0,JR京葉線「海浜幕張」駅,8.0,8.0,千葉市美浜区打瀬1-5 パティオス7番街,,鉄筋コンクリート造,6,N,604号室,2LDK,73,6,171700,9800,2か月,"['近居割', '近居割WIDE']",随時,https://www.ur-net.go.jp/chintai/kanto/chiba/30_5410_room.html?JKSS=000000604,<li>JR京葉線「海浜幕張」駅 徒歩10分 又はバス7分 徒歩1分</li>
chiba,makuhari,幕張ベイタウンパティオス７番街,181500,,,,,,,千葉市美浜区打瀬1-5 パティオス7番街,,鉄筋コンクリート造,6,N,604号室,2LDK,73,6,171700,9800,2か月,"['近居割', '近居割WIDE']",随時,https://www.ur-net.go.jp/chintai/kanto/chiba/30_5410_room.html?JKSS=000000604,<li>JR京葉線「海浜幕張」駅 徒歩10分 又はバス7分 徒歩1分</li>
chiba,shinurayasu,浦安マリナイースト２１望海の街,174500,JR京葉線「新浦安」駅,22.0,26.0,JR京葉線「新浦安」駅,8.0,14.0,浦安市明海4-2望海の街,9号棟,鉄筋コンクリート造,3,N,301号室,3LDK,74,8,167400,7100,2か月,"['近居割', '近居割WIDE']",随時,https://www.ur-net.go.jp/chintai/kanto/chiba/30_5120_room.html?JKSS=000090301,<li>JR京葉線「新浦安」駅 徒歩22～26分 又はバス7～10分 徒歩1～4分</li><li>JR京葉線「舞浜」駅 徒歩56～62分</li><li>東京メトロ東西線「浦安」駅 徒歩51～55分</li>
chiba,shinurayasu,浦安マリナイースト２１望海の街,174500,JR京葉線「舞浜」駅,56.0,62.0,,,,浦安市明海4-2望海の街,9号棟,鉄筋コンクリート造,3,N,301号室,3LDK,74,8,167400,7100,2か月,"['近居割', '近居割WIDE']",随時,https://www.ur-net.go.jp/chintai/kanto/chiba/30_5120_room.html?JKSS=000090301,<li>JR京葉線「新浦安」駅 徒歩22～26分 又はバス7～10分 徒歩1～4分</li><li>JR京葉線「舞浜」駅 徒歩56～62分</li><li>東京メトロ東西線「浦安」駅 徒歩51～55分</li>
chiba,shinurayasu,浦安マリナイースト２１望海の街,174500,東京メトロ東西線「浦安」駅,51.0,55.0,,,,浦安市明海4-2望海の街,9号棟,鉄筋コンクリート造,3,N,301号室,3LDK,74,8,167400,7100,2か月,"['近居割', '近居割WIDE']",随時,https://www.ur-net.go.jp/chintai/kanto/chiba/30_5120_room.html?JKSS=000090301,<li>JR京葉線「新浦安」駅 徒歩22～26分 又はバス7～10分 徒歩1～4分</li><li>JR京葉線「舞浜」駅 徒歩56～62分</li><li>東京メトロ東西線「浦安」駅 徒歩51～55分</li>
chiba,shinurayasu,浦安マリナイースト２１望海の街,174500,,,,,,,浦安市明海4-2望海の街,9号棟,鉄筋コンクリート造,3,N,301号室,3LDK,74,8,167400,7100,2か月,"['近居割', '近居割WIDE']",随時,https://www.ur-net.go.jp/chintai/kanto/chiba/30_5120_room.html?JKSS=000090301,<li>JR京葉線「新浦安」駅 徒歩22～26分 又はバス7～10分 徒歩1～4分</li><li>JR京葉線「舞浜」駅 徒歩56～62分</li><li>東京メトロ東西線「浦安」駅 徒歩51～55分</li>
chiba,shinurayasu,浦安マリナイースト２１フォーラム海風の街,206100,JR京葉線「新浦安」駅,12.0,14.0,JR京葉線「新浦安」駅,3.0,5.0,浦安市日の出1-3,4号棟,鉄筋コンクリート造、鉄骨鉄筋コンクリート造,11,N,1104号室,2LDK,91,11,203500,2600,2か月,"['近居割', '近居割WIDE']",随時,https://www.ur-net.go.jp/chintai/kanto/chiba/30_4180_room.html?JKSS=000041104,<li>JR京葉線「新浦安」駅 徒歩12～14分 又はバス2分 徒歩1～3分</li><li>JR京葉線「市川塩浜」駅 徒歩40～42分</li><li>東京メトロ東西線「浦安」駅バス16分 徒歩1～3分</li>
chiba,shinurayasu,浦安マリナイースト２１フォーラム海風の街,206100,JR京葉線「市川塩浜」駅,40.0,42.0,,,,浦安市日の出1-3,4号棟,鉄筋コンクリート造、鉄骨鉄筋コンクリート造,11,N,1104号室,2LDK,91,11,203500,2600,2か月,"['近居割', '近居割WIDE']",随時,https://www.ur-net.go.jp/chintai/kanto/chiba/30_4180_room.html?JKSS=000041104,<li>JR京葉線「新浦安」駅 徒歩12～14分 又はバス2分 徒歩1～3分</li><li>JR京葉線「市川塩浜」駅 徒歩40～42分</li><li>東京メトロ東西線「浦安」駅バス16分 徒歩1～3分</li>
chiba,shinurayasu,浦安マリナイースト２１フォーラム海風の街,206100,,,,東京メトロ東西線「浦安」駅,17.0,19.0,浦安市日の出1-3,4号棟,鉄筋コンクリート造、鉄骨鉄筋コンクリート造,11,N,1104号室,2LDK,91,11,203500,2600,2か月,"['近居割', '近居割WIDE']",随時,https://www.ur-net.go.jp/chintai/kanto/chiba/30_4180_room.html?JKSS=000041104,<li>JR京葉線「新浦安」駅 徒歩12～14分 又はバス2分 徒歩1～3分</li><li>JR京葉線「市川塩浜」駅 徒歩40～42分</li><li>東京メトロ東西線「浦安」駅バス16分 徒歩1～3分</li>
chiba,shinurayasu,浦安マリナイースト２１フォーラム海風の街,206100,,,,,,,浦安市日の出1-3,4号棟,鉄筋コンクリート造、鉄骨鉄筋コンクリート造,11,N,1104号室,2LDK,91,11,203500,2600,2か月,"['近居割', '近居割WIDE']",随時,https://www.ur-net.go.jp/chintai/kanto/chiba/30_4180_room.html?JKSS=000041104,<li>JR京葉線「新浦安」駅 徒歩12～14分 又はバス2分 徒歩1～3分</li><li>JR京葉線「市川塩浜」駅 徒歩40～42分</li><li>東京メトロ東西線「浦安」駅バス16分 徒歩1～3分</li>
chiba,tsudanuma,前原西二丁目,44100,JR総武線「津田沼」駅,5.0,5.0,,,,船橋市前原西2-39-8,,鉄筋コンクリート造,5,N,507号室,1DK,30,6,39700,4400,2か月,['URライト（3年定借）'],随時,https://www.ur-net.go.jp/chintai/kanto/chiba/30_1760_room.html?JKSS=000008507,<li>JR総武線「津田沼」駅 徒歩5分</li>
chiba,tsudanuma,前原西二丁目,44100,,,,,,,船橋市前原西2-39-8,,鉄筋コンクリート造,5,N,507号室,1DK,30,6,39700,4400,2か月,['URライト（3年定借）'],随時,https://www.ur-net.go.jp/chintai/kanto/chiba/30_1760_room.html?JKSS=000008507,<li>JR総武線「津田沼」駅 徒歩5分</li>
chiba,kitanarashino,高根台（１７３～２８２号棟）,51600,京成松戸線「高根公団」駅,14.0,20.0,,,,船橋市高根台3-2ほか,259号棟,鉄筋コンクリート造,4,N,408号室,3K,45,4,48000,3600,2か月,"['近居割', '近居割WIDE']",随時,https://www.ur-net.go.jp/chintai/kanto/chiba/30_0830_room.html?JKSS=000259408,<li>京成松戸線「高根公団」駅 徒歩14～20分</li><li>京成松戸線「高根木戸」駅 徒歩13～19分</li><li>京成松戸線「北習志野」駅 徒歩12～20分</li><li>東葉高速線「北習志野」駅 徒歩12～20分</li><li>京成松戸線「滝不動」駅 徒歩21～25分</li>
chiba,kitanarashino,高根台（１７３～２８２号棟）,51600,京成松戸線「高根木戸」駅,13.0,19.0,,,,船橋市高根台3-2ほか,259号棟,鉄筋コンクリート造,4,N,408号室,3K,45,4,48000,3600,2か月,"['近居割', '近居割WIDE']",随時,https://www.ur-net.go.jp/chintai/kanto/chiba/30_0830_room.html?JKSS=000259408,<li>京成松戸線「高根公団」駅 徒歩14～20分</li><li>京成松戸線「高根木戸」駅 徒歩13～19分</li><li>京成松戸線「北習志野」駅 徒歩12～20分</li><li>東葉高速線「北習志野」駅 徒歩12～20分</li><li>京成松戸線「滝不動」駅 徒歩21～25分</li>
chiba,kitanarashino,高根台（１７３～２８２号棟）,51600,京成松戸線「北習志野」駅,12.0,20.0,,,,船橋市高根台3-2ほか,259号棟,鉄筋コンクリート造,4,N,408号室,3K,45,4,48000,3600,2か月,"['近居割', '近居割WIDE']",随時,https://www.ur-net.go.jp/chintai/kanto/chiba/30_0830_room.html?JKSS=000259408,<li>京成松戸線「高根公団」駅 徒歩14～20分</li><li>京成松戸線「高根木戸」駅 徒歩13～19分</li><li>京成松戸線「北習志野」駅 徒歩12～20分</li><li>東葉高速線「北習志野」駅 徒歩12～20分</li><li>京成松戸線「滝不動」駅 徒歩21～25分</li>
chiba,kitanarashino,高根台（１７３～２８２号棟）,51600,東葉高速線「北習志野」駅,12.0,20.0,,,,船橋市高根台3-2ほか,259号棟,鉄筋コンクリート造,4,N,408号室,3K,45,4,48000,3600,2か月,"['近居割', '近居割WIDE']",随時,https://www.ur-net.go.jp/chintai/kanto/chiba/30_0830_room.html?JKSS=000259408,<li>京成松戸線「高根公団」駅 徒歩14～20分</li><li>京成松戸線「高根木戸」駅 徒歩13～19分</li><li>京成松戸線「北習志野」駅 徒歩12～20分</li><li>東葉高速線「北習志野」駅 徒歩12～20分</li><li>京成松戸線「滝不動」駅 徒歩21～25分</li>
chiba,kitanarashino,高根台（１７３～２８２号棟）,51600,京成松戸線「滝不動」駅,21.0,25.0,,,,船橋市高根台3-2ほか,259号棟,鉄筋コンクリート造,4,N,408号室,3K,45,4,48000,3600,2か月,"['近居割', '近居割WIDE']",随時,https://www.ur-net.go.jp/chintai/kanto/chiba/30_0830_room.html?JKSS=000259408,<li>京成松戸線「高根公団」駅 徒歩14～20分</li><li>京成松戸線「高根木戸」駅 徒歩13～19分</li><li>京成松戸線「北習志野」駅 徒歩12～20分</li><li>東葉高速線「北習志野」駅 徒歩12～20分</li><li>京成松戸線「滝不動」駅 徒歩21～25分</li>
chiba,kitanarashino,高根台（１７３～２８２号棟）,51600,,,,,,,船橋市高根台3-2ほか,259号棟,鉄筋コンクリート造,4,N,408号室,3K,45,4,48000,3600,2か月,"['近居割', '近居割WIDE']",随時,https://www.ur-net.go.jp/chintai/kanto/chiba/30_0830_room.html?JKSS=000259408,<li>京成松戸線「高根公団」駅 徒歩14～20分</li><li>京成松戸線「高根木戸」駅 徒歩13～19分</li><li>京成松戸線「北習志野」駅 徒歩12～20分</li><li>東葉高速線「北習志野」駅 徒歩12～20分</li><li>京成松戸線「滝不動」駅 徒歩21～25分</li>
chiba,kitanarashino,習志野台,67050,京成松戸線「北習志野」駅,9.0,18.0,,,,船橋市習志野台3-5ほか,7-3号棟,鉄筋コンクリート造,4,N,406号室,3DK,50,5,64600,2450,2か月,"['近居割', '近居割WIDE']",随時,https://www.ur-net.go.jp/chintai/kanto/chiba/30_1510_room.html?JKSS=000703406,<li>京成松戸線「北習志野」駅 徒歩9～18分</li><li>東葉高速線「北習志野」駅 徒歩9～15分</li><li>東葉高速線「船橋日大前」駅 徒歩14～24分</li><li>京成松戸線「習志野」駅 徒歩15～26分</li>
chiba,kitanarashino,習志野台,67050,東葉高速線「北習志野」駅,9.0,15.0,,,,船橋市習志野台3-5ほか,7-3号棟,鉄筋コンクリート造,4,N,406号室,3DK,50,5,64600,2450,2か月,"['近居割', '近居割WIDE']",随時,https://www.ur-net.go.jp/chintai/kanto/chiba/30_1510_room.html?JKSS=000703406,<li>京成松戸線「北習志野」駅 徒歩9～18分</li><li>東葉高速線「北習志野」駅 徒歩9～15分</li><li>東葉高速線「船橋日大前」駅 徒歩14～24分</li><li>京成松戸線「習志野」駅 徒歩15～26分</li>
chiba,kitanarashino,習志野台,67050,東葉高速線「船橋日大前」駅,14.0,24.0,,,,船橋市習志野台3-5ほか,7-3号棟,鉄筋コンクリート造,4,N,406号室,3DK,50,5,64600,2450,2か月,"['近居割', '近居割WIDE']",随時,https://www.ur-net.go.jp/chintai/kanto/chiba/30_1510_room.html?JKSS=000703406,<li>京成松戸線「北習志野」駅 徒歩9～18分</li><li>東葉高速線「北習志野」駅 徒歩9～15分</li><li>東葉高速線「船橋日大前」駅 徒歩14～24分</li><li>京成松戸線「習志野」駅 徒歩15～26分</li>
chiba,kitanarashino,習志野台,67050,京成松戸線「習志野」駅,15.0,26.0,,,,船橋市習志野台3-5ほか,7-3号棟,鉄筋コンクリート造,4,N,406号室,3DK,50,5,64600,2450,2か月,"['近居割', '近居割WIDE']",随時,https://www.ur-net.go.jp/chintai/kanto/chiba/30_1510_room.html?JKSS=000703406,<li>京成松戸線「北習志野」駅 徒歩9～18分</li><li>東葉高速線「北習志野」駅 徒歩9～15分</li><li>東葉高速線「船橋日大前」駅 徒歩14～24分</li><li>京成松戸線「習志野」駅 徒歩15～26分</li>
chiba,kitanarashino,習志野台,67050,,,,,,,船橋市習志野台3-5ほか,7-3号棟,鉄筋コンクリート造,4,N,406号室,3DK,50,5,64600,2450,2か月,"['近居割', '近居割WIDE']",随時,https://www.ur-net.go.jp/chintai/kanto/chiba/30_1510_room.html?JKSS=000703406,<li>京成松戸線「北習志野」駅 徒歩9～18分</li><li>東葉高速線「北習志野」駅 徒歩9～15分</li><li>東葉高速線「船橋日大前」駅 徒歩14～24分</li><li>京成松戸線「習志野」駅 徒歩15～26分</li>
chiba,kitanarashino,アートヒル高根台,121800,京成松戸線「高根公団」駅,3.0,10.0,,,,船橋市高根台1-1ほか,4号棟,鉄筋コンクリート造,4,N,401号室,3DK,65,6,115300,6500,2か月,"['近居割', '近居割WIDE']",随時,https://www.ur-net.go.jp/chintai/kanto/chiba/30_5951_room.html?JKSS=000040401,<li>京成松戸線「高根公団」駅 徒歩3～10分</li><li>京成松戸線「滝不動」駅 徒歩12～19分</li><li>京成松戸線「高根木戸」駅 徒歩11～19分</li>
chiba,kitanarashino,アートヒル高根台,121800,京成松戸線「滝不動」駅,12.0,19.0,,,,船橋市高根台1-1ほか,4号棟,鉄筋コンクリート造,4,N,401号室,3DK,65,6,115300,6500,2か月,"['近居割', '近居割WIDE']",随時,https://www.ur-net.go.jp/chintai/kanto/chiba/30_5951_room.html?JKSS=000040401,<li>京成松戸線「高根公団」駅 徒歩3～10分</li><li>京成松戸線「滝不動」駅 徒歩12～19分</li><li>京成松戸線「高根木戸」駅 徒歩11～19分</li>
chiba,kitanarashino,アートヒル高根台,121800,京成松戸線「高根木戸」駅,11.0,19.0,,,,船橋市高根台1-1ほか,4号棟,鉄筋コンクリート造,4,N,401号室,3DK,65,6,115300,6500,2か月,"['近居割', '近居割WIDE']",随時,https://www.ur-net.go.jp/chintai/kanto/chiba/30_5951_room.html?JKSS=000040401,<li>京成松戸線「高根公団」駅 徒歩3～10分</li><li>京成松戸線「滝不動」駅 徒歩12～19分</li><li>京成松戸線「高根木戸」駅 徒歩11～19分</li>
chiba,kitanarashino,アートヒル高根台,121800,,,,,,,船橋市高根台1-1ほか,4号棟,鉄筋コンクリート造,4,N,401号室,3DK,65,6,115300,6500,2か月,"['近居割', '近居割WIDE']",随時,https://www.ur-net.go.jp/chintai/kanto/chiba/30_5951_room.html?JKSS=000040401,<li>京成松戸線「高根公団」駅 徒歩3～10分</li><li>京成松戸線「滝不動」駅 徒歩12～19分</li><li>京成松戸線「高根木戸」駅 徒歩11～19分</li>
chiba,shinurayasu,ハイタウン塩浜,91700,,,,東京メトロ東西線「南行徳」駅,6.0,11.0,市川市塩浜4-2ほか,8号棟,鉄筋コンクリート造、鉄骨鉄筋コンクリート造,2,N,211号室,2DK,50,14,88500,3200,2か月,"['近居割', '近居割WIDE']",随時,https://www.ur-net.go.jp/chintai/kanto/chiba/30_3360_room.html?JKSS=000080211,<li>東京メトロ東西線「南行徳」駅バス5分 徒歩1～6分</li><li>東京メトロ東西線「浦安」駅 徒歩28～33分</li><li>JR京葉線「新浦安」駅バス8分 徒歩1～6分</li>
chiba,shinurayasu,ハイタウン塩浜,91700,東京メトロ東西線「浦安」駅,28.0,33.0,,,,市川市塩浜4-2ほか,8号棟,鉄筋コンクリート造、鉄骨鉄筋コンクリート造,2,N,211号室,2DK,50,14,88500,3200,2か月,"['近居割', '近居割WIDE']",随時,https://www.ur-net.go.jp/chintai/kanto/chiba/30_3360_room.html?JKSS=000080211,<li>東京メトロ東西線「南行徳」駅バス5分 徒歩1～6分</li><li>東京メトロ東西線「浦安」駅 徒歩28～33分</li><li>JR京葉線「新浦安」駅バス8分 徒歩1～6分</li>
chiba,shinurayasu,ハイタウン塩浜,91700,,,,JR京葉線「新浦安」駅,9.0,14.0,市川市塩浜4-2ほか,8号棟,鉄筋コンクリート造、鉄骨鉄筋コンクリート造,2,N,211号室,2DK,50,14,88500,3200,2か月,"['近居割', '近居割WIDE']",随時,https://www.ur-net.go.jp/chintai/kanto/chiba/30_3360_room.html?JKSS=000080211,<li>東京メトロ東西線「南行徳」駅バス5分 徒歩1～6分</li><li>東京メトロ東西線「浦安」駅 徒歩28～33分</li><li>JR京葉線「新浦安」駅バス8分 徒歩1～6分</li>
chiba,shinurayasu,ハイタウン塩浜,91700,,,,,,,市川市塩浜4-2ほか,8号棟,鉄筋コンクリート造、鉄骨鉄筋コンクリート造,2,N,211号室,2DK,50,14,88500,3200,2か月,"['近居割', '近居割WIDE']",随時,https://www.ur-net.go.jp/chintai/kanto/chiba/30_3360_room.html?JKSS=000080211,<li>東京メトロ東西線「南行徳」駅バス5分 徒歩1～6分</li><li>東京メトロ東西線「浦安」駅 徒歩28～33分</li><li>JR京葉線「新浦安」駅バス8分 徒歩1～6分</li>
chiba,yurinokidaipc,米本,36600,,,,東葉高速鉄道「八千代中央」駅,19.0,26.0,八千代市米本1359,4-31号棟,鉄筋コンクリート造,4,N,404号室,2DK,39,5,33400,3200,2か月,['近居割WIDE'],随時,https://www.ur-net.go.jp/chintai/kanto/chiba/30_1950_room.html?JKSS=004031404,<li>東葉高速鉄道「八千代中央」駅バス17分 徒歩2～9分</li><li>東葉高速鉄道「東葉勝田台」駅バス20分 徒歩2～9分</li><li>京成本線「勝田台」駅バス20分 徒歩2～9分</li>
chiba,yurinokidaipc,米本,36600,,,,東葉高速鉄道「東葉勝田台」駅,22.0,29.0,八千代市米本1359,4-31号棟,鉄筋コンクリート造,4,N,404号室,2DK,39,5,33400,3200,2か月,['近居割WIDE'],随時,https://www.ur-net.go.jp/chintai/kanto/chiba/30_1950_room.html?JKSS=004031404,<li>東葉高速鉄道「八千代中央」駅バス17分 徒歩2～9分</li><li>東葉高速鉄道「東葉勝田台」駅バス20分 徒歩2～9分</li><li>京成本線「勝田台」駅バス20分 徒歩2～9分</li>
chiba,yurinokidaipc,米本,36600,,,,京成本線「勝田台」駅,22.0,29.0,八千代市米本1359,4-31号棟,鉄筋コンクリート造,4,N,404号室,2DK,39,5,33400,3200,2か月,['近居割WIDE'],随時,https://www.ur-net.go.jp/chintai/kanto/chiba/30_1950_room.html?JKSS=004031404,<li>東葉高速鉄道「八千代中央」駅バス17分 徒歩2～9分</li><li>東葉高速鉄道「東葉勝田台」駅バス20分 徒歩2～9分</li><li>京成本線「勝田台」駅バス20分 徒歩2～9分</li>
chiba,yurinokidaipc,米本,36600,,,,,,,八千代市米本1359,4-31号棟,鉄筋コンクリート造,4,N,404号室,2DK,39,5,33400,3200,2か月,['近居割WIDE'],随時,https://www.ur-net.go.jp/chintai/kanto/chiba/30_1950_room.html?JKSS=004031404,<li>東葉高速鉄道「八千代中央」駅バス17分 徒歩2～9分</li><li>東葉高速鉄道「東葉勝田台」駅バス20分 徒歩2～9分</li><li>京成本線「勝田台」駅バス20分 徒歩2～9分</li>
chiba,yurinokidaipc,米本,40300,,,,東葉高速鉄道「八千代中央」駅,19.0,26.0,八千代市米本1359,3-17号棟,鉄筋コンクリート造,3,N,313号室,2DK,41,5,37100,3200,2か月,['近居割WIDE'],随時,https://www.ur-net.go.jp/chintai/kanto/chiba/30_1950_room.html?JKSS=003017313,<li>東葉高速鉄道「八千代中央」駅バス17分 徒歩2～9分</li><li>東葉高速鉄道「東葉勝田台」駅バス20分 徒歩2～9分</li><li>京成本線「勝田台」駅バス20分 徒歩2～9分</li>
chiba,yurinokidaipc,米本,40300,,,,東葉高速鉄道「東葉勝田台」駅,22.0,29.0,八千代市米本1359,3-17号棟,鉄筋コンクリート造,3,N,313号室,2DK,41,5,37100,3200,2か月,['近居割WIDE'],随時,https://www.ur-net.go.jp/chintai/kanto/chiba/30_1950_room.html?JKSS=003017313,<li>東葉高速鉄道「八千代中央」駅バス17分 徒歩2～9分</li><li>東葉高速鉄道「東葉勝田台」駅バス20分 徒歩2～9分</li><li>京成本線「勝田台」駅バス20分 徒歩2～9分</li>
chiba,yurinokidaipc,米本,40300,,,,京成本線「勝田台」駅,22.0,29.0,八千代市米本1359,3-17号棟,鉄筋コンクリート造,3,N,313号室,2DK,41,5,37100,3200,2か月,['近居割WIDE'],随時,https://www.ur-net.go.jp/chintai/kanto/chiba/30_1950_room.html?JKSS=003017313,<li>東葉高速鉄道「八千代中央」駅バス17分 徒歩2～9分</li><li>東葉高速鉄道「東葉勝田台」駅バス20分 徒歩2～9分</li><li>京成本線「勝田台」駅バス20分 徒歩2～9分</li>
chiba,yurinokidaipc,米本,40300,,,,,,,八千代市米本1359,3-17号棟,鉄筋コンクリート造,3,N,313号室,2DK,41,5,37100,3200,2か月,['近居割WIDE'],随時,https://www.ur-net.go.jp/chintai/kanto/chiba/30_1950_room.html?JKSS=003017313,<li>東葉高速鉄道「八千代中央」駅バス17分 徒歩2～9分</li><li>東葉高速鉄道「東葉勝田台」駅バス20分 徒歩2～9分</li><li>京成本線「勝田台」駅バス20分 徒歩2～9分</li>
chiba,yurinokidaipc,米本,40300,,,,東葉高速鉄道「八千代中央」駅,19.0,26.0,八千代市米本1359,3-34号棟,鉄筋コンクリート造,4,N,405号室,3K,45,5,37100,3200,2か月,['近居割WIDE'],随時,https://www.ur-net.go.jp/chintai/kanto/chiba/30_1950_room.html?JKSS=003034405,<li>東葉高速鉄道「八千代中央」駅バス17分 徒歩2～9分</li><li>東葉高速鉄道「東葉勝田台」駅バス20分 徒歩2～9分</li><li>京成本線「勝田台」駅バス20分 徒歩2～9分</li>
chiba,yurinokidaipc,米本,40300,,,,東葉高速鉄道「東葉勝田台」駅,22.0,29.0,八千代市米本1359,3-34号棟,鉄筋コンクリート造,4,N,405号室,3K,45,5,37100,3200,2か月,['近居割WIDE'],随時,https://www.ur-net.go.jp/chintai/kanto/chiba/30_1950_room.html?JKSS=003034405,<li>東葉高速鉄道「八千代中央」駅バス17分 徒歩2～9分</li><li>東葉高速鉄道「東葉勝田台」駅バス20分 徒歩2～9分</li><li>京成本線「勝田台」駅バス20分 徒歩2～9分</li>
chiba,yurinokidaipc,米本,40300,,,,京成本線「勝田台」駅,22.0,29.0,八千代市米本1359,3-34号棟,鉄筋コンクリート造,4,N,405号室,3K,45,5,37100,3200,2か月,['近居割WIDE'],随時,https://www.ur-net.go.jp/chintai/kanto/chiba/30_1950_room.html?JKSS=003034405,<li>東葉高速鉄道「八千代中央」駅バス17分 徒歩2～9分</li><li>東葉高速鉄道「東葉勝田台」駅バス20分 徒歩2～9分</li><li>京成本線「勝田台」駅バス20分 徒歩2～9分</li>
chiba,yurinokidaipc,米本,40300,,,,,,,八千代市米本1359,3-34号棟,鉄筋コンクリート造,4,N,405号室,3K,45,5,37100,3200,2か月,['近居割WIDE'],随時,https://www.ur-net.go.jp/chintai/kanto/chiba/30_1950_room.html?JKSS=003034405,<li>東葉高速鉄道「八千代中央」駅バス17分 徒歩2～9分</li><li>東葉高速鉄道「東葉勝田台」駅バス20分 徒歩2～9分</li><li>京成本線「勝田台」駅バス20分 徒歩2～9分</li>
chiba,yurinokidaipc,村上,48300,東葉高速線「村上」駅,8.0,17.0,,,,八千代市村上1113-1,2-15号棟,鉄筋コンクリート造、鉄骨鉄筋コンクリート造,2,N,217号室,1DK,35,11,45900,2400,2か月,"['近居割', '近居割WIDE']",随時,https://www.ur-net.go.jp/chintai/kanto/chiba/30_2730_room.html?JKSS=002150217,<li>東葉高速線「村上」駅 徒歩8～17分</li><li>京成本線「勝田台」駅バス6～10分 徒歩1～6分</li><li>東葉高速線「東葉勝田台」駅バス6～10分 徒歩1～6分</li>
chiba,yurinokidaipc,村上,48300,,,,京成本線「勝田台」駅,7.0,16.0,八千代市村上1113-1,2-15号棟,鉄筋コンクリート造、鉄骨鉄筋コンクリート造,2,N,217号室,1DK,35,11,45900,2400,2か月,"['近居割', '近居割WIDE']",随時,https://www.ur-net.go.jp/chintai/kanto/chiba/30_2730_room.html?JKSS=002150217,<li>東葉高速線「村上」駅 徒歩8～17分</li><li>京成本線「勝田台」駅バス6～10分 徒歩1～6分</li><li>東葉高速線「東葉勝田台」駅バス6～10分 徒歩1～6分</li>
chiba,yurinokidaipc,村上,48300,,,,東葉高速線「東葉勝田台」駅,7.0,16.0,八千代市村上1113-1,2-15号棟,鉄筋コンクリート造、鉄骨鉄筋コンクリート造,2,N,217号室,1DK,35,11,45900,2400,2か月,"['近居割', '近居割WIDE']",随時,https://www.ur-net.go.jp/chintai/kanto/chiba/30_2730_room.html?JKSS=002150217,<li>東葉高速線「村上」駅 徒歩8～17分</li><li>京成本線「勝田台」駅バス6～10分 徒歩1～6分</li><li>東葉高速線「東葉勝田台」駅バス6～10分 徒歩1～6分</li>
chiba,yurinokidaipc,村上,48300,,,,,,,八千代市村上1113-1,2-15号棟,鉄筋コンクリート造、鉄骨鉄筋コンクリート造,2,N,217号室,1DK,35,11,45900,2400,2か月,"['近居割', '近居割WIDE']",随時,https://www.ur-net.go.jp/chintai/kanto/chiba/30_2730_room.html?JKSS=002150217,<li>東葉高速線「村上」駅 徒歩8～17分</li><li>京成本線「勝田台」駅バス6～10分 徒歩1～6分</li><li>東葉高速線「東葉勝田台」駅バス6～10分 徒歩1～6分</li>
chiba,kitanarashino,グリーンタウン八千代緑が丘（高津（第２次））,102850,東葉高速鉄道「八千代緑が丘」駅,20.0,22.0,,,,八千代市高津934-1ほか,2-30号棟,鉄筋コンクリート造,4,N,401号室,4LDK,87,5,99900,2950,2か月,['フリレ１か月'],随時,https://www.ur-net.go.jp/chintai/kanto/chiba/30_2212_room.html?JKSS=002030401,<li>東葉高速鉄道「八千代緑が丘」駅 徒歩20～22分</li><li>東葉高速鉄道「八千代中央」駅 徒歩32～33分</li><li>京成本線「八千代台」駅バス7分 徒歩4分</li>
chiba,kitanarashino,グリーンタウン八千代緑が丘（高津（第２次））,102850,東葉高速鉄道「八千代中央」駅,32.0,33.0,,,,八千代市高津934-1ほか,2-30号棟,鉄筋コンクリート造,4,N,401号室,4LDK,87,5,99900,2950,2か月,['フリレ１か月'],随時,https://www.ur-net.go.jp/chintai/kanto/chiba/30_2212_room.html?JKSS=002030401,<li>東葉高速鉄道「八千代緑が丘」駅 徒歩20～22分</li><li>東葉高速鉄道「八千代中央」駅 徒歩32～33分</li><li>京成本線「八千代台」駅バス7分 徒歩4分</li>
chiba,kitanarashino,グリーンタウン八千代緑が丘（高津（第２次））,102850,,,,京成本線「八千代台」駅,11.0,11.0,八千代市高津934-1ほか,2-30号棟,鉄筋コンクリート造,4,N,401号室,4LDK,87,5,99900,2950,2か月,['フリレ１か月'],随時,https://www.ur-net.go.jp/chintai/kanto/chiba/30_2212_room.html?JKSS=002030401,<li>東葉高速鉄道「八千代緑が丘」駅 徒歩20～22分</li><li>東葉高速鉄道「八千代中央」駅 徒歩32～33分</li><li>京成本線「八千代台」駅バス7分 徒歩4分</li>
chiba,kitanarashino,グリーンタウン八千代緑が丘（高津（第２次））,102850,,,,,,,八千代市高津934-1ほか,2-30号棟,鉄筋コンクリート造,4,N,401号室,4LDK,87,5,99900,2950,2か月,['フリレ１か月'],随時,https://www.ur-net.go.jp/chintai/kanto/chiba/30_2212_room.html?JKSS=002030401,<li>東葉高速鉄道「八千代緑が丘」駅 徒歩20～22分</li><li>東葉高速鉄道「八千代中央」駅 徒歩32～33分</li><li>京成本線「八千代台」駅バス7分 徒歩4分</li>
chiba,kashiwa,北柏ライフタウン松葉町一丁目,95500,,,,JR常磐線「北柏」駅,8.0,9.0,柏市松葉町1-12,12-25号棟,鉄筋コンクリート造,4,N,405号室,3LDK,95,5,90100,5400,2か月,['近居割'],随時,https://www.ur-net.go.jp/chintai/kanto/chiba/30_3540_room.html?JKSS=012250405,<li>JR常磐線「北柏」駅バス4分 徒歩4～5分</li><li>JR常磐線「我孫子」駅 徒歩48～49分</li><li>つくばエクスプレス「柏の葉キャンパス」駅バス9分 徒歩14～15分</li>
chiba,kashiwa,北柏ライフタウン松葉町一丁目,95500,JR常磐線「我孫子」駅,48.0,49.0,,,,柏市松葉町1-12,12-25号棟,鉄筋コンクリート造,4,N,405号室,3LDK,95,5,90100,5400,2か月,['近居割'],随時,https://www.ur-net.go.jp/chintai/kanto/chiba/30_3540_room.html?JKSS=012250405,<li>JR常磐線「北柏」駅バス4分 徒歩4～5分</li><li>JR常磐線「我孫子」駅 徒歩48～49分</li><li>つくばエクスプレス「柏の葉キャンパス」駅バス9分 徒歩14～15分</li>
chiba,kashiwa,北柏ライフタウン松葉町一丁目,95500,,,,つくばエクスプレス「柏の葉キャンパス」駅,23.0,24.0,柏市松葉町1-12,12-25号棟,鉄筋コンクリート造,4,N,405号室,3LDK,95,5,90100,5400,2か月,['近居割'],随時,https://www.ur-net.go.jp/chintai/kanto/chiba/30_3540_room.html?JKSS=012250405,<li>JR常磐線「北柏」駅バス4分 徒歩4～5分</li><li>JR常磐線「我孫子」駅 徒歩48～49分</li><li>つくばエクスプレス「柏の葉キャンパス」駅バス9分 徒歩14～15分</li>
chiba,kashiwa,北柏ライフタウン松葉町一丁目,95500,,,,,,,柏市松葉町1-12,12-25号棟,鉄筋コンクリート造,4,N,405号室,3LDK,95,5,90100,5400,2か月,['近居割'],随時,https://www.ur-net.go.jp/chintai/kanto/chiba/30_3540_room.html?JKSS=012250405,<li>JR常磐線「北柏」駅バス4分 徒歩4～5分</li><li>JR常磐線「我孫子」駅 徒歩48～49分</li><li>つくばエクスプレス「柏の葉キャンパス」駅バス9分 徒歩14～15分</li>
chiba,kashiwa,北柏ライフタウン松葉町一丁目,97200,,,,JR常磐線「北柏」駅,8.0,9.0,柏市松葉町1-12,12-6号棟,鉄筋コンクリート造,3,N,302号室,3LDK,95,5,91800,5400,2か月,['近居割'],随時,https://www.ur-net.go.jp/chintai/kanto/chiba/30_3540_room.html?JKSS=012060302,<li>JR常磐線「北柏」駅バス4分 徒歩4～5分</li><li>JR常磐線「我孫子」駅 徒歩48～49分</li><li>つくばエクスプレス「柏の葉キャンパス」駅バス9分 徒歩14～15分</li>
chiba,kashiwa,北柏ライフタウン松葉町一丁目,97200,JR常磐線「我孫子」駅,48.0,49.0,,,,柏市松葉町1-12,12-6号棟,鉄筋コンクリート造,3,N,302号室,3LDK,95,5,91800,5400,2か月,['近居割'],随時,https://www.ur-net.go.jp/chintai/kanto/chiba/30_3540_room.html?JKSS=012060302,<li>JR常磐線「北柏」駅バス4分 徒歩4～5分</li><li>JR常磐線「我孫子」駅 徒歩48～49分</li><li>つくばエクスプレス「柏の葉キャンパス」駅バス9分 徒歩14～15分</li>
chiba,kashiwa,北柏ライフタウン松葉町一丁目,97200,,,,つくばエクスプレス「柏の葉キャンパス」駅,23.0,24.0,柏市松葉町1-12,12-6号棟,鉄筋コンクリート造,3,N,302号室,3LDK,95,5,91800,5400,2か月,['近居割'],随時,https://www.ur-net.go.jp/chintai/kanto/chiba/30_3540_room.html?JKSS=012060302,<li>JR常磐線「北柏」駅バス4分 徒歩4～5分</li><li>JR常磐線「我孫子」駅 徒歩48～49分</li><li>つくばエクスプレス「柏の葉キャンパス」駅バス9分 徒歩14～15分</li>
chiba,kashiwa,北柏ライフタウン松葉町一丁目,97200,,,,,,,柏市松葉町1-12,12-6号棟,鉄筋コンクリート造,3,N,302号室,3LDK,95,5,91800,5400,2か月,['近居割'],随時,https://www.ur-net.go.jp/chintai/kanto/chiba/30_3540_room.html?JKSS=012060302,<li>JR常磐線「北柏」駅バス4分 徒歩4～5分</li><li>JR常磐線「我孫子」駅 徒歩48～49分</li><li>つくばエクスプレス「柏の葉キャンパス」駅バス9分 徒歩14～15分</li>
chiba,kashiwa,北柏ライフタウン松葉町一丁目,100100,,,,JR常磐線「北柏」駅,8.0,9.0,柏市松葉町1-12,12-25号棟,鉄筋コンクリート造,3,N,301号室,3LDK,95,5,94700,5400,2か月,['近居割'],随時,https://www.ur-net.go.jp/chintai/kanto/chiba/30_3540_room.html?JKSS=012250301,<li>JR常磐線「北柏」駅バス4分 徒歩4～5分</li><li>JR常磐線「我孫子」駅 徒歩48～49分</li><li>つくばエクスプレス「柏の葉キャンパス」駅バス9分 徒歩14～15分</li>
chiba,kashiwa,北柏ライフタウン松葉町一丁目,100100,JR常磐線「我孫子」駅,48.0,49.0,,,,柏市松葉町1-12,12-25号棟,鉄筋コンクリート造,3,N,301号室,3LDK,95,5,94700,5400,2か月,['近居割'],随時,https://www.ur-net.go.jp/chintai/kanto/chiba/30_3540_room.html?JKSS=012250301,<li>JR常磐線「北柏」駅バス4分 徒歩4～5分</li><li>JR常磐線「我孫子」駅 徒歩48～49分</li><li>つくばエクスプレス「柏の葉キャンパス」駅バス9分 徒歩14～15分</li>
chiba,kashiwa,北柏ライフタウン松葉町一丁目,100100,,,,つくばエクスプレス「柏の葉キャンパス」駅,23.0,24.0,柏市松葉町1-12,12-25号棟,鉄筋コンクリート造,3,N,301号室,3LDK,95,5,94700,5400,2か月,['近居割'],随時,https://www.ur-net.go.jp/chintai/kanto/chiba/30_3540_room.html?JKSS=012250301,<li>JR常磐線「北柏」駅バス4分 徒歩4～5分</li><li>JR常磐線「我孫子」駅 徒歩48～49分</li><li>つくばエクスプレス「柏の葉キャンパス」駅バス9分 徒歩14～15分</li>
chiba,kashiwa,北柏ライフタウン松葉町一丁目,100100,,,,,,,柏市松葉町1-12,12-25号棟,鉄筋コンクリート造,3,N,301号室,3LDK,95,5,94700,5400,2か月,['近居割'],随時,https://www.ur-net.go.jp/chintai/kanto/chiba/30_3540_room.html?JKSS=012250301,<li>JR常磐線「北柏」駅バス4分 徒歩4～5分</li><li>JR常磐線「我孫子」駅 徒歩48～49分</li><li>つくばエクスプレス「柏の葉キャンパス」駅バス9分 徒歩14～15分</li>
chiba,kashiwa,グリーンタウン光ヶ丘,101300,,,,JR常磐線「南柏」駅,7.0,9.0,柏市光ヶ丘団地3ほか,3号棟,鉄筋コンクリート造,3,N,305号室,2LDK,65,7,96700,4600,2か月,['近居割'],随時,https://www.ur-net.go.jp/chintai/kanto/chiba/30_5300_room.html?JKSS=000030305,<li>JR常磐線「南柏」駅バス5分 徒歩2～4分</li><li>東武野田線「増尾」駅 徒歩27～33分</li><li>東武野田線「新柏」駅 徒歩22～24分</li>
chiba,kashiwa,グリーンタウン光ヶ丘,101300,東武野田線「増尾」駅,27.0,33.0,,,,柏市光ヶ丘団地3ほか,3号棟,鉄筋コンクリート造,3,N,305号室,2LDK,65,7,96700,4600,2か月,['近居割'],随時,https://www.ur-net.go.jp/chintai/kanto/chiba/30_5300_room.html?JKSS=000030305,<li>JR常磐線「南柏」駅バス5分 徒歩2～4分</li><li>東武野田線「増尾」駅 徒歩27～33分</li><li>東武野田線「新柏」駅 徒歩22～24分</li>
chiba,kashiwa,グリーンタウン光ヶ丘,101300,東武野田線「新柏」駅,22.0,24.0,,,,柏市光ヶ丘団地3ほか,3号棟,鉄筋コンクリート造,3,N,305号室,2LDK,65,7,96700,4600,2か月,['近居割'],随時,https://www.ur-net.go.jp/chintai/kanto/chiba/30_5300_room.html?JKSS=000030305,<li>JR常磐線「南柏」駅バス5分 徒歩2～4分</li><li>東武野田線「増尾」駅 徒歩27～33分</li><li>東武野田線「新柏」駅 徒歩22～24分</li>
chiba,kashiwa,グリーンタウン光ヶ丘,101300,,,,,,,柏市光ヶ丘団地3ほか,3号棟,鉄筋コンクリート造,3,N,305号室,2LDK,65,7,96700,4600,2か月,['近居割'],随時,https://www.ur-net.go.jp/chintai/kanto/chiba/30_5300_room.html?JKSS=000030305,<li>JR常磐線「南柏」駅バス5分 徒歩2～4分</li><li>東武野田線「増尾」駅 徒歩27～33分</li><li>東武野田線「新柏」駅 徒歩22～24分</li>
chiba,kashiwa,湖北台,40500,JR成田線「湖北」駅,12.0,22.0,,,,我孫子市湖北台7,75号棟,鉄筋コンクリート造,5,N,502号室,2DK,45,5,36900,3600,2か月,['近居割'],随時,https://www.ur-net.go.jp/chintai/kanto/chiba/30_1910_room.html?JKSS=007075502,<li>JR成田線「湖北」駅 徒歩12～22分</li><li>JR常磐線「天王台」駅バス9分 徒歩1分</li><li>JR成田線「東我孫子」駅 徒歩28～39分</li>
chiba,kashiwa,湖北台,40500,,,,JR常磐線「天王台」駅,10.0,10.0,我孫子市湖北台7,75号棟,鉄筋コンクリート造,5,N,502号室,2DK,45,5,36900,3600,2か月,['近居割'],随時,https://www.ur-net.go.jp/chintai/kanto/chiba/30_1910_room.html?JKSS=007075502,<li>JR成田線「湖北」駅 徒歩12～22分</li><li>JR常磐線「天王台」駅バス9分 徒歩1分</li><li>JR成田線「東我孫子」駅 徒歩28～39分</li>
chiba,kashiwa,湖北台,40500,JR成田線「東我孫子」駅,28.0,39.0,,,,我孫子市湖北台7,75号棟,鉄筋コンクリート造,5,N,502号室,2DK,45,5,36900,3600,2か月,['近居割'],随時,https://www.ur-net.go.jp/chintai/kanto/chiba/30_1910_room.html?JKSS=007075502,<li>JR成田線「湖北」駅 徒歩12～22分</li><li>JR常磐線「天王台」駅バス9分 徒歩1分</li><li>JR成田線「東我孫子」駅 徒歩28～39分</li>
chiba,kashiwa,湖北台,40500,,,,,,,我孫子市湖北台7,75号棟,鉄筋コンクリート造,5,N,502号室,2DK,45,5,36900,3600,2か月,['近居割'],随時,https://www.ur-net.go.jp/chintai/kanto/chiba/30_1910_room.html?JKSS=007075502,<li>JR成田線「湖北」駅 徒歩12～22分</li><li>JR常磐線「天王台」駅バス9分 徒歩1分</li><li>JR成田線「東我孫子」駅 徒歩28～39分</li>
chiba,kashiwa,湖北台,40500,JR成田線「湖北」駅,12.0,22.0,,,,我孫子市湖北台7,82号棟,鉄筋コンクリート造,5,N,507号室,2DK,45,5,36900,3600,2か月,['近居割'],随時,https://www.ur-net.go.jp/chintai/kanto/chiba/30_1910_room.html?JKSS=007082507,<li>JR成田線「湖北」駅 徒歩12～22分</li><li>JR常磐線「天王台」駅バス9分 徒歩1分</li><li>JR成田線「東我孫子」駅 徒歩28～39分</li>
chiba,kashiwa,湖北台,40500,,,,JR常磐線「天王台」駅,10.0,10.0,我孫子市湖北台7,82号棟,鉄筋コンクリート造,5,N,507号室,2DK,45,5,36900,3600,2か月,['近居割'],随時,https://www.ur-net.go.jp/chintai/kanto/chiba/30_1910_room.html?JKSS=007082507,<li>JR成田線「湖北」駅 徒歩12～22分</li><li>JR常磐線「天王台」駅バス9分 徒歩1分</li><li>JR成田線「東我孫子」駅 徒歩28～39分</li>
chiba,kashiwa,湖北台,40500,JR成田線「東我孫子」駅,28.0,39.0,,,,我孫子市湖北台7,82号棟,鉄筋コンクリート造,5,N,507号室,2DK,45,5,36900,3600,2か月,['近居割'],随時,https://www.ur-net.go.jp/chintai/kanto/chiba/30_1910_room.html?JKSS=007082507,<li>JR成田線「湖北」駅 徒歩12～22分</li><li>JR常磐線「天王台」駅バス9分 徒歩1分</li><li>JR成田線「東我孫子」駅 徒歩28～39分</li>
chiba,kashiwa,湖北台,40500,,,,,,,我孫子市湖北台7,82号棟,鉄筋コンクリート造,5,N,507号室,2DK,45,5,36900,3600,2か月,['近居割'],随時,https://www.ur-net.go.jp/chintai/kanto/chiba/30_1910_room.html?JKSS=007082507,<li>JR成田線「湖北」駅 徒歩12～22分</li><li>JR常磐線「天王台」駅バス9分 徒歩1分</li><li>JR成田線「東我孫子」駅 徒歩28～39分</li>
chiba,chibant,千葉ニュータウングリーンプラザ滝野,74900,北総鉄道「印西牧の原」駅,14.0,17.0,,,,印西市滝野3-7,4号棟,鉄筋コンクリート造,1,N,104号室,1LDK,56,5,69800,5100,2か月,"['近居割', '近居割WIDE']",随時,https://www.ur-net.go.jp/chintai/kanto/chiba/30_5650_room.html?JKSS=000040104,<li>北総鉄道「印西牧の原」駅 徒歩14～17分</li><li>北総鉄道「千葉ニュータウン中央」駅 徒歩70分</li><li>北総鉄道「印旛日本医大」駅 徒歩54～56分</li>
chiba,chibant,千葉ニュータウングリーンプラザ滝野,74900,北総鉄道「千葉ニュータウン中央」駅,70.0,70.0,,,,印西市滝野3-7,4号棟,鉄筋コンクリート造,1,N,104号室,1LDK,56,5,69800,5100,2か月,"['近居割', '近居割WIDE']",随時,https://www.ur-net.go.jp/chintai/kanto/chiba/30_5650_room.html?JKSS=000040104,<li>北総鉄道「印西牧の原」駅 徒歩14～17分</li><li>北総鉄道「千葉ニュータウン中央」駅 徒歩70分</li><li>北総鉄道「印旛日本医大」駅 徒歩54～56分</li>
chiba,chibant,千葉ニュータウングリーンプラザ滝野,74900,北総鉄道「印旛日本医大」駅,54.0,56.0,,,,印西市滝野3-7,4号棟,鉄筋コンクリート造,1,N,104号室,1LDK,56,5,69800,5100,2か月,"['近居割', '近居割WIDE']",随時,https://www.ur-net.go.jp/chintai/kanto/chiba/30_5650_room.html?JKSS=000040104,<li>北総鉄道「印西牧の原」駅 徒歩14～17分</li><li>北総鉄道「千葉ニュータウン中央」駅 徒歩70分</li><li>北総鉄道「印旛日本医大」駅 徒歩54～56分</li>
chiba,chibant,千葉ニュータウングリーンプラザ滝野,74900,,,,,,,印西市滝野3-7,4号棟,鉄筋コンクリート造,1,N,104号室,1LDK,56,5,69800,5100,2か月,"['近居割', '近居割WIDE']",随時,https://www.ur-net.go.jp/chintai/kanto/chiba/30_5650_room.html?JKSS=000040104,<li>北総鉄道「印西牧の原」駅 徒歩14～17分</li><li>北総鉄道「千葉ニュータウン中央」駅 徒歩70分</li><li>北総鉄道「印旛日本医大」駅 徒歩54～56分</li>
chiba,chibant,千葉ニュータウン原山,83400,,,,北総鉄道「千葉ニュータウン中央」駅,6.0,10.0,印西市原山3-8,3-8-19号棟,鉄筋コンクリート造,1,N,102号室,3LDK,72,5,78000,5400,2か月,"['近居割', '近居割WIDE']",随時,https://www.ur-net.go.jp/chintai/kanto/chiba/30_4050_room.html?JKSS=308190102,<li>北総鉄道「千葉ニュータウン中央」駅バス5分 徒歩1～5分</li><li>北総鉄道「印西牧の原」駅バス10～13分 徒歩1～4分</li><li>JR成田線「木下」駅バス11～12分 徒歩2～6分</li>
chiba,chibant,千葉ニュータウン原山,83400,,,,北総鉄道「印西牧の原」駅,11.0,17.0,印西市原山3-8,3-8-19号棟,鉄筋コンクリート造,1,N,102号室,3LDK,72,5,78000,5400,2か月,"['近居割', '近居割WIDE']",随時,https://www.ur-net.go.jp/chintai/kanto/chiba/30_4050_room.html?JKSS=308190102,<li>北総鉄道「千葉ニュータウン中央」駅バス5分 徒歩1～5分</li><li>北総鉄道「印西牧の原」駅バス10～13分 徒歩1～4分</li><li>JR成田線「木下」駅バス11～12分 徒歩2～6分</li>
chiba,chibant,千葉ニュータウン原山,83400,,,,JR成田線「木下」駅,13.0,18.0,印西市原山3-8,3-8-19号棟,鉄筋コンクリート造,1,N,102号室,3LDK,72,5,78000,5400,2か月,"['近居割', '近居割WIDE']",随時,https://www.ur-net.go.jp/chintai/kanto/chiba/30_4050_room.html?JKSS=308190102,<li>北総鉄道「千葉ニュータウン中央」駅バス5分 徒歩1～5分</li><li>北総鉄道「印西牧の原」駅バス10～13分 徒歩1～4分</li><li>JR成田線「木下」駅バス11～12分 徒歩2～6分</li>
chiba,chibant,千葉ニュータウン原山,83400,,,,,,,印西市原山3-8,3-8-19号棟,鉄筋コンクリート造,1,N,102号室,3LDK,72,5,78000,5400,2か月,"['近居割', '近居割WIDE']",随時,https://www.ur-net.go.jp/chintai/kanto/chiba/30_4050_room.html?JKSS=308190102,<li>北総鉄道「千葉ニュータウン中央」駅バス5分 徒歩1～5分</li><li>北総鉄道「印西牧の原」駅バス10～13分 徒歩1～4分</li><li>JR成田線「木下」駅バス11～12分 徒歩2～6分</li>
chiba,chibant,千葉ニュータウン原山,88600,,,,北総鉄道「千葉ニュータウン中央」駅,6.0,10.0,印西市原山3-8,3-8-12号棟,鉄筋コンクリート造,4,N,402号室,4LDK,109,5,83200,5400,2か月,"['近居割', '近居割WIDE']",随時,https://www.ur-net.go.jp/chintai/kanto/chiba/30_4050_room.html?JKSS=308120402,<li>北総鉄道「千葉ニュータウン中央」駅バス5分 徒歩1～5分</li><li>北総鉄道「印西牧の原」駅バス10～13分 徒歩1～4分</li><li>JR成田線「木下」駅バス11～12分 徒歩2～6分</li>
chiba,chibant,千葉ニュータウン原山,88600,,,,北総鉄道「印西牧の原」駅,11.0,17.0,印西市原山3-8,3-8-12号棟,鉄筋コンクリート造,4,N,402号室,4LDK,109,5,83200,5400,2か月,"['近居割', '近居割WIDE']",随時,https://www.ur-net.go.jp/chintai/kanto/chiba/30_4050_room.html?JKSS=308120402,<li>北総鉄道「千葉ニュータウン中央」駅バス5分 徒歩1～5分</li><li>北総鉄道「印西牧の原」駅バス10～13分 徒歩1～4分</li><li>JR成田線「木下」駅バス11～12分 徒歩2～6分</li>
chiba,chibant,千葉ニュータウン原山,88600,,,,JR成田線「木下」駅,13.0,18.0,印西市原山3-8,3-8-12号棟,鉄筋コンクリート造,4,N,402号室,4LDK,109,5,83200,5400,2か月,"['近居割', '近居割WIDE']",随時,https://www.ur-net.go.jp/chintai/kanto/chiba/30_4050_room.html?JKSS=308120402,<li>北総鉄道「千葉ニュータウン中央」駅バス5分 徒歩1～5分</li><li>北総鉄道「印西牧の原」駅バス10～13分 徒歩1～4分</li><li>JR成田線「木下」駅バス11～12分 徒歩2～6分</li>
chiba,chibant,千葉ニュータウン原山,88600,,,,,,,印西市原山3-8,3-8-12号棟,鉄筋コンクリート造,4,N,402号室,4LDK,109,5,83200,5400,2か月,"['近居割', '近居割WIDE']",随時,https://www.ur-net.go.jp/chintai/kanto/chiba/30_4050_room.html?JKSS=308120402,<li>北総鉄道「千葉ニュータウン中央」駅バス5分 徒歩1～5分</li><li>北総鉄道「印西牧の原」駅バス10～13分 徒歩1～4分</li><li>JR成田線「木下」駅バス11～12分 徒歩2～6分</li>
chiba,chibant,千葉ニュータウンアバンドーネ原４番街,118650,北総鉄道「印西牧の原」駅,8.0,16.0,,,,印西市原4-4,6号棟,プレキャストコンクリート造,2,N,206号室,4LDK,93,5,113200,5450,2か月,"['近居割', '近居割WIDE']",随時,https://www.ur-net.go.jp/chintai/kanto/chiba/30_5430_room.html?JKSS=000060206,<li>北総鉄道「印西牧の原」駅 徒歩8～16分</li><li>成田スカイアクセス「印旛日本医大」駅 徒歩54～61分</li><li>北総鉄道「千葉ニュータウン中央」駅 徒歩54～57分</li>
chiba,chibant,千葉ニュータウンアバンドーネ原４番街,118650,成田スカイアクセス「印旛日本医大」駅,54.0,61.0,,,,印西市原4-4,6号棟,プレキャストコンクリート造,2,N,206号室,4LDK,93,5,113200,5450,2か月,"['近居割', '近居割WIDE']",随時,https://www.ur-net.go.jp/chintai/kanto/chiba/30_5430_room.html?JKSS=000060206,<li>北総鉄道「印西牧の原」駅 徒歩8～16分</li><li>成田スカイアクセス「印旛日本医大」駅 徒歩54～61分</li><li>北総鉄道「千葉ニュータウン中央」駅 徒歩54～57分</li>
chiba,chibant,千葉ニュータウンアバンドーネ原４番街,118650,北総鉄道「千葉ニュータウン中央」駅,54.0,57.0,,,,印西市原4-4,6号棟,プレキャストコンクリート造,2,N,206号室,4LDK,93,5,113200,5450,2か月,"['近居割', '近居割WIDE']",随時,https://www.ur-net.go.jp/chintai/kanto/chiba/30_5430_room.html?JKSS=000060206,<li>北総鉄道「印西牧の原」駅 徒歩8～16分</li><li>成田スカイアクセス「印旛日本医大」駅 徒歩54～61分</li><li>北総鉄道「千葉ニュータウン中央」駅 徒歩54～57分</li>
chiba,chibant,千葉ニュータウンアバンドーネ原４番街,118650,,,,,,,印西市原4-4,6号棟,プレキャストコンクリート造,2,N,206号室,4LDK,93,5,113200,5450,2か月,"['近居割', '近居割WIDE']",随時,https://www.ur-net.go.jp/chintai/kanto/chiba/30_5430_room.html?JKSS=000060206,<li>北総鉄道「印西牧の原」駅 徒歩8～16分</li><li>成田スカイアクセス「印旛日本医大」駅 徒歩54～61分</li><li>北総鉄道「千葉ニュータウン中央」駅 徒歩54～57分</li>
chiba,chibant,千葉ニュータウンプラザ西白井２番街,103220,北総鉄道「西白井」駅,4.0,8.0,,,,白井市けやき台2-2,5号棟,鉄筋コンクリート造,5,N,502号室,3LDK,77,5,100900,2320,2か月,"['近居割', '近居割WIDE']",随時,https://www.ur-net.go.jp/chintai/kanto/chiba/30_5260_room.html?JKSS=000050502,<li>北総鉄道「西白井」駅 徒歩4～8分</li><li>北総鉄道「白井」駅 徒歩30～34分</li><li>東武野田線「新鎌ヶ谷」駅 徒歩44～47分</li>
chiba,chibant,千葉ニュータウンプラザ西白井２番街,103220,北総鉄道「白井」駅,30.0,34.0,,,,白井市けやき台2-2,5号棟,鉄筋コンクリート造,5,N,502号室,3LDK,77,5,100900,2320,2か月,"['近居割', '近居割WIDE']",随時,https://www.ur-net.go.jp/chintai/kanto/chiba/30_5260_room.html?JKSS=000050502,<li>北総鉄道「西白井」駅 徒歩4～8分</li><li>北総鉄道「白井」駅 徒歩30～34分</li><li>東武野田線「新鎌ヶ谷」駅 徒歩44～47分</li>
chiba,chibant,千葉ニュータウンプラザ西白井２番街,103220,東武野田線「新鎌ヶ谷」駅,44.0,47.0,,,,白井市けやき台2-2,5号棟,鉄筋コンクリート造,5,N,502号室,3LDK,77,5,100900,2320,2か月,"['近居割', '近居割WIDE']",随時,https://www.ur-net.go.jp/chintai/kanto/chiba/30_5260_room.html?JKSS=000050502,<li>北総鉄道「西白井」駅 徒歩4～8分</li><li>北総鉄道「白井」駅 徒歩30～34分</li><li>東武野田線「新鎌ヶ谷」駅 徒歩44～47分</li>
chiba,chibant,千葉ニュータウンプラザ西白井２番街,103220,,,,,,,白井市けやき台2-2,5号棟,鉄筋コンクリート造,5,N,502号室,3LDK,77,5,100900,2320,2か月,"['近居割', '近居割WIDE']",随時,https://www.ur-net.go.jp/chintai/kanto/chiba/30_5260_room.html?JKSS=000050502,<li>北総鉄道「西白井」駅 徒歩4～8分</li><li>北総鉄道「白井」駅 徒歩30～34分</li><li>東武野田線「新鎌ヶ谷」駅 徒歩44～47分</li>
chiba,chibant,千葉ニュータウンプラザ西白井２番街,105720,北総鉄道「西白井」駅,4.0,8.0,,,,白井市けやき台2-2,5号棟,鉄筋コンクリート造,3,N,302号室,3LDK,77,5,103400,2320,2か月,"['近居割', '近居割WIDE']",随時,https://www.ur-net.go.jp/chintai/kanto/chiba/30_5260_room.html?JKSS=000050302,<li>北総鉄道「西白井」駅 徒歩4～8分</li><li>北総鉄道「白井」駅 徒歩30～34分</li><li>東武野田線「新鎌ヶ谷」駅 徒歩44～47分</li>
chiba,chibant,千葉ニュータウンプラザ西白井２番街,105720,北総鉄道「白井」駅,30.0,34.0,,,,白井市けやき台2-2,5号棟,鉄筋コンクリート造,3,N,302号室,3LDK,77,5,103400,2320,2か月,"['近居割', '近居割WIDE']",随時,https://www.ur-net.go.jp/chintai/kanto/chiba/30_5260_room.html?JKSS=000050302,<li>北総鉄道「西白井」駅 徒歩4～8分</li><li>北総鉄道「白井」駅 徒歩30～34分</li><li>東武野田線「新鎌ヶ谷」駅 徒歩44～47分</li>
chiba,chibant,千葉ニュータウンプラザ西白井２番街,105720,東武野田線「新鎌ヶ谷」駅,44.0,47.0,,,,白井市けやき台2-2,5号棟,鉄筋コンクリート造,3,N,302号室,3LDK,77,5,103400,2320,2か月,"['近居割', '近居割WIDE']",随時,https://www.ur-net.go.jp/chintai/kanto/chiba/30_5260_room.html?JKSS=000050302,<li>北総鉄道「西白井」駅 徒歩4～8分</li><li>北総鉄道「白井」駅 徒歩30～34分</li><li>東武野田線「新鎌ヶ谷」駅 徒歩44～47分</li>
chiba,chibant,千葉ニュータウンプラザ西白井２番街,105720,,,,,,,白井市けやき台2-2,5号棟,鉄筋コンクリート造,3,N,302号室,3LDK,77,5,103400,2320,2か月,"['近居割', '近居割WIDE']",随時,https://www.ur-net.go.jp/chintai/kanto/chiba/30_5260_room.html?JKSS=000050302,<li>北総鉄道「西白井」駅 徒歩4～8分</li><li>北総鉄道「白井」駅 徒歩30～34分</li><li>東武野田線「新鎌ヶ谷」駅 徒歩44～47分</li>
chiba,naritant,成田ニュータウン吾妻南,38100,,,,JR成田線「成田」駅,6.0,10.0,成田市吾妻2-1,2-1-4号棟,鉄筋コンクリート造,5,N,501号室,1K,24,5,35800,2300,2か月,['近居割'],随時,https://www.ur-net.go.jp/chintai/kanto/chiba/30_3240_room.html?JKSS=201040501,<li>JR成田線「成田」駅バス5分 徒歩1～5分</li><li>成田スカイアクセス線「成田湯川」駅バス7分 徒歩1～5分</li><li>京成本線「京成成田」駅バス16分 徒歩2～5分</li>
chiba,naritant,成田ニュータウン吾妻南,38100,,,,成田スカイアクセス線「成田湯川」駅,8.0,12.0,成田市吾妻2-1,2-1-4号棟,鉄筋コンクリート造,5,N,501号室,1K,24,5,35800,2300,2か月,['近居割'],随時,https://www.ur-net.go.jp/chintai/kanto/chiba/30_3240_room.html?JKSS=201040501,<li>JR成田線「成田」駅バス5分 徒歩1～5分</li><li>成田スカイアクセス線「成田湯川」駅バス7分 徒歩1～5分</li><li>京成本線「京成成田」駅バス16分 徒歩2～5分</li>
chiba,naritant,成田ニュータウン吾妻南,38100,,,,京成本線「京成成田」駅,18.0,21.0,成田市吾妻2-1,2-1-4号棟,鉄筋コンクリート造,5,N,501号室,1K,24,5,35800,2300,2か月,['近居割'],随時,https://www.ur-net.go.jp/chintai/kanto/chiba/30_3240_room.html?JKSS=201040501,<li>JR成田線「成田」駅バス5分 徒歩1～5分</li><li>成田スカイアクセス線「成田湯川」駅バス7分 徒歩1～5分</li><li>京成本線「京成成田」駅バス16分 徒歩2～5分</li>
chiba,naritant,成田ニュータウン吾妻南,38100,,,,,,,成田市吾妻2-1,2-1-4号棟,鉄筋コンクリート造,5,N,501号室,1K,24,5,35800,2300,2か月,['近居割'],随時,https://www.ur-net.go.jp/chintai/kanto/chiba/30_3240_room.html?JKSS=201040501,<li>JR成田線「成田」駅バス5分 徒歩1～5分</li><li>成田スカイアクセス線「成田湯川」駅バス7分 徒歩1～5分</li><li>京成本線「京成成田」駅バス16分 徒歩2～5分</li>
chiba,naritant,成田ニュータウン橋賀台,58700,,,,JR成田線「成田」駅,9.0,15.0,成田市橋賀台1-1ほか,1-1-3号棟,鉄筋コンクリート造、鉄骨鉄筋コンクリート造,5,N,502号室,3K,50,5,54700,4000,2か月,['近居割'],随時,https://www.ur-net.go.jp/chintai/kanto/chiba/30_3030_room.html?JKSS=101030502,<li>JR成田線「成田」駅バス7分 徒歩2～8分</li><li>京成本線「公津の杜」駅 徒歩23～32分</li><li>京成本線「京成成田」駅バス10分 徒歩3～11分</li>
chiba,naritant,成田ニュータウン橋賀台,58700,京成本線「公津の杜」駅,23.0,32.0,,,,成田市橋賀台1-1ほか,1-1-3号棟,鉄筋コンクリート造、鉄骨鉄筋コンクリート造,5,N,502号室,3K,50,5,54700,4000,2か月,['近居割'],随時,https://www.ur-net.go.jp/chintai/kanto/chiba/30_3030_room.html?JKSS=101030502,<li>JR成田線「成田」駅バス7分 徒歩2～8分</li><li>京成本線「公津の杜」駅 徒歩23～32分</li><li>京成本線「京成成田」駅バス10分 徒歩3～11分</li>
chiba,naritant,成田ニュータウン橋賀台,58700,,,,京成本線「京成成田」駅,13.0,21.0,成田市橋賀台1-1ほか,1-1-3号棟,鉄筋コンクリート造、鉄骨鉄筋コンクリート造,5,N,502号室,3K,50,5,54700,4000,2か月,['近居割'],随時,https://www.ur-net.go.jp/chintai/kanto/chiba/30_3030_room.html?JKSS=101030502,<li>JR成田線「成田」駅バス7分 徒歩2～8分</li><li>京成本線「公津の杜」駅 徒歩23～32分</li><li>京成本線「京成成田」駅バス10分 徒歩3～11分</li>
chiba,naritant,成田ニュータウン橋賀台,58700,,,,,,,成田市橋賀台1-1ほか,1-1-3号棟,鉄筋コンクリート造、鉄骨鉄筋コンクリート造,5,N,502号室,3K,50,5,54700,4000,2か月,['近居割'],随時,https://www.ur-net.go.jp/chintai/kanto/chiba/30_3030_room.html?JKSS=101030502,<li>JR成田線「成田」駅バス7分 徒歩2～8分</li><li>京成本線「公津の杜」駅 徒歩23～32分</li><li>京成本線「京成成田」駅バス10分 徒歩3～11分</li>
chiba,naritant,成田ニュータウン加良部一丁目,92600,,,,JR成田線「成田」駅,4.0,6.0,成田市加良部1-7,7-5号棟,鉄筋コンクリート造,4,N,403号室,5DK,100,5,89300,3300,2か月,['近居割'],随時,https://www.ur-net.go.jp/chintai/kanto/chiba/30_3000_room.html?JKSS=007050403,<li>JR成田線「成田」駅バス3分 徒歩1～3分</li><li>成田スカイアクセス線「成田湯川」駅バス11分 徒歩1～3分</li>
chiba,naritant,成田ニュータウン加良部一丁目,92600,,,,成田スカイアクセス線「成田湯川」駅,12.0,14.0,成田市加良部1-7,7-5号棟,鉄筋コンクリート造,4,N,403号室,5DK,100,5,89300,3300,2か月,['近居割'],随時,https://www.ur-net.go.jp/chintai/kanto/chiba/30_3000_room.html?JKSS=007050403,<li>JR成田線「成田」駅バス3分 徒歩1～3分</li><li>成田スカイアクセス線「成田湯川」駅バス11分 徒歩1～3分</li>
chiba,naritant,成田ニュータウン加良部一丁目,92600,,,,,,,成田市加良部1-7,7-5号棟,鉄筋コンクリート造,4,N,403号室,5DK,100,5,89300,3300,2か月,['近居割'],随時,https://www.ur-net.go.jp/chintai/kanto/chiba/30_3000_room.html?JKSS=007050403,<li>JR成田線「成田」駅バス3分 徒歩1～3分</li><li>成田スカイアクセス線「成田湯川」駅バス11分 徒歩1～3分</li>
saitama,sengendai,せんげん台パークタウン三番街,91890,東武伊勢崎線「せんげん台」駅,10.0,13.0,,,,越谷市千間台西3-3,3-14号棟,鉄筋コンクリート造,5,N,502号室,3LDK,74,5,89400,2490,2か月,['近居割'],随時,https://www.ur-net.go.jp/chintai/kanto/saitama/50_2180_room.html?JKSS=003140502,<li>東武伊勢崎線「せんげん台」駅 徒歩10～13分</li><li>東武伊勢崎線「大袋」駅 徒歩25～27分</li><li>東武伊勢崎線「武里」駅 徒歩25～27分</li>
saitama,sengendai,せんげん台パークタウン三番街,91890,東武伊勢崎線「大袋」駅,25.0,27.0,,,,越谷市千間台西3-3,3-14号棟,鉄筋コンクリート造,5,N,502号室,3LDK,74,5,89400,2490,2か月,['近居割'],随時,https://www.ur-net.go.jp/chintai/kanto/saitama/50_2180_room.html?JKSS=003140502,<li>東武伊勢崎線「せんげん台」駅 徒歩10～13分</li><li>東武伊勢崎線「大袋」駅 徒歩25～27分</li><li>東武伊勢崎線「武里」駅 徒歩25～27分</li>
saitama,sengendai,せんげん台パークタウン三番街,91890,東武伊勢崎線「武里」駅,25.0,27.0,,,,越谷市千間台西3-3,3-14号棟,鉄筋コンクリート造,5,N,502号室,3LDK,74,5,89400,2490,2か月,['近居割'],随時,https://www.ur-net.go.jp/chintai/kanto/saitama/50_2180_room.html?JKSS=003140502,<li>東武伊勢崎線「せんげん台」駅 徒歩10～13分</li><li>東武伊勢崎線「大袋」駅 徒歩25～27分</li><li>東武伊勢崎線「武里」駅 徒歩25～27分</li>
saitama,sengendai,せんげん台パークタウン三番街,91890,,,,,,,越谷市千間台西3-3,3-14号棟,鉄筋コンクリート造,5,N,502号室,3LDK,74,5,89400,2490,2か月,['近居割'],随時,https://www.ur-net.go.jp/chintai/kanto/saitama/50_2180_room.html?JKSS=003140502,<li>東武伊勢崎線「せんげん台」駅 徒歩10～13分</li><li>東武伊勢崎線「大袋」駅 徒歩25～27分</li><li>東武伊勢崎線「武里」駅 徒歩25～27分</li>
saitama,sengendai,せんげん台パークタウン四番街,113510,東武伊勢崎線「せんげん台」駅,9.0,11.0,,,,越谷市千間台西3-4,4-3号棟,鉄筋コンクリート造,5,N,507号室,4LDK,106,5,110700,2810,2か月,['フリレ１か月'],随時,https://www.ur-net.go.jp/chintai/kanto/saitama/50_2070_room.html?JKSS=004030507,<li>東武伊勢崎線「せんげん台」駅 徒歩9～11分</li><li>東武伊勢崎線「大袋」駅 徒歩24～27分</li><li>東武伊勢崎線「武里」駅 徒歩25～27分</li>
saitama,sengendai,せんげん台パークタウン四番街,113510,東武伊勢崎線「大袋」駅,24.0,27.0,,,,越谷市千間台西3-4,4-3号棟,鉄筋コンクリート造,5,N,507号室,4LDK,106,5,110700,2810,2か月,['フリレ１か月'],随時,https://www.ur-net.go.jp/chintai/kanto/saitama/50_2070_room.html?JKSS=004030507,<li>東武伊勢崎線「せんげん台」駅 徒歩9～11分</li><li>東武伊勢崎線「大袋」駅 徒歩24～27分</li><li>東武伊勢崎線「武里」駅 徒歩25～27分</li>
saitama,sengendai,せんげん台パークタウン四番街,113510,東武伊勢崎線「武里」駅,25.0,27.0,,,,越谷市千間台西3-4,4-3号棟,鉄筋コンクリート造,5,N,507号室,4LDK,106,5,110700,2810,2か月,['フリレ１か月'],随時,https://www.ur-net.go.jp/chintai/kanto/saitama/50_2070_room.html?JKSS=004030507,<li>東武伊勢崎線「せんげん台」駅 徒歩9～11分</li><li>東武伊勢崎線「大袋」駅 徒歩24～27分</li><li>東武伊勢崎線「武里」駅 徒歩25～27分</li>
saitama,sengendai,せんげん台パークタウン四番街,113510,,,,,,,越谷市千間台西3-4,4-3号棟,鉄筋コンクリート造,5,N,507号室,4LDK,106,5,110700,2810,2か月,['フリレ１か月'],随時,https://www.ur-net.go.jp/chintai/kanto/saitama/50_2070_room.html?JKSS=004030507,<li>東武伊勢崎線「せんげん台」駅 徒歩9～11分</li><li>東武伊勢崎線「大袋」駅 徒歩24～27分</li><li>東武伊勢崎線「武里」駅 徒歩25～27分</li>
saitama,shinkoshigaya,コンフォール草加,111000,東武伊勢崎線「草加」駅,8.0,11.0,,,,草加市中央2-5ほか,8号棟,鉄筋コンクリート造,3,N,310号室,1LDK,50,8,107400,3600,2か月,"['近居割', '近居割WIDE']",随時,https://www.ur-net.go.jp/chintai/kanto/saitama/50_3910_room.html?JKSS=000080310,<li>東武伊勢崎線「草加」駅 徒歩8～11分</li><li>東武伊勢崎線「谷塚」駅 徒歩26～29分</li><li>東武伊勢崎線「獨協大学前」駅 徒歩27～30分</li>
saitama,shinkoshigaya,コンフォール草加,111000,東武伊勢崎線「谷塚」駅,26.0,29.0,,,,草加市中央2-5ほか,8号棟,鉄筋コンクリート造,3,N,310号室,1LDK,50,8,107400,3600,2か月,"['近居割', '近居割WIDE']",随時,https://www.ur-net.go.jp/chintai/kanto/saitama/50_3910_room.html?JKSS=000080310,<li>東武伊勢崎線「草加」駅 徒歩8～11分</li><li>東武伊勢崎線「谷塚」駅 徒歩26～29分</li><li>東武伊勢崎線「獨協大学前」駅 徒歩27～30分</li>
saitama,shinkoshigaya,コンフォール草加,111000,東武伊勢崎線「獨協大学前」駅,27.0,30.0,,,,草加市中央2-5ほか,8号棟,鉄筋コンクリート造,3,N,310号室,1LDK,50,8,107400,3600,2か月,"['近居割', '近居割WIDE']",随時,https://www.ur-net.go.jp/chintai/kanto/saitama/50_3910_room.html?JKSS=000080310,<li>東武伊勢崎線「草加」駅 徒歩8～11分</li><li>東武伊勢崎線「谷塚」駅 徒歩26～29分</li><li>東武伊勢崎線「獨協大学前」駅 徒歩27～30分</li>
saitama,shinkoshigaya,コンフォール草加,111000,,,,,,,草加市中央2-5ほか,8号棟,鉄筋コンクリート造,3,N,310号室,1LDK,50,8,107400,3600,2か月,"['近居割', '近居割WIDE']",随時,https://www.ur-net.go.jp/chintai/kanto/saitama/50_3910_room.html?JKSS=000080310,<li>東武伊勢崎線「草加」駅 徒歩8～11分</li><li>東武伊勢崎線「谷塚」駅 徒歩26～29分</li><li>東武伊勢崎線「獨協大学前」駅 徒歩27～30分</li>
saitama,sengendai,わし宮,41900,東武伊勢崎線「鷲宮」駅,14.0,20.0,,,,久喜市上内478,1-17号棟,鉄筋コンクリート造,5,N,501号室,2DK,45,5,38000,3900,2か月,['近居割WIDE'],2026年9月8日以降,https://www.ur-net.go.jp/chintai/kanto/saitama/50_1430_room.html?JKSS=000117501,<li>東武伊勢崎線「鷲宮」駅 徒歩14～20分</li><li>JR東北本線「東鷲宮」駅 徒歩22～33分</li><li>JR東北本線「久喜」駅 徒歩41～47分</li>
saitama,sengendai,わし宮,41900,JR東北本線「東鷲宮」駅,22.0,33.0,,,,久喜市上内478,1-17号棟,鉄筋コンクリート造,5,N,501号室,2DK,45,5,38000,3900,2か月,['近居割WIDE'],2026年9月8日以降,https://www.ur-net.go.jp/chintai/kanto/saitama/50_1430_room.html?JKSS=000117501,<li>東武伊勢崎線「鷲宮」駅 徒歩14～20分</li><li>JR東北本線「東鷲宮」駅 徒歩22～33分</li><li>JR東北本線「久喜」駅 徒歩41～47分</li>
saitama,sengendai,わし宮,41900,JR東北本線「久喜」駅,41.0,47.0,,,,久喜市上内478,1-17号棟,鉄筋コンクリート造,5,N,501号室,2DK,45,5,38000,3900,2か月,['近居割WIDE'],2026年9月8日以降,https://www.ur-net.go.jp/chintai/kanto/saitama/50_1430_room.html?JKSS=000117501,<li>東武伊勢崎線「鷲宮」駅 徒歩14～20分</li><li>JR東北本線「東鷲宮」駅 徒歩22～33分</li><li>JR東北本線「久喜」駅 徒歩41～47分</li>
saitama,sengendai,わし宮,41900,,,,,,,久喜市上内478,1-17号棟,鉄筋コンクリート造,5,N,501号室,2DK,45,5,38000,3900,2か月,['近居割WIDE'],2026年9月8日以降,https://www.ur-net.go.jp/chintai/kanto/saitama/50_1430_room.html?JKSS=000117501,<li>東武伊勢崎線「鷲宮」駅 徒歩14～20分</li><li>JR東北本線「東鷲宮」駅 徒歩22～33分</li><li>JR東北本線「久喜」駅 徒歩41～47分</li>
saitama,sengendai,わし宮,43900,東武伊勢崎線「鷲宮」駅,14.0,20.0,,,,久喜市上内478,1-7号棟,鉄筋コンクリート造,5,N,501号室,2LDK,48,5,40000,3900,2か月,['近居割WIDE'],2026年9月10日以降,https://www.ur-net.go.jp/chintai/kanto/saitama/50_1430_room.html?JKSS=000107501,<li>東武伊勢崎線「鷲宮」駅 徒歩14～20分</li><li>JR東北本線「東鷲宮」駅 徒歩22～33分</li><li>JR東北本線「久喜」駅 徒歩41～47分</li>
saitama,sengendai,わし宮,43900,JR東北本線「東鷲宮」駅,22.0,33.0,,,,久喜市上内478,1-7号棟,鉄筋コンクリート造,5,N,501号室,2LDK,48,5,40000,3900,2か月,['近居割WIDE'],2026年9月10日以降,https://www.ur-net.go.jp/chintai/kanto/saitama/50_1430_room.html?JKSS=000107501,<li>東武伊勢崎線「鷲宮」駅 徒歩14～20分</li><li>JR東北本線「東鷲宮」駅 徒歩22～33分</li><li>JR東北本線「久喜」駅 徒歩41～47分</li>
saitama,sengendai,わし宮,43900,JR東北本線「久喜」駅,41.0,47.0,,,,久喜市上内478,1-7号棟,鉄筋コンクリート造,5,N,501号室,2LDK,48,5,40000,3900,2か月,['近居割WIDE'],2026年9月10日以降,https://www.ur-net.go.jp/chintai/kanto/saitama/50_1430_room.html?JKSS=000107501,<li>東武伊勢崎線「鷲宮」駅 徒歩14～20分</li><li>JR東北本線「東鷲宮」駅 徒歩22～33分</li><li>JR東北本線「久喜」駅 徒歩41～47分</li>
saitama,sengendai,わし宮,43900,,,,,,,久喜市上内478,1-7号棟,鉄筋コンクリート造,5,N,501号室,2LDK,48,5,40000,3900,2か月,['近居割WIDE'],2026年9月10日以降,https://www.ur-net.go.jp/chintai/kanto/saitama/50_1430_room.html?JKSS=000107501,<li>東武伊勢崎線「鷲宮」駅 徒歩14～20分</li><li>JR東北本線「東鷲宮」駅 徒歩22～33分</li><li>JR東北本線「久喜」駅 徒歩41～47分</li>
saitama,sengendai,わし宮,43900,東武伊勢崎線「鷲宮」駅,14.0,20.0,,,,久喜市上内478,2-9号棟,鉄筋コンクリート造,5,N,505号室,2LDK,48,5,40000,3900,2か月,['近居割WIDE'],随時,https://www.ur-net.go.jp/chintai/kanto/saitama/50_1430_room.html?JKSS=000209505,<li>東武伊勢崎線「鷲宮」駅 徒歩14～20分</li><li>JR東北本線「東鷲宮」駅 徒歩22～33分</li><li>JR東北本線「久喜」駅 徒歩41～47分</li>
saitama,sengendai,わし宮,43900,JR東北本線「東鷲宮」駅,22.0,33.0,,,,久喜市上内478,2-9号棟,鉄筋コンクリート造,5,N,505号室,2LDK,48,5,40000,3900,2か月,['近居割WIDE'],随時,https://www.ur-net.go.jp/chintai/kanto/saitama/50_1430_room.html?JKSS=000209505,<li>東武伊勢崎線「鷲宮」駅 徒歩14～20分</li><li>JR東北本線「東鷲宮」駅 徒歩22～33分</li><li>JR東北本線「久喜」駅 徒歩41～47分</li>
saitama,sengendai,わし宮,43900,JR東北本線「久喜」駅,41.0,47.0,,,,久喜市上内478,2-9号棟,鉄筋コンクリート造,5,N,505号室,2LDK,48,5,40000,3900,2か月,['近居割WIDE'],随時,https://www.ur-net.go.jp/chintai/kanto/saitama/50_1430_room.html?JKSS=000209505,<li>東武伊勢崎線「鷲宮」駅 徒歩14～20分</li><li>JR東北本線「東鷲宮」駅 徒歩22～33分</li><li>JR東北本線「久喜」駅 徒歩41～47分</li>
saitama,sengendai,わし宮,43900,,,,,,,久喜市上内478,2-9号棟,鉄筋コンクリート造,5,N,505号室,2LDK,48,5,40000,3900,2か月,['近居割WIDE'],随時,https://www.ur-net.go.jp/chintai/kanto/saitama/50_1430_room.html?JKSS=000209505,<li>東武伊勢崎線「鷲宮」駅 徒歩14～20分</li><li>JR東北本線「東鷲宮」駅 徒歩22～33分</li><li>JR東北本線「久喜」駅 徒歩41～47分</li>
saitama,sengendai,わし宮,44100,東武伊勢崎線「鷲宮」駅,14.0,20.0,,,,久喜市上内478,2-10号棟,鉄筋コンクリート造,5,N,506号室,2LDK,48,5,40200,3900,2か月,['近居割WIDE'],随時,https://www.ur-net.go.jp/chintai/kanto/saitama/50_1430_room.html?JKSS=000210506,<li>東武伊勢崎線「鷲宮」駅 徒歩14～20分</li><li>JR東北本線「東鷲宮」駅 徒歩22～33分</li><li>JR東北本線「久喜」駅 徒歩41～47分</li>
saitama,sengendai,わし宮,44100,JR東北本線「東鷲宮」駅,22.0,33.0,,,,久喜市上内478,2-10号棟,鉄筋コンクリート造,5,N,506号室,2LDK,48,5,40200,3900,2か月,['近居割WIDE'],随時,https://www.ur-net.go.jp/chintai/kanto/saitama/50_1430_room.html?JKSS=000210506,<li>東武伊勢崎線「鷲宮」駅 徒歩14～20分</li><li>JR東北本線「東鷲宮」駅 徒歩22～33分</li><li>JR東北本線「久喜」駅 徒歩41～47分</li>
saitama,sengendai,わし宮,44100,JR東北本線「久喜」駅,41.0,47.0,,,,久喜市上内478,2-10号棟,鉄筋コンクリート造,5,N,506号室,2LDK,48,5,40200,3900,2か月,['近居割WIDE'],随時,https://www.ur-net.go.jp/chintai/kanto/saitama/50_1430_room.html?JKSS=000210506,<li>東武伊勢崎線「鷲宮」駅 徒歩14～20分</li><li>JR東北本線「東鷲宮」駅 徒歩22～33分</li><li>JR東北本線「久喜」駅 徒歩41～47分</li>
saitama,sengendai,わし宮,44100,,,,,,,久喜市上内478,2-10号棟,鉄筋コンクリート造,5,N,506号室,2LDK,48,5,40200,3900,2か月,['近居割WIDE'],随時,https://www.ur-net.go.jp/chintai/kanto/saitama/50_1430_room.html?JKSS=000210506,<li>東武伊勢崎線「鷲宮」駅 徒歩14～20分</li><li>JR東北本線「東鷲宮」駅 徒歩22～33分</li><li>JR東北本線「久喜」駅 徒歩41～47分</li>
saitama,sengendai,わし宮,46800,東武伊勢崎線「鷲宮」駅,14.0,20.0,,,,久喜市上内478,2-28号棟,鉄筋コンクリート造,5,N,506号室,3DK,52,5,42900,3900,2か月,['近居割WIDE'],随時,https://www.ur-net.go.jp/chintai/kanto/saitama/50_1430_room.html?JKSS=000228506,<li>東武伊勢崎線「鷲宮」駅 徒歩14～20分</li><li>JR東北本線「東鷲宮」駅 徒歩22～33分</li><li>JR東北本線「久喜」駅 徒歩41～47分</li>
saitama,sengendai,わし宮,46800,JR東北本線「東鷲宮」駅,22.0,33.0,,,,久喜市上内478,2-28号棟,鉄筋コンクリート造,5,N,506号室,3DK,52,5,42900,3900,2か月,['近居割WIDE'],随時,https://www.ur-net.go.jp/chintai/kanto/saitama/50_1430_room.html?JKSS=000228506,<li>東武伊勢崎線「鷲宮」駅 徒歩14～20分</li><li>JR東北本線「東鷲宮」駅 徒歩22～33分</li><li>JR東北本線「久喜」駅 徒歩41～47分</li>
saitama,sengendai,わし宮,46800,JR東北本線「久喜」駅,41.0,47.0,,,,久喜市上内478,2-28号棟,鉄筋コンクリート造,5,N,506号室,3DK,52,5,42900,3900,2か月,['近居割WIDE'],随時,https://www.ur-net.go.jp/chintai/kanto/saitama/50_1430_room.html?JKSS=000228506,<li>東武伊勢崎線「鷲宮」駅 徒歩14～20分</li><li>JR東北本線「東鷲宮」駅 徒歩22～33分</li><li>JR東北本線「久喜」駅 徒歩41～47分</li>
saitama,sengendai,わし宮,46800,,,,,,,久喜市上内478,2-28号棟,鉄筋コンクリート造,5,N,506号室,3DK,52,5,42900,3900,2か月,['近居割WIDE'],随時,https://www.ur-net.go.jp/chintai/kanto/saitama/50_1430_room.html?JKSS=000228506,<li>東武伊勢崎線「鷲宮」駅 徒歩14～20分</li><li>JR東北本線「東鷲宮」駅 徒歩22～33分</li><li>JR東北本線「久喜」駅 徒歩41～47分</li>
saitama,sengendai,久喜青葉,46600,,,,湘南新宿ライン「久喜」駅,8.0,17.0,久喜市青葉1,1-10号棟,鉄筋コンクリート造,5,N,502号室,2LDK,50,5,43500,3100,2か月,['近居割'],2026年9月10日以降,https://www.ur-net.go.jp/chintai/kanto/saitama/50_1640_room.html?JKSS=001100502,<li>湘南新宿ライン「久喜」駅バス7～10分 徒歩1～7分</li><li>東武伊勢崎線「久喜」駅バス7～10分 徒歩1～7分</li><li>東武日光線「幸手」駅 徒歩25～35分</li>
saitama,sengendai,久喜青葉,46600,,,,東武伊勢崎線「久喜」駅,8.0,17.0,久喜市青葉1,1-10号棟,鉄筋コンクリート造,5,N,502号室,2LDK,50,5,43500,3100,2か月,['近居割'],2026年9月10日以降,https://www.ur-net.go.jp/chintai/kanto/saitama/50_1640_room.html?JKSS=001100502,<li>湘南新宿ライン「久喜」駅バス7～10分 徒歩1～7分</li><li>東武伊勢崎線「久喜」駅バス7～10分 徒歩1～7分</li><li>東武日光線「幸手」駅 徒歩25～35分</li>
saitama,sengendai,久喜青葉,46600,東武日光線「幸手」駅,25.0,35.0,,,,久喜市青葉1,1-10号棟,鉄筋コンクリート造,5,N,502号室,2LDK,50,5,43500,3100,2か月,['近居割'],2026年9月10日以降,https://www.ur-net.go.jp/chintai/kanto/saitama/50_1640_room.html?JKSS=001100502,<li>湘南新宿ライン「久喜」駅バス7～10分 徒歩1～7分</li><li>東武伊勢崎線「久喜」駅バス7～10分 徒歩1～7分</li><li>東武日光線「幸手」駅 徒歩25～35分</li>
saitama,sengendai,久喜青葉,46600,,,,,,,久喜市青葉1,1-10号棟,鉄筋コンクリート造,5,N,502号室,2LDK,50,5,43500,3100,2か月,['近居割'],2026年9月10日以降,https://www.ur-net.go.jp/chintai/kanto/saitama/50_1640_room.html?JKSS=001100502,<li>湘南新宿ライン「久喜」駅バス7～10分 徒歩1～7分</li><li>東武伊勢崎線「久喜」駅バス7～10分 徒歩1～7分</li><li>東武日光線「幸手」駅 徒歩25～35分</li>
saitama,sengendai,久喜青葉,46600,,,,湘南新宿ライン「久喜」駅,8.0,17.0,久喜市青葉1,2-1号棟,鉄筋コンクリート造,5,N,503号室,2LDK,50,5,43500,3100,2か月,['近居割'],随時,https://www.ur-net.go.jp/chintai/kanto/saitama/50_1640_room.html?JKSS=002010503,<li>湘南新宿ライン「久喜」駅バス7～10分 徒歩1～7分</li><li>東武伊勢崎線「久喜」駅バス7～10分 徒歩1～7分</li><li>東武日光線「幸手」駅 徒歩25～35分</li>
saitama,sengendai,久喜青葉,46600,,,,東武伊勢崎線「久喜」駅,8.0,17.0,久喜市青葉1,2-1号棟,鉄筋コンクリート造,5,N,503号室,2LDK,50,5,43500,3100,2か月,['近居割'],随時,https://www.ur-net.go.jp/chintai/kanto/saitama/50_1640_room.html?JKSS=002010503,<li>湘南新宿ライン「久喜」駅バス7～10分 徒歩1～7分</li><li>東武伊勢崎線「久喜」駅バス7～10分 徒歩1～7分</li><li>東武日光線「幸手」駅 徒歩25～35分</li>
saitama,sengendai,久喜青葉,46600,東武日光線「幸手」駅,25.0,35.0,,,,久喜市青葉1,2-1号棟,鉄筋コンクリート造,5,N,503号室,2LDK,50,5,43500,3100,2か月,['近居割'],随時,https://www.ur-net.go.jp/chintai/kanto/saitama/50_1640_room.html?JKSS=002010503,<li>湘南新宿ライン「久喜」駅バス7～10分 徒歩1～7分</li><li>東武伊勢崎線「久喜」駅バス7～10分 徒歩1～7分</li><li>東武日光線「幸手」駅 徒歩25～35分</li>
saitama,sengendai,久喜青葉,46600,,,,,,,久喜市青葉1,2-1号棟,鉄筋コンクリート造,5,N,503号室,2LDK,50,5,43500,3100,2か月,['近居割'],随時,https://www.ur-net.go.jp/chintai/kanto/saitama/50_1640_room.html?JKSS=002010503,<li>湘南新宿ライン「久喜」駅バス7～10分 徒歩1～7分</li><li>東武伊勢崎線「久喜」駅バス7～10分 徒歩1～7分</li><li>東武日光線「幸手」駅 徒歩25～35分</li>
saitama,sengendai,久喜青葉,46800,,,,湘南新宿ライン「久喜」駅,8.0,17.0,久喜市青葉1,1-10号棟,鉄筋コンクリート造,5,N,508号室,2LDK,50,5,43700,3100,2か月,['近居割'],2026年9月8日以降,https://www.ur-net.go.jp/chintai/kanto/saitama/50_1640_room.html?JKSS=001100508,<li>湘南新宿ライン「久喜」駅バス7～10分 徒歩1～7分</li><li>東武伊勢崎線「久喜」駅バス7～10分 徒歩1～7分</li><li>東武日光線「幸手」駅 徒歩25～35分</li>
saitama,sengendai,久喜青葉,46800,,,,東武伊勢崎線「久喜」駅,8.0,17.0,久喜市青葉1,1-10号棟,鉄筋コンクリート造,5,N,508号室,2LDK,50,5,43700,3100,2か月,['近居割'],2026年9月8日以降,https://www.ur-net.go.jp/chintai/kanto/saitama/50_1640_room.html?JKSS=001100508,<li>湘南新宿ライン「久喜」駅バス7～10分 徒歩1～7分</li><li>東武伊勢崎線「久喜」駅バス7～10分 徒歩1～7分</li><li>東武日光線「幸手」駅 徒歩25～35分</li>
saitama,sengendai,久喜青葉,46800,東武日光線「幸手」駅,25.0,35.0,,,,久喜市青葉1,1-10号棟,鉄筋コンクリート造,5,N,508号室,2LDK,50,5,43700,3100,2か月,['近居割'],2026年9月8日以降,https://www.ur-net.go.jp/chintai/kanto/saitama/50_1640_room.html?JKSS=001100508,<li>湘南新宿ライン「久喜」駅バス7～10分 徒歩1～7分</li><li>東武伊勢崎線「久喜」駅バス7～10分 徒歩1～7分</li><li>東武日光線「幸手」駅 徒歩25～35分</li>
saitama,sengendai,久喜青葉,46800,,,,,,,久喜市青葉1,1-10号棟,鉄筋コンクリート造,5,N,508号室,2LDK,50,5,43700,3100,2か月,['近居割'],2026年9月8日以降,https://www.ur-net.go.jp/chintai/kanto/saitama/50_1640_room.html?JKSS=001100508,<li>湘南新宿ライン「久喜」駅バス7～10分 徒歩1～7分</li><li>東武伊勢崎線「久喜」駅バス7～10分 徒歩1～7分</li><li>東武日光線「幸手」駅 徒歩25～35分</li>
saitama,sengendai,久喜青葉,46800,,,,湘南新宿ライン「久喜」駅,8.0,17.0,久喜市青葉1,2-13号棟,鉄筋コンクリート造,5,N,503号室,2LDK,50,5,43700,3100,2か月,['フリレ１か月'],随時,https://www.ur-net.go.jp/chintai/kanto/saitama/50_1640_room.html?JKSS=002130503,<li>湘南新宿ライン「久喜」駅バス7～10分 徒歩1～7分</li><li>東武伊勢崎線「久喜」駅バス7～10分 徒歩1～7分</li><li>東武日光線「幸手」駅 徒歩25～35分</li>
saitama,sengendai,久喜青葉,46800,,,,東武伊勢崎線「久喜」駅,8.0,17.0,久喜市青葉1,2-13号棟,鉄筋コンクリート造,5,N,503号室,2LDK,50,5,43700,3100,2か月,['フリレ１か月'],随時,https://www.ur-net.go.jp/chintai/kanto/saitama/50_1640_room.html?JKSS=002130503,<li>湘南新宿ライン「久喜」駅バス7～10分 徒歩1～7分</li><li>東武伊勢崎線「久喜」駅バス7～10分 徒歩1～7分</li><li>東武日光線「幸手」駅 徒歩25～35分</li>
saitama,sengendai,久喜青葉,46800,東武日光線「幸手」駅,25.0,35.0,,,,久喜市青葉1,2-13号棟,鉄筋コンクリート造,5,N,503号室,2LDK,50,5,43700,3100,2か月,['フリレ１か月'],随時,https://www.ur-net.go.jp/chintai/kanto/saitama/50_1640_room.html?JKSS=002130503,<li>湘南新宿ライン「久喜」駅バス7～10分 徒歩1～7分</li><li>東武伊勢崎線「久喜」駅バス7～10分 徒歩1～7分</li><li>東武日光線「幸手」駅 徒歩25～35分</li>
saitama,sengendai,久喜青葉,46800,,,,,,,久喜市青葉1,2-13号棟,鉄筋コンクリート造,5,N,503号室,2LDK,50,5,43700,3100,2か月,['フリレ１か月'],随時,https://www.ur-net.go.jp/chintai/kanto/saitama/50_1640_room.html?JKSS=002130503,<li>湘南新宿ライン「久喜」駅バス7～10分 徒歩1～7分</li><li>東武伊勢崎線「久喜」駅バス7～10分 徒歩1～7分</li><li>東武日光線「幸手」駅 徒歩25～35分</li>
saitama,sengendai,久喜青葉,47500,,,,湘南新宿ライン「久喜」駅,8.0,17.0,久喜市青葉1,2-7号棟,鉄筋コンクリート造,3,N,304号室,3K,47,5,44400,3100,2か月,['近居割'],随時,https://www.ur-net.go.jp/chintai/kanto/saitama/50_1640_room.html?JKSS=002070304,<li>湘南新宿ライン「久喜」駅バス7～10分 徒歩1～7分</li><li>東武伊勢崎線「久喜」駅バス7～10分 徒歩1～7分</li><li>東武日光線「幸手」駅 徒歩25～35分</li>
saitama,sengendai,久喜青葉,47500,,,,東武伊勢崎線「久喜」駅,8.0,17.0,久喜市青葉1,2-7号棟,鉄筋コンクリート造,3,N,304号室,3K,47,5,44400,3100,2か月,['近居割'],随時,https://www.ur-net.go.jp/chintai/kanto/saitama/50_1640_room.html?JKSS=002070304,<li>湘南新宿ライン「久喜」駅バス7～10分 徒歩1～7分</li><li>東武伊勢崎線「久喜」駅バス7～10分 徒歩1～7分</li><li>東武日光線「幸手」駅 徒歩25～35分</li>
saitama,sengendai,久喜青葉,47500,東武日光線「幸手」駅,25.0,35.0,,,,久喜市青葉1,2-7号棟,鉄筋コンクリート造,3,N,304号室,3K,47,5,44400,3100,2か月,['近居割'],随時,https://www.ur-net.go.jp/chintai/kanto/saitama/50_1640_room.html?JKSS=002070304,<li>湘南新宿ライン「久喜」駅バス7～10分 徒歩1～7分</li><li>東武伊勢崎線「久喜」駅バス7～10分 徒歩1～7分</li><li>東武日光線「幸手」駅 徒歩25～35分</li>
saitama,sengendai,久喜青葉,47500,,,,,,,久喜市青葉1,2-7号棟,鉄筋コンクリート造,3,N,304号室,3K,47,5,44400,3100,2か月,['近居割'],随時,https://www.ur-net.go.jp/chintai/kanto/saitama/50_1640_room.html?JKSS=002070304,<li>湘南新宿ライン「久喜」駅バス7～10分 徒歩1～7分</li><li>東武伊勢崎線「久喜」駅バス7～10分 徒歩1～7分</li><li>東武日光線「幸手」駅 徒歩25～35分</li>
saitama,misato,吉川,91000,,,,JR武蔵野線「吉川」駅,6.0,11.0,吉川市吉川団地,5-17号棟,鉄筋コンクリート造,1,N,104号室,3LDK,74,5,87900,3100,2か月,"['近居割', '近居割WIDE']",2026年9月7日以降,https://www.ur-net.go.jp/chintai/kanto/saitama/50_1551_room.html?JKSS=000517104,<li>JR武蔵野線「吉川」駅バス5～6分 徒歩1～5分</li>
saitama,misato,吉川,91000,,,,,,,吉川市吉川団地,5-17号棟,鉄筋コンクリート造,1,N,104号室,3LDK,74,5,87900,3100,2か月,"['近居割', '近居割WIDE']",2026年9月7日以降,https://www.ur-net.go.jp/chintai/kanto/saitama/50_1551_room.html?JKSS=000517104,<li>JR武蔵野線「吉川」駅バス5～6分 徒歩1～5分</li>
saitama,misato,吉川,105100,,,,JR武蔵野線「吉川」駅,6.0,11.0,吉川市吉川団地,4-18号棟,鉄筋コンクリート造,2,N,202号室,3LDK,85,5,102000,3100,2か月,"['近居割', '近居割WIDE']",随時,https://www.ur-net.go.jp/chintai/kanto/saitama/50_1551_room.html?JKSS=000418202,<li>JR武蔵野線「吉川」駅バス5～6分 徒歩1～5分</li>
saitama,misato,吉川,105100,,,,,,,吉川市吉川団地,4-18号棟,鉄筋コンクリート造,2,N,202号室,3LDK,85,5,102000,3100,2か月,"['近居割', '近居割WIDE']",随時,https://www.ur-net.go.jp/chintai/kanto/saitama/50_1551_room.html?JKSS=000418202,<li>JR武蔵野線「吉川」駅バス5～6分 徒歩1～5分</li>
saitama,misato,吉川,106200,,,,JR武蔵野線「吉川」駅,6.0,11.0,吉川市吉川団地,5-17号棟,鉄筋コンクリート造,4,N,406号室,3LDK,85,5,103100,3100,2か月,"['近居割', '近居割WIDE']",随時,https://www.ur-net.go.jp/chintai/kanto/saitama/50_1551_room.html?JKSS=000517406,<li>JR武蔵野線「吉川」駅バス5～6分 徒歩1～5分</li>
saitama,misato,吉川,106200,,,,,,,吉川市吉川団地,5-17号棟,鉄筋コンクリート造,4,N,406号室,3LDK,85,5,103100,3100,2か月,"['近居割', '近居割WIDE']",随時,https://www.ur-net.go.jp/chintai/kanto/saitama/50_1551_room.html?JKSS=000517406,<li>JR武蔵野線「吉川」駅バス5～6分 徒歩1～5分</li>
saitama,misato,吉川,112900,,,,JR武蔵野線「吉川」駅,6.0,11.0,吉川市吉川団地,5-17号棟,鉄筋コンクリート造,3,N,301号室,4LDK,92,5,109800,3100,2か月,"['近居割', '近居割WIDE']",随時,https://www.ur-net.go.jp/chintai/kanto/saitama/50_1551_room.html?JKSS=000517301,<li>JR武蔵野線「吉川」駅バス5～6分 徒歩1～5分</li>
saitama,misato,吉川,112900,,,,,,,吉川市吉川団地,5-17号棟,鉄筋コンクリート造,3,N,301号室,4LDK,92,5,109800,3100,2か月,"['近居割', '近居割WIDE']",随時,https://www.ur-net.go.jp/chintai/kanto/saitama/50_1551_room.html?JKSS=000517301,<li>JR武蔵野線「吉川」駅バス5～6分 徒歩1～5分</li>
saitama,misato,吉川,113800,,,,JR武蔵野線「吉川」駅,6.0,11.0,吉川市吉川団地,4-18号棟,鉄筋コンクリート造,3,N,305号室,4LDK,98,5,110700,3100,2か月,"['近居割', '近居割WIDE']",随時,https://www.ur-net.go.jp/chintai/kanto/saitama/50_1551_room.html?JKSS=000418305,<li>JR武蔵野線「吉川」駅バス5～6分 徒歩1～5分</li>
saitama,misato,吉川,113800,,,,,,,吉川市吉川団地,4-18号棟,鉄筋コンクリート造,3,N,305号室,4LDK,98,5,110700,3100,2か月,"['近居割', '近居割WIDE']",随時,https://www.ur-net.go.jp/chintai/kanto/saitama/50_1551_room.html?JKSS=000418305,<li>JR武蔵野線「吉川」駅バス5～6分 徒歩1～5分</li>
saitama,higashiomiya,コンフォール本郷町,114300,埼玉新都市交通伊奈線「東宮原」駅,10.0,10.0,,,,さいたま市北区本郷町971,,鉄筋コンクリート造,2,N,216号室,3DK,65,10,109100,5200,2か月,['近居割'],2026年9月10日以降,https://www.ur-net.go.jp/chintai/kanto/saitama/50_3990_room.html?JKSS=000000216,<li>埼玉新都市交通伊奈線（ニューシャトル）「東宮原」駅 徒歩10分</li><li>JR高崎線・湘南新宿ライン「宮原」駅 徒歩20分</li>
saitama,higashiomiya,コンフォール本郷町,114300,JR高崎線・湘南新宿ライン「宮原」駅,20.0,20.0,,,,さいたま市北区本郷町971,,鉄筋コンクリート造,2,N,216号室,3DK,65,10,109100,5200,2か月,['近居割'],2026年9月10日以降,https://www.ur-net.go.jp/chintai/kanto/saitama/50_3990_room.html?JKSS=000000216,<li>埼玉新都市交通伊奈線（ニューシャトル）「東宮原」駅 徒歩10分</li><li>JR高崎線・湘南新宿ライン「宮原」駅 徒歩20分</li>
saitama,higashiomiya,コンフォール本郷町,114300,,,,,,,さいたま市北区本郷町971,,鉄筋コンクリート造,2,N,216号室,3DK,65,10,109100,5200,2か月,['近居割'],2026年9月10日以降,https://www.ur-net.go.jp/chintai/kanto/saitama/50_3990_room.html?JKSS=000000216,<li>埼玉新都市交通伊奈線（ニューシャトル）「東宮原」駅 徒歩10分</li><li>JR高崎線・湘南新宿ライン「宮原」駅 徒歩20分</li>
saitama,higashiomiya,コンフォール西本郷,140300,JR東北本線「土呂」駅,11.0,14.0,,,,さいたま市北区本郷町17-1,3号棟,鉄筋コンクリート造,1,N,101号室,4DK,76,5,136200,4100,2か月,['近居割'],随時,https://www.ur-net.go.jp/chintai/kanto/saitama/50_3860_room.html?JKSS=000030101,<li>JR東北本線「土呂」駅 徒歩11～14分</li><li>ニューシャトル伊奈線「加茂宮」駅 徒歩12～14分</li><li>東武野田線「大宮公園」駅 徒歩17～23分</li>
saitama,higashiomiya,コンフォール西本郷,140300,ニューシャトル伊奈線「加茂宮」駅,12.0,14.0,,,,さいたま市北区本郷町17-1,3号棟,鉄筋コンクリート造,1,N,101号室,4DK,76,5,136200,4100,2か月,['近居割'],随時,https://www.ur-net.go.jp/chintai/kanto/saitama/50_3860_room.html?JKSS=000030101,<li>JR東北本線「土呂」駅 徒歩11～14分</li><li>ニューシャトル伊奈線「加茂宮」駅 徒歩12～14分</li><li>東武野田線「大宮公園」駅 徒歩17～23分</li>
saitama,higashiomiya,コンフォール西本郷,140300,東武野田線「大宮公園」駅,17.0,23.0,,,,さいたま市北区本郷町17-1,3号棟,鉄筋コンクリート造,1,N,101号室,4DK,76,5,136200,4100,2か月,['近居割'],随時,https://www.ur-net.go.jp/chintai/kanto/saitama/50_3860_room.html?JKSS=000030101,<li>JR東北本線「土呂」駅 徒歩11～14分</li><li>ニューシャトル伊奈線「加茂宮」駅 徒歩12～14分</li><li>東武野田線「大宮公園」駅 徒歩17～23分</li>
saitama,higashiomiya,コンフォール西本郷,140300,,,,,,,さいたま市北区本郷町17-1,3号棟,鉄筋コンクリート造,1,N,101号室,4DK,76,5,136200,4100,2か月,['近居割'],随時,https://www.ur-net.go.jp/chintai/kanto/saitama/50_3860_room.html?JKSS=000030101,<li>JR東北本線「土呂」駅 徒歩11～14分</li><li>ニューシャトル伊奈線「加茂宮」駅 徒歩12～14分</li><li>東武野田線「大宮公園」駅 徒歩17～23分</li>
saitama,kawaguchi,川口芝園,95400,JR京浜東北・根岸線「蕨」駅,10.0,15.0,,,,川口市芝園町3,4号棟,鉄骨鉄筋コンクリート造,2,N,258号室,1LDK,45,10,91300,4100,2か月,"['近居割', '近居割WIDE']",随時,https://www.ur-net.go.jp/chintai/kanto/saitama/50_1820_room.html?JKSS=000040258,<li>JR京浜東北・根岸線「蕨」駅 徒歩10～15分</li><li>JR埼京線「戸田」駅 徒歩27～32分</li><li>JR武蔵野線「南浦和」駅 徒歩28～34分</li>
saitama,kawaguchi,川口芝園,95400,JR埼京線「戸田」駅,27.0,32.0,,,,川口市芝園町3,4号棟,鉄骨鉄筋コンクリート造,2,N,258号室,1LDK,45,10,91300,4100,2か月,"['近居割', '近居割WIDE']",随時,https://www.ur-net.go.jp/chintai/kanto/saitama/50_1820_room.html?JKSS=000040258,<li>JR京浜東北・根岸線「蕨」駅 徒歩10～15分</li><li>JR埼京線「戸田」駅 徒歩27～32分</li><li>JR武蔵野線「南浦和」駅 徒歩28～34分</li>
saitama,kawaguchi,川口芝園,95400,JR武蔵野線「南浦和」駅,28.0,34.0,,,,川口市芝園町3,4号棟,鉄骨鉄筋コンクリート造,2,N,258号室,1LDK,45,10,91300,4100,2か月,"['近居割', '近居割WIDE']",随時,https://www.ur-net.go.jp/chintai/kanto/saitama/50_1820_room.html?JKSS=000040258,<li>JR京浜東北・根岸線「蕨」駅 徒歩10～15分</li><li>JR埼京線「戸田」駅 徒歩27～32分</li><li>JR武蔵野線「南浦和」駅 徒歩28～34分</li>
saitama,kawaguchi,川口芝園,95400,,,,,,,川口市芝園町3,4号棟,鉄骨鉄筋コンクリート造,2,N,258号室,1LDK,45,10,91300,4100,2か月,"['近居割', '近居割WIDE']",随時,https://www.ur-net.go.jp/chintai/kanto/saitama/50_1820_room.html?JKSS=000040258,<li>JR京浜東北・根岸線「蕨」駅 徒歩10～15分</li><li>JR埼京線「戸田」駅 徒歩27～32分</li><li>JR武蔵野線「南浦和」駅 徒歩28～34分</li>
saitama,kawaguchi,アーバンハイツ南前川,114100,,,,JR京浜東北線「蕨」駅,8.0,8.0,川口市南前川2-21-10,,鉄筋コンクリート造,2,N,203号室,2LDK,62,5,110300,3800,2か月,['近居割'],随時,https://www.ur-net.go.jp/chintai/kanto/saitama/50_2220_room.html?JKSS=000000203,<li>JR京浜東北線「蕨」駅 バス7分 徒歩1分</li><li>JR京浜東北線「西川口」駅 バス8分 徒歩1分</li>
saitama,kawaguchi,アーバンハイツ南前川,114100,,,,JR京浜東北線「西川口」駅,9.0,9.0,川口市南前川2-21-10,,鉄筋コンクリート造,2,N,203号室,2LDK,62,5,110300,3800,2か月,['近居割'],随時,https://www.ur-net.go.jp/chintai/kanto/saitama/50_2220_room.html?JKSS=000000203,<li>JR京浜東北線「蕨」駅 バス7分 徒歩1分</li><li>JR京浜東北線「西川口」駅 バス8分 徒歩1分</li>
saitama,kawaguchi,アーバンハイツ南前川,114100,,,,,,,川口市南前川2-21-10,,鉄筋コンクリート造,2,N,203号室,2LDK,62,5,110300,3800,2か月,['近居割'],随時,https://www.ur-net.go.jp/chintai/kanto/saitama/50_2220_room.html?JKSS=000000203,<li>JR京浜東北線「蕨」駅 バス7分 徒歩1分</li><li>JR京浜東北線「西川口」駅 バス8分 徒歩1分</li>
saitama,kawaguchi,アーバンハイツ南前川,130800,,,,JR京浜東北線「蕨」駅,8.0,8.0,川口市南前川2-21-10,,鉄筋コンクリート造,3,N,304号室,3LDK,79,5,127000,3800,2か月,['近居割'],随時,https://www.ur-net.go.jp/chintai/kanto/saitama/50_2220_room.html?JKSS=000000304,<li>JR京浜東北線「蕨」駅 バス7分 徒歩1分</li><li>JR京浜東北線「西川口」駅 バス8分 徒歩1分</li>
saitama,kawaguchi,アーバンハイツ南前川,130800,,,,JR京浜東北線「西川口」駅,9.0,9.0,川口市南前川2-21-10,,鉄筋コンクリート造,3,N,304号室,3LDK,79,5,127000,3800,2か月,['近居割'],随時,https://www.ur-net.go.jp/chintai/kanto/saitama/50_2220_room.html?JKSS=000000304,<li>JR京浜東北線「蕨」駅 バス7分 徒歩1分</li><li>JR京浜東北線「西川口」駅 バス8分 徒歩1分</li>
saitama,kawaguchi,アーバンハイツ南前川,130800,,,,,,,川口市南前川2-21-10,,鉄筋コンクリート造,3,N,304号室,3LDK,79,5,127000,3800,2か月,['近居割'],随時,https://www.ur-net.go.jp/chintai/kanto/saitama/50_2220_room.html?JKSS=000000304,<li>JR京浜東北線「蕨」駅 バス7分 徒歩1分</li><li>JR京浜東北線「西川口」駅 バス8分 徒歩1分</li>
saitama,kawaguchi,コンフォール東鳩ヶ谷,115700,埼玉高速鉄道「新井宿」駅,12.0,12.0,,,,川口市桜町4-4,5号棟,鉄筋コンクリート造,6,N,605号室,2DK,57,9,111300,4400,2か月,['近居割'],随時,https://www.ur-net.go.jp/chintai/kanto/saitama/50_4020_room.html?JKSS=000050605,<li>埼玉高速鉄道「新井宿」駅 徒歩12分</li><li>JR京浜東北・根岸線「西川口」駅バス25分 徒歩1～3分</li><li>JR京浜東北・根岸線「赤羽」駅バス27分 徒歩1～3分</li>
saitama,kawaguchi,コンフォール東鳩ヶ谷,115700,,,,JR京浜東北・根岸線「西川口」駅,26.0,28.0,川口市桜町4-4,5号棟,鉄筋コンクリート造,6,N,605号室,2DK,57,9,111300,4400,2か月,['近居割'],随時,https://www.ur-net.go.jp/chintai/kanto/saitama/50_4020_room.html?JKSS=000050605,<li>埼玉高速鉄道「新井宿」駅 徒歩12分</li><li>JR京浜東北・根岸線「西川口」駅バス25分 徒歩1～3分</li><li>JR京浜東北・根岸線「赤羽」駅バス27分 徒歩1～3分</li>
saitama,kawaguchi,コンフォール東鳩ヶ谷,115700,,,,JR京浜東北・根岸線「赤羽」駅,28.0,30.0,川口市桜町4-4,5号棟,鉄筋コンクリート造,6,N,605号室,2DK,57,9,111300,4400,2か月,['近居割'],随時,https://www.ur-net.go.jp/chintai/kanto/saitama/50_4020_room.html?JKSS=000050605,<li>埼玉高速鉄道「新井宿」駅 徒歩12分</li><li>JR京浜東北・根岸線「西川口」駅バス25分 徒歩1～3分</li><li>JR京浜東北・根岸線「赤羽」駅バス27分 徒歩1～3分</li>
saitama,kawaguchi,コンフォール東鳩ヶ谷,115700,,,,,,,川口市桜町4-4,5号棟,鉄筋コンクリート造,6,N,605号室,2DK,57,9,111300,4400,2か月,['近居割'],随時,https://www.ur-net.go.jp/chintai/kanto/saitama/50_4020_room.html?JKSS=000050605,<li>埼玉高速鉄道「新井宿」駅 徒歩12分</li><li>JR京浜東北・根岸線「西川口」駅バス25分 徒歩1～3分</li><li>JR京浜東北・根岸線「赤羽」駅バス27分 徒歩1～3分</li>
saitama,kawaguchi,コンフォール東鳩ヶ谷,116300,埼玉高速鉄道「新井宿」駅,12.0,12.0,,,,川口市桜町4-4,1号棟,鉄筋コンクリート造,4,N,407号室,2DK,57,7,111900,4400,2か月,['近居割'],2026年9月11日以降,https://www.ur-net.go.jp/chintai/kanto/saitama/50_4020_room.html?JKSS=000010407,<li>埼玉高速鉄道「新井宿」駅 徒歩12分</li><li>JR京浜東北・根岸線「西川口」駅バス25分 徒歩1～3分</li><li>JR京浜東北・根岸線「赤羽」駅バス27分 徒歩1～3分</li>
saitama,kawaguchi,コンフォール東鳩ヶ谷,116300,,,,JR京浜東北・根岸線「西川口」駅,26.0,28.0,川口市桜町4-4,1号棟,鉄筋コンクリート造,4,N,407号室,2DK,57,7,111900,4400,2か月,['近居割'],2026年9月11日以降,https://www.ur-net.go.jp/chintai/kanto/saitama/50_4020_room.html?JKSS=000010407,<li>埼玉高速鉄道「新井宿」駅 徒歩12分</li><li>JR京浜東北・根岸線「西川口」駅バス25分 徒歩1～3分</li><li>JR京浜東北・根岸線「赤羽」駅バス27分 徒歩1～3分</li>
saitama,kawaguchi,コンフォール東鳩ヶ谷,116300,,,,JR京浜東北・根岸線「赤羽」駅,28.0,30.0,川口市桜町4-4,1号棟,鉄筋コンクリート造,4,N,407号室,2DK,57,7,111900,4400,2か月,['近居割'],2026年9月11日以降,https://www.ur-net.go.jp/chintai/kanto/saitama/50_4020_room.html?JKSS=000010407,<li>埼玉高速鉄道「新井宿」駅 徒歩12分</li><li>JR京浜東北・根岸線「西川口」駅バス25分 徒歩1～3分</li><li>JR京浜東北・根岸線「赤羽」駅バス27分 徒歩1～3分</li>
saitama,kawaguchi,コンフォール東鳩ヶ谷,116300,,,,,,,川口市桜町4-4,1号棟,鉄筋コンクリート造,4,N,407号室,2DK,57,7,111900,4400,2か月,['近居割'],2026年9月11日以降,https://www.ur-net.go.jp/chintai/kanto/saitama/50_4020_room.html?JKSS=000010407,<li>埼玉高速鉄道「新井宿」駅 徒歩12分</li><li>JR京浜東北・根岸線「西川口」駅バス25分 徒歩1～3分</li><li>JR京浜東北・根岸線「赤羽」駅バス27分 徒歩1～3分</li>
saitama,kawaguchi,コンフォール東鳩ヶ谷,128700,埼玉高速鉄道「新井宿」駅,12.0,12.0,,,,川口市桜町4-4,2号棟,鉄筋コンクリート造,2,N,201号室,3DK,67,7,124300,4400,2か月,['近居割'],随時,https://www.ur-net.go.jp/chintai/kanto/saitama/50_4020_room.html?JKSS=000020201,<li>埼玉高速鉄道「新井宿」駅 徒歩12分</li><li>JR京浜東北・根岸線「西川口」駅バス25分 徒歩1～3分</li><li>JR京浜東北・根岸線「赤羽」駅バス27分 徒歩1～3分</li>
saitama,kawaguchi,コンフォール東鳩ヶ谷,128700,,,,JR京浜東北・根岸線「西川口」駅,26.0,28.0,川口市桜町4-4,2号棟,鉄筋コンクリート造,2,N,201号室,3DK,67,7,124300,4400,2か月,['近居割'],随時,https://www.ur-net.go.jp/chintai/kanto/saitama/50_4020_room.html?JKSS=000020201,<li>埼玉高速鉄道「新井宿」駅 徒歩12分</li><li>JR京浜東北・根岸線「西川口」駅バス25分 徒歩1～3分</li><li>JR京浜東北・根岸線「赤羽」駅バス27分 徒歩1～3分</li>
saitama,kawaguchi,コンフォール東鳩ヶ谷,128700,,,,JR京浜東北・根岸線「赤羽」駅,28.0,30.0,川口市桜町4-4,2号棟,鉄筋コンクリート造,2,N,201号室,3DK,67,7,124300,4400,2か月,['近居割'],随時,https://www.ur-net.go.jp/chintai/kanto/saitama/50_4020_room.html?JKSS=000020201,<li>埼玉高速鉄道「新井宿」駅 徒歩12分</li><li>JR京浜東北・根岸線「西川口」駅バス25分 徒歩1～3分</li><li>JR京浜東北・根岸線「赤羽」駅バス27分 徒歩1～3分</li>
saitama,kawaguchi,コンフォール東鳩ヶ谷,128700,,,,,,,川口市桜町4-4,2号棟,鉄筋コンクリート造,2,N,201号室,3DK,67,7,124300,4400,2か月,['近居割'],随時,https://www.ur-net.go.jp/chintai/kanto/saitama/50_4020_room.html?JKSS=000020201,<li>埼玉高速鉄道「新井宿」駅 徒歩12分</li><li>JR京浜東北・根岸線「西川口」駅バス25分 徒歩1～3分</li><li>JR京浜東北・根岸線「赤羽」駅バス27分 徒歩1～3分</li>
saitama,kawaguchi,コンフォール東鳩ヶ谷,129100,埼玉高速鉄道「新井宿」駅,12.0,12.0,,,,川口市桜町4-4,1号棟,鉄筋コンクリート造,6,N,606号室,2LDK,64,7,124700,4400,2か月,['近居割'],随時,https://www.ur-net.go.jp/chintai/kanto/saitama/50_4020_room.html?JKSS=000010606,<li>埼玉高速鉄道「新井宿」駅 徒歩12分</li><li>JR京浜東北・根岸線「西川口」駅バス25分 徒歩1～3分</li><li>JR京浜東北・根岸線「赤羽」駅バス27分 徒歩1～3分</li>
saitama,kawaguchi,コンフォール東鳩ヶ谷,129100,,,,JR京浜東北・根岸線「西川口」駅,26.0,28.0,川口市桜町4-4,1号棟,鉄筋コンクリート造,6,N,606号室,2LDK,64,7,124700,4400,2か月,['近居割'],随時,https://www.ur-net.go.jp/chintai/kanto/saitama/50_4020_room.html?JKSS=000010606,<li>埼玉高速鉄道「新井宿」駅 徒歩12分</li><li>JR京浜東北・根岸線「西川口」駅バス25分 徒歩1～3分</li><li>JR京浜東北・根岸線「赤羽」駅バス27分 徒歩1～3分</li>
saitama,kawaguchi,コンフォール東鳩ヶ谷,129100,,,,JR京浜東北・根岸線「赤羽」駅,28.0,30.0,川口市桜町4-4,1号棟,鉄筋コンクリート造,6,N,606号室,2LDK,64,7,124700,4400,2か月,['近居割'],随時,https://www.ur-net.go.jp/chintai/kanto/saitama/50_4020_room.html?JKSS=000010606,<li>埼玉高速鉄道「新井宿」駅 徒歩12分</li><li>JR京浜東北・根岸線「西川口」駅バス25分 徒歩1～3分</li><li>JR京浜東北・根岸線「赤羽」駅バス27分 徒歩1～3分</li>
saitama,kawaguchi,コンフォール東鳩ヶ谷,129100,,,,,,,川口市桜町4-4,1号棟,鉄筋コンクリート造,6,N,606号室,2LDK,64,7,124700,4400,2か月,['近居割'],随時,https://www.ur-net.go.jp/chintai/kanto/saitama/50_4020_room.html?JKSS=000010606,<li>埼玉高速鉄道「新井宿」駅 徒歩12分</li><li>JR京浜東北・根岸線「西川口」駅バス25分 徒歩1～3分</li><li>JR京浜東北・根岸線「赤羽」駅バス27分 徒歩1～3分</li>
saitama,kawaguchi,飯塚四丁目ハイツ,118100,JR京浜東北線「川口」駅,14.0,14.0,JR京浜東北線「川口」駅,5.0,5.0,川口市飯塚4-4-31,,鉄筋コンクリート造,5,N,504号室,3DK,61,5,114100,4000,2か月,['近居割'],随時,https://www.ur-net.go.jp/chintai/kanto/saitama/50_2580_room.html?JKSS=000000504,<li>JR京浜東北線「川口」駅 徒歩14分 又はバス4分 徒歩1分</li>
saitama,kawaguchi,飯塚四丁目ハイツ,118100,,,,,,,川口市飯塚4-4-31,,鉄筋コンクリート造,5,N,504号室,3DK,61,5,114100,4000,2か月,['近居割'],随時,https://www.ur-net.go.jp/chintai/kanto/saitama/50_2580_room.html?JKSS=000000504,<li>JR京浜東北線「川口」駅 徒歩14分 又はバス4分 徒歩1分</li>
saitama,minamiurawa,コンフォール領家,107900,JR京浜東北・根岸線「北浦和」駅,16.0,18.0,,,,さいたま市浦和区領家6-11,1号棟,鉄筋コンクリート造,3,N,306号室,1DK,43,5,101900,6000,2か月,['近居割'],随時,https://www.ur-net.go.jp/chintai/kanto/saitama/50_4110_room.html?JKSS=000010306,<li>JR京浜東北・根岸線「北浦和」駅 徒歩16～18分</li><li>JR京浜東北・根岸線「与野」駅 徒歩17分</li><li>JR京浜東北・根岸線「浦和」駅 徒歩36～39分</li>
saitama,minamiurawa,コンフォール領家,107900,JR京浜東北・根岸線「与野」駅,17.0,17.0,,,,さいたま市浦和区領家6-11,1号棟,鉄筋コンクリート造,3,N,306号室,1DK,43,5,101900,6000,2か月,['近居割'],随時,https://www.ur-net.go.jp/chintai/kanto/saitama/50_4110_room.html?JKSS=000010306,<li>JR京浜東北・根岸線「北浦和」駅 徒歩16～18分</li><li>JR京浜東北・根岸線「与野」駅 徒歩17分</li><li>JR京浜東北・根岸線「浦和」駅 徒歩36～39分</li>
saitama,minamiurawa,コンフォール領家,107900,JR京浜東北・根岸線「浦和」駅,36.0,39.0,,,,さいたま市浦和区領家6-11,1号棟,鉄筋コンクリート造,3,N,306号室,1DK,43,5,101900,6000,2か月,['近居割'],随時,https://www.ur-net.go.jp/chintai/kanto/saitama/50_4110_room.html?JKSS=000010306,<li>JR京浜東北・根岸線「北浦和」駅 徒歩16～18分</li><li>JR京浜東北・根岸線「与野」駅 徒歩17分</li><li>JR京浜東北・根岸線「浦和」駅 徒歩36～39分</li>
saitama,minamiurawa,コンフォール領家,107900,,,,,,,さいたま市浦和区領家6-11,1号棟,鉄筋コンクリート造,3,N,306号室,1DK,43,5,101900,6000,2か月,['近居割'],随時,https://www.ur-net.go.jp/chintai/kanto/saitama/50_4110_room.html?JKSS=000010306,<li>JR京浜東北・根岸線「北浦和」駅 徒歩16～18分</li><li>JR京浜東北・根岸線「与野」駅 徒歩17分</li><li>JR京浜東北・根岸線「浦和」駅 徒歩36～39分</li>
saitama,minamiurawa,コンフォール領家,129900,JR京浜東北・根岸線「北浦和」駅,16.0,18.0,,,,さいたま市浦和区領家6-11,2号棟,鉄筋コンクリート造,4,N,410号室,2DK,55,6,123900,6000,2か月,['近居割'],2026年9月7日以降,https://www.ur-net.go.jp/chintai/kanto/saitama/50_4110_room.html?JKSS=000020410,<li>JR京浜東北・根岸線「北浦和」駅 徒歩16～18分</li><li>JR京浜東北・根岸線「与野」駅 徒歩17分</li><li>JR京浜東北・根岸線「浦和」駅 徒歩36～39分</li>
saitama,minamiurawa,コンフォール領家,129900,JR京浜東北・根岸線「与野」駅,17.0,17.0,,,,さいたま市浦和区領家6-11,2号棟,鉄筋コンクリート造,4,N,410号室,2DK,55,6,123900,6000,2か月,['近居割'],2026年9月7日以降,https://www.ur-net.go.jp/chintai/kanto/saitama/50_4110_room.html?JKSS=000020410,<li>JR京浜東北・根岸線「北浦和」駅 徒歩16～18分</li><li>JR京浜東北・根岸線「与野」駅 徒歩17分</li><li>JR京浜東北・根岸線「浦和」駅 徒歩36～39分</li>
saitama,minamiurawa,コンフォール領家,129900,JR京浜東北・根岸線「浦和」駅,36.0,39.0,,,,さいたま市浦和区領家6-11,2号棟,鉄筋コンクリート造,4,N,410号室,2DK,55,6,123900,6000,2か月,['近居割'],2026年9月7日以降,https://www.ur-net.go.jp/chintai/kanto/saitama/50_4110_room.html?JKSS=000020410,<li>JR京浜東北・根岸線「北浦和」駅 徒歩16～18分</li><li>JR京浜東北・根岸線「与野」駅 徒歩17分</li><li>JR京浜東北・根岸線「浦和」駅 徒歩36～39分</li>
saitama,minamiurawa,コンフォール領家,129900,,,,,,,さいたま市浦和区領家6-11,2号棟,鉄筋コンクリート造,4,N,410号室,2DK,55,6,123900,6000,2か月,['近居割'],2026年9月7日以降,https://www.ur-net.go.jp/chintai/kanto/saitama/50_4110_room.html?JKSS=000020410,<li>JR京浜東北・根岸線「北浦和」駅 徒歩16～18分</li><li>JR京浜東北・根岸線「与野」駅 徒歩17分</li><li>JR京浜東北・根岸線「浦和」駅 徒歩36～39分</li>
saitama,minamiurawa,うらわイーストシティ　かえで街,111000,JR武蔵野線「東浦和」駅,13.0,13.0,JR武蔵野線「東浦和」駅,4.0,5.0,さいたま市緑区東浦和2-73-1,5号棟,鉄筋コンクリート造,2,N,201号室,2DK,63,3,105500,5500,2か月,['フリレ１か月'],随時,https://www.ur-net.go.jp/chintai/kanto/saitama/50_2730_room.html?JKSS=000050201,<li>JR武蔵野線「東浦和」駅 徒歩13分</li><li>JR武蔵野線「東浦和」駅バス2分 徒歩2～3分</li><li>JR東北本線「浦和」駅バス14分 徒歩7～9分</li>
saitama,minamiurawa,うらわイーストシティ　かえで街,111000,,,,JR東北本線「浦和」駅,21.0,23.0,さいたま市緑区東浦和2-73-1,5号棟,鉄筋コンクリート造,2,N,201号室,2DK,63,3,105500,5500,2か月,['フリレ１か月'],随時,https://www.ur-net.go.jp/chintai/kanto/saitama/50_2730_room.html?JKSS=000050201,<li>JR武蔵野線「東浦和」駅 徒歩13分</li><li>JR武蔵野線「東浦和」駅バス2分 徒歩2～3分</li><li>JR東北本線「浦和」駅バス14分 徒歩7～9分</li>
saitama,minamiurawa,うらわイーストシティ　かえで街,111000,,,,,,,さいたま市緑区東浦和2-73-1,5号棟,鉄筋コンクリート造,2,N,201号室,2DK,63,3,105500,5500,2か月,['フリレ１か月'],随時,https://www.ur-net.go.jp/chintai/kanto/saitama/50_2730_room.html?JKSS=000050201,<li>JR武蔵野線「東浦和」駅 徒歩13分</li><li>JR武蔵野線「東浦和」駅バス2分 徒歩2～3分</li><li>JR東北本線「浦和」駅バス14分 徒歩7～9分</li>
saitama,minamiurawa,うらわイーストシティ　かえで街,132100,JR武蔵野線「東浦和」駅,13.0,13.0,JR武蔵野線「東浦和」駅,4.0,5.0,さいたま市緑区東浦和2-73-1,3号棟,鉄筋コンクリート造,4,N,401号室,2LDK,70,5,126600,5500,2か月,['フリレ１か月'],随時,https://www.ur-net.go.jp/chintai/kanto/saitama/50_2730_room.html?JKSS=000030401,<li>JR武蔵野線「東浦和」駅 徒歩13分</li><li>JR武蔵野線「東浦和」駅バス2分 徒歩2～3分</li><li>JR東北本線「浦和」駅バス14分 徒歩7～9分</li>
saitama,minamiurawa,うらわイーストシティ　かえで街,132100,,,,JR東北本線「浦和」駅,21.0,23.0,さいたま市緑区東浦和2-73-1,3号棟,鉄筋コンクリート造,4,N,401号室,2LDK,70,5,126600,5500,2か月,['フリレ１か月'],随時,https://www.ur-net.go.jp/chintai/kanto/saitama/50_2730_room.html?JKSS=000030401,<li>JR武蔵野線「東浦和」駅 徒歩13分</li><li>JR武蔵野線「東浦和」駅バス2分 徒歩2～3分</li><li>JR東北本線「浦和」駅バス14分 徒歩7～9分</li>
saitama,minamiurawa,うらわイーストシティ　かえで街,132100,,,,,,,さいたま市緑区東浦和2-73-1,3号棟,鉄筋コンクリート造,4,N,401号室,2LDK,70,5,126600,5500,2か月,['フリレ１か月'],随時,https://www.ur-net.go.jp/chintai/kanto/saitama/50_2730_room.html?JKSS=000030401,<li>JR武蔵野線「東浦和」駅 徒歩13分</li><li>JR武蔵野線「東浦和」駅バス2分 徒歩2～3分</li><li>JR東北本線「浦和」駅バス14分 徒歩7～9分</li>
saitama,ageo,パークシティ鴻巣駅前プラザ第二,69000,JR高崎線「北鴻巣」駅,4.0,8.0,,,,鴻巣市赤見台2-2,20号棟,鉄筋コンクリート造,5,N,505号室,3DK,62,5,66000,3000,2か月,['近居割'],随時,https://www.ur-net.go.jp/chintai/kanto/saitama/50_2440_room.html?JKSS=000200505,<li>JR高崎線「北鴻巣」駅 徒歩4～8分</li><li>JR高崎線「吹上」駅 徒歩40～43分</li><li>JR高崎線「鴻巣」駅 徒歩58～61分</li>
saitama,ageo,パークシティ鴻巣駅前プラザ第二,69000,JR高崎線「吹上」駅,40.0,43.0,,,,鴻巣市赤見台2-2,20号棟,鉄筋コンクリート造,5,N,505号室,3DK,62,5,66000,3000,2か月,['近居割'],随時,https://www.ur-net.go.jp/chintai/kanto/saitama/50_2440_room.html?JKSS=000200505,<li>JR高崎線「北鴻巣」駅 徒歩4～8分</li><li>JR高崎線「吹上」駅 徒歩40～43分</li><li>JR高崎線「鴻巣」駅 徒歩58～61分</li>
saitama,ageo,パークシティ鴻巣駅前プラザ第二,69000,JR高崎線「鴻巣」駅,58.0,61.0,,,,鴻巣市赤見台2-2,20号棟,鉄筋コンクリート造,5,N,505号室,3DK,62,5,66000,3000,2か月,['近居割'],随時,https://www.ur-net.go.jp/chintai/kanto/saitama/50_2440_room.html?JKSS=000200505,<li>JR高崎線「北鴻巣」駅 徒歩4～8分</li><li>JR高崎線「吹上」駅 徒歩40～43分</li><li>JR高崎線「鴻巣」駅 徒歩58～61分</li>
saitama,ageo,パークシティ鴻巣駅前プラザ第二,69000,,,,,,,鴻巣市赤見台2-2,20号棟,鉄筋コンクリート造,5,N,505号室,3DK,62,5,66000,3000,2か月,['近居割'],随時,https://www.ur-net.go.jp/chintai/kanto/saitama/50_2440_room.html?JKSS=000200505,<li>JR高崎線「北鴻巣」駅 徒歩4～8分</li><li>JR高崎線「吹上」駅 徒歩40～43分</li><li>JR高崎線「鴻巣」駅 徒歩58～61分</li>
saitama,ageo,パークシティ鴻巣駅前プラザ,72100,JR高崎線「北鴻巣」駅,3.0,7.0,,,,鴻巣市赤見台2-2,15号棟,鉄筋コンクリート造,2,N,205号室,3DK,64,5,70000,2100,2か月,['近居割'],2026年9月7日以降,https://www.ur-net.go.jp/chintai/kanto/saitama/50_2140_room.html?JKSS=000150205,<li>JR高崎線「北鴻巣」駅 徒歩3～7分</li><li>JR高崎線「鴻巣」駅 徒歩58～62分</li><li>JR高崎線「吹上」駅 徒歩38～42分</li>
saitama,ageo,パークシティ鴻巣駅前プラザ,72100,JR高崎線「鴻巣」駅,58.0,62.0,,,,鴻巣市赤見台2-2,15号棟,鉄筋コンクリート造,2,N,205号室,3DK,64,5,70000,2100,2か月,['近居割'],2026年9月7日以降,https://www.ur-net.go.jp/chintai/kanto/saitama/50_2140_room.html?JKSS=000150205,<li>JR高崎線「北鴻巣」駅 徒歩3～7分</li><li>JR高崎線「鴻巣」駅 徒歩58～62分</li><li>JR高崎線「吹上」駅 徒歩38～42分</li>
saitama,ageo,パークシティ鴻巣駅前プラザ,72100,JR高崎線「吹上」駅,38.0,42.0,,,,鴻巣市赤見台2-2,15号棟,鉄筋コンクリート造,2,N,205号室,3DK,64,5,70000,2100,2か月,['近居割'],2026年9月7日以降,https://www.ur-net.go.jp/chintai/kanto/saitama/50_2140_room.html?JKSS=000150205,<li>JR高崎線「北鴻巣」駅 徒歩3～7分</li><li>JR高崎線「鴻巣」駅 徒歩58～62分</li><li>JR高崎線「吹上」駅 徒歩38～42分</li>
saitama,ageo,パークシティ鴻巣駅前プラザ,72100,,,,,,,鴻巣市赤見台2-2,15号棟,鉄筋コンクリート造,2,N,205号室,3DK,64,5,70000,2100,2か月,['近居割'],2026年9月7日以降,https://www.ur-net.go.jp/chintai/kanto/saitama/50_2140_room.html?JKSS=000150205,<li>JR高崎線「北鴻巣」駅 徒歩3～7分</li><li>JR高崎線「鴻巣」駅 徒歩58～62分</li><li>JR高崎線「吹上」駅 徒歩38～42分</li>
saitama,ageo,パークシティ鴻巣駅前プラザ,80000,JR高崎線「北鴻巣」駅,3.0,7.0,,,,鴻巣市赤見台2-2,13号棟,鉄筋コンクリート造,5,N,506号室,3LDK,75,5,77900,2100,2か月,['近居割'],随時,https://www.ur-net.go.jp/chintai/kanto/saitama/50_2140_room.html?JKSS=000130506,<li>JR高崎線「北鴻巣」駅 徒歩3～7分</li><li>JR高崎線「鴻巣」駅 徒歩58～62分</li><li>JR高崎線「吹上」駅 徒歩38～42分</li>
saitama,ageo,パークシティ鴻巣駅前プラザ,80000,JR高崎線「鴻巣」駅,58.0,62.0,,,,鴻巣市赤見台2-2,13号棟,鉄筋コンクリート造,5,N,506号室,3LDK,75,5,77900,2100,2か月,['近居割'],随時,https://www.ur-net.go.jp/chintai/kanto/saitama/50_2140_room.html?JKSS=000130506,<li>JR高崎線「北鴻巣」駅 徒歩3～7分</li><li>JR高崎線「鴻巣」駅 徒歩58～62分</li><li>JR高崎線「吹上」駅 徒歩38～42分</li>
saitama,ageo,パークシティ鴻巣駅前プラザ,80000,JR高崎線「吹上」駅,38.0,42.0,,,,鴻巣市赤見台2-2,13号棟,鉄筋コンクリート造,5,N,506号室,3LDK,75,5,77900,2100,2か月,['近居割'],随時,https://www.ur-net.go.jp/chintai/kanto/saitama/50_2140_room.html?JKSS=000130506,<li>JR高崎線「北鴻巣」駅 徒歩3～7分</li><li>JR高崎線「鴻巣」駅 徒歩58～62分</li><li>JR高崎線「吹上」駅 徒歩38～42分</li>
saitama,ageo,パークシティ鴻巣駅前プラザ,80000,,,,,,,鴻巣市赤見台2-2,13号棟,鉄筋コンクリート造,5,N,506号室,3LDK,75,5,77900,2100,2か月,['近居割'],随時,https://www.ur-net.go.jp/chintai/kanto/saitama/50_2140_room.html?JKSS=000130506,<li>JR高崎線「北鴻巣」駅 徒歩3～7分</li><li>JR高崎線「鴻巣」駅 徒歩58～62分</li><li>JR高崎線「吹上」駅 徒歩38～42分</li>
saitama,ageo,パークシティ鴻巣　駅前プラザ第三,78600,JR高崎線「北鴻巣」駅,3.0,4.0,,,,鴻巣市赤見台1-13ほか,2号棟,鉄筋コンクリート造,5,N,504号室,3DK,63,5,75600,3000,2か月,['近居割'],随時,https://www.ur-net.go.jp/chintai/kanto/saitama/50_2940_room.html?JKSS=000020504,<li>JR高崎線「北鴻巣」駅 徒歩3～4分</li><li>JR高崎線「吹上」駅 徒歩42～44分</li><li>JR高崎線「鴻巣」駅 徒歩56～59分</li>
saitama,ageo,パークシティ鴻巣　駅前プラザ第三,78600,JR高崎線「吹上」駅,42.0,44.0,,,,鴻巣市赤見台1-13ほか,2号棟,鉄筋コンクリート造,5,N,504号室,3DK,63,5,75600,3000,2か月,['近居割'],随時,https://www.ur-net.go.jp/chintai/kanto/saitama/50_2940_room.html?JKSS=000020504,<li>JR高崎線「北鴻巣」駅 徒歩3～4分</li><li>JR高崎線「吹上」駅 徒歩42～44分</li><li>JR高崎線「鴻巣」駅 徒歩56～59分</li>
saitama,ageo,パークシティ鴻巣　駅前プラザ第三,78600,JR高崎線「鴻巣」駅,56.0,59.0,,,,鴻巣市赤見台1-13ほか,2号棟,鉄筋コンクリート造,5,N,504号室,3DK,63,5,75600,3000,2か月,['近居割'],随時,https://www.ur-net.go.jp/chintai/kanto/saitama/50_2940_room.html?JKSS=000020504,<li>JR高崎線「北鴻巣」駅 徒歩3～4分</li><li>JR高崎線「吹上」駅 徒歩42～44分</li><li>JR高崎線「鴻巣」駅 徒歩56～59分</li>
saitama,ageo,パークシティ鴻巣　駅前プラザ第三,78600,,,,,,,鴻巣市赤見台1-13ほか,2号棟,鉄筋コンクリート造,5,N,504号室,3DK,63,5,75600,3000,2か月,['近居割'],随時,https://www.ur-net.go.jp/chintai/kanto/saitama/50_2940_room.html?JKSS=000020504,<li>JR高崎線「北鴻巣」駅 徒歩3～4分</li><li>JR高崎線「吹上」駅 徒歩42～44分</li><li>JR高崎線「鴻巣」駅 徒歩56～59分</li>
saitama,ageo,パークシティ鴻巣　駅前プラザ第三,82300,JR高崎線「北鴻巣」駅,3.0,4.0,,,,鴻巣市赤見台1-13ほか,2号棟,鉄筋コンクリート造,3,N,306号室,3DK,63,5,79300,3000,2か月,['近居割'],2026年9月7日以降,https://www.ur-net.go.jp/chintai/kanto/saitama/50_2940_room.html?JKSS=000020306,<li>JR高崎線「北鴻巣」駅 徒歩3～4分</li><li>JR高崎線「吹上」駅 徒歩42～44分</li><li>JR高崎線「鴻巣」駅 徒歩56～59分</li>
saitama,ageo,パークシティ鴻巣　駅前プラザ第三,82300,JR高崎線「吹上」駅,42.0,44.0,,,,鴻巣市赤見台1-13ほか,2号棟,鉄筋コンクリート造,3,N,306号室,3DK,63,5,79300,3000,2か月,['近居割'],2026年9月7日以降,https://www.ur-net.go.jp/chintai/kanto/saitama/50_2940_room.html?JKSS=000020306,<li>JR高崎線「北鴻巣」駅 徒歩3～4分</li><li>JR高崎線「吹上」駅 徒歩42～44分</li><li>JR高崎線「鴻巣」駅 徒歩56～59分</li>
saitama,ageo,パークシティ鴻巣　駅前プラザ第三,82300,JR高崎線「鴻巣」駅,56.0,59.0,,,,鴻巣市赤見台1-13ほか,2号棟,鉄筋コンクリート造,3,N,306号室,3DK,63,5,79300,3000,2か月,['近居割'],2026年9月7日以降,https://www.ur-net.go.jp/chintai/kanto/saitama/50_2940_room.html?JKSS=000020306,<li>JR高崎線「北鴻巣」駅 徒歩3～4分</li><li>JR高崎線「吹上」駅 徒歩42～44分</li><li>JR高崎線「鴻巣」駅 徒歩56～59分</li>
saitama,ageo,パークシティ鴻巣　駅前プラザ第三,82300,,,,,,,鴻巣市赤見台1-13ほか,2号棟,鉄筋コンクリート造,3,N,306号室,3DK,63,5,79300,3000,2か月,['近居割'],2026年9月7日以降,https://www.ur-net.go.jp/chintai/kanto/saitama/50_2940_room.html?JKSS=000020306,<li>JR高崎線「北鴻巣」駅 徒歩3～4分</li><li>JR高崎線「吹上」駅 徒歩42～44分</li><li>JR高崎線「鴻巣」駅 徒歩56～59分</li>
saitama,ageo,パークシティ鴻巣　駅前プラザ第三,89200,JR高崎線「北鴻巣」駅,3.0,4.0,,,,鴻巣市赤見台1-13ほか,5号棟,鉄筋コンクリート造,4,N,407号室,1LDK,58,10,86200,3000,2か月,['近居割'],2026年9月11日以降,https://www.ur-net.go.jp/chintai/kanto/saitama/50_2940_room.html?JKSS=000050407,<li>JR高崎線「北鴻巣」駅 徒歩3～4分</li><li>JR高崎線「吹上」駅 徒歩42～44分</li><li>JR高崎線「鴻巣」駅 徒歩56～59分</li>
saitama,ageo,パークシティ鴻巣　駅前プラザ第三,89200,JR高崎線「吹上」駅,42.0,44.0,,,,鴻巣市赤見台1-13ほか,5号棟,鉄筋コンクリート造,4,N,407号室,1LDK,58,10,86200,3000,2か月,['近居割'],2026年9月11日以降,https://www.ur-net.go.jp/chintai/kanto/saitama/50_2940_room.html?JKSS=000050407,<li>JR高崎線「北鴻巣」駅 徒歩3～4分</li><li>JR高崎線「吹上」駅 徒歩42～44分</li><li>JR高崎線「鴻巣」駅 徒歩56～59分</li>
saitama,ageo,パークシティ鴻巣　駅前プラザ第三,89200,JR高崎線「鴻巣」駅,56.0,59.0,,,,鴻巣市赤見台1-13ほか,5号棟,鉄筋コンクリート造,4,N,407号室,1LDK,58,10,86200,3000,2か月,['近居割'],2026年9月11日以降,https://www.ur-net.go.jp/chintai/kanto/saitama/50_2940_room.html?JKSS=000050407,<li>JR高崎線「北鴻巣」駅 徒歩3～4分</li><li>JR高崎線「吹上」駅 徒歩42～44分</li><li>JR高崎線「鴻巣」駅 徒歩56～59分</li>
saitama,ageo,パークシティ鴻巣　駅前プラザ第三,89200,,,,,,,鴻巣市赤見台1-13ほか,5号棟,鉄筋コンクリート造,4,N,407号室,1LDK,58,10,86200,3000,2か月,['近居割'],2026年9月11日以降,https://www.ur-net.go.jp/chintai/kanto/saitama/50_2940_room.html?JKSS=000050407,<li>JR高崎線「北鴻巣」駅 徒歩3～4分</li><li>JR高崎線「吹上」駅 徒歩42～44分</li><li>JR高崎線「鴻巣」駅 徒歩56～59分</li>
saitama,ageo,パークシティ鴻巣　駅前プラザ第三,100200,JR高崎線「北鴻巣」駅,3.0,4.0,,,,鴻巣市赤見台1-13ほか,5号棟,鉄筋コンクリート造,6,N,605号室,3LDK,67,10,97200,3000,2か月,['近居割'],随時,https://www.ur-net.go.jp/chintai/kanto/saitama/50_2940_room.html?JKSS=000050605,<li>JR高崎線「北鴻巣」駅 徒歩3～4分</li><li>JR高崎線「吹上」駅 徒歩42～44分</li><li>JR高崎線「鴻巣」駅 徒歩56～59分</li>
saitama,ageo,パークシティ鴻巣　駅前プラザ第三,100200,JR高崎線「吹上」駅,42.0,44.0,,,,鴻巣市赤見台1-13ほか,5号棟,鉄筋コンクリート造,6,N,605号室,3LDK,67,10,97200,3000,2か月,['近居割'],随時,https://www.ur-net.go.jp/chintai/kanto/saitama/50_2940_room.html?JKSS=000050605,<li>JR高崎線「北鴻巣」駅 徒歩3～4分</li><li>JR高崎線「吹上」駅 徒歩42～44分</li><li>JR高崎線「鴻巣」駅 徒歩56～59分</li>
saitama,ageo,パークシティ鴻巣　駅前プラザ第三,100200,JR高崎線「鴻巣」駅,56.0,59.0,,,,鴻巣市赤見台1-13ほか,5号棟,鉄筋コンクリート造,6,N,605号室,3LDK,67,10,97200,3000,2か月,['近居割'],随時,https://www.ur-net.go.jp/chintai/kanto/saitama/50_2940_room.html?JKSS=000050605,<li>JR高崎線「北鴻巣」駅 徒歩3～4分</li><li>JR高崎線「吹上」駅 徒歩42～44分</li><li>JR高崎線「鴻巣」駅 徒歩56～59分</li>
saitama,ageo,パークシティ鴻巣　駅前プラザ第三,100200,,,,,,,鴻巣市赤見台1-13ほか,5号棟,鉄筋コンクリート造,6,N,605号室,3LDK,67,10,97200,3000,2か月,['近居割'],随時,https://www.ur-net.go.jp/chintai/kanto/saitama/50_2940_room.html?JKSS=000050605,<li>JR高崎線「北鴻巣」駅 徒歩3～4分</li><li>JR高崎線「吹上」駅 徒歩42～44分</li><li>JR高崎線「鴻巣」駅 徒歩56～59分</li>
saitama,ageo,西上尾第一,56500,,,,JR高崎線「上尾」駅,6.0,15.0,上尾市小敷谷845-1,1-19号棟,鉄筋コンクリート造,5,N,506号室,2LDK,52,5,53100,3400,2か月,"['近居割', '近居割WIDE']",随時,https://www.ur-net.go.jp/chintai/kanto/saitama/50_1230_room.html?JKSS=000119506,<li>JR高崎線「上尾」駅バス5～10分 徒歩1～5分</li><li>JR高崎線「北上尾」駅 徒歩36～54分</li><li>JR京浜東北・根岸線「大宮」駅バス27分 徒歩3～15分</li>
saitama,ageo,西上尾第一,56500,JR高崎線「北上尾」駅,36.0,54.0,,,,上尾市小敷谷845-1,1-19号棟,鉄筋コンクリート造,5,N,506号室,2LDK,52,5,53100,3400,2か月,"['近居割', '近居割WIDE']",随時,https://www.ur-net.go.jp/chintai/kanto/saitama/50_1230_room.html?JKSS=000119506,<li>JR高崎線「上尾」駅バス5～10分 徒歩1～5分</li><li>JR高崎線「北上尾」駅 徒歩36～54分</li><li>JR京浜東北・根岸線「大宮」駅バス27分 徒歩3～15分</li>
saitama,ageo,西上尾第一,56500,,,,JR京浜東北・根岸線「大宮」駅,30.0,42.0,上尾市小敷谷845-1,1-19号棟,鉄筋コンクリート造,5,N,506号室,2LDK,52,5,53100,3400,2か月,"['近居割', '近居割WIDE']",随時,https://www.ur-net.go.jp/chintai/kanto/saitama/50_1230_room.html?JKSS=000119506,<li>JR高崎線「上尾」駅バス5～10分 徒歩1～5分</li><li>JR高崎線「北上尾」駅 徒歩36～54分</li><li>JR京浜東北・根岸線「大宮」駅バス27分 徒歩3～15分</li>
saitama,ageo,西上尾第一,56500,,,,,,,上尾市小敷谷845-1,1-19号棟,鉄筋コンクリート造,5,N,506号室,2LDK,52,5,53100,3400,2か月,"['近居割', '近居割WIDE']",随時,https://www.ur-net.go.jp/chintai/kanto/saitama/50_1230_room.html?JKSS=000119506,<li>JR高崎線「上尾」駅バス5～10分 徒歩1～5分</li><li>JR高崎線「北上尾」駅 徒歩36～54分</li><li>JR京浜東北・根岸線「大宮」駅バス27分 徒歩3～15分</li>
saitama,ageo,西上尾第一,59000,,,,JR高崎線「上尾」駅,6.0,15.0,上尾市小敷谷845-1,1-9号棟,鉄筋コンクリート造,3,N,308号室,2LDK,52,5,55600,3400,2か月,"['近居割', '近居割WIDE']",随時,https://www.ur-net.go.jp/chintai/kanto/saitama/50_1230_room.html?JKSS=000109308,<li>JR高崎線「上尾」駅バス5～10分 徒歩1～5分</li><li>JR高崎線「北上尾」駅 徒歩36～54分</li><li>JR京浜東北・根岸線「大宮」駅バス27分 徒歩3～15分</li>
saitama,ageo,西上尾第一,59000,JR高崎線「北上尾」駅,36.0,54.0,,,,上尾市小敷谷845-1,1-9号棟,鉄筋コンクリート造,3,N,308号室,2LDK,52,5,55600,3400,2か月,"['近居割', '近居割WIDE']",随時,https://www.ur-net.go.jp/chintai/kanto/saitama/50_1230_room.html?JKSS=000109308,<li>JR高崎線「上尾」駅バス5～10分 徒歩1～5分</li><li>JR高崎線「北上尾」駅 徒歩36～54分</li><li>JR京浜東北・根岸線「大宮」駅バス27分 徒歩3～15分</li>
saitama,ageo,西上尾第一,59000,,,,JR京浜東北・根岸線「大宮」駅,30.0,42.0,上尾市小敷谷845-1,1-9号棟,鉄筋コンクリート造,3,N,308号室,2LDK,52,5,55600,3400,2か月,"['近居割', '近居割WIDE']",随時,https://www.ur-net.go.jp/chintai/kanto/saitama/50_1230_room.html?JKSS=000109308,<li>JR高崎線「上尾」駅バス5～10分 徒歩1～5分</li><li>JR高崎線「北上尾」駅 徒歩36～54分</li><li>JR京浜東北・根岸線「大宮」駅バス27分 徒歩3～15分</li>
saitama,ageo,西上尾第一,59000,,,,,,,上尾市小敷谷845-1,1-9号棟,鉄筋コンクリート造,3,N,308号室,2LDK,52,5,55600,3400,2か月,"['近居割', '近居割WIDE']",随時,https://www.ur-net.go.jp/chintai/kanto/saitama/50_1230_room.html?JKSS=000109308,<li>JR高崎線「上尾」駅バス5～10分 徒歩1～5分</li><li>JR高崎線「北上尾」駅 徒歩36～54分</li><li>JR京浜東北・根岸線「大宮」駅バス27分 徒歩3～15分</li>
saitama,ageo,西上尾第一,59300,,,,JR高崎線「上尾」駅,6.0,15.0,上尾市小敷谷845-1,2-18号棟,鉄筋コンクリート造,4,N,405号室,3DK,54,5,55900,3400,2か月,"['近居割', '近居割WIDE']",2026年9月7日以降,https://www.ur-net.go.jp/chintai/kanto/saitama/50_1230_room.html?JKSS=000218405,<li>JR高崎線「上尾」駅バス5～10分 徒歩1～5分</li><li>JR高崎線「北上尾」駅 徒歩36～54分</li><li>JR京浜東北・根岸線「大宮」駅バス27分 徒歩3～15分</li>
saitama,ageo,西上尾第一,59300,JR高崎線「北上尾」駅,36.0,54.0,,,,上尾市小敷谷845-1,2-18号棟,鉄筋コンクリート造,4,N,405号室,3DK,54,5,55900,3400,2か月,"['近居割', '近居割WIDE']",2026年9月7日以降,https://www.ur-net.go.jp/chintai/kanto/saitama/50_1230_room.html?JKSS=000218405,<li>JR高崎線「上尾」駅バス5～10分 徒歩1～5分</li><li>JR高崎線「北上尾」駅 徒歩36～54分</li><li>JR京浜東北・根岸線「大宮」駅バス27分 徒歩3～15分</li>
saitama,ageo,西上尾第一,59300,,,,JR京浜東北・根岸線「大宮」駅,30.0,42.0,上尾市小敷谷845-1,2-18号棟,鉄筋コンクリート造,4,N,405号室,3DK,54,5,55900,3400,2か月,"['近居割', '近居割WIDE']",2026年9月7日以降,https://www.ur-net.go.jp/chintai/kanto/saitama/50_1230_room.html?JKSS=000218405,<li>JR高崎線「上尾」駅バス5～10分 徒歩1～5分</li><li>JR高崎線「北上尾」駅 徒歩36～54分</li><li>JR京浜東北・根岸線「大宮」駅バス27分 徒歩3～15分</li>
saitama,ageo,西上尾第一,59300,,,,,,,上尾市小敷谷845-1,2-18号棟,鉄筋コンクリート造,4,N,405号室,3DK,54,5,55900,3400,2か月,"['近居割', '近居割WIDE']",2026年9月7日以降,https://www.ur-net.go.jp/chintai/kanto/saitama/50_1230_room.html?JKSS=000218405,<li>JR高崎線「上尾」駅バス5～10分 徒歩1～5分</li><li>JR高崎線「北上尾」駅 徒歩36～54分</li><li>JR京浜東北・根岸線「大宮」駅バス27分 徒歩3～15分</li>
saitama,ageo,北本,46900,,,,JR高崎線「北本」駅,5.0,17.0,北本市栄7,2-23号棟,鉄筋コンクリート造,5,N,506号室,3K,50,5,43100,3800,2か月,"['近居割', '近居割WIDE']",随時,https://www.ur-net.go.jp/chintai/kanto/saitama/50_1400_room.html?JKSS=000223506,<li>JR高崎線「北本」駅バス4～12分 徒歩1～5分</li><li>JR高崎線「桶川」駅 徒歩30～57分</li><li>JR高崎線「鴻巣」駅 徒歩45～79分</li>
saitama,ageo,北本,46900,JR高崎線「桶川」駅,30.0,57.0,,,,北本市栄7,2-23号棟,鉄筋コンクリート造,5,N,506号室,3K,50,5,43100,3800,2か月,"['近居割', '近居割WIDE']",随時,https://www.ur-net.go.jp/chintai/kanto/saitama/50_1400_room.html?JKSS=000223506,<li>JR高崎線「北本」駅バス4～12分 徒歩1～5分</li><li>JR高崎線「桶川」駅 徒歩30～57分</li><li>JR高崎線「鴻巣」駅 徒歩45～79分</li>
saitama,ageo,北本,46900,JR高崎線「鴻巣」駅,45.0,79.0,,,,北本市栄7,2-23号棟,鉄筋コンクリート造,5,N,506号室,3K,50,5,43100,3800,2か月,"['近居割', '近居割WIDE']",随時,https://www.ur-net.go.jp/chintai/kanto/saitama/50_1400_room.html?JKSS=000223506,<li>JR高崎線「北本」駅バス4～12分 徒歩1～5分</li><li>JR高崎線「桶川」駅 徒歩30～57分</li><li>JR高崎線「鴻巣」駅 徒歩45～79分</li>
saitama,ageo,北本,46900,,,,,,,北本市栄7,2-23号棟,鉄筋コンクリート造,5,N,506号室,3K,50,5,43100,3800,2か月,"['近居割', '近居割WIDE']",随時,https://www.ur-net.go.jp/chintai/kanto/saitama/50_1400_room.html?JKSS=000223506,<li>JR高崎線「北本」駅バス4～12分 徒歩1～5分</li><li>JR高崎線「桶川」駅 徒歩30～57分</li><li>JR高崎線「鴻巣」駅 徒歩45～79分</li>
saitama,ageo,北本,47900,,,,JR高崎線「北本」駅,5.0,17.0,北本市栄7,1-17号棟,鉄筋コンクリート造,5,N,507号室,3K,52,5,44100,3800,2か月,['フリレ１か月'],随時,https://www.ur-net.go.jp/chintai/kanto/saitama/50_1400_room.html?JKSS=000117507,<li>JR高崎線「北本」駅バス4～12分 徒歩1～5分</li><li>JR高崎線「桶川」駅 徒歩30～57分</li><li>JR高崎線「鴻巣」駅 徒歩45～79分</li>
saitama,ageo,北本,47900,JR高崎線「桶川」駅,30.0,57.0,,,,北本市栄7,1-17号棟,鉄筋コンクリート造,5,N,507号室,3K,52,5,44100,3800,2か月,['フリレ１か月'],随時,https://www.ur-net.go.jp/chintai/kanto/saitama/50_1400_room.html?JKSS=000117507,<li>JR高崎線「北本」駅バス4～12分 徒歩1～5分</li><li>JR高崎線「桶川」駅 徒歩30～57分</li><li>JR高崎線「鴻巣」駅 徒歩45～79分</li>
saitama,ageo,北本,47900,JR高崎線「鴻巣」駅,45.0,79.0,,,,北本市栄7,1-17号棟,鉄筋コンクリート造,5,N,507号室,3K,52,5,44100,3800,2か月,['フリレ１か月'],随時,https://www.ur-net.go.jp/chintai/kanto/saitama/50_1400_room.html?JKSS=000117507,<li>JR高崎線「北本」駅バス4～12分 徒歩1～5分</li><li>JR高崎線「桶川」駅 徒歩30～57分</li><li>JR高崎線「鴻巣」駅 徒歩45～79分</li>
saitama,ageo,北本,47900,,,,,,,北本市栄7,1-17号棟,鉄筋コンクリート造,5,N,507号室,3K,52,5,44100,3800,2か月,['フリレ１か月'],随時,https://www.ur-net.go.jp/chintai/kanto/saitama/50_1400_room.html?JKSS=000117507,<li>JR高崎線「北本」駅バス4～12分 徒歩1～5分</li><li>JR高崎線「桶川」駅 徒歩30～57分</li><li>JR高崎線「鴻巣」駅 徒歩45～79分</li>
saitama,ageo,北本,47900,,,,JR高崎線「北本」駅,5.0,17.0,北本市栄7,1-19号棟,鉄筋コンクリート造,5,N,503号室,3K,52,5,44100,3800,2か月,"['近居割', '近居割WIDE']",2026年9月10日以降,https://www.ur-net.go.jp/chintai/kanto/saitama/50_1400_room.html?JKSS=000119503,<li>JR高崎線「北本」駅バス4～12分 徒歩1～5分</li><li>JR高崎線「桶川」駅 徒歩30～57分</li><li>JR高崎線「鴻巣」駅 徒歩45～79分</li>
saitama,ageo,北本,47900,JR高崎線「桶川」駅,30.0,57.0,,,,北本市栄7,1-19号棟,鉄筋コンクリート造,5,N,503号室,3K,52,5,44100,3800,2か月,"['近居割', '近居割WIDE']",2026年9月10日以降,https://www.ur-net.go.jp/chintai/kanto/saitama/50_1400_room.html?JKSS=000119503,<li>JR高崎線「北本」駅バス4～12分 徒歩1～5分</li><li>JR高崎線「桶川」駅 徒歩30～57分</li><li>JR高崎線「鴻巣」駅 徒歩45～79分</li>
saitama,ageo,北本,47900,JR高崎線「鴻巣」駅,45.0,79.0,,,,北本市栄7,1-19号棟,鉄筋コンクリート造,5,N,503号室,3K,52,5,44100,3800,2か月,"['近居割', '近居割WIDE']",2026年9月10日以降,https://www.ur-net.go.jp/chintai/kanto/saitama/50_1400_room.html?JKSS=000119503,<li>JR高崎線「北本」駅バス4～12分 徒歩1～5分</li><li>JR高崎線「桶川」駅 徒歩30～57分</li><li>JR高崎線「鴻巣」駅 徒歩45～79分</li>
saitama,ageo,北本,47900,,,,,,,北本市栄7,1-19号棟,鉄筋コンクリート造,5,N,503号室,3K,52,5,44100,3800,2か月,"['近居割', '近居割WIDE']",2026年9月10日以降,https://www.ur-net.go.jp/chintai/kanto/saitama/50_1400_room.html?JKSS=000119503,<li>JR高崎線「北本」駅バス4～12分 徒歩1～5分</li><li>JR高崎線「桶川」駅 徒歩30～57分</li><li>JR高崎線「鴻巣」駅 徒歩45～79分</li>
saitama,ageo,北本,47900,,,,JR高崎線「北本」駅,5.0,17.0,北本市栄7,3-15号棟,鉄筋コンクリート造,5,N,504号室,3K,52,5,44100,3800,2か月,['フリレ2か月'],随時,https://www.ur-net.go.jp/chintai/kanto/saitama/50_1400_room.html?JKSS=000315504,<li>JR高崎線「北本」駅バス4～12分 徒歩1～5分</li><li>JR高崎線「桶川」駅 徒歩30～57分</li><li>JR高崎線「鴻巣」駅 徒歩45～79分</li>
saitama,ageo,北本,47900,JR高崎線「桶川」駅,30.0,57.0,,,,北本市栄7,3-15号棟,鉄筋コンクリート造,5,N,504号室,3K,52,5,44100,3800,2か月,['フリレ2か月'],随時,https://www.ur-net.go.jp/chintai/kanto/saitama/50_1400_room.html?JKSS=000315504,<li>JR高崎線「北本」駅バス4～12分 徒歩1～5分</li><li>JR高崎線「桶川」駅 徒歩30～57分</li><li>JR高崎線「鴻巣」駅 徒歩45～79分</li>
saitama,ageo,北本,47900,JR高崎線「鴻巣」駅,45.0,79.0,,,,北本市栄7,3-15号棟,鉄筋コンクリート造,5,N,504号室,3K,52,5,44100,3800,2か月,['フリレ2か月'],随時,https://www.ur-net.go.jp/chintai/kanto/saitama/50_1400_room.html?JKSS=000315504,<li>JR高崎線「北本」駅バス4～12分 徒歩1～5分</li><li>JR高崎線「桶川」駅 徒歩30～57分</li><li>JR高崎線「鴻巣」駅 徒歩45～79分</li>
saitama,ageo,北本,47900,,,,,,,北本市栄7,3-15号棟,鉄筋コンクリート造,5,N,504号室,3K,52,5,44100,3800,2か月,['フリレ2か月'],随時,https://www.ur-net.go.jp/chintai/kanto/saitama/50_1400_room.html?JKSS=000315504,<li>JR高崎線「北本」駅バス4～12分 徒歩1～5分</li><li>JR高崎線「桶川」駅 徒歩30～57分</li><li>JR高崎線「鴻巣」駅 徒歩45～79分</li>
saitama,ageo,北本,48100,,,,JR高崎線「北本」駅,5.0,17.0,北本市栄7,1-17号棟,鉄筋コンクリート造,5,N,501号室,3K,52,5,44300,3800,2か月,"['近居割', '近居割WIDE']",随時,https://www.ur-net.go.jp/chintai/kanto/saitama/50_1400_room.html?JKSS=000117501,<li>JR高崎線「北本」駅バス4～12分 徒歩1～5分</li><li>JR高崎線「桶川」駅 徒歩30～57分</li><li>JR高崎線「鴻巣」駅 徒歩45～79分</li>
saitama,ageo,北本,48100,JR高崎線「桶川」駅,30.0,57.0,,,,北本市栄7,1-17号棟,鉄筋コンクリート造,5,N,501号室,3K,52,5,44300,3800,2か月,"['近居割', '近居割WIDE']",随時,https://www.ur-net.go.jp/chintai/kanto/saitama/50_1400_room.html?JKSS=000117501,<li>JR高崎線「北本」駅バス4～12分 徒歩1～5分</li><li>JR高崎線「桶川」駅 徒歩30～57分</li><li>JR高崎線「鴻巣」駅 徒歩45～79分</li>
saitama,ageo,北本,48100,JR高崎線「鴻巣」駅,45.0,79.0,,,,北本市栄7,1-17号棟,鉄筋コンクリート造,5,N,501号室,3K,52,5,44300,3800,2か月,"['近居割', '近居割WIDE']",随時,https://www.ur-net.go.jp/chintai/kanto/saitama/50_1400_room.html?JKSS=000117501,<li>JR高崎線「北本」駅バス4～12分 徒歩1～5分</li><li>JR高崎線「桶川」駅 徒歩30～57分</li><li>JR高崎線「鴻巣」駅 徒歩45～79分</li>
saitama,ageo,北本,48100,,,,,,,北本市栄7,1-17号棟,鉄筋コンクリート造,5,N,501号室,3K,52,5,44300,3800,2か月,"['近居割', '近居割WIDE']",随時,https://www.ur-net.go.jp/chintai/kanto/saitama/50_1400_room.html?JKSS=000117501,<li>JR高崎線「北本」駅バス4～12分 徒歩1～5分</li><li>JR高崎線「桶川」駅 徒歩30～57分</li><li>JR高崎線「鴻巣」駅 徒歩45～79分</li>
saitama,tokorozawa,所沢パークタウン並木通り,73800,,,,西武新宿線「航空公園」駅,10.0,12.0,所沢市並木8-1,5号棟,鉄骨鉄筋コンクリート造,2,N,210号室,2DK,48,11,69300,4500,2か月,"['近居割', '近居割WIDE']",随時,https://www.ur-net.go.jp/chintai/kanto/saitama/50_1980_room.html?JKSS=000050210,<li>西武新宿線「航空公園」駅バス8分 徒歩2～4分</li><li>西武新宿線「所沢」駅バス10分 徒歩3～5分</li><li>西武新宿線「新所沢」駅 徒歩36～38分</li>
saitama,tokorozawa,所沢パークタウン並木通り,73800,,,,西武新宿線「所沢」駅,13.0,15.0,所沢市並木8-1,5号棟,鉄骨鉄筋コンクリート造,2,N,210号室,2DK,48,11,69300,4500,2か月,"['近居割', '近居割WIDE']",随時,https://www.ur-net.go.jp/chintai/kanto/saitama/50_1980_room.html?JKSS=000050210,<li>西武新宿線「航空公園」駅バス8分 徒歩2～4分</li><li>西武新宿線「所沢」駅バス10分 徒歩3～5分</li><li>西武新宿線「新所沢」駅 徒歩36～38分</li>
saitama,tokorozawa,所沢パークタウン並木通り,73800,西武新宿線「新所沢」駅,36.0,38.0,,,,所沢市並木8-1,5号棟,鉄骨鉄筋コンクリート造,2,N,210号室,2DK,48,11,69300,4500,2か月,"['近居割', '近居割WIDE']",随時,https://www.ur-net.go.jp/chintai/kanto/saitama/50_1980_room.html?JKSS=000050210,<li>西武新宿線「航空公園」駅バス8分 徒歩2～4分</li><li>西武新宿線「所沢」駅バス10分 徒歩3～5分</li><li>西武新宿線「新所沢」駅 徒歩36～38分</li>
saitama,tokorozawa,所沢パークタウン並木通り,73800,,,,,,,所沢市並木8-1,5号棟,鉄骨鉄筋コンクリート造,2,N,210号室,2DK,48,11,69300,4500,2か月,"['近居割', '近居割WIDE']",随時,https://www.ur-net.go.jp/chintai/kanto/saitama/50_1980_room.html?JKSS=000050210,<li>西武新宿線「航空公園」駅バス8分 徒歩2～4分</li><li>西武新宿線「所沢」駅バス10分 徒歩3～5分</li><li>西武新宿線「新所沢」駅 徒歩36～38分</li>
saitama,tokorozawa,所沢パークタウン並木通り,74400,,,,西武新宿線「航空公園」駅,10.0,12.0,所沢市並木8-1,2号棟,鉄骨鉄筋コンクリート造,8,N,811号室,2DK,48,14,69900,4500,2か月,"['近居割', '近居割WIDE']",随時,https://www.ur-net.go.jp/chintai/kanto/saitama/50_1980_room.html?JKSS=000020811,<li>西武新宿線「航空公園」駅バス8分 徒歩2～4分</li><li>西武新宿線「所沢」駅バス10分 徒歩3～5分</li><li>西武新宿線「新所沢」駅 徒歩36～38分</li>
saitama,tokorozawa,所沢パークタウン並木通り,74400,,,,西武新宿線「所沢」駅,13.0,15.0,所沢市並木8-1,2号棟,鉄骨鉄筋コンクリート造,8,N,811号室,2DK,48,14,69900,4500,2か月,"['近居割', '近居割WIDE']",随時,https://www.ur-net.go.jp/chintai/kanto/saitama/50_1980_room.html?JKSS=000020811,<li>西武新宿線「航空公園」駅バス8分 徒歩2～4分</li><li>西武新宿線「所沢」駅バス10分 徒歩3～5分</li><li>西武新宿線「新所沢」駅 徒歩36～38分</li>
saitama,tokorozawa,所沢パークタウン並木通り,74400,西武新宿線「新所沢」駅,36.0,38.0,,,,所沢市並木8-1,2号棟,鉄骨鉄筋コンクリート造,8,N,811号室,2DK,48,14,69900,4500,2か月,"['近居割', '近居割WIDE']",随時,https://www.ur-net.go.jp/chintai/kanto/saitama/50_1980_room.html?JKSS=000020811,<li>西武新宿線「航空公園」駅バス8分 徒歩2～4分</li><li>西武新宿線「所沢」駅バス10分 徒歩3～5分</li><li>西武新宿線「新所沢」駅 徒歩36～38分</li>
saitama,tokorozawa,所沢パークタウン並木通り,74400,,,,,,,所沢市並木8-1,2号棟,鉄骨鉄筋コンクリート造,8,N,811号室,2DK,48,14,69900,4500,2か月,"['近居割', '近居割WIDE']",随時,https://www.ur-net.go.jp/chintai/kanto/saitama/50_1980_room.html?JKSS=000020811,<li>西武新宿線「航空公園」駅バス8分 徒歩2～4分</li><li>西武新宿線「所沢」駅バス10分 徒歩3～5分</li><li>西武新宿線「新所沢」駅 徒歩36～38分</li>
saitama,tokorozawa,所沢パークタウン並木通り,99800,,,,西武新宿線「航空公園」駅,10.0,12.0,所沢市並木8-1,6号棟,鉄骨鉄筋コンクリート造,11,N,1106号室,3DK,65,11,95300,4500,2か月,['フリレ１か月'],随時,https://www.ur-net.go.jp/chintai/kanto/saitama/50_1980_room.html?JKSS=000061106,<li>西武新宿線「航空公園」駅バス8分 徒歩2～4分</li><li>西武新宿線「所沢」駅バス10分 徒歩3～5分</li><li>西武新宿線「新所沢」駅 徒歩36～38分</li>
saitama,tokorozawa,所沢パークタウン並木通り,99800,,,,西武新宿線「所沢」駅,13.0,15.0,所沢市並木8-1,6号棟,鉄骨鉄筋コンクリート造,11,N,1106号室,3DK,65,11,95300,4500,2か月,['フリレ１か月'],随時,https://www.ur-net.go.jp/chintai/kanto/saitama/50_1980_room.html?JKSS=000061106,<li>西武新宿線「航空公園」駅バス8分 徒歩2～4分</li><li>西武新宿線「所沢」駅バス10分 徒歩3～5分</li><li>西武新宿線「新所沢」駅 徒歩36～38分</li>
saitama,tokorozawa,所沢パークタウン並木通り,99800,西武新宿線「新所沢」駅,36.0,38.0,,,,所沢市並木8-1,6号棟,鉄骨鉄筋コンクリート造,11,N,1106号室,3DK,65,11,95300,4500,2か月,['フリレ１か月'],随時,https://www.ur-net.go.jp/chintai/kanto/saitama/50_1980_room.html?JKSS=000061106,<li>西武新宿線「航空公園」駅バス8分 徒歩2～4分</li><li>西武新宿線「所沢」駅バス10分 徒歩3～5分</li><li>西武新宿線「新所沢」駅 徒歩36～38分</li>
saitama,tokorozawa,所沢パークタウン並木通り,99800,,,,,,,所沢市並木8-1,6号棟,鉄骨鉄筋コンクリート造,11,N,1106号室,3DK,65,11,95300,4500,2か月,['フリレ１か月'],随時,https://www.ur-net.go.jp/chintai/kanto/saitama/50_1980_room.html?JKSS=000061106,<li>西武新宿線「航空公園」駅バス8分 徒歩2～4分</li><li>西武新宿線「所沢」駅バス10分 徒歩3～5分</li><li>西武新宿線「新所沢」駅 徒歩36～38分</li>
saitama,shiki,朝霞浜崎,92900,東武東上線「朝霞台」駅,8.0,9.0,,,,朝霞市朝志ケ丘1-2,1号棟,鉄骨鉄筋コンクリート造,3,N,340号室,1LDK,45,15,90100,2800,2か月,['近居割'],随時,https://www.ur-net.go.jp/chintai/kanto/saitama/50_1700_room.html?JKSS=000010340,<li>東武東上線「朝霞台」駅 徒歩8～9分</li><li>JR武蔵野線「北朝霞」駅 徒歩8～9分</li><li>東武東上線「志木」駅 徒歩14分</li>
saitama,shiki,朝霞浜崎,92900,JR武蔵野線「北朝霞」駅,8.0,9.0,,,,朝霞市朝志ケ丘1-2,1号棟,鉄骨鉄筋コンクリート造,3,N,340号室,1LDK,45,15,90100,2800,2か月,['近居割'],随時,https://www.ur-net.go.jp/chintai/kanto/saitama/50_1700_room.html?JKSS=000010340,<li>東武東上線「朝霞台」駅 徒歩8～9分</li><li>JR武蔵野線「北朝霞」駅 徒歩8～9分</li><li>東武東上線「志木」駅 徒歩14分</li>
saitama,shiki,朝霞浜崎,92900,東武東上線「志木」駅,14.0,14.0,,,,朝霞市朝志ケ丘1-2,1号棟,鉄骨鉄筋コンクリート造,3,N,340号室,1LDK,45,15,90100,2800,2か月,['近居割'],随時,https://www.ur-net.go.jp/chintai/kanto/saitama/50_1700_room.html?JKSS=000010340,<li>東武東上線「朝霞台」駅 徒歩8～9分</li><li>JR武蔵野線「北朝霞」駅 徒歩8～9分</li><li>東武東上線「志木」駅 徒歩14分</li>
saitama,shiki,朝霞浜崎,92900,,,,,,,朝霞市朝志ケ丘1-2,1号棟,鉄骨鉄筋コンクリート造,3,N,340号室,1LDK,45,15,90100,2800,2か月,['近居割'],随時,https://www.ur-net.go.jp/chintai/kanto/saitama/50_1700_room.html?JKSS=000010340,<li>東武東上線「朝霞台」駅 徒歩8～9分</li><li>JR武蔵野線「北朝霞」駅 徒歩8～9分</li><li>東武東上線「志木」駅 徒歩14分</li>
saitama,kamifukuoka,コンフォール鶴瀬,94100,東武東上線「鶴瀬」駅,6.0,10.0,,,,富士見市鶴瀬西2-3ほか,7号棟,鉄筋コンクリート造,5,N,505号室,1K,43,14,90000,4100,2か月,"['近居割', '近居割WIDE']",随時,https://www.ur-net.go.jp/chintai/kanto/saitama/50_4100_room.html?JKSS=000070505,<li>東武東上線「鶴瀬」駅 徒歩6～10分</li><li>東武東上線「みずほ台」駅 徒歩24～28分</li><li>東武東上線「ふじみ野」駅 徒歩26～31分</li>
saitama,kamifukuoka,コンフォール鶴瀬,94100,東武東上線「みずほ台」駅,24.0,28.0,,,,富士見市鶴瀬西2-3ほか,7号棟,鉄筋コンクリート造,5,N,505号室,1K,43,14,90000,4100,2か月,"['近居割', '近居割WIDE']",随時,https://www.ur-net.go.jp/chintai/kanto/saitama/50_4100_room.html?JKSS=000070505,<li>東武東上線「鶴瀬」駅 徒歩6～10分</li><li>東武東上線「みずほ台」駅 徒歩24～28分</li><li>東武東上線「ふじみ野」駅 徒歩26～31分</li>
saitama,kamifukuoka,コンフォール鶴瀬,94100,東武東上線「ふじみ野」駅,26.0,31.0,,,,富士見市鶴瀬西2-3ほか,7号棟,鉄筋コンクリート造,5,N,505号室,1K,43,14,90000,4100,2か月,"['近居割', '近居割WIDE']",随時,https://www.ur-net.go.jp/chintai/kanto/saitama/50_4100_room.html?JKSS=000070505,<li>東武東上線「鶴瀬」駅 徒歩6～10分</li><li>東武東上線「みずほ台」駅 徒歩24～28分</li><li>東武東上線「ふじみ野」駅 徒歩26～31分</li>
saitama,kamifukuoka,コンフォール鶴瀬,94100,,,,,,,富士見市鶴瀬西2-3ほか,7号棟,鉄筋コンクリート造,5,N,505号室,1K,43,14,90000,4100,2か月,"['近居割', '近居割WIDE']",随時,https://www.ur-net.go.jp/chintai/kanto/saitama/50_4100_room.html?JKSS=000070505,<li>東武東上線「鶴瀬」駅 徒歩6～10分</li><li>東武東上線「みずほ台」駅 徒歩24～28分</li><li>東武東上線「ふじみ野」駅 徒歩26～31分</li>
saitama,kamifukuoka,コンフォール鶴瀬,94300,東武東上線「鶴瀬」駅,6.0,10.0,,,,富士見市鶴瀬西2-3ほか,7号棟,鉄筋コンクリート造,7,N,702号室,1DK,43,14,90200,4100,2か月,"['近居割', '近居割WIDE']",随時,https://www.ur-net.go.jp/chintai/kanto/saitama/50_4100_room.html?JKSS=000070702,<li>東武東上線「鶴瀬」駅 徒歩6～10分</li><li>東武東上線「みずほ台」駅 徒歩24～28分</li><li>東武東上線「ふじみ野」駅 徒歩26～31分</li>
saitama,kamifukuoka,コンフォール鶴瀬,94300,東武東上線「みずほ台」駅,24.0,28.0,,,,富士見市鶴瀬西2-3ほか,7号棟,鉄筋コンクリート造,7,N,702号室,1DK,43,14,90200,4100,2か月,"['近居割', '近居割WIDE']",随時,https://www.ur-net.go.jp/chintai/kanto/saitama/50_4100_room.html?JKSS=000070702,<li>東武東上線「鶴瀬」駅 徒歩6～10分</li><li>東武東上線「みずほ台」駅 徒歩24～28分</li><li>東武東上線「ふじみ野」駅 徒歩26～31分</li>
saitama,kamifukuoka,コンフォール鶴瀬,94300,東武東上線「ふじみ野」駅,26.0,31.0,,,,富士見市鶴瀬西2-3ほか,7号棟,鉄筋コンクリート造,7,N,702号室,1DK,43,14,90200,4100,2か月,"['近居割', '近居割WIDE']",随時,https://www.ur-net.go.jp/chintai/kanto/saitama/50_4100_room.html?JKSS=000070702,<li>東武東上線「鶴瀬」駅 徒歩6～10分</li><li>東武東上線「みずほ台」駅 徒歩24～28分</li><li>東武東上線「ふじみ野」駅 徒歩26～31分</li>
saitama,kamifukuoka,コンフォール鶴瀬,94300,,,,,,,富士見市鶴瀬西2-3ほか,7号棟,鉄筋コンクリート造,7,N,702号室,1DK,43,14,90200,4100,2か月,"['近居割', '近居割WIDE']",随時,https://www.ur-net.go.jp/chintai/kanto/saitama/50_4100_room.html?JKSS=000070702,<li>東武東上線「鶴瀬」駅 徒歩6～10分</li><li>東武東上線「みずほ台」駅 徒歩24～28分</li><li>東武東上線「ふじみ野」駅 徒歩26～31分</li>
saitama,kamifukuoka,コンフォール鶴瀬,108300,東武東上線「鶴瀬」駅,6.0,10.0,,,,富士見市鶴瀬西2-3ほか,3号棟,鉄筋コンクリート造,9,N,903号室,1LDK,50,10,104200,4100,2か月,"['近居割', '近居割WIDE']",随時,https://www.ur-net.go.jp/chintai/kanto/saitama/50_4100_room.html?JKSS=000030903,<li>東武東上線「鶴瀬」駅 徒歩6～10分</li><li>東武東上線「みずほ台」駅 徒歩24～28分</li><li>東武東上線「ふじみ野」駅 徒歩26～31分</li>
saitama,kamifukuoka,コンフォール鶴瀬,108300,東武東上線「みずほ台」駅,24.0,28.0,,,,富士見市鶴瀬西2-3ほか,3号棟,鉄筋コンクリート造,9,N,903号室,1LDK,50,10,104200,4100,2か月,"['近居割', '近居割WIDE']",随時,https://www.ur-net.go.jp/chintai/kanto/saitama/50_4100_room.html?JKSS=000030903,<li>東武東上線「鶴瀬」駅 徒歩6～10分</li><li>東武東上線「みずほ台」駅 徒歩24～28分</li><li>東武東上線「ふじみ野」駅 徒歩26～31分</li>
saitama,kamifukuoka,コンフォール鶴瀬,108300,東武東上線「ふじみ野」駅,26.0,31.0,,,,富士見市鶴瀬西2-3ほか,3号棟,鉄筋コンクリート造,9,N,903号室,1LDK,50,10,104200,4100,2か月,"['近居割', '近居割WIDE']",随時,https://www.ur-net.go.jp/chintai/kanto/saitama/50_4100_room.html?JKSS=000030903,<li>東武東上線「鶴瀬」駅 徒歩6～10分</li><li>東武東上線「みずほ台」駅 徒歩24～28分</li><li>東武東上線「ふじみ野」駅 徒歩26～31分</li>
saitama,kamifukuoka,コンフォール鶴瀬,108300,,,,,,,富士見市鶴瀬西2-3ほか,3号棟,鉄筋コンクリート造,9,N,903号室,1LDK,50,10,104200,4100,2か月,"['近居割', '近居割WIDE']",随時,https://www.ur-net.go.jp/chintai/kanto/saitama/50_4100_room.html?JKSS=000030903,<li>東武東上線「鶴瀬」駅 徒歩6～10分</li><li>東武東上線「みずほ台」駅 徒歩24～28分</li><li>東武東上線「ふじみ野」駅 徒歩26～31分</li>
saitama,kamifukuoka,コンフォール鶴瀬,108700,東武東上線「鶴瀬」駅,6.0,10.0,,,,富士見市鶴瀬西2-3ほか,3号棟,鉄筋コンクリート造,3,N,304号室,1LDK,50,10,104600,4100,2か月,"['近居割', '近居割WIDE']",随時,https://www.ur-net.go.jp/chintai/kanto/saitama/50_4100_room.html?JKSS=000030304,<li>東武東上線「鶴瀬」駅 徒歩6～10分</li><li>東武東上線「みずほ台」駅 徒歩24～28分</li><li>東武東上線「ふじみ野」駅 徒歩26～31分</li>
saitama,kamifukuoka,コンフォール鶴瀬,108700,東武東上線「みずほ台」駅,24.0,28.0,,,,富士見市鶴瀬西2-3ほか,3号棟,鉄筋コンクリート造,3,N,304号室,1LDK,50,10,104600,4100,2か月,"['近居割', '近居割WIDE']",随時,https://www.ur-net.go.jp/chintai/kanto/saitama/50_4100_room.html?JKSS=000030304,<li>東武東上線「鶴瀬」駅 徒歩6～10分</li><li>東武東上線「みずほ台」駅 徒歩24～28分</li><li>東武東上線「ふじみ野」駅 徒歩26～31分</li>
saitama,kamifukuoka,コンフォール鶴瀬,108700,東武東上線「ふじみ野」駅,26.0,31.0,,,,富士見市鶴瀬西2-3ほか,3号棟,鉄筋コンクリート造,3,N,304号室,1LDK,50,10,104600,4100,2か月,"['近居割', '近居割WIDE']",随時,https://www.ur-net.go.jp/chintai/kanto/saitama/50_4100_room.html?JKSS=000030304,<li>東武東上線「鶴瀬」駅 徒歩6～10分</li><li>東武東上線「みずほ台」駅 徒歩24～28分</li><li>東武東上線「ふじみ野」駅 徒歩26～31分</li>
saitama,kamifukuoka,コンフォール鶴瀬,108700,,,,,,,富士見市鶴瀬西2-3ほか,3号棟,鉄筋コンクリート造,3,N,304号室,1LDK,50,10,104600,4100,2か月,"['近居割', '近居割WIDE']",随時,https://www.ur-net.go.jp/chintai/kanto/saitama/50_4100_room.html?JKSS=000030304,<li>東武東上線「鶴瀬」駅 徒歩6～10分</li><li>東武東上線「みずほ台」駅 徒歩24～28分</li><li>東武東上線「ふじみ野」駅 徒歩26～31分</li>
saitama,kamifukuoka,コンフォール鶴瀬,110700,東武東上線「鶴瀬」駅,6.0,10.0,,,,富士見市鶴瀬西2-3ほか,2号棟,鉄筋コンクリート造,3,N,303号室,1LDK,56,8,106600,4100,2か月,"['近居割', '近居割WIDE']",随時,https://www.ur-net.go.jp/chintai/kanto/saitama/50_4100_room.html?JKSS=000020303,<li>東武東上線「鶴瀬」駅 徒歩6～10分</li><li>東武東上線「みずほ台」駅 徒歩24～28分</li><li>東武東上線「ふじみ野」駅 徒歩26～31分</li>
saitama,kamifukuoka,コンフォール鶴瀬,110700,東武東上線「みずほ台」駅,24.0,28.0,,,,富士見市鶴瀬西2-3ほか,2号棟,鉄筋コンクリート造,3,N,303号室,1LDK,56,8,106600,4100,2か月,"['近居割', '近居割WIDE']",随時,https://www.ur-net.go.jp/chintai/kanto/saitama/50_4100_room.html?JKSS=000020303,<li>東武東上線「鶴瀬」駅 徒歩6～10分</li><li>東武東上線「みずほ台」駅 徒歩24～28分</li><li>東武東上線「ふじみ野」駅 徒歩26～31分</li>
saitama,kamifukuoka,コンフォール鶴瀬,110700,東武東上線「ふじみ野」駅,26.0,31.0,,,,富士見市鶴瀬西2-3ほか,2号棟,鉄筋コンクリート造,3,N,303号室,1LDK,56,8,106600,4100,2か月,"['近居割', '近居割WIDE']",随時,https://www.ur-net.go.jp/chintai/kanto/saitama/50_4100_room.html?JKSS=000020303,<li>東武東上線「鶴瀬」駅 徒歩6～10分</li><li>東武東上線「みずほ台」駅 徒歩24～28分</li><li>東武東上線「ふじみ野」駅 徒歩26～31分</li>
saitama,kamifukuoka,コンフォール鶴瀬,110700,,,,,,,富士見市鶴瀬西2-3ほか,2号棟,鉄筋コンクリート造,3,N,303号室,1LDK,56,8,106600,4100,2か月,"['近居割', '近居割WIDE']",随時,https://www.ur-net.go.jp/chintai/kanto/saitama/50_4100_room.html?JKSS=000020303,<li>東武東上線「鶴瀬」駅 徒歩6～10分</li><li>東武東上線「みずほ台」駅 徒歩24～28分</li><li>東武東上線「ふじみ野」駅 徒歩26～31分</li>
saitama,kamifukuoka,アルビス鶴瀬,108800,東武東上線「鶴瀬」駅,7.0,10.0,,,,富士見市鶴瀬西2-7,6号棟,鉄筋コンクリート造,3,N,303号室,2DK,57,8,103000,5800,2か月,"['近居割', '近居割WIDE']",2026年9月12日以降,https://www.ur-net.go.jp/chintai/kanto/saitama/50_3470_room.html?JKSS=000060303,<li>東武東上線「鶴瀬」駅 徒歩7～10分</li><li>東武東上線「みずほ台」駅 徒歩23～26分</li><li>東武東上線「ふじみ野」駅 徒歩29～33分</li>
saitama,kamifukuoka,アルビス鶴瀬,108800,東武東上線「みずほ台」駅,23.0,26.0,,,,富士見市鶴瀬西2-7,6号棟,鉄筋コンクリート造,3,N,303号室,2DK,57,8,103000,5800,2か月,"['近居割', '近居割WIDE']",2026年9月12日以降,https://www.ur-net.go.jp/chintai/kanto/saitama/50_3470_room.html?JKSS=000060303,<li>東武東上線「鶴瀬」駅 徒歩7～10分</li><li>東武東上線「みずほ台」駅 徒歩23～26分</li><li>東武東上線「ふじみ野」駅 徒歩29～33分</li>
saitama,kamifukuoka,アルビス鶴瀬,108800,東武東上線「ふじみ野」駅,29.0,33.0,,,,富士見市鶴瀬西2-7,6号棟,鉄筋コンクリート造,3,N,303号室,2DK,57,8,103000,5800,2か月,"['近居割', '近居割WIDE']",2026年9月12日以降,https://www.ur-net.go.jp/chintai/kanto/saitama/50_3470_room.html?JKSS=000060303,<li>東武東上線「鶴瀬」駅 徒歩7～10分</li><li>東武東上線「みずほ台」駅 徒歩23～26分</li><li>東武東上線「ふじみ野」駅 徒歩29～33分</li>
saitama,kamifukuoka,アルビス鶴瀬,108800,,,,,,,富士見市鶴瀬西2-7,6号棟,鉄筋コンクリート造,3,N,303号室,2DK,57,8,103000,5800,2か月,"['近居割', '近居割WIDE']",2026年9月12日以降,https://www.ur-net.go.jp/chintai/kanto/saitama/50_3470_room.html?JKSS=000060303,<li>東武東上線「鶴瀬」駅 徒歩7～10分</li><li>東武東上線「みずほ台」駅 徒歩23～26分</li><li>東武東上線「ふじみ野」駅 徒歩29～33分</li>
saitama,kamifukuoka,アルビス鶴瀬,112600,東武東上線「鶴瀬」駅,7.0,10.0,,,,富士見市鶴瀬西2-7,2号棟,鉄筋コンクリート造,6,N,604号室,3DK,64,11,106800,5800,2か月,"['近居割', '近居割WIDE']",2026年9月11日以降,https://www.ur-net.go.jp/chintai/kanto/saitama/50_3470_room.html?JKSS=000020604,<li>東武東上線「鶴瀬」駅 徒歩7～10分</li><li>東武東上線「みずほ台」駅 徒歩23～26分</li><li>東武東上線「ふじみ野」駅 徒歩29～33分</li>
saitama,kamifukuoka,アルビス鶴瀬,112600,東武東上線「みずほ台」駅,23.0,26.0,,,,富士見市鶴瀬西2-7,2号棟,鉄筋コンクリート造,6,N,604号室,3DK,64,11,106800,5800,2か月,"['近居割', '近居割WIDE']",2026年9月11日以降,https://www.ur-net.go.jp/chintai/kanto/saitama/50_3470_room.html?JKSS=000020604,<li>東武東上線「鶴瀬」駅 徒歩7～10分</li><li>東武東上線「みずほ台」駅 徒歩23～26分</li><li>東武東上線「ふじみ野」駅 徒歩29～33分</li>
saitama,kamifukuoka,アルビス鶴瀬,112600,東武東上線「ふじみ野」駅,29.0,33.0,,,,富士見市鶴瀬西2-7,2号棟,鉄筋コンクリート造,6,N,604号室,3DK,64,11,106800,5800,2か月,"['近居割', '近居割WIDE']",2026年9月11日以降,https://www.ur-net.go.jp/chintai/kanto/saitama/50_3470_room.html?JKSS=000020604,<li>東武東上線「鶴瀬」駅 徒歩7～10分</li><li>東武東上線「みずほ台」駅 徒歩23～26分</li><li>東武東上線「ふじみ野」駅 徒歩29～33分</li>
saitama,kamifukuoka,アルビス鶴瀬,112600,,,,,,,富士見市鶴瀬西2-7,2号棟,鉄筋コンクリート造,6,N,604号室,3DK,64,11,106800,5800,2か月,"['近居割', '近居割WIDE']",2026年9月11日以降,https://www.ur-net.go.jp/chintai/kanto/saitama/50_3470_room.html?JKSS=000020604,<li>東武東上線「鶴瀬」駅 徒歩7～10分</li><li>東武東上線「みずほ台」駅 徒歩23～26分</li><li>東武東上線「ふじみ野」駅 徒歩29～33分</li>
saitama,wakaba,東坂戸,49100,,,,東武東上線「若葉」駅,8.0,12.0,坂戸市東坂戸1ほか,2-15号棟,鉄骨鉄筋コンクリート造,1,N,102号室,1DK,36,1,43000,6100,2か月,"['近居割', '近居割WIDE']",随時,https://www.ur-net.go.jp/chintai/kanto/saitama/50_1800_room.html?JKSS=002150102,<li>東武東上線「若葉」駅バス7～8分 徒歩1～4分</li><li>東武東上線「川越」駅バス30～32分 徒歩1～4分</li><li>東武東上線「鶴ケ島」駅 徒歩34～46分</li>
saitama,wakaba,東坂戸,49100,,,,東武東上線「川越」駅,31.0,36.0,坂戸市東坂戸1ほか,2-15号棟,鉄骨鉄筋コンクリート造,1,N,102号室,1DK,36,1,43000,6100,2か月,"['近居割', '近居割WIDE']",随時,https://www.ur-net.go.jp/chintai/kanto/saitama/50_1800_room.html?JKSS=002150102,<li>東武東上線「若葉」駅バス7～8分 徒歩1～4分</li><li>東武東上線「川越」駅バス30～32分 徒歩1～4分</li><li>東武東上線「鶴ケ島」駅 徒歩34～46分</li>
saitama,wakaba,東坂戸,49100,東武東上線「鶴ケ島」駅,34.0,46.0,,,,坂戸市東坂戸1ほか,2-15号棟,鉄骨鉄筋コンクリート造,1,N,102号室,1DK,36,1,43000,6100,2か月,"['近居割', '近居割WIDE']",随時,https://www.ur-net.go.jp/chintai/kanto/saitama/50_1800_room.html?JKSS=002150102,<li>東武東上線「若葉」駅バス7～8分 徒歩1～4分</li><li>東武東上線「川越」駅バス30～32分 徒歩1～4分</li><li>東武東上線「鶴ケ島」駅 徒歩34～46分</li>
saitama,wakaba,東坂戸,49100,,,,,,,坂戸市東坂戸1ほか,2-15号棟,鉄骨鉄筋コンクリート造,1,N,102号室,1DK,36,1,43000,6100,2か月,"['近居割', '近居割WIDE']",随時,https://www.ur-net.go.jp/chintai/kanto/saitama/50_1800_room.html?JKSS=002150102,<li>東武東上線「若葉」駅バス7～8分 徒歩1～4分</li><li>東武東上線「川越」駅バス30～32分 徒歩1～4分</li><li>東武東上線「鶴ケ島」駅 徒歩34～46分</li>
saitama,wakaba,東坂戸,52400,,,,東武東上線「若葉」駅,8.0,12.0,坂戸市東坂戸1ほか,1-20号棟,鉄骨鉄筋コンクリート造,2,N,203号室,2DK,50,8,46300,6100,2か月,"['近居割', '近居割WIDE']",随時,https://www.ur-net.go.jp/chintai/kanto/saitama/50_1800_room.html?JKSS=001200203,<li>東武東上線「若葉」駅バス7～8分 徒歩1～4分</li><li>東武東上線「川越」駅バス30～32分 徒歩1～4分</li><li>東武東上線「鶴ケ島」駅 徒歩34～46分</li>
saitama,wakaba,東坂戸,52400,,,,東武東上線「川越」駅,31.0,36.0,坂戸市東坂戸1ほか,1-20号棟,鉄骨鉄筋コンクリート造,2,N,203号室,2DK,50,8,46300,6100,2か月,"['近居割', '近居割WIDE']",随時,https://www.ur-net.go.jp/chintai/kanto/saitama/50_1800_room.html?JKSS=001200203,<li>東武東上線「若葉」駅バス7～8分 徒歩1～4分</li><li>東武東上線「川越」駅バス30～32分 徒歩1～4分</li><li>東武東上線「鶴ケ島」駅 徒歩34～46分</li>
saitama,wakaba,東坂戸,52400,東武東上線「鶴ケ島」駅,34.0,46.0,,,,坂戸市東坂戸1ほか,1-20号棟,鉄骨鉄筋コンクリート造,2,N,203号室,2DK,50,8,46300,6100,2か月,"['近居割', '近居割WIDE']",随時,https://www.ur-net.go.jp/chintai/kanto/saitama/50_1800_room.html?JKSS=001200203,<li>東武東上線「若葉」駅バス7～8分 徒歩1～4分</li><li>東武東上線「川越」駅バス30～32分 徒歩1～4分</li><li>東武東上線「鶴ケ島」駅 徒歩34～46分</li>
saitama,wakaba,東坂戸,52400,,,,,,,坂戸市東坂戸1ほか,1-20号棟,鉄骨鉄筋コンクリート造,2,N,203号室,2DK,50,8,46300,6100,2か月,"['近居割', '近居割WIDE']",随時,https://www.ur-net.go.jp/chintai/kanto/saitama/50_1800_room.html?JKSS=001200203,<li>東武東上線「若葉」駅バス7～8分 徒歩1～4分</li><li>東武東上線「川越」駅バス30～32分 徒歩1～4分</li><li>東武東上線「鶴ケ島」駅 徒歩34～46分</li>
saitama,wakaba,東坂戸,52600,,,,東武東上線「若葉」駅,8.0,12.0,坂戸市東坂戸1ほか,1-20号棟,鉄骨鉄筋コンクリート造,2,N,201号室,2DK,50,8,46500,6100,2か月,"['近居割', '近居割WIDE']",随時,https://www.ur-net.go.jp/chintai/kanto/saitama/50_1800_room.html?JKSS=001200201,<li>東武東上線「若葉」駅バス7～8分 徒歩1～4分</li><li>東武東上線「川越」駅バス30～32分 徒歩1～4分</li><li>東武東上線「鶴ケ島」駅 徒歩34～46分</li>
saitama,wakaba,東坂戸,52600,,,,東武東上線「川越」駅,31.0,36.0,坂戸市東坂戸1ほか,1-20号棟,鉄骨鉄筋コンクリート造,2,N,201号室,2DK,50,8,46500,6100,2か月,"['近居割', '近居割WIDE']",随時,https://www.ur-net.go.jp/chintai/kanto/saitama/50_1800_room.html?JKSS=001200201,<li>東武東上線「若葉」駅バス7～8分 徒歩1～4分</li><li>東武東上線「川越」駅バス30～32分 徒歩1～4分</li><li>東武東上線「鶴ケ島」駅 徒歩34～46分</li>
saitama,wakaba,東坂戸,52600,東武東上線「鶴ケ島」駅,34.0,46.0,,,,坂戸市東坂戸1ほか,1-20号棟,鉄骨鉄筋コンクリート造,2,N,201号室,2DK,50,8,46500,6100,2か月,"['近居割', '近居割WIDE']",随時,https://www.ur-net.go.jp/chintai/kanto/saitama/50_1800_room.html?JKSS=001200201,<li>東武東上線「若葉」駅バス7～8分 徒歩1～4分</li><li>東武東上線「川越」駅バス30～32分 徒歩1～4分</li><li>東武東上線「鶴ケ島」駅 徒歩34～46分</li>
saitama,wakaba,東坂戸,52600,,,,,,,坂戸市東坂戸1ほか,1-20号棟,鉄骨鉄筋コンクリート造,2,N,201号室,2DK,50,8,46500,6100,2か月,"['近居割', '近居割WIDE']",随時,https://www.ur-net.go.jp/chintai/kanto/saitama/50_1800_room.html?JKSS=001200201,<li>東武東上線「若葉」駅バス7～8分 徒歩1～4分</li><li>東武東上線「川越」駅バス30～32分 徒歩1～4分</li><li>東武東上線「鶴ケ島」駅 徒歩34～46分</li>
saitama,wakaba,東坂戸,52600,,,,東武東上線「若葉」駅,8.0,12.0,坂戸市東坂戸1ほか,1-20号棟,鉄骨鉄筋コンクリート造,2,N,205号室,2DK,50,8,46500,6100,2か月,"['近居割', '近居割WIDE']",2026年9月10日以降,https://www.ur-net.go.jp/chintai/kanto/saitama/50_1800_room.html?JKSS=001200205,<li>東武東上線「若葉」駅バス7～8分 徒歩1～4分</li><li>東武東上線「川越」駅バス30～32分 徒歩1～4分</li><li>東武東上線「鶴ケ島」駅 徒歩34～46分</li>
saitama,wakaba,東坂戸,52600,,,,東武東上線「川越」駅,31.0,36.0,坂戸市東坂戸1ほか,1-20号棟,鉄骨鉄筋コンクリート造,2,N,205号室,2DK,50,8,46500,6100,2か月,"['近居割', '近居割WIDE']",2026年9月10日以降,https://www.ur-net.go.jp/chintai/kanto/saitama/50_1800_room.html?JKSS=001200205,<li>東武東上線「若葉」駅バス7～8分 徒歩1～4分</li><li>東武東上線「川越」駅バス30～32分 徒歩1～4分</li><li>東武東上線「鶴ケ島」駅 徒歩34～46分</li>
saitama,wakaba,東坂戸,52600,東武東上線「鶴ケ島」駅,34.0,46.0,,,,坂戸市東坂戸1ほか,1-20号棟,鉄骨鉄筋コンクリート造,2,N,205号室,2DK,50,8,46500,6100,2か月,"['近居割', '近居割WIDE']",2026年9月10日以降,https://www.ur-net.go.jp/chintai/kanto/saitama/50_1800_room.html?JKSS=001200205,<li>東武東上線「若葉」駅バス7～8分 徒歩1～4分</li><li>東武東上線「川越」駅バス30～32分 徒歩1～4分</li><li>東武東上線「鶴ケ島」駅 徒歩34～46分</li>
saitama,wakaba,東坂戸,52600,,,,,,,坂戸市東坂戸1ほか,1-20号棟,鉄骨鉄筋コンクリート造,2,N,205号室,2DK,50,8,46500,6100,2か月,"['近居割', '近居割WIDE']",2026年9月10日以降,https://www.ur-net.go.jp/chintai/kanto/saitama/50_1800_room.html?JKSS=001200205,<li>東武東上線「若葉」駅バス7～8分 徒歩1～4分</li><li>東武東上線「川越」駅バス30～32分 徒歩1～4分</li><li>東武東上線「鶴ケ島」駅 徒歩34～46分</li>
saitama,wakaba,北坂戸,51100,東武東上線「北坂戸」駅,2.0,11.0,,,,坂戸市溝端町1ほか,9-6号棟,鉄筋コンクリート造、鉄骨鉄筋コンクリート造,5,N,505号室,3K,45,5,47600,3500,2か月,"['近居割', '近居割WIDE']",随時,https://www.ur-net.go.jp/chintai/kanto/saitama/50_1590_room.html?JKSS=009060505,<li>東武東上線「北坂戸」駅 徒歩2～11分</li><li>東武東上線「坂戸」駅 徒歩23～34分</li><li>東武東上線「若葉」駅 徒歩41～49分</li><li>東武東上線「高坂」駅 徒歩47～52分</li>
saitama,wakaba,北坂戸,51100,東武東上線「坂戸」駅,23.0,34.0,,,,坂戸市溝端町1ほか,9-6号棟,鉄筋コンクリート造、鉄骨鉄筋コンクリート造,5,N,505号室,3K,45,5,47600,3500,2か月,"['近居割', '近居割WIDE']",随時,https://www.ur-net.go.jp/chintai/kanto/saitama/50_1590_room.html?JKSS=009060505,<li>東武東上線「北坂戸」駅 徒歩2～11分</li><li>東武東上線「坂戸」駅 徒歩23～34分</li><li>東武東上線「若葉」駅 徒歩41～49分</li><li>東武東上線「高坂」駅 徒歩47～52分</li>
saitama,wakaba,北坂戸,51100,東武東上線「若葉」駅,41.0,49.0,,,,坂戸市溝端町1ほか,9-6号棟,鉄筋コンクリート造、鉄骨鉄筋コンクリート造,5,N,505号室,3K,45,5,47600,3500,2か月,"['近居割', '近居割WIDE']",随時,https://www.ur-net.go.jp/chintai/kanto/saitama/50_1590_room.html?JKSS=009060505,<li>東武東上線「北坂戸」駅 徒歩2～11分</li><li>東武東上線「坂戸」駅 徒歩23～34分</li><li>東武東上線「若葉」駅 徒歩41～49分</li><li>東武東上線「高坂」駅 徒歩47～52分</li>
saitama,wakaba,北坂戸,51100,東武東上線「高坂」駅,47.0,52.0,,,,坂戸市溝端町1ほか,9-6号棟,鉄筋コンクリート造、鉄骨鉄筋コンクリート造,5,N,505号室,3K,45,5,47600,3500,2か月,"['近居割', '近居割WIDE']",随時,https://www.ur-net.go.jp/chintai/kanto/saitama/50_1590_room.html?JKSS=009060505,<li>東武東上線「北坂戸」駅 徒歩2～11分</li><li>東武東上線「坂戸」駅 徒歩23～34分</li><li>東武東上線「若葉」駅 徒歩41～49分</li><li>東武東上線「高坂」駅 徒歩47～52分</li>
saitama,wakaba,北坂戸,51100,,,,,,,坂戸市溝端町1ほか,9-6号棟,鉄筋コンクリート造、鉄骨鉄筋コンクリート造,5,N,505号室,3K,45,5,47600,3500,2か月,"['近居割', '近居割WIDE']",随時,https://www.ur-net.go.jp/chintai/kanto/saitama/50_1590_room.html?JKSS=009060505,<li>東武東上線「北坂戸」駅 徒歩2～11分</li><li>東武東上線「坂戸」駅 徒歩23～34分</li><li>東武東上線「若葉」駅 徒歩41～49分</li><li>東武東上線「高坂」駅 徒歩47～52分</li>
saitama,kawagoe,狭山台,49000,,,,西武新宿線「狭山市」駅,7.0,14.0,狭山市狭山台1-31ほか,4-4号棟,鉄筋コンクリート造、鉄骨鉄筋コンクリート造,8,N,806号室,1DK,36,10,45500,3500,2か月,"['近居割', '近居割WIDE']",2026年9月10日以降,https://www.ur-net.go.jp/chintai/kanto/saitama/50_1670_room.html?JKSS=004040806,<li>西武新宿線「狭山市」駅バス6～10分 徒歩1～4分</li><li>西武新宿線「新狭山」駅 徒歩22～33分</li><li>西武新宿線「入曽」駅 徒歩41～53分</li>
saitama,kawagoe,狭山台,49000,西武新宿線「新狭山」駅,22.0,33.0,,,,狭山市狭山台1-31ほか,4-4号棟,鉄筋コンクリート造、鉄骨鉄筋コンクリート造,8,N,806号室,1DK,36,10,45500,3500,2か月,"['近居割', '近居割WIDE']",2026年9月10日以降,https://www.ur-net.go.jp/chintai/kanto/saitama/50_1670_room.html?JKSS=004040806,<li>西武新宿線「狭山市」駅バス6～10分 徒歩1～4分</li><li>西武新宿線「新狭山」駅 徒歩22～33分</li><li>西武新宿線「入曽」駅 徒歩41～53分</li>
saitama,kawagoe,狭山台,49000,西武新宿線「入曽」駅,41.0,53.0,,,,狭山市狭山台1-31ほか,4-4号棟,鉄筋コンクリート造、鉄骨鉄筋コンクリート造,8,N,806号室,1DK,36,10,45500,3500,2か月,"['近居割', '近居割WIDE']",2026年9月10日以降,https://www.ur-net.go.jp/chintai/kanto/saitama/50_1670_room.html?JKSS=004040806,<li>西武新宿線「狭山市」駅バス6～10分 徒歩1～4分</li><li>西武新宿線「新狭山」駅 徒歩22～33分</li><li>西武新宿線「入曽」駅 徒歩41～53分</li>
saitama,kawagoe,狭山台,49000,,,,,,,狭山市狭山台1-31ほか,4-4号棟,鉄筋コンクリート造、鉄骨鉄筋コンクリート造,8,N,806号室,1DK,36,10,45500,3500,2か月,"['近居割', '近居割WIDE']",2026年9月10日以降,https://www.ur-net.go.jp/chintai/kanto/saitama/50_1670_room.html?JKSS=004040806,<li>西武新宿線「狭山市」駅バス6～10分 徒歩1～4分</li><li>西武新宿線「新狭山」駅 徒歩22～33分</li><li>西武新宿線「入曽」駅 徒歩41～53分</li>
saitama,kawagoe,狭山台,54700,,,,西武新宿線「狭山市」駅,7.0,14.0,狭山市狭山台1-31ほか,1-7号棟,鉄筋コンクリート造、鉄骨鉄筋コンクリート造,1,N,105号室,2DK,41,5,51200,3500,2か月,['健康寿命サポート'],随時,https://www.ur-net.go.jp/chintai/kanto/saitama/50_1670_room.html?JKSS=001070105,<li>西武新宿線「狭山市」駅バス6～10分 徒歩1～4分</li><li>西武新宿線「新狭山」駅 徒歩22～33分</li><li>西武新宿線「入曽」駅 徒歩41～53分</li>
saitama,kawagoe,狭山台,54700,西武新宿線「新狭山」駅,22.0,33.0,,,,狭山市狭山台1-31ほか,1-7号棟,鉄筋コンクリート造、鉄骨鉄筋コンクリート造,1,N,105号室,2DK,41,5,51200,3500,2か月,['健康寿命サポート'],随時,https://www.ur-net.go.jp/chintai/kanto/saitama/50_1670_room.html?JKSS=001070105,<li>西武新宿線「狭山市」駅バス6～10分 徒歩1～4分</li><li>西武新宿線「新狭山」駅 徒歩22～33分</li><li>西武新宿線「入曽」駅 徒歩41～53分</li>
saitama,kawagoe,狭山台,54700,西武新宿線「入曽」駅,41.0,53.0,,,,狭山市狭山台1-31ほか,1-7号棟,鉄筋コンクリート造、鉄骨鉄筋コンクリート造,1,N,105号室,2DK,41,5,51200,3500,2か月,['健康寿命サポート'],随時,https://www.ur-net.go.jp/chintai/kanto/saitama/50_1670_room.html?JKSS=001070105,<li>西武新宿線「狭山市」駅バス6～10分 徒歩1～4分</li><li>西武新宿線「新狭山」駅 徒歩22～33分</li><li>西武新宿線「入曽」駅 徒歩41～53分</li>
saitama,kawagoe,狭山台,54700,,,,,,,狭山市狭山台1-31ほか,1-7号棟,鉄筋コンクリート造、鉄骨鉄筋コンクリート造,1,N,105号室,2DK,41,5,51200,3500,2か月,['健康寿命サポート'],随時,https://www.ur-net.go.jp/chintai/kanto/saitama/50_1670_room.html?JKSS=001070105,<li>西武新宿線「狭山市」駅バス6～10分 徒歩1～4分</li><li>西武新宿線「新狭山」駅 徒歩22～33分</li><li>西武新宿線「入曽」駅 徒歩41～53分</li>
saitama,kawagoe,狭山台,56900,,,,西武新宿線「狭山市」駅,7.0,14.0,狭山市狭山台1-31ほか,5-2号棟,鉄筋コンクリート造、鉄骨鉄筋コンクリート造,1,N,104号室,2DK,43,8,53400,3500,2か月,['健康寿命サポート'],随時,https://www.ur-net.go.jp/chintai/kanto/saitama/50_1670_room.html?JKSS=005020104,<li>西武新宿線「狭山市」駅バス6～10分 徒歩1～4分</li><li>西武新宿線「新狭山」駅 徒歩22～33分</li><li>西武新宿線「入曽」駅 徒歩41～53分</li>
saitama,kawagoe,狭山台,56900,西武新宿線「新狭山」駅,22.0,33.0,,,,狭山市狭山台1-31ほか,5-2号棟,鉄筋コンクリート造、鉄骨鉄筋コンクリート造,1,N,104号室,2DK,43,8,53400,3500,2か月,['健康寿命サポート'],随時,https://www.ur-net.go.jp/chintai/kanto/saitama/50_1670_room.html?JKSS=005020104,<li>西武新宿線「狭山市」駅バス6～10分 徒歩1～4分</li><li>西武新宿線「新狭山」駅 徒歩22～33分</li><li>西武新宿線「入曽」駅 徒歩41～53分</li>
saitama,kawagoe,狭山台,56900,西武新宿線「入曽」駅,41.0,53.0,,,,狭山市狭山台1-31ほか,5-2号棟,鉄筋コンクリート造、鉄骨鉄筋コンクリート造,1,N,104号室,2DK,43,8,53400,3500,2か月,['健康寿命サポート'],随時,https://www.ur-net.go.jp/chintai/kanto/saitama/50_1670_room.html?JKSS=005020104,<li>西武新宿線「狭山市」駅バス6～10分 徒歩1～4分</li><li>西武新宿線「新狭山」駅 徒歩22～33分</li><li>西武新宿線「入曽」駅 徒歩41～53分</li>
saitama,kawagoe,狭山台,56900,,,,,,,狭山市狭山台1-31ほか,5-2号棟,鉄筋コンクリート造、鉄骨鉄筋コンクリート造,1,N,104号室,2DK,43,8,53400,3500,2か月,['健康寿命サポート'],随時,https://www.ur-net.go.jp/chintai/kanto/saitama/50_1670_room.html?JKSS=005020104,<li>西武新宿線「狭山市」駅バス6～10分 徒歩1～4分</li><li>西武新宿線「新狭山」駅 徒歩22～33分</li><li>西武新宿線「入曽」駅 徒歩41～53分</li>
saitama,kawagoe,狭山台,57200,,,,西武新宿線「狭山市」駅,7.0,14.0,狭山市狭山台1-31ほか,3-19号棟,鉄筋コンクリート造、鉄骨鉄筋コンクリート造,5,N,503号室,2DK,43,8,53700,3500,2か月,['健康寿命サポート'],随時,https://www.ur-net.go.jp/chintai/kanto/saitama/50_1670_room.html?JKSS=003190503,<li>西武新宿線「狭山市」駅バス6～10分 徒歩1～4分</li><li>西武新宿線「新狭山」駅 徒歩22～33分</li><li>西武新宿線「入曽」駅 徒歩41～53分</li>
saitama,kawagoe,狭山台,57200,西武新宿線「新狭山」駅,22.0,33.0,,,,狭山市狭山台1-31ほか,3-19号棟,鉄筋コンクリート造、鉄骨鉄筋コンクリート造,5,N,503号室,2DK,43,8,53700,3500,2か月,['健康寿命サポート'],随時,https://www.ur-net.go.jp/chintai/kanto/saitama/50_1670_room.html?JKSS=003190503,<li>西武新宿線「狭山市」駅バス6～10分 徒歩1～4分</li><li>西武新宿線「新狭山」駅 徒歩22～33分</li><li>西武新宿線「入曽」駅 徒歩41～53分</li>
saitama,kawagoe,狭山台,57200,西武新宿線「入曽」駅,41.0,53.0,,,,狭山市狭山台1-31ほか,3-19号棟,鉄筋コンクリート造、鉄骨鉄筋コンクリート造,5,N,503号室,2DK,43,8,53700,3500,2か月,['健康寿命サポート'],随時,https://www.ur-net.go.jp/chintai/kanto/saitama/50_1670_room.html?JKSS=003190503,<li>西武新宿線「狭山市」駅バス6～10分 徒歩1～4分</li><li>西武新宿線「新狭山」駅 徒歩22～33分</li><li>西武新宿線「入曽」駅 徒歩41～53分</li>
saitama,kawagoe,狭山台,57200,,,,,,,狭山市狭山台1-31ほか,3-19号棟,鉄筋コンクリート造、鉄骨鉄筋コンクリート造,5,N,503号室,2DK,43,8,53700,3500,2か月,['健康寿命サポート'],随時,https://www.ur-net.go.jp/chintai/kanto/saitama/50_1670_room.html?JKSS=003190503,<li>西武新宿線「狭山市」駅バス6～10分 徒歩1～4分</li><li>西武新宿線「新狭山」駅 徒歩22～33分</li><li>西武新宿線「入曽」駅 徒歩41～53分</li>
saitama,kawagoe,狭山台,57900,,,,西武新宿線「狭山市」駅,7.0,14.0,狭山市狭山台1-31ほか,3-11号棟,鉄筋コンクリート造、鉄骨鉄筋コンクリート造,5,N,501号室,3DK,55,5,54400,3500,2か月,"['近居割', '近居割WIDE']",随時,https://www.ur-net.go.jp/chintai/kanto/saitama/50_1670_room.html?JKSS=003110501,<li>西武新宿線「狭山市」駅バス6～10分 徒歩1～4分</li><li>西武新宿線「新狭山」駅 徒歩22～33分</li><li>西武新宿線「入曽」駅 徒歩41～53分</li>
saitama,kawagoe,狭山台,57900,西武新宿線「新狭山」駅,22.0,33.0,,,,狭山市狭山台1-31ほか,3-11号棟,鉄筋コンクリート造、鉄骨鉄筋コンクリート造,5,N,501号室,3DK,55,5,54400,3500,2か月,"['近居割', '近居割WIDE']",随時,https://www.ur-net.go.jp/chintai/kanto/saitama/50_1670_room.html?JKSS=003110501,<li>西武新宿線「狭山市」駅バス6～10分 徒歩1～4分</li><li>西武新宿線「新狭山」駅 徒歩22～33分</li><li>西武新宿線「入曽」駅 徒歩41～53分</li>
saitama,kawagoe,狭山台,57900,西武新宿線「入曽」駅,41.0,53.0,,,,狭山市狭山台1-31ほか,3-11号棟,鉄筋コンクリート造、鉄骨鉄筋コンクリート造,5,N,501号室,3DK,55,5,54400,3500,2か月,"['近居割', '近居割WIDE']",随時,https://www.ur-net.go.jp/chintai/kanto/saitama/50_1670_room.html?JKSS=003110501,<li>西武新宿線「狭山市」駅バス6～10分 徒歩1～4分</li><li>西武新宿線「新狭山」駅 徒歩22～33分</li><li>西武新宿線「入曽」駅 徒歩41～53分</li>
saitama,kawagoe,狭山台,57900,,,,,,,狭山市狭山台1-31ほか,3-11号棟,鉄筋コンクリート造、鉄骨鉄筋コンクリート造,5,N,501号室,3DK,55,5,54400,3500,2か月,"['近居割', '近居割WIDE']",随時,https://www.ur-net.go.jp/chintai/kanto/saitama/50_1670_room.html?JKSS=003110501,<li>西武新宿線「狭山市」駅バス6～10分 徒歩1～4分</li><li>西武新宿線「新狭山」駅 徒歩22～33分</li><li>西武新宿線「入曽」駅 徒歩41～53分</li>
saitama,tokorozawa,入間駅前プラザ,93800,西武池袋線「入間市」駅,3.0,5.0,,,,入間市向陽台1-1-17,15号棟,鉄筋コンクリート造,1,N,103号室,3DK,61,8,89100,4700,2か月,['近居割'],随時,https://www.ur-net.go.jp/chintai/kanto/saitama/50_2390_room.html?JKSS=000150103,<li>西武池袋線「入間市」駅 徒歩3～5分</li><li>西武池袋線「稲荷山公園」駅 徒歩12～14分</li><li>西武新宿線「狭山市」駅 徒歩38～47分</li>
saitama,tokorozawa,入間駅前プラザ,93800,西武池袋線「稲荷山公園」駅,12.0,14.0,,,,入間市向陽台1-1-17,15号棟,鉄筋コンクリート造,1,N,103号室,3DK,61,8,89100,4700,2か月,['近居割'],随時,https://www.ur-net.go.jp/chintai/kanto/saitama/50_2390_room.html?JKSS=000150103,<li>西武池袋線「入間市」駅 徒歩3～5分</li><li>西武池袋線「稲荷山公園」駅 徒歩12～14分</li><li>西武新宿線「狭山市」駅 徒歩38～47分</li>
saitama,tokorozawa,入間駅前プラザ,93800,西武新宿線「狭山市」駅,38.0,47.0,,,,入間市向陽台1-1-17,15号棟,鉄筋コンクリート造,1,N,103号室,3DK,61,8,89100,4700,2か月,['近居割'],随時,https://www.ur-net.go.jp/chintai/kanto/saitama/50_2390_room.html?JKSS=000150103,<li>西武池袋線「入間市」駅 徒歩3～5分</li><li>西武池袋線「稲荷山公園」駅 徒歩12～14分</li><li>西武新宿線「狭山市」駅 徒歩38～47分</li>
saitama,tokorozawa,入間駅前プラザ,93800,,,,,,,入間市向陽台1-1-17,15号棟,鉄筋コンクリート造,1,N,103号室,3DK,61,8,89100,4700,2か月,['近居割'],随時,https://www.ur-net.go.jp/chintai/kanto/saitama/50_2390_room.html?JKSS=000150103,<li>西武池袋線「入間市」駅 徒歩3～5分</li><li>西武池袋線「稲荷山公園」駅 徒歩12～14分</li><li>西武新宿線「狭山市」駅 徒歩38～47分</li>
saitama,shiki,新座,79300,東武東上線「柳瀬川」駅,15.0,22.0,,,,新座市新座3,4-3号棟,鉄筋コンクリート造,4,N,406号室,2LDK,52,5,76100,3200,2か月,"['近居割', '近居割WIDE']",随時,https://www.ur-net.go.jp/chintai/kanto/saitama/50_1310_room.html?JKSS=000403406,<li>東武東上線「柳瀬川」駅 徒歩15～22分</li><li>東武東上線「志木」駅バス11分 徒歩1～6分</li><li>JR武蔵野線「新座」駅 徒歩28～36分</li>
saitama,shiki,新座,79300,,,,東武東上線「志木」駅,12.0,17.0,新座市新座3,4-3号棟,鉄筋コンクリート造,4,N,406号室,2LDK,52,5,76100,3200,2か月,"['近居割', '近居割WIDE']",随時,https://www.ur-net.go.jp/chintai/kanto/saitama/50_1310_room.html?JKSS=000403406,<li>東武東上線「柳瀬川」駅 徒歩15～22分</li><li>東武東上線「志木」駅バス11分 徒歩1～6分</li><li>JR武蔵野線「新座」駅 徒歩28～36分</li>
saitama,shiki,新座,79300,JR武蔵野線「新座」駅,28.0,36.0,,,,新座市新座3,4-3号棟,鉄筋コンクリート造,4,N,406号室,2LDK,52,5,76100,3200,2か月,"['近居割', '近居割WIDE']",随時,https://www.ur-net.go.jp/chintai/kanto/saitama/50_1310_room.html?JKSS=000403406,<li>東武東上線「柳瀬川」駅 徒歩15～22分</li><li>東武東上線「志木」駅バス11分 徒歩1～6分</li><li>JR武蔵野線「新座」駅 徒歩28～36分</li>
saitama,shiki,新座,79300,,,,,,,新座市新座3,4-3号棟,鉄筋コンクリート造,4,N,406号室,2LDK,52,5,76100,3200,2か月,"['近居割', '近居割WIDE']",随時,https://www.ur-net.go.jp/chintai/kanto/saitama/50_1310_room.html?JKSS=000403406,<li>東武東上線「柳瀬川」駅 徒歩15～22分</li><li>東武東上線「志木」駅バス11分 徒歩1～6分</li><li>JR武蔵野線「新座」駅 徒歩28～36分</li>
saitama,kawagoe,こま川,44300,JR川越線・八高線「高麗川」駅,20.0,29.0,,,,日高市下鹿山494,3-10号棟,鉄筋コンクリート造,4,N,404号室,2LDK,52,5,40600,3700,2か月,['近居割'],随時,https://www.ur-net.go.jp/chintai/kanto/saitama/50_1460_room.html?JKSS=000310404,<li>JR川越線・八高線「高麗川」駅 徒歩20～29分 又は日高市おでかけワゴン6～8分 徒歩2～5分※</li><li>JR川越線「武蔵高萩」駅 日高市おでかけワゴン4～7分 徒歩2～5分※</li><li>※詳細は日高市HP参照</li>
saitama,kawagoe,こま川,44300,,,,,,,日高市下鹿山494,3-10号棟,鉄筋コンクリート造,4,N,404号室,2LDK,52,5,40600,3700,2か月,['近居割'],随時,https://www.ur-net.go.jp/chintai/kanto/saitama/50_1460_room.html?JKSS=000310404,<li>JR川越線・八高線「高麗川」駅 徒歩20～29分 又は日高市おでかけワゴン6～8分 徒歩2～5分※</li><li>JR川越線「武蔵高萩」駅 日高市おでかけワゴン4～7分 徒歩2～5分※</li><li>※詳細は日高市HP参照</li>
saitama,kawagoe,こま川,46100,JR川越線・八高線「高麗川」駅,20.0,29.0,,,,日高市下鹿山494,1-35号棟,鉄筋コンクリート造,3,N,302号室,2LDK,52,5,42400,3700,2か月,['近居割'],2026年9月12日以降,https://www.ur-net.go.jp/chintai/kanto/saitama/50_1460_room.html?JKSS=000135302,<li>JR川越線・八高線「高麗川」駅 徒歩20～29分 又は日高市おでかけワゴン6～8分 徒歩2～5分※</li><li>JR川越線「武蔵高萩」駅 日高市おでかけワゴン4～7分 徒歩2～5分※</li><li>※詳細は日高市HP参照</li>
saitama,kawagoe,こま川,46100,,,,,,,日高市下鹿山494,1-35号棟,鉄筋コンクリート造,3,N,302号室,2LDK,52,5,42400,3700,2か月,['近居割'],2026年9月12日以降,https://www.ur-net.go.jp/chintai/kanto/saitama/50_1460_room.html?JKSS=000135302,<li>JR川越線・八高線「高麗川」駅 徒歩20～29分 又は日高市おでかけワゴン6～8分 徒歩2～5分※</li><li>JR川越線「武蔵高萩」駅 日高市おでかけワゴン4～7分 徒歩2～5分※</li><li>※詳細は日高市HP参照</li>
