Todofuken,Area,Dan Chi Name,Total Fee,Nearest station by Walk,Best case by Walk (minute),Worst case by Walk (minute),Nearest station by Bus,Best case by Bus (minute),Worst case by Bus (minute),Address,Building Name,Building Structure,Floor,Elevator,Room Num,Room Type,Floor Space,Max Floor,Rent,Common Fee,Shikikin,Systems,availableDate,Room Link,Traffic
tokyo,nishiojima,北砂五丁目,102500,都営新宿線「大島」駅,10.0,17.0,,,,江東区北砂5-20,10号棟,鉄筋コンクリート造,4,N,412号室,2DK,46,9,98300,4200,2か月,['健康寿命サポート'],随時,https://www.ur-net.go.jp/chintai/kanto/tokyo/20_2820_room.html?JKSS=000100412,<li>都営新宿線「大島」駅 徒歩10～17分</li><li>JR総武線・東武亀戸線「亀戸」駅バス7～11分 徒歩1～7分</li><li>東京メトロ東西線「東陽町」駅バス9～11分 徒歩6～12分</li>
tokyo,nishiojima,北砂五丁目,102500,,,,JR総武線・東武亀戸線「亀戸」駅,8.0,18.0,江東区北砂5-20,10号棟,鉄筋コンクリート造,4,N,412号室,2DK,46,9,98300,4200,2か月,['健康寿命サポート'],随時,https://www.ur-net.go.jp/chintai/kanto/tokyo/20_2820_room.html?JKSS=000100412,<li>都営新宿線「大島」駅 徒歩10～17分</li><li>JR総武線・東武亀戸線「亀戸」駅バス7～11分 徒歩1～7分</li><li>東京メトロ東西線「東陽町」駅バス9～11分 徒歩6～12分</li>
tokyo,nishiojima,北砂五丁目,102500,,,,東京メトロ東西線「東陽町」駅,15.0,23.0,江東区北砂5-20,10号棟,鉄筋コンクリート造,4,N,412号室,2DK,46,9,98300,4200,2か月,['健康寿命サポート'],随時,https://www.ur-net.go.jp/chintai/kanto/tokyo/20_2820_room.html?JKSS=000100412,<li>都営新宿線「大島」駅 徒歩10～17分</li><li>JR総武線・東武亀戸線「亀戸」駅バス7～11分 徒歩1～7分</li><li>東京メトロ東西線「東陽町」駅バス9～11分 徒歩6～12分</li>
tokyo,nishiojima,北砂五丁目,102500,,,,,,,江東区北砂5-20,10号棟,鉄筋コンクリート造,4,N,412号室,2DK,46,9,98300,4200,2か月,['健康寿命サポート'],随時,https://www.ur-net.go.jp/chintai/kanto/tokyo/20_2820_room.html?JKSS=000100412,<li>都営新宿線「大島」駅 徒歩10～17分</li><li>JR総武線・東武亀戸線「亀戸」駅バス7～11分 徒歩1～7分</li><li>東京メトロ東西線「東陽町」駅バス9～11分 徒歩6～12分</li>
tokyo,nishiojima,シティコート大島,233200,都営新宿線「大島」駅,3.0,7.0,,,,江東区大島6-14,3号棟,鉄筋コンクリート造,9,N,907号室,3LDK,73,10,227700,5500,2か月,['近居割'],随時,https://www.ur-net.go.jp/chintai/kanto/tokyo/20_5900_room.html?JKSS=000030907,<li>都営新宿線「大島」駅 徒歩3～7分</li><li>JR総武線・東武亀戸線「亀戸」駅 徒歩15～18分</li><li>JR総武線・東武亀戸線「亀戸」駅バス4～6分 徒歩1～5分</li>
tokyo,nishiojima,シティコート大島,233200,JR総武線・東武亀戸線「亀戸」駅,15.0,18.0,JR総武線・東武亀戸線「亀戸」駅,5.0,11.0,江東区大島6-14,3号棟,鉄筋コンクリート造,9,N,907号室,3LDK,73,10,227700,5500,2か月,['近居割'],随時,https://www.ur-net.go.jp/chintai/kanto/tokyo/20_5900_room.html?JKSS=000030907,<li>都営新宿線「大島」駅 徒歩3～7分</li><li>JR総武線・東武亀戸線「亀戸」駅 徒歩15～18分</li><li>JR総武線・東武亀戸線「亀戸」駅バス4～6分 徒歩1～5分</li>
tokyo,nishiojima,シティコート大島,233200,,,,,,,江東区大島6-14,3号棟,鉄筋コンクリート造,9,N,907号室,3LDK,73,10,227700,5500,2か月,['近居割'],随時,https://www.ur-net.go.jp/chintai/kanto/tokyo/20_5900_room.html?JKSS=000030907,<li>都営新宿線「大島」駅 徒歩3～7分</li><li>JR総武線・東武亀戸線「亀戸」駅 徒歩15～18分</li><li>JR総武線・東武亀戸線「亀戸」駅バス4～6分 徒歩1～5分</li>
tokyo,nishiojima,シティコート大島,249700,都営新宿線「大島」駅,3.0,7.0,,,,江東区大島6-14,2号棟,鉄筋コンクリート造,10,N,1001号室,2LDK,83,10,244200,5500,2か月,['近居割'],随時,https://www.ur-net.go.jp/chintai/kanto/tokyo/20_5900_room.html?JKSS=000021001,<li>都営新宿線「大島」駅 徒歩3～7分</li><li>JR総武線・東武亀戸線「亀戸」駅 徒歩15～18分</li><li>JR総武線・東武亀戸線「亀戸」駅バス4～6分 徒歩1～5分</li>
tokyo,nishiojima,シティコート大島,249700,JR総武線・東武亀戸線「亀戸」駅,15.0,18.0,JR総武線・東武亀戸線「亀戸」駅,5.0,11.0,江東区大島6-14,2号棟,鉄筋コンクリート造,10,N,1001号室,2LDK,83,10,244200,5500,2か月,['近居割'],随時,https://www.ur-net.go.jp/chintai/kanto/tokyo/20_5900_room.html?JKSS=000021001,<li>都営新宿線「大島」駅 徒歩3～7分</li><li>JR総武線・東武亀戸線「亀戸」駅 徒歩15～18分</li><li>JR総武線・東武亀戸線「亀戸」駅バス4～6分 徒歩1～5分</li>
tokyo,nishiojima,シティコート大島,249700,,,,,,,江東区大島6-14,2号棟,鉄筋コンクリート造,10,N,1001号室,2LDK,83,10,244200,5500,2か月,['近居割'],随時,https://www.ur-net.go.jp/chintai/kanto/tokyo/20_5900_room.html?JKSS=000021001,<li>都営新宿線「大島」駅 徒歩3～7分</li><li>JR総武線・東武亀戸線「亀戸」駅 徒歩15～18分</li><li>JR総武線・東武亀戸線「亀戸」駅バス4～6分 徒歩1～5分</li>
tokyo,kitasenju,竹の塚第二,91100,東武伊勢崎線「竹ノ塚」駅,6.0,12.0,,,,足立区竹の塚1-5ほか,3号棟,鉄筋コンクリート造,3,N,302号室,2DK,41,4,86300,4800,2か月,['近居割'],随時,https://www.ur-net.go.jp/chintai/kanto/tokyo/20_1310_room.html?JKSS=000003302,<li>東武伊勢崎線「竹ノ塚」駅 徒歩6～12分</li>
tokyo,kitasenju,竹の塚第二,91100,,,,,,,足立区竹の塚1-5ほか,3号棟,鉄筋コンクリート造,3,N,302号室,2DK,41,4,86300,4800,2か月,['近居割'],随時,https://www.ur-net.go.jp/chintai/kanto/tokyo/20_1310_room.html?JKSS=000003302,<li>東武伊勢崎線「竹ノ塚」駅 徒歩6～12分</li>
tokyo,kitasenju,栗原,90180,東武伊勢崎線「西新井」駅,8.0,13.0,,,,足立区栗原2-5ほか,21号棟,鉄筋コンクリート造,3,N,303号室,2DK,43,8,86400,3780,2か月,['近居割'],随時,https://www.ur-net.go.jp/chintai/kanto/tokyo/20_1600_room.html?JKSS=000021303,<li>東武伊勢崎線「西新井」駅 徒歩8～13分</li>
tokyo,kitasenju,栗原,90180,,,,,,,足立区栗原2-5ほか,21号棟,鉄筋コンクリート造,3,N,303号室,2DK,43,8,86400,3780,2か月,['近居割'],随時,https://www.ur-net.go.jp/chintai/kanto/tokyo/20_1600_room.html?JKSS=000021303,<li>東武伊勢崎線「西新井」駅 徒歩8～13分</li>
tokyo,oji,ハートアイランド新田二番街,178600,,,,JR京浜東北・根岸線「王子」駅,13.0,14.0,足立区新田3-36,11号棟,鉄筋コンクリート造,3,N,301号室,3LDK,77,10,171200,7400,2か月,"['近居割', '近居割WIDE']",随時,https://www.ur-net.go.jp/chintai/kanto/tokyo/20_6810_room.html?JKSS=000110301,<li>JR京浜東北・根岸線「王子」駅バス12分 徒歩1～2分</li><li>東京メトロ南北線「王子神谷」駅 徒歩20～21分</li>
tokyo,oji,ハートアイランド新田二番街,178600,東京メトロ南北線「王子神谷」駅,20.0,21.0,,,,足立区新田3-36,11号棟,鉄筋コンクリート造,3,N,301号室,3LDK,77,10,171200,7400,2か月,"['近居割', '近居割WIDE']",随時,https://www.ur-net.go.jp/chintai/kanto/tokyo/20_6810_room.html?JKSS=000110301,<li>JR京浜東北・根岸線「王子」駅バス12分 徒歩1～2分</li><li>東京メトロ南北線「王子神谷」駅 徒歩20～21分</li>
tokyo,oji,ハートアイランド新田二番街,178600,,,,,,,足立区新田3-36,11号棟,鉄筋コンクリート造,3,N,301号室,3LDK,77,10,171200,7400,2か月,"['近居割', '近居割WIDE']",随時,https://www.ur-net.go.jp/chintai/kanto/tokyo/20_6810_room.html?JKSS=000110301,<li>JR京浜東北・根岸線「王子」駅バス12分 徒歩1～2分</li><li>東京メトロ南北線「王子神谷」駅 徒歩20～21分</li>
tokyo,aoto,すまいる亀有,124500,JR常磐線「亀有」駅,13.0,17.0,JR常磐線「亀有」駅,7.0,9.0,葛飾区亀有1-10,14号棟,鉄筋コンクリート造,5,N,505号室,2DK,52,6,117900,6600,2か月,"['近居割', '近居割WIDE', 'シルバーピア']",随時,https://www.ur-net.go.jp/chintai/kanto/tokyo/20_4481_room.html?JKSS=000140505,<li>JR常磐線「亀有」駅 徒歩13～17分</li><li>JR常磐線「亀有」駅バス5分 徒歩2～4分</li><li>京成本線「青砥」駅 徒歩20～22分</li>
tokyo,aoto,すまいる亀有,124500,京成本線「青砥」駅,20.0,22.0,,,,葛飾区亀有1-10,14号棟,鉄筋コンクリート造,5,N,505号室,2DK,52,6,117900,6600,2か月,"['近居割', '近居割WIDE', 'シルバーピア']",随時,https://www.ur-net.go.jp/chintai/kanto/tokyo/20_4481_room.html?JKSS=000140505,<li>JR常磐線「亀有」駅 徒歩13～17分</li><li>JR常磐線「亀有」駅バス5分 徒歩2～4分</li><li>京成本線「青砥」駅 徒歩20～22分</li>
tokyo,aoto,すまいる亀有,124500,,,,,,,葛飾区亀有1-10,14号棟,鉄筋コンクリート造,5,N,505号室,2DK,52,6,117900,6600,2か月,"['近居割', '近居割WIDE', 'シルバーピア']",随時,https://www.ur-net.go.jp/chintai/kanto/tokyo/20_4481_room.html?JKSS=000140505,<li>JR常磐線「亀有」駅 徒歩13～17分</li><li>JR常磐線「亀有」駅バス5分 徒歩2～4分</li><li>京成本線「青砥」駅 徒歩20～22分</li>
tokyo,aoto,すまいる亀有,148400,JR常磐線「亀有」駅,13.0,17.0,JR常磐線「亀有」駅,7.0,9.0,葛飾区亀有1-10,11号棟,鉄筋コンクリート造,14,N,1401号室,3LDK,66,14,141800,6600,2か月,"['近居割', '近居割WIDE']",随時,https://www.ur-net.go.jp/chintai/kanto/tokyo/20_4481_room.html?JKSS=000111401,<li>JR常磐線「亀有」駅 徒歩13～17分</li><li>JR常磐線「亀有」駅バス5分 徒歩2～4分</li><li>京成本線「青砥」駅 徒歩20～22分</li>
tokyo,aoto,すまいる亀有,148400,京成本線「青砥」駅,20.0,22.0,,,,葛飾区亀有1-10,11号棟,鉄筋コンクリート造,14,N,1401号室,3LDK,66,14,141800,6600,2か月,"['近居割', '近居割WIDE']",随時,https://www.ur-net.go.jp/chintai/kanto/tokyo/20_4481_room.html?JKSS=000111401,<li>JR常磐線「亀有」駅 徒歩13～17分</li><li>JR常磐線「亀有」駅バス5分 徒歩2～4分</li><li>京成本線「青砥」駅 徒歩20～22分</li>
tokyo,aoto,すまいる亀有,148400,,,,,,,葛飾区亀有1-10,11号棟,鉄筋コンクリート造,14,N,1401号室,3LDK,66,14,141800,6600,2か月,"['近居割', '近居割WIDE']",随時,https://www.ur-net.go.jp/chintai/kanto/tokyo/20_4481_room.html?JKSS=000111401,<li>JR常磐線「亀有」駅 徒歩13～17分</li><li>JR常磐線「亀有」駅バス5分 徒歩2～4分</li><li>京成本線「青砥」駅 徒歩20～22分</li>
tokyo,kitasenju,金町第一,140690,JR常磐線「金町」駅,9.0,11.0,,,,葛飾区東金町2-23-1ほか,4号棟,鉄筋コンクリート造,5,N,502号室,1K,56,6,135000,5690,2か月,"['近居割', '近居割WIDE']",随時,https://www.ur-net.go.jp/chintai/kanto/tokyo/20_6400_room.html?JKSS=000040502,<li>JR常磐線「金町」駅 徒歩9～11分</li><li>京成金町線「京成金町」駅 徒歩11～13分</li>
tokyo,kitasenju,金町第一,140690,京成金町線「京成金町」駅,11.0,13.0,,,,葛飾区東金町2-23-1ほか,4号棟,鉄筋コンクリート造,5,N,502号室,1K,56,6,135000,5690,2か月,"['近居割', '近居割WIDE']",随時,https://www.ur-net.go.jp/chintai/kanto/tokyo/20_6400_room.html?JKSS=000040502,<li>JR常磐線「金町」駅 徒歩9～11分</li><li>京成金町線「京成金町」駅 徒歩11～13分</li>
tokyo,kitasenju,金町第一,140690,,,,,,,葛飾区東金町2-23-1ほか,4号棟,鉄筋コンクリート造,5,N,502号室,1K,56,6,135000,5690,2か月,"['近居割', '近居割WIDE']",随時,https://www.ur-net.go.jp/chintai/kanto/tokyo/20_6400_room.html?JKSS=000040502,<li>JR常磐線「金町」駅 徒歩9～11分</li><li>京成金町線「京成金町」駅 徒歩11～13分</li>
tokyo,shibuya,恵比寿ビュータワー,257700,JR山手線ほか｢恵比寿｣駅,9.0,9.0,,,,目黒区三田1-4-4,,鉄筋コンクリート造,32,N,3205号室,1K,40,32,253200,4500,2か月,['近居割'],随時,https://www.ur-net.go.jp/chintai/kanto/tokyo/20_5180_room.html?JKSS=000003205,<li>JR山手線ほか｢恵比寿｣駅 徒歩9分</li>
tokyo,shibuya,恵比寿ビュータワー,257700,,,,,,,目黒区三田1-4-4,,鉄筋コンクリート造,32,N,3205号室,1K,40,32,253200,4500,2か月,['近居割'],随時,https://www.ur-net.go.jp/chintai/kanto/tokyo/20_5180_room.html?JKSS=000003205,<li>JR山手線ほか｢恵比寿｣駅 徒歩9分</li>
tokyo,chitosekarasuyama,シティコート世田谷給田,150700,,,,京王線「千歳烏山」駅,6.0,8.0,世田谷区給田5-8-5,C号棟,鉄筋コンクリート造,4,N,402号室,1DK,45,10,142600,8100,2か月,['近居割'],随時,https://www.ur-net.go.jp/chintai/kanto/tokyo/20_5780_room.html?JKSS=000C00402,<li>京王線「千歳烏山」駅バス4分 徒歩2～4分</li><li>京王線「仙川」駅 徒歩15～18分</li>
tokyo,chitosekarasuyama,シティコート世田谷給田,150700,京王線「仙川」駅,15.0,18.0,,,,世田谷区給田5-8-5,C号棟,鉄筋コンクリート造,4,N,402号室,1DK,45,10,142600,8100,2か月,['近居割'],随時,https://www.ur-net.go.jp/chintai/kanto/tokyo/20_5780_room.html?JKSS=000C00402,<li>京王線「千歳烏山」駅バス4分 徒歩2～4分</li><li>京王線「仙川」駅 徒歩15～18分</li>
tokyo,chitosekarasuyama,シティコート世田谷給田,150700,,,,,,,世田谷区給田5-8-5,C号棟,鉄筋コンクリート造,4,N,402号室,1DK,45,10,142600,8100,2か月,['近居割'],随時,https://www.ur-net.go.jp/chintai/kanto/tokyo/20_5780_room.html?JKSS=000C00402,<li>京王線「千歳烏山」駅バス4分 徒歩2～4分</li><li>京王線「仙川」駅 徒歩15～18分</li>
tokyo,chitosekarasuyama,プロムナード荻窪,174200,,,,JR中央線「荻窪」駅,12.0,13.0,杉並区桃井3-7,1号棟,鉄筋コンクリート造,7,N,703号室,1LDK,51,11,163700,10500,2か月,['近居割'],随時,https://www.ur-net.go.jp/chintai/kanto/tokyo/20_6870_room.html?JKSS=000010703,<li>JR中央線「荻窪」駅バス11分 徒歩1～2分</li><li>JR中央線「西荻窪」駅 徒歩14～18分</li>
tokyo,chitosekarasuyama,プロムナード荻窪,174200,JR中央線「西荻窪」駅,14.0,18.0,,,,杉並区桃井3-7,1号棟,鉄筋コンクリート造,7,N,703号室,1LDK,51,11,163700,10500,2か月,['近居割'],随時,https://www.ur-net.go.jp/chintai/kanto/tokyo/20_6870_room.html?JKSS=000010703,<li>JR中央線「荻窪」駅バス11分 徒歩1～2分</li><li>JR中央線「西荻窪」駅 徒歩14～18分</li>
tokyo,chitosekarasuyama,プロムナード荻窪,174200,,,,,,,杉並区桃井3-7,1号棟,鉄筋コンクリート造,7,N,703号室,1LDK,51,11,163700,10500,2か月,['近居割'],随時,https://www.ur-net.go.jp/chintai/kanto/tokyo/20_6870_room.html?JKSS=000010703,<li>JR中央線「荻窪」駅バス11分 徒歩1～2分</li><li>JR中央線「西荻窪」駅 徒歩14～18分</li>
tokyo,oji,ヴァンガードタワー,241700,JR山手線ほか｢池袋｣駅,10.0,10.0,,,,豊島区東池袋3-21-21,,鉄筋コンクリート造,19,N,1905号室,1LDK,61,38,232500,9200,2か月,['近居割'],随時,https://www.ur-net.go.jp/chintai/kanto/tokyo/20_7020_room.html?JKSS=000001905,<li>JR山手線ほか｢池袋｣駅 徒歩10分</li><li>JR山手線｢大塚｣駅 徒歩11分</li><li>東京メトロ有楽町線｢東池袋｣駅 徒歩10分</li>
tokyo,oji,ヴァンガードタワー,241700,JR山手線｢大塚｣駅,11.0,11.0,,,,豊島区東池袋3-21-21,,鉄筋コンクリート造,19,N,1905号室,1LDK,61,38,232500,9200,2か月,['近居割'],随時,https://www.ur-net.go.jp/chintai/kanto/tokyo/20_7020_room.html?JKSS=000001905,<li>JR山手線ほか｢池袋｣駅 徒歩10分</li><li>JR山手線｢大塚｣駅 徒歩11分</li><li>東京メトロ有楽町線｢東池袋｣駅 徒歩10分</li>
tokyo,oji,ヴァンガードタワー,241700,東京メトロ有楽町線｢東池袋｣駅,10.0,10.0,,,,豊島区東池袋3-21-21,,鉄筋コンクリート造,19,N,1905号室,1LDK,61,38,232500,9200,2か月,['近居割'],随時,https://www.ur-net.go.jp/chintai/kanto/tokyo/20_7020_room.html?JKSS=000001905,<li>JR山手線ほか｢池袋｣駅 徒歩10分</li><li>JR山手線｢大塚｣駅 徒歩11分</li><li>東京メトロ有楽町線｢東池袋｣駅 徒歩10分</li>
tokyo,oji,ヴァンガードタワー,241700,,,,,,,豊島区東池袋3-21-21,,鉄筋コンクリート造,19,N,1905号室,1LDK,61,38,232500,9200,2か月,['近居割'],随時,https://www.ur-net.go.jp/chintai/kanto/tokyo/20_7020_room.html?JKSS=000001905,<li>JR山手線ほか｢池袋｣駅 徒歩10分</li><li>JR山手線｢大塚｣駅 徒歩11分</li><li>東京メトロ有楽町線｢東池袋｣駅 徒歩10分</li>
tokyo,oji,豊島五丁目,71900,,,,JR京浜東北・根岸線「王子」駅,9.0,13.0,北区豊島5-4ほか,3号棟,鉄筋コンクリート造,3,N,313号室,1DK,33,14,68600,3300,2か月,"['近居割', '近居割WIDE']",随時,https://www.ur-net.go.jp/chintai/kanto/tokyo/20_2320_room.html?JKSS=000030313,<li>JR京浜東北・根岸線「王子」駅バス7分 徒歩2～6分</li><li>東京メトロ南北線「王子」駅バス7分 徒歩2～6分</li>
tokyo,oji,豊島五丁目,71900,,,,東京メトロ南北線「王子」駅,9.0,13.0,北区豊島5-4ほか,3号棟,鉄筋コンクリート造,3,N,313号室,1DK,33,14,68600,3300,2か月,"['近居割', '近居割WIDE']",随時,https://www.ur-net.go.jp/chintai/kanto/tokyo/20_2320_room.html?JKSS=000030313,<li>JR京浜東北・根岸線「王子」駅バス7分 徒歩2～6分</li><li>東京メトロ南北線「王子」駅バス7分 徒歩2～6分</li>
tokyo,oji,豊島五丁目,71900,,,,,,,北区豊島5-4ほか,3号棟,鉄筋コンクリート造,3,N,313号室,1DK,33,14,68600,3300,2か月,"['近居割', '近居割WIDE']",随時,https://www.ur-net.go.jp/chintai/kanto/tokyo/20_2320_room.html?JKSS=000030313,<li>JR京浜東北・根岸線「王子」駅バス7分 徒歩2～6分</li><li>東京メトロ南北線「王子」駅バス7分 徒歩2～6分</li>
tokyo,oji,フレーシェル王子神谷,126000,東京メトロ南北線「王子神谷」駅,6.0,7.0,,,,北区豊島8-27,1号棟,鉄筋コンクリート造,8,N,809号室,1K,41,14,121800,4200,2か月,['近居割'],随時,https://www.ur-net.go.jp/chintai/kanto/tokyo/20_6000_room.html?JKSS=000010809,<li>東京メトロ南北線「王子神谷」駅 徒歩6～7分</li><li>JR京浜東北・根岸線「東十条」駅 徒歩16～17分</li>
tokyo,oji,フレーシェル王子神谷,126000,JR京浜東北・根岸線「東十条」駅,16.0,17.0,,,,北区豊島8-27,1号棟,鉄筋コンクリート造,8,N,809号室,1K,41,14,121800,4200,2か月,['近居割'],随時,https://www.ur-net.go.jp/chintai/kanto/tokyo/20_6000_room.html?JKSS=000010809,<li>東京メトロ南北線「王子神谷」駅 徒歩6～7分</li><li>JR京浜東北・根岸線「東十条」駅 徒歩16～17分</li>
tokyo,oji,フレーシェル王子神谷,126000,,,,,,,北区豊島8-27,1号棟,鉄筋コンクリート造,8,N,809号室,1K,41,14,121800,4200,2か月,['近居割'],随時,https://www.ur-net.go.jp/chintai/kanto/tokyo/20_6000_room.html?JKSS=000010809,<li>東京メトロ南北線「王子神谷」駅 徒歩6～7分</li><li>JR京浜東北・根岸線「東十条」駅 徒歩16～17分</li>
tokyo,takashimadaira,新蓮根,166600,都営三田線「蓮根」駅,3.0,7.0,,,,板橋区蓮根2-30ほか,10号棟,鉄筋コンクリート造,2,N,203号室,2LDK,62,4,162600,4000,2か月,['近居割'],随時,https://www.ur-net.go.jp/chintai/kanto/tokyo/20_4760_room.html?JKSS=000100203,<li>都営三田線「蓮根」駅 徒歩3～7分</li><li>都営三田線「西台」駅 徒歩4～8分</li>
tokyo,takashimadaira,新蓮根,166600,都営三田線「西台」駅,4.0,8.0,,,,板橋区蓮根2-30ほか,10号棟,鉄筋コンクリート造,2,N,203号室,2LDK,62,4,162600,4000,2か月,['近居割'],随時,https://www.ur-net.go.jp/chintai/kanto/tokyo/20_4760_room.html?JKSS=000100203,<li>都営三田線「蓮根」駅 徒歩3～7分</li><li>都営三田線「西台」駅 徒歩4～8分</li>
tokyo,takashimadaira,新蓮根,166600,,,,,,,板橋区蓮根2-30ほか,10号棟,鉄筋コンクリート造,2,N,203号室,2LDK,62,4,162600,4000,2か月,['近居割'],随時,https://www.ur-net.go.jp/chintai/kanto/tokyo/20_4760_room.html?JKSS=000100203,<li>都営三田線「蓮根」駅 徒歩3～7分</li><li>都営三田線「西台」駅 徒歩4～8分</li>
tokyo,hachioji,館ヶ丘,51700,,,,JR中央線「高尾」駅,8.0,18.0,八王子市館町1097,1-13号棟,鉄筋コンクリート造,5,N,511号室,2DK,42,5,47200,4500,2か月,"['近居割', '近居割WIDE']",随時,https://www.ur-net.go.jp/chintai/kanto/tokyo/20_2600_room.html?JKSS=001130511,<li>JR中央線「高尾」駅バス7分 徒歩1～11分</li><li>京王高尾線「高尾」駅バス7分 徒歩1～11分</li><li>JR中央本線「高尾」駅 徒歩29～38分</li>
tokyo,hachioji,館ヶ丘,51700,,,,京王高尾線「高尾」駅,8.0,18.0,八王子市館町1097,1-13号棟,鉄筋コンクリート造,5,N,511号室,2DK,42,5,47200,4500,2か月,"['近居割', '近居割WIDE']",随時,https://www.ur-net.go.jp/chintai/kanto/tokyo/20_2600_room.html?JKSS=001130511,<li>JR中央線「高尾」駅バス7分 徒歩1～11分</li><li>京王高尾線「高尾」駅バス7分 徒歩1～11分</li><li>JR中央本線「高尾」駅 徒歩29～38分</li>
tokyo,hachioji,館ヶ丘,51700,JR中央本線「高尾」駅,29.0,38.0,,,,八王子市館町1097,1-13号棟,鉄筋コンクリート造,5,N,511号室,2DK,42,5,47200,4500,2か月,"['近居割', '近居割WIDE']",随時,https://www.ur-net.go.jp/chintai/kanto/tokyo/20_2600_room.html?JKSS=001130511,<li>JR中央線「高尾」駅バス7分 徒歩1～11分</li><li>京王高尾線「高尾」駅バス7分 徒歩1～11分</li><li>JR中央本線「高尾」駅 徒歩29～38分</li>
tokyo,hachioji,館ヶ丘,51700,,,,,,,八王子市館町1097,1-13号棟,鉄筋コンクリート造,5,N,511号室,2DK,42,5,47200,4500,2か月,"['近居割', '近居割WIDE']",随時,https://www.ur-net.go.jp/chintai/kanto/tokyo/20_2600_room.html?JKSS=001130511,<li>JR中央線「高尾」駅バス7分 徒歩1～11分</li><li>京王高尾線「高尾」駅バス7分 徒歩1～11分</li><li>JR中央本線「高尾」駅 徒歩29～38分</li>
tokyo,hachioji,館ヶ丘,51700,,,,JR中央線「高尾」駅,8.0,18.0,八王子市館町1097,1-14号棟,鉄筋コンクリート造,5,N,504号室,2DK,42,5,47200,4500,2か月,"['近居割', '近居割WIDE']",随時,https://www.ur-net.go.jp/chintai/kanto/tokyo/20_2600_room.html?JKSS=001140504,<li>JR中央線「高尾」駅バス7分 徒歩1～11分</li><li>京王高尾線「高尾」駅バス7分 徒歩1～11分</li><li>JR中央本線「高尾」駅 徒歩29～38分</li>
tokyo,hachioji,館ヶ丘,51700,,,,京王高尾線「高尾」駅,8.0,18.0,八王子市館町1097,1-14号棟,鉄筋コンクリート造,5,N,504号室,2DK,42,5,47200,4500,2か月,"['近居割', '近居割WIDE']",随時,https://www.ur-net.go.jp/chintai/kanto/tokyo/20_2600_room.html?JKSS=001140504,<li>JR中央線「高尾」駅バス7分 徒歩1～11分</li><li>京王高尾線「高尾」駅バス7分 徒歩1～11分</li><li>JR中央本線「高尾」駅 徒歩29～38分</li>
tokyo,hachioji,館ヶ丘,51700,JR中央本線「高尾」駅,29.0,38.0,,,,八王子市館町1097,1-14号棟,鉄筋コンクリート造,5,N,504号室,2DK,42,5,47200,4500,2か月,"['近居割', '近居割WIDE']",随時,https://www.ur-net.go.jp/chintai/kanto/tokyo/20_2600_room.html?JKSS=001140504,<li>JR中央線「高尾」駅バス7分 徒歩1～11分</li><li>京王高尾線「高尾」駅バス7分 徒歩1～11分</li><li>JR中央本線「高尾」駅 徒歩29～38分</li>
tokyo,hachioji,館ヶ丘,51700,,,,,,,八王子市館町1097,1-14号棟,鉄筋コンクリート造,5,N,504号室,2DK,42,5,47200,4500,2か月,"['近居割', '近居割WIDE']",随時,https://www.ur-net.go.jp/chintai/kanto/tokyo/20_2600_room.html?JKSS=001140504,<li>JR中央線「高尾」駅バス7分 徒歩1～11分</li><li>京王高尾線「高尾」駅バス7分 徒歩1～11分</li><li>JR中央本線「高尾」駅 徒歩29～38分</li>
tokyo,hachioji,館ヶ丘,60700,,,,JR中央線「高尾」駅,8.0,18.0,八王子市館町1097,3-3号棟,鉄筋コンクリート造,4,N,407号室,3K,48,5,56200,4500,2か月,"['近居割', '近居割WIDE']",随時,https://www.ur-net.go.jp/chintai/kanto/tokyo/20_2600_room.html?JKSS=003030407,<li>JR中央線「高尾」駅バス7分 徒歩1～11分</li><li>京王高尾線「高尾」駅バス7分 徒歩1～11分</li><li>JR中央本線「高尾」駅 徒歩29～38分</li>
tokyo,hachioji,館ヶ丘,60700,,,,京王高尾線「高尾」駅,8.0,18.0,八王子市館町1097,3-3号棟,鉄筋コンクリート造,4,N,407号室,3K,48,5,56200,4500,2か月,"['近居割', '近居割WIDE']",随時,https://www.ur-net.go.jp/chintai/kanto/tokyo/20_2600_room.html?JKSS=003030407,<li>JR中央線「高尾」駅バス7分 徒歩1～11分</li><li>京王高尾線「高尾」駅バス7分 徒歩1～11分</li><li>JR中央本線「高尾」駅 徒歩29～38分</li>
tokyo,hachioji,館ヶ丘,60700,JR中央本線「高尾」駅,29.0,38.0,,,,八王子市館町1097,3-3号棟,鉄筋コンクリート造,4,N,407号室,3K,48,5,56200,4500,2か月,"['近居割', '近居割WIDE']",随時,https://www.ur-net.go.jp/chintai/kanto/tokyo/20_2600_room.html?JKSS=003030407,<li>JR中央線「高尾」駅バス7分 徒歩1～11分</li><li>京王高尾線「高尾」駅バス7分 徒歩1～11分</li><li>JR中央本線「高尾」駅 徒歩29～38分</li>
tokyo,hachioji,館ヶ丘,60700,,,,,,,八王子市館町1097,3-3号棟,鉄筋コンクリート造,4,N,407号室,3K,48,5,56200,4500,2か月,"['近居割', '近居割WIDE']",随時,https://www.ur-net.go.jp/chintai/kanto/tokyo/20_2600_room.html?JKSS=003030407,<li>JR中央線「高尾」駅バス7分 徒歩1～11分</li><li>京王高尾線「高尾」駅バス7分 徒歩1～11分</li><li>JR中央本線「高尾」駅 徒歩29～38分</li>
tokyo,hachioji,館ヶ丘,60700,,,,JR中央線「高尾」駅,8.0,18.0,八王子市館町1097,3-6号棟,鉄筋コンクリート造,4,N,406号室,3K,48,5,56200,4500,2か月,"['近居割', '近居割WIDE']",随時,https://www.ur-net.go.jp/chintai/kanto/tokyo/20_2600_room.html?JKSS=003060406,<li>JR中央線「高尾」駅バス7分 徒歩1～11分</li><li>京王高尾線「高尾」駅バス7分 徒歩1～11分</li><li>JR中央本線「高尾」駅 徒歩29～38分</li>
tokyo,hachioji,館ヶ丘,60700,,,,京王高尾線「高尾」駅,8.0,18.0,八王子市館町1097,3-6号棟,鉄筋コンクリート造,4,N,406号室,3K,48,5,56200,4500,2か月,"['近居割', '近居割WIDE']",随時,https://www.ur-net.go.jp/chintai/kanto/tokyo/20_2600_room.html?JKSS=003060406,<li>JR中央線「高尾」駅バス7分 徒歩1～11分</li><li>京王高尾線「高尾」駅バス7分 徒歩1～11分</li><li>JR中央本線「高尾」駅 徒歩29～38分</li>
tokyo,hachioji,館ヶ丘,60700,JR中央本線「高尾」駅,29.0,38.0,,,,八王子市館町1097,3-6号棟,鉄筋コンクリート造,4,N,406号室,3K,48,5,56200,4500,2か月,"['近居割', '近居割WIDE']",随時,https://www.ur-net.go.jp/chintai/kanto/tokyo/20_2600_room.html?JKSS=003060406,<li>JR中央線「高尾」駅バス7分 徒歩1～11分</li><li>京王高尾線「高尾」駅バス7分 徒歩1～11分</li><li>JR中央本線「高尾」駅 徒歩29～38分</li>
tokyo,hachioji,館ヶ丘,60700,,,,,,,八王子市館町1097,3-6号棟,鉄筋コンクリート造,4,N,406号室,3K,48,5,56200,4500,2か月,"['近居割', '近居割WIDE']",随時,https://www.ur-net.go.jp/chintai/kanto/tokyo/20_2600_room.html?JKSS=003060406,<li>JR中央線「高尾」駅バス7分 徒歩1～11分</li><li>京王高尾線「高尾」駅バス7分 徒歩1～11分</li><li>JR中央本線「高尾」駅 徒歩29～38分</li>
tokyo,hachioji,館ヶ丘,60700,,,,JR中央線「高尾」駅,8.0,18.0,八王子市館町1097,3-9号棟,鉄筋コンクリート造,4,N,403号室,3K,48,5,56200,4500,2か月,"['近居割', '近居割WIDE']",随時,https://www.ur-net.go.jp/chintai/kanto/tokyo/20_2600_room.html?JKSS=003090403,<li>JR中央線「高尾」駅バス7分 徒歩1～11分</li><li>京王高尾線「高尾」駅バス7分 徒歩1～11分</li><li>JR中央本線「高尾」駅 徒歩29～38分</li>
tokyo,hachioji,館ヶ丘,60700,,,,京王高尾線「高尾」駅,8.0,18.0,八王子市館町1097,3-9号棟,鉄筋コンクリート造,4,N,403号室,3K,48,5,56200,4500,2か月,"['近居割', '近居割WIDE']",随時,https://www.ur-net.go.jp/chintai/kanto/tokyo/20_2600_room.html?JKSS=003090403,<li>JR中央線「高尾」駅バス7分 徒歩1～11分</li><li>京王高尾線「高尾」駅バス7分 徒歩1～11分</li><li>JR中央本線「高尾」駅 徒歩29～38分</li>
tokyo,hachioji,館ヶ丘,60700,JR中央本線「高尾」駅,29.0,38.0,,,,八王子市館町1097,3-9号棟,鉄筋コンクリート造,4,N,403号室,3K,48,5,56200,4500,2か月,"['近居割', '近居割WIDE']",随時,https://www.ur-net.go.jp/chintai/kanto/tokyo/20_2600_room.html?JKSS=003090403,<li>JR中央線「高尾」駅バス7分 徒歩1～11分</li><li>京王高尾線「高尾」駅バス7分 徒歩1～11分</li><li>JR中央本線「高尾」駅 徒歩29～38分</li>
tokyo,hachioji,館ヶ丘,60700,,,,,,,八王子市館町1097,3-9号棟,鉄筋コンクリート造,4,N,403号室,3K,48,5,56200,4500,2か月,"['近居割', '近居割WIDE']",随時,https://www.ur-net.go.jp/chintai/kanto/tokyo/20_2600_room.html?JKSS=003090403,<li>JR中央線「高尾」駅バス7分 徒歩1～11分</li><li>京王高尾線「高尾」駅バス7分 徒歩1～11分</li><li>JR中央本線「高尾」駅 徒歩29～38分</li>
tokyo,hachioji,南原台,71000,,,,JR中央線「豊田」駅,10.0,14.0,八王子市大和田町1-2ほか,9号棟,鉄筋コンクリート造,4,N,404号室,3DK,61,4,66000,5000,2か月,['近居割'],随時,https://www.ur-net.go.jp/chintai/kanto/tokyo/20_2990_room.html?JKSS=000090404,<li>JR中央線「豊田」駅バス7分 徒歩3～7分</li><li>JR中央線「八王子」駅バス9分 徒歩3～7分</li><li>JR八高線「北八王子」駅 徒歩9～12分</li>
tokyo,hachioji,南原台,71000,,,,JR中央線「八王子」駅,12.0,16.0,八王子市大和田町1-2ほか,9号棟,鉄筋コンクリート造,4,N,404号室,3DK,61,4,66000,5000,2か月,['近居割'],随時,https://www.ur-net.go.jp/chintai/kanto/tokyo/20_2990_room.html?JKSS=000090404,<li>JR中央線「豊田」駅バス7分 徒歩3～7分</li><li>JR中央線「八王子」駅バス9分 徒歩3～7分</li><li>JR八高線「北八王子」駅 徒歩9～12分</li>
tokyo,hachioji,南原台,71000,JR八高線「北八王子」駅,9.0,12.0,,,,八王子市大和田町1-2ほか,9号棟,鉄筋コンクリート造,4,N,404号室,3DK,61,4,66000,5000,2か月,['近居割'],随時,https://www.ur-net.go.jp/chintai/kanto/tokyo/20_2990_room.html?JKSS=000090404,<li>JR中央線「豊田」駅バス7分 徒歩3～7分</li><li>JR中央線「八王子」駅バス9分 徒歩3～7分</li><li>JR八高線「北八王子」駅 徒歩9～12分</li>
tokyo,hachioji,南原台,71000,,,,,,,八王子市大和田町1-2ほか,9号棟,鉄筋コンクリート造,4,N,404号室,3DK,61,4,66000,5000,2か月,['近居割'],随時,https://www.ur-net.go.jp/chintai/kanto/tokyo/20_2990_room.html?JKSS=000090404,<li>JR中央線「豊田」駅バス7分 徒歩3～7分</li><li>JR中央線「八王子」駅バス9分 徒歩3～7分</li><li>JR八高線「北八王子」駅 徒歩9～12分</li>
tokyo,nagayama,多摩ニュータウン　松が谷,77400,多摩都市モノレール「松が谷」駅,5.0,8.0,,,,八王子市松が谷27ほか,27-6号棟,鉄筋コンクリート造,2,N,201号室,2DK,50,5,72400,5000,2か月,['健康寿命サポート'],随時,https://www.ur-net.go.jp/chintai/kanto/tokyo/20_2720_room.html?JKSS=027060201,<li>多摩都市モノレール「松が谷」駅 徒歩5～8分</li><li>京王相模原線「京王多摩センター」駅・小田急多摩線「小田急多摩センター」駅・多摩都市モノレール「多摩センター」駅バス5分 徒歩2～4分</li>
tokyo,nagayama,多摩ニュータウン　松が谷,77400,,,,京王相模原線「京王多摩センター」駅・小田急多摩線「小田急多摩センター」駅・多摩都市モノレール「多摩センター」駅,7.0,9.0,八王子市松が谷27ほか,27-6号棟,鉄筋コンクリート造,2,N,201号室,2DK,50,5,72400,5000,2か月,['健康寿命サポート'],随時,https://www.ur-net.go.jp/chintai/kanto/tokyo/20_2720_room.html?JKSS=027060201,<li>多摩都市モノレール「松が谷」駅 徒歩5～8分</li><li>京王相模原線「京王多摩センター」駅・小田急多摩線「小田急多摩センター」駅・多摩都市モノレール「多摩センター」駅バス5分 徒歩2～4分</li>
tokyo,nagayama,多摩ニュータウン　松が谷,77400,,,,,,,八王子市松が谷27ほか,27-6号棟,鉄筋コンクリート造,2,N,201号室,2DK,50,5,72400,5000,2か月,['健康寿命サポート'],随時,https://www.ur-net.go.jp/chintai/kanto/tokyo/20_2720_room.html?JKSS=027060201,<li>多摩都市モノレール「松が谷」駅 徒歩5～8分</li><li>京王相模原線「京王多摩センター」駅・小田急多摩線「小田急多摩センター」駅・多摩都市モノレール「多摩センター」駅バス5分 徒歩2～4分</li>
tokyo,hachioji,グリーンヒル寺田,79100,,,,京王高尾線「めじろ台」駅,7.0,13.0,八王子市寺田町432,98号棟,鉄筋コンクリート造、鉄骨鉄筋コンクリート造,3,N,308号室,3DK,68,8,74200,4900,2か月,"['近居割', '近居割WIDE']",随時,https://www.ur-net.go.jp/chintai/kanto/tokyo/20_3370_room.html?JKSS=000980308,<li>京王高尾線「めじろ台」駅バス6分 徒歩1～7分</li><li>JR中央線「西八王子」駅バス17分 徒歩1～7分</li><li>JR横浜線「八王子みなみ野」駅バス12分 徒歩1～7分</li>
tokyo,hachioji,グリーンヒル寺田,79100,,,,JR中央線「西八王子」駅,18.0,24.0,八王子市寺田町432,98号棟,鉄筋コンクリート造、鉄骨鉄筋コンクリート造,3,N,308号室,3DK,68,8,74200,4900,2か月,"['近居割', '近居割WIDE']",随時,https://www.ur-net.go.jp/chintai/kanto/tokyo/20_3370_room.html?JKSS=000980308,<li>京王高尾線「めじろ台」駅バス6分 徒歩1～7分</li><li>JR中央線「西八王子」駅バス17分 徒歩1～7分</li><li>JR横浜線「八王子みなみ野」駅バス12分 徒歩1～7分</li>
tokyo,hachioji,グリーンヒル寺田,79100,,,,JR横浜線「八王子みなみ野」駅,13.0,19.0,八王子市寺田町432,98号棟,鉄筋コンクリート造、鉄骨鉄筋コンクリート造,3,N,308号室,3DK,68,8,74200,4900,2か月,"['近居割', '近居割WIDE']",随時,https://www.ur-net.go.jp/chintai/kanto/tokyo/20_3370_room.html?JKSS=000980308,<li>京王高尾線「めじろ台」駅バス6分 徒歩1～7分</li><li>JR中央線「西八王子」駅バス17分 徒歩1～7分</li><li>JR横浜線「八王子みなみ野」駅バス12分 徒歩1～7分</li>
tokyo,hachioji,グリーンヒル寺田,79100,,,,,,,八王子市寺田町432,98号棟,鉄筋コンクリート造、鉄骨鉄筋コンクリート造,3,N,308号室,3DK,68,8,74200,4900,2か月,"['近居割', '近居割WIDE']",随時,https://www.ur-net.go.jp/chintai/kanto/tokyo/20_3370_room.html?JKSS=000980308,<li>京王高尾線「めじろ台」駅バス6分 徒歩1～7分</li><li>JR中央線「西八王子」駅バス17分 徒歩1～7分</li><li>JR横浜線「八王子みなみ野」駅バス12分 徒歩1～7分</li>
tokyo,hachioji,八王子パークヒル 宇津木台,88900,JR八高線「小宮」駅,11.0,16.0,,,,八王子市久保山町2ほか,,鉄筋コンクリート造,1,N,109号室,2LDK,66,9,84700,4200,2か月,['近居割'],随時,https://www.ur-net.go.jp/chintai/kanto/tokyo/20_4080_room.html?JKSS=109010109,<li>JR八高線「小宮」駅 徒歩11～16分</li><li>JR中央線「日野」駅バス13分 徒歩3～5分</li><li>JR中央線「八王子」・京王線「京王八王子」駅バス22～24分 徒歩3～5分</li>
tokyo,hachioji,八王子パークヒル 宇津木台,88900,,,,JR中央線「日野」駅,16.0,18.0,八王子市久保山町2ほか,,鉄筋コンクリート造,1,N,109号室,2LDK,66,9,84700,4200,2か月,['近居割'],随時,https://www.ur-net.go.jp/chintai/kanto/tokyo/20_4080_room.html?JKSS=109010109,<li>JR八高線「小宮」駅 徒歩11～16分</li><li>JR中央線「日野」駅バス13分 徒歩3～5分</li><li>JR中央線「八王子」・京王線「京王八王子」駅バス22～24分 徒歩3～5分</li>
tokyo,hachioji,八王子パークヒル 宇津木台,88900,,,,JR中央線「八王子」・京王線「京王八王子」駅,25.0,29.0,八王子市久保山町2ほか,,鉄筋コンクリート造,1,N,109号室,2LDK,66,9,84700,4200,2か月,['近居割'],随時,https://www.ur-net.go.jp/chintai/kanto/tokyo/20_4080_room.html?JKSS=109010109,<li>JR八高線「小宮」駅 徒歩11～16分</li><li>JR中央線「日野」駅バス13分 徒歩3～5分</li><li>JR中央線「八王子」・京王線「京王八王子」駅バス22～24分 徒歩3～5分</li>
tokyo,hachioji,八王子パークヒル 宇津木台,88900,,,,,,,八王子市久保山町2ほか,,鉄筋コンクリート造,1,N,109号室,2LDK,66,9,84700,4200,2か月,['近居割'],随時,https://www.ur-net.go.jp/chintai/kanto/tokyo/20_4080_room.html?JKSS=109010109,<li>JR八高線「小宮」駅 徒歩11～16分</li><li>JR中央線「日野」駅バス13分 徒歩3～5分</li><li>JR中央線「八王子」・京王線「京王八王子」駅バス22～24分 徒歩3～5分</li>
tokyo,hachioji,八王子パークヒル 宇津木台,91800,JR八高線「小宮」駅,11.0,16.0,,,,八王子市久保山町2ほか,,鉄筋コンクリート造,5,N,511号室,1LDK,51,9,87600,4200,2か月,['近居割'],随時,https://www.ur-net.go.jp/chintai/kanto/tokyo/20_4080_room.html?JKSS=109010511,<li>JR八高線「小宮」駅 徒歩11～16分</li><li>JR中央線「日野」駅バス13分 徒歩3～5分</li><li>JR中央線「八王子」・京王線「京王八王子」駅バス22～24分 徒歩3～5分</li>
tokyo,hachioji,八王子パークヒル 宇津木台,91800,,,,JR中央線「日野」駅,16.0,18.0,八王子市久保山町2ほか,,鉄筋コンクリート造,5,N,511号室,1LDK,51,9,87600,4200,2か月,['近居割'],随時,https://www.ur-net.go.jp/chintai/kanto/tokyo/20_4080_room.html?JKSS=109010511,<li>JR八高線「小宮」駅 徒歩11～16分</li><li>JR中央線「日野」駅バス13分 徒歩3～5分</li><li>JR中央線「八王子」・京王線「京王八王子」駅バス22～24分 徒歩3～5分</li>
tokyo,hachioji,八王子パークヒル 宇津木台,91800,,,,JR中央線「八王子」・京王線「京王八王子」駅,25.0,29.0,八王子市久保山町2ほか,,鉄筋コンクリート造,5,N,511号室,1LDK,51,9,87600,4200,2か月,['近居割'],随時,https://www.ur-net.go.jp/chintai/kanto/tokyo/20_4080_room.html?JKSS=109010511,<li>JR八高線「小宮」駅 徒歩11～16分</li><li>JR中央線「日野」駅バス13分 徒歩3～5分</li><li>JR中央線「八王子」・京王線「京王八王子」駅バス22～24分 徒歩3～5分</li>
tokyo,hachioji,八王子パークヒル 宇津木台,91800,,,,,,,八王子市久保山町2ほか,,鉄筋コンクリート造,5,N,511号室,1LDK,51,9,87600,4200,2か月,['近居割'],随時,https://www.ur-net.go.jp/chintai/kanto/tokyo/20_4080_room.html?JKSS=109010511,<li>JR八高線「小宮」駅 徒歩11～16分</li><li>JR中央線「日野」駅バス13分 徒歩3～5分</li><li>JR中央線「八王子」・京王線「京王八王子」駅バス22～24分 徒歩3～5分</li>
tokyo,hachioji,八王子パークヒル 宇津木台,93300,JR八高線「小宮」駅,11.0,16.0,,,,八王子市久保山町2ほか,3号棟,鉄筋コンクリート造,5,N,506号室,3LDK,75,5,89600,3700,2か月,['近居割'],随時,https://www.ur-net.go.jp/chintai/kanto/tokyo/20_4080_room.html?JKSS=002030506,<li>JR八高線「小宮」駅 徒歩11～16分</li><li>JR中央線「日野」駅バス13分 徒歩3～5分</li><li>JR中央線「八王子」・京王線「京王八王子」駅バス22～24分 徒歩3～5分</li>
tokyo,hachioji,八王子パークヒル 宇津木台,93300,,,,JR中央線「日野」駅,16.0,18.0,八王子市久保山町2ほか,3号棟,鉄筋コンクリート造,5,N,506号室,3LDK,75,5,89600,3700,2か月,['近居割'],随時,https://www.ur-net.go.jp/chintai/kanto/tokyo/20_4080_room.html?JKSS=002030506,<li>JR八高線「小宮」駅 徒歩11～16分</li><li>JR中央線「日野」駅バス13分 徒歩3～5分</li><li>JR中央線「八王子」・京王線「京王八王子」駅バス22～24分 徒歩3～5分</li>
tokyo,hachioji,八王子パークヒル 宇津木台,93300,,,,JR中央線「八王子」・京王線「京王八王子」駅,25.0,29.0,八王子市久保山町2ほか,3号棟,鉄筋コンクリート造,5,N,506号室,3LDK,75,5,89600,3700,2か月,['近居割'],随時,https://www.ur-net.go.jp/chintai/kanto/tokyo/20_4080_room.html?JKSS=002030506,<li>JR八高線「小宮」駅 徒歩11～16分</li><li>JR中央線「日野」駅バス13分 徒歩3～5分</li><li>JR中央線「八王子」・京王線「京王八王子」駅バス22～24分 徒歩3～5分</li>
tokyo,hachioji,八王子パークヒル 宇津木台,93300,,,,,,,八王子市久保山町2ほか,3号棟,鉄筋コンクリート造,5,N,506号室,3LDK,75,5,89600,3700,2か月,['近居割'],随時,https://www.ur-net.go.jp/chintai/kanto/tokyo/20_4080_room.html?JKSS=002030506,<li>JR八高線「小宮」駅 徒歩11～16分</li><li>JR中央線「日野」駅バス13分 徒歩3～5分</li><li>JR中央線「八王子」・京王線「京王八王子」駅バス22～24分 徒歩3～5分</li>
tokyo,hachioji,八王子パークヒル 宇津木台,102500,JR八高線「小宮」駅,11.0,16.0,,,,八王子市久保山町2ほか,154号棟,鉄筋コンクリート造,7,N,711号室,2LDK,69,7,98300,4200,2か月,['近居割'],随時,https://www.ur-net.go.jp/chintai/kanto/tokyo/20_4080_room.html?JKSS=191540711,<li>JR八高線「小宮」駅 徒歩11～16分</li><li>JR中央線「日野」駅バス13分 徒歩3～5分</li><li>JR中央線「八王子」・京王線「京王八王子」駅バス22～24分 徒歩3～5分</li>
tokyo,hachioji,八王子パークヒル 宇津木台,102500,,,,JR中央線「日野」駅,16.0,18.0,八王子市久保山町2ほか,154号棟,鉄筋コンクリート造,7,N,711号室,2LDK,69,7,98300,4200,2か月,['近居割'],随時,https://www.ur-net.go.jp/chintai/kanto/tokyo/20_4080_room.html?JKSS=191540711,<li>JR八高線「小宮」駅 徒歩11～16分</li><li>JR中央線「日野」駅バス13分 徒歩3～5分</li><li>JR中央線「八王子」・京王線「京王八王子」駅バス22～24分 徒歩3～5分</li>
tokyo,hachioji,八王子パークヒル 宇津木台,102500,,,,JR中央線「八王子」・京王線「京王八王子」駅,25.0,29.0,八王子市久保山町2ほか,154号棟,鉄筋コンクリート造,7,N,711号室,2LDK,69,7,98300,4200,2か月,['近居割'],随時,https://www.ur-net.go.jp/chintai/kanto/tokyo/20_4080_room.html?JKSS=191540711,<li>JR八高線「小宮」駅 徒歩11～16分</li><li>JR中央線「日野」駅バス13分 徒歩3～5分</li><li>JR中央線「八王子」・京王線「京王八王子」駅バス22～24分 徒歩3～5分</li>
tokyo,hachioji,八王子パークヒル 宇津木台,102500,,,,,,,八王子市久保山町2ほか,154号棟,鉄筋コンクリート造,7,N,711号室,2LDK,69,7,98300,4200,2か月,['近居割'],随時,https://www.ur-net.go.jp/chintai/kanto/tokyo/20_4080_room.html?JKSS=191540711,<li>JR八高線「小宮」駅 徒歩11～16分</li><li>JR中央線「日野」駅バス13分 徒歩3～5分</li><li>JR中央線「八王子」・京王線「京王八王子」駅バス22～24分 徒歩3～5分</li>
tokyo,minamiosawa,多摩ニュータウン ライブ長池 長池公園せせらぎ通り南,97100,京王相模原線「京王堀之内」駅,20.0,21.0,京王相模原線「京王堀之内」駅,9.0,10.0,八王子市別所2-46,1号棟,鉄筋コンクリート造,4,N,403号室,2LDK,65,9,92300,4800,2か月,"['近居割', '近居割WIDE']",随時,https://www.ur-net.go.jp/chintai/kanto/tokyo/20_5100_room.html?JKSS=000010403,<li>京王相模原線「京王堀之内」駅 徒歩20～21分 または バス4分 徒歩5～6分</li><li>京王相模原線「南大沢」駅バス8分 徒歩7～10分</li>
tokyo,minamiosawa,多摩ニュータウン ライブ長池 長池公園せせらぎ通り南,97100,,,,京王相模原線「南大沢」駅,15.0,18.0,八王子市別所2-46,1号棟,鉄筋コンクリート造,4,N,403号室,2LDK,65,9,92300,4800,2か月,"['近居割', '近居割WIDE']",随時,https://www.ur-net.go.jp/chintai/kanto/tokyo/20_5100_room.html?JKSS=000010403,<li>京王相模原線「京王堀之内」駅 徒歩20～21分 または バス4分 徒歩5～6分</li><li>京王相模原線「南大沢」駅バス8分 徒歩7～10分</li>
tokyo,minamiosawa,多摩ニュータウン ライブ長池 長池公園せせらぎ通り南,97100,,,,,,,八王子市別所2-46,1号棟,鉄筋コンクリート造,4,N,403号室,2LDK,65,9,92300,4800,2か月,"['近居割', '近居割WIDE']",随時,https://www.ur-net.go.jp/chintai/kanto/tokyo/20_5100_room.html?JKSS=000010403,<li>京王相模原線「京王堀之内」駅 徒歩20～21分 または バス4分 徒歩5～6分</li><li>京王相模原線「南大沢」駅バス8分 徒歩7～10分</li>
tokyo,minamiosawa,多摩ニュータウン ライブ長池 蓮生寺公園通り二番街,102600,京王相模原線「京王堀之内」駅,10.0,12.0,,,,八王子市別所1-31,1号棟,鉄筋コンクリート造,5,N,502号室,1LDK,51,5,97300,5300,2か月,"['近居割', '近居割WIDE']",随時,https://www.ur-net.go.jp/chintai/kanto/tokyo/20_5080_room.html?JKSS=000010502,<li>京王相模原線「京王堀之内」駅 徒歩10～12分</li><li>小田急多摩線「唐木田」駅バス4分 徒歩18～19分</li><li>京王相模原線「南大沢」駅バス11分 徒歩2～3分</li>
tokyo,minamiosawa,多摩ニュータウン ライブ長池 蓮生寺公園通り二番街,102600,,,,小田急多摩線「唐木田」駅,22.0,23.0,八王子市別所1-31,1号棟,鉄筋コンクリート造,5,N,502号室,1LDK,51,5,97300,5300,2か月,"['近居割', '近居割WIDE']",随時,https://www.ur-net.go.jp/chintai/kanto/tokyo/20_5080_room.html?JKSS=000010502,<li>京王相模原線「京王堀之内」駅 徒歩10～12分</li><li>小田急多摩線「唐木田」駅バス4分 徒歩18～19分</li><li>京王相模原線「南大沢」駅バス11分 徒歩2～3分</li>
tokyo,minamiosawa,多摩ニュータウン ライブ長池 蓮生寺公園通り二番街,102600,,,,京王相模原線「南大沢」駅,13.0,14.0,八王子市別所1-31,1号棟,鉄筋コンクリート造,5,N,502号室,1LDK,51,5,97300,5300,2か月,"['近居割', '近居割WIDE']",随時,https://www.ur-net.go.jp/chintai/kanto/tokyo/20_5080_room.html?JKSS=000010502,<li>京王相模原線「京王堀之内」駅 徒歩10～12分</li><li>小田急多摩線「唐木田」駅バス4分 徒歩18～19分</li><li>京王相模原線「南大沢」駅バス11分 徒歩2～3分</li>
tokyo,minamiosawa,多摩ニュータウン ライブ長池 蓮生寺公園通り二番街,102600,,,,,,,八王子市別所1-31,1号棟,鉄筋コンクリート造,5,N,502号室,1LDK,51,5,97300,5300,2か月,"['近居割', '近居割WIDE']",随時,https://www.ur-net.go.jp/chintai/kanto/tokyo/20_5080_room.html?JKSS=000010502,<li>京王相模原線「京王堀之内」駅 徒歩10～12分</li><li>小田急多摩線「唐木田」駅バス4分 徒歩18～19分</li><li>京王相模原線「南大沢」駅バス11分 徒歩2～3分</li>
tokyo,minamiosawa,多摩ニュータウン ライブ長池 蓮生寺公園通り二番街,120500,京王相模原線「京王堀之内」駅,10.0,12.0,,,,八王子市別所1-31,3号棟,鉄筋コンクリート造,4,N,401号室,3LDK,75,5,115200,5300,2か月,"['近居割', '近居割WIDE']",随時,https://www.ur-net.go.jp/chintai/kanto/tokyo/20_5080_room.html?JKSS=000030401,<li>京王相模原線「京王堀之内」駅 徒歩10～12分</li><li>小田急多摩線「唐木田」駅バス4分 徒歩18～19分</li><li>京王相模原線「南大沢」駅バス11分 徒歩2～3分</li>
tokyo,minamiosawa,多摩ニュータウン ライブ長池 蓮生寺公園通り二番街,120500,,,,小田急多摩線「唐木田」駅,22.0,23.0,八王子市別所1-31,3号棟,鉄筋コンクリート造,4,N,401号室,3LDK,75,5,115200,5300,2か月,"['近居割', '近居割WIDE']",随時,https://www.ur-net.go.jp/chintai/kanto/tokyo/20_5080_room.html?JKSS=000030401,<li>京王相模原線「京王堀之内」駅 徒歩10～12分</li><li>小田急多摩線「唐木田」駅バス4分 徒歩18～19分</li><li>京王相模原線「南大沢」駅バス11分 徒歩2～3分</li>
tokyo,minamiosawa,多摩ニュータウン ライブ長池 蓮生寺公園通り二番街,120500,,,,京王相模原線「南大沢」駅,13.0,14.0,八王子市別所1-31,3号棟,鉄筋コンクリート造,4,N,401号室,3LDK,75,5,115200,5300,2か月,"['近居割', '近居割WIDE']",随時,https://www.ur-net.go.jp/chintai/kanto/tokyo/20_5080_room.html?JKSS=000030401,<li>京王相模原線「京王堀之内」駅 徒歩10～12分</li><li>小田急多摩線「唐木田」駅バス4分 徒歩18～19分</li><li>京王相模原線「南大沢」駅バス11分 徒歩2～3分</li>
tokyo,minamiosawa,多摩ニュータウン ライブ長池 蓮生寺公園通り二番街,120500,,,,,,,八王子市別所1-31,3号棟,鉄筋コンクリート造,4,N,401号室,3LDK,75,5,115200,5300,2か月,"['近居割', '近居割WIDE']",随時,https://www.ur-net.go.jp/chintai/kanto/tokyo/20_5080_room.html?JKSS=000030401,<li>京王相模原線「京王堀之内」駅 徒歩10～12分</li><li>小田急多摩線「唐木田」駅バス4分 徒歩18～19分</li><li>京王相模原線「南大沢」駅バス11分 徒歩2～3分</li>
tokyo,minamiosawa,多摩ニュータウン ライブ長池 コリナス長池,107600,京王相模原線「京王堀之内」駅,4.0,8.0,,,,八王子市別所2-12ほか,2-16-1号棟,鉄筋コンクリート造、鉄骨鉄筋コンクリート造,3,N,308号室,3DK,67,8,102800,4800,2か月,"['近居割', '近居割WIDE']",随時,https://www.ur-net.go.jp/chintai/kanto/tokyo/20_4490_room.html?JKSS=216010308,<li>京王相模原線「京王堀之内」駅 徒歩4～8分</li><li>京王相模原線「南大沢」駅バス15分 徒歩4～8分</li><li>小田急多摩線「唐木田」駅 徒歩25～28分</li>
tokyo,minamiosawa,多摩ニュータウン ライブ長池 コリナス長池,107600,,,,京王相模原線「南大沢」駅,19.0,23.0,八王子市別所2-12ほか,2-16-1号棟,鉄筋コンクリート造、鉄骨鉄筋コンクリート造,3,N,308号室,3DK,67,8,102800,4800,2か月,"['近居割', '近居割WIDE']",随時,https://www.ur-net.go.jp/chintai/kanto/tokyo/20_4490_room.html?JKSS=216010308,<li>京王相模原線「京王堀之内」駅 徒歩4～8分</li><li>京王相模原線「南大沢」駅バス15分 徒歩4～8分</li><li>小田急多摩線「唐木田」駅 徒歩25～28分</li>
tokyo,minamiosawa,多摩ニュータウン ライブ長池 コリナス長池,107600,小田急多摩線「唐木田」駅,25.0,28.0,,,,八王子市別所2-12ほか,2-16-1号棟,鉄筋コンクリート造、鉄骨鉄筋コンクリート造,3,N,308号室,3DK,67,8,102800,4800,2か月,"['近居割', '近居割WIDE']",随時,https://www.ur-net.go.jp/chintai/kanto/tokyo/20_4490_room.html?JKSS=216010308,<li>京王相模原線「京王堀之内」駅 徒歩4～8分</li><li>京王相模原線「南大沢」駅バス15分 徒歩4～8分</li><li>小田急多摩線「唐木田」駅 徒歩25～28分</li>
tokyo,minamiosawa,多摩ニュータウン ライブ長池 コリナス長池,107600,,,,,,,八王子市別所2-12ほか,2-16-1号棟,鉄筋コンクリート造、鉄骨鉄筋コンクリート造,3,N,308号室,3DK,67,8,102800,4800,2か月,"['近居割', '近居割WIDE']",随時,https://www.ur-net.go.jp/chintai/kanto/tokyo/20_4490_room.html?JKSS=216010308,<li>京王相模原線「京王堀之内」駅 徒歩4～8分</li><li>京王相模原線「南大沢」駅バス15分 徒歩4～8分</li><li>小田急多摩線「唐木田」駅 徒歩25～28分</li>
tokyo,minamiosawa,多摩ニュータウン ライブ長池 コリナス長池,107400,京王相模原線「京王堀之内」駅,4.0,8.0,,,,八王子市別所2-12ほか,13-1号棟,鉄筋コンクリート造、鉄骨鉄筋コンクリート造,2,N,211号室,1LDK,52,5,103400,4000,2か月,"['近居割', '近居割WIDE']",随時,https://www.ur-net.go.jp/chintai/kanto/tokyo/20_4490_room.html?JKSS=013010211,<li>京王相模原線「京王堀之内」駅 徒歩4～8分</li><li>京王相模原線「南大沢」駅バス15分 徒歩4～8分</li><li>小田急多摩線「唐木田」駅 徒歩25～28分</li>
tokyo,minamiosawa,多摩ニュータウン ライブ長池 コリナス長池,107400,,,,京王相模原線「南大沢」駅,19.0,23.0,八王子市別所2-12ほか,13-1号棟,鉄筋コンクリート造、鉄骨鉄筋コンクリート造,2,N,211号室,1LDK,52,5,103400,4000,2か月,"['近居割', '近居割WIDE']",随時,https://www.ur-net.go.jp/chintai/kanto/tokyo/20_4490_room.html?JKSS=013010211,<li>京王相模原線「京王堀之内」駅 徒歩4～8分</li><li>京王相模原線「南大沢」駅バス15分 徒歩4～8分</li><li>小田急多摩線「唐木田」駅 徒歩25～28分</li>
tokyo,minamiosawa,多摩ニュータウン ライブ長池 コリナス長池,107400,小田急多摩線「唐木田」駅,25.0,28.0,,,,八王子市別所2-12ほか,13-1号棟,鉄筋コンクリート造、鉄骨鉄筋コンクリート造,2,N,211号室,1LDK,52,5,103400,4000,2か月,"['近居割', '近居割WIDE']",随時,https://www.ur-net.go.jp/chintai/kanto/tokyo/20_4490_room.html?JKSS=013010211,<li>京王相模原線「京王堀之内」駅 徒歩4～8分</li><li>京王相模原線「南大沢」駅バス15分 徒歩4～8分</li><li>小田急多摩線「唐木田」駅 徒歩25～28分</li>
tokyo,minamiosawa,多摩ニュータウン ライブ長池 コリナス長池,107400,,,,,,,八王子市別所2-12ほか,13-1号棟,鉄筋コンクリート造、鉄骨鉄筋コンクリート造,2,N,211号室,1LDK,52,5,103400,4000,2か月,"['近居割', '近居割WIDE']",随時,https://www.ur-net.go.jp/chintai/kanto/tokyo/20_4490_room.html?JKSS=013010211,<li>京王相模原線「京王堀之内」駅 徒歩4～8分</li><li>京王相模原線「南大沢」駅バス15分 徒歩4～8分</li><li>小田急多摩線「唐木田」駅 徒歩25～28分</li>
tokyo,hachioji,八王子みなみ野シティ ヴェルディールみなみ野西,112800,JR横浜線「八王子みなみ野」駅,10.0,10.0,,,,八王子市みなみ野1-11,4号棟,鉄筋コンクリート造,4,N,409号室,3DK,62,5,109600,3200,2か月,['近居割'],随時,https://www.ur-net.go.jp/chintai/kanto/tokyo/20_5640_room.html?JKSS=000040409,<li>JR横浜線「八王子みなみ野」駅 徒歩10分</li>
tokyo,hachioji,八王子みなみ野シティ ヴェルディールみなみ野西,112800,,,,,,,八王子市みなみ野1-11,4号棟,鉄筋コンクリート造,4,N,409号室,3DK,62,5,109600,3200,2か月,['近居割'],随時,https://www.ur-net.go.jp/chintai/kanto/tokyo/20_5640_room.html?JKSS=000040409,<li>JR横浜線「八王子みなみ野」駅 徒歩10分</li>
tokyo,minamiosawa,多摩ニュータウン シティハイツ南大沢,114200,京王相模原線「南大沢」駅,7.0,9.0,,,,八王子市南大沢4-10,7号棟,鉄筋コンクリート造,4,N,405号室,3LDK,76,5,109600,4600,2か月,"['近居割', '近居割WIDE']",随時,https://www.ur-net.go.jp/chintai/kanto/tokyo/20_3770_room.html?JKSS=000070405,<li>京王相模原線「南大沢」駅 徒歩7～9分</li><li>京王相模原線「多摩境」駅 徒歩24～26分</li><li>京王相模原線「京王堀之内」駅 徒歩40～42分</li>
tokyo,minamiosawa,多摩ニュータウン シティハイツ南大沢,114200,京王相模原線「多摩境」駅,24.0,26.0,,,,八王子市南大沢4-10,7号棟,鉄筋コンクリート造,4,N,405号室,3LDK,76,5,109600,4600,2か月,"['近居割', '近居割WIDE']",随時,https://www.ur-net.go.jp/chintai/kanto/tokyo/20_3770_room.html?JKSS=000070405,<li>京王相模原線「南大沢」駅 徒歩7～9分</li><li>京王相模原線「多摩境」駅 徒歩24～26分</li><li>京王相模原線「京王堀之内」駅 徒歩40～42分</li>
tokyo,minamiosawa,多摩ニュータウン シティハイツ南大沢,114200,京王相模原線「京王堀之内」駅,40.0,42.0,,,,八王子市南大沢4-10,7号棟,鉄筋コンクリート造,4,N,405号室,3LDK,76,5,109600,4600,2か月,"['近居割', '近居割WIDE']",随時,https://www.ur-net.go.jp/chintai/kanto/tokyo/20_3770_room.html?JKSS=000070405,<li>京王相模原線「南大沢」駅 徒歩7～9分</li><li>京王相模原線「多摩境」駅 徒歩24～26分</li><li>京王相模原線「京王堀之内」駅 徒歩40～42分</li>
tokyo,minamiosawa,多摩ニュータウン シティハイツ南大沢,114200,,,,,,,八王子市南大沢4-10,7号棟,鉄筋コンクリート造,4,N,405号室,3LDK,76,5,109600,4600,2か月,"['近居割', '近居割WIDE']",随時,https://www.ur-net.go.jp/chintai/kanto/tokyo/20_3770_room.html?JKSS=000070405,<li>京王相模原線「南大沢」駅 徒歩7～9分</li><li>京王相模原線「多摩境」駅 徒歩24～26分</li><li>京王相模原線「京王堀之内」駅 徒歩40～42分</li>
tokyo,minamiosawa,多摩ニュータウン シティハイツ南大沢,118800,京王相模原線「南大沢」駅,7.0,9.0,,,,八王子市南大沢4-10,9号棟,鉄筋コンクリート造,2,N,207号室,3DK,71,8,113900,4900,2か月,"['近居割', '近居割WIDE']",随時,https://www.ur-net.go.jp/chintai/kanto/tokyo/20_3770_room.html?JKSS=000090207,<li>京王相模原線「南大沢」駅 徒歩7～9分</li><li>京王相模原線「多摩境」駅 徒歩24～26分</li><li>京王相模原線「京王堀之内」駅 徒歩40～42分</li>
tokyo,minamiosawa,多摩ニュータウン シティハイツ南大沢,118800,京王相模原線「多摩境」駅,24.0,26.0,,,,八王子市南大沢4-10,9号棟,鉄筋コンクリート造,2,N,207号室,3DK,71,8,113900,4900,2か月,"['近居割', '近居割WIDE']",随時,https://www.ur-net.go.jp/chintai/kanto/tokyo/20_3770_room.html?JKSS=000090207,<li>京王相模原線「南大沢」駅 徒歩7～9分</li><li>京王相模原線「多摩境」駅 徒歩24～26分</li><li>京王相模原線「京王堀之内」駅 徒歩40～42分</li>
tokyo,minamiosawa,多摩ニュータウン シティハイツ南大沢,118800,京王相模原線「京王堀之内」駅,40.0,42.0,,,,八王子市南大沢4-10,9号棟,鉄筋コンクリート造,2,N,207号室,3DK,71,8,113900,4900,2か月,"['近居割', '近居割WIDE']",随時,https://www.ur-net.go.jp/chintai/kanto/tokyo/20_3770_room.html?JKSS=000090207,<li>京王相模原線「南大沢」駅 徒歩7～9分</li><li>京王相模原線「多摩境」駅 徒歩24～26分</li><li>京王相模原線「京王堀之内」駅 徒歩40～42分</li>
tokyo,minamiosawa,多摩ニュータウン シティハイツ南大沢,118800,,,,,,,八王子市南大沢4-10,9号棟,鉄筋コンクリート造,2,N,207号室,3DK,71,8,113900,4900,2か月,"['近居割', '近居割WIDE']",随時,https://www.ur-net.go.jp/chintai/kanto/tokyo/20_3770_room.html?JKSS=000090207,<li>京王相模原線「南大沢」駅 徒歩7～9分</li><li>京王相模原線「多摩境」駅 徒歩24～26分</li><li>京王相模原線「京王堀之内」駅 徒歩40～42分</li>
tokyo,minamiosawa,多摩ニュータウン シティハイツ南大沢,160300,京王相模原線「南大沢」駅,7.0,9.0,,,,八王子市南大沢4-10,10号棟,鉄筋コンクリート造,4,N,408号室,3LDK,97,10,155400,4900,2か月,"['近居割', '近居割WIDE']",随時,https://www.ur-net.go.jp/chintai/kanto/tokyo/20_3770_room.html?JKSS=000100408,<li>京王相模原線「南大沢」駅 徒歩7～9分</li><li>京王相模原線「多摩境」駅 徒歩24～26分</li><li>京王相模原線「京王堀之内」駅 徒歩40～42分</li>
tokyo,minamiosawa,多摩ニュータウン シティハイツ南大沢,160300,京王相模原線「多摩境」駅,24.0,26.0,,,,八王子市南大沢4-10,10号棟,鉄筋コンクリート造,4,N,408号室,3LDK,97,10,155400,4900,2か月,"['近居割', '近居割WIDE']",随時,https://www.ur-net.go.jp/chintai/kanto/tokyo/20_3770_room.html?JKSS=000100408,<li>京王相模原線「南大沢」駅 徒歩7～9分</li><li>京王相模原線「多摩境」駅 徒歩24～26分</li><li>京王相模原線「京王堀之内」駅 徒歩40～42分</li>
tokyo,minamiosawa,多摩ニュータウン シティハイツ南大沢,160300,京王相模原線「京王堀之内」駅,40.0,42.0,,,,八王子市南大沢4-10,10号棟,鉄筋コンクリート造,4,N,408号室,3LDK,97,10,155400,4900,2か月,"['近居割', '近居割WIDE']",随時,https://www.ur-net.go.jp/chintai/kanto/tokyo/20_3770_room.html?JKSS=000100408,<li>京王相模原線「南大沢」駅 徒歩7～9分</li><li>京王相模原線「多摩境」駅 徒歩24～26分</li><li>京王相模原線「京王堀之内」駅 徒歩40～42分</li>
tokyo,minamiosawa,多摩ニュータウン シティハイツ南大沢,160300,,,,,,,八王子市南大沢4-10,10号棟,鉄筋コンクリート造,4,N,408号室,3LDK,97,10,155400,4900,2か月,"['近居割', '近居割WIDE']",随時,https://www.ur-net.go.jp/chintai/kanto/tokyo/20_3770_room.html?JKSS=000100408,<li>京王相模原線「南大沢」駅 徒歩7～9分</li><li>京王相模原線「多摩境」駅 徒歩24～26分</li><li>京王相模原線「京王堀之内」駅 徒歩40～42分</li>
tokyo,minamiosawa,多摩ニュータウン シティハイツ南大沢,161500,京王相模原線「南大沢」駅,7.0,9.0,,,,八王子市南大沢4-10,10号棟,鉄筋コンクリート造,6,N,608号室,3LDK,97,10,156600,4900,2か月,"['近居割', '近居割WIDE']",随時,https://www.ur-net.go.jp/chintai/kanto/tokyo/20_3770_room.html?JKSS=000100608,<li>京王相模原線「南大沢」駅 徒歩7～9分</li><li>京王相模原線「多摩境」駅 徒歩24～26分</li><li>京王相模原線「京王堀之内」駅 徒歩40～42分</li>
tokyo,minamiosawa,多摩ニュータウン シティハイツ南大沢,161500,京王相模原線「多摩境」駅,24.0,26.0,,,,八王子市南大沢4-10,10号棟,鉄筋コンクリート造,6,N,608号室,3LDK,97,10,156600,4900,2か月,"['近居割', '近居割WIDE']",随時,https://www.ur-net.go.jp/chintai/kanto/tokyo/20_3770_room.html?JKSS=000100608,<li>京王相模原線「南大沢」駅 徒歩7～9分</li><li>京王相模原線「多摩境」駅 徒歩24～26分</li><li>京王相模原線「京王堀之内」駅 徒歩40～42分</li>
tokyo,minamiosawa,多摩ニュータウン シティハイツ南大沢,161500,京王相模原線「京王堀之内」駅,40.0,42.0,,,,八王子市南大沢4-10,10号棟,鉄筋コンクリート造,6,N,608号室,3LDK,97,10,156600,4900,2か月,"['近居割', '近居割WIDE']",随時,https://www.ur-net.go.jp/chintai/kanto/tokyo/20_3770_room.html?JKSS=000100608,<li>京王相模原線「南大沢」駅 徒歩7～9分</li><li>京王相模原線「多摩境」駅 徒歩24～26分</li><li>京王相模原線「京王堀之内」駅 徒歩40～42分</li>
tokyo,minamiosawa,多摩ニュータウン シティハイツ南大沢,161500,,,,,,,八王子市南大沢4-10,10号棟,鉄筋コンクリート造,6,N,608号室,3LDK,97,10,156600,4900,2か月,"['近居割', '近居割WIDE']",随時,https://www.ur-net.go.jp/chintai/kanto/tokyo/20_3770_room.html?JKSS=000100608,<li>京王相模原線「南大沢」駅 徒歩7～9分</li><li>京王相模原線「多摩境」駅 徒歩24～26分</li><li>京王相模原線「京王堀之内」駅 徒歩40～42分</li>
tokyo,minamiosawa,多摩ニュータウン ライブ長池 長池公園せせらぎ通り北,114600,京王相模原線「京王堀之内」駅,15.0,18.0,京王相模原線「京王堀之内」駅,12.0,13.0,八王子市別所2-42,3号棟,鉄筋コンクリート造,2,N,204号室,3LDK,79,5,110400,4200,2か月,"['近居割', '近居割WIDE']",随時,https://www.ur-net.go.jp/chintai/kanto/tokyo/20_5060_room.html?JKSS=000030204,<li>京王相模原線「京王堀之内」駅 徒歩15～18分</li><li>京王相模原線「京王堀之内」駅バス8分 徒歩4～5分</li><li>小田急多摩線「唐木田」駅 徒歩22～23分</li>
tokyo,minamiosawa,多摩ニュータウン ライブ長池 長池公園せせらぎ通り北,114600,小田急多摩線「唐木田」駅,22.0,23.0,,,,八王子市別所2-42,3号棟,鉄筋コンクリート造,2,N,204号室,3LDK,79,5,110400,4200,2か月,"['近居割', '近居割WIDE']",随時,https://www.ur-net.go.jp/chintai/kanto/tokyo/20_5060_room.html?JKSS=000030204,<li>京王相模原線「京王堀之内」駅 徒歩15～18分</li><li>京王相模原線「京王堀之内」駅バス8分 徒歩4～5分</li><li>小田急多摩線「唐木田」駅 徒歩22～23分</li>
tokyo,minamiosawa,多摩ニュータウン ライブ長池 長池公園せせらぎ通り北,114600,,,,,,,八王子市別所2-42,3号棟,鉄筋コンクリート造,2,N,204号室,3LDK,79,5,110400,4200,2か月,"['近居割', '近居割WIDE']",随時,https://www.ur-net.go.jp/chintai/kanto/tokyo/20_5060_room.html?JKSS=000030204,<li>京王相模原線「京王堀之内」駅 徒歩15～18分</li><li>京王相模原線「京王堀之内」駅バス8分 徒歩4～5分</li><li>小田急多摩線「唐木田」駅 徒歩22～23分</li>
tokyo,minamiosawa,多摩ニュータウン 南大沢学園二番街,117300,京王相模原線「南大沢」駅,11.0,14.0,,,,八王子市上柚木3-5,6号棟,鉄筋コンクリート造,3,N,303号室,2LDK,75,4,112900,4400,2か月,"['近居割', '近居割WIDE']",随時,https://www.ur-net.go.jp/chintai/kanto/tokyo/20_5070_room.html?JKSS=000060303,<li>京王相模原線「南大沢」駅 徒歩11～14分</li><li>京王線「聖蹟桜ヶ丘」駅バス28分 徒歩5～7分</li><li>京王相模原線「多摩境」駅 徒歩27～30分</li>
tokyo,minamiosawa,多摩ニュータウン 南大沢学園二番街,117300,,,,京王線「聖蹟桜ヶ丘」駅,33.0,35.0,八王子市上柚木3-5,6号棟,鉄筋コンクリート造,3,N,303号室,2LDK,75,4,112900,4400,2か月,"['近居割', '近居割WIDE']",随時,https://www.ur-net.go.jp/chintai/kanto/tokyo/20_5070_room.html?JKSS=000060303,<li>京王相模原線「南大沢」駅 徒歩11～14分</li><li>京王線「聖蹟桜ヶ丘」駅バス28分 徒歩5～7分</li><li>京王相模原線「多摩境」駅 徒歩27～30分</li>
tokyo,minamiosawa,多摩ニュータウン 南大沢学園二番街,117300,京王相模原線「多摩境」駅,27.0,30.0,,,,八王子市上柚木3-5,6号棟,鉄筋コンクリート造,3,N,303号室,2LDK,75,4,112900,4400,2か月,"['近居割', '近居割WIDE']",随時,https://www.ur-net.go.jp/chintai/kanto/tokyo/20_5070_room.html?JKSS=000060303,<li>京王相模原線「南大沢」駅 徒歩11～14分</li><li>京王線「聖蹟桜ヶ丘」駅バス28分 徒歩5～7分</li><li>京王相模原線「多摩境」駅 徒歩27～30分</li>
tokyo,minamiosawa,多摩ニュータウン 南大沢学園二番街,117300,,,,,,,八王子市上柚木3-5,6号棟,鉄筋コンクリート造,3,N,303号室,2LDK,75,4,112900,4400,2か月,"['近居割', '近居割WIDE']",随時,https://www.ur-net.go.jp/chintai/kanto/tokyo/20_5070_room.html?JKSS=000060303,<li>京王相模原線「南大沢」駅 徒歩11～14分</li><li>京王線「聖蹟桜ヶ丘」駅バス28分 徒歩5～7分</li><li>京王相模原線「多摩境」駅 徒歩27～30分</li>
tokyo,hachioji,トワコート西八王子,131900,JR中央線「西八王子」駅,11.0,12.0,,,,八王子市台町3-21,3号棟,鉄筋コンクリート造,5,N,501号室,4LDK,94,5,128300,3600,2か月,['近居割'],随時,https://www.ur-net.go.jp/chintai/kanto/tokyo/20_4930_room.html?JKSS=000030501,<li>JR中央線「西八王子」駅 徒歩11～12分</li><li>京王高尾線「山田」駅 徒歩22～23分</li><li>京王高尾線「めじろ台」駅 徒歩26～27分</li>
tokyo,hachioji,トワコート西八王子,131900,京王高尾線「山田」駅,22.0,23.0,,,,八王子市台町3-21,3号棟,鉄筋コンクリート造,5,N,501号室,4LDK,94,5,128300,3600,2か月,['近居割'],随時,https://www.ur-net.go.jp/chintai/kanto/tokyo/20_4930_room.html?JKSS=000030501,<li>JR中央線「西八王子」駅 徒歩11～12分</li><li>京王高尾線「山田」駅 徒歩22～23分</li><li>京王高尾線「めじろ台」駅 徒歩26～27分</li>
tokyo,hachioji,トワコート西八王子,131900,京王高尾線「めじろ台」駅,26.0,27.0,,,,八王子市台町3-21,3号棟,鉄筋コンクリート造,5,N,501号室,4LDK,94,5,128300,3600,2か月,['近居割'],随時,https://www.ur-net.go.jp/chintai/kanto/tokyo/20_4930_room.html?JKSS=000030501,<li>JR中央線「西八王子」駅 徒歩11～12分</li><li>京王高尾線「山田」駅 徒歩22～23分</li><li>京王高尾線「めじろ台」駅 徒歩26～27分</li>
tokyo,hachioji,トワコート西八王子,131900,,,,,,,八王子市台町3-21,3号棟,鉄筋コンクリート造,5,N,501号室,4LDK,94,5,128300,3600,2か月,['近居割'],随時,https://www.ur-net.go.jp/chintai/kanto/tokyo/20_4930_room.html?JKSS=000030501,<li>JR中央線「西八王子」駅 徒歩11～12分</li><li>京王高尾線「山田」駅 徒歩22～23分</li><li>京王高尾線「めじろ台」駅 徒歩26～27分</li>
tokyo,kumegawa,立川若葉町,59200,,,,JR中央線「立川」駅,21.0,28.0,立川市若葉町4-25-1,12号棟,鉄筋コンクリート造,5,N,506号室,1LDK,41,5,55500,3700,2か月,"['近居割', '近居割WIDE']",随時,https://www.ur-net.go.jp/chintai/kanto/tokyo/20_2140_room.html?JKSS=000012506,<li>JR中央線「立川」駅バス19分 徒歩2～9分</li><li>西武拝島線「東大和市」駅 徒歩16～28分</li><li>西武国分寺線「鷹の台」駅 徒歩22～32分</li>
tokyo,kumegawa,立川若葉町,59200,西武拝島線「東大和市」駅,16.0,28.0,,,,立川市若葉町4-25-1,12号棟,鉄筋コンクリート造,5,N,506号室,1LDK,41,5,55500,3700,2か月,"['近居割', '近居割WIDE']",随時,https://www.ur-net.go.jp/chintai/kanto/tokyo/20_2140_room.html?JKSS=000012506,<li>JR中央線「立川」駅バス19分 徒歩2～9分</li><li>西武拝島線「東大和市」駅 徒歩16～28分</li><li>西武国分寺線「鷹の台」駅 徒歩22～32分</li>
tokyo,kumegawa,立川若葉町,59200,西武国分寺線「鷹の台」駅,22.0,32.0,,,,立川市若葉町4-25-1,12号棟,鉄筋コンクリート造,5,N,506号室,1LDK,41,5,55500,3700,2か月,"['近居割', '近居割WIDE']",随時,https://www.ur-net.go.jp/chintai/kanto/tokyo/20_2140_room.html?JKSS=000012506,<li>JR中央線「立川」駅バス19分 徒歩2～9分</li><li>西武拝島線「東大和市」駅 徒歩16～28分</li><li>西武国分寺線「鷹の台」駅 徒歩22～32分</li>
tokyo,kumegawa,立川若葉町,59200,,,,,,,立川市若葉町4-25-1,12号棟,鉄筋コンクリート造,5,N,506号室,1LDK,41,5,55500,3700,2か月,"['近居割', '近居割WIDE']",随時,https://www.ur-net.go.jp/chintai/kanto/tokyo/20_2140_room.html?JKSS=000012506,<li>JR中央線「立川」駅バス19分 徒歩2～9分</li><li>西武拝島線「東大和市」駅 徒歩16～28分</li><li>西武国分寺線「鷹の台」駅 徒歩22～32分</li>
tokyo,kumegawa,立川若葉町,63200,,,,JR中央線「立川」駅,21.0,28.0,立川市若葉町4-25-1,13号棟,鉄筋コンクリート造,1,N,101号室,2DK,41,5,59500,3700,2か月,['健康寿命サポート'],随時,https://www.ur-net.go.jp/chintai/kanto/tokyo/20_2140_room.html?JKSS=000013101,<li>JR中央線「立川」駅バス19分 徒歩2～9分</li><li>西武拝島線「東大和市」駅 徒歩16～28分</li><li>西武国分寺線「鷹の台」駅 徒歩22～32分</li>
tokyo,kumegawa,立川若葉町,63200,西武拝島線「東大和市」駅,16.0,28.0,,,,立川市若葉町4-25-1,13号棟,鉄筋コンクリート造,1,N,101号室,2DK,41,5,59500,3700,2か月,['健康寿命サポート'],随時,https://www.ur-net.go.jp/chintai/kanto/tokyo/20_2140_room.html?JKSS=000013101,<li>JR中央線「立川」駅バス19分 徒歩2～9分</li><li>西武拝島線「東大和市」駅 徒歩16～28分</li><li>西武国分寺線「鷹の台」駅 徒歩22～32分</li>
tokyo,kumegawa,立川若葉町,63200,西武国分寺線「鷹の台」駅,22.0,32.0,,,,立川市若葉町4-25-1,13号棟,鉄筋コンクリート造,1,N,101号室,2DK,41,5,59500,3700,2か月,['健康寿命サポート'],随時,https://www.ur-net.go.jp/chintai/kanto/tokyo/20_2140_room.html?JKSS=000013101,<li>JR中央線「立川」駅バス19分 徒歩2～9分</li><li>西武拝島線「東大和市」駅 徒歩16～28分</li><li>西武国分寺線「鷹の台」駅 徒歩22～32分</li>
tokyo,kumegawa,立川若葉町,63200,,,,,,,立川市若葉町4-25-1,13号棟,鉄筋コンクリート造,1,N,101号室,2DK,41,5,59500,3700,2か月,['健康寿命サポート'],随時,https://www.ur-net.go.jp/chintai/kanto/tokyo/20_2140_room.html?JKSS=000013101,<li>JR中央線「立川」駅バス19分 徒歩2～9分</li><li>西武拝島線「東大和市」駅 徒歩16～28分</li><li>西武国分寺線「鷹の台」駅 徒歩22～32分</li>
tokyo,machidayamasaki,藤の台,55000,,,,JR横浜線「町田」駅,20.0,27.0,町田市藤の台1-1ほか,1-28号棟,鉄筋コンクリート造,3,N,303号室,2DK,40,5,52000,3000,2か月,"['近居割', '近居割WIDE']",随時,https://www.ur-net.go.jp/chintai/kanto/tokyo/20_1930_room.html?JKSS=001028303,<li>JR横浜線「町田」駅バス18分 徒歩2～9分</li><li>JR横浜線「古淵」駅バス16分 徒歩2～9分</li><li>小田急小田原線「鶴川」駅バス18分 徒歩2～9分</li>
tokyo,machidayamasaki,藤の台,55000,,,,JR横浜線「古淵」駅,18.0,25.0,町田市藤の台1-1ほか,1-28号棟,鉄筋コンクリート造,3,N,303号室,2DK,40,5,52000,3000,2か月,"['近居割', '近居割WIDE']",随時,https://www.ur-net.go.jp/chintai/kanto/tokyo/20_1930_room.html?JKSS=001028303,<li>JR横浜線「町田」駅バス18分 徒歩2～9分</li><li>JR横浜線「古淵」駅バス16分 徒歩2～9分</li><li>小田急小田原線「鶴川」駅バス18分 徒歩2～9分</li>
tokyo,machidayamasaki,藤の台,55000,,,,小田急小田原線「鶴川」駅,20.0,27.0,町田市藤の台1-1ほか,1-28号棟,鉄筋コンクリート造,3,N,303号室,2DK,40,5,52000,3000,2か月,"['近居割', '近居割WIDE']",随時,https://www.ur-net.go.jp/chintai/kanto/tokyo/20_1930_room.html?JKSS=001028303,<li>JR横浜線「町田」駅バス18分 徒歩2～9分</li><li>JR横浜線「古淵」駅バス16分 徒歩2～9分</li><li>小田急小田原線「鶴川」駅バス18分 徒歩2～9分</li>
tokyo,machidayamasaki,藤の台,55000,,,,,,,町田市藤の台1-1ほか,1-28号棟,鉄筋コンクリート造,3,N,303号室,2DK,40,5,52000,3000,2か月,"['近居割', '近居割WIDE']",随時,https://www.ur-net.go.jp/chintai/kanto/tokyo/20_1930_room.html?JKSS=001028303,<li>JR横浜線「町田」駅バス18分 徒歩2～9分</li><li>JR横浜線「古淵」駅バス16分 徒歩2～9分</li><li>小田急小田原線「鶴川」駅バス18分 徒歩2～9分</li>
tokyo,machidayamasaki,藤の台,61000,,,,JR横浜線「町田」駅,20.0,27.0,町田市藤の台1-1ほか,3-11号棟,鉄筋コンクリート造,3,N,301号室,3K,45,5,58000,3000,2か月,"['近居割', '近居割WIDE']",随時,https://www.ur-net.go.jp/chintai/kanto/tokyo/20_1930_room.html?JKSS=003011301,<li>JR横浜線「町田」駅バス18分 徒歩2～9分</li><li>JR横浜線「古淵」駅バス16分 徒歩2～9分</li><li>小田急小田原線「鶴川」駅バス18分 徒歩2～9分</li>
tokyo,machidayamasaki,藤の台,61000,,,,JR横浜線「古淵」駅,18.0,25.0,町田市藤の台1-1ほか,3-11号棟,鉄筋コンクリート造,3,N,301号室,3K,45,5,58000,3000,2か月,"['近居割', '近居割WIDE']",随時,https://www.ur-net.go.jp/chintai/kanto/tokyo/20_1930_room.html?JKSS=003011301,<li>JR横浜線「町田」駅バス18分 徒歩2～9分</li><li>JR横浜線「古淵」駅バス16分 徒歩2～9分</li><li>小田急小田原線「鶴川」駅バス18分 徒歩2～9分</li>
tokyo,machidayamasaki,藤の台,61000,,,,小田急小田原線「鶴川」駅,20.0,27.0,町田市藤の台1-1ほか,3-11号棟,鉄筋コンクリート造,3,N,301号室,3K,45,5,58000,3000,2か月,"['近居割', '近居割WIDE']",随時,https://www.ur-net.go.jp/chintai/kanto/tokyo/20_1930_room.html?JKSS=003011301,<li>JR横浜線「町田」駅バス18分 徒歩2～9分</li><li>JR横浜線「古淵」駅バス16分 徒歩2～9分</li><li>小田急小田原線「鶴川」駅バス18分 徒歩2～9分</li>
tokyo,machidayamasaki,藤の台,61000,,,,,,,町田市藤の台1-1ほか,3-11号棟,鉄筋コンクリート造,3,N,301号室,3K,45,5,58000,3000,2か月,"['近居割', '近居割WIDE']",随時,https://www.ur-net.go.jp/chintai/kanto/tokyo/20_1930_room.html?JKSS=003011301,<li>JR横浜線「町田」駅バス18分 徒歩2～9分</li><li>JR横浜線「古淵」駅バス16分 徒歩2～9分</li><li>小田急小田原線「鶴川」駅バス18分 徒歩2～9分</li>
tokyo,machidayamasaki,藤の台,62600,,,,JR横浜線「町田」駅,20.0,27.0,町田市藤の台1-1ほか,3-13号棟,鉄筋コンクリート造,5,N,507号室,3DK,56,5,59600,3000,2か月,"['近居割', '近居割WIDE']",随時,https://www.ur-net.go.jp/chintai/kanto/tokyo/20_1930_room.html?JKSS=003013507,<li>JR横浜線「町田」駅バス18分 徒歩2～9分</li><li>JR横浜線「古淵」駅バス16分 徒歩2～9分</li><li>小田急小田原線「鶴川」駅バス18分 徒歩2～9分</li>
tokyo,machidayamasaki,藤の台,62600,,,,JR横浜線「古淵」駅,18.0,25.0,町田市藤の台1-1ほか,3-13号棟,鉄筋コンクリート造,5,N,507号室,3DK,56,5,59600,3000,2か月,"['近居割', '近居割WIDE']",随時,https://www.ur-net.go.jp/chintai/kanto/tokyo/20_1930_room.html?JKSS=003013507,<li>JR横浜線「町田」駅バス18分 徒歩2～9分</li><li>JR横浜線「古淵」駅バス16分 徒歩2～9分</li><li>小田急小田原線「鶴川」駅バス18分 徒歩2～9分</li>
tokyo,machidayamasaki,藤の台,62600,,,,小田急小田原線「鶴川」駅,20.0,27.0,町田市藤の台1-1ほか,3-13号棟,鉄筋コンクリート造,5,N,507号室,3DK,56,5,59600,3000,2か月,"['近居割', '近居割WIDE']",随時,https://www.ur-net.go.jp/chintai/kanto/tokyo/20_1930_room.html?JKSS=003013507,<li>JR横浜線「町田」駅バス18分 徒歩2～9分</li><li>JR横浜線「古淵」駅バス16分 徒歩2～9分</li><li>小田急小田原線「鶴川」駅バス18分 徒歩2～9分</li>
tokyo,machidayamasaki,藤の台,62600,,,,,,,町田市藤の台1-1ほか,3-13号棟,鉄筋コンクリート造,5,N,507号室,3DK,56,5,59600,3000,2か月,"['近居割', '近居割WIDE']",随時,https://www.ur-net.go.jp/chintai/kanto/tokyo/20_1930_room.html?JKSS=003013507,<li>JR横浜線「町田」駅バス18分 徒歩2～9分</li><li>JR横浜線「古淵」駅バス16分 徒歩2～9分</li><li>小田急小田原線「鶴川」駅バス18分 徒歩2～9分</li>
tokyo,machidayamasaki,藤の台,65200,,,,JR横浜線「町田」駅,20.0,27.0,町田市藤の台1-1ほか,3-12号棟,鉄筋コンクリート造,4,N,401号室,3DK,56,5,62200,3000,2か月,"['近居割', '近居割WIDE']",随時,https://www.ur-net.go.jp/chintai/kanto/tokyo/20_1930_room.html?JKSS=003012401,<li>JR横浜線「町田」駅バス18分 徒歩2～9分</li><li>JR横浜線「古淵」駅バス16分 徒歩2～9分</li><li>小田急小田原線「鶴川」駅バス18分 徒歩2～9分</li>
tokyo,machidayamasaki,藤の台,65200,,,,JR横浜線「古淵」駅,18.0,25.0,町田市藤の台1-1ほか,3-12号棟,鉄筋コンクリート造,4,N,401号室,3DK,56,5,62200,3000,2か月,"['近居割', '近居割WIDE']",随時,https://www.ur-net.go.jp/chintai/kanto/tokyo/20_1930_room.html?JKSS=003012401,<li>JR横浜線「町田」駅バス18分 徒歩2～9分</li><li>JR横浜線「古淵」駅バス16分 徒歩2～9分</li><li>小田急小田原線「鶴川」駅バス18分 徒歩2～9分</li>
tokyo,machidayamasaki,藤の台,65200,,,,小田急小田原線「鶴川」駅,20.0,27.0,町田市藤の台1-1ほか,3-12号棟,鉄筋コンクリート造,4,N,401号室,3DK,56,5,62200,3000,2か月,"['近居割', '近居割WIDE']",随時,https://www.ur-net.go.jp/chintai/kanto/tokyo/20_1930_room.html?JKSS=003012401,<li>JR横浜線「町田」駅バス18分 徒歩2～9分</li><li>JR横浜線「古淵」駅バス16分 徒歩2～9分</li><li>小田急小田原線「鶴川」駅バス18分 徒歩2～9分</li>
tokyo,machidayamasaki,藤の台,65200,,,,,,,町田市藤の台1-1ほか,3-12号棟,鉄筋コンクリート造,4,N,401号室,3DK,56,5,62200,3000,2か月,"['近居割', '近居割WIDE']",随時,https://www.ur-net.go.jp/chintai/kanto/tokyo/20_1930_room.html?JKSS=003012401,<li>JR横浜線「町田」駅バス18分 徒歩2～9分</li><li>JR横浜線「古淵」駅バス16分 徒歩2～9分</li><li>小田急小田原線「鶴川」駅バス18分 徒歩2～9分</li>
tokyo,machidayamasaki,藤の台,69500,,,,JR横浜線「町田」駅,20.0,27.0,町田市藤の台1-1ほか,1-33号棟,鉄筋コンクリート造,3,N,308号室,3DK,56,5,66500,3000,2か月,"['近居割', '近居割WIDE']",随時,https://www.ur-net.go.jp/chintai/kanto/tokyo/20_1930_room.html?JKSS=001033308,<li>JR横浜線「町田」駅バス18分 徒歩2～9分</li><li>JR横浜線「古淵」駅バス16分 徒歩2～9分</li><li>小田急小田原線「鶴川」駅バス18分 徒歩2～9分</li>
tokyo,machidayamasaki,藤の台,69500,,,,JR横浜線「古淵」駅,18.0,25.0,町田市藤の台1-1ほか,1-33号棟,鉄筋コンクリート造,3,N,308号室,3DK,56,5,66500,3000,2か月,"['近居割', '近居割WIDE']",随時,https://www.ur-net.go.jp/chintai/kanto/tokyo/20_1930_room.html?JKSS=001033308,<li>JR横浜線「町田」駅バス18分 徒歩2～9分</li><li>JR横浜線「古淵」駅バス16分 徒歩2～9分</li><li>小田急小田原線「鶴川」駅バス18分 徒歩2～9分</li>
tokyo,machidayamasaki,藤の台,69500,,,,小田急小田原線「鶴川」駅,20.0,27.0,町田市藤の台1-1ほか,1-33号棟,鉄筋コンクリート造,3,N,308号室,3DK,56,5,66500,3000,2か月,"['近居割', '近居割WIDE']",随時,https://www.ur-net.go.jp/chintai/kanto/tokyo/20_1930_room.html?JKSS=001033308,<li>JR横浜線「町田」駅バス18分 徒歩2～9分</li><li>JR横浜線「古淵」駅バス16分 徒歩2～9分</li><li>小田急小田原線「鶴川」駅バス18分 徒歩2～9分</li>
tokyo,machidayamasaki,藤の台,69500,,,,,,,町田市藤の台1-1ほか,1-33号棟,鉄筋コンクリート造,3,N,308号室,3DK,56,5,66500,3000,2か月,"['近居割', '近居割WIDE']",随時,https://www.ur-net.go.jp/chintai/kanto/tokyo/20_1930_room.html?JKSS=001033308,<li>JR横浜線「町田」駅バス18分 徒歩2～9分</li><li>JR横浜線「古淵」駅バス16分 徒歩2～9分</li><li>小田急小田原線「鶴川」駅バス18分 徒歩2～9分</li>
tokyo,machidayamasaki,町田山崎,57000,,,,JR横浜線・小田急小田原線「町田」駅,17.0,32.0,町田市山崎町2130ほか,4-18号棟,鉄筋コンクリート造,3,N,312号室,2DK,41,5,53000,4000,2か月,"['近居割', '近居割WIDE']",随時,https://www.ur-net.go.jp/chintai/kanto/tokyo/20_1670_room.html?JKSS=000418312,<li>JR横浜線・小田急小田原線「町田」駅バス16～24分 徒歩1～8分</li><li>JR横浜線「古淵」駅バス11～17分 徒歩1～8分</li>
tokyo,machidayamasaki,町田山崎,57000,,,,JR横浜線「古淵」駅,12.0,25.0,町田市山崎町2130ほか,4-18号棟,鉄筋コンクリート造,3,N,312号室,2DK,41,5,53000,4000,2か月,"['近居割', '近居割WIDE']",随時,https://www.ur-net.go.jp/chintai/kanto/tokyo/20_1670_room.html?JKSS=000418312,<li>JR横浜線・小田急小田原線「町田」駅バス16～24分 徒歩1～8分</li><li>JR横浜線「古淵」駅バス11～17分 徒歩1～8分</li>
tokyo,machidayamasaki,町田山崎,57000,,,,,,,町田市山崎町2130ほか,4-18号棟,鉄筋コンクリート造,3,N,312号室,2DK,41,5,53000,4000,2か月,"['近居割', '近居割WIDE']",随時,https://www.ur-net.go.jp/chintai/kanto/tokyo/20_1670_room.html?JKSS=000418312,<li>JR横浜線・小田急小田原線「町田」駅バス16～24分 徒歩1～8分</li><li>JR横浜線「古淵」駅バス11～17分 徒歩1～8分</li>
tokyo,machidayamasaki,町田山崎,57000,,,,JR横浜線・小田急小田原線「町田」駅,17.0,32.0,町田市山崎町2130ほか,7-27号棟,鉄筋コンクリート造,5,N,507号室,2DK,45,5,53000,4000,2か月,"['近居割', '近居割WIDE']",随時,https://www.ur-net.go.jp/chintai/kanto/tokyo/20_1670_room.html?JKSS=000727507,<li>JR横浜線・小田急小田原線「町田」駅バス16～24分 徒歩1～8分</li><li>JR横浜線「古淵」駅バス11～17分 徒歩1～8分</li>
tokyo,machidayamasaki,町田山崎,57000,,,,JR横浜線「古淵」駅,12.0,25.0,町田市山崎町2130ほか,7-27号棟,鉄筋コンクリート造,5,N,507号室,2DK,45,5,53000,4000,2か月,"['近居割', '近居割WIDE']",随時,https://www.ur-net.go.jp/chintai/kanto/tokyo/20_1670_room.html?JKSS=000727507,<li>JR横浜線・小田急小田原線「町田」駅バス16～24分 徒歩1～8分</li><li>JR横浜線「古淵」駅バス11～17分 徒歩1～8分</li>
tokyo,machidayamasaki,町田山崎,57000,,,,,,,町田市山崎町2130ほか,7-27号棟,鉄筋コンクリート造,5,N,507号室,2DK,45,5,53000,4000,2か月,"['近居割', '近居割WIDE']",随時,https://www.ur-net.go.jp/chintai/kanto/tokyo/20_1670_room.html?JKSS=000727507,<li>JR横浜線・小田急小田原線「町田」駅バス16～24分 徒歩1～8分</li><li>JR横浜線「古淵」駅バス11～17分 徒歩1～8分</li>
tokyo,machidayamasaki,町田山崎,63900,,,,JR横浜線・小田急小田原線「町田」駅,17.0,32.0,町田市山崎町2130ほか,5-11号棟,鉄筋コンクリート造,5,N,508号室,3DK,56,5,59900,4000,2か月,"['近居割', '近居割WIDE']",随時,https://www.ur-net.go.jp/chintai/kanto/tokyo/20_1670_room.html?JKSS=000511508,<li>JR横浜線・小田急小田原線「町田」駅バス16～24分 徒歩1～8分</li><li>JR横浜線「古淵」駅バス11～17分 徒歩1～8分</li>
tokyo,machidayamasaki,町田山崎,63900,,,,JR横浜線「古淵」駅,12.0,25.0,町田市山崎町2130ほか,5-11号棟,鉄筋コンクリート造,5,N,508号室,3DK,56,5,59900,4000,2か月,"['近居割', '近居割WIDE']",随時,https://www.ur-net.go.jp/chintai/kanto/tokyo/20_1670_room.html?JKSS=000511508,<li>JR横浜線・小田急小田原線「町田」駅バス16～24分 徒歩1～8分</li><li>JR横浜線「古淵」駅バス11～17分 徒歩1～8分</li>
tokyo,machidayamasaki,町田山崎,63900,,,,,,,町田市山崎町2130ほか,5-11号棟,鉄筋コンクリート造,5,N,508号室,3DK,56,5,59900,4000,2か月,"['近居割', '近居割WIDE']",随時,https://www.ur-net.go.jp/chintai/kanto/tokyo/20_1670_room.html?JKSS=000511508,<li>JR横浜線・小田急小田原線「町田」駅バス16～24分 徒歩1～8分</li><li>JR横浜線「古淵」駅バス11～17分 徒歩1～8分</li>
tokyo,machidayamasaki,町田山崎,63900,,,,JR横浜線・小田急小田原線「町田」駅,17.0,32.0,町田市山崎町2130ほか,6-5号棟,鉄筋コンクリート造,5,N,504号室,3DK,56,5,59900,4000,2か月,"['近居割', '近居割WIDE']",随時,https://www.ur-net.go.jp/chintai/kanto/tokyo/20_1670_room.html?JKSS=000605504,<li>JR横浜線・小田急小田原線「町田」駅バス16～24分 徒歩1～8分</li><li>JR横浜線「古淵」駅バス11～17分 徒歩1～8分</li>
tokyo,machidayamasaki,町田山崎,63900,,,,JR横浜線「古淵」駅,12.0,25.0,町田市山崎町2130ほか,6-5号棟,鉄筋コンクリート造,5,N,504号室,3DK,56,5,59900,4000,2か月,"['近居割', '近居割WIDE']",随時,https://www.ur-net.go.jp/chintai/kanto/tokyo/20_1670_room.html?JKSS=000605504,<li>JR横浜線・小田急小田原線「町田」駅バス16～24分 徒歩1～8分</li><li>JR横浜線「古淵」駅バス11～17分 徒歩1～8分</li>
tokyo,machidayamasaki,町田山崎,63900,,,,,,,町田市山崎町2130ほか,6-5号棟,鉄筋コンクリート造,5,N,504号室,3DK,56,5,59900,4000,2か月,"['近居割', '近居割WIDE']",随時,https://www.ur-net.go.jp/chintai/kanto/tokyo/20_1670_room.html?JKSS=000605504,<li>JR横浜線・小田急小田原線「町田」駅バス16～24分 徒歩1～8分</li><li>JR横浜線「古淵」駅バス11～17分 徒歩1～8分</li>
tokyo,machidayamasaki,町田山崎,65900,,,,JR横浜線・小田急小田原線「町田」駅,17.0,32.0,町田市山崎町2130ほか,7-27号棟,鉄筋コンクリート造,1,N,104号室,3K,45,5,61900,4000,2か月,['健康寿命サポート'],随時,https://www.ur-net.go.jp/chintai/kanto/tokyo/20_1670_room.html?JKSS=000727104,<li>JR横浜線・小田急小田原線「町田」駅バス16～24分 徒歩1～8分</li><li>JR横浜線「古淵」駅バス11～17分 徒歩1～8分</li>
tokyo,machidayamasaki,町田山崎,65900,,,,JR横浜線「古淵」駅,12.0,25.0,町田市山崎町2130ほか,7-27号棟,鉄筋コンクリート造,1,N,104号室,3K,45,5,61900,4000,2か月,['健康寿命サポート'],随時,https://www.ur-net.go.jp/chintai/kanto/tokyo/20_1670_room.html?JKSS=000727104,<li>JR横浜線・小田急小田原線「町田」駅バス16～24分 徒歩1～8分</li><li>JR横浜線「古淵」駅バス11～17分 徒歩1～8分</li>
tokyo,machidayamasaki,町田山崎,65900,,,,,,,町田市山崎町2130ほか,7-27号棟,鉄筋コンクリート造,1,N,104号室,3K,45,5,61900,4000,2か月,['健康寿命サポート'],随時,https://www.ur-net.go.jp/chintai/kanto/tokyo/20_1670_room.html?JKSS=000727104,<li>JR横浜線・小田急小田原線「町田」駅バス16～24分 徒歩1～8分</li><li>JR横浜線「古淵」駅バス11～17分 徒歩1～8分</li>
tokyo,machidayamasaki,鶴川,61700,,,,小田急小田原線「鶴川」駅,6.0,16.0,町田市鶴川5ほか,4-6号棟,鉄筋コンクリート造,5,N,507号室,3K,45,5,58000,3700,2か月,['近居割WIDE'],随時,https://www.ur-net.go.jp/chintai/kanto/tokyo/20_1630_room.html?JKSS=000406507,<li>小田急小田原線「鶴川」駅バス5分 徒歩1～11分</li><li>小田急多摩線「黒川」駅バス13分 徒歩1～11分</li><li>京王相模原線「京王多摩センター」駅バス24分 徒歩7～14分</li>
tokyo,machidayamasaki,鶴川,61700,,,,小田急多摩線「黒川」駅,14.0,24.0,町田市鶴川5ほか,4-6号棟,鉄筋コンクリート造,5,N,507号室,3K,45,5,58000,3700,2か月,['近居割WIDE'],随時,https://www.ur-net.go.jp/chintai/kanto/tokyo/20_1630_room.html?JKSS=000406507,<li>小田急小田原線「鶴川」駅バス5分 徒歩1～11分</li><li>小田急多摩線「黒川」駅バス13分 徒歩1～11分</li><li>京王相模原線「京王多摩センター」駅バス24分 徒歩7～14分</li>
tokyo,machidayamasaki,鶴川,61700,,,,京王相模原線「京王多摩センター」駅,31.0,38.0,町田市鶴川5ほか,4-6号棟,鉄筋コンクリート造,5,N,507号室,3K,45,5,58000,3700,2か月,['近居割WIDE'],随時,https://www.ur-net.go.jp/chintai/kanto/tokyo/20_1630_room.html?JKSS=000406507,<li>小田急小田原線「鶴川」駅バス5分 徒歩1～11分</li><li>小田急多摩線「黒川」駅バス13分 徒歩1～11分</li><li>京王相模原線「京王多摩センター」駅バス24分 徒歩7～14分</li>
tokyo,machidayamasaki,鶴川,61700,,,,,,,町田市鶴川5ほか,4-6号棟,鉄筋コンクリート造,5,N,507号室,3K,45,5,58000,3700,2か月,['近居割WIDE'],随時,https://www.ur-net.go.jp/chintai/kanto/tokyo/20_1630_room.html?JKSS=000406507,<li>小田急小田原線「鶴川」駅バス5分 徒歩1～11分</li><li>小田急多摩線「黒川」駅バス13分 徒歩1～11分</li><li>京王相模原線「京王多摩センター」駅バス24分 徒歩7～14分</li>
tokyo,machidayamasaki,鶴川,61700,,,,小田急小田原線「鶴川」駅,6.0,16.0,町田市鶴川5ほか,4-6号棟,鉄筋コンクリート造,5,N,508号室,3K,45,5,58000,3700,2か月,['URライト（4年定借）'],随時,https://www.ur-net.go.jp/chintai/kanto/tokyo/20_1630_room.html?JKSS=000406508,<li>小田急小田原線「鶴川」駅バス5分 徒歩1～11分</li><li>小田急多摩線「黒川」駅バス13分 徒歩1～11分</li><li>京王相模原線「京王多摩センター」駅バス24分 徒歩7～14分</li>
tokyo,machidayamasaki,鶴川,61700,,,,小田急多摩線「黒川」駅,14.0,24.0,町田市鶴川5ほか,4-6号棟,鉄筋コンクリート造,5,N,508号室,3K,45,5,58000,3700,2か月,['URライト（4年定借）'],随時,https://www.ur-net.go.jp/chintai/kanto/tokyo/20_1630_room.html?JKSS=000406508,<li>小田急小田原線「鶴川」駅バス5分 徒歩1～11分</li><li>小田急多摩線「黒川」駅バス13分 徒歩1～11分</li><li>京王相模原線「京王多摩センター」駅バス24分 徒歩7～14分</li>
tokyo,machidayamasaki,鶴川,61700,,,,京王相模原線「京王多摩センター」駅,31.0,38.0,町田市鶴川5ほか,4-6号棟,鉄筋コンクリート造,5,N,508号室,3K,45,5,58000,3700,2か月,['URライト（4年定借）'],随時,https://www.ur-net.go.jp/chintai/kanto/tokyo/20_1630_room.html?JKSS=000406508,<li>小田急小田原線「鶴川」駅バス5分 徒歩1～11分</li><li>小田急多摩線「黒川」駅バス13分 徒歩1～11分</li><li>京王相模原線「京王多摩センター」駅バス24分 徒歩7～14分</li>
tokyo,machidayamasaki,鶴川,61700,,,,,,,町田市鶴川5ほか,4-6号棟,鉄筋コンクリート造,5,N,508号室,3K,45,5,58000,3700,2か月,['URライト（4年定借）'],随時,https://www.ur-net.go.jp/chintai/kanto/tokyo/20_1630_room.html?JKSS=000406508,<li>小田急小田原線「鶴川」駅バス5分 徒歩1～11分</li><li>小田急多摩線「黒川」駅バス13分 徒歩1～11分</li><li>京王相模原線「京王多摩センター」駅バス24分 徒歩7～14分</li>
tokyo,machidayamasaki,鶴川,64300,,,,小田急小田原線「鶴川」駅,6.0,16.0,町田市鶴川5ほか,1-14号棟,鉄筋コンクリート造,1,N,105号室,2DK,45,5,60600,3700,2か月,['近居割WIDE'],随時,https://www.ur-net.go.jp/chintai/kanto/tokyo/20_1630_room.html?JKSS=000114105,<li>小田急小田原線「鶴川」駅バス5分 徒歩1～11分</li><li>小田急多摩線「黒川」駅バス13分 徒歩1～11分</li><li>京王相模原線「京王多摩センター」駅バス24分 徒歩7～14分</li>
tokyo,machidayamasaki,鶴川,64300,,,,小田急多摩線「黒川」駅,14.0,24.0,町田市鶴川5ほか,1-14号棟,鉄筋コンクリート造,1,N,105号室,2DK,45,5,60600,3700,2か月,['近居割WIDE'],随時,https://www.ur-net.go.jp/chintai/kanto/tokyo/20_1630_room.html?JKSS=000114105,<li>小田急小田原線「鶴川」駅バス5分 徒歩1～11分</li><li>小田急多摩線「黒川」駅バス13分 徒歩1～11分</li><li>京王相模原線「京王多摩センター」駅バス24分 徒歩7～14分</li>
tokyo,machidayamasaki,鶴川,64300,,,,京王相模原線「京王多摩センター」駅,31.0,38.0,町田市鶴川5ほか,1-14号棟,鉄筋コンクリート造,1,N,105号室,2DK,45,5,60600,3700,2か月,['近居割WIDE'],随時,https://www.ur-net.go.jp/chintai/kanto/tokyo/20_1630_room.html?JKSS=000114105,<li>小田急小田原線「鶴川」駅バス5分 徒歩1～11分</li><li>小田急多摩線「黒川」駅バス13分 徒歩1～11分</li><li>京王相模原線「京王多摩センター」駅バス24分 徒歩7～14分</li>
tokyo,machidayamasaki,鶴川,64300,,,,,,,町田市鶴川5ほか,1-14号棟,鉄筋コンクリート造,1,N,105号室,2DK,45,5,60600,3700,2か月,['近居割WIDE'],随時,https://www.ur-net.go.jp/chintai/kanto/tokyo/20_1630_room.html?JKSS=000114105,<li>小田急小田原線「鶴川」駅バス5分 徒歩1～11分</li><li>小田急多摩線「黒川」駅バス13分 徒歩1～11分</li><li>京王相模原線「京王多摩センター」駅バス24分 徒歩7～14分</li>
tokyo,machidayamasaki,鶴川,64300,,,,小田急小田原線「鶴川」駅,6.0,16.0,町田市鶴川5ほか,2-3号棟,鉄筋コンクリート造,4,N,402号室,3K,45,5,60600,3700,2か月,['URライト（4年定借）'],随時,https://www.ur-net.go.jp/chintai/kanto/tokyo/20_1630_room.html?JKSS=000203402,<li>小田急小田原線「鶴川」駅バス5分 徒歩1～11分</li><li>小田急多摩線「黒川」駅バス13分 徒歩1～11分</li><li>京王相模原線「京王多摩センター」駅バス24分 徒歩7～14分</li>
tokyo,machidayamasaki,鶴川,64300,,,,小田急多摩線「黒川」駅,14.0,24.0,町田市鶴川5ほか,2-3号棟,鉄筋コンクリート造,4,N,402号室,3K,45,5,60600,3700,2か月,['URライト（4年定借）'],随時,https://www.ur-net.go.jp/chintai/kanto/tokyo/20_1630_room.html?JKSS=000203402,<li>小田急小田原線「鶴川」駅バス5分 徒歩1～11分</li><li>小田急多摩線「黒川」駅バス13分 徒歩1～11分</li><li>京王相模原線「京王多摩センター」駅バス24分 徒歩7～14分</li>
tokyo,machidayamasaki,鶴川,64300,,,,京王相模原線「京王多摩センター」駅,31.0,38.0,町田市鶴川5ほか,2-3号棟,鉄筋コンクリート造,4,N,402号室,3K,45,5,60600,3700,2か月,['URライト（4年定借）'],随時,https://www.ur-net.go.jp/chintai/kanto/tokyo/20_1630_room.html?JKSS=000203402,<li>小田急小田原線「鶴川」駅バス5分 徒歩1～11分</li><li>小田急多摩線「黒川」駅バス13分 徒歩1～11分</li><li>京王相模原線「京王多摩センター」駅バス24分 徒歩7～14分</li>
tokyo,machidayamasaki,鶴川,64300,,,,,,,町田市鶴川5ほか,2-3号棟,鉄筋コンクリート造,4,N,402号室,3K,45,5,60600,3700,2か月,['URライト（4年定借）'],随時,https://www.ur-net.go.jp/chintai/kanto/tokyo/20_1630_room.html?JKSS=000203402,<li>小田急小田原線「鶴川」駅バス5分 徒歩1～11分</li><li>小田急多摩線「黒川」駅バス13分 徒歩1～11分</li><li>京王相模原線「京王多摩センター」駅バス24分 徒歩7～14分</li>
tokyo,machidayamasaki,鶴川,67600,,,,小田急小田原線「鶴川」駅,6.0,16.0,町田市鶴川5ほか,1-1号棟,鉄筋コンクリート造,5,N,507号室,3DK,50,5,63900,3700,2か月,['URライト（4年定借）'],随時,https://www.ur-net.go.jp/chintai/kanto/tokyo/20_1630_room.html?JKSS=000101507,<li>小田急小田原線「鶴川」駅バス5分 徒歩1～11分</li><li>小田急多摩線「黒川」駅バス13分 徒歩1～11分</li><li>京王相模原線「京王多摩センター」駅バス24分 徒歩7～14分</li>
tokyo,machidayamasaki,鶴川,67600,,,,小田急多摩線「黒川」駅,14.0,24.0,町田市鶴川5ほか,1-1号棟,鉄筋コンクリート造,5,N,507号室,3DK,50,5,63900,3700,2か月,['URライト（4年定借）'],随時,https://www.ur-net.go.jp/chintai/kanto/tokyo/20_1630_room.html?JKSS=000101507,<li>小田急小田原線「鶴川」駅バス5分 徒歩1～11分</li><li>小田急多摩線「黒川」駅バス13分 徒歩1～11分</li><li>京王相模原線「京王多摩センター」駅バス24分 徒歩7～14分</li>
tokyo,machidayamasaki,鶴川,67600,,,,京王相模原線「京王多摩センター」駅,31.0,38.0,町田市鶴川5ほか,1-1号棟,鉄筋コンクリート造,5,N,507号室,3DK,50,5,63900,3700,2か月,['URライト（4年定借）'],随時,https://www.ur-net.go.jp/chintai/kanto/tokyo/20_1630_room.html?JKSS=000101507,<li>小田急小田原線「鶴川」駅バス5分 徒歩1～11分</li><li>小田急多摩線「黒川」駅バス13分 徒歩1～11分</li><li>京王相模原線「京王多摩センター」駅バス24分 徒歩7～14分</li>
tokyo,machidayamasaki,鶴川,67600,,,,,,,町田市鶴川5ほか,1-1号棟,鉄筋コンクリート造,5,N,507号室,3DK,50,5,63900,3700,2か月,['URライト（4年定借）'],随時,https://www.ur-net.go.jp/chintai/kanto/tokyo/20_1630_room.html?JKSS=000101507,<li>小田急小田原線「鶴川」駅バス5分 徒歩1～11分</li><li>小田急多摩線「黒川」駅バス13分 徒歩1～11分</li><li>京王相模原線「京王多摩センター」駅バス24分 徒歩7～14分</li>
tokyo,machidayamasaki,ニュータウン小山田桜台,84800,,,,JR横浜線・小田急小田原線「町田」駅,30.0,35.0,町田市小山田桜台2-4ほか,95号棟,鉄筋コンクリート造,4,N,403号室,3LDK,77,5,80000,4800,2か月,"['近居割', '近居割WIDE']",2026年10月1日以降,https://www.ur-net.go.jp/chintai/kanto/tokyo/20_3600_room.html?JKSS=000950403,<li>JR横浜線・小田急小田原線「町田」駅バス29～32分 徒歩1～3分</li><li>JR横浜線「淵野辺」駅バス10～13分 徒歩1～3分</li>
tokyo,machidayamasaki,ニュータウン小山田桜台,84800,,,,JR横浜線「淵野辺」駅,11.0,16.0,町田市小山田桜台2-4ほか,95号棟,鉄筋コンクリート造,4,N,403号室,3LDK,77,5,80000,4800,2か月,"['近居割', '近居割WIDE']",2026年10月1日以降,https://www.ur-net.go.jp/chintai/kanto/tokyo/20_3600_room.html?JKSS=000950403,<li>JR横浜線・小田急小田原線「町田」駅バス29～32分 徒歩1～3分</li><li>JR横浜線「淵野辺」駅バス10～13分 徒歩1～3分</li>
tokyo,machidayamasaki,ニュータウン小山田桜台,84800,,,,,,,町田市小山田桜台2-4ほか,95号棟,鉄筋コンクリート造,4,N,403号室,3LDK,77,5,80000,4800,2か月,"['近居割', '近居割WIDE']",2026年10月1日以降,https://www.ur-net.go.jp/chintai/kanto/tokyo/20_3600_room.html?JKSS=000950403,<li>JR横浜線・小田急小田原線「町田」駅バス29～32分 徒歩1～3分</li><li>JR横浜線「淵野辺」駅バス10～13分 徒歩1～3分</li>
tokyo,machidayamasaki,ニュータウン小山田桜台,85700,,,,JR横浜線・小田急小田原線「町田」駅,30.0,35.0,町田市小山田桜台2-4ほか,20号棟,鉄筋コンクリート造,3,N,305号室,3LDK,70,4,80900,4800,2か月,"['近居割', '近居割WIDE']",2026年9月26日以降,https://www.ur-net.go.jp/chintai/kanto/tokyo/20_3600_room.html?JKSS=000200305,<li>JR横浜線・小田急小田原線「町田」駅バス29～32分 徒歩1～3分</li><li>JR横浜線「淵野辺」駅バス10～13分 徒歩1～3分</li>
tokyo,machidayamasaki,ニュータウン小山田桜台,85700,,,,JR横浜線「淵野辺」駅,11.0,16.0,町田市小山田桜台2-4ほか,20号棟,鉄筋コンクリート造,3,N,305号室,3LDK,70,4,80900,4800,2か月,"['近居割', '近居割WIDE']",2026年9月26日以降,https://www.ur-net.go.jp/chintai/kanto/tokyo/20_3600_room.html?JKSS=000200305,<li>JR横浜線・小田急小田原線「町田」駅バス29～32分 徒歩1～3分</li><li>JR横浜線「淵野辺」駅バス10～13分 徒歩1～3分</li>
tokyo,machidayamasaki,ニュータウン小山田桜台,85700,,,,,,,町田市小山田桜台2-4ほか,20号棟,鉄筋コンクリート造,3,N,305号室,3LDK,70,4,80900,4800,2か月,"['近居割', '近居割WIDE']",2026年9月26日以降,https://www.ur-net.go.jp/chintai/kanto/tokyo/20_3600_room.html?JKSS=000200305,<li>JR横浜線・小田急小田原線「町田」駅バス29～32分 徒歩1～3分</li><li>JR横浜線「淵野辺」駅バス10～13分 徒歩1～3分</li>
tokyo,machidayamasaki,ニュータウン小山田桜台,87800,,,,JR横浜線・小田急小田原線「町田」駅,30.0,35.0,町田市小山田桜台2-4ほか,11号棟,鉄筋コンクリート造,4,N,404号室,3LDK,78,4,83000,4800,2か月,"['近居割', '近居割WIDE']",随時,https://www.ur-net.go.jp/chintai/kanto/tokyo/20_3600_room.html?JKSS=000110404,<li>JR横浜線・小田急小田原線「町田」駅バス29～32分 徒歩1～3分</li><li>JR横浜線「淵野辺」駅バス10～13分 徒歩1～3分</li>
tokyo,machidayamasaki,ニュータウン小山田桜台,87800,,,,JR横浜線「淵野辺」駅,11.0,16.0,町田市小山田桜台2-4ほか,11号棟,鉄筋コンクリート造,4,N,404号室,3LDK,78,4,83000,4800,2か月,"['近居割', '近居割WIDE']",随時,https://www.ur-net.go.jp/chintai/kanto/tokyo/20_3600_room.html?JKSS=000110404,<li>JR横浜線・小田急小田原線「町田」駅バス29～32分 徒歩1～3分</li><li>JR横浜線「淵野辺」駅バス10～13分 徒歩1～3分</li>
tokyo,machidayamasaki,ニュータウン小山田桜台,87800,,,,,,,町田市小山田桜台2-4ほか,11号棟,鉄筋コンクリート造,4,N,404号室,3LDK,78,4,83000,4800,2か月,"['近居割', '近居割WIDE']",随時,https://www.ur-net.go.jp/chintai/kanto/tokyo/20_3600_room.html?JKSS=000110404,<li>JR横浜線・小田急小田原線「町田」駅バス29～32分 徒歩1～3分</li><li>JR横浜線「淵野辺」駅バス10～13分 徒歩1～3分</li>
tokyo,machidayamasaki,ニュータウン小山田桜台,110000,,,,JR横浜線・小田急小田原線「町田」駅,30.0,35.0,町田市小山田桜台2-4ほか,19号棟,鉄筋コンクリート造,3,N,301号室,4LDK,93,3,105200,4800,2か月,"['近居割', '近居割WIDE']",随時,https://www.ur-net.go.jp/chintai/kanto/tokyo/20_3600_room.html?JKSS=000190301,<li>JR横浜線・小田急小田原線「町田」駅バス29～32分 徒歩1～3分</li><li>JR横浜線「淵野辺」駅バス10～13分 徒歩1～3分</li>
tokyo,machidayamasaki,ニュータウン小山田桜台,110000,,,,JR横浜線「淵野辺」駅,11.0,16.0,町田市小山田桜台2-4ほか,19号棟,鉄筋コンクリート造,3,N,301号室,4LDK,93,3,105200,4800,2か月,"['近居割', '近居割WIDE']",随時,https://www.ur-net.go.jp/chintai/kanto/tokyo/20_3600_room.html?JKSS=000190301,<li>JR横浜線・小田急小田原線「町田」駅バス29～32分 徒歩1～3分</li><li>JR横浜線「淵野辺」駅バス10～13分 徒歩1～3分</li>
tokyo,machidayamasaki,ニュータウン小山田桜台,110000,,,,,,,町田市小山田桜台2-4ほか,19号棟,鉄筋コンクリート造,3,N,301号室,4LDK,93,3,105200,4800,2か月,"['近居割', '近居割WIDE']",随時,https://www.ur-net.go.jp/chintai/kanto/tokyo/20_3600_room.html?JKSS=000190301,<li>JR横浜線・小田急小田原線「町田」駅バス29～32分 徒歩1～3分</li><li>JR横浜線「淵野辺」駅バス10～13分 徒歩1～3分</li>
tokyo,machidayamasaki,成瀬駅前ハイツ,121600,JR横浜線「成瀬」駅,3.0,3.0,,,,町田市南成瀬1-2-1,1号棟,鉄筋コンクリート造,7,N,716号室,2LDK,64,14,118600,3000,2か月,"['近居割', '近居割WIDE']",随時,https://www.ur-net.go.jp/chintai/kanto/tokyo/20_3290_room.html?JKSS=000010716,<li>JR横浜線「成瀬」駅 徒歩3分</li><li>東急田園都市線「つくし野」駅 徒歩23～26分</li><li>東急田園都市線「長津田」駅 徒歩26～28分</li>
tokyo,machidayamasaki,成瀬駅前ハイツ,121600,東急田園都市線「つくし野」駅,23.0,26.0,,,,町田市南成瀬1-2-1,1号棟,鉄筋コンクリート造,7,N,716号室,2LDK,64,14,118600,3000,2か月,"['近居割', '近居割WIDE']",随時,https://www.ur-net.go.jp/chintai/kanto/tokyo/20_3290_room.html?JKSS=000010716,<li>JR横浜線「成瀬」駅 徒歩3分</li><li>東急田園都市線「つくし野」駅 徒歩23～26分</li><li>東急田園都市線「長津田」駅 徒歩26～28分</li>
tokyo,machidayamasaki,成瀬駅前ハイツ,121600,東急田園都市線「長津田」駅,26.0,28.0,,,,町田市南成瀬1-2-1,1号棟,鉄筋コンクリート造,7,N,716号室,2LDK,64,14,118600,3000,2か月,"['近居割', '近居割WIDE']",随時,https://www.ur-net.go.jp/chintai/kanto/tokyo/20_3290_room.html?JKSS=000010716,<li>JR横浜線「成瀬」駅 徒歩3分</li><li>東急田園都市線「つくし野」駅 徒歩23～26分</li><li>東急田園都市線「長津田」駅 徒歩26～28分</li>
tokyo,machidayamasaki,成瀬駅前ハイツ,121600,,,,,,,町田市南成瀬1-2-1,1号棟,鉄筋コンクリート造,7,N,716号室,2LDK,64,14,118600,3000,2か月,"['近居割', '近居割WIDE']",随時,https://www.ur-net.go.jp/chintai/kanto/tokyo/20_3290_room.html?JKSS=000010716,<li>JR横浜線「成瀬」駅 徒歩3分</li><li>東急田園都市線「つくし野」駅 徒歩23～26分</li><li>東急田園都市線「長津田」駅 徒歩26～28分</li>
tokyo,kumegawa,南台,74500,西武多摩湖線「八坂」駅,14.0,16.0,,,,東村山市富士見町1-14,5号棟,鉄筋コンクリート造,2,N,206号室,2DK,43,5,71400,3100,2か月,['近居割'],随時,https://www.ur-net.go.jp/chintai/kanto/tokyo/20_1020_room.html?JKSS=000005206,<li>西武多摩湖線「八坂」駅 徒歩14～16分</li><li>西武拝島線「小川」駅 徒歩15～18分</li><li>西武新宿線「久米川」駅バス5分 徒歩3～5分</li>
tokyo,kumegawa,南台,74500,西武拝島線「小川」駅,15.0,18.0,,,,東村山市富士見町1-14,5号棟,鉄筋コンクリート造,2,N,206号室,2DK,43,5,71400,3100,2か月,['近居割'],随時,https://www.ur-net.go.jp/chintai/kanto/tokyo/20_1020_room.html?JKSS=000005206,<li>西武多摩湖線「八坂」駅 徒歩14～16分</li><li>西武拝島線「小川」駅 徒歩15～18分</li><li>西武新宿線「久米川」駅バス5分 徒歩3～5分</li>
tokyo,kumegawa,南台,74500,,,,西武新宿線「久米川」駅,8.0,10.0,東村山市富士見町1-14,5号棟,鉄筋コンクリート造,2,N,206号室,2DK,43,5,71400,3100,2か月,['近居割'],随時,https://www.ur-net.go.jp/chintai/kanto/tokyo/20_1020_room.html?JKSS=000005206,<li>西武多摩湖線「八坂」駅 徒歩14～16分</li><li>西武拝島線「小川」駅 徒歩15～18分</li><li>西武新宿線「久米川」駅バス5分 徒歩3～5分</li>
tokyo,kumegawa,南台,74500,,,,,,,東村山市富士見町1-14,5号棟,鉄筋コンクリート造,2,N,206号室,2DK,43,5,71400,3100,2か月,['近居割'],随時,https://www.ur-net.go.jp/chintai/kanto/tokyo/20_1020_room.html?JKSS=000005206,<li>西武多摩湖線「八坂」駅 徒歩14～16分</li><li>西武拝島線「小川」駅 徒歩15～18分</li><li>西武新宿線「久米川」駅バス5分 徒歩3～5分</li>
tokyo,tachikawa,国立富士見台,86000,JR南武線「谷保」駅,5.0,15.0,,,,国立市富士見台1-7ほか,2-7号棟,鉄筋コンクリート造,4,N,406号室,3DK,50,5,83200,2800,2か月,['URライト（4年定借）'],随時,https://www.ur-net.go.jp/chintai/kanto/tokyo/20_1350_room.html?JKSS=000207406,<li>JR南武線「谷保」駅（第1団地）徒歩5～10分、（第2、3団地）徒歩10～15分</li><li>JR中央線「国立」駅（第1団地）徒歩21～26分 またはバス5分 徒歩1～9分、（第2、3団地）徒歩23～28分 またはバス8分 徒歩2～5分</li><li>JR南武線「矢川」駅（第1団地）バス5分 徒歩1～7分、（第2、3団地）徒歩8～16分</li>
tokyo,tachikawa,国立富士見台,86000,JR中央線「国立」駅,21.0,28.0,JR中央線「国立」駅,6.0,14.0,国立市富士見台1-7ほか,2-7号棟,鉄筋コンクリート造,4,N,406号室,3DK,50,5,83200,2800,2か月,['URライト（4年定借）'],随時,https://www.ur-net.go.jp/chintai/kanto/tokyo/20_1350_room.html?JKSS=000207406,<li>JR南武線「谷保」駅（第1団地）徒歩5～10分、（第2、3団地）徒歩10～15分</li><li>JR中央線「国立」駅（第1団地）徒歩21～26分 またはバス5分 徒歩1～9分、（第2、3団地）徒歩23～28分 またはバス8分 徒歩2～5分</li><li>JR南武線「矢川」駅（第1団地）バス5分 徒歩1～7分、（第2、3団地）徒歩8～16分</li>
tokyo,tachikawa,国立富士見台,86000,JR南武線「矢川」駅,8.0,16.0,JR南武線「矢川」駅,6.0,12.0,国立市富士見台1-7ほか,2-7号棟,鉄筋コンクリート造,4,N,406号室,3DK,50,5,83200,2800,2か月,['URライト（4年定借）'],随時,https://www.ur-net.go.jp/chintai/kanto/tokyo/20_1350_room.html?JKSS=000207406,<li>JR南武線「谷保」駅（第1団地）徒歩5～10分、（第2、3団地）徒歩10～15分</li><li>JR中央線「国立」駅（第1団地）徒歩21～26分 またはバス5分 徒歩1～9分、（第2、3団地）徒歩23～28分 またはバス8分 徒歩2～5分</li><li>JR南武線「矢川」駅（第1団地）バス5分 徒歩1～7分、（第2、3団地）徒歩8～16分</li>
tokyo,tachikawa,国立富士見台,86000,,,,,,,国立市富士見台1-7ほか,2-7号棟,鉄筋コンクリート造,4,N,406号室,3DK,50,5,83200,2800,2か月,['URライト（4年定借）'],随時,https://www.ur-net.go.jp/chintai/kanto/tokyo/20_1350_room.html?JKSS=000207406,<li>JR南武線「谷保」駅（第1団地）徒歩5～10分、（第2、3団地）徒歩10～15分</li><li>JR中央線「国立」駅（第1団地）徒歩21～26分 またはバス5分 徒歩1～9分、（第2、3団地）徒歩23～28分 またはバス8分 徒歩2～5分</li><li>JR南武線「矢川」駅（第1団地）バス5分 徒歩1～7分、（第2、3団地）徒歩8～16分</li>
tokyo,tachikawa,国立富士見台,92700,JR南武線「谷保」駅,5.0,15.0,,,,国立市富士見台1-7ほか,1-5号棟,鉄筋コンクリート造,1,N,103号室,2DK,45,5,89900,2800,2か月,['URライト（4年定借）'],随時,https://www.ur-net.go.jp/chintai/kanto/tokyo/20_1350_room.html?JKSS=000105103,<li>JR南武線「谷保」駅（第1団地）徒歩5～10分、（第2、3団地）徒歩10～15分</li><li>JR中央線「国立」駅（第1団地）徒歩21～26分 またはバス5分 徒歩1～9分、（第2、3団地）徒歩23～28分 またはバス8分 徒歩2～5分</li><li>JR南武線「矢川」駅（第1団地）バス5分 徒歩1～7分、（第2、3団地）徒歩8～16分</li>
tokyo,tachikawa,国立富士見台,92700,JR中央線「国立」駅,21.0,28.0,JR中央線「国立」駅,6.0,14.0,国立市富士見台1-7ほか,1-5号棟,鉄筋コンクリート造,1,N,103号室,2DK,45,5,89900,2800,2か月,['URライト（4年定借）'],随時,https://www.ur-net.go.jp/chintai/kanto/tokyo/20_1350_room.html?JKSS=000105103,<li>JR南武線「谷保」駅（第1団地）徒歩5～10分、（第2、3団地）徒歩10～15分</li><li>JR中央線「国立」駅（第1団地）徒歩21～26分 またはバス5分 徒歩1～9分、（第2、3団地）徒歩23～28分 またはバス8分 徒歩2～5分</li><li>JR南武線「矢川」駅（第1団地）バス5分 徒歩1～7分、（第2、3団地）徒歩8～16分</li>
tokyo,tachikawa,国立富士見台,92700,JR南武線「矢川」駅,8.0,16.0,JR南武線「矢川」駅,6.0,12.0,国立市富士見台1-7ほか,1-5号棟,鉄筋コンクリート造,1,N,103号室,2DK,45,5,89900,2800,2か月,['URライト（4年定借）'],随時,https://www.ur-net.go.jp/chintai/kanto/tokyo/20_1350_room.html?JKSS=000105103,<li>JR南武線「谷保」駅（第1団地）徒歩5～10分、（第2、3団地）徒歩10～15分</li><li>JR中央線「国立」駅（第1団地）徒歩21～26分 またはバス5分 徒歩1～9分、（第2、3団地）徒歩23～28分 またはバス8分 徒歩2～5分</li><li>JR南武線「矢川」駅（第1団地）バス5分 徒歩1～7分、（第2、3団地）徒歩8～16分</li>
tokyo,tachikawa,国立富士見台,92700,,,,,,,国立市富士見台1-7ほか,1-5号棟,鉄筋コンクリート造,1,N,103号室,2DK,45,5,89900,2800,2か月,['URライト（4年定借）'],随時,https://www.ur-net.go.jp/chintai/kanto/tokyo/20_1350_room.html?JKSS=000105103,<li>JR南武線「谷保」駅（第1団地）徒歩5～10分、（第2、3団地）徒歩10～15分</li><li>JR中央線「国立」駅（第1団地）徒歩21～26分 またはバス5分 徒歩1～9分、（第2、3団地）徒歩23～28分 またはバス8分 徒歩2～5分</li><li>JR南武線「矢川」駅（第1団地）バス5分 徒歩1～7分、（第2、3団地）徒歩8～16分</li>
tokyo,nagayama,百草,67750,京王線「高幡不動」駅,19.0,32.0,京王線「高幡不動」駅,8.0,16.0,多摩市和田1261、日野市百草999,6号棟,鉄筋コンクリート造,5,N,509号室,2LDK,56,5,63000,4750,2か月,"['近居割', '近居割WIDE']",随時,https://www.ur-net.go.jp/chintai/kanto/tokyo/20_1870_room.html?JKSS=000060509,<li>京王線「高幡不動」駅 徒歩19～32分 またはバス7～8分 徒歩1～8分</li><li>京王線「聖蹟桜ヶ丘」駅バス14～15分 徒歩1～8分</li><li>京王相模原線「京王多摩センター」駅バス9分 徒歩2～13分</li>
tokyo,nagayama,百草,67750,,,,京王線「聖蹟桜ヶ丘」駅,15.0,23.0,多摩市和田1261、日野市百草999,6号棟,鉄筋コンクリート造,5,N,509号室,2LDK,56,5,63000,4750,2か月,"['近居割', '近居割WIDE']",随時,https://www.ur-net.go.jp/chintai/kanto/tokyo/20_1870_room.html?JKSS=000060509,<li>京王線「高幡不動」駅 徒歩19～32分 またはバス7～8分 徒歩1～8分</li><li>京王線「聖蹟桜ヶ丘」駅バス14～15分 徒歩1～8分</li><li>京王相模原線「京王多摩センター」駅バス9分 徒歩2～13分</li>
tokyo,nagayama,百草,67750,,,,京王相模原線「京王多摩センター」駅,11.0,22.0,多摩市和田1261、日野市百草999,6号棟,鉄筋コンクリート造,5,N,509号室,2LDK,56,5,63000,4750,2か月,"['近居割', '近居割WIDE']",随時,https://www.ur-net.go.jp/chintai/kanto/tokyo/20_1870_room.html?JKSS=000060509,<li>京王線「高幡不動」駅 徒歩19～32分 またはバス7～8分 徒歩1～8分</li><li>京王線「聖蹟桜ヶ丘」駅バス14～15分 徒歩1～8分</li><li>京王相模原線「京王多摩センター」駅バス9分 徒歩2～13分</li>
tokyo,nagayama,百草,67750,,,,,,,多摩市和田1261、日野市百草999,6号棟,鉄筋コンクリート造,5,N,509号室,2LDK,56,5,63000,4750,2か月,"['近居割', '近居割WIDE']",随時,https://www.ur-net.go.jp/chintai/kanto/tokyo/20_1870_room.html?JKSS=000060509,<li>京王線「高幡不動」駅 徒歩19～32分 またはバス7～8分 徒歩1～8分</li><li>京王線「聖蹟桜ヶ丘」駅バス14～15分 徒歩1～8分</li><li>京王相模原線「京王多摩センター」駅バス9分 徒歩2～13分</li>
tokyo,nagayama,百草,69150,京王線「高幡不動」駅,19.0,32.0,京王線「高幡不動」駅,8.0,16.0,多摩市和田1261、日野市百草999,6号棟,鉄筋コンクリート造,4,N,408号室,2LDK,56,5,64400,4750,2か月,"['近居割', '近居割WIDE']",随時,https://www.ur-net.go.jp/chintai/kanto/tokyo/20_1870_room.html?JKSS=000060408,<li>京王線「高幡不動」駅 徒歩19～32分 またはバス7～8分 徒歩1～8分</li><li>京王線「聖蹟桜ヶ丘」駅バス14～15分 徒歩1～8分</li><li>京王相模原線「京王多摩センター」駅バス9分 徒歩2～13分</li>
tokyo,nagayama,百草,69150,,,,京王線「聖蹟桜ヶ丘」駅,15.0,23.0,多摩市和田1261、日野市百草999,6号棟,鉄筋コンクリート造,4,N,408号室,2LDK,56,5,64400,4750,2か月,"['近居割', '近居割WIDE']",随時,https://www.ur-net.go.jp/chintai/kanto/tokyo/20_1870_room.html?JKSS=000060408,<li>京王線「高幡不動」駅 徒歩19～32分 またはバス7～8分 徒歩1～8分</li><li>京王線「聖蹟桜ヶ丘」駅バス14～15分 徒歩1～8分</li><li>京王相模原線「京王多摩センター」駅バス9分 徒歩2～13分</li>
tokyo,nagayama,百草,69150,,,,京王相模原線「京王多摩センター」駅,11.0,22.0,多摩市和田1261、日野市百草999,6号棟,鉄筋コンクリート造,4,N,408号室,2LDK,56,5,64400,4750,2か月,"['近居割', '近居割WIDE']",随時,https://www.ur-net.go.jp/chintai/kanto/tokyo/20_1870_room.html?JKSS=000060408,<li>京王線「高幡不動」駅 徒歩19～32分 またはバス7～8分 徒歩1～8分</li><li>京王線「聖蹟桜ヶ丘」駅バス14～15分 徒歩1～8分</li><li>京王相模原線「京王多摩センター」駅バス9分 徒歩2～13分</li>
tokyo,nagayama,百草,69150,,,,,,,多摩市和田1261、日野市百草999,6号棟,鉄筋コンクリート造,4,N,408号室,2LDK,56,5,64400,4750,2か月,"['近居割', '近居割WIDE']",随時,https://www.ur-net.go.jp/chintai/kanto/tokyo/20_1870_room.html?JKSS=000060408,<li>京王線「高幡不動」駅 徒歩19～32分 またはバス7～8分 徒歩1～8分</li><li>京王線「聖蹟桜ヶ丘」駅バス14～15分 徒歩1～8分</li><li>京王相模原線「京王多摩センター」駅バス9分 徒歩2～13分</li>
tokyo,nagayama,多摩ニュータウン 豊ヶ丘（グリーンメゾン豊ヶ丘－６）,70900,京王相模原線「京王多摩センター」駅・小田急多摩線「小田急多摩センター」駅,16.0,32.0,京王相模原線「京王多摩センター」駅・小田急多摩線「小田急多摩センター」駅,14.0,26.0,多摩市豊ヶ丘2ほか,6-2-2号棟,鉄筋コンクリート造、鉄骨鉄筋コンクリート造,3,N,304号室,2DK,50,8,66100,4800,2か月,"['近居割', '近居割WIDE']",随時,https://www.ur-net.go.jp/chintai/kanto/tokyo/20_2710_room.html?JKSS=602020304,<li>京王相模原線「京王多摩センター」駅・小田急多摩線「小田急多摩センター」駅 徒歩16～32分 またはバス12分 徒歩2～14分</li><li>多摩都市モノレール「多摩センター」駅 徒歩17～33分 またはバス12分 徒歩2～14分</li>
tokyo,nagayama,多摩ニュータウン 豊ヶ丘（グリーンメゾン豊ヶ丘－６）,70900,多摩都市モノレール「多摩センター」駅,17.0,33.0,多摩都市モノレール「多摩センター」駅,14.0,26.0,多摩市豊ヶ丘2ほか,6-2-2号棟,鉄筋コンクリート造、鉄骨鉄筋コンクリート造,3,N,304号室,2DK,50,8,66100,4800,2か月,"['近居割', '近居割WIDE']",随時,https://www.ur-net.go.jp/chintai/kanto/tokyo/20_2710_room.html?JKSS=602020304,<li>京王相模原線「京王多摩センター」駅・小田急多摩線「小田急多摩センター」駅 徒歩16～32分 またはバス12分 徒歩2～14分</li><li>多摩都市モノレール「多摩センター」駅 徒歩17～33分 またはバス12分 徒歩2～14分</li>
tokyo,nagayama,多摩ニュータウン 豊ヶ丘（グリーンメゾン豊ヶ丘－６）,70900,,,,,,,多摩市豊ヶ丘2ほか,6-2-2号棟,鉄筋コンクリート造、鉄骨鉄筋コンクリート造,3,N,304号室,2DK,50,8,66100,4800,2か月,"['近居割', '近居割WIDE']",随時,https://www.ur-net.go.jp/chintai/kanto/tokyo/20_2710_room.html?JKSS=602020304,<li>京王相模原線「京王多摩センター」駅・小田急多摩線「小田急多摩センター」駅 徒歩16～32分 またはバス12分 徒歩2～14分</li><li>多摩都市モノレール「多摩センター」駅 徒歩17～33分 またはバス12分 徒歩2～14分</li>
tokyo,nagayama,多摩ニュータウン 豊ヶ丘（グリーンメゾン豊ヶ丘－６）,73000,京王相模原線「京王多摩センター」駅・小田急多摩線「小田急多摩センター」駅,16.0,32.0,京王相模原線「京王多摩センター」駅・小田急多摩線「小田急多摩センター」駅,14.0,26.0,多摩市豊ヶ丘2ほか,6-2-2号棟,鉄筋コンクリート造、鉄骨鉄筋コンクリート造,4,N,403号室,2DK,50,8,68200,4800,2か月,"['近居割', '近居割WIDE']",随時,https://www.ur-net.go.jp/chintai/kanto/tokyo/20_2710_room.html?JKSS=602020403,<li>京王相模原線「京王多摩センター」駅・小田急多摩線「小田急多摩センター」駅 徒歩16～32分 またはバス12分 徒歩2～14分</li><li>多摩都市モノレール「多摩センター」駅 徒歩17～33分 またはバス12分 徒歩2～14分</li>
tokyo,nagayama,多摩ニュータウン 豊ヶ丘（グリーンメゾン豊ヶ丘－６）,73000,多摩都市モノレール「多摩センター」駅,17.0,33.0,多摩都市モノレール「多摩センター」駅,14.0,26.0,多摩市豊ヶ丘2ほか,6-2-2号棟,鉄筋コンクリート造、鉄骨鉄筋コンクリート造,4,N,403号室,2DK,50,8,68200,4800,2か月,"['近居割', '近居割WIDE']",随時,https://www.ur-net.go.jp/chintai/kanto/tokyo/20_2710_room.html?JKSS=602020403,<li>京王相模原線「京王多摩センター」駅・小田急多摩線「小田急多摩センター」駅 徒歩16～32分 またはバス12分 徒歩2～14分</li><li>多摩都市モノレール「多摩センター」駅 徒歩17～33分 またはバス12分 徒歩2～14分</li>
tokyo,nagayama,多摩ニュータウン 豊ヶ丘（グリーンメゾン豊ヶ丘－６）,73000,,,,,,,多摩市豊ヶ丘2ほか,6-2-2号棟,鉄筋コンクリート造、鉄骨鉄筋コンクリート造,4,N,403号室,2DK,50,8,68200,4800,2か月,"['近居割', '近居割WIDE']",随時,https://www.ur-net.go.jp/chintai/kanto/tokyo/20_2710_room.html?JKSS=602020403,<li>京王相模原線「京王多摩センター」駅・小田急多摩線「小田急多摩センター」駅 徒歩16～32分 またはバス12分 徒歩2～14分</li><li>多摩都市モノレール「多摩センター」駅 徒歩17～33分 またはバス12分 徒歩2～14分</li>
tokyo,nagayama,多摩ニュータウン 豊ヶ丘（グリーンメゾン豊ヶ丘－６）,77800,京王相模原線「京王多摩センター」駅・小田急多摩線「小田急多摩センター」駅,16.0,32.0,京王相模原線「京王多摩センター」駅・小田急多摩線「小田急多摩センター」駅,14.0,26.0,多摩市豊ヶ丘2ほか,4-2-2号棟,鉄筋コンクリート造、鉄骨鉄筋コンクリート造,5,N,502号室,2DK,55,11,73000,4800,2か月,"['近居割', '近居割WIDE']",随時,https://www.ur-net.go.jp/chintai/kanto/tokyo/20_2710_room.html?JKSS=402020502,<li>京王相模原線「京王多摩センター」駅・小田急多摩線「小田急多摩センター」駅 徒歩16～32分 またはバス12分 徒歩2～14分</li><li>多摩都市モノレール「多摩センター」駅 徒歩17～33分 またはバス12分 徒歩2～14分</li>
tokyo,nagayama,多摩ニュータウン 豊ヶ丘（グリーンメゾン豊ヶ丘－６）,77800,多摩都市モノレール「多摩センター」駅,17.0,33.0,多摩都市モノレール「多摩センター」駅,14.0,26.0,多摩市豊ヶ丘2ほか,4-2-2号棟,鉄筋コンクリート造、鉄骨鉄筋コンクリート造,5,N,502号室,2DK,55,11,73000,4800,2か月,"['近居割', '近居割WIDE']",随時,https://www.ur-net.go.jp/chintai/kanto/tokyo/20_2710_room.html?JKSS=402020502,<li>京王相模原線「京王多摩センター」駅・小田急多摩線「小田急多摩センター」駅 徒歩16～32分 またはバス12分 徒歩2～14分</li><li>多摩都市モノレール「多摩センター」駅 徒歩17～33分 またはバス12分 徒歩2～14分</li>
tokyo,nagayama,多摩ニュータウン 豊ヶ丘（グリーンメゾン豊ヶ丘－６）,77800,,,,,,,多摩市豊ヶ丘2ほか,4-2-2号棟,鉄筋コンクリート造、鉄骨鉄筋コンクリート造,5,N,502号室,2DK,55,11,73000,4800,2か月,"['近居割', '近居割WIDE']",随時,https://www.ur-net.go.jp/chintai/kanto/tokyo/20_2710_room.html?JKSS=402020502,<li>京王相模原線「京王多摩センター」駅・小田急多摩線「小田急多摩センター」駅 徒歩16～32分 またはバス12分 徒歩2～14分</li><li>多摩都市モノレール「多摩センター」駅 徒歩17～33分 またはバス12分 徒歩2～14分</li>
tokyo,nagayama,多摩ニュータウン 豊ヶ丘（グリーンメゾン豊ヶ丘－６）,79800,京王相模原線「京王多摩センター」駅・小田急多摩線「小田急多摩センター」駅,16.0,32.0,京王相模原線「京王多摩センター」駅・小田急多摩線「小田急多摩センター」駅,14.0,26.0,多摩市豊ヶ丘2ほか,6-2-2号棟,鉄筋コンクリート造、鉄骨鉄筋コンクリート造,8,N,801号室,3DK,59,8,75000,4800,2か月,"['近居割', '近居割WIDE']",随時,https://www.ur-net.go.jp/chintai/kanto/tokyo/20_2710_room.html?JKSS=602020801,<li>京王相模原線「京王多摩センター」駅・小田急多摩線「小田急多摩センター」駅 徒歩16～32分 またはバス12分 徒歩2～14分</li><li>多摩都市モノレール「多摩センター」駅 徒歩17～33分 またはバス12分 徒歩2～14分</li>
tokyo,nagayama,多摩ニュータウン 豊ヶ丘（グリーンメゾン豊ヶ丘－６）,79800,多摩都市モノレール「多摩センター」駅,17.0,33.0,多摩都市モノレール「多摩センター」駅,14.0,26.0,多摩市豊ヶ丘2ほか,6-2-2号棟,鉄筋コンクリート造、鉄骨鉄筋コンクリート造,8,N,801号室,3DK,59,8,75000,4800,2か月,"['近居割', '近居割WIDE']",随時,https://www.ur-net.go.jp/chintai/kanto/tokyo/20_2710_room.html?JKSS=602020801,<li>京王相模原線「京王多摩センター」駅・小田急多摩線「小田急多摩センター」駅 徒歩16～32分 またはバス12分 徒歩2～14分</li><li>多摩都市モノレール「多摩センター」駅 徒歩17～33分 またはバス12分 徒歩2～14分</li>
tokyo,nagayama,多摩ニュータウン 豊ヶ丘（グリーンメゾン豊ヶ丘－６）,79800,,,,,,,多摩市豊ヶ丘2ほか,6-2-2号棟,鉄筋コンクリート造、鉄骨鉄筋コンクリート造,8,N,801号室,3DK,59,8,75000,4800,2か月,"['近居割', '近居割WIDE']",随時,https://www.ur-net.go.jp/chintai/kanto/tokyo/20_2710_room.html?JKSS=602020801,<li>京王相模原線「京王多摩センター」駅・小田急多摩線「小田急多摩センター」駅 徒歩16～32分 またはバス12分 徒歩2～14分</li><li>多摩都市モノレール「多摩センター」駅 徒歩17～33分 またはバス12分 徒歩2～14分</li>
tokyo,nagayama,多摩ニュータウン 豊ヶ丘（グリーンメゾン豊ヶ丘－６）,84200,京王相模原線「京王多摩センター」駅・小田急多摩線「小田急多摩センター」駅,16.0,32.0,京王相模原線「京王多摩センター」駅・小田急多摩線「小田急多摩センター」駅,14.0,26.0,多摩市豊ヶ丘2ほか,6-3-2号棟,鉄筋コンクリート造、鉄骨鉄筋コンクリート造,3,N,308号室,2LDK,66,8,79400,4800,2か月,"['近居割', '近居割WIDE']",随時,https://www.ur-net.go.jp/chintai/kanto/tokyo/20_2710_room.html?JKSS=603020308,<li>京王相模原線「京王多摩センター」駅・小田急多摩線「小田急多摩センター」駅 徒歩16～32分 またはバス12分 徒歩2～14分</li><li>多摩都市モノレール「多摩センター」駅 徒歩17～33分 またはバス12分 徒歩2～14分</li>
tokyo,nagayama,多摩ニュータウン 豊ヶ丘（グリーンメゾン豊ヶ丘－６）,84200,多摩都市モノレール「多摩センター」駅,17.0,33.0,多摩都市モノレール「多摩センター」駅,14.0,26.0,多摩市豊ヶ丘2ほか,6-3-2号棟,鉄筋コンクリート造、鉄骨鉄筋コンクリート造,3,N,308号室,2LDK,66,8,79400,4800,2か月,"['近居割', '近居割WIDE']",随時,https://www.ur-net.go.jp/chintai/kanto/tokyo/20_2710_room.html?JKSS=603020308,<li>京王相模原線「京王多摩センター」駅・小田急多摩線「小田急多摩センター」駅 徒歩16～32分 またはバス12分 徒歩2～14分</li><li>多摩都市モノレール「多摩センター」駅 徒歩17～33分 またはバス12分 徒歩2～14分</li>
tokyo,nagayama,多摩ニュータウン 豊ヶ丘（グリーンメゾン豊ヶ丘－６）,84200,,,,,,,多摩市豊ヶ丘2ほか,6-3-2号棟,鉄筋コンクリート造、鉄骨鉄筋コンクリート造,3,N,308号室,2LDK,66,8,79400,4800,2か月,"['近居割', '近居割WIDE']",随時,https://www.ur-net.go.jp/chintai/kanto/tokyo/20_2710_room.html?JKSS=603020308,<li>京王相模原線「京王多摩センター」駅・小田急多摩線「小田急多摩センター」駅 徒歩16～32分 またはバス12分 徒歩2～14分</li><li>多摩都市モノレール「多摩センター」駅 徒歩17～33分 またはバス12分 徒歩2～14分</li>
tokyo,hibarigaoka,ひばりが丘パークヒルズ,110700,西武池袋線「ひばりヶ丘」駅,15.0,22.0,西武池袋線「ひばりヶ丘」駅,4.0,8.0,西東京市ひばりが丘3-5、東久留米市ひばりが丘団地6ほか,5-6号棟,鉄筋コンクリート造,8,N,802号室,1DK,41,12,103700,7000,2か月,"['近居割', '近居割WIDE']",随時,https://www.ur-net.go.jp/chintai/kanto/tokyo/20_6771_room.html?JKSS=005060802,<li>西武池袋線「ひばりヶ丘」駅 徒歩15～22分 またはバス3～4分 徒歩1～4分</li><li>西武新宿線「田無」駅バス11～15分 徒歩1～4分</li><li>JR中央線「武蔵境」駅バス27～33分 徒歩1～4分</li>
tokyo,hibarigaoka,ひばりが丘パークヒルズ,110700,,,,西武新宿線「田無」駅,12.0,19.0,西東京市ひばりが丘3-5、東久留米市ひばりが丘団地6ほか,5-6号棟,鉄筋コンクリート造,8,N,802号室,1DK,41,12,103700,7000,2か月,"['近居割', '近居割WIDE']",随時,https://www.ur-net.go.jp/chintai/kanto/tokyo/20_6771_room.html?JKSS=005060802,<li>西武池袋線「ひばりヶ丘」駅 徒歩15～22分 またはバス3～4分 徒歩1～4分</li><li>西武新宿線「田無」駅バス11～15分 徒歩1～4分</li><li>JR中央線「武蔵境」駅バス27～33分 徒歩1～4分</li>
tokyo,hibarigaoka,ひばりが丘パークヒルズ,110700,,,,JR中央線「武蔵境」駅,28.0,37.0,西東京市ひばりが丘3-5、東久留米市ひばりが丘団地6ほか,5-6号棟,鉄筋コンクリート造,8,N,802号室,1DK,41,12,103700,7000,2か月,"['近居割', '近居割WIDE']",随時,https://www.ur-net.go.jp/chintai/kanto/tokyo/20_6771_room.html?JKSS=005060802,<li>西武池袋線「ひばりヶ丘」駅 徒歩15～22分 またはバス3～4分 徒歩1～4分</li><li>西武新宿線「田無」駅バス11～15分 徒歩1～4分</li><li>JR中央線「武蔵境」駅バス27～33分 徒歩1～4分</li>
tokyo,hibarigaoka,ひばりが丘パークヒルズ,110700,,,,,,,西東京市ひばりが丘3-5、東久留米市ひばりが丘団地6ほか,5-6号棟,鉄筋コンクリート造,8,N,802号室,1DK,41,12,103700,7000,2か月,"['近居割', '近居割WIDE']",随時,https://www.ur-net.go.jp/chintai/kanto/tokyo/20_6771_room.html?JKSS=005060802,<li>西武池袋線「ひばりヶ丘」駅 徒歩15～22分 またはバス3～4分 徒歩1～4分</li><li>西武新宿線「田無」駅バス11～15分 徒歩1～4分</li><li>JR中央線「武蔵境」駅バス27～33分 徒歩1～4分</li>
tokyo,hibarigaoka,ひばりが丘パークヒルズ,132000,西武池袋線「ひばりヶ丘」駅,15.0,22.0,西武池袋線「ひばりヶ丘」駅,4.0,8.0,西東京市ひばりが丘3-5、東久留米市ひばりが丘団地6ほか,5-5号棟,鉄筋コンクリート造,9,N,904号室,2DK,50,9,125000,7000,2か月,"['近居割', '近居割WIDE']",随時,https://www.ur-net.go.jp/chintai/kanto/tokyo/20_6771_room.html?JKSS=005050904,<li>西武池袋線「ひばりヶ丘」駅 徒歩15～22分 またはバス3～4分 徒歩1～4分</li><li>西武新宿線「田無」駅バス11～15分 徒歩1～4分</li><li>JR中央線「武蔵境」駅バス27～33分 徒歩1～4分</li>
tokyo,hibarigaoka,ひばりが丘パークヒルズ,132000,,,,西武新宿線「田無」駅,12.0,19.0,西東京市ひばりが丘3-5、東久留米市ひばりが丘団地6ほか,5-5号棟,鉄筋コンクリート造,9,N,904号室,2DK,50,9,125000,7000,2か月,"['近居割', '近居割WIDE']",随時,https://www.ur-net.go.jp/chintai/kanto/tokyo/20_6771_room.html?JKSS=005050904,<li>西武池袋線「ひばりヶ丘」駅 徒歩15～22分 またはバス3～4分 徒歩1～4分</li><li>西武新宿線「田無」駅バス11～15分 徒歩1～4分</li><li>JR中央線「武蔵境」駅バス27～33分 徒歩1～4分</li>
tokyo,hibarigaoka,ひばりが丘パークヒルズ,132000,,,,JR中央線「武蔵境」駅,28.0,37.0,西東京市ひばりが丘3-5、東久留米市ひばりが丘団地6ほか,5-5号棟,鉄筋コンクリート造,9,N,904号室,2DK,50,9,125000,7000,2か月,"['近居割', '近居割WIDE']",随時,https://www.ur-net.go.jp/chintai/kanto/tokyo/20_6771_room.html?JKSS=005050904,<li>西武池袋線「ひばりヶ丘」駅 徒歩15～22分 またはバス3～4分 徒歩1～4分</li><li>西武新宿線「田無」駅バス11～15分 徒歩1～4分</li><li>JR中央線「武蔵境」駅バス27～33分 徒歩1～4分</li>
tokyo,hibarigaoka,ひばりが丘パークヒルズ,132000,,,,,,,西東京市ひばりが丘3-5、東久留米市ひばりが丘団地6ほか,5-5号棟,鉄筋コンクリート造,9,N,904号室,2DK,50,9,125000,7000,2か月,"['近居割', '近居割WIDE']",随時,https://www.ur-net.go.jp/chintai/kanto/tokyo/20_6771_room.html?JKSS=005050904,<li>西武池袋線「ひばりヶ丘」駅 徒歩15～22分 またはバス3～4分 徒歩1～4分</li><li>西武新宿線「田無」駅バス11～15分 徒歩1～4分</li><li>JR中央線「武蔵境」駅バス27～33分 徒歩1～4分</li>
tokyo,hibarigaoka,ひばりが丘パークヒルズ,133200,西武池袋線「ひばりヶ丘」駅,15.0,22.0,西武池袋線「ひばりヶ丘」駅,4.0,8.0,西東京市ひばりが丘3-5、東久留米市ひばりが丘団地6ほか,6-9号棟,鉄筋コンクリート造,2,N,205号室,1LDK,53,6,126200,7000,2か月,"['近居割', '近居割WIDE']",随時,https://www.ur-net.go.jp/chintai/kanto/tokyo/20_6771_room.html?JKSS=006090205,<li>西武池袋線「ひばりヶ丘」駅 徒歩15～22分 またはバス3～4分 徒歩1～4分</li><li>西武新宿線「田無」駅バス11～15分 徒歩1～4分</li><li>JR中央線「武蔵境」駅バス27～33分 徒歩1～4分</li>
tokyo,hibarigaoka,ひばりが丘パークヒルズ,133200,,,,西武新宿線「田無」駅,12.0,19.0,西東京市ひばりが丘3-5、東久留米市ひばりが丘団地6ほか,6-9号棟,鉄筋コンクリート造,2,N,205号室,1LDK,53,6,126200,7000,2か月,"['近居割', '近居割WIDE']",随時,https://www.ur-net.go.jp/chintai/kanto/tokyo/20_6771_room.html?JKSS=006090205,<li>西武池袋線「ひばりヶ丘」駅 徒歩15～22分 またはバス3～4分 徒歩1～4分</li><li>西武新宿線「田無」駅バス11～15分 徒歩1～4分</li><li>JR中央線「武蔵境」駅バス27～33分 徒歩1～4分</li>
tokyo,hibarigaoka,ひばりが丘パークヒルズ,133200,,,,JR中央線「武蔵境」駅,28.0,37.0,西東京市ひばりが丘3-5、東久留米市ひばりが丘団地6ほか,6-9号棟,鉄筋コンクリート造,2,N,205号室,1LDK,53,6,126200,7000,2か月,"['近居割', '近居割WIDE']",随時,https://www.ur-net.go.jp/chintai/kanto/tokyo/20_6771_room.html?JKSS=006090205,<li>西武池袋線「ひばりヶ丘」駅 徒歩15～22分 またはバス3～4分 徒歩1～4分</li><li>西武新宿線「田無」駅バス11～15分 徒歩1～4分</li><li>JR中央線「武蔵境」駅バス27～33分 徒歩1～4分</li>
tokyo,hibarigaoka,ひばりが丘パークヒルズ,133200,,,,,,,西東京市ひばりが丘3-5、東久留米市ひばりが丘団地6ほか,6-9号棟,鉄筋コンクリート造,2,N,205号室,1LDK,53,6,126200,7000,2か月,"['近居割', '近居割WIDE']",随時,https://www.ur-net.go.jp/chintai/kanto/tokyo/20_6771_room.html?JKSS=006090205,<li>西武池袋線「ひばりヶ丘」駅 徒歩15～22分 またはバス3～4分 徒歩1～4分</li><li>西武新宿線「田無」駅バス11～15分 徒歩1～4分</li><li>JR中央線「武蔵境」駅バス27～33分 徒歩1～4分</li>
tokyo,higashifushimi,新柳沢,113280,西武新宿線「西武柳沢」駅,11.0,14.0,,,,西東京市柳沢3-4,8号棟,鉄筋コンクリート造,2,N,203号室,2DK,50,8,109100,4180,2か月,"['近居割', '近居割WIDE']",随時,https://www.ur-net.go.jp/chintai/kanto/tokyo/20_4900_room.html?JKSS=000080203,<li>西武新宿線「西武柳沢」駅 徒歩11～14分</li><li>JR中央線「三鷹」駅バス9分 徒歩6～8分</li><li>JR中央線「吉祥寺」駅バス11分 徒歩6～8分</li>
tokyo,higashifushimi,新柳沢,113280,,,,JR中央線「三鷹」駅,15.0,17.0,西東京市柳沢3-4,8号棟,鉄筋コンクリート造,2,N,203号室,2DK,50,8,109100,4180,2か月,"['近居割', '近居割WIDE']",随時,https://www.ur-net.go.jp/chintai/kanto/tokyo/20_4900_room.html?JKSS=000080203,<li>西武新宿線「西武柳沢」駅 徒歩11～14分</li><li>JR中央線「三鷹」駅バス9分 徒歩6～8分</li><li>JR中央線「吉祥寺」駅バス11分 徒歩6～8分</li>
tokyo,higashifushimi,新柳沢,113280,,,,JR中央線「吉祥寺」駅,17.0,19.0,西東京市柳沢3-4,8号棟,鉄筋コンクリート造,2,N,203号室,2DK,50,8,109100,4180,2か月,"['近居割', '近居割WIDE']",随時,https://www.ur-net.go.jp/chintai/kanto/tokyo/20_4900_room.html?JKSS=000080203,<li>西武新宿線「西武柳沢」駅 徒歩11～14分</li><li>JR中央線「三鷹」駅バス9分 徒歩6～8分</li><li>JR中央線「吉祥寺」駅バス11分 徒歩6～8分</li>
tokyo,higashifushimi,新柳沢,113280,,,,,,,西東京市柳沢3-4,8号棟,鉄筋コンクリート造,2,N,203号室,2DK,50,8,109100,4180,2か月,"['近居割', '近居割WIDE']",随時,https://www.ur-net.go.jp/chintai/kanto/tokyo/20_4900_room.html?JKSS=000080203,<li>西武新宿線「西武柳沢」駅 徒歩11～14分</li><li>JR中央線「三鷹」駅バス9分 徒歩6～8分</li><li>JR中央線「吉祥寺」駅バス11分 徒歩6～8分</li>
tokyo,higashifushimi,新柳沢,114680,西武新宿線「西武柳沢」駅,11.0,14.0,,,,西東京市柳沢3-4,4号棟,鉄筋コンクリート造,4,N,403号室,2DK,45,7,110500,4180,2か月,"['近居割', '近居割WIDE']",随時,https://www.ur-net.go.jp/chintai/kanto/tokyo/20_4900_room.html?JKSS=000040403,<li>西武新宿線「西武柳沢」駅 徒歩11～14分</li><li>JR中央線「三鷹」駅バス9分 徒歩6～8分</li><li>JR中央線「吉祥寺」駅バス11分 徒歩6～8分</li>
tokyo,higashifushimi,新柳沢,114680,,,,JR中央線「三鷹」駅,15.0,17.0,西東京市柳沢3-4,4号棟,鉄筋コンクリート造,4,N,403号室,2DK,45,7,110500,4180,2か月,"['近居割', '近居割WIDE']",随時,https://www.ur-net.go.jp/chintai/kanto/tokyo/20_4900_room.html?JKSS=000040403,<li>西武新宿線「西武柳沢」駅 徒歩11～14分</li><li>JR中央線「三鷹」駅バス9分 徒歩6～8分</li><li>JR中央線「吉祥寺」駅バス11分 徒歩6～8分</li>
tokyo,higashifushimi,新柳沢,114680,,,,JR中央線「吉祥寺」駅,17.0,19.0,西東京市柳沢3-4,4号棟,鉄筋コンクリート造,4,N,403号室,2DK,45,7,110500,4180,2か月,"['近居割', '近居割WIDE']",随時,https://www.ur-net.go.jp/chintai/kanto/tokyo/20_4900_room.html?JKSS=000040403,<li>西武新宿線「西武柳沢」駅 徒歩11～14分</li><li>JR中央線「三鷹」駅バス9分 徒歩6～8分</li><li>JR中央線「吉祥寺」駅バス11分 徒歩6～8分</li>
tokyo,higashifushimi,新柳沢,114680,,,,,,,西東京市柳沢3-4,4号棟,鉄筋コンクリート造,4,N,403号室,2DK,45,7,110500,4180,2か月,"['近居割', '近居割WIDE']",随時,https://www.ur-net.go.jp/chintai/kanto/tokyo/20_4900_room.html?JKSS=000040403,<li>西武新宿線「西武柳沢」駅 徒歩11～14分</li><li>JR中央線「三鷹」駅バス9分 徒歩6～8分</li><li>JR中央線「吉祥寺」駅バス11分 徒歩6～8分</li>
tokyo,kichijoji,牟礼,155100,,,,JR中央線「吉祥寺」駅,11.0,13.0,三鷹市牟礼6-23,2号棟,鉄筋コンクリート造,5,N,502号室,2DK,55,5,147700,7400,2か月,"['近居割', '近居割WIDE']",随時,https://www.ur-net.go.jp/chintai/kanto/tokyo/20_6690_room.html?JKSS=000020502,<li>JR中央線「吉祥寺」駅バス8分 徒歩3～5分</li><li>JR中央線「三鷹」駅バス7分 徒歩3～5分</li><li>京王井の頭線「久我山」駅バス10分 徒歩6～7分</li>
tokyo,kichijoji,牟礼,155100,,,,JR中央線「三鷹」駅,10.0,12.0,三鷹市牟礼6-23,2号棟,鉄筋コンクリート造,5,N,502号室,2DK,55,5,147700,7400,2か月,"['近居割', '近居割WIDE']",随時,https://www.ur-net.go.jp/chintai/kanto/tokyo/20_6690_room.html?JKSS=000020502,<li>JR中央線「吉祥寺」駅バス8分 徒歩3～5分</li><li>JR中央線「三鷹」駅バス7分 徒歩3～5分</li><li>京王井の頭線「久我山」駅バス10分 徒歩6～7分</li>
tokyo,kichijoji,牟礼,155100,,,,京王井の頭線「久我山」駅,16.0,17.0,三鷹市牟礼6-23,2号棟,鉄筋コンクリート造,5,N,502号室,2DK,55,5,147700,7400,2か月,"['近居割', '近居割WIDE']",随時,https://www.ur-net.go.jp/chintai/kanto/tokyo/20_6690_room.html?JKSS=000020502,<li>JR中央線「吉祥寺」駅バス8分 徒歩3～5分</li><li>JR中央線「三鷹」駅バス7分 徒歩3～5分</li><li>京王井の頭線「久我山」駅バス10分 徒歩6～7分</li>
tokyo,kichijoji,牟礼,155100,,,,,,,三鷹市牟礼6-23,2号棟,鉄筋コンクリート造,5,N,502号室,2DK,55,5,147700,7400,2か月,"['近居割', '近居割WIDE']",随時,https://www.ur-net.go.jp/chintai/kanto/tokyo/20_6690_room.html?JKSS=000020502,<li>JR中央線「吉祥寺」駅バス8分 徒歩3～5分</li><li>JR中央線「三鷹」駅バス7分 徒歩3～5分</li><li>京王井の頭線「久我山」駅バス10分 徒歩6～7分</li>
tokyo,kichijoji,新川・島屋敷通り,174150,,,,京王線「仙川」駅,9.0,11.0,三鷹市新川4-25ほか,8号棟,鉄筋コンクリート造,8,N,801号室,3LDK,77,14,168800,5350,2か月,"['近居割', '近居割WIDE']",随時,https://www.ur-net.go.jp/chintai/kanto/tokyo/20_5360_room.html?JKSS=000080801,<li>京王線「仙川」駅バス7分 徒歩2～4分</li><li>JR中央線「三鷹」駅バス19分 徒歩2～4分</li><li>JR中央線「吉祥寺」駅バス18分 徒歩2～4分</li>
tokyo,kichijoji,新川・島屋敷通り,174150,,,,JR中央線「三鷹」駅,21.0,23.0,三鷹市新川4-25ほか,8号棟,鉄筋コンクリート造,8,N,801号室,3LDK,77,14,168800,5350,2か月,"['近居割', '近居割WIDE']",随時,https://www.ur-net.go.jp/chintai/kanto/tokyo/20_5360_room.html?JKSS=000080801,<li>京王線「仙川」駅バス7分 徒歩2～4分</li><li>JR中央線「三鷹」駅バス19分 徒歩2～4分</li><li>JR中央線「吉祥寺」駅バス18分 徒歩2～4分</li>
tokyo,kichijoji,新川・島屋敷通り,174150,,,,JR中央線「吉祥寺」駅,20.0,22.0,三鷹市新川4-25ほか,8号棟,鉄筋コンクリート造,8,N,801号室,3LDK,77,14,168800,5350,2か月,"['近居割', '近居割WIDE']",随時,https://www.ur-net.go.jp/chintai/kanto/tokyo/20_5360_room.html?JKSS=000080801,<li>京王線「仙川」駅バス7分 徒歩2～4分</li><li>JR中央線「三鷹」駅バス19分 徒歩2～4分</li><li>JR中央線「吉祥寺」駅バス18分 徒歩2～4分</li>
tokyo,kichijoji,新川・島屋敷通り,174150,,,,,,,三鷹市新川4-25ほか,8号棟,鉄筋コンクリート造,8,N,801号室,3LDK,77,14,168800,5350,2か月,"['近居割', '近居割WIDE']",随時,https://www.ur-net.go.jp/chintai/kanto/tokyo/20_5360_room.html?JKSS=000080801,<li>京王線「仙川」駅バス7分 徒歩2～4分</li><li>JR中央線「三鷹」駅バス19分 徒歩2～4分</li><li>JR中央線「吉祥寺」駅バス18分 徒歩2～4分</li>
tokyo,chofu,車返,95700,京王線「武蔵野台」駅,5.0,8.0,,,,府中市白糸台5-25-1、府中市押立町1-24-1,2-1号棟,鉄筋コンクリート造、鉄骨鉄筋コンクリート造,5,N,521号室,2DK,48,11,92100,3600,2か月,['近居割'],随時,https://www.ur-net.go.jp/chintai/kanto/tokyo/20_2700_room.html?JKSS=002010521,<li>京王線「武蔵野台」駅 徒歩5～8分</li><li>西武多摩川線「白糸台」駅 徒歩12～16分</li><li>京王線「多磨霊園」駅 徒歩16～20分</li>
tokyo,chofu,車返,95700,西武多摩川線「白糸台」駅,12.0,16.0,,,,府中市白糸台5-25-1、府中市押立町1-24-1,2-1号棟,鉄筋コンクリート造、鉄骨鉄筋コンクリート造,5,N,521号室,2DK,48,11,92100,3600,2か月,['近居割'],随時,https://www.ur-net.go.jp/chintai/kanto/tokyo/20_2700_room.html?JKSS=002010521,<li>京王線「武蔵野台」駅 徒歩5～8分</li><li>西武多摩川線「白糸台」駅 徒歩12～16分</li><li>京王線「多磨霊園」駅 徒歩16～20分</li>
tokyo,chofu,車返,95700,京王線「多磨霊園」駅,16.0,20.0,,,,府中市白糸台5-25-1、府中市押立町1-24-1,2-1号棟,鉄筋コンクリート造、鉄骨鉄筋コンクリート造,5,N,521号室,2DK,48,11,92100,3600,2か月,['近居割'],随時,https://www.ur-net.go.jp/chintai/kanto/tokyo/20_2700_room.html?JKSS=002010521,<li>京王線「武蔵野台」駅 徒歩5～8分</li><li>西武多摩川線「白糸台」駅 徒歩12～16分</li><li>京王線「多磨霊園」駅 徒歩16～20分</li>
tokyo,chofu,車返,95700,,,,,,,府中市白糸台5-25-1、府中市押立町1-24-1,2-1号棟,鉄筋コンクリート造、鉄骨鉄筋コンクリート造,5,N,521号室,2DK,48,11,92100,3600,2か月,['近居割'],随時,https://www.ur-net.go.jp/chintai/kanto/tokyo/20_2700_room.html?JKSS=002010521,<li>京王線「武蔵野台」駅 徒歩5～8分</li><li>西武多摩川線「白糸台」駅 徒歩12～16分</li><li>京王線「多磨霊園」駅 徒歩16～20分</li>
tokyo,tachikawa,昭島つつじが丘ハイツ,91100,JR青梅線「昭島」駅,9.0,11.0,,,,昭島市つつじが丘3-4ほか,8号棟,鉄骨鉄筋コンクリート造,14,N,1408号室,3DK,59,14,85400,5700,2か月,['近居割'],随時,https://www.ur-net.go.jp/chintai/kanto/tokyo/20_3380_room.html?JKSS=000081408,<li>JR青梅線「昭島」駅 徒歩9～11分</li><li>JR青梅線「中神」駅 徒歩13～15分</li><li>西武拝島線「西武立川」駅 徒歩25～28分</li>
tokyo,tachikawa,昭島つつじが丘ハイツ,91100,JR青梅線「中神」駅,13.0,15.0,,,,昭島市つつじが丘3-4ほか,8号棟,鉄骨鉄筋コンクリート造,14,N,1408号室,3DK,59,14,85400,5700,2か月,['近居割'],随時,https://www.ur-net.go.jp/chintai/kanto/tokyo/20_3380_room.html?JKSS=000081408,<li>JR青梅線「昭島」駅 徒歩9～11分</li><li>JR青梅線「中神」駅 徒歩13～15分</li><li>西武拝島線「西武立川」駅 徒歩25～28分</li>
tokyo,tachikawa,昭島つつじが丘ハイツ,91100,西武拝島線「西武立川」駅,25.0,28.0,,,,昭島市つつじが丘3-4ほか,8号棟,鉄骨鉄筋コンクリート造,14,N,1408号室,3DK,59,14,85400,5700,2か月,['近居割'],随時,https://www.ur-net.go.jp/chintai/kanto/tokyo/20_3380_room.html?JKSS=000081408,<li>JR青梅線「昭島」駅 徒歩9～11分</li><li>JR青梅線「中神」駅 徒歩13～15分</li><li>西武拝島線「西武立川」駅 徒歩25～28分</li>
tokyo,tachikawa,昭島つつじが丘ハイツ,91100,,,,,,,昭島市つつじが丘3-4ほか,8号棟,鉄骨鉄筋コンクリート造,14,N,1408号室,3DK,59,14,85400,5700,2か月,['近居割'],随時,https://www.ur-net.go.jp/chintai/kanto/tokyo/20_3380_room.html?JKSS=000081408,<li>JR青梅線「昭島」駅 徒歩9～11分</li><li>JR青梅線「中神」駅 徒歩13～15分</li><li>西武拝島線「西武立川」駅 徒歩25～28分</li>
tokyo,tachikawa,昭島つつじが丘ハイツ,94800,JR青梅線「昭島」駅,9.0,11.0,,,,昭島市つつじが丘3-4ほか,9号棟,鉄骨鉄筋コンクリート造,9,N,905号室,3DK,59,14,89100,5700,2か月,['近居割'],随時,https://www.ur-net.go.jp/chintai/kanto/tokyo/20_3380_room.html?JKSS=000090905,<li>JR青梅線「昭島」駅 徒歩9～11分</li><li>JR青梅線「中神」駅 徒歩13～15分</li><li>西武拝島線「西武立川」駅 徒歩25～28分</li>
tokyo,tachikawa,昭島つつじが丘ハイツ,94800,JR青梅線「中神」駅,13.0,15.0,,,,昭島市つつじが丘3-4ほか,9号棟,鉄骨鉄筋コンクリート造,9,N,905号室,3DK,59,14,89100,5700,2か月,['近居割'],随時,https://www.ur-net.go.jp/chintai/kanto/tokyo/20_3380_room.html?JKSS=000090905,<li>JR青梅線「昭島」駅 徒歩9～11分</li><li>JR青梅線「中神」駅 徒歩13～15分</li><li>西武拝島線「西武立川」駅 徒歩25～28分</li>
tokyo,tachikawa,昭島つつじが丘ハイツ,94800,西武拝島線「西武立川」駅,25.0,28.0,,,,昭島市つつじが丘3-4ほか,9号棟,鉄骨鉄筋コンクリート造,9,N,905号室,3DK,59,14,89100,5700,2か月,['近居割'],随時,https://www.ur-net.go.jp/chintai/kanto/tokyo/20_3380_room.html?JKSS=000090905,<li>JR青梅線「昭島」駅 徒歩9～11分</li><li>JR青梅線「中神」駅 徒歩13～15分</li><li>西武拝島線「西武立川」駅 徒歩25～28分</li>
tokyo,tachikawa,昭島つつじが丘ハイツ,94800,,,,,,,昭島市つつじが丘3-4ほか,9号棟,鉄骨鉄筋コンクリート造,9,N,905号室,3DK,59,14,89100,5700,2か月,['近居割'],随時,https://www.ur-net.go.jp/chintai/kanto/tokyo/20_3380_room.html?JKSS=000090905,<li>JR青梅線「昭島」駅 徒歩9～11分</li><li>JR青梅線「中神」駅 徒歩13～15分</li><li>西武拝島線「西武立川」駅 徒歩25～28分</li>
tokyo,tachikawa,昭島つつじが丘ハイツ,96300,JR青梅線「昭島」駅,9.0,11.0,,,,昭島市つつじが丘3-4ほか,10号棟,鉄骨鉄筋コンクリート造,8,N,810号室,3DK,59,14,90600,5700,2か月,['近居割'],随時,https://www.ur-net.go.jp/chintai/kanto/tokyo/20_3380_room.html?JKSS=000100810,<li>JR青梅線「昭島」駅 徒歩9～11分</li><li>JR青梅線「中神」駅 徒歩13～15分</li><li>西武拝島線「西武立川」駅 徒歩25～28分</li>
tokyo,tachikawa,昭島つつじが丘ハイツ,96300,JR青梅線「中神」駅,13.0,15.0,,,,昭島市つつじが丘3-4ほか,10号棟,鉄骨鉄筋コンクリート造,8,N,810号室,3DK,59,14,90600,5700,2か月,['近居割'],随時,https://www.ur-net.go.jp/chintai/kanto/tokyo/20_3380_room.html?JKSS=000100810,<li>JR青梅線「昭島」駅 徒歩9～11分</li><li>JR青梅線「中神」駅 徒歩13～15分</li><li>西武拝島線「西武立川」駅 徒歩25～28分</li>
tokyo,tachikawa,昭島つつじが丘ハイツ,96300,西武拝島線「西武立川」駅,25.0,28.0,,,,昭島市つつじが丘3-4ほか,10号棟,鉄骨鉄筋コンクリート造,8,N,810号室,3DK,59,14,90600,5700,2か月,['近居割'],随時,https://www.ur-net.go.jp/chintai/kanto/tokyo/20_3380_room.html?JKSS=000100810,<li>JR青梅線「昭島」駅 徒歩9～11分</li><li>JR青梅線「中神」駅 徒歩13～15分</li><li>西武拝島線「西武立川」駅 徒歩25～28分</li>
tokyo,tachikawa,昭島つつじが丘ハイツ,96300,,,,,,,昭島市つつじが丘3-4ほか,10号棟,鉄骨鉄筋コンクリート造,8,N,810号室,3DK,59,14,90600,5700,2か月,['近居割'],随時,https://www.ur-net.go.jp/chintai/kanto/tokyo/20_3380_room.html?JKSS=000100810,<li>JR青梅線「昭島」駅 徒歩9～11分</li><li>JR青梅線「中神」駅 徒歩13～15分</li><li>西武拝島線「西武立川」駅 徒歩25～28分</li>
tokyo,tachikawa,昭島つつじが丘ハイツ,102000,JR青梅線「昭島」駅,9.0,11.0,,,,昭島市つつじが丘3-4ほか,6号棟,鉄骨鉄筋コンクリート造,2,N,215号室,3DK,65,11,96300,5700,2か月,['近居割'],随時,https://www.ur-net.go.jp/chintai/kanto/tokyo/20_3380_room.html?JKSS=000060215,<li>JR青梅線「昭島」駅 徒歩9～11分</li><li>JR青梅線「中神」駅 徒歩13～15分</li><li>西武拝島線「西武立川」駅 徒歩25～28分</li>
tokyo,tachikawa,昭島つつじが丘ハイツ,102000,JR青梅線「中神」駅,13.0,15.0,,,,昭島市つつじが丘3-4ほか,6号棟,鉄骨鉄筋コンクリート造,2,N,215号室,3DK,65,11,96300,5700,2か月,['近居割'],随時,https://www.ur-net.go.jp/chintai/kanto/tokyo/20_3380_room.html?JKSS=000060215,<li>JR青梅線「昭島」駅 徒歩9～11分</li><li>JR青梅線「中神」駅 徒歩13～15分</li><li>西武拝島線「西武立川」駅 徒歩25～28分</li>
tokyo,tachikawa,昭島つつじが丘ハイツ,102000,西武拝島線「西武立川」駅,25.0,28.0,,,,昭島市つつじが丘3-4ほか,6号棟,鉄骨鉄筋コンクリート造,2,N,215号室,3DK,65,11,96300,5700,2か月,['近居割'],随時,https://www.ur-net.go.jp/chintai/kanto/tokyo/20_3380_room.html?JKSS=000060215,<li>JR青梅線「昭島」駅 徒歩9～11分</li><li>JR青梅線「中神」駅 徒歩13～15分</li><li>西武拝島線「西武立川」駅 徒歩25～28分</li>
tokyo,tachikawa,昭島つつじが丘ハイツ,102000,,,,,,,昭島市つつじが丘3-4ほか,6号棟,鉄骨鉄筋コンクリート造,2,N,215号室,3DK,65,11,96300,5700,2か月,['近居割'],随時,https://www.ur-net.go.jp/chintai/kanto/tokyo/20_3380_room.html?JKSS=000060215,<li>JR青梅線「昭島」駅 徒歩9～11分</li><li>JR青梅線「中神」駅 徒歩13～15分</li><li>西武拝島線「西武立川」駅 徒歩25～28分</li>
tokyo,tachikawa,昭島つつじが丘ハイツ,102700,JR青梅線「昭島」駅,9.0,11.0,,,,昭島市つつじが丘3-4ほか,6号棟,鉄骨鉄筋コンクリート造,8,N,811号室,3DK,65,11,97000,5700,2か月,['近居割'],随時,https://www.ur-net.go.jp/chintai/kanto/tokyo/20_3380_room.html?JKSS=000060811,<li>JR青梅線「昭島」駅 徒歩9～11分</li><li>JR青梅線「中神」駅 徒歩13～15分</li><li>西武拝島線「西武立川」駅 徒歩25～28分</li>
tokyo,tachikawa,昭島つつじが丘ハイツ,102700,JR青梅線「中神」駅,13.0,15.0,,,,昭島市つつじが丘3-4ほか,6号棟,鉄骨鉄筋コンクリート造,8,N,811号室,3DK,65,11,97000,5700,2か月,['近居割'],随時,https://www.ur-net.go.jp/chintai/kanto/tokyo/20_3380_room.html?JKSS=000060811,<li>JR青梅線「昭島」駅 徒歩9～11分</li><li>JR青梅線「中神」駅 徒歩13～15分</li><li>西武拝島線「西武立川」駅 徒歩25～28分</li>
tokyo,tachikawa,昭島つつじが丘ハイツ,102700,西武拝島線「西武立川」駅,25.0,28.0,,,,昭島市つつじが丘3-4ほか,6号棟,鉄骨鉄筋コンクリート造,8,N,811号室,3DK,65,11,97000,5700,2か月,['近居割'],随時,https://www.ur-net.go.jp/chintai/kanto/tokyo/20_3380_room.html?JKSS=000060811,<li>JR青梅線「昭島」駅 徒歩9～11分</li><li>JR青梅線「中神」駅 徒歩13～15分</li><li>西武拝島線「西武立川」駅 徒歩25～28分</li>
tokyo,tachikawa,昭島つつじが丘ハイツ,102700,,,,,,,昭島市つつじが丘3-4ほか,6号棟,鉄骨鉄筋コンクリート造,8,N,811号室,3DK,65,11,97000,5700,2か月,['近居割'],随時,https://www.ur-net.go.jp/chintai/kanto/tokyo/20_3380_room.html?JKSS=000060811,<li>JR青梅線「昭島」駅 徒歩9～11分</li><li>JR青梅線「中神」駅 徒歩13～15分</li><li>西武拝島線「西武立川」駅 徒歩25～28分</li>
tokyo,tachikawa,コンフォール拝島,136900,JR青梅線ほか｢拝島｣駅,4.0,4.0,,,,昭島市松原町4-1-5,,鉄筋コンクリート造,5,N,507号室,3LDK,76,5,129700,7200,2か月,['近居割'],随時,https://www.ur-net.go.jp/chintai/kanto/tokyo/20_5520_room.html?JKSS=000000507,<li>JR青梅線ほか｢拝島｣駅 徒歩4分</li>
tokyo,tachikawa,コンフォール拝島,136900,,,,,,,昭島市松原町4-1-5,,鉄筋コンクリート造,5,N,507号室,3LDK,76,5,129700,7200,2か月,['近居割'],随時,https://www.ur-net.go.jp/chintai/kanto/tokyo/20_5520_room.html?JKSS=000000507,<li>JR青梅線ほか｢拝島｣駅 徒歩4分</li>
tokyo,kumegawa,小平,44270,西武多摩湖線「一橋学園」駅,11.0,19.0,,,,小平市喜平町3,3-7号棟,鉄筋コンクリート造,5,N,507号室,1DK,27,5,41500,2770,2か月,['近居割'],随時,https://www.ur-net.go.jp/chintai/kanto/tokyo/20_1290_room.html?JKSS=000307507,<li>西武多摩湖線「一橋学園」駅 徒歩11～19分</li><li>JR中央線「国分寺」駅バス13分 徒歩1～7分</li><li>西武新宿線「小平」駅バス6分 徒歩1～10分</li><li>JR中央線「武蔵小金井」駅バス15分 徒歩1～7分</li>
tokyo,kumegawa,小平,44270,,,,JR中央線「国分寺」駅,14.0,20.0,小平市喜平町3,3-7号棟,鉄筋コンクリート造,5,N,507号室,1DK,27,5,41500,2770,2か月,['近居割'],随時,https://www.ur-net.go.jp/chintai/kanto/tokyo/20_1290_room.html?JKSS=000307507,<li>西武多摩湖線「一橋学園」駅 徒歩11～19分</li><li>JR中央線「国分寺」駅バス13分 徒歩1～7分</li><li>西武新宿線「小平」駅バス6分 徒歩1～10分</li><li>JR中央線「武蔵小金井」駅バス15分 徒歩1～7分</li>
tokyo,kumegawa,小平,44270,,,,西武新宿線「小平」駅,7.0,16.0,小平市喜平町3,3-7号棟,鉄筋コンクリート造,5,N,507号室,1DK,27,5,41500,2770,2か月,['近居割'],随時,https://www.ur-net.go.jp/chintai/kanto/tokyo/20_1290_room.html?JKSS=000307507,<li>西武多摩湖線「一橋学園」駅 徒歩11～19分</li><li>JR中央線「国分寺」駅バス13分 徒歩1～7分</li><li>西武新宿線「小平」駅バス6分 徒歩1～10分</li><li>JR中央線「武蔵小金井」駅バス15分 徒歩1～7分</li>
tokyo,kumegawa,小平,44270,,,,JR中央線「武蔵小金井」駅,16.0,22.0,小平市喜平町3,3-7号棟,鉄筋コンクリート造,5,N,507号室,1DK,27,5,41500,2770,2か月,['近居割'],随時,https://www.ur-net.go.jp/chintai/kanto/tokyo/20_1290_room.html?JKSS=000307507,<li>西武多摩湖線「一橋学園」駅 徒歩11～19分</li><li>JR中央線「国分寺」駅バス13分 徒歩1～7分</li><li>西武新宿線「小平」駅バス6分 徒歩1～10分</li><li>JR中央線「武蔵小金井」駅バス15分 徒歩1～7分</li>
tokyo,kumegawa,小平,44270,,,,,,,小平市喜平町3,3-7号棟,鉄筋コンクリート造,5,N,507号室,1DK,27,5,41500,2770,2か月,['近居割'],随時,https://www.ur-net.go.jp/chintai/kanto/tokyo/20_1290_room.html?JKSS=000307507,<li>西武多摩湖線「一橋学園」駅 徒歩11～19分</li><li>JR中央線「国分寺」駅バス13分 徒歩1～7分</li><li>西武新宿線「小平」駅バス6分 徒歩1～10分</li><li>JR中央線「武蔵小金井」駅バス15分 徒歩1～7分</li>
tokyo,nagayama,百草,58750,京王線「高幡不動」駅,19.0,32.0,京王線「高幡不動」駅,8.0,16.0,多摩市和田1261、日野市百草999,1-3-5号棟,鉄筋コンクリート造,4,N,408号室,2DK,45,5,54000,4750,2か月,"['近居割', '近居割WIDE']",随時,https://www.ur-net.go.jp/chintai/kanto/tokyo/20_1870_room.html?JKSS=103050408,<li>京王線「高幡不動」駅 徒歩19～32分 またはバス7～8分 徒歩1～8分</li><li>京王線「聖蹟桜ヶ丘」駅バス14～15分 徒歩1～8分</li><li>京王相模原線「京王多摩センター」駅バス9分 徒歩2～13分</li>
tokyo,nagayama,百草,58750,,,,京王線「聖蹟桜ヶ丘」駅,15.0,23.0,多摩市和田1261、日野市百草999,1-3-5号棟,鉄筋コンクリート造,4,N,408号室,2DK,45,5,54000,4750,2か月,"['近居割', '近居割WIDE']",随時,https://www.ur-net.go.jp/chintai/kanto/tokyo/20_1870_room.html?JKSS=103050408,<li>京王線「高幡不動」駅 徒歩19～32分 またはバス7～8分 徒歩1～8分</li><li>京王線「聖蹟桜ヶ丘」駅バス14～15分 徒歩1～8分</li><li>京王相模原線「京王多摩センター」駅バス9分 徒歩2～13分</li>
tokyo,nagayama,百草,58750,,,,京王相模原線「京王多摩センター」駅,11.0,22.0,多摩市和田1261、日野市百草999,1-3-5号棟,鉄筋コンクリート造,4,N,408号室,2DK,45,5,54000,4750,2か月,"['近居割', '近居割WIDE']",随時,https://www.ur-net.go.jp/chintai/kanto/tokyo/20_1870_room.html?JKSS=103050408,<li>京王線「高幡不動」駅 徒歩19～32分 またはバス7～8分 徒歩1～8分</li><li>京王線「聖蹟桜ヶ丘」駅バス14～15分 徒歩1～8分</li><li>京王相模原線「京王多摩センター」駅バス9分 徒歩2～13分</li>
tokyo,nagayama,百草,58750,,,,,,,多摩市和田1261、日野市百草999,1-3-5号棟,鉄筋コンクリート造,4,N,408号室,2DK,45,5,54000,4750,2か月,"['近居割', '近居割WIDE']",随時,https://www.ur-net.go.jp/chintai/kanto/tokyo/20_1870_room.html?JKSS=103050408,<li>京王線「高幡不動」駅 徒歩19～32分 またはバス7～8分 徒歩1～8分</li><li>京王線「聖蹟桜ヶ丘」駅バス14～15分 徒歩1～8分</li><li>京王相模原線「京王多摩センター」駅バス9分 徒歩2～13分</li>
tokyo,nagayama,百草,59250,京王線「高幡不動」駅,19.0,32.0,京王線「高幡不動」駅,8.0,16.0,多摩市和田1261、日野市百草999,1-3-3号棟,鉄筋コンクリート造,1,N,119号室,2DK,45,5,54500,4750,2か月,"['近居割', '近居割WIDE']",随時,https://www.ur-net.go.jp/chintai/kanto/tokyo/20_1870_room.html?JKSS=103030119,<li>京王線「高幡不動」駅 徒歩19～32分 またはバス7～8分 徒歩1～8分</li><li>京王線「聖蹟桜ヶ丘」駅バス14～15分 徒歩1～8分</li><li>京王相模原線「京王多摩センター」駅バス9分 徒歩2～13分</li>
tokyo,nagayama,百草,59250,,,,京王線「聖蹟桜ヶ丘」駅,15.0,23.0,多摩市和田1261、日野市百草999,1-3-3号棟,鉄筋コンクリート造,1,N,119号室,2DK,45,5,54500,4750,2か月,"['近居割', '近居割WIDE']",随時,https://www.ur-net.go.jp/chintai/kanto/tokyo/20_1870_room.html?JKSS=103030119,<li>京王線「高幡不動」駅 徒歩19～32分 またはバス7～8分 徒歩1～8分</li><li>京王線「聖蹟桜ヶ丘」駅バス14～15分 徒歩1～8分</li><li>京王相模原線「京王多摩センター」駅バス9分 徒歩2～13分</li>
tokyo,nagayama,百草,59250,,,,京王相模原線「京王多摩センター」駅,11.0,22.0,多摩市和田1261、日野市百草999,1-3-3号棟,鉄筋コンクリート造,1,N,119号室,2DK,45,5,54500,4750,2か月,"['近居割', '近居割WIDE']",随時,https://www.ur-net.go.jp/chintai/kanto/tokyo/20_1870_room.html?JKSS=103030119,<li>京王線「高幡不動」駅 徒歩19～32分 またはバス7～8分 徒歩1～8分</li><li>京王線「聖蹟桜ヶ丘」駅バス14～15分 徒歩1～8分</li><li>京王相模原線「京王多摩センター」駅バス9分 徒歩2～13分</li>
tokyo,nagayama,百草,59250,,,,,,,多摩市和田1261、日野市百草999,1-3-3号棟,鉄筋コンクリート造,1,N,119号室,2DK,45,5,54500,4750,2か月,"['近居割', '近居割WIDE']",随時,https://www.ur-net.go.jp/chintai/kanto/tokyo/20_1870_room.html?JKSS=103030119,<li>京王線「高幡不動」駅 徒歩19～32分 またはバス7～8分 徒歩1～8分</li><li>京王線「聖蹟桜ヶ丘」駅バス14～15分 徒歩1～8分</li><li>京王相模原線「京王多摩センター」駅バス9分 徒歩2～13分</li>
tokyo,nagayama,百草,60950,京王線「高幡不動」駅,19.0,32.0,京王線「高幡不動」駅,8.0,16.0,多摩市和田1261、日野市百草999,1-3-2号棟,鉄筋コンクリート造,2,N,206号室,2DK,45,5,56200,4750,2か月,['健康寿命サポート'],随時,https://www.ur-net.go.jp/chintai/kanto/tokyo/20_1870_room.html?JKSS=103020206,<li>京王線「高幡不動」駅 徒歩19～32分 またはバス7～8分 徒歩1～8分</li><li>京王線「聖蹟桜ヶ丘」駅バス14～15分 徒歩1～8分</li><li>京王相模原線「京王多摩センター」駅バス9分 徒歩2～13分</li>
tokyo,nagayama,百草,60950,,,,京王線「聖蹟桜ヶ丘」駅,15.0,23.0,多摩市和田1261、日野市百草999,1-3-2号棟,鉄筋コンクリート造,2,N,206号室,2DK,45,5,56200,4750,2か月,['健康寿命サポート'],随時,https://www.ur-net.go.jp/chintai/kanto/tokyo/20_1870_room.html?JKSS=103020206,<li>京王線「高幡不動」駅 徒歩19～32分 またはバス7～8分 徒歩1～8分</li><li>京王線「聖蹟桜ヶ丘」駅バス14～15分 徒歩1～8分</li><li>京王相模原線「京王多摩センター」駅バス9分 徒歩2～13分</li>
tokyo,nagayama,百草,60950,,,,京王相模原線「京王多摩センター」駅,11.0,22.0,多摩市和田1261、日野市百草999,1-3-2号棟,鉄筋コンクリート造,2,N,206号室,2DK,45,5,56200,4750,2か月,['健康寿命サポート'],随時,https://www.ur-net.go.jp/chintai/kanto/tokyo/20_1870_room.html?JKSS=103020206,<li>京王線「高幡不動」駅 徒歩19～32分 またはバス7～8分 徒歩1～8分</li><li>京王線「聖蹟桜ヶ丘」駅バス14～15分 徒歩1～8分</li><li>京王相模原線「京王多摩センター」駅バス9分 徒歩2～13分</li>
tokyo,nagayama,百草,60950,,,,,,,多摩市和田1261、日野市百草999,1-3-2号棟,鉄筋コンクリート造,2,N,206号室,2DK,45,5,56200,4750,2か月,['健康寿命サポート'],随時,https://www.ur-net.go.jp/chintai/kanto/tokyo/20_1870_room.html?JKSS=103020206,<li>京王線「高幡不動」駅 徒歩19～32分 またはバス7～8分 徒歩1～8分</li><li>京王線「聖蹟桜ヶ丘」駅バス14～15分 徒歩1～8分</li><li>京王相模原線「京王多摩センター」駅バス9分 徒歩2～13分</li>
tokyo,nagayama,高幡台,66300,京王線「高幡不動」駅,17.0,25.0,京王線「高幡不動」駅,6.0,14.0,日野市程久保650,51号棟,鉄筋コンクリート造,4,N,403号室,2LDK,50,5,62000,4300,2か月,"['近居割', '近居割WIDE']",随時,https://www.ur-net.go.jp/chintai/kanto/tokyo/20_1970_room.html?JKSS=000510403,<li>京王線「高幡不動」駅 徒歩17～25分 またはバス4分 徒歩2～10分</li><li>多摩都市モノレール「程久保」駅 徒歩9～14分</li><li>多摩都市モノレール「多摩動物公園」駅 徒歩12～23分</li>
tokyo,nagayama,高幡台,66300,多摩都市モノレール「程久保」駅,9.0,14.0,,,,日野市程久保650,51号棟,鉄筋コンクリート造,4,N,403号室,2LDK,50,5,62000,4300,2か月,"['近居割', '近居割WIDE']",随時,https://www.ur-net.go.jp/chintai/kanto/tokyo/20_1970_room.html?JKSS=000510403,<li>京王線「高幡不動」駅 徒歩17～25分 またはバス4分 徒歩2～10分</li><li>多摩都市モノレール「程久保」駅 徒歩9～14分</li><li>多摩都市モノレール「多摩動物公園」駅 徒歩12～23分</li>
tokyo,nagayama,高幡台,66300,多摩都市モノレール「多摩動物公園」駅,12.0,23.0,,,,日野市程久保650,51号棟,鉄筋コンクリート造,4,N,403号室,2LDK,50,5,62000,4300,2か月,"['近居割', '近居割WIDE']",随時,https://www.ur-net.go.jp/chintai/kanto/tokyo/20_1970_room.html?JKSS=000510403,<li>京王線「高幡不動」駅 徒歩17～25分 またはバス4分 徒歩2～10分</li><li>多摩都市モノレール「程久保」駅 徒歩9～14分</li><li>多摩都市モノレール「多摩動物公園」駅 徒歩12～23分</li>
tokyo,nagayama,高幡台,66300,,,,,,,日野市程久保650,51号棟,鉄筋コンクリート造,4,N,403号室,2LDK,50,5,62000,4300,2か月,"['近居割', '近居割WIDE']",随時,https://www.ur-net.go.jp/chintai/kanto/tokyo/20_1970_room.html?JKSS=000510403,<li>京王線「高幡不動」駅 徒歩17～25分 またはバス4分 徒歩2～10分</li><li>多摩都市モノレール「程久保」駅 徒歩9～14分</li><li>多摩都市モノレール「多摩動物公園」駅 徒歩12～23分</li>
tokyo,nagayama,高幡台,69600,京王線「高幡不動」駅,17.0,25.0,京王線「高幡不動」駅,6.0,14.0,日野市程久保650,68号棟,鉄筋コンクリート造,2,N,201号室,3K,50,5,65300,4300,2か月,"['近居割', '近居割WIDE']",随時,https://www.ur-net.go.jp/chintai/kanto/tokyo/20_1970_room.html?JKSS=000680201,<li>京王線「高幡不動」駅 徒歩17～25分 またはバス4分 徒歩2～10分</li><li>多摩都市モノレール「程久保」駅 徒歩9～14分</li><li>多摩都市モノレール「多摩動物公園」駅 徒歩12～23分</li>
tokyo,nagayama,高幡台,69600,多摩都市モノレール「程久保」駅,9.0,14.0,,,,日野市程久保650,68号棟,鉄筋コンクリート造,2,N,201号室,3K,50,5,65300,4300,2か月,"['近居割', '近居割WIDE']",随時,https://www.ur-net.go.jp/chintai/kanto/tokyo/20_1970_room.html?JKSS=000680201,<li>京王線「高幡不動」駅 徒歩17～25分 またはバス4分 徒歩2～10分</li><li>多摩都市モノレール「程久保」駅 徒歩9～14分</li><li>多摩都市モノレール「多摩動物公園」駅 徒歩12～23分</li>
tokyo,nagayama,高幡台,69600,多摩都市モノレール「多摩動物公園」駅,12.0,23.0,,,,日野市程久保650,68号棟,鉄筋コンクリート造,2,N,201号室,3K,50,5,65300,4300,2か月,"['近居割', '近居割WIDE']",随時,https://www.ur-net.go.jp/chintai/kanto/tokyo/20_1970_room.html?JKSS=000680201,<li>京王線「高幡不動」駅 徒歩17～25分 またはバス4分 徒歩2～10分</li><li>多摩都市モノレール「程久保」駅 徒歩9～14分</li><li>多摩都市モノレール「多摩動物公園」駅 徒歩12～23分</li>
tokyo,nagayama,高幡台,69600,,,,,,,日野市程久保650,68号棟,鉄筋コンクリート造,2,N,201号室,3K,50,5,65300,4300,2か月,"['近居割', '近居割WIDE']",随時,https://www.ur-net.go.jp/chintai/kanto/tokyo/20_1970_room.html?JKSS=000680201,<li>京王線「高幡不動」駅 徒歩17～25分 またはバス4分 徒歩2～10分</li><li>多摩都市モノレール「程久保」駅 徒歩9～14分</li><li>多摩都市モノレール「多摩動物公園」駅 徒歩12～23分</li>
tokyo,hachioji,シティハイツ日野旭が丘,85900,JR中央線「豊田」駅,20.0,24.0,JR中央線「豊田」駅,8.0,13.0,日野市旭が丘4-7-5,3号棟,鉄筋コンクリート造、鉄骨鉄筋コンクリート造,1,N,114号室,1LDK,49,6,83200,2700,2か月,"['近居割', '近居割WIDE']",随時,https://www.ur-net.go.jp/chintai/kanto/tokyo/20_4360_room.html?JKSS=000030114,<li>JR中央線「豊田」駅 徒歩20～24分 またはバス7分 徒歩1～6分</li><li>京王線「長沼」駅 徒歩26～28分</li><li>JR八高線「北八王子」駅 徒歩23～25分</li>
tokyo,hachioji,シティハイツ日野旭が丘,85900,京王線「長沼」駅,26.0,28.0,,,,日野市旭が丘4-7-5,3号棟,鉄筋コンクリート造、鉄骨鉄筋コンクリート造,1,N,114号室,1LDK,49,6,83200,2700,2か月,"['近居割', '近居割WIDE']",随時,https://www.ur-net.go.jp/chintai/kanto/tokyo/20_4360_room.html?JKSS=000030114,<li>JR中央線「豊田」駅 徒歩20～24分 またはバス7分 徒歩1～6分</li><li>京王線「長沼」駅 徒歩26～28分</li><li>JR八高線「北八王子」駅 徒歩23～25分</li>
tokyo,hachioji,シティハイツ日野旭が丘,85900,JR八高線「北八王子」駅,23.0,25.0,,,,日野市旭が丘4-7-5,3号棟,鉄筋コンクリート造、鉄骨鉄筋コンクリート造,1,N,114号室,1LDK,49,6,83200,2700,2か月,"['近居割', '近居割WIDE']",随時,https://www.ur-net.go.jp/chintai/kanto/tokyo/20_4360_room.html?JKSS=000030114,<li>JR中央線「豊田」駅 徒歩20～24分 またはバス7分 徒歩1～6分</li><li>京王線「長沼」駅 徒歩26～28分</li><li>JR八高線「北八王子」駅 徒歩23～25分</li>
tokyo,hachioji,シティハイツ日野旭が丘,85900,,,,,,,日野市旭が丘4-7-5,3号棟,鉄筋コンクリート造、鉄骨鉄筋コンクリート造,1,N,114号室,1LDK,49,6,83200,2700,2か月,"['近居割', '近居割WIDE']",随時,https://www.ur-net.go.jp/chintai/kanto/tokyo/20_4360_room.html?JKSS=000030114,<li>JR中央線「豊田」駅 徒歩20～24分 またはバス7分 徒歩1～6分</li><li>京王線「長沼」駅 徒歩26～28分</li><li>JR八高線「北八王子」駅 徒歩23～25分</li>
tokyo,hachioji,多摩平の森,138000,JR中央線「豊田」駅,7.0,15.0,,,,日野市多摩平4-6ほか,2-6号棟,鉄筋コンクリート造,9,N,902号室,3DK,62,11,134000,4000,2か月,"['近居割', '近居割WIDE']",随時,https://www.ur-net.go.jp/chintai/kanto/tokyo/20_6510_room.html?JKSS=002060902,<li>JR中央線「豊田」駅 徒歩7～15分</li><li>JR中央線「日野」駅 徒歩24～33分</li><li>京王線「南平」駅 徒歩25～32分</li>
tokyo,hachioji,多摩平の森,138000,JR中央線「日野」駅,24.0,33.0,,,,日野市多摩平4-6ほか,2-6号棟,鉄筋コンクリート造,9,N,902号室,3DK,62,11,134000,4000,2か月,"['近居割', '近居割WIDE']",随時,https://www.ur-net.go.jp/chintai/kanto/tokyo/20_6510_room.html?JKSS=002060902,<li>JR中央線「豊田」駅 徒歩7～15分</li><li>JR中央線「日野」駅 徒歩24～33分</li><li>京王線「南平」駅 徒歩25～32分</li>
tokyo,hachioji,多摩平の森,138000,京王線「南平」駅,25.0,32.0,,,,日野市多摩平4-6ほか,2-6号棟,鉄筋コンクリート造,9,N,902号室,3DK,62,11,134000,4000,2か月,"['近居割', '近居割WIDE']",随時,https://www.ur-net.go.jp/chintai/kanto/tokyo/20_6510_room.html?JKSS=002060902,<li>JR中央線「豊田」駅 徒歩7～15分</li><li>JR中央線「日野」駅 徒歩24～33分</li><li>京王線「南平」駅 徒歩25～32分</li>
tokyo,hachioji,多摩平の森,138000,,,,,,,日野市多摩平4-6ほか,2-6号棟,鉄筋コンクリート造,9,N,902号室,3DK,62,11,134000,4000,2か月,"['近居割', '近居割WIDE']",随時,https://www.ur-net.go.jp/chintai/kanto/tokyo/20_6510_room.html?JKSS=002060902,<li>JR中央線「豊田」駅 徒歩7～15分</li><li>JR中央線「日野」駅 徒歩24～33分</li><li>京王線「南平」駅 徒歩25～32分</li>
tokyo,hachioji,多摩平の森,139800,JR中央線「豊田」駅,7.0,15.0,,,,日野市多摩平4-6ほか,2-4号棟,鉄筋コンクリート造,4,N,405号室,1LDK,59,6,135800,4000,2か月,"['近居割', '近居割WIDE']",随時,https://www.ur-net.go.jp/chintai/kanto/tokyo/20_6510_room.html?JKSS=002040405,<li>JR中央線「豊田」駅 徒歩7～15分</li><li>JR中央線「日野」駅 徒歩24～33分</li><li>京王線「南平」駅 徒歩25～32分</li>
tokyo,hachioji,多摩平の森,139800,JR中央線「日野」駅,24.0,33.0,,,,日野市多摩平4-6ほか,2-4号棟,鉄筋コンクリート造,4,N,405号室,1LDK,59,6,135800,4000,2か月,"['近居割', '近居割WIDE']",随時,https://www.ur-net.go.jp/chintai/kanto/tokyo/20_6510_room.html?JKSS=002040405,<li>JR中央線「豊田」駅 徒歩7～15分</li><li>JR中央線「日野」駅 徒歩24～33分</li><li>京王線「南平」駅 徒歩25～32分</li>
tokyo,hachioji,多摩平の森,139800,京王線「南平」駅,25.0,32.0,,,,日野市多摩平4-6ほか,2-4号棟,鉄筋コンクリート造,4,N,405号室,1LDK,59,6,135800,4000,2か月,"['近居割', '近居割WIDE']",随時,https://www.ur-net.go.jp/chintai/kanto/tokyo/20_6510_room.html?JKSS=002040405,<li>JR中央線「豊田」駅 徒歩7～15分</li><li>JR中央線「日野」駅 徒歩24～33分</li><li>京王線「南平」駅 徒歩25～32分</li>
tokyo,hachioji,多摩平の森,139800,,,,,,,日野市多摩平4-6ほか,2-4号棟,鉄筋コンクリート造,4,N,405号室,1LDK,59,6,135800,4000,2か月,"['近居割', '近居割WIDE']",随時,https://www.ur-net.go.jp/chintai/kanto/tokyo/20_6510_room.html?JKSS=002040405,<li>JR中央線「豊田」駅 徒歩7～15分</li><li>JR中央線「日野」駅 徒歩24～33分</li><li>京王線「南平」駅 徒歩25～32分</li>
tokyo,tachikawa,福生,54000,JR五日市線「熊川」駅,10.0,17.0,,,,福生市南田園2-7ほか,4号棟,鉄筋コンクリート造,5,N,505号室,1LDK,41,5,51000,3000,2か月,"['近居割', '近居割WIDE']",随時,https://www.ur-net.go.jp/chintai/kanto/tokyo/20_2520_room.html?JKSS=000040505,<li>JR五日市線「熊川」駅 徒歩10～17分</li><li>JR青梅線「拝島」駅バス15分 徒歩2～6分</li><li>JR青梅線「福生」駅 徒歩24～30分</li>
tokyo,tachikawa,福生,54000,,,,JR青梅線「拝島」駅,17.0,21.0,福生市南田園2-7ほか,4号棟,鉄筋コンクリート造,5,N,505号室,1LDK,41,5,51000,3000,2か月,"['近居割', '近居割WIDE']",随時,https://www.ur-net.go.jp/chintai/kanto/tokyo/20_2520_room.html?JKSS=000040505,<li>JR五日市線「熊川」駅 徒歩10～17分</li><li>JR青梅線「拝島」駅バス15分 徒歩2～6分</li><li>JR青梅線「福生」駅 徒歩24～30分</li>
tokyo,tachikawa,福生,54000,JR青梅線「福生」駅,24.0,30.0,,,,福生市南田園2-7ほか,4号棟,鉄筋コンクリート造,5,N,505号室,1LDK,41,5,51000,3000,2か月,"['近居割', '近居割WIDE']",随時,https://www.ur-net.go.jp/chintai/kanto/tokyo/20_2520_room.html?JKSS=000040505,<li>JR五日市線「熊川」駅 徒歩10～17分</li><li>JR青梅線「拝島」駅バス15分 徒歩2～6分</li><li>JR青梅線「福生」駅 徒歩24～30分</li>
tokyo,tachikawa,福生,54000,,,,,,,福生市南田園2-7ほか,4号棟,鉄筋コンクリート造,5,N,505号室,1LDK,41,5,51000,3000,2か月,"['近居割', '近居割WIDE']",随時,https://www.ur-net.go.jp/chintai/kanto/tokyo/20_2520_room.html?JKSS=000040505,<li>JR五日市線「熊川」駅 徒歩10～17分</li><li>JR青梅線「拝島」駅バス15分 徒歩2～6分</li><li>JR青梅線「福生」駅 徒歩24～30分</li>
tokyo,chofu,神代,95300,京王線「つつじケ丘」駅,7.0,19.0,,,,調布市西つつじヶ丘4-23、狛江市西野川1-25,57号棟,鉄筋コンクリート造,5,N,512号室,3DK,50,5,91500,3800,2か月,['URライト'],随時,https://www.ur-net.go.jp/chintai/kanto/tokyo/20_1320_room.html?JKSS=000057512,<li>京王線「つつじケ丘」駅 徒歩7～19分</li><li>小田急小田原線「成城学園前」駅バス11～15分 徒歩1～5分</li><li>小田急小田原線「狛江」駅バス7～9分 徒歩1～5分</li>
tokyo,chofu,神代,95300,,,,小田急小田原線「成城学園前」駅,12.0,20.0,調布市西つつじヶ丘4-23、狛江市西野川1-25,57号棟,鉄筋コンクリート造,5,N,512号室,3DK,50,5,91500,3800,2か月,['URライト'],随時,https://www.ur-net.go.jp/chintai/kanto/tokyo/20_1320_room.html?JKSS=000057512,<li>京王線「つつじケ丘」駅 徒歩7～19分</li><li>小田急小田原線「成城学園前」駅バス11～15分 徒歩1～5分</li><li>小田急小田原線「狛江」駅バス7～9分 徒歩1～5分</li>
tokyo,chofu,神代,95300,,,,小田急小田原線「狛江」駅,8.0,14.0,調布市西つつじヶ丘4-23、狛江市西野川1-25,57号棟,鉄筋コンクリート造,5,N,512号室,3DK,50,5,91500,3800,2か月,['URライト'],随時,https://www.ur-net.go.jp/chintai/kanto/tokyo/20_1320_room.html?JKSS=000057512,<li>京王線「つつじケ丘」駅 徒歩7～19分</li><li>小田急小田原線「成城学園前」駅バス11～15分 徒歩1～5分</li><li>小田急小田原線「狛江」駅バス7～9分 徒歩1～5分</li>
tokyo,chofu,神代,95300,,,,,,,調布市西つつじヶ丘4-23、狛江市西野川1-25,57号棟,鉄筋コンクリート造,5,N,512号室,3DK,50,5,91500,3800,2か月,['URライト'],随時,https://www.ur-net.go.jp/chintai/kanto/tokyo/20_1320_room.html?JKSS=000057512,<li>京王線「つつじケ丘」駅 徒歩7～19分</li><li>小田急小田原線「成城学園前」駅バス11～15分 徒歩1～5分</li><li>小田急小田原線「狛江」駅バス7～9分 徒歩1～5分</li>
tokyo,hibarigaoka,グリーンヒルズ東久留米,114300,西武池袋線「東久留米」駅,17.0,24.0,西武池袋線「東久留米」駅,6.0,10.0,東久留米市上の原1-3ほか,5号棟,鉄筋コンクリート造,7,N,706号室,2DK,50,10,108200,6100,2か月,"['近居割', '近居割WIDE']",随時,https://www.ur-net.go.jp/chintai/kanto/tokyo/20_6880_room.html?JKSS=000050706,<li>西武池袋線「東久留米」駅 徒歩17～24分 またはバス5分 徒歩1～5分</li><li>JR武蔵野線「新座」駅バス20分 徒歩1～5分</li><li>西武池袋線「清瀬」駅 徒歩31～34分</li>
tokyo,hibarigaoka,グリーンヒルズ東久留米,114300,,,,JR武蔵野線「新座」駅,21.0,25.0,東久留米市上の原1-3ほか,5号棟,鉄筋コンクリート造,7,N,706号室,2DK,50,10,108200,6100,2か月,"['近居割', '近居割WIDE']",随時,https://www.ur-net.go.jp/chintai/kanto/tokyo/20_6880_room.html?JKSS=000050706,<li>西武池袋線「東久留米」駅 徒歩17～24分 またはバス5分 徒歩1～5分</li><li>JR武蔵野線「新座」駅バス20分 徒歩1～5分</li><li>西武池袋線「清瀬」駅 徒歩31～34分</li>
tokyo,hibarigaoka,グリーンヒルズ東久留米,114300,西武池袋線「清瀬」駅,31.0,34.0,,,,東久留米市上の原1-3ほか,5号棟,鉄筋コンクリート造,7,N,706号室,2DK,50,10,108200,6100,2か月,"['近居割', '近居割WIDE']",随時,https://www.ur-net.go.jp/chintai/kanto/tokyo/20_6880_room.html?JKSS=000050706,<li>西武池袋線「東久留米」駅 徒歩17～24分 またはバス5分 徒歩1～5分</li><li>JR武蔵野線「新座」駅バス20分 徒歩1～5分</li><li>西武池袋線「清瀬」駅 徒歩31～34分</li>
tokyo,hibarigaoka,グリーンヒルズ東久留米,114300,,,,,,,東久留米市上の原1-3ほか,5号棟,鉄筋コンクリート造,7,N,706号室,2DK,50,10,108200,6100,2か月,"['近居割', '近居割WIDE']",随時,https://www.ur-net.go.jp/chintai/kanto/tokyo/20_6880_room.html?JKSS=000050706,<li>西武池袋線「東久留米」駅 徒歩17～24分 またはバス5分 徒歩1～5分</li><li>JR武蔵野線「新座」駅バス20分 徒歩1～5分</li><li>西武池袋線「清瀬」駅 徒歩31～34分</li>
tokyo,hibarigaoka,ひばりが丘パークヒルズ,127900,西武池袋線「ひばりヶ丘」駅,15.0,22.0,西武池袋線「ひばりヶ丘」駅,4.0,8.0,西東京市ひばりが丘3-5、東久留米市ひばりが丘団地6ほか,6-1号棟,鉄筋コンクリート造,3,N,303号室,2DK,50,6,120900,7000,2か月,"['近居割', '近居割WIDE']",随時,https://www.ur-net.go.jp/chintai/kanto/tokyo/20_6771_room.html?JKSS=006010303,<li>西武池袋線「ひばりヶ丘」駅 徒歩15～22分 またはバス3～4分 徒歩1～4分</li><li>西武新宿線「田無」駅バス11～15分 徒歩1～4分</li><li>JR中央線「武蔵境」駅バス27～33分 徒歩1～4分</li>
tokyo,hibarigaoka,ひばりが丘パークヒルズ,127900,,,,西武新宿線「田無」駅,12.0,19.0,西東京市ひばりが丘3-5、東久留米市ひばりが丘団地6ほか,6-1号棟,鉄筋コンクリート造,3,N,303号室,2DK,50,6,120900,7000,2か月,"['近居割', '近居割WIDE']",随時,https://www.ur-net.go.jp/chintai/kanto/tokyo/20_6771_room.html?JKSS=006010303,<li>西武池袋線「ひばりヶ丘」駅 徒歩15～22分 またはバス3～4分 徒歩1～4分</li><li>西武新宿線「田無」駅バス11～15分 徒歩1～4分</li><li>JR中央線「武蔵境」駅バス27～33分 徒歩1～4分</li>
tokyo,hibarigaoka,ひばりが丘パークヒルズ,127900,,,,JR中央線「武蔵境」駅,28.0,37.0,西東京市ひばりが丘3-5、東久留米市ひばりが丘団地6ほか,6-1号棟,鉄筋コンクリート造,3,N,303号室,2DK,50,6,120900,7000,2か月,"['近居割', '近居割WIDE']",随時,https://www.ur-net.go.jp/chintai/kanto/tokyo/20_6771_room.html?JKSS=006010303,<li>西武池袋線「ひばりヶ丘」駅 徒歩15～22分 またはバス3～4分 徒歩1～4分</li><li>西武新宿線「田無」駅バス11～15分 徒歩1～4分</li><li>JR中央線「武蔵境」駅バス27～33分 徒歩1～4分</li>
tokyo,hibarigaoka,ひばりが丘パークヒルズ,127900,,,,,,,西東京市ひばりが丘3-5、東久留米市ひばりが丘団地6ほか,6-1号棟,鉄筋コンクリート造,3,N,303号室,2DK,50,6,120900,7000,2か月,"['近居割', '近居割WIDE']",随時,https://www.ur-net.go.jp/chintai/kanto/tokyo/20_6771_room.html?JKSS=006010303,<li>西武池袋線「ひばりヶ丘」駅 徒歩15～22分 またはバス3～4分 徒歩1～4分</li><li>西武新宿線「田無」駅バス11～15分 徒歩1～4分</li><li>JR中央線「武蔵境」駅バス27～33分 徒歩1～4分</li>
tokyo,kumegawa,エステート大南公園,103500,西武拝島線「玉川上水」駅,13.0,15.0,,,,武蔵村山市大南4-21-1ほか,10号棟,鉄筋コンクリート造,3,N,301号室,3LDK,69,5,101200,2300,2か月,['近居割'],随時,https://www.ur-net.go.jp/chintai/kanto/tokyo/20_4130_room.html?JKSS=000100301,<li>西武拝島線「玉川上水」駅 徒歩13～15分</li><li>多摩都市モノレール「桜街道」駅 徒歩13～14分</li><li>西武拝島線「武蔵砂川」駅 徒歩26～27分</li>
tokyo,kumegawa,エステート大南公園,103500,多摩都市モノレール「桜街道」駅,13.0,14.0,,,,武蔵村山市大南4-21-1ほか,10号棟,鉄筋コンクリート造,3,N,301号室,3LDK,69,5,101200,2300,2か月,['近居割'],随時,https://www.ur-net.go.jp/chintai/kanto/tokyo/20_4130_room.html?JKSS=000100301,<li>西武拝島線「玉川上水」駅 徒歩13～15分</li><li>多摩都市モノレール「桜街道」駅 徒歩13～14分</li><li>西武拝島線「武蔵砂川」駅 徒歩26～27分</li>
tokyo,kumegawa,エステート大南公園,103500,西武拝島線「武蔵砂川」駅,26.0,27.0,,,,武蔵村山市大南4-21-1ほか,10号棟,鉄筋コンクリート造,3,N,301号室,3LDK,69,5,101200,2300,2か月,['近居割'],随時,https://www.ur-net.go.jp/chintai/kanto/tokyo/20_4130_room.html?JKSS=000100301,<li>西武拝島線「玉川上水」駅 徒歩13～15分</li><li>多摩都市モノレール「桜街道」駅 徒歩13～14分</li><li>西武拝島線「武蔵砂川」駅 徒歩26～27分</li>
tokyo,kumegawa,エステート大南公園,103500,,,,,,,武蔵村山市大南4-21-1ほか,10号棟,鉄筋コンクリート造,3,N,301号室,3LDK,69,5,101200,2300,2か月,['近居割'],随時,https://www.ur-net.go.jp/chintai/kanto/tokyo/20_4130_room.html?JKSS=000100301,<li>西武拝島線「玉川上水」駅 徒歩13～15分</li><li>多摩都市モノレール「桜街道」駅 徒歩13～14分</li><li>西武拝島線「武蔵砂川」駅 徒歩26～27分</li>
tokyo,kumegawa,エステート大南公園,121700,西武拝島線「玉川上水」駅,13.0,15.0,,,,武蔵村山市大南4-21-1ほか,9号棟,鉄筋コンクリート造,1,N,107号室,4LDK,84,5,119400,2300,2か月,['近居割'],随時,https://www.ur-net.go.jp/chintai/kanto/tokyo/20_4130_room.html?JKSS=000090107,<li>西武拝島線「玉川上水」駅 徒歩13～15分</li><li>多摩都市モノレール「桜街道」駅 徒歩13～14分</li><li>西武拝島線「武蔵砂川」駅 徒歩26～27分</li>
tokyo,kumegawa,エステート大南公園,121700,多摩都市モノレール「桜街道」駅,13.0,14.0,,,,武蔵村山市大南4-21-1ほか,9号棟,鉄筋コンクリート造,1,N,107号室,4LDK,84,5,119400,2300,2か月,['近居割'],随時,https://www.ur-net.go.jp/chintai/kanto/tokyo/20_4130_room.html?JKSS=000090107,<li>西武拝島線「玉川上水」駅 徒歩13～15分</li><li>多摩都市モノレール「桜街道」駅 徒歩13～14分</li><li>西武拝島線「武蔵砂川」駅 徒歩26～27分</li>
tokyo,kumegawa,エステート大南公園,121700,西武拝島線「武蔵砂川」駅,26.0,27.0,,,,武蔵村山市大南4-21-1ほか,9号棟,鉄筋コンクリート造,1,N,107号室,4LDK,84,5,119400,2300,2か月,['近居割'],随時,https://www.ur-net.go.jp/chintai/kanto/tokyo/20_4130_room.html?JKSS=000090107,<li>西武拝島線「玉川上水」駅 徒歩13～15分</li><li>多摩都市モノレール「桜街道」駅 徒歩13～14分</li><li>西武拝島線「武蔵砂川」駅 徒歩26～27分</li>
tokyo,kumegawa,エステート大南公園,121700,,,,,,,武蔵村山市大南4-21-1ほか,9号棟,鉄筋コンクリート造,1,N,107号室,4LDK,84,5,119400,2300,2か月,['近居割'],随時,https://www.ur-net.go.jp/chintai/kanto/tokyo/20_4130_room.html?JKSS=000090107,<li>西武拝島線「玉川上水」駅 徒歩13～15分</li><li>多摩都市モノレール「桜街道」駅 徒歩13～14分</li><li>西武拝島線「武蔵砂川」駅 徒歩26～27分</li>
tokyo,nagayama,多摩ニュータウン ファインヒルいなぎ ビュープラザ向陽台,92400,,,,京王相模原線「稲城」駅,12.0,12.0,稲城市向陽台4-4-2,2号棟,鉄骨鉄筋コンクリート造,2,N,207号室,2LDK,65,14,89200,3200,2か月,"['近居割', '近居割WIDE']",随時,https://www.ur-net.go.jp/chintai/kanto/tokyo/20_4500_room.html?JKSS=000020207,<li>京王相模原線「稲城」駅バス6分 徒歩6分</li><li>JR南武線「南多摩」駅 徒歩20分</li><li>JR南武線「稲城長沼」駅 徒歩26分</li>
tokyo,nagayama,多摩ニュータウン ファインヒルいなぎ ビュープラザ向陽台,92400,JR南武線「南多摩」駅,20.0,20.0,,,,稲城市向陽台4-4-2,2号棟,鉄骨鉄筋コンクリート造,2,N,207号室,2LDK,65,14,89200,3200,2か月,"['近居割', '近居割WIDE']",随時,https://www.ur-net.go.jp/chintai/kanto/tokyo/20_4500_room.html?JKSS=000020207,<li>京王相模原線「稲城」駅バス6分 徒歩6分</li><li>JR南武線「南多摩」駅 徒歩20分</li><li>JR南武線「稲城長沼」駅 徒歩26分</li>
tokyo,nagayama,多摩ニュータウン ファインヒルいなぎ ビュープラザ向陽台,92400,JR南武線「稲城長沼」駅,26.0,26.0,,,,稲城市向陽台4-4-2,2号棟,鉄骨鉄筋コンクリート造,2,N,207号室,2LDK,65,14,89200,3200,2か月,"['近居割', '近居割WIDE']",随時,https://www.ur-net.go.jp/chintai/kanto/tokyo/20_4500_room.html?JKSS=000020207,<li>京王相模原線「稲城」駅バス6分 徒歩6分</li><li>JR南武線「南多摩」駅 徒歩20分</li><li>JR南武線「稲城長沼」駅 徒歩26分</li>
tokyo,nagayama,多摩ニュータウン ファインヒルいなぎ ビュープラザ向陽台,92400,,,,,,,稲城市向陽台4-4-2,2号棟,鉄骨鉄筋コンクリート造,2,N,207号室,2LDK,65,14,89200,3200,2か月,"['近居割', '近居割WIDE']",随時,https://www.ur-net.go.jp/chintai/kanto/tokyo/20_4500_room.html?JKSS=000020207,<li>京王相模原線「稲城」駅バス6分 徒歩6分</li><li>JR南武線「南多摩」駅 徒歩20分</li><li>JR南武線「稲城長沼」駅 徒歩26分</li>
tokyo,nagayama,多摩ニュータウン ファインヒルいなぎ ビスタノーレ向陽台,109200,京王相模原線「稲城」駅,18.0,21.0,京王相模原線「稲城」駅,7.0,10.0,稲城市向陽台6-11,1号棟,鉄筋コンクリート造,4,N,406号室,3LDK,67,5,105300,3900,2か月,"['近居割', '近居割WIDE']",随時,https://www.ur-net.go.jp/chintai/kanto/tokyo/20_4840_room.html?JKSS=000010406,<li>京王相模原線「稲城」駅 徒歩18～21分 またはバス4分 徒歩3～6分</li><li>JR南武線「南多摩」駅 徒歩12~16分</li><li>JR南武線「稲城長沼」駅 徒歩19～21分</li>
tokyo,nagayama,多摩ニュータウン ファインヒルいなぎ ビスタノーレ向陽台,109200,JR南武線「南多摩」駅,12.0,16.0,,,,稲城市向陽台6-11,1号棟,鉄筋コンクリート造,4,N,406号室,3LDK,67,5,105300,3900,2か月,"['近居割', '近居割WIDE']",随時,https://www.ur-net.go.jp/chintai/kanto/tokyo/20_4840_room.html?JKSS=000010406,<li>京王相模原線「稲城」駅 徒歩18～21分 またはバス4分 徒歩3～6分</li><li>JR南武線「南多摩」駅 徒歩12~16分</li><li>JR南武線「稲城長沼」駅 徒歩19～21分</li>
tokyo,nagayama,多摩ニュータウン ファインヒルいなぎ ビスタノーレ向陽台,109200,JR南武線「稲城長沼」駅,19.0,21.0,,,,稲城市向陽台6-11,1号棟,鉄筋コンクリート造,4,N,406号室,3LDK,67,5,105300,3900,2か月,"['近居割', '近居割WIDE']",随時,https://www.ur-net.go.jp/chintai/kanto/tokyo/20_4840_room.html?JKSS=000010406,<li>京王相模原線「稲城」駅 徒歩18～21分 またはバス4分 徒歩3～6分</li><li>JR南武線「南多摩」駅 徒歩12~16分</li><li>JR南武線「稲城長沼」駅 徒歩19～21分</li>
tokyo,nagayama,多摩ニュータウン ファインヒルいなぎ ビスタノーレ向陽台,109200,,,,,,,稲城市向陽台6-11,1号棟,鉄筋コンクリート造,4,N,406号室,3LDK,67,5,105300,3900,2か月,"['近居割', '近居割WIDE']",随時,https://www.ur-net.go.jp/chintai/kanto/tokyo/20_4840_room.html?JKSS=000010406,<li>京王相模原線「稲城」駅 徒歩18～21分 またはバス4分 徒歩3～6分</li><li>JR南武線「南多摩」駅 徒歩12~16分</li><li>JR南武線「稲城長沼」駅 徒歩19～21分</li>
tokyo,nagayama,多摩ニュータウン ファインヒルいなぎ ビスタノーレ向陽台,114900,京王相模原線「稲城」駅,18.0,21.0,京王相模原線「稲城」駅,7.0,10.0,稲城市向陽台6-11,5号棟,鉄筋コンクリート造,2,N,202号室,3LDK,67,5,111000,3900,2か月,"['近居割', '近居割WIDE']",随時,https://www.ur-net.go.jp/chintai/kanto/tokyo/20_4840_room.html?JKSS=000050202,<li>京王相模原線「稲城」駅 徒歩18～21分 またはバス4分 徒歩3～6分</li><li>JR南武線「南多摩」駅 徒歩12~16分</li><li>JR南武線「稲城長沼」駅 徒歩19～21分</li>
tokyo,nagayama,多摩ニュータウン ファインヒルいなぎ ビスタノーレ向陽台,114900,JR南武線「南多摩」駅,12.0,16.0,,,,稲城市向陽台6-11,5号棟,鉄筋コンクリート造,2,N,202号室,3LDK,67,5,111000,3900,2か月,"['近居割', '近居割WIDE']",随時,https://www.ur-net.go.jp/chintai/kanto/tokyo/20_4840_room.html?JKSS=000050202,<li>京王相模原線「稲城」駅 徒歩18～21分 またはバス4分 徒歩3～6分</li><li>JR南武線「南多摩」駅 徒歩12~16分</li><li>JR南武線「稲城長沼」駅 徒歩19～21分</li>
tokyo,nagayama,多摩ニュータウン ファインヒルいなぎ ビスタノーレ向陽台,114900,JR南武線「稲城長沼」駅,19.0,21.0,,,,稲城市向陽台6-11,5号棟,鉄筋コンクリート造,2,N,202号室,3LDK,67,5,111000,3900,2か月,"['近居割', '近居割WIDE']",随時,https://www.ur-net.go.jp/chintai/kanto/tokyo/20_4840_room.html?JKSS=000050202,<li>京王相模原線「稲城」駅 徒歩18～21分 またはバス4分 徒歩3～6分</li><li>JR南武線「南多摩」駅 徒歩12~16分</li><li>JR南武線「稲城長沼」駅 徒歩19～21分</li>
tokyo,nagayama,多摩ニュータウン ファインヒルいなぎ ビスタノーレ向陽台,114900,,,,,,,稲城市向陽台6-11,5号棟,鉄筋コンクリート造,2,N,202号室,3LDK,67,5,111000,3900,2か月,"['近居割', '近居割WIDE']",随時,https://www.ur-net.go.jp/chintai/kanto/tokyo/20_4840_room.html?JKSS=000050202,<li>京王相模原線「稲城」駅 徒歩18～21分 またはバス4分 徒歩3～6分</li><li>JR南武線「南多摩」駅 徒歩12~16分</li><li>JR南武線「稲城長沼」駅 徒歩19～21分</li>
tokyo,nagayama,多摩ニュータウン ファインヒルいなぎ 長峰・杜の一番街,116100,,,,京王相模原線「若葉台」駅,10.0,12.0,稲城市長峰3-2,3号棟,鉄筋コンクリート造,5,N,503号室,3LDK,77,10,110700,5400,2か月,"['近居割', '近居割WIDE']",随時,https://www.ur-net.go.jp/chintai/kanto/tokyo/20_5290_room.html?JKSS=000030503,<li>京王相模原線「若葉台」駅バス6分 徒歩4～6分</li><li>京王相模原線「稲城」駅バス11分 徒歩4～6分</li><li>JR南武線「南多摩」駅 徒歩32～33分</li>
tokyo,nagayama,多摩ニュータウン ファインヒルいなぎ 長峰・杜の一番街,116100,,,,京王相模原線「稲城」駅,15.0,17.0,稲城市長峰3-2,3号棟,鉄筋コンクリート造,5,N,503号室,3LDK,77,10,110700,5400,2か月,"['近居割', '近居割WIDE']",随時,https://www.ur-net.go.jp/chintai/kanto/tokyo/20_5290_room.html?JKSS=000030503,<li>京王相模原線「若葉台」駅バス6分 徒歩4～6分</li><li>京王相模原線「稲城」駅バス11分 徒歩4～6分</li><li>JR南武線「南多摩」駅 徒歩32～33分</li>
tokyo,nagayama,多摩ニュータウン ファインヒルいなぎ 長峰・杜の一番街,116100,JR南武線「南多摩」駅,32.0,33.0,,,,稲城市長峰3-2,3号棟,鉄筋コンクリート造,5,N,503号室,3LDK,77,10,110700,5400,2か月,"['近居割', '近居割WIDE']",随時,https://www.ur-net.go.jp/chintai/kanto/tokyo/20_5290_room.html?JKSS=000030503,<li>京王相模原線「若葉台」駅バス6分 徒歩4～6分</li><li>京王相模原線「稲城」駅バス11分 徒歩4～6分</li><li>JR南武線「南多摩」駅 徒歩32～33分</li>
tokyo,nagayama,多摩ニュータウン ファインヒルいなぎ 長峰・杜の一番街,116100,,,,,,,稲城市長峰3-2,3号棟,鉄筋コンクリート造,5,N,503号室,3LDK,77,10,110700,5400,2か月,"['近居割', '近居割WIDE']",随時,https://www.ur-net.go.jp/chintai/kanto/tokyo/20_5290_room.html?JKSS=000030503,<li>京王相模原線「若葉台」駅バス6分 徒歩4～6分</li><li>京王相模原線「稲城」駅バス11分 徒歩4～6分</li><li>JR南武線「南多摩」駅 徒歩32～33分</li>
tokyo,nagayama,多摩ニュータウン ファインヒルいなぎ ビューコート若葉台,115800,京王相模原線「若葉台」駅,16.0,18.0,京王相模原線「若葉台」駅,3.0,5.0,稲城市若葉台4-33,2号棟,鉄筋コンクリート造,2,N,202号室,1LDK,56,8,111100,4700,2か月,"['近居割', '近居割WIDE']",随時,https://www.ur-net.go.jp/chintai/kanto/tokyo/20_5910_room.html?JKSS=000020202,<li>京王相模原線「若葉台」駅 徒歩16～18分 またはバス2分 徒歩1～3分</li><li>小田急多摩線「はるひ野」駅 徒歩18～19分</li><li>小田急多摩線「黒川」駅 徒歩28～30分</li>
tokyo,nagayama,多摩ニュータウン ファインヒルいなぎ ビューコート若葉台,115800,小田急多摩線「はるひ野」駅,18.0,19.0,,,,稲城市若葉台4-33,2号棟,鉄筋コンクリート造,2,N,202号室,1LDK,56,8,111100,4700,2か月,"['近居割', '近居割WIDE']",随時,https://www.ur-net.go.jp/chintai/kanto/tokyo/20_5910_room.html?JKSS=000020202,<li>京王相模原線「若葉台」駅 徒歩16～18分 またはバス2分 徒歩1～3分</li><li>小田急多摩線「はるひ野」駅 徒歩18～19分</li><li>小田急多摩線「黒川」駅 徒歩28～30分</li>
tokyo,nagayama,多摩ニュータウン ファインヒルいなぎ ビューコート若葉台,115800,小田急多摩線「黒川」駅,28.0,30.0,,,,稲城市若葉台4-33,2号棟,鉄筋コンクリート造,2,N,202号室,1LDK,56,8,111100,4700,2か月,"['近居割', '近居割WIDE']",随時,https://www.ur-net.go.jp/chintai/kanto/tokyo/20_5910_room.html?JKSS=000020202,<li>京王相模原線「若葉台」駅 徒歩16～18分 またはバス2分 徒歩1～3分</li><li>小田急多摩線「はるひ野」駅 徒歩18～19分</li><li>小田急多摩線「黒川」駅 徒歩28～30分</li>
tokyo,nagayama,多摩ニュータウン ファインヒルいなぎ ビューコート若葉台,115800,,,,,,,稲城市若葉台4-33,2号棟,鉄筋コンクリート造,2,N,202号室,1LDK,56,8,111100,4700,2か月,"['近居割', '近居割WIDE']",随時,https://www.ur-net.go.jp/chintai/kanto/tokyo/20_5910_room.html?JKSS=000020202,<li>京王相模原線「若葉台」駅 徒歩16～18分 またはバス2分 徒歩1～3分</li><li>小田急多摩線「はるひ野」駅 徒歩18～19分</li><li>小田急多摩線「黒川」駅 徒歩28～30分</li>
tokyo,nagayama,多摩ニュータウン ファインヒルいなぎ ビューコート若葉台,160500,京王相模原線「若葉台」駅,16.0,18.0,京王相模原線「若葉台」駅,3.0,5.0,稲城市若葉台4-33,4号棟,鉄筋コンクリート造,7,N,703号室,3LDK,82,8,155800,4700,2か月,"['近居割', '近居割WIDE']",随時,https://www.ur-net.go.jp/chintai/kanto/tokyo/20_5910_room.html?JKSS=000040703,<li>京王相模原線「若葉台」駅 徒歩16～18分 またはバス2分 徒歩1～3分</li><li>小田急多摩線「はるひ野」駅 徒歩18～19分</li><li>小田急多摩線「黒川」駅 徒歩28～30分</li>
tokyo,nagayama,多摩ニュータウン ファインヒルいなぎ ビューコート若葉台,160500,小田急多摩線「はるひ野」駅,18.0,19.0,,,,稲城市若葉台4-33,4号棟,鉄筋コンクリート造,7,N,703号室,3LDK,82,8,155800,4700,2か月,"['近居割', '近居割WIDE']",随時,https://www.ur-net.go.jp/chintai/kanto/tokyo/20_5910_room.html?JKSS=000040703,<li>京王相模原線「若葉台」駅 徒歩16～18分 またはバス2分 徒歩1～3分</li><li>小田急多摩線「はるひ野」駅 徒歩18～19分</li><li>小田急多摩線「黒川」駅 徒歩28～30分</li>
tokyo,nagayama,多摩ニュータウン ファインヒルいなぎ ビューコート若葉台,160500,小田急多摩線「黒川」駅,28.0,30.0,,,,稲城市若葉台4-33,4号棟,鉄筋コンクリート造,7,N,703号室,3LDK,82,8,155800,4700,2か月,"['近居割', '近居割WIDE']",随時,https://www.ur-net.go.jp/chintai/kanto/tokyo/20_5910_room.html?JKSS=000040703,<li>京王相模原線「若葉台」駅 徒歩16～18分 またはバス2分 徒歩1～3分</li><li>小田急多摩線「はるひ野」駅 徒歩18～19分</li><li>小田急多摩線「黒川」駅 徒歩28～30分</li>
tokyo,nagayama,多摩ニュータウン ファインヒルいなぎ ビューコート若葉台,160500,,,,,,,稲城市若葉台4-33,4号棟,鉄筋コンクリート造,7,N,703号室,3LDK,82,8,155800,4700,2か月,"['近居割', '近居割WIDE']",随時,https://www.ur-net.go.jp/chintai/kanto/tokyo/20_5910_room.html?JKSS=000040703,<li>京王相模原線「若葉台」駅 徒歩16～18分 またはバス2分 徒歩1～3分</li><li>小田急多摩線「はるひ野」駅 徒歩18～19分</li><li>小田急多摩線「黒川」駅 徒歩28～30分</li>
tokyo,nagayama,多摩ニュータウン ファインヒルいなぎ リベレ向陽台,132800,,,,京王相模原線「稲城」駅,8.0,11.0,稲城市向陽台5-10,7号棟,鉄筋コンクリート造,3,N,307号室,4LDK,95,6,129800,3000,2か月,"['近居割', '近居割WIDE']",随時,https://www.ur-net.go.jp/chintai/kanto/tokyo/20_4190_room.html?JKSS=510070307,<li>京王相模原線「稲城」駅バス6分 徒歩2～5分</li><li>JR南武線「南多摩」駅 徒歩20～22分</li><li>JR南武線「稲城長沼」駅 徒歩24～30分</li>
tokyo,nagayama,多摩ニュータウン ファインヒルいなぎ リベレ向陽台,132800,JR南武線「南多摩」駅,20.0,22.0,,,,稲城市向陽台5-10,7号棟,鉄筋コンクリート造,3,N,307号室,4LDK,95,6,129800,3000,2か月,"['近居割', '近居割WIDE']",随時,https://www.ur-net.go.jp/chintai/kanto/tokyo/20_4190_room.html?JKSS=510070307,<li>京王相模原線「稲城」駅バス6分 徒歩2～5分</li><li>JR南武線「南多摩」駅 徒歩20～22分</li><li>JR南武線「稲城長沼」駅 徒歩24～30分</li>
tokyo,nagayama,多摩ニュータウン ファインヒルいなぎ リベレ向陽台,132800,JR南武線「稲城長沼」駅,24.0,30.0,,,,稲城市向陽台5-10,7号棟,鉄筋コンクリート造,3,N,307号室,4LDK,95,6,129800,3000,2か月,"['近居割', '近居割WIDE']",随時,https://www.ur-net.go.jp/chintai/kanto/tokyo/20_4190_room.html?JKSS=510070307,<li>京王相模原線「稲城」駅バス6分 徒歩2～5分</li><li>JR南武線「南多摩」駅 徒歩20～22分</li><li>JR南武線「稲城長沼」駅 徒歩24～30分</li>
tokyo,nagayama,多摩ニュータウン ファインヒルいなぎ リベレ向陽台,132800,,,,,,,稲城市向陽台5-10,7号棟,鉄筋コンクリート造,3,N,307号室,4LDK,95,6,129800,3000,2か月,"['近居割', '近居割WIDE']",随時,https://www.ur-net.go.jp/chintai/kanto/tokyo/20_4190_room.html?JKSS=510070307,<li>京王相模原線「稲城」駅バス6分 徒歩2～5分</li><li>JR南武線「南多摩」駅 徒歩20～22分</li><li>JR南武線「稲城長沼」駅 徒歩24～30分</li>
kanagawa,shinyurigaoka,星が丘パークランド　ほおじろ台,123900,京王相模原線「京王稲田堤」駅,12.0,13.0,,,,川崎市多摩区菅北浦4-15,3号棟,鉄筋コンクリート造,1,N,102号室,3DK,65,5,119700,4200,2か月,['近居割'],随時,https://www.ur-net.go.jp/chintai/kanto/kanagawa/40_2650_room.html?JKSS=000030102,<li>京王相模原線「京王稲田堤」駅 徒歩12～13分</li><li>JR南武線「稲田堤」駅 徒歩14～15分</li><li>小田急小田原線「読売ランド前」駅バス10分 徒歩3分</li>
kanagawa,shinyurigaoka,星が丘パークランド　ほおじろ台,123900,JR南武線「稲田堤」駅,14.0,15.0,,,,川崎市多摩区菅北浦4-15,3号棟,鉄筋コンクリート造,1,N,102号室,3DK,65,5,119700,4200,2か月,['近居割'],随時,https://www.ur-net.go.jp/chintai/kanto/kanagawa/40_2650_room.html?JKSS=000030102,<li>京王相模原線「京王稲田堤」駅 徒歩12～13分</li><li>JR南武線「稲田堤」駅 徒歩14～15分</li><li>小田急小田原線「読売ランド前」駅バス10分 徒歩3分</li>
kanagawa,shinyurigaoka,星が丘パークランド　ほおじろ台,123900,,,,小田急小田原線「読売ランド前」駅,13.0,13.0,川崎市多摩区菅北浦4-15,3号棟,鉄筋コンクリート造,1,N,102号室,3DK,65,5,119700,4200,2か月,['近居割'],随時,https://www.ur-net.go.jp/chintai/kanto/kanagawa/40_2650_room.html?JKSS=000030102,<li>京王相模原線「京王稲田堤」駅 徒歩12～13分</li><li>JR南武線「稲田堤」駅 徒歩14～15分</li><li>小田急小田原線「読売ランド前」駅バス10分 徒歩3分</li>
kanagawa,shinyurigaoka,星が丘パークランド　ほおじろ台,123900,,,,,,,川崎市多摩区菅北浦4-15,3号棟,鉄筋コンクリート造,1,N,102号室,3DK,65,5,119700,4200,2か月,['近居割'],随時,https://www.ur-net.go.jp/chintai/kanto/kanagawa/40_2650_room.html?JKSS=000030102,<li>京王相模原線「京王稲田堤」駅 徒歩12～13分</li><li>JR南武線「稲田堤」駅 徒歩14～15分</li><li>小田急小田原線「読売ランド前」駅バス10分 徒歩3分</li>
kanagawa,hiyoshi,シティコート元住吉,152700,東急東横線「元住吉」駅,17.0,18.0,,,,川崎市中原区木月4-49-1ほか,1号棟,鉄筋コンクリート造,3,N,305号室,2LDK,65,5,150400,2300,2か月,['近居割'],随時,https://www.ur-net.go.jp/chintai/kanto/kanagawa/40_3410_room.html?JKSS=000010305,<li>東急東横線「元住吉」駅 徒歩17～18分</li><li>東急東横線「日吉」駅 徒歩18分</li><li>JR南武線「平間」駅 徒歩21分</li>
kanagawa,hiyoshi,シティコート元住吉,152700,東急東横線「日吉」駅,18.0,18.0,,,,川崎市中原区木月4-49-1ほか,1号棟,鉄筋コンクリート造,3,N,305号室,2LDK,65,5,150400,2300,2か月,['近居割'],随時,https://www.ur-net.go.jp/chintai/kanto/kanagawa/40_3410_room.html?JKSS=000010305,<li>東急東横線「元住吉」駅 徒歩17～18分</li><li>東急東横線「日吉」駅 徒歩18分</li><li>JR南武線「平間」駅 徒歩21分</li>
kanagawa,hiyoshi,シティコート元住吉,152700,JR南武線「平間」駅,21.0,21.0,,,,川崎市中原区木月4-49-1ほか,1号棟,鉄筋コンクリート造,3,N,305号室,2LDK,65,5,150400,2300,2か月,['近居割'],随時,https://www.ur-net.go.jp/chintai/kanto/kanagawa/40_3410_room.html?JKSS=000010305,<li>東急東横線「元住吉」駅 徒歩17～18分</li><li>東急東横線「日吉」駅 徒歩18分</li><li>JR南武線「平間」駅 徒歩21分</li>
kanagawa,hiyoshi,シティコート元住吉,152700,,,,,,,川崎市中原区木月4-49-1ほか,1号棟,鉄筋コンクリート造,3,N,305号室,2LDK,65,5,150400,2300,2か月,['近居割'],随時,https://www.ur-net.go.jp/chintai/kanto/kanagawa/40_3410_room.html?JKSS=000010305,<li>東急東横線「元住吉」駅 徒歩17～18分</li><li>東急東横線「日吉」駅 徒歩18分</li><li>JR南武線「平間」駅 徒歩21分</li>
kanagawa,shinyurigaoka,アーバンハイツ菅生ヶ丘,99700,,,,小田急小田原線「生田」駅,15.0,15.0,川崎市宮前区菅生ケ丘34-1ほか,,鉄筋コンクリート造,3,N,307号室,1LDK,55,6,92300,7400,2か月,['近居割'],随時,https://www.ur-net.go.jp/chintai/kanto/kanagawa/40_3220_room.html?JKSS=000000307,<li>小田急小田原線「生田」駅バス11分 徒歩4分</li><li>東急田園都市線「溝の口」駅バス21分 徒歩4分</li>
kanagawa,shinyurigaoka,アーバンハイツ菅生ヶ丘,99700,,,,東急田園都市線「溝の口」駅,25.0,25.0,川崎市宮前区菅生ケ丘34-1ほか,,鉄筋コンクリート造,3,N,307号室,1LDK,55,6,92300,7400,2か月,['近居割'],随時,https://www.ur-net.go.jp/chintai/kanto/kanagawa/40_3220_room.html?JKSS=000000307,<li>小田急小田原線「生田」駅バス11分 徒歩4分</li><li>東急田園都市線「溝の口」駅バス21分 徒歩4分</li>
kanagawa,shinyurigaoka,アーバンハイツ菅生ヶ丘,99700,,,,,,,川崎市宮前区菅生ケ丘34-1ほか,,鉄筋コンクリート造,3,N,307号室,1LDK,55,6,92300,7400,2か月,['近居割'],随時,https://www.ur-net.go.jp/chintai/kanto/kanagawa/40_3220_room.html?JKSS=000000307,<li>小田急小田原線「生田」駅バス11分 徒歩4分</li><li>東急田園都市線「溝の口」駅バス21分 徒歩4分</li>
kanagawa,shinyurigaoka,アーバンハイツ菅生ヶ丘,103300,,,,小田急小田原線「生田」駅,15.0,15.0,川崎市宮前区菅生ケ丘34-1ほか,,鉄筋コンクリート造,1,N,103号室,2LDK,68,6,95900,7400,2か月,['近居割'],随時,https://www.ur-net.go.jp/chintai/kanto/kanagawa/40_3220_room.html?JKSS=000000103,<li>小田急小田原線「生田」駅バス11分 徒歩4分</li><li>東急田園都市線「溝の口」駅バス21分 徒歩4分</li>
kanagawa,shinyurigaoka,アーバンハイツ菅生ヶ丘,103300,,,,東急田園都市線「溝の口」駅,25.0,25.0,川崎市宮前区菅生ケ丘34-1ほか,,鉄筋コンクリート造,1,N,103号室,2LDK,68,6,95900,7400,2か月,['近居割'],随時,https://www.ur-net.go.jp/chintai/kanto/kanagawa/40_3220_room.html?JKSS=000000103,<li>小田急小田原線「生田」駅バス11分 徒歩4分</li><li>東急田園都市線「溝の口」駅バス21分 徒歩4分</li>
kanagawa,shinyurigaoka,アーバンハイツ菅生ヶ丘,103300,,,,,,,川崎市宮前区菅生ケ丘34-1ほか,,鉄筋コンクリート造,1,N,103号室,2LDK,68,6,95900,7400,2か月,['近居割'],随時,https://www.ur-net.go.jp/chintai/kanto/kanagawa/40_3220_room.html?JKSS=000000103,<li>小田急小田原線「生田」駅バス11分 徒歩4分</li><li>東急田園都市線「溝の口」駅バス21分 徒歩4分</li>
kanagawa,shinyurigaoka,アーバンハイツ菅生ヶ丘,109600,,,,小田急小田原線「生田」駅,15.0,15.0,川崎市宮前区菅生ケ丘34-1ほか,,鉄筋コンクリート造,4,N,401号室,1LDK,61,6,102200,7400,2か月,['近居割'],随時,https://www.ur-net.go.jp/chintai/kanto/kanagawa/40_3220_room.html?JKSS=000000401,<li>小田急小田原線「生田」駅バス11分 徒歩4分</li><li>東急田園都市線「溝の口」駅バス21分 徒歩4分</li>
kanagawa,shinyurigaoka,アーバンハイツ菅生ヶ丘,109600,,,,東急田園都市線「溝の口」駅,25.0,25.0,川崎市宮前区菅生ケ丘34-1ほか,,鉄筋コンクリート造,4,N,401号室,1LDK,61,6,102200,7400,2か月,['近居割'],随時,https://www.ur-net.go.jp/chintai/kanto/kanagawa/40_3220_room.html?JKSS=000000401,<li>小田急小田原線「生田」駅バス11分 徒歩4分</li><li>東急田園都市線「溝の口」駅バス21分 徒歩4分</li>
kanagawa,shinyurigaoka,アーバンハイツ菅生ヶ丘,109600,,,,,,,川崎市宮前区菅生ケ丘34-1ほか,,鉄筋コンクリート造,4,N,401号室,1LDK,61,6,102200,7400,2か月,['近居割'],随時,https://www.ur-net.go.jp/chintai/kanto/kanagawa/40_3220_room.html?JKSS=000000401,<li>小田急小田原線「生田」駅バス11分 徒歩4分</li><li>東急田園都市線「溝の口」駅バス21分 徒歩4分</li>
kanagawa,shinyurigaoka,アーバンハイツ菅生ヶ丘,110700,,,,小田急小田原線「生田」駅,15.0,15.0,川崎市宮前区菅生ケ丘34-1ほか,,鉄筋コンクリート造,4,N,405号室,2LDK,68,6,103300,7400,2か月,['近居割'],随時,https://www.ur-net.go.jp/chintai/kanto/kanagawa/40_3220_room.html?JKSS=000000405,<li>小田急小田原線「生田」駅バス11分 徒歩4分</li><li>東急田園都市線「溝の口」駅バス21分 徒歩4分</li>
kanagawa,shinyurigaoka,アーバンハイツ菅生ヶ丘,110700,,,,東急田園都市線「溝の口」駅,25.0,25.0,川崎市宮前区菅生ケ丘34-1ほか,,鉄筋コンクリート造,4,N,405号室,2LDK,68,6,103300,7400,2か月,['近居割'],随時,https://www.ur-net.go.jp/chintai/kanto/kanagawa/40_3220_room.html?JKSS=000000405,<li>小田急小田原線「生田」駅バス11分 徒歩4分</li><li>東急田園都市線「溝の口」駅バス21分 徒歩4分</li>
kanagawa,shinyurigaoka,アーバンハイツ菅生ヶ丘,110700,,,,,,,川崎市宮前区菅生ケ丘34-1ほか,,鉄筋コンクリート造,4,N,405号室,2LDK,68,6,103300,7400,2か月,['近居割'],随時,https://www.ur-net.go.jp/chintai/kanto/kanagawa/40_3220_room.html?JKSS=000000405,<li>小田急小田原線「生田」駅バス11分 徒歩4分</li><li>東急田園都市線「溝の口」駅バス21分 徒歩4分</li>
kanagawa,shinyurigaoka,コンフォール生田菅生ヶ丘,156100,,,,小田急小田原線「生田」駅,17.0,18.0,川崎市宮前区菅生ケ丘24,3号棟,鉄筋コンクリート造,2,N,201号室,4LDK,92,3,145300,10800,2か月,['近居割'],随時,https://www.ur-net.go.jp/chintai/kanto/kanagawa/40_3700_room.html?JKSS=000030201,<li>小田急小田原線「生田」駅バス11分 徒歩6～7分</li><li>東急田園都市線「溝の口」駅バス21分 徒歩3～4分</li><li>東急田園都市線「たまプラーザ」駅バス9分 徒歩7～8分</li>
kanagawa,shinyurigaoka,コンフォール生田菅生ヶ丘,156100,,,,東急田園都市線「溝の口」駅,24.0,25.0,川崎市宮前区菅生ケ丘24,3号棟,鉄筋コンクリート造,2,N,201号室,4LDK,92,3,145300,10800,2か月,['近居割'],随時,https://www.ur-net.go.jp/chintai/kanto/kanagawa/40_3700_room.html?JKSS=000030201,<li>小田急小田原線「生田」駅バス11分 徒歩6～7分</li><li>東急田園都市線「溝の口」駅バス21分 徒歩3～4分</li><li>東急田園都市線「たまプラーザ」駅バス9分 徒歩7～8分</li>
kanagawa,shinyurigaoka,コンフォール生田菅生ヶ丘,156100,,,,東急田園都市線「たまプラーザ」駅,16.0,17.0,川崎市宮前区菅生ケ丘24,3号棟,鉄筋コンクリート造,2,N,201号室,4LDK,92,3,145300,10800,2か月,['近居割'],随時,https://www.ur-net.go.jp/chintai/kanto/kanagawa/40_3700_room.html?JKSS=000030201,<li>小田急小田原線「生田」駅バス11分 徒歩6～7分</li><li>東急田園都市線「溝の口」駅バス21分 徒歩3～4分</li><li>東急田園都市線「たまプラーザ」駅バス9分 徒歩7～8分</li>
kanagawa,shinyurigaoka,コンフォール生田菅生ヶ丘,156100,,,,,,,川崎市宮前区菅生ケ丘24,3号棟,鉄筋コンクリート造,2,N,201号室,4LDK,92,3,145300,10800,2か月,['近居割'],随時,https://www.ur-net.go.jp/chintai/kanto/kanagawa/40_3700_room.html?JKSS=000030201,<li>小田急小田原線「生田」駅バス11分 徒歩6～7分</li><li>東急田園都市線「溝の口」駅バス21分 徒歩3～4分</li><li>東急田園都市線「たまプラーザ」駅バス9分 徒歩7～8分</li>
kanagawa,hiyoshi,サンヴァリエ日吉,158100,東急東横線「日吉」駅,19.0,23.0,東急東横線「日吉」駅,15.0,18.0,横浜市港北区下田町4-1ほか,13号棟,鉄筋コンクリート造,7,N,707号室,2LDK,62,7,153700,4400,2か月,['近居割'],随時,https://www.ur-net.go.jp/chintai/kanto/kanagawa/40_3290_room.html?JKSS=000130707,<li>東急東横線「日吉」駅 徒歩19～23分</li><li>東急東横線「日吉」駅バス14分 徒歩1～4分</li><li>横浜市営地下鉄グリーンライン「日吉本町」駅 徒歩13～16分</li>
kanagawa,hiyoshi,サンヴァリエ日吉,158100,横浜市営地下鉄グリーンライン「日吉本町」駅,13.0,16.0,,,,横浜市港北区下田町4-1ほか,13号棟,鉄筋コンクリート造,7,N,707号室,2LDK,62,7,153700,4400,2か月,['近居割'],随時,https://www.ur-net.go.jp/chintai/kanto/kanagawa/40_3290_room.html?JKSS=000130707,<li>東急東横線「日吉」駅 徒歩19～23分</li><li>東急東横線「日吉」駅バス14分 徒歩1～4分</li><li>横浜市営地下鉄グリーンライン「日吉本町」駅 徒歩13～16分</li>
kanagawa,hiyoshi,サンヴァリエ日吉,158100,,,,,,,横浜市港北区下田町4-1ほか,13号棟,鉄筋コンクリート造,7,N,707号室,2LDK,62,7,153700,4400,2か月,['近居割'],随時,https://www.ur-net.go.jp/chintai/kanto/kanagawa/40_3290_room.html?JKSS=000130707,<li>東急東横線「日吉」駅 徒歩19～23分</li><li>東急東横線「日吉」駅バス14分 徒歩1～4分</li><li>横浜市営地下鉄グリーンライン「日吉本町」駅 徒歩13～16分</li>
kanagawa,hiyoshi,サンヴァリエ日吉,169100,東急東横線「日吉」駅,19.0,23.0,東急東横線「日吉」駅,15.0,18.0,横浜市港北区下田町4-1ほか,12号棟,鉄筋コンクリート造,7,N,716号室,3DK,68,8,164700,4400,2か月,['近居割'],随時,https://www.ur-net.go.jp/chintai/kanto/kanagawa/40_3290_room.html?JKSS=000120716,<li>東急東横線「日吉」駅 徒歩19～23分</li><li>東急東横線「日吉」駅バス14分 徒歩1～4分</li><li>横浜市営地下鉄グリーンライン「日吉本町」駅 徒歩13～16分</li>
kanagawa,hiyoshi,サンヴァリエ日吉,169100,横浜市営地下鉄グリーンライン「日吉本町」駅,13.0,16.0,,,,横浜市港北区下田町4-1ほか,12号棟,鉄筋コンクリート造,7,N,716号室,3DK,68,8,164700,4400,2か月,['近居割'],随時,https://www.ur-net.go.jp/chintai/kanto/kanagawa/40_3290_room.html?JKSS=000120716,<li>東急東横線「日吉」駅 徒歩19～23分</li><li>東急東横線「日吉」駅バス14分 徒歩1～4分</li><li>横浜市営地下鉄グリーンライン「日吉本町」駅 徒歩13～16分</li>
kanagawa,hiyoshi,サンヴァリエ日吉,169100,,,,,,,横浜市港北区下田町4-1ほか,12号棟,鉄筋コンクリート造,7,N,716号室,3DK,68,8,164700,4400,2か月,['近居割'],随時,https://www.ur-net.go.jp/chintai/kanto/kanagawa/40_3290_room.html?JKSS=000120716,<li>東急東横線「日吉」駅 徒歩19～23分</li><li>東急東横線「日吉」駅バス14分 徒歩1～4分</li><li>横浜市営地下鉄グリーンライン「日吉本町」駅 徒歩13～16分</li>
kanagawa,hiyoshi,サンヴァリエ日吉,178100,東急東横線「日吉」駅,19.0,23.0,東急東横線「日吉」駅,15.0,18.0,横浜市港北区下田町4-1ほか,2号棟,鉄筋コンクリート造,3,N,308号室,3LDK,71,5,173700,4400,2か月,['近居割'],随時,https://www.ur-net.go.jp/chintai/kanto/kanagawa/40_3290_room.html?JKSS=000020308,<li>東急東横線「日吉」駅 徒歩19～23分</li><li>東急東横線「日吉」駅バス14分 徒歩1～4分</li><li>横浜市営地下鉄グリーンライン「日吉本町」駅 徒歩13～16分</li>
kanagawa,hiyoshi,サンヴァリエ日吉,178100,横浜市営地下鉄グリーンライン「日吉本町」駅,13.0,16.0,,,,横浜市港北区下田町4-1ほか,2号棟,鉄筋コンクリート造,3,N,308号室,3LDK,71,5,173700,4400,2か月,['近居割'],随時,https://www.ur-net.go.jp/chintai/kanto/kanagawa/40_3290_room.html?JKSS=000020308,<li>東急東横線「日吉」駅 徒歩19～23分</li><li>東急東横線「日吉」駅バス14分 徒歩1～4分</li><li>横浜市営地下鉄グリーンライン「日吉本町」駅 徒歩13～16分</li>
kanagawa,hiyoshi,サンヴァリエ日吉,178100,,,,,,,横浜市港北区下田町4-1ほか,2号棟,鉄筋コンクリート造,3,N,308号室,3LDK,71,5,173700,4400,2か月,['近居割'],随時,https://www.ur-net.go.jp/chintai/kanto/kanagawa/40_3290_room.html?JKSS=000020308,<li>東急東横線「日吉」駅 徒歩19～23分</li><li>東急東横線「日吉」駅バス14分 徒歩1～4分</li><li>横浜市営地下鉄グリーンライン「日吉本町」駅 徒歩13～16分</li>
kanagawa,hiyoshi,サンヴァリエ日吉,178100,東急東横線「日吉」駅,19.0,23.0,東急東横線「日吉」駅,15.0,18.0,横浜市港北区下田町4-1ほか,2号棟,鉄筋コンクリート造,4,N,408号室,3LDK,71,5,173700,4400,2か月,['近居割'],随時,https://www.ur-net.go.jp/chintai/kanto/kanagawa/40_3290_room.html?JKSS=000020408,<li>東急東横線「日吉」駅 徒歩19～23分</li><li>東急東横線「日吉」駅バス14分 徒歩1～4分</li><li>横浜市営地下鉄グリーンライン「日吉本町」駅 徒歩13～16分</li>
kanagawa,hiyoshi,サンヴァリエ日吉,178100,横浜市営地下鉄グリーンライン「日吉本町」駅,13.0,16.0,,,,横浜市港北区下田町4-1ほか,2号棟,鉄筋コンクリート造,4,N,408号室,3LDK,71,5,173700,4400,2か月,['近居割'],随時,https://www.ur-net.go.jp/chintai/kanto/kanagawa/40_3290_room.html?JKSS=000020408,<li>東急東横線「日吉」駅 徒歩19～23分</li><li>東急東横線「日吉」駅バス14分 徒歩1～4分</li><li>横浜市営地下鉄グリーンライン「日吉本町」駅 徒歩13～16分</li>
kanagawa,hiyoshi,サンヴァリエ日吉,178100,,,,,,,横浜市港北区下田町4-1ほか,2号棟,鉄筋コンクリート造,4,N,408号室,3LDK,71,5,173700,4400,2か月,['近居割'],随時,https://www.ur-net.go.jp/chintai/kanto/kanagawa/40_3290_room.html?JKSS=000020408,<li>東急東横線「日吉」駅 徒歩19～23分</li><li>東急東横線「日吉」駅バス14分 徒歩1～4分</li><li>横浜市営地下鉄グリーンライン「日吉本町」駅 徒歩13～16分</li>
kanagawa,kohoku,霧が丘グリーンタウン,95800,,,,JR横浜線「十日市場」駅,9.0,13.0,横浜市緑区霧が丘3-22-5ほか,22-10号棟,鉄筋コンクリート造,4,N,402号室,2LDK,67,5,90800,5000,2か月,['近居割'],随時,https://www.ur-net.go.jp/chintai/kanto/kanagawa/40_2030_room.html?JKSS=022100402,<li>JR横浜線「十日市場」駅バス7分 徒歩2～6分</li><li>東急田園都市線「青葉台」駅バス19分 徒歩2～6分</li><li>JR横浜線「長津田」駅バス11分 徒歩6～13分</li>
kanagawa,kohoku,霧が丘グリーンタウン,95800,,,,東急田園都市線「青葉台」駅,21.0,25.0,横浜市緑区霧が丘3-22-5ほか,22-10号棟,鉄筋コンクリート造,4,N,402号室,2LDK,67,5,90800,5000,2か月,['近居割'],随時,https://www.ur-net.go.jp/chintai/kanto/kanagawa/40_2030_room.html?JKSS=022100402,<li>JR横浜線「十日市場」駅バス7分 徒歩2～6分</li><li>東急田園都市線「青葉台」駅バス19分 徒歩2～6分</li><li>JR横浜線「長津田」駅バス11分 徒歩6～13分</li>
kanagawa,kohoku,霧が丘グリーンタウン,95800,,,,JR横浜線「長津田」駅,17.0,24.0,横浜市緑区霧が丘3-22-5ほか,22-10号棟,鉄筋コンクリート造,4,N,402号室,2LDK,67,5,90800,5000,2か月,['近居割'],随時,https://www.ur-net.go.jp/chintai/kanto/kanagawa/40_2030_room.html?JKSS=022100402,<li>JR横浜線「十日市場」駅バス7分 徒歩2～6分</li><li>東急田園都市線「青葉台」駅バス19分 徒歩2～6分</li><li>JR横浜線「長津田」駅バス11分 徒歩6～13分</li>
kanagawa,kohoku,霧が丘グリーンタウン,95800,,,,,,,横浜市緑区霧が丘3-22-5ほか,22-10号棟,鉄筋コンクリート造,4,N,402号室,2LDK,67,5,90800,5000,2か月,['近居割'],随時,https://www.ur-net.go.jp/chintai/kanto/kanagawa/40_2030_room.html?JKSS=022100402,<li>JR横浜線「十日市場」駅バス7分 徒歩2～6分</li><li>東急田園都市線「青葉台」駅バス19分 徒歩2～6分</li><li>JR横浜線「長津田」駅バス11分 徒歩6～13分</li>
kanagawa,kohoku,霧が丘グリーンタウン,100000,,,,JR横浜線「十日市場」駅,9.0,13.0,横浜市緑区霧が丘3-22-5ほか,22-9号棟,鉄筋コンクリート造,3,N,305号室,2DK,66,5,95000,5000,2か月,['近居割'],随時,https://www.ur-net.go.jp/chintai/kanto/kanagawa/40_2030_room.html?JKSS=022090305,<li>JR横浜線「十日市場」駅バス7分 徒歩2～6分</li><li>東急田園都市線「青葉台」駅バス19分 徒歩2～6分</li><li>JR横浜線「長津田」駅バス11分 徒歩6～13分</li>
kanagawa,kohoku,霧が丘グリーンタウン,100000,,,,東急田園都市線「青葉台」駅,21.0,25.0,横浜市緑区霧が丘3-22-5ほか,22-9号棟,鉄筋コンクリート造,3,N,305号室,2DK,66,5,95000,5000,2か月,['近居割'],随時,https://www.ur-net.go.jp/chintai/kanto/kanagawa/40_2030_room.html?JKSS=022090305,<li>JR横浜線「十日市場」駅バス7分 徒歩2～6分</li><li>東急田園都市線「青葉台」駅バス19分 徒歩2～6分</li><li>JR横浜線「長津田」駅バス11分 徒歩6～13分</li>
kanagawa,kohoku,霧が丘グリーンタウン,100000,,,,JR横浜線「長津田」駅,17.0,24.0,横浜市緑区霧が丘3-22-5ほか,22-9号棟,鉄筋コンクリート造,3,N,305号室,2DK,66,5,95000,5000,2か月,['近居割'],随時,https://www.ur-net.go.jp/chintai/kanto/kanagawa/40_2030_room.html?JKSS=022090305,<li>JR横浜線「十日市場」駅バス7分 徒歩2～6分</li><li>東急田園都市線「青葉台」駅バス19分 徒歩2～6分</li><li>JR横浜線「長津田」駅バス11分 徒歩6～13分</li>
kanagawa,kohoku,霧が丘グリーンタウン,100000,,,,,,,横浜市緑区霧が丘3-22-5ほか,22-9号棟,鉄筋コンクリート造,3,N,305号室,2DK,66,5,95000,5000,2か月,['近居割'],随時,https://www.ur-net.go.jp/chintai/kanto/kanagawa/40_2030_room.html?JKSS=022090305,<li>JR横浜線「十日市場」駅バス7分 徒歩2～6分</li><li>東急田園都市線「青葉台」駅バス19分 徒歩2～6分</li><li>JR横浜線「長津田」駅バス11分 徒歩6～13分</li>
kanagawa,kohoku,霧が丘グリーンタウン,111800,,,,JR横浜線「十日市場」駅,9.0,13.0,横浜市緑区霧が丘3-22-5ほか,24-5号棟,鉄筋コンクリート造,5,N,502号室,3LDK,84,5,106800,5000,2か月,['近居割'],随時,https://www.ur-net.go.jp/chintai/kanto/kanagawa/40_2030_room.html?JKSS=024050502,<li>JR横浜線「十日市場」駅バス7分 徒歩2～6分</li><li>東急田園都市線「青葉台」駅バス19分 徒歩2～6分</li><li>JR横浜線「長津田」駅バス11分 徒歩6～13分</li>
kanagawa,kohoku,霧が丘グリーンタウン,111800,,,,東急田園都市線「青葉台」駅,21.0,25.0,横浜市緑区霧が丘3-22-5ほか,24-5号棟,鉄筋コンクリート造,5,N,502号室,3LDK,84,5,106800,5000,2か月,['近居割'],随時,https://www.ur-net.go.jp/chintai/kanto/kanagawa/40_2030_room.html?JKSS=024050502,<li>JR横浜線「十日市場」駅バス7分 徒歩2～6分</li><li>東急田園都市線「青葉台」駅バス19分 徒歩2～6分</li><li>JR横浜線「長津田」駅バス11分 徒歩6～13分</li>
kanagawa,kohoku,霧が丘グリーンタウン,111800,,,,JR横浜線「長津田」駅,17.0,24.0,横浜市緑区霧が丘3-22-5ほか,24-5号棟,鉄筋コンクリート造,5,N,502号室,3LDK,84,5,106800,5000,2か月,['近居割'],随時,https://www.ur-net.go.jp/chintai/kanto/kanagawa/40_2030_room.html?JKSS=024050502,<li>JR横浜線「十日市場」駅バス7分 徒歩2～6分</li><li>東急田園都市線「青葉台」駅バス19分 徒歩2～6分</li><li>JR横浜線「長津田」駅バス11分 徒歩6～13分</li>
kanagawa,kohoku,霧が丘グリーンタウン,111800,,,,,,,横浜市緑区霧が丘3-22-5ほか,24-5号棟,鉄筋コンクリート造,5,N,502号室,3LDK,84,5,106800,5000,2か月,['近居割'],随時,https://www.ur-net.go.jp/chintai/kanto/kanagawa/40_2030_room.html?JKSS=024050502,<li>JR横浜線「十日市場」駅バス7分 徒歩2～6分</li><li>東急田園都市線「青葉台」駅バス19分 徒歩2～6分</li><li>JR横浜線「長津田」駅バス11分 徒歩6～13分</li>
kanagawa,kohoku,霧が丘グリーンタウン,113600,,,,JR横浜線「十日市場」駅,9.0,13.0,横浜市緑区霧が丘3-22-5ほか,24-7号棟,鉄筋コンクリート造,5,N,501号室,3LDK,84,5,108600,5000,2か月,['近居割'],随時,https://www.ur-net.go.jp/chintai/kanto/kanagawa/40_2030_room.html?JKSS=024070501,<li>JR横浜線「十日市場」駅バス7分 徒歩2～6分</li><li>東急田園都市線「青葉台」駅バス19分 徒歩2～6分</li><li>JR横浜線「長津田」駅バス11分 徒歩6～13分</li>
kanagawa,kohoku,霧が丘グリーンタウン,113600,,,,東急田園都市線「青葉台」駅,21.0,25.0,横浜市緑区霧が丘3-22-5ほか,24-7号棟,鉄筋コンクリート造,5,N,501号室,3LDK,84,5,108600,5000,2か月,['近居割'],随時,https://www.ur-net.go.jp/chintai/kanto/kanagawa/40_2030_room.html?JKSS=024070501,<li>JR横浜線「十日市場」駅バス7分 徒歩2～6分</li><li>東急田園都市線「青葉台」駅バス19分 徒歩2～6分</li><li>JR横浜線「長津田」駅バス11分 徒歩6～13分</li>
kanagawa,kohoku,霧が丘グリーンタウン,113600,,,,JR横浜線「長津田」駅,17.0,24.0,横浜市緑区霧が丘3-22-5ほか,24-7号棟,鉄筋コンクリート造,5,N,501号室,3LDK,84,5,108600,5000,2か月,['近居割'],随時,https://www.ur-net.go.jp/chintai/kanto/kanagawa/40_2030_room.html?JKSS=024070501,<li>JR横浜線「十日市場」駅バス7分 徒歩2～6分</li><li>東急田園都市線「青葉台」駅バス19分 徒歩2～6分</li><li>JR横浜線「長津田」駅バス11分 徒歩6～13分</li>
kanagawa,kohoku,霧が丘グリーンタウン,113600,,,,,,,横浜市緑区霧が丘3-22-5ほか,24-7号棟,鉄筋コンクリート造,5,N,501号室,3LDK,84,5,108600,5000,2か月,['近居割'],随時,https://www.ur-net.go.jp/chintai/kanto/kanagawa/40_2030_room.html?JKSS=024070501,<li>JR横浜線「十日市場」駅バス7分 徒歩2～6分</li><li>東急田園都市線「青葉台」駅バス19分 徒歩2～6分</li><li>JR横浜線「長津田」駅バス11分 徒歩6～13分</li>
kanagawa,kohoku,霧が丘グリーンタウン,114400,,,,JR横浜線「十日市場」駅,9.0,13.0,横浜市緑区霧が丘3-22-5ほか,24-5号棟,鉄筋コンクリート造,4,N,407号室,3LDK,84,5,109400,5000,2か月,['近居割'],随時,https://www.ur-net.go.jp/chintai/kanto/kanagawa/40_2030_room.html?JKSS=024050407,<li>JR横浜線「十日市場」駅バス7分 徒歩2～6分</li><li>東急田園都市線「青葉台」駅バス19分 徒歩2～6分</li><li>JR横浜線「長津田」駅バス11分 徒歩6～13分</li>
kanagawa,kohoku,霧が丘グリーンタウン,114400,,,,東急田園都市線「青葉台」駅,21.0,25.0,横浜市緑区霧が丘3-22-5ほか,24-5号棟,鉄筋コンクリート造,4,N,407号室,3LDK,84,5,109400,5000,2か月,['近居割'],随時,https://www.ur-net.go.jp/chintai/kanto/kanagawa/40_2030_room.html?JKSS=024050407,<li>JR横浜線「十日市場」駅バス7分 徒歩2～6分</li><li>東急田園都市線「青葉台」駅バス19分 徒歩2～6分</li><li>JR横浜線「長津田」駅バス11分 徒歩6～13分</li>
kanagawa,kohoku,霧が丘グリーンタウン,114400,,,,JR横浜線「長津田」駅,17.0,24.0,横浜市緑区霧が丘3-22-5ほか,24-5号棟,鉄筋コンクリート造,4,N,407号室,3LDK,84,5,109400,5000,2か月,['近居割'],随時,https://www.ur-net.go.jp/chintai/kanto/kanagawa/40_2030_room.html?JKSS=024050407,<li>JR横浜線「十日市場」駅バス7分 徒歩2～6分</li><li>東急田園都市線「青葉台」駅バス19分 徒歩2～6分</li><li>JR横浜線「長津田」駅バス11分 徒歩6～13分</li>
kanagawa,kohoku,霧が丘グリーンタウン,114400,,,,,,,横浜市緑区霧が丘3-22-5ほか,24-5号棟,鉄筋コンクリート造,4,N,407号室,3LDK,84,5,109400,5000,2か月,['近居割'],随時,https://www.ur-net.go.jp/chintai/kanto/kanagawa/40_2030_room.html?JKSS=024050407,<li>JR横浜線「十日市場」駅バス7分 徒歩2～6分</li><li>東急田園都市線「青葉台」駅バス19分 徒歩2～6分</li><li>JR横浜線「長津田」駅バス11分 徒歩6～13分</li>
kanagawa,shinyurigaoka,奈良北,82500,,,,小田急小田原線「鶴川」駅,15.0,20.0,横浜市青葉区奈良町2913,8号棟,鉄筋コンクリート造、鉄骨鉄筋コンクリート造,4,N,406号室,2LDK,52,5,79600,2900,2か月,"['近居割', '近居割WIDE']",随時,https://www.ur-net.go.jp/chintai/kanto/kanagawa/40_1410_room.html?JKSS=000080406,<li>小田急小田原線「鶴川」駅バス13分 徒歩2～7分</li><li>小田急小田原線「玉川学園前」駅 徒歩15～21分</li><li>東急田園都市線「青葉台」駅バス16～17分 徒歩1～7分</li>
kanagawa,shinyurigaoka,奈良北,82500,小田急小田原線「玉川学園前」駅,15.0,21.0,,,,横浜市青葉区奈良町2913,8号棟,鉄筋コンクリート造、鉄骨鉄筋コンクリート造,4,N,406号室,2LDK,52,5,79600,2900,2か月,"['近居割', '近居割WIDE']",随時,https://www.ur-net.go.jp/chintai/kanto/kanagawa/40_1410_room.html?JKSS=000080406,<li>小田急小田原線「鶴川」駅バス13分 徒歩2～7分</li><li>小田急小田原線「玉川学園前」駅 徒歩15～21分</li><li>東急田園都市線「青葉台」駅バス16～17分 徒歩1～7分</li>
kanagawa,shinyurigaoka,奈良北,82500,,,,東急田園都市線「青葉台」駅,17.0,24.0,横浜市青葉区奈良町2913,8号棟,鉄筋コンクリート造、鉄骨鉄筋コンクリート造,4,N,406号室,2LDK,52,5,79600,2900,2か月,"['近居割', '近居割WIDE']",随時,https://www.ur-net.go.jp/chintai/kanto/kanagawa/40_1410_room.html?JKSS=000080406,<li>小田急小田原線「鶴川」駅バス13分 徒歩2～7分</li><li>小田急小田原線「玉川学園前」駅 徒歩15～21分</li><li>東急田園都市線「青葉台」駅バス16～17分 徒歩1～7分</li>
kanagawa,shinyurigaoka,奈良北,82500,,,,,,,横浜市青葉区奈良町2913,8号棟,鉄筋コンクリート造、鉄骨鉄筋コンクリート造,4,N,406号室,2LDK,52,5,79600,2900,2か月,"['近居割', '近居割WIDE']",随時,https://www.ur-net.go.jp/chintai/kanto/kanagawa/40_1410_room.html?JKSS=000080406,<li>小田急小田原線「鶴川」駅バス13分 徒歩2～7分</li><li>小田急小田原線「玉川学園前」駅 徒歩15～21分</li><li>東急田園都市線「青葉台」駅バス16～17分 徒歩1～7分</li>
kanagawa,shinyurigaoka,奈良北,84800,,,,小田急小田原線「鶴川」駅,15.0,20.0,横浜市青葉区奈良町2913,9号棟,鉄筋コンクリート造、鉄骨鉄筋コンクリート造,3,N,304号室,3DK,52,5,81900,2900,2か月,"['近居割', '近居割WIDE']",随時,https://www.ur-net.go.jp/chintai/kanto/kanagawa/40_1410_room.html?JKSS=000090304,<li>小田急小田原線「鶴川」駅バス13分 徒歩2～7分</li><li>小田急小田原線「玉川学園前」駅 徒歩15～21分</li><li>東急田園都市線「青葉台」駅バス16～17分 徒歩1～7分</li>
kanagawa,shinyurigaoka,奈良北,84800,小田急小田原線「玉川学園前」駅,15.0,21.0,,,,横浜市青葉区奈良町2913,9号棟,鉄筋コンクリート造、鉄骨鉄筋コンクリート造,3,N,304号室,3DK,52,5,81900,2900,2か月,"['近居割', '近居割WIDE']",随時,https://www.ur-net.go.jp/chintai/kanto/kanagawa/40_1410_room.html?JKSS=000090304,<li>小田急小田原線「鶴川」駅バス13分 徒歩2～7分</li><li>小田急小田原線「玉川学園前」駅 徒歩15～21分</li><li>東急田園都市線「青葉台」駅バス16～17分 徒歩1～7分</li>
kanagawa,shinyurigaoka,奈良北,84800,,,,東急田園都市線「青葉台」駅,17.0,24.0,横浜市青葉区奈良町2913,9号棟,鉄筋コンクリート造、鉄骨鉄筋コンクリート造,3,N,304号室,3DK,52,5,81900,2900,2か月,"['近居割', '近居割WIDE']",随時,https://www.ur-net.go.jp/chintai/kanto/kanagawa/40_1410_room.html?JKSS=000090304,<li>小田急小田原線「鶴川」駅バス13分 徒歩2～7分</li><li>小田急小田原線「玉川学園前」駅 徒歩15～21分</li><li>東急田園都市線「青葉台」駅バス16～17分 徒歩1～7分</li>
kanagawa,shinyurigaoka,奈良北,84800,,,,,,,横浜市青葉区奈良町2913,9号棟,鉄筋コンクリート造、鉄骨鉄筋コンクリート造,3,N,304号室,3DK,52,5,81900,2900,2か月,"['近居割', '近居割WIDE']",随時,https://www.ur-net.go.jp/chintai/kanto/kanagawa/40_1410_room.html?JKSS=000090304,<li>小田急小田原線「鶴川」駅バス13分 徒歩2～7分</li><li>小田急小田原線「玉川学園前」駅 徒歩15～21分</li><li>東急田園都市線「青葉台」駅バス16～17分 徒歩1～7分</li>
kanagawa,shinyurigaoka,すすき野,83800,,,,東急田園都市線「たまプラーザ」駅,14.0,16.0,横浜市青葉区すすき野3-6-1,6-23号棟,鉄筋コンクリート造,8,N,801号室,2DK,43,8,80500,3300,2か月,['URライト（4年定借）'],随時,https://www.ur-net.go.jp/chintai/kanto/kanagawa/40_1650_room.html?JKSS=006230801,<li>東急田園都市線「たまプラーザ」駅バス10分 徒歩4～6分</li><li>東急田園都市線「あざみ野」駅バス9分 徒歩4～8分</li><li>小田急小田原線「新百合ヶ丘」駅バス16分 徒歩8～11分</li>
kanagawa,shinyurigaoka,すすき野,83800,,,,東急田園都市線「あざみ野」駅,13.0,17.0,横浜市青葉区すすき野3-6-1,6-23号棟,鉄筋コンクリート造,8,N,801号室,2DK,43,8,80500,3300,2か月,['URライト（4年定借）'],随時,https://www.ur-net.go.jp/chintai/kanto/kanagawa/40_1650_room.html?JKSS=006230801,<li>東急田園都市線「たまプラーザ」駅バス10分 徒歩4～6分</li><li>東急田園都市線「あざみ野」駅バス9分 徒歩4～8分</li><li>小田急小田原線「新百合ヶ丘」駅バス16分 徒歩8～11分</li>
kanagawa,shinyurigaoka,すすき野,83800,,,,小田急小田原線「新百合ヶ丘」駅,24.0,27.0,横浜市青葉区すすき野3-6-1,6-23号棟,鉄筋コンクリート造,8,N,801号室,2DK,43,8,80500,3300,2か月,['URライト（4年定借）'],随時,https://www.ur-net.go.jp/chintai/kanto/kanagawa/40_1650_room.html?JKSS=006230801,<li>東急田園都市線「たまプラーザ」駅バス10分 徒歩4～6分</li><li>東急田園都市線「あざみ野」駅バス9分 徒歩4～8分</li><li>小田急小田原線「新百合ヶ丘」駅バス16分 徒歩8～11分</li>
kanagawa,shinyurigaoka,すすき野,83800,,,,,,,横浜市青葉区すすき野3-6-1,6-23号棟,鉄筋コンクリート造,8,N,801号室,2DK,43,8,80500,3300,2か月,['URライト（4年定借）'],随時,https://www.ur-net.go.jp/chintai/kanto/kanagawa/40_1650_room.html?JKSS=006230801,<li>東急田園都市線「たまプラーザ」駅バス10分 徒歩4～6分</li><li>東急田園都市線「あざみ野」駅バス9分 徒歩4～8分</li><li>小田急小田原線「新百合ヶ丘」駅バス16分 徒歩8～11分</li>
kanagawa,shinyurigaoka,グリーンヒル鴨志田中央,109400,,,,東急田園都市線「青葉台」駅,10.0,11.0,横浜市青葉区鴨志田町539-3,3号棟,鉄筋コンクリート造,5,N,502号室,3DK,61,5,104300,5100,2か月,['近居割'],随時,https://www.ur-net.go.jp/chintai/kanto/kanagawa/40_2880_room.html?JKSS=000030502,<li>東急田園都市線「青葉台」駅バス8分 徒歩2～3分</li><li>小田急小田原線「柿生」駅バス13分 徒歩2～3分</li><li>東急こどもの国線「こどもの国」駅 徒歩36分</li>
kanagawa,shinyurigaoka,グリーンヒル鴨志田中央,109400,,,,小田急小田原線「柿生」駅,15.0,16.0,横浜市青葉区鴨志田町539-3,3号棟,鉄筋コンクリート造,5,N,502号室,3DK,61,5,104300,5100,2か月,['近居割'],随時,https://www.ur-net.go.jp/chintai/kanto/kanagawa/40_2880_room.html?JKSS=000030502,<li>東急田園都市線「青葉台」駅バス8分 徒歩2～3分</li><li>小田急小田原線「柿生」駅バス13分 徒歩2～3分</li><li>東急こどもの国線「こどもの国」駅 徒歩36分</li>
kanagawa,shinyurigaoka,グリーンヒル鴨志田中央,109400,東急こどもの国線「こどもの国」駅,36.0,36.0,,,,横浜市青葉区鴨志田町539-3,3号棟,鉄筋コンクリート造,5,N,502号室,3DK,61,5,104300,5100,2か月,['近居割'],随時,https://www.ur-net.go.jp/chintai/kanto/kanagawa/40_2880_room.html?JKSS=000030502,<li>東急田園都市線「青葉台」駅バス8分 徒歩2～3分</li><li>小田急小田原線「柿生」駅バス13分 徒歩2～3分</li><li>東急こどもの国線「こどもの国」駅 徒歩36分</li>
kanagawa,shinyurigaoka,グリーンヒル鴨志田中央,109400,,,,,,,横浜市青葉区鴨志田町539-3,3号棟,鉄筋コンクリート造,5,N,502号室,3DK,61,5,104300,5100,2か月,['近居割'],随時,https://www.ur-net.go.jp/chintai/kanto/kanagawa/40_2880_room.html?JKSS=000030502,<li>東急田園都市線「青葉台」駅バス8分 徒歩2～3分</li><li>小田急小田原線「柿生」駅バス13分 徒歩2～3分</li><li>東急こどもの国線「こどもの国」駅 徒歩36分</li>
kanagawa,yokohamanishiguchi,ベイシティ本牧南,137800,,,,JR京浜東北・根岸線「根岸」駅,16.0,19.0,横浜市中区本牧原21,2号棟,鉄筋コンクリート造,6,N,608号室,1K,54,12,132800,5000,2か月,['近居割'],随時,https://www.ur-net.go.jp/chintai/kanto/kanagawa/40_3820_room.html?JKSS=000020608,<li>JR京浜東北・根岸線「根岸」駅バス13分 徒歩3～6分</li><li>みなとみらい線「元町・中華街」駅バス13分 徒歩3～6分</li><li>JR京浜東北・根岸線「桜木町」駅バス24分 徒歩3～6分</li>
kanagawa,yokohamanishiguchi,ベイシティ本牧南,137800,,,,みなとみらい線「元町・中華街」駅,16.0,19.0,横浜市中区本牧原21,2号棟,鉄筋コンクリート造,6,N,608号室,1K,54,12,132800,5000,2か月,['近居割'],随時,https://www.ur-net.go.jp/chintai/kanto/kanagawa/40_3820_room.html?JKSS=000020608,<li>JR京浜東北・根岸線「根岸」駅バス13分 徒歩3～6分</li><li>みなとみらい線「元町・中華街」駅バス13分 徒歩3～6分</li><li>JR京浜東北・根岸線「桜木町」駅バス24分 徒歩3～6分</li>
kanagawa,yokohamanishiguchi,ベイシティ本牧南,137800,,,,JR京浜東北・根岸線「桜木町」駅,27.0,30.0,横浜市中区本牧原21,2号棟,鉄筋コンクリート造,6,N,608号室,1K,54,12,132800,5000,2か月,['近居割'],随時,https://www.ur-net.go.jp/chintai/kanto/kanagawa/40_3820_room.html?JKSS=000020608,<li>JR京浜東北・根岸線「根岸」駅バス13分 徒歩3～6分</li><li>みなとみらい線「元町・中華街」駅バス13分 徒歩3～6分</li><li>JR京浜東北・根岸線「桜木町」駅バス24分 徒歩3～6分</li>
kanagawa,yokohamanishiguchi,ベイシティ本牧南,137800,,,,,,,横浜市中区本牧原21,2号棟,鉄筋コンクリート造,6,N,608号室,1K,54,12,132800,5000,2か月,['近居割'],随時,https://www.ur-net.go.jp/chintai/kanto/kanagawa/40_3820_room.html?JKSS=000020608,<li>JR京浜東北・根岸線「根岸」駅バス13分 徒歩3～6分</li><li>みなとみらい線「元町・中華街」駅バス13分 徒歩3～6分</li><li>JR京浜東北・根岸線「桜木町」駅バス24分 徒歩3～6分</li>
kanagawa,yokohamanishiguchi,ベイシティ本牧南,145600,,,,JR京浜東北・根岸線「根岸」駅,16.0,19.0,横浜市中区本牧原21,4号棟,鉄筋コンクリート造,6,N,605号室,1LDK,54,8,140600,5000,2か月,['近居割'],随時,https://www.ur-net.go.jp/chintai/kanto/kanagawa/40_3820_room.html?JKSS=000040605,<li>JR京浜東北・根岸線「根岸」駅バス13分 徒歩3～6分</li><li>みなとみらい線「元町・中華街」駅バス13分 徒歩3～6分</li><li>JR京浜東北・根岸線「桜木町」駅バス24分 徒歩3～6分</li>
kanagawa,yokohamanishiguchi,ベイシティ本牧南,145600,,,,みなとみらい線「元町・中華街」駅,16.0,19.0,横浜市中区本牧原21,4号棟,鉄筋コンクリート造,6,N,605号室,1LDK,54,8,140600,5000,2か月,['近居割'],随時,https://www.ur-net.go.jp/chintai/kanto/kanagawa/40_3820_room.html?JKSS=000040605,<li>JR京浜東北・根岸線「根岸」駅バス13分 徒歩3～6分</li><li>みなとみらい線「元町・中華街」駅バス13分 徒歩3～6分</li><li>JR京浜東北・根岸線「桜木町」駅バス24分 徒歩3～6分</li>
kanagawa,yokohamanishiguchi,ベイシティ本牧南,145600,,,,JR京浜東北・根岸線「桜木町」駅,27.0,30.0,横浜市中区本牧原21,4号棟,鉄筋コンクリート造,6,N,605号室,1LDK,54,8,140600,5000,2か月,['近居割'],随時,https://www.ur-net.go.jp/chintai/kanto/kanagawa/40_3820_room.html?JKSS=000040605,<li>JR京浜東北・根岸線「根岸」駅バス13分 徒歩3～6分</li><li>みなとみらい線「元町・中華街」駅バス13分 徒歩3～6分</li><li>JR京浜東北・根岸線「桜木町」駅バス24分 徒歩3～6分</li>
kanagawa,yokohamanishiguchi,ベイシティ本牧南,145600,,,,,,,横浜市中区本牧原21,4号棟,鉄筋コンクリート造,6,N,605号室,1LDK,54,8,140600,5000,2か月,['近居割'],随時,https://www.ur-net.go.jp/chintai/kanto/kanagawa/40_3820_room.html?JKSS=000040605,<li>JR京浜東北・根岸線「根岸」駅バス13分 徒歩3～6分</li><li>みなとみらい線「元町・中華街」駅バス13分 徒歩3～6分</li><li>JR京浜東北・根岸線「桜木町」駅バス24分 徒歩3～6分</li>
kanagawa,yokohamanishiguchi,ベイシティ本牧南,156100,,,,JR京浜東北・根岸線「根岸」駅,16.0,19.0,横浜市中区本牧原21,6号棟,鉄筋コンクリート造,10,N,1002号室,2LDK,65,12,151100,5000,2か月,['近居割'],随時,https://www.ur-net.go.jp/chintai/kanto/kanagawa/40_3820_room.html?JKSS=000061002,<li>JR京浜東北・根岸線「根岸」駅バス13分 徒歩3～6分</li><li>みなとみらい線「元町・中華街」駅バス13分 徒歩3～6分</li><li>JR京浜東北・根岸線「桜木町」駅バス24分 徒歩3～6分</li>
kanagawa,yokohamanishiguchi,ベイシティ本牧南,156100,,,,みなとみらい線「元町・中華街」駅,16.0,19.0,横浜市中区本牧原21,6号棟,鉄筋コンクリート造,10,N,1002号室,2LDK,65,12,151100,5000,2か月,['近居割'],随時,https://www.ur-net.go.jp/chintai/kanto/kanagawa/40_3820_room.html?JKSS=000061002,<li>JR京浜東北・根岸線「根岸」駅バス13分 徒歩3～6分</li><li>みなとみらい線「元町・中華街」駅バス13分 徒歩3～6分</li><li>JR京浜東北・根岸線「桜木町」駅バス24分 徒歩3～6分</li>
kanagawa,yokohamanishiguchi,ベイシティ本牧南,156100,,,,JR京浜東北・根岸線「桜木町」駅,27.0,30.0,横浜市中区本牧原21,6号棟,鉄筋コンクリート造,10,N,1002号室,2LDK,65,12,151100,5000,2か月,['近居割'],随時,https://www.ur-net.go.jp/chintai/kanto/kanagawa/40_3820_room.html?JKSS=000061002,<li>JR京浜東北・根岸線「根岸」駅バス13分 徒歩3～6分</li><li>みなとみらい線「元町・中華街」駅バス13分 徒歩3～6分</li><li>JR京浜東北・根岸線「桜木町」駅バス24分 徒歩3～6分</li>
kanagawa,yokohamanishiguchi,ベイシティ本牧南,156100,,,,,,,横浜市中区本牧原21,6号棟,鉄筋コンクリート造,10,N,1002号室,2LDK,65,12,151100,5000,2か月,['近居割'],随時,https://www.ur-net.go.jp/chintai/kanto/kanagawa/40_3820_room.html?JKSS=000061002,<li>JR京浜東北・根岸線「根岸」駅バス13分 徒歩3～6分</li><li>みなとみらい線「元町・中華街」駅バス13分 徒歩3～6分</li><li>JR京浜東北・根岸線「桜木町」駅バス24分 徒歩3～6分</li>
kanagawa,yokohamanishiguchi,ベイシティ本牧南,158700,,,,JR京浜東北・根岸線「根岸」駅,16.0,19.0,横浜市中区本牧原21,4号棟,鉄筋コンクリート造,2,N,207号室,3LDK,78,8,153700,5000,2か月,['近居割'],随時,https://www.ur-net.go.jp/chintai/kanto/kanagawa/40_3820_room.html?JKSS=000040207,<li>JR京浜東北・根岸線「根岸」駅バス13分 徒歩3～6分</li><li>みなとみらい線「元町・中華街」駅バス13分 徒歩3～6分</li><li>JR京浜東北・根岸線「桜木町」駅バス24分 徒歩3～6分</li>
kanagawa,yokohamanishiguchi,ベイシティ本牧南,158700,,,,みなとみらい線「元町・中華街」駅,16.0,19.0,横浜市中区本牧原21,4号棟,鉄筋コンクリート造,2,N,207号室,3LDK,78,8,153700,5000,2か月,['近居割'],随時,https://www.ur-net.go.jp/chintai/kanto/kanagawa/40_3820_room.html?JKSS=000040207,<li>JR京浜東北・根岸線「根岸」駅バス13分 徒歩3～6分</li><li>みなとみらい線「元町・中華街」駅バス13分 徒歩3～6分</li><li>JR京浜東北・根岸線「桜木町」駅バス24分 徒歩3～6分</li>
kanagawa,yokohamanishiguchi,ベイシティ本牧南,158700,,,,JR京浜東北・根岸線「桜木町」駅,27.0,30.0,横浜市中区本牧原21,4号棟,鉄筋コンクリート造,2,N,207号室,3LDK,78,8,153700,5000,2か月,['近居割'],随時,https://www.ur-net.go.jp/chintai/kanto/kanagawa/40_3820_room.html?JKSS=000040207,<li>JR京浜東北・根岸線「根岸」駅バス13分 徒歩3～6分</li><li>みなとみらい線「元町・中華街」駅バス13分 徒歩3～6分</li><li>JR京浜東北・根岸線「桜木町」駅バス24分 徒歩3～6分</li>
kanagawa,yokohamanishiguchi,ベイシティ本牧南,158700,,,,,,,横浜市中区本牧原21,4号棟,鉄筋コンクリート造,2,N,207号室,3LDK,78,8,153700,5000,2か月,['近居割'],随時,https://www.ur-net.go.jp/chintai/kanto/kanagawa/40_3820_room.html?JKSS=000040207,<li>JR京浜東北・根岸線「根岸」駅バス13分 徒歩3～6分</li><li>みなとみらい線「元町・中華街」駅バス13分 徒歩3～6分</li><li>JR京浜東北・根岸線「桜木町」駅バス24分 徒歩3～6分</li>
kanagawa,yokohamanishiguchi,ベイシティ本牧南,159100,,,,JR京浜東北・根岸線「根岸」駅,16.0,19.0,横浜市中区本牧原21,3号棟,鉄筋コンクリート造,5,N,504号室,3LDK,76,12,154100,5000,2か月,['近居割'],随時,https://www.ur-net.go.jp/chintai/kanto/kanagawa/40_3820_room.html?JKSS=000030504,<li>JR京浜東北・根岸線「根岸」駅バス13分 徒歩3～6分</li><li>みなとみらい線「元町・中華街」駅バス13分 徒歩3～6分</li><li>JR京浜東北・根岸線「桜木町」駅バス24分 徒歩3～6分</li>
kanagawa,yokohamanishiguchi,ベイシティ本牧南,159100,,,,みなとみらい線「元町・中華街」駅,16.0,19.0,横浜市中区本牧原21,3号棟,鉄筋コンクリート造,5,N,504号室,3LDK,76,12,154100,5000,2か月,['近居割'],随時,https://www.ur-net.go.jp/chintai/kanto/kanagawa/40_3820_room.html?JKSS=000030504,<li>JR京浜東北・根岸線「根岸」駅バス13分 徒歩3～6分</li><li>みなとみらい線「元町・中華街」駅バス13分 徒歩3～6分</li><li>JR京浜東北・根岸線「桜木町」駅バス24分 徒歩3～6分</li>
kanagawa,yokohamanishiguchi,ベイシティ本牧南,159100,,,,JR京浜東北・根岸線「桜木町」駅,27.0,30.0,横浜市中区本牧原21,3号棟,鉄筋コンクリート造,5,N,504号室,3LDK,76,12,154100,5000,2か月,['近居割'],随時,https://www.ur-net.go.jp/chintai/kanto/kanagawa/40_3820_room.html?JKSS=000030504,<li>JR京浜東北・根岸線「根岸」駅バス13分 徒歩3～6分</li><li>みなとみらい線「元町・中華街」駅バス13分 徒歩3～6分</li><li>JR京浜東北・根岸線「桜木町」駅バス24分 徒歩3～6分</li>
kanagawa,yokohamanishiguchi,ベイシティ本牧南,159100,,,,,,,横浜市中区本牧原21,3号棟,鉄筋コンクリート造,5,N,504号室,3LDK,76,12,154100,5000,2か月,['近居割'],随時,https://www.ur-net.go.jp/chintai/kanto/kanagawa/40_3820_room.html?JKSS=000030504,<li>JR京浜東北・根岸線「根岸」駅バス13分 徒歩3～6分</li><li>みなとみらい線「元町・中華街」駅バス13分 徒歩3～6分</li><li>JR京浜東北・根岸線「桜木町」駅バス24分 徒歩3～6分</li>
kanagawa,yokohamanishiguchi,ベイサイト本牧－Ⅰ,137300,,,,JR根岸線「根岸」駅,8.0,8.0,横浜市中区本牧和田34-1ほか,,鉄筋コンクリート造,6,N,615号室,3DK,62,7,134300,3000,2か月,['近居割'],随時,https://www.ur-net.go.jp/chintai/kanto/kanagawa/40_2750_room.html?JKSS=000010615,<li>JR根岸線「根岸」駅 バス７分 徒歩1分</li><li>JR根岸線・横浜市営地下鉄ブルーライン「桜木町」バス26分徒歩1分</li>
kanagawa,yokohamanishiguchi,ベイサイト本牧－Ⅰ,137300,,,,JR根岸線・横浜市営地下鉄ブルーライン「桜木町」,27.0,27.0,横浜市中区本牧和田34-1ほか,,鉄筋コンクリート造,6,N,615号室,3DK,62,7,134300,3000,2か月,['近居割'],随時,https://www.ur-net.go.jp/chintai/kanto/kanagawa/40_2750_room.html?JKSS=000010615,<li>JR根岸線「根岸」駅 バス７分 徒歩1分</li><li>JR根岸線・横浜市営地下鉄ブルーライン「桜木町」バス26分徒歩1分</li>
kanagawa,yokohamanishiguchi,ベイサイト本牧－Ⅰ,137300,,,,,,,横浜市中区本牧和田34-1ほか,,鉄筋コンクリート造,6,N,615号室,3DK,62,7,134300,3000,2か月,['近居割'],随時,https://www.ur-net.go.jp/chintai/kanto/kanagawa/40_2750_room.html?JKSS=000010615,<li>JR根岸線「根岸」駅 バス７分 徒歩1分</li><li>JR根岸線・横浜市営地下鉄ブルーライン「桜木町」バス26分徒歩1分</li>
kanagawa,yokohamanishiguchi,ビューコート小港,157700,みなとみらい線「元町・中華街」駅,21.0,23.0,,,,横浜市中区小港町1-1-2,4号棟,鉄筋コンクリート造,4,N,405号室,2LDK,66,14,152400,5300,2か月,['近居割'],随時,https://www.ur-net.go.jp/chintai/kanto/kanagawa/40_3310_room.html?JKSS=000040405,<li>みなとみらい線「元町・中華街」駅 徒歩21～23分</li><li>JR京浜東北・根岸線「桜木町」駅バス18分 徒歩3～5分</li><li>JR京浜東北・根岸線「根岸」駅バス18分 徒歩3～5分</li>
kanagawa,yokohamanishiguchi,ビューコート小港,157700,,,,JR京浜東北・根岸線「桜木町」駅,21.0,23.0,横浜市中区小港町1-1-2,4号棟,鉄筋コンクリート造,4,N,405号室,2LDK,66,14,152400,5300,2か月,['近居割'],随時,https://www.ur-net.go.jp/chintai/kanto/kanagawa/40_3310_room.html?JKSS=000040405,<li>みなとみらい線「元町・中華街」駅 徒歩21～23分</li><li>JR京浜東北・根岸線「桜木町」駅バス18分 徒歩3～5分</li><li>JR京浜東北・根岸線「根岸」駅バス18分 徒歩3～5分</li>
kanagawa,yokohamanishiguchi,ビューコート小港,157700,,,,JR京浜東北・根岸線「根岸」駅,21.0,23.0,横浜市中区小港町1-1-2,4号棟,鉄筋コンクリート造,4,N,405号室,2LDK,66,14,152400,5300,2か月,['近居割'],随時,https://www.ur-net.go.jp/chintai/kanto/kanagawa/40_3310_room.html?JKSS=000040405,<li>みなとみらい線「元町・中華街」駅 徒歩21～23分</li><li>JR京浜東北・根岸線「桜木町」駅バス18分 徒歩3～5分</li><li>JR京浜東北・根岸線「根岸」駅バス18分 徒歩3～5分</li>
kanagawa,yokohamanishiguchi,ビューコート小港,157700,,,,,,,横浜市中区小港町1-1-2,4号棟,鉄筋コンクリート造,4,N,405号室,2LDK,66,14,152400,5300,2か月,['近居割'],随時,https://www.ur-net.go.jp/chintai/kanto/kanagawa/40_3310_room.html?JKSS=000040405,<li>みなとみらい線「元町・中華街」駅 徒歩21～23分</li><li>JR京浜東北・根岸線「桜木町」駅バス18分 徒歩3～5分</li><li>JR京浜東北・根岸線「根岸」駅バス18分 徒歩3～5分</li>
kanagawa,futamatagawa,左近山,61300,,,,相鉄本線「二俣川」駅,14.0,23.0,横浜市旭区左近山16-1ほか,1-22号棟,鉄筋コンクリート造、鉄骨鉄筋コンクリート造,4,N,404号室,2DK,41,5,56500,4800,2か月,"['近居割', '近居割WIDE']",随時,https://www.ur-net.go.jp/chintai/kanto/kanagawa/40_1180_room.html?JKSS=000122404,<li>相鉄本線「二俣川」駅バス13～17分 徒歩1～6分</li><li>JR横須賀線「東戸塚」駅バス25～31分 徒歩1～6分</li><li>相鉄本線「鶴ヶ峰」駅バス24～29分 徒歩1～6分</li>
kanagawa,futamatagawa,左近山,61300,,,,JR横須賀線「東戸塚」駅,26.0,37.0,横浜市旭区左近山16-1ほか,1-22号棟,鉄筋コンクリート造、鉄骨鉄筋コンクリート造,4,N,404号室,2DK,41,5,56500,4800,2か月,"['近居割', '近居割WIDE']",随時,https://www.ur-net.go.jp/chintai/kanto/kanagawa/40_1180_room.html?JKSS=000122404,<li>相鉄本線「二俣川」駅バス13～17分 徒歩1～6分</li><li>JR横須賀線「東戸塚」駅バス25～31分 徒歩1～6分</li><li>相鉄本線「鶴ヶ峰」駅バス24～29分 徒歩1～6分</li>
kanagawa,futamatagawa,左近山,61300,,,,相鉄本線「鶴ヶ峰」駅,25.0,35.0,横浜市旭区左近山16-1ほか,1-22号棟,鉄筋コンクリート造、鉄骨鉄筋コンクリート造,4,N,404号室,2DK,41,5,56500,4800,2か月,"['近居割', '近居割WIDE']",随時,https://www.ur-net.go.jp/chintai/kanto/kanagawa/40_1180_room.html?JKSS=000122404,<li>相鉄本線「二俣川」駅バス13～17分 徒歩1～6分</li><li>JR横須賀線「東戸塚」駅バス25～31分 徒歩1～6分</li><li>相鉄本線「鶴ヶ峰」駅バス24～29分 徒歩1～6分</li>
kanagawa,futamatagawa,左近山,61300,,,,,,,横浜市旭区左近山16-1ほか,1-22号棟,鉄筋コンクリート造、鉄骨鉄筋コンクリート造,4,N,404号室,2DK,41,5,56500,4800,2か月,"['近居割', '近居割WIDE']",随時,https://www.ur-net.go.jp/chintai/kanto/kanagawa/40_1180_room.html?JKSS=000122404,<li>相鉄本線「二俣川」駅バス13～17分 徒歩1～6分</li><li>JR横須賀線「東戸塚」駅バス25～31分 徒歩1～6分</li><li>相鉄本線「鶴ヶ峰」駅バス24～29分 徒歩1～6分</li>
kanagawa,futamatagawa,左近山,70600,,,,相鉄本線「二俣川」駅,14.0,23.0,横浜市旭区左近山16-1ほか,7-8号棟,鉄筋コンクリート造、鉄骨鉄筋コンクリート造,5,N,506号室,3K,50,5,65800,4800,2か月,"['近居割', '近居割WIDE']",随時,https://www.ur-net.go.jp/chintai/kanto/kanagawa/40_1180_room.html?JKSS=007080506,<li>相鉄本線「二俣川」駅バス13～17分 徒歩1～6分</li><li>JR横須賀線「東戸塚」駅バス25～31分 徒歩1～6分</li><li>相鉄本線「鶴ヶ峰」駅バス24～29分 徒歩1～6分</li>
kanagawa,futamatagawa,左近山,70600,,,,JR横須賀線「東戸塚」駅,26.0,37.0,横浜市旭区左近山16-1ほか,7-8号棟,鉄筋コンクリート造、鉄骨鉄筋コンクリート造,5,N,506号室,3K,50,5,65800,4800,2か月,"['近居割', '近居割WIDE']",随時,https://www.ur-net.go.jp/chintai/kanto/kanagawa/40_1180_room.html?JKSS=007080506,<li>相鉄本線「二俣川」駅バス13～17分 徒歩1～6分</li><li>JR横須賀線「東戸塚」駅バス25～31分 徒歩1～6分</li><li>相鉄本線「鶴ヶ峰」駅バス24～29分 徒歩1～6分</li>
kanagawa,futamatagawa,左近山,70600,,,,相鉄本線「鶴ヶ峰」駅,25.0,35.0,横浜市旭区左近山16-1ほか,7-8号棟,鉄筋コンクリート造、鉄骨鉄筋コンクリート造,5,N,506号室,3K,50,5,65800,4800,2か月,"['近居割', '近居割WIDE']",随時,https://www.ur-net.go.jp/chintai/kanto/kanagawa/40_1180_room.html?JKSS=007080506,<li>相鉄本線「二俣川」駅バス13～17分 徒歩1～6分</li><li>JR横須賀線「東戸塚」駅バス25～31分 徒歩1～6分</li><li>相鉄本線「鶴ヶ峰」駅バス24～29分 徒歩1～6分</li>
kanagawa,futamatagawa,左近山,70600,,,,,,,横浜市旭区左近山16-1ほか,7-8号棟,鉄筋コンクリート造、鉄骨鉄筋コンクリート造,5,N,506号室,3K,50,5,65800,4800,2か月,"['近居割', '近居割WIDE']",随時,https://www.ur-net.go.jp/chintai/kanto/kanagawa/40_1180_room.html?JKSS=007080506,<li>相鉄本線「二俣川」駅バス13～17分 徒歩1～6分</li><li>JR横須賀線「東戸塚」駅バス25～31分 徒歩1～6分</li><li>相鉄本線「鶴ヶ峰」駅バス24～29分 徒歩1～6分</li>
kanagawa,futamatagawa,左近山,70600,,,,相鉄本線「二俣川」駅,14.0,23.0,横浜市旭区左近山16-1ほか,8-16号棟,鉄筋コンクリート造、鉄骨鉄筋コンクリート造,5,N,503号室,3K,50,5,65800,4800,2か月,"['近居割', '近居割WIDE']",随時,https://www.ur-net.go.jp/chintai/kanto/kanagawa/40_1180_room.html?JKSS=008160503,<li>相鉄本線「二俣川」駅バス13～17分 徒歩1～6分</li><li>JR横須賀線「東戸塚」駅バス25～31分 徒歩1～6分</li><li>相鉄本線「鶴ヶ峰」駅バス24～29分 徒歩1～6分</li>
kanagawa,futamatagawa,左近山,70600,,,,JR横須賀線「東戸塚」駅,26.0,37.0,横浜市旭区左近山16-1ほか,8-16号棟,鉄筋コンクリート造、鉄骨鉄筋コンクリート造,5,N,503号室,3K,50,5,65800,4800,2か月,"['近居割', '近居割WIDE']",随時,https://www.ur-net.go.jp/chintai/kanto/kanagawa/40_1180_room.html?JKSS=008160503,<li>相鉄本線「二俣川」駅バス13～17分 徒歩1～6分</li><li>JR横須賀線「東戸塚」駅バス25～31分 徒歩1～6分</li><li>相鉄本線「鶴ヶ峰」駅バス24～29分 徒歩1～6分</li>
kanagawa,futamatagawa,左近山,70600,,,,相鉄本線「鶴ヶ峰」駅,25.0,35.0,横浜市旭区左近山16-1ほか,8-16号棟,鉄筋コンクリート造、鉄骨鉄筋コンクリート造,5,N,503号室,3K,50,5,65800,4800,2か月,"['近居割', '近居割WIDE']",随時,https://www.ur-net.go.jp/chintai/kanto/kanagawa/40_1180_room.html?JKSS=008160503,<li>相鉄本線「二俣川」駅バス13～17分 徒歩1～6分</li><li>JR横須賀線「東戸塚」駅バス25～31分 徒歩1～6分</li><li>相鉄本線「鶴ヶ峰」駅バス24～29分 徒歩1～6分</li>
kanagawa,futamatagawa,左近山,70600,,,,,,,横浜市旭区左近山16-1ほか,8-16号棟,鉄筋コンクリート造、鉄骨鉄筋コンクリート造,5,N,503号室,3K,50,5,65800,4800,2か月,"['近居割', '近居割WIDE']",随時,https://www.ur-net.go.jp/chintai/kanto/kanagawa/40_1180_room.html?JKSS=008160503,<li>相鉄本線「二俣川」駅バス13～17分 徒歩1～6分</li><li>JR横須賀線「東戸塚」駅バス25～31分 徒歩1～6分</li><li>相鉄本線「鶴ヶ峰」駅バス24～29分 徒歩1～6分</li>
kanagawa,futamatagawa,左近山,70600,,,,相鉄本線「二俣川」駅,14.0,23.0,横浜市旭区左近山16-1ほか,9-13号棟,鉄筋コンクリート造、鉄骨鉄筋コンクリート造,5,N,503号室,3K,50,5,65800,4800,2か月,"['近居割', '近居割WIDE']",随時,https://www.ur-net.go.jp/chintai/kanto/kanagawa/40_1180_room.html?JKSS=009130503,<li>相鉄本線「二俣川」駅バス13～17分 徒歩1～6分</li><li>JR横須賀線「東戸塚」駅バス25～31分 徒歩1～6分</li><li>相鉄本線「鶴ヶ峰」駅バス24～29分 徒歩1～6分</li>
kanagawa,futamatagawa,左近山,70600,,,,JR横須賀線「東戸塚」駅,26.0,37.0,横浜市旭区左近山16-1ほか,9-13号棟,鉄筋コンクリート造、鉄骨鉄筋コンクリート造,5,N,503号室,3K,50,5,65800,4800,2か月,"['近居割', '近居割WIDE']",随時,https://www.ur-net.go.jp/chintai/kanto/kanagawa/40_1180_room.html?JKSS=009130503,<li>相鉄本線「二俣川」駅バス13～17分 徒歩1～6分</li><li>JR横須賀線「東戸塚」駅バス25～31分 徒歩1～6分</li><li>相鉄本線「鶴ヶ峰」駅バス24～29分 徒歩1～6分</li>
kanagawa,futamatagawa,左近山,70600,,,,相鉄本線「鶴ヶ峰」駅,25.0,35.0,横浜市旭区左近山16-1ほか,9-13号棟,鉄筋コンクリート造、鉄骨鉄筋コンクリート造,5,N,503号室,3K,50,5,65800,4800,2か月,"['近居割', '近居割WIDE']",随時,https://www.ur-net.go.jp/chintai/kanto/kanagawa/40_1180_room.html?JKSS=009130503,<li>相鉄本線「二俣川」駅バス13～17分 徒歩1～6分</li><li>JR横須賀線「東戸塚」駅バス25～31分 徒歩1～6分</li><li>相鉄本線「鶴ヶ峰」駅バス24～29分 徒歩1～6分</li>
kanagawa,futamatagawa,左近山,70600,,,,,,,横浜市旭区左近山16-1ほか,9-13号棟,鉄筋コンクリート造、鉄骨鉄筋コンクリート造,5,N,503号室,3K,50,5,65800,4800,2か月,"['近居割', '近居割WIDE']",随時,https://www.ur-net.go.jp/chintai/kanto/kanagawa/40_1180_room.html?JKSS=009130503,<li>相鉄本線「二俣川」駅バス13～17分 徒歩1～6分</li><li>JR横須賀線「東戸塚」駅バス25～31分 徒歩1～6分</li><li>相鉄本線「鶴ヶ峰」駅バス24～29分 徒歩1～6分</li>
kanagawa,futamatagawa,左近山,71900,,,,相鉄本線「二俣川」駅,14.0,23.0,横浜市旭区左近山16-1ほか,8-12号棟,鉄筋コンクリート造、鉄骨鉄筋コンクリート造,5,N,502号室,2LDK,50,5,67100,4800,2か月,"['近居割', '近居割WIDE']",随時,https://www.ur-net.go.jp/chintai/kanto/kanagawa/40_1180_room.html?JKSS=008120502,<li>相鉄本線「二俣川」駅バス13～17分 徒歩1～6分</li><li>JR横須賀線「東戸塚」駅バス25～31分 徒歩1～6分</li><li>相鉄本線「鶴ヶ峰」駅バス24～29分 徒歩1～6分</li>
kanagawa,futamatagawa,左近山,71900,,,,JR横須賀線「東戸塚」駅,26.0,37.0,横浜市旭区左近山16-1ほか,8-12号棟,鉄筋コンクリート造、鉄骨鉄筋コンクリート造,5,N,502号室,2LDK,50,5,67100,4800,2か月,"['近居割', '近居割WIDE']",随時,https://www.ur-net.go.jp/chintai/kanto/kanagawa/40_1180_room.html?JKSS=008120502,<li>相鉄本線「二俣川」駅バス13～17分 徒歩1～6分</li><li>JR横須賀線「東戸塚」駅バス25～31分 徒歩1～6分</li><li>相鉄本線「鶴ヶ峰」駅バス24～29分 徒歩1～6分</li>
kanagawa,futamatagawa,左近山,71900,,,,相鉄本線「鶴ヶ峰」駅,25.0,35.0,横浜市旭区左近山16-1ほか,8-12号棟,鉄筋コンクリート造、鉄骨鉄筋コンクリート造,5,N,502号室,2LDK,50,5,67100,4800,2か月,"['近居割', '近居割WIDE']",随時,https://www.ur-net.go.jp/chintai/kanto/kanagawa/40_1180_room.html?JKSS=008120502,<li>相鉄本線「二俣川」駅バス13～17分 徒歩1～6分</li><li>JR横須賀線「東戸塚」駅バス25～31分 徒歩1～6分</li><li>相鉄本線「鶴ヶ峰」駅バス24～29分 徒歩1～6分</li>
kanagawa,futamatagawa,左近山,71900,,,,,,,横浜市旭区左近山16-1ほか,8-12号棟,鉄筋コンクリート造、鉄骨鉄筋コンクリート造,5,N,502号室,2LDK,50,5,67100,4800,2か月,"['近居割', '近居割WIDE']",随時,https://www.ur-net.go.jp/chintai/kanto/kanagawa/40_1180_room.html?JKSS=008120502,<li>相鉄本線「二俣川」駅バス13～17分 徒歩1～6分</li><li>JR横須賀線「東戸塚」駅バス25～31分 徒歩1～6分</li><li>相鉄本線「鶴ヶ峰」駅バス24～29分 徒歩1～6分</li>
kanagawa,futamatagawa,アーバンドエル瀬谷,125500,相鉄本線「瀬谷」駅,9.0,12.0,,,,横浜市瀬谷区橋戸1-35,15号棟,鉄筋コンクリート造,2,N,202号室,2LDK,67,4,120700,4800,2か月,['近居割'],随時,https://www.ur-net.go.jp/chintai/kanto/kanagawa/40_3850_room.html?JKSS=000150202,<li>相鉄本線「瀬谷」駅 徒歩9～12分</li><li>横浜市営地下鉄ブルーライン「立場」駅バス26分 徒歩7～9分</li><li>小田急江ノ島線「大和」駅 徒歩33～35分</li>
kanagawa,futamatagawa,アーバンドエル瀬谷,125500,,,,横浜市営地下鉄ブルーライン「立場」駅,33.0,35.0,横浜市瀬谷区橋戸1-35,15号棟,鉄筋コンクリート造,2,N,202号室,2LDK,67,4,120700,4800,2か月,['近居割'],随時,https://www.ur-net.go.jp/chintai/kanto/kanagawa/40_3850_room.html?JKSS=000150202,<li>相鉄本線「瀬谷」駅 徒歩9～12分</li><li>横浜市営地下鉄ブルーライン「立場」駅バス26分 徒歩7～9分</li><li>小田急江ノ島線「大和」駅 徒歩33～35分</li>
kanagawa,futamatagawa,アーバンドエル瀬谷,125500,小田急江ノ島線「大和」駅,33.0,35.0,,,,横浜市瀬谷区橋戸1-35,15号棟,鉄筋コンクリート造,2,N,202号室,2LDK,67,4,120700,4800,2か月,['近居割'],随時,https://www.ur-net.go.jp/chintai/kanto/kanagawa/40_3850_room.html?JKSS=000150202,<li>相鉄本線「瀬谷」駅 徒歩9～12分</li><li>横浜市営地下鉄ブルーライン「立場」駅バス26分 徒歩7～9分</li><li>小田急江ノ島線「大和」駅 徒歩33～35分</li>
kanagawa,futamatagawa,アーバンドエル瀬谷,125500,,,,,,,横浜市瀬谷区橋戸1-35,15号棟,鉄筋コンクリート造,2,N,202号室,2LDK,67,4,120700,4800,2か月,['近居割'],随時,https://www.ur-net.go.jp/chintai/kanto/kanagawa/40_3850_room.html?JKSS=000150202,<li>相鉄本線「瀬谷」駅 徒歩9～12分</li><li>横浜市営地下鉄ブルーライン「立場」駅バス26分 徒歩7～9分</li><li>小田急江ノ島線「大和」駅 徒歩33～35分</li>
kanagawa,futamatagawa,アーバンドエル瀬谷,129200,相鉄本線「瀬谷」駅,9.0,12.0,,,,横浜市瀬谷区橋戸1-35,14号棟,鉄筋コンクリート造,4,N,403号室,2LDK,67,4,124400,4800,2か月,['近居割'],随時,https://www.ur-net.go.jp/chintai/kanto/kanagawa/40_3850_room.html?JKSS=000140403,<li>相鉄本線「瀬谷」駅 徒歩9～12分</li><li>横浜市営地下鉄ブルーライン「立場」駅バス26分 徒歩7～9分</li><li>小田急江ノ島線「大和」駅 徒歩33～35分</li>
kanagawa,futamatagawa,アーバンドエル瀬谷,129200,,,,横浜市営地下鉄ブルーライン「立場」駅,33.0,35.0,横浜市瀬谷区橋戸1-35,14号棟,鉄筋コンクリート造,4,N,403号室,2LDK,67,4,124400,4800,2か月,['近居割'],随時,https://www.ur-net.go.jp/chintai/kanto/kanagawa/40_3850_room.html?JKSS=000140403,<li>相鉄本線「瀬谷」駅 徒歩9～12分</li><li>横浜市営地下鉄ブルーライン「立場」駅バス26分 徒歩7～9分</li><li>小田急江ノ島線「大和」駅 徒歩33～35分</li>
kanagawa,futamatagawa,アーバンドエル瀬谷,129200,小田急江ノ島線「大和」駅,33.0,35.0,,,,横浜市瀬谷区橋戸1-35,14号棟,鉄筋コンクリート造,4,N,403号室,2LDK,67,4,124400,4800,2か月,['近居割'],随時,https://www.ur-net.go.jp/chintai/kanto/kanagawa/40_3850_room.html?JKSS=000140403,<li>相鉄本線「瀬谷」駅 徒歩9～12分</li><li>横浜市営地下鉄ブルーライン「立場」駅バス26分 徒歩7～9分</li><li>小田急江ノ島線「大和」駅 徒歩33～35分</li>
kanagawa,futamatagawa,アーバンドエル瀬谷,129200,,,,,,,横浜市瀬谷区橋戸1-35,14号棟,鉄筋コンクリート造,4,N,403号室,2LDK,67,4,124400,4800,2か月,['近居割'],随時,https://www.ur-net.go.jp/chintai/kanto/kanagawa/40_3850_room.html?JKSS=000140403,<li>相鉄本線「瀬谷」駅 徒歩9～12分</li><li>横浜市営地下鉄ブルーライン「立場」駅バス26分 徒歩7～9分</li><li>小田急江ノ島線「大和」駅 徒歩33～35分</li>
kanagawa,konandai,洋光台北,82200,JR京浜東北・根岸線「洋光台」駅,8.0,14.0,,,,横浜市磯子区洋光台2-1ほか,3-14号棟,鉄筋コンクリート造、鉄骨鉄筋コンクリート造,5,N,504号室,2DK,47,5,77900,4300,2か月,"['近居割', '近居割WIDE']",随時,https://www.ur-net.go.jp/chintai/kanto/kanagawa/40_1290_room.html?JKSS=003140504,<li>JR京浜東北・根岸線「洋光台」駅 徒歩8～14分</li><li>横浜市営地下鉄ブルーライン「港南中央」駅バス9～11分 徒歩1～6分</li><li>JR京浜東北・根岸線「港南台」駅 徒歩24～35分</li>
kanagawa,konandai,洋光台北,82200,,,,横浜市営地下鉄ブルーライン「港南中央」駅,10.0,17.0,横浜市磯子区洋光台2-1ほか,3-14号棟,鉄筋コンクリート造、鉄骨鉄筋コンクリート造,5,N,504号室,2DK,47,5,77900,4300,2か月,"['近居割', '近居割WIDE']",随時,https://www.ur-net.go.jp/chintai/kanto/kanagawa/40_1290_room.html?JKSS=003140504,<li>JR京浜東北・根岸線「洋光台」駅 徒歩8～14分</li><li>横浜市営地下鉄ブルーライン「港南中央」駅バス9～11分 徒歩1～6分</li><li>JR京浜東北・根岸線「港南台」駅 徒歩24～35分</li>
kanagawa,konandai,洋光台北,82200,JR京浜東北・根岸線「港南台」駅,24.0,35.0,,,,横浜市磯子区洋光台2-1ほか,3-14号棟,鉄筋コンクリート造、鉄骨鉄筋コンクリート造,5,N,504号室,2DK,47,5,77900,4300,2か月,"['近居割', '近居割WIDE']",随時,https://www.ur-net.go.jp/chintai/kanto/kanagawa/40_1290_room.html?JKSS=003140504,<li>JR京浜東北・根岸線「洋光台」駅 徒歩8～14分</li><li>横浜市営地下鉄ブルーライン「港南中央」駅バス9～11分 徒歩1～6分</li><li>JR京浜東北・根岸線「港南台」駅 徒歩24～35分</li>
kanagawa,konandai,洋光台北,82200,,,,,,,横浜市磯子区洋光台2-1ほか,3-14号棟,鉄筋コンクリート造、鉄骨鉄筋コンクリート造,5,N,504号室,2DK,47,5,77900,4300,2か月,"['近居割', '近居割WIDE']",随時,https://www.ur-net.go.jp/chintai/kanto/kanagawa/40_1290_room.html?JKSS=003140504,<li>JR京浜東北・根岸線「洋光台」駅 徒歩8～14分</li><li>横浜市営地下鉄ブルーライン「港南中央」駅バス9～11分 徒歩1～6分</li><li>JR京浜東北・根岸線「港南台」駅 徒歩24～35分</li>
kanagawa,seasidetown,金沢シーサイドタウン　並木三丁目,106300,シーサイドライン「幸浦」駅,8.0,9.0,,,,横浜市金沢区並木3,11-4号棟,鉄筋コンクリート造,4,N,403号室,3LDK,70,5,101300,5000,2か月,"['近居割', '近居割WIDE']",随時,https://www.ur-net.go.jp/chintai/kanto/kanagawa/40_2060_room.html?JKSS=011040403,<li>シーサイドライン「幸浦」駅 徒歩8～9分</li><li>シーサイドライン「並木中央」駅 徒歩11分</li><li>京急本線「京急富岡」駅 徒歩21分</li>
kanagawa,seasidetown,金沢シーサイドタウン　並木三丁目,106300,シーサイドライン「並木中央」駅,11.0,11.0,,,,横浜市金沢区並木3,11-4号棟,鉄筋コンクリート造,4,N,403号室,3LDK,70,5,101300,5000,2か月,"['近居割', '近居割WIDE']",随時,https://www.ur-net.go.jp/chintai/kanto/kanagawa/40_2060_room.html?JKSS=011040403,<li>シーサイドライン「幸浦」駅 徒歩8～9分</li><li>シーサイドライン「並木中央」駅 徒歩11分</li><li>京急本線「京急富岡」駅 徒歩21分</li>
kanagawa,seasidetown,金沢シーサイドタウン　並木三丁目,106300,京急本線「京急富岡」駅,21.0,21.0,,,,横浜市金沢区並木3,11-4号棟,鉄筋コンクリート造,4,N,403号室,3LDK,70,5,101300,5000,2か月,"['近居割', '近居割WIDE']",随時,https://www.ur-net.go.jp/chintai/kanto/kanagawa/40_2060_room.html?JKSS=011040403,<li>シーサイドライン「幸浦」駅 徒歩8～9分</li><li>シーサイドライン「並木中央」駅 徒歩11分</li><li>京急本線「京急富岡」駅 徒歩21分</li>
kanagawa,seasidetown,金沢シーサイドタウン　並木三丁目,106300,,,,,,,横浜市金沢区並木3,11-4号棟,鉄筋コンクリート造,4,N,403号室,3LDK,70,5,101300,5000,2か月,"['近居割', '近居割WIDE']",随時,https://www.ur-net.go.jp/chintai/kanto/kanagawa/40_2060_room.html?JKSS=011040403,<li>シーサイドライン「幸浦」駅 徒歩8～9分</li><li>シーサイドライン「並木中央」駅 徒歩11分</li><li>京急本線「京急富岡」駅 徒歩21分</li>
kanagawa,seasidetown,金沢シーサイドタウン　柴,118100,,,,京急本線「金沢文庫」駅,14.0,15.0,横浜市金沢区柴町367,3号棟,鉄筋コンクリート造,2,N,205号室,3LDK,70,5,114300,3800,2か月,"['近居割', '近居割WIDE']",随時,https://www.ur-net.go.jp/chintai/kanto/kanagawa/40_2500_room.html?JKSS=000030205,<li>京急本線「金沢文庫」駅バス10分 徒歩4～5分</li><li>シーサイドライン「八景島」駅 徒歩7分</li><li>シーサイドライン「海の公園柴口」駅 徒歩11～12分</li>
kanagawa,seasidetown,金沢シーサイドタウン　柴,118100,シーサイドライン「八景島」駅,7.0,7.0,,,,横浜市金沢区柴町367,3号棟,鉄筋コンクリート造,2,N,205号室,3LDK,70,5,114300,3800,2か月,"['近居割', '近居割WIDE']",随時,https://www.ur-net.go.jp/chintai/kanto/kanagawa/40_2500_room.html?JKSS=000030205,<li>京急本線「金沢文庫」駅バス10分 徒歩4～5分</li><li>シーサイドライン「八景島」駅 徒歩7分</li><li>シーサイドライン「海の公園柴口」駅 徒歩11～12分</li>
kanagawa,seasidetown,金沢シーサイドタウン　柴,118100,シーサイドライン「海の公園柴口」駅,11.0,12.0,,,,横浜市金沢区柴町367,3号棟,鉄筋コンクリート造,2,N,205号室,3LDK,70,5,114300,3800,2か月,"['近居割', '近居割WIDE']",随時,https://www.ur-net.go.jp/chintai/kanto/kanagawa/40_2500_room.html?JKSS=000030205,<li>京急本線「金沢文庫」駅バス10分 徒歩4～5分</li><li>シーサイドライン「八景島」駅 徒歩7分</li><li>シーサイドライン「海の公園柴口」駅 徒歩11～12分</li>
kanagawa,seasidetown,金沢シーサイドタウン　柴,118100,,,,,,,横浜市金沢区柴町367,3号棟,鉄筋コンクリート造,2,N,205号室,3LDK,70,5,114300,3800,2か月,"['近居割', '近居割WIDE']",随時,https://www.ur-net.go.jp/chintai/kanto/kanagawa/40_2500_room.html?JKSS=000030205,<li>京急本線「金沢文庫」駅バス10分 徒歩4～5分</li><li>シーサイドライン「八景島」駅 徒歩7分</li><li>シーサイドライン「海の公園柴口」駅 徒歩11～12分</li>
kanagawa,seasidetown,ビーコンヒル能見台サウスヒル,164400,京急本線「能見台」駅,6.0,11.0,,,,横浜市金沢区能見台東11,3号棟,鉄筋コンクリート造,7,N,706号室,2LDK,66,10,158700,5700,2か月,['近居割'],随時,https://www.ur-net.go.jp/chintai/kanto/kanagawa/40_3890_room.html?JKSS=000030706,<li>京急本線「能見台」駅 徒歩6～11分</li><li>JR京浜東北・根岸線「磯子」駅バス22分 徒歩9～14分</li><li>京急本線「金沢文庫」駅バス4分 徒歩7～11分</li>
kanagawa,seasidetown,ビーコンヒル能見台サウスヒル,164400,,,,JR京浜東北・根岸線「磯子」駅,31.0,36.0,横浜市金沢区能見台東11,3号棟,鉄筋コンクリート造,7,N,706号室,2LDK,66,10,158700,5700,2か月,['近居割'],随時,https://www.ur-net.go.jp/chintai/kanto/kanagawa/40_3890_room.html?JKSS=000030706,<li>京急本線「能見台」駅 徒歩6～11分</li><li>JR京浜東北・根岸線「磯子」駅バス22分 徒歩9～14分</li><li>京急本線「金沢文庫」駅バス4分 徒歩7～11分</li>
kanagawa,seasidetown,ビーコンヒル能見台サウスヒル,164400,,,,京急本線「金沢文庫」駅,11.0,15.0,横浜市金沢区能見台東11,3号棟,鉄筋コンクリート造,7,N,706号室,2LDK,66,10,158700,5700,2か月,['近居割'],随時,https://www.ur-net.go.jp/chintai/kanto/kanagawa/40_3890_room.html?JKSS=000030706,<li>京急本線「能見台」駅 徒歩6～11分</li><li>JR京浜東北・根岸線「磯子」駅バス22分 徒歩9～14分</li><li>京急本線「金沢文庫」駅バス4分 徒歩7～11分</li>
kanagawa,seasidetown,ビーコンヒル能見台サウスヒル,164400,,,,,,,横浜市金沢区能見台東11,3号棟,鉄筋コンクリート造,7,N,706号室,2LDK,66,10,158700,5700,2か月,['近居割'],随時,https://www.ur-net.go.jp/chintai/kanto/kanagawa/40_3890_room.html?JKSS=000030706,<li>京急本線「能見台」駅 徒歩6～11分</li><li>JR京浜東北・根岸線「磯子」駅バス22分 徒歩9～14分</li><li>京急本線「金沢文庫」駅バス4分 徒歩7～11分</li>
kanagawa,totsuka,東戸塚ビューハイツ,99700,,,,JR横須賀線ほか「東戸塚」駅,17.0,17.0,横浜市戸塚区名瀬町799-2,,鉄筋コンクリート造,1,N,104号室,2LDK,63,7,92700,7000,2か月,['近居割'],随時,https://www.ur-net.go.jp/chintai/kanto/kanagawa/40_2950_room.html?JKSS=000000104,<li>JR横須賀線ほか「東戸塚」駅バス15分 徒歩2分</li>
kanagawa,totsuka,東戸塚ビューハイツ,99700,,,,,,,横浜市戸塚区名瀬町799-2,,鉄筋コンクリート造,1,N,104号室,2LDK,63,7,92700,7000,2か月,['近居割'],随時,https://www.ur-net.go.jp/chintai/kanto/kanagawa/40_2950_room.html?JKSS=000000104,<li>JR横須賀線ほか「東戸塚」駅バス15分 徒歩2分</li>
kanagawa,totsuka,東戸塚ビューハイツ,107800,,,,JR横須賀線ほか「東戸塚」駅,17.0,17.0,横浜市戸塚区名瀬町799-2,,鉄筋コンクリート造,2,N,206号室,2LDK,63,7,100800,7000,2か月,['近居割'],随時,https://www.ur-net.go.jp/chintai/kanto/kanagawa/40_2950_room.html?JKSS=000000206,<li>JR横須賀線ほか「東戸塚」駅バス15分 徒歩2分</li>
kanagawa,totsuka,東戸塚ビューハイツ,107800,,,,,,,横浜市戸塚区名瀬町799-2,,鉄筋コンクリート造,2,N,206号室,2LDK,63,7,100800,7000,2か月,['近居割'],随時,https://www.ur-net.go.jp/chintai/kanto/kanagawa/40_2950_room.html?JKSS=000000206,<li>JR横須賀線ほか「東戸塚」駅バス15分 徒歩2分</li>
kanagawa,totsuka,東戸塚ビューハイツ,111300,,,,JR横須賀線ほか「東戸塚」駅,17.0,17.0,横浜市戸塚区名瀬町799-2,,鉄筋コンクリート造,4,N,406号室,2LDK,63,7,104300,7000,2か月,['近居割'],随時,https://www.ur-net.go.jp/chintai/kanto/kanagawa/40_2950_room.html?JKSS=000000406,<li>JR横須賀線ほか「東戸塚」駅バス15分 徒歩2分</li>
kanagawa,totsuka,東戸塚ビューハイツ,111300,,,,,,,横浜市戸塚区名瀬町799-2,,鉄筋コンクリート造,4,N,406号室,2LDK,63,7,104300,7000,2か月,['近居割'],随時,https://www.ur-net.go.jp/chintai/kanto/kanagawa/40_2950_room.html?JKSS=000000406,<li>JR横須賀線ほか「東戸塚」駅バス15分 徒歩2分</li>
kanagawa,totsuka,グリーンメゾン平戸,105000,,,,JR横須賀線「東戸塚」駅,14.0,15.0,横浜市戸塚区平戸1-2,1号棟,鉄筋コンクリート造,3,N,304号室,3LDK,83,5,100100,4900,2か月,['近居割'],随時,https://www.ur-net.go.jp/chintai/kanto/kanagawa/40_2120_room.html?JKSS=000010304,<li>JR横須賀線「東戸塚」駅バス12分 徒歩2～3分</li><li>JR横須賀線「保土ケ谷」駅バス17分 徒歩2～3分</li><li>横浜市営地下鉄ブルーライン「吉野町」駅バス29分 徒歩1～2分</li>
kanagawa,totsuka,グリーンメゾン平戸,105000,,,,JR横須賀線「保土ケ谷」駅,19.0,20.0,横浜市戸塚区平戸1-2,1号棟,鉄筋コンクリート造,3,N,304号室,3LDK,83,5,100100,4900,2か月,['近居割'],随時,https://www.ur-net.go.jp/chintai/kanto/kanagawa/40_2120_room.html?JKSS=000010304,<li>JR横須賀線「東戸塚」駅バス12分 徒歩2～3分</li><li>JR横須賀線「保土ケ谷」駅バス17分 徒歩2～3分</li><li>横浜市営地下鉄ブルーライン「吉野町」駅バス29分 徒歩1～2分</li>
kanagawa,totsuka,グリーンメゾン平戸,105000,,,,横浜市営地下鉄ブルーライン「吉野町」駅,30.0,31.0,横浜市戸塚区平戸1-2,1号棟,鉄筋コンクリート造,3,N,304号室,3LDK,83,5,100100,4900,2か月,['近居割'],随時,https://www.ur-net.go.jp/chintai/kanto/kanagawa/40_2120_room.html?JKSS=000010304,<li>JR横須賀線「東戸塚」駅バス12分 徒歩2～3分</li><li>JR横須賀線「保土ケ谷」駅バス17分 徒歩2～3分</li><li>横浜市営地下鉄ブルーライン「吉野町」駅バス29分 徒歩1～2分</li>
kanagawa,totsuka,グリーンメゾン平戸,105000,,,,,,,横浜市戸塚区平戸1-2,1号棟,鉄筋コンクリート造,3,N,304号室,3LDK,83,5,100100,4900,2か月,['近居割'],随時,https://www.ur-net.go.jp/chintai/kanto/kanagawa/40_2120_room.html?JKSS=000010304,<li>JR横須賀線「東戸塚」駅バス12分 徒歩2～3分</li><li>JR横須賀線「保土ケ谷」駅バス17分 徒歩2～3分</li><li>横浜市営地下鉄ブルーライン「吉野町」駅バス29分 徒歩1～2分</li>
kanagawa,totsuka,プロムナード矢部,139900,JR東海道本線「戸塚」駅,9.0,13.0,,,,横浜市戸塚区矢部町321,3号棟,鉄筋コンクリート造,7,N,703号室,1LDK,50,13,135300,4600,2か月,['近居割'],随時,https://www.ur-net.go.jp/chintai/kanto/kanagawa/40_3610_room.html?JKSS=000030703,<li>JR東海道本線「戸塚」駅 徒歩9～13分</li><li>JR横須賀線「東戸塚」駅バス20分 徒歩2～7分</li><li>相鉄いずみ野線「弥生台」駅バス20分 徒歩10～15分</li>
kanagawa,totsuka,プロムナード矢部,139900,,,,JR横須賀線「東戸塚」駅,22.0,27.0,横浜市戸塚区矢部町321,3号棟,鉄筋コンクリート造,7,N,703号室,1LDK,50,13,135300,4600,2か月,['近居割'],随時,https://www.ur-net.go.jp/chintai/kanto/kanagawa/40_3610_room.html?JKSS=000030703,<li>JR東海道本線「戸塚」駅 徒歩9～13分</li><li>JR横須賀線「東戸塚」駅バス20分 徒歩2～7分</li><li>相鉄いずみ野線「弥生台」駅バス20分 徒歩10～15分</li>
kanagawa,totsuka,プロムナード矢部,139900,,,,相鉄いずみ野線「弥生台」駅,30.0,35.0,横浜市戸塚区矢部町321,3号棟,鉄筋コンクリート造,7,N,703号室,1LDK,50,13,135300,4600,2か月,['近居割'],随時,https://www.ur-net.go.jp/chintai/kanto/kanagawa/40_3610_room.html?JKSS=000030703,<li>JR東海道本線「戸塚」駅 徒歩9～13分</li><li>JR横須賀線「東戸塚」駅バス20分 徒歩2～7分</li><li>相鉄いずみ野線「弥生台」駅バス20分 徒歩10～15分</li>
kanagawa,totsuka,プロムナード矢部,139900,,,,,,,横浜市戸塚区矢部町321,3号棟,鉄筋コンクリート造,7,N,703号室,1LDK,50,13,135300,4600,2か月,['近居割'],随時,https://www.ur-net.go.jp/chintai/kanto/kanagawa/40_3610_room.html?JKSS=000030703,<li>JR東海道本線「戸塚」駅 徒歩9～13分</li><li>JR横須賀線「東戸塚」駅バス20分 徒歩2～7分</li><li>相鉄いずみ野線「弥生台」駅バス20分 徒歩10～15分</li>
kanagawa,totsuka,プロムナード矢部,147300,JR東海道本線「戸塚」駅,9.0,13.0,,,,横浜市戸塚区矢部町321,4号棟,鉄筋コンクリート造,4,N,405号室,2DK,56,13,142700,4600,2か月,['近居割'],随時,https://www.ur-net.go.jp/chintai/kanto/kanagawa/40_3610_room.html?JKSS=000040405,<li>JR東海道本線「戸塚」駅 徒歩9～13分</li><li>JR横須賀線「東戸塚」駅バス20分 徒歩2～7分</li><li>相鉄いずみ野線「弥生台」駅バス20分 徒歩10～15分</li>
kanagawa,totsuka,プロムナード矢部,147300,,,,JR横須賀線「東戸塚」駅,22.0,27.0,横浜市戸塚区矢部町321,4号棟,鉄筋コンクリート造,4,N,405号室,2DK,56,13,142700,4600,2か月,['近居割'],随時,https://www.ur-net.go.jp/chintai/kanto/kanagawa/40_3610_room.html?JKSS=000040405,<li>JR東海道本線「戸塚」駅 徒歩9～13分</li><li>JR横須賀線「東戸塚」駅バス20分 徒歩2～7分</li><li>相鉄いずみ野線「弥生台」駅バス20分 徒歩10～15分</li>
kanagawa,totsuka,プロムナード矢部,147300,,,,相鉄いずみ野線「弥生台」駅,30.0,35.0,横浜市戸塚区矢部町321,4号棟,鉄筋コンクリート造,4,N,405号室,2DK,56,13,142700,4600,2か月,['近居割'],随時,https://www.ur-net.go.jp/chintai/kanto/kanagawa/40_3610_room.html?JKSS=000040405,<li>JR東海道本線「戸塚」駅 徒歩9～13分</li><li>JR横須賀線「東戸塚」駅バス20分 徒歩2～7分</li><li>相鉄いずみ野線「弥生台」駅バス20分 徒歩10～15分</li>
kanagawa,totsuka,プロムナード矢部,147300,,,,,,,横浜市戸塚区矢部町321,4号棟,鉄筋コンクリート造,4,N,405号室,2DK,56,13,142700,4600,2か月,['近居割'],随時,https://www.ur-net.go.jp/chintai/kanto/kanagawa/40_3610_room.html?JKSS=000040405,<li>JR東海道本線「戸塚」駅 徒歩9～13分</li><li>JR横須賀線「東戸塚」駅バス20分 徒歩2～7分</li><li>相鉄いずみ野線「弥生台」駅バス20分 徒歩10～15分</li>
kanagawa,totsuka,コンフォール上倉田,190200,JR東海道本線「戸塚」駅,7.0,10.0,,,,横浜市戸塚区上倉田町259,9号棟,鉄筋コンクリート造,10,N,1008号室,3LDK,77,12,185400,4800,2か月,['近居割'],随時,https://www.ur-net.go.jp/chintai/kanto/kanagawa/40_3120_room.html?JKSS=000091008,<li>JR東海道本線「戸塚」駅 徒歩7～10分</li>
kanagawa,totsuka,コンフォール上倉田,190200,,,,,,,横浜市戸塚区上倉田町259,9号棟,鉄筋コンクリート造,10,N,1008号室,3LDK,77,12,185400,4800,2か月,['近居割'],随時,https://www.ur-net.go.jp/chintai/kanto/kanagawa/40_3120_room.html?JKSS=000091008,<li>JR東海道本線「戸塚」駅 徒歩7～10分</li>
kanagawa,totsuka,公田町,53100,,,,JR東海道本線「大船」駅,13.0,19.0,横浜市栄区公田町740,13号棟,鉄筋コンクリート造,3,N,308号室,2DK,39,5,48600,4500,2か月,['URライト（3年定借）'],随時,https://www.ur-net.go.jp/chintai/kanto/kanagawa/40_0940_room.html?JKSS=000013308,<li>JR東海道本線「大船」駅バス12～15分 徒歩1～4分</li><li>JR京浜東北・根岸線「本郷台」駅 徒歩18～23分</li><li>京急本線「金沢八景」駅バス29分 徒歩11～13分</li>
kanagawa,totsuka,公田町,53100,JR京浜東北・根岸線「本郷台」駅,18.0,23.0,,,,横浜市栄区公田町740,13号棟,鉄筋コンクリート造,3,N,308号室,2DK,39,5,48600,4500,2か月,['URライト（3年定借）'],随時,https://www.ur-net.go.jp/chintai/kanto/kanagawa/40_0940_room.html?JKSS=000013308,<li>JR東海道本線「大船」駅バス12～15分 徒歩1～4分</li><li>JR京浜東北・根岸線「本郷台」駅 徒歩18～23分</li><li>京急本線「金沢八景」駅バス29分 徒歩11～13分</li>
kanagawa,totsuka,公田町,53100,,,,京急本線「金沢八景」駅,40.0,42.0,横浜市栄区公田町740,13号棟,鉄筋コンクリート造,3,N,308号室,2DK,39,5,48600,4500,2か月,['URライト（3年定借）'],随時,https://www.ur-net.go.jp/chintai/kanto/kanagawa/40_0940_room.html?JKSS=000013308,<li>JR東海道本線「大船」駅バス12～15分 徒歩1～4分</li><li>JR京浜東北・根岸線「本郷台」駅 徒歩18～23分</li><li>京急本線「金沢八景」駅バス29分 徒歩11～13分</li>
kanagawa,totsuka,公田町,53100,,,,,,,横浜市栄区公田町740,13号棟,鉄筋コンクリート造,3,N,308号室,2DK,39,5,48600,4500,2か月,['URライト（3年定借）'],随時,https://www.ur-net.go.jp/chintai/kanto/kanagawa/40_0940_room.html?JKSS=000013308,<li>JR東海道本線「大船」駅バス12～15分 徒歩1～4分</li><li>JR京浜東北・根岸線「本郷台」駅 徒歩18～23分</li><li>京急本線「金沢八景」駅バス29分 徒歩11～13分</li>
kanagawa,totsuka,公田町,53400,,,,JR東海道本線「大船」駅,13.0,19.0,横浜市栄区公田町740,14号棟,鉄筋コンクリート造,4,N,401号室,2DK,39,5,48900,4500,2か月,['URライト（3年定借）'],随時,https://www.ur-net.go.jp/chintai/kanto/kanagawa/40_0940_room.html?JKSS=000014401,<li>JR東海道本線「大船」駅バス12～15分 徒歩1～4分</li><li>JR京浜東北・根岸線「本郷台」駅 徒歩18～23分</li><li>京急本線「金沢八景」駅バス29分 徒歩11～13分</li>
kanagawa,totsuka,公田町,53400,JR京浜東北・根岸線「本郷台」駅,18.0,23.0,,,,横浜市栄区公田町740,14号棟,鉄筋コンクリート造,4,N,401号室,2DK,39,5,48900,4500,2か月,['URライト（3年定借）'],随時,https://www.ur-net.go.jp/chintai/kanto/kanagawa/40_0940_room.html?JKSS=000014401,<li>JR東海道本線「大船」駅バス12～15分 徒歩1～4分</li><li>JR京浜東北・根岸線「本郷台」駅 徒歩18～23分</li><li>京急本線「金沢八景」駅バス29分 徒歩11～13分</li>
kanagawa,totsuka,公田町,53400,,,,京急本線「金沢八景」駅,40.0,42.0,横浜市栄区公田町740,14号棟,鉄筋コンクリート造,4,N,401号室,2DK,39,5,48900,4500,2か月,['URライト（3年定借）'],随時,https://www.ur-net.go.jp/chintai/kanto/kanagawa/40_0940_room.html?JKSS=000014401,<li>JR東海道本線「大船」駅バス12～15分 徒歩1～4分</li><li>JR京浜東北・根岸線「本郷台」駅 徒歩18～23分</li><li>京急本線「金沢八景」駅バス29分 徒歩11～13分</li>
kanagawa,totsuka,公田町,53400,,,,,,,横浜市栄区公田町740,14号棟,鉄筋コンクリート造,4,N,401号室,2DK,39,5,48900,4500,2か月,['URライト（3年定借）'],随時,https://www.ur-net.go.jp/chintai/kanto/kanagawa/40_0940_room.html?JKSS=000014401,<li>JR東海道本線「大船」駅バス12～15分 徒歩1～4分</li><li>JR京浜東北・根岸線「本郷台」駅 徒歩18～23分</li><li>京急本線「金沢八景」駅バス29分 徒歩11～13分</li>
kanagawa,konandai,本郷台駅前,64500,JR京浜東北・根岸線「本郷台」駅,2.0,3.0,,,,横浜市栄区小菅ヶ谷1-4,3号棟,鉄骨鉄筋コンクリート造,3,N,304号室,1K,30,15,61300,3200,2か月,['URライト（5年定借）'],随時,https://www.ur-net.go.jp/chintai/kanto/kanagawa/40_1600_room.html?JKSS=000030304,<li>JR京浜東北・根岸線「本郷台」駅 徒歩2～3分</li><li>JR東海道本線「大船」駅バス8分 徒歩8分</li><li>横浜市営地下鉄ブルーライン「港南中央」駅バス16分 徒歩9分</li>
kanagawa,konandai,本郷台駅前,64500,,,,JR東海道本線「大船」駅,16.0,16.0,横浜市栄区小菅ヶ谷1-4,3号棟,鉄骨鉄筋コンクリート造,3,N,304号室,1K,30,15,61300,3200,2か月,['URライト（5年定借）'],随時,https://www.ur-net.go.jp/chintai/kanto/kanagawa/40_1600_room.html?JKSS=000030304,<li>JR京浜東北・根岸線「本郷台」駅 徒歩2～3分</li><li>JR東海道本線「大船」駅バス8分 徒歩8分</li><li>横浜市営地下鉄ブルーライン「港南中央」駅バス16分 徒歩9分</li>
kanagawa,konandai,本郷台駅前,64500,,,,横浜市営地下鉄ブルーライン「港南中央」駅,25.0,25.0,横浜市栄区小菅ヶ谷1-4,3号棟,鉄骨鉄筋コンクリート造,3,N,304号室,1K,30,15,61300,3200,2か月,['URライト（5年定借）'],随時,https://www.ur-net.go.jp/chintai/kanto/kanagawa/40_1600_room.html?JKSS=000030304,<li>JR京浜東北・根岸線「本郷台」駅 徒歩2～3分</li><li>JR東海道本線「大船」駅バス8分 徒歩8分</li><li>横浜市営地下鉄ブルーライン「港南中央」駅バス16分 徒歩9分</li>
kanagawa,konandai,本郷台駅前,64500,,,,,,,横浜市栄区小菅ヶ谷1-4,3号棟,鉄骨鉄筋コンクリート造,3,N,304号室,1K,30,15,61300,3200,2か月,['URライト（5年定借）'],随時,https://www.ur-net.go.jp/chintai/kanto/kanagawa/40_1600_room.html?JKSS=000030304,<li>JR京浜東北・根岸線「本郷台」駅 徒歩2～3分</li><li>JR東海道本線「大船」駅バス8分 徒歩8分</li><li>横浜市営地下鉄ブルーライン「港南中央」駅バス16分 徒歩9分</li>
kanagawa,konandai,本郷台駅前,95200,JR京浜東北・根岸線「本郷台」駅,2.0,3.0,,,,横浜市栄区小菅ヶ谷1-4,4号棟,鉄骨鉄筋コンクリート造,8,N,812号室,1LDK,45,15,92000,3200,2か月,['URライト（5年定借）'],随時,https://www.ur-net.go.jp/chintai/kanto/kanagawa/40_1600_room.html?JKSS=000040812,<li>JR京浜東北・根岸線「本郷台」駅 徒歩2～3分</li><li>JR東海道本線「大船」駅バス8分 徒歩8分</li><li>横浜市営地下鉄ブルーライン「港南中央」駅バス16分 徒歩9分</li>
kanagawa,konandai,本郷台駅前,95200,,,,JR東海道本線「大船」駅,16.0,16.0,横浜市栄区小菅ヶ谷1-4,4号棟,鉄骨鉄筋コンクリート造,8,N,812号室,1LDK,45,15,92000,3200,2か月,['URライト（5年定借）'],随時,https://www.ur-net.go.jp/chintai/kanto/kanagawa/40_1600_room.html?JKSS=000040812,<li>JR京浜東北・根岸線「本郷台」駅 徒歩2～3分</li><li>JR東海道本線「大船」駅バス8分 徒歩8分</li><li>横浜市営地下鉄ブルーライン「港南中央」駅バス16分 徒歩9分</li>
kanagawa,konandai,本郷台駅前,95200,,,,横浜市営地下鉄ブルーライン「港南中央」駅,25.0,25.0,横浜市栄区小菅ヶ谷1-4,4号棟,鉄骨鉄筋コンクリート造,8,N,812号室,1LDK,45,15,92000,3200,2か月,['URライト（5年定借）'],随時,https://www.ur-net.go.jp/chintai/kanto/kanagawa/40_1600_room.html?JKSS=000040812,<li>JR京浜東北・根岸線「本郷台」駅 徒歩2～3分</li><li>JR東海道本線「大船」駅バス8分 徒歩8分</li><li>横浜市営地下鉄ブルーライン「港南中央」駅バス16分 徒歩9分</li>
kanagawa,konandai,本郷台駅前,95200,,,,,,,横浜市栄区小菅ヶ谷1-4,4号棟,鉄骨鉄筋コンクリート造,8,N,812号室,1LDK,45,15,92000,3200,2か月,['URライト（5年定借）'],随時,https://www.ur-net.go.jp/chintai/kanto/kanagawa/40_1600_room.html?JKSS=000040812,<li>JR京浜東北・根岸線「本郷台」駅 徒歩2～3分</li><li>JR東海道本線「大船」駅バス8分 徒歩8分</li><li>横浜市営地下鉄ブルーライン「港南中央」駅バス16分 徒歩9分</li>
kanagawa,totsuka,飯島,69300,,,,JR東海道本線「戸塚」駅,14.0,22.0,横浜市栄区飯島町527,3-1号棟,鉄筋コンクリート造、鉄骨鉄筋コンクリート造,6,N,604号室,3DK,54,7,64800,4500,2か月,['URライト（2年定借）'],随時,https://www.ur-net.go.jp/chintai/kanto/kanagawa/40_1170_room.html?JKSS=000301604,<li>JR東海道本線「戸塚」駅バス13分 徒歩1～9分</li><li>JR東海道本線「大船」駅バス7分 徒歩6～13分</li>
kanagawa,totsuka,飯島,69300,,,,JR東海道本線「大船」駅,13.0,20.0,横浜市栄区飯島町527,3-1号棟,鉄筋コンクリート造、鉄骨鉄筋コンクリート造,6,N,604号室,3DK,54,7,64800,4500,2か月,['URライト（2年定借）'],随時,https://www.ur-net.go.jp/chintai/kanto/kanagawa/40_1170_room.html?JKSS=000301604,<li>JR東海道本線「戸塚」駅バス13分 徒歩1～9分</li><li>JR東海道本線「大船」駅バス7分 徒歩6～13分</li>
kanagawa,totsuka,飯島,69300,,,,,,,横浜市栄区飯島町527,3-1号棟,鉄筋コンクリート造、鉄骨鉄筋コンクリート造,6,N,604号室,3DK,54,7,64800,4500,2か月,['URライト（2年定借）'],随時,https://www.ur-net.go.jp/chintai/kanto/kanagawa/40_1170_room.html?JKSS=000301604,<li>JR東海道本線「戸塚」駅バス13分 徒歩1～9分</li><li>JR東海道本線「大船」駅バス7分 徒歩6～13分</li>
kanagawa,totsuka,飯島,71400,,,,JR東海道本線「戸塚」駅,14.0,22.0,横浜市栄区飯島町527,4-8号棟,鉄筋コンクリート造、鉄骨鉄筋コンクリート造,2,N,204号室,3DK,50,5,66900,4500,2か月,"['近居割', '近居割WIDE']",随時,https://www.ur-net.go.jp/chintai/kanto/kanagawa/40_1170_room.html?JKSS=000408204,<li>JR東海道本線「戸塚」駅バス13分 徒歩1～9分</li><li>JR東海道本線「大船」駅バス7分 徒歩6～13分</li>
kanagawa,totsuka,飯島,71400,,,,JR東海道本線「大船」駅,13.0,20.0,横浜市栄区飯島町527,4-8号棟,鉄筋コンクリート造、鉄骨鉄筋コンクリート造,2,N,204号室,3DK,50,5,66900,4500,2か月,"['近居割', '近居割WIDE']",随時,https://www.ur-net.go.jp/chintai/kanto/kanagawa/40_1170_room.html?JKSS=000408204,<li>JR東海道本線「戸塚」駅バス13分 徒歩1～9分</li><li>JR東海道本線「大船」駅バス7分 徒歩6～13分</li>
kanagawa,totsuka,飯島,71400,,,,,,,横浜市栄区飯島町527,4-8号棟,鉄筋コンクリート造、鉄骨鉄筋コンクリート造,2,N,204号室,3DK,50,5,66900,4500,2か月,"['近居割', '近居割WIDE']",随時,https://www.ur-net.go.jp/chintai/kanto/kanagawa/40_1170_room.html?JKSS=000408204,<li>JR東海道本線「戸塚」駅バス13分 徒歩1～9分</li><li>JR東海道本線「大船」駅バス7分 徒歩6～13分</li>
kanagawa,sagamiono,相模台,66200,小田急小田原線「小田急相模原」駅,16.0,21.0,小田急小田原線「小田急相模原」駅,9.0,13.0,相模原市南区相模台団地,4-5号棟,鉄筋コンクリート造,5,N,502号室,2DK,45,5,63000,3200,2か月,['URライト（4年定借）'],随時,https://www.ur-net.go.jp/chintai/kanto/kanagawa/40_1080_room.html?JKSS=000405502,<li>小田急小田原線「小田急相模原」駅 徒歩16～21分 又はバス8分 徒歩1～5分</li><li>JR横浜線「古淵」駅バス19分 徒歩3～7分</li>
kanagawa,sagamiono,相模台,66200,,,,JR横浜線「古淵」駅,22.0,26.0,相模原市南区相模台団地,4-5号棟,鉄筋コンクリート造,5,N,502号室,2DK,45,5,63000,3200,2か月,['URライト（4年定借）'],随時,https://www.ur-net.go.jp/chintai/kanto/kanagawa/40_1080_room.html?JKSS=000405502,<li>小田急小田原線「小田急相模原」駅 徒歩16～21分 又はバス8分 徒歩1～5分</li><li>JR横浜線「古淵」駅バス19分 徒歩3～7分</li>
kanagawa,sagamiono,相模台,66200,,,,,,,相模原市南区相模台団地,4-5号棟,鉄筋コンクリート造,5,N,502号室,2DK,45,5,63000,3200,2か月,['URライト（4年定借）'],随時,https://www.ur-net.go.jp/chintai/kanto/kanagawa/40_1080_room.html?JKSS=000405502,<li>小田急小田原線「小田急相模原」駅 徒歩16～21分 又はバス8分 徒歩1～5分</li><li>JR横浜線「古淵」駅バス19分 徒歩3～7分</li>
kanagawa,sagamiono,相模台,74700,小田急小田原線「小田急相模原」駅,16.0,21.0,小田急小田原線「小田急相模原」駅,9.0,13.0,相模原市南区相模台団地,3-2号棟,鉄筋コンクリート造,4,N,401号室,2DK,48,5,71500,3200,2か月,['URライト（4年定借）'],随時,https://www.ur-net.go.jp/chintai/kanto/kanagawa/40_1080_room.html?JKSS=000302401,<li>小田急小田原線「小田急相模原」駅 徒歩16～21分 又はバス8分 徒歩1～5分</li><li>JR横浜線「古淵」駅バス19分 徒歩3～7分</li>
kanagawa,sagamiono,相模台,74700,,,,JR横浜線「古淵」駅,22.0,26.0,相模原市南区相模台団地,3-2号棟,鉄筋コンクリート造,4,N,401号室,2DK,48,5,71500,3200,2か月,['URライト（4年定借）'],随時,https://www.ur-net.go.jp/chintai/kanto/kanagawa/40_1080_room.html?JKSS=000302401,<li>小田急小田原線「小田急相模原」駅 徒歩16～21分 又はバス8分 徒歩1～5分</li><li>JR横浜線「古淵」駅バス19分 徒歩3～7分</li>
kanagawa,sagamiono,相模台,74700,,,,,,,相模原市南区相模台団地,3-2号棟,鉄筋コンクリート造,4,N,401号室,2DK,48,5,71500,3200,2か月,['URライト（4年定借）'],随時,https://www.ur-net.go.jp/chintai/kanto/kanagawa/40_1080_room.html?JKSS=000302401,<li>小田急小田原線「小田急相模原」駅 徒歩16～21分 又はバス8分 徒歩1～5分</li><li>JR横浜線「古淵」駅バス19分 徒歩3～7分</li>
kanagawa,sagamiono,プラザシティ相模大野,129390,小田急小田原線「相模大野」駅,8.0,13.0,,,,相模原市南区相模大野6-23,7号棟,鉄筋コンクリート造,4,N,403号室,1LDK,52,10,125300,4090,2か月,['近居割'],随時,https://www.ur-net.go.jp/chintai/kanto/kanagawa/40_2980_room.html?JKSS=000070403,<li>小田急小田原線「相模大野」駅 徒歩8～13分</li><li>JR横浜線「町田」駅 徒歩26～31分</li><li>小田急江ノ島線「東林間」駅 徒歩18～23分</li>
kanagawa,sagamiono,プラザシティ相模大野,129390,JR横浜線「町田」駅,26.0,31.0,,,,相模原市南区相模大野6-23,7号棟,鉄筋コンクリート造,4,N,403号室,1LDK,52,10,125300,4090,2か月,['近居割'],随時,https://www.ur-net.go.jp/chintai/kanto/kanagawa/40_2980_room.html?JKSS=000070403,<li>小田急小田原線「相模大野」駅 徒歩8～13分</li><li>JR横浜線「町田」駅 徒歩26～31分</li><li>小田急江ノ島線「東林間」駅 徒歩18～23分</li>
kanagawa,sagamiono,プラザシティ相模大野,129390,小田急江ノ島線「東林間」駅,18.0,23.0,,,,相模原市南区相模大野6-23,7号棟,鉄筋コンクリート造,4,N,403号室,1LDK,52,10,125300,4090,2か月,['近居割'],随時,https://www.ur-net.go.jp/chintai/kanto/kanagawa/40_2980_room.html?JKSS=000070403,<li>小田急小田原線「相模大野」駅 徒歩8～13分</li><li>JR横浜線「町田」駅 徒歩26～31分</li><li>小田急江ノ島線「東林間」駅 徒歩18～23分</li>
kanagawa,sagamiono,プラザシティ相模大野,129390,,,,,,,相模原市南区相模大野6-23,7号棟,鉄筋コンクリート造,4,N,403号室,1LDK,52,10,125300,4090,2か月,['近居割'],随時,https://www.ur-net.go.jp/chintai/kanto/kanagawa/40_2980_room.html?JKSS=000070403,<li>小田急小田原線「相模大野」駅 徒歩8～13分</li><li>JR横浜線「町田」駅 徒歩26～31分</li><li>小田急江ノ島線「東林間」駅 徒歩18～23分</li>
kanagawa,sagamiono,プラザシティ相模大野,133690,小田急小田原線「相模大野」駅,8.0,13.0,,,,相模原市南区相模大野6-23,10号棟,鉄筋コンクリート造,2,N,205号室,2LDK,63,8,129600,4090,2か月,['近居割'],随時,https://www.ur-net.go.jp/chintai/kanto/kanagawa/40_2980_room.html?JKSS=000100205,<li>小田急小田原線「相模大野」駅 徒歩8～13分</li><li>JR横浜線「町田」駅 徒歩26～31分</li><li>小田急江ノ島線「東林間」駅 徒歩18～23分</li>
kanagawa,sagamiono,プラザシティ相模大野,133690,JR横浜線「町田」駅,26.0,31.0,,,,相模原市南区相模大野6-23,10号棟,鉄筋コンクリート造,2,N,205号室,2LDK,63,8,129600,4090,2か月,['近居割'],随時,https://www.ur-net.go.jp/chintai/kanto/kanagawa/40_2980_room.html?JKSS=000100205,<li>小田急小田原線「相模大野」駅 徒歩8～13分</li><li>JR横浜線「町田」駅 徒歩26～31分</li><li>小田急江ノ島線「東林間」駅 徒歩18～23分</li>
kanagawa,sagamiono,プラザシティ相模大野,133690,小田急江ノ島線「東林間」駅,18.0,23.0,,,,相模原市南区相模大野6-23,10号棟,鉄筋コンクリート造,2,N,205号室,2LDK,63,8,129600,4090,2か月,['近居割'],随時,https://www.ur-net.go.jp/chintai/kanto/kanagawa/40_2980_room.html?JKSS=000100205,<li>小田急小田原線「相模大野」駅 徒歩8～13分</li><li>JR横浜線「町田」駅 徒歩26～31分</li><li>小田急江ノ島線「東林間」駅 徒歩18～23分</li>
kanagawa,sagamiono,プラザシティ相模大野,133690,,,,,,,相模原市南区相模大野6-23,10号棟,鉄筋コンクリート造,2,N,205号室,2LDK,63,8,129600,4090,2か月,['近居割'],随時,https://www.ur-net.go.jp/chintai/kanto/kanagawa/40_2980_room.html?JKSS=000100205,<li>小田急小田原線「相模大野」駅 徒歩8～13分</li><li>JR横浜線「町田」駅 徒歩26～31分</li><li>小田急江ノ島線「東林間」駅 徒歩18～23分</li>
kanagawa,sagamiono,コンフォールさがみ南,133600,小田急小田原線「小田急相模原」駅,8.0,11.0,,,,相模原市南区相南1-24,9号棟,鉄筋コンクリート造,8,N,802号室,2LDK,65,14,129200,4400,2か月,['近居割'],随時,https://www.ur-net.go.jp/chintai/kanto/kanagawa/40_3870_room.html?JKSS=000090802,<li>小田急小田原線「小田急相模原」駅 徒歩8～11分</li><li>小田急江ノ島線「東林間」駅 徒歩15～18分</li><li>小田急小田原線「相模大野」駅 徒歩32～35分</li>
kanagawa,sagamiono,コンフォールさがみ南,133600,小田急江ノ島線「東林間」駅,15.0,18.0,,,,相模原市南区相南1-24,9号棟,鉄筋コンクリート造,8,N,802号室,2LDK,65,14,129200,4400,2か月,['近居割'],随時,https://www.ur-net.go.jp/chintai/kanto/kanagawa/40_3870_room.html?JKSS=000090802,<li>小田急小田原線「小田急相模原」駅 徒歩8～11分</li><li>小田急江ノ島線「東林間」駅 徒歩15～18分</li><li>小田急小田原線「相模大野」駅 徒歩32～35分</li>
kanagawa,sagamiono,コンフォールさがみ南,133600,小田急小田原線「相模大野」駅,32.0,35.0,,,,相模原市南区相南1-24,9号棟,鉄筋コンクリート造,8,N,802号室,2LDK,65,14,129200,4400,2か月,['近居割'],随時,https://www.ur-net.go.jp/chintai/kanto/kanagawa/40_3870_room.html?JKSS=000090802,<li>小田急小田原線「小田急相模原」駅 徒歩8～11分</li><li>小田急江ノ島線「東林間」駅 徒歩15～18分</li><li>小田急小田原線「相模大野」駅 徒歩32～35分</li>
kanagawa,sagamiono,コンフォールさがみ南,133600,,,,,,,相模原市南区相南1-24,9号棟,鉄筋コンクリート造,8,N,802号室,2LDK,65,14,129200,4400,2か月,['近居割'],随時,https://www.ur-net.go.jp/chintai/kanto/kanagawa/40_3870_room.html?JKSS=000090802,<li>小田急小田原線「小田急相模原」駅 徒歩8～11分</li><li>小田急江ノ島線「東林間」駅 徒歩15～18分</li><li>小田急小田原線「相模大野」駅 徒歩32～35分</li>
kanagawa,sagamiono,コンフォールさがみ南,136000,小田急小田原線「小田急相模原」駅,8.0,11.0,,,,相模原市南区相南1-24,12号棟,鉄筋コンクリート造,5,N,502号室,2LDK,63,5,131600,4400,2か月,['近居割'],随時,https://www.ur-net.go.jp/chintai/kanto/kanagawa/40_3870_room.html?JKSS=000120502,<li>小田急小田原線「小田急相模原」駅 徒歩8～11分</li><li>小田急江ノ島線「東林間」駅 徒歩15～18分</li><li>小田急小田原線「相模大野」駅 徒歩32～35分</li>
kanagawa,sagamiono,コンフォールさがみ南,136000,小田急江ノ島線「東林間」駅,15.0,18.0,,,,相模原市南区相南1-24,12号棟,鉄筋コンクリート造,5,N,502号室,2LDK,63,5,131600,4400,2か月,['近居割'],随時,https://www.ur-net.go.jp/chintai/kanto/kanagawa/40_3870_room.html?JKSS=000120502,<li>小田急小田原線「小田急相模原」駅 徒歩8～11分</li><li>小田急江ノ島線「東林間」駅 徒歩15～18分</li><li>小田急小田原線「相模大野」駅 徒歩32～35分</li>
kanagawa,sagamiono,コンフォールさがみ南,136000,小田急小田原線「相模大野」駅,32.0,35.0,,,,相模原市南区相南1-24,12号棟,鉄筋コンクリート造,5,N,502号室,2LDK,63,5,131600,4400,2か月,['近居割'],随時,https://www.ur-net.go.jp/chintai/kanto/kanagawa/40_3870_room.html?JKSS=000120502,<li>小田急小田原線「小田急相模原」駅 徒歩8～11分</li><li>小田急江ノ島線「東林間」駅 徒歩15～18分</li><li>小田急小田原線「相模大野」駅 徒歩32～35分</li>
kanagawa,sagamiono,コンフォールさがみ南,136000,,,,,,,相模原市南区相南1-24,12号棟,鉄筋コンクリート造,5,N,502号室,2LDK,63,5,131600,4400,2か月,['近居割'],随時,https://www.ur-net.go.jp/chintai/kanto/kanagawa/40_3870_room.html?JKSS=000120502,<li>小田急小田原線「小田急相模原」駅 徒歩8～11分</li><li>小田急江ノ島線「東林間」駅 徒歩15～18分</li><li>小田急小田原線「相模大野」駅 徒歩32～35分</li>
kanagawa,sagamiono,コンフォールさがみ南,153100,小田急小田原線「小田急相模原」駅,8.0,11.0,,,,相模原市南区相南1-24,9号棟,鉄筋コンクリート造,4,N,406号室,3LDK,75,14,148700,4400,2か月,['近居割'],随時,https://www.ur-net.go.jp/chintai/kanto/kanagawa/40_3870_room.html?JKSS=000090406,<li>小田急小田原線「小田急相模原」駅 徒歩8～11分</li><li>小田急江ノ島線「東林間」駅 徒歩15～18分</li><li>小田急小田原線「相模大野」駅 徒歩32～35分</li>
kanagawa,sagamiono,コンフォールさがみ南,153100,小田急江ノ島線「東林間」駅,15.0,18.0,,,,相模原市南区相南1-24,9号棟,鉄筋コンクリート造,4,N,406号室,3LDK,75,14,148700,4400,2か月,['近居割'],随時,https://www.ur-net.go.jp/chintai/kanto/kanagawa/40_3870_room.html?JKSS=000090406,<li>小田急小田原線「小田急相模原」駅 徒歩8～11分</li><li>小田急江ノ島線「東林間」駅 徒歩15～18分</li><li>小田急小田原線「相模大野」駅 徒歩32～35分</li>
kanagawa,sagamiono,コンフォールさがみ南,153100,小田急小田原線「相模大野」駅,32.0,35.0,,,,相模原市南区相南1-24,9号棟,鉄筋コンクリート造,4,N,406号室,3LDK,75,14,148700,4400,2か月,['近居割'],随時,https://www.ur-net.go.jp/chintai/kanto/kanagawa/40_3870_room.html?JKSS=000090406,<li>小田急小田原線「小田急相模原」駅 徒歩8～11分</li><li>小田急江ノ島線「東林間」駅 徒歩15～18分</li><li>小田急小田原線「相模大野」駅 徒歩32～35分</li>
kanagawa,sagamiono,コンフォールさがみ南,153100,,,,,,,相模原市南区相南1-24,9号棟,鉄筋コンクリート造,4,N,406号室,3LDK,75,14,148700,4400,2か月,['近居割'],随時,https://www.ur-net.go.jp/chintai/kanto/kanagawa/40_3870_room.html?JKSS=000090406,<li>小田急小田原線「小田急相模原」駅 徒歩8～11分</li><li>小田急江ノ島線「東林間」駅 徒歩15～18分</li><li>小田急小田原線「相模大野」駅 徒歩32～35分</li>
kanagawa,sagamiono,鶴ヶ丘,142300,小田急小田原線「小田急相模原」駅,7.0,9.0,,,,相模原市南区南台5-2,8号棟,鉄筋コンクリート造,6,N,609号室,4DK,74,7,138900,3400,2か月,['近居割'],随時,https://www.ur-net.go.jp/chintai/kanto/kanagawa/40_3380_room.html?JKSS=000080609,<li>小田急小田原線「小田急相模原」駅 徒歩7～9分</li><li>小田急小田原線「相模大野」駅 徒歩29～32分</li><li>東急田園都市線「中央林間」駅 徒歩39～43分</li>
kanagawa,sagamiono,鶴ヶ丘,142300,小田急小田原線「相模大野」駅,29.0,32.0,,,,相模原市南区南台5-2,8号棟,鉄筋コンクリート造,6,N,609号室,4DK,74,7,138900,3400,2か月,['近居割'],随時,https://www.ur-net.go.jp/chintai/kanto/kanagawa/40_3380_room.html?JKSS=000080609,<li>小田急小田原線「小田急相模原」駅 徒歩7～9分</li><li>小田急小田原線「相模大野」駅 徒歩29～32分</li><li>東急田園都市線「中央林間」駅 徒歩39～43分</li>
kanagawa,sagamiono,鶴ヶ丘,142300,東急田園都市線「中央林間」駅,39.0,43.0,,,,相模原市南区南台5-2,8号棟,鉄筋コンクリート造,6,N,609号室,4DK,74,7,138900,3400,2か月,['近居割'],随時,https://www.ur-net.go.jp/chintai/kanto/kanagawa/40_3380_room.html?JKSS=000080609,<li>小田急小田原線「小田急相模原」駅 徒歩7～9分</li><li>小田急小田原線「相模大野」駅 徒歩29～32分</li><li>東急田園都市線「中央林間」駅 徒歩39～43分</li>
kanagawa,sagamiono,鶴ヶ丘,142300,,,,,,,相模原市南区南台5-2,8号棟,鉄筋コンクリート造,6,N,609号室,4DK,74,7,138900,3400,2か月,['近居割'],随時,https://www.ur-net.go.jp/chintai/kanto/kanagawa/40_3380_room.html?JKSS=000080609,<li>小田急小田原線「小田急相模原」駅 徒歩7～9分</li><li>小田急小田原線「相模大野」駅 徒歩29～32分</li><li>東急田園都市線「中央林間」駅 徒歩39～43分</li>
kanagawa,sagamiono,下大槻,45000,,,,小田急小田原線「東海大学前」駅,8.0,16.0,秦野市下大槻410,2-3号棟,鉄筋コンクリート造、鉄骨鉄筋コンクリート造,5,N,507号室,1LDK,43,5,42100,2900,2か月,['近居割WIDE'],随時,https://www.ur-net.go.jp/chintai/kanto/kanagawa/40_1500_room.html?JKSS=000203507,<li>小田急小田原線「東海大学前」駅バス6分 徒歩2～10分</li><li>小田急小田原線「鶴巻温泉」駅バス12分 徒歩2～10分</li><li>JR東海道本線「平塚」駅バス29分 徒歩4～13分</li>
kanagawa,sagamiono,下大槻,45000,,,,小田急小田原線「鶴巻温泉」駅,14.0,22.0,秦野市下大槻410,2-3号棟,鉄筋コンクリート造、鉄骨鉄筋コンクリート造,5,N,507号室,1LDK,43,5,42100,2900,2か月,['近居割WIDE'],随時,https://www.ur-net.go.jp/chintai/kanto/kanagawa/40_1500_room.html?JKSS=000203507,<li>小田急小田原線「東海大学前」駅バス6分 徒歩2～10分</li><li>小田急小田原線「鶴巻温泉」駅バス12分 徒歩2～10分</li><li>JR東海道本線「平塚」駅バス29分 徒歩4～13分</li>
kanagawa,sagamiono,下大槻,45000,,,,JR東海道本線「平塚」駅,33.0,42.0,秦野市下大槻410,2-3号棟,鉄筋コンクリート造、鉄骨鉄筋コンクリート造,5,N,507号室,1LDK,43,5,42100,2900,2か月,['近居割WIDE'],随時,https://www.ur-net.go.jp/chintai/kanto/kanagawa/40_1500_room.html?JKSS=000203507,<li>小田急小田原線「東海大学前」駅バス6分 徒歩2～10分</li><li>小田急小田原線「鶴巻温泉」駅バス12分 徒歩2～10分</li><li>JR東海道本線「平塚」駅バス29分 徒歩4～13分</li>
kanagawa,sagamiono,下大槻,45000,,,,,,,秦野市下大槻410,2-3号棟,鉄筋コンクリート造、鉄骨鉄筋コンクリート造,5,N,507号室,1LDK,43,5,42100,2900,2か月,['近居割WIDE'],随時,https://www.ur-net.go.jp/chintai/kanto/kanagawa/40_1500_room.html?JKSS=000203507,<li>小田急小田原線「東海大学前」駅バス6分 徒歩2～10分</li><li>小田急小田原線「鶴巻温泉」駅バス12分 徒歩2～10分</li><li>JR東海道本線「平塚」駅バス29分 徒歩4～13分</li>
kanagawa,sagamiono,下大槻,53300,,,,小田急小田原線「東海大学前」駅,8.0,16.0,秦野市下大槻410,2-13号棟,鉄筋コンクリート造、鉄骨鉄筋コンクリート造,6,N,604号室,3DK,52,7,50400,2900,2か月,['近居割WIDE'],随時,https://www.ur-net.go.jp/chintai/kanto/kanagawa/40_1500_room.html?JKSS=000213604,<li>小田急小田原線「東海大学前」駅バス6分 徒歩2～10分</li><li>小田急小田原線「鶴巻温泉」駅バス12分 徒歩2～10分</li><li>JR東海道本線「平塚」駅バス29分 徒歩4～13分</li>
kanagawa,sagamiono,下大槻,53300,,,,小田急小田原線「鶴巻温泉」駅,14.0,22.0,秦野市下大槻410,2-13号棟,鉄筋コンクリート造、鉄骨鉄筋コンクリート造,6,N,604号室,3DK,52,7,50400,2900,2か月,['近居割WIDE'],随時,https://www.ur-net.go.jp/chintai/kanto/kanagawa/40_1500_room.html?JKSS=000213604,<li>小田急小田原線「東海大学前」駅バス6分 徒歩2～10分</li><li>小田急小田原線「鶴巻温泉」駅バス12分 徒歩2～10分</li><li>JR東海道本線「平塚」駅バス29分 徒歩4～13分</li>
kanagawa,sagamiono,下大槻,53300,,,,JR東海道本線「平塚」駅,33.0,42.0,秦野市下大槻410,2-13号棟,鉄筋コンクリート造、鉄骨鉄筋コンクリート造,6,N,604号室,3DK,52,7,50400,2900,2か月,['近居割WIDE'],随時,https://www.ur-net.go.jp/chintai/kanto/kanagawa/40_1500_room.html?JKSS=000213604,<li>小田急小田原線「東海大学前」駅バス6分 徒歩2～10分</li><li>小田急小田原線「鶴巻温泉」駅バス12分 徒歩2～10分</li><li>JR東海道本線「平塚」駅バス29分 徒歩4～13分</li>
kanagawa,sagamiono,下大槻,53300,,,,,,,秦野市下大槻410,2-13号棟,鉄筋コンクリート造、鉄骨鉄筋コンクリート造,6,N,604号室,3DK,52,7,50400,2900,2か月,['近居割WIDE'],随時,https://www.ur-net.go.jp/chintai/kanto/kanagawa/40_1500_room.html?JKSS=000213604,<li>小田急小田原線「東海大学前」駅バス6分 徒歩2～10分</li><li>小田急小田原線「鶴巻温泉」駅バス12分 徒歩2～10分</li><li>JR東海道本線「平塚」駅バス29分 徒歩4～13分</li>
kanagawa,sagamiono,鳶尾,66400,,,,小田急小田原線「本厚木」駅,30.0,34.0,厚木市鳶尾2ほか,25-3号棟,鉄筋コンクリート造、鉄骨鉄筋コンクリート造,6,N,603号室,3K,57,9,62400,4000,2か月,[],随時,https://www.ur-net.go.jp/chintai/kanto/kanagawa/40_1790_room.html?JKSS=025030603,<li>小田急小田原線「本厚木」駅バス28分 徒歩2～6分</li>
kanagawa,sagamiono,鳶尾,66400,,,,,,,厚木市鳶尾2ほか,25-3号棟,鉄筋コンクリート造、鉄骨鉄筋コンクリート造,6,N,603号室,3K,57,9,62400,4000,2か月,[],随時,https://www.ur-net.go.jp/chintai/kanto/kanagawa/40_1790_room.html?JKSS=025030603,<li>小田急小田原線「本厚木」駅バス28分 徒歩2～6分</li>
kanagawa,sagamiono,鳶尾,66700,,,,小田急小田原線「本厚木」駅,30.0,34.0,厚木市鳶尾2ほか,25-3号棟,鉄筋コンクリート造、鉄骨鉄筋コンクリート造,6,N,602号室,3K,57,9,62700,4000,2か月,[],随時,https://www.ur-net.go.jp/chintai/kanto/kanagawa/40_1790_room.html?JKSS=025030602,<li>小田急小田原線「本厚木」駅バス28分 徒歩2～6分</li>
kanagawa,sagamiono,鳶尾,66700,,,,,,,厚木市鳶尾2ほか,25-3号棟,鉄筋コンクリート造、鉄骨鉄筋コンクリート造,6,N,602号室,3K,57,9,62700,4000,2か月,[],随時,https://www.ur-net.go.jp/chintai/kanto/kanagawa/40_1790_room.html?JKSS=025030602,<li>小田急小田原線「本厚木」駅バス28分 徒歩2～6分</li>
kanagawa,sagamiono,鳶尾,70700,,,,小田急小田原線「本厚木」駅,30.0,34.0,厚木市鳶尾2ほか,3-12号棟,鉄筋コンクリート造、鉄骨鉄筋コンクリート造,4,N,404号室,2LDK,58,5,66700,4000,2か月,[],随時,https://www.ur-net.go.jp/chintai/kanto/kanagawa/40_1790_room.html?JKSS=003120404,<li>小田急小田原線「本厚木」駅バス28分 徒歩2～6分</li>
kanagawa,sagamiono,鳶尾,70700,,,,,,,厚木市鳶尾2ほか,3-12号棟,鉄筋コンクリート造、鉄骨鉄筋コンクリート造,4,N,404号室,2LDK,58,5,66700,4000,2か月,[],随時,https://www.ur-net.go.jp/chintai/kanto/kanagawa/40_1790_room.html?JKSS=003120404,<li>小田急小田原線「本厚木」駅バス28分 徒歩2～6分</li>
kanagawa,shonan,上和田,63600,,,,相鉄本線「大和」駅,16.0,25.0,大和市上和田2412,4-6号棟,鉄筋コンクリート造,5,N,503号室,3DK,53,5,60500,3100,2か月,"['近居割', '近居割WIDE']",随時,https://www.ur-net.go.jp/chintai/kanto/kanagawa/40_1240_room.html?JKSS=000406503,<li>相鉄本線「大和」駅バス15～20分 徒歩1～5分</li><li>小田急江ノ島線「高座渋谷」駅 徒歩13～20分</li><li>相鉄いずみ野線「いずみ中央」駅バス13分 徒歩6～14分</li>
kanagawa,shonan,上和田,63600,小田急江ノ島線「高座渋谷」駅,13.0,20.0,,,,大和市上和田2412,4-6号棟,鉄筋コンクリート造,5,N,503号室,3DK,53,5,60500,3100,2か月,"['近居割', '近居割WIDE']",随時,https://www.ur-net.go.jp/chintai/kanto/kanagawa/40_1240_room.html?JKSS=000406503,<li>相鉄本線「大和」駅バス15～20分 徒歩1～5分</li><li>小田急江ノ島線「高座渋谷」駅 徒歩13～20分</li><li>相鉄いずみ野線「いずみ中央」駅バス13分 徒歩6～14分</li>
kanagawa,shonan,上和田,63600,,,,相鉄いずみ野線「いずみ中央」駅,19.0,27.0,大和市上和田2412,4-6号棟,鉄筋コンクリート造,5,N,503号室,3DK,53,5,60500,3100,2か月,"['近居割', '近居割WIDE']",随時,https://www.ur-net.go.jp/chintai/kanto/kanagawa/40_1240_room.html?JKSS=000406503,<li>相鉄本線「大和」駅バス15～20分 徒歩1～5分</li><li>小田急江ノ島線「高座渋谷」駅 徒歩13～20分</li><li>相鉄いずみ野線「いずみ中央」駅バス13分 徒歩6～14分</li>
kanagawa,shonan,上和田,63600,,,,,,,大和市上和田2412,4-6号棟,鉄筋コンクリート造,5,N,503号室,3DK,53,5,60500,3100,2か月,"['近居割', '近居割WIDE']",随時,https://www.ur-net.go.jp/chintai/kanto/kanagawa/40_1240_room.html?JKSS=000406503,<li>相鉄本線「大和」駅バス15～20分 徒歩1～5分</li><li>小田急江ノ島線「高座渋谷」駅 徒歩13～20分</li><li>相鉄いずみ野線「いずみ中央」駅バス13分 徒歩6～14分</li>
kanagawa,shonan,上和田,63600,,,,相鉄本線「大和」駅,16.0,25.0,大和市上和田2412,4-6号棟,鉄筋コンクリート造,5,N,504号室,3DK,53,5,60500,3100,2か月,"['近居割', '近居割WIDE']",随時,https://www.ur-net.go.jp/chintai/kanto/kanagawa/40_1240_room.html?JKSS=000406504,<li>相鉄本線「大和」駅バス15～20分 徒歩1～5分</li><li>小田急江ノ島線「高座渋谷」駅 徒歩13～20分</li><li>相鉄いずみ野線「いずみ中央」駅バス13分 徒歩6～14分</li>
kanagawa,shonan,上和田,63600,小田急江ノ島線「高座渋谷」駅,13.0,20.0,,,,大和市上和田2412,4-6号棟,鉄筋コンクリート造,5,N,504号室,3DK,53,5,60500,3100,2か月,"['近居割', '近居割WIDE']",随時,https://www.ur-net.go.jp/chintai/kanto/kanagawa/40_1240_room.html?JKSS=000406504,<li>相鉄本線「大和」駅バス15～20分 徒歩1～5分</li><li>小田急江ノ島線「高座渋谷」駅 徒歩13～20分</li><li>相鉄いずみ野線「いずみ中央」駅バス13分 徒歩6～14分</li>
kanagawa,shonan,上和田,63600,,,,相鉄いずみ野線「いずみ中央」駅,19.0,27.0,大和市上和田2412,4-6号棟,鉄筋コンクリート造,5,N,504号室,3DK,53,5,60500,3100,2か月,"['近居割', '近居割WIDE']",随時,https://www.ur-net.go.jp/chintai/kanto/kanagawa/40_1240_room.html?JKSS=000406504,<li>相鉄本線「大和」駅バス15～20分 徒歩1～5分</li><li>小田急江ノ島線「高座渋谷」駅 徒歩13～20分</li><li>相鉄いずみ野線「いずみ中央」駅バス13分 徒歩6～14分</li>
kanagawa,shonan,上和田,63600,,,,,,,大和市上和田2412,4-6号棟,鉄筋コンクリート造,5,N,504号室,3DK,53,5,60500,3100,2か月,"['近居割', '近居割WIDE']",随時,https://www.ur-net.go.jp/chintai/kanto/kanagawa/40_1240_room.html?JKSS=000406504,<li>相鉄本線「大和」駅バス15～20分 徒歩1～5分</li><li>小田急江ノ島線「高座渋谷」駅 徒歩13～20分</li><li>相鉄いずみ野線「いずみ中央」駅バス13分 徒歩6～14分</li>
kanagawa,shonan,上和田,63600,,,,相鉄本線「大和」駅,16.0,25.0,大和市上和田2412,4-6号棟,鉄筋コンクリート造,5,N,506号室,3DK,53,5,60500,3100,2か月,"['近居割', '近居割WIDE']",随時,https://www.ur-net.go.jp/chintai/kanto/kanagawa/40_1240_room.html?JKSS=000406506,<li>相鉄本線「大和」駅バス15～20分 徒歩1～5分</li><li>小田急江ノ島線「高座渋谷」駅 徒歩13～20分</li><li>相鉄いずみ野線「いずみ中央」駅バス13分 徒歩6～14分</li>
kanagawa,shonan,上和田,63600,小田急江ノ島線「高座渋谷」駅,13.0,20.0,,,,大和市上和田2412,4-6号棟,鉄筋コンクリート造,5,N,506号室,3DK,53,5,60500,3100,2か月,"['近居割', '近居割WIDE']",随時,https://www.ur-net.go.jp/chintai/kanto/kanagawa/40_1240_room.html?JKSS=000406506,<li>相鉄本線「大和」駅バス15～20分 徒歩1～5分</li><li>小田急江ノ島線「高座渋谷」駅 徒歩13～20分</li><li>相鉄いずみ野線「いずみ中央」駅バス13分 徒歩6～14分</li>
kanagawa,shonan,上和田,63600,,,,相鉄いずみ野線「いずみ中央」駅,19.0,27.0,大和市上和田2412,4-6号棟,鉄筋コンクリート造,5,N,506号室,3DK,53,5,60500,3100,2か月,"['近居割', '近居割WIDE']",随時,https://www.ur-net.go.jp/chintai/kanto/kanagawa/40_1240_room.html?JKSS=000406506,<li>相鉄本線「大和」駅バス15～20分 徒歩1～5分</li><li>小田急江ノ島線「高座渋谷」駅 徒歩13～20分</li><li>相鉄いずみ野線「いずみ中央」駅バス13分 徒歩6～14分</li>
kanagawa,shonan,上和田,63600,,,,,,,大和市上和田2412,4-6号棟,鉄筋コンクリート造,5,N,506号室,3DK,53,5,60500,3100,2か月,"['近居割', '近居割WIDE']",随時,https://www.ur-net.go.jp/chintai/kanto/kanagawa/40_1240_room.html?JKSS=000406506,<li>相鉄本線「大和」駅バス15～20分 徒歩1～5分</li><li>小田急江ノ島線「高座渋谷」駅 徒歩13～20分</li><li>相鉄いずみ野線「いずみ中央」駅バス13分 徒歩6～14分</li>
kanagawa,shonan,上和田,63600,,,,相鉄本線「大和」駅,16.0,25.0,大和市上和田2412,4-8号棟,鉄筋コンクリート造,5,N,502号室,3DK,53,5,60500,3100,2か月,"['近居割', '近居割WIDE']",随時,https://www.ur-net.go.jp/chintai/kanto/kanagawa/40_1240_room.html?JKSS=000408502,<li>相鉄本線「大和」駅バス15～20分 徒歩1～5分</li><li>小田急江ノ島線「高座渋谷」駅 徒歩13～20分</li><li>相鉄いずみ野線「いずみ中央」駅バス13分 徒歩6～14分</li>
kanagawa,shonan,上和田,63600,小田急江ノ島線「高座渋谷」駅,13.0,20.0,,,,大和市上和田2412,4-8号棟,鉄筋コンクリート造,5,N,502号室,3DK,53,5,60500,3100,2か月,"['近居割', '近居割WIDE']",随時,https://www.ur-net.go.jp/chintai/kanto/kanagawa/40_1240_room.html?JKSS=000408502,<li>相鉄本線「大和」駅バス15～20分 徒歩1～5分</li><li>小田急江ノ島線「高座渋谷」駅 徒歩13～20分</li><li>相鉄いずみ野線「いずみ中央」駅バス13分 徒歩6～14分</li>
kanagawa,shonan,上和田,63600,,,,相鉄いずみ野線「いずみ中央」駅,19.0,27.0,大和市上和田2412,4-8号棟,鉄筋コンクリート造,5,N,502号室,3DK,53,5,60500,3100,2か月,"['近居割', '近居割WIDE']",随時,https://www.ur-net.go.jp/chintai/kanto/kanagawa/40_1240_room.html?JKSS=000408502,<li>相鉄本線「大和」駅バス15～20分 徒歩1～5分</li><li>小田急江ノ島線「高座渋谷」駅 徒歩13～20分</li><li>相鉄いずみ野線「いずみ中央」駅バス13分 徒歩6～14分</li>
kanagawa,shonan,上和田,63600,,,,,,,大和市上和田2412,4-8号棟,鉄筋コンクリート造,5,N,502号室,3DK,53,5,60500,3100,2か月,"['近居割', '近居割WIDE']",随時,https://www.ur-net.go.jp/chintai/kanto/kanagawa/40_1240_room.html?JKSS=000408502,<li>相鉄本線「大和」駅バス15～20分 徒歩1～5分</li><li>小田急江ノ島線「高座渋谷」駅 徒歩13～20分</li><li>相鉄いずみ野線「いずみ中央」駅バス13分 徒歩6～14分</li>
kanagawa,shonan,上和田,68800,,,,相鉄本線「大和」駅,16.0,25.0,大和市上和田2412,2-4号棟,鉄筋コンクリート造,2,N,203号室,3DK,53,5,65700,3100,2か月,['健康寿命サポート'],随時,https://www.ur-net.go.jp/chintai/kanto/kanagawa/40_1240_room.html?JKSS=000204203,<li>相鉄本線「大和」駅バス15～20分 徒歩1～5分</li><li>小田急江ノ島線「高座渋谷」駅 徒歩13～20分</li><li>相鉄いずみ野線「いずみ中央」駅バス13分 徒歩6～14分</li>
kanagawa,shonan,上和田,68800,小田急江ノ島線「高座渋谷」駅,13.0,20.0,,,,大和市上和田2412,2-4号棟,鉄筋コンクリート造,2,N,203号室,3DK,53,5,65700,3100,2か月,['健康寿命サポート'],随時,https://www.ur-net.go.jp/chintai/kanto/kanagawa/40_1240_room.html?JKSS=000204203,<li>相鉄本線「大和」駅バス15～20分 徒歩1～5分</li><li>小田急江ノ島線「高座渋谷」駅 徒歩13～20分</li><li>相鉄いずみ野線「いずみ中央」駅バス13分 徒歩6～14分</li>
kanagawa,shonan,上和田,68800,,,,相鉄いずみ野線「いずみ中央」駅,19.0,27.0,大和市上和田2412,2-4号棟,鉄筋コンクリート造,2,N,203号室,3DK,53,5,65700,3100,2か月,['健康寿命サポート'],随時,https://www.ur-net.go.jp/chintai/kanto/kanagawa/40_1240_room.html?JKSS=000204203,<li>相鉄本線「大和」駅バス15～20分 徒歩1～5分</li><li>小田急江ノ島線「高座渋谷」駅 徒歩13～20分</li><li>相鉄いずみ野線「いずみ中央」駅バス13分 徒歩6～14分</li>
kanagawa,shonan,上和田,68800,,,,,,,大和市上和田2412,2-4号棟,鉄筋コンクリート造,2,N,203号室,3DK,53,5,65700,3100,2か月,['健康寿命サポート'],随時,https://www.ur-net.go.jp/chintai/kanto/kanagawa/40_1240_room.html?JKSS=000204203,<li>相鉄本線「大和」駅バス15～20分 徒歩1～5分</li><li>小田急江ノ島線「高座渋谷」駅 徒歩13～20分</li><li>相鉄いずみ野線「いずみ中央」駅バス13分 徒歩6～14分</li>
kanagawa,sagamiono,えびな,94100,小田急小田原線「厚木」駅,4.0,7.0,,,,海老名市中新田2-7,8号棟,鉄筋コンクリート造、鉄骨鉄筋コンクリート造,3,N,303号室,3DK,65,8,88000,6100,2か月,['近居割'],随時,https://www.ur-net.go.jp/chintai/kanto/kanagawa/40_1900_room.html?JKSS=000080303,<li>小田急小田原線「厚木」駅 徒歩4～7分</li><li>小田急小田原線「海老名」駅 徒歩20～22分</li><li>小田急小田原線「本厚木」駅 徒歩25～27分</li>
kanagawa,sagamiono,えびな,94100,小田急小田原線「海老名」駅,20.0,22.0,,,,海老名市中新田2-7,8号棟,鉄筋コンクリート造、鉄骨鉄筋コンクリート造,3,N,303号室,3DK,65,8,88000,6100,2か月,['近居割'],随時,https://www.ur-net.go.jp/chintai/kanto/kanagawa/40_1900_room.html?JKSS=000080303,<li>小田急小田原線「厚木」駅 徒歩4～7分</li><li>小田急小田原線「海老名」駅 徒歩20～22分</li><li>小田急小田原線「本厚木」駅 徒歩25～27分</li>
kanagawa,sagamiono,えびな,94100,小田急小田原線「本厚木」駅,25.0,27.0,,,,海老名市中新田2-7,8号棟,鉄筋コンクリート造、鉄骨鉄筋コンクリート造,3,N,303号室,3DK,65,8,88000,6100,2か月,['近居割'],随時,https://www.ur-net.go.jp/chintai/kanto/kanagawa/40_1900_room.html?JKSS=000080303,<li>小田急小田原線「厚木」駅 徒歩4～7分</li><li>小田急小田原線「海老名」駅 徒歩20～22分</li><li>小田急小田原線「本厚木」駅 徒歩25～27分</li>
kanagawa,sagamiono,えびな,94100,,,,,,,海老名市中新田2-7,8号棟,鉄筋コンクリート造、鉄骨鉄筋コンクリート造,3,N,303号室,3DK,65,8,88000,6100,2か月,['近居割'],随時,https://www.ur-net.go.jp/chintai/kanto/kanagawa/40_1900_room.html?JKSS=000080303,<li>小田急小田原線「厚木」駅 徒歩4～7分</li><li>小田急小田原線「海老名」駅 徒歩20～22分</li><li>小田急小田原線「本厚木」駅 徒歩25～27分</li>
kanagawa,sagamiono,えびな,95100,小田急小田原線「厚木」駅,4.0,7.0,,,,海老名市中新田2-7,6号棟,鉄筋コンクリート造、鉄骨鉄筋コンクリート造,8,N,802号室,3DK,65,8,89000,6100,2か月,['近居割'],随時,https://www.ur-net.go.jp/chintai/kanto/kanagawa/40_1900_room.html?JKSS=000060802,<li>小田急小田原線「厚木」駅 徒歩4～7分</li><li>小田急小田原線「海老名」駅 徒歩20～22分</li><li>小田急小田原線「本厚木」駅 徒歩25～27分</li>
kanagawa,sagamiono,えびな,95100,小田急小田原線「海老名」駅,20.0,22.0,,,,海老名市中新田2-7,6号棟,鉄筋コンクリート造、鉄骨鉄筋コンクリート造,8,N,802号室,3DK,65,8,89000,6100,2か月,['近居割'],随時,https://www.ur-net.go.jp/chintai/kanto/kanagawa/40_1900_room.html?JKSS=000060802,<li>小田急小田原線「厚木」駅 徒歩4～7分</li><li>小田急小田原線「海老名」駅 徒歩20～22分</li><li>小田急小田原線「本厚木」駅 徒歩25～27分</li>
kanagawa,sagamiono,えびな,95100,小田急小田原線「本厚木」駅,25.0,27.0,,,,海老名市中新田2-7,6号棟,鉄筋コンクリート造、鉄骨鉄筋コンクリート造,8,N,802号室,3DK,65,8,89000,6100,2か月,['近居割'],随時,https://www.ur-net.go.jp/chintai/kanto/kanagawa/40_1900_room.html?JKSS=000060802,<li>小田急小田原線「厚木」駅 徒歩4～7分</li><li>小田急小田原線「海老名」駅 徒歩20～22分</li><li>小田急小田原線「本厚木」駅 徒歩25～27分</li>
kanagawa,sagamiono,えびな,95100,,,,,,,海老名市中新田2-7,6号棟,鉄筋コンクリート造、鉄骨鉄筋コンクリート造,8,N,802号室,3DK,65,8,89000,6100,2か月,['近居割'],随時,https://www.ur-net.go.jp/chintai/kanto/kanagawa/40_1900_room.html?JKSS=000060802,<li>小田急小田原線「厚木」駅 徒歩4～7分</li><li>小田急小田原線「海老名」駅 徒歩20～22分</li><li>小田急小田原線「本厚木」駅 徒歩25～27分</li>
kanagawa,sagamiono,えびな,95100,小田急小田原線「厚木」駅,4.0,7.0,,,,海老名市中新田2-7,7号棟,鉄筋コンクリート造、鉄骨鉄筋コンクリート造,2,N,208号室,3DK,65,8,89000,6100,2か月,['近居割'],随時,https://www.ur-net.go.jp/chintai/kanto/kanagawa/40_1900_room.html?JKSS=000070208,<li>小田急小田原線「厚木」駅 徒歩4～7分</li><li>小田急小田原線「海老名」駅 徒歩20～22分</li><li>小田急小田原線「本厚木」駅 徒歩25～27分</li>
kanagawa,sagamiono,えびな,95100,小田急小田原線「海老名」駅,20.0,22.0,,,,海老名市中新田2-7,7号棟,鉄筋コンクリート造、鉄骨鉄筋コンクリート造,2,N,208号室,3DK,65,8,89000,6100,2か月,['近居割'],随時,https://www.ur-net.go.jp/chintai/kanto/kanagawa/40_1900_room.html?JKSS=000070208,<li>小田急小田原線「厚木」駅 徒歩4～7分</li><li>小田急小田原線「海老名」駅 徒歩20～22分</li><li>小田急小田原線「本厚木」駅 徒歩25～27分</li>
kanagawa,sagamiono,えびな,95100,小田急小田原線「本厚木」駅,25.0,27.0,,,,海老名市中新田2-7,7号棟,鉄筋コンクリート造、鉄骨鉄筋コンクリート造,2,N,208号室,3DK,65,8,89000,6100,2か月,['近居割'],随時,https://www.ur-net.go.jp/chintai/kanto/kanagawa/40_1900_room.html?JKSS=000070208,<li>小田急小田原線「厚木」駅 徒歩4～7分</li><li>小田急小田原線「海老名」駅 徒歩20～22分</li><li>小田急小田原線「本厚木」駅 徒歩25～27分</li>
kanagawa,sagamiono,えびな,95100,,,,,,,海老名市中新田2-7,7号棟,鉄筋コンクリート造、鉄骨鉄筋コンクリート造,2,N,208号室,3DK,65,8,89000,6100,2か月,['近居割'],随時,https://www.ur-net.go.jp/chintai/kanto/kanagawa/40_1900_room.html?JKSS=000070208,<li>小田急小田原線「厚木」駅 徒歩4～7分</li><li>小田急小田原線「海老名」駅 徒歩20～22分</li><li>小田急小田原線「本厚木」駅 徒歩25～27分</li>
kanagawa,sagamiono,えびな,96800,小田急小田原線「厚木」駅,4.0,7.0,,,,海老名市中新田2-7,7号棟,鉄筋コンクリート造、鉄骨鉄筋コンクリート造,8,N,806号室,2LDK,65,8,90700,6100,2か月,['近居割'],随時,https://www.ur-net.go.jp/chintai/kanto/kanagawa/40_1900_room.html?JKSS=000070806,<li>小田急小田原線「厚木」駅 徒歩4～7分</li><li>小田急小田原線「海老名」駅 徒歩20～22分</li><li>小田急小田原線「本厚木」駅 徒歩25～27分</li>
kanagawa,sagamiono,えびな,96800,小田急小田原線「海老名」駅,20.0,22.0,,,,海老名市中新田2-7,7号棟,鉄筋コンクリート造、鉄骨鉄筋コンクリート造,8,N,806号室,2LDK,65,8,90700,6100,2か月,['近居割'],随時,https://www.ur-net.go.jp/chintai/kanto/kanagawa/40_1900_room.html?JKSS=000070806,<li>小田急小田原線「厚木」駅 徒歩4～7分</li><li>小田急小田原線「海老名」駅 徒歩20～22分</li><li>小田急小田原線「本厚木」駅 徒歩25～27分</li>
kanagawa,sagamiono,えびな,96800,小田急小田原線「本厚木」駅,25.0,27.0,,,,海老名市中新田2-7,7号棟,鉄筋コンクリート造、鉄骨鉄筋コンクリート造,8,N,806号室,2LDK,65,8,90700,6100,2か月,['近居割'],随時,https://www.ur-net.go.jp/chintai/kanto/kanagawa/40_1900_room.html?JKSS=000070806,<li>小田急小田原線「厚木」駅 徒歩4～7分</li><li>小田急小田原線「海老名」駅 徒歩20～22分</li><li>小田急小田原線「本厚木」駅 徒歩25～27分</li>
kanagawa,sagamiono,えびな,96800,,,,,,,海老名市中新田2-7,7号棟,鉄筋コンクリート造、鉄骨鉄筋コンクリート造,8,N,806号室,2LDK,65,8,90700,6100,2か月,['近居割'],随時,https://www.ur-net.go.jp/chintai/kanto/kanagawa/40_1900_room.html?JKSS=000070806,<li>小田急小田原線「厚木」駅 徒歩4～7分</li><li>小田急小田原線「海老名」駅 徒歩20～22分</li><li>小田急小田原線「本厚木」駅 徒歩25～27分</li>
kanagawa,sagamiono,さがみ野さくら,96300,相鉄本線「さがみ野」駅,8.0,10.0,,,,座間市東原5-1,13号棟,鉄筋コンクリート造,5,N,506号室,3LDK,69,5,94100,2200,2か月,['近居割'],随時,https://www.ur-net.go.jp/chintai/kanto/kanagawa/40_2430_room.html?JKSS=000130506,<li>相鉄本線「さがみ野」駅 徒歩8～10分</li><li>小田急江ノ島線「南林間」駅バス9分 徒歩1～3分</li><li>小田急小田原線「座間」駅バス8分 徒歩9～11分</li>
kanagawa,sagamiono,さがみ野さくら,96300,,,,小田急江ノ島線「南林間」駅,10.0,12.0,座間市東原5-1,13号棟,鉄筋コンクリート造,5,N,506号室,3LDK,69,5,94100,2200,2か月,['近居割'],随時,https://www.ur-net.go.jp/chintai/kanto/kanagawa/40_2430_room.html?JKSS=000130506,<li>相鉄本線「さがみ野」駅 徒歩8～10分</li><li>小田急江ノ島線「南林間」駅バス9分 徒歩1～3分</li><li>小田急小田原線「座間」駅バス8分 徒歩9～11分</li>
kanagawa,sagamiono,さがみ野さくら,96300,,,,小田急小田原線「座間」駅,17.0,19.0,座間市東原5-1,13号棟,鉄筋コンクリート造,5,N,506号室,3LDK,69,5,94100,2200,2か月,['近居割'],随時,https://www.ur-net.go.jp/chintai/kanto/kanagawa/40_2430_room.html?JKSS=000130506,<li>相鉄本線「さがみ野」駅 徒歩8～10分</li><li>小田急江ノ島線「南林間」駅バス9分 徒歩1～3分</li><li>小田急小田原線「座間」駅バス8分 徒歩9～11分</li>
kanagawa,sagamiono,さがみ野さくら,96300,,,,,,,座間市東原5-1,13号棟,鉄筋コンクリート造,5,N,506号室,3LDK,69,5,94100,2200,2か月,['近居割'],随時,https://www.ur-net.go.jp/chintai/kanto/kanagawa/40_2430_room.html?JKSS=000130506,<li>相鉄本線「さがみ野」駅 徒歩8～10分</li><li>小田急江ノ島線「南林間」駅バス9分 徒歩1～3分</li><li>小田急小田原線「座間」駅バス8分 徒歩9～11分</li>
kanagawa,shonan,サンヴァリエ平塚,64800,,,,JR東海道本線「平塚」駅,21.0,23.0,平塚市高村203,19号棟,鉄筋コンクリート造、鉄骨鉄筋コンクリート造,3,N,308号室,2DK,50,8,61700,3100,2か月,['近居割WIDE'],随時,https://www.ur-net.go.jp/chintai/kanto/kanagawa/40_1780_room.html?JKSS=000190308,<li>JR東海道本線「平塚」駅バス20分 徒歩1～3分</li><li>小田急小田原線「伊勢原」駅バス33分 徒歩2～5分</li><li>JR東海道本線「大磯」駅 徒歩53～56分</li>
kanagawa,shonan,サンヴァリエ平塚,64800,,,,小田急小田原線「伊勢原」駅,35.0,38.0,平塚市高村203,19号棟,鉄筋コンクリート造、鉄骨鉄筋コンクリート造,3,N,308号室,2DK,50,8,61700,3100,2か月,['近居割WIDE'],随時,https://www.ur-net.go.jp/chintai/kanto/kanagawa/40_1780_room.html?JKSS=000190308,<li>JR東海道本線「平塚」駅バス20分 徒歩1～3分</li><li>小田急小田原線「伊勢原」駅バス33分 徒歩2～5分</li><li>JR東海道本線「大磯」駅 徒歩53～56分</li>
kanagawa,shonan,サンヴァリエ平塚,64800,JR東海道本線「大磯」駅,53.0,56.0,,,,平塚市高村203,19号棟,鉄筋コンクリート造、鉄骨鉄筋コンクリート造,3,N,308号室,2DK,50,8,61700,3100,2か月,['近居割WIDE'],随時,https://www.ur-net.go.jp/chintai/kanto/kanagawa/40_1780_room.html?JKSS=000190308,<li>JR東海道本線「平塚」駅バス20分 徒歩1～3分</li><li>小田急小田原線「伊勢原」駅バス33分 徒歩2～5分</li><li>JR東海道本線「大磯」駅 徒歩53～56分</li>
kanagawa,shonan,サンヴァリエ平塚,64800,,,,,,,平塚市高村203,19号棟,鉄筋コンクリート造、鉄骨鉄筋コンクリート造,3,N,308号室,2DK,50,8,61700,3100,2か月,['近居割WIDE'],随時,https://www.ur-net.go.jp/chintai/kanto/kanagawa/40_1780_room.html?JKSS=000190308,<li>JR東海道本線「平塚」駅バス20分 徒歩1～3分</li><li>小田急小田原線「伊勢原」駅バス33分 徒歩2～5分</li><li>JR東海道本線「大磯」駅 徒歩53～56分</li>
kanagawa,shonan,サンヴァリエ平塚,65100,,,,JR東海道本線「平塚」駅,21.0,23.0,平塚市高村203,11号棟,鉄筋コンクリート造、鉄骨鉄筋コンクリート造,5,N,502号室,2DK,50,8,62000,3100,2か月,['近居割WIDE'],随時,https://www.ur-net.go.jp/chintai/kanto/kanagawa/40_1780_room.html?JKSS=000110502,<li>JR東海道本線「平塚」駅バス20分 徒歩1～3分</li><li>小田急小田原線「伊勢原」駅バス33分 徒歩2～5分</li><li>JR東海道本線「大磯」駅 徒歩53～56分</li>
kanagawa,shonan,サンヴァリエ平塚,65100,,,,小田急小田原線「伊勢原」駅,35.0,38.0,平塚市高村203,11号棟,鉄筋コンクリート造、鉄骨鉄筋コンクリート造,5,N,502号室,2DK,50,8,62000,3100,2か月,['近居割WIDE'],随時,https://www.ur-net.go.jp/chintai/kanto/kanagawa/40_1780_room.html?JKSS=000110502,<li>JR東海道本線「平塚」駅バス20分 徒歩1～3分</li><li>小田急小田原線「伊勢原」駅バス33分 徒歩2～5分</li><li>JR東海道本線「大磯」駅 徒歩53～56分</li>
kanagawa,shonan,サンヴァリエ平塚,65100,JR東海道本線「大磯」駅,53.0,56.0,,,,平塚市高村203,11号棟,鉄筋コンクリート造、鉄骨鉄筋コンクリート造,5,N,502号室,2DK,50,8,62000,3100,2か月,['近居割WIDE'],随時,https://www.ur-net.go.jp/chintai/kanto/kanagawa/40_1780_room.html?JKSS=000110502,<li>JR東海道本線「平塚」駅バス20分 徒歩1～3分</li><li>小田急小田原線「伊勢原」駅バス33分 徒歩2～5分</li><li>JR東海道本線「大磯」駅 徒歩53～56分</li>
kanagawa,shonan,サンヴァリエ平塚,65100,,,,,,,平塚市高村203,11号棟,鉄筋コンクリート造、鉄骨鉄筋コンクリート造,5,N,502号室,2DK,50,8,62000,3100,2か月,['近居割WIDE'],随時,https://www.ur-net.go.jp/chintai/kanto/kanagawa/40_1780_room.html?JKSS=000110502,<li>JR東海道本線「平塚」駅バス20分 徒歩1～3分</li><li>小田急小田原線「伊勢原」駅バス33分 徒歩2～5分</li><li>JR東海道本線「大磯」駅 徒歩53～56分</li>
kanagawa,shonan,サンヴァリエ平塚,65100,,,,JR東海道本線「平塚」駅,21.0,23.0,平塚市高村203,11号棟,鉄筋コンクリート造、鉄骨鉄筋コンクリート造,8,N,802号室,2DK,50,8,62000,3100,2か月,['近居割WIDE'],随時,https://www.ur-net.go.jp/chintai/kanto/kanagawa/40_1780_room.html?JKSS=000110802,<li>JR東海道本線「平塚」駅バス20分 徒歩1～3分</li><li>小田急小田原線「伊勢原」駅バス33分 徒歩2～5分</li><li>JR東海道本線「大磯」駅 徒歩53～56分</li>
kanagawa,shonan,サンヴァリエ平塚,65100,,,,小田急小田原線「伊勢原」駅,35.0,38.0,平塚市高村203,11号棟,鉄筋コンクリート造、鉄骨鉄筋コンクリート造,8,N,802号室,2DK,50,8,62000,3100,2か月,['近居割WIDE'],随時,https://www.ur-net.go.jp/chintai/kanto/kanagawa/40_1780_room.html?JKSS=000110802,<li>JR東海道本線「平塚」駅バス20分 徒歩1～3分</li><li>小田急小田原線「伊勢原」駅バス33分 徒歩2～5分</li><li>JR東海道本線「大磯」駅 徒歩53～56分</li>
kanagawa,shonan,サンヴァリエ平塚,65100,JR東海道本線「大磯」駅,53.0,56.0,,,,平塚市高村203,11号棟,鉄筋コンクリート造、鉄骨鉄筋コンクリート造,8,N,802号室,2DK,50,8,62000,3100,2か月,['近居割WIDE'],随時,https://www.ur-net.go.jp/chintai/kanto/kanagawa/40_1780_room.html?JKSS=000110802,<li>JR東海道本線「平塚」駅バス20分 徒歩1～3分</li><li>小田急小田原線「伊勢原」駅バス33分 徒歩2～5分</li><li>JR東海道本線「大磯」駅 徒歩53～56分</li>
kanagawa,shonan,サンヴァリエ平塚,65100,,,,,,,平塚市高村203,11号棟,鉄筋コンクリート造、鉄骨鉄筋コンクリート造,8,N,802号室,2DK,50,8,62000,3100,2か月,['近居割WIDE'],随時,https://www.ur-net.go.jp/chintai/kanto/kanagawa/40_1780_room.html?JKSS=000110802,<li>JR東海道本線「平塚」駅バス20分 徒歩1～3分</li><li>小田急小田原線「伊勢原」駅バス33分 徒歩2～5分</li><li>JR東海道本線「大磯」駅 徒歩53～56分</li>
kanagawa,shonan,サンヴァリエ平塚,65100,,,,JR東海道本線「平塚」駅,21.0,23.0,平塚市高村203,16号棟,鉄筋コンクリート造、鉄骨鉄筋コンクリート造,8,N,808号室,2DK,50,8,62000,3100,2か月,['近居割WIDE'],随時,https://www.ur-net.go.jp/chintai/kanto/kanagawa/40_1780_room.html?JKSS=000160808,<li>JR東海道本線「平塚」駅バス20分 徒歩1～3分</li><li>小田急小田原線「伊勢原」駅バス33分 徒歩2～5分</li><li>JR東海道本線「大磯」駅 徒歩53～56分</li>
kanagawa,shonan,サンヴァリエ平塚,65100,,,,小田急小田原線「伊勢原」駅,35.0,38.0,平塚市高村203,16号棟,鉄筋コンクリート造、鉄骨鉄筋コンクリート造,8,N,808号室,2DK,50,8,62000,3100,2か月,['近居割WIDE'],随時,https://www.ur-net.go.jp/chintai/kanto/kanagawa/40_1780_room.html?JKSS=000160808,<li>JR東海道本線「平塚」駅バス20分 徒歩1～3分</li><li>小田急小田原線「伊勢原」駅バス33分 徒歩2～5分</li><li>JR東海道本線「大磯」駅 徒歩53～56分</li>
kanagawa,shonan,サンヴァリエ平塚,65100,JR東海道本線「大磯」駅,53.0,56.0,,,,平塚市高村203,16号棟,鉄筋コンクリート造、鉄骨鉄筋コンクリート造,8,N,808号室,2DK,50,8,62000,3100,2か月,['近居割WIDE'],随時,https://www.ur-net.go.jp/chintai/kanto/kanagawa/40_1780_room.html?JKSS=000160808,<li>JR東海道本線「平塚」駅バス20分 徒歩1～3分</li><li>小田急小田原線「伊勢原」駅バス33分 徒歩2～5分</li><li>JR東海道本線「大磯」駅 徒歩53～56分</li>
kanagawa,shonan,サンヴァリエ平塚,65100,,,,,,,平塚市高村203,16号棟,鉄筋コンクリート造、鉄骨鉄筋コンクリート造,8,N,808号室,2DK,50,8,62000,3100,2か月,['近居割WIDE'],随時,https://www.ur-net.go.jp/chintai/kanto/kanagawa/40_1780_room.html?JKSS=000160808,<li>JR東海道本線「平塚」駅バス20分 徒歩1～3分</li><li>小田急小田原線「伊勢原」駅バス33分 徒歩2～5分</li><li>JR東海道本線「大磯」駅 徒歩53～56分</li>
kanagawa,shonan,サンヴァリエ平塚,65100,,,,JR東海道本線「平塚」駅,21.0,23.0,平塚市高村203,17号棟,鉄筋コンクリート造、鉄骨鉄筋コンクリート造,5,N,506号室,2DK,50,8,62000,3100,2か月,['近居割WIDE'],随時,https://www.ur-net.go.jp/chintai/kanto/kanagawa/40_1780_room.html?JKSS=000170506,<li>JR東海道本線「平塚」駅バス20分 徒歩1～3分</li><li>小田急小田原線「伊勢原」駅バス33分 徒歩2～5分</li><li>JR東海道本線「大磯」駅 徒歩53～56分</li>
kanagawa,shonan,サンヴァリエ平塚,65100,,,,小田急小田原線「伊勢原」駅,35.0,38.0,平塚市高村203,17号棟,鉄筋コンクリート造、鉄骨鉄筋コンクリート造,5,N,506号室,2DK,50,8,62000,3100,2か月,['近居割WIDE'],随時,https://www.ur-net.go.jp/chintai/kanto/kanagawa/40_1780_room.html?JKSS=000170506,<li>JR東海道本線「平塚」駅バス20分 徒歩1～3分</li><li>小田急小田原線「伊勢原」駅バス33分 徒歩2～5分</li><li>JR東海道本線「大磯」駅 徒歩53～56分</li>
kanagawa,shonan,サンヴァリエ平塚,65100,JR東海道本線「大磯」駅,53.0,56.0,,,,平塚市高村203,17号棟,鉄筋コンクリート造、鉄骨鉄筋コンクリート造,5,N,506号室,2DK,50,8,62000,3100,2か月,['近居割WIDE'],随時,https://www.ur-net.go.jp/chintai/kanto/kanagawa/40_1780_room.html?JKSS=000170506,<li>JR東海道本線「平塚」駅バス20分 徒歩1～3分</li><li>小田急小田原線「伊勢原」駅バス33分 徒歩2～5分</li><li>JR東海道本線「大磯」駅 徒歩53～56分</li>
kanagawa,shonan,サンヴァリエ平塚,65100,,,,,,,平塚市高村203,17号棟,鉄筋コンクリート造、鉄骨鉄筋コンクリート造,5,N,506号室,2DK,50,8,62000,3100,2か月,['近居割WIDE'],随時,https://www.ur-net.go.jp/chintai/kanto/kanagawa/40_1780_room.html?JKSS=000170506,<li>JR東海道本線「平塚」駅バス20分 徒歩1～3分</li><li>小田急小田原線「伊勢原」駅バス33分 徒歩2～5分</li><li>JR東海道本線「大磯」駅 徒歩53～56分</li>
kanagawa,shonan,善行,53100,小田急江ノ島線「善行」駅,11.0,19.0,小田急江ノ島線「善行」駅,5.0,13.0,藤沢市善行団地1-1ほか,2-6号棟,鉄筋コンクリート造,5,N,502号室,2DK,41,5,49800,3300,2か月,['URライト（4年定借）'],随時,https://www.ur-net.go.jp/chintai/kanto/kanagawa/40_1040_room.html?JKSS=000206502,<li>小田急江ノ島線「善行」駅 徒歩11～19分 又はバス4～8分 徒歩1～5分</li>
kanagawa,shonan,善行,53100,,,,,,,藤沢市善行団地1-1ほか,2-6号棟,鉄筋コンクリート造,5,N,502号室,2DK,41,5,49800,3300,2か月,['URライト（4年定借）'],随時,https://www.ur-net.go.jp/chintai/kanto/kanagawa/40_1040_room.html?JKSS=000206502,<li>小田急江ノ島線「善行」駅 徒歩11～19分 又はバス4～8分 徒歩1～5分</li>
kanagawa,shonan,善行,55500,小田急江ノ島線「善行」駅,11.0,19.0,小田急江ノ島線「善行」駅,5.0,13.0,藤沢市善行団地1-1ほか,2-13号棟,鉄筋コンクリート造,3,N,304号室,1LDK,41,5,52200,3300,2か月,['URライト（4年定借）'],随時,https://www.ur-net.go.jp/chintai/kanto/kanagawa/40_1040_room.html?JKSS=000213304,<li>小田急江ノ島線「善行」駅 徒歩11～19分 又はバス4～8分 徒歩1～5分</li>
kanagawa,shonan,善行,55500,,,,,,,藤沢市善行団地1-1ほか,2-13号棟,鉄筋コンクリート造,3,N,304号室,1LDK,41,5,52200,3300,2か月,['URライト（4年定借）'],随時,https://www.ur-net.go.jp/chintai/kanto/kanagawa/40_1040_room.html?JKSS=000213304,<li>小田急江ノ島線「善行」駅 徒歩11～19分 又はバス4～8分 徒歩1～5分</li>
kanagawa,shonan,善行,55500,小田急江ノ島線「善行」駅,11.0,19.0,小田急江ノ島線「善行」駅,5.0,13.0,藤沢市善行団地1-1ほか,7-11号棟,鉄筋コンクリート造,2,N,204号室,1LDK,41,5,52200,3300,2か月,['URライト（4年定借）'],随時,https://www.ur-net.go.jp/chintai/kanto/kanagawa/40_1040_room.html?JKSS=000711204,<li>小田急江ノ島線「善行」駅 徒歩11～19分 又はバス4～8分 徒歩1～5分</li>
kanagawa,shonan,善行,55500,,,,,,,藤沢市善行団地1-1ほか,7-11号棟,鉄筋コンクリート造,2,N,204号室,1LDK,41,5,52200,3300,2か月,['URライト（4年定借）'],随時,https://www.ur-net.go.jp/chintai/kanto/kanagawa/40_1040_room.html?JKSS=000711204,<li>小田急江ノ島線「善行」駅 徒歩11～19分 又はバス4～8分 徒歩1～5分</li>
kanagawa,shonan,善行,61300,小田急江ノ島線「善行」駅,11.0,19.0,小田急江ノ島線「善行」駅,5.0,13.0,藤沢市善行団地1-1ほか,7-2号棟,鉄筋コンクリート造,3,N,305号室,3K,45,5,58000,3300,2か月,['URライト（4年定借）'],随時,https://www.ur-net.go.jp/chintai/kanto/kanagawa/40_1040_room.html?JKSS=000702305,<li>小田急江ノ島線「善行」駅 徒歩11～19分 又はバス4～8分 徒歩1～5分</li>
kanagawa,shonan,善行,61300,,,,,,,藤沢市善行団地1-1ほか,7-2号棟,鉄筋コンクリート造,3,N,305号室,3K,45,5,58000,3300,2か月,['URライト（4年定借）'],随時,https://www.ur-net.go.jp/chintai/kanto/kanagawa/40_1040_room.html?JKSS=000702305,<li>小田急江ノ島線「善行」駅 徒歩11～19分 又はバス4～8分 徒歩1～5分</li>
kanagawa,shonan,善行,62400,小田急江ノ島線「善行」駅,11.0,19.0,小田急江ノ島線「善行」駅,5.0,13.0,藤沢市善行団地1-1ほか,5-5号棟,鉄筋コンクリート造,5,N,505号室,3K,48,5,59100,3300,2か月,"['URライト（4年定借）', 'フリレ2か月']",随時,https://www.ur-net.go.jp/chintai/kanto/kanagawa/40_1040_room.html?JKSS=000505505,<li>小田急江ノ島線「善行」駅 徒歩11～19分 又はバス4～8分 徒歩1～5分</li>
kanagawa,shonan,善行,62400,,,,,,,藤沢市善行団地1-1ほか,5-5号棟,鉄筋コンクリート造,5,N,505号室,3K,48,5,59100,3300,2か月,"['URライト（4年定借）', 'フリレ2か月']",随時,https://www.ur-net.go.jp/chintai/kanto/kanagawa/40_1040_room.html?JKSS=000505505,<li>小田急江ノ島線「善行」駅 徒歩11～19分 又はバス4～8分 徒歩1～5分</li>
kanagawa,shonan,鶴が台,61000,,,,JR東海道本線「茅ケ崎」駅,10.0,18.0,茅ヶ崎市鶴が台,4-1号棟,鉄筋コンクリート造,5,N,501号室,3DK,53,5,57400,3600,2か月,['近居割'],随時,https://www.ur-net.go.jp/chintai/kanto/kanagawa/40_1160_room.html?JKSS=000401501,<li>JR東海道本線「茅ケ崎」駅バス9～13分 徒歩1～5分</li><li>JR相模線「北茅ケ崎」駅 徒歩14～19分</li><li>JR相模線「香川」駅 徒歩15～23分</li>
kanagawa,shonan,鶴が台,61000,JR相模線「北茅ケ崎」駅,14.0,19.0,,,,茅ヶ崎市鶴が台,4-1号棟,鉄筋コンクリート造,5,N,501号室,3DK,53,5,57400,3600,2か月,['近居割'],随時,https://www.ur-net.go.jp/chintai/kanto/kanagawa/40_1160_room.html?JKSS=000401501,<li>JR東海道本線「茅ケ崎」駅バス9～13分 徒歩1～5分</li><li>JR相模線「北茅ケ崎」駅 徒歩14～19分</li><li>JR相模線「香川」駅 徒歩15～23分</li>
kanagawa,shonan,鶴が台,61000,JR相模線「香川」駅,15.0,23.0,,,,茅ヶ崎市鶴が台,4-1号棟,鉄筋コンクリート造,5,N,501号室,3DK,53,5,57400,3600,2か月,['近居割'],随時,https://www.ur-net.go.jp/chintai/kanto/kanagawa/40_1160_room.html?JKSS=000401501,<li>JR東海道本線「茅ケ崎」駅バス9～13分 徒歩1～5分</li><li>JR相模線「北茅ケ崎」駅 徒歩14～19分</li><li>JR相模線「香川」駅 徒歩15～23分</li>
kanagawa,shonan,鶴が台,61000,,,,,,,茅ヶ崎市鶴が台,4-1号棟,鉄筋コンクリート造,5,N,501号室,3DK,53,5,57400,3600,2か月,['近居割'],随時,https://www.ur-net.go.jp/chintai/kanto/kanagawa/40_1160_room.html?JKSS=000401501,<li>JR東海道本線「茅ケ崎」駅バス9～13分 徒歩1～5分</li><li>JR相模線「北茅ケ崎」駅 徒歩14～19分</li><li>JR相模線「香川」駅 徒歩15～23分</li>
kanagawa,shonan,ライトタウン茅ヶ崎,107200,JR相模線「香川」駅,14.0,14.0,,,,茅ヶ崎市香川1-10,5号棟,鉄筋コンクリート造,2,N,211号室,3LDK,71,10,101900,5300,2か月,['近居割'],随時,https://www.ur-net.go.jp/chintai/kanto/kanagawa/40_2930_room.html?JKSS=000050211,<li>JR相模線「香川」駅 徒歩14分</li><li>JR東海道線ほか「茅ケ崎」駅バス11分 徒歩5分</li>
kanagawa,shonan,ライトタウン茅ヶ崎,107200,,,,JR東海道線ほか「茅ケ崎」駅,16.0,16.0,茅ヶ崎市香川1-10,5号棟,鉄筋コンクリート造,2,N,211号室,3LDK,71,10,101900,5300,2か月,['近居割'],随時,https://www.ur-net.go.jp/chintai/kanto/kanagawa/40_2930_room.html?JKSS=000050211,<li>JR相模線「香川」駅 徒歩14分</li><li>JR東海道線ほか「茅ケ崎」駅バス11分 徒歩5分</li>
kanagawa,shonan,ライトタウン茅ヶ崎,107200,,,,,,,茅ヶ崎市香川1-10,5号棟,鉄筋コンクリート造,2,N,211号室,3LDK,71,10,101900,5300,2か月,['近居割'],随時,https://www.ur-net.go.jp/chintai/kanto/kanagawa/40_2930_room.html?JKSS=000050211,<li>JR相模線「香川」駅 徒歩14分</li><li>JR東海道線ほか「茅ケ崎」駅バス11分 徒歩5分</li>
kanagawa,shonan,浜見平,107900,,,,JR東海道本線「茅ケ崎」駅,15.0,15.0,茅ヶ崎市浜見平6-2ほか,6-2号棟,鉄筋コンクリート造,3,N,303号室,3DK,62,5,104000,3900,2か月,"['近居割', '近居割WIDE']",随時,https://www.ur-net.go.jp/chintai/kanto/kanagawa/40_0971_room.html?JKSS=006020303,<li>JR東海道本線「茅ケ崎」駅バス13分 徒歩2分</li>
kanagawa,shonan,浜見平,107900,,,,,,,茅ヶ崎市浜見平6-2ほか,6-2号棟,鉄筋コンクリート造,3,N,303号室,3DK,62,5,104000,3900,2か月,"['近居割', '近居割WIDE']",随時,https://www.ur-net.go.jp/chintai/kanto/kanagawa/40_0971_room.html?JKSS=006020303,<li>JR東海道本線「茅ケ崎」駅バス13分 徒歩2分</li>
kanagawa,shonan,浜見平,116100,,,,JR東海道本線「茅ケ崎」駅,15.0,15.0,茅ヶ崎市浜見平6-2ほか,6-2号棟,鉄筋コンクリート造,2,N,202号室,3LDK,70,5,112200,3900,2か月,"['近居割', '近居割WIDE']",随時,https://www.ur-net.go.jp/chintai/kanto/kanagawa/40_0971_room.html?JKSS=006020202,<li>JR東海道本線「茅ケ崎」駅バス13分 徒歩2分</li>
kanagawa,shonan,浜見平,116100,,,,,,,茅ヶ崎市浜見平6-2ほか,6-2号棟,鉄筋コンクリート造,2,N,202号室,3LDK,70,5,112200,3900,2か月,"['近居割', '近居割WIDE']",随時,https://www.ur-net.go.jp/chintai/kanto/kanagawa/40_0971_room.html?JKSS=006020202,<li>JR東海道本線「茅ケ崎」駅バス13分 徒歩2分</li>
kanagawa,shonan,浜見平,119500,,,,JR東海道本線「茅ケ崎」駅,15.0,15.0,茅ヶ崎市浜見平6-2ほか,6-2号棟,鉄筋コンクリート造,5,N,506号室,3LDK,70,5,115600,3900,2か月,"['近居割', '近居割WIDE']",随時,https://www.ur-net.go.jp/chintai/kanto/kanagawa/40_0971_room.html?JKSS=006020506,<li>JR東海道本線「茅ケ崎」駅バス13分 徒歩2分</li>
kanagawa,shonan,浜見平,119500,,,,,,,茅ヶ崎市浜見平6-2ほか,6-2号棟,鉄筋コンクリート造,5,N,506号室,3LDK,70,5,115600,3900,2か月,"['近居割', '近居割WIDE']",随時,https://www.ur-net.go.jp/chintai/kanto/kanagawa/40_0971_room.html?JKSS=006020506,<li>JR東海道本線「茅ケ崎」駅バス13分 徒歩2分</li>
kanagawa,shonan,浜見平,123300,,,,JR東海道本線「茅ケ崎」駅,15.0,15.0,茅ヶ崎市浜見平6-2ほか,6-3号棟,鉄筋コンクリート造,4,N,406号室,3LDK,70,5,119400,3900,2か月,['フリレ１か月'],随時,https://www.ur-net.go.jp/chintai/kanto/kanagawa/40_0971_room.html?JKSS=006030406,<li>JR東海道本線「茅ケ崎」駅バス13分 徒歩2分</li>
kanagawa,shonan,浜見平,123300,,,,,,,茅ヶ崎市浜見平6-2ほか,6-3号棟,鉄筋コンクリート造,4,N,406号室,3LDK,70,5,119400,3900,2か月,['フリレ１か月'],随時,https://www.ur-net.go.jp/chintai/kanto/kanagawa/40_0971_room.html?JKSS=006030406,<li>JR東海道本線「茅ケ崎」駅バス13分 徒歩2分</li>
kanagawa,shonan,コンフォール茅ヶ崎浜見平,112400,,,,JR東海道本線「茅ケ崎」駅,16.0,18.0,茅ヶ崎市浜見平13番ほか,14-3号棟,鉄筋コンクリート造,2,N,213号室,1LDK,57,8,107500,4900,2か月,"['近居割', '近居割WIDE']",随時,https://www.ur-net.go.jp/chintai/kanto/kanagawa/40_4240_room.html?JKSS=014030213,<li>JR東海道本線「茅ケ崎」駅バス14分 徒歩2～4分</li>
kanagawa,shonan,コンフォール茅ヶ崎浜見平,112400,,,,,,,茅ヶ崎市浜見平13番ほか,14-3号棟,鉄筋コンクリート造,2,N,213号室,1LDK,57,8,107500,4900,2か月,"['近居割', '近居割WIDE']",随時,https://www.ur-net.go.jp/chintai/kanto/kanagawa/40_4240_room.html?JKSS=014030213,<li>JR東海道本線「茅ケ崎」駅バス14分 徒歩2～4分</li>
kanagawa,shonan,コンフォール茅ヶ崎浜見平,130700,,,,JR東海道本線「茅ケ崎」駅,16.0,18.0,茅ヶ崎市浜見平13番ほか,4-4号棟,鉄筋コンクリート造,1,N,102号室,1LDK,49,8,125800,4900,2か月,"['近居割', '近居割WIDE']",随時,https://www.ur-net.go.jp/chintai/kanto/kanagawa/40_4240_room.html?JKSS=004040102,<li>JR東海道本線「茅ケ崎」駅バス14分 徒歩2～4分</li>
kanagawa,shonan,コンフォール茅ヶ崎浜見平,130700,,,,,,,茅ヶ崎市浜見平13番ほか,4-4号棟,鉄筋コンクリート造,1,N,102号室,1LDK,49,8,125800,4900,2か月,"['近居割', '近居割WIDE']",随時,https://www.ur-net.go.jp/chintai/kanto/kanagawa/40_4240_room.html?JKSS=004040102,<li>JR東海道本線「茅ケ崎」駅バス14分 徒歩2～4分</li>
chiba,inageekimae,千草台,48100,,,,JR総武線「西千葉」駅,10.0,17.0,千葉市稲毛区千草台1ほか,2-14号棟,鉄筋コンクリート造,4,N,403号室,3K,45,5,45800,2300,2か月,"['近居割', '近居割WIDE']",随時,https://www.ur-net.go.jp/chintai/kanto/chiba/30_1390_room.html?JKSS=000214403,<li>JR総武線「西千葉」駅バス9～12分 徒歩1～5分</li><li>JR総武線「千葉」駅バス9～15分 徒歩9～17分</li><li>千葉都市モノレール「穴川」駅 徒歩12～18分</li>
chiba,inageekimae,千草台,48100,,,,JR総武線「千葉」駅,18.0,32.0,千葉市稲毛区千草台1ほか,2-14号棟,鉄筋コンクリート造,4,N,403号室,3K,45,5,45800,2300,2か月,"['近居割', '近居割WIDE']",随時,https://www.ur-net.go.jp/chintai/kanto/chiba/30_1390_room.html?JKSS=000214403,<li>JR総武線「西千葉」駅バス9～12分 徒歩1～5分</li><li>JR総武線「千葉」駅バス9～15分 徒歩9～17分</li><li>千葉都市モノレール「穴川」駅 徒歩12～18分</li>
chiba,inageekimae,千草台,48100,千葉都市モノレール「穴川」駅,12.0,18.0,,,,千葉市稲毛区千草台1ほか,2-14号棟,鉄筋コンクリート造,4,N,403号室,3K,45,5,45800,2300,2か月,"['近居割', '近居割WIDE']",随時,https://www.ur-net.go.jp/chintai/kanto/chiba/30_1390_room.html?JKSS=000214403,<li>JR総武線「西千葉」駅バス9～12分 徒歩1～5分</li><li>JR総武線「千葉」駅バス9～15分 徒歩9～17分</li><li>千葉都市モノレール「穴川」駅 徒歩12～18分</li>
chiba,inageekimae,千草台,48100,,,,,,,千葉市稲毛区千草台1ほか,2-14号棟,鉄筋コンクリート造,4,N,403号室,3K,45,5,45800,2300,2か月,"['近居割', '近居割WIDE']",随時,https://www.ur-net.go.jp/chintai/kanto/chiba/30_1390_room.html?JKSS=000214403,<li>JR総武線「西千葉」駅バス9～12分 徒歩1～5分</li><li>JR総武線「千葉」駅バス9～15分 徒歩9～17分</li><li>千葉都市モノレール「穴川」駅 徒歩12～18分</li>
chiba,hanamigawa,花見川（第１次～第４次）,45850,,,,京成本線「八千代台」駅,4.0,18.0,千葉市花見川区花見川1ほか,5-3号棟,鉄筋コンクリート造,4,N,404号室,3K,45,5,43100,2750,2か月,"['近居割', '近居割WIDE']",随時,https://www.ur-net.go.jp/chintai/kanto/chiba/30_1681_room.html?JKSS=000503404,<li>京成本線「八千代台」駅バス3～10分 徒歩1～8分</li><li>京成本線「実籾」駅 徒歩30～45分</li><li>京成本線「京成大和田」駅 徒歩31～49分</li>
chiba,hanamigawa,花見川（第１次～第４次）,45850,京成本線「実籾」駅,30.0,45.0,,,,千葉市花見川区花見川1ほか,5-3号棟,鉄筋コンクリート造,4,N,404号室,3K,45,5,43100,2750,2か月,"['近居割', '近居割WIDE']",随時,https://www.ur-net.go.jp/chintai/kanto/chiba/30_1681_room.html?JKSS=000503404,<li>京成本線「八千代台」駅バス3～10分 徒歩1～8分</li><li>京成本線「実籾」駅 徒歩30～45分</li><li>京成本線「京成大和田」駅 徒歩31～49分</li>
chiba,hanamigawa,花見川（第１次～第４次）,45850,京成本線「京成大和田」駅,31.0,49.0,,,,千葉市花見川区花見川1ほか,5-3号棟,鉄筋コンクリート造,4,N,404号室,3K,45,5,43100,2750,2か月,"['近居割', '近居割WIDE']",随時,https://www.ur-net.go.jp/chintai/kanto/chiba/30_1681_room.html?JKSS=000503404,<li>京成本線「八千代台」駅バス3～10分 徒歩1～8分</li><li>京成本線「実籾」駅 徒歩30～45分</li><li>京成本線「京成大和田」駅 徒歩31～49分</li>
chiba,hanamigawa,花見川（第１次～第４次）,45850,,,,,,,千葉市花見川区花見川1ほか,5-3号棟,鉄筋コンクリート造,4,N,404号室,3K,45,5,43100,2750,2か月,"['近居割', '近居割WIDE']",随時,https://www.ur-net.go.jp/chintai/kanto/chiba/30_1681_room.html?JKSS=000503404,<li>京成本線「八千代台」駅バス3～10分 徒歩1～8分</li><li>京成本線「実籾」駅 徒歩30～45分</li><li>京成本線「京成大和田」駅 徒歩31～49分</li>
chiba,hanamigawa,花見川（第１次～第４次）,46750,,,,京成本線「八千代台」駅,4.0,18.0,千葉市花見川区花見川1ほか,4-12号棟,鉄筋コンクリート造,3,N,303号室,3K,45,5,44000,2750,2か月,"['近居割', '近居割WIDE']",随時,https://www.ur-net.go.jp/chintai/kanto/chiba/30_1681_room.html?JKSS=000412303,<li>京成本線「八千代台」駅バス3～10分 徒歩1～8分</li><li>京成本線「実籾」駅 徒歩30～45分</li><li>京成本線「京成大和田」駅 徒歩31～49分</li>
chiba,hanamigawa,花見川（第１次～第４次）,46750,京成本線「実籾」駅,30.0,45.0,,,,千葉市花見川区花見川1ほか,4-12号棟,鉄筋コンクリート造,3,N,303号室,3K,45,5,44000,2750,2か月,"['近居割', '近居割WIDE']",随時,https://www.ur-net.go.jp/chintai/kanto/chiba/30_1681_room.html?JKSS=000412303,<li>京成本線「八千代台」駅バス3～10分 徒歩1～8分</li><li>京成本線「実籾」駅 徒歩30～45分</li><li>京成本線「京成大和田」駅 徒歩31～49分</li>
chiba,hanamigawa,花見川（第１次～第４次）,46750,京成本線「京成大和田」駅,31.0,49.0,,,,千葉市花見川区花見川1ほか,4-12号棟,鉄筋コンクリート造,3,N,303号室,3K,45,5,44000,2750,2か月,"['近居割', '近居割WIDE']",随時,https://www.ur-net.go.jp/chintai/kanto/chiba/30_1681_room.html?JKSS=000412303,<li>京成本線「八千代台」駅バス3～10分 徒歩1～8分</li><li>京成本線「実籾」駅 徒歩30～45分</li><li>京成本線「京成大和田」駅 徒歩31～49分</li>
chiba,hanamigawa,花見川（第１次～第４次）,46750,,,,,,,千葉市花見川区花見川1ほか,4-12号棟,鉄筋コンクリート造,3,N,303号室,3K,45,5,44000,2750,2か月,"['近居割', '近居割WIDE']",随時,https://www.ur-net.go.jp/chintai/kanto/chiba/30_1681_room.html?JKSS=000412303,<li>京成本線「八千代台」駅バス3～10分 徒歩1～8分</li><li>京成本線「実籾」駅 徒歩30～45分</li><li>京成本線「京成大和田」駅 徒歩31～49分</li>
chiba,hanamigawa,花見川（第１次～第４次）,50250,,,,京成本線「八千代台」駅,4.0,18.0,千葉市花見川区花見川1ほか,2-10号棟,鉄筋コンクリート造,3,N,302号室,2DK,45,5,47500,2750,2か月,"['近居割', '近居割WIDE']",随時,https://www.ur-net.go.jp/chintai/kanto/chiba/30_1681_room.html?JKSS=000210302,<li>京成本線「八千代台」駅バス3～10分 徒歩1～8分</li><li>京成本線「実籾」駅 徒歩30～45分</li><li>京成本線「京成大和田」駅 徒歩31～49分</li>
chiba,hanamigawa,花見川（第１次～第４次）,50250,京成本線「実籾」駅,30.0,45.0,,,,千葉市花見川区花見川1ほか,2-10号棟,鉄筋コンクリート造,3,N,302号室,2DK,45,5,47500,2750,2か月,"['近居割', '近居割WIDE']",随時,https://www.ur-net.go.jp/chintai/kanto/chiba/30_1681_room.html?JKSS=000210302,<li>京成本線「八千代台」駅バス3～10分 徒歩1～8分</li><li>京成本線「実籾」駅 徒歩30～45分</li><li>京成本線「京成大和田」駅 徒歩31～49分</li>
chiba,hanamigawa,花見川（第１次～第４次）,50250,京成本線「京成大和田」駅,31.0,49.0,,,,千葉市花見川区花見川1ほか,2-10号棟,鉄筋コンクリート造,3,N,302号室,2DK,45,5,47500,2750,2か月,"['近居割', '近居割WIDE']",随時,https://www.ur-net.go.jp/chintai/kanto/chiba/30_1681_room.html?JKSS=000210302,<li>京成本線「八千代台」駅バス3～10分 徒歩1～8分</li><li>京成本線「実籾」駅 徒歩30～45分</li><li>京成本線「京成大和田」駅 徒歩31～49分</li>
chiba,hanamigawa,花見川（第１次～第４次）,50250,,,,,,,千葉市花見川区花見川1ほか,2-10号棟,鉄筋コンクリート造,3,N,302号室,2DK,45,5,47500,2750,2か月,"['近居割', '近居割WIDE']",随時,https://www.ur-net.go.jp/chintai/kanto/chiba/30_1681_room.html?JKSS=000210302,<li>京成本線「八千代台」駅バス3～10分 徒歩1～8分</li><li>京成本線「実籾」駅 徒歩30～45分</li><li>京成本線「京成大和田」駅 徒歩31～49分</li>
chiba,hanamigawa,花見川（第１次～第４次）,54050,,,,京成本線「八千代台」駅,4.0,18.0,千葉市花見川区花見川1ほか,1-15号棟,鉄筋コンクリート造,2,N,202号室,3DK,53,5,51300,2750,2か月,"['近居割', '近居割WIDE']",随時,https://www.ur-net.go.jp/chintai/kanto/chiba/30_1681_room.html?JKSS=000115202,<li>京成本線「八千代台」駅バス3～10分 徒歩1～8分</li><li>京成本線「実籾」駅 徒歩30～45分</li><li>京成本線「京成大和田」駅 徒歩31～49分</li>
chiba,hanamigawa,花見川（第１次～第４次）,54050,京成本線「実籾」駅,30.0,45.0,,,,千葉市花見川区花見川1ほか,1-15号棟,鉄筋コンクリート造,2,N,202号室,3DK,53,5,51300,2750,2か月,"['近居割', '近居割WIDE']",随時,https://www.ur-net.go.jp/chintai/kanto/chiba/30_1681_room.html?JKSS=000115202,<li>京成本線「八千代台」駅バス3～10分 徒歩1～8分</li><li>京成本線「実籾」駅 徒歩30～45分</li><li>京成本線「京成大和田」駅 徒歩31～49分</li>
chiba,hanamigawa,花見川（第１次～第４次）,54050,京成本線「京成大和田」駅,31.0,49.0,,,,千葉市花見川区花見川1ほか,1-15号棟,鉄筋コンクリート造,2,N,202号室,3DK,53,5,51300,2750,2か月,"['近居割', '近居割WIDE']",随時,https://www.ur-net.go.jp/chintai/kanto/chiba/30_1681_room.html?JKSS=000115202,<li>京成本線「八千代台」駅バス3～10分 徒歩1～8分</li><li>京成本線「実籾」駅 徒歩30～45分</li><li>京成本線「京成大和田」駅 徒歩31～49分</li>
chiba,hanamigawa,花見川（第１次～第４次）,54050,,,,,,,千葉市花見川区花見川1ほか,1-15号棟,鉄筋コンクリート造,2,N,202号室,3DK,53,5,51300,2750,2か月,"['近居割', '近居割WIDE']",随時,https://www.ur-net.go.jp/chintai/kanto/chiba/30_1681_room.html?JKSS=000115202,<li>京成本線「八千代台」駅バス3～10分 徒歩1～8分</li><li>京成本線「実籾」駅 徒歩30～45分</li><li>京成本線「京成大和田」駅 徒歩31～49分</li>
chiba,inageekimae,リバーサイド本千葉（千葉出洲港）,46600,JR外房線「本千葉」駅,10.0,15.0,,,,千葉市中央区出洲港７,2号棟,鉄筋コンクリート造,5,N,506号室,1DK,33,7,42200,4400,2か月,"['近居割', '近居割WIDE']",随時,https://www.ur-net.go.jp/chintai/kanto/chiba/30_2190_room.html?JKSS=000002506,<li>JR外房線「本千葉」駅 徒歩10～15分</li><li>千葉都市モノレール「県庁前」駅 徒歩13～17分</li><li>京成千葉線「千葉中央」駅 徒歩17～19分</li>
chiba,inageekimae,リバーサイド本千葉（千葉出洲港）,46600,千葉都市モノレール「県庁前」駅,13.0,17.0,,,,千葉市中央区出洲港７,2号棟,鉄筋コンクリート造,5,N,506号室,1DK,33,7,42200,4400,2か月,"['近居割', '近居割WIDE']",随時,https://www.ur-net.go.jp/chintai/kanto/chiba/30_2190_room.html?JKSS=000002506,<li>JR外房線「本千葉」駅 徒歩10～15分</li><li>千葉都市モノレール「県庁前」駅 徒歩13～17分</li><li>京成千葉線「千葉中央」駅 徒歩17～19分</li>
chiba,inageekimae,リバーサイド本千葉（千葉出洲港）,46600,京成千葉線「千葉中央」駅,17.0,19.0,,,,千葉市中央区出洲港７,2号棟,鉄筋コンクリート造,5,N,506号室,1DK,33,7,42200,4400,2か月,"['近居割', '近居割WIDE']",随時,https://www.ur-net.go.jp/chintai/kanto/chiba/30_2190_room.html?JKSS=000002506,<li>JR外房線「本千葉」駅 徒歩10～15分</li><li>千葉都市モノレール「県庁前」駅 徒歩13～17分</li><li>京成千葉線「千葉中央」駅 徒歩17～19分</li>
chiba,inageekimae,リバーサイド本千葉（千葉出洲港）,46600,,,,,,,千葉市中央区出洲港７,2号棟,鉄筋コンクリート造,5,N,506号室,1DK,33,7,42200,4400,2か月,"['近居割', '近居割WIDE']",随時,https://www.ur-net.go.jp/chintai/kanto/chiba/30_2190_room.html?JKSS=000002506,<li>JR外房線「本千葉」駅 徒歩10～15分</li><li>千葉都市モノレール「県庁前」駅 徒歩13～17分</li><li>京成千葉線「千葉中央」駅 徒歩17～19分</li>
chiba,makuhari,幕張ベイタウンパティオス７番街,122800,JR京葉線「海浜幕張」駅,10.0,10.0,JR京葉線「海浜幕張」駅,8.0,8.0,千葉市美浜区打瀬1-5 パティオス7番街,,鉄筋コンクリート造,1,N,107号室,1LDK,49,6,113000,9800,2か月,"['近居割', '近居割WIDE']",随時,https://www.ur-net.go.jp/chintai/kanto/chiba/30_5410_room.html?JKSS=000000107,<li>JR京葉線「海浜幕張」駅 徒歩10分 又はバス7分 徒歩1分</li>
chiba,makuhari,幕張ベイタウンパティオス７番街,122800,,,,,,,千葉市美浜区打瀬1-5 パティオス7番街,,鉄筋コンクリート造,1,N,107号室,1LDK,49,6,113000,9800,2か月,"['近居割', '近居割WIDE']",随時,https://www.ur-net.go.jp/chintai/kanto/chiba/30_5410_room.html?JKSS=000000107,<li>JR京葉線「海浜幕張」駅 徒歩10分 又はバス7分 徒歩1分</li>
chiba,makuhari,幕張ベイタウンパティオス２０番街,160900,JR京葉線「海浜幕張」駅,16.0,16.0,JR京葉線「海浜幕張」駅,6.0,6.0,千葉市美浜区打瀬3-4 パティオス20番街,,鉄筋コンクリート造,3,N,322号室,2LDK,67,7,155300,5600,2か月,"['近居割', '近居割WIDE']",随時,https://www.ur-net.go.jp/chintai/kanto/chiba/30_5900_room.html?JKSS=000000322,<li>JR京葉線「海浜幕張」駅 徒歩16分 又はバス5分 徒歩1分</li>
chiba,makuhari,幕張ベイタウンパティオス２０番街,160900,,,,,,,千葉市美浜区打瀬3-4 パティオス20番街,,鉄筋コンクリート造,3,N,322号室,2LDK,67,7,155300,5600,2か月,"['近居割', '近居割WIDE']",随時,https://www.ur-net.go.jp/chintai/kanto/chiba/30_5900_room.html?JKSS=000000322,<li>JR京葉線「海浜幕張」駅 徒歩16分 又はバス5分 徒歩1分</li>
chiba,makuhari,幕張ベイタウンパティオス１５番街,169780,JR京葉線「海浜幕張」駅,13.0,13.0,JR京葉線「海浜幕張」駅,7.0,7.0,千葉市美浜区打瀬2-10 パティオス15番街,,鉄筋コンクリート造,6,N,614号室,2LDK,69,6,162000,7780,2か月,"['近居割', '近居割WIDE']",随時,https://www.ur-net.go.jp/chintai/kanto/chiba/30_5850_room.html?JKSS=000000614,<li>JR京葉線「海浜幕張」駅 徒歩13分 又はバス6分 徒歩1分</li>
chiba,makuhari,幕張ベイタウンパティオス１５番街,169780,,,,,,,千葉市美浜区打瀬2-10 パティオス15番街,,鉄筋コンクリート造,6,N,614号室,2LDK,69,6,162000,7780,2か月,"['近居割', '近居割WIDE']",随時,https://www.ur-net.go.jp/chintai/kanto/chiba/30_5850_room.html?JKSS=000000614,<li>JR京葉線「海浜幕張」駅 徒歩13分 又はバス6分 徒歩1分</li>
chiba,shinurayasu,浦安マリナイースト２１望海の街,186300,JR京葉線「新浦安」駅,22.0,26.0,JR京葉線「新浦安」駅,8.0,14.0,浦安市明海4-2望海の街,11号棟,鉄筋コンクリート造,24,N,2405号室,2LDK,66,28,179200,7100,2か月,"['近居割', '近居割WIDE']",随時,https://www.ur-net.go.jp/chintai/kanto/chiba/30_5120_room.html?JKSS=000112405,<li>JR京葉線「新浦安」駅 徒歩22～26分 又はバス7～10分 徒歩1～4分</li><li>JR京葉線「舞浜」駅 徒歩56～62分</li><li>東京メトロ東西線「浦安」駅 徒歩51～55分</li>
chiba,shinurayasu,浦安マリナイースト２１望海の街,186300,JR京葉線「舞浜」駅,56.0,62.0,,,,浦安市明海4-2望海の街,11号棟,鉄筋コンクリート造,24,N,2405号室,2LDK,66,28,179200,7100,2か月,"['近居割', '近居割WIDE']",随時,https://www.ur-net.go.jp/chintai/kanto/chiba/30_5120_room.html?JKSS=000112405,<li>JR京葉線「新浦安」駅 徒歩22～26分 又はバス7～10分 徒歩1～4分</li><li>JR京葉線「舞浜」駅 徒歩56～62分</li><li>東京メトロ東西線「浦安」駅 徒歩51～55分</li>
chiba,shinurayasu,浦安マリナイースト２１望海の街,186300,東京メトロ東西線「浦安」駅,51.0,55.0,,,,浦安市明海4-2望海の街,11号棟,鉄筋コンクリート造,24,N,2405号室,2LDK,66,28,179200,7100,2か月,"['近居割', '近居割WIDE']",随時,https://www.ur-net.go.jp/chintai/kanto/chiba/30_5120_room.html?JKSS=000112405,<li>JR京葉線「新浦安」駅 徒歩22～26分 又はバス7～10分 徒歩1～4分</li><li>JR京葉線「舞浜」駅 徒歩56～62分</li><li>東京メトロ東西線「浦安」駅 徒歩51～55分</li>
chiba,shinurayasu,浦安マリナイースト２１望海の街,186300,,,,,,,浦安市明海4-2望海の街,11号棟,鉄筋コンクリート造,24,N,2405号室,2LDK,66,28,179200,7100,2か月,"['近居割', '近居割WIDE']",随時,https://www.ur-net.go.jp/chintai/kanto/chiba/30_5120_room.html?JKSS=000112405,<li>JR京葉線「新浦安」駅 徒歩22～26分 又はバス7～10分 徒歩1～4分</li><li>JR京葉線「舞浜」駅 徒歩56～62分</li><li>東京メトロ東西線「浦安」駅 徒歩51～55分</li>
chiba,shinurayasu,浦安マリナイースト２１海園の街,193900,JR京葉線「新浦安」駅,25.0,29.0,JR京葉線「新浦安」駅,12.0,14.0,浦安市明海3-2海園の街,9号棟,鉄筋コンクリート造,5,N,504号室,3LDK,78,9,185900,8000,2か月,"['近居割', '近居割WIDE']",随時,https://www.ur-net.go.jp/chintai/kanto/chiba/30_5830_room.html?JKSS=000090504,<li>JR京葉線「新浦安」駅 徒歩25～29分 又はバス10分 徒歩2～4分</li><li>JR京葉線「舞浜」駅 徒歩54～59分</li><li>東京メトロ東西線「浦安」駅 徒歩54～59分</li>
chiba,shinurayasu,浦安マリナイースト２１海園の街,193900,JR京葉線「舞浜」駅,54.0,59.0,,,,浦安市明海3-2海園の街,9号棟,鉄筋コンクリート造,5,N,504号室,3LDK,78,9,185900,8000,2か月,"['近居割', '近居割WIDE']",随時,https://www.ur-net.go.jp/chintai/kanto/chiba/30_5830_room.html?JKSS=000090504,<li>JR京葉線「新浦安」駅 徒歩25～29分 又はバス10分 徒歩2～4分</li><li>JR京葉線「舞浜」駅 徒歩54～59分</li><li>東京メトロ東西線「浦安」駅 徒歩54～59分</li>
chiba,shinurayasu,浦安マリナイースト２１海園の街,193900,東京メトロ東西線「浦安」駅,54.0,59.0,,,,浦安市明海3-2海園の街,9号棟,鉄筋コンクリート造,5,N,504号室,3LDK,78,9,185900,8000,2か月,"['近居割', '近居割WIDE']",随時,https://www.ur-net.go.jp/chintai/kanto/chiba/30_5830_room.html?JKSS=000090504,<li>JR京葉線「新浦安」駅 徒歩25～29分 又はバス10分 徒歩2～4分</li><li>JR京葉線「舞浜」駅 徒歩54～59分</li><li>東京メトロ東西線「浦安」駅 徒歩54～59分</li>
chiba,shinurayasu,浦安マリナイースト２１海園の街,193900,,,,,,,浦安市明海3-2海園の街,9号棟,鉄筋コンクリート造,5,N,504号室,3LDK,78,9,185900,8000,2か月,"['近居割', '近居割WIDE']",随時,https://www.ur-net.go.jp/chintai/kanto/chiba/30_5830_room.html?JKSS=000090504,<li>JR京葉線「新浦安」駅 徒歩25～29分 又はバス10分 徒歩2～4分</li><li>JR京葉線「舞浜」駅 徒歩54～59分</li><li>東京メトロ東西線「浦安」駅 徒歩54～59分</li>
chiba,shinurayasu,浦安マリナイースト２１海園の街,196200,JR京葉線「新浦安」駅,25.0,29.0,JR京葉線「新浦安」駅,12.0,14.0,浦安市明海3-2海園の街,3号棟,鉄筋コンクリート造,5,N,502号室,2LDK,76,14,188200,8000,2か月,"['近居割', '近居割WIDE']",随時,https://www.ur-net.go.jp/chintai/kanto/chiba/30_5830_room.html?JKSS=000030502,<li>JR京葉線「新浦安」駅 徒歩25～29分 又はバス10分 徒歩2～4分</li><li>JR京葉線「舞浜」駅 徒歩54～59分</li><li>東京メトロ東西線「浦安」駅 徒歩54～59分</li>
chiba,shinurayasu,浦安マリナイースト２１海園の街,196200,JR京葉線「舞浜」駅,54.0,59.0,,,,浦安市明海3-2海園の街,3号棟,鉄筋コンクリート造,5,N,502号室,2LDK,76,14,188200,8000,2か月,"['近居割', '近居割WIDE']",随時,https://www.ur-net.go.jp/chintai/kanto/chiba/30_5830_room.html?JKSS=000030502,<li>JR京葉線「新浦安」駅 徒歩25～29分 又はバス10分 徒歩2～4分</li><li>JR京葉線「舞浜」駅 徒歩54～59分</li><li>東京メトロ東西線「浦安」駅 徒歩54～59分</li>
chiba,shinurayasu,浦安マリナイースト２１海園の街,196200,東京メトロ東西線「浦安」駅,54.0,59.0,,,,浦安市明海3-2海園の街,3号棟,鉄筋コンクリート造,5,N,502号室,2LDK,76,14,188200,8000,2か月,"['近居割', '近居割WIDE']",随時,https://www.ur-net.go.jp/chintai/kanto/chiba/30_5830_room.html?JKSS=000030502,<li>JR京葉線「新浦安」駅 徒歩25～29分 又はバス10分 徒歩2～4分</li><li>JR京葉線「舞浜」駅 徒歩54～59分</li><li>東京メトロ東西線「浦安」駅 徒歩54～59分</li>
chiba,shinurayasu,浦安マリナイースト２１海園の街,196200,,,,,,,浦安市明海3-2海園の街,3号棟,鉄筋コンクリート造,5,N,502号室,2LDK,76,14,188200,8000,2か月,"['近居割', '近居割WIDE']",随時,https://www.ur-net.go.jp/chintai/kanto/chiba/30_5830_room.html?JKSS=000030502,<li>JR京葉線「新浦安」駅 徒歩25～29分 又はバス10分 徒歩2～4分</li><li>JR京葉線「舞浜」駅 徒歩54～59分</li><li>東京メトロ東西線「浦安」駅 徒歩54～59分</li>
chiba,shinurayasu,浦安マリナイースト２１海園の街,240300,JR京葉線「新浦安」駅,25.0,29.0,JR京葉線「新浦安」駅,12.0,14.0,浦安市明海3-2海園の街,8号棟,鉄筋コンクリート造,4,N,405号室,3LDK,93,14,232300,8000,2か月,"['近居割', '近居割WIDE']",随時,https://www.ur-net.go.jp/chintai/kanto/chiba/30_5830_room.html?JKSS=000080405,<li>JR京葉線「新浦安」駅 徒歩25～29分 又はバス10分 徒歩2～4分</li><li>JR京葉線「舞浜」駅 徒歩54～59分</li><li>東京メトロ東西線「浦安」駅 徒歩54～59分</li>
chiba,shinurayasu,浦安マリナイースト２１海園の街,240300,JR京葉線「舞浜」駅,54.0,59.0,,,,浦安市明海3-2海園の街,8号棟,鉄筋コンクリート造,4,N,405号室,3LDK,93,14,232300,8000,2か月,"['近居割', '近居割WIDE']",随時,https://www.ur-net.go.jp/chintai/kanto/chiba/30_5830_room.html?JKSS=000080405,<li>JR京葉線「新浦安」駅 徒歩25～29分 又はバス10分 徒歩2～4分</li><li>JR京葉線「舞浜」駅 徒歩54～59分</li><li>東京メトロ東西線「浦安」駅 徒歩54～59分</li>
chiba,shinurayasu,浦安マリナイースト２１海園の街,240300,東京メトロ東西線「浦安」駅,54.0,59.0,,,,浦安市明海3-2海園の街,8号棟,鉄筋コンクリート造,4,N,405号室,3LDK,93,14,232300,8000,2か月,"['近居割', '近居割WIDE']",随時,https://www.ur-net.go.jp/chintai/kanto/chiba/30_5830_room.html?JKSS=000080405,<li>JR京葉線「新浦安」駅 徒歩25～29分 又はバス10分 徒歩2～4分</li><li>JR京葉線「舞浜」駅 徒歩54～59分</li><li>東京メトロ東西線「浦安」駅 徒歩54～59分</li>
chiba,shinurayasu,浦安マリナイースト２１海園の街,240300,,,,,,,浦安市明海3-2海園の街,8号棟,鉄筋コンクリート造,4,N,405号室,3LDK,93,14,232300,8000,2か月,"['近居割', '近居割WIDE']",随時,https://www.ur-net.go.jp/chintai/kanto/chiba/30_5830_room.html?JKSS=000080405,<li>JR京葉線「新浦安」駅 徒歩25～29分 又はバス10分 徒歩2～4分</li><li>JR京葉線「舞浜」駅 徒歩54～59分</li><li>東京メトロ東西線「浦安」駅 徒歩54～59分</li>
chiba,kitanarashino,金杉台,55000,,,,JR総武線「船橋」駅,22.0,27.0,船橋市金杉台1ほか,1-3-14号棟,鉄筋コンクリート造,4,N,403号室,3DK,51,5,52400,2600,2か月,"['近居割', '近居割WIDE']",随時,https://www.ur-net.go.jp/chintai/kanto/chiba/30_2110_room.html?JKSS=103014403,<li>JR総武線「船橋」駅バス20分 徒歩2～7分</li><li>京成松戸線「高根公団」駅 徒歩26～33分</li><li>京成松戸線「三咲」駅 徒歩29～32分</li><li>東武野田線「馬込沢」駅 徒歩38～42分</li>
chiba,kitanarashino,金杉台,55000,京成松戸線「高根公団」駅,26.0,33.0,,,,船橋市金杉台1ほか,1-3-14号棟,鉄筋コンクリート造,4,N,403号室,3DK,51,5,52400,2600,2か月,"['近居割', '近居割WIDE']",随時,https://www.ur-net.go.jp/chintai/kanto/chiba/30_2110_room.html?JKSS=103014403,<li>JR総武線「船橋」駅バス20分 徒歩2～7分</li><li>京成松戸線「高根公団」駅 徒歩26～33分</li><li>京成松戸線「三咲」駅 徒歩29～32分</li><li>東武野田線「馬込沢」駅 徒歩38～42分</li>
chiba,kitanarashino,金杉台,55000,京成松戸線「三咲」駅,29.0,32.0,,,,船橋市金杉台1ほか,1-3-14号棟,鉄筋コンクリート造,4,N,403号室,3DK,51,5,52400,2600,2か月,"['近居割', '近居割WIDE']",随時,https://www.ur-net.go.jp/chintai/kanto/chiba/30_2110_room.html?JKSS=103014403,<li>JR総武線「船橋」駅バス20分 徒歩2～7分</li><li>京成松戸線「高根公団」駅 徒歩26～33分</li><li>京成松戸線「三咲」駅 徒歩29～32分</li><li>東武野田線「馬込沢」駅 徒歩38～42分</li>
chiba,kitanarashino,金杉台,55000,東武野田線「馬込沢」駅,38.0,42.0,,,,船橋市金杉台1ほか,1-3-14号棟,鉄筋コンクリート造,4,N,403号室,3DK,51,5,52400,2600,2か月,"['近居割', '近居割WIDE']",随時,https://www.ur-net.go.jp/chintai/kanto/chiba/30_2110_room.html?JKSS=103014403,<li>JR総武線「船橋」駅バス20分 徒歩2～7分</li><li>京成松戸線「高根公団」駅 徒歩26～33分</li><li>京成松戸線「三咲」駅 徒歩29～32分</li><li>東武野田線「馬込沢」駅 徒歩38～42分</li>
chiba,kitanarashino,金杉台,55000,,,,,,,船橋市金杉台1ほか,1-3-14号棟,鉄筋コンクリート造,4,N,403号室,3DK,51,5,52400,2600,2か月,"['近居割', '近居割WIDE']",随時,https://www.ur-net.go.jp/chintai/kanto/chiba/30_2110_room.html?JKSS=103014403,<li>JR総武線「船橋」駅バス20分 徒歩2～7分</li><li>京成松戸線「高根公団」駅 徒歩26～33分</li><li>京成松戸線「三咲」駅 徒歩29～32分</li><li>東武野田線「馬込沢」駅 徒歩38～42分</li>
chiba,yurinokidaipc,米本,38500,,,,東葉高速鉄道「八千代中央」駅,19.0,26.0,八千代市米本1359,4-20号棟,鉄筋コンクリート造,1,N,105号室,2DK,39,5,35300,3200,2か月,['健康寿命サポート'],随時,https://www.ur-net.go.jp/chintai/kanto/chiba/30_1950_room.html?JKSS=004020105,<li>東葉高速鉄道「八千代中央」駅バス17分 徒歩2～9分</li><li>東葉高速鉄道「東葉勝田台」駅バス20分 徒歩2～9分</li><li>京成本線「勝田台」駅バス20分 徒歩2～9分</li>
chiba,yurinokidaipc,米本,38500,,,,東葉高速鉄道「東葉勝田台」駅,22.0,29.0,八千代市米本1359,4-20号棟,鉄筋コンクリート造,1,N,105号室,2DK,39,5,35300,3200,2か月,['健康寿命サポート'],随時,https://www.ur-net.go.jp/chintai/kanto/chiba/30_1950_room.html?JKSS=004020105,<li>東葉高速鉄道「八千代中央」駅バス17分 徒歩2～9分</li><li>東葉高速鉄道「東葉勝田台」駅バス20分 徒歩2～9分</li><li>京成本線「勝田台」駅バス20分 徒歩2～9分</li>
chiba,yurinokidaipc,米本,38500,,,,京成本線「勝田台」駅,22.0,29.0,八千代市米本1359,4-20号棟,鉄筋コンクリート造,1,N,105号室,2DK,39,5,35300,3200,2か月,['健康寿命サポート'],随時,https://www.ur-net.go.jp/chintai/kanto/chiba/30_1950_room.html?JKSS=004020105,<li>東葉高速鉄道「八千代中央」駅バス17分 徒歩2～9分</li><li>東葉高速鉄道「東葉勝田台」駅バス20分 徒歩2～9分</li><li>京成本線「勝田台」駅バス20分 徒歩2～9分</li>
chiba,yurinokidaipc,米本,38500,,,,,,,八千代市米本1359,4-20号棟,鉄筋コンクリート造,1,N,105号室,2DK,39,5,35300,3200,2か月,['健康寿命サポート'],随時,https://www.ur-net.go.jp/chintai/kanto/chiba/30_1950_room.html?JKSS=004020105,<li>東葉高速鉄道「八千代中央」駅バス17分 徒歩2～9分</li><li>東葉高速鉄道「東葉勝田台」駅バス20分 徒歩2～9分</li><li>京成本線「勝田台」駅バス20分 徒歩2～9分</li>
chiba,matsudo,小金原,51400,,,,JR常磐線「北小金」駅,13.0,18.0,松戸市小金原6-13ほか,3-18-4号棟,鉄筋コンクリート造,4,N,408号室,3K,45,5,48500,2900,2か月,"['近居割', '近居割WIDE']",随時,https://www.ur-net.go.jp/chintai/kanto/chiba/30_1800_room.html?JKSS=318004408,<li>JR常磐線「北小金」駅バス11分 徒歩2～7分</li><li>JR武蔵野線「新八柱」駅バス15分 徒歩2～7分</li><li>京成松戸線「常盤平」駅バス15～28分 徒歩2～7分</li>
chiba,matsudo,小金原,51400,,,,JR武蔵野線「新八柱」駅,17.0,22.0,松戸市小金原6-13ほか,3-18-4号棟,鉄筋コンクリート造,4,N,408号室,3K,45,5,48500,2900,2か月,"['近居割', '近居割WIDE']",随時,https://www.ur-net.go.jp/chintai/kanto/chiba/30_1800_room.html?JKSS=318004408,<li>JR常磐線「北小金」駅バス11分 徒歩2～7分</li><li>JR武蔵野線「新八柱」駅バス15分 徒歩2～7分</li><li>京成松戸線「常盤平」駅バス15～28分 徒歩2～7分</li>
chiba,matsudo,小金原,51400,,,,京成松戸線「常盤平」駅,17.0,35.0,松戸市小金原6-13ほか,3-18-4号棟,鉄筋コンクリート造,4,N,408号室,3K,45,5,48500,2900,2か月,"['近居割', '近居割WIDE']",随時,https://www.ur-net.go.jp/chintai/kanto/chiba/30_1800_room.html?JKSS=318004408,<li>JR常磐線「北小金」駅バス11分 徒歩2～7分</li><li>JR武蔵野線「新八柱」駅バス15分 徒歩2～7分</li><li>京成松戸線「常盤平」駅バス15～28分 徒歩2～7分</li>
chiba,matsudo,小金原,51400,,,,,,,松戸市小金原6-13ほか,3-18-4号棟,鉄筋コンクリート造,4,N,408号室,3K,45,5,48500,2900,2か月,"['近居割', '近居割WIDE']",随時,https://www.ur-net.go.jp/chintai/kanto/chiba/30_1800_room.html?JKSS=318004408,<li>JR常磐線「北小金」駅バス11分 徒歩2～7分</li><li>JR武蔵野線「新八柱」駅バス15分 徒歩2～7分</li><li>京成松戸線「常盤平」駅バス15～28分 徒歩2～7分</li>
chiba,matsudo,梨香台,66700,北総線「秋山」駅,14.0,19.0,北総線「秋山」駅,4.0,6.0,松戸市高塚新田512-10ほか,7号棟,鉄筋コンクリート造、鉄骨鉄筋コンクリート造,9,N,912号室,2DK,48,11,60000,6700,2か月,['近居割'],随時,https://www.ur-net.go.jp/chintai/kanto/chiba/30_2590_room.html?JKSS=000070912,<li>北総線「秋山」駅 徒歩14～19分 又はバス3分 徒歩1～3分</li><li>JR武蔵野線「市川大野」駅 徒歩30～34分</li><li>JR常磐線「松戸」駅バス23分 徒歩1～3分</li>
chiba,matsudo,梨香台,66700,JR武蔵野線「市川大野」駅,30.0,34.0,,,,松戸市高塚新田512-10ほか,7号棟,鉄筋コンクリート造、鉄骨鉄筋コンクリート造,9,N,912号室,2DK,48,11,60000,6700,2か月,['近居割'],随時,https://www.ur-net.go.jp/chintai/kanto/chiba/30_2590_room.html?JKSS=000070912,<li>北総線「秋山」駅 徒歩14～19分 又はバス3分 徒歩1～3分</li><li>JR武蔵野線「市川大野」駅 徒歩30～34分</li><li>JR常磐線「松戸」駅バス23分 徒歩1～3分</li>
chiba,matsudo,梨香台,66700,,,,JR常磐線「松戸」駅,24.0,26.0,松戸市高塚新田512-10ほか,7号棟,鉄筋コンクリート造、鉄骨鉄筋コンクリート造,9,N,912号室,2DK,48,11,60000,6700,2か月,['近居割'],随時,https://www.ur-net.go.jp/chintai/kanto/chiba/30_2590_room.html?JKSS=000070912,<li>北総線「秋山」駅 徒歩14～19分 又はバス3分 徒歩1～3分</li><li>JR武蔵野線「市川大野」駅 徒歩30～34分</li><li>JR常磐線「松戸」駅バス23分 徒歩1～3分</li>
chiba,matsudo,梨香台,66700,,,,,,,松戸市高塚新田512-10ほか,7号棟,鉄筋コンクリート造、鉄骨鉄筋コンクリート造,9,N,912号室,2DK,48,11,60000,6700,2か月,['近居割'],随時,https://www.ur-net.go.jp/chintai/kanto/chiba/30_2590_room.html?JKSS=000070912,<li>北総線「秋山」駅 徒歩14～19分 又はバス3分 徒歩1～3分</li><li>JR武蔵野線「市川大野」駅 徒歩30～34分</li><li>JR常磐線「松戸」駅バス23分 徒歩1～3分</li>
chiba,kashiwa,大津ヶ丘第二,72000,,,,JR常磐線「柏」駅,17.0,19.0,柏市大津ケ丘3-17,3-17-1号棟,鉄筋コンクリート造,3,N,306号室,3DK,67,4,69100,2900,2か月,['近居割'],随時,https://www.ur-net.go.jp/chintai/kanto/chiba/30_3750_room.html?JKSS=317010306,<li>JR常磐線「柏」駅バス11分 徒歩6～8分</li><li>東武野田線「増尾」駅 徒歩36～39分</li><li>東武野田線「逆井」駅 徒歩40～44分</li>
chiba,kashiwa,大津ヶ丘第二,72000,東武野田線「増尾」駅,36.0,39.0,,,,柏市大津ケ丘3-17,3-17-1号棟,鉄筋コンクリート造,3,N,306号室,3DK,67,4,69100,2900,2か月,['近居割'],随時,https://www.ur-net.go.jp/chintai/kanto/chiba/30_3750_room.html?JKSS=317010306,<li>JR常磐線「柏」駅バス11分 徒歩6～8分</li><li>東武野田線「増尾」駅 徒歩36～39分</li><li>東武野田線「逆井」駅 徒歩40～44分</li>
chiba,kashiwa,大津ヶ丘第二,72000,東武野田線「逆井」駅,40.0,44.0,,,,柏市大津ケ丘3-17,3-17-1号棟,鉄筋コンクリート造,3,N,306号室,3DK,67,4,69100,2900,2か月,['近居割'],随時,https://www.ur-net.go.jp/chintai/kanto/chiba/30_3750_room.html?JKSS=317010306,<li>JR常磐線「柏」駅バス11分 徒歩6～8分</li><li>東武野田線「増尾」駅 徒歩36～39分</li><li>東武野田線「逆井」駅 徒歩40～44分</li>
chiba,kashiwa,大津ヶ丘第二,72000,,,,,,,柏市大津ケ丘3-17,3-17-1号棟,鉄筋コンクリート造,3,N,306号室,3DK,67,4,69100,2900,2か月,['近居割'],随時,https://www.ur-net.go.jp/chintai/kanto/chiba/30_3750_room.html?JKSS=317010306,<li>JR常磐線「柏」駅バス11分 徒歩6～8分</li><li>東武野田線「増尾」駅 徒歩36～39分</li><li>東武野田線「逆井」駅 徒歩40～44分</li>
chiba,kashiwa,北柏ライフタウン松葉町一丁目,95500,,,,JR常磐線「北柏」駅,8.0,9.0,柏市松葉町1-12,12-25号棟,鉄筋コンクリート造,4,N,405号室,3LDK,95,5,90100,5400,2か月,['近居割'],随時,https://www.ur-net.go.jp/chintai/kanto/chiba/30_3540_room.html?JKSS=012250405,<li>JR常磐線「北柏」駅バス4分 徒歩4～5分</li><li>JR常磐線「我孫子」駅 徒歩48～49分</li><li>つくばエクスプレス「柏の葉キャンパス」駅バス9分 徒歩14～15分</li>
chiba,kashiwa,北柏ライフタウン松葉町一丁目,95500,JR常磐線「我孫子」駅,48.0,49.0,,,,柏市松葉町1-12,12-25号棟,鉄筋コンクリート造,4,N,405号室,3LDK,95,5,90100,5400,2か月,['近居割'],随時,https://www.ur-net.go.jp/chintai/kanto/chiba/30_3540_room.html?JKSS=012250405,<li>JR常磐線「北柏」駅バス4分 徒歩4～5分</li><li>JR常磐線「我孫子」駅 徒歩48～49分</li><li>つくばエクスプレス「柏の葉キャンパス」駅バス9分 徒歩14～15分</li>
chiba,kashiwa,北柏ライフタウン松葉町一丁目,95500,,,,つくばエクスプレス「柏の葉キャンパス」駅,23.0,24.0,柏市松葉町1-12,12-25号棟,鉄筋コンクリート造,4,N,405号室,3LDK,95,5,90100,5400,2か月,['近居割'],随時,https://www.ur-net.go.jp/chintai/kanto/chiba/30_3540_room.html?JKSS=012250405,<li>JR常磐線「北柏」駅バス4分 徒歩4～5分</li><li>JR常磐線「我孫子」駅 徒歩48～49分</li><li>つくばエクスプレス「柏の葉キャンパス」駅バス9分 徒歩14～15分</li>
chiba,kashiwa,北柏ライフタウン松葉町一丁目,95500,,,,,,,柏市松葉町1-12,12-25号棟,鉄筋コンクリート造,4,N,405号室,3LDK,95,5,90100,5400,2か月,['近居割'],随時,https://www.ur-net.go.jp/chintai/kanto/chiba/30_3540_room.html?JKSS=012250405,<li>JR常磐線「北柏」駅バス4分 徒歩4～5分</li><li>JR常磐線「我孫子」駅 徒歩48～49分</li><li>つくばエクスプレス「柏の葉キャンパス」駅バス9分 徒歩14～15分</li>
chiba,kashiwa,北柏ライフタウン松葉町一丁目,97200,,,,JR常磐線「北柏」駅,8.0,9.0,柏市松葉町1-12,12-6号棟,鉄筋コンクリート造,3,N,302号室,3LDK,95,5,91800,5400,2か月,['近居割'],随時,https://www.ur-net.go.jp/chintai/kanto/chiba/30_3540_room.html?JKSS=012060302,<li>JR常磐線「北柏」駅バス4分 徒歩4～5分</li><li>JR常磐線「我孫子」駅 徒歩48～49分</li><li>つくばエクスプレス「柏の葉キャンパス」駅バス9分 徒歩14～15分</li>
chiba,kashiwa,北柏ライフタウン松葉町一丁目,97200,JR常磐線「我孫子」駅,48.0,49.0,,,,柏市松葉町1-12,12-6号棟,鉄筋コンクリート造,3,N,302号室,3LDK,95,5,91800,5400,2か月,['近居割'],随時,https://www.ur-net.go.jp/chintai/kanto/chiba/30_3540_room.html?JKSS=012060302,<li>JR常磐線「北柏」駅バス4分 徒歩4～5分</li><li>JR常磐線「我孫子」駅 徒歩48～49分</li><li>つくばエクスプレス「柏の葉キャンパス」駅バス9分 徒歩14～15分</li>
chiba,kashiwa,北柏ライフタウン松葉町一丁目,97200,,,,つくばエクスプレス「柏の葉キャンパス」駅,23.0,24.0,柏市松葉町1-12,12-6号棟,鉄筋コンクリート造,3,N,302号室,3LDK,95,5,91800,5400,2か月,['近居割'],随時,https://www.ur-net.go.jp/chintai/kanto/chiba/30_3540_room.html?JKSS=012060302,<li>JR常磐線「北柏」駅バス4分 徒歩4～5分</li><li>JR常磐線「我孫子」駅 徒歩48～49分</li><li>つくばエクスプレス「柏の葉キャンパス」駅バス9分 徒歩14～15分</li>
chiba,kashiwa,北柏ライフタウン松葉町一丁目,97200,,,,,,,柏市松葉町1-12,12-6号棟,鉄筋コンクリート造,3,N,302号室,3LDK,95,5,91800,5400,2か月,['近居割'],随時,https://www.ur-net.go.jp/chintai/kanto/chiba/30_3540_room.html?JKSS=012060302,<li>JR常磐線「北柏」駅バス4分 徒歩4～5分</li><li>JR常磐線「我孫子」駅 徒歩48～49分</li><li>つくばエクスプレス「柏の葉キャンパス」駅バス9分 徒歩14～15分</li>
chiba,naritant,成田ニュータウン吾妻南,39300,,,,JR成田線「成田」駅,6.0,10.0,成田市吾妻2-1,2-1-6号棟,鉄筋コンクリート造,3,N,303号室,1K,24,5,37000,2300,2か月,['近居割'],随時,https://www.ur-net.go.jp/chintai/kanto/chiba/30_3240_room.html?JKSS=201060303,<li>JR成田線「成田」駅バス5分 徒歩1～5分</li><li>成田スカイアクセス線「成田湯川」駅バス7分 徒歩1～5分</li><li>京成本線「京成成田」駅バス16分 徒歩2～5分</li>
chiba,naritant,成田ニュータウン吾妻南,39300,,,,成田スカイアクセス線「成田湯川」駅,8.0,12.0,成田市吾妻2-1,2-1-6号棟,鉄筋コンクリート造,3,N,303号室,1K,24,5,37000,2300,2か月,['近居割'],随時,https://www.ur-net.go.jp/chintai/kanto/chiba/30_3240_room.html?JKSS=201060303,<li>JR成田線「成田」駅バス5分 徒歩1～5分</li><li>成田スカイアクセス線「成田湯川」駅バス7分 徒歩1～5分</li><li>京成本線「京成成田」駅バス16分 徒歩2～5分</li>
chiba,naritant,成田ニュータウン吾妻南,39300,,,,京成本線「京成成田」駅,18.0,21.0,成田市吾妻2-1,2-1-6号棟,鉄筋コンクリート造,3,N,303号室,1K,24,5,37000,2300,2か月,['近居割'],随時,https://www.ur-net.go.jp/chintai/kanto/chiba/30_3240_room.html?JKSS=201060303,<li>JR成田線「成田」駅バス5分 徒歩1～5分</li><li>成田スカイアクセス線「成田湯川」駅バス7分 徒歩1～5分</li><li>京成本線「京成成田」駅バス16分 徒歩2～5分</li>
chiba,naritant,成田ニュータウン吾妻南,39300,,,,,,,成田市吾妻2-1,2-1-6号棟,鉄筋コンクリート造,3,N,303号室,1K,24,5,37000,2300,2か月,['近居割'],随時,https://www.ur-net.go.jp/chintai/kanto/chiba/30_3240_room.html?JKSS=201060303,<li>JR成田線「成田」駅バス5分 徒歩1～5分</li><li>成田スカイアクセス線「成田湯川」駅バス7分 徒歩1～5分</li><li>京成本線「京成成田」駅バス16分 徒歩2～5分</li>
chiba,naritant,成田ニュータウン橋賀台,60000,,,,JR成田線「成田」駅,9.0,15.0,成田市橋賀台1-1ほか,1-1-2号棟,鉄筋コンクリート造、鉄骨鉄筋コンクリート造,4,N,408号室,3K,50,5,56000,4000,2か月,['近居割'],随時,https://www.ur-net.go.jp/chintai/kanto/chiba/30_3030_room.html?JKSS=101020408,<li>JR成田線「成田」駅バス7分 徒歩2～8分</li><li>京成本線「公津の杜」駅 徒歩23～32分</li><li>京成本線「京成成田」駅バス10分 徒歩3～11分</li>
chiba,naritant,成田ニュータウン橋賀台,60000,京成本線「公津の杜」駅,23.0,32.0,,,,成田市橋賀台1-1ほか,1-1-2号棟,鉄筋コンクリート造、鉄骨鉄筋コンクリート造,4,N,408号室,3K,50,5,56000,4000,2か月,['近居割'],随時,https://www.ur-net.go.jp/chintai/kanto/chiba/30_3030_room.html?JKSS=101020408,<li>JR成田線「成田」駅バス7分 徒歩2～8分</li><li>京成本線「公津の杜」駅 徒歩23～32分</li><li>京成本線「京成成田」駅バス10分 徒歩3～11分</li>
chiba,naritant,成田ニュータウン橋賀台,60000,,,,京成本線「京成成田」駅,13.0,21.0,成田市橋賀台1-1ほか,1-1-2号棟,鉄筋コンクリート造、鉄骨鉄筋コンクリート造,4,N,408号室,3K,50,5,56000,4000,2か月,['近居割'],随時,https://www.ur-net.go.jp/chintai/kanto/chiba/30_3030_room.html?JKSS=101020408,<li>JR成田線「成田」駅バス7分 徒歩2～8分</li><li>京成本線「公津の杜」駅 徒歩23～32分</li><li>京成本線「京成成田」駅バス10分 徒歩3～11分</li>
chiba,naritant,成田ニュータウン橋賀台,60000,,,,,,,成田市橋賀台1-1ほか,1-1-2号棟,鉄筋コンクリート造、鉄骨鉄筋コンクリート造,4,N,408号室,3K,50,5,56000,4000,2か月,['近居割'],随時,https://www.ur-net.go.jp/chintai/kanto/chiba/30_3030_room.html?JKSS=101020408,<li>JR成田線「成田」駅バス7分 徒歩2～8分</li><li>京成本線「公津の杜」駅 徒歩23～32分</li><li>京成本線「京成成田」駅バス10分 徒歩3～11分</li>
saitama,sengendai,わし宮,41900,東武伊勢崎線「鷲宮」駅,14.0,20.0,,,,久喜市上内478,1-18号棟,鉄筋コンクリート造,5,N,504号室,2DK,45,5,38000,3900,2か月,['近居割WIDE'],随時,https://www.ur-net.go.jp/chintai/kanto/saitama/50_1430_room.html?JKSS=000118504,<li>東武伊勢崎線「鷲宮」駅 徒歩14～20分</li><li>JR東北本線「東鷲宮」駅 徒歩22～33分</li><li>JR東北本線「久喜」駅 徒歩41～47分</li>
saitama,sengendai,わし宮,41900,JR東北本線「東鷲宮」駅,22.0,33.0,,,,久喜市上内478,1-18号棟,鉄筋コンクリート造,5,N,504号室,2DK,45,5,38000,3900,2か月,['近居割WIDE'],随時,https://www.ur-net.go.jp/chintai/kanto/saitama/50_1430_room.html?JKSS=000118504,<li>東武伊勢崎線「鷲宮」駅 徒歩14～20分</li><li>JR東北本線「東鷲宮」駅 徒歩22～33分</li><li>JR東北本線「久喜」駅 徒歩41～47分</li>
saitama,sengendai,わし宮,41900,JR東北本線「久喜」駅,41.0,47.0,,,,久喜市上内478,1-18号棟,鉄筋コンクリート造,5,N,504号室,2DK,45,5,38000,3900,2か月,['近居割WIDE'],随時,https://www.ur-net.go.jp/chintai/kanto/saitama/50_1430_room.html?JKSS=000118504,<li>東武伊勢崎線「鷲宮」駅 徒歩14～20分</li><li>JR東北本線「東鷲宮」駅 徒歩22～33分</li><li>JR東北本線「久喜」駅 徒歩41～47分</li>
saitama,sengendai,わし宮,41900,,,,,,,久喜市上内478,1-18号棟,鉄筋コンクリート造,5,N,504号室,2DK,45,5,38000,3900,2か月,['近居割WIDE'],随時,https://www.ur-net.go.jp/chintai/kanto/saitama/50_1430_room.html?JKSS=000118504,<li>東武伊勢崎線「鷲宮」駅 徒歩14～20分</li><li>JR東北本線「東鷲宮」駅 徒歩22～33分</li><li>JR東北本線「久喜」駅 徒歩41～47分</li>
saitama,sengendai,わし宮,43900,東武伊勢崎線「鷲宮」駅,14.0,20.0,,,,久喜市上内478,1-7号棟,鉄筋コンクリート造,5,N,501号室,2LDK,48,5,40000,3900,2か月,['近居割WIDE'],随時,https://www.ur-net.go.jp/chintai/kanto/saitama/50_1430_room.html?JKSS=000107501,<li>東武伊勢崎線「鷲宮」駅 徒歩14～20分</li><li>JR東北本線「東鷲宮」駅 徒歩22～33分</li><li>JR東北本線「久喜」駅 徒歩41～47分</li>
saitama,sengendai,わし宮,43900,JR東北本線「東鷲宮」駅,22.0,33.0,,,,久喜市上内478,1-7号棟,鉄筋コンクリート造,5,N,501号室,2LDK,48,5,40000,3900,2か月,['近居割WIDE'],随時,https://www.ur-net.go.jp/chintai/kanto/saitama/50_1430_room.html?JKSS=000107501,<li>東武伊勢崎線「鷲宮」駅 徒歩14～20分</li><li>JR東北本線「東鷲宮」駅 徒歩22～33分</li><li>JR東北本線「久喜」駅 徒歩41～47分</li>
saitama,sengendai,わし宮,43900,JR東北本線「久喜」駅,41.0,47.0,,,,久喜市上内478,1-7号棟,鉄筋コンクリート造,5,N,501号室,2LDK,48,5,40000,3900,2か月,['近居割WIDE'],随時,https://www.ur-net.go.jp/chintai/kanto/saitama/50_1430_room.html?JKSS=000107501,<li>東武伊勢崎線「鷲宮」駅 徒歩14～20分</li><li>JR東北本線「東鷲宮」駅 徒歩22～33分</li><li>JR東北本線「久喜」駅 徒歩41～47分</li>
saitama,sengendai,わし宮,43900,,,,,,,久喜市上内478,1-7号棟,鉄筋コンクリート造,5,N,501号室,2LDK,48,5,40000,3900,2か月,['近居割WIDE'],随時,https://www.ur-net.go.jp/chintai/kanto/saitama/50_1430_room.html?JKSS=000107501,<li>東武伊勢崎線「鷲宮」駅 徒歩14～20分</li><li>JR東北本線「東鷲宮」駅 徒歩22～33分</li><li>JR東北本線「久喜」駅 徒歩41～47分</li>
saitama,sengendai,わし宮,43900,東武伊勢崎線「鷲宮」駅,14.0,20.0,,,,久喜市上内478,2-3号棟,鉄筋コンクリート造,5,N,512号室,3K,48,5,40000,3900,2か月,['近居割WIDE'],2026年9月24日以降,https://www.ur-net.go.jp/chintai/kanto/saitama/50_1430_room.html?JKSS=000203512,<li>東武伊勢崎線「鷲宮」駅 徒歩14～20分</li><li>JR東北本線「東鷲宮」駅 徒歩22～33分</li><li>JR東北本線「久喜」駅 徒歩41～47分</li>
saitama,sengendai,わし宮,43900,JR東北本線「東鷲宮」駅,22.0,33.0,,,,久喜市上内478,2-3号棟,鉄筋コンクリート造,5,N,512号室,3K,48,5,40000,3900,2か月,['近居割WIDE'],2026年9月24日以降,https://www.ur-net.go.jp/chintai/kanto/saitama/50_1430_room.html?JKSS=000203512,<li>東武伊勢崎線「鷲宮」駅 徒歩14～20分</li><li>JR東北本線「東鷲宮」駅 徒歩22～33分</li><li>JR東北本線「久喜」駅 徒歩41～47分</li>
saitama,sengendai,わし宮,43900,JR東北本線「久喜」駅,41.0,47.0,,,,久喜市上内478,2-3号棟,鉄筋コンクリート造,5,N,512号室,3K,48,5,40000,3900,2か月,['近居割WIDE'],2026年9月24日以降,https://www.ur-net.go.jp/chintai/kanto/saitama/50_1430_room.html?JKSS=000203512,<li>東武伊勢崎線「鷲宮」駅 徒歩14～20分</li><li>JR東北本線「東鷲宮」駅 徒歩22～33分</li><li>JR東北本線「久喜」駅 徒歩41～47分</li>
saitama,sengendai,わし宮,43900,,,,,,,久喜市上内478,2-3号棟,鉄筋コンクリート造,5,N,512号室,3K,48,5,40000,3900,2か月,['近居割WIDE'],2026年9月24日以降,https://www.ur-net.go.jp/chintai/kanto/saitama/50_1430_room.html?JKSS=000203512,<li>東武伊勢崎線「鷲宮」駅 徒歩14～20分</li><li>JR東北本線「東鷲宮」駅 徒歩22～33分</li><li>JR東北本線「久喜」駅 徒歩41～47分</li>
saitama,sengendai,わし宮,43900,東武伊勢崎線「鷲宮」駅,14.0,20.0,,,,久喜市上内478,2-9号棟,鉄筋コンクリート造,5,N,505号室,2LDK,48,5,40000,3900,2か月,['近居割WIDE'],随時,https://www.ur-net.go.jp/chintai/kanto/saitama/50_1430_room.html?JKSS=000209505,<li>東武伊勢崎線「鷲宮」駅 徒歩14～20分</li><li>JR東北本線「東鷲宮」駅 徒歩22～33分</li><li>JR東北本線「久喜」駅 徒歩41～47分</li>
saitama,sengendai,わし宮,43900,JR東北本線「東鷲宮」駅,22.0,33.0,,,,久喜市上内478,2-9号棟,鉄筋コンクリート造,5,N,505号室,2LDK,48,5,40000,3900,2か月,['近居割WIDE'],随時,https://www.ur-net.go.jp/chintai/kanto/saitama/50_1430_room.html?JKSS=000209505,<li>東武伊勢崎線「鷲宮」駅 徒歩14～20分</li><li>JR東北本線「東鷲宮」駅 徒歩22～33分</li><li>JR東北本線「久喜」駅 徒歩41～47分</li>
saitama,sengendai,わし宮,43900,JR東北本線「久喜」駅,41.0,47.0,,,,久喜市上内478,2-9号棟,鉄筋コンクリート造,5,N,505号室,2LDK,48,5,40000,3900,2か月,['近居割WIDE'],随時,https://www.ur-net.go.jp/chintai/kanto/saitama/50_1430_room.html?JKSS=000209505,<li>東武伊勢崎線「鷲宮」駅 徒歩14～20分</li><li>JR東北本線「東鷲宮」駅 徒歩22～33分</li><li>JR東北本線「久喜」駅 徒歩41～47分</li>
saitama,sengendai,わし宮,43900,,,,,,,久喜市上内478,2-9号棟,鉄筋コンクリート造,5,N,505号室,2LDK,48,5,40000,3900,2か月,['近居割WIDE'],随時,https://www.ur-net.go.jp/chintai/kanto/saitama/50_1430_room.html?JKSS=000209505,<li>東武伊勢崎線「鷲宮」駅 徒歩14～20分</li><li>JR東北本線「東鷲宮」駅 徒歩22～33分</li><li>JR東北本線「久喜」駅 徒歩41～47分</li>
saitama,sengendai,わし宮,44100,東武伊勢崎線「鷲宮」駅,14.0,20.0,,,,久喜市上内478,2-10号棟,鉄筋コンクリート造,5,N,506号室,2LDK,48,5,40200,3900,2か月,['近居割WIDE'],随時,https://www.ur-net.go.jp/chintai/kanto/saitama/50_1430_room.html?JKSS=000210506,<li>東武伊勢崎線「鷲宮」駅 徒歩14～20分</li><li>JR東北本線「東鷲宮」駅 徒歩22～33分</li><li>JR東北本線「久喜」駅 徒歩41～47分</li>
saitama,sengendai,わし宮,44100,JR東北本線「東鷲宮」駅,22.0,33.0,,,,久喜市上内478,2-10号棟,鉄筋コンクリート造,5,N,506号室,2LDK,48,5,40200,3900,2か月,['近居割WIDE'],随時,https://www.ur-net.go.jp/chintai/kanto/saitama/50_1430_room.html?JKSS=000210506,<li>東武伊勢崎線「鷲宮」駅 徒歩14～20分</li><li>JR東北本線「東鷲宮」駅 徒歩22～33分</li><li>JR東北本線「久喜」駅 徒歩41～47分</li>
saitama,sengendai,わし宮,44100,JR東北本線「久喜」駅,41.0,47.0,,,,久喜市上内478,2-10号棟,鉄筋コンクリート造,5,N,506号室,2LDK,48,5,40200,3900,2か月,['近居割WIDE'],随時,https://www.ur-net.go.jp/chintai/kanto/saitama/50_1430_room.html?JKSS=000210506,<li>東武伊勢崎線「鷲宮」駅 徒歩14～20分</li><li>JR東北本線「東鷲宮」駅 徒歩22～33分</li><li>JR東北本線「久喜」駅 徒歩41～47分</li>
saitama,sengendai,わし宮,44100,,,,,,,久喜市上内478,2-10号棟,鉄筋コンクリート造,5,N,506号室,2LDK,48,5,40200,3900,2か月,['近居割WIDE'],随時,https://www.ur-net.go.jp/chintai/kanto/saitama/50_1430_room.html?JKSS=000210506,<li>東武伊勢崎線「鷲宮」駅 徒歩14～20分</li><li>JR東北本線「東鷲宮」駅 徒歩22～33分</li><li>JR東北本線「久喜」駅 徒歩41～47分</li>
saitama,sengendai,久喜青葉,46600,,,,湘南新宿ライン「久喜」駅,8.0,17.0,久喜市青葉1,2-1号棟,鉄筋コンクリート造,5,N,503号室,2LDK,50,5,43500,3100,2か月,['近居割'],随時,https://www.ur-net.go.jp/chintai/kanto/saitama/50_1640_room.html?JKSS=002010503,<li>湘南新宿ライン「久喜」駅バス7～10分 徒歩1～7分</li><li>東武伊勢崎線「久喜」駅バス7～10分 徒歩1～7分</li><li>東武日光線「幸手」駅 徒歩25～35分</li>
saitama,sengendai,久喜青葉,46600,,,,東武伊勢崎線「久喜」駅,8.0,17.0,久喜市青葉1,2-1号棟,鉄筋コンクリート造,5,N,503号室,2LDK,50,5,43500,3100,2か月,['近居割'],随時,https://www.ur-net.go.jp/chintai/kanto/saitama/50_1640_room.html?JKSS=002010503,<li>湘南新宿ライン「久喜」駅バス7～10分 徒歩1～7分</li><li>東武伊勢崎線「久喜」駅バス7～10分 徒歩1～7分</li><li>東武日光線「幸手」駅 徒歩25～35分</li>
saitama,sengendai,久喜青葉,46600,東武日光線「幸手」駅,25.0,35.0,,,,久喜市青葉1,2-1号棟,鉄筋コンクリート造,5,N,503号室,2LDK,50,5,43500,3100,2か月,['近居割'],随時,https://www.ur-net.go.jp/chintai/kanto/saitama/50_1640_room.html?JKSS=002010503,<li>湘南新宿ライン「久喜」駅バス7～10分 徒歩1～7分</li><li>東武伊勢崎線「久喜」駅バス7～10分 徒歩1～7分</li><li>東武日光線「幸手」駅 徒歩25～35分</li>
saitama,sengendai,久喜青葉,46600,,,,,,,久喜市青葉1,2-1号棟,鉄筋コンクリート造,5,N,503号室,2LDK,50,5,43500,3100,2か月,['近居割'],随時,https://www.ur-net.go.jp/chintai/kanto/saitama/50_1640_room.html?JKSS=002010503,<li>湘南新宿ライン「久喜」駅バス7～10分 徒歩1～7分</li><li>東武伊勢崎線「久喜」駅バス7～10分 徒歩1～7分</li><li>東武日光線「幸手」駅 徒歩25～35分</li>
saitama,sengendai,久喜青葉,46800,,,,湘南新宿ライン「久喜」駅,8.0,17.0,久喜市青葉1,1-10号棟,鉄筋コンクリート造,5,N,508号室,2LDK,50,5,43700,3100,2か月,['近居割'],随時,https://www.ur-net.go.jp/chintai/kanto/saitama/50_1640_room.html?JKSS=001100508,<li>湘南新宿ライン「久喜」駅バス7～10分 徒歩1～7分</li><li>東武伊勢崎線「久喜」駅バス7～10分 徒歩1～7分</li><li>東武日光線「幸手」駅 徒歩25～35分</li>
saitama,sengendai,久喜青葉,46800,,,,東武伊勢崎線「久喜」駅,8.0,17.0,久喜市青葉1,1-10号棟,鉄筋コンクリート造,5,N,508号室,2LDK,50,5,43700,3100,2か月,['近居割'],随時,https://www.ur-net.go.jp/chintai/kanto/saitama/50_1640_room.html?JKSS=001100508,<li>湘南新宿ライン「久喜」駅バス7～10分 徒歩1～7分</li><li>東武伊勢崎線「久喜」駅バス7～10分 徒歩1～7分</li><li>東武日光線「幸手」駅 徒歩25～35分</li>
saitama,sengendai,久喜青葉,46800,東武日光線「幸手」駅,25.0,35.0,,,,久喜市青葉1,1-10号棟,鉄筋コンクリート造,5,N,508号室,2LDK,50,5,43700,3100,2か月,['近居割'],随時,https://www.ur-net.go.jp/chintai/kanto/saitama/50_1640_room.html?JKSS=001100508,<li>湘南新宿ライン「久喜」駅バス7～10分 徒歩1～7分</li><li>東武伊勢崎線「久喜」駅バス7～10分 徒歩1～7分</li><li>東武日光線「幸手」駅 徒歩25～35分</li>
saitama,sengendai,久喜青葉,46800,,,,,,,久喜市青葉1,1-10号棟,鉄筋コンクリート造,5,N,508号室,2LDK,50,5,43700,3100,2か月,['近居割'],随時,https://www.ur-net.go.jp/chintai/kanto/saitama/50_1640_room.html?JKSS=001100508,<li>湘南新宿ライン「久喜」駅バス7～10分 徒歩1～7分</li><li>東武伊勢崎線「久喜」駅バス7～10分 徒歩1～7分</li><li>東武日光線「幸手」駅 徒歩25～35分</li>
saitama,sengendai,久喜青葉,46800,,,,湘南新宿ライン「久喜」駅,8.0,17.0,久喜市青葉1,2-13号棟,鉄筋コンクリート造,5,N,503号室,2LDK,50,5,43700,3100,2か月,['フリレ１か月'],随時,https://www.ur-net.go.jp/chintai/kanto/saitama/50_1640_room.html?JKSS=002130503,<li>湘南新宿ライン「久喜」駅バス7～10分 徒歩1～7分</li><li>東武伊勢崎線「久喜」駅バス7～10分 徒歩1～7分</li><li>東武日光線「幸手」駅 徒歩25～35分</li>
saitama,sengendai,久喜青葉,46800,,,,東武伊勢崎線「久喜」駅,8.0,17.0,久喜市青葉1,2-13号棟,鉄筋コンクリート造,5,N,503号室,2LDK,50,5,43700,3100,2か月,['フリレ１か月'],随時,https://www.ur-net.go.jp/chintai/kanto/saitama/50_1640_room.html?JKSS=002130503,<li>湘南新宿ライン「久喜」駅バス7～10分 徒歩1～7分</li><li>東武伊勢崎線「久喜」駅バス7～10分 徒歩1～7分</li><li>東武日光線「幸手」駅 徒歩25～35分</li>
saitama,sengendai,久喜青葉,46800,東武日光線「幸手」駅,25.0,35.0,,,,久喜市青葉1,2-13号棟,鉄筋コンクリート造,5,N,503号室,2LDK,50,5,43700,3100,2か月,['フリレ１か月'],随時,https://www.ur-net.go.jp/chintai/kanto/saitama/50_1640_room.html?JKSS=002130503,<li>湘南新宿ライン「久喜」駅バス7～10分 徒歩1～7分</li><li>東武伊勢崎線「久喜」駅バス7～10分 徒歩1～7分</li><li>東武日光線「幸手」駅 徒歩25～35分</li>
saitama,sengendai,久喜青葉,46800,,,,,,,久喜市青葉1,2-13号棟,鉄筋コンクリート造,5,N,503号室,2LDK,50,5,43700,3100,2か月,['フリレ１か月'],随時,https://www.ur-net.go.jp/chintai/kanto/saitama/50_1640_room.html?JKSS=002130503,<li>湘南新宿ライン「久喜」駅バス7～10分 徒歩1～7分</li><li>東武伊勢崎線「久喜」駅バス7～10分 徒歩1～7分</li><li>東武日光線「幸手」駅 徒歩25～35分</li>
saitama,sengendai,久喜青葉,48100,,,,湘南新宿ライン「久喜」駅,8.0,17.0,久喜市青葉1,1-11号棟,鉄筋コンクリート造,4,N,406号室,2LDK,50,5,45000,3100,2か月,['近居割'],2026年9月24日以降,https://www.ur-net.go.jp/chintai/kanto/saitama/50_1640_room.html?JKSS=001110406,<li>湘南新宿ライン「久喜」駅バス7～10分 徒歩1～7分</li><li>東武伊勢崎線「久喜」駅バス7～10分 徒歩1～7分</li><li>東武日光線「幸手」駅 徒歩25～35分</li>
saitama,sengendai,久喜青葉,48100,,,,東武伊勢崎線「久喜」駅,8.0,17.0,久喜市青葉1,1-11号棟,鉄筋コンクリート造,4,N,406号室,2LDK,50,5,45000,3100,2か月,['近居割'],2026年9月24日以降,https://www.ur-net.go.jp/chintai/kanto/saitama/50_1640_room.html?JKSS=001110406,<li>湘南新宿ライン「久喜」駅バス7～10分 徒歩1～7分</li><li>東武伊勢崎線「久喜」駅バス7～10分 徒歩1～7分</li><li>東武日光線「幸手」駅 徒歩25～35分</li>
saitama,sengendai,久喜青葉,48100,東武日光線「幸手」駅,25.0,35.0,,,,久喜市青葉1,1-11号棟,鉄筋コンクリート造,4,N,406号室,2LDK,50,5,45000,3100,2か月,['近居割'],2026年9月24日以降,https://www.ur-net.go.jp/chintai/kanto/saitama/50_1640_room.html?JKSS=001110406,<li>湘南新宿ライン「久喜」駅バス7～10分 徒歩1～7分</li><li>東武伊勢崎線「久喜」駅バス7～10分 徒歩1～7分</li><li>東武日光線「幸手」駅 徒歩25～35分</li>
saitama,sengendai,久喜青葉,48100,,,,,,,久喜市青葉1,1-11号棟,鉄筋コンクリート造,4,N,406号室,2LDK,50,5,45000,3100,2か月,['近居割'],2026年9月24日以降,https://www.ur-net.go.jp/chintai/kanto/saitama/50_1640_room.html?JKSS=001110406,<li>湘南新宿ライン「久喜」駅バス7～10分 徒歩1～7分</li><li>東武伊勢崎線「久喜」駅バス7～10分 徒歩1～7分</li><li>東武日光線「幸手」駅 徒歩25～35分</li>
saitama,sengendai,久喜青葉,48600,,,,湘南新宿ライン「久喜」駅,8.0,17.0,久喜市青葉1,1-15号棟,鉄筋コンクリート造,5,N,503号室,3DK,53,5,45500,3100,2か月,['近居割'],随時,https://www.ur-net.go.jp/chintai/kanto/saitama/50_1640_room.html?JKSS=001150503,<li>湘南新宿ライン「久喜」駅バス7～10分 徒歩1～7分</li><li>東武伊勢崎線「久喜」駅バス7～10分 徒歩1～7分</li><li>東武日光線「幸手」駅 徒歩25～35分</li>
saitama,sengendai,久喜青葉,48600,,,,東武伊勢崎線「久喜」駅,8.0,17.0,久喜市青葉1,1-15号棟,鉄筋コンクリート造,5,N,503号室,3DK,53,5,45500,3100,2か月,['近居割'],随時,https://www.ur-net.go.jp/chintai/kanto/saitama/50_1640_room.html?JKSS=001150503,<li>湘南新宿ライン「久喜」駅バス7～10分 徒歩1～7分</li><li>東武伊勢崎線「久喜」駅バス7～10分 徒歩1～7分</li><li>東武日光線「幸手」駅 徒歩25～35分</li>
saitama,sengendai,久喜青葉,48600,東武日光線「幸手」駅,25.0,35.0,,,,久喜市青葉1,1-15号棟,鉄筋コンクリート造,5,N,503号室,3DK,53,5,45500,3100,2か月,['近居割'],随時,https://www.ur-net.go.jp/chintai/kanto/saitama/50_1640_room.html?JKSS=001150503,<li>湘南新宿ライン「久喜」駅バス7～10分 徒歩1～7分</li><li>東武伊勢崎線「久喜」駅バス7～10分 徒歩1～7分</li><li>東武日光線「幸手」駅 徒歩25～35分</li>
saitama,sengendai,久喜青葉,48600,,,,,,,久喜市青葉1,1-15号棟,鉄筋コンクリート造,5,N,503号室,3DK,53,5,45500,3100,2か月,['近居割'],随時,https://www.ur-net.go.jp/chintai/kanto/saitama/50_1640_room.html?JKSS=001150503,<li>湘南新宿ライン「久喜」駅バス7～10分 徒歩1～7分</li><li>東武伊勢崎線「久喜」駅バス7～10分 徒歩1～7分</li><li>東武日光線「幸手」駅 徒歩25～35分</li>
saitama,misato,吉川,106200,,,,JR武蔵野線「吉川」駅,6.0,11.0,吉川市吉川団地,5-17号棟,鉄筋コンクリート造,4,N,406号室,3LDK,85,5,103100,3100,2か月,"['近居割', '近居割WIDE']",随時,https://www.ur-net.go.jp/chintai/kanto/saitama/50_1551_room.html?JKSS=000517406,<li>JR武蔵野線「吉川」駅バス5～6分 徒歩1～5分</li>
saitama,misato,吉川,106200,,,,,,,吉川市吉川団地,5-17号棟,鉄筋コンクリート造,4,N,406号室,3LDK,85,5,103100,3100,2か月,"['近居割', '近居割WIDE']",随時,https://www.ur-net.go.jp/chintai/kanto/saitama/50_1551_room.html?JKSS=000517406,<li>JR武蔵野線「吉川」駅バス5～6分 徒歩1～5分</li>
saitama,misato,吉川,112900,,,,JR武蔵野線「吉川」駅,6.0,11.0,吉川市吉川団地,5-17号棟,鉄筋コンクリート造,3,N,301号室,4LDK,92,5,109800,3100,2か月,"['近居割', '近居割WIDE']",随時,https://www.ur-net.go.jp/chintai/kanto/saitama/50_1551_room.html?JKSS=000517301,<li>JR武蔵野線「吉川」駅バス5～6分 徒歩1～5分</li>
saitama,misato,吉川,112900,,,,,,,吉川市吉川団地,5-17号棟,鉄筋コンクリート造,3,N,301号室,4LDK,92,5,109800,3100,2か月,"['近居割', '近居割WIDE']",随時,https://www.ur-net.go.jp/chintai/kanto/saitama/50_1551_room.html?JKSS=000517301,<li>JR武蔵野線「吉川」駅バス5～6分 徒歩1～5分</li>
saitama,misato,吉川,113800,,,,JR武蔵野線「吉川」駅,6.0,11.0,吉川市吉川団地,4-18号棟,鉄筋コンクリート造,3,N,305号室,4LDK,98,5,110700,3100,2か月,"['近居割', '近居割WIDE']",随時,https://www.ur-net.go.jp/chintai/kanto/saitama/50_1551_room.html?JKSS=000418305,<li>JR武蔵野線「吉川」駅バス5～6分 徒歩1～5分</li>
saitama,misato,吉川,113800,,,,,,,吉川市吉川団地,4-18号棟,鉄筋コンクリート造,3,N,305号室,4LDK,98,5,110700,3100,2か月,"['近居割', '近居割WIDE']",随時,https://www.ur-net.go.jp/chintai/kanto/saitama/50_1551_room.html?JKSS=000418305,<li>JR武蔵野線「吉川」駅バス5～6分 徒歩1～5分</li>
saitama,higashiomiya,コンフォール西本郷,151500,JR東北本線「土呂」駅,11.0,14.0,,,,さいたま市北区本郷町17-1,8号棟,鉄筋コンクリート造,6,N,608号室,4DK,77,9,147400,4100,2か月,['近居割'],随時,https://www.ur-net.go.jp/chintai/kanto/saitama/50_3860_room.html?JKSS=000080608,<li>JR東北本線「土呂」駅 徒歩11～14分</li><li>ニューシャトル伊奈線「加茂宮」駅 徒歩12～14分</li><li>東武野田線「大宮公園」駅 徒歩17～23分</li>
saitama,higashiomiya,コンフォール西本郷,151500,ニューシャトル伊奈線「加茂宮」駅,12.0,14.0,,,,さいたま市北区本郷町17-1,8号棟,鉄筋コンクリート造,6,N,608号室,4DK,77,9,147400,4100,2か月,['近居割'],随時,https://www.ur-net.go.jp/chintai/kanto/saitama/50_3860_room.html?JKSS=000080608,<li>JR東北本線「土呂」駅 徒歩11～14分</li><li>ニューシャトル伊奈線「加茂宮」駅 徒歩12～14分</li><li>東武野田線「大宮公園」駅 徒歩17～23分</li>
saitama,higashiomiya,コンフォール西本郷,151500,東武野田線「大宮公園」駅,17.0,23.0,,,,さいたま市北区本郷町17-1,8号棟,鉄筋コンクリート造,6,N,608号室,4DK,77,9,147400,4100,2か月,['近居割'],随時,https://www.ur-net.go.jp/chintai/kanto/saitama/50_3860_room.html?JKSS=000080608,<li>JR東北本線「土呂」駅 徒歩11～14分</li><li>ニューシャトル伊奈線「加茂宮」駅 徒歩12～14分</li><li>東武野田線「大宮公園」駅 徒歩17～23分</li>
saitama,higashiomiya,コンフォール西本郷,151500,,,,,,,さいたま市北区本郷町17-1,8号棟,鉄筋コンクリート造,6,N,608号室,4DK,77,9,147400,4100,2か月,['近居割'],随時,https://www.ur-net.go.jp/chintai/kanto/saitama/50_3860_room.html?JKSS=000080608,<li>JR東北本線「土呂」駅 徒歩11～14分</li><li>ニューシャトル伊奈線「加茂宮」駅 徒歩12～14分</li><li>東武野田線「大宮公園」駅 徒歩17～23分</li>
saitama,kawaguchi,川口芝園,94900,JR京浜東北・根岸線「蕨」駅,10.0,15.0,,,,川口市芝園町3,4号棟,鉄骨鉄筋コンクリート造,5,N,545号室,1LDK,45,10,90800,4100,2か月,"['近居割', '近居割WIDE']",2026年9月24日以降,https://www.ur-net.go.jp/chintai/kanto/saitama/50_1820_room.html?JKSS=000040545,<li>JR京浜東北・根岸線「蕨」駅 徒歩10～15分</li><li>JR埼京線「戸田」駅 徒歩27～32分</li><li>JR武蔵野線「南浦和」駅 徒歩28～34分</li>
saitama,kawaguchi,川口芝園,94900,JR埼京線「戸田」駅,27.0,32.0,,,,川口市芝園町3,4号棟,鉄骨鉄筋コンクリート造,5,N,545号室,1LDK,45,10,90800,4100,2か月,"['近居割', '近居割WIDE']",2026年9月24日以降,https://www.ur-net.go.jp/chintai/kanto/saitama/50_1820_room.html?JKSS=000040545,<li>JR京浜東北・根岸線「蕨」駅 徒歩10～15分</li><li>JR埼京線「戸田」駅 徒歩27～32分</li><li>JR武蔵野線「南浦和」駅 徒歩28～34分</li>
saitama,kawaguchi,川口芝園,94900,JR武蔵野線「南浦和」駅,28.0,34.0,,,,川口市芝園町3,4号棟,鉄骨鉄筋コンクリート造,5,N,545号室,1LDK,45,10,90800,4100,2か月,"['近居割', '近居割WIDE']",2026年9月24日以降,https://www.ur-net.go.jp/chintai/kanto/saitama/50_1820_room.html?JKSS=000040545,<li>JR京浜東北・根岸線「蕨」駅 徒歩10～15分</li><li>JR埼京線「戸田」駅 徒歩27～32分</li><li>JR武蔵野線「南浦和」駅 徒歩28～34分</li>
saitama,kawaguchi,川口芝園,94900,,,,,,,川口市芝園町3,4号棟,鉄骨鉄筋コンクリート造,5,N,545号室,1LDK,45,10,90800,4100,2か月,"['近居割', '近居割WIDE']",2026年9月24日以降,https://www.ur-net.go.jp/chintai/kanto/saitama/50_1820_room.html?JKSS=000040545,<li>JR京浜東北・根岸線「蕨」駅 徒歩10～15分</li><li>JR埼京線「戸田」駅 徒歩27～32分</li><li>JR武蔵野線「南浦和」駅 徒歩28～34分</li>
saitama,kawaguchi,川口芝園,95400,JR京浜東北・根岸線「蕨」駅,10.0,15.0,,,,川口市芝園町3,4号棟,鉄骨鉄筋コンクリート造,2,N,258号室,1LDK,45,10,91300,4100,2か月,"['近居割', '近居割WIDE']",随時,https://www.ur-net.go.jp/chintai/kanto/saitama/50_1820_room.html?JKSS=000040258,<li>JR京浜東北・根岸線「蕨」駅 徒歩10～15分</li><li>JR埼京線「戸田」駅 徒歩27～32分</li><li>JR武蔵野線「南浦和」駅 徒歩28～34分</li>
saitama,kawaguchi,川口芝園,95400,JR埼京線「戸田」駅,27.0,32.0,,,,川口市芝園町3,4号棟,鉄骨鉄筋コンクリート造,2,N,258号室,1LDK,45,10,91300,4100,2か月,"['近居割', '近居割WIDE']",随時,https://www.ur-net.go.jp/chintai/kanto/saitama/50_1820_room.html?JKSS=000040258,<li>JR京浜東北・根岸線「蕨」駅 徒歩10～15分</li><li>JR埼京線「戸田」駅 徒歩27～32分</li><li>JR武蔵野線「南浦和」駅 徒歩28～34分</li>
saitama,kawaguchi,川口芝園,95400,JR武蔵野線「南浦和」駅,28.0,34.0,,,,川口市芝園町3,4号棟,鉄骨鉄筋コンクリート造,2,N,258号室,1LDK,45,10,91300,4100,2か月,"['近居割', '近居割WIDE']",随時,https://www.ur-net.go.jp/chintai/kanto/saitama/50_1820_room.html?JKSS=000040258,<li>JR京浜東北・根岸線「蕨」駅 徒歩10～15分</li><li>JR埼京線「戸田」駅 徒歩27～32分</li><li>JR武蔵野線「南浦和」駅 徒歩28～34分</li>
saitama,kawaguchi,川口芝園,95400,,,,,,,川口市芝園町3,4号棟,鉄骨鉄筋コンクリート造,2,N,258号室,1LDK,45,10,91300,4100,2か月,"['近居割', '近居割WIDE']",随時,https://www.ur-net.go.jp/chintai/kanto/saitama/50_1820_room.html?JKSS=000040258,<li>JR京浜東北・根岸線「蕨」駅 徒歩10～15分</li><li>JR埼京線「戸田」駅 徒歩27～32分</li><li>JR武蔵野線「南浦和」駅 徒歩28～34分</li>
saitama,kawaguchi,川口芝園,99700,JR京浜東北・根岸線「蕨」駅,10.0,15.0,,,,川口市芝園町3,4号棟,鉄骨鉄筋コンクリート造,6,N,625号室,1LDK,45,10,95600,4100,2か月,"['近居割', '近居割WIDE']",随時,https://www.ur-net.go.jp/chintai/kanto/saitama/50_1820_room.html?JKSS=000040625,<li>JR京浜東北・根岸線「蕨」駅 徒歩10～15分</li><li>JR埼京線「戸田」駅 徒歩27～32分</li><li>JR武蔵野線「南浦和」駅 徒歩28～34分</li>
saitama,kawaguchi,川口芝園,99700,JR埼京線「戸田」駅,27.0,32.0,,,,川口市芝園町3,4号棟,鉄骨鉄筋コンクリート造,6,N,625号室,1LDK,45,10,95600,4100,2か月,"['近居割', '近居割WIDE']",随時,https://www.ur-net.go.jp/chintai/kanto/saitama/50_1820_room.html?JKSS=000040625,<li>JR京浜東北・根岸線「蕨」駅 徒歩10～15分</li><li>JR埼京線「戸田」駅 徒歩27～32分</li><li>JR武蔵野線「南浦和」駅 徒歩28～34分</li>
saitama,kawaguchi,川口芝園,99700,JR武蔵野線「南浦和」駅,28.0,34.0,,,,川口市芝園町3,4号棟,鉄骨鉄筋コンクリート造,6,N,625号室,1LDK,45,10,95600,4100,2か月,"['近居割', '近居割WIDE']",随時,https://www.ur-net.go.jp/chintai/kanto/saitama/50_1820_room.html?JKSS=000040625,<li>JR京浜東北・根岸線「蕨」駅 徒歩10～15分</li><li>JR埼京線「戸田」駅 徒歩27～32分</li><li>JR武蔵野線「南浦和」駅 徒歩28～34分</li>
saitama,kawaguchi,川口芝園,99700,,,,,,,川口市芝園町3,4号棟,鉄骨鉄筋コンクリート造,6,N,625号室,1LDK,45,10,95600,4100,2か月,"['近居割', '近居割WIDE']",随時,https://www.ur-net.go.jp/chintai/kanto/saitama/50_1820_room.html?JKSS=000040625,<li>JR京浜東北・根岸線「蕨」駅 徒歩10～15分</li><li>JR埼京線「戸田」駅 徒歩27～32分</li><li>JR武蔵野線「南浦和」駅 徒歩28～34分</li>
saitama,kawaguchi,コンフォール東鳩ヶ谷,103400,埼玉高速鉄道「新井宿」駅,12.0,12.0,,,,川口市桜町4-4,3号棟,鉄筋コンクリート造,3,N,303号室,2DK,49,10,99000,4400,2か月,['近居割'],随時,https://www.ur-net.go.jp/chintai/kanto/saitama/50_4020_room.html?JKSS=000030303,<li>埼玉高速鉄道「新井宿」駅 徒歩12分</li><li>JR京浜東北・根岸線「西川口」駅バス25分 徒歩1～3分</li><li>JR京浜東北・根岸線「赤羽」駅バス27分 徒歩1～3分</li>
saitama,kawaguchi,コンフォール東鳩ヶ谷,103400,,,,JR京浜東北・根岸線「西川口」駅,26.0,28.0,川口市桜町4-4,3号棟,鉄筋コンクリート造,3,N,303号室,2DK,49,10,99000,4400,2か月,['近居割'],随時,https://www.ur-net.go.jp/chintai/kanto/saitama/50_4020_room.html?JKSS=000030303,<li>埼玉高速鉄道「新井宿」駅 徒歩12分</li><li>JR京浜東北・根岸線「西川口」駅バス25分 徒歩1～3分</li><li>JR京浜東北・根岸線「赤羽」駅バス27分 徒歩1～3分</li>
saitama,kawaguchi,コンフォール東鳩ヶ谷,103400,,,,JR京浜東北・根岸線「赤羽」駅,28.0,30.0,川口市桜町4-4,3号棟,鉄筋コンクリート造,3,N,303号室,2DK,49,10,99000,4400,2か月,['近居割'],随時,https://www.ur-net.go.jp/chintai/kanto/saitama/50_4020_room.html?JKSS=000030303,<li>埼玉高速鉄道「新井宿」駅 徒歩12分</li><li>JR京浜東北・根岸線「西川口」駅バス25分 徒歩1～3分</li><li>JR京浜東北・根岸線「赤羽」駅バス27分 徒歩1～3分</li>
saitama,kawaguchi,コンフォール東鳩ヶ谷,103400,,,,,,,川口市桜町4-4,3号棟,鉄筋コンクリート造,3,N,303号室,2DK,49,10,99000,4400,2か月,['近居割'],随時,https://www.ur-net.go.jp/chintai/kanto/saitama/50_4020_room.html?JKSS=000030303,<li>埼玉高速鉄道「新井宿」駅 徒歩12分</li><li>JR京浜東北・根岸線「西川口」駅バス25分 徒歩1～3分</li><li>JR京浜東北・根岸線「赤羽」駅バス27分 徒歩1～3分</li>
saitama,kawaguchi,コンフォール東鳩ヶ谷,129100,埼玉高速鉄道「新井宿」駅,12.0,12.0,,,,川口市桜町4-4,1号棟,鉄筋コンクリート造,6,N,606号室,2LDK,64,7,124700,4400,2か月,['近居割'],随時,https://www.ur-net.go.jp/chintai/kanto/saitama/50_4020_room.html?JKSS=000010606,<li>埼玉高速鉄道「新井宿」駅 徒歩12分</li><li>JR京浜東北・根岸線「西川口」駅バス25分 徒歩1～3分</li><li>JR京浜東北・根岸線「赤羽」駅バス27分 徒歩1～3分</li>
saitama,kawaguchi,コンフォール東鳩ヶ谷,129100,,,,JR京浜東北・根岸線「西川口」駅,26.0,28.0,川口市桜町4-4,1号棟,鉄筋コンクリート造,6,N,606号室,2LDK,64,7,124700,4400,2か月,['近居割'],随時,https://www.ur-net.go.jp/chintai/kanto/saitama/50_4020_room.html?JKSS=000010606,<li>埼玉高速鉄道「新井宿」駅 徒歩12分</li><li>JR京浜東北・根岸線「西川口」駅バス25分 徒歩1～3分</li><li>JR京浜東北・根岸線「赤羽」駅バス27分 徒歩1～3分</li>
saitama,kawaguchi,コンフォール東鳩ヶ谷,129100,,,,JR京浜東北・根岸線「赤羽」駅,28.0,30.0,川口市桜町4-4,1号棟,鉄筋コンクリート造,6,N,606号室,2LDK,64,7,124700,4400,2か月,['近居割'],随時,https://www.ur-net.go.jp/chintai/kanto/saitama/50_4020_room.html?JKSS=000010606,<li>埼玉高速鉄道「新井宿」駅 徒歩12分</li><li>JR京浜東北・根岸線「西川口」駅バス25分 徒歩1～3分</li><li>JR京浜東北・根岸線「赤羽」駅バス27分 徒歩1～3分</li>
saitama,kawaguchi,コンフォール東鳩ヶ谷,129100,,,,,,,川口市桜町4-4,1号棟,鉄筋コンクリート造,6,N,606号室,2LDK,64,7,124700,4400,2か月,['近居割'],随時,https://www.ur-net.go.jp/chintai/kanto/saitama/50_4020_room.html?JKSS=000010606,<li>埼玉高速鉄道「新井宿」駅 徒歩12分</li><li>JR京浜東北・根岸線「西川口」駅バス25分 徒歩1～3分</li><li>JR京浜東北・根岸線「赤羽」駅バス27分 徒歩1～3分</li>
saitama,kawaguchi,アーバンハイツ南前川,111300,,,,JR京浜東北線「蕨」駅,8.0,8.0,川口市南前川2-21-10,,鉄筋コンクリート造,4,N,409号室,3DK,68,5,107500,3800,2か月,['近居割'],随時,https://www.ur-net.go.jp/chintai/kanto/saitama/50_2220_room.html?JKSS=000000409,<li>JR京浜東北線「蕨」駅 バス7分 徒歩1分</li><li>JR京浜東北線「西川口」駅 バス8分 徒歩1分</li>
saitama,kawaguchi,アーバンハイツ南前川,111300,,,,JR京浜東北線「西川口」駅,9.0,9.0,川口市南前川2-21-10,,鉄筋コンクリート造,4,N,409号室,3DK,68,5,107500,3800,2か月,['近居割'],随時,https://www.ur-net.go.jp/chintai/kanto/saitama/50_2220_room.html?JKSS=000000409,<li>JR京浜東北線「蕨」駅 バス7分 徒歩1分</li><li>JR京浜東北線「西川口」駅 バス8分 徒歩1分</li>
saitama,kawaguchi,アーバンハイツ南前川,111300,,,,,,,川口市南前川2-21-10,,鉄筋コンクリート造,4,N,409号室,3DK,68,5,107500,3800,2か月,['近居割'],随時,https://www.ur-net.go.jp/chintai/kanto/saitama/50_2220_room.html?JKSS=000000409,<li>JR京浜東北線「蕨」駅 バス7分 徒歩1分</li><li>JR京浜東北線「西川口」駅 バス8分 徒歩1分</li>
saitama,kawaguchi,アーバンハイツ南前川,130800,,,,JR京浜東北線「蕨」駅,8.0,8.0,川口市南前川2-21-10,,鉄筋コンクリート造,3,N,304号室,3LDK,79,5,127000,3800,2か月,['近居割'],随時,https://www.ur-net.go.jp/chintai/kanto/saitama/50_2220_room.html?JKSS=000000304,<li>JR京浜東北線「蕨」駅 バス7分 徒歩1分</li><li>JR京浜東北線「西川口」駅 バス8分 徒歩1分</li>
saitama,kawaguchi,アーバンハイツ南前川,130800,,,,JR京浜東北線「西川口」駅,9.0,9.0,川口市南前川2-21-10,,鉄筋コンクリート造,3,N,304号室,3LDK,79,5,127000,3800,2か月,['近居割'],随時,https://www.ur-net.go.jp/chintai/kanto/saitama/50_2220_room.html?JKSS=000000304,<li>JR京浜東北線「蕨」駅 バス7分 徒歩1分</li><li>JR京浜東北線「西川口」駅 バス8分 徒歩1分</li>
saitama,kawaguchi,アーバンハイツ南前川,130800,,,,,,,川口市南前川2-21-10,,鉄筋コンクリート造,3,N,304号室,3LDK,79,5,127000,3800,2か月,['近居割'],随時,https://www.ur-net.go.jp/chintai/kanto/saitama/50_2220_room.html?JKSS=000000304,<li>JR京浜東北線「蕨」駅 バス7分 徒歩1分</li><li>JR京浜東北線「西川口」駅 バス8分 徒歩1分</li>
saitama,kawaguchi,リプレ川口二番街,203700,JR京浜東北線「川口」駅,2.0,2.0,,,,川口市川口3-3-1,,鉄骨鉄筋コンクリート造,9,N,912号室,4DK,76,14,199700,4000,2か月,['近居割'],2026年9月25日以降,https://www.ur-net.go.jp/chintai/kanto/saitama/50_2890_room.html?JKSS=000000912,<li>JR京浜東北線「川口」駅 徒歩2分</li>
saitama,kawaguchi,リプレ川口二番街,203700,,,,,,,川口市川口3-3-1,,鉄骨鉄筋コンクリート造,9,N,912号室,4DK,76,14,199700,4000,2か月,['近居割'],2026年9月25日以降,https://www.ur-net.go.jp/chintai/kanto/saitama/50_2890_room.html?JKSS=000000912,<li>JR京浜東北線「川口」駅 徒歩2分</li>
saitama,minamiurawa,コンフォール領家,123500,JR京浜東北・根岸線「北浦和」駅,16.0,18.0,,,,さいたま市浦和区領家6-11,1号棟,鉄筋コンクリート造,4,N,403号室,1LDK,50,5,117500,6000,2か月,['近居割'],随時,https://www.ur-net.go.jp/chintai/kanto/saitama/50_4110_room.html?JKSS=000010403,<li>JR京浜東北・根岸線「北浦和」駅 徒歩16～18分</li><li>JR京浜東北・根岸線「与野」駅 徒歩17分</li><li>JR京浜東北・根岸線「浦和」駅 徒歩36～39分</li>
saitama,minamiurawa,コンフォール領家,123500,JR京浜東北・根岸線「与野」駅,17.0,17.0,,,,さいたま市浦和区領家6-11,1号棟,鉄筋コンクリート造,4,N,403号室,1LDK,50,5,117500,6000,2か月,['近居割'],随時,https://www.ur-net.go.jp/chintai/kanto/saitama/50_4110_room.html?JKSS=000010403,<li>JR京浜東北・根岸線「北浦和」駅 徒歩16～18分</li><li>JR京浜東北・根岸線「与野」駅 徒歩17分</li><li>JR京浜東北・根岸線「浦和」駅 徒歩36～39分</li>
saitama,minamiurawa,コンフォール領家,123500,JR京浜東北・根岸線「浦和」駅,36.0,39.0,,,,さいたま市浦和区領家6-11,1号棟,鉄筋コンクリート造,4,N,403号室,1LDK,50,5,117500,6000,2か月,['近居割'],随時,https://www.ur-net.go.jp/chintai/kanto/saitama/50_4110_room.html?JKSS=000010403,<li>JR京浜東北・根岸線「北浦和」駅 徒歩16～18分</li><li>JR京浜東北・根岸線「与野」駅 徒歩17分</li><li>JR京浜東北・根岸線「浦和」駅 徒歩36～39分</li>
saitama,minamiurawa,コンフォール領家,123500,,,,,,,さいたま市浦和区領家6-11,1号棟,鉄筋コンクリート造,4,N,403号室,1LDK,50,5,117500,6000,2か月,['近居割'],随時,https://www.ur-net.go.jp/chintai/kanto/saitama/50_4110_room.html?JKSS=000010403,<li>JR京浜東北・根岸線「北浦和」駅 徒歩16～18分</li><li>JR京浜東北・根岸線「与野」駅 徒歩17分</li><li>JR京浜東北・根岸線「浦和」駅 徒歩36～39分</li>
saitama,minamiurawa,うらわイーストシティ　かえで街,111000,JR武蔵野線「東浦和」駅,13.0,13.0,JR武蔵野線「東浦和」駅,4.0,5.0,さいたま市緑区東浦和2-73-1,5号棟,鉄筋コンクリート造,2,N,201号室,2DK,63,3,105500,5500,2か月,['フリレ１か月'],随時,https://www.ur-net.go.jp/chintai/kanto/saitama/50_2730_room.html?JKSS=000050201,<li>JR武蔵野線「東浦和」駅 徒歩13分</li><li>JR武蔵野線「東浦和」駅バス2分 徒歩2～3分</li><li>JR東北本線「浦和」駅バス14分 徒歩7～9分</li>
saitama,minamiurawa,うらわイーストシティ　かえで街,111000,,,,JR東北本線「浦和」駅,21.0,23.0,さいたま市緑区東浦和2-73-1,5号棟,鉄筋コンクリート造,2,N,201号室,2DK,63,3,105500,5500,2か月,['フリレ１か月'],随時,https://www.ur-net.go.jp/chintai/kanto/saitama/50_2730_room.html?JKSS=000050201,<li>JR武蔵野線「東浦和」駅 徒歩13分</li><li>JR武蔵野線「東浦和」駅バス2分 徒歩2～3分</li><li>JR東北本線「浦和」駅バス14分 徒歩7～9分</li>
saitama,minamiurawa,うらわイーストシティ　かえで街,111000,,,,,,,さいたま市緑区東浦和2-73-1,5号棟,鉄筋コンクリート造,2,N,201号室,2DK,63,3,105500,5500,2か月,['フリレ１か月'],随時,https://www.ur-net.go.jp/chintai/kanto/saitama/50_2730_room.html?JKSS=000050201,<li>JR武蔵野線「東浦和」駅 徒歩13分</li><li>JR武蔵野線「東浦和」駅バス2分 徒歩2～3分</li><li>JR東北本線「浦和」駅バス14分 徒歩7～9分</li>
saitama,minamiurawa,うらわイーストシティ　かえで街,132100,JR武蔵野線「東浦和」駅,13.0,13.0,JR武蔵野線「東浦和」駅,4.0,5.0,さいたま市緑区東浦和2-73-1,3号棟,鉄筋コンクリート造,4,N,401号室,2LDK,70,5,126600,5500,2か月,['フリレ１か月'],随時,https://www.ur-net.go.jp/chintai/kanto/saitama/50_2730_room.html?JKSS=000030401,<li>JR武蔵野線「東浦和」駅 徒歩13分</li><li>JR武蔵野線「東浦和」駅バス2分 徒歩2～3分</li><li>JR東北本線「浦和」駅バス14分 徒歩7～9分</li>
saitama,minamiurawa,うらわイーストシティ　かえで街,132100,,,,JR東北本線「浦和」駅,21.0,23.0,さいたま市緑区東浦和2-73-1,3号棟,鉄筋コンクリート造,4,N,401号室,2LDK,70,5,126600,5500,2か月,['フリレ１か月'],随時,https://www.ur-net.go.jp/chintai/kanto/saitama/50_2730_room.html?JKSS=000030401,<li>JR武蔵野線「東浦和」駅 徒歩13分</li><li>JR武蔵野線「東浦和」駅バス2分 徒歩2～3分</li><li>JR東北本線「浦和」駅バス14分 徒歩7～9分</li>
saitama,minamiurawa,うらわイーストシティ　かえで街,132100,,,,,,,さいたま市緑区東浦和2-73-1,3号棟,鉄筋コンクリート造,4,N,401号室,2LDK,70,5,126600,5500,2か月,['フリレ１か月'],随時,https://www.ur-net.go.jp/chintai/kanto/saitama/50_2730_room.html?JKSS=000030401,<li>JR武蔵野線「東浦和」駅 徒歩13分</li><li>JR武蔵野線「東浦和」駅バス2分 徒歩2～3分</li><li>JR東北本線「浦和」駅バス14分 徒歩7～9分</li>
saitama,ageo,パークタウン若宮,95000,JR高崎線「桶川」駅,5.0,9.0,,,,桶川市若宮1-8,24号棟,鉄筋コンクリート造,5,N,504号室,3LDK,77,5,91800,3200,2か月,['近居割'],随時,https://www.ur-net.go.jp/chintai/kanto/saitama/50_2160_room.html?JKSS=000240504,<li>JR高崎線「桶川」駅 徒歩5～9分</li><li>JR高崎線「北本」駅 徒歩60～65分</li><li>JR高崎線「北上尾」駅 徒歩28～34分</li>
saitama,ageo,パークタウン若宮,95000,JR高崎線「北本」駅,60.0,65.0,,,,桶川市若宮1-8,24号棟,鉄筋コンクリート造,5,N,504号室,3LDK,77,5,91800,3200,2か月,['近居割'],随時,https://www.ur-net.go.jp/chintai/kanto/saitama/50_2160_room.html?JKSS=000240504,<li>JR高崎線「桶川」駅 徒歩5～9分</li><li>JR高崎線「北本」駅 徒歩60～65分</li><li>JR高崎線「北上尾」駅 徒歩28～34分</li>
saitama,ageo,パークタウン若宮,95000,JR高崎線「北上尾」駅,28.0,34.0,,,,桶川市若宮1-8,24号棟,鉄筋コンクリート造,5,N,504号室,3LDK,77,5,91800,3200,2か月,['近居割'],随時,https://www.ur-net.go.jp/chintai/kanto/saitama/50_2160_room.html?JKSS=000240504,<li>JR高崎線「桶川」駅 徒歩5～9分</li><li>JR高崎線「北本」駅 徒歩60～65分</li><li>JR高崎線「北上尾」駅 徒歩28～34分</li>
saitama,ageo,パークタウン若宮,95000,,,,,,,桶川市若宮1-8,24号棟,鉄筋コンクリート造,5,N,504号室,3LDK,77,5,91800,3200,2か月,['近居割'],随時,https://www.ur-net.go.jp/chintai/kanto/saitama/50_2160_room.html?JKSS=000240504,<li>JR高崎線「桶川」駅 徒歩5～9分</li><li>JR高崎線「北本」駅 徒歩60～65分</li><li>JR高崎線「北上尾」駅 徒歩28～34分</li>
saitama,ageo,パークタウン若宮,95900,JR高崎線「桶川」駅,5.0,9.0,,,,桶川市若宮1-8,25号棟,鉄筋コンクリート造,4,N,402号室,3LDK,82,5,92700,3200,2か月,['近居割'],随時,https://www.ur-net.go.jp/chintai/kanto/saitama/50_2160_room.html?JKSS=000250402,<li>JR高崎線「桶川」駅 徒歩5～9分</li><li>JR高崎線「北本」駅 徒歩60～65分</li><li>JR高崎線「北上尾」駅 徒歩28～34分</li>
saitama,ageo,パークタウン若宮,95900,JR高崎線「北本」駅,60.0,65.0,,,,桶川市若宮1-8,25号棟,鉄筋コンクリート造,4,N,402号室,3LDK,82,5,92700,3200,2か月,['近居割'],随時,https://www.ur-net.go.jp/chintai/kanto/saitama/50_2160_room.html?JKSS=000250402,<li>JR高崎線「桶川」駅 徒歩5～9分</li><li>JR高崎線「北本」駅 徒歩60～65分</li><li>JR高崎線「北上尾」駅 徒歩28～34分</li>
saitama,ageo,パークタウン若宮,95900,JR高崎線「北上尾」駅,28.0,34.0,,,,桶川市若宮1-8,25号棟,鉄筋コンクリート造,4,N,402号室,3LDK,82,5,92700,3200,2か月,['近居割'],随時,https://www.ur-net.go.jp/chintai/kanto/saitama/50_2160_room.html?JKSS=000250402,<li>JR高崎線「桶川」駅 徒歩5～9分</li><li>JR高崎線「北本」駅 徒歩60～65分</li><li>JR高崎線「北上尾」駅 徒歩28～34分</li>
saitama,ageo,パークタウン若宮,95900,,,,,,,桶川市若宮1-8,25号棟,鉄筋コンクリート造,4,N,402号室,3LDK,82,5,92700,3200,2か月,['近居割'],随時,https://www.ur-net.go.jp/chintai/kanto/saitama/50_2160_room.html?JKSS=000250402,<li>JR高崎線「桶川」駅 徒歩5～9分</li><li>JR高崎線「北本」駅 徒歩60～65分</li><li>JR高崎線「北上尾」駅 徒歩28～34分</li>
saitama,ageo,パークタウン若宮,96400,JR高崎線「桶川」駅,5.0,9.0,,,,桶川市若宮1-8,22号棟,鉄筋コンクリート造,5,N,502号室,3LDK,86,5,93200,3200,2か月,['フリレ１か月'],随時,https://www.ur-net.go.jp/chintai/kanto/saitama/50_2160_room.html?JKSS=000220502,<li>JR高崎線「桶川」駅 徒歩5～9分</li><li>JR高崎線「北本」駅 徒歩60～65分</li><li>JR高崎線「北上尾」駅 徒歩28～34分</li>
saitama,ageo,パークタウン若宮,96400,JR高崎線「北本」駅,60.0,65.0,,,,桶川市若宮1-8,22号棟,鉄筋コンクリート造,5,N,502号室,3LDK,86,5,93200,3200,2か月,['フリレ１か月'],随時,https://www.ur-net.go.jp/chintai/kanto/saitama/50_2160_room.html?JKSS=000220502,<li>JR高崎線「桶川」駅 徒歩5～9分</li><li>JR高崎線「北本」駅 徒歩60～65分</li><li>JR高崎線「北上尾」駅 徒歩28～34分</li>
saitama,ageo,パークタウン若宮,96400,JR高崎線「北上尾」駅,28.0,34.0,,,,桶川市若宮1-8,22号棟,鉄筋コンクリート造,5,N,502号室,3LDK,86,5,93200,3200,2か月,['フリレ１か月'],随時,https://www.ur-net.go.jp/chintai/kanto/saitama/50_2160_room.html?JKSS=000220502,<li>JR高崎線「桶川」駅 徒歩5～9分</li><li>JR高崎線「北本」駅 徒歩60～65分</li><li>JR高崎線「北上尾」駅 徒歩28～34分</li>
saitama,ageo,パークタウン若宮,96400,,,,,,,桶川市若宮1-8,22号棟,鉄筋コンクリート造,5,N,502号室,3LDK,86,5,93200,3200,2か月,['フリレ１か月'],随時,https://www.ur-net.go.jp/chintai/kanto/saitama/50_2160_room.html?JKSS=000220502,<li>JR高崎線「桶川」駅 徒歩5～9分</li><li>JR高崎線「北本」駅 徒歩60～65分</li><li>JR高崎線「北上尾」駅 徒歩28～34分</li>
saitama,ageo,パークタウン若宮,100200,JR高崎線「桶川」駅,5.0,9.0,,,,桶川市若宮1-8,22号棟,鉄筋コンクリート造,2,N,203号室,3LDK,86,5,97000,3200,2か月,['近居割'],2026年9月25日以降,https://www.ur-net.go.jp/chintai/kanto/saitama/50_2160_room.html?JKSS=000220203,<li>JR高崎線「桶川」駅 徒歩5～9分</li><li>JR高崎線「北本」駅 徒歩60～65分</li><li>JR高崎線「北上尾」駅 徒歩28～34分</li>
saitama,ageo,パークタウン若宮,100200,JR高崎線「北本」駅,60.0,65.0,,,,桶川市若宮1-8,22号棟,鉄筋コンクリート造,2,N,203号室,3LDK,86,5,97000,3200,2か月,['近居割'],2026年9月25日以降,https://www.ur-net.go.jp/chintai/kanto/saitama/50_2160_room.html?JKSS=000220203,<li>JR高崎線「桶川」駅 徒歩5～9分</li><li>JR高崎線「北本」駅 徒歩60～65分</li><li>JR高崎線「北上尾」駅 徒歩28～34分</li>
saitama,ageo,パークタウン若宮,100200,JR高崎線「北上尾」駅,28.0,34.0,,,,桶川市若宮1-8,22号棟,鉄筋コンクリート造,2,N,203号室,3LDK,86,5,97000,3200,2か月,['近居割'],2026年9月25日以降,https://www.ur-net.go.jp/chintai/kanto/saitama/50_2160_room.html?JKSS=000220203,<li>JR高崎線「桶川」駅 徒歩5～9分</li><li>JR高崎線「北本」駅 徒歩60～65分</li><li>JR高崎線「北上尾」駅 徒歩28～34分</li>
saitama,ageo,パークタウン若宮,100200,,,,,,,桶川市若宮1-8,22号棟,鉄筋コンクリート造,2,N,203号室,3LDK,86,5,97000,3200,2か月,['近居割'],2026年9月25日以降,https://www.ur-net.go.jp/chintai/kanto/saitama/50_2160_room.html?JKSS=000220203,<li>JR高崎線「桶川」駅 徒歩5～9分</li><li>JR高崎線「北本」駅 徒歩60～65分</li><li>JR高崎線「北上尾」駅 徒歩28～34分</li>
saitama,ageo,北本,38500,,,,JR高崎線「北本」駅,5.0,17.0,北本市栄7,3-20号棟,鉄筋コンクリート造,5,N,501号室,2DK,41,5,34700,3800,2か月,"['近居割', '近居割WIDE']",2026年9月24日以降,https://www.ur-net.go.jp/chintai/kanto/saitama/50_1400_room.html?JKSS=000320501,<li>JR高崎線「北本」駅バス4～12分 徒歩1～5分</li><li>JR高崎線「桶川」駅 徒歩30～57分</li><li>JR高崎線「鴻巣」駅 徒歩45～79分</li>
saitama,ageo,北本,38500,JR高崎線「桶川」駅,30.0,57.0,,,,北本市栄7,3-20号棟,鉄筋コンクリート造,5,N,501号室,2DK,41,5,34700,3800,2か月,"['近居割', '近居割WIDE']",2026年9月24日以降,https://www.ur-net.go.jp/chintai/kanto/saitama/50_1400_room.html?JKSS=000320501,<li>JR高崎線「北本」駅バス4～12分 徒歩1～5分</li><li>JR高崎線「桶川」駅 徒歩30～57分</li><li>JR高崎線「鴻巣」駅 徒歩45～79分</li>
saitama,ageo,北本,38500,JR高崎線「鴻巣」駅,45.0,79.0,,,,北本市栄7,3-20号棟,鉄筋コンクリート造,5,N,501号室,2DK,41,5,34700,3800,2か月,"['近居割', '近居割WIDE']",2026年9月24日以降,https://www.ur-net.go.jp/chintai/kanto/saitama/50_1400_room.html?JKSS=000320501,<li>JR高崎線「北本」駅バス4～12分 徒歩1～5分</li><li>JR高崎線「桶川」駅 徒歩30～57分</li><li>JR高崎線「鴻巣」駅 徒歩45～79分</li>
saitama,ageo,北本,38500,,,,,,,北本市栄7,3-20号棟,鉄筋コンクリート造,5,N,501号室,2DK,41,5,34700,3800,2か月,"['近居割', '近居割WIDE']",2026年9月24日以降,https://www.ur-net.go.jp/chintai/kanto/saitama/50_1400_room.html?JKSS=000320501,<li>JR高崎線「北本」駅バス4～12分 徒歩1～5分</li><li>JR高崎線「桶川」駅 徒歩30～57分</li><li>JR高崎線「鴻巣」駅 徒歩45～79分</li>
saitama,ageo,北本,47900,,,,JR高崎線「北本」駅,5.0,17.0,北本市栄7,1-15号棟,鉄筋コンクリート造,5,N,503号室,3K,52,5,44100,3800,2か月,"['近居割', '近居割WIDE']",随時,https://www.ur-net.go.jp/chintai/kanto/saitama/50_1400_room.html?JKSS=000115503,<li>JR高崎線「北本」駅バス4～12分 徒歩1～5分</li><li>JR高崎線「桶川」駅 徒歩30～57分</li><li>JR高崎線「鴻巣」駅 徒歩45～79分</li>
saitama,ageo,北本,47900,JR高崎線「桶川」駅,30.0,57.0,,,,北本市栄7,1-15号棟,鉄筋コンクリート造,5,N,503号室,3K,52,5,44100,3800,2か月,"['近居割', '近居割WIDE']",随時,https://www.ur-net.go.jp/chintai/kanto/saitama/50_1400_room.html?JKSS=000115503,<li>JR高崎線「北本」駅バス4～12分 徒歩1～5分</li><li>JR高崎線「桶川」駅 徒歩30～57分</li><li>JR高崎線「鴻巣」駅 徒歩45～79分</li>
saitama,ageo,北本,47900,JR高崎線「鴻巣」駅,45.0,79.0,,,,北本市栄7,1-15号棟,鉄筋コンクリート造,5,N,503号室,3K,52,5,44100,3800,2か月,"['近居割', '近居割WIDE']",随時,https://www.ur-net.go.jp/chintai/kanto/saitama/50_1400_room.html?JKSS=000115503,<li>JR高崎線「北本」駅バス4～12分 徒歩1～5分</li><li>JR高崎線「桶川」駅 徒歩30～57分</li><li>JR高崎線「鴻巣」駅 徒歩45～79分</li>
saitama,ageo,北本,47900,,,,,,,北本市栄7,1-15号棟,鉄筋コンクリート造,5,N,503号室,3K,52,5,44100,3800,2か月,"['近居割', '近居割WIDE']",随時,https://www.ur-net.go.jp/chintai/kanto/saitama/50_1400_room.html?JKSS=000115503,<li>JR高崎線「北本」駅バス4～12分 徒歩1～5分</li><li>JR高崎線「桶川」駅 徒歩30～57分</li><li>JR高崎線「鴻巣」駅 徒歩45～79分</li>
saitama,ageo,北本,47900,,,,JR高崎線「北本」駅,5.0,17.0,北本市栄7,1-19号棟,鉄筋コンクリート造,5,N,503号室,3K,52,5,44100,3800,2か月,"['近居割', '近居割WIDE']",随時,https://www.ur-net.go.jp/chintai/kanto/saitama/50_1400_room.html?JKSS=000119503,<li>JR高崎線「北本」駅バス4～12分 徒歩1～5分</li><li>JR高崎線「桶川」駅 徒歩30～57分</li><li>JR高崎線「鴻巣」駅 徒歩45～79分</li>
saitama,ageo,北本,47900,JR高崎線「桶川」駅,30.0,57.0,,,,北本市栄7,1-19号棟,鉄筋コンクリート造,5,N,503号室,3K,52,5,44100,3800,2か月,"['近居割', '近居割WIDE']",随時,https://www.ur-net.go.jp/chintai/kanto/saitama/50_1400_room.html?JKSS=000119503,<li>JR高崎線「北本」駅バス4～12分 徒歩1～5分</li><li>JR高崎線「桶川」駅 徒歩30～57分</li><li>JR高崎線「鴻巣」駅 徒歩45～79分</li>
saitama,ageo,北本,47900,JR高崎線「鴻巣」駅,45.0,79.0,,,,北本市栄7,1-19号棟,鉄筋コンクリート造,5,N,503号室,3K,52,5,44100,3800,2か月,"['近居割', '近居割WIDE']",随時,https://www.ur-net.go.jp/chintai/kanto/saitama/50_1400_room.html?JKSS=000119503,<li>JR高崎線「北本」駅バス4～12分 徒歩1～5分</li><li>JR高崎線「桶川」駅 徒歩30～57分</li><li>JR高崎線「鴻巣」駅 徒歩45～79分</li>
saitama,ageo,北本,47900,,,,,,,北本市栄7,1-19号棟,鉄筋コンクリート造,5,N,503号室,3K,52,5,44100,3800,2か月,"['近居割', '近居割WIDE']",随時,https://www.ur-net.go.jp/chintai/kanto/saitama/50_1400_room.html?JKSS=000119503,<li>JR高崎線「北本」駅バス4～12分 徒歩1～5分</li><li>JR高崎線「桶川」駅 徒歩30～57分</li><li>JR高崎線「鴻巣」駅 徒歩45～79分</li>
saitama,ageo,北本,48100,,,,JR高崎線「北本」駅,5.0,17.0,北本市栄7,1-17号棟,鉄筋コンクリート造,5,N,501号室,3K,52,5,44300,3800,2か月,"['近居割', '近居割WIDE']",随時,https://www.ur-net.go.jp/chintai/kanto/saitama/50_1400_room.html?JKSS=000117501,<li>JR高崎線「北本」駅バス4～12分 徒歩1～5分</li><li>JR高崎線「桶川」駅 徒歩30～57分</li><li>JR高崎線「鴻巣」駅 徒歩45～79分</li>
saitama,ageo,北本,48100,JR高崎線「桶川」駅,30.0,57.0,,,,北本市栄7,1-17号棟,鉄筋コンクリート造,5,N,501号室,3K,52,5,44300,3800,2か月,"['近居割', '近居割WIDE']",随時,https://www.ur-net.go.jp/chintai/kanto/saitama/50_1400_room.html?JKSS=000117501,<li>JR高崎線「北本」駅バス4～12分 徒歩1～5分</li><li>JR高崎線「桶川」駅 徒歩30～57分</li><li>JR高崎線「鴻巣」駅 徒歩45～79分</li>
saitama,ageo,北本,48100,JR高崎線「鴻巣」駅,45.0,79.0,,,,北本市栄7,1-17号棟,鉄筋コンクリート造,5,N,501号室,3K,52,5,44300,3800,2か月,"['近居割', '近居割WIDE']",随時,https://www.ur-net.go.jp/chintai/kanto/saitama/50_1400_room.html?JKSS=000117501,<li>JR高崎線「北本」駅バス4～12分 徒歩1～5分</li><li>JR高崎線「桶川」駅 徒歩30～57分</li><li>JR高崎線「鴻巣」駅 徒歩45～79分</li>
saitama,ageo,北本,48100,,,,,,,北本市栄7,1-17号棟,鉄筋コンクリート造,5,N,501号室,3K,52,5,44300,3800,2か月,"['近居割', '近居割WIDE']",随時,https://www.ur-net.go.jp/chintai/kanto/saitama/50_1400_room.html?JKSS=000117501,<li>JR高崎線「北本」駅バス4～12分 徒歩1～5分</li><li>JR高崎線「桶川」駅 徒歩30～57分</li><li>JR高崎線「鴻巣」駅 徒歩45～79分</li>
saitama,ageo,北本,48100,,,,JR高崎線「北本」駅,5.0,17.0,北本市栄7,1-17号棟,鉄筋コンクリート造,5,N,504号室,3K,52,5,44300,3800,2か月,['フリレ2か月'],随時,https://www.ur-net.go.jp/chintai/kanto/saitama/50_1400_room.html?JKSS=000117504,<li>JR高崎線「北本」駅バス4～12分 徒歩1～5分</li><li>JR高崎線「桶川」駅 徒歩30～57分</li><li>JR高崎線「鴻巣」駅 徒歩45～79分</li>
saitama,ageo,北本,48100,JR高崎線「桶川」駅,30.0,57.0,,,,北本市栄7,1-17号棟,鉄筋コンクリート造,5,N,504号室,3K,52,5,44300,3800,2か月,['フリレ2か月'],随時,https://www.ur-net.go.jp/chintai/kanto/saitama/50_1400_room.html?JKSS=000117504,<li>JR高崎線「北本」駅バス4～12分 徒歩1～5分</li><li>JR高崎線「桶川」駅 徒歩30～57分</li><li>JR高崎線「鴻巣」駅 徒歩45～79分</li>
saitama,ageo,北本,48100,JR高崎線「鴻巣」駅,45.0,79.0,,,,北本市栄7,1-17号棟,鉄筋コンクリート造,5,N,504号室,3K,52,5,44300,3800,2か月,['フリレ2か月'],随時,https://www.ur-net.go.jp/chintai/kanto/saitama/50_1400_room.html?JKSS=000117504,<li>JR高崎線「北本」駅バス4～12分 徒歩1～5分</li><li>JR高崎線「桶川」駅 徒歩30～57分</li><li>JR高崎線「鴻巣」駅 徒歩45～79分</li>
saitama,ageo,北本,48100,,,,,,,北本市栄7,1-17号棟,鉄筋コンクリート造,5,N,504号室,3K,52,5,44300,3800,2か月,['フリレ2か月'],随時,https://www.ur-net.go.jp/chintai/kanto/saitama/50_1400_room.html?JKSS=000117504,<li>JR高崎線「北本」駅バス4～12分 徒歩1～5分</li><li>JR高崎線「桶川」駅 徒歩30～57分</li><li>JR高崎線「鴻巣」駅 徒歩45～79分</li>
saitama,tokorozawa,所沢パークタウン並木通り,73800,,,,西武新宿線「航空公園」駅,10.0,12.0,所沢市並木8-1,5号棟,鉄骨鉄筋コンクリート造,2,N,210号室,2DK,48,11,69300,4500,2か月,"['近居割', '近居割WIDE']",随時,https://www.ur-net.go.jp/chintai/kanto/saitama/50_1980_room.html?JKSS=000050210,<li>西武新宿線「航空公園」駅バス8分 徒歩2～4分</li><li>西武新宿線「所沢」駅バス10分 徒歩3～5分</li><li>西武新宿線「新所沢」駅 徒歩36～38分</li>
saitama,tokorozawa,所沢パークタウン並木通り,73800,,,,西武新宿線「所沢」駅,13.0,15.0,所沢市並木8-1,5号棟,鉄骨鉄筋コンクリート造,2,N,210号室,2DK,48,11,69300,4500,2か月,"['近居割', '近居割WIDE']",随時,https://www.ur-net.go.jp/chintai/kanto/saitama/50_1980_room.html?JKSS=000050210,<li>西武新宿線「航空公園」駅バス8分 徒歩2～4分</li><li>西武新宿線「所沢」駅バス10分 徒歩3～5分</li><li>西武新宿線「新所沢」駅 徒歩36～38分</li>
saitama,tokorozawa,所沢パークタウン並木通り,73800,西武新宿線「新所沢」駅,36.0,38.0,,,,所沢市並木8-1,5号棟,鉄骨鉄筋コンクリート造,2,N,210号室,2DK,48,11,69300,4500,2か月,"['近居割', '近居割WIDE']",随時,https://www.ur-net.go.jp/chintai/kanto/saitama/50_1980_room.html?JKSS=000050210,<li>西武新宿線「航空公園」駅バス8分 徒歩2～4分</li><li>西武新宿線「所沢」駅バス10分 徒歩3～5分</li><li>西武新宿線「新所沢」駅 徒歩36～38分</li>
saitama,tokorozawa,所沢パークタウン並木通り,73800,,,,,,,所沢市並木8-1,5号棟,鉄骨鉄筋コンクリート造,2,N,210号室,2DK,48,11,69300,4500,2か月,"['近居割', '近居割WIDE']",随時,https://www.ur-net.go.jp/chintai/kanto/saitama/50_1980_room.html?JKSS=000050210,<li>西武新宿線「航空公園」駅バス8分 徒歩2～4分</li><li>西武新宿線「所沢」駅バス10分 徒歩3～5分</li><li>西武新宿線「新所沢」駅 徒歩36～38分</li>
saitama,tokorozawa,所沢パークタウン並木通り,74300,,,,西武新宿線「航空公園」駅,10.0,12.0,所沢市並木8-1,5号棟,鉄骨鉄筋コンクリート造,11,N,1111号室,2DK,48,11,69800,4500,2か月,"['近居割', '近居割WIDE']",随時,https://www.ur-net.go.jp/chintai/kanto/saitama/50_1980_room.html?JKSS=000051111,<li>西武新宿線「航空公園」駅バス8分 徒歩2～4分</li><li>西武新宿線「所沢」駅バス10分 徒歩3～5分</li><li>西武新宿線「新所沢」駅 徒歩36～38分</li>
saitama,tokorozawa,所沢パークタウン並木通り,74300,,,,西武新宿線「所沢」駅,13.0,15.0,所沢市並木8-1,5号棟,鉄骨鉄筋コンクリート造,11,N,1111号室,2DK,48,11,69800,4500,2か月,"['近居割', '近居割WIDE']",随時,https://www.ur-net.go.jp/chintai/kanto/saitama/50_1980_room.html?JKSS=000051111,<li>西武新宿線「航空公園」駅バス8分 徒歩2～4分</li><li>西武新宿線「所沢」駅バス10分 徒歩3～5分</li><li>西武新宿線「新所沢」駅 徒歩36～38分</li>
saitama,tokorozawa,所沢パークタウン並木通り,74300,西武新宿線「新所沢」駅,36.0,38.0,,,,所沢市並木8-1,5号棟,鉄骨鉄筋コンクリート造,11,N,1111号室,2DK,48,11,69800,4500,2か月,"['近居割', '近居割WIDE']",随時,https://www.ur-net.go.jp/chintai/kanto/saitama/50_1980_room.html?JKSS=000051111,<li>西武新宿線「航空公園」駅バス8分 徒歩2～4分</li><li>西武新宿線「所沢」駅バス10分 徒歩3～5分</li><li>西武新宿線「新所沢」駅 徒歩36～38分</li>
saitama,tokorozawa,所沢パークタウン並木通り,74300,,,,,,,所沢市並木8-1,5号棟,鉄骨鉄筋コンクリート造,11,N,1111号室,2DK,48,11,69800,4500,2か月,"['近居割', '近居割WIDE']",随時,https://www.ur-net.go.jp/chintai/kanto/saitama/50_1980_room.html?JKSS=000051111,<li>西武新宿線「航空公園」駅バス8分 徒歩2～4分</li><li>西武新宿線「所沢」駅バス10分 徒歩3～5分</li><li>西武新宿線「新所沢」駅 徒歩36～38分</li>
saitama,tokorozawa,所沢パークタウン並木通り,74400,,,,西武新宿線「航空公園」駅,10.0,12.0,所沢市並木8-1,2号棟,鉄骨鉄筋コンクリート造,8,N,811号室,2DK,48,14,69900,4500,2か月,"['近居割', '近居割WIDE']",随時,https://www.ur-net.go.jp/chintai/kanto/saitama/50_1980_room.html?JKSS=000020811,<li>西武新宿線「航空公園」駅バス8分 徒歩2～4分</li><li>西武新宿線「所沢」駅バス10分 徒歩3～5分</li><li>西武新宿線「新所沢」駅 徒歩36～38分</li>
saitama,tokorozawa,所沢パークタウン並木通り,74400,,,,西武新宿線「所沢」駅,13.0,15.0,所沢市並木8-1,2号棟,鉄骨鉄筋コンクリート造,8,N,811号室,2DK,48,14,69900,4500,2か月,"['近居割', '近居割WIDE']",随時,https://www.ur-net.go.jp/chintai/kanto/saitama/50_1980_room.html?JKSS=000020811,<li>西武新宿線「航空公園」駅バス8分 徒歩2～4分</li><li>西武新宿線「所沢」駅バス10分 徒歩3～5分</li><li>西武新宿線「新所沢」駅 徒歩36～38分</li>
saitama,tokorozawa,所沢パークタウン並木通り,74400,西武新宿線「新所沢」駅,36.0,38.0,,,,所沢市並木8-1,2号棟,鉄骨鉄筋コンクリート造,8,N,811号室,2DK,48,14,69900,4500,2か月,"['近居割', '近居割WIDE']",随時,https://www.ur-net.go.jp/chintai/kanto/saitama/50_1980_room.html?JKSS=000020811,<li>西武新宿線「航空公園」駅バス8分 徒歩2～4分</li><li>西武新宿線「所沢」駅バス10分 徒歩3～5分</li><li>西武新宿線「新所沢」駅 徒歩36～38分</li>
saitama,tokorozawa,所沢パークタウン並木通り,74400,,,,,,,所沢市並木8-1,2号棟,鉄骨鉄筋コンクリート造,8,N,811号室,2DK,48,14,69900,4500,2か月,"['近居割', '近居割WIDE']",随時,https://www.ur-net.go.jp/chintai/kanto/saitama/50_1980_room.html?JKSS=000020811,<li>西武新宿線「航空公園」駅バス8分 徒歩2～4分</li><li>西武新宿線「所沢」駅バス10分 徒歩3～5分</li><li>西武新宿線「新所沢」駅 徒歩36～38分</li>
saitama,tokorozawa,所沢パークタウン並木通り,75700,,,,西武新宿線「航空公園」駅,10.0,12.0,所沢市並木8-1,1号棟,鉄骨鉄筋コンクリート造,2,N,201号室,2DK,49,14,71200,4500,2か月,"['近居割', '近居割WIDE']",随時,https://www.ur-net.go.jp/chintai/kanto/saitama/50_1980_room.html?JKSS=000010201,<li>西武新宿線「航空公園」駅バス8分 徒歩2～4分</li><li>西武新宿線「所沢」駅バス10分 徒歩3～5分</li><li>西武新宿線「新所沢」駅 徒歩36～38分</li>
saitama,tokorozawa,所沢パークタウン並木通り,75700,,,,西武新宿線「所沢」駅,13.0,15.0,所沢市並木8-1,1号棟,鉄骨鉄筋コンクリート造,2,N,201号室,2DK,49,14,71200,4500,2か月,"['近居割', '近居割WIDE']",随時,https://www.ur-net.go.jp/chintai/kanto/saitama/50_1980_room.html?JKSS=000010201,<li>西武新宿線「航空公園」駅バス8分 徒歩2～4分</li><li>西武新宿線「所沢」駅バス10分 徒歩3～5分</li><li>西武新宿線「新所沢」駅 徒歩36～38分</li>
saitama,tokorozawa,所沢パークタウン並木通り,75700,西武新宿線「新所沢」駅,36.0,38.0,,,,所沢市並木8-1,1号棟,鉄骨鉄筋コンクリート造,2,N,201号室,2DK,49,14,71200,4500,2か月,"['近居割', '近居割WIDE']",随時,https://www.ur-net.go.jp/chintai/kanto/saitama/50_1980_room.html?JKSS=000010201,<li>西武新宿線「航空公園」駅バス8分 徒歩2～4分</li><li>西武新宿線「所沢」駅バス10分 徒歩3～5分</li><li>西武新宿線「新所沢」駅 徒歩36～38分</li>
saitama,tokorozawa,所沢パークタウン並木通り,75700,,,,,,,所沢市並木8-1,1号棟,鉄骨鉄筋コンクリート造,2,N,201号室,2DK,49,14,71200,4500,2か月,"['近居割', '近居割WIDE']",随時,https://www.ur-net.go.jp/chintai/kanto/saitama/50_1980_room.html?JKSS=000010201,<li>西武新宿線「航空公園」駅バス8分 徒歩2～4分</li><li>西武新宿線「所沢」駅バス10分 徒歩3～5分</li><li>西武新宿線「新所沢」駅 徒歩36～38分</li>
saitama,tokorozawa,所沢パークタウン並木通り,76200,,,,西武新宿線「航空公園」駅,10.0,12.0,所沢市並木8-1,5号棟,鉄骨鉄筋コンクリート造,6,N,609号室,2DK,48,11,71700,4500,2か月,"['近居割', '近居割WIDE']",随時,https://www.ur-net.go.jp/chintai/kanto/saitama/50_1980_room.html?JKSS=000050609,<li>西武新宿線「航空公園」駅バス8分 徒歩2～4分</li><li>西武新宿線「所沢」駅バス10分 徒歩3～5分</li><li>西武新宿線「新所沢」駅 徒歩36～38分</li>
saitama,tokorozawa,所沢パークタウン並木通り,76200,,,,西武新宿線「所沢」駅,13.0,15.0,所沢市並木8-1,5号棟,鉄骨鉄筋コンクリート造,6,N,609号室,2DK,48,11,71700,4500,2か月,"['近居割', '近居割WIDE']",随時,https://www.ur-net.go.jp/chintai/kanto/saitama/50_1980_room.html?JKSS=000050609,<li>西武新宿線「航空公園」駅バス8分 徒歩2～4分</li><li>西武新宿線「所沢」駅バス10分 徒歩3～5分</li><li>西武新宿線「新所沢」駅 徒歩36～38分</li>
saitama,tokorozawa,所沢パークタウン並木通り,76200,西武新宿線「新所沢」駅,36.0,38.0,,,,所沢市並木8-1,5号棟,鉄骨鉄筋コンクリート造,6,N,609号室,2DK,48,11,71700,4500,2か月,"['近居割', '近居割WIDE']",随時,https://www.ur-net.go.jp/chintai/kanto/saitama/50_1980_room.html?JKSS=000050609,<li>西武新宿線「航空公園」駅バス8分 徒歩2～4分</li><li>西武新宿線「所沢」駅バス10分 徒歩3～5分</li><li>西武新宿線「新所沢」駅 徒歩36～38分</li>
saitama,tokorozawa,所沢パークタウン並木通り,76200,,,,,,,所沢市並木8-1,5号棟,鉄骨鉄筋コンクリート造,6,N,609号室,2DK,48,11,71700,4500,2か月,"['近居割', '近居割WIDE']",随時,https://www.ur-net.go.jp/chintai/kanto/saitama/50_1980_room.html?JKSS=000050609,<li>西武新宿線「航空公園」駅バス8分 徒歩2～4分</li><li>西武新宿線「所沢」駅バス10分 徒歩3～5分</li><li>西武新宿線「新所沢」駅 徒歩36～38分</li>
saitama,tokorozawa,所沢パークタウン駅前通り,83400,西武新宿線「航空公園」駅,4.0,9.0,,,,所沢市並木3-1,7号棟,鉄筋コンクリート造、鉄骨鉄筋コンクリート造,4,N,404号室,2LDK,58,5,80200,3200,2か月,"['近居割', '近居割WIDE']",随時,https://www.ur-net.go.jp/chintai/kanto/saitama/50_1910_room.html?JKSS=000070404,<li>西武新宿線「航空公園」駅 徒歩4～9分</li><li>西武新宿線「新所沢」駅 徒歩20～25分</li><li>西武池袋線「所沢」駅 徒歩22～25分</li>
saitama,tokorozawa,所沢パークタウン駅前通り,83400,西武新宿線「新所沢」駅,20.0,25.0,,,,所沢市並木3-1,7号棟,鉄筋コンクリート造、鉄骨鉄筋コンクリート造,4,N,404号室,2LDK,58,5,80200,3200,2か月,"['近居割', '近居割WIDE']",随時,https://www.ur-net.go.jp/chintai/kanto/saitama/50_1910_room.html?JKSS=000070404,<li>西武新宿線「航空公園」駅 徒歩4～9分</li><li>西武新宿線「新所沢」駅 徒歩20～25分</li><li>西武池袋線「所沢」駅 徒歩22～25分</li>
saitama,tokorozawa,所沢パークタウン駅前通り,83400,西武池袋線「所沢」駅,22.0,25.0,,,,所沢市並木3-1,7号棟,鉄筋コンクリート造、鉄骨鉄筋コンクリート造,4,N,404号室,2LDK,58,5,80200,3200,2か月,"['近居割', '近居割WIDE']",随時,https://www.ur-net.go.jp/chintai/kanto/saitama/50_1910_room.html?JKSS=000070404,<li>西武新宿線「航空公園」駅 徒歩4～9分</li><li>西武新宿線「新所沢」駅 徒歩20～25分</li><li>西武池袋線「所沢」駅 徒歩22～25分</li>
saitama,tokorozawa,所沢パークタウン駅前通り,83400,,,,,,,所沢市並木3-1,7号棟,鉄筋コンクリート造、鉄骨鉄筋コンクリート造,4,N,404号室,2LDK,58,5,80200,3200,2か月,"['近居割', '近居割WIDE']",随時,https://www.ur-net.go.jp/chintai/kanto/saitama/50_1910_room.html?JKSS=000070404,<li>西武新宿線「航空公園」駅 徒歩4～9分</li><li>西武新宿線「新所沢」駅 徒歩20～25分</li><li>西武池袋線「所沢」駅 徒歩22～25分</li>
saitama,tokorozawa,所沢パークタウン駅前通り,87300,西武新宿線「航空公園」駅,4.0,9.0,,,,所沢市並木3-1,9号棟,鉄筋コンクリート造、鉄骨鉄筋コンクリート造,3,N,310号室,2LDK,58,5,84100,3200,2か月,"['近居割', '近居割WIDE']",随時,https://www.ur-net.go.jp/chintai/kanto/saitama/50_1910_room.html?JKSS=000090310,<li>西武新宿線「航空公園」駅 徒歩4～9分</li><li>西武新宿線「新所沢」駅 徒歩20～25分</li><li>西武池袋線「所沢」駅 徒歩22～25分</li>
saitama,tokorozawa,所沢パークタウン駅前通り,87300,西武新宿線「新所沢」駅,20.0,25.0,,,,所沢市並木3-1,9号棟,鉄筋コンクリート造、鉄骨鉄筋コンクリート造,3,N,310号室,2LDK,58,5,84100,3200,2か月,"['近居割', '近居割WIDE']",随時,https://www.ur-net.go.jp/chintai/kanto/saitama/50_1910_room.html?JKSS=000090310,<li>西武新宿線「航空公園」駅 徒歩4～9分</li><li>西武新宿線「新所沢」駅 徒歩20～25分</li><li>西武池袋線「所沢」駅 徒歩22～25分</li>
saitama,tokorozawa,所沢パークタウン駅前通り,87300,西武池袋線「所沢」駅,22.0,25.0,,,,所沢市並木3-1,9号棟,鉄筋コンクリート造、鉄骨鉄筋コンクリート造,3,N,310号室,2LDK,58,5,84100,3200,2か月,"['近居割', '近居割WIDE']",随時,https://www.ur-net.go.jp/chintai/kanto/saitama/50_1910_room.html?JKSS=000090310,<li>西武新宿線「航空公園」駅 徒歩4～9分</li><li>西武新宿線「新所沢」駅 徒歩20～25分</li><li>西武池袋線「所沢」駅 徒歩22～25分</li>
saitama,tokorozawa,所沢パークタウン駅前通り,87300,,,,,,,所沢市並木3-1,9号棟,鉄筋コンクリート造、鉄骨鉄筋コンクリート造,3,N,310号室,2LDK,58,5,84100,3200,2か月,"['近居割', '近居割WIDE']",随時,https://www.ur-net.go.jp/chintai/kanto/saitama/50_1910_room.html?JKSS=000090310,<li>西武新宿線「航空公園」駅 徒歩4～9分</li><li>西武新宿線「新所沢」駅 徒歩20～25分</li><li>西武池袋線「所沢」駅 徒歩22～25分</li>
saitama,tokorozawa,所沢パークタウン駅前通り,94300,西武新宿線「航空公園」駅,4.0,9.0,,,,所沢市並木3-1,11号棟,鉄筋コンクリート造、鉄骨鉄筋コンクリート造,7,N,708号室,3DK,63,10,91100,3200,2か月,"['近居割', '近居割WIDE']",随時,https://www.ur-net.go.jp/chintai/kanto/saitama/50_1910_room.html?JKSS=000110708,<li>西武新宿線「航空公園」駅 徒歩4～9分</li><li>西武新宿線「新所沢」駅 徒歩20～25分</li><li>西武池袋線「所沢」駅 徒歩22～25分</li>
saitama,tokorozawa,所沢パークタウン駅前通り,94300,西武新宿線「新所沢」駅,20.0,25.0,,,,所沢市並木3-1,11号棟,鉄筋コンクリート造、鉄骨鉄筋コンクリート造,7,N,708号室,3DK,63,10,91100,3200,2か月,"['近居割', '近居割WIDE']",随時,https://www.ur-net.go.jp/chintai/kanto/saitama/50_1910_room.html?JKSS=000110708,<li>西武新宿線「航空公園」駅 徒歩4～9分</li><li>西武新宿線「新所沢」駅 徒歩20～25分</li><li>西武池袋線「所沢」駅 徒歩22～25分</li>
saitama,tokorozawa,所沢パークタウン駅前通り,94300,西武池袋線「所沢」駅,22.0,25.0,,,,所沢市並木3-1,11号棟,鉄筋コンクリート造、鉄骨鉄筋コンクリート造,7,N,708号室,3DK,63,10,91100,3200,2か月,"['近居割', '近居割WIDE']",随時,https://www.ur-net.go.jp/chintai/kanto/saitama/50_1910_room.html?JKSS=000110708,<li>西武新宿線「航空公園」駅 徒歩4～9分</li><li>西武新宿線「新所沢」駅 徒歩20～25分</li><li>西武池袋線「所沢」駅 徒歩22～25分</li>
saitama,tokorozawa,所沢パークタウン駅前通り,94300,,,,,,,所沢市並木3-1,11号棟,鉄筋コンクリート造、鉄骨鉄筋コンクリート造,7,N,708号室,3DK,63,10,91100,3200,2か月,"['近居割', '近居割WIDE']",随時,https://www.ur-net.go.jp/chintai/kanto/saitama/50_1910_room.html?JKSS=000110708,<li>西武新宿線「航空公園」駅 徒歩4～9分</li><li>西武新宿線「新所沢」駅 徒歩20～25分</li><li>西武池袋線「所沢」駅 徒歩22～25分</li>
saitama,tokorozawa,所沢パークタウン駅前通り,98300,西武新宿線「航空公園」駅,4.0,9.0,,,,所沢市並木3-1,12号棟,鉄筋コンクリート造、鉄骨鉄筋コンクリート造,6,N,612号室,3DK,63,10,95100,3200,2か月,"['近居割', '近居割WIDE']",随時,https://www.ur-net.go.jp/chintai/kanto/saitama/50_1910_room.html?JKSS=000120612,<li>西武新宿線「航空公園」駅 徒歩4～9分</li><li>西武新宿線「新所沢」駅 徒歩20～25分</li><li>西武池袋線「所沢」駅 徒歩22～25分</li>
saitama,tokorozawa,所沢パークタウン駅前通り,98300,西武新宿線「新所沢」駅,20.0,25.0,,,,所沢市並木3-1,12号棟,鉄筋コンクリート造、鉄骨鉄筋コンクリート造,6,N,612号室,3DK,63,10,95100,3200,2か月,"['近居割', '近居割WIDE']",随時,https://www.ur-net.go.jp/chintai/kanto/saitama/50_1910_room.html?JKSS=000120612,<li>西武新宿線「航空公園」駅 徒歩4～9分</li><li>西武新宿線「新所沢」駅 徒歩20～25分</li><li>西武池袋線「所沢」駅 徒歩22～25分</li>
saitama,tokorozawa,所沢パークタウン駅前通り,98300,西武池袋線「所沢」駅,22.0,25.0,,,,所沢市並木3-1,12号棟,鉄筋コンクリート造、鉄骨鉄筋コンクリート造,6,N,612号室,3DK,63,10,95100,3200,2か月,"['近居割', '近居割WIDE']",随時,https://www.ur-net.go.jp/chintai/kanto/saitama/50_1910_room.html?JKSS=000120612,<li>西武新宿線「航空公園」駅 徒歩4～9分</li><li>西武新宿線「新所沢」駅 徒歩20～25分</li><li>西武池袋線「所沢」駅 徒歩22～25分</li>
saitama,tokorozawa,所沢パークタウン駅前通り,98300,,,,,,,所沢市並木3-1,12号棟,鉄筋コンクリート造、鉄骨鉄筋コンクリート造,6,N,612号室,3DK,63,10,95100,3200,2か月,"['近居割', '近居割WIDE']",随時,https://www.ur-net.go.jp/chintai/kanto/saitama/50_1910_room.html?JKSS=000120612,<li>西武新宿線「航空公園」駅 徒歩4～9分</li><li>西武新宿線「新所沢」駅 徒歩20～25分</li><li>西武池袋線「所沢」駅 徒歩22～25分</li>
saitama,tokorozawa,所沢パークタウン駅前通り,99500,西武新宿線「航空公園」駅,4.0,9.0,,,,所沢市並木3-1,12号棟,鉄筋コンクリート造、鉄骨鉄筋コンクリート造,8,N,804号室,3DK,63,10,96300,3200,2か月,"['近居割', '近居割WIDE']",2026年9月25日以降,https://www.ur-net.go.jp/chintai/kanto/saitama/50_1910_room.html?JKSS=000120804,<li>西武新宿線「航空公園」駅 徒歩4～9分</li><li>西武新宿線「新所沢」駅 徒歩20～25分</li><li>西武池袋線「所沢」駅 徒歩22～25分</li>
saitama,tokorozawa,所沢パークタウン駅前通り,99500,西武新宿線「新所沢」駅,20.0,25.0,,,,所沢市並木3-1,12号棟,鉄筋コンクリート造、鉄骨鉄筋コンクリート造,8,N,804号室,3DK,63,10,96300,3200,2か月,"['近居割', '近居割WIDE']",2026年9月25日以降,https://www.ur-net.go.jp/chintai/kanto/saitama/50_1910_room.html?JKSS=000120804,<li>西武新宿線「航空公園」駅 徒歩4～9分</li><li>西武新宿線「新所沢」駅 徒歩20～25分</li><li>西武池袋線「所沢」駅 徒歩22～25分</li>
saitama,tokorozawa,所沢パークタウン駅前通り,99500,西武池袋線「所沢」駅,22.0,25.0,,,,所沢市並木3-1,12号棟,鉄筋コンクリート造、鉄骨鉄筋コンクリート造,8,N,804号室,3DK,63,10,96300,3200,2か月,"['近居割', '近居割WIDE']",2026年9月25日以降,https://www.ur-net.go.jp/chintai/kanto/saitama/50_1910_room.html?JKSS=000120804,<li>西武新宿線「航空公園」駅 徒歩4～9分</li><li>西武新宿線「新所沢」駅 徒歩20～25分</li><li>西武池袋線「所沢」駅 徒歩22～25分</li>
saitama,tokorozawa,所沢パークタウン駅前通り,99500,,,,,,,所沢市並木3-1,12号棟,鉄筋コンクリート造、鉄骨鉄筋コンクリート造,8,N,804号室,3DK,63,10,96300,3200,2か月,"['近居割', '近居割WIDE']",2026年9月25日以降,https://www.ur-net.go.jp/chintai/kanto/saitama/50_1910_room.html?JKSS=000120804,<li>西武新宿線「航空公園」駅 徒歩4～9分</li><li>西武新宿線「新所沢」駅 徒歩20～25分</li><li>西武池袋線「所沢」駅 徒歩22～25分</li>
saitama,tokorozawa,所沢パークタウン公園通り,95200,西武新宿線「航空公園」駅,7.0,8.0,,,,所沢市並木2-3,5号棟,鉄筋コンクリート造、鉄骨鉄筋コンクリート造,3,N,302号室,2LDK,50,5,90900,4300,2か月,"['近居割', '近居割WIDE']",随時,https://www.ur-net.go.jp/chintai/kanto/saitama/50_1970_room.html?JKSS=000050302,<li>西武新宿線「航空公園」駅 徒歩7～8分</li><li>西武新宿線「新所沢」駅 徒歩14～15分</li><li>西武池袋線「所沢」駅 徒歩27～28分</li>
saitama,tokorozawa,所沢パークタウン公園通り,95200,西武新宿線「新所沢」駅,14.0,15.0,,,,所沢市並木2-3,5号棟,鉄筋コンクリート造、鉄骨鉄筋コンクリート造,3,N,302号室,2LDK,50,5,90900,4300,2か月,"['近居割', '近居割WIDE']",随時,https://www.ur-net.go.jp/chintai/kanto/saitama/50_1970_room.html?JKSS=000050302,<li>西武新宿線「航空公園」駅 徒歩7～8分</li><li>西武新宿線「新所沢」駅 徒歩14～15分</li><li>西武池袋線「所沢」駅 徒歩27～28分</li>
saitama,tokorozawa,所沢パークタウン公園通り,95200,西武池袋線「所沢」駅,27.0,28.0,,,,所沢市並木2-3,5号棟,鉄筋コンクリート造、鉄骨鉄筋コンクリート造,3,N,302号室,2LDK,50,5,90900,4300,2か月,"['近居割', '近居割WIDE']",随時,https://www.ur-net.go.jp/chintai/kanto/saitama/50_1970_room.html?JKSS=000050302,<li>西武新宿線「航空公園」駅 徒歩7～8分</li><li>西武新宿線「新所沢」駅 徒歩14～15分</li><li>西武池袋線「所沢」駅 徒歩27～28分</li>
saitama,tokorozawa,所沢パークタウン公園通り,95200,,,,,,,所沢市並木2-3,5号棟,鉄筋コンクリート造、鉄骨鉄筋コンクリート造,3,N,302号室,2LDK,50,5,90900,4300,2か月,"['近居割', '近居割WIDE']",随時,https://www.ur-net.go.jp/chintai/kanto/saitama/50_1970_room.html?JKSS=000050302,<li>西武新宿線「航空公園」駅 徒歩7～8分</li><li>西武新宿線「新所沢」駅 徒歩14～15分</li><li>西武池袋線「所沢」駅 徒歩27～28分</li>
saitama,shintokorozawa,プラザシティ新所沢　緑町第三,126800,西武新宿線「新所沢」駅,6.0,7.0,,,,所沢市緑町2-10ほか,6号棟,鉄筋コンクリート造,2,N,203号室,3DK,66,7,123100,3700,2か月,"['近居割', '近居割WIDE']",随時,https://www.ur-net.go.jp/chintai/kanto/saitama/50_3950_room.html?JKSS=000060203,<li>西武新宿線「新所沢」駅 徒歩6～7分</li><li>西武新宿線「航空公園」駅 徒歩15分</li><li>西武池袋線「西所沢」駅 徒歩22～24分</li>
saitama,shintokorozawa,プラザシティ新所沢　緑町第三,126800,西武新宿線「航空公園」駅,15.0,15.0,,,,所沢市緑町2-10ほか,6号棟,鉄筋コンクリート造,2,N,203号室,3DK,66,7,123100,3700,2か月,"['近居割', '近居割WIDE']",随時,https://www.ur-net.go.jp/chintai/kanto/saitama/50_3950_room.html?JKSS=000060203,<li>西武新宿線「新所沢」駅 徒歩6～7分</li><li>西武新宿線「航空公園」駅 徒歩15分</li><li>西武池袋線「西所沢」駅 徒歩22～24分</li>
saitama,shintokorozawa,プラザシティ新所沢　緑町第三,126800,西武池袋線「西所沢」駅,22.0,24.0,,,,所沢市緑町2-10ほか,6号棟,鉄筋コンクリート造,2,N,203号室,3DK,66,7,123100,3700,2か月,"['近居割', '近居割WIDE']",随時,https://www.ur-net.go.jp/chintai/kanto/saitama/50_3950_room.html?JKSS=000060203,<li>西武新宿線「新所沢」駅 徒歩6～7分</li><li>西武新宿線「航空公園」駅 徒歩15分</li><li>西武池袋線「西所沢」駅 徒歩22～24分</li>
saitama,shintokorozawa,プラザシティ新所沢　緑町第三,126800,,,,,,,所沢市緑町2-10ほか,6号棟,鉄筋コンクリート造,2,N,203号室,3DK,66,7,123100,3700,2か月,"['近居割', '近居割WIDE']",随時,https://www.ur-net.go.jp/chintai/kanto/saitama/50_3950_room.html?JKSS=000060203,<li>西武新宿線「新所沢」駅 徒歩6～7分</li><li>西武新宿線「航空公園」駅 徒歩15分</li><li>西武池袋線「西所沢」駅 徒歩22～24分</li>
saitama,shintokorozawa,プラザシティ新所沢　緑町第三,146200,西武新宿線「新所沢」駅,6.0,7.0,,,,所沢市緑町2-10ほか,9号棟,鉄筋コンクリート造,1,N,101号室,3LDK,83,9,142500,3700,2か月,"['近居割', '近居割WIDE']",随時,https://www.ur-net.go.jp/chintai/kanto/saitama/50_3950_room.html?JKSS=000090101,<li>西武新宿線「新所沢」駅 徒歩6～7分</li><li>西武新宿線「航空公園」駅 徒歩15分</li><li>西武池袋線「西所沢」駅 徒歩22～24分</li>
saitama,shintokorozawa,プラザシティ新所沢　緑町第三,146200,西武新宿線「航空公園」駅,15.0,15.0,,,,所沢市緑町2-10ほか,9号棟,鉄筋コンクリート造,1,N,101号室,3LDK,83,9,142500,3700,2か月,"['近居割', '近居割WIDE']",随時,https://www.ur-net.go.jp/chintai/kanto/saitama/50_3950_room.html?JKSS=000090101,<li>西武新宿線「新所沢」駅 徒歩6～7分</li><li>西武新宿線「航空公園」駅 徒歩15分</li><li>西武池袋線「西所沢」駅 徒歩22～24分</li>
saitama,shintokorozawa,プラザシティ新所沢　緑町第三,146200,西武池袋線「西所沢」駅,22.0,24.0,,,,所沢市緑町2-10ほか,9号棟,鉄筋コンクリート造,1,N,101号室,3LDK,83,9,142500,3700,2か月,"['近居割', '近居割WIDE']",随時,https://www.ur-net.go.jp/chintai/kanto/saitama/50_3950_room.html?JKSS=000090101,<li>西武新宿線「新所沢」駅 徒歩6～7分</li><li>西武新宿線「航空公園」駅 徒歩15分</li><li>西武池袋線「西所沢」駅 徒歩22～24分</li>
saitama,shintokorozawa,プラザシティ新所沢　緑町第三,146200,,,,,,,所沢市緑町2-10ほか,9号棟,鉄筋コンクリート造,1,N,101号室,3LDK,83,9,142500,3700,2か月,"['近居割', '近居割WIDE']",随時,https://www.ur-net.go.jp/chintai/kanto/saitama/50_3950_room.html?JKSS=000090101,<li>西武新宿線「新所沢」駅 徒歩6～7分</li><li>西武新宿線「航空公園」駅 徒歩15分</li><li>西武池袋線「西所沢」駅 徒歩22～24分</li>
saitama,shintokorozawa,プラザシティ新所沢　けやき通り,154800,西武新宿線「新所沢」駅,4.0,8.0,,,,所沢市緑町1-5ほか,6号棟,鉄筋コンクリート造,8,N,801号室,4LDK,82,14,151100,3700,2か月,"['近居割', '近居割WIDE']",随時,https://www.ur-net.go.jp/chintai/kanto/saitama/50_3030_room.html?JKSS=000060801,<li>西武新宿線「新所沢」駅 徒歩4～8分</li><li>西武新宿線「航空公園」駅 徒歩18～25分</li><li>西武池袋線「西所沢」駅 徒歩21～28分</li>
saitama,shintokorozawa,プラザシティ新所沢　けやき通り,154800,西武新宿線「航空公園」駅,18.0,25.0,,,,所沢市緑町1-5ほか,6号棟,鉄筋コンクリート造,8,N,801号室,4LDK,82,14,151100,3700,2か月,"['近居割', '近居割WIDE']",随時,https://www.ur-net.go.jp/chintai/kanto/saitama/50_3030_room.html?JKSS=000060801,<li>西武新宿線「新所沢」駅 徒歩4～8分</li><li>西武新宿線「航空公園」駅 徒歩18～25分</li><li>西武池袋線「西所沢」駅 徒歩21～28分</li>
saitama,shintokorozawa,プラザシティ新所沢　けやき通り,154800,西武池袋線「西所沢」駅,21.0,28.0,,,,所沢市緑町1-5ほか,6号棟,鉄筋コンクリート造,8,N,801号室,4LDK,82,14,151100,3700,2か月,"['近居割', '近居割WIDE']",随時,https://www.ur-net.go.jp/chintai/kanto/saitama/50_3030_room.html?JKSS=000060801,<li>西武新宿線「新所沢」駅 徒歩4～8分</li><li>西武新宿線「航空公園」駅 徒歩18～25分</li><li>西武池袋線「西所沢」駅 徒歩21～28分</li>
saitama,shintokorozawa,プラザシティ新所沢　けやき通り,154800,,,,,,,所沢市緑町1-5ほか,6号棟,鉄筋コンクリート造,8,N,801号室,4LDK,82,14,151100,3700,2か月,"['近居割', '近居割WIDE']",随時,https://www.ur-net.go.jp/chintai/kanto/saitama/50_3030_room.html?JKSS=000060801,<li>西武新宿線「新所沢」駅 徒歩4～8分</li><li>西武新宿線「航空公園」駅 徒歩18～25分</li><li>西武池袋線「西所沢」駅 徒歩21～28分</li>
saitama,shintokorozawa,プラザシティ新所沢　けやき通り,163600,西武新宿線「新所沢」駅,4.0,8.0,,,,所沢市緑町1-5ほか,4号棟,鉄筋コンクリート造,3,N,303号室,3LDK,89,5,159900,3700,2か月,['フリレ2か月'],随時,https://www.ur-net.go.jp/chintai/kanto/saitama/50_3030_room.html?JKSS=000040303,<li>西武新宿線「新所沢」駅 徒歩4～8分</li><li>西武新宿線「航空公園」駅 徒歩18～25分</li><li>西武池袋線「西所沢」駅 徒歩21～28分</li>
saitama,shintokorozawa,プラザシティ新所沢　けやき通り,163600,西武新宿線「航空公園」駅,18.0,25.0,,,,所沢市緑町1-5ほか,4号棟,鉄筋コンクリート造,3,N,303号室,3LDK,89,5,159900,3700,2か月,['フリレ2か月'],随時,https://www.ur-net.go.jp/chintai/kanto/saitama/50_3030_room.html?JKSS=000040303,<li>西武新宿線「新所沢」駅 徒歩4～8分</li><li>西武新宿線「航空公園」駅 徒歩18～25分</li><li>西武池袋線「西所沢」駅 徒歩21～28分</li>
saitama,shintokorozawa,プラザシティ新所沢　けやき通り,163600,西武池袋線「西所沢」駅,21.0,28.0,,,,所沢市緑町1-5ほか,4号棟,鉄筋コンクリート造,3,N,303号室,3LDK,89,5,159900,3700,2か月,['フリレ2か月'],随時,https://www.ur-net.go.jp/chintai/kanto/saitama/50_3030_room.html?JKSS=000040303,<li>西武新宿線「新所沢」駅 徒歩4～8分</li><li>西武新宿線「航空公園」駅 徒歩18～25分</li><li>西武池袋線「西所沢」駅 徒歩21～28分</li>
saitama,shintokorozawa,プラザシティ新所沢　けやき通り,163600,,,,,,,所沢市緑町1-5ほか,4号棟,鉄筋コンクリート造,3,N,303号室,3LDK,89,5,159900,3700,2か月,['フリレ2か月'],随時,https://www.ur-net.go.jp/chintai/kanto/saitama/50_3030_room.html?JKSS=000040303,<li>西武新宿線「新所沢」駅 徒歩4～8分</li><li>西武新宿線「航空公園」駅 徒歩18～25分</li><li>西武池袋線「西所沢」駅 徒歩21～28分</li>
saitama,kamifukuoka,コンフォール鶴瀬,96000,東武東上線「鶴瀬」駅,6.0,10.0,,,,富士見市鶴瀬西2-3ほか,7号棟,鉄筋コンクリート造,8,N,805号室,1K,43,14,91900,4100,2か月,"['近居割', '近居割WIDE']",随時,https://www.ur-net.go.jp/chintai/kanto/saitama/50_4100_room.html?JKSS=000070805,<li>東武東上線「鶴瀬」駅 徒歩6～10分</li><li>東武東上線「みずほ台」駅 徒歩24～28分</li><li>東武東上線「ふじみ野」駅 徒歩26～31分</li>
saitama,kamifukuoka,コンフォール鶴瀬,96000,東武東上線「みずほ台」駅,24.0,28.0,,,,富士見市鶴瀬西2-3ほか,7号棟,鉄筋コンクリート造,8,N,805号室,1K,43,14,91900,4100,2か月,"['近居割', '近居割WIDE']",随時,https://www.ur-net.go.jp/chintai/kanto/saitama/50_4100_room.html?JKSS=000070805,<li>東武東上線「鶴瀬」駅 徒歩6～10分</li><li>東武東上線「みずほ台」駅 徒歩24～28分</li><li>東武東上線「ふじみ野」駅 徒歩26～31分</li>
saitama,kamifukuoka,コンフォール鶴瀬,96000,東武東上線「ふじみ野」駅,26.0,31.0,,,,富士見市鶴瀬西2-3ほか,7号棟,鉄筋コンクリート造,8,N,805号室,1K,43,14,91900,4100,2か月,"['近居割', '近居割WIDE']",随時,https://www.ur-net.go.jp/chintai/kanto/saitama/50_4100_room.html?JKSS=000070805,<li>東武東上線「鶴瀬」駅 徒歩6～10分</li><li>東武東上線「みずほ台」駅 徒歩24～28分</li><li>東武東上線「ふじみ野」駅 徒歩26～31分</li>
saitama,kamifukuoka,コンフォール鶴瀬,96000,,,,,,,富士見市鶴瀬西2-3ほか,7号棟,鉄筋コンクリート造,8,N,805号室,1K,43,14,91900,4100,2か月,"['近居割', '近居割WIDE']",随時,https://www.ur-net.go.jp/chintai/kanto/saitama/50_4100_room.html?JKSS=000070805,<li>東武東上線「鶴瀬」駅 徒歩6～10分</li><li>東武東上線「みずほ台」駅 徒歩24～28分</li><li>東武東上線「ふじみ野」駅 徒歩26～31分</li>
saitama,kamifukuoka,コンフォール鶴瀬,106600,東武東上線「鶴瀬」駅,6.0,10.0,,,,富士見市鶴瀬西2-3ほか,3号棟,鉄筋コンクリート造,6,N,608号室,1LDK,50,10,102500,4100,2か月,"['近居割', '近居割WIDE']",2026年9月26日以降,https://www.ur-net.go.jp/chintai/kanto/saitama/50_4100_room.html?JKSS=000030608,<li>東武東上線「鶴瀬」駅 徒歩6～10分</li><li>東武東上線「みずほ台」駅 徒歩24～28分</li><li>東武東上線「ふじみ野」駅 徒歩26～31分</li>
saitama,kamifukuoka,コンフォール鶴瀬,106600,東武東上線「みずほ台」駅,24.0,28.0,,,,富士見市鶴瀬西2-3ほか,3号棟,鉄筋コンクリート造,6,N,608号室,1LDK,50,10,102500,4100,2か月,"['近居割', '近居割WIDE']",2026年9月26日以降,https://www.ur-net.go.jp/chintai/kanto/saitama/50_4100_room.html?JKSS=000030608,<li>東武東上線「鶴瀬」駅 徒歩6～10分</li><li>東武東上線「みずほ台」駅 徒歩24～28分</li><li>東武東上線「ふじみ野」駅 徒歩26～31分</li>
saitama,kamifukuoka,コンフォール鶴瀬,106600,東武東上線「ふじみ野」駅,26.0,31.0,,,,富士見市鶴瀬西2-3ほか,3号棟,鉄筋コンクリート造,6,N,608号室,1LDK,50,10,102500,4100,2か月,"['近居割', '近居割WIDE']",2026年9月26日以降,https://www.ur-net.go.jp/chintai/kanto/saitama/50_4100_room.html?JKSS=000030608,<li>東武東上線「鶴瀬」駅 徒歩6～10分</li><li>東武東上線「みずほ台」駅 徒歩24～28分</li><li>東武東上線「ふじみ野」駅 徒歩26～31分</li>
saitama,kamifukuoka,コンフォール鶴瀬,106600,,,,,,,富士見市鶴瀬西2-3ほか,3号棟,鉄筋コンクリート造,6,N,608号室,1LDK,50,10,102500,4100,2か月,"['近居割', '近居割WIDE']",2026年9月26日以降,https://www.ur-net.go.jp/chintai/kanto/saitama/50_4100_room.html?JKSS=000030608,<li>東武東上線「鶴瀬」駅 徒歩6～10分</li><li>東武東上線「みずほ台」駅 徒歩24～28分</li><li>東武東上線「ふじみ野」駅 徒歩26～31分</li>
saitama,kamifukuoka,コンフォール鶴瀬,110700,東武東上線「鶴瀬」駅,6.0,10.0,,,,富士見市鶴瀬西2-3ほか,2号棟,鉄筋コンクリート造,3,N,303号室,1LDK,56,8,106600,4100,2か月,"['近居割', '近居割WIDE']",随時,https://www.ur-net.go.jp/chintai/kanto/saitama/50_4100_room.html?JKSS=000020303,<li>東武東上線「鶴瀬」駅 徒歩6～10分</li><li>東武東上線「みずほ台」駅 徒歩24～28分</li><li>東武東上線「ふじみ野」駅 徒歩26～31分</li>
saitama,kamifukuoka,コンフォール鶴瀬,110700,東武東上線「みずほ台」駅,24.0,28.0,,,,富士見市鶴瀬西2-3ほか,2号棟,鉄筋コンクリート造,3,N,303号室,1LDK,56,8,106600,4100,2か月,"['近居割', '近居割WIDE']",随時,https://www.ur-net.go.jp/chintai/kanto/saitama/50_4100_room.html?JKSS=000020303,<li>東武東上線「鶴瀬」駅 徒歩6～10分</li><li>東武東上線「みずほ台」駅 徒歩24～28分</li><li>東武東上線「ふじみ野」駅 徒歩26～31分</li>
saitama,kamifukuoka,コンフォール鶴瀬,110700,東武東上線「ふじみ野」駅,26.0,31.0,,,,富士見市鶴瀬西2-3ほか,2号棟,鉄筋コンクリート造,3,N,303号室,1LDK,56,8,106600,4100,2か月,"['近居割', '近居割WIDE']",随時,https://www.ur-net.go.jp/chintai/kanto/saitama/50_4100_room.html?JKSS=000020303,<li>東武東上線「鶴瀬」駅 徒歩6～10分</li><li>東武東上線「みずほ台」駅 徒歩24～28分</li><li>東武東上線「ふじみ野」駅 徒歩26～31分</li>
saitama,kamifukuoka,コンフォール鶴瀬,110700,,,,,,,富士見市鶴瀬西2-3ほか,2号棟,鉄筋コンクリート造,3,N,303号室,1LDK,56,8,106600,4100,2か月,"['近居割', '近居割WIDE']",随時,https://www.ur-net.go.jp/chintai/kanto/saitama/50_4100_room.html?JKSS=000020303,<li>東武東上線「鶴瀬」駅 徒歩6～10分</li><li>東武東上線「みずほ台」駅 徒歩24～28分</li><li>東武東上線「ふじみ野」駅 徒歩26～31分</li>
saitama,wakaba,北坂戸,48700,東武東上線「北坂戸」駅,2.0,11.0,,,,坂戸市溝端町1ほか,9-12号棟,鉄筋コンクリート造、鉄骨鉄筋コンクリート造,5,N,505号室,3K,45,5,45200,3500,2か月,"['近居割', '近居割WIDE']",2026年9月25日以降,https://www.ur-net.go.jp/chintai/kanto/saitama/50_1590_room.html?JKSS=009120505,<li>東武東上線「北坂戸」駅 徒歩2～11分</li><li>東武東上線「坂戸」駅 徒歩23～34分</li><li>東武東上線「若葉」駅 徒歩41～49分</li><li>東武東上線「高坂」駅 徒歩47～52分</li>
saitama,wakaba,北坂戸,48700,東武東上線「坂戸」駅,23.0,34.0,,,,坂戸市溝端町1ほか,9-12号棟,鉄筋コンクリート造、鉄骨鉄筋コンクリート造,5,N,505号室,3K,45,5,45200,3500,2か月,"['近居割', '近居割WIDE']",2026年9月25日以降,https://www.ur-net.go.jp/chintai/kanto/saitama/50_1590_room.html?JKSS=009120505,<li>東武東上線「北坂戸」駅 徒歩2～11分</li><li>東武東上線「坂戸」駅 徒歩23～34分</li><li>東武東上線「若葉」駅 徒歩41～49分</li><li>東武東上線「高坂」駅 徒歩47～52分</li>
saitama,wakaba,北坂戸,48700,東武東上線「若葉」駅,41.0,49.0,,,,坂戸市溝端町1ほか,9-12号棟,鉄筋コンクリート造、鉄骨鉄筋コンクリート造,5,N,505号室,3K,45,5,45200,3500,2か月,"['近居割', '近居割WIDE']",2026年9月25日以降,https://www.ur-net.go.jp/chintai/kanto/saitama/50_1590_room.html?JKSS=009120505,<li>東武東上線「北坂戸」駅 徒歩2～11分</li><li>東武東上線「坂戸」駅 徒歩23～34分</li><li>東武東上線「若葉」駅 徒歩41～49分</li><li>東武東上線「高坂」駅 徒歩47～52分</li>
saitama,wakaba,北坂戸,48700,東武東上線「高坂」駅,47.0,52.0,,,,坂戸市溝端町1ほか,9-12号棟,鉄筋コンクリート造、鉄骨鉄筋コンクリート造,5,N,505号室,3K,45,5,45200,3500,2か月,"['近居割', '近居割WIDE']",2026年9月25日以降,https://www.ur-net.go.jp/chintai/kanto/saitama/50_1590_room.html?JKSS=009120505,<li>東武東上線「北坂戸」駅 徒歩2～11分</li><li>東武東上線「坂戸」駅 徒歩23～34分</li><li>東武東上線「若葉」駅 徒歩41～49分</li><li>東武東上線「高坂」駅 徒歩47～52分</li>
saitama,wakaba,北坂戸,48700,,,,,,,坂戸市溝端町1ほか,9-12号棟,鉄筋コンクリート造、鉄骨鉄筋コンクリート造,5,N,505号室,3K,45,5,45200,3500,2か月,"['近居割', '近居割WIDE']",2026年9月25日以降,https://www.ur-net.go.jp/chintai/kanto/saitama/50_1590_room.html?JKSS=009120505,<li>東武東上線「北坂戸」駅 徒歩2～11分</li><li>東武東上線「坂戸」駅 徒歩23～34分</li><li>東武東上線「若葉」駅 徒歩41～49分</li><li>東武東上線「高坂」駅 徒歩47～52分</li>
saitama,wakaba,北坂戸,51100,東武東上線「北坂戸」駅,2.0,11.0,,,,坂戸市溝端町1ほか,9-6号棟,鉄筋コンクリート造、鉄骨鉄筋コンクリート造,5,N,505号室,3K,45,5,47600,3500,2か月,"['近居割', '近居割WIDE']",随時,https://www.ur-net.go.jp/chintai/kanto/saitama/50_1590_room.html?JKSS=009060505,<li>東武東上線「北坂戸」駅 徒歩2～11分</li><li>東武東上線「坂戸」駅 徒歩23～34分</li><li>東武東上線「若葉」駅 徒歩41～49分</li><li>東武東上線「高坂」駅 徒歩47～52分</li>
saitama,wakaba,北坂戸,51100,東武東上線「坂戸」駅,23.0,34.0,,,,坂戸市溝端町1ほか,9-6号棟,鉄筋コンクリート造、鉄骨鉄筋コンクリート造,5,N,505号室,3K,45,5,47600,3500,2か月,"['近居割', '近居割WIDE']",随時,https://www.ur-net.go.jp/chintai/kanto/saitama/50_1590_room.html?JKSS=009060505,<li>東武東上線「北坂戸」駅 徒歩2～11分</li><li>東武東上線「坂戸」駅 徒歩23～34分</li><li>東武東上線「若葉」駅 徒歩41～49分</li><li>東武東上線「高坂」駅 徒歩47～52分</li>
saitama,wakaba,北坂戸,51100,東武東上線「若葉」駅,41.0,49.0,,,,坂戸市溝端町1ほか,9-6号棟,鉄筋コンクリート造、鉄骨鉄筋コンクリート造,5,N,505号室,3K,45,5,47600,3500,2か月,"['近居割', '近居割WIDE']",随時,https://www.ur-net.go.jp/chintai/kanto/saitama/50_1590_room.html?JKSS=009060505,<li>東武東上線「北坂戸」駅 徒歩2～11分</li><li>東武東上線「坂戸」駅 徒歩23～34分</li><li>東武東上線「若葉」駅 徒歩41～49分</li><li>東武東上線「高坂」駅 徒歩47～52分</li>
saitama,wakaba,北坂戸,51100,東武東上線「高坂」駅,47.0,52.0,,,,坂戸市溝端町1ほか,9-6号棟,鉄筋コンクリート造、鉄骨鉄筋コンクリート造,5,N,505号室,3K,45,5,47600,3500,2か月,"['近居割', '近居割WIDE']",随時,https://www.ur-net.go.jp/chintai/kanto/saitama/50_1590_room.html?JKSS=009060505,<li>東武東上線「北坂戸」駅 徒歩2～11分</li><li>東武東上線「坂戸」駅 徒歩23～34分</li><li>東武東上線「若葉」駅 徒歩41～49分</li><li>東武東上線「高坂」駅 徒歩47～52分</li>
saitama,wakaba,北坂戸,51100,,,,,,,坂戸市溝端町1ほか,9-6号棟,鉄筋コンクリート造、鉄骨鉄筋コンクリート造,5,N,505号室,3K,45,5,47600,3500,2か月,"['近居割', '近居割WIDE']",随時,https://www.ur-net.go.jp/chintai/kanto/saitama/50_1590_room.html?JKSS=009060505,<li>東武東上線「北坂戸」駅 徒歩2～11分</li><li>東武東上線「坂戸」駅 徒歩23～34分</li><li>東武東上線「若葉」駅 徒歩41～49分</li><li>東武東上線「高坂」駅 徒歩47～52分</li>
saitama,wakaba,東坂戸,51500,,,,東武東上線「若葉」駅,8.0,12.0,坂戸市東坂戸1ほか,1-8号棟,鉄骨鉄筋コンクリート造,3,N,304号室,2DK,50,8,45400,6100,2か月,"['近居割', '近居割WIDE']",随時,https://www.ur-net.go.jp/chintai/kanto/saitama/50_1800_room.html?JKSS=001080304,<li>東武東上線「若葉」駅バス7～8分 徒歩1～4分</li><li>東武東上線「川越」駅バス30～32分 徒歩1～4分</li><li>東武東上線「鶴ケ島」駅 徒歩34～46分</li>
saitama,wakaba,東坂戸,51500,,,,東武東上線「川越」駅,31.0,36.0,坂戸市東坂戸1ほか,1-8号棟,鉄骨鉄筋コンクリート造,3,N,304号室,2DK,50,8,45400,6100,2か月,"['近居割', '近居割WIDE']",随時,https://www.ur-net.go.jp/chintai/kanto/saitama/50_1800_room.html?JKSS=001080304,<li>東武東上線「若葉」駅バス7～8分 徒歩1～4分</li><li>東武東上線「川越」駅バス30～32分 徒歩1～4分</li><li>東武東上線「鶴ケ島」駅 徒歩34～46分</li>
saitama,wakaba,東坂戸,51500,東武東上線「鶴ケ島」駅,34.0,46.0,,,,坂戸市東坂戸1ほか,1-8号棟,鉄骨鉄筋コンクリート造,3,N,304号室,2DK,50,8,45400,6100,2か月,"['近居割', '近居割WIDE']",随時,https://www.ur-net.go.jp/chintai/kanto/saitama/50_1800_room.html?JKSS=001080304,<li>東武東上線「若葉」駅バス7～8分 徒歩1～4分</li><li>東武東上線「川越」駅バス30～32分 徒歩1～4分</li><li>東武東上線「鶴ケ島」駅 徒歩34～46分</li>
saitama,wakaba,東坂戸,51500,,,,,,,坂戸市東坂戸1ほか,1-8号棟,鉄骨鉄筋コンクリート造,3,N,304号室,2DK,50,8,45400,6100,2か月,"['近居割', '近居割WIDE']",随時,https://www.ur-net.go.jp/chintai/kanto/saitama/50_1800_room.html?JKSS=001080304,<li>東武東上線「若葉」駅バス7～8分 徒歩1～4分</li><li>東武東上線「川越」駅バス30～32分 徒歩1～4分</li><li>東武東上線「鶴ケ島」駅 徒歩34～46分</li>
saitama,wakaba,東坂戸,52400,,,,東武東上線「若葉」駅,8.0,12.0,坂戸市東坂戸1ほか,1-20号棟,鉄骨鉄筋コンクリート造,2,N,203号室,2DK,50,8,46300,6100,2か月,"['近居割', '近居割WIDE']",随時,https://www.ur-net.go.jp/chintai/kanto/saitama/50_1800_room.html?JKSS=001200203,<li>東武東上線「若葉」駅バス7～8分 徒歩1～4分</li><li>東武東上線「川越」駅バス30～32分 徒歩1～4分</li><li>東武東上線「鶴ケ島」駅 徒歩34～46分</li>
saitama,wakaba,東坂戸,52400,,,,東武東上線「川越」駅,31.0,36.0,坂戸市東坂戸1ほか,1-20号棟,鉄骨鉄筋コンクリート造,2,N,203号室,2DK,50,8,46300,6100,2か月,"['近居割', '近居割WIDE']",随時,https://www.ur-net.go.jp/chintai/kanto/saitama/50_1800_room.html?JKSS=001200203,<li>東武東上線「若葉」駅バス7～8分 徒歩1～4分</li><li>東武東上線「川越」駅バス30～32分 徒歩1～4分</li><li>東武東上線「鶴ケ島」駅 徒歩34～46分</li>
saitama,wakaba,東坂戸,52400,東武東上線「鶴ケ島」駅,34.0,46.0,,,,坂戸市東坂戸1ほか,1-20号棟,鉄骨鉄筋コンクリート造,2,N,203号室,2DK,50,8,46300,6100,2か月,"['近居割', '近居割WIDE']",随時,https://www.ur-net.go.jp/chintai/kanto/saitama/50_1800_room.html?JKSS=001200203,<li>東武東上線「若葉」駅バス7～8分 徒歩1～4分</li><li>東武東上線「川越」駅バス30～32分 徒歩1～4分</li><li>東武東上線「鶴ケ島」駅 徒歩34～46分</li>
saitama,wakaba,東坂戸,52400,,,,,,,坂戸市東坂戸1ほか,1-20号棟,鉄骨鉄筋コンクリート造,2,N,203号室,2DK,50,8,46300,6100,2か月,"['近居割', '近居割WIDE']",随時,https://www.ur-net.go.jp/chintai/kanto/saitama/50_1800_room.html?JKSS=001200203,<li>東武東上線「若葉」駅バス7～8分 徒歩1～4分</li><li>東武東上線「川越」駅バス30～32分 徒歩1～4分</li><li>東武東上線「鶴ケ島」駅 徒歩34～46分</li>
saitama,wakaba,東坂戸,52600,,,,東武東上線「若葉」駅,8.0,12.0,坂戸市東坂戸1ほか,1-20号棟,鉄骨鉄筋コンクリート造,2,N,205号室,2DK,50,8,46500,6100,2か月,"['近居割', '近居割WIDE']",随時,https://www.ur-net.go.jp/chintai/kanto/saitama/50_1800_room.html?JKSS=001200205,<li>東武東上線「若葉」駅バス7～8分 徒歩1～4分</li><li>東武東上線「川越」駅バス30～32分 徒歩1～4分</li><li>東武東上線「鶴ケ島」駅 徒歩34～46分</li>
saitama,wakaba,東坂戸,52600,,,,東武東上線「川越」駅,31.0,36.0,坂戸市東坂戸1ほか,1-20号棟,鉄骨鉄筋コンクリート造,2,N,205号室,2DK,50,8,46500,6100,2か月,"['近居割', '近居割WIDE']",随時,https://www.ur-net.go.jp/chintai/kanto/saitama/50_1800_room.html?JKSS=001200205,<li>東武東上線「若葉」駅バス7～8分 徒歩1～4分</li><li>東武東上線「川越」駅バス30～32分 徒歩1～4分</li><li>東武東上線「鶴ケ島」駅 徒歩34～46分</li>
saitama,wakaba,東坂戸,52600,東武東上線「鶴ケ島」駅,34.0,46.0,,,,坂戸市東坂戸1ほか,1-20号棟,鉄骨鉄筋コンクリート造,2,N,205号室,2DK,50,8,46500,6100,2か月,"['近居割', '近居割WIDE']",随時,https://www.ur-net.go.jp/chintai/kanto/saitama/50_1800_room.html?JKSS=001200205,<li>東武東上線「若葉」駅バス7～8分 徒歩1～4分</li><li>東武東上線「川越」駅バス30～32分 徒歩1～4分</li><li>東武東上線「鶴ケ島」駅 徒歩34～46分</li>
saitama,wakaba,東坂戸,52600,,,,,,,坂戸市東坂戸1ほか,1-20号棟,鉄骨鉄筋コンクリート造,2,N,205号室,2DK,50,8,46500,6100,2か月,"['近居割', '近居割WIDE']",随時,https://www.ur-net.go.jp/chintai/kanto/saitama/50_1800_room.html?JKSS=001200205,<li>東武東上線「若葉」駅バス7～8分 徒歩1～4分</li><li>東武東上線「川越」駅バス30～32分 徒歩1～4分</li><li>東武東上線「鶴ケ島」駅 徒歩34～46分</li>
saitama,kawagoe,狭山台,53900,,,,西武新宿線「狭山市」駅,7.0,14.0,狭山市狭山台1-31ほか,1-13号棟,鉄筋コンクリート造、鉄骨鉄筋コンクリート造,4,N,402号室,3K,47,5,50400,3500,2か月,"['近居割', '近居割WIDE']",随時,https://www.ur-net.go.jp/chintai/kanto/saitama/50_1670_room.html?JKSS=001130402,<li>西武新宿線「狭山市」駅バス6～10分 徒歩1～4分</li><li>西武新宿線「新狭山」駅 徒歩22～33分</li><li>西武新宿線「入曽」駅 徒歩41～53分</li>
saitama,kawagoe,狭山台,53900,西武新宿線「新狭山」駅,22.0,33.0,,,,狭山市狭山台1-31ほか,1-13号棟,鉄筋コンクリート造、鉄骨鉄筋コンクリート造,4,N,402号室,3K,47,5,50400,3500,2か月,"['近居割', '近居割WIDE']",随時,https://www.ur-net.go.jp/chintai/kanto/saitama/50_1670_room.html?JKSS=001130402,<li>西武新宿線「狭山市」駅バス6～10分 徒歩1～4分</li><li>西武新宿線「新狭山」駅 徒歩22～33分</li><li>西武新宿線「入曽」駅 徒歩41～53分</li>
saitama,kawagoe,狭山台,53900,西武新宿線「入曽」駅,41.0,53.0,,,,狭山市狭山台1-31ほか,1-13号棟,鉄筋コンクリート造、鉄骨鉄筋コンクリート造,4,N,402号室,3K,47,5,50400,3500,2か月,"['近居割', '近居割WIDE']",随時,https://www.ur-net.go.jp/chintai/kanto/saitama/50_1670_room.html?JKSS=001130402,<li>西武新宿線「狭山市」駅バス6～10分 徒歩1～4分</li><li>西武新宿線「新狭山」駅 徒歩22～33分</li><li>西武新宿線「入曽」駅 徒歩41～53分</li>
saitama,kawagoe,狭山台,53900,,,,,,,狭山市狭山台1-31ほか,1-13号棟,鉄筋コンクリート造、鉄骨鉄筋コンクリート造,4,N,402号室,3K,47,5,50400,3500,2か月,"['近居割', '近居割WIDE']",随時,https://www.ur-net.go.jp/chintai/kanto/saitama/50_1670_room.html?JKSS=001130402,<li>西武新宿線「狭山市」駅バス6～10分 徒歩1～4分</li><li>西武新宿線「新狭山」駅 徒歩22～33分</li><li>西武新宿線「入曽」駅 徒歩41～53分</li>
saitama,kawagoe,狭山台,57000,,,,西武新宿線「狭山市」駅,7.0,14.0,狭山市狭山台1-31ほか,3-1号棟,鉄筋コンクリート造、鉄骨鉄筋コンクリート造,2,N,202号室,2DK,43,8,53500,3500,2か月,['健康寿命サポート'],随時,https://www.ur-net.go.jp/chintai/kanto/saitama/50_1670_room.html?JKSS=003010202,<li>西武新宿線「狭山市」駅バス6～10分 徒歩1～4分</li><li>西武新宿線「新狭山」駅 徒歩22～33分</li><li>西武新宿線「入曽」駅 徒歩41～53分</li>
saitama,kawagoe,狭山台,57000,西武新宿線「新狭山」駅,22.0,33.0,,,,狭山市狭山台1-31ほか,3-1号棟,鉄筋コンクリート造、鉄骨鉄筋コンクリート造,2,N,202号室,2DK,43,8,53500,3500,2か月,['健康寿命サポート'],随時,https://www.ur-net.go.jp/chintai/kanto/saitama/50_1670_room.html?JKSS=003010202,<li>西武新宿線「狭山市」駅バス6～10分 徒歩1～4分</li><li>西武新宿線「新狭山」駅 徒歩22～33分</li><li>西武新宿線「入曽」駅 徒歩41～53分</li>
saitama,kawagoe,狭山台,57000,西武新宿線「入曽」駅,41.0,53.0,,,,狭山市狭山台1-31ほか,3-1号棟,鉄筋コンクリート造、鉄骨鉄筋コンクリート造,2,N,202号室,2DK,43,8,53500,3500,2か月,['健康寿命サポート'],随時,https://www.ur-net.go.jp/chintai/kanto/saitama/50_1670_room.html?JKSS=003010202,<li>西武新宿線「狭山市」駅バス6～10分 徒歩1～4分</li><li>西武新宿線「新狭山」駅 徒歩22～33分</li><li>西武新宿線「入曽」駅 徒歩41～53分</li>
saitama,kawagoe,狭山台,57000,,,,,,,狭山市狭山台1-31ほか,3-1号棟,鉄筋コンクリート造、鉄骨鉄筋コンクリート造,2,N,202号室,2DK,43,8,53500,3500,2か月,['健康寿命サポート'],随時,https://www.ur-net.go.jp/chintai/kanto/saitama/50_1670_room.html?JKSS=003010202,<li>西武新宿線「狭山市」駅バス6～10分 徒歩1～4分</li><li>西武新宿線「新狭山」駅 徒歩22～33分</li><li>西武新宿線「入曽」駅 徒歩41～53分</li>
saitama,kawagoe,狭山台,57200,,,,西武新宿線「狭山市」駅,7.0,14.0,狭山市狭山台1-31ほか,3-19号棟,鉄筋コンクリート造、鉄骨鉄筋コンクリート造,5,N,503号室,2DK,43,8,53700,3500,2か月,['健康寿命サポート'],随時,https://www.ur-net.go.jp/chintai/kanto/saitama/50_1670_room.html?JKSS=003190503,<li>西武新宿線「狭山市」駅バス6～10分 徒歩1～4分</li><li>西武新宿線「新狭山」駅 徒歩22～33分</li><li>西武新宿線「入曽」駅 徒歩41～53分</li>
saitama,kawagoe,狭山台,57200,西武新宿線「新狭山」駅,22.0,33.0,,,,狭山市狭山台1-31ほか,3-19号棟,鉄筋コンクリート造、鉄骨鉄筋コンクリート造,5,N,503号室,2DK,43,8,53700,3500,2か月,['健康寿命サポート'],随時,https://www.ur-net.go.jp/chintai/kanto/saitama/50_1670_room.html?JKSS=003190503,<li>西武新宿線「狭山市」駅バス6～10分 徒歩1～4分</li><li>西武新宿線「新狭山」駅 徒歩22～33分</li><li>西武新宿線「入曽」駅 徒歩41～53分</li>
saitama,kawagoe,狭山台,57200,西武新宿線「入曽」駅,41.0,53.0,,,,狭山市狭山台1-31ほか,3-19号棟,鉄筋コンクリート造、鉄骨鉄筋コンクリート造,5,N,503号室,2DK,43,8,53700,3500,2か月,['健康寿命サポート'],随時,https://www.ur-net.go.jp/chintai/kanto/saitama/50_1670_room.html?JKSS=003190503,<li>西武新宿線「狭山市」駅バス6～10分 徒歩1～4分</li><li>西武新宿線「新狭山」駅 徒歩22～33分</li><li>西武新宿線「入曽」駅 徒歩41～53分</li>
saitama,kawagoe,狭山台,57200,,,,,,,狭山市狭山台1-31ほか,3-19号棟,鉄筋コンクリート造、鉄骨鉄筋コンクリート造,5,N,503号室,2DK,43,8,53700,3500,2か月,['健康寿命サポート'],随時,https://www.ur-net.go.jp/chintai/kanto/saitama/50_1670_room.html?JKSS=003190503,<li>西武新宿線「狭山市」駅バス6～10分 徒歩1～4分</li><li>西武新宿線「新狭山」駅 徒歩22～33分</li><li>西武新宿線「入曽」駅 徒歩41～53分</li>
saitama,kawagoe,狭山台,64200,,,,西武新宿線「狭山市」駅,7.0,14.0,狭山市狭山台1-31ほか,1-12号棟,鉄筋コンクリート造、鉄骨鉄筋コンクリート造,3,N,304号室,2DK,47,5,60700,3500,2か月,"['近居割', '近居割WIDE']",随時,https://www.ur-net.go.jp/chintai/kanto/saitama/50_1670_room.html?JKSS=001120304,<li>西武新宿線「狭山市」駅バス6～10分 徒歩1～4分</li><li>西武新宿線「新狭山」駅 徒歩22～33分</li><li>西武新宿線「入曽」駅 徒歩41～53分</li>
saitama,kawagoe,狭山台,64200,西武新宿線「新狭山」駅,22.0,33.0,,,,狭山市狭山台1-31ほか,1-12号棟,鉄筋コンクリート造、鉄骨鉄筋コンクリート造,3,N,304号室,2DK,47,5,60700,3500,2か月,"['近居割', '近居割WIDE']",随時,https://www.ur-net.go.jp/chintai/kanto/saitama/50_1670_room.html?JKSS=001120304,<li>西武新宿線「狭山市」駅バス6～10分 徒歩1～4分</li><li>西武新宿線「新狭山」駅 徒歩22～33分</li><li>西武新宿線「入曽」駅 徒歩41～53分</li>
saitama,kawagoe,狭山台,64200,西武新宿線「入曽」駅,41.0,53.0,,,,狭山市狭山台1-31ほか,1-12号棟,鉄筋コンクリート造、鉄骨鉄筋コンクリート造,3,N,304号室,2DK,47,5,60700,3500,2か月,"['近居割', '近居割WIDE']",随時,https://www.ur-net.go.jp/chintai/kanto/saitama/50_1670_room.html?JKSS=001120304,<li>西武新宿線「狭山市」駅バス6～10分 徒歩1～4分</li><li>西武新宿線「新狭山」駅 徒歩22～33分</li><li>西武新宿線「入曽」駅 徒歩41～53分</li>
saitama,kawagoe,狭山台,64200,,,,,,,狭山市狭山台1-31ほか,1-12号棟,鉄筋コンクリート造、鉄骨鉄筋コンクリート造,3,N,304号室,2DK,47,5,60700,3500,2か月,"['近居割', '近居割WIDE']",随時,https://www.ur-net.go.jp/chintai/kanto/saitama/50_1670_room.html?JKSS=001120304,<li>西武新宿線「狭山市」駅バス6～10分 徒歩1～4分</li><li>西武新宿線「新狭山」駅 徒歩22～33分</li><li>西武新宿線「入曽」駅 徒歩41～53分</li>
saitama,tokorozawa,入間黒須,57600,西武池袋線「入間市」駅,7.0,7.0,,,,入間市黒須1-12,1号棟,鉄骨鉄筋コンクリート造,7,N,701号室,2DK,45,8,53300,4300,2か月,['近居割'],随時,https://www.ur-net.go.jp/chintai/kanto/saitama/50_1570_room.html?JKSS=000001701,<li>西武池袋線「入間市」駅 徒歩7分</li>
saitama,tokorozawa,入間黒須,57600,,,,,,,入間市黒須1-12,1号棟,鉄骨鉄筋コンクリート造,7,N,701号室,2DK,45,8,53300,4300,2か月,['近居割'],随時,https://www.ur-net.go.jp/chintai/kanto/saitama/50_1570_room.html?JKSS=000001701,<li>西武池袋線「入間市」駅 徒歩7分</li>
saitama,tokorozawa,入間駅前プラザ,93800,西武池袋線「入間市」駅,3.0,5.0,,,,入間市向陽台1-1-17,15号棟,鉄筋コンクリート造,1,N,103号室,3DK,61,8,89100,4700,2か月,['近居割'],随時,https://www.ur-net.go.jp/chintai/kanto/saitama/50_2390_room.html?JKSS=000150103,<li>西武池袋線「入間市」駅 徒歩3～5分</li><li>西武池袋線「稲荷山公園」駅 徒歩12～14分</li><li>西武新宿線「狭山市」駅 徒歩38～47分</li>
saitama,tokorozawa,入間駅前プラザ,93800,西武池袋線「稲荷山公園」駅,12.0,14.0,,,,入間市向陽台1-1-17,15号棟,鉄筋コンクリート造,1,N,103号室,3DK,61,8,89100,4700,2か月,['近居割'],随時,https://www.ur-net.go.jp/chintai/kanto/saitama/50_2390_room.html?JKSS=000150103,<li>西武池袋線「入間市」駅 徒歩3～5分</li><li>西武池袋線「稲荷山公園」駅 徒歩12～14分</li><li>西武新宿線「狭山市」駅 徒歩38～47分</li>
saitama,tokorozawa,入間駅前プラザ,93800,西武新宿線「狭山市」駅,38.0,47.0,,,,入間市向陽台1-1-17,15号棟,鉄筋コンクリート造,1,N,103号室,3DK,61,8,89100,4700,2か月,['近居割'],随時,https://www.ur-net.go.jp/chintai/kanto/saitama/50_2390_room.html?JKSS=000150103,<li>西武池袋線「入間市」駅 徒歩3～5分</li><li>西武池袋線「稲荷山公園」駅 徒歩12～14分</li><li>西武新宿線「狭山市」駅 徒歩38～47分</li>
saitama,tokorozawa,入間駅前プラザ,93800,,,,,,,入間市向陽台1-1-17,15号棟,鉄筋コンクリート造,1,N,103号室,3DK,61,8,89100,4700,2か月,['近居割'],随時,https://www.ur-net.go.jp/chintai/kanto/saitama/50_2390_room.html?JKSS=000150103,<li>西武池袋線「入間市」駅 徒歩3～5分</li><li>西武池袋線「稲荷山公園」駅 徒歩12～14分</li><li>西武新宿線「狭山市」駅 徒歩38～47分</li>
saitama,shiki,新座,76700,東武東上線「柳瀬川」駅,15.0,22.0,,,,新座市新座3,5-4号棟,鉄筋コンクリート造,5,N,506号室,2LDK,52,5,73500,3200,2か月,"['近居割', '近居割WIDE']",随時,https://www.ur-net.go.jp/chintai/kanto/saitama/50_1310_room.html?JKSS=000504506,<li>東武東上線「柳瀬川」駅 徒歩15～22分</li><li>東武東上線「志木」駅バス11分 徒歩1～6分</li><li>JR武蔵野線「新座」駅 徒歩28～36分</li>
saitama,shiki,新座,76700,,,,東武東上線「志木」駅,12.0,17.0,新座市新座3,5-4号棟,鉄筋コンクリート造,5,N,506号室,2LDK,52,5,73500,3200,2か月,"['近居割', '近居割WIDE']",随時,https://www.ur-net.go.jp/chintai/kanto/saitama/50_1310_room.html?JKSS=000504506,<li>東武東上線「柳瀬川」駅 徒歩15～22分</li><li>東武東上線「志木」駅バス11分 徒歩1～6分</li><li>JR武蔵野線「新座」駅 徒歩28～36分</li>
saitama,shiki,新座,76700,JR武蔵野線「新座」駅,28.0,36.0,,,,新座市新座3,5-4号棟,鉄筋コンクリート造,5,N,506号室,2LDK,52,5,73500,3200,2か月,"['近居割', '近居割WIDE']",随時,https://www.ur-net.go.jp/chintai/kanto/saitama/50_1310_room.html?JKSS=000504506,<li>東武東上線「柳瀬川」駅 徒歩15～22分</li><li>東武東上線「志木」駅バス11分 徒歩1～6分</li><li>JR武蔵野線「新座」駅 徒歩28～36分</li>
saitama,shiki,新座,76700,,,,,,,新座市新座3,5-4号棟,鉄筋コンクリート造,5,N,506号室,2LDK,52,5,73500,3200,2か月,"['近居割', '近居割WIDE']",随時,https://www.ur-net.go.jp/chintai/kanto/saitama/50_1310_room.html?JKSS=000504506,<li>東武東上線「柳瀬川」駅 徒歩15～22分</li><li>東武東上線「志木」駅バス11分 徒歩1～6分</li><li>JR武蔵野線「新座」駅 徒歩28～36分</li>
