Todofuken,Area,Dan Chi Name,Total Fee,Nearest station by Walk,Best case by Walk (minute),Worst case by Walk (minute),Nearest station by Bus,Best case by Bus (minute),Worst case by Bus (minute),Address,Building Name,Building Structure,Floor,Elevator,Room Num,Room Type,Floor Space,Max Floor,Rent,Common Fee,Shikikin,Systems,availableDate,Room Link,Traffic
tokyo,nishiojima,北砂五丁目,102500,都営新宿線「大島」駅,10.0,17.0,,,,江東区北砂5-20,10号棟,鉄筋コンクリート造,4,N,412号室,2DK,46,9,98300,4200,2か月,['健康寿命サポート'],随時,https://www.ur-net.go.jp/chintai/kanto/tokyo/20_2820_room.html?JKSS=000100412,<li>都営新宿線「大島」駅 徒歩10～17分</li><li>JR総武線・東武亀戸線「亀戸」駅バス7～11分 徒歩1～7分</li><li>東京メトロ東西線「東陽町」駅バス9～11分 徒歩6～12分</li>
tokyo,nishiojima,北砂五丁目,102500,,,,JR総武線・東武亀戸線「亀戸」駅,8.0,18.0,江東区北砂5-20,10号棟,鉄筋コンクリート造,4,N,412号室,2DK,46,9,98300,4200,2か月,['健康寿命サポート'],随時,https://www.ur-net.go.jp/chintai/kanto/tokyo/20_2820_room.html?JKSS=000100412,<li>都営新宿線「大島」駅 徒歩10～17分</li><li>JR総武線・東武亀戸線「亀戸」駅バス7～11分 徒歩1～7分</li><li>東京メトロ東西線「東陽町」駅バス9～11分 徒歩6～12分</li>
tokyo,nishiojima,北砂五丁目,102500,,,,東京メトロ東西線「東陽町」駅,15.0,23.0,江東区北砂5-20,10号棟,鉄筋コンクリート造,4,N,412号室,2DK,46,9,98300,4200,2か月,['健康寿命サポート'],随時,https://www.ur-net.go.jp/chintai/kanto/tokyo/20_2820_room.html?JKSS=000100412,<li>都営新宿線「大島」駅 徒歩10～17分</li><li>JR総武線・東武亀戸線「亀戸」駅バス7～11分 徒歩1～7分</li><li>東京メトロ東西線「東陽町」駅バス9～11分 徒歩6～12分</li>
tokyo,nishiojima,北砂五丁目,102500,,,,,,,江東区北砂5-20,10号棟,鉄筋コンクリート造,4,N,412号室,2DK,46,9,98300,4200,2か月,['健康寿命サポート'],随時,https://www.ur-net.go.jp/chintai/kanto/tokyo/20_2820_room.html?JKSS=000100412,<li>都営新宿線「大島」駅 徒歩10～17分</li><li>JR総武線・東武亀戸線「亀戸」駅バス7～11分 徒歩1～7分</li><li>東京メトロ東西線「東陽町」駅バス9～11分 徒歩6～12分</li>
tokyo,nishiojima,大島四丁目,112300,都営新宿線「西大島」駅,5.0,10.0,,,,江東区大島4-1,1号棟,鉄筋コンクリート造,10,N,1001号室,2DK,54,14,108400,3900,2か月,['URライト（1年定借）'],随時,https://www.ur-net.go.jp/chintai/kanto/tokyo/20_1780_room.html?JKSS=000011001,<li>都営新宿線「西大島」駅 徒歩5～10分</li><li>JR総武線・東武亀戸線「亀戸」駅バス4～6分 徒歩2～6分</li><li>都営新宿線「大島」駅 徒歩7～12分</li>
tokyo,nishiojima,大島四丁目,112300,,,,JR総武線・東武亀戸線「亀戸」駅,6.0,12.0,江東区大島4-1,1号棟,鉄筋コンクリート造,10,N,1001号室,2DK,54,14,108400,3900,2か月,['URライト（1年定借）'],随時,https://www.ur-net.go.jp/chintai/kanto/tokyo/20_1780_room.html?JKSS=000011001,<li>都営新宿線「西大島」駅 徒歩5～10分</li><li>JR総武線・東武亀戸線「亀戸」駅バス4～6分 徒歩2～6分</li><li>都営新宿線「大島」駅 徒歩7～12分</li>
tokyo,nishiojima,大島四丁目,112300,都営新宿線「大島」駅,7.0,12.0,,,,江東区大島4-1,1号棟,鉄筋コンクリート造,10,N,1001号室,2DK,54,14,108400,3900,2か月,['URライト（1年定借）'],随時,https://www.ur-net.go.jp/chintai/kanto/tokyo/20_1780_room.html?JKSS=000011001,<li>都営新宿線「西大島」駅 徒歩5～10分</li><li>JR総武線・東武亀戸線「亀戸」駅バス4～6分 徒歩2～6分</li><li>都営新宿線「大島」駅 徒歩7～12分</li>
tokyo,nishiojima,大島四丁目,112300,,,,,,,江東区大島4-1,1号棟,鉄筋コンクリート造,10,N,1001号室,2DK,54,14,108400,3900,2か月,['URライト（1年定借）'],随時,https://www.ur-net.go.jp/chintai/kanto/tokyo/20_1780_room.html?JKSS=000011001,<li>都営新宿線「西大島」駅 徒歩5～10分</li><li>JR総武線・東武亀戸線「亀戸」駅バス4～6分 徒歩2～6分</li><li>都営新宿線「大島」駅 徒歩7～12分</li>
tokyo,yaesu,潮見駅前プラザ二番街,162700,JR京葉線「潮見」駅,2.0,2.0,,,,江東区潮見2-7-1,,鉄筋コンクリート造,6,N,616号室,2DK,53,14,155900,6800,2か月,['近居割'],随時,https://www.ur-net.go.jp/chintai/kanto/tokyo/20_6460_room.html?JKSS=000000616,<li>JR京葉線「潮見」駅 徒歩2分</li><li>東京メトロ東西線「東陽町」駅バス11分 徒歩2分</li><li>東京メトロ有楽町線「辰巳」駅 徒歩24分</li>
tokyo,yaesu,潮見駅前プラザ二番街,162700,,,,東京メトロ東西線「東陽町」駅,13.0,13.0,江東区潮見2-7-1,,鉄筋コンクリート造,6,N,616号室,2DK,53,14,155900,6800,2か月,['近居割'],随時,https://www.ur-net.go.jp/chintai/kanto/tokyo/20_6460_room.html?JKSS=000000616,<li>JR京葉線「潮見」駅 徒歩2分</li><li>東京メトロ東西線「東陽町」駅バス11分 徒歩2分</li><li>東京メトロ有楽町線「辰巳」駅 徒歩24分</li>
tokyo,yaesu,潮見駅前プラザ二番街,162700,東京メトロ有楽町線「辰巳」駅,24.0,24.0,,,,江東区潮見2-7-1,,鉄筋コンクリート造,6,N,616号室,2DK,53,14,155900,6800,2か月,['近居割'],随時,https://www.ur-net.go.jp/chintai/kanto/tokyo/20_6460_room.html?JKSS=000000616,<li>JR京葉線「潮見」駅 徒歩2分</li><li>東京メトロ東西線「東陽町」駅バス11分 徒歩2分</li><li>東京メトロ有楽町線「辰巳」駅 徒歩24分</li>
tokyo,yaesu,潮見駅前プラザ二番街,162700,,,,,,,江東区潮見2-7-1,,鉄筋コンクリート造,6,N,616号室,2DK,53,14,155900,6800,2か月,['近居割'],随時,https://www.ur-net.go.jp/chintai/kanto/tokyo/20_6460_room.html?JKSS=000000616,<li>JR京葉線「潮見」駅 徒歩2分</li><li>東京メトロ東西線「東陽町」駅バス11分 徒歩2分</li><li>東京メトロ有楽町線「辰巳」駅 徒歩24分</li>
tokyo,kitasenju,江北六丁目,97800,日暮里舎人ライナー「西新井大師西」駅,2.0,6.0,,,,足立区江北6-30ほか,27-2号棟,鉄筋コンクリート造,4,N,404号室,1LDK,41,5,94500,3300,2か月,['近居割'],随時,https://www.ur-net.go.jp/chintai/kanto/tokyo/20_2160_room.html?JKSS=027002404,<li>日暮里舎人ライナー「西新井大師西」駅 徒歩2～6分</li><li>東武伊勢崎線「西新井」駅バス9分 徒歩2～6分</li>
tokyo,kitasenju,江北六丁目,97800,,,,東武伊勢崎線「西新井」駅,11.0,15.0,足立区江北6-30ほか,27-2号棟,鉄筋コンクリート造,4,N,404号室,1LDK,41,5,94500,3300,2か月,['近居割'],随時,https://www.ur-net.go.jp/chintai/kanto/tokyo/20_2160_room.html?JKSS=027002404,<li>日暮里舎人ライナー「西新井大師西」駅 徒歩2～6分</li><li>東武伊勢崎線「西新井」駅バス9分 徒歩2～6分</li>
tokyo,kitasenju,江北六丁目,97800,,,,,,,足立区江北6-30ほか,27-2号棟,鉄筋コンクリート造,4,N,404号室,1LDK,41,5,94500,3300,2か月,['近居割'],随時,https://www.ur-net.go.jp/chintai/kanto/tokyo/20_2160_room.html?JKSS=027002404,<li>日暮里舎人ライナー「西新井大師西」駅 徒歩2～6分</li><li>東武伊勢崎線「西新井」駅バス9分 徒歩2～6分</li>
tokyo,kamata,エステート池上,175100,東急池上線｢池上｣駅,6.0,6.0,,,,大田区池上8-5-8,,鉄筋コンクリート造,5,N,503号室,2LDK,63,6,168400,6700,2か月,['近居割'],随時,https://www.ur-net.go.jp/chintai/kanto/tokyo/20_4640_room.html?JKSS=000000503,<li>東急池上線｢池上｣駅 徒歩6分</li>
tokyo,kamata,エステート池上,175100,,,,,,,大田区池上8-5-8,,鉄筋コンクリート造,5,N,503号室,2LDK,63,6,168400,6700,2か月,['近居割'],随時,https://www.ur-net.go.jp/chintai/kanto/tokyo/20_4640_room.html?JKSS=000000503,<li>東急池上線｢池上｣駅 徒歩6分</li>
tokyo,kyodo,希望ヶ丘,123900,小田急小田原線「千歳船橋」駅,16.0,20.0,小田急小田原線「千歳船橋」駅,5.0,13.0,世田谷区船橋6ほか,7-1-1号棟,鉄筋コンクリート造,12,N,1214号室,1K,45,13,120300,3600,2か月,['近居割'],随時,https://www.ur-net.go.jp/chintai/kanto/tokyo/20_2340_room.html?JKSS=701011214,<li>小田急小田原線「千歳船橋」駅バス4～10分 徒歩1～3分</li><li>京王線「八幡山」駅バス5～8分 徒歩1～3分</li><li>小田急小田原線「千歳船橋」駅 徒歩16～20分</li>
tokyo,kyodo,希望ヶ丘,123900,,,,京王線「八幡山」駅,6.0,11.0,世田谷区船橋6ほか,7-1-1号棟,鉄筋コンクリート造,12,N,1214号室,1K,45,13,120300,3600,2か月,['近居割'],随時,https://www.ur-net.go.jp/chintai/kanto/tokyo/20_2340_room.html?JKSS=701011214,<li>小田急小田原線「千歳船橋」駅バス4～10分 徒歩1～3分</li><li>京王線「八幡山」駅バス5～8分 徒歩1～3分</li><li>小田急小田原線「千歳船橋」駅 徒歩16～20分</li>
tokyo,kyodo,希望ヶ丘,123900,,,,,,,世田谷区船橋6ほか,7-1-1号棟,鉄筋コンクリート造,12,N,1214号室,1K,45,13,120300,3600,2か月,['近居割'],随時,https://www.ur-net.go.jp/chintai/kanto/tokyo/20_2340_room.html?JKSS=701011214,<li>小田急小田原線「千歳船橋」駅バス4～10分 徒歩1～3分</li><li>京王線「八幡山」駅バス5～8分 徒歩1～3分</li><li>小田急小田原線「千歳船橋」駅 徒歩16～20分</li>
tokyo,chitosekarasuyama,シャレール荻窪,167500,JR中央線「荻窪」駅,13.0,17.0,JR中央線「荻窪」駅,7.0,9.0,杉並区荻窪3-7,1号棟,鉄筋コンクリート造,2,N,204号室,1DK,45,4,161000,6500,2か月,['近居割'],随時,https://www.ur-net.go.jp/chintai/kanto/tokyo/20_7130_room.html?JKSS=000010204,<li>JR中央線「荻窪」駅 徒歩13～17分 またはバス6分 徒歩1～3分</li><li>東京メトロ丸ノ内線「南阿佐ケ谷」駅 徒歩14～17分</li>
tokyo,chitosekarasuyama,シャレール荻窪,167500,東京メトロ丸ノ内線「南阿佐ケ谷」駅,14.0,17.0,,,,杉並区荻窪3-7,1号棟,鉄筋コンクリート造,2,N,204号室,1DK,45,4,161000,6500,2か月,['近居割'],随時,https://www.ur-net.go.jp/chintai/kanto/tokyo/20_7130_room.html?JKSS=000010204,<li>JR中央線「荻窪」駅 徒歩13～17分 またはバス6分 徒歩1～3分</li><li>東京メトロ丸ノ内線「南阿佐ケ谷」駅 徒歩14～17分</li>
tokyo,chitosekarasuyama,シャレール荻窪,167500,,,,,,,杉並区荻窪3-7,1号棟,鉄筋コンクリート造,2,N,204号室,1DK,45,4,161000,6500,2か月,['近居割'],随時,https://www.ur-net.go.jp/chintai/kanto/tokyo/20_7130_room.html?JKSS=000010204,<li>JR中央線「荻窪」駅 徒歩13～17分 またはバス6分 徒歩1～3分</li><li>東京メトロ丸ノ内線「南阿佐ケ谷」駅 徒歩14～17分</li>
tokyo,oji,豊島五丁目,90000,,,,JR京浜東北・根岸線「王子」駅,9.0,13.0,北区豊島5-4ほか,7号棟,鉄筋コンクリート造,2,N,237号室,2DK,49,14,86700,3300,2か月,['健康寿命サポート'],随時,https://www.ur-net.go.jp/chintai/kanto/tokyo/20_2320_room.html?JKSS=000070237,<li>JR京浜東北・根岸線「王子」駅バス7分 徒歩2～6分</li><li>東京メトロ南北線「王子」駅バス7分 徒歩2～6分</li>
tokyo,oji,豊島五丁目,90000,,,,東京メトロ南北線「王子」駅,9.0,13.0,北区豊島5-4ほか,7号棟,鉄筋コンクリート造,2,N,237号室,2DK,49,14,86700,3300,2か月,['健康寿命サポート'],随時,https://www.ur-net.go.jp/chintai/kanto/tokyo/20_2320_room.html?JKSS=000070237,<li>JR京浜東北・根岸線「王子」駅バス7分 徒歩2～6分</li><li>東京メトロ南北線「王子」駅バス7分 徒歩2～6分</li>
tokyo,oji,豊島五丁目,90000,,,,,,,北区豊島5-4ほか,7号棟,鉄筋コンクリート造,2,N,237号室,2DK,49,14,86700,3300,2か月,['健康寿命サポート'],随時,https://www.ur-net.go.jp/chintai/kanto/tokyo/20_2320_room.html?JKSS=000070237,<li>JR京浜東北・根岸線「王子」駅バス7分 徒歩2～6分</li><li>東京メトロ南北線「王子」駅バス7分 徒歩2～6分</li>
tokyo,oji,豊島五丁目,90500,,,,JR京浜東北・根岸線「王子」駅,9.0,13.0,北区豊島5-4ほか,8号棟,鉄筋コンクリート造,7,N,717号室,2DK,49,14,87200,3300,2か月,['健康寿命サポート'],随時,https://www.ur-net.go.jp/chintai/kanto/tokyo/20_2320_room.html?JKSS=000080717,<li>JR京浜東北・根岸線「王子」駅バス7分 徒歩2～6分</li><li>東京メトロ南北線「王子」駅バス7分 徒歩2～6分</li>
tokyo,oji,豊島五丁目,90500,,,,東京メトロ南北線「王子」駅,9.0,13.0,北区豊島5-4ほか,8号棟,鉄筋コンクリート造,7,N,717号室,2DK,49,14,87200,3300,2か月,['健康寿命サポート'],随時,https://www.ur-net.go.jp/chintai/kanto/tokyo/20_2320_room.html?JKSS=000080717,<li>JR京浜東北・根岸線「王子」駅バス7分 徒歩2～6分</li><li>東京メトロ南北線「王子」駅バス7分 徒歩2～6分</li>
tokyo,oji,豊島五丁目,90500,,,,,,,北区豊島5-4ほか,8号棟,鉄筋コンクリート造,7,N,717号室,2DK,49,14,87200,3300,2か月,['健康寿命サポート'],随時,https://www.ur-net.go.jp/chintai/kanto/tokyo/20_2320_room.html?JKSS=000080717,<li>JR京浜東北・根岸線「王子」駅バス7分 徒歩2～6分</li><li>東京メトロ南北線「王子」駅バス7分 徒歩2～6分</li>
tokyo,oji,赤羽北二丁目,121900,JR埼京線「北赤羽」駅,6.0,7.0,,,,北区赤羽北2-15,1号棟,鉄骨鉄筋コンクリート造,13,N,1333号室,1LDK,48,14,117900,4000,2か月,['近居割'],随時,https://www.ur-net.go.jp/chintai/kanto/tokyo/20_2800_room.html?JKSS=000011333,<li>JR埼京線「北赤羽」駅 徒歩6～7分</li>
tokyo,oji,赤羽北二丁目,121900,,,,,,,北区赤羽北2-15,1号棟,鉄骨鉄筋コンクリート造,13,N,1333号室,1LDK,48,14,117900,4000,2か月,['近居割'],随時,https://www.ur-net.go.jp/chintai/kanto/tokyo/20_2800_room.html?JKSS=000011333,<li>JR埼京線「北赤羽」駅 徒歩6～7分</li>
tokyo,takashimadaira,高島平,72800,都営三田線「高島平」駅,2.0,11.0,,,,板橋区高島平2ほか,2-28-4号棟,鉄筋コンクリート造,7,N,716号室,1DK,33,11,68600,4200,2か月,['URライト（3年定借）'],随時,https://www.ur-net.go.jp/chintai/kanto/tokyo/20_2250_room.html?JKSS=228040716,<li>都営三田線「高島平」駅 徒歩2～11分</li><li>都営三田線「新高島平」駅 徒歩4～22分</li>
tokyo,takashimadaira,高島平,72800,都営三田線「新高島平」駅,4.0,22.0,,,,板橋区高島平2ほか,2-28-4号棟,鉄筋コンクリート造,7,N,716号室,1DK,33,11,68600,4200,2か月,['URライト（3年定借）'],随時,https://www.ur-net.go.jp/chintai/kanto/tokyo/20_2250_room.html?JKSS=228040716,<li>都営三田線「高島平」駅 徒歩2～11分</li><li>都営三田線「新高島平」駅 徒歩4～22分</li>
tokyo,takashimadaira,高島平,72800,,,,,,,板橋区高島平2ほか,2-28-4号棟,鉄筋コンクリート造,7,N,716号室,1DK,33,11,68600,4200,2か月,['URライト（3年定借）'],随時,https://www.ur-net.go.jp/chintai/kanto/tokyo/20_2250_room.html?JKSS=228040716,<li>都営三田線「高島平」駅 徒歩2～11分</li><li>都営三田線「新高島平」駅 徒歩4～22分</li>
tokyo,hachioji,館ヶ丘,51700,,,,JR中央線「高尾」駅,8.0,18.0,八王子市館町1097,1-12号棟,鉄筋コンクリート造,5,N,513号室,2DK,42,5,47200,4500,2か月,"['近居割', '近居割WIDE']",随時,https://www.ur-net.go.jp/chintai/kanto/tokyo/20_2600_room.html?JKSS=001120513,<li>JR中央線「高尾」駅バス7分 徒歩1～11分</li><li>京王高尾線「高尾」駅バス7分 徒歩1～11分</li><li>JR中央本線「高尾」駅 徒歩29～38分</li>
tokyo,hachioji,館ヶ丘,51700,,,,京王高尾線「高尾」駅,8.0,18.0,八王子市館町1097,1-12号棟,鉄筋コンクリート造,5,N,513号室,2DK,42,5,47200,4500,2か月,"['近居割', '近居割WIDE']",随時,https://www.ur-net.go.jp/chintai/kanto/tokyo/20_2600_room.html?JKSS=001120513,<li>JR中央線「高尾」駅バス7分 徒歩1～11分</li><li>京王高尾線「高尾」駅バス7分 徒歩1～11分</li><li>JR中央本線「高尾」駅 徒歩29～38分</li>
tokyo,hachioji,館ヶ丘,51700,JR中央本線「高尾」駅,29.0,38.0,,,,八王子市館町1097,1-12号棟,鉄筋コンクリート造,5,N,513号室,2DK,42,5,47200,4500,2か月,"['近居割', '近居割WIDE']",随時,https://www.ur-net.go.jp/chintai/kanto/tokyo/20_2600_room.html?JKSS=001120513,<li>JR中央線「高尾」駅バス7分 徒歩1～11分</li><li>京王高尾線「高尾」駅バス7分 徒歩1～11分</li><li>JR中央本線「高尾」駅 徒歩29～38分</li>
tokyo,hachioji,館ヶ丘,51700,,,,,,,八王子市館町1097,1-12号棟,鉄筋コンクリート造,5,N,513号室,2DK,42,5,47200,4500,2か月,"['近居割', '近居割WIDE']",随時,https://www.ur-net.go.jp/chintai/kanto/tokyo/20_2600_room.html?JKSS=001120513,<li>JR中央線「高尾」駅バス7分 徒歩1～11分</li><li>京王高尾線「高尾」駅バス7分 徒歩1～11分</li><li>JR中央本線「高尾」駅 徒歩29～38分</li>
tokyo,hachioji,館ヶ丘,51700,,,,JR中央線「高尾」駅,8.0,18.0,八王子市館町1097,1-14号棟,鉄筋コンクリート造,5,N,504号室,2DK,42,5,47200,4500,2か月,"['近居割', '近居割WIDE']",随時,https://www.ur-net.go.jp/chintai/kanto/tokyo/20_2600_room.html?JKSS=001140504,<li>JR中央線「高尾」駅バス7分 徒歩1～11分</li><li>京王高尾線「高尾」駅バス7分 徒歩1～11分</li><li>JR中央本線「高尾」駅 徒歩29～38分</li>
tokyo,hachioji,館ヶ丘,51700,,,,京王高尾線「高尾」駅,8.0,18.0,八王子市館町1097,1-14号棟,鉄筋コンクリート造,5,N,504号室,2DK,42,5,47200,4500,2か月,"['近居割', '近居割WIDE']",随時,https://www.ur-net.go.jp/chintai/kanto/tokyo/20_2600_room.html?JKSS=001140504,<li>JR中央線「高尾」駅バス7分 徒歩1～11分</li><li>京王高尾線「高尾」駅バス7分 徒歩1～11分</li><li>JR中央本線「高尾」駅 徒歩29～38分</li>
tokyo,hachioji,館ヶ丘,51700,JR中央本線「高尾」駅,29.0,38.0,,,,八王子市館町1097,1-14号棟,鉄筋コンクリート造,5,N,504号室,2DK,42,5,47200,4500,2か月,"['近居割', '近居割WIDE']",随時,https://www.ur-net.go.jp/chintai/kanto/tokyo/20_2600_room.html?JKSS=001140504,<li>JR中央線「高尾」駅バス7分 徒歩1～11分</li><li>京王高尾線「高尾」駅バス7分 徒歩1～11分</li><li>JR中央本線「高尾」駅 徒歩29～38分</li>
tokyo,hachioji,館ヶ丘,51700,,,,,,,八王子市館町1097,1-14号棟,鉄筋コンクリート造,5,N,504号室,2DK,42,5,47200,4500,2か月,"['近居割', '近居割WIDE']",随時,https://www.ur-net.go.jp/chintai/kanto/tokyo/20_2600_room.html?JKSS=001140504,<li>JR中央線「高尾」駅バス7分 徒歩1～11分</li><li>京王高尾線「高尾」駅バス7分 徒歩1～11分</li><li>JR中央本線「高尾」駅 徒歩29～38分</li>
tokyo,hachioji,館ヶ丘,55100,,,,JR中央線「高尾」駅,8.0,18.0,八王子市館町1097,1-15号棟,鉄筋コンクリート造,4,N,407号室,2DK,42,5,50600,4500,2か月,"['近居割', '近居割WIDE']",随時,https://www.ur-net.go.jp/chintai/kanto/tokyo/20_2600_room.html?JKSS=001150407,<li>JR中央線「高尾」駅バス7分 徒歩1～11分</li><li>京王高尾線「高尾」駅バス7分 徒歩1～11分</li><li>JR中央本線「高尾」駅 徒歩29～38分</li>
tokyo,hachioji,館ヶ丘,55100,,,,京王高尾線「高尾」駅,8.0,18.0,八王子市館町1097,1-15号棟,鉄筋コンクリート造,4,N,407号室,2DK,42,5,50600,4500,2か月,"['近居割', '近居割WIDE']",随時,https://www.ur-net.go.jp/chintai/kanto/tokyo/20_2600_room.html?JKSS=001150407,<li>JR中央線「高尾」駅バス7分 徒歩1～11分</li><li>京王高尾線「高尾」駅バス7分 徒歩1～11分</li><li>JR中央本線「高尾」駅 徒歩29～38分</li>
tokyo,hachioji,館ヶ丘,55100,JR中央本線「高尾」駅,29.0,38.0,,,,八王子市館町1097,1-15号棟,鉄筋コンクリート造,4,N,407号室,2DK,42,5,50600,4500,2か月,"['近居割', '近居割WIDE']",随時,https://www.ur-net.go.jp/chintai/kanto/tokyo/20_2600_room.html?JKSS=001150407,<li>JR中央線「高尾」駅バス7分 徒歩1～11分</li><li>京王高尾線「高尾」駅バス7分 徒歩1～11分</li><li>JR中央本線「高尾」駅 徒歩29～38分</li>
tokyo,hachioji,館ヶ丘,55100,,,,,,,八王子市館町1097,1-15号棟,鉄筋コンクリート造,4,N,407号室,2DK,42,5,50600,4500,2か月,"['近居割', '近居割WIDE']",随時,https://www.ur-net.go.jp/chintai/kanto/tokyo/20_2600_room.html?JKSS=001150407,<li>JR中央線「高尾」駅バス7分 徒歩1～11分</li><li>京王高尾線「高尾」駅バス7分 徒歩1～11分</li><li>JR中央本線「高尾」駅 徒歩29～38分</li>
tokyo,hachioji,館ヶ丘,60700,,,,JR中央線「高尾」駅,8.0,18.0,八王子市館町1097,3-2号棟,鉄筋コンクリート造,4,N,403号室,3K,48,5,56200,4500,2か月,"['近居割', '近居割WIDE']",随時,https://www.ur-net.go.jp/chintai/kanto/tokyo/20_2600_room.html?JKSS=003020403,<li>JR中央線「高尾」駅バス7分 徒歩1～11分</li><li>京王高尾線「高尾」駅バス7分 徒歩1～11分</li><li>JR中央本線「高尾」駅 徒歩29～38分</li>
tokyo,hachioji,館ヶ丘,60700,,,,京王高尾線「高尾」駅,8.0,18.0,八王子市館町1097,3-2号棟,鉄筋コンクリート造,4,N,403号室,3K,48,5,56200,4500,2か月,"['近居割', '近居割WIDE']",随時,https://www.ur-net.go.jp/chintai/kanto/tokyo/20_2600_room.html?JKSS=003020403,<li>JR中央線「高尾」駅バス7分 徒歩1～11分</li><li>京王高尾線「高尾」駅バス7分 徒歩1～11分</li><li>JR中央本線「高尾」駅 徒歩29～38分</li>
tokyo,hachioji,館ヶ丘,60700,JR中央本線「高尾」駅,29.0,38.0,,,,八王子市館町1097,3-2号棟,鉄筋コンクリート造,4,N,403号室,3K,48,5,56200,4500,2か月,"['近居割', '近居割WIDE']",随時,https://www.ur-net.go.jp/chintai/kanto/tokyo/20_2600_room.html?JKSS=003020403,<li>JR中央線「高尾」駅バス7分 徒歩1～11分</li><li>京王高尾線「高尾」駅バス7分 徒歩1～11分</li><li>JR中央本線「高尾」駅 徒歩29～38分</li>
tokyo,hachioji,館ヶ丘,60700,,,,,,,八王子市館町1097,3-2号棟,鉄筋コンクリート造,4,N,403号室,3K,48,5,56200,4500,2か月,"['近居割', '近居割WIDE']",随時,https://www.ur-net.go.jp/chintai/kanto/tokyo/20_2600_room.html?JKSS=003020403,<li>JR中央線「高尾」駅バス7分 徒歩1～11分</li><li>京王高尾線「高尾」駅バス7分 徒歩1～11分</li><li>JR中央本線「高尾」駅 徒歩29～38分</li>
tokyo,hachioji,館ヶ丘,60700,,,,JR中央線「高尾」駅,8.0,18.0,八王子市館町1097,3-3号棟,鉄筋コンクリート造,4,N,407号室,3K,48,5,56200,4500,2か月,"['近居割', '近居割WIDE']",随時,https://www.ur-net.go.jp/chintai/kanto/tokyo/20_2600_room.html?JKSS=003030407,<li>JR中央線「高尾」駅バス7分 徒歩1～11分</li><li>京王高尾線「高尾」駅バス7分 徒歩1～11分</li><li>JR中央本線「高尾」駅 徒歩29～38分</li>
tokyo,hachioji,館ヶ丘,60700,,,,京王高尾線「高尾」駅,8.0,18.0,八王子市館町1097,3-3号棟,鉄筋コンクリート造,4,N,407号室,3K,48,5,56200,4500,2か月,"['近居割', '近居割WIDE']",随時,https://www.ur-net.go.jp/chintai/kanto/tokyo/20_2600_room.html?JKSS=003030407,<li>JR中央線「高尾」駅バス7分 徒歩1～11分</li><li>京王高尾線「高尾」駅バス7分 徒歩1～11分</li><li>JR中央本線「高尾」駅 徒歩29～38分</li>
tokyo,hachioji,館ヶ丘,60700,JR中央本線「高尾」駅,29.0,38.0,,,,八王子市館町1097,3-3号棟,鉄筋コンクリート造,4,N,407号室,3K,48,5,56200,4500,2か月,"['近居割', '近居割WIDE']",随時,https://www.ur-net.go.jp/chintai/kanto/tokyo/20_2600_room.html?JKSS=003030407,<li>JR中央線「高尾」駅バス7分 徒歩1～11分</li><li>京王高尾線「高尾」駅バス7分 徒歩1～11分</li><li>JR中央本線「高尾」駅 徒歩29～38分</li>
tokyo,hachioji,館ヶ丘,60700,,,,,,,八王子市館町1097,3-3号棟,鉄筋コンクリート造,4,N,407号室,3K,48,5,56200,4500,2か月,"['近居割', '近居割WIDE']",随時,https://www.ur-net.go.jp/chintai/kanto/tokyo/20_2600_room.html?JKSS=003030407,<li>JR中央線「高尾」駅バス7分 徒歩1～11分</li><li>京王高尾線「高尾」駅バス7分 徒歩1～11分</li><li>JR中央本線「高尾」駅 徒歩29～38分</li>
tokyo,hachioji,南原台,71000,,,,JR中央線「豊田」駅,10.0,14.0,八王子市大和田町1-2ほか,9号棟,鉄筋コンクリート造,4,N,404号室,3DK,61,4,66000,5000,2か月,['近居割'],随時,https://www.ur-net.go.jp/chintai/kanto/tokyo/20_2990_room.html?JKSS=000090404,<li>JR中央線「豊田」駅バス7分 徒歩3～7分</li><li>JR中央線「八王子」駅バス9分 徒歩3～7分</li><li>JR八高線「北八王子」駅 徒歩9～12分</li>
tokyo,hachioji,南原台,71000,,,,JR中央線「八王子」駅,12.0,16.0,八王子市大和田町1-2ほか,9号棟,鉄筋コンクリート造,4,N,404号室,3DK,61,4,66000,5000,2か月,['近居割'],随時,https://www.ur-net.go.jp/chintai/kanto/tokyo/20_2990_room.html?JKSS=000090404,<li>JR中央線「豊田」駅バス7分 徒歩3～7分</li><li>JR中央線「八王子」駅バス9分 徒歩3～7分</li><li>JR八高線「北八王子」駅 徒歩9～12分</li>
tokyo,hachioji,南原台,71000,JR八高線「北八王子」駅,9.0,12.0,,,,八王子市大和田町1-2ほか,9号棟,鉄筋コンクリート造,4,N,404号室,3DK,61,4,66000,5000,2か月,['近居割'],随時,https://www.ur-net.go.jp/chintai/kanto/tokyo/20_2990_room.html?JKSS=000090404,<li>JR中央線「豊田」駅バス7分 徒歩3～7分</li><li>JR中央線「八王子」駅バス9分 徒歩3～7分</li><li>JR八高線「北八王子」駅 徒歩9～12分</li>
tokyo,hachioji,南原台,71000,,,,,,,八王子市大和田町1-2ほか,9号棟,鉄筋コンクリート造,4,N,404号室,3DK,61,4,66000,5000,2か月,['近居割'],随時,https://www.ur-net.go.jp/chintai/kanto/tokyo/20_2990_room.html?JKSS=000090404,<li>JR中央線「豊田」駅バス7分 徒歩3～7分</li><li>JR中央線「八王子」駅バス9分 徒歩3～7分</li><li>JR八高線「北八王子」駅 徒歩9～12分</li>
tokyo,hachioji,八王子パークヒル 宇津木台,96300,JR八高線「小宮」駅,11.0,16.0,,,,八王子市久保山町2ほか,3号棟,鉄筋コンクリート造,5,N,506号室,3LDK,75,5,92600,3700,2か月,['近居割'],随時,https://www.ur-net.go.jp/chintai/kanto/tokyo/20_4080_room.html?JKSS=002030506,<li>JR八高線「小宮」駅 徒歩11～16分</li><li>JR中央線「日野」駅バス13分 徒歩3～5分</li><li>JR中央線「八王子」・京王線「京王八王子」駅バス22～24分 徒歩3～5分</li>
tokyo,hachioji,八王子パークヒル 宇津木台,96300,,,,JR中央線「日野」駅,16.0,18.0,八王子市久保山町2ほか,3号棟,鉄筋コンクリート造,5,N,506号室,3LDK,75,5,92600,3700,2か月,['近居割'],随時,https://www.ur-net.go.jp/chintai/kanto/tokyo/20_4080_room.html?JKSS=002030506,<li>JR八高線「小宮」駅 徒歩11～16分</li><li>JR中央線「日野」駅バス13分 徒歩3～5分</li><li>JR中央線「八王子」・京王線「京王八王子」駅バス22～24分 徒歩3～5分</li>
tokyo,hachioji,八王子パークヒル 宇津木台,96300,,,,JR中央線「八王子」・京王線「京王八王子」駅,25.0,29.0,八王子市久保山町2ほか,3号棟,鉄筋コンクリート造,5,N,506号室,3LDK,75,5,92600,3700,2か月,['近居割'],随時,https://www.ur-net.go.jp/chintai/kanto/tokyo/20_4080_room.html?JKSS=002030506,<li>JR八高線「小宮」駅 徒歩11～16分</li><li>JR中央線「日野」駅バス13分 徒歩3～5分</li><li>JR中央線「八王子」・京王線「京王八王子」駅バス22～24分 徒歩3～5分</li>
tokyo,hachioji,八王子パークヒル 宇津木台,96300,,,,,,,八王子市久保山町2ほか,3号棟,鉄筋コンクリート造,5,N,506号室,3LDK,75,5,92600,3700,2か月,['近居割'],随時,https://www.ur-net.go.jp/chintai/kanto/tokyo/20_4080_room.html?JKSS=002030506,<li>JR八高線「小宮」駅 徒歩11～16分</li><li>JR中央線「日野」駅バス13分 徒歩3～5分</li><li>JR中央線「八王子」・京王線「京王八王子」駅バス22～24分 徒歩3～5分</li>
tokyo,minamiosawa,多摩ニュータウン ライブ長池 蓮生寺公園通り二番街,102600,京王相模原線「京王堀之内」駅,10.0,12.0,,,,八王子市別所1-31,1号棟,鉄筋コンクリート造,5,N,502号室,1LDK,51,5,97300,5300,2か月,"['近居割', '近居割WIDE']",随時,https://www.ur-net.go.jp/chintai/kanto/tokyo/20_5080_room.html?JKSS=000010502,<li>京王相模原線「京王堀之内」駅 徒歩10～12分</li><li>小田急多摩線「唐木田」駅バス4分 徒歩18～19分</li><li>京王相模原線「南大沢」駅バス11分 徒歩2～3分</li>
tokyo,minamiosawa,多摩ニュータウン ライブ長池 蓮生寺公園通り二番街,102600,,,,小田急多摩線「唐木田」駅,22.0,23.0,八王子市別所1-31,1号棟,鉄筋コンクリート造,5,N,502号室,1LDK,51,5,97300,5300,2か月,"['近居割', '近居割WIDE']",随時,https://www.ur-net.go.jp/chintai/kanto/tokyo/20_5080_room.html?JKSS=000010502,<li>京王相模原線「京王堀之内」駅 徒歩10～12分</li><li>小田急多摩線「唐木田」駅バス4分 徒歩18～19分</li><li>京王相模原線「南大沢」駅バス11分 徒歩2～3分</li>
tokyo,minamiosawa,多摩ニュータウン ライブ長池 蓮生寺公園通り二番街,102600,,,,京王相模原線「南大沢」駅,13.0,14.0,八王子市別所1-31,1号棟,鉄筋コンクリート造,5,N,502号室,1LDK,51,5,97300,5300,2か月,"['近居割', '近居割WIDE']",随時,https://www.ur-net.go.jp/chintai/kanto/tokyo/20_5080_room.html?JKSS=000010502,<li>京王相模原線「京王堀之内」駅 徒歩10～12分</li><li>小田急多摩線「唐木田」駅バス4分 徒歩18～19分</li><li>京王相模原線「南大沢」駅バス11分 徒歩2～3分</li>
tokyo,minamiosawa,多摩ニュータウン ライブ長池 蓮生寺公園通り二番街,102600,,,,,,,八王子市別所1-31,1号棟,鉄筋コンクリート造,5,N,502号室,1LDK,51,5,97300,5300,2か月,"['近居割', '近居割WIDE']",随時,https://www.ur-net.go.jp/chintai/kanto/tokyo/20_5080_room.html?JKSS=000010502,<li>京王相模原線「京王堀之内」駅 徒歩10～12分</li><li>小田急多摩線「唐木田」駅バス4分 徒歩18～19分</li><li>京王相模原線「南大沢」駅バス11分 徒歩2～3分</li>
tokyo,minamiosawa,多摩ニュータウン ライブ長池 蓮生寺公園通り二番街,120500,京王相模原線「京王堀之内」駅,10.0,12.0,,,,八王子市別所1-31,3号棟,鉄筋コンクリート造,4,N,401号室,3LDK,75,5,115200,5300,2か月,"['近居割', '近居割WIDE']",随時,https://www.ur-net.go.jp/chintai/kanto/tokyo/20_5080_room.html?JKSS=000030401,<li>京王相模原線「京王堀之内」駅 徒歩10～12分</li><li>小田急多摩線「唐木田」駅バス4分 徒歩18～19分</li><li>京王相模原線「南大沢」駅バス11分 徒歩2～3分</li>
tokyo,minamiosawa,多摩ニュータウン ライブ長池 蓮生寺公園通り二番街,120500,,,,小田急多摩線「唐木田」駅,22.0,23.0,八王子市別所1-31,3号棟,鉄筋コンクリート造,4,N,401号室,3LDK,75,5,115200,5300,2か月,"['近居割', '近居割WIDE']",随時,https://www.ur-net.go.jp/chintai/kanto/tokyo/20_5080_room.html?JKSS=000030401,<li>京王相模原線「京王堀之内」駅 徒歩10～12分</li><li>小田急多摩線「唐木田」駅バス4分 徒歩18～19分</li><li>京王相模原線「南大沢」駅バス11分 徒歩2～3分</li>
tokyo,minamiosawa,多摩ニュータウン ライブ長池 蓮生寺公園通り二番街,120500,,,,京王相模原線「南大沢」駅,13.0,14.0,八王子市別所1-31,3号棟,鉄筋コンクリート造,4,N,401号室,3LDK,75,5,115200,5300,2か月,"['近居割', '近居割WIDE']",随時,https://www.ur-net.go.jp/chintai/kanto/tokyo/20_5080_room.html?JKSS=000030401,<li>京王相模原線「京王堀之内」駅 徒歩10～12分</li><li>小田急多摩線「唐木田」駅バス4分 徒歩18～19分</li><li>京王相模原線「南大沢」駅バス11分 徒歩2～3分</li>
tokyo,minamiosawa,多摩ニュータウン ライブ長池 蓮生寺公園通り二番街,120500,,,,,,,八王子市別所1-31,3号棟,鉄筋コンクリート造,4,N,401号室,3LDK,75,5,115200,5300,2か月,"['近居割', '近居割WIDE']",随時,https://www.ur-net.go.jp/chintai/kanto/tokyo/20_5080_room.html?JKSS=000030401,<li>京王相模原線「京王堀之内」駅 徒歩10～12分</li><li>小田急多摩線「唐木田」駅バス4分 徒歩18～19分</li><li>京王相模原線「南大沢」駅バス11分 徒歩2～3分</li>
tokyo,minamiosawa,多摩ニュータウン ライブ長池 長池公園せせらぎ通り北,114600,京王相模原線「京王堀之内」駅,15.0,18.0,京王相模原線「京王堀之内」駅,12.0,13.0,八王子市別所2-42,3号棟,鉄筋コンクリート造,2,N,204号室,3LDK,79,5,110400,4200,2か月,"['近居割', '近居割WIDE']",随時,https://www.ur-net.go.jp/chintai/kanto/tokyo/20_5060_room.html?JKSS=000030204,<li>京王相模原線「京王堀之内」駅 徒歩15～18分</li><li>京王相模原線「京王堀之内」駅バス8分 徒歩4～5分</li><li>小田急多摩線「唐木田」駅 徒歩22～23分</li>
tokyo,minamiosawa,多摩ニュータウン ライブ長池 長池公園せせらぎ通り北,114600,小田急多摩線「唐木田」駅,22.0,23.0,,,,八王子市別所2-42,3号棟,鉄筋コンクリート造,2,N,204号室,3LDK,79,5,110400,4200,2か月,"['近居割', '近居割WIDE']",随時,https://www.ur-net.go.jp/chintai/kanto/tokyo/20_5060_room.html?JKSS=000030204,<li>京王相模原線「京王堀之内」駅 徒歩15～18分</li><li>京王相模原線「京王堀之内」駅バス8分 徒歩4～5分</li><li>小田急多摩線「唐木田」駅 徒歩22～23分</li>
tokyo,minamiosawa,多摩ニュータウン ライブ長池 長池公園せせらぎ通り北,114600,,,,,,,八王子市別所2-42,3号棟,鉄筋コンクリート造,2,N,204号室,3LDK,79,5,110400,4200,2か月,"['近居割', '近居割WIDE']",随時,https://www.ur-net.go.jp/chintai/kanto/tokyo/20_5060_room.html?JKSS=000030204,<li>京王相模原線「京王堀之内」駅 徒歩15～18分</li><li>京王相模原線「京王堀之内」駅バス8分 徒歩4～5分</li><li>小田急多摩線「唐木田」駅 徒歩22～23分</li>
tokyo,minamiosawa,多摩ニュータウン シティハイツ南大沢,162100,京王相模原線「南大沢」駅,7.0,9.0,,,,八王子市南大沢4-10,10号棟,鉄筋コンクリート造,6,N,608号室,3LDK,97,10,157200,4900,2か月,"['近居割', '近居割WIDE']",随時,https://www.ur-net.go.jp/chintai/kanto/tokyo/20_3770_room.html?JKSS=000100608,<li>京王相模原線「南大沢」駅 徒歩7～9分</li><li>京王相模原線「多摩境」駅 徒歩24～26分</li><li>京王相模原線「京王堀之内」駅 徒歩40～42分</li>
tokyo,minamiosawa,多摩ニュータウン シティハイツ南大沢,162100,京王相模原線「多摩境」駅,24.0,26.0,,,,八王子市南大沢4-10,10号棟,鉄筋コンクリート造,6,N,608号室,3LDK,97,10,157200,4900,2か月,"['近居割', '近居割WIDE']",随時,https://www.ur-net.go.jp/chintai/kanto/tokyo/20_3770_room.html?JKSS=000100608,<li>京王相模原線「南大沢」駅 徒歩7～9分</li><li>京王相模原線「多摩境」駅 徒歩24～26分</li><li>京王相模原線「京王堀之内」駅 徒歩40～42分</li>
tokyo,minamiosawa,多摩ニュータウン シティハイツ南大沢,162100,京王相模原線「京王堀之内」駅,40.0,42.0,,,,八王子市南大沢4-10,10号棟,鉄筋コンクリート造,6,N,608号室,3LDK,97,10,157200,4900,2か月,"['近居割', '近居割WIDE']",随時,https://www.ur-net.go.jp/chintai/kanto/tokyo/20_3770_room.html?JKSS=000100608,<li>京王相模原線「南大沢」駅 徒歩7～9分</li><li>京王相模原線「多摩境」駅 徒歩24～26分</li><li>京王相模原線「京王堀之内」駅 徒歩40～42分</li>
tokyo,minamiosawa,多摩ニュータウン シティハイツ南大沢,162100,,,,,,,八王子市南大沢4-10,10号棟,鉄筋コンクリート造,6,N,608号室,3LDK,97,10,157200,4900,2か月,"['近居割', '近居割WIDE']",随時,https://www.ur-net.go.jp/chintai/kanto/tokyo/20_3770_room.html?JKSS=000100608,<li>京王相模原線「南大沢」駅 徒歩7～9分</li><li>京王相模原線「多摩境」駅 徒歩24～26分</li><li>京王相模原線「京王堀之内」駅 徒歩40～42分</li>
tokyo,minamiosawa,多摩ニュータウン シティハイツ南大沢,181700,京王相模原線「南大沢」駅,7.0,9.0,,,,八王子市南大沢4-10,10号棟,鉄筋コンクリート造,9,N,902号室,3LDK,99,10,176800,4900,2か月,"['近居割', '近居割WIDE']",随時,https://www.ur-net.go.jp/chintai/kanto/tokyo/20_3770_room.html?JKSS=000100902,<li>京王相模原線「南大沢」駅 徒歩7～9分</li><li>京王相模原線「多摩境」駅 徒歩24～26分</li><li>京王相模原線「京王堀之内」駅 徒歩40～42分</li>
tokyo,minamiosawa,多摩ニュータウン シティハイツ南大沢,181700,京王相模原線「多摩境」駅,24.0,26.0,,,,八王子市南大沢4-10,10号棟,鉄筋コンクリート造,9,N,902号室,3LDK,99,10,176800,4900,2か月,"['近居割', '近居割WIDE']",随時,https://www.ur-net.go.jp/chintai/kanto/tokyo/20_3770_room.html?JKSS=000100902,<li>京王相模原線「南大沢」駅 徒歩7～9分</li><li>京王相模原線「多摩境」駅 徒歩24～26分</li><li>京王相模原線「京王堀之内」駅 徒歩40～42分</li>
tokyo,minamiosawa,多摩ニュータウン シティハイツ南大沢,181700,京王相模原線「京王堀之内」駅,40.0,42.0,,,,八王子市南大沢4-10,10号棟,鉄筋コンクリート造,9,N,902号室,3LDK,99,10,176800,4900,2か月,"['近居割', '近居割WIDE']",随時,https://www.ur-net.go.jp/chintai/kanto/tokyo/20_3770_room.html?JKSS=000100902,<li>京王相模原線「南大沢」駅 徒歩7～9分</li><li>京王相模原線「多摩境」駅 徒歩24～26分</li><li>京王相模原線「京王堀之内」駅 徒歩40～42分</li>
tokyo,minamiosawa,多摩ニュータウン シティハイツ南大沢,181700,,,,,,,八王子市南大沢4-10,10号棟,鉄筋コンクリート造,9,N,902号室,3LDK,99,10,176800,4900,2か月,"['近居割', '近居割WIDE']",随時,https://www.ur-net.go.jp/chintai/kanto/tokyo/20_3770_room.html?JKSS=000100902,<li>京王相模原線「南大沢」駅 徒歩7～9分</li><li>京王相模原線「多摩境」駅 徒歩24～26分</li><li>京王相模原線「京王堀之内」駅 徒歩40～42分</li>
tokyo,chofu,ココスクエア国領,194200,京王線「国領」駅,1.0,1.0,,,,調布市国領町3-1-38,,鉄骨鉄筋コンクリート造,11,N,1105号室,2LDK,64,16,185700,8500,2か月,['近居割'],随時,https://www.ur-net.go.jp/chintai/kanto/tokyo/20_6300_room.html?JKSS=000001105,<li>京王線「国領」駅 徒歩1分</li>
tokyo,chofu,ココスクエア国領,194200,,,,,,,調布市国領町3-1-38,,鉄骨鉄筋コンクリート造,11,N,1105号室,2LDK,64,16,185700,8500,2か月,['近居割'],随時,https://www.ur-net.go.jp/chintai/kanto/tokyo/20_6300_room.html?JKSS=000001105,<li>京王線「国領」駅 徒歩1分</li>
tokyo,machidayamasaki,鶴川,61700,,,,小田急小田原線「鶴川」駅,6.0,16.0,町田市鶴川5ほか,2-5号棟,鉄筋コンクリート造,5,N,504号室,3K,45,5,58000,3700,2か月,['近居割WIDE'],随時,https://www.ur-net.go.jp/chintai/kanto/tokyo/20_1630_room.html?JKSS=000205504,<li>小田急小田原線「鶴川」駅バス5分 徒歩1～11分</li><li>小田急多摩線「黒川」駅バス13分 徒歩1～11分</li><li>京王相模原線「京王多摩センター」駅バス24分 徒歩7～14分</li>
tokyo,machidayamasaki,鶴川,61700,,,,小田急多摩線「黒川」駅,14.0,24.0,町田市鶴川5ほか,2-5号棟,鉄筋コンクリート造,5,N,504号室,3K,45,5,58000,3700,2か月,['近居割WIDE'],随時,https://www.ur-net.go.jp/chintai/kanto/tokyo/20_1630_room.html?JKSS=000205504,<li>小田急小田原線「鶴川」駅バス5分 徒歩1～11分</li><li>小田急多摩線「黒川」駅バス13分 徒歩1～11分</li><li>京王相模原線「京王多摩センター」駅バス24分 徒歩7～14分</li>
tokyo,machidayamasaki,鶴川,61700,,,,京王相模原線「京王多摩センター」駅,31.0,38.0,町田市鶴川5ほか,2-5号棟,鉄筋コンクリート造,5,N,504号室,3K,45,5,58000,3700,2か月,['近居割WIDE'],随時,https://www.ur-net.go.jp/chintai/kanto/tokyo/20_1630_room.html?JKSS=000205504,<li>小田急小田原線「鶴川」駅バス5分 徒歩1～11分</li><li>小田急多摩線「黒川」駅バス13分 徒歩1～11分</li><li>京王相模原線「京王多摩センター」駅バス24分 徒歩7～14分</li>
tokyo,machidayamasaki,鶴川,61700,,,,,,,町田市鶴川5ほか,2-5号棟,鉄筋コンクリート造,5,N,504号室,3K,45,5,58000,3700,2か月,['近居割WIDE'],随時,https://www.ur-net.go.jp/chintai/kanto/tokyo/20_1630_room.html?JKSS=000205504,<li>小田急小田原線「鶴川」駅バス5分 徒歩1～11分</li><li>小田急多摩線「黒川」駅バス13分 徒歩1～11分</li><li>京王相模原線「京王多摩センター」駅バス24分 徒歩7～14分</li>
tokyo,machidayamasaki,鶴川,61700,,,,小田急小田原線「鶴川」駅,6.0,16.0,町田市鶴川5ほか,4-6号棟,鉄筋コンクリート造,5,N,507号室,3K,45,5,58000,3700,2か月,['近居割WIDE'],随時,https://www.ur-net.go.jp/chintai/kanto/tokyo/20_1630_room.html?JKSS=000406507,<li>小田急小田原線「鶴川」駅バス5分 徒歩1～11分</li><li>小田急多摩線「黒川」駅バス13分 徒歩1～11分</li><li>京王相模原線「京王多摩センター」駅バス24分 徒歩7～14分</li>
tokyo,machidayamasaki,鶴川,61700,,,,小田急多摩線「黒川」駅,14.0,24.0,町田市鶴川5ほか,4-6号棟,鉄筋コンクリート造,5,N,507号室,3K,45,5,58000,3700,2か月,['近居割WIDE'],随時,https://www.ur-net.go.jp/chintai/kanto/tokyo/20_1630_room.html?JKSS=000406507,<li>小田急小田原線「鶴川」駅バス5分 徒歩1～11分</li><li>小田急多摩線「黒川」駅バス13分 徒歩1～11分</li><li>京王相模原線「京王多摩センター」駅バス24分 徒歩7～14分</li>
tokyo,machidayamasaki,鶴川,61700,,,,京王相模原線「京王多摩センター」駅,31.0,38.0,町田市鶴川5ほか,4-6号棟,鉄筋コンクリート造,5,N,507号室,3K,45,5,58000,3700,2か月,['近居割WIDE'],随時,https://www.ur-net.go.jp/chintai/kanto/tokyo/20_1630_room.html?JKSS=000406507,<li>小田急小田原線「鶴川」駅バス5分 徒歩1～11分</li><li>小田急多摩線「黒川」駅バス13分 徒歩1～11分</li><li>京王相模原線「京王多摩センター」駅バス24分 徒歩7～14分</li>
tokyo,machidayamasaki,鶴川,61700,,,,,,,町田市鶴川5ほか,4-6号棟,鉄筋コンクリート造,5,N,507号室,3K,45,5,58000,3700,2か月,['近居割WIDE'],随時,https://www.ur-net.go.jp/chintai/kanto/tokyo/20_1630_room.html?JKSS=000406507,<li>小田急小田原線「鶴川」駅バス5分 徒歩1～11分</li><li>小田急多摩線「黒川」駅バス13分 徒歩1～11分</li><li>京王相模原線「京王多摩センター」駅バス24分 徒歩7～14分</li>
tokyo,machidayamasaki,鶴川,61700,,,,小田急小田原線「鶴川」駅,6.0,16.0,町田市鶴川5ほか,4-6号棟,鉄筋コンクリート造,5,N,508号室,3K,45,5,58000,3700,2か月,['URライト（4年定借）'],随時,https://www.ur-net.go.jp/chintai/kanto/tokyo/20_1630_room.html?JKSS=000406508,<li>小田急小田原線「鶴川」駅バス5分 徒歩1～11分</li><li>小田急多摩線「黒川」駅バス13分 徒歩1～11分</li><li>京王相模原線「京王多摩センター」駅バス24分 徒歩7～14分</li>
tokyo,machidayamasaki,鶴川,61700,,,,小田急多摩線「黒川」駅,14.0,24.0,町田市鶴川5ほか,4-6号棟,鉄筋コンクリート造,5,N,508号室,3K,45,5,58000,3700,2か月,['URライト（4年定借）'],随時,https://www.ur-net.go.jp/chintai/kanto/tokyo/20_1630_room.html?JKSS=000406508,<li>小田急小田原線「鶴川」駅バス5分 徒歩1～11分</li><li>小田急多摩線「黒川」駅バス13分 徒歩1～11分</li><li>京王相模原線「京王多摩センター」駅バス24分 徒歩7～14分</li>
tokyo,machidayamasaki,鶴川,61700,,,,京王相模原線「京王多摩センター」駅,31.0,38.0,町田市鶴川5ほか,4-6号棟,鉄筋コンクリート造,5,N,508号室,3K,45,5,58000,3700,2か月,['URライト（4年定借）'],随時,https://www.ur-net.go.jp/chintai/kanto/tokyo/20_1630_room.html?JKSS=000406508,<li>小田急小田原線「鶴川」駅バス5分 徒歩1～11分</li><li>小田急多摩線「黒川」駅バス13分 徒歩1～11分</li><li>京王相模原線「京王多摩センター」駅バス24分 徒歩7～14分</li>
tokyo,machidayamasaki,鶴川,61700,,,,,,,町田市鶴川5ほか,4-6号棟,鉄筋コンクリート造,5,N,508号室,3K,45,5,58000,3700,2か月,['URライト（4年定借）'],随時,https://www.ur-net.go.jp/chintai/kanto/tokyo/20_1630_room.html?JKSS=000406508,<li>小田急小田原線「鶴川」駅バス5分 徒歩1～11分</li><li>小田急多摩線「黒川」駅バス13分 徒歩1～11分</li><li>京王相模原線「京王多摩センター」駅バス24分 徒歩7～14分</li>
tokyo,machidayamasaki,鶴川,64300,,,,小田急小田原線「鶴川」駅,6.0,16.0,町田市鶴川5ほか,2-3号棟,鉄筋コンクリート造,4,N,402号室,3K,45,5,60600,3700,2か月,['URライト（4年定借）'],随時,https://www.ur-net.go.jp/chintai/kanto/tokyo/20_1630_room.html?JKSS=000203402,<li>小田急小田原線「鶴川」駅バス5分 徒歩1～11分</li><li>小田急多摩線「黒川」駅バス13分 徒歩1～11分</li><li>京王相模原線「京王多摩センター」駅バス24分 徒歩7～14分</li>
tokyo,machidayamasaki,鶴川,64300,,,,小田急多摩線「黒川」駅,14.0,24.0,町田市鶴川5ほか,2-3号棟,鉄筋コンクリート造,4,N,402号室,3K,45,5,60600,3700,2か月,['URライト（4年定借）'],随時,https://www.ur-net.go.jp/chintai/kanto/tokyo/20_1630_room.html?JKSS=000203402,<li>小田急小田原線「鶴川」駅バス5分 徒歩1～11分</li><li>小田急多摩線「黒川」駅バス13分 徒歩1～11分</li><li>京王相模原線「京王多摩センター」駅バス24分 徒歩7～14分</li>
tokyo,machidayamasaki,鶴川,64300,,,,京王相模原線「京王多摩センター」駅,31.0,38.0,町田市鶴川5ほか,2-3号棟,鉄筋コンクリート造,4,N,402号室,3K,45,5,60600,3700,2か月,['URライト（4年定借）'],随時,https://www.ur-net.go.jp/chintai/kanto/tokyo/20_1630_room.html?JKSS=000203402,<li>小田急小田原線「鶴川」駅バス5分 徒歩1～11分</li><li>小田急多摩線「黒川」駅バス13分 徒歩1～11分</li><li>京王相模原線「京王多摩センター」駅バス24分 徒歩7～14分</li>
tokyo,machidayamasaki,鶴川,64300,,,,,,,町田市鶴川5ほか,2-3号棟,鉄筋コンクリート造,4,N,402号室,3K,45,5,60600,3700,2か月,['URライト（4年定借）'],随時,https://www.ur-net.go.jp/chintai/kanto/tokyo/20_1630_room.html?JKSS=000203402,<li>小田急小田原線「鶴川」駅バス5分 徒歩1～11分</li><li>小田急多摩線「黒川」駅バス13分 徒歩1～11分</li><li>京王相模原線「京王多摩センター」駅バス24分 徒歩7～14分</li>
tokyo,machidayamasaki,鶴川,67600,,,,小田急小田原線「鶴川」駅,6.0,16.0,町田市鶴川5ほか,1-1号棟,鉄筋コンクリート造,5,N,507号室,3DK,50,5,63900,3700,2か月,['URライト（4年定借）'],随時,https://www.ur-net.go.jp/chintai/kanto/tokyo/20_1630_room.html?JKSS=000101507,<li>小田急小田原線「鶴川」駅バス5分 徒歩1～11分</li><li>小田急多摩線「黒川」駅バス13分 徒歩1～11分</li><li>京王相模原線「京王多摩センター」駅バス24分 徒歩7～14分</li>
tokyo,machidayamasaki,鶴川,67600,,,,小田急多摩線「黒川」駅,14.0,24.0,町田市鶴川5ほか,1-1号棟,鉄筋コンクリート造,5,N,507号室,3DK,50,5,63900,3700,2か月,['URライト（4年定借）'],随時,https://www.ur-net.go.jp/chintai/kanto/tokyo/20_1630_room.html?JKSS=000101507,<li>小田急小田原線「鶴川」駅バス5分 徒歩1～11分</li><li>小田急多摩線「黒川」駅バス13分 徒歩1～11分</li><li>京王相模原線「京王多摩センター」駅バス24分 徒歩7～14分</li>
tokyo,machidayamasaki,鶴川,67600,,,,京王相模原線「京王多摩センター」駅,31.0,38.0,町田市鶴川5ほか,1-1号棟,鉄筋コンクリート造,5,N,507号室,3DK,50,5,63900,3700,2か月,['URライト（4年定借）'],随時,https://www.ur-net.go.jp/chintai/kanto/tokyo/20_1630_room.html?JKSS=000101507,<li>小田急小田原線「鶴川」駅バス5分 徒歩1～11分</li><li>小田急多摩線「黒川」駅バス13分 徒歩1～11分</li><li>京王相模原線「京王多摩センター」駅バス24分 徒歩7～14分</li>
tokyo,machidayamasaki,鶴川,67600,,,,,,,町田市鶴川5ほか,1-1号棟,鉄筋コンクリート造,5,N,507号室,3DK,50,5,63900,3700,2か月,['URライト（4年定借）'],随時,https://www.ur-net.go.jp/chintai/kanto/tokyo/20_1630_room.html?JKSS=000101507,<li>小田急小田原線「鶴川」駅バス5分 徒歩1～11分</li><li>小田急多摩線「黒川」駅バス13分 徒歩1～11分</li><li>京王相模原線「京王多摩センター」駅バス24分 徒歩7～14分</li>
tokyo,machidayamasaki,藤の台,62600,,,,JR横浜線「町田」駅,20.0,27.0,町田市藤の台1-1ほか,3-13号棟,鉄筋コンクリート造,5,N,507号室,3DK,56,5,59600,3000,2か月,"['近居割', '近居割WIDE']",随時,https://www.ur-net.go.jp/chintai/kanto/tokyo/20_1930_room.html?JKSS=003013507,<li>JR横浜線「町田」駅バス18分 徒歩2～9分</li><li>JR横浜線「古淵」駅バス16分 徒歩2～9分</li><li>小田急小田原線「鶴川」駅バス18分 徒歩2～9分</li>
tokyo,machidayamasaki,藤の台,62600,,,,JR横浜線「古淵」駅,18.0,25.0,町田市藤の台1-1ほか,3-13号棟,鉄筋コンクリート造,5,N,507号室,3DK,56,5,59600,3000,2か月,"['近居割', '近居割WIDE']",随時,https://www.ur-net.go.jp/chintai/kanto/tokyo/20_1930_room.html?JKSS=003013507,<li>JR横浜線「町田」駅バス18分 徒歩2～9分</li><li>JR横浜線「古淵」駅バス16分 徒歩2～9分</li><li>小田急小田原線「鶴川」駅バス18分 徒歩2～9分</li>
tokyo,machidayamasaki,藤の台,62600,,,,小田急小田原線「鶴川」駅,20.0,27.0,町田市藤の台1-1ほか,3-13号棟,鉄筋コンクリート造,5,N,507号室,3DK,56,5,59600,3000,2か月,"['近居割', '近居割WIDE']",随時,https://www.ur-net.go.jp/chintai/kanto/tokyo/20_1930_room.html?JKSS=003013507,<li>JR横浜線「町田」駅バス18分 徒歩2～9分</li><li>JR横浜線「古淵」駅バス16分 徒歩2～9分</li><li>小田急小田原線「鶴川」駅バス18分 徒歩2～9分</li>
tokyo,machidayamasaki,藤の台,62600,,,,,,,町田市藤の台1-1ほか,3-13号棟,鉄筋コンクリート造,5,N,507号室,3DK,56,5,59600,3000,2か月,"['近居割', '近居割WIDE']",随時,https://www.ur-net.go.jp/chintai/kanto/tokyo/20_1930_room.html?JKSS=003013507,<li>JR横浜線「町田」駅バス18分 徒歩2～9分</li><li>JR横浜線「古淵」駅バス16分 徒歩2～9分</li><li>小田急小田原線「鶴川」駅バス18分 徒歩2～9分</li>
tokyo,machidayamasaki,藤の台,65200,,,,JR横浜線「町田」駅,20.0,27.0,町田市藤の台1-1ほか,3-12号棟,鉄筋コンクリート造,4,N,401号室,3DK,56,5,62200,3000,2か月,"['近居割', '近居割WIDE']",随時,https://www.ur-net.go.jp/chintai/kanto/tokyo/20_1930_room.html?JKSS=003012401,<li>JR横浜線「町田」駅バス18分 徒歩2～9分</li><li>JR横浜線「古淵」駅バス16分 徒歩2～9分</li><li>小田急小田原線「鶴川」駅バス18分 徒歩2～9分</li>
tokyo,machidayamasaki,藤の台,65200,,,,JR横浜線「古淵」駅,18.0,25.0,町田市藤の台1-1ほか,3-12号棟,鉄筋コンクリート造,4,N,401号室,3DK,56,5,62200,3000,2か月,"['近居割', '近居割WIDE']",随時,https://www.ur-net.go.jp/chintai/kanto/tokyo/20_1930_room.html?JKSS=003012401,<li>JR横浜線「町田」駅バス18分 徒歩2～9分</li><li>JR横浜線「古淵」駅バス16分 徒歩2～9分</li><li>小田急小田原線「鶴川」駅バス18分 徒歩2～9分</li>
tokyo,machidayamasaki,藤の台,65200,,,,小田急小田原線「鶴川」駅,20.0,27.0,町田市藤の台1-1ほか,3-12号棟,鉄筋コンクリート造,4,N,401号室,3DK,56,5,62200,3000,2か月,"['近居割', '近居割WIDE']",随時,https://www.ur-net.go.jp/chintai/kanto/tokyo/20_1930_room.html?JKSS=003012401,<li>JR横浜線「町田」駅バス18分 徒歩2～9分</li><li>JR横浜線「古淵」駅バス16分 徒歩2～9分</li><li>小田急小田原線「鶴川」駅バス18分 徒歩2～9分</li>
tokyo,machidayamasaki,藤の台,65200,,,,,,,町田市藤の台1-1ほか,3-12号棟,鉄筋コンクリート造,4,N,401号室,3DK,56,5,62200,3000,2か月,"['近居割', '近居割WIDE']",随時,https://www.ur-net.go.jp/chintai/kanto/tokyo/20_1930_room.html?JKSS=003012401,<li>JR横浜線「町田」駅バス18分 徒歩2～9分</li><li>JR横浜線「古淵」駅バス16分 徒歩2～9分</li><li>小田急小田原線「鶴川」駅バス18分 徒歩2～9分</li>
tokyo,machidayamasaki,藤の台,69100,,,,JR横浜線「町田」駅,20.0,27.0,町田市藤の台1-1ほか,3-12号棟,鉄筋コンクリート造,3,N,301号室,3DK,56,5,66100,3000,2か月,"['近居割', '近居割WIDE']",随時,https://www.ur-net.go.jp/chintai/kanto/tokyo/20_1930_room.html?JKSS=003012301,<li>JR横浜線「町田」駅バス18分 徒歩2～9分</li><li>JR横浜線「古淵」駅バス16分 徒歩2～9分</li><li>小田急小田原線「鶴川」駅バス18分 徒歩2～9分</li>
tokyo,machidayamasaki,藤の台,69100,,,,JR横浜線「古淵」駅,18.0,25.0,町田市藤の台1-1ほか,3-12号棟,鉄筋コンクリート造,3,N,301号室,3DK,56,5,66100,3000,2か月,"['近居割', '近居割WIDE']",随時,https://www.ur-net.go.jp/chintai/kanto/tokyo/20_1930_room.html?JKSS=003012301,<li>JR横浜線「町田」駅バス18分 徒歩2～9分</li><li>JR横浜線「古淵」駅バス16分 徒歩2～9分</li><li>小田急小田原線「鶴川」駅バス18分 徒歩2～9分</li>
tokyo,machidayamasaki,藤の台,69100,,,,小田急小田原線「鶴川」駅,20.0,27.0,町田市藤の台1-1ほか,3-12号棟,鉄筋コンクリート造,3,N,301号室,3DK,56,5,66100,3000,2か月,"['近居割', '近居割WIDE']",随時,https://www.ur-net.go.jp/chintai/kanto/tokyo/20_1930_room.html?JKSS=003012301,<li>JR横浜線「町田」駅バス18分 徒歩2～9分</li><li>JR横浜線「古淵」駅バス16分 徒歩2～9分</li><li>小田急小田原線「鶴川」駅バス18分 徒歩2～9分</li>
tokyo,machidayamasaki,藤の台,69100,,,,,,,町田市藤の台1-1ほか,3-12号棟,鉄筋コンクリート造,3,N,301号室,3DK,56,5,66100,3000,2か月,"['近居割', '近居割WIDE']",随時,https://www.ur-net.go.jp/chintai/kanto/tokyo/20_1930_room.html?JKSS=003012301,<li>JR横浜線「町田」駅バス18分 徒歩2～9分</li><li>JR横浜線「古淵」駅バス16分 徒歩2～9分</li><li>小田急小田原線「鶴川」駅バス18分 徒歩2～9分</li>
tokyo,machidayamasaki,藤の台,69500,,,,JR横浜線「町田」駅,20.0,27.0,町田市藤の台1-1ほか,1-33号棟,鉄筋コンクリート造,3,N,302号室,3DK,56,5,66500,3000,2か月,"['近居割', '近居割WIDE']",随時,https://www.ur-net.go.jp/chintai/kanto/tokyo/20_1930_room.html?JKSS=001033302,<li>JR横浜線「町田」駅バス18分 徒歩2～9分</li><li>JR横浜線「古淵」駅バス16分 徒歩2～9分</li><li>小田急小田原線「鶴川」駅バス18分 徒歩2～9分</li>
tokyo,machidayamasaki,藤の台,69500,,,,JR横浜線「古淵」駅,18.0,25.0,町田市藤の台1-1ほか,1-33号棟,鉄筋コンクリート造,3,N,302号室,3DK,56,5,66500,3000,2か月,"['近居割', '近居割WIDE']",随時,https://www.ur-net.go.jp/chintai/kanto/tokyo/20_1930_room.html?JKSS=001033302,<li>JR横浜線「町田」駅バス18分 徒歩2～9分</li><li>JR横浜線「古淵」駅バス16分 徒歩2～9分</li><li>小田急小田原線「鶴川」駅バス18分 徒歩2～9分</li>
tokyo,machidayamasaki,藤の台,69500,,,,小田急小田原線「鶴川」駅,20.0,27.0,町田市藤の台1-1ほか,1-33号棟,鉄筋コンクリート造,3,N,302号室,3DK,56,5,66500,3000,2か月,"['近居割', '近居割WIDE']",随時,https://www.ur-net.go.jp/chintai/kanto/tokyo/20_1930_room.html?JKSS=001033302,<li>JR横浜線「町田」駅バス18分 徒歩2～9分</li><li>JR横浜線「古淵」駅バス16分 徒歩2～9分</li><li>小田急小田原線「鶴川」駅バス18分 徒歩2～9分</li>
tokyo,machidayamasaki,藤の台,69500,,,,,,,町田市藤の台1-1ほか,1-33号棟,鉄筋コンクリート造,3,N,302号室,3DK,56,5,66500,3000,2か月,"['近居割', '近居割WIDE']",随時,https://www.ur-net.go.jp/chintai/kanto/tokyo/20_1930_room.html?JKSS=001033302,<li>JR横浜線「町田」駅バス18分 徒歩2～9分</li><li>JR横浜線「古淵」駅バス16分 徒歩2～9分</li><li>小田急小田原線「鶴川」駅バス18分 徒歩2～9分</li>
tokyo,machidayamasaki,藤の台,69500,,,,JR横浜線「町田」駅,20.0,27.0,町田市藤の台1-1ほか,1-33号棟,鉄筋コンクリート造,3,N,308号室,3DK,56,5,66500,3000,2か月,"['近居割', '近居割WIDE']",随時,https://www.ur-net.go.jp/chintai/kanto/tokyo/20_1930_room.html?JKSS=001033308,<li>JR横浜線「町田」駅バス18分 徒歩2～9分</li><li>JR横浜線「古淵」駅バス16分 徒歩2～9分</li><li>小田急小田原線「鶴川」駅バス18分 徒歩2～9分</li>
tokyo,machidayamasaki,藤の台,69500,,,,JR横浜線「古淵」駅,18.0,25.0,町田市藤の台1-1ほか,1-33号棟,鉄筋コンクリート造,3,N,308号室,3DK,56,5,66500,3000,2か月,"['近居割', '近居割WIDE']",随時,https://www.ur-net.go.jp/chintai/kanto/tokyo/20_1930_room.html?JKSS=001033308,<li>JR横浜線「町田」駅バス18分 徒歩2～9分</li><li>JR横浜線「古淵」駅バス16分 徒歩2～9分</li><li>小田急小田原線「鶴川」駅バス18分 徒歩2～9分</li>
tokyo,machidayamasaki,藤の台,69500,,,,小田急小田原線「鶴川」駅,20.0,27.0,町田市藤の台1-1ほか,1-33号棟,鉄筋コンクリート造,3,N,308号室,3DK,56,5,66500,3000,2か月,"['近居割', '近居割WIDE']",随時,https://www.ur-net.go.jp/chintai/kanto/tokyo/20_1930_room.html?JKSS=001033308,<li>JR横浜線「町田」駅バス18分 徒歩2～9分</li><li>JR横浜線「古淵」駅バス16分 徒歩2～9分</li><li>小田急小田原線「鶴川」駅バス18分 徒歩2～9分</li>
tokyo,machidayamasaki,藤の台,69500,,,,,,,町田市藤の台1-1ほか,1-33号棟,鉄筋コンクリート造,3,N,308号室,3DK,56,5,66500,3000,2か月,"['近居割', '近居割WIDE']",随時,https://www.ur-net.go.jp/chintai/kanto/tokyo/20_1930_room.html?JKSS=001033308,<li>JR横浜線「町田」駅バス18分 徒歩2～9分</li><li>JR横浜線「古淵」駅バス16分 徒歩2～9分</li><li>小田急小田原線「鶴川」駅バス18分 徒歩2～9分</li>
tokyo,machidayamasaki,町田山崎,66700,,,,JR横浜線・小田急小田原線「町田」駅,17.0,32.0,町田市山崎町2130ほか,3-1号棟,鉄筋コンクリート造,5,N,508号室,3DK,56,5,62700,4000,2か月,"['近居割', '近居割WIDE']",随時,https://www.ur-net.go.jp/chintai/kanto/tokyo/20_1670_room.html?JKSS=000301508,<li>JR横浜線・小田急小田原線「町田」駅バス16～24分 徒歩1～8分</li><li>JR横浜線「古淵」駅バス11～17分 徒歩1～8分</li>
tokyo,machidayamasaki,町田山崎,66700,,,,JR横浜線「古淵」駅,12.0,25.0,町田市山崎町2130ほか,3-1号棟,鉄筋コンクリート造,5,N,508号室,3DK,56,5,62700,4000,2か月,"['近居割', '近居割WIDE']",随時,https://www.ur-net.go.jp/chintai/kanto/tokyo/20_1670_room.html?JKSS=000301508,<li>JR横浜線・小田急小田原線「町田」駅バス16～24分 徒歩1～8分</li><li>JR横浜線「古淵」駅バス11～17分 徒歩1～8分</li>
tokyo,machidayamasaki,町田山崎,66700,,,,,,,町田市山崎町2130ほか,3-1号棟,鉄筋コンクリート造,5,N,508号室,3DK,56,5,62700,4000,2か月,"['近居割', '近居割WIDE']",随時,https://www.ur-net.go.jp/chintai/kanto/tokyo/20_1670_room.html?JKSS=000301508,<li>JR横浜線・小田急小田原線「町田」駅バス16～24分 徒歩1～8分</li><li>JR横浜線「古淵」駅バス11～17分 徒歩1～8分</li>
tokyo,machidayamasaki,町田山崎,67000,,,,JR横浜線・小田急小田原線「町田」駅,17.0,32.0,町田市山崎町2130ほか,6-5号棟,鉄筋コンクリート造,5,N,504号室,3DK,56,5,63000,4000,2か月,"['近居割', '近居割WIDE']",随時,https://www.ur-net.go.jp/chintai/kanto/tokyo/20_1670_room.html?JKSS=000605504,<li>JR横浜線・小田急小田原線「町田」駅バス16～24分 徒歩1～8分</li><li>JR横浜線「古淵」駅バス11～17分 徒歩1～8分</li>
tokyo,machidayamasaki,町田山崎,67000,,,,JR横浜線「古淵」駅,12.0,25.0,町田市山崎町2130ほか,6-5号棟,鉄筋コンクリート造,5,N,504号室,3DK,56,5,63000,4000,2か月,"['近居割', '近居割WIDE']",随時,https://www.ur-net.go.jp/chintai/kanto/tokyo/20_1670_room.html?JKSS=000605504,<li>JR横浜線・小田急小田原線「町田」駅バス16～24分 徒歩1～8分</li><li>JR横浜線「古淵」駅バス11～17分 徒歩1～8分</li>
tokyo,machidayamasaki,町田山崎,67000,,,,,,,町田市山崎町2130ほか,6-5号棟,鉄筋コンクリート造,5,N,504号室,3DK,56,5,63000,4000,2か月,"['近居割', '近居割WIDE']",随時,https://www.ur-net.go.jp/chintai/kanto/tokyo/20_1670_room.html?JKSS=000605504,<li>JR横浜線・小田急小田原線「町田」駅バス16～24分 徒歩1～8分</li><li>JR横浜線「古淵」駅バス11～17分 徒歩1～8分</li>
tokyo,machidayamasaki,町田山崎,68900,,,,JR横浜線・小田急小田原線「町田」駅,17.0,32.0,町田市山崎町2130ほか,5-8号棟,鉄筋コンクリート造,5,N,501号室,3DK,56,5,64900,4000,2か月,"['近居割', '近居割WIDE']",随時,https://www.ur-net.go.jp/chintai/kanto/tokyo/20_1670_room.html?JKSS=000508501,<li>JR横浜線・小田急小田原線「町田」駅バス16～24分 徒歩1～8分</li><li>JR横浜線「古淵」駅バス11～17分 徒歩1～8分</li>
tokyo,machidayamasaki,町田山崎,68900,,,,JR横浜線「古淵」駅,12.0,25.0,町田市山崎町2130ほか,5-8号棟,鉄筋コンクリート造,5,N,501号室,3DK,56,5,64900,4000,2か月,"['近居割', '近居割WIDE']",随時,https://www.ur-net.go.jp/chintai/kanto/tokyo/20_1670_room.html?JKSS=000508501,<li>JR横浜線・小田急小田原線「町田」駅バス16～24分 徒歩1～8分</li><li>JR横浜線「古淵」駅バス11～17分 徒歩1～8分</li>
tokyo,machidayamasaki,町田山崎,68900,,,,,,,町田市山崎町2130ほか,5-8号棟,鉄筋コンクリート造,5,N,501号室,3DK,56,5,64900,4000,2か月,"['近居割', '近居割WIDE']",随時,https://www.ur-net.go.jp/chintai/kanto/tokyo/20_1670_room.html?JKSS=000508501,<li>JR横浜線・小田急小田原線「町田」駅バス16～24分 徒歩1～8分</li><li>JR横浜線「古淵」駅バス11～17分 徒歩1～8分</li>
tokyo,machidayamasaki,町田山崎,69800,,,,JR横浜線・小田急小田原線「町田」駅,17.0,32.0,町田市山崎町2130ほか,6-5号棟,鉄筋コンクリート造,4,N,407号室,3DK,56,5,65800,4000,2か月,"['近居割', '近居割WIDE']",随時,https://www.ur-net.go.jp/chintai/kanto/tokyo/20_1670_room.html?JKSS=000605407,<li>JR横浜線・小田急小田原線「町田」駅バス16～24分 徒歩1～8分</li><li>JR横浜線「古淵」駅バス11～17分 徒歩1～8分</li>
tokyo,machidayamasaki,町田山崎,69800,,,,JR横浜線「古淵」駅,12.0,25.0,町田市山崎町2130ほか,6-5号棟,鉄筋コンクリート造,4,N,407号室,3DK,56,5,65800,4000,2か月,"['近居割', '近居割WIDE']",随時,https://www.ur-net.go.jp/chintai/kanto/tokyo/20_1670_room.html?JKSS=000605407,<li>JR横浜線・小田急小田原線「町田」駅バス16～24分 徒歩1～8分</li><li>JR横浜線「古淵」駅バス11～17分 徒歩1～8分</li>
tokyo,machidayamasaki,町田山崎,69800,,,,,,,町田市山崎町2130ほか,6-5号棟,鉄筋コンクリート造,4,N,407号室,3DK,56,5,65800,4000,2か月,"['近居割', '近居割WIDE']",随時,https://www.ur-net.go.jp/chintai/kanto/tokyo/20_1670_room.html?JKSS=000605407,<li>JR横浜線・小田急小田原線「町田」駅バス16～24分 徒歩1～8分</li><li>JR横浜線「古淵」駅バス11～17分 徒歩1～8分</li>
tokyo,machidayamasaki,町田山崎,70400,,,,JR横浜線・小田急小田原線「町田」駅,17.0,32.0,町田市山崎町2130ほか,4-17号棟,鉄筋コンクリート造,4,N,401号室,3DK,56,5,66400,4000,2か月,"['近居割', '近居割WIDE']",随時,https://www.ur-net.go.jp/chintai/kanto/tokyo/20_1670_room.html?JKSS=000417401,<li>JR横浜線・小田急小田原線「町田」駅バス16～24分 徒歩1～8分</li><li>JR横浜線「古淵」駅バス11～17分 徒歩1～8分</li>
tokyo,machidayamasaki,町田山崎,70400,,,,JR横浜線「古淵」駅,12.0,25.0,町田市山崎町2130ほか,4-17号棟,鉄筋コンクリート造,4,N,401号室,3DK,56,5,66400,4000,2か月,"['近居割', '近居割WIDE']",随時,https://www.ur-net.go.jp/chintai/kanto/tokyo/20_1670_room.html?JKSS=000417401,<li>JR横浜線・小田急小田原線「町田」駅バス16～24分 徒歩1～8分</li><li>JR横浜線「古淵」駅バス11～17分 徒歩1～8分</li>
tokyo,machidayamasaki,町田山崎,70400,,,,,,,町田市山崎町2130ほか,4-17号棟,鉄筋コンクリート造,4,N,401号室,3DK,56,5,66400,4000,2か月,"['近居割', '近居割WIDE']",随時,https://www.ur-net.go.jp/chintai/kanto/tokyo/20_1670_room.html?JKSS=000417401,<li>JR横浜線・小田急小田原線「町田」駅バス16～24分 徒歩1～8分</li><li>JR横浜線「古淵」駅バス11～17分 徒歩1～8分</li>
tokyo,machidayamasaki,ニュータウン小山田桜台,84800,,,,JR横浜線・小田急小田原線「町田」駅,30.0,35.0,町田市小山田桜台2-4ほか,95号棟,鉄筋コンクリート造,4,N,403号室,3LDK,77,5,80000,4800,2か月,"['近居割', '近居割WIDE']",随時,https://www.ur-net.go.jp/chintai/kanto/tokyo/20_3600_room.html?JKSS=000950403,<li>JR横浜線・小田急小田原線「町田」駅バス29～32分 徒歩1～3分</li><li>JR横浜線「淵野辺」駅バス10～13分 徒歩1～3分</li>
tokyo,machidayamasaki,ニュータウン小山田桜台,84800,,,,JR横浜線「淵野辺」駅,11.0,16.0,町田市小山田桜台2-4ほか,95号棟,鉄筋コンクリート造,4,N,403号室,3LDK,77,5,80000,4800,2か月,"['近居割', '近居割WIDE']",随時,https://www.ur-net.go.jp/chintai/kanto/tokyo/20_3600_room.html?JKSS=000950403,<li>JR横浜線・小田急小田原線「町田」駅バス29～32分 徒歩1～3分</li><li>JR横浜線「淵野辺」駅バス10～13分 徒歩1～3分</li>
tokyo,machidayamasaki,ニュータウン小山田桜台,84800,,,,,,,町田市小山田桜台2-4ほか,95号棟,鉄筋コンクリート造,4,N,403号室,3LDK,77,5,80000,4800,2か月,"['近居割', '近居割WIDE']",随時,https://www.ur-net.go.jp/chintai/kanto/tokyo/20_3600_room.html?JKSS=000950403,<li>JR横浜線・小田急小田原線「町田」駅バス29～32分 徒歩1～3分</li><li>JR横浜線「淵野辺」駅バス10～13分 徒歩1～3分</li>
tokyo,machidayamasaki,ニュータウン小山田桜台,85700,,,,JR横浜線・小田急小田原線「町田」駅,30.0,35.0,町田市小山田桜台2-4ほか,20号棟,鉄筋コンクリート造,3,N,305号室,3LDK,70,4,80900,4800,2か月,"['近居割', '近居割WIDE']",随時,https://www.ur-net.go.jp/chintai/kanto/tokyo/20_3600_room.html?JKSS=000200305,<li>JR横浜線・小田急小田原線「町田」駅バス29～32分 徒歩1～3分</li><li>JR横浜線「淵野辺」駅バス10～13分 徒歩1～3分</li>
tokyo,machidayamasaki,ニュータウン小山田桜台,85700,,,,JR横浜線「淵野辺」駅,11.0,16.0,町田市小山田桜台2-4ほか,20号棟,鉄筋コンクリート造,3,N,305号室,3LDK,70,4,80900,4800,2か月,"['近居割', '近居割WIDE']",随時,https://www.ur-net.go.jp/chintai/kanto/tokyo/20_3600_room.html?JKSS=000200305,<li>JR横浜線・小田急小田原線「町田」駅バス29～32分 徒歩1～3分</li><li>JR横浜線「淵野辺」駅バス10～13分 徒歩1～3分</li>
tokyo,machidayamasaki,ニュータウン小山田桜台,85700,,,,,,,町田市小山田桜台2-4ほか,20号棟,鉄筋コンクリート造,3,N,305号室,3LDK,70,4,80900,4800,2か月,"['近居割', '近居割WIDE']",随時,https://www.ur-net.go.jp/chintai/kanto/tokyo/20_3600_room.html?JKSS=000200305,<li>JR横浜線・小田急小田原線「町田」駅バス29～32分 徒歩1～3分</li><li>JR横浜線「淵野辺」駅バス10～13分 徒歩1～3分</li>
tokyo,machidayamasaki,ニュータウン小山田桜台,87800,,,,JR横浜線・小田急小田原線「町田」駅,30.0,35.0,町田市小山田桜台2-4ほか,11号棟,鉄筋コンクリート造,4,N,404号室,3LDK,78,4,83000,4800,2か月,"['近居割', '近居割WIDE']",随時,https://www.ur-net.go.jp/chintai/kanto/tokyo/20_3600_room.html?JKSS=000110404,<li>JR横浜線・小田急小田原線「町田」駅バス29～32分 徒歩1～3分</li><li>JR横浜線「淵野辺」駅バス10～13分 徒歩1～3分</li>
tokyo,machidayamasaki,ニュータウン小山田桜台,87800,,,,JR横浜線「淵野辺」駅,11.0,16.0,町田市小山田桜台2-4ほか,11号棟,鉄筋コンクリート造,4,N,404号室,3LDK,78,4,83000,4800,2か月,"['近居割', '近居割WIDE']",随時,https://www.ur-net.go.jp/chintai/kanto/tokyo/20_3600_room.html?JKSS=000110404,<li>JR横浜線・小田急小田原線「町田」駅バス29～32分 徒歩1～3分</li><li>JR横浜線「淵野辺」駅バス10～13分 徒歩1～3分</li>
tokyo,machidayamasaki,ニュータウン小山田桜台,87800,,,,,,,町田市小山田桜台2-4ほか,11号棟,鉄筋コンクリート造,4,N,404号室,3LDK,78,4,83000,4800,2か月,"['近居割', '近居割WIDE']",随時,https://www.ur-net.go.jp/chintai/kanto/tokyo/20_3600_room.html?JKSS=000110404,<li>JR横浜線・小田急小田原線「町田」駅バス29～32分 徒歩1～3分</li><li>JR横浜線「淵野辺」駅バス10～13分 徒歩1～3分</li>
tokyo,machidayamasaki,ニュータウン小山田桜台,110000,,,,JR横浜線・小田急小田原線「町田」駅,30.0,35.0,町田市小山田桜台2-4ほか,19号棟,鉄筋コンクリート造,3,N,301号室,4LDK,93,3,105200,4800,2か月,"['近居割', '近居割WIDE']",随時,https://www.ur-net.go.jp/chintai/kanto/tokyo/20_3600_room.html?JKSS=000190301,<li>JR横浜線・小田急小田原線「町田」駅バス29～32分 徒歩1～3分</li><li>JR横浜線「淵野辺」駅バス10～13分 徒歩1～3分</li>
tokyo,machidayamasaki,ニュータウン小山田桜台,110000,,,,JR横浜線「淵野辺」駅,11.0,16.0,町田市小山田桜台2-4ほか,19号棟,鉄筋コンクリート造,3,N,301号室,4LDK,93,3,105200,4800,2か月,"['近居割', '近居割WIDE']",随時,https://www.ur-net.go.jp/chintai/kanto/tokyo/20_3600_room.html?JKSS=000190301,<li>JR横浜線・小田急小田原線「町田」駅バス29～32分 徒歩1～3分</li><li>JR横浜線「淵野辺」駅バス10～13分 徒歩1～3分</li>
tokyo,machidayamasaki,ニュータウン小山田桜台,110000,,,,,,,町田市小山田桜台2-4ほか,19号棟,鉄筋コンクリート造,3,N,301号室,4LDK,93,3,105200,4800,2か月,"['近居割', '近居割WIDE']",随時,https://www.ur-net.go.jp/chintai/kanto/tokyo/20_3600_room.html?JKSS=000190301,<li>JR横浜線・小田急小田原線「町田」駅バス29～32分 徒歩1～3分</li><li>JR横浜線「淵野辺」駅バス10～13分 徒歩1～3分</li>
tokyo,machidayamasaki,ニュータウン小山田桜台,123100,,,,JR横浜線・小田急小田原線「町田」駅,30.0,35.0,町田市小山田桜台2-4ほか,49号棟,鉄筋コンクリート造,3,N,301号室,4LDK,105,4,118300,4800,2か月,"['近居割', '近居割WIDE']",随時,https://www.ur-net.go.jp/chintai/kanto/tokyo/20_3600_room.html?JKSS=000490301,<li>JR横浜線・小田急小田原線「町田」駅バス29～32分 徒歩1～3分</li><li>JR横浜線「淵野辺」駅バス10～13分 徒歩1～3分</li>
tokyo,machidayamasaki,ニュータウン小山田桜台,123100,,,,JR横浜線「淵野辺」駅,11.0,16.0,町田市小山田桜台2-4ほか,49号棟,鉄筋コンクリート造,3,N,301号室,4LDK,105,4,118300,4800,2か月,"['近居割', '近居割WIDE']",随時,https://www.ur-net.go.jp/chintai/kanto/tokyo/20_3600_room.html?JKSS=000490301,<li>JR横浜線・小田急小田原線「町田」駅バス29～32分 徒歩1～3分</li><li>JR横浜線「淵野辺」駅バス10～13分 徒歩1～3分</li>
tokyo,machidayamasaki,ニュータウン小山田桜台,123100,,,,,,,町田市小山田桜台2-4ほか,49号棟,鉄筋コンクリート造,3,N,301号室,4LDK,105,4,118300,4800,2か月,"['近居割', '近居割WIDE']",随時,https://www.ur-net.go.jp/chintai/kanto/tokyo/20_3600_room.html?JKSS=000490301,<li>JR横浜線・小田急小田原線「町田」駅バス29～32分 徒歩1～3分</li><li>JR横浜線「淵野辺」駅バス10～13分 徒歩1～3分</li>
tokyo,tachikawa,国立富士見台,78000,JR南武線「谷保」駅,5.0,15.0,,,,国立市富士見台1-7ほか,2-3号棟,鉄筋コンクリート造,3,N,302号室,2DK,45,5,75200,2800,2か月,['URライト（4年定借）'],随時,https://www.ur-net.go.jp/chintai/kanto/tokyo/20_1350_room.html?JKSS=000203302,<li>JR南武線「谷保」駅（第1団地）徒歩5～10分、（第2、3団地）徒歩10～15分</li><li>JR中央線「国立」駅（第1団地）徒歩21～26分 またはバス5分 徒歩1～9分、（第2、3団地）徒歩23～28分 またはバス8分 徒歩2～5分</li><li>JR南武線「矢川」駅（第1団地）バス5分 徒歩1～7分、（第2、3団地）徒歩8～16分</li>
tokyo,tachikawa,国立富士見台,78000,JR中央線「国立」駅,21.0,28.0,JR中央線「国立」駅,6.0,14.0,国立市富士見台1-7ほか,2-3号棟,鉄筋コンクリート造,3,N,302号室,2DK,45,5,75200,2800,2か月,['URライト（4年定借）'],随時,https://www.ur-net.go.jp/chintai/kanto/tokyo/20_1350_room.html?JKSS=000203302,<li>JR南武線「谷保」駅（第1団地）徒歩5～10分、（第2、3団地）徒歩10～15分</li><li>JR中央線「国立」駅（第1団地）徒歩21～26分 またはバス5分 徒歩1～9分、（第2、3団地）徒歩23～28分 またはバス8分 徒歩2～5分</li><li>JR南武線「矢川」駅（第1団地）バス5分 徒歩1～7分、（第2、3団地）徒歩8～16分</li>
tokyo,tachikawa,国立富士見台,78000,JR南武線「矢川」駅,8.0,16.0,JR南武線「矢川」駅,6.0,12.0,国立市富士見台1-7ほか,2-3号棟,鉄筋コンクリート造,3,N,302号室,2DK,45,5,75200,2800,2か月,['URライト（4年定借）'],随時,https://www.ur-net.go.jp/chintai/kanto/tokyo/20_1350_room.html?JKSS=000203302,<li>JR南武線「谷保」駅（第1団地）徒歩5～10分、（第2、3団地）徒歩10～15分</li><li>JR中央線「国立」駅（第1団地）徒歩21～26分 またはバス5分 徒歩1～9分、（第2、3団地）徒歩23～28分 またはバス8分 徒歩2～5分</li><li>JR南武線「矢川」駅（第1団地）バス5分 徒歩1～7分、（第2、3団地）徒歩8～16分</li>
tokyo,tachikawa,国立富士見台,78000,,,,,,,国立市富士見台1-7ほか,2-3号棟,鉄筋コンクリート造,3,N,302号室,2DK,45,5,75200,2800,2か月,['URライト（4年定借）'],随時,https://www.ur-net.go.jp/chintai/kanto/tokyo/20_1350_room.html?JKSS=000203302,<li>JR南武線「谷保」駅（第1団地）徒歩5～10分、（第2、3団地）徒歩10～15分</li><li>JR中央線「国立」駅（第1団地）徒歩21～26分 またはバス5分 徒歩1～9分、（第2、3団地）徒歩23～28分 またはバス8分 徒歩2～5分</li><li>JR南武線「矢川」駅（第1団地）バス5分 徒歩1～7分、（第2、3団地）徒歩8～16分</li>
tokyo,nagayama,百草,69150,京王線「高幡不動」駅,19.0,32.0,京王線「高幡不動」駅,8.0,16.0,多摩市和田1261、日野市百草999,6号棟,鉄筋コンクリート造,4,N,408号室,2LDK,56,5,64400,4750,2か月,"['近居割', '近居割WIDE']",随時,https://www.ur-net.go.jp/chintai/kanto/tokyo/20_1870_room.html?JKSS=000060408,<li>京王線「高幡不動」駅 徒歩19～32分 またはバス7～8分 徒歩1～8分</li><li>京王線「聖蹟桜ヶ丘」駅バス14～15分 徒歩1～8分</li><li>京王相模原線「京王多摩センター」駅バス9分 徒歩2～13分</li>
tokyo,nagayama,百草,69150,,,,京王線「聖蹟桜ヶ丘」駅,15.0,23.0,多摩市和田1261、日野市百草999,6号棟,鉄筋コンクリート造,4,N,408号室,2LDK,56,5,64400,4750,2か月,"['近居割', '近居割WIDE']",随時,https://www.ur-net.go.jp/chintai/kanto/tokyo/20_1870_room.html?JKSS=000060408,<li>京王線「高幡不動」駅 徒歩19～32分 またはバス7～8分 徒歩1～8分</li><li>京王線「聖蹟桜ヶ丘」駅バス14～15分 徒歩1～8分</li><li>京王相模原線「京王多摩センター」駅バス9分 徒歩2～13分</li>
tokyo,nagayama,百草,69150,,,,京王相模原線「京王多摩センター」駅,11.0,22.0,多摩市和田1261、日野市百草999,6号棟,鉄筋コンクリート造,4,N,408号室,2LDK,56,5,64400,4750,2か月,"['近居割', '近居割WIDE']",随時,https://www.ur-net.go.jp/chintai/kanto/tokyo/20_1870_room.html?JKSS=000060408,<li>京王線「高幡不動」駅 徒歩19～32分 またはバス7～8分 徒歩1～8分</li><li>京王線「聖蹟桜ヶ丘」駅バス14～15分 徒歩1～8分</li><li>京王相模原線「京王多摩センター」駅バス9分 徒歩2～13分</li>
tokyo,nagayama,百草,69150,,,,,,,多摩市和田1261、日野市百草999,6号棟,鉄筋コンクリート造,4,N,408号室,2LDK,56,5,64400,4750,2か月,"['近居割', '近居割WIDE']",随時,https://www.ur-net.go.jp/chintai/kanto/tokyo/20_1870_room.html?JKSS=000060408,<li>京王線「高幡不動」駅 徒歩19～32分 またはバス7～8分 徒歩1～8分</li><li>京王線「聖蹟桜ヶ丘」駅バス14～15分 徒歩1～8分</li><li>京王相模原線「京王多摩センター」駅バス9分 徒歩2～13分</li>
tokyo,nagayama,多摩ニュータウン 豊ヶ丘（グリーンメゾン豊ヶ丘－６）,73200,京王相模原線「京王多摩センター」駅・小田急多摩線「小田急多摩センター」駅,16.0,32.0,京王相模原線「京王多摩センター」駅・小田急多摩線「小田急多摩センター」駅,14.0,26.0,多摩市豊ヶ丘2ほか,6-2-2号棟,鉄筋コンクリート造、鉄骨鉄筋コンクリート造,4,N,403号室,2DK,50,8,68400,4800,2か月,"['近居割', '近居割WIDE']",随時,https://www.ur-net.go.jp/chintai/kanto/tokyo/20_2710_room.html?JKSS=602020403,<li>京王相模原線「京王多摩センター」駅・小田急多摩線「小田急多摩センター」駅 徒歩16～32分 またはバス12分 徒歩2～14分</li><li>多摩都市モノレール「多摩センター」駅 徒歩17～33分 またはバス12分 徒歩2～14分</li>
tokyo,nagayama,多摩ニュータウン 豊ヶ丘（グリーンメゾン豊ヶ丘－６）,73200,多摩都市モノレール「多摩センター」駅,17.0,33.0,多摩都市モノレール「多摩センター」駅,14.0,26.0,多摩市豊ヶ丘2ほか,6-2-2号棟,鉄筋コンクリート造、鉄骨鉄筋コンクリート造,4,N,403号室,2DK,50,8,68400,4800,2か月,"['近居割', '近居割WIDE']",随時,https://www.ur-net.go.jp/chintai/kanto/tokyo/20_2710_room.html?JKSS=602020403,<li>京王相模原線「京王多摩センター」駅・小田急多摩線「小田急多摩センター」駅 徒歩16～32分 またはバス12分 徒歩2～14分</li><li>多摩都市モノレール「多摩センター」駅 徒歩17～33分 またはバス12分 徒歩2～14分</li>
tokyo,nagayama,多摩ニュータウン 豊ヶ丘（グリーンメゾン豊ヶ丘－６）,73200,,,,,,,多摩市豊ヶ丘2ほか,6-2-2号棟,鉄筋コンクリート造、鉄骨鉄筋コンクリート造,4,N,403号室,2DK,50,8,68400,4800,2か月,"['近居割', '近居割WIDE']",随時,https://www.ur-net.go.jp/chintai/kanto/tokyo/20_2710_room.html?JKSS=602020403,<li>京王相模原線「京王多摩センター」駅・小田急多摩線「小田急多摩センター」駅 徒歩16～32分 またはバス12分 徒歩2～14分</li><li>多摩都市モノレール「多摩センター」駅 徒歩17～33分 またはバス12分 徒歩2～14分</li>
tokyo,kichijoji,三鷹台,148600,,,,JR中央線「三鷹」駅,16.0,21.0,三鷹市牟礼2-14,10号棟,鉄筋コンクリート造,8,N,805号室,2DK,55,9,142400,6200,2か月,"['近居割', '近居割WIDE']",随時,https://www.ur-net.go.jp/chintai/kanto/tokyo/20_6601_room.html?JKSS=000100805,<li>JR中央線「三鷹」駅バス12分 徒歩4～9分</li><li>JR中央線「吉祥寺」駅バス11分 徒歩2～8分</li><li>京王井の頭線「三鷹台」駅 徒歩14～18分</li>
tokyo,kichijoji,三鷹台,148600,,,,JR中央線「吉祥寺」駅,13.0,19.0,三鷹市牟礼2-14,10号棟,鉄筋コンクリート造,8,N,805号室,2DK,55,9,142400,6200,2か月,"['近居割', '近居割WIDE']",随時,https://www.ur-net.go.jp/chintai/kanto/tokyo/20_6601_room.html?JKSS=000100805,<li>JR中央線「三鷹」駅バス12分 徒歩4～9分</li><li>JR中央線「吉祥寺」駅バス11分 徒歩2～8分</li><li>京王井の頭線「三鷹台」駅 徒歩14～18分</li>
tokyo,kichijoji,三鷹台,148600,京王井の頭線「三鷹台」駅,14.0,18.0,,,,三鷹市牟礼2-14,10号棟,鉄筋コンクリート造,8,N,805号室,2DK,55,9,142400,6200,2か月,"['近居割', '近居割WIDE']",随時,https://www.ur-net.go.jp/chintai/kanto/tokyo/20_6601_room.html?JKSS=000100805,<li>JR中央線「三鷹」駅バス12分 徒歩4～9分</li><li>JR中央線「吉祥寺」駅バス11分 徒歩2～8分</li><li>京王井の頭線「三鷹台」駅 徒歩14～18分</li>
tokyo,kichijoji,三鷹台,148600,,,,,,,三鷹市牟礼2-14,10号棟,鉄筋コンクリート造,8,N,805号室,2DK,55,9,142400,6200,2か月,"['近居割', '近居割WIDE']",随時,https://www.ur-net.go.jp/chintai/kanto/tokyo/20_6601_room.html?JKSS=000100805,<li>JR中央線「三鷹」駅バス12分 徒歩4～9分</li><li>JR中央線「吉祥寺」駅バス11分 徒歩2～8分</li><li>京王井の頭線「三鷹台」駅 徒歩14～18分</li>
tokyo,kichijoji,新川・島屋敷通り,186950,,,,京王線「仙川」駅,9.0,11.0,三鷹市新川4-25ほか,18号棟,鉄筋コンクリート造,9,N,906号室,2LDK,78,11,181300,5650,2か月,"['近居割', '近居割WIDE']",随時,https://www.ur-net.go.jp/chintai/kanto/tokyo/20_5360_room.html?JKSS=000180906,<li>京王線「仙川」駅バス7分 徒歩2～4分</li><li>JR中央線「三鷹」駅バス19分 徒歩2～4分</li><li>JR中央線「吉祥寺」駅バス18分 徒歩2～4分</li>
tokyo,kichijoji,新川・島屋敷通り,186950,,,,JR中央線「三鷹」駅,21.0,23.0,三鷹市新川4-25ほか,18号棟,鉄筋コンクリート造,9,N,906号室,2LDK,78,11,181300,5650,2か月,"['近居割', '近居割WIDE']",随時,https://www.ur-net.go.jp/chintai/kanto/tokyo/20_5360_room.html?JKSS=000180906,<li>京王線「仙川」駅バス7分 徒歩2～4分</li><li>JR中央線「三鷹」駅バス19分 徒歩2～4分</li><li>JR中央線「吉祥寺」駅バス18分 徒歩2～4分</li>
tokyo,kichijoji,新川・島屋敷通り,186950,,,,JR中央線「吉祥寺」駅,20.0,22.0,三鷹市新川4-25ほか,18号棟,鉄筋コンクリート造,9,N,906号室,2LDK,78,11,181300,5650,2か月,"['近居割', '近居割WIDE']",随時,https://www.ur-net.go.jp/chintai/kanto/tokyo/20_5360_room.html?JKSS=000180906,<li>京王線「仙川」駅バス7分 徒歩2～4分</li><li>JR中央線「三鷹」駅バス19分 徒歩2～4分</li><li>JR中央線「吉祥寺」駅バス18分 徒歩2～4分</li>
tokyo,kichijoji,新川・島屋敷通り,186950,,,,,,,三鷹市新川4-25ほか,18号棟,鉄筋コンクリート造,9,N,906号室,2LDK,78,11,181300,5650,2か月,"['近居割', '近居割WIDE']",随時,https://www.ur-net.go.jp/chintai/kanto/tokyo/20_5360_room.html?JKSS=000180906,<li>京王線「仙川」駅バス7分 徒歩2～4分</li><li>JR中央線「三鷹」駅バス19分 徒歩2～4分</li><li>JR中央線「吉祥寺」駅バス18分 徒歩2～4分</li>
tokyo,hachioji,シティハイツ日野旭が丘,85900,JR中央線「豊田」駅,20.0,24.0,JR中央線「豊田」駅,8.0,13.0,日野市旭が丘4-7-5,3号棟,鉄筋コンクリート造、鉄骨鉄筋コンクリート造,1,N,114号室,1LDK,49,6,83200,2700,2か月,"['近居割', '近居割WIDE']",随時,https://www.ur-net.go.jp/chintai/kanto/tokyo/20_4360_room.html?JKSS=000030114,<li>JR中央線「豊田」駅 徒歩20～24分 またはバス7分 徒歩1～6分</li><li>京王線「長沼」駅 徒歩26～28分</li><li>JR八高線「北八王子」駅 徒歩23～25分</li>
tokyo,hachioji,シティハイツ日野旭が丘,85900,京王線「長沼」駅,26.0,28.0,,,,日野市旭が丘4-7-5,3号棟,鉄筋コンクリート造、鉄骨鉄筋コンクリート造,1,N,114号室,1LDK,49,6,83200,2700,2か月,"['近居割', '近居割WIDE']",随時,https://www.ur-net.go.jp/chintai/kanto/tokyo/20_4360_room.html?JKSS=000030114,<li>JR中央線「豊田」駅 徒歩20～24分 またはバス7分 徒歩1～6分</li><li>京王線「長沼」駅 徒歩26～28分</li><li>JR八高線「北八王子」駅 徒歩23～25分</li>
tokyo,hachioji,シティハイツ日野旭が丘,85900,JR八高線「北八王子」駅,23.0,25.0,,,,日野市旭が丘4-7-5,3号棟,鉄筋コンクリート造、鉄骨鉄筋コンクリート造,1,N,114号室,1LDK,49,6,83200,2700,2か月,"['近居割', '近居割WIDE']",随時,https://www.ur-net.go.jp/chintai/kanto/tokyo/20_4360_room.html?JKSS=000030114,<li>JR中央線「豊田」駅 徒歩20～24分 またはバス7分 徒歩1～6分</li><li>京王線「長沼」駅 徒歩26～28分</li><li>JR八高線「北八王子」駅 徒歩23～25分</li>
tokyo,hachioji,シティハイツ日野旭が丘,85900,,,,,,,日野市旭が丘4-7-5,3号棟,鉄筋コンクリート造、鉄骨鉄筋コンクリート造,1,N,114号室,1LDK,49,6,83200,2700,2か月,"['近居割', '近居割WIDE']",随時,https://www.ur-net.go.jp/chintai/kanto/tokyo/20_4360_room.html?JKSS=000030114,<li>JR中央線「豊田」駅 徒歩20～24分 またはバス7分 徒歩1～6分</li><li>京王線「長沼」駅 徒歩26～28分</li><li>JR八高線「北八王子」駅 徒歩23～25分</li>
tokyo,nagayama,多摩ニュータウン ファインヒルいなぎ ビューコート若葉台,160500,京王相模原線「若葉台」駅,16.0,18.0,京王相模原線「若葉台」駅,3.0,5.0,稲城市若葉台4-33,4号棟,鉄筋コンクリート造,7,N,703号室,3LDK,82,8,155800,4700,2か月,"['近居割', '近居割WIDE']",随時,https://www.ur-net.go.jp/chintai/kanto/tokyo/20_5910_room.html?JKSS=000040703,<li>京王相模原線「若葉台」駅 徒歩16～18分 またはバス2分 徒歩1～3分</li><li>小田急多摩線「はるひ野」駅 徒歩18～19分</li><li>小田急多摩線「黒川」駅 徒歩28～30分</li>
tokyo,nagayama,多摩ニュータウン ファインヒルいなぎ ビューコート若葉台,160500,小田急多摩線「はるひ野」駅,18.0,19.0,,,,稲城市若葉台4-33,4号棟,鉄筋コンクリート造,7,N,703号室,3LDK,82,8,155800,4700,2か月,"['近居割', '近居割WIDE']",随時,https://www.ur-net.go.jp/chintai/kanto/tokyo/20_5910_room.html?JKSS=000040703,<li>京王相模原線「若葉台」駅 徒歩16～18分 またはバス2分 徒歩1～3分</li><li>小田急多摩線「はるひ野」駅 徒歩18～19分</li><li>小田急多摩線「黒川」駅 徒歩28～30分</li>
tokyo,nagayama,多摩ニュータウン ファインヒルいなぎ ビューコート若葉台,160500,小田急多摩線「黒川」駅,28.0,30.0,,,,稲城市若葉台4-33,4号棟,鉄筋コンクリート造,7,N,703号室,3LDK,82,8,155800,4700,2か月,"['近居割', '近居割WIDE']",随時,https://www.ur-net.go.jp/chintai/kanto/tokyo/20_5910_room.html?JKSS=000040703,<li>京王相模原線「若葉台」駅 徒歩16～18分 またはバス2分 徒歩1～3分</li><li>小田急多摩線「はるひ野」駅 徒歩18～19分</li><li>小田急多摩線「黒川」駅 徒歩28～30分</li>
tokyo,nagayama,多摩ニュータウン ファインヒルいなぎ ビューコート若葉台,160500,,,,,,,稲城市若葉台4-33,4号棟,鉄筋コンクリート造,7,N,703号室,3LDK,82,8,155800,4700,2か月,"['近居割', '近居割WIDE']",随時,https://www.ur-net.go.jp/chintai/kanto/tokyo/20_5910_room.html?JKSS=000040703,<li>京王相模原線「若葉台」駅 徒歩16～18分 またはバス2分 徒歩1～3分</li><li>小田急多摩線「はるひ野」駅 徒歩18～19分</li><li>小田急多摩線「黒川」駅 徒歩28～30分</li>
kanagawa,shinyurigaoka,星が丘パークランド　ひよどり台,113400,京王相模原線「京王稲田堤」駅,13.0,15.0,,,,川崎市多摩区菅北浦5-7,4号棟,鉄筋コンクリート造,5,N,505号室,3LDK,67,5,110900,2500,2か月,['近居割'],随時,https://www.ur-net.go.jp/chintai/kanto/kanagawa/40_2410_room.html?JKSS=000040505,<li>京王相模原線「京王稲田堤」駅 徒歩13～15分</li><li>JR南武線「稲田堤」駅 徒歩12～13分</li><li>小田急小田原線「読売ランド前」駅バス5分 徒歩4～7分</li>
kanagawa,shinyurigaoka,星が丘パークランド　ひよどり台,113400,JR南武線「稲田堤」駅,12.0,13.0,,,,川崎市多摩区菅北浦5-7,4号棟,鉄筋コンクリート造,5,N,505号室,3LDK,67,5,110900,2500,2か月,['近居割'],随時,https://www.ur-net.go.jp/chintai/kanto/kanagawa/40_2410_room.html?JKSS=000040505,<li>京王相模原線「京王稲田堤」駅 徒歩13～15分</li><li>JR南武線「稲田堤」駅 徒歩12～13分</li><li>小田急小田原線「読売ランド前」駅バス5分 徒歩4～7分</li>
kanagawa,shinyurigaoka,星が丘パークランド　ひよどり台,113400,,,,小田急小田原線「読売ランド前」駅,9.0,12.0,川崎市多摩区菅北浦5-7,4号棟,鉄筋コンクリート造,5,N,505号室,3LDK,67,5,110900,2500,2か月,['近居割'],随時,https://www.ur-net.go.jp/chintai/kanto/kanagawa/40_2410_room.html?JKSS=000040505,<li>京王相模原線「京王稲田堤」駅 徒歩13～15分</li><li>JR南武線「稲田堤」駅 徒歩12～13分</li><li>小田急小田原線「読売ランド前」駅バス5分 徒歩4～7分</li>
kanagawa,shinyurigaoka,星が丘パークランド　ひよどり台,113400,,,,,,,川崎市多摩区菅北浦5-7,4号棟,鉄筋コンクリート造,5,N,505号室,3LDK,67,5,110900,2500,2か月,['近居割'],随時,https://www.ur-net.go.jp/chintai/kanto/kanagawa/40_2410_room.html?JKSS=000040505,<li>京王相模原線「京王稲田堤」駅 徒歩13～15分</li><li>JR南武線「稲田堤」駅 徒歩12～13分</li><li>小田急小田原線「読売ランド前」駅バス5分 徒歩4～7分</li>
kanagawa,shinyurigaoka,星が丘パークランド　ひよどり台,114400,京王相模原線「京王稲田堤」駅,13.0,15.0,,,,川崎市多摩区菅北浦5-7,4号棟,鉄筋コンクリート造,1,N,102号室,3LDK,67,5,111900,2500,2か月,['近居割'],随時,https://www.ur-net.go.jp/chintai/kanto/kanagawa/40_2410_room.html?JKSS=000040102,<li>京王相模原線「京王稲田堤」駅 徒歩13～15分</li><li>JR南武線「稲田堤」駅 徒歩12～13分</li><li>小田急小田原線「読売ランド前」駅バス5分 徒歩4～7分</li>
kanagawa,shinyurigaoka,星が丘パークランド　ひよどり台,114400,JR南武線「稲田堤」駅,12.0,13.0,,,,川崎市多摩区菅北浦5-7,4号棟,鉄筋コンクリート造,1,N,102号室,3LDK,67,5,111900,2500,2か月,['近居割'],随時,https://www.ur-net.go.jp/chintai/kanto/kanagawa/40_2410_room.html?JKSS=000040102,<li>京王相模原線「京王稲田堤」駅 徒歩13～15分</li><li>JR南武線「稲田堤」駅 徒歩12～13分</li><li>小田急小田原線「読売ランド前」駅バス5分 徒歩4～7分</li>
kanagawa,shinyurigaoka,星が丘パークランド　ひよどり台,114400,,,,小田急小田原線「読売ランド前」駅,9.0,12.0,川崎市多摩区菅北浦5-7,4号棟,鉄筋コンクリート造,1,N,102号室,3LDK,67,5,111900,2500,2か月,['近居割'],随時,https://www.ur-net.go.jp/chintai/kanto/kanagawa/40_2410_room.html?JKSS=000040102,<li>京王相模原線「京王稲田堤」駅 徒歩13～15分</li><li>JR南武線「稲田堤」駅 徒歩12～13分</li><li>小田急小田原線「読売ランド前」駅バス5分 徒歩4～7分</li>
kanagawa,shinyurigaoka,星が丘パークランド　ひよどり台,114400,,,,,,,川崎市多摩区菅北浦5-7,4号棟,鉄筋コンクリート造,1,N,102号室,3LDK,67,5,111900,2500,2か月,['近居割'],随時,https://www.ur-net.go.jp/chintai/kanto/kanagawa/40_2410_room.html?JKSS=000040102,<li>京王相模原線「京王稲田堤」駅 徒歩13～15分</li><li>JR南武線「稲田堤」駅 徒歩12～13分</li><li>小田急小田原線「読売ランド前」駅バス5分 徒歩4～7分</li>
kanagawa,shinyurigaoka,アーバンハイツ菅生ヶ丘,99700,,,,小田急小田原線「生田」駅,15.0,15.0,川崎市宮前区菅生ケ丘34-1ほか,,鉄筋コンクリート造,3,N,307号室,1LDK,55,6,92300,7400,2か月,['近居割'],随時,https://www.ur-net.go.jp/chintai/kanto/kanagawa/40_3220_room.html?JKSS=000000307,<li>小田急小田原線「生田」駅バス11分 徒歩4分</li><li>東急田園都市線「溝の口」駅バス21分 徒歩4分</li>
kanagawa,shinyurigaoka,アーバンハイツ菅生ヶ丘,99700,,,,東急田園都市線「溝の口」駅,25.0,25.0,川崎市宮前区菅生ケ丘34-1ほか,,鉄筋コンクリート造,3,N,307号室,1LDK,55,6,92300,7400,2か月,['近居割'],随時,https://www.ur-net.go.jp/chintai/kanto/kanagawa/40_3220_room.html?JKSS=000000307,<li>小田急小田原線「生田」駅バス11分 徒歩4分</li><li>東急田園都市線「溝の口」駅バス21分 徒歩4分</li>
kanagawa,shinyurigaoka,アーバンハイツ菅生ヶ丘,99700,,,,,,,川崎市宮前区菅生ケ丘34-1ほか,,鉄筋コンクリート造,3,N,307号室,1LDK,55,6,92300,7400,2か月,['近居割'],随時,https://www.ur-net.go.jp/chintai/kanto/kanagawa/40_3220_room.html?JKSS=000000307,<li>小田急小田原線「生田」駅バス11分 徒歩4分</li><li>東急田園都市線「溝の口」駅バス21分 徒歩4分</li>
kanagawa,shinyurigaoka,アーバンハイツ菅生ヶ丘,109600,,,,小田急小田原線「生田」駅,15.0,15.0,川崎市宮前区菅生ケ丘34-1ほか,,鉄筋コンクリート造,4,N,401号室,1LDK,61,6,102200,7400,2か月,['近居割'],随時,https://www.ur-net.go.jp/chintai/kanto/kanagawa/40_3220_room.html?JKSS=000000401,<li>小田急小田原線「生田」駅バス11分 徒歩4分</li><li>東急田園都市線「溝の口」駅バス21分 徒歩4分</li>
kanagawa,shinyurigaoka,アーバンハイツ菅生ヶ丘,109600,,,,東急田園都市線「溝の口」駅,25.0,25.0,川崎市宮前区菅生ケ丘34-1ほか,,鉄筋コンクリート造,4,N,401号室,1LDK,61,6,102200,7400,2か月,['近居割'],随時,https://www.ur-net.go.jp/chintai/kanto/kanagawa/40_3220_room.html?JKSS=000000401,<li>小田急小田原線「生田」駅バス11分 徒歩4分</li><li>東急田園都市線「溝の口」駅バス21分 徒歩4分</li>
kanagawa,shinyurigaoka,アーバンハイツ菅生ヶ丘,109600,,,,,,,川崎市宮前区菅生ケ丘34-1ほか,,鉄筋コンクリート造,4,N,401号室,1LDK,61,6,102200,7400,2か月,['近居割'],随時,https://www.ur-net.go.jp/chintai/kanto/kanagawa/40_3220_room.html?JKSS=000000401,<li>小田急小田原線「生田」駅バス11分 徒歩4分</li><li>東急田園都市線「溝の口」駅バス21分 徒歩4分</li>
kanagawa,shinyurigaoka,アーバンハイツ菅生ヶ丘,110700,,,,小田急小田原線「生田」駅,15.0,15.0,川崎市宮前区菅生ケ丘34-1ほか,,鉄筋コンクリート造,4,N,405号室,2LDK,68,6,103300,7400,2か月,['近居割'],随時,https://www.ur-net.go.jp/chintai/kanto/kanagawa/40_3220_room.html?JKSS=000000405,<li>小田急小田原線「生田」駅バス11分 徒歩4分</li><li>東急田園都市線「溝の口」駅バス21分 徒歩4分</li>
kanagawa,shinyurigaoka,アーバンハイツ菅生ヶ丘,110700,,,,東急田園都市線「溝の口」駅,25.0,25.0,川崎市宮前区菅生ケ丘34-1ほか,,鉄筋コンクリート造,4,N,405号室,2LDK,68,6,103300,7400,2か月,['近居割'],随時,https://www.ur-net.go.jp/chintai/kanto/kanagawa/40_3220_room.html?JKSS=000000405,<li>小田急小田原線「生田」駅バス11分 徒歩4分</li><li>東急田園都市線「溝の口」駅バス21分 徒歩4分</li>
kanagawa,shinyurigaoka,アーバンハイツ菅生ヶ丘,110700,,,,,,,川崎市宮前区菅生ケ丘34-1ほか,,鉄筋コンクリート造,4,N,405号室,2LDK,68,6,103300,7400,2か月,['近居割'],随時,https://www.ur-net.go.jp/chintai/kanto/kanagawa/40_3220_room.html?JKSS=000000405,<li>小田急小田原線「生田」駅バス11分 徒歩4分</li><li>東急田園都市線「溝の口」駅バス21分 徒歩4分</li>
kanagawa,shinyurigaoka,コンフォール生田菅生ヶ丘,156100,,,,小田急小田原線「生田」駅,17.0,18.0,川崎市宮前区菅生ケ丘24,3号棟,鉄筋コンクリート造,2,N,201号室,4LDK,92,3,145300,10800,2か月,['近居割'],随時,https://www.ur-net.go.jp/chintai/kanto/kanagawa/40_3700_room.html?JKSS=000030201,<li>小田急小田原線「生田」駅バス11分 徒歩6～7分</li><li>東急田園都市線「溝の口」駅バス21分 徒歩3～4分</li><li>東急田園都市線「たまプラーザ」駅バス9分 徒歩7～8分</li>
kanagawa,shinyurigaoka,コンフォール生田菅生ヶ丘,156100,,,,東急田園都市線「溝の口」駅,24.0,25.0,川崎市宮前区菅生ケ丘24,3号棟,鉄筋コンクリート造,2,N,201号室,4LDK,92,3,145300,10800,2か月,['近居割'],随時,https://www.ur-net.go.jp/chintai/kanto/kanagawa/40_3700_room.html?JKSS=000030201,<li>小田急小田原線「生田」駅バス11分 徒歩6～7分</li><li>東急田園都市線「溝の口」駅バス21分 徒歩3～4分</li><li>東急田園都市線「たまプラーザ」駅バス9分 徒歩7～8分</li>
kanagawa,shinyurigaoka,コンフォール生田菅生ヶ丘,156100,,,,東急田園都市線「たまプラーザ」駅,16.0,17.0,川崎市宮前区菅生ケ丘24,3号棟,鉄筋コンクリート造,2,N,201号室,4LDK,92,3,145300,10800,2か月,['近居割'],随時,https://www.ur-net.go.jp/chintai/kanto/kanagawa/40_3700_room.html?JKSS=000030201,<li>小田急小田原線「生田」駅バス11分 徒歩6～7分</li><li>東急田園都市線「溝の口」駅バス21分 徒歩3～4分</li><li>東急田園都市線「たまプラーザ」駅バス9分 徒歩7～8分</li>
kanagawa,shinyurigaoka,コンフォール生田菅生ヶ丘,156100,,,,,,,川崎市宮前区菅生ケ丘24,3号棟,鉄筋コンクリート造,2,N,201号室,4LDK,92,3,145300,10800,2か月,['近居割'],随時,https://www.ur-net.go.jp/chintai/kanto/kanagawa/40_3700_room.html?JKSS=000030201,<li>小田急小田原線「生田」駅バス11分 徒歩6～7分</li><li>東急田園都市線「溝の口」駅バス21分 徒歩3～4分</li><li>東急田園都市線「たまプラーザ」駅バス9分 徒歩7～8分</li>
kanagawa,hiyoshi,サンヴァリエ日吉,135200,東急東横線「日吉」駅,19.0,23.0,東急東横線「日吉」駅,15.0,18.0,横浜市港北区下田町4-1ほか,12号棟,鉄筋コンクリート造,2,N,215号室,1LDK,53,8,130800,4400,2か月,['近居割'],随時,https://www.ur-net.go.jp/chintai/kanto/kanagawa/40_3290_room.html?JKSS=000120215,<li>東急東横線「日吉」駅 徒歩19～23分</li><li>東急東横線「日吉」駅バス14分 徒歩1～4分</li><li>横浜市営地下鉄グリーンライン「日吉本町」駅 徒歩13～16分</li>
kanagawa,hiyoshi,サンヴァリエ日吉,135200,横浜市営地下鉄グリーンライン「日吉本町」駅,13.0,16.0,,,,横浜市港北区下田町4-1ほか,12号棟,鉄筋コンクリート造,2,N,215号室,1LDK,53,8,130800,4400,2か月,['近居割'],随時,https://www.ur-net.go.jp/chintai/kanto/kanagawa/40_3290_room.html?JKSS=000120215,<li>東急東横線「日吉」駅 徒歩19～23分</li><li>東急東横線「日吉」駅バス14分 徒歩1～4分</li><li>横浜市営地下鉄グリーンライン「日吉本町」駅 徒歩13～16分</li>
kanagawa,hiyoshi,サンヴァリエ日吉,135200,,,,,,,横浜市港北区下田町4-1ほか,12号棟,鉄筋コンクリート造,2,N,215号室,1LDK,53,8,130800,4400,2か月,['近居割'],随時,https://www.ur-net.go.jp/chintai/kanto/kanagawa/40_3290_room.html?JKSS=000120215,<li>東急東横線「日吉」駅 徒歩19～23分</li><li>東急東横線「日吉」駅バス14分 徒歩1～4分</li><li>横浜市営地下鉄グリーンライン「日吉本町」駅 徒歩13～16分</li>
kanagawa,hiyoshi,サンヴァリエ日吉,136700,東急東横線「日吉」駅,19.0,23.0,東急東横線「日吉」駅,15.0,18.0,横浜市港北区下田町4-1ほか,12号棟,鉄筋コンクリート造,3,N,307号室,1LDK,51,8,132300,4400,2か月,['近居割'],随時,https://www.ur-net.go.jp/chintai/kanto/kanagawa/40_3290_room.html?JKSS=000120307,<li>東急東横線「日吉」駅 徒歩19～23分</li><li>東急東横線「日吉」駅バス14分 徒歩1～4分</li><li>横浜市営地下鉄グリーンライン「日吉本町」駅 徒歩13～16分</li>
kanagawa,hiyoshi,サンヴァリエ日吉,136700,横浜市営地下鉄グリーンライン「日吉本町」駅,13.0,16.0,,,,横浜市港北区下田町4-1ほか,12号棟,鉄筋コンクリート造,3,N,307号室,1LDK,51,8,132300,4400,2か月,['近居割'],随時,https://www.ur-net.go.jp/chintai/kanto/kanagawa/40_3290_room.html?JKSS=000120307,<li>東急東横線「日吉」駅 徒歩19～23分</li><li>東急東横線「日吉」駅バス14分 徒歩1～4分</li><li>横浜市営地下鉄グリーンライン「日吉本町」駅 徒歩13～16分</li>
kanagawa,hiyoshi,サンヴァリエ日吉,136700,,,,,,,横浜市港北区下田町4-1ほか,12号棟,鉄筋コンクリート造,3,N,307号室,1LDK,51,8,132300,4400,2か月,['近居割'],随時,https://www.ur-net.go.jp/chintai/kanto/kanagawa/40_3290_room.html?JKSS=000120307,<li>東急東横線「日吉」駅 徒歩19～23分</li><li>東急東横線「日吉」駅バス14分 徒歩1～4分</li><li>横浜市営地下鉄グリーンライン「日吉本町」駅 徒歩13～16分</li>
kanagawa,hiyoshi,サンヴァリエ日吉,158100,東急東横線「日吉」駅,19.0,23.0,東急東横線「日吉」駅,15.0,18.0,横浜市港北区下田町4-1ほか,13号棟,鉄筋コンクリート造,7,N,707号室,2LDK,62,7,153700,4400,2か月,['近居割'],随時,https://www.ur-net.go.jp/chintai/kanto/kanagawa/40_3290_room.html?JKSS=000130707,<li>東急東横線「日吉」駅 徒歩19～23分</li><li>東急東横線「日吉」駅バス14分 徒歩1～4分</li><li>横浜市営地下鉄グリーンライン「日吉本町」駅 徒歩13～16分</li>
kanagawa,hiyoshi,サンヴァリエ日吉,158100,横浜市営地下鉄グリーンライン「日吉本町」駅,13.0,16.0,,,,横浜市港北区下田町4-1ほか,13号棟,鉄筋コンクリート造,7,N,707号室,2LDK,62,7,153700,4400,2か月,['近居割'],随時,https://www.ur-net.go.jp/chintai/kanto/kanagawa/40_3290_room.html?JKSS=000130707,<li>東急東横線「日吉」駅 徒歩19～23分</li><li>東急東横線「日吉」駅バス14分 徒歩1～4分</li><li>横浜市営地下鉄グリーンライン「日吉本町」駅 徒歩13～16分</li>
kanagawa,hiyoshi,サンヴァリエ日吉,158100,,,,,,,横浜市港北区下田町4-1ほか,13号棟,鉄筋コンクリート造,7,N,707号室,2LDK,62,7,153700,4400,2か月,['近居割'],随時,https://www.ur-net.go.jp/chintai/kanto/kanagawa/40_3290_room.html?JKSS=000130707,<li>東急東横線「日吉」駅 徒歩19～23分</li><li>東急東横線「日吉」駅バス14分 徒歩1～4分</li><li>横浜市営地下鉄グリーンライン「日吉本町」駅 徒歩13～16分</li>
kanagawa,hiyoshi,サンヴァリエ日吉,169100,東急東横線「日吉」駅,19.0,23.0,東急東横線「日吉」駅,15.0,18.0,横浜市港北区下田町4-1ほか,12号棟,鉄筋コンクリート造,7,N,716号室,3DK,68,8,164700,4400,2か月,['近居割'],随時,https://www.ur-net.go.jp/chintai/kanto/kanagawa/40_3290_room.html?JKSS=000120716,<li>東急東横線「日吉」駅 徒歩19～23分</li><li>東急東横線「日吉」駅バス14分 徒歩1～4分</li><li>横浜市営地下鉄グリーンライン「日吉本町」駅 徒歩13～16分</li>
kanagawa,hiyoshi,サンヴァリエ日吉,169100,横浜市営地下鉄グリーンライン「日吉本町」駅,13.0,16.0,,,,横浜市港北区下田町4-1ほか,12号棟,鉄筋コンクリート造,7,N,716号室,3DK,68,8,164700,4400,2か月,['近居割'],随時,https://www.ur-net.go.jp/chintai/kanto/kanagawa/40_3290_room.html?JKSS=000120716,<li>東急東横線「日吉」駅 徒歩19～23分</li><li>東急東横線「日吉」駅バス14分 徒歩1～4分</li><li>横浜市営地下鉄グリーンライン「日吉本町」駅 徒歩13～16分</li>
kanagawa,hiyoshi,サンヴァリエ日吉,169100,,,,,,,横浜市港北区下田町4-1ほか,12号棟,鉄筋コンクリート造,7,N,716号室,3DK,68,8,164700,4400,2か月,['近居割'],随時,https://www.ur-net.go.jp/chintai/kanto/kanagawa/40_3290_room.html?JKSS=000120716,<li>東急東横線「日吉」駅 徒歩19～23分</li><li>東急東横線「日吉」駅バス14分 徒歩1～4分</li><li>横浜市営地下鉄グリーンライン「日吉本町」駅 徒歩13～16分</li>
kanagawa,hiyoshi,サンヴァリエ日吉,178100,東急東横線「日吉」駅,19.0,23.0,東急東横線「日吉」駅,15.0,18.0,横浜市港北区下田町4-1ほか,2号棟,鉄筋コンクリート造,3,N,308号室,3LDK,71,5,173700,4400,2か月,['近居割'],随時,https://www.ur-net.go.jp/chintai/kanto/kanagawa/40_3290_room.html?JKSS=000020308,<li>東急東横線「日吉」駅 徒歩19～23分</li><li>東急東横線「日吉」駅バス14分 徒歩1～4分</li><li>横浜市営地下鉄グリーンライン「日吉本町」駅 徒歩13～16分</li>
kanagawa,hiyoshi,サンヴァリエ日吉,178100,横浜市営地下鉄グリーンライン「日吉本町」駅,13.0,16.0,,,,横浜市港北区下田町4-1ほか,2号棟,鉄筋コンクリート造,3,N,308号室,3LDK,71,5,173700,4400,2か月,['近居割'],随時,https://www.ur-net.go.jp/chintai/kanto/kanagawa/40_3290_room.html?JKSS=000020308,<li>東急東横線「日吉」駅 徒歩19～23分</li><li>東急東横線「日吉」駅バス14分 徒歩1～4分</li><li>横浜市営地下鉄グリーンライン「日吉本町」駅 徒歩13～16分</li>
kanagawa,hiyoshi,サンヴァリエ日吉,178100,,,,,,,横浜市港北区下田町4-1ほか,2号棟,鉄筋コンクリート造,3,N,308号室,3LDK,71,5,173700,4400,2か月,['近居割'],随時,https://www.ur-net.go.jp/chintai/kanto/kanagawa/40_3290_room.html?JKSS=000020308,<li>東急東横線「日吉」駅 徒歩19～23分</li><li>東急東横線「日吉」駅バス14分 徒歩1～4分</li><li>横浜市営地下鉄グリーンライン「日吉本町」駅 徒歩13～16分</li>
kanagawa,kohoku,霧が丘グリーンタウン,111800,,,,JR横浜線「十日市場」駅,9.0,13.0,横浜市緑区霧が丘3-22-5ほか,24-5号棟,鉄筋コンクリート造,5,N,502号室,3LDK,84,5,106800,5000,2か月,['近居割'],随時,https://www.ur-net.go.jp/chintai/kanto/kanagawa/40_2030_room.html?JKSS=024050502,<li>JR横浜線「十日市場」駅バス7分 徒歩2～6分</li><li>東急田園都市線「青葉台」駅バス19分 徒歩2～6分</li><li>JR横浜線「長津田」駅バス11分 徒歩6～13分</li>
kanagawa,kohoku,霧が丘グリーンタウン,111800,,,,東急田園都市線「青葉台」駅,21.0,25.0,横浜市緑区霧が丘3-22-5ほか,24-5号棟,鉄筋コンクリート造,5,N,502号室,3LDK,84,5,106800,5000,2か月,['近居割'],随時,https://www.ur-net.go.jp/chintai/kanto/kanagawa/40_2030_room.html?JKSS=024050502,<li>JR横浜線「十日市場」駅バス7分 徒歩2～6分</li><li>東急田園都市線「青葉台」駅バス19分 徒歩2～6分</li><li>JR横浜線「長津田」駅バス11分 徒歩6～13分</li>
kanagawa,kohoku,霧が丘グリーンタウン,111800,,,,JR横浜線「長津田」駅,17.0,24.0,横浜市緑区霧が丘3-22-5ほか,24-5号棟,鉄筋コンクリート造,5,N,502号室,3LDK,84,5,106800,5000,2か月,['近居割'],随時,https://www.ur-net.go.jp/chintai/kanto/kanagawa/40_2030_room.html?JKSS=024050502,<li>JR横浜線「十日市場」駅バス7分 徒歩2～6分</li><li>東急田園都市線「青葉台」駅バス19分 徒歩2～6分</li><li>JR横浜線「長津田」駅バス11分 徒歩6～13分</li>
kanagawa,kohoku,霧が丘グリーンタウン,111800,,,,,,,横浜市緑区霧が丘3-22-5ほか,24-5号棟,鉄筋コンクリート造,5,N,502号室,3LDK,84,5,106800,5000,2か月,['近居割'],随時,https://www.ur-net.go.jp/chintai/kanto/kanagawa/40_2030_room.html?JKSS=024050502,<li>JR横浜線「十日市場」駅バス7分 徒歩2～6分</li><li>東急田園都市線「青葉台」駅バス19分 徒歩2～6分</li><li>JR横浜線「長津田」駅バス11分 徒歩6～13分</li>
kanagawa,kohoku,霧が丘グリーンタウン,114400,,,,JR横浜線「十日市場」駅,9.0,13.0,横浜市緑区霧が丘3-22-5ほか,24-5号棟,鉄筋コンクリート造,4,N,407号室,3LDK,84,5,109400,5000,2か月,['近居割'],随時,https://www.ur-net.go.jp/chintai/kanto/kanagawa/40_2030_room.html?JKSS=024050407,<li>JR横浜線「十日市場」駅バス7分 徒歩2～6分</li><li>東急田園都市線「青葉台」駅バス19分 徒歩2～6分</li><li>JR横浜線「長津田」駅バス11分 徒歩6～13分</li>
kanagawa,kohoku,霧が丘グリーンタウン,114400,,,,東急田園都市線「青葉台」駅,21.0,25.0,横浜市緑区霧が丘3-22-5ほか,24-5号棟,鉄筋コンクリート造,4,N,407号室,3LDK,84,5,109400,5000,2か月,['近居割'],随時,https://www.ur-net.go.jp/chintai/kanto/kanagawa/40_2030_room.html?JKSS=024050407,<li>JR横浜線「十日市場」駅バス7分 徒歩2～6分</li><li>東急田園都市線「青葉台」駅バス19分 徒歩2～6分</li><li>JR横浜線「長津田」駅バス11分 徒歩6～13分</li>
kanagawa,kohoku,霧が丘グリーンタウン,114400,,,,JR横浜線「長津田」駅,17.0,24.0,横浜市緑区霧が丘3-22-5ほか,24-5号棟,鉄筋コンクリート造,4,N,407号室,3LDK,84,5,109400,5000,2か月,['近居割'],随時,https://www.ur-net.go.jp/chintai/kanto/kanagawa/40_2030_room.html?JKSS=024050407,<li>JR横浜線「十日市場」駅バス7分 徒歩2～6分</li><li>東急田園都市線「青葉台」駅バス19分 徒歩2～6分</li><li>JR横浜線「長津田」駅バス11分 徒歩6～13分</li>
kanagawa,kohoku,霧が丘グリーンタウン,114400,,,,,,,横浜市緑区霧が丘3-22-5ほか,24-5号棟,鉄筋コンクリート造,4,N,407号室,3LDK,84,5,109400,5000,2か月,['近居割'],随時,https://www.ur-net.go.jp/chintai/kanto/kanagawa/40_2030_room.html?JKSS=024050407,<li>JR横浜線「十日市場」駅バス7分 徒歩2～6分</li><li>東急田園都市線「青葉台」駅バス19分 徒歩2～6分</li><li>JR横浜線「長津田」駅バス11分 徒歩6～13分</li>
kanagawa,kohoku,十日市場ヒルタウン　コンフォール十日市場十四番街,178100,JR横浜線「十日市場」駅,11.0,12.0,,,,横浜市緑区十日市場町1258,14-7号棟,鉄筋コンクリート造,7,N,701号室,4LDK,86,11,173100,5000,2か月,['近居割'],随時,https://www.ur-net.go.jp/chintai/kanto/kanagawa/40_4080_room.html?JKSS=014070701,<li>JR横浜線「十日市場」駅 徒歩11～12分</li><li>東急田園都市線「青葉台」駅バス12分 徒歩11～12分</li><li>JR横浜線「中山」駅バス7分 徒歩8分</li>
kanagawa,kohoku,十日市場ヒルタウン　コンフォール十日市場十四番街,178100,,,,東急田園都市線「青葉台」駅,23.0,24.0,横浜市緑区十日市場町1258,14-7号棟,鉄筋コンクリート造,7,N,701号室,4LDK,86,11,173100,5000,2か月,['近居割'],随時,https://www.ur-net.go.jp/chintai/kanto/kanagawa/40_4080_room.html?JKSS=014070701,<li>JR横浜線「十日市場」駅 徒歩11～12分</li><li>東急田園都市線「青葉台」駅バス12分 徒歩11～12分</li><li>JR横浜線「中山」駅バス7分 徒歩8分</li>
kanagawa,kohoku,十日市場ヒルタウン　コンフォール十日市場十四番街,178100,,,,JR横浜線「中山」駅,15.0,15.0,横浜市緑区十日市場町1258,14-7号棟,鉄筋コンクリート造,7,N,701号室,4LDK,86,11,173100,5000,2か月,['近居割'],随時,https://www.ur-net.go.jp/chintai/kanto/kanagawa/40_4080_room.html?JKSS=014070701,<li>JR横浜線「十日市場」駅 徒歩11～12分</li><li>東急田園都市線「青葉台」駅バス12分 徒歩11～12分</li><li>JR横浜線「中山」駅バス7分 徒歩8分</li>
kanagawa,kohoku,十日市場ヒルタウン　コンフォール十日市場十四番街,178100,,,,,,,横浜市緑区十日市場町1258,14-7号棟,鉄筋コンクリート造,7,N,701号室,4LDK,86,11,173100,5000,2か月,['近居割'],随時,https://www.ur-net.go.jp/chintai/kanto/kanagawa/40_4080_room.html?JKSS=014070701,<li>JR横浜線「十日市場」駅 徒歩11～12分</li><li>東急田園都市線「青葉台」駅バス12分 徒歩11～12分</li><li>JR横浜線「中山」駅バス7分 徒歩8分</li>
kanagawa,shinyurigaoka,すすき野,88600,,,,東急田園都市線「たまプラーザ」駅,14.0,16.0,横浜市青葉区すすき野3-6-1,6-20号棟,鉄筋コンクリート造,3,N,302号室,3K,45,5,85300,3300,2か月,['URライト（4年定借）'],随時,https://www.ur-net.go.jp/chintai/kanto/kanagawa/40_1650_room.html?JKSS=006200302,<li>東急田園都市線「たまプラーザ」駅バス10分 徒歩4～6分</li><li>東急田園都市線「あざみ野」駅バス9分 徒歩4～8分</li><li>小田急小田原線「新百合ヶ丘」駅バス16分 徒歩8～11分</li>
kanagawa,shinyurigaoka,すすき野,88600,,,,東急田園都市線「あざみ野」駅,13.0,17.0,横浜市青葉区すすき野3-6-1,6-20号棟,鉄筋コンクリート造,3,N,302号室,3K,45,5,85300,3300,2か月,['URライト（4年定借）'],随時,https://www.ur-net.go.jp/chintai/kanto/kanagawa/40_1650_room.html?JKSS=006200302,<li>東急田園都市線「たまプラーザ」駅バス10分 徒歩4～6分</li><li>東急田園都市線「あざみ野」駅バス9分 徒歩4～8分</li><li>小田急小田原線「新百合ヶ丘」駅バス16分 徒歩8～11分</li>
kanagawa,shinyurigaoka,すすき野,88600,,,,小田急小田原線「新百合ヶ丘」駅,24.0,27.0,横浜市青葉区すすき野3-6-1,6-20号棟,鉄筋コンクリート造,3,N,302号室,3K,45,5,85300,3300,2か月,['URライト（4年定借）'],随時,https://www.ur-net.go.jp/chintai/kanto/kanagawa/40_1650_room.html?JKSS=006200302,<li>東急田園都市線「たまプラーザ」駅バス10分 徒歩4～6分</li><li>東急田園都市線「あざみ野」駅バス9分 徒歩4～8分</li><li>小田急小田原線「新百合ヶ丘」駅バス16分 徒歩8～11分</li>
kanagawa,shinyurigaoka,すすき野,88600,,,,,,,横浜市青葉区すすき野3-6-1,6-20号棟,鉄筋コンクリート造,3,N,302号室,3K,45,5,85300,3300,2か月,['URライト（4年定借）'],随時,https://www.ur-net.go.jp/chintai/kanto/kanagawa/40_1650_room.html?JKSS=006200302,<li>東急田園都市線「たまプラーザ」駅バス10分 徒歩4～6分</li><li>東急田園都市線「あざみ野」駅バス9分 徒歩4～8分</li><li>小田急小田原線「新百合ヶ丘」駅バス16分 徒歩8～11分</li>
kanagawa,shinyurigaoka,奈良北,93800,,,,小田急小田原線「鶴川」駅,15.0,20.0,横浜市青葉区奈良町2913,7号棟,鉄筋コンクリート造、鉄骨鉄筋コンクリート造,6,N,614号室,2LDK,54,8,90900,2900,2か月,"['近居割', '近居割WIDE']",随時,https://www.ur-net.go.jp/chintai/kanto/kanagawa/40_1410_room.html?JKSS=000070614,<li>小田急小田原線「鶴川」駅バス13分 徒歩2～7分</li><li>小田急小田原線「玉川学園前」駅 徒歩15～21分</li><li>東急田園都市線「青葉台」駅バス16～17分 徒歩1～7分</li>
kanagawa,shinyurigaoka,奈良北,93800,小田急小田原線「玉川学園前」駅,15.0,21.0,,,,横浜市青葉区奈良町2913,7号棟,鉄筋コンクリート造、鉄骨鉄筋コンクリート造,6,N,614号室,2LDK,54,8,90900,2900,2か月,"['近居割', '近居割WIDE']",随時,https://www.ur-net.go.jp/chintai/kanto/kanagawa/40_1410_room.html?JKSS=000070614,<li>小田急小田原線「鶴川」駅バス13分 徒歩2～7分</li><li>小田急小田原線「玉川学園前」駅 徒歩15～21分</li><li>東急田園都市線「青葉台」駅バス16～17分 徒歩1～7分</li>
kanagawa,shinyurigaoka,奈良北,93800,,,,東急田園都市線「青葉台」駅,17.0,24.0,横浜市青葉区奈良町2913,7号棟,鉄筋コンクリート造、鉄骨鉄筋コンクリート造,6,N,614号室,2LDK,54,8,90900,2900,2か月,"['近居割', '近居割WIDE']",随時,https://www.ur-net.go.jp/chintai/kanto/kanagawa/40_1410_room.html?JKSS=000070614,<li>小田急小田原線「鶴川」駅バス13分 徒歩2～7分</li><li>小田急小田原線「玉川学園前」駅 徒歩15～21分</li><li>東急田園都市線「青葉台」駅バス16～17分 徒歩1～7分</li>
kanagawa,shinyurigaoka,奈良北,93800,,,,,,,横浜市青葉区奈良町2913,7号棟,鉄筋コンクリート造、鉄骨鉄筋コンクリート造,6,N,614号室,2LDK,54,8,90900,2900,2か月,"['近居割', '近居割WIDE']",随時,https://www.ur-net.go.jp/chintai/kanto/kanagawa/40_1410_room.html?JKSS=000070614,<li>小田急小田原線「鶴川」駅バス13分 徒歩2～7分</li><li>小田急小田原線「玉川学園前」駅 徒歩15～21分</li><li>東急田園都市線「青葉台」駅バス16～17分 徒歩1～7分</li>
kanagawa,shinyurigaoka,グリーンヒル鴨志田中央,109400,,,,東急田園都市線「青葉台」駅,10.0,11.0,横浜市青葉区鴨志田町539-3,3号棟,鉄筋コンクリート造,5,N,502号室,3DK,61,5,104300,5100,2か月,['近居割'],随時,https://www.ur-net.go.jp/chintai/kanto/kanagawa/40_2880_room.html?JKSS=000030502,<li>東急田園都市線「青葉台」駅バス8分 徒歩2～3分</li><li>小田急小田原線「柿生」駅バス13分 徒歩2～3分</li><li>東急こどもの国線「こどもの国」駅 徒歩36分</li>
kanagawa,shinyurigaoka,グリーンヒル鴨志田中央,109400,,,,小田急小田原線「柿生」駅,15.0,16.0,横浜市青葉区鴨志田町539-3,3号棟,鉄筋コンクリート造,5,N,502号室,3DK,61,5,104300,5100,2か月,['近居割'],随時,https://www.ur-net.go.jp/chintai/kanto/kanagawa/40_2880_room.html?JKSS=000030502,<li>東急田園都市線「青葉台」駅バス8分 徒歩2～3分</li><li>小田急小田原線「柿生」駅バス13分 徒歩2～3分</li><li>東急こどもの国線「こどもの国」駅 徒歩36分</li>
kanagawa,shinyurigaoka,グリーンヒル鴨志田中央,109400,東急こどもの国線「こどもの国」駅,36.0,36.0,,,,横浜市青葉区鴨志田町539-3,3号棟,鉄筋コンクリート造,5,N,502号室,3DK,61,5,104300,5100,2か月,['近居割'],随時,https://www.ur-net.go.jp/chintai/kanto/kanagawa/40_2880_room.html?JKSS=000030502,<li>東急田園都市線「青葉台」駅バス8分 徒歩2～3分</li><li>小田急小田原線「柿生」駅バス13分 徒歩2～3分</li><li>東急こどもの国線「こどもの国」駅 徒歩36分</li>
kanagawa,shinyurigaoka,グリーンヒル鴨志田中央,109400,,,,,,,横浜市青葉区鴨志田町539-3,3号棟,鉄筋コンクリート造,5,N,502号室,3DK,61,5,104300,5100,2か月,['近居割'],随時,https://www.ur-net.go.jp/chintai/kanto/kanagawa/40_2880_room.html?JKSS=000030502,<li>東急田園都市線「青葉台」駅バス8分 徒歩2～3分</li><li>小田急小田原線「柿生」駅バス13分 徒歩2～3分</li><li>東急こどもの国線「こどもの国」駅 徒歩36分</li>
kanagawa,yokohamanishiguchi,新山下ベイシティ,113900,みなとみらい線「元町・中華街」駅,16.0,20.0,,,,横浜市中区新山下3-15,1号棟,鉄筋コンクリート造、鉄骨鉄筋コンクリート造,2,N,226号室,1LDK,45,7,109000,4900,2か月,['近居割'],随時,https://www.ur-net.go.jp/chintai/kanto/kanagawa/40_2780_room.html?JKSS=000010226,<li>みなとみらい線「元町・中華街」駅 徒歩16～20分</li><li>JR京浜東北・根岸線「桜木町」駅バス16分 徒歩1～3分</li><li>JR京浜東北・根岸線「根岸」駅バス20分 徒歩1～4分</li>
kanagawa,yokohamanishiguchi,新山下ベイシティ,113900,,,,JR京浜東北・根岸線「桜木町」駅,17.0,19.0,横浜市中区新山下3-15,1号棟,鉄筋コンクリート造、鉄骨鉄筋コンクリート造,2,N,226号室,1LDK,45,7,109000,4900,2か月,['近居割'],随時,https://www.ur-net.go.jp/chintai/kanto/kanagawa/40_2780_room.html?JKSS=000010226,<li>みなとみらい線「元町・中華街」駅 徒歩16～20分</li><li>JR京浜東北・根岸線「桜木町」駅バス16分 徒歩1～3分</li><li>JR京浜東北・根岸線「根岸」駅バス20分 徒歩1～4分</li>
kanagawa,yokohamanishiguchi,新山下ベイシティ,113900,,,,JR京浜東北・根岸線「根岸」駅,21.0,24.0,横浜市中区新山下3-15,1号棟,鉄筋コンクリート造、鉄骨鉄筋コンクリート造,2,N,226号室,1LDK,45,7,109000,4900,2か月,['近居割'],随時,https://www.ur-net.go.jp/chintai/kanto/kanagawa/40_2780_room.html?JKSS=000010226,<li>みなとみらい線「元町・中華街」駅 徒歩16～20分</li><li>JR京浜東北・根岸線「桜木町」駅バス16分 徒歩1～3分</li><li>JR京浜東北・根岸線「根岸」駅バス20分 徒歩1～4分</li>
kanagawa,yokohamanishiguchi,新山下ベイシティ,113900,,,,,,,横浜市中区新山下3-15,1号棟,鉄筋コンクリート造、鉄骨鉄筋コンクリート造,2,N,226号室,1LDK,45,7,109000,4900,2か月,['近居割'],随時,https://www.ur-net.go.jp/chintai/kanto/kanagawa/40_2780_room.html?JKSS=000010226,<li>みなとみらい線「元町・中華街」駅 徒歩16～20分</li><li>JR京浜東北・根岸線「桜木町」駅バス16分 徒歩1～3分</li><li>JR京浜東北・根岸線「根岸」駅バス20分 徒歩1～4分</li>
kanagawa,yokohamanishiguchi,プロムナード本牧,137900,,,,JR京浜東北・根岸線「根岸」駅,16.0,18.0,横浜市中区本牧宮原6-1,2号棟,鉄筋コンクリート造,1,N,103号室,1LDK,60,10,133500,4400,2か月,['近居割'],随時,https://www.ur-net.go.jp/chintai/kanto/kanagawa/40_4070_room.html?JKSS=000020103,<li>JR京浜東北・根岸線「根岸」駅バス14分 徒歩2～4分</li><li>みなとみらい線「元町・中華街」駅バス12分 徒歩2～4分</li><li>JR京浜東北・根岸線「石川町」駅バス13分 徒歩2～4分</li>
kanagawa,yokohamanishiguchi,プロムナード本牧,137900,,,,みなとみらい線「元町・中華街」駅,14.0,16.0,横浜市中区本牧宮原6-1,2号棟,鉄筋コンクリート造,1,N,103号室,1LDK,60,10,133500,4400,2か月,['近居割'],随時,https://www.ur-net.go.jp/chintai/kanto/kanagawa/40_4070_room.html?JKSS=000020103,<li>JR京浜東北・根岸線「根岸」駅バス14分 徒歩2～4分</li><li>みなとみらい線「元町・中華街」駅バス12分 徒歩2～4分</li><li>JR京浜東北・根岸線「石川町」駅バス13分 徒歩2～4分</li>
kanagawa,yokohamanishiguchi,プロムナード本牧,137900,,,,JR京浜東北・根岸線「石川町」駅,15.0,17.0,横浜市中区本牧宮原6-1,2号棟,鉄筋コンクリート造,1,N,103号室,1LDK,60,10,133500,4400,2か月,['近居割'],随時,https://www.ur-net.go.jp/chintai/kanto/kanagawa/40_4070_room.html?JKSS=000020103,<li>JR京浜東北・根岸線「根岸」駅バス14分 徒歩2～4分</li><li>みなとみらい線「元町・中華街」駅バス12分 徒歩2～4分</li><li>JR京浜東北・根岸線「石川町」駅バス13分 徒歩2～4分</li>
kanagawa,yokohamanishiguchi,プロムナード本牧,137900,,,,,,,横浜市中区本牧宮原6-1,2号棟,鉄筋コンクリート造,1,N,103号室,1LDK,60,10,133500,4400,2か月,['近居割'],随時,https://www.ur-net.go.jp/chintai/kanto/kanagawa/40_4070_room.html?JKSS=000020103,<li>JR京浜東北・根岸線「根岸」駅バス14分 徒歩2～4分</li><li>みなとみらい線「元町・中華街」駅バス12分 徒歩2～4分</li><li>JR京浜東北・根岸線「石川町」駅バス13分 徒歩2～4分</li>
kanagawa,yokohamanishiguchi,プロムナード本牧,179400,,,,JR京浜東北・根岸線「根岸」駅,16.0,18.0,横浜市中区本牧宮原6-1,1号棟,鉄筋コンクリート造,2,N,203号室,3LDK,78,10,175000,4400,2か月,['近居割'],随時,https://www.ur-net.go.jp/chintai/kanto/kanagawa/40_4070_room.html?JKSS=000010203,<li>JR京浜東北・根岸線「根岸」駅バス14分 徒歩2～4分</li><li>みなとみらい線「元町・中華街」駅バス12分 徒歩2～4分</li><li>JR京浜東北・根岸線「石川町」駅バス13分 徒歩2～4分</li>
kanagawa,yokohamanishiguchi,プロムナード本牧,179400,,,,みなとみらい線「元町・中華街」駅,14.0,16.0,横浜市中区本牧宮原6-1,1号棟,鉄筋コンクリート造,2,N,203号室,3LDK,78,10,175000,4400,2か月,['近居割'],随時,https://www.ur-net.go.jp/chintai/kanto/kanagawa/40_4070_room.html?JKSS=000010203,<li>JR京浜東北・根岸線「根岸」駅バス14分 徒歩2～4分</li><li>みなとみらい線「元町・中華街」駅バス12分 徒歩2～4分</li><li>JR京浜東北・根岸線「石川町」駅バス13分 徒歩2～4分</li>
kanagawa,yokohamanishiguchi,プロムナード本牧,179400,,,,JR京浜東北・根岸線「石川町」駅,15.0,17.0,横浜市中区本牧宮原6-1,1号棟,鉄筋コンクリート造,2,N,203号室,3LDK,78,10,175000,4400,2か月,['近居割'],随時,https://www.ur-net.go.jp/chintai/kanto/kanagawa/40_4070_room.html?JKSS=000010203,<li>JR京浜東北・根岸線「根岸」駅バス14分 徒歩2～4分</li><li>みなとみらい線「元町・中華街」駅バス12分 徒歩2～4分</li><li>JR京浜東北・根岸線「石川町」駅バス13分 徒歩2～4分</li>
kanagawa,yokohamanishiguchi,プロムナード本牧,179400,,,,,,,横浜市中区本牧宮原6-1,1号棟,鉄筋コンクリート造,2,N,203号室,3LDK,78,10,175000,4400,2か月,['近居割'],随時,https://www.ur-net.go.jp/chintai/kanto/kanagawa/40_4070_room.html?JKSS=000010203,<li>JR京浜東北・根岸線「根岸」駅バス14分 徒歩2～4分</li><li>みなとみらい線「元町・中華街」駅バス12分 徒歩2～4分</li><li>JR京浜東北・根岸線「石川町」駅バス13分 徒歩2～4分</li>
kanagawa,yokohamanishiguchi,ベイシティ本牧南,145600,,,,JR京浜東北・根岸線「根岸」駅,16.0,19.0,横浜市中区本牧原21,4号棟,鉄筋コンクリート造,6,N,605号室,1LDK,54,8,140600,5000,2か月,['近居割'],随時,https://www.ur-net.go.jp/chintai/kanto/kanagawa/40_3820_room.html?JKSS=000040605,<li>JR京浜東北・根岸線「根岸」駅バス13分 徒歩3～6分</li><li>みなとみらい線「元町・中華街」駅バス13分 徒歩3～6分</li><li>JR京浜東北・根岸線「桜木町」駅バス24分 徒歩3～6分</li>
kanagawa,yokohamanishiguchi,ベイシティ本牧南,145600,,,,みなとみらい線「元町・中華街」駅,16.0,19.0,横浜市中区本牧原21,4号棟,鉄筋コンクリート造,6,N,605号室,1LDK,54,8,140600,5000,2か月,['近居割'],随時,https://www.ur-net.go.jp/chintai/kanto/kanagawa/40_3820_room.html?JKSS=000040605,<li>JR京浜東北・根岸線「根岸」駅バス13分 徒歩3～6分</li><li>みなとみらい線「元町・中華街」駅バス13分 徒歩3～6分</li><li>JR京浜東北・根岸線「桜木町」駅バス24分 徒歩3～6分</li>
kanagawa,yokohamanishiguchi,ベイシティ本牧南,145600,,,,JR京浜東北・根岸線「桜木町」駅,27.0,30.0,横浜市中区本牧原21,4号棟,鉄筋コンクリート造,6,N,605号室,1LDK,54,8,140600,5000,2か月,['近居割'],随時,https://www.ur-net.go.jp/chintai/kanto/kanagawa/40_3820_room.html?JKSS=000040605,<li>JR京浜東北・根岸線「根岸」駅バス13分 徒歩3～6分</li><li>みなとみらい線「元町・中華街」駅バス13分 徒歩3～6分</li><li>JR京浜東北・根岸線「桜木町」駅バス24分 徒歩3～6分</li>
kanagawa,yokohamanishiguchi,ベイシティ本牧南,145600,,,,,,,横浜市中区本牧原21,4号棟,鉄筋コンクリート造,6,N,605号室,1LDK,54,8,140600,5000,2か月,['近居割'],随時,https://www.ur-net.go.jp/chintai/kanto/kanagawa/40_3820_room.html?JKSS=000040605,<li>JR京浜東北・根岸線「根岸」駅バス13分 徒歩3～6分</li><li>みなとみらい線「元町・中華街」駅バス13分 徒歩3～6分</li><li>JR京浜東北・根岸線「桜木町」駅バス24分 徒歩3～6分</li>
kanagawa,yokohamanishiguchi,ベイシティ本牧南,159100,,,,JR京浜東北・根岸線「根岸」駅,16.0,19.0,横浜市中区本牧原21,3号棟,鉄筋コンクリート造,5,N,504号室,3LDK,76,12,154100,5000,2か月,['近居割'],随時,https://www.ur-net.go.jp/chintai/kanto/kanagawa/40_3820_room.html?JKSS=000030504,<li>JR京浜東北・根岸線「根岸」駅バス13分 徒歩3～6分</li><li>みなとみらい線「元町・中華街」駅バス13分 徒歩3～6分</li><li>JR京浜東北・根岸線「桜木町」駅バス24分 徒歩3～6分</li>
kanagawa,yokohamanishiguchi,ベイシティ本牧南,159100,,,,みなとみらい線「元町・中華街」駅,16.0,19.0,横浜市中区本牧原21,3号棟,鉄筋コンクリート造,5,N,504号室,3LDK,76,12,154100,5000,2か月,['近居割'],随時,https://www.ur-net.go.jp/chintai/kanto/kanagawa/40_3820_room.html?JKSS=000030504,<li>JR京浜東北・根岸線「根岸」駅バス13分 徒歩3～6分</li><li>みなとみらい線「元町・中華街」駅バス13分 徒歩3～6分</li><li>JR京浜東北・根岸線「桜木町」駅バス24分 徒歩3～6分</li>
kanagawa,yokohamanishiguchi,ベイシティ本牧南,159100,,,,JR京浜東北・根岸線「桜木町」駅,27.0,30.0,横浜市中区本牧原21,3号棟,鉄筋コンクリート造,5,N,504号室,3LDK,76,12,154100,5000,2か月,['近居割'],随時,https://www.ur-net.go.jp/chintai/kanto/kanagawa/40_3820_room.html?JKSS=000030504,<li>JR京浜東北・根岸線「根岸」駅バス13分 徒歩3～6分</li><li>みなとみらい線「元町・中華街」駅バス13分 徒歩3～6分</li><li>JR京浜東北・根岸線「桜木町」駅バス24分 徒歩3～6分</li>
kanagawa,yokohamanishiguchi,ベイシティ本牧南,159100,,,,,,,横浜市中区本牧原21,3号棟,鉄筋コンクリート造,5,N,504号室,3LDK,76,12,154100,5000,2か月,['近居割'],随時,https://www.ur-net.go.jp/chintai/kanto/kanagawa/40_3820_room.html?JKSS=000030504,<li>JR京浜東北・根岸線「根岸」駅バス13分 徒歩3～6分</li><li>みなとみらい線「元町・中華街」駅バス13分 徒歩3～6分</li><li>JR京浜東北・根岸線「桜木町」駅バス24分 徒歩3～6分</li>
kanagawa,yokohamanishiguchi,ベイシティ本牧南,165400,,,,JR京浜東北・根岸線「根岸」駅,16.0,19.0,横浜市中区本牧原21,3号棟,鉄筋コンクリート造,11,N,1107号室,3LDK,76,12,160400,5000,2か月,['近居割'],随時,https://www.ur-net.go.jp/chintai/kanto/kanagawa/40_3820_room.html?JKSS=000031107,<li>JR京浜東北・根岸線「根岸」駅バス13分 徒歩3～6分</li><li>みなとみらい線「元町・中華街」駅バス13分 徒歩3～6分</li><li>JR京浜東北・根岸線「桜木町」駅バス24分 徒歩3～6分</li>
kanagawa,yokohamanishiguchi,ベイシティ本牧南,165400,,,,みなとみらい線「元町・中華街」駅,16.0,19.0,横浜市中区本牧原21,3号棟,鉄筋コンクリート造,11,N,1107号室,3LDK,76,12,160400,5000,2か月,['近居割'],随時,https://www.ur-net.go.jp/chintai/kanto/kanagawa/40_3820_room.html?JKSS=000031107,<li>JR京浜東北・根岸線「根岸」駅バス13分 徒歩3～6分</li><li>みなとみらい線「元町・中華街」駅バス13分 徒歩3～6分</li><li>JR京浜東北・根岸線「桜木町」駅バス24分 徒歩3～6分</li>
kanagawa,yokohamanishiguchi,ベイシティ本牧南,165400,,,,JR京浜東北・根岸線「桜木町」駅,27.0,30.0,横浜市中区本牧原21,3号棟,鉄筋コンクリート造,11,N,1107号室,3LDK,76,12,160400,5000,2か月,['近居割'],随時,https://www.ur-net.go.jp/chintai/kanto/kanagawa/40_3820_room.html?JKSS=000031107,<li>JR京浜東北・根岸線「根岸」駅バス13分 徒歩3～6分</li><li>みなとみらい線「元町・中華街」駅バス13分 徒歩3～6分</li><li>JR京浜東北・根岸線「桜木町」駅バス24分 徒歩3～6分</li>
kanagawa,yokohamanishiguchi,ベイシティ本牧南,165400,,,,,,,横浜市中区本牧原21,3号棟,鉄筋コンクリート造,11,N,1107号室,3LDK,76,12,160400,5000,2か月,['近居割'],随時,https://www.ur-net.go.jp/chintai/kanto/kanagawa/40_3820_room.html?JKSS=000031107,<li>JR京浜東北・根岸線「根岸」駅バス13分 徒歩3～6分</li><li>みなとみらい線「元町・中華街」駅バス13分 徒歩3～6分</li><li>JR京浜東北・根岸線「桜木町」駅バス24分 徒歩3～6分</li>
kanagawa,yokohamanishiguchi,ビューコート小港,155200,みなとみらい線「元町・中華街」駅,21.0,23.0,,,,横浜市中区小港町1-1-2,5号棟,鉄筋コンクリート造,14,N,1404号室,3DK,62,14,149900,5300,2か月,['近居割'],随時,https://www.ur-net.go.jp/chintai/kanto/kanagawa/40_3310_room.html?JKSS=000051404,<li>みなとみらい線「元町・中華街」駅 徒歩21～23分</li><li>JR京浜東北・根岸線「桜木町」駅バス18分 徒歩3～5分</li><li>JR京浜東北・根岸線「根岸」駅バス18分 徒歩3～5分</li>
kanagawa,yokohamanishiguchi,ビューコート小港,155200,,,,JR京浜東北・根岸線「桜木町」駅,21.0,23.0,横浜市中区小港町1-1-2,5号棟,鉄筋コンクリート造,14,N,1404号室,3DK,62,14,149900,5300,2か月,['近居割'],随時,https://www.ur-net.go.jp/chintai/kanto/kanagawa/40_3310_room.html?JKSS=000051404,<li>みなとみらい線「元町・中華街」駅 徒歩21～23分</li><li>JR京浜東北・根岸線「桜木町」駅バス18分 徒歩3～5分</li><li>JR京浜東北・根岸線「根岸」駅バス18分 徒歩3～5分</li>
kanagawa,yokohamanishiguchi,ビューコート小港,155200,,,,JR京浜東北・根岸線「根岸」駅,21.0,23.0,横浜市中区小港町1-1-2,5号棟,鉄筋コンクリート造,14,N,1404号室,3DK,62,14,149900,5300,2か月,['近居割'],随時,https://www.ur-net.go.jp/chintai/kanto/kanagawa/40_3310_room.html?JKSS=000051404,<li>みなとみらい線「元町・中華街」駅 徒歩21～23分</li><li>JR京浜東北・根岸線「桜木町」駅バス18分 徒歩3～5分</li><li>JR京浜東北・根岸線「根岸」駅バス18分 徒歩3～5分</li>
kanagawa,yokohamanishiguchi,ビューコート小港,155200,,,,,,,横浜市中区小港町1-1-2,5号棟,鉄筋コンクリート造,14,N,1404号室,3DK,62,14,149900,5300,2か月,['近居割'],随時,https://www.ur-net.go.jp/chintai/kanto/kanagawa/40_3310_room.html?JKSS=000051404,<li>みなとみらい線「元町・中華街」駅 徒歩21～23分</li><li>JR京浜東北・根岸線「桜木町」駅バス18分 徒歩3～5分</li><li>JR京浜東北・根岸線「根岸」駅バス18分 徒歩3～5分</li>
kanagawa,futamatagawa,西久保町公園ハイツ,163200,相鉄本線「天王町」駅,5.0,7.0,,,,横浜市保土ケ谷区西久保町1-4,2号棟,鉄骨鉄筋コンクリート造,9,N,918号室,3LDK,63,14,159000,4200,2か月,['近居割'],随時,https://www.ur-net.go.jp/chintai/kanto/kanagawa/40_2460_room.html?JKSS=000020918,<li>相鉄本線「天王町」駅 徒歩5～7分</li><li>JR横須賀線「保土ケ谷」駅 徒歩11～12分</li><li>相鉄本線「西横浜」駅 徒歩7～8分</li>
kanagawa,futamatagawa,西久保町公園ハイツ,163200,JR横須賀線「保土ケ谷」駅,11.0,12.0,,,,横浜市保土ケ谷区西久保町1-4,2号棟,鉄骨鉄筋コンクリート造,9,N,918号室,3LDK,63,14,159000,4200,2か月,['近居割'],随時,https://www.ur-net.go.jp/chintai/kanto/kanagawa/40_2460_room.html?JKSS=000020918,<li>相鉄本線「天王町」駅 徒歩5～7分</li><li>JR横須賀線「保土ケ谷」駅 徒歩11～12分</li><li>相鉄本線「西横浜」駅 徒歩7～8分</li>
kanagawa,futamatagawa,西久保町公園ハイツ,163200,相鉄本線「西横浜」駅,7.0,8.0,,,,横浜市保土ケ谷区西久保町1-4,2号棟,鉄骨鉄筋コンクリート造,9,N,918号室,3LDK,63,14,159000,4200,2か月,['近居割'],随時,https://www.ur-net.go.jp/chintai/kanto/kanagawa/40_2460_room.html?JKSS=000020918,<li>相鉄本線「天王町」駅 徒歩5～7分</li><li>JR横須賀線「保土ケ谷」駅 徒歩11～12分</li><li>相鉄本線「西横浜」駅 徒歩7～8分</li>
kanagawa,futamatagawa,西久保町公園ハイツ,163200,,,,,,,横浜市保土ケ谷区西久保町1-4,2号棟,鉄骨鉄筋コンクリート造,9,N,918号室,3LDK,63,14,159000,4200,2か月,['近居割'],随時,https://www.ur-net.go.jp/chintai/kanto/kanagawa/40_2460_room.html?JKSS=000020918,<li>相鉄本線「天王町」駅 徒歩5～7分</li><li>JR横須賀線「保土ケ谷」駅 徒歩11～12分</li><li>相鉄本線「西横浜」駅 徒歩7～8分</li>
kanagawa,futamatagawa,左近山,70600,,,,相鉄本線「二俣川」駅,14.0,23.0,横浜市旭区左近山16-1ほか,7-8号棟,鉄筋コンクリート造、鉄骨鉄筋コンクリート造,5,N,506号室,3K,50,5,65800,4800,2か月,"['近居割', '近居割WIDE']",随時,https://www.ur-net.go.jp/chintai/kanto/kanagawa/40_1180_room.html?JKSS=007080506,<li>相鉄本線「二俣川」駅バス13～17分 徒歩1～6分</li><li>JR横須賀線「東戸塚」駅バス25～31分 徒歩1～6分</li><li>相鉄本線「鶴ヶ峰」駅バス24～29分 徒歩1～6分</li>
kanagawa,futamatagawa,左近山,70600,,,,JR横須賀線「東戸塚」駅,26.0,37.0,横浜市旭区左近山16-1ほか,7-8号棟,鉄筋コンクリート造、鉄骨鉄筋コンクリート造,5,N,506号室,3K,50,5,65800,4800,2か月,"['近居割', '近居割WIDE']",随時,https://www.ur-net.go.jp/chintai/kanto/kanagawa/40_1180_room.html?JKSS=007080506,<li>相鉄本線「二俣川」駅バス13～17分 徒歩1～6分</li><li>JR横須賀線「東戸塚」駅バス25～31分 徒歩1～6分</li><li>相鉄本線「鶴ヶ峰」駅バス24～29分 徒歩1～6分</li>
kanagawa,futamatagawa,左近山,70600,,,,相鉄本線「鶴ヶ峰」駅,25.0,35.0,横浜市旭区左近山16-1ほか,7-8号棟,鉄筋コンクリート造、鉄骨鉄筋コンクリート造,5,N,506号室,3K,50,5,65800,4800,2か月,"['近居割', '近居割WIDE']",随時,https://www.ur-net.go.jp/chintai/kanto/kanagawa/40_1180_room.html?JKSS=007080506,<li>相鉄本線「二俣川」駅バス13～17分 徒歩1～6分</li><li>JR横須賀線「東戸塚」駅バス25～31分 徒歩1～6分</li><li>相鉄本線「鶴ヶ峰」駅バス24～29分 徒歩1～6分</li>
kanagawa,futamatagawa,左近山,70600,,,,,,,横浜市旭区左近山16-1ほか,7-8号棟,鉄筋コンクリート造、鉄骨鉄筋コンクリート造,5,N,506号室,3K,50,5,65800,4800,2か月,"['近居割', '近居割WIDE']",随時,https://www.ur-net.go.jp/chintai/kanto/kanagawa/40_1180_room.html?JKSS=007080506,<li>相鉄本線「二俣川」駅バス13～17分 徒歩1～6分</li><li>JR横須賀線「東戸塚」駅バス25～31分 徒歩1～6分</li><li>相鉄本線「鶴ヶ峰」駅バス24～29分 徒歩1～6分</li>
kanagawa,futamatagawa,左近山,70600,,,,相鉄本線「二俣川」駅,14.0,23.0,横浜市旭区左近山16-1ほか,8-7号棟,鉄筋コンクリート造、鉄骨鉄筋コンクリート造,5,N,503号室,2LDK,50,5,65800,4800,2か月,"['近居割', '近居割WIDE']",随時,https://www.ur-net.go.jp/chintai/kanto/kanagawa/40_1180_room.html?JKSS=008070503,<li>相鉄本線「二俣川」駅バス13～17分 徒歩1～6分</li><li>JR横須賀線「東戸塚」駅バス25～31分 徒歩1～6分</li><li>相鉄本線「鶴ヶ峰」駅バス24～29分 徒歩1～6分</li>
kanagawa,futamatagawa,左近山,70600,,,,JR横須賀線「東戸塚」駅,26.0,37.0,横浜市旭区左近山16-1ほか,8-7号棟,鉄筋コンクリート造、鉄骨鉄筋コンクリート造,5,N,503号室,2LDK,50,5,65800,4800,2か月,"['近居割', '近居割WIDE']",随時,https://www.ur-net.go.jp/chintai/kanto/kanagawa/40_1180_room.html?JKSS=008070503,<li>相鉄本線「二俣川」駅バス13～17分 徒歩1～6分</li><li>JR横須賀線「東戸塚」駅バス25～31分 徒歩1～6分</li><li>相鉄本線「鶴ヶ峰」駅バス24～29分 徒歩1～6分</li>
kanagawa,futamatagawa,左近山,70600,,,,相鉄本線「鶴ヶ峰」駅,25.0,35.0,横浜市旭区左近山16-1ほか,8-7号棟,鉄筋コンクリート造、鉄骨鉄筋コンクリート造,5,N,503号室,2LDK,50,5,65800,4800,2か月,"['近居割', '近居割WIDE']",随時,https://www.ur-net.go.jp/chintai/kanto/kanagawa/40_1180_room.html?JKSS=008070503,<li>相鉄本線「二俣川」駅バス13～17分 徒歩1～6分</li><li>JR横須賀線「東戸塚」駅バス25～31分 徒歩1～6分</li><li>相鉄本線「鶴ヶ峰」駅バス24～29分 徒歩1～6分</li>
kanagawa,futamatagawa,左近山,70600,,,,,,,横浜市旭区左近山16-1ほか,8-7号棟,鉄筋コンクリート造、鉄骨鉄筋コンクリート造,5,N,503号室,2LDK,50,5,65800,4800,2か月,"['近居割', '近居割WIDE']",随時,https://www.ur-net.go.jp/chintai/kanto/kanagawa/40_1180_room.html?JKSS=008070503,<li>相鉄本線「二俣川」駅バス13～17分 徒歩1～6分</li><li>JR横須賀線「東戸塚」駅バス25～31分 徒歩1～6分</li><li>相鉄本線「鶴ヶ峰」駅バス24～29分 徒歩1～6分</li>
kanagawa,futamatagawa,左近山,70600,,,,相鉄本線「二俣川」駅,14.0,23.0,横浜市旭区左近山16-1ほか,8-16号棟,鉄筋コンクリート造、鉄骨鉄筋コンクリート造,5,N,503号室,3K,50,5,65800,4800,2か月,"['近居割', '近居割WIDE']",随時,https://www.ur-net.go.jp/chintai/kanto/kanagawa/40_1180_room.html?JKSS=008160503,<li>相鉄本線「二俣川」駅バス13～17分 徒歩1～6分</li><li>JR横須賀線「東戸塚」駅バス25～31分 徒歩1～6分</li><li>相鉄本線「鶴ヶ峰」駅バス24～29分 徒歩1～6分</li>
kanagawa,futamatagawa,左近山,70600,,,,JR横須賀線「東戸塚」駅,26.0,37.0,横浜市旭区左近山16-1ほか,8-16号棟,鉄筋コンクリート造、鉄骨鉄筋コンクリート造,5,N,503号室,3K,50,5,65800,4800,2か月,"['近居割', '近居割WIDE']",随時,https://www.ur-net.go.jp/chintai/kanto/kanagawa/40_1180_room.html?JKSS=008160503,<li>相鉄本線「二俣川」駅バス13～17分 徒歩1～6分</li><li>JR横須賀線「東戸塚」駅バス25～31分 徒歩1～6分</li><li>相鉄本線「鶴ヶ峰」駅バス24～29分 徒歩1～6分</li>
kanagawa,futamatagawa,左近山,70600,,,,相鉄本線「鶴ヶ峰」駅,25.0,35.0,横浜市旭区左近山16-1ほか,8-16号棟,鉄筋コンクリート造、鉄骨鉄筋コンクリート造,5,N,503号室,3K,50,5,65800,4800,2か月,"['近居割', '近居割WIDE']",随時,https://www.ur-net.go.jp/chintai/kanto/kanagawa/40_1180_room.html?JKSS=008160503,<li>相鉄本線「二俣川」駅バス13～17分 徒歩1～6分</li><li>JR横須賀線「東戸塚」駅バス25～31分 徒歩1～6分</li><li>相鉄本線「鶴ヶ峰」駅バス24～29分 徒歩1～6分</li>
kanagawa,futamatagawa,左近山,70600,,,,,,,横浜市旭区左近山16-1ほか,8-16号棟,鉄筋コンクリート造、鉄骨鉄筋コンクリート造,5,N,503号室,3K,50,5,65800,4800,2か月,"['近居割', '近居割WIDE']",随時,https://www.ur-net.go.jp/chintai/kanto/kanagawa/40_1180_room.html?JKSS=008160503,<li>相鉄本線「二俣川」駅バス13～17分 徒歩1～6分</li><li>JR横須賀線「東戸塚」駅バス25～31分 徒歩1～6分</li><li>相鉄本線「鶴ヶ峰」駅バス24～29分 徒歩1～6分</li>
kanagawa,futamatagawa,左近山,70600,,,,相鉄本線「二俣川」駅,14.0,23.0,横浜市旭区左近山16-1ほか,9-13号棟,鉄筋コンクリート造、鉄骨鉄筋コンクリート造,5,N,503号室,3K,50,5,65800,4800,2か月,"['近居割', '近居割WIDE']",随時,https://www.ur-net.go.jp/chintai/kanto/kanagawa/40_1180_room.html?JKSS=009130503,<li>相鉄本線「二俣川」駅バス13～17分 徒歩1～6分</li><li>JR横須賀線「東戸塚」駅バス25～31分 徒歩1～6分</li><li>相鉄本線「鶴ヶ峰」駅バス24～29分 徒歩1～6分</li>
kanagawa,futamatagawa,左近山,70600,,,,JR横須賀線「東戸塚」駅,26.0,37.0,横浜市旭区左近山16-1ほか,9-13号棟,鉄筋コンクリート造、鉄骨鉄筋コンクリート造,5,N,503号室,3K,50,5,65800,4800,2か月,"['近居割', '近居割WIDE']",随時,https://www.ur-net.go.jp/chintai/kanto/kanagawa/40_1180_room.html?JKSS=009130503,<li>相鉄本線「二俣川」駅バス13～17分 徒歩1～6分</li><li>JR横須賀線「東戸塚」駅バス25～31分 徒歩1～6分</li><li>相鉄本線「鶴ヶ峰」駅バス24～29分 徒歩1～6分</li>
kanagawa,futamatagawa,左近山,70600,,,,相鉄本線「鶴ヶ峰」駅,25.0,35.0,横浜市旭区左近山16-1ほか,9-13号棟,鉄筋コンクリート造、鉄骨鉄筋コンクリート造,5,N,503号室,3K,50,5,65800,4800,2か月,"['近居割', '近居割WIDE']",随時,https://www.ur-net.go.jp/chintai/kanto/kanagawa/40_1180_room.html?JKSS=009130503,<li>相鉄本線「二俣川」駅バス13～17分 徒歩1～6分</li><li>JR横須賀線「東戸塚」駅バス25～31分 徒歩1～6分</li><li>相鉄本線「鶴ヶ峰」駅バス24～29分 徒歩1～6分</li>
kanagawa,futamatagawa,左近山,70600,,,,,,,横浜市旭区左近山16-1ほか,9-13号棟,鉄筋コンクリート造、鉄骨鉄筋コンクリート造,5,N,503号室,3K,50,5,65800,4800,2か月,"['近居割', '近居割WIDE']",随時,https://www.ur-net.go.jp/chintai/kanto/kanagawa/40_1180_room.html?JKSS=009130503,<li>相鉄本線「二俣川」駅バス13～17分 徒歩1～6分</li><li>JR横須賀線「東戸塚」駅バス25～31分 徒歩1～6分</li><li>相鉄本線「鶴ヶ峰」駅バス24～29分 徒歩1～6分</li>
kanagawa,futamatagawa,左近山,71900,,,,相鉄本線「二俣川」駅,14.0,23.0,横浜市旭区左近山16-1ほか,8-12号棟,鉄筋コンクリート造、鉄骨鉄筋コンクリート造,5,N,502号室,2LDK,50,5,67100,4800,2か月,"['近居割', '近居割WIDE']",随時,https://www.ur-net.go.jp/chintai/kanto/kanagawa/40_1180_room.html?JKSS=008120502,<li>相鉄本線「二俣川」駅バス13～17分 徒歩1～6分</li><li>JR横須賀線「東戸塚」駅バス25～31分 徒歩1～6分</li><li>相鉄本線「鶴ヶ峰」駅バス24～29分 徒歩1～6分</li>
kanagawa,futamatagawa,左近山,71900,,,,JR横須賀線「東戸塚」駅,26.0,37.0,横浜市旭区左近山16-1ほか,8-12号棟,鉄筋コンクリート造、鉄骨鉄筋コンクリート造,5,N,502号室,2LDK,50,5,67100,4800,2か月,"['近居割', '近居割WIDE']",随時,https://www.ur-net.go.jp/chintai/kanto/kanagawa/40_1180_room.html?JKSS=008120502,<li>相鉄本線「二俣川」駅バス13～17分 徒歩1～6分</li><li>JR横須賀線「東戸塚」駅バス25～31分 徒歩1～6分</li><li>相鉄本線「鶴ヶ峰」駅バス24～29分 徒歩1～6分</li>
kanagawa,futamatagawa,左近山,71900,,,,相鉄本線「鶴ヶ峰」駅,25.0,35.0,横浜市旭区左近山16-1ほか,8-12号棟,鉄筋コンクリート造、鉄骨鉄筋コンクリート造,5,N,502号室,2LDK,50,5,67100,4800,2か月,"['近居割', '近居割WIDE']",随時,https://www.ur-net.go.jp/chintai/kanto/kanagawa/40_1180_room.html?JKSS=008120502,<li>相鉄本線「二俣川」駅バス13～17分 徒歩1～6分</li><li>JR横須賀線「東戸塚」駅バス25～31分 徒歩1～6分</li><li>相鉄本線「鶴ヶ峰」駅バス24～29分 徒歩1～6分</li>
kanagawa,futamatagawa,左近山,71900,,,,,,,横浜市旭区左近山16-1ほか,8-12号棟,鉄筋コンクリート造、鉄骨鉄筋コンクリート造,5,N,502号室,2LDK,50,5,67100,4800,2か月,"['近居割', '近居割WIDE']",随時,https://www.ur-net.go.jp/chintai/kanto/kanagawa/40_1180_room.html?JKSS=008120502,<li>相鉄本線「二俣川」駅バス13～17分 徒歩1～6分</li><li>JR横須賀線「東戸塚」駅バス25～31分 徒歩1～6分</li><li>相鉄本線「鶴ヶ峰」駅バス24～29分 徒歩1～6分</li>
kanagawa,futamatagawa,アーバンドエル瀬谷,125500,相鉄本線「瀬谷」駅,9.0,12.0,,,,横浜市瀬谷区橋戸1-35,15号棟,鉄筋コンクリート造,2,N,202号室,2LDK,67,4,120700,4800,2か月,['近居割'],随時,https://www.ur-net.go.jp/chintai/kanto/kanagawa/40_3850_room.html?JKSS=000150202,<li>相鉄本線「瀬谷」駅 徒歩9～12分</li><li>横浜市営地下鉄ブルーライン「立場」駅バス26分 徒歩7～9分</li><li>小田急江ノ島線「大和」駅 徒歩33～35分</li>
kanagawa,futamatagawa,アーバンドエル瀬谷,125500,,,,横浜市営地下鉄ブルーライン「立場」駅,33.0,35.0,横浜市瀬谷区橋戸1-35,15号棟,鉄筋コンクリート造,2,N,202号室,2LDK,67,4,120700,4800,2か月,['近居割'],随時,https://www.ur-net.go.jp/chintai/kanto/kanagawa/40_3850_room.html?JKSS=000150202,<li>相鉄本線「瀬谷」駅 徒歩9～12分</li><li>横浜市営地下鉄ブルーライン「立場」駅バス26分 徒歩7～9分</li><li>小田急江ノ島線「大和」駅 徒歩33～35分</li>
kanagawa,futamatagawa,アーバンドエル瀬谷,125500,小田急江ノ島線「大和」駅,33.0,35.0,,,,横浜市瀬谷区橋戸1-35,15号棟,鉄筋コンクリート造,2,N,202号室,2LDK,67,4,120700,4800,2か月,['近居割'],随時,https://www.ur-net.go.jp/chintai/kanto/kanagawa/40_3850_room.html?JKSS=000150202,<li>相鉄本線「瀬谷」駅 徒歩9～12分</li><li>横浜市営地下鉄ブルーライン「立場」駅バス26分 徒歩7～9分</li><li>小田急江ノ島線「大和」駅 徒歩33～35分</li>
kanagawa,futamatagawa,アーバンドエル瀬谷,125500,,,,,,,横浜市瀬谷区橋戸1-35,15号棟,鉄筋コンクリート造,2,N,202号室,2LDK,67,4,120700,4800,2か月,['近居割'],随時,https://www.ur-net.go.jp/chintai/kanto/kanagawa/40_3850_room.html?JKSS=000150202,<li>相鉄本線「瀬谷」駅 徒歩9～12分</li><li>横浜市営地下鉄ブルーライン「立場」駅バス26分 徒歩7～9分</li><li>小田急江ノ島線「大和」駅 徒歩33～35分</li>
kanagawa,futamatagawa,アーバンドエル瀬谷,129200,相鉄本線「瀬谷」駅,9.0,12.0,,,,横浜市瀬谷区橋戸1-35,14号棟,鉄筋コンクリート造,4,N,403号室,2LDK,67,4,124400,4800,2か月,['近居割'],随時,https://www.ur-net.go.jp/chintai/kanto/kanagawa/40_3850_room.html?JKSS=000140403,<li>相鉄本線「瀬谷」駅 徒歩9～12分</li><li>横浜市営地下鉄ブルーライン「立場」駅バス26分 徒歩7～9分</li><li>小田急江ノ島線「大和」駅 徒歩33～35分</li>
kanagawa,futamatagawa,アーバンドエル瀬谷,129200,,,,横浜市営地下鉄ブルーライン「立場」駅,33.0,35.0,横浜市瀬谷区橋戸1-35,14号棟,鉄筋コンクリート造,4,N,403号室,2LDK,67,4,124400,4800,2か月,['近居割'],随時,https://www.ur-net.go.jp/chintai/kanto/kanagawa/40_3850_room.html?JKSS=000140403,<li>相鉄本線「瀬谷」駅 徒歩9～12分</li><li>横浜市営地下鉄ブルーライン「立場」駅バス26分 徒歩7～9分</li><li>小田急江ノ島線「大和」駅 徒歩33～35分</li>
kanagawa,futamatagawa,アーバンドエル瀬谷,129200,小田急江ノ島線「大和」駅,33.0,35.0,,,,横浜市瀬谷区橋戸1-35,14号棟,鉄筋コンクリート造,4,N,403号室,2LDK,67,4,124400,4800,2か月,['近居割'],随時,https://www.ur-net.go.jp/chintai/kanto/kanagawa/40_3850_room.html?JKSS=000140403,<li>相鉄本線「瀬谷」駅 徒歩9～12分</li><li>横浜市営地下鉄ブルーライン「立場」駅バス26分 徒歩7～9分</li><li>小田急江ノ島線「大和」駅 徒歩33～35分</li>
kanagawa,futamatagawa,アーバンドエル瀬谷,129200,,,,,,,横浜市瀬谷区橋戸1-35,14号棟,鉄筋コンクリート造,4,N,403号室,2LDK,67,4,124400,4800,2か月,['近居割'],随時,https://www.ur-net.go.jp/chintai/kanto/kanagawa/40_3850_room.html?JKSS=000140403,<li>相鉄本線「瀬谷」駅 徒歩9～12分</li><li>横浜市営地下鉄ブルーライン「立場」駅バス26分 徒歩7～9分</li><li>小田急江ノ島線「大和」駅 徒歩33～35分</li>
kanagawa,seasidetown,金沢シーサイドタウン　並木三丁目,106300,シーサイドライン「幸浦」駅,8.0,9.0,,,,横浜市金沢区並木3,11-4号棟,鉄筋コンクリート造,4,N,403号室,3LDK,70,5,101300,5000,2か月,"['近居割', '近居割WIDE']",随時,https://www.ur-net.go.jp/chintai/kanto/kanagawa/40_2060_room.html?JKSS=011040403,<li>シーサイドライン「幸浦」駅 徒歩8～9分</li><li>シーサイドライン「並木中央」駅 徒歩11分</li><li>京急本線「京急富岡」駅 徒歩21分</li>
kanagawa,seasidetown,金沢シーサイドタウン　並木三丁目,106300,シーサイドライン「並木中央」駅,11.0,11.0,,,,横浜市金沢区並木3,11-4号棟,鉄筋コンクリート造,4,N,403号室,3LDK,70,5,101300,5000,2か月,"['近居割', '近居割WIDE']",随時,https://www.ur-net.go.jp/chintai/kanto/kanagawa/40_2060_room.html?JKSS=011040403,<li>シーサイドライン「幸浦」駅 徒歩8～9分</li><li>シーサイドライン「並木中央」駅 徒歩11分</li><li>京急本線「京急富岡」駅 徒歩21分</li>
kanagawa,seasidetown,金沢シーサイドタウン　並木三丁目,106300,京急本線「京急富岡」駅,21.0,21.0,,,,横浜市金沢区並木3,11-4号棟,鉄筋コンクリート造,4,N,403号室,3LDK,70,5,101300,5000,2か月,"['近居割', '近居割WIDE']",随時,https://www.ur-net.go.jp/chintai/kanto/kanagawa/40_2060_room.html?JKSS=011040403,<li>シーサイドライン「幸浦」駅 徒歩8～9分</li><li>シーサイドライン「並木中央」駅 徒歩11分</li><li>京急本線「京急富岡」駅 徒歩21分</li>
kanagawa,seasidetown,金沢シーサイドタウン　並木三丁目,106300,,,,,,,横浜市金沢区並木3,11-4号棟,鉄筋コンクリート造,4,N,403号室,3LDK,70,5,101300,5000,2か月,"['近居割', '近居割WIDE']",随時,https://www.ur-net.go.jp/chintai/kanto/kanagawa/40_2060_room.html?JKSS=011040403,<li>シーサイドライン「幸浦」駅 徒歩8～9分</li><li>シーサイドライン「並木中央」駅 徒歩11分</li><li>京急本線「京急富岡」駅 徒歩21分</li>
kanagawa,seasidetown,金沢シーサイドタウン　柴,118100,,,,京急本線「金沢文庫」駅,14.0,15.0,横浜市金沢区柴町367,3号棟,鉄筋コンクリート造,2,N,205号室,3LDK,70,5,114300,3800,2か月,"['近居割', '近居割WIDE']",随時,https://www.ur-net.go.jp/chintai/kanto/kanagawa/40_2500_room.html?JKSS=000030205,<li>京急本線「金沢文庫」駅バス10分 徒歩4～5分</li><li>シーサイドライン「八景島」駅 徒歩7分</li><li>シーサイドライン「海の公園柴口」駅 徒歩11～12分</li>
kanagawa,seasidetown,金沢シーサイドタウン　柴,118100,シーサイドライン「八景島」駅,7.0,7.0,,,,横浜市金沢区柴町367,3号棟,鉄筋コンクリート造,2,N,205号室,3LDK,70,5,114300,3800,2か月,"['近居割', '近居割WIDE']",随時,https://www.ur-net.go.jp/chintai/kanto/kanagawa/40_2500_room.html?JKSS=000030205,<li>京急本線「金沢文庫」駅バス10分 徒歩4～5分</li><li>シーサイドライン「八景島」駅 徒歩7分</li><li>シーサイドライン「海の公園柴口」駅 徒歩11～12分</li>
kanagawa,seasidetown,金沢シーサイドタウン　柴,118100,シーサイドライン「海の公園柴口」駅,11.0,12.0,,,,横浜市金沢区柴町367,3号棟,鉄筋コンクリート造,2,N,205号室,3LDK,70,5,114300,3800,2か月,"['近居割', '近居割WIDE']",随時,https://www.ur-net.go.jp/chintai/kanto/kanagawa/40_2500_room.html?JKSS=000030205,<li>京急本線「金沢文庫」駅バス10分 徒歩4～5分</li><li>シーサイドライン「八景島」駅 徒歩7分</li><li>シーサイドライン「海の公園柴口」駅 徒歩11～12分</li>
kanagawa,seasidetown,金沢シーサイドタウン　柴,118100,,,,,,,横浜市金沢区柴町367,3号棟,鉄筋コンクリート造,2,N,205号室,3LDK,70,5,114300,3800,2か月,"['近居割', '近居割WIDE']",随時,https://www.ur-net.go.jp/chintai/kanto/kanagawa/40_2500_room.html?JKSS=000030205,<li>京急本線「金沢文庫」駅バス10分 徒歩4～5分</li><li>シーサイドライン「八景島」駅 徒歩7分</li><li>シーサイドライン「海の公園柴口」駅 徒歩11～12分</li>
kanagawa,seasidetown,ビーコンヒル能見台ウエストヒル,126100,京急本線「能見台」駅,11.0,11.0,,,,横浜市金沢区能見台東8,2号棟,鉄筋コンクリート造,11,N,1104号室,1LDK,55,14,120200,5900,2か月,['近居割'],随時,https://www.ur-net.go.jp/chintai/kanto/kanagawa/40_3260_room.html?JKSS=000021104,<li>京急本線「能見台」駅 徒歩11分</li><li>JR京浜東北・根岸線「洋光台」駅バス20分 徒歩7分</li><li>京急本線「京急富岡」駅 徒歩17～18分</li>
kanagawa,seasidetown,ビーコンヒル能見台ウエストヒル,126100,,,,JR京浜東北・根岸線「洋光台」駅,27.0,27.0,横浜市金沢区能見台東8,2号棟,鉄筋コンクリート造,11,N,1104号室,1LDK,55,14,120200,5900,2か月,['近居割'],随時,https://www.ur-net.go.jp/chintai/kanto/kanagawa/40_3260_room.html?JKSS=000021104,<li>京急本線「能見台」駅 徒歩11分</li><li>JR京浜東北・根岸線「洋光台」駅バス20分 徒歩7分</li><li>京急本線「京急富岡」駅 徒歩17～18分</li>
kanagawa,seasidetown,ビーコンヒル能見台ウエストヒル,126100,京急本線「京急富岡」駅,17.0,18.0,,,,横浜市金沢区能見台東8,2号棟,鉄筋コンクリート造,11,N,1104号室,1LDK,55,14,120200,5900,2か月,['近居割'],随時,https://www.ur-net.go.jp/chintai/kanto/kanagawa/40_3260_room.html?JKSS=000021104,<li>京急本線「能見台」駅 徒歩11分</li><li>JR京浜東北・根岸線「洋光台」駅バス20分 徒歩7分</li><li>京急本線「京急富岡」駅 徒歩17～18分</li>
kanagawa,seasidetown,ビーコンヒル能見台ウエストヒル,126100,,,,,,,横浜市金沢区能見台東8,2号棟,鉄筋コンクリート造,11,N,1104号室,1LDK,55,14,120200,5900,2か月,['近居割'],随時,https://www.ur-net.go.jp/chintai/kanto/kanagawa/40_3260_room.html?JKSS=000021104,<li>京急本線「能見台」駅 徒歩11分</li><li>JR京浜東北・根岸線「洋光台」駅バス20分 徒歩7分</li><li>京急本線「京急富岡」駅 徒歩17～18分</li>
kanagawa,totsuka,東戸塚ビューハイツ,99700,,,,JR横須賀線ほか「東戸塚」駅,17.0,17.0,横浜市戸塚区名瀬町799-2,,鉄筋コンクリート造,1,N,104号室,2LDK,63,7,92700,7000,2か月,['近居割'],随時,https://www.ur-net.go.jp/chintai/kanto/kanagawa/40_2950_room.html?JKSS=000000104,<li>JR横須賀線ほか「東戸塚」駅バス15分 徒歩2分</li>
kanagawa,totsuka,東戸塚ビューハイツ,99700,,,,,,,横浜市戸塚区名瀬町799-2,,鉄筋コンクリート造,1,N,104号室,2LDK,63,7,92700,7000,2か月,['近居割'],随時,https://www.ur-net.go.jp/chintai/kanto/kanagawa/40_2950_room.html?JKSS=000000104,<li>JR横須賀線ほか「東戸塚」駅バス15分 徒歩2分</li>
kanagawa,totsuka,東戸塚ビューハイツ,107800,,,,JR横須賀線ほか「東戸塚」駅,17.0,17.0,横浜市戸塚区名瀬町799-2,,鉄筋コンクリート造,2,N,206号室,2LDK,63,7,100800,7000,2か月,['近居割'],随時,https://www.ur-net.go.jp/chintai/kanto/kanagawa/40_2950_room.html?JKSS=000000206,<li>JR横須賀線ほか「東戸塚」駅バス15分 徒歩2分</li>
kanagawa,totsuka,東戸塚ビューハイツ,107800,,,,,,,横浜市戸塚区名瀬町799-2,,鉄筋コンクリート造,2,N,206号室,2LDK,63,7,100800,7000,2か月,['近居割'],随時,https://www.ur-net.go.jp/chintai/kanto/kanagawa/40_2950_room.html?JKSS=000000206,<li>JR横須賀線ほか「東戸塚」駅バス15分 徒歩2分</li>
kanagawa,totsuka,東戸塚ビューハイツ,111300,,,,JR横須賀線ほか「東戸塚」駅,17.0,17.0,横浜市戸塚区名瀬町799-2,,鉄筋コンクリート造,4,N,406号室,2LDK,63,7,104300,7000,2か月,['近居割'],随時,https://www.ur-net.go.jp/chintai/kanto/kanagawa/40_2950_room.html?JKSS=000000406,<li>JR横須賀線ほか「東戸塚」駅バス15分 徒歩2分</li>
kanagawa,totsuka,東戸塚ビューハイツ,111300,,,,,,,横浜市戸塚区名瀬町799-2,,鉄筋コンクリート造,4,N,406号室,2LDK,63,7,104300,7000,2か月,['近居割'],随時,https://www.ur-net.go.jp/chintai/kanto/kanagawa/40_2950_room.html?JKSS=000000406,<li>JR横須賀線ほか「東戸塚」駅バス15分 徒歩2分</li>
kanagawa,totsuka,グリーンメゾン平戸,105000,,,,JR横須賀線「東戸塚」駅,14.0,15.0,横浜市戸塚区平戸1-2,1号棟,鉄筋コンクリート造,3,N,304号室,3LDK,83,5,100100,4900,2か月,['近居割'],随時,https://www.ur-net.go.jp/chintai/kanto/kanagawa/40_2120_room.html?JKSS=000010304,<li>JR横須賀線「東戸塚」駅バス12分 徒歩2～3分</li><li>JR横須賀線「保土ケ谷」駅バス17分 徒歩2～3分</li><li>横浜市営地下鉄ブルーライン「吉野町」駅バス29分 徒歩1～2分</li>
kanagawa,totsuka,グリーンメゾン平戸,105000,,,,JR横須賀線「保土ケ谷」駅,19.0,20.0,横浜市戸塚区平戸1-2,1号棟,鉄筋コンクリート造,3,N,304号室,3LDK,83,5,100100,4900,2か月,['近居割'],随時,https://www.ur-net.go.jp/chintai/kanto/kanagawa/40_2120_room.html?JKSS=000010304,<li>JR横須賀線「東戸塚」駅バス12分 徒歩2～3分</li><li>JR横須賀線「保土ケ谷」駅バス17分 徒歩2～3分</li><li>横浜市営地下鉄ブルーライン「吉野町」駅バス29分 徒歩1～2分</li>
kanagawa,totsuka,グリーンメゾン平戸,105000,,,,横浜市営地下鉄ブルーライン「吉野町」駅,30.0,31.0,横浜市戸塚区平戸1-2,1号棟,鉄筋コンクリート造,3,N,304号室,3LDK,83,5,100100,4900,2か月,['近居割'],随時,https://www.ur-net.go.jp/chintai/kanto/kanagawa/40_2120_room.html?JKSS=000010304,<li>JR横須賀線「東戸塚」駅バス12分 徒歩2～3分</li><li>JR横須賀線「保土ケ谷」駅バス17分 徒歩2～3分</li><li>横浜市営地下鉄ブルーライン「吉野町」駅バス29分 徒歩1～2分</li>
kanagawa,totsuka,グリーンメゾン平戸,105000,,,,,,,横浜市戸塚区平戸1-2,1号棟,鉄筋コンクリート造,3,N,304号室,3LDK,83,5,100100,4900,2か月,['近居割'],随時,https://www.ur-net.go.jp/chintai/kanto/kanagawa/40_2120_room.html?JKSS=000010304,<li>JR横須賀線「東戸塚」駅バス12分 徒歩2～3分</li><li>JR横須賀線「保土ケ谷」駅バス17分 徒歩2～3分</li><li>横浜市営地下鉄ブルーライン「吉野町」駅バス29分 徒歩1～2分</li>
kanagawa,totsuka,プロムナード矢部,147300,JR東海道本線「戸塚」駅,9.0,13.0,,,,横浜市戸塚区矢部町321,4号棟,鉄筋コンクリート造,4,N,404号室,2DK,56,13,142700,4600,2か月,['近居割'],随時,https://www.ur-net.go.jp/chintai/kanto/kanagawa/40_3610_room.html?JKSS=000040404,<li>JR東海道本線「戸塚」駅 徒歩9～13分</li><li>JR横須賀線「東戸塚」駅バス20分 徒歩2～7分</li><li>相鉄いずみ野線「弥生台」駅バス20分 徒歩10～15分</li>
kanagawa,totsuka,プロムナード矢部,147300,,,,JR横須賀線「東戸塚」駅,22.0,27.0,横浜市戸塚区矢部町321,4号棟,鉄筋コンクリート造,4,N,404号室,2DK,56,13,142700,4600,2か月,['近居割'],随時,https://www.ur-net.go.jp/chintai/kanto/kanagawa/40_3610_room.html?JKSS=000040404,<li>JR東海道本線「戸塚」駅 徒歩9～13分</li><li>JR横須賀線「東戸塚」駅バス20分 徒歩2～7分</li><li>相鉄いずみ野線「弥生台」駅バス20分 徒歩10～15分</li>
kanagawa,totsuka,プロムナード矢部,147300,,,,相鉄いずみ野線「弥生台」駅,30.0,35.0,横浜市戸塚区矢部町321,4号棟,鉄筋コンクリート造,4,N,404号室,2DK,56,13,142700,4600,2か月,['近居割'],随時,https://www.ur-net.go.jp/chintai/kanto/kanagawa/40_3610_room.html?JKSS=000040404,<li>JR東海道本線「戸塚」駅 徒歩9～13分</li><li>JR横須賀線「東戸塚」駅バス20分 徒歩2～7分</li><li>相鉄いずみ野線「弥生台」駅バス20分 徒歩10～15分</li>
kanagawa,totsuka,プロムナード矢部,147300,,,,,,,横浜市戸塚区矢部町321,4号棟,鉄筋コンクリート造,4,N,404号室,2DK,56,13,142700,4600,2か月,['近居割'],随時,https://www.ur-net.go.jp/chintai/kanto/kanagawa/40_3610_room.html?JKSS=000040404,<li>JR東海道本線「戸塚」駅 徒歩9～13分</li><li>JR横須賀線「東戸塚」駅バス20分 徒歩2～7分</li><li>相鉄いずみ野線「弥生台」駅バス20分 徒歩10～15分</li>
kanagawa,totsuka,公田町,53400,,,,JR東海道本線「大船」駅,13.0,19.0,横浜市栄区公田町740,14号棟,鉄筋コンクリート造,4,N,401号室,2DK,39,5,48900,4500,2か月,['URライト（3年定借）'],随時,https://www.ur-net.go.jp/chintai/kanto/kanagawa/40_0940_room.html?JKSS=000014401,<li>JR東海道本線「大船」駅バス12～15分 徒歩1～4分</li><li>JR京浜東北・根岸線「本郷台」駅 徒歩18～23分</li><li>京急本線「金沢八景」駅バス29分 徒歩11～13分</li>
kanagawa,totsuka,公田町,53400,JR京浜東北・根岸線「本郷台」駅,18.0,23.0,,,,横浜市栄区公田町740,14号棟,鉄筋コンクリート造,4,N,401号室,2DK,39,5,48900,4500,2か月,['URライト（3年定借）'],随時,https://www.ur-net.go.jp/chintai/kanto/kanagawa/40_0940_room.html?JKSS=000014401,<li>JR東海道本線「大船」駅バス12～15分 徒歩1～4分</li><li>JR京浜東北・根岸線「本郷台」駅 徒歩18～23分</li><li>京急本線「金沢八景」駅バス29分 徒歩11～13分</li>
kanagawa,totsuka,公田町,53400,,,,京急本線「金沢八景」駅,40.0,42.0,横浜市栄区公田町740,14号棟,鉄筋コンクリート造,4,N,401号室,2DK,39,5,48900,4500,2か月,['URライト（3年定借）'],随時,https://www.ur-net.go.jp/chintai/kanto/kanagawa/40_0940_room.html?JKSS=000014401,<li>JR東海道本線「大船」駅バス12～15分 徒歩1～4分</li><li>JR京浜東北・根岸線「本郷台」駅 徒歩18～23分</li><li>京急本線「金沢八景」駅バス29分 徒歩11～13分</li>
kanagawa,totsuka,公田町,53400,,,,,,,横浜市栄区公田町740,14号棟,鉄筋コンクリート造,4,N,401号室,2DK,39,5,48900,4500,2か月,['URライト（3年定借）'],随時,https://www.ur-net.go.jp/chintai/kanto/kanagawa/40_0940_room.html?JKSS=000014401,<li>JR東海道本線「大船」駅バス12～15分 徒歩1～4分</li><li>JR京浜東北・根岸線「本郷台」駅 徒歩18～23分</li><li>京急本線「金沢八景」駅バス29分 徒歩11～13分</li>
kanagawa,totsuka,公田町,54800,,,,JR東海道本線「大船」駅,13.0,19.0,横浜市栄区公田町740,7号棟,鉄筋コンクリート造,3,N,307号室,2DK,39,5,50300,4500,2か月,['URライト（3年定借）'],随時,https://www.ur-net.go.jp/chintai/kanto/kanagawa/40_0940_room.html?JKSS=000007307,<li>JR東海道本線「大船」駅バス12～15分 徒歩1～4分</li><li>JR京浜東北・根岸線「本郷台」駅 徒歩18～23分</li><li>京急本線「金沢八景」駅バス29分 徒歩11～13分</li>
kanagawa,totsuka,公田町,54800,JR京浜東北・根岸線「本郷台」駅,18.0,23.0,,,,横浜市栄区公田町740,7号棟,鉄筋コンクリート造,3,N,307号室,2DK,39,5,50300,4500,2か月,['URライト（3年定借）'],随時,https://www.ur-net.go.jp/chintai/kanto/kanagawa/40_0940_room.html?JKSS=000007307,<li>JR東海道本線「大船」駅バス12～15分 徒歩1～4分</li><li>JR京浜東北・根岸線「本郷台」駅 徒歩18～23分</li><li>京急本線「金沢八景」駅バス29分 徒歩11～13分</li>
kanagawa,totsuka,公田町,54800,,,,京急本線「金沢八景」駅,40.0,42.0,横浜市栄区公田町740,7号棟,鉄筋コンクリート造,3,N,307号室,2DK,39,5,50300,4500,2か月,['URライト（3年定借）'],随時,https://www.ur-net.go.jp/chintai/kanto/kanagawa/40_0940_room.html?JKSS=000007307,<li>JR東海道本線「大船」駅バス12～15分 徒歩1～4分</li><li>JR京浜東北・根岸線「本郷台」駅 徒歩18～23分</li><li>京急本線「金沢八景」駅バス29分 徒歩11～13分</li>
kanagawa,totsuka,公田町,54800,,,,,,,横浜市栄区公田町740,7号棟,鉄筋コンクリート造,3,N,307号室,2DK,39,5,50300,4500,2か月,['URライト（3年定借）'],随時,https://www.ur-net.go.jp/chintai/kanto/kanagawa/40_0940_room.html?JKSS=000007307,<li>JR東海道本線「大船」駅バス12～15分 徒歩1～4分</li><li>JR京浜東北・根岸線「本郷台」駅 徒歩18～23分</li><li>京急本線「金沢八景」駅バス29分 徒歩11～13分</li>
kanagawa,totsuka,公田町,59700,,,,JR東海道本線「大船」駅,13.0,19.0,横浜市栄区公田町740,12号棟,鉄筋コンクリート造,4,N,408号室,3K,45,5,55200,4500,2か月,['URライト（3年定借）'],随時,https://www.ur-net.go.jp/chintai/kanto/kanagawa/40_0940_room.html?JKSS=000012408,<li>JR東海道本線「大船」駅バス12～15分 徒歩1～4分</li><li>JR京浜東北・根岸線「本郷台」駅 徒歩18～23分</li><li>京急本線「金沢八景」駅バス29分 徒歩11～13分</li>
kanagawa,totsuka,公田町,59700,JR京浜東北・根岸線「本郷台」駅,18.0,23.0,,,,横浜市栄区公田町740,12号棟,鉄筋コンクリート造,4,N,408号室,3K,45,5,55200,4500,2か月,['URライト（3年定借）'],随時,https://www.ur-net.go.jp/chintai/kanto/kanagawa/40_0940_room.html?JKSS=000012408,<li>JR東海道本線「大船」駅バス12～15分 徒歩1～4分</li><li>JR京浜東北・根岸線「本郷台」駅 徒歩18～23分</li><li>京急本線「金沢八景」駅バス29分 徒歩11～13分</li>
kanagawa,totsuka,公田町,59700,,,,京急本線「金沢八景」駅,40.0,42.0,横浜市栄区公田町740,12号棟,鉄筋コンクリート造,4,N,408号室,3K,45,5,55200,4500,2か月,['URライト（3年定借）'],随時,https://www.ur-net.go.jp/chintai/kanto/kanagawa/40_0940_room.html?JKSS=000012408,<li>JR東海道本線「大船」駅バス12～15分 徒歩1～4分</li><li>JR京浜東北・根岸線「本郷台」駅 徒歩18～23分</li><li>京急本線「金沢八景」駅バス29分 徒歩11～13分</li>
kanagawa,totsuka,公田町,59700,,,,,,,横浜市栄区公田町740,12号棟,鉄筋コンクリート造,4,N,408号室,3K,45,5,55200,4500,2か月,['URライト（3年定借）'],随時,https://www.ur-net.go.jp/chintai/kanto/kanagawa/40_0940_room.html?JKSS=000012408,<li>JR東海道本線「大船」駅バス12～15分 徒歩1～4分</li><li>JR京浜東北・根岸線「本郷台」駅 徒歩18～23分</li><li>京急本線「金沢八景」駅バス29分 徒歩11～13分</li>
kanagawa,sagamiono,相模台,70100,小田急小田原線「小田急相模原」駅,16.0,21.0,小田急小田原線「小田急相模原」駅,9.0,13.0,相模原市南区相模台団地,6-8号棟,鉄筋コンクリート造,5,N,501号室,2DK,48,5,66900,3200,2か月,['URライト（4年定借）'],随時,https://www.ur-net.go.jp/chintai/kanto/kanagawa/40_1080_room.html?JKSS=000608501,<li>小田急小田原線「小田急相模原」駅 徒歩16～21分 又はバス8分 徒歩1～5分</li><li>JR横浜線「古淵」駅バス19分 徒歩3～7分</li>
kanagawa,sagamiono,相模台,70100,,,,JR横浜線「古淵」駅,22.0,26.0,相模原市南区相模台団地,6-8号棟,鉄筋コンクリート造,5,N,501号室,2DK,48,5,66900,3200,2か月,['URライト（4年定借）'],随時,https://www.ur-net.go.jp/chintai/kanto/kanagawa/40_1080_room.html?JKSS=000608501,<li>小田急小田原線「小田急相模原」駅 徒歩16～21分 又はバス8分 徒歩1～5分</li><li>JR横浜線「古淵」駅バス19分 徒歩3～7分</li>
kanagawa,sagamiono,相模台,70100,,,,,,,相模原市南区相模台団地,6-8号棟,鉄筋コンクリート造,5,N,501号室,2DK,48,5,66900,3200,2か月,['URライト（4年定借）'],随時,https://www.ur-net.go.jp/chintai/kanto/kanagawa/40_1080_room.html?JKSS=000608501,<li>小田急小田原線「小田急相模原」駅 徒歩16～21分 又はバス8分 徒歩1～5分</li><li>JR横浜線「古淵」駅バス19分 徒歩3～7分</li>
kanagawa,sagamiono,相模台,74800,小田急小田原線「小田急相模原」駅,16.0,21.0,小田急小田原線「小田急相模原」駅,9.0,13.0,相模原市南区相模台団地,3-2号棟,鉄筋コンクリート造,3,N,303号室,2DK,48,5,71600,3200,2か月,['URライト（4年定借）'],随時,https://www.ur-net.go.jp/chintai/kanto/kanagawa/40_1080_room.html?JKSS=000302303,<li>小田急小田原線「小田急相模原」駅 徒歩16～21分 又はバス8分 徒歩1～5分</li><li>JR横浜線「古淵」駅バス19分 徒歩3～7分</li>
kanagawa,sagamiono,相模台,74800,,,,JR横浜線「古淵」駅,22.0,26.0,相模原市南区相模台団地,3-2号棟,鉄筋コンクリート造,3,N,303号室,2DK,48,5,71600,3200,2か月,['URライト（4年定借）'],随時,https://www.ur-net.go.jp/chintai/kanto/kanagawa/40_1080_room.html?JKSS=000302303,<li>小田急小田原線「小田急相模原」駅 徒歩16～21分 又はバス8分 徒歩1～5分</li><li>JR横浜線「古淵」駅バス19分 徒歩3～7分</li>
kanagawa,sagamiono,相模台,74800,,,,,,,相模原市南区相模台団地,3-2号棟,鉄筋コンクリート造,3,N,303号室,2DK,48,5,71600,3200,2か月,['URライト（4年定借）'],随時,https://www.ur-net.go.jp/chintai/kanto/kanagawa/40_1080_room.html?JKSS=000302303,<li>小田急小田原線「小田急相模原」駅 徒歩16～21分 又はバス8分 徒歩1～5分</li><li>JR横浜線「古淵」駅バス19分 徒歩3～7分</li>
kanagawa,sagamiono,プラザシティ相模大野,152990,小田急小田原線「相模大野」駅,8.0,13.0,,,,相模原市南区相模大野6-23,9号棟,鉄筋コンクリート造,1,N,101号室,3LDK,75,11,148900,4090,2か月,['近居割'],随時,https://www.ur-net.go.jp/chintai/kanto/kanagawa/40_2980_room.html?JKSS=000090101,<li>小田急小田原線「相模大野」駅 徒歩8～13分</li><li>JR横浜線「町田」駅 徒歩26～31分</li><li>小田急江ノ島線「東林間」駅 徒歩18～23分</li>
kanagawa,sagamiono,プラザシティ相模大野,152990,JR横浜線「町田」駅,26.0,31.0,,,,相模原市南区相模大野6-23,9号棟,鉄筋コンクリート造,1,N,101号室,3LDK,75,11,148900,4090,2か月,['近居割'],随時,https://www.ur-net.go.jp/chintai/kanto/kanagawa/40_2980_room.html?JKSS=000090101,<li>小田急小田原線「相模大野」駅 徒歩8～13分</li><li>JR横浜線「町田」駅 徒歩26～31分</li><li>小田急江ノ島線「東林間」駅 徒歩18～23分</li>
kanagawa,sagamiono,プラザシティ相模大野,152990,小田急江ノ島線「東林間」駅,18.0,23.0,,,,相模原市南区相模大野6-23,9号棟,鉄筋コンクリート造,1,N,101号室,3LDK,75,11,148900,4090,2か月,['近居割'],随時,https://www.ur-net.go.jp/chintai/kanto/kanagawa/40_2980_room.html?JKSS=000090101,<li>小田急小田原線「相模大野」駅 徒歩8～13分</li><li>JR横浜線「町田」駅 徒歩26～31分</li><li>小田急江ノ島線「東林間」駅 徒歩18～23分</li>
kanagawa,sagamiono,プラザシティ相模大野,152990,,,,,,,相模原市南区相模大野6-23,9号棟,鉄筋コンクリート造,1,N,101号室,3LDK,75,11,148900,4090,2か月,['近居割'],随時,https://www.ur-net.go.jp/chintai/kanto/kanagawa/40_2980_room.html?JKSS=000090101,<li>小田急小田原線「相模大野」駅 徒歩8～13分</li><li>JR横浜線「町田」駅 徒歩26～31分</li><li>小田急江ノ島線「東林間」駅 徒歩18～23分</li>
kanagawa,sagamiono,橋本四丁目,98900,JR横浜線「橋本」駅,10.0,13.0,,,,相模原市緑区橋本4-11,4号棟,鉄筋コンクリート造、鉄骨鉄筋コンクリート造,3,N,301号室,3DK,65,5,94800,4100,2か月,['近居割'],随時,https://www.ur-net.go.jp/chintai/kanto/kanagawa/40_1840_room.html?JKSS=000040301,<li>JR横浜線「橋本」駅 徒歩10～13分</li><li>京王相模原線「多摩境」駅バス8分 徒歩3～5分</li>
kanagawa,sagamiono,橋本四丁目,98900,,,,京王相模原線「多摩境」駅,11.0,13.0,相模原市緑区橋本4-11,4号棟,鉄筋コンクリート造、鉄骨鉄筋コンクリート造,3,N,301号室,3DK,65,5,94800,4100,2か月,['近居割'],随時,https://www.ur-net.go.jp/chintai/kanto/kanagawa/40_1840_room.html?JKSS=000040301,<li>JR横浜線「橋本」駅 徒歩10～13分</li><li>京王相模原線「多摩境」駅バス8分 徒歩3～5分</li>
kanagawa,sagamiono,橋本四丁目,98900,,,,,,,相模原市緑区橋本4-11,4号棟,鉄筋コンクリート造、鉄骨鉄筋コンクリート造,3,N,301号室,3DK,65,5,94800,4100,2か月,['近居割'],随時,https://www.ur-net.go.jp/chintai/kanto/kanagawa/40_1840_room.html?JKSS=000040301,<li>JR横浜線「橋本」駅 徒歩10～13分</li><li>京王相模原線「多摩境」駅バス8分 徒歩3～5分</li>
kanagawa,sagamiono,鳶尾,66700,,,,小田急小田原線「本厚木」駅,30.0,34.0,厚木市鳶尾2ほか,25-3号棟,鉄筋コンクリート造、鉄骨鉄筋コンクリート造,6,N,602号室,3K,57,9,62700,4000,2か月,[],随時,https://www.ur-net.go.jp/chintai/kanto/kanagawa/40_1790_room.html?JKSS=025030602,<li>小田急小田原線「本厚木」駅バス28分 徒歩2～6分</li>
kanagawa,sagamiono,鳶尾,66700,,,,,,,厚木市鳶尾2ほか,25-3号棟,鉄筋コンクリート造、鉄骨鉄筋コンクリート造,6,N,602号室,3K,57,9,62700,4000,2か月,[],随時,https://www.ur-net.go.jp/chintai/kanto/kanagawa/40_1790_room.html?JKSS=025030602,<li>小田急小田原線「本厚木」駅バス28分 徒歩2～6分</li>
kanagawa,shonan,上和田,63600,,,,相鉄本線「大和」駅,16.0,25.0,大和市上和田2412,4-6号棟,鉄筋コンクリート造,5,N,503号室,3DK,53,5,60500,3100,2か月,"['近居割', '近居割WIDE']",随時,https://www.ur-net.go.jp/chintai/kanto/kanagawa/40_1240_room.html?JKSS=000406503,<li>相鉄本線「大和」駅バス15～20分 徒歩1～5分</li><li>小田急江ノ島線「高座渋谷」駅 徒歩13～20分</li><li>相鉄いずみ野線「いずみ中央」駅バス13分 徒歩6～14分</li>
kanagawa,shonan,上和田,63600,小田急江ノ島線「高座渋谷」駅,13.0,20.0,,,,大和市上和田2412,4-6号棟,鉄筋コンクリート造,5,N,503号室,3DK,53,5,60500,3100,2か月,"['近居割', '近居割WIDE']",随時,https://www.ur-net.go.jp/chintai/kanto/kanagawa/40_1240_room.html?JKSS=000406503,<li>相鉄本線「大和」駅バス15～20分 徒歩1～5分</li><li>小田急江ノ島線「高座渋谷」駅 徒歩13～20分</li><li>相鉄いずみ野線「いずみ中央」駅バス13分 徒歩6～14分</li>
kanagawa,shonan,上和田,63600,,,,相鉄いずみ野線「いずみ中央」駅,19.0,27.0,大和市上和田2412,4-6号棟,鉄筋コンクリート造,5,N,503号室,3DK,53,5,60500,3100,2か月,"['近居割', '近居割WIDE']",随時,https://www.ur-net.go.jp/chintai/kanto/kanagawa/40_1240_room.html?JKSS=000406503,<li>相鉄本線「大和」駅バス15～20分 徒歩1～5分</li><li>小田急江ノ島線「高座渋谷」駅 徒歩13～20分</li><li>相鉄いずみ野線「いずみ中央」駅バス13分 徒歩6～14分</li>
kanagawa,shonan,上和田,63600,,,,,,,大和市上和田2412,4-6号棟,鉄筋コンクリート造,5,N,503号室,3DK,53,5,60500,3100,2か月,"['近居割', '近居割WIDE']",随時,https://www.ur-net.go.jp/chintai/kanto/kanagawa/40_1240_room.html?JKSS=000406503,<li>相鉄本線「大和」駅バス15～20分 徒歩1～5分</li><li>小田急江ノ島線「高座渋谷」駅 徒歩13～20分</li><li>相鉄いずみ野線「いずみ中央」駅バス13分 徒歩6～14分</li>
kanagawa,shonan,上和田,63600,,,,相鉄本線「大和」駅,16.0,25.0,大和市上和田2412,4-6号棟,鉄筋コンクリート造,5,N,504号室,3DK,53,5,60500,3100,2か月,"['近居割', '近居割WIDE']",随時,https://www.ur-net.go.jp/chintai/kanto/kanagawa/40_1240_room.html?JKSS=000406504,<li>相鉄本線「大和」駅バス15～20分 徒歩1～5分</li><li>小田急江ノ島線「高座渋谷」駅 徒歩13～20分</li><li>相鉄いずみ野線「いずみ中央」駅バス13分 徒歩6～14分</li>
kanagawa,shonan,上和田,63600,小田急江ノ島線「高座渋谷」駅,13.0,20.0,,,,大和市上和田2412,4-6号棟,鉄筋コンクリート造,5,N,504号室,3DK,53,5,60500,3100,2か月,"['近居割', '近居割WIDE']",随時,https://www.ur-net.go.jp/chintai/kanto/kanagawa/40_1240_room.html?JKSS=000406504,<li>相鉄本線「大和」駅バス15～20分 徒歩1～5分</li><li>小田急江ノ島線「高座渋谷」駅 徒歩13～20分</li><li>相鉄いずみ野線「いずみ中央」駅バス13分 徒歩6～14分</li>
kanagawa,shonan,上和田,63600,,,,相鉄いずみ野線「いずみ中央」駅,19.0,27.0,大和市上和田2412,4-6号棟,鉄筋コンクリート造,5,N,504号室,3DK,53,5,60500,3100,2か月,"['近居割', '近居割WIDE']",随時,https://www.ur-net.go.jp/chintai/kanto/kanagawa/40_1240_room.html?JKSS=000406504,<li>相鉄本線「大和」駅バス15～20分 徒歩1～5分</li><li>小田急江ノ島線「高座渋谷」駅 徒歩13～20分</li><li>相鉄いずみ野線「いずみ中央」駅バス13分 徒歩6～14分</li>
kanagawa,shonan,上和田,63600,,,,,,,大和市上和田2412,4-6号棟,鉄筋コンクリート造,5,N,504号室,3DK,53,5,60500,3100,2か月,"['近居割', '近居割WIDE']",随時,https://www.ur-net.go.jp/chintai/kanto/kanagawa/40_1240_room.html?JKSS=000406504,<li>相鉄本線「大和」駅バス15～20分 徒歩1～5分</li><li>小田急江ノ島線「高座渋谷」駅 徒歩13～20分</li><li>相鉄いずみ野線「いずみ中央」駅バス13分 徒歩6～14分</li>
kanagawa,shonan,上和田,63600,,,,相鉄本線「大和」駅,16.0,25.0,大和市上和田2412,4-6号棟,鉄筋コンクリート造,5,N,506号室,3DK,53,5,60500,3100,2か月,"['近居割', '近居割WIDE']",随時,https://www.ur-net.go.jp/chintai/kanto/kanagawa/40_1240_room.html?JKSS=000406506,<li>相鉄本線「大和」駅バス15～20分 徒歩1～5分</li><li>小田急江ノ島線「高座渋谷」駅 徒歩13～20分</li><li>相鉄いずみ野線「いずみ中央」駅バス13分 徒歩6～14分</li>
kanagawa,shonan,上和田,63600,小田急江ノ島線「高座渋谷」駅,13.0,20.0,,,,大和市上和田2412,4-6号棟,鉄筋コンクリート造,5,N,506号室,3DK,53,5,60500,3100,2か月,"['近居割', '近居割WIDE']",随時,https://www.ur-net.go.jp/chintai/kanto/kanagawa/40_1240_room.html?JKSS=000406506,<li>相鉄本線「大和」駅バス15～20分 徒歩1～5分</li><li>小田急江ノ島線「高座渋谷」駅 徒歩13～20分</li><li>相鉄いずみ野線「いずみ中央」駅バス13分 徒歩6～14分</li>
kanagawa,shonan,上和田,63600,,,,相鉄いずみ野線「いずみ中央」駅,19.0,27.0,大和市上和田2412,4-6号棟,鉄筋コンクリート造,5,N,506号室,3DK,53,5,60500,3100,2か月,"['近居割', '近居割WIDE']",随時,https://www.ur-net.go.jp/chintai/kanto/kanagawa/40_1240_room.html?JKSS=000406506,<li>相鉄本線「大和」駅バス15～20分 徒歩1～5分</li><li>小田急江ノ島線「高座渋谷」駅 徒歩13～20分</li><li>相鉄いずみ野線「いずみ中央」駅バス13分 徒歩6～14分</li>
kanagawa,shonan,上和田,63600,,,,,,,大和市上和田2412,4-6号棟,鉄筋コンクリート造,5,N,506号室,3DK,53,5,60500,3100,2か月,"['近居割', '近居割WIDE']",随時,https://www.ur-net.go.jp/chintai/kanto/kanagawa/40_1240_room.html?JKSS=000406506,<li>相鉄本線「大和」駅バス15～20分 徒歩1～5分</li><li>小田急江ノ島線「高座渋谷」駅 徒歩13～20分</li><li>相鉄いずみ野線「いずみ中央」駅バス13分 徒歩6～14分</li>
kanagawa,shonan,上和田,63600,,,,相鉄本線「大和」駅,16.0,25.0,大和市上和田2412,4-8号棟,鉄筋コンクリート造,5,N,502号室,3DK,53,5,60500,3100,2か月,"['近居割', '近居割WIDE']",随時,https://www.ur-net.go.jp/chintai/kanto/kanagawa/40_1240_room.html?JKSS=000408502,<li>相鉄本線「大和」駅バス15～20分 徒歩1～5分</li><li>小田急江ノ島線「高座渋谷」駅 徒歩13～20分</li><li>相鉄いずみ野線「いずみ中央」駅バス13分 徒歩6～14分</li>
kanagawa,shonan,上和田,63600,小田急江ノ島線「高座渋谷」駅,13.0,20.0,,,,大和市上和田2412,4-8号棟,鉄筋コンクリート造,5,N,502号室,3DK,53,5,60500,3100,2か月,"['近居割', '近居割WIDE']",随時,https://www.ur-net.go.jp/chintai/kanto/kanagawa/40_1240_room.html?JKSS=000408502,<li>相鉄本線「大和」駅バス15～20分 徒歩1～5分</li><li>小田急江ノ島線「高座渋谷」駅 徒歩13～20分</li><li>相鉄いずみ野線「いずみ中央」駅バス13分 徒歩6～14分</li>
kanagawa,shonan,上和田,63600,,,,相鉄いずみ野線「いずみ中央」駅,19.0,27.0,大和市上和田2412,4-8号棟,鉄筋コンクリート造,5,N,502号室,3DK,53,5,60500,3100,2か月,"['近居割', '近居割WIDE']",随時,https://www.ur-net.go.jp/chintai/kanto/kanagawa/40_1240_room.html?JKSS=000408502,<li>相鉄本線「大和」駅バス15～20分 徒歩1～5分</li><li>小田急江ノ島線「高座渋谷」駅 徒歩13～20分</li><li>相鉄いずみ野線「いずみ中央」駅バス13分 徒歩6～14分</li>
kanagawa,shonan,上和田,63600,,,,,,,大和市上和田2412,4-8号棟,鉄筋コンクリート造,5,N,502号室,3DK,53,5,60500,3100,2か月,"['近居割', '近居割WIDE']",随時,https://www.ur-net.go.jp/chintai/kanto/kanagawa/40_1240_room.html?JKSS=000408502,<li>相鉄本線「大和」駅バス15～20分 徒歩1～5分</li><li>小田急江ノ島線「高座渋谷」駅 徒歩13～20分</li><li>相鉄いずみ野線「いずみ中央」駅バス13分 徒歩6～14分</li>
kanagawa,shonan,上和田,68800,,,,相鉄本線「大和」駅,16.0,25.0,大和市上和田2412,3-6号棟,鉄筋コンクリート造,2,N,201号室,3DK,53,5,65700,3100,2か月,['健康寿命サポート'],随時,https://www.ur-net.go.jp/chintai/kanto/kanagawa/40_1240_room.html?JKSS=000306201,<li>相鉄本線「大和」駅バス15～20分 徒歩1～5分</li><li>小田急江ノ島線「高座渋谷」駅 徒歩13～20分</li><li>相鉄いずみ野線「いずみ中央」駅バス13分 徒歩6～14分</li>
kanagawa,shonan,上和田,68800,小田急江ノ島線「高座渋谷」駅,13.0,20.0,,,,大和市上和田2412,3-6号棟,鉄筋コンクリート造,2,N,201号室,3DK,53,5,65700,3100,2か月,['健康寿命サポート'],随時,https://www.ur-net.go.jp/chintai/kanto/kanagawa/40_1240_room.html?JKSS=000306201,<li>相鉄本線「大和」駅バス15～20分 徒歩1～5分</li><li>小田急江ノ島線「高座渋谷」駅 徒歩13～20分</li><li>相鉄いずみ野線「いずみ中央」駅バス13分 徒歩6～14分</li>
kanagawa,shonan,上和田,68800,,,,相鉄いずみ野線「いずみ中央」駅,19.0,27.0,大和市上和田2412,3-6号棟,鉄筋コンクリート造,2,N,201号室,3DK,53,5,65700,3100,2か月,['健康寿命サポート'],随時,https://www.ur-net.go.jp/chintai/kanto/kanagawa/40_1240_room.html?JKSS=000306201,<li>相鉄本線「大和」駅バス15～20分 徒歩1～5分</li><li>小田急江ノ島線「高座渋谷」駅 徒歩13～20分</li><li>相鉄いずみ野線「いずみ中央」駅バス13分 徒歩6～14分</li>
kanagawa,shonan,上和田,68800,,,,,,,大和市上和田2412,3-6号棟,鉄筋コンクリート造,2,N,201号室,3DK,53,5,65700,3100,2か月,['健康寿命サポート'],随時,https://www.ur-net.go.jp/chintai/kanto/kanagawa/40_1240_room.html?JKSS=000306201,<li>相鉄本線「大和」駅バス15～20分 徒歩1～5分</li><li>小田急江ノ島線「高座渋谷」駅 徒歩13～20分</li><li>相鉄いずみ野線「いずみ中央」駅バス13分 徒歩6～14分</li>
kanagawa,sagamiono,えびな,95100,小田急小田原線「厚木」駅,4.0,7.0,,,,海老名市中新田2-7,6号棟,鉄筋コンクリート造、鉄骨鉄筋コンクリート造,8,N,802号室,3DK,65,8,89000,6100,2か月,['近居割'],随時,https://www.ur-net.go.jp/chintai/kanto/kanagawa/40_1900_room.html?JKSS=000060802,<li>小田急小田原線「厚木」駅 徒歩4～7分</li><li>小田急小田原線「海老名」駅 徒歩20～22分</li><li>小田急小田原線「本厚木」駅 徒歩25～27分</li>
kanagawa,sagamiono,えびな,95100,小田急小田原線「海老名」駅,20.0,22.0,,,,海老名市中新田2-7,6号棟,鉄筋コンクリート造、鉄骨鉄筋コンクリート造,8,N,802号室,3DK,65,8,89000,6100,2か月,['近居割'],随時,https://www.ur-net.go.jp/chintai/kanto/kanagawa/40_1900_room.html?JKSS=000060802,<li>小田急小田原線「厚木」駅 徒歩4～7分</li><li>小田急小田原線「海老名」駅 徒歩20～22分</li><li>小田急小田原線「本厚木」駅 徒歩25～27分</li>
kanagawa,sagamiono,えびな,95100,小田急小田原線「本厚木」駅,25.0,27.0,,,,海老名市中新田2-7,6号棟,鉄筋コンクリート造、鉄骨鉄筋コンクリート造,8,N,802号室,3DK,65,8,89000,6100,2か月,['近居割'],随時,https://www.ur-net.go.jp/chintai/kanto/kanagawa/40_1900_room.html?JKSS=000060802,<li>小田急小田原線「厚木」駅 徒歩4～7分</li><li>小田急小田原線「海老名」駅 徒歩20～22分</li><li>小田急小田原線「本厚木」駅 徒歩25～27分</li>
kanagawa,sagamiono,えびな,95100,,,,,,,海老名市中新田2-7,6号棟,鉄筋コンクリート造、鉄骨鉄筋コンクリート造,8,N,802号室,3DK,65,8,89000,6100,2か月,['近居割'],随時,https://www.ur-net.go.jp/chintai/kanto/kanagawa/40_1900_room.html?JKSS=000060802,<li>小田急小田原線「厚木」駅 徒歩4～7分</li><li>小田急小田原線「海老名」駅 徒歩20～22分</li><li>小田急小田原線「本厚木」駅 徒歩25～27分</li>
kanagawa,sagamiono,えびな,99000,小田急小田原線「厚木」駅,4.0,7.0,,,,海老名市中新田2-7,6号棟,鉄筋コンクリート造、鉄骨鉄筋コンクリート造,2,N,202号室,2LDK,65,8,92900,6100,2か月,['近居割'],随時,https://www.ur-net.go.jp/chintai/kanto/kanagawa/40_1900_room.html?JKSS=000060202,<li>小田急小田原線「厚木」駅 徒歩4～7分</li><li>小田急小田原線「海老名」駅 徒歩20～22分</li><li>小田急小田原線「本厚木」駅 徒歩25～27分</li>
kanagawa,sagamiono,えびな,99000,小田急小田原線「海老名」駅,20.0,22.0,,,,海老名市中新田2-7,6号棟,鉄筋コンクリート造、鉄骨鉄筋コンクリート造,2,N,202号室,2LDK,65,8,92900,6100,2か月,['近居割'],随時,https://www.ur-net.go.jp/chintai/kanto/kanagawa/40_1900_room.html?JKSS=000060202,<li>小田急小田原線「厚木」駅 徒歩4～7分</li><li>小田急小田原線「海老名」駅 徒歩20～22分</li><li>小田急小田原線「本厚木」駅 徒歩25～27分</li>
kanagawa,sagamiono,えびな,99000,小田急小田原線「本厚木」駅,25.0,27.0,,,,海老名市中新田2-7,6号棟,鉄筋コンクリート造、鉄骨鉄筋コンクリート造,2,N,202号室,2LDK,65,8,92900,6100,2か月,['近居割'],随時,https://www.ur-net.go.jp/chintai/kanto/kanagawa/40_1900_room.html?JKSS=000060202,<li>小田急小田原線「厚木」駅 徒歩4～7分</li><li>小田急小田原線「海老名」駅 徒歩20～22分</li><li>小田急小田原線「本厚木」駅 徒歩25～27分</li>
kanagawa,sagamiono,えびな,99000,,,,,,,海老名市中新田2-7,6号棟,鉄筋コンクリート造、鉄骨鉄筋コンクリート造,2,N,202号室,2LDK,65,8,92900,6100,2か月,['近居割'],随時,https://www.ur-net.go.jp/chintai/kanto/kanagawa/40_1900_room.html?JKSS=000060202,<li>小田急小田原線「厚木」駅 徒歩4～7分</li><li>小田急小田原線「海老名」駅 徒歩20～22分</li><li>小田急小田原線「本厚木」駅 徒歩25～27分</li>
kanagawa,sagamiono,さがみ野さくら,96300,相鉄本線「さがみ野」駅,8.0,10.0,,,,座間市東原5-1,13号棟,鉄筋コンクリート造,5,N,506号室,3LDK,69,5,94100,2200,2か月,['近居割'],随時,https://www.ur-net.go.jp/chintai/kanto/kanagawa/40_2430_room.html?JKSS=000130506,<li>相鉄本線「さがみ野」駅 徒歩8～10分</li><li>小田急江ノ島線「南林間」駅バス9分 徒歩1～3分</li><li>小田急小田原線「座間」駅バス8分 徒歩9～11分</li>
kanagawa,sagamiono,さがみ野さくら,96300,,,,小田急江ノ島線「南林間」駅,10.0,12.0,座間市東原5-1,13号棟,鉄筋コンクリート造,5,N,506号室,3LDK,69,5,94100,2200,2か月,['近居割'],随時,https://www.ur-net.go.jp/chintai/kanto/kanagawa/40_2430_room.html?JKSS=000130506,<li>相鉄本線「さがみ野」駅 徒歩8～10分</li><li>小田急江ノ島線「南林間」駅バス9分 徒歩1～3分</li><li>小田急小田原線「座間」駅バス8分 徒歩9～11分</li>
kanagawa,sagamiono,さがみ野さくら,96300,,,,小田急小田原線「座間」駅,17.0,19.0,座間市東原5-1,13号棟,鉄筋コンクリート造,5,N,506号室,3LDK,69,5,94100,2200,2か月,['近居割'],随時,https://www.ur-net.go.jp/chintai/kanto/kanagawa/40_2430_room.html?JKSS=000130506,<li>相鉄本線「さがみ野」駅 徒歩8～10分</li><li>小田急江ノ島線「南林間」駅バス9分 徒歩1～3分</li><li>小田急小田原線「座間」駅バス8分 徒歩9～11分</li>
kanagawa,sagamiono,さがみ野さくら,96300,,,,,,,座間市東原5-1,13号棟,鉄筋コンクリート造,5,N,506号室,3LDK,69,5,94100,2200,2か月,['近居割'],随時,https://www.ur-net.go.jp/chintai/kanto/kanagawa/40_2430_room.html?JKSS=000130506,<li>相鉄本線「さがみ野」駅 徒歩8～10分</li><li>小田急江ノ島線「南林間」駅バス9分 徒歩1～3分</li><li>小田急小田原線「座間」駅バス8分 徒歩9～11分</li>
kanagawa,sagamiono,さがみ野さくら,99100,相鉄本線「さがみ野」駅,8.0,10.0,,,,座間市東原5-1,8号棟,鉄筋コンクリート造,4,N,402号室,3LDK,69,5,96900,2200,2か月,['近居割'],随時,https://www.ur-net.go.jp/chintai/kanto/kanagawa/40_2430_room.html?JKSS=000080402,<li>相鉄本線「さがみ野」駅 徒歩8～10分</li><li>小田急江ノ島線「南林間」駅バス9分 徒歩1～3分</li><li>小田急小田原線「座間」駅バス8分 徒歩9～11分</li>
kanagawa,sagamiono,さがみ野さくら,99100,,,,小田急江ノ島線「南林間」駅,10.0,12.0,座間市東原5-1,8号棟,鉄筋コンクリート造,4,N,402号室,3LDK,69,5,96900,2200,2か月,['近居割'],随時,https://www.ur-net.go.jp/chintai/kanto/kanagawa/40_2430_room.html?JKSS=000080402,<li>相鉄本線「さがみ野」駅 徒歩8～10分</li><li>小田急江ノ島線「南林間」駅バス9分 徒歩1～3分</li><li>小田急小田原線「座間」駅バス8分 徒歩9～11分</li>
kanagawa,sagamiono,さがみ野さくら,99100,,,,小田急小田原線「座間」駅,17.0,19.0,座間市東原5-1,8号棟,鉄筋コンクリート造,4,N,402号室,3LDK,69,5,96900,2200,2か月,['近居割'],随時,https://www.ur-net.go.jp/chintai/kanto/kanagawa/40_2430_room.html?JKSS=000080402,<li>相鉄本線「さがみ野」駅 徒歩8～10分</li><li>小田急江ノ島線「南林間」駅バス9分 徒歩1～3分</li><li>小田急小田原線「座間」駅バス8分 徒歩9～11分</li>
kanagawa,sagamiono,さがみ野さくら,99100,,,,,,,座間市東原5-1,8号棟,鉄筋コンクリート造,4,N,402号室,3LDK,69,5,96900,2200,2か月,['近居割'],随時,https://www.ur-net.go.jp/chintai/kanto/kanagawa/40_2430_room.html?JKSS=000080402,<li>相鉄本線「さがみ野」駅 徒歩8～10分</li><li>小田急江ノ島線「南林間」駅バス9分 徒歩1～3分</li><li>小田急小田原線「座間」駅バス8分 徒歩9～11分</li>
kanagawa,shonan,サンヴァリエ平塚,64600,,,,JR東海道本線「平塚」駅,21.0,23.0,平塚市高村203,19号棟,鉄筋コンクリート造、鉄骨鉄筋コンクリート造,3,N,303号室,2DK,50,8,61500,3100,2か月,['近居割WIDE'],随時,https://www.ur-net.go.jp/chintai/kanto/kanagawa/40_1780_room.html?JKSS=000190303,<li>JR東海道本線「平塚」駅バス20分 徒歩1～3分</li><li>小田急小田原線「伊勢原」駅バス33分 徒歩2～5分</li><li>JR東海道本線「大磯」駅 徒歩53～56分</li>
kanagawa,shonan,サンヴァリエ平塚,64600,,,,小田急小田原線「伊勢原」駅,35.0,38.0,平塚市高村203,19号棟,鉄筋コンクリート造、鉄骨鉄筋コンクリート造,3,N,303号室,2DK,50,8,61500,3100,2か月,['近居割WIDE'],随時,https://www.ur-net.go.jp/chintai/kanto/kanagawa/40_1780_room.html?JKSS=000190303,<li>JR東海道本線「平塚」駅バス20分 徒歩1～3分</li><li>小田急小田原線「伊勢原」駅バス33分 徒歩2～5分</li><li>JR東海道本線「大磯」駅 徒歩53～56分</li>
kanagawa,shonan,サンヴァリエ平塚,64600,JR東海道本線「大磯」駅,53.0,56.0,,,,平塚市高村203,19号棟,鉄筋コンクリート造、鉄骨鉄筋コンクリート造,3,N,303号室,2DK,50,8,61500,3100,2か月,['近居割WIDE'],随時,https://www.ur-net.go.jp/chintai/kanto/kanagawa/40_1780_room.html?JKSS=000190303,<li>JR東海道本線「平塚」駅バス20分 徒歩1～3分</li><li>小田急小田原線「伊勢原」駅バス33分 徒歩2～5分</li><li>JR東海道本線「大磯」駅 徒歩53～56分</li>
kanagawa,shonan,サンヴァリエ平塚,64600,,,,,,,平塚市高村203,19号棟,鉄筋コンクリート造、鉄骨鉄筋コンクリート造,3,N,303号室,2DK,50,8,61500,3100,2か月,['近居割WIDE'],随時,https://www.ur-net.go.jp/chintai/kanto/kanagawa/40_1780_room.html?JKSS=000190303,<li>JR東海道本線「平塚」駅バス20分 徒歩1～3分</li><li>小田急小田原線「伊勢原」駅バス33分 徒歩2～5分</li><li>JR東海道本線「大磯」駅 徒歩53～56分</li>
kanagawa,shonan,サンヴァリエ平塚,65100,,,,JR東海道本線「平塚」駅,21.0,23.0,平塚市高村203,11号棟,鉄筋コンクリート造、鉄骨鉄筋コンクリート造,5,N,502号室,2DK,50,8,62000,3100,2か月,['近居割WIDE'],随時,https://www.ur-net.go.jp/chintai/kanto/kanagawa/40_1780_room.html?JKSS=000110502,<li>JR東海道本線「平塚」駅バス20分 徒歩1～3分</li><li>小田急小田原線「伊勢原」駅バス33分 徒歩2～5分</li><li>JR東海道本線「大磯」駅 徒歩53～56分</li>
kanagawa,shonan,サンヴァリエ平塚,65100,,,,小田急小田原線「伊勢原」駅,35.0,38.0,平塚市高村203,11号棟,鉄筋コンクリート造、鉄骨鉄筋コンクリート造,5,N,502号室,2DK,50,8,62000,3100,2か月,['近居割WIDE'],随時,https://www.ur-net.go.jp/chintai/kanto/kanagawa/40_1780_room.html?JKSS=000110502,<li>JR東海道本線「平塚」駅バス20分 徒歩1～3分</li><li>小田急小田原線「伊勢原」駅バス33分 徒歩2～5分</li><li>JR東海道本線「大磯」駅 徒歩53～56分</li>
kanagawa,shonan,サンヴァリエ平塚,65100,JR東海道本線「大磯」駅,53.0,56.0,,,,平塚市高村203,11号棟,鉄筋コンクリート造、鉄骨鉄筋コンクリート造,5,N,502号室,2DK,50,8,62000,3100,2か月,['近居割WIDE'],随時,https://www.ur-net.go.jp/chintai/kanto/kanagawa/40_1780_room.html?JKSS=000110502,<li>JR東海道本線「平塚」駅バス20分 徒歩1～3分</li><li>小田急小田原線「伊勢原」駅バス33分 徒歩2～5分</li><li>JR東海道本線「大磯」駅 徒歩53～56分</li>
kanagawa,shonan,サンヴァリエ平塚,65100,,,,,,,平塚市高村203,11号棟,鉄筋コンクリート造、鉄骨鉄筋コンクリート造,5,N,502号室,2DK,50,8,62000,3100,2か月,['近居割WIDE'],随時,https://www.ur-net.go.jp/chintai/kanto/kanagawa/40_1780_room.html?JKSS=000110502,<li>JR東海道本線「平塚」駅バス20分 徒歩1～3分</li><li>小田急小田原線「伊勢原」駅バス33分 徒歩2～5分</li><li>JR東海道本線「大磯」駅 徒歩53～56分</li>
kanagawa,shonan,サンヴァリエ平塚,65100,,,,JR東海道本線「平塚」駅,21.0,23.0,平塚市高村203,11号棟,鉄筋コンクリート造、鉄骨鉄筋コンクリート造,8,N,802号室,2DK,50,8,62000,3100,2か月,['近居割WIDE'],随時,https://www.ur-net.go.jp/chintai/kanto/kanagawa/40_1780_room.html?JKSS=000110802,<li>JR東海道本線「平塚」駅バス20分 徒歩1～3分</li><li>小田急小田原線「伊勢原」駅バス33分 徒歩2～5分</li><li>JR東海道本線「大磯」駅 徒歩53～56分</li>
kanagawa,shonan,サンヴァリエ平塚,65100,,,,小田急小田原線「伊勢原」駅,35.0,38.0,平塚市高村203,11号棟,鉄筋コンクリート造、鉄骨鉄筋コンクリート造,8,N,802号室,2DK,50,8,62000,3100,2か月,['近居割WIDE'],随時,https://www.ur-net.go.jp/chintai/kanto/kanagawa/40_1780_room.html?JKSS=000110802,<li>JR東海道本線「平塚」駅バス20分 徒歩1～3分</li><li>小田急小田原線「伊勢原」駅バス33分 徒歩2～5分</li><li>JR東海道本線「大磯」駅 徒歩53～56分</li>
kanagawa,shonan,サンヴァリエ平塚,65100,JR東海道本線「大磯」駅,53.0,56.0,,,,平塚市高村203,11号棟,鉄筋コンクリート造、鉄骨鉄筋コンクリート造,8,N,802号室,2DK,50,8,62000,3100,2か月,['近居割WIDE'],随時,https://www.ur-net.go.jp/chintai/kanto/kanagawa/40_1780_room.html?JKSS=000110802,<li>JR東海道本線「平塚」駅バス20分 徒歩1～3分</li><li>小田急小田原線「伊勢原」駅バス33分 徒歩2～5分</li><li>JR東海道本線「大磯」駅 徒歩53～56分</li>
kanagawa,shonan,サンヴァリエ平塚,65100,,,,,,,平塚市高村203,11号棟,鉄筋コンクリート造、鉄骨鉄筋コンクリート造,8,N,802号室,2DK,50,8,62000,3100,2か月,['近居割WIDE'],随時,https://www.ur-net.go.jp/chintai/kanto/kanagawa/40_1780_room.html?JKSS=000110802,<li>JR東海道本線「平塚」駅バス20分 徒歩1～3分</li><li>小田急小田原線「伊勢原」駅バス33分 徒歩2～5分</li><li>JR東海道本線「大磯」駅 徒歩53～56分</li>
kanagawa,shonan,サンヴァリエ平塚,65100,,,,JR東海道本線「平塚」駅,21.0,23.0,平塚市高村203,17号棟,鉄筋コンクリート造、鉄骨鉄筋コンクリート造,5,N,506号室,2DK,50,8,62000,3100,2か月,['近居割WIDE'],随時,https://www.ur-net.go.jp/chintai/kanto/kanagawa/40_1780_room.html?JKSS=000170506,<li>JR東海道本線「平塚」駅バス20分 徒歩1～3分</li><li>小田急小田原線「伊勢原」駅バス33分 徒歩2～5分</li><li>JR東海道本線「大磯」駅 徒歩53～56分</li>
kanagawa,shonan,サンヴァリエ平塚,65100,,,,小田急小田原線「伊勢原」駅,35.0,38.0,平塚市高村203,17号棟,鉄筋コンクリート造、鉄骨鉄筋コンクリート造,5,N,506号室,2DK,50,8,62000,3100,2か月,['近居割WIDE'],随時,https://www.ur-net.go.jp/chintai/kanto/kanagawa/40_1780_room.html?JKSS=000170506,<li>JR東海道本線「平塚」駅バス20分 徒歩1～3分</li><li>小田急小田原線「伊勢原」駅バス33分 徒歩2～5分</li><li>JR東海道本線「大磯」駅 徒歩53～56分</li>
kanagawa,shonan,サンヴァリエ平塚,65100,JR東海道本線「大磯」駅,53.0,56.0,,,,平塚市高村203,17号棟,鉄筋コンクリート造、鉄骨鉄筋コンクリート造,5,N,506号室,2DK,50,8,62000,3100,2か月,['近居割WIDE'],随時,https://www.ur-net.go.jp/chintai/kanto/kanagawa/40_1780_room.html?JKSS=000170506,<li>JR東海道本線「平塚」駅バス20分 徒歩1～3分</li><li>小田急小田原線「伊勢原」駅バス33分 徒歩2～5分</li><li>JR東海道本線「大磯」駅 徒歩53～56分</li>
kanagawa,shonan,サンヴァリエ平塚,65100,,,,,,,平塚市高村203,17号棟,鉄筋コンクリート造、鉄骨鉄筋コンクリート造,5,N,506号室,2DK,50,8,62000,3100,2か月,['近居割WIDE'],随時,https://www.ur-net.go.jp/chintai/kanto/kanagawa/40_1780_room.html?JKSS=000170506,<li>JR東海道本線「平塚」駅バス20分 徒歩1～3分</li><li>小田急小田原線「伊勢原」駅バス33分 徒歩2～5分</li><li>JR東海道本線「大磯」駅 徒歩53～56分</li>
kanagawa,shonan,サンヴァリエ平塚,65100,,,,JR東海道本線「平塚」駅,21.0,23.0,平塚市高村203,18号棟,鉄筋コンクリート造、鉄骨鉄筋コンクリート造,8,N,804号室,2DK,50,8,62000,3100,2か月,['近居割WIDE'],随時,https://www.ur-net.go.jp/chintai/kanto/kanagawa/40_1780_room.html?JKSS=000180804,<li>JR東海道本線「平塚」駅バス20分 徒歩1～3分</li><li>小田急小田原線「伊勢原」駅バス33分 徒歩2～5分</li><li>JR東海道本線「大磯」駅 徒歩53～56分</li>
kanagawa,shonan,サンヴァリエ平塚,65100,,,,小田急小田原線「伊勢原」駅,35.0,38.0,平塚市高村203,18号棟,鉄筋コンクリート造、鉄骨鉄筋コンクリート造,8,N,804号室,2DK,50,8,62000,3100,2か月,['近居割WIDE'],随時,https://www.ur-net.go.jp/chintai/kanto/kanagawa/40_1780_room.html?JKSS=000180804,<li>JR東海道本線「平塚」駅バス20分 徒歩1～3分</li><li>小田急小田原線「伊勢原」駅バス33分 徒歩2～5分</li><li>JR東海道本線「大磯」駅 徒歩53～56分</li>
kanagawa,shonan,サンヴァリエ平塚,65100,JR東海道本線「大磯」駅,53.0,56.0,,,,平塚市高村203,18号棟,鉄筋コンクリート造、鉄骨鉄筋コンクリート造,8,N,804号室,2DK,50,8,62000,3100,2か月,['近居割WIDE'],随時,https://www.ur-net.go.jp/chintai/kanto/kanagawa/40_1780_room.html?JKSS=000180804,<li>JR東海道本線「平塚」駅バス20分 徒歩1～3分</li><li>小田急小田原線「伊勢原」駅バス33分 徒歩2～5分</li><li>JR東海道本線「大磯」駅 徒歩53～56分</li>
kanagawa,shonan,サンヴァリエ平塚,65100,,,,,,,平塚市高村203,18号棟,鉄筋コンクリート造、鉄骨鉄筋コンクリート造,8,N,804号室,2DK,50,8,62000,3100,2か月,['近居割WIDE'],随時,https://www.ur-net.go.jp/chintai/kanto/kanagawa/40_1780_room.html?JKSS=000180804,<li>JR東海道本線「平塚」駅バス20分 徒歩1～3分</li><li>小田急小田原線「伊勢原」駅バス33分 徒歩2～5分</li><li>JR東海道本線「大磯」駅 徒歩53～56分</li>
kanagawa,shonan,善行,61300,小田急江ノ島線「善行」駅,11.0,19.0,小田急江ノ島線「善行」駅,5.0,13.0,藤沢市善行団地1-1ほか,4-4号棟,鉄筋コンクリート造,4,N,401号室,3K,45,5,58000,3300,2か月,"['近居割', '近居割WIDE']",随時,https://www.ur-net.go.jp/chintai/kanto/kanagawa/40_1040_room.html?JKSS=000404401,<li>小田急江ノ島線「善行」駅 徒歩11～19分 又はバス4～8分 徒歩1～5分</li>
kanagawa,shonan,善行,61300,,,,,,,藤沢市善行団地1-1ほか,4-4号棟,鉄筋コンクリート造,4,N,401号室,3K,45,5,58000,3300,2か月,"['近居割', '近居割WIDE']",随時,https://www.ur-net.go.jp/chintai/kanto/kanagawa/40_1040_room.html?JKSS=000404401,<li>小田急江ノ島線「善行」駅 徒歩11～19分 又はバス4～8分 徒歩1～5分</li>
kanagawa,shonan,善行,61300,小田急江ノ島線「善行」駅,11.0,19.0,小田急江ノ島線「善行」駅,5.0,13.0,藤沢市善行団地1-1ほか,7-7号棟,鉄筋コンクリート造,2,N,208号室,3K,45,5,58000,3300,2か月,['URライト（4年定借）'],随時,https://www.ur-net.go.jp/chintai/kanto/kanagawa/40_1040_room.html?JKSS=000707208,<li>小田急江ノ島線「善行」駅 徒歩11～19分 又はバス4～8分 徒歩1～5分</li>
kanagawa,shonan,善行,61300,,,,,,,藤沢市善行団地1-1ほか,7-7号棟,鉄筋コンクリート造,2,N,208号室,3K,45,5,58000,3300,2か月,['URライト（4年定借）'],随時,https://www.ur-net.go.jp/chintai/kanto/kanagawa/40_1040_room.html?JKSS=000707208,<li>小田急江ノ島線「善行」駅 徒歩11～19分 又はバス4～8分 徒歩1～5分</li>
kanagawa,shonan,善行,62400,小田急江ノ島線「善行」駅,11.0,19.0,小田急江ノ島線「善行」駅,5.0,13.0,藤沢市善行団地1-1ほか,5-5号棟,鉄筋コンクリート造,5,N,505号室,3K,48,5,59100,3300,2か月,['URライト（4年定借）'],随時,https://www.ur-net.go.jp/chintai/kanto/kanagawa/40_1040_room.html?JKSS=000505505,<li>小田急江ノ島線「善行」駅 徒歩11～19分 又はバス4～8分 徒歩1～5分</li>
kanagawa,shonan,善行,62400,,,,,,,藤沢市善行団地1-1ほか,5-5号棟,鉄筋コンクリート造,5,N,505号室,3K,48,5,59100,3300,2か月,['URライト（4年定借）'],随時,https://www.ur-net.go.jp/chintai/kanto/kanagawa/40_1040_room.html?JKSS=000505505,<li>小田急江ノ島線「善行」駅 徒歩11～19分 又はバス4～8分 徒歩1～5分</li>
kanagawa,shonan,善行,64600,小田急江ノ島線「善行」駅,11.0,19.0,小田急江ノ島線「善行」駅,5.0,13.0,藤沢市善行団地1-1ほか,3-5号棟,鉄筋コンクリート造,5,N,505号室,3DK,50,5,61300,3300,2か月,"['近居割', '近居割WIDE']",随時,https://www.ur-net.go.jp/chintai/kanto/kanagawa/40_1040_room.html?JKSS=000305505,<li>小田急江ノ島線「善行」駅 徒歩11～19分 又はバス4～8分 徒歩1～5分</li>
kanagawa,shonan,善行,64600,,,,,,,藤沢市善行団地1-1ほか,3-5号棟,鉄筋コンクリート造,5,N,505号室,3DK,50,5,61300,3300,2か月,"['近居割', '近居割WIDE']",随時,https://www.ur-net.go.jp/chintai/kanto/kanagawa/40_1040_room.html?JKSS=000305505,<li>小田急江ノ島線「善行」駅 徒歩11～19分 又はバス4～8分 徒歩1～5分</li>
kanagawa,shonan,善行,64600,小田急江ノ島線「善行」駅,11.0,19.0,小田急江ノ島線「善行」駅,5.0,13.0,藤沢市善行団地1-1ほか,3-7号棟,鉄筋コンクリート造,5,N,504号室,3DK,50,5,61300,3300,2か月,"['近居割', '近居割WIDE']",随時,https://www.ur-net.go.jp/chintai/kanto/kanagawa/40_1040_room.html?JKSS=000307504,<li>小田急江ノ島線「善行」駅 徒歩11～19分 又はバス4～8分 徒歩1～5分</li>
kanagawa,shonan,善行,64600,,,,,,,藤沢市善行団地1-1ほか,3-7号棟,鉄筋コンクリート造,5,N,504号室,3DK,50,5,61300,3300,2か月,"['近居割', '近居割WIDE']",随時,https://www.ur-net.go.jp/chintai/kanto/kanagawa/40_1040_room.html?JKSS=000307504,<li>小田急江ノ島線「善行」駅 徒歩11～19分 又はバス4～8分 徒歩1～5分</li>
kanagawa,shonan,鶴が台,55300,,,,JR東海道本線「茅ケ崎」駅,10.0,18.0,茅ヶ崎市鶴が台,11-1号棟,鉄筋コンクリート造,4,N,403号室,3K,45,5,51700,3600,2か月,['近居割'],随時,https://www.ur-net.go.jp/chintai/kanto/kanagawa/40_1160_room.html?JKSS=000111403,<li>JR東海道本線「茅ケ崎」駅バス9～13分 徒歩1～5分</li><li>JR相模線「北茅ケ崎」駅 徒歩14～19分</li><li>JR相模線「香川」駅 徒歩15～23分</li>
kanagawa,shonan,鶴が台,55300,JR相模線「北茅ケ崎」駅,14.0,19.0,,,,茅ヶ崎市鶴が台,11-1号棟,鉄筋コンクリート造,4,N,403号室,3K,45,5,51700,3600,2か月,['近居割'],随時,https://www.ur-net.go.jp/chintai/kanto/kanagawa/40_1160_room.html?JKSS=000111403,<li>JR東海道本線「茅ケ崎」駅バス9～13分 徒歩1～5分</li><li>JR相模線「北茅ケ崎」駅 徒歩14～19分</li><li>JR相模線「香川」駅 徒歩15～23分</li>
kanagawa,shonan,鶴が台,55300,JR相模線「香川」駅,15.0,23.0,,,,茅ヶ崎市鶴が台,11-1号棟,鉄筋コンクリート造,4,N,403号室,3K,45,5,51700,3600,2か月,['近居割'],随時,https://www.ur-net.go.jp/chintai/kanto/kanagawa/40_1160_room.html?JKSS=000111403,<li>JR東海道本線「茅ケ崎」駅バス9～13分 徒歩1～5分</li><li>JR相模線「北茅ケ崎」駅 徒歩14～19分</li><li>JR相模線「香川」駅 徒歩15～23分</li>
kanagawa,shonan,鶴が台,55300,,,,,,,茅ヶ崎市鶴が台,11-1号棟,鉄筋コンクリート造,4,N,403号室,3K,45,5,51700,3600,2か月,['近居割'],随時,https://www.ur-net.go.jp/chintai/kanto/kanagawa/40_1160_room.html?JKSS=000111403,<li>JR東海道本線「茅ケ崎」駅バス9～13分 徒歩1～5分</li><li>JR相模線「北茅ケ崎」駅 徒歩14～19分</li><li>JR相模線「香川」駅 徒歩15～23分</li>
kanagawa,shonan,鶴が台,61000,,,,JR東海道本線「茅ケ崎」駅,10.0,18.0,茅ヶ崎市鶴が台,4-1号棟,鉄筋コンクリート造,5,N,501号室,3DK,53,5,57400,3600,2か月,['近居割'],随時,https://www.ur-net.go.jp/chintai/kanto/kanagawa/40_1160_room.html?JKSS=000401501,<li>JR東海道本線「茅ケ崎」駅バス9～13分 徒歩1～5分</li><li>JR相模線「北茅ケ崎」駅 徒歩14～19分</li><li>JR相模線「香川」駅 徒歩15～23分</li>
kanagawa,shonan,鶴が台,61000,JR相模線「北茅ケ崎」駅,14.0,19.0,,,,茅ヶ崎市鶴が台,4-1号棟,鉄筋コンクリート造,5,N,501号室,3DK,53,5,57400,3600,2か月,['近居割'],随時,https://www.ur-net.go.jp/chintai/kanto/kanagawa/40_1160_room.html?JKSS=000401501,<li>JR東海道本線「茅ケ崎」駅バス9～13分 徒歩1～5分</li><li>JR相模線「北茅ケ崎」駅 徒歩14～19分</li><li>JR相模線「香川」駅 徒歩15～23分</li>
kanagawa,shonan,鶴が台,61000,JR相模線「香川」駅,15.0,23.0,,,,茅ヶ崎市鶴が台,4-1号棟,鉄筋コンクリート造,5,N,501号室,3DK,53,5,57400,3600,2か月,['近居割'],随時,https://www.ur-net.go.jp/chintai/kanto/kanagawa/40_1160_room.html?JKSS=000401501,<li>JR東海道本線「茅ケ崎」駅バス9～13分 徒歩1～5分</li><li>JR相模線「北茅ケ崎」駅 徒歩14～19分</li><li>JR相模線「香川」駅 徒歩15～23分</li>
kanagawa,shonan,鶴が台,61000,,,,,,,茅ヶ崎市鶴が台,4-1号棟,鉄筋コンクリート造,5,N,501号室,3DK,53,5,57400,3600,2か月,['近居割'],随時,https://www.ur-net.go.jp/chintai/kanto/kanagawa/40_1160_room.html?JKSS=000401501,<li>JR東海道本線「茅ケ崎」駅バス9～13分 徒歩1～5分</li><li>JR相模線「北茅ケ崎」駅 徒歩14～19分</li><li>JR相模線「香川」駅 徒歩15～23分</li>
kanagawa,shonan,浜見平,107900,,,,JR東海道本線「茅ケ崎」駅,15.0,15.0,茅ヶ崎市浜見平6-2ほか,6-2号棟,鉄筋コンクリート造,3,N,303号室,3DK,62,5,104000,3900,2か月,"['近居割', '近居割WIDE']",随時,https://www.ur-net.go.jp/chintai/kanto/kanagawa/40_0971_room.html?JKSS=006020303,<li>JR東海道本線「茅ケ崎」駅バス13分 徒歩2分</li>
kanagawa,shonan,浜見平,107900,,,,,,,茅ヶ崎市浜見平6-2ほか,6-2号棟,鉄筋コンクリート造,3,N,303号室,3DK,62,5,104000,3900,2か月,"['近居割', '近居割WIDE']",随時,https://www.ur-net.go.jp/chintai/kanto/kanagawa/40_0971_room.html?JKSS=006020303,<li>JR東海道本線「茅ケ崎」駅バス13分 徒歩2分</li>
kanagawa,shonan,浜見平,116100,,,,JR東海道本線「茅ケ崎」駅,15.0,15.0,茅ヶ崎市浜見平6-2ほか,6-2号棟,鉄筋コンクリート造,2,N,202号室,3LDK,70,5,112200,3900,2か月,"['近居割', '近居割WIDE']",随時,https://www.ur-net.go.jp/chintai/kanto/kanagawa/40_0971_room.html?JKSS=006020202,<li>JR東海道本線「茅ケ崎」駅バス13分 徒歩2分</li>
kanagawa,shonan,浜見平,116100,,,,,,,茅ヶ崎市浜見平6-2ほか,6-2号棟,鉄筋コンクリート造,2,N,202号室,3LDK,70,5,112200,3900,2か月,"['近居割', '近居割WIDE']",随時,https://www.ur-net.go.jp/chintai/kanto/kanagawa/40_0971_room.html?JKSS=006020202,<li>JR東海道本線「茅ケ崎」駅バス13分 徒歩2分</li>
kanagawa,shonan,浜見平,119500,,,,JR東海道本線「茅ケ崎」駅,15.0,15.0,茅ヶ崎市浜見平6-2ほか,6-2号棟,鉄筋コンクリート造,5,N,506号室,3LDK,70,5,115600,3900,2か月,"['近居割', '近居割WIDE']",随時,https://www.ur-net.go.jp/chintai/kanto/kanagawa/40_0971_room.html?JKSS=006020506,<li>JR東海道本線「茅ケ崎」駅バス13分 徒歩2分</li>
kanagawa,shonan,浜見平,119500,,,,,,,茅ヶ崎市浜見平6-2ほか,6-2号棟,鉄筋コンクリート造,5,N,506号室,3LDK,70,5,115600,3900,2か月,"['近居割', '近居割WIDE']",随時,https://www.ur-net.go.jp/chintai/kanto/kanagawa/40_0971_room.html?JKSS=006020506,<li>JR東海道本線「茅ケ崎」駅バス13分 徒歩2分</li>
kanagawa,shonan,浜見平,123300,,,,JR東海道本線「茅ケ崎」駅,15.0,15.0,茅ヶ崎市浜見平6-2ほか,6-3号棟,鉄筋コンクリート造,4,N,406号室,3LDK,70,5,119400,3900,2か月,"['近居割', '近居割WIDE']",随時,https://www.ur-net.go.jp/chintai/kanto/kanagawa/40_0971_room.html?JKSS=006030406,<li>JR東海道本線「茅ケ崎」駅バス13分 徒歩2分</li>
kanagawa,shonan,浜見平,123300,,,,,,,茅ヶ崎市浜見平6-2ほか,6-3号棟,鉄筋コンクリート造,4,N,406号室,3LDK,70,5,119400,3900,2か月,"['近居割', '近居割WIDE']",随時,https://www.ur-net.go.jp/chintai/kanto/kanagawa/40_0971_room.html?JKSS=006030406,<li>JR東海道本線「茅ケ崎」駅バス13分 徒歩2分</li>
kanagawa,shonan,コンフォール茅ヶ崎浜見平,122800,,,,JR東海道本線「茅ケ崎」駅,16.0,18.0,茅ヶ崎市浜見平13番ほか,14-2号棟,鉄筋コンクリート造,2,N,212号室,1LDK,63,8,117900,4900,2か月,"['近居割', '近居割WIDE']",随時,https://www.ur-net.go.jp/chintai/kanto/kanagawa/40_4240_room.html?JKSS=014020212,<li>JR東海道本線「茅ケ崎」駅バス14分 徒歩2～4分</li>
kanagawa,shonan,コンフォール茅ヶ崎浜見平,122800,,,,,,,茅ヶ崎市浜見平13番ほか,14-2号棟,鉄筋コンクリート造,2,N,212号室,1LDK,63,8,117900,4900,2か月,"['近居割', '近居割WIDE']",随時,https://www.ur-net.go.jp/chintai/kanto/kanagawa/40_4240_room.html?JKSS=014020212,<li>JR東海道本線「茅ケ崎」駅バス14分 徒歩2～4分</li>
chiba,hanamigawa,花見川（第１次～第４次）,47550,,,,京成本線「八千代台」駅,4.0,18.0,千葉市花見川区花見川1ほか,2-5号棟,鉄筋コンクリート造,5,N,509号室,2DK,45,5,44800,2750,2か月,"['近居割', '近居割WIDE']",随時,https://www.ur-net.go.jp/chintai/kanto/chiba/30_1681_room.html?JKSS=000205509,<li>京成本線「八千代台」駅バス3～10分 徒歩1～8分</li><li>京成本線「実籾」駅 徒歩30～45分</li><li>京成本線「京成大和田」駅 徒歩31～49分</li>
chiba,hanamigawa,花見川（第１次～第４次）,47550,京成本線「実籾」駅,30.0,45.0,,,,千葉市花見川区花見川1ほか,2-5号棟,鉄筋コンクリート造,5,N,509号室,2DK,45,5,44800,2750,2か月,"['近居割', '近居割WIDE']",随時,https://www.ur-net.go.jp/chintai/kanto/chiba/30_1681_room.html?JKSS=000205509,<li>京成本線「八千代台」駅バス3～10分 徒歩1～8分</li><li>京成本線「実籾」駅 徒歩30～45分</li><li>京成本線「京成大和田」駅 徒歩31～49分</li>
chiba,hanamigawa,花見川（第１次～第４次）,47550,京成本線「京成大和田」駅,31.0,49.0,,,,千葉市花見川区花見川1ほか,2-5号棟,鉄筋コンクリート造,5,N,509号室,2DK,45,5,44800,2750,2か月,"['近居割', '近居割WIDE']",随時,https://www.ur-net.go.jp/chintai/kanto/chiba/30_1681_room.html?JKSS=000205509,<li>京成本線「八千代台」駅バス3～10分 徒歩1～8分</li><li>京成本線「実籾」駅 徒歩30～45分</li><li>京成本線「京成大和田」駅 徒歩31～49分</li>
chiba,hanamigawa,花見川（第１次～第４次）,47550,,,,,,,千葉市花見川区花見川1ほか,2-5号棟,鉄筋コンクリート造,5,N,509号室,2DK,45,5,44800,2750,2か月,"['近居割', '近居割WIDE']",随時,https://www.ur-net.go.jp/chintai/kanto/chiba/30_1681_room.html?JKSS=000205509,<li>京成本線「八千代台」駅バス3～10分 徒歩1～8分</li><li>京成本線「実籾」駅 徒歩30～45分</li><li>京成本線「京成大和田」駅 徒歩31～49分</li>
chiba,makuhari,グリーンプラザ幕張,116000,JR総武線「幕張」駅,10.0,11.0,,,,千葉市花見川区幕張町5-417-6,1号棟,鉄筋コンクリート造,5,N,506号室,1LDK,55,14,112700,3300,2か月,"['近居割', '近居割WIDE']",随時,https://www.ur-net.go.jp/chintai/kanto/chiba/30_5870_room.html?JKSS=000010506,<li>JR総武線「幕張」駅 徒歩10～11分</li><li>京成千葉線「京成幕張」駅 徒歩11～12分</li><li>京成千葉線「検見川」駅 徒歩17～18分</li>
chiba,makuhari,グリーンプラザ幕張,116000,京成千葉線「京成幕張」駅,11.0,12.0,,,,千葉市花見川区幕張町5-417-6,1号棟,鉄筋コンクリート造,5,N,506号室,1LDK,55,14,112700,3300,2か月,"['近居割', '近居割WIDE']",随時,https://www.ur-net.go.jp/chintai/kanto/chiba/30_5870_room.html?JKSS=000010506,<li>JR総武線「幕張」駅 徒歩10～11分</li><li>京成千葉線「京成幕張」駅 徒歩11～12分</li><li>京成千葉線「検見川」駅 徒歩17～18分</li>
chiba,makuhari,グリーンプラザ幕張,116000,京成千葉線「検見川」駅,17.0,18.0,,,,千葉市花見川区幕張町5-417-6,1号棟,鉄筋コンクリート造,5,N,506号室,1LDK,55,14,112700,3300,2か月,"['近居割', '近居割WIDE']",随時,https://www.ur-net.go.jp/chintai/kanto/chiba/30_5870_room.html?JKSS=000010506,<li>JR総武線「幕張」駅 徒歩10～11分</li><li>京成千葉線「京成幕張」駅 徒歩11～12分</li><li>京成千葉線「検見川」駅 徒歩17～18分</li>
chiba,makuhari,グリーンプラザ幕張,116000,,,,,,,千葉市花見川区幕張町5-417-6,1号棟,鉄筋コンクリート造,5,N,506号室,1LDK,55,14,112700,3300,2か月,"['近居割', '近居割WIDE']",随時,https://www.ur-net.go.jp/chintai/kanto/chiba/30_5870_room.html?JKSS=000010506,<li>JR総武線「幕張」駅 徒歩10～11分</li><li>京成千葉線「京成幕張」駅 徒歩11～12分</li><li>京成千葉線「検見川」駅 徒歩17～18分</li>
chiba,inagekaigan,高洲第二,76420,JR京葉線「稲毛海岸」駅,3.0,7.0,,,,千葉市美浜区高洲4ほか,18-11号棟,鉄筋コンクリート造、鉄骨鉄筋コンクリート造,7,N,703号室,2DK,45,11,74200,2220,2か月,"['近居割', '近居割WIDE']",随時,https://www.ur-net.go.jp/chintai/kanto/chiba/30_2650_room.html?JKSS=018110703,<li>JR京葉線「稲毛海岸」駅 徒歩3～7分</li><li>JR総武線「稲毛」駅バス20分 徒歩5～11分</li><li>京成千葉線「京成稲毛」駅 徒歩14～19分</li><li>JR京葉線「検見川浜」駅 徒歩18～21分</li>
chiba,inagekaigan,高洲第二,76420,,,,JR総武線「稲毛」駅,25.0,31.0,千葉市美浜区高洲4ほか,18-11号棟,鉄筋コンクリート造、鉄骨鉄筋コンクリート造,7,N,703号室,2DK,45,11,74200,2220,2か月,"['近居割', '近居割WIDE']",随時,https://www.ur-net.go.jp/chintai/kanto/chiba/30_2650_room.html?JKSS=018110703,<li>JR京葉線「稲毛海岸」駅 徒歩3～7分</li><li>JR総武線「稲毛」駅バス20分 徒歩5～11分</li><li>京成千葉線「京成稲毛」駅 徒歩14～19分</li><li>JR京葉線「検見川浜」駅 徒歩18～21分</li>
chiba,inagekaigan,高洲第二,76420,京成千葉線「京成稲毛」駅,14.0,19.0,,,,千葉市美浜区高洲4ほか,18-11号棟,鉄筋コンクリート造、鉄骨鉄筋コンクリート造,7,N,703号室,2DK,45,11,74200,2220,2か月,"['近居割', '近居割WIDE']",随時,https://www.ur-net.go.jp/chintai/kanto/chiba/30_2650_room.html?JKSS=018110703,<li>JR京葉線「稲毛海岸」駅 徒歩3～7分</li><li>JR総武線「稲毛」駅バス20分 徒歩5～11分</li><li>京成千葉線「京成稲毛」駅 徒歩14～19分</li><li>JR京葉線「検見川浜」駅 徒歩18～21分</li>
chiba,inagekaigan,高洲第二,76420,JR京葉線「検見川浜」駅,18.0,21.0,,,,千葉市美浜区高洲4ほか,18-11号棟,鉄筋コンクリート造、鉄骨鉄筋コンクリート造,7,N,703号室,2DK,45,11,74200,2220,2か月,"['近居割', '近居割WIDE']",随時,https://www.ur-net.go.jp/chintai/kanto/chiba/30_2650_room.html?JKSS=018110703,<li>JR京葉線「稲毛海岸」駅 徒歩3～7分</li><li>JR総武線「稲毛」駅バス20分 徒歩5～11分</li><li>京成千葉線「京成稲毛」駅 徒歩14～19分</li><li>JR京葉線「検見川浜」駅 徒歩18～21分</li>
chiba,inagekaigan,高洲第二,76420,,,,,,,千葉市美浜区高洲4ほか,18-11号棟,鉄筋コンクリート造、鉄骨鉄筋コンクリート造,7,N,703号室,2DK,45,11,74200,2220,2か月,"['近居割', '近居割WIDE']",随時,https://www.ur-net.go.jp/chintai/kanto/chiba/30_2650_room.html?JKSS=018110703,<li>JR京葉線「稲毛海岸」駅 徒歩3～7分</li><li>JR総武線「稲毛」駅バス20分 徒歩5～11分</li><li>京成千葉線「京成稲毛」駅 徒歩14～19分</li><li>JR京葉線「検見川浜」駅 徒歩18～21分</li>
chiba,makuhari,幕張ベイタウンパティオス２２番街,130700,JR京葉線「海浜幕張」駅,18.0,18.0,JR京葉線「海浜幕張」駅,7.0,7.0,千葉市美浜区打瀬3-9 パティオス22番街,,鉄筋コンクリート造,3,N,312号室,1LDK,50,7,125000,5700,2か月,"['近居割', '近居割WIDE']",随時,https://www.ur-net.go.jp/chintai/kanto/chiba/30_5960_room.html?JKSS=000000312,<li>JR京葉線「海浜幕張」駅 徒歩18分 又はバス6分 徒歩1分</li>
chiba,makuhari,幕張ベイタウンパティオス２２番街,130700,,,,,,,千葉市美浜区打瀬3-9 パティオス22番街,,鉄筋コンクリート造,3,N,312号室,1LDK,50,7,125000,5700,2か月,"['近居割', '近居割WIDE']",随時,https://www.ur-net.go.jp/chintai/kanto/chiba/30_5960_room.html?JKSS=000000312,<li>JR京葉線「海浜幕張」駅 徒歩18分 又はバス6分 徒歩1分</li>
chiba,shinurayasu,コンフォール舞浜（コンフォール浦安弁天）,163000,JR京葉線「舞浜」駅,17.0,20.0,,,,浦安市弁天1-21,3号棟,鉄筋コンクリート造,3,N,303号室,3LDK,71,3,158400,4600,2か月,"['近居割', '近居割WIDE']",随時,https://www.ur-net.go.jp/chintai/kanto/chiba/30_5840_room.html?JKSS=000030303,<li>JR京葉線「舞浜」駅 徒歩17～20分</li><li>東京メトロ東西線「浦安」駅 徒歩40～42分</li><li>JR京葉線「新浦安」駅 徒歩28～30分</li>
chiba,shinurayasu,コンフォール舞浜（コンフォール浦安弁天）,163000,東京メトロ東西線「浦安」駅,40.0,42.0,,,,浦安市弁天1-21,3号棟,鉄筋コンクリート造,3,N,303号室,3LDK,71,3,158400,4600,2か月,"['近居割', '近居割WIDE']",随時,https://www.ur-net.go.jp/chintai/kanto/chiba/30_5840_room.html?JKSS=000030303,<li>JR京葉線「舞浜」駅 徒歩17～20分</li><li>東京メトロ東西線「浦安」駅 徒歩40～42分</li><li>JR京葉線「新浦安」駅 徒歩28～30分</li>
chiba,shinurayasu,コンフォール舞浜（コンフォール浦安弁天）,163000,JR京葉線「新浦安」駅,28.0,30.0,,,,浦安市弁天1-21,3号棟,鉄筋コンクリート造,3,N,303号室,3LDK,71,3,158400,4600,2か月,"['近居割', '近居割WIDE']",随時,https://www.ur-net.go.jp/chintai/kanto/chiba/30_5840_room.html?JKSS=000030303,<li>JR京葉線「舞浜」駅 徒歩17～20分</li><li>東京メトロ東西線「浦安」駅 徒歩40～42分</li><li>JR京葉線「新浦安」駅 徒歩28～30分</li>
chiba,shinurayasu,コンフォール舞浜（コンフォール浦安弁天）,163000,,,,,,,浦安市弁天1-21,3号棟,鉄筋コンクリート造,3,N,303号室,3LDK,71,3,158400,4600,2か月,"['近居割', '近居割WIDE']",随時,https://www.ur-net.go.jp/chintai/kanto/chiba/30_5840_room.html?JKSS=000030303,<li>JR京葉線「舞浜」駅 徒歩17～20分</li><li>東京メトロ東西線「浦安」駅 徒歩40～42分</li><li>JR京葉線「新浦安」駅 徒歩28～30分</li>
chiba,shinurayasu,浦安マリナイースト２１潮音の街,197900,,,,JR京葉線「新浦安」駅,12.0,14.0,浦安市高洲6-1,7号棟,鉄筋コンクリート造,4,N,401号室,3LDK,84,14,190900,7000,2か月,"['近居割', '近居割WIDE']",随時,https://www.ur-net.go.jp/chintai/kanto/chiba/30_5130_room.html?JKSS=000070401,<li>JR京葉線「新浦安」駅バス7分 徒歩5～7分</li><li>JR京葉線「舞浜」駅 徒歩56～58分</li><li>東京メトロ東西線「浦安」駅バス20分 徒歩5～7分</li>
chiba,shinurayasu,浦安マリナイースト２１潮音の街,197900,JR京葉線「舞浜」駅,56.0,58.0,,,,浦安市高洲6-1,7号棟,鉄筋コンクリート造,4,N,401号室,3LDK,84,14,190900,7000,2か月,"['近居割', '近居割WIDE']",随時,https://www.ur-net.go.jp/chintai/kanto/chiba/30_5130_room.html?JKSS=000070401,<li>JR京葉線「新浦安」駅バス7分 徒歩5～7分</li><li>JR京葉線「舞浜」駅 徒歩56～58分</li><li>東京メトロ東西線「浦安」駅バス20分 徒歩5～7分</li>
chiba,shinurayasu,浦安マリナイースト２１潮音の街,197900,,,,東京メトロ東西線「浦安」駅,25.0,27.0,浦安市高洲6-1,7号棟,鉄筋コンクリート造,4,N,401号室,3LDK,84,14,190900,7000,2か月,"['近居割', '近居割WIDE']",随時,https://www.ur-net.go.jp/chintai/kanto/chiba/30_5130_room.html?JKSS=000070401,<li>JR京葉線「新浦安」駅バス7分 徒歩5～7分</li><li>JR京葉線「舞浜」駅 徒歩56～58分</li><li>東京メトロ東西線「浦安」駅バス20分 徒歩5～7分</li>
chiba,shinurayasu,浦安マリナイースト２１潮音の街,197900,,,,,,,浦安市高洲6-1,7号棟,鉄筋コンクリート造,4,N,401号室,3LDK,84,14,190900,7000,2か月,"['近居割', '近居割WIDE']",随時,https://www.ur-net.go.jp/chintai/kanto/chiba/30_5130_room.html?JKSS=000070401,<li>JR京葉線「新浦安」駅バス7分 徒歩5～7分</li><li>JR京葉線「舞浜」駅 徒歩56～58分</li><li>東京メトロ東西線「浦安」駅バス20分 徒歩5～7分</li>
chiba,shinurayasu,浦安マリナイースト２１海園の街,240300,JR京葉線「新浦安」駅,25.0,29.0,JR京葉線「新浦安」駅,12.0,14.0,浦安市明海3-2海園の街,8号棟,鉄筋コンクリート造,4,N,405号室,3LDK,93,14,232300,8000,2か月,"['近居割', '近居割WIDE']",随時,https://www.ur-net.go.jp/chintai/kanto/chiba/30_5830_room.html?JKSS=000080405,<li>JR京葉線「新浦安」駅 徒歩25～29分 又はバス10分 徒歩2～4分</li><li>JR京葉線「舞浜」駅 徒歩54～59分</li><li>東京メトロ東西線「浦安」駅 徒歩54～59分</li>
chiba,shinurayasu,浦安マリナイースト２１海園の街,240300,JR京葉線「舞浜」駅,54.0,59.0,,,,浦安市明海3-2海園の街,8号棟,鉄筋コンクリート造,4,N,405号室,3LDK,93,14,232300,8000,2か月,"['近居割', '近居割WIDE']",随時,https://www.ur-net.go.jp/chintai/kanto/chiba/30_5830_room.html?JKSS=000080405,<li>JR京葉線「新浦安」駅 徒歩25～29分 又はバス10分 徒歩2～4分</li><li>JR京葉線「舞浜」駅 徒歩54～59分</li><li>東京メトロ東西線「浦安」駅 徒歩54～59分</li>
chiba,shinurayasu,浦安マリナイースト２１海園の街,240300,東京メトロ東西線「浦安」駅,54.0,59.0,,,,浦安市明海3-2海園の街,8号棟,鉄筋コンクリート造,4,N,405号室,3LDK,93,14,232300,8000,2か月,"['近居割', '近居割WIDE']",随時,https://www.ur-net.go.jp/chintai/kanto/chiba/30_5830_room.html?JKSS=000080405,<li>JR京葉線「新浦安」駅 徒歩25～29分 又はバス10分 徒歩2～4分</li><li>JR京葉線「舞浜」駅 徒歩54～59分</li><li>東京メトロ東西線「浦安」駅 徒歩54～59分</li>
chiba,shinurayasu,浦安マリナイースト２１海園の街,240300,,,,,,,浦安市明海3-2海園の街,8号棟,鉄筋コンクリート造,4,N,405号室,3LDK,93,14,232300,8000,2か月,"['近居割', '近居割WIDE']",随時,https://www.ur-net.go.jp/chintai/kanto/chiba/30_5830_room.html?JKSS=000080405,<li>JR京葉線「新浦安」駅 徒歩25～29分 又はバス10分 徒歩2～4分</li><li>JR京葉線「舞浜」駅 徒歩54～59分</li><li>東京メトロ東西線「浦安」駅 徒歩54～59分</li>
chiba,shinurayasu,浦安マリナイースト２１海園の街,242900,JR京葉線「新浦安」駅,25.0,29.0,JR京葉線「新浦安」駅,12.0,14.0,浦安市明海3-2海園の街,6号棟,鉄筋コンクリート造,5,N,502号室,3LDK,95,14,234900,8000,2か月,"['近居割', '近居割WIDE']",随時,https://www.ur-net.go.jp/chintai/kanto/chiba/30_5830_room.html?JKSS=000060502,<li>JR京葉線「新浦安」駅 徒歩25～29分 又はバス10分 徒歩2～4分</li><li>JR京葉線「舞浜」駅 徒歩54～59分</li><li>東京メトロ東西線「浦安」駅 徒歩54～59分</li>
chiba,shinurayasu,浦安マリナイースト２１海園の街,242900,JR京葉線「舞浜」駅,54.0,59.0,,,,浦安市明海3-2海園の街,6号棟,鉄筋コンクリート造,5,N,502号室,3LDK,95,14,234900,8000,2か月,"['近居割', '近居割WIDE']",随時,https://www.ur-net.go.jp/chintai/kanto/chiba/30_5830_room.html?JKSS=000060502,<li>JR京葉線「新浦安」駅 徒歩25～29分 又はバス10分 徒歩2～4分</li><li>JR京葉線「舞浜」駅 徒歩54～59分</li><li>東京メトロ東西線「浦安」駅 徒歩54～59分</li>
chiba,shinurayasu,浦安マリナイースト２１海園の街,242900,東京メトロ東西線「浦安」駅,54.0,59.0,,,,浦安市明海3-2海園の街,6号棟,鉄筋コンクリート造,5,N,502号室,3LDK,95,14,234900,8000,2か月,"['近居割', '近居割WIDE']",随時,https://www.ur-net.go.jp/chintai/kanto/chiba/30_5830_room.html?JKSS=000060502,<li>JR京葉線「新浦安」駅 徒歩25～29分 又はバス10分 徒歩2～4分</li><li>JR京葉線「舞浜」駅 徒歩54～59分</li><li>東京メトロ東西線「浦安」駅 徒歩54～59分</li>
chiba,shinurayasu,浦安マリナイースト２１海園の街,242900,,,,,,,浦安市明海3-2海園の街,6号棟,鉄筋コンクリート造,5,N,502号室,3LDK,95,14,234900,8000,2か月,"['近居割', '近居割WIDE']",随時,https://www.ur-net.go.jp/chintai/kanto/chiba/30_5830_room.html?JKSS=000060502,<li>JR京葉線「新浦安」駅 徒歩25～29分 又はバス10分 徒歩2～4分</li><li>JR京葉線「舞浜」駅 徒歩54～59分</li><li>東京メトロ東西線「浦安」駅 徒歩54～59分</li>
chiba,kitanarashino,アートヒル高根台,91000,京成松戸線「高根公団」駅,3.0,10.0,,,,船橋市高根台1-1ほか,7号棟,鉄筋コンクリート造,5,N,503号室,1DK,43,10,84500,6500,2か月,"['近居割', '近居割WIDE']",随時,https://www.ur-net.go.jp/chintai/kanto/chiba/30_5951_room.html?JKSS=000070503,<li>京成松戸線「高根公団」駅 徒歩3～10分</li><li>京成松戸線「滝不動」駅 徒歩12～19分</li><li>京成松戸線「高根木戸」駅 徒歩11～19分</li>
chiba,kitanarashino,アートヒル高根台,91000,京成松戸線「滝不動」駅,12.0,19.0,,,,船橋市高根台1-1ほか,7号棟,鉄筋コンクリート造,5,N,503号室,1DK,43,10,84500,6500,2か月,"['近居割', '近居割WIDE']",随時,https://www.ur-net.go.jp/chintai/kanto/chiba/30_5951_room.html?JKSS=000070503,<li>京成松戸線「高根公団」駅 徒歩3～10分</li><li>京成松戸線「滝不動」駅 徒歩12～19分</li><li>京成松戸線「高根木戸」駅 徒歩11～19分</li>
chiba,kitanarashino,アートヒル高根台,91000,京成松戸線「高根木戸」駅,11.0,19.0,,,,船橋市高根台1-1ほか,7号棟,鉄筋コンクリート造,5,N,503号室,1DK,43,10,84500,6500,2か月,"['近居割', '近居割WIDE']",随時,https://www.ur-net.go.jp/chintai/kanto/chiba/30_5951_room.html?JKSS=000070503,<li>京成松戸線「高根公団」駅 徒歩3～10分</li><li>京成松戸線「滝不動」駅 徒歩12～19分</li><li>京成松戸線「高根木戸」駅 徒歩11～19分</li>
chiba,kitanarashino,アートヒル高根台,91000,,,,,,,船橋市高根台1-1ほか,7号棟,鉄筋コンクリート造,5,N,503号室,1DK,43,10,84500,6500,2か月,"['近居割', '近居割WIDE']",随時,https://www.ur-net.go.jp/chintai/kanto/chiba/30_5951_room.html?JKSS=000070503,<li>京成松戸線「高根公団」駅 徒歩3～10分</li><li>京成松戸線「滝不動」駅 徒歩12～19分</li><li>京成松戸線「高根木戸」駅 徒歩11～19分</li>
chiba,shinurayasu,ハイタウン塩浜,100700,,,,東京メトロ東西線「南行徳」駅,6.0,11.0,市川市塩浜4-2ほか,9号棟,鉄筋コンクリート造、鉄骨鉄筋コンクリート造,11,N,1107号室,1LDK,50,14,97500,3200,2か月,"['近居割', '近居割WIDE']",随時,https://www.ur-net.go.jp/chintai/kanto/chiba/30_3360_room.html?JKSS=000091107,<li>東京メトロ東西線「南行徳」駅バス5分 徒歩1～6分</li><li>東京メトロ東西線「浦安」駅 徒歩28～33分</li><li>JR京葉線「新浦安」駅バス8分 徒歩1～6分</li>
chiba,shinurayasu,ハイタウン塩浜,100700,東京メトロ東西線「浦安」駅,28.0,33.0,,,,市川市塩浜4-2ほか,9号棟,鉄筋コンクリート造、鉄骨鉄筋コンクリート造,11,N,1107号室,1LDK,50,14,97500,3200,2か月,"['近居割', '近居割WIDE']",随時,https://www.ur-net.go.jp/chintai/kanto/chiba/30_3360_room.html?JKSS=000091107,<li>東京メトロ東西線「南行徳」駅バス5分 徒歩1～6分</li><li>東京メトロ東西線「浦安」駅 徒歩28～33分</li><li>JR京葉線「新浦安」駅バス8分 徒歩1～6分</li>
chiba,shinurayasu,ハイタウン塩浜,100700,,,,JR京葉線「新浦安」駅,9.0,14.0,市川市塩浜4-2ほか,9号棟,鉄筋コンクリート造、鉄骨鉄筋コンクリート造,11,N,1107号室,1LDK,50,14,97500,3200,2か月,"['近居割', '近居割WIDE']",随時,https://www.ur-net.go.jp/chintai/kanto/chiba/30_3360_room.html?JKSS=000091107,<li>東京メトロ東西線「南行徳」駅バス5分 徒歩1～6分</li><li>東京メトロ東西線「浦安」駅 徒歩28～33分</li><li>JR京葉線「新浦安」駅バス8分 徒歩1～6分</li>
chiba,shinurayasu,ハイタウン塩浜,100700,,,,,,,市川市塩浜4-2ほか,9号棟,鉄筋コンクリート造、鉄骨鉄筋コンクリート造,11,N,1107号室,1LDK,50,14,97500,3200,2か月,"['近居割', '近居割WIDE']",随時,https://www.ur-net.go.jp/chintai/kanto/chiba/30_3360_room.html?JKSS=000091107,<li>東京メトロ東西線「南行徳」駅バス5分 徒歩1～6分</li><li>東京メトロ東西線「浦安」駅 徒歩28～33分</li><li>JR京葉線「新浦安」駅バス8分 徒歩1～6分</li>
chiba,yurinokidaipc,米本,42300,,,,東葉高速鉄道「八千代中央」駅,19.0,26.0,八千代市米本1359,3-2号棟,鉄筋コンクリート造,2,N,201号室,3K,45,5,39100,3200,2か月,['近居割WIDE'],随時,https://www.ur-net.go.jp/chintai/kanto/chiba/30_1950_room.html?JKSS=003002201,<li>東葉高速鉄道「八千代中央」駅バス17分 徒歩2～9分</li><li>東葉高速鉄道「東葉勝田台」駅バス20分 徒歩2～9分</li><li>京成本線「勝田台」駅バス20分 徒歩2～9分</li>
chiba,yurinokidaipc,米本,42300,,,,東葉高速鉄道「東葉勝田台」駅,22.0,29.0,八千代市米本1359,3-2号棟,鉄筋コンクリート造,2,N,201号室,3K,45,5,39100,3200,2か月,['近居割WIDE'],随時,https://www.ur-net.go.jp/chintai/kanto/chiba/30_1950_room.html?JKSS=003002201,<li>東葉高速鉄道「八千代中央」駅バス17分 徒歩2～9分</li><li>東葉高速鉄道「東葉勝田台」駅バス20分 徒歩2～9分</li><li>京成本線「勝田台」駅バス20分 徒歩2～9分</li>
chiba,yurinokidaipc,米本,42300,,,,京成本線「勝田台」駅,22.0,29.0,八千代市米本1359,3-2号棟,鉄筋コンクリート造,2,N,201号室,3K,45,5,39100,3200,2か月,['近居割WIDE'],随時,https://www.ur-net.go.jp/chintai/kanto/chiba/30_1950_room.html?JKSS=003002201,<li>東葉高速鉄道「八千代中央」駅バス17分 徒歩2～9分</li><li>東葉高速鉄道「東葉勝田台」駅バス20分 徒歩2～9分</li><li>京成本線「勝田台」駅バス20分 徒歩2～9分</li>
chiba,yurinokidaipc,米本,42300,,,,,,,八千代市米本1359,3-2号棟,鉄筋コンクリート造,2,N,201号室,3K,45,5,39100,3200,2か月,['近居割WIDE'],随時,https://www.ur-net.go.jp/chintai/kanto/chiba/30_1950_room.html?JKSS=003002201,<li>東葉高速鉄道「八千代中央」駅バス17分 徒歩2～9分</li><li>東葉高速鉄道「東葉勝田台」駅バス20分 徒歩2～9分</li><li>京成本線「勝田台」駅バス20分 徒歩2～9分</li>
chiba,yurinokidaipc,村上,104000,東葉高速線「村上」駅,8.0,17.0,,,,八千代市村上1113-1,1-36号棟,鉄筋コンクリート造、鉄骨鉄筋コンクリート造,3,N,303号室,4LDK,91,11,101600,2400,2か月,"['近居割', '近居割WIDE']",随時,https://www.ur-net.go.jp/chintai/kanto/chiba/30_2730_room.html?JKSS=001360303,<li>東葉高速線「村上」駅 徒歩8～17分</li><li>京成本線「勝田台」駅バス6～10分 徒歩1～6分</li><li>東葉高速線「東葉勝田台」駅バス6～10分 徒歩1～6分</li>
chiba,yurinokidaipc,村上,104000,,,,京成本線「勝田台」駅,7.0,16.0,八千代市村上1113-1,1-36号棟,鉄筋コンクリート造、鉄骨鉄筋コンクリート造,3,N,303号室,4LDK,91,11,101600,2400,2か月,"['近居割', '近居割WIDE']",随時,https://www.ur-net.go.jp/chintai/kanto/chiba/30_2730_room.html?JKSS=001360303,<li>東葉高速線「村上」駅 徒歩8～17分</li><li>京成本線「勝田台」駅バス6～10分 徒歩1～6分</li><li>東葉高速線「東葉勝田台」駅バス6～10分 徒歩1～6分</li>
chiba,yurinokidaipc,村上,104000,,,,東葉高速線「東葉勝田台」駅,7.0,16.0,八千代市村上1113-1,1-36号棟,鉄筋コンクリート造、鉄骨鉄筋コンクリート造,3,N,303号室,4LDK,91,11,101600,2400,2か月,"['近居割', '近居割WIDE']",随時,https://www.ur-net.go.jp/chintai/kanto/chiba/30_2730_room.html?JKSS=001360303,<li>東葉高速線「村上」駅 徒歩8～17分</li><li>京成本線「勝田台」駅バス6～10分 徒歩1～6分</li><li>東葉高速線「東葉勝田台」駅バス6～10分 徒歩1～6分</li>
chiba,yurinokidaipc,村上,104000,,,,,,,八千代市村上1113-1,1-36号棟,鉄筋コンクリート造、鉄骨鉄筋コンクリート造,3,N,303号室,4LDK,91,11,101600,2400,2か月,"['近居割', '近居割WIDE']",随時,https://www.ur-net.go.jp/chintai/kanto/chiba/30_2730_room.html?JKSS=001360303,<li>東葉高速線「村上」駅 徒歩8～17分</li><li>京成本線「勝田台」駅バス6～10分 徒歩1～6分</li><li>東葉高速線「東葉勝田台」駅バス6～10分 徒歩1～6分</li>
chiba,yurinokidaipc,村上,105000,東葉高速線「村上」駅,8.0,17.0,,,,八千代市村上1113-1,1-36号棟,鉄筋コンクリート造、鉄骨鉄筋コンクリート造,6,N,610号室,4LDK,91,11,102600,2400,2か月,"['近居割', '近居割WIDE']",随時,https://www.ur-net.go.jp/chintai/kanto/chiba/30_2730_room.html?JKSS=001360610,<li>東葉高速線「村上」駅 徒歩8～17分</li><li>京成本線「勝田台」駅バス6～10分 徒歩1～6分</li><li>東葉高速線「東葉勝田台」駅バス6～10分 徒歩1～6分</li>
chiba,yurinokidaipc,村上,105000,,,,京成本線「勝田台」駅,7.0,16.0,八千代市村上1113-1,1-36号棟,鉄筋コンクリート造、鉄骨鉄筋コンクリート造,6,N,610号室,4LDK,91,11,102600,2400,2か月,"['近居割', '近居割WIDE']",随時,https://www.ur-net.go.jp/chintai/kanto/chiba/30_2730_room.html?JKSS=001360610,<li>東葉高速線「村上」駅 徒歩8～17分</li><li>京成本線「勝田台」駅バス6～10分 徒歩1～6分</li><li>東葉高速線「東葉勝田台」駅バス6～10分 徒歩1～6分</li>
chiba,yurinokidaipc,村上,105000,,,,東葉高速線「東葉勝田台」駅,7.0,16.0,八千代市村上1113-1,1-36号棟,鉄筋コンクリート造、鉄骨鉄筋コンクリート造,6,N,610号室,4LDK,91,11,102600,2400,2か月,"['近居割', '近居割WIDE']",随時,https://www.ur-net.go.jp/chintai/kanto/chiba/30_2730_room.html?JKSS=001360610,<li>東葉高速線「村上」駅 徒歩8～17分</li><li>京成本線「勝田台」駅バス6～10分 徒歩1～6分</li><li>東葉高速線「東葉勝田台」駅バス6～10分 徒歩1～6分</li>
chiba,yurinokidaipc,村上,105000,,,,,,,八千代市村上1113-1,1-36号棟,鉄筋コンクリート造、鉄骨鉄筋コンクリート造,6,N,610号室,4LDK,91,11,102600,2400,2か月,"['近居割', '近居割WIDE']",随時,https://www.ur-net.go.jp/chintai/kanto/chiba/30_2730_room.html?JKSS=001360610,<li>東葉高速線「村上」駅 徒歩8～17分</li><li>京成本線「勝田台」駅バス6～10分 徒歩1～6分</li><li>東葉高速線「東葉勝田台」駅バス6～10分 徒歩1～6分</li>
chiba,yurinokidaipc,村上,105000,東葉高速線「村上」駅,8.0,17.0,,,,八千代市村上1113-1,1-36号棟,鉄筋コンクリート造、鉄骨鉄筋コンクリート造,8,N,804号室,4LDK,91,11,102600,2400,2か月,"['近居割', '近居割WIDE']",随時,https://www.ur-net.go.jp/chintai/kanto/chiba/30_2730_room.html?JKSS=001360804,<li>東葉高速線「村上」駅 徒歩8～17分</li><li>京成本線「勝田台」駅バス6～10分 徒歩1～6分</li><li>東葉高速線「東葉勝田台」駅バス6～10分 徒歩1～6分</li>
chiba,yurinokidaipc,村上,105000,,,,京成本線「勝田台」駅,7.0,16.0,八千代市村上1113-1,1-36号棟,鉄筋コンクリート造、鉄骨鉄筋コンクリート造,8,N,804号室,4LDK,91,11,102600,2400,2か月,"['近居割', '近居割WIDE']",随時,https://www.ur-net.go.jp/chintai/kanto/chiba/30_2730_room.html?JKSS=001360804,<li>東葉高速線「村上」駅 徒歩8～17分</li><li>京成本線「勝田台」駅バス6～10分 徒歩1～6分</li><li>東葉高速線「東葉勝田台」駅バス6～10分 徒歩1～6分</li>
chiba,yurinokidaipc,村上,105000,,,,東葉高速線「東葉勝田台」駅,7.0,16.0,八千代市村上1113-1,1-36号棟,鉄筋コンクリート造、鉄骨鉄筋コンクリート造,8,N,804号室,4LDK,91,11,102600,2400,2か月,"['近居割', '近居割WIDE']",随時,https://www.ur-net.go.jp/chintai/kanto/chiba/30_2730_room.html?JKSS=001360804,<li>東葉高速線「村上」駅 徒歩8～17分</li><li>京成本線「勝田台」駅バス6～10分 徒歩1～6分</li><li>東葉高速線「東葉勝田台」駅バス6～10分 徒歩1～6分</li>
chiba,yurinokidaipc,村上,105000,,,,,,,八千代市村上1113-1,1-36号棟,鉄筋コンクリート造、鉄骨鉄筋コンクリート造,8,N,804号室,4LDK,91,11,102600,2400,2か月,"['近居割', '近居割WIDE']",随時,https://www.ur-net.go.jp/chintai/kanto/chiba/30_2730_room.html?JKSS=001360804,<li>東葉高速線「村上」駅 徒歩8～17分</li><li>京成本線「勝田台」駅バス6～10分 徒歩1～6分</li><li>東葉高速線「東葉勝田台」駅バス6～10分 徒歩1～6分</li>
chiba,yurinokidaipc,クレール志津,95300,京成本線「志津」駅,13.0,16.0,,,,佐倉市西志津3-1,3号棟,鉄筋コンクリート造,2,N,203号室,3LDK,78,5,90300,5000,2か月,['近居割'],随時,https://www.ur-net.go.jp/chintai/kanto/chiba/30_4830_room.html?JKSS=000030203,<li>京成本線「志津」駅 徒歩13～16分</li><li>東葉高速鉄道「東葉勝田台」駅 徒歩14～18分</li><li>京成本線「勝田台」駅 徒歩14～18分</li>
chiba,yurinokidaipc,クレール志津,95300,東葉高速鉄道「東葉勝田台」駅,14.0,18.0,,,,佐倉市西志津3-1,3号棟,鉄筋コンクリート造,2,N,203号室,3LDK,78,5,90300,5000,2か月,['近居割'],随時,https://www.ur-net.go.jp/chintai/kanto/chiba/30_4830_room.html?JKSS=000030203,<li>京成本線「志津」駅 徒歩13～16分</li><li>東葉高速鉄道「東葉勝田台」駅 徒歩14～18分</li><li>京成本線「勝田台」駅 徒歩14～18分</li>
chiba,yurinokidaipc,クレール志津,95300,京成本線「勝田台」駅,14.0,18.0,,,,佐倉市西志津3-1,3号棟,鉄筋コンクリート造,2,N,203号室,3LDK,78,5,90300,5000,2か月,['近居割'],随時,https://www.ur-net.go.jp/chintai/kanto/chiba/30_4830_room.html?JKSS=000030203,<li>京成本線「志津」駅 徒歩13～16分</li><li>東葉高速鉄道「東葉勝田台」駅 徒歩14～18分</li><li>京成本線「勝田台」駅 徒歩14～18分</li>
chiba,yurinokidaipc,クレール志津,95300,,,,,,,佐倉市西志津3-1,3号棟,鉄筋コンクリート造,2,N,203号室,3LDK,78,5,90300,5000,2か月,['近居割'],随時,https://www.ur-net.go.jp/chintai/kanto/chiba/30_4830_room.html?JKSS=000030203,<li>京成本線「志津」駅 徒歩13～16分</li><li>東葉高速鉄道「東葉勝田台」駅 徒歩14～18分</li><li>京成本線「勝田台」駅 徒歩14～18分</li>
chiba,kashiwa,大津ヶ丘第二,67100,,,,JR常磐線「柏」駅,17.0,19.0,柏市大津ケ丘3-17,3-17-3号棟,鉄筋コンクリート造,4,N,402号室,2LDK,67,4,64200,2900,2か月,['近居割'],随時,https://www.ur-net.go.jp/chintai/kanto/chiba/30_3750_room.html?JKSS=317030402,<li>JR常磐線「柏」駅バス11分 徒歩6～8分</li><li>東武野田線「増尾」駅 徒歩36～39分</li><li>東武野田線「逆井」駅 徒歩40～44分</li>
chiba,kashiwa,大津ヶ丘第二,67100,東武野田線「増尾」駅,36.0,39.0,,,,柏市大津ケ丘3-17,3-17-3号棟,鉄筋コンクリート造,4,N,402号室,2LDK,67,4,64200,2900,2か月,['近居割'],随時,https://www.ur-net.go.jp/chintai/kanto/chiba/30_3750_room.html?JKSS=317030402,<li>JR常磐線「柏」駅バス11分 徒歩6～8分</li><li>東武野田線「増尾」駅 徒歩36～39分</li><li>東武野田線「逆井」駅 徒歩40～44分</li>
chiba,kashiwa,大津ヶ丘第二,67100,東武野田線「逆井」駅,40.0,44.0,,,,柏市大津ケ丘3-17,3-17-3号棟,鉄筋コンクリート造,4,N,402号室,2LDK,67,4,64200,2900,2か月,['近居割'],随時,https://www.ur-net.go.jp/chintai/kanto/chiba/30_3750_room.html?JKSS=317030402,<li>JR常磐線「柏」駅バス11分 徒歩6～8分</li><li>東武野田線「増尾」駅 徒歩36～39分</li><li>東武野田線「逆井」駅 徒歩40～44分</li>
chiba,kashiwa,大津ヶ丘第二,67100,,,,,,,柏市大津ケ丘3-17,3-17-3号棟,鉄筋コンクリート造,4,N,402号室,2LDK,67,4,64200,2900,2か月,['近居割'],随時,https://www.ur-net.go.jp/chintai/kanto/chiba/30_3750_room.html?JKSS=317030402,<li>JR常磐線「柏」駅バス11分 徒歩6～8分</li><li>東武野田線「増尾」駅 徒歩36～39分</li><li>東武野田線「逆井」駅 徒歩40～44分</li>
chiba,kashiwa,北柏ライフタウン松葉町一丁目,95500,,,,JR常磐線「北柏」駅,8.0,9.0,柏市松葉町1-12,12-25号棟,鉄筋コンクリート造,4,N,405号室,3LDK,95,5,90100,5400,2か月,['近居割'],随時,https://www.ur-net.go.jp/chintai/kanto/chiba/30_3540_room.html?JKSS=012250405,<li>JR常磐線「北柏」駅バス4分 徒歩4～5分</li><li>JR常磐線「我孫子」駅 徒歩48～49分</li><li>つくばエクスプレス「柏の葉キャンパス」駅バス9分 徒歩14～15分</li>
chiba,kashiwa,北柏ライフタウン松葉町一丁目,95500,JR常磐線「我孫子」駅,48.0,49.0,,,,柏市松葉町1-12,12-25号棟,鉄筋コンクリート造,4,N,405号室,3LDK,95,5,90100,5400,2か月,['近居割'],随時,https://www.ur-net.go.jp/chintai/kanto/chiba/30_3540_room.html?JKSS=012250405,<li>JR常磐線「北柏」駅バス4分 徒歩4～5分</li><li>JR常磐線「我孫子」駅 徒歩48～49分</li><li>つくばエクスプレス「柏の葉キャンパス」駅バス9分 徒歩14～15分</li>
chiba,kashiwa,北柏ライフタウン松葉町一丁目,95500,,,,つくばエクスプレス「柏の葉キャンパス」駅,23.0,24.0,柏市松葉町1-12,12-25号棟,鉄筋コンクリート造,4,N,405号室,3LDK,95,5,90100,5400,2か月,['近居割'],随時,https://www.ur-net.go.jp/chintai/kanto/chiba/30_3540_room.html?JKSS=012250405,<li>JR常磐線「北柏」駅バス4分 徒歩4～5分</li><li>JR常磐線「我孫子」駅 徒歩48～49分</li><li>つくばエクスプレス「柏の葉キャンパス」駅バス9分 徒歩14～15分</li>
chiba,kashiwa,北柏ライフタウン松葉町一丁目,95500,,,,,,,柏市松葉町1-12,12-25号棟,鉄筋コンクリート造,4,N,405号室,3LDK,95,5,90100,5400,2か月,['近居割'],随時,https://www.ur-net.go.jp/chintai/kanto/chiba/30_3540_room.html?JKSS=012250405,<li>JR常磐線「北柏」駅バス4分 徒歩4～5分</li><li>JR常磐線「我孫子」駅 徒歩48～49分</li><li>つくばエクスプレス「柏の葉キャンパス」駅バス9分 徒歩14～15分</li>
chiba,kashiwa,北柏ライフタウン松葉町一丁目,97200,,,,JR常磐線「北柏」駅,8.0,9.0,柏市松葉町1-12,12-6号棟,鉄筋コンクリート造,3,N,302号室,3LDK,95,5,91800,5400,2か月,['近居割'],随時,https://www.ur-net.go.jp/chintai/kanto/chiba/30_3540_room.html?JKSS=012060302,<li>JR常磐線「北柏」駅バス4分 徒歩4～5分</li><li>JR常磐線「我孫子」駅 徒歩48～49分</li><li>つくばエクスプレス「柏の葉キャンパス」駅バス9分 徒歩14～15分</li>
chiba,kashiwa,北柏ライフタウン松葉町一丁目,97200,JR常磐線「我孫子」駅,48.0,49.0,,,,柏市松葉町1-12,12-6号棟,鉄筋コンクリート造,3,N,302号室,3LDK,95,5,91800,5400,2か月,['近居割'],随時,https://www.ur-net.go.jp/chintai/kanto/chiba/30_3540_room.html?JKSS=012060302,<li>JR常磐線「北柏」駅バス4分 徒歩4～5分</li><li>JR常磐線「我孫子」駅 徒歩48～49分</li><li>つくばエクスプレス「柏の葉キャンパス」駅バス9分 徒歩14～15分</li>
chiba,kashiwa,北柏ライフタウン松葉町一丁目,97200,,,,つくばエクスプレス「柏の葉キャンパス」駅,23.0,24.0,柏市松葉町1-12,12-6号棟,鉄筋コンクリート造,3,N,302号室,3LDK,95,5,91800,5400,2か月,['近居割'],随時,https://www.ur-net.go.jp/chintai/kanto/chiba/30_3540_room.html?JKSS=012060302,<li>JR常磐線「北柏」駅バス4分 徒歩4～5分</li><li>JR常磐線「我孫子」駅 徒歩48～49分</li><li>つくばエクスプレス「柏の葉キャンパス」駅バス9分 徒歩14～15分</li>
chiba,kashiwa,北柏ライフタウン松葉町一丁目,97200,,,,,,,柏市松葉町1-12,12-6号棟,鉄筋コンクリート造,3,N,302号室,3LDK,95,5,91800,5400,2か月,['近居割'],随時,https://www.ur-net.go.jp/chintai/kanto/chiba/30_3540_room.html?JKSS=012060302,<li>JR常磐線「北柏」駅バス4分 徒歩4～5分</li><li>JR常磐線「我孫子」駅 徒歩48～49分</li><li>つくばエクスプレス「柏の葉キャンパス」駅バス9分 徒歩14～15分</li>
chiba,kashiwa,北柏ライフタウン松葉町一丁目,100100,,,,JR常磐線「北柏」駅,8.0,9.0,柏市松葉町1-12,12-25号棟,鉄筋コンクリート造,3,N,301号室,3LDK,95,5,94700,5400,2か月,['近居割'],随時,https://www.ur-net.go.jp/chintai/kanto/chiba/30_3540_room.html?JKSS=012250301,<li>JR常磐線「北柏」駅バス4分 徒歩4～5分</li><li>JR常磐線「我孫子」駅 徒歩48～49分</li><li>つくばエクスプレス「柏の葉キャンパス」駅バス9分 徒歩14～15分</li>
chiba,kashiwa,北柏ライフタウン松葉町一丁目,100100,JR常磐線「我孫子」駅,48.0,49.0,,,,柏市松葉町1-12,12-25号棟,鉄筋コンクリート造,3,N,301号室,3LDK,95,5,94700,5400,2か月,['近居割'],随時,https://www.ur-net.go.jp/chintai/kanto/chiba/30_3540_room.html?JKSS=012250301,<li>JR常磐線「北柏」駅バス4分 徒歩4～5分</li><li>JR常磐線「我孫子」駅 徒歩48～49分</li><li>つくばエクスプレス「柏の葉キャンパス」駅バス9分 徒歩14～15分</li>
chiba,kashiwa,北柏ライフタウン松葉町一丁目,100100,,,,つくばエクスプレス「柏の葉キャンパス」駅,23.0,24.0,柏市松葉町1-12,12-25号棟,鉄筋コンクリート造,3,N,301号室,3LDK,95,5,94700,5400,2か月,['近居割'],随時,https://www.ur-net.go.jp/chintai/kanto/chiba/30_3540_room.html?JKSS=012250301,<li>JR常磐線「北柏」駅バス4分 徒歩4～5分</li><li>JR常磐線「我孫子」駅 徒歩48～49分</li><li>つくばエクスプレス「柏の葉キャンパス」駅バス9分 徒歩14～15分</li>
chiba,kashiwa,北柏ライフタウン松葉町一丁目,100100,,,,,,,柏市松葉町1-12,12-25号棟,鉄筋コンクリート造,3,N,301号室,3LDK,95,5,94700,5400,2か月,['近居割'],随時,https://www.ur-net.go.jp/chintai/kanto/chiba/30_3540_room.html?JKSS=012250301,<li>JR常磐線「北柏」駅バス4分 徒歩4～5分</li><li>JR常磐線「我孫子」駅 徒歩48～49分</li><li>つくばエクスプレス「柏の葉キャンパス」駅バス9分 徒歩14～15分</li>
chiba,kashiwa,パークサイド鎌ヶ谷,87800,東武野田線「鎌ケ谷」駅,12.0,15.0,,,,鎌ケ谷市東中沢2-21ほか,9号棟,鉄筋コンクリート造,4,N,403号室,2LDK,69,5,84700,3100,2か月,['近居割'],随時,https://www.ur-net.go.jp/chintai/kanto/chiba/30_5580_room.html?JKSS=000090403,<li>東武野田線「鎌ケ谷」駅 徒歩12～15分</li><li>京成松戸線「北初富」駅 徒歩13～17分</li><li>京成松戸線「初富」駅 徒歩14～19分</li>
chiba,kashiwa,パークサイド鎌ヶ谷,87800,京成松戸線「北初富」駅,13.0,17.0,,,,鎌ケ谷市東中沢2-21ほか,9号棟,鉄筋コンクリート造,4,N,403号室,2LDK,69,5,84700,3100,2か月,['近居割'],随時,https://www.ur-net.go.jp/chintai/kanto/chiba/30_5580_room.html?JKSS=000090403,<li>東武野田線「鎌ケ谷」駅 徒歩12～15分</li><li>京成松戸線「北初富」駅 徒歩13～17分</li><li>京成松戸線「初富」駅 徒歩14～19分</li>
chiba,kashiwa,パークサイド鎌ヶ谷,87800,京成松戸線「初富」駅,14.0,19.0,,,,鎌ケ谷市東中沢2-21ほか,9号棟,鉄筋コンクリート造,4,N,403号室,2LDK,69,5,84700,3100,2か月,['近居割'],随時,https://www.ur-net.go.jp/chintai/kanto/chiba/30_5580_room.html?JKSS=000090403,<li>東武野田線「鎌ケ谷」駅 徒歩12～15分</li><li>京成松戸線「北初富」駅 徒歩13～17分</li><li>京成松戸線「初富」駅 徒歩14～19分</li>
chiba,kashiwa,パークサイド鎌ヶ谷,87800,,,,,,,鎌ケ谷市東中沢2-21ほか,9号棟,鉄筋コンクリート造,4,N,403号室,2LDK,69,5,84700,3100,2か月,['近居割'],随時,https://www.ur-net.go.jp/chintai/kanto/chiba/30_5580_room.html?JKSS=000090403,<li>東武野田線「鎌ケ谷」駅 徒歩12～15分</li><li>京成松戸線「北初富」駅 徒歩13～17分</li><li>京成松戸線「初富」駅 徒歩14～19分</li>
chiba,naritant,成田ニュータウン橋賀台,60000,,,,JR成田線「成田」駅,9.0,15.0,成田市橋賀台1-1ほか,1-1-2号棟,鉄筋コンクリート造、鉄骨鉄筋コンクリート造,4,N,408号室,3K,50,5,56000,4000,2か月,['近居割'],随時,https://www.ur-net.go.jp/chintai/kanto/chiba/30_3030_room.html?JKSS=101020408,<li>JR成田線「成田」駅バス7分 徒歩2～8分</li><li>京成本線「公津の杜」駅 徒歩23～32分</li><li>京成本線「京成成田」駅バス10分 徒歩3～11分</li>
chiba,naritant,成田ニュータウン橋賀台,60000,京成本線「公津の杜」駅,23.0,32.0,,,,成田市橋賀台1-1ほか,1-1-2号棟,鉄筋コンクリート造、鉄骨鉄筋コンクリート造,4,N,408号室,3K,50,5,56000,4000,2か月,['近居割'],随時,https://www.ur-net.go.jp/chintai/kanto/chiba/30_3030_room.html?JKSS=101020408,<li>JR成田線「成田」駅バス7分 徒歩2～8分</li><li>京成本線「公津の杜」駅 徒歩23～32分</li><li>京成本線「京成成田」駅バス10分 徒歩3～11分</li>
chiba,naritant,成田ニュータウン橋賀台,60000,,,,京成本線「京成成田」駅,13.0,21.0,成田市橋賀台1-1ほか,1-1-2号棟,鉄筋コンクリート造、鉄骨鉄筋コンクリート造,4,N,408号室,3K,50,5,56000,4000,2か月,['近居割'],随時,https://www.ur-net.go.jp/chintai/kanto/chiba/30_3030_room.html?JKSS=101020408,<li>JR成田線「成田」駅バス7分 徒歩2～8分</li><li>京成本線「公津の杜」駅 徒歩23～32分</li><li>京成本線「京成成田」駅バス10分 徒歩3～11分</li>
chiba,naritant,成田ニュータウン橋賀台,60000,,,,,,,成田市橋賀台1-1ほか,1-1-2号棟,鉄筋コンクリート造、鉄骨鉄筋コンクリート造,4,N,408号室,3K,50,5,56000,4000,2か月,['近居割'],随時,https://www.ur-net.go.jp/chintai/kanto/chiba/30_3030_room.html?JKSS=101020408,<li>JR成田線「成田」駅バス7分 徒歩2～8分</li><li>京成本線「公津の杜」駅 徒歩23～32分</li><li>京成本線「京成成田」駅バス10分 徒歩3～11分</li>
saitama,misato,みさと,61000,JR武蔵野線「新三郷」駅,6.0,25.0,JR武蔵野線「新三郷」駅,2.0,11.0,三郷市彦成3ほか,11-3号棟,鉄筋コンクリート造、鉄骨鉄筋コンクリート造,8,N,806号室,2DK,47,8,58000,3000,2か月,['健康寿命サポート'],随時,https://www.ur-net.go.jp/chintai/kanto/saitama/50_1561_room.html?JKSS=011030806,<li>JR武蔵野線「新三郷」駅 徒歩6～25分</li><li>JR武蔵野線「吉川美南」駅 徒歩12～29分</li><li>JR武蔵野線「新三郷」駅バス1～6分 徒歩1～5分</li>
saitama,misato,みさと,61000,JR武蔵野線「吉川美南」駅,12.0,29.0,,,,三郷市彦成3ほか,11-3号棟,鉄筋コンクリート造、鉄骨鉄筋コンクリート造,8,N,806号室,2DK,47,8,58000,3000,2か月,['健康寿命サポート'],随時,https://www.ur-net.go.jp/chintai/kanto/saitama/50_1561_room.html?JKSS=011030806,<li>JR武蔵野線「新三郷」駅 徒歩6～25分</li><li>JR武蔵野線「吉川美南」駅 徒歩12～29分</li><li>JR武蔵野線「新三郷」駅バス1～6分 徒歩1～5分</li>
saitama,misato,みさと,61000,,,,,,,三郷市彦成3ほか,11-3号棟,鉄筋コンクリート造、鉄骨鉄筋コンクリート造,8,N,806号室,2DK,47,8,58000,3000,2か月,['健康寿命サポート'],随時,https://www.ur-net.go.jp/chintai/kanto/saitama/50_1561_room.html?JKSS=011030806,<li>JR武蔵野線「新三郷」駅 徒歩6～25分</li><li>JR武蔵野線「吉川美南」駅 徒歩12～29分</li><li>JR武蔵野線「新三郷」駅バス1～6分 徒歩1～5分</li>
saitama,sengendai,わし宮,40200,東武伊勢崎線「鷲宮」駅,14.0,20.0,,,,久喜市上内478,1-26号棟,鉄筋コンクリート造,4,N,403号室,2DK,41,5,36300,3900,2か月,['近居割WIDE'],随時,https://www.ur-net.go.jp/chintai/kanto/saitama/50_1430_room.html?JKSS=000126403,<li>東武伊勢崎線「鷲宮」駅 徒歩14～20分</li><li>JR東北本線「東鷲宮」駅 徒歩22～33分</li><li>JR東北本線「久喜」駅 徒歩41～47分</li>
saitama,sengendai,わし宮,40200,JR東北本線「東鷲宮」駅,22.0,33.0,,,,久喜市上内478,1-26号棟,鉄筋コンクリート造,4,N,403号室,2DK,41,5,36300,3900,2か月,['近居割WIDE'],随時,https://www.ur-net.go.jp/chintai/kanto/saitama/50_1430_room.html?JKSS=000126403,<li>東武伊勢崎線「鷲宮」駅 徒歩14～20分</li><li>JR東北本線「東鷲宮」駅 徒歩22～33分</li><li>JR東北本線「久喜」駅 徒歩41～47分</li>
saitama,sengendai,わし宮,40200,JR東北本線「久喜」駅,41.0,47.0,,,,久喜市上内478,1-26号棟,鉄筋コンクリート造,4,N,403号室,2DK,41,5,36300,3900,2か月,['近居割WIDE'],随時,https://www.ur-net.go.jp/chintai/kanto/saitama/50_1430_room.html?JKSS=000126403,<li>東武伊勢崎線「鷲宮」駅 徒歩14～20分</li><li>JR東北本線「東鷲宮」駅 徒歩22～33分</li><li>JR東北本線「久喜」駅 徒歩41～47分</li>
saitama,sengendai,わし宮,40200,,,,,,,久喜市上内478,1-26号棟,鉄筋コンクリート造,4,N,403号室,2DK,41,5,36300,3900,2か月,['近居割WIDE'],随時,https://www.ur-net.go.jp/chintai/kanto/saitama/50_1430_room.html?JKSS=000126403,<li>東武伊勢崎線「鷲宮」駅 徒歩14～20分</li><li>JR東北本線「東鷲宮」駅 徒歩22～33分</li><li>JR東北本線「久喜」駅 徒歩41～47分</li>
saitama,sengendai,わし宮,43900,東武伊勢崎線「鷲宮」駅,14.0,20.0,,,,久喜市上内478,2-3号棟,鉄筋コンクリート造,5,N,512号室,3K,48,5,40000,3900,2か月,['近居割WIDE'],随時,https://www.ur-net.go.jp/chintai/kanto/saitama/50_1430_room.html?JKSS=000203512,<li>東武伊勢崎線「鷲宮」駅 徒歩14～20分</li><li>JR東北本線「東鷲宮」駅 徒歩22～33分</li><li>JR東北本線「久喜」駅 徒歩41～47分</li>
saitama,sengendai,わし宮,43900,JR東北本線「東鷲宮」駅,22.0,33.0,,,,久喜市上内478,2-3号棟,鉄筋コンクリート造,5,N,512号室,3K,48,5,40000,3900,2か月,['近居割WIDE'],随時,https://www.ur-net.go.jp/chintai/kanto/saitama/50_1430_room.html?JKSS=000203512,<li>東武伊勢崎線「鷲宮」駅 徒歩14～20分</li><li>JR東北本線「東鷲宮」駅 徒歩22～33分</li><li>JR東北本線「久喜」駅 徒歩41～47分</li>
saitama,sengendai,わし宮,43900,JR東北本線「久喜」駅,41.0,47.0,,,,久喜市上内478,2-3号棟,鉄筋コンクリート造,5,N,512号室,3K,48,5,40000,3900,2か月,['近居割WIDE'],随時,https://www.ur-net.go.jp/chintai/kanto/saitama/50_1430_room.html?JKSS=000203512,<li>東武伊勢崎線「鷲宮」駅 徒歩14～20分</li><li>JR東北本線「東鷲宮」駅 徒歩22～33分</li><li>JR東北本線「久喜」駅 徒歩41～47分</li>
saitama,sengendai,わし宮,43900,,,,,,,久喜市上内478,2-3号棟,鉄筋コンクリート造,5,N,512号室,3K,48,5,40000,3900,2か月,['近居割WIDE'],随時,https://www.ur-net.go.jp/chintai/kanto/saitama/50_1430_room.html?JKSS=000203512,<li>東武伊勢崎線「鷲宮」駅 徒歩14～20分</li><li>JR東北本線「東鷲宮」駅 徒歩22～33分</li><li>JR東北本線「久喜」駅 徒歩41～47分</li>
saitama,sengendai,わし宮,43900,東武伊勢崎線「鷲宮」駅,14.0,20.0,,,,久喜市上内478,2-11号棟,鉄筋コンクリート造,5,N,505号室,2LDK,48,5,40000,3900,2か月,['近居割WIDE'],随時,https://www.ur-net.go.jp/chintai/kanto/saitama/50_1430_room.html?JKSS=000211505,<li>東武伊勢崎線「鷲宮」駅 徒歩14～20分</li><li>JR東北本線「東鷲宮」駅 徒歩22～33分</li><li>JR東北本線「久喜」駅 徒歩41～47分</li>
saitama,sengendai,わし宮,43900,JR東北本線「東鷲宮」駅,22.0,33.0,,,,久喜市上内478,2-11号棟,鉄筋コンクリート造,5,N,505号室,2LDK,48,5,40000,3900,2か月,['近居割WIDE'],随時,https://www.ur-net.go.jp/chintai/kanto/saitama/50_1430_room.html?JKSS=000211505,<li>東武伊勢崎線「鷲宮」駅 徒歩14～20分</li><li>JR東北本線「東鷲宮」駅 徒歩22～33分</li><li>JR東北本線「久喜」駅 徒歩41～47分</li>
saitama,sengendai,わし宮,43900,JR東北本線「久喜」駅,41.0,47.0,,,,久喜市上内478,2-11号棟,鉄筋コンクリート造,5,N,505号室,2LDK,48,5,40000,3900,2か月,['近居割WIDE'],随時,https://www.ur-net.go.jp/chintai/kanto/saitama/50_1430_room.html?JKSS=000211505,<li>東武伊勢崎線「鷲宮」駅 徒歩14～20分</li><li>JR東北本線「東鷲宮」駅 徒歩22～33分</li><li>JR東北本線「久喜」駅 徒歩41～47分</li>
saitama,sengendai,わし宮,43900,,,,,,,久喜市上内478,2-11号棟,鉄筋コンクリート造,5,N,505号室,2LDK,48,5,40000,3900,2か月,['近居割WIDE'],随時,https://www.ur-net.go.jp/chintai/kanto/saitama/50_1430_room.html?JKSS=000211505,<li>東武伊勢崎線「鷲宮」駅 徒歩14～20分</li><li>JR東北本線「東鷲宮」駅 徒歩22～33分</li><li>JR東北本線「久喜」駅 徒歩41～47分</li>
saitama,sengendai,わし宮,44100,東武伊勢崎線「鷲宮」駅,14.0,20.0,,,,久喜市上内478,2-10号棟,鉄筋コンクリート造,5,N,506号室,2LDK,48,5,40200,3900,2か月,['近居割WIDE'],随時,https://www.ur-net.go.jp/chintai/kanto/saitama/50_1430_room.html?JKSS=000210506,<li>東武伊勢崎線「鷲宮」駅 徒歩14～20分</li><li>JR東北本線「東鷲宮」駅 徒歩22～33分</li><li>JR東北本線「久喜」駅 徒歩41～47分</li>
saitama,sengendai,わし宮,44100,JR東北本線「東鷲宮」駅,22.0,33.0,,,,久喜市上内478,2-10号棟,鉄筋コンクリート造,5,N,506号室,2LDK,48,5,40200,3900,2か月,['近居割WIDE'],随時,https://www.ur-net.go.jp/chintai/kanto/saitama/50_1430_room.html?JKSS=000210506,<li>東武伊勢崎線「鷲宮」駅 徒歩14～20分</li><li>JR東北本線「東鷲宮」駅 徒歩22～33分</li><li>JR東北本線「久喜」駅 徒歩41～47分</li>
saitama,sengendai,わし宮,44100,JR東北本線「久喜」駅,41.0,47.0,,,,久喜市上内478,2-10号棟,鉄筋コンクリート造,5,N,506号室,2LDK,48,5,40200,3900,2か月,['近居割WIDE'],随時,https://www.ur-net.go.jp/chintai/kanto/saitama/50_1430_room.html?JKSS=000210506,<li>東武伊勢崎線「鷲宮」駅 徒歩14～20分</li><li>JR東北本線「東鷲宮」駅 徒歩22～33分</li><li>JR東北本線「久喜」駅 徒歩41～47分</li>
saitama,sengendai,わし宮,44100,,,,,,,久喜市上内478,2-10号棟,鉄筋コンクリート造,5,N,506号室,2LDK,48,5,40200,3900,2か月,['近居割WIDE'],随時,https://www.ur-net.go.jp/chintai/kanto/saitama/50_1430_room.html?JKSS=000210506,<li>東武伊勢崎線「鷲宮」駅 徒歩14～20分</li><li>JR東北本線「東鷲宮」駅 徒歩22～33分</li><li>JR東北本線「久喜」駅 徒歩41～47分</li>
saitama,sengendai,わし宮,45500,東武伊勢崎線「鷲宮」駅,14.0,20.0,,,,久喜市上内478,2-11号棟,鉄筋コンクリート造,4,N,404号室,2LDK,48,5,41600,3900,2か月,['近居割WIDE'],随時,https://www.ur-net.go.jp/chintai/kanto/saitama/50_1430_room.html?JKSS=000211404,<li>東武伊勢崎線「鷲宮」駅 徒歩14～20分</li><li>JR東北本線「東鷲宮」駅 徒歩22～33分</li><li>JR東北本線「久喜」駅 徒歩41～47分</li>
saitama,sengendai,わし宮,45500,JR東北本線「東鷲宮」駅,22.0,33.0,,,,久喜市上内478,2-11号棟,鉄筋コンクリート造,4,N,404号室,2LDK,48,5,41600,3900,2か月,['近居割WIDE'],随時,https://www.ur-net.go.jp/chintai/kanto/saitama/50_1430_room.html?JKSS=000211404,<li>東武伊勢崎線「鷲宮」駅 徒歩14～20分</li><li>JR東北本線「東鷲宮」駅 徒歩22～33分</li><li>JR東北本線「久喜」駅 徒歩41～47分</li>
saitama,sengendai,わし宮,45500,JR東北本線「久喜」駅,41.0,47.0,,,,久喜市上内478,2-11号棟,鉄筋コンクリート造,4,N,404号室,2LDK,48,5,41600,3900,2か月,['近居割WIDE'],随時,https://www.ur-net.go.jp/chintai/kanto/saitama/50_1430_room.html?JKSS=000211404,<li>東武伊勢崎線「鷲宮」駅 徒歩14～20分</li><li>JR東北本線「東鷲宮」駅 徒歩22～33分</li><li>JR東北本線「久喜」駅 徒歩41～47分</li>
saitama,sengendai,わし宮,45500,,,,,,,久喜市上内478,2-11号棟,鉄筋コンクリート造,4,N,404号室,2LDK,48,5,41600,3900,2か月,['近居割WIDE'],随時,https://www.ur-net.go.jp/chintai/kanto/saitama/50_1430_room.html?JKSS=000211404,<li>東武伊勢崎線「鷲宮」駅 徒歩14～20分</li><li>JR東北本線「東鷲宮」駅 徒歩22～33分</li><li>JR東北本線「久喜」駅 徒歩41～47分</li>
saitama,sengendai,久喜青葉,46600,,,,湘南新宿ライン「久喜」駅,8.0,17.0,久喜市青葉1,2-1号棟,鉄筋コンクリート造,5,N,503号室,2LDK,50,5,43500,3100,2か月,['近居割'],随時,https://www.ur-net.go.jp/chintai/kanto/saitama/50_1640_room.html?JKSS=002010503,<li>湘南新宿ライン「久喜」駅バス7～10分 徒歩1～7分</li><li>東武伊勢崎線「久喜」駅バス7～10分 徒歩1～7分</li><li>東武日光線「幸手」駅 徒歩25～35分</li>
saitama,sengendai,久喜青葉,46600,,,,東武伊勢崎線「久喜」駅,8.0,17.0,久喜市青葉1,2-1号棟,鉄筋コンクリート造,5,N,503号室,2LDK,50,5,43500,3100,2か月,['近居割'],随時,https://www.ur-net.go.jp/chintai/kanto/saitama/50_1640_room.html?JKSS=002010503,<li>湘南新宿ライン「久喜」駅バス7～10分 徒歩1～7分</li><li>東武伊勢崎線「久喜」駅バス7～10分 徒歩1～7分</li><li>東武日光線「幸手」駅 徒歩25～35分</li>
saitama,sengendai,久喜青葉,46600,東武日光線「幸手」駅,25.0,35.0,,,,久喜市青葉1,2-1号棟,鉄筋コンクリート造,5,N,503号室,2LDK,50,5,43500,3100,2か月,['近居割'],随時,https://www.ur-net.go.jp/chintai/kanto/saitama/50_1640_room.html?JKSS=002010503,<li>湘南新宿ライン「久喜」駅バス7～10分 徒歩1～7分</li><li>東武伊勢崎線「久喜」駅バス7～10分 徒歩1～7分</li><li>東武日光線「幸手」駅 徒歩25～35分</li>
saitama,sengendai,久喜青葉,46600,,,,,,,久喜市青葉1,2-1号棟,鉄筋コンクリート造,5,N,503号室,2LDK,50,5,43500,3100,2か月,['近居割'],随時,https://www.ur-net.go.jp/chintai/kanto/saitama/50_1640_room.html?JKSS=002010503,<li>湘南新宿ライン「久喜」駅バス7～10分 徒歩1～7分</li><li>東武伊勢崎線「久喜」駅バス7～10分 徒歩1～7分</li><li>東武日光線「幸手」駅 徒歩25～35分</li>
saitama,misato,吉川,117200,,,,JR武蔵野線「吉川」駅,6.0,11.0,吉川市吉川団地,5-17号棟,鉄筋コンクリート造,3,N,301号室,4LDK,92,5,114100,3100,2か月,"['近居割', '近居割WIDE']",随時,https://www.ur-net.go.jp/chintai/kanto/saitama/50_1551_room.html?JKSS=000517301,<li>JR武蔵野線「吉川」駅バス5～6分 徒歩1～5分</li>
saitama,misato,吉川,117200,,,,,,,吉川市吉川団地,5-17号棟,鉄筋コンクリート造,3,N,301号室,4LDK,92,5,114100,3100,2か月,"['近居割', '近居割WIDE']",随時,https://www.ur-net.go.jp/chintai/kanto/saitama/50_1551_room.html?JKSS=000517301,<li>JR武蔵野線「吉川」駅バス5～6分 徒歩1～5分</li>
saitama,misato,吉川,118200,,,,JR武蔵野線「吉川」駅,6.0,11.0,吉川市吉川団地,4-18号棟,鉄筋コンクリート造,3,N,305号室,4LDK,98,5,115100,3100,2か月,"['近居割', '近居割WIDE']",随時,https://www.ur-net.go.jp/chintai/kanto/saitama/50_1551_room.html?JKSS=000418305,<li>JR武蔵野線「吉川」駅バス5～6分 徒歩1～5分</li>
saitama,misato,吉川,118200,,,,,,,吉川市吉川団地,4-18号棟,鉄筋コンクリート造,3,N,305号室,4LDK,98,5,115100,3100,2か月,"['近居割', '近居割WIDE']",随時,https://www.ur-net.go.jp/chintai/kanto/saitama/50_1551_room.html?JKSS=000418305,<li>JR武蔵野線「吉川」駅バス5～6分 徒歩1～5分</li>
saitama,higashiomiya,コンフォール大宮植竹,140800,JR東北本線「土呂」駅,13.0,16.0,,,,さいたま市北区植竹町1-362,6号棟,鉄筋コンクリート造,5,N,505号室,3LDK,79,5,137000,3800,2か月,['近居割'],随時,https://www.ur-net.go.jp/chintai/kanto/saitama/50_3690_room.html?JKSS=000060505,<li>JR東北本線「土呂」駅 徒歩13～16分</li><li>東武野田線「北大宮」駅 徒歩12～16分</li><li>JR京浜東北・根岸線「大宮」駅バス6分 徒歩4～7分</li>
saitama,higashiomiya,コンフォール大宮植竹,140800,東武野田線「北大宮」駅,12.0,16.0,,,,さいたま市北区植竹町1-362,6号棟,鉄筋コンクリート造,5,N,505号室,3LDK,79,5,137000,3800,2か月,['近居割'],随時,https://www.ur-net.go.jp/chintai/kanto/saitama/50_3690_room.html?JKSS=000060505,<li>JR東北本線「土呂」駅 徒歩13～16分</li><li>東武野田線「北大宮」駅 徒歩12～16分</li><li>JR京浜東北・根岸線「大宮」駅バス6分 徒歩4～7分</li>
saitama,higashiomiya,コンフォール大宮植竹,140800,,,,JR京浜東北・根岸線「大宮」駅,10.0,13.0,さいたま市北区植竹町1-362,6号棟,鉄筋コンクリート造,5,N,505号室,3LDK,79,5,137000,3800,2か月,['近居割'],随時,https://www.ur-net.go.jp/chintai/kanto/saitama/50_3690_room.html?JKSS=000060505,<li>JR東北本線「土呂」駅 徒歩13～16分</li><li>東武野田線「北大宮」駅 徒歩12～16分</li><li>JR京浜東北・根岸線「大宮」駅バス6分 徒歩4～7分</li>
saitama,higashiomiya,コンフォール大宮植竹,140800,,,,,,,さいたま市北区植竹町1-362,6号棟,鉄筋コンクリート造,5,N,505号室,3LDK,79,5,137000,3800,2か月,['近居割'],随時,https://www.ur-net.go.jp/chintai/kanto/saitama/50_3690_room.html?JKSS=000060505,<li>JR東北本線「土呂」駅 徒歩13～16分</li><li>東武野田線「北大宮」駅 徒歩12～16分</li><li>JR京浜東北・根岸線「大宮」駅バス6分 徒歩4～7分</li>
saitama,kawaguchi,リプレ川口二番街,203700,JR京浜東北線「川口」駅,2.0,2.0,,,,川口市川口3-3-1,,鉄骨鉄筋コンクリート造,9,N,912号室,4DK,76,14,199700,4000,2か月,['近居割'],随時,https://www.ur-net.go.jp/chintai/kanto/saitama/50_2890_room.html?JKSS=000000912,<li>JR京浜東北線「川口」駅 徒歩2分</li>
saitama,kawaguchi,リプレ川口二番街,203700,,,,,,,川口市川口3-3-1,,鉄骨鉄筋コンクリート造,9,N,912号室,4DK,76,14,199700,4000,2か月,['近居割'],随時,https://www.ur-net.go.jp/chintai/kanto/saitama/50_2890_room.html?JKSS=000000912,<li>JR京浜東北線「川口」駅 徒歩2分</li>
saitama,ageo,パークタウン若宮,95000,JR高崎線「桶川」駅,5.0,9.0,,,,桶川市若宮1-8,24号棟,鉄筋コンクリート造,5,N,504号室,3LDK,77,5,91800,3200,2か月,['近居割'],随時,https://www.ur-net.go.jp/chintai/kanto/saitama/50_2160_room.html?JKSS=000240504,<li>JR高崎線「桶川」駅 徒歩5～9分</li><li>JR高崎線「北本」駅 徒歩60～65分</li><li>JR高崎線「北上尾」駅 徒歩28～34分</li>
saitama,ageo,パークタウン若宮,95000,JR高崎線「北本」駅,60.0,65.0,,,,桶川市若宮1-8,24号棟,鉄筋コンクリート造,5,N,504号室,3LDK,77,5,91800,3200,2か月,['近居割'],随時,https://www.ur-net.go.jp/chintai/kanto/saitama/50_2160_room.html?JKSS=000240504,<li>JR高崎線「桶川」駅 徒歩5～9分</li><li>JR高崎線「北本」駅 徒歩60～65分</li><li>JR高崎線「北上尾」駅 徒歩28～34分</li>
saitama,ageo,パークタウン若宮,95000,JR高崎線「北上尾」駅,28.0,34.0,,,,桶川市若宮1-8,24号棟,鉄筋コンクリート造,5,N,504号室,3LDK,77,5,91800,3200,2か月,['近居割'],随時,https://www.ur-net.go.jp/chintai/kanto/saitama/50_2160_room.html?JKSS=000240504,<li>JR高崎線「桶川」駅 徒歩5～9分</li><li>JR高崎線「北本」駅 徒歩60～65分</li><li>JR高崎線「北上尾」駅 徒歩28～34分</li>
saitama,ageo,パークタウン若宮,95000,,,,,,,桶川市若宮1-8,24号棟,鉄筋コンクリート造,5,N,504号室,3LDK,77,5,91800,3200,2か月,['近居割'],随時,https://www.ur-net.go.jp/chintai/kanto/saitama/50_2160_room.html?JKSS=000240504,<li>JR高崎線「桶川」駅 徒歩5～9分</li><li>JR高崎線「北本」駅 徒歩60～65分</li><li>JR高崎線「北上尾」駅 徒歩28～34分</li>
saitama,ageo,パークタウン若宮,95900,JR高崎線「桶川」駅,5.0,9.0,,,,桶川市若宮1-8,25号棟,鉄筋コンクリート造,4,N,402号室,3LDK,82,5,92700,3200,2か月,['近居割'],随時,https://www.ur-net.go.jp/chintai/kanto/saitama/50_2160_room.html?JKSS=000250402,<li>JR高崎線「桶川」駅 徒歩5～9分</li><li>JR高崎線「北本」駅 徒歩60～65分</li><li>JR高崎線「北上尾」駅 徒歩28～34分</li>
saitama,ageo,パークタウン若宮,95900,JR高崎線「北本」駅,60.0,65.0,,,,桶川市若宮1-8,25号棟,鉄筋コンクリート造,4,N,402号室,3LDK,82,5,92700,3200,2か月,['近居割'],随時,https://www.ur-net.go.jp/chintai/kanto/saitama/50_2160_room.html?JKSS=000250402,<li>JR高崎線「桶川」駅 徒歩5～9分</li><li>JR高崎線「北本」駅 徒歩60～65分</li><li>JR高崎線「北上尾」駅 徒歩28～34分</li>
saitama,ageo,パークタウン若宮,95900,JR高崎線「北上尾」駅,28.0,34.0,,,,桶川市若宮1-8,25号棟,鉄筋コンクリート造,4,N,402号室,3LDK,82,5,92700,3200,2か月,['近居割'],随時,https://www.ur-net.go.jp/chintai/kanto/saitama/50_2160_room.html?JKSS=000250402,<li>JR高崎線「桶川」駅 徒歩5～9分</li><li>JR高崎線「北本」駅 徒歩60～65分</li><li>JR高崎線「北上尾」駅 徒歩28～34分</li>
saitama,ageo,パークタウン若宮,95900,,,,,,,桶川市若宮1-8,25号棟,鉄筋コンクリート造,4,N,402号室,3LDK,82,5,92700,3200,2か月,['近居割'],随時,https://www.ur-net.go.jp/chintai/kanto/saitama/50_2160_room.html?JKSS=000250402,<li>JR高崎線「桶川」駅 徒歩5～9分</li><li>JR高崎線「北本」駅 徒歩60～65分</li><li>JR高崎線「北上尾」駅 徒歩28～34分</li>
saitama,ageo,パークタウン若宮,97600,JR高崎線「桶川」駅,5.0,9.0,,,,桶川市若宮1-8,22号棟,鉄筋コンクリート造,5,N,501号室,3LDK,87,5,94400,3200,2か月,['近居割'],随時,https://www.ur-net.go.jp/chintai/kanto/saitama/50_2160_room.html?JKSS=000220501,<li>JR高崎線「桶川」駅 徒歩5～9分</li><li>JR高崎線「北本」駅 徒歩60～65分</li><li>JR高崎線「北上尾」駅 徒歩28～34分</li>
saitama,ageo,パークタウン若宮,97600,JR高崎線「北本」駅,60.0,65.0,,,,桶川市若宮1-8,22号棟,鉄筋コンクリート造,5,N,501号室,3LDK,87,5,94400,3200,2か月,['近居割'],随時,https://www.ur-net.go.jp/chintai/kanto/saitama/50_2160_room.html?JKSS=000220501,<li>JR高崎線「桶川」駅 徒歩5～9分</li><li>JR高崎線「北本」駅 徒歩60～65分</li><li>JR高崎線「北上尾」駅 徒歩28～34分</li>
saitama,ageo,パークタウン若宮,97600,JR高崎線「北上尾」駅,28.0,34.0,,,,桶川市若宮1-8,22号棟,鉄筋コンクリート造,5,N,501号室,3LDK,87,5,94400,3200,2か月,['近居割'],随時,https://www.ur-net.go.jp/chintai/kanto/saitama/50_2160_room.html?JKSS=000220501,<li>JR高崎線「桶川」駅 徒歩5～9分</li><li>JR高崎線「北本」駅 徒歩60～65分</li><li>JR高崎線「北上尾」駅 徒歩28～34分</li>
saitama,ageo,パークタウン若宮,97600,,,,,,,桶川市若宮1-8,22号棟,鉄筋コンクリート造,5,N,501号室,3LDK,87,5,94400,3200,2か月,['近居割'],随時,https://www.ur-net.go.jp/chintai/kanto/saitama/50_2160_room.html?JKSS=000220501,<li>JR高崎線「桶川」駅 徒歩5～9分</li><li>JR高崎線「北本」駅 徒歩60～65分</li><li>JR高崎線「北上尾」駅 徒歩28～34分</li>
saitama,ageo,北本,47900,,,,JR高崎線「北本」駅,5.0,17.0,北本市栄7,3-7号棟,鉄筋コンクリート造,5,N,501号室,3K,52,5,44100,3800,2か月,"['近居割', '近居割WIDE']",随時,https://www.ur-net.go.jp/chintai/kanto/saitama/50_1400_room.html?JKSS=000307501,<li>JR高崎線「北本」駅バス4～12分 徒歩1～5分</li><li>JR高崎線「桶川」駅 徒歩30～57分</li><li>JR高崎線「鴻巣」駅 徒歩45～79分</li>
saitama,ageo,北本,47900,JR高崎線「桶川」駅,30.0,57.0,,,,北本市栄7,3-7号棟,鉄筋コンクリート造,5,N,501号室,3K,52,5,44100,3800,2か月,"['近居割', '近居割WIDE']",随時,https://www.ur-net.go.jp/chintai/kanto/saitama/50_1400_room.html?JKSS=000307501,<li>JR高崎線「北本」駅バス4～12分 徒歩1～5分</li><li>JR高崎線「桶川」駅 徒歩30～57分</li><li>JR高崎線「鴻巣」駅 徒歩45～79分</li>
saitama,ageo,北本,47900,JR高崎線「鴻巣」駅,45.0,79.0,,,,北本市栄7,3-7号棟,鉄筋コンクリート造,5,N,501号室,3K,52,5,44100,3800,2か月,"['近居割', '近居割WIDE']",随時,https://www.ur-net.go.jp/chintai/kanto/saitama/50_1400_room.html?JKSS=000307501,<li>JR高崎線「北本」駅バス4～12分 徒歩1～5分</li><li>JR高崎線「桶川」駅 徒歩30～57分</li><li>JR高崎線「鴻巣」駅 徒歩45～79分</li>
saitama,ageo,北本,47900,,,,,,,北本市栄7,3-7号棟,鉄筋コンクリート造,5,N,501号室,3K,52,5,44100,3800,2か月,"['近居割', '近居割WIDE']",随時,https://www.ur-net.go.jp/chintai/kanto/saitama/50_1400_room.html?JKSS=000307501,<li>JR高崎線「北本」駅バス4～12分 徒歩1～5分</li><li>JR高崎線「桶川」駅 徒歩30～57分</li><li>JR高崎線「鴻巣」駅 徒歩45～79分</li>
saitama,ageo,北本,48100,,,,JR高崎線「北本」駅,5.0,17.0,北本市栄7,1-17号棟,鉄筋コンクリート造,5,N,501号室,3K,52,5,44300,3800,2か月,"['近居割', '近居割WIDE']",随時,https://www.ur-net.go.jp/chintai/kanto/saitama/50_1400_room.html?JKSS=000117501,<li>JR高崎線「北本」駅バス4～12分 徒歩1～5分</li><li>JR高崎線「桶川」駅 徒歩30～57分</li><li>JR高崎線「鴻巣」駅 徒歩45～79分</li>
saitama,ageo,北本,48100,JR高崎線「桶川」駅,30.0,57.0,,,,北本市栄7,1-17号棟,鉄筋コンクリート造,5,N,501号室,3K,52,5,44300,3800,2か月,"['近居割', '近居割WIDE']",随時,https://www.ur-net.go.jp/chintai/kanto/saitama/50_1400_room.html?JKSS=000117501,<li>JR高崎線「北本」駅バス4～12分 徒歩1～5分</li><li>JR高崎線「桶川」駅 徒歩30～57分</li><li>JR高崎線「鴻巣」駅 徒歩45～79分</li>
saitama,ageo,北本,48100,JR高崎線「鴻巣」駅,45.0,79.0,,,,北本市栄7,1-17号棟,鉄筋コンクリート造,5,N,501号室,3K,52,5,44300,3800,2か月,"['近居割', '近居割WIDE']",随時,https://www.ur-net.go.jp/chintai/kanto/saitama/50_1400_room.html?JKSS=000117501,<li>JR高崎線「北本」駅バス4～12分 徒歩1～5分</li><li>JR高崎線「桶川」駅 徒歩30～57分</li><li>JR高崎線「鴻巣」駅 徒歩45～79分</li>
saitama,ageo,北本,48100,,,,,,,北本市栄7,1-17号棟,鉄筋コンクリート造,5,N,501号室,3K,52,5,44300,3800,2か月,"['近居割', '近居割WIDE']",随時,https://www.ur-net.go.jp/chintai/kanto/saitama/50_1400_room.html?JKSS=000117501,<li>JR高崎線「北本」駅バス4～12分 徒歩1～5分</li><li>JR高崎線「桶川」駅 徒歩30～57分</li><li>JR高崎線「鴻巣」駅 徒歩45～79分</li>
saitama,ageo,北本,49700,,,,JR高崎線「北本」駅,5.0,17.0,北本市栄7,3-17号棟,鉄筋コンクリート造,3,N,305号室,3K,50,5,45900,3800,2か月,"['近居割', '近居割WIDE']",随時,https://www.ur-net.go.jp/chintai/kanto/saitama/50_1400_room.html?JKSS=000317305,<li>JR高崎線「北本」駅バス4～12分 徒歩1～5分</li><li>JR高崎線「桶川」駅 徒歩30～57分</li><li>JR高崎線「鴻巣」駅 徒歩45～79分</li>
saitama,ageo,北本,49700,JR高崎線「桶川」駅,30.0,57.0,,,,北本市栄7,3-17号棟,鉄筋コンクリート造,3,N,305号室,3K,50,5,45900,3800,2か月,"['近居割', '近居割WIDE']",随時,https://www.ur-net.go.jp/chintai/kanto/saitama/50_1400_room.html?JKSS=000317305,<li>JR高崎線「北本」駅バス4～12分 徒歩1～5分</li><li>JR高崎線「桶川」駅 徒歩30～57分</li><li>JR高崎線「鴻巣」駅 徒歩45～79分</li>
saitama,ageo,北本,49700,JR高崎線「鴻巣」駅,45.0,79.0,,,,北本市栄7,3-17号棟,鉄筋コンクリート造,3,N,305号室,3K,50,5,45900,3800,2か月,"['近居割', '近居割WIDE']",随時,https://www.ur-net.go.jp/chintai/kanto/saitama/50_1400_room.html?JKSS=000317305,<li>JR高崎線「北本」駅バス4～12分 徒歩1～5分</li><li>JR高崎線「桶川」駅 徒歩30～57分</li><li>JR高崎線「鴻巣」駅 徒歩45～79分</li>
saitama,ageo,北本,49700,,,,,,,北本市栄7,3-17号棟,鉄筋コンクリート造,3,N,305号室,3K,50,5,45900,3800,2か月,"['近居割', '近居割WIDE']",随時,https://www.ur-net.go.jp/chintai/kanto/saitama/50_1400_room.html?JKSS=000317305,<li>JR高崎線「北本」駅バス4～12分 徒歩1～5分</li><li>JR高崎線「桶川」駅 徒歩30～57分</li><li>JR高崎線「鴻巣」駅 徒歩45～79分</li>
saitama,ageo,北本,49800,,,,JR高崎線「北本」駅,5.0,17.0,北本市栄7,1-14号棟,鉄筋コンクリート造,4,N,403号室,3K,52,5,46000,3800,2か月,"['近居割', '近居割WIDE']",随時,https://www.ur-net.go.jp/chintai/kanto/saitama/50_1400_room.html?JKSS=000114403,<li>JR高崎線「北本」駅バス4～12分 徒歩1～5分</li><li>JR高崎線「桶川」駅 徒歩30～57分</li><li>JR高崎線「鴻巣」駅 徒歩45～79分</li>
saitama,ageo,北本,49800,JR高崎線「桶川」駅,30.0,57.0,,,,北本市栄7,1-14号棟,鉄筋コンクリート造,4,N,403号室,3K,52,5,46000,3800,2か月,"['近居割', '近居割WIDE']",随時,https://www.ur-net.go.jp/chintai/kanto/saitama/50_1400_room.html?JKSS=000114403,<li>JR高崎線「北本」駅バス4～12分 徒歩1～5分</li><li>JR高崎線「桶川」駅 徒歩30～57分</li><li>JR高崎線「鴻巣」駅 徒歩45～79分</li>
saitama,ageo,北本,49800,JR高崎線「鴻巣」駅,45.0,79.0,,,,北本市栄7,1-14号棟,鉄筋コンクリート造,4,N,403号室,3K,52,5,46000,3800,2か月,"['近居割', '近居割WIDE']",随時,https://www.ur-net.go.jp/chintai/kanto/saitama/50_1400_room.html?JKSS=000114403,<li>JR高崎線「北本」駅バス4～12分 徒歩1～5分</li><li>JR高崎線「桶川」駅 徒歩30～57分</li><li>JR高崎線「鴻巣」駅 徒歩45～79分</li>
saitama,ageo,北本,49800,,,,,,,北本市栄7,1-14号棟,鉄筋コンクリート造,4,N,403号室,3K,52,5,46000,3800,2か月,"['近居割', '近居割WIDE']",随時,https://www.ur-net.go.jp/chintai/kanto/saitama/50_1400_room.html?JKSS=000114403,<li>JR高崎線「北本」駅バス4～12分 徒歩1～5分</li><li>JR高崎線「桶川」駅 徒歩30～57分</li><li>JR高崎線「鴻巣」駅 徒歩45～79分</li>
saitama,ageo,北本,49800,,,,JR高崎線「北本」駅,5.0,17.0,北本市栄7,1-17号棟,鉄筋コンクリート造,4,N,404号室,3K,52,5,46000,3800,2か月,"['近居割', '近居割WIDE']",随時,https://www.ur-net.go.jp/chintai/kanto/saitama/50_1400_room.html?JKSS=000117404,<li>JR高崎線「北本」駅バス4～12分 徒歩1～5分</li><li>JR高崎線「桶川」駅 徒歩30～57分</li><li>JR高崎線「鴻巣」駅 徒歩45～79分</li>
saitama,ageo,北本,49800,JR高崎線「桶川」駅,30.0,57.0,,,,北本市栄7,1-17号棟,鉄筋コンクリート造,4,N,404号室,3K,52,5,46000,3800,2か月,"['近居割', '近居割WIDE']",随時,https://www.ur-net.go.jp/chintai/kanto/saitama/50_1400_room.html?JKSS=000117404,<li>JR高崎線「北本」駅バス4～12分 徒歩1～5分</li><li>JR高崎線「桶川」駅 徒歩30～57分</li><li>JR高崎線「鴻巣」駅 徒歩45～79分</li>
saitama,ageo,北本,49800,JR高崎線「鴻巣」駅,45.0,79.0,,,,北本市栄7,1-17号棟,鉄筋コンクリート造,4,N,404号室,3K,52,5,46000,3800,2か月,"['近居割', '近居割WIDE']",随時,https://www.ur-net.go.jp/chintai/kanto/saitama/50_1400_room.html?JKSS=000117404,<li>JR高崎線「北本」駅バス4～12分 徒歩1～5分</li><li>JR高崎線「桶川」駅 徒歩30～57分</li><li>JR高崎線「鴻巣」駅 徒歩45～79分</li>
saitama,ageo,北本,49800,,,,,,,北本市栄7,1-17号棟,鉄筋コンクリート造,4,N,404号室,3K,52,5,46000,3800,2か月,"['近居割', '近居割WIDE']",随時,https://www.ur-net.go.jp/chintai/kanto/saitama/50_1400_room.html?JKSS=000117404,<li>JR高崎線「北本」駅バス4～12分 徒歩1～5分</li><li>JR高崎線「桶川」駅 徒歩30～57分</li><li>JR高崎線「鴻巣」駅 徒歩45～79分</li>
saitama,tokorozawa,所沢パークタウン並木通り,74300,,,,西武新宿線「航空公園」駅,10.0,12.0,所沢市並木8-1,5号棟,鉄骨鉄筋コンクリート造,11,N,1111号室,2DK,48,11,69800,4500,2か月,"['近居割', '近居割WIDE']",随時,https://www.ur-net.go.jp/chintai/kanto/saitama/50_1980_room.html?JKSS=000051111,<li>西武新宿線「航空公園」駅バス8分 徒歩2～4分</li><li>西武新宿線「所沢」駅バス10分 徒歩3～5分</li><li>西武新宿線「新所沢」駅 徒歩36～38分</li>
saitama,tokorozawa,所沢パークタウン並木通り,74300,,,,西武新宿線「所沢」駅,13.0,15.0,所沢市並木8-1,5号棟,鉄骨鉄筋コンクリート造,11,N,1111号室,2DK,48,11,69800,4500,2か月,"['近居割', '近居割WIDE']",随時,https://www.ur-net.go.jp/chintai/kanto/saitama/50_1980_room.html?JKSS=000051111,<li>西武新宿線「航空公園」駅バス8分 徒歩2～4分</li><li>西武新宿線「所沢」駅バス10分 徒歩3～5分</li><li>西武新宿線「新所沢」駅 徒歩36～38分</li>
saitama,tokorozawa,所沢パークタウン並木通り,74300,西武新宿線「新所沢」駅,36.0,38.0,,,,所沢市並木8-1,5号棟,鉄骨鉄筋コンクリート造,11,N,1111号室,2DK,48,11,69800,4500,2か月,"['近居割', '近居割WIDE']",随時,https://www.ur-net.go.jp/chintai/kanto/saitama/50_1980_room.html?JKSS=000051111,<li>西武新宿線「航空公園」駅バス8分 徒歩2～4分</li><li>西武新宿線「所沢」駅バス10分 徒歩3～5分</li><li>西武新宿線「新所沢」駅 徒歩36～38分</li>
saitama,tokorozawa,所沢パークタウン並木通り,74300,,,,,,,所沢市並木8-1,5号棟,鉄骨鉄筋コンクリート造,11,N,1111号室,2DK,48,11,69800,4500,2か月,"['近居割', '近居割WIDE']",随時,https://www.ur-net.go.jp/chintai/kanto/saitama/50_1980_room.html?JKSS=000051111,<li>西武新宿線「航空公園」駅バス8分 徒歩2～4分</li><li>西武新宿線「所沢」駅バス10分 徒歩3～5分</li><li>西武新宿線「新所沢」駅 徒歩36～38分</li>
saitama,tokorozawa,所沢パークタウン並木通り,74400,,,,西武新宿線「航空公園」駅,10.0,12.0,所沢市並木8-1,2号棟,鉄骨鉄筋コンクリート造,8,N,811号室,2DK,48,14,69900,4500,2か月,"['近居割', '近居割WIDE']",随時,https://www.ur-net.go.jp/chintai/kanto/saitama/50_1980_room.html?JKSS=000020811,<li>西武新宿線「航空公園」駅バス8分 徒歩2～4分</li><li>西武新宿線「所沢」駅バス10分 徒歩3～5分</li><li>西武新宿線「新所沢」駅 徒歩36～38分</li>
saitama,tokorozawa,所沢パークタウン並木通り,74400,,,,西武新宿線「所沢」駅,13.0,15.0,所沢市並木8-1,2号棟,鉄骨鉄筋コンクリート造,8,N,811号室,2DK,48,14,69900,4500,2か月,"['近居割', '近居割WIDE']",随時,https://www.ur-net.go.jp/chintai/kanto/saitama/50_1980_room.html?JKSS=000020811,<li>西武新宿線「航空公園」駅バス8分 徒歩2～4分</li><li>西武新宿線「所沢」駅バス10分 徒歩3～5分</li><li>西武新宿線「新所沢」駅 徒歩36～38分</li>
saitama,tokorozawa,所沢パークタウン並木通り,74400,西武新宿線「新所沢」駅,36.0,38.0,,,,所沢市並木8-1,2号棟,鉄骨鉄筋コンクリート造,8,N,811号室,2DK,48,14,69900,4500,2か月,"['近居割', '近居割WIDE']",随時,https://www.ur-net.go.jp/chintai/kanto/saitama/50_1980_room.html?JKSS=000020811,<li>西武新宿線「航空公園」駅バス8分 徒歩2～4分</li><li>西武新宿線「所沢」駅バス10分 徒歩3～5分</li><li>西武新宿線「新所沢」駅 徒歩36～38分</li>
saitama,tokorozawa,所沢パークタウン並木通り,74400,,,,,,,所沢市並木8-1,2号棟,鉄骨鉄筋コンクリート造,8,N,811号室,2DK,48,14,69900,4500,2か月,"['近居割', '近居割WIDE']",随時,https://www.ur-net.go.jp/chintai/kanto/saitama/50_1980_room.html?JKSS=000020811,<li>西武新宿線「航空公園」駅バス8分 徒歩2～4分</li><li>西武新宿線「所沢」駅バス10分 徒歩3～5分</li><li>西武新宿線「新所沢」駅 徒歩36～38分</li>
saitama,tokorozawa,所沢パークタウン並木通り,75700,,,,西武新宿線「航空公園」駅,10.0,12.0,所沢市並木8-1,1号棟,鉄骨鉄筋コンクリート造,2,N,201号室,2DK,49,14,71200,4500,2か月,"['近居割', '近居割WIDE']",随時,https://www.ur-net.go.jp/chintai/kanto/saitama/50_1980_room.html?JKSS=000010201,<li>西武新宿線「航空公園」駅バス8分 徒歩2～4分</li><li>西武新宿線「所沢」駅バス10分 徒歩3～5分</li><li>西武新宿線「新所沢」駅 徒歩36～38分</li>
saitama,tokorozawa,所沢パークタウン並木通り,75700,,,,西武新宿線「所沢」駅,13.0,15.0,所沢市並木8-1,1号棟,鉄骨鉄筋コンクリート造,2,N,201号室,2DK,49,14,71200,4500,2か月,"['近居割', '近居割WIDE']",随時,https://www.ur-net.go.jp/chintai/kanto/saitama/50_1980_room.html?JKSS=000010201,<li>西武新宿線「航空公園」駅バス8分 徒歩2～4分</li><li>西武新宿線「所沢」駅バス10分 徒歩3～5分</li><li>西武新宿線「新所沢」駅 徒歩36～38分</li>
saitama,tokorozawa,所沢パークタウン並木通り,75700,西武新宿線「新所沢」駅,36.0,38.0,,,,所沢市並木8-1,1号棟,鉄骨鉄筋コンクリート造,2,N,201号室,2DK,49,14,71200,4500,2か月,"['近居割', '近居割WIDE']",随時,https://www.ur-net.go.jp/chintai/kanto/saitama/50_1980_room.html?JKSS=000010201,<li>西武新宿線「航空公園」駅バス8分 徒歩2～4分</li><li>西武新宿線「所沢」駅バス10分 徒歩3～5分</li><li>西武新宿線「新所沢」駅 徒歩36～38分</li>
saitama,tokorozawa,所沢パークタウン並木通り,75700,,,,,,,所沢市並木8-1,1号棟,鉄骨鉄筋コンクリート造,2,N,201号室,2DK,49,14,71200,4500,2か月,"['近居割', '近居割WIDE']",随時,https://www.ur-net.go.jp/chintai/kanto/saitama/50_1980_room.html?JKSS=000010201,<li>西武新宿線「航空公園」駅バス8分 徒歩2～4分</li><li>西武新宿線「所沢」駅バス10分 徒歩3～5分</li><li>西武新宿線「新所沢」駅 徒歩36～38分</li>
saitama,tokorozawa,所沢パークタウン駅前通り,83000,西武新宿線「航空公園」駅,4.0,9.0,,,,所沢市並木3-1,11号棟,鉄筋コンクリート造、鉄骨鉄筋コンクリート造,8,N,813号室,2DK,51,10,79800,3200,2か月,"['近居割', '近居割WIDE']",随時,https://www.ur-net.go.jp/chintai/kanto/saitama/50_1910_room.html?JKSS=000110813,<li>西武新宿線「航空公園」駅 徒歩4～9分</li><li>西武新宿線「新所沢」駅 徒歩20～25分</li><li>西武池袋線「所沢」駅 徒歩22～25分</li>
saitama,tokorozawa,所沢パークタウン駅前通り,83000,西武新宿線「新所沢」駅,20.0,25.0,,,,所沢市並木3-1,11号棟,鉄筋コンクリート造、鉄骨鉄筋コンクリート造,8,N,813号室,2DK,51,10,79800,3200,2か月,"['近居割', '近居割WIDE']",随時,https://www.ur-net.go.jp/chintai/kanto/saitama/50_1910_room.html?JKSS=000110813,<li>西武新宿線「航空公園」駅 徒歩4～9分</li><li>西武新宿線「新所沢」駅 徒歩20～25分</li><li>西武池袋線「所沢」駅 徒歩22～25分</li>
saitama,tokorozawa,所沢パークタウン駅前通り,83000,西武池袋線「所沢」駅,22.0,25.0,,,,所沢市並木3-1,11号棟,鉄筋コンクリート造、鉄骨鉄筋コンクリート造,8,N,813号室,2DK,51,10,79800,3200,2か月,"['近居割', '近居割WIDE']",随時,https://www.ur-net.go.jp/chintai/kanto/saitama/50_1910_room.html?JKSS=000110813,<li>西武新宿線「航空公園」駅 徒歩4～9分</li><li>西武新宿線「新所沢」駅 徒歩20～25分</li><li>西武池袋線「所沢」駅 徒歩22～25分</li>
saitama,tokorozawa,所沢パークタウン駅前通り,83000,,,,,,,所沢市並木3-1,11号棟,鉄筋コンクリート造、鉄骨鉄筋コンクリート造,8,N,813号室,2DK,51,10,79800,3200,2か月,"['近居割', '近居割WIDE']",随時,https://www.ur-net.go.jp/chintai/kanto/saitama/50_1910_room.html?JKSS=000110813,<li>西武新宿線「航空公園」駅 徒歩4～9分</li><li>西武新宿線「新所沢」駅 徒歩20～25分</li><li>西武池袋線「所沢」駅 徒歩22～25分</li>
saitama,tokorozawa,所沢パークタウン駅前通り,83400,西武新宿線「航空公園」駅,4.0,9.0,,,,所沢市並木3-1,7号棟,鉄筋コンクリート造、鉄骨鉄筋コンクリート造,4,N,404号室,2LDK,58,5,80200,3200,2か月,"['近居割', '近居割WIDE']",随時,https://www.ur-net.go.jp/chintai/kanto/saitama/50_1910_room.html?JKSS=000070404,<li>西武新宿線「航空公園」駅 徒歩4～9分</li><li>西武新宿線「新所沢」駅 徒歩20～25分</li><li>西武池袋線「所沢」駅 徒歩22～25分</li>
saitama,tokorozawa,所沢パークタウン駅前通り,83400,西武新宿線「新所沢」駅,20.0,25.0,,,,所沢市並木3-1,7号棟,鉄筋コンクリート造、鉄骨鉄筋コンクリート造,4,N,404号室,2LDK,58,5,80200,3200,2か月,"['近居割', '近居割WIDE']",随時,https://www.ur-net.go.jp/chintai/kanto/saitama/50_1910_room.html?JKSS=000070404,<li>西武新宿線「航空公園」駅 徒歩4～9分</li><li>西武新宿線「新所沢」駅 徒歩20～25分</li><li>西武池袋線「所沢」駅 徒歩22～25分</li>
saitama,tokorozawa,所沢パークタウン駅前通り,83400,西武池袋線「所沢」駅,22.0,25.0,,,,所沢市並木3-1,7号棟,鉄筋コンクリート造、鉄骨鉄筋コンクリート造,4,N,404号室,2LDK,58,5,80200,3200,2か月,"['近居割', '近居割WIDE']",随時,https://www.ur-net.go.jp/chintai/kanto/saitama/50_1910_room.html?JKSS=000070404,<li>西武新宿線「航空公園」駅 徒歩4～9分</li><li>西武新宿線「新所沢」駅 徒歩20～25分</li><li>西武池袋線「所沢」駅 徒歩22～25分</li>
saitama,tokorozawa,所沢パークタウン駅前通り,83400,,,,,,,所沢市並木3-1,7号棟,鉄筋コンクリート造、鉄骨鉄筋コンクリート造,4,N,404号室,2LDK,58,5,80200,3200,2か月,"['近居割', '近居割WIDE']",随時,https://www.ur-net.go.jp/chintai/kanto/saitama/50_1910_room.html?JKSS=000070404,<li>西武新宿線「航空公園」駅 徒歩4～9分</li><li>西武新宿線「新所沢」駅 徒歩20～25分</li><li>西武池袋線「所沢」駅 徒歩22～25分</li>
saitama,tokorozawa,所沢パークタウン駅前通り,94300,西武新宿線「航空公園」駅,4.0,9.0,,,,所沢市並木3-1,11号棟,鉄筋コンクリート造、鉄骨鉄筋コンクリート造,7,N,708号室,3DK,63,10,91100,3200,2か月,"['近居割', '近居割WIDE']",随時,https://www.ur-net.go.jp/chintai/kanto/saitama/50_1910_room.html?JKSS=000110708,<li>西武新宿線「航空公園」駅 徒歩4～9分</li><li>西武新宿線「新所沢」駅 徒歩20～25分</li><li>西武池袋線「所沢」駅 徒歩22～25分</li>
saitama,tokorozawa,所沢パークタウン駅前通り,94300,西武新宿線「新所沢」駅,20.0,25.0,,,,所沢市並木3-1,11号棟,鉄筋コンクリート造、鉄骨鉄筋コンクリート造,7,N,708号室,3DK,63,10,91100,3200,2か月,"['近居割', '近居割WIDE']",随時,https://www.ur-net.go.jp/chintai/kanto/saitama/50_1910_room.html?JKSS=000110708,<li>西武新宿線「航空公園」駅 徒歩4～9分</li><li>西武新宿線「新所沢」駅 徒歩20～25分</li><li>西武池袋線「所沢」駅 徒歩22～25分</li>
saitama,tokorozawa,所沢パークタウン駅前通り,94300,西武池袋線「所沢」駅,22.0,25.0,,,,所沢市並木3-1,11号棟,鉄筋コンクリート造、鉄骨鉄筋コンクリート造,7,N,708号室,3DK,63,10,91100,3200,2か月,"['近居割', '近居割WIDE']",随時,https://www.ur-net.go.jp/chintai/kanto/saitama/50_1910_room.html?JKSS=000110708,<li>西武新宿線「航空公園」駅 徒歩4～9分</li><li>西武新宿線「新所沢」駅 徒歩20～25分</li><li>西武池袋線「所沢」駅 徒歩22～25分</li>
saitama,tokorozawa,所沢パークタウン駅前通り,94300,,,,,,,所沢市並木3-1,11号棟,鉄筋コンクリート造、鉄骨鉄筋コンクリート造,7,N,708号室,3DK,63,10,91100,3200,2か月,"['近居割', '近居割WIDE']",随時,https://www.ur-net.go.jp/chintai/kanto/saitama/50_1910_room.html?JKSS=000110708,<li>西武新宿線「航空公園」駅 徒歩4～9分</li><li>西武新宿線「新所沢」駅 徒歩20～25分</li><li>西武池袋線「所沢」駅 徒歩22～25分</li>
saitama,tokorozawa,所沢パークタウン公園通り,95200,西武新宿線「航空公園」駅,7.0,8.0,,,,所沢市並木2-3,5号棟,鉄筋コンクリート造、鉄骨鉄筋コンクリート造,3,N,302号室,2LDK,50,5,90900,4300,2か月,"['近居割', '近居割WIDE']",随時,https://www.ur-net.go.jp/chintai/kanto/saitama/50_1970_room.html?JKSS=000050302,<li>西武新宿線「航空公園」駅 徒歩7～8分</li><li>西武新宿線「新所沢」駅 徒歩14～15分</li><li>西武池袋線「所沢」駅 徒歩27～28分</li>
saitama,tokorozawa,所沢パークタウン公園通り,95200,西武新宿線「新所沢」駅,14.0,15.0,,,,所沢市並木2-3,5号棟,鉄筋コンクリート造、鉄骨鉄筋コンクリート造,3,N,302号室,2LDK,50,5,90900,4300,2か月,"['近居割', '近居割WIDE']",随時,https://www.ur-net.go.jp/chintai/kanto/saitama/50_1970_room.html?JKSS=000050302,<li>西武新宿線「航空公園」駅 徒歩7～8分</li><li>西武新宿線「新所沢」駅 徒歩14～15分</li><li>西武池袋線「所沢」駅 徒歩27～28分</li>
saitama,tokorozawa,所沢パークタウン公園通り,95200,西武池袋線「所沢」駅,27.0,28.0,,,,所沢市並木2-3,5号棟,鉄筋コンクリート造、鉄骨鉄筋コンクリート造,3,N,302号室,2LDK,50,5,90900,4300,2か月,"['近居割', '近居割WIDE']",随時,https://www.ur-net.go.jp/chintai/kanto/saitama/50_1970_room.html?JKSS=000050302,<li>西武新宿線「航空公園」駅 徒歩7～8分</li><li>西武新宿線「新所沢」駅 徒歩14～15分</li><li>西武池袋線「所沢」駅 徒歩27～28分</li>
saitama,tokorozawa,所沢パークタウン公園通り,95200,,,,,,,所沢市並木2-3,5号棟,鉄筋コンクリート造、鉄骨鉄筋コンクリート造,3,N,302号室,2LDK,50,5,90900,4300,2か月,"['近居割', '近居割WIDE']",随時,https://www.ur-net.go.jp/chintai/kanto/saitama/50_1970_room.html?JKSS=000050302,<li>西武新宿線「航空公園」駅 徒歩7～8分</li><li>西武新宿線「新所沢」駅 徒歩14～15分</li><li>西武池袋線「所沢」駅 徒歩27～28分</li>
saitama,shintokorozawa,プラザシティ新所沢けやき通り第二,122300,西武新宿線「新所沢」駅,10.0,14.0,,,,所沢市緑町4-28ほか,34号棟,鉄筋コンクリート造,8,N,807号室,2LDK,59,12,118000,4300,2か月,"['近居割', '近居割WIDE']",随時,https://www.ur-net.go.jp/chintai/kanto/saitama/50_3850_room.html?JKSS=000340807,<li>西武新宿線「新所沢」駅 徒歩10～14分</li><li>西武池袋線「小手指」駅 徒歩15～20分</li><li>西武新宿線「航空公園」駅 徒歩26～30分</li>
saitama,shintokorozawa,プラザシティ新所沢けやき通り第二,122300,西武池袋線「小手指」駅,15.0,20.0,,,,所沢市緑町4-28ほか,34号棟,鉄筋コンクリート造,8,N,807号室,2LDK,59,12,118000,4300,2か月,"['近居割', '近居割WIDE']",随時,https://www.ur-net.go.jp/chintai/kanto/saitama/50_3850_room.html?JKSS=000340807,<li>西武新宿線「新所沢」駅 徒歩10～14分</li><li>西武池袋線「小手指」駅 徒歩15～20分</li><li>西武新宿線「航空公園」駅 徒歩26～30分</li>
saitama,shintokorozawa,プラザシティ新所沢けやき通り第二,122300,西武新宿線「航空公園」駅,26.0,30.0,,,,所沢市緑町4-28ほか,34号棟,鉄筋コンクリート造,8,N,807号室,2LDK,59,12,118000,4300,2か月,"['近居割', '近居割WIDE']",随時,https://www.ur-net.go.jp/chintai/kanto/saitama/50_3850_room.html?JKSS=000340807,<li>西武新宿線「新所沢」駅 徒歩10～14分</li><li>西武池袋線「小手指」駅 徒歩15～20分</li><li>西武新宿線「航空公園」駅 徒歩26～30分</li>
saitama,shintokorozawa,プラザシティ新所沢けやき通り第二,122300,,,,,,,所沢市緑町4-28ほか,34号棟,鉄筋コンクリート造,8,N,807号室,2LDK,59,12,118000,4300,2か月,"['近居割', '近居割WIDE']",随時,https://www.ur-net.go.jp/chintai/kanto/saitama/50_3850_room.html?JKSS=000340807,<li>西武新宿線「新所沢」駅 徒歩10～14分</li><li>西武池袋線「小手指」駅 徒歩15～20分</li><li>西武新宿線「航空公園」駅 徒歩26～30分</li>
saitama,shintokorozawa,プラザシティ新所沢けやき通り第二,138300,西武新宿線「新所沢」駅,10.0,14.0,,,,所沢市緑町4-28ほか,41号棟,鉄筋コンクリート造,7,N,707号室,2LDK,66,10,134000,4300,2か月,"['近居割', '近居割WIDE']",随時,https://www.ur-net.go.jp/chintai/kanto/saitama/50_3850_room.html?JKSS=000410707,<li>西武新宿線「新所沢」駅 徒歩10～14分</li><li>西武池袋線「小手指」駅 徒歩15～20分</li><li>西武新宿線「航空公園」駅 徒歩26～30分</li>
saitama,shintokorozawa,プラザシティ新所沢けやき通り第二,138300,西武池袋線「小手指」駅,15.0,20.0,,,,所沢市緑町4-28ほか,41号棟,鉄筋コンクリート造,7,N,707号室,2LDK,66,10,134000,4300,2か月,"['近居割', '近居割WIDE']",随時,https://www.ur-net.go.jp/chintai/kanto/saitama/50_3850_room.html?JKSS=000410707,<li>西武新宿線「新所沢」駅 徒歩10～14分</li><li>西武池袋線「小手指」駅 徒歩15～20分</li><li>西武新宿線「航空公園」駅 徒歩26～30分</li>
saitama,shintokorozawa,プラザシティ新所沢けやき通り第二,138300,西武新宿線「航空公園」駅,26.0,30.0,,,,所沢市緑町4-28ほか,41号棟,鉄筋コンクリート造,7,N,707号室,2LDK,66,10,134000,4300,2か月,"['近居割', '近居割WIDE']",随時,https://www.ur-net.go.jp/chintai/kanto/saitama/50_3850_room.html?JKSS=000410707,<li>西武新宿線「新所沢」駅 徒歩10～14分</li><li>西武池袋線「小手指」駅 徒歩15～20分</li><li>西武新宿線「航空公園」駅 徒歩26～30分</li>
saitama,shintokorozawa,プラザシティ新所沢けやき通り第二,138300,,,,,,,所沢市緑町4-28ほか,41号棟,鉄筋コンクリート造,7,N,707号室,2LDK,66,10,134000,4300,2か月,"['近居割', '近居割WIDE']",随時,https://www.ur-net.go.jp/chintai/kanto/saitama/50_3850_room.html?JKSS=000410707,<li>西武新宿線「新所沢」駅 徒歩10～14分</li><li>西武池袋線「小手指」駅 徒歩15～20分</li><li>西武新宿線「航空公園」駅 徒歩26～30分</li>
saitama,shintokorozawa,プラザシティ新所沢　けやき通り,154800,西武新宿線「新所沢」駅,4.0,8.0,,,,所沢市緑町1-5ほか,6号棟,鉄筋コンクリート造,8,N,801号室,4LDK,82,14,151100,3700,2か月,"['近居割', '近居割WIDE']",随時,https://www.ur-net.go.jp/chintai/kanto/saitama/50_3030_room.html?JKSS=000060801,<li>西武新宿線「新所沢」駅 徒歩4～8分</li><li>西武新宿線「航空公園」駅 徒歩18～25分</li><li>西武池袋線「西所沢」駅 徒歩21～28分</li>
saitama,shintokorozawa,プラザシティ新所沢　けやき通り,154800,西武新宿線「航空公園」駅,18.0,25.0,,,,所沢市緑町1-5ほか,6号棟,鉄筋コンクリート造,8,N,801号室,4LDK,82,14,151100,3700,2か月,"['近居割', '近居割WIDE']",随時,https://www.ur-net.go.jp/chintai/kanto/saitama/50_3030_room.html?JKSS=000060801,<li>西武新宿線「新所沢」駅 徒歩4～8分</li><li>西武新宿線「航空公園」駅 徒歩18～25分</li><li>西武池袋線「西所沢」駅 徒歩21～28分</li>
saitama,shintokorozawa,プラザシティ新所沢　けやき通り,154800,西武池袋線「西所沢」駅,21.0,28.0,,,,所沢市緑町1-5ほか,6号棟,鉄筋コンクリート造,8,N,801号室,4LDK,82,14,151100,3700,2か月,"['近居割', '近居割WIDE']",随時,https://www.ur-net.go.jp/chintai/kanto/saitama/50_3030_room.html?JKSS=000060801,<li>西武新宿線「新所沢」駅 徒歩4～8分</li><li>西武新宿線「航空公園」駅 徒歩18～25分</li><li>西武池袋線「西所沢」駅 徒歩21～28分</li>
saitama,shintokorozawa,プラザシティ新所沢　けやき通り,154800,,,,,,,所沢市緑町1-5ほか,6号棟,鉄筋コンクリート造,8,N,801号室,4LDK,82,14,151100,3700,2か月,"['近居割', '近居割WIDE']",随時,https://www.ur-net.go.jp/chintai/kanto/saitama/50_3030_room.html?JKSS=000060801,<li>西武新宿線「新所沢」駅 徒歩4～8分</li><li>西武新宿線「航空公園」駅 徒歩18～25分</li><li>西武池袋線「西所沢」駅 徒歩21～28分</li>
saitama,kamifukuoka,鶴瀬（市）,82200,東武東上線「鶴瀬」駅,7.0,7.0,,,,富士見市鶴瀬西2-8-2,,鉄筋コンクリート造,3,N,306号室,3DK,53,4,78600,3600,2か月,"['近居割', '近居割WIDE']",随時,https://www.ur-net.go.jp/chintai/kanto/saitama/50_1730_room.html?JKSS=000000306,<li>東武東上線「鶴瀬」駅 徒歩7分</li>
saitama,kamifukuoka,鶴瀬（市）,82200,,,,,,,富士見市鶴瀬西2-8-2,,鉄筋コンクリート造,3,N,306号室,3DK,53,4,78600,3600,2か月,"['近居割', '近居割WIDE']",随時,https://www.ur-net.go.jp/chintai/kanto/saitama/50_1730_room.html?JKSS=000000306,<li>東武東上線「鶴瀬」駅 徒歩7分</li>
saitama,wakaba,北坂戸,48700,東武東上線「北坂戸」駅,2.0,11.0,,,,坂戸市溝端町1ほか,9-12号棟,鉄筋コンクリート造、鉄骨鉄筋コンクリート造,5,N,505号室,3K,45,5,45200,3500,2か月,"['近居割', '近居割WIDE']",随時,https://www.ur-net.go.jp/chintai/kanto/saitama/50_1590_room.html?JKSS=009120505,<li>東武東上線「北坂戸」駅 徒歩2～11分</li><li>東武東上線「坂戸」駅 徒歩23～34分</li><li>東武東上線「若葉」駅 徒歩41～49分</li><li>東武東上線「高坂」駅 徒歩47～52分</li>
saitama,wakaba,北坂戸,48700,東武東上線「坂戸」駅,23.0,34.0,,,,坂戸市溝端町1ほか,9-12号棟,鉄筋コンクリート造、鉄骨鉄筋コンクリート造,5,N,505号室,3K,45,5,45200,3500,2か月,"['近居割', '近居割WIDE']",随時,https://www.ur-net.go.jp/chintai/kanto/saitama/50_1590_room.html?JKSS=009120505,<li>東武東上線「北坂戸」駅 徒歩2～11分</li><li>東武東上線「坂戸」駅 徒歩23～34分</li><li>東武東上線「若葉」駅 徒歩41～49分</li><li>東武東上線「高坂」駅 徒歩47～52分</li>
saitama,wakaba,北坂戸,48700,東武東上線「若葉」駅,41.0,49.0,,,,坂戸市溝端町1ほか,9-12号棟,鉄筋コンクリート造、鉄骨鉄筋コンクリート造,5,N,505号室,3K,45,5,45200,3500,2か月,"['近居割', '近居割WIDE']",随時,https://www.ur-net.go.jp/chintai/kanto/saitama/50_1590_room.html?JKSS=009120505,<li>東武東上線「北坂戸」駅 徒歩2～11分</li><li>東武東上線「坂戸」駅 徒歩23～34分</li><li>東武東上線「若葉」駅 徒歩41～49分</li><li>東武東上線「高坂」駅 徒歩47～52分</li>
saitama,wakaba,北坂戸,48700,東武東上線「高坂」駅,47.0,52.0,,,,坂戸市溝端町1ほか,9-12号棟,鉄筋コンクリート造、鉄骨鉄筋コンクリート造,5,N,505号室,3K,45,5,45200,3500,2か月,"['近居割', '近居割WIDE']",随時,https://www.ur-net.go.jp/chintai/kanto/saitama/50_1590_room.html?JKSS=009120505,<li>東武東上線「北坂戸」駅 徒歩2～11分</li><li>東武東上線「坂戸」駅 徒歩23～34分</li><li>東武東上線「若葉」駅 徒歩41～49分</li><li>東武東上線「高坂」駅 徒歩47～52分</li>
saitama,wakaba,北坂戸,48700,,,,,,,坂戸市溝端町1ほか,9-12号棟,鉄筋コンクリート造、鉄骨鉄筋コンクリート造,5,N,505号室,3K,45,5,45200,3500,2か月,"['近居割', '近居割WIDE']",随時,https://www.ur-net.go.jp/chintai/kanto/saitama/50_1590_room.html?JKSS=009120505,<li>東武東上線「北坂戸」駅 徒歩2～11分</li><li>東武東上線「坂戸」駅 徒歩23～34分</li><li>東武東上線「若葉」駅 徒歩41～49分</li><li>東武東上線「高坂」駅 徒歩47～52分</li>
saitama,wakaba,北坂戸,56600,東武東上線「北坂戸」駅,2.0,11.0,,,,坂戸市溝端町1ほか,9-19号棟,鉄筋コンクリート造、鉄骨鉄筋コンクリート造,3,N,304号室,3K,50,5,53100,3500,2か月,"['近居割', '近居割WIDE']",随時,https://www.ur-net.go.jp/chintai/kanto/saitama/50_1590_room.html?JKSS=009190304,<li>東武東上線「北坂戸」駅 徒歩2～11分</li><li>東武東上線「坂戸」駅 徒歩23～34分</li><li>東武東上線「若葉」駅 徒歩41～49分</li><li>東武東上線「高坂」駅 徒歩47～52分</li>
saitama,wakaba,北坂戸,56600,東武東上線「坂戸」駅,23.0,34.0,,,,坂戸市溝端町1ほか,9-19号棟,鉄筋コンクリート造、鉄骨鉄筋コンクリート造,3,N,304号室,3K,50,5,53100,3500,2か月,"['近居割', '近居割WIDE']",随時,https://www.ur-net.go.jp/chintai/kanto/saitama/50_1590_room.html?JKSS=009190304,<li>東武東上線「北坂戸」駅 徒歩2～11分</li><li>東武東上線「坂戸」駅 徒歩23～34分</li><li>東武東上線「若葉」駅 徒歩41～49分</li><li>東武東上線「高坂」駅 徒歩47～52分</li>
saitama,wakaba,北坂戸,56600,東武東上線「若葉」駅,41.0,49.0,,,,坂戸市溝端町1ほか,9-19号棟,鉄筋コンクリート造、鉄骨鉄筋コンクリート造,3,N,304号室,3K,50,5,53100,3500,2か月,"['近居割', '近居割WIDE']",随時,https://www.ur-net.go.jp/chintai/kanto/saitama/50_1590_room.html?JKSS=009190304,<li>東武東上線「北坂戸」駅 徒歩2～11分</li><li>東武東上線「坂戸」駅 徒歩23～34分</li><li>東武東上線「若葉」駅 徒歩41～49分</li><li>東武東上線「高坂」駅 徒歩47～52分</li>
saitama,wakaba,北坂戸,56600,東武東上線「高坂」駅,47.0,52.0,,,,坂戸市溝端町1ほか,9-19号棟,鉄筋コンクリート造、鉄骨鉄筋コンクリート造,3,N,304号室,3K,50,5,53100,3500,2か月,"['近居割', '近居割WIDE']",随時,https://www.ur-net.go.jp/chintai/kanto/saitama/50_1590_room.html?JKSS=009190304,<li>東武東上線「北坂戸」駅 徒歩2～11分</li><li>東武東上線「坂戸」駅 徒歩23～34分</li><li>東武東上線「若葉」駅 徒歩41～49分</li><li>東武東上線「高坂」駅 徒歩47～52分</li>
saitama,wakaba,北坂戸,56600,,,,,,,坂戸市溝端町1ほか,9-19号棟,鉄筋コンクリート造、鉄骨鉄筋コンクリート造,3,N,304号室,3K,50,5,53100,3500,2か月,"['近居割', '近居割WIDE']",随時,https://www.ur-net.go.jp/chintai/kanto/saitama/50_1590_room.html?JKSS=009190304,<li>東武東上線「北坂戸」駅 徒歩2～11分</li><li>東武東上線「坂戸」駅 徒歩23～34分</li><li>東武東上線「若葉」駅 徒歩41～49分</li><li>東武東上線「高坂」駅 徒歩47～52分</li>
saitama,wakaba,東坂戸,54800,,,,東武東上線「若葉」駅,8.0,12.0,坂戸市東坂戸1ほか,1-20号棟,鉄骨鉄筋コンクリート造,2,N,203号室,2DK,50,8,48700,6100,2か月,"['近居割', '近居割WIDE']",随時,https://www.ur-net.go.jp/chintai/kanto/saitama/50_1800_room.html?JKSS=001200203,<li>東武東上線「若葉」駅バス7～8分 徒歩1～4分</li><li>東武東上線「川越」駅バス30～32分 徒歩1～4分</li><li>東武東上線「鶴ケ島」駅 徒歩34～46分</li>
saitama,wakaba,東坂戸,54800,,,,東武東上線「川越」駅,31.0,36.0,坂戸市東坂戸1ほか,1-20号棟,鉄骨鉄筋コンクリート造,2,N,203号室,2DK,50,8,48700,6100,2か月,"['近居割', '近居割WIDE']",随時,https://www.ur-net.go.jp/chintai/kanto/saitama/50_1800_room.html?JKSS=001200203,<li>東武東上線「若葉」駅バス7～8分 徒歩1～4分</li><li>東武東上線「川越」駅バス30～32分 徒歩1～4分</li><li>東武東上線「鶴ケ島」駅 徒歩34～46分</li>
saitama,wakaba,東坂戸,54800,東武東上線「鶴ケ島」駅,34.0,46.0,,,,坂戸市東坂戸1ほか,1-20号棟,鉄骨鉄筋コンクリート造,2,N,203号室,2DK,50,8,48700,6100,2か月,"['近居割', '近居割WIDE']",随時,https://www.ur-net.go.jp/chintai/kanto/saitama/50_1800_room.html?JKSS=001200203,<li>東武東上線「若葉」駅バス7～8分 徒歩1～4分</li><li>東武東上線「川越」駅バス30～32分 徒歩1～4分</li><li>東武東上線「鶴ケ島」駅 徒歩34～46分</li>
saitama,wakaba,東坂戸,54800,,,,,,,坂戸市東坂戸1ほか,1-20号棟,鉄骨鉄筋コンクリート造,2,N,203号室,2DK,50,8,48700,6100,2か月,"['近居割', '近居割WIDE']",随時,https://www.ur-net.go.jp/chintai/kanto/saitama/50_1800_room.html?JKSS=001200203,<li>東武東上線「若葉」駅バス7～8分 徒歩1～4分</li><li>東武東上線「川越」駅バス30～32分 徒歩1～4分</li><li>東武東上線「鶴ケ島」駅 徒歩34～46分</li>
saitama,wakaba,東坂戸,55000,,,,東武東上線「若葉」駅,8.0,12.0,坂戸市東坂戸1ほか,1-20号棟,鉄骨鉄筋コンクリート造,2,N,201号室,2DK,50,8,48900,6100,2か月,"['近居割', '近居割WIDE']",随時,https://www.ur-net.go.jp/chintai/kanto/saitama/50_1800_room.html?JKSS=001200201,<li>東武東上線「若葉」駅バス7～8分 徒歩1～4分</li><li>東武東上線「川越」駅バス30～32分 徒歩1～4分</li><li>東武東上線「鶴ケ島」駅 徒歩34～46分</li>
saitama,wakaba,東坂戸,55000,,,,東武東上線「川越」駅,31.0,36.0,坂戸市東坂戸1ほか,1-20号棟,鉄骨鉄筋コンクリート造,2,N,201号室,2DK,50,8,48900,6100,2か月,"['近居割', '近居割WIDE']",随時,https://www.ur-net.go.jp/chintai/kanto/saitama/50_1800_room.html?JKSS=001200201,<li>東武東上線「若葉」駅バス7～8分 徒歩1～4分</li><li>東武東上線「川越」駅バス30～32分 徒歩1～4分</li><li>東武東上線「鶴ケ島」駅 徒歩34～46分</li>
saitama,wakaba,東坂戸,55000,東武東上線「鶴ケ島」駅,34.0,46.0,,,,坂戸市東坂戸1ほか,1-20号棟,鉄骨鉄筋コンクリート造,2,N,201号室,2DK,50,8,48900,6100,2か月,"['近居割', '近居割WIDE']",随時,https://www.ur-net.go.jp/chintai/kanto/saitama/50_1800_room.html?JKSS=001200201,<li>東武東上線「若葉」駅バス7～8分 徒歩1～4分</li><li>東武東上線「川越」駅バス30～32分 徒歩1～4分</li><li>東武東上線「鶴ケ島」駅 徒歩34～46分</li>
saitama,wakaba,東坂戸,55000,,,,,,,坂戸市東坂戸1ほか,1-20号棟,鉄骨鉄筋コンクリート造,2,N,201号室,2DK,50,8,48900,6100,2か月,"['近居割', '近居割WIDE']",随時,https://www.ur-net.go.jp/chintai/kanto/saitama/50_1800_room.html?JKSS=001200201,<li>東武東上線「若葉」駅バス7～8分 徒歩1～4分</li><li>東武東上線「川越」駅バス30～32分 徒歩1～4分</li><li>東武東上線「鶴ケ島」駅 徒歩34～46分</li>
saitama,wakaba,東坂戸,64600,,,,東武東上線「若葉」駅,8.0,12.0,坂戸市東坂戸1ほか,2-13号棟,鉄骨鉄筋コンクリート造,3,N,302号室,3DK,64,11,58500,6100,2か月,"['近居割', '近居割WIDE']",随時,https://www.ur-net.go.jp/chintai/kanto/saitama/50_1800_room.html?JKSS=002130302,<li>東武東上線「若葉」駅バス7～8分 徒歩1～4分</li><li>東武東上線「川越」駅バス30～32分 徒歩1～4分</li><li>東武東上線「鶴ケ島」駅 徒歩34～46分</li>
saitama,wakaba,東坂戸,64600,,,,東武東上線「川越」駅,31.0,36.0,坂戸市東坂戸1ほか,2-13号棟,鉄骨鉄筋コンクリート造,3,N,302号室,3DK,64,11,58500,6100,2か月,"['近居割', '近居割WIDE']",随時,https://www.ur-net.go.jp/chintai/kanto/saitama/50_1800_room.html?JKSS=002130302,<li>東武東上線「若葉」駅バス7～8分 徒歩1～4分</li><li>東武東上線「川越」駅バス30～32分 徒歩1～4分</li><li>東武東上線「鶴ケ島」駅 徒歩34～46分</li>
saitama,wakaba,東坂戸,64600,東武東上線「鶴ケ島」駅,34.0,46.0,,,,坂戸市東坂戸1ほか,2-13号棟,鉄骨鉄筋コンクリート造,3,N,302号室,3DK,64,11,58500,6100,2か月,"['近居割', '近居割WIDE']",随時,https://www.ur-net.go.jp/chintai/kanto/saitama/50_1800_room.html?JKSS=002130302,<li>東武東上線「若葉」駅バス7～8分 徒歩1～4分</li><li>東武東上線「川越」駅バス30～32分 徒歩1～4分</li><li>東武東上線「鶴ケ島」駅 徒歩34～46分</li>
saitama,wakaba,東坂戸,64600,,,,,,,坂戸市東坂戸1ほか,2-13号棟,鉄骨鉄筋コンクリート造,3,N,302号室,3DK,64,11,58500,6100,2か月,"['近居割', '近居割WIDE']",随時,https://www.ur-net.go.jp/chintai/kanto/saitama/50_1800_room.html?JKSS=002130302,<li>東武東上線「若葉」駅バス7～8分 徒歩1～4分</li><li>東武東上線「川越」駅バス30～32分 徒歩1～4分</li><li>東武東上線「鶴ケ島」駅 徒歩34～46分</li>
saitama,wakaba,東坂戸,64600,,,,東武東上線「若葉」駅,8.0,12.0,坂戸市東坂戸1ほか,2-13号棟,鉄骨鉄筋コンクリート造,3,N,306号室,3DK,64,11,58500,6100,2か月,"['近居割', '近居割WIDE']",2026年10月3日以降,https://www.ur-net.go.jp/chintai/kanto/saitama/50_1800_room.html?JKSS=002130306,<li>東武東上線「若葉」駅バス7～8分 徒歩1～4分</li><li>東武東上線「川越」駅バス30～32分 徒歩1～4分</li><li>東武東上線「鶴ケ島」駅 徒歩34～46分</li>
saitama,wakaba,東坂戸,64600,,,,東武東上線「川越」駅,31.0,36.0,坂戸市東坂戸1ほか,2-13号棟,鉄骨鉄筋コンクリート造,3,N,306号室,3DK,64,11,58500,6100,2か月,"['近居割', '近居割WIDE']",2026年10月3日以降,https://www.ur-net.go.jp/chintai/kanto/saitama/50_1800_room.html?JKSS=002130306,<li>東武東上線「若葉」駅バス7～8分 徒歩1～4分</li><li>東武東上線「川越」駅バス30～32分 徒歩1～4分</li><li>東武東上線「鶴ケ島」駅 徒歩34～46分</li>
saitama,wakaba,東坂戸,64600,東武東上線「鶴ケ島」駅,34.0,46.0,,,,坂戸市東坂戸1ほか,2-13号棟,鉄骨鉄筋コンクリート造,3,N,306号室,3DK,64,11,58500,6100,2か月,"['近居割', '近居割WIDE']",2026年10月3日以降,https://www.ur-net.go.jp/chintai/kanto/saitama/50_1800_room.html?JKSS=002130306,<li>東武東上線「若葉」駅バス7～8分 徒歩1～4分</li><li>東武東上線「川越」駅バス30～32分 徒歩1～4分</li><li>東武東上線「鶴ケ島」駅 徒歩34～46分</li>
saitama,wakaba,東坂戸,64600,,,,,,,坂戸市東坂戸1ほか,2-13号棟,鉄骨鉄筋コンクリート造,3,N,306号室,3DK,64,11,58500,6100,2か月,"['近居割', '近居割WIDE']",2026年10月3日以降,https://www.ur-net.go.jp/chintai/kanto/saitama/50_1800_room.html?JKSS=002130306,<li>東武東上線「若葉」駅バス7～8分 徒歩1～4分</li><li>東武東上線「川越」駅バス30～32分 徒歩1～4分</li><li>東武東上線「鶴ケ島」駅 徒歩34～46分</li>
saitama,kawagoe,狭山台,53900,,,,西武新宿線「狭山市」駅,7.0,14.0,狭山市狭山台1-31ほか,1-13号棟,鉄筋コンクリート造、鉄骨鉄筋コンクリート造,4,N,402号室,3K,47,5,50400,3500,2か月,"['近居割', '近居割WIDE']",随時,https://www.ur-net.go.jp/chintai/kanto/saitama/50_1670_room.html?JKSS=001130402,<li>西武新宿線「狭山市」駅バス6～10分 徒歩1～4分</li><li>西武新宿線「新狭山」駅 徒歩22～33分</li><li>西武新宿線「入曽」駅 徒歩41～53分</li>
saitama,kawagoe,狭山台,53900,西武新宿線「新狭山」駅,22.0,33.0,,,,狭山市狭山台1-31ほか,1-13号棟,鉄筋コンクリート造、鉄骨鉄筋コンクリート造,4,N,402号室,3K,47,5,50400,3500,2か月,"['近居割', '近居割WIDE']",随時,https://www.ur-net.go.jp/chintai/kanto/saitama/50_1670_room.html?JKSS=001130402,<li>西武新宿線「狭山市」駅バス6～10分 徒歩1～4分</li><li>西武新宿線「新狭山」駅 徒歩22～33分</li><li>西武新宿線「入曽」駅 徒歩41～53分</li>
saitama,kawagoe,狭山台,53900,西武新宿線「入曽」駅,41.0,53.0,,,,狭山市狭山台1-31ほか,1-13号棟,鉄筋コンクリート造、鉄骨鉄筋コンクリート造,4,N,402号室,3K,47,5,50400,3500,2か月,"['近居割', '近居割WIDE']",随時,https://www.ur-net.go.jp/chintai/kanto/saitama/50_1670_room.html?JKSS=001130402,<li>西武新宿線「狭山市」駅バス6～10分 徒歩1～4分</li><li>西武新宿線「新狭山」駅 徒歩22～33分</li><li>西武新宿線「入曽」駅 徒歩41～53分</li>
saitama,kawagoe,狭山台,53900,,,,,,,狭山市狭山台1-31ほか,1-13号棟,鉄筋コンクリート造、鉄骨鉄筋コンクリート造,4,N,402号室,3K,47,5,50400,3500,2か月,"['近居割', '近居割WIDE']",随時,https://www.ur-net.go.jp/chintai/kanto/saitama/50_1670_room.html?JKSS=001130402,<li>西武新宿線「狭山市」駅バス6～10分 徒歩1～4分</li><li>西武新宿線「新狭山」駅 徒歩22～33分</li><li>西武新宿線「入曽」駅 徒歩41～53分</li>
saitama,kawagoe,狭山台,54700,,,,西武新宿線「狭山市」駅,7.0,14.0,狭山市狭山台1-31ほか,1-7号棟,鉄筋コンクリート造、鉄骨鉄筋コンクリート造,1,N,105号室,2DK,41,5,51200,3500,2か月,['健康寿命サポート'],随時,https://www.ur-net.go.jp/chintai/kanto/saitama/50_1670_room.html?JKSS=001070105,<li>西武新宿線「狭山市」駅バス6～10分 徒歩1～4分</li><li>西武新宿線「新狭山」駅 徒歩22～33分</li><li>西武新宿線「入曽」駅 徒歩41～53分</li>
saitama,kawagoe,狭山台,54700,西武新宿線「新狭山」駅,22.0,33.0,,,,狭山市狭山台1-31ほか,1-7号棟,鉄筋コンクリート造、鉄骨鉄筋コンクリート造,1,N,105号室,2DK,41,5,51200,3500,2か月,['健康寿命サポート'],随時,https://www.ur-net.go.jp/chintai/kanto/saitama/50_1670_room.html?JKSS=001070105,<li>西武新宿線「狭山市」駅バス6～10分 徒歩1～4分</li><li>西武新宿線「新狭山」駅 徒歩22～33分</li><li>西武新宿線「入曽」駅 徒歩41～53分</li>
saitama,kawagoe,狭山台,54700,西武新宿線「入曽」駅,41.0,53.0,,,,狭山市狭山台1-31ほか,1-7号棟,鉄筋コンクリート造、鉄骨鉄筋コンクリート造,1,N,105号室,2DK,41,5,51200,3500,2か月,['健康寿命サポート'],随時,https://www.ur-net.go.jp/chintai/kanto/saitama/50_1670_room.html?JKSS=001070105,<li>西武新宿線「狭山市」駅バス6～10分 徒歩1～4分</li><li>西武新宿線「新狭山」駅 徒歩22～33分</li><li>西武新宿線「入曽」駅 徒歩41～53分</li>
saitama,kawagoe,狭山台,54700,,,,,,,狭山市狭山台1-31ほか,1-7号棟,鉄筋コンクリート造、鉄骨鉄筋コンクリート造,1,N,105号室,2DK,41,5,51200,3500,2か月,['健康寿命サポート'],随時,https://www.ur-net.go.jp/chintai/kanto/saitama/50_1670_room.html?JKSS=001070105,<li>西武新宿線「狭山市」駅バス6～10分 徒歩1～4分</li><li>西武新宿線「新狭山」駅 徒歩22～33分</li><li>西武新宿線「入曽」駅 徒歩41～53分</li>
saitama,kawagoe,狭山台,55900,,,,西武新宿線「狭山市」駅,7.0,14.0,狭山市狭山台1-31ほか,3-18号棟,鉄筋コンクリート造、鉄骨鉄筋コンクリート造,7,N,706号室,2DK,43,8,52400,3500,2か月,"['近居割', '近居割WIDE']",随時,https://www.ur-net.go.jp/chintai/kanto/saitama/50_1670_room.html?JKSS=003180706,<li>西武新宿線「狭山市」駅バス6～10分 徒歩1～4分</li><li>西武新宿線「新狭山」駅 徒歩22～33分</li><li>西武新宿線「入曽」駅 徒歩41～53分</li>
saitama,kawagoe,狭山台,55900,西武新宿線「新狭山」駅,22.0,33.0,,,,狭山市狭山台1-31ほか,3-18号棟,鉄筋コンクリート造、鉄骨鉄筋コンクリート造,7,N,706号室,2DK,43,8,52400,3500,2か月,"['近居割', '近居割WIDE']",随時,https://www.ur-net.go.jp/chintai/kanto/saitama/50_1670_room.html?JKSS=003180706,<li>西武新宿線「狭山市」駅バス6～10分 徒歩1～4分</li><li>西武新宿線「新狭山」駅 徒歩22～33分</li><li>西武新宿線「入曽」駅 徒歩41～53分</li>
saitama,kawagoe,狭山台,55900,西武新宿線「入曽」駅,41.0,53.0,,,,狭山市狭山台1-31ほか,3-18号棟,鉄筋コンクリート造、鉄骨鉄筋コンクリート造,7,N,706号室,2DK,43,8,52400,3500,2か月,"['近居割', '近居割WIDE']",随時,https://www.ur-net.go.jp/chintai/kanto/saitama/50_1670_room.html?JKSS=003180706,<li>西武新宿線「狭山市」駅バス6～10分 徒歩1～4分</li><li>西武新宿線「新狭山」駅 徒歩22～33分</li><li>西武新宿線「入曽」駅 徒歩41～53分</li>
saitama,kawagoe,狭山台,55900,,,,,,,狭山市狭山台1-31ほか,3-18号棟,鉄筋コンクリート造、鉄骨鉄筋コンクリート造,7,N,706号室,2DK,43,8,52400,3500,2か月,"['近居割', '近居割WIDE']",随時,https://www.ur-net.go.jp/chintai/kanto/saitama/50_1670_room.html?JKSS=003180706,<li>西武新宿線「狭山市」駅バス6～10分 徒歩1～4分</li><li>西武新宿線「新狭山」駅 徒歩22～33分</li><li>西武新宿線「入曽」駅 徒歩41～53分</li>
saitama,kawagoe,狭山台,57000,,,,西武新宿線「狭山市」駅,7.0,14.0,狭山市狭山台1-31ほか,3-1号棟,鉄筋コンクリート造、鉄骨鉄筋コンクリート造,2,N,202号室,2DK,43,8,53500,3500,2か月,['健康寿命サポート'],随時,https://www.ur-net.go.jp/chintai/kanto/saitama/50_1670_room.html?JKSS=003010202,<li>西武新宿線「狭山市」駅バス6～10分 徒歩1～4分</li><li>西武新宿線「新狭山」駅 徒歩22～33分</li><li>西武新宿線「入曽」駅 徒歩41～53分</li>
saitama,kawagoe,狭山台,57000,西武新宿線「新狭山」駅,22.0,33.0,,,,狭山市狭山台1-31ほか,3-1号棟,鉄筋コンクリート造、鉄骨鉄筋コンクリート造,2,N,202号室,2DK,43,8,53500,3500,2か月,['健康寿命サポート'],随時,https://www.ur-net.go.jp/chintai/kanto/saitama/50_1670_room.html?JKSS=003010202,<li>西武新宿線「狭山市」駅バス6～10分 徒歩1～4分</li><li>西武新宿線「新狭山」駅 徒歩22～33分</li><li>西武新宿線「入曽」駅 徒歩41～53分</li>
saitama,kawagoe,狭山台,57000,西武新宿線「入曽」駅,41.0,53.0,,,,狭山市狭山台1-31ほか,3-1号棟,鉄筋コンクリート造、鉄骨鉄筋コンクリート造,2,N,202号室,2DK,43,8,53500,3500,2か月,['健康寿命サポート'],随時,https://www.ur-net.go.jp/chintai/kanto/saitama/50_1670_room.html?JKSS=003010202,<li>西武新宿線「狭山市」駅バス6～10分 徒歩1～4分</li><li>西武新宿線「新狭山」駅 徒歩22～33分</li><li>西武新宿線「入曽」駅 徒歩41～53分</li>
saitama,kawagoe,狭山台,57000,,,,,,,狭山市狭山台1-31ほか,3-1号棟,鉄筋コンクリート造、鉄骨鉄筋コンクリート造,2,N,202号室,2DK,43,8,53500,3500,2か月,['健康寿命サポート'],随時,https://www.ur-net.go.jp/chintai/kanto/saitama/50_1670_room.html?JKSS=003010202,<li>西武新宿線「狭山市」駅バス6～10分 徒歩1～4分</li><li>西武新宿線「新狭山」駅 徒歩22～33分</li><li>西武新宿線「入曽」駅 徒歩41～53分</li>
saitama,kawagoe,狭山台,62500,,,,西武新宿線「狭山市」駅,7.0,14.0,狭山市狭山台1-31ほか,1-14号棟,鉄筋コンクリート造、鉄骨鉄筋コンクリート造,1,N,107号室,2DK,47,5,59000,3500,2か月,"['近居割', '近居割WIDE']",随時,https://www.ur-net.go.jp/chintai/kanto/saitama/50_1670_room.html?JKSS=001140107,<li>西武新宿線「狭山市」駅バス6～10分 徒歩1～4分</li><li>西武新宿線「新狭山」駅 徒歩22～33分</li><li>西武新宿線「入曽」駅 徒歩41～53分</li>
saitama,kawagoe,狭山台,62500,西武新宿線「新狭山」駅,22.0,33.0,,,,狭山市狭山台1-31ほか,1-14号棟,鉄筋コンクリート造、鉄骨鉄筋コンクリート造,1,N,107号室,2DK,47,5,59000,3500,2か月,"['近居割', '近居割WIDE']",随時,https://www.ur-net.go.jp/chintai/kanto/saitama/50_1670_room.html?JKSS=001140107,<li>西武新宿線「狭山市」駅バス6～10分 徒歩1～4分</li><li>西武新宿線「新狭山」駅 徒歩22～33分</li><li>西武新宿線「入曽」駅 徒歩41～53分</li>
saitama,kawagoe,狭山台,62500,西武新宿線「入曽」駅,41.0,53.0,,,,狭山市狭山台1-31ほか,1-14号棟,鉄筋コンクリート造、鉄骨鉄筋コンクリート造,1,N,107号室,2DK,47,5,59000,3500,2か月,"['近居割', '近居割WIDE']",随時,https://www.ur-net.go.jp/chintai/kanto/saitama/50_1670_room.html?JKSS=001140107,<li>西武新宿線「狭山市」駅バス6～10分 徒歩1～4分</li><li>西武新宿線「新狭山」駅 徒歩22～33分</li><li>西武新宿線「入曽」駅 徒歩41～53分</li>
saitama,kawagoe,狭山台,62500,,,,,,,狭山市狭山台1-31ほか,1-14号棟,鉄筋コンクリート造、鉄骨鉄筋コンクリート造,1,N,107号室,2DK,47,5,59000,3500,2か月,"['近居割', '近居割WIDE']",随時,https://www.ur-net.go.jp/chintai/kanto/saitama/50_1670_room.html?JKSS=001140107,<li>西武新宿線「狭山市」駅バス6～10分 徒歩1～4分</li><li>西武新宿線「新狭山」駅 徒歩22～33分</li><li>西武新宿線「入曽」駅 徒歩41～53分</li>
