Todofuken,Area,Dan Chi Name,Total Fee,Nearest station by Walk,Best case by Walk (minute),Worst case by Walk (minute),Nearest station by Bus,Best case by Bus (minute),Worst case by Bus (minute),Address,Building Name,Building Structure,Floor,Elevator,Room Num,Room Type,Floor Space,Max Floor,Rent,Common Fee,Shikikin,Systems,availableDate,Room Link,Traffic
tokyo,nishiojima,北砂五丁目,108200,都営新宿線「大島」駅,10.0,17.0,,,,江東区北砂5-20,10号棟,鉄筋コンクリート造,3,N,323号室,2DK,46,9,104000,4200,2か月,['健康寿命サポート'],随時,https://www.ur-net.go.jp/chintai/kanto/tokyo/20_2820_room.html?JKSS=000100323,<li>都営新宿線「大島」駅 徒歩10～17分</li><li>JR総武線・東武亀戸線「亀戸」駅バス7～11分 徒歩1～7分</li><li>東京メトロ東西線「東陽町」駅バス9～11分 徒歩6～12分</li>
tokyo,nishiojima,北砂五丁目,108200,,,,JR総武線・東武亀戸線「亀戸」駅,8.0,18.0,江東区北砂5-20,10号棟,鉄筋コンクリート造,3,N,323号室,2DK,46,9,104000,4200,2か月,['健康寿命サポート'],随時,https://www.ur-net.go.jp/chintai/kanto/tokyo/20_2820_room.html?JKSS=000100323,<li>都営新宿線「大島」駅 徒歩10～17分</li><li>JR総武線・東武亀戸線「亀戸」駅バス7～11分 徒歩1～7分</li><li>東京メトロ東西線「東陽町」駅バス9～11分 徒歩6～12分</li>
tokyo,nishiojima,北砂五丁目,108200,,,,東京メトロ東西線「東陽町」駅,15.0,23.0,江東区北砂5-20,10号棟,鉄筋コンクリート造,3,N,323号室,2DK,46,9,104000,4200,2か月,['健康寿命サポート'],随時,https://www.ur-net.go.jp/chintai/kanto/tokyo/20_2820_room.html?JKSS=000100323,<li>都営新宿線「大島」駅 徒歩10～17分</li><li>JR総武線・東武亀戸線「亀戸」駅バス7～11分 徒歩1～7分</li><li>東京メトロ東西線「東陽町」駅バス9～11分 徒歩6～12分</li>
tokyo,nishiojima,北砂五丁目,108200,,,,,,,江東区北砂5-20,10号棟,鉄筋コンクリート造,3,N,323号室,2DK,46,9,104000,4200,2か月,['健康寿命サポート'],随時,https://www.ur-net.go.jp/chintai/kanto/tokyo/20_2820_room.html?JKSS=000100323,<li>都営新宿線「大島」駅 徒歩10～17分</li><li>JR総武線・東武亀戸線「亀戸」駅バス7～11分 徒歩1～7分</li><li>東京メトロ東西線「東陽町」駅バス9～11分 徒歩6～12分</li>
tokyo,nishiojima,シティコート大島,249700,都営新宿線「大島」駅,3.0,7.0,,,,江東区大島6-14,2号棟,鉄筋コンクリート造,10,N,1001号室,2LDK,83,10,244200,5500,2か月,['近居割'],随時,https://www.ur-net.go.jp/chintai/kanto/tokyo/20_5900_room.html?JKSS=000021001,<li>都営新宿線「大島」駅 徒歩3～7分</li><li>JR総武線・東武亀戸線「亀戸」駅 徒歩15～18分</li><li>JR総武線・東武亀戸線「亀戸」駅バス4～6分 徒歩1～5分</li>
tokyo,nishiojima,シティコート大島,249700,JR総武線・東武亀戸線「亀戸」駅,15.0,18.0,JR総武線・東武亀戸線「亀戸」駅,5.0,11.0,江東区大島6-14,2号棟,鉄筋コンクリート造,10,N,1001号室,2LDK,83,10,244200,5500,2か月,['近居割'],随時,https://www.ur-net.go.jp/chintai/kanto/tokyo/20_5900_room.html?JKSS=000021001,<li>都営新宿線「大島」駅 徒歩3～7分</li><li>JR総武線・東武亀戸線「亀戸」駅 徒歩15～18分</li><li>JR総武線・東武亀戸線「亀戸」駅バス4～6分 徒歩1～5分</li>
tokyo,nishiojima,シティコート大島,249700,,,,,,,江東区大島6-14,2号棟,鉄筋コンクリート造,10,N,1001号室,2LDK,83,10,244200,5500,2か月,['近居割'],随時,https://www.ur-net.go.jp/chintai/kanto/tokyo/20_5900_room.html?JKSS=000021001,<li>都営新宿線「大島」駅 徒歩3～7分</li><li>JR総武線・東武亀戸線「亀戸」駅 徒歩15～18分</li><li>JR総武線・東武亀戸線「亀戸」駅バス4～6分 徒歩1～5分</li>
tokyo,aoto,すまいる亀有,93700,JR常磐線「亀有」駅,13.0,17.0,JR常磐線「亀有」駅,7.0,9.0,葛飾区亀有1-10,14号棟,鉄筋コンクリート造,6,N,602号室,1DK,35,6,87100,6600,2か月,"['近居割', '近居割WIDE', 'シルバーピア']",随時,https://www.ur-net.go.jp/chintai/kanto/tokyo/20_4481_room.html?JKSS=000140602,<li>JR常磐線「亀有」駅 徒歩13～17分</li><li>JR常磐線「亀有」駅バス5分 徒歩2～4分</li><li>京成本線「青砥」駅 徒歩20～22分</li>
tokyo,aoto,すまいる亀有,93700,京成本線「青砥」駅,20.0,22.0,,,,葛飾区亀有1-10,14号棟,鉄筋コンクリート造,6,N,602号室,1DK,35,6,87100,6600,2か月,"['近居割', '近居割WIDE', 'シルバーピア']",随時,https://www.ur-net.go.jp/chintai/kanto/tokyo/20_4481_room.html?JKSS=000140602,<li>JR常磐線「亀有」駅 徒歩13～17分</li><li>JR常磐線「亀有」駅バス5分 徒歩2～4分</li><li>京成本線「青砥」駅 徒歩20～22分</li>
tokyo,aoto,すまいる亀有,93700,,,,,,,葛飾区亀有1-10,14号棟,鉄筋コンクリート造,6,N,602号室,1DK,35,6,87100,6600,2か月,"['近居割', '近居割WIDE', 'シルバーピア']",随時,https://www.ur-net.go.jp/chintai/kanto/tokyo/20_4481_room.html?JKSS=000140602,<li>JR常磐線「亀有」駅 徒歩13～17分</li><li>JR常磐線「亀有」駅バス5分 徒歩2～4分</li><li>京成本線「青砥」駅 徒歩20～22分</li>
tokyo,aoto,すまいる亀有,124500,JR常磐線「亀有」駅,13.0,17.0,JR常磐線「亀有」駅,7.0,9.0,葛飾区亀有1-10,14号棟,鉄筋コンクリート造,4,N,405号室,2DK,52,6,117900,6600,2か月,"['近居割', '近居割WIDE', 'シルバーピア']",随時,https://www.ur-net.go.jp/chintai/kanto/tokyo/20_4481_room.html?JKSS=000140405,<li>JR常磐線「亀有」駅 徒歩13～17分</li><li>JR常磐線「亀有」駅バス5分 徒歩2～4分</li><li>京成本線「青砥」駅 徒歩20～22分</li>
tokyo,aoto,すまいる亀有,124500,京成本線「青砥」駅,20.0,22.0,,,,葛飾区亀有1-10,14号棟,鉄筋コンクリート造,4,N,405号室,2DK,52,6,117900,6600,2か月,"['近居割', '近居割WIDE', 'シルバーピア']",随時,https://www.ur-net.go.jp/chintai/kanto/tokyo/20_4481_room.html?JKSS=000140405,<li>JR常磐線「亀有」駅 徒歩13～17分</li><li>JR常磐線「亀有」駅バス5分 徒歩2～4分</li><li>京成本線「青砥」駅 徒歩20～22分</li>
tokyo,aoto,すまいる亀有,124500,,,,,,,葛飾区亀有1-10,14号棟,鉄筋コンクリート造,4,N,405号室,2DK,52,6,117900,6600,2か月,"['近居割', '近居割WIDE', 'シルバーピア']",随時,https://www.ur-net.go.jp/chintai/kanto/tokyo/20_4481_room.html?JKSS=000140405,<li>JR常磐線「亀有」駅 徒歩13～17分</li><li>JR常磐線「亀有」駅バス5分 徒歩2～4分</li><li>京成本線「青砥」駅 徒歩20～22分</li>
tokyo,aoto,すまいる亀有,124500,JR常磐線「亀有」駅,13.0,17.0,JR常磐線「亀有」駅,7.0,9.0,葛飾区亀有1-10,14号棟,鉄筋コンクリート造,5,N,505号室,2DK,52,6,117900,6600,2か月,"['近居割', '近居割WIDE', 'シルバーピア']",随時,https://www.ur-net.go.jp/chintai/kanto/tokyo/20_4481_room.html?JKSS=000140505,<li>JR常磐線「亀有」駅 徒歩13～17分</li><li>JR常磐線「亀有」駅バス5分 徒歩2～4分</li><li>京成本線「青砥」駅 徒歩20～22分</li>
tokyo,aoto,すまいる亀有,124500,京成本線「青砥」駅,20.0,22.0,,,,葛飾区亀有1-10,14号棟,鉄筋コンクリート造,5,N,505号室,2DK,52,6,117900,6600,2か月,"['近居割', '近居割WIDE', 'シルバーピア']",随時,https://www.ur-net.go.jp/chintai/kanto/tokyo/20_4481_room.html?JKSS=000140505,<li>JR常磐線「亀有」駅 徒歩13～17分</li><li>JR常磐線「亀有」駅バス5分 徒歩2～4分</li><li>京成本線「青砥」駅 徒歩20～22分</li>
tokyo,aoto,すまいる亀有,124500,,,,,,,葛飾区亀有1-10,14号棟,鉄筋コンクリート造,5,N,505号室,2DK,52,6,117900,6600,2か月,"['近居割', '近居割WIDE', 'シルバーピア']",随時,https://www.ur-net.go.jp/chintai/kanto/tokyo/20_4481_room.html?JKSS=000140505,<li>JR常磐線「亀有」駅 徒歩13～17分</li><li>JR常磐線「亀有」駅バス5分 徒歩2～4分</li><li>京成本線「青砥」駅 徒歩20～22分</li>
tokyo,kamata,大森南二丁目ハイツ,147600,,,,京急本線「平和島」駅,8.0,8.0,大田区大森南2-1,1-5号棟,鉄筋コンクリート造,7,N,709号室,3DK,65,8,143600,4000,2か月,['近居割'],随時,https://www.ur-net.go.jp/chintai/kanto/tokyo/20_3890_room.html?JKSS=010050709,<li>京急本線「平和島」駅バス5分 徒歩3分</li><li>JR京浜東北・根岸線「大森」駅バス15分 徒歩3分</li><li>京急空港線「大鳥居」駅 徒歩17～19分</li>
tokyo,kamata,大森南二丁目ハイツ,147600,,,,JR京浜東北・根岸線「大森」駅,18.0,18.0,大田区大森南2-1,1-5号棟,鉄筋コンクリート造,7,N,709号室,3DK,65,8,143600,4000,2か月,['近居割'],随時,https://www.ur-net.go.jp/chintai/kanto/tokyo/20_3890_room.html?JKSS=010050709,<li>京急本線「平和島」駅バス5分 徒歩3分</li><li>JR京浜東北・根岸線「大森」駅バス15分 徒歩3分</li><li>京急空港線「大鳥居」駅 徒歩17～19分</li>
tokyo,kamata,大森南二丁目ハイツ,147600,京急空港線「大鳥居」駅,17.0,19.0,,,,大田区大森南2-1,1-5号棟,鉄筋コンクリート造,7,N,709号室,3DK,65,8,143600,4000,2か月,['近居割'],随時,https://www.ur-net.go.jp/chintai/kanto/tokyo/20_3890_room.html?JKSS=010050709,<li>京急本線「平和島」駅バス5分 徒歩3分</li><li>JR京浜東北・根岸線「大森」駅バス15分 徒歩3分</li><li>京急空港線「大鳥居」駅 徒歩17～19分</li>
tokyo,kamata,大森南二丁目ハイツ,147600,,,,,,,大田区大森南2-1,1-5号棟,鉄筋コンクリート造,7,N,709号室,3DK,65,8,143600,4000,2か月,['近居割'],随時,https://www.ur-net.go.jp/chintai/kanto/tokyo/20_3890_room.html?JKSS=010050709,<li>京急本線「平和島」駅バス5分 徒歩3分</li><li>JR京浜東北・根岸線「大森」駅バス15分 徒歩3分</li><li>京急空港線「大鳥居」駅 徒歩17～19分</li>
tokyo,chitosekarasuyama,芦花公園,164500,京王線「芦花公園」駅,5.0,8.0,,,,世田谷区南烏山2-30,13号棟,鉄筋コンクリート造,3,N,312号室,1K,50,8,158200,6300,2か月,['近居割'],随時,https://www.ur-net.go.jp/chintai/kanto/tokyo/20_6710_room.html?JKSS=000130312,<li>京王線「芦花公園」駅 徒歩5～8分</li><li>京王線「千歳烏山」駅 徒歩6～9分</li>
tokyo,chitosekarasuyama,芦花公園,164500,京王線「千歳烏山」駅,6.0,9.0,,,,世田谷区南烏山2-30,13号棟,鉄筋コンクリート造,3,N,312号室,1K,50,8,158200,6300,2か月,['近居割'],随時,https://www.ur-net.go.jp/chintai/kanto/tokyo/20_6710_room.html?JKSS=000130312,<li>京王線「芦花公園」駅 徒歩5～8分</li><li>京王線「千歳烏山」駅 徒歩6～9分</li>
tokyo,chitosekarasuyama,芦花公園,164500,,,,,,,世田谷区南烏山2-30,13号棟,鉄筋コンクリート造,3,N,312号室,1K,50,8,158200,6300,2か月,['近居割'],随時,https://www.ur-net.go.jp/chintai/kanto/tokyo/20_6710_room.html?JKSS=000130312,<li>京王線「芦花公園」駅 徒歩5～8分</li><li>京王線「千歳烏山」駅 徒歩6～9分</li>
tokyo,chitosekarasuyama,芦花公園,166200,京王線「芦花公園」駅,5.0,8.0,,,,世田谷区南烏山2-30,13号棟,鉄筋コンクリート造,5,N,512号室,1K,50,8,159900,6300,2か月,['近居割'],随時,https://www.ur-net.go.jp/chintai/kanto/tokyo/20_6710_room.html?JKSS=000130512,<li>京王線「芦花公園」駅 徒歩5～8分</li><li>京王線「千歳烏山」駅 徒歩6～9分</li>
tokyo,chitosekarasuyama,芦花公園,166200,京王線「千歳烏山」駅,6.0,9.0,,,,世田谷区南烏山2-30,13号棟,鉄筋コンクリート造,5,N,512号室,1K,50,8,159900,6300,2か月,['近居割'],随時,https://www.ur-net.go.jp/chintai/kanto/tokyo/20_6710_room.html?JKSS=000130512,<li>京王線「芦花公園」駅 徒歩5～8分</li><li>京王線「千歳烏山」駅 徒歩6～9分</li>
tokyo,chitosekarasuyama,芦花公園,166200,,,,,,,世田谷区南烏山2-30,13号棟,鉄筋コンクリート造,5,N,512号室,1K,50,8,159900,6300,2か月,['近居割'],随時,https://www.ur-net.go.jp/chintai/kanto/tokyo/20_6710_room.html?JKSS=000130512,<li>京王線「芦花公園」駅 徒歩5～8分</li><li>京王線「千歳烏山」駅 徒歩6～9分</li>
tokyo,kyodo,成城通りパークウエスト,228300,「成城学園前」駅,21.0,21.0,小田急小田原線「成城学園前」駅,9.0,10.0,世田谷区上祖師谷4-2,1号棟,鉄筋コンクリート造,1,N,118号室,2LDK,86,5,224500,3800,2か月,['近居割'],随時,https://www.ur-net.go.jp/chintai/kanto/tokyo/20_4600_room.html?JKSS=000010118,<li>小田急小田原線「成城学園前」駅バス7分 徒歩2～3分 または「成城学園前」駅 徒歩21分</li><li>京王線「千歳烏山」駅バス12分 徒歩2～3分</li>
tokyo,kyodo,成城通りパークウエスト,228300,,,,京王線「千歳烏山」駅,14.0,15.0,世田谷区上祖師谷4-2,1号棟,鉄筋コンクリート造,1,N,118号室,2LDK,86,5,224500,3800,2か月,['近居割'],随時,https://www.ur-net.go.jp/chintai/kanto/tokyo/20_4600_room.html?JKSS=000010118,<li>小田急小田原線「成城学園前」駅バス7分 徒歩2～3分 または「成城学園前」駅 徒歩21分</li><li>京王線「千歳烏山」駅バス12分 徒歩2～3分</li>
tokyo,kyodo,成城通りパークウエスト,228300,,,,,,,世田谷区上祖師谷4-2,1号棟,鉄筋コンクリート造,1,N,118号室,2LDK,86,5,224500,3800,2か月,['近居割'],随時,https://www.ur-net.go.jp/chintai/kanto/tokyo/20_4600_room.html?JKSS=000010118,<li>小田急小田原線「成城学園前」駅バス7分 徒歩2～3分 または「成城学園前」駅 徒歩21分</li><li>京王線「千歳烏山」駅バス12分 徒歩2～3分</li>
tokyo,oji,王子五丁目,123300,東京メトロ南北線「王子神谷」駅,2.0,5.0,,,,北区王子5-2,5号棟,鉄筋コンクリート造,4,N,402号室,1LDK,48,11,119100,4200,2か月,"['近居割', '近居割WIDE']",随時,https://www.ur-net.go.jp/chintai/kanto/tokyo/20_2670_room.html?JKSS=000050402,<li>東京メトロ南北線「王子神谷」駅 徒歩2～5分</li><li>JR京浜東北・根岸線「東十条」駅 徒歩10～15分</li>
tokyo,oji,王子五丁目,123300,JR京浜東北・根岸線「東十条」駅,10.0,15.0,,,,北区王子5-2,5号棟,鉄筋コンクリート造,4,N,402号室,1LDK,48,11,119100,4200,2か月,"['近居割', '近居割WIDE']",随時,https://www.ur-net.go.jp/chintai/kanto/tokyo/20_2670_room.html?JKSS=000050402,<li>東京メトロ南北線「王子神谷」駅 徒歩2～5分</li><li>JR京浜東北・根岸線「東十条」駅 徒歩10～15分</li>
tokyo,oji,王子五丁目,123300,,,,,,,北区王子5-2,5号棟,鉄筋コンクリート造,4,N,402号室,1LDK,48,11,119100,4200,2か月,"['近居割', '近居割WIDE']",随時,https://www.ur-net.go.jp/chintai/kanto/tokyo/20_2670_room.html?JKSS=000050402,<li>東京メトロ南北線「王子神谷」駅 徒歩2～5分</li><li>JR京浜東北・根岸線「東十条」駅 徒歩10～15分</li>
tokyo,oji,赤羽北二丁目,124900,JR埼京線「北赤羽」駅,6.0,7.0,,,,北区赤羽北2-15,1号棟,鉄骨鉄筋コンクリート造,2,N,228号室,1LDK,50,14,120900,4000,2か月,['近居割'],随時,https://www.ur-net.go.jp/chintai/kanto/tokyo/20_2800_room.html?JKSS=000010228,<li>JR埼京線「北赤羽」駅 徒歩6～7分</li>
tokyo,oji,赤羽北二丁目,124900,,,,,,,北区赤羽北2-15,1号棟,鉄骨鉄筋コンクリート造,2,N,228号室,1LDK,50,14,120900,4000,2か月,['近居割'],随時,https://www.ur-net.go.jp/chintai/kanto/tokyo/20_2800_room.html?JKSS=000010228,<li>JR埼京線「北赤羽」駅 徒歩6～7分</li>
tokyo,takashimadaira,高島平,95100,都営三田線「高島平」駅,2.0,11.0,,,,板橋区高島平2ほか,2-26-7号棟,鉄筋コンクリート造,3,N,318号室,2DK,46,11,90900,4200,2か月,"['近居割', '近居割WIDE']",随時,https://www.ur-net.go.jp/chintai/kanto/tokyo/20_2250_room.html?JKSS=226070318,<li>都営三田線「高島平」駅 徒歩2～11分</li><li>都営三田線「新高島平」駅 徒歩4～22分</li>
tokyo,takashimadaira,高島平,95100,都営三田線「新高島平」駅,4.0,22.0,,,,板橋区高島平2ほか,2-26-7号棟,鉄筋コンクリート造,3,N,318号室,2DK,46,11,90900,4200,2か月,"['近居割', '近居割WIDE']",随時,https://www.ur-net.go.jp/chintai/kanto/tokyo/20_2250_room.html?JKSS=226070318,<li>都営三田線「高島平」駅 徒歩2～11分</li><li>都営三田線「新高島平」駅 徒歩4～22分</li>
tokyo,takashimadaira,高島平,95100,,,,,,,板橋区高島平2ほか,2-26-7号棟,鉄筋コンクリート造,3,N,318号室,2DK,46,11,90900,4200,2か月,"['近居割', '近居割WIDE']",随時,https://www.ur-net.go.jp/chintai/kanto/tokyo/20_2250_room.html?JKSS=226070318,<li>都営三田線「高島平」駅 徒歩2～11分</li><li>都営三田線「新高島平」駅 徒歩4～22分</li>
tokyo,hachioji,館ヶ丘,51700,,,,JR中央線「高尾」駅,8.0,18.0,八王子市館町1097,1-12号棟,鉄筋コンクリート造,5,N,513号室,2DK,42,5,47200,4500,2か月,"['近居割', '近居割WIDE']",随時,https://www.ur-net.go.jp/chintai/kanto/tokyo/20_2600_room.html?JKSS=001120513,<li>JR中央線「高尾」駅バス7分 徒歩1～11分</li><li>京王高尾線「高尾」駅バス7分 徒歩1～11分</li><li>JR中央本線「高尾」駅 徒歩29～38分</li>
tokyo,hachioji,館ヶ丘,51700,,,,京王高尾線「高尾」駅,8.0,18.0,八王子市館町1097,1-12号棟,鉄筋コンクリート造,5,N,513号室,2DK,42,5,47200,4500,2か月,"['近居割', '近居割WIDE']",随時,https://www.ur-net.go.jp/chintai/kanto/tokyo/20_2600_room.html?JKSS=001120513,<li>JR中央線「高尾」駅バス7分 徒歩1～11分</li><li>京王高尾線「高尾」駅バス7分 徒歩1～11分</li><li>JR中央本線「高尾」駅 徒歩29～38分</li>
tokyo,hachioji,館ヶ丘,51700,JR中央本線「高尾」駅,29.0,38.0,,,,八王子市館町1097,1-12号棟,鉄筋コンクリート造,5,N,513号室,2DK,42,5,47200,4500,2か月,"['近居割', '近居割WIDE']",随時,https://www.ur-net.go.jp/chintai/kanto/tokyo/20_2600_room.html?JKSS=001120513,<li>JR中央線「高尾」駅バス7分 徒歩1～11分</li><li>京王高尾線「高尾」駅バス7分 徒歩1～11分</li><li>JR中央本線「高尾」駅 徒歩29～38分</li>
tokyo,hachioji,館ヶ丘,51700,,,,,,,八王子市館町1097,1-12号棟,鉄筋コンクリート造,5,N,513号室,2DK,42,5,47200,4500,2か月,"['近居割', '近居割WIDE']",随時,https://www.ur-net.go.jp/chintai/kanto/tokyo/20_2600_room.html?JKSS=001120513,<li>JR中央線「高尾」駅バス7分 徒歩1～11分</li><li>京王高尾線「高尾」駅バス7分 徒歩1～11分</li><li>JR中央本線「高尾」駅 徒歩29～38分</li>
tokyo,hachioji,館ヶ丘,51700,,,,JR中央線「高尾」駅,8.0,18.0,八王子市館町1097,1-14号棟,鉄筋コンクリート造,5,N,504号室,2DK,42,5,47200,4500,2か月,"['近居割', '近居割WIDE']",随時,https://www.ur-net.go.jp/chintai/kanto/tokyo/20_2600_room.html?JKSS=001140504,<li>JR中央線「高尾」駅バス7分 徒歩1～11分</li><li>京王高尾線「高尾」駅バス7分 徒歩1～11分</li><li>JR中央本線「高尾」駅 徒歩29～38分</li>
tokyo,hachioji,館ヶ丘,51700,,,,京王高尾線「高尾」駅,8.0,18.0,八王子市館町1097,1-14号棟,鉄筋コンクリート造,5,N,504号室,2DK,42,5,47200,4500,2か月,"['近居割', '近居割WIDE']",随時,https://www.ur-net.go.jp/chintai/kanto/tokyo/20_2600_room.html?JKSS=001140504,<li>JR中央線「高尾」駅バス7分 徒歩1～11分</li><li>京王高尾線「高尾」駅バス7分 徒歩1～11分</li><li>JR中央本線「高尾」駅 徒歩29～38分</li>
tokyo,hachioji,館ヶ丘,51700,JR中央本線「高尾」駅,29.0,38.0,,,,八王子市館町1097,1-14号棟,鉄筋コンクリート造,5,N,504号室,2DK,42,5,47200,4500,2か月,"['近居割', '近居割WIDE']",随時,https://www.ur-net.go.jp/chintai/kanto/tokyo/20_2600_room.html?JKSS=001140504,<li>JR中央線「高尾」駅バス7分 徒歩1～11分</li><li>京王高尾線「高尾」駅バス7分 徒歩1～11分</li><li>JR中央本線「高尾」駅 徒歩29～38分</li>
tokyo,hachioji,館ヶ丘,51700,,,,,,,八王子市館町1097,1-14号棟,鉄筋コンクリート造,5,N,504号室,2DK,42,5,47200,4500,2か月,"['近居割', '近居割WIDE']",随時,https://www.ur-net.go.jp/chintai/kanto/tokyo/20_2600_room.html?JKSS=001140504,<li>JR中央線「高尾」駅バス7分 徒歩1～11分</li><li>京王高尾線「高尾」駅バス7分 徒歩1～11分</li><li>JR中央本線「高尾」駅 徒歩29～38分</li>
tokyo,hachioji,館ヶ丘,55100,,,,JR中央線「高尾」駅,8.0,18.0,八王子市館町1097,1-15号棟,鉄筋コンクリート造,4,N,407号室,2DK,42,5,50600,4500,2か月,"['近居割', '近居割WIDE']",随時,https://www.ur-net.go.jp/chintai/kanto/tokyo/20_2600_room.html?JKSS=001150407,<li>JR中央線「高尾」駅バス7分 徒歩1～11分</li><li>京王高尾線「高尾」駅バス7分 徒歩1～11分</li><li>JR中央本線「高尾」駅 徒歩29～38分</li>
tokyo,hachioji,館ヶ丘,55100,,,,京王高尾線「高尾」駅,8.0,18.0,八王子市館町1097,1-15号棟,鉄筋コンクリート造,4,N,407号室,2DK,42,5,50600,4500,2か月,"['近居割', '近居割WIDE']",随時,https://www.ur-net.go.jp/chintai/kanto/tokyo/20_2600_room.html?JKSS=001150407,<li>JR中央線「高尾」駅バス7分 徒歩1～11分</li><li>京王高尾線「高尾」駅バス7分 徒歩1～11分</li><li>JR中央本線「高尾」駅 徒歩29～38分</li>
tokyo,hachioji,館ヶ丘,55100,JR中央本線「高尾」駅,29.0,38.0,,,,八王子市館町1097,1-15号棟,鉄筋コンクリート造,4,N,407号室,2DK,42,5,50600,4500,2か月,"['近居割', '近居割WIDE']",随時,https://www.ur-net.go.jp/chintai/kanto/tokyo/20_2600_room.html?JKSS=001150407,<li>JR中央線「高尾」駅バス7分 徒歩1～11分</li><li>京王高尾線「高尾」駅バス7分 徒歩1～11分</li><li>JR中央本線「高尾」駅 徒歩29～38分</li>
tokyo,hachioji,館ヶ丘,55100,,,,,,,八王子市館町1097,1-15号棟,鉄筋コンクリート造,4,N,407号室,2DK,42,5,50600,4500,2か月,"['近居割', '近居割WIDE']",随時,https://www.ur-net.go.jp/chintai/kanto/tokyo/20_2600_room.html?JKSS=001150407,<li>JR中央線「高尾」駅バス7分 徒歩1～11分</li><li>京王高尾線「高尾」駅バス7分 徒歩1～11分</li><li>JR中央本線「高尾」駅 徒歩29～38分</li>
tokyo,hachioji,館ヶ丘,55200,,,,JR中央線「高尾」駅,8.0,18.0,八王子市館町1097,1-14号棟,鉄筋コンクリート造,4,N,411号室,2DK,42,5,50700,4500,2か月,"['近居割', '近居割WIDE']",随時,https://www.ur-net.go.jp/chintai/kanto/tokyo/20_2600_room.html?JKSS=001140411,<li>JR中央線「高尾」駅バス7分 徒歩1～11分</li><li>京王高尾線「高尾」駅バス7分 徒歩1～11分</li><li>JR中央本線「高尾」駅 徒歩29～38分</li>
tokyo,hachioji,館ヶ丘,55200,,,,京王高尾線「高尾」駅,8.0,18.0,八王子市館町1097,1-14号棟,鉄筋コンクリート造,4,N,411号室,2DK,42,5,50700,4500,2か月,"['近居割', '近居割WIDE']",随時,https://www.ur-net.go.jp/chintai/kanto/tokyo/20_2600_room.html?JKSS=001140411,<li>JR中央線「高尾」駅バス7分 徒歩1～11分</li><li>京王高尾線「高尾」駅バス7分 徒歩1～11分</li><li>JR中央本線「高尾」駅 徒歩29～38分</li>
tokyo,hachioji,館ヶ丘,55200,JR中央本線「高尾」駅,29.0,38.0,,,,八王子市館町1097,1-14号棟,鉄筋コンクリート造,4,N,411号室,2DK,42,5,50700,4500,2か月,"['近居割', '近居割WIDE']",随時,https://www.ur-net.go.jp/chintai/kanto/tokyo/20_2600_room.html?JKSS=001140411,<li>JR中央線「高尾」駅バス7分 徒歩1～11分</li><li>京王高尾線「高尾」駅バス7分 徒歩1～11分</li><li>JR中央本線「高尾」駅 徒歩29～38分</li>
tokyo,hachioji,館ヶ丘,55200,,,,,,,八王子市館町1097,1-14号棟,鉄筋コンクリート造,4,N,411号室,2DK,42,5,50700,4500,2か月,"['近居割', '近居割WIDE']",随時,https://www.ur-net.go.jp/chintai/kanto/tokyo/20_2600_room.html?JKSS=001140411,<li>JR中央線「高尾」駅バス7分 徒歩1～11分</li><li>京王高尾線「高尾」駅バス7分 徒歩1～11分</li><li>JR中央本線「高尾」駅 徒歩29～38分</li>
tokyo,hachioji,館ヶ丘,60700,,,,JR中央線「高尾」駅,8.0,18.0,八王子市館町1097,3-3号棟,鉄筋コンクリート造,4,N,407号室,3K,48,5,56200,4500,2か月,"['近居割', '近居割WIDE']",随時,https://www.ur-net.go.jp/chintai/kanto/tokyo/20_2600_room.html?JKSS=003030407,<li>JR中央線「高尾」駅バス7分 徒歩1～11分</li><li>京王高尾線「高尾」駅バス7分 徒歩1～11分</li><li>JR中央本線「高尾」駅 徒歩29～38分</li>
tokyo,hachioji,館ヶ丘,60700,,,,京王高尾線「高尾」駅,8.0,18.0,八王子市館町1097,3-3号棟,鉄筋コンクリート造,4,N,407号室,3K,48,5,56200,4500,2か月,"['近居割', '近居割WIDE']",随時,https://www.ur-net.go.jp/chintai/kanto/tokyo/20_2600_room.html?JKSS=003030407,<li>JR中央線「高尾」駅バス7分 徒歩1～11分</li><li>京王高尾線「高尾」駅バス7分 徒歩1～11分</li><li>JR中央本線「高尾」駅 徒歩29～38分</li>
tokyo,hachioji,館ヶ丘,60700,JR中央本線「高尾」駅,29.0,38.0,,,,八王子市館町1097,3-3号棟,鉄筋コンクリート造,4,N,407号室,3K,48,5,56200,4500,2か月,"['近居割', '近居割WIDE']",随時,https://www.ur-net.go.jp/chintai/kanto/tokyo/20_2600_room.html?JKSS=003030407,<li>JR中央線「高尾」駅バス7分 徒歩1～11分</li><li>京王高尾線「高尾」駅バス7分 徒歩1～11分</li><li>JR中央本線「高尾」駅 徒歩29～38分</li>
tokyo,hachioji,館ヶ丘,60700,,,,,,,八王子市館町1097,3-3号棟,鉄筋コンクリート造,4,N,407号室,3K,48,5,56200,4500,2か月,"['近居割', '近居割WIDE']",随時,https://www.ur-net.go.jp/chintai/kanto/tokyo/20_2600_room.html?JKSS=003030407,<li>JR中央線「高尾」駅バス7分 徒歩1～11分</li><li>京王高尾線「高尾」駅バス7分 徒歩1～11分</li><li>JR中央本線「高尾」駅 徒歩29～38分</li>
tokyo,hachioji,グリーンヒル寺田,79100,,,,京王高尾線「めじろ台」駅,7.0,13.0,八王子市寺田町432,98号棟,鉄筋コンクリート造、鉄骨鉄筋コンクリート造,3,N,308号室,3DK,68,8,74200,4900,2か月,"['近居割', '近居割WIDE']",随時,https://www.ur-net.go.jp/chintai/kanto/tokyo/20_3370_room.html?JKSS=000980308,<li>京王高尾線「めじろ台」駅バス6分 徒歩1～7分</li><li>JR中央線「西八王子」駅バス17分 徒歩1～7分</li><li>JR横浜線「八王子みなみ野」駅バス12分 徒歩1～7分</li>
tokyo,hachioji,グリーンヒル寺田,79100,,,,JR中央線「西八王子」駅,18.0,24.0,八王子市寺田町432,98号棟,鉄筋コンクリート造、鉄骨鉄筋コンクリート造,3,N,308号室,3DK,68,8,74200,4900,2か月,"['近居割', '近居割WIDE']",随時,https://www.ur-net.go.jp/chintai/kanto/tokyo/20_3370_room.html?JKSS=000980308,<li>京王高尾線「めじろ台」駅バス6分 徒歩1～7分</li><li>JR中央線「西八王子」駅バス17分 徒歩1～7分</li><li>JR横浜線「八王子みなみ野」駅バス12分 徒歩1～7分</li>
tokyo,hachioji,グリーンヒル寺田,79100,,,,JR横浜線「八王子みなみ野」駅,13.0,19.0,八王子市寺田町432,98号棟,鉄筋コンクリート造、鉄骨鉄筋コンクリート造,3,N,308号室,3DK,68,8,74200,4900,2か月,"['近居割', '近居割WIDE']",随時,https://www.ur-net.go.jp/chintai/kanto/tokyo/20_3370_room.html?JKSS=000980308,<li>京王高尾線「めじろ台」駅バス6分 徒歩1～7分</li><li>JR中央線「西八王子」駅バス17分 徒歩1～7分</li><li>JR横浜線「八王子みなみ野」駅バス12分 徒歩1～7分</li>
tokyo,hachioji,グリーンヒル寺田,79100,,,,,,,八王子市寺田町432,98号棟,鉄筋コンクリート造、鉄骨鉄筋コンクリート造,3,N,308号室,3DK,68,8,74200,4900,2か月,"['近居割', '近居割WIDE']",随時,https://www.ur-net.go.jp/chintai/kanto/tokyo/20_3370_room.html?JKSS=000980308,<li>京王高尾線「めじろ台」駅バス6分 徒歩1～7分</li><li>JR中央線「西八王子」駅バス17分 徒歩1～7分</li><li>JR横浜線「八王子みなみ野」駅バス12分 徒歩1～7分</li>
tokyo,hachioji,グリーンヒル寺田,81900,,,,京王高尾線「めじろ台」駅,7.0,13.0,八王子市寺田町432,103号棟,鉄筋コンクリート造、鉄骨鉄筋コンクリート造,4,N,409号室,2LDK,67,8,77000,4900,2か月,"['近居割', '近居割WIDE']",随時,https://www.ur-net.go.jp/chintai/kanto/tokyo/20_3370_room.html?JKSS=001030409,<li>京王高尾線「めじろ台」駅バス6分 徒歩1～7分</li><li>JR中央線「西八王子」駅バス17分 徒歩1～7分</li><li>JR横浜線「八王子みなみ野」駅バス12分 徒歩1～7分</li>
tokyo,hachioji,グリーンヒル寺田,81900,,,,JR中央線「西八王子」駅,18.0,24.0,八王子市寺田町432,103号棟,鉄筋コンクリート造、鉄骨鉄筋コンクリート造,4,N,409号室,2LDK,67,8,77000,4900,2か月,"['近居割', '近居割WIDE']",随時,https://www.ur-net.go.jp/chintai/kanto/tokyo/20_3370_room.html?JKSS=001030409,<li>京王高尾線「めじろ台」駅バス6分 徒歩1～7分</li><li>JR中央線「西八王子」駅バス17分 徒歩1～7分</li><li>JR横浜線「八王子みなみ野」駅バス12分 徒歩1～7分</li>
tokyo,hachioji,グリーンヒル寺田,81900,,,,JR横浜線「八王子みなみ野」駅,13.0,19.0,八王子市寺田町432,103号棟,鉄筋コンクリート造、鉄骨鉄筋コンクリート造,4,N,409号室,2LDK,67,8,77000,4900,2か月,"['近居割', '近居割WIDE']",随時,https://www.ur-net.go.jp/chintai/kanto/tokyo/20_3370_room.html?JKSS=001030409,<li>京王高尾線「めじろ台」駅バス6分 徒歩1～7分</li><li>JR中央線「西八王子」駅バス17分 徒歩1～7分</li><li>JR横浜線「八王子みなみ野」駅バス12分 徒歩1～7分</li>
tokyo,hachioji,グリーンヒル寺田,81900,,,,,,,八王子市寺田町432,103号棟,鉄筋コンクリート造、鉄骨鉄筋コンクリート造,4,N,409号室,2LDK,67,8,77000,4900,2か月,"['近居割', '近居割WIDE']",随時,https://www.ur-net.go.jp/chintai/kanto/tokyo/20_3370_room.html?JKSS=001030409,<li>京王高尾線「めじろ台」駅バス6分 徒歩1～7分</li><li>JR中央線「西八王子」駅バス17分 徒歩1～7分</li><li>JR横浜線「八王子みなみ野」駅バス12分 徒歩1～7分</li>
tokyo,hachioji,八王子パークヒル 宇津木台,91800,JR八高線「小宮」駅,11.0,16.0,,,,八王子市久保山町2ほか,,鉄筋コンクリート造,5,N,511号室,1LDK,51,9,87600,4200,2か月,['近居割'],随時,https://www.ur-net.go.jp/chintai/kanto/tokyo/20_4080_room.html?JKSS=109010511,<li>JR八高線「小宮」駅 徒歩11～16分</li><li>JR中央線「日野」駅バス13分 徒歩3～5分</li><li>JR中央線「八王子」・京王線「京王八王子」駅バス22～24分 徒歩3～5分</li>
tokyo,hachioji,八王子パークヒル 宇津木台,91800,,,,JR中央線「日野」駅,16.0,18.0,八王子市久保山町2ほか,,鉄筋コンクリート造,5,N,511号室,1LDK,51,9,87600,4200,2か月,['近居割'],随時,https://www.ur-net.go.jp/chintai/kanto/tokyo/20_4080_room.html?JKSS=109010511,<li>JR八高線「小宮」駅 徒歩11～16分</li><li>JR中央線「日野」駅バス13分 徒歩3～5分</li><li>JR中央線「八王子」・京王線「京王八王子」駅バス22～24分 徒歩3～5分</li>
tokyo,hachioji,八王子パークヒル 宇津木台,91800,,,,JR中央線「八王子」・京王線「京王八王子」駅,25.0,29.0,八王子市久保山町2ほか,,鉄筋コンクリート造,5,N,511号室,1LDK,51,9,87600,4200,2か月,['近居割'],随時,https://www.ur-net.go.jp/chintai/kanto/tokyo/20_4080_room.html?JKSS=109010511,<li>JR八高線「小宮」駅 徒歩11～16分</li><li>JR中央線「日野」駅バス13分 徒歩3～5分</li><li>JR中央線「八王子」・京王線「京王八王子」駅バス22～24分 徒歩3～5分</li>
tokyo,hachioji,八王子パークヒル 宇津木台,91800,,,,,,,八王子市久保山町2ほか,,鉄筋コンクリート造,5,N,511号室,1LDK,51,9,87600,4200,2か月,['近居割'],随時,https://www.ur-net.go.jp/chintai/kanto/tokyo/20_4080_room.html?JKSS=109010511,<li>JR八高線「小宮」駅 徒歩11～16分</li><li>JR中央線「日野」駅バス13分 徒歩3～5分</li><li>JR中央線「八王子」・京王線「京王八王子」駅バス22～24分 徒歩3～5分</li>
tokyo,hachioji,八王子パークヒル 宇津木台,93300,JR八高線「小宮」駅,11.0,16.0,,,,八王子市久保山町2ほか,3号棟,鉄筋コンクリート造,5,N,506号室,3LDK,75,5,89600,3700,2か月,['近居割'],随時,https://www.ur-net.go.jp/chintai/kanto/tokyo/20_4080_room.html?JKSS=002030506,<li>JR八高線「小宮」駅 徒歩11～16分</li><li>JR中央線「日野」駅バス13分 徒歩3～5分</li><li>JR中央線「八王子」・京王線「京王八王子」駅バス22～24分 徒歩3～5分</li>
tokyo,hachioji,八王子パークヒル 宇津木台,93300,,,,JR中央線「日野」駅,16.0,18.0,八王子市久保山町2ほか,3号棟,鉄筋コンクリート造,5,N,506号室,3LDK,75,5,89600,3700,2か月,['近居割'],随時,https://www.ur-net.go.jp/chintai/kanto/tokyo/20_4080_room.html?JKSS=002030506,<li>JR八高線「小宮」駅 徒歩11～16分</li><li>JR中央線「日野」駅バス13分 徒歩3～5分</li><li>JR中央線「八王子」・京王線「京王八王子」駅バス22～24分 徒歩3～5分</li>
tokyo,hachioji,八王子パークヒル 宇津木台,93300,,,,JR中央線「八王子」・京王線「京王八王子」駅,25.0,29.0,八王子市久保山町2ほか,3号棟,鉄筋コンクリート造,5,N,506号室,3LDK,75,5,89600,3700,2か月,['近居割'],随時,https://www.ur-net.go.jp/chintai/kanto/tokyo/20_4080_room.html?JKSS=002030506,<li>JR八高線「小宮」駅 徒歩11～16分</li><li>JR中央線「日野」駅バス13分 徒歩3～5分</li><li>JR中央線「八王子」・京王線「京王八王子」駅バス22～24分 徒歩3～5分</li>
tokyo,hachioji,八王子パークヒル 宇津木台,93300,,,,,,,八王子市久保山町2ほか,3号棟,鉄筋コンクリート造,5,N,506号室,3LDK,75,5,89600,3700,2か月,['近居割'],随時,https://www.ur-net.go.jp/chintai/kanto/tokyo/20_4080_room.html?JKSS=002030506,<li>JR八高線「小宮」駅 徒歩11～16分</li><li>JR中央線「日野」駅バス13分 徒歩3～5分</li><li>JR中央線「八王子」・京王線「京王八王子」駅バス22～24分 徒歩3～5分</li>
tokyo,hachioji,八王子パークヒル 宇津木台,102500,JR八高線「小宮」駅,11.0,16.0,,,,八王子市久保山町2ほか,154号棟,鉄筋コンクリート造,7,N,711号室,2LDK,69,7,98300,4200,2か月,['近居割'],随時,https://www.ur-net.go.jp/chintai/kanto/tokyo/20_4080_room.html?JKSS=191540711,<li>JR八高線「小宮」駅 徒歩11～16分</li><li>JR中央線「日野」駅バス13分 徒歩3～5分</li><li>JR中央線「八王子」・京王線「京王八王子」駅バス22～24分 徒歩3～5分</li>
tokyo,hachioji,八王子パークヒル 宇津木台,102500,,,,JR中央線「日野」駅,16.0,18.0,八王子市久保山町2ほか,154号棟,鉄筋コンクリート造,7,N,711号室,2LDK,69,7,98300,4200,2か月,['近居割'],随時,https://www.ur-net.go.jp/chintai/kanto/tokyo/20_4080_room.html?JKSS=191540711,<li>JR八高線「小宮」駅 徒歩11～16分</li><li>JR中央線「日野」駅バス13分 徒歩3～5分</li><li>JR中央線「八王子」・京王線「京王八王子」駅バス22～24分 徒歩3～5分</li>
tokyo,hachioji,八王子パークヒル 宇津木台,102500,,,,JR中央線「八王子」・京王線「京王八王子」駅,25.0,29.0,八王子市久保山町2ほか,154号棟,鉄筋コンクリート造,7,N,711号室,2LDK,69,7,98300,4200,2か月,['近居割'],随時,https://www.ur-net.go.jp/chintai/kanto/tokyo/20_4080_room.html?JKSS=191540711,<li>JR八高線「小宮」駅 徒歩11～16分</li><li>JR中央線「日野」駅バス13分 徒歩3～5分</li><li>JR中央線「八王子」・京王線「京王八王子」駅バス22～24分 徒歩3～5分</li>
tokyo,hachioji,八王子パークヒル 宇津木台,102500,,,,,,,八王子市久保山町2ほか,154号棟,鉄筋コンクリート造,7,N,711号室,2LDK,69,7,98300,4200,2か月,['近居割'],随時,https://www.ur-net.go.jp/chintai/kanto/tokyo/20_4080_room.html?JKSS=191540711,<li>JR八高線「小宮」駅 徒歩11～16分</li><li>JR中央線「日野」駅バス13分 徒歩3～5分</li><li>JR中央線「八王子」・京王線「京王八王子」駅バス22～24分 徒歩3～5分</li>
tokyo,minamiosawa,多摩ニュータウン 南大沢学園二番街,104690,京王相模原線「南大沢」駅,11.0,14.0,,,,八王子市上柚木3-5,4号棟,鉄筋コンクリート造,5,N,509号室,1LDK,54,10,100200,4490,2か月,"['近居割', '近居割WIDE']",随時,https://www.ur-net.go.jp/chintai/kanto/tokyo/20_5070_room.html?JKSS=000040509,<li>京王相模原線「南大沢」駅 徒歩11～14分</li><li>京王線「聖蹟桜ヶ丘」駅バス28分 徒歩5～7分</li><li>京王相模原線「多摩境」駅 徒歩27～30分</li>
tokyo,minamiosawa,多摩ニュータウン 南大沢学園二番街,104690,,,,京王線「聖蹟桜ヶ丘」駅,33.0,35.0,八王子市上柚木3-5,4号棟,鉄筋コンクリート造,5,N,509号室,1LDK,54,10,100200,4490,2か月,"['近居割', '近居割WIDE']",随時,https://www.ur-net.go.jp/chintai/kanto/tokyo/20_5070_room.html?JKSS=000040509,<li>京王相模原線「南大沢」駅 徒歩11～14分</li><li>京王線「聖蹟桜ヶ丘」駅バス28分 徒歩5～7分</li><li>京王相模原線「多摩境」駅 徒歩27～30分</li>
tokyo,minamiosawa,多摩ニュータウン 南大沢学園二番街,104690,京王相模原線「多摩境」駅,27.0,30.0,,,,八王子市上柚木3-5,4号棟,鉄筋コンクリート造,5,N,509号室,1LDK,54,10,100200,4490,2か月,"['近居割', '近居割WIDE']",随時,https://www.ur-net.go.jp/chintai/kanto/tokyo/20_5070_room.html?JKSS=000040509,<li>京王相模原線「南大沢」駅 徒歩11～14分</li><li>京王線「聖蹟桜ヶ丘」駅バス28分 徒歩5～7分</li><li>京王相模原線「多摩境」駅 徒歩27～30分</li>
tokyo,minamiosawa,多摩ニュータウン 南大沢学園二番街,104690,,,,,,,八王子市上柚木3-5,4号棟,鉄筋コンクリート造,5,N,509号室,1LDK,54,10,100200,4490,2か月,"['近居割', '近居割WIDE']",随時,https://www.ur-net.go.jp/chintai/kanto/tokyo/20_5070_room.html?JKSS=000040509,<li>京王相模原線「南大沢」駅 徒歩11～14分</li><li>京王線「聖蹟桜ヶ丘」駅バス28分 徒歩5～7分</li><li>京王相模原線「多摩境」駅 徒歩27～30分</li>
tokyo,minamiosawa,多摩ニュータウン 南大沢学園二番街,117300,京王相模原線「南大沢」駅,11.0,14.0,,,,八王子市上柚木3-5,6号棟,鉄筋コンクリート造,3,N,303号室,2LDK,75,4,112900,4400,2か月,"['近居割', '近居割WIDE']",随時,https://www.ur-net.go.jp/chintai/kanto/tokyo/20_5070_room.html?JKSS=000060303,<li>京王相模原線「南大沢」駅 徒歩11～14分</li><li>京王線「聖蹟桜ヶ丘」駅バス28分 徒歩5～7分</li><li>京王相模原線「多摩境」駅 徒歩27～30分</li>
tokyo,minamiosawa,多摩ニュータウン 南大沢学園二番街,117300,,,,京王線「聖蹟桜ヶ丘」駅,33.0,35.0,八王子市上柚木3-5,6号棟,鉄筋コンクリート造,3,N,303号室,2LDK,75,4,112900,4400,2か月,"['近居割', '近居割WIDE']",随時,https://www.ur-net.go.jp/chintai/kanto/tokyo/20_5070_room.html?JKSS=000060303,<li>京王相模原線「南大沢」駅 徒歩11～14分</li><li>京王線「聖蹟桜ヶ丘」駅バス28分 徒歩5～7分</li><li>京王相模原線「多摩境」駅 徒歩27～30分</li>
tokyo,minamiosawa,多摩ニュータウン 南大沢学園二番街,117300,京王相模原線「多摩境」駅,27.0,30.0,,,,八王子市上柚木3-5,6号棟,鉄筋コンクリート造,3,N,303号室,2LDK,75,4,112900,4400,2か月,"['近居割', '近居割WIDE']",随時,https://www.ur-net.go.jp/chintai/kanto/tokyo/20_5070_room.html?JKSS=000060303,<li>京王相模原線「南大沢」駅 徒歩11～14分</li><li>京王線「聖蹟桜ヶ丘」駅バス28分 徒歩5～7分</li><li>京王相模原線「多摩境」駅 徒歩27～30分</li>
tokyo,minamiosawa,多摩ニュータウン 南大沢学園二番街,117300,,,,,,,八王子市上柚木3-5,6号棟,鉄筋コンクリート造,3,N,303号室,2LDK,75,4,112900,4400,2か月,"['近居割', '近居割WIDE']",随時,https://www.ur-net.go.jp/chintai/kanto/tokyo/20_5070_room.html?JKSS=000060303,<li>京王相模原線「南大沢」駅 徒歩11～14分</li><li>京王線「聖蹟桜ヶ丘」駅バス28分 徒歩5～7分</li><li>京王相模原線「多摩境」駅 徒歩27～30分</li>
tokyo,minamiosawa,多摩ニュータウン 南大沢絹の道一番街,113400,京王相模原線「南大沢」駅,21.0,26.0,京王相模原線「南大沢」駅,11.0,16.0,八王子市鑓水2-81,3号棟,鉄筋コンクリート造,7,N,702号室,2LDK,67,11,106400,7000,2か月,"['近居割', '近居割WIDE']",随時,https://www.ur-net.go.jp/chintai/kanto/tokyo/20_5800_room.html?JKSS=000030702,<li>京王相模原線「南大沢」駅 徒歩21～26分 またはバス8分 徒歩3～8分</li><li>京王相模原線「多摩境」駅 徒歩25～29分</li>
tokyo,minamiosawa,多摩ニュータウン 南大沢絹の道一番街,113400,京王相模原線「多摩境」駅,25.0,29.0,,,,八王子市鑓水2-81,3号棟,鉄筋コンクリート造,7,N,702号室,2LDK,67,11,106400,7000,2か月,"['近居割', '近居割WIDE']",随時,https://www.ur-net.go.jp/chintai/kanto/tokyo/20_5800_room.html?JKSS=000030702,<li>京王相模原線「南大沢」駅 徒歩21～26分 またはバス8分 徒歩3～8分</li><li>京王相模原線「多摩境」駅 徒歩25～29分</li>
tokyo,minamiosawa,多摩ニュータウン 南大沢絹の道一番街,113400,,,,,,,八王子市鑓水2-81,3号棟,鉄筋コンクリート造,7,N,702号室,2LDK,67,11,106400,7000,2か月,"['近居割', '近居割WIDE']",随時,https://www.ur-net.go.jp/chintai/kanto/tokyo/20_5800_room.html?JKSS=000030702,<li>京王相模原線「南大沢」駅 徒歩21～26分 またはバス8分 徒歩3～8分</li><li>京王相模原線「多摩境」駅 徒歩25～29分</li>
tokyo,minamiosawa,多摩ニュータウン 南大沢絹の道一番街,113800,京王相模原線「南大沢」駅,21.0,26.0,京王相模原線「南大沢」駅,11.0,16.0,八王子市鑓水2-81,3号棟,鉄筋コンクリート造,9,N,902号室,2LDK,67,11,106800,7000,2か月,"['近居割', '近居割WIDE']",随時,https://www.ur-net.go.jp/chintai/kanto/tokyo/20_5800_room.html?JKSS=000030902,<li>京王相模原線「南大沢」駅 徒歩21～26分 またはバス8分 徒歩3～8分</li><li>京王相模原線「多摩境」駅 徒歩25～29分</li>
tokyo,minamiosawa,多摩ニュータウン 南大沢絹の道一番街,113800,京王相模原線「多摩境」駅,25.0,29.0,,,,八王子市鑓水2-81,3号棟,鉄筋コンクリート造,9,N,902号室,2LDK,67,11,106800,7000,2か月,"['近居割', '近居割WIDE']",随時,https://www.ur-net.go.jp/chintai/kanto/tokyo/20_5800_room.html?JKSS=000030902,<li>京王相模原線「南大沢」駅 徒歩21～26分 またはバス8分 徒歩3～8分</li><li>京王相模原線「多摩境」駅 徒歩25～29分</li>
tokyo,minamiosawa,多摩ニュータウン 南大沢絹の道一番街,113800,,,,,,,八王子市鑓水2-81,3号棟,鉄筋コンクリート造,9,N,902号室,2LDK,67,11,106800,7000,2か月,"['近居割', '近居割WIDE']",随時,https://www.ur-net.go.jp/chintai/kanto/tokyo/20_5800_room.html?JKSS=000030902,<li>京王相模原線「南大沢」駅 徒歩21～26分 またはバス8分 徒歩3～8分</li><li>京王相模原線「多摩境」駅 徒歩25～29分</li>
tokyo,minamiosawa,多摩ニュータウン 南大沢絹の道一番街,114300,京王相模原線「南大沢」駅,21.0,26.0,京王相模原線「南大沢」駅,11.0,16.0,八王子市鑓水2-81,4号棟,鉄筋コンクリート造,6,N,602号室,2LDK,67,11,107300,7000,2か月,"['近居割', '近居割WIDE']",随時,https://www.ur-net.go.jp/chintai/kanto/tokyo/20_5800_room.html?JKSS=000040602,<li>京王相模原線「南大沢」駅 徒歩21～26分 またはバス8分 徒歩3～8分</li><li>京王相模原線「多摩境」駅 徒歩25～29分</li>
tokyo,minamiosawa,多摩ニュータウン 南大沢絹の道一番街,114300,京王相模原線「多摩境」駅,25.0,29.0,,,,八王子市鑓水2-81,4号棟,鉄筋コンクリート造,6,N,602号室,2LDK,67,11,107300,7000,2か月,"['近居割', '近居割WIDE']",随時,https://www.ur-net.go.jp/chintai/kanto/tokyo/20_5800_room.html?JKSS=000040602,<li>京王相模原線「南大沢」駅 徒歩21～26分 またはバス8分 徒歩3～8分</li><li>京王相模原線「多摩境」駅 徒歩25～29分</li>
tokyo,minamiosawa,多摩ニュータウン 南大沢絹の道一番街,114300,,,,,,,八王子市鑓水2-81,4号棟,鉄筋コンクリート造,6,N,602号室,2LDK,67,11,107300,7000,2か月,"['近居割', '近居割WIDE']",随時,https://www.ur-net.go.jp/chintai/kanto/tokyo/20_5800_room.html?JKSS=000040602,<li>京王相模原線「南大沢」駅 徒歩21～26分 またはバス8分 徒歩3～8分</li><li>京王相模原線「多摩境」駅 徒歩25～29分</li>
tokyo,minamiosawa,多摩ニュータウン 南大沢絹の道一番街,158900,京王相模原線「南大沢」駅,21.0,26.0,京王相模原線「南大沢」駅,11.0,16.0,八王子市鑓水2-81,5号棟,鉄筋コンクリート造,2,N,202号室,3LDK,91,2,151900,7000,2か月,"['近居割', '近居割WIDE']",随時,https://www.ur-net.go.jp/chintai/kanto/tokyo/20_5800_room.html?JKSS=000050202,<li>京王相模原線「南大沢」駅 徒歩21～26分 またはバス8分 徒歩3～8分</li><li>京王相模原線「多摩境」駅 徒歩25～29分</li>
tokyo,minamiosawa,多摩ニュータウン 南大沢絹の道一番街,158900,京王相模原線「多摩境」駅,25.0,29.0,,,,八王子市鑓水2-81,5号棟,鉄筋コンクリート造,2,N,202号室,3LDK,91,2,151900,7000,2か月,"['近居割', '近居割WIDE']",随時,https://www.ur-net.go.jp/chintai/kanto/tokyo/20_5800_room.html?JKSS=000050202,<li>京王相模原線「南大沢」駅 徒歩21～26分 またはバス8分 徒歩3～8分</li><li>京王相模原線「多摩境」駅 徒歩25～29分</li>
tokyo,minamiosawa,多摩ニュータウン 南大沢絹の道一番街,158900,,,,,,,八王子市鑓水2-81,5号棟,鉄筋コンクリート造,2,N,202号室,3LDK,91,2,151900,7000,2か月,"['近居割', '近居割WIDE']",随時,https://www.ur-net.go.jp/chintai/kanto/tokyo/20_5800_room.html?JKSS=000050202,<li>京王相模原線「南大沢」駅 徒歩21～26分 またはバス8分 徒歩3～8分</li><li>京王相模原線「多摩境」駅 徒歩25～29分</li>
tokyo,hachioji,八王子みなみ野シティ ヴェルディールみなみ野西,112800,JR横浜線「八王子みなみ野」駅,10.0,10.0,,,,八王子市みなみ野1-11,4号棟,鉄筋コンクリート造,4,N,409号室,3DK,62,5,109600,3200,2か月,['近居割'],随時,https://www.ur-net.go.jp/chintai/kanto/tokyo/20_5640_room.html?JKSS=000040409,<li>JR横浜線「八王子みなみ野」駅 徒歩10分</li>
tokyo,hachioji,八王子みなみ野シティ ヴェルディールみなみ野西,112800,,,,,,,八王子市みなみ野1-11,4号棟,鉄筋コンクリート造,4,N,409号室,3DK,62,5,109600,3200,2か月,['近居割'],随時,https://www.ur-net.go.jp/chintai/kanto/tokyo/20_5640_room.html?JKSS=000040409,<li>JR横浜線「八王子みなみ野」駅 徒歩10分</li>
tokyo,minamiosawa,多摩ニュータウン グランピア南大沢,117900,京王相模原線「南大沢」駅,18.0,23.0,京王相模原線「南大沢」駅,10.0,14.0,八王子市上柚木2-63,6号棟,鉄筋コンクリート造,3,N,315号室,3LDK,82,11,113300,4600,2か月,"['近居割', '近居割WIDE']",随時,https://www.ur-net.go.jp/chintai/kanto/tokyo/20_6250_room.html?JKSS=000060315,<li>京王相模原線「南大沢」駅 徒歩18～23分</li><li>京王相模原線「南大沢」駅バス8分 徒歩2～6分</li><li>京王線「北野」駅バス23分 徒歩4～8分</li>
tokyo,minamiosawa,多摩ニュータウン グランピア南大沢,117900,,,,京王線「北野」駅,27.0,31.0,八王子市上柚木2-63,6号棟,鉄筋コンクリート造,3,N,315号室,3LDK,82,11,113300,4600,2か月,"['近居割', '近居割WIDE']",随時,https://www.ur-net.go.jp/chintai/kanto/tokyo/20_6250_room.html?JKSS=000060315,<li>京王相模原線「南大沢」駅 徒歩18～23分</li><li>京王相模原線「南大沢」駅バス8分 徒歩2～6分</li><li>京王線「北野」駅バス23分 徒歩4～8分</li>
tokyo,minamiosawa,多摩ニュータウン グランピア南大沢,117900,,,,,,,八王子市上柚木2-63,6号棟,鉄筋コンクリート造,3,N,315号室,3LDK,82,11,113300,4600,2か月,"['近居割', '近居割WIDE']",随時,https://www.ur-net.go.jp/chintai/kanto/tokyo/20_6250_room.html?JKSS=000060315,<li>京王相模原線「南大沢」駅 徒歩18～23分</li><li>京王相模原線「南大沢」駅バス8分 徒歩2～6分</li><li>京王線「北野」駅バス23分 徒歩4～8分</li>
tokyo,minamiosawa,多摩ニュータウン ライブ長池 蓮生寺公園通り二番街,120500,京王相模原線「京王堀之内」駅,10.0,12.0,,,,八王子市別所1-31,3号棟,鉄筋コンクリート造,4,N,401号室,3LDK,75,5,115200,5300,2か月,"['近居割', '近居割WIDE']",随時,https://www.ur-net.go.jp/chintai/kanto/tokyo/20_5080_room.html?JKSS=000030401,<li>京王相模原線「京王堀之内」駅 徒歩10～12分</li><li>小田急多摩線「唐木田」駅バス4分 徒歩18～19分</li><li>京王相模原線「南大沢」駅バス11分 徒歩2～3分</li>
tokyo,minamiosawa,多摩ニュータウン ライブ長池 蓮生寺公園通り二番街,120500,,,,小田急多摩線「唐木田」駅,22.0,23.0,八王子市別所1-31,3号棟,鉄筋コンクリート造,4,N,401号室,3LDK,75,5,115200,5300,2か月,"['近居割', '近居割WIDE']",随時,https://www.ur-net.go.jp/chintai/kanto/tokyo/20_5080_room.html?JKSS=000030401,<li>京王相模原線「京王堀之内」駅 徒歩10～12分</li><li>小田急多摩線「唐木田」駅バス4分 徒歩18～19分</li><li>京王相模原線「南大沢」駅バス11分 徒歩2～3分</li>
tokyo,minamiosawa,多摩ニュータウン ライブ長池 蓮生寺公園通り二番街,120500,,,,京王相模原線「南大沢」駅,13.0,14.0,八王子市別所1-31,3号棟,鉄筋コンクリート造,4,N,401号室,3LDK,75,5,115200,5300,2か月,"['近居割', '近居割WIDE']",随時,https://www.ur-net.go.jp/chintai/kanto/tokyo/20_5080_room.html?JKSS=000030401,<li>京王相模原線「京王堀之内」駅 徒歩10～12分</li><li>小田急多摩線「唐木田」駅バス4分 徒歩18～19分</li><li>京王相模原線「南大沢」駅バス11分 徒歩2～3分</li>
tokyo,minamiosawa,多摩ニュータウン ライブ長池 蓮生寺公園通り二番街,120500,,,,,,,八王子市別所1-31,3号棟,鉄筋コンクリート造,4,N,401号室,3LDK,75,5,115200,5300,2か月,"['近居割', '近居割WIDE']",随時,https://www.ur-net.go.jp/chintai/kanto/tokyo/20_5080_room.html?JKSS=000030401,<li>京王相模原線「京王堀之内」駅 徒歩10～12分</li><li>小田急多摩線「唐木田」駅バス4分 徒歩18～19分</li><li>京王相模原線「南大沢」駅バス11分 徒歩2～3分</li>
tokyo,hachioji,トワコート西八王子,131900,JR中央線「西八王子」駅,11.0,12.0,,,,八王子市台町3-21,3号棟,鉄筋コンクリート造,5,N,501号室,4LDK,94,5,128300,3600,2か月,['近居割'],随時,https://www.ur-net.go.jp/chintai/kanto/tokyo/20_4930_room.html?JKSS=000030501,<li>JR中央線「西八王子」駅 徒歩11～12分</li><li>京王高尾線「山田」駅 徒歩22～23分</li><li>京王高尾線「めじろ台」駅 徒歩26～27分</li>
tokyo,hachioji,トワコート西八王子,131900,京王高尾線「山田」駅,22.0,23.0,,,,八王子市台町3-21,3号棟,鉄筋コンクリート造,5,N,501号室,4LDK,94,5,128300,3600,2か月,['近居割'],随時,https://www.ur-net.go.jp/chintai/kanto/tokyo/20_4930_room.html?JKSS=000030501,<li>JR中央線「西八王子」駅 徒歩11～12分</li><li>京王高尾線「山田」駅 徒歩22～23分</li><li>京王高尾線「めじろ台」駅 徒歩26～27分</li>
tokyo,hachioji,トワコート西八王子,131900,京王高尾線「めじろ台」駅,26.0,27.0,,,,八王子市台町3-21,3号棟,鉄筋コンクリート造,5,N,501号室,4LDK,94,5,128300,3600,2か月,['近居割'],随時,https://www.ur-net.go.jp/chintai/kanto/tokyo/20_4930_room.html?JKSS=000030501,<li>JR中央線「西八王子」駅 徒歩11～12分</li><li>京王高尾線「山田」駅 徒歩22～23分</li><li>京王高尾線「めじろ台」駅 徒歩26～27分</li>
tokyo,hachioji,トワコート西八王子,131900,,,,,,,八王子市台町3-21,3号棟,鉄筋コンクリート造,5,N,501号室,4LDK,94,5,128300,3600,2か月,['近居割'],随時,https://www.ur-net.go.jp/chintai/kanto/tokyo/20_4930_room.html?JKSS=000030501,<li>JR中央線「西八王子」駅 徒歩11～12分</li><li>京王高尾線「山田」駅 徒歩22～23分</li><li>京王高尾線「めじろ台」駅 徒歩26～27分</li>
tokyo,minamiosawa,多摩ニュータウン シティハイツ南大沢,160300,京王相模原線「南大沢」駅,7.0,9.0,,,,八王子市南大沢4-10,10号棟,鉄筋コンクリート造,4,N,408号室,3LDK,97,10,155400,4900,2か月,"['近居割', '近居割WIDE']",随時,https://www.ur-net.go.jp/chintai/kanto/tokyo/20_3770_room.html?JKSS=000100408,<li>京王相模原線「南大沢」駅 徒歩7～9分</li><li>京王相模原線「多摩境」駅 徒歩24～26分</li><li>京王相模原線「京王堀之内」駅 徒歩40～42分</li>
tokyo,minamiosawa,多摩ニュータウン シティハイツ南大沢,160300,京王相模原線「多摩境」駅,24.0,26.0,,,,八王子市南大沢4-10,10号棟,鉄筋コンクリート造,4,N,408号室,3LDK,97,10,155400,4900,2か月,"['近居割', '近居割WIDE']",随時,https://www.ur-net.go.jp/chintai/kanto/tokyo/20_3770_room.html?JKSS=000100408,<li>京王相模原線「南大沢」駅 徒歩7～9分</li><li>京王相模原線「多摩境」駅 徒歩24～26分</li><li>京王相模原線「京王堀之内」駅 徒歩40～42分</li>
tokyo,minamiosawa,多摩ニュータウン シティハイツ南大沢,160300,京王相模原線「京王堀之内」駅,40.0,42.0,,,,八王子市南大沢4-10,10号棟,鉄筋コンクリート造,4,N,408号室,3LDK,97,10,155400,4900,2か月,"['近居割', '近居割WIDE']",随時,https://www.ur-net.go.jp/chintai/kanto/tokyo/20_3770_room.html?JKSS=000100408,<li>京王相模原線「南大沢」駅 徒歩7～9分</li><li>京王相模原線「多摩境」駅 徒歩24～26分</li><li>京王相模原線「京王堀之内」駅 徒歩40～42分</li>
tokyo,minamiosawa,多摩ニュータウン シティハイツ南大沢,160300,,,,,,,八王子市南大沢4-10,10号棟,鉄筋コンクリート造,4,N,408号室,3LDK,97,10,155400,4900,2か月,"['近居割', '近居割WIDE']",随時,https://www.ur-net.go.jp/chintai/kanto/tokyo/20_3770_room.html?JKSS=000100408,<li>京王相模原線「南大沢」駅 徒歩7～9分</li><li>京王相模原線「多摩境」駅 徒歩24～26分</li><li>京王相模原線「京王堀之内」駅 徒歩40～42分</li>
tokyo,kumegawa,富士見台,124300,西武多摩湖線「八坂」駅,13.0,16.0,,,,東村山市富士見町1-2-54ほか,7号棟,鉄筋コンクリート造,4,N,402号室,4LDK,86,4,122500,1800,2か月,['近居割'],随時,https://www.ur-net.go.jp/chintai/kanto/tokyo/20_3850_room.html?JKSS=000070402,<li>西武多摩湖線「八坂」駅 徒歩13～16分</li><li>西武拝島線「小川」駅 徒歩15～19分</li><li>西武新宿線「久米川」駅バス5分 徒歩1～3分</li>
tokyo,kumegawa,富士見台,124300,西武拝島線「小川」駅,15.0,19.0,,,,東村山市富士見町1-2-54ほか,7号棟,鉄筋コンクリート造,4,N,402号室,4LDK,86,4,122500,1800,2か月,['近居割'],随時,https://www.ur-net.go.jp/chintai/kanto/tokyo/20_3850_room.html?JKSS=000070402,<li>西武多摩湖線「八坂」駅 徒歩13～16分</li><li>西武拝島線「小川」駅 徒歩15～19分</li><li>西武新宿線「久米川」駅バス5分 徒歩1～3分</li>
tokyo,kumegawa,富士見台,124300,,,,西武新宿線「久米川」駅,6.0,8.0,東村山市富士見町1-2-54ほか,7号棟,鉄筋コンクリート造,4,N,402号室,4LDK,86,4,122500,1800,2か月,['近居割'],随時,https://www.ur-net.go.jp/chintai/kanto/tokyo/20_3850_room.html?JKSS=000070402,<li>西武多摩湖線「八坂」駅 徒歩13～16分</li><li>西武拝島線「小川」駅 徒歩15～19分</li><li>西武新宿線「久米川」駅バス5分 徒歩1～3分</li>
tokyo,kumegawa,富士見台,124300,,,,,,,東村山市富士見町1-2-54ほか,7号棟,鉄筋コンクリート造,4,N,402号室,4LDK,86,4,122500,1800,2か月,['近居割'],随時,https://www.ur-net.go.jp/chintai/kanto/tokyo/20_3850_room.html?JKSS=000070402,<li>西武多摩湖線「八坂」駅 徒歩13～16分</li><li>西武拝島線「小川」駅 徒歩15～19分</li><li>西武新宿線「久米川」駅バス5分 徒歩1～3分</li>
tokyo,tachikawa,国立富士見台,86000,JR南武線「谷保」駅,5.0,15.0,,,,国立市富士見台1-7ほか,1-25号棟,鉄筋コンクリート造,4,N,401号室,3K,45,5,83200,2800,2か月,['URライト（4年定借）'],随時,https://www.ur-net.go.jp/chintai/kanto/tokyo/20_1350_room.html?JKSS=000125401,<li>JR南武線「谷保」駅（第1団地）徒歩5～10分、（第2、3団地）徒歩10～15分</li><li>JR中央線「国立」駅（第1団地）徒歩21～26分 またはバス5分 徒歩1～9分、（第2、3団地）徒歩23～28分 またはバス8分 徒歩2～5分</li><li>JR南武線「矢川」駅（第1団地）バス5分 徒歩1～7分、（第2、3団地）徒歩8～16分</li>
tokyo,tachikawa,国立富士見台,86000,JR中央線「国立」駅,21.0,28.0,JR中央線「国立」駅,6.0,14.0,国立市富士見台1-7ほか,1-25号棟,鉄筋コンクリート造,4,N,401号室,3K,45,5,83200,2800,2か月,['URライト（4年定借）'],随時,https://www.ur-net.go.jp/chintai/kanto/tokyo/20_1350_room.html?JKSS=000125401,<li>JR南武線「谷保」駅（第1団地）徒歩5～10分、（第2、3団地）徒歩10～15分</li><li>JR中央線「国立」駅（第1団地）徒歩21～26分 またはバス5分 徒歩1～9分、（第2、3団地）徒歩23～28分 またはバス8分 徒歩2～5分</li><li>JR南武線「矢川」駅（第1団地）バス5分 徒歩1～7分、（第2、3団地）徒歩8～16分</li>
tokyo,tachikawa,国立富士見台,86000,JR南武線「矢川」駅,8.0,16.0,JR南武線「矢川」駅,6.0,12.0,国立市富士見台1-7ほか,1-25号棟,鉄筋コンクリート造,4,N,401号室,3K,45,5,83200,2800,2か月,['URライト（4年定借）'],随時,https://www.ur-net.go.jp/chintai/kanto/tokyo/20_1350_room.html?JKSS=000125401,<li>JR南武線「谷保」駅（第1団地）徒歩5～10分、（第2、3団地）徒歩10～15分</li><li>JR中央線「国立」駅（第1団地）徒歩21～26分 またはバス5分 徒歩1～9分、（第2、3団地）徒歩23～28分 またはバス8分 徒歩2～5分</li><li>JR南武線「矢川」駅（第1団地）バス5分 徒歩1～7分、（第2、3団地）徒歩8～16分</li>
tokyo,tachikawa,国立富士見台,86000,,,,,,,国立市富士見台1-7ほか,1-25号棟,鉄筋コンクリート造,4,N,401号室,3K,45,5,83200,2800,2か月,['URライト（4年定借）'],随時,https://www.ur-net.go.jp/chintai/kanto/tokyo/20_1350_room.html?JKSS=000125401,<li>JR南武線「谷保」駅（第1団地）徒歩5～10分、（第2、3団地）徒歩10～15分</li><li>JR中央線「国立」駅（第1団地）徒歩21～26分 またはバス5分 徒歩1～9分、（第2、3団地）徒歩23～28分 またはバス8分 徒歩2～5分</li><li>JR南武線「矢川」駅（第1団地）バス5分 徒歩1～7分、（第2、3団地）徒歩8～16分</li>
tokyo,tachikawa,国立富士見台,89600,JR南武線「谷保」駅,5.0,15.0,,,,国立市富士見台1-7ほか,3-8号棟,鉄筋コンクリート造,2,N,204号室,3DK,50,5,86800,2800,2か月,['URライト（4年定借）'],随時,https://www.ur-net.go.jp/chintai/kanto/tokyo/20_1350_room.html?JKSS=000308204,<li>JR南武線「谷保」駅（第1団地）徒歩5～10分、（第2、3団地）徒歩10～15分</li><li>JR中央線「国立」駅（第1団地）徒歩21～26分 またはバス5分 徒歩1～9分、（第2、3団地）徒歩23～28分 またはバス8分 徒歩2～5分</li><li>JR南武線「矢川」駅（第1団地）バス5分 徒歩1～7分、（第2、3団地）徒歩8～16分</li>
tokyo,tachikawa,国立富士見台,89600,JR中央線「国立」駅,21.0,28.0,JR中央線「国立」駅,6.0,14.0,国立市富士見台1-7ほか,3-8号棟,鉄筋コンクリート造,2,N,204号室,3DK,50,5,86800,2800,2か月,['URライト（4年定借）'],随時,https://www.ur-net.go.jp/chintai/kanto/tokyo/20_1350_room.html?JKSS=000308204,<li>JR南武線「谷保」駅（第1団地）徒歩5～10分、（第2、3団地）徒歩10～15分</li><li>JR中央線「国立」駅（第1団地）徒歩21～26分 またはバス5分 徒歩1～9分、（第2、3団地）徒歩23～28分 またはバス8分 徒歩2～5分</li><li>JR南武線「矢川」駅（第1団地）バス5分 徒歩1～7分、（第2、3団地）徒歩8～16分</li>
tokyo,tachikawa,国立富士見台,89600,JR南武線「矢川」駅,8.0,16.0,JR南武線「矢川」駅,6.0,12.0,国立市富士見台1-7ほか,3-8号棟,鉄筋コンクリート造,2,N,204号室,3DK,50,5,86800,2800,2か月,['URライト（4年定借）'],随時,https://www.ur-net.go.jp/chintai/kanto/tokyo/20_1350_room.html?JKSS=000308204,<li>JR南武線「谷保」駅（第1団地）徒歩5～10分、（第2、3団地）徒歩10～15分</li><li>JR中央線「国立」駅（第1団地）徒歩21～26分 またはバス5分 徒歩1～9分、（第2、3団地）徒歩23～28分 またはバス8分 徒歩2～5分</li><li>JR南武線「矢川」駅（第1団地）バス5分 徒歩1～7分、（第2、3団地）徒歩8～16分</li>
tokyo,tachikawa,国立富士見台,89600,,,,,,,国立市富士見台1-7ほか,3-8号棟,鉄筋コンクリート造,2,N,204号室,3DK,50,5,86800,2800,2か月,['URライト（4年定借）'],随時,https://www.ur-net.go.jp/chintai/kanto/tokyo/20_1350_room.html?JKSS=000308204,<li>JR南武線「谷保」駅（第1団地）徒歩5～10分、（第2、3団地）徒歩10～15分</li><li>JR中央線「国立」駅（第1団地）徒歩21～26分 またはバス5分 徒歩1～9分、（第2、3団地）徒歩23～28分 またはバス8分 徒歩2～5分</li><li>JR南武線「矢川」駅（第1団地）バス5分 徒歩1～7分、（第2、3団地）徒歩8～16分</li>
tokyo,nagayama,多摩ニュータウン 豊ヶ丘（グリーンメゾン豊ヶ丘－６）,77800,京王相模原線「京王多摩センター」駅・小田急多摩線「小田急多摩センター」駅,16.0,32.0,京王相模原線「京王多摩センター」駅・小田急多摩線「小田急多摩センター」駅,14.0,26.0,多摩市豊ヶ丘2ほか,4-2-2号棟,鉄筋コンクリート造、鉄骨鉄筋コンクリート造,5,N,502号室,2DK,55,11,73000,4800,2か月,"['近居割', '近居割WIDE']",随時,https://www.ur-net.go.jp/chintai/kanto/tokyo/20_2710_room.html?JKSS=402020502,<li>京王相模原線「京王多摩センター」駅・小田急多摩線「小田急多摩センター」駅 徒歩16～32分 またはバス12分 徒歩2～14分</li><li>多摩都市モノレール「多摩センター」駅 徒歩17～33分 またはバス12分 徒歩2～14分</li>
tokyo,nagayama,多摩ニュータウン 豊ヶ丘（グリーンメゾン豊ヶ丘－６）,77800,多摩都市モノレール「多摩センター」駅,17.0,33.0,多摩都市モノレール「多摩センター」駅,14.0,26.0,多摩市豊ヶ丘2ほか,4-2-2号棟,鉄筋コンクリート造、鉄骨鉄筋コンクリート造,5,N,502号室,2DK,55,11,73000,4800,2か月,"['近居割', '近居割WIDE']",随時,https://www.ur-net.go.jp/chintai/kanto/tokyo/20_2710_room.html?JKSS=402020502,<li>京王相模原線「京王多摩センター」駅・小田急多摩線「小田急多摩センター」駅 徒歩16～32分 またはバス12分 徒歩2～14分</li><li>多摩都市モノレール「多摩センター」駅 徒歩17～33分 またはバス12分 徒歩2～14分</li>
tokyo,nagayama,多摩ニュータウン 豊ヶ丘（グリーンメゾン豊ヶ丘－６）,77800,,,,,,,多摩市豊ヶ丘2ほか,4-2-2号棟,鉄筋コンクリート造、鉄骨鉄筋コンクリート造,5,N,502号室,2DK,55,11,73000,4800,2か月,"['近居割', '近居割WIDE']",随時,https://www.ur-net.go.jp/chintai/kanto/tokyo/20_2710_room.html?JKSS=402020502,<li>京王相模原線「京王多摩センター」駅・小田急多摩線「小田急多摩センター」駅 徒歩16～32分 またはバス12分 徒歩2～14分</li><li>多摩都市モノレール「多摩センター」駅 徒歩17～33分 またはバス12分 徒歩2～14分</li>
tokyo,nagayama,多摩ニュータウン 豊ヶ丘（グリーンメゾン豊ヶ丘－６）,79800,京王相模原線「京王多摩センター」駅・小田急多摩線「小田急多摩センター」駅,16.0,32.0,京王相模原線「京王多摩センター」駅・小田急多摩線「小田急多摩センター」駅,14.0,26.0,多摩市豊ヶ丘2ほか,6-2-2号棟,鉄筋コンクリート造、鉄骨鉄筋コンクリート造,8,N,801号室,3DK,59,8,75000,4800,2か月,"['近居割', '近居割WIDE']",随時,https://www.ur-net.go.jp/chintai/kanto/tokyo/20_2710_room.html?JKSS=602020801,<li>京王相模原線「京王多摩センター」駅・小田急多摩線「小田急多摩センター」駅 徒歩16～32分 またはバス12分 徒歩2～14分</li><li>多摩都市モノレール「多摩センター」駅 徒歩17～33分 またはバス12分 徒歩2～14分</li>
tokyo,nagayama,多摩ニュータウン 豊ヶ丘（グリーンメゾン豊ヶ丘－６）,79800,多摩都市モノレール「多摩センター」駅,17.0,33.0,多摩都市モノレール「多摩センター」駅,14.0,26.0,多摩市豊ヶ丘2ほか,6-2-2号棟,鉄筋コンクリート造、鉄骨鉄筋コンクリート造,8,N,801号室,3DK,59,8,75000,4800,2か月,"['近居割', '近居割WIDE']",随時,https://www.ur-net.go.jp/chintai/kanto/tokyo/20_2710_room.html?JKSS=602020801,<li>京王相模原線「京王多摩センター」駅・小田急多摩線「小田急多摩センター」駅 徒歩16～32分 またはバス12分 徒歩2～14分</li><li>多摩都市モノレール「多摩センター」駅 徒歩17～33分 またはバス12分 徒歩2～14分</li>
tokyo,nagayama,多摩ニュータウン 豊ヶ丘（グリーンメゾン豊ヶ丘－６）,79800,,,,,,,多摩市豊ヶ丘2ほか,6-2-2号棟,鉄筋コンクリート造、鉄骨鉄筋コンクリート造,8,N,801号室,3DK,59,8,75000,4800,2か月,"['近居割', '近居割WIDE']",随時,https://www.ur-net.go.jp/chintai/kanto/tokyo/20_2710_room.html?JKSS=602020801,<li>京王相模原線「京王多摩センター」駅・小田急多摩線「小田急多摩センター」駅 徒歩16～32分 またはバス12分 徒歩2～14分</li><li>多摩都市モノレール「多摩センター」駅 徒歩17～33分 またはバス12分 徒歩2～14分</li>
tokyo,nagayama,多摩ニュータウン グリーンヒル豊ヶ丘－１・２,142200,京王相模原線「京王多摩センター」駅・小田急多摩線「小田急多摩センター」駅,16.0,18.0,京王相模原線「京王多摩センター」駅・小田急多摩線「小田急多摩センター」駅,11.0,14.0,多摩市豊ケ丘1-40ほか,2-9-4号棟,鉄筋コンクリート造,4,N,402号室,4LDK,91,5,137100,5100,2か月,"['近居割', '近居割WIDE']",随時,https://www.ur-net.go.jp/chintai/kanto/tokyo/20_4090_room.html?JKSS=209040402,<li>京王相模原線「京王多摩センター」駅・小田急多摩線「小田急多摩センター」駅 徒歩16～18分 またはバス3分 徒歩8～11分</li><li>多摩都市モノレール「多摩センター」駅 徒歩18～20分 またはバス3分 徒歩8～11分</li>
tokyo,nagayama,多摩ニュータウン グリーンヒル豊ヶ丘－１・２,142200,多摩都市モノレール「多摩センター」駅,18.0,20.0,多摩都市モノレール「多摩センター」駅,11.0,14.0,多摩市豊ケ丘1-40ほか,2-9-4号棟,鉄筋コンクリート造,4,N,402号室,4LDK,91,5,137100,5100,2か月,"['近居割', '近居割WIDE']",随時,https://www.ur-net.go.jp/chintai/kanto/tokyo/20_4090_room.html?JKSS=209040402,<li>京王相模原線「京王多摩センター」駅・小田急多摩線「小田急多摩センター」駅 徒歩16～18分 またはバス3分 徒歩8～11分</li><li>多摩都市モノレール「多摩センター」駅 徒歩18～20分 またはバス3分 徒歩8～11分</li>
tokyo,nagayama,多摩ニュータウン グリーンヒル豊ヶ丘－１・２,142200,,,,,,,多摩市豊ケ丘1-40ほか,2-9-4号棟,鉄筋コンクリート造,4,N,402号室,4LDK,91,5,137100,5100,2か月,"['近居割', '近居割WIDE']",随時,https://www.ur-net.go.jp/chintai/kanto/tokyo/20_4090_room.html?JKSS=209040402,<li>京王相模原線「京王多摩センター」駅・小田急多摩線「小田急多摩センター」駅 徒歩16～18分 またはバス3分 徒歩8～11分</li><li>多摩都市モノレール「多摩センター」駅 徒歩18～20分 またはバス3分 徒歩8～11分</li>
tokyo,kichijoji,新川・島屋敷通り,186950,,,,京王線「仙川」駅,9.0,11.0,三鷹市新川4-25ほか,18号棟,鉄筋コンクリート造,9,N,906号室,2LDK,78,11,181300,5650,2か月,"['近居割', '近居割WIDE']",随時,https://www.ur-net.go.jp/chintai/kanto/tokyo/20_5360_room.html?JKSS=000180906,<li>京王線「仙川」駅バス7分 徒歩2～4分</li><li>JR中央線「三鷹」駅バス19分 徒歩2～4分</li><li>JR中央線「吉祥寺」駅バス18分 徒歩2～4分</li>
tokyo,kichijoji,新川・島屋敷通り,186950,,,,JR中央線「三鷹」駅,21.0,23.0,三鷹市新川4-25ほか,18号棟,鉄筋コンクリート造,9,N,906号室,2LDK,78,11,181300,5650,2か月,"['近居割', '近居割WIDE']",随時,https://www.ur-net.go.jp/chintai/kanto/tokyo/20_5360_room.html?JKSS=000180906,<li>京王線「仙川」駅バス7分 徒歩2～4分</li><li>JR中央線「三鷹」駅バス19分 徒歩2～4分</li><li>JR中央線「吉祥寺」駅バス18分 徒歩2～4分</li>
tokyo,kichijoji,新川・島屋敷通り,186950,,,,JR中央線「吉祥寺」駅,20.0,22.0,三鷹市新川4-25ほか,18号棟,鉄筋コンクリート造,9,N,906号室,2LDK,78,11,181300,5650,2か月,"['近居割', '近居割WIDE']",随時,https://www.ur-net.go.jp/chintai/kanto/tokyo/20_5360_room.html?JKSS=000180906,<li>京王線「仙川」駅バス7分 徒歩2～4分</li><li>JR中央線「三鷹」駅バス19分 徒歩2～4分</li><li>JR中央線「吉祥寺」駅バス18分 徒歩2～4分</li>
tokyo,kichijoji,新川・島屋敷通り,186950,,,,,,,三鷹市新川4-25ほか,18号棟,鉄筋コンクリート造,9,N,906号室,2LDK,78,11,181300,5650,2か月,"['近居割', '近居割WIDE']",随時,https://www.ur-net.go.jp/chintai/kanto/tokyo/20_5360_room.html?JKSS=000180906,<li>京王線「仙川」駅バス7分 徒歩2～4分</li><li>JR中央線「三鷹」駅バス19分 徒歩2～4分</li><li>JR中央線「吉祥寺」駅バス18分 徒歩2～4分</li>
tokyo,tachikawa,昭島つつじが丘ハイツ,91100,JR青梅線「昭島」駅,9.0,11.0,,,,昭島市つつじが丘3-4ほか,8号棟,鉄骨鉄筋コンクリート造,14,N,1408号室,3DK,59,14,85400,5700,2か月,['近居割'],随時,https://www.ur-net.go.jp/chintai/kanto/tokyo/20_3380_room.html?JKSS=000081408,<li>JR青梅線「昭島」駅 徒歩9～11分</li><li>JR青梅線「中神」駅 徒歩13～15分</li><li>西武拝島線「西武立川」駅 徒歩25～28分</li>
tokyo,tachikawa,昭島つつじが丘ハイツ,91100,JR青梅線「中神」駅,13.0,15.0,,,,昭島市つつじが丘3-4ほか,8号棟,鉄骨鉄筋コンクリート造,14,N,1408号室,3DK,59,14,85400,5700,2か月,['近居割'],随時,https://www.ur-net.go.jp/chintai/kanto/tokyo/20_3380_room.html?JKSS=000081408,<li>JR青梅線「昭島」駅 徒歩9～11分</li><li>JR青梅線「中神」駅 徒歩13～15分</li><li>西武拝島線「西武立川」駅 徒歩25～28分</li>
tokyo,tachikawa,昭島つつじが丘ハイツ,91100,西武拝島線「西武立川」駅,25.0,28.0,,,,昭島市つつじが丘3-4ほか,8号棟,鉄骨鉄筋コンクリート造,14,N,1408号室,3DK,59,14,85400,5700,2か月,['近居割'],随時,https://www.ur-net.go.jp/chintai/kanto/tokyo/20_3380_room.html?JKSS=000081408,<li>JR青梅線「昭島」駅 徒歩9～11分</li><li>JR青梅線「中神」駅 徒歩13～15分</li><li>西武拝島線「西武立川」駅 徒歩25～28分</li>
tokyo,tachikawa,昭島つつじが丘ハイツ,91100,,,,,,,昭島市つつじが丘3-4ほか,8号棟,鉄骨鉄筋コンクリート造,14,N,1408号室,3DK,59,14,85400,5700,2か月,['近居割'],随時,https://www.ur-net.go.jp/chintai/kanto/tokyo/20_3380_room.html?JKSS=000081408,<li>JR青梅線「昭島」駅 徒歩9～11分</li><li>JR青梅線「中神」駅 徒歩13～15分</li><li>西武拝島線「西武立川」駅 徒歩25～28分</li>
tokyo,tachikawa,昭島つつじが丘ハイツ,102000,JR青梅線「昭島」駅,9.0,11.0,,,,昭島市つつじが丘3-4ほか,6号棟,鉄骨鉄筋コンクリート造,2,N,215号室,3DK,65,11,96300,5700,2か月,['近居割'],随時,https://www.ur-net.go.jp/chintai/kanto/tokyo/20_3380_room.html?JKSS=000060215,<li>JR青梅線「昭島」駅 徒歩9～11分</li><li>JR青梅線「中神」駅 徒歩13～15分</li><li>西武拝島線「西武立川」駅 徒歩25～28分</li>
tokyo,tachikawa,昭島つつじが丘ハイツ,102000,JR青梅線「中神」駅,13.0,15.0,,,,昭島市つつじが丘3-4ほか,6号棟,鉄骨鉄筋コンクリート造,2,N,215号室,3DK,65,11,96300,5700,2か月,['近居割'],随時,https://www.ur-net.go.jp/chintai/kanto/tokyo/20_3380_room.html?JKSS=000060215,<li>JR青梅線「昭島」駅 徒歩9～11分</li><li>JR青梅線「中神」駅 徒歩13～15分</li><li>西武拝島線「西武立川」駅 徒歩25～28分</li>
tokyo,tachikawa,昭島つつじが丘ハイツ,102000,西武拝島線「西武立川」駅,25.0,28.0,,,,昭島市つつじが丘3-4ほか,6号棟,鉄骨鉄筋コンクリート造,2,N,215号室,3DK,65,11,96300,5700,2か月,['近居割'],随時,https://www.ur-net.go.jp/chintai/kanto/tokyo/20_3380_room.html?JKSS=000060215,<li>JR青梅線「昭島」駅 徒歩9～11分</li><li>JR青梅線「中神」駅 徒歩13～15分</li><li>西武拝島線「西武立川」駅 徒歩25～28分</li>
tokyo,tachikawa,昭島つつじが丘ハイツ,102000,,,,,,,昭島市つつじが丘3-4ほか,6号棟,鉄骨鉄筋コンクリート造,2,N,215号室,3DK,65,11,96300,5700,2か月,['近居割'],随時,https://www.ur-net.go.jp/chintai/kanto/tokyo/20_3380_room.html?JKSS=000060215,<li>JR青梅線「昭島」駅 徒歩9～11分</li><li>JR青梅線「中神」駅 徒歩13～15分</li><li>西武拝島線「西武立川」駅 徒歩25～28分</li>
tokyo,tachikawa,昭島つつじが丘ハイツ,102700,JR青梅線「昭島」駅,9.0,11.0,,,,昭島市つつじが丘3-4ほか,6号棟,鉄骨鉄筋コンクリート造,8,N,811号室,3DK,65,11,97000,5700,2か月,['近居割'],随時,https://www.ur-net.go.jp/chintai/kanto/tokyo/20_3380_room.html?JKSS=000060811,<li>JR青梅線「昭島」駅 徒歩9～11分</li><li>JR青梅線「中神」駅 徒歩13～15分</li><li>西武拝島線「西武立川」駅 徒歩25～28分</li>
tokyo,tachikawa,昭島つつじが丘ハイツ,102700,JR青梅線「中神」駅,13.0,15.0,,,,昭島市つつじが丘3-4ほか,6号棟,鉄骨鉄筋コンクリート造,8,N,811号室,3DK,65,11,97000,5700,2か月,['近居割'],随時,https://www.ur-net.go.jp/chintai/kanto/tokyo/20_3380_room.html?JKSS=000060811,<li>JR青梅線「昭島」駅 徒歩9～11分</li><li>JR青梅線「中神」駅 徒歩13～15分</li><li>西武拝島線「西武立川」駅 徒歩25～28分</li>
tokyo,tachikawa,昭島つつじが丘ハイツ,102700,西武拝島線「西武立川」駅,25.0,28.0,,,,昭島市つつじが丘3-4ほか,6号棟,鉄骨鉄筋コンクリート造,8,N,811号室,3DK,65,11,97000,5700,2か月,['近居割'],随時,https://www.ur-net.go.jp/chintai/kanto/tokyo/20_3380_room.html?JKSS=000060811,<li>JR青梅線「昭島」駅 徒歩9～11分</li><li>JR青梅線「中神」駅 徒歩13～15分</li><li>西武拝島線「西武立川」駅 徒歩25～28分</li>
tokyo,tachikawa,昭島つつじが丘ハイツ,102700,,,,,,,昭島市つつじが丘3-4ほか,6号棟,鉄骨鉄筋コンクリート造,8,N,811号室,3DK,65,11,97000,5700,2か月,['近居割'],随時,https://www.ur-net.go.jp/chintai/kanto/tokyo/20_3380_room.html?JKSS=000060811,<li>JR青梅線「昭島」駅 徒歩9～11分</li><li>JR青梅線「中神」駅 徒歩13～15分</li><li>西武拝島線「西武立川」駅 徒歩25～28分</li>
tokyo,tachikawa,コンフォール拝島,136900,JR青梅線ほか｢拝島｣駅,4.0,4.0,,,,昭島市松原町4-1-5,,鉄筋コンクリート造,5,N,507号室,3LDK,76,5,129700,7200,2か月,['近居割'],随時,https://www.ur-net.go.jp/chintai/kanto/tokyo/20_5520_room.html?JKSS=000000507,<li>JR青梅線ほか｢拝島｣駅 徒歩4分</li>
tokyo,tachikawa,コンフォール拝島,136900,,,,,,,昭島市松原町4-1-5,,鉄筋コンクリート造,5,N,507号室,3LDK,76,5,129700,7200,2か月,['近居割'],随時,https://www.ur-net.go.jp/chintai/kanto/tokyo/20_5520_room.html?JKSS=000000507,<li>JR青梅線ほか｢拝島｣駅 徒歩4分</li>
tokyo,kichijoji,プラザ新小金井,158300,JR中央線「東小金井」駅,10.0,15.0,,,,小金井市東町4-23ほか,6号棟,鉄筋コンクリート造,3,N,304号室,3DK,60,3,151200,7100,2か月,['近居割'],随時,https://www.ur-net.go.jp/chintai/kanto/tokyo/20_5140_room.html?JKSS=000060304,<li>JR中央線「東小金井」駅 徒歩10～15分</li><li>西武多摩川線「新小金井」駅 徒歩1～3分</li><li>JR中央線「武蔵境」駅 徒歩26～28分</li>
tokyo,kichijoji,プラザ新小金井,158300,西武多摩川線「新小金井」駅,1.0,3.0,,,,小金井市東町4-23ほか,6号棟,鉄筋コンクリート造,3,N,304号室,3DK,60,3,151200,7100,2か月,['近居割'],随時,https://www.ur-net.go.jp/chintai/kanto/tokyo/20_5140_room.html?JKSS=000060304,<li>JR中央線「東小金井」駅 徒歩10～15分</li><li>西武多摩川線「新小金井」駅 徒歩1～3分</li><li>JR中央線「武蔵境」駅 徒歩26～28分</li>
tokyo,kichijoji,プラザ新小金井,158300,JR中央線「武蔵境」駅,26.0,28.0,,,,小金井市東町4-23ほか,6号棟,鉄筋コンクリート造,3,N,304号室,3DK,60,3,151200,7100,2か月,['近居割'],随時,https://www.ur-net.go.jp/chintai/kanto/tokyo/20_5140_room.html?JKSS=000060304,<li>JR中央線「東小金井」駅 徒歩10～15分</li><li>西武多摩川線「新小金井」駅 徒歩1～3分</li><li>JR中央線「武蔵境」駅 徒歩26～28分</li>
tokyo,kichijoji,プラザ新小金井,158300,,,,,,,小金井市東町4-23ほか,6号棟,鉄筋コンクリート造,3,N,304号室,3DK,60,3,151200,7100,2か月,['近居割'],随時,https://www.ur-net.go.jp/chintai/kanto/tokyo/20_5140_room.html?JKSS=000060304,<li>JR中央線「東小金井」駅 徒歩10～15分</li><li>西武多摩川線「新小金井」駅 徒歩1～3分</li><li>JR中央線「武蔵境」駅 徒歩26～28分</li>
tokyo,hachioji,シティハイツ日野旭が丘,106700,JR中央線「豊田」駅,20.0,24.0,JR中央線「豊田」駅,8.0,13.0,日野市旭が丘4-7-5,2号棟,鉄筋コンクリート造、鉄骨鉄筋コンクリート造,6,N,606号室,3LDK,77,11,104000,2700,2か月,"['近居割', '近居割WIDE']",随時,https://www.ur-net.go.jp/chintai/kanto/tokyo/20_4360_room.html?JKSS=000020606,<li>JR中央線「豊田」駅 徒歩20～24分 またはバス7分 徒歩1～6分</li><li>京王線「長沼」駅 徒歩26～28分</li><li>JR八高線「北八王子」駅 徒歩23～25分</li>
tokyo,hachioji,シティハイツ日野旭が丘,106700,京王線「長沼」駅,26.0,28.0,,,,日野市旭が丘4-7-5,2号棟,鉄筋コンクリート造、鉄骨鉄筋コンクリート造,6,N,606号室,3LDK,77,11,104000,2700,2か月,"['近居割', '近居割WIDE']",随時,https://www.ur-net.go.jp/chintai/kanto/tokyo/20_4360_room.html?JKSS=000020606,<li>JR中央線「豊田」駅 徒歩20～24分 またはバス7分 徒歩1～6分</li><li>京王線「長沼」駅 徒歩26～28分</li><li>JR八高線「北八王子」駅 徒歩23～25分</li>
tokyo,hachioji,シティハイツ日野旭が丘,106700,JR八高線「北八王子」駅,23.0,25.0,,,,日野市旭が丘4-7-5,2号棟,鉄筋コンクリート造、鉄骨鉄筋コンクリート造,6,N,606号室,3LDK,77,11,104000,2700,2か月,"['近居割', '近居割WIDE']",随時,https://www.ur-net.go.jp/chintai/kanto/tokyo/20_4360_room.html?JKSS=000020606,<li>JR中央線「豊田」駅 徒歩20～24分 またはバス7分 徒歩1～6分</li><li>京王線「長沼」駅 徒歩26～28分</li><li>JR八高線「北八王子」駅 徒歩23～25分</li>
tokyo,hachioji,シティハイツ日野旭が丘,106700,,,,,,,日野市旭が丘4-7-5,2号棟,鉄筋コンクリート造、鉄骨鉄筋コンクリート造,6,N,606号室,3LDK,77,11,104000,2700,2か月,"['近居割', '近居割WIDE']",随時,https://www.ur-net.go.jp/chintai/kanto/tokyo/20_4360_room.html?JKSS=000020606,<li>JR中央線「豊田」駅 徒歩20～24分 またはバス7分 徒歩1～6分</li><li>京王線「長沼」駅 徒歩26～28分</li><li>JR八高線「北八王子」駅 徒歩23～25分</li>
tokyo,hachioji,多摩平の森,139800,JR中央線「豊田」駅,7.0,15.0,,,,日野市多摩平4-6ほか,2-4号棟,鉄筋コンクリート造,4,N,405号室,1LDK,59,6,135800,4000,2か月,"['近居割', '近居割WIDE']",随時,https://www.ur-net.go.jp/chintai/kanto/tokyo/20_6510_room.html?JKSS=002040405,<li>JR中央線「豊田」駅 徒歩7～15分</li><li>JR中央線「日野」駅 徒歩24～33分</li><li>京王線「南平」駅 徒歩25～32分</li>
tokyo,hachioji,多摩平の森,139800,JR中央線「日野」駅,24.0,33.0,,,,日野市多摩平4-6ほか,2-4号棟,鉄筋コンクリート造,4,N,405号室,1LDK,59,6,135800,4000,2か月,"['近居割', '近居割WIDE']",随時,https://www.ur-net.go.jp/chintai/kanto/tokyo/20_6510_room.html?JKSS=002040405,<li>JR中央線「豊田」駅 徒歩7～15分</li><li>JR中央線「日野」駅 徒歩24～33分</li><li>京王線「南平」駅 徒歩25～32分</li>
tokyo,hachioji,多摩平の森,139800,京王線「南平」駅,25.0,32.0,,,,日野市多摩平4-6ほか,2-4号棟,鉄筋コンクリート造,4,N,405号室,1LDK,59,6,135800,4000,2か月,"['近居割', '近居割WIDE']",随時,https://www.ur-net.go.jp/chintai/kanto/tokyo/20_6510_room.html?JKSS=002040405,<li>JR中央線「豊田」駅 徒歩7～15分</li><li>JR中央線「日野」駅 徒歩24～33分</li><li>京王線「南平」駅 徒歩25～32分</li>
tokyo,hachioji,多摩平の森,139800,,,,,,,日野市多摩平4-6ほか,2-4号棟,鉄筋コンクリート造,4,N,405号室,1LDK,59,6,135800,4000,2か月,"['近居割', '近居割WIDE']",随時,https://www.ur-net.go.jp/chintai/kanto/tokyo/20_6510_room.html?JKSS=002040405,<li>JR中央線「豊田」駅 徒歩7～15分</li><li>JR中央線「日野」駅 徒歩24～33分</li><li>京王線「南平」駅 徒歩25～32分</li>
tokyo,hachioji,多摩平の森,154500,JR中央線「豊田」駅,7.0,15.0,,,,日野市多摩平4-6ほか,2-5号棟,鉄筋コンクリート造,4,N,401号室,3LDK,72,10,150500,4000,2か月,"['近居割', '近居割WIDE']",随時,https://www.ur-net.go.jp/chintai/kanto/tokyo/20_6510_room.html?JKSS=002050401,<li>JR中央線「豊田」駅 徒歩7～15分</li><li>JR中央線「日野」駅 徒歩24～33分</li><li>京王線「南平」駅 徒歩25～32分</li>
tokyo,hachioji,多摩平の森,154500,JR中央線「日野」駅,24.0,33.0,,,,日野市多摩平4-6ほか,2-5号棟,鉄筋コンクリート造,4,N,401号室,3LDK,72,10,150500,4000,2か月,"['近居割', '近居割WIDE']",随時,https://www.ur-net.go.jp/chintai/kanto/tokyo/20_6510_room.html?JKSS=002050401,<li>JR中央線「豊田」駅 徒歩7～15分</li><li>JR中央線「日野」駅 徒歩24～33分</li><li>京王線「南平」駅 徒歩25～32分</li>
tokyo,hachioji,多摩平の森,154500,京王線「南平」駅,25.0,32.0,,,,日野市多摩平4-6ほか,2-5号棟,鉄筋コンクリート造,4,N,401号室,3LDK,72,10,150500,4000,2か月,"['近居割', '近居割WIDE']",随時,https://www.ur-net.go.jp/chintai/kanto/tokyo/20_6510_room.html?JKSS=002050401,<li>JR中央線「豊田」駅 徒歩7～15分</li><li>JR中央線「日野」駅 徒歩24～33分</li><li>京王線「南平」駅 徒歩25～32分</li>
tokyo,hachioji,多摩平の森,154500,,,,,,,日野市多摩平4-6ほか,2-5号棟,鉄筋コンクリート造,4,N,401号室,3LDK,72,10,150500,4000,2か月,"['近居割', '近居割WIDE']",随時,https://www.ur-net.go.jp/chintai/kanto/tokyo/20_6510_room.html?JKSS=002050401,<li>JR中央線「豊田」駅 徒歩7～15分</li><li>JR中央線「日野」駅 徒歩24～33分</li><li>京王線「南平」駅 徒歩25～32分</li>
tokyo,tachikawa,福生,64200,JR五日市線「熊川」駅,10.0,17.0,,,,福生市南田園2-7ほか,3号棟,鉄筋コンクリート造,5,N,504号室,3DK,52,5,61200,3000,2か月,['フリレ１か月'],随時,https://www.ur-net.go.jp/chintai/kanto/tokyo/20_2520_room.html?JKSS=000030504,<li>JR五日市線「熊川」駅 徒歩10～17分</li><li>JR青梅線「拝島」駅バス15分 徒歩2～6分</li><li>JR青梅線「福生」駅 徒歩24～30分</li>
tokyo,tachikawa,福生,64200,,,,JR青梅線「拝島」駅,17.0,21.0,福生市南田園2-7ほか,3号棟,鉄筋コンクリート造,5,N,504号室,3DK,52,5,61200,3000,2か月,['フリレ１か月'],随時,https://www.ur-net.go.jp/chintai/kanto/tokyo/20_2520_room.html?JKSS=000030504,<li>JR五日市線「熊川」駅 徒歩10～17分</li><li>JR青梅線「拝島」駅バス15分 徒歩2～6分</li><li>JR青梅線「福生」駅 徒歩24～30分</li>
tokyo,tachikawa,福生,64200,JR青梅線「福生」駅,24.0,30.0,,,,福生市南田園2-7ほか,3号棟,鉄筋コンクリート造,5,N,504号室,3DK,52,5,61200,3000,2か月,['フリレ１か月'],随時,https://www.ur-net.go.jp/chintai/kanto/tokyo/20_2520_room.html?JKSS=000030504,<li>JR五日市線「熊川」駅 徒歩10～17分</li><li>JR青梅線「拝島」駅バス15分 徒歩2～6分</li><li>JR青梅線「福生」駅 徒歩24～30分</li>
tokyo,tachikawa,福生,64200,,,,,,,福生市南田園2-7ほか,3号棟,鉄筋コンクリート造,5,N,504号室,3DK,52,5,61200,3000,2か月,['フリレ１か月'],随時,https://www.ur-net.go.jp/chintai/kanto/tokyo/20_2520_room.html?JKSS=000030504,<li>JR五日市線「熊川」駅 徒歩10～17分</li><li>JR青梅線「拝島」駅バス15分 徒歩2～6分</li><li>JR青梅線「福生」駅 徒歩24～30分</li>
tokyo,hibarigaoka,清瀬旭が丘,61100,,,,西武池袋線「清瀬」駅,10.0,19.0,清瀬市旭が丘2ほか,2-4-3号棟,鉄筋コンクリート造,5,N,504号室,3DK,50,5,58100,3000,2か月,"['近居割', '近居割WIDE']",随時,https://www.ur-net.go.jp/chintai/kanto/tokyo/20_1580_room.html?JKSS=000243504,<li>西武池袋線「清瀬」駅バス9～15分 徒歩1～4分</li><li>東武東上線「志木」駅バス20～22分 徒歩1～4分</li><li>JR武蔵野線「新座」駅バス10～12分 徒歩1～4分</li>
tokyo,hibarigaoka,清瀬旭が丘,61100,,,,東武東上線「志木」駅,21.0,26.0,清瀬市旭が丘2ほか,2-4-3号棟,鉄筋コンクリート造,5,N,504号室,3DK,50,5,58100,3000,2か月,"['近居割', '近居割WIDE']",随時,https://www.ur-net.go.jp/chintai/kanto/tokyo/20_1580_room.html?JKSS=000243504,<li>西武池袋線「清瀬」駅バス9～15分 徒歩1～4分</li><li>東武東上線「志木」駅バス20～22分 徒歩1～4分</li><li>JR武蔵野線「新座」駅バス10～12分 徒歩1～4分</li>
tokyo,hibarigaoka,清瀬旭が丘,61100,,,,JR武蔵野線「新座」駅,11.0,16.0,清瀬市旭が丘2ほか,2-4-3号棟,鉄筋コンクリート造,5,N,504号室,3DK,50,5,58100,3000,2か月,"['近居割', '近居割WIDE']",随時,https://www.ur-net.go.jp/chintai/kanto/tokyo/20_1580_room.html?JKSS=000243504,<li>西武池袋線「清瀬」駅バス9～15分 徒歩1～4分</li><li>東武東上線「志木」駅バス20～22分 徒歩1～4分</li><li>JR武蔵野線「新座」駅バス10～12分 徒歩1～4分</li>
tokyo,hibarigaoka,清瀬旭が丘,61100,,,,,,,清瀬市旭が丘2ほか,2-4-3号棟,鉄筋コンクリート造,5,N,504号室,3DK,50,5,58100,3000,2か月,"['近居割', '近居割WIDE']",随時,https://www.ur-net.go.jp/chintai/kanto/tokyo/20_1580_room.html?JKSS=000243504,<li>西武池袋線「清瀬」駅バス9～15分 徒歩1～4分</li><li>東武東上線「志木」駅バス20～22分 徒歩1～4分</li><li>JR武蔵野線「新座」駅バス10～12分 徒歩1～4分</li>
tokyo,hibarigaoka,滝山,68000,,,,西武新宿線「花小金井」駅,10.0,14.0,東久留米市滝山6-1,1-27号棟,鉄筋コンクリート造,4,N,406号室,2DK,40,5,65100,2900,2か月,"['近居割', '近居割WIDE']",随時,https://www.ur-net.go.jp/chintai/kanto/tokyo/20_1730_room.html?JKSS=000127406,<li>西武新宿線「花小金井」駅バス8分　徒歩2～6分</li><li>西武池袋線「東久留米」駅バス12分　徒歩2～6分</li><li>西武新宿線「小平」駅徒歩29～34分</li>
tokyo,hibarigaoka,滝山,68000,,,,西武池袋線「東久留米」駅,14.0,18.0,東久留米市滝山6-1,1-27号棟,鉄筋コンクリート造,4,N,406号室,2DK,40,5,65100,2900,2か月,"['近居割', '近居割WIDE']",随時,https://www.ur-net.go.jp/chintai/kanto/tokyo/20_1730_room.html?JKSS=000127406,<li>西武新宿線「花小金井」駅バス8分　徒歩2～6分</li><li>西武池袋線「東久留米」駅バス12分　徒歩2～6分</li><li>西武新宿線「小平」駅徒歩29～34分</li>
tokyo,hibarigaoka,滝山,68000,西武新宿線「小平」駅,29.0,34.0,,,,東久留米市滝山6-1,1-27号棟,鉄筋コンクリート造,4,N,406号室,2DK,40,5,65100,2900,2か月,"['近居割', '近居割WIDE']",随時,https://www.ur-net.go.jp/chintai/kanto/tokyo/20_1730_room.html?JKSS=000127406,<li>西武新宿線「花小金井」駅バス8分　徒歩2～6分</li><li>西武池袋線「東久留米」駅バス12分　徒歩2～6分</li><li>西武新宿線「小平」駅徒歩29～34分</li>
tokyo,hibarigaoka,滝山,68000,,,,,,,東久留米市滝山6-1,1-27号棟,鉄筋コンクリート造,4,N,406号室,2DK,40,5,65100,2900,2か月,"['近居割', '近居割WIDE']",随時,https://www.ur-net.go.jp/chintai/kanto/tokyo/20_1730_room.html?JKSS=000127406,<li>西武新宿線「花小金井」駅バス8分　徒歩2～6分</li><li>西武池袋線「東久留米」駅バス12分　徒歩2～6分</li><li>西武新宿線「小平」駅徒歩29～34分</li>
tokyo,kumegawa,エステート大南公園,103500,西武拝島線「玉川上水」駅,13.0,15.0,,,,武蔵村山市大南4-21-1ほか,10号棟,鉄筋コンクリート造,3,N,301号室,3LDK,69,5,101200,2300,2か月,['近居割'],随時,https://www.ur-net.go.jp/chintai/kanto/tokyo/20_4130_room.html?JKSS=000100301,<li>西武拝島線「玉川上水」駅 徒歩13～15分</li><li>多摩都市モノレール「桜街道」駅 徒歩13～14分</li><li>西武拝島線「武蔵砂川」駅 徒歩26～27分</li>
tokyo,kumegawa,エステート大南公園,103500,多摩都市モノレール「桜街道」駅,13.0,14.0,,,,武蔵村山市大南4-21-1ほか,10号棟,鉄筋コンクリート造,3,N,301号室,3LDK,69,5,101200,2300,2か月,['近居割'],随時,https://www.ur-net.go.jp/chintai/kanto/tokyo/20_4130_room.html?JKSS=000100301,<li>西武拝島線「玉川上水」駅 徒歩13～15分</li><li>多摩都市モノレール「桜街道」駅 徒歩13～14分</li><li>西武拝島線「武蔵砂川」駅 徒歩26～27分</li>
tokyo,kumegawa,エステート大南公園,103500,西武拝島線「武蔵砂川」駅,26.0,27.0,,,,武蔵村山市大南4-21-1ほか,10号棟,鉄筋コンクリート造,3,N,301号室,3LDK,69,5,101200,2300,2か月,['近居割'],随時,https://www.ur-net.go.jp/chintai/kanto/tokyo/20_4130_room.html?JKSS=000100301,<li>西武拝島線「玉川上水」駅 徒歩13～15分</li><li>多摩都市モノレール「桜街道」駅 徒歩13～14分</li><li>西武拝島線「武蔵砂川」駅 徒歩26～27分</li>
tokyo,kumegawa,エステート大南公園,103500,,,,,,,武蔵村山市大南4-21-1ほか,10号棟,鉄筋コンクリート造,3,N,301号室,3LDK,69,5,101200,2300,2か月,['近居割'],随時,https://www.ur-net.go.jp/chintai/kanto/tokyo/20_4130_room.html?JKSS=000100301,<li>西武拝島線「玉川上水」駅 徒歩13～15分</li><li>多摩都市モノレール「桜街道」駅 徒歩13～14分</li><li>西武拝島線「武蔵砂川」駅 徒歩26～27分</li>
tokyo,nagayama,多摩ニュータウン ファインヒルいなぎ ビューコート若葉台,115800,京王相模原線「若葉台」駅,16.0,18.0,京王相模原線「若葉台」駅,3.0,5.0,稲城市若葉台4-33,2号棟,鉄筋コンクリート造,2,N,202号室,1LDK,56,8,111100,4700,2か月,"['近居割', '近居割WIDE']",随時,https://www.ur-net.go.jp/chintai/kanto/tokyo/20_5910_room.html?JKSS=000020202,<li>京王相模原線「若葉台」駅 徒歩16～18分 またはバス2分 徒歩1～3分</li><li>小田急多摩線「はるひ野」駅 徒歩18～19分</li><li>小田急多摩線「黒川」駅 徒歩28～30分</li>
tokyo,nagayama,多摩ニュータウン ファインヒルいなぎ ビューコート若葉台,115800,小田急多摩線「はるひ野」駅,18.0,19.0,,,,稲城市若葉台4-33,2号棟,鉄筋コンクリート造,2,N,202号室,1LDK,56,8,111100,4700,2か月,"['近居割', '近居割WIDE']",随時,https://www.ur-net.go.jp/chintai/kanto/tokyo/20_5910_room.html?JKSS=000020202,<li>京王相模原線「若葉台」駅 徒歩16～18分 またはバス2分 徒歩1～3分</li><li>小田急多摩線「はるひ野」駅 徒歩18～19分</li><li>小田急多摩線「黒川」駅 徒歩28～30分</li>
tokyo,nagayama,多摩ニュータウン ファインヒルいなぎ ビューコート若葉台,115800,小田急多摩線「黒川」駅,28.0,30.0,,,,稲城市若葉台4-33,2号棟,鉄筋コンクリート造,2,N,202号室,1LDK,56,8,111100,4700,2か月,"['近居割', '近居割WIDE']",随時,https://www.ur-net.go.jp/chintai/kanto/tokyo/20_5910_room.html?JKSS=000020202,<li>京王相模原線「若葉台」駅 徒歩16～18分 またはバス2分 徒歩1～3分</li><li>小田急多摩線「はるひ野」駅 徒歩18～19分</li><li>小田急多摩線「黒川」駅 徒歩28～30分</li>
tokyo,nagayama,多摩ニュータウン ファインヒルいなぎ ビューコート若葉台,115800,,,,,,,稲城市若葉台4-33,2号棟,鉄筋コンクリート造,2,N,202号室,1LDK,56,8,111100,4700,2か月,"['近居割', '近居割WIDE']",随時,https://www.ur-net.go.jp/chintai/kanto/tokyo/20_5910_room.html?JKSS=000020202,<li>京王相模原線「若葉台」駅 徒歩16～18分 またはバス2分 徒歩1～3分</li><li>小田急多摩線「はるひ野」駅 徒歩18～19分</li><li>小田急多摩線「黒川」駅 徒歩28～30分</li>
kanagawa,shinyurigaoka,星が丘パークランド　ひよどり台,113400,京王相模原線「京王稲田堤」駅,13.0,15.0,,,,川崎市多摩区菅北浦5-7,4号棟,鉄筋コンクリート造,5,N,505号室,3LDK,67,5,110900,2500,2か月,['近居割'],随時,https://www.ur-net.go.jp/chintai/kanto/kanagawa/40_2410_room.html?JKSS=000040505,<li>京王相模原線「京王稲田堤」駅 徒歩13～15分</li><li>JR南武線「稲田堤」駅 徒歩12～13分</li><li>小田急小田原線「読売ランド前」駅バス5分 徒歩4～7分</li>
kanagawa,shinyurigaoka,星が丘パークランド　ひよどり台,113400,JR南武線「稲田堤」駅,12.0,13.0,,,,川崎市多摩区菅北浦5-7,4号棟,鉄筋コンクリート造,5,N,505号室,3LDK,67,5,110900,2500,2か月,['近居割'],随時,https://www.ur-net.go.jp/chintai/kanto/kanagawa/40_2410_room.html?JKSS=000040505,<li>京王相模原線「京王稲田堤」駅 徒歩13～15分</li><li>JR南武線「稲田堤」駅 徒歩12～13分</li><li>小田急小田原線「読売ランド前」駅バス5分 徒歩4～7分</li>
kanagawa,shinyurigaoka,星が丘パークランド　ひよどり台,113400,,,,小田急小田原線「読売ランド前」駅,9.0,12.0,川崎市多摩区菅北浦5-7,4号棟,鉄筋コンクリート造,5,N,505号室,3LDK,67,5,110900,2500,2か月,['近居割'],随時,https://www.ur-net.go.jp/chintai/kanto/kanagawa/40_2410_room.html?JKSS=000040505,<li>京王相模原線「京王稲田堤」駅 徒歩13～15分</li><li>JR南武線「稲田堤」駅 徒歩12～13分</li><li>小田急小田原線「読売ランド前」駅バス5分 徒歩4～7分</li>
kanagawa,shinyurigaoka,星が丘パークランド　ひよどり台,113400,,,,,,,川崎市多摩区菅北浦5-7,4号棟,鉄筋コンクリート造,5,N,505号室,3LDK,67,5,110900,2500,2か月,['近居割'],随時,https://www.ur-net.go.jp/chintai/kanto/kanagawa/40_2410_room.html?JKSS=000040505,<li>京王相模原線「京王稲田堤」駅 徒歩13～15分</li><li>JR南武線「稲田堤」駅 徒歩12～13分</li><li>小田急小田原線「読売ランド前」駅バス5分 徒歩4～7分</li>
kanagawa,shinyurigaoka,星が丘パークランド　ほおじろ台,123900,京王相模原線「京王稲田堤」駅,12.0,13.0,,,,川崎市多摩区菅北浦4-15,3号棟,鉄筋コンクリート造,1,N,102号室,3DK,65,5,119700,4200,2か月,['近居割'],随時,https://www.ur-net.go.jp/chintai/kanto/kanagawa/40_2650_room.html?JKSS=000030102,<li>京王相模原線「京王稲田堤」駅 徒歩12～13分</li><li>JR南武線「稲田堤」駅 徒歩14～15分</li><li>小田急小田原線「読売ランド前」駅バス10分 徒歩3分</li>
kanagawa,shinyurigaoka,星が丘パークランド　ほおじろ台,123900,JR南武線「稲田堤」駅,14.0,15.0,,,,川崎市多摩区菅北浦4-15,3号棟,鉄筋コンクリート造,1,N,102号室,3DK,65,5,119700,4200,2か月,['近居割'],随時,https://www.ur-net.go.jp/chintai/kanto/kanagawa/40_2650_room.html?JKSS=000030102,<li>京王相模原線「京王稲田堤」駅 徒歩12～13分</li><li>JR南武線「稲田堤」駅 徒歩14～15分</li><li>小田急小田原線「読売ランド前」駅バス10分 徒歩3分</li>
kanagawa,shinyurigaoka,星が丘パークランド　ほおじろ台,123900,,,,小田急小田原線「読売ランド前」駅,13.0,13.0,川崎市多摩区菅北浦4-15,3号棟,鉄筋コンクリート造,1,N,102号室,3DK,65,5,119700,4200,2か月,['近居割'],随時,https://www.ur-net.go.jp/chintai/kanto/kanagawa/40_2650_room.html?JKSS=000030102,<li>京王相模原線「京王稲田堤」駅 徒歩12～13分</li><li>JR南武線「稲田堤」駅 徒歩14～15分</li><li>小田急小田原線「読売ランド前」駅バス10分 徒歩3分</li>
kanagawa,shinyurigaoka,星が丘パークランド　ほおじろ台,123900,,,,,,,川崎市多摩区菅北浦4-15,3号棟,鉄筋コンクリート造,1,N,102号室,3DK,65,5,119700,4200,2か月,['近居割'],随時,https://www.ur-net.go.jp/chintai/kanto/kanagawa/40_2650_room.html?JKSS=000030102,<li>京王相模原線「京王稲田堤」駅 徒歩12～13分</li><li>JR南武線「稲田堤」駅 徒歩14～15分</li><li>小田急小田原線「読売ランド前」駅バス10分 徒歩3分</li>
kanagawa,hiyoshi,シティコート元住吉,152700,東急東横線「元住吉」駅,17.0,18.0,,,,川崎市中原区木月4-49-1ほか,1号棟,鉄筋コンクリート造,3,N,305号室,2LDK,65,5,150400,2300,2か月,['近居割'],随時,https://www.ur-net.go.jp/chintai/kanto/kanagawa/40_3410_room.html?JKSS=000010305,<li>東急東横線「元住吉」駅 徒歩17～18分</li><li>東急東横線「日吉」駅 徒歩18分</li><li>JR南武線「平間」駅 徒歩21分</li>
kanagawa,hiyoshi,シティコート元住吉,152700,東急東横線「日吉」駅,18.0,18.0,,,,川崎市中原区木月4-49-1ほか,1号棟,鉄筋コンクリート造,3,N,305号室,2LDK,65,5,150400,2300,2か月,['近居割'],随時,https://www.ur-net.go.jp/chintai/kanto/kanagawa/40_3410_room.html?JKSS=000010305,<li>東急東横線「元住吉」駅 徒歩17～18分</li><li>東急東横線「日吉」駅 徒歩18分</li><li>JR南武線「平間」駅 徒歩21分</li>
kanagawa,hiyoshi,シティコート元住吉,152700,JR南武線「平間」駅,21.0,21.0,,,,川崎市中原区木月4-49-1ほか,1号棟,鉄筋コンクリート造,3,N,305号室,2LDK,65,5,150400,2300,2か月,['近居割'],随時,https://www.ur-net.go.jp/chintai/kanto/kanagawa/40_3410_room.html?JKSS=000010305,<li>東急東横線「元住吉」駅 徒歩17～18分</li><li>東急東横線「日吉」駅 徒歩18分</li><li>JR南武線「平間」駅 徒歩21分</li>
kanagawa,hiyoshi,シティコート元住吉,152700,,,,,,,川崎市中原区木月4-49-1ほか,1号棟,鉄筋コンクリート造,3,N,305号室,2LDK,65,5,150400,2300,2か月,['近居割'],随時,https://www.ur-net.go.jp/chintai/kanto/kanagawa/40_3410_room.html?JKSS=000010305,<li>東急東横線「元住吉」駅 徒歩17～18分</li><li>東急東横線「日吉」駅 徒歩18分</li><li>JR南武線「平間」駅 徒歩21分</li>
kanagawa,shinyurigaoka,アーバンハイツ菅生ヶ丘,103300,,,,小田急小田原線「生田」駅,15.0,15.0,川崎市宮前区菅生ケ丘34-1ほか,,鉄筋コンクリート造,1,N,103号室,2LDK,68,6,95900,7400,2か月,['近居割'],随時,https://www.ur-net.go.jp/chintai/kanto/kanagawa/40_3220_room.html?JKSS=000000103,<li>小田急小田原線「生田」駅バス11分 徒歩4分</li><li>東急田園都市線「溝の口」駅バス21分 徒歩4分</li>
kanagawa,shinyurigaoka,アーバンハイツ菅生ヶ丘,103300,,,,東急田園都市線「溝の口」駅,25.0,25.0,川崎市宮前区菅生ケ丘34-1ほか,,鉄筋コンクリート造,1,N,103号室,2LDK,68,6,95900,7400,2か月,['近居割'],随時,https://www.ur-net.go.jp/chintai/kanto/kanagawa/40_3220_room.html?JKSS=000000103,<li>小田急小田原線「生田」駅バス11分 徒歩4分</li><li>東急田園都市線「溝の口」駅バス21分 徒歩4分</li>
kanagawa,shinyurigaoka,アーバンハイツ菅生ヶ丘,103300,,,,,,,川崎市宮前区菅生ケ丘34-1ほか,,鉄筋コンクリート造,1,N,103号室,2LDK,68,6,95900,7400,2か月,['近居割'],随時,https://www.ur-net.go.jp/chintai/kanto/kanagawa/40_3220_room.html?JKSS=000000103,<li>小田急小田原線「生田」駅バス11分 徒歩4分</li><li>東急田園都市線「溝の口」駅バス21分 徒歩4分</li>
kanagawa,shinyurigaoka,アーバンハイツ菅生ヶ丘,109600,,,,小田急小田原線「生田」駅,15.0,15.0,川崎市宮前区菅生ケ丘34-1ほか,,鉄筋コンクリート造,4,N,401号室,1LDK,61,6,102200,7400,2か月,['近居割'],随時,https://www.ur-net.go.jp/chintai/kanto/kanagawa/40_3220_room.html?JKSS=000000401,<li>小田急小田原線「生田」駅バス11分 徒歩4分</li><li>東急田園都市線「溝の口」駅バス21分 徒歩4分</li>
kanagawa,shinyurigaoka,アーバンハイツ菅生ヶ丘,109600,,,,東急田園都市線「溝の口」駅,25.0,25.0,川崎市宮前区菅生ケ丘34-1ほか,,鉄筋コンクリート造,4,N,401号室,1LDK,61,6,102200,7400,2か月,['近居割'],随時,https://www.ur-net.go.jp/chintai/kanto/kanagawa/40_3220_room.html?JKSS=000000401,<li>小田急小田原線「生田」駅バス11分 徒歩4分</li><li>東急田園都市線「溝の口」駅バス21分 徒歩4分</li>
kanagawa,shinyurigaoka,アーバンハイツ菅生ヶ丘,109600,,,,,,,川崎市宮前区菅生ケ丘34-1ほか,,鉄筋コンクリート造,4,N,401号室,1LDK,61,6,102200,7400,2か月,['近居割'],随時,https://www.ur-net.go.jp/chintai/kanto/kanagawa/40_3220_room.html?JKSS=000000401,<li>小田急小田原線「生田」駅バス11分 徒歩4分</li><li>東急田園都市線「溝の口」駅バス21分 徒歩4分</li>
kanagawa,shinyurigaoka,アーバンハイツ菅生ヶ丘,122700,,,,小田急小田原線「生田」駅,15.0,15.0,川崎市宮前区菅生ケ丘34-1ほか,,鉄筋コンクリート造,3,N,306号室,3DK,76,6,115300,7400,2か月,['近居割'],随時,https://www.ur-net.go.jp/chintai/kanto/kanagawa/40_3220_room.html?JKSS=000000306,<li>小田急小田原線「生田」駅バス11分 徒歩4分</li><li>東急田園都市線「溝の口」駅バス21分 徒歩4分</li>
kanagawa,shinyurigaoka,アーバンハイツ菅生ヶ丘,122700,,,,東急田園都市線「溝の口」駅,25.0,25.0,川崎市宮前区菅生ケ丘34-1ほか,,鉄筋コンクリート造,3,N,306号室,3DK,76,6,115300,7400,2か月,['近居割'],随時,https://www.ur-net.go.jp/chintai/kanto/kanagawa/40_3220_room.html?JKSS=000000306,<li>小田急小田原線「生田」駅バス11分 徒歩4分</li><li>東急田園都市線「溝の口」駅バス21分 徒歩4分</li>
kanagawa,shinyurigaoka,アーバンハイツ菅生ヶ丘,122700,,,,,,,川崎市宮前区菅生ケ丘34-1ほか,,鉄筋コンクリート造,3,N,306号室,3DK,76,6,115300,7400,2か月,['近居割'],随時,https://www.ur-net.go.jp/chintai/kanto/kanagawa/40_3220_room.html?JKSS=000000306,<li>小田急小田原線「生田」駅バス11分 徒歩4分</li><li>東急田園都市線「溝の口」駅バス21分 徒歩4分</li>
kanagawa,hiyoshi,サンヴァリエ日吉,169100,東急東横線「日吉」駅,19.0,23.0,東急東横線「日吉」駅,15.0,18.0,横浜市港北区下田町4-1ほか,12号棟,鉄筋コンクリート造,7,N,716号室,3DK,68,8,164700,4400,2か月,['近居割'],随時,https://www.ur-net.go.jp/chintai/kanto/kanagawa/40_3290_room.html?JKSS=000120716,<li>東急東横線「日吉」駅 徒歩19～23分</li><li>東急東横線「日吉」駅バス14分 徒歩1～4分</li><li>横浜市営地下鉄グリーンライン「日吉本町」駅 徒歩13～16分</li>
kanagawa,hiyoshi,サンヴァリエ日吉,169100,横浜市営地下鉄グリーンライン「日吉本町」駅,13.0,16.0,,,,横浜市港北区下田町4-1ほか,12号棟,鉄筋コンクリート造,7,N,716号室,3DK,68,8,164700,4400,2か月,['近居割'],随時,https://www.ur-net.go.jp/chintai/kanto/kanagawa/40_3290_room.html?JKSS=000120716,<li>東急東横線「日吉」駅 徒歩19～23分</li><li>東急東横線「日吉」駅バス14分 徒歩1～4分</li><li>横浜市営地下鉄グリーンライン「日吉本町」駅 徒歩13～16分</li>
kanagawa,hiyoshi,サンヴァリエ日吉,169100,,,,,,,横浜市港北区下田町4-1ほか,12号棟,鉄筋コンクリート造,7,N,716号室,3DK,68,8,164700,4400,2か月,['近居割'],随時,https://www.ur-net.go.jp/chintai/kanto/kanagawa/40_3290_room.html?JKSS=000120716,<li>東急東横線「日吉」駅 徒歩19～23分</li><li>東急東横線「日吉」駅バス14分 徒歩1～4分</li><li>横浜市営地下鉄グリーンライン「日吉本町」駅 徒歩13～16分</li>
kanagawa,kohoku,中山駅前ハイツ,145500,JR横浜線「中山」駅,5.0,7.0,,,,横浜市緑区中山1-29,4号棟,鉄筋コンクリート造,1,N,109号室,4DK,72,5,142100,3400,2か月,['近居割'],随時,https://www.ur-net.go.jp/chintai/kanto/kanagawa/40_2270_room.html?JKSS=000040109,<li>JR横浜線「中山」駅 徒歩5～7分</li><li>横浜市営地下鉄グリーンライン「中山」駅 徒歩5～7分</li><li>JR横浜線「十日市場」駅バス8分 徒歩5～6分</li>
kanagawa,kohoku,中山駅前ハイツ,145500,横浜市営地下鉄グリーンライン「中山」駅,5.0,7.0,,,,横浜市緑区中山1-29,4号棟,鉄筋コンクリート造,1,N,109号室,4DK,72,5,142100,3400,2か月,['近居割'],随時,https://www.ur-net.go.jp/chintai/kanto/kanagawa/40_2270_room.html?JKSS=000040109,<li>JR横浜線「中山」駅 徒歩5～7分</li><li>横浜市営地下鉄グリーンライン「中山」駅 徒歩5～7分</li><li>JR横浜線「十日市場」駅バス8分 徒歩5～6分</li>
kanagawa,kohoku,中山駅前ハイツ,145500,,,,JR横浜線「十日市場」駅,13.0,14.0,横浜市緑区中山1-29,4号棟,鉄筋コンクリート造,1,N,109号室,4DK,72,5,142100,3400,2か月,['近居割'],随時,https://www.ur-net.go.jp/chintai/kanto/kanagawa/40_2270_room.html?JKSS=000040109,<li>JR横浜線「中山」駅 徒歩5～7分</li><li>横浜市営地下鉄グリーンライン「中山」駅 徒歩5～7分</li><li>JR横浜線「十日市場」駅バス8分 徒歩5～6分</li>
kanagawa,kohoku,中山駅前ハイツ,145500,,,,,,,横浜市緑区中山1-29,4号棟,鉄筋コンクリート造,1,N,109号室,4DK,72,5,142100,3400,2か月,['近居割'],随時,https://www.ur-net.go.jp/chintai/kanto/kanagawa/40_2270_room.html?JKSS=000040109,<li>JR横浜線「中山」駅 徒歩5～7分</li><li>横浜市営地下鉄グリーンライン「中山」駅 徒歩5～7分</li><li>JR横浜線「十日市場」駅バス8分 徒歩5～6分</li>
kanagawa,shinyurigaoka,奈良北,82500,,,,小田急小田原線「鶴川」駅,15.0,20.0,横浜市青葉区奈良町2913,8号棟,鉄筋コンクリート造、鉄骨鉄筋コンクリート造,4,N,406号室,2LDK,52,5,79600,2900,2か月,"['近居割', '近居割WIDE']",随時,https://www.ur-net.go.jp/chintai/kanto/kanagawa/40_1410_room.html?JKSS=000080406,<li>小田急小田原線「鶴川」駅バス13分 徒歩2～7分</li><li>小田急小田原線「玉川学園前」駅 徒歩15～21分</li><li>東急田園都市線「青葉台」駅バス16～17分 徒歩1～7分</li>
kanagawa,shinyurigaoka,奈良北,82500,小田急小田原線「玉川学園前」駅,15.0,21.0,,,,横浜市青葉区奈良町2913,8号棟,鉄筋コンクリート造、鉄骨鉄筋コンクリート造,4,N,406号室,2LDK,52,5,79600,2900,2か月,"['近居割', '近居割WIDE']",随時,https://www.ur-net.go.jp/chintai/kanto/kanagawa/40_1410_room.html?JKSS=000080406,<li>小田急小田原線「鶴川」駅バス13分 徒歩2～7分</li><li>小田急小田原線「玉川学園前」駅 徒歩15～21分</li><li>東急田園都市線「青葉台」駅バス16～17分 徒歩1～7分</li>
kanagawa,shinyurigaoka,奈良北,82500,,,,東急田園都市線「青葉台」駅,17.0,24.0,横浜市青葉区奈良町2913,8号棟,鉄筋コンクリート造、鉄骨鉄筋コンクリート造,4,N,406号室,2LDK,52,5,79600,2900,2か月,"['近居割', '近居割WIDE']",随時,https://www.ur-net.go.jp/chintai/kanto/kanagawa/40_1410_room.html?JKSS=000080406,<li>小田急小田原線「鶴川」駅バス13分 徒歩2～7分</li><li>小田急小田原線「玉川学園前」駅 徒歩15～21分</li><li>東急田園都市線「青葉台」駅バス16～17分 徒歩1～7分</li>
kanagawa,shinyurigaoka,奈良北,82500,,,,,,,横浜市青葉区奈良町2913,8号棟,鉄筋コンクリート造、鉄骨鉄筋コンクリート造,4,N,406号室,2LDK,52,5,79600,2900,2か月,"['近居割', '近居割WIDE']",随時,https://www.ur-net.go.jp/chintai/kanto/kanagawa/40_1410_room.html?JKSS=000080406,<li>小田急小田原線「鶴川」駅バス13分 徒歩2～7分</li><li>小田急小田原線「玉川学園前」駅 徒歩15～21分</li><li>東急田園都市線「青葉台」駅バス16～17分 徒歩1～7分</li>
kanagawa,shinyurigaoka,奈良北,93800,,,,小田急小田原線「鶴川」駅,15.0,20.0,横浜市青葉区奈良町2913,7号棟,鉄筋コンクリート造、鉄骨鉄筋コンクリート造,6,N,614号室,2LDK,54,8,90900,2900,2か月,"['近居割', '近居割WIDE']",随時,https://www.ur-net.go.jp/chintai/kanto/kanagawa/40_1410_room.html?JKSS=000070614,<li>小田急小田原線「鶴川」駅バス13分 徒歩2～7分</li><li>小田急小田原線「玉川学園前」駅 徒歩15～21分</li><li>東急田園都市線「青葉台」駅バス16～17分 徒歩1～7分</li>
kanagawa,shinyurigaoka,奈良北,93800,小田急小田原線「玉川学園前」駅,15.0,21.0,,,,横浜市青葉区奈良町2913,7号棟,鉄筋コンクリート造、鉄骨鉄筋コンクリート造,6,N,614号室,2LDK,54,8,90900,2900,2か月,"['近居割', '近居割WIDE']",随時,https://www.ur-net.go.jp/chintai/kanto/kanagawa/40_1410_room.html?JKSS=000070614,<li>小田急小田原線「鶴川」駅バス13分 徒歩2～7分</li><li>小田急小田原線「玉川学園前」駅 徒歩15～21分</li><li>東急田園都市線「青葉台」駅バス16～17分 徒歩1～7分</li>
kanagawa,shinyurigaoka,奈良北,93800,,,,東急田園都市線「青葉台」駅,17.0,24.0,横浜市青葉区奈良町2913,7号棟,鉄筋コンクリート造、鉄骨鉄筋コンクリート造,6,N,614号室,2LDK,54,8,90900,2900,2か月,"['近居割', '近居割WIDE']",随時,https://www.ur-net.go.jp/chintai/kanto/kanagawa/40_1410_room.html?JKSS=000070614,<li>小田急小田原線「鶴川」駅バス13分 徒歩2～7分</li><li>小田急小田原線「玉川学園前」駅 徒歩15～21分</li><li>東急田園都市線「青葉台」駅バス16～17分 徒歩1～7分</li>
kanagawa,shinyurigaoka,奈良北,93800,,,,,,,横浜市青葉区奈良町2913,7号棟,鉄筋コンクリート造、鉄骨鉄筋コンクリート造,6,N,614号室,2LDK,54,8,90900,2900,2か月,"['近居割', '近居割WIDE']",随時,https://www.ur-net.go.jp/chintai/kanto/kanagawa/40_1410_room.html?JKSS=000070614,<li>小田急小田原線「鶴川」駅バス13分 徒歩2～7分</li><li>小田急小田原線「玉川学園前」駅 徒歩15～21分</li><li>東急田園都市線「青葉台」駅バス16～17分 徒歩1～7分</li>
kanagawa,shinyurigaoka,グリーンヒル鴨志田中央,109400,,,,東急田園都市線「青葉台」駅,10.0,11.0,横浜市青葉区鴨志田町539-3,3号棟,鉄筋コンクリート造,5,N,502号室,3DK,61,5,104300,5100,2か月,['近居割'],随時,https://www.ur-net.go.jp/chintai/kanto/kanagawa/40_2880_room.html?JKSS=000030502,<li>東急田園都市線「青葉台」駅バス8分 徒歩2～3分</li><li>小田急小田原線「柿生」駅バス13分 徒歩2～3分</li><li>東急こどもの国線「こどもの国」駅 徒歩36分</li>
kanagawa,shinyurigaoka,グリーンヒル鴨志田中央,109400,,,,小田急小田原線「柿生」駅,15.0,16.0,横浜市青葉区鴨志田町539-3,3号棟,鉄筋コンクリート造,5,N,502号室,3DK,61,5,104300,5100,2か月,['近居割'],随時,https://www.ur-net.go.jp/chintai/kanto/kanagawa/40_2880_room.html?JKSS=000030502,<li>東急田園都市線「青葉台」駅バス8分 徒歩2～3分</li><li>小田急小田原線「柿生」駅バス13分 徒歩2～3分</li><li>東急こどもの国線「こどもの国」駅 徒歩36分</li>
kanagawa,shinyurigaoka,グリーンヒル鴨志田中央,109400,東急こどもの国線「こどもの国」駅,36.0,36.0,,,,横浜市青葉区鴨志田町539-3,3号棟,鉄筋コンクリート造,5,N,502号室,3DK,61,5,104300,5100,2か月,['近居割'],随時,https://www.ur-net.go.jp/chintai/kanto/kanagawa/40_2880_room.html?JKSS=000030502,<li>東急田園都市線「青葉台」駅バス8分 徒歩2～3分</li><li>小田急小田原線「柿生」駅バス13分 徒歩2～3分</li><li>東急こどもの国線「こどもの国」駅 徒歩36分</li>
kanagawa,shinyurigaoka,グリーンヒル鴨志田中央,109400,,,,,,,横浜市青葉区鴨志田町539-3,3号棟,鉄筋コンクリート造,5,N,502号室,3DK,61,5,104300,5100,2か月,['近居割'],随時,https://www.ur-net.go.jp/chintai/kanto/kanagawa/40_2880_room.html?JKSS=000030502,<li>東急田園都市線「青葉台」駅バス8分 徒歩2～3分</li><li>小田急小田原線「柿生」駅バス13分 徒歩2～3分</li><li>東急こどもの国線「こどもの国」駅 徒歩36分</li>
kanagawa,shinyurigaoka,あおば山の手台ヴェルディール奈良,179400,東急こどもの国線「こどもの国」駅,8.0,10.0,,,,横浜市青葉区奈良4-4-1,8号棟,鉄筋コンクリート造,9,N,904号室,4LDK,104,9,172000,7400,2か月,['近居割'],随時,https://www.ur-net.go.jp/chintai/kanto/kanagawa/40_3580_room.html?JKSS=000080904,<li>東急こどもの国線「こどもの国」駅 徒歩8～10分</li><li>JR横浜線「成瀬」駅バス12分 徒歩2～3分</li><li>東急田園都市線「青葉台」駅バス10分 徒歩10～12分</li>
kanagawa,shinyurigaoka,あおば山の手台ヴェルディール奈良,179400,,,,JR横浜線「成瀬」駅,14.0,15.0,横浜市青葉区奈良4-4-1,8号棟,鉄筋コンクリート造,9,N,904号室,4LDK,104,9,172000,7400,2か月,['近居割'],随時,https://www.ur-net.go.jp/chintai/kanto/kanagawa/40_3580_room.html?JKSS=000080904,<li>東急こどもの国線「こどもの国」駅 徒歩8～10分</li><li>JR横浜線「成瀬」駅バス12分 徒歩2～3分</li><li>東急田園都市線「青葉台」駅バス10分 徒歩10～12分</li>
kanagawa,shinyurigaoka,あおば山の手台ヴェルディール奈良,179400,,,,東急田園都市線「青葉台」駅,20.0,22.0,横浜市青葉区奈良4-4-1,8号棟,鉄筋コンクリート造,9,N,904号室,4LDK,104,9,172000,7400,2か月,['近居割'],随時,https://www.ur-net.go.jp/chintai/kanto/kanagawa/40_3580_room.html?JKSS=000080904,<li>東急こどもの国線「こどもの国」駅 徒歩8～10分</li><li>JR横浜線「成瀬」駅バス12分 徒歩2～3分</li><li>東急田園都市線「青葉台」駅バス10分 徒歩10～12分</li>
kanagawa,shinyurigaoka,あおば山の手台ヴェルディール奈良,179400,,,,,,,横浜市青葉区奈良4-4-1,8号棟,鉄筋コンクリート造,9,N,904号室,4LDK,104,9,172000,7400,2か月,['近居割'],随時,https://www.ur-net.go.jp/chintai/kanto/kanagawa/40_3580_room.html?JKSS=000080904,<li>東急こどもの国線「こどもの国」駅 徒歩8～10分</li><li>JR横浜線「成瀬」駅バス12分 徒歩2～3分</li><li>東急田園都市線「青葉台」駅バス10分 徒歩10～12分</li>
kanagawa,kohoku,港北ニュータウン　コンフォール城山の丘,175900,横浜市営地下鉄グリーンライン「東山田」駅,7.0,9.0,,,,横浜市都筑区東山田3-23,9号棟,鉄筋コンクリート造,5,N,509号室,4LDK,98,6,169200,6700,2か月,['フリレ１か月'],随時,https://www.ur-net.go.jp/chintai/kanto/kanagawa/40_3830_room.html?JKSS=000090509,<li>横浜市営地下鉄グリーンライン「東山田」駅 徒歩7～9分</li><li>東急田園都市線「鷺沼」駅バス17分 徒歩4～7分</li><li>横浜市営地下鉄グリーンライン「北山田」駅 徒歩13～15分</li>
kanagawa,kohoku,港北ニュータウン　コンフォール城山の丘,175900,,,,東急田園都市線「鷺沼」駅,21.0,24.0,横浜市都筑区東山田3-23,9号棟,鉄筋コンクリート造,5,N,509号室,4LDK,98,6,169200,6700,2か月,['フリレ１か月'],随時,https://www.ur-net.go.jp/chintai/kanto/kanagawa/40_3830_room.html?JKSS=000090509,<li>横浜市営地下鉄グリーンライン「東山田」駅 徒歩7～9分</li><li>東急田園都市線「鷺沼」駅バス17分 徒歩4～7分</li><li>横浜市営地下鉄グリーンライン「北山田」駅 徒歩13～15分</li>
kanagawa,kohoku,港北ニュータウン　コンフォール城山の丘,175900,横浜市営地下鉄グリーンライン「北山田」駅,13.0,15.0,,,,横浜市都筑区東山田3-23,9号棟,鉄筋コンクリート造,5,N,509号室,4LDK,98,6,169200,6700,2か月,['フリレ１か月'],随時,https://www.ur-net.go.jp/chintai/kanto/kanagawa/40_3830_room.html?JKSS=000090509,<li>横浜市営地下鉄グリーンライン「東山田」駅 徒歩7～9分</li><li>東急田園都市線「鷺沼」駅バス17分 徒歩4～7分</li><li>横浜市営地下鉄グリーンライン「北山田」駅 徒歩13～15分</li>
kanagawa,kohoku,港北ニュータウン　コンフォール城山の丘,175900,,,,,,,横浜市都筑区東山田3-23,9号棟,鉄筋コンクリート造,5,N,509号室,4LDK,98,6,169200,6700,2か月,['フリレ１か月'],随時,https://www.ur-net.go.jp/chintai/kanto/kanagawa/40_3830_room.html?JKSS=000090509,<li>横浜市営地下鉄グリーンライン「東山田」駅 徒歩7～9分</li><li>東急田園都市線「鷺沼」駅バス17分 徒歩4～7分</li><li>横浜市営地下鉄グリーンライン「北山田」駅 徒歩13～15分</li>
kanagawa,yokohamanishiguchi,ベイシティ本牧南,137800,,,,JR京浜東北・根岸線「根岸」駅,16.0,19.0,横浜市中区本牧原21,2号棟,鉄筋コンクリート造,6,N,608号室,1K,54,12,132800,5000,2か月,['近居割'],随時,https://www.ur-net.go.jp/chintai/kanto/kanagawa/40_3820_room.html?JKSS=000020608,<li>JR京浜東北・根岸線「根岸」駅バス13分 徒歩3～6分</li><li>みなとみらい線「元町・中華街」駅バス13分 徒歩3～6分</li><li>JR京浜東北・根岸線「桜木町」駅バス24分 徒歩3～6分</li>
kanagawa,yokohamanishiguchi,ベイシティ本牧南,137800,,,,みなとみらい線「元町・中華街」駅,16.0,19.0,横浜市中区本牧原21,2号棟,鉄筋コンクリート造,6,N,608号室,1K,54,12,132800,5000,2か月,['近居割'],随時,https://www.ur-net.go.jp/chintai/kanto/kanagawa/40_3820_room.html?JKSS=000020608,<li>JR京浜東北・根岸線「根岸」駅バス13分 徒歩3～6分</li><li>みなとみらい線「元町・中華街」駅バス13分 徒歩3～6分</li><li>JR京浜東北・根岸線「桜木町」駅バス24分 徒歩3～6分</li>
kanagawa,yokohamanishiguchi,ベイシティ本牧南,137800,,,,JR京浜東北・根岸線「桜木町」駅,27.0,30.0,横浜市中区本牧原21,2号棟,鉄筋コンクリート造,6,N,608号室,1K,54,12,132800,5000,2か月,['近居割'],随時,https://www.ur-net.go.jp/chintai/kanto/kanagawa/40_3820_room.html?JKSS=000020608,<li>JR京浜東北・根岸線「根岸」駅バス13分 徒歩3～6分</li><li>みなとみらい線「元町・中華街」駅バス13分 徒歩3～6分</li><li>JR京浜東北・根岸線「桜木町」駅バス24分 徒歩3～6分</li>
kanagawa,yokohamanishiguchi,ベイシティ本牧南,137800,,,,,,,横浜市中区本牧原21,2号棟,鉄筋コンクリート造,6,N,608号室,1K,54,12,132800,5000,2か月,['近居割'],随時,https://www.ur-net.go.jp/chintai/kanto/kanagawa/40_3820_room.html?JKSS=000020608,<li>JR京浜東北・根岸線「根岸」駅バス13分 徒歩3～6分</li><li>みなとみらい線「元町・中華街」駅バス13分 徒歩3～6分</li><li>JR京浜東北・根岸線「桜木町」駅バス24分 徒歩3～6分</li>
kanagawa,yokohamanishiguchi,ベイシティ本牧南,145600,,,,JR京浜東北・根岸線「根岸」駅,16.0,19.0,横浜市中区本牧原21,4号棟,鉄筋コンクリート造,6,N,605号室,1LDK,54,8,140600,5000,2か月,['近居割'],随時,https://www.ur-net.go.jp/chintai/kanto/kanagawa/40_3820_room.html?JKSS=000040605,<li>JR京浜東北・根岸線「根岸」駅バス13分 徒歩3～6分</li><li>みなとみらい線「元町・中華街」駅バス13分 徒歩3～6分</li><li>JR京浜東北・根岸線「桜木町」駅バス24分 徒歩3～6分</li>
kanagawa,yokohamanishiguchi,ベイシティ本牧南,145600,,,,みなとみらい線「元町・中華街」駅,16.0,19.0,横浜市中区本牧原21,4号棟,鉄筋コンクリート造,6,N,605号室,1LDK,54,8,140600,5000,2か月,['近居割'],随時,https://www.ur-net.go.jp/chintai/kanto/kanagawa/40_3820_room.html?JKSS=000040605,<li>JR京浜東北・根岸線「根岸」駅バス13分 徒歩3～6分</li><li>みなとみらい線「元町・中華街」駅バス13分 徒歩3～6分</li><li>JR京浜東北・根岸線「桜木町」駅バス24分 徒歩3～6分</li>
kanagawa,yokohamanishiguchi,ベイシティ本牧南,145600,,,,JR京浜東北・根岸線「桜木町」駅,27.0,30.0,横浜市中区本牧原21,4号棟,鉄筋コンクリート造,6,N,605号室,1LDK,54,8,140600,5000,2か月,['近居割'],随時,https://www.ur-net.go.jp/chintai/kanto/kanagawa/40_3820_room.html?JKSS=000040605,<li>JR京浜東北・根岸線「根岸」駅バス13分 徒歩3～6分</li><li>みなとみらい線「元町・中華街」駅バス13分 徒歩3～6分</li><li>JR京浜東北・根岸線「桜木町」駅バス24分 徒歩3～6分</li>
kanagawa,yokohamanishiguchi,ベイシティ本牧南,145600,,,,,,,横浜市中区本牧原21,4号棟,鉄筋コンクリート造,6,N,605号室,1LDK,54,8,140600,5000,2か月,['近居割'],随時,https://www.ur-net.go.jp/chintai/kanto/kanagawa/40_3820_room.html?JKSS=000040605,<li>JR京浜東北・根岸線「根岸」駅バス13分 徒歩3～6分</li><li>みなとみらい線「元町・中華街」駅バス13分 徒歩3～6分</li><li>JR京浜東北・根岸線「桜木町」駅バス24分 徒歩3～6分</li>
kanagawa,yokohamanishiguchi,ベイシティ本牧南,179400,,,,JR京浜東北・根岸線「根岸」駅,16.0,19.0,横浜市中区本牧原21,2号棟,鉄筋コンクリート造,5,N,505号室,3LDK,83,12,174400,5000,2か月,['近居割'],随時,https://www.ur-net.go.jp/chintai/kanto/kanagawa/40_3820_room.html?JKSS=000020505,<li>JR京浜東北・根岸線「根岸」駅バス13分 徒歩3～6分</li><li>みなとみらい線「元町・中華街」駅バス13分 徒歩3～6分</li><li>JR京浜東北・根岸線「桜木町」駅バス24分 徒歩3～6分</li>
kanagawa,yokohamanishiguchi,ベイシティ本牧南,179400,,,,みなとみらい線「元町・中華街」駅,16.0,19.0,横浜市中区本牧原21,2号棟,鉄筋コンクリート造,5,N,505号室,3LDK,83,12,174400,5000,2か月,['近居割'],随時,https://www.ur-net.go.jp/chintai/kanto/kanagawa/40_3820_room.html?JKSS=000020505,<li>JR京浜東北・根岸線「根岸」駅バス13分 徒歩3～6分</li><li>みなとみらい線「元町・中華街」駅バス13分 徒歩3～6分</li><li>JR京浜東北・根岸線「桜木町」駅バス24分 徒歩3～6分</li>
kanagawa,yokohamanishiguchi,ベイシティ本牧南,179400,,,,JR京浜東北・根岸線「桜木町」駅,27.0,30.0,横浜市中区本牧原21,2号棟,鉄筋コンクリート造,5,N,505号室,3LDK,83,12,174400,5000,2か月,['近居割'],随時,https://www.ur-net.go.jp/chintai/kanto/kanagawa/40_3820_room.html?JKSS=000020505,<li>JR京浜東北・根岸線「根岸」駅バス13分 徒歩3～6分</li><li>みなとみらい線「元町・中華街」駅バス13分 徒歩3～6分</li><li>JR京浜東北・根岸線「桜木町」駅バス24分 徒歩3～6分</li>
kanagawa,yokohamanishiguchi,ベイシティ本牧南,179400,,,,,,,横浜市中区本牧原21,2号棟,鉄筋コンクリート造,5,N,505号室,3LDK,83,12,174400,5000,2か月,['近居割'],随時,https://www.ur-net.go.jp/chintai/kanto/kanagawa/40_3820_room.html?JKSS=000020505,<li>JR京浜東北・根岸線「根岸」駅バス13分 徒歩3～6分</li><li>みなとみらい線「元町・中華街」駅バス13分 徒歩3～6分</li><li>JR京浜東北・根岸線「桜木町」駅バス24分 徒歩3～6分</li>
kanagawa,yokohamanishiguchi,ベイシティ本牧南,186000,,,,JR京浜東北・根岸線「根岸」駅,16.0,19.0,横浜市中区本牧原21,6号棟,鉄筋コンクリート造,1,N,101号室,4LDK,90,12,181000,5000,2か月,['近居割'],随時,https://www.ur-net.go.jp/chintai/kanto/kanagawa/40_3820_room.html?JKSS=000060101,<li>JR京浜東北・根岸線「根岸」駅バス13分 徒歩3～6分</li><li>みなとみらい線「元町・中華街」駅バス13分 徒歩3～6分</li><li>JR京浜東北・根岸線「桜木町」駅バス24分 徒歩3～6分</li>
kanagawa,yokohamanishiguchi,ベイシティ本牧南,186000,,,,みなとみらい線「元町・中華街」駅,16.0,19.0,横浜市中区本牧原21,6号棟,鉄筋コンクリート造,1,N,101号室,4LDK,90,12,181000,5000,2か月,['近居割'],随時,https://www.ur-net.go.jp/chintai/kanto/kanagawa/40_3820_room.html?JKSS=000060101,<li>JR京浜東北・根岸線「根岸」駅バス13分 徒歩3～6分</li><li>みなとみらい線「元町・中華街」駅バス13分 徒歩3～6分</li><li>JR京浜東北・根岸線「桜木町」駅バス24分 徒歩3～6分</li>
kanagawa,yokohamanishiguchi,ベイシティ本牧南,186000,,,,JR京浜東北・根岸線「桜木町」駅,27.0,30.0,横浜市中区本牧原21,6号棟,鉄筋コンクリート造,1,N,101号室,4LDK,90,12,181000,5000,2か月,['近居割'],随時,https://www.ur-net.go.jp/chintai/kanto/kanagawa/40_3820_room.html?JKSS=000060101,<li>JR京浜東北・根岸線「根岸」駅バス13分 徒歩3～6分</li><li>みなとみらい線「元町・中華街」駅バス13分 徒歩3～6分</li><li>JR京浜東北・根岸線「桜木町」駅バス24分 徒歩3～6分</li>
kanagawa,yokohamanishiguchi,ベイシティ本牧南,186000,,,,,,,横浜市中区本牧原21,6号棟,鉄筋コンクリート造,1,N,101号室,4LDK,90,12,181000,5000,2か月,['近居割'],随時,https://www.ur-net.go.jp/chintai/kanto/kanagawa/40_3820_room.html?JKSS=000060101,<li>JR京浜東北・根岸線「根岸」駅バス13分 徒歩3～6分</li><li>みなとみらい線「元町・中華街」駅バス13分 徒歩3～6分</li><li>JR京浜東北・根岸線「桜木町」駅バス24分 徒歩3～6分</li>
kanagawa,yokohamanishiguchi,ビューコート小港,157700,みなとみらい線「元町・中華街」駅,21.0,23.0,,,,横浜市中区小港町1-1-2,4号棟,鉄筋コンクリート造,4,N,405号室,2LDK,66,14,152400,5300,2か月,['近居割'],随時,https://www.ur-net.go.jp/chintai/kanto/kanagawa/40_3310_room.html?JKSS=000040405,<li>みなとみらい線「元町・中華街」駅 徒歩21～23分</li><li>JR京浜東北・根岸線「桜木町」駅バス18分 徒歩3～5分</li><li>JR京浜東北・根岸線「根岸」駅バス18分 徒歩3～5分</li>
kanagawa,yokohamanishiguchi,ビューコート小港,157700,,,,JR京浜東北・根岸線「桜木町」駅,21.0,23.0,横浜市中区小港町1-1-2,4号棟,鉄筋コンクリート造,4,N,405号室,2LDK,66,14,152400,5300,2か月,['近居割'],随時,https://www.ur-net.go.jp/chintai/kanto/kanagawa/40_3310_room.html?JKSS=000040405,<li>みなとみらい線「元町・中華街」駅 徒歩21～23分</li><li>JR京浜東北・根岸線「桜木町」駅バス18分 徒歩3～5分</li><li>JR京浜東北・根岸線「根岸」駅バス18分 徒歩3～5分</li>
kanagawa,yokohamanishiguchi,ビューコート小港,157700,,,,JR京浜東北・根岸線「根岸」駅,21.0,23.0,横浜市中区小港町1-1-2,4号棟,鉄筋コンクリート造,4,N,405号室,2LDK,66,14,152400,5300,2か月,['近居割'],随時,https://www.ur-net.go.jp/chintai/kanto/kanagawa/40_3310_room.html?JKSS=000040405,<li>みなとみらい線「元町・中華街」駅 徒歩21～23分</li><li>JR京浜東北・根岸線「桜木町」駅バス18分 徒歩3～5分</li><li>JR京浜東北・根岸線「根岸」駅バス18分 徒歩3～5分</li>
kanagawa,yokohamanishiguchi,ビューコート小港,157700,,,,,,,横浜市中区小港町1-1-2,4号棟,鉄筋コンクリート造,4,N,405号室,2LDK,66,14,152400,5300,2か月,['近居割'],随時,https://www.ur-net.go.jp/chintai/kanto/kanagawa/40_3310_room.html?JKSS=000040405,<li>みなとみらい線「元町・中華街」駅 徒歩21～23分</li><li>JR京浜東北・根岸線「桜木町」駅バス18分 徒歩3～5分</li><li>JR京浜東北・根岸線「根岸」駅バス18分 徒歩3～5分</li>
kanagawa,yokohamanishiguchi,ベイサイト本牧－Ⅲ,158800,,,,JR根岸線「根岸」駅,9.0,9.0,横浜市中区本牧和田33-8,,鉄筋コンクリート造,3,N,304号室,3LDK,69,7,155400,3400,2か月,['近居割'],随時,https://www.ur-net.go.jp/chintai/kanto/kanagawa/40_3720_room.html?JKSS=000000304,<li>JR根岸線「根岸」駅 バス８分 徒歩1分</li><li>JR根岸線・横浜市営地下鉄ブルーライン「桜木町」バス26分徒歩1分</li>
kanagawa,yokohamanishiguchi,ベイサイト本牧－Ⅲ,158800,,,,JR根岸線・横浜市営地下鉄ブルーライン「桜木町」,27.0,27.0,横浜市中区本牧和田33-8,,鉄筋コンクリート造,3,N,304号室,3LDK,69,7,155400,3400,2か月,['近居割'],随時,https://www.ur-net.go.jp/chintai/kanto/kanagawa/40_3720_room.html?JKSS=000000304,<li>JR根岸線「根岸」駅 バス８分 徒歩1分</li><li>JR根岸線・横浜市営地下鉄ブルーライン「桜木町」バス26分徒歩1分</li>
kanagawa,yokohamanishiguchi,ベイサイト本牧－Ⅲ,158800,,,,,,,横浜市中区本牧和田33-8,,鉄筋コンクリート造,3,N,304号室,3LDK,69,7,155400,3400,2か月,['近居割'],随時,https://www.ur-net.go.jp/chintai/kanto/kanagawa/40_3720_room.html?JKSS=000000304,<li>JR根岸線「根岸」駅 バス８分 徒歩1分</li><li>JR根岸線・横浜市営地下鉄ブルーライン「桜木町」バス26分徒歩1分</li>
kanagawa,futamatagawa,左近山,64400,,,,相鉄本線「二俣川」駅,14.0,23.0,横浜市旭区左近山16-1ほか,9-4号棟,鉄筋コンクリート造、鉄骨鉄筋コンクリート造,5,N,505号室,2DK,45,5,59600,4800,2か月,"['近居割', '近居割WIDE']",随時,https://www.ur-net.go.jp/chintai/kanto/kanagawa/40_1180_room.html?JKSS=009040505,<li>相鉄本線「二俣川」駅バス13～17分 徒歩1～6分</li><li>JR横須賀線「東戸塚」駅バス25～31分 徒歩1～6分</li><li>相鉄本線「鶴ヶ峰」駅バス24～29分 徒歩1～6分</li>
kanagawa,futamatagawa,左近山,64400,,,,JR横須賀線「東戸塚」駅,26.0,37.0,横浜市旭区左近山16-1ほか,9-4号棟,鉄筋コンクリート造、鉄骨鉄筋コンクリート造,5,N,505号室,2DK,45,5,59600,4800,2か月,"['近居割', '近居割WIDE']",随時,https://www.ur-net.go.jp/chintai/kanto/kanagawa/40_1180_room.html?JKSS=009040505,<li>相鉄本線「二俣川」駅バス13～17分 徒歩1～6分</li><li>JR横須賀線「東戸塚」駅バス25～31分 徒歩1～6分</li><li>相鉄本線「鶴ヶ峰」駅バス24～29分 徒歩1～6分</li>
kanagawa,futamatagawa,左近山,64400,,,,相鉄本線「鶴ヶ峰」駅,25.0,35.0,横浜市旭区左近山16-1ほか,9-4号棟,鉄筋コンクリート造、鉄骨鉄筋コンクリート造,5,N,505号室,2DK,45,5,59600,4800,2か月,"['近居割', '近居割WIDE']",随時,https://www.ur-net.go.jp/chintai/kanto/kanagawa/40_1180_room.html?JKSS=009040505,<li>相鉄本線「二俣川」駅バス13～17分 徒歩1～6分</li><li>JR横須賀線「東戸塚」駅バス25～31分 徒歩1～6分</li><li>相鉄本線「鶴ヶ峰」駅バス24～29分 徒歩1～6分</li>
kanagawa,futamatagawa,左近山,64400,,,,,,,横浜市旭区左近山16-1ほか,9-4号棟,鉄筋コンクリート造、鉄骨鉄筋コンクリート造,5,N,505号室,2DK,45,5,59600,4800,2か月,"['近居割', '近居割WIDE']",随時,https://www.ur-net.go.jp/chintai/kanto/kanagawa/40_1180_room.html?JKSS=009040505,<li>相鉄本線「二俣川」駅バス13～17分 徒歩1～6分</li><li>JR横須賀線「東戸塚」駅バス25～31分 徒歩1～6分</li><li>相鉄本線「鶴ヶ峰」駅バス24～29分 徒歩1～6分</li>
kanagawa,futamatagawa,左近山,70600,,,,相鉄本線「二俣川」駅,14.0,23.0,横浜市旭区左近山16-1ほか,7-8号棟,鉄筋コンクリート造、鉄骨鉄筋コンクリート造,5,N,506号室,3K,50,5,65800,4800,2か月,"['近居割', '近居割WIDE']",随時,https://www.ur-net.go.jp/chintai/kanto/kanagawa/40_1180_room.html?JKSS=007080506,<li>相鉄本線「二俣川」駅バス13～17分 徒歩1～6分</li><li>JR横須賀線「東戸塚」駅バス25～31分 徒歩1～6分</li><li>相鉄本線「鶴ヶ峰」駅バス24～29分 徒歩1～6分</li>
kanagawa,futamatagawa,左近山,70600,,,,JR横須賀線「東戸塚」駅,26.0,37.0,横浜市旭区左近山16-1ほか,7-8号棟,鉄筋コンクリート造、鉄骨鉄筋コンクリート造,5,N,506号室,3K,50,5,65800,4800,2か月,"['近居割', '近居割WIDE']",随時,https://www.ur-net.go.jp/chintai/kanto/kanagawa/40_1180_room.html?JKSS=007080506,<li>相鉄本線「二俣川」駅バス13～17分 徒歩1～6分</li><li>JR横須賀線「東戸塚」駅バス25～31分 徒歩1～6分</li><li>相鉄本線「鶴ヶ峰」駅バス24～29分 徒歩1～6分</li>
kanagawa,futamatagawa,左近山,70600,,,,相鉄本線「鶴ヶ峰」駅,25.0,35.0,横浜市旭区左近山16-1ほか,7-8号棟,鉄筋コンクリート造、鉄骨鉄筋コンクリート造,5,N,506号室,3K,50,5,65800,4800,2か月,"['近居割', '近居割WIDE']",随時,https://www.ur-net.go.jp/chintai/kanto/kanagawa/40_1180_room.html?JKSS=007080506,<li>相鉄本線「二俣川」駅バス13～17分 徒歩1～6分</li><li>JR横須賀線「東戸塚」駅バス25～31分 徒歩1～6分</li><li>相鉄本線「鶴ヶ峰」駅バス24～29分 徒歩1～6分</li>
kanagawa,futamatagawa,左近山,70600,,,,,,,横浜市旭区左近山16-1ほか,7-8号棟,鉄筋コンクリート造、鉄骨鉄筋コンクリート造,5,N,506号室,3K,50,5,65800,4800,2か月,"['近居割', '近居割WIDE']",随時,https://www.ur-net.go.jp/chintai/kanto/kanagawa/40_1180_room.html?JKSS=007080506,<li>相鉄本線「二俣川」駅バス13～17分 徒歩1～6分</li><li>JR横須賀線「東戸塚」駅バス25～31分 徒歩1～6分</li><li>相鉄本線「鶴ヶ峰」駅バス24～29分 徒歩1～6分</li>
kanagawa,futamatagawa,左近山,70600,,,,相鉄本線「二俣川」駅,14.0,23.0,横浜市旭区左近山16-1ほか,8-16号棟,鉄筋コンクリート造、鉄骨鉄筋コンクリート造,5,N,503号室,3K,50,5,65800,4800,2か月,"['近居割', '近居割WIDE']",随時,https://www.ur-net.go.jp/chintai/kanto/kanagawa/40_1180_room.html?JKSS=008160503,<li>相鉄本線「二俣川」駅バス13～17分 徒歩1～6分</li><li>JR横須賀線「東戸塚」駅バス25～31分 徒歩1～6分</li><li>相鉄本線「鶴ヶ峰」駅バス24～29分 徒歩1～6分</li>
kanagawa,futamatagawa,左近山,70600,,,,JR横須賀線「東戸塚」駅,26.0,37.0,横浜市旭区左近山16-1ほか,8-16号棟,鉄筋コンクリート造、鉄骨鉄筋コンクリート造,5,N,503号室,3K,50,5,65800,4800,2か月,"['近居割', '近居割WIDE']",随時,https://www.ur-net.go.jp/chintai/kanto/kanagawa/40_1180_room.html?JKSS=008160503,<li>相鉄本線「二俣川」駅バス13～17分 徒歩1～6分</li><li>JR横須賀線「東戸塚」駅バス25～31分 徒歩1～6分</li><li>相鉄本線「鶴ヶ峰」駅バス24～29分 徒歩1～6分</li>
kanagawa,futamatagawa,左近山,70600,,,,相鉄本線「鶴ヶ峰」駅,25.0,35.0,横浜市旭区左近山16-1ほか,8-16号棟,鉄筋コンクリート造、鉄骨鉄筋コンクリート造,5,N,503号室,3K,50,5,65800,4800,2か月,"['近居割', '近居割WIDE']",随時,https://www.ur-net.go.jp/chintai/kanto/kanagawa/40_1180_room.html?JKSS=008160503,<li>相鉄本線「二俣川」駅バス13～17分 徒歩1～6分</li><li>JR横須賀線「東戸塚」駅バス25～31分 徒歩1～6分</li><li>相鉄本線「鶴ヶ峰」駅バス24～29分 徒歩1～6分</li>
kanagawa,futamatagawa,左近山,70600,,,,,,,横浜市旭区左近山16-1ほか,8-16号棟,鉄筋コンクリート造、鉄骨鉄筋コンクリート造,5,N,503号室,3K,50,5,65800,4800,2か月,"['近居割', '近居割WIDE']",随時,https://www.ur-net.go.jp/chintai/kanto/kanagawa/40_1180_room.html?JKSS=008160503,<li>相鉄本線「二俣川」駅バス13～17分 徒歩1～6分</li><li>JR横須賀線「東戸塚」駅バス25～31分 徒歩1～6分</li><li>相鉄本線「鶴ヶ峰」駅バス24～29分 徒歩1～6分</li>
kanagawa,futamatagawa,左近山,70600,,,,相鉄本線「二俣川」駅,14.0,23.0,横浜市旭区左近山16-1ほか,9-13号棟,鉄筋コンクリート造、鉄骨鉄筋コンクリート造,5,N,503号室,3K,50,5,65800,4800,2か月,"['近居割', '近居割WIDE']",随時,https://www.ur-net.go.jp/chintai/kanto/kanagawa/40_1180_room.html?JKSS=009130503,<li>相鉄本線「二俣川」駅バス13～17分 徒歩1～6分</li><li>JR横須賀線「東戸塚」駅バス25～31分 徒歩1～6分</li><li>相鉄本線「鶴ヶ峰」駅バス24～29分 徒歩1～6分</li>
kanagawa,futamatagawa,左近山,70600,,,,JR横須賀線「東戸塚」駅,26.0,37.0,横浜市旭区左近山16-1ほか,9-13号棟,鉄筋コンクリート造、鉄骨鉄筋コンクリート造,5,N,503号室,3K,50,5,65800,4800,2か月,"['近居割', '近居割WIDE']",随時,https://www.ur-net.go.jp/chintai/kanto/kanagawa/40_1180_room.html?JKSS=009130503,<li>相鉄本線「二俣川」駅バス13～17分 徒歩1～6分</li><li>JR横須賀線「東戸塚」駅バス25～31分 徒歩1～6分</li><li>相鉄本線「鶴ヶ峰」駅バス24～29分 徒歩1～6分</li>
kanagawa,futamatagawa,左近山,70600,,,,相鉄本線「鶴ヶ峰」駅,25.0,35.0,横浜市旭区左近山16-1ほか,9-13号棟,鉄筋コンクリート造、鉄骨鉄筋コンクリート造,5,N,503号室,3K,50,5,65800,4800,2か月,"['近居割', '近居割WIDE']",随時,https://www.ur-net.go.jp/chintai/kanto/kanagawa/40_1180_room.html?JKSS=009130503,<li>相鉄本線「二俣川」駅バス13～17分 徒歩1～6分</li><li>JR横須賀線「東戸塚」駅バス25～31分 徒歩1～6分</li><li>相鉄本線「鶴ヶ峰」駅バス24～29分 徒歩1～6分</li>
kanagawa,futamatagawa,左近山,70600,,,,,,,横浜市旭区左近山16-1ほか,9-13号棟,鉄筋コンクリート造、鉄骨鉄筋コンクリート造,5,N,503号室,3K,50,5,65800,4800,2か月,"['近居割', '近居割WIDE']",随時,https://www.ur-net.go.jp/chintai/kanto/kanagawa/40_1180_room.html?JKSS=009130503,<li>相鉄本線「二俣川」駅バス13～17分 徒歩1～6分</li><li>JR横須賀線「東戸塚」駅バス25～31分 徒歩1～6分</li><li>相鉄本線「鶴ヶ峰」駅バス24～29分 徒歩1～6分</li>
kanagawa,futamatagawa,左近山,73500,,,,相鉄本線「二俣川」駅,14.0,23.0,横浜市旭区左近山16-1ほか,7-8号棟,鉄筋コンクリート造、鉄骨鉄筋コンクリート造,4,N,405号室,2LDK,50,5,68700,4800,2か月,"['近居割', '近居割WIDE']",随時,https://www.ur-net.go.jp/chintai/kanto/kanagawa/40_1180_room.html?JKSS=007080405,<li>相鉄本線「二俣川」駅バス13～17分 徒歩1～6分</li><li>JR横須賀線「東戸塚」駅バス25～31分 徒歩1～6分</li><li>相鉄本線「鶴ヶ峰」駅バス24～29分 徒歩1～6分</li>
kanagawa,futamatagawa,左近山,73500,,,,JR横須賀線「東戸塚」駅,26.0,37.0,横浜市旭区左近山16-1ほか,7-8号棟,鉄筋コンクリート造、鉄骨鉄筋コンクリート造,4,N,405号室,2LDK,50,5,68700,4800,2か月,"['近居割', '近居割WIDE']",随時,https://www.ur-net.go.jp/chintai/kanto/kanagawa/40_1180_room.html?JKSS=007080405,<li>相鉄本線「二俣川」駅バス13～17分 徒歩1～6分</li><li>JR横須賀線「東戸塚」駅バス25～31分 徒歩1～6分</li><li>相鉄本線「鶴ヶ峰」駅バス24～29分 徒歩1～6分</li>
kanagawa,futamatagawa,左近山,73500,,,,相鉄本線「鶴ヶ峰」駅,25.0,35.0,横浜市旭区左近山16-1ほか,7-8号棟,鉄筋コンクリート造、鉄骨鉄筋コンクリート造,4,N,405号室,2LDK,50,5,68700,4800,2か月,"['近居割', '近居割WIDE']",随時,https://www.ur-net.go.jp/chintai/kanto/kanagawa/40_1180_room.html?JKSS=007080405,<li>相鉄本線「二俣川」駅バス13～17分 徒歩1～6分</li><li>JR横須賀線「東戸塚」駅バス25～31分 徒歩1～6分</li><li>相鉄本線「鶴ヶ峰」駅バス24～29分 徒歩1～6分</li>
kanagawa,futamatagawa,左近山,73500,,,,,,,横浜市旭区左近山16-1ほか,7-8号棟,鉄筋コンクリート造、鉄骨鉄筋コンクリート造,4,N,405号室,2LDK,50,5,68700,4800,2か月,"['近居割', '近居割WIDE']",随時,https://www.ur-net.go.jp/chintai/kanto/kanagawa/40_1180_room.html?JKSS=007080405,<li>相鉄本線「二俣川」駅バス13～17分 徒歩1～6分</li><li>JR横須賀線「東戸塚」駅バス25～31分 徒歩1～6分</li><li>相鉄本線「鶴ヶ峰」駅バス24～29分 徒歩1～6分</li>
kanagawa,futamatagawa,アーバンドエル瀬谷,125500,相鉄本線「瀬谷」駅,9.0,12.0,,,,横浜市瀬谷区橋戸1-35,15号棟,鉄筋コンクリート造,2,N,202号室,2LDK,67,4,120700,4800,2か月,['近居割'],随時,https://www.ur-net.go.jp/chintai/kanto/kanagawa/40_3850_room.html?JKSS=000150202,<li>相鉄本線「瀬谷」駅 徒歩9～12分</li><li>横浜市営地下鉄ブルーライン「立場」駅バス26分 徒歩7～9分</li><li>小田急江ノ島線「大和」駅 徒歩33～35分</li>
kanagawa,futamatagawa,アーバンドエル瀬谷,125500,,,,横浜市営地下鉄ブルーライン「立場」駅,33.0,35.0,横浜市瀬谷区橋戸1-35,15号棟,鉄筋コンクリート造,2,N,202号室,2LDK,67,4,120700,4800,2か月,['近居割'],随時,https://www.ur-net.go.jp/chintai/kanto/kanagawa/40_3850_room.html?JKSS=000150202,<li>相鉄本線「瀬谷」駅 徒歩9～12分</li><li>横浜市営地下鉄ブルーライン「立場」駅バス26分 徒歩7～9分</li><li>小田急江ノ島線「大和」駅 徒歩33～35分</li>
kanagawa,futamatagawa,アーバンドエル瀬谷,125500,小田急江ノ島線「大和」駅,33.0,35.0,,,,横浜市瀬谷区橋戸1-35,15号棟,鉄筋コンクリート造,2,N,202号室,2LDK,67,4,120700,4800,2か月,['近居割'],随時,https://www.ur-net.go.jp/chintai/kanto/kanagawa/40_3850_room.html?JKSS=000150202,<li>相鉄本線「瀬谷」駅 徒歩9～12分</li><li>横浜市営地下鉄ブルーライン「立場」駅バス26分 徒歩7～9分</li><li>小田急江ノ島線「大和」駅 徒歩33～35分</li>
kanagawa,futamatagawa,アーバンドエル瀬谷,125500,,,,,,,横浜市瀬谷区橋戸1-35,15号棟,鉄筋コンクリート造,2,N,202号室,2LDK,67,4,120700,4800,2か月,['近居割'],随時,https://www.ur-net.go.jp/chintai/kanto/kanagawa/40_3850_room.html?JKSS=000150202,<li>相鉄本線「瀬谷」駅 徒歩9～12分</li><li>横浜市営地下鉄ブルーライン「立場」駅バス26分 徒歩7～9分</li><li>小田急江ノ島線「大和」駅 徒歩33～35分</li>
kanagawa,futamatagawa,アーバンドエル瀬谷,129200,相鉄本線「瀬谷」駅,9.0,12.0,,,,横浜市瀬谷区橋戸1-35,14号棟,鉄筋コンクリート造,4,N,403号室,2LDK,67,4,124400,4800,2か月,['近居割'],随時,https://www.ur-net.go.jp/chintai/kanto/kanagawa/40_3850_room.html?JKSS=000140403,<li>相鉄本線「瀬谷」駅 徒歩9～12分</li><li>横浜市営地下鉄ブルーライン「立場」駅バス26分 徒歩7～9分</li><li>小田急江ノ島線「大和」駅 徒歩33～35分</li>
kanagawa,futamatagawa,アーバンドエル瀬谷,129200,,,,横浜市営地下鉄ブルーライン「立場」駅,33.0,35.0,横浜市瀬谷区橋戸1-35,14号棟,鉄筋コンクリート造,4,N,403号室,2LDK,67,4,124400,4800,2か月,['近居割'],随時,https://www.ur-net.go.jp/chintai/kanto/kanagawa/40_3850_room.html?JKSS=000140403,<li>相鉄本線「瀬谷」駅 徒歩9～12分</li><li>横浜市営地下鉄ブルーライン「立場」駅バス26分 徒歩7～9分</li><li>小田急江ノ島線「大和」駅 徒歩33～35分</li>
kanagawa,futamatagawa,アーバンドエル瀬谷,129200,小田急江ノ島線「大和」駅,33.0,35.0,,,,横浜市瀬谷区橋戸1-35,14号棟,鉄筋コンクリート造,4,N,403号室,2LDK,67,4,124400,4800,2か月,['近居割'],随時,https://www.ur-net.go.jp/chintai/kanto/kanagawa/40_3850_room.html?JKSS=000140403,<li>相鉄本線「瀬谷」駅 徒歩9～12分</li><li>横浜市営地下鉄ブルーライン「立場」駅バス26分 徒歩7～9分</li><li>小田急江ノ島線「大和」駅 徒歩33～35分</li>
kanagawa,futamatagawa,アーバンドエル瀬谷,129200,,,,,,,横浜市瀬谷区橋戸1-35,14号棟,鉄筋コンクリート造,4,N,403号室,2LDK,67,4,124400,4800,2か月,['近居割'],随時,https://www.ur-net.go.jp/chintai/kanto/kanagawa/40_3850_room.html?JKSS=000140403,<li>相鉄本線「瀬谷」駅 徒歩9～12分</li><li>横浜市営地下鉄ブルーライン「立場」駅バス26分 徒歩7～9分</li><li>小田急江ノ島線「大和」駅 徒歩33～35分</li>
kanagawa,seasidetown,金沢シーサイドタウン　並木二丁目,107500,シーサイドライン「並木中央」駅,7.0,14.0,,,,横浜市金沢区並木2,7-3号棟,鉄筋コンクリート造,3,N,306号室,2LDK,68,8,103200,4300,2か月,"['近居割', '近居割WIDE']",随時,https://www.ur-net.go.jp/chintai/kanto/kanagawa/40_2040_room.html?JKSS=007030306,<li>シーサイドライン「並木中央」駅 徒歩7～14分</li><li>京急本線「京急富岡」駅 徒歩11～14分</li><li>京急本線「能見台」駅 徒歩22～24分</li>
kanagawa,seasidetown,金沢シーサイドタウン　並木二丁目,107500,京急本線「京急富岡」駅,11.0,14.0,,,,横浜市金沢区並木2,7-3号棟,鉄筋コンクリート造,3,N,306号室,2LDK,68,8,103200,4300,2か月,"['近居割', '近居割WIDE']",随時,https://www.ur-net.go.jp/chintai/kanto/kanagawa/40_2040_room.html?JKSS=007030306,<li>シーサイドライン「並木中央」駅 徒歩7～14分</li><li>京急本線「京急富岡」駅 徒歩11～14分</li><li>京急本線「能見台」駅 徒歩22～24分</li>
kanagawa,seasidetown,金沢シーサイドタウン　並木二丁目,107500,京急本線「能見台」駅,22.0,24.0,,,,横浜市金沢区並木2,7-3号棟,鉄筋コンクリート造,3,N,306号室,2LDK,68,8,103200,4300,2か月,"['近居割', '近居割WIDE']",随時,https://www.ur-net.go.jp/chintai/kanto/kanagawa/40_2040_room.html?JKSS=007030306,<li>シーサイドライン「並木中央」駅 徒歩7～14分</li><li>京急本線「京急富岡」駅 徒歩11～14分</li><li>京急本線「能見台」駅 徒歩22～24分</li>
kanagawa,seasidetown,金沢シーサイドタウン　並木二丁目,107500,,,,,,,横浜市金沢区並木2,7-3号棟,鉄筋コンクリート造,3,N,306号室,2LDK,68,8,103200,4300,2か月,"['近居割', '近居割WIDE']",随時,https://www.ur-net.go.jp/chintai/kanto/kanagawa/40_2040_room.html?JKSS=007030306,<li>シーサイドライン「並木中央」駅 徒歩7～14分</li><li>京急本線「京急富岡」駅 徒歩11～14分</li><li>京急本線「能見台」駅 徒歩22～24分</li>
kanagawa,seasidetown,ビーコンヒル能見台ウエストヒル,142300,京急本線「能見台」駅,11.0,11.0,,,,横浜市金沢区能見台東8,1号棟,鉄筋コンクリート造,11,N,1101号室,2LDK,62,13,136400,5900,2か月,['近居割'],随時,https://www.ur-net.go.jp/chintai/kanto/kanagawa/40_3260_room.html?JKSS=000011101,<li>京急本線「能見台」駅 徒歩11分</li><li>JR京浜東北・根岸線「洋光台」駅バス20分 徒歩7分</li><li>京急本線「京急富岡」駅 徒歩17～18分</li>
kanagawa,seasidetown,ビーコンヒル能見台ウエストヒル,142300,,,,JR京浜東北・根岸線「洋光台」駅,27.0,27.0,横浜市金沢区能見台東8,1号棟,鉄筋コンクリート造,11,N,1101号室,2LDK,62,13,136400,5900,2か月,['近居割'],随時,https://www.ur-net.go.jp/chintai/kanto/kanagawa/40_3260_room.html?JKSS=000011101,<li>京急本線「能見台」駅 徒歩11分</li><li>JR京浜東北・根岸線「洋光台」駅バス20分 徒歩7分</li><li>京急本線「京急富岡」駅 徒歩17～18分</li>
kanagawa,seasidetown,ビーコンヒル能見台ウエストヒル,142300,京急本線「京急富岡」駅,17.0,18.0,,,,横浜市金沢区能見台東8,1号棟,鉄筋コンクリート造,11,N,1101号室,2LDK,62,13,136400,5900,2か月,['近居割'],随時,https://www.ur-net.go.jp/chintai/kanto/kanagawa/40_3260_room.html?JKSS=000011101,<li>京急本線「能見台」駅 徒歩11分</li><li>JR京浜東北・根岸線「洋光台」駅バス20分 徒歩7分</li><li>京急本線「京急富岡」駅 徒歩17～18分</li>
kanagawa,seasidetown,ビーコンヒル能見台ウエストヒル,142300,,,,,,,横浜市金沢区能見台東8,1号棟,鉄筋コンクリート造,11,N,1101号室,2LDK,62,13,136400,5900,2か月,['近居割'],随時,https://www.ur-net.go.jp/chintai/kanto/kanagawa/40_3260_room.html?JKSS=000011101,<li>京急本線「能見台」駅 徒歩11分</li><li>JR京浜東北・根岸線「洋光台」駅バス20分 徒歩7分</li><li>京急本線「京急富岡」駅 徒歩17～18分</li>
kanagawa,seasidetown,ビーコンヒル能見台ウエストヒル,158300,京急本線「能見台」駅,11.0,11.0,,,,横浜市金沢区能見台東8,2号棟,鉄筋コンクリート造,8,N,801号室,3LDK,71,14,152400,5900,2か月,['近居割'],随時,https://www.ur-net.go.jp/chintai/kanto/kanagawa/40_3260_room.html?JKSS=000020801,<li>京急本線「能見台」駅 徒歩11分</li><li>JR京浜東北・根岸線「洋光台」駅バス20分 徒歩7分</li><li>京急本線「京急富岡」駅 徒歩17～18分</li>
kanagawa,seasidetown,ビーコンヒル能見台ウエストヒル,158300,,,,JR京浜東北・根岸線「洋光台」駅,27.0,27.0,横浜市金沢区能見台東8,2号棟,鉄筋コンクリート造,8,N,801号室,3LDK,71,14,152400,5900,2か月,['近居割'],随時,https://www.ur-net.go.jp/chintai/kanto/kanagawa/40_3260_room.html?JKSS=000020801,<li>京急本線「能見台」駅 徒歩11分</li><li>JR京浜東北・根岸線「洋光台」駅バス20分 徒歩7分</li><li>京急本線「京急富岡」駅 徒歩17～18分</li>
kanagawa,seasidetown,ビーコンヒル能見台ウエストヒル,158300,京急本線「京急富岡」駅,17.0,18.0,,,,横浜市金沢区能見台東8,2号棟,鉄筋コンクリート造,8,N,801号室,3LDK,71,14,152400,5900,2か月,['近居割'],随時,https://www.ur-net.go.jp/chintai/kanto/kanagawa/40_3260_room.html?JKSS=000020801,<li>京急本線「能見台」駅 徒歩11分</li><li>JR京浜東北・根岸線「洋光台」駅バス20分 徒歩7分</li><li>京急本線「京急富岡」駅 徒歩17～18分</li>
kanagawa,seasidetown,ビーコンヒル能見台ウエストヒル,158300,,,,,,,横浜市金沢区能見台東8,2号棟,鉄筋コンクリート造,8,N,801号室,3LDK,71,14,152400,5900,2か月,['近居割'],随時,https://www.ur-net.go.jp/chintai/kanto/kanagawa/40_3260_room.html?JKSS=000020801,<li>京急本線「能見台」駅 徒歩11分</li><li>JR京浜東北・根岸線「洋光台」駅バス20分 徒歩7分</li><li>京急本線「京急富岡」駅 徒歩17～18分</li>
kanagawa,totsuka,東戸塚ビューハイツ,107800,,,,JR横須賀線ほか「東戸塚」駅,17.0,17.0,横浜市戸塚区名瀬町799-2,,鉄筋コンクリート造,2,N,206号室,2LDK,63,7,100800,7000,2か月,['近居割'],随時,https://www.ur-net.go.jp/chintai/kanto/kanagawa/40_2950_room.html?JKSS=000000206,<li>JR横須賀線ほか「東戸塚」駅バス15分 徒歩2分</li>
kanagawa,totsuka,東戸塚ビューハイツ,107800,,,,,,,横浜市戸塚区名瀬町799-2,,鉄筋コンクリート造,2,N,206号室,2LDK,63,7,100800,7000,2か月,['近居割'],随時,https://www.ur-net.go.jp/chintai/kanto/kanagawa/40_2950_room.html?JKSS=000000206,<li>JR横須賀線ほか「東戸塚」駅バス15分 徒歩2分</li>
kanagawa,totsuka,プロムナード矢部,139900,JR東海道本線「戸塚」駅,9.0,13.0,,,,横浜市戸塚区矢部町321,3号棟,鉄筋コンクリート造,7,N,703号室,1LDK,50,13,135300,4600,2か月,['近居割'],随時,https://www.ur-net.go.jp/chintai/kanto/kanagawa/40_3610_room.html?JKSS=000030703,<li>JR東海道本線「戸塚」駅 徒歩9～13分</li><li>JR横須賀線「東戸塚」駅バス20分 徒歩2～7分</li><li>相鉄いずみ野線「弥生台」駅バス20分 徒歩10～15分</li>
kanagawa,totsuka,プロムナード矢部,139900,,,,JR横須賀線「東戸塚」駅,22.0,27.0,横浜市戸塚区矢部町321,3号棟,鉄筋コンクリート造,7,N,703号室,1LDK,50,13,135300,4600,2か月,['近居割'],随時,https://www.ur-net.go.jp/chintai/kanto/kanagawa/40_3610_room.html?JKSS=000030703,<li>JR東海道本線「戸塚」駅 徒歩9～13分</li><li>JR横須賀線「東戸塚」駅バス20分 徒歩2～7分</li><li>相鉄いずみ野線「弥生台」駅バス20分 徒歩10～15分</li>
kanagawa,totsuka,プロムナード矢部,139900,,,,相鉄いずみ野線「弥生台」駅,30.0,35.0,横浜市戸塚区矢部町321,3号棟,鉄筋コンクリート造,7,N,703号室,1LDK,50,13,135300,4600,2か月,['近居割'],随時,https://www.ur-net.go.jp/chintai/kanto/kanagawa/40_3610_room.html?JKSS=000030703,<li>JR東海道本線「戸塚」駅 徒歩9～13分</li><li>JR横須賀線「東戸塚」駅バス20分 徒歩2～7分</li><li>相鉄いずみ野線「弥生台」駅バス20分 徒歩10～15分</li>
kanagawa,totsuka,プロムナード矢部,139900,,,,,,,横浜市戸塚区矢部町321,3号棟,鉄筋コンクリート造,7,N,703号室,1LDK,50,13,135300,4600,2か月,['近居割'],随時,https://www.ur-net.go.jp/chintai/kanto/kanagawa/40_3610_room.html?JKSS=000030703,<li>JR東海道本線「戸塚」駅 徒歩9～13分</li><li>JR横須賀線「東戸塚」駅バス20分 徒歩2～7分</li><li>相鉄いずみ野線「弥生台」駅バス20分 徒歩10～15分</li>
kanagawa,totsuka,コンフォール上倉田,181600,JR東海道本線「戸塚」駅,7.0,10.0,,,,横浜市戸塚区上倉田町259,9号棟,鉄筋コンクリート造,9,N,914号室,3DK,71,12,176800,4800,2か月,['近居割'],随時,https://www.ur-net.go.jp/chintai/kanto/kanagawa/40_3120_room.html?JKSS=000090914,<li>JR東海道本線「戸塚」駅 徒歩7～10分</li>
kanagawa,totsuka,コンフォール上倉田,181600,,,,,,,横浜市戸塚区上倉田町259,9号棟,鉄筋コンクリート造,9,N,914号室,3DK,71,12,176800,4800,2か月,['近居割'],随時,https://www.ur-net.go.jp/chintai/kanto/kanagawa/40_3120_room.html?JKSS=000090914,<li>JR東海道本線「戸塚」駅 徒歩7～10分</li>
kanagawa,totsuka,公田町,53100,,,,JR東海道本線「大船」駅,13.0,19.0,横浜市栄区公田町740,7号棟,鉄筋コンクリート造,1,N,107号室,2DK,39,5,48600,4500,2か月,['URライト（3年定借）'],随時,https://www.ur-net.go.jp/chintai/kanto/kanagawa/40_0940_room.html?JKSS=000007107,<li>JR東海道本線「大船」駅バス12～15分 徒歩1～4分</li><li>JR京浜東北・根岸線「本郷台」駅 徒歩18～23分</li><li>京急本線「金沢八景」駅バス29分 徒歩11～13分</li>
kanagawa,totsuka,公田町,53100,JR京浜東北・根岸線「本郷台」駅,18.0,23.0,,,,横浜市栄区公田町740,7号棟,鉄筋コンクリート造,1,N,107号室,2DK,39,5,48600,4500,2か月,['URライト（3年定借）'],随時,https://www.ur-net.go.jp/chintai/kanto/kanagawa/40_0940_room.html?JKSS=000007107,<li>JR東海道本線「大船」駅バス12～15分 徒歩1～4分</li><li>JR京浜東北・根岸線「本郷台」駅 徒歩18～23分</li><li>京急本線「金沢八景」駅バス29分 徒歩11～13分</li>
kanagawa,totsuka,公田町,53100,,,,京急本線「金沢八景」駅,40.0,42.0,横浜市栄区公田町740,7号棟,鉄筋コンクリート造,1,N,107号室,2DK,39,5,48600,4500,2か月,['URライト（3年定借）'],随時,https://www.ur-net.go.jp/chintai/kanto/kanagawa/40_0940_room.html?JKSS=000007107,<li>JR東海道本線「大船」駅バス12～15分 徒歩1～4分</li><li>JR京浜東北・根岸線「本郷台」駅 徒歩18～23分</li><li>京急本線「金沢八景」駅バス29分 徒歩11～13分</li>
kanagawa,totsuka,公田町,53100,,,,,,,横浜市栄区公田町740,7号棟,鉄筋コンクリート造,1,N,107号室,2DK,39,5,48600,4500,2か月,['URライト（3年定借）'],随時,https://www.ur-net.go.jp/chintai/kanto/kanagawa/40_0940_room.html?JKSS=000007107,<li>JR東海道本線「大船」駅バス12～15分 徒歩1～4分</li><li>JR京浜東北・根岸線「本郷台」駅 徒歩18～23分</li><li>京急本線「金沢八景」駅バス29分 徒歩11～13分</li>
kanagawa,totsuka,公田町,53400,,,,JR東海道本線「大船」駅,13.0,19.0,横浜市栄区公田町740,14号棟,鉄筋コンクリート造,4,N,401号室,2DK,39,5,48900,4500,2か月,['URライト（3年定借）'],随時,https://www.ur-net.go.jp/chintai/kanto/kanagawa/40_0940_room.html?JKSS=000014401,<li>JR東海道本線「大船」駅バス12～15分 徒歩1～4分</li><li>JR京浜東北・根岸線「本郷台」駅 徒歩18～23分</li><li>京急本線「金沢八景」駅バス29分 徒歩11～13分</li>
kanagawa,totsuka,公田町,53400,JR京浜東北・根岸線「本郷台」駅,18.0,23.0,,,,横浜市栄区公田町740,14号棟,鉄筋コンクリート造,4,N,401号室,2DK,39,5,48900,4500,2か月,['URライト（3年定借）'],随時,https://www.ur-net.go.jp/chintai/kanto/kanagawa/40_0940_room.html?JKSS=000014401,<li>JR東海道本線「大船」駅バス12～15分 徒歩1～4分</li><li>JR京浜東北・根岸線「本郷台」駅 徒歩18～23分</li><li>京急本線「金沢八景」駅バス29分 徒歩11～13分</li>
kanagawa,totsuka,公田町,53400,,,,京急本線「金沢八景」駅,40.0,42.0,横浜市栄区公田町740,14号棟,鉄筋コンクリート造,4,N,401号室,2DK,39,5,48900,4500,2か月,['URライト（3年定借）'],随時,https://www.ur-net.go.jp/chintai/kanto/kanagawa/40_0940_room.html?JKSS=000014401,<li>JR東海道本線「大船」駅バス12～15分 徒歩1～4分</li><li>JR京浜東北・根岸線「本郷台」駅 徒歩18～23分</li><li>京急本線「金沢八景」駅バス29分 徒歩11～13分</li>
kanagawa,totsuka,公田町,53400,,,,,,,横浜市栄区公田町740,14号棟,鉄筋コンクリート造,4,N,401号室,2DK,39,5,48900,4500,2か月,['URライト（3年定借）'],随時,https://www.ur-net.go.jp/chintai/kanto/kanagawa/40_0940_room.html?JKSS=000014401,<li>JR東海道本線「大船」駅バス12～15分 徒歩1～4分</li><li>JR京浜東北・根岸線「本郷台」駅 徒歩18～23分</li><li>京急本線「金沢八景」駅バス29分 徒歩11～13分</li>
kanagawa,totsuka,飯島,71400,,,,JR東海道本線「戸塚」駅,14.0,22.0,横浜市栄区飯島町527,4-8号棟,鉄筋コンクリート造、鉄骨鉄筋コンクリート造,4,N,406号室,2LDK,50,5,66900,4500,2か月,"['近居割', '近居割WIDE']",随時,https://www.ur-net.go.jp/chintai/kanto/kanagawa/40_1170_room.html?JKSS=000408406,<li>JR東海道本線「戸塚」駅バス13分 徒歩1～9分</li><li>JR東海道本線「大船」駅バス7分 徒歩6～13分</li>
kanagawa,totsuka,飯島,71400,,,,JR東海道本線「大船」駅,13.0,20.0,横浜市栄区飯島町527,4-8号棟,鉄筋コンクリート造、鉄骨鉄筋コンクリート造,4,N,406号室,2LDK,50,5,66900,4500,2か月,"['近居割', '近居割WIDE']",随時,https://www.ur-net.go.jp/chintai/kanto/kanagawa/40_1170_room.html?JKSS=000408406,<li>JR東海道本線「戸塚」駅バス13分 徒歩1～9分</li><li>JR東海道本線「大船」駅バス7分 徒歩6～13分</li>
kanagawa,totsuka,飯島,71400,,,,,,,横浜市栄区飯島町527,4-8号棟,鉄筋コンクリート造、鉄骨鉄筋コンクリート造,4,N,406号室,2LDK,50,5,66900,4500,2か月,"['近居割', '近居割WIDE']",随時,https://www.ur-net.go.jp/chintai/kanto/kanagawa/40_1170_room.html?JKSS=000408406,<li>JR東海道本線「戸塚」駅バス13分 徒歩1～9分</li><li>JR東海道本線「大船」駅バス7分 徒歩6～13分</li>
kanagawa,konandai,本郷台駅前,103900,JR京浜東北・根岸線「本郷台」駅,2.0,3.0,,,,横浜市栄区小菅ヶ谷1-4,1号棟,鉄骨鉄筋コンクリート造,7,N,701号室,1LDK,53,15,100700,3200,2か月,['URライト（5年定借）'],随時,https://www.ur-net.go.jp/chintai/kanto/kanagawa/40_1600_room.html?JKSS=000010701,<li>JR京浜東北・根岸線「本郷台」駅 徒歩2～3分</li><li>JR東海道本線「大船」駅バス8分 徒歩8分</li><li>横浜市営地下鉄ブルーライン「港南中央」駅バス16分 徒歩9分</li>
kanagawa,konandai,本郷台駅前,103900,,,,JR東海道本線「大船」駅,16.0,16.0,横浜市栄区小菅ヶ谷1-4,1号棟,鉄骨鉄筋コンクリート造,7,N,701号室,1LDK,53,15,100700,3200,2か月,['URライト（5年定借）'],随時,https://www.ur-net.go.jp/chintai/kanto/kanagawa/40_1600_room.html?JKSS=000010701,<li>JR京浜東北・根岸線「本郷台」駅 徒歩2～3分</li><li>JR東海道本線「大船」駅バス8分 徒歩8分</li><li>横浜市営地下鉄ブルーライン「港南中央」駅バス16分 徒歩9分</li>
kanagawa,konandai,本郷台駅前,103900,,,,横浜市営地下鉄ブルーライン「港南中央」駅,25.0,25.0,横浜市栄区小菅ヶ谷1-4,1号棟,鉄骨鉄筋コンクリート造,7,N,701号室,1LDK,53,15,100700,3200,2か月,['URライト（5年定借）'],随時,https://www.ur-net.go.jp/chintai/kanto/kanagawa/40_1600_room.html?JKSS=000010701,<li>JR京浜東北・根岸線「本郷台」駅 徒歩2～3分</li><li>JR東海道本線「大船」駅バス8分 徒歩8分</li><li>横浜市営地下鉄ブルーライン「港南中央」駅バス16分 徒歩9分</li>
kanagawa,konandai,本郷台駅前,103900,,,,,,,横浜市栄区小菅ヶ谷1-4,1号棟,鉄骨鉄筋コンクリート造,7,N,701号室,1LDK,53,15,100700,3200,2か月,['URライト（5年定借）'],随時,https://www.ur-net.go.jp/chintai/kanto/kanagawa/40_1600_room.html?JKSS=000010701,<li>JR京浜東北・根岸線「本郷台」駅 徒歩2～3分</li><li>JR東海道本線「大船」駅バス8分 徒歩8分</li><li>横浜市営地下鉄ブルーライン「港南中央」駅バス16分 徒歩9分</li>
kanagawa,sagamiono,相模台,62900,小田急小田原線「小田急相模原」駅,16.0,21.0,小田急小田原線「小田急相模原」駅,9.0,13.0,相模原市南区相模台団地,6-2号棟,鉄筋コンクリート造,5,N,506号室,2DK,45,5,59700,3200,2か月,['URライト（4年定借）'],随時,https://www.ur-net.go.jp/chintai/kanto/kanagawa/40_1080_room.html?JKSS=000602506,<li>小田急小田原線「小田急相模原」駅 徒歩16～21分 又はバス8分 徒歩1～5分</li><li>JR横浜線「古淵」駅バス19分 徒歩3～7分</li>
kanagawa,sagamiono,相模台,62900,,,,JR横浜線「古淵」駅,22.0,26.0,相模原市南区相模台団地,6-2号棟,鉄筋コンクリート造,5,N,506号室,2DK,45,5,59700,3200,2か月,['URライト（4年定借）'],随時,https://www.ur-net.go.jp/chintai/kanto/kanagawa/40_1080_room.html?JKSS=000602506,<li>小田急小田原線「小田急相模原」駅 徒歩16～21分 又はバス8分 徒歩1～5分</li><li>JR横浜線「古淵」駅バス19分 徒歩3～7分</li>
kanagawa,sagamiono,相模台,62900,,,,,,,相模原市南区相模台団地,6-2号棟,鉄筋コンクリート造,5,N,506号室,2DK,45,5,59700,3200,2か月,['URライト（4年定借）'],随時,https://www.ur-net.go.jp/chintai/kanto/kanagawa/40_1080_room.html?JKSS=000602506,<li>小田急小田原線「小田急相模原」駅 徒歩16～21分 又はバス8分 徒歩1～5分</li><li>JR横浜線「古淵」駅バス19分 徒歩3～7分</li>
kanagawa,sagamiono,相模台,62900,小田急小田原線「小田急相模原」駅,16.0,21.0,小田急小田原線「小田急相模原」駅,9.0,13.0,相模原市南区相模台団地,7-2号棟,鉄筋コンクリート造,5,N,502号室,2DK,45,5,59700,3200,2か月,"['近居割', '近居割WIDE']",随時,https://www.ur-net.go.jp/chintai/kanto/kanagawa/40_1080_room.html?JKSS=000702502,<li>小田急小田原線「小田急相模原」駅 徒歩16～21分 又はバス8分 徒歩1～5分</li><li>JR横浜線「古淵」駅バス19分 徒歩3～7分</li>
kanagawa,sagamiono,相模台,62900,,,,JR横浜線「古淵」駅,22.0,26.0,相模原市南区相模台団地,7-2号棟,鉄筋コンクリート造,5,N,502号室,2DK,45,5,59700,3200,2か月,"['近居割', '近居割WIDE']",随時,https://www.ur-net.go.jp/chintai/kanto/kanagawa/40_1080_room.html?JKSS=000702502,<li>小田急小田原線「小田急相模原」駅 徒歩16～21分 又はバス8分 徒歩1～5分</li><li>JR横浜線「古淵」駅バス19分 徒歩3～7分</li>
kanagawa,sagamiono,相模台,62900,,,,,,,相模原市南区相模台団地,7-2号棟,鉄筋コンクリート造,5,N,502号室,2DK,45,5,59700,3200,2か月,"['近居割', '近居割WIDE']",随時,https://www.ur-net.go.jp/chintai/kanto/kanagawa/40_1080_room.html?JKSS=000702502,<li>小田急小田原線「小田急相模原」駅 徒歩16～21分 又はバス8分 徒歩1～5分</li><li>JR横浜線「古淵」駅バス19分 徒歩3～7分</li>
kanagawa,sagamiono,相模台,66200,小田急小田原線「小田急相模原」駅,16.0,21.0,小田急小田原線「小田急相模原」駅,9.0,13.0,相模原市南区相模台団地,4-5号棟,鉄筋コンクリート造,5,N,502号室,2DK,45,5,63000,3200,2か月,['URライト（4年定借）'],随時,https://www.ur-net.go.jp/chintai/kanto/kanagawa/40_1080_room.html?JKSS=000405502,<li>小田急小田原線「小田急相模原」駅 徒歩16～21分 又はバス8分 徒歩1～5分</li><li>JR横浜線「古淵」駅バス19分 徒歩3～7分</li>
kanagawa,sagamiono,相模台,66200,,,,JR横浜線「古淵」駅,22.0,26.0,相模原市南区相模台団地,4-5号棟,鉄筋コンクリート造,5,N,502号室,2DK,45,5,63000,3200,2か月,['URライト（4年定借）'],随時,https://www.ur-net.go.jp/chintai/kanto/kanagawa/40_1080_room.html?JKSS=000405502,<li>小田急小田原線「小田急相模原」駅 徒歩16～21分 又はバス8分 徒歩1～5分</li><li>JR横浜線「古淵」駅バス19分 徒歩3～7分</li>
kanagawa,sagamiono,相模台,66200,,,,,,,相模原市南区相模台団地,4-5号棟,鉄筋コンクリート造,5,N,502号室,2DK,45,5,63000,3200,2か月,['URライト（4年定借）'],随時,https://www.ur-net.go.jp/chintai/kanto/kanagawa/40_1080_room.html?JKSS=000405502,<li>小田急小田原線「小田急相模原」駅 徒歩16～21分 又はバス8分 徒歩1～5分</li><li>JR横浜線「古淵」駅バス19分 徒歩3～7分</li>
kanagawa,sagamiono,相模台,70100,小田急小田原線「小田急相模原」駅,16.0,21.0,小田急小田原線「小田急相模原」駅,9.0,13.0,相模原市南区相模台団地,6-8号棟,鉄筋コンクリート造,5,N,501号室,2DK,48,5,66900,3200,2か月,['URライト（4年定借）'],随時,https://www.ur-net.go.jp/chintai/kanto/kanagawa/40_1080_room.html?JKSS=000608501,<li>小田急小田原線「小田急相模原」駅 徒歩16～21分 又はバス8分 徒歩1～5分</li><li>JR横浜線「古淵」駅バス19分 徒歩3～7分</li>
kanagawa,sagamiono,相模台,70100,,,,JR横浜線「古淵」駅,22.0,26.0,相模原市南区相模台団地,6-8号棟,鉄筋コンクリート造,5,N,501号室,2DK,48,5,66900,3200,2か月,['URライト（4年定借）'],随時,https://www.ur-net.go.jp/chintai/kanto/kanagawa/40_1080_room.html?JKSS=000608501,<li>小田急小田原線「小田急相模原」駅 徒歩16～21分 又はバス8分 徒歩1～5分</li><li>JR横浜線「古淵」駅バス19分 徒歩3～7分</li>
kanagawa,sagamiono,相模台,70100,,,,,,,相模原市南区相模台団地,6-8号棟,鉄筋コンクリート造,5,N,501号室,2DK,48,5,66900,3200,2か月,['URライト（4年定借）'],随時,https://www.ur-net.go.jp/chintai/kanto/kanagawa/40_1080_room.html?JKSS=000608501,<li>小田急小田原線「小田急相模原」駅 徒歩16～21分 又はバス8分 徒歩1～5分</li><li>JR横浜線「古淵」駅バス19分 徒歩3～7分</li>
kanagawa,sagamiono,相模台,74700,小田急小田原線「小田急相模原」駅,16.0,21.0,小田急小田原線「小田急相模原」駅,9.0,13.0,相模原市南区相模台団地,3-3号棟,鉄筋コンクリート造,4,N,405号室,3K,48,5,71500,3200,2か月,['URライト（4年定借）'],随時,https://www.ur-net.go.jp/chintai/kanto/kanagawa/40_1080_room.html?JKSS=000303405,<li>小田急小田原線「小田急相模原」駅 徒歩16～21分 又はバス8分 徒歩1～5分</li><li>JR横浜線「古淵」駅バス19分 徒歩3～7分</li>
kanagawa,sagamiono,相模台,74700,,,,JR横浜線「古淵」駅,22.0,26.0,相模原市南区相模台団地,3-3号棟,鉄筋コンクリート造,4,N,405号室,3K,48,5,71500,3200,2か月,['URライト（4年定借）'],随時,https://www.ur-net.go.jp/chintai/kanto/kanagawa/40_1080_room.html?JKSS=000303405,<li>小田急小田原線「小田急相模原」駅 徒歩16～21分 又はバス8分 徒歩1～5分</li><li>JR横浜線「古淵」駅バス19分 徒歩3～7分</li>
kanagawa,sagamiono,相模台,74700,,,,,,,相模原市南区相模台団地,3-3号棟,鉄筋コンクリート造,4,N,405号室,3K,48,5,71500,3200,2か月,['URライト（4年定借）'],随時,https://www.ur-net.go.jp/chintai/kanto/kanagawa/40_1080_room.html?JKSS=000303405,<li>小田急小田原線「小田急相模原」駅 徒歩16～21分 又はバス8分 徒歩1～5分</li><li>JR横浜線「古淵」駅バス19分 徒歩3～7分</li>
kanagawa,sagamiono,鶴ヶ丘,95200,小田急小田原線「小田急相模原」駅,7.0,9.0,,,,相模原市南区南台5-2,3号棟,鉄筋コンクリート造,6,N,602号室,2DK,48,6,91800,3400,2か月,['近居割'],随時,https://www.ur-net.go.jp/chintai/kanto/kanagawa/40_3380_room.html?JKSS=000030602,<li>小田急小田原線「小田急相模原」駅 徒歩7～9分</li><li>小田急小田原線「相模大野」駅 徒歩29～32分</li><li>東急田園都市線「中央林間」駅 徒歩39～43分</li>
kanagawa,sagamiono,鶴ヶ丘,95200,小田急小田原線「相模大野」駅,29.0,32.0,,,,相模原市南区南台5-2,3号棟,鉄筋コンクリート造,6,N,602号室,2DK,48,6,91800,3400,2か月,['近居割'],随時,https://www.ur-net.go.jp/chintai/kanto/kanagawa/40_3380_room.html?JKSS=000030602,<li>小田急小田原線「小田急相模原」駅 徒歩7～9分</li><li>小田急小田原線「相模大野」駅 徒歩29～32分</li><li>東急田園都市線「中央林間」駅 徒歩39～43分</li>
kanagawa,sagamiono,鶴ヶ丘,95200,東急田園都市線「中央林間」駅,39.0,43.0,,,,相模原市南区南台5-2,3号棟,鉄筋コンクリート造,6,N,602号室,2DK,48,6,91800,3400,2か月,['近居割'],随時,https://www.ur-net.go.jp/chintai/kanto/kanagawa/40_3380_room.html?JKSS=000030602,<li>小田急小田原線「小田急相模原」駅 徒歩7～9分</li><li>小田急小田原線「相模大野」駅 徒歩29～32分</li><li>東急田園都市線「中央林間」駅 徒歩39～43分</li>
kanagawa,sagamiono,鶴ヶ丘,95200,,,,,,,相模原市南区南台5-2,3号棟,鉄筋コンクリート造,6,N,602号室,2DK,48,6,91800,3400,2か月,['近居割'],随時,https://www.ur-net.go.jp/chintai/kanto/kanagawa/40_3380_room.html?JKSS=000030602,<li>小田急小田原線「小田急相模原」駅 徒歩7～9分</li><li>小田急小田原線「相模大野」駅 徒歩29～32分</li><li>東急田園都市線「中央林間」駅 徒歩39～43分</li>
kanagawa,sagamiono,鶴ヶ丘,142300,小田急小田原線「小田急相模原」駅,7.0,9.0,,,,相模原市南区南台5-2,8号棟,鉄筋コンクリート造,6,N,609号室,4DK,74,7,138900,3400,2か月,['近居割'],随時,https://www.ur-net.go.jp/chintai/kanto/kanagawa/40_3380_room.html?JKSS=000080609,<li>小田急小田原線「小田急相模原」駅 徒歩7～9分</li><li>小田急小田原線「相模大野」駅 徒歩29～32分</li><li>東急田園都市線「中央林間」駅 徒歩39～43分</li>
kanagawa,sagamiono,鶴ヶ丘,142300,小田急小田原線「相模大野」駅,29.0,32.0,,,,相模原市南区南台5-2,8号棟,鉄筋コンクリート造,6,N,609号室,4DK,74,7,138900,3400,2か月,['近居割'],随時,https://www.ur-net.go.jp/chintai/kanto/kanagawa/40_3380_room.html?JKSS=000080609,<li>小田急小田原線「小田急相模原」駅 徒歩7～9分</li><li>小田急小田原線「相模大野」駅 徒歩29～32分</li><li>東急田園都市線「中央林間」駅 徒歩39～43分</li>
kanagawa,sagamiono,鶴ヶ丘,142300,東急田園都市線「中央林間」駅,39.0,43.0,,,,相模原市南区南台5-2,8号棟,鉄筋コンクリート造,6,N,609号室,4DK,74,7,138900,3400,2か月,['近居割'],随時,https://www.ur-net.go.jp/chintai/kanto/kanagawa/40_3380_room.html?JKSS=000080609,<li>小田急小田原線「小田急相模原」駅 徒歩7～9分</li><li>小田急小田原線「相模大野」駅 徒歩29～32分</li><li>東急田園都市線「中央林間」駅 徒歩39～43分</li>
kanagawa,sagamiono,鶴ヶ丘,142300,,,,,,,相模原市南区南台5-2,8号棟,鉄筋コンクリート造,6,N,609号室,4DK,74,7,138900,3400,2か月,['近居割'],随時,https://www.ur-net.go.jp/chintai/kanto/kanagawa/40_3380_room.html?JKSS=000080609,<li>小田急小田原線「小田急相模原」駅 徒歩7～9分</li><li>小田急小田原線「相模大野」駅 徒歩29～32分</li><li>東急田園都市線「中央林間」駅 徒歩39～43分</li>
kanagawa,sagamiono,コンフォールさがみ南,133600,小田急小田原線「小田急相模原」駅,8.0,11.0,,,,相模原市南区相南1-24,9号棟,鉄筋コンクリート造,8,N,802号室,2LDK,65,14,129200,4400,2か月,['近居割'],随時,https://www.ur-net.go.jp/chintai/kanto/kanagawa/40_3870_room.html?JKSS=000090802,<li>小田急小田原線「小田急相模原」駅 徒歩8～11分</li><li>小田急江ノ島線「東林間」駅 徒歩15～18分</li><li>小田急小田原線「相模大野」駅 徒歩32～35分</li>
kanagawa,sagamiono,コンフォールさがみ南,133600,小田急江ノ島線「東林間」駅,15.0,18.0,,,,相模原市南区相南1-24,9号棟,鉄筋コンクリート造,8,N,802号室,2LDK,65,14,129200,4400,2か月,['近居割'],随時,https://www.ur-net.go.jp/chintai/kanto/kanagawa/40_3870_room.html?JKSS=000090802,<li>小田急小田原線「小田急相模原」駅 徒歩8～11分</li><li>小田急江ノ島線「東林間」駅 徒歩15～18分</li><li>小田急小田原線「相模大野」駅 徒歩32～35分</li>
kanagawa,sagamiono,コンフォールさがみ南,133600,小田急小田原線「相模大野」駅,32.0,35.0,,,,相模原市南区相南1-24,9号棟,鉄筋コンクリート造,8,N,802号室,2LDK,65,14,129200,4400,2か月,['近居割'],随時,https://www.ur-net.go.jp/chintai/kanto/kanagawa/40_3870_room.html?JKSS=000090802,<li>小田急小田原線「小田急相模原」駅 徒歩8～11分</li><li>小田急江ノ島線「東林間」駅 徒歩15～18分</li><li>小田急小田原線「相模大野」駅 徒歩32～35分</li>
kanagawa,sagamiono,コンフォールさがみ南,133600,,,,,,,相模原市南区相南1-24,9号棟,鉄筋コンクリート造,8,N,802号室,2LDK,65,14,129200,4400,2か月,['近居割'],随時,https://www.ur-net.go.jp/chintai/kanto/kanagawa/40_3870_room.html?JKSS=000090802,<li>小田急小田原線「小田急相模原」駅 徒歩8～11分</li><li>小田急江ノ島線「東林間」駅 徒歩15～18分</li><li>小田急小田原線「相模大野」駅 徒歩32～35分</li>
kanagawa,sagamiono,プラザシティ相模大野,133690,小田急小田原線「相模大野」駅,8.0,13.0,,,,相模原市南区相模大野6-23,9号棟,鉄筋コンクリート造,2,N,214号室,2LDK,63,11,129600,4090,2か月,['近居割'],随時,https://www.ur-net.go.jp/chintai/kanto/kanagawa/40_2980_room.html?JKSS=000090214,<li>小田急小田原線「相模大野」駅 徒歩8～13分</li><li>JR横浜線「町田」駅 徒歩26～31分</li><li>小田急江ノ島線「東林間」駅 徒歩18～23分</li>
kanagawa,sagamiono,プラザシティ相模大野,133690,JR横浜線「町田」駅,26.0,31.0,,,,相模原市南区相模大野6-23,9号棟,鉄筋コンクリート造,2,N,214号室,2LDK,63,11,129600,4090,2か月,['近居割'],随時,https://www.ur-net.go.jp/chintai/kanto/kanagawa/40_2980_room.html?JKSS=000090214,<li>小田急小田原線「相模大野」駅 徒歩8～13分</li><li>JR横浜線「町田」駅 徒歩26～31分</li><li>小田急江ノ島線「東林間」駅 徒歩18～23分</li>
kanagawa,sagamiono,プラザシティ相模大野,133690,小田急江ノ島線「東林間」駅,18.0,23.0,,,,相模原市南区相模大野6-23,9号棟,鉄筋コンクリート造,2,N,214号室,2LDK,63,11,129600,4090,2か月,['近居割'],随時,https://www.ur-net.go.jp/chintai/kanto/kanagawa/40_2980_room.html?JKSS=000090214,<li>小田急小田原線「相模大野」駅 徒歩8～13分</li><li>JR横浜線「町田」駅 徒歩26～31分</li><li>小田急江ノ島線「東林間」駅 徒歩18～23分</li>
kanagawa,sagamiono,プラザシティ相模大野,133690,,,,,,,相模原市南区相模大野6-23,9号棟,鉄筋コンクリート造,2,N,214号室,2LDK,63,11,129600,4090,2か月,['近居割'],随時,https://www.ur-net.go.jp/chintai/kanto/kanagawa/40_2980_room.html?JKSS=000090214,<li>小田急小田原線「相模大野」駅 徒歩8～13分</li><li>JR横浜線「町田」駅 徒歩26～31分</li><li>小田急江ノ島線「東林間」駅 徒歩18～23分</li>
kanagawa,sagamiono,プラザシティ相模大野,136290,小田急小田原線「相模大野」駅,8.0,13.0,,,,相模原市南区相模大野6-23,13号棟,鉄筋コンクリート造,4,N,402号室,2LDK,62,14,132200,4090,2か月,['近居割'],随時,https://www.ur-net.go.jp/chintai/kanto/kanagawa/40_2980_room.html?JKSS=000130402,<li>小田急小田原線「相模大野」駅 徒歩8～13分</li><li>JR横浜線「町田」駅 徒歩26～31分</li><li>小田急江ノ島線「東林間」駅 徒歩18～23分</li>
kanagawa,sagamiono,プラザシティ相模大野,136290,JR横浜線「町田」駅,26.0,31.0,,,,相模原市南区相模大野6-23,13号棟,鉄筋コンクリート造,4,N,402号室,2LDK,62,14,132200,4090,2か月,['近居割'],随時,https://www.ur-net.go.jp/chintai/kanto/kanagawa/40_2980_room.html?JKSS=000130402,<li>小田急小田原線「相模大野」駅 徒歩8～13分</li><li>JR横浜線「町田」駅 徒歩26～31分</li><li>小田急江ノ島線「東林間」駅 徒歩18～23分</li>
kanagawa,sagamiono,プラザシティ相模大野,136290,小田急江ノ島線「東林間」駅,18.0,23.0,,,,相模原市南区相模大野6-23,13号棟,鉄筋コンクリート造,4,N,402号室,2LDK,62,14,132200,4090,2か月,['近居割'],随時,https://www.ur-net.go.jp/chintai/kanto/kanagawa/40_2980_room.html?JKSS=000130402,<li>小田急小田原線「相模大野」駅 徒歩8～13分</li><li>JR横浜線「町田」駅 徒歩26～31分</li><li>小田急江ノ島線「東林間」駅 徒歩18～23分</li>
kanagawa,sagamiono,プラザシティ相模大野,136290,,,,,,,相模原市南区相模大野6-23,13号棟,鉄筋コンクリート造,4,N,402号室,2LDK,62,14,132200,4090,2か月,['近居割'],随時,https://www.ur-net.go.jp/chintai/kanto/kanagawa/40_2980_room.html?JKSS=000130402,<li>小田急小田原線「相模大野」駅 徒歩8～13分</li><li>JR横浜線「町田」駅 徒歩26～31分</li><li>小田急江ノ島線「東林間」駅 徒歩18～23分</li>
kanagawa,sagamiono,橋本四丁目,92200,JR横浜線「橋本」駅,10.0,13.0,,,,相模原市緑区橋本4-11,4号棟,鉄筋コンクリート造、鉄骨鉄筋コンクリート造,2,N,206号室,2DK,55,5,88100,4100,2か月,['近居割'],随時,https://www.ur-net.go.jp/chintai/kanto/kanagawa/40_1840_room.html?JKSS=000040206,<li>JR横浜線「橋本」駅 徒歩10～13分</li><li>京王相模原線「多摩境」駅バス8分 徒歩3～5分</li>
kanagawa,sagamiono,橋本四丁目,92200,,,,京王相模原線「多摩境」駅,11.0,13.0,相模原市緑区橋本4-11,4号棟,鉄筋コンクリート造、鉄骨鉄筋コンクリート造,2,N,206号室,2DK,55,5,88100,4100,2か月,['近居割'],随時,https://www.ur-net.go.jp/chintai/kanto/kanagawa/40_1840_room.html?JKSS=000040206,<li>JR横浜線「橋本」駅 徒歩10～13分</li><li>京王相模原線「多摩境」駅バス8分 徒歩3～5分</li>
kanagawa,sagamiono,橋本四丁目,92200,,,,,,,相模原市緑区橋本4-11,4号棟,鉄筋コンクリート造、鉄骨鉄筋コンクリート造,2,N,206号室,2DK,55,5,88100,4100,2か月,['近居割'],随時,https://www.ur-net.go.jp/chintai/kanto/kanagawa/40_1840_room.html?JKSS=000040206,<li>JR横浜線「橋本」駅 徒歩10～13分</li><li>京王相模原線「多摩境」駅バス8分 徒歩3～5分</li>
kanagawa,sagamiono,橋本四丁目,96100,JR横浜線「橋本」駅,10.0,13.0,,,,相模原市緑区橋本4-11,11号棟,鉄筋コンクリート造、鉄骨鉄筋コンクリート造,1,N,108号室,2LDK,62,8,92000,4100,2か月,['近居割'],随時,https://www.ur-net.go.jp/chintai/kanto/kanagawa/40_1840_room.html?JKSS=000110108,<li>JR横浜線「橋本」駅 徒歩10～13分</li><li>京王相模原線「多摩境」駅バス8分 徒歩3～5分</li>
kanagawa,sagamiono,橋本四丁目,96100,,,,京王相模原線「多摩境」駅,11.0,13.0,相模原市緑区橋本4-11,11号棟,鉄筋コンクリート造、鉄骨鉄筋コンクリート造,1,N,108号室,2LDK,62,8,92000,4100,2か月,['近居割'],随時,https://www.ur-net.go.jp/chintai/kanto/kanagawa/40_1840_room.html?JKSS=000110108,<li>JR横浜線「橋本」駅 徒歩10～13分</li><li>京王相模原線「多摩境」駅バス8分 徒歩3～5分</li>
kanagawa,sagamiono,橋本四丁目,96100,,,,,,,相模原市緑区橋本4-11,11号棟,鉄筋コンクリート造、鉄骨鉄筋コンクリート造,1,N,108号室,2LDK,62,8,92000,4100,2か月,['近居割'],随時,https://www.ur-net.go.jp/chintai/kanto/kanagawa/40_1840_room.html?JKSS=000110108,<li>JR横浜線「橋本」駅 徒歩10～13分</li><li>京王相模原線「多摩境」駅バス8分 徒歩3～5分</li>
kanagawa,sagamiono,鳶尾,66400,,,,小田急小田原線「本厚木」駅,30.0,34.0,厚木市鳶尾2ほか,25-3号棟,鉄筋コンクリート造、鉄骨鉄筋コンクリート造,6,N,603号室,3K,57,9,62400,4000,2か月,[],随時,https://www.ur-net.go.jp/chintai/kanto/kanagawa/40_1790_room.html?JKSS=025030603,<li>小田急小田原線「本厚木」駅バス28分 徒歩2～6分</li>
kanagawa,sagamiono,鳶尾,66400,,,,,,,厚木市鳶尾2ほか,25-3号棟,鉄筋コンクリート造、鉄骨鉄筋コンクリート造,6,N,603号室,3K,57,9,62400,4000,2か月,[],随時,https://www.ur-net.go.jp/chintai/kanto/kanagawa/40_1790_room.html?JKSS=025030603,<li>小田急小田原線「本厚木」駅バス28分 徒歩2～6分</li>
kanagawa,sagamiono,鳶尾,66400,,,,小田急小田原線「本厚木」駅,30.0,34.0,厚木市鳶尾2ほか,25-3号棟,鉄筋コンクリート造、鉄骨鉄筋コンクリート造,7,N,702号室,3K,57,9,62400,4000,2か月,[],随時,https://www.ur-net.go.jp/chintai/kanto/kanagawa/40_1790_room.html?JKSS=025030702,<li>小田急小田原線「本厚木」駅バス28分 徒歩2～6分</li>
kanagawa,sagamiono,鳶尾,66400,,,,,,,厚木市鳶尾2ほか,25-3号棟,鉄筋コンクリート造、鉄骨鉄筋コンクリート造,7,N,702号室,3K,57,9,62400,4000,2か月,[],随時,https://www.ur-net.go.jp/chintai/kanto/kanagawa/40_1790_room.html?JKSS=025030702,<li>小田急小田原線「本厚木」駅バス28分 徒歩2～6分</li>
kanagawa,sagamiono,鳶尾,66700,,,,小田急小田原線「本厚木」駅,30.0,34.0,厚木市鳶尾2ほか,25-3号棟,鉄筋コンクリート造、鉄骨鉄筋コンクリート造,6,N,602号室,3K,57,9,62700,4000,2か月,[],随時,https://www.ur-net.go.jp/chintai/kanto/kanagawa/40_1790_room.html?JKSS=025030602,<li>小田急小田原線「本厚木」駅バス28分 徒歩2～6分</li>
kanagawa,sagamiono,鳶尾,66700,,,,,,,厚木市鳶尾2ほか,25-3号棟,鉄筋コンクリート造、鉄骨鉄筋コンクリート造,6,N,602号室,3K,57,9,62700,4000,2か月,[],随時,https://www.ur-net.go.jp/chintai/kanto/kanagawa/40_1790_room.html?JKSS=025030602,<li>小田急小田原線「本厚木」駅バス28分 徒歩2～6分</li>
kanagawa,sagamiono,鳶尾,70700,,,,小田急小田原線「本厚木」駅,30.0,34.0,厚木市鳶尾2ほか,3-12号棟,鉄筋コンクリート造、鉄骨鉄筋コンクリート造,4,N,404号室,2LDK,58,5,66700,4000,2か月,[],随時,https://www.ur-net.go.jp/chintai/kanto/kanagawa/40_1790_room.html?JKSS=003120404,<li>小田急小田原線「本厚木」駅バス28分 徒歩2～6分</li>
kanagawa,sagamiono,鳶尾,70700,,,,,,,厚木市鳶尾2ほか,3-12号棟,鉄筋コンクリート造、鉄骨鉄筋コンクリート造,4,N,404号室,2LDK,58,5,66700,4000,2か月,[],随時,https://www.ur-net.go.jp/chintai/kanto/kanagawa/40_1790_room.html?JKSS=003120404,<li>小田急小田原線「本厚木」駅バス28分 徒歩2～6分</li>
kanagawa,shonan,上和田,63600,,,,相鉄本線「大和」駅,16.0,25.0,大和市上和田2412,4-6号棟,鉄筋コンクリート造,5,N,503号室,3DK,53,5,60500,3100,2か月,"['近居割', '近居割WIDE']",随時,https://www.ur-net.go.jp/chintai/kanto/kanagawa/40_1240_room.html?JKSS=000406503,<li>相鉄本線「大和」駅バス15～20分 徒歩1～5分</li><li>小田急江ノ島線「高座渋谷」駅 徒歩13～20分</li><li>相鉄いずみ野線「いずみ中央」駅バス13分 徒歩6～14分</li>
kanagawa,shonan,上和田,63600,小田急江ノ島線「高座渋谷」駅,13.0,20.0,,,,大和市上和田2412,4-6号棟,鉄筋コンクリート造,5,N,503号室,3DK,53,5,60500,3100,2か月,"['近居割', '近居割WIDE']",随時,https://www.ur-net.go.jp/chintai/kanto/kanagawa/40_1240_room.html?JKSS=000406503,<li>相鉄本線「大和」駅バス15～20分 徒歩1～5分</li><li>小田急江ノ島線「高座渋谷」駅 徒歩13～20分</li><li>相鉄いずみ野線「いずみ中央」駅バス13分 徒歩6～14分</li>
kanagawa,shonan,上和田,63600,,,,相鉄いずみ野線「いずみ中央」駅,19.0,27.0,大和市上和田2412,4-6号棟,鉄筋コンクリート造,5,N,503号室,3DK,53,5,60500,3100,2か月,"['近居割', '近居割WIDE']",随時,https://www.ur-net.go.jp/chintai/kanto/kanagawa/40_1240_room.html?JKSS=000406503,<li>相鉄本線「大和」駅バス15～20分 徒歩1～5分</li><li>小田急江ノ島線「高座渋谷」駅 徒歩13～20分</li><li>相鉄いずみ野線「いずみ中央」駅バス13分 徒歩6～14分</li>
kanagawa,shonan,上和田,63600,,,,,,,大和市上和田2412,4-6号棟,鉄筋コンクリート造,5,N,503号室,3DK,53,5,60500,3100,2か月,"['近居割', '近居割WIDE']",随時,https://www.ur-net.go.jp/chintai/kanto/kanagawa/40_1240_room.html?JKSS=000406503,<li>相鉄本線「大和」駅バス15～20分 徒歩1～5分</li><li>小田急江ノ島線「高座渋谷」駅 徒歩13～20分</li><li>相鉄いずみ野線「いずみ中央」駅バス13分 徒歩6～14分</li>
kanagawa,shonan,上和田,63600,,,,相鉄本線「大和」駅,16.0,25.0,大和市上和田2412,4-6号棟,鉄筋コンクリート造,5,N,504号室,3DK,53,5,60500,3100,2か月,"['近居割', '近居割WIDE']",随時,https://www.ur-net.go.jp/chintai/kanto/kanagawa/40_1240_room.html?JKSS=000406504,<li>相鉄本線「大和」駅バス15～20分 徒歩1～5分</li><li>小田急江ノ島線「高座渋谷」駅 徒歩13～20分</li><li>相鉄いずみ野線「いずみ中央」駅バス13分 徒歩6～14分</li>
kanagawa,shonan,上和田,63600,小田急江ノ島線「高座渋谷」駅,13.0,20.0,,,,大和市上和田2412,4-6号棟,鉄筋コンクリート造,5,N,504号室,3DK,53,5,60500,3100,2か月,"['近居割', '近居割WIDE']",随時,https://www.ur-net.go.jp/chintai/kanto/kanagawa/40_1240_room.html?JKSS=000406504,<li>相鉄本線「大和」駅バス15～20分 徒歩1～5分</li><li>小田急江ノ島線「高座渋谷」駅 徒歩13～20分</li><li>相鉄いずみ野線「いずみ中央」駅バス13分 徒歩6～14分</li>
kanagawa,shonan,上和田,63600,,,,相鉄いずみ野線「いずみ中央」駅,19.0,27.0,大和市上和田2412,4-6号棟,鉄筋コンクリート造,5,N,504号室,3DK,53,5,60500,3100,2か月,"['近居割', '近居割WIDE']",随時,https://www.ur-net.go.jp/chintai/kanto/kanagawa/40_1240_room.html?JKSS=000406504,<li>相鉄本線「大和」駅バス15～20分 徒歩1～5分</li><li>小田急江ノ島線「高座渋谷」駅 徒歩13～20分</li><li>相鉄いずみ野線「いずみ中央」駅バス13分 徒歩6～14分</li>
kanagawa,shonan,上和田,63600,,,,,,,大和市上和田2412,4-6号棟,鉄筋コンクリート造,5,N,504号室,3DK,53,5,60500,3100,2か月,"['近居割', '近居割WIDE']",随時,https://www.ur-net.go.jp/chintai/kanto/kanagawa/40_1240_room.html?JKSS=000406504,<li>相鉄本線「大和」駅バス15～20分 徒歩1～5分</li><li>小田急江ノ島線「高座渋谷」駅 徒歩13～20分</li><li>相鉄いずみ野線「いずみ中央」駅バス13分 徒歩6～14分</li>
kanagawa,shonan,上和田,63600,,,,相鉄本線「大和」駅,16.0,25.0,大和市上和田2412,4-6号棟,鉄筋コンクリート造,5,N,506号室,3DK,53,5,60500,3100,2か月,"['近居割', '近居割WIDE']",随時,https://www.ur-net.go.jp/chintai/kanto/kanagawa/40_1240_room.html?JKSS=000406506,<li>相鉄本線「大和」駅バス15～20分 徒歩1～5分</li><li>小田急江ノ島線「高座渋谷」駅 徒歩13～20分</li><li>相鉄いずみ野線「いずみ中央」駅バス13分 徒歩6～14分</li>
kanagawa,shonan,上和田,63600,小田急江ノ島線「高座渋谷」駅,13.0,20.0,,,,大和市上和田2412,4-6号棟,鉄筋コンクリート造,5,N,506号室,3DK,53,5,60500,3100,2か月,"['近居割', '近居割WIDE']",随時,https://www.ur-net.go.jp/chintai/kanto/kanagawa/40_1240_room.html?JKSS=000406506,<li>相鉄本線「大和」駅バス15～20分 徒歩1～5分</li><li>小田急江ノ島線「高座渋谷」駅 徒歩13～20分</li><li>相鉄いずみ野線「いずみ中央」駅バス13分 徒歩6～14分</li>
kanagawa,shonan,上和田,63600,,,,相鉄いずみ野線「いずみ中央」駅,19.0,27.0,大和市上和田2412,4-6号棟,鉄筋コンクリート造,5,N,506号室,3DK,53,5,60500,3100,2か月,"['近居割', '近居割WIDE']",随時,https://www.ur-net.go.jp/chintai/kanto/kanagawa/40_1240_room.html?JKSS=000406506,<li>相鉄本線「大和」駅バス15～20分 徒歩1～5分</li><li>小田急江ノ島線「高座渋谷」駅 徒歩13～20分</li><li>相鉄いずみ野線「いずみ中央」駅バス13分 徒歩6～14分</li>
kanagawa,shonan,上和田,63600,,,,,,,大和市上和田2412,4-6号棟,鉄筋コンクリート造,5,N,506号室,3DK,53,5,60500,3100,2か月,"['近居割', '近居割WIDE']",随時,https://www.ur-net.go.jp/chintai/kanto/kanagawa/40_1240_room.html?JKSS=000406506,<li>相鉄本線「大和」駅バス15～20分 徒歩1～5分</li><li>小田急江ノ島線「高座渋谷」駅 徒歩13～20分</li><li>相鉄いずみ野線「いずみ中央」駅バス13分 徒歩6～14分</li>
kanagawa,shonan,上和田,63600,,,,相鉄本線「大和」駅,16.0,25.0,大和市上和田2412,4-8号棟,鉄筋コンクリート造,5,N,502号室,3DK,53,5,60500,3100,2か月,"['近居割', '近居割WIDE']",随時,https://www.ur-net.go.jp/chintai/kanto/kanagawa/40_1240_room.html?JKSS=000408502,<li>相鉄本線「大和」駅バス15～20分 徒歩1～5分</li><li>小田急江ノ島線「高座渋谷」駅 徒歩13～20分</li><li>相鉄いずみ野線「いずみ中央」駅バス13分 徒歩6～14分</li>
kanagawa,shonan,上和田,63600,小田急江ノ島線「高座渋谷」駅,13.0,20.0,,,,大和市上和田2412,4-8号棟,鉄筋コンクリート造,5,N,502号室,3DK,53,5,60500,3100,2か月,"['近居割', '近居割WIDE']",随時,https://www.ur-net.go.jp/chintai/kanto/kanagawa/40_1240_room.html?JKSS=000408502,<li>相鉄本線「大和」駅バス15～20分 徒歩1～5分</li><li>小田急江ノ島線「高座渋谷」駅 徒歩13～20分</li><li>相鉄いずみ野線「いずみ中央」駅バス13分 徒歩6～14分</li>
kanagawa,shonan,上和田,63600,,,,相鉄いずみ野線「いずみ中央」駅,19.0,27.0,大和市上和田2412,4-8号棟,鉄筋コンクリート造,5,N,502号室,3DK,53,5,60500,3100,2か月,"['近居割', '近居割WIDE']",随時,https://www.ur-net.go.jp/chintai/kanto/kanagawa/40_1240_room.html?JKSS=000408502,<li>相鉄本線「大和」駅バス15～20分 徒歩1～5分</li><li>小田急江ノ島線「高座渋谷」駅 徒歩13～20分</li><li>相鉄いずみ野線「いずみ中央」駅バス13分 徒歩6～14分</li>
kanagawa,shonan,上和田,63600,,,,,,,大和市上和田2412,4-8号棟,鉄筋コンクリート造,5,N,502号室,3DK,53,5,60500,3100,2か月,"['近居割', '近居割WIDE']",随時,https://www.ur-net.go.jp/chintai/kanto/kanagawa/40_1240_room.html?JKSS=000408502,<li>相鉄本線「大和」駅バス15～20分 徒歩1～5分</li><li>小田急江ノ島線「高座渋谷」駅 徒歩13～20分</li><li>相鉄いずみ野線「いずみ中央」駅バス13分 徒歩6～14分</li>
kanagawa,shonan,上和田,63600,,,,相鉄本線「大和」駅,16.0,25.0,大和市上和田2412,4-8号棟,鉄筋コンクリート造,5,N,507号室,3DK,53,5,60500,3100,2か月,"['近居割', '近居割WIDE']",随時,https://www.ur-net.go.jp/chintai/kanto/kanagawa/40_1240_room.html?JKSS=000408507,<li>相鉄本線「大和」駅バス15～20分 徒歩1～5分</li><li>小田急江ノ島線「高座渋谷」駅 徒歩13～20分</li><li>相鉄いずみ野線「いずみ中央」駅バス13分 徒歩6～14分</li>
kanagawa,shonan,上和田,63600,小田急江ノ島線「高座渋谷」駅,13.0,20.0,,,,大和市上和田2412,4-8号棟,鉄筋コンクリート造,5,N,507号室,3DK,53,5,60500,3100,2か月,"['近居割', '近居割WIDE']",随時,https://www.ur-net.go.jp/chintai/kanto/kanagawa/40_1240_room.html?JKSS=000408507,<li>相鉄本線「大和」駅バス15～20分 徒歩1～5分</li><li>小田急江ノ島線「高座渋谷」駅 徒歩13～20分</li><li>相鉄いずみ野線「いずみ中央」駅バス13分 徒歩6～14分</li>
kanagawa,shonan,上和田,63600,,,,相鉄いずみ野線「いずみ中央」駅,19.0,27.0,大和市上和田2412,4-8号棟,鉄筋コンクリート造,5,N,507号室,3DK,53,5,60500,3100,2か月,"['近居割', '近居割WIDE']",随時,https://www.ur-net.go.jp/chintai/kanto/kanagawa/40_1240_room.html?JKSS=000408507,<li>相鉄本線「大和」駅バス15～20分 徒歩1～5分</li><li>小田急江ノ島線「高座渋谷」駅 徒歩13～20分</li><li>相鉄いずみ野線「いずみ中央」駅バス13分 徒歩6～14分</li>
kanagawa,shonan,上和田,63600,,,,,,,大和市上和田2412,4-8号棟,鉄筋コンクリート造,5,N,507号室,3DK,53,5,60500,3100,2か月,"['近居割', '近居割WIDE']",随時,https://www.ur-net.go.jp/chintai/kanto/kanagawa/40_1240_room.html?JKSS=000408507,<li>相鉄本線「大和」駅バス15～20分 徒歩1～5分</li><li>小田急江ノ島線「高座渋谷」駅 徒歩13～20分</li><li>相鉄いずみ野線「いずみ中央」駅バス13分 徒歩6～14分</li>
kanagawa,shonan,サンヴァリエ平塚,65100,,,,JR東海道本線「平塚」駅,21.0,23.0,平塚市高村203,10号棟,鉄筋コンクリート造、鉄骨鉄筋コンクリート造,6,N,605号室,2DK,50,8,62000,3100,2か月,['近居割WIDE'],随時,https://www.ur-net.go.jp/chintai/kanto/kanagawa/40_1780_room.html?JKSS=000100605,<li>JR東海道本線「平塚」駅バス20分 徒歩1～3分</li><li>小田急小田原線「伊勢原」駅バス33分 徒歩2～5分</li><li>JR東海道本線「大磯」駅 徒歩53～56分</li>
kanagawa,shonan,サンヴァリエ平塚,65100,,,,小田急小田原線「伊勢原」駅,35.0,38.0,平塚市高村203,10号棟,鉄筋コンクリート造、鉄骨鉄筋コンクリート造,6,N,605号室,2DK,50,8,62000,3100,2か月,['近居割WIDE'],随時,https://www.ur-net.go.jp/chintai/kanto/kanagawa/40_1780_room.html?JKSS=000100605,<li>JR東海道本線「平塚」駅バス20分 徒歩1～3分</li><li>小田急小田原線「伊勢原」駅バス33分 徒歩2～5分</li><li>JR東海道本線「大磯」駅 徒歩53～56分</li>
kanagawa,shonan,サンヴァリエ平塚,65100,JR東海道本線「大磯」駅,53.0,56.0,,,,平塚市高村203,10号棟,鉄筋コンクリート造、鉄骨鉄筋コンクリート造,6,N,605号室,2DK,50,8,62000,3100,2か月,['近居割WIDE'],随時,https://www.ur-net.go.jp/chintai/kanto/kanagawa/40_1780_room.html?JKSS=000100605,<li>JR東海道本線「平塚」駅バス20分 徒歩1～3分</li><li>小田急小田原線「伊勢原」駅バス33分 徒歩2～5分</li><li>JR東海道本線「大磯」駅 徒歩53～56分</li>
kanagawa,shonan,サンヴァリエ平塚,65100,,,,,,,平塚市高村203,10号棟,鉄筋コンクリート造、鉄骨鉄筋コンクリート造,6,N,605号室,2DK,50,8,62000,3100,2か月,['近居割WIDE'],随時,https://www.ur-net.go.jp/chintai/kanto/kanagawa/40_1780_room.html?JKSS=000100605,<li>JR東海道本線「平塚」駅バス20分 徒歩1～3分</li><li>小田急小田原線「伊勢原」駅バス33分 徒歩2～5分</li><li>JR東海道本線「大磯」駅 徒歩53～56分</li>
kanagawa,shonan,サンヴァリエ平塚,65100,,,,JR東海道本線「平塚」駅,21.0,23.0,平塚市高村203,16号棟,鉄筋コンクリート造、鉄骨鉄筋コンクリート造,8,N,808号室,2DK,50,8,62000,3100,2か月,['近居割WIDE'],随時,https://www.ur-net.go.jp/chintai/kanto/kanagawa/40_1780_room.html?JKSS=000160808,<li>JR東海道本線「平塚」駅バス20分 徒歩1～3分</li><li>小田急小田原線「伊勢原」駅バス33分 徒歩2～5分</li><li>JR東海道本線「大磯」駅 徒歩53～56分</li>
kanagawa,shonan,サンヴァリエ平塚,65100,,,,小田急小田原線「伊勢原」駅,35.0,38.0,平塚市高村203,16号棟,鉄筋コンクリート造、鉄骨鉄筋コンクリート造,8,N,808号室,2DK,50,8,62000,3100,2か月,['近居割WIDE'],随時,https://www.ur-net.go.jp/chintai/kanto/kanagawa/40_1780_room.html?JKSS=000160808,<li>JR東海道本線「平塚」駅バス20分 徒歩1～3分</li><li>小田急小田原線「伊勢原」駅バス33分 徒歩2～5分</li><li>JR東海道本線「大磯」駅 徒歩53～56分</li>
kanagawa,shonan,サンヴァリエ平塚,65100,JR東海道本線「大磯」駅,53.0,56.0,,,,平塚市高村203,16号棟,鉄筋コンクリート造、鉄骨鉄筋コンクリート造,8,N,808号室,2DK,50,8,62000,3100,2か月,['近居割WIDE'],随時,https://www.ur-net.go.jp/chintai/kanto/kanagawa/40_1780_room.html?JKSS=000160808,<li>JR東海道本線「平塚」駅バス20分 徒歩1～3分</li><li>小田急小田原線「伊勢原」駅バス33分 徒歩2～5分</li><li>JR東海道本線「大磯」駅 徒歩53～56分</li>
kanagawa,shonan,サンヴァリエ平塚,65100,,,,,,,平塚市高村203,16号棟,鉄筋コンクリート造、鉄骨鉄筋コンクリート造,8,N,808号室,2DK,50,8,62000,3100,2か月,['近居割WIDE'],随時,https://www.ur-net.go.jp/chintai/kanto/kanagawa/40_1780_room.html?JKSS=000160808,<li>JR東海道本線「平塚」駅バス20分 徒歩1～3分</li><li>小田急小田原線「伊勢原」駅バス33分 徒歩2～5分</li><li>JR東海道本線「大磯」駅 徒歩53～56分</li>
kanagawa,shonan,サンヴァリエ平塚,65100,,,,JR東海道本線「平塚」駅,21.0,23.0,平塚市高村203,17号棟,鉄筋コンクリート造、鉄骨鉄筋コンクリート造,5,N,506号室,2DK,50,8,62000,3100,2か月,['近居割WIDE'],随時,https://www.ur-net.go.jp/chintai/kanto/kanagawa/40_1780_room.html?JKSS=000170506,<li>JR東海道本線「平塚」駅バス20分 徒歩1～3分</li><li>小田急小田原線「伊勢原」駅バス33分 徒歩2～5分</li><li>JR東海道本線「大磯」駅 徒歩53～56分</li>
kanagawa,shonan,サンヴァリエ平塚,65100,,,,小田急小田原線「伊勢原」駅,35.0,38.0,平塚市高村203,17号棟,鉄筋コンクリート造、鉄骨鉄筋コンクリート造,5,N,506号室,2DK,50,8,62000,3100,2か月,['近居割WIDE'],随時,https://www.ur-net.go.jp/chintai/kanto/kanagawa/40_1780_room.html?JKSS=000170506,<li>JR東海道本線「平塚」駅バス20分 徒歩1～3分</li><li>小田急小田原線「伊勢原」駅バス33分 徒歩2～5分</li><li>JR東海道本線「大磯」駅 徒歩53～56分</li>
kanagawa,shonan,サンヴァリエ平塚,65100,JR東海道本線「大磯」駅,53.0,56.0,,,,平塚市高村203,17号棟,鉄筋コンクリート造、鉄骨鉄筋コンクリート造,5,N,506号室,2DK,50,8,62000,3100,2か月,['近居割WIDE'],随時,https://www.ur-net.go.jp/chintai/kanto/kanagawa/40_1780_room.html?JKSS=000170506,<li>JR東海道本線「平塚」駅バス20分 徒歩1～3分</li><li>小田急小田原線「伊勢原」駅バス33分 徒歩2～5分</li><li>JR東海道本線「大磯」駅 徒歩53～56分</li>
kanagawa,shonan,サンヴァリエ平塚,65100,,,,,,,平塚市高村203,17号棟,鉄筋コンクリート造、鉄骨鉄筋コンクリート造,5,N,506号室,2DK,50,8,62000,3100,2か月,['近居割WIDE'],随時,https://www.ur-net.go.jp/chintai/kanto/kanagawa/40_1780_room.html?JKSS=000170506,<li>JR東海道本線「平塚」駅バス20分 徒歩1～3分</li><li>小田急小田原線「伊勢原」駅バス33分 徒歩2～5分</li><li>JR東海道本線「大磯」駅 徒歩53～56分</li>
kanagawa,shonan,サンヴァリエ平塚,65100,,,,JR東海道本線「平塚」駅,21.0,23.0,平塚市高村203,18号棟,鉄筋コンクリート造、鉄骨鉄筋コンクリート造,5,N,503号室,2DK,50,8,62000,3100,2か月,['近居割WIDE'],随時,https://www.ur-net.go.jp/chintai/kanto/kanagawa/40_1780_room.html?JKSS=000180503,<li>JR東海道本線「平塚」駅バス20分 徒歩1～3分</li><li>小田急小田原線「伊勢原」駅バス33分 徒歩2～5分</li><li>JR東海道本線「大磯」駅 徒歩53～56分</li>
kanagawa,shonan,サンヴァリエ平塚,65100,,,,小田急小田原線「伊勢原」駅,35.0,38.0,平塚市高村203,18号棟,鉄筋コンクリート造、鉄骨鉄筋コンクリート造,5,N,503号室,2DK,50,8,62000,3100,2か月,['近居割WIDE'],随時,https://www.ur-net.go.jp/chintai/kanto/kanagawa/40_1780_room.html?JKSS=000180503,<li>JR東海道本線「平塚」駅バス20分 徒歩1～3分</li><li>小田急小田原線「伊勢原」駅バス33分 徒歩2～5分</li><li>JR東海道本線「大磯」駅 徒歩53～56分</li>
kanagawa,shonan,サンヴァリエ平塚,65100,JR東海道本線「大磯」駅,53.0,56.0,,,,平塚市高村203,18号棟,鉄筋コンクリート造、鉄骨鉄筋コンクリート造,5,N,503号室,2DK,50,8,62000,3100,2か月,['近居割WIDE'],随時,https://www.ur-net.go.jp/chintai/kanto/kanagawa/40_1780_room.html?JKSS=000180503,<li>JR東海道本線「平塚」駅バス20分 徒歩1～3分</li><li>小田急小田原線「伊勢原」駅バス33分 徒歩2～5分</li><li>JR東海道本線「大磯」駅 徒歩53～56分</li>
kanagawa,shonan,サンヴァリエ平塚,65100,,,,,,,平塚市高村203,18号棟,鉄筋コンクリート造、鉄骨鉄筋コンクリート造,5,N,503号室,2DK,50,8,62000,3100,2か月,['近居割WIDE'],随時,https://www.ur-net.go.jp/chintai/kanto/kanagawa/40_1780_room.html?JKSS=000180503,<li>JR東海道本線「平塚」駅バス20分 徒歩1～3分</li><li>小田急小田原線「伊勢原」駅バス33分 徒歩2～5分</li><li>JR東海道本線「大磯」駅 徒歩53～56分</li>
kanagawa,shonan,サンヴァリエ平塚,65100,,,,JR東海道本線「平塚」駅,21.0,23.0,平塚市高村203,18号棟,鉄筋コンクリート造、鉄骨鉄筋コンクリート造,5,N,505号室,2DK,50,8,62000,3100,2か月,['フリレ2か月'],随時,https://www.ur-net.go.jp/chintai/kanto/kanagawa/40_1780_room.html?JKSS=000180505,<li>JR東海道本線「平塚」駅バス20分 徒歩1～3分</li><li>小田急小田原線「伊勢原」駅バス33分 徒歩2～5分</li><li>JR東海道本線「大磯」駅 徒歩53～56分</li>
kanagawa,shonan,サンヴァリエ平塚,65100,,,,小田急小田原線「伊勢原」駅,35.0,38.0,平塚市高村203,18号棟,鉄筋コンクリート造、鉄骨鉄筋コンクリート造,5,N,505号室,2DK,50,8,62000,3100,2か月,['フリレ2か月'],随時,https://www.ur-net.go.jp/chintai/kanto/kanagawa/40_1780_room.html?JKSS=000180505,<li>JR東海道本線「平塚」駅バス20分 徒歩1～3分</li><li>小田急小田原線「伊勢原」駅バス33分 徒歩2～5分</li><li>JR東海道本線「大磯」駅 徒歩53～56分</li>
kanagawa,shonan,サンヴァリエ平塚,65100,JR東海道本線「大磯」駅,53.0,56.0,,,,平塚市高村203,18号棟,鉄筋コンクリート造、鉄骨鉄筋コンクリート造,5,N,505号室,2DK,50,8,62000,3100,2か月,['フリレ2か月'],随時,https://www.ur-net.go.jp/chintai/kanto/kanagawa/40_1780_room.html?JKSS=000180505,<li>JR東海道本線「平塚」駅バス20分 徒歩1～3分</li><li>小田急小田原線「伊勢原」駅バス33分 徒歩2～5分</li><li>JR東海道本線「大磯」駅 徒歩53～56分</li>
kanagawa,shonan,サンヴァリエ平塚,65100,,,,,,,平塚市高村203,18号棟,鉄筋コンクリート造、鉄骨鉄筋コンクリート造,5,N,505号室,2DK,50,8,62000,3100,2か月,['フリレ2か月'],随時,https://www.ur-net.go.jp/chintai/kanto/kanagawa/40_1780_room.html?JKSS=000180505,<li>JR東海道本線「平塚」駅バス20分 徒歩1～3分</li><li>小田急小田原線「伊勢原」駅バス33分 徒歩2～5分</li><li>JR東海道本線「大磯」駅 徒歩53～56分</li>
kanagawa,shonan,善行,53100,小田急江ノ島線「善行」駅,11.0,19.0,小田急江ノ島線「善行」駅,5.0,13.0,藤沢市善行団地1-1ほか,7-11号棟,鉄筋コンクリート造,5,N,503号室,2DK,41,5,49800,3300,2か月,['URライト（4年定借）'],随時,https://www.ur-net.go.jp/chintai/kanto/kanagawa/40_1040_room.html?JKSS=000711503,<li>小田急江ノ島線「善行」駅 徒歩11～19分 又はバス4～8分 徒歩1～5分</li>
kanagawa,shonan,善行,53100,,,,,,,藤沢市善行団地1-1ほか,7-11号棟,鉄筋コンクリート造,5,N,503号室,2DK,41,5,49800,3300,2か月,['URライト（4年定借）'],随時,https://www.ur-net.go.jp/chintai/kanto/kanagawa/40_1040_room.html?JKSS=000711503,<li>小田急江ノ島線「善行」駅 徒歩11～19分 又はバス4～8分 徒歩1～5分</li>
kanagawa,shonan,善行,57400,小田急江ノ島線「善行」駅,11.0,19.0,小田急江ノ島線「善行」駅,5.0,13.0,藤沢市善行団地1-1ほか,1-10号棟,鉄筋コンクリート造,5,N,504号室,1LDK,41,5,54100,3300,2か月,['健康寿命サポート'],随時,https://www.ur-net.go.jp/chintai/kanto/kanagawa/40_1040_room.html?JKSS=000110504,<li>小田急江ノ島線「善行」駅 徒歩11～19分 又はバス4～8分 徒歩1～5分</li>
kanagawa,shonan,善行,57400,,,,,,,藤沢市善行団地1-1ほか,1-10号棟,鉄筋コンクリート造,5,N,504号室,1LDK,41,5,54100,3300,2か月,['健康寿命サポート'],随時,https://www.ur-net.go.jp/chintai/kanto/kanagawa/40_1040_room.html?JKSS=000110504,<li>小田急江ノ島線「善行」駅 徒歩11～19分 又はバス4～8分 徒歩1～5分</li>
kanagawa,shonan,善行,61300,小田急江ノ島線「善行」駅,11.0,19.0,小田急江ノ島線「善行」駅,5.0,13.0,藤沢市善行団地1-1ほか,7-7号棟,鉄筋コンクリート造,2,N,208号室,3K,45,5,58000,3300,2か月,['URライト（4年定借）'],随時,https://www.ur-net.go.jp/chintai/kanto/kanagawa/40_1040_room.html?JKSS=000707208,<li>小田急江ノ島線「善行」駅 徒歩11～19分 又はバス4～8分 徒歩1～5分</li>
kanagawa,shonan,善行,61300,,,,,,,藤沢市善行団地1-1ほか,7-7号棟,鉄筋コンクリート造,2,N,208号室,3K,45,5,58000,3300,2か月,['URライト（4年定借）'],随時,https://www.ur-net.go.jp/chintai/kanto/kanagawa/40_1040_room.html?JKSS=000707208,<li>小田急江ノ島線「善行」駅 徒歩11～19分 又はバス4～8分 徒歩1～5分</li>
kanagawa,shonan,善行,62400,小田急江ノ島線「善行」駅,11.0,19.0,小田急江ノ島線「善行」駅,5.0,13.0,藤沢市善行団地1-1ほか,5-5号棟,鉄筋コンクリート造,5,N,505号室,3K,48,5,59100,3300,2か月,"['URライト（4年定借）', 'フリレ2か月']",随時,https://www.ur-net.go.jp/chintai/kanto/kanagawa/40_1040_room.html?JKSS=000505505,<li>小田急江ノ島線「善行」駅 徒歩11～19分 又はバス4～8分 徒歩1～5分</li>
kanagawa,shonan,善行,62400,,,,,,,藤沢市善行団地1-1ほか,5-5号棟,鉄筋コンクリート造,5,N,505号室,3K,48,5,59100,3300,2か月,"['URライト（4年定借）', 'フリレ2か月']",随時,https://www.ur-net.go.jp/chintai/kanto/kanagawa/40_1040_room.html?JKSS=000505505,<li>小田急江ノ島線「善行」駅 徒歩11～19分 又はバス4～8分 徒歩1～5分</li>
kanagawa,shonan,善行,64600,小田急江ノ島線「善行」駅,11.0,19.0,小田急江ノ島線「善行」駅,5.0,13.0,藤沢市善行団地1-1ほか,3-9号棟,鉄筋コンクリート造,5,N,505号室,3DK,50,5,61300,3300,2か月,"['近居割', '近居割WIDE']",随時,https://www.ur-net.go.jp/chintai/kanto/kanagawa/40_1040_room.html?JKSS=000309505,<li>小田急江ノ島線「善行」駅 徒歩11～19分 又はバス4～8分 徒歩1～5分</li>
kanagawa,shonan,善行,64600,,,,,,,藤沢市善行団地1-1ほか,3-9号棟,鉄筋コンクリート造,5,N,505号室,3DK,50,5,61300,3300,2か月,"['近居割', '近居割WIDE']",随時,https://www.ur-net.go.jp/chintai/kanto/kanagawa/40_1040_room.html?JKSS=000309505,<li>小田急江ノ島線「善行」駅 徒歩11～19分 又はバス4～8分 徒歩1～5分</li>
kanagawa,shonan,浜見平,107900,,,,JR東海道本線「茅ケ崎」駅,15.0,15.0,茅ヶ崎市浜見平6-2ほか,6-2号棟,鉄筋コンクリート造,3,N,303号室,3DK,62,5,104000,3900,2か月,"['近居割', '近居割WIDE']",随時,https://www.ur-net.go.jp/chintai/kanto/kanagawa/40_0971_room.html?JKSS=006020303,<li>JR東海道本線「茅ケ崎」駅バス13分 徒歩2分</li>
kanagawa,shonan,浜見平,107900,,,,,,,茅ヶ崎市浜見平6-2ほか,6-2号棟,鉄筋コンクリート造,3,N,303号室,3DK,62,5,104000,3900,2か月,"['近居割', '近居割WIDE']",随時,https://www.ur-net.go.jp/chintai/kanto/kanagawa/40_0971_room.html?JKSS=006020303,<li>JR東海道本線「茅ケ崎」駅バス13分 徒歩2分</li>
kanagawa,shonan,浜見平,119500,,,,JR東海道本線「茅ケ崎」駅,15.0,15.0,茅ヶ崎市浜見平6-2ほか,6-2号棟,鉄筋コンクリート造,5,N,506号室,3LDK,70,5,115600,3900,2か月,"['近居割', '近居割WIDE']",随時,https://www.ur-net.go.jp/chintai/kanto/kanagawa/40_0971_room.html?JKSS=006020506,<li>JR東海道本線「茅ケ崎」駅バス13分 徒歩2分</li>
kanagawa,shonan,浜見平,119500,,,,,,,茅ヶ崎市浜見平6-2ほか,6-2号棟,鉄筋コンクリート造,5,N,506号室,3LDK,70,5,115600,3900,2か月,"['近居割', '近居割WIDE']",随時,https://www.ur-net.go.jp/chintai/kanto/kanagawa/40_0971_room.html?JKSS=006020506,<li>JR東海道本線「茅ケ崎」駅バス13分 徒歩2分</li>
kanagawa,shonan,浜見平,123300,,,,JR東海道本線「茅ケ崎」駅,15.0,15.0,茅ヶ崎市浜見平6-2ほか,6-3号棟,鉄筋コンクリート造,4,N,406号室,3LDK,70,5,119400,3900,2か月,['フリレ１か月'],随時,https://www.ur-net.go.jp/chintai/kanto/kanagawa/40_0971_room.html?JKSS=006030406,<li>JR東海道本線「茅ケ崎」駅バス13分 徒歩2分</li>
kanagawa,shonan,浜見平,123300,,,,,,,茅ヶ崎市浜見平6-2ほか,6-3号棟,鉄筋コンクリート造,4,N,406号室,3LDK,70,5,119400,3900,2か月,['フリレ１か月'],随時,https://www.ur-net.go.jp/chintai/kanto/kanagawa/40_0971_room.html?JKSS=006030406,<li>JR東海道本線「茅ケ崎」駅バス13分 徒歩2分</li>
chiba,inageekimae,千草台,45800,,,,JR総武線「西千葉」駅,10.0,17.0,千葉市稲毛区千草台1ほか,2-2号棟,鉄筋コンクリート造,4,N,405号室,2DK,41,4,43500,2300,2か月,"['近居割', '近居割WIDE']",随時,https://www.ur-net.go.jp/chintai/kanto/chiba/30_1390_room.html?JKSS=000202405,<li>JR総武線「西千葉」駅バス9～12分 徒歩1～5分</li><li>JR総武線「千葉」駅バス9～15分 徒歩9～17分</li><li>千葉都市モノレール「穴川」駅 徒歩12～18分</li>
chiba,inageekimae,千草台,45800,,,,JR総武線「千葉」駅,18.0,32.0,千葉市稲毛区千草台1ほか,2-2号棟,鉄筋コンクリート造,4,N,405号室,2DK,41,4,43500,2300,2か月,"['近居割', '近居割WIDE']",随時,https://www.ur-net.go.jp/chintai/kanto/chiba/30_1390_room.html?JKSS=000202405,<li>JR総武線「西千葉」駅バス9～12分 徒歩1～5分</li><li>JR総武線「千葉」駅バス9～15分 徒歩9～17分</li><li>千葉都市モノレール「穴川」駅 徒歩12～18分</li>
chiba,inageekimae,千草台,45800,千葉都市モノレール「穴川」駅,12.0,18.0,,,,千葉市稲毛区千草台1ほか,2-2号棟,鉄筋コンクリート造,4,N,405号室,2DK,41,4,43500,2300,2か月,"['近居割', '近居割WIDE']",随時,https://www.ur-net.go.jp/chintai/kanto/chiba/30_1390_room.html?JKSS=000202405,<li>JR総武線「西千葉」駅バス9～12分 徒歩1～5分</li><li>JR総武線「千葉」駅バス9～15分 徒歩9～17分</li><li>千葉都市モノレール「穴川」駅 徒歩12～18分</li>
chiba,inageekimae,千草台,45800,,,,,,,千葉市稲毛区千草台1ほか,2-2号棟,鉄筋コンクリート造,4,N,405号室,2DK,41,4,43500,2300,2か月,"['近居割', '近居割WIDE']",随時,https://www.ur-net.go.jp/chintai/kanto/chiba/30_1390_room.html?JKSS=000202405,<li>JR総武線「西千葉」駅バス9～12分 徒歩1～5分</li><li>JR総武線「千葉」駅バス9～15分 徒歩9～17分</li><li>千葉都市モノレール「穴川」駅 徒歩12～18分</li>
chiba,hanamigawa,花見川（第１次～第４次）,47550,,,,京成本線「八千代台」駅,4.0,18.0,千葉市花見川区花見川1ほか,2-12号棟,鉄筋コンクリート造,5,N,508号室,2DK,45,5,44800,2750,2か月,"['近居割', '近居割WIDE']",随時,https://www.ur-net.go.jp/chintai/kanto/chiba/30_1681_room.html?JKSS=000212508,<li>京成本線「八千代台」駅バス3～10分 徒歩1～8分</li><li>京成本線「実籾」駅 徒歩30～45分</li><li>京成本線「京成大和田」駅 徒歩31～49分</li>
chiba,hanamigawa,花見川（第１次～第４次）,47550,京成本線「実籾」駅,30.0,45.0,,,,千葉市花見川区花見川1ほか,2-12号棟,鉄筋コンクリート造,5,N,508号室,2DK,45,5,44800,2750,2か月,"['近居割', '近居割WIDE']",随時,https://www.ur-net.go.jp/chintai/kanto/chiba/30_1681_room.html?JKSS=000212508,<li>京成本線「八千代台」駅バス3～10分 徒歩1～8分</li><li>京成本線「実籾」駅 徒歩30～45分</li><li>京成本線「京成大和田」駅 徒歩31～49分</li>
chiba,hanamigawa,花見川（第１次～第４次）,47550,京成本線「京成大和田」駅,31.0,49.0,,,,千葉市花見川区花見川1ほか,2-12号棟,鉄筋コンクリート造,5,N,508号室,2DK,45,5,44800,2750,2か月,"['近居割', '近居割WIDE']",随時,https://www.ur-net.go.jp/chintai/kanto/chiba/30_1681_room.html?JKSS=000212508,<li>京成本線「八千代台」駅バス3～10分 徒歩1～8分</li><li>京成本線「実籾」駅 徒歩30～45分</li><li>京成本線「京成大和田」駅 徒歩31～49分</li>
chiba,hanamigawa,花見川（第１次～第４次）,47550,,,,,,,千葉市花見川区花見川1ほか,2-12号棟,鉄筋コンクリート造,5,N,508号室,2DK,45,5,44800,2750,2か月,"['近居割', '近居割WIDE']",随時,https://www.ur-net.go.jp/chintai/kanto/chiba/30_1681_room.html?JKSS=000212508,<li>京成本線「八千代台」駅バス3～10分 徒歩1～8分</li><li>京成本線「実籾」駅 徒歩30～45分</li><li>京成本線「京成大和田」駅 徒歩31～49分</li>
chiba,inageekimae,さつきが丘,50900,,,,JR総武線「新検見川」駅,12.0,19.0,千葉市花見川区さつきが丘1ほか,2-10-1号棟,鉄筋コンクリート造,3,N,302号室,3K,47,5,48800,2100,2か月,"['近居割', '近居割WIDE']",随時,https://www.ur-net.go.jp/chintai/kanto/chiba/30_2300_room.html?JKSS=210010302,<li>JR総武線「新検見川」駅バス11分 徒歩1～8分</li><li>JR総武線「稲毛」駅バス20分 徒歩2～8分</li><li>京成千葉線「検見川」駅 徒歩41～52分</li>
chiba,inageekimae,さつきが丘,50900,,,,JR総武線「稲毛」駅,22.0,28.0,千葉市花見川区さつきが丘1ほか,2-10-1号棟,鉄筋コンクリート造,3,N,302号室,3K,47,5,48800,2100,2か月,"['近居割', '近居割WIDE']",随時,https://www.ur-net.go.jp/chintai/kanto/chiba/30_2300_room.html?JKSS=210010302,<li>JR総武線「新検見川」駅バス11分 徒歩1～8分</li><li>JR総武線「稲毛」駅バス20分 徒歩2～8分</li><li>京成千葉線「検見川」駅 徒歩41～52分</li>
chiba,inageekimae,さつきが丘,50900,京成千葉線「検見川」駅,41.0,52.0,,,,千葉市花見川区さつきが丘1ほか,2-10-1号棟,鉄筋コンクリート造,3,N,302号室,3K,47,5,48800,2100,2か月,"['近居割', '近居割WIDE']",随時,https://www.ur-net.go.jp/chintai/kanto/chiba/30_2300_room.html?JKSS=210010302,<li>JR総武線「新検見川」駅バス11分 徒歩1～8分</li><li>JR総武線「稲毛」駅バス20分 徒歩2～8分</li><li>京成千葉線「検見川」駅 徒歩41～52分</li>
chiba,inageekimae,さつきが丘,50900,,,,,,,千葉市花見川区さつきが丘1ほか,2-10-1号棟,鉄筋コンクリート造,3,N,302号室,3K,47,5,48800,2100,2か月,"['近居割', '近居割WIDE']",随時,https://www.ur-net.go.jp/chintai/kanto/chiba/30_2300_room.html?JKSS=210010302,<li>JR総武線「新検見川」駅バス11分 徒歩1～8分</li><li>JR総武線「稲毛」駅バス20分 徒歩2～8分</li><li>京成千葉線「検見川」駅 徒歩41～52分</li>
chiba,inageekimae,さつきが丘,50900,,,,JR総武線「新検見川」駅,12.0,19.0,千葉市花見川区さつきが丘1ほか,2-10-33号棟,鉄筋コンクリート造,3,N,308号室,3K,47,5,48800,2100,2か月,"['近居割', '近居割WIDE']",随時,https://www.ur-net.go.jp/chintai/kanto/chiba/30_2300_room.html?JKSS=210330308,<li>JR総武線「新検見川」駅バス11分 徒歩1～8分</li><li>JR総武線「稲毛」駅バス20分 徒歩2～8分</li><li>京成千葉線「検見川」駅 徒歩41～52分</li>
chiba,inageekimae,さつきが丘,50900,,,,JR総武線「稲毛」駅,22.0,28.0,千葉市花見川区さつきが丘1ほか,2-10-33号棟,鉄筋コンクリート造,3,N,308号室,3K,47,5,48800,2100,2か月,"['近居割', '近居割WIDE']",随時,https://www.ur-net.go.jp/chintai/kanto/chiba/30_2300_room.html?JKSS=210330308,<li>JR総武線「新検見川」駅バス11分 徒歩1～8分</li><li>JR総武線「稲毛」駅バス20分 徒歩2～8分</li><li>京成千葉線「検見川」駅 徒歩41～52分</li>
chiba,inageekimae,さつきが丘,50900,京成千葉線「検見川」駅,41.0,52.0,,,,千葉市花見川区さつきが丘1ほか,2-10-33号棟,鉄筋コンクリート造,3,N,308号室,3K,47,5,48800,2100,2か月,"['近居割', '近居割WIDE']",随時,https://www.ur-net.go.jp/chintai/kanto/chiba/30_2300_room.html?JKSS=210330308,<li>JR総武線「新検見川」駅バス11分 徒歩1～8分</li><li>JR総武線「稲毛」駅バス20分 徒歩2～8分</li><li>京成千葉線「検見川」駅 徒歩41～52分</li>
chiba,inageekimae,さつきが丘,50900,,,,,,,千葉市花見川区さつきが丘1ほか,2-10-33号棟,鉄筋コンクリート造,3,N,308号室,3K,47,5,48800,2100,2か月,"['近居割', '近居割WIDE']",随時,https://www.ur-net.go.jp/chintai/kanto/chiba/30_2300_room.html?JKSS=210330308,<li>JR総武線「新検見川」駅バス11分 徒歩1～8分</li><li>JR総武線「稲毛」駅バス20分 徒歩2～8分</li><li>京成千葉線「検見川」駅 徒歩41～52分</li>
chiba,inageekimae,千葉弁天町,75000,JR総武線・千葉都市モノレール「千葉」駅,1.0,1.0,,,,千葉市中央区弁天2-23-1,,鉄骨鉄筋コンクリート造,9,N,902号室,2DK,46,10,70800,4200,2か月,[],随時,https://www.ur-net.go.jp/chintai/kanto/chiba/30_2010_room.html?JKSS=000000902,<li>JR総武線・千葉都市モノレール「千葉」駅 徒歩1分</li><li>京成千葉線「京成千葉」駅 徒歩5分</li>
chiba,inageekimae,千葉弁天町,75000,京成千葉線「京成千葉」駅,5.0,5.0,,,,千葉市中央区弁天2-23-1,,鉄骨鉄筋コンクリート造,9,N,902号室,2DK,46,10,70800,4200,2か月,[],随時,https://www.ur-net.go.jp/chintai/kanto/chiba/30_2010_room.html?JKSS=000000902,<li>JR総武線・千葉都市モノレール「千葉」駅 徒歩1分</li><li>京成千葉線「京成千葉」駅 徒歩5分</li>
chiba,inageekimae,千葉弁天町,75000,,,,,,,千葉市中央区弁天2-23-1,,鉄骨鉄筋コンクリート造,9,N,902号室,2DK,46,10,70800,4200,2か月,[],随時,https://www.ur-net.go.jp/chintai/kanto/chiba/30_2010_room.html?JKSS=000000902,<li>JR総武線・千葉都市モノレール「千葉」駅 徒歩1分</li><li>京成千葉線「京成千葉」駅 徒歩5分</li>
chiba,inagekaigan,ウインズタウン稲毛海岸,109500,JR京葉線「稲毛海岸」駅,15.0,19.0,,,,千葉市美浜区高浜1-14ほか,7号棟,鉄筋コンクリート造,11,N,1102号室,1LDK,52,13,104300,5200,2か月,"['近居割', '近居割WIDE']",随時,https://www.ur-net.go.jp/chintai/kanto/chiba/30_5890_room.html?JKSS=000071102,<li>JR京葉線「稲毛海岸」駅 徒歩15～19分</li><li>JR総武線「稲毛」駅バス7分 徒歩1～7分</li><li>京成千葉線「京成稲毛」駅 徒歩31～33分</li>
chiba,inagekaigan,ウインズタウン稲毛海岸,109500,,,,JR総武線「稲毛」駅,8.0,14.0,千葉市美浜区高浜1-14ほか,7号棟,鉄筋コンクリート造,11,N,1102号室,1LDK,52,13,104300,5200,2か月,"['近居割', '近居割WIDE']",随時,https://www.ur-net.go.jp/chintai/kanto/chiba/30_5890_room.html?JKSS=000071102,<li>JR京葉線「稲毛海岸」駅 徒歩15～19分</li><li>JR総武線「稲毛」駅バス7分 徒歩1～7分</li><li>京成千葉線「京成稲毛」駅 徒歩31～33分</li>
chiba,inagekaigan,ウインズタウン稲毛海岸,109500,京成千葉線「京成稲毛」駅,31.0,33.0,,,,千葉市美浜区高浜1-14ほか,7号棟,鉄筋コンクリート造,11,N,1102号室,1LDK,52,13,104300,5200,2か月,"['近居割', '近居割WIDE']",随時,https://www.ur-net.go.jp/chintai/kanto/chiba/30_5890_room.html?JKSS=000071102,<li>JR京葉線「稲毛海岸」駅 徒歩15～19分</li><li>JR総武線「稲毛」駅バス7分 徒歩1～7分</li><li>京成千葉線「京成稲毛」駅 徒歩31～33分</li>
chiba,inagekaigan,ウインズタウン稲毛海岸,109500,,,,,,,千葉市美浜区高浜1-14ほか,7号棟,鉄筋コンクリート造,11,N,1102号室,1LDK,52,13,104300,5200,2か月,"['近居割', '近居割WIDE']",随時,https://www.ur-net.go.jp/chintai/kanto/chiba/30_5890_room.html?JKSS=000071102,<li>JR京葉線「稲毛海岸」駅 徒歩15～19分</li><li>JR総武線「稲毛」駅バス7分 徒歩1～7分</li><li>京成千葉線「京成稲毛」駅 徒歩31～33分</li>
chiba,makuhari,幕張ベイタウンパティオス１５番街,169780,JR京葉線「海浜幕張」駅,13.0,13.0,JR京葉線「海浜幕張」駅,7.0,7.0,千葉市美浜区打瀬2-10 パティオス15番街,,鉄筋コンクリート造,6,N,614号室,2LDK,69,6,162000,7780,2か月,"['近居割', '近居割WIDE']",随時,https://www.ur-net.go.jp/chintai/kanto/chiba/30_5850_room.html?JKSS=000000614,<li>JR京葉線「海浜幕張」駅 徒歩13分 又はバス6分 徒歩1分</li>
chiba,makuhari,幕張ベイタウンパティオス１５番街,169780,,,,,,,千葉市美浜区打瀬2-10 パティオス15番街,,鉄筋コンクリート造,6,N,614号室,2LDK,69,6,162000,7780,2か月,"['近居割', '近居割WIDE']",随時,https://www.ur-net.go.jp/chintai/kanto/chiba/30_5850_room.html?JKSS=000000614,<li>JR京葉線「海浜幕張」駅 徒歩13分 又はバス6分 徒歩1分</li>
chiba,makuhari,幕張ベイタウンパティオス７番街,181500,JR京葉線「海浜幕張」駅,10.0,10.0,JR京葉線「海浜幕張」駅,8.0,8.0,千葉市美浜区打瀬1-5 パティオス7番街,,鉄筋コンクリート造,6,N,604号室,2LDK,73,6,171700,9800,2か月,"['近居割', '近居割WIDE']",随時,https://www.ur-net.go.jp/chintai/kanto/chiba/30_5410_room.html?JKSS=000000604,<li>JR京葉線「海浜幕張」駅 徒歩10分 又はバス7分 徒歩1分</li>
chiba,makuhari,幕張ベイタウンパティオス７番街,181500,,,,,,,千葉市美浜区打瀬1-5 パティオス7番街,,鉄筋コンクリート造,6,N,604号室,2LDK,73,6,171700,9800,2か月,"['近居割', '近居割WIDE']",随時,https://www.ur-net.go.jp/chintai/kanto/chiba/30_5410_room.html?JKSS=000000604,<li>JR京葉線「海浜幕張」駅 徒歩10分 又はバス7分 徒歩1分</li>
chiba,yurinokidaipc,米本,36600,,,,東葉高速鉄道「八千代中央」駅,19.0,26.0,八千代市米本1359,3-25号棟,鉄筋コンクリート造,4,N,404号室,2DK,39,5,33400,3200,2か月,['近居割WIDE'],随時,https://www.ur-net.go.jp/chintai/kanto/chiba/30_1950_room.html?JKSS=003025404,<li>東葉高速鉄道「八千代中央」駅バス17分 徒歩2～9分</li><li>東葉高速鉄道「東葉勝田台」駅バス20分 徒歩2～9分</li><li>京成本線「勝田台」駅バス20分 徒歩2～9分</li>
chiba,yurinokidaipc,米本,36600,,,,東葉高速鉄道「東葉勝田台」駅,22.0,29.0,八千代市米本1359,3-25号棟,鉄筋コンクリート造,4,N,404号室,2DK,39,5,33400,3200,2か月,['近居割WIDE'],随時,https://www.ur-net.go.jp/chintai/kanto/chiba/30_1950_room.html?JKSS=003025404,<li>東葉高速鉄道「八千代中央」駅バス17分 徒歩2～9分</li><li>東葉高速鉄道「東葉勝田台」駅バス20分 徒歩2～9分</li><li>京成本線「勝田台」駅バス20分 徒歩2～9分</li>
chiba,yurinokidaipc,米本,36600,,,,京成本線「勝田台」駅,22.0,29.0,八千代市米本1359,3-25号棟,鉄筋コンクリート造,4,N,404号室,2DK,39,5,33400,3200,2か月,['近居割WIDE'],随時,https://www.ur-net.go.jp/chintai/kanto/chiba/30_1950_room.html?JKSS=003025404,<li>東葉高速鉄道「八千代中央」駅バス17分 徒歩2～9分</li><li>東葉高速鉄道「東葉勝田台」駅バス20分 徒歩2～9分</li><li>京成本線「勝田台」駅バス20分 徒歩2～9分</li>
chiba,yurinokidaipc,米本,36600,,,,,,,八千代市米本1359,3-25号棟,鉄筋コンクリート造,4,N,404号室,2DK,39,5,33400,3200,2か月,['近居割WIDE'],随時,https://www.ur-net.go.jp/chintai/kanto/chiba/30_1950_room.html?JKSS=003025404,<li>東葉高速鉄道「八千代中央」駅バス17分 徒歩2～9分</li><li>東葉高速鉄道「東葉勝田台」駅バス20分 徒歩2～9分</li><li>京成本線「勝田台」駅バス20分 徒歩2～9分</li>
chiba,matsudo,常盤平,42000,京成松戸線「常盤平」駅,3.0,19.0,,,,松戸市常盤平2ほか,2-10号棟,鉄筋コンクリート造,1,N,104号室,2DK,38,4,39000,3000,2か月,['URライト（2年定借）'],随時,https://www.ur-net.go.jp/chintai/kanto/chiba/30_0600_room.html?JKSS=000210104,<li>京成松戸線「常盤平」駅 徒歩3～19分</li><li>京成松戸線「五香」駅 徒歩7～23分<br>ほか</li>
chiba,matsudo,常盤平,42000,,,,,,,松戸市常盤平2ほか,2-10号棟,鉄筋コンクリート造,1,N,104号室,2DK,38,4,39000,3000,2か月,['URライト（2年定借）'],随時,https://www.ur-net.go.jp/chintai/kanto/chiba/30_0600_room.html?JKSS=000210104,<li>京成松戸線「常盤平」駅 徒歩3～19分</li><li>京成松戸線「五香」駅 徒歩7～23分<br>ほか</li>
chiba,matsudo,小金原,51400,,,,JR常磐線「北小金」駅,13.0,18.0,松戸市小金原6-13ほか,3-18-4号棟,鉄筋コンクリート造,4,N,408号室,3K,45,5,48500,2900,2か月,"['近居割', '近居割WIDE']",随時,https://www.ur-net.go.jp/chintai/kanto/chiba/30_1800_room.html?JKSS=318004408,<li>JR常磐線「北小金」駅バス11分 徒歩2～7分</li><li>JR武蔵野線「新八柱」駅バス15分 徒歩2～7分</li><li>京成松戸線「常盤平」駅バス15～28分 徒歩2～7分</li>
chiba,matsudo,小金原,51400,,,,JR武蔵野線「新八柱」駅,17.0,22.0,松戸市小金原6-13ほか,3-18-4号棟,鉄筋コンクリート造,4,N,408号室,3K,45,5,48500,2900,2か月,"['近居割', '近居割WIDE']",随時,https://www.ur-net.go.jp/chintai/kanto/chiba/30_1800_room.html?JKSS=318004408,<li>JR常磐線「北小金」駅バス11分 徒歩2～7分</li><li>JR武蔵野線「新八柱」駅バス15分 徒歩2～7分</li><li>京成松戸線「常盤平」駅バス15～28分 徒歩2～7分</li>
chiba,matsudo,小金原,51400,,,,京成松戸線「常盤平」駅,17.0,35.0,松戸市小金原6-13ほか,3-18-4号棟,鉄筋コンクリート造,4,N,408号室,3K,45,5,48500,2900,2か月,"['近居割', '近居割WIDE']",随時,https://www.ur-net.go.jp/chintai/kanto/chiba/30_1800_room.html?JKSS=318004408,<li>JR常磐線「北小金」駅バス11分 徒歩2～7分</li><li>JR武蔵野線「新八柱」駅バス15分 徒歩2～7分</li><li>京成松戸線「常盤平」駅バス15～28分 徒歩2～7分</li>
chiba,matsudo,小金原,51400,,,,,,,松戸市小金原6-13ほか,3-18-4号棟,鉄筋コンクリート造,4,N,408号室,3K,45,5,48500,2900,2か月,"['近居割', '近居割WIDE']",随時,https://www.ur-net.go.jp/chintai/kanto/chiba/30_1800_room.html?JKSS=318004408,<li>JR常磐線「北小金」駅バス11分 徒歩2～7分</li><li>JR武蔵野線「新八柱」駅バス15分 徒歩2～7分</li><li>京成松戸線「常盤平」駅バス15～28分 徒歩2～7分</li>
chiba,matsudo,梨香台,64100,北総線「秋山」駅,14.0,19.0,北総線「秋山」駅,4.0,6.0,松戸市高塚新田512-10ほか,10号棟,鉄筋コンクリート造、鉄骨鉄筋コンクリート造,5,N,507号室,2DK,45,11,57400,6700,2か月,['近居割'],随時,https://www.ur-net.go.jp/chintai/kanto/chiba/30_2590_room.html?JKSS=000100507,<li>北総線「秋山」駅 徒歩14～19分 又はバス3分 徒歩1～3分</li><li>JR武蔵野線「市川大野」駅 徒歩30～34分</li><li>JR常磐線「松戸」駅バス23分 徒歩1～3分</li>
chiba,matsudo,梨香台,64100,JR武蔵野線「市川大野」駅,30.0,34.0,,,,松戸市高塚新田512-10ほか,10号棟,鉄筋コンクリート造、鉄骨鉄筋コンクリート造,5,N,507号室,2DK,45,11,57400,6700,2か月,['近居割'],随時,https://www.ur-net.go.jp/chintai/kanto/chiba/30_2590_room.html?JKSS=000100507,<li>北総線「秋山」駅 徒歩14～19分 又はバス3分 徒歩1～3分</li><li>JR武蔵野線「市川大野」駅 徒歩30～34分</li><li>JR常磐線「松戸」駅バス23分 徒歩1～3分</li>
chiba,matsudo,梨香台,64100,,,,JR常磐線「松戸」駅,24.0,26.0,松戸市高塚新田512-10ほか,10号棟,鉄筋コンクリート造、鉄骨鉄筋コンクリート造,5,N,507号室,2DK,45,11,57400,6700,2か月,['近居割'],随時,https://www.ur-net.go.jp/chintai/kanto/chiba/30_2590_room.html?JKSS=000100507,<li>北総線「秋山」駅 徒歩14～19分 又はバス3分 徒歩1～3分</li><li>JR武蔵野線「市川大野」駅 徒歩30～34分</li><li>JR常磐線「松戸」駅バス23分 徒歩1～3分</li>
chiba,matsudo,梨香台,64100,,,,,,,松戸市高塚新田512-10ほか,10号棟,鉄筋コンクリート造、鉄骨鉄筋コンクリート造,5,N,507号室,2DK,45,11,57400,6700,2か月,['近居割'],随時,https://www.ur-net.go.jp/chintai/kanto/chiba/30_2590_room.html?JKSS=000100507,<li>北総線「秋山」駅 徒歩14～19分 又はバス3分 徒歩1～3分</li><li>JR武蔵野線「市川大野」駅 徒歩30～34分</li><li>JR常磐線「松戸」駅バス23分 徒歩1～3分</li>
chiba,matsudo,梨香台,64400,北総線「秋山」駅,14.0,19.0,北総線「秋山」駅,4.0,6.0,松戸市高塚新田512-10ほか,3号棟,鉄筋コンクリート造、鉄骨鉄筋コンクリート造,7,N,705号室,2DK,45,11,57700,6700,2か月,['近居割'],随時,https://www.ur-net.go.jp/chintai/kanto/chiba/30_2590_room.html?JKSS=000030705,<li>北総線「秋山」駅 徒歩14～19分 又はバス3分 徒歩1～3分</li><li>JR武蔵野線「市川大野」駅 徒歩30～34分</li><li>JR常磐線「松戸」駅バス23分 徒歩1～3分</li>
chiba,matsudo,梨香台,64400,JR武蔵野線「市川大野」駅,30.0,34.0,,,,松戸市高塚新田512-10ほか,3号棟,鉄筋コンクリート造、鉄骨鉄筋コンクリート造,7,N,705号室,2DK,45,11,57700,6700,2か月,['近居割'],随時,https://www.ur-net.go.jp/chintai/kanto/chiba/30_2590_room.html?JKSS=000030705,<li>北総線「秋山」駅 徒歩14～19分 又はバス3分 徒歩1～3分</li><li>JR武蔵野線「市川大野」駅 徒歩30～34分</li><li>JR常磐線「松戸」駅バス23分 徒歩1～3分</li>
chiba,matsudo,梨香台,64400,,,,JR常磐線「松戸」駅,24.0,26.0,松戸市高塚新田512-10ほか,3号棟,鉄筋コンクリート造、鉄骨鉄筋コンクリート造,7,N,705号室,2DK,45,11,57700,6700,2か月,['近居割'],随時,https://www.ur-net.go.jp/chintai/kanto/chiba/30_2590_room.html?JKSS=000030705,<li>北総線「秋山」駅 徒歩14～19分 又はバス3分 徒歩1～3分</li><li>JR武蔵野線「市川大野」駅 徒歩30～34分</li><li>JR常磐線「松戸」駅バス23分 徒歩1～3分</li>
chiba,matsudo,梨香台,64400,,,,,,,松戸市高塚新田512-10ほか,3号棟,鉄筋コンクリート造、鉄骨鉄筋コンクリート造,7,N,705号室,2DK,45,11,57700,6700,2か月,['近居割'],随時,https://www.ur-net.go.jp/chintai/kanto/chiba/30_2590_room.html?JKSS=000030705,<li>北総線「秋山」駅 徒歩14～19分 又はバス3分 徒歩1～3分</li><li>JR武蔵野線「市川大野」駅 徒歩30～34分</li><li>JR常磐線「松戸」駅バス23分 徒歩1～3分</li>
chiba,matsudo,常盤平けやき通り住宅,99400,京成松戸線「常盤平」駅,11.0,11.0,,,,松戸市常盤平7-20-3,1号棟,鉄筋コンクリート造,3,N,302号室,3LDK,74,5,95900,3500,2か月,"['近居割', '近居割WIDE']",随時,https://www.ur-net.go.jp/chintai/kanto/chiba/30_3870_room.html?JKSS=000010302,<li>京成松戸線「常盤平」駅 徒歩11分</li>
chiba,matsudo,常盤平けやき通り住宅,99400,,,,,,,松戸市常盤平7-20-3,1号棟,鉄筋コンクリート造,3,N,302号室,3LDK,74,5,95900,3500,2か月,"['近居割', '近居割WIDE']",随時,https://www.ur-net.go.jp/chintai/kanto/chiba/30_3870_room.html?JKSS=000010302,<li>京成松戸線「常盤平」駅 徒歩11分</li>
chiba,kashiwa,大津ヶ丘第二,67100,,,,JR常磐線「柏」駅,17.0,19.0,柏市大津ケ丘3-17,3-17-3号棟,鉄筋コンクリート造,4,N,402号室,2LDK,67,4,64200,2900,2か月,['近居割'],随時,https://www.ur-net.go.jp/chintai/kanto/chiba/30_3750_room.html?JKSS=317030402,<li>JR常磐線「柏」駅バス11分 徒歩6～8分</li><li>東武野田線「増尾」駅 徒歩36～39分</li><li>東武野田線「逆井」駅 徒歩40～44分</li>
chiba,kashiwa,大津ヶ丘第二,67100,東武野田線「増尾」駅,36.0,39.0,,,,柏市大津ケ丘3-17,3-17-3号棟,鉄筋コンクリート造,4,N,402号室,2LDK,67,4,64200,2900,2か月,['近居割'],随時,https://www.ur-net.go.jp/chintai/kanto/chiba/30_3750_room.html?JKSS=317030402,<li>JR常磐線「柏」駅バス11分 徒歩6～8分</li><li>東武野田線「増尾」駅 徒歩36～39分</li><li>東武野田線「逆井」駅 徒歩40～44分</li>
chiba,kashiwa,大津ヶ丘第二,67100,東武野田線「逆井」駅,40.0,44.0,,,,柏市大津ケ丘3-17,3-17-3号棟,鉄筋コンクリート造,4,N,402号室,2LDK,67,4,64200,2900,2か月,['近居割'],随時,https://www.ur-net.go.jp/chintai/kanto/chiba/30_3750_room.html?JKSS=317030402,<li>JR常磐線「柏」駅バス11分 徒歩6～8分</li><li>東武野田線「増尾」駅 徒歩36～39分</li><li>東武野田線「逆井」駅 徒歩40～44分</li>
chiba,kashiwa,大津ヶ丘第二,67100,,,,,,,柏市大津ケ丘3-17,3-17-3号棟,鉄筋コンクリート造,4,N,402号室,2LDK,67,4,64200,2900,2か月,['近居割'],随時,https://www.ur-net.go.jp/chintai/kanto/chiba/30_3750_room.html?JKSS=317030402,<li>JR常磐線「柏」駅バス11分 徒歩6～8分</li><li>東武野田線「増尾」駅 徒歩36～39分</li><li>東武野田線「逆井」駅 徒歩40～44分</li>
chiba,kashiwa,大津ヶ丘第二,72000,,,,JR常磐線「柏」駅,17.0,19.0,柏市大津ケ丘3-17,3-17-1号棟,鉄筋コンクリート造,3,N,306号室,3DK,67,4,69100,2900,2か月,['近居割'],随時,https://www.ur-net.go.jp/chintai/kanto/chiba/30_3750_room.html?JKSS=317010306,<li>JR常磐線「柏」駅バス11分 徒歩6～8分</li><li>東武野田線「増尾」駅 徒歩36～39分</li><li>東武野田線「逆井」駅 徒歩40～44分</li>
chiba,kashiwa,大津ヶ丘第二,72000,東武野田線「増尾」駅,36.0,39.0,,,,柏市大津ケ丘3-17,3-17-1号棟,鉄筋コンクリート造,3,N,306号室,3DK,67,4,69100,2900,2か月,['近居割'],随時,https://www.ur-net.go.jp/chintai/kanto/chiba/30_3750_room.html?JKSS=317010306,<li>JR常磐線「柏」駅バス11分 徒歩6～8分</li><li>東武野田線「増尾」駅 徒歩36～39分</li><li>東武野田線「逆井」駅 徒歩40～44分</li>
chiba,kashiwa,大津ヶ丘第二,72000,東武野田線「逆井」駅,40.0,44.0,,,,柏市大津ケ丘3-17,3-17-1号棟,鉄筋コンクリート造,3,N,306号室,3DK,67,4,69100,2900,2か月,['近居割'],随時,https://www.ur-net.go.jp/chintai/kanto/chiba/30_3750_room.html?JKSS=317010306,<li>JR常磐線「柏」駅バス11分 徒歩6～8分</li><li>東武野田線「増尾」駅 徒歩36～39分</li><li>東武野田線「逆井」駅 徒歩40～44分</li>
chiba,kashiwa,大津ヶ丘第二,72000,,,,,,,柏市大津ケ丘3-17,3-17-1号棟,鉄筋コンクリート造,3,N,306号室,3DK,67,4,69100,2900,2か月,['近居割'],随時,https://www.ur-net.go.jp/chintai/kanto/chiba/30_3750_room.html?JKSS=317010306,<li>JR常磐線「柏」駅バス11分 徒歩6～8分</li><li>東武野田線「増尾」駅 徒歩36～39分</li><li>東武野田線「逆井」駅 徒歩40～44分</li>
chiba,kashiwa,北柏ライフタウン松葉町一丁目,95500,,,,JR常磐線「北柏」駅,8.0,9.0,柏市松葉町1-12,12-25号棟,鉄筋コンクリート造,4,N,405号室,3LDK,95,5,90100,5400,2か月,['近居割'],随時,https://www.ur-net.go.jp/chintai/kanto/chiba/30_3540_room.html?JKSS=012250405,<li>JR常磐線「北柏」駅バス4分 徒歩4～5分</li><li>JR常磐線「我孫子」駅 徒歩48～49分</li><li>つくばエクスプレス「柏の葉キャンパス」駅バス9分 徒歩14～15分</li>
chiba,kashiwa,北柏ライフタウン松葉町一丁目,95500,JR常磐線「我孫子」駅,48.0,49.0,,,,柏市松葉町1-12,12-25号棟,鉄筋コンクリート造,4,N,405号室,3LDK,95,5,90100,5400,2か月,['近居割'],随時,https://www.ur-net.go.jp/chintai/kanto/chiba/30_3540_room.html?JKSS=012250405,<li>JR常磐線「北柏」駅バス4分 徒歩4～5分</li><li>JR常磐線「我孫子」駅 徒歩48～49分</li><li>つくばエクスプレス「柏の葉キャンパス」駅バス9分 徒歩14～15分</li>
chiba,kashiwa,北柏ライフタウン松葉町一丁目,95500,,,,つくばエクスプレス「柏の葉キャンパス」駅,23.0,24.0,柏市松葉町1-12,12-25号棟,鉄筋コンクリート造,4,N,405号室,3LDK,95,5,90100,5400,2か月,['近居割'],随時,https://www.ur-net.go.jp/chintai/kanto/chiba/30_3540_room.html?JKSS=012250405,<li>JR常磐線「北柏」駅バス4分 徒歩4～5分</li><li>JR常磐線「我孫子」駅 徒歩48～49分</li><li>つくばエクスプレス「柏の葉キャンパス」駅バス9分 徒歩14～15分</li>
chiba,kashiwa,北柏ライフタウン松葉町一丁目,95500,,,,,,,柏市松葉町1-12,12-25号棟,鉄筋コンクリート造,4,N,405号室,3LDK,95,5,90100,5400,2か月,['近居割'],随時,https://www.ur-net.go.jp/chintai/kanto/chiba/30_3540_room.html?JKSS=012250405,<li>JR常磐線「北柏」駅バス4分 徒歩4～5分</li><li>JR常磐線「我孫子」駅 徒歩48～49分</li><li>つくばエクスプレス「柏の葉キャンパス」駅バス9分 徒歩14～15分</li>
chiba,kashiwa,北柏ライフタウン松葉町一丁目,97200,,,,JR常磐線「北柏」駅,8.0,9.0,柏市松葉町1-12,12-6号棟,鉄筋コンクリート造,3,N,302号室,3LDK,95,5,91800,5400,2か月,['近居割'],随時,https://www.ur-net.go.jp/chintai/kanto/chiba/30_3540_room.html?JKSS=012060302,<li>JR常磐線「北柏」駅バス4分 徒歩4～5分</li><li>JR常磐線「我孫子」駅 徒歩48～49分</li><li>つくばエクスプレス「柏の葉キャンパス」駅バス9分 徒歩14～15分</li>
chiba,kashiwa,北柏ライフタウン松葉町一丁目,97200,JR常磐線「我孫子」駅,48.0,49.0,,,,柏市松葉町1-12,12-6号棟,鉄筋コンクリート造,3,N,302号室,3LDK,95,5,91800,5400,2か月,['近居割'],随時,https://www.ur-net.go.jp/chintai/kanto/chiba/30_3540_room.html?JKSS=012060302,<li>JR常磐線「北柏」駅バス4分 徒歩4～5分</li><li>JR常磐線「我孫子」駅 徒歩48～49分</li><li>つくばエクスプレス「柏の葉キャンパス」駅バス9分 徒歩14～15分</li>
chiba,kashiwa,北柏ライフタウン松葉町一丁目,97200,,,,つくばエクスプレス「柏の葉キャンパス」駅,23.0,24.0,柏市松葉町1-12,12-6号棟,鉄筋コンクリート造,3,N,302号室,3LDK,95,5,91800,5400,2か月,['近居割'],随時,https://www.ur-net.go.jp/chintai/kanto/chiba/30_3540_room.html?JKSS=012060302,<li>JR常磐線「北柏」駅バス4分 徒歩4～5分</li><li>JR常磐線「我孫子」駅 徒歩48～49分</li><li>つくばエクスプレス「柏の葉キャンパス」駅バス9分 徒歩14～15分</li>
chiba,kashiwa,北柏ライフタウン松葉町一丁目,97200,,,,,,,柏市松葉町1-12,12-6号棟,鉄筋コンクリート造,3,N,302号室,3LDK,95,5,91800,5400,2か月,['近居割'],随時,https://www.ur-net.go.jp/chintai/kanto/chiba/30_3540_room.html?JKSS=012060302,<li>JR常磐線「北柏」駅バス4分 徒歩4～5分</li><li>JR常磐線「我孫子」駅 徒歩48～49分</li><li>つくばエクスプレス「柏の葉キャンパス」駅バス9分 徒歩14～15分</li>
chiba,kashiwa,北柏ライフタウン松葉町一丁目,100100,,,,JR常磐線「北柏」駅,8.0,9.0,柏市松葉町1-12,12-25号棟,鉄筋コンクリート造,3,N,301号室,3LDK,95,5,94700,5400,2か月,['近居割'],随時,https://www.ur-net.go.jp/chintai/kanto/chiba/30_3540_room.html?JKSS=012250301,<li>JR常磐線「北柏」駅バス4分 徒歩4～5分</li><li>JR常磐線「我孫子」駅 徒歩48～49分</li><li>つくばエクスプレス「柏の葉キャンパス」駅バス9分 徒歩14～15分</li>
chiba,kashiwa,北柏ライフタウン松葉町一丁目,100100,JR常磐線「我孫子」駅,48.0,49.0,,,,柏市松葉町1-12,12-25号棟,鉄筋コンクリート造,3,N,301号室,3LDK,95,5,94700,5400,2か月,['近居割'],随時,https://www.ur-net.go.jp/chintai/kanto/chiba/30_3540_room.html?JKSS=012250301,<li>JR常磐線「北柏」駅バス4分 徒歩4～5分</li><li>JR常磐線「我孫子」駅 徒歩48～49分</li><li>つくばエクスプレス「柏の葉キャンパス」駅バス9分 徒歩14～15分</li>
chiba,kashiwa,北柏ライフタウン松葉町一丁目,100100,,,,つくばエクスプレス「柏の葉キャンパス」駅,23.0,24.0,柏市松葉町1-12,12-25号棟,鉄筋コンクリート造,3,N,301号室,3LDK,95,5,94700,5400,2か月,['近居割'],随時,https://www.ur-net.go.jp/chintai/kanto/chiba/30_3540_room.html?JKSS=012250301,<li>JR常磐線「北柏」駅バス4分 徒歩4～5分</li><li>JR常磐線「我孫子」駅 徒歩48～49分</li><li>つくばエクスプレス「柏の葉キャンパス」駅バス9分 徒歩14～15分</li>
chiba,kashiwa,北柏ライフタウン松葉町一丁目,100100,,,,,,,柏市松葉町1-12,12-25号棟,鉄筋コンクリート造,3,N,301号室,3LDK,95,5,94700,5400,2か月,['近居割'],随時,https://www.ur-net.go.jp/chintai/kanto/chiba/30_3540_room.html?JKSS=012250301,<li>JR常磐線「北柏」駅バス4分 徒歩4～5分</li><li>JR常磐線「我孫子」駅 徒歩48～49分</li><li>つくばエクスプレス「柏の葉キャンパス」駅バス9分 徒歩14～15分</li>
chiba,chibant,千葉ニュータウン原山第二,77800,北総鉄道「千葉ニュータウン中央」駅,22.0,22.0,,,,印西市原山1-3ほか,2-2-6号棟,鉄筋コンクリート造,4,N,404号室,3LDK,70,5,71800,6000,2か月,"['近居割', '近居割WIDE']",随時,https://www.ur-net.go.jp/chintai/kanto/chiba/30_4370_room.html?JKSS=202060404,<li>北総鉄道「千葉ニュータウン中央」駅 徒歩22分</li><li>北総鉄道「印西牧の原」駅 徒歩53分</li><li>JR成田線「木下」駅 徒歩72分</li>
chiba,chibant,千葉ニュータウン原山第二,77800,北総鉄道「印西牧の原」駅,53.0,53.0,,,,印西市原山1-3ほか,2-2-6号棟,鉄筋コンクリート造,4,N,404号室,3LDK,70,5,71800,6000,2か月,"['近居割', '近居割WIDE']",随時,https://www.ur-net.go.jp/chintai/kanto/chiba/30_4370_room.html?JKSS=202060404,<li>北総鉄道「千葉ニュータウン中央」駅 徒歩22分</li><li>北総鉄道「印西牧の原」駅 徒歩53分</li><li>JR成田線「木下」駅 徒歩72分</li>
chiba,chibant,千葉ニュータウン原山第二,77800,JR成田線「木下」駅,72.0,72.0,,,,印西市原山1-3ほか,2-2-6号棟,鉄筋コンクリート造,4,N,404号室,3LDK,70,5,71800,6000,2か月,"['近居割', '近居割WIDE']",随時,https://www.ur-net.go.jp/chintai/kanto/chiba/30_4370_room.html?JKSS=202060404,<li>北総鉄道「千葉ニュータウン中央」駅 徒歩22分</li><li>北総鉄道「印西牧の原」駅 徒歩53分</li><li>JR成田線「木下」駅 徒歩72分</li>
chiba,chibant,千葉ニュータウン原山第二,77800,,,,,,,印西市原山1-3ほか,2-2-6号棟,鉄筋コンクリート造,4,N,404号室,3LDK,70,5,71800,6000,2か月,"['近居割', '近居割WIDE']",随時,https://www.ur-net.go.jp/chintai/kanto/chiba/30_4370_room.html?JKSS=202060404,<li>北総鉄道「千葉ニュータウン中央」駅 徒歩22分</li><li>北総鉄道「印西牧の原」駅 徒歩53分</li><li>JR成田線「木下」駅 徒歩72分</li>
chiba,chibant,千葉ニュータウンプラザ西白井２番街,103220,北総鉄道「西白井」駅,4.0,8.0,,,,白井市けやき台2-2,5号棟,鉄筋コンクリート造,5,N,502号室,3LDK,77,5,100900,2320,2か月,"['近居割', '近居割WIDE']",随時,https://www.ur-net.go.jp/chintai/kanto/chiba/30_5260_room.html?JKSS=000050502,<li>北総鉄道「西白井」駅 徒歩4～8分</li><li>北総鉄道「白井」駅 徒歩30～34分</li><li>東武野田線「新鎌ヶ谷」駅 徒歩44～47分</li>
chiba,chibant,千葉ニュータウンプラザ西白井２番街,103220,北総鉄道「白井」駅,30.0,34.0,,,,白井市けやき台2-2,5号棟,鉄筋コンクリート造,5,N,502号室,3LDK,77,5,100900,2320,2か月,"['近居割', '近居割WIDE']",随時,https://www.ur-net.go.jp/chintai/kanto/chiba/30_5260_room.html?JKSS=000050502,<li>北総鉄道「西白井」駅 徒歩4～8分</li><li>北総鉄道「白井」駅 徒歩30～34分</li><li>東武野田線「新鎌ヶ谷」駅 徒歩44～47分</li>
chiba,chibant,千葉ニュータウンプラザ西白井２番街,103220,東武野田線「新鎌ヶ谷」駅,44.0,47.0,,,,白井市けやき台2-2,5号棟,鉄筋コンクリート造,5,N,502号室,3LDK,77,5,100900,2320,2か月,"['近居割', '近居割WIDE']",随時,https://www.ur-net.go.jp/chintai/kanto/chiba/30_5260_room.html?JKSS=000050502,<li>北総鉄道「西白井」駅 徒歩4～8分</li><li>北総鉄道「白井」駅 徒歩30～34分</li><li>東武野田線「新鎌ヶ谷」駅 徒歩44～47分</li>
chiba,chibant,千葉ニュータウンプラザ西白井２番街,103220,,,,,,,白井市けやき台2-2,5号棟,鉄筋コンクリート造,5,N,502号室,3LDK,77,5,100900,2320,2か月,"['近居割', '近居割WIDE']",随時,https://www.ur-net.go.jp/chintai/kanto/chiba/30_5260_room.html?JKSS=000050502,<li>北総鉄道「西白井」駅 徒歩4～8分</li><li>北総鉄道「白井」駅 徒歩30～34分</li><li>東武野田線「新鎌ヶ谷」駅 徒歩44～47分</li>
chiba,chibant,千葉ニュータウンプラザ西白井２番街,105720,北総鉄道「西白井」駅,4.0,8.0,,,,白井市けやき台2-2,5号棟,鉄筋コンクリート造,3,N,302号室,3LDK,77,5,103400,2320,2か月,"['近居割', '近居割WIDE']",随時,https://www.ur-net.go.jp/chintai/kanto/chiba/30_5260_room.html?JKSS=000050302,<li>北総鉄道「西白井」駅 徒歩4～8分</li><li>北総鉄道「白井」駅 徒歩30～34分</li><li>東武野田線「新鎌ヶ谷」駅 徒歩44～47分</li>
chiba,chibant,千葉ニュータウンプラザ西白井２番街,105720,北総鉄道「白井」駅,30.0,34.0,,,,白井市けやき台2-2,5号棟,鉄筋コンクリート造,3,N,302号室,3LDK,77,5,103400,2320,2か月,"['近居割', '近居割WIDE']",随時,https://www.ur-net.go.jp/chintai/kanto/chiba/30_5260_room.html?JKSS=000050302,<li>北総鉄道「西白井」駅 徒歩4～8分</li><li>北総鉄道「白井」駅 徒歩30～34分</li><li>東武野田線「新鎌ヶ谷」駅 徒歩44～47分</li>
chiba,chibant,千葉ニュータウンプラザ西白井２番街,105720,東武野田線「新鎌ヶ谷」駅,44.0,47.0,,,,白井市けやき台2-2,5号棟,鉄筋コンクリート造,3,N,302号室,3LDK,77,5,103400,2320,2か月,"['近居割', '近居割WIDE']",随時,https://www.ur-net.go.jp/chintai/kanto/chiba/30_5260_room.html?JKSS=000050302,<li>北総鉄道「西白井」駅 徒歩4～8分</li><li>北総鉄道「白井」駅 徒歩30～34分</li><li>東武野田線「新鎌ヶ谷」駅 徒歩44～47分</li>
chiba,chibant,千葉ニュータウンプラザ西白井２番街,105720,,,,,,,白井市けやき台2-2,5号棟,鉄筋コンクリート造,3,N,302号室,3LDK,77,5,103400,2320,2か月,"['近居割', '近居割WIDE']",随時,https://www.ur-net.go.jp/chintai/kanto/chiba/30_5260_room.html?JKSS=000050302,<li>北総鉄道「西白井」駅 徒歩4～8分</li><li>北総鉄道「白井」駅 徒歩30～34分</li><li>東武野田線「新鎌ヶ谷」駅 徒歩44～47分</li>
chiba,chibant,千葉ニュータウンプロムナード桜台３番街,107680,北総鉄道「千葉ニュータウン中央」駅,11.0,14.0,,,,白井市桜台2-3,2号棟,鉄筋コンクリート造,5,N,506号室,3LDK,80,5,104800,2880,2か月,"['近居割', '近居割WIDE']",随時,https://www.ur-net.go.jp/chintai/kanto/chiba/30_5040_room.html?JKSS=000020506,<li>北総鉄道「千葉ニュータウン中央」駅 徒歩11～14分</li><li>北総鉄道「印西牧の原」駅 徒歩69分</li><li>北総鉄道「小室」駅 徒歩77～79分</li>
chiba,chibant,千葉ニュータウンプロムナード桜台３番街,107680,北総鉄道「印西牧の原」駅,69.0,69.0,,,,白井市桜台2-3,2号棟,鉄筋コンクリート造,5,N,506号室,3LDK,80,5,104800,2880,2か月,"['近居割', '近居割WIDE']",随時,https://www.ur-net.go.jp/chintai/kanto/chiba/30_5040_room.html?JKSS=000020506,<li>北総鉄道「千葉ニュータウン中央」駅 徒歩11～14分</li><li>北総鉄道「印西牧の原」駅 徒歩69分</li><li>北総鉄道「小室」駅 徒歩77～79分</li>
chiba,chibant,千葉ニュータウンプロムナード桜台３番街,107680,北総鉄道「小室」駅,77.0,79.0,,,,白井市桜台2-3,2号棟,鉄筋コンクリート造,5,N,506号室,3LDK,80,5,104800,2880,2か月,"['近居割', '近居割WIDE']",随時,https://www.ur-net.go.jp/chintai/kanto/chiba/30_5040_room.html?JKSS=000020506,<li>北総鉄道「千葉ニュータウン中央」駅 徒歩11～14分</li><li>北総鉄道「印西牧の原」駅 徒歩69分</li><li>北総鉄道「小室」駅 徒歩77～79分</li>
chiba,chibant,千葉ニュータウンプロムナード桜台３番街,107680,,,,,,,白井市桜台2-3,2号棟,鉄筋コンクリート造,5,N,506号室,3LDK,80,5,104800,2880,2か月,"['近居割', '近居割WIDE']",随時,https://www.ur-net.go.jp/chintai/kanto/chiba/30_5040_room.html?JKSS=000020506,<li>北総鉄道「千葉ニュータウン中央」駅 徒歩11～14分</li><li>北総鉄道「印西牧の原」駅 徒歩69分</li><li>北総鉄道「小室」駅 徒歩77～79分</li>
saitama,misato,みさと,76100,JR武蔵野線「新三郷」駅,6.0,25.0,JR武蔵野線「新三郷」駅,2.0,11.0,三郷市彦成3ほか,11-18号棟,鉄筋コンクリート造、鉄骨鉄筋コンクリート造,2,N,203号室,2DK,49,5,73100,3000,2か月,"['近居割', '近居割WIDE']",随時,https://www.ur-net.go.jp/chintai/kanto/saitama/50_1561_room.html?JKSS=011180203,<li>JR武蔵野線「新三郷」駅 徒歩6～25分</li><li>JR武蔵野線「吉川美南」駅 徒歩12～29分</li><li>JR武蔵野線「新三郷」駅バス1～6分 徒歩1～5分</li>
saitama,misato,みさと,76100,JR武蔵野線「吉川美南」駅,12.0,29.0,,,,三郷市彦成3ほか,11-18号棟,鉄筋コンクリート造、鉄骨鉄筋コンクリート造,2,N,203号室,2DK,49,5,73100,3000,2か月,"['近居割', '近居割WIDE']",随時,https://www.ur-net.go.jp/chintai/kanto/saitama/50_1561_room.html?JKSS=011180203,<li>JR武蔵野線「新三郷」駅 徒歩6～25分</li><li>JR武蔵野線「吉川美南」駅 徒歩12～29分</li><li>JR武蔵野線「新三郷」駅バス1～6分 徒歩1～5分</li>
saitama,misato,みさと,76100,,,,,,,三郷市彦成3ほか,11-18号棟,鉄筋コンクリート造、鉄骨鉄筋コンクリート造,2,N,203号室,2DK,49,5,73100,3000,2か月,"['近居割', '近居割WIDE']",随時,https://www.ur-net.go.jp/chintai/kanto/saitama/50_1561_room.html?JKSS=011180203,<li>JR武蔵野線「新三郷」駅 徒歩6～25分</li><li>JR武蔵野線「吉川美南」駅 徒歩12～29分</li><li>JR武蔵野線「新三郷」駅バス1～6分 徒歩1～5分</li>
saitama,sengendai,わし宮,41700,東武伊勢崎線「鷲宮」駅,14.0,20.0,,,,久喜市上内478,2-17号棟,鉄筋コンクリート造,5,N,503号室,2DK,45,5,37800,3900,2か月,['近居割WIDE'],随時,https://www.ur-net.go.jp/chintai/kanto/saitama/50_1430_room.html?JKSS=000217503,<li>東武伊勢崎線「鷲宮」駅 徒歩14～20分</li><li>JR東北本線「東鷲宮」駅 徒歩22～33分</li><li>JR東北本線「久喜」駅 徒歩41～47分</li>
saitama,sengendai,わし宮,41700,JR東北本線「東鷲宮」駅,22.0,33.0,,,,久喜市上内478,2-17号棟,鉄筋コンクリート造,5,N,503号室,2DK,45,5,37800,3900,2か月,['近居割WIDE'],随時,https://www.ur-net.go.jp/chintai/kanto/saitama/50_1430_room.html?JKSS=000217503,<li>東武伊勢崎線「鷲宮」駅 徒歩14～20分</li><li>JR東北本線「東鷲宮」駅 徒歩22～33分</li><li>JR東北本線「久喜」駅 徒歩41～47分</li>
saitama,sengendai,わし宮,41700,JR東北本線「久喜」駅,41.0,47.0,,,,久喜市上内478,2-17号棟,鉄筋コンクリート造,5,N,503号室,2DK,45,5,37800,3900,2か月,['近居割WIDE'],随時,https://www.ur-net.go.jp/chintai/kanto/saitama/50_1430_room.html?JKSS=000217503,<li>東武伊勢崎線「鷲宮」駅 徒歩14～20分</li><li>JR東北本線「東鷲宮」駅 徒歩22～33分</li><li>JR東北本線「久喜」駅 徒歩41～47分</li>
saitama,sengendai,わし宮,41700,,,,,,,久喜市上内478,2-17号棟,鉄筋コンクリート造,5,N,503号室,2DK,45,5,37800,3900,2か月,['近居割WIDE'],随時,https://www.ur-net.go.jp/chintai/kanto/saitama/50_1430_room.html?JKSS=000217503,<li>東武伊勢崎線「鷲宮」駅 徒歩14～20分</li><li>JR東北本線「東鷲宮」駅 徒歩22～33分</li><li>JR東北本線「久喜」駅 徒歩41～47分</li>
saitama,sengendai,わし宮,43900,東武伊勢崎線「鷲宮」駅,14.0,20.0,,,,久喜市上内478,1-7号棟,鉄筋コンクリート造,5,N,501号室,2LDK,48,5,40000,3900,2か月,['近居割WIDE'],随時,https://www.ur-net.go.jp/chintai/kanto/saitama/50_1430_room.html?JKSS=000107501,<li>東武伊勢崎線「鷲宮」駅 徒歩14～20分</li><li>JR東北本線「東鷲宮」駅 徒歩22～33分</li><li>JR東北本線「久喜」駅 徒歩41～47分</li>
saitama,sengendai,わし宮,43900,JR東北本線「東鷲宮」駅,22.0,33.0,,,,久喜市上内478,1-7号棟,鉄筋コンクリート造,5,N,501号室,2LDK,48,5,40000,3900,2か月,['近居割WIDE'],随時,https://www.ur-net.go.jp/chintai/kanto/saitama/50_1430_room.html?JKSS=000107501,<li>東武伊勢崎線「鷲宮」駅 徒歩14～20分</li><li>JR東北本線「東鷲宮」駅 徒歩22～33分</li><li>JR東北本線「久喜」駅 徒歩41～47分</li>
saitama,sengendai,わし宮,43900,JR東北本線「久喜」駅,41.0,47.0,,,,久喜市上内478,1-7号棟,鉄筋コンクリート造,5,N,501号室,2LDK,48,5,40000,3900,2か月,['近居割WIDE'],随時,https://www.ur-net.go.jp/chintai/kanto/saitama/50_1430_room.html?JKSS=000107501,<li>東武伊勢崎線「鷲宮」駅 徒歩14～20分</li><li>JR東北本線「東鷲宮」駅 徒歩22～33分</li><li>JR東北本線「久喜」駅 徒歩41～47分</li>
saitama,sengendai,わし宮,43900,,,,,,,久喜市上内478,1-7号棟,鉄筋コンクリート造,5,N,501号室,2LDK,48,5,40000,3900,2か月,['近居割WIDE'],随時,https://www.ur-net.go.jp/chintai/kanto/saitama/50_1430_room.html?JKSS=000107501,<li>東武伊勢崎線「鷲宮」駅 徒歩14～20分</li><li>JR東北本線「東鷲宮」駅 徒歩22～33分</li><li>JR東北本線「久喜」駅 徒歩41～47分</li>
saitama,sengendai,わし宮,43900,東武伊勢崎線「鷲宮」駅,14.0,20.0,,,,久喜市上内478,2-9号棟,鉄筋コンクリート造,5,N,505号室,2LDK,48,5,40000,3900,2か月,['近居割WIDE'],随時,https://www.ur-net.go.jp/chintai/kanto/saitama/50_1430_room.html?JKSS=000209505,<li>東武伊勢崎線「鷲宮」駅 徒歩14～20分</li><li>JR東北本線「東鷲宮」駅 徒歩22～33分</li><li>JR東北本線「久喜」駅 徒歩41～47分</li>
saitama,sengendai,わし宮,43900,JR東北本線「東鷲宮」駅,22.0,33.0,,,,久喜市上内478,2-9号棟,鉄筋コンクリート造,5,N,505号室,2LDK,48,5,40000,3900,2か月,['近居割WIDE'],随時,https://www.ur-net.go.jp/chintai/kanto/saitama/50_1430_room.html?JKSS=000209505,<li>東武伊勢崎線「鷲宮」駅 徒歩14～20分</li><li>JR東北本線「東鷲宮」駅 徒歩22～33分</li><li>JR東北本線「久喜」駅 徒歩41～47分</li>
saitama,sengendai,わし宮,43900,JR東北本線「久喜」駅,41.0,47.0,,,,久喜市上内478,2-9号棟,鉄筋コンクリート造,5,N,505号室,2LDK,48,5,40000,3900,2か月,['近居割WIDE'],随時,https://www.ur-net.go.jp/chintai/kanto/saitama/50_1430_room.html?JKSS=000209505,<li>東武伊勢崎線「鷲宮」駅 徒歩14～20分</li><li>JR東北本線「東鷲宮」駅 徒歩22～33分</li><li>JR東北本線「久喜」駅 徒歩41～47分</li>
saitama,sengendai,わし宮,43900,,,,,,,久喜市上内478,2-9号棟,鉄筋コンクリート造,5,N,505号室,2LDK,48,5,40000,3900,2か月,['近居割WIDE'],随時,https://www.ur-net.go.jp/chintai/kanto/saitama/50_1430_room.html?JKSS=000209505,<li>東武伊勢崎線「鷲宮」駅 徒歩14～20分</li><li>JR東北本線「東鷲宮」駅 徒歩22～33分</li><li>JR東北本線「久喜」駅 徒歩41～47分</li>
saitama,sengendai,わし宮,44100,東武伊勢崎線「鷲宮」駅,14.0,20.0,,,,久喜市上内478,2-10号棟,鉄筋コンクリート造,5,N,506号室,2LDK,48,5,40200,3900,2か月,['近居割WIDE'],随時,https://www.ur-net.go.jp/chintai/kanto/saitama/50_1430_room.html?JKSS=000210506,<li>東武伊勢崎線「鷲宮」駅 徒歩14～20分</li><li>JR東北本線「東鷲宮」駅 徒歩22～33分</li><li>JR東北本線「久喜」駅 徒歩41～47分</li>
saitama,sengendai,わし宮,44100,JR東北本線「東鷲宮」駅,22.0,33.0,,,,久喜市上内478,2-10号棟,鉄筋コンクリート造,5,N,506号室,2LDK,48,5,40200,3900,2か月,['近居割WIDE'],随時,https://www.ur-net.go.jp/chintai/kanto/saitama/50_1430_room.html?JKSS=000210506,<li>東武伊勢崎線「鷲宮」駅 徒歩14～20分</li><li>JR東北本線「東鷲宮」駅 徒歩22～33分</li><li>JR東北本線「久喜」駅 徒歩41～47分</li>
saitama,sengendai,わし宮,44100,JR東北本線「久喜」駅,41.0,47.0,,,,久喜市上内478,2-10号棟,鉄筋コンクリート造,5,N,506号室,2LDK,48,5,40200,3900,2か月,['近居割WIDE'],随時,https://www.ur-net.go.jp/chintai/kanto/saitama/50_1430_room.html?JKSS=000210506,<li>東武伊勢崎線「鷲宮」駅 徒歩14～20分</li><li>JR東北本線「東鷲宮」駅 徒歩22～33分</li><li>JR東北本線「久喜」駅 徒歩41～47分</li>
saitama,sengendai,わし宮,44100,,,,,,,久喜市上内478,2-10号棟,鉄筋コンクリート造,5,N,506号室,2LDK,48,5,40200,3900,2か月,['近居割WIDE'],随時,https://www.ur-net.go.jp/chintai/kanto/saitama/50_1430_room.html?JKSS=000210506,<li>東武伊勢崎線「鷲宮」駅 徒歩14～20分</li><li>JR東北本線「東鷲宮」駅 徒歩22～33分</li><li>JR東北本線「久喜」駅 徒歩41～47分</li>
saitama,sengendai,わし宮,46800,東武伊勢崎線「鷲宮」駅,14.0,20.0,,,,久喜市上内478,2-33号棟,鉄筋コンクリート造,5,N,506号室,3DK,52,5,42900,3900,2か月,['フリレ１か月'],随時,https://www.ur-net.go.jp/chintai/kanto/saitama/50_1430_room.html?JKSS=000233506,<li>東武伊勢崎線「鷲宮」駅 徒歩14～20分</li><li>JR東北本線「東鷲宮」駅 徒歩22～33分</li><li>JR東北本線「久喜」駅 徒歩41～47分</li>
saitama,sengendai,わし宮,46800,JR東北本線「東鷲宮」駅,22.0,33.0,,,,久喜市上内478,2-33号棟,鉄筋コンクリート造,5,N,506号室,3DK,52,5,42900,3900,2か月,['フリレ１か月'],随時,https://www.ur-net.go.jp/chintai/kanto/saitama/50_1430_room.html?JKSS=000233506,<li>東武伊勢崎線「鷲宮」駅 徒歩14～20分</li><li>JR東北本線「東鷲宮」駅 徒歩22～33分</li><li>JR東北本線「久喜」駅 徒歩41～47分</li>
saitama,sengendai,わし宮,46800,JR東北本線「久喜」駅,41.0,47.0,,,,久喜市上内478,2-33号棟,鉄筋コンクリート造,5,N,506号室,3DK,52,5,42900,3900,2か月,['フリレ１か月'],随時,https://www.ur-net.go.jp/chintai/kanto/saitama/50_1430_room.html?JKSS=000233506,<li>東武伊勢崎線「鷲宮」駅 徒歩14～20分</li><li>JR東北本線「東鷲宮」駅 徒歩22～33分</li><li>JR東北本線「久喜」駅 徒歩41～47分</li>
saitama,sengendai,わし宮,46800,,,,,,,久喜市上内478,2-33号棟,鉄筋コンクリート造,5,N,506号室,3DK,52,5,42900,3900,2か月,['フリレ１か月'],随時,https://www.ur-net.go.jp/chintai/kanto/saitama/50_1430_room.html?JKSS=000233506,<li>東武伊勢崎線「鷲宮」駅 徒歩14～20分</li><li>JR東北本線「東鷲宮」駅 徒歩22～33分</li><li>JR東北本線「久喜」駅 徒歩41～47分</li>
saitama,sengendai,久喜青葉,46800,,,,湘南新宿ライン「久喜」駅,8.0,17.0,久喜市青葉1,1-10号棟,鉄筋コンクリート造,5,N,508号室,2LDK,50,5,43700,3100,2か月,['近居割'],随時,https://www.ur-net.go.jp/chintai/kanto/saitama/50_1640_room.html?JKSS=001100508,<li>湘南新宿ライン「久喜」駅バス7～10分 徒歩1～7分</li><li>東武伊勢崎線「久喜」駅バス7～10分 徒歩1～7分</li><li>東武日光線「幸手」駅 徒歩25～35分</li>
saitama,sengendai,久喜青葉,46800,,,,東武伊勢崎線「久喜」駅,8.0,17.0,久喜市青葉1,1-10号棟,鉄筋コンクリート造,5,N,508号室,2LDK,50,5,43700,3100,2か月,['近居割'],随時,https://www.ur-net.go.jp/chintai/kanto/saitama/50_1640_room.html?JKSS=001100508,<li>湘南新宿ライン「久喜」駅バス7～10分 徒歩1～7分</li><li>東武伊勢崎線「久喜」駅バス7～10分 徒歩1～7分</li><li>東武日光線「幸手」駅 徒歩25～35分</li>
saitama,sengendai,久喜青葉,46800,東武日光線「幸手」駅,25.0,35.0,,,,久喜市青葉1,1-10号棟,鉄筋コンクリート造,5,N,508号室,2LDK,50,5,43700,3100,2か月,['近居割'],随時,https://www.ur-net.go.jp/chintai/kanto/saitama/50_1640_room.html?JKSS=001100508,<li>湘南新宿ライン「久喜」駅バス7～10分 徒歩1～7分</li><li>東武伊勢崎線「久喜」駅バス7～10分 徒歩1～7分</li><li>東武日光線「幸手」駅 徒歩25～35分</li>
saitama,sengendai,久喜青葉,46800,,,,,,,久喜市青葉1,1-10号棟,鉄筋コンクリート造,5,N,508号室,2LDK,50,5,43700,3100,2か月,['近居割'],随時,https://www.ur-net.go.jp/chintai/kanto/saitama/50_1640_room.html?JKSS=001100508,<li>湘南新宿ライン「久喜」駅バス7～10分 徒歩1～7分</li><li>東武伊勢崎線「久喜」駅バス7～10分 徒歩1～7分</li><li>東武日光線「幸手」駅 徒歩25～35分</li>
saitama,sengendai,久喜青葉,46800,,,,湘南新宿ライン「久喜」駅,8.0,17.0,久喜市青葉1,2-13号棟,鉄筋コンクリート造,5,N,503号室,2LDK,50,5,43700,3100,2か月,['フリレ１か月'],随時,https://www.ur-net.go.jp/chintai/kanto/saitama/50_1640_room.html?JKSS=002130503,<li>湘南新宿ライン「久喜」駅バス7～10分 徒歩1～7分</li><li>東武伊勢崎線「久喜」駅バス7～10分 徒歩1～7分</li><li>東武日光線「幸手」駅 徒歩25～35分</li>
saitama,sengendai,久喜青葉,46800,,,,東武伊勢崎線「久喜」駅,8.0,17.0,久喜市青葉1,2-13号棟,鉄筋コンクリート造,5,N,503号室,2LDK,50,5,43700,3100,2か月,['フリレ１か月'],随時,https://www.ur-net.go.jp/chintai/kanto/saitama/50_1640_room.html?JKSS=002130503,<li>湘南新宿ライン「久喜」駅バス7～10分 徒歩1～7分</li><li>東武伊勢崎線「久喜」駅バス7～10分 徒歩1～7分</li><li>東武日光線「幸手」駅 徒歩25～35分</li>
saitama,sengendai,久喜青葉,46800,東武日光線「幸手」駅,25.0,35.0,,,,久喜市青葉1,2-13号棟,鉄筋コンクリート造,5,N,503号室,2LDK,50,5,43700,3100,2か月,['フリレ１か月'],随時,https://www.ur-net.go.jp/chintai/kanto/saitama/50_1640_room.html?JKSS=002130503,<li>湘南新宿ライン「久喜」駅バス7～10分 徒歩1～7分</li><li>東武伊勢崎線「久喜」駅バス7～10分 徒歩1～7分</li><li>東武日光線「幸手」駅 徒歩25～35分</li>
saitama,sengendai,久喜青葉,46800,,,,,,,久喜市青葉1,2-13号棟,鉄筋コンクリート造,5,N,503号室,2LDK,50,5,43700,3100,2か月,['フリレ１か月'],随時,https://www.ur-net.go.jp/chintai/kanto/saitama/50_1640_room.html?JKSS=002130503,<li>湘南新宿ライン「久喜」駅バス7～10分 徒歩1～7分</li><li>東武伊勢崎線「久喜」駅バス7～10分 徒歩1～7分</li><li>東武日光線「幸手」駅 徒歩25～35分</li>
saitama,shinkoshigaya,八潮,54700,,,,東武伊勢崎線「草加」駅,23.0,27.0,八潮市大字八條1567,11号棟,鉄筋コンクリート造,5,N,504号室,3DK,51,5,51000,3700,2か月,['近居割'],随時,https://www.ur-net.go.jp/chintai/kanto/saitama/50_1390_room.html?JKSS=000011504,<li>東武伊勢崎線「草加」駅バス22分 徒歩1～5分</li><li>東武伊勢崎線「獨協大学前」駅バス10～17分 徒歩1～6分</li><li>つくばエクスプレス「八潮」駅バス20分 徒歩1～5分</li>
saitama,shinkoshigaya,八潮,54700,,,,東武伊勢崎線「獨協大学前」駅,11.0,23.0,八潮市大字八條1567,11号棟,鉄筋コンクリート造,5,N,504号室,3DK,51,5,51000,3700,2か月,['近居割'],随時,https://www.ur-net.go.jp/chintai/kanto/saitama/50_1390_room.html?JKSS=000011504,<li>東武伊勢崎線「草加」駅バス22分 徒歩1～5分</li><li>東武伊勢崎線「獨協大学前」駅バス10～17分 徒歩1～6分</li><li>つくばエクスプレス「八潮」駅バス20分 徒歩1～5分</li>
saitama,shinkoshigaya,八潮,54700,,,,つくばエクスプレス「八潮」駅,21.0,25.0,八潮市大字八條1567,11号棟,鉄筋コンクリート造,5,N,504号室,3DK,51,5,51000,3700,2か月,['近居割'],随時,https://www.ur-net.go.jp/chintai/kanto/saitama/50_1390_room.html?JKSS=000011504,<li>東武伊勢崎線「草加」駅バス22分 徒歩1～5分</li><li>東武伊勢崎線「獨協大学前」駅バス10～17分 徒歩1～6分</li><li>つくばエクスプレス「八潮」駅バス20分 徒歩1～5分</li>
saitama,shinkoshigaya,八潮,54700,,,,,,,八潮市大字八條1567,11号棟,鉄筋コンクリート造,5,N,504号室,3DK,51,5,51000,3700,2か月,['近居割'],随時,https://www.ur-net.go.jp/chintai/kanto/saitama/50_1390_room.html?JKSS=000011504,<li>東武伊勢崎線「草加」駅バス22分 徒歩1～5分</li><li>東武伊勢崎線「獨協大学前」駅バス10～17分 徒歩1～6分</li><li>つくばエクスプレス「八潮」駅バス20分 徒歩1～5分</li>
saitama,misato,吉川,105100,,,,JR武蔵野線「吉川」駅,6.0,11.0,吉川市吉川団地,4-18号棟,鉄筋コンクリート造,2,N,202号室,3LDK,85,5,102000,3100,2か月,"['近居割', '近居割WIDE']",随時,https://www.ur-net.go.jp/chintai/kanto/saitama/50_1551_room.html?JKSS=000418202,<li>JR武蔵野線「吉川」駅バス5～6分 徒歩1～5分</li>
saitama,misato,吉川,105100,,,,,,,吉川市吉川団地,4-18号棟,鉄筋コンクリート造,2,N,202号室,3LDK,85,5,102000,3100,2か月,"['近居割', '近居割WIDE']",随時,https://www.ur-net.go.jp/chintai/kanto/saitama/50_1551_room.html?JKSS=000418202,<li>JR武蔵野線「吉川」駅バス5～6分 徒歩1～5分</li>
saitama,misato,吉川,106200,,,,JR武蔵野線「吉川」駅,6.0,11.0,吉川市吉川団地,5-17号棟,鉄筋コンクリート造,4,N,406号室,3LDK,85,5,103100,3100,2か月,"['近居割', '近居割WIDE']",随時,https://www.ur-net.go.jp/chintai/kanto/saitama/50_1551_room.html?JKSS=000517406,<li>JR武蔵野線「吉川」駅バス5～6分 徒歩1～5分</li>
saitama,misato,吉川,106200,,,,,,,吉川市吉川団地,5-17号棟,鉄筋コンクリート造,4,N,406号室,3LDK,85,5,103100,3100,2か月,"['近居割', '近居割WIDE']",随時,https://www.ur-net.go.jp/chintai/kanto/saitama/50_1551_room.html?JKSS=000517406,<li>JR武蔵野線「吉川」駅バス5～6分 徒歩1～5分</li>
saitama,misato,吉川,112900,,,,JR武蔵野線「吉川」駅,6.0,11.0,吉川市吉川団地,5-17号棟,鉄筋コンクリート造,3,N,301号室,4LDK,92,5,109800,3100,2か月,"['近居割', '近居割WIDE']",随時,https://www.ur-net.go.jp/chintai/kanto/saitama/50_1551_room.html?JKSS=000517301,<li>JR武蔵野線「吉川」駅バス5～6分 徒歩1～5分</li>
saitama,misato,吉川,112900,,,,,,,吉川市吉川団地,5-17号棟,鉄筋コンクリート造,3,N,301号室,4LDK,92,5,109800,3100,2か月,"['近居割', '近居割WIDE']",随時,https://www.ur-net.go.jp/chintai/kanto/saitama/50_1551_room.html?JKSS=000517301,<li>JR武蔵野線「吉川」駅バス5～6分 徒歩1～5分</li>
saitama,misato,吉川,113800,,,,JR武蔵野線「吉川」駅,6.0,11.0,吉川市吉川団地,4-18号棟,鉄筋コンクリート造,3,N,305号室,4LDK,98,5,110700,3100,2か月,"['近居割', '近居割WIDE']",随時,https://www.ur-net.go.jp/chintai/kanto/saitama/50_1551_room.html?JKSS=000418305,<li>JR武蔵野線「吉川」駅バス5～6分 徒歩1～5分</li>
saitama,misato,吉川,113800,,,,,,,吉川市吉川団地,4-18号棟,鉄筋コンクリート造,3,N,305号室,4LDK,98,5,110700,3100,2か月,"['近居割', '近居割WIDE']",随時,https://www.ur-net.go.jp/chintai/kanto/saitama/50_1551_room.html?JKSS=000418305,<li>JR武蔵野線「吉川」駅バス5～6分 徒歩1～5分</li>
saitama,higashiomiya,コンフォール西本郷,138000,JR東北本線「土呂」駅,11.0,14.0,,,,さいたま市北区本郷町17-1,7号棟,鉄筋コンクリート造,4,N,403号室,3LDK,70,14,133900,4100,2か月,['近居割'],随時,https://www.ur-net.go.jp/chintai/kanto/saitama/50_3860_room.html?JKSS=000070403,<li>JR東北本線「土呂」駅 徒歩11～14分</li><li>ニューシャトル伊奈線「加茂宮」駅 徒歩12～14分</li><li>東武野田線「大宮公園」駅 徒歩17～23分</li>
saitama,higashiomiya,コンフォール西本郷,138000,ニューシャトル伊奈線「加茂宮」駅,12.0,14.0,,,,さいたま市北区本郷町17-1,7号棟,鉄筋コンクリート造,4,N,403号室,3LDK,70,14,133900,4100,2か月,['近居割'],随時,https://www.ur-net.go.jp/chintai/kanto/saitama/50_3860_room.html?JKSS=000070403,<li>JR東北本線「土呂」駅 徒歩11～14分</li><li>ニューシャトル伊奈線「加茂宮」駅 徒歩12～14分</li><li>東武野田線「大宮公園」駅 徒歩17～23分</li>
saitama,higashiomiya,コンフォール西本郷,138000,東武野田線「大宮公園」駅,17.0,23.0,,,,さいたま市北区本郷町17-1,7号棟,鉄筋コンクリート造,4,N,403号室,3LDK,70,14,133900,4100,2か月,['近居割'],随時,https://www.ur-net.go.jp/chintai/kanto/saitama/50_3860_room.html?JKSS=000070403,<li>JR東北本線「土呂」駅 徒歩11～14分</li><li>ニューシャトル伊奈線「加茂宮」駅 徒歩12～14分</li><li>東武野田線「大宮公園」駅 徒歩17～23分</li>
saitama,higashiomiya,コンフォール西本郷,138000,,,,,,,さいたま市北区本郷町17-1,7号棟,鉄筋コンクリート造,4,N,403号室,3LDK,70,14,133900,4100,2か月,['近居割'],随時,https://www.ur-net.go.jp/chintai/kanto/saitama/50_3860_room.html?JKSS=000070403,<li>JR東北本線「土呂」駅 徒歩11～14分</li><li>ニューシャトル伊奈線「加茂宮」駅 徒歩12～14分</li><li>東武野田線「大宮公園」駅 徒歩17～23分</li>
saitama,kawaguchi,リプレ川口二番街,102800,JR京浜東北線「川口」駅,2.0,2.0,,,,川口市川口3-3-1,,鉄骨鉄筋コンクリート造,9,N,913号室,1DK,33,14,98800,4000,2か月,['近居割'],随時,https://www.ur-net.go.jp/chintai/kanto/saitama/50_2890_room.html?JKSS=000000913,<li>JR京浜東北線「川口」駅 徒歩2分</li>
saitama,kawaguchi,リプレ川口二番街,102800,,,,,,,川口市川口3-3-1,,鉄骨鉄筋コンクリート造,9,N,913号室,1DK,33,14,98800,4000,2か月,['近居割'],随時,https://www.ur-net.go.jp/chintai/kanto/saitama/50_2890_room.html?JKSS=000000913,<li>JR京浜東北線「川口」駅 徒歩2分</li>
saitama,kawaguchi,アーバンハイツ南前川,111300,,,,JR京浜東北線「蕨」駅,8.0,8.0,川口市南前川2-21-10,,鉄筋コンクリート造,4,N,409号室,3DK,68,5,107500,3800,2か月,['近居割'],随時,https://www.ur-net.go.jp/chintai/kanto/saitama/50_2220_room.html?JKSS=000000409,<li>JR京浜東北線「蕨」駅 バス7分 徒歩1分</li><li>JR京浜東北線「西川口」駅 バス8分 徒歩1分</li>
saitama,kawaguchi,アーバンハイツ南前川,111300,,,,JR京浜東北線「西川口」駅,9.0,9.0,川口市南前川2-21-10,,鉄筋コンクリート造,4,N,409号室,3DK,68,5,107500,3800,2か月,['近居割'],随時,https://www.ur-net.go.jp/chintai/kanto/saitama/50_2220_room.html?JKSS=000000409,<li>JR京浜東北線「蕨」駅 バス7分 徒歩1分</li><li>JR京浜東北線「西川口」駅 バス8分 徒歩1分</li>
saitama,kawaguchi,アーバンハイツ南前川,111300,,,,,,,川口市南前川2-21-10,,鉄筋コンクリート造,4,N,409号室,3DK,68,5,107500,3800,2か月,['近居割'],随時,https://www.ur-net.go.jp/chintai/kanto/saitama/50_2220_room.html?JKSS=000000409,<li>JR京浜東北線「蕨」駅 バス7分 徒歩1分</li><li>JR京浜東北線「西川口」駅 バス8分 徒歩1分</li>
saitama,kawaguchi,アーバンハイツ南前川,114100,,,,JR京浜東北線「蕨」駅,8.0,8.0,川口市南前川2-21-10,,鉄筋コンクリート造,2,N,203号室,2LDK,62,5,110300,3800,2か月,['近居割'],随時,https://www.ur-net.go.jp/chintai/kanto/saitama/50_2220_room.html?JKSS=000000203,<li>JR京浜東北線「蕨」駅 バス7分 徒歩1分</li><li>JR京浜東北線「西川口」駅 バス8分 徒歩1分</li>
saitama,kawaguchi,アーバンハイツ南前川,114100,,,,JR京浜東北線「西川口」駅,9.0,9.0,川口市南前川2-21-10,,鉄筋コンクリート造,2,N,203号室,2LDK,62,5,110300,3800,2か月,['近居割'],随時,https://www.ur-net.go.jp/chintai/kanto/saitama/50_2220_room.html?JKSS=000000203,<li>JR京浜東北線「蕨」駅 バス7分 徒歩1分</li><li>JR京浜東北線「西川口」駅 バス8分 徒歩1分</li>
saitama,kawaguchi,アーバンハイツ南前川,114100,,,,,,,川口市南前川2-21-10,,鉄筋コンクリート造,2,N,203号室,2LDK,62,5,110300,3800,2か月,['近居割'],随時,https://www.ur-net.go.jp/chintai/kanto/saitama/50_2220_room.html?JKSS=000000203,<li>JR京浜東北線「蕨」駅 バス7分 徒歩1分</li><li>JR京浜東北線「西川口」駅 バス8分 徒歩1分</li>
saitama,kawaguchi,アーバンハイツ南前川,130800,,,,JR京浜東北線「蕨」駅,8.0,8.0,川口市南前川2-21-10,,鉄筋コンクリート造,3,N,304号室,3LDK,79,5,127000,3800,2か月,['近居割'],随時,https://www.ur-net.go.jp/chintai/kanto/saitama/50_2220_room.html?JKSS=000000304,<li>JR京浜東北線「蕨」駅 バス7分 徒歩1分</li><li>JR京浜東北線「西川口」駅 バス8分 徒歩1分</li>
saitama,kawaguchi,アーバンハイツ南前川,130800,,,,JR京浜東北線「西川口」駅,9.0,9.0,川口市南前川2-21-10,,鉄筋コンクリート造,3,N,304号室,3LDK,79,5,127000,3800,2か月,['近居割'],随時,https://www.ur-net.go.jp/chintai/kanto/saitama/50_2220_room.html?JKSS=000000304,<li>JR京浜東北線「蕨」駅 バス7分 徒歩1分</li><li>JR京浜東北線「西川口」駅 バス8分 徒歩1分</li>
saitama,kawaguchi,アーバンハイツ南前川,130800,,,,,,,川口市南前川2-21-10,,鉄筋コンクリート造,3,N,304号室,3LDK,79,5,127000,3800,2か月,['近居割'],随時,https://www.ur-net.go.jp/chintai/kanto/saitama/50_2220_room.html?JKSS=000000304,<li>JR京浜東北線「蕨」駅 バス7分 徒歩1分</li><li>JR京浜東北線「西川口」駅 バス8分 徒歩1分</li>
saitama,kawaguchi,飯塚四丁目ハイツ,118100,JR京浜東北線「川口」駅,14.0,14.0,JR京浜東北線「川口」駅,5.0,5.0,川口市飯塚4-4-31,,鉄筋コンクリート造,5,N,504号室,3DK,61,5,114100,4000,2か月,['近居割'],随時,https://www.ur-net.go.jp/chintai/kanto/saitama/50_2580_room.html?JKSS=000000504,<li>JR京浜東北線「川口」駅 徒歩14分 又はバス4分 徒歩1分</li>
saitama,kawaguchi,飯塚四丁目ハイツ,118100,,,,,,,川口市飯塚4-4-31,,鉄筋コンクリート造,5,N,504号室,3DK,61,5,114100,4000,2か月,['近居割'],随時,https://www.ur-net.go.jp/chintai/kanto/saitama/50_2580_room.html?JKSS=000000504,<li>JR京浜東北線「川口」駅 徒歩14分 又はバス4分 徒歩1分</li>
saitama,kawaguchi,コンフォール東鳩ヶ谷,129100,埼玉高速鉄道「新井宿」駅,12.0,12.0,,,,川口市桜町4-4,1号棟,鉄筋コンクリート造,6,N,606号室,2LDK,64,7,124700,4400,2か月,['近居割'],随時,https://www.ur-net.go.jp/chintai/kanto/saitama/50_4020_room.html?JKSS=000010606,<li>埼玉高速鉄道「新井宿」駅 徒歩12分</li><li>JR京浜東北・根岸線「西川口」駅バス25分 徒歩1～3分</li><li>JR京浜東北・根岸線「赤羽」駅バス27分 徒歩1～3分</li>
saitama,kawaguchi,コンフォール東鳩ヶ谷,129100,,,,JR京浜東北・根岸線「西川口」駅,26.0,28.0,川口市桜町4-4,1号棟,鉄筋コンクリート造,6,N,606号室,2LDK,64,7,124700,4400,2か月,['近居割'],随時,https://www.ur-net.go.jp/chintai/kanto/saitama/50_4020_room.html?JKSS=000010606,<li>埼玉高速鉄道「新井宿」駅 徒歩12分</li><li>JR京浜東北・根岸線「西川口」駅バス25分 徒歩1～3分</li><li>JR京浜東北・根岸線「赤羽」駅バス27分 徒歩1～3分</li>
saitama,kawaguchi,コンフォール東鳩ヶ谷,129100,,,,JR京浜東北・根岸線「赤羽」駅,28.0,30.0,川口市桜町4-4,1号棟,鉄筋コンクリート造,6,N,606号室,2LDK,64,7,124700,4400,2か月,['近居割'],随時,https://www.ur-net.go.jp/chintai/kanto/saitama/50_4020_room.html?JKSS=000010606,<li>埼玉高速鉄道「新井宿」駅 徒歩12分</li><li>JR京浜東北・根岸線「西川口」駅バス25分 徒歩1～3分</li><li>JR京浜東北・根岸線「赤羽」駅バス27分 徒歩1～3分</li>
saitama,kawaguchi,コンフォール東鳩ヶ谷,129100,,,,,,,川口市桜町4-4,1号棟,鉄筋コンクリート造,6,N,606号室,2LDK,64,7,124700,4400,2か月,['近居割'],随時,https://www.ur-net.go.jp/chintai/kanto/saitama/50_4020_room.html?JKSS=000010606,<li>埼玉高速鉄道「新井宿」駅 徒歩12分</li><li>JR京浜東北・根岸線「西川口」駅バス25分 徒歩1～3分</li><li>JR京浜東北・根岸線「赤羽」駅バス27分 徒歩1～3分</li>
saitama,minamiurawa,うらわイーストシティ　かえで街,132100,JR武蔵野線「東浦和」駅,13.0,13.0,JR武蔵野線「東浦和」駅,4.0,5.0,さいたま市緑区東浦和2-73-1,3号棟,鉄筋コンクリート造,4,N,401号室,2LDK,70,5,126600,5500,2か月,['フリレ１か月'],随時,https://www.ur-net.go.jp/chintai/kanto/saitama/50_2730_room.html?JKSS=000030401,<li>JR武蔵野線「東浦和」駅 徒歩13分</li><li>JR武蔵野線「東浦和」駅バス2分 徒歩2～3分</li><li>JR東北本線「浦和」駅バス14分 徒歩7～9分</li>
saitama,minamiurawa,うらわイーストシティ　かえで街,132100,,,,JR東北本線「浦和」駅,21.0,23.0,さいたま市緑区東浦和2-73-1,3号棟,鉄筋コンクリート造,4,N,401号室,2LDK,70,5,126600,5500,2か月,['フリレ１か月'],随時,https://www.ur-net.go.jp/chintai/kanto/saitama/50_2730_room.html?JKSS=000030401,<li>JR武蔵野線「東浦和」駅 徒歩13分</li><li>JR武蔵野線「東浦和」駅バス2分 徒歩2～3分</li><li>JR東北本線「浦和」駅バス14分 徒歩7～9分</li>
saitama,minamiurawa,うらわイーストシティ　かえで街,132100,,,,,,,さいたま市緑区東浦和2-73-1,3号棟,鉄筋コンクリート造,4,N,401号室,2LDK,70,5,126600,5500,2か月,['フリレ１か月'],随時,https://www.ur-net.go.jp/chintai/kanto/saitama/50_2730_room.html?JKSS=000030401,<li>JR武蔵野線「東浦和」駅 徒歩13分</li><li>JR武蔵野線「東浦和」駅バス2分 徒歩2～3分</li><li>JR東北本線「浦和」駅バス14分 徒歩7～9分</li>
saitama,ageo,パークシティ鴻巣駅前プラザ第二,69000,JR高崎線「北鴻巣」駅,4.0,8.0,,,,鴻巣市赤見台2-2,20号棟,鉄筋コンクリート造,5,N,505号室,3DK,62,5,66000,3000,2か月,['近居割'],随時,https://www.ur-net.go.jp/chintai/kanto/saitama/50_2440_room.html?JKSS=000200505,<li>JR高崎線「北鴻巣」駅 徒歩4～8分</li><li>JR高崎線「吹上」駅 徒歩40～43分</li><li>JR高崎線「鴻巣」駅 徒歩58～61分</li>
saitama,ageo,パークシティ鴻巣駅前プラザ第二,69000,JR高崎線「吹上」駅,40.0,43.0,,,,鴻巣市赤見台2-2,20号棟,鉄筋コンクリート造,5,N,505号室,3DK,62,5,66000,3000,2か月,['近居割'],随時,https://www.ur-net.go.jp/chintai/kanto/saitama/50_2440_room.html?JKSS=000200505,<li>JR高崎線「北鴻巣」駅 徒歩4～8分</li><li>JR高崎線「吹上」駅 徒歩40～43分</li><li>JR高崎線「鴻巣」駅 徒歩58～61分</li>
saitama,ageo,パークシティ鴻巣駅前プラザ第二,69000,JR高崎線「鴻巣」駅,58.0,61.0,,,,鴻巣市赤見台2-2,20号棟,鉄筋コンクリート造,5,N,505号室,3DK,62,5,66000,3000,2か月,['近居割'],随時,https://www.ur-net.go.jp/chintai/kanto/saitama/50_2440_room.html?JKSS=000200505,<li>JR高崎線「北鴻巣」駅 徒歩4～8分</li><li>JR高崎線「吹上」駅 徒歩40～43分</li><li>JR高崎線「鴻巣」駅 徒歩58～61分</li>
saitama,ageo,パークシティ鴻巣駅前プラザ第二,69000,,,,,,,鴻巣市赤見台2-2,20号棟,鉄筋コンクリート造,5,N,505号室,3DK,62,5,66000,3000,2か月,['近居割'],随時,https://www.ur-net.go.jp/chintai/kanto/saitama/50_2440_room.html?JKSS=000200505,<li>JR高崎線「北鴻巣」駅 徒歩4～8分</li><li>JR高崎線「吹上」駅 徒歩40～43分</li><li>JR高崎線「鴻巣」駅 徒歩58～61分</li>
saitama,ageo,パークシティ鴻巣　駅前プラザ第三,78600,JR高崎線「北鴻巣」駅,3.0,4.0,,,,鴻巣市赤見台1-13ほか,2号棟,鉄筋コンクリート造,5,N,504号室,3DK,63,5,75600,3000,2か月,['近居割'],随時,https://www.ur-net.go.jp/chintai/kanto/saitama/50_2940_room.html?JKSS=000020504,<li>JR高崎線「北鴻巣」駅 徒歩3～4分</li><li>JR高崎線「吹上」駅 徒歩42～44分</li><li>JR高崎線「鴻巣」駅 徒歩56～59分</li>
saitama,ageo,パークシティ鴻巣　駅前プラザ第三,78600,JR高崎線「吹上」駅,42.0,44.0,,,,鴻巣市赤見台1-13ほか,2号棟,鉄筋コンクリート造,5,N,504号室,3DK,63,5,75600,3000,2か月,['近居割'],随時,https://www.ur-net.go.jp/chintai/kanto/saitama/50_2940_room.html?JKSS=000020504,<li>JR高崎線「北鴻巣」駅 徒歩3～4分</li><li>JR高崎線「吹上」駅 徒歩42～44分</li><li>JR高崎線「鴻巣」駅 徒歩56～59分</li>
saitama,ageo,パークシティ鴻巣　駅前プラザ第三,78600,JR高崎線「鴻巣」駅,56.0,59.0,,,,鴻巣市赤見台1-13ほか,2号棟,鉄筋コンクリート造,5,N,504号室,3DK,63,5,75600,3000,2か月,['近居割'],随時,https://www.ur-net.go.jp/chintai/kanto/saitama/50_2940_room.html?JKSS=000020504,<li>JR高崎線「北鴻巣」駅 徒歩3～4分</li><li>JR高崎線「吹上」駅 徒歩42～44分</li><li>JR高崎線「鴻巣」駅 徒歩56～59分</li>
saitama,ageo,パークシティ鴻巣　駅前プラザ第三,78600,,,,,,,鴻巣市赤見台1-13ほか,2号棟,鉄筋コンクリート造,5,N,504号室,3DK,63,5,75600,3000,2か月,['近居割'],随時,https://www.ur-net.go.jp/chintai/kanto/saitama/50_2940_room.html?JKSS=000020504,<li>JR高崎線「北鴻巣」駅 徒歩3～4分</li><li>JR高崎線「吹上」駅 徒歩42～44分</li><li>JR高崎線「鴻巣」駅 徒歩56～59分</li>
saitama,ageo,パークシティ鴻巣　駅前プラザ第三,79700,JR高崎線「北鴻巣」駅,3.0,4.0,,,,鴻巣市赤見台1-13ほか,2号棟,鉄筋コンクリート造,3,N,302号室,3DK,63,5,76700,3000,2か月,['近居割'],随時,https://www.ur-net.go.jp/chintai/kanto/saitama/50_2940_room.html?JKSS=000020302,<li>JR高崎線「北鴻巣」駅 徒歩3～4分</li><li>JR高崎線「吹上」駅 徒歩42～44分</li><li>JR高崎線「鴻巣」駅 徒歩56～59分</li>
saitama,ageo,パークシティ鴻巣　駅前プラザ第三,79700,JR高崎線「吹上」駅,42.0,44.0,,,,鴻巣市赤見台1-13ほか,2号棟,鉄筋コンクリート造,3,N,302号室,3DK,63,5,76700,3000,2か月,['近居割'],随時,https://www.ur-net.go.jp/chintai/kanto/saitama/50_2940_room.html?JKSS=000020302,<li>JR高崎線「北鴻巣」駅 徒歩3～4分</li><li>JR高崎線「吹上」駅 徒歩42～44分</li><li>JR高崎線「鴻巣」駅 徒歩56～59分</li>
saitama,ageo,パークシティ鴻巣　駅前プラザ第三,79700,JR高崎線「鴻巣」駅,56.0,59.0,,,,鴻巣市赤見台1-13ほか,2号棟,鉄筋コンクリート造,3,N,302号室,3DK,63,5,76700,3000,2か月,['近居割'],随時,https://www.ur-net.go.jp/chintai/kanto/saitama/50_2940_room.html?JKSS=000020302,<li>JR高崎線「北鴻巣」駅 徒歩3～4分</li><li>JR高崎線「吹上」駅 徒歩42～44分</li><li>JR高崎線「鴻巣」駅 徒歩56～59分</li>
saitama,ageo,パークシティ鴻巣　駅前プラザ第三,79700,,,,,,,鴻巣市赤見台1-13ほか,2号棟,鉄筋コンクリート造,3,N,302号室,3DK,63,5,76700,3000,2か月,['近居割'],随時,https://www.ur-net.go.jp/chintai/kanto/saitama/50_2940_room.html?JKSS=000020302,<li>JR高崎線「北鴻巣」駅 徒歩3～4分</li><li>JR高崎線「吹上」駅 徒歩42～44分</li><li>JR高崎線「鴻巣」駅 徒歩56～59分</li>
saitama,ageo,パークシティ鴻巣　駅前プラザ第三,100200,JR高崎線「北鴻巣」駅,3.0,4.0,,,,鴻巣市赤見台1-13ほか,5号棟,鉄筋コンクリート造,6,N,605号室,3LDK,67,10,97200,3000,2か月,['近居割'],随時,https://www.ur-net.go.jp/chintai/kanto/saitama/50_2940_room.html?JKSS=000050605,<li>JR高崎線「北鴻巣」駅 徒歩3～4分</li><li>JR高崎線「吹上」駅 徒歩42～44分</li><li>JR高崎線「鴻巣」駅 徒歩56～59分</li>
saitama,ageo,パークシティ鴻巣　駅前プラザ第三,100200,JR高崎線「吹上」駅,42.0,44.0,,,,鴻巣市赤見台1-13ほか,5号棟,鉄筋コンクリート造,6,N,605号室,3LDK,67,10,97200,3000,2か月,['近居割'],随時,https://www.ur-net.go.jp/chintai/kanto/saitama/50_2940_room.html?JKSS=000050605,<li>JR高崎線「北鴻巣」駅 徒歩3～4分</li><li>JR高崎線「吹上」駅 徒歩42～44分</li><li>JR高崎線「鴻巣」駅 徒歩56～59分</li>
saitama,ageo,パークシティ鴻巣　駅前プラザ第三,100200,JR高崎線「鴻巣」駅,56.0,59.0,,,,鴻巣市赤見台1-13ほか,5号棟,鉄筋コンクリート造,6,N,605号室,3LDK,67,10,97200,3000,2か月,['近居割'],随時,https://www.ur-net.go.jp/chintai/kanto/saitama/50_2940_room.html?JKSS=000050605,<li>JR高崎線「北鴻巣」駅 徒歩3～4分</li><li>JR高崎線「吹上」駅 徒歩42～44分</li><li>JR高崎線「鴻巣」駅 徒歩56～59分</li>
saitama,ageo,パークシティ鴻巣　駅前プラザ第三,100200,,,,,,,鴻巣市赤見台1-13ほか,5号棟,鉄筋コンクリート造,6,N,605号室,3LDK,67,10,97200,3000,2か月,['近居割'],随時,https://www.ur-net.go.jp/chintai/kanto/saitama/50_2940_room.html?JKSS=000050605,<li>JR高崎線「北鴻巣」駅 徒歩3～4分</li><li>JR高崎線「吹上」駅 徒歩42～44分</li><li>JR高崎線「鴻巣」駅 徒歩56～59分</li>
saitama,ageo,パークシティ鴻巣駅前プラザ,80000,JR高崎線「北鴻巣」駅,3.0,7.0,,,,鴻巣市赤見台2-2,13号棟,鉄筋コンクリート造,5,N,506号室,3LDK,75,5,77900,2100,2か月,['近居割'],随時,https://www.ur-net.go.jp/chintai/kanto/saitama/50_2140_room.html?JKSS=000130506,<li>JR高崎線「北鴻巣」駅 徒歩3～7分</li><li>JR高崎線「鴻巣」駅 徒歩58～62分</li><li>JR高崎線「吹上」駅 徒歩38～42分</li>
saitama,ageo,パークシティ鴻巣駅前プラザ,80000,JR高崎線「鴻巣」駅,58.0,62.0,,,,鴻巣市赤見台2-2,13号棟,鉄筋コンクリート造,5,N,506号室,3LDK,75,5,77900,2100,2か月,['近居割'],随時,https://www.ur-net.go.jp/chintai/kanto/saitama/50_2140_room.html?JKSS=000130506,<li>JR高崎線「北鴻巣」駅 徒歩3～7分</li><li>JR高崎線「鴻巣」駅 徒歩58～62分</li><li>JR高崎線「吹上」駅 徒歩38～42分</li>
saitama,ageo,パークシティ鴻巣駅前プラザ,80000,JR高崎線「吹上」駅,38.0,42.0,,,,鴻巣市赤見台2-2,13号棟,鉄筋コンクリート造,5,N,506号室,3LDK,75,5,77900,2100,2か月,['近居割'],随時,https://www.ur-net.go.jp/chintai/kanto/saitama/50_2140_room.html?JKSS=000130506,<li>JR高崎線「北鴻巣」駅 徒歩3～7分</li><li>JR高崎線「鴻巣」駅 徒歩58～62分</li><li>JR高崎線「吹上」駅 徒歩38～42分</li>
saitama,ageo,パークシティ鴻巣駅前プラザ,80000,,,,,,,鴻巣市赤見台2-2,13号棟,鉄筋コンクリート造,5,N,506号室,3LDK,75,5,77900,2100,2か月,['近居割'],随時,https://www.ur-net.go.jp/chintai/kanto/saitama/50_2140_room.html?JKSS=000130506,<li>JR高崎線「北鴻巣」駅 徒歩3～7分</li><li>JR高崎線「鴻巣」駅 徒歩58～62分</li><li>JR高崎線「吹上」駅 徒歩38～42分</li>
saitama,ageo,北本,46900,,,,JR高崎線「北本」駅,5.0,17.0,北本市栄7,2-23号棟,鉄筋コンクリート造,5,N,506号室,3K,50,5,43100,3800,2か月,"['近居割', '近居割WIDE']",随時,https://www.ur-net.go.jp/chintai/kanto/saitama/50_1400_room.html?JKSS=000223506,<li>JR高崎線「北本」駅バス4～12分 徒歩1～5分</li><li>JR高崎線「桶川」駅 徒歩30～57分</li><li>JR高崎線「鴻巣」駅 徒歩45～79分</li>
saitama,ageo,北本,46900,JR高崎線「桶川」駅,30.0,57.0,,,,北本市栄7,2-23号棟,鉄筋コンクリート造,5,N,506号室,3K,50,5,43100,3800,2か月,"['近居割', '近居割WIDE']",随時,https://www.ur-net.go.jp/chintai/kanto/saitama/50_1400_room.html?JKSS=000223506,<li>JR高崎線「北本」駅バス4～12分 徒歩1～5分</li><li>JR高崎線「桶川」駅 徒歩30～57分</li><li>JR高崎線「鴻巣」駅 徒歩45～79分</li>
saitama,ageo,北本,46900,JR高崎線「鴻巣」駅,45.0,79.0,,,,北本市栄7,2-23号棟,鉄筋コンクリート造,5,N,506号室,3K,50,5,43100,3800,2か月,"['近居割', '近居割WIDE']",随時,https://www.ur-net.go.jp/chintai/kanto/saitama/50_1400_room.html?JKSS=000223506,<li>JR高崎線「北本」駅バス4～12分 徒歩1～5分</li><li>JR高崎線「桶川」駅 徒歩30～57分</li><li>JR高崎線「鴻巣」駅 徒歩45～79分</li>
saitama,ageo,北本,46900,,,,,,,北本市栄7,2-23号棟,鉄筋コンクリート造,5,N,506号室,3K,50,5,43100,3800,2か月,"['近居割', '近居割WIDE']",随時,https://www.ur-net.go.jp/chintai/kanto/saitama/50_1400_room.html?JKSS=000223506,<li>JR高崎線「北本」駅バス4～12分 徒歩1～5分</li><li>JR高崎線「桶川」駅 徒歩30～57分</li><li>JR高崎線「鴻巣」駅 徒歩45～79分</li>
saitama,ageo,北本,47900,,,,JR高崎線「北本」駅,5.0,17.0,北本市栄7,1-17号棟,鉄筋コンクリート造,5,N,507号室,3K,52,5,44100,3800,2か月,['フリレ１か月'],随時,https://www.ur-net.go.jp/chintai/kanto/saitama/50_1400_room.html?JKSS=000117507,<li>JR高崎線「北本」駅バス4～12分 徒歩1～5分</li><li>JR高崎線「桶川」駅 徒歩30～57分</li><li>JR高崎線「鴻巣」駅 徒歩45～79分</li>
saitama,ageo,北本,47900,JR高崎線「桶川」駅,30.0,57.0,,,,北本市栄7,1-17号棟,鉄筋コンクリート造,5,N,507号室,3K,52,5,44100,3800,2か月,['フリレ１か月'],随時,https://www.ur-net.go.jp/chintai/kanto/saitama/50_1400_room.html?JKSS=000117507,<li>JR高崎線「北本」駅バス4～12分 徒歩1～5分</li><li>JR高崎線「桶川」駅 徒歩30～57分</li><li>JR高崎線「鴻巣」駅 徒歩45～79分</li>
saitama,ageo,北本,47900,JR高崎線「鴻巣」駅,45.0,79.0,,,,北本市栄7,1-17号棟,鉄筋コンクリート造,5,N,507号室,3K,52,5,44100,3800,2か月,['フリレ１か月'],随時,https://www.ur-net.go.jp/chintai/kanto/saitama/50_1400_room.html?JKSS=000117507,<li>JR高崎線「北本」駅バス4～12分 徒歩1～5分</li><li>JR高崎線「桶川」駅 徒歩30～57分</li><li>JR高崎線「鴻巣」駅 徒歩45～79分</li>
saitama,ageo,北本,47900,,,,,,,北本市栄7,1-17号棟,鉄筋コンクリート造,5,N,507号室,3K,52,5,44100,3800,2か月,['フリレ１か月'],随時,https://www.ur-net.go.jp/chintai/kanto/saitama/50_1400_room.html?JKSS=000117507,<li>JR高崎線「北本」駅バス4～12分 徒歩1～5分</li><li>JR高崎線「桶川」駅 徒歩30～57分</li><li>JR高崎線「鴻巣」駅 徒歩45～79分</li>
saitama,ageo,北本,47900,,,,JR高崎線「北本」駅,5.0,17.0,北本市栄7,1-19号棟,鉄筋コンクリート造,5,N,503号室,3K,52,5,44100,3800,2か月,"['近居割', '近居割WIDE']",随時,https://www.ur-net.go.jp/chintai/kanto/saitama/50_1400_room.html?JKSS=000119503,<li>JR高崎線「北本」駅バス4～12分 徒歩1～5分</li><li>JR高崎線「桶川」駅 徒歩30～57分</li><li>JR高崎線「鴻巣」駅 徒歩45～79分</li>
saitama,ageo,北本,47900,JR高崎線「桶川」駅,30.0,57.0,,,,北本市栄7,1-19号棟,鉄筋コンクリート造,5,N,503号室,3K,52,5,44100,3800,2か月,"['近居割', '近居割WIDE']",随時,https://www.ur-net.go.jp/chintai/kanto/saitama/50_1400_room.html?JKSS=000119503,<li>JR高崎線「北本」駅バス4～12分 徒歩1～5分</li><li>JR高崎線「桶川」駅 徒歩30～57分</li><li>JR高崎線「鴻巣」駅 徒歩45～79分</li>
saitama,ageo,北本,47900,JR高崎線「鴻巣」駅,45.0,79.0,,,,北本市栄7,1-19号棟,鉄筋コンクリート造,5,N,503号室,3K,52,5,44100,3800,2か月,"['近居割', '近居割WIDE']",随時,https://www.ur-net.go.jp/chintai/kanto/saitama/50_1400_room.html?JKSS=000119503,<li>JR高崎線「北本」駅バス4～12分 徒歩1～5分</li><li>JR高崎線「桶川」駅 徒歩30～57分</li><li>JR高崎線「鴻巣」駅 徒歩45～79分</li>
saitama,ageo,北本,47900,,,,,,,北本市栄7,1-19号棟,鉄筋コンクリート造,5,N,503号室,3K,52,5,44100,3800,2か月,"['近居割', '近居割WIDE']",随時,https://www.ur-net.go.jp/chintai/kanto/saitama/50_1400_room.html?JKSS=000119503,<li>JR高崎線「北本」駅バス4～12分 徒歩1～5分</li><li>JR高崎線「桶川」駅 徒歩30～57分</li><li>JR高崎線「鴻巣」駅 徒歩45～79分</li>
saitama,ageo,北本,48100,,,,JR高崎線「北本」駅,5.0,17.0,北本市栄7,1-17号棟,鉄筋コンクリート造,5,N,501号室,3K,52,5,44300,3800,2か月,"['近居割', '近居割WIDE']",随時,https://www.ur-net.go.jp/chintai/kanto/saitama/50_1400_room.html?JKSS=000117501,<li>JR高崎線「北本」駅バス4～12分 徒歩1～5分</li><li>JR高崎線「桶川」駅 徒歩30～57分</li><li>JR高崎線「鴻巣」駅 徒歩45～79分</li>
saitama,ageo,北本,48100,JR高崎線「桶川」駅,30.0,57.0,,,,北本市栄7,1-17号棟,鉄筋コンクリート造,5,N,501号室,3K,52,5,44300,3800,2か月,"['近居割', '近居割WIDE']",随時,https://www.ur-net.go.jp/chintai/kanto/saitama/50_1400_room.html?JKSS=000117501,<li>JR高崎線「北本」駅バス4～12分 徒歩1～5分</li><li>JR高崎線「桶川」駅 徒歩30～57分</li><li>JR高崎線「鴻巣」駅 徒歩45～79分</li>
saitama,ageo,北本,48100,JR高崎線「鴻巣」駅,45.0,79.0,,,,北本市栄7,1-17号棟,鉄筋コンクリート造,5,N,501号室,3K,52,5,44300,3800,2か月,"['近居割', '近居割WIDE']",随時,https://www.ur-net.go.jp/chintai/kanto/saitama/50_1400_room.html?JKSS=000117501,<li>JR高崎線「北本」駅バス4～12分 徒歩1～5分</li><li>JR高崎線「桶川」駅 徒歩30～57分</li><li>JR高崎線「鴻巣」駅 徒歩45～79分</li>
saitama,ageo,北本,48100,,,,,,,北本市栄7,1-17号棟,鉄筋コンクリート造,5,N,501号室,3K,52,5,44300,3800,2か月,"['近居割', '近居割WIDE']",随時,https://www.ur-net.go.jp/chintai/kanto/saitama/50_1400_room.html?JKSS=000117501,<li>JR高崎線「北本」駅バス4～12分 徒歩1～5分</li><li>JR高崎線「桶川」駅 徒歩30～57分</li><li>JR高崎線「鴻巣」駅 徒歩45～79分</li>
saitama,ageo,北本,48100,,,,JR高崎線「北本」駅,5.0,17.0,北本市栄7,1-17号棟,鉄筋コンクリート造,5,N,504号室,3K,52,5,44300,3800,2か月,['フリレ2か月'],随時,https://www.ur-net.go.jp/chintai/kanto/saitama/50_1400_room.html?JKSS=000117504,<li>JR高崎線「北本」駅バス4～12分 徒歩1～5分</li><li>JR高崎線「桶川」駅 徒歩30～57分</li><li>JR高崎線「鴻巣」駅 徒歩45～79分</li>
saitama,ageo,北本,48100,JR高崎線「桶川」駅,30.0,57.0,,,,北本市栄7,1-17号棟,鉄筋コンクリート造,5,N,504号室,3K,52,5,44300,3800,2か月,['フリレ2か月'],随時,https://www.ur-net.go.jp/chintai/kanto/saitama/50_1400_room.html?JKSS=000117504,<li>JR高崎線「北本」駅バス4～12分 徒歩1～5分</li><li>JR高崎線「桶川」駅 徒歩30～57分</li><li>JR高崎線「鴻巣」駅 徒歩45～79分</li>
saitama,ageo,北本,48100,JR高崎線「鴻巣」駅,45.0,79.0,,,,北本市栄7,1-17号棟,鉄筋コンクリート造,5,N,504号室,3K,52,5,44300,3800,2か月,['フリレ2か月'],随時,https://www.ur-net.go.jp/chintai/kanto/saitama/50_1400_room.html?JKSS=000117504,<li>JR高崎線「北本」駅バス4～12分 徒歩1～5分</li><li>JR高崎線「桶川」駅 徒歩30～57分</li><li>JR高崎線「鴻巣」駅 徒歩45～79分</li>
saitama,ageo,北本,48100,,,,,,,北本市栄7,1-17号棟,鉄筋コンクリート造,5,N,504号室,3K,52,5,44300,3800,2か月,['フリレ2か月'],随時,https://www.ur-net.go.jp/chintai/kanto/saitama/50_1400_room.html?JKSS=000117504,<li>JR高崎線「北本」駅バス4～12分 徒歩1～5分</li><li>JR高崎線「桶川」駅 徒歩30～57分</li><li>JR高崎線「鴻巣」駅 徒歩45～79分</li>
saitama,kamifukuoka,鶴瀬（市）,82200,東武東上線「鶴瀬」駅,7.0,7.0,,,,富士見市鶴瀬西2-8-2,,鉄筋コンクリート造,3,N,306号室,3DK,53,4,78600,3600,2か月,"['近居割', '近居割WIDE']",随時,https://www.ur-net.go.jp/chintai/kanto/saitama/50_1730_room.html?JKSS=000000306,<li>東武東上線「鶴瀬」駅 徒歩7分</li>
saitama,kamifukuoka,鶴瀬（市）,82200,,,,,,,富士見市鶴瀬西2-8-2,,鉄筋コンクリート造,3,N,306号室,3DK,53,4,78600,3600,2か月,"['近居割', '近居割WIDE']",随時,https://www.ur-net.go.jp/chintai/kanto/saitama/50_1730_room.html?JKSS=000000306,<li>東武東上線「鶴瀬」駅 徒歩7分</li>
saitama,kamifukuoka,コンフォール鶴瀬,94100,東武東上線「鶴瀬」駅,6.0,10.0,,,,富士見市鶴瀬西2-3ほか,7号棟,鉄筋コンクリート造,5,N,505号室,1K,43,14,90000,4100,2か月,"['近居割', '近居割WIDE']",随時,https://www.ur-net.go.jp/chintai/kanto/saitama/50_4100_room.html?JKSS=000070505,<li>東武東上線「鶴瀬」駅 徒歩6～10分</li><li>東武東上線「みずほ台」駅 徒歩24～28分</li><li>東武東上線「ふじみ野」駅 徒歩26～31分</li>
saitama,kamifukuoka,コンフォール鶴瀬,94100,東武東上線「みずほ台」駅,24.0,28.0,,,,富士見市鶴瀬西2-3ほか,7号棟,鉄筋コンクリート造,5,N,505号室,1K,43,14,90000,4100,2か月,"['近居割', '近居割WIDE']",随時,https://www.ur-net.go.jp/chintai/kanto/saitama/50_4100_room.html?JKSS=000070505,<li>東武東上線「鶴瀬」駅 徒歩6～10分</li><li>東武東上線「みずほ台」駅 徒歩24～28分</li><li>東武東上線「ふじみ野」駅 徒歩26～31分</li>
saitama,kamifukuoka,コンフォール鶴瀬,94100,東武東上線「ふじみ野」駅,26.0,31.0,,,,富士見市鶴瀬西2-3ほか,7号棟,鉄筋コンクリート造,5,N,505号室,1K,43,14,90000,4100,2か月,"['近居割', '近居割WIDE']",随時,https://www.ur-net.go.jp/chintai/kanto/saitama/50_4100_room.html?JKSS=000070505,<li>東武東上線「鶴瀬」駅 徒歩6～10分</li><li>東武東上線「みずほ台」駅 徒歩24～28分</li><li>東武東上線「ふじみ野」駅 徒歩26～31分</li>
saitama,kamifukuoka,コンフォール鶴瀬,94100,,,,,,,富士見市鶴瀬西2-3ほか,7号棟,鉄筋コンクリート造,5,N,505号室,1K,43,14,90000,4100,2か月,"['近居割', '近居割WIDE']",随時,https://www.ur-net.go.jp/chintai/kanto/saitama/50_4100_room.html?JKSS=000070505,<li>東武東上線「鶴瀬」駅 徒歩6～10分</li><li>東武東上線「みずほ台」駅 徒歩24～28分</li><li>東武東上線「ふじみ野」駅 徒歩26～31分</li>
saitama,kamifukuoka,コンフォール鶴瀬,108300,東武東上線「鶴瀬」駅,6.0,10.0,,,,富士見市鶴瀬西2-3ほか,3号棟,鉄筋コンクリート造,9,N,903号室,1LDK,50,10,104200,4100,2か月,"['近居割', '近居割WIDE']",随時,https://www.ur-net.go.jp/chintai/kanto/saitama/50_4100_room.html?JKSS=000030903,<li>東武東上線「鶴瀬」駅 徒歩6～10分</li><li>東武東上線「みずほ台」駅 徒歩24～28分</li><li>東武東上線「ふじみ野」駅 徒歩26～31分</li>
saitama,kamifukuoka,コンフォール鶴瀬,108300,東武東上線「みずほ台」駅,24.0,28.0,,,,富士見市鶴瀬西2-3ほか,3号棟,鉄筋コンクリート造,9,N,903号室,1LDK,50,10,104200,4100,2か月,"['近居割', '近居割WIDE']",随時,https://www.ur-net.go.jp/chintai/kanto/saitama/50_4100_room.html?JKSS=000030903,<li>東武東上線「鶴瀬」駅 徒歩6～10分</li><li>東武東上線「みずほ台」駅 徒歩24～28分</li><li>東武東上線「ふじみ野」駅 徒歩26～31分</li>
saitama,kamifukuoka,コンフォール鶴瀬,108300,東武東上線「ふじみ野」駅,26.0,31.0,,,,富士見市鶴瀬西2-3ほか,3号棟,鉄筋コンクリート造,9,N,903号室,1LDK,50,10,104200,4100,2か月,"['近居割', '近居割WIDE']",随時,https://www.ur-net.go.jp/chintai/kanto/saitama/50_4100_room.html?JKSS=000030903,<li>東武東上線「鶴瀬」駅 徒歩6～10分</li><li>東武東上線「みずほ台」駅 徒歩24～28分</li><li>東武東上線「ふじみ野」駅 徒歩26～31分</li>
saitama,kamifukuoka,コンフォール鶴瀬,108300,,,,,,,富士見市鶴瀬西2-3ほか,3号棟,鉄筋コンクリート造,9,N,903号室,1LDK,50,10,104200,4100,2か月,"['近居割', '近居割WIDE']",随時,https://www.ur-net.go.jp/chintai/kanto/saitama/50_4100_room.html?JKSS=000030903,<li>東武東上線「鶴瀬」駅 徒歩6～10分</li><li>東武東上線「みずほ台」駅 徒歩24～28分</li><li>東武東上線「ふじみ野」駅 徒歩26～31分</li>
saitama,kamifukuoka,コンフォール鶴瀬,108700,東武東上線「鶴瀬」駅,6.0,10.0,,,,富士見市鶴瀬西2-3ほか,3号棟,鉄筋コンクリート造,3,N,304号室,1LDK,50,10,104600,4100,2か月,"['近居割', '近居割WIDE']",随時,https://www.ur-net.go.jp/chintai/kanto/saitama/50_4100_room.html?JKSS=000030304,<li>東武東上線「鶴瀬」駅 徒歩6～10分</li><li>東武東上線「みずほ台」駅 徒歩24～28分</li><li>東武東上線「ふじみ野」駅 徒歩26～31分</li>
saitama,kamifukuoka,コンフォール鶴瀬,108700,東武東上線「みずほ台」駅,24.0,28.0,,,,富士見市鶴瀬西2-3ほか,3号棟,鉄筋コンクリート造,3,N,304号室,1LDK,50,10,104600,4100,2か月,"['近居割', '近居割WIDE']",随時,https://www.ur-net.go.jp/chintai/kanto/saitama/50_4100_room.html?JKSS=000030304,<li>東武東上線「鶴瀬」駅 徒歩6～10分</li><li>東武東上線「みずほ台」駅 徒歩24～28分</li><li>東武東上線「ふじみ野」駅 徒歩26～31分</li>
saitama,kamifukuoka,コンフォール鶴瀬,108700,東武東上線「ふじみ野」駅,26.0,31.0,,,,富士見市鶴瀬西2-3ほか,3号棟,鉄筋コンクリート造,3,N,304号室,1LDK,50,10,104600,4100,2か月,"['近居割', '近居割WIDE']",随時,https://www.ur-net.go.jp/chintai/kanto/saitama/50_4100_room.html?JKSS=000030304,<li>東武東上線「鶴瀬」駅 徒歩6～10分</li><li>東武東上線「みずほ台」駅 徒歩24～28分</li><li>東武東上線「ふじみ野」駅 徒歩26～31分</li>
saitama,kamifukuoka,コンフォール鶴瀬,108700,,,,,,,富士見市鶴瀬西2-3ほか,3号棟,鉄筋コンクリート造,3,N,304号室,1LDK,50,10,104600,4100,2か月,"['近居割', '近居割WIDE']",随時,https://www.ur-net.go.jp/chintai/kanto/saitama/50_4100_room.html?JKSS=000030304,<li>東武東上線「鶴瀬」駅 徒歩6～10分</li><li>東武東上線「みずほ台」駅 徒歩24～28分</li><li>東武東上線「ふじみ野」駅 徒歩26～31分</li>
saitama,kamifukuoka,コンフォール鶴瀬,110700,東武東上線「鶴瀬」駅,6.0,10.0,,,,富士見市鶴瀬西2-3ほか,2号棟,鉄筋コンクリート造,3,N,303号室,1LDK,56,8,106600,4100,2か月,"['近居割', '近居割WIDE']",随時,https://www.ur-net.go.jp/chintai/kanto/saitama/50_4100_room.html?JKSS=000020303,<li>東武東上線「鶴瀬」駅 徒歩6～10分</li><li>東武東上線「みずほ台」駅 徒歩24～28分</li><li>東武東上線「ふじみ野」駅 徒歩26～31分</li>
saitama,kamifukuoka,コンフォール鶴瀬,110700,東武東上線「みずほ台」駅,24.0,28.0,,,,富士見市鶴瀬西2-3ほか,2号棟,鉄筋コンクリート造,3,N,303号室,1LDK,56,8,106600,4100,2か月,"['近居割', '近居割WIDE']",随時,https://www.ur-net.go.jp/chintai/kanto/saitama/50_4100_room.html?JKSS=000020303,<li>東武東上線「鶴瀬」駅 徒歩6～10分</li><li>東武東上線「みずほ台」駅 徒歩24～28分</li><li>東武東上線「ふじみ野」駅 徒歩26～31分</li>
saitama,kamifukuoka,コンフォール鶴瀬,110700,東武東上線「ふじみ野」駅,26.0,31.0,,,,富士見市鶴瀬西2-3ほか,2号棟,鉄筋コンクリート造,3,N,303号室,1LDK,56,8,106600,4100,2か月,"['近居割', '近居割WIDE']",随時,https://www.ur-net.go.jp/chintai/kanto/saitama/50_4100_room.html?JKSS=000020303,<li>東武東上線「鶴瀬」駅 徒歩6～10分</li><li>東武東上線「みずほ台」駅 徒歩24～28分</li><li>東武東上線「ふじみ野」駅 徒歩26～31分</li>
saitama,kamifukuoka,コンフォール鶴瀬,110700,,,,,,,富士見市鶴瀬西2-3ほか,2号棟,鉄筋コンクリート造,3,N,303号室,1LDK,56,8,106600,4100,2か月,"['近居割', '近居割WIDE']",随時,https://www.ur-net.go.jp/chintai/kanto/saitama/50_4100_room.html?JKSS=000020303,<li>東武東上線「鶴瀬」駅 徒歩6～10分</li><li>東武東上線「みずほ台」駅 徒歩24～28分</li><li>東武東上線「ふじみ野」駅 徒歩26～31分</li>
saitama,kamifukuoka,コンフォール鶴瀬,115900,東武東上線「鶴瀬」駅,6.0,10.0,,,,富士見市鶴瀬西2-3ほか,3号棟,鉄筋コンクリート造,1,N,102号室,2DK,60,10,111800,4100,2か月,"['近居割', '近居割WIDE']",随時,https://www.ur-net.go.jp/chintai/kanto/saitama/50_4100_room.html?JKSS=000030102,<li>東武東上線「鶴瀬」駅 徒歩6～10分</li><li>東武東上線「みずほ台」駅 徒歩24～28分</li><li>東武東上線「ふじみ野」駅 徒歩26～31分</li>
saitama,kamifukuoka,コンフォール鶴瀬,115900,東武東上線「みずほ台」駅,24.0,28.0,,,,富士見市鶴瀬西2-3ほか,3号棟,鉄筋コンクリート造,1,N,102号室,2DK,60,10,111800,4100,2か月,"['近居割', '近居割WIDE']",随時,https://www.ur-net.go.jp/chintai/kanto/saitama/50_4100_room.html?JKSS=000030102,<li>東武東上線「鶴瀬」駅 徒歩6～10分</li><li>東武東上線「みずほ台」駅 徒歩24～28分</li><li>東武東上線「ふじみ野」駅 徒歩26～31分</li>
saitama,kamifukuoka,コンフォール鶴瀬,115900,東武東上線「ふじみ野」駅,26.0,31.0,,,,富士見市鶴瀬西2-3ほか,3号棟,鉄筋コンクリート造,1,N,102号室,2DK,60,10,111800,4100,2か月,"['近居割', '近居割WIDE']",随時,https://www.ur-net.go.jp/chintai/kanto/saitama/50_4100_room.html?JKSS=000030102,<li>東武東上線「鶴瀬」駅 徒歩6～10分</li><li>東武東上線「みずほ台」駅 徒歩24～28分</li><li>東武東上線「ふじみ野」駅 徒歩26～31分</li>
saitama,kamifukuoka,コンフォール鶴瀬,115900,,,,,,,富士見市鶴瀬西2-3ほか,3号棟,鉄筋コンクリート造,1,N,102号室,2DK,60,10,111800,4100,2か月,"['近居割', '近居割WIDE']",随時,https://www.ur-net.go.jp/chintai/kanto/saitama/50_4100_room.html?JKSS=000030102,<li>東武東上線「鶴瀬」駅 徒歩6～10分</li><li>東武東上線「みずほ台」駅 徒歩24～28分</li><li>東武東上線「ふじみ野」駅 徒歩26～31分</li>
saitama,kamifukuoka,アルビス鶴瀬,103500,東武東上線「鶴瀬」駅,7.0,10.0,,,,富士見市鶴瀬西2-7,6号棟,鉄筋コンクリート造,2,N,207号室,1LDK,53,8,97700,5800,2か月,"['近居割', '近居割WIDE']",随時,https://www.ur-net.go.jp/chintai/kanto/saitama/50_3470_room.html?JKSS=000060207,<li>東武東上線「鶴瀬」駅 徒歩7～10分</li><li>東武東上線「みずほ台」駅 徒歩23～26分</li><li>東武東上線「ふじみ野」駅 徒歩29～33分</li>
saitama,kamifukuoka,アルビス鶴瀬,103500,東武東上線「みずほ台」駅,23.0,26.0,,,,富士見市鶴瀬西2-7,6号棟,鉄筋コンクリート造,2,N,207号室,1LDK,53,8,97700,5800,2か月,"['近居割', '近居割WIDE']",随時,https://www.ur-net.go.jp/chintai/kanto/saitama/50_3470_room.html?JKSS=000060207,<li>東武東上線「鶴瀬」駅 徒歩7～10分</li><li>東武東上線「みずほ台」駅 徒歩23～26分</li><li>東武東上線「ふじみ野」駅 徒歩29～33分</li>
saitama,kamifukuoka,アルビス鶴瀬,103500,東武東上線「ふじみ野」駅,29.0,33.0,,,,富士見市鶴瀬西2-7,6号棟,鉄筋コンクリート造,2,N,207号室,1LDK,53,8,97700,5800,2か月,"['近居割', '近居割WIDE']",随時,https://www.ur-net.go.jp/chintai/kanto/saitama/50_3470_room.html?JKSS=000060207,<li>東武東上線「鶴瀬」駅 徒歩7～10分</li><li>東武東上線「みずほ台」駅 徒歩23～26分</li><li>東武東上線「ふじみ野」駅 徒歩29～33分</li>
saitama,kamifukuoka,アルビス鶴瀬,103500,,,,,,,富士見市鶴瀬西2-7,6号棟,鉄筋コンクリート造,2,N,207号室,1LDK,53,8,97700,5800,2か月,"['近居割', '近居割WIDE']",随時,https://www.ur-net.go.jp/chintai/kanto/saitama/50_3470_room.html?JKSS=000060207,<li>東武東上線「鶴瀬」駅 徒歩7～10分</li><li>東武東上線「みずほ台」駅 徒歩23～26分</li><li>東武東上線「ふじみ野」駅 徒歩29～33分</li>
saitama,kamifukuoka,アルビス鶴瀬,108800,東武東上線「鶴瀬」駅,7.0,10.0,,,,富士見市鶴瀬西2-7,6号棟,鉄筋コンクリート造,3,N,303号室,2DK,57,8,103000,5800,2か月,"['近居割', '近居割WIDE']",2026年9月12日以降,https://www.ur-net.go.jp/chintai/kanto/saitama/50_3470_room.html?JKSS=000060303,<li>東武東上線「鶴瀬」駅 徒歩7～10分</li><li>東武東上線「みずほ台」駅 徒歩23～26分</li><li>東武東上線「ふじみ野」駅 徒歩29～33分</li>
saitama,kamifukuoka,アルビス鶴瀬,108800,東武東上線「みずほ台」駅,23.0,26.0,,,,富士見市鶴瀬西2-7,6号棟,鉄筋コンクリート造,3,N,303号室,2DK,57,8,103000,5800,2か月,"['近居割', '近居割WIDE']",2026年9月12日以降,https://www.ur-net.go.jp/chintai/kanto/saitama/50_3470_room.html?JKSS=000060303,<li>東武東上線「鶴瀬」駅 徒歩7～10分</li><li>東武東上線「みずほ台」駅 徒歩23～26分</li><li>東武東上線「ふじみ野」駅 徒歩29～33分</li>
saitama,kamifukuoka,アルビス鶴瀬,108800,東武東上線「ふじみ野」駅,29.0,33.0,,,,富士見市鶴瀬西2-7,6号棟,鉄筋コンクリート造,3,N,303号室,2DK,57,8,103000,5800,2か月,"['近居割', '近居割WIDE']",2026年9月12日以降,https://www.ur-net.go.jp/chintai/kanto/saitama/50_3470_room.html?JKSS=000060303,<li>東武東上線「鶴瀬」駅 徒歩7～10分</li><li>東武東上線「みずほ台」駅 徒歩23～26分</li><li>東武東上線「ふじみ野」駅 徒歩29～33分</li>
saitama,kamifukuoka,アルビス鶴瀬,108800,,,,,,,富士見市鶴瀬西2-7,6号棟,鉄筋コンクリート造,3,N,303号室,2DK,57,8,103000,5800,2か月,"['近居割', '近居割WIDE']",2026年9月12日以降,https://www.ur-net.go.jp/chintai/kanto/saitama/50_3470_room.html?JKSS=000060303,<li>東武東上線「鶴瀬」駅 徒歩7～10分</li><li>東武東上線「みずほ台」駅 徒歩23～26分</li><li>東武東上線「ふじみ野」駅 徒歩29～33分</li>
saitama,wakaba,北坂戸,48700,東武東上線「北坂戸」駅,2.0,11.0,,,,坂戸市溝端町1ほか,9-9号棟,鉄筋コンクリート造、鉄骨鉄筋コンクリート造,5,N,501号室,3K,45,5,45200,3500,2か月,"['近居割', '近居割WIDE']",随時,https://www.ur-net.go.jp/chintai/kanto/saitama/50_1590_room.html?JKSS=009090501,<li>東武東上線「北坂戸」駅 徒歩2～11分</li><li>東武東上線「坂戸」駅 徒歩23～34分</li><li>東武東上線「若葉」駅 徒歩41～49分</li><li>東武東上線「高坂」駅 徒歩47～52分</li>
saitama,wakaba,北坂戸,48700,東武東上線「坂戸」駅,23.0,34.0,,,,坂戸市溝端町1ほか,9-9号棟,鉄筋コンクリート造、鉄骨鉄筋コンクリート造,5,N,501号室,3K,45,5,45200,3500,2か月,"['近居割', '近居割WIDE']",随時,https://www.ur-net.go.jp/chintai/kanto/saitama/50_1590_room.html?JKSS=009090501,<li>東武東上線「北坂戸」駅 徒歩2～11分</li><li>東武東上線「坂戸」駅 徒歩23～34分</li><li>東武東上線「若葉」駅 徒歩41～49分</li><li>東武東上線「高坂」駅 徒歩47～52分</li>
saitama,wakaba,北坂戸,48700,東武東上線「若葉」駅,41.0,49.0,,,,坂戸市溝端町1ほか,9-9号棟,鉄筋コンクリート造、鉄骨鉄筋コンクリート造,5,N,501号室,3K,45,5,45200,3500,2か月,"['近居割', '近居割WIDE']",随時,https://www.ur-net.go.jp/chintai/kanto/saitama/50_1590_room.html?JKSS=009090501,<li>東武東上線「北坂戸」駅 徒歩2～11分</li><li>東武東上線「坂戸」駅 徒歩23～34分</li><li>東武東上線「若葉」駅 徒歩41～49分</li><li>東武東上線「高坂」駅 徒歩47～52分</li>
saitama,wakaba,北坂戸,48700,東武東上線「高坂」駅,47.0,52.0,,,,坂戸市溝端町1ほか,9-9号棟,鉄筋コンクリート造、鉄骨鉄筋コンクリート造,5,N,501号室,3K,45,5,45200,3500,2か月,"['近居割', '近居割WIDE']",随時,https://www.ur-net.go.jp/chintai/kanto/saitama/50_1590_room.html?JKSS=009090501,<li>東武東上線「北坂戸」駅 徒歩2～11分</li><li>東武東上線「坂戸」駅 徒歩23～34分</li><li>東武東上線「若葉」駅 徒歩41～49分</li><li>東武東上線「高坂」駅 徒歩47～52分</li>
saitama,wakaba,北坂戸,48700,,,,,,,坂戸市溝端町1ほか,9-9号棟,鉄筋コンクリート造、鉄骨鉄筋コンクリート造,5,N,501号室,3K,45,5,45200,3500,2か月,"['近居割', '近居割WIDE']",随時,https://www.ur-net.go.jp/chintai/kanto/saitama/50_1590_room.html?JKSS=009090501,<li>東武東上線「北坂戸」駅 徒歩2～11分</li><li>東武東上線「坂戸」駅 徒歩23～34分</li><li>東武東上線「若葉」駅 徒歩41～49分</li><li>東武東上線「高坂」駅 徒歩47～52分</li>
saitama,wakaba,北坂戸,51000,東武東上線「北坂戸」駅,2.0,11.0,,,,坂戸市溝端町1ほか,9-10号棟,鉄筋コンクリート造、鉄骨鉄筋コンクリート造,5,N,501号室,3K,45,5,47500,3500,2か月,"['近居割', '近居割WIDE']",随時,https://www.ur-net.go.jp/chintai/kanto/saitama/50_1590_room.html?JKSS=009100501,<li>東武東上線「北坂戸」駅 徒歩2～11分</li><li>東武東上線「坂戸」駅 徒歩23～34分</li><li>東武東上線「若葉」駅 徒歩41～49分</li><li>東武東上線「高坂」駅 徒歩47～52分</li>
saitama,wakaba,北坂戸,51000,東武東上線「坂戸」駅,23.0,34.0,,,,坂戸市溝端町1ほか,9-10号棟,鉄筋コンクリート造、鉄骨鉄筋コンクリート造,5,N,501号室,3K,45,5,47500,3500,2か月,"['近居割', '近居割WIDE']",随時,https://www.ur-net.go.jp/chintai/kanto/saitama/50_1590_room.html?JKSS=009100501,<li>東武東上線「北坂戸」駅 徒歩2～11分</li><li>東武東上線「坂戸」駅 徒歩23～34分</li><li>東武東上線「若葉」駅 徒歩41～49分</li><li>東武東上線「高坂」駅 徒歩47～52分</li>
saitama,wakaba,北坂戸,51000,東武東上線「若葉」駅,41.0,49.0,,,,坂戸市溝端町1ほか,9-10号棟,鉄筋コンクリート造、鉄骨鉄筋コンクリート造,5,N,501号室,3K,45,5,47500,3500,2か月,"['近居割', '近居割WIDE']",随時,https://www.ur-net.go.jp/chintai/kanto/saitama/50_1590_room.html?JKSS=009100501,<li>東武東上線「北坂戸」駅 徒歩2～11分</li><li>東武東上線「坂戸」駅 徒歩23～34分</li><li>東武東上線「若葉」駅 徒歩41～49分</li><li>東武東上線「高坂」駅 徒歩47～52分</li>
saitama,wakaba,北坂戸,51000,東武東上線「高坂」駅,47.0,52.0,,,,坂戸市溝端町1ほか,9-10号棟,鉄筋コンクリート造、鉄骨鉄筋コンクリート造,5,N,501号室,3K,45,5,47500,3500,2か月,"['近居割', '近居割WIDE']",随時,https://www.ur-net.go.jp/chintai/kanto/saitama/50_1590_room.html?JKSS=009100501,<li>東武東上線「北坂戸」駅 徒歩2～11分</li><li>東武東上線「坂戸」駅 徒歩23～34分</li><li>東武東上線「若葉」駅 徒歩41～49分</li><li>東武東上線「高坂」駅 徒歩47～52分</li>
saitama,wakaba,北坂戸,51000,,,,,,,坂戸市溝端町1ほか,9-10号棟,鉄筋コンクリート造、鉄骨鉄筋コンクリート造,5,N,501号室,3K,45,5,47500,3500,2か月,"['近居割', '近居割WIDE']",随時,https://www.ur-net.go.jp/chintai/kanto/saitama/50_1590_room.html?JKSS=009100501,<li>東武東上線「北坂戸」駅 徒歩2～11分</li><li>東武東上線「坂戸」駅 徒歩23～34分</li><li>東武東上線「若葉」駅 徒歩41～49分</li><li>東武東上線「高坂」駅 徒歩47～52分</li>
saitama,wakaba,東坂戸,51500,,,,東武東上線「若葉」駅,8.0,12.0,坂戸市東坂戸1ほか,1-8号棟,鉄骨鉄筋コンクリート造,3,N,304号室,2DK,50,8,45400,6100,2か月,"['近居割', '近居割WIDE']",随時,https://www.ur-net.go.jp/chintai/kanto/saitama/50_1800_room.html?JKSS=001080304,<li>東武東上線「若葉」駅バス7～8分 徒歩1～4分</li><li>東武東上線「川越」駅バス30～32分 徒歩1～4分</li><li>東武東上線「鶴ケ島」駅 徒歩34～46分</li>
saitama,wakaba,東坂戸,51500,,,,東武東上線「川越」駅,31.0,36.0,坂戸市東坂戸1ほか,1-8号棟,鉄骨鉄筋コンクリート造,3,N,304号室,2DK,50,8,45400,6100,2か月,"['近居割', '近居割WIDE']",随時,https://www.ur-net.go.jp/chintai/kanto/saitama/50_1800_room.html?JKSS=001080304,<li>東武東上線「若葉」駅バス7～8分 徒歩1～4分</li><li>東武東上線「川越」駅バス30～32分 徒歩1～4分</li><li>東武東上線「鶴ケ島」駅 徒歩34～46分</li>
saitama,wakaba,東坂戸,51500,東武東上線「鶴ケ島」駅,34.0,46.0,,,,坂戸市東坂戸1ほか,1-8号棟,鉄骨鉄筋コンクリート造,3,N,304号室,2DK,50,8,45400,6100,2か月,"['近居割', '近居割WIDE']",随時,https://www.ur-net.go.jp/chintai/kanto/saitama/50_1800_room.html?JKSS=001080304,<li>東武東上線「若葉」駅バス7～8分 徒歩1～4分</li><li>東武東上線「川越」駅バス30～32分 徒歩1～4分</li><li>東武東上線「鶴ケ島」駅 徒歩34～46分</li>
saitama,wakaba,東坂戸,51500,,,,,,,坂戸市東坂戸1ほか,1-8号棟,鉄骨鉄筋コンクリート造,3,N,304号室,2DK,50,8,45400,6100,2か月,"['近居割', '近居割WIDE']",随時,https://www.ur-net.go.jp/chintai/kanto/saitama/50_1800_room.html?JKSS=001080304,<li>東武東上線「若葉」駅バス7～8分 徒歩1～4分</li><li>東武東上線「川越」駅バス30～32分 徒歩1～4分</li><li>東武東上線「鶴ケ島」駅 徒歩34～46分</li>
saitama,wakaba,東坂戸,51600,,,,東武東上線「若葉」駅,8.0,12.0,坂戸市東坂戸1ほか,1-6号棟,鉄骨鉄筋コンクリート造,2,N,207号室,2DK,50,8,45500,6100,2か月,"['近居割', '近居割WIDE']",随時,https://www.ur-net.go.jp/chintai/kanto/saitama/50_1800_room.html?JKSS=001060207,<li>東武東上線「若葉」駅バス7～8分 徒歩1～4分</li><li>東武東上線「川越」駅バス30～32分 徒歩1～4分</li><li>東武東上線「鶴ケ島」駅 徒歩34～46分</li>
saitama,wakaba,東坂戸,51600,,,,東武東上線「川越」駅,31.0,36.0,坂戸市東坂戸1ほか,1-6号棟,鉄骨鉄筋コンクリート造,2,N,207号室,2DK,50,8,45500,6100,2か月,"['近居割', '近居割WIDE']",随時,https://www.ur-net.go.jp/chintai/kanto/saitama/50_1800_room.html?JKSS=001060207,<li>東武東上線「若葉」駅バス7～8分 徒歩1～4分</li><li>東武東上線「川越」駅バス30～32分 徒歩1～4分</li><li>東武東上線「鶴ケ島」駅 徒歩34～46分</li>
saitama,wakaba,東坂戸,51600,東武東上線「鶴ケ島」駅,34.0,46.0,,,,坂戸市東坂戸1ほか,1-6号棟,鉄骨鉄筋コンクリート造,2,N,207号室,2DK,50,8,45500,6100,2か月,"['近居割', '近居割WIDE']",随時,https://www.ur-net.go.jp/chintai/kanto/saitama/50_1800_room.html?JKSS=001060207,<li>東武東上線「若葉」駅バス7～8分 徒歩1～4分</li><li>東武東上線「川越」駅バス30～32分 徒歩1～4分</li><li>東武東上線「鶴ケ島」駅 徒歩34～46分</li>
saitama,wakaba,東坂戸,51600,,,,,,,坂戸市東坂戸1ほか,1-6号棟,鉄骨鉄筋コンクリート造,2,N,207号室,2DK,50,8,45500,6100,2か月,"['近居割', '近居割WIDE']",随時,https://www.ur-net.go.jp/chintai/kanto/saitama/50_1800_room.html?JKSS=001060207,<li>東武東上線「若葉」駅バス7～8分 徒歩1～4分</li><li>東武東上線「川越」駅バス30～32分 徒歩1～4分</li><li>東武東上線「鶴ケ島」駅 徒歩34～46分</li>
saitama,wakaba,東坂戸,52400,,,,東武東上線「若葉」駅,8.0,12.0,坂戸市東坂戸1ほか,1-20号棟,鉄骨鉄筋コンクリート造,2,N,203号室,2DK,50,8,46300,6100,2か月,"['近居割', '近居割WIDE']",随時,https://www.ur-net.go.jp/chintai/kanto/saitama/50_1800_room.html?JKSS=001200203,<li>東武東上線「若葉」駅バス7～8分 徒歩1～4分</li><li>東武東上線「川越」駅バス30～32分 徒歩1～4分</li><li>東武東上線「鶴ケ島」駅 徒歩34～46分</li>
saitama,wakaba,東坂戸,52400,,,,東武東上線「川越」駅,31.0,36.0,坂戸市東坂戸1ほか,1-20号棟,鉄骨鉄筋コンクリート造,2,N,203号室,2DK,50,8,46300,6100,2か月,"['近居割', '近居割WIDE']",随時,https://www.ur-net.go.jp/chintai/kanto/saitama/50_1800_room.html?JKSS=001200203,<li>東武東上線「若葉」駅バス7～8分 徒歩1～4分</li><li>東武東上線「川越」駅バス30～32分 徒歩1～4分</li><li>東武東上線「鶴ケ島」駅 徒歩34～46分</li>
saitama,wakaba,東坂戸,52400,東武東上線「鶴ケ島」駅,34.0,46.0,,,,坂戸市東坂戸1ほか,1-20号棟,鉄骨鉄筋コンクリート造,2,N,203号室,2DK,50,8,46300,6100,2か月,"['近居割', '近居割WIDE']",随時,https://www.ur-net.go.jp/chintai/kanto/saitama/50_1800_room.html?JKSS=001200203,<li>東武東上線「若葉」駅バス7～8分 徒歩1～4分</li><li>東武東上線「川越」駅バス30～32分 徒歩1～4分</li><li>東武東上線「鶴ケ島」駅 徒歩34～46分</li>
saitama,wakaba,東坂戸,52400,,,,,,,坂戸市東坂戸1ほか,1-20号棟,鉄骨鉄筋コンクリート造,2,N,203号室,2DK,50,8,46300,6100,2か月,"['近居割', '近居割WIDE']",随時,https://www.ur-net.go.jp/chintai/kanto/saitama/50_1800_room.html?JKSS=001200203,<li>東武東上線「若葉」駅バス7～8分 徒歩1～4分</li><li>東武東上線「川越」駅バス30～32分 徒歩1～4分</li><li>東武東上線「鶴ケ島」駅 徒歩34～46分</li>
saitama,wakaba,東坂戸,52600,,,,東武東上線「若葉」駅,8.0,12.0,坂戸市東坂戸1ほか,1-20号棟,鉄骨鉄筋コンクリート造,2,N,201号室,2DK,50,8,46500,6100,2か月,"['近居割', '近居割WIDE']",随時,https://www.ur-net.go.jp/chintai/kanto/saitama/50_1800_room.html?JKSS=001200201,<li>東武東上線「若葉」駅バス7～8分 徒歩1～4分</li><li>東武東上線「川越」駅バス30～32分 徒歩1～4分</li><li>東武東上線「鶴ケ島」駅 徒歩34～46分</li>
saitama,wakaba,東坂戸,52600,,,,東武東上線「川越」駅,31.0,36.0,坂戸市東坂戸1ほか,1-20号棟,鉄骨鉄筋コンクリート造,2,N,201号室,2DK,50,8,46500,6100,2か月,"['近居割', '近居割WIDE']",随時,https://www.ur-net.go.jp/chintai/kanto/saitama/50_1800_room.html?JKSS=001200201,<li>東武東上線「若葉」駅バス7～8分 徒歩1～4分</li><li>東武東上線「川越」駅バス30～32分 徒歩1～4分</li><li>東武東上線「鶴ケ島」駅 徒歩34～46分</li>
saitama,wakaba,東坂戸,52600,東武東上線「鶴ケ島」駅,34.0,46.0,,,,坂戸市東坂戸1ほか,1-20号棟,鉄骨鉄筋コンクリート造,2,N,201号室,2DK,50,8,46500,6100,2か月,"['近居割', '近居割WIDE']",随時,https://www.ur-net.go.jp/chintai/kanto/saitama/50_1800_room.html?JKSS=001200201,<li>東武東上線「若葉」駅バス7～8分 徒歩1～4分</li><li>東武東上線「川越」駅バス30～32分 徒歩1～4分</li><li>東武東上線「鶴ケ島」駅 徒歩34～46分</li>
saitama,wakaba,東坂戸,52600,,,,,,,坂戸市東坂戸1ほか,1-20号棟,鉄骨鉄筋コンクリート造,2,N,201号室,2DK,50,8,46500,6100,2か月,"['近居割', '近居割WIDE']",随時,https://www.ur-net.go.jp/chintai/kanto/saitama/50_1800_room.html?JKSS=001200201,<li>東武東上線「若葉」駅バス7～8分 徒歩1～4分</li><li>東武東上線「川越」駅バス30～32分 徒歩1～4分</li><li>東武東上線「鶴ケ島」駅 徒歩34～46分</li>
saitama,wakaba,東坂戸,52600,,,,東武東上線「若葉」駅,8.0,12.0,坂戸市東坂戸1ほか,1-20号棟,鉄骨鉄筋コンクリート造,2,N,205号室,2DK,50,8,46500,6100,2か月,"['近居割', '近居割WIDE']",随時,https://www.ur-net.go.jp/chintai/kanto/saitama/50_1800_room.html?JKSS=001200205,<li>東武東上線「若葉」駅バス7～8分 徒歩1～4分</li><li>東武東上線「川越」駅バス30～32分 徒歩1～4分</li><li>東武東上線「鶴ケ島」駅 徒歩34～46分</li>
saitama,wakaba,東坂戸,52600,,,,東武東上線「川越」駅,31.0,36.0,坂戸市東坂戸1ほか,1-20号棟,鉄骨鉄筋コンクリート造,2,N,205号室,2DK,50,8,46500,6100,2か月,"['近居割', '近居割WIDE']",随時,https://www.ur-net.go.jp/chintai/kanto/saitama/50_1800_room.html?JKSS=001200205,<li>東武東上線「若葉」駅バス7～8分 徒歩1～4分</li><li>東武東上線「川越」駅バス30～32分 徒歩1～4分</li><li>東武東上線「鶴ケ島」駅 徒歩34～46分</li>
saitama,wakaba,東坂戸,52600,東武東上線「鶴ケ島」駅,34.0,46.0,,,,坂戸市東坂戸1ほか,1-20号棟,鉄骨鉄筋コンクリート造,2,N,205号室,2DK,50,8,46500,6100,2か月,"['近居割', '近居割WIDE']",随時,https://www.ur-net.go.jp/chintai/kanto/saitama/50_1800_room.html?JKSS=001200205,<li>東武東上線「若葉」駅バス7～8分 徒歩1～4分</li><li>東武東上線「川越」駅バス30～32分 徒歩1～4分</li><li>東武東上線「鶴ケ島」駅 徒歩34～46分</li>
saitama,wakaba,東坂戸,52600,,,,,,,坂戸市東坂戸1ほか,1-20号棟,鉄骨鉄筋コンクリート造,2,N,205号室,2DK,50,8,46500,6100,2か月,"['近居割', '近居割WIDE']",随時,https://www.ur-net.go.jp/chintai/kanto/saitama/50_1800_room.html?JKSS=001200205,<li>東武東上線「若葉」駅バス7～8分 徒歩1～4分</li><li>東武東上線「川越」駅バス30～32分 徒歩1～4分</li><li>東武東上線「鶴ケ島」駅 徒歩34～46分</li>
saitama,wakaba,かわつるグリーンタウン　松ヶ丘,70800,東武東上線「鶴ケ島」駅,19.0,23.0,東武東上線「鶴ケ島」駅,4.0,7.0,鶴ヶ島市松ヶ丘4-1,3号棟,鉄筋コンクリート造,5,N,502号室,3DK,63,5,67800,3000,2か月,['フリレ2か月'],随時,https://www.ur-net.go.jp/chintai/kanto/saitama/50_2360_room.html?JKSS=000030502,<li>東武東上線「鶴ケ島」駅バス3分 徒歩1～4分</li><li>東武東上線「鶴ケ島」駅 徒歩19～23分</li><li>JR川越線「笠幡」駅バス18分 徒歩8～12分</li>
saitama,wakaba,かわつるグリーンタウン　松ヶ丘,70800,,,,JR川越線「笠幡」駅,26.0,30.0,鶴ヶ島市松ヶ丘4-1,3号棟,鉄筋コンクリート造,5,N,502号室,3DK,63,5,67800,3000,2か月,['フリレ2か月'],随時,https://www.ur-net.go.jp/chintai/kanto/saitama/50_2360_room.html?JKSS=000030502,<li>東武東上線「鶴ケ島」駅バス3分 徒歩1～4分</li><li>東武東上線「鶴ケ島」駅 徒歩19～23分</li><li>JR川越線「笠幡」駅バス18分 徒歩8～12分</li>
saitama,wakaba,かわつるグリーンタウン　松ヶ丘,70800,,,,,,,鶴ヶ島市松ヶ丘4-1,3号棟,鉄筋コンクリート造,5,N,502号室,3DK,63,5,67800,3000,2か月,['フリレ2か月'],随時,https://www.ur-net.go.jp/chintai/kanto/saitama/50_2360_room.html?JKSS=000030502,<li>東武東上線「鶴ケ島」駅バス3分 徒歩1～4分</li><li>東武東上線「鶴ケ島」駅 徒歩19～23分</li><li>JR川越線「笠幡」駅バス18分 徒歩8～12分</li>
saitama,wakaba,かわつるグリーンタウン　松ヶ丘,74100,東武東上線「鶴ケ島」駅,19.0,23.0,東武東上線「鶴ケ島」駅,4.0,7.0,鶴ヶ島市松ヶ丘4-1,10号棟,鉄筋コンクリート造,4,N,403号室,3LDK,70,5,71100,3000,2か月,"['近居割', '近居割WIDE']",随時,https://www.ur-net.go.jp/chintai/kanto/saitama/50_2360_room.html?JKSS=000100403,<li>東武東上線「鶴ケ島」駅バス3分 徒歩1～4分</li><li>東武東上線「鶴ケ島」駅 徒歩19～23分</li><li>JR川越線「笠幡」駅バス18分 徒歩8～12分</li>
saitama,wakaba,かわつるグリーンタウン　松ヶ丘,74100,,,,JR川越線「笠幡」駅,26.0,30.0,鶴ヶ島市松ヶ丘4-1,10号棟,鉄筋コンクリート造,4,N,403号室,3LDK,70,5,71100,3000,2か月,"['近居割', '近居割WIDE']",随時,https://www.ur-net.go.jp/chintai/kanto/saitama/50_2360_room.html?JKSS=000100403,<li>東武東上線「鶴ケ島」駅バス3分 徒歩1～4分</li><li>東武東上線「鶴ケ島」駅 徒歩19～23分</li><li>JR川越線「笠幡」駅バス18分 徒歩8～12分</li>
saitama,wakaba,かわつるグリーンタウン　松ヶ丘,74100,,,,,,,鶴ヶ島市松ヶ丘4-1,10号棟,鉄筋コンクリート造,4,N,403号室,3LDK,70,5,71100,3000,2か月,"['近居割', '近居割WIDE']",随時,https://www.ur-net.go.jp/chintai/kanto/saitama/50_2360_room.html?JKSS=000100403,<li>東武東上線「鶴ケ島」駅バス3分 徒歩1～4分</li><li>東武東上線「鶴ケ島」駅 徒歩19～23分</li><li>JR川越線「笠幡」駅バス18分 徒歩8～12分</li>
saitama,wakaba,かわつるグリーンタウン　新鶴,72020,,,,東武東上線「鶴ケ島」駅,5.0,13.0,鶴ヶ島市南町2-1,1号棟,鉄筋コンクリート造,5,N,501号室,3LDK,77,5,69300,2720,2か月,"['近居割', '近居割WIDE']",随時,https://www.ur-net.go.jp/chintai/kanto/saitama/50_2100_room.html?JKSS=000010501,<li>東武東上線「鶴ケ島」駅バス4～9分 徒歩1～4分</li><li>JR川越線「笠幡」駅 徒歩27～30分</li><li>JR川越線「的場」駅 徒歩39～42分</li>
saitama,wakaba,かわつるグリーンタウン　新鶴,72020,JR川越線「笠幡」駅,27.0,30.0,,,,鶴ヶ島市南町2-1,1号棟,鉄筋コンクリート造,5,N,501号室,3LDK,77,5,69300,2720,2か月,"['近居割', '近居割WIDE']",随時,https://www.ur-net.go.jp/chintai/kanto/saitama/50_2100_room.html?JKSS=000010501,<li>東武東上線「鶴ケ島」駅バス4～9分 徒歩1～4分</li><li>JR川越線「笠幡」駅 徒歩27～30分</li><li>JR川越線「的場」駅 徒歩39～42分</li>
saitama,wakaba,かわつるグリーンタウン　新鶴,72020,JR川越線「的場」駅,39.0,42.0,,,,鶴ヶ島市南町2-1,1号棟,鉄筋コンクリート造,5,N,501号室,3LDK,77,5,69300,2720,2か月,"['近居割', '近居割WIDE']",随時,https://www.ur-net.go.jp/chintai/kanto/saitama/50_2100_room.html?JKSS=000010501,<li>東武東上線「鶴ケ島」駅バス4～9分 徒歩1～4分</li><li>JR川越線「笠幡」駅 徒歩27～30分</li><li>JR川越線「的場」駅 徒歩39～42分</li>
saitama,wakaba,かわつるグリーンタウン　新鶴,72020,,,,,,,鶴ヶ島市南町2-1,1号棟,鉄筋コンクリート造,5,N,501号室,3LDK,77,5,69300,2720,2か月,"['近居割', '近居割WIDE']",随時,https://www.ur-net.go.jp/chintai/kanto/saitama/50_2100_room.html?JKSS=000010501,<li>東武東上線「鶴ケ島」駅バス4～9分 徒歩1～4分</li><li>JR川越線「笠幡」駅 徒歩27～30分</li><li>JR川越線「的場」駅 徒歩39～42分</li>
saitama,wakaba,かわつるグリーンタウン　新鶴,86520,,,,東武東上線「鶴ケ島」駅,5.0,13.0,鶴ヶ島市南町2-1,10号棟,鉄筋コンクリート造,4,N,401号室,4LDK,99,5,83800,2720,2か月,"['近居割', '近居割WIDE']",随時,https://www.ur-net.go.jp/chintai/kanto/saitama/50_2100_room.html?JKSS=000100401,<li>東武東上線「鶴ケ島」駅バス4～9分 徒歩1～4分</li><li>JR川越線「笠幡」駅 徒歩27～30分</li><li>JR川越線「的場」駅 徒歩39～42分</li>
saitama,wakaba,かわつるグリーンタウン　新鶴,86520,JR川越線「笠幡」駅,27.0,30.0,,,,鶴ヶ島市南町2-1,10号棟,鉄筋コンクリート造,4,N,401号室,4LDK,99,5,83800,2720,2か月,"['近居割', '近居割WIDE']",随時,https://www.ur-net.go.jp/chintai/kanto/saitama/50_2100_room.html?JKSS=000100401,<li>東武東上線「鶴ケ島」駅バス4～9分 徒歩1～4分</li><li>JR川越線「笠幡」駅 徒歩27～30分</li><li>JR川越線「的場」駅 徒歩39～42分</li>
saitama,wakaba,かわつるグリーンタウン　新鶴,86520,JR川越線「的場」駅,39.0,42.0,,,,鶴ヶ島市南町2-1,10号棟,鉄筋コンクリート造,4,N,401号室,4LDK,99,5,83800,2720,2か月,"['近居割', '近居割WIDE']",随時,https://www.ur-net.go.jp/chintai/kanto/saitama/50_2100_room.html?JKSS=000100401,<li>東武東上線「鶴ケ島」駅バス4～9分 徒歩1～4分</li><li>JR川越線「笠幡」駅 徒歩27～30分</li><li>JR川越線「的場」駅 徒歩39～42分</li>
saitama,wakaba,かわつるグリーンタウン　新鶴,86520,,,,,,,鶴ヶ島市南町2-1,10号棟,鉄筋コンクリート造,4,N,401号室,4LDK,99,5,83800,2720,2か月,"['近居割', '近居割WIDE']",随時,https://www.ur-net.go.jp/chintai/kanto/saitama/50_2100_room.html?JKSS=000100401,<li>東武東上線「鶴ケ島」駅バス4～9分 徒歩1～4分</li><li>JR川越線「笠幡」駅 徒歩27～30分</li><li>JR川越線「的場」駅 徒歩39～42分</li>
saitama,wakaba,かわつるグリーンタウン　松ヶ丘第二,98100,東武東上線「鶴ケ島」駅,25.0,26.0,東武東上線「鶴ケ島」駅,6.0,6.0,鶴ヶ島市松ヶ丘4-3,1号棟,鉄筋コンクリート造,2,N,205号室,2LDK,70,5,90500,7600,2か月,"['近居割', '近居割WIDE']",随時,https://www.ur-net.go.jp/chintai/kanto/saitama/50_3900_room.html?JKSS=000010205,<li>東武東上線「鶴ケ島」駅バス3分 徒歩3分</li><li>東武東上線「鶴ケ島」駅 徒歩25～26分</li><li>JR川越線「笠幡」駅バス18分 徒歩9分</li>
saitama,wakaba,かわつるグリーンタウン　松ヶ丘第二,98100,,,,JR川越線「笠幡」駅,27.0,27.0,鶴ヶ島市松ヶ丘4-3,1号棟,鉄筋コンクリート造,2,N,205号室,2LDK,70,5,90500,7600,2か月,"['近居割', '近居割WIDE']",随時,https://www.ur-net.go.jp/chintai/kanto/saitama/50_3900_room.html?JKSS=000010205,<li>東武東上線「鶴ケ島」駅バス3分 徒歩3分</li><li>東武東上線「鶴ケ島」駅 徒歩25～26分</li><li>JR川越線「笠幡」駅バス18分 徒歩9分</li>
saitama,wakaba,かわつるグリーンタウン　松ヶ丘第二,98100,,,,,,,鶴ヶ島市松ヶ丘4-3,1号棟,鉄筋コンクリート造,2,N,205号室,2LDK,70,5,90500,7600,2か月,"['近居割', '近居割WIDE']",随時,https://www.ur-net.go.jp/chintai/kanto/saitama/50_3900_room.html?JKSS=000010205,<li>東武東上線「鶴ケ島」駅バス3分 徒歩3分</li><li>東武東上線「鶴ケ島」駅 徒歩25～26分</li><li>JR川越線「笠幡」駅バス18分 徒歩9分</li>
saitama,wakaba,かわつるグリーンタウン　松ヶ丘第二,101600,東武東上線「鶴ケ島」駅,25.0,26.0,東武東上線「鶴ケ島」駅,6.0,6.0,鶴ヶ島市松ヶ丘4-3,1号棟,鉄筋コンクリート造,5,N,505号室,2LDK,70,5,94000,7600,2か月,"['近居割', '近居割WIDE']",随時,https://www.ur-net.go.jp/chintai/kanto/saitama/50_3900_room.html?JKSS=000010505,<li>東武東上線「鶴ケ島」駅バス3分 徒歩3分</li><li>東武東上線「鶴ケ島」駅 徒歩25～26分</li><li>JR川越線「笠幡」駅バス18分 徒歩9分</li>
saitama,wakaba,かわつるグリーンタウン　松ヶ丘第二,101600,,,,JR川越線「笠幡」駅,27.0,27.0,鶴ヶ島市松ヶ丘4-3,1号棟,鉄筋コンクリート造,5,N,505号室,2LDK,70,5,94000,7600,2か月,"['近居割', '近居割WIDE']",随時,https://www.ur-net.go.jp/chintai/kanto/saitama/50_3900_room.html?JKSS=000010505,<li>東武東上線「鶴ケ島」駅バス3分 徒歩3分</li><li>東武東上線「鶴ケ島」駅 徒歩25～26分</li><li>JR川越線「笠幡」駅バス18分 徒歩9分</li>
saitama,wakaba,かわつるグリーンタウン　松ヶ丘第二,101600,,,,,,,鶴ヶ島市松ヶ丘4-3,1号棟,鉄筋コンクリート造,5,N,505号室,2LDK,70,5,94000,7600,2か月,"['近居割', '近居割WIDE']",随時,https://www.ur-net.go.jp/chintai/kanto/saitama/50_3900_room.html?JKSS=000010505,<li>東武東上線「鶴ケ島」駅バス3分 徒歩3分</li><li>東武東上線「鶴ケ島」駅 徒歩25～26分</li><li>JR川越線「笠幡」駅バス18分 徒歩9分</li>
saitama,kawagoe,狭山台,57000,,,,西武新宿線「狭山市」駅,7.0,14.0,狭山市狭山台1-31ほか,3-1号棟,鉄筋コンクリート造、鉄骨鉄筋コンクリート造,2,N,202号室,2DK,43,8,53500,3500,2か月,['健康寿命サポート'],随時,https://www.ur-net.go.jp/chintai/kanto/saitama/50_1670_room.html?JKSS=003010202,<li>西武新宿線「狭山市」駅バス6～10分 徒歩1～4分</li><li>西武新宿線「新狭山」駅 徒歩22～33分</li><li>西武新宿線「入曽」駅 徒歩41～53分</li>
saitama,kawagoe,狭山台,57000,西武新宿線「新狭山」駅,22.0,33.0,,,,狭山市狭山台1-31ほか,3-1号棟,鉄筋コンクリート造、鉄骨鉄筋コンクリート造,2,N,202号室,2DK,43,8,53500,3500,2か月,['健康寿命サポート'],随時,https://www.ur-net.go.jp/chintai/kanto/saitama/50_1670_room.html?JKSS=003010202,<li>西武新宿線「狭山市」駅バス6～10分 徒歩1～4分</li><li>西武新宿線「新狭山」駅 徒歩22～33分</li><li>西武新宿線「入曽」駅 徒歩41～53分</li>
saitama,kawagoe,狭山台,57000,西武新宿線「入曽」駅,41.0,53.0,,,,狭山市狭山台1-31ほか,3-1号棟,鉄筋コンクリート造、鉄骨鉄筋コンクリート造,2,N,202号室,2DK,43,8,53500,3500,2か月,['健康寿命サポート'],随時,https://www.ur-net.go.jp/chintai/kanto/saitama/50_1670_room.html?JKSS=003010202,<li>西武新宿線「狭山市」駅バス6～10分 徒歩1～4分</li><li>西武新宿線「新狭山」駅 徒歩22～33分</li><li>西武新宿線「入曽」駅 徒歩41～53分</li>
saitama,kawagoe,狭山台,57000,,,,,,,狭山市狭山台1-31ほか,3-1号棟,鉄筋コンクリート造、鉄骨鉄筋コンクリート造,2,N,202号室,2DK,43,8,53500,3500,2か月,['健康寿命サポート'],随時,https://www.ur-net.go.jp/chintai/kanto/saitama/50_1670_room.html?JKSS=003010202,<li>西武新宿線「狭山市」駅バス6～10分 徒歩1～4分</li><li>西武新宿線「新狭山」駅 徒歩22～33分</li><li>西武新宿線「入曽」駅 徒歩41～53分</li>
saitama,tokorozawa,入間黒須,57600,西武池袋線「入間市」駅,7.0,7.0,,,,入間市黒須1-12,1号棟,鉄骨鉄筋コンクリート造,7,N,701号室,2DK,45,8,53300,4300,2か月,['近居割'],随時,https://www.ur-net.go.jp/chintai/kanto/saitama/50_1570_room.html?JKSS=000001701,<li>西武池袋線「入間市」駅 徒歩7分</li>
saitama,tokorozawa,入間黒須,57600,,,,,,,入間市黒須1-12,1号棟,鉄骨鉄筋コンクリート造,7,N,701号室,2DK,45,8,53300,4300,2か月,['近居割'],随時,https://www.ur-net.go.jp/chintai/kanto/saitama/50_1570_room.html?JKSS=000001701,<li>西武池袋線「入間市」駅 徒歩7分</li>
saitama,tokorozawa,入間駅前プラザ,93800,西武池袋線「入間市」駅,3.0,5.0,,,,入間市向陽台1-1-17,15号棟,鉄筋コンクリート造,1,N,103号室,3DK,61,8,89100,4700,2か月,['近居割'],随時,https://www.ur-net.go.jp/chintai/kanto/saitama/50_2390_room.html?JKSS=000150103,<li>西武池袋線「入間市」駅 徒歩3～5分</li><li>西武池袋線「稲荷山公園」駅 徒歩12～14分</li><li>西武新宿線「狭山市」駅 徒歩38～47分</li>
saitama,tokorozawa,入間駅前プラザ,93800,西武池袋線「稲荷山公園」駅,12.0,14.0,,,,入間市向陽台1-1-17,15号棟,鉄筋コンクリート造,1,N,103号室,3DK,61,8,89100,4700,2か月,['近居割'],随時,https://www.ur-net.go.jp/chintai/kanto/saitama/50_2390_room.html?JKSS=000150103,<li>西武池袋線「入間市」駅 徒歩3～5分</li><li>西武池袋線「稲荷山公園」駅 徒歩12～14分</li><li>西武新宿線「狭山市」駅 徒歩38～47分</li>
saitama,tokorozawa,入間駅前プラザ,93800,西武新宿線「狭山市」駅,38.0,47.0,,,,入間市向陽台1-1-17,15号棟,鉄筋コンクリート造,1,N,103号室,3DK,61,8,89100,4700,2か月,['近居割'],随時,https://www.ur-net.go.jp/chintai/kanto/saitama/50_2390_room.html?JKSS=000150103,<li>西武池袋線「入間市」駅 徒歩3～5分</li><li>西武池袋線「稲荷山公園」駅 徒歩12～14分</li><li>西武新宿線「狭山市」駅 徒歩38～47分</li>
saitama,tokorozawa,入間駅前プラザ,93800,,,,,,,入間市向陽台1-1-17,15号棟,鉄筋コンクリート造,1,N,103号室,3DK,61,8,89100,4700,2か月,['近居割'],随時,https://www.ur-net.go.jp/chintai/kanto/saitama/50_2390_room.html?JKSS=000150103,<li>西武池袋線「入間市」駅 徒歩3～5分</li><li>西武池袋線「稲荷山公園」駅 徒歩12～14分</li><li>西武新宿線「狭山市」駅 徒歩38～47分</li>
saitama,shiki,新座,79300,東武東上線「柳瀬川」駅,15.0,22.0,,,,新座市新座3,4-3号棟,鉄筋コンクリート造,4,N,406号室,2LDK,52,5,76100,3200,2か月,"['近居割', '近居割WIDE']",随時,https://www.ur-net.go.jp/chintai/kanto/saitama/50_1310_room.html?JKSS=000403406,<li>東武東上線「柳瀬川」駅 徒歩15～22分</li><li>東武東上線「志木」駅バス11分 徒歩1～6分</li><li>JR武蔵野線「新座」駅 徒歩28～36分</li>
saitama,shiki,新座,79300,,,,東武東上線「志木」駅,12.0,17.0,新座市新座3,4-3号棟,鉄筋コンクリート造,4,N,406号室,2LDK,52,5,76100,3200,2か月,"['近居割', '近居割WIDE']",随時,https://www.ur-net.go.jp/chintai/kanto/saitama/50_1310_room.html?JKSS=000403406,<li>東武東上線「柳瀬川」駅 徒歩15～22分</li><li>東武東上線「志木」駅バス11分 徒歩1～6分</li><li>JR武蔵野線「新座」駅 徒歩28～36分</li>
saitama,shiki,新座,79300,JR武蔵野線「新座」駅,28.0,36.0,,,,新座市新座3,4-3号棟,鉄筋コンクリート造,4,N,406号室,2LDK,52,5,76100,3200,2か月,"['近居割', '近居割WIDE']",随時,https://www.ur-net.go.jp/chintai/kanto/saitama/50_1310_room.html?JKSS=000403406,<li>東武東上線「柳瀬川」駅 徒歩15～22分</li><li>東武東上線「志木」駅バス11分 徒歩1～6分</li><li>JR武蔵野線「新座」駅 徒歩28～36分</li>
saitama,shiki,新座,79300,,,,,,,新座市新座3,4-3号棟,鉄筋コンクリート造,4,N,406号室,2LDK,52,5,76100,3200,2か月,"['近居割', '近居割WIDE']",随時,https://www.ur-net.go.jp/chintai/kanto/saitama/50_1310_room.html?JKSS=000403406,<li>東武東上線「柳瀬川」駅 徒歩15～22分</li><li>東武東上線「志木」駅バス11分 徒歩1～6分</li><li>JR武蔵野線「新座」駅 徒歩28～36分</li>
