Todofuken,Area,Dan Chi Name,Total Fee,Nearest station by Walk,Best case by Walk (minute),Worst case by Walk (minute),Nearest station by Bus,Best case by Bus (minute),Worst case by Bus (minute),Address,Building Name,Building Structure,Floor,Elevator,Room Num,Room Type,Floor Space,Max Floor,Rent,Common Fee,Shikikin,Systems,availableDate,Room Link,Traffic
tokyo,chitosekarasuyama,笹塚駅前,197620,京王線「笹塚」駅,1.0,1.0,,,,渋谷区笹塚1-48-19,,鉄筋コンクリート造,10,N,1001号室,2LDK,62,12,192800,4820,2か月,['URライト（4年定借）'],随時,https://www.ur-net.go.jp/chintai/kanto/tokyo/20_3220_room.html?JKSS=000001001,<li>京王線「笹塚」駅 徒歩1分</li>
tokyo,chitosekarasuyama,笹塚駅前,197620,,,,,,,渋谷区笹塚1-48-19,,鉄筋コンクリート造,10,N,1001号室,2LDK,62,12,192800,4820,2か月,['URライト（4年定借）'],随時,https://www.ur-net.go.jp/chintai/kanto/tokyo/20_3220_room.html?JKSS=000001001,<li>京王線「笹塚」駅 徒歩1分</li>
tokyo,yaesu,ヴェッセル木場南,130600,東京メトロ東西線「木場」駅,14.0,19.0,,,,江東区塩浜2-18,10号棟,鉄筋コンクリート造,9,N,909号室,1LDK,51,10,126600,4000,2か月,['近居割'],随時,https://www.ur-net.go.jp/chintai/kanto/tokyo/20_5820_room.html?JKSS=000100909,<li>東京メトロ東西線「木場」駅 徒歩14～19分</li><li>JR京葉線「潮見」駅 徒歩15～20分</li><li>JR総武線・東京メトロ半蔵門線「錦糸町」駅バス19分 徒歩4～9分</li>
tokyo,yaesu,ヴェッセル木場南,130600,JR京葉線「潮見」駅,15.0,20.0,,,,江東区塩浜2-18,10号棟,鉄筋コンクリート造,9,N,909号室,1LDK,51,10,126600,4000,2か月,['近居割'],随時,https://www.ur-net.go.jp/chintai/kanto/tokyo/20_5820_room.html?JKSS=000100909,<li>東京メトロ東西線「木場」駅 徒歩14～19分</li><li>JR京葉線「潮見」駅 徒歩15～20分</li><li>JR総武線・東京メトロ半蔵門線「錦糸町」駅バス19分 徒歩4～9分</li>
tokyo,yaesu,ヴェッセル木場南,130600,,,,JR総武線・東京メトロ半蔵門線「錦糸町」駅,23.0,28.0,江東区塩浜2-18,10号棟,鉄筋コンクリート造,9,N,909号室,1LDK,51,10,126600,4000,2か月,['近居割'],随時,https://www.ur-net.go.jp/chintai/kanto/tokyo/20_5820_room.html?JKSS=000100909,<li>東京メトロ東西線「木場」駅 徒歩14～19分</li><li>JR京葉線「潮見」駅 徒歩15～20分</li><li>JR総武線・東京メトロ半蔵門線「錦糸町」駅バス19分 徒歩4～9分</li>
tokyo,yaesu,ヴェッセル木場南,130600,,,,,,,江東区塩浜2-18,10号棟,鉄筋コンクリート造,9,N,909号室,1LDK,51,10,126600,4000,2か月,['近居割'],随時,https://www.ur-net.go.jp/chintai/kanto/tokyo/20_5820_room.html?JKSS=000100909,<li>東京メトロ東西線「木場」駅 徒歩14～19分</li><li>JR京葉線「潮見」駅 徒歩15～20分</li><li>JR総武線・東京メトロ半蔵門線「錦糸町」駅バス19分 徒歩4～9分</li>
tokyo,oji,ハートアイランド新田三番街,115800,,,,JR京浜東北・根岸線「王子」駅,13.0,14.0,足立区新田3-35,22号棟,鉄筋コンクリート造,8,N,804号室,1K,47,11,108000,7800,2か月,"['近居割', '近居割WIDE']",随時,https://www.ur-net.go.jp/chintai/kanto/tokyo/20_6980_room.html?JKSS=000220804,<li>JR京浜東北・根岸線「王子」駅バス12分 徒歩1～2分</li><li>東京メトロ南北線「王子神谷」駅 徒歩19～21分</li>
tokyo,oji,ハートアイランド新田三番街,115800,東京メトロ南北線「王子神谷」駅,19.0,21.0,,,,足立区新田3-35,22号棟,鉄筋コンクリート造,8,N,804号室,1K,47,11,108000,7800,2か月,"['近居割', '近居割WIDE']",随時,https://www.ur-net.go.jp/chintai/kanto/tokyo/20_6980_room.html?JKSS=000220804,<li>JR京浜東北・根岸線「王子」駅バス12分 徒歩1～2分</li><li>東京メトロ南北線「王子神谷」駅 徒歩19～21分</li>
tokyo,oji,ハートアイランド新田三番街,115800,,,,,,,足立区新田3-35,22号棟,鉄筋コンクリート造,8,N,804号室,1K,47,11,108000,7800,2か月,"['近居割', '近居割WIDE']",随時,https://www.ur-net.go.jp/chintai/kanto/tokyo/20_6980_room.html?JKSS=000220804,<li>JR京浜東北・根岸線「王子」駅バス12分 徒歩1～2分</li><li>東京メトロ南北線「王子神谷」駅 徒歩19～21分</li>
tokyo,oji,ハートアイランド新田三番街,130300,,,,JR京浜東北・根岸線「王子」駅,13.0,14.0,足立区新田3-35,21号棟,鉄筋コンクリート造,3,N,303号室,1DK,51,14,122500,7800,2か月,"['近居割', '近居割WIDE']",随時,https://www.ur-net.go.jp/chintai/kanto/tokyo/20_6980_room.html?JKSS=000210303,<li>JR京浜東北・根岸線「王子」駅バス12分 徒歩1～2分</li><li>東京メトロ南北線「王子神谷」駅 徒歩19～21分</li>
tokyo,oji,ハートアイランド新田三番街,130300,東京メトロ南北線「王子神谷」駅,19.0,21.0,,,,足立区新田3-35,21号棟,鉄筋コンクリート造,3,N,303号室,1DK,51,14,122500,7800,2か月,"['近居割', '近居割WIDE']",随時,https://www.ur-net.go.jp/chintai/kanto/tokyo/20_6980_room.html?JKSS=000210303,<li>JR京浜東北・根岸線「王子」駅バス12分 徒歩1～2分</li><li>東京メトロ南北線「王子神谷」駅 徒歩19～21分</li>
tokyo,oji,ハートアイランド新田三番街,130300,,,,,,,足立区新田3-35,21号棟,鉄筋コンクリート造,3,N,303号室,1DK,51,14,122500,7800,2か月,"['近居割', '近居割WIDE']",随時,https://www.ur-net.go.jp/chintai/kanto/tokyo/20_6980_room.html?JKSS=000210303,<li>JR京浜東北・根岸線「王子」駅バス12分 徒歩1～2分</li><li>東京メトロ南北線「王子神谷」駅 徒歩19～21分</li>
tokyo,oji,ハートアイランド新田一番街,145000,,,,JR京浜東北・根岸線「王子」駅,14.0,15.0,足立区新田3―36,1号棟,鉄筋コンクリート造,8,N,806号室,1LDK,63,11,137400,7600,2か月,"['近居割', '近居割WIDE']",随時,https://www.ur-net.go.jp/chintai/kanto/tokyo/20_6740_room.html?JKSS=000010806,<li>JR京浜東北・根岸線「王子」駅バス13分 徒歩1～2分</li><li>東京メトロ南北線「王子神谷」駅 徒歩19～20分</li>
tokyo,oji,ハートアイランド新田一番街,145000,東京メトロ南北線「王子神谷」駅,19.0,20.0,,,,足立区新田3―36,1号棟,鉄筋コンクリート造,8,N,806号室,1LDK,63,11,137400,7600,2か月,"['近居割', '近居割WIDE']",随時,https://www.ur-net.go.jp/chintai/kanto/tokyo/20_6740_room.html?JKSS=000010806,<li>JR京浜東北・根岸線「王子」駅バス13分 徒歩1～2分</li><li>東京メトロ南北線「王子神谷」駅 徒歩19～20分</li>
tokyo,oji,ハートアイランド新田一番街,145000,,,,,,,足立区新田3―36,1号棟,鉄筋コンクリート造,8,N,806号室,1LDK,63,11,137400,7600,2か月,"['近居割', '近居割WIDE']",随時,https://www.ur-net.go.jp/chintai/kanto/tokyo/20_6740_room.html?JKSS=000010806,<li>JR京浜東北・根岸線「王子」駅バス13分 徒歩1～2分</li><li>東京メトロ南北線「王子神谷」駅 徒歩19～20分</li>
tokyo,oji,ハートアイランド新田一番街,188000,,,,JR京浜東北・根岸線「王子」駅,14.0,15.0,足立区新田3―36,2号棟,鉄筋コンクリート造,4,N,414号室,3LDK,86,14,180400,7600,2か月,"['近居割', '近居割WIDE']",随時,https://www.ur-net.go.jp/chintai/kanto/tokyo/20_6740_room.html?JKSS=000020414,<li>JR京浜東北・根岸線「王子」駅バス13分 徒歩1～2分</li><li>東京メトロ南北線「王子神谷」駅 徒歩19～20分</li>
tokyo,oji,ハートアイランド新田一番街,188000,東京メトロ南北線「王子神谷」駅,19.0,20.0,,,,足立区新田3―36,2号棟,鉄筋コンクリート造,4,N,414号室,3LDK,86,14,180400,7600,2か月,"['近居割', '近居割WIDE']",随時,https://www.ur-net.go.jp/chintai/kanto/tokyo/20_6740_room.html?JKSS=000020414,<li>JR京浜東北・根岸線「王子」駅バス13分 徒歩1～2分</li><li>東京メトロ南北線「王子神谷」駅 徒歩19～20分</li>
tokyo,oji,ハートアイランド新田一番街,188000,,,,,,,足立区新田3―36,2号棟,鉄筋コンクリート造,4,N,414号室,3LDK,86,14,180400,7600,2か月,"['近居割', '近居割WIDE']",随時,https://www.ur-net.go.jp/chintai/kanto/tokyo/20_6740_room.html?JKSS=000020414,<li>JR京浜東北・根岸線「王子」駅バス13分 徒歩1～2分</li><li>東京メトロ南北線「王子神谷」駅 徒歩19～20分</li>
tokyo,aoto,すまいる亀有,124500,JR常磐線「亀有」駅,13.0,17.0,JR常磐線「亀有」駅,7.0,9.0,葛飾区亀有1-10,14号棟,鉄筋コンクリート造,4,N,405号室,2DK,52,6,117900,6600,2か月,"['近居割', '近居割WIDE', 'シルバーピア']",随時,https://www.ur-net.go.jp/chintai/kanto/tokyo/20_4481_room.html?JKSS=000140405,<li>JR常磐線「亀有」駅 徒歩13～17分</li><li>JR常磐線「亀有」駅バス5分 徒歩2～4分</li><li>京成本線「青砥」駅 徒歩20～22分</li>
tokyo,aoto,すまいる亀有,124500,京成本線「青砥」駅,20.0,22.0,,,,葛飾区亀有1-10,14号棟,鉄筋コンクリート造,4,N,405号室,2DK,52,6,117900,6600,2か月,"['近居割', '近居割WIDE', 'シルバーピア']",随時,https://www.ur-net.go.jp/chintai/kanto/tokyo/20_4481_room.html?JKSS=000140405,<li>JR常磐線「亀有」駅 徒歩13～17分</li><li>JR常磐線「亀有」駅バス5分 徒歩2～4分</li><li>京成本線「青砥」駅 徒歩20～22分</li>
tokyo,aoto,すまいる亀有,124500,,,,,,,葛飾区亀有1-10,14号棟,鉄筋コンクリート造,4,N,405号室,2DK,52,6,117900,6600,2か月,"['近居割', '近居割WIDE', 'シルバーピア']",随時,https://www.ur-net.go.jp/chintai/kanto/tokyo/20_4481_room.html?JKSS=000140405,<li>JR常磐線「亀有」駅 徒歩13～17分</li><li>JR常磐線「亀有」駅バス5分 徒歩2～4分</li><li>京成本線「青砥」駅 徒歩20～22分</li>
tokyo,kitasenju,金町第一,170290,JR常磐線「金町」駅,9.0,11.0,,,,葛飾区東金町2-23-1ほか,4号棟,鉄筋コンクリート造,4,N,405号室,2LDK,79,6,164600,5690,2か月,"['近居割', '近居割WIDE']",随時,https://www.ur-net.go.jp/chintai/kanto/tokyo/20_6400_room.html?JKSS=000040405,<li>JR常磐線「金町」駅 徒歩9～11分</li><li>京成金町線「京成金町」駅 徒歩11～13分</li>
tokyo,kitasenju,金町第一,170290,京成金町線「京成金町」駅,11.0,13.0,,,,葛飾区東金町2-23-1ほか,4号棟,鉄筋コンクリート造,4,N,405号室,2LDK,79,6,164600,5690,2か月,"['近居割', '近居割WIDE']",随時,https://www.ur-net.go.jp/chintai/kanto/tokyo/20_6400_room.html?JKSS=000040405,<li>JR常磐線「金町」駅 徒歩9～11分</li><li>京成金町線「京成金町」駅 徒歩11～13分</li>
tokyo,kitasenju,金町第一,170290,,,,,,,葛飾区東金町2-23-1ほか,4号棟,鉄筋コンクリート造,4,N,405号室,2LDK,79,6,164600,5690,2か月,"['近居割', '近居割WIDE']",随時,https://www.ur-net.go.jp/chintai/kanto/tokyo/20_6400_room.html?JKSS=000040405,<li>JR常磐線「金町」駅 徒歩9～11分</li><li>京成金町線「京成金町」駅 徒歩11～13分</li>
tokyo,kitasenju,リバーハープタワー南千住,213400,JR常磐線快速「南千住」駅,7.0,8.0,,,,荒川区南千住4-9,2号棟,鉄筋コンクリート造,36,N,3604号室,1LDK,68,38,208000,5400,2か月,['近居割'],随時,https://www.ur-net.go.jp/chintai/kanto/tokyo/20_6240_room.html?JKSS=000023604,<li>JR常磐線快速「南千住」駅 徒歩7～8分</li><li>東京メトロ日比谷線「南千住」駅 徒歩7～8分</li><li>つくばエクスプレス「南千住」駅 徒歩7～9分</li>
tokyo,kitasenju,リバーハープタワー南千住,213400,東京メトロ日比谷線「南千住」駅,7.0,8.0,,,,荒川区南千住4-9,2号棟,鉄筋コンクリート造,36,N,3604号室,1LDK,68,38,208000,5400,2か月,['近居割'],随時,https://www.ur-net.go.jp/chintai/kanto/tokyo/20_6240_room.html?JKSS=000023604,<li>JR常磐線快速「南千住」駅 徒歩7～8分</li><li>東京メトロ日比谷線「南千住」駅 徒歩7～8分</li><li>つくばエクスプレス「南千住」駅 徒歩7～9分</li>
tokyo,kitasenju,リバーハープタワー南千住,213400,つくばエクスプレス「南千住」駅,7.0,9.0,,,,荒川区南千住4-9,2号棟,鉄筋コンクリート造,36,N,3604号室,1LDK,68,38,208000,5400,2か月,['近居割'],随時,https://www.ur-net.go.jp/chintai/kanto/tokyo/20_6240_room.html?JKSS=000023604,<li>JR常磐線快速「南千住」駅 徒歩7～8分</li><li>東京メトロ日比谷線「南千住」駅 徒歩7～8分</li><li>つくばエクスプレス「南千住」駅 徒歩7～9分</li>
tokyo,kitasenju,リバーハープタワー南千住,213400,,,,,,,荒川区南千住4-9,2号棟,鉄筋コンクリート造,36,N,3604号室,1LDK,68,38,208000,5400,2か月,['近居割'],随時,https://www.ur-net.go.jp/chintai/kanto/tokyo/20_6240_room.html?JKSS=000023604,<li>JR常磐線快速「南千住」駅 徒歩7～8分</li><li>東京メトロ日比谷線「南千住」駅 徒歩7～8分</li><li>つくばエクスプレス「南千住」駅 徒歩7～9分</li>
tokyo,kyodo,成城通りパークウエスト,228300,「成城学園前」駅,21.0,21.0,小田急小田原線「成城学園前」駅,9.0,10.0,世田谷区上祖師谷4-2,1号棟,鉄筋コンクリート造,1,N,118号室,2LDK,86,5,224500,3800,2か月,['近居割'],随時,https://www.ur-net.go.jp/chintai/kanto/tokyo/20_4600_room.html?JKSS=000010118,<li>小田急小田原線「成城学園前」駅バス7分 徒歩2～3分 または「成城学園前」駅 徒歩21分</li><li>京王線「千歳烏山」駅バス12分 徒歩2～3分</li>
tokyo,kyodo,成城通りパークウエスト,228300,,,,京王線「千歳烏山」駅,14.0,15.0,世田谷区上祖師谷4-2,1号棟,鉄筋コンクリート造,1,N,118号室,2LDK,86,5,224500,3800,2か月,['近居割'],随時,https://www.ur-net.go.jp/chintai/kanto/tokyo/20_4600_room.html?JKSS=000010118,<li>小田急小田原線「成城学園前」駅バス7分 徒歩2～3分 または「成城学園前」駅 徒歩21分</li><li>京王線「千歳烏山」駅バス12分 徒歩2～3分</li>
tokyo,kyodo,成城通りパークウエスト,228300,,,,,,,世田谷区上祖師谷4-2,1号棟,鉄筋コンクリート造,1,N,118号室,2LDK,86,5,224500,3800,2か月,['近居割'],随時,https://www.ur-net.go.jp/chintai/kanto/tokyo/20_4600_room.html?JKSS=000010118,<li>小田急小田原線「成城学園前」駅バス7分 徒歩2～3分 または「成城学園前」駅 徒歩21分</li><li>京王線「千歳烏山」駅バス12分 徒歩2～3分</li>
tokyo,hibarigaoka,パークサイド石神井,137200,西武池袋線「大泉学園」駅,15.0,19.0,西武池袋線「大泉学園」駅,10.0,13.0,練馬区石神井台3-26 ほか,9号棟,鉄筋コンクリート造,1,N,102号室,2DK,51,4,127300,9900,2か月,['近居割'],随時,https://www.ur-net.go.jp/chintai/kanto/tokyo/20_5250_room.html?JKSS=000090102,<li>西武池袋線「大泉学園」駅 徒歩15～19分</li><li>西武池袋線「大泉学園」駅バス4分 徒歩6～9分</li><li>西武池袋線「石神井公園」駅 徒歩18～21分</li>
tokyo,hibarigaoka,パークサイド石神井,137200,西武池袋線「石神井公園」駅,18.0,21.0,,,,練馬区石神井台3-26 ほか,9号棟,鉄筋コンクリート造,1,N,102号室,2DK,51,4,127300,9900,2か月,['近居割'],随時,https://www.ur-net.go.jp/chintai/kanto/tokyo/20_5250_room.html?JKSS=000090102,<li>西武池袋線「大泉学園」駅 徒歩15～19分</li><li>西武池袋線「大泉学園」駅バス4分 徒歩6～9分</li><li>西武池袋線「石神井公園」駅 徒歩18～21分</li>
tokyo,hibarigaoka,パークサイド石神井,137200,,,,,,,練馬区石神井台3-26 ほか,9号棟,鉄筋コンクリート造,1,N,102号室,2DK,51,4,127300,9900,2か月,['近居割'],随時,https://www.ur-net.go.jp/chintai/kanto/tokyo/20_5250_room.html?JKSS=000090102,<li>西武池袋線「大泉学園」駅 徒歩15～19分</li><li>西武池袋線「大泉学園」駅バス4分 徒歩6～9分</li><li>西武池袋線「石神井公園」駅 徒歩18～21分</li>
tokyo,hikarigaoka,光が丘パークタウン ゆりの木通り北,150900,東京メトロ有楽町線「地下鉄赤塚」駅,6.0,9.0,,,,板橋区赤塚新町3-32,14号棟,鉄骨鉄筋コンクリート造,5,N,502号室,2LDK,61,5,144700,6200,2か月,"['近居割', '近居割WIDE']",随時,https://www.ur-net.go.jp/chintai/kanto/tokyo/20_3470_room.html?JKSS=000140502,<li>東京メトロ有楽町線「地下鉄赤塚」駅 徒歩6～9分</li><li>東武東上線「下赤塚」駅 徒歩9～12分</li><li>都営大江戸線「光が丘」駅 徒歩23～25分</li>
tokyo,hikarigaoka,光が丘パークタウン ゆりの木通り北,150900,東武東上線「下赤塚」駅,9.0,12.0,,,,板橋区赤塚新町3-32,14号棟,鉄骨鉄筋コンクリート造,5,N,502号室,2LDK,61,5,144700,6200,2か月,"['近居割', '近居割WIDE']",随時,https://www.ur-net.go.jp/chintai/kanto/tokyo/20_3470_room.html?JKSS=000140502,<li>東京メトロ有楽町線「地下鉄赤塚」駅 徒歩6～9分</li><li>東武東上線「下赤塚」駅 徒歩9～12分</li><li>都営大江戸線「光が丘」駅 徒歩23～25分</li>
tokyo,hikarigaoka,光が丘パークタウン ゆりの木通り北,150900,都営大江戸線「光が丘」駅,23.0,25.0,,,,板橋区赤塚新町3-32,14号棟,鉄骨鉄筋コンクリート造,5,N,502号室,2LDK,61,5,144700,6200,2か月,"['近居割', '近居割WIDE']",随時,https://www.ur-net.go.jp/chintai/kanto/tokyo/20_3470_room.html?JKSS=000140502,<li>東京メトロ有楽町線「地下鉄赤塚」駅 徒歩6～9分</li><li>東武東上線「下赤塚」駅 徒歩9～12分</li><li>都営大江戸線「光が丘」駅 徒歩23～25分</li>
tokyo,hikarigaoka,光が丘パークタウン ゆりの木通り北,150900,,,,,,,板橋区赤塚新町3-32,14号棟,鉄骨鉄筋コンクリート造,5,N,502号室,2LDK,61,5,144700,6200,2か月,"['近居割', '近居割WIDE']",随時,https://www.ur-net.go.jp/chintai/kanto/tokyo/20_3470_room.html?JKSS=000140502,<li>東京メトロ有楽町線「地下鉄赤塚」駅 徒歩6～9分</li><li>東武東上線「下赤塚」駅 徒歩9～12分</li><li>都営大江戸線「光が丘」駅 徒歩23～25分</li>
tokyo,hikarigaoka,アーバンライフゆりの木通り東,273500,東京メトロ有楽町線「地下鉄赤塚」駅,3.0,4.0,,,,練馬区田柄2-42、板橋区赤塚新町3-34,3-34-4号棟,鉄筋コンクリート造,4,N,404A号室,4LDK,116,5,267500,6000,2か月,"['近居割', '近居割WIDE']",随時,https://www.ur-net.go.jp/chintai/kanto/tokyo/20_4590_room.html?JKSS=33404404A,<li>東京メトロ有楽町線「地下鉄赤塚」駅 徒歩3～4分</li><li>東武東上線「下赤塚」駅 徒歩6～7分</li><li>都営大江戸線「光が丘」駅 徒歩24～25分</li>
tokyo,hikarigaoka,アーバンライフゆりの木通り東,273500,東武東上線「下赤塚」駅,6.0,7.0,,,,練馬区田柄2-42、板橋区赤塚新町3-34,3-34-4号棟,鉄筋コンクリート造,4,N,404A号室,4LDK,116,5,267500,6000,2か月,"['近居割', '近居割WIDE']",随時,https://www.ur-net.go.jp/chintai/kanto/tokyo/20_4590_room.html?JKSS=33404404A,<li>東京メトロ有楽町線「地下鉄赤塚」駅 徒歩3～4分</li><li>東武東上線「下赤塚」駅 徒歩6～7分</li><li>都営大江戸線「光が丘」駅 徒歩24～25分</li>
tokyo,hikarigaoka,アーバンライフゆりの木通り東,273500,都営大江戸線「光が丘」駅,24.0,25.0,,,,練馬区田柄2-42、板橋区赤塚新町3-34,3-34-4号棟,鉄筋コンクリート造,4,N,404A号室,4LDK,116,5,267500,6000,2か月,"['近居割', '近居割WIDE']",随時,https://www.ur-net.go.jp/chintai/kanto/tokyo/20_4590_room.html?JKSS=33404404A,<li>東京メトロ有楽町線「地下鉄赤塚」駅 徒歩3～4分</li><li>東武東上線「下赤塚」駅 徒歩6～7分</li><li>都営大江戸線「光が丘」駅 徒歩24～25分</li>
tokyo,hikarigaoka,アーバンライフゆりの木通り東,273500,,,,,,,練馬区田柄2-42、板橋区赤塚新町3-34,3-34-4号棟,鉄筋コンクリート造,4,N,404A号室,4LDK,116,5,267500,6000,2か月,"['近居割', '近居割WIDE']",随時,https://www.ur-net.go.jp/chintai/kanto/tokyo/20_4590_room.html?JKSS=33404404A,<li>東京メトロ有楽町線「地下鉄赤塚」駅 徒歩3～4分</li><li>東武東上線「下赤塚」駅 徒歩6～7分</li><li>都営大江戸線「光が丘」駅 徒歩24～25分</li>
tokyo,hachioji,館ヶ丘,51700,,,,JR中央線「高尾」駅,8.0,18.0,八王子市館町1097,1-14号棟,鉄筋コンクリート造,5,N,504号室,2DK,42,5,47200,4500,2か月,"['近居割', '近居割WIDE']",随時,https://www.ur-net.go.jp/chintai/kanto/tokyo/20_2600_room.html?JKSS=001140504,<li>JR中央線「高尾」駅バス7分 徒歩1～11分</li><li>京王高尾線「高尾」駅バス7分 徒歩1～11分</li><li>JR中央本線「高尾」駅 徒歩29～38分</li>
tokyo,hachioji,館ヶ丘,51700,,,,京王高尾線「高尾」駅,8.0,18.0,八王子市館町1097,1-14号棟,鉄筋コンクリート造,5,N,504号室,2DK,42,5,47200,4500,2か月,"['近居割', '近居割WIDE']",随時,https://www.ur-net.go.jp/chintai/kanto/tokyo/20_2600_room.html?JKSS=001140504,<li>JR中央線「高尾」駅バス7分 徒歩1～11分</li><li>京王高尾線「高尾」駅バス7分 徒歩1～11分</li><li>JR中央本線「高尾」駅 徒歩29～38分</li>
tokyo,hachioji,館ヶ丘,51700,JR中央本線「高尾」駅,29.0,38.0,,,,八王子市館町1097,1-14号棟,鉄筋コンクリート造,5,N,504号室,2DK,42,5,47200,4500,2か月,"['近居割', '近居割WIDE']",随時,https://www.ur-net.go.jp/chintai/kanto/tokyo/20_2600_room.html?JKSS=001140504,<li>JR中央線「高尾」駅バス7分 徒歩1～11分</li><li>京王高尾線「高尾」駅バス7分 徒歩1～11分</li><li>JR中央本線「高尾」駅 徒歩29～38分</li>
tokyo,hachioji,館ヶ丘,51700,,,,,,,八王子市館町1097,1-14号棟,鉄筋コンクリート造,5,N,504号室,2DK,42,5,47200,4500,2か月,"['近居割', '近居割WIDE']",随時,https://www.ur-net.go.jp/chintai/kanto/tokyo/20_2600_room.html?JKSS=001140504,<li>JR中央線「高尾」駅バス7分 徒歩1～11分</li><li>京王高尾線「高尾」駅バス7分 徒歩1～11分</li><li>JR中央本線「高尾」駅 徒歩29～38分</li>
tokyo,hachioji,館ヶ丘,55100,,,,JR中央線「高尾」駅,8.0,18.0,八王子市館町1097,1-15号棟,鉄筋コンクリート造,4,N,407号室,2DK,42,5,50600,4500,2か月,"['近居割', '近居割WIDE']",随時,https://www.ur-net.go.jp/chintai/kanto/tokyo/20_2600_room.html?JKSS=001150407,<li>JR中央線「高尾」駅バス7分 徒歩1～11分</li><li>京王高尾線「高尾」駅バス7分 徒歩1～11分</li><li>JR中央本線「高尾」駅 徒歩29～38分</li>
tokyo,hachioji,館ヶ丘,55100,,,,京王高尾線「高尾」駅,8.0,18.0,八王子市館町1097,1-15号棟,鉄筋コンクリート造,4,N,407号室,2DK,42,5,50600,4500,2か月,"['近居割', '近居割WIDE']",随時,https://www.ur-net.go.jp/chintai/kanto/tokyo/20_2600_room.html?JKSS=001150407,<li>JR中央線「高尾」駅バス7分 徒歩1～11分</li><li>京王高尾線「高尾」駅バス7分 徒歩1～11分</li><li>JR中央本線「高尾」駅 徒歩29～38分</li>
tokyo,hachioji,館ヶ丘,55100,JR中央本線「高尾」駅,29.0,38.0,,,,八王子市館町1097,1-15号棟,鉄筋コンクリート造,4,N,407号室,2DK,42,5,50600,4500,2か月,"['近居割', '近居割WIDE']",随時,https://www.ur-net.go.jp/chintai/kanto/tokyo/20_2600_room.html?JKSS=001150407,<li>JR中央線「高尾」駅バス7分 徒歩1～11分</li><li>京王高尾線「高尾」駅バス7分 徒歩1～11分</li><li>JR中央本線「高尾」駅 徒歩29～38分</li>
tokyo,hachioji,館ヶ丘,55100,,,,,,,八王子市館町1097,1-15号棟,鉄筋コンクリート造,4,N,407号室,2DK,42,5,50600,4500,2か月,"['近居割', '近居割WIDE']",随時,https://www.ur-net.go.jp/chintai/kanto/tokyo/20_2600_room.html?JKSS=001150407,<li>JR中央線「高尾」駅バス7分 徒歩1～11分</li><li>京王高尾線「高尾」駅バス7分 徒歩1～11分</li><li>JR中央本線「高尾」駅 徒歩29～38分</li>
tokyo,hachioji,館ヶ丘,55200,,,,JR中央線「高尾」駅,8.0,18.0,八王子市館町1097,1-13号棟,鉄筋コンクリート造,3,N,312号室,2DK,42,5,50700,4500,2か月,"['近居割', '近居割WIDE']",随時,https://www.ur-net.go.jp/chintai/kanto/tokyo/20_2600_room.html?JKSS=001130312,<li>JR中央線「高尾」駅バス7分 徒歩1～11分</li><li>京王高尾線「高尾」駅バス7分 徒歩1～11分</li><li>JR中央本線「高尾」駅 徒歩29～38分</li>
tokyo,hachioji,館ヶ丘,55200,,,,京王高尾線「高尾」駅,8.0,18.0,八王子市館町1097,1-13号棟,鉄筋コンクリート造,3,N,312号室,2DK,42,5,50700,4500,2か月,"['近居割', '近居割WIDE']",随時,https://www.ur-net.go.jp/chintai/kanto/tokyo/20_2600_room.html?JKSS=001130312,<li>JR中央線「高尾」駅バス7分 徒歩1～11分</li><li>京王高尾線「高尾」駅バス7分 徒歩1～11分</li><li>JR中央本線「高尾」駅 徒歩29～38分</li>
tokyo,hachioji,館ヶ丘,55200,JR中央本線「高尾」駅,29.0,38.0,,,,八王子市館町1097,1-13号棟,鉄筋コンクリート造,3,N,312号室,2DK,42,5,50700,4500,2か月,"['近居割', '近居割WIDE']",随時,https://www.ur-net.go.jp/chintai/kanto/tokyo/20_2600_room.html?JKSS=001130312,<li>JR中央線「高尾」駅バス7分 徒歩1～11分</li><li>京王高尾線「高尾」駅バス7分 徒歩1～11分</li><li>JR中央本線「高尾」駅 徒歩29～38分</li>
tokyo,hachioji,館ヶ丘,55200,,,,,,,八王子市館町1097,1-13号棟,鉄筋コンクリート造,3,N,312号室,2DK,42,5,50700,4500,2か月,"['近居割', '近居割WIDE']",随時,https://www.ur-net.go.jp/chintai/kanto/tokyo/20_2600_room.html?JKSS=001130312,<li>JR中央線「高尾」駅バス7分 徒歩1～11分</li><li>京王高尾線「高尾」駅バス7分 徒歩1～11分</li><li>JR中央本線「高尾」駅 徒歩29～38分</li>
tokyo,hachioji,館ヶ丘,55200,,,,JR中央線「高尾」駅,8.0,18.0,八王子市館町1097,1-14号棟,鉄筋コンクリート造,4,N,411号室,2DK,42,5,50700,4500,2か月,"['近居割', '近居割WIDE']",随時,https://www.ur-net.go.jp/chintai/kanto/tokyo/20_2600_room.html?JKSS=001140411,<li>JR中央線「高尾」駅バス7分 徒歩1～11分</li><li>京王高尾線「高尾」駅バス7分 徒歩1～11分</li><li>JR中央本線「高尾」駅 徒歩29～38分</li>
tokyo,hachioji,館ヶ丘,55200,,,,京王高尾線「高尾」駅,8.0,18.0,八王子市館町1097,1-14号棟,鉄筋コンクリート造,4,N,411号室,2DK,42,5,50700,4500,2か月,"['近居割', '近居割WIDE']",随時,https://www.ur-net.go.jp/chintai/kanto/tokyo/20_2600_room.html?JKSS=001140411,<li>JR中央線「高尾」駅バス7分 徒歩1～11分</li><li>京王高尾線「高尾」駅バス7分 徒歩1～11分</li><li>JR中央本線「高尾」駅 徒歩29～38分</li>
tokyo,hachioji,館ヶ丘,55200,JR中央本線「高尾」駅,29.0,38.0,,,,八王子市館町1097,1-14号棟,鉄筋コンクリート造,4,N,411号室,2DK,42,5,50700,4500,2か月,"['近居割', '近居割WIDE']",随時,https://www.ur-net.go.jp/chintai/kanto/tokyo/20_2600_room.html?JKSS=001140411,<li>JR中央線「高尾」駅バス7分 徒歩1～11分</li><li>京王高尾線「高尾」駅バス7分 徒歩1～11分</li><li>JR中央本線「高尾」駅 徒歩29～38分</li>
tokyo,hachioji,館ヶ丘,55200,,,,,,,八王子市館町1097,1-14号棟,鉄筋コンクリート造,4,N,411号室,2DK,42,5,50700,4500,2か月,"['近居割', '近居割WIDE']",随時,https://www.ur-net.go.jp/chintai/kanto/tokyo/20_2600_room.html?JKSS=001140411,<li>JR中央線「高尾」駅バス7分 徒歩1～11分</li><li>京王高尾線「高尾」駅バス7分 徒歩1～11分</li><li>JR中央本線「高尾」駅 徒歩29～38分</li>
tokyo,hachioji,館ヶ丘,56800,,,,JR中央線「高尾」駅,8.0,18.0,八王子市館町1097,3-1号棟,鉄筋コンクリート造,5,N,512号室,3K,48,5,52300,4500,2か月,"['近居割', '近居割WIDE']",随時,https://www.ur-net.go.jp/chintai/kanto/tokyo/20_2600_room.html?JKSS=003010512,<li>JR中央線「高尾」駅バス7分 徒歩1～11分</li><li>京王高尾線「高尾」駅バス7分 徒歩1～11分</li><li>JR中央本線「高尾」駅 徒歩29～38分</li>
tokyo,hachioji,館ヶ丘,56800,,,,京王高尾線「高尾」駅,8.0,18.0,八王子市館町1097,3-1号棟,鉄筋コンクリート造,5,N,512号室,3K,48,5,52300,4500,2か月,"['近居割', '近居割WIDE']",随時,https://www.ur-net.go.jp/chintai/kanto/tokyo/20_2600_room.html?JKSS=003010512,<li>JR中央線「高尾」駅バス7分 徒歩1～11分</li><li>京王高尾線「高尾」駅バス7分 徒歩1～11分</li><li>JR中央本線「高尾」駅 徒歩29～38分</li>
tokyo,hachioji,館ヶ丘,56800,JR中央本線「高尾」駅,29.0,38.0,,,,八王子市館町1097,3-1号棟,鉄筋コンクリート造,5,N,512号室,3K,48,5,52300,4500,2か月,"['近居割', '近居割WIDE']",随時,https://www.ur-net.go.jp/chintai/kanto/tokyo/20_2600_room.html?JKSS=003010512,<li>JR中央線「高尾」駅バス7分 徒歩1～11分</li><li>京王高尾線「高尾」駅バス7分 徒歩1～11分</li><li>JR中央本線「高尾」駅 徒歩29～38分</li>
tokyo,hachioji,館ヶ丘,56800,,,,,,,八王子市館町1097,3-1号棟,鉄筋コンクリート造,5,N,512号室,3K,48,5,52300,4500,2か月,"['近居割', '近居割WIDE']",随時,https://www.ur-net.go.jp/chintai/kanto/tokyo/20_2600_room.html?JKSS=003010512,<li>JR中央線「高尾」駅バス7分 徒歩1～11分</li><li>京王高尾線「高尾」駅バス7分 徒歩1～11分</li><li>JR中央本線「高尾」駅 徒歩29～38分</li>
tokyo,hachioji,グリーンヒル寺田,78200,,,,京王高尾線「めじろ台」駅,7.0,13.0,八王子市寺田町432,107号棟,鉄筋コンクリート造、鉄骨鉄筋コンクリート造,4,N,406号室,3DK,68,8,73300,4900,2か月,"['近居割', '近居割WIDE']",随時,https://www.ur-net.go.jp/chintai/kanto/tokyo/20_3370_room.html?JKSS=001070406,<li>京王高尾線「めじろ台」駅バス6分 徒歩1～7分</li><li>JR中央線「西八王子」駅バス17分 徒歩1～7分</li><li>JR横浜線「八王子みなみ野」駅バス12分 徒歩1～7分</li>
tokyo,hachioji,グリーンヒル寺田,78200,,,,JR中央線「西八王子」駅,18.0,24.0,八王子市寺田町432,107号棟,鉄筋コンクリート造、鉄骨鉄筋コンクリート造,4,N,406号室,3DK,68,8,73300,4900,2か月,"['近居割', '近居割WIDE']",随時,https://www.ur-net.go.jp/chintai/kanto/tokyo/20_3370_room.html?JKSS=001070406,<li>京王高尾線「めじろ台」駅バス6分 徒歩1～7分</li><li>JR中央線「西八王子」駅バス17分 徒歩1～7分</li><li>JR横浜線「八王子みなみ野」駅バス12分 徒歩1～7分</li>
tokyo,hachioji,グリーンヒル寺田,78200,,,,JR横浜線「八王子みなみ野」駅,13.0,19.0,八王子市寺田町432,107号棟,鉄筋コンクリート造、鉄骨鉄筋コンクリート造,4,N,406号室,3DK,68,8,73300,4900,2か月,"['近居割', '近居割WIDE']",随時,https://www.ur-net.go.jp/chintai/kanto/tokyo/20_3370_room.html?JKSS=001070406,<li>京王高尾線「めじろ台」駅バス6分 徒歩1～7分</li><li>JR中央線「西八王子」駅バス17分 徒歩1～7分</li><li>JR横浜線「八王子みなみ野」駅バス12分 徒歩1～7分</li>
tokyo,hachioji,グリーンヒル寺田,78200,,,,,,,八王子市寺田町432,107号棟,鉄筋コンクリート造、鉄骨鉄筋コンクリート造,4,N,406号室,3DK,68,8,73300,4900,2か月,"['近居割', '近居割WIDE']",随時,https://www.ur-net.go.jp/chintai/kanto/tokyo/20_3370_room.html?JKSS=001070406,<li>京王高尾線「めじろ台」駅バス6分 徒歩1～7分</li><li>JR中央線「西八王子」駅バス17分 徒歩1～7分</li><li>JR横浜線「八王子みなみ野」駅バス12分 徒歩1～7分</li>
tokyo,hachioji,グリーンヒル寺田,79100,,,,京王高尾線「めじろ台」駅,7.0,13.0,八王子市寺田町432,98号棟,鉄筋コンクリート造、鉄骨鉄筋コンクリート造,3,N,308号室,3DK,68,8,74200,4900,2か月,"['近居割', '近居割WIDE']",随時,https://www.ur-net.go.jp/chintai/kanto/tokyo/20_3370_room.html?JKSS=000980308,<li>京王高尾線「めじろ台」駅バス6分 徒歩1～7分</li><li>JR中央線「西八王子」駅バス17分 徒歩1～7分</li><li>JR横浜線「八王子みなみ野」駅バス12分 徒歩1～7分</li>
tokyo,hachioji,グリーンヒル寺田,79100,,,,JR中央線「西八王子」駅,18.0,24.0,八王子市寺田町432,98号棟,鉄筋コンクリート造、鉄骨鉄筋コンクリート造,3,N,308号室,3DK,68,8,74200,4900,2か月,"['近居割', '近居割WIDE']",随時,https://www.ur-net.go.jp/chintai/kanto/tokyo/20_3370_room.html?JKSS=000980308,<li>京王高尾線「めじろ台」駅バス6分 徒歩1～7分</li><li>JR中央線「西八王子」駅バス17分 徒歩1～7分</li><li>JR横浜線「八王子みなみ野」駅バス12分 徒歩1～7分</li>
tokyo,hachioji,グリーンヒル寺田,79100,,,,JR横浜線「八王子みなみ野」駅,13.0,19.0,八王子市寺田町432,98号棟,鉄筋コンクリート造、鉄骨鉄筋コンクリート造,3,N,308号室,3DK,68,8,74200,4900,2か月,"['近居割', '近居割WIDE']",随時,https://www.ur-net.go.jp/chintai/kanto/tokyo/20_3370_room.html?JKSS=000980308,<li>京王高尾線「めじろ台」駅バス6分 徒歩1～7分</li><li>JR中央線「西八王子」駅バス17分 徒歩1～7分</li><li>JR横浜線「八王子みなみ野」駅バス12分 徒歩1～7分</li>
tokyo,hachioji,グリーンヒル寺田,79100,,,,,,,八王子市寺田町432,98号棟,鉄筋コンクリート造、鉄骨鉄筋コンクリート造,3,N,308号室,3DK,68,8,74200,4900,2か月,"['近居割', '近居割WIDE']",随時,https://www.ur-net.go.jp/chintai/kanto/tokyo/20_3370_room.html?JKSS=000980308,<li>京王高尾線「めじろ台」駅バス6分 徒歩1～7分</li><li>JR中央線「西八王子」駅バス17分 徒歩1～7分</li><li>JR横浜線「八王子みなみ野」駅バス12分 徒歩1～7分</li>
tokyo,hachioji,グリーンヒル寺田,81900,,,,京王高尾線「めじろ台」駅,7.0,13.0,八王子市寺田町432,103号棟,鉄筋コンクリート造、鉄骨鉄筋コンクリート造,4,N,409号室,2LDK,67,8,77000,4900,2か月,"['近居割', '近居割WIDE']",随時,https://www.ur-net.go.jp/chintai/kanto/tokyo/20_3370_room.html?JKSS=001030409,<li>京王高尾線「めじろ台」駅バス6分 徒歩1～7分</li><li>JR中央線「西八王子」駅バス17分 徒歩1～7分</li><li>JR横浜線「八王子みなみ野」駅バス12分 徒歩1～7分</li>
tokyo,hachioji,グリーンヒル寺田,81900,,,,JR中央線「西八王子」駅,18.0,24.0,八王子市寺田町432,103号棟,鉄筋コンクリート造、鉄骨鉄筋コンクリート造,4,N,409号室,2LDK,67,8,77000,4900,2か月,"['近居割', '近居割WIDE']",随時,https://www.ur-net.go.jp/chintai/kanto/tokyo/20_3370_room.html?JKSS=001030409,<li>京王高尾線「めじろ台」駅バス6分 徒歩1～7分</li><li>JR中央線「西八王子」駅バス17分 徒歩1～7分</li><li>JR横浜線「八王子みなみ野」駅バス12分 徒歩1～7分</li>
tokyo,hachioji,グリーンヒル寺田,81900,,,,JR横浜線「八王子みなみ野」駅,13.0,19.0,八王子市寺田町432,103号棟,鉄筋コンクリート造、鉄骨鉄筋コンクリート造,4,N,409号室,2LDK,67,8,77000,4900,2か月,"['近居割', '近居割WIDE']",随時,https://www.ur-net.go.jp/chintai/kanto/tokyo/20_3370_room.html?JKSS=001030409,<li>京王高尾線「めじろ台」駅バス6分 徒歩1～7分</li><li>JR中央線「西八王子」駅バス17分 徒歩1～7分</li><li>JR横浜線「八王子みなみ野」駅バス12分 徒歩1～7分</li>
tokyo,hachioji,グリーンヒル寺田,81900,,,,,,,八王子市寺田町432,103号棟,鉄筋コンクリート造、鉄骨鉄筋コンクリート造,4,N,409号室,2LDK,67,8,77000,4900,2か月,"['近居割', '近居割WIDE']",随時,https://www.ur-net.go.jp/chintai/kanto/tokyo/20_3370_room.html?JKSS=001030409,<li>京王高尾線「めじろ台」駅バス6分 徒歩1～7分</li><li>JR中央線「西八王子」駅バス17分 徒歩1～7分</li><li>JR横浜線「八王子みなみ野」駅バス12分 徒歩1～7分</li>
tokyo,nagayama,多摩ニュータウン　松が谷,85600,多摩都市モノレール「松が谷」駅,5.0,8.0,,,,八王子市松が谷27ほか,27-2号棟,鉄筋コンクリート造,4,N,403号室,2LDK,62,5,80600,5000,2か月,"['近居割', '近居割WIDE']",随時,https://www.ur-net.go.jp/chintai/kanto/tokyo/20_2720_room.html?JKSS=027020403,<li>多摩都市モノレール「松が谷」駅 徒歩5～8分</li><li>京王相模原線「京王多摩センター」駅・小田急多摩線「小田急多摩センター」駅・多摩都市モノレール「多摩センター」駅バス5分 徒歩2～4分</li>
tokyo,nagayama,多摩ニュータウン　松が谷,85600,,,,京王相模原線「京王多摩センター」駅・小田急多摩線「小田急多摩センター」駅・多摩都市モノレール「多摩センター」駅,7.0,9.0,八王子市松が谷27ほか,27-2号棟,鉄筋コンクリート造,4,N,403号室,2LDK,62,5,80600,5000,2か月,"['近居割', '近居割WIDE']",随時,https://www.ur-net.go.jp/chintai/kanto/tokyo/20_2720_room.html?JKSS=027020403,<li>多摩都市モノレール「松が谷」駅 徒歩5～8分</li><li>京王相模原線「京王多摩センター」駅・小田急多摩線「小田急多摩センター」駅・多摩都市モノレール「多摩センター」駅バス5分 徒歩2～4分</li>
tokyo,nagayama,多摩ニュータウン　松が谷,85600,,,,,,,八王子市松が谷27ほか,27-2号棟,鉄筋コンクリート造,4,N,403号室,2LDK,62,5,80600,5000,2か月,"['近居割', '近居割WIDE']",随時,https://www.ur-net.go.jp/chintai/kanto/tokyo/20_2720_room.html?JKSS=027020403,<li>多摩都市モノレール「松が谷」駅 徒歩5～8分</li><li>京王相模原線「京王多摩センター」駅・小田急多摩線「小田急多摩センター」駅・多摩都市モノレール「多摩センター」駅バス5分 徒歩2～4分</li>
tokyo,hachioji,八王子パークヒル 宇津木台,91800,JR八高線「小宮」駅,11.0,16.0,,,,八王子市久保山町2ほか,,鉄筋コンクリート造,5,N,511号室,1LDK,51,9,87600,4200,2か月,['近居割'],随時,https://www.ur-net.go.jp/chintai/kanto/tokyo/20_4080_room.html?JKSS=109010511,<li>JR八高線「小宮」駅 徒歩11～16分</li><li>JR中央線「日野」駅バス13分 徒歩3～5分</li><li>JR中央線「八王子」・京王線「京王八王子」駅バス22～24分 徒歩3～5分</li>
tokyo,hachioji,八王子パークヒル 宇津木台,91800,,,,JR中央線「日野」駅,16.0,18.0,八王子市久保山町2ほか,,鉄筋コンクリート造,5,N,511号室,1LDK,51,9,87600,4200,2か月,['近居割'],随時,https://www.ur-net.go.jp/chintai/kanto/tokyo/20_4080_room.html?JKSS=109010511,<li>JR八高線「小宮」駅 徒歩11～16分</li><li>JR中央線「日野」駅バス13分 徒歩3～5分</li><li>JR中央線「八王子」・京王線「京王八王子」駅バス22～24分 徒歩3～5分</li>
tokyo,hachioji,八王子パークヒル 宇津木台,91800,,,,JR中央線「八王子」・京王線「京王八王子」駅,25.0,29.0,八王子市久保山町2ほか,,鉄筋コンクリート造,5,N,511号室,1LDK,51,9,87600,4200,2か月,['近居割'],随時,https://www.ur-net.go.jp/chintai/kanto/tokyo/20_4080_room.html?JKSS=109010511,<li>JR八高線「小宮」駅 徒歩11～16分</li><li>JR中央線「日野」駅バス13分 徒歩3～5分</li><li>JR中央線「八王子」・京王線「京王八王子」駅バス22～24分 徒歩3～5分</li>
tokyo,hachioji,八王子パークヒル 宇津木台,91800,,,,,,,八王子市久保山町2ほか,,鉄筋コンクリート造,5,N,511号室,1LDK,51,9,87600,4200,2か月,['近居割'],随時,https://www.ur-net.go.jp/chintai/kanto/tokyo/20_4080_room.html?JKSS=109010511,<li>JR八高線「小宮」駅 徒歩11～16分</li><li>JR中央線「日野」駅バス13分 徒歩3～5分</li><li>JR中央線「八王子」・京王線「京王八王子」駅バス22～24分 徒歩3～5分</li>
tokyo,hachioji,八王子パークヒル 宇津木台,93300,JR八高線「小宮」駅,11.0,16.0,,,,八王子市久保山町2ほか,3号棟,鉄筋コンクリート造,5,N,506号室,3LDK,75,5,89600,3700,2か月,['近居割'],随時,https://www.ur-net.go.jp/chintai/kanto/tokyo/20_4080_room.html?JKSS=002030506,<li>JR八高線「小宮」駅 徒歩11～16分</li><li>JR中央線「日野」駅バス13分 徒歩3～5分</li><li>JR中央線「八王子」・京王線「京王八王子」駅バス22～24分 徒歩3～5分</li>
tokyo,hachioji,八王子パークヒル 宇津木台,93300,,,,JR中央線「日野」駅,16.0,18.0,八王子市久保山町2ほか,3号棟,鉄筋コンクリート造,5,N,506号室,3LDK,75,5,89600,3700,2か月,['近居割'],随時,https://www.ur-net.go.jp/chintai/kanto/tokyo/20_4080_room.html?JKSS=002030506,<li>JR八高線「小宮」駅 徒歩11～16分</li><li>JR中央線「日野」駅バス13分 徒歩3～5分</li><li>JR中央線「八王子」・京王線「京王八王子」駅バス22～24分 徒歩3～5分</li>
tokyo,hachioji,八王子パークヒル 宇津木台,93300,,,,JR中央線「八王子」・京王線「京王八王子」駅,25.0,29.0,八王子市久保山町2ほか,3号棟,鉄筋コンクリート造,5,N,506号室,3LDK,75,5,89600,3700,2か月,['近居割'],随時,https://www.ur-net.go.jp/chintai/kanto/tokyo/20_4080_room.html?JKSS=002030506,<li>JR八高線「小宮」駅 徒歩11～16分</li><li>JR中央線「日野」駅バス13分 徒歩3～5分</li><li>JR中央線「八王子」・京王線「京王八王子」駅バス22～24分 徒歩3～5分</li>
tokyo,hachioji,八王子パークヒル 宇津木台,93300,,,,,,,八王子市久保山町2ほか,3号棟,鉄筋コンクリート造,5,N,506号室,3LDK,75,5,89600,3700,2か月,['近居割'],随時,https://www.ur-net.go.jp/chintai/kanto/tokyo/20_4080_room.html?JKSS=002030506,<li>JR八高線「小宮」駅 徒歩11～16分</li><li>JR中央線「日野」駅バス13分 徒歩3～5分</li><li>JR中央線「八王子」・京王線「京王八王子」駅バス22～24分 徒歩3～5分</li>
tokyo,minamiosawa,多摩ニュータウン ライブ長池 蓮生寺公園通り二番街,102600,京王相模原線「京王堀之内」駅,10.0,12.0,,,,八王子市別所1-31,1号棟,鉄筋コンクリート造,5,N,502号室,1LDK,51,5,97300,5300,2か月,"['近居割', '近居割WIDE']",随時,https://www.ur-net.go.jp/chintai/kanto/tokyo/20_5080_room.html?JKSS=000010502,<li>京王相模原線「京王堀之内」駅 徒歩10～12分</li><li>小田急多摩線「唐木田」駅バス4分 徒歩18～19分</li><li>京王相模原線「南大沢」駅バス11分 徒歩2～3分</li>
tokyo,minamiosawa,多摩ニュータウン ライブ長池 蓮生寺公園通り二番街,102600,,,,小田急多摩線「唐木田」駅,22.0,23.0,八王子市別所1-31,1号棟,鉄筋コンクリート造,5,N,502号室,1LDK,51,5,97300,5300,2か月,"['近居割', '近居割WIDE']",随時,https://www.ur-net.go.jp/chintai/kanto/tokyo/20_5080_room.html?JKSS=000010502,<li>京王相模原線「京王堀之内」駅 徒歩10～12分</li><li>小田急多摩線「唐木田」駅バス4分 徒歩18～19分</li><li>京王相模原線「南大沢」駅バス11分 徒歩2～3分</li>
tokyo,minamiosawa,多摩ニュータウン ライブ長池 蓮生寺公園通り二番街,102600,,,,京王相模原線「南大沢」駅,13.0,14.0,八王子市別所1-31,1号棟,鉄筋コンクリート造,5,N,502号室,1LDK,51,5,97300,5300,2か月,"['近居割', '近居割WIDE']",随時,https://www.ur-net.go.jp/chintai/kanto/tokyo/20_5080_room.html?JKSS=000010502,<li>京王相模原線「京王堀之内」駅 徒歩10～12分</li><li>小田急多摩線「唐木田」駅バス4分 徒歩18～19分</li><li>京王相模原線「南大沢」駅バス11分 徒歩2～3分</li>
tokyo,minamiosawa,多摩ニュータウン ライブ長池 蓮生寺公園通り二番街,102600,,,,,,,八王子市別所1-31,1号棟,鉄筋コンクリート造,5,N,502号室,1LDK,51,5,97300,5300,2か月,"['近居割', '近居割WIDE']",随時,https://www.ur-net.go.jp/chintai/kanto/tokyo/20_5080_room.html?JKSS=000010502,<li>京王相模原線「京王堀之内」駅 徒歩10～12分</li><li>小田急多摩線「唐木田」駅バス4分 徒歩18～19分</li><li>京王相模原線「南大沢」駅バス11分 徒歩2～3分</li>
tokyo,minamiosawa,多摩ニュータウン 南大沢学園二番街,104690,京王相模原線「南大沢」駅,11.0,14.0,,,,八王子市上柚木3-5,4号棟,鉄筋コンクリート造,5,N,509号室,1LDK,54,10,100200,4490,2か月,"['近居割', '近居割WIDE']",随時,https://www.ur-net.go.jp/chintai/kanto/tokyo/20_5070_room.html?JKSS=000040509,<li>京王相模原線「南大沢」駅 徒歩11～14分</li><li>京王線「聖蹟桜ヶ丘」駅バス28分 徒歩5～7分</li><li>京王相模原線「多摩境」駅 徒歩27～30分</li>
tokyo,minamiosawa,多摩ニュータウン 南大沢学園二番街,104690,,,,京王線「聖蹟桜ヶ丘」駅,33.0,35.0,八王子市上柚木3-5,4号棟,鉄筋コンクリート造,5,N,509号室,1LDK,54,10,100200,4490,2か月,"['近居割', '近居割WIDE']",随時,https://www.ur-net.go.jp/chintai/kanto/tokyo/20_5070_room.html?JKSS=000040509,<li>京王相模原線「南大沢」駅 徒歩11～14分</li><li>京王線「聖蹟桜ヶ丘」駅バス28分 徒歩5～7分</li><li>京王相模原線「多摩境」駅 徒歩27～30分</li>
tokyo,minamiosawa,多摩ニュータウン 南大沢学園二番街,104690,京王相模原線「多摩境」駅,27.0,30.0,,,,八王子市上柚木3-5,4号棟,鉄筋コンクリート造,5,N,509号室,1LDK,54,10,100200,4490,2か月,"['近居割', '近居割WIDE']",随時,https://www.ur-net.go.jp/chintai/kanto/tokyo/20_5070_room.html?JKSS=000040509,<li>京王相模原線「南大沢」駅 徒歩11～14分</li><li>京王線「聖蹟桜ヶ丘」駅バス28分 徒歩5～7分</li><li>京王相模原線「多摩境」駅 徒歩27～30分</li>
tokyo,minamiosawa,多摩ニュータウン 南大沢学園二番街,104690,,,,,,,八王子市上柚木3-5,4号棟,鉄筋コンクリート造,5,N,509号室,1LDK,54,10,100200,4490,2か月,"['近居割', '近居割WIDE']",随時,https://www.ur-net.go.jp/chintai/kanto/tokyo/20_5070_room.html?JKSS=000040509,<li>京王相模原線「南大沢」駅 徒歩11～14分</li><li>京王線「聖蹟桜ヶ丘」駅バス28分 徒歩5～7分</li><li>京王相模原線「多摩境」駅 徒歩27～30分</li>
tokyo,minamiosawa,多摩ニュータウン 南大沢絹の道一番街,113800,京王相模原線「南大沢」駅,21.0,26.0,京王相模原線「南大沢」駅,11.0,16.0,八王子市鑓水2-81,3号棟,鉄筋コンクリート造,9,N,902号室,2LDK,67,11,106800,7000,2か月,"['近居割', '近居割WIDE']",随時,https://www.ur-net.go.jp/chintai/kanto/tokyo/20_5800_room.html?JKSS=000030902,<li>京王相模原線「南大沢」駅 徒歩21～26分 またはバス8分 徒歩3～8分</li><li>京王相模原線「多摩境」駅 徒歩25～29分</li>
tokyo,minamiosawa,多摩ニュータウン 南大沢絹の道一番街,113800,京王相模原線「多摩境」駅,25.0,29.0,,,,八王子市鑓水2-81,3号棟,鉄筋コンクリート造,9,N,902号室,2LDK,67,11,106800,7000,2か月,"['近居割', '近居割WIDE']",随時,https://www.ur-net.go.jp/chintai/kanto/tokyo/20_5800_room.html?JKSS=000030902,<li>京王相模原線「南大沢」駅 徒歩21～26分 またはバス8分 徒歩3～8分</li><li>京王相模原線「多摩境」駅 徒歩25～29分</li>
tokyo,minamiosawa,多摩ニュータウン 南大沢絹の道一番街,113800,,,,,,,八王子市鑓水2-81,3号棟,鉄筋コンクリート造,9,N,902号室,2LDK,67,11,106800,7000,2か月,"['近居割', '近居割WIDE']",随時,https://www.ur-net.go.jp/chintai/kanto/tokyo/20_5800_room.html?JKSS=000030902,<li>京王相模原線「南大沢」駅 徒歩21～26分 またはバス8分 徒歩3～8分</li><li>京王相模原線「多摩境」駅 徒歩25～29分</li>
tokyo,minamiosawa,多摩ニュータウン 南大沢絹の道一番街,158900,京王相模原線「南大沢」駅,21.0,26.0,京王相模原線「南大沢」駅,11.0,16.0,八王子市鑓水2-81,5号棟,鉄筋コンクリート造,2,N,202号室,3LDK,91,2,151900,7000,2か月,"['近居割', '近居割WIDE']",随時,https://www.ur-net.go.jp/chintai/kanto/tokyo/20_5800_room.html?JKSS=000050202,<li>京王相模原線「南大沢」駅 徒歩21～26分 またはバス8分 徒歩3～8分</li><li>京王相模原線「多摩境」駅 徒歩25～29分</li>
tokyo,minamiosawa,多摩ニュータウン 南大沢絹の道一番街,158900,京王相模原線「多摩境」駅,25.0,29.0,,,,八王子市鑓水2-81,5号棟,鉄筋コンクリート造,2,N,202号室,3LDK,91,2,151900,7000,2か月,"['近居割', '近居割WIDE']",随時,https://www.ur-net.go.jp/chintai/kanto/tokyo/20_5800_room.html?JKSS=000050202,<li>京王相模原線「南大沢」駅 徒歩21～26分 またはバス8分 徒歩3～8分</li><li>京王相模原線「多摩境」駅 徒歩25～29分</li>
tokyo,minamiosawa,多摩ニュータウン 南大沢絹の道一番街,158900,,,,,,,八王子市鑓水2-81,5号棟,鉄筋コンクリート造,2,N,202号室,3LDK,91,2,151900,7000,2か月,"['近居割', '近居割WIDE']",随時,https://www.ur-net.go.jp/chintai/kanto/tokyo/20_5800_room.html?JKSS=000050202,<li>京王相模原線「南大沢」駅 徒歩21～26分 またはバス8分 徒歩3～8分</li><li>京王相模原線「多摩境」駅 徒歩25～29分</li>
tokyo,minamiosawa,多摩ニュータウン 南大沢学園四番街,114400,京王相模原線「南大沢」駅,14.0,15.0,京王相模原線「南大沢」駅,14.0,15.0,八王子市上柚木3-10,2号棟,鉄筋コンクリート造,6,N,601号室,2LDK,66,8,109600,4800,2か月,"['近居割', '近居割WIDE']",随時,https://www.ur-net.go.jp/chintai/kanto/tokyo/20_5280_room.html?JKSS=310020601,<li>京王相模原線「南大沢」駅 徒歩14～15分 またはバス9分 徒歩5～6分</li><li>京王線「聖蹟桜ヶ丘」駅バス28分 徒歩8～9分</li><li>京王相模原線「多摩境」駅 徒歩24～26分</li>
tokyo,minamiosawa,多摩ニュータウン 南大沢学園四番街,114400,,,,京王線「聖蹟桜ヶ丘」駅,36.0,37.0,八王子市上柚木3-10,2号棟,鉄筋コンクリート造,6,N,601号室,2LDK,66,8,109600,4800,2か月,"['近居割', '近居割WIDE']",随時,https://www.ur-net.go.jp/chintai/kanto/tokyo/20_5280_room.html?JKSS=310020601,<li>京王相模原線「南大沢」駅 徒歩14～15分 またはバス9分 徒歩5～6分</li><li>京王線「聖蹟桜ヶ丘」駅バス28分 徒歩8～9分</li><li>京王相模原線「多摩境」駅 徒歩24～26分</li>
tokyo,minamiosawa,多摩ニュータウン 南大沢学園四番街,114400,京王相模原線「多摩境」駅,24.0,26.0,,,,八王子市上柚木3-10,2号棟,鉄筋コンクリート造,6,N,601号室,2LDK,66,8,109600,4800,2か月,"['近居割', '近居割WIDE']",随時,https://www.ur-net.go.jp/chintai/kanto/tokyo/20_5280_room.html?JKSS=310020601,<li>京王相模原線「南大沢」駅 徒歩14～15分 またはバス9分 徒歩5～6分</li><li>京王線「聖蹟桜ヶ丘」駅バス28分 徒歩8～9分</li><li>京王相模原線「多摩境」駅 徒歩24～26分</li>
tokyo,minamiosawa,多摩ニュータウン 南大沢学園四番街,114400,,,,,,,八王子市上柚木3-10,2号棟,鉄筋コンクリート造,6,N,601号室,2LDK,66,8,109600,4800,2か月,"['近居割', '近居割WIDE']",随時,https://www.ur-net.go.jp/chintai/kanto/tokyo/20_5280_room.html?JKSS=310020601,<li>京王相模原線「南大沢」駅 徒歩14～15分 またはバス9分 徒歩5～6分</li><li>京王線「聖蹟桜ヶ丘」駅バス28分 徒歩8～9分</li><li>京王相模原線「多摩境」駅 徒歩24～26分</li>
tokyo,minamiosawa,多摩ニュータウン ライブ長池 長池公園せせらぎ通り南,117800,京王相模原線「京王堀之内」駅,20.0,21.0,京王相模原線「京王堀之内」駅,9.0,10.0,八王子市別所2-46,2号棟,鉄筋コンクリート造,8,N,802号室,3LDK,88,9,113000,4800,2か月,"['近居割', '近居割WIDE']",随時,https://www.ur-net.go.jp/chintai/kanto/tokyo/20_5100_room.html?JKSS=000020802,<li>京王相模原線「京王堀之内」駅 徒歩20～21分 または バス4分 徒歩5～6分</li><li>京王相模原線「南大沢」駅バス8分 徒歩7～10分</li>
tokyo,minamiosawa,多摩ニュータウン ライブ長池 長池公園せせらぎ通り南,117800,,,,京王相模原線「南大沢」駅,15.0,18.0,八王子市別所2-46,2号棟,鉄筋コンクリート造,8,N,802号室,3LDK,88,9,113000,4800,2か月,"['近居割', '近居割WIDE']",随時,https://www.ur-net.go.jp/chintai/kanto/tokyo/20_5100_room.html?JKSS=000020802,<li>京王相模原線「京王堀之内」駅 徒歩20～21分 または バス4分 徒歩5～6分</li><li>京王相模原線「南大沢」駅バス8分 徒歩7～10分</li>
tokyo,minamiosawa,多摩ニュータウン ライブ長池 長池公園せせらぎ通り南,117800,,,,,,,八王子市別所2-46,2号棟,鉄筋コンクリート造,8,N,802号室,3LDK,88,9,113000,4800,2か月,"['近居割', '近居割WIDE']",随時,https://www.ur-net.go.jp/chintai/kanto/tokyo/20_5100_room.html?JKSS=000020802,<li>京王相模原線「京王堀之内」駅 徒歩20～21分 または バス4分 徒歩5～6分</li><li>京王相模原線「南大沢」駅バス8分 徒歩7～10分</li>
tokyo,minamiosawa,多摩ニュータウン シティハイツ南大沢,160300,京王相模原線「南大沢」駅,7.0,9.0,,,,八王子市南大沢4-10,10号棟,鉄筋コンクリート造,4,N,408号室,3LDK,97,10,155400,4900,2か月,"['近居割', '近居割WIDE']",随時,https://www.ur-net.go.jp/chintai/kanto/tokyo/20_3770_room.html?JKSS=000100408,<li>京王相模原線「南大沢」駅 徒歩7～9分</li><li>京王相模原線「多摩境」駅 徒歩24～26分</li><li>京王相模原線「京王堀之内」駅 徒歩40～42分</li>
tokyo,minamiosawa,多摩ニュータウン シティハイツ南大沢,160300,京王相模原線「多摩境」駅,24.0,26.0,,,,八王子市南大沢4-10,10号棟,鉄筋コンクリート造,4,N,408号室,3LDK,97,10,155400,4900,2か月,"['近居割', '近居割WIDE']",随時,https://www.ur-net.go.jp/chintai/kanto/tokyo/20_3770_room.html?JKSS=000100408,<li>京王相模原線「南大沢」駅 徒歩7～9分</li><li>京王相模原線「多摩境」駅 徒歩24～26分</li><li>京王相模原線「京王堀之内」駅 徒歩40～42分</li>
tokyo,minamiosawa,多摩ニュータウン シティハイツ南大沢,160300,京王相模原線「京王堀之内」駅,40.0,42.0,,,,八王子市南大沢4-10,10号棟,鉄筋コンクリート造,4,N,408号室,3LDK,97,10,155400,4900,2か月,"['近居割', '近居割WIDE']",随時,https://www.ur-net.go.jp/chintai/kanto/tokyo/20_3770_room.html?JKSS=000100408,<li>京王相模原線「南大沢」駅 徒歩7～9分</li><li>京王相模原線「多摩境」駅 徒歩24～26分</li><li>京王相模原線「京王堀之内」駅 徒歩40～42分</li>
tokyo,minamiosawa,多摩ニュータウン シティハイツ南大沢,160300,,,,,,,八王子市南大沢4-10,10号棟,鉄筋コンクリート造,4,N,408号室,3LDK,97,10,155400,4900,2か月,"['近居割', '近居割WIDE']",随時,https://www.ur-net.go.jp/chintai/kanto/tokyo/20_3770_room.html?JKSS=000100408,<li>京王相模原線「南大沢」駅 徒歩7～9分</li><li>京王相模原線「多摩境」駅 徒歩24～26分</li><li>京王相模原線「京王堀之内」駅 徒歩40～42分</li>
tokyo,kichijoji,サンヴァリエ桜堤,147800,JR中央線「武蔵境」駅,13.0,23.0,JR中央線「武蔵境」駅,5.0,11.0,武蔵野市桜堤1-1ほか,22号棟,鉄筋コンクリート造,10,N,1003号室,2DK,49,10,140800,7000,2か月,"['近居割', '近居割WIDE']",随時,https://www.ur-net.go.jp/chintai/kanto/tokyo/20_5970_room.html?JKSS=000221003,<li>JR中央線「武蔵境」駅 徒歩13～23分 またはバス4～6分 徒歩1～5分</li><li>西武新宿線「田無」駅バス12分 徒歩5～11分</li><li>JR中央線「東小金井」駅 徒歩18～25分</li>
tokyo,kichijoji,サンヴァリエ桜堤,147800,,,,西武新宿線「田無」駅,17.0,23.0,武蔵野市桜堤1-1ほか,22号棟,鉄筋コンクリート造,10,N,1003号室,2DK,49,10,140800,7000,2か月,"['近居割', '近居割WIDE']",随時,https://www.ur-net.go.jp/chintai/kanto/tokyo/20_5970_room.html?JKSS=000221003,<li>JR中央線「武蔵境」駅 徒歩13～23分 またはバス4～6分 徒歩1～5分</li><li>西武新宿線「田無」駅バス12分 徒歩5～11分</li><li>JR中央線「東小金井」駅 徒歩18～25分</li>
tokyo,kichijoji,サンヴァリエ桜堤,147800,JR中央線「東小金井」駅,18.0,25.0,,,,武蔵野市桜堤1-1ほか,22号棟,鉄筋コンクリート造,10,N,1003号室,2DK,49,10,140800,7000,2か月,"['近居割', '近居割WIDE']",随時,https://www.ur-net.go.jp/chintai/kanto/tokyo/20_5970_room.html?JKSS=000221003,<li>JR中央線「武蔵境」駅 徒歩13～23分 またはバス4～6分 徒歩1～5分</li><li>西武新宿線「田無」駅バス12分 徒歩5～11分</li><li>JR中央線「東小金井」駅 徒歩18～25分</li>
tokyo,kichijoji,サンヴァリエ桜堤,147800,,,,,,,武蔵野市桜堤1-1ほか,22号棟,鉄筋コンクリート造,10,N,1003号室,2DK,49,10,140800,7000,2か月,"['近居割', '近居割WIDE']",随時,https://www.ur-net.go.jp/chintai/kanto/tokyo/20_5970_room.html?JKSS=000221003,<li>JR中央線「武蔵境」駅 徒歩13～23分 またはバス4～6分 徒歩1～5分</li><li>西武新宿線「田無」駅バス12分 徒歩5～11分</li><li>JR中央線「東小金井」駅 徒歩18～25分</li>
tokyo,kichijoji,武蔵野緑町パークタウン,173100,,,,JR中央線「三鷹」駅,8.0,12.0,武蔵野市緑町2-3,C3号棟,鉄筋コンクリート造,3,N,303号室,3DK,58,7,167100,6000,2か月,"['近居割', '近居割WIDE']",随時,https://www.ur-net.go.jp/chintai/kanto/tokyo/20_5450_room.html?JKSS=000C30303,<li>JR中央線「三鷹」駅バス5分 徒歩3～7分</li><li>JR中央線「吉祥寺」駅バス8分 徒歩4～10分</li><li>西武新宿線「武蔵関」駅バス5分 徒歩6～11分</li>
tokyo,kichijoji,武蔵野緑町パークタウン,173100,,,,JR中央線「吉祥寺」駅,12.0,18.0,武蔵野市緑町2-3,C3号棟,鉄筋コンクリート造,3,N,303号室,3DK,58,7,167100,6000,2か月,"['近居割', '近居割WIDE']",随時,https://www.ur-net.go.jp/chintai/kanto/tokyo/20_5450_room.html?JKSS=000C30303,<li>JR中央線「三鷹」駅バス5分 徒歩3～7分</li><li>JR中央線「吉祥寺」駅バス8分 徒歩4～10分</li><li>西武新宿線「武蔵関」駅バス5分 徒歩6～11分</li>
tokyo,kichijoji,武蔵野緑町パークタウン,173100,,,,西武新宿線「武蔵関」駅,11.0,16.0,武蔵野市緑町2-3,C3号棟,鉄筋コンクリート造,3,N,303号室,3DK,58,7,167100,6000,2か月,"['近居割', '近居割WIDE']",随時,https://www.ur-net.go.jp/chintai/kanto/tokyo/20_5450_room.html?JKSS=000C30303,<li>JR中央線「三鷹」駅バス5分 徒歩3～7分</li><li>JR中央線「吉祥寺」駅バス8分 徒歩4～10分</li><li>西武新宿線「武蔵関」駅バス5分 徒歩6～11分</li>
tokyo,kichijoji,武蔵野緑町パークタウン,173100,,,,,,,武蔵野市緑町2-3,C3号棟,鉄筋コンクリート造,3,N,303号室,3DK,58,7,167100,6000,2か月,"['近居割', '近居割WIDE']",随時,https://www.ur-net.go.jp/chintai/kanto/tokyo/20_5450_room.html?JKSS=000C30303,<li>JR中央線「三鷹」駅バス5分 徒歩3～7分</li><li>JR中央線「吉祥寺」駅バス8分 徒歩4～10分</li><li>西武新宿線「武蔵関」駅バス5分 徒歩6～11分</li>
tokyo,machidayamasaki,藤の台,57400,,,,JR横浜線「町田」駅,20.0,27.0,町田市藤の台1-1ほか,3-20号棟,鉄筋コンクリート造,4,N,404号室,3K,45,5,54400,3000,2か月,"['近居割', '近居割WIDE']",随時,https://www.ur-net.go.jp/chintai/kanto/tokyo/20_1930_room.html?JKSS=003020404,<li>JR横浜線「町田」駅バス18分 徒歩2～9分</li><li>JR横浜線「古淵」駅バス16分 徒歩2～9分</li><li>小田急小田原線「鶴川」駅バス18分 徒歩2～9分</li>
tokyo,machidayamasaki,藤の台,57400,,,,JR横浜線「古淵」駅,18.0,25.0,町田市藤の台1-1ほか,3-20号棟,鉄筋コンクリート造,4,N,404号室,3K,45,5,54400,3000,2か月,"['近居割', '近居割WIDE']",随時,https://www.ur-net.go.jp/chintai/kanto/tokyo/20_1930_room.html?JKSS=003020404,<li>JR横浜線「町田」駅バス18分 徒歩2～9分</li><li>JR横浜線「古淵」駅バス16分 徒歩2～9分</li><li>小田急小田原線「鶴川」駅バス18分 徒歩2～9分</li>
tokyo,machidayamasaki,藤の台,57400,,,,小田急小田原線「鶴川」駅,20.0,27.0,町田市藤の台1-1ほか,3-20号棟,鉄筋コンクリート造,4,N,404号室,3K,45,5,54400,3000,2か月,"['近居割', '近居割WIDE']",随時,https://www.ur-net.go.jp/chintai/kanto/tokyo/20_1930_room.html?JKSS=003020404,<li>JR横浜線「町田」駅バス18分 徒歩2～9分</li><li>JR横浜線「古淵」駅バス16分 徒歩2～9分</li><li>小田急小田原線「鶴川」駅バス18分 徒歩2～9分</li>
tokyo,machidayamasaki,藤の台,57400,,,,,,,町田市藤の台1-1ほか,3-20号棟,鉄筋コンクリート造,4,N,404号室,3K,45,5,54400,3000,2か月,"['近居割', '近居割WIDE']",随時,https://www.ur-net.go.jp/chintai/kanto/tokyo/20_1930_room.html?JKSS=003020404,<li>JR横浜線「町田」駅バス18分 徒歩2～9分</li><li>JR横浜線「古淵」駅バス16分 徒歩2～9分</li><li>小田急小田原線「鶴川」駅バス18分 徒歩2～9分</li>
tokyo,machidayamasaki,藤の台,63300,,,,JR横浜線「町田」駅,20.0,27.0,町田市藤の台1-1ほか,3-22号棟,鉄筋コンクリート造,3,N,310号室,3DK,51,5,60300,3000,2か月,"['近居割', '近居割WIDE']",随時,https://www.ur-net.go.jp/chintai/kanto/tokyo/20_1930_room.html?JKSS=003022310,<li>JR横浜線「町田」駅バス18分 徒歩2～9分</li><li>JR横浜線「古淵」駅バス16分 徒歩2～9分</li><li>小田急小田原線「鶴川」駅バス18分 徒歩2～9分</li>
tokyo,machidayamasaki,藤の台,63300,,,,JR横浜線「古淵」駅,18.0,25.0,町田市藤の台1-1ほか,3-22号棟,鉄筋コンクリート造,3,N,310号室,3DK,51,5,60300,3000,2か月,"['近居割', '近居割WIDE']",随時,https://www.ur-net.go.jp/chintai/kanto/tokyo/20_1930_room.html?JKSS=003022310,<li>JR横浜線「町田」駅バス18分 徒歩2～9分</li><li>JR横浜線「古淵」駅バス16分 徒歩2～9分</li><li>小田急小田原線「鶴川」駅バス18分 徒歩2～9分</li>
tokyo,machidayamasaki,藤の台,63300,,,,小田急小田原線「鶴川」駅,20.0,27.0,町田市藤の台1-1ほか,3-22号棟,鉄筋コンクリート造,3,N,310号室,3DK,51,5,60300,3000,2か月,"['近居割', '近居割WIDE']",随時,https://www.ur-net.go.jp/chintai/kanto/tokyo/20_1930_room.html?JKSS=003022310,<li>JR横浜線「町田」駅バス18分 徒歩2～9分</li><li>JR横浜線「古淵」駅バス16分 徒歩2～9分</li><li>小田急小田原線「鶴川」駅バス18分 徒歩2～9分</li>
tokyo,machidayamasaki,藤の台,63300,,,,,,,町田市藤の台1-1ほか,3-22号棟,鉄筋コンクリート造,3,N,310号室,3DK,51,5,60300,3000,2か月,"['近居割', '近居割WIDE']",随時,https://www.ur-net.go.jp/chintai/kanto/tokyo/20_1930_room.html?JKSS=003022310,<li>JR横浜線「町田」駅バス18分 徒歩2～9分</li><li>JR横浜線「古淵」駅バス16分 徒歩2～9分</li><li>小田急小田原線「鶴川」駅バス18分 徒歩2～9分</li>
tokyo,machidayamasaki,藤の台,65200,,,,JR横浜線「町田」駅,20.0,27.0,町田市藤の台1-1ほか,3-12号棟,鉄筋コンクリート造,4,N,401号室,3DK,56,5,62200,3000,2か月,"['近居割', '近居割WIDE']",随時,https://www.ur-net.go.jp/chintai/kanto/tokyo/20_1930_room.html?JKSS=003012401,<li>JR横浜線「町田」駅バス18分 徒歩2～9分</li><li>JR横浜線「古淵」駅バス16分 徒歩2～9分</li><li>小田急小田原線「鶴川」駅バス18分 徒歩2～9分</li>
tokyo,machidayamasaki,藤の台,65200,,,,JR横浜線「古淵」駅,18.0,25.0,町田市藤の台1-1ほか,3-12号棟,鉄筋コンクリート造,4,N,401号室,3DK,56,5,62200,3000,2か月,"['近居割', '近居割WIDE']",随時,https://www.ur-net.go.jp/chintai/kanto/tokyo/20_1930_room.html?JKSS=003012401,<li>JR横浜線「町田」駅バス18分 徒歩2～9分</li><li>JR横浜線「古淵」駅バス16分 徒歩2～9分</li><li>小田急小田原線「鶴川」駅バス18分 徒歩2～9分</li>
tokyo,machidayamasaki,藤の台,65200,,,,小田急小田原線「鶴川」駅,20.0,27.0,町田市藤の台1-1ほか,3-12号棟,鉄筋コンクリート造,4,N,401号室,3DK,56,5,62200,3000,2か月,"['近居割', '近居割WIDE']",随時,https://www.ur-net.go.jp/chintai/kanto/tokyo/20_1930_room.html?JKSS=003012401,<li>JR横浜線「町田」駅バス18分 徒歩2～9分</li><li>JR横浜線「古淵」駅バス16分 徒歩2～9分</li><li>小田急小田原線「鶴川」駅バス18分 徒歩2～9分</li>
tokyo,machidayamasaki,藤の台,65200,,,,,,,町田市藤の台1-1ほか,3-12号棟,鉄筋コンクリート造,4,N,401号室,3DK,56,5,62200,3000,2か月,"['近居割', '近居割WIDE']",随時,https://www.ur-net.go.jp/chintai/kanto/tokyo/20_1930_room.html?JKSS=003012401,<li>JR横浜線「町田」駅バス18分 徒歩2～9分</li><li>JR横浜線「古淵」駅バス16分 徒歩2～9分</li><li>小田急小田原線「鶴川」駅バス18分 徒歩2～9分</li>
tokyo,machidayamasaki,藤の台,68400,,,,JR横浜線「町田」駅,20.0,27.0,町田市藤の台1-1ほか,1-45号棟,鉄筋コンクリート造,2,N,203号室,3K,45,5,65400,3000,2か月,['健康寿命サポート'],随時,https://www.ur-net.go.jp/chintai/kanto/tokyo/20_1930_room.html?JKSS=001045203,<li>JR横浜線「町田」駅バス18分 徒歩2～9分</li><li>JR横浜線「古淵」駅バス16分 徒歩2～9分</li><li>小田急小田原線「鶴川」駅バス18分 徒歩2～9分</li>
tokyo,machidayamasaki,藤の台,68400,,,,JR横浜線「古淵」駅,18.0,25.0,町田市藤の台1-1ほか,1-45号棟,鉄筋コンクリート造,2,N,203号室,3K,45,5,65400,3000,2か月,['健康寿命サポート'],随時,https://www.ur-net.go.jp/chintai/kanto/tokyo/20_1930_room.html?JKSS=001045203,<li>JR横浜線「町田」駅バス18分 徒歩2～9分</li><li>JR横浜線「古淵」駅バス16分 徒歩2～9分</li><li>小田急小田原線「鶴川」駅バス18分 徒歩2～9分</li>
tokyo,machidayamasaki,藤の台,68400,,,,小田急小田原線「鶴川」駅,20.0,27.0,町田市藤の台1-1ほか,1-45号棟,鉄筋コンクリート造,2,N,203号室,3K,45,5,65400,3000,2か月,['健康寿命サポート'],随時,https://www.ur-net.go.jp/chintai/kanto/tokyo/20_1930_room.html?JKSS=001045203,<li>JR横浜線「町田」駅バス18分 徒歩2～9分</li><li>JR横浜線「古淵」駅バス16分 徒歩2～9分</li><li>小田急小田原線「鶴川」駅バス18分 徒歩2～9分</li>
tokyo,machidayamasaki,藤の台,68400,,,,,,,町田市藤の台1-1ほか,1-45号棟,鉄筋コンクリート造,2,N,203号室,3K,45,5,65400,3000,2か月,['健康寿命サポート'],随時,https://www.ur-net.go.jp/chintai/kanto/tokyo/20_1930_room.html?JKSS=001045203,<li>JR横浜線「町田」駅バス18分 徒歩2～9分</li><li>JR横浜線「古淵」駅バス16分 徒歩2～9分</li><li>小田急小田原線「鶴川」駅バス18分 徒歩2～9分</li>
tokyo,machidayamasaki,町田山崎,59300,,,,JR横浜線・小田急小田原線「町田」駅,17.0,32.0,町田市山崎町2130ほか,6-8号棟,鉄筋コンクリート造,4,N,403号室,2DK,45,5,55300,4000,2か月,"['近居割', '近居割WIDE']",随時,https://www.ur-net.go.jp/chintai/kanto/tokyo/20_1670_room.html?JKSS=000608403,<li>JR横浜線・小田急小田原線「町田」駅バス16～24分 徒歩1～8分</li><li>JR横浜線「古淵」駅バス11～17分 徒歩1～8分</li>
tokyo,machidayamasaki,町田山崎,59300,,,,JR横浜線「古淵」駅,12.0,25.0,町田市山崎町2130ほか,6-8号棟,鉄筋コンクリート造,4,N,403号室,2DK,45,5,55300,4000,2か月,"['近居割', '近居割WIDE']",随時,https://www.ur-net.go.jp/chintai/kanto/tokyo/20_1670_room.html?JKSS=000608403,<li>JR横浜線・小田急小田原線「町田」駅バス16～24分 徒歩1～8分</li><li>JR横浜線「古淵」駅バス11～17分 徒歩1～8分</li>
tokyo,machidayamasaki,町田山崎,59300,,,,,,,町田市山崎町2130ほか,6-8号棟,鉄筋コンクリート造,4,N,403号室,2DK,45,5,55300,4000,2か月,"['近居割', '近居割WIDE']",随時,https://www.ur-net.go.jp/chintai/kanto/tokyo/20_1670_room.html?JKSS=000608403,<li>JR横浜線・小田急小田原線「町田」駅バス16～24分 徒歩1～8分</li><li>JR横浜線「古淵」駅バス11～17分 徒歩1～8分</li>
tokyo,machidayamasaki,町田山崎,60200,,,,JR横浜線・小田急小田原線「町田」駅,17.0,32.0,町田市山崎町2130ほか,6-12号棟,鉄筋コンクリート造,4,N,404号室,3K,45,5,56200,4000,2か月,"['近居割', '近居割WIDE']",随時,https://www.ur-net.go.jp/chintai/kanto/tokyo/20_1670_room.html?JKSS=000612404,<li>JR横浜線・小田急小田原線「町田」駅バス16～24分 徒歩1～8分</li><li>JR横浜線「古淵」駅バス11～17分 徒歩1～8分</li>
tokyo,machidayamasaki,町田山崎,60200,,,,JR横浜線「古淵」駅,12.0,25.0,町田市山崎町2130ほか,6-12号棟,鉄筋コンクリート造,4,N,404号室,3K,45,5,56200,4000,2か月,"['近居割', '近居割WIDE']",随時,https://www.ur-net.go.jp/chintai/kanto/tokyo/20_1670_room.html?JKSS=000612404,<li>JR横浜線・小田急小田原線「町田」駅バス16～24分 徒歩1～8分</li><li>JR横浜線「古淵」駅バス11～17分 徒歩1～8分</li>
tokyo,machidayamasaki,町田山崎,60200,,,,,,,町田市山崎町2130ほか,6-12号棟,鉄筋コンクリート造,4,N,404号室,3K,45,5,56200,4000,2か月,"['近居割', '近居割WIDE']",随時,https://www.ur-net.go.jp/chintai/kanto/tokyo/20_1670_room.html?JKSS=000612404,<li>JR横浜線・小田急小田原線「町田」駅バス16～24分 徒歩1～8分</li><li>JR横浜線「古淵」駅バス11～17分 徒歩1～8分</li>
tokyo,machidayamasaki,町田山崎,62900,,,,JR横浜線・小田急小田原線「町田」駅,17.0,32.0,町田市山崎町2130ほか,7-17号棟,鉄筋コンクリート造,3,N,306号室,2DK,45,5,58900,4000,2か月,"['近居割', '近居割WIDE']",随時,https://www.ur-net.go.jp/chintai/kanto/tokyo/20_1670_room.html?JKSS=000717306,<li>JR横浜線・小田急小田原線「町田」駅バス16～24分 徒歩1～8分</li><li>JR横浜線「古淵」駅バス11～17分 徒歩1～8分</li>
tokyo,machidayamasaki,町田山崎,62900,,,,JR横浜線「古淵」駅,12.0,25.0,町田市山崎町2130ほか,7-17号棟,鉄筋コンクリート造,3,N,306号室,2DK,45,5,58900,4000,2か月,"['近居割', '近居割WIDE']",随時,https://www.ur-net.go.jp/chintai/kanto/tokyo/20_1670_room.html?JKSS=000717306,<li>JR横浜線・小田急小田原線「町田」駅バス16～24分 徒歩1～8分</li><li>JR横浜線「古淵」駅バス11～17分 徒歩1～8分</li>
tokyo,machidayamasaki,町田山崎,62900,,,,,,,町田市山崎町2130ほか,7-17号棟,鉄筋コンクリート造,3,N,306号室,2DK,45,5,58900,4000,2か月,"['近居割', '近居割WIDE']",随時,https://www.ur-net.go.jp/chintai/kanto/tokyo/20_1670_room.html?JKSS=000717306,<li>JR横浜線・小田急小田原線「町田」駅バス16～24分 徒歩1～8分</li><li>JR横浜線「古淵」駅バス11～17分 徒歩1～8分</li>
tokyo,machidayamasaki,町田山崎,63600,,,,JR横浜線・小田急小田原線「町田」駅,17.0,32.0,町田市山崎町2130ほか,6-1号棟,鉄筋コンクリート造,5,N,501号室,2LDK,56,5,59600,4000,2か月,"['近居割', '近居割WIDE']",随時,https://www.ur-net.go.jp/chintai/kanto/tokyo/20_1670_room.html?JKSS=000601501,<li>JR横浜線・小田急小田原線「町田」駅バス16～24分 徒歩1～8分</li><li>JR横浜線「古淵」駅バス11～17分 徒歩1～8分</li>
tokyo,machidayamasaki,町田山崎,63600,,,,JR横浜線「古淵」駅,12.0,25.0,町田市山崎町2130ほか,6-1号棟,鉄筋コンクリート造,5,N,501号室,2LDK,56,5,59600,4000,2か月,"['近居割', '近居割WIDE']",随時,https://www.ur-net.go.jp/chintai/kanto/tokyo/20_1670_room.html?JKSS=000601501,<li>JR横浜線・小田急小田原線「町田」駅バス16～24分 徒歩1～8分</li><li>JR横浜線「古淵」駅バス11～17分 徒歩1～8分</li>
tokyo,machidayamasaki,町田山崎,63600,,,,,,,町田市山崎町2130ほか,6-1号棟,鉄筋コンクリート造,5,N,501号室,2LDK,56,5,59600,4000,2か月,"['近居割', '近居割WIDE']",随時,https://www.ur-net.go.jp/chintai/kanto/tokyo/20_1670_room.html?JKSS=000601501,<li>JR横浜線・小田急小田原線「町田」駅バス16～24分 徒歩1～8分</li><li>JR横浜線「古淵」駅バス11～17分 徒歩1～8分</li>
tokyo,machidayamasaki,町田山崎,63900,,,,JR横浜線・小田急小田原線「町田」駅,17.0,32.0,町田市山崎町2130ほか,5-7号棟,鉄筋コンクリート造,5,N,501号室,3DK,56,5,59900,4000,2か月,"['近居割', '近居割WIDE']",随時,https://www.ur-net.go.jp/chintai/kanto/tokyo/20_1670_room.html?JKSS=000507501,<li>JR横浜線・小田急小田原線「町田」駅バス16～24分 徒歩1～8分</li><li>JR横浜線「古淵」駅バス11～17分 徒歩1～8分</li>
tokyo,machidayamasaki,町田山崎,63900,,,,JR横浜線「古淵」駅,12.0,25.0,町田市山崎町2130ほか,5-7号棟,鉄筋コンクリート造,5,N,501号室,3DK,56,5,59900,4000,2か月,"['近居割', '近居割WIDE']",随時,https://www.ur-net.go.jp/chintai/kanto/tokyo/20_1670_room.html?JKSS=000507501,<li>JR横浜線・小田急小田原線「町田」駅バス16～24分 徒歩1～8分</li><li>JR横浜線「古淵」駅バス11～17分 徒歩1～8分</li>
tokyo,machidayamasaki,町田山崎,63900,,,,,,,町田市山崎町2130ほか,5-7号棟,鉄筋コンクリート造,5,N,501号室,3DK,56,5,59900,4000,2か月,"['近居割', '近居割WIDE']",随時,https://www.ur-net.go.jp/chintai/kanto/tokyo/20_1670_room.html?JKSS=000507501,<li>JR横浜線・小田急小田原線「町田」駅バス16～24分 徒歩1～8分</li><li>JR横浜線「古淵」駅バス11～17分 徒歩1～8分</li>
tokyo,machidayamasaki,鶴川,61700,,,,小田急小田原線「鶴川」駅,6.0,16.0,町田市鶴川5ほか,2-5号棟,鉄筋コンクリート造,5,N,504号室,3K,45,5,58000,3700,2か月,['近居割WIDE'],随時,https://www.ur-net.go.jp/chintai/kanto/tokyo/20_1630_room.html?JKSS=000205504,<li>小田急小田原線「鶴川」駅バス5分 徒歩1～11分</li><li>小田急多摩線「黒川」駅バス13分 徒歩1～11分</li><li>京王相模原線「京王多摩センター」駅バス24分 徒歩7～14分</li>
tokyo,machidayamasaki,鶴川,61700,,,,小田急多摩線「黒川」駅,14.0,24.0,町田市鶴川5ほか,2-5号棟,鉄筋コンクリート造,5,N,504号室,3K,45,5,58000,3700,2か月,['近居割WIDE'],随時,https://www.ur-net.go.jp/chintai/kanto/tokyo/20_1630_room.html?JKSS=000205504,<li>小田急小田原線「鶴川」駅バス5分 徒歩1～11分</li><li>小田急多摩線「黒川」駅バス13分 徒歩1～11分</li><li>京王相模原線「京王多摩センター」駅バス24分 徒歩7～14分</li>
tokyo,machidayamasaki,鶴川,61700,,,,京王相模原線「京王多摩センター」駅,31.0,38.0,町田市鶴川5ほか,2-5号棟,鉄筋コンクリート造,5,N,504号室,3K,45,5,58000,3700,2か月,['近居割WIDE'],随時,https://www.ur-net.go.jp/chintai/kanto/tokyo/20_1630_room.html?JKSS=000205504,<li>小田急小田原線「鶴川」駅バス5分 徒歩1～11分</li><li>小田急多摩線「黒川」駅バス13分 徒歩1～11分</li><li>京王相模原線「京王多摩センター」駅バス24分 徒歩7～14分</li>
tokyo,machidayamasaki,鶴川,61700,,,,,,,町田市鶴川5ほか,2-5号棟,鉄筋コンクリート造,5,N,504号室,3K,45,5,58000,3700,2か月,['近居割WIDE'],随時,https://www.ur-net.go.jp/chintai/kanto/tokyo/20_1630_room.html?JKSS=000205504,<li>小田急小田原線「鶴川」駅バス5分 徒歩1～11分</li><li>小田急多摩線「黒川」駅バス13分 徒歩1～11分</li><li>京王相模原線「京王多摩センター」駅バス24分 徒歩7～14分</li>
tokyo,machidayamasaki,鶴川,61700,,,,小田急小田原線「鶴川」駅,6.0,16.0,町田市鶴川5ほか,4-6号棟,鉄筋コンクリート造,5,N,507号室,3K,45,5,58000,3700,2か月,['近居割WIDE'],随時,https://www.ur-net.go.jp/chintai/kanto/tokyo/20_1630_room.html?JKSS=000406507,<li>小田急小田原線「鶴川」駅バス5分 徒歩1～11分</li><li>小田急多摩線「黒川」駅バス13分 徒歩1～11分</li><li>京王相模原線「京王多摩センター」駅バス24分 徒歩7～14分</li>
tokyo,machidayamasaki,鶴川,61700,,,,小田急多摩線「黒川」駅,14.0,24.0,町田市鶴川5ほか,4-6号棟,鉄筋コンクリート造,5,N,507号室,3K,45,5,58000,3700,2か月,['近居割WIDE'],随時,https://www.ur-net.go.jp/chintai/kanto/tokyo/20_1630_room.html?JKSS=000406507,<li>小田急小田原線「鶴川」駅バス5分 徒歩1～11分</li><li>小田急多摩線「黒川」駅バス13分 徒歩1～11分</li><li>京王相模原線「京王多摩センター」駅バス24分 徒歩7～14分</li>
tokyo,machidayamasaki,鶴川,61700,,,,京王相模原線「京王多摩センター」駅,31.0,38.0,町田市鶴川5ほか,4-6号棟,鉄筋コンクリート造,5,N,507号室,3K,45,5,58000,3700,2か月,['近居割WIDE'],随時,https://www.ur-net.go.jp/chintai/kanto/tokyo/20_1630_room.html?JKSS=000406507,<li>小田急小田原線「鶴川」駅バス5分 徒歩1～11分</li><li>小田急多摩線「黒川」駅バス13分 徒歩1～11分</li><li>京王相模原線「京王多摩センター」駅バス24分 徒歩7～14分</li>
tokyo,machidayamasaki,鶴川,61700,,,,,,,町田市鶴川5ほか,4-6号棟,鉄筋コンクリート造,5,N,507号室,3K,45,5,58000,3700,2か月,['近居割WIDE'],随時,https://www.ur-net.go.jp/chintai/kanto/tokyo/20_1630_room.html?JKSS=000406507,<li>小田急小田原線「鶴川」駅バス5分 徒歩1～11分</li><li>小田急多摩線「黒川」駅バス13分 徒歩1～11分</li><li>京王相模原線「京王多摩センター」駅バス24分 徒歩7～14分</li>
tokyo,machidayamasaki,鶴川,61700,,,,小田急小田原線「鶴川」駅,6.0,16.0,町田市鶴川5ほか,4-10号棟,鉄筋コンクリート造,5,N,505号室,2DK,45,5,58000,3700,2か月,['近居割WIDE'],随時,https://www.ur-net.go.jp/chintai/kanto/tokyo/20_1630_room.html?JKSS=000410505,<li>小田急小田原線「鶴川」駅バス5分 徒歩1～11分</li><li>小田急多摩線「黒川」駅バス13分 徒歩1～11分</li><li>京王相模原線「京王多摩センター」駅バス24分 徒歩7～14分</li>
tokyo,machidayamasaki,鶴川,61700,,,,小田急多摩線「黒川」駅,14.0,24.0,町田市鶴川5ほか,4-10号棟,鉄筋コンクリート造,5,N,505号室,2DK,45,5,58000,3700,2か月,['近居割WIDE'],随時,https://www.ur-net.go.jp/chintai/kanto/tokyo/20_1630_room.html?JKSS=000410505,<li>小田急小田原線「鶴川」駅バス5分 徒歩1～11分</li><li>小田急多摩線「黒川」駅バス13分 徒歩1～11分</li><li>京王相模原線「京王多摩センター」駅バス24分 徒歩7～14分</li>
tokyo,machidayamasaki,鶴川,61700,,,,京王相模原線「京王多摩センター」駅,31.0,38.0,町田市鶴川5ほか,4-10号棟,鉄筋コンクリート造,5,N,505号室,2DK,45,5,58000,3700,2か月,['近居割WIDE'],随時,https://www.ur-net.go.jp/chintai/kanto/tokyo/20_1630_room.html?JKSS=000410505,<li>小田急小田原線「鶴川」駅バス5分 徒歩1～11分</li><li>小田急多摩線「黒川」駅バス13分 徒歩1～11分</li><li>京王相模原線「京王多摩センター」駅バス24分 徒歩7～14分</li>
tokyo,machidayamasaki,鶴川,61700,,,,,,,町田市鶴川5ほか,4-10号棟,鉄筋コンクリート造,5,N,505号室,2DK,45,5,58000,3700,2か月,['近居割WIDE'],随時,https://www.ur-net.go.jp/chintai/kanto/tokyo/20_1630_room.html?JKSS=000410505,<li>小田急小田原線「鶴川」駅バス5分 徒歩1～11分</li><li>小田急多摩線「黒川」駅バス13分 徒歩1～11分</li><li>京王相模原線「京王多摩センター」駅バス24分 徒歩7～14分</li>
tokyo,machidayamasaki,鶴川,64300,,,,小田急小田原線「鶴川」駅,6.0,16.0,町田市鶴川5ほか,2-3号棟,鉄筋コンクリート造,4,N,402号室,3K,45,5,60600,3700,2か月,['URライト（4年定借）'],随時,https://www.ur-net.go.jp/chintai/kanto/tokyo/20_1630_room.html?JKSS=000203402,<li>小田急小田原線「鶴川」駅バス5分 徒歩1～11分</li><li>小田急多摩線「黒川」駅バス13分 徒歩1～11分</li><li>京王相模原線「京王多摩センター」駅バス24分 徒歩7～14分</li>
tokyo,machidayamasaki,鶴川,64300,,,,小田急多摩線「黒川」駅,14.0,24.0,町田市鶴川5ほか,2-3号棟,鉄筋コンクリート造,4,N,402号室,3K,45,5,60600,3700,2か月,['URライト（4年定借）'],随時,https://www.ur-net.go.jp/chintai/kanto/tokyo/20_1630_room.html?JKSS=000203402,<li>小田急小田原線「鶴川」駅バス5分 徒歩1～11分</li><li>小田急多摩線「黒川」駅バス13分 徒歩1～11分</li><li>京王相模原線「京王多摩センター」駅バス24分 徒歩7～14分</li>
tokyo,machidayamasaki,鶴川,64300,,,,京王相模原線「京王多摩センター」駅,31.0,38.0,町田市鶴川5ほか,2-3号棟,鉄筋コンクリート造,4,N,402号室,3K,45,5,60600,3700,2か月,['URライト（4年定借）'],随時,https://www.ur-net.go.jp/chintai/kanto/tokyo/20_1630_room.html?JKSS=000203402,<li>小田急小田原線「鶴川」駅バス5分 徒歩1～11分</li><li>小田急多摩線「黒川」駅バス13分 徒歩1～11分</li><li>京王相模原線「京王多摩センター」駅バス24分 徒歩7～14分</li>
tokyo,machidayamasaki,鶴川,64300,,,,,,,町田市鶴川5ほか,2-3号棟,鉄筋コンクリート造,4,N,402号室,3K,45,5,60600,3700,2か月,['URライト（4年定借）'],随時,https://www.ur-net.go.jp/chintai/kanto/tokyo/20_1630_room.html?JKSS=000203402,<li>小田急小田原線「鶴川」駅バス5分 徒歩1～11分</li><li>小田急多摩線「黒川」駅バス13分 徒歩1～11分</li><li>京王相模原線「京王多摩センター」駅バス24分 徒歩7～14分</li>
tokyo,machidayamasaki,鶴川,64300,,,,小田急小田原線「鶴川」駅,6.0,16.0,町田市鶴川5ほか,4-6号棟,鉄筋コンクリート造,4,N,404号室,2DK,45,5,60600,3700,2か月,['近居割WIDE'],随時,https://www.ur-net.go.jp/chintai/kanto/tokyo/20_1630_room.html?JKSS=000406404,<li>小田急小田原線「鶴川」駅バス5分 徒歩1～11分</li><li>小田急多摩線「黒川」駅バス13分 徒歩1～11分</li><li>京王相模原線「京王多摩センター」駅バス24分 徒歩7～14分</li>
tokyo,machidayamasaki,鶴川,64300,,,,小田急多摩線「黒川」駅,14.0,24.0,町田市鶴川5ほか,4-6号棟,鉄筋コンクリート造,4,N,404号室,2DK,45,5,60600,3700,2か月,['近居割WIDE'],随時,https://www.ur-net.go.jp/chintai/kanto/tokyo/20_1630_room.html?JKSS=000406404,<li>小田急小田原線「鶴川」駅バス5分 徒歩1～11分</li><li>小田急多摩線「黒川」駅バス13分 徒歩1～11分</li><li>京王相模原線「京王多摩センター」駅バス24分 徒歩7～14分</li>
tokyo,machidayamasaki,鶴川,64300,,,,京王相模原線「京王多摩センター」駅,31.0,38.0,町田市鶴川5ほか,4-6号棟,鉄筋コンクリート造,4,N,404号室,2DK,45,5,60600,3700,2か月,['近居割WIDE'],随時,https://www.ur-net.go.jp/chintai/kanto/tokyo/20_1630_room.html?JKSS=000406404,<li>小田急小田原線「鶴川」駅バス5分 徒歩1～11分</li><li>小田急多摩線「黒川」駅バス13分 徒歩1～11分</li><li>京王相模原線「京王多摩センター」駅バス24分 徒歩7～14分</li>
tokyo,machidayamasaki,鶴川,64300,,,,,,,町田市鶴川5ほか,4-6号棟,鉄筋コンクリート造,4,N,404号室,2DK,45,5,60600,3700,2か月,['近居割WIDE'],随時,https://www.ur-net.go.jp/chintai/kanto/tokyo/20_1630_room.html?JKSS=000406404,<li>小田急小田原線「鶴川」駅バス5分 徒歩1～11分</li><li>小田急多摩線「黒川」駅バス13分 徒歩1～11分</li><li>京王相模原線「京王多摩センター」駅バス24分 徒歩7～14分</li>
tokyo,machidayamasaki,ニュータウン小山田桜台,87800,,,,JR横浜線・小田急小田原線「町田」駅,30.0,35.0,町田市小山田桜台2-4ほか,11号棟,鉄筋コンクリート造,4,N,404号室,3LDK,78,4,83000,4800,2か月,"['近居割', '近居割WIDE']",随時,https://www.ur-net.go.jp/chintai/kanto/tokyo/20_3600_room.html?JKSS=000110404,<li>JR横浜線・小田急小田原線「町田」駅バス29～32分 徒歩1～3分</li><li>JR横浜線「淵野辺」駅バス10～13分 徒歩1～3分</li>
tokyo,machidayamasaki,ニュータウン小山田桜台,87800,,,,JR横浜線「淵野辺」駅,11.0,16.0,町田市小山田桜台2-4ほか,11号棟,鉄筋コンクリート造,4,N,404号室,3LDK,78,4,83000,4800,2か月,"['近居割', '近居割WIDE']",随時,https://www.ur-net.go.jp/chintai/kanto/tokyo/20_3600_room.html?JKSS=000110404,<li>JR横浜線・小田急小田原線「町田」駅バス29～32分 徒歩1～3分</li><li>JR横浜線「淵野辺」駅バス10～13分 徒歩1～3分</li>
tokyo,machidayamasaki,ニュータウン小山田桜台,87800,,,,,,,町田市小山田桜台2-4ほか,11号棟,鉄筋コンクリート造,4,N,404号室,3LDK,78,4,83000,4800,2か月,"['近居割', '近居割WIDE']",随時,https://www.ur-net.go.jp/chintai/kanto/tokyo/20_3600_room.html?JKSS=000110404,<li>JR横浜線・小田急小田原線「町田」駅バス29～32分 徒歩1～3分</li><li>JR横浜線「淵野辺」駅バス10～13分 徒歩1～3分</li>
tokyo,kumegawa,エステート富士見台,114000,西武多摩湖線｢八坂｣駅,10.0,10.0,,,,東村山市富士見町1-8-8,,鉄筋コンクリート造,2,N,211号室,3LDK,76,5,110800,3200,2か月,['近居割'],随時,https://www.ur-net.go.jp/chintai/kanto/tokyo/20_4960_room.html?JKSS=000000211,<li>西武多摩湖線｢八坂｣駅 徒歩10分</li><li>西武拝島線｢小川｣駅 徒歩13分</li><li>西武新宿線｢久米川｣駅バス4分 徒歩1分</li>
tokyo,kumegawa,エステート富士見台,114000,西武拝島線｢小川｣駅,13.0,13.0,,,,東村山市富士見町1-8-8,,鉄筋コンクリート造,2,N,211号室,3LDK,76,5,110800,3200,2か月,['近居割'],随時,https://www.ur-net.go.jp/chintai/kanto/tokyo/20_4960_room.html?JKSS=000000211,<li>西武多摩湖線｢八坂｣駅 徒歩10分</li><li>西武拝島線｢小川｣駅 徒歩13分</li><li>西武新宿線｢久米川｣駅バス4分 徒歩1分</li>
tokyo,kumegawa,エステート富士見台,114000,,,,西武新宿線｢久米川｣駅,5.0,5.0,東村山市富士見町1-8-8,,鉄筋コンクリート造,2,N,211号室,3LDK,76,5,110800,3200,2か月,['近居割'],随時,https://www.ur-net.go.jp/chintai/kanto/tokyo/20_4960_room.html?JKSS=000000211,<li>西武多摩湖線｢八坂｣駅 徒歩10分</li><li>西武拝島線｢小川｣駅 徒歩13分</li><li>西武新宿線｢久米川｣駅バス4分 徒歩1分</li>
tokyo,kumegawa,エステート富士見台,114000,,,,,,,東村山市富士見町1-8-8,,鉄筋コンクリート造,2,N,211号室,3LDK,76,5,110800,3200,2か月,['近居割'],随時,https://www.ur-net.go.jp/chintai/kanto/tokyo/20_4960_room.html?JKSS=000000211,<li>西武多摩湖線｢八坂｣駅 徒歩10分</li><li>西武拝島線｢小川｣駅 徒歩13分</li><li>西武新宿線｢久米川｣駅バス4分 徒歩1分</li>
tokyo,tachikawa,国立富士見台,78000,JR南武線「谷保」駅,5.0,15.0,,,,国立市富士見台1-7ほか,2-4号棟,鉄筋コンクリート造,4,N,401号室,3K,45,5,75200,2800,2か月,['URライト（4年定借）'],随時,https://www.ur-net.go.jp/chintai/kanto/tokyo/20_1350_room.html?JKSS=000204401,<li>JR南武線「谷保」駅（第1団地）徒歩5～10分、（第2、3団地）徒歩10～15分</li><li>JR中央線「国立」駅（第1団地）徒歩21～26分 またはバス5分 徒歩1～9分、（第2、3団地）徒歩23～28分 またはバス8分 徒歩2～5分</li><li>JR南武線「矢川」駅（第1団地）バス5分 徒歩1～7分、（第2、3団地）徒歩8～16分</li>
tokyo,tachikawa,国立富士見台,78000,JR中央線「国立」駅,21.0,28.0,JR中央線「国立」駅,6.0,14.0,国立市富士見台1-7ほか,2-4号棟,鉄筋コンクリート造,4,N,401号室,3K,45,5,75200,2800,2か月,['URライト（4年定借）'],随時,https://www.ur-net.go.jp/chintai/kanto/tokyo/20_1350_room.html?JKSS=000204401,<li>JR南武線「谷保」駅（第1団地）徒歩5～10分、（第2、3団地）徒歩10～15分</li><li>JR中央線「国立」駅（第1団地）徒歩21～26分 またはバス5分 徒歩1～9分、（第2、3団地）徒歩23～28分 またはバス8分 徒歩2～5分</li><li>JR南武線「矢川」駅（第1団地）バス5分 徒歩1～7分、（第2、3団地）徒歩8～16分</li>
tokyo,tachikawa,国立富士見台,78000,JR南武線「矢川」駅,8.0,16.0,JR南武線「矢川」駅,6.0,12.0,国立市富士見台1-7ほか,2-4号棟,鉄筋コンクリート造,4,N,401号室,3K,45,5,75200,2800,2か月,['URライト（4年定借）'],随時,https://www.ur-net.go.jp/chintai/kanto/tokyo/20_1350_room.html?JKSS=000204401,<li>JR南武線「谷保」駅（第1団地）徒歩5～10分、（第2、3団地）徒歩10～15分</li><li>JR中央線「国立」駅（第1団地）徒歩21～26分 またはバス5分 徒歩1～9分、（第2、3団地）徒歩23～28分 またはバス8分 徒歩2～5分</li><li>JR南武線「矢川」駅（第1団地）バス5分 徒歩1～7分、（第2、3団地）徒歩8～16分</li>
tokyo,tachikawa,国立富士見台,78000,,,,,,,国立市富士見台1-7ほか,2-4号棟,鉄筋コンクリート造,4,N,401号室,3K,45,5,75200,2800,2か月,['URライト（4年定借）'],随時,https://www.ur-net.go.jp/chintai/kanto/tokyo/20_1350_room.html?JKSS=000204401,<li>JR南武線「谷保」駅（第1団地）徒歩5～10分、（第2、3団地）徒歩10～15分</li><li>JR中央線「国立」駅（第1団地）徒歩21～26分 またはバス5分 徒歩1～9分、（第2、3団地）徒歩23～28分 またはバス8分 徒歩2～5分</li><li>JR南武線「矢川」駅（第1団地）バス5分 徒歩1～7分、（第2、3団地）徒歩8～16分</li>
tokyo,tachikawa,国立富士見台,82100,JR南武線「谷保」駅,5.0,15.0,,,,国立市富士見台1-7ほか,2-7号棟,鉄筋コンクリート造,5,N,506号室,3DK,50,5,79300,2800,2か月,['URライト（4年定借）'],随時,https://www.ur-net.go.jp/chintai/kanto/tokyo/20_1350_room.html?JKSS=000207506,<li>JR南武線「谷保」駅（第1団地）徒歩5～10分、（第2、3団地）徒歩10～15分</li><li>JR中央線「国立」駅（第1団地）徒歩21～26分 またはバス5分 徒歩1～9分、（第2、3団地）徒歩23～28分 またはバス8分 徒歩2～5分</li><li>JR南武線「矢川」駅（第1団地）バス5分 徒歩1～7分、（第2、3団地）徒歩8～16分</li>
tokyo,tachikawa,国立富士見台,82100,JR中央線「国立」駅,21.0,28.0,JR中央線「国立」駅,6.0,14.0,国立市富士見台1-7ほか,2-7号棟,鉄筋コンクリート造,5,N,506号室,3DK,50,5,79300,2800,2か月,['URライト（4年定借）'],随時,https://www.ur-net.go.jp/chintai/kanto/tokyo/20_1350_room.html?JKSS=000207506,<li>JR南武線「谷保」駅（第1団地）徒歩5～10分、（第2、3団地）徒歩10～15分</li><li>JR中央線「国立」駅（第1団地）徒歩21～26分 またはバス5分 徒歩1～9分、（第2、3団地）徒歩23～28分 またはバス8分 徒歩2～5分</li><li>JR南武線「矢川」駅（第1団地）バス5分 徒歩1～7分、（第2、3団地）徒歩8～16分</li>
tokyo,tachikawa,国立富士見台,82100,JR南武線「矢川」駅,8.0,16.0,JR南武線「矢川」駅,6.0,12.0,国立市富士見台1-7ほか,2-7号棟,鉄筋コンクリート造,5,N,506号室,3DK,50,5,79300,2800,2か月,['URライト（4年定借）'],随時,https://www.ur-net.go.jp/chintai/kanto/tokyo/20_1350_room.html?JKSS=000207506,<li>JR南武線「谷保」駅（第1団地）徒歩5～10分、（第2、3団地）徒歩10～15分</li><li>JR中央線「国立」駅（第1団地）徒歩21～26分 またはバス5分 徒歩1～9分、（第2、3団地）徒歩23～28分 またはバス8分 徒歩2～5分</li><li>JR南武線「矢川」駅（第1団地）バス5分 徒歩1～7分、（第2、3団地）徒歩8～16分</li>
tokyo,tachikawa,国立富士見台,82100,,,,,,,国立市富士見台1-7ほか,2-7号棟,鉄筋コンクリート造,5,N,506号室,3DK,50,5,79300,2800,2か月,['URライト（4年定借）'],随時,https://www.ur-net.go.jp/chintai/kanto/tokyo/20_1350_room.html?JKSS=000207506,<li>JR南武線「谷保」駅（第1団地）徒歩5～10分、（第2、3団地）徒歩10～15分</li><li>JR中央線「国立」駅（第1団地）徒歩21～26分 またはバス5分 徒歩1～9分、（第2、3団地）徒歩23～28分 またはバス8分 徒歩2～5分</li><li>JR南武線「矢川」駅（第1団地）バス5分 徒歩1～7分、（第2、3団地）徒歩8～16分</li>
tokyo,tachikawa,国立富士見台,89600,JR南武線「谷保」駅,5.0,15.0,,,,国立市富士見台1-7ほか,3-8号棟,鉄筋コンクリート造,2,N,204号室,3DK,50,5,86800,2800,2か月,['URライト（4年定借）'],随時,https://www.ur-net.go.jp/chintai/kanto/tokyo/20_1350_room.html?JKSS=000308204,<li>JR南武線「谷保」駅（第1団地）徒歩5～10分、（第2、3団地）徒歩10～15分</li><li>JR中央線「国立」駅（第1団地）徒歩21～26分 またはバス5分 徒歩1～9分、（第2、3団地）徒歩23～28分 またはバス8分 徒歩2～5分</li><li>JR南武線「矢川」駅（第1団地）バス5分 徒歩1～7分、（第2、3団地）徒歩8～16分</li>
tokyo,tachikawa,国立富士見台,89600,JR中央線「国立」駅,21.0,28.0,JR中央線「国立」駅,6.0,14.0,国立市富士見台1-7ほか,3-8号棟,鉄筋コンクリート造,2,N,204号室,3DK,50,5,86800,2800,2か月,['URライト（4年定借）'],随時,https://www.ur-net.go.jp/chintai/kanto/tokyo/20_1350_room.html?JKSS=000308204,<li>JR南武線「谷保」駅（第1団地）徒歩5～10分、（第2、3団地）徒歩10～15分</li><li>JR中央線「国立」駅（第1団地）徒歩21～26分 またはバス5分 徒歩1～9分、（第2、3団地）徒歩23～28分 またはバス8分 徒歩2～5分</li><li>JR南武線「矢川」駅（第1団地）バス5分 徒歩1～7分、（第2、3団地）徒歩8～16分</li>
tokyo,tachikawa,国立富士見台,89600,JR南武線「矢川」駅,8.0,16.0,JR南武線「矢川」駅,6.0,12.0,国立市富士見台1-7ほか,3-8号棟,鉄筋コンクリート造,2,N,204号室,3DK,50,5,86800,2800,2か月,['URライト（4年定借）'],随時,https://www.ur-net.go.jp/chintai/kanto/tokyo/20_1350_room.html?JKSS=000308204,<li>JR南武線「谷保」駅（第1団地）徒歩5～10分、（第2、3団地）徒歩10～15分</li><li>JR中央線「国立」駅（第1団地）徒歩21～26分 またはバス5分 徒歩1～9分、（第2、3団地）徒歩23～28分 またはバス8分 徒歩2～5分</li><li>JR南武線「矢川」駅（第1団地）バス5分 徒歩1～7分、（第2、3団地）徒歩8～16分</li>
tokyo,tachikawa,国立富士見台,89600,,,,,,,国立市富士見台1-7ほか,3-8号棟,鉄筋コンクリート造,2,N,204号室,3DK,50,5,86800,2800,2か月,['URライト（4年定借）'],随時,https://www.ur-net.go.jp/chintai/kanto/tokyo/20_1350_room.html?JKSS=000308204,<li>JR南武線「谷保」駅（第1団地）徒歩5～10分、（第2、3団地）徒歩10～15分</li><li>JR中央線「国立」駅（第1団地）徒歩21～26分 またはバス5分 徒歩1～9分、（第2、3団地）徒歩23～28分 またはバス8分 徒歩2～5分</li><li>JR南武線「矢川」駅（第1団地）バス5分 徒歩1～7分、（第2、3団地）徒歩8～16分</li>
tokyo,tachikawa,いちょう並木国立,128600,JR中央線「立川」駅,19.0,21.0,JR中央線「立川」駅,12.0,14.0,国立市北3-35-1ほか,1号棟,鉄筋コンクリート造,2,N,214号室,2DK,61,12,123000,5600,2か月,['近居割'],随時,https://www.ur-net.go.jp/chintai/kanto/tokyo/20_5770_room.html?JKSS=000010214,<li>JR中央線「立川」駅 徒歩19～21分 またはバス10分 徒歩2～4分</li><li>JR南武線「西国立」駅 徒歩12～16分</li><li>多摩都市モノレール「立川北」駅 徒歩21～22分</li>
tokyo,tachikawa,いちょう並木国立,128600,JR南武線「西国立」駅,12.0,16.0,,,,国立市北3-35-1ほか,1号棟,鉄筋コンクリート造,2,N,214号室,2DK,61,12,123000,5600,2か月,['近居割'],随時,https://www.ur-net.go.jp/chintai/kanto/tokyo/20_5770_room.html?JKSS=000010214,<li>JR中央線「立川」駅 徒歩19～21分 またはバス10分 徒歩2～4分</li><li>JR南武線「西国立」駅 徒歩12～16分</li><li>多摩都市モノレール「立川北」駅 徒歩21～22分</li>
tokyo,tachikawa,いちょう並木国立,128600,多摩都市モノレール「立川北」駅,21.0,22.0,,,,国立市北3-35-1ほか,1号棟,鉄筋コンクリート造,2,N,214号室,2DK,61,12,123000,5600,2か月,['近居割'],随時,https://www.ur-net.go.jp/chintai/kanto/tokyo/20_5770_room.html?JKSS=000010214,<li>JR中央線「立川」駅 徒歩19～21分 またはバス10分 徒歩2～4分</li><li>JR南武線「西国立」駅 徒歩12～16分</li><li>多摩都市モノレール「立川北」駅 徒歩21～22分</li>
tokyo,tachikawa,いちょう並木国立,128600,,,,,,,国立市北3-35-1ほか,1号棟,鉄筋コンクリート造,2,N,214号室,2DK,61,12,123000,5600,2か月,['近居割'],随時,https://www.ur-net.go.jp/chintai/kanto/tokyo/20_5770_room.html?JKSS=000010214,<li>JR中央線「立川」駅 徒歩19～21分 またはバス10分 徒歩2～4分</li><li>JR南武線「西国立」駅 徒歩12～16分</li><li>多摩都市モノレール「立川北」駅 徒歩21～22分</li>
tokyo,tachikawa,いちょう並木国立,154300,JR中央線「立川」駅,19.0,21.0,JR中央線「立川」駅,12.0,14.0,国立市北3-35-1ほか,5号棟,鉄筋コンクリート造,5,N,506号室,2LDK,67,6,148700,5600,2か月,['近居割'],随時,https://www.ur-net.go.jp/chintai/kanto/tokyo/20_5770_room.html?JKSS=000050506,<li>JR中央線「立川」駅 徒歩19～21分 またはバス10分 徒歩2～4分</li><li>JR南武線「西国立」駅 徒歩12～16分</li><li>多摩都市モノレール「立川北」駅 徒歩21～22分</li>
tokyo,tachikawa,いちょう並木国立,154300,JR南武線「西国立」駅,12.0,16.0,,,,国立市北3-35-1ほか,5号棟,鉄筋コンクリート造,5,N,506号室,2LDK,67,6,148700,5600,2か月,['近居割'],随時,https://www.ur-net.go.jp/chintai/kanto/tokyo/20_5770_room.html?JKSS=000050506,<li>JR中央線「立川」駅 徒歩19～21分 またはバス10分 徒歩2～4分</li><li>JR南武線「西国立」駅 徒歩12～16分</li><li>多摩都市モノレール「立川北」駅 徒歩21～22分</li>
tokyo,tachikawa,いちょう並木国立,154300,多摩都市モノレール「立川北」駅,21.0,22.0,,,,国立市北3-35-1ほか,5号棟,鉄筋コンクリート造,5,N,506号室,2LDK,67,6,148700,5600,2か月,['近居割'],随時,https://www.ur-net.go.jp/chintai/kanto/tokyo/20_5770_room.html?JKSS=000050506,<li>JR中央線「立川」駅 徒歩19～21分 またはバス10分 徒歩2～4分</li><li>JR南武線「西国立」駅 徒歩12～16分</li><li>多摩都市モノレール「立川北」駅 徒歩21～22分</li>
tokyo,tachikawa,いちょう並木国立,154300,,,,,,,国立市北3-35-1ほか,5号棟,鉄筋コンクリート造,5,N,506号室,2LDK,67,6,148700,5600,2か月,['近居割'],随時,https://www.ur-net.go.jp/chintai/kanto/tokyo/20_5770_room.html?JKSS=000050506,<li>JR中央線「立川」駅 徒歩19～21分 またはバス10分 徒歩2～4分</li><li>JR南武線「西国立」駅 徒歩12～16分</li><li>多摩都市モノレール「立川北」駅 徒歩21～22分</li>
tokyo,kichijoji,三鷹台,154200,,,,JR中央線「三鷹」駅,16.0,21.0,三鷹市牟礼2-14,14号棟,鉄筋コンクリート造,5,N,509号室,1LDK,56,8,148000,6200,2か月,"['近居割', '近居割WIDE']",随時,https://www.ur-net.go.jp/chintai/kanto/tokyo/20_6601_room.html?JKSS=000140509,<li>JR中央線「三鷹」駅バス12分 徒歩4～9分</li><li>JR中央線「吉祥寺」駅バス11分 徒歩2～8分</li><li>京王井の頭線「三鷹台」駅 徒歩14～18分</li>
tokyo,kichijoji,三鷹台,154200,,,,JR中央線「吉祥寺」駅,13.0,19.0,三鷹市牟礼2-14,14号棟,鉄筋コンクリート造,5,N,509号室,1LDK,56,8,148000,6200,2か月,"['近居割', '近居割WIDE']",随時,https://www.ur-net.go.jp/chintai/kanto/tokyo/20_6601_room.html?JKSS=000140509,<li>JR中央線「三鷹」駅バス12分 徒歩4～9分</li><li>JR中央線「吉祥寺」駅バス11分 徒歩2～8分</li><li>京王井の頭線「三鷹台」駅 徒歩14～18分</li>
tokyo,kichijoji,三鷹台,154200,京王井の頭線「三鷹台」駅,14.0,18.0,,,,三鷹市牟礼2-14,14号棟,鉄筋コンクリート造,5,N,509号室,1LDK,56,8,148000,6200,2か月,"['近居割', '近居割WIDE']",随時,https://www.ur-net.go.jp/chintai/kanto/tokyo/20_6601_room.html?JKSS=000140509,<li>JR中央線「三鷹」駅バス12分 徒歩4～9分</li><li>JR中央線「吉祥寺」駅バス11分 徒歩2～8分</li><li>京王井の頭線「三鷹台」駅 徒歩14～18分</li>
tokyo,kichijoji,三鷹台,154200,,,,,,,三鷹市牟礼2-14,14号棟,鉄筋コンクリート造,5,N,509号室,1LDK,56,8,148000,6200,2か月,"['近居割', '近居割WIDE']",随時,https://www.ur-net.go.jp/chintai/kanto/tokyo/20_6601_room.html?JKSS=000140509,<li>JR中央線「三鷹」駅バス12分 徒歩4～9分</li><li>JR中央線「吉祥寺」駅バス11分 徒歩2～8分</li><li>京王井の頭線「三鷹台」駅 徒歩14～18分</li>
tokyo,tachikawa,昭島つつじが丘ハイツ,91100,JR青梅線「昭島」駅,9.0,11.0,,,,昭島市つつじが丘3-4ほか,8号棟,鉄骨鉄筋コンクリート造,14,N,1408号室,3DK,59,14,85400,5700,2か月,['近居割'],随時,https://www.ur-net.go.jp/chintai/kanto/tokyo/20_3380_room.html?JKSS=000081408,<li>JR青梅線「昭島」駅 徒歩9～11分</li><li>JR青梅線「中神」駅 徒歩13～15分</li><li>西武拝島線「西武立川」駅 徒歩25～28分</li>
tokyo,tachikawa,昭島つつじが丘ハイツ,91100,JR青梅線「中神」駅,13.0,15.0,,,,昭島市つつじが丘3-4ほか,8号棟,鉄骨鉄筋コンクリート造,14,N,1408号室,3DK,59,14,85400,5700,2か月,['近居割'],随時,https://www.ur-net.go.jp/chintai/kanto/tokyo/20_3380_room.html?JKSS=000081408,<li>JR青梅線「昭島」駅 徒歩9～11分</li><li>JR青梅線「中神」駅 徒歩13～15分</li><li>西武拝島線「西武立川」駅 徒歩25～28分</li>
tokyo,tachikawa,昭島つつじが丘ハイツ,91100,西武拝島線「西武立川」駅,25.0,28.0,,,,昭島市つつじが丘3-4ほか,8号棟,鉄骨鉄筋コンクリート造,14,N,1408号室,3DK,59,14,85400,5700,2か月,['近居割'],随時,https://www.ur-net.go.jp/chintai/kanto/tokyo/20_3380_room.html?JKSS=000081408,<li>JR青梅線「昭島」駅 徒歩9～11分</li><li>JR青梅線「中神」駅 徒歩13～15分</li><li>西武拝島線「西武立川」駅 徒歩25～28分</li>
tokyo,tachikawa,昭島つつじが丘ハイツ,91100,,,,,,,昭島市つつじが丘3-4ほか,8号棟,鉄骨鉄筋コンクリート造,14,N,1408号室,3DK,59,14,85400,5700,2か月,['近居割'],随時,https://www.ur-net.go.jp/chintai/kanto/tokyo/20_3380_room.html?JKSS=000081408,<li>JR青梅線「昭島」駅 徒歩9～11分</li><li>JR青梅線「中神」駅 徒歩13～15分</li><li>西武拝島線「西武立川」駅 徒歩25～28分</li>
tokyo,tachikawa,昭島つつじが丘ハイツ,95800,JR青梅線「昭島」駅,9.0,11.0,,,,昭島市つつじが丘3-4ほか,8号棟,鉄骨鉄筋コンクリート造,2,N,206号室,3DK,59,14,90100,5700,2か月,['近居割'],随時,https://www.ur-net.go.jp/chintai/kanto/tokyo/20_3380_room.html?JKSS=000080206,<li>JR青梅線「昭島」駅 徒歩9～11分</li><li>JR青梅線「中神」駅 徒歩13～15分</li><li>西武拝島線「西武立川」駅 徒歩25～28分</li>
tokyo,tachikawa,昭島つつじが丘ハイツ,95800,JR青梅線「中神」駅,13.0,15.0,,,,昭島市つつじが丘3-4ほか,8号棟,鉄骨鉄筋コンクリート造,2,N,206号室,3DK,59,14,90100,5700,2か月,['近居割'],随時,https://www.ur-net.go.jp/chintai/kanto/tokyo/20_3380_room.html?JKSS=000080206,<li>JR青梅線「昭島」駅 徒歩9～11分</li><li>JR青梅線「中神」駅 徒歩13～15分</li><li>西武拝島線「西武立川」駅 徒歩25～28分</li>
tokyo,tachikawa,昭島つつじが丘ハイツ,95800,西武拝島線「西武立川」駅,25.0,28.0,,,,昭島市つつじが丘3-4ほか,8号棟,鉄骨鉄筋コンクリート造,2,N,206号室,3DK,59,14,90100,5700,2か月,['近居割'],随時,https://www.ur-net.go.jp/chintai/kanto/tokyo/20_3380_room.html?JKSS=000080206,<li>JR青梅線「昭島」駅 徒歩9～11分</li><li>JR青梅線「中神」駅 徒歩13～15分</li><li>西武拝島線「西武立川」駅 徒歩25～28分</li>
tokyo,tachikawa,昭島つつじが丘ハイツ,95800,,,,,,,昭島市つつじが丘3-4ほか,8号棟,鉄骨鉄筋コンクリート造,2,N,206号室,3DK,59,14,90100,5700,2か月,['近居割'],随時,https://www.ur-net.go.jp/chintai/kanto/tokyo/20_3380_room.html?JKSS=000080206,<li>JR青梅線「昭島」駅 徒歩9～11分</li><li>JR青梅線「中神」駅 徒歩13～15分</li><li>西武拝島線「西武立川」駅 徒歩25～28分</li>
tokyo,tachikawa,昭島つつじが丘ハイツ,102000,JR青梅線「昭島」駅,9.0,11.0,,,,昭島市つつじが丘3-4ほか,6号棟,鉄骨鉄筋コンクリート造,2,N,215号室,3DK,65,11,96300,5700,2か月,['近居割'],随時,https://www.ur-net.go.jp/chintai/kanto/tokyo/20_3380_room.html?JKSS=000060215,<li>JR青梅線「昭島」駅 徒歩9～11分</li><li>JR青梅線「中神」駅 徒歩13～15分</li><li>西武拝島線「西武立川」駅 徒歩25～28分</li>
tokyo,tachikawa,昭島つつじが丘ハイツ,102000,JR青梅線「中神」駅,13.0,15.0,,,,昭島市つつじが丘3-4ほか,6号棟,鉄骨鉄筋コンクリート造,2,N,215号室,3DK,65,11,96300,5700,2か月,['近居割'],随時,https://www.ur-net.go.jp/chintai/kanto/tokyo/20_3380_room.html?JKSS=000060215,<li>JR青梅線「昭島」駅 徒歩9～11分</li><li>JR青梅線「中神」駅 徒歩13～15分</li><li>西武拝島線「西武立川」駅 徒歩25～28分</li>
tokyo,tachikawa,昭島つつじが丘ハイツ,102000,西武拝島線「西武立川」駅,25.0,28.0,,,,昭島市つつじが丘3-4ほか,6号棟,鉄骨鉄筋コンクリート造,2,N,215号室,3DK,65,11,96300,5700,2か月,['近居割'],随時,https://www.ur-net.go.jp/chintai/kanto/tokyo/20_3380_room.html?JKSS=000060215,<li>JR青梅線「昭島」駅 徒歩9～11分</li><li>JR青梅線「中神」駅 徒歩13～15分</li><li>西武拝島線「西武立川」駅 徒歩25～28分</li>
tokyo,tachikawa,昭島つつじが丘ハイツ,102000,,,,,,,昭島市つつじが丘3-4ほか,6号棟,鉄骨鉄筋コンクリート造,2,N,215号室,3DK,65,11,96300,5700,2か月,['近居割'],随時,https://www.ur-net.go.jp/chintai/kanto/tokyo/20_3380_room.html?JKSS=000060215,<li>JR青梅線「昭島」駅 徒歩9～11分</li><li>JR青梅線「中神」駅 徒歩13～15分</li><li>西武拝島線「西武立川」駅 徒歩25～28分</li>
tokyo,tachikawa,昭島つつじが丘ハイツ,107300,JR青梅線「昭島」駅,9.0,11.0,,,,昭島市つつじが丘3-4ほか,6号棟,鉄骨鉄筋コンクリート造,6,N,606号室,2LDK,65,11,101600,5700,2か月,['近居割'],随時,https://www.ur-net.go.jp/chintai/kanto/tokyo/20_3380_room.html?JKSS=000060606,<li>JR青梅線「昭島」駅 徒歩9～11分</li><li>JR青梅線「中神」駅 徒歩13～15分</li><li>西武拝島線「西武立川」駅 徒歩25～28分</li>
tokyo,tachikawa,昭島つつじが丘ハイツ,107300,JR青梅線「中神」駅,13.0,15.0,,,,昭島市つつじが丘3-4ほか,6号棟,鉄骨鉄筋コンクリート造,6,N,606号室,2LDK,65,11,101600,5700,2か月,['近居割'],随時,https://www.ur-net.go.jp/chintai/kanto/tokyo/20_3380_room.html?JKSS=000060606,<li>JR青梅線「昭島」駅 徒歩9～11分</li><li>JR青梅線「中神」駅 徒歩13～15分</li><li>西武拝島線「西武立川」駅 徒歩25～28分</li>
tokyo,tachikawa,昭島つつじが丘ハイツ,107300,西武拝島線「西武立川」駅,25.0,28.0,,,,昭島市つつじが丘3-4ほか,6号棟,鉄骨鉄筋コンクリート造,6,N,606号室,2LDK,65,11,101600,5700,2か月,['近居割'],随時,https://www.ur-net.go.jp/chintai/kanto/tokyo/20_3380_room.html?JKSS=000060606,<li>JR青梅線「昭島」駅 徒歩9～11分</li><li>JR青梅線「中神」駅 徒歩13～15分</li><li>西武拝島線「西武立川」駅 徒歩25～28分</li>
tokyo,tachikawa,昭島つつじが丘ハイツ,107300,,,,,,,昭島市つつじが丘3-4ほか,6号棟,鉄骨鉄筋コンクリート造,6,N,606号室,2LDK,65,11,101600,5700,2か月,['近居割'],随時,https://www.ur-net.go.jp/chintai/kanto/tokyo/20_3380_room.html?JKSS=000060606,<li>JR青梅線「昭島」駅 徒歩9～11分</li><li>JR青梅線「中神」駅 徒歩13～15分</li><li>西武拝島線「西武立川」駅 徒歩25～28分</li>
tokyo,tachikawa,コンフォール拝島,136900,JR青梅線ほか｢拝島｣駅,4.0,4.0,,,,昭島市松原町4-1-5,,鉄筋コンクリート造,5,N,507号室,3LDK,76,5,129700,7200,2か月,['近居割'],随時,https://www.ur-net.go.jp/chintai/kanto/tokyo/20_5520_room.html?JKSS=000000507,<li>JR青梅線ほか｢拝島｣駅 徒歩4分</li>
tokyo,tachikawa,コンフォール拝島,136900,,,,,,,昭島市松原町4-1-5,,鉄筋コンクリート造,5,N,507号室,3LDK,76,5,129700,7200,2か月,['近居割'],随時,https://www.ur-net.go.jp/chintai/kanto/tokyo/20_5520_room.html?JKSS=000000507,<li>JR青梅線ほか｢拝島｣駅 徒歩4分</li>
tokyo,kichijoji,プラザ新小金井,158300,JR中央線「東小金井」駅,10.0,15.0,,,,小金井市東町4-23ほか,6号棟,鉄筋コンクリート造,3,N,304号室,3DK,60,3,151200,7100,2か月,['近居割'],随時,https://www.ur-net.go.jp/chintai/kanto/tokyo/20_5140_room.html?JKSS=000060304,<li>JR中央線「東小金井」駅 徒歩10～15分</li><li>西武多摩川線「新小金井」駅 徒歩1～3分</li><li>JR中央線「武蔵境」駅 徒歩26～28分</li>
tokyo,kichijoji,プラザ新小金井,158300,西武多摩川線「新小金井」駅,1.0,3.0,,,,小金井市東町4-23ほか,6号棟,鉄筋コンクリート造,3,N,304号室,3DK,60,3,151200,7100,2か月,['近居割'],随時,https://www.ur-net.go.jp/chintai/kanto/tokyo/20_5140_room.html?JKSS=000060304,<li>JR中央線「東小金井」駅 徒歩10～15分</li><li>西武多摩川線「新小金井」駅 徒歩1～3分</li><li>JR中央線「武蔵境」駅 徒歩26～28分</li>
tokyo,kichijoji,プラザ新小金井,158300,JR中央線「武蔵境」駅,26.0,28.0,,,,小金井市東町4-23ほか,6号棟,鉄筋コンクリート造,3,N,304号室,3DK,60,3,151200,7100,2か月,['近居割'],随時,https://www.ur-net.go.jp/chintai/kanto/tokyo/20_5140_room.html?JKSS=000060304,<li>JR中央線「東小金井」駅 徒歩10～15分</li><li>西武多摩川線「新小金井」駅 徒歩1～3分</li><li>JR中央線「武蔵境」駅 徒歩26～28分</li>
tokyo,kichijoji,プラザ新小金井,158300,,,,,,,小金井市東町4-23ほか,6号棟,鉄筋コンクリート造,3,N,304号室,3DK,60,3,151200,7100,2か月,['近居割'],随時,https://www.ur-net.go.jp/chintai/kanto/tokyo/20_5140_room.html?JKSS=000060304,<li>JR中央線「東小金井」駅 徒歩10～15分</li><li>西武多摩川線「新小金井」駅 徒歩1～3分</li><li>JR中央線「武蔵境」駅 徒歩26～28分</li>
tokyo,kichijoji,グリーンタウン小金井,157700,JR中央線「武蔵小金井」駅,16.0,19.0,JR中央線「武蔵小金井」駅,10.0,12.0,小金井市緑町4-12-16ほか,4号棟,鉄筋コンクリート造,6,N,602号室,2DK,55,6,151300,6400,2か月,['近居割'],2026年9月1日以降,https://www.ur-net.go.jp/chintai/kanto/tokyo/20_6270_room.html?JKSS=000040602,<li>JR中央線「武蔵小金井」駅 徒歩16～19分 またはバス5分 徒歩5～7分</li><li>西武新宿線「花小金井」駅バス8分 徒歩9～11分</li><li>JR中央線「東小金井」駅 徒歩18～20分 またはバス10分 徒歩1～3分</li>
tokyo,kichijoji,グリーンタウン小金井,157700,,,,西武新宿線「花小金井」駅,17.0,19.0,小金井市緑町4-12-16ほか,4号棟,鉄筋コンクリート造,6,N,602号室,2DK,55,6,151300,6400,2か月,['近居割'],2026年9月1日以降,https://www.ur-net.go.jp/chintai/kanto/tokyo/20_6270_room.html?JKSS=000040602,<li>JR中央線「武蔵小金井」駅 徒歩16～19分 またはバス5分 徒歩5～7分</li><li>西武新宿線「花小金井」駅バス8分 徒歩9～11分</li><li>JR中央線「東小金井」駅 徒歩18～20分 またはバス10分 徒歩1～3分</li>
tokyo,kichijoji,グリーンタウン小金井,157700,JR中央線「東小金井」駅,18.0,20.0,JR中央線「東小金井」駅,11.0,13.0,小金井市緑町4-12-16ほか,4号棟,鉄筋コンクリート造,6,N,602号室,2DK,55,6,151300,6400,2か月,['近居割'],2026年9月1日以降,https://www.ur-net.go.jp/chintai/kanto/tokyo/20_6270_room.html?JKSS=000040602,<li>JR中央線「武蔵小金井」駅 徒歩16～19分 またはバス5分 徒歩5～7分</li><li>西武新宿線「花小金井」駅バス8分 徒歩9～11分</li><li>JR中央線「東小金井」駅 徒歩18～20分 またはバス10分 徒歩1～3分</li>
tokyo,kichijoji,グリーンタウン小金井,157700,,,,,,,小金井市緑町4-12-16ほか,4号棟,鉄筋コンクリート造,6,N,602号室,2DK,55,6,151300,6400,2か月,['近居割'],2026年9月1日以降,https://www.ur-net.go.jp/chintai/kanto/tokyo/20_6270_room.html?JKSS=000040602,<li>JR中央線「武蔵小金井」駅 徒歩16～19分 またはバス5分 徒歩5～7分</li><li>西武新宿線「花小金井」駅バス8分 徒歩9～11分</li><li>JR中央線「東小金井」駅 徒歩18～20分 またはバス10分 徒歩1～3分</li>
tokyo,kumegawa,小平,96270,西武多摩湖線「一橋学園」駅,11.0,19.0,,,,小平市喜平町3,1-14号棟,鉄筋コンクリート造,3,N,304号室,4K,61,5,93500,2770,2か月,['近居割'],随時,https://www.ur-net.go.jp/chintai/kanto/tokyo/20_1290_room.html?JKSS=000114304,<li>西武多摩湖線「一橋学園」駅 徒歩11～19分</li><li>JR中央線「国分寺」駅バス13分 徒歩1～7分</li><li>西武新宿線「小平」駅バス6分 徒歩1～10分</li><li>JR中央線「武蔵小金井」駅バス15分 徒歩1～7分</li>
tokyo,kumegawa,小平,96270,,,,JR中央線「国分寺」駅,14.0,20.0,小平市喜平町3,1-14号棟,鉄筋コンクリート造,3,N,304号室,4K,61,5,93500,2770,2か月,['近居割'],随時,https://www.ur-net.go.jp/chintai/kanto/tokyo/20_1290_room.html?JKSS=000114304,<li>西武多摩湖線「一橋学園」駅 徒歩11～19分</li><li>JR中央線「国分寺」駅バス13分 徒歩1～7分</li><li>西武新宿線「小平」駅バス6分 徒歩1～10分</li><li>JR中央線「武蔵小金井」駅バス15分 徒歩1～7分</li>
tokyo,kumegawa,小平,96270,,,,西武新宿線「小平」駅,7.0,16.0,小平市喜平町3,1-14号棟,鉄筋コンクリート造,3,N,304号室,4K,61,5,93500,2770,2か月,['近居割'],随時,https://www.ur-net.go.jp/chintai/kanto/tokyo/20_1290_room.html?JKSS=000114304,<li>西武多摩湖線「一橋学園」駅 徒歩11～19分</li><li>JR中央線「国分寺」駅バス13分 徒歩1～7分</li><li>西武新宿線「小平」駅バス6分 徒歩1～10分</li><li>JR中央線「武蔵小金井」駅バス15分 徒歩1～7分</li>
tokyo,kumegawa,小平,96270,,,,JR中央線「武蔵小金井」駅,16.0,22.0,小平市喜平町3,1-14号棟,鉄筋コンクリート造,3,N,304号室,4K,61,5,93500,2770,2か月,['近居割'],随時,https://www.ur-net.go.jp/chintai/kanto/tokyo/20_1290_room.html?JKSS=000114304,<li>西武多摩湖線「一橋学園」駅 徒歩11～19分</li><li>JR中央線「国分寺」駅バス13分 徒歩1～7分</li><li>西武新宿線「小平」駅バス6分 徒歩1～10分</li><li>JR中央線「武蔵小金井」駅バス15分 徒歩1～7分</li>
tokyo,kumegawa,小平,96270,,,,,,,小平市喜平町3,1-14号棟,鉄筋コンクリート造,3,N,304号室,4K,61,5,93500,2770,2か月,['近居割'],随時,https://www.ur-net.go.jp/chintai/kanto/tokyo/20_1290_room.html?JKSS=000114304,<li>西武多摩湖線「一橋学園」駅 徒歩11～19分</li><li>JR中央線「国分寺」駅バス13分 徒歩1～7分</li><li>西武新宿線「小平」駅バス6分 徒歩1～10分</li><li>JR中央線「武蔵小金井」駅バス15分 徒歩1～7分</li>
tokyo,hachioji,シティハイツ日野旭が丘,112400,JR中央線「豊田」駅,20.0,24.0,JR中央線「豊田」駅,8.0,13.0,日野市旭が丘4-7-5,6号棟,鉄筋コンクリート造、鉄骨鉄筋コンクリート造,12,N,1201号室,2DK,57,12,109700,2700,2か月,"['近居割', '近居割WIDE']",随時,https://www.ur-net.go.jp/chintai/kanto/tokyo/20_4360_room.html?JKSS=000061201,<li>JR中央線「豊田」駅 徒歩20～24分 またはバス7分 徒歩1～6分</li><li>京王線「長沼」駅 徒歩26～28分</li><li>JR八高線「北八王子」駅 徒歩23～25分</li>
tokyo,hachioji,シティハイツ日野旭が丘,112400,京王線「長沼」駅,26.0,28.0,,,,日野市旭が丘4-7-5,6号棟,鉄筋コンクリート造、鉄骨鉄筋コンクリート造,12,N,1201号室,2DK,57,12,109700,2700,2か月,"['近居割', '近居割WIDE']",随時,https://www.ur-net.go.jp/chintai/kanto/tokyo/20_4360_room.html?JKSS=000061201,<li>JR中央線「豊田」駅 徒歩20～24分 またはバス7分 徒歩1～6分</li><li>京王線「長沼」駅 徒歩26～28分</li><li>JR八高線「北八王子」駅 徒歩23～25分</li>
tokyo,hachioji,シティハイツ日野旭が丘,112400,JR八高線「北八王子」駅,23.0,25.0,,,,日野市旭が丘4-7-5,6号棟,鉄筋コンクリート造、鉄骨鉄筋コンクリート造,12,N,1201号室,2DK,57,12,109700,2700,2か月,"['近居割', '近居割WIDE']",随時,https://www.ur-net.go.jp/chintai/kanto/tokyo/20_4360_room.html?JKSS=000061201,<li>JR中央線「豊田」駅 徒歩20～24分 またはバス7分 徒歩1～6分</li><li>京王線「長沼」駅 徒歩26～28分</li><li>JR八高線「北八王子」駅 徒歩23～25分</li>
tokyo,hachioji,シティハイツ日野旭が丘,112400,,,,,,,日野市旭が丘4-7-5,6号棟,鉄筋コンクリート造、鉄骨鉄筋コンクリート造,12,N,1201号室,2DK,57,12,109700,2700,2か月,"['近居割', '近居割WIDE']",随時,https://www.ur-net.go.jp/chintai/kanto/tokyo/20_4360_room.html?JKSS=000061201,<li>JR中央線「豊田」駅 徒歩20～24分 またはバス7分 徒歩1～6分</li><li>京王線「長沼」駅 徒歩26～28分</li><li>JR八高線「北八王子」駅 徒歩23～25分</li>
tokyo,hachioji,多摩平の森,144900,JR中央線「豊田」駅,7.0,15.0,,,,日野市多摩平4-6ほか,3-3号棟,鉄筋コンクリート造,8,N,803号室,1LDK,52,8,140900,4000,2か月,"['近居割', '近居割WIDE']",随時,https://www.ur-net.go.jp/chintai/kanto/tokyo/20_6510_room.html?JKSS=003030803,<li>JR中央線「豊田」駅 徒歩7～15分</li><li>JR中央線「日野」駅 徒歩24～33分</li><li>京王線「南平」駅 徒歩25～32分</li>
tokyo,hachioji,多摩平の森,144900,JR中央線「日野」駅,24.0,33.0,,,,日野市多摩平4-6ほか,3-3号棟,鉄筋コンクリート造,8,N,803号室,1LDK,52,8,140900,4000,2か月,"['近居割', '近居割WIDE']",随時,https://www.ur-net.go.jp/chintai/kanto/tokyo/20_6510_room.html?JKSS=003030803,<li>JR中央線「豊田」駅 徒歩7～15分</li><li>JR中央線「日野」駅 徒歩24～33分</li><li>京王線「南平」駅 徒歩25～32分</li>
tokyo,hachioji,多摩平の森,144900,京王線「南平」駅,25.0,32.0,,,,日野市多摩平4-6ほか,3-3号棟,鉄筋コンクリート造,8,N,803号室,1LDK,52,8,140900,4000,2か月,"['近居割', '近居割WIDE']",随時,https://www.ur-net.go.jp/chintai/kanto/tokyo/20_6510_room.html?JKSS=003030803,<li>JR中央線「豊田」駅 徒歩7～15分</li><li>JR中央線「日野」駅 徒歩24～33分</li><li>京王線「南平」駅 徒歩25～32分</li>
tokyo,hachioji,多摩平の森,144900,,,,,,,日野市多摩平4-6ほか,3-3号棟,鉄筋コンクリート造,8,N,803号室,1LDK,52,8,140900,4000,2か月,"['近居割', '近居割WIDE']",随時,https://www.ur-net.go.jp/chintai/kanto/tokyo/20_6510_room.html?JKSS=003030803,<li>JR中央線「豊田」駅 徒歩7～15分</li><li>JR中央線「日野」駅 徒歩24～33分</li><li>京王線「南平」駅 徒歩25～32分</li>
tokyo,hachioji,多摩平の森,160100,JR中央線「豊田」駅,7.0,15.0,,,,日野市多摩平4-6ほか,2-10号棟,鉄筋コンクリート造,1,N,104号室,3LDK,80,6,156100,4000,2か月,"['近居割', '近居割WIDE']",随時,https://www.ur-net.go.jp/chintai/kanto/tokyo/20_6510_room.html?JKSS=002100104,<li>JR中央線「豊田」駅 徒歩7～15分</li><li>JR中央線「日野」駅 徒歩24～33分</li><li>京王線「南平」駅 徒歩25～32分</li>
tokyo,hachioji,多摩平の森,160100,JR中央線「日野」駅,24.0,33.0,,,,日野市多摩平4-6ほか,2-10号棟,鉄筋コンクリート造,1,N,104号室,3LDK,80,6,156100,4000,2か月,"['近居割', '近居割WIDE']",随時,https://www.ur-net.go.jp/chintai/kanto/tokyo/20_6510_room.html?JKSS=002100104,<li>JR中央線「豊田」駅 徒歩7～15分</li><li>JR中央線「日野」駅 徒歩24～33分</li><li>京王線「南平」駅 徒歩25～32分</li>
tokyo,hachioji,多摩平の森,160100,京王線「南平」駅,25.0,32.0,,,,日野市多摩平4-6ほか,2-10号棟,鉄筋コンクリート造,1,N,104号室,3LDK,80,6,156100,4000,2か月,"['近居割', '近居割WIDE']",随時,https://www.ur-net.go.jp/chintai/kanto/tokyo/20_6510_room.html?JKSS=002100104,<li>JR中央線「豊田」駅 徒歩7～15分</li><li>JR中央線「日野」駅 徒歩24～33分</li><li>京王線「南平」駅 徒歩25～32分</li>
tokyo,hachioji,多摩平の森,160100,,,,,,,日野市多摩平4-6ほか,2-10号棟,鉄筋コンクリート造,1,N,104号室,3LDK,80,6,156100,4000,2か月,"['近居割', '近居割WIDE']",随時,https://www.ur-net.go.jp/chintai/kanto/tokyo/20_6510_room.html?JKSS=002100104,<li>JR中央線「豊田」駅 徒歩7～15分</li><li>JR中央線「日野」駅 徒歩24～33分</li><li>京王線「南平」駅 徒歩25～32分</li>
tokyo,hibarigaoka,グリーンヒルズ東久留米,101800,西武池袋線「東久留米」駅,17.0,24.0,西武池袋線「東久留米」駅,6.0,10.0,東久留米市上の原1-3ほか,5号棟,鉄筋コンクリート造,1,N,107号室,1DK,44,10,95700,6100,2か月,"['近居割', '近居割WIDE']",随時,https://www.ur-net.go.jp/chintai/kanto/tokyo/20_6880_room.html?JKSS=000050107,<li>西武池袋線「東久留米」駅 徒歩17～24分 またはバス5分 徒歩1～5分</li><li>JR武蔵野線「新座」駅バス20分 徒歩1～5分</li><li>西武池袋線「清瀬」駅 徒歩31～34分</li>
tokyo,hibarigaoka,グリーンヒルズ東久留米,101800,,,,JR武蔵野線「新座」駅,21.0,25.0,東久留米市上の原1-3ほか,5号棟,鉄筋コンクリート造,1,N,107号室,1DK,44,10,95700,6100,2か月,"['近居割', '近居割WIDE']",随時,https://www.ur-net.go.jp/chintai/kanto/tokyo/20_6880_room.html?JKSS=000050107,<li>西武池袋線「東久留米」駅 徒歩17～24分 またはバス5分 徒歩1～5分</li><li>JR武蔵野線「新座」駅バス20分 徒歩1～5分</li><li>西武池袋線「清瀬」駅 徒歩31～34分</li>
tokyo,hibarigaoka,グリーンヒルズ東久留米,101800,西武池袋線「清瀬」駅,31.0,34.0,,,,東久留米市上の原1-3ほか,5号棟,鉄筋コンクリート造,1,N,107号室,1DK,44,10,95700,6100,2か月,"['近居割', '近居割WIDE']",随時,https://www.ur-net.go.jp/chintai/kanto/tokyo/20_6880_room.html?JKSS=000050107,<li>西武池袋線「東久留米」駅 徒歩17～24分 またはバス5分 徒歩1～5分</li><li>JR武蔵野線「新座」駅バス20分 徒歩1～5分</li><li>西武池袋線「清瀬」駅 徒歩31～34分</li>
tokyo,hibarigaoka,グリーンヒルズ東久留米,101800,,,,,,,東久留米市上の原1-3ほか,5号棟,鉄筋コンクリート造,1,N,107号室,1DK,44,10,95700,6100,2か月,"['近居割', '近居割WIDE']",随時,https://www.ur-net.go.jp/chintai/kanto/tokyo/20_6880_room.html?JKSS=000050107,<li>西武池袋線「東久留米」駅 徒歩17～24分 またはバス5分 徒歩1～5分</li><li>JR武蔵野線「新座」駅バス20分 徒歩1～5分</li><li>西武池袋線「清瀬」駅 徒歩31～34分</li>
tokyo,hibarigaoka,グリーンヒルズ東久留米,103300,西武池袋線「東久留米」駅,17.0,24.0,西武池袋線「東久留米」駅,6.0,10.0,東久留米市上の原1-3ほか,4号棟,鉄筋コンクリート造,1,N,104号室,1DK,44,10,97200,6100,2か月,"['近居割', '近居割WIDE']",随時,https://www.ur-net.go.jp/chintai/kanto/tokyo/20_6880_room.html?JKSS=000040104,<li>西武池袋線「東久留米」駅 徒歩17～24分 またはバス5分 徒歩1～5分</li><li>JR武蔵野線「新座」駅バス20分 徒歩1～5分</li><li>西武池袋線「清瀬」駅 徒歩31～34分</li>
tokyo,hibarigaoka,グリーンヒルズ東久留米,103300,,,,JR武蔵野線「新座」駅,21.0,25.0,東久留米市上の原1-3ほか,4号棟,鉄筋コンクリート造,1,N,104号室,1DK,44,10,97200,6100,2か月,"['近居割', '近居割WIDE']",随時,https://www.ur-net.go.jp/chintai/kanto/tokyo/20_6880_room.html?JKSS=000040104,<li>西武池袋線「東久留米」駅 徒歩17～24分 またはバス5分 徒歩1～5分</li><li>JR武蔵野線「新座」駅バス20分 徒歩1～5分</li><li>西武池袋線「清瀬」駅 徒歩31～34分</li>
tokyo,hibarigaoka,グリーンヒルズ東久留米,103300,西武池袋線「清瀬」駅,31.0,34.0,,,,東久留米市上の原1-3ほか,4号棟,鉄筋コンクリート造,1,N,104号室,1DK,44,10,97200,6100,2か月,"['近居割', '近居割WIDE']",随時,https://www.ur-net.go.jp/chintai/kanto/tokyo/20_6880_room.html?JKSS=000040104,<li>西武池袋線「東久留米」駅 徒歩17～24分 またはバス5分 徒歩1～5分</li><li>JR武蔵野線「新座」駅バス20分 徒歩1～5分</li><li>西武池袋線「清瀬」駅 徒歩31～34分</li>
tokyo,hibarigaoka,グリーンヒルズ東久留米,103300,,,,,,,東久留米市上の原1-3ほか,4号棟,鉄筋コンクリート造,1,N,104号室,1DK,44,10,97200,6100,2か月,"['近居割', '近居割WIDE']",随時,https://www.ur-net.go.jp/chintai/kanto/tokyo/20_6880_room.html?JKSS=000040104,<li>西武池袋線「東久留米」駅 徒歩17～24分 またはバス5分 徒歩1～5分</li><li>JR武蔵野線「新座」駅バス20分 徒歩1～5分</li><li>西武池袋線「清瀬」駅 徒歩31～34分</li>
tokyo,hibarigaoka,グリーンヒルズ東久留米,109900,西武池袋線「東久留米」駅,17.0,24.0,西武池袋線「東久留米」駅,6.0,10.0,東久留米市上の原1-3ほか,4号棟,鉄筋コンクリート造,2,N,207号室,2DK,50,10,103800,6100,2か月,"['近居割', '近居割WIDE']",随時,https://www.ur-net.go.jp/chintai/kanto/tokyo/20_6880_room.html?JKSS=000040207,<li>西武池袋線「東久留米」駅 徒歩17～24分 またはバス5分 徒歩1～5分</li><li>JR武蔵野線「新座」駅バス20分 徒歩1～5分</li><li>西武池袋線「清瀬」駅 徒歩31～34分</li>
tokyo,hibarigaoka,グリーンヒルズ東久留米,109900,,,,JR武蔵野線「新座」駅,21.0,25.0,東久留米市上の原1-3ほか,4号棟,鉄筋コンクリート造,2,N,207号室,2DK,50,10,103800,6100,2か月,"['近居割', '近居割WIDE']",随時,https://www.ur-net.go.jp/chintai/kanto/tokyo/20_6880_room.html?JKSS=000040207,<li>西武池袋線「東久留米」駅 徒歩17～24分 またはバス5分 徒歩1～5分</li><li>JR武蔵野線「新座」駅バス20分 徒歩1～5分</li><li>西武池袋線「清瀬」駅 徒歩31～34分</li>
tokyo,hibarigaoka,グリーンヒルズ東久留米,109900,西武池袋線「清瀬」駅,31.0,34.0,,,,東久留米市上の原1-3ほか,4号棟,鉄筋コンクリート造,2,N,207号室,2DK,50,10,103800,6100,2か月,"['近居割', '近居割WIDE']",随時,https://www.ur-net.go.jp/chintai/kanto/tokyo/20_6880_room.html?JKSS=000040207,<li>西武池袋線「東久留米」駅 徒歩17～24分 またはバス5分 徒歩1～5分</li><li>JR武蔵野線「新座」駅バス20分 徒歩1～5分</li><li>西武池袋線「清瀬」駅 徒歩31～34分</li>
tokyo,hibarigaoka,グリーンヒルズ東久留米,109900,,,,,,,東久留米市上の原1-3ほか,4号棟,鉄筋コンクリート造,2,N,207号室,2DK,50,10,103800,6100,2か月,"['近居割', '近居割WIDE']",随時,https://www.ur-net.go.jp/chintai/kanto/tokyo/20_6880_room.html?JKSS=000040207,<li>西武池袋線「東久留米」駅 徒歩17～24分 またはバス5分 徒歩1～5分</li><li>JR武蔵野線「新座」駅バス20分 徒歩1～5分</li><li>西武池袋線「清瀬」駅 徒歩31～34分</li>
tokyo,hibarigaoka,グリーンヒルズ東久留米,112000,西武池袋線「東久留米」駅,17.0,24.0,西武池袋線「東久留米」駅,6.0,10.0,東久留米市上の原1-3ほか,3号棟,鉄筋コンクリート造,3,N,303号室,2DK,50,10,105900,6100,2か月,"['近居割', '近居割WIDE']",随時,https://www.ur-net.go.jp/chintai/kanto/tokyo/20_6880_room.html?JKSS=000030303,<li>西武池袋線「東久留米」駅 徒歩17～24分 またはバス5分 徒歩1～5分</li><li>JR武蔵野線「新座」駅バス20分 徒歩1～5分</li><li>西武池袋線「清瀬」駅 徒歩31～34分</li>
tokyo,hibarigaoka,グリーンヒルズ東久留米,112000,,,,JR武蔵野線「新座」駅,21.0,25.0,東久留米市上の原1-3ほか,3号棟,鉄筋コンクリート造,3,N,303号室,2DK,50,10,105900,6100,2か月,"['近居割', '近居割WIDE']",随時,https://www.ur-net.go.jp/chintai/kanto/tokyo/20_6880_room.html?JKSS=000030303,<li>西武池袋線「東久留米」駅 徒歩17～24分 またはバス5分 徒歩1～5分</li><li>JR武蔵野線「新座」駅バス20分 徒歩1～5分</li><li>西武池袋線「清瀬」駅 徒歩31～34分</li>
tokyo,hibarigaoka,グリーンヒルズ東久留米,112000,西武池袋線「清瀬」駅,31.0,34.0,,,,東久留米市上の原1-3ほか,3号棟,鉄筋コンクリート造,3,N,303号室,2DK,50,10,105900,6100,2か月,"['近居割', '近居割WIDE']",随時,https://www.ur-net.go.jp/chintai/kanto/tokyo/20_6880_room.html?JKSS=000030303,<li>西武池袋線「東久留米」駅 徒歩17～24分 またはバス5分 徒歩1～5分</li><li>JR武蔵野線「新座」駅バス20分 徒歩1～5分</li><li>西武池袋線「清瀬」駅 徒歩31～34分</li>
tokyo,hibarigaoka,グリーンヒルズ東久留米,112000,,,,,,,東久留米市上の原1-3ほか,3号棟,鉄筋コンクリート造,3,N,303号室,2DK,50,10,105900,6100,2か月,"['近居割', '近居割WIDE']",随時,https://www.ur-net.go.jp/chintai/kanto/tokyo/20_6880_room.html?JKSS=000030303,<li>西武池袋線「東久留米」駅 徒歩17～24分 またはバス5分 徒歩1～5分</li><li>JR武蔵野線「新座」駅バス20分 徒歩1～5分</li><li>西武池袋線「清瀬」駅 徒歩31～34分</li>
tokyo,hibarigaoka,グリーンヒルズ東久留米,113400,西武池袋線「東久留米」駅,17.0,24.0,西武池袋線「東久留米」駅,6.0,10.0,東久留米市上の原1-3ほか,1号棟,鉄筋コンクリート造,6,N,609号室,2DK,50,8,107300,6100,2か月,"['近居割', '近居割WIDE']",随時,https://www.ur-net.go.jp/chintai/kanto/tokyo/20_6880_room.html?JKSS=000010609,<li>西武池袋線「東久留米」駅 徒歩17～24分 またはバス5分 徒歩1～5分</li><li>JR武蔵野線「新座」駅バス20分 徒歩1～5分</li><li>西武池袋線「清瀬」駅 徒歩31～34分</li>
tokyo,hibarigaoka,グリーンヒルズ東久留米,113400,,,,JR武蔵野線「新座」駅,21.0,25.0,東久留米市上の原1-3ほか,1号棟,鉄筋コンクリート造,6,N,609号室,2DK,50,8,107300,6100,2か月,"['近居割', '近居割WIDE']",随時,https://www.ur-net.go.jp/chintai/kanto/tokyo/20_6880_room.html?JKSS=000010609,<li>西武池袋線「東久留米」駅 徒歩17～24分 またはバス5分 徒歩1～5分</li><li>JR武蔵野線「新座」駅バス20分 徒歩1～5分</li><li>西武池袋線「清瀬」駅 徒歩31～34分</li>
tokyo,hibarigaoka,グリーンヒルズ東久留米,113400,西武池袋線「清瀬」駅,31.0,34.0,,,,東久留米市上の原1-3ほか,1号棟,鉄筋コンクリート造,6,N,609号室,2DK,50,8,107300,6100,2か月,"['近居割', '近居割WIDE']",随時,https://www.ur-net.go.jp/chintai/kanto/tokyo/20_6880_room.html?JKSS=000010609,<li>西武池袋線「東久留米」駅 徒歩17～24分 またはバス5分 徒歩1～5分</li><li>JR武蔵野線「新座」駅バス20分 徒歩1～5分</li><li>西武池袋線「清瀬」駅 徒歩31～34分</li>
tokyo,hibarigaoka,グリーンヒルズ東久留米,113400,,,,,,,東久留米市上の原1-3ほか,1号棟,鉄筋コンクリート造,6,N,609号室,2DK,50,8,107300,6100,2か月,"['近居割', '近居割WIDE']",随時,https://www.ur-net.go.jp/chintai/kanto/tokyo/20_6880_room.html?JKSS=000010609,<li>西武池袋線「東久留米」駅 徒歩17～24分 またはバス5分 徒歩1～5分</li><li>JR武蔵野線「新座」駅バス20分 徒歩1～5分</li><li>西武池袋線「清瀬」駅 徒歩31～34分</li>
tokyo,nagayama,多摩ニュータウン ファインヒルいなぎ リベレ向陽台,97800,,,,京王相模原線「稲城」駅,8.0,11.0,稲城市向陽台5-10,9号棟,鉄筋コンクリート造,4,N,404号室,3DK,66,6,94800,3000,2か月,"['近居割', '近居割WIDE']",随時,https://www.ur-net.go.jp/chintai/kanto/tokyo/20_4190_room.html?JKSS=510090404,<li>京王相模原線「稲城」駅バス6分 徒歩2～5分</li><li>JR南武線「南多摩」駅 徒歩20～22分</li><li>JR南武線「稲城長沼」駅 徒歩24～30分</li>
tokyo,nagayama,多摩ニュータウン ファインヒルいなぎ リベレ向陽台,97800,JR南武線「南多摩」駅,20.0,22.0,,,,稲城市向陽台5-10,9号棟,鉄筋コンクリート造,4,N,404号室,3DK,66,6,94800,3000,2か月,"['近居割', '近居割WIDE']",随時,https://www.ur-net.go.jp/chintai/kanto/tokyo/20_4190_room.html?JKSS=510090404,<li>京王相模原線「稲城」駅バス6分 徒歩2～5分</li><li>JR南武線「南多摩」駅 徒歩20～22分</li><li>JR南武線「稲城長沼」駅 徒歩24～30分</li>
tokyo,nagayama,多摩ニュータウン ファインヒルいなぎ リベレ向陽台,97800,JR南武線「稲城長沼」駅,24.0,30.0,,,,稲城市向陽台5-10,9号棟,鉄筋コンクリート造,4,N,404号室,3DK,66,6,94800,3000,2か月,"['近居割', '近居割WIDE']",随時,https://www.ur-net.go.jp/chintai/kanto/tokyo/20_4190_room.html?JKSS=510090404,<li>京王相模原線「稲城」駅バス6分 徒歩2～5分</li><li>JR南武線「南多摩」駅 徒歩20～22分</li><li>JR南武線「稲城長沼」駅 徒歩24～30分</li>
tokyo,nagayama,多摩ニュータウン ファインヒルいなぎ リベレ向陽台,97800,,,,,,,稲城市向陽台5-10,9号棟,鉄筋コンクリート造,4,N,404号室,3DK,66,6,94800,3000,2か月,"['近居割', '近居割WIDE']",随時,https://www.ur-net.go.jp/chintai/kanto/tokyo/20_4190_room.html?JKSS=510090404,<li>京王相模原線「稲城」駅バス6分 徒歩2～5分</li><li>JR南武線「南多摩」駅 徒歩20～22分</li><li>JR南武線「稲城長沼」駅 徒歩24～30分</li>
tokyo,nagayama,多摩ニュータウン ファインヒルいなぎ 長峰・杜の一番街,110700,,,,京王相模原線「若葉台」駅,10.0,12.0,稲城市長峰3-2,2号棟,鉄筋コンクリート造,12,N,1204号室,2LDK,72,14,105300,5400,2か月,"['近居割', '近居割WIDE']",2026年9月3日以降,https://www.ur-net.go.jp/chintai/kanto/tokyo/20_5290_room.html?JKSS=000021204,<li>京王相模原線「若葉台」駅バス6分 徒歩4～6分</li><li>京王相模原線「稲城」駅バス11分 徒歩4～6分</li><li>JR南武線「南多摩」駅 徒歩32～33分</li>
tokyo,nagayama,多摩ニュータウン ファインヒルいなぎ 長峰・杜の一番街,110700,,,,京王相模原線「稲城」駅,15.0,17.0,稲城市長峰3-2,2号棟,鉄筋コンクリート造,12,N,1204号室,2LDK,72,14,105300,5400,2か月,"['近居割', '近居割WIDE']",2026年9月3日以降,https://www.ur-net.go.jp/chintai/kanto/tokyo/20_5290_room.html?JKSS=000021204,<li>京王相模原線「若葉台」駅バス6分 徒歩4～6分</li><li>京王相模原線「稲城」駅バス11分 徒歩4～6分</li><li>JR南武線「南多摩」駅 徒歩32～33分</li>
tokyo,nagayama,多摩ニュータウン ファインヒルいなぎ 長峰・杜の一番街,110700,JR南武線「南多摩」駅,32.0,33.0,,,,稲城市長峰3-2,2号棟,鉄筋コンクリート造,12,N,1204号室,2LDK,72,14,105300,5400,2か月,"['近居割', '近居割WIDE']",2026年9月3日以降,https://www.ur-net.go.jp/chintai/kanto/tokyo/20_5290_room.html?JKSS=000021204,<li>京王相模原線「若葉台」駅バス6分 徒歩4～6分</li><li>京王相模原線「稲城」駅バス11分 徒歩4～6分</li><li>JR南武線「南多摩」駅 徒歩32～33分</li>
tokyo,nagayama,多摩ニュータウン ファインヒルいなぎ 長峰・杜の一番街,110700,,,,,,,稲城市長峰3-2,2号棟,鉄筋コンクリート造,12,N,1204号室,2LDK,72,14,105300,5400,2か月,"['近居割', '近居割WIDE']",2026年9月3日以降,https://www.ur-net.go.jp/chintai/kanto/tokyo/20_5290_room.html?JKSS=000021204,<li>京王相模原線「若葉台」駅バス6分 徒歩4～6分</li><li>京王相模原線「稲城」駅バス11分 徒歩4～6分</li><li>JR南武線「南多摩」駅 徒歩32～33分</li>
tokyo,nagayama,多摩ニュータウン ファインヒルいなぎ 長峰・杜の一番街,116100,,,,京王相模原線「若葉台」駅,10.0,12.0,稲城市長峰3-2,3号棟,鉄筋コンクリート造,5,N,503号室,3LDK,77,10,110700,5400,2か月,"['近居割', '近居割WIDE']",随時,https://www.ur-net.go.jp/chintai/kanto/tokyo/20_5290_room.html?JKSS=000030503,<li>京王相模原線「若葉台」駅バス6分 徒歩4～6分</li><li>京王相模原線「稲城」駅バス11分 徒歩4～6分</li><li>JR南武線「南多摩」駅 徒歩32～33分</li>
tokyo,nagayama,多摩ニュータウン ファインヒルいなぎ 長峰・杜の一番街,116100,,,,京王相模原線「稲城」駅,15.0,17.0,稲城市長峰3-2,3号棟,鉄筋コンクリート造,5,N,503号室,3LDK,77,10,110700,5400,2か月,"['近居割', '近居割WIDE']",随時,https://www.ur-net.go.jp/chintai/kanto/tokyo/20_5290_room.html?JKSS=000030503,<li>京王相模原線「若葉台」駅バス6分 徒歩4～6分</li><li>京王相模原線「稲城」駅バス11分 徒歩4～6分</li><li>JR南武線「南多摩」駅 徒歩32～33分</li>
tokyo,nagayama,多摩ニュータウン ファインヒルいなぎ 長峰・杜の一番街,116100,JR南武線「南多摩」駅,32.0,33.0,,,,稲城市長峰3-2,3号棟,鉄筋コンクリート造,5,N,503号室,3LDK,77,10,110700,5400,2か月,"['近居割', '近居割WIDE']",随時,https://www.ur-net.go.jp/chintai/kanto/tokyo/20_5290_room.html?JKSS=000030503,<li>京王相模原線「若葉台」駅バス6分 徒歩4～6分</li><li>京王相模原線「稲城」駅バス11分 徒歩4～6分</li><li>JR南武線「南多摩」駅 徒歩32～33分</li>
tokyo,nagayama,多摩ニュータウン ファインヒルいなぎ 長峰・杜の一番街,116100,,,,,,,稲城市長峰3-2,3号棟,鉄筋コンクリート造,5,N,503号室,3LDK,77,10,110700,5400,2か月,"['近居割', '近居割WIDE']",随時,https://www.ur-net.go.jp/chintai/kanto/tokyo/20_5290_room.html?JKSS=000030503,<li>京王相模原線「若葉台」駅バス6分 徒歩4～6分</li><li>京王相模原線「稲城」駅バス11分 徒歩4～6分</li><li>JR南武線「南多摩」駅 徒歩32～33分</li>
tokyo,nagayama,多摩ニュータウン ファインヒルいなぎ ビューコート若葉台,152300,京王相模原線「若葉台」駅,16.0,18.0,京王相模原線「若葉台」駅,3.0,5.0,稲城市若葉台4-33,9号棟,鉄筋コンクリート造,9,N,901号室,3LDK,78,10,147600,4700,2か月,"['近居割', '近居割WIDE']",随時,https://www.ur-net.go.jp/chintai/kanto/tokyo/20_5910_room.html?JKSS=000090901,<li>京王相模原線「若葉台」駅 徒歩16～18分 またはバス2分 徒歩1～3分</li><li>小田急多摩線「はるひ野」駅 徒歩18～19分</li><li>小田急多摩線「黒川」駅 徒歩28～30分</li>
tokyo,nagayama,多摩ニュータウン ファインヒルいなぎ ビューコート若葉台,152300,小田急多摩線「はるひ野」駅,18.0,19.0,,,,稲城市若葉台4-33,9号棟,鉄筋コンクリート造,9,N,901号室,3LDK,78,10,147600,4700,2か月,"['近居割', '近居割WIDE']",随時,https://www.ur-net.go.jp/chintai/kanto/tokyo/20_5910_room.html?JKSS=000090901,<li>京王相模原線「若葉台」駅 徒歩16～18分 またはバス2分 徒歩1～3分</li><li>小田急多摩線「はるひ野」駅 徒歩18～19分</li><li>小田急多摩線「黒川」駅 徒歩28～30分</li>
tokyo,nagayama,多摩ニュータウン ファインヒルいなぎ ビューコート若葉台,152300,小田急多摩線「黒川」駅,28.0,30.0,,,,稲城市若葉台4-33,9号棟,鉄筋コンクリート造,9,N,901号室,3LDK,78,10,147600,4700,2か月,"['近居割', '近居割WIDE']",随時,https://www.ur-net.go.jp/chintai/kanto/tokyo/20_5910_room.html?JKSS=000090901,<li>京王相模原線「若葉台」駅 徒歩16～18分 またはバス2分 徒歩1～3分</li><li>小田急多摩線「はるひ野」駅 徒歩18～19分</li><li>小田急多摩線「黒川」駅 徒歩28～30分</li>
tokyo,nagayama,多摩ニュータウン ファインヒルいなぎ ビューコート若葉台,152300,,,,,,,稲城市若葉台4-33,9号棟,鉄筋コンクリート造,9,N,901号室,3LDK,78,10,147600,4700,2か月,"['近居割', '近居割WIDE']",随時,https://www.ur-net.go.jp/chintai/kanto/tokyo/20_5910_room.html?JKSS=000090901,<li>京王相模原線「若葉台」駅 徒歩16～18分 またはバス2分 徒歩1～3分</li><li>小田急多摩線「はるひ野」駅 徒歩18～19分</li><li>小田急多摩線「黒川」駅 徒歩28～30分</li>
kanagawa,shinyurigaoka,虹ヶ丘,99000,,,,東急田園都市線「あざみ野」駅,12.0,17.0,川崎市麻生区虹ケ丘2-2ほか,3-18号棟,鉄筋コンクリート造、鉄骨鉄筋コンクリート造,11,N,1103号室,1LDK,53,11,95200,3800,2か月,['URライト（4年定借）'],随時,https://www.ur-net.go.jp/chintai/kanto/kanagawa/40_1710_room.html?JKSS=003181103,<li>東急田園都市線「あざみ野」駅バス10分　徒歩2～7分</li><li>東急田園都市線「たまプラーザ」駅バス12分　徒歩2～7分</li><li>小田急小田原線「新百合ヶ丘」駅バス16分　徒歩3～8分</li>
kanagawa,shinyurigaoka,虹ヶ丘,99000,,,,東急田園都市線「たまプラーザ」駅,14.0,19.0,川崎市麻生区虹ケ丘2-2ほか,3-18号棟,鉄筋コンクリート造、鉄骨鉄筋コンクリート造,11,N,1103号室,1LDK,53,11,95200,3800,2か月,['URライト（4年定借）'],随時,https://www.ur-net.go.jp/chintai/kanto/kanagawa/40_1710_room.html?JKSS=003181103,<li>東急田園都市線「あざみ野」駅バス10分　徒歩2～7分</li><li>東急田園都市線「たまプラーザ」駅バス12分　徒歩2～7分</li><li>小田急小田原線「新百合ヶ丘」駅バス16分　徒歩3～8分</li>
kanagawa,shinyurigaoka,虹ヶ丘,99000,,,,小田急小田原線「新百合ヶ丘」駅,19.0,24.0,川崎市麻生区虹ケ丘2-2ほか,3-18号棟,鉄筋コンクリート造、鉄骨鉄筋コンクリート造,11,N,1103号室,1LDK,53,11,95200,3800,2か月,['URライト（4年定借）'],随時,https://www.ur-net.go.jp/chintai/kanto/kanagawa/40_1710_room.html?JKSS=003181103,<li>東急田園都市線「あざみ野」駅バス10分　徒歩2～7分</li><li>東急田園都市線「たまプラーザ」駅バス12分　徒歩2～7分</li><li>小田急小田原線「新百合ヶ丘」駅バス16分　徒歩3～8分</li>
kanagawa,shinyurigaoka,虹ヶ丘,99000,,,,,,,川崎市麻生区虹ケ丘2-2ほか,3-18号棟,鉄筋コンクリート造、鉄骨鉄筋コンクリート造,11,N,1103号室,1LDK,53,11,95200,3800,2か月,['URライト（4年定借）'],随時,https://www.ur-net.go.jp/chintai/kanto/kanagawa/40_1710_room.html?JKSS=003181103,<li>東急田園都市線「あざみ野」駅バス10分　徒歩2～7分</li><li>東急田園都市線「たまプラーザ」駅バス12分　徒歩2～7分</li><li>小田急小田原線「新百合ヶ丘」駅バス16分　徒歩3～8分</li>
kanagawa,shinyurigaoka,虹ヶ丘,101700,,,,東急田園都市線「あざみ野」駅,12.0,17.0,川崎市麻生区虹ケ丘2-2ほか,2-4号棟,鉄筋コンクリート造、鉄骨鉄筋コンクリート造,3,N,306号室,3DK,53,5,97900,3800,2か月,['URライト（4年定借）'],随時,https://www.ur-net.go.jp/chintai/kanto/kanagawa/40_1710_room.html?JKSS=002040306,<li>東急田園都市線「あざみ野」駅バス10分　徒歩2～7分</li><li>東急田園都市線「たまプラーザ」駅バス12分　徒歩2～7分</li><li>小田急小田原線「新百合ヶ丘」駅バス16分　徒歩3～8分</li>
kanagawa,shinyurigaoka,虹ヶ丘,101700,,,,東急田園都市線「たまプラーザ」駅,14.0,19.0,川崎市麻生区虹ケ丘2-2ほか,2-4号棟,鉄筋コンクリート造、鉄骨鉄筋コンクリート造,3,N,306号室,3DK,53,5,97900,3800,2か月,['URライト（4年定借）'],随時,https://www.ur-net.go.jp/chintai/kanto/kanagawa/40_1710_room.html?JKSS=002040306,<li>東急田園都市線「あざみ野」駅バス10分　徒歩2～7分</li><li>東急田園都市線「たまプラーザ」駅バス12分　徒歩2～7分</li><li>小田急小田原線「新百合ヶ丘」駅バス16分　徒歩3～8分</li>
kanagawa,shinyurigaoka,虹ヶ丘,101700,,,,小田急小田原線「新百合ヶ丘」駅,19.0,24.0,川崎市麻生区虹ケ丘2-2ほか,2-4号棟,鉄筋コンクリート造、鉄骨鉄筋コンクリート造,3,N,306号室,3DK,53,5,97900,3800,2か月,['URライト（4年定借）'],随時,https://www.ur-net.go.jp/chintai/kanto/kanagawa/40_1710_room.html?JKSS=002040306,<li>東急田園都市線「あざみ野」駅バス10分　徒歩2～7分</li><li>東急田園都市線「たまプラーザ」駅バス12分　徒歩2～7分</li><li>小田急小田原線「新百合ヶ丘」駅バス16分　徒歩3～8分</li>
kanagawa,shinyurigaoka,虹ヶ丘,101700,,,,,,,川崎市麻生区虹ケ丘2-2ほか,2-4号棟,鉄筋コンクリート造、鉄骨鉄筋コンクリート造,3,N,306号室,3DK,53,5,97900,3800,2か月,['URライト（4年定借）'],随時,https://www.ur-net.go.jp/chintai/kanto/kanagawa/40_1710_room.html?JKSS=002040306,<li>東急田園都市線「あざみ野」駅バス10分　徒歩2～7分</li><li>東急田園都市線「たまプラーザ」駅バス12分　徒歩2～7分</li><li>小田急小田原線「新百合ヶ丘」駅バス16分　徒歩3～8分</li>
kanagawa,shinyurigaoka,虹ヶ丘,102800,,,,東急田園都市線「あざみ野」駅,12.0,17.0,川崎市麻生区虹ケ丘2-2ほか,3-17号棟,鉄筋コンクリート造、鉄骨鉄筋コンクリート造,9,N,901号室,2DK,56,11,99000,3800,2か月,['URライト（4年定借）'],随時,https://www.ur-net.go.jp/chintai/kanto/kanagawa/40_1710_room.html?JKSS=003170901,<li>東急田園都市線「あざみ野」駅バス10分　徒歩2～7分</li><li>東急田園都市線「たまプラーザ」駅バス12分　徒歩2～7分</li><li>小田急小田原線「新百合ヶ丘」駅バス16分　徒歩3～8分</li>
kanagawa,shinyurigaoka,虹ヶ丘,102800,,,,東急田園都市線「たまプラーザ」駅,14.0,19.0,川崎市麻生区虹ケ丘2-2ほか,3-17号棟,鉄筋コンクリート造、鉄骨鉄筋コンクリート造,9,N,901号室,2DK,56,11,99000,3800,2か月,['URライト（4年定借）'],随時,https://www.ur-net.go.jp/chintai/kanto/kanagawa/40_1710_room.html?JKSS=003170901,<li>東急田園都市線「あざみ野」駅バス10分　徒歩2～7分</li><li>東急田園都市線「たまプラーザ」駅バス12分　徒歩2～7分</li><li>小田急小田原線「新百合ヶ丘」駅バス16分　徒歩3～8分</li>
kanagawa,shinyurigaoka,虹ヶ丘,102800,,,,小田急小田原線「新百合ヶ丘」駅,19.0,24.0,川崎市麻生区虹ケ丘2-2ほか,3-17号棟,鉄筋コンクリート造、鉄骨鉄筋コンクリート造,9,N,901号室,2DK,56,11,99000,3800,2か月,['URライト（4年定借）'],随時,https://www.ur-net.go.jp/chintai/kanto/kanagawa/40_1710_room.html?JKSS=003170901,<li>東急田園都市線「あざみ野」駅バス10分　徒歩2～7分</li><li>東急田園都市線「たまプラーザ」駅バス12分　徒歩2～7分</li><li>小田急小田原線「新百合ヶ丘」駅バス16分　徒歩3～8分</li>
kanagawa,shinyurigaoka,虹ヶ丘,102800,,,,,,,川崎市麻生区虹ケ丘2-2ほか,3-17号棟,鉄筋コンクリート造、鉄骨鉄筋コンクリート造,9,N,901号室,2DK,56,11,99000,3800,2か月,['URライト（4年定借）'],随時,https://www.ur-net.go.jp/chintai/kanto/kanagawa/40_1710_room.html?JKSS=003170901,<li>東急田園都市線「あざみ野」駅バス10分　徒歩2～7分</li><li>東急田園都市線「たまプラーザ」駅バス12分　徒歩2～7分</li><li>小田急小田原線「新百合ヶ丘」駅バス16分　徒歩3～8分</li>
kanagawa,shinyurigaoka,虹ヶ丘,104700,,,,東急田園都市線「あざみ野」駅,12.0,17.0,川崎市麻生区虹ケ丘2-2ほか,3-26号棟,鉄筋コンクリート造、鉄骨鉄筋コンクリート造,11,N,1101号室,2DK,56,11,100900,3800,2か月,['URライト（4年定借）'],随時,https://www.ur-net.go.jp/chintai/kanto/kanagawa/40_1710_room.html?JKSS=003261101,<li>東急田園都市線「あざみ野」駅バス10分　徒歩2～7分</li><li>東急田園都市線「たまプラーザ」駅バス12分　徒歩2～7分</li><li>小田急小田原線「新百合ヶ丘」駅バス16分　徒歩3～8分</li>
kanagawa,shinyurigaoka,虹ヶ丘,104700,,,,東急田園都市線「たまプラーザ」駅,14.0,19.0,川崎市麻生区虹ケ丘2-2ほか,3-26号棟,鉄筋コンクリート造、鉄骨鉄筋コンクリート造,11,N,1101号室,2DK,56,11,100900,3800,2か月,['URライト（4年定借）'],随時,https://www.ur-net.go.jp/chintai/kanto/kanagawa/40_1710_room.html?JKSS=003261101,<li>東急田園都市線「あざみ野」駅バス10分　徒歩2～7分</li><li>東急田園都市線「たまプラーザ」駅バス12分　徒歩2～7分</li><li>小田急小田原線「新百合ヶ丘」駅バス16分　徒歩3～8分</li>
kanagawa,shinyurigaoka,虹ヶ丘,104700,,,,小田急小田原線「新百合ヶ丘」駅,19.0,24.0,川崎市麻生区虹ケ丘2-2ほか,3-26号棟,鉄筋コンクリート造、鉄骨鉄筋コンクリート造,11,N,1101号室,2DK,56,11,100900,3800,2か月,['URライト（4年定借）'],随時,https://www.ur-net.go.jp/chintai/kanto/kanagawa/40_1710_room.html?JKSS=003261101,<li>東急田園都市線「あざみ野」駅バス10分　徒歩2～7分</li><li>東急田園都市線「たまプラーザ」駅バス12分　徒歩2～7分</li><li>小田急小田原線「新百合ヶ丘」駅バス16分　徒歩3～8分</li>
kanagawa,shinyurigaoka,虹ヶ丘,104700,,,,,,,川崎市麻生区虹ケ丘2-2ほか,3-26号棟,鉄筋コンクリート造、鉄骨鉄筋コンクリート造,11,N,1101号室,2DK,56,11,100900,3800,2か月,['URライト（4年定借）'],随時,https://www.ur-net.go.jp/chintai/kanto/kanagawa/40_1710_room.html?JKSS=003261101,<li>東急田園都市線「あざみ野」駅バス10分　徒歩2～7分</li><li>東急田園都市線「たまプラーザ」駅バス12分　徒歩2～7分</li><li>小田急小田原線「新百合ヶ丘」駅バス16分　徒歩3～8分</li>
kanagawa,hiyoshi,シティコート元住吉,146000,東急東横線「元住吉」駅,17.0,18.0,,,,川崎市中原区木月4-49-1ほか,1号棟,鉄筋コンクリート造,1,N,110号室,3LDK,80,5,143700,2300,2か月,['近居割'],随時,https://www.ur-net.go.jp/chintai/kanto/kanagawa/40_3410_room.html?JKSS=000010110,<li>東急東横線「元住吉」駅 徒歩17～18分</li><li>東急東横線「日吉」駅 徒歩18分</li><li>JR南武線「平間」駅 徒歩21分</li>
kanagawa,hiyoshi,シティコート元住吉,146000,東急東横線「日吉」駅,18.0,18.0,,,,川崎市中原区木月4-49-1ほか,1号棟,鉄筋コンクリート造,1,N,110号室,3LDK,80,5,143700,2300,2か月,['近居割'],随時,https://www.ur-net.go.jp/chintai/kanto/kanagawa/40_3410_room.html?JKSS=000010110,<li>東急東横線「元住吉」駅 徒歩17～18分</li><li>東急東横線「日吉」駅 徒歩18分</li><li>JR南武線「平間」駅 徒歩21分</li>
kanagawa,hiyoshi,シティコート元住吉,146000,JR南武線「平間」駅,21.0,21.0,,,,川崎市中原区木月4-49-1ほか,1号棟,鉄筋コンクリート造,1,N,110号室,3LDK,80,5,143700,2300,2か月,['近居割'],随時,https://www.ur-net.go.jp/chintai/kanto/kanagawa/40_3410_room.html?JKSS=000010110,<li>東急東横線「元住吉」駅 徒歩17～18分</li><li>東急東横線「日吉」駅 徒歩18分</li><li>JR南武線「平間」駅 徒歩21分</li>
kanagawa,hiyoshi,シティコート元住吉,146000,,,,,,,川崎市中原区木月4-49-1ほか,1号棟,鉄筋コンクリート造,1,N,110号室,3LDK,80,5,143700,2300,2か月,['近居割'],随時,https://www.ur-net.go.jp/chintai/kanto/kanagawa/40_3410_room.html?JKSS=000010110,<li>東急東横線「元住吉」駅 徒歩17～18分</li><li>東急東横線「日吉」駅 徒歩18分</li><li>JR南武線「平間」駅 徒歩21分</li>
kanagawa,shinyurigaoka,アーバンハイツ菅生ヶ丘,109600,,,,小田急小田原線「生田」駅,15.0,15.0,川崎市宮前区菅生ケ丘34-1ほか,,鉄筋コンクリート造,4,N,401号室,1LDK,61,6,102200,7400,2か月,['近居割'],随時,https://www.ur-net.go.jp/chintai/kanto/kanagawa/40_3220_room.html?JKSS=000000401,<li>小田急小田原線「生田」駅バス11分 徒歩4分</li><li>東急田園都市線「溝の口」駅バス21分 徒歩4分</li>
kanagawa,shinyurigaoka,アーバンハイツ菅生ヶ丘,109600,,,,東急田園都市線「溝の口」駅,25.0,25.0,川崎市宮前区菅生ケ丘34-1ほか,,鉄筋コンクリート造,4,N,401号室,1LDK,61,6,102200,7400,2か月,['近居割'],随時,https://www.ur-net.go.jp/chintai/kanto/kanagawa/40_3220_room.html?JKSS=000000401,<li>小田急小田原線「生田」駅バス11分 徒歩4分</li><li>東急田園都市線「溝の口」駅バス21分 徒歩4分</li>
kanagawa,shinyurigaoka,アーバンハイツ菅生ヶ丘,109600,,,,,,,川崎市宮前区菅生ケ丘34-1ほか,,鉄筋コンクリート造,4,N,401号室,1LDK,61,6,102200,7400,2か月,['近居割'],随時,https://www.ur-net.go.jp/chintai/kanto/kanagawa/40_3220_room.html?JKSS=000000401,<li>小田急小田原線「生田」駅バス11分 徒歩4分</li><li>東急田園都市線「溝の口」駅バス21分 徒歩4分</li>
kanagawa,shinyurigaoka,アーバンハイツ菅生ヶ丘,122700,,,,小田急小田原線「生田」駅,15.0,15.0,川崎市宮前区菅生ケ丘34-1ほか,,鉄筋コンクリート造,3,N,306号室,3DK,76,6,115300,7400,2か月,['近居割'],随時,https://www.ur-net.go.jp/chintai/kanto/kanagawa/40_3220_room.html?JKSS=000000306,<li>小田急小田原線「生田」駅バス11分 徒歩4分</li><li>東急田園都市線「溝の口」駅バス21分 徒歩4分</li>
kanagawa,shinyurigaoka,アーバンハイツ菅生ヶ丘,122700,,,,東急田園都市線「溝の口」駅,25.0,25.0,川崎市宮前区菅生ケ丘34-1ほか,,鉄筋コンクリート造,3,N,306号室,3DK,76,6,115300,7400,2か月,['近居割'],随時,https://www.ur-net.go.jp/chintai/kanto/kanagawa/40_3220_room.html?JKSS=000000306,<li>小田急小田原線「生田」駅バス11分 徒歩4分</li><li>東急田園都市線「溝の口」駅バス21分 徒歩4分</li>
kanagawa,shinyurigaoka,アーバンハイツ菅生ヶ丘,122700,,,,,,,川崎市宮前区菅生ケ丘34-1ほか,,鉄筋コンクリート造,3,N,306号室,3DK,76,6,115300,7400,2か月,['近居割'],随時,https://www.ur-net.go.jp/chintai/kanto/kanagawa/40_3220_room.html?JKSS=000000306,<li>小田急小田原線「生田」駅バス11分 徒歩4分</li><li>東急田園都市線「溝の口」駅バス21分 徒歩4分</li>
kanagawa,shinyurigaoka,コンフォール生田菅生ヶ丘,156100,,,,小田急小田原線「生田」駅,17.0,18.0,川崎市宮前区菅生ケ丘24,3号棟,鉄筋コンクリート造,2,N,201号室,4LDK,92,3,145300,10800,2か月,['近居割'],随時,https://www.ur-net.go.jp/chintai/kanto/kanagawa/40_3700_room.html?JKSS=000030201,<li>小田急小田原線「生田」駅バス11分 徒歩6～7分</li><li>東急田園都市線「溝の口」駅バス21分 徒歩3～4分</li><li>東急田園都市線「たまプラーザ」駅バス9分 徒歩7～8分</li>
kanagawa,shinyurigaoka,コンフォール生田菅生ヶ丘,156100,,,,東急田園都市線「溝の口」駅,24.0,25.0,川崎市宮前区菅生ケ丘24,3号棟,鉄筋コンクリート造,2,N,201号室,4LDK,92,3,145300,10800,2か月,['近居割'],随時,https://www.ur-net.go.jp/chintai/kanto/kanagawa/40_3700_room.html?JKSS=000030201,<li>小田急小田原線「生田」駅バス11分 徒歩6～7分</li><li>東急田園都市線「溝の口」駅バス21分 徒歩3～4分</li><li>東急田園都市線「たまプラーザ」駅バス9分 徒歩7～8分</li>
kanagawa,shinyurigaoka,コンフォール生田菅生ヶ丘,156100,,,,東急田園都市線「たまプラーザ」駅,16.0,17.0,川崎市宮前区菅生ケ丘24,3号棟,鉄筋コンクリート造,2,N,201号室,4LDK,92,3,145300,10800,2か月,['近居割'],随時,https://www.ur-net.go.jp/chintai/kanto/kanagawa/40_3700_room.html?JKSS=000030201,<li>小田急小田原線「生田」駅バス11分 徒歩6～7分</li><li>東急田園都市線「溝の口」駅バス21分 徒歩3～4分</li><li>東急田園都市線「たまプラーザ」駅バス9分 徒歩7～8分</li>
kanagawa,shinyurigaoka,コンフォール生田菅生ヶ丘,156100,,,,,,,川崎市宮前区菅生ケ丘24,3号棟,鉄筋コンクリート造,2,N,201号室,4LDK,92,3,145300,10800,2か月,['近居割'],随時,https://www.ur-net.go.jp/chintai/kanto/kanagawa/40_3700_room.html?JKSS=000030201,<li>小田急小田原線「生田」駅バス11分 徒歩6～7分</li><li>東急田園都市線「溝の口」駅バス21分 徒歩3～4分</li><li>東急田園都市線「たまプラーザ」駅バス9分 徒歩7～8分</li>
kanagawa,kohoku,西菅田,82000,,,,JR横浜線「鴨居」駅,8.0,16.0,横浜市神奈川区菅田町488ほか,3-1号棟,鉄筋コンクリート造,4,N,403号室,2DK,45,5,76800,5200,2か月,"['近居割', '近居割WIDE']",随時,https://www.ur-net.go.jp/chintai/kanto/kanagawa/40_1450_room.html?JKSS=000301403,<li>JR横浜線「鴨居」駅バス7～9分 徒歩1～7分</li><li>横浜市営地下鉄ブルーライン「片倉町」駅バス20～22分 徒歩1～7分</li><li>JR東海道本線「横浜」駅バス23分 徒歩2～14分</li>
kanagawa,kohoku,西菅田,82000,,,,横浜市営地下鉄ブルーライン「片倉町」駅,21.0,29.0,横浜市神奈川区菅田町488ほか,3-1号棟,鉄筋コンクリート造,4,N,403号室,2DK,45,5,76800,5200,2か月,"['近居割', '近居割WIDE']",随時,https://www.ur-net.go.jp/chintai/kanto/kanagawa/40_1450_room.html?JKSS=000301403,<li>JR横浜線「鴨居」駅バス7～9分 徒歩1～7分</li><li>横浜市営地下鉄ブルーライン「片倉町」駅バス20～22分 徒歩1～7分</li><li>JR東海道本線「横浜」駅バス23分 徒歩2～14分</li>
kanagawa,kohoku,西菅田,82000,,,,JR東海道本線「横浜」駅,25.0,37.0,横浜市神奈川区菅田町488ほか,3-1号棟,鉄筋コンクリート造,4,N,403号室,2DK,45,5,76800,5200,2か月,"['近居割', '近居割WIDE']",随時,https://www.ur-net.go.jp/chintai/kanto/kanagawa/40_1450_room.html?JKSS=000301403,<li>JR横浜線「鴨居」駅バス7～9分 徒歩1～7分</li><li>横浜市営地下鉄ブルーライン「片倉町」駅バス20～22分 徒歩1～7分</li><li>JR東海道本線「横浜」駅バス23分 徒歩2～14分</li>
kanagawa,kohoku,西菅田,82000,,,,,,,横浜市神奈川区菅田町488ほか,3-1号棟,鉄筋コンクリート造,4,N,403号室,2DK,45,5,76800,5200,2か月,"['近居割', '近居割WIDE']",随時,https://www.ur-net.go.jp/chintai/kanto/kanagawa/40_1450_room.html?JKSS=000301403,<li>JR横浜線「鴨居」駅バス7～9分 徒歩1～7分</li><li>横浜市営地下鉄ブルーライン「片倉町」駅バス20～22分 徒歩1～7分</li><li>JR東海道本線「横浜」駅バス23分 徒歩2～14分</li>
kanagawa,kohoku,西菅田,90400,,,,JR横浜線「鴨居」駅,8.0,16.0,横浜市神奈川区菅田町488ほか,5-6号棟,鉄筋コンクリート造,2,N,201号室,3DK,53,5,85200,5200,2か月,['健康寿命サポート'],随時,https://www.ur-net.go.jp/chintai/kanto/kanagawa/40_1450_room.html?JKSS=000506201,<li>JR横浜線「鴨居」駅バス7～9分 徒歩1～7分</li><li>横浜市営地下鉄ブルーライン「片倉町」駅バス20～22分 徒歩1～7分</li><li>JR東海道本線「横浜」駅バス23分 徒歩2～14分</li>
kanagawa,kohoku,西菅田,90400,,,,横浜市営地下鉄ブルーライン「片倉町」駅,21.0,29.0,横浜市神奈川区菅田町488ほか,5-6号棟,鉄筋コンクリート造,2,N,201号室,3DK,53,5,85200,5200,2か月,['健康寿命サポート'],随時,https://www.ur-net.go.jp/chintai/kanto/kanagawa/40_1450_room.html?JKSS=000506201,<li>JR横浜線「鴨居」駅バス7～9分 徒歩1～7分</li><li>横浜市営地下鉄ブルーライン「片倉町」駅バス20～22分 徒歩1～7分</li><li>JR東海道本線「横浜」駅バス23分 徒歩2～14分</li>
kanagawa,kohoku,西菅田,90400,,,,JR東海道本線「横浜」駅,25.0,37.0,横浜市神奈川区菅田町488ほか,5-6号棟,鉄筋コンクリート造,2,N,201号室,3DK,53,5,85200,5200,2か月,['健康寿命サポート'],随時,https://www.ur-net.go.jp/chintai/kanto/kanagawa/40_1450_room.html?JKSS=000506201,<li>JR横浜線「鴨居」駅バス7～9分 徒歩1～7分</li><li>横浜市営地下鉄ブルーライン「片倉町」駅バス20～22分 徒歩1～7分</li><li>JR東海道本線「横浜」駅バス23分 徒歩2～14分</li>
kanagawa,kohoku,西菅田,90400,,,,,,,横浜市神奈川区菅田町488ほか,5-6号棟,鉄筋コンクリート造,2,N,201号室,3DK,53,5,85200,5200,2か月,['健康寿命サポート'],随時,https://www.ur-net.go.jp/chintai/kanto/kanagawa/40_1450_room.html?JKSS=000506201,<li>JR横浜線「鴨居」駅バス7～9分 徒歩1～7分</li><li>横浜市営地下鉄ブルーライン「片倉町」駅バス20～22分 徒歩1～7分</li><li>JR東海道本線「横浜」駅バス23分 徒歩2～14分</li>
kanagawa,yokohamanishiguchi,コンフォール北原,147700,横浜市営地下鉄ブルーライン「岸根公園」駅,8.0,10.0,,,,横浜市神奈川区六角橋6-24,6号棟,鉄筋コンクリート造,1,N,107号室,2LDK,65,6,141100,6600,2か月,['近居割'],随時,https://www.ur-net.go.jp/chintai/kanto/kanagawa/40_3950_room.html?JKSS=000060107,<li>横浜市営地下鉄ブルーライン「岸根公園」駅 徒歩8～10分</li><li>東急東横線「白楽」駅 徒歩15～18分</li><li>横浜市営地下鉄ブルーライン「片倉町」駅 徒歩13～17分</li>
kanagawa,yokohamanishiguchi,コンフォール北原,147700,東急東横線「白楽」駅,15.0,18.0,,,,横浜市神奈川区六角橋6-24,6号棟,鉄筋コンクリート造,1,N,107号室,2LDK,65,6,141100,6600,2か月,['近居割'],随時,https://www.ur-net.go.jp/chintai/kanto/kanagawa/40_3950_room.html?JKSS=000060107,<li>横浜市営地下鉄ブルーライン「岸根公園」駅 徒歩8～10分</li><li>東急東横線「白楽」駅 徒歩15～18分</li><li>横浜市営地下鉄ブルーライン「片倉町」駅 徒歩13～17分</li>
kanagawa,yokohamanishiguchi,コンフォール北原,147700,横浜市営地下鉄ブルーライン「片倉町」駅,13.0,17.0,,,,横浜市神奈川区六角橋6-24,6号棟,鉄筋コンクリート造,1,N,107号室,2LDK,65,6,141100,6600,2か月,['近居割'],随時,https://www.ur-net.go.jp/chintai/kanto/kanagawa/40_3950_room.html?JKSS=000060107,<li>横浜市営地下鉄ブルーライン「岸根公園」駅 徒歩8～10分</li><li>東急東横線「白楽」駅 徒歩15～18分</li><li>横浜市営地下鉄ブルーライン「片倉町」駅 徒歩13～17分</li>
kanagawa,yokohamanishiguchi,コンフォール北原,147700,,,,,,,横浜市神奈川区六角橋6-24,6号棟,鉄筋コンクリート造,1,N,107号室,2LDK,65,6,141100,6600,2か月,['近居割'],随時,https://www.ur-net.go.jp/chintai/kanto/kanagawa/40_3950_room.html?JKSS=000060107,<li>横浜市営地下鉄ブルーライン「岸根公園」駅 徒歩8～10分</li><li>東急東横線「白楽」駅 徒歩15～18分</li><li>横浜市営地下鉄ブルーライン「片倉町」駅 徒歩13～17分</li>
kanagawa,yokohamanishiguchi,コンフォール西寺尾,146500,JR横浜線「大口」駅,11.0,13.0,,,,横浜市神奈川区西寺尾2-26,1号棟,鉄筋コンクリート造,4,N,409号室,2LDK,60,7,143600,2900,2か月,['近居割'],随時,https://www.ur-net.go.jp/chintai/kanto/kanagawa/40_3090_room.html?JKSS=000010409,<li>JR横浜線「大口」駅 徒歩11～13分</li><li>JR京浜東北・根岸線「鶴見」駅バス13分 徒歩7～8分</li><li>東急東横線「妙蓮寺」駅 徒歩20～22分</li>
kanagawa,yokohamanishiguchi,コンフォール西寺尾,146500,,,,JR京浜東北・根岸線「鶴見」駅,20.0,21.0,横浜市神奈川区西寺尾2-26,1号棟,鉄筋コンクリート造,4,N,409号室,2LDK,60,7,143600,2900,2か月,['近居割'],随時,https://www.ur-net.go.jp/chintai/kanto/kanagawa/40_3090_room.html?JKSS=000010409,<li>JR横浜線「大口」駅 徒歩11～13分</li><li>JR京浜東北・根岸線「鶴見」駅バス13分 徒歩7～8分</li><li>東急東横線「妙蓮寺」駅 徒歩20～22分</li>
kanagawa,yokohamanishiguchi,コンフォール西寺尾,146500,東急東横線「妙蓮寺」駅,20.0,22.0,,,,横浜市神奈川区西寺尾2-26,1号棟,鉄筋コンクリート造,4,N,409号室,2LDK,60,7,143600,2900,2か月,['近居割'],随時,https://www.ur-net.go.jp/chintai/kanto/kanagawa/40_3090_room.html?JKSS=000010409,<li>JR横浜線「大口」駅 徒歩11～13分</li><li>JR京浜東北・根岸線「鶴見」駅バス13分 徒歩7～8分</li><li>東急東横線「妙蓮寺」駅 徒歩20～22分</li>
kanagawa,yokohamanishiguchi,コンフォール西寺尾,146500,,,,,,,横浜市神奈川区西寺尾2-26,1号棟,鉄筋コンクリート造,4,N,409号室,2LDK,60,7,143600,2900,2か月,['近居割'],随時,https://www.ur-net.go.jp/chintai/kanto/kanagawa/40_3090_room.html?JKSS=000010409,<li>JR横浜線「大口」駅 徒歩11～13分</li><li>JR京浜東北・根岸線「鶴見」駅バス13分 徒歩7～8分</li><li>東急東横線「妙蓮寺」駅 徒歩20～22分</li>
kanagawa,kohoku,十日市場ヒルタウン　コンフォール十日市場六番街,172000,JR横浜線「十日市場」駅,7.0,8.0,,,,横浜市緑区十日市場町1358-48,6-2号棟,鉄筋コンクリート造,5,N,502号室,3LDK,73,5,163500,8500,2か月,['近居割'],随時,https://www.ur-net.go.jp/chintai/kanto/kanagawa/40_3930_room.html?JKSS=006020502,<li>JR横浜線「十日市場」駅 徒歩7～8分</li><li>東急田園都市線「青葉台」駅バス12分 徒歩7～8分</li><li>JR横浜線「中山」駅バス10分 徒歩3～4分</li>
kanagawa,kohoku,十日市場ヒルタウン　コンフォール十日市場六番街,172000,,,,東急田園都市線「青葉台」駅,19.0,20.0,横浜市緑区十日市場町1358-48,6-2号棟,鉄筋コンクリート造,5,N,502号室,3LDK,73,5,163500,8500,2か月,['近居割'],随時,https://www.ur-net.go.jp/chintai/kanto/kanagawa/40_3930_room.html?JKSS=006020502,<li>JR横浜線「十日市場」駅 徒歩7～8分</li><li>東急田園都市線「青葉台」駅バス12分 徒歩7～8分</li><li>JR横浜線「中山」駅バス10分 徒歩3～4分</li>
kanagawa,kohoku,十日市場ヒルタウン　コンフォール十日市場六番街,172000,,,,JR横浜線「中山」駅,13.0,14.0,横浜市緑区十日市場町1358-48,6-2号棟,鉄筋コンクリート造,5,N,502号室,3LDK,73,5,163500,8500,2か月,['近居割'],随時,https://www.ur-net.go.jp/chintai/kanto/kanagawa/40_3930_room.html?JKSS=006020502,<li>JR横浜線「十日市場」駅 徒歩7～8分</li><li>東急田園都市線「青葉台」駅バス12分 徒歩7～8分</li><li>JR横浜線「中山」駅バス10分 徒歩3～4分</li>
kanagawa,kohoku,十日市場ヒルタウン　コンフォール十日市場六番街,172000,,,,,,,横浜市緑区十日市場町1358-48,6-2号棟,鉄筋コンクリート造,5,N,502号室,3LDK,73,5,163500,8500,2か月,['近居割'],随時,https://www.ur-net.go.jp/chintai/kanto/kanagawa/40_3930_room.html?JKSS=006020502,<li>JR横浜線「十日市場」駅 徒歩7～8分</li><li>東急田園都市線「青葉台」駅バス12分 徒歩7～8分</li><li>JR横浜線「中山」駅バス10分 徒歩3～4分</li>
kanagawa,shinyurigaoka,奈良北,61400,,,,小田急小田原線「鶴川」駅,15.0,20.0,横浜市青葉区奈良町2913,4号棟,鉄筋コンクリート造、鉄骨鉄筋コンクリート造,5,N,509号室,1K,34,11,58500,2900,2か月,"['近居割', '近居割WIDE']",随時,https://www.ur-net.go.jp/chintai/kanto/kanagawa/40_1410_room.html?JKSS=000040509,<li>小田急小田原線「鶴川」駅バス13分 徒歩2～7分</li><li>小田急小田原線「玉川学園前」駅 徒歩15～21分</li><li>東急田園都市線「青葉台」駅バス16～17分 徒歩1～7分</li>
kanagawa,shinyurigaoka,奈良北,61400,小田急小田原線「玉川学園前」駅,15.0,21.0,,,,横浜市青葉区奈良町2913,4号棟,鉄筋コンクリート造、鉄骨鉄筋コンクリート造,5,N,509号室,1K,34,11,58500,2900,2か月,"['近居割', '近居割WIDE']",随時,https://www.ur-net.go.jp/chintai/kanto/kanagawa/40_1410_room.html?JKSS=000040509,<li>小田急小田原線「鶴川」駅バス13分 徒歩2～7分</li><li>小田急小田原線「玉川学園前」駅 徒歩15～21分</li><li>東急田園都市線「青葉台」駅バス16～17分 徒歩1～7分</li>
kanagawa,shinyurigaoka,奈良北,61400,,,,東急田園都市線「青葉台」駅,17.0,24.0,横浜市青葉区奈良町2913,4号棟,鉄筋コンクリート造、鉄骨鉄筋コンクリート造,5,N,509号室,1K,34,11,58500,2900,2か月,"['近居割', '近居割WIDE']",随時,https://www.ur-net.go.jp/chintai/kanto/kanagawa/40_1410_room.html?JKSS=000040509,<li>小田急小田原線「鶴川」駅バス13分 徒歩2～7分</li><li>小田急小田原線「玉川学園前」駅 徒歩15～21分</li><li>東急田園都市線「青葉台」駅バス16～17分 徒歩1～7分</li>
kanagawa,shinyurigaoka,奈良北,61400,,,,,,,横浜市青葉区奈良町2913,4号棟,鉄筋コンクリート造、鉄骨鉄筋コンクリート造,5,N,509号室,1K,34,11,58500,2900,2か月,"['近居割', '近居割WIDE']",随時,https://www.ur-net.go.jp/chintai/kanto/kanagawa/40_1410_room.html?JKSS=000040509,<li>小田急小田原線「鶴川」駅バス13分 徒歩2～7分</li><li>小田急小田原線「玉川学園前」駅 徒歩15～21分</li><li>東急田園都市線「青葉台」駅バス16～17分 徒歩1～7分</li>
kanagawa,shinyurigaoka,奈良北,82500,,,,小田急小田原線「鶴川」駅,15.0,20.0,横浜市青葉区奈良町2913,8号棟,鉄筋コンクリート造、鉄骨鉄筋コンクリート造,4,N,406号室,2LDK,52,5,79600,2900,2か月,"['近居割', '近居割WIDE']",随時,https://www.ur-net.go.jp/chintai/kanto/kanagawa/40_1410_room.html?JKSS=000080406,<li>小田急小田原線「鶴川」駅バス13分 徒歩2～7分</li><li>小田急小田原線「玉川学園前」駅 徒歩15～21分</li><li>東急田園都市線「青葉台」駅バス16～17分 徒歩1～7分</li>
kanagawa,shinyurigaoka,奈良北,82500,小田急小田原線「玉川学園前」駅,15.0,21.0,,,,横浜市青葉区奈良町2913,8号棟,鉄筋コンクリート造、鉄骨鉄筋コンクリート造,4,N,406号室,2LDK,52,5,79600,2900,2か月,"['近居割', '近居割WIDE']",随時,https://www.ur-net.go.jp/chintai/kanto/kanagawa/40_1410_room.html?JKSS=000080406,<li>小田急小田原線「鶴川」駅バス13分 徒歩2～7分</li><li>小田急小田原線「玉川学園前」駅 徒歩15～21分</li><li>東急田園都市線「青葉台」駅バス16～17分 徒歩1～7分</li>
kanagawa,shinyurigaoka,奈良北,82500,,,,東急田園都市線「青葉台」駅,17.0,24.0,横浜市青葉区奈良町2913,8号棟,鉄筋コンクリート造、鉄骨鉄筋コンクリート造,4,N,406号室,2LDK,52,5,79600,2900,2か月,"['近居割', '近居割WIDE']",随時,https://www.ur-net.go.jp/chintai/kanto/kanagawa/40_1410_room.html?JKSS=000080406,<li>小田急小田原線「鶴川」駅バス13分 徒歩2～7分</li><li>小田急小田原線「玉川学園前」駅 徒歩15～21分</li><li>東急田園都市線「青葉台」駅バス16～17分 徒歩1～7分</li>
kanagawa,shinyurigaoka,奈良北,82500,,,,,,,横浜市青葉区奈良町2913,8号棟,鉄筋コンクリート造、鉄骨鉄筋コンクリート造,4,N,406号室,2LDK,52,5,79600,2900,2か月,"['近居割', '近居割WIDE']",随時,https://www.ur-net.go.jp/chintai/kanto/kanagawa/40_1410_room.html?JKSS=000080406,<li>小田急小田原線「鶴川」駅バス13分 徒歩2～7分</li><li>小田急小田原線「玉川学園前」駅 徒歩15～21分</li><li>東急田園都市線「青葉台」駅バス16～17分 徒歩1～7分</li>
kanagawa,shinyurigaoka,奈良北,89000,,,,小田急小田原線「鶴川」駅,15.0,20.0,横浜市青葉区奈良町2913,7号棟,鉄筋コンクリート造、鉄骨鉄筋コンクリート造,8,N,824号室,2LDK,54,8,86100,2900,2か月,"['近居割', '近居割WIDE']",随時,https://www.ur-net.go.jp/chintai/kanto/kanagawa/40_1410_room.html?JKSS=000070824,<li>小田急小田原線「鶴川」駅バス13分 徒歩2～7分</li><li>小田急小田原線「玉川学園前」駅 徒歩15～21分</li><li>東急田園都市線「青葉台」駅バス16～17分 徒歩1～7分</li>
kanagawa,shinyurigaoka,奈良北,89000,小田急小田原線「玉川学園前」駅,15.0,21.0,,,,横浜市青葉区奈良町2913,7号棟,鉄筋コンクリート造、鉄骨鉄筋コンクリート造,8,N,824号室,2LDK,54,8,86100,2900,2か月,"['近居割', '近居割WIDE']",随時,https://www.ur-net.go.jp/chintai/kanto/kanagawa/40_1410_room.html?JKSS=000070824,<li>小田急小田原線「鶴川」駅バス13分 徒歩2～7分</li><li>小田急小田原線「玉川学園前」駅 徒歩15～21分</li><li>東急田園都市線「青葉台」駅バス16～17分 徒歩1～7分</li>
kanagawa,shinyurigaoka,奈良北,89000,,,,東急田園都市線「青葉台」駅,17.0,24.0,横浜市青葉区奈良町2913,7号棟,鉄筋コンクリート造、鉄骨鉄筋コンクリート造,8,N,824号室,2LDK,54,8,86100,2900,2か月,"['近居割', '近居割WIDE']",随時,https://www.ur-net.go.jp/chintai/kanto/kanagawa/40_1410_room.html?JKSS=000070824,<li>小田急小田原線「鶴川」駅バス13分 徒歩2～7分</li><li>小田急小田原線「玉川学園前」駅 徒歩15～21分</li><li>東急田園都市線「青葉台」駅バス16～17分 徒歩1～7分</li>
kanagawa,shinyurigaoka,奈良北,89000,,,,,,,横浜市青葉区奈良町2913,7号棟,鉄筋コンクリート造、鉄骨鉄筋コンクリート造,8,N,824号室,2LDK,54,8,86100,2900,2か月,"['近居割', '近居割WIDE']",随時,https://www.ur-net.go.jp/chintai/kanto/kanagawa/40_1410_room.html?JKSS=000070824,<li>小田急小田原線「鶴川」駅バス13分 徒歩2～7分</li><li>小田急小田原線「玉川学園前」駅 徒歩15～21分</li><li>東急田園都市線「青葉台」駅バス16～17分 徒歩1～7分</li>
kanagawa,shinyurigaoka,すすき野,72500,,,,東急田園都市線「たまプラーザ」駅,14.0,16.0,横浜市青葉区すすき野3-6-1,6-16号棟,鉄筋コンクリート造,6,N,605号室,1K,35,8,69200,3300,2か月,['近居割'],随時,https://www.ur-net.go.jp/chintai/kanto/kanagawa/40_1650_room.html?JKSS=006160605,<li>東急田園都市線「たまプラーザ」駅バス10分 徒歩4～6分</li><li>東急田園都市線「あざみ野」駅バス9分 徒歩4～8分</li><li>小田急小田原線「新百合ヶ丘」駅バス16分 徒歩8～11分</li>
kanagawa,shinyurigaoka,すすき野,72500,,,,東急田園都市線「あざみ野」駅,13.0,17.0,横浜市青葉区すすき野3-6-1,6-16号棟,鉄筋コンクリート造,6,N,605号室,1K,35,8,69200,3300,2か月,['近居割'],随時,https://www.ur-net.go.jp/chintai/kanto/kanagawa/40_1650_room.html?JKSS=006160605,<li>東急田園都市線「たまプラーザ」駅バス10分 徒歩4～6分</li><li>東急田園都市線「あざみ野」駅バス9分 徒歩4～8分</li><li>小田急小田原線「新百合ヶ丘」駅バス16分 徒歩8～11分</li>
kanagawa,shinyurigaoka,すすき野,72500,,,,小田急小田原線「新百合ヶ丘」駅,24.0,27.0,横浜市青葉区すすき野3-6-1,6-16号棟,鉄筋コンクリート造,6,N,605号室,1K,35,8,69200,3300,2か月,['近居割'],随時,https://www.ur-net.go.jp/chintai/kanto/kanagawa/40_1650_room.html?JKSS=006160605,<li>東急田園都市線「たまプラーザ」駅バス10分 徒歩4～6分</li><li>東急田園都市線「あざみ野」駅バス9分 徒歩4～8分</li><li>小田急小田原線「新百合ヶ丘」駅バス16分 徒歩8～11分</li>
kanagawa,shinyurigaoka,すすき野,72500,,,,,,,横浜市青葉区すすき野3-6-1,6-16号棟,鉄筋コンクリート造,6,N,605号室,1K,35,8,69200,3300,2か月,['近居割'],随時,https://www.ur-net.go.jp/chintai/kanto/kanagawa/40_1650_room.html?JKSS=006160605,<li>東急田園都市線「たまプラーザ」駅バス10分 徒歩4～6分</li><li>東急田園都市線「あざみ野」駅バス9分 徒歩4～8分</li><li>小田急小田原線「新百合ヶ丘」駅バス16分 徒歩8～11分</li>
kanagawa,shinyurigaoka,あおば山の手台ヴェルディール奈良,179400,東急こどもの国線「こどもの国」駅,8.0,10.0,,,,横浜市青葉区奈良4-4-1,8号棟,鉄筋コンクリート造,9,N,904号室,4LDK,104,9,172000,7400,2か月,['近居割'],随時,https://www.ur-net.go.jp/chintai/kanto/kanagawa/40_3580_room.html?JKSS=000080904,<li>東急こどもの国線「こどもの国」駅 徒歩8～10分</li><li>JR横浜線「成瀬」駅バス12分 徒歩2～3分</li><li>東急田園都市線「青葉台」駅バス10分 徒歩10～12分</li>
kanagawa,shinyurigaoka,あおば山の手台ヴェルディール奈良,179400,,,,JR横浜線「成瀬」駅,14.0,15.0,横浜市青葉区奈良4-4-1,8号棟,鉄筋コンクリート造,9,N,904号室,4LDK,104,9,172000,7400,2か月,['近居割'],随時,https://www.ur-net.go.jp/chintai/kanto/kanagawa/40_3580_room.html?JKSS=000080904,<li>東急こどもの国線「こどもの国」駅 徒歩8～10分</li><li>JR横浜線「成瀬」駅バス12分 徒歩2～3分</li><li>東急田園都市線「青葉台」駅バス10分 徒歩10～12分</li>
kanagawa,shinyurigaoka,あおば山の手台ヴェルディール奈良,179400,,,,東急田園都市線「青葉台」駅,20.0,22.0,横浜市青葉区奈良4-4-1,8号棟,鉄筋コンクリート造,9,N,904号室,4LDK,104,9,172000,7400,2か月,['近居割'],随時,https://www.ur-net.go.jp/chintai/kanto/kanagawa/40_3580_room.html?JKSS=000080904,<li>東急こどもの国線「こどもの国」駅 徒歩8～10分</li><li>JR横浜線「成瀬」駅バス12分 徒歩2～3分</li><li>東急田園都市線「青葉台」駅バス10分 徒歩10～12分</li>
kanagawa,shinyurigaoka,あおば山の手台ヴェルディール奈良,179400,,,,,,,横浜市青葉区奈良4-4-1,8号棟,鉄筋コンクリート造,9,N,904号室,4LDK,104,9,172000,7400,2か月,['近居割'],随時,https://www.ur-net.go.jp/chintai/kanto/kanagawa/40_3580_room.html?JKSS=000080904,<li>東急こどもの国線「こどもの国」駅 徒歩8～10分</li><li>JR横浜線「成瀬」駅バス12分 徒歩2～3分</li><li>東急田園都市線「青葉台」駅バス10分 徒歩10～12分</li>
kanagawa,kohoku,コンフォール鴨池公園,134800,横浜市営地下鉄グリーンライン「都筑ふれあいの丘」駅,9.0,11.0,,,,横浜市都筑区大丸15,3号棟,鉄筋コンクリート造,3,N,310号室,1LDK,54,3,128800,6000,2か月,['近居割'],随時,https://www.ur-net.go.jp/chintai/kanto/kanagawa/40_4161_room.html?JKSS=000030310,<li>横浜市営地下鉄グリーンライン「都筑ふれあいの丘」駅 徒歩9～11分</li><li>東急田園都市線「江田」駅バス10分 徒歩5～7分</li><li>横浜市営地下鉄ブルーライン「センター南」駅 徒歩26～28分</li>
kanagawa,kohoku,コンフォール鴨池公園,134800,,,,東急田園都市線「江田」駅,15.0,17.0,横浜市都筑区大丸15,3号棟,鉄筋コンクリート造,3,N,310号室,1LDK,54,3,128800,6000,2か月,['近居割'],随時,https://www.ur-net.go.jp/chintai/kanto/kanagawa/40_4161_room.html?JKSS=000030310,<li>横浜市営地下鉄グリーンライン「都筑ふれあいの丘」駅 徒歩9～11分</li><li>東急田園都市線「江田」駅バス10分 徒歩5～7分</li><li>横浜市営地下鉄ブルーライン「センター南」駅 徒歩26～28分</li>
kanagawa,kohoku,コンフォール鴨池公園,134800,横浜市営地下鉄ブルーライン「センター南」駅,26.0,28.0,,,,横浜市都筑区大丸15,3号棟,鉄筋コンクリート造,3,N,310号室,1LDK,54,3,128800,6000,2か月,['近居割'],随時,https://www.ur-net.go.jp/chintai/kanto/kanagawa/40_4161_room.html?JKSS=000030310,<li>横浜市営地下鉄グリーンライン「都筑ふれあいの丘」駅 徒歩9～11分</li><li>東急田園都市線「江田」駅バス10分 徒歩5～7分</li><li>横浜市営地下鉄ブルーライン「センター南」駅 徒歩26～28分</li>
kanagawa,kohoku,コンフォール鴨池公園,134800,,,,,,,横浜市都筑区大丸15,3号棟,鉄筋コンクリート造,3,N,310号室,1LDK,54,3,128800,6000,2か月,['近居割'],随時,https://www.ur-net.go.jp/chintai/kanto/kanagawa/40_4161_room.html?JKSS=000030310,<li>横浜市営地下鉄グリーンライン「都筑ふれあいの丘」駅 徒歩9～11分</li><li>東急田園都市線「江田」駅バス10分 徒歩5～7分</li><li>横浜市営地下鉄ブルーライン「センター南」駅 徒歩26～28分</li>
kanagawa,kohoku,港北ニュータウン　山田富士公園ハイツ,140300,横浜市営地下鉄グリーンライン「北山田」駅,4.0,6.0,,,,横浜市都筑区北山田3-27,3号棟,鉄筋コンクリート造,5,N,508号室,2LDK,66,14,136700,3600,2か月,['近居割'],随時,https://www.ur-net.go.jp/chintai/kanto/kanagawa/40_3420_room.html?JKSS=000030508,<li>横浜市営地下鉄グリーンライン「北山田」駅 徒歩4～6分</li><li>東急田園都市線「鷺沼」駅バス13分 徒歩3～4分</li><li>横浜市営地下鉄ブルーライン「センター北」駅バス13分 徒歩3～4分</li>
kanagawa,kohoku,港北ニュータウン　山田富士公園ハイツ,140300,,,,東急田園都市線「鷺沼」駅,16.0,17.0,横浜市都筑区北山田3-27,3号棟,鉄筋コンクリート造,5,N,508号室,2LDK,66,14,136700,3600,2か月,['近居割'],随時,https://www.ur-net.go.jp/chintai/kanto/kanagawa/40_3420_room.html?JKSS=000030508,<li>横浜市営地下鉄グリーンライン「北山田」駅 徒歩4～6分</li><li>東急田園都市線「鷺沼」駅バス13分 徒歩3～4分</li><li>横浜市営地下鉄ブルーライン「センター北」駅バス13分 徒歩3～4分</li>
kanagawa,kohoku,港北ニュータウン　山田富士公園ハイツ,140300,,,,横浜市営地下鉄ブルーライン「センター北」駅,16.0,17.0,横浜市都筑区北山田3-27,3号棟,鉄筋コンクリート造,5,N,508号室,2LDK,66,14,136700,3600,2か月,['近居割'],随時,https://www.ur-net.go.jp/chintai/kanto/kanagawa/40_3420_room.html?JKSS=000030508,<li>横浜市営地下鉄グリーンライン「北山田」駅 徒歩4～6分</li><li>東急田園都市線「鷺沼」駅バス13分 徒歩3～4分</li><li>横浜市営地下鉄ブルーライン「センター北」駅バス13分 徒歩3～4分</li>
kanagawa,kohoku,港北ニュータウン　山田富士公園ハイツ,140300,,,,,,,横浜市都筑区北山田3-27,3号棟,鉄筋コンクリート造,5,N,508号室,2LDK,66,14,136700,3600,2か月,['近居割'],随時,https://www.ur-net.go.jp/chintai/kanto/kanagawa/40_3420_room.html?JKSS=000030508,<li>横浜市営地下鉄グリーンライン「北山田」駅 徒歩4～6分</li><li>東急田園都市線「鷺沼」駅バス13分 徒歩3～4分</li><li>横浜市営地下鉄ブルーライン「センター北」駅バス13分 徒歩3～4分</li>
kanagawa,kohoku,港北ニュータウン　サントゥール中川,182800,横浜市営地下鉄ブルーライン「中川」駅,7.0,8.0,,,,横浜市都筑区中川2-9,9号棟,鉄骨鉄筋コンクリート造,1,N,110号室,3LDK,74,13,179000,3800,2か月,['近居割'],随時,https://www.ur-net.go.jp/chintai/kanto/kanagawa/40_2690_room.html?JKSS=000090110,<li>横浜市営地下鉄ブルーライン「中川」駅 徒歩7～8分</li><li>東急田園都市線「たまプラーザ」駅バス4分 徒歩2～3分</li><li>横浜市営地下鉄グリーンライン「北山田」駅バス9分 徒歩2～3分</li>
kanagawa,kohoku,港北ニュータウン　サントゥール中川,182800,,,,東急田園都市線「たまプラーザ」駅,6.0,7.0,横浜市都筑区中川2-9,9号棟,鉄骨鉄筋コンクリート造,1,N,110号室,3LDK,74,13,179000,3800,2か月,['近居割'],随時,https://www.ur-net.go.jp/chintai/kanto/kanagawa/40_2690_room.html?JKSS=000090110,<li>横浜市営地下鉄ブルーライン「中川」駅 徒歩7～8分</li><li>東急田園都市線「たまプラーザ」駅バス4分 徒歩2～3分</li><li>横浜市営地下鉄グリーンライン「北山田」駅バス9分 徒歩2～3分</li>
kanagawa,kohoku,港北ニュータウン　サントゥール中川,182800,,,,横浜市営地下鉄グリーンライン「北山田」駅,11.0,12.0,横浜市都筑区中川2-9,9号棟,鉄骨鉄筋コンクリート造,1,N,110号室,3LDK,74,13,179000,3800,2か月,['近居割'],随時,https://www.ur-net.go.jp/chintai/kanto/kanagawa/40_2690_room.html?JKSS=000090110,<li>横浜市営地下鉄ブルーライン「中川」駅 徒歩7～8分</li><li>東急田園都市線「たまプラーザ」駅バス4分 徒歩2～3分</li><li>横浜市営地下鉄グリーンライン「北山田」駅バス9分 徒歩2～3分</li>
kanagawa,kohoku,港北ニュータウン　サントゥール中川,182800,,,,,,,横浜市都筑区中川2-9,9号棟,鉄骨鉄筋コンクリート造,1,N,110号室,3LDK,74,13,179000,3800,2か月,['近居割'],随時,https://www.ur-net.go.jp/chintai/kanto/kanagawa/40_2690_room.html?JKSS=000090110,<li>横浜市営地下鉄ブルーライン「中川」駅 徒歩7～8分</li><li>東急田園都市線「たまプラーザ」駅バス4分 徒歩2～3分</li><li>横浜市営地下鉄グリーンライン「北山田」駅バス9分 徒歩2～3分</li>
kanagawa,yokohamanishiguchi,ビューコート小港,128200,みなとみらい線「元町・中華街」駅,21.0,23.0,,,,横浜市中区小港町1-1-2,10号棟,鉄筋コンクリート造,4,N,403号室,1K,52,14,122900,5300,2か月,['近居割'],随時,https://www.ur-net.go.jp/chintai/kanto/kanagawa/40_3310_room.html?JKSS=000100403,<li>みなとみらい線「元町・中華街」駅 徒歩21～23分</li><li>JR京浜東北・根岸線「桜木町」駅バス18分 徒歩3～5分</li><li>JR京浜東北・根岸線「根岸」駅バス18分 徒歩3～5分</li>
kanagawa,yokohamanishiguchi,ビューコート小港,128200,,,,JR京浜東北・根岸線「桜木町」駅,21.0,23.0,横浜市中区小港町1-1-2,10号棟,鉄筋コンクリート造,4,N,403号室,1K,52,14,122900,5300,2か月,['近居割'],随時,https://www.ur-net.go.jp/chintai/kanto/kanagawa/40_3310_room.html?JKSS=000100403,<li>みなとみらい線「元町・中華街」駅 徒歩21～23分</li><li>JR京浜東北・根岸線「桜木町」駅バス18分 徒歩3～5分</li><li>JR京浜東北・根岸線「根岸」駅バス18分 徒歩3～5分</li>
kanagawa,yokohamanishiguchi,ビューコート小港,128200,,,,JR京浜東北・根岸線「根岸」駅,21.0,23.0,横浜市中区小港町1-1-2,10号棟,鉄筋コンクリート造,4,N,403号室,1K,52,14,122900,5300,2か月,['近居割'],随時,https://www.ur-net.go.jp/chintai/kanto/kanagawa/40_3310_room.html?JKSS=000100403,<li>みなとみらい線「元町・中華街」駅 徒歩21～23分</li><li>JR京浜東北・根岸線「桜木町」駅バス18分 徒歩3～5分</li><li>JR京浜東北・根岸線「根岸」駅バス18分 徒歩3～5分</li>
kanagawa,yokohamanishiguchi,ビューコート小港,128200,,,,,,,横浜市中区小港町1-1-2,10号棟,鉄筋コンクリート造,4,N,403号室,1K,52,14,122900,5300,2か月,['近居割'],随時,https://www.ur-net.go.jp/chintai/kanto/kanagawa/40_3310_room.html?JKSS=000100403,<li>みなとみらい線「元町・中華街」駅 徒歩21～23分</li><li>JR京浜東北・根岸線「桜木町」駅バス18分 徒歩3～5分</li><li>JR京浜東北・根岸線「根岸」駅バス18分 徒歩3～5分</li>
kanagawa,yokohamanishiguchi,ビューコート小港,141800,みなとみらい線「元町・中華街」駅,21.0,23.0,,,,横浜市中区小港町1-1-2,5号棟,鉄筋コンクリート造,11,N,1103号室,2DK,54,14,136500,5300,2か月,['近居割'],随時,https://www.ur-net.go.jp/chintai/kanto/kanagawa/40_3310_room.html?JKSS=000051103,<li>みなとみらい線「元町・中華街」駅 徒歩21～23分</li><li>JR京浜東北・根岸線「桜木町」駅バス18分 徒歩3～5分</li><li>JR京浜東北・根岸線「根岸」駅バス18分 徒歩3～5分</li>
kanagawa,yokohamanishiguchi,ビューコート小港,141800,,,,JR京浜東北・根岸線「桜木町」駅,21.0,23.0,横浜市中区小港町1-1-2,5号棟,鉄筋コンクリート造,11,N,1103号室,2DK,54,14,136500,5300,2か月,['近居割'],随時,https://www.ur-net.go.jp/chintai/kanto/kanagawa/40_3310_room.html?JKSS=000051103,<li>みなとみらい線「元町・中華街」駅 徒歩21～23分</li><li>JR京浜東北・根岸線「桜木町」駅バス18分 徒歩3～5分</li><li>JR京浜東北・根岸線「根岸」駅バス18分 徒歩3～5分</li>
kanagawa,yokohamanishiguchi,ビューコート小港,141800,,,,JR京浜東北・根岸線「根岸」駅,21.0,23.0,横浜市中区小港町1-1-2,5号棟,鉄筋コンクリート造,11,N,1103号室,2DK,54,14,136500,5300,2か月,['近居割'],随時,https://www.ur-net.go.jp/chintai/kanto/kanagawa/40_3310_room.html?JKSS=000051103,<li>みなとみらい線「元町・中華街」駅 徒歩21～23分</li><li>JR京浜東北・根岸線「桜木町」駅バス18分 徒歩3～5分</li><li>JR京浜東北・根岸線「根岸」駅バス18分 徒歩3～5分</li>
kanagawa,yokohamanishiguchi,ビューコート小港,141800,,,,,,,横浜市中区小港町1-1-2,5号棟,鉄筋コンクリート造,11,N,1103号室,2DK,54,14,136500,5300,2か月,['近居割'],随時,https://www.ur-net.go.jp/chintai/kanto/kanagawa/40_3310_room.html?JKSS=000051103,<li>みなとみらい線「元町・中華街」駅 徒歩21～23分</li><li>JR京浜東北・根岸線「桜木町」駅バス18分 徒歩3～5分</li><li>JR京浜東北・根岸線「根岸」駅バス18分 徒歩3～5分</li>
kanagawa,yokohamanishiguchi,ビューコート小港,145600,みなとみらい線「元町・中華街」駅,21.0,23.0,,,,横浜市中区小港町1-1-2,6号棟,鉄筋コンクリート造,7,N,705号室,1LDK,57,14,140300,5300,2か月,['近居割'],随時,https://www.ur-net.go.jp/chintai/kanto/kanagawa/40_3310_room.html?JKSS=000060705,<li>みなとみらい線「元町・中華街」駅 徒歩21～23分</li><li>JR京浜東北・根岸線「桜木町」駅バス18分 徒歩3～5分</li><li>JR京浜東北・根岸線「根岸」駅バス18分 徒歩3～5分</li>
kanagawa,yokohamanishiguchi,ビューコート小港,145600,,,,JR京浜東北・根岸線「桜木町」駅,21.0,23.0,横浜市中区小港町1-1-2,6号棟,鉄筋コンクリート造,7,N,705号室,1LDK,57,14,140300,5300,2か月,['近居割'],随時,https://www.ur-net.go.jp/chintai/kanto/kanagawa/40_3310_room.html?JKSS=000060705,<li>みなとみらい線「元町・中華街」駅 徒歩21～23分</li><li>JR京浜東北・根岸線「桜木町」駅バス18分 徒歩3～5分</li><li>JR京浜東北・根岸線「根岸」駅バス18分 徒歩3～5分</li>
kanagawa,yokohamanishiguchi,ビューコート小港,145600,,,,JR京浜東北・根岸線「根岸」駅,21.0,23.0,横浜市中区小港町1-1-2,6号棟,鉄筋コンクリート造,7,N,705号室,1LDK,57,14,140300,5300,2か月,['近居割'],随時,https://www.ur-net.go.jp/chintai/kanto/kanagawa/40_3310_room.html?JKSS=000060705,<li>みなとみらい線「元町・中華街」駅 徒歩21～23分</li><li>JR京浜東北・根岸線「桜木町」駅バス18分 徒歩3～5分</li><li>JR京浜東北・根岸線「根岸」駅バス18分 徒歩3～5分</li>
kanagawa,yokohamanishiguchi,ビューコート小港,145600,,,,,,,横浜市中区小港町1-1-2,6号棟,鉄筋コンクリート造,7,N,705号室,1LDK,57,14,140300,5300,2か月,['近居割'],随時,https://www.ur-net.go.jp/chintai/kanto/kanagawa/40_3310_room.html?JKSS=000060705,<li>みなとみらい線「元町・中華街」駅 徒歩21～23分</li><li>JR京浜東北・根岸線「桜木町」駅バス18分 徒歩3～5分</li><li>JR京浜東北・根岸線「根岸」駅バス18分 徒歩3～5分</li>
kanagawa,yokohamanishiguchi,ビューコート小港,153200,みなとみらい線「元町・中華街」駅,21.0,23.0,,,,横浜市中区小港町1-1-2,9号棟,鉄筋コンクリート造,6,N,609号室,2LDK,65,14,147900,5300,2か月,['近居割'],随時,https://www.ur-net.go.jp/chintai/kanto/kanagawa/40_3310_room.html?JKSS=000090609,<li>みなとみらい線「元町・中華街」駅 徒歩21～23分</li><li>JR京浜東北・根岸線「桜木町」駅バス18分 徒歩3～5分</li><li>JR京浜東北・根岸線「根岸」駅バス18分 徒歩3～5分</li>
kanagawa,yokohamanishiguchi,ビューコート小港,153200,,,,JR京浜東北・根岸線「桜木町」駅,21.0,23.0,横浜市中区小港町1-1-2,9号棟,鉄筋コンクリート造,6,N,609号室,2LDK,65,14,147900,5300,2か月,['近居割'],随時,https://www.ur-net.go.jp/chintai/kanto/kanagawa/40_3310_room.html?JKSS=000090609,<li>みなとみらい線「元町・中華街」駅 徒歩21～23分</li><li>JR京浜東北・根岸線「桜木町」駅バス18分 徒歩3～5分</li><li>JR京浜東北・根岸線「根岸」駅バス18分 徒歩3～5分</li>
kanagawa,yokohamanishiguchi,ビューコート小港,153200,,,,JR京浜東北・根岸線「根岸」駅,21.0,23.0,横浜市中区小港町1-1-2,9号棟,鉄筋コンクリート造,6,N,609号室,2LDK,65,14,147900,5300,2か月,['近居割'],随時,https://www.ur-net.go.jp/chintai/kanto/kanagawa/40_3310_room.html?JKSS=000090609,<li>みなとみらい線「元町・中華街」駅 徒歩21～23分</li><li>JR京浜東北・根岸線「桜木町」駅バス18分 徒歩3～5分</li><li>JR京浜東北・根岸線「根岸」駅バス18分 徒歩3～5分</li>
kanagawa,yokohamanishiguchi,ビューコート小港,153200,,,,,,,横浜市中区小港町1-1-2,9号棟,鉄筋コンクリート造,6,N,609号室,2LDK,65,14,147900,5300,2か月,['近居割'],随時,https://www.ur-net.go.jp/chintai/kanto/kanagawa/40_3310_room.html?JKSS=000090609,<li>みなとみらい線「元町・中華街」駅 徒歩21～23分</li><li>JR京浜東北・根岸線「桜木町」駅バス18分 徒歩3～5分</li><li>JR京浜東北・根岸線「根岸」駅バス18分 徒歩3～5分</li>
kanagawa,yokohamanishiguchi,ビューコート小港,164900,みなとみらい線「元町・中華街」駅,21.0,23.0,,,,横浜市中区小港町1-1-2,4号棟,鉄筋コンクリート造,11,N,1104号室,3DK,66,14,159600,5300,2か月,['近居割'],随時,https://www.ur-net.go.jp/chintai/kanto/kanagawa/40_3310_room.html?JKSS=000041104,<li>みなとみらい線「元町・中華街」駅 徒歩21～23分</li><li>JR京浜東北・根岸線「桜木町」駅バス18分 徒歩3～5分</li><li>JR京浜東北・根岸線「根岸」駅バス18分 徒歩3～5分</li>
kanagawa,yokohamanishiguchi,ビューコート小港,164900,,,,JR京浜東北・根岸線「桜木町」駅,21.0,23.0,横浜市中区小港町1-1-2,4号棟,鉄筋コンクリート造,11,N,1104号室,3DK,66,14,159600,5300,2か月,['近居割'],随時,https://www.ur-net.go.jp/chintai/kanto/kanagawa/40_3310_room.html?JKSS=000041104,<li>みなとみらい線「元町・中華街」駅 徒歩21～23分</li><li>JR京浜東北・根岸線「桜木町」駅バス18分 徒歩3～5分</li><li>JR京浜東北・根岸線「根岸」駅バス18分 徒歩3～5分</li>
kanagawa,yokohamanishiguchi,ビューコート小港,164900,,,,JR京浜東北・根岸線「根岸」駅,21.0,23.0,横浜市中区小港町1-1-2,4号棟,鉄筋コンクリート造,11,N,1104号室,3DK,66,14,159600,5300,2か月,['近居割'],随時,https://www.ur-net.go.jp/chintai/kanto/kanagawa/40_3310_room.html?JKSS=000041104,<li>みなとみらい線「元町・中華街」駅 徒歩21～23分</li><li>JR京浜東北・根岸線「桜木町」駅バス18分 徒歩3～5分</li><li>JR京浜東北・根岸線「根岸」駅バス18分 徒歩3～5分</li>
kanagawa,yokohamanishiguchi,ビューコート小港,164900,,,,,,,横浜市中区小港町1-1-2,4号棟,鉄筋コンクリート造,11,N,1104号室,3DK,66,14,159600,5300,2か月,['近居割'],随時,https://www.ur-net.go.jp/chintai/kanto/kanagawa/40_3310_room.html?JKSS=000041104,<li>みなとみらい線「元町・中華街」駅 徒歩21～23分</li><li>JR京浜東北・根岸線「桜木町」駅バス18分 徒歩3～5分</li><li>JR京浜東北・根岸線「根岸」駅バス18分 徒歩3～5分</li>
kanagawa,yokohamanishiguchi,ベイシティ本牧南,137800,,,,JR京浜東北・根岸線「根岸」駅,16.0,19.0,横浜市中区本牧原21,2号棟,鉄筋コンクリート造,6,N,608号室,1K,54,12,132800,5000,2か月,['近居割'],随時,https://www.ur-net.go.jp/chintai/kanto/kanagawa/40_3820_room.html?JKSS=000020608,<li>JR京浜東北・根岸線「根岸」駅バス13分 徒歩3～6分</li><li>みなとみらい線「元町・中華街」駅バス13分 徒歩3～6分</li><li>JR京浜東北・根岸線「桜木町」駅バス24分 徒歩3～6分</li>
kanagawa,yokohamanishiguchi,ベイシティ本牧南,137800,,,,みなとみらい線「元町・中華街」駅,16.0,19.0,横浜市中区本牧原21,2号棟,鉄筋コンクリート造,6,N,608号室,1K,54,12,132800,5000,2か月,['近居割'],随時,https://www.ur-net.go.jp/chintai/kanto/kanagawa/40_3820_room.html?JKSS=000020608,<li>JR京浜東北・根岸線「根岸」駅バス13分 徒歩3～6分</li><li>みなとみらい線「元町・中華街」駅バス13分 徒歩3～6分</li><li>JR京浜東北・根岸線「桜木町」駅バス24分 徒歩3～6分</li>
kanagawa,yokohamanishiguchi,ベイシティ本牧南,137800,,,,JR京浜東北・根岸線「桜木町」駅,27.0,30.0,横浜市中区本牧原21,2号棟,鉄筋コンクリート造,6,N,608号室,1K,54,12,132800,5000,2か月,['近居割'],随時,https://www.ur-net.go.jp/chintai/kanto/kanagawa/40_3820_room.html?JKSS=000020608,<li>JR京浜東北・根岸線「根岸」駅バス13分 徒歩3～6分</li><li>みなとみらい線「元町・中華街」駅バス13分 徒歩3～6分</li><li>JR京浜東北・根岸線「桜木町」駅バス24分 徒歩3～6分</li>
kanagawa,yokohamanishiguchi,ベイシティ本牧南,137800,,,,,,,横浜市中区本牧原21,2号棟,鉄筋コンクリート造,6,N,608号室,1K,54,12,132800,5000,2か月,['近居割'],随時,https://www.ur-net.go.jp/chintai/kanto/kanagawa/40_3820_room.html?JKSS=000020608,<li>JR京浜東北・根岸線「根岸」駅バス13分 徒歩3～6分</li><li>みなとみらい線「元町・中華街」駅バス13分 徒歩3～6分</li><li>JR京浜東北・根岸線「桜木町」駅バス24分 徒歩3～6分</li>
kanagawa,yokohamanishiguchi,ベイシティ本牧南,145600,,,,JR京浜東北・根岸線「根岸」駅,16.0,19.0,横浜市中区本牧原21,4号棟,鉄筋コンクリート造,6,N,605号室,1LDK,54,8,140600,5000,2か月,['近居割'],随時,https://www.ur-net.go.jp/chintai/kanto/kanagawa/40_3820_room.html?JKSS=000040605,<li>JR京浜東北・根岸線「根岸」駅バス13分 徒歩3～6分</li><li>みなとみらい線「元町・中華街」駅バス13分 徒歩3～6分</li><li>JR京浜東北・根岸線「桜木町」駅バス24分 徒歩3～6分</li>
kanagawa,yokohamanishiguchi,ベイシティ本牧南,145600,,,,みなとみらい線「元町・中華街」駅,16.0,19.0,横浜市中区本牧原21,4号棟,鉄筋コンクリート造,6,N,605号室,1LDK,54,8,140600,5000,2か月,['近居割'],随時,https://www.ur-net.go.jp/chintai/kanto/kanagawa/40_3820_room.html?JKSS=000040605,<li>JR京浜東北・根岸線「根岸」駅バス13分 徒歩3～6分</li><li>みなとみらい線「元町・中華街」駅バス13分 徒歩3～6分</li><li>JR京浜東北・根岸線「桜木町」駅バス24分 徒歩3～6分</li>
kanagawa,yokohamanishiguchi,ベイシティ本牧南,145600,,,,JR京浜東北・根岸線「桜木町」駅,27.0,30.0,横浜市中区本牧原21,4号棟,鉄筋コンクリート造,6,N,605号室,1LDK,54,8,140600,5000,2か月,['近居割'],随時,https://www.ur-net.go.jp/chintai/kanto/kanagawa/40_3820_room.html?JKSS=000040605,<li>JR京浜東北・根岸線「根岸」駅バス13分 徒歩3～6分</li><li>みなとみらい線「元町・中華街」駅バス13分 徒歩3～6分</li><li>JR京浜東北・根岸線「桜木町」駅バス24分 徒歩3～6分</li>
kanagawa,yokohamanishiguchi,ベイシティ本牧南,145600,,,,,,,横浜市中区本牧原21,4号棟,鉄筋コンクリート造,6,N,605号室,1LDK,54,8,140600,5000,2か月,['近居割'],随時,https://www.ur-net.go.jp/chintai/kanto/kanagawa/40_3820_room.html?JKSS=000040605,<li>JR京浜東北・根岸線「根岸」駅バス13分 徒歩3～6分</li><li>みなとみらい線「元町・中華街」駅バス13分 徒歩3～6分</li><li>JR京浜東北・根岸線「桜木町」駅バス24分 徒歩3～6分</li>
kanagawa,yokohamanishiguchi,ベイシティ本牧南,147200,,,,JR京浜東北・根岸線「根岸」駅,16.0,19.0,横浜市中区本牧原21,6号棟,鉄筋コンクリート造,5,N,506号室,1LDK,54,12,142200,5000,2か月,['近居割'],随時,https://www.ur-net.go.jp/chintai/kanto/kanagawa/40_3820_room.html?JKSS=000060506,<li>JR京浜東北・根岸線「根岸」駅バス13分 徒歩3～6分</li><li>みなとみらい線「元町・中華街」駅バス13分 徒歩3～6分</li><li>JR京浜東北・根岸線「桜木町」駅バス24分 徒歩3～6分</li>
kanagawa,yokohamanishiguchi,ベイシティ本牧南,147200,,,,みなとみらい線「元町・中華街」駅,16.0,19.0,横浜市中区本牧原21,6号棟,鉄筋コンクリート造,5,N,506号室,1LDK,54,12,142200,5000,2か月,['近居割'],随時,https://www.ur-net.go.jp/chintai/kanto/kanagawa/40_3820_room.html?JKSS=000060506,<li>JR京浜東北・根岸線「根岸」駅バス13分 徒歩3～6分</li><li>みなとみらい線「元町・中華街」駅バス13分 徒歩3～6分</li><li>JR京浜東北・根岸線「桜木町」駅バス24分 徒歩3～6分</li>
kanagawa,yokohamanishiguchi,ベイシティ本牧南,147200,,,,JR京浜東北・根岸線「桜木町」駅,27.0,30.0,横浜市中区本牧原21,6号棟,鉄筋コンクリート造,5,N,506号室,1LDK,54,12,142200,5000,2か月,['近居割'],随時,https://www.ur-net.go.jp/chintai/kanto/kanagawa/40_3820_room.html?JKSS=000060506,<li>JR京浜東北・根岸線「根岸」駅バス13分 徒歩3～6分</li><li>みなとみらい線「元町・中華街」駅バス13分 徒歩3～6分</li><li>JR京浜東北・根岸線「桜木町」駅バス24分 徒歩3～6分</li>
kanagawa,yokohamanishiguchi,ベイシティ本牧南,147200,,,,,,,横浜市中区本牧原21,6号棟,鉄筋コンクリート造,5,N,506号室,1LDK,54,12,142200,5000,2か月,['近居割'],随時,https://www.ur-net.go.jp/chintai/kanto/kanagawa/40_3820_room.html?JKSS=000060506,<li>JR京浜東北・根岸線「根岸」駅バス13分 徒歩3～6分</li><li>みなとみらい線「元町・中華街」駅バス13分 徒歩3～6分</li><li>JR京浜東北・根岸線「桜木町」駅バス24分 徒歩3～6分</li>
kanagawa,yokohamanishiguchi,峰沢町,78200,横浜市営地下鉄「三ツ沢上町」駅,5.0,5.0,,,,横浜市保土ケ谷区峰沢町35-1,,鉄骨鉄筋コンクリート造,3,N,307号室,1LDK,47,7,68600,9600,2か月,['URライト（5年定借）'],随時,https://www.ur-net.go.jp/chintai/kanto/kanagawa/40_1540_room.html?JKSS=000000307,<li>横浜市営地下鉄「三ツ沢上町」駅 徒歩5分</li><li>JR京浜東北線ほか「横浜」駅 バス10分 徒歩1分</li>
kanagawa,yokohamanishiguchi,峰沢町,78200,,,,JR京浜東北線ほか「横浜」駅,11.0,11.0,横浜市保土ケ谷区峰沢町35-1,,鉄骨鉄筋コンクリート造,3,N,307号室,1LDK,47,7,68600,9600,2か月,['URライト（5年定借）'],随時,https://www.ur-net.go.jp/chintai/kanto/kanagawa/40_1540_room.html?JKSS=000000307,<li>横浜市営地下鉄「三ツ沢上町」駅 徒歩5分</li><li>JR京浜東北線ほか「横浜」駅 バス10分 徒歩1分</li>
kanagawa,yokohamanishiguchi,峰沢町,78200,,,,,,,横浜市保土ケ谷区峰沢町35-1,,鉄骨鉄筋コンクリート造,3,N,307号室,1LDK,47,7,68600,9600,2か月,['URライト（5年定借）'],随時,https://www.ur-net.go.jp/chintai/kanto/kanagawa/40_1540_room.html?JKSS=000000307,<li>横浜市営地下鉄「三ツ沢上町」駅 徒歩5分</li><li>JR京浜東北線ほか「横浜」駅 バス10分 徒歩1分</li>
kanagawa,futamatagawa,左近山,64400,,,,相鉄本線「二俣川」駅,14.0,23.0,横浜市旭区左近山16-1ほか,9-4号棟,鉄筋コンクリート造、鉄骨鉄筋コンクリート造,5,N,505号室,2DK,45,5,59600,4800,2か月,"['近居割', '近居割WIDE']",随時,https://www.ur-net.go.jp/chintai/kanto/kanagawa/40_1180_room.html?JKSS=009040505,<li>相鉄本線「二俣川」駅バス13～17分 徒歩1～6分</li><li>JR横須賀線「東戸塚」駅バス25～31分 徒歩1～6分</li><li>相鉄本線「鶴ヶ峰」駅バス24～29分 徒歩1～6分</li>
kanagawa,futamatagawa,左近山,64400,,,,JR横須賀線「東戸塚」駅,26.0,37.0,横浜市旭区左近山16-1ほか,9-4号棟,鉄筋コンクリート造、鉄骨鉄筋コンクリート造,5,N,505号室,2DK,45,5,59600,4800,2か月,"['近居割', '近居割WIDE']",随時,https://www.ur-net.go.jp/chintai/kanto/kanagawa/40_1180_room.html?JKSS=009040505,<li>相鉄本線「二俣川」駅バス13～17分 徒歩1～6分</li><li>JR横須賀線「東戸塚」駅バス25～31分 徒歩1～6分</li><li>相鉄本線「鶴ヶ峰」駅バス24～29分 徒歩1～6分</li>
kanagawa,futamatagawa,左近山,64400,,,,相鉄本線「鶴ヶ峰」駅,25.0,35.0,横浜市旭区左近山16-1ほか,9-4号棟,鉄筋コンクリート造、鉄骨鉄筋コンクリート造,5,N,505号室,2DK,45,5,59600,4800,2か月,"['近居割', '近居割WIDE']",随時,https://www.ur-net.go.jp/chintai/kanto/kanagawa/40_1180_room.html?JKSS=009040505,<li>相鉄本線「二俣川」駅バス13～17分 徒歩1～6分</li><li>JR横須賀線「東戸塚」駅バス25～31分 徒歩1～6分</li><li>相鉄本線「鶴ヶ峰」駅バス24～29分 徒歩1～6分</li>
kanagawa,futamatagawa,左近山,64400,,,,,,,横浜市旭区左近山16-1ほか,9-4号棟,鉄筋コンクリート造、鉄骨鉄筋コンクリート造,5,N,505号室,2DK,45,5,59600,4800,2か月,"['近居割', '近居割WIDE']",随時,https://www.ur-net.go.jp/chintai/kanto/kanagawa/40_1180_room.html?JKSS=009040505,<li>相鉄本線「二俣川」駅バス13～17分 徒歩1～6分</li><li>JR横須賀線「東戸塚」駅バス25～31分 徒歩1～6分</li><li>相鉄本線「鶴ヶ峰」駅バス24～29分 徒歩1～6分</li>
kanagawa,futamatagawa,左近山,64900,,,,相鉄本線「二俣川」駅,14.0,23.0,横浜市旭区左近山16-1ほか,1-24号棟,鉄筋コンクリート造、鉄骨鉄筋コンクリート造,5,N,506号室,3K,45,5,60100,4800,2か月,"['近居割', '近居割WIDE']",随時,https://www.ur-net.go.jp/chintai/kanto/kanagawa/40_1180_room.html?JKSS=000124506,<li>相鉄本線「二俣川」駅バス13～17分 徒歩1～6分</li><li>JR横須賀線「東戸塚」駅バス25～31分 徒歩1～6分</li><li>相鉄本線「鶴ヶ峰」駅バス24～29分 徒歩1～6分</li>
kanagawa,futamatagawa,左近山,64900,,,,JR横須賀線「東戸塚」駅,26.0,37.0,横浜市旭区左近山16-1ほか,1-24号棟,鉄筋コンクリート造、鉄骨鉄筋コンクリート造,5,N,506号室,3K,45,5,60100,4800,2か月,"['近居割', '近居割WIDE']",随時,https://www.ur-net.go.jp/chintai/kanto/kanagawa/40_1180_room.html?JKSS=000124506,<li>相鉄本線「二俣川」駅バス13～17分 徒歩1～6分</li><li>JR横須賀線「東戸塚」駅バス25～31分 徒歩1～6分</li><li>相鉄本線「鶴ヶ峰」駅バス24～29分 徒歩1～6分</li>
kanagawa,futamatagawa,左近山,64900,,,,相鉄本線「鶴ヶ峰」駅,25.0,35.0,横浜市旭区左近山16-1ほか,1-24号棟,鉄筋コンクリート造、鉄骨鉄筋コンクリート造,5,N,506号室,3K,45,5,60100,4800,2か月,"['近居割', '近居割WIDE']",随時,https://www.ur-net.go.jp/chintai/kanto/kanagawa/40_1180_room.html?JKSS=000124506,<li>相鉄本線「二俣川」駅バス13～17分 徒歩1～6分</li><li>JR横須賀線「東戸塚」駅バス25～31分 徒歩1～6分</li><li>相鉄本線「鶴ヶ峰」駅バス24～29分 徒歩1～6分</li>
kanagawa,futamatagawa,左近山,64900,,,,,,,横浜市旭区左近山16-1ほか,1-24号棟,鉄筋コンクリート造、鉄骨鉄筋コンクリート造,5,N,506号室,3K,45,5,60100,4800,2か月,"['近居割', '近居割WIDE']",随時,https://www.ur-net.go.jp/chintai/kanto/kanagawa/40_1180_room.html?JKSS=000124506,<li>相鉄本線「二俣川」駅バス13～17分 徒歩1～6分</li><li>JR横須賀線「東戸塚」駅バス25～31分 徒歩1～6分</li><li>相鉄本線「鶴ヶ峰」駅バス24～29分 徒歩1～6分</li>
kanagawa,futamatagawa,左近山,69600,,,,相鉄本線「二俣川」駅,14.0,23.0,横浜市旭区左近山16-1ほか,1-29号棟,鉄筋コンクリート造、鉄骨鉄筋コンクリート造,4,N,403号室,3K,53,10,64800,4800,2か月,['URライト（3年定借）'],随時,https://www.ur-net.go.jp/chintai/kanto/kanagawa/40_1180_room.html?JKSS=000129403,<li>相鉄本線「二俣川」駅バス13～17分 徒歩1～6分</li><li>JR横須賀線「東戸塚」駅バス25～31分 徒歩1～6分</li><li>相鉄本線「鶴ヶ峰」駅バス24～29分 徒歩1～6分</li>
kanagawa,futamatagawa,左近山,69600,,,,JR横須賀線「東戸塚」駅,26.0,37.0,横浜市旭区左近山16-1ほか,1-29号棟,鉄筋コンクリート造、鉄骨鉄筋コンクリート造,4,N,403号室,3K,53,10,64800,4800,2か月,['URライト（3年定借）'],随時,https://www.ur-net.go.jp/chintai/kanto/kanagawa/40_1180_room.html?JKSS=000129403,<li>相鉄本線「二俣川」駅バス13～17分 徒歩1～6分</li><li>JR横須賀線「東戸塚」駅バス25～31分 徒歩1～6分</li><li>相鉄本線「鶴ヶ峰」駅バス24～29分 徒歩1～6分</li>
kanagawa,futamatagawa,左近山,69600,,,,相鉄本線「鶴ヶ峰」駅,25.0,35.0,横浜市旭区左近山16-1ほか,1-29号棟,鉄筋コンクリート造、鉄骨鉄筋コンクリート造,4,N,403号室,3K,53,10,64800,4800,2か月,['URライト（3年定借）'],随時,https://www.ur-net.go.jp/chintai/kanto/kanagawa/40_1180_room.html?JKSS=000129403,<li>相鉄本線「二俣川」駅バス13～17分 徒歩1～6分</li><li>JR横須賀線「東戸塚」駅バス25～31分 徒歩1～6分</li><li>相鉄本線「鶴ヶ峰」駅バス24～29分 徒歩1～6分</li>
kanagawa,futamatagawa,左近山,69600,,,,,,,横浜市旭区左近山16-1ほか,1-29号棟,鉄筋コンクリート造、鉄骨鉄筋コンクリート造,4,N,403号室,3K,53,10,64800,4800,2か月,['URライト（3年定借）'],随時,https://www.ur-net.go.jp/chintai/kanto/kanagawa/40_1180_room.html?JKSS=000129403,<li>相鉄本線「二俣川」駅バス13～17分 徒歩1～6分</li><li>JR横須賀線「東戸塚」駅バス25～31分 徒歩1～6分</li><li>相鉄本線「鶴ヶ峰」駅バス24～29分 徒歩1～6分</li>
kanagawa,futamatagawa,左近山,70600,,,,相鉄本線「二俣川」駅,14.0,23.0,横浜市旭区左近山16-1ほか,8-9号棟,鉄筋コンクリート造、鉄骨鉄筋コンクリート造,5,N,503号室,3K,50,5,65800,4800,2か月,"['近居割', '近居割WIDE']",随時,https://www.ur-net.go.jp/chintai/kanto/kanagawa/40_1180_room.html?JKSS=008090503,<li>相鉄本線「二俣川」駅バス13～17分 徒歩1～6分</li><li>JR横須賀線「東戸塚」駅バス25～31分 徒歩1～6分</li><li>相鉄本線「鶴ヶ峰」駅バス24～29分 徒歩1～6分</li>
kanagawa,futamatagawa,左近山,70600,,,,JR横須賀線「東戸塚」駅,26.0,37.0,横浜市旭区左近山16-1ほか,8-9号棟,鉄筋コンクリート造、鉄骨鉄筋コンクリート造,5,N,503号室,3K,50,5,65800,4800,2か月,"['近居割', '近居割WIDE']",随時,https://www.ur-net.go.jp/chintai/kanto/kanagawa/40_1180_room.html?JKSS=008090503,<li>相鉄本線「二俣川」駅バス13～17分 徒歩1～6分</li><li>JR横須賀線「東戸塚」駅バス25～31分 徒歩1～6分</li><li>相鉄本線「鶴ヶ峰」駅バス24～29分 徒歩1～6分</li>
kanagawa,futamatagawa,左近山,70600,,,,相鉄本線「鶴ヶ峰」駅,25.0,35.0,横浜市旭区左近山16-1ほか,8-9号棟,鉄筋コンクリート造、鉄骨鉄筋コンクリート造,5,N,503号室,3K,50,5,65800,4800,2か月,"['近居割', '近居割WIDE']",随時,https://www.ur-net.go.jp/chintai/kanto/kanagawa/40_1180_room.html?JKSS=008090503,<li>相鉄本線「二俣川」駅バス13～17分 徒歩1～6分</li><li>JR横須賀線「東戸塚」駅バス25～31分 徒歩1～6分</li><li>相鉄本線「鶴ヶ峰」駅バス24～29分 徒歩1～6分</li>
kanagawa,futamatagawa,左近山,70600,,,,,,,横浜市旭区左近山16-1ほか,8-9号棟,鉄筋コンクリート造、鉄骨鉄筋コンクリート造,5,N,503号室,3K,50,5,65800,4800,2か月,"['近居割', '近居割WIDE']",随時,https://www.ur-net.go.jp/chintai/kanto/kanagawa/40_1180_room.html?JKSS=008090503,<li>相鉄本線「二俣川」駅バス13～17分 徒歩1～6分</li><li>JR横須賀線「東戸塚」駅バス25～31分 徒歩1～6分</li><li>相鉄本線「鶴ヶ峰」駅バス24～29分 徒歩1～6分</li>
kanagawa,futamatagawa,左近山,70600,,,,相鉄本線「二俣川」駅,14.0,23.0,横浜市旭区左近山16-1ほか,8-16号棟,鉄筋コンクリート造、鉄骨鉄筋コンクリート造,5,N,503号室,3K,50,5,65800,4800,2か月,"['近居割', '近居割WIDE']",随時,https://www.ur-net.go.jp/chintai/kanto/kanagawa/40_1180_room.html?JKSS=008160503,<li>相鉄本線「二俣川」駅バス13～17分 徒歩1～6分</li><li>JR横須賀線「東戸塚」駅バス25～31分 徒歩1～6分</li><li>相鉄本線「鶴ヶ峰」駅バス24～29分 徒歩1～6分</li>
kanagawa,futamatagawa,左近山,70600,,,,JR横須賀線「東戸塚」駅,26.0,37.0,横浜市旭区左近山16-1ほか,8-16号棟,鉄筋コンクリート造、鉄骨鉄筋コンクリート造,5,N,503号室,3K,50,5,65800,4800,2か月,"['近居割', '近居割WIDE']",随時,https://www.ur-net.go.jp/chintai/kanto/kanagawa/40_1180_room.html?JKSS=008160503,<li>相鉄本線「二俣川」駅バス13～17分 徒歩1～6分</li><li>JR横須賀線「東戸塚」駅バス25～31分 徒歩1～6分</li><li>相鉄本線「鶴ヶ峰」駅バス24～29分 徒歩1～6分</li>
kanagawa,futamatagawa,左近山,70600,,,,相鉄本線「鶴ヶ峰」駅,25.0,35.0,横浜市旭区左近山16-1ほか,8-16号棟,鉄筋コンクリート造、鉄骨鉄筋コンクリート造,5,N,503号室,3K,50,5,65800,4800,2か月,"['近居割', '近居割WIDE']",随時,https://www.ur-net.go.jp/chintai/kanto/kanagawa/40_1180_room.html?JKSS=008160503,<li>相鉄本線「二俣川」駅バス13～17分 徒歩1～6分</li><li>JR横須賀線「東戸塚」駅バス25～31分 徒歩1～6分</li><li>相鉄本線「鶴ヶ峰」駅バス24～29分 徒歩1～6分</li>
kanagawa,futamatagawa,左近山,70600,,,,,,,横浜市旭区左近山16-1ほか,8-16号棟,鉄筋コンクリート造、鉄骨鉄筋コンクリート造,5,N,503号室,3K,50,5,65800,4800,2か月,"['近居割', '近居割WIDE']",随時,https://www.ur-net.go.jp/chintai/kanto/kanagawa/40_1180_room.html?JKSS=008160503,<li>相鉄本線「二俣川」駅バス13～17分 徒歩1～6分</li><li>JR横須賀線「東戸塚」駅バス25～31分 徒歩1～6分</li><li>相鉄本線「鶴ヶ峰」駅バス24～29分 徒歩1～6分</li>
kanagawa,konandai,洋光台北,87400,JR京浜東北・根岸線「洋光台」駅,8.0,14.0,,,,横浜市磯子区洋光台2-1ほか,3-14号棟,鉄筋コンクリート造、鉄骨鉄筋コンクリート造,5,N,503号室,3K,47,5,83100,4300,2か月,"['近居割', '近居割WIDE']",随時,https://www.ur-net.go.jp/chintai/kanto/kanagawa/40_1290_room.html?JKSS=003140503,<li>JR京浜東北・根岸線「洋光台」駅 徒歩8～14分</li><li>横浜市営地下鉄ブルーライン「港南中央」駅バス9～11分 徒歩1～6分</li><li>JR京浜東北・根岸線「港南台」駅 徒歩24～35分</li>
kanagawa,konandai,洋光台北,87400,,,,横浜市営地下鉄ブルーライン「港南中央」駅,10.0,17.0,横浜市磯子区洋光台2-1ほか,3-14号棟,鉄筋コンクリート造、鉄骨鉄筋コンクリート造,5,N,503号室,3K,47,5,83100,4300,2か月,"['近居割', '近居割WIDE']",随時,https://www.ur-net.go.jp/chintai/kanto/kanagawa/40_1290_room.html?JKSS=003140503,<li>JR京浜東北・根岸線「洋光台」駅 徒歩8～14分</li><li>横浜市営地下鉄ブルーライン「港南中央」駅バス9～11分 徒歩1～6分</li><li>JR京浜東北・根岸線「港南台」駅 徒歩24～35分</li>
kanagawa,konandai,洋光台北,87400,JR京浜東北・根岸線「港南台」駅,24.0,35.0,,,,横浜市磯子区洋光台2-1ほか,3-14号棟,鉄筋コンクリート造、鉄骨鉄筋コンクリート造,5,N,503号室,3K,47,5,83100,4300,2か月,"['近居割', '近居割WIDE']",随時,https://www.ur-net.go.jp/chintai/kanto/kanagawa/40_1290_room.html?JKSS=003140503,<li>JR京浜東北・根岸線「洋光台」駅 徒歩8～14分</li><li>横浜市営地下鉄ブルーライン「港南中央」駅バス9～11分 徒歩1～6分</li><li>JR京浜東北・根岸線「港南台」駅 徒歩24～35分</li>
kanagawa,konandai,洋光台北,87400,,,,,,,横浜市磯子区洋光台2-1ほか,3-14号棟,鉄筋コンクリート造、鉄骨鉄筋コンクリート造,5,N,503号室,3K,47,5,83100,4300,2か月,"['近居割', '近居割WIDE']",随時,https://www.ur-net.go.jp/chintai/kanto/kanagawa/40_1290_room.html?JKSS=003140503,<li>JR京浜東北・根岸線「洋光台」駅 徒歩8～14分</li><li>横浜市営地下鉄ブルーライン「港南中央」駅バス9～11分 徒歩1～6分</li><li>JR京浜東北・根岸線「港南台」駅 徒歩24～35分</li>
kanagawa,konandai,洋光台北,88200,JR京浜東北・根岸線「洋光台」駅,8.0,14.0,,,,横浜市磯子区洋光台2-1ほか,3-13号棟,鉄筋コンクリート造、鉄骨鉄筋コンクリート造,4,N,401号室,3K,47,5,83900,4300,2か月,"['近居割', '近居割WIDE']",随時,https://www.ur-net.go.jp/chintai/kanto/kanagawa/40_1290_room.html?JKSS=003130401,<li>JR京浜東北・根岸線「洋光台」駅 徒歩8～14分</li><li>横浜市営地下鉄ブルーライン「港南中央」駅バス9～11分 徒歩1～6分</li><li>JR京浜東北・根岸線「港南台」駅 徒歩24～35分</li>
kanagawa,konandai,洋光台北,88200,,,,横浜市営地下鉄ブルーライン「港南中央」駅,10.0,17.0,横浜市磯子区洋光台2-1ほか,3-13号棟,鉄筋コンクリート造、鉄骨鉄筋コンクリート造,4,N,401号室,3K,47,5,83900,4300,2か月,"['近居割', '近居割WIDE']",随時,https://www.ur-net.go.jp/chintai/kanto/kanagawa/40_1290_room.html?JKSS=003130401,<li>JR京浜東北・根岸線「洋光台」駅 徒歩8～14分</li><li>横浜市営地下鉄ブルーライン「港南中央」駅バス9～11分 徒歩1～6分</li><li>JR京浜東北・根岸線「港南台」駅 徒歩24～35分</li>
kanagawa,konandai,洋光台北,88200,JR京浜東北・根岸線「港南台」駅,24.0,35.0,,,,横浜市磯子区洋光台2-1ほか,3-13号棟,鉄筋コンクリート造、鉄骨鉄筋コンクリート造,4,N,401号室,3K,47,5,83900,4300,2か月,"['近居割', '近居割WIDE']",随時,https://www.ur-net.go.jp/chintai/kanto/kanagawa/40_1290_room.html?JKSS=003130401,<li>JR京浜東北・根岸線「洋光台」駅 徒歩8～14分</li><li>横浜市営地下鉄ブルーライン「港南中央」駅バス9～11分 徒歩1～6分</li><li>JR京浜東北・根岸線「港南台」駅 徒歩24～35分</li>
kanagawa,konandai,洋光台北,88200,,,,,,,横浜市磯子区洋光台2-1ほか,3-13号棟,鉄筋コンクリート造、鉄骨鉄筋コンクリート造,4,N,401号室,3K,47,5,83900,4300,2か月,"['近居割', '近居割WIDE']",随時,https://www.ur-net.go.jp/chintai/kanto/kanagawa/40_1290_room.html?JKSS=003130401,<li>JR京浜東北・根岸線「洋光台」駅 徒歩8～14分</li><li>横浜市営地下鉄ブルーライン「港南中央」駅バス9～11分 徒歩1～6分</li><li>JR京浜東北・根岸線「港南台」駅 徒歩24～35分</li>
kanagawa,konandai,洋光台北,91200,JR京浜東北・根岸線「洋光台」駅,8.0,14.0,,,,横浜市磯子区洋光台2-1ほか,1-28号棟,鉄筋コンクリート造、鉄骨鉄筋コンクリート造,4,N,406号室,2DK,45,5,86900,4300,2か月,"['近居割', '近居割WIDE']",随時,https://www.ur-net.go.jp/chintai/kanto/kanagawa/40_1290_room.html?JKSS=001280406,<li>JR京浜東北・根岸線「洋光台」駅 徒歩8～14分</li><li>横浜市営地下鉄ブルーライン「港南中央」駅バス9～11分 徒歩1～6分</li><li>JR京浜東北・根岸線「港南台」駅 徒歩24～35分</li>
kanagawa,konandai,洋光台北,91200,,,,横浜市営地下鉄ブルーライン「港南中央」駅,10.0,17.0,横浜市磯子区洋光台2-1ほか,1-28号棟,鉄筋コンクリート造、鉄骨鉄筋コンクリート造,4,N,406号室,2DK,45,5,86900,4300,2か月,"['近居割', '近居割WIDE']",随時,https://www.ur-net.go.jp/chintai/kanto/kanagawa/40_1290_room.html?JKSS=001280406,<li>JR京浜東北・根岸線「洋光台」駅 徒歩8～14分</li><li>横浜市営地下鉄ブルーライン「港南中央」駅バス9～11分 徒歩1～6分</li><li>JR京浜東北・根岸線「港南台」駅 徒歩24～35分</li>
kanagawa,konandai,洋光台北,91200,JR京浜東北・根岸線「港南台」駅,24.0,35.0,,,,横浜市磯子区洋光台2-1ほか,1-28号棟,鉄筋コンクリート造、鉄骨鉄筋コンクリート造,4,N,406号室,2DK,45,5,86900,4300,2か月,"['近居割', '近居割WIDE']",随時,https://www.ur-net.go.jp/chintai/kanto/kanagawa/40_1290_room.html?JKSS=001280406,<li>JR京浜東北・根岸線「洋光台」駅 徒歩8～14分</li><li>横浜市営地下鉄ブルーライン「港南中央」駅バス9～11分 徒歩1～6分</li><li>JR京浜東北・根岸線「港南台」駅 徒歩24～35分</li>
kanagawa,konandai,洋光台北,91200,,,,,,,横浜市磯子区洋光台2-1ほか,1-28号棟,鉄筋コンクリート造、鉄骨鉄筋コンクリート造,4,N,406号室,2DK,45,5,86900,4300,2か月,"['近居割', '近居割WIDE']",随時,https://www.ur-net.go.jp/chintai/kanto/kanagawa/40_1290_room.html?JKSS=001280406,<li>JR京浜東北・根岸線「洋光台」駅 徒歩8～14分</li><li>横浜市営地下鉄ブルーライン「港南中央」駅バス9～11分 徒歩1～6分</li><li>JR京浜東北・根岸線「港南台」駅 徒歩24～35分</li>
kanagawa,konandai,磯子三丁目,92000,JR京浜東北・根岸線「磯子」駅,4.0,5.0,,,,横浜市磯子区磯子3-6,1号棟,鉄骨鉄筋コンクリート造,2,N,211号室,1LDK,44,16,89400,2600,2か月,"['近居割', '近居割WIDE']",随時,https://www.ur-net.go.jp/chintai/kanto/kanagawa/40_1480_room.html?JKSS=000010211,<li>JR京浜東北・根岸線「磯子」駅 徒歩4～5分</li><li>JR京浜東北・根岸線「根岸」駅バス8分 徒歩2分</li><li>京急本線「屏風浦」駅バス7分 徒歩1分</li>
kanagawa,konandai,磯子三丁目,92000,,,,JR京浜東北・根岸線「根岸」駅,10.0,10.0,横浜市磯子区磯子3-6,1号棟,鉄骨鉄筋コンクリート造,2,N,211号室,1LDK,44,16,89400,2600,2か月,"['近居割', '近居割WIDE']",随時,https://www.ur-net.go.jp/chintai/kanto/kanagawa/40_1480_room.html?JKSS=000010211,<li>JR京浜東北・根岸線「磯子」駅 徒歩4～5分</li><li>JR京浜東北・根岸線「根岸」駅バス8分 徒歩2分</li><li>京急本線「屏風浦」駅バス7分 徒歩1分</li>
kanagawa,konandai,磯子三丁目,92000,,,,京急本線「屏風浦」駅,8.0,8.0,横浜市磯子区磯子3-6,1号棟,鉄骨鉄筋コンクリート造,2,N,211号室,1LDK,44,16,89400,2600,2か月,"['近居割', '近居割WIDE']",随時,https://www.ur-net.go.jp/chintai/kanto/kanagawa/40_1480_room.html?JKSS=000010211,<li>JR京浜東北・根岸線「磯子」駅 徒歩4～5分</li><li>JR京浜東北・根岸線「根岸」駅バス8分 徒歩2分</li><li>京急本線「屏風浦」駅バス7分 徒歩1分</li>
kanagawa,konandai,磯子三丁目,92000,,,,,,,横浜市磯子区磯子3-6,1号棟,鉄骨鉄筋コンクリート造,2,N,211号室,1LDK,44,16,89400,2600,2か月,"['近居割', '近居割WIDE']",随時,https://www.ur-net.go.jp/chintai/kanto/kanagawa/40_1480_room.html?JKSS=000010211,<li>JR京浜東北・根岸線「磯子」駅 徒歩4～5分</li><li>JR京浜東北・根岸線「根岸」駅バス8分 徒歩2分</li><li>京急本線「屏風浦」駅バス7分 徒歩1分</li>
kanagawa,seasidetown,金沢シーサイドタウン　並木二丁目,105400,シーサイドライン「並木中央」駅,7.0,14.0,,,,横浜市金沢区並木2,7-6号棟,鉄筋コンクリート造,6,N,606号室,2LDK,68,8,101100,4300,2か月,"['近居割', '近居割WIDE']",随時,https://www.ur-net.go.jp/chintai/kanto/kanagawa/40_2040_room.html?JKSS=007060606,<li>シーサイドライン「並木中央」駅 徒歩7～14分</li><li>京急本線「京急富岡」駅 徒歩11～14分</li><li>京急本線「能見台」駅 徒歩22～24分</li>
kanagawa,seasidetown,金沢シーサイドタウン　並木二丁目,105400,京急本線「京急富岡」駅,11.0,14.0,,,,横浜市金沢区並木2,7-6号棟,鉄筋コンクリート造,6,N,606号室,2LDK,68,8,101100,4300,2か月,"['近居割', '近居割WIDE']",随時,https://www.ur-net.go.jp/chintai/kanto/kanagawa/40_2040_room.html?JKSS=007060606,<li>シーサイドライン「並木中央」駅 徒歩7～14分</li><li>京急本線「京急富岡」駅 徒歩11～14分</li><li>京急本線「能見台」駅 徒歩22～24分</li>
kanagawa,seasidetown,金沢シーサイドタウン　並木二丁目,105400,京急本線「能見台」駅,22.0,24.0,,,,横浜市金沢区並木2,7-6号棟,鉄筋コンクリート造,6,N,606号室,2LDK,68,8,101100,4300,2か月,"['近居割', '近居割WIDE']",随時,https://www.ur-net.go.jp/chintai/kanto/kanagawa/40_2040_room.html?JKSS=007060606,<li>シーサイドライン「並木中央」駅 徒歩7～14分</li><li>京急本線「京急富岡」駅 徒歩11～14分</li><li>京急本線「能見台」駅 徒歩22～24分</li>
kanagawa,seasidetown,金沢シーサイドタウン　並木二丁目,105400,,,,,,,横浜市金沢区並木2,7-6号棟,鉄筋コンクリート造,6,N,606号室,2LDK,68,8,101100,4300,2か月,"['近居割', '近居割WIDE']",随時,https://www.ur-net.go.jp/chintai/kanto/kanagawa/40_2040_room.html?JKSS=007060606,<li>シーサイドライン「並木中央」駅 徒歩7～14分</li><li>京急本線「京急富岡」駅 徒歩11～14分</li><li>京急本線「能見台」駅 徒歩22～24分</li>
kanagawa,seasidetown,ビーコンヒル能見台サウスヒル,158000,京急本線「能見台」駅,6.0,11.0,,,,横浜市金沢区能見台東11,6号棟,鉄筋コンクリート造,13,N,1307号室,2LDK,64,14,152300,5700,2か月,['近居割'],随時,https://www.ur-net.go.jp/chintai/kanto/kanagawa/40_3890_room.html?JKSS=000061307,<li>京急本線「能見台」駅 徒歩6～11分</li><li>JR京浜東北・根岸線「磯子」駅バス22分 徒歩9～14分</li><li>京急本線「金沢文庫」駅バス4分 徒歩7～11分</li>
kanagawa,seasidetown,ビーコンヒル能見台サウスヒル,158000,,,,JR京浜東北・根岸線「磯子」駅,31.0,36.0,横浜市金沢区能見台東11,6号棟,鉄筋コンクリート造,13,N,1307号室,2LDK,64,14,152300,5700,2か月,['近居割'],随時,https://www.ur-net.go.jp/chintai/kanto/kanagawa/40_3890_room.html?JKSS=000061307,<li>京急本線「能見台」駅 徒歩6～11分</li><li>JR京浜東北・根岸線「磯子」駅バス22分 徒歩9～14分</li><li>京急本線「金沢文庫」駅バス4分 徒歩7～11分</li>
kanagawa,seasidetown,ビーコンヒル能見台サウスヒル,158000,,,,京急本線「金沢文庫」駅,11.0,15.0,横浜市金沢区能見台東11,6号棟,鉄筋コンクリート造,13,N,1307号室,2LDK,64,14,152300,5700,2か月,['近居割'],随時,https://www.ur-net.go.jp/chintai/kanto/kanagawa/40_3890_room.html?JKSS=000061307,<li>京急本線「能見台」駅 徒歩6～11分</li><li>JR京浜東北・根岸線「磯子」駅バス22分 徒歩9～14分</li><li>京急本線「金沢文庫」駅バス4分 徒歩7～11分</li>
kanagawa,seasidetown,ビーコンヒル能見台サウスヒル,158000,,,,,,,横浜市金沢区能見台東11,6号棟,鉄筋コンクリート造,13,N,1307号室,2LDK,64,14,152300,5700,2か月,['近居割'],随時,https://www.ur-net.go.jp/chintai/kanto/kanagawa/40_3890_room.html?JKSS=000061307,<li>京急本線「能見台」駅 徒歩6～11分</li><li>JR京浜東北・根岸線「磯子」駅バス22分 徒歩9～14分</li><li>京急本線「金沢文庫」駅バス4分 徒歩7～11分</li>
kanagawa,seasidetown,ビーコンヒル能見台サウスヒル,161600,京急本線「能見台」駅,6.0,11.0,,,,横浜市金沢区能見台東11,9号棟,鉄筋コンクリート造,14,N,1404号室,2LDK,68,14,155900,5700,2か月,['近居割'],随時,https://www.ur-net.go.jp/chintai/kanto/kanagawa/40_3890_room.html?JKSS=000091404,<li>京急本線「能見台」駅 徒歩6～11分</li><li>JR京浜東北・根岸線「磯子」駅バス22分 徒歩9～14分</li><li>京急本線「金沢文庫」駅バス4分 徒歩7～11分</li>
kanagawa,seasidetown,ビーコンヒル能見台サウスヒル,161600,,,,JR京浜東北・根岸線「磯子」駅,31.0,36.0,横浜市金沢区能見台東11,9号棟,鉄筋コンクリート造,14,N,1404号室,2LDK,68,14,155900,5700,2か月,['近居割'],随時,https://www.ur-net.go.jp/chintai/kanto/kanagawa/40_3890_room.html?JKSS=000091404,<li>京急本線「能見台」駅 徒歩6～11分</li><li>JR京浜東北・根岸線「磯子」駅バス22分 徒歩9～14分</li><li>京急本線「金沢文庫」駅バス4分 徒歩7～11分</li>
kanagawa,seasidetown,ビーコンヒル能見台サウスヒル,161600,,,,京急本線「金沢文庫」駅,11.0,15.0,横浜市金沢区能見台東11,9号棟,鉄筋コンクリート造,14,N,1404号室,2LDK,68,14,155900,5700,2か月,['近居割'],随時,https://www.ur-net.go.jp/chintai/kanto/kanagawa/40_3890_room.html?JKSS=000091404,<li>京急本線「能見台」駅 徒歩6～11分</li><li>JR京浜東北・根岸線「磯子」駅バス22分 徒歩9～14分</li><li>京急本線「金沢文庫」駅バス4分 徒歩7～11分</li>
kanagawa,seasidetown,ビーコンヒル能見台サウスヒル,161600,,,,,,,横浜市金沢区能見台東11,9号棟,鉄筋コンクリート造,14,N,1404号室,2LDK,68,14,155900,5700,2か月,['近居割'],随時,https://www.ur-net.go.jp/chintai/kanto/kanagawa/40_3890_room.html?JKSS=000091404,<li>京急本線「能見台」駅 徒歩6～11分</li><li>JR京浜東北・根岸線「磯子」駅バス22分 徒歩9～14分</li><li>京急本線「金沢文庫」駅バス4分 徒歩7～11分</li>
kanagawa,seasidetown,ビーコンヒル能見台サウスヒル,164400,京急本線「能見台」駅,6.0,11.0,,,,横浜市金沢区能見台東11,3号棟,鉄筋コンクリート造,7,N,706号室,2LDK,66,10,158700,5700,2か月,['近居割'],随時,https://www.ur-net.go.jp/chintai/kanto/kanagawa/40_3890_room.html?JKSS=000030706,<li>京急本線「能見台」駅 徒歩6～11分</li><li>JR京浜東北・根岸線「磯子」駅バス22分 徒歩9～14分</li><li>京急本線「金沢文庫」駅バス4分 徒歩7～11分</li>
kanagawa,seasidetown,ビーコンヒル能見台サウスヒル,164400,,,,JR京浜東北・根岸線「磯子」駅,31.0,36.0,横浜市金沢区能見台東11,3号棟,鉄筋コンクリート造,7,N,706号室,2LDK,66,10,158700,5700,2か月,['近居割'],随時,https://www.ur-net.go.jp/chintai/kanto/kanagawa/40_3890_room.html?JKSS=000030706,<li>京急本線「能見台」駅 徒歩6～11分</li><li>JR京浜東北・根岸線「磯子」駅バス22分 徒歩9～14分</li><li>京急本線「金沢文庫」駅バス4分 徒歩7～11分</li>
kanagawa,seasidetown,ビーコンヒル能見台サウスヒル,164400,,,,京急本線「金沢文庫」駅,11.0,15.0,横浜市金沢区能見台東11,3号棟,鉄筋コンクリート造,7,N,706号室,2LDK,66,10,158700,5700,2か月,['近居割'],随時,https://www.ur-net.go.jp/chintai/kanto/kanagawa/40_3890_room.html?JKSS=000030706,<li>京急本線「能見台」駅 徒歩6～11分</li><li>JR京浜東北・根岸線「磯子」駅バス22分 徒歩9～14分</li><li>京急本線「金沢文庫」駅バス4分 徒歩7～11分</li>
kanagawa,seasidetown,ビーコンヒル能見台サウスヒル,164400,,,,,,,横浜市金沢区能見台東11,3号棟,鉄筋コンクリート造,7,N,706号室,2LDK,66,10,158700,5700,2か月,['近居割'],随時,https://www.ur-net.go.jp/chintai/kanto/kanagawa/40_3890_room.html?JKSS=000030706,<li>京急本線「能見台」駅 徒歩6～11分</li><li>JR京浜東北・根岸線「磯子」駅バス22分 徒歩9～14分</li><li>京急本線「金沢文庫」駅バス4分 徒歩7～11分</li>
kanagawa,totsuka,プロムナード矢部,136100,JR東海道本線「戸塚」駅,9.0,13.0,,,,横浜市戸塚区矢部町321,3号棟,鉄筋コンクリート造,6,N,603号室,1LDK,50,13,131500,4600,2か月,['近居割'],随時,https://www.ur-net.go.jp/chintai/kanto/kanagawa/40_3610_room.html?JKSS=000030603,<li>JR東海道本線「戸塚」駅 徒歩9～13分</li><li>JR横須賀線「東戸塚」駅バス20分 徒歩2～7分</li><li>相鉄いずみ野線「弥生台」駅バス20分 徒歩10～15分</li>
kanagawa,totsuka,プロムナード矢部,136100,,,,JR横須賀線「東戸塚」駅,22.0,27.0,横浜市戸塚区矢部町321,3号棟,鉄筋コンクリート造,6,N,603号室,1LDK,50,13,131500,4600,2か月,['近居割'],随時,https://www.ur-net.go.jp/chintai/kanto/kanagawa/40_3610_room.html?JKSS=000030603,<li>JR東海道本線「戸塚」駅 徒歩9～13分</li><li>JR横須賀線「東戸塚」駅バス20分 徒歩2～7分</li><li>相鉄いずみ野線「弥生台」駅バス20分 徒歩10～15分</li>
kanagawa,totsuka,プロムナード矢部,136100,,,,相鉄いずみ野線「弥生台」駅,30.0,35.0,横浜市戸塚区矢部町321,3号棟,鉄筋コンクリート造,6,N,603号室,1LDK,50,13,131500,4600,2か月,['近居割'],随時,https://www.ur-net.go.jp/chintai/kanto/kanagawa/40_3610_room.html?JKSS=000030603,<li>JR東海道本線「戸塚」駅 徒歩9～13分</li><li>JR横須賀線「東戸塚」駅バス20分 徒歩2～7分</li><li>相鉄いずみ野線「弥生台」駅バス20分 徒歩10～15分</li>
kanagawa,totsuka,プロムナード矢部,136100,,,,,,,横浜市戸塚区矢部町321,3号棟,鉄筋コンクリート造,6,N,603号室,1LDK,50,13,131500,4600,2か月,['近居割'],随時,https://www.ur-net.go.jp/chintai/kanto/kanagawa/40_3610_room.html?JKSS=000030603,<li>JR東海道本線「戸塚」駅 徒歩9～13分</li><li>JR横須賀線「東戸塚」駅バス20分 徒歩2～7分</li><li>相鉄いずみ野線「弥生台」駅バス20分 徒歩10～15分</li>
kanagawa,konandai,本郷台駅前,96300,JR京浜東北・根岸線「本郷台」駅,2.0,3.0,,,,横浜市栄区小菅ヶ谷1-4,1号棟,鉄骨鉄筋コンクリート造,14,N,1403号室,1LDK,45,15,93100,3200,2か月,['URライト（5年定借）'],随時,https://www.ur-net.go.jp/chintai/kanto/kanagawa/40_1600_room.html?JKSS=000011403,<li>JR京浜東北・根岸線「本郷台」駅 徒歩2～3分</li><li>JR東海道本線「大船」駅バス8分 徒歩8分</li><li>横浜市営地下鉄ブルーライン「港南中央」駅バス16分 徒歩9分</li>
kanagawa,konandai,本郷台駅前,96300,,,,JR東海道本線「大船」駅,16.0,16.0,横浜市栄区小菅ヶ谷1-4,1号棟,鉄骨鉄筋コンクリート造,14,N,1403号室,1LDK,45,15,93100,3200,2か月,['URライト（5年定借）'],随時,https://www.ur-net.go.jp/chintai/kanto/kanagawa/40_1600_room.html?JKSS=000011403,<li>JR京浜東北・根岸線「本郷台」駅 徒歩2～3分</li><li>JR東海道本線「大船」駅バス8分 徒歩8分</li><li>横浜市営地下鉄ブルーライン「港南中央」駅バス16分 徒歩9分</li>
kanagawa,konandai,本郷台駅前,96300,,,,横浜市営地下鉄ブルーライン「港南中央」駅,25.0,25.0,横浜市栄区小菅ヶ谷1-4,1号棟,鉄骨鉄筋コンクリート造,14,N,1403号室,1LDK,45,15,93100,3200,2か月,['URライト（5年定借）'],随時,https://www.ur-net.go.jp/chintai/kanto/kanagawa/40_1600_room.html?JKSS=000011403,<li>JR京浜東北・根岸線「本郷台」駅 徒歩2～3分</li><li>JR東海道本線「大船」駅バス8分 徒歩8分</li><li>横浜市営地下鉄ブルーライン「港南中央」駅バス16分 徒歩9分</li>
kanagawa,konandai,本郷台駅前,96300,,,,,,,横浜市栄区小菅ヶ谷1-4,1号棟,鉄骨鉄筋コンクリート造,14,N,1403号室,1LDK,45,15,93100,3200,2か月,['URライト（5年定借）'],随時,https://www.ur-net.go.jp/chintai/kanto/kanagawa/40_1600_room.html?JKSS=000011403,<li>JR京浜東北・根岸線「本郷台」駅 徒歩2～3分</li><li>JR東海道本線「大船」駅バス8分 徒歩8分</li><li>横浜市営地下鉄ブルーライン「港南中央」駅バス16分 徒歩9分</li>
kanagawa,sagamiono,相模台,62900,小田急小田原線「小田急相模原」駅,16.0,21.0,小田急小田原線「小田急相模原」駅,9.0,13.0,相模原市南区相模台団地,5-3号棟,鉄筋コンクリート造,5,N,503号室,3K,45,5,59700,3200,2か月,"['近居割', '近居割WIDE']",随時,https://www.ur-net.go.jp/chintai/kanto/kanagawa/40_1080_room.html?JKSS=000503503,<li>小田急小田原線「小田急相模原」駅 徒歩16～21分 又はバス8分 徒歩1～5分</li><li>JR横浜線「古淵」駅バス19分 徒歩3～7分</li>
kanagawa,sagamiono,相模台,62900,,,,JR横浜線「古淵」駅,22.0,26.0,相模原市南区相模台団地,5-3号棟,鉄筋コンクリート造,5,N,503号室,3K,45,5,59700,3200,2か月,"['近居割', '近居割WIDE']",随時,https://www.ur-net.go.jp/chintai/kanto/kanagawa/40_1080_room.html?JKSS=000503503,<li>小田急小田原線「小田急相模原」駅 徒歩16～21分 又はバス8分 徒歩1～5分</li><li>JR横浜線「古淵」駅バス19分 徒歩3～7分</li>
kanagawa,sagamiono,相模台,62900,,,,,,,相模原市南区相模台団地,5-3号棟,鉄筋コンクリート造,5,N,503号室,3K,45,5,59700,3200,2か月,"['近居割', '近居割WIDE']",随時,https://www.ur-net.go.jp/chintai/kanto/kanagawa/40_1080_room.html?JKSS=000503503,<li>小田急小田原線「小田急相模原」駅 徒歩16～21分 又はバス8分 徒歩1～5分</li><li>JR横浜線「古淵」駅バス19分 徒歩3～7分</li>
kanagawa,sagamiono,相模台,62900,小田急小田原線「小田急相模原」駅,16.0,21.0,小田急小田原線「小田急相模原」駅,9.0,13.0,相模原市南区相模台団地,6-2号棟,鉄筋コンクリート造,5,N,506号室,2DK,45,5,59700,3200,2か月,['URライト（4年定借）'],随時,https://www.ur-net.go.jp/chintai/kanto/kanagawa/40_1080_room.html?JKSS=000602506,<li>小田急小田原線「小田急相模原」駅 徒歩16～21分 又はバス8分 徒歩1～5分</li><li>JR横浜線「古淵」駅バス19分 徒歩3～7分</li>
kanagawa,sagamiono,相模台,62900,,,,JR横浜線「古淵」駅,22.0,26.0,相模原市南区相模台団地,6-2号棟,鉄筋コンクリート造,5,N,506号室,2DK,45,5,59700,3200,2か月,['URライト（4年定借）'],随時,https://www.ur-net.go.jp/chintai/kanto/kanagawa/40_1080_room.html?JKSS=000602506,<li>小田急小田原線「小田急相模原」駅 徒歩16～21分 又はバス8分 徒歩1～5分</li><li>JR横浜線「古淵」駅バス19分 徒歩3～7分</li>
kanagawa,sagamiono,相模台,62900,,,,,,,相模原市南区相模台団地,6-2号棟,鉄筋コンクリート造,5,N,506号室,2DK,45,5,59700,3200,2か月,['URライト（4年定借）'],随時,https://www.ur-net.go.jp/chintai/kanto/kanagawa/40_1080_room.html?JKSS=000602506,<li>小田急小田原線「小田急相模原」駅 徒歩16～21分 又はバス8分 徒歩1～5分</li><li>JR横浜線「古淵」駅バス19分 徒歩3～7分</li>
kanagawa,sagamiono,相模台,64200,小田急小田原線「小田急相模原」駅,16.0,21.0,小田急小田原線「小田急相模原」駅,9.0,13.0,相模原市南区相模台団地,5-3号棟,鉄筋コンクリート造,5,N,502号室,2DK,45,5,61000,3200,2か月,"['近居割', '近居割WIDE']",随時,https://www.ur-net.go.jp/chintai/kanto/kanagawa/40_1080_room.html?JKSS=000503502,<li>小田急小田原線「小田急相模原」駅 徒歩16～21分 又はバス8分 徒歩1～5分</li><li>JR横浜線「古淵」駅バス19分 徒歩3～7分</li>
kanagawa,sagamiono,相模台,64200,,,,JR横浜線「古淵」駅,22.0,26.0,相模原市南区相模台団地,5-3号棟,鉄筋コンクリート造,5,N,502号室,2DK,45,5,61000,3200,2か月,"['近居割', '近居割WIDE']",随時,https://www.ur-net.go.jp/chintai/kanto/kanagawa/40_1080_room.html?JKSS=000503502,<li>小田急小田原線「小田急相模原」駅 徒歩16～21分 又はバス8分 徒歩1～5分</li><li>JR横浜線「古淵」駅バス19分 徒歩3～7分</li>
kanagawa,sagamiono,相模台,64200,,,,,,,相模原市南区相模台団地,5-3号棟,鉄筋コンクリート造,5,N,502号室,2DK,45,5,61000,3200,2か月,"['近居割', '近居割WIDE']",随時,https://www.ur-net.go.jp/chintai/kanto/kanagawa/40_1080_room.html?JKSS=000503502,<li>小田急小田原線「小田急相模原」駅 徒歩16～21分 又はバス8分 徒歩1～5分</li><li>JR横浜線「古淵」駅バス19分 徒歩3～7分</li>
kanagawa,sagamiono,相模台,66200,小田急小田原線「小田急相模原」駅,16.0,21.0,小田急小田原線「小田急相模原」駅,9.0,13.0,相模原市南区相模台団地,4-5号棟,鉄筋コンクリート造,5,N,502号室,2DK,45,5,63000,3200,2か月,['URライト（4年定借）'],随時,https://www.ur-net.go.jp/chintai/kanto/kanagawa/40_1080_room.html?JKSS=000405502,<li>小田急小田原線「小田急相模原」駅 徒歩16～21分 又はバス8分 徒歩1～5分</li><li>JR横浜線「古淵」駅バス19分 徒歩3～7分</li>
kanagawa,sagamiono,相模台,66200,,,,JR横浜線「古淵」駅,22.0,26.0,相模原市南区相模台団地,4-5号棟,鉄筋コンクリート造,5,N,502号室,2DK,45,5,63000,3200,2か月,['URライト（4年定借）'],随時,https://www.ur-net.go.jp/chintai/kanto/kanagawa/40_1080_room.html?JKSS=000405502,<li>小田急小田原線「小田急相模原」駅 徒歩16～21分 又はバス8分 徒歩1～5分</li><li>JR横浜線「古淵」駅バス19分 徒歩3～7分</li>
kanagawa,sagamiono,相模台,66200,,,,,,,相模原市南区相模台団地,4-5号棟,鉄筋コンクリート造,5,N,502号室,2DK,45,5,63000,3200,2か月,['URライト（4年定借）'],随時,https://www.ur-net.go.jp/chintai/kanto/kanagawa/40_1080_room.html?JKSS=000405502,<li>小田急小田原線「小田急相模原」駅 徒歩16～21分 又はバス8分 徒歩1～5分</li><li>JR横浜線「古淵」駅バス19分 徒歩3～7分</li>
kanagawa,sagamiono,相模台,70100,小田急小田原線「小田急相模原」駅,16.0,21.0,小田急小田原線「小田急相模原」駅,9.0,13.0,相模原市南区相模台団地,6-8号棟,鉄筋コンクリート造,5,N,501号室,2DK,48,5,66900,3200,2か月,['URライト（4年定借）'],随時,https://www.ur-net.go.jp/chintai/kanto/kanagawa/40_1080_room.html?JKSS=000608501,<li>小田急小田原線「小田急相模原」駅 徒歩16～21分 又はバス8分 徒歩1～5分</li><li>JR横浜線「古淵」駅バス19分 徒歩3～7分</li>
kanagawa,sagamiono,相模台,70100,,,,JR横浜線「古淵」駅,22.0,26.0,相模原市南区相模台団地,6-8号棟,鉄筋コンクリート造,5,N,501号室,2DK,48,5,66900,3200,2か月,['URライト（4年定借）'],随時,https://www.ur-net.go.jp/chintai/kanto/kanagawa/40_1080_room.html?JKSS=000608501,<li>小田急小田原線「小田急相模原」駅 徒歩16～21分 又はバス8分 徒歩1～5分</li><li>JR横浜線「古淵」駅バス19分 徒歩3～7分</li>
kanagawa,sagamiono,相模台,70100,,,,,,,相模原市南区相模台団地,6-8号棟,鉄筋コンクリート造,5,N,501号室,2DK,48,5,66900,3200,2か月,['URライト（4年定借）'],随時,https://www.ur-net.go.jp/chintai/kanto/kanagawa/40_1080_room.html?JKSS=000608501,<li>小田急小田原線「小田急相模原」駅 徒歩16～21分 又はバス8分 徒歩1～5分</li><li>JR横浜線「古淵」駅バス19分 徒歩3～7分</li>
kanagawa,sagamiono,コンフォールさがみ南,123900,小田急小田原線「小田急相模原」駅,8.0,11.0,,,,相模原市南区相南1-24,9号棟,鉄筋コンクリート造,1,N,102号室,3DK,65,14,119500,4400,2か月,['近居割'],随時,https://www.ur-net.go.jp/chintai/kanto/kanagawa/40_3870_room.html?JKSS=000090102,<li>小田急小田原線「小田急相模原」駅 徒歩8～11分</li><li>小田急江ノ島線「東林間」駅 徒歩15～18分</li><li>小田急小田原線「相模大野」駅 徒歩32～35分</li>
kanagawa,sagamiono,コンフォールさがみ南,123900,小田急江ノ島線「東林間」駅,15.0,18.0,,,,相模原市南区相南1-24,9号棟,鉄筋コンクリート造,1,N,102号室,3DK,65,14,119500,4400,2か月,['近居割'],随時,https://www.ur-net.go.jp/chintai/kanto/kanagawa/40_3870_room.html?JKSS=000090102,<li>小田急小田原線「小田急相模原」駅 徒歩8～11分</li><li>小田急江ノ島線「東林間」駅 徒歩15～18分</li><li>小田急小田原線「相模大野」駅 徒歩32～35分</li>
kanagawa,sagamiono,コンフォールさがみ南,123900,小田急小田原線「相模大野」駅,32.0,35.0,,,,相模原市南区相南1-24,9号棟,鉄筋コンクリート造,1,N,102号室,3DK,65,14,119500,4400,2か月,['近居割'],随時,https://www.ur-net.go.jp/chintai/kanto/kanagawa/40_3870_room.html?JKSS=000090102,<li>小田急小田原線「小田急相模原」駅 徒歩8～11分</li><li>小田急江ノ島線「東林間」駅 徒歩15～18分</li><li>小田急小田原線「相模大野」駅 徒歩32～35分</li>
kanagawa,sagamiono,コンフォールさがみ南,123900,,,,,,,相模原市南区相南1-24,9号棟,鉄筋コンクリート造,1,N,102号室,3DK,65,14,119500,4400,2か月,['近居割'],随時,https://www.ur-net.go.jp/chintai/kanto/kanagawa/40_3870_room.html?JKSS=000090102,<li>小田急小田原線「小田急相模原」駅 徒歩8～11分</li><li>小田急江ノ島線「東林間」駅 徒歩15～18分</li><li>小田急小田原線「相模大野」駅 徒歩32～35分</li>
kanagawa,sagamiono,コンフォールさがみ南,128600,小田急小田原線「小田急相模原」駅,8.0,11.0,,,,相模原市南区相南1-24,6号棟,鉄筋コンクリート造,3,N,307号室,2LDK,64,6,124200,4400,2か月,['近居割'],随時,https://www.ur-net.go.jp/chintai/kanto/kanagawa/40_3870_room.html?JKSS=000060307,<li>小田急小田原線「小田急相模原」駅 徒歩8～11分</li><li>小田急江ノ島線「東林間」駅 徒歩15～18分</li><li>小田急小田原線「相模大野」駅 徒歩32～35分</li>
kanagawa,sagamiono,コンフォールさがみ南,128600,小田急江ノ島線「東林間」駅,15.0,18.0,,,,相模原市南区相南1-24,6号棟,鉄筋コンクリート造,3,N,307号室,2LDK,64,6,124200,4400,2か月,['近居割'],随時,https://www.ur-net.go.jp/chintai/kanto/kanagawa/40_3870_room.html?JKSS=000060307,<li>小田急小田原線「小田急相模原」駅 徒歩8～11分</li><li>小田急江ノ島線「東林間」駅 徒歩15～18分</li><li>小田急小田原線「相模大野」駅 徒歩32～35分</li>
kanagawa,sagamiono,コンフォールさがみ南,128600,小田急小田原線「相模大野」駅,32.0,35.0,,,,相模原市南区相南1-24,6号棟,鉄筋コンクリート造,3,N,307号室,2LDK,64,6,124200,4400,2か月,['近居割'],随時,https://www.ur-net.go.jp/chintai/kanto/kanagawa/40_3870_room.html?JKSS=000060307,<li>小田急小田原線「小田急相模原」駅 徒歩8～11分</li><li>小田急江ノ島線「東林間」駅 徒歩15～18分</li><li>小田急小田原線「相模大野」駅 徒歩32～35分</li>
kanagawa,sagamiono,コンフォールさがみ南,128600,,,,,,,相模原市南区相南1-24,6号棟,鉄筋コンクリート造,3,N,307号室,2LDK,64,6,124200,4400,2か月,['近居割'],随時,https://www.ur-net.go.jp/chintai/kanto/kanagawa/40_3870_room.html?JKSS=000060307,<li>小田急小田原線「小田急相模原」駅 徒歩8～11分</li><li>小田急江ノ島線「東林間」駅 徒歩15～18分</li><li>小田急小田原線「相模大野」駅 徒歩32～35分</li>
kanagawa,sagamiono,コンフォールさがみ南,131800,小田急小田原線「小田急相模原」駅,8.0,11.0,,,,相模原市南区相南1-24,6号棟,鉄筋コンクリート造,2,N,203号室,2LDK,67,6,127400,4400,2か月,['近居割'],随時,https://www.ur-net.go.jp/chintai/kanto/kanagawa/40_3870_room.html?JKSS=000060203,<li>小田急小田原線「小田急相模原」駅 徒歩8～11分</li><li>小田急江ノ島線「東林間」駅 徒歩15～18分</li><li>小田急小田原線「相模大野」駅 徒歩32～35分</li>
kanagawa,sagamiono,コンフォールさがみ南,131800,小田急江ノ島線「東林間」駅,15.0,18.0,,,,相模原市南区相南1-24,6号棟,鉄筋コンクリート造,2,N,203号室,2LDK,67,6,127400,4400,2か月,['近居割'],随時,https://www.ur-net.go.jp/chintai/kanto/kanagawa/40_3870_room.html?JKSS=000060203,<li>小田急小田原線「小田急相模原」駅 徒歩8～11分</li><li>小田急江ノ島線「東林間」駅 徒歩15～18分</li><li>小田急小田原線「相模大野」駅 徒歩32～35分</li>
kanagawa,sagamiono,コンフォールさがみ南,131800,小田急小田原線「相模大野」駅,32.0,35.0,,,,相模原市南区相南1-24,6号棟,鉄筋コンクリート造,2,N,203号室,2LDK,67,6,127400,4400,2か月,['近居割'],随時,https://www.ur-net.go.jp/chintai/kanto/kanagawa/40_3870_room.html?JKSS=000060203,<li>小田急小田原線「小田急相模原」駅 徒歩8～11分</li><li>小田急江ノ島線「東林間」駅 徒歩15～18分</li><li>小田急小田原線「相模大野」駅 徒歩32～35分</li>
kanagawa,sagamiono,コンフォールさがみ南,131800,,,,,,,相模原市南区相南1-24,6号棟,鉄筋コンクリート造,2,N,203号室,2LDK,67,6,127400,4400,2か月,['近居割'],随時,https://www.ur-net.go.jp/chintai/kanto/kanagawa/40_3870_room.html?JKSS=000060203,<li>小田急小田原線「小田急相模原」駅 徒歩8～11分</li><li>小田急江ノ島線「東林間」駅 徒歩15～18分</li><li>小田急小田原線「相模大野」駅 徒歩32～35分</li>
kanagawa,sagamiono,コンフォールさがみ南,153700,小田急小田原線「小田急相模原」駅,8.0,11.0,,,,相模原市南区相南1-24,12号棟,鉄筋コンクリート造,4,N,401号室,4DK,76,5,149300,4400,2か月,['近居割'],随時,https://www.ur-net.go.jp/chintai/kanto/kanagawa/40_3870_room.html?JKSS=000120401,<li>小田急小田原線「小田急相模原」駅 徒歩8～11分</li><li>小田急江ノ島線「東林間」駅 徒歩15～18分</li><li>小田急小田原線「相模大野」駅 徒歩32～35分</li>
kanagawa,sagamiono,コンフォールさがみ南,153700,小田急江ノ島線「東林間」駅,15.0,18.0,,,,相模原市南区相南1-24,12号棟,鉄筋コンクリート造,4,N,401号室,4DK,76,5,149300,4400,2か月,['近居割'],随時,https://www.ur-net.go.jp/chintai/kanto/kanagawa/40_3870_room.html?JKSS=000120401,<li>小田急小田原線「小田急相模原」駅 徒歩8～11分</li><li>小田急江ノ島線「東林間」駅 徒歩15～18分</li><li>小田急小田原線「相模大野」駅 徒歩32～35分</li>
kanagawa,sagamiono,コンフォールさがみ南,153700,小田急小田原線「相模大野」駅,32.0,35.0,,,,相模原市南区相南1-24,12号棟,鉄筋コンクリート造,4,N,401号室,4DK,76,5,149300,4400,2か月,['近居割'],随時,https://www.ur-net.go.jp/chintai/kanto/kanagawa/40_3870_room.html?JKSS=000120401,<li>小田急小田原線「小田急相模原」駅 徒歩8～11分</li><li>小田急江ノ島線「東林間」駅 徒歩15～18分</li><li>小田急小田原線「相模大野」駅 徒歩32～35分</li>
kanagawa,sagamiono,コンフォールさがみ南,153700,,,,,,,相模原市南区相南1-24,12号棟,鉄筋コンクリート造,4,N,401号室,4DK,76,5,149300,4400,2か月,['近居割'],随時,https://www.ur-net.go.jp/chintai/kanto/kanagawa/40_3870_room.html?JKSS=000120401,<li>小田急小田原線「小田急相模原」駅 徒歩8～11分</li><li>小田急江ノ島線「東林間」駅 徒歩15～18分</li><li>小田急小田原線「相模大野」駅 徒歩32～35分</li>
kanagawa,sagamiono,プラザシティ相模大野,129390,小田急小田原線「相模大野」駅,8.0,13.0,,,,相模原市南区相模大野6-23,7号棟,鉄筋コンクリート造,4,N,403号室,1LDK,52,10,125300,4090,2か月,['近居割'],随時,https://www.ur-net.go.jp/chintai/kanto/kanagawa/40_2980_room.html?JKSS=000070403,<li>小田急小田原線「相模大野」駅 徒歩8～13分</li><li>JR横浜線「町田」駅 徒歩26～31分</li><li>小田急江ノ島線「東林間」駅 徒歩18～23分</li>
kanagawa,sagamiono,プラザシティ相模大野,129390,JR横浜線「町田」駅,26.0,31.0,,,,相模原市南区相模大野6-23,7号棟,鉄筋コンクリート造,4,N,403号室,1LDK,52,10,125300,4090,2か月,['近居割'],随時,https://www.ur-net.go.jp/chintai/kanto/kanagawa/40_2980_room.html?JKSS=000070403,<li>小田急小田原線「相模大野」駅 徒歩8～13分</li><li>JR横浜線「町田」駅 徒歩26～31分</li><li>小田急江ノ島線「東林間」駅 徒歩18～23分</li>
kanagawa,sagamiono,プラザシティ相模大野,129390,小田急江ノ島線「東林間」駅,18.0,23.0,,,,相模原市南区相模大野6-23,7号棟,鉄筋コンクリート造,4,N,403号室,1LDK,52,10,125300,4090,2か月,['近居割'],随時,https://www.ur-net.go.jp/chintai/kanto/kanagawa/40_2980_room.html?JKSS=000070403,<li>小田急小田原線「相模大野」駅 徒歩8～13分</li><li>JR横浜線「町田」駅 徒歩26～31分</li><li>小田急江ノ島線「東林間」駅 徒歩18～23分</li>
kanagawa,sagamiono,プラザシティ相模大野,129390,,,,,,,相模原市南区相模大野6-23,7号棟,鉄筋コンクリート造,4,N,403号室,1LDK,52,10,125300,4090,2か月,['近居割'],随時,https://www.ur-net.go.jp/chintai/kanto/kanagawa/40_2980_room.html?JKSS=000070403,<li>小田急小田原線「相模大野」駅 徒歩8～13分</li><li>JR横浜線「町田」駅 徒歩26～31分</li><li>小田急江ノ島線「東林間」駅 徒歩18～23分</li>
kanagawa,sagamiono,鶴ヶ丘,134700,小田急小田原線「小田急相模原」駅,7.0,9.0,,,,相模原市南区南台5-2,7号棟,鉄筋コンクリート造,4,N,401号室,4DK,73,7,131300,3400,2か月,['近居割'],随時,https://www.ur-net.go.jp/chintai/kanto/kanagawa/40_3380_room.html?JKSS=000070401,<li>小田急小田原線「小田急相模原」駅 徒歩7～9分</li><li>小田急小田原線「相模大野」駅 徒歩29～32分</li><li>東急田園都市線「中央林間」駅 徒歩39～43分</li>
kanagawa,sagamiono,鶴ヶ丘,134700,小田急小田原線「相模大野」駅,29.0,32.0,,,,相模原市南区南台5-2,7号棟,鉄筋コンクリート造,4,N,401号室,4DK,73,7,131300,3400,2か月,['近居割'],随時,https://www.ur-net.go.jp/chintai/kanto/kanagawa/40_3380_room.html?JKSS=000070401,<li>小田急小田原線「小田急相模原」駅 徒歩7～9分</li><li>小田急小田原線「相模大野」駅 徒歩29～32分</li><li>東急田園都市線「中央林間」駅 徒歩39～43分</li>
kanagawa,sagamiono,鶴ヶ丘,134700,東急田園都市線「中央林間」駅,39.0,43.0,,,,相模原市南区南台5-2,7号棟,鉄筋コンクリート造,4,N,401号室,4DK,73,7,131300,3400,2か月,['近居割'],随時,https://www.ur-net.go.jp/chintai/kanto/kanagawa/40_3380_room.html?JKSS=000070401,<li>小田急小田原線「小田急相模原」駅 徒歩7～9分</li><li>小田急小田原線「相模大野」駅 徒歩29～32分</li><li>東急田園都市線「中央林間」駅 徒歩39～43分</li>
kanagawa,sagamiono,鶴ヶ丘,134700,,,,,,,相模原市南区南台5-2,7号棟,鉄筋コンクリート造,4,N,401号室,4DK,73,7,131300,3400,2か月,['近居割'],随時,https://www.ur-net.go.jp/chintai/kanto/kanagawa/40_3380_room.html?JKSS=000070401,<li>小田急小田原線「小田急相模原」駅 徒歩7～9分</li><li>小田急小田原線「相模大野」駅 徒歩29～32分</li><li>東急田園都市線「中央林間」駅 徒歩39～43分</li>
kanagawa,sagamiono,ロビーシティ相模大野五番街,154400,小田急小田原線「相模大野」駅,5.0,6.0,,,,相模原市南区相模大野4-5,2号棟,鉄筋コンクリート造,14,N,1404号室,2LDK,65,14,151300,3100,2か月,['近居割'],随時,https://www.ur-net.go.jp/chintai/kanto/kanagawa/40_2320_room.html?JKSS=000021404,<li>小田急小田原線「相模大野」駅 徒歩5～6分</li><li>小田急江ノ島線「東林間」駅 徒歩23～24分</li><li>小田急小田原線「町田」駅 徒歩23～24分</li>
kanagawa,sagamiono,ロビーシティ相模大野五番街,154400,小田急江ノ島線「東林間」駅,23.0,24.0,,,,相模原市南区相模大野4-5,2号棟,鉄筋コンクリート造,14,N,1404号室,2LDK,65,14,151300,3100,2か月,['近居割'],随時,https://www.ur-net.go.jp/chintai/kanto/kanagawa/40_2320_room.html?JKSS=000021404,<li>小田急小田原線「相模大野」駅 徒歩5～6分</li><li>小田急江ノ島線「東林間」駅 徒歩23～24分</li><li>小田急小田原線「町田」駅 徒歩23～24分</li>
kanagawa,sagamiono,ロビーシティ相模大野五番街,154400,小田急小田原線「町田」駅,23.0,24.0,,,,相模原市南区相模大野4-5,2号棟,鉄筋コンクリート造,14,N,1404号室,2LDK,65,14,151300,3100,2か月,['近居割'],随時,https://www.ur-net.go.jp/chintai/kanto/kanagawa/40_2320_room.html?JKSS=000021404,<li>小田急小田原線「相模大野」駅 徒歩5～6分</li><li>小田急江ノ島線「東林間」駅 徒歩23～24分</li><li>小田急小田原線「町田」駅 徒歩23～24分</li>
kanagawa,sagamiono,ロビーシティ相模大野五番街,154400,,,,,,,相模原市南区相模大野4-5,2号棟,鉄筋コンクリート造,14,N,1404号室,2LDK,65,14,151300,3100,2か月,['近居割'],随時,https://www.ur-net.go.jp/chintai/kanto/kanagawa/40_2320_room.html?JKSS=000021404,<li>小田急小田原線「相模大野」駅 徒歩5～6分</li><li>小田急江ノ島線「東林間」駅 徒歩23～24分</li><li>小田急小田原線「町田」駅 徒歩23～24分</li>
kanagawa,sagamiono,橋本四丁目,82600,JR横浜線「橋本」駅,10.0,13.0,,,,相模原市緑区橋本4-11,10号棟,鉄筋コンクリート造、鉄骨鉄筋コンクリート造,2,N,203号室,2DK,48,8,78500,4100,2か月,['近居割'],随時,https://www.ur-net.go.jp/chintai/kanto/kanagawa/40_1840_room.html?JKSS=000100203,<li>JR横浜線「橋本」駅 徒歩10～13分</li><li>京王相模原線「多摩境」駅バス8分 徒歩3～5分</li>
kanagawa,sagamiono,橋本四丁目,82600,,,,京王相模原線「多摩境」駅,11.0,13.0,相模原市緑区橋本4-11,10号棟,鉄筋コンクリート造、鉄骨鉄筋コンクリート造,2,N,203号室,2DK,48,8,78500,4100,2か月,['近居割'],随時,https://www.ur-net.go.jp/chintai/kanto/kanagawa/40_1840_room.html?JKSS=000100203,<li>JR横浜線「橋本」駅 徒歩10～13分</li><li>京王相模原線「多摩境」駅バス8分 徒歩3～5分</li>
kanagawa,sagamiono,橋本四丁目,82600,,,,,,,相模原市緑区橋本4-11,10号棟,鉄筋コンクリート造、鉄骨鉄筋コンクリート造,2,N,203号室,2DK,48,8,78500,4100,2か月,['近居割'],随時,https://www.ur-net.go.jp/chintai/kanto/kanagawa/40_1840_room.html?JKSS=000100203,<li>JR横浜線「橋本」駅 徒歩10～13分</li><li>京王相模原線「多摩境」駅バス8分 徒歩3～5分</li>
kanagawa,sagamiono,鳶尾,54400,,,,小田急小田原線「本厚木」駅,30.0,34.0,厚木市鳶尾2ほか,1-1号棟,鉄筋コンクリート造、鉄骨鉄筋コンクリート造,5,N,503号室,3K,47,5,50400,4000,2か月,[],随時,https://www.ur-net.go.jp/chintai/kanto/kanagawa/40_1790_room.html?JKSS=001010503,<li>小田急小田原線「本厚木」駅バス28分 徒歩2～6分</li>
kanagawa,sagamiono,鳶尾,54400,,,,,,,厚木市鳶尾2ほか,1-1号棟,鉄筋コンクリート造、鉄骨鉄筋コンクリート造,5,N,503号室,3K,47,5,50400,4000,2か月,[],随時,https://www.ur-net.go.jp/chintai/kanto/kanagawa/40_1790_room.html?JKSS=001010503,<li>小田急小田原線「本厚木」駅バス28分 徒歩2～6分</li>
kanagawa,sagamiono,鳶尾,56000,,,,小田急小田原線「本厚木」駅,30.0,34.0,厚木市鳶尾2ほか,1-3号棟,鉄筋コンクリート造、鉄骨鉄筋コンクリート造,4,N,403号室,2DK,47,5,52000,4000,2か月,[],随時,https://www.ur-net.go.jp/chintai/kanto/kanagawa/40_1790_room.html?JKSS=001030403,<li>小田急小田原線「本厚木」駅バス28分 徒歩2～6分</li>
kanagawa,sagamiono,鳶尾,56000,,,,,,,厚木市鳶尾2ほか,1-3号棟,鉄筋コンクリート造、鉄骨鉄筋コンクリート造,4,N,403号室,2DK,47,5,52000,4000,2か月,[],随時,https://www.ur-net.go.jp/chintai/kanto/kanagawa/40_1790_room.html?JKSS=001030403,<li>小田急小田原線「本厚木」駅バス28分 徒歩2～6分</li>
kanagawa,sagamiono,鳶尾,66400,,,,小田急小田原線「本厚木」駅,30.0,34.0,厚木市鳶尾2ほか,25-3号棟,鉄筋コンクリート造、鉄骨鉄筋コンクリート造,6,N,603号室,3K,57,9,62400,4000,2か月,[],随時,https://www.ur-net.go.jp/chintai/kanto/kanagawa/40_1790_room.html?JKSS=025030603,<li>小田急小田原線「本厚木」駅バス28分 徒歩2～6分</li>
kanagawa,sagamiono,鳶尾,66400,,,,,,,厚木市鳶尾2ほか,25-3号棟,鉄筋コンクリート造、鉄骨鉄筋コンクリート造,6,N,603号室,3K,57,9,62400,4000,2か月,[],随時,https://www.ur-net.go.jp/chintai/kanto/kanagawa/40_1790_room.html?JKSS=025030603,<li>小田急小田原線「本厚木」駅バス28分 徒歩2～6分</li>
kanagawa,sagamiono,鳶尾,66400,,,,小田急小田原線「本厚木」駅,30.0,34.0,厚木市鳶尾2ほか,25-3号棟,鉄筋コンクリート造、鉄骨鉄筋コンクリート造,7,N,702号室,3K,57,9,62400,4000,2か月,[],随時,https://www.ur-net.go.jp/chintai/kanto/kanagawa/40_1790_room.html?JKSS=025030702,<li>小田急小田原線「本厚木」駅バス28分 徒歩2～6分</li>
kanagawa,sagamiono,鳶尾,66400,,,,,,,厚木市鳶尾2ほか,25-3号棟,鉄筋コンクリート造、鉄骨鉄筋コンクリート造,7,N,702号室,3K,57,9,62400,4000,2か月,[],随時,https://www.ur-net.go.jp/chintai/kanto/kanagawa/40_1790_room.html?JKSS=025030702,<li>小田急小田原線「本厚木」駅バス28分 徒歩2～6分</li>
kanagawa,sagamiono,鳶尾,66700,,,,小田急小田原線「本厚木」駅,30.0,34.0,厚木市鳶尾2ほか,25-3号棟,鉄筋コンクリート造、鉄骨鉄筋コンクリート造,6,N,602号室,3K,57,9,62700,4000,2か月,[],随時,https://www.ur-net.go.jp/chintai/kanto/kanagawa/40_1790_room.html?JKSS=025030602,<li>小田急小田原線「本厚木」駅バス28分 徒歩2～6分</li>
kanagawa,sagamiono,鳶尾,66700,,,,,,,厚木市鳶尾2ほか,25-3号棟,鉄筋コンクリート造、鉄骨鉄筋コンクリート造,6,N,602号室,3K,57,9,62700,4000,2か月,[],随時,https://www.ur-net.go.jp/chintai/kanto/kanagawa/40_1790_room.html?JKSS=025030602,<li>小田急小田原線「本厚木」駅バス28分 徒歩2～6分</li>
kanagawa,shonan,上和田,63600,,,,相鉄本線「大和」駅,16.0,25.0,大和市上和田2412,4-6号棟,鉄筋コンクリート造,5,N,503号室,3DK,53,5,60500,3100,2か月,"['近居割', '近居割WIDE']",随時,https://www.ur-net.go.jp/chintai/kanto/kanagawa/40_1240_room.html?JKSS=000406503,<li>相鉄本線「大和」駅バス15～20分 徒歩1～5分</li><li>小田急江ノ島線「高座渋谷」駅 徒歩13～20分</li><li>相鉄いずみ野線「いずみ中央」駅バス13分 徒歩6～14分</li>
kanagawa,shonan,上和田,63600,小田急江ノ島線「高座渋谷」駅,13.0,20.0,,,,大和市上和田2412,4-6号棟,鉄筋コンクリート造,5,N,503号室,3DK,53,5,60500,3100,2か月,"['近居割', '近居割WIDE']",随時,https://www.ur-net.go.jp/chintai/kanto/kanagawa/40_1240_room.html?JKSS=000406503,<li>相鉄本線「大和」駅バス15～20分 徒歩1～5分</li><li>小田急江ノ島線「高座渋谷」駅 徒歩13～20分</li><li>相鉄いずみ野線「いずみ中央」駅バス13分 徒歩6～14分</li>
kanagawa,shonan,上和田,63600,,,,相鉄いずみ野線「いずみ中央」駅,19.0,27.0,大和市上和田2412,4-6号棟,鉄筋コンクリート造,5,N,503号室,3DK,53,5,60500,3100,2か月,"['近居割', '近居割WIDE']",随時,https://www.ur-net.go.jp/chintai/kanto/kanagawa/40_1240_room.html?JKSS=000406503,<li>相鉄本線「大和」駅バス15～20分 徒歩1～5分</li><li>小田急江ノ島線「高座渋谷」駅 徒歩13～20分</li><li>相鉄いずみ野線「いずみ中央」駅バス13分 徒歩6～14分</li>
kanagawa,shonan,上和田,63600,,,,,,,大和市上和田2412,4-6号棟,鉄筋コンクリート造,5,N,503号室,3DK,53,5,60500,3100,2か月,"['近居割', '近居割WIDE']",随時,https://www.ur-net.go.jp/chintai/kanto/kanagawa/40_1240_room.html?JKSS=000406503,<li>相鉄本線「大和」駅バス15～20分 徒歩1～5分</li><li>小田急江ノ島線「高座渋谷」駅 徒歩13～20分</li><li>相鉄いずみ野線「いずみ中央」駅バス13分 徒歩6～14分</li>
kanagawa,shonan,上和田,63600,,,,相鉄本線「大和」駅,16.0,25.0,大和市上和田2412,4-6号棟,鉄筋コンクリート造,5,N,504号室,3DK,53,5,60500,3100,2か月,"['近居割', '近居割WIDE']",随時,https://www.ur-net.go.jp/chintai/kanto/kanagawa/40_1240_room.html?JKSS=000406504,<li>相鉄本線「大和」駅バス15～20分 徒歩1～5分</li><li>小田急江ノ島線「高座渋谷」駅 徒歩13～20分</li><li>相鉄いずみ野線「いずみ中央」駅バス13分 徒歩6～14分</li>
kanagawa,shonan,上和田,63600,小田急江ノ島線「高座渋谷」駅,13.0,20.0,,,,大和市上和田2412,4-6号棟,鉄筋コンクリート造,5,N,504号室,3DK,53,5,60500,3100,2か月,"['近居割', '近居割WIDE']",随時,https://www.ur-net.go.jp/chintai/kanto/kanagawa/40_1240_room.html?JKSS=000406504,<li>相鉄本線「大和」駅バス15～20分 徒歩1～5分</li><li>小田急江ノ島線「高座渋谷」駅 徒歩13～20分</li><li>相鉄いずみ野線「いずみ中央」駅バス13分 徒歩6～14分</li>
kanagawa,shonan,上和田,63600,,,,相鉄いずみ野線「いずみ中央」駅,19.0,27.0,大和市上和田2412,4-6号棟,鉄筋コンクリート造,5,N,504号室,3DK,53,5,60500,3100,2か月,"['近居割', '近居割WIDE']",随時,https://www.ur-net.go.jp/chintai/kanto/kanagawa/40_1240_room.html?JKSS=000406504,<li>相鉄本線「大和」駅バス15～20分 徒歩1～5分</li><li>小田急江ノ島線「高座渋谷」駅 徒歩13～20分</li><li>相鉄いずみ野線「いずみ中央」駅バス13分 徒歩6～14分</li>
kanagawa,shonan,上和田,63600,,,,,,,大和市上和田2412,4-6号棟,鉄筋コンクリート造,5,N,504号室,3DK,53,5,60500,3100,2か月,"['近居割', '近居割WIDE']",随時,https://www.ur-net.go.jp/chintai/kanto/kanagawa/40_1240_room.html?JKSS=000406504,<li>相鉄本線「大和」駅バス15～20分 徒歩1～5分</li><li>小田急江ノ島線「高座渋谷」駅 徒歩13～20分</li><li>相鉄いずみ野線「いずみ中央」駅バス13分 徒歩6～14分</li>
kanagawa,shonan,上和田,63600,,,,相鉄本線「大和」駅,16.0,25.0,大和市上和田2412,4-6号棟,鉄筋コンクリート造,5,N,506号室,3DK,53,5,60500,3100,2か月,"['近居割', '近居割WIDE']",随時,https://www.ur-net.go.jp/chintai/kanto/kanagawa/40_1240_room.html?JKSS=000406506,<li>相鉄本線「大和」駅バス15～20分 徒歩1～5分</li><li>小田急江ノ島線「高座渋谷」駅 徒歩13～20分</li><li>相鉄いずみ野線「いずみ中央」駅バス13分 徒歩6～14分</li>
kanagawa,shonan,上和田,63600,小田急江ノ島線「高座渋谷」駅,13.0,20.0,,,,大和市上和田2412,4-6号棟,鉄筋コンクリート造,5,N,506号室,3DK,53,5,60500,3100,2か月,"['近居割', '近居割WIDE']",随時,https://www.ur-net.go.jp/chintai/kanto/kanagawa/40_1240_room.html?JKSS=000406506,<li>相鉄本線「大和」駅バス15～20分 徒歩1～5分</li><li>小田急江ノ島線「高座渋谷」駅 徒歩13～20分</li><li>相鉄いずみ野線「いずみ中央」駅バス13分 徒歩6～14分</li>
kanagawa,shonan,上和田,63600,,,,相鉄いずみ野線「いずみ中央」駅,19.0,27.0,大和市上和田2412,4-6号棟,鉄筋コンクリート造,5,N,506号室,3DK,53,5,60500,3100,2か月,"['近居割', '近居割WIDE']",随時,https://www.ur-net.go.jp/chintai/kanto/kanagawa/40_1240_room.html?JKSS=000406506,<li>相鉄本線「大和」駅バス15～20分 徒歩1～5分</li><li>小田急江ノ島線「高座渋谷」駅 徒歩13～20分</li><li>相鉄いずみ野線「いずみ中央」駅バス13分 徒歩6～14分</li>
kanagawa,shonan,上和田,63600,,,,,,,大和市上和田2412,4-6号棟,鉄筋コンクリート造,5,N,506号室,3DK,53,5,60500,3100,2か月,"['近居割', '近居割WIDE']",随時,https://www.ur-net.go.jp/chintai/kanto/kanagawa/40_1240_room.html?JKSS=000406506,<li>相鉄本線「大和」駅バス15～20分 徒歩1～5分</li><li>小田急江ノ島線「高座渋谷」駅 徒歩13～20分</li><li>相鉄いずみ野線「いずみ中央」駅バス13分 徒歩6～14分</li>
kanagawa,shonan,上和田,63600,,,,相鉄本線「大和」駅,16.0,25.0,大和市上和田2412,4-8号棟,鉄筋コンクリート造,5,N,502号室,3DK,53,5,60500,3100,2か月,"['近居割', '近居割WIDE']",随時,https://www.ur-net.go.jp/chintai/kanto/kanagawa/40_1240_room.html?JKSS=000408502,<li>相鉄本線「大和」駅バス15～20分 徒歩1～5分</li><li>小田急江ノ島線「高座渋谷」駅 徒歩13～20分</li><li>相鉄いずみ野線「いずみ中央」駅バス13分 徒歩6～14分</li>
kanagawa,shonan,上和田,63600,小田急江ノ島線「高座渋谷」駅,13.0,20.0,,,,大和市上和田2412,4-8号棟,鉄筋コンクリート造,5,N,502号室,3DK,53,5,60500,3100,2か月,"['近居割', '近居割WIDE']",随時,https://www.ur-net.go.jp/chintai/kanto/kanagawa/40_1240_room.html?JKSS=000408502,<li>相鉄本線「大和」駅バス15～20分 徒歩1～5分</li><li>小田急江ノ島線「高座渋谷」駅 徒歩13～20分</li><li>相鉄いずみ野線「いずみ中央」駅バス13分 徒歩6～14分</li>
kanagawa,shonan,上和田,63600,,,,相鉄いずみ野線「いずみ中央」駅,19.0,27.0,大和市上和田2412,4-8号棟,鉄筋コンクリート造,5,N,502号室,3DK,53,5,60500,3100,2か月,"['近居割', '近居割WIDE']",随時,https://www.ur-net.go.jp/chintai/kanto/kanagawa/40_1240_room.html?JKSS=000408502,<li>相鉄本線「大和」駅バス15～20分 徒歩1～5分</li><li>小田急江ノ島線「高座渋谷」駅 徒歩13～20分</li><li>相鉄いずみ野線「いずみ中央」駅バス13分 徒歩6～14分</li>
kanagawa,shonan,上和田,63600,,,,,,,大和市上和田2412,4-8号棟,鉄筋コンクリート造,5,N,502号室,3DK,53,5,60500,3100,2か月,"['近居割', '近居割WIDE']",随時,https://www.ur-net.go.jp/chintai/kanto/kanagawa/40_1240_room.html?JKSS=000408502,<li>相鉄本線「大和」駅バス15～20分 徒歩1～5分</li><li>小田急江ノ島線「高座渋谷」駅 徒歩13～20分</li><li>相鉄いずみ野線「いずみ中央」駅バス13分 徒歩6～14分</li>
kanagawa,shonan,上和田,66000,,,,相鉄本線「大和」駅,16.0,25.0,大和市上和田2412,4-2号棟,鉄筋コンクリート造,4,N,405号室,3DK,53,5,62900,3100,2か月,"['近居割', '近居割WIDE']",随時,https://www.ur-net.go.jp/chintai/kanto/kanagawa/40_1240_room.html?JKSS=000402405,<li>相鉄本線「大和」駅バス15～20分 徒歩1～5分</li><li>小田急江ノ島線「高座渋谷」駅 徒歩13～20分</li><li>相鉄いずみ野線「いずみ中央」駅バス13分 徒歩6～14分</li>
kanagawa,shonan,上和田,66000,小田急江ノ島線「高座渋谷」駅,13.0,20.0,,,,大和市上和田2412,4-2号棟,鉄筋コンクリート造,4,N,405号室,3DK,53,5,62900,3100,2か月,"['近居割', '近居割WIDE']",随時,https://www.ur-net.go.jp/chintai/kanto/kanagawa/40_1240_room.html?JKSS=000402405,<li>相鉄本線「大和」駅バス15～20分 徒歩1～5分</li><li>小田急江ノ島線「高座渋谷」駅 徒歩13～20分</li><li>相鉄いずみ野線「いずみ中央」駅バス13分 徒歩6～14分</li>
kanagawa,shonan,上和田,66000,,,,相鉄いずみ野線「いずみ中央」駅,19.0,27.0,大和市上和田2412,4-2号棟,鉄筋コンクリート造,4,N,405号室,3DK,53,5,62900,3100,2か月,"['近居割', '近居割WIDE']",随時,https://www.ur-net.go.jp/chintai/kanto/kanagawa/40_1240_room.html?JKSS=000402405,<li>相鉄本線「大和」駅バス15～20分 徒歩1～5分</li><li>小田急江ノ島線「高座渋谷」駅 徒歩13～20分</li><li>相鉄いずみ野線「いずみ中央」駅バス13分 徒歩6～14分</li>
kanagawa,shonan,上和田,66000,,,,,,,大和市上和田2412,4-2号棟,鉄筋コンクリート造,4,N,405号室,3DK,53,5,62900,3100,2か月,"['近居割', '近居割WIDE']",随時,https://www.ur-net.go.jp/chintai/kanto/kanagawa/40_1240_room.html?JKSS=000402405,<li>相鉄本線「大和」駅バス15～20分 徒歩1～5分</li><li>小田急江ノ島線「高座渋谷」駅 徒歩13～20分</li><li>相鉄いずみ野線「いずみ中央」駅バス13分 徒歩6～14分</li>
kanagawa,sagamiono,えびな,95100,小田急小田原線「厚木」駅,4.0,7.0,,,,海老名市中新田2-7,6号棟,鉄筋コンクリート造、鉄骨鉄筋コンクリート造,8,N,802号室,3DK,65,8,89000,6100,2か月,['近居割'],随時,https://www.ur-net.go.jp/chintai/kanto/kanagawa/40_1900_room.html?JKSS=000060802,<li>小田急小田原線「厚木」駅 徒歩4～7分</li><li>小田急小田原線「海老名」駅 徒歩20～22分</li><li>小田急小田原線「本厚木」駅 徒歩25～27分</li>
kanagawa,sagamiono,えびな,95100,小田急小田原線「海老名」駅,20.0,22.0,,,,海老名市中新田2-7,6号棟,鉄筋コンクリート造、鉄骨鉄筋コンクリート造,8,N,802号室,3DK,65,8,89000,6100,2か月,['近居割'],随時,https://www.ur-net.go.jp/chintai/kanto/kanagawa/40_1900_room.html?JKSS=000060802,<li>小田急小田原線「厚木」駅 徒歩4～7分</li><li>小田急小田原線「海老名」駅 徒歩20～22分</li><li>小田急小田原線「本厚木」駅 徒歩25～27分</li>
kanagawa,sagamiono,えびな,95100,小田急小田原線「本厚木」駅,25.0,27.0,,,,海老名市中新田2-7,6号棟,鉄筋コンクリート造、鉄骨鉄筋コンクリート造,8,N,802号室,3DK,65,8,89000,6100,2か月,['近居割'],随時,https://www.ur-net.go.jp/chintai/kanto/kanagawa/40_1900_room.html?JKSS=000060802,<li>小田急小田原線「厚木」駅 徒歩4～7分</li><li>小田急小田原線「海老名」駅 徒歩20～22分</li><li>小田急小田原線「本厚木」駅 徒歩25～27分</li>
kanagawa,sagamiono,えびな,95100,,,,,,,海老名市中新田2-7,6号棟,鉄筋コンクリート造、鉄骨鉄筋コンクリート造,8,N,802号室,3DK,65,8,89000,6100,2か月,['近居割'],随時,https://www.ur-net.go.jp/chintai/kanto/kanagawa/40_1900_room.html?JKSS=000060802,<li>小田急小田原線「厚木」駅 徒歩4～7分</li><li>小田急小田原線「海老名」駅 徒歩20～22分</li><li>小田急小田原線「本厚木」駅 徒歩25～27分</li>
kanagawa,sagamiono,えびな,95100,小田急小田原線「厚木」駅,4.0,7.0,,,,海老名市中新田2-7,7号棟,鉄筋コンクリート造、鉄骨鉄筋コンクリート造,2,N,208号室,3DK,65,8,89000,6100,2か月,['近居割'],随時,https://www.ur-net.go.jp/chintai/kanto/kanagawa/40_1900_room.html?JKSS=000070208,<li>小田急小田原線「厚木」駅 徒歩4～7分</li><li>小田急小田原線「海老名」駅 徒歩20～22分</li><li>小田急小田原線「本厚木」駅 徒歩25～27分</li>
kanagawa,sagamiono,えびな,95100,小田急小田原線「海老名」駅,20.0,22.0,,,,海老名市中新田2-7,7号棟,鉄筋コンクリート造、鉄骨鉄筋コンクリート造,2,N,208号室,3DK,65,8,89000,6100,2か月,['近居割'],随時,https://www.ur-net.go.jp/chintai/kanto/kanagawa/40_1900_room.html?JKSS=000070208,<li>小田急小田原線「厚木」駅 徒歩4～7分</li><li>小田急小田原線「海老名」駅 徒歩20～22分</li><li>小田急小田原線「本厚木」駅 徒歩25～27分</li>
kanagawa,sagamiono,えびな,95100,小田急小田原線「本厚木」駅,25.0,27.0,,,,海老名市中新田2-7,7号棟,鉄筋コンクリート造、鉄骨鉄筋コンクリート造,2,N,208号室,3DK,65,8,89000,6100,2か月,['近居割'],随時,https://www.ur-net.go.jp/chintai/kanto/kanagawa/40_1900_room.html?JKSS=000070208,<li>小田急小田原線「厚木」駅 徒歩4～7分</li><li>小田急小田原線「海老名」駅 徒歩20～22分</li><li>小田急小田原線「本厚木」駅 徒歩25～27分</li>
kanagawa,sagamiono,えびな,95100,,,,,,,海老名市中新田2-7,7号棟,鉄筋コンクリート造、鉄骨鉄筋コンクリート造,2,N,208号室,3DK,65,8,89000,6100,2か月,['近居割'],随時,https://www.ur-net.go.jp/chintai/kanto/kanagawa/40_1900_room.html?JKSS=000070208,<li>小田急小田原線「厚木」駅 徒歩4～7分</li><li>小田急小田原線「海老名」駅 徒歩20～22分</li><li>小田急小田原線「本厚木」駅 徒歩25～27分</li>
kanagawa,sagamiono,えびな,96800,小田急小田原線「厚木」駅,4.0,7.0,,,,海老名市中新田2-7,7号棟,鉄筋コンクリート造、鉄骨鉄筋コンクリート造,8,N,806号室,2LDK,65,8,90700,6100,2か月,['近居割'],随時,https://www.ur-net.go.jp/chintai/kanto/kanagawa/40_1900_room.html?JKSS=000070806,<li>小田急小田原線「厚木」駅 徒歩4～7分</li><li>小田急小田原線「海老名」駅 徒歩20～22分</li><li>小田急小田原線「本厚木」駅 徒歩25～27分</li>
kanagawa,sagamiono,えびな,96800,小田急小田原線「海老名」駅,20.0,22.0,,,,海老名市中新田2-7,7号棟,鉄筋コンクリート造、鉄骨鉄筋コンクリート造,8,N,806号室,2LDK,65,8,90700,6100,2か月,['近居割'],随時,https://www.ur-net.go.jp/chintai/kanto/kanagawa/40_1900_room.html?JKSS=000070806,<li>小田急小田原線「厚木」駅 徒歩4～7分</li><li>小田急小田原線「海老名」駅 徒歩20～22分</li><li>小田急小田原線「本厚木」駅 徒歩25～27分</li>
kanagawa,sagamiono,えびな,96800,小田急小田原線「本厚木」駅,25.0,27.0,,,,海老名市中新田2-7,7号棟,鉄筋コンクリート造、鉄骨鉄筋コンクリート造,8,N,806号室,2LDK,65,8,90700,6100,2か月,['近居割'],随時,https://www.ur-net.go.jp/chintai/kanto/kanagawa/40_1900_room.html?JKSS=000070806,<li>小田急小田原線「厚木」駅 徒歩4～7分</li><li>小田急小田原線「海老名」駅 徒歩20～22分</li><li>小田急小田原線「本厚木」駅 徒歩25～27分</li>
kanagawa,sagamiono,えびな,96800,,,,,,,海老名市中新田2-7,7号棟,鉄筋コンクリート造、鉄骨鉄筋コンクリート造,8,N,806号室,2LDK,65,8,90700,6100,2か月,['近居割'],随時,https://www.ur-net.go.jp/chintai/kanto/kanagawa/40_1900_room.html?JKSS=000070806,<li>小田急小田原線「厚木」駅 徒歩4～7分</li><li>小田急小田原線「海老名」駅 徒歩20～22分</li><li>小田急小田原線「本厚木」駅 徒歩25～27分</li>
kanagawa,shonan,サンヴァリエ平塚,64600,,,,JR東海道本線「平塚」駅,21.0,23.0,平塚市高村203,19号棟,鉄筋コンクリート造、鉄骨鉄筋コンクリート造,3,N,303号室,2DK,50,8,61500,3100,2か月,['フリレ2か月'],随時,https://www.ur-net.go.jp/chintai/kanto/kanagawa/40_1780_room.html?JKSS=000190303,<li>JR東海道本線「平塚」駅バス20分 徒歩1～3分</li><li>小田急小田原線「伊勢原」駅バス33分 徒歩2～5分</li><li>JR東海道本線「大磯」駅 徒歩53～56分</li>
kanagawa,shonan,サンヴァリエ平塚,64600,,,,小田急小田原線「伊勢原」駅,35.0,38.0,平塚市高村203,19号棟,鉄筋コンクリート造、鉄骨鉄筋コンクリート造,3,N,303号室,2DK,50,8,61500,3100,2か月,['フリレ2か月'],随時,https://www.ur-net.go.jp/chintai/kanto/kanagawa/40_1780_room.html?JKSS=000190303,<li>JR東海道本線「平塚」駅バス20分 徒歩1～3分</li><li>小田急小田原線「伊勢原」駅バス33分 徒歩2～5分</li><li>JR東海道本線「大磯」駅 徒歩53～56分</li>
kanagawa,shonan,サンヴァリエ平塚,64600,JR東海道本線「大磯」駅,53.0,56.0,,,,平塚市高村203,19号棟,鉄筋コンクリート造、鉄骨鉄筋コンクリート造,3,N,303号室,2DK,50,8,61500,3100,2か月,['フリレ2か月'],随時,https://www.ur-net.go.jp/chintai/kanto/kanagawa/40_1780_room.html?JKSS=000190303,<li>JR東海道本線「平塚」駅バス20分 徒歩1～3分</li><li>小田急小田原線「伊勢原」駅バス33分 徒歩2～5分</li><li>JR東海道本線「大磯」駅 徒歩53～56分</li>
kanagawa,shonan,サンヴァリエ平塚,64600,,,,,,,平塚市高村203,19号棟,鉄筋コンクリート造、鉄骨鉄筋コンクリート造,3,N,303号室,2DK,50,8,61500,3100,2か月,['フリレ2か月'],随時,https://www.ur-net.go.jp/chintai/kanto/kanagawa/40_1780_room.html?JKSS=000190303,<li>JR東海道本線「平塚」駅バス20分 徒歩1～3分</li><li>小田急小田原線「伊勢原」駅バス33分 徒歩2～5分</li><li>JR東海道本線「大磯」駅 徒歩53～56分</li>
kanagawa,shonan,サンヴァリエ平塚,65100,,,,JR東海道本線「平塚」駅,21.0,23.0,平塚市高村203,16号棟,鉄筋コンクリート造、鉄骨鉄筋コンクリート造,8,N,808号室,2DK,50,8,62000,3100,2か月,['近居割WIDE'],随時,https://www.ur-net.go.jp/chintai/kanto/kanagawa/40_1780_room.html?JKSS=000160808,<li>JR東海道本線「平塚」駅バス20分 徒歩1～3分</li><li>小田急小田原線「伊勢原」駅バス33分 徒歩2～5分</li><li>JR東海道本線「大磯」駅 徒歩53～56分</li>
kanagawa,shonan,サンヴァリエ平塚,65100,,,,小田急小田原線「伊勢原」駅,35.0,38.0,平塚市高村203,16号棟,鉄筋コンクリート造、鉄骨鉄筋コンクリート造,8,N,808号室,2DK,50,8,62000,3100,2か月,['近居割WIDE'],随時,https://www.ur-net.go.jp/chintai/kanto/kanagawa/40_1780_room.html?JKSS=000160808,<li>JR東海道本線「平塚」駅バス20分 徒歩1～3分</li><li>小田急小田原線「伊勢原」駅バス33分 徒歩2～5分</li><li>JR東海道本線「大磯」駅 徒歩53～56分</li>
kanagawa,shonan,サンヴァリエ平塚,65100,JR東海道本線「大磯」駅,53.0,56.0,,,,平塚市高村203,16号棟,鉄筋コンクリート造、鉄骨鉄筋コンクリート造,8,N,808号室,2DK,50,8,62000,3100,2か月,['近居割WIDE'],随時,https://www.ur-net.go.jp/chintai/kanto/kanagawa/40_1780_room.html?JKSS=000160808,<li>JR東海道本線「平塚」駅バス20分 徒歩1～3分</li><li>小田急小田原線「伊勢原」駅バス33分 徒歩2～5分</li><li>JR東海道本線「大磯」駅 徒歩53～56分</li>
kanagawa,shonan,サンヴァリエ平塚,65100,,,,,,,平塚市高村203,16号棟,鉄筋コンクリート造、鉄骨鉄筋コンクリート造,8,N,808号室,2DK,50,8,62000,3100,2か月,['近居割WIDE'],随時,https://www.ur-net.go.jp/chintai/kanto/kanagawa/40_1780_room.html?JKSS=000160808,<li>JR東海道本線「平塚」駅バス20分 徒歩1～3分</li><li>小田急小田原線「伊勢原」駅バス33分 徒歩2～5分</li><li>JR東海道本線「大磯」駅 徒歩53～56分</li>
kanagawa,shonan,サンヴァリエ平塚,65100,,,,JR東海道本線「平塚」駅,21.0,23.0,平塚市高村203,17号棟,鉄筋コンクリート造、鉄骨鉄筋コンクリート造,5,N,506号室,2DK,50,8,62000,3100,2か月,['近居割WIDE'],随時,https://www.ur-net.go.jp/chintai/kanto/kanagawa/40_1780_room.html?JKSS=000170506,<li>JR東海道本線「平塚」駅バス20分 徒歩1～3分</li><li>小田急小田原線「伊勢原」駅バス33分 徒歩2～5分</li><li>JR東海道本線「大磯」駅 徒歩53～56分</li>
kanagawa,shonan,サンヴァリエ平塚,65100,,,,小田急小田原線「伊勢原」駅,35.0,38.0,平塚市高村203,17号棟,鉄筋コンクリート造、鉄骨鉄筋コンクリート造,5,N,506号室,2DK,50,8,62000,3100,2か月,['近居割WIDE'],随時,https://www.ur-net.go.jp/chintai/kanto/kanagawa/40_1780_room.html?JKSS=000170506,<li>JR東海道本線「平塚」駅バス20分 徒歩1～3分</li><li>小田急小田原線「伊勢原」駅バス33分 徒歩2～5分</li><li>JR東海道本線「大磯」駅 徒歩53～56分</li>
kanagawa,shonan,サンヴァリエ平塚,65100,JR東海道本線「大磯」駅,53.0,56.0,,,,平塚市高村203,17号棟,鉄筋コンクリート造、鉄骨鉄筋コンクリート造,5,N,506号室,2DK,50,8,62000,3100,2か月,['近居割WIDE'],随時,https://www.ur-net.go.jp/chintai/kanto/kanagawa/40_1780_room.html?JKSS=000170506,<li>JR東海道本線「平塚」駅バス20分 徒歩1～3分</li><li>小田急小田原線「伊勢原」駅バス33分 徒歩2～5分</li><li>JR東海道本線「大磯」駅 徒歩53～56分</li>
kanagawa,shonan,サンヴァリエ平塚,65100,,,,,,,平塚市高村203,17号棟,鉄筋コンクリート造、鉄骨鉄筋コンクリート造,5,N,506号室,2DK,50,8,62000,3100,2か月,['近居割WIDE'],随時,https://www.ur-net.go.jp/chintai/kanto/kanagawa/40_1780_room.html?JKSS=000170506,<li>JR東海道本線「平塚」駅バス20分 徒歩1～3分</li><li>小田急小田原線「伊勢原」駅バス33分 徒歩2～5分</li><li>JR東海道本線「大磯」駅 徒歩53～56分</li>
kanagawa,shonan,サンヴァリエ平塚,65100,,,,JR東海道本線「平塚」駅,21.0,23.0,平塚市高村203,18号棟,鉄筋コンクリート造、鉄骨鉄筋コンクリート造,5,N,503号室,2DK,50,8,62000,3100,2か月,['近居割WIDE'],随時,https://www.ur-net.go.jp/chintai/kanto/kanagawa/40_1780_room.html?JKSS=000180503,<li>JR東海道本線「平塚」駅バス20分 徒歩1～3分</li><li>小田急小田原線「伊勢原」駅バス33分 徒歩2～5分</li><li>JR東海道本線「大磯」駅 徒歩53～56分</li>
kanagawa,shonan,サンヴァリエ平塚,65100,,,,小田急小田原線「伊勢原」駅,35.0,38.0,平塚市高村203,18号棟,鉄筋コンクリート造、鉄骨鉄筋コンクリート造,5,N,503号室,2DK,50,8,62000,3100,2か月,['近居割WIDE'],随時,https://www.ur-net.go.jp/chintai/kanto/kanagawa/40_1780_room.html?JKSS=000180503,<li>JR東海道本線「平塚」駅バス20分 徒歩1～3分</li><li>小田急小田原線「伊勢原」駅バス33分 徒歩2～5分</li><li>JR東海道本線「大磯」駅 徒歩53～56分</li>
kanagawa,shonan,サンヴァリエ平塚,65100,JR東海道本線「大磯」駅,53.0,56.0,,,,平塚市高村203,18号棟,鉄筋コンクリート造、鉄骨鉄筋コンクリート造,5,N,503号室,2DK,50,8,62000,3100,2か月,['近居割WIDE'],随時,https://www.ur-net.go.jp/chintai/kanto/kanagawa/40_1780_room.html?JKSS=000180503,<li>JR東海道本線「平塚」駅バス20分 徒歩1～3分</li><li>小田急小田原線「伊勢原」駅バス33分 徒歩2～5分</li><li>JR東海道本線「大磯」駅 徒歩53～56分</li>
kanagawa,shonan,サンヴァリエ平塚,65100,,,,,,,平塚市高村203,18号棟,鉄筋コンクリート造、鉄骨鉄筋コンクリート造,5,N,503号室,2DK,50,8,62000,3100,2か月,['近居割WIDE'],随時,https://www.ur-net.go.jp/chintai/kanto/kanagawa/40_1780_room.html?JKSS=000180503,<li>JR東海道本線「平塚」駅バス20分 徒歩1～3分</li><li>小田急小田原線「伊勢原」駅バス33分 徒歩2～5分</li><li>JR東海道本線「大磯」駅 徒歩53～56分</li>
kanagawa,shonan,サンヴァリエ平塚,65100,,,,JR東海道本線「平塚」駅,21.0,23.0,平塚市高村203,18号棟,鉄筋コンクリート造、鉄骨鉄筋コンクリート造,5,N,505号室,2DK,50,8,62000,3100,2か月,['フリレ2か月'],随時,https://www.ur-net.go.jp/chintai/kanto/kanagawa/40_1780_room.html?JKSS=000180505,<li>JR東海道本線「平塚」駅バス20分 徒歩1～3分</li><li>小田急小田原線「伊勢原」駅バス33分 徒歩2～5分</li><li>JR東海道本線「大磯」駅 徒歩53～56分</li>
kanagawa,shonan,サンヴァリエ平塚,65100,,,,小田急小田原線「伊勢原」駅,35.0,38.0,平塚市高村203,18号棟,鉄筋コンクリート造、鉄骨鉄筋コンクリート造,5,N,505号室,2DK,50,8,62000,3100,2か月,['フリレ2か月'],随時,https://www.ur-net.go.jp/chintai/kanto/kanagawa/40_1780_room.html?JKSS=000180505,<li>JR東海道本線「平塚」駅バス20分 徒歩1～3分</li><li>小田急小田原線「伊勢原」駅バス33分 徒歩2～5分</li><li>JR東海道本線「大磯」駅 徒歩53～56分</li>
kanagawa,shonan,サンヴァリエ平塚,65100,JR東海道本線「大磯」駅,53.0,56.0,,,,平塚市高村203,18号棟,鉄筋コンクリート造、鉄骨鉄筋コンクリート造,5,N,505号室,2DK,50,8,62000,3100,2か月,['フリレ2か月'],随時,https://www.ur-net.go.jp/chintai/kanto/kanagawa/40_1780_room.html?JKSS=000180505,<li>JR東海道本線「平塚」駅バス20分 徒歩1～3分</li><li>小田急小田原線「伊勢原」駅バス33分 徒歩2～5分</li><li>JR東海道本線「大磯」駅 徒歩53～56分</li>
kanagawa,shonan,サンヴァリエ平塚,65100,,,,,,,平塚市高村203,18号棟,鉄筋コンクリート造、鉄骨鉄筋コンクリート造,5,N,505号室,2DK,50,8,62000,3100,2か月,['フリレ2か月'],随時,https://www.ur-net.go.jp/chintai/kanto/kanagawa/40_1780_room.html?JKSS=000180505,<li>JR東海道本線「平塚」駅バス20分 徒歩1～3分</li><li>小田急小田原線「伊勢原」駅バス33分 徒歩2～5分</li><li>JR東海道本線「大磯」駅 徒歩53～56分</li>
kanagawa,shonan,善行,61300,小田急江ノ島線「善行」駅,11.0,19.0,小田急江ノ島線「善行」駅,5.0,13.0,藤沢市善行団地1-1ほか,7-2号棟,鉄筋コンクリート造,3,N,305号室,3K,45,5,58000,3300,2か月,['URライト（4年定借）'],随時,https://www.ur-net.go.jp/chintai/kanto/kanagawa/40_1040_room.html?JKSS=000702305,<li>小田急江ノ島線「善行」駅 徒歩11～19分 又はバス4～8分 徒歩1～5分</li>
kanagawa,shonan,善行,61300,,,,,,,藤沢市善行団地1-1ほか,7-2号棟,鉄筋コンクリート造,3,N,305号室,3K,45,5,58000,3300,2か月,['URライト（4年定借）'],随時,https://www.ur-net.go.jp/chintai/kanto/kanagawa/40_1040_room.html?JKSS=000702305,<li>小田急江ノ島線「善行」駅 徒歩11～19分 又はバス4～8分 徒歩1～5分</li>
kanagawa,shonan,善行,61300,小田急江ノ島線「善行」駅,11.0,19.0,小田急江ノ島線「善行」駅,5.0,13.0,藤沢市善行団地1-1ほか,7-7号棟,鉄筋コンクリート造,2,N,208号室,3K,45,5,58000,3300,2か月,['URライト（4年定借）'],随時,https://www.ur-net.go.jp/chintai/kanto/kanagawa/40_1040_room.html?JKSS=000707208,<li>小田急江ノ島線「善行」駅 徒歩11～19分 又はバス4～8分 徒歩1～5分</li>
kanagawa,shonan,善行,61300,,,,,,,藤沢市善行団地1-1ほか,7-7号棟,鉄筋コンクリート造,2,N,208号室,3K,45,5,58000,3300,2か月,['URライト（4年定借）'],随時,https://www.ur-net.go.jp/chintai/kanto/kanagawa/40_1040_room.html?JKSS=000707208,<li>小田急江ノ島線「善行」駅 徒歩11～19分 又はバス4～8分 徒歩1～5分</li>
kanagawa,shonan,善行,62400,小田急江ノ島線「善行」駅,11.0,19.0,小田急江ノ島線「善行」駅,5.0,13.0,藤沢市善行団地1-1ほか,5-5号棟,鉄筋コンクリート造,5,N,505号室,3K,48,5,59100,3300,2か月,"['URライト（4年定借）', 'フリレ2か月']",随時,https://www.ur-net.go.jp/chintai/kanto/kanagawa/40_1040_room.html?JKSS=000505505,<li>小田急江ノ島線「善行」駅 徒歩11～19分 又はバス4～8分 徒歩1～5分</li>
kanagawa,shonan,善行,62400,,,,,,,藤沢市善行団地1-1ほか,5-5号棟,鉄筋コンクリート造,5,N,505号室,3K,48,5,59100,3300,2か月,"['URライト（4年定借）', 'フリレ2か月']",随時,https://www.ur-net.go.jp/chintai/kanto/kanagawa/40_1040_room.html?JKSS=000505505,<li>小田急江ノ島線「善行」駅 徒歩11～19分 又はバス4～8分 徒歩1～5分</li>
kanagawa,shonan,善行,64900,小田急江ノ島線「善行」駅,11.0,19.0,小田急江ノ島線「善行」駅,5.0,13.0,藤沢市善行団地1-1ほか,5-6号棟,鉄筋コンクリート造,3,N,304号室,3K,48,5,61600,3300,2か月,['URライト（4年定借）'],随時,https://www.ur-net.go.jp/chintai/kanto/kanagawa/40_1040_room.html?JKSS=000506304,<li>小田急江ノ島線「善行」駅 徒歩11～19分 又はバス4～8分 徒歩1～5分</li>
kanagawa,shonan,善行,64900,,,,,,,藤沢市善行団地1-1ほか,5-6号棟,鉄筋コンクリート造,3,N,304号室,3K,48,5,61600,3300,2か月,['URライト（4年定借）'],随時,https://www.ur-net.go.jp/chintai/kanto/kanagawa/40_1040_room.html?JKSS=000506304,<li>小田急江ノ島線「善行」駅 徒歩11～19分 又はバス4～8分 徒歩1～5分</li>
kanagawa,shonan,善行,64900,小田急江ノ島線「善行」駅,11.0,19.0,小田急江ノ島線「善行」駅,5.0,13.0,藤沢市善行団地1-1ほか,5-7号棟,鉄筋コンクリート造,4,N,406号室,2DK,48,5,61600,3300,2か月,['URライト（4年定借）'],随時,https://www.ur-net.go.jp/chintai/kanto/kanagawa/40_1040_room.html?JKSS=000507406,<li>小田急江ノ島線「善行」駅 徒歩11～19分 又はバス4～8分 徒歩1～5分</li>
kanagawa,shonan,善行,64900,,,,,,,藤沢市善行団地1-1ほか,5-7号棟,鉄筋コンクリート造,4,N,406号室,2DK,48,5,61600,3300,2か月,['URライト（4年定借）'],随時,https://www.ur-net.go.jp/chintai/kanto/kanagawa/40_1040_room.html?JKSS=000507406,<li>小田急江ノ島線「善行」駅 徒歩11～19分 又はバス4～8分 徒歩1～5分</li>
kanagawa,shonan,コンフォール茅ヶ崎浜見平,112400,,,,JR東海道本線「茅ケ崎」駅,16.0,18.0,茅ヶ崎市浜見平13番ほか,14-3号棟,鉄筋コンクリート造,2,N,213号室,1LDK,57,8,107500,4900,2か月,"['近居割', '近居割WIDE']",随時,https://www.ur-net.go.jp/chintai/kanto/kanagawa/40_4240_room.html?JKSS=014030213,<li>JR東海道本線「茅ケ崎」駅バス14分 徒歩2～4分</li>
kanagawa,shonan,コンフォール茅ヶ崎浜見平,112400,,,,,,,茅ヶ崎市浜見平13番ほか,14-3号棟,鉄筋コンクリート造,2,N,213号室,1LDK,57,8,107500,4900,2か月,"['近居割', '近居割WIDE']",随時,https://www.ur-net.go.jp/chintai/kanto/kanagawa/40_4240_room.html?JKSS=014030213,<li>JR東海道本線「茅ケ崎」駅バス14分 徒歩2～4分</li>
kanagawa,shonan,浜見平,116100,,,,JR東海道本線「茅ケ崎」駅,15.0,15.0,茅ヶ崎市浜見平6-2ほか,6-2号棟,鉄筋コンクリート造,2,N,202号室,3LDK,70,5,112200,3900,2か月,"['近居割', '近居割WIDE']",随時,https://www.ur-net.go.jp/chintai/kanto/kanagawa/40_0971_room.html?JKSS=006020202,<li>JR東海道本線「茅ケ崎」駅バス13分 徒歩2分</li>
kanagawa,shonan,浜見平,116100,,,,,,,茅ヶ崎市浜見平6-2ほか,6-2号棟,鉄筋コンクリート造,2,N,202号室,3LDK,70,5,112200,3900,2か月,"['近居割', '近居割WIDE']",随時,https://www.ur-net.go.jp/chintai/kanto/kanagawa/40_0971_room.html?JKSS=006020202,<li>JR東海道本線「茅ケ崎」駅バス13分 徒歩2分</li>
kanagawa,shonan,浜見平,119500,,,,JR東海道本線「茅ケ崎」駅,15.0,15.0,茅ヶ崎市浜見平6-2ほか,6-2号棟,鉄筋コンクリート造,5,N,506号室,3LDK,70,5,115600,3900,2か月,"['近居割', '近居割WIDE']",随時,https://www.ur-net.go.jp/chintai/kanto/kanagawa/40_0971_room.html?JKSS=006020506,<li>JR東海道本線「茅ケ崎」駅バス13分 徒歩2分</li>
kanagawa,shonan,浜見平,119500,,,,,,,茅ヶ崎市浜見平6-2ほか,6-2号棟,鉄筋コンクリート造,5,N,506号室,3LDK,70,5,115600,3900,2か月,"['近居割', '近居割WIDE']",随時,https://www.ur-net.go.jp/chintai/kanto/kanagawa/40_0971_room.html?JKSS=006020506,<li>JR東海道本線「茅ケ崎」駅バス13分 徒歩2分</li>
kanagawa,shonan,浜見平,123300,,,,JR東海道本線「茅ケ崎」駅,15.0,15.0,茅ヶ崎市浜見平6-2ほか,6-3号棟,鉄筋コンクリート造,4,N,406号室,3LDK,70,5,119400,3900,2か月,['フリレ１か月'],随時,https://www.ur-net.go.jp/chintai/kanto/kanagawa/40_0971_room.html?JKSS=006030406,<li>JR東海道本線「茅ケ崎」駅バス13分 徒歩2分</li>
kanagawa,shonan,浜見平,123300,,,,,,,茅ヶ崎市浜見平6-2ほか,6-3号棟,鉄筋コンクリート造,4,N,406号室,3LDK,70,5,119400,3900,2か月,['フリレ１か月'],随時,https://www.ur-net.go.jp/chintai/kanto/kanagawa/40_0971_room.html?JKSS=006030406,<li>JR東海道本線「茅ケ崎」駅バス13分 徒歩2分</li>
chiba,inageekimae,さつきが丘,50900,,,,JR総武線「新検見川」駅,12.0,19.0,千葉市花見川区さつきが丘1ほか,2-10-1号棟,鉄筋コンクリート造,3,N,302号室,3K,47,5,48800,2100,2か月,"['近居割', '近居割WIDE']",随時,https://www.ur-net.go.jp/chintai/kanto/chiba/30_2300_room.html?JKSS=210010302,<li>JR総武線「新検見川」駅バス11分 徒歩1～8分</li><li>JR総武線「稲毛」駅バス20分 徒歩2～8分</li><li>京成千葉線「検見川」駅 徒歩41～52分</li>
chiba,inageekimae,さつきが丘,50900,,,,JR総武線「稲毛」駅,22.0,28.0,千葉市花見川区さつきが丘1ほか,2-10-1号棟,鉄筋コンクリート造,3,N,302号室,3K,47,5,48800,2100,2か月,"['近居割', '近居割WIDE']",随時,https://www.ur-net.go.jp/chintai/kanto/chiba/30_2300_room.html?JKSS=210010302,<li>JR総武線「新検見川」駅バス11分 徒歩1～8分</li><li>JR総武線「稲毛」駅バス20分 徒歩2～8分</li><li>京成千葉線「検見川」駅 徒歩41～52分</li>
chiba,inageekimae,さつきが丘,50900,京成千葉線「検見川」駅,41.0,52.0,,,,千葉市花見川区さつきが丘1ほか,2-10-1号棟,鉄筋コンクリート造,3,N,302号室,3K,47,5,48800,2100,2か月,"['近居割', '近居割WIDE']",随時,https://www.ur-net.go.jp/chintai/kanto/chiba/30_2300_room.html?JKSS=210010302,<li>JR総武線「新検見川」駅バス11分 徒歩1～8分</li><li>JR総武線「稲毛」駅バス20分 徒歩2～8分</li><li>京成千葉線「検見川」駅 徒歩41～52分</li>
chiba,inageekimae,さつきが丘,50900,,,,,,,千葉市花見川区さつきが丘1ほか,2-10-1号棟,鉄筋コンクリート造,3,N,302号室,3K,47,5,48800,2100,2か月,"['近居割', '近居割WIDE']",随時,https://www.ur-net.go.jp/chintai/kanto/chiba/30_2300_room.html?JKSS=210010302,<li>JR総武線「新検見川」駅バス11分 徒歩1～8分</li><li>JR総武線「稲毛」駅バス20分 徒歩2～8分</li><li>京成千葉線「検見川」駅 徒歩41～52分</li>
chiba,inageekimae,さつきが丘,50900,,,,JR総武線「新検見川」駅,12.0,19.0,千葉市花見川区さつきが丘1ほか,2-10-23号棟,鉄筋コンクリート造,3,N,304号室,3K,47,5,48800,2100,2か月,"['近居割', '近居割WIDE']",随時,https://www.ur-net.go.jp/chintai/kanto/chiba/30_2300_room.html?JKSS=210230304,<li>JR総武線「新検見川」駅バス11分 徒歩1～8分</li><li>JR総武線「稲毛」駅バス20分 徒歩2～8分</li><li>京成千葉線「検見川」駅 徒歩41～52分</li>
chiba,inageekimae,さつきが丘,50900,,,,JR総武線「稲毛」駅,22.0,28.0,千葉市花見川区さつきが丘1ほか,2-10-23号棟,鉄筋コンクリート造,3,N,304号室,3K,47,5,48800,2100,2か月,"['近居割', '近居割WIDE']",随時,https://www.ur-net.go.jp/chintai/kanto/chiba/30_2300_room.html?JKSS=210230304,<li>JR総武線「新検見川」駅バス11分 徒歩1～8分</li><li>JR総武線「稲毛」駅バス20分 徒歩2～8分</li><li>京成千葉線「検見川」駅 徒歩41～52分</li>
chiba,inageekimae,さつきが丘,50900,京成千葉線「検見川」駅,41.0,52.0,,,,千葉市花見川区さつきが丘1ほか,2-10-23号棟,鉄筋コンクリート造,3,N,304号室,3K,47,5,48800,2100,2か月,"['近居割', '近居割WIDE']",随時,https://www.ur-net.go.jp/chintai/kanto/chiba/30_2300_room.html?JKSS=210230304,<li>JR総武線「新検見川」駅バス11分 徒歩1～8分</li><li>JR総武線「稲毛」駅バス20分 徒歩2～8分</li><li>京成千葉線「検見川」駅 徒歩41～52分</li>
chiba,inageekimae,さつきが丘,50900,,,,,,,千葉市花見川区さつきが丘1ほか,2-10-23号棟,鉄筋コンクリート造,3,N,304号室,3K,47,5,48800,2100,2か月,"['近居割', '近居割WIDE']",随時,https://www.ur-net.go.jp/chintai/kanto/chiba/30_2300_room.html?JKSS=210230304,<li>JR総武線「新検見川」駅バス11分 徒歩1～8分</li><li>JR総武線「稲毛」駅バス20分 徒歩2～8分</li><li>京成千葉線「検見川」駅 徒歩41～52分</li>
chiba,hanamigawa,花見川（第１次～第４次）,56250,,,,京成本線「八千代台」駅,4.0,18.0,千葉市花見川区花見川1ほか,3-10号棟,鉄筋コンクリート造,1,N,101号室,3DK,56,5,53500,2750,2か月,"['近居割', '近居割WIDE']",随時,https://www.ur-net.go.jp/chintai/kanto/chiba/30_1681_room.html?JKSS=000310101,<li>京成本線「八千代台」駅バス3～10分 徒歩1～8分</li><li>京成本線「実籾」駅 徒歩30～45分</li><li>京成本線「京成大和田」駅 徒歩31～49分</li>
chiba,hanamigawa,花見川（第１次～第４次）,56250,京成本線「実籾」駅,30.0,45.0,,,,千葉市花見川区花見川1ほか,3-10号棟,鉄筋コンクリート造,1,N,101号室,3DK,56,5,53500,2750,2か月,"['近居割', '近居割WIDE']",随時,https://www.ur-net.go.jp/chintai/kanto/chiba/30_1681_room.html?JKSS=000310101,<li>京成本線「八千代台」駅バス3～10分 徒歩1～8分</li><li>京成本線「実籾」駅 徒歩30～45分</li><li>京成本線「京成大和田」駅 徒歩31～49分</li>
chiba,hanamigawa,花見川（第１次～第４次）,56250,京成本線「京成大和田」駅,31.0,49.0,,,,千葉市花見川区花見川1ほか,3-10号棟,鉄筋コンクリート造,1,N,101号室,3DK,56,5,53500,2750,2か月,"['近居割', '近居割WIDE']",随時,https://www.ur-net.go.jp/chintai/kanto/chiba/30_1681_room.html?JKSS=000310101,<li>京成本線「八千代台」駅バス3～10分 徒歩1～8分</li><li>京成本線「実籾」駅 徒歩30～45分</li><li>京成本線「京成大和田」駅 徒歩31～49分</li>
chiba,hanamigawa,花見川（第１次～第４次）,56250,,,,,,,千葉市花見川区花見川1ほか,3-10号棟,鉄筋コンクリート造,1,N,101号室,3DK,56,5,53500,2750,2か月,"['近居割', '近居割WIDE']",随時,https://www.ur-net.go.jp/chintai/kanto/chiba/30_1681_room.html?JKSS=000310101,<li>京成本線「八千代台」駅バス3～10分 徒歩1～8分</li><li>京成本線「実籾」駅 徒歩30～45分</li><li>京成本線「京成大和田」駅 徒歩31～49分</li>
chiba,makuhari,幕張四丁目,111080,JR総武線「幕張」駅,14.0,16.0,,,,千葉市花見川区幕張町4-544-14,6号棟,鉄筋コンクリート造,1,N,105号室,2LDK,67,5,108500,2580,2か月,"['近居割', '近居割WIDE']",随時,https://www.ur-net.go.jp/chintai/kanto/chiba/30_3740_room.html?JKSS=000060105,<li>JR総武線「幕張」駅 徒歩14～16分</li><li>JR京葉線「海浜幕張」駅 徒歩16～19分</li><li>京成千葉線「京成幕張」駅 徒歩11～13分</li>
chiba,makuhari,幕張四丁目,111080,JR京葉線「海浜幕張」駅,16.0,19.0,,,,千葉市花見川区幕張町4-544-14,6号棟,鉄筋コンクリート造,1,N,105号室,2LDK,67,5,108500,2580,2か月,"['近居割', '近居割WIDE']",随時,https://www.ur-net.go.jp/chintai/kanto/chiba/30_3740_room.html?JKSS=000060105,<li>JR総武線「幕張」駅 徒歩14～16分</li><li>JR京葉線「海浜幕張」駅 徒歩16～19分</li><li>京成千葉線「京成幕張」駅 徒歩11～13分</li>
chiba,makuhari,幕張四丁目,111080,京成千葉線「京成幕張」駅,11.0,13.0,,,,千葉市花見川区幕張町4-544-14,6号棟,鉄筋コンクリート造,1,N,105号室,2LDK,67,5,108500,2580,2か月,"['近居割', '近居割WIDE']",随時,https://www.ur-net.go.jp/chintai/kanto/chiba/30_3740_room.html?JKSS=000060105,<li>JR総武線「幕張」駅 徒歩14～16分</li><li>JR京葉線「海浜幕張」駅 徒歩16～19分</li><li>京成千葉線「京成幕張」駅 徒歩11～13分</li>
chiba,makuhari,幕張四丁目,111080,,,,,,,千葉市花見川区幕張町4-544-14,6号棟,鉄筋コンクリート造,1,N,105号室,2LDK,67,5,108500,2580,2か月,"['近居割', '近居割WIDE']",随時,https://www.ur-net.go.jp/chintai/kanto/chiba/30_3740_room.html?JKSS=000060105,<li>JR総武線「幕張」駅 徒歩14～16分</li><li>JR京葉線「海浜幕張」駅 徒歩16～19分</li><li>京成千葉線「京成幕張」駅 徒歩11～13分</li>
chiba,makuhari,幕張四丁目,117580,JR総武線「幕張」駅,14.0,16.0,,,,千葉市花見川区幕張町4-544-14,4号棟,鉄筋コンクリート造,5,N,506号室,3LDK,74,5,115000,2580,2か月,"['近居割', '近居割WIDE']",随時,https://www.ur-net.go.jp/chintai/kanto/chiba/30_3740_room.html?JKSS=000040506,<li>JR総武線「幕張」駅 徒歩14～16分</li><li>JR京葉線「海浜幕張」駅 徒歩16～19分</li><li>京成千葉線「京成幕張」駅 徒歩11～13分</li>
chiba,makuhari,幕張四丁目,117580,JR京葉線「海浜幕張」駅,16.0,19.0,,,,千葉市花見川区幕張町4-544-14,4号棟,鉄筋コンクリート造,5,N,506号室,3LDK,74,5,115000,2580,2か月,"['近居割', '近居割WIDE']",随時,https://www.ur-net.go.jp/chintai/kanto/chiba/30_3740_room.html?JKSS=000040506,<li>JR総武線「幕張」駅 徒歩14～16分</li><li>JR京葉線「海浜幕張」駅 徒歩16～19分</li><li>京成千葉線「京成幕張」駅 徒歩11～13分</li>
chiba,makuhari,幕張四丁目,117580,京成千葉線「京成幕張」駅,11.0,13.0,,,,千葉市花見川区幕張町4-544-14,4号棟,鉄筋コンクリート造,5,N,506号室,3LDK,74,5,115000,2580,2か月,"['近居割', '近居割WIDE']",随時,https://www.ur-net.go.jp/chintai/kanto/chiba/30_3740_room.html?JKSS=000040506,<li>JR総武線「幕張」駅 徒歩14～16分</li><li>JR京葉線「海浜幕張」駅 徒歩16～19分</li><li>京成千葉線「京成幕張」駅 徒歩11～13分</li>
chiba,makuhari,幕張四丁目,117580,,,,,,,千葉市花見川区幕張町4-544-14,4号棟,鉄筋コンクリート造,5,N,506号室,3LDK,74,5,115000,2580,2か月,"['近居割', '近居割WIDE']",随時,https://www.ur-net.go.jp/chintai/kanto/chiba/30_3740_room.html?JKSS=000040506,<li>JR総武線「幕張」駅 徒歩14～16分</li><li>JR京葉線「海浜幕張」駅 徒歩16～19分</li><li>京成千葉線「京成幕張」駅 徒歩11～13分</li>
chiba,inageekimae,みつわ台,53400,千葉都市モノレール「みつわ台」駅,6.0,10.0,,,,千葉市若葉区みつわ台3-4,3-4-4号棟,鉄筋コンクリート造,3,N,303号室,2DK,43,5,49100,4300,2か月,"['近居割', '近居割WIDE']",随時,https://www.ur-net.go.jp/chintai/kanto/chiba/30_2900_room.html?JKSS=304040303,<li>千葉都市モノレール「みつわ台」駅 徒歩6～10分</li><li>JR総武線「千葉」駅バス17分 徒歩2～7分</li><li>JR総武本線「都賀」駅 徒歩22～25分</li>
chiba,inageekimae,みつわ台,53400,,,,JR総武線「千葉」駅,19.0,24.0,千葉市若葉区みつわ台3-4,3-4-4号棟,鉄筋コンクリート造,3,N,303号室,2DK,43,5,49100,4300,2か月,"['近居割', '近居割WIDE']",随時,https://www.ur-net.go.jp/chintai/kanto/chiba/30_2900_room.html?JKSS=304040303,<li>千葉都市モノレール「みつわ台」駅 徒歩6～10分</li><li>JR総武線「千葉」駅バス17分 徒歩2～7分</li><li>JR総武本線「都賀」駅 徒歩22～25分</li>
chiba,inageekimae,みつわ台,53400,JR総武本線「都賀」駅,22.0,25.0,,,,千葉市若葉区みつわ台3-4,3-4-4号棟,鉄筋コンクリート造,3,N,303号室,2DK,43,5,49100,4300,2か月,"['近居割', '近居割WIDE']",随時,https://www.ur-net.go.jp/chintai/kanto/chiba/30_2900_room.html?JKSS=304040303,<li>千葉都市モノレール「みつわ台」駅 徒歩6～10分</li><li>JR総武線「千葉」駅バス17分 徒歩2～7分</li><li>JR総武本線「都賀」駅 徒歩22～25分</li>
chiba,inageekimae,みつわ台,53400,,,,,,,千葉市若葉区みつわ台3-4,3-4-4号棟,鉄筋コンクリート造,3,N,303号室,2DK,43,5,49100,4300,2か月,"['近居割', '近居割WIDE']",随時,https://www.ur-net.go.jp/chintai/kanto/chiba/30_2900_room.html?JKSS=304040303,<li>千葉都市モノレール「みつわ台」駅 徒歩6～10分</li><li>JR総武線「千葉」駅バス17分 徒歩2～7分</li><li>JR総武本線「都賀」駅 徒歩22～25分</li>
chiba,inageekimae,千葉幸町,49700,京成千葉線「みどり台」駅,11.0,20.0,,,,千葉市美浜区幸町2,11-19号棟,鉄筋コンクリート造,4,N,403号室,2DK,40,5,46600,3100,2か月,['近居割WIDE'],随時,https://www.ur-net.go.jp/chintai/kanto/chiba/30_1810_room.html?JKSS=011019403,<li>京成千葉線「みどり台」駅 徒歩11～20分</li><li>JR京葉線「稲毛海岸」駅 徒歩19～23分</li><li>JR総武線「稲毛」駅 徒歩22～26分</li><li>京成千葉線「京成稲毛」駅 徒歩21～28分</li><li>JR総武線「西千葉」駅 徒歩14～26分</li><li>京成千葉線「西登戸」駅 徒歩10～24分</li>
chiba,inageekimae,千葉幸町,49700,JR京葉線「稲毛海岸」駅,19.0,23.0,,,,千葉市美浜区幸町2,11-19号棟,鉄筋コンクリート造,4,N,403号室,2DK,40,5,46600,3100,2か月,['近居割WIDE'],随時,https://www.ur-net.go.jp/chintai/kanto/chiba/30_1810_room.html?JKSS=011019403,<li>京成千葉線「みどり台」駅 徒歩11～20分</li><li>JR京葉線「稲毛海岸」駅 徒歩19～23分</li><li>JR総武線「稲毛」駅 徒歩22～26分</li><li>京成千葉線「京成稲毛」駅 徒歩21～28分</li><li>JR総武線「西千葉」駅 徒歩14～26分</li><li>京成千葉線「西登戸」駅 徒歩10～24分</li>
chiba,inageekimae,千葉幸町,49700,JR総武線「稲毛」駅,22.0,26.0,,,,千葉市美浜区幸町2,11-19号棟,鉄筋コンクリート造,4,N,403号室,2DK,40,5,46600,3100,2か月,['近居割WIDE'],随時,https://www.ur-net.go.jp/chintai/kanto/chiba/30_1810_room.html?JKSS=011019403,<li>京成千葉線「みどり台」駅 徒歩11～20分</li><li>JR京葉線「稲毛海岸」駅 徒歩19～23分</li><li>JR総武線「稲毛」駅 徒歩22～26分</li><li>京成千葉線「京成稲毛」駅 徒歩21～28分</li><li>JR総武線「西千葉」駅 徒歩14～26分</li><li>京成千葉線「西登戸」駅 徒歩10～24分</li>
chiba,inageekimae,千葉幸町,49700,京成千葉線「京成稲毛」駅,21.0,28.0,,,,千葉市美浜区幸町2,11-19号棟,鉄筋コンクリート造,4,N,403号室,2DK,40,5,46600,3100,2か月,['近居割WIDE'],随時,https://www.ur-net.go.jp/chintai/kanto/chiba/30_1810_room.html?JKSS=011019403,<li>京成千葉線「みどり台」駅 徒歩11～20分</li><li>JR京葉線「稲毛海岸」駅 徒歩19～23分</li><li>JR総武線「稲毛」駅 徒歩22～26分</li><li>京成千葉線「京成稲毛」駅 徒歩21～28分</li><li>JR総武線「西千葉」駅 徒歩14～26分</li><li>京成千葉線「西登戸」駅 徒歩10～24分</li>
chiba,inageekimae,千葉幸町,49700,JR総武線「西千葉」駅,14.0,26.0,,,,千葉市美浜区幸町2,11-19号棟,鉄筋コンクリート造,4,N,403号室,2DK,40,5,46600,3100,2か月,['近居割WIDE'],随時,https://www.ur-net.go.jp/chintai/kanto/chiba/30_1810_room.html?JKSS=011019403,<li>京成千葉線「みどり台」駅 徒歩11～20分</li><li>JR京葉線「稲毛海岸」駅 徒歩19～23分</li><li>JR総武線「稲毛」駅 徒歩22～26分</li><li>京成千葉線「京成稲毛」駅 徒歩21～28分</li><li>JR総武線「西千葉」駅 徒歩14～26分</li><li>京成千葉線「西登戸」駅 徒歩10～24分</li>
chiba,inageekimae,千葉幸町,49700,京成千葉線「西登戸」駅,10.0,24.0,,,,千葉市美浜区幸町2,11-19号棟,鉄筋コンクリート造,4,N,403号室,2DK,40,5,46600,3100,2か月,['近居割WIDE'],随時,https://www.ur-net.go.jp/chintai/kanto/chiba/30_1810_room.html?JKSS=011019403,<li>京成千葉線「みどり台」駅 徒歩11～20分</li><li>JR京葉線「稲毛海岸」駅 徒歩19～23分</li><li>JR総武線「稲毛」駅 徒歩22～26分</li><li>京成千葉線「京成稲毛」駅 徒歩21～28分</li><li>JR総武線「西千葉」駅 徒歩14～26分</li><li>京成千葉線「西登戸」駅 徒歩10～24分</li>
chiba,inageekimae,千葉幸町,49700,,,,,,,千葉市美浜区幸町2,11-19号棟,鉄筋コンクリート造,4,N,403号室,2DK,40,5,46600,3100,2か月,['近居割WIDE'],随時,https://www.ur-net.go.jp/chintai/kanto/chiba/30_1810_room.html?JKSS=011019403,<li>京成千葉線「みどり台」駅 徒歩11～20分</li><li>JR京葉線「稲毛海岸」駅 徒歩19～23分</li><li>JR総武線「稲毛」駅 徒歩22～26分</li><li>京成千葉線「京成稲毛」駅 徒歩21～28分</li><li>JR総武線「西千葉」駅 徒歩14～26分</li><li>京成千葉線「西登戸」駅 徒歩10～24分</li>
chiba,inageekimae,千葉幸町,54300,京成千葉線「みどり台」駅,11.0,20.0,,,,千葉市美浜区幸町2,11-14号棟,鉄筋コンクリート造,4,N,406号室,3K,45,5,51200,3100,2か月,['近居割WIDE'],随時,https://www.ur-net.go.jp/chintai/kanto/chiba/30_1810_room.html?JKSS=011014406,<li>京成千葉線「みどり台」駅 徒歩11～20分</li><li>JR京葉線「稲毛海岸」駅 徒歩19～23分</li><li>JR総武線「稲毛」駅 徒歩22～26分</li><li>京成千葉線「京成稲毛」駅 徒歩21～28分</li><li>JR総武線「西千葉」駅 徒歩14～26分</li><li>京成千葉線「西登戸」駅 徒歩10～24分</li>
chiba,inageekimae,千葉幸町,54300,JR京葉線「稲毛海岸」駅,19.0,23.0,,,,千葉市美浜区幸町2,11-14号棟,鉄筋コンクリート造,4,N,406号室,3K,45,5,51200,3100,2か月,['近居割WIDE'],随時,https://www.ur-net.go.jp/chintai/kanto/chiba/30_1810_room.html?JKSS=011014406,<li>京成千葉線「みどり台」駅 徒歩11～20分</li><li>JR京葉線「稲毛海岸」駅 徒歩19～23分</li><li>JR総武線「稲毛」駅 徒歩22～26分</li><li>京成千葉線「京成稲毛」駅 徒歩21～28分</li><li>JR総武線「西千葉」駅 徒歩14～26分</li><li>京成千葉線「西登戸」駅 徒歩10～24分</li>
chiba,inageekimae,千葉幸町,54300,JR総武線「稲毛」駅,22.0,26.0,,,,千葉市美浜区幸町2,11-14号棟,鉄筋コンクリート造,4,N,406号室,3K,45,5,51200,3100,2か月,['近居割WIDE'],随時,https://www.ur-net.go.jp/chintai/kanto/chiba/30_1810_room.html?JKSS=011014406,<li>京成千葉線「みどり台」駅 徒歩11～20分</li><li>JR京葉線「稲毛海岸」駅 徒歩19～23分</li><li>JR総武線「稲毛」駅 徒歩22～26分</li><li>京成千葉線「京成稲毛」駅 徒歩21～28分</li><li>JR総武線「西千葉」駅 徒歩14～26分</li><li>京成千葉線「西登戸」駅 徒歩10～24分</li>
chiba,inageekimae,千葉幸町,54300,京成千葉線「京成稲毛」駅,21.0,28.0,,,,千葉市美浜区幸町2,11-14号棟,鉄筋コンクリート造,4,N,406号室,3K,45,5,51200,3100,2か月,['近居割WIDE'],随時,https://www.ur-net.go.jp/chintai/kanto/chiba/30_1810_room.html?JKSS=011014406,<li>京成千葉線「みどり台」駅 徒歩11～20分</li><li>JR京葉線「稲毛海岸」駅 徒歩19～23分</li><li>JR総武線「稲毛」駅 徒歩22～26分</li><li>京成千葉線「京成稲毛」駅 徒歩21～28分</li><li>JR総武線「西千葉」駅 徒歩14～26分</li><li>京成千葉線「西登戸」駅 徒歩10～24分</li>
chiba,inageekimae,千葉幸町,54300,JR総武線「西千葉」駅,14.0,26.0,,,,千葉市美浜区幸町2,11-14号棟,鉄筋コンクリート造,4,N,406号室,3K,45,5,51200,3100,2か月,['近居割WIDE'],随時,https://www.ur-net.go.jp/chintai/kanto/chiba/30_1810_room.html?JKSS=011014406,<li>京成千葉線「みどり台」駅 徒歩11～20分</li><li>JR京葉線「稲毛海岸」駅 徒歩19～23分</li><li>JR総武線「稲毛」駅 徒歩22～26分</li><li>京成千葉線「京成稲毛」駅 徒歩21～28分</li><li>JR総武線「西千葉」駅 徒歩14～26分</li><li>京成千葉線「西登戸」駅 徒歩10～24分</li>
chiba,inageekimae,千葉幸町,54300,京成千葉線「西登戸」駅,10.0,24.0,,,,千葉市美浜区幸町2,11-14号棟,鉄筋コンクリート造,4,N,406号室,3K,45,5,51200,3100,2か月,['近居割WIDE'],随時,https://www.ur-net.go.jp/chintai/kanto/chiba/30_1810_room.html?JKSS=011014406,<li>京成千葉線「みどり台」駅 徒歩11～20分</li><li>JR京葉線「稲毛海岸」駅 徒歩19～23分</li><li>JR総武線「稲毛」駅 徒歩22～26分</li><li>京成千葉線「京成稲毛」駅 徒歩21～28分</li><li>JR総武線「西千葉」駅 徒歩14～26分</li><li>京成千葉線「西登戸」駅 徒歩10～24分</li>
chiba,inageekimae,千葉幸町,54300,,,,,,,千葉市美浜区幸町2,11-14号棟,鉄筋コンクリート造,4,N,406号室,3K,45,5,51200,3100,2か月,['近居割WIDE'],随時,https://www.ur-net.go.jp/chintai/kanto/chiba/30_1810_room.html?JKSS=011014406,<li>京成千葉線「みどり台」駅 徒歩11～20分</li><li>JR京葉線「稲毛海岸」駅 徒歩19～23分</li><li>JR総武線「稲毛」駅 徒歩22～26分</li><li>京成千葉線「京成稲毛」駅 徒歩21～28分</li><li>JR総武線「西千葉」駅 徒歩14～26分</li><li>京成千葉線「西登戸」駅 徒歩10～24分</li>
chiba,inagekaigan,高洲第二,85620,JR京葉線「稲毛海岸」駅,3.0,7.0,,,,千葉市美浜区高洲4ほか,5-1号棟,鉄筋コンクリート造、鉄骨鉄筋コンクリート造,2,N,204号室,3DK,52,5,83400,2220,2か月,"['近居割', '近居割WIDE']",随時,https://www.ur-net.go.jp/chintai/kanto/chiba/30_2650_room.html?JKSS=005010204,<li>JR京葉線「稲毛海岸」駅 徒歩3～7分</li><li>JR総武線「稲毛」駅バス20分 徒歩5～11分</li><li>京成千葉線「京成稲毛」駅 徒歩14～19分</li><li>JR京葉線「検見川浜」駅 徒歩18～21分</li>
chiba,inagekaigan,高洲第二,85620,,,,JR総武線「稲毛」駅,25.0,31.0,千葉市美浜区高洲4ほか,5-1号棟,鉄筋コンクリート造、鉄骨鉄筋コンクリート造,2,N,204号室,3DK,52,5,83400,2220,2か月,"['近居割', '近居割WIDE']",随時,https://www.ur-net.go.jp/chintai/kanto/chiba/30_2650_room.html?JKSS=005010204,<li>JR京葉線「稲毛海岸」駅 徒歩3～7分</li><li>JR総武線「稲毛」駅バス20分 徒歩5～11分</li><li>京成千葉線「京成稲毛」駅 徒歩14～19分</li><li>JR京葉線「検見川浜」駅 徒歩18～21分</li>
chiba,inagekaigan,高洲第二,85620,京成千葉線「京成稲毛」駅,14.0,19.0,,,,千葉市美浜区高洲4ほか,5-1号棟,鉄筋コンクリート造、鉄骨鉄筋コンクリート造,2,N,204号室,3DK,52,5,83400,2220,2か月,"['近居割', '近居割WIDE']",随時,https://www.ur-net.go.jp/chintai/kanto/chiba/30_2650_room.html?JKSS=005010204,<li>JR京葉線「稲毛海岸」駅 徒歩3～7分</li><li>JR総武線「稲毛」駅バス20分 徒歩5～11分</li><li>京成千葉線「京成稲毛」駅 徒歩14～19分</li><li>JR京葉線「検見川浜」駅 徒歩18～21分</li>
chiba,inagekaigan,高洲第二,85620,JR京葉線「検見川浜」駅,18.0,21.0,,,,千葉市美浜区高洲4ほか,5-1号棟,鉄筋コンクリート造、鉄骨鉄筋コンクリート造,2,N,204号室,3DK,52,5,83400,2220,2か月,"['近居割', '近居割WIDE']",随時,https://www.ur-net.go.jp/chintai/kanto/chiba/30_2650_room.html?JKSS=005010204,<li>JR京葉線「稲毛海岸」駅 徒歩3～7分</li><li>JR総武線「稲毛」駅バス20分 徒歩5～11分</li><li>京成千葉線「京成稲毛」駅 徒歩14～19分</li><li>JR京葉線「検見川浜」駅 徒歩18～21分</li>
chiba,inagekaigan,高洲第二,85620,,,,,,,千葉市美浜区高洲4ほか,5-1号棟,鉄筋コンクリート造、鉄骨鉄筋コンクリート造,2,N,204号室,3DK,52,5,83400,2220,2か月,"['近居割', '近居割WIDE']",随時,https://www.ur-net.go.jp/chintai/kanto/chiba/30_2650_room.html?JKSS=005010204,<li>JR京葉線「稲毛海岸」駅 徒歩3～7分</li><li>JR総武線「稲毛」駅バス20分 徒歩5～11分</li><li>京成千葉線「京成稲毛」駅 徒歩14～19分</li><li>JR京葉線「検見川浜」駅 徒歩18～21分</li>
chiba,inagekaigan,稲毛海岸駅前プラザ,123500,JR京葉線「稲毛海岸」駅,7.0,8.0,,,,千葉市美浜区高洲3-6ほか,2号棟,鉄筋コンクリート造、鉄骨鉄筋コンクリート造,3,N,309号室,1LDK,54,14,119500,4000,2か月,"['近居割', '近居割WIDE']",随時,https://www.ur-net.go.jp/chintai/kanto/chiba/30_5421_room.html?JKSS=000020309,<li>JR京葉線「稲毛海岸」駅 徒歩7～8分</li><li>JR京葉線「検見川浜」駅 徒歩22～25分</li><li>京成千葉線「京成稲毛」駅 徒歩25～27分</li>
chiba,inagekaigan,稲毛海岸駅前プラザ,123500,JR京葉線「検見川浜」駅,22.0,25.0,,,,千葉市美浜区高洲3-6ほか,2号棟,鉄筋コンクリート造、鉄骨鉄筋コンクリート造,3,N,309号室,1LDK,54,14,119500,4000,2か月,"['近居割', '近居割WIDE']",随時,https://www.ur-net.go.jp/chintai/kanto/chiba/30_5421_room.html?JKSS=000020309,<li>JR京葉線「稲毛海岸」駅 徒歩7～8分</li><li>JR京葉線「検見川浜」駅 徒歩22～25分</li><li>京成千葉線「京成稲毛」駅 徒歩25～27分</li>
chiba,inagekaigan,稲毛海岸駅前プラザ,123500,京成千葉線「京成稲毛」駅,25.0,27.0,,,,千葉市美浜区高洲3-6ほか,2号棟,鉄筋コンクリート造、鉄骨鉄筋コンクリート造,3,N,309号室,1LDK,54,14,119500,4000,2か月,"['近居割', '近居割WIDE']",随時,https://www.ur-net.go.jp/chintai/kanto/chiba/30_5421_room.html?JKSS=000020309,<li>JR京葉線「稲毛海岸」駅 徒歩7～8分</li><li>JR京葉線「検見川浜」駅 徒歩22～25分</li><li>京成千葉線「京成稲毛」駅 徒歩25～27分</li>
chiba,inagekaigan,稲毛海岸駅前プラザ,123500,,,,,,,千葉市美浜区高洲3-6ほか,2号棟,鉄筋コンクリート造、鉄骨鉄筋コンクリート造,3,N,309号室,1LDK,54,14,119500,4000,2か月,"['近居割', '近居割WIDE']",随時,https://www.ur-net.go.jp/chintai/kanto/chiba/30_5421_room.html?JKSS=000020309,<li>JR京葉線「稲毛海岸」駅 徒歩7～8分</li><li>JR京葉線「検見川浜」駅 徒歩22～25分</li><li>京成千葉線「京成稲毛」駅 徒歩25～27分</li>
chiba,makuhari,幕張ベイタウンパティオス７番街,181500,JR京葉線「海浜幕張」駅,10.0,10.0,JR京葉線「海浜幕張」駅,8.0,8.0,千葉市美浜区打瀬1-5 パティオス7番街,,鉄筋コンクリート造,6,N,604号室,2LDK,73,6,171700,9800,2か月,"['近居割', '近居割WIDE']",随時,https://www.ur-net.go.jp/chintai/kanto/chiba/30_5410_room.html?JKSS=000000604,<li>JR京葉線「海浜幕張」駅 徒歩10分 又はバス7分 徒歩1分</li>
chiba,makuhari,幕張ベイタウンパティオス７番街,181500,,,,,,,千葉市美浜区打瀬1-5 パティオス7番街,,鉄筋コンクリート造,6,N,604号室,2LDK,73,6,171700,9800,2か月,"['近居割', '近居割WIDE']",随時,https://www.ur-net.go.jp/chintai/kanto/chiba/30_5410_room.html?JKSS=000000604,<li>JR京葉線「海浜幕張」駅 徒歩10分 又はバス7分 徒歩1分</li>
chiba,kitanarashino,金杉台,57000,,,,JR総武線「船橋」駅,22.0,27.0,船橋市金杉台1ほか,1-3-11号棟,鉄筋コンクリート造,4,N,401号室,3DK,53,5,54400,2600,2か月,"['近居割', '近居割WIDE']",随時,https://www.ur-net.go.jp/chintai/kanto/chiba/30_2110_room.html?JKSS=103011401,<li>JR総武線「船橋」駅バス20分 徒歩2～7分</li><li>京成松戸線「高根公団」駅 徒歩26～33分</li><li>京成松戸線「三咲」駅 徒歩29～32分</li><li>東武野田線「馬込沢」駅 徒歩38～42分</li>
chiba,kitanarashino,金杉台,57000,京成松戸線「高根公団」駅,26.0,33.0,,,,船橋市金杉台1ほか,1-3-11号棟,鉄筋コンクリート造,4,N,401号室,3DK,53,5,54400,2600,2か月,"['近居割', '近居割WIDE']",随時,https://www.ur-net.go.jp/chintai/kanto/chiba/30_2110_room.html?JKSS=103011401,<li>JR総武線「船橋」駅バス20分 徒歩2～7分</li><li>京成松戸線「高根公団」駅 徒歩26～33分</li><li>京成松戸線「三咲」駅 徒歩29～32分</li><li>東武野田線「馬込沢」駅 徒歩38～42分</li>
chiba,kitanarashino,金杉台,57000,京成松戸線「三咲」駅,29.0,32.0,,,,船橋市金杉台1ほか,1-3-11号棟,鉄筋コンクリート造,4,N,401号室,3DK,53,5,54400,2600,2か月,"['近居割', '近居割WIDE']",随時,https://www.ur-net.go.jp/chintai/kanto/chiba/30_2110_room.html?JKSS=103011401,<li>JR総武線「船橋」駅バス20分 徒歩2～7分</li><li>京成松戸線「高根公団」駅 徒歩26～33分</li><li>京成松戸線「三咲」駅 徒歩29～32分</li><li>東武野田線「馬込沢」駅 徒歩38～42分</li>
chiba,kitanarashino,金杉台,57000,東武野田線「馬込沢」駅,38.0,42.0,,,,船橋市金杉台1ほか,1-3-11号棟,鉄筋コンクリート造,4,N,401号室,3DK,53,5,54400,2600,2か月,"['近居割', '近居割WIDE']",随時,https://www.ur-net.go.jp/chintai/kanto/chiba/30_2110_room.html?JKSS=103011401,<li>JR総武線「船橋」駅バス20分 徒歩2～7分</li><li>京成松戸線「高根公団」駅 徒歩26～33分</li><li>京成松戸線「三咲」駅 徒歩29～32分</li><li>東武野田線「馬込沢」駅 徒歩38～42分</li>
chiba,kitanarashino,金杉台,57000,,,,,,,船橋市金杉台1ほか,1-3-11号棟,鉄筋コンクリート造,4,N,401号室,3DK,53,5,54400,2600,2か月,"['近居割', '近居割WIDE']",随時,https://www.ur-net.go.jp/chintai/kanto/chiba/30_2110_room.html?JKSS=103011401,<li>JR総武線「船橋」駅バス20分 徒歩2～7分</li><li>京成松戸線「高根公団」駅 徒歩26～33分</li><li>京成松戸線「三咲」駅 徒歩29～32分</li><li>東武野田線「馬込沢」駅 徒歩38～42分</li>
chiba,yurinokidaipc,米本,36600,,,,東葉高速鉄道「八千代中央」駅,19.0,26.0,八千代市米本1359,3-25号棟,鉄筋コンクリート造,4,N,404号室,2DK,39,5,33400,3200,2か月,['近居割WIDE'],随時,https://www.ur-net.go.jp/chintai/kanto/chiba/30_1950_room.html?JKSS=003025404,<li>東葉高速鉄道「八千代中央」駅バス17分 徒歩2～9分</li><li>東葉高速鉄道「東葉勝田台」駅バス20分 徒歩2～9分</li><li>北総鉄道「小室」駅 徒歩67～93分</li>
chiba,yurinokidaipc,米本,36600,,,,東葉高速鉄道「東葉勝田台」駅,22.0,29.0,八千代市米本1359,3-25号棟,鉄筋コンクリート造,4,N,404号室,2DK,39,5,33400,3200,2か月,['近居割WIDE'],随時,https://www.ur-net.go.jp/chintai/kanto/chiba/30_1950_room.html?JKSS=003025404,<li>東葉高速鉄道「八千代中央」駅バス17分 徒歩2～9分</li><li>東葉高速鉄道「東葉勝田台」駅バス20分 徒歩2～9分</li><li>北総鉄道「小室」駅 徒歩67～93分</li>
chiba,yurinokidaipc,米本,36600,北総鉄道「小室」駅,67.0,93.0,,,,八千代市米本1359,3-25号棟,鉄筋コンクリート造,4,N,404号室,2DK,39,5,33400,3200,2か月,['近居割WIDE'],随時,https://www.ur-net.go.jp/chintai/kanto/chiba/30_1950_room.html?JKSS=003025404,<li>東葉高速鉄道「八千代中央」駅バス17分 徒歩2～9分</li><li>東葉高速鉄道「東葉勝田台」駅バス20分 徒歩2～9分</li><li>北総鉄道「小室」駅 徒歩67～93分</li>
chiba,yurinokidaipc,米本,36600,,,,,,,八千代市米本1359,3-25号棟,鉄筋コンクリート造,4,N,404号室,2DK,39,5,33400,3200,2か月,['近居割WIDE'],随時,https://www.ur-net.go.jp/chintai/kanto/chiba/30_1950_room.html?JKSS=003025404,<li>東葉高速鉄道「八千代中央」駅バス17分 徒歩2～9分</li><li>東葉高速鉄道「東葉勝田台」駅バス20分 徒歩2～9分</li><li>北総鉄道「小室」駅 徒歩67～93分</li>
chiba,yurinokidaipc,米本,40300,,,,東葉高速鉄道「八千代中央」駅,19.0,26.0,八千代市米本1359,3-17号棟,鉄筋コンクリート造,3,N,313号室,2DK,41,5,37100,3200,2か月,['近居割WIDE'],随時,https://www.ur-net.go.jp/chintai/kanto/chiba/30_1950_room.html?JKSS=003017313,<li>東葉高速鉄道「八千代中央」駅バス17分 徒歩2～9分</li><li>東葉高速鉄道「東葉勝田台」駅バス20分 徒歩2～9分</li><li>北総鉄道「小室」駅 徒歩67～93分</li>
chiba,yurinokidaipc,米本,40300,,,,東葉高速鉄道「東葉勝田台」駅,22.0,29.0,八千代市米本1359,3-17号棟,鉄筋コンクリート造,3,N,313号室,2DK,41,5,37100,3200,2か月,['近居割WIDE'],随時,https://www.ur-net.go.jp/chintai/kanto/chiba/30_1950_room.html?JKSS=003017313,<li>東葉高速鉄道「八千代中央」駅バス17分 徒歩2～9分</li><li>東葉高速鉄道「東葉勝田台」駅バス20分 徒歩2～9分</li><li>北総鉄道「小室」駅 徒歩67～93分</li>
chiba,yurinokidaipc,米本,40300,北総鉄道「小室」駅,67.0,93.0,,,,八千代市米本1359,3-17号棟,鉄筋コンクリート造,3,N,313号室,2DK,41,5,37100,3200,2か月,['近居割WIDE'],随時,https://www.ur-net.go.jp/chintai/kanto/chiba/30_1950_room.html?JKSS=003017313,<li>東葉高速鉄道「八千代中央」駅バス17分 徒歩2～9分</li><li>東葉高速鉄道「東葉勝田台」駅バス20分 徒歩2～9分</li><li>北総鉄道「小室」駅 徒歩67～93分</li>
chiba,yurinokidaipc,米本,40300,,,,,,,八千代市米本1359,3-17号棟,鉄筋コンクリート造,3,N,313号室,2DK,41,5,37100,3200,2か月,['近居割WIDE'],随時,https://www.ur-net.go.jp/chintai/kanto/chiba/30_1950_room.html?JKSS=003017313,<li>東葉高速鉄道「八千代中央」駅バス17分 徒歩2～9分</li><li>東葉高速鉄道「東葉勝田台」駅バス20分 徒歩2～9分</li><li>北総鉄道「小室」駅 徒歩67～93分</li>
chiba,kitanarashino,高津（第１次）,47350,東葉高速鉄道「八千代緑が丘」駅,13.0,23.0,,,,八千代市高津832-1ほか,3-3号棟,鉄筋コンクリート造,5,N,505号室,3K,47,5,44400,2950,2か月,"['近居割', '近居割WIDE']",随時,https://www.ur-net.go.jp/chintai/kanto/chiba/30_2211_room.html?JKSS=003003505,<li>東葉高速鉄道「八千代緑が丘」駅 徒歩13～23分</li><li>東葉高速鉄道「八千代中央」駅 徒歩36～44分</li><li>京成本線「八千代台」駅バス7～8分 徒歩1～11分</li>
chiba,kitanarashino,高津（第１次）,47350,東葉高速鉄道「八千代中央」駅,36.0,44.0,,,,八千代市高津832-1ほか,3-3号棟,鉄筋コンクリート造,5,N,505号室,3K,47,5,44400,2950,2か月,"['近居割', '近居割WIDE']",随時,https://www.ur-net.go.jp/chintai/kanto/chiba/30_2211_room.html?JKSS=003003505,<li>東葉高速鉄道「八千代緑が丘」駅 徒歩13～23分</li><li>東葉高速鉄道「八千代中央」駅 徒歩36～44分</li><li>京成本線「八千代台」駅バス7～8分 徒歩1～11分</li>
chiba,kitanarashino,高津（第１次）,47350,,,,京成本線「八千代台」駅,8.0,19.0,八千代市高津832-1ほか,3-3号棟,鉄筋コンクリート造,5,N,505号室,3K,47,5,44400,2950,2か月,"['近居割', '近居割WIDE']",随時,https://www.ur-net.go.jp/chintai/kanto/chiba/30_2211_room.html?JKSS=003003505,<li>東葉高速鉄道「八千代緑が丘」駅 徒歩13～23分</li><li>東葉高速鉄道「八千代中央」駅 徒歩36～44分</li><li>京成本線「八千代台」駅バス7～8分 徒歩1～11分</li>
chiba,kitanarashino,高津（第１次）,47350,,,,,,,八千代市高津832-1ほか,3-3号棟,鉄筋コンクリート造,5,N,505号室,3K,47,5,44400,2950,2か月,"['近居割', '近居割WIDE']",随時,https://www.ur-net.go.jp/chintai/kanto/chiba/30_2211_room.html?JKSS=003003505,<li>東葉高速鉄道「八千代緑が丘」駅 徒歩13～23分</li><li>東葉高速鉄道「八千代中央」駅 徒歩36～44分</li><li>京成本線「八千代台」駅バス7～8分 徒歩1～11分</li>
chiba,kitanarashino,高津（第１次）,55350,東葉高速鉄道「八千代緑が丘」駅,13.0,23.0,,,,八千代市高津832-1ほか,1-13号棟,鉄筋コンクリート造,4,N,403号室,3DK,57,5,52400,2950,2か月,"['近居割', '近居割WIDE']",随時,https://www.ur-net.go.jp/chintai/kanto/chiba/30_2211_room.html?JKSS=001013403,<li>東葉高速鉄道「八千代緑が丘」駅 徒歩13～23分</li><li>東葉高速鉄道「八千代中央」駅 徒歩36～44分</li><li>京成本線「八千代台」駅バス7～8分 徒歩1～11分</li>
chiba,kitanarashino,高津（第１次）,55350,東葉高速鉄道「八千代中央」駅,36.0,44.0,,,,八千代市高津832-1ほか,1-13号棟,鉄筋コンクリート造,4,N,403号室,3DK,57,5,52400,2950,2か月,"['近居割', '近居割WIDE']",随時,https://www.ur-net.go.jp/chintai/kanto/chiba/30_2211_room.html?JKSS=001013403,<li>東葉高速鉄道「八千代緑が丘」駅 徒歩13～23分</li><li>東葉高速鉄道「八千代中央」駅 徒歩36～44分</li><li>京成本線「八千代台」駅バス7～8分 徒歩1～11分</li>
chiba,kitanarashino,高津（第１次）,55350,,,,京成本線「八千代台」駅,8.0,19.0,八千代市高津832-1ほか,1-13号棟,鉄筋コンクリート造,4,N,403号室,3DK,57,5,52400,2950,2か月,"['近居割', '近居割WIDE']",随時,https://www.ur-net.go.jp/chintai/kanto/chiba/30_2211_room.html?JKSS=001013403,<li>東葉高速鉄道「八千代緑が丘」駅 徒歩13～23分</li><li>東葉高速鉄道「八千代中央」駅 徒歩36～44分</li><li>京成本線「八千代台」駅バス7～8分 徒歩1～11分</li>
chiba,kitanarashino,高津（第１次）,55350,,,,,,,八千代市高津832-1ほか,1-13号棟,鉄筋コンクリート造,4,N,403号室,3DK,57,5,52400,2950,2か月,"['近居割', '近居割WIDE']",随時,https://www.ur-net.go.jp/chintai/kanto/chiba/30_2211_room.html?JKSS=001013403,<li>東葉高速鉄道「八千代緑が丘」駅 徒歩13～23分</li><li>東葉高速鉄道「八千代中央」駅 徒歩36～44分</li><li>京成本線「八千代台」駅バス7～8分 徒歩1～11分</li>
chiba,yurinokidaipc,村上,71200,東葉高速線「村上」駅,8.0,17.0,,,,八千代市村上1113-1,1-35号棟,鉄筋コンクリート造、鉄骨鉄筋コンクリート造,5,N,512号室,3DK,60,11,68800,2400,2か月,"['近居割', '近居割WIDE']",随時,https://www.ur-net.go.jp/chintai/kanto/chiba/30_2730_room.html?JKSS=001350512,<li>東葉高速線「村上」駅 徒歩8～17分</li><li>京成本線「勝田台」駅バス6～10分 徒歩1～6分</li><li>東葉高速線「東葉勝田台」駅バス6～10分 徒歩1～6分</li>
chiba,yurinokidaipc,村上,71200,,,,京成本線「勝田台」駅,7.0,16.0,八千代市村上1113-1,1-35号棟,鉄筋コンクリート造、鉄骨鉄筋コンクリート造,5,N,512号室,3DK,60,11,68800,2400,2か月,"['近居割', '近居割WIDE']",随時,https://www.ur-net.go.jp/chintai/kanto/chiba/30_2730_room.html?JKSS=001350512,<li>東葉高速線「村上」駅 徒歩8～17分</li><li>京成本線「勝田台」駅バス6～10分 徒歩1～6分</li><li>東葉高速線「東葉勝田台」駅バス6～10分 徒歩1～6分</li>
chiba,yurinokidaipc,村上,71200,,,,東葉高速線「東葉勝田台」駅,7.0,16.0,八千代市村上1113-1,1-35号棟,鉄筋コンクリート造、鉄骨鉄筋コンクリート造,5,N,512号室,3DK,60,11,68800,2400,2か月,"['近居割', '近居割WIDE']",随時,https://www.ur-net.go.jp/chintai/kanto/chiba/30_2730_room.html?JKSS=001350512,<li>東葉高速線「村上」駅 徒歩8～17分</li><li>京成本線「勝田台」駅バス6～10分 徒歩1～6分</li><li>東葉高速線「東葉勝田台」駅バス6～10分 徒歩1～6分</li>
chiba,yurinokidaipc,村上,71200,,,,,,,八千代市村上1113-1,1-35号棟,鉄筋コンクリート造、鉄骨鉄筋コンクリート造,5,N,512号室,3DK,60,11,68800,2400,2か月,"['近居割', '近居割WIDE']",随時,https://www.ur-net.go.jp/chintai/kanto/chiba/30_2730_room.html?JKSS=001350512,<li>東葉高速線「村上」駅 徒歩8～17分</li><li>京成本線「勝田台」駅バス6～10分 徒歩1～6分</li><li>東葉高速線「東葉勝田台」駅バス6～10分 徒歩1～6分</li>
chiba,yurinokidaipc,村上,105000,東葉高速線「村上」駅,8.0,17.0,,,,八千代市村上1113-1,1-36号棟,鉄筋コンクリート造、鉄骨鉄筋コンクリート造,8,N,804号室,4LDK,91,11,102600,2400,2か月,"['近居割', '近居割WIDE']",随時,https://www.ur-net.go.jp/chintai/kanto/chiba/30_2730_room.html?JKSS=001360804,<li>東葉高速線「村上」駅 徒歩8～17分</li><li>京成本線「勝田台」駅バス6～10分 徒歩1～6分</li><li>東葉高速線「東葉勝田台」駅バス6～10分 徒歩1～6分</li>
chiba,yurinokidaipc,村上,105000,,,,京成本線「勝田台」駅,7.0,16.0,八千代市村上1113-1,1-36号棟,鉄筋コンクリート造、鉄骨鉄筋コンクリート造,8,N,804号室,4LDK,91,11,102600,2400,2か月,"['近居割', '近居割WIDE']",随時,https://www.ur-net.go.jp/chintai/kanto/chiba/30_2730_room.html?JKSS=001360804,<li>東葉高速線「村上」駅 徒歩8～17分</li><li>京成本線「勝田台」駅バス6～10分 徒歩1～6分</li><li>東葉高速線「東葉勝田台」駅バス6～10分 徒歩1～6分</li>
chiba,yurinokidaipc,村上,105000,,,,東葉高速線「東葉勝田台」駅,7.0,16.0,八千代市村上1113-1,1-36号棟,鉄筋コンクリート造、鉄骨鉄筋コンクリート造,8,N,804号室,4LDK,91,11,102600,2400,2か月,"['近居割', '近居割WIDE']",随時,https://www.ur-net.go.jp/chintai/kanto/chiba/30_2730_room.html?JKSS=001360804,<li>東葉高速線「村上」駅 徒歩8～17分</li><li>京成本線「勝田台」駅バス6～10分 徒歩1～6分</li><li>東葉高速線「東葉勝田台」駅バス6～10分 徒歩1～6分</li>
chiba,yurinokidaipc,村上,105000,,,,,,,八千代市村上1113-1,1-36号棟,鉄筋コンクリート造、鉄骨鉄筋コンクリート造,8,N,804号室,4LDK,91,11,102600,2400,2か月,"['近居割', '近居割WIDE']",随時,https://www.ur-net.go.jp/chintai/kanto/chiba/30_2730_room.html?JKSS=001360804,<li>東葉高速線「村上」駅 徒歩8～17分</li><li>京成本線「勝田台」駅バス6～10分 徒歩1～6分</li><li>東葉高速線「東葉勝田台」駅バス6～10分 徒歩1～6分</li>
chiba,yurinokidaipc,村上,105000,東葉高速線「村上」駅,8.0,17.0,,,,八千代市村上1113-1,1-36号棟,鉄筋コンクリート造、鉄骨鉄筋コンクリート造,9,N,903号室,4LDK,91,11,102600,2400,2か月,"['近居割', '近居割WIDE']",随時,https://www.ur-net.go.jp/chintai/kanto/chiba/30_2730_room.html?JKSS=001360903,<li>東葉高速線「村上」駅 徒歩8～17分</li><li>京成本線「勝田台」駅バス6～10分 徒歩1～6分</li><li>東葉高速線「東葉勝田台」駅バス6～10分 徒歩1～6分</li>
chiba,yurinokidaipc,村上,105000,,,,京成本線「勝田台」駅,7.0,16.0,八千代市村上1113-1,1-36号棟,鉄筋コンクリート造、鉄骨鉄筋コンクリート造,9,N,903号室,4LDK,91,11,102600,2400,2か月,"['近居割', '近居割WIDE']",随時,https://www.ur-net.go.jp/chintai/kanto/chiba/30_2730_room.html?JKSS=001360903,<li>東葉高速線「村上」駅 徒歩8～17分</li><li>京成本線「勝田台」駅バス6～10分 徒歩1～6分</li><li>東葉高速線「東葉勝田台」駅バス6～10分 徒歩1～6分</li>
chiba,yurinokidaipc,村上,105000,,,,東葉高速線「東葉勝田台」駅,7.0,16.0,八千代市村上1113-1,1-36号棟,鉄筋コンクリート造、鉄骨鉄筋コンクリート造,9,N,903号室,4LDK,91,11,102600,2400,2か月,"['近居割', '近居割WIDE']",随時,https://www.ur-net.go.jp/chintai/kanto/chiba/30_2730_room.html?JKSS=001360903,<li>東葉高速線「村上」駅 徒歩8～17分</li><li>京成本線「勝田台」駅バス6～10分 徒歩1～6分</li><li>東葉高速線「東葉勝田台」駅バス6～10分 徒歩1～6分</li>
chiba,yurinokidaipc,村上,105000,,,,,,,八千代市村上1113-1,1-36号棟,鉄筋コンクリート造、鉄骨鉄筋コンクリート造,9,N,903号室,4LDK,91,11,102600,2400,2か月,"['近居割', '近居割WIDE']",随時,https://www.ur-net.go.jp/chintai/kanto/chiba/30_2730_room.html?JKSS=001360903,<li>東葉高速線「村上」駅 徒歩8～17分</li><li>京成本線「勝田台」駅バス6～10分 徒歩1～6分</li><li>東葉高速線「東葉勝田台」駅バス6～10分 徒歩1～6分</li>
chiba,kitanarashino,グリーンタウン八千代緑が丘（高津（第２次））,102850,東葉高速鉄道「八千代緑が丘」駅,20.0,22.0,,,,八千代市高津934-1ほか,2-30号棟,鉄筋コンクリート造,4,N,401号室,4LDK,87,5,99900,2950,2か月,"['近居割', '近居割WIDE']",随時,https://www.ur-net.go.jp/chintai/kanto/chiba/30_2212_room.html?JKSS=002030401,<li>東葉高速鉄道「八千代緑が丘」駅 徒歩20～22分</li><li>東葉高速鉄道「八千代中央」駅 徒歩32～33分</li><li>京成本線「八千代台」駅バス7分 徒歩4分</li>
chiba,kitanarashino,グリーンタウン八千代緑が丘（高津（第２次））,102850,東葉高速鉄道「八千代中央」駅,32.0,33.0,,,,八千代市高津934-1ほか,2-30号棟,鉄筋コンクリート造,4,N,401号室,4LDK,87,5,99900,2950,2か月,"['近居割', '近居割WIDE']",随時,https://www.ur-net.go.jp/chintai/kanto/chiba/30_2212_room.html?JKSS=002030401,<li>東葉高速鉄道「八千代緑が丘」駅 徒歩20～22分</li><li>東葉高速鉄道「八千代中央」駅 徒歩32～33分</li><li>京成本線「八千代台」駅バス7分 徒歩4分</li>
chiba,kitanarashino,グリーンタウン八千代緑が丘（高津（第２次））,102850,,,,京成本線「八千代台」駅,11.0,11.0,八千代市高津934-1ほか,2-30号棟,鉄筋コンクリート造,4,N,401号室,4LDK,87,5,99900,2950,2か月,"['近居割', '近居割WIDE']",随時,https://www.ur-net.go.jp/chintai/kanto/chiba/30_2212_room.html?JKSS=002030401,<li>東葉高速鉄道「八千代緑が丘」駅 徒歩20～22分</li><li>東葉高速鉄道「八千代中央」駅 徒歩32～33分</li><li>京成本線「八千代台」駅バス7分 徒歩4分</li>
chiba,kitanarashino,グリーンタウン八千代緑が丘（高津（第２次））,102850,,,,,,,八千代市高津934-1ほか,2-30号棟,鉄筋コンクリート造,4,N,401号室,4LDK,87,5,99900,2950,2か月,"['近居割', '近居割WIDE']",随時,https://www.ur-net.go.jp/chintai/kanto/chiba/30_2212_room.html?JKSS=002030401,<li>東葉高速鉄道「八千代緑が丘」駅 徒歩20～22分</li><li>東葉高速鉄道「八千代中央」駅 徒歩32～33分</li><li>京成本線「八千代台」駅バス7分 徒歩4分</li>
chiba,kitanarashino,アミティ八千代台,112400,京成本線「八千代台」駅,8.0,8.0,,,,八千代市八千代台西6-2,2号棟,鉄筋コンクリート造,1,N,105号室,2LDK,65,3,107400,5000,2か月,"['近居割', '近居割WIDE']",随時,https://www.ur-net.go.jp/chintai/kanto/chiba/30_5940_room.html?JKSS=000020105,<li>京成本線「八千代台」駅 徒歩8分</li><li>京成本線「京成大和田」駅 徒歩31～32分</li><li>京成本線「実籾」駅 徒歩33～35分</li>
chiba,kitanarashino,アミティ八千代台,112400,京成本線「京成大和田」駅,31.0,32.0,,,,八千代市八千代台西6-2,2号棟,鉄筋コンクリート造,1,N,105号室,2LDK,65,3,107400,5000,2か月,"['近居割', '近居割WIDE']",随時,https://www.ur-net.go.jp/chintai/kanto/chiba/30_5940_room.html?JKSS=000020105,<li>京成本線「八千代台」駅 徒歩8分</li><li>京成本線「京成大和田」駅 徒歩31～32分</li><li>京成本線「実籾」駅 徒歩33～35分</li>
chiba,kitanarashino,アミティ八千代台,112400,京成本線「実籾」駅,33.0,35.0,,,,八千代市八千代台西6-2,2号棟,鉄筋コンクリート造,1,N,105号室,2LDK,65,3,107400,5000,2か月,"['近居割', '近居割WIDE']",随時,https://www.ur-net.go.jp/chintai/kanto/chiba/30_5940_room.html?JKSS=000020105,<li>京成本線「八千代台」駅 徒歩8分</li><li>京成本線「京成大和田」駅 徒歩31～32分</li><li>京成本線「実籾」駅 徒歩33～35分</li>
chiba,kitanarashino,アミティ八千代台,112400,,,,,,,八千代市八千代台西6-2,2号棟,鉄筋コンクリート造,1,N,105号室,2LDK,65,3,107400,5000,2か月,"['近居割', '近居割WIDE']",随時,https://www.ur-net.go.jp/chintai/kanto/chiba/30_5940_room.html?JKSS=000020105,<li>京成本線「八千代台」駅 徒歩8分</li><li>京成本線「京成大和田」駅 徒歩31～32分</li><li>京成本線「実籾」駅 徒歩33～35分</li>
chiba,yurinokidaipc,クレール志津,118900,京成本線「志津」駅,13.0,16.0,,,,佐倉市西志津3-1,1号棟,鉄筋コンクリート造,4,N,401号室,4LDK,97,5,113900,5000,2か月,['近居割'],随時,https://www.ur-net.go.jp/chintai/kanto/chiba/30_4830_room.html?JKSS=000010401,<li>京成本線「志津」駅 徒歩13～16分</li><li>東葉高速鉄道「東葉勝田台」駅 徒歩14～18分</li><li>京成本線「勝田台」駅 徒歩14～18分</li>
chiba,yurinokidaipc,クレール志津,118900,東葉高速鉄道「東葉勝田台」駅,14.0,18.0,,,,佐倉市西志津3-1,1号棟,鉄筋コンクリート造,4,N,401号室,4LDK,97,5,113900,5000,2か月,['近居割'],随時,https://www.ur-net.go.jp/chintai/kanto/chiba/30_4830_room.html?JKSS=000010401,<li>京成本線「志津」駅 徒歩13～16分</li><li>東葉高速鉄道「東葉勝田台」駅 徒歩14～18分</li><li>京成本線「勝田台」駅 徒歩14～18分</li>
chiba,yurinokidaipc,クレール志津,118900,京成本線「勝田台」駅,14.0,18.0,,,,佐倉市西志津3-1,1号棟,鉄筋コンクリート造,4,N,401号室,4LDK,97,5,113900,5000,2か月,['近居割'],随時,https://www.ur-net.go.jp/chintai/kanto/chiba/30_4830_room.html?JKSS=000010401,<li>京成本線「志津」駅 徒歩13～16分</li><li>東葉高速鉄道「東葉勝田台」駅 徒歩14～18分</li><li>京成本線「勝田台」駅 徒歩14～18分</li>
chiba,yurinokidaipc,クレール志津,118900,,,,,,,佐倉市西志津3-1,1号棟,鉄筋コンクリート造,4,N,401号室,4LDK,97,5,113900,5000,2か月,['近居割'],随時,https://www.ur-net.go.jp/chintai/kanto/chiba/30_4830_room.html?JKSS=000010401,<li>京成本線「志津」駅 徒歩13～16分</li><li>東葉高速鉄道「東葉勝田台」駅 徒歩14～18分</li><li>京成本線「勝田台」駅 徒歩14～18分</li>
chiba,matsudo,常盤平,42000,京成松戸線「常盤平」駅,3.0,19.0,,,,松戸市常盤平2ほか,2-17号棟,鉄筋コンクリート造,1,N,106号室,2DK,38,4,39000,3000,2か月,['URライト（2年定借）'],随時,https://www.ur-net.go.jp/chintai/kanto/chiba/30_0600_room.html?JKSS=000217106,<li>京成松戸線「常盤平」駅 徒歩3～19分</li><li>京成松戸線「五香」駅 徒歩7～23分<br>ほか</li>
chiba,matsudo,常盤平,42000,,,,,,,松戸市常盤平2ほか,2-17号棟,鉄筋コンクリート造,1,N,106号室,2DK,38,4,39000,3000,2か月,['URライト（2年定借）'],随時,https://www.ur-net.go.jp/chintai/kanto/chiba/30_0600_room.html?JKSS=000217106,<li>京成松戸線「常盤平」駅 徒歩3～19分</li><li>京成松戸線「五香」駅 徒歩7～23分<br>ほか</li>
chiba,chibant,千葉ニュータウンプラザ西白井２番街,96120,北総鉄道「西白井」駅,4.0,8.0,,,,白井市けやき台2-2,3号棟,鉄筋コンクリート造,4,N,402号室,2LDK,68,5,93800,2320,2か月,"['近居割', '近居割WIDE']",随時,https://www.ur-net.go.jp/chintai/kanto/chiba/30_5260_room.html?JKSS=000030402,<li>北総鉄道「西白井」駅 徒歩4～8分</li><li>北総鉄道「白井」駅 徒歩30～34分</li><li>東武野田線「新鎌ヶ谷」駅 徒歩44～47分</li>
chiba,chibant,千葉ニュータウンプラザ西白井２番街,96120,北総鉄道「白井」駅,30.0,34.0,,,,白井市けやき台2-2,3号棟,鉄筋コンクリート造,4,N,402号室,2LDK,68,5,93800,2320,2か月,"['近居割', '近居割WIDE']",随時,https://www.ur-net.go.jp/chintai/kanto/chiba/30_5260_room.html?JKSS=000030402,<li>北総鉄道「西白井」駅 徒歩4～8分</li><li>北総鉄道「白井」駅 徒歩30～34分</li><li>東武野田線「新鎌ヶ谷」駅 徒歩44～47分</li>
chiba,chibant,千葉ニュータウンプラザ西白井２番街,96120,東武野田線「新鎌ヶ谷」駅,44.0,47.0,,,,白井市けやき台2-2,3号棟,鉄筋コンクリート造,4,N,402号室,2LDK,68,5,93800,2320,2か月,"['近居割', '近居割WIDE']",随時,https://www.ur-net.go.jp/chintai/kanto/chiba/30_5260_room.html?JKSS=000030402,<li>北総鉄道「西白井」駅 徒歩4～8分</li><li>北総鉄道「白井」駅 徒歩30～34分</li><li>東武野田線「新鎌ヶ谷」駅 徒歩44～47分</li>
chiba,chibant,千葉ニュータウンプラザ西白井２番街,96120,,,,,,,白井市けやき台2-2,3号棟,鉄筋コンクリート造,4,N,402号室,2LDK,68,5,93800,2320,2か月,"['近居割', '近居割WIDE']",随時,https://www.ur-net.go.jp/chintai/kanto/chiba/30_5260_room.html?JKSS=000030402,<li>北総鉄道「西白井」駅 徒歩4～8分</li><li>北総鉄道「白井」駅 徒歩30～34分</li><li>東武野田線「新鎌ヶ谷」駅 徒歩44～47分</li>
chiba,naritant,成田ニュータウン橋賀台,60000,,,,JR成田線「成田」駅,9.0,15.0,成田市橋賀台1-1ほか,1-1-2号棟,鉄筋コンクリート造、鉄骨鉄筋コンクリート造,4,N,406号室,3K,50,5,56000,4000,2か月,['近居割'],随時,https://www.ur-net.go.jp/chintai/kanto/chiba/30_3030_room.html?JKSS=101020406,<li>JR成田線「成田」駅バス7分 徒歩2～8分</li><li>京成本線「公津の杜」駅 徒歩23～32分</li><li>京成本線「京成成田」駅バス10分 徒歩3～11分</li>
chiba,naritant,成田ニュータウン橋賀台,60000,京成本線「公津の杜」駅,23.0,32.0,,,,成田市橋賀台1-1ほか,1-1-2号棟,鉄筋コンクリート造、鉄骨鉄筋コンクリート造,4,N,406号室,3K,50,5,56000,4000,2か月,['近居割'],随時,https://www.ur-net.go.jp/chintai/kanto/chiba/30_3030_room.html?JKSS=101020406,<li>JR成田線「成田」駅バス7分 徒歩2～8分</li><li>京成本線「公津の杜」駅 徒歩23～32分</li><li>京成本線「京成成田」駅バス10分 徒歩3～11分</li>
chiba,naritant,成田ニュータウン橋賀台,60000,,,,京成本線「京成成田」駅,13.0,21.0,成田市橋賀台1-1ほか,1-1-2号棟,鉄筋コンクリート造、鉄骨鉄筋コンクリート造,4,N,406号室,3K,50,5,56000,4000,2か月,['近居割'],随時,https://www.ur-net.go.jp/chintai/kanto/chiba/30_3030_room.html?JKSS=101020406,<li>JR成田線「成田」駅バス7分 徒歩2～8分</li><li>京成本線「公津の杜」駅 徒歩23～32分</li><li>京成本線「京成成田」駅バス10分 徒歩3～11分</li>
chiba,naritant,成田ニュータウン橋賀台,60000,,,,,,,成田市橋賀台1-1ほか,1-1-2号棟,鉄筋コンクリート造、鉄骨鉄筋コンクリート造,4,N,406号室,3K,50,5,56000,4000,2か月,['近居割'],随時,https://www.ur-net.go.jp/chintai/kanto/chiba/30_3030_room.html?JKSS=101020406,<li>JR成田線「成田」駅バス7分 徒歩2～8分</li><li>京成本線「公津の杜」駅 徒歩23～32分</li><li>京成本線「京成成田」駅バス10分 徒歩3～11分</li>
chiba,naritant,成田ニュータウン橋賀台,60000,,,,JR成田線「成田」駅,9.0,15.0,成田市橋賀台1-1ほか,1-1-3号棟,鉄筋コンクリート造、鉄骨鉄筋コンクリート造,4,N,401号室,3K,50,5,56000,4000,2か月,['近居割'],随時,https://www.ur-net.go.jp/chintai/kanto/chiba/30_3030_room.html?JKSS=101030401,<li>JR成田線「成田」駅バス7分 徒歩2～8分</li><li>京成本線「公津の杜」駅 徒歩23～32分</li><li>京成本線「京成成田」駅バス10分 徒歩3～11分</li>
chiba,naritant,成田ニュータウン橋賀台,60000,京成本線「公津の杜」駅,23.0,32.0,,,,成田市橋賀台1-1ほか,1-1-3号棟,鉄筋コンクリート造、鉄骨鉄筋コンクリート造,4,N,401号室,3K,50,5,56000,4000,2か月,['近居割'],随時,https://www.ur-net.go.jp/chintai/kanto/chiba/30_3030_room.html?JKSS=101030401,<li>JR成田線「成田」駅バス7分 徒歩2～8分</li><li>京成本線「公津の杜」駅 徒歩23～32分</li><li>京成本線「京成成田」駅バス10分 徒歩3～11分</li>
chiba,naritant,成田ニュータウン橋賀台,60000,,,,京成本線「京成成田」駅,13.0,21.0,成田市橋賀台1-1ほか,1-1-3号棟,鉄筋コンクリート造、鉄骨鉄筋コンクリート造,4,N,401号室,3K,50,5,56000,4000,2か月,['近居割'],随時,https://www.ur-net.go.jp/chintai/kanto/chiba/30_3030_room.html?JKSS=101030401,<li>JR成田線「成田」駅バス7分 徒歩2～8分</li><li>京成本線「公津の杜」駅 徒歩23～32分</li><li>京成本線「京成成田」駅バス10分 徒歩3～11分</li>
chiba,naritant,成田ニュータウン橋賀台,60000,,,,,,,成田市橋賀台1-1ほか,1-1-3号棟,鉄筋コンクリート造、鉄骨鉄筋コンクリート造,4,N,401号室,3K,50,5,56000,4000,2か月,['近居割'],随時,https://www.ur-net.go.jp/chintai/kanto/chiba/30_3030_room.html?JKSS=101030401,<li>JR成田線「成田」駅バス7分 徒歩2～8分</li><li>京成本線「公津の杜」駅 徒歩23～32分</li><li>京成本線「京成成田」駅バス10分 徒歩3～11分</li>
chiba,naritant,成田ニュータウン加良部一丁目,92600,,,,JR成田線「成田」駅,4.0,6.0,成田市加良部1-7,7-5号棟,鉄筋コンクリート造,4,N,403号室,5DK,100,5,89300,3300,2か月,['近居割'],随時,https://www.ur-net.go.jp/chintai/kanto/chiba/30_3000_room.html?JKSS=007050403,<li>JR成田線「成田」駅バス3分 徒歩1～3分</li><li>成田スカイアクセス線「成田湯川」駅バス11分 徒歩1～3分</li>
chiba,naritant,成田ニュータウン加良部一丁目,92600,,,,成田スカイアクセス線「成田湯川」駅,12.0,14.0,成田市加良部1-7,7-5号棟,鉄筋コンクリート造,4,N,403号室,5DK,100,5,89300,3300,2か月,['近居割'],随時,https://www.ur-net.go.jp/chintai/kanto/chiba/30_3000_room.html?JKSS=007050403,<li>JR成田線「成田」駅バス3分 徒歩1～3分</li><li>成田スカイアクセス線「成田湯川」駅バス11分 徒歩1～3分</li>
chiba,naritant,成田ニュータウン加良部一丁目,92600,,,,,,,成田市加良部1-7,7-5号棟,鉄筋コンクリート造,4,N,403号室,5DK,100,5,89300,3300,2か月,['近居割'],随時,https://www.ur-net.go.jp/chintai/kanto/chiba/30_3000_room.html?JKSS=007050403,<li>JR成田線「成田」駅バス3分 徒歩1～3分</li><li>成田スカイアクセス線「成田湯川」駅バス11分 徒歩1～3分</li>
saitama,sengendai,せんげん台パークタウン三番街,91890,東武伊勢崎線「せんげん台」駅,10.0,13.0,,,,越谷市千間台西3-3,3-14号棟,鉄筋コンクリート造,5,N,502号室,3LDK,74,5,89400,2490,2か月,['近居割'],随時,https://www.ur-net.go.jp/chintai/kanto/saitama/50_2180_room.html?JKSS=003140502,<li>東武伊勢崎線「せんげん台」駅 徒歩10～13分</li><li>東武伊勢崎線「大袋」駅 徒歩25～27分</li><li>東武伊勢崎線「武里」駅 徒歩25～27分</li>
saitama,sengendai,せんげん台パークタウン三番街,91890,東武伊勢崎線「大袋」駅,25.0,27.0,,,,越谷市千間台西3-3,3-14号棟,鉄筋コンクリート造,5,N,502号室,3LDK,74,5,89400,2490,2か月,['近居割'],随時,https://www.ur-net.go.jp/chintai/kanto/saitama/50_2180_room.html?JKSS=003140502,<li>東武伊勢崎線「せんげん台」駅 徒歩10～13分</li><li>東武伊勢崎線「大袋」駅 徒歩25～27分</li><li>東武伊勢崎線「武里」駅 徒歩25～27分</li>
saitama,sengendai,せんげん台パークタウン三番街,91890,東武伊勢崎線「武里」駅,25.0,27.0,,,,越谷市千間台西3-3,3-14号棟,鉄筋コンクリート造,5,N,502号室,3LDK,74,5,89400,2490,2か月,['近居割'],随時,https://www.ur-net.go.jp/chintai/kanto/saitama/50_2180_room.html?JKSS=003140502,<li>東武伊勢崎線「せんげん台」駅 徒歩10～13分</li><li>東武伊勢崎線「大袋」駅 徒歩25～27分</li><li>東武伊勢崎線「武里」駅 徒歩25～27分</li>
saitama,sengendai,せんげん台パークタウン三番街,91890,,,,,,,越谷市千間台西3-3,3-14号棟,鉄筋コンクリート造,5,N,502号室,3LDK,74,5,89400,2490,2か月,['近居割'],随時,https://www.ur-net.go.jp/chintai/kanto/saitama/50_2180_room.html?JKSS=003140502,<li>東武伊勢崎線「せんげん台」駅 徒歩10～13分</li><li>東武伊勢崎線「大袋」駅 徒歩25～27分</li><li>東武伊勢崎線「武里」駅 徒歩25～27分</li>
saitama,sengendai,せんげん台パークタウン三番街,92090,東武伊勢崎線「せんげん台」駅,10.0,13.0,,,,越谷市千間台西3-3,3-6号棟,鉄筋コンクリート造,5,N,502号室,3LDK,81,5,89600,2490,2か月,['近居割'],随時,https://www.ur-net.go.jp/chintai/kanto/saitama/50_2180_room.html?JKSS=003060502,<li>東武伊勢崎線「せんげん台」駅 徒歩10～13分</li><li>東武伊勢崎線「大袋」駅 徒歩25～27分</li><li>東武伊勢崎線「武里」駅 徒歩25～27分</li>
saitama,sengendai,せんげん台パークタウン三番街,92090,東武伊勢崎線「大袋」駅,25.0,27.0,,,,越谷市千間台西3-3,3-6号棟,鉄筋コンクリート造,5,N,502号室,3LDK,81,5,89600,2490,2か月,['近居割'],随時,https://www.ur-net.go.jp/chintai/kanto/saitama/50_2180_room.html?JKSS=003060502,<li>東武伊勢崎線「せんげん台」駅 徒歩10～13分</li><li>東武伊勢崎線「大袋」駅 徒歩25～27分</li><li>東武伊勢崎線「武里」駅 徒歩25～27分</li>
saitama,sengendai,せんげん台パークタウン三番街,92090,東武伊勢崎線「武里」駅,25.0,27.0,,,,越谷市千間台西3-3,3-6号棟,鉄筋コンクリート造,5,N,502号室,3LDK,81,5,89600,2490,2か月,['近居割'],随時,https://www.ur-net.go.jp/chintai/kanto/saitama/50_2180_room.html?JKSS=003060502,<li>東武伊勢崎線「せんげん台」駅 徒歩10～13分</li><li>東武伊勢崎線「大袋」駅 徒歩25～27分</li><li>東武伊勢崎線「武里」駅 徒歩25～27分</li>
saitama,sengendai,せんげん台パークタウン三番街,92090,,,,,,,越谷市千間台西3-3,3-6号棟,鉄筋コンクリート造,5,N,502号室,3LDK,81,5,89600,2490,2か月,['近居割'],随時,https://www.ur-net.go.jp/chintai/kanto/saitama/50_2180_room.html?JKSS=003060502,<li>東武伊勢崎線「せんげん台」駅 徒歩10～13分</li><li>東武伊勢崎線「大袋」駅 徒歩25～27分</li><li>東武伊勢崎線「武里」駅 徒歩25～27分</li>
saitama,sengendai,せんげん台パークタウン三番街,100490,東武伊勢崎線「せんげん台」駅,10.0,13.0,,,,越谷市千間台西3-3,3-8号棟,鉄筋コンクリート造,4,N,401号室,3LDK,84,5,98000,2490,2か月,['近居割'],随時,https://www.ur-net.go.jp/chintai/kanto/saitama/50_2180_room.html?JKSS=003080401,<li>東武伊勢崎線「せんげん台」駅 徒歩10～13分</li><li>東武伊勢崎線「大袋」駅 徒歩25～27分</li><li>東武伊勢崎線「武里」駅 徒歩25～27分</li>
saitama,sengendai,せんげん台パークタウン三番街,100490,東武伊勢崎線「大袋」駅,25.0,27.0,,,,越谷市千間台西3-3,3-8号棟,鉄筋コンクリート造,4,N,401号室,3LDK,84,5,98000,2490,2か月,['近居割'],随時,https://www.ur-net.go.jp/chintai/kanto/saitama/50_2180_room.html?JKSS=003080401,<li>東武伊勢崎線「せんげん台」駅 徒歩10～13分</li><li>東武伊勢崎線「大袋」駅 徒歩25～27分</li><li>東武伊勢崎線「武里」駅 徒歩25～27分</li>
saitama,sengendai,せんげん台パークタウン三番街,100490,東武伊勢崎線「武里」駅,25.0,27.0,,,,越谷市千間台西3-3,3-8号棟,鉄筋コンクリート造,4,N,401号室,3LDK,84,5,98000,2490,2か月,['近居割'],随時,https://www.ur-net.go.jp/chintai/kanto/saitama/50_2180_room.html?JKSS=003080401,<li>東武伊勢崎線「せんげん台」駅 徒歩10～13分</li><li>東武伊勢崎線「大袋」駅 徒歩25～27分</li><li>東武伊勢崎線「武里」駅 徒歩25～27分</li>
saitama,sengendai,せんげん台パークタウン三番街,100490,,,,,,,越谷市千間台西3-3,3-8号棟,鉄筋コンクリート造,4,N,401号室,3LDK,84,5,98000,2490,2か月,['近居割'],随時,https://www.ur-net.go.jp/chintai/kanto/saitama/50_2180_room.html?JKSS=003080401,<li>東武伊勢崎線「せんげん台」駅 徒歩10～13分</li><li>東武伊勢崎線「大袋」駅 徒歩25～27分</li><li>東武伊勢崎線「武里」駅 徒歩25～27分</li>
saitama,sengendai,せんげん台パークタウン四番街,113510,東武伊勢崎線「せんげん台」駅,9.0,11.0,,,,越谷市千間台西3-4,4-3号棟,鉄筋コンクリート造,5,N,507号室,4LDK,106,5,110700,2810,2か月,['近居割'],随時,https://www.ur-net.go.jp/chintai/kanto/saitama/50_2070_room.html?JKSS=004030507,<li>東武伊勢崎線「せんげん台」駅 徒歩9～11分</li><li>東武伊勢崎線「大袋」駅 徒歩24～27分</li><li>東武伊勢崎線「武里」駅 徒歩25～27分</li>
saitama,sengendai,せんげん台パークタウン四番街,113510,東武伊勢崎線「大袋」駅,24.0,27.0,,,,越谷市千間台西3-4,4-3号棟,鉄筋コンクリート造,5,N,507号室,4LDK,106,5,110700,2810,2か月,['近居割'],随時,https://www.ur-net.go.jp/chintai/kanto/saitama/50_2070_room.html?JKSS=004030507,<li>東武伊勢崎線「せんげん台」駅 徒歩9～11分</li><li>東武伊勢崎線「大袋」駅 徒歩24～27分</li><li>東武伊勢崎線「武里」駅 徒歩25～27分</li>
saitama,sengendai,せんげん台パークタウン四番街,113510,東武伊勢崎線「武里」駅,25.0,27.0,,,,越谷市千間台西3-4,4-3号棟,鉄筋コンクリート造,5,N,507号室,4LDK,106,5,110700,2810,2か月,['近居割'],随時,https://www.ur-net.go.jp/chintai/kanto/saitama/50_2070_room.html?JKSS=004030507,<li>東武伊勢崎線「せんげん台」駅 徒歩9～11分</li><li>東武伊勢崎線「大袋」駅 徒歩24～27分</li><li>東武伊勢崎線「武里」駅 徒歩25～27分</li>
saitama,sengendai,せんげん台パークタウン四番街,113510,,,,,,,越谷市千間台西3-4,4-3号棟,鉄筋コンクリート造,5,N,507号室,4LDK,106,5,110700,2810,2か月,['近居割'],随時,https://www.ur-net.go.jp/chintai/kanto/saitama/50_2070_room.html?JKSS=004030507,<li>東武伊勢崎線「せんげん台」駅 徒歩9～11分</li><li>東武伊勢崎線「大袋」駅 徒歩24～27分</li><li>東武伊勢崎線「武里」駅 徒歩25～27分</li>
saitama,misato,みさと,97300,JR武蔵野線「新三郷」駅,6.0,25.0,JR武蔵野線「新三郷」駅,2.0,11.0,三郷市彦成3ほか,10-9号棟,鉄筋コンクリート造、鉄骨鉄筋コンクリート造,2,N,202号室,3LDK,84,11,94300,3000,2か月,"['近居割', '近居割WIDE']",随時,https://www.ur-net.go.jp/chintai/kanto/saitama/50_1561_room.html?JKSS=010090202,<li>JR武蔵野線「新三郷」駅 徒歩6～25分</li><li>JR武蔵野線「吉川美南」駅 徒歩12～29分</li><li>JR武蔵野線「新三郷」駅バス1～6分 徒歩1～5分</li>
saitama,misato,みさと,97300,JR武蔵野線「吉川美南」駅,12.0,29.0,,,,三郷市彦成3ほか,10-9号棟,鉄筋コンクリート造、鉄骨鉄筋コンクリート造,2,N,202号室,3LDK,84,11,94300,3000,2か月,"['近居割', '近居割WIDE']",随時,https://www.ur-net.go.jp/chintai/kanto/saitama/50_1561_room.html?JKSS=010090202,<li>JR武蔵野線「新三郷」駅 徒歩6～25分</li><li>JR武蔵野線「吉川美南」駅 徒歩12～29分</li><li>JR武蔵野線「新三郷」駅バス1～6分 徒歩1～5分</li>
saitama,misato,みさと,97300,,,,,,,三郷市彦成3ほか,10-9号棟,鉄筋コンクリート造、鉄骨鉄筋コンクリート造,2,N,202号室,3LDK,84,11,94300,3000,2か月,"['近居割', '近居割WIDE']",随時,https://www.ur-net.go.jp/chintai/kanto/saitama/50_1561_room.html?JKSS=010090202,<li>JR武蔵野線「新三郷」駅 徒歩6～25分</li><li>JR武蔵野線「吉川美南」駅 徒歩12～29分</li><li>JR武蔵野線「新三郷」駅バス1～6分 徒歩1～5分</li>
saitama,shinkoshigaya,コンフォール松原,102300,東武伊勢崎線「獨協大学前」駅,2.0,9.0,,,,草加市松原1-4ほか,6号棟,鉄筋コンクリート造,2,N,204号室,1LDK,49,12,98800,3500,2か月,"['近居割', '近居割WIDE']",随時,https://www.ur-net.go.jp/chintai/kanto/saitama/50_4090_room.html?JKSS=000060204,<li>東武伊勢崎線「獨協大学前」駅 徒歩2～9分</li><li>東武伊勢崎線「新田」駅 徒歩15～23分</li><li>東武伊勢崎線「草加」駅 徒歩21～27分</li>
saitama,shinkoshigaya,コンフォール松原,102300,東武伊勢崎線「新田」駅,15.0,23.0,,,,草加市松原1-4ほか,6号棟,鉄筋コンクリート造,2,N,204号室,1LDK,49,12,98800,3500,2か月,"['近居割', '近居割WIDE']",随時,https://www.ur-net.go.jp/chintai/kanto/saitama/50_4090_room.html?JKSS=000060204,<li>東武伊勢崎線「獨協大学前」駅 徒歩2～9分</li><li>東武伊勢崎線「新田」駅 徒歩15～23分</li><li>東武伊勢崎線「草加」駅 徒歩21～27分</li>
saitama,shinkoshigaya,コンフォール松原,102300,東武伊勢崎線「草加」駅,21.0,27.0,,,,草加市松原1-4ほか,6号棟,鉄筋コンクリート造,2,N,204号室,1LDK,49,12,98800,3500,2か月,"['近居割', '近居割WIDE']",随時,https://www.ur-net.go.jp/chintai/kanto/saitama/50_4090_room.html?JKSS=000060204,<li>東武伊勢崎線「獨協大学前」駅 徒歩2～9分</li><li>東武伊勢崎線「新田」駅 徒歩15～23分</li><li>東武伊勢崎線「草加」駅 徒歩21～27分</li>
saitama,shinkoshigaya,コンフォール松原,102300,,,,,,,草加市松原1-4ほか,6号棟,鉄筋コンクリート造,2,N,204号室,1LDK,49,12,98800,3500,2か月,"['近居割', '近居割WIDE']",随時,https://www.ur-net.go.jp/chintai/kanto/saitama/50_4090_room.html?JKSS=000060204,<li>東武伊勢崎線「獨協大学前」駅 徒歩2～9分</li><li>東武伊勢崎線「新田」駅 徒歩15～23分</li><li>東武伊勢崎線「草加」駅 徒歩21～27分</li>
saitama,shinkoshigaya,コンフォール松原,110400,東武伊勢崎線「獨協大学前」駅,2.0,9.0,,,,草加市松原1-4ほか,3号棟,鉄筋コンクリート造,8,N,806号室,2DK,50,14,106900,3500,2か月,"['近居割', '近居割WIDE']",随時,https://www.ur-net.go.jp/chintai/kanto/saitama/50_4090_room.html?JKSS=000030806,<li>東武伊勢崎線「獨協大学前」駅 徒歩2～9分</li><li>東武伊勢崎線「新田」駅 徒歩15～23分</li><li>東武伊勢崎線「草加」駅 徒歩21～27分</li>
saitama,shinkoshigaya,コンフォール松原,110400,東武伊勢崎線「新田」駅,15.0,23.0,,,,草加市松原1-4ほか,3号棟,鉄筋コンクリート造,8,N,806号室,2DK,50,14,106900,3500,2か月,"['近居割', '近居割WIDE']",随時,https://www.ur-net.go.jp/chintai/kanto/saitama/50_4090_room.html?JKSS=000030806,<li>東武伊勢崎線「獨協大学前」駅 徒歩2～9分</li><li>東武伊勢崎線「新田」駅 徒歩15～23分</li><li>東武伊勢崎線「草加」駅 徒歩21～27分</li>
saitama,shinkoshigaya,コンフォール松原,110400,東武伊勢崎線「草加」駅,21.0,27.0,,,,草加市松原1-4ほか,3号棟,鉄筋コンクリート造,8,N,806号室,2DK,50,14,106900,3500,2か月,"['近居割', '近居割WIDE']",随時,https://www.ur-net.go.jp/chintai/kanto/saitama/50_4090_room.html?JKSS=000030806,<li>東武伊勢崎線「獨協大学前」駅 徒歩2～9分</li><li>東武伊勢崎線「新田」駅 徒歩15～23分</li><li>東武伊勢崎線「草加」駅 徒歩21～27分</li>
saitama,shinkoshigaya,コンフォール松原,110400,,,,,,,草加市松原1-4ほか,3号棟,鉄筋コンクリート造,8,N,806号室,2DK,50,14,106900,3500,2か月,"['近居割', '近居割WIDE']",随時,https://www.ur-net.go.jp/chintai/kanto/saitama/50_4090_room.html?JKSS=000030806,<li>東武伊勢崎線「獨協大学前」駅 徒歩2～9分</li><li>東武伊勢崎線「新田」駅 徒歩15～23分</li><li>東武伊勢崎線「草加」駅 徒歩21～27分</li>
saitama,shinkoshigaya,グリーンアベニュー谷塚,121600,東武伊勢崎線「谷塚」駅,4.0,6.0,,,,草加市谷塚町731-1,2号棟,鉄筋コンクリート造,10,N,1003号室,3DK,65,14,117800,3800,2か月,"['近居割', '近居割WIDE']",随時,https://www.ur-net.go.jp/chintai/kanto/saitama/50_2610_room.html?JKSS=000021003,<li>東武伊勢崎線「谷塚」駅 徒歩4～6分</li><li>東武伊勢崎線「草加」駅 徒歩17～19分</li><li>東武伊勢崎線「竹ノ塚」駅 徒歩39～41分</li>
saitama,shinkoshigaya,グリーンアベニュー谷塚,121600,東武伊勢崎線「草加」駅,17.0,19.0,,,,草加市谷塚町731-1,2号棟,鉄筋コンクリート造,10,N,1003号室,3DK,65,14,117800,3800,2か月,"['近居割', '近居割WIDE']",随時,https://www.ur-net.go.jp/chintai/kanto/saitama/50_2610_room.html?JKSS=000021003,<li>東武伊勢崎線「谷塚」駅 徒歩4～6分</li><li>東武伊勢崎線「草加」駅 徒歩17～19分</li><li>東武伊勢崎線「竹ノ塚」駅 徒歩39～41分</li>
saitama,shinkoshigaya,グリーンアベニュー谷塚,121600,東武伊勢崎線「竹ノ塚」駅,39.0,41.0,,,,草加市谷塚町731-1,2号棟,鉄筋コンクリート造,10,N,1003号室,3DK,65,14,117800,3800,2か月,"['近居割', '近居割WIDE']",随時,https://www.ur-net.go.jp/chintai/kanto/saitama/50_2610_room.html?JKSS=000021003,<li>東武伊勢崎線「谷塚」駅 徒歩4～6分</li><li>東武伊勢崎線「草加」駅 徒歩17～19分</li><li>東武伊勢崎線「竹ノ塚」駅 徒歩39～41分</li>
saitama,shinkoshigaya,グリーンアベニュー谷塚,121600,,,,,,,草加市谷塚町731-1,2号棟,鉄筋コンクリート造,10,N,1003号室,3DK,65,14,117800,3800,2か月,"['近居割', '近居割WIDE']",随時,https://www.ur-net.go.jp/chintai/kanto/saitama/50_2610_room.html?JKSS=000021003,<li>東武伊勢崎線「谷塚」駅 徒歩4～6分</li><li>東武伊勢崎線「草加」駅 徒歩17～19分</li><li>東武伊勢崎線「竹ノ塚」駅 徒歩39～41分</li>
saitama,sengendai,わし宮,41700,東武伊勢崎線「鷲宮」駅,14.0,20.0,,,,久喜市上内478,2-17号棟,鉄筋コンクリート造,5,N,503号室,2DK,45,5,37800,3900,2か月,['近居割WIDE'],随時,https://www.ur-net.go.jp/chintai/kanto/saitama/50_1430_room.html?JKSS=000217503,<li>東武伊勢崎線「鷲宮」駅 徒歩14～20分</li><li>JR東北本線「東鷲宮」駅 徒歩22～33分</li><li>JR東北本線「久喜」駅 徒歩41～47分</li>
saitama,sengendai,わし宮,41700,JR東北本線「東鷲宮」駅,22.0,33.0,,,,久喜市上内478,2-17号棟,鉄筋コンクリート造,5,N,503号室,2DK,45,5,37800,3900,2か月,['近居割WIDE'],随時,https://www.ur-net.go.jp/chintai/kanto/saitama/50_1430_room.html?JKSS=000217503,<li>東武伊勢崎線「鷲宮」駅 徒歩14～20分</li><li>JR東北本線「東鷲宮」駅 徒歩22～33分</li><li>JR東北本線「久喜」駅 徒歩41～47分</li>
saitama,sengendai,わし宮,41700,JR東北本線「久喜」駅,41.0,47.0,,,,久喜市上内478,2-17号棟,鉄筋コンクリート造,5,N,503号室,2DK,45,5,37800,3900,2か月,['近居割WIDE'],随時,https://www.ur-net.go.jp/chintai/kanto/saitama/50_1430_room.html?JKSS=000217503,<li>東武伊勢崎線「鷲宮」駅 徒歩14～20分</li><li>JR東北本線「東鷲宮」駅 徒歩22～33分</li><li>JR東北本線「久喜」駅 徒歩41～47分</li>
saitama,sengendai,わし宮,41700,,,,,,,久喜市上内478,2-17号棟,鉄筋コンクリート造,5,N,503号室,2DK,45,5,37800,3900,2か月,['近居割WIDE'],随時,https://www.ur-net.go.jp/chintai/kanto/saitama/50_1430_room.html?JKSS=000217503,<li>東武伊勢崎線「鷲宮」駅 徒歩14～20分</li><li>JR東北本線「東鷲宮」駅 徒歩22～33分</li><li>JR東北本線「久喜」駅 徒歩41～47分</li>
saitama,sengendai,わし宮,43900,東武伊勢崎線「鷲宮」駅,14.0,20.0,,,,久喜市上内478,2-3号棟,鉄筋コンクリート造,5,N,503号室,3K,48,5,40000,3900,2か月,['近居割WIDE'],随時,https://www.ur-net.go.jp/chintai/kanto/saitama/50_1430_room.html?JKSS=000203503,<li>東武伊勢崎線「鷲宮」駅 徒歩14～20分</li><li>JR東北本線「東鷲宮」駅 徒歩22～33分</li><li>JR東北本線「久喜」駅 徒歩41～47分</li>
saitama,sengendai,わし宮,43900,JR東北本線「東鷲宮」駅,22.0,33.0,,,,久喜市上内478,2-3号棟,鉄筋コンクリート造,5,N,503号室,3K,48,5,40000,3900,2か月,['近居割WIDE'],随時,https://www.ur-net.go.jp/chintai/kanto/saitama/50_1430_room.html?JKSS=000203503,<li>東武伊勢崎線「鷲宮」駅 徒歩14～20分</li><li>JR東北本線「東鷲宮」駅 徒歩22～33分</li><li>JR東北本線「久喜」駅 徒歩41～47分</li>
saitama,sengendai,わし宮,43900,JR東北本線「久喜」駅,41.0,47.0,,,,久喜市上内478,2-3号棟,鉄筋コンクリート造,5,N,503号室,3K,48,5,40000,3900,2か月,['近居割WIDE'],随時,https://www.ur-net.go.jp/chintai/kanto/saitama/50_1430_room.html?JKSS=000203503,<li>東武伊勢崎線「鷲宮」駅 徒歩14～20分</li><li>JR東北本線「東鷲宮」駅 徒歩22～33分</li><li>JR東北本線「久喜」駅 徒歩41～47分</li>
saitama,sengendai,わし宮,43900,,,,,,,久喜市上内478,2-3号棟,鉄筋コンクリート造,5,N,503号室,3K,48,5,40000,3900,2か月,['近居割WIDE'],随時,https://www.ur-net.go.jp/chintai/kanto/saitama/50_1430_room.html?JKSS=000203503,<li>東武伊勢崎線「鷲宮」駅 徒歩14～20分</li><li>JR東北本線「東鷲宮」駅 徒歩22～33分</li><li>JR東北本線「久喜」駅 徒歩41～47分</li>
saitama,sengendai,わし宮,43900,東武伊勢崎線「鷲宮」駅,14.0,20.0,,,,久喜市上内478,2-9号棟,鉄筋コンクリート造,5,N,505号室,2LDK,48,5,40000,3900,2か月,['近居割WIDE'],2026年9月1日以降,https://www.ur-net.go.jp/chintai/kanto/saitama/50_1430_room.html?JKSS=000209505,<li>東武伊勢崎線「鷲宮」駅 徒歩14～20分</li><li>JR東北本線「東鷲宮」駅 徒歩22～33分</li><li>JR東北本線「久喜」駅 徒歩41～47分</li>
saitama,sengendai,わし宮,43900,JR東北本線「東鷲宮」駅,22.0,33.0,,,,久喜市上内478,2-9号棟,鉄筋コンクリート造,5,N,505号室,2LDK,48,5,40000,3900,2か月,['近居割WIDE'],2026年9月1日以降,https://www.ur-net.go.jp/chintai/kanto/saitama/50_1430_room.html?JKSS=000209505,<li>東武伊勢崎線「鷲宮」駅 徒歩14～20分</li><li>JR東北本線「東鷲宮」駅 徒歩22～33分</li><li>JR東北本線「久喜」駅 徒歩41～47分</li>
saitama,sengendai,わし宮,43900,JR東北本線「久喜」駅,41.0,47.0,,,,久喜市上内478,2-9号棟,鉄筋コンクリート造,5,N,505号室,2LDK,48,5,40000,3900,2か月,['近居割WIDE'],2026年9月1日以降,https://www.ur-net.go.jp/chintai/kanto/saitama/50_1430_room.html?JKSS=000209505,<li>東武伊勢崎線「鷲宮」駅 徒歩14～20分</li><li>JR東北本線「東鷲宮」駅 徒歩22～33分</li><li>JR東北本線「久喜」駅 徒歩41～47分</li>
saitama,sengendai,わし宮,43900,,,,,,,久喜市上内478,2-9号棟,鉄筋コンクリート造,5,N,505号室,2LDK,48,5,40000,3900,2か月,['近居割WIDE'],2026年9月1日以降,https://www.ur-net.go.jp/chintai/kanto/saitama/50_1430_room.html?JKSS=000209505,<li>東武伊勢崎線「鷲宮」駅 徒歩14～20分</li><li>JR東北本線「東鷲宮」駅 徒歩22～33分</li><li>JR東北本線「久喜」駅 徒歩41～47分</li>
saitama,sengendai,わし宮,44100,東武伊勢崎線「鷲宮」駅,14.0,20.0,,,,久喜市上内478,2-10号棟,鉄筋コンクリート造,5,N,506号室,2LDK,48,5,40200,3900,2か月,['近居割WIDE'],随時,https://www.ur-net.go.jp/chintai/kanto/saitama/50_1430_room.html?JKSS=000210506,<li>東武伊勢崎線「鷲宮」駅 徒歩14～20分</li><li>JR東北本線「東鷲宮」駅 徒歩22～33分</li><li>JR東北本線「久喜」駅 徒歩41～47分</li>
saitama,sengendai,わし宮,44100,JR東北本線「東鷲宮」駅,22.0,33.0,,,,久喜市上内478,2-10号棟,鉄筋コンクリート造,5,N,506号室,2LDK,48,5,40200,3900,2か月,['近居割WIDE'],随時,https://www.ur-net.go.jp/chintai/kanto/saitama/50_1430_room.html?JKSS=000210506,<li>東武伊勢崎線「鷲宮」駅 徒歩14～20分</li><li>JR東北本線「東鷲宮」駅 徒歩22～33分</li><li>JR東北本線「久喜」駅 徒歩41～47分</li>
saitama,sengendai,わし宮,44100,JR東北本線「久喜」駅,41.0,47.0,,,,久喜市上内478,2-10号棟,鉄筋コンクリート造,5,N,506号室,2LDK,48,5,40200,3900,2か月,['近居割WIDE'],随時,https://www.ur-net.go.jp/chintai/kanto/saitama/50_1430_room.html?JKSS=000210506,<li>東武伊勢崎線「鷲宮」駅 徒歩14～20分</li><li>JR東北本線「東鷲宮」駅 徒歩22～33分</li><li>JR東北本線「久喜」駅 徒歩41～47分</li>
saitama,sengendai,わし宮,44100,,,,,,,久喜市上内478,2-10号棟,鉄筋コンクリート造,5,N,506号室,2LDK,48,5,40200,3900,2か月,['近居割WIDE'],随時,https://www.ur-net.go.jp/chintai/kanto/saitama/50_1430_room.html?JKSS=000210506,<li>東武伊勢崎線「鷲宮」駅 徒歩14～20分</li><li>JR東北本線「東鷲宮」駅 徒歩22～33分</li><li>JR東北本線「久喜」駅 徒歩41～47分</li>
saitama,sengendai,わし宮,46800,東武伊勢崎線「鷲宮」駅,14.0,20.0,,,,久喜市上内478,2-28号棟,鉄筋コンクリート造,5,N,506号室,3DK,52,5,42900,3900,2か月,['近居割WIDE'],随時,https://www.ur-net.go.jp/chintai/kanto/saitama/50_1430_room.html?JKSS=000228506,<li>東武伊勢崎線「鷲宮」駅 徒歩14～20分</li><li>JR東北本線「東鷲宮」駅 徒歩22～33分</li><li>JR東北本線「久喜」駅 徒歩41～47分</li>
saitama,sengendai,わし宮,46800,JR東北本線「東鷲宮」駅,22.0,33.0,,,,久喜市上内478,2-28号棟,鉄筋コンクリート造,5,N,506号室,3DK,52,5,42900,3900,2か月,['近居割WIDE'],随時,https://www.ur-net.go.jp/chintai/kanto/saitama/50_1430_room.html?JKSS=000228506,<li>東武伊勢崎線「鷲宮」駅 徒歩14～20分</li><li>JR東北本線「東鷲宮」駅 徒歩22～33分</li><li>JR東北本線「久喜」駅 徒歩41～47分</li>
saitama,sengendai,わし宮,46800,JR東北本線「久喜」駅,41.0,47.0,,,,久喜市上内478,2-28号棟,鉄筋コンクリート造,5,N,506号室,3DK,52,5,42900,3900,2か月,['近居割WIDE'],随時,https://www.ur-net.go.jp/chintai/kanto/saitama/50_1430_room.html?JKSS=000228506,<li>東武伊勢崎線「鷲宮」駅 徒歩14～20分</li><li>JR東北本線「東鷲宮」駅 徒歩22～33分</li><li>JR東北本線「久喜」駅 徒歩41～47分</li>
saitama,sengendai,わし宮,46800,,,,,,,久喜市上内478,2-28号棟,鉄筋コンクリート造,5,N,506号室,3DK,52,5,42900,3900,2か月,['近居割WIDE'],随時,https://www.ur-net.go.jp/chintai/kanto/saitama/50_1430_room.html?JKSS=000228506,<li>東武伊勢崎線「鷲宮」駅 徒歩14～20分</li><li>JR東北本線「東鷲宮」駅 徒歩22～33分</li><li>JR東北本線「久喜」駅 徒歩41～47分</li>
saitama,sengendai,久喜青葉,44600,,,,湘南新宿ライン「久喜」駅,8.0,17.0,久喜市青葉1,2-6号棟,鉄筋コンクリート造,5,N,501号室,3K,47,5,41500,3100,2か月,['近居割'],2026年8月31日以降,https://www.ur-net.go.jp/chintai/kanto/saitama/50_1640_room.html?JKSS=002060501,<li>湘南新宿ライン「久喜」駅バス7～10分 徒歩1～7分</li><li>東武伊勢崎線「久喜」駅バス7～10分 徒歩1～7分</li><li>東武日光線「幸手」駅 徒歩25～35分</li>
saitama,sengendai,久喜青葉,44600,,,,東武伊勢崎線「久喜」駅,8.0,17.0,久喜市青葉1,2-6号棟,鉄筋コンクリート造,5,N,501号室,3K,47,5,41500,3100,2か月,['近居割'],2026年8月31日以降,https://www.ur-net.go.jp/chintai/kanto/saitama/50_1640_room.html?JKSS=002060501,<li>湘南新宿ライン「久喜」駅バス7～10分 徒歩1～7分</li><li>東武伊勢崎線「久喜」駅バス7～10分 徒歩1～7分</li><li>東武日光線「幸手」駅 徒歩25～35分</li>
saitama,sengendai,久喜青葉,44600,東武日光線「幸手」駅,25.0,35.0,,,,久喜市青葉1,2-6号棟,鉄筋コンクリート造,5,N,501号室,3K,47,5,41500,3100,2か月,['近居割'],2026年8月31日以降,https://www.ur-net.go.jp/chintai/kanto/saitama/50_1640_room.html?JKSS=002060501,<li>湘南新宿ライン「久喜」駅バス7～10分 徒歩1～7分</li><li>東武伊勢崎線「久喜」駅バス7～10分 徒歩1～7分</li><li>東武日光線「幸手」駅 徒歩25～35分</li>
saitama,sengendai,久喜青葉,44600,,,,,,,久喜市青葉1,2-6号棟,鉄筋コンクリート造,5,N,501号室,3K,47,5,41500,3100,2か月,['近居割'],2026年8月31日以降,https://www.ur-net.go.jp/chintai/kanto/saitama/50_1640_room.html?JKSS=002060501,<li>湘南新宿ライン「久喜」駅バス7～10分 徒歩1～7分</li><li>東武伊勢崎線「久喜」駅バス7～10分 徒歩1～7分</li><li>東武日光線「幸手」駅 徒歩25～35分</li>
saitama,sengendai,久喜青葉,44600,,,,湘南新宿ライン「久喜」駅,8.0,17.0,久喜市青葉1,2-7号棟,鉄筋コンクリート造,5,N,506号室,3K,47,5,41500,3100,2か月,['近居割'],2026年9月1日以降,https://www.ur-net.go.jp/chintai/kanto/saitama/50_1640_room.html?JKSS=002070506,<li>湘南新宿ライン「久喜」駅バス7～10分 徒歩1～7分</li><li>東武伊勢崎線「久喜」駅バス7～10分 徒歩1～7分</li><li>東武日光線「幸手」駅 徒歩25～35分</li>
saitama,sengendai,久喜青葉,44600,,,,東武伊勢崎線「久喜」駅,8.0,17.0,久喜市青葉1,2-7号棟,鉄筋コンクリート造,5,N,506号室,3K,47,5,41500,3100,2か月,['近居割'],2026年9月1日以降,https://www.ur-net.go.jp/chintai/kanto/saitama/50_1640_room.html?JKSS=002070506,<li>湘南新宿ライン「久喜」駅バス7～10分 徒歩1～7分</li><li>東武伊勢崎線「久喜」駅バス7～10分 徒歩1～7分</li><li>東武日光線「幸手」駅 徒歩25～35分</li>
saitama,sengendai,久喜青葉,44600,東武日光線「幸手」駅,25.0,35.0,,,,久喜市青葉1,2-7号棟,鉄筋コンクリート造,5,N,506号室,3K,47,5,41500,3100,2か月,['近居割'],2026年9月1日以降,https://www.ur-net.go.jp/chintai/kanto/saitama/50_1640_room.html?JKSS=002070506,<li>湘南新宿ライン「久喜」駅バス7～10分 徒歩1～7分</li><li>東武伊勢崎線「久喜」駅バス7～10分 徒歩1～7分</li><li>東武日光線「幸手」駅 徒歩25～35分</li>
saitama,sengendai,久喜青葉,44600,,,,,,,久喜市青葉1,2-7号棟,鉄筋コンクリート造,5,N,506号室,3K,47,5,41500,3100,2か月,['近居割'],2026年9月1日以降,https://www.ur-net.go.jp/chintai/kanto/saitama/50_1640_room.html?JKSS=002070506,<li>湘南新宿ライン「久喜」駅バス7～10分 徒歩1～7分</li><li>東武伊勢崎線「久喜」駅バス7～10分 徒歩1～7分</li><li>東武日光線「幸手」駅 徒歩25～35分</li>
saitama,sengendai,久喜青葉,44700,,,,湘南新宿ライン「久喜」駅,8.0,17.0,久喜市青葉1,1-22号棟,鉄筋コンクリート造,3,N,309号室,2DK,43,5,41600,3100,2か月,['近居割'],2026年9月1日以降,https://www.ur-net.go.jp/chintai/kanto/saitama/50_1640_room.html?JKSS=001220309,<li>湘南新宿ライン「久喜」駅バス7～10分 徒歩1～7分</li><li>東武伊勢崎線「久喜」駅バス7～10分 徒歩1～7分</li><li>東武日光線「幸手」駅 徒歩25～35分</li>
saitama,sengendai,久喜青葉,44700,,,,東武伊勢崎線「久喜」駅,8.0,17.0,久喜市青葉1,1-22号棟,鉄筋コンクリート造,3,N,309号室,2DK,43,5,41600,3100,2か月,['近居割'],2026年9月1日以降,https://www.ur-net.go.jp/chintai/kanto/saitama/50_1640_room.html?JKSS=001220309,<li>湘南新宿ライン「久喜」駅バス7～10分 徒歩1～7分</li><li>東武伊勢崎線「久喜」駅バス7～10分 徒歩1～7分</li><li>東武日光線「幸手」駅 徒歩25～35分</li>
saitama,sengendai,久喜青葉,44700,東武日光線「幸手」駅,25.0,35.0,,,,久喜市青葉1,1-22号棟,鉄筋コンクリート造,3,N,309号室,2DK,43,5,41600,3100,2か月,['近居割'],2026年9月1日以降,https://www.ur-net.go.jp/chintai/kanto/saitama/50_1640_room.html?JKSS=001220309,<li>湘南新宿ライン「久喜」駅バス7～10分 徒歩1～7分</li><li>東武伊勢崎線「久喜」駅バス7～10分 徒歩1～7分</li><li>東武日光線「幸手」駅 徒歩25～35分</li>
saitama,sengendai,久喜青葉,44700,,,,,,,久喜市青葉1,1-22号棟,鉄筋コンクリート造,3,N,309号室,2DK,43,5,41600,3100,2か月,['近居割'],2026年9月1日以降,https://www.ur-net.go.jp/chintai/kanto/saitama/50_1640_room.html?JKSS=001220309,<li>湘南新宿ライン「久喜」駅バス7～10分 徒歩1～7分</li><li>東武伊勢崎線「久喜」駅バス7～10分 徒歩1～7分</li><li>東武日光線「幸手」駅 徒歩25～35分</li>
saitama,sengendai,久喜青葉,46600,,,,湘南新宿ライン「久喜」駅,8.0,17.0,久喜市青葉1,2-1号棟,鉄筋コンクリート造,5,N,503号室,2LDK,50,5,43500,3100,2か月,['近居割'],随時,https://www.ur-net.go.jp/chintai/kanto/saitama/50_1640_room.html?JKSS=002010503,<li>湘南新宿ライン「久喜」駅バス7～10分 徒歩1～7分</li><li>東武伊勢崎線「久喜」駅バス7～10分 徒歩1～7分</li><li>東武日光線「幸手」駅 徒歩25～35分</li>
saitama,sengendai,久喜青葉,46600,,,,東武伊勢崎線「久喜」駅,8.0,17.0,久喜市青葉1,2-1号棟,鉄筋コンクリート造,5,N,503号室,2LDK,50,5,43500,3100,2か月,['近居割'],随時,https://www.ur-net.go.jp/chintai/kanto/saitama/50_1640_room.html?JKSS=002010503,<li>湘南新宿ライン「久喜」駅バス7～10分 徒歩1～7分</li><li>東武伊勢崎線「久喜」駅バス7～10分 徒歩1～7分</li><li>東武日光線「幸手」駅 徒歩25～35分</li>
saitama,sengendai,久喜青葉,46600,東武日光線「幸手」駅,25.0,35.0,,,,久喜市青葉1,2-1号棟,鉄筋コンクリート造,5,N,503号室,2LDK,50,5,43500,3100,2か月,['近居割'],随時,https://www.ur-net.go.jp/chintai/kanto/saitama/50_1640_room.html?JKSS=002010503,<li>湘南新宿ライン「久喜」駅バス7～10分 徒歩1～7分</li><li>東武伊勢崎線「久喜」駅バス7～10分 徒歩1～7分</li><li>東武日光線「幸手」駅 徒歩25～35分</li>
saitama,sengendai,久喜青葉,46600,,,,,,,久喜市青葉1,2-1号棟,鉄筋コンクリート造,5,N,503号室,2LDK,50,5,43500,3100,2か月,['近居割'],随時,https://www.ur-net.go.jp/chintai/kanto/saitama/50_1640_room.html?JKSS=002010503,<li>湘南新宿ライン「久喜」駅バス7～10分 徒歩1～7分</li><li>東武伊勢崎線「久喜」駅バス7～10分 徒歩1～7分</li><li>東武日光線「幸手」駅 徒歩25～35分</li>
saitama,sengendai,久喜青葉,46800,,,,湘南新宿ライン「久喜」駅,8.0,17.0,久喜市青葉1,2-13号棟,鉄筋コンクリート造,5,N,503号室,2LDK,50,5,43700,3100,2か月,['近居割'],随時,https://www.ur-net.go.jp/chintai/kanto/saitama/50_1640_room.html?JKSS=002130503,<li>湘南新宿ライン「久喜」駅バス7～10分 徒歩1～7分</li><li>東武伊勢崎線「久喜」駅バス7～10分 徒歩1～7分</li><li>東武日光線「幸手」駅 徒歩25～35分</li>
saitama,sengendai,久喜青葉,46800,,,,東武伊勢崎線「久喜」駅,8.0,17.0,久喜市青葉1,2-13号棟,鉄筋コンクリート造,5,N,503号室,2LDK,50,5,43700,3100,2か月,['近居割'],随時,https://www.ur-net.go.jp/chintai/kanto/saitama/50_1640_room.html?JKSS=002130503,<li>湘南新宿ライン「久喜」駅バス7～10分 徒歩1～7分</li><li>東武伊勢崎線「久喜」駅バス7～10分 徒歩1～7分</li><li>東武日光線「幸手」駅 徒歩25～35分</li>
saitama,sengendai,久喜青葉,46800,東武日光線「幸手」駅,25.0,35.0,,,,久喜市青葉1,2-13号棟,鉄筋コンクリート造,5,N,503号室,2LDK,50,5,43700,3100,2か月,['近居割'],随時,https://www.ur-net.go.jp/chintai/kanto/saitama/50_1640_room.html?JKSS=002130503,<li>湘南新宿ライン「久喜」駅バス7～10分 徒歩1～7分</li><li>東武伊勢崎線「久喜」駅バス7～10分 徒歩1～7分</li><li>東武日光線「幸手」駅 徒歩25～35分</li>
saitama,sengendai,久喜青葉,46800,,,,,,,久喜市青葉1,2-13号棟,鉄筋コンクリート造,5,N,503号室,2LDK,50,5,43700,3100,2か月,['近居割'],随時,https://www.ur-net.go.jp/chintai/kanto/saitama/50_1640_room.html?JKSS=002130503,<li>湘南新宿ライン「久喜」駅バス7～10分 徒歩1～7分</li><li>東武伊勢崎線「久喜」駅バス7～10分 徒歩1～7分</li><li>東武日光線「幸手」駅 徒歩25～35分</li>
saitama,misato,吉川,105100,,,,JR武蔵野線「吉川」駅,6.0,11.0,吉川市吉川団地,4-18号棟,鉄筋コンクリート造,2,N,202号室,3LDK,85,5,102000,3100,2か月,"['近居割', '近居割WIDE']",随時,https://www.ur-net.go.jp/chintai/kanto/saitama/50_1551_room.html?JKSS=000418202,<li>JR武蔵野線「吉川」駅バス5～6分 徒歩1～5分</li>
saitama,misato,吉川,105100,,,,,,,吉川市吉川団地,4-18号棟,鉄筋コンクリート造,2,N,202号室,3LDK,85,5,102000,3100,2か月,"['近居割', '近居割WIDE']",随時,https://www.ur-net.go.jp/chintai/kanto/saitama/50_1551_room.html?JKSS=000418202,<li>JR武蔵野線「吉川」駅バス5～6分 徒歩1～5分</li>
saitama,misato,吉川,106200,,,,JR武蔵野線「吉川」駅,6.0,11.0,吉川市吉川団地,5-17号棟,鉄筋コンクリート造,4,N,406号室,3LDK,85,5,103100,3100,2か月,"['近居割', '近居割WIDE']",随時,https://www.ur-net.go.jp/chintai/kanto/saitama/50_1551_room.html?JKSS=000517406,<li>JR武蔵野線「吉川」駅バス5～6分 徒歩1～5分</li>
saitama,misato,吉川,106200,,,,,,,吉川市吉川団地,5-17号棟,鉄筋コンクリート造,4,N,406号室,3LDK,85,5,103100,3100,2か月,"['近居割', '近居割WIDE']",随時,https://www.ur-net.go.jp/chintai/kanto/saitama/50_1551_room.html?JKSS=000517406,<li>JR武蔵野線「吉川」駅バス5～6分 徒歩1～5分</li>
saitama,misato,吉川,112900,,,,JR武蔵野線「吉川」駅,6.0,11.0,吉川市吉川団地,5-17号棟,鉄筋コンクリート造,3,N,301号室,4LDK,92,5,109800,3100,2か月,"['近居割', '近居割WIDE']",随時,https://www.ur-net.go.jp/chintai/kanto/saitama/50_1551_room.html?JKSS=000517301,<li>JR武蔵野線「吉川」駅バス5～6分 徒歩1～5分</li>
saitama,misato,吉川,112900,,,,,,,吉川市吉川団地,5-17号棟,鉄筋コンクリート造,3,N,301号室,4LDK,92,5,109800,3100,2か月,"['近居割', '近居割WIDE']",随時,https://www.ur-net.go.jp/chintai/kanto/saitama/50_1551_room.html?JKSS=000517301,<li>JR武蔵野線「吉川」駅バス5～6分 徒歩1～5分</li>
saitama,misato,吉川,113800,,,,JR武蔵野線「吉川」駅,6.0,11.0,吉川市吉川団地,4-18号棟,鉄筋コンクリート造,3,N,305号室,4LDK,98,5,110700,3100,2か月,"['近居割', '近居割WIDE']",随時,https://www.ur-net.go.jp/chintai/kanto/saitama/50_1551_room.html?JKSS=000418305,<li>JR武蔵野線「吉川」駅バス5～6分 徒歩1～5分</li>
saitama,misato,吉川,113800,,,,,,,吉川市吉川団地,4-18号棟,鉄筋コンクリート造,3,N,305号室,4LDK,98,5,110700,3100,2か月,"['近居割', '近居割WIDE']",随時,https://www.ur-net.go.jp/chintai/kanto/saitama/50_1551_room.html?JKSS=000418305,<li>JR武蔵野線「吉川」駅バス5～6分 徒歩1～5分</li>
saitama,higashiomiya,コンフォール西本郷,140300,JR東北本線「土呂」駅,11.0,14.0,,,,さいたま市北区本郷町17-1,3号棟,鉄筋コンクリート造,1,N,101号室,4DK,76,5,136200,4100,2か月,['近居割'],随時,https://www.ur-net.go.jp/chintai/kanto/saitama/50_3860_room.html?JKSS=000030101,<li>JR東北本線「土呂」駅 徒歩11～14分</li><li>ニューシャトル伊奈線「加茂宮」駅 徒歩12～14分</li><li>東武野田線「大宮公園」駅 徒歩17～23分</li>
saitama,higashiomiya,コンフォール西本郷,140300,ニューシャトル伊奈線「加茂宮」駅,12.0,14.0,,,,さいたま市北区本郷町17-1,3号棟,鉄筋コンクリート造,1,N,101号室,4DK,76,5,136200,4100,2か月,['近居割'],随時,https://www.ur-net.go.jp/chintai/kanto/saitama/50_3860_room.html?JKSS=000030101,<li>JR東北本線「土呂」駅 徒歩11～14分</li><li>ニューシャトル伊奈線「加茂宮」駅 徒歩12～14分</li><li>東武野田線「大宮公園」駅 徒歩17～23分</li>
saitama,higashiomiya,コンフォール西本郷,140300,東武野田線「大宮公園」駅,17.0,23.0,,,,さいたま市北区本郷町17-1,3号棟,鉄筋コンクリート造,1,N,101号室,4DK,76,5,136200,4100,2か月,['近居割'],随時,https://www.ur-net.go.jp/chintai/kanto/saitama/50_3860_room.html?JKSS=000030101,<li>JR東北本線「土呂」駅 徒歩11～14分</li><li>ニューシャトル伊奈線「加茂宮」駅 徒歩12～14分</li><li>東武野田線「大宮公園」駅 徒歩17～23分</li>
saitama,higashiomiya,コンフォール西本郷,140300,,,,,,,さいたま市北区本郷町17-1,3号棟,鉄筋コンクリート造,1,N,101号室,4DK,76,5,136200,4100,2か月,['近居割'],随時,https://www.ur-net.go.jp/chintai/kanto/saitama/50_3860_room.html?JKSS=000030101,<li>JR東北本線「土呂」駅 徒歩11～14分</li><li>ニューシャトル伊奈線「加茂宮」駅 徒歩12～14分</li><li>東武野田線「大宮公園」駅 徒歩17～23分</li>
saitama,higashiomiya,コンフォール西本郷,155200,JR東北本線「土呂」駅,11.0,14.0,,,,さいたま市北区本郷町17-1,3号棟,鉄筋コンクリート造,5,N,503号室,4DK,76,5,151100,4100,2か月,['近居割'],随時,https://www.ur-net.go.jp/chintai/kanto/saitama/50_3860_room.html?JKSS=000030503,<li>JR東北本線「土呂」駅 徒歩11～14分</li><li>ニューシャトル伊奈線「加茂宮」駅 徒歩12～14分</li><li>東武野田線「大宮公園」駅 徒歩17～23分</li>
saitama,higashiomiya,コンフォール西本郷,155200,ニューシャトル伊奈線「加茂宮」駅,12.0,14.0,,,,さいたま市北区本郷町17-1,3号棟,鉄筋コンクリート造,5,N,503号室,4DK,76,5,151100,4100,2か月,['近居割'],随時,https://www.ur-net.go.jp/chintai/kanto/saitama/50_3860_room.html?JKSS=000030503,<li>JR東北本線「土呂」駅 徒歩11～14分</li><li>ニューシャトル伊奈線「加茂宮」駅 徒歩12～14分</li><li>東武野田線「大宮公園」駅 徒歩17～23分</li>
saitama,higashiomiya,コンフォール西本郷,155200,東武野田線「大宮公園」駅,17.0,23.0,,,,さいたま市北区本郷町17-1,3号棟,鉄筋コンクリート造,5,N,503号室,4DK,76,5,151100,4100,2か月,['近居割'],随時,https://www.ur-net.go.jp/chintai/kanto/saitama/50_3860_room.html?JKSS=000030503,<li>JR東北本線「土呂」駅 徒歩11～14分</li><li>ニューシャトル伊奈線「加茂宮」駅 徒歩12～14分</li><li>東武野田線「大宮公園」駅 徒歩17～23分</li>
saitama,higashiomiya,コンフォール西本郷,155200,,,,,,,さいたま市北区本郷町17-1,3号棟,鉄筋コンクリート造,5,N,503号室,4DK,76,5,151100,4100,2か月,['近居割'],随時,https://www.ur-net.go.jp/chintai/kanto/saitama/50_3860_room.html?JKSS=000030503,<li>JR東北本線「土呂」駅 徒歩11～14分</li><li>ニューシャトル伊奈線「加茂宮」駅 徒歩12～14分</li><li>東武野田線「大宮公園」駅 徒歩17～23分</li>
saitama,kawaguchi,アーバンハイツ南前川,111300,,,,JR京浜東北線「蕨」駅,8.0,8.0,川口市南前川2-21-10,,鉄筋コンクリート造,4,N,409号室,3DK,68,5,107500,3800,2か月,['近居割'],随時,https://www.ur-net.go.jp/chintai/kanto/saitama/50_2220_room.html?JKSS=000000409,<li>JR京浜東北線「蕨」駅 バス7分 徒歩1分</li><li>JR京浜東北線「西川口」駅 バス8分 徒歩1分</li>
saitama,kawaguchi,アーバンハイツ南前川,111300,,,,JR京浜東北線「西川口」駅,9.0,9.0,川口市南前川2-21-10,,鉄筋コンクリート造,4,N,409号室,3DK,68,5,107500,3800,2か月,['近居割'],随時,https://www.ur-net.go.jp/chintai/kanto/saitama/50_2220_room.html?JKSS=000000409,<li>JR京浜東北線「蕨」駅 バス7分 徒歩1分</li><li>JR京浜東北線「西川口」駅 バス8分 徒歩1分</li>
saitama,kawaguchi,アーバンハイツ南前川,111300,,,,,,,川口市南前川2-21-10,,鉄筋コンクリート造,4,N,409号室,3DK,68,5,107500,3800,2か月,['近居割'],随時,https://www.ur-net.go.jp/chintai/kanto/saitama/50_2220_room.html?JKSS=000000409,<li>JR京浜東北線「蕨」駅 バス7分 徒歩1分</li><li>JR京浜東北線「西川口」駅 バス8分 徒歩1分</li>
saitama,kawaguchi,アーバンハイツ南前川,114100,,,,JR京浜東北線「蕨」駅,8.0,8.0,川口市南前川2-21-10,,鉄筋コンクリート造,2,N,203号室,2LDK,62,5,110300,3800,2か月,['近居割'],2026年9月1日以降,https://www.ur-net.go.jp/chintai/kanto/saitama/50_2220_room.html?JKSS=000000203,<li>JR京浜東北線「蕨」駅 バス7分 徒歩1分</li><li>JR京浜東北線「西川口」駅 バス8分 徒歩1分</li>
saitama,kawaguchi,アーバンハイツ南前川,114100,,,,JR京浜東北線「西川口」駅,9.0,9.0,川口市南前川2-21-10,,鉄筋コンクリート造,2,N,203号室,2LDK,62,5,110300,3800,2か月,['近居割'],2026年9月1日以降,https://www.ur-net.go.jp/chintai/kanto/saitama/50_2220_room.html?JKSS=000000203,<li>JR京浜東北線「蕨」駅 バス7分 徒歩1分</li><li>JR京浜東北線「西川口」駅 バス8分 徒歩1分</li>
saitama,kawaguchi,アーバンハイツ南前川,114100,,,,,,,川口市南前川2-21-10,,鉄筋コンクリート造,2,N,203号室,2LDK,62,5,110300,3800,2か月,['近居割'],2026年9月1日以降,https://www.ur-net.go.jp/chintai/kanto/saitama/50_2220_room.html?JKSS=000000203,<li>JR京浜東北線「蕨」駅 バス7分 徒歩1分</li><li>JR京浜東北線「西川口」駅 バス8分 徒歩1分</li>
saitama,kawaguchi,アーバンハイツ南前川,130800,,,,JR京浜東北線「蕨」駅,8.0,8.0,川口市南前川2-21-10,,鉄筋コンクリート造,3,N,304号室,3LDK,79,5,127000,3800,2か月,['近居割'],随時,https://www.ur-net.go.jp/chintai/kanto/saitama/50_2220_room.html?JKSS=000000304,<li>JR京浜東北線「蕨」駅 バス7分 徒歩1分</li><li>JR京浜東北線「西川口」駅 バス8分 徒歩1分</li>
saitama,kawaguchi,アーバンハイツ南前川,130800,,,,JR京浜東北線「西川口」駅,9.0,9.0,川口市南前川2-21-10,,鉄筋コンクリート造,3,N,304号室,3LDK,79,5,127000,3800,2か月,['近居割'],随時,https://www.ur-net.go.jp/chintai/kanto/saitama/50_2220_room.html?JKSS=000000304,<li>JR京浜東北線「蕨」駅 バス7分 徒歩1分</li><li>JR京浜東北線「西川口」駅 バス8分 徒歩1分</li>
saitama,kawaguchi,アーバンハイツ南前川,130800,,,,,,,川口市南前川2-21-10,,鉄筋コンクリート造,3,N,304号室,3LDK,79,5,127000,3800,2か月,['近居割'],随時,https://www.ur-net.go.jp/chintai/kanto/saitama/50_2220_room.html?JKSS=000000304,<li>JR京浜東北線「蕨」駅 バス7分 徒歩1分</li><li>JR京浜東北線「西川口」駅 バス8分 徒歩1分</li>
saitama,kawaguchi,コンフォール東鳩ヶ谷,115700,埼玉高速鉄道「新井宿」駅,12.0,12.0,,,,川口市桜町4-4,5号棟,鉄筋コンクリート造,6,N,605号室,2DK,57,9,111300,4400,2か月,['近居割'],2026年9月1日以降,https://www.ur-net.go.jp/chintai/kanto/saitama/50_4020_room.html?JKSS=000050605,<li>埼玉高速鉄道「新井宿」駅 徒歩12分</li><li>JR京浜東北・根岸線「西川口」駅バス25分 徒歩1～3分</li><li>JR京浜東北・根岸線「赤羽」駅バス27分 徒歩1～3分</li>
saitama,kawaguchi,コンフォール東鳩ヶ谷,115700,,,,JR京浜東北・根岸線「西川口」駅,26.0,28.0,川口市桜町4-4,5号棟,鉄筋コンクリート造,6,N,605号室,2DK,57,9,111300,4400,2か月,['近居割'],2026年9月1日以降,https://www.ur-net.go.jp/chintai/kanto/saitama/50_4020_room.html?JKSS=000050605,<li>埼玉高速鉄道「新井宿」駅 徒歩12分</li><li>JR京浜東北・根岸線「西川口」駅バス25分 徒歩1～3分</li><li>JR京浜東北・根岸線「赤羽」駅バス27分 徒歩1～3分</li>
saitama,kawaguchi,コンフォール東鳩ヶ谷,115700,,,,JR京浜東北・根岸線「赤羽」駅,28.0,30.0,川口市桜町4-4,5号棟,鉄筋コンクリート造,6,N,605号室,2DK,57,9,111300,4400,2か月,['近居割'],2026年9月1日以降,https://www.ur-net.go.jp/chintai/kanto/saitama/50_4020_room.html?JKSS=000050605,<li>埼玉高速鉄道「新井宿」駅 徒歩12分</li><li>JR京浜東北・根岸線「西川口」駅バス25分 徒歩1～3分</li><li>JR京浜東北・根岸線「赤羽」駅バス27分 徒歩1～3分</li>
saitama,kawaguchi,コンフォール東鳩ヶ谷,115700,,,,,,,川口市桜町4-4,5号棟,鉄筋コンクリート造,6,N,605号室,2DK,57,9,111300,4400,2か月,['近居割'],2026年9月1日以降,https://www.ur-net.go.jp/chintai/kanto/saitama/50_4020_room.html?JKSS=000050605,<li>埼玉高速鉄道「新井宿」駅 徒歩12分</li><li>JR京浜東北・根岸線「西川口」駅バス25分 徒歩1～3分</li><li>JR京浜東北・根岸線「赤羽」駅バス27分 徒歩1～3分</li>
saitama,kawaguchi,コンフォール東鳩ヶ谷,129100,埼玉高速鉄道「新井宿」駅,12.0,12.0,,,,川口市桜町4-4,1号棟,鉄筋コンクリート造,6,N,606号室,2LDK,64,7,124700,4400,2か月,['近居割'],随時,https://www.ur-net.go.jp/chintai/kanto/saitama/50_4020_room.html?JKSS=000010606,<li>埼玉高速鉄道「新井宿」駅 徒歩12分</li><li>JR京浜東北・根岸線「西川口」駅バス25分 徒歩1～3分</li><li>JR京浜東北・根岸線「赤羽」駅バス27分 徒歩1～3分</li>
saitama,kawaguchi,コンフォール東鳩ヶ谷,129100,,,,JR京浜東北・根岸線「西川口」駅,26.0,28.0,川口市桜町4-4,1号棟,鉄筋コンクリート造,6,N,606号室,2LDK,64,7,124700,4400,2か月,['近居割'],随時,https://www.ur-net.go.jp/chintai/kanto/saitama/50_4020_room.html?JKSS=000010606,<li>埼玉高速鉄道「新井宿」駅 徒歩12分</li><li>JR京浜東北・根岸線「西川口」駅バス25分 徒歩1～3分</li><li>JR京浜東北・根岸線「赤羽」駅バス27分 徒歩1～3分</li>
saitama,kawaguchi,コンフォール東鳩ヶ谷,129100,,,,JR京浜東北・根岸線「赤羽」駅,28.0,30.0,川口市桜町4-4,1号棟,鉄筋コンクリート造,6,N,606号室,2LDK,64,7,124700,4400,2か月,['近居割'],随時,https://www.ur-net.go.jp/chintai/kanto/saitama/50_4020_room.html?JKSS=000010606,<li>埼玉高速鉄道「新井宿」駅 徒歩12分</li><li>JR京浜東北・根岸線「西川口」駅バス25分 徒歩1～3分</li><li>JR京浜東北・根岸線「赤羽」駅バス27分 徒歩1～3分</li>
saitama,kawaguchi,コンフォール東鳩ヶ谷,129100,,,,,,,川口市桜町4-4,1号棟,鉄筋コンクリート造,6,N,606号室,2LDK,64,7,124700,4400,2か月,['近居割'],随時,https://www.ur-net.go.jp/chintai/kanto/saitama/50_4020_room.html?JKSS=000010606,<li>埼玉高速鉄道「新井宿」駅 徒歩12分</li><li>JR京浜東北・根岸線「西川口」駅バス25分 徒歩1～3分</li><li>JR京浜東北・根岸線「赤羽」駅バス27分 徒歩1～3分</li>
saitama,kawaguchi,コンフォール東鳩ヶ谷,139900,埼玉高速鉄道「新井宿」駅,12.0,12.0,,,,川口市桜町4-4,1号棟,鉄筋コンクリート造,2,N,208号室,3LDK,78,7,135500,4400,2か月,['近居割'],随時,https://www.ur-net.go.jp/chintai/kanto/saitama/50_4020_room.html?JKSS=000010208,<li>埼玉高速鉄道「新井宿」駅 徒歩12分</li><li>JR京浜東北・根岸線「西川口」駅バス25分 徒歩1～3分</li><li>JR京浜東北・根岸線「赤羽」駅バス27分 徒歩1～3分</li>
saitama,kawaguchi,コンフォール東鳩ヶ谷,139900,,,,JR京浜東北・根岸線「西川口」駅,26.0,28.0,川口市桜町4-4,1号棟,鉄筋コンクリート造,2,N,208号室,3LDK,78,7,135500,4400,2か月,['近居割'],随時,https://www.ur-net.go.jp/chintai/kanto/saitama/50_4020_room.html?JKSS=000010208,<li>埼玉高速鉄道「新井宿」駅 徒歩12分</li><li>JR京浜東北・根岸線「西川口」駅バス25分 徒歩1～3分</li><li>JR京浜東北・根岸線「赤羽」駅バス27分 徒歩1～3分</li>
saitama,kawaguchi,コンフォール東鳩ヶ谷,139900,,,,JR京浜東北・根岸線「赤羽」駅,28.0,30.0,川口市桜町4-4,1号棟,鉄筋コンクリート造,2,N,208号室,3LDK,78,7,135500,4400,2か月,['近居割'],随時,https://www.ur-net.go.jp/chintai/kanto/saitama/50_4020_room.html?JKSS=000010208,<li>埼玉高速鉄道「新井宿」駅 徒歩12分</li><li>JR京浜東北・根岸線「西川口」駅バス25分 徒歩1～3分</li><li>JR京浜東北・根岸線「赤羽」駅バス27分 徒歩1～3分</li>
saitama,kawaguchi,コンフォール東鳩ヶ谷,139900,,,,,,,川口市桜町4-4,1号棟,鉄筋コンクリート造,2,N,208号室,3LDK,78,7,135500,4400,2か月,['近居割'],随時,https://www.ur-net.go.jp/chintai/kanto/saitama/50_4020_room.html?JKSS=000010208,<li>埼玉高速鉄道「新井宿」駅 徒歩12分</li><li>JR京浜東北・根岸線「西川口」駅バス25分 徒歩1～3分</li><li>JR京浜東北・根岸線「赤羽」駅バス27分 徒歩1～3分</li>
saitama,kawaguchi,飯塚四丁目ハイツ,118100,JR京浜東北線「川口」駅,14.0,14.0,JR京浜東北線「川口」駅,5.0,5.0,川口市飯塚4-4-31,,鉄筋コンクリート造,5,N,504号室,3DK,61,5,114100,4000,2か月,['近居割'],随時,https://www.ur-net.go.jp/chintai/kanto/saitama/50_2580_room.html?JKSS=000000504,<li>JR京浜東北線「川口」駅 徒歩14分 又はバス4分 徒歩1分</li>
saitama,kawaguchi,飯塚四丁目ハイツ,118100,,,,,,,川口市飯塚4-4-31,,鉄筋コンクリート造,5,N,504号室,3DK,61,5,114100,4000,2か月,['近居割'],随時,https://www.ur-net.go.jp/chintai/kanto/saitama/50_2580_room.html?JKSS=000000504,<li>JR京浜東北線「川口」駅 徒歩14分 又はバス4分 徒歩1分</li>
saitama,minamiurawa,コンフォール領家,107900,JR京浜東北・根岸線「北浦和」駅,16.0,18.0,,,,さいたま市浦和区領家6-11,1号棟,鉄筋コンクリート造,3,N,306号室,1DK,43,5,101900,6000,2か月,['近居割'],随時,https://www.ur-net.go.jp/chintai/kanto/saitama/50_4110_room.html?JKSS=000010306,<li>JR京浜東北・根岸線「北浦和」駅 徒歩16～18分</li><li>JR京浜東北・根岸線「与野」駅 徒歩17分</li><li>JR京浜東北・根岸線「浦和」駅 徒歩36～39分</li>
saitama,minamiurawa,コンフォール領家,107900,JR京浜東北・根岸線「与野」駅,17.0,17.0,,,,さいたま市浦和区領家6-11,1号棟,鉄筋コンクリート造,3,N,306号室,1DK,43,5,101900,6000,2か月,['近居割'],随時,https://www.ur-net.go.jp/chintai/kanto/saitama/50_4110_room.html?JKSS=000010306,<li>JR京浜東北・根岸線「北浦和」駅 徒歩16～18分</li><li>JR京浜東北・根岸線「与野」駅 徒歩17分</li><li>JR京浜東北・根岸線「浦和」駅 徒歩36～39分</li>
saitama,minamiurawa,コンフォール領家,107900,JR京浜東北・根岸線「浦和」駅,36.0,39.0,,,,さいたま市浦和区領家6-11,1号棟,鉄筋コンクリート造,3,N,306号室,1DK,43,5,101900,6000,2か月,['近居割'],随時,https://www.ur-net.go.jp/chintai/kanto/saitama/50_4110_room.html?JKSS=000010306,<li>JR京浜東北・根岸線「北浦和」駅 徒歩16～18分</li><li>JR京浜東北・根岸線「与野」駅 徒歩17分</li><li>JR京浜東北・根岸線「浦和」駅 徒歩36～39分</li>
saitama,minamiurawa,コンフォール領家,107900,,,,,,,さいたま市浦和区領家6-11,1号棟,鉄筋コンクリート造,3,N,306号室,1DK,43,5,101900,6000,2か月,['近居割'],随時,https://www.ur-net.go.jp/chintai/kanto/saitama/50_4110_room.html?JKSS=000010306,<li>JR京浜東北・根岸線「北浦和」駅 徒歩16～18分</li><li>JR京浜東北・根岸線「与野」駅 徒歩17分</li><li>JR京浜東北・根岸線「浦和」駅 徒歩36～39分</li>
saitama,minamiurawa,うらわイーストシティ　かえで街,111000,JR武蔵野線「東浦和」駅,13.0,13.0,JR武蔵野線「東浦和」駅,4.0,5.0,さいたま市緑区東浦和2-73-1,5号棟,鉄筋コンクリート造,2,N,201号室,2DK,63,3,105500,5500,2か月,['近居割'],随時,https://www.ur-net.go.jp/chintai/kanto/saitama/50_2730_room.html?JKSS=000050201,<li>JR武蔵野線「東浦和」駅 徒歩13分</li><li>JR武蔵野線「東浦和」駅バス2分 徒歩2～3分</li><li>JR東北本線「浦和」駅バス14分 徒歩7～9分</li>
saitama,minamiurawa,うらわイーストシティ　かえで街,111000,,,,JR東北本線「浦和」駅,21.0,23.0,さいたま市緑区東浦和2-73-1,5号棟,鉄筋コンクリート造,2,N,201号室,2DK,63,3,105500,5500,2か月,['近居割'],随時,https://www.ur-net.go.jp/chintai/kanto/saitama/50_2730_room.html?JKSS=000050201,<li>JR武蔵野線「東浦和」駅 徒歩13分</li><li>JR武蔵野線「東浦和」駅バス2分 徒歩2～3分</li><li>JR東北本線「浦和」駅バス14分 徒歩7～9分</li>
saitama,minamiurawa,うらわイーストシティ　かえで街,111000,,,,,,,さいたま市緑区東浦和2-73-1,5号棟,鉄筋コンクリート造,2,N,201号室,2DK,63,3,105500,5500,2か月,['近居割'],随時,https://www.ur-net.go.jp/chintai/kanto/saitama/50_2730_room.html?JKSS=000050201,<li>JR武蔵野線「東浦和」駅 徒歩13分</li><li>JR武蔵野線「東浦和」駅バス2分 徒歩2～3分</li><li>JR東北本線「浦和」駅バス14分 徒歩7～9分</li>
saitama,minamiurawa,うらわイーストシティ　かえで街,132100,JR武蔵野線「東浦和」駅,13.0,13.0,JR武蔵野線「東浦和」駅,4.0,5.0,さいたま市緑区東浦和2-73-1,3号棟,鉄筋コンクリート造,4,N,401号室,2LDK,70,5,126600,5500,2か月,['近居割'],随時,https://www.ur-net.go.jp/chintai/kanto/saitama/50_2730_room.html?JKSS=000030401,<li>JR武蔵野線「東浦和」駅 徒歩13分</li><li>JR武蔵野線「東浦和」駅バス2分 徒歩2～3分</li><li>JR東北本線「浦和」駅バス14分 徒歩7～9分</li>
saitama,minamiurawa,うらわイーストシティ　かえで街,132100,,,,JR東北本線「浦和」駅,21.0,23.0,さいたま市緑区東浦和2-73-1,3号棟,鉄筋コンクリート造,4,N,401号室,2LDK,70,5,126600,5500,2か月,['近居割'],随時,https://www.ur-net.go.jp/chintai/kanto/saitama/50_2730_room.html?JKSS=000030401,<li>JR武蔵野線「東浦和」駅 徒歩13分</li><li>JR武蔵野線「東浦和」駅バス2分 徒歩2～3分</li><li>JR東北本線「浦和」駅バス14分 徒歩7～9分</li>
saitama,minamiurawa,うらわイーストシティ　かえで街,132100,,,,,,,さいたま市緑区東浦和2-73-1,3号棟,鉄筋コンクリート造,4,N,401号室,2LDK,70,5,126600,5500,2か月,['近居割'],随時,https://www.ur-net.go.jp/chintai/kanto/saitama/50_2730_room.html?JKSS=000030401,<li>JR武蔵野線「東浦和」駅 徒歩13分</li><li>JR武蔵野線「東浦和」駅バス2分 徒歩2～3分</li><li>JR東北本線「浦和」駅バス14分 徒歩7～9分</li>
saitama,ageo,パークシティ鴻巣駅前プラザ第二,68600,JR高崎線「北鴻巣」駅,4.0,8.0,,,,鴻巣市赤見台2-2,25号棟,鉄筋コンクリート造,5,N,505号室,3DK,64,5,65600,3000,2か月,['近居割'],随時,https://www.ur-net.go.jp/chintai/kanto/saitama/50_2440_room.html?JKSS=000250505,<li>JR高崎線「北鴻巣」駅 徒歩4～8分</li><li>JR高崎線「吹上」駅 徒歩40～43分</li><li>JR高崎線「鴻巣」駅 徒歩58～61分</li>
saitama,ageo,パークシティ鴻巣駅前プラザ第二,68600,JR高崎線「吹上」駅,40.0,43.0,,,,鴻巣市赤見台2-2,25号棟,鉄筋コンクリート造,5,N,505号室,3DK,64,5,65600,3000,2か月,['近居割'],随時,https://www.ur-net.go.jp/chintai/kanto/saitama/50_2440_room.html?JKSS=000250505,<li>JR高崎線「北鴻巣」駅 徒歩4～8分</li><li>JR高崎線「吹上」駅 徒歩40～43分</li><li>JR高崎線「鴻巣」駅 徒歩58～61分</li>
saitama,ageo,パークシティ鴻巣駅前プラザ第二,68600,JR高崎線「鴻巣」駅,58.0,61.0,,,,鴻巣市赤見台2-2,25号棟,鉄筋コンクリート造,5,N,505号室,3DK,64,5,65600,3000,2か月,['近居割'],随時,https://www.ur-net.go.jp/chintai/kanto/saitama/50_2440_room.html?JKSS=000250505,<li>JR高崎線「北鴻巣」駅 徒歩4～8分</li><li>JR高崎線「吹上」駅 徒歩40～43分</li><li>JR高崎線「鴻巣」駅 徒歩58～61分</li>
saitama,ageo,パークシティ鴻巣駅前プラザ第二,68600,,,,,,,鴻巣市赤見台2-2,25号棟,鉄筋コンクリート造,5,N,505号室,3DK,64,5,65600,3000,2か月,['近居割'],随時,https://www.ur-net.go.jp/chintai/kanto/saitama/50_2440_room.html?JKSS=000250505,<li>JR高崎線「北鴻巣」駅 徒歩4～8分</li><li>JR高崎線「吹上」駅 徒歩40～43分</li><li>JR高崎線「鴻巣」駅 徒歩58～61分</li>
saitama,ageo,パークシティ鴻巣駅前プラザ第二,69000,JR高崎線「北鴻巣」駅,4.0,8.0,,,,鴻巣市赤見台2-2,20号棟,鉄筋コンクリート造,5,N,505号室,3DK,62,5,66000,3000,2か月,['近居割'],随時,https://www.ur-net.go.jp/chintai/kanto/saitama/50_2440_room.html?JKSS=000200505,<li>JR高崎線「北鴻巣」駅 徒歩4～8分</li><li>JR高崎線「吹上」駅 徒歩40～43分</li><li>JR高崎線「鴻巣」駅 徒歩58～61分</li>
saitama,ageo,パークシティ鴻巣駅前プラザ第二,69000,JR高崎線「吹上」駅,40.0,43.0,,,,鴻巣市赤見台2-2,20号棟,鉄筋コンクリート造,5,N,505号室,3DK,62,5,66000,3000,2か月,['近居割'],随時,https://www.ur-net.go.jp/chintai/kanto/saitama/50_2440_room.html?JKSS=000200505,<li>JR高崎線「北鴻巣」駅 徒歩4～8分</li><li>JR高崎線「吹上」駅 徒歩40～43分</li><li>JR高崎線「鴻巣」駅 徒歩58～61分</li>
saitama,ageo,パークシティ鴻巣駅前プラザ第二,69000,JR高崎線「鴻巣」駅,58.0,61.0,,,,鴻巣市赤見台2-2,20号棟,鉄筋コンクリート造,5,N,505号室,3DK,62,5,66000,3000,2か月,['近居割'],随時,https://www.ur-net.go.jp/chintai/kanto/saitama/50_2440_room.html?JKSS=000200505,<li>JR高崎線「北鴻巣」駅 徒歩4～8分</li><li>JR高崎線「吹上」駅 徒歩40～43分</li><li>JR高崎線「鴻巣」駅 徒歩58～61分</li>
saitama,ageo,パークシティ鴻巣駅前プラザ第二,69000,,,,,,,鴻巣市赤見台2-2,20号棟,鉄筋コンクリート造,5,N,505号室,3DK,62,5,66000,3000,2か月,['近居割'],随時,https://www.ur-net.go.jp/chintai/kanto/saitama/50_2440_room.html?JKSS=000200505,<li>JR高崎線「北鴻巣」駅 徒歩4～8分</li><li>JR高崎線「吹上」駅 徒歩40～43分</li><li>JR高崎線「鴻巣」駅 徒歩58～61分</li>
saitama,ageo,パークシティ鴻巣　駅前プラザ第三,78600,JR高崎線「北鴻巣」駅,3.0,4.0,,,,鴻巣市赤見台1-13ほか,2号棟,鉄筋コンクリート造,5,N,504号室,3DK,63,5,75600,3000,2か月,['近居割'],随時,https://www.ur-net.go.jp/chintai/kanto/saitama/50_2940_room.html?JKSS=000020504,<li>JR高崎線「北鴻巣」駅 徒歩3～4分</li><li>JR高崎線「吹上」駅 徒歩42～44分</li><li>JR高崎線「鴻巣」駅 徒歩56～59分</li>
saitama,ageo,パークシティ鴻巣　駅前プラザ第三,78600,JR高崎線「吹上」駅,42.0,44.0,,,,鴻巣市赤見台1-13ほか,2号棟,鉄筋コンクリート造,5,N,504号室,3DK,63,5,75600,3000,2か月,['近居割'],随時,https://www.ur-net.go.jp/chintai/kanto/saitama/50_2940_room.html?JKSS=000020504,<li>JR高崎線「北鴻巣」駅 徒歩3～4分</li><li>JR高崎線「吹上」駅 徒歩42～44分</li><li>JR高崎線「鴻巣」駅 徒歩56～59分</li>
saitama,ageo,パークシティ鴻巣　駅前プラザ第三,78600,JR高崎線「鴻巣」駅,56.0,59.0,,,,鴻巣市赤見台1-13ほか,2号棟,鉄筋コンクリート造,5,N,504号室,3DK,63,5,75600,3000,2か月,['近居割'],随時,https://www.ur-net.go.jp/chintai/kanto/saitama/50_2940_room.html?JKSS=000020504,<li>JR高崎線「北鴻巣」駅 徒歩3～4分</li><li>JR高崎線「吹上」駅 徒歩42～44分</li><li>JR高崎線「鴻巣」駅 徒歩56～59分</li>
saitama,ageo,パークシティ鴻巣　駅前プラザ第三,78600,,,,,,,鴻巣市赤見台1-13ほか,2号棟,鉄筋コンクリート造,5,N,504号室,3DK,63,5,75600,3000,2か月,['近居割'],随時,https://www.ur-net.go.jp/chintai/kanto/saitama/50_2940_room.html?JKSS=000020504,<li>JR高崎線「北鴻巣」駅 徒歩3～4分</li><li>JR高崎線「吹上」駅 徒歩42～44分</li><li>JR高崎線「鴻巣」駅 徒歩56～59分</li>
saitama,ageo,パークシティ鴻巣　駅前プラザ第三,79700,JR高崎線「北鴻巣」駅,3.0,4.0,,,,鴻巣市赤見台1-13ほか,2号棟,鉄筋コンクリート造,3,N,302号室,3DK,63,5,76700,3000,2か月,['近居割'],2026年9月4日以降,https://www.ur-net.go.jp/chintai/kanto/saitama/50_2940_room.html?JKSS=000020302,<li>JR高崎線「北鴻巣」駅 徒歩3～4分</li><li>JR高崎線「吹上」駅 徒歩42～44分</li><li>JR高崎線「鴻巣」駅 徒歩56～59分</li>
saitama,ageo,パークシティ鴻巣　駅前プラザ第三,79700,JR高崎線「吹上」駅,42.0,44.0,,,,鴻巣市赤見台1-13ほか,2号棟,鉄筋コンクリート造,3,N,302号室,3DK,63,5,76700,3000,2か月,['近居割'],2026年9月4日以降,https://www.ur-net.go.jp/chintai/kanto/saitama/50_2940_room.html?JKSS=000020302,<li>JR高崎線「北鴻巣」駅 徒歩3～4分</li><li>JR高崎線「吹上」駅 徒歩42～44分</li><li>JR高崎線「鴻巣」駅 徒歩56～59分</li>
saitama,ageo,パークシティ鴻巣　駅前プラザ第三,79700,JR高崎線「鴻巣」駅,56.0,59.0,,,,鴻巣市赤見台1-13ほか,2号棟,鉄筋コンクリート造,3,N,302号室,3DK,63,5,76700,3000,2か月,['近居割'],2026年9月4日以降,https://www.ur-net.go.jp/chintai/kanto/saitama/50_2940_room.html?JKSS=000020302,<li>JR高崎線「北鴻巣」駅 徒歩3～4分</li><li>JR高崎線「吹上」駅 徒歩42～44分</li><li>JR高崎線「鴻巣」駅 徒歩56～59分</li>
saitama,ageo,パークシティ鴻巣　駅前プラザ第三,79700,,,,,,,鴻巣市赤見台1-13ほか,2号棟,鉄筋コンクリート造,3,N,302号室,3DK,63,5,76700,3000,2か月,['近居割'],2026年9月4日以降,https://www.ur-net.go.jp/chintai/kanto/saitama/50_2940_room.html?JKSS=000020302,<li>JR高崎線「北鴻巣」駅 徒歩3～4分</li><li>JR高崎線「吹上」駅 徒歩42～44分</li><li>JR高崎線「鴻巣」駅 徒歩56～59分</li>
saitama,ageo,パークシティ鴻巣　駅前プラザ第三,100200,JR高崎線「北鴻巣」駅,3.0,4.0,,,,鴻巣市赤見台1-13ほか,5号棟,鉄筋コンクリート造,6,N,605号室,3LDK,67,10,97200,3000,2か月,['近居割'],随時,https://www.ur-net.go.jp/chintai/kanto/saitama/50_2940_room.html?JKSS=000050605,<li>JR高崎線「北鴻巣」駅 徒歩3～4分</li><li>JR高崎線「吹上」駅 徒歩42～44分</li><li>JR高崎線「鴻巣」駅 徒歩56～59分</li>
saitama,ageo,パークシティ鴻巣　駅前プラザ第三,100200,JR高崎線「吹上」駅,42.0,44.0,,,,鴻巣市赤見台1-13ほか,5号棟,鉄筋コンクリート造,6,N,605号室,3LDK,67,10,97200,3000,2か月,['近居割'],随時,https://www.ur-net.go.jp/chintai/kanto/saitama/50_2940_room.html?JKSS=000050605,<li>JR高崎線「北鴻巣」駅 徒歩3～4分</li><li>JR高崎線「吹上」駅 徒歩42～44分</li><li>JR高崎線「鴻巣」駅 徒歩56～59分</li>
saitama,ageo,パークシティ鴻巣　駅前プラザ第三,100200,JR高崎線「鴻巣」駅,56.0,59.0,,,,鴻巣市赤見台1-13ほか,5号棟,鉄筋コンクリート造,6,N,605号室,3LDK,67,10,97200,3000,2か月,['近居割'],随時,https://www.ur-net.go.jp/chintai/kanto/saitama/50_2940_room.html?JKSS=000050605,<li>JR高崎線「北鴻巣」駅 徒歩3～4分</li><li>JR高崎線「吹上」駅 徒歩42～44分</li><li>JR高崎線「鴻巣」駅 徒歩56～59分</li>
saitama,ageo,パークシティ鴻巣　駅前プラザ第三,100200,,,,,,,鴻巣市赤見台1-13ほか,5号棟,鉄筋コンクリート造,6,N,605号室,3LDK,67,10,97200,3000,2か月,['近居割'],随時,https://www.ur-net.go.jp/chintai/kanto/saitama/50_2940_room.html?JKSS=000050605,<li>JR高崎線「北鴻巣」駅 徒歩3～4分</li><li>JR高崎線「吹上」駅 徒歩42～44分</li><li>JR高崎線「鴻巣」駅 徒歩56～59分</li>
saitama,ageo,パークシティ鴻巣駅前プラザ,80000,JR高崎線「北鴻巣」駅,3.0,7.0,,,,鴻巣市赤見台2-2,13号棟,鉄筋コンクリート造,5,N,506号室,3LDK,75,5,77900,2100,2か月,['近居割'],随時,https://www.ur-net.go.jp/chintai/kanto/saitama/50_2140_room.html?JKSS=000130506,<li>JR高崎線「北鴻巣」駅 徒歩3～7分</li><li>JR高崎線「鴻巣」駅 徒歩58～62分</li><li>JR高崎線「吹上」駅 徒歩38～42分</li>
saitama,ageo,パークシティ鴻巣駅前プラザ,80000,JR高崎線「鴻巣」駅,58.0,62.0,,,,鴻巣市赤見台2-2,13号棟,鉄筋コンクリート造,5,N,506号室,3LDK,75,5,77900,2100,2か月,['近居割'],随時,https://www.ur-net.go.jp/chintai/kanto/saitama/50_2140_room.html?JKSS=000130506,<li>JR高崎線「北鴻巣」駅 徒歩3～7分</li><li>JR高崎線「鴻巣」駅 徒歩58～62分</li><li>JR高崎線「吹上」駅 徒歩38～42分</li>
saitama,ageo,パークシティ鴻巣駅前プラザ,80000,JR高崎線「吹上」駅,38.0,42.0,,,,鴻巣市赤見台2-2,13号棟,鉄筋コンクリート造,5,N,506号室,3LDK,75,5,77900,2100,2か月,['近居割'],随時,https://www.ur-net.go.jp/chintai/kanto/saitama/50_2140_room.html?JKSS=000130506,<li>JR高崎線「北鴻巣」駅 徒歩3～7分</li><li>JR高崎線「鴻巣」駅 徒歩58～62分</li><li>JR高崎線「吹上」駅 徒歩38～42分</li>
saitama,ageo,パークシティ鴻巣駅前プラザ,80000,,,,,,,鴻巣市赤見台2-2,13号棟,鉄筋コンクリート造,5,N,506号室,3LDK,75,5,77900,2100,2か月,['近居割'],随時,https://www.ur-net.go.jp/chintai/kanto/saitama/50_2140_room.html?JKSS=000130506,<li>JR高崎線「北鴻巣」駅 徒歩3～7分</li><li>JR高崎線「鴻巣」駅 徒歩58～62分</li><li>JR高崎線「吹上」駅 徒歩38～42分</li>
saitama,higashiomiya,原市,53400,ニューシャトル伊奈線「原市」駅,10.0,18.0,,,,上尾市大字原市3336,2-4号棟,鉄筋コンクリート造,5,N,505号室,3DK,50,5,49700,3700,2か月,"['近居割', '近居割WIDE']",随時,https://www.ur-net.go.jp/chintai/kanto/saitama/50_1090_room.html?JKSS=000204505,<li>ニューシャトル伊奈線「原市」駅 徒歩10～18分</li><li>ニューシャトル伊奈線「沼南」駅 徒歩9～19分</li><li>JR東北本線「東大宮」駅バス7～11分 徒歩1～7分</li>
saitama,higashiomiya,原市,53400,ニューシャトル伊奈線「沼南」駅,9.0,19.0,,,,上尾市大字原市3336,2-4号棟,鉄筋コンクリート造,5,N,505号室,3DK,50,5,49700,3700,2か月,"['近居割', '近居割WIDE']",随時,https://www.ur-net.go.jp/chintai/kanto/saitama/50_1090_room.html?JKSS=000204505,<li>ニューシャトル伊奈線「原市」駅 徒歩10～18分</li><li>ニューシャトル伊奈線「沼南」駅 徒歩9～19分</li><li>JR東北本線「東大宮」駅バス7～11分 徒歩1～7分</li>
saitama,higashiomiya,原市,53400,,,,JR東北本線「東大宮」駅,8.0,18.0,上尾市大字原市3336,2-4号棟,鉄筋コンクリート造,5,N,505号室,3DK,50,5,49700,3700,2か月,"['近居割', '近居割WIDE']",随時,https://www.ur-net.go.jp/chintai/kanto/saitama/50_1090_room.html?JKSS=000204505,<li>ニューシャトル伊奈線「原市」駅 徒歩10～18分</li><li>ニューシャトル伊奈線「沼南」駅 徒歩9～19分</li><li>JR東北本線「東大宮」駅バス7～11分 徒歩1～7分</li>
saitama,higashiomiya,原市,53400,,,,,,,上尾市大字原市3336,2-4号棟,鉄筋コンクリート造,5,N,505号室,3DK,50,5,49700,3700,2か月,"['近居割', '近居割WIDE']",随時,https://www.ur-net.go.jp/chintai/kanto/saitama/50_1090_room.html?JKSS=000204505,<li>ニューシャトル伊奈線「原市」駅 徒歩10～18分</li><li>ニューシャトル伊奈線「沼南」駅 徒歩9～19分</li><li>JR東北本線「東大宮」駅バス7～11分 徒歩1～7分</li>
saitama,ageo,西上尾第一,54900,,,,JR高崎線「上尾」駅,6.0,15.0,上尾市小敷谷845-1,2-24号棟,鉄筋コンクリート造,5,N,502号室,3K,48,5,51500,3400,2か月,"['近居割', '近居割WIDE']",2026年9月1日以降,https://www.ur-net.go.jp/chintai/kanto/saitama/50_1230_room.html?JKSS=000224502,<li>JR高崎線「上尾」駅バス5～10分 徒歩1～5分</li><li>JR高崎線「北上尾」駅 徒歩36～54分</li><li>JR京浜東北・根岸線「大宮」駅バス27分 徒歩3～15分</li>
saitama,ageo,西上尾第一,54900,JR高崎線「北上尾」駅,36.0,54.0,,,,上尾市小敷谷845-1,2-24号棟,鉄筋コンクリート造,5,N,502号室,3K,48,5,51500,3400,2か月,"['近居割', '近居割WIDE']",2026年9月1日以降,https://www.ur-net.go.jp/chintai/kanto/saitama/50_1230_room.html?JKSS=000224502,<li>JR高崎線「上尾」駅バス5～10分 徒歩1～5分</li><li>JR高崎線「北上尾」駅 徒歩36～54分</li><li>JR京浜東北・根岸線「大宮」駅バス27分 徒歩3～15分</li>
saitama,ageo,西上尾第一,54900,,,,JR京浜東北・根岸線「大宮」駅,30.0,42.0,上尾市小敷谷845-1,2-24号棟,鉄筋コンクリート造,5,N,502号室,3K,48,5,51500,3400,2か月,"['近居割', '近居割WIDE']",2026年9月1日以降,https://www.ur-net.go.jp/chintai/kanto/saitama/50_1230_room.html?JKSS=000224502,<li>JR高崎線「上尾」駅バス5～10分 徒歩1～5分</li><li>JR高崎線「北上尾」駅 徒歩36～54分</li><li>JR京浜東北・根岸線「大宮」駅バス27分 徒歩3～15分</li>
saitama,ageo,西上尾第一,54900,,,,,,,上尾市小敷谷845-1,2-24号棟,鉄筋コンクリート造,5,N,502号室,3K,48,5,51500,3400,2か月,"['近居割', '近居割WIDE']",2026年9月1日以降,https://www.ur-net.go.jp/chintai/kanto/saitama/50_1230_room.html?JKSS=000224502,<li>JR高崎線「上尾」駅バス5～10分 徒歩1～5分</li><li>JR高崎線「北上尾」駅 徒歩36～54分</li><li>JR京浜東北・根岸線「大宮」駅バス27分 徒歩3～15分</li>
saitama,ageo,北本,40100,,,,JR高崎線「北本」駅,5.0,17.0,北本市栄7,1-4号棟,鉄筋コンクリート造,4,N,402号室,2DK,41,5,36300,3800,2か月,"['近居割', '近居割WIDE']",随時,https://www.ur-net.go.jp/chintai/kanto/saitama/50_1400_room.html?JKSS=000104402,<li>JR高崎線「北本」駅バス4～12分 徒歩1～5分</li><li>JR高崎線「桶川」駅 徒歩30～57分</li><li>JR高崎線「鴻巣」駅 徒歩45～79分</li>
saitama,ageo,北本,40100,JR高崎線「桶川」駅,30.0,57.0,,,,北本市栄7,1-4号棟,鉄筋コンクリート造,4,N,402号室,2DK,41,5,36300,3800,2か月,"['近居割', '近居割WIDE']",随時,https://www.ur-net.go.jp/chintai/kanto/saitama/50_1400_room.html?JKSS=000104402,<li>JR高崎線「北本」駅バス4～12分 徒歩1～5分</li><li>JR高崎線「桶川」駅 徒歩30～57分</li><li>JR高崎線「鴻巣」駅 徒歩45～79分</li>
saitama,ageo,北本,40100,JR高崎線「鴻巣」駅,45.0,79.0,,,,北本市栄7,1-4号棟,鉄筋コンクリート造,4,N,402号室,2DK,41,5,36300,3800,2か月,"['近居割', '近居割WIDE']",随時,https://www.ur-net.go.jp/chintai/kanto/saitama/50_1400_room.html?JKSS=000104402,<li>JR高崎線「北本」駅バス4～12分 徒歩1～5分</li><li>JR高崎線「桶川」駅 徒歩30～57分</li><li>JR高崎線「鴻巣」駅 徒歩45～79分</li>
saitama,ageo,北本,40100,,,,,,,北本市栄7,1-4号棟,鉄筋コンクリート造,4,N,402号室,2DK,41,5,36300,3800,2か月,"['近居割', '近居割WIDE']",随時,https://www.ur-net.go.jp/chintai/kanto/saitama/50_1400_room.html?JKSS=000104402,<li>JR高崎線「北本」駅バス4～12分 徒歩1～5分</li><li>JR高崎線「桶川」駅 徒歩30～57分</li><li>JR高崎線「鴻巣」駅 徒歩45～79分</li>
saitama,ageo,北本,40100,,,,JR高崎線「北本」駅,5.0,17.0,北本市栄7,2-6号棟,鉄筋コンクリート造,4,N,402号室,2DK,41,5,36300,3800,2か月,"['近居割', '近居割WIDE']",2026年8月31日以降,https://www.ur-net.go.jp/chintai/kanto/saitama/50_1400_room.html?JKSS=000206402,<li>JR高崎線「北本」駅バス4～12分 徒歩1～5分</li><li>JR高崎線「桶川」駅 徒歩30～57分</li><li>JR高崎線「鴻巣」駅 徒歩45～79分</li>
saitama,ageo,北本,40100,JR高崎線「桶川」駅,30.0,57.0,,,,北本市栄7,2-6号棟,鉄筋コンクリート造,4,N,402号室,2DK,41,5,36300,3800,2か月,"['近居割', '近居割WIDE']",2026年8月31日以降,https://www.ur-net.go.jp/chintai/kanto/saitama/50_1400_room.html?JKSS=000206402,<li>JR高崎線「北本」駅バス4～12分 徒歩1～5分</li><li>JR高崎線「桶川」駅 徒歩30～57分</li><li>JR高崎線「鴻巣」駅 徒歩45～79分</li>
saitama,ageo,北本,40100,JR高崎線「鴻巣」駅,45.0,79.0,,,,北本市栄7,2-6号棟,鉄筋コンクリート造,4,N,402号室,2DK,41,5,36300,3800,2か月,"['近居割', '近居割WIDE']",2026年8月31日以降,https://www.ur-net.go.jp/chintai/kanto/saitama/50_1400_room.html?JKSS=000206402,<li>JR高崎線「北本」駅バス4～12分 徒歩1～5分</li><li>JR高崎線「桶川」駅 徒歩30～57分</li><li>JR高崎線「鴻巣」駅 徒歩45～79分</li>
saitama,ageo,北本,40100,,,,,,,北本市栄7,2-6号棟,鉄筋コンクリート造,4,N,402号室,2DK,41,5,36300,3800,2か月,"['近居割', '近居割WIDE']",2026年8月31日以降,https://www.ur-net.go.jp/chintai/kanto/saitama/50_1400_room.html?JKSS=000206402,<li>JR高崎線「北本」駅バス4～12分 徒歩1～5分</li><li>JR高崎線「桶川」駅 徒歩30～57分</li><li>JR高崎線「鴻巣」駅 徒歩45～79分</li>
saitama,ageo,北本,47900,,,,JR高崎線「北本」駅,5.0,17.0,北本市栄7,3-15号棟,鉄筋コンクリート造,5,N,504号室,3K,52,5,44100,3800,2か月,['フリレ１か月'],随時,https://www.ur-net.go.jp/chintai/kanto/saitama/50_1400_room.html?JKSS=000315504,<li>JR高崎線「北本」駅バス4～12分 徒歩1～5分</li><li>JR高崎線「桶川」駅 徒歩30～57分</li><li>JR高崎線「鴻巣」駅 徒歩45～79分</li>
saitama,ageo,北本,47900,JR高崎線「桶川」駅,30.0,57.0,,,,北本市栄7,3-15号棟,鉄筋コンクリート造,5,N,504号室,3K,52,5,44100,3800,2か月,['フリレ１か月'],随時,https://www.ur-net.go.jp/chintai/kanto/saitama/50_1400_room.html?JKSS=000315504,<li>JR高崎線「北本」駅バス4～12分 徒歩1～5分</li><li>JR高崎線「桶川」駅 徒歩30～57分</li><li>JR高崎線「鴻巣」駅 徒歩45～79分</li>
saitama,ageo,北本,47900,JR高崎線「鴻巣」駅,45.0,79.0,,,,北本市栄7,3-15号棟,鉄筋コンクリート造,5,N,504号室,3K,52,5,44100,3800,2か月,['フリレ１か月'],随時,https://www.ur-net.go.jp/chintai/kanto/saitama/50_1400_room.html?JKSS=000315504,<li>JR高崎線「北本」駅バス4～12分 徒歩1～5分</li><li>JR高崎線「桶川」駅 徒歩30～57分</li><li>JR高崎線「鴻巣」駅 徒歩45～79分</li>
saitama,ageo,北本,47900,,,,,,,北本市栄7,3-15号棟,鉄筋コンクリート造,5,N,504号室,3K,52,5,44100,3800,2か月,['フリレ１か月'],随時,https://www.ur-net.go.jp/chintai/kanto/saitama/50_1400_room.html?JKSS=000315504,<li>JR高崎線「北本」駅バス4～12分 徒歩1～5分</li><li>JR高崎線「桶川」駅 徒歩30～57分</li><li>JR高崎線「鴻巣」駅 徒歩45～79分</li>
saitama,ageo,北本,48100,,,,JR高崎線「北本」駅,5.0,17.0,北本市栄7,1-17号棟,鉄筋コンクリート造,5,N,501号室,3K,52,5,44300,3800,2か月,"['近居割', '近居割WIDE']",随時,https://www.ur-net.go.jp/chintai/kanto/saitama/50_1400_room.html?JKSS=000117501,<li>JR高崎線「北本」駅バス4～12分 徒歩1～5分</li><li>JR高崎線「桶川」駅 徒歩30～57分</li><li>JR高崎線「鴻巣」駅 徒歩45～79分</li>
saitama,ageo,北本,48100,JR高崎線「桶川」駅,30.0,57.0,,,,北本市栄7,1-17号棟,鉄筋コンクリート造,5,N,501号室,3K,52,5,44300,3800,2か月,"['近居割', '近居割WIDE']",随時,https://www.ur-net.go.jp/chintai/kanto/saitama/50_1400_room.html?JKSS=000117501,<li>JR高崎線「北本」駅バス4～12分 徒歩1～5分</li><li>JR高崎線「桶川」駅 徒歩30～57分</li><li>JR高崎線「鴻巣」駅 徒歩45～79分</li>
saitama,ageo,北本,48100,JR高崎線「鴻巣」駅,45.0,79.0,,,,北本市栄7,1-17号棟,鉄筋コンクリート造,5,N,501号室,3K,52,5,44300,3800,2か月,"['近居割', '近居割WIDE']",随時,https://www.ur-net.go.jp/chintai/kanto/saitama/50_1400_room.html?JKSS=000117501,<li>JR高崎線「北本」駅バス4～12分 徒歩1～5分</li><li>JR高崎線「桶川」駅 徒歩30～57分</li><li>JR高崎線「鴻巣」駅 徒歩45～79分</li>
saitama,ageo,北本,48100,,,,,,,北本市栄7,1-17号棟,鉄筋コンクリート造,5,N,501号室,3K,52,5,44300,3800,2か月,"['近居割', '近居割WIDE']",随時,https://www.ur-net.go.jp/chintai/kanto/saitama/50_1400_room.html?JKSS=000117501,<li>JR高崎線「北本」駅バス4～12分 徒歩1～5分</li><li>JR高崎線「桶川」駅 徒歩30～57分</li><li>JR高崎線「鴻巣」駅 徒歩45～79分</li>
saitama,ageo,北本,48100,,,,JR高崎線「北本」駅,5.0,17.0,北本市栄7,1-17号棟,鉄筋コンクリート造,5,N,504号室,3K,52,5,44300,3800,2か月,['フリレ１か月'],随時,https://www.ur-net.go.jp/chintai/kanto/saitama/50_1400_room.html?JKSS=000117504,<li>JR高崎線「北本」駅バス4～12分 徒歩1～5分</li><li>JR高崎線「桶川」駅 徒歩30～57分</li><li>JR高崎線「鴻巣」駅 徒歩45～79分</li>
saitama,ageo,北本,48100,JR高崎線「桶川」駅,30.0,57.0,,,,北本市栄7,1-17号棟,鉄筋コンクリート造,5,N,504号室,3K,52,5,44300,3800,2か月,['フリレ１か月'],随時,https://www.ur-net.go.jp/chintai/kanto/saitama/50_1400_room.html?JKSS=000117504,<li>JR高崎線「北本」駅バス4～12分 徒歩1～5分</li><li>JR高崎線「桶川」駅 徒歩30～57分</li><li>JR高崎線「鴻巣」駅 徒歩45～79分</li>
saitama,ageo,北本,48100,JR高崎線「鴻巣」駅,45.0,79.0,,,,北本市栄7,1-17号棟,鉄筋コンクリート造,5,N,504号室,3K,52,5,44300,3800,2か月,['フリレ１か月'],随時,https://www.ur-net.go.jp/chintai/kanto/saitama/50_1400_room.html?JKSS=000117504,<li>JR高崎線「北本」駅バス4～12分 徒歩1～5分</li><li>JR高崎線「桶川」駅 徒歩30～57分</li><li>JR高崎線「鴻巣」駅 徒歩45～79分</li>
saitama,ageo,北本,48100,,,,,,,北本市栄7,1-17号棟,鉄筋コンクリート造,5,N,504号室,3K,52,5,44300,3800,2か月,['フリレ１か月'],随時,https://www.ur-net.go.jp/chintai/kanto/saitama/50_1400_room.html?JKSS=000117504,<li>JR高崎線「北本」駅バス4～12分 徒歩1～5分</li><li>JR高崎線「桶川」駅 徒歩30～57分</li><li>JR高崎線「鴻巣」駅 徒歩45～79分</li>
saitama,tokorozawa,所沢パークタウン並木通り,72200,,,,西武新宿線「航空公園」駅,10.0,12.0,所沢市並木8-1,4号棟,鉄骨鉄筋コンクリート造,1,N,102号室,2DK,48,14,67700,4500,2か月,"['近居割', '近居割WIDE']",随時,https://www.ur-net.go.jp/chintai/kanto/saitama/50_1980_room.html?JKSS=000040102,<li>西武新宿線「航空公園」駅バス8分 徒歩2～4分</li><li>西武新宿線「所沢」駅バス10分 徒歩3～5分</li><li>西武新宿線「新所沢」駅 徒歩36～38分</li>
saitama,tokorozawa,所沢パークタウン並木通り,72200,,,,西武新宿線「所沢」駅,13.0,15.0,所沢市並木8-1,4号棟,鉄骨鉄筋コンクリート造,1,N,102号室,2DK,48,14,67700,4500,2か月,"['近居割', '近居割WIDE']",随時,https://www.ur-net.go.jp/chintai/kanto/saitama/50_1980_room.html?JKSS=000040102,<li>西武新宿線「航空公園」駅バス8分 徒歩2～4分</li><li>西武新宿線「所沢」駅バス10分 徒歩3～5分</li><li>西武新宿線「新所沢」駅 徒歩36～38分</li>
saitama,tokorozawa,所沢パークタウン並木通り,72200,西武新宿線「新所沢」駅,36.0,38.0,,,,所沢市並木8-1,4号棟,鉄骨鉄筋コンクリート造,1,N,102号室,2DK,48,14,67700,4500,2か月,"['近居割', '近居割WIDE']",随時,https://www.ur-net.go.jp/chintai/kanto/saitama/50_1980_room.html?JKSS=000040102,<li>西武新宿線「航空公園」駅バス8分 徒歩2～4分</li><li>西武新宿線「所沢」駅バス10分 徒歩3～5分</li><li>西武新宿線「新所沢」駅 徒歩36～38分</li>
saitama,tokorozawa,所沢パークタウン並木通り,72200,,,,,,,所沢市並木8-1,4号棟,鉄骨鉄筋コンクリート造,1,N,102号室,2DK,48,14,67700,4500,2か月,"['近居割', '近居割WIDE']",随時,https://www.ur-net.go.jp/chintai/kanto/saitama/50_1980_room.html?JKSS=000040102,<li>西武新宿線「航空公園」駅バス8分 徒歩2～4分</li><li>西武新宿線「所沢」駅バス10分 徒歩3～5分</li><li>西武新宿線「新所沢」駅 徒歩36～38分</li>
saitama,tokorozawa,所沢パークタウン並木通り,74300,,,,西武新宿線「航空公園」駅,10.0,12.0,所沢市並木8-1,5号棟,鉄骨鉄筋コンクリート造,8,N,803号室,2DK,48,11,69800,4500,2か月,"['近居割', '近居割WIDE']",随時,https://www.ur-net.go.jp/chintai/kanto/saitama/50_1980_room.html?JKSS=000050803,<li>西武新宿線「航空公園」駅バス8分 徒歩2～4分</li><li>西武新宿線「所沢」駅バス10分 徒歩3～5分</li><li>西武新宿線「新所沢」駅 徒歩36～38分</li>
saitama,tokorozawa,所沢パークタウン並木通り,74300,,,,西武新宿線「所沢」駅,13.0,15.0,所沢市並木8-1,5号棟,鉄骨鉄筋コンクリート造,8,N,803号室,2DK,48,11,69800,4500,2か月,"['近居割', '近居割WIDE']",随時,https://www.ur-net.go.jp/chintai/kanto/saitama/50_1980_room.html?JKSS=000050803,<li>西武新宿線「航空公園」駅バス8分 徒歩2～4分</li><li>西武新宿線「所沢」駅バス10分 徒歩3～5分</li><li>西武新宿線「新所沢」駅 徒歩36～38分</li>
saitama,tokorozawa,所沢パークタウン並木通り,74300,西武新宿線「新所沢」駅,36.0,38.0,,,,所沢市並木8-1,5号棟,鉄骨鉄筋コンクリート造,8,N,803号室,2DK,48,11,69800,4500,2か月,"['近居割', '近居割WIDE']",随時,https://www.ur-net.go.jp/chintai/kanto/saitama/50_1980_room.html?JKSS=000050803,<li>西武新宿線「航空公園」駅バス8分 徒歩2～4分</li><li>西武新宿線「所沢」駅バス10分 徒歩3～5分</li><li>西武新宿線「新所沢」駅 徒歩36～38分</li>
saitama,tokorozawa,所沢パークタウン並木通り,74300,,,,,,,所沢市並木8-1,5号棟,鉄骨鉄筋コンクリート造,8,N,803号室,2DK,48,11,69800,4500,2か月,"['近居割', '近居割WIDE']",随時,https://www.ur-net.go.jp/chintai/kanto/saitama/50_1980_room.html?JKSS=000050803,<li>西武新宿線「航空公園」駅バス8分 徒歩2～4分</li><li>西武新宿線「所沢」駅バス10分 徒歩3～5分</li><li>西武新宿線「新所沢」駅 徒歩36～38分</li>
saitama,tokorozawa,所沢パークタウン並木通り,99800,,,,西武新宿線「航空公園」駅,10.0,12.0,所沢市並木8-1,6号棟,鉄骨鉄筋コンクリート造,11,N,1106号室,3DK,65,11,95300,4500,2か月,"['近居割', '近居割WIDE']",随時,https://www.ur-net.go.jp/chintai/kanto/saitama/50_1980_room.html?JKSS=000061106,<li>西武新宿線「航空公園」駅バス8分 徒歩2～4分</li><li>西武新宿線「所沢」駅バス10分 徒歩3～5分</li><li>西武新宿線「新所沢」駅 徒歩36～38分</li>
saitama,tokorozawa,所沢パークタウン並木通り,99800,,,,西武新宿線「所沢」駅,13.0,15.0,所沢市並木8-1,6号棟,鉄骨鉄筋コンクリート造,11,N,1106号室,3DK,65,11,95300,4500,2か月,"['近居割', '近居割WIDE']",随時,https://www.ur-net.go.jp/chintai/kanto/saitama/50_1980_room.html?JKSS=000061106,<li>西武新宿線「航空公園」駅バス8分 徒歩2～4分</li><li>西武新宿線「所沢」駅バス10分 徒歩3～5分</li><li>西武新宿線「新所沢」駅 徒歩36～38分</li>
saitama,tokorozawa,所沢パークタウン並木通り,99800,西武新宿線「新所沢」駅,36.0,38.0,,,,所沢市並木8-1,6号棟,鉄骨鉄筋コンクリート造,11,N,1106号室,3DK,65,11,95300,4500,2か月,"['近居割', '近居割WIDE']",随時,https://www.ur-net.go.jp/chintai/kanto/saitama/50_1980_room.html?JKSS=000061106,<li>西武新宿線「航空公園」駅バス8分 徒歩2～4分</li><li>西武新宿線「所沢」駅バス10分 徒歩3～5分</li><li>西武新宿線「新所沢」駅 徒歩36～38分</li>
saitama,tokorozawa,所沢パークタウン並木通り,99800,,,,,,,所沢市並木8-1,6号棟,鉄骨鉄筋コンクリート造,11,N,1106号室,3DK,65,11,95300,4500,2か月,"['近居割', '近居割WIDE']",随時,https://www.ur-net.go.jp/chintai/kanto/saitama/50_1980_room.html?JKSS=000061106,<li>西武新宿線「航空公園」駅バス8分 徒歩2～4分</li><li>西武新宿線「所沢」駅バス10分 徒歩3～5分</li><li>西武新宿線「新所沢」駅 徒歩36～38分</li>
saitama,kamifukuoka,鶴瀬（市）,81200,東武東上線「鶴瀬」駅,7.0,7.0,,,,富士見市鶴瀬西2-8-2,,鉄筋コンクリート造,4,N,406号室,3DK,53,4,77600,3600,2か月,"['近居割', '近居割WIDE']",2026年9月5日以降,https://www.ur-net.go.jp/chintai/kanto/saitama/50_1730_room.html?JKSS=000000406,<li>東武東上線「鶴瀬」駅 徒歩7分</li>
saitama,kamifukuoka,鶴瀬（市）,81200,,,,,,,富士見市鶴瀬西2-8-2,,鉄筋コンクリート造,4,N,406号室,3DK,53,4,77600,3600,2か月,"['近居割', '近居割WIDE']",2026年9月5日以降,https://www.ur-net.go.jp/chintai/kanto/saitama/50_1730_room.html?JKSS=000000406,<li>東武東上線「鶴瀬」駅 徒歩7分</li>
saitama,kamifukuoka,コンフォール鶴瀬,93000,東武東上線「鶴瀬」駅,6.0,10.0,,,,富士見市鶴瀬西2-3ほか,7号棟,鉄筋コンクリート造,5,N,502号室,1DK,43,14,88900,4100,2か月,"['近居割', '近居割WIDE']",随時,https://www.ur-net.go.jp/chintai/kanto/saitama/50_4100_room.html?JKSS=000070502,<li>東武東上線「鶴瀬」駅 徒歩6～10分</li><li>東武東上線「みずほ台」駅 徒歩24～28分</li><li>東武東上線「ふじみ野」駅 徒歩26～31分</li>
saitama,kamifukuoka,コンフォール鶴瀬,93000,東武東上線「みずほ台」駅,24.0,28.0,,,,富士見市鶴瀬西2-3ほか,7号棟,鉄筋コンクリート造,5,N,502号室,1DK,43,14,88900,4100,2か月,"['近居割', '近居割WIDE']",随時,https://www.ur-net.go.jp/chintai/kanto/saitama/50_4100_room.html?JKSS=000070502,<li>東武東上線「鶴瀬」駅 徒歩6～10分</li><li>東武東上線「みずほ台」駅 徒歩24～28分</li><li>東武東上線「ふじみ野」駅 徒歩26～31分</li>
saitama,kamifukuoka,コンフォール鶴瀬,93000,東武東上線「ふじみ野」駅,26.0,31.0,,,,富士見市鶴瀬西2-3ほか,7号棟,鉄筋コンクリート造,5,N,502号室,1DK,43,14,88900,4100,2か月,"['近居割', '近居割WIDE']",随時,https://www.ur-net.go.jp/chintai/kanto/saitama/50_4100_room.html?JKSS=000070502,<li>東武東上線「鶴瀬」駅 徒歩6～10分</li><li>東武東上線「みずほ台」駅 徒歩24～28分</li><li>東武東上線「ふじみ野」駅 徒歩26～31分</li>
saitama,kamifukuoka,コンフォール鶴瀬,93000,,,,,,,富士見市鶴瀬西2-3ほか,7号棟,鉄筋コンクリート造,5,N,502号室,1DK,43,14,88900,4100,2か月,"['近居割', '近居割WIDE']",随時,https://www.ur-net.go.jp/chintai/kanto/saitama/50_4100_room.html?JKSS=000070502,<li>東武東上線「鶴瀬」駅 徒歩6～10分</li><li>東武東上線「みずほ台」駅 徒歩24～28分</li><li>東武東上線「ふじみ野」駅 徒歩26～31分</li>
saitama,kamifukuoka,コンフォール鶴瀬,94100,東武東上線「鶴瀬」駅,6.0,10.0,,,,富士見市鶴瀬西2-3ほか,7号棟,鉄筋コンクリート造,5,N,505号室,1K,43,14,90000,4100,2か月,"['近居割', '近居割WIDE']",2026年9月3日以降,https://www.ur-net.go.jp/chintai/kanto/saitama/50_4100_room.html?JKSS=000070505,<li>東武東上線「鶴瀬」駅 徒歩6～10分</li><li>東武東上線「みずほ台」駅 徒歩24～28分</li><li>東武東上線「ふじみ野」駅 徒歩26～31分</li>
saitama,kamifukuoka,コンフォール鶴瀬,94100,東武東上線「みずほ台」駅,24.0,28.0,,,,富士見市鶴瀬西2-3ほか,7号棟,鉄筋コンクリート造,5,N,505号室,1K,43,14,90000,4100,2か月,"['近居割', '近居割WIDE']",2026年9月3日以降,https://www.ur-net.go.jp/chintai/kanto/saitama/50_4100_room.html?JKSS=000070505,<li>東武東上線「鶴瀬」駅 徒歩6～10分</li><li>東武東上線「みずほ台」駅 徒歩24～28分</li><li>東武東上線「ふじみ野」駅 徒歩26～31分</li>
saitama,kamifukuoka,コンフォール鶴瀬,94100,東武東上線「ふじみ野」駅,26.0,31.0,,,,富士見市鶴瀬西2-3ほか,7号棟,鉄筋コンクリート造,5,N,505号室,1K,43,14,90000,4100,2か月,"['近居割', '近居割WIDE']",2026年9月3日以降,https://www.ur-net.go.jp/chintai/kanto/saitama/50_4100_room.html?JKSS=000070505,<li>東武東上線「鶴瀬」駅 徒歩6～10分</li><li>東武東上線「みずほ台」駅 徒歩24～28分</li><li>東武東上線「ふじみ野」駅 徒歩26～31分</li>
saitama,kamifukuoka,コンフォール鶴瀬,94100,,,,,,,富士見市鶴瀬西2-3ほか,7号棟,鉄筋コンクリート造,5,N,505号室,1K,43,14,90000,4100,2か月,"['近居割', '近居割WIDE']",2026年9月3日以降,https://www.ur-net.go.jp/chintai/kanto/saitama/50_4100_room.html?JKSS=000070505,<li>東武東上線「鶴瀬」駅 徒歩6～10分</li><li>東武東上線「みずほ台」駅 徒歩24～28分</li><li>東武東上線「ふじみ野」駅 徒歩26～31分</li>
saitama,kamifukuoka,コンフォール鶴瀬,94300,東武東上線「鶴瀬」駅,6.0,10.0,,,,富士見市鶴瀬西2-3ほか,7号棟,鉄筋コンクリート造,7,N,702号室,1DK,43,14,90200,4100,2か月,"['近居割', '近居割WIDE']",随時,https://www.ur-net.go.jp/chintai/kanto/saitama/50_4100_room.html?JKSS=000070702,<li>東武東上線「鶴瀬」駅 徒歩6～10分</li><li>東武東上線「みずほ台」駅 徒歩24～28分</li><li>東武東上線「ふじみ野」駅 徒歩26～31分</li>
saitama,kamifukuoka,コンフォール鶴瀬,94300,東武東上線「みずほ台」駅,24.0,28.0,,,,富士見市鶴瀬西2-3ほか,7号棟,鉄筋コンクリート造,7,N,702号室,1DK,43,14,90200,4100,2か月,"['近居割', '近居割WIDE']",随時,https://www.ur-net.go.jp/chintai/kanto/saitama/50_4100_room.html?JKSS=000070702,<li>東武東上線「鶴瀬」駅 徒歩6～10分</li><li>東武東上線「みずほ台」駅 徒歩24～28分</li><li>東武東上線「ふじみ野」駅 徒歩26～31分</li>
saitama,kamifukuoka,コンフォール鶴瀬,94300,東武東上線「ふじみ野」駅,26.0,31.0,,,,富士見市鶴瀬西2-3ほか,7号棟,鉄筋コンクリート造,7,N,702号室,1DK,43,14,90200,4100,2か月,"['近居割', '近居割WIDE']",随時,https://www.ur-net.go.jp/chintai/kanto/saitama/50_4100_room.html?JKSS=000070702,<li>東武東上線「鶴瀬」駅 徒歩6～10分</li><li>東武東上線「みずほ台」駅 徒歩24～28分</li><li>東武東上線「ふじみ野」駅 徒歩26～31分</li>
saitama,kamifukuoka,コンフォール鶴瀬,94300,,,,,,,富士見市鶴瀬西2-3ほか,7号棟,鉄筋コンクリート造,7,N,702号室,1DK,43,14,90200,4100,2か月,"['近居割', '近居割WIDE']",随時,https://www.ur-net.go.jp/chintai/kanto/saitama/50_4100_room.html?JKSS=000070702,<li>東武東上線「鶴瀬」駅 徒歩6～10分</li><li>東武東上線「みずほ台」駅 徒歩24～28分</li><li>東武東上線「ふじみ野」駅 徒歩26～31分</li>
saitama,kamifukuoka,コンフォール鶴瀬,96000,東武東上線「鶴瀬」駅,6.0,10.0,,,,富士見市鶴瀬西2-3ほか,7号棟,鉄筋コンクリート造,8,N,805号室,1K,43,14,91900,4100,2か月,"['近居割', '近居割WIDE']",2026年9月3日以降,https://www.ur-net.go.jp/chintai/kanto/saitama/50_4100_room.html?JKSS=000070805,<li>東武東上線「鶴瀬」駅 徒歩6～10分</li><li>東武東上線「みずほ台」駅 徒歩24～28分</li><li>東武東上線「ふじみ野」駅 徒歩26～31分</li>
saitama,kamifukuoka,コンフォール鶴瀬,96000,東武東上線「みずほ台」駅,24.0,28.0,,,,富士見市鶴瀬西2-3ほか,7号棟,鉄筋コンクリート造,8,N,805号室,1K,43,14,91900,4100,2か月,"['近居割', '近居割WIDE']",2026年9月3日以降,https://www.ur-net.go.jp/chintai/kanto/saitama/50_4100_room.html?JKSS=000070805,<li>東武東上線「鶴瀬」駅 徒歩6～10分</li><li>東武東上線「みずほ台」駅 徒歩24～28分</li><li>東武東上線「ふじみ野」駅 徒歩26～31分</li>
saitama,kamifukuoka,コンフォール鶴瀬,96000,東武東上線「ふじみ野」駅,26.0,31.0,,,,富士見市鶴瀬西2-3ほか,7号棟,鉄筋コンクリート造,8,N,805号室,1K,43,14,91900,4100,2か月,"['近居割', '近居割WIDE']",2026年9月3日以降,https://www.ur-net.go.jp/chintai/kanto/saitama/50_4100_room.html?JKSS=000070805,<li>東武東上線「鶴瀬」駅 徒歩6～10分</li><li>東武東上線「みずほ台」駅 徒歩24～28分</li><li>東武東上線「ふじみ野」駅 徒歩26～31分</li>
saitama,kamifukuoka,コンフォール鶴瀬,96000,,,,,,,富士見市鶴瀬西2-3ほか,7号棟,鉄筋コンクリート造,8,N,805号室,1K,43,14,91900,4100,2か月,"['近居割', '近居割WIDE']",2026年9月3日以降,https://www.ur-net.go.jp/chintai/kanto/saitama/50_4100_room.html?JKSS=000070805,<li>東武東上線「鶴瀬」駅 徒歩6～10分</li><li>東武東上線「みずほ台」駅 徒歩24～28分</li><li>東武東上線「ふじみ野」駅 徒歩26～31分</li>
saitama,kamifukuoka,コンフォール鶴瀬,107700,東武東上線「鶴瀬」駅,6.0,10.0,,,,富士見市鶴瀬西2-3ほか,8号棟,鉄筋コンクリート造,6,N,608号室,1LDK,50,14,103600,4100,2か月,"['近居割', '近居割WIDE']",随時,https://www.ur-net.go.jp/chintai/kanto/saitama/50_4100_room.html?JKSS=000080608,<li>東武東上線「鶴瀬」駅 徒歩6～10分</li><li>東武東上線「みずほ台」駅 徒歩24～28分</li><li>東武東上線「ふじみ野」駅 徒歩26～31分</li>
saitama,kamifukuoka,コンフォール鶴瀬,107700,東武東上線「みずほ台」駅,24.0,28.0,,,,富士見市鶴瀬西2-3ほか,8号棟,鉄筋コンクリート造,6,N,608号室,1LDK,50,14,103600,4100,2か月,"['近居割', '近居割WIDE']",随時,https://www.ur-net.go.jp/chintai/kanto/saitama/50_4100_room.html?JKSS=000080608,<li>東武東上線「鶴瀬」駅 徒歩6～10分</li><li>東武東上線「みずほ台」駅 徒歩24～28分</li><li>東武東上線「ふじみ野」駅 徒歩26～31分</li>
saitama,kamifukuoka,コンフォール鶴瀬,107700,東武東上線「ふじみ野」駅,26.0,31.0,,,,富士見市鶴瀬西2-3ほか,8号棟,鉄筋コンクリート造,6,N,608号室,1LDK,50,14,103600,4100,2か月,"['近居割', '近居割WIDE']",随時,https://www.ur-net.go.jp/chintai/kanto/saitama/50_4100_room.html?JKSS=000080608,<li>東武東上線「鶴瀬」駅 徒歩6～10分</li><li>東武東上線「みずほ台」駅 徒歩24～28分</li><li>東武東上線「ふじみ野」駅 徒歩26～31分</li>
saitama,kamifukuoka,コンフォール鶴瀬,107700,,,,,,,富士見市鶴瀬西2-3ほか,8号棟,鉄筋コンクリート造,6,N,608号室,1LDK,50,14,103600,4100,2か月,"['近居割', '近居割WIDE']",随時,https://www.ur-net.go.jp/chintai/kanto/saitama/50_4100_room.html?JKSS=000080608,<li>東武東上線「鶴瀬」駅 徒歩6～10分</li><li>東武東上線「みずほ台」駅 徒歩24～28分</li><li>東武東上線「ふじみ野」駅 徒歩26～31分</li>
saitama,wakaba,東坂戸,50900,,,,東武東上線「若葉」駅,8.0,12.0,坂戸市東坂戸1ほか,1-6号棟,鉄骨鉄筋コンクリート造,4,N,404号室,2DK,50,8,44800,6100,2か月,"['近居割', '近居割WIDE']",随時,https://www.ur-net.go.jp/chintai/kanto/saitama/50_1800_room.html?JKSS=001060404,<li>東武東上線「若葉」駅バス7～8分 徒歩1～4分</li><li>東武東上線「川越」駅バス30～32分 徒歩1～4分</li><li>東武東上線「鶴ケ島」駅 徒歩34～46分</li>
saitama,wakaba,東坂戸,50900,,,,東武東上線「川越」駅,31.0,36.0,坂戸市東坂戸1ほか,1-6号棟,鉄骨鉄筋コンクリート造,4,N,404号室,2DK,50,8,44800,6100,2か月,"['近居割', '近居割WIDE']",随時,https://www.ur-net.go.jp/chintai/kanto/saitama/50_1800_room.html?JKSS=001060404,<li>東武東上線「若葉」駅バス7～8分 徒歩1～4分</li><li>東武東上線「川越」駅バス30～32分 徒歩1～4分</li><li>東武東上線「鶴ケ島」駅 徒歩34～46分</li>
saitama,wakaba,東坂戸,50900,東武東上線「鶴ケ島」駅,34.0,46.0,,,,坂戸市東坂戸1ほか,1-6号棟,鉄骨鉄筋コンクリート造,4,N,404号室,2DK,50,8,44800,6100,2か月,"['近居割', '近居割WIDE']",随時,https://www.ur-net.go.jp/chintai/kanto/saitama/50_1800_room.html?JKSS=001060404,<li>東武東上線「若葉」駅バス7～8分 徒歩1～4分</li><li>東武東上線「川越」駅バス30～32分 徒歩1～4分</li><li>東武東上線「鶴ケ島」駅 徒歩34～46分</li>
saitama,wakaba,東坂戸,50900,,,,,,,坂戸市東坂戸1ほか,1-6号棟,鉄骨鉄筋コンクリート造,4,N,404号室,2DK,50,8,44800,6100,2か月,"['近居割', '近居割WIDE']",随時,https://www.ur-net.go.jp/chintai/kanto/saitama/50_1800_room.html?JKSS=001060404,<li>東武東上線「若葉」駅バス7～8分 徒歩1～4分</li><li>東武東上線「川越」駅バス30～32分 徒歩1～4分</li><li>東武東上線「鶴ケ島」駅 徒歩34～46分</li>
saitama,wakaba,東坂戸,51600,,,,東武東上線「若葉」駅,8.0,12.0,坂戸市東坂戸1ほか,1-6号棟,鉄骨鉄筋コンクリート造,2,N,207号室,2DK,50,8,45500,6100,2か月,"['近居割', '近居割WIDE']",随時,https://www.ur-net.go.jp/chintai/kanto/saitama/50_1800_room.html?JKSS=001060207,<li>東武東上線「若葉」駅バス7～8分 徒歩1～4分</li><li>東武東上線「川越」駅バス30～32分 徒歩1～4分</li><li>東武東上線「鶴ケ島」駅 徒歩34～46分</li>
saitama,wakaba,東坂戸,51600,,,,東武東上線「川越」駅,31.0,36.0,坂戸市東坂戸1ほか,1-6号棟,鉄骨鉄筋コンクリート造,2,N,207号室,2DK,50,8,45500,6100,2か月,"['近居割', '近居割WIDE']",随時,https://www.ur-net.go.jp/chintai/kanto/saitama/50_1800_room.html?JKSS=001060207,<li>東武東上線「若葉」駅バス7～8分 徒歩1～4分</li><li>東武東上線「川越」駅バス30～32分 徒歩1～4分</li><li>東武東上線「鶴ケ島」駅 徒歩34～46分</li>
saitama,wakaba,東坂戸,51600,東武東上線「鶴ケ島」駅,34.0,46.0,,,,坂戸市東坂戸1ほか,1-6号棟,鉄骨鉄筋コンクリート造,2,N,207号室,2DK,50,8,45500,6100,2か月,"['近居割', '近居割WIDE']",随時,https://www.ur-net.go.jp/chintai/kanto/saitama/50_1800_room.html?JKSS=001060207,<li>東武東上線「若葉」駅バス7～8分 徒歩1～4分</li><li>東武東上線「川越」駅バス30～32分 徒歩1～4分</li><li>東武東上線「鶴ケ島」駅 徒歩34～46分</li>
saitama,wakaba,東坂戸,51600,,,,,,,坂戸市東坂戸1ほか,1-6号棟,鉄骨鉄筋コンクリート造,2,N,207号室,2DK,50,8,45500,6100,2か月,"['近居割', '近居割WIDE']",随時,https://www.ur-net.go.jp/chintai/kanto/saitama/50_1800_room.html?JKSS=001060207,<li>東武東上線「若葉」駅バス7～8分 徒歩1～4分</li><li>東武東上線「川越」駅バス30～32分 徒歩1～4分</li><li>東武東上線「鶴ケ島」駅 徒歩34～46分</li>
saitama,wakaba,東坂戸,52400,,,,東武東上線「若葉」駅,8.0,12.0,坂戸市東坂戸1ほか,1-20号棟,鉄骨鉄筋コンクリート造,2,N,203号室,2DK,50,8,46300,6100,2か月,"['近居割', '近居割WIDE']",随時,https://www.ur-net.go.jp/chintai/kanto/saitama/50_1800_room.html?JKSS=001200203,<li>東武東上線「若葉」駅バス7～8分 徒歩1～4分</li><li>東武東上線「川越」駅バス30～32分 徒歩1～4分</li><li>東武東上線「鶴ケ島」駅 徒歩34～46分</li>
saitama,wakaba,東坂戸,52400,,,,東武東上線「川越」駅,31.0,36.0,坂戸市東坂戸1ほか,1-20号棟,鉄骨鉄筋コンクリート造,2,N,203号室,2DK,50,8,46300,6100,2か月,"['近居割', '近居割WIDE']",随時,https://www.ur-net.go.jp/chintai/kanto/saitama/50_1800_room.html?JKSS=001200203,<li>東武東上線「若葉」駅バス7～8分 徒歩1～4分</li><li>東武東上線「川越」駅バス30～32分 徒歩1～4分</li><li>東武東上線「鶴ケ島」駅 徒歩34～46分</li>
saitama,wakaba,東坂戸,52400,東武東上線「鶴ケ島」駅,34.0,46.0,,,,坂戸市東坂戸1ほか,1-20号棟,鉄骨鉄筋コンクリート造,2,N,203号室,2DK,50,8,46300,6100,2か月,"['近居割', '近居割WIDE']",随時,https://www.ur-net.go.jp/chintai/kanto/saitama/50_1800_room.html?JKSS=001200203,<li>東武東上線「若葉」駅バス7～8分 徒歩1～4分</li><li>東武東上線「川越」駅バス30～32分 徒歩1～4分</li><li>東武東上線「鶴ケ島」駅 徒歩34～46分</li>
saitama,wakaba,東坂戸,52400,,,,,,,坂戸市東坂戸1ほか,1-20号棟,鉄骨鉄筋コンクリート造,2,N,203号室,2DK,50,8,46300,6100,2か月,"['近居割', '近居割WIDE']",随時,https://www.ur-net.go.jp/chintai/kanto/saitama/50_1800_room.html?JKSS=001200203,<li>東武東上線「若葉」駅バス7～8分 徒歩1～4分</li><li>東武東上線「川越」駅バス30～32分 徒歩1～4分</li><li>東武東上線「鶴ケ島」駅 徒歩34～46分</li>
saitama,wakaba,東坂戸,52600,,,,東武東上線「若葉」駅,8.0,12.0,坂戸市東坂戸1ほか,1-20号棟,鉄骨鉄筋コンクリート造,5,N,506号室,2DK,50,8,46500,6100,2か月,"['近居割', '近居割WIDE']",2026年9月3日以降,https://www.ur-net.go.jp/chintai/kanto/saitama/50_1800_room.html?JKSS=001200506,<li>東武東上線「若葉」駅バス7～8分 徒歩1～4分</li><li>東武東上線「川越」駅バス30～32分 徒歩1～4分</li><li>東武東上線「鶴ケ島」駅 徒歩34～46分</li>
saitama,wakaba,東坂戸,52600,,,,東武東上線「川越」駅,31.0,36.0,坂戸市東坂戸1ほか,1-20号棟,鉄骨鉄筋コンクリート造,5,N,506号室,2DK,50,8,46500,6100,2か月,"['近居割', '近居割WIDE']",2026年9月3日以降,https://www.ur-net.go.jp/chintai/kanto/saitama/50_1800_room.html?JKSS=001200506,<li>東武東上線「若葉」駅バス7～8分 徒歩1～4分</li><li>東武東上線「川越」駅バス30～32分 徒歩1～4分</li><li>東武東上線「鶴ケ島」駅 徒歩34～46分</li>
saitama,wakaba,東坂戸,52600,東武東上線「鶴ケ島」駅,34.0,46.0,,,,坂戸市東坂戸1ほか,1-20号棟,鉄骨鉄筋コンクリート造,5,N,506号室,2DK,50,8,46500,6100,2か月,"['近居割', '近居割WIDE']",2026年9月3日以降,https://www.ur-net.go.jp/chintai/kanto/saitama/50_1800_room.html?JKSS=001200506,<li>東武東上線「若葉」駅バス7～8分 徒歩1～4分</li><li>東武東上線「川越」駅バス30～32分 徒歩1～4分</li><li>東武東上線「鶴ケ島」駅 徒歩34～46分</li>
saitama,wakaba,東坂戸,52600,,,,,,,坂戸市東坂戸1ほか,1-20号棟,鉄骨鉄筋コンクリート造,5,N,506号室,2DK,50,8,46500,6100,2か月,"['近居割', '近居割WIDE']",2026年9月3日以降,https://www.ur-net.go.jp/chintai/kanto/saitama/50_1800_room.html?JKSS=001200506,<li>東武東上線「若葉」駅バス7～8分 徒歩1～4分</li><li>東武東上線「川越」駅バス30～32分 徒歩1～4分</li><li>東武東上線「鶴ケ島」駅 徒歩34～46分</li>
saitama,wakaba,東坂戸,52600,,,,東武東上線「若葉」駅,8.0,12.0,坂戸市東坂戸1ほか,1-20号棟,鉄骨鉄筋コンクリート造,6,N,601号室,2DK,50,8,46500,6100,2か月,"['近居割', '近居割WIDE']",2026年9月4日以降,https://www.ur-net.go.jp/chintai/kanto/saitama/50_1800_room.html?JKSS=001200601,<li>東武東上線「若葉」駅バス7～8分 徒歩1～4分</li><li>東武東上線「川越」駅バス30～32分 徒歩1～4分</li><li>東武東上線「鶴ケ島」駅 徒歩34～46分</li>
saitama,wakaba,東坂戸,52600,,,,東武東上線「川越」駅,31.0,36.0,坂戸市東坂戸1ほか,1-20号棟,鉄骨鉄筋コンクリート造,6,N,601号室,2DK,50,8,46500,6100,2か月,"['近居割', '近居割WIDE']",2026年9月4日以降,https://www.ur-net.go.jp/chintai/kanto/saitama/50_1800_room.html?JKSS=001200601,<li>東武東上線「若葉」駅バス7～8分 徒歩1～4分</li><li>東武東上線「川越」駅バス30～32分 徒歩1～4分</li><li>東武東上線「鶴ケ島」駅 徒歩34～46分</li>
saitama,wakaba,東坂戸,52600,東武東上線「鶴ケ島」駅,34.0,46.0,,,,坂戸市東坂戸1ほか,1-20号棟,鉄骨鉄筋コンクリート造,6,N,601号室,2DK,50,8,46500,6100,2か月,"['近居割', '近居割WIDE']",2026年9月4日以降,https://www.ur-net.go.jp/chintai/kanto/saitama/50_1800_room.html?JKSS=001200601,<li>東武東上線「若葉」駅バス7～8分 徒歩1～4分</li><li>東武東上線「川越」駅バス30～32分 徒歩1～4分</li><li>東武東上線「鶴ケ島」駅 徒歩34～46分</li>
saitama,wakaba,東坂戸,52600,,,,,,,坂戸市東坂戸1ほか,1-20号棟,鉄骨鉄筋コンクリート造,6,N,601号室,2DK,50,8,46500,6100,2か月,"['近居割', '近居割WIDE']",2026年9月4日以降,https://www.ur-net.go.jp/chintai/kanto/saitama/50_1800_room.html?JKSS=001200601,<li>東武東上線「若葉」駅バス7～8分 徒歩1～4分</li><li>東武東上線「川越」駅バス30～32分 徒歩1～4分</li><li>東武東上線「鶴ケ島」駅 徒歩34～46分</li>
saitama,wakaba,北坂戸,48900,東武東上線「北坂戸」駅,2.0,11.0,,,,坂戸市溝端町1ほか,9-6号棟,鉄筋コンクリート造、鉄骨鉄筋コンクリート造,5,N,504号室,3K,45,5,45400,3500,2か月,"['近居割', '近居割WIDE']",随時,https://www.ur-net.go.jp/chintai/kanto/saitama/50_1590_room.html?JKSS=009060504,<li>東武東上線「北坂戸」駅 徒歩2～11分</li><li>東武東上線「坂戸」駅 徒歩23～34分</li><li>東武東上線「若葉」駅 徒歩41～49分</li><li>東武東上線「高坂」駅 徒歩47～52分</li>
saitama,wakaba,北坂戸,48900,東武東上線「坂戸」駅,23.0,34.0,,,,坂戸市溝端町1ほか,9-6号棟,鉄筋コンクリート造、鉄骨鉄筋コンクリート造,5,N,504号室,3K,45,5,45400,3500,2か月,"['近居割', '近居割WIDE']",随時,https://www.ur-net.go.jp/chintai/kanto/saitama/50_1590_room.html?JKSS=009060504,<li>東武東上線「北坂戸」駅 徒歩2～11分</li><li>東武東上線「坂戸」駅 徒歩23～34分</li><li>東武東上線「若葉」駅 徒歩41～49分</li><li>東武東上線「高坂」駅 徒歩47～52分</li>
saitama,wakaba,北坂戸,48900,東武東上線「若葉」駅,41.0,49.0,,,,坂戸市溝端町1ほか,9-6号棟,鉄筋コンクリート造、鉄骨鉄筋コンクリート造,5,N,504号室,3K,45,5,45400,3500,2か月,"['近居割', '近居割WIDE']",随時,https://www.ur-net.go.jp/chintai/kanto/saitama/50_1590_room.html?JKSS=009060504,<li>東武東上線「北坂戸」駅 徒歩2～11分</li><li>東武東上線「坂戸」駅 徒歩23～34分</li><li>東武東上線「若葉」駅 徒歩41～49分</li><li>東武東上線「高坂」駅 徒歩47～52分</li>
saitama,wakaba,北坂戸,48900,東武東上線「高坂」駅,47.0,52.0,,,,坂戸市溝端町1ほか,9-6号棟,鉄筋コンクリート造、鉄骨鉄筋コンクリート造,5,N,504号室,3K,45,5,45400,3500,2か月,"['近居割', '近居割WIDE']",随時,https://www.ur-net.go.jp/chintai/kanto/saitama/50_1590_room.html?JKSS=009060504,<li>東武東上線「北坂戸」駅 徒歩2～11分</li><li>東武東上線「坂戸」駅 徒歩23～34分</li><li>東武東上線「若葉」駅 徒歩41～49分</li><li>東武東上線「高坂」駅 徒歩47～52分</li>
saitama,wakaba,北坂戸,48900,,,,,,,坂戸市溝端町1ほか,9-6号棟,鉄筋コンクリート造、鉄骨鉄筋コンクリート造,5,N,504号室,3K,45,5,45400,3500,2か月,"['近居割', '近居割WIDE']",随時,https://www.ur-net.go.jp/chintai/kanto/saitama/50_1590_room.html?JKSS=009060504,<li>東武東上線「北坂戸」駅 徒歩2～11分</li><li>東武東上線「坂戸」駅 徒歩23～34分</li><li>東武東上線「若葉」駅 徒歩41～49分</li><li>東武東上線「高坂」駅 徒歩47～52分</li>
saitama,kawagoe,狭山台,57000,,,,西武新宿線「狭山市」駅,7.0,14.0,狭山市狭山台1-31ほか,3-1号棟,鉄筋コンクリート造、鉄骨鉄筋コンクリート造,2,N,202号室,2DK,43,8,53500,3500,2か月,['健康寿命サポート'],2026年9月5日以降,https://www.ur-net.go.jp/chintai/kanto/saitama/50_1670_room.html?JKSS=003010202,<li>西武新宿線「狭山市」駅バス6～10分 徒歩1～4分</li><li>西武新宿線「新狭山」駅 徒歩22～33分</li><li>西武新宿線「入曽」駅 徒歩41～53分</li>
saitama,kawagoe,狭山台,57000,西武新宿線「新狭山」駅,22.0,33.0,,,,狭山市狭山台1-31ほか,3-1号棟,鉄筋コンクリート造、鉄骨鉄筋コンクリート造,2,N,202号室,2DK,43,8,53500,3500,2か月,['健康寿命サポート'],2026年9月5日以降,https://www.ur-net.go.jp/chintai/kanto/saitama/50_1670_room.html?JKSS=003010202,<li>西武新宿線「狭山市」駅バス6～10分 徒歩1～4分</li><li>西武新宿線「新狭山」駅 徒歩22～33分</li><li>西武新宿線「入曽」駅 徒歩41～53分</li>
saitama,kawagoe,狭山台,57000,西武新宿線「入曽」駅,41.0,53.0,,,,狭山市狭山台1-31ほか,3-1号棟,鉄筋コンクリート造、鉄骨鉄筋コンクリート造,2,N,202号室,2DK,43,8,53500,3500,2か月,['健康寿命サポート'],2026年9月5日以降,https://www.ur-net.go.jp/chintai/kanto/saitama/50_1670_room.html?JKSS=003010202,<li>西武新宿線「狭山市」駅バス6～10分 徒歩1～4分</li><li>西武新宿線「新狭山」駅 徒歩22～33分</li><li>西武新宿線「入曽」駅 徒歩41～53分</li>
saitama,kawagoe,狭山台,57000,,,,,,,狭山市狭山台1-31ほか,3-1号棟,鉄筋コンクリート造、鉄骨鉄筋コンクリート造,2,N,202号室,2DK,43,8,53500,3500,2か月,['健康寿命サポート'],2026年9月5日以降,https://www.ur-net.go.jp/chintai/kanto/saitama/50_1670_room.html?JKSS=003010202,<li>西武新宿線「狭山市」駅バス6～10分 徒歩1～4分</li><li>西武新宿線「新狭山」駅 徒歩22～33分</li><li>西武新宿線「入曽」駅 徒歩41～53分</li>
saitama,kawagoe,狭山台,57900,,,,西武新宿線「狭山市」駅,7.0,14.0,狭山市狭山台1-31ほか,3-11号棟,鉄筋コンクリート造、鉄骨鉄筋コンクリート造,5,N,501号室,3DK,55,5,54400,3500,2か月,"['近居割', '近居割WIDE']",随時,https://www.ur-net.go.jp/chintai/kanto/saitama/50_1670_room.html?JKSS=003110501,<li>西武新宿線「狭山市」駅バス6～10分 徒歩1～4分</li><li>西武新宿線「新狭山」駅 徒歩22～33分</li><li>西武新宿線「入曽」駅 徒歩41～53分</li>
saitama,kawagoe,狭山台,57900,西武新宿線「新狭山」駅,22.0,33.0,,,,狭山市狭山台1-31ほか,3-11号棟,鉄筋コンクリート造、鉄骨鉄筋コンクリート造,5,N,501号室,3DK,55,5,54400,3500,2か月,"['近居割', '近居割WIDE']",随時,https://www.ur-net.go.jp/chintai/kanto/saitama/50_1670_room.html?JKSS=003110501,<li>西武新宿線「狭山市」駅バス6～10分 徒歩1～4分</li><li>西武新宿線「新狭山」駅 徒歩22～33分</li><li>西武新宿線「入曽」駅 徒歩41～53分</li>
saitama,kawagoe,狭山台,57900,西武新宿線「入曽」駅,41.0,53.0,,,,狭山市狭山台1-31ほか,3-11号棟,鉄筋コンクリート造、鉄骨鉄筋コンクリート造,5,N,501号室,3DK,55,5,54400,3500,2か月,"['近居割', '近居割WIDE']",随時,https://www.ur-net.go.jp/chintai/kanto/saitama/50_1670_room.html?JKSS=003110501,<li>西武新宿線「狭山市」駅バス6～10分 徒歩1～4分</li><li>西武新宿線「新狭山」駅 徒歩22～33分</li><li>西武新宿線「入曽」駅 徒歩41～53分</li>
saitama,kawagoe,狭山台,57900,,,,,,,狭山市狭山台1-31ほか,3-11号棟,鉄筋コンクリート造、鉄骨鉄筋コンクリート造,5,N,501号室,3DK,55,5,54400,3500,2か月,"['近居割', '近居割WIDE']",随時,https://www.ur-net.go.jp/chintai/kanto/saitama/50_1670_room.html?JKSS=003110501,<li>西武新宿線「狭山市」駅バス6～10分 徒歩1～4分</li><li>西武新宿線「新狭山」駅 徒歩22～33分</li><li>西武新宿線「入曽」駅 徒歩41～53分</li>
saitama,kawagoe,狭山台,63600,,,,西武新宿線「狭山市」駅,7.0,14.0,狭山市狭山台1-31ほか,4-1号棟,鉄筋コンクリート造、鉄骨鉄筋コンクリート造,8,N,804号室,2DK,45,11,60100,3500,2か月,"['近居割', '近居割WIDE']",随時,https://www.ur-net.go.jp/chintai/kanto/saitama/50_1670_room.html?JKSS=004010804,<li>西武新宿線「狭山市」駅バス6～10分 徒歩1～4分</li><li>西武新宿線「新狭山」駅 徒歩22～33分</li><li>西武新宿線「入曽」駅 徒歩41～53分</li>
saitama,kawagoe,狭山台,63600,西武新宿線「新狭山」駅,22.0,33.0,,,,狭山市狭山台1-31ほか,4-1号棟,鉄筋コンクリート造、鉄骨鉄筋コンクリート造,8,N,804号室,2DK,45,11,60100,3500,2か月,"['近居割', '近居割WIDE']",随時,https://www.ur-net.go.jp/chintai/kanto/saitama/50_1670_room.html?JKSS=004010804,<li>西武新宿線「狭山市」駅バス6～10分 徒歩1～4分</li><li>西武新宿線「新狭山」駅 徒歩22～33分</li><li>西武新宿線「入曽」駅 徒歩41～53分</li>
saitama,kawagoe,狭山台,63600,西武新宿線「入曽」駅,41.0,53.0,,,,狭山市狭山台1-31ほか,4-1号棟,鉄筋コンクリート造、鉄骨鉄筋コンクリート造,8,N,804号室,2DK,45,11,60100,3500,2か月,"['近居割', '近居割WIDE']",随時,https://www.ur-net.go.jp/chintai/kanto/saitama/50_1670_room.html?JKSS=004010804,<li>西武新宿線「狭山市」駅バス6～10分 徒歩1～4分</li><li>西武新宿線「新狭山」駅 徒歩22～33分</li><li>西武新宿線「入曽」駅 徒歩41～53分</li>
saitama,kawagoe,狭山台,63600,,,,,,,狭山市狭山台1-31ほか,4-1号棟,鉄筋コンクリート造、鉄骨鉄筋コンクリート造,8,N,804号室,2DK,45,11,60100,3500,2か月,"['近居割', '近居割WIDE']",随時,https://www.ur-net.go.jp/chintai/kanto/saitama/50_1670_room.html?JKSS=004010804,<li>西武新宿線「狭山市」駅バス6～10分 徒歩1～4分</li><li>西武新宿線「新狭山」駅 徒歩22～33分</li><li>西武新宿線「入曽」駅 徒歩41～53分</li>
saitama,kawagoe,狭山台,64200,,,,西武新宿線「狭山市」駅,7.0,14.0,狭山市狭山台1-31ほか,1-12号棟,鉄筋コンクリート造、鉄骨鉄筋コンクリート造,3,N,304号室,2DK,47,5,60700,3500,2か月,"['近居割', '近居割WIDE']",随時,https://www.ur-net.go.jp/chintai/kanto/saitama/50_1670_room.html?JKSS=001120304,<li>西武新宿線「狭山市」駅バス6～10分 徒歩1～4分</li><li>西武新宿線「新狭山」駅 徒歩22～33分</li><li>西武新宿線「入曽」駅 徒歩41～53分</li>
saitama,kawagoe,狭山台,64200,西武新宿線「新狭山」駅,22.0,33.0,,,,狭山市狭山台1-31ほか,1-12号棟,鉄筋コンクリート造、鉄骨鉄筋コンクリート造,3,N,304号室,2DK,47,5,60700,3500,2か月,"['近居割', '近居割WIDE']",随時,https://www.ur-net.go.jp/chintai/kanto/saitama/50_1670_room.html?JKSS=001120304,<li>西武新宿線「狭山市」駅バス6～10分 徒歩1～4分</li><li>西武新宿線「新狭山」駅 徒歩22～33分</li><li>西武新宿線「入曽」駅 徒歩41～53分</li>
saitama,kawagoe,狭山台,64200,西武新宿線「入曽」駅,41.0,53.0,,,,狭山市狭山台1-31ほか,1-12号棟,鉄筋コンクリート造、鉄骨鉄筋コンクリート造,3,N,304号室,2DK,47,5,60700,3500,2か月,"['近居割', '近居割WIDE']",随時,https://www.ur-net.go.jp/chintai/kanto/saitama/50_1670_room.html?JKSS=001120304,<li>西武新宿線「狭山市」駅バス6～10分 徒歩1～4分</li><li>西武新宿線「新狭山」駅 徒歩22～33分</li><li>西武新宿線「入曽」駅 徒歩41～53分</li>
saitama,kawagoe,狭山台,64200,,,,,,,狭山市狭山台1-31ほか,1-12号棟,鉄筋コンクリート造、鉄骨鉄筋コンクリート造,3,N,304号室,2DK,47,5,60700,3500,2か月,"['近居割', '近居割WIDE']",随時,https://www.ur-net.go.jp/chintai/kanto/saitama/50_1670_room.html?JKSS=001120304,<li>西武新宿線「狭山市」駅バス6～10分 徒歩1～4分</li><li>西武新宿線「新狭山」駅 徒歩22～33分</li><li>西武新宿線「入曽」駅 徒歩41～53分</li>
saitama,tokorozawa,入間豊岡,70900,西武池袋線「入間市」駅,7.0,7.0,,,,入間市豊岡1-8,1号棟,鉄骨鉄筋コンクリート造,1,N,105号室,2DK,48,12,67400,3500,2か月,['近居割'],2026年9月3日以降,https://www.ur-net.go.jp/chintai/kanto/saitama/50_1850_room.html?JKSS=000010105,<li>西武池袋線「入間市」駅 徒歩7分</li>
saitama,tokorozawa,入間豊岡,70900,,,,,,,入間市豊岡1-8,1号棟,鉄骨鉄筋コンクリート造,1,N,105号室,2DK,48,12,67400,3500,2か月,['近居割'],2026年9月3日以降,https://www.ur-net.go.jp/chintai/kanto/saitama/50_1850_room.html?JKSS=000010105,<li>西武池袋線「入間市」駅 徒歩7分</li>
saitama,shiki,新座,79300,東武東上線「柳瀬川」駅,15.0,22.0,,,,新座市新座3,4-3号棟,鉄筋コンクリート造,4,N,406号室,2LDK,52,5,76100,3200,2か月,"['近居割', '近居割WIDE']",随時,https://www.ur-net.go.jp/chintai/kanto/saitama/50_1310_room.html?JKSS=000403406,<li>東武東上線「柳瀬川」駅 徒歩15～22分</li><li>東武東上線「志木」駅バス11分 徒歩1～6分</li><li>JR武蔵野線「新座」駅 徒歩28～36分</li>
saitama,shiki,新座,79300,,,,東武東上線「志木」駅,12.0,17.0,新座市新座3,4-3号棟,鉄筋コンクリート造,4,N,406号室,2LDK,52,5,76100,3200,2か月,"['近居割', '近居割WIDE']",随時,https://www.ur-net.go.jp/chintai/kanto/saitama/50_1310_room.html?JKSS=000403406,<li>東武東上線「柳瀬川」駅 徒歩15～22分</li><li>東武東上線「志木」駅バス11分 徒歩1～6分</li><li>JR武蔵野線「新座」駅 徒歩28～36分</li>
saitama,shiki,新座,79300,JR武蔵野線「新座」駅,28.0,36.0,,,,新座市新座3,4-3号棟,鉄筋コンクリート造,4,N,406号室,2LDK,52,5,76100,3200,2か月,"['近居割', '近居割WIDE']",随時,https://www.ur-net.go.jp/chintai/kanto/saitama/50_1310_room.html?JKSS=000403406,<li>東武東上線「柳瀬川」駅 徒歩15～22分</li><li>東武東上線「志木」駅バス11分 徒歩1～6分</li><li>JR武蔵野線「新座」駅 徒歩28～36分</li>
saitama,shiki,新座,79300,,,,,,,新座市新座3,4-3号棟,鉄筋コンクリート造,4,N,406号室,2LDK,52,5,76100,3200,2か月,"['近居割', '近居割WIDE']",随時,https://www.ur-net.go.jp/chintai/kanto/saitama/50_1310_room.html?JKSS=000403406,<li>東武東上線「柳瀬川」駅 徒歩15～22分</li><li>東武東上線「志木」駅バス11分 徒歩1～6分</li><li>JR武蔵野線「新座」駅 徒歩28～36分</li>
saitama,kawagoe,こま川,37000,JR川越線・八高線「高麗川」駅,20.0,29.0,,,,日高市下鹿山494,2-14号棟,鉄筋コンクリート造,4,N,403号室,2DK,41,5,33300,3700,2か月,['近居割'],2026年9月3日以降,https://www.ur-net.go.jp/chintai/kanto/saitama/50_1460_room.html?JKSS=000214403,<li>JR川越線・八高線「高麗川」駅 徒歩20～29分 又は日高市おでかけワゴン6～8分 徒歩2～5分※</li><li>JR川越線「武蔵高萩」駅 日高市おでかけワゴン4～7分 徒歩2～5分※</li><li>※詳細は日高市HP参照</li>
saitama,kawagoe,こま川,37000,,,,,,,日高市下鹿山494,2-14号棟,鉄筋コンクリート造,4,N,403号室,2DK,41,5,33300,3700,2か月,['近居割'],2026年9月3日以降,https://www.ur-net.go.jp/chintai/kanto/saitama/50_1460_room.html?JKSS=000214403,<li>JR川越線・八高線「高麗川」駅 徒歩20～29分 又は日高市おでかけワゴン6～8分 徒歩2～5分※</li><li>JR川越線「武蔵高萩」駅 日高市おでかけワゴン4～7分 徒歩2～5分※</li><li>※詳細は日高市HP参照</li>
saitama,kawagoe,こま川,38800,JR川越線・八高線「高麗川」駅,20.0,29.0,,,,日高市下鹿山494,3-11号棟,鉄筋コンクリート造,2,N,205号室,1LDK,41,5,35100,3700,2か月,['近居割'],随時,https://www.ur-net.go.jp/chintai/kanto/saitama/50_1460_room.html?JKSS=000311205,<li>JR川越線・八高線「高麗川」駅 徒歩20～29分 又は日高市おでかけワゴン6～8分 徒歩2～5分※</li><li>JR川越線「武蔵高萩」駅 日高市おでかけワゴン4～7分 徒歩2～5分※</li><li>※詳細は日高市HP参照</li>
saitama,kawagoe,こま川,38800,,,,,,,日高市下鹿山494,3-11号棟,鉄筋コンクリート造,2,N,205号室,1LDK,41,5,35100,3700,2か月,['近居割'],随時,https://www.ur-net.go.jp/chintai/kanto/saitama/50_1460_room.html?JKSS=000311205,<li>JR川越線・八高線「高麗川」駅 徒歩20～29分 又は日高市おでかけワゴン6～8分 徒歩2～5分※</li><li>JR川越線「武蔵高萩」駅 日高市おでかけワゴン4～7分 徒歩2～5分※</li><li>※詳細は日高市HP参照</li>
saitama,kawagoe,こま川,44300,JR川越線・八高線「高麗川」駅,20.0,29.0,,,,日高市下鹿山494,3-10号棟,鉄筋コンクリート造,4,N,404号室,2LDK,52,5,40600,3700,2か月,['近居割'],2026年9月4日以降,https://www.ur-net.go.jp/chintai/kanto/saitama/50_1460_room.html?JKSS=000310404,<li>JR川越線・八高線「高麗川」駅 徒歩20～29分 又は日高市おでかけワゴン6～8分 徒歩2～5分※</li><li>JR川越線「武蔵高萩」駅 日高市おでかけワゴン4～7分 徒歩2～5分※</li><li>※詳細は日高市HP参照</li>
saitama,kawagoe,こま川,44300,,,,,,,日高市下鹿山494,3-10号棟,鉄筋コンクリート造,4,N,404号室,2LDK,52,5,40600,3700,2か月,['近居割'],2026年9月4日以降,https://www.ur-net.go.jp/chintai/kanto/saitama/50_1460_room.html?JKSS=000310404,<li>JR川越線・八高線「高麗川」駅 徒歩20～29分 又は日高市おでかけワゴン6～8分 徒歩2～5分※</li><li>JR川越線「武蔵高萩」駅 日高市おでかけワゴン4～7分 徒歩2～5分※</li><li>※詳細は日高市HP参照</li>
