Todofuken,Area,Dan Chi Name,Total Fee,Nearest station by Walk,Best case by Walk (minute),Worst case by Walk (minute),Nearest station by Bus,Best case by Bus (minute),Worst case by Bus (minute),Address,Building Name,Building Structure,Floor,Elevator,Room Num,Room Type,Floor Space,Max Floor,Rent,Common Fee,Shikikin,Systems,availableDate,Room Link,Traffic
tokyo,oji,エルアージュ小石川,206100,都営三田線ほか｢春日｣駅,5.0,5.0,,,,文京区小石川1-17-1,,鉄骨鉄筋コンクリート造（一部鉄骨コンクリート造）,4,N,413号室,1DK,44,20,200800,5300,2か月,['近居割'],随時,https://www.ur-net.go.jp/chintai/kanto/tokyo/20_6310_room.html?JKSS=000000413,<li>都営三田線ほか｢春日｣駅 徒歩5分</li><li>東京メトロ丸ノ内線ほか｢後楽園｣駅 徒歩7分</li>
tokyo,oji,エルアージュ小石川,206100,東京メトロ丸ノ内線ほか｢後楽園｣駅,7.0,7.0,,,,文京区小石川1-17-1,,鉄骨鉄筋コンクリート造（一部鉄骨コンクリート造）,4,N,413号室,1DK,44,20,200800,5300,2か月,['近居割'],随時,https://www.ur-net.go.jp/chintai/kanto/tokyo/20_6310_room.html?JKSS=000000413,<li>都営三田線ほか｢春日｣駅 徒歩5分</li><li>東京メトロ丸ノ内線ほか｢後楽園｣駅 徒歩7分</li>
tokyo,oji,エルアージュ小石川,206100,,,,,,,文京区小石川1-17-1,,鉄骨鉄筋コンクリート造（一部鉄骨コンクリート造）,4,N,413号室,1DK,44,20,200800,5300,2か月,['近居割'],随時,https://www.ur-net.go.jp/chintai/kanto/tokyo/20_6310_room.html?JKSS=000000413,<li>都営三田線ほか｢春日｣駅 徒歩5分</li><li>東京メトロ丸ノ内線ほか｢後楽園｣駅 徒歩7分</li>
tokyo,kinshicho,アーバンライフ亀戸,144300,JR総武線・東武亀戸線「亀戸」駅,6.0,7.0,,,,江東区亀戸2-1,21号棟,鉄筋コンクリート造,12,N,1202号室,1K,43,14,138900,5400,2か月,['近居割'],随時,https://www.ur-net.go.jp/chintai/kanto/tokyo/20_5960_room.html?JKSS=000211202,<li>JR総武線・東武亀戸線「亀戸」駅 徒歩6～7分</li><li>都営新宿線「西大島」駅 徒歩17分</li><li>JR総武線・東京メトロ半蔵門線「錦糸町」駅 徒歩9～10分</li>
tokyo,kinshicho,アーバンライフ亀戸,144300,都営新宿線「西大島」駅,17.0,17.0,,,,江東区亀戸2-1,21号棟,鉄筋コンクリート造,12,N,1202号室,1K,43,14,138900,5400,2か月,['近居割'],随時,https://www.ur-net.go.jp/chintai/kanto/tokyo/20_5960_room.html?JKSS=000211202,<li>JR総武線・東武亀戸線「亀戸」駅 徒歩6～7分</li><li>都営新宿線「西大島」駅 徒歩17分</li><li>JR総武線・東京メトロ半蔵門線「錦糸町」駅 徒歩9～10分</li>
tokyo,kinshicho,アーバンライフ亀戸,144300,JR総武線・東京メトロ半蔵門線「錦糸町」駅,9.0,10.0,,,,江東区亀戸2-1,21号棟,鉄筋コンクリート造,12,N,1202号室,1K,43,14,138900,5400,2か月,['近居割'],随時,https://www.ur-net.go.jp/chintai/kanto/tokyo/20_5960_room.html?JKSS=000211202,<li>JR総武線・東武亀戸線「亀戸」駅 徒歩6～7分</li><li>都営新宿線「西大島」駅 徒歩17分</li><li>JR総武線・東京メトロ半蔵門線「錦糸町」駅 徒歩9～10分</li>
tokyo,kinshicho,アーバンライフ亀戸,144300,,,,,,,江東区亀戸2-1,21号棟,鉄筋コンクリート造,12,N,1202号室,1K,43,14,138900,5400,2か月,['近居割'],随時,https://www.ur-net.go.jp/chintai/kanto/tokyo/20_5960_room.html?JKSS=000211202,<li>JR総武線・東武亀戸線「亀戸」駅 徒歩6～7分</li><li>都営新宿線「西大島」駅 徒歩17分</li><li>JR総武線・東京メトロ半蔵門線「錦糸町」駅 徒歩9～10分</li>
tokyo,kitasenju,竹の塚第三,87500,東武伊勢崎線「竹ノ塚」駅,2.0,5.0,,,,足立区竹の塚6-4ほか,5号棟,鉄筋コンクリート造,6,N,605号室,1DK,40,7,83800,3700,2か月,['URライト（4年定借）'],随時,https://www.ur-net.go.jp/chintai/kanto/tokyo/20_1370_room.html?JKSS=000050605,<li>東武伊勢崎線「竹ノ塚」駅 徒歩2～5分</li>
tokyo,kitasenju,竹の塚第三,87500,,,,,,,足立区竹の塚6-4ほか,5号棟,鉄筋コンクリート造,6,N,605号室,1DK,40,7,83800,3700,2か月,['URライト（4年定借）'],随時,https://www.ur-net.go.jp/chintai/kanto/tokyo/20_1370_room.html?JKSS=000050605,<li>東武伊勢崎線「竹ノ塚」駅 徒歩2～5分</li>
tokyo,kitasenju,竹の塚第一,97100,東武伊勢崎線「竹ノ塚」駅,11.0,16.0,東武伊勢崎線「竹ノ塚」駅,4.0,10.0,足立区竹の塚3-11ほか,18号棟,鉄筋コンクリート造,5,N,506号室,2LDK,50,5,93600,3500,2か月,['近居割'],随時,https://www.ur-net.go.jp/chintai/kanto/tokyo/20_1300_room.html?JKSS=000018506,<li>東武伊勢崎線「竹ノ塚」駅 徒歩11～16分</li><li>東武伊勢崎線「竹ノ塚」駅バス2～3分 徒歩2～7分</li><li>JR常磐線「北千住」駅バス16～18分 徒歩1～5分</li>
tokyo,kitasenju,竹の塚第一,97100,,,,JR常磐線「北千住」駅,17.0,23.0,足立区竹の塚3-11ほか,18号棟,鉄筋コンクリート造,5,N,506号室,2LDK,50,5,93600,3500,2か月,['近居割'],随時,https://www.ur-net.go.jp/chintai/kanto/tokyo/20_1300_room.html?JKSS=000018506,<li>東武伊勢崎線「竹ノ塚」駅 徒歩11～16分</li><li>東武伊勢崎線「竹ノ塚」駅バス2～3分 徒歩2～7分</li><li>JR常磐線「北千住」駅バス16～18分 徒歩1～5分</li>
tokyo,kitasenju,竹の塚第一,97100,,,,,,,足立区竹の塚3-11ほか,18号棟,鉄筋コンクリート造,5,N,506号室,2LDK,50,5,93600,3500,2か月,['近居割'],随時,https://www.ur-net.go.jp/chintai/kanto/tokyo/20_1300_room.html?JKSS=000018506,<li>東武伊勢崎線「竹ノ塚」駅 徒歩11～16分</li><li>東武伊勢崎線「竹ノ塚」駅バス2～3分 徒歩2～7分</li><li>JR常磐線「北千住」駅バス16～18分 徒歩1～5分</li>
tokyo,kitasenju,フレール西新井第二,123200,東武大師線「大師前」駅,9.0,12.0,,,,足立区西新井2-5ほか,5号棟,鉄筋コンクリート造,4,N,402号室,1LDK,53,8,116600,6600,2か月,['近居割'],随時,https://www.ur-net.go.jp/chintai/kanto/tokyo/20_6420_room.html?JKSS=000050402,<li>東武大師線「大師前」駅 徒歩9～12分</li><li>日暮里舎人ライナー「西新井大師西」駅 徒歩14～16分</li><li>東武伊勢崎線「西新井」駅 徒歩16～19分</li>
tokyo,kitasenju,フレール西新井第二,123200,日暮里舎人ライナー「西新井大師西」駅,14.0,16.0,,,,足立区西新井2-5ほか,5号棟,鉄筋コンクリート造,4,N,402号室,1LDK,53,8,116600,6600,2か月,['近居割'],随時,https://www.ur-net.go.jp/chintai/kanto/tokyo/20_6420_room.html?JKSS=000050402,<li>東武大師線「大師前」駅 徒歩9～12分</li><li>日暮里舎人ライナー「西新井大師西」駅 徒歩14～16分</li><li>東武伊勢崎線「西新井」駅 徒歩16～19分</li>
tokyo,kitasenju,フレール西新井第二,123200,東武伊勢崎線「西新井」駅,16.0,19.0,,,,足立区西新井2-5ほか,5号棟,鉄筋コンクリート造,4,N,402号室,1LDK,53,8,116600,6600,2か月,['近居割'],随時,https://www.ur-net.go.jp/chintai/kanto/tokyo/20_6420_room.html?JKSS=000050402,<li>東武大師線「大師前」駅 徒歩9～12分</li><li>日暮里舎人ライナー「西新井大師西」駅 徒歩14～16分</li><li>東武伊勢崎線「西新井」駅 徒歩16～19分</li>
tokyo,kitasenju,フレール西新井第二,123200,,,,,,,足立区西新井2-5ほか,5号棟,鉄筋コンクリート造,4,N,402号室,1LDK,53,8,116600,6600,2か月,['近居割'],随時,https://www.ur-net.go.jp/chintai/kanto/tokyo/20_6420_room.html?JKSS=000050402,<li>東武大師線「大師前」駅 徒歩9～12分</li><li>日暮里舎人ライナー「西新井大師西」駅 徒歩14～16分</li><li>東武伊勢崎線「西新井」駅 徒歩16～19分</li>
tokyo,oji,ハートアイランド新田一番街,180600,,,,JR京浜東北・根岸線「王子」駅,14.0,15.0,足立区新田3―36,2号棟,鉄筋コンクリート造,14,N,1401号室,2LDK,75,14,173000,7600,2か月,"['近居割', '近居割WIDE']",随時,https://www.ur-net.go.jp/chintai/kanto/tokyo/20_6740_room.html?JKSS=000021401,<li>JR京浜東北・根岸線「王子」駅バス13分 徒歩1～2分</li><li>東京メトロ南北線「王子神谷」駅 徒歩19～20分</li>
tokyo,oji,ハートアイランド新田一番街,180600,東京メトロ南北線「王子神谷」駅,19.0,20.0,,,,足立区新田3―36,2号棟,鉄筋コンクリート造,14,N,1401号室,2LDK,75,14,173000,7600,2か月,"['近居割', '近居割WIDE']",随時,https://www.ur-net.go.jp/chintai/kanto/tokyo/20_6740_room.html?JKSS=000021401,<li>JR京浜東北・根岸線「王子」駅バス13分 徒歩1～2分</li><li>東京メトロ南北線「王子神谷」駅 徒歩19～20分</li>
tokyo,oji,ハートアイランド新田一番街,180600,,,,,,,足立区新田3―36,2号棟,鉄筋コンクリート造,14,N,1401号室,2LDK,75,14,173000,7600,2か月,"['近居割', '近居割WIDE']",随時,https://www.ur-net.go.jp/chintai/kanto/tokyo/20_6740_room.html?JKSS=000021401,<li>JR京浜東北・根岸線「王子」駅バス13分 徒歩1～2分</li><li>東京メトロ南北線「王子神谷」駅 徒歩19～20分</li>
tokyo,kitasenju,金町駅前,94200,JR常磐線「金町」駅,3.0,5.0,,,,葛飾区東金町1-36,2号棟,鉄筋コンクリート造,3,N,302号室,1LDK,43,15,90700,3500,2か月,['URライト（5年定借）'],随時,https://www.ur-net.go.jp/chintai/kanto/tokyo/20_1650_room.html?JKSS=000020302,<li>JR常磐線「金町」駅 徒歩3～5分</li><li>京成金町線「京成金町」駅 徒歩4～7分</li>
tokyo,kitasenju,金町駅前,94200,京成金町線「京成金町」駅,4.0,7.0,,,,葛飾区東金町1-36,2号棟,鉄筋コンクリート造,3,N,302号室,1LDK,43,15,90700,3500,2か月,['URライト（5年定借）'],随時,https://www.ur-net.go.jp/chintai/kanto/tokyo/20_1650_room.html?JKSS=000020302,<li>JR常磐線「金町」駅 徒歩3～5分</li><li>京成金町線「京成金町」駅 徒歩4～7分</li>
tokyo,kitasenju,金町駅前,94200,,,,,,,葛飾区東金町1-36,2号棟,鉄筋コンクリート造,3,N,302号室,1LDK,43,15,90700,3500,2か月,['URライト（5年定借）'],随時,https://www.ur-net.go.jp/chintai/kanto/tokyo/20_1650_room.html?JKSS=000020302,<li>JR常磐線「金町」駅 徒歩3～5分</li><li>京成金町線「京成金町」駅 徒歩4～7分</li>
tokyo,aoto,青戸第一,128300,京成本線「青砥」駅,4.0,9.0,,,,葛飾区青戸3-19ほか,10号棟,鉄筋コンクリート造,4,N,413号室,2DK,44,10,122700,5600,2か月,[],随時,https://www.ur-net.go.jp/chintai/kanto/tokyo/20_4911_room.html?JKSS=000100413,<li>京成本線「青砥」駅 徒歩4～9分</li><li>京成押上線「青砥」駅 徒歩4～9分</li>
tokyo,aoto,青戸第一,128300,京成押上線「青砥」駅,4.0,9.0,,,,葛飾区青戸3-19ほか,10号棟,鉄筋コンクリート造,4,N,413号室,2DK,44,10,122700,5600,2か月,[],随時,https://www.ur-net.go.jp/chintai/kanto/tokyo/20_4911_room.html?JKSS=000100413,<li>京成本線「青砥」駅 徒歩4～9分</li><li>京成押上線「青砥」駅 徒歩4～9分</li>
tokyo,aoto,青戸第一,128300,,,,,,,葛飾区青戸3-19ほか,10号棟,鉄筋コンクリート造,4,N,413号室,2DK,44,10,122700,5600,2か月,[],随時,https://www.ur-net.go.jp/chintai/kanto/tokyo/20_4911_room.html?JKSS=000100413,<li>京成本線「青砥」駅 徒歩4～9分</li><li>京成押上線「青砥」駅 徒歩4～9分</li>
tokyo,kitasenju,金町第二,136200,JR常磐線「金町」駅,10.0,12.0,JR常磐線「金町」駅,4.0,4.0,葛飾区南水元3-6ほか,1号棟,鉄筋コンクリート造,10,N,1031号室,2LDK,63,11,131800,4400,2か月,"['近居割', '近居割WIDE']",随時,https://www.ur-net.go.jp/chintai/kanto/tokyo/20_2950_room.html?JKSS=000011031,<li>JR常磐線「金町」駅 徒歩10～12分</li><li>京成金町線「京成金町」駅 徒歩12～14分</li><li>JR常磐線「金町」駅バス3分 徒歩1分</li>
tokyo,kitasenju,金町第二,136200,京成金町線「京成金町」駅,12.0,14.0,,,,葛飾区南水元3-6ほか,1号棟,鉄筋コンクリート造,10,N,1031号室,2LDK,63,11,131800,4400,2か月,"['近居割', '近居割WIDE']",随時,https://www.ur-net.go.jp/chintai/kanto/tokyo/20_2950_room.html?JKSS=000011031,<li>JR常磐線「金町」駅 徒歩10～12分</li><li>京成金町線「京成金町」駅 徒歩12～14分</li><li>JR常磐線「金町」駅バス3分 徒歩1分</li>
tokyo,kitasenju,金町第二,136200,,,,,,,葛飾区南水元3-6ほか,1号棟,鉄筋コンクリート造,10,N,1031号室,2LDK,63,11,131800,4400,2か月,"['近居割', '近居割WIDE']",随時,https://www.ur-net.go.jp/chintai/kanto/tokyo/20_2950_room.html?JKSS=000011031,<li>JR常磐線「金町」駅 徒歩10～12分</li><li>京成金町線「京成金町」駅 徒歩12～14分</li><li>JR常磐線「金町」駅バス3分 徒歩1分</li>
tokyo,aoto,アーバンライフ東新小岩,141500,JR総武線快速「新小岩」駅,9.0,11.0,,,,葛飾区東新小岩3-8,3号棟,鉄筋コンクリート造,6,N,609号室,1DK,45,7,137200,4300,2か月,['近居割'],随時,https://www.ur-net.go.jp/chintai/kanto/tokyo/20_5020_room.html?JKSS=000030609,<li>JR総武線快速「新小岩」駅 徒歩9～11分</li><li>JR総武線「新小岩」駅 徒歩9～11分</li>
tokyo,aoto,アーバンライフ東新小岩,141500,JR総武線「新小岩」駅,9.0,11.0,,,,葛飾区東新小岩3-8,3号棟,鉄筋コンクリート造,6,N,609号室,1DK,45,7,137200,4300,2か月,['近居割'],随時,https://www.ur-net.go.jp/chintai/kanto/tokyo/20_5020_room.html?JKSS=000030609,<li>JR総武線快速「新小岩」駅 徒歩9～11分</li><li>JR総武線「新小岩」駅 徒歩9～11分</li>
tokyo,aoto,アーバンライフ東新小岩,141500,,,,,,,葛飾区東新小岩3-8,3号棟,鉄筋コンクリート造,6,N,609号室,1DK,45,7,137200,4300,2か月,['近居割'],随時,https://www.ur-net.go.jp/chintai/kanto/tokyo/20_5020_room.html?JKSS=000030609,<li>JR総武線快速「新小岩」駅 徒歩9～11分</li><li>JR総武線「新小岩」駅 徒歩9～11分</li>
tokyo,kamata,大井六丁目,120400,JR京浜東北線ほか｢大井町｣駅,14.0,14.0,JR京浜東北線ほか｢大井町｣駅,5.0,5.0,品川区大井6-9-32,,鉄筋コンクリート造,7,N,703号室,2DK,47,8,111400,9000,2か月,['URライト（4年定借）'],随時,https://www.ur-net.go.jp/chintai/kanto/tokyo/20_1830_room.html?JKSS=000010703,<li>JR京浜東北線ほか｢大井町｣駅 徒歩14分 またはバス3分徒歩2分</li><li>京急本線｢立会川｣駅 徒歩12分</li>
tokyo,kamata,大井六丁目,120400,京急本線｢立会川｣駅,12.0,12.0,,,,品川区大井6-9-32,,鉄筋コンクリート造,7,N,703号室,2DK,47,8,111400,9000,2か月,['URライト（4年定借）'],随時,https://www.ur-net.go.jp/chintai/kanto/tokyo/20_1830_room.html?JKSS=000010703,<li>JR京浜東北線ほか｢大井町｣駅 徒歩14分 またはバス3分徒歩2分</li><li>京急本線｢立会川｣駅 徒歩12分</li>
tokyo,kamata,大井六丁目,120400,,,,,,,品川区大井6-9-32,,鉄筋コンクリート造,7,N,703号室,2DK,47,8,111400,9000,2か月,['URライト（4年定借）'],随時,https://www.ur-net.go.jp/chintai/kanto/tokyo/20_1830_room.html?JKSS=000010703,<li>JR京浜東北線ほか｢大井町｣駅 徒歩14分 またはバス3分徒歩2分</li><li>京急本線｢立会川｣駅 徒歩12分</li>
tokyo,kamata,品川八潮パークタウン 潮路北第二ハイツ,175200,りんかい線「品川シーサイド」駅,11.0,13.0,,,,品川区八潮5-3,3-13号棟,鉄筋コンクリート造、鉄骨鉄筋コンクリート造,2,N,204号室,3LDK,84,4,172400,2800,2か月,['近居割'],随時,https://www.ur-net.go.jp/chintai/kanto/tokyo/20_3550_room.html?JKSS=003130204,<li>りんかい線「品川シーサイド」駅 徒歩11～13分</li><li>東京モノレール「大井競馬場前」駅 徒歩13～16分</li><li>JR京浜東北・根岸線「大井町」駅バス14～15分 徒歩2～5分</li>
tokyo,kamata,品川八潮パークタウン 潮路北第二ハイツ,175200,東京モノレール「大井競馬場前」駅,13.0,16.0,,,,品川区八潮5-3,3-13号棟,鉄筋コンクリート造、鉄骨鉄筋コンクリート造,2,N,204号室,3LDK,84,4,172400,2800,2か月,['近居割'],随時,https://www.ur-net.go.jp/chintai/kanto/tokyo/20_3550_room.html?JKSS=003130204,<li>りんかい線「品川シーサイド」駅 徒歩11～13分</li><li>東京モノレール「大井競馬場前」駅 徒歩13～16分</li><li>JR京浜東北・根岸線「大井町」駅バス14～15分 徒歩2～5分</li>
tokyo,kamata,品川八潮パークタウン 潮路北第二ハイツ,175200,,,,JR京浜東北・根岸線「大井町」駅,16.0,20.0,品川区八潮5-3,3-13号棟,鉄筋コンクリート造、鉄骨鉄筋コンクリート造,2,N,204号室,3LDK,84,4,172400,2800,2か月,['近居割'],随時,https://www.ur-net.go.jp/chintai/kanto/tokyo/20_3550_room.html?JKSS=003130204,<li>りんかい線「品川シーサイド」駅 徒歩11～13分</li><li>東京モノレール「大井競馬場前」駅 徒歩13～16分</li><li>JR京浜東北・根岸線「大井町」駅バス14～15分 徒歩2～5分</li>
tokyo,kamata,品川八潮パークタウン 潮路北第二ハイツ,175200,,,,,,,品川区八潮5-3,3-13号棟,鉄筋コンクリート造、鉄骨鉄筋コンクリート造,2,N,204号室,3LDK,84,4,172400,2800,2か月,['近居割'],随時,https://www.ur-net.go.jp/chintai/kanto/tokyo/20_3550_room.html?JKSS=003130204,<li>りんかい線「品川シーサイド」駅 徒歩11～13分</li><li>東京モノレール「大井競馬場前」駅 徒歩13～16分</li><li>JR京浜東北・根岸線「大井町」駅バス14～15分 徒歩2～5分</li>
tokyo,shibuya,恵比寿ビュータワー,329600,JR山手線ほか｢恵比寿｣駅,9.0,9.0,,,,目黒区三田1-4-4,,鉄筋コンクリート造,15,N,1510号室,1LDK,58,32,325100,4500,2か月,['近居割'],随時,https://www.ur-net.go.jp/chintai/kanto/tokyo/20_5180_room.html?JKSS=000001510,<li>JR山手線ほか｢恵比寿｣駅 徒歩9分</li>
tokyo,shibuya,恵比寿ビュータワー,329600,,,,,,,目黒区三田1-4-4,,鉄筋コンクリート造,15,N,1510号室,1LDK,58,32,325100,4500,2か月,['近居割'],随時,https://www.ur-net.go.jp/chintai/kanto/tokyo/20_5180_room.html?JKSS=000001510,<li>JR山手線ほか｢恵比寿｣駅 徒歩9分</li>
tokyo,kamata,南六郷二丁目,114900,京急本線「雑色」駅,13.0,14.0,,,,大田区南六郷2-35,1号棟,鉄筋コンクリート造,3,N,317号室,1LDK,51,14,111100,3800,2か月,['近居割'],随時,https://www.ur-net.go.jp/chintai/kanto/tokyo/20_1960_room.html?JKSS=000100317,<li>京急本線「雑色」駅 徒歩13～14分</li>
tokyo,kamata,南六郷二丁目,114900,,,,,,,大田区南六郷2-35,1号棟,鉄筋コンクリート造,3,N,317号室,1LDK,51,14,111100,3800,2か月,['近居割'],随時,https://www.ur-net.go.jp/chintai/kanto/tokyo/20_1960_room.html?JKSS=000100317,<li>京急本線「雑色」駅 徒歩13～14分</li>
tokyo,kyodo,希望ヶ丘,121900,小田急小田原線「千歳船橋」駅,16.0,20.0,小田急小田原線「千歳船橋」駅,5.0,13.0,世田谷区船橋6ほか,7-1-1号棟,鉄筋コンクリート造,13,N,1305号室,1K,45,13,118300,3600,2か月,['近居割'],随時,https://www.ur-net.go.jp/chintai/kanto/tokyo/20_2340_room.html?JKSS=701011305,<li>小田急小田原線「千歳船橋」駅バス4～10分 徒歩1～3分</li><li>京王線「八幡山」駅バス5～8分 徒歩1～3分</li><li>小田急小田原線「千歳船橋」駅 徒歩16～20分</li>
tokyo,kyodo,希望ヶ丘,121900,,,,京王線「八幡山」駅,6.0,11.0,世田谷区船橋6ほか,7-1-1号棟,鉄筋コンクリート造,13,N,1305号室,1K,45,13,118300,3600,2か月,['近居割'],随時,https://www.ur-net.go.jp/chintai/kanto/tokyo/20_2340_room.html?JKSS=701011305,<li>小田急小田原線「千歳船橋」駅バス4～10分 徒歩1～3分</li><li>京王線「八幡山」駅バス5～8分 徒歩1～3分</li><li>小田急小田原線「千歳船橋」駅 徒歩16～20分</li>
tokyo,kyodo,希望ヶ丘,121900,,,,,,,世田谷区船橋6ほか,7-1-1号棟,鉄筋コンクリート造,13,N,1305号室,1K,45,13,118300,3600,2か月,['近居割'],随時,https://www.ur-net.go.jp/chintai/kanto/tokyo/20_2340_room.html?JKSS=701011305,<li>小田急小田原線「千歳船橋」駅バス4～10分 徒歩1～3分</li><li>京王線「八幡山」駅バス5～8分 徒歩1～3分</li><li>小田急小田原線「千歳船橋」駅 徒歩16～20分</li>
tokyo,kyodo,フレール西経堂,192770,小田急小田原線「千歳船橋」駅,11.0,15.0,,,,世田谷区船橋5-17,14号棟,鉄筋コンクリート造,4,N,402号室,2DK,52,10,187300,5470,2か月,['近居割'],随時,https://www.ur-net.go.jp/chintai/kanto/tokyo/20_5440_room.html?JKSS=000140402,<li>小田急小田原線「千歳船橋」駅 徒歩11～15分</li><li>小田急小田原線「経堂」駅 徒歩11～19分</li><li>京王線「八幡山」駅バス4～5分 徒歩5～9分</li>
tokyo,kyodo,フレール西経堂,192770,小田急小田原線「経堂」駅,11.0,19.0,,,,世田谷区船橋5-17,14号棟,鉄筋コンクリート造,4,N,402号室,2DK,52,10,187300,5470,2か月,['近居割'],随時,https://www.ur-net.go.jp/chintai/kanto/tokyo/20_5440_room.html?JKSS=000140402,<li>小田急小田原線「千歳船橋」駅 徒歩11～15分</li><li>小田急小田原線「経堂」駅 徒歩11～19分</li><li>京王線「八幡山」駅バス4～5分 徒歩5～9分</li>
tokyo,kyodo,フレール西経堂,192770,,,,京王線「八幡山」駅,9.0,14.0,世田谷区船橋5-17,14号棟,鉄筋コンクリート造,4,N,402号室,2DK,52,10,187300,5470,2か月,['近居割'],随時,https://www.ur-net.go.jp/chintai/kanto/tokyo/20_5440_room.html?JKSS=000140402,<li>小田急小田原線「千歳船橋」駅 徒歩11～15分</li><li>小田急小田原線「経堂」駅 徒歩11～19分</li><li>京王線「八幡山」駅バス4～5分 徒歩5～9分</li>
tokyo,kyodo,フレール西経堂,192770,,,,,,,世田谷区船橋5-17,14号棟,鉄筋コンクリート造,4,N,402号室,2DK,52,10,187300,5470,2か月,['近居割'],随時,https://www.ur-net.go.jp/chintai/kanto/tokyo/20_5440_room.html?JKSS=000140402,<li>小田急小田原線「千歳船橋」駅 徒歩11～15分</li><li>小田急小田原線「経堂」駅 徒歩11～19分</li><li>京王線「八幡山」駅バス4～5分 徒歩5～9分</li>
tokyo,hibarigaoka,パークサイド石神井,104300,西武池袋線「大泉学園」駅,15.0,19.0,西武池袋線「大泉学園」駅,10.0,13.0,練馬区石神井台3-26 ほか,1号棟,鉄筋コンクリート造,1,N,105号室,1DK,38,5,94400,9900,2か月,"['近居割', 'シルバーピア']",随時,https://www.ur-net.go.jp/chintai/kanto/tokyo/20_5250_room.html?JKSS=000010105,<li>西武池袋線「大泉学園」駅 徒歩15～19分</li><li>西武池袋線「大泉学園」駅バス4分 徒歩6～9分</li><li>西武池袋線「石神井公園」駅 徒歩18～21分</li>
tokyo,hibarigaoka,パークサイド石神井,104300,西武池袋線「石神井公園」駅,18.0,21.0,,,,練馬区石神井台3-26 ほか,1号棟,鉄筋コンクリート造,1,N,105号室,1DK,38,5,94400,9900,2か月,"['近居割', 'シルバーピア']",随時,https://www.ur-net.go.jp/chintai/kanto/tokyo/20_5250_room.html?JKSS=000010105,<li>西武池袋線「大泉学園」駅 徒歩15～19分</li><li>西武池袋線「大泉学園」駅バス4分 徒歩6～9分</li><li>西武池袋線「石神井公園」駅 徒歩18～21分</li>
tokyo,hibarigaoka,パークサイド石神井,104300,,,,,,,練馬区石神井台3-26 ほか,1号棟,鉄筋コンクリート造,1,N,105号室,1DK,38,5,94400,9900,2か月,"['近居割', 'シルバーピア']",随時,https://www.ur-net.go.jp/chintai/kanto/tokyo/20_5250_room.html?JKSS=000010105,<li>西武池袋線「大泉学園」駅 徒歩15～19分</li><li>西武池袋線「大泉学園」駅バス4分 徒歩6～9分</li><li>西武池袋線「石神井公園」駅 徒歩18～21分</li>
tokyo,hibarigaoka,パークサイド石神井,111000,西武池袋線「大泉学園」駅,15.0,19.0,西武池袋線「大泉学園」駅,10.0,13.0,練馬区石神井台3-26 ほか,1号棟,鉄筋コンクリート造,4,N,408号室,1DK,38,5,101100,9900,2か月,"['近居割', 'シルバーピア']",随時,https://www.ur-net.go.jp/chintai/kanto/tokyo/20_5250_room.html?JKSS=000010408,<li>西武池袋線「大泉学園」駅 徒歩15～19分</li><li>西武池袋線「大泉学園」駅バス4分 徒歩6～9分</li><li>西武池袋線「石神井公園」駅 徒歩18～21分</li>
tokyo,hibarigaoka,パークサイド石神井,111000,西武池袋線「石神井公園」駅,18.0,21.0,,,,練馬区石神井台3-26 ほか,1号棟,鉄筋コンクリート造,4,N,408号室,1DK,38,5,101100,9900,2か月,"['近居割', 'シルバーピア']",随時,https://www.ur-net.go.jp/chintai/kanto/tokyo/20_5250_room.html?JKSS=000010408,<li>西武池袋線「大泉学園」駅 徒歩15～19分</li><li>西武池袋線「大泉学園」駅バス4分 徒歩6～9分</li><li>西武池袋線「石神井公園」駅 徒歩18～21分</li>
tokyo,hibarigaoka,パークサイド石神井,111000,,,,,,,練馬区石神井台3-26 ほか,1号棟,鉄筋コンクリート造,4,N,408号室,1DK,38,5,101100,9900,2か月,"['近居割', 'シルバーピア']",随時,https://www.ur-net.go.jp/chintai/kanto/tokyo/20_5250_room.html?JKSS=000010408,<li>西武池袋線「大泉学園」駅 徒歩15～19分</li><li>西武池袋線「大泉学園」駅バス4分 徒歩6～9分</li><li>西武池袋線「石神井公園」駅 徒歩18～21分</li>
tokyo,hibarigaoka,パークサイド石神井,137200,西武池袋線「大泉学園」駅,15.0,19.0,西武池袋線「大泉学園」駅,10.0,13.0,練馬区石神井台3-26 ほか,9号棟,鉄筋コンクリート造,1,N,102号室,2DK,51,4,127300,9900,2か月,['近居割'],随時,https://www.ur-net.go.jp/chintai/kanto/tokyo/20_5250_room.html?JKSS=000090102,<li>西武池袋線「大泉学園」駅 徒歩15～19分</li><li>西武池袋線「大泉学園」駅バス4分 徒歩6～9分</li><li>西武池袋線「石神井公園」駅 徒歩18～21分</li>
tokyo,hibarigaoka,パークサイド石神井,137200,西武池袋線「石神井公園」駅,18.0,21.0,,,,練馬区石神井台3-26 ほか,9号棟,鉄筋コンクリート造,1,N,102号室,2DK,51,4,127300,9900,2か月,['近居割'],随時,https://www.ur-net.go.jp/chintai/kanto/tokyo/20_5250_room.html?JKSS=000090102,<li>西武池袋線「大泉学園」駅 徒歩15～19分</li><li>西武池袋線「大泉学園」駅バス4分 徒歩6～9分</li><li>西武池袋線「石神井公園」駅 徒歩18～21分</li>
tokyo,hibarigaoka,パークサイド石神井,137200,,,,,,,練馬区石神井台3-26 ほか,9号棟,鉄筋コンクリート造,1,N,102号室,2DK,51,4,127300,9900,2か月,['近居割'],随時,https://www.ur-net.go.jp/chintai/kanto/tokyo/20_5250_room.html?JKSS=000090102,<li>西武池袋線「大泉学園」駅 徒歩15～19分</li><li>西武池袋線「大泉学園」駅バス4分 徒歩6～9分</li><li>西武池袋線「石神井公園」駅 徒歩18～21分</li>
tokyo,hibarigaoka,パークサイド石神井,141700,西武池袋線「大泉学園」駅,15.0,19.0,西武池袋線「大泉学園」駅,10.0,13.0,練馬区石神井台3-26 ほか,8号棟,鉄筋コンクリート造,3,N,306号室,2DK,51,7,131800,9900,2か月,['近居割'],随時,https://www.ur-net.go.jp/chintai/kanto/tokyo/20_5250_room.html?JKSS=000080306,<li>西武池袋線「大泉学園」駅 徒歩15～19分</li><li>西武池袋線「大泉学園」駅バス4分 徒歩6～9分</li><li>西武池袋線「石神井公園」駅 徒歩18～21分</li>
tokyo,hibarigaoka,パークサイド石神井,141700,西武池袋線「石神井公園」駅,18.0,21.0,,,,練馬区石神井台3-26 ほか,8号棟,鉄筋コンクリート造,3,N,306号室,2DK,51,7,131800,9900,2か月,['近居割'],随時,https://www.ur-net.go.jp/chintai/kanto/tokyo/20_5250_room.html?JKSS=000080306,<li>西武池袋線「大泉学園」駅 徒歩15～19分</li><li>西武池袋線「大泉学園」駅バス4分 徒歩6～9分</li><li>西武池袋線「石神井公園」駅 徒歩18～21分</li>
tokyo,hibarigaoka,パークサイド石神井,141700,,,,,,,練馬区石神井台3-26 ほか,8号棟,鉄筋コンクリート造,3,N,306号室,2DK,51,7,131800,9900,2か月,['近居割'],随時,https://www.ur-net.go.jp/chintai/kanto/tokyo/20_5250_room.html?JKSS=000080306,<li>西武池袋線「大泉学園」駅 徒歩15～19分</li><li>西武池袋線「大泉学園」駅バス4分 徒歩6～9分</li><li>西武池袋線「石神井公園」駅 徒歩18～21分</li>
tokyo,hibarigaoka,パークサイド石神井,172900,西武池袋線「大泉学園」駅,15.0,19.0,西武池袋線「大泉学園」駅,10.0,13.0,練馬区石神井台3-26 ほか,4号棟,鉄筋コンクリート造,9,N,902号室,3LDK,68,11,163000,9900,2か月,['近居割'],随時,https://www.ur-net.go.jp/chintai/kanto/tokyo/20_5250_room.html?JKSS=000040902,<li>西武池袋線「大泉学園」駅 徒歩15～19分</li><li>西武池袋線「大泉学園」駅バス4分 徒歩6～9分</li><li>西武池袋線「石神井公園」駅 徒歩18～21分</li>
tokyo,hibarigaoka,パークサイド石神井,172900,西武池袋線「石神井公園」駅,18.0,21.0,,,,練馬区石神井台3-26 ほか,4号棟,鉄筋コンクリート造,9,N,902号室,3LDK,68,11,163000,9900,2か月,['近居割'],随時,https://www.ur-net.go.jp/chintai/kanto/tokyo/20_5250_room.html?JKSS=000040902,<li>西武池袋線「大泉学園」駅 徒歩15～19分</li><li>西武池袋線「大泉学園」駅バス4分 徒歩6～9分</li><li>西武池袋線「石神井公園」駅 徒歩18～21分</li>
tokyo,hibarigaoka,パークサイド石神井,172900,,,,,,,練馬区石神井台3-26 ほか,4号棟,鉄筋コンクリート造,9,N,902号室,3LDK,68,11,163000,9900,2か月,['近居割'],随時,https://www.ur-net.go.jp/chintai/kanto/tokyo/20_5250_room.html?JKSS=000040902,<li>西武池袋線「大泉学園」駅 徒歩15～19分</li><li>西武池袋線「大泉学園」駅バス4分 徒歩6～9分</li><li>西武池袋線「石神井公園」駅 徒歩18～21分</li>
tokyo,oji,豊島五丁目,90100,,,,JR京浜東北・根岸線「王子」駅,9.0,13.0,北区豊島5-4ほか,10号棟,鉄筋コンクリート造,4,N,417号室,2DK,49,14,86800,3300,2か月,['健康寿命サポート'],随時,https://www.ur-net.go.jp/chintai/kanto/tokyo/20_2320_room.html?JKSS=000100417,<li>JR京浜東北・根岸線「王子」駅バス7分 徒歩2～6分</li><li>東京メトロ南北線「王子」駅バス7分 徒歩2～6分</li>
tokyo,oji,豊島五丁目,90100,,,,東京メトロ南北線「王子」駅,9.0,13.0,北区豊島5-4ほか,10号棟,鉄筋コンクリート造,4,N,417号室,2DK,49,14,86800,3300,2か月,['健康寿命サポート'],随時,https://www.ur-net.go.jp/chintai/kanto/tokyo/20_2320_room.html?JKSS=000100417,<li>JR京浜東北・根岸線「王子」駅バス7分 徒歩2～6分</li><li>東京メトロ南北線「王子」駅バス7分 徒歩2～6分</li>
tokyo,oji,豊島五丁目,90100,,,,,,,北区豊島5-4ほか,10号棟,鉄筋コンクリート造,4,N,417号室,2DK,49,14,86800,3300,2か月,['健康寿命サポート'],随時,https://www.ur-net.go.jp/chintai/kanto/tokyo/20_2320_room.html?JKSS=000100417,<li>JR京浜東北・根岸線「王子」駅バス7分 徒歩2～6分</li><li>東京メトロ南北線「王子」駅バス7分 徒歩2～6分</li>
tokyo,oji,フレーシェル王子神谷,212400,東京メトロ南北線「王子神谷」駅,6.0,7.0,,,,北区豊島8-27,2号棟,鉄筋コンクリート造,8,N,807号室,3LDK,80,14,208200,4200,2か月,['近居割'],随時,https://www.ur-net.go.jp/chintai/kanto/tokyo/20_6000_room.html?JKSS=000020807,<li>東京メトロ南北線「王子神谷」駅 徒歩6～7分</li><li>JR京浜東北・根岸線「東十条」駅 徒歩16～17分</li>
tokyo,oji,フレーシェル王子神谷,212400,JR京浜東北・根岸線「東十条」駅,16.0,17.0,,,,北区豊島8-27,2号棟,鉄筋コンクリート造,8,N,807号室,3LDK,80,14,208200,4200,2か月,['近居割'],随時,https://www.ur-net.go.jp/chintai/kanto/tokyo/20_6000_room.html?JKSS=000020807,<li>東京メトロ南北線「王子神谷」駅 徒歩6～7分</li><li>JR京浜東北・根岸線「東十条」駅 徒歩16～17分</li>
tokyo,oji,フレーシェル王子神谷,212400,,,,,,,北区豊島8-27,2号棟,鉄筋コンクリート造,8,N,807号室,3LDK,80,14,208200,4200,2か月,['近居割'],随時,https://www.ur-net.go.jp/chintai/kanto/tokyo/20_6000_room.html?JKSS=000020807,<li>東京メトロ南北線「王子神谷」駅 徒歩6～7分</li><li>JR京浜東北・根岸線「東十条」駅 徒歩16～17分</li>
tokyo,hikarigaoka,アーバンライフゆりの木通り東,273500,東京メトロ有楽町線「地下鉄赤塚」駅,3.0,4.0,,,,練馬区田柄2-42、板橋区赤塚新町3-34,3-34-4号棟,鉄筋コンクリート造,4,N,404A号室,4LDK,116,5,267500,6000,2か月,"['近居割', '近居割WIDE']",随時,https://www.ur-net.go.jp/chintai/kanto/tokyo/20_4590_room.html?JKSS=33404404A,<li>東京メトロ有楽町線「地下鉄赤塚」駅 徒歩3～4分</li><li>東武東上線「下赤塚」駅 徒歩6～7分</li><li>都営大江戸線「光が丘」駅 徒歩24～25分</li>
tokyo,hikarigaoka,アーバンライフゆりの木通り東,273500,東武東上線「下赤塚」駅,6.0,7.0,,,,練馬区田柄2-42、板橋区赤塚新町3-34,3-34-4号棟,鉄筋コンクリート造,4,N,404A号室,4LDK,116,5,267500,6000,2か月,"['近居割', '近居割WIDE']",随時,https://www.ur-net.go.jp/chintai/kanto/tokyo/20_4590_room.html?JKSS=33404404A,<li>東京メトロ有楽町線「地下鉄赤塚」駅 徒歩3～4分</li><li>東武東上線「下赤塚」駅 徒歩6～7分</li><li>都営大江戸線「光が丘」駅 徒歩24～25分</li>
tokyo,hikarigaoka,アーバンライフゆりの木通り東,273500,都営大江戸線「光が丘」駅,24.0,25.0,,,,練馬区田柄2-42、板橋区赤塚新町3-34,3-34-4号棟,鉄筋コンクリート造,4,N,404A号室,4LDK,116,5,267500,6000,2か月,"['近居割', '近居割WIDE']",随時,https://www.ur-net.go.jp/chintai/kanto/tokyo/20_4590_room.html?JKSS=33404404A,<li>東京メトロ有楽町線「地下鉄赤塚」駅 徒歩3～4分</li><li>東武東上線「下赤塚」駅 徒歩6～7分</li><li>都営大江戸線「光が丘」駅 徒歩24～25分</li>
tokyo,hikarigaoka,アーバンライフゆりの木通り東,273500,,,,,,,練馬区田柄2-42、板橋区赤塚新町3-34,3-34-4号棟,鉄筋コンクリート造,4,N,404A号室,4LDK,116,5,267500,6000,2か月,"['近居割', '近居割WIDE']",随時,https://www.ur-net.go.jp/chintai/kanto/tokyo/20_4590_room.html?JKSS=33404404A,<li>東京メトロ有楽町線「地下鉄赤塚」駅 徒歩3～4分</li><li>東武東上線「下赤塚」駅 徒歩6～7分</li><li>都営大江戸線「光が丘」駅 徒歩24～25分</li>
tokyo,hachioji,館ヶ丘,60700,,,,JR中央線「高尾」駅,8.0,18.0,八王子市館町1097,3-2号棟,鉄筋コンクリート造,3,N,309号室,3K,48,5,56200,4500,2か月,"['近居割', '近居割WIDE']",随時,https://www.ur-net.go.jp/chintai/kanto/tokyo/20_2600_room.html?JKSS=003020309,<li>JR中央線「高尾」駅バス7分 徒歩1～11分</li><li>京王高尾線「高尾」駅バス7分 徒歩1～11分</li><li>JR中央本線「高尾」駅 徒歩29～38分</li>
tokyo,hachioji,館ヶ丘,60700,,,,京王高尾線「高尾」駅,8.0,18.0,八王子市館町1097,3-2号棟,鉄筋コンクリート造,3,N,309号室,3K,48,5,56200,4500,2か月,"['近居割', '近居割WIDE']",随時,https://www.ur-net.go.jp/chintai/kanto/tokyo/20_2600_room.html?JKSS=003020309,<li>JR中央線「高尾」駅バス7分 徒歩1～11分</li><li>京王高尾線「高尾」駅バス7分 徒歩1～11分</li><li>JR中央本線「高尾」駅 徒歩29～38分</li>
tokyo,hachioji,館ヶ丘,60700,JR中央本線「高尾」駅,29.0,38.0,,,,八王子市館町1097,3-2号棟,鉄筋コンクリート造,3,N,309号室,3K,48,5,56200,4500,2か月,"['近居割', '近居割WIDE']",随時,https://www.ur-net.go.jp/chintai/kanto/tokyo/20_2600_room.html?JKSS=003020309,<li>JR中央線「高尾」駅バス7分 徒歩1～11分</li><li>京王高尾線「高尾」駅バス7分 徒歩1～11分</li><li>JR中央本線「高尾」駅 徒歩29～38分</li>
tokyo,hachioji,館ヶ丘,60700,,,,,,,八王子市館町1097,3-2号棟,鉄筋コンクリート造,3,N,309号室,3K,48,5,56200,4500,2か月,"['近居割', '近居割WIDE']",随時,https://www.ur-net.go.jp/chintai/kanto/tokyo/20_2600_room.html?JKSS=003020309,<li>JR中央線「高尾」駅バス7分 徒歩1～11分</li><li>京王高尾線「高尾」駅バス7分 徒歩1～11分</li><li>JR中央本線「高尾」駅 徒歩29～38分</li>
tokyo,hachioji,館ヶ丘,60700,,,,JR中央線「高尾」駅,8.0,18.0,八王子市館町1097,3-3号棟,鉄筋コンクリート造,4,N,407号室,3K,48,5,56200,4500,2か月,"['近居割', '近居割WIDE']",随時,https://www.ur-net.go.jp/chintai/kanto/tokyo/20_2600_room.html?JKSS=003030407,<li>JR中央線「高尾」駅バス7分 徒歩1～11分</li><li>京王高尾線「高尾」駅バス7分 徒歩1～11分</li><li>JR中央本線「高尾」駅 徒歩29～38分</li>
tokyo,hachioji,館ヶ丘,60700,,,,京王高尾線「高尾」駅,8.0,18.0,八王子市館町1097,3-3号棟,鉄筋コンクリート造,4,N,407号室,3K,48,5,56200,4500,2か月,"['近居割', '近居割WIDE']",随時,https://www.ur-net.go.jp/chintai/kanto/tokyo/20_2600_room.html?JKSS=003030407,<li>JR中央線「高尾」駅バス7分 徒歩1～11分</li><li>京王高尾線「高尾」駅バス7分 徒歩1～11分</li><li>JR中央本線「高尾」駅 徒歩29～38分</li>
tokyo,hachioji,館ヶ丘,60700,JR中央本線「高尾」駅,29.0,38.0,,,,八王子市館町1097,3-3号棟,鉄筋コンクリート造,4,N,407号室,3K,48,5,56200,4500,2か月,"['近居割', '近居割WIDE']",随時,https://www.ur-net.go.jp/chintai/kanto/tokyo/20_2600_room.html?JKSS=003030407,<li>JR中央線「高尾」駅バス7分 徒歩1～11分</li><li>京王高尾線「高尾」駅バス7分 徒歩1～11分</li><li>JR中央本線「高尾」駅 徒歩29～38分</li>
tokyo,hachioji,館ヶ丘,60700,,,,,,,八王子市館町1097,3-3号棟,鉄筋コンクリート造,4,N,407号室,3K,48,5,56200,4500,2か月,"['近居割', '近居割WIDE']",随時,https://www.ur-net.go.jp/chintai/kanto/tokyo/20_2600_room.html?JKSS=003030407,<li>JR中央線「高尾」駅バス7分 徒歩1～11分</li><li>京王高尾線「高尾」駅バス7分 徒歩1～11分</li><li>JR中央本線「高尾」駅 徒歩29～38分</li>
tokyo,hachioji,館ヶ丘,60700,,,,JR中央線「高尾」駅,8.0,18.0,八王子市館町1097,3-6号棟,鉄筋コンクリート造,3,N,309号室,3K,48,5,56200,4500,2か月,"['近居割', '近居割WIDE']",随時,https://www.ur-net.go.jp/chintai/kanto/tokyo/20_2600_room.html?JKSS=003060309,<li>JR中央線「高尾」駅バス7分 徒歩1～11分</li><li>京王高尾線「高尾」駅バス7分 徒歩1～11分</li><li>JR中央本線「高尾」駅 徒歩29～38分</li>
tokyo,hachioji,館ヶ丘,60700,,,,京王高尾線「高尾」駅,8.0,18.0,八王子市館町1097,3-6号棟,鉄筋コンクリート造,3,N,309号室,3K,48,5,56200,4500,2か月,"['近居割', '近居割WIDE']",随時,https://www.ur-net.go.jp/chintai/kanto/tokyo/20_2600_room.html?JKSS=003060309,<li>JR中央線「高尾」駅バス7分 徒歩1～11分</li><li>京王高尾線「高尾」駅バス7分 徒歩1～11分</li><li>JR中央本線「高尾」駅 徒歩29～38分</li>
tokyo,hachioji,館ヶ丘,60700,JR中央本線「高尾」駅,29.0,38.0,,,,八王子市館町1097,3-6号棟,鉄筋コンクリート造,3,N,309号室,3K,48,5,56200,4500,2か月,"['近居割', '近居割WIDE']",随時,https://www.ur-net.go.jp/chintai/kanto/tokyo/20_2600_room.html?JKSS=003060309,<li>JR中央線「高尾」駅バス7分 徒歩1～11分</li><li>京王高尾線「高尾」駅バス7分 徒歩1～11分</li><li>JR中央本線「高尾」駅 徒歩29～38分</li>
tokyo,hachioji,館ヶ丘,60700,,,,,,,八王子市館町1097,3-6号棟,鉄筋コンクリート造,3,N,309号室,3K,48,5,56200,4500,2か月,"['近居割', '近居割WIDE']",随時,https://www.ur-net.go.jp/chintai/kanto/tokyo/20_2600_room.html?JKSS=003060309,<li>JR中央線「高尾」駅バス7分 徒歩1～11分</li><li>京王高尾線「高尾」駅バス7分 徒歩1～11分</li><li>JR中央本線「高尾」駅 徒歩29～38分</li>
tokyo,hachioji,館ヶ丘,60700,,,,JR中央線「高尾」駅,8.0,18.0,八王子市館町1097,3-6号棟,鉄筋コンクリート造,3,N,310号室,3K,48,5,56200,4500,2か月,"['近居割', '近居割WIDE']",随時,https://www.ur-net.go.jp/chintai/kanto/tokyo/20_2600_room.html?JKSS=003060310,<li>JR中央線「高尾」駅バス7分 徒歩1～11分</li><li>京王高尾線「高尾」駅バス7分 徒歩1～11分</li><li>JR中央本線「高尾」駅 徒歩29～38分</li>
tokyo,hachioji,館ヶ丘,60700,,,,京王高尾線「高尾」駅,8.0,18.0,八王子市館町1097,3-6号棟,鉄筋コンクリート造,3,N,310号室,3K,48,5,56200,4500,2か月,"['近居割', '近居割WIDE']",随時,https://www.ur-net.go.jp/chintai/kanto/tokyo/20_2600_room.html?JKSS=003060310,<li>JR中央線「高尾」駅バス7分 徒歩1～11分</li><li>京王高尾線「高尾」駅バス7分 徒歩1～11分</li><li>JR中央本線「高尾」駅 徒歩29～38分</li>
tokyo,hachioji,館ヶ丘,60700,JR中央本線「高尾」駅,29.0,38.0,,,,八王子市館町1097,3-6号棟,鉄筋コンクリート造,3,N,310号室,3K,48,5,56200,4500,2か月,"['近居割', '近居割WIDE']",随時,https://www.ur-net.go.jp/chintai/kanto/tokyo/20_2600_room.html?JKSS=003060310,<li>JR中央線「高尾」駅バス7分 徒歩1～11分</li><li>京王高尾線「高尾」駅バス7分 徒歩1～11分</li><li>JR中央本線「高尾」駅 徒歩29～38分</li>
tokyo,hachioji,館ヶ丘,60700,,,,,,,八王子市館町1097,3-6号棟,鉄筋コンクリート造,3,N,310号室,3K,48,5,56200,4500,2か月,"['近居割', '近居割WIDE']",随時,https://www.ur-net.go.jp/chintai/kanto/tokyo/20_2600_room.html?JKSS=003060310,<li>JR中央線「高尾」駅バス7分 徒歩1～11分</li><li>京王高尾線「高尾」駅バス7分 徒歩1～11分</li><li>JR中央本線「高尾」駅 徒歩29～38分</li>
tokyo,hachioji,館ヶ丘,65400,,,,JR中央線「高尾」駅,8.0,18.0,八王子市館町1097,1-9号棟,鉄筋コンクリート造,4,N,401号室,3DK,53,5,60900,4500,2か月,"['近居割', '近居割WIDE']",随時,https://www.ur-net.go.jp/chintai/kanto/tokyo/20_2600_room.html?JKSS=001090401,<li>JR中央線「高尾」駅バス7分 徒歩1～11分</li><li>京王高尾線「高尾」駅バス7分 徒歩1～11分</li><li>JR中央本線「高尾」駅 徒歩29～38分</li>
tokyo,hachioji,館ヶ丘,65400,,,,京王高尾線「高尾」駅,8.0,18.0,八王子市館町1097,1-9号棟,鉄筋コンクリート造,4,N,401号室,3DK,53,5,60900,4500,2か月,"['近居割', '近居割WIDE']",随時,https://www.ur-net.go.jp/chintai/kanto/tokyo/20_2600_room.html?JKSS=001090401,<li>JR中央線「高尾」駅バス7分 徒歩1～11分</li><li>京王高尾線「高尾」駅バス7分 徒歩1～11分</li><li>JR中央本線「高尾」駅 徒歩29～38分</li>
tokyo,hachioji,館ヶ丘,65400,JR中央本線「高尾」駅,29.0,38.0,,,,八王子市館町1097,1-9号棟,鉄筋コンクリート造,4,N,401号室,3DK,53,5,60900,4500,2か月,"['近居割', '近居割WIDE']",随時,https://www.ur-net.go.jp/chintai/kanto/tokyo/20_2600_room.html?JKSS=001090401,<li>JR中央線「高尾」駅バス7分 徒歩1～11分</li><li>京王高尾線「高尾」駅バス7分 徒歩1～11分</li><li>JR中央本線「高尾」駅 徒歩29～38分</li>
tokyo,hachioji,館ヶ丘,65400,,,,,,,八王子市館町1097,1-9号棟,鉄筋コンクリート造,4,N,401号室,3DK,53,5,60900,4500,2か月,"['近居割', '近居割WIDE']",随時,https://www.ur-net.go.jp/chintai/kanto/tokyo/20_2600_room.html?JKSS=001090401,<li>JR中央線「高尾」駅バス7分 徒歩1～11分</li><li>京王高尾線「高尾」駅バス7分 徒歩1～11分</li><li>JR中央本線「高尾」駅 徒歩29～38分</li>
tokyo,hachioji,八王子パークヒル 宇津木台,93300,JR八高線「小宮」駅,11.0,16.0,,,,八王子市久保山町2ほか,3号棟,鉄筋コンクリート造,5,N,506号室,3LDK,75,5,89600,3700,2か月,['近居割'],随時,https://www.ur-net.go.jp/chintai/kanto/tokyo/20_4080_room.html?JKSS=002030506,<li>JR八高線「小宮」駅 徒歩11～16分</li><li>JR中央線「日野」駅バス13分 徒歩3～5分</li><li>JR中央線「八王子」・京王線「京王八王子」駅バス22～24分 徒歩3～5分</li>
tokyo,hachioji,八王子パークヒル 宇津木台,93300,,,,JR中央線「日野」駅,16.0,18.0,八王子市久保山町2ほか,3号棟,鉄筋コンクリート造,5,N,506号室,3LDK,75,5,89600,3700,2か月,['近居割'],随時,https://www.ur-net.go.jp/chintai/kanto/tokyo/20_4080_room.html?JKSS=002030506,<li>JR八高線「小宮」駅 徒歩11～16分</li><li>JR中央線「日野」駅バス13分 徒歩3～5分</li><li>JR中央線「八王子」・京王線「京王八王子」駅バス22～24分 徒歩3～5分</li>
tokyo,hachioji,八王子パークヒル 宇津木台,93300,,,,JR中央線「八王子」・京王線「京王八王子」駅,25.0,29.0,八王子市久保山町2ほか,3号棟,鉄筋コンクリート造,5,N,506号室,3LDK,75,5,89600,3700,2か月,['近居割'],随時,https://www.ur-net.go.jp/chintai/kanto/tokyo/20_4080_room.html?JKSS=002030506,<li>JR八高線「小宮」駅 徒歩11～16分</li><li>JR中央線「日野」駅バス13分 徒歩3～5分</li><li>JR中央線「八王子」・京王線「京王八王子」駅バス22～24分 徒歩3～5分</li>
tokyo,hachioji,八王子パークヒル 宇津木台,93300,,,,,,,八王子市久保山町2ほか,3号棟,鉄筋コンクリート造,5,N,506号室,3LDK,75,5,89600,3700,2か月,['近居割'],随時,https://www.ur-net.go.jp/chintai/kanto/tokyo/20_4080_room.html?JKSS=002030506,<li>JR八高線「小宮」駅 徒歩11～16分</li><li>JR中央線「日野」駅バス13分 徒歩3～5分</li><li>JR中央線「八王子」・京王線「京王八王子」駅バス22～24分 徒歩3～5分</li>
tokyo,hachioji,八王子パークヒル 宇津木台,108700,JR八高線「小宮」駅,11.0,16.0,,,,八王子市久保山町2ほか,,鉄筋コンクリート造,3,N,304号室,3LDK,77,9,104500,4200,2か月,['近居割'],随時,https://www.ur-net.go.jp/chintai/kanto/tokyo/20_4080_room.html?JKSS=109010304,<li>JR八高線「小宮」駅 徒歩11～16分</li><li>JR中央線「日野」駅バス13分 徒歩3～5分</li><li>JR中央線「八王子」・京王線「京王八王子」駅バス22～24分 徒歩3～5分</li>
tokyo,hachioji,八王子パークヒル 宇津木台,108700,,,,JR中央線「日野」駅,16.0,18.0,八王子市久保山町2ほか,,鉄筋コンクリート造,3,N,304号室,3LDK,77,9,104500,4200,2か月,['近居割'],随時,https://www.ur-net.go.jp/chintai/kanto/tokyo/20_4080_room.html?JKSS=109010304,<li>JR八高線「小宮」駅 徒歩11～16分</li><li>JR中央線「日野」駅バス13分 徒歩3～5分</li><li>JR中央線「八王子」・京王線「京王八王子」駅バス22～24分 徒歩3～5分</li>
tokyo,hachioji,八王子パークヒル 宇津木台,108700,,,,JR中央線「八王子」・京王線「京王八王子」駅,25.0,29.0,八王子市久保山町2ほか,,鉄筋コンクリート造,3,N,304号室,3LDK,77,9,104500,4200,2か月,['近居割'],随時,https://www.ur-net.go.jp/chintai/kanto/tokyo/20_4080_room.html?JKSS=109010304,<li>JR八高線「小宮」駅 徒歩11～16分</li><li>JR中央線「日野」駅バス13分 徒歩3～5分</li><li>JR中央線「八王子」・京王線「京王八王子」駅バス22～24分 徒歩3～5分</li>
tokyo,hachioji,八王子パークヒル 宇津木台,108700,,,,,,,八王子市久保山町2ほか,,鉄筋コンクリート造,3,N,304号室,3LDK,77,9,104500,4200,2か月,['近居割'],随時,https://www.ur-net.go.jp/chintai/kanto/tokyo/20_4080_room.html?JKSS=109010304,<li>JR八高線「小宮」駅 徒歩11～16分</li><li>JR中央線「日野」駅バス13分 徒歩3～5分</li><li>JR中央線「八王子」・京王線「京王八王子」駅バス22～24分 徒歩3～5分</li>
tokyo,minamiosawa,多摩ニュータウン 南大沢学園二番街,105690,京王相模原線「南大沢」駅,11.0,14.0,,,,八王子市上柚木3-5,3号棟,鉄筋コンクリート造,6,N,602号室,1LDK,54,8,101200,4490,2か月,"['近居割', '近居割WIDE']",随時,https://www.ur-net.go.jp/chintai/kanto/tokyo/20_5070_room.html?JKSS=000030602,<li>京王相模原線「南大沢」駅 徒歩11～14分</li><li>京王線「聖蹟桜ヶ丘」駅バス28分 徒歩5～7分</li><li>京王相模原線「多摩境」駅 徒歩27～30分</li>
tokyo,minamiosawa,多摩ニュータウン 南大沢学園二番街,105690,,,,京王線「聖蹟桜ヶ丘」駅,33.0,35.0,八王子市上柚木3-5,3号棟,鉄筋コンクリート造,6,N,602号室,1LDK,54,8,101200,4490,2か月,"['近居割', '近居割WIDE']",随時,https://www.ur-net.go.jp/chintai/kanto/tokyo/20_5070_room.html?JKSS=000030602,<li>京王相模原線「南大沢」駅 徒歩11～14分</li><li>京王線「聖蹟桜ヶ丘」駅バス28分 徒歩5～7分</li><li>京王相模原線「多摩境」駅 徒歩27～30分</li>
tokyo,minamiosawa,多摩ニュータウン 南大沢学園二番街,105690,京王相模原線「多摩境」駅,27.0,30.0,,,,八王子市上柚木3-5,3号棟,鉄筋コンクリート造,6,N,602号室,1LDK,54,8,101200,4490,2か月,"['近居割', '近居割WIDE']",随時,https://www.ur-net.go.jp/chintai/kanto/tokyo/20_5070_room.html?JKSS=000030602,<li>京王相模原線「南大沢」駅 徒歩11～14分</li><li>京王線「聖蹟桜ヶ丘」駅バス28分 徒歩5～7分</li><li>京王相模原線「多摩境」駅 徒歩27～30分</li>
tokyo,minamiosawa,多摩ニュータウン 南大沢学園二番街,105690,,,,,,,八王子市上柚木3-5,3号棟,鉄筋コンクリート造,6,N,602号室,1LDK,54,8,101200,4490,2か月,"['近居割', '近居割WIDE']",随時,https://www.ur-net.go.jp/chintai/kanto/tokyo/20_5070_room.html?JKSS=000030602,<li>京王相模原線「南大沢」駅 徒歩11～14分</li><li>京王線「聖蹟桜ヶ丘」駅バス28分 徒歩5～7分</li><li>京王相模原線「多摩境」駅 徒歩27～30分</li>
tokyo,kumegawa,立川幸町,75450,多摩都市モノレール「玉川上水」駅,15.0,21.0,,,,立川市幸町4-52-1,14号棟,鉄筋コンクリート造,4,N,404号室,3DK,56,5,72500,2950,2か月,"['近居割', '近居割WIDE']",随時,https://www.ur-net.go.jp/chintai/kanto/tokyo/20_2130_room.html?JKSS=000014404,<li>多摩都市モノレール「玉川上水」駅 徒歩15～21分</li><li>西武拝島線「東大和市」駅 徒歩16～21分</li><li>JR中央線「立川」駅バス20分 徒歩3～6分</li>
tokyo,kumegawa,立川幸町,75450,西武拝島線「東大和市」駅,16.0,21.0,,,,立川市幸町4-52-1,14号棟,鉄筋コンクリート造,4,N,404号室,3DK,56,5,72500,2950,2か月,"['近居割', '近居割WIDE']",随時,https://www.ur-net.go.jp/chintai/kanto/tokyo/20_2130_room.html?JKSS=000014404,<li>多摩都市モノレール「玉川上水」駅 徒歩15～21分</li><li>西武拝島線「東大和市」駅 徒歩16～21分</li><li>JR中央線「立川」駅バス20分 徒歩3～6分</li>
tokyo,kumegawa,立川幸町,75450,,,,JR中央線「立川」駅,23.0,26.0,立川市幸町4-52-1,14号棟,鉄筋コンクリート造,4,N,404号室,3DK,56,5,72500,2950,2か月,"['近居割', '近居割WIDE']",随時,https://www.ur-net.go.jp/chintai/kanto/tokyo/20_2130_room.html?JKSS=000014404,<li>多摩都市モノレール「玉川上水」駅 徒歩15～21分</li><li>西武拝島線「東大和市」駅 徒歩16～21分</li><li>JR中央線「立川」駅バス20分 徒歩3～6分</li>
tokyo,kumegawa,立川幸町,75450,,,,,,,立川市幸町4-52-1,14号棟,鉄筋コンクリート造,4,N,404号室,3DK,56,5,72500,2950,2か月,"['近居割', '近居割WIDE']",随時,https://www.ur-net.go.jp/chintai/kanto/tokyo/20_2130_room.html?JKSS=000014404,<li>多摩都市モノレール「玉川上水」駅 徒歩15～21分</li><li>西武拝島線「東大和市」駅 徒歩16～21分</li><li>JR中央線「立川」駅バス20分 徒歩3～6分</li>
tokyo,kumegawa,立川幸町,78450,多摩都市モノレール「玉川上水」駅,15.0,21.0,,,,立川市幸町4-52-1,8号棟,鉄筋コンクリート造,5,N,501号室,2LDK,56,5,75500,2950,2か月,"['近居割', '近居割WIDE']",随時,https://www.ur-net.go.jp/chintai/kanto/tokyo/20_2130_room.html?JKSS=000008501,<li>多摩都市モノレール「玉川上水」駅 徒歩15～21分</li><li>西武拝島線「東大和市」駅 徒歩16～21分</li><li>JR中央線「立川」駅バス20分 徒歩3～6分</li>
tokyo,kumegawa,立川幸町,78450,西武拝島線「東大和市」駅,16.0,21.0,,,,立川市幸町4-52-1,8号棟,鉄筋コンクリート造,5,N,501号室,2LDK,56,5,75500,2950,2か月,"['近居割', '近居割WIDE']",随時,https://www.ur-net.go.jp/chintai/kanto/tokyo/20_2130_room.html?JKSS=000008501,<li>多摩都市モノレール「玉川上水」駅 徒歩15～21分</li><li>西武拝島線「東大和市」駅 徒歩16～21分</li><li>JR中央線「立川」駅バス20分 徒歩3～6分</li>
tokyo,kumegawa,立川幸町,78450,,,,JR中央線「立川」駅,23.0,26.0,立川市幸町4-52-1,8号棟,鉄筋コンクリート造,5,N,501号室,2LDK,56,5,75500,2950,2か月,"['近居割', '近居割WIDE']",随時,https://www.ur-net.go.jp/chintai/kanto/tokyo/20_2130_room.html?JKSS=000008501,<li>多摩都市モノレール「玉川上水」駅 徒歩15～21分</li><li>西武拝島線「東大和市」駅 徒歩16～21分</li><li>JR中央線「立川」駅バス20分 徒歩3～6分</li>
tokyo,kumegawa,立川幸町,78450,,,,,,,立川市幸町4-52-1,8号棟,鉄筋コンクリート造,5,N,501号室,2LDK,56,5,75500,2950,2か月,"['近居割', '近居割WIDE']",随時,https://www.ur-net.go.jp/chintai/kanto/tokyo/20_2130_room.html?JKSS=000008501,<li>多摩都市モノレール「玉川上水」駅 徒歩15～21分</li><li>西武拝島線「東大和市」駅 徒歩16～21分</li><li>JR中央線「立川」駅バス20分 徒歩3～6分</li>
tokyo,kumegawa,立川幸町,103600,多摩都市モノレール「玉川上水」駅,15.0,21.0,,,,立川市幸町4-52-1,26号棟,鉄筋コンクリート造,4,N,402号室,2LDK,69,8,100200,3400,2か月,"['近居割', '近居割WIDE']",随時,https://www.ur-net.go.jp/chintai/kanto/tokyo/20_2130_room.html?JKSS=000026402,<li>多摩都市モノレール「玉川上水」駅 徒歩15～21分</li><li>西武拝島線「東大和市」駅 徒歩16～21分</li><li>JR中央線「立川」駅バス20分 徒歩3～6分</li>
tokyo,kumegawa,立川幸町,103600,西武拝島線「東大和市」駅,16.0,21.0,,,,立川市幸町4-52-1,26号棟,鉄筋コンクリート造,4,N,402号室,2LDK,69,8,100200,3400,2か月,"['近居割', '近居割WIDE']",随時,https://www.ur-net.go.jp/chintai/kanto/tokyo/20_2130_room.html?JKSS=000026402,<li>多摩都市モノレール「玉川上水」駅 徒歩15～21分</li><li>西武拝島線「東大和市」駅 徒歩16～21分</li><li>JR中央線「立川」駅バス20分 徒歩3～6分</li>
tokyo,kumegawa,立川幸町,103600,,,,JR中央線「立川」駅,23.0,26.0,立川市幸町4-52-1,26号棟,鉄筋コンクリート造,4,N,402号室,2LDK,69,8,100200,3400,2か月,"['近居割', '近居割WIDE']",随時,https://www.ur-net.go.jp/chintai/kanto/tokyo/20_2130_room.html?JKSS=000026402,<li>多摩都市モノレール「玉川上水」駅 徒歩15～21分</li><li>西武拝島線「東大和市」駅 徒歩16～21分</li><li>JR中央線「立川」駅バス20分 徒歩3～6分</li>
tokyo,kumegawa,立川幸町,103600,,,,,,,立川市幸町4-52-1,26号棟,鉄筋コンクリート造,4,N,402号室,2LDK,69,8,100200,3400,2か月,"['近居割', '近居割WIDE']",随時,https://www.ur-net.go.jp/chintai/kanto/tokyo/20_2130_room.html?JKSS=000026402,<li>多摩都市モノレール「玉川上水」駅 徒歩15～21分</li><li>西武拝島線「東大和市」駅 徒歩16～21分</li><li>JR中央線「立川」駅バス20分 徒歩3～6分</li>
tokyo,kumegawa,立川若葉町,81400,,,,JR中央線「立川」駅,21.0,28.0,立川市若葉町4-25-1,7号棟,鉄筋コンクリート造,3,N,305号室,2LDK,56,5,77700,3700,2か月,"['近居割', '近居割WIDE']",随時,https://www.ur-net.go.jp/chintai/kanto/tokyo/20_2140_room.html?JKSS=000007305,<li>JR中央線「立川」駅バス19分 徒歩2～9分</li><li>西武拝島線「東大和市」駅 徒歩16～28分</li><li>西武国分寺線「鷹の台」駅 徒歩22～32分</li>
tokyo,kumegawa,立川若葉町,81400,西武拝島線「東大和市」駅,16.0,28.0,,,,立川市若葉町4-25-1,7号棟,鉄筋コンクリート造,3,N,305号室,2LDK,56,5,77700,3700,2か月,"['近居割', '近居割WIDE']",随時,https://www.ur-net.go.jp/chintai/kanto/tokyo/20_2140_room.html?JKSS=000007305,<li>JR中央線「立川」駅バス19分 徒歩2～9分</li><li>西武拝島線「東大和市」駅 徒歩16～28分</li><li>西武国分寺線「鷹の台」駅 徒歩22～32分</li>
tokyo,kumegawa,立川若葉町,81400,西武国分寺線「鷹の台」駅,22.0,32.0,,,,立川市若葉町4-25-1,7号棟,鉄筋コンクリート造,3,N,305号室,2LDK,56,5,77700,3700,2か月,"['近居割', '近居割WIDE']",随時,https://www.ur-net.go.jp/chintai/kanto/tokyo/20_2140_room.html?JKSS=000007305,<li>JR中央線「立川」駅バス19分 徒歩2～9分</li><li>西武拝島線「東大和市」駅 徒歩16～28分</li><li>西武国分寺線「鷹の台」駅 徒歩22～32分</li>
tokyo,kumegawa,立川若葉町,81400,,,,,,,立川市若葉町4-25-1,7号棟,鉄筋コンクリート造,3,N,305号室,2LDK,56,5,77700,3700,2か月,"['近居割', '近居割WIDE']",随時,https://www.ur-net.go.jp/chintai/kanto/tokyo/20_2140_room.html?JKSS=000007305,<li>JR中央線「立川」駅バス19分 徒歩2～9分</li><li>西武拝島線「東大和市」駅 徒歩16～28分</li><li>西武国分寺線「鷹の台」駅 徒歩22～32分</li>
tokyo,chofu,神代,106600,京王線「つつじケ丘」駅,7.0,19.0,,,,調布市西つつじヶ丘4-23、狛江市西野川1-25,12号棟,鉄筋コンクリート造,5,N,508号室,2LDK,53,5,102800,3800,2か月,['URライト（4年定借）'],2026年8月13日以降,https://www.ur-net.go.jp/chintai/kanto/tokyo/20_1320_room.html?JKSS=000012508,<li>京王線「つつじケ丘」駅 徒歩7～19分</li><li>小田急小田原線「成城学園前」駅バス11～15分 徒歩1～5分</li><li>小田急小田原線「狛江」駅バス7～9分 徒歩1～5分</li>
tokyo,chofu,神代,106600,,,,小田急小田原線「成城学園前」駅,12.0,20.0,調布市西つつじヶ丘4-23、狛江市西野川1-25,12号棟,鉄筋コンクリート造,5,N,508号室,2LDK,53,5,102800,3800,2か月,['URライト（4年定借）'],2026年8月13日以降,https://www.ur-net.go.jp/chintai/kanto/tokyo/20_1320_room.html?JKSS=000012508,<li>京王線「つつじケ丘」駅 徒歩7～19分</li><li>小田急小田原線「成城学園前」駅バス11～15分 徒歩1～5分</li><li>小田急小田原線「狛江」駅バス7～9分 徒歩1～5分</li>
tokyo,chofu,神代,106600,,,,小田急小田原線「狛江」駅,8.0,14.0,調布市西つつじヶ丘4-23、狛江市西野川1-25,12号棟,鉄筋コンクリート造,5,N,508号室,2LDK,53,5,102800,3800,2か月,['URライト（4年定借）'],2026年8月13日以降,https://www.ur-net.go.jp/chintai/kanto/tokyo/20_1320_room.html?JKSS=000012508,<li>京王線「つつじケ丘」駅 徒歩7～19分</li><li>小田急小田原線「成城学園前」駅バス11～15分 徒歩1～5分</li><li>小田急小田原線「狛江」駅バス7～9分 徒歩1～5分</li>
tokyo,chofu,神代,106600,,,,,,,調布市西つつじヶ丘4-23、狛江市西野川1-25,12号棟,鉄筋コンクリート造,5,N,508号室,2LDK,53,5,102800,3800,2か月,['URライト（4年定借）'],2026年8月13日以降,https://www.ur-net.go.jp/chintai/kanto/tokyo/20_1320_room.html?JKSS=000012508,<li>京王線「つつじケ丘」駅 徒歩7～19分</li><li>小田急小田原線「成城学園前」駅バス11～15分 徒歩1～5分</li><li>小田急小田原線「狛江」駅バス7～9分 徒歩1～5分</li>
tokyo,chofu,神代,111300,京王線「つつじケ丘」駅,7.0,19.0,,,,調布市西つつじヶ丘4-23、狛江市西野川1-25,19号棟,鉄筋コンクリート造,1,N,103号室,2LDK,53,5,107500,3800,2か月,['URライト（4年定借）'],随時,https://www.ur-net.go.jp/chintai/kanto/tokyo/20_1320_room.html?JKSS=000019103,<li>京王線「つつじケ丘」駅 徒歩7～19分</li><li>小田急小田原線「成城学園前」駅バス11～15分 徒歩1～5分</li><li>小田急小田原線「狛江」駅バス7～9分 徒歩1～5分</li>
tokyo,chofu,神代,111300,,,,小田急小田原線「成城学園前」駅,12.0,20.0,調布市西つつじヶ丘4-23、狛江市西野川1-25,19号棟,鉄筋コンクリート造,1,N,103号室,2LDK,53,5,107500,3800,2か月,['URライト（4年定借）'],随時,https://www.ur-net.go.jp/chintai/kanto/tokyo/20_1320_room.html?JKSS=000019103,<li>京王線「つつじケ丘」駅 徒歩7～19分</li><li>小田急小田原線「成城学園前」駅バス11～15分 徒歩1～5分</li><li>小田急小田原線「狛江」駅バス7～9分 徒歩1～5分</li>
tokyo,chofu,神代,111300,,,,小田急小田原線「狛江」駅,8.0,14.0,調布市西つつじヶ丘4-23、狛江市西野川1-25,19号棟,鉄筋コンクリート造,1,N,103号室,2LDK,53,5,107500,3800,2か月,['URライト（4年定借）'],随時,https://www.ur-net.go.jp/chintai/kanto/tokyo/20_1320_room.html?JKSS=000019103,<li>京王線「つつじケ丘」駅 徒歩7～19分</li><li>小田急小田原線「成城学園前」駅バス11～15分 徒歩1～5分</li><li>小田急小田原線「狛江」駅バス7～9分 徒歩1～5分</li>
tokyo,chofu,神代,111300,,,,,,,調布市西つつじヶ丘4-23、狛江市西野川1-25,19号棟,鉄筋コンクリート造,1,N,103号室,2LDK,53,5,107500,3800,2か月,['URライト（4年定借）'],随時,https://www.ur-net.go.jp/chintai/kanto/tokyo/20_1320_room.html?JKSS=000019103,<li>京王線「つつじケ丘」駅 徒歩7～19分</li><li>小田急小田原線「成城学園前」駅バス11～15分 徒歩1～5分</li><li>小田急小田原線「狛江」駅バス7～9分 徒歩1～5分</li>
tokyo,chofu,神代,114200,京王線「つつじケ丘」駅,7.0,19.0,,,,調布市西つつじヶ丘4-23、狛江市西野川1-25,18号棟,鉄筋コンクリート造,2,N,201号室,2LDK,55,5,110400,3800,2か月,['URライト（4年定借）'],随時,https://www.ur-net.go.jp/chintai/kanto/tokyo/20_1320_room.html?JKSS=000018201,<li>京王線「つつじケ丘」駅 徒歩7～19分</li><li>小田急小田原線「成城学園前」駅バス11～15分 徒歩1～5分</li><li>小田急小田原線「狛江」駅バス7～9分 徒歩1～5分</li>
tokyo,chofu,神代,114200,,,,小田急小田原線「成城学園前」駅,12.0,20.0,調布市西つつじヶ丘4-23、狛江市西野川1-25,18号棟,鉄筋コンクリート造,2,N,201号室,2LDK,55,5,110400,3800,2か月,['URライト（4年定借）'],随時,https://www.ur-net.go.jp/chintai/kanto/tokyo/20_1320_room.html?JKSS=000018201,<li>京王線「つつじケ丘」駅 徒歩7～19分</li><li>小田急小田原線「成城学園前」駅バス11～15分 徒歩1～5分</li><li>小田急小田原線「狛江」駅バス7～9分 徒歩1～5分</li>
tokyo,chofu,神代,114200,,,,小田急小田原線「狛江」駅,8.0,14.0,調布市西つつじヶ丘4-23、狛江市西野川1-25,18号棟,鉄筋コンクリート造,2,N,201号室,2LDK,55,5,110400,3800,2か月,['URライト（4年定借）'],随時,https://www.ur-net.go.jp/chintai/kanto/tokyo/20_1320_room.html?JKSS=000018201,<li>京王線「つつじケ丘」駅 徒歩7～19分</li><li>小田急小田原線「成城学園前」駅バス11～15分 徒歩1～5分</li><li>小田急小田原線「狛江」駅バス7～9分 徒歩1～5分</li>
tokyo,chofu,神代,114200,,,,,,,調布市西つつじヶ丘4-23、狛江市西野川1-25,18号棟,鉄筋コンクリート造,2,N,201号室,2LDK,55,5,110400,3800,2か月,['URライト（4年定借）'],随時,https://www.ur-net.go.jp/chintai/kanto/tokyo/20_1320_room.html?JKSS=000018201,<li>京王線「つつじケ丘」駅 徒歩7～19分</li><li>小田急小田原線「成城学園前」駅バス11～15分 徒歩1～5分</li><li>小田急小田原線「狛江」駅バス7～9分 徒歩1～5分</li>
tokyo,chofu,ライフタウン国領,165000,京王線「国領」駅,12.0,12.0,,,,調布市国領町8-2-9,1号棟,鉄筋コンクリート造,6,N,622号室,1LDK,65,11,160500,4500,2か月,['近居割'],随時,https://www.ur-net.go.jp/chintai/kanto/tokyo/20_6591_room.html?JKSS=000010622,<li>京王線「国領」駅 徒歩12分</li><li>京王線「柴崎」駅 徒歩13～15分</li><li>京王線「布田」駅 徒歩21分</li>
tokyo,chofu,ライフタウン国領,165000,京王線「柴崎」駅,13.0,15.0,,,,調布市国領町8-2-9,1号棟,鉄筋コンクリート造,6,N,622号室,1LDK,65,11,160500,4500,2か月,['近居割'],随時,https://www.ur-net.go.jp/chintai/kanto/tokyo/20_6591_room.html?JKSS=000010622,<li>京王線「国領」駅 徒歩12分</li><li>京王線「柴崎」駅 徒歩13～15分</li><li>京王線「布田」駅 徒歩21分</li>
tokyo,chofu,ライフタウン国領,165000,京王線「布田」駅,21.0,21.0,,,,調布市国領町8-2-9,1号棟,鉄筋コンクリート造,6,N,622号室,1LDK,65,11,160500,4500,2か月,['近居割'],随時,https://www.ur-net.go.jp/chintai/kanto/tokyo/20_6591_room.html?JKSS=000010622,<li>京王線「国領」駅 徒歩12分</li><li>京王線「柴崎」駅 徒歩13～15分</li><li>京王線「布田」駅 徒歩21分</li>
tokyo,chofu,ライフタウン国領,165000,,,,,,,調布市国領町8-2-9,1号棟,鉄筋コンクリート造,6,N,622号室,1LDK,65,11,160500,4500,2か月,['近居割'],随時,https://www.ur-net.go.jp/chintai/kanto/tokyo/20_6591_room.html?JKSS=000010622,<li>京王線「国領」駅 徒歩12分</li><li>京王線「柴崎」駅 徒歩13～15分</li><li>京王線「布田」駅 徒歩21分</li>
tokyo,kumegawa,南台,74500,西武多摩湖線「八坂」駅,14.0,16.0,,,,東村山市富士見町1-14,4号棟,鉄筋コンクリート造,2,N,202号室,2DK,43,5,71400,3100,2か月,['近居割'],随時,https://www.ur-net.go.jp/chintai/kanto/tokyo/20_1020_room.html?JKSS=000004202,<li>西武多摩湖線「八坂」駅 徒歩14～16分</li><li>西武拝島線「小川」駅 徒歩15～18分</li><li>西武新宿線「久米川」駅バス5分 徒歩3～5分</li>
tokyo,kumegawa,南台,74500,西武拝島線「小川」駅,15.0,18.0,,,,東村山市富士見町1-14,4号棟,鉄筋コンクリート造,2,N,202号室,2DK,43,5,71400,3100,2か月,['近居割'],随時,https://www.ur-net.go.jp/chintai/kanto/tokyo/20_1020_room.html?JKSS=000004202,<li>西武多摩湖線「八坂」駅 徒歩14～16分</li><li>西武拝島線「小川」駅 徒歩15～18分</li><li>西武新宿線「久米川」駅バス5分 徒歩3～5分</li>
tokyo,kumegawa,南台,74500,,,,西武新宿線「久米川」駅,8.0,10.0,東村山市富士見町1-14,4号棟,鉄筋コンクリート造,2,N,202号室,2DK,43,5,71400,3100,2か月,['近居割'],随時,https://www.ur-net.go.jp/chintai/kanto/tokyo/20_1020_room.html?JKSS=000004202,<li>西武多摩湖線「八坂」駅 徒歩14～16分</li><li>西武拝島線「小川」駅 徒歩15～18分</li><li>西武新宿線「久米川」駅バス5分 徒歩3～5分</li>
tokyo,kumegawa,南台,74500,,,,,,,東村山市富士見町1-14,4号棟,鉄筋コンクリート造,2,N,202号室,2DK,43,5,71400,3100,2か月,['近居割'],随時,https://www.ur-net.go.jp/chintai/kanto/tokyo/20_1020_room.html?JKSS=000004202,<li>西武多摩湖線「八坂」駅 徒歩14～16分</li><li>西武拝島線「小川」駅 徒歩15～18分</li><li>西武新宿線「久米川」駅バス5分 徒歩3～5分</li>
tokyo,tachikawa,国立富士見台,78000,JR南武線「谷保」駅,5.0,15.0,,,,国立市富士見台1-7ほか,2-4号棟,鉄筋コンクリート造,4,N,401号室,3K,45,5,75200,2800,2か月,['URライト（4年定借）'],随時,https://www.ur-net.go.jp/chintai/kanto/tokyo/20_1350_room.html?JKSS=000204401,<li>JR南武線「谷保」駅（第1団地）徒歩5～10分、（第2、3団地）徒歩10～15分</li><li>JR中央線「国立」駅（第1団地）徒歩21～26分 またはバス5分 徒歩1～9分、（第2、3団地）徒歩23～28分 またはバス8分 徒歩2～5分</li><li>JR南武線「矢川」駅（第1団地）バス5分 徒歩1～7分、（第2、3団地）徒歩8～16分</li>
tokyo,tachikawa,国立富士見台,78000,JR中央線「国立」駅,21.0,28.0,JR中央線「国立」駅,6.0,14.0,国立市富士見台1-7ほか,2-4号棟,鉄筋コンクリート造,4,N,401号室,3K,45,5,75200,2800,2か月,['URライト（4年定借）'],随時,https://www.ur-net.go.jp/chintai/kanto/tokyo/20_1350_room.html?JKSS=000204401,<li>JR南武線「谷保」駅（第1団地）徒歩5～10分、（第2、3団地）徒歩10～15分</li><li>JR中央線「国立」駅（第1団地）徒歩21～26分 またはバス5分 徒歩1～9分、（第2、3団地）徒歩23～28分 またはバス8分 徒歩2～5分</li><li>JR南武線「矢川」駅（第1団地）バス5分 徒歩1～7分、（第2、3団地）徒歩8～16分</li>
tokyo,tachikawa,国立富士見台,78000,JR南武線「矢川」駅,8.0,16.0,JR南武線「矢川」駅,6.0,12.0,国立市富士見台1-7ほか,2-4号棟,鉄筋コンクリート造,4,N,401号室,3K,45,5,75200,2800,2か月,['URライト（4年定借）'],随時,https://www.ur-net.go.jp/chintai/kanto/tokyo/20_1350_room.html?JKSS=000204401,<li>JR南武線「谷保」駅（第1団地）徒歩5～10分、（第2、3団地）徒歩10～15分</li><li>JR中央線「国立」駅（第1団地）徒歩21～26分 またはバス5分 徒歩1～9分、（第2、3団地）徒歩23～28分 またはバス8分 徒歩2～5分</li><li>JR南武線「矢川」駅（第1団地）バス5分 徒歩1～7分、（第2、3団地）徒歩8～16分</li>
tokyo,tachikawa,国立富士見台,78000,,,,,,,国立市富士見台1-7ほか,2-4号棟,鉄筋コンクリート造,4,N,401号室,3K,45,5,75200,2800,2か月,['URライト（4年定借）'],随時,https://www.ur-net.go.jp/chintai/kanto/tokyo/20_1350_room.html?JKSS=000204401,<li>JR南武線「谷保」駅（第1団地）徒歩5～10分、（第2、3団地）徒歩10～15分</li><li>JR中央線「国立」駅（第1団地）徒歩21～26分 またはバス5分 徒歩1～9分、（第2、3団地）徒歩23～28分 またはバス8分 徒歩2～5分</li><li>JR南武線「矢川」駅（第1団地）バス5分 徒歩1～7分、（第2、3団地）徒歩8～16分</li>
tokyo,tachikawa,国立富士見台,82100,JR南武線「谷保」駅,5.0,15.0,,,,国立市富士見台1-7ほか,2-7号棟,鉄筋コンクリート造,5,N,506号室,3DK,50,5,79300,2800,2か月,['URライト（4年定借）'],随時,https://www.ur-net.go.jp/chintai/kanto/tokyo/20_1350_room.html?JKSS=000207506,<li>JR南武線「谷保」駅（第1団地）徒歩5～10分、（第2、3団地）徒歩10～15分</li><li>JR中央線「国立」駅（第1団地）徒歩21～26分 またはバス5分 徒歩1～9分、（第2、3団地）徒歩23～28分 またはバス8分 徒歩2～5分</li><li>JR南武線「矢川」駅（第1団地）バス5分 徒歩1～7分、（第2、3団地）徒歩8～16分</li>
tokyo,tachikawa,国立富士見台,82100,JR中央線「国立」駅,21.0,28.0,JR中央線「国立」駅,6.0,14.0,国立市富士見台1-7ほか,2-7号棟,鉄筋コンクリート造,5,N,506号室,3DK,50,5,79300,2800,2か月,['URライト（4年定借）'],随時,https://www.ur-net.go.jp/chintai/kanto/tokyo/20_1350_room.html?JKSS=000207506,<li>JR南武線「谷保」駅（第1団地）徒歩5～10分、（第2、3団地）徒歩10～15分</li><li>JR中央線「国立」駅（第1団地）徒歩21～26分 またはバス5分 徒歩1～9分、（第2、3団地）徒歩23～28分 またはバス8分 徒歩2～5分</li><li>JR南武線「矢川」駅（第1団地）バス5分 徒歩1～7分、（第2、3団地）徒歩8～16分</li>
tokyo,tachikawa,国立富士見台,82100,JR南武線「矢川」駅,8.0,16.0,JR南武線「矢川」駅,6.0,12.0,国立市富士見台1-7ほか,2-7号棟,鉄筋コンクリート造,5,N,506号室,3DK,50,5,79300,2800,2か月,['URライト（4年定借）'],随時,https://www.ur-net.go.jp/chintai/kanto/tokyo/20_1350_room.html?JKSS=000207506,<li>JR南武線「谷保」駅（第1団地）徒歩5～10分、（第2、3団地）徒歩10～15分</li><li>JR中央線「国立」駅（第1団地）徒歩21～26分 またはバス5分 徒歩1～9分、（第2、3団地）徒歩23～28分 またはバス8分 徒歩2～5分</li><li>JR南武線「矢川」駅（第1団地）バス5分 徒歩1～7分、（第2、3団地）徒歩8～16分</li>
tokyo,tachikawa,国立富士見台,82100,,,,,,,国立市富士見台1-7ほか,2-7号棟,鉄筋コンクリート造,5,N,506号室,3DK,50,5,79300,2800,2か月,['URライト（4年定借）'],随時,https://www.ur-net.go.jp/chintai/kanto/tokyo/20_1350_room.html?JKSS=000207506,<li>JR南武線「谷保」駅（第1団地）徒歩5～10分、（第2、3団地）徒歩10～15分</li><li>JR中央線「国立」駅（第1団地）徒歩21～26分 またはバス5分 徒歩1～9分、（第2、3団地）徒歩23～28分 またはバス8分 徒歩2～5分</li><li>JR南武線「矢川」駅（第1団地）バス5分 徒歩1～7分、（第2、3団地）徒歩8～16分</li>
tokyo,nagayama,百草,69150,京王線「高幡不動」駅,19.0,32.0,京王線「高幡不動」駅,8.0,16.0,多摩市和田1261、日野市百草999,4号棟,鉄筋コンクリート造,2,N,201号室,2DK,50,5,64400,4750,2か月,['健康寿命サポート'],随時,https://www.ur-net.go.jp/chintai/kanto/tokyo/20_1870_room.html?JKSS=000040201,<li>京王線「高幡不動」駅 徒歩19～32分 またはバス7～8分 徒歩1～8分</li><li>京王線「聖蹟桜ヶ丘」駅バス14～15分 徒歩1～8分</li><li>京王相模原線「京王多摩センター」駅バス9分 徒歩2～13分</li>
tokyo,nagayama,百草,69150,,,,京王線「聖蹟桜ヶ丘」駅,15.0,23.0,多摩市和田1261、日野市百草999,4号棟,鉄筋コンクリート造,2,N,201号室,2DK,50,5,64400,4750,2か月,['健康寿命サポート'],随時,https://www.ur-net.go.jp/chintai/kanto/tokyo/20_1870_room.html?JKSS=000040201,<li>京王線「高幡不動」駅 徒歩19～32分 またはバス7～8分 徒歩1～8分</li><li>京王線「聖蹟桜ヶ丘」駅バス14～15分 徒歩1～8分</li><li>京王相模原線「京王多摩センター」駅バス9分 徒歩2～13分</li>
tokyo,nagayama,百草,69150,,,,京王相模原線「京王多摩センター」駅,11.0,22.0,多摩市和田1261、日野市百草999,4号棟,鉄筋コンクリート造,2,N,201号室,2DK,50,5,64400,4750,2か月,['健康寿命サポート'],随時,https://www.ur-net.go.jp/chintai/kanto/tokyo/20_1870_room.html?JKSS=000040201,<li>京王線「高幡不動」駅 徒歩19～32分 またはバス7～8分 徒歩1～8分</li><li>京王線「聖蹟桜ヶ丘」駅バス14～15分 徒歩1～8分</li><li>京王相模原線「京王多摩センター」駅バス9分 徒歩2～13分</li>
tokyo,nagayama,百草,69150,,,,,,,多摩市和田1261、日野市百草999,4号棟,鉄筋コンクリート造,2,N,201号室,2DK,50,5,64400,4750,2か月,['健康寿命サポート'],随時,https://www.ur-net.go.jp/chintai/kanto/tokyo/20_1870_room.html?JKSS=000040201,<li>京王線「高幡不動」駅 徒歩19～32分 またはバス7～8分 徒歩1～8分</li><li>京王線「聖蹟桜ヶ丘」駅バス14～15分 徒歩1～8分</li><li>京王相模原線「京王多摩センター」駅バス9分 徒歩2～13分</li>
tokyo,nagayama,百草,69150,京王線「高幡不動」駅,19.0,32.0,京王線「高幡不動」駅,8.0,16.0,多摩市和田1261、日野市百草999,6号棟,鉄筋コンクリート造,4,N,408号室,2LDK,56,5,64400,4750,2か月,"['近居割', '近居割WIDE']",随時,https://www.ur-net.go.jp/chintai/kanto/tokyo/20_1870_room.html?JKSS=000060408,<li>京王線「高幡不動」駅 徒歩19～32分 またはバス7～8分 徒歩1～8分</li><li>京王線「聖蹟桜ヶ丘」駅バス14～15分 徒歩1～8分</li><li>京王相模原線「京王多摩センター」駅バス9分 徒歩2～13分</li>
tokyo,nagayama,百草,69150,,,,京王線「聖蹟桜ヶ丘」駅,15.0,23.0,多摩市和田1261、日野市百草999,6号棟,鉄筋コンクリート造,4,N,408号室,2LDK,56,5,64400,4750,2か月,"['近居割', '近居割WIDE']",随時,https://www.ur-net.go.jp/chintai/kanto/tokyo/20_1870_room.html?JKSS=000060408,<li>京王線「高幡不動」駅 徒歩19～32分 またはバス7～8分 徒歩1～8分</li><li>京王線「聖蹟桜ヶ丘」駅バス14～15分 徒歩1～8分</li><li>京王相模原線「京王多摩センター」駅バス9分 徒歩2～13分</li>
tokyo,nagayama,百草,69150,,,,京王相模原線「京王多摩センター」駅,11.0,22.0,多摩市和田1261、日野市百草999,6号棟,鉄筋コンクリート造,4,N,408号室,2LDK,56,5,64400,4750,2か月,"['近居割', '近居割WIDE']",随時,https://www.ur-net.go.jp/chintai/kanto/tokyo/20_1870_room.html?JKSS=000060408,<li>京王線「高幡不動」駅 徒歩19～32分 またはバス7～8分 徒歩1～8分</li><li>京王線「聖蹟桜ヶ丘」駅バス14～15分 徒歩1～8分</li><li>京王相模原線「京王多摩センター」駅バス9分 徒歩2～13分</li>
tokyo,nagayama,百草,69150,,,,,,,多摩市和田1261、日野市百草999,6号棟,鉄筋コンクリート造,4,N,408号室,2LDK,56,5,64400,4750,2か月,"['近居割', '近居割WIDE']",随時,https://www.ur-net.go.jp/chintai/kanto/tokyo/20_1870_room.html?JKSS=000060408,<li>京王線「高幡不動」駅 徒歩19～32分 またはバス7～8分 徒歩1～8分</li><li>京王線「聖蹟桜ヶ丘」駅バス14～15分 徒歩1～8分</li><li>京王相模原線「京王多摩センター」駅バス9分 徒歩2～13分</li>
tokyo,nagayama,多摩ニュータウン 永山（永山二丁目）,82350,京王相模原線「京王永山」駅・小田急多摩線「小田急永山」駅,9.0,22.0,京王相模原線「京王永山」駅・小田急多摩線「小田急永山」駅,3.0,14.0,多摩市永山3ほか,3-3-2号棟,鉄筋コンクリート造、鉄骨鉄筋コンクリート造,3,N,303号室,2LDK,56,5,78800,3550,2か月,"['近居割', '近居割WIDE']",随時,https://www.ur-net.go.jp/chintai/kanto/tokyo/20_2070_room.html?JKSS=030302303,<li>京王相模原線「京王永山」駅・小田急多摩線「小田急永山」駅 徒歩9～22分 またはバス2～4分 徒歩1～10分</li><li>小田急多摩線「はるひ野」駅 徒歩26～37分</li>
tokyo,nagayama,多摩ニュータウン 永山（永山二丁目）,82350,小田急多摩線「はるひ野」駅,26.0,37.0,,,,多摩市永山3ほか,3-3-2号棟,鉄筋コンクリート造、鉄骨鉄筋コンクリート造,3,N,303号室,2LDK,56,5,78800,3550,2か月,"['近居割', '近居割WIDE']",随時,https://www.ur-net.go.jp/chintai/kanto/tokyo/20_2070_room.html?JKSS=030302303,<li>京王相模原線「京王永山」駅・小田急多摩線「小田急永山」駅 徒歩9～22分 またはバス2～4分 徒歩1～10分</li><li>小田急多摩線「はるひ野」駅 徒歩26～37分</li>
tokyo,nagayama,多摩ニュータウン 永山（永山二丁目）,82350,,,,,,,多摩市永山3ほか,3-3-2号棟,鉄筋コンクリート造、鉄骨鉄筋コンクリート造,3,N,303号室,2LDK,56,5,78800,3550,2か月,"['近居割', '近居割WIDE']",随時,https://www.ur-net.go.jp/chintai/kanto/tokyo/20_2070_room.html?JKSS=030302303,<li>京王相模原線「京王永山」駅・小田急多摩線「小田急永山」駅 徒歩9～22分 またはバス2～4分 徒歩1～10分</li><li>小田急多摩線「はるひ野」駅 徒歩26～37分</li>
tokyo,nagayama,多摩ニュータウン 貝取,84800,京王相模原線「京王多摩センター」駅・小田急多摩線「小田急多摩センター」駅,25.0,36.0,京王相模原線「京王多摩センター」駅・小田急多摩線「小田急多摩センター」駅,14.0,19.0,多摩市貝取2ほか,4-3-1号棟,鉄筋コンクリート造,3,N,308号室,3DK,62,5,80900,3900,2か月,"['近居割', '近居割WIDE']",随時,https://www.ur-net.go.jp/chintai/kanto/tokyo/20_2690_room.html?JKSS=403010308,<li>京王相模原線「京王多摩センター」駅・小田急多摩線「小田急多摩センター」駅 徒歩25～36分 またはバス12分 徒歩2～7分</li><li>多摩都市モノレール「多摩センター」駅 徒歩27～38分 またはバス12分 徒歩2～7分</li>
tokyo,nagayama,多摩ニュータウン 貝取,84800,多摩都市モノレール「多摩センター」駅,27.0,38.0,多摩都市モノレール「多摩センター」駅,14.0,19.0,多摩市貝取2ほか,4-3-1号棟,鉄筋コンクリート造,3,N,308号室,3DK,62,5,80900,3900,2か月,"['近居割', '近居割WIDE']",随時,https://www.ur-net.go.jp/chintai/kanto/tokyo/20_2690_room.html?JKSS=403010308,<li>京王相模原線「京王多摩センター」駅・小田急多摩線「小田急多摩センター」駅 徒歩25～36分 またはバス12分 徒歩2～7分</li><li>多摩都市モノレール「多摩センター」駅 徒歩27～38分 またはバス12分 徒歩2～7分</li>
tokyo,nagayama,多摩ニュータウン 貝取,84800,,,,,,,多摩市貝取2ほか,4-3-1号棟,鉄筋コンクリート造,3,N,308号室,3DK,62,5,80900,3900,2か月,"['近居割', '近居割WIDE']",随時,https://www.ur-net.go.jp/chintai/kanto/tokyo/20_2690_room.html?JKSS=403010308,<li>京王相模原線「京王多摩センター」駅・小田急多摩線「小田急多摩センター」駅 徒歩25～36分 またはバス12分 徒歩2～7分</li><li>多摩都市モノレール「多摩センター」駅 徒歩27～38分 またはバス12分 徒歩2～7分</li>
tokyo,nagayama,多摩ニュータウン エステート愛宕,129200,京王相模原線｢京王多摩センター｣駅,10.0,10.0,,,,多摩市愛宕4-35-1,1号棟,鉄筋コンクリート造,5,N,501号室,3LDK,76,5,122200,7000,2か月,"['近居割', '近居割WIDE']",随時,https://www.ur-net.go.jp/chintai/kanto/tokyo/20_5090_room.html?JKSS=000010501,<li>京王相模原線｢京王多摩センター｣駅 徒歩10分</li><li>小田急多摩線｢小田急多摩センター｣駅 徒歩10分</li><li>多摩都市モノレール｢多摩センター｣駅 徒歩10分</li>
tokyo,nagayama,多摩ニュータウン エステート愛宕,129200,小田急多摩線｢小田急多摩センター｣駅,10.0,10.0,,,,多摩市愛宕4-35-1,1号棟,鉄筋コンクリート造,5,N,501号室,3LDK,76,5,122200,7000,2か月,"['近居割', '近居割WIDE']",随時,https://www.ur-net.go.jp/chintai/kanto/tokyo/20_5090_room.html?JKSS=000010501,<li>京王相模原線｢京王多摩センター｣駅 徒歩10分</li><li>小田急多摩線｢小田急多摩センター｣駅 徒歩10分</li><li>多摩都市モノレール｢多摩センター｣駅 徒歩10分</li>
tokyo,nagayama,多摩ニュータウン エステート愛宕,129200,多摩都市モノレール｢多摩センター｣駅,10.0,10.0,,,,多摩市愛宕4-35-1,1号棟,鉄筋コンクリート造,5,N,501号室,3LDK,76,5,122200,7000,2か月,"['近居割', '近居割WIDE']",随時,https://www.ur-net.go.jp/chintai/kanto/tokyo/20_5090_room.html?JKSS=000010501,<li>京王相模原線｢京王多摩センター｣駅 徒歩10分</li><li>小田急多摩線｢小田急多摩センター｣駅 徒歩10分</li><li>多摩都市モノレール｢多摩センター｣駅 徒歩10分</li>
tokyo,nagayama,多摩ニュータウン エステート愛宕,129200,,,,,,,多摩市愛宕4-35-1,1号棟,鉄筋コンクリート造,5,N,501号室,3LDK,76,5,122200,7000,2か月,"['近居割', '近居割WIDE']",随時,https://www.ur-net.go.jp/chintai/kanto/tokyo/20_5090_room.html?JKSS=000010501,<li>京王相模原線｢京王多摩センター｣駅 徒歩10分</li><li>小田急多摩線｢小田急多摩センター｣駅 徒歩10分</li><li>多摩都市モノレール｢多摩センター｣駅 徒歩10分</li>
tokyo,nagayama,聖蹟桜ヶ丘ビュータワー,223800,京王線｢聖蹟桜ヶ丘｣駅,3.0,3.0,,,,多摩市関戸4-72,,鉄筋コンクリート造,21,N,2105号室,2LDK,76,27,216000,7800,2か月,['近居割'],随時,https://www.ur-net.go.jp/chintai/kanto/tokyo/20_5950_room.html?JKSS=000002105,<li>京王線｢聖蹟桜ヶ丘｣駅 徒歩3分</li>
tokyo,nagayama,聖蹟桜ヶ丘ビュータワー,223800,,,,,,,多摩市関戸4-72,,鉄筋コンクリート造,21,N,2105号室,2LDK,76,27,216000,7800,2か月,['近居割'],随時,https://www.ur-net.go.jp/chintai/kanto/tokyo/20_5950_room.html?JKSS=000002105,<li>京王線｢聖蹟桜ヶ丘｣駅 徒歩3分</li>
tokyo,higashifushimi,新柳沢,110380,西武新宿線「西武柳沢」駅,11.0,14.0,,,,西東京市柳沢3-4,4号棟,鉄筋コンクリート造,1,N,102号室,2DK,45,7,106200,4180,2か月,"['近居割', '近居割WIDE']",随時,https://www.ur-net.go.jp/chintai/kanto/tokyo/20_4900_room.html?JKSS=000040102,<li>西武新宿線「西武柳沢」駅 徒歩11～14分</li><li>JR中央線「三鷹」駅バス9分 徒歩6～8分</li><li>JR中央線「吉祥寺」駅バス11分 徒歩6～8分</li>
tokyo,higashifushimi,新柳沢,110380,,,,JR中央線「三鷹」駅,15.0,17.0,西東京市柳沢3-4,4号棟,鉄筋コンクリート造,1,N,102号室,2DK,45,7,106200,4180,2か月,"['近居割', '近居割WIDE']",随時,https://www.ur-net.go.jp/chintai/kanto/tokyo/20_4900_room.html?JKSS=000040102,<li>西武新宿線「西武柳沢」駅 徒歩11～14分</li><li>JR中央線「三鷹」駅バス9分 徒歩6～8分</li><li>JR中央線「吉祥寺」駅バス11分 徒歩6～8分</li>
tokyo,higashifushimi,新柳沢,110380,,,,JR中央線「吉祥寺」駅,17.0,19.0,西東京市柳沢3-4,4号棟,鉄筋コンクリート造,1,N,102号室,2DK,45,7,106200,4180,2か月,"['近居割', '近居割WIDE']",随時,https://www.ur-net.go.jp/chintai/kanto/tokyo/20_4900_room.html?JKSS=000040102,<li>西武新宿線「西武柳沢」駅 徒歩11～14分</li><li>JR中央線「三鷹」駅バス9分 徒歩6～8分</li><li>JR中央線「吉祥寺」駅バス11分 徒歩6～8分</li>
tokyo,higashifushimi,新柳沢,110380,,,,,,,西東京市柳沢3-4,4号棟,鉄筋コンクリート造,1,N,102号室,2DK,45,7,106200,4180,2か月,"['近居割', '近居割WIDE']",随時,https://www.ur-net.go.jp/chintai/kanto/tokyo/20_4900_room.html?JKSS=000040102,<li>西武新宿線「西武柳沢」駅 徒歩11～14分</li><li>JR中央線「三鷹」駅バス9分 徒歩6～8分</li><li>JR中央線「吉祥寺」駅バス11分 徒歩6～8分</li>
tokyo,kichijoji,グリーンハイツ武蔵境通り,136100,JR中央線「武蔵境」駅,20.0,22.0,JR中央線「武蔵境」駅,6.0,9.0,西東京市新町1-4,1号棟,鉄筋コンクリート造,9,N,908号室,2LDK,63,12,132800,3300,2か月,"['近居割', '近居割WIDE']",随時,https://www.ur-net.go.jp/chintai/kanto/tokyo/20_5210_room.html?JKSS=000010908,<li>JR中央線「武蔵境」駅 徒歩20～22分 またはバス5分 徒歩1～4分</li><li>JR中央線「三鷹」駅バス10分 徒歩1～4分</li><li>西武新宿線「田無」駅バス4分 徒歩2～5分</li>
tokyo,kichijoji,グリーンハイツ武蔵境通り,136100,,,,JR中央線「三鷹」駅,11.0,14.0,西東京市新町1-4,1号棟,鉄筋コンクリート造,9,N,908号室,2LDK,63,12,132800,3300,2か月,"['近居割', '近居割WIDE']",随時,https://www.ur-net.go.jp/chintai/kanto/tokyo/20_5210_room.html?JKSS=000010908,<li>JR中央線「武蔵境」駅 徒歩20～22分 またはバス5分 徒歩1～4分</li><li>JR中央線「三鷹」駅バス10分 徒歩1～4分</li><li>西武新宿線「田無」駅バス4分 徒歩2～5分</li>
tokyo,kichijoji,グリーンハイツ武蔵境通り,136100,,,,西武新宿線「田無」駅,6.0,9.0,西東京市新町1-4,1号棟,鉄筋コンクリート造,9,N,908号室,2LDK,63,12,132800,3300,2か月,"['近居割', '近居割WIDE']",随時,https://www.ur-net.go.jp/chintai/kanto/tokyo/20_5210_room.html?JKSS=000010908,<li>JR中央線「武蔵境」駅 徒歩20～22分 またはバス5分 徒歩1～4分</li><li>JR中央線「三鷹」駅バス10分 徒歩1～4分</li><li>西武新宿線「田無」駅バス4分 徒歩2～5分</li>
tokyo,kichijoji,グリーンハイツ武蔵境通り,136100,,,,,,,西東京市新町1-4,1号棟,鉄筋コンクリート造,9,N,908号室,2LDK,63,12,132800,3300,2か月,"['近居割', '近居割WIDE']",随時,https://www.ur-net.go.jp/chintai/kanto/tokyo/20_5210_room.html?JKSS=000010908,<li>JR中央線「武蔵境」駅 徒歩20～22分 またはバス5分 徒歩1～4分</li><li>JR中央線「三鷹」駅バス10分 徒歩1～4分</li><li>西武新宿線「田無」駅バス4分 徒歩2～5分</li>
tokyo,hibarigaoka,ひばりが丘パークヒルズ,147900,西武池袋線「ひばりヶ丘」駅,15.0,22.0,西武池袋線「ひばりヶ丘」駅,4.0,8.0,西東京市ひばりが丘3-5、東久留米市ひばりが丘団地6ほか,5-6号棟,鉄筋コンクリート造,9,N,908号室,2LDK,55,12,140900,7000,2か月,"['近居割', '近居割WIDE']",随時,https://www.ur-net.go.jp/chintai/kanto/tokyo/20_6771_room.html?JKSS=005060908,<li>西武池袋線「ひばりヶ丘」駅 徒歩15～22分 またはバス3～4分 徒歩1～4分</li><li>西武新宿線「田無」駅バス11～15分 徒歩1～4分</li><li>JR中央線「武蔵境」駅バス27～33分 徒歩1～4分</li>
tokyo,hibarigaoka,ひばりが丘パークヒルズ,147900,,,,西武新宿線「田無」駅,12.0,19.0,西東京市ひばりが丘3-5、東久留米市ひばりが丘団地6ほか,5-6号棟,鉄筋コンクリート造,9,N,908号室,2LDK,55,12,140900,7000,2か月,"['近居割', '近居割WIDE']",随時,https://www.ur-net.go.jp/chintai/kanto/tokyo/20_6771_room.html?JKSS=005060908,<li>西武池袋線「ひばりヶ丘」駅 徒歩15～22分 またはバス3～4分 徒歩1～4分</li><li>西武新宿線「田無」駅バス11～15分 徒歩1～4分</li><li>JR中央線「武蔵境」駅バス27～33分 徒歩1～4分</li>
tokyo,hibarigaoka,ひばりが丘パークヒルズ,147900,,,,JR中央線「武蔵境」駅,28.0,37.0,西東京市ひばりが丘3-5、東久留米市ひばりが丘団地6ほか,5-6号棟,鉄筋コンクリート造,9,N,908号室,2LDK,55,12,140900,7000,2か月,"['近居割', '近居割WIDE']",随時,https://www.ur-net.go.jp/chintai/kanto/tokyo/20_6771_room.html?JKSS=005060908,<li>西武池袋線「ひばりヶ丘」駅 徒歩15～22分 またはバス3～4分 徒歩1～4分</li><li>西武新宿線「田無」駅バス11～15分 徒歩1～4分</li><li>JR中央線「武蔵境」駅バス27～33分 徒歩1～4分</li>
tokyo,hibarigaoka,ひばりが丘パークヒルズ,147900,,,,,,,西東京市ひばりが丘3-5、東久留米市ひばりが丘団地6ほか,5-6号棟,鉄筋コンクリート造,9,N,908号室,2LDK,55,12,140900,7000,2か月,"['近居割', '近居割WIDE']",随時,https://www.ur-net.go.jp/chintai/kanto/tokyo/20_6771_room.html?JKSS=005060908,<li>西武池袋線「ひばりヶ丘」駅 徒歩15～22分 またはバス3～4分 徒歩1～4分</li><li>西武新宿線「田無」駅バス11～15分 徒歩1～4分</li><li>JR中央線「武蔵境」駅バス27～33分 徒歩1～4分</li>
tokyo,kichijoji,新川・島屋敷通り,111450,,,,京王線「仙川」駅,9.0,11.0,三鷹市新川4-25ほか,4号棟,鉄筋コンクリート造,2,N,203号室,2DK,46,10,106100,5350,2か月,"['近居割', '近居割WIDE']",随時,https://www.ur-net.go.jp/chintai/kanto/tokyo/20_5360_room.html?JKSS=000040203,<li>京王線「仙川」駅バス7分 徒歩2～4分</li><li>JR中央線「三鷹」駅バス19分 徒歩2～4分</li><li>JR中央線「吉祥寺」駅バス18分 徒歩2～4分</li>
tokyo,kichijoji,新川・島屋敷通り,111450,,,,JR中央線「三鷹」駅,21.0,23.0,三鷹市新川4-25ほか,4号棟,鉄筋コンクリート造,2,N,203号室,2DK,46,10,106100,5350,2か月,"['近居割', '近居割WIDE']",随時,https://www.ur-net.go.jp/chintai/kanto/tokyo/20_5360_room.html?JKSS=000040203,<li>京王線「仙川」駅バス7分 徒歩2～4分</li><li>JR中央線「三鷹」駅バス19分 徒歩2～4分</li><li>JR中央線「吉祥寺」駅バス18分 徒歩2～4分</li>
tokyo,kichijoji,新川・島屋敷通り,111450,,,,JR中央線「吉祥寺」駅,20.0,22.0,三鷹市新川4-25ほか,4号棟,鉄筋コンクリート造,2,N,203号室,2DK,46,10,106100,5350,2か月,"['近居割', '近居割WIDE']",随時,https://www.ur-net.go.jp/chintai/kanto/tokyo/20_5360_room.html?JKSS=000040203,<li>京王線「仙川」駅バス7分 徒歩2～4分</li><li>JR中央線「三鷹」駅バス19分 徒歩2～4分</li><li>JR中央線「吉祥寺」駅バス18分 徒歩2～4分</li>
tokyo,kichijoji,新川・島屋敷通り,111450,,,,,,,三鷹市新川4-25ほか,4号棟,鉄筋コンクリート造,2,N,203号室,2DK,46,10,106100,5350,2か月,"['近居割', '近居割WIDE']",随時,https://www.ur-net.go.jp/chintai/kanto/tokyo/20_5360_room.html?JKSS=000040203,<li>京王線「仙川」駅バス7分 徒歩2～4分</li><li>JR中央線「三鷹」駅バス19分 徒歩2～4分</li><li>JR中央線「吉祥寺」駅バス18分 徒歩2～4分</li>
tokyo,kichijoji,新川・島屋敷通り,118650,,,,京王線「仙川」駅,9.0,11.0,三鷹市新川4-25ほか,12号棟,鉄筋コンクリート造,2,N,205号室,2DK,47,6,113300,5350,2か月,"['近居割', '近居割WIDE']",随時,https://www.ur-net.go.jp/chintai/kanto/tokyo/20_5360_room.html?JKSS=000120205,<li>京王線「仙川」駅バス7分 徒歩2～4分</li><li>JR中央線「三鷹」駅バス19分 徒歩2～4分</li><li>JR中央線「吉祥寺」駅バス18分 徒歩2～4分</li>
tokyo,kichijoji,新川・島屋敷通り,118650,,,,JR中央線「三鷹」駅,21.0,23.0,三鷹市新川4-25ほか,12号棟,鉄筋コンクリート造,2,N,205号室,2DK,47,6,113300,5350,2か月,"['近居割', '近居割WIDE']",随時,https://www.ur-net.go.jp/chintai/kanto/tokyo/20_5360_room.html?JKSS=000120205,<li>京王線「仙川」駅バス7分 徒歩2～4分</li><li>JR中央線「三鷹」駅バス19分 徒歩2～4分</li><li>JR中央線「吉祥寺」駅バス18分 徒歩2～4分</li>
tokyo,kichijoji,新川・島屋敷通り,118650,,,,JR中央線「吉祥寺」駅,20.0,22.0,三鷹市新川4-25ほか,12号棟,鉄筋コンクリート造,2,N,205号室,2DK,47,6,113300,5350,2か月,"['近居割', '近居割WIDE']",随時,https://www.ur-net.go.jp/chintai/kanto/tokyo/20_5360_room.html?JKSS=000120205,<li>京王線「仙川」駅バス7分 徒歩2～4分</li><li>JR中央線「三鷹」駅バス19分 徒歩2～4分</li><li>JR中央線「吉祥寺」駅バス18分 徒歩2～4分</li>
tokyo,kichijoji,新川・島屋敷通り,118650,,,,,,,三鷹市新川4-25ほか,12号棟,鉄筋コンクリート造,2,N,205号室,2DK,47,6,113300,5350,2か月,"['近居割', '近居割WIDE']",随時,https://www.ur-net.go.jp/chintai/kanto/tokyo/20_5360_room.html?JKSS=000120205,<li>京王線「仙川」駅バス7分 徒歩2～4分</li><li>JR中央線「三鷹」駅バス19分 徒歩2～4分</li><li>JR中央線「吉祥寺」駅バス18分 徒歩2～4分</li>
tokyo,kichijoji,新川・島屋敷通り,195150,,,,京王線「仙川」駅,9.0,11.0,三鷹市新川4-25ほか,18号棟,鉄筋コンクリート造,4,N,407号室,2LDK,83,11,189500,5650,2か月,"['近居割', '近居割WIDE']",随時,https://www.ur-net.go.jp/chintai/kanto/tokyo/20_5360_room.html?JKSS=000180407,<li>京王線「仙川」駅バス7分 徒歩2～4分</li><li>JR中央線「三鷹」駅バス19分 徒歩2～4分</li><li>JR中央線「吉祥寺」駅バス18分 徒歩2～4分</li>
tokyo,kichijoji,新川・島屋敷通り,195150,,,,JR中央線「三鷹」駅,21.0,23.0,三鷹市新川4-25ほか,18号棟,鉄筋コンクリート造,4,N,407号室,2LDK,83,11,189500,5650,2か月,"['近居割', '近居割WIDE']",随時,https://www.ur-net.go.jp/chintai/kanto/tokyo/20_5360_room.html?JKSS=000180407,<li>京王線「仙川」駅バス7分 徒歩2～4分</li><li>JR中央線「三鷹」駅バス19分 徒歩2～4分</li><li>JR中央線「吉祥寺」駅バス18分 徒歩2～4分</li>
tokyo,kichijoji,新川・島屋敷通り,195150,,,,JR中央線「吉祥寺」駅,20.0,22.0,三鷹市新川4-25ほか,18号棟,鉄筋コンクリート造,4,N,407号室,2LDK,83,11,189500,5650,2か月,"['近居割', '近居割WIDE']",随時,https://www.ur-net.go.jp/chintai/kanto/tokyo/20_5360_room.html?JKSS=000180407,<li>京王線「仙川」駅バス7分 徒歩2～4分</li><li>JR中央線「三鷹」駅バス19分 徒歩2～4分</li><li>JR中央線「吉祥寺」駅バス18分 徒歩2～4分</li>
tokyo,kichijoji,新川・島屋敷通り,195150,,,,,,,三鷹市新川4-25ほか,18号棟,鉄筋コンクリート造,4,N,407号室,2LDK,83,11,189500,5650,2か月,"['近居割', '近居割WIDE']",随時,https://www.ur-net.go.jp/chintai/kanto/tokyo/20_5360_room.html?JKSS=000180407,<li>京王線「仙川」駅バス7分 徒歩2～4分</li><li>JR中央線「三鷹」駅バス19分 徒歩2～4分</li><li>JR中央線「吉祥寺」駅バス18分 徒歩2～4分</li>
tokyo,kichijoji,三鷹台,135000,,,,JR中央線「三鷹」駅,16.0,21.0,三鷹市牟礼2-14,3号棟,鉄筋コンクリート造,3,N,302号室,2DK,50,8,128800,6200,2か月,"['近居割', '近居割WIDE']",随時,https://www.ur-net.go.jp/chintai/kanto/tokyo/20_6601_room.html?JKSS=000030302,<li>JR中央線「三鷹」駅バス12分 徒歩4～9分</li><li>JR中央線「吉祥寺」駅バス11分 徒歩2～8分</li><li>京王井の頭線「三鷹台」駅 徒歩14～18分</li>
tokyo,kichijoji,三鷹台,135000,,,,JR中央線「吉祥寺」駅,13.0,19.0,三鷹市牟礼2-14,3号棟,鉄筋コンクリート造,3,N,302号室,2DK,50,8,128800,6200,2か月,"['近居割', '近居割WIDE']",随時,https://www.ur-net.go.jp/chintai/kanto/tokyo/20_6601_room.html?JKSS=000030302,<li>JR中央線「三鷹」駅バス12分 徒歩4～9分</li><li>JR中央線「吉祥寺」駅バス11分 徒歩2～8分</li><li>京王井の頭線「三鷹台」駅 徒歩14～18分</li>
tokyo,kichijoji,三鷹台,135000,京王井の頭線「三鷹台」駅,14.0,18.0,,,,三鷹市牟礼2-14,3号棟,鉄筋コンクリート造,3,N,302号室,2DK,50,8,128800,6200,2か月,"['近居割', '近居割WIDE']",随時,https://www.ur-net.go.jp/chintai/kanto/tokyo/20_6601_room.html?JKSS=000030302,<li>JR中央線「三鷹」駅バス12分 徒歩4～9分</li><li>JR中央線「吉祥寺」駅バス11分 徒歩2～8分</li><li>京王井の頭線「三鷹台」駅 徒歩14～18分</li>
tokyo,kichijoji,三鷹台,135000,,,,,,,三鷹市牟礼2-14,3号棟,鉄筋コンクリート造,3,N,302号室,2DK,50,8,128800,6200,2か月,"['近居割', '近居割WIDE']",随時,https://www.ur-net.go.jp/chintai/kanto/tokyo/20_6601_room.html?JKSS=000030302,<li>JR中央線「三鷹」駅バス12分 徒歩4～9分</li><li>JR中央線「吉祥寺」駅バス11分 徒歩2～8分</li><li>京王井の頭線「三鷹台」駅 徒歩14～18分</li>
tokyo,tachikawa,昭島つつじが丘ハイツ,91100,JR青梅線「昭島」駅,9.0,11.0,,,,昭島市つつじが丘3-4ほか,8号棟,鉄骨鉄筋コンクリート造,14,N,1408号室,3DK,59,14,85400,5700,2か月,['近居割'],随時,https://www.ur-net.go.jp/chintai/kanto/tokyo/20_3380_room.html?JKSS=000081408,<li>JR青梅線「昭島」駅 徒歩9～11分</li><li>JR青梅線「中神」駅 徒歩13～15分</li><li>西武拝島線「西武立川」駅 徒歩25～28分</li>
tokyo,tachikawa,昭島つつじが丘ハイツ,91100,JR青梅線「中神」駅,13.0,15.0,,,,昭島市つつじが丘3-4ほか,8号棟,鉄骨鉄筋コンクリート造,14,N,1408号室,3DK,59,14,85400,5700,2か月,['近居割'],随時,https://www.ur-net.go.jp/chintai/kanto/tokyo/20_3380_room.html?JKSS=000081408,<li>JR青梅線「昭島」駅 徒歩9～11分</li><li>JR青梅線「中神」駅 徒歩13～15分</li><li>西武拝島線「西武立川」駅 徒歩25～28分</li>
tokyo,tachikawa,昭島つつじが丘ハイツ,91100,西武拝島線「西武立川」駅,25.0,28.0,,,,昭島市つつじが丘3-4ほか,8号棟,鉄骨鉄筋コンクリート造,14,N,1408号室,3DK,59,14,85400,5700,2か月,['近居割'],随時,https://www.ur-net.go.jp/chintai/kanto/tokyo/20_3380_room.html?JKSS=000081408,<li>JR青梅線「昭島」駅 徒歩9～11分</li><li>JR青梅線「中神」駅 徒歩13～15分</li><li>西武拝島線「西武立川」駅 徒歩25～28分</li>
tokyo,tachikawa,昭島つつじが丘ハイツ,91100,,,,,,,昭島市つつじが丘3-4ほか,8号棟,鉄骨鉄筋コンクリート造,14,N,1408号室,3DK,59,14,85400,5700,2か月,['近居割'],随時,https://www.ur-net.go.jp/chintai/kanto/tokyo/20_3380_room.html?JKSS=000081408,<li>JR青梅線「昭島」駅 徒歩9～11分</li><li>JR青梅線「中神」駅 徒歩13～15分</li><li>西武拝島線「西武立川」駅 徒歩25～28分</li>
tokyo,tachikawa,昭島つつじが丘ハイツ,91900,JR青梅線「昭島」駅,9.0,11.0,,,,昭島市つつじが丘3-4ほか,10号棟,鉄骨鉄筋コンクリート造,11,N,1106号室,3DK,59,14,86200,5700,2か月,['近居割'],随時,https://www.ur-net.go.jp/chintai/kanto/tokyo/20_3380_room.html?JKSS=000101106,<li>JR青梅線「昭島」駅 徒歩9～11分</li><li>JR青梅線「中神」駅 徒歩13～15分</li><li>西武拝島線「西武立川」駅 徒歩25～28分</li>
tokyo,tachikawa,昭島つつじが丘ハイツ,91900,JR青梅線「中神」駅,13.0,15.0,,,,昭島市つつじが丘3-4ほか,10号棟,鉄骨鉄筋コンクリート造,11,N,1106号室,3DK,59,14,86200,5700,2か月,['近居割'],随時,https://www.ur-net.go.jp/chintai/kanto/tokyo/20_3380_room.html?JKSS=000101106,<li>JR青梅線「昭島」駅 徒歩9～11分</li><li>JR青梅線「中神」駅 徒歩13～15分</li><li>西武拝島線「西武立川」駅 徒歩25～28分</li>
tokyo,tachikawa,昭島つつじが丘ハイツ,91900,西武拝島線「西武立川」駅,25.0,28.0,,,,昭島市つつじが丘3-4ほか,10号棟,鉄骨鉄筋コンクリート造,11,N,1106号室,3DK,59,14,86200,5700,2か月,['近居割'],随時,https://www.ur-net.go.jp/chintai/kanto/tokyo/20_3380_room.html?JKSS=000101106,<li>JR青梅線「昭島」駅 徒歩9～11分</li><li>JR青梅線「中神」駅 徒歩13～15分</li><li>西武拝島線「西武立川」駅 徒歩25～28分</li>
tokyo,tachikawa,昭島つつじが丘ハイツ,91900,,,,,,,昭島市つつじが丘3-4ほか,10号棟,鉄骨鉄筋コンクリート造,11,N,1106号室,3DK,59,14,86200,5700,2か月,['近居割'],随時,https://www.ur-net.go.jp/chintai/kanto/tokyo/20_3380_room.html?JKSS=000101106,<li>JR青梅線「昭島」駅 徒歩9～11分</li><li>JR青梅線「中神」駅 徒歩13～15分</li><li>西武拝島線「西武立川」駅 徒歩25～28分</li>
tokyo,tachikawa,昭島つつじが丘ハイツ,95800,JR青梅線「昭島」駅,9.0,11.0,,,,昭島市つつじが丘3-4ほか,8号棟,鉄骨鉄筋コンクリート造,2,N,206号室,3DK,59,14,90100,5700,2か月,['近居割'],随時,https://www.ur-net.go.jp/chintai/kanto/tokyo/20_3380_room.html?JKSS=000080206,<li>JR青梅線「昭島」駅 徒歩9～11分</li><li>JR青梅線「中神」駅 徒歩13～15分</li><li>西武拝島線「西武立川」駅 徒歩25～28分</li>
tokyo,tachikawa,昭島つつじが丘ハイツ,95800,JR青梅線「中神」駅,13.0,15.0,,,,昭島市つつじが丘3-4ほか,8号棟,鉄骨鉄筋コンクリート造,2,N,206号室,3DK,59,14,90100,5700,2か月,['近居割'],随時,https://www.ur-net.go.jp/chintai/kanto/tokyo/20_3380_room.html?JKSS=000080206,<li>JR青梅線「昭島」駅 徒歩9～11分</li><li>JR青梅線「中神」駅 徒歩13～15分</li><li>西武拝島線「西武立川」駅 徒歩25～28分</li>
tokyo,tachikawa,昭島つつじが丘ハイツ,95800,西武拝島線「西武立川」駅,25.0,28.0,,,,昭島市つつじが丘3-4ほか,8号棟,鉄骨鉄筋コンクリート造,2,N,206号室,3DK,59,14,90100,5700,2か月,['近居割'],随時,https://www.ur-net.go.jp/chintai/kanto/tokyo/20_3380_room.html?JKSS=000080206,<li>JR青梅線「昭島」駅 徒歩9～11分</li><li>JR青梅線「中神」駅 徒歩13～15分</li><li>西武拝島線「西武立川」駅 徒歩25～28分</li>
tokyo,tachikawa,昭島つつじが丘ハイツ,95800,,,,,,,昭島市つつじが丘3-4ほか,8号棟,鉄骨鉄筋コンクリート造,2,N,206号室,3DK,59,14,90100,5700,2か月,['近居割'],随時,https://www.ur-net.go.jp/chintai/kanto/tokyo/20_3380_room.html?JKSS=000080206,<li>JR青梅線「昭島」駅 徒歩9～11分</li><li>JR青梅線「中神」駅 徒歩13～15分</li><li>西武拝島線「西武立川」駅 徒歩25～28分</li>
tokyo,tachikawa,昭島つつじが丘ハイツ,102000,JR青梅線「昭島」駅,9.0,11.0,,,,昭島市つつじが丘3-4ほか,6号棟,鉄骨鉄筋コンクリート造,2,N,215号室,3DK,65,11,96300,5700,2か月,['近居割'],随時,https://www.ur-net.go.jp/chintai/kanto/tokyo/20_3380_room.html?JKSS=000060215,<li>JR青梅線「昭島」駅 徒歩9～11分</li><li>JR青梅線「中神」駅 徒歩13～15分</li><li>西武拝島線「西武立川」駅 徒歩25～28分</li>
tokyo,tachikawa,昭島つつじが丘ハイツ,102000,JR青梅線「中神」駅,13.0,15.0,,,,昭島市つつじが丘3-4ほか,6号棟,鉄骨鉄筋コンクリート造,2,N,215号室,3DK,65,11,96300,5700,2か月,['近居割'],随時,https://www.ur-net.go.jp/chintai/kanto/tokyo/20_3380_room.html?JKSS=000060215,<li>JR青梅線「昭島」駅 徒歩9～11分</li><li>JR青梅線「中神」駅 徒歩13～15分</li><li>西武拝島線「西武立川」駅 徒歩25～28分</li>
tokyo,tachikawa,昭島つつじが丘ハイツ,102000,西武拝島線「西武立川」駅,25.0,28.0,,,,昭島市つつじが丘3-4ほか,6号棟,鉄骨鉄筋コンクリート造,2,N,215号室,3DK,65,11,96300,5700,2か月,['近居割'],随時,https://www.ur-net.go.jp/chintai/kanto/tokyo/20_3380_room.html?JKSS=000060215,<li>JR青梅線「昭島」駅 徒歩9～11分</li><li>JR青梅線「中神」駅 徒歩13～15分</li><li>西武拝島線「西武立川」駅 徒歩25～28分</li>
tokyo,tachikawa,昭島つつじが丘ハイツ,102000,,,,,,,昭島市つつじが丘3-4ほか,6号棟,鉄骨鉄筋コンクリート造,2,N,215号室,3DK,65,11,96300,5700,2か月,['近居割'],随時,https://www.ur-net.go.jp/chintai/kanto/tokyo/20_3380_room.html?JKSS=000060215,<li>JR青梅線「昭島」駅 徒歩9～11分</li><li>JR青梅線「中神」駅 徒歩13～15分</li><li>西武拝島線「西武立川」駅 徒歩25～28分</li>
tokyo,tachikawa,コンフォール拝島,136900,JR青梅線ほか｢拝島｣駅,4.0,4.0,,,,昭島市松原町4-1-5,,鉄筋コンクリート造,5,N,507号室,3LDK,76,5,129700,7200,2か月,['近居割'],随時,https://www.ur-net.go.jp/chintai/kanto/tokyo/20_5520_room.html?JKSS=000000507,<li>JR青梅線ほか｢拝島｣駅 徒歩4分</li>
tokyo,tachikawa,コンフォール拝島,136900,,,,,,,昭島市松原町4-1-5,,鉄筋コンクリート造,5,N,507号室,3LDK,76,5,129700,7200,2か月,['近居割'],随時,https://www.ur-net.go.jp/chintai/kanto/tokyo/20_5520_room.html?JKSS=000000507,<li>JR青梅線ほか｢拝島｣駅 徒歩4分</li>
tokyo,kichijoji,グリーンタウン小金井,144300,JR中央線「武蔵小金井」駅,16.0,19.0,JR中央線「武蔵小金井」駅,10.0,12.0,小金井市緑町4-12-16ほか,12号棟,鉄筋コンクリート造,3,N,302号室,2DK,51,6,137900,6400,2か月,['近居割'],随時,https://www.ur-net.go.jp/chintai/kanto/tokyo/20_6270_room.html?JKSS=000120302,<li>JR中央線「武蔵小金井」駅 徒歩16～19分 またはバス5分 徒歩5～7分</li><li>西武新宿線「花小金井」駅バス8分 徒歩9～11分</li><li>JR中央線「東小金井」駅 徒歩18～20分 またはバス10分 徒歩1～3分</li>
tokyo,kichijoji,グリーンタウン小金井,144300,,,,西武新宿線「花小金井」駅,17.0,19.0,小金井市緑町4-12-16ほか,12号棟,鉄筋コンクリート造,3,N,302号室,2DK,51,6,137900,6400,2か月,['近居割'],随時,https://www.ur-net.go.jp/chintai/kanto/tokyo/20_6270_room.html?JKSS=000120302,<li>JR中央線「武蔵小金井」駅 徒歩16～19分 またはバス5分 徒歩5～7分</li><li>西武新宿線「花小金井」駅バス8分 徒歩9～11分</li><li>JR中央線「東小金井」駅 徒歩18～20分 またはバス10分 徒歩1～3分</li>
tokyo,kichijoji,グリーンタウン小金井,144300,JR中央線「東小金井」駅,18.0,20.0,JR中央線「東小金井」駅,11.0,13.0,小金井市緑町4-12-16ほか,12号棟,鉄筋コンクリート造,3,N,302号室,2DK,51,6,137900,6400,2か月,['近居割'],随時,https://www.ur-net.go.jp/chintai/kanto/tokyo/20_6270_room.html?JKSS=000120302,<li>JR中央線「武蔵小金井」駅 徒歩16～19分 またはバス5分 徒歩5～7分</li><li>西武新宿線「花小金井」駅バス8分 徒歩9～11分</li><li>JR中央線「東小金井」駅 徒歩18～20分 またはバス10分 徒歩1～3分</li>
tokyo,kichijoji,グリーンタウン小金井,144300,,,,,,,小金井市緑町4-12-16ほか,12号棟,鉄筋コンクリート造,3,N,302号室,2DK,51,6,137900,6400,2か月,['近居割'],随時,https://www.ur-net.go.jp/chintai/kanto/tokyo/20_6270_room.html?JKSS=000120302,<li>JR中央線「武蔵小金井」駅 徒歩16～19分 またはバス5分 徒歩5～7分</li><li>西武新宿線「花小金井」駅バス8分 徒歩9～11分</li><li>JR中央線「東小金井」駅 徒歩18～20分 またはバス10分 徒歩1～3分</li>
tokyo,kichijoji,グリーンタウン小金井,166400,JR中央線「武蔵小金井」駅,16.0,19.0,JR中央線「武蔵小金井」駅,10.0,12.0,小金井市緑町4-12-16ほか,4号棟,鉄筋コンクリート造,5,N,504号室,3DK,63,6,160000,6400,2か月,['近居割'],随時,https://www.ur-net.go.jp/chintai/kanto/tokyo/20_6270_room.html?JKSS=000040504,<li>JR中央線「武蔵小金井」駅 徒歩16～19分 またはバス5分 徒歩5～7分</li><li>西武新宿線「花小金井」駅バス8分 徒歩9～11分</li><li>JR中央線「東小金井」駅 徒歩18～20分 またはバス10分 徒歩1～3分</li>
tokyo,kichijoji,グリーンタウン小金井,166400,,,,西武新宿線「花小金井」駅,17.0,19.0,小金井市緑町4-12-16ほか,4号棟,鉄筋コンクリート造,5,N,504号室,3DK,63,6,160000,6400,2か月,['近居割'],随時,https://www.ur-net.go.jp/chintai/kanto/tokyo/20_6270_room.html?JKSS=000040504,<li>JR中央線「武蔵小金井」駅 徒歩16～19分 またはバス5分 徒歩5～7分</li><li>西武新宿線「花小金井」駅バス8分 徒歩9～11分</li><li>JR中央線「東小金井」駅 徒歩18～20分 またはバス10分 徒歩1～3分</li>
tokyo,kichijoji,グリーンタウン小金井,166400,JR中央線「東小金井」駅,18.0,20.0,JR中央線「東小金井」駅,11.0,13.0,小金井市緑町4-12-16ほか,4号棟,鉄筋コンクリート造,5,N,504号室,3DK,63,6,160000,6400,2か月,['近居割'],随時,https://www.ur-net.go.jp/chintai/kanto/tokyo/20_6270_room.html?JKSS=000040504,<li>JR中央線「武蔵小金井」駅 徒歩16～19分 またはバス5分 徒歩5～7分</li><li>西武新宿線「花小金井」駅バス8分 徒歩9～11分</li><li>JR中央線「東小金井」駅 徒歩18～20分 またはバス10分 徒歩1～3分</li>
tokyo,kichijoji,グリーンタウン小金井,166400,,,,,,,小金井市緑町4-12-16ほか,4号棟,鉄筋コンクリート造,5,N,504号室,3DK,63,6,160000,6400,2か月,['近居割'],随時,https://www.ur-net.go.jp/chintai/kanto/tokyo/20_6270_room.html?JKSS=000040504,<li>JR中央線「武蔵小金井」駅 徒歩16～19分 またはバス5分 徒歩5～7分</li><li>西武新宿線「花小金井」駅バス8分 徒歩9～11分</li><li>JR中央線「東小金井」駅 徒歩18～20分 またはバス10分 徒歩1～3分</li>
tokyo,kumegawa,小平,72470,西武多摩湖線「一橋学園」駅,11.0,19.0,,,,小平市喜平町3,1-12号棟,鉄筋コンクリート造,1,N,108号室,3K,45,5,69700,2770,2か月,['近居割'],随時,https://www.ur-net.go.jp/chintai/kanto/tokyo/20_1290_room.html?JKSS=000112108,<li>西武多摩湖線「一橋学園」駅 徒歩11～19分</li><li>JR中央線「国分寺」駅バス13分 徒歩1～7分</li><li>西武新宿線「小平」駅バス6分 徒歩1～10分</li><li>JR中央線「武蔵小金井」駅バス15分 徒歩1～7分</li>
tokyo,kumegawa,小平,72470,,,,JR中央線「国分寺」駅,14.0,20.0,小平市喜平町3,1-12号棟,鉄筋コンクリート造,1,N,108号室,3K,45,5,69700,2770,2か月,['近居割'],随時,https://www.ur-net.go.jp/chintai/kanto/tokyo/20_1290_room.html?JKSS=000112108,<li>西武多摩湖線「一橋学園」駅 徒歩11～19分</li><li>JR中央線「国分寺」駅バス13分 徒歩1～7分</li><li>西武新宿線「小平」駅バス6分 徒歩1～10分</li><li>JR中央線「武蔵小金井」駅バス15分 徒歩1～7分</li>
tokyo,kumegawa,小平,72470,,,,西武新宿線「小平」駅,7.0,16.0,小平市喜平町3,1-12号棟,鉄筋コンクリート造,1,N,108号室,3K,45,5,69700,2770,2か月,['近居割'],随時,https://www.ur-net.go.jp/chintai/kanto/tokyo/20_1290_room.html?JKSS=000112108,<li>西武多摩湖線「一橋学園」駅 徒歩11～19分</li><li>JR中央線「国分寺」駅バス13分 徒歩1～7分</li><li>西武新宿線「小平」駅バス6分 徒歩1～10分</li><li>JR中央線「武蔵小金井」駅バス15分 徒歩1～7分</li>
tokyo,kumegawa,小平,72470,,,,JR中央線「武蔵小金井」駅,16.0,22.0,小平市喜平町3,1-12号棟,鉄筋コンクリート造,1,N,108号室,3K,45,5,69700,2770,2か月,['近居割'],随時,https://www.ur-net.go.jp/chintai/kanto/tokyo/20_1290_room.html?JKSS=000112108,<li>西武多摩湖線「一橋学園」駅 徒歩11～19分</li><li>JR中央線「国分寺」駅バス13分 徒歩1～7分</li><li>西武新宿線「小平」駅バス6分 徒歩1～10分</li><li>JR中央線「武蔵小金井」駅バス15分 徒歩1～7分</li>
tokyo,kumegawa,小平,72470,,,,,,,小平市喜平町3,1-12号棟,鉄筋コンクリート造,1,N,108号室,3K,45,5,69700,2770,2か月,['近居割'],随時,https://www.ur-net.go.jp/chintai/kanto/tokyo/20_1290_room.html?JKSS=000112108,<li>西武多摩湖線「一橋学園」駅 徒歩11～19分</li><li>JR中央線「国分寺」駅バス13分 徒歩1～7分</li><li>西武新宿線「小平」駅バス6分 徒歩1～10分</li><li>JR中央線「武蔵小金井」駅バス15分 徒歩1～7分</li>
tokyo,kumegawa,小平,74070,西武多摩湖線「一橋学園」駅,11.0,19.0,,,,小平市喜平町3,1-4号棟,鉄筋コンクリート造,5,N,508号室,3DK,50,5,71300,2770,2か月,['近居割'],随時,https://www.ur-net.go.jp/chintai/kanto/tokyo/20_1290_room.html?JKSS=000104508,<li>西武多摩湖線「一橋学園」駅 徒歩11～19分</li><li>JR中央線「国分寺」駅バス13分 徒歩1～7分</li><li>西武新宿線「小平」駅バス6分 徒歩1～10分</li><li>JR中央線「武蔵小金井」駅バス15分 徒歩1～7分</li>
tokyo,kumegawa,小平,74070,,,,JR中央線「国分寺」駅,14.0,20.0,小平市喜平町3,1-4号棟,鉄筋コンクリート造,5,N,508号室,3DK,50,5,71300,2770,2か月,['近居割'],随時,https://www.ur-net.go.jp/chintai/kanto/tokyo/20_1290_room.html?JKSS=000104508,<li>西武多摩湖線「一橋学園」駅 徒歩11～19分</li><li>JR中央線「国分寺」駅バス13分 徒歩1～7分</li><li>西武新宿線「小平」駅バス6分 徒歩1～10分</li><li>JR中央線「武蔵小金井」駅バス15分 徒歩1～7分</li>
tokyo,kumegawa,小平,74070,,,,西武新宿線「小平」駅,7.0,16.0,小平市喜平町3,1-4号棟,鉄筋コンクリート造,5,N,508号室,3DK,50,5,71300,2770,2か月,['近居割'],随時,https://www.ur-net.go.jp/chintai/kanto/tokyo/20_1290_room.html?JKSS=000104508,<li>西武多摩湖線「一橋学園」駅 徒歩11～19分</li><li>JR中央線「国分寺」駅バス13分 徒歩1～7分</li><li>西武新宿線「小平」駅バス6分 徒歩1～10分</li><li>JR中央線「武蔵小金井」駅バス15分 徒歩1～7分</li>
tokyo,kumegawa,小平,74070,,,,JR中央線「武蔵小金井」駅,16.0,22.0,小平市喜平町3,1-4号棟,鉄筋コンクリート造,5,N,508号室,3DK,50,5,71300,2770,2か月,['近居割'],随時,https://www.ur-net.go.jp/chintai/kanto/tokyo/20_1290_room.html?JKSS=000104508,<li>西武多摩湖線「一橋学園」駅 徒歩11～19分</li><li>JR中央線「国分寺」駅バス13分 徒歩1～7分</li><li>西武新宿線「小平」駅バス6分 徒歩1～10分</li><li>JR中央線「武蔵小金井」駅バス15分 徒歩1～7分</li>
tokyo,kumegawa,小平,74070,,,,,,,小平市喜平町3,1-4号棟,鉄筋コンクリート造,5,N,508号室,3DK,50,5,71300,2770,2か月,['近居割'],随時,https://www.ur-net.go.jp/chintai/kanto/tokyo/20_1290_room.html?JKSS=000104508,<li>西武多摩湖線「一橋学園」駅 徒歩11～19分</li><li>JR中央線「国分寺」駅バス13分 徒歩1～7分</li><li>西武新宿線「小平」駅バス6分 徒歩1～10分</li><li>JR中央線「武蔵小金井」駅バス15分 徒歩1～7分</li>
tokyo,kumegawa,小平,76970,西武多摩湖線「一橋学園」駅,11.0,19.0,,,,小平市喜平町3,2-6号棟,鉄筋コンクリート造,4,N,410号室,3DK,50,5,74200,2770,2か月,['近居割'],随時,https://www.ur-net.go.jp/chintai/kanto/tokyo/20_1290_room.html?JKSS=000206410,<li>西武多摩湖線「一橋学園」駅 徒歩11～19分</li><li>JR中央線「国分寺」駅バス13分 徒歩1～7分</li><li>西武新宿線「小平」駅バス6分 徒歩1～10分</li><li>JR中央線「武蔵小金井」駅バス15分 徒歩1～7分</li>
tokyo,kumegawa,小平,76970,,,,JR中央線「国分寺」駅,14.0,20.0,小平市喜平町3,2-6号棟,鉄筋コンクリート造,4,N,410号室,3DK,50,5,74200,2770,2か月,['近居割'],随時,https://www.ur-net.go.jp/chintai/kanto/tokyo/20_1290_room.html?JKSS=000206410,<li>西武多摩湖線「一橋学園」駅 徒歩11～19分</li><li>JR中央線「国分寺」駅バス13分 徒歩1～7分</li><li>西武新宿線「小平」駅バス6分 徒歩1～10分</li><li>JR中央線「武蔵小金井」駅バス15分 徒歩1～7分</li>
tokyo,kumegawa,小平,76970,,,,西武新宿線「小平」駅,7.0,16.0,小平市喜平町3,2-6号棟,鉄筋コンクリート造,4,N,410号室,3DK,50,5,74200,2770,2か月,['近居割'],随時,https://www.ur-net.go.jp/chintai/kanto/tokyo/20_1290_room.html?JKSS=000206410,<li>西武多摩湖線「一橋学園」駅 徒歩11～19分</li><li>JR中央線「国分寺」駅バス13分 徒歩1～7分</li><li>西武新宿線「小平」駅バス6分 徒歩1～10分</li><li>JR中央線「武蔵小金井」駅バス15分 徒歩1～7分</li>
tokyo,kumegawa,小平,76970,,,,JR中央線「武蔵小金井」駅,16.0,22.0,小平市喜平町3,2-6号棟,鉄筋コンクリート造,4,N,410号室,3DK,50,5,74200,2770,2か月,['近居割'],随時,https://www.ur-net.go.jp/chintai/kanto/tokyo/20_1290_room.html?JKSS=000206410,<li>西武多摩湖線「一橋学園」駅 徒歩11～19分</li><li>JR中央線「国分寺」駅バス13分 徒歩1～7分</li><li>西武新宿線「小平」駅バス6分 徒歩1～10分</li><li>JR中央線「武蔵小金井」駅バス15分 徒歩1～7分</li>
tokyo,kumegawa,小平,76970,,,,,,,小平市喜平町3,2-6号棟,鉄筋コンクリート造,4,N,410号室,3DK,50,5,74200,2770,2か月,['近居割'],随時,https://www.ur-net.go.jp/chintai/kanto/tokyo/20_1290_room.html?JKSS=000206410,<li>西武多摩湖線「一橋学園」駅 徒歩11～19分</li><li>JR中央線「国分寺」駅バス13分 徒歩1～7分</li><li>西武新宿線「小平」駅バス6分 徒歩1～10分</li><li>JR中央線「武蔵小金井」駅バス15分 徒歩1～7分</li>
tokyo,kumegawa,小平,96270,西武多摩湖線「一橋学園」駅,11.0,19.0,,,,小平市喜平町3,1-14号棟,鉄筋コンクリート造,3,N,304号室,4K,61,5,93500,2770,2か月,['近居割'],随時,https://www.ur-net.go.jp/chintai/kanto/tokyo/20_1290_room.html?JKSS=000114304,<li>西武多摩湖線「一橋学園」駅 徒歩11～19分</li><li>JR中央線「国分寺」駅バス13分 徒歩1～7分</li><li>西武新宿線「小平」駅バス6分 徒歩1～10分</li><li>JR中央線「武蔵小金井」駅バス15分 徒歩1～7分</li>
tokyo,kumegawa,小平,96270,,,,JR中央線「国分寺」駅,14.0,20.0,小平市喜平町3,1-14号棟,鉄筋コンクリート造,3,N,304号室,4K,61,5,93500,2770,2か月,['近居割'],随時,https://www.ur-net.go.jp/chintai/kanto/tokyo/20_1290_room.html?JKSS=000114304,<li>西武多摩湖線「一橋学園」駅 徒歩11～19分</li><li>JR中央線「国分寺」駅バス13分 徒歩1～7分</li><li>西武新宿線「小平」駅バス6分 徒歩1～10分</li><li>JR中央線「武蔵小金井」駅バス15分 徒歩1～7分</li>
tokyo,kumegawa,小平,96270,,,,西武新宿線「小平」駅,7.0,16.0,小平市喜平町3,1-14号棟,鉄筋コンクリート造,3,N,304号室,4K,61,5,93500,2770,2か月,['近居割'],随時,https://www.ur-net.go.jp/chintai/kanto/tokyo/20_1290_room.html?JKSS=000114304,<li>西武多摩湖線「一橋学園」駅 徒歩11～19分</li><li>JR中央線「国分寺」駅バス13分 徒歩1～7分</li><li>西武新宿線「小平」駅バス6分 徒歩1～10分</li><li>JR中央線「武蔵小金井」駅バス15分 徒歩1～7分</li>
tokyo,kumegawa,小平,96270,,,,JR中央線「武蔵小金井」駅,16.0,22.0,小平市喜平町3,1-14号棟,鉄筋コンクリート造,3,N,304号室,4K,61,5,93500,2770,2か月,['近居割'],随時,https://www.ur-net.go.jp/chintai/kanto/tokyo/20_1290_room.html?JKSS=000114304,<li>西武多摩湖線「一橋学園」駅 徒歩11～19分</li><li>JR中央線「国分寺」駅バス13分 徒歩1～7分</li><li>西武新宿線「小平」駅バス6分 徒歩1～10分</li><li>JR中央線「武蔵小金井」駅バス15分 徒歩1～7分</li>
tokyo,kumegawa,小平,96270,,,,,,,小平市喜平町3,1-14号棟,鉄筋コンクリート造,3,N,304号室,4K,61,5,93500,2770,2か月,['近居割'],随時,https://www.ur-net.go.jp/chintai/kanto/tokyo/20_1290_room.html?JKSS=000114304,<li>西武多摩湖線「一橋学園」駅 徒歩11～19分</li><li>JR中央線「国分寺」駅バス13分 徒歩1～7分</li><li>西武新宿線「小平」駅バス6分 徒歩1～10分</li><li>JR中央線「武蔵小金井」駅バス15分 徒歩1～7分</li>
tokyo,nagayama,百草,71750,京王線「高幡不動」駅,19.0,32.0,京王線「高幡不動」駅,8.0,16.0,多摩市和田1261、日野市百草999,1-3-4号棟,鉄筋コンクリート造,3,N,314号室,3DK,55,5,67000,4750,2か月,"['近居割', '近居割WIDE']",随時,https://www.ur-net.go.jp/chintai/kanto/tokyo/20_1870_room.html?JKSS=103040314,<li>京王線「高幡不動」駅 徒歩19～32分 またはバス7～8分 徒歩1～8分</li><li>京王線「聖蹟桜ヶ丘」駅バス14～15分 徒歩1～8分</li><li>京王相模原線「京王多摩センター」駅バス9分 徒歩2～13分</li>
tokyo,nagayama,百草,71750,,,,京王線「聖蹟桜ヶ丘」駅,15.0,23.0,多摩市和田1261、日野市百草999,1-3-4号棟,鉄筋コンクリート造,3,N,314号室,3DK,55,5,67000,4750,2か月,"['近居割', '近居割WIDE']",随時,https://www.ur-net.go.jp/chintai/kanto/tokyo/20_1870_room.html?JKSS=103040314,<li>京王線「高幡不動」駅 徒歩19～32分 またはバス7～8分 徒歩1～8分</li><li>京王線「聖蹟桜ヶ丘」駅バス14～15分 徒歩1～8分</li><li>京王相模原線「京王多摩センター」駅バス9分 徒歩2～13分</li>
tokyo,nagayama,百草,71750,,,,京王相模原線「京王多摩センター」駅,11.0,22.0,多摩市和田1261、日野市百草999,1-3-4号棟,鉄筋コンクリート造,3,N,314号室,3DK,55,5,67000,4750,2か月,"['近居割', '近居割WIDE']",随時,https://www.ur-net.go.jp/chintai/kanto/tokyo/20_1870_room.html?JKSS=103040314,<li>京王線「高幡不動」駅 徒歩19～32分 またはバス7～8分 徒歩1～8分</li><li>京王線「聖蹟桜ヶ丘」駅バス14～15分 徒歩1～8分</li><li>京王相模原線「京王多摩センター」駅バス9分 徒歩2～13分</li>
tokyo,nagayama,百草,71750,,,,,,,多摩市和田1261、日野市百草999,1-3-4号棟,鉄筋コンクリート造,3,N,314号室,3DK,55,5,67000,4750,2か月,"['近居割', '近居割WIDE']",随時,https://www.ur-net.go.jp/chintai/kanto/tokyo/20_1870_room.html?JKSS=103040314,<li>京王線「高幡不動」駅 徒歩19～32分 またはバス7～8分 徒歩1～8分</li><li>京王線「聖蹟桜ヶ丘」駅バス14～15分 徒歩1～8分</li><li>京王相模原線「京王多摩センター」駅バス9分 徒歩2～13分</li>
tokyo,nagayama,百草,75250,京王線「高幡不動」駅,19.0,32.0,京王線「高幡不動」駅,8.0,16.0,多摩市和田1261、日野市百草999,1-3-4号棟,鉄筋コンクリート造,2,N,211号室,3DK,55,5,70500,4750,2か月,['健康寿命サポート'],随時,https://www.ur-net.go.jp/chintai/kanto/tokyo/20_1870_room.html?JKSS=103040211,<li>京王線「高幡不動」駅 徒歩19～32分 またはバス7～8分 徒歩1～8分</li><li>京王線「聖蹟桜ヶ丘」駅バス14～15分 徒歩1～8分</li><li>京王相模原線「京王多摩センター」駅バス9分 徒歩2～13分</li>
tokyo,nagayama,百草,75250,,,,京王線「聖蹟桜ヶ丘」駅,15.0,23.0,多摩市和田1261、日野市百草999,1-3-4号棟,鉄筋コンクリート造,2,N,211号室,3DK,55,5,70500,4750,2か月,['健康寿命サポート'],随時,https://www.ur-net.go.jp/chintai/kanto/tokyo/20_1870_room.html?JKSS=103040211,<li>京王線「高幡不動」駅 徒歩19～32分 またはバス7～8分 徒歩1～8分</li><li>京王線「聖蹟桜ヶ丘」駅バス14～15分 徒歩1～8分</li><li>京王相模原線「京王多摩センター」駅バス9分 徒歩2～13分</li>
tokyo,nagayama,百草,75250,,,,京王相模原線「京王多摩センター」駅,11.0,22.0,多摩市和田1261、日野市百草999,1-3-4号棟,鉄筋コンクリート造,2,N,211号室,3DK,55,5,70500,4750,2か月,['健康寿命サポート'],随時,https://www.ur-net.go.jp/chintai/kanto/tokyo/20_1870_room.html?JKSS=103040211,<li>京王線「高幡不動」駅 徒歩19～32分 またはバス7～8分 徒歩1～8分</li><li>京王線「聖蹟桜ヶ丘」駅バス14～15分 徒歩1～8分</li><li>京王相模原線「京王多摩センター」駅バス9分 徒歩2～13分</li>
tokyo,nagayama,百草,75250,,,,,,,多摩市和田1261、日野市百草999,1-3-4号棟,鉄筋コンクリート造,2,N,211号室,3DK,55,5,70500,4750,2か月,['健康寿命サポート'],随時,https://www.ur-net.go.jp/chintai/kanto/tokyo/20_1870_room.html?JKSS=103040211,<li>京王線「高幡不動」駅 徒歩19～32分 またはバス7～8分 徒歩1～8分</li><li>京王線「聖蹟桜ヶ丘」駅バス14～15分 徒歩1～8分</li><li>京王相模原線「京王多摩センター」駅バス9分 徒歩2～13分</li>
tokyo,hachioji,シティハイツ日野旭が丘,96600,JR中央線「豊田」駅,20.0,24.0,JR中央線「豊田」駅,8.0,13.0,日野市旭が丘4-7-5,3号棟,鉄筋コンクリート造、鉄骨鉄筋コンクリート造,5,N,514号室,2DK,51,6,93900,2700,2か月,"['近居割', '近居割WIDE']",随時,https://www.ur-net.go.jp/chintai/kanto/tokyo/20_4360_room.html?JKSS=000030514,<li>JR中央線「豊田」駅 徒歩20～24分 またはバス7分 徒歩1～6分</li><li>京王線「長沼」駅 徒歩26～28分</li><li>JR八高線「北八王子」駅 徒歩23～25分</li>
tokyo,hachioji,シティハイツ日野旭が丘,96600,京王線「長沼」駅,26.0,28.0,,,,日野市旭が丘4-7-5,3号棟,鉄筋コンクリート造、鉄骨鉄筋コンクリート造,5,N,514号室,2DK,51,6,93900,2700,2か月,"['近居割', '近居割WIDE']",随時,https://www.ur-net.go.jp/chintai/kanto/tokyo/20_4360_room.html?JKSS=000030514,<li>JR中央線「豊田」駅 徒歩20～24分 またはバス7分 徒歩1～6分</li><li>京王線「長沼」駅 徒歩26～28分</li><li>JR八高線「北八王子」駅 徒歩23～25分</li>
tokyo,hachioji,シティハイツ日野旭が丘,96600,JR八高線「北八王子」駅,23.0,25.0,,,,日野市旭が丘4-7-5,3号棟,鉄筋コンクリート造、鉄骨鉄筋コンクリート造,5,N,514号室,2DK,51,6,93900,2700,2か月,"['近居割', '近居割WIDE']",随時,https://www.ur-net.go.jp/chintai/kanto/tokyo/20_4360_room.html?JKSS=000030514,<li>JR中央線「豊田」駅 徒歩20～24分 またはバス7分 徒歩1～6分</li><li>京王線「長沼」駅 徒歩26～28分</li><li>JR八高線「北八王子」駅 徒歩23～25分</li>
tokyo,hachioji,シティハイツ日野旭が丘,96600,,,,,,,日野市旭が丘4-7-5,3号棟,鉄筋コンクリート造、鉄骨鉄筋コンクリート造,5,N,514号室,2DK,51,6,93900,2700,2か月,"['近居割', '近居割WIDE']",随時,https://www.ur-net.go.jp/chintai/kanto/tokyo/20_4360_room.html?JKSS=000030514,<li>JR中央線「豊田」駅 徒歩20～24分 またはバス7分 徒歩1～6分</li><li>京王線「長沼」駅 徒歩26～28分</li><li>JR八高線「北八王子」駅 徒歩23～25分</li>
tokyo,hachioji,シティハイツ日野旭が丘,112400,JR中央線「豊田」駅,20.0,24.0,JR中央線「豊田」駅,8.0,13.0,日野市旭が丘4-7-5,6号棟,鉄筋コンクリート造、鉄骨鉄筋コンクリート造,12,N,1201号室,2DK,57,12,109700,2700,2か月,"['近居割', '近居割WIDE']",随時,https://www.ur-net.go.jp/chintai/kanto/tokyo/20_4360_room.html?JKSS=000061201,<li>JR中央線「豊田」駅 徒歩20～24分 またはバス7分 徒歩1～6分</li><li>京王線「長沼」駅 徒歩26～28分</li><li>JR八高線「北八王子」駅 徒歩23～25分</li>
tokyo,hachioji,シティハイツ日野旭が丘,112400,京王線「長沼」駅,26.0,28.0,,,,日野市旭が丘4-7-5,6号棟,鉄筋コンクリート造、鉄骨鉄筋コンクリート造,12,N,1201号室,2DK,57,12,109700,2700,2か月,"['近居割', '近居割WIDE']",随時,https://www.ur-net.go.jp/chintai/kanto/tokyo/20_4360_room.html?JKSS=000061201,<li>JR中央線「豊田」駅 徒歩20～24分 またはバス7分 徒歩1～6分</li><li>京王線「長沼」駅 徒歩26～28分</li><li>JR八高線「北八王子」駅 徒歩23～25分</li>
tokyo,hachioji,シティハイツ日野旭が丘,112400,JR八高線「北八王子」駅,23.0,25.0,,,,日野市旭が丘4-7-5,6号棟,鉄筋コンクリート造、鉄骨鉄筋コンクリート造,12,N,1201号室,2DK,57,12,109700,2700,2か月,"['近居割', '近居割WIDE']",随時,https://www.ur-net.go.jp/chintai/kanto/tokyo/20_4360_room.html?JKSS=000061201,<li>JR中央線「豊田」駅 徒歩20～24分 またはバス7分 徒歩1～6分</li><li>京王線「長沼」駅 徒歩26～28分</li><li>JR八高線「北八王子」駅 徒歩23～25分</li>
tokyo,hachioji,シティハイツ日野旭が丘,112400,,,,,,,日野市旭が丘4-7-5,6号棟,鉄筋コンクリート造、鉄骨鉄筋コンクリート造,12,N,1201号室,2DK,57,12,109700,2700,2か月,"['近居割', '近居割WIDE']",随時,https://www.ur-net.go.jp/chintai/kanto/tokyo/20_4360_room.html?JKSS=000061201,<li>JR中央線「豊田」駅 徒歩20～24分 またはバス7分 徒歩1～6分</li><li>京王線「長沼」駅 徒歩26～28分</li><li>JR八高線「北八王子」駅 徒歩23～25分</li>
tokyo,hachioji,多摩平の森,134600,JR中央線「豊田」駅,7.0,15.0,,,,日野市多摩平4-6ほか,2-6号棟,鉄筋コンクリート造,3,N,305号室,2LDK,60,11,130600,4000,2か月,"['近居割', '近居割WIDE']",随時,https://www.ur-net.go.jp/chintai/kanto/tokyo/20_6510_room.html?JKSS=002060305,<li>JR中央線「豊田」駅 徒歩7～15分</li><li>JR中央線「日野」駅 徒歩24～33分</li><li>京王線「南平」駅 徒歩25～32分</li>
tokyo,hachioji,多摩平の森,134600,JR中央線「日野」駅,24.0,33.0,,,,日野市多摩平4-6ほか,2-6号棟,鉄筋コンクリート造,3,N,305号室,2LDK,60,11,130600,4000,2か月,"['近居割', '近居割WIDE']",随時,https://www.ur-net.go.jp/chintai/kanto/tokyo/20_6510_room.html?JKSS=002060305,<li>JR中央線「豊田」駅 徒歩7～15分</li><li>JR中央線「日野」駅 徒歩24～33分</li><li>京王線「南平」駅 徒歩25～32分</li>
tokyo,hachioji,多摩平の森,134600,京王線「南平」駅,25.0,32.0,,,,日野市多摩平4-6ほか,2-6号棟,鉄筋コンクリート造,3,N,305号室,2LDK,60,11,130600,4000,2か月,"['近居割', '近居割WIDE']",随時,https://www.ur-net.go.jp/chintai/kanto/tokyo/20_6510_room.html?JKSS=002060305,<li>JR中央線「豊田」駅 徒歩7～15分</li><li>JR中央線「日野」駅 徒歩24～33分</li><li>京王線「南平」駅 徒歩25～32分</li>
tokyo,hachioji,多摩平の森,134600,,,,,,,日野市多摩平4-6ほか,2-6号棟,鉄筋コンクリート造,3,N,305号室,2LDK,60,11,130600,4000,2か月,"['近居割', '近居割WIDE']",随時,https://www.ur-net.go.jp/chintai/kanto/tokyo/20_6510_room.html?JKSS=002060305,<li>JR中央線「豊田」駅 徒歩7～15分</li><li>JR中央線「日野」駅 徒歩24～33分</li><li>京王線「南平」駅 徒歩25～32分</li>
tokyo,hachioji,多摩平の森,139800,JR中央線「豊田」駅,7.0,15.0,,,,日野市多摩平4-6ほか,2-4号棟,鉄筋コンクリート造,4,N,405号室,1LDK,59,6,135800,4000,2か月,"['近居割', '近居割WIDE']",随時,https://www.ur-net.go.jp/chintai/kanto/tokyo/20_6510_room.html?JKSS=002040405,<li>JR中央線「豊田」駅 徒歩7～15分</li><li>JR中央線「日野」駅 徒歩24～33分</li><li>京王線「南平」駅 徒歩25～32分</li>
tokyo,hachioji,多摩平の森,139800,JR中央線「日野」駅,24.0,33.0,,,,日野市多摩平4-6ほか,2-4号棟,鉄筋コンクリート造,4,N,405号室,1LDK,59,6,135800,4000,2か月,"['近居割', '近居割WIDE']",随時,https://www.ur-net.go.jp/chintai/kanto/tokyo/20_6510_room.html?JKSS=002040405,<li>JR中央線「豊田」駅 徒歩7～15分</li><li>JR中央線「日野」駅 徒歩24～33分</li><li>京王線「南平」駅 徒歩25～32分</li>
tokyo,hachioji,多摩平の森,139800,京王線「南平」駅,25.0,32.0,,,,日野市多摩平4-6ほか,2-4号棟,鉄筋コンクリート造,4,N,405号室,1LDK,59,6,135800,4000,2か月,"['近居割', '近居割WIDE']",随時,https://www.ur-net.go.jp/chintai/kanto/tokyo/20_6510_room.html?JKSS=002040405,<li>JR中央線「豊田」駅 徒歩7～15分</li><li>JR中央線「日野」駅 徒歩24～33分</li><li>京王線「南平」駅 徒歩25～32分</li>
tokyo,hachioji,多摩平の森,139800,,,,,,,日野市多摩平4-6ほか,2-4号棟,鉄筋コンクリート造,4,N,405号室,1LDK,59,6,135800,4000,2か月,"['近居割', '近居割WIDE']",随時,https://www.ur-net.go.jp/chintai/kanto/tokyo/20_6510_room.html?JKSS=002040405,<li>JR中央線「豊田」駅 徒歩7～15分</li><li>JR中央線「日野」駅 徒歩24～33分</li><li>京王線「南平」駅 徒歩25～32分</li>
tokyo,hachioji,多摩平の森,160100,JR中央線「豊田」駅,7.0,15.0,,,,日野市多摩平4-6ほか,2-10号棟,鉄筋コンクリート造,1,N,104号室,3LDK,80,6,156100,4000,2か月,"['近居割', '近居割WIDE']",随時,https://www.ur-net.go.jp/chintai/kanto/tokyo/20_6510_room.html?JKSS=002100104,<li>JR中央線「豊田」駅 徒歩7～15分</li><li>JR中央線「日野」駅 徒歩24～33分</li><li>京王線「南平」駅 徒歩25～32分</li>
tokyo,hachioji,多摩平の森,160100,JR中央線「日野」駅,24.0,33.0,,,,日野市多摩平4-6ほか,2-10号棟,鉄筋コンクリート造,1,N,104号室,3LDK,80,6,156100,4000,2か月,"['近居割', '近居割WIDE']",随時,https://www.ur-net.go.jp/chintai/kanto/tokyo/20_6510_room.html?JKSS=002100104,<li>JR中央線「豊田」駅 徒歩7～15分</li><li>JR中央線「日野」駅 徒歩24～33分</li><li>京王線「南平」駅 徒歩25～32分</li>
tokyo,hachioji,多摩平の森,160100,京王線「南平」駅,25.0,32.0,,,,日野市多摩平4-6ほか,2-10号棟,鉄筋コンクリート造,1,N,104号室,3LDK,80,6,156100,4000,2か月,"['近居割', '近居割WIDE']",随時,https://www.ur-net.go.jp/chintai/kanto/tokyo/20_6510_room.html?JKSS=002100104,<li>JR中央線「豊田」駅 徒歩7～15分</li><li>JR中央線「日野」駅 徒歩24～33分</li><li>京王線「南平」駅 徒歩25～32分</li>
tokyo,hachioji,多摩平の森,160100,,,,,,,日野市多摩平4-6ほか,2-10号棟,鉄筋コンクリート造,1,N,104号室,3LDK,80,6,156100,4000,2か月,"['近居割', '近居割WIDE']",随時,https://www.ur-net.go.jp/chintai/kanto/tokyo/20_6510_room.html?JKSS=002100104,<li>JR中央線「豊田」駅 徒歩7～15分</li><li>JR中央線「日野」駅 徒歩24～33分</li><li>京王線「南平」駅 徒歩25～32分</li>
tokyo,tachikawa,福生,64200,JR五日市線「熊川」駅,10.0,17.0,,,,福生市南田園2-7ほか,3号棟,鉄筋コンクリート造,5,N,504号室,3DK,52,5,61200,3000,2か月,"['近居割', '近居割WIDE']",随時,https://www.ur-net.go.jp/chintai/kanto/tokyo/20_2520_room.html?JKSS=000030504,<li>JR五日市線「熊川」駅 徒歩10～17分</li><li>JR青梅線「拝島」駅バス15分 徒歩2～6分</li><li>JR青梅線「福生」駅 徒歩24～30分</li>
tokyo,tachikawa,福生,64200,,,,JR青梅線「拝島」駅,17.0,21.0,福生市南田園2-7ほか,3号棟,鉄筋コンクリート造,5,N,504号室,3DK,52,5,61200,3000,2か月,"['近居割', '近居割WIDE']",随時,https://www.ur-net.go.jp/chintai/kanto/tokyo/20_2520_room.html?JKSS=000030504,<li>JR五日市線「熊川」駅 徒歩10～17分</li><li>JR青梅線「拝島」駅バス15分 徒歩2～6分</li><li>JR青梅線「福生」駅 徒歩24～30分</li>
tokyo,tachikawa,福生,64200,JR青梅線「福生」駅,24.0,30.0,,,,福生市南田園2-7ほか,3号棟,鉄筋コンクリート造,5,N,504号室,3DK,52,5,61200,3000,2か月,"['近居割', '近居割WIDE']",随時,https://www.ur-net.go.jp/chintai/kanto/tokyo/20_2520_room.html?JKSS=000030504,<li>JR五日市線「熊川」駅 徒歩10～17分</li><li>JR青梅線「拝島」駅バス15分 徒歩2～6分</li><li>JR青梅線「福生」駅 徒歩24～30分</li>
tokyo,tachikawa,福生,64200,,,,,,,福生市南田園2-7ほか,3号棟,鉄筋コンクリート造,5,N,504号室,3DK,52,5,61200,3000,2か月,"['近居割', '近居割WIDE']",随時,https://www.ur-net.go.jp/chintai/kanto/tokyo/20_2520_room.html?JKSS=000030504,<li>JR五日市線「熊川」駅 徒歩10～17分</li><li>JR青梅線「拝島」駅バス15分 徒歩2～6分</li><li>JR青梅線「福生」駅 徒歩24～30分</li>
tokyo,hibarigaoka,清瀬旭が丘,58800,,,,西武池袋線「清瀬」駅,10.0,19.0,清瀬市旭が丘2ほか,5-2-3号棟,鉄筋コンクリート造,5,N,506号室,3K,45,5,55800,3000,2か月,"['近居割', '近居割WIDE']",随時,https://www.ur-net.go.jp/chintai/kanto/tokyo/20_1580_room.html?JKSS=000523506,<li>西武池袋線「清瀬」駅バス9～15分 徒歩1～4分</li><li>東武東上線「志木」駅バス20～22分 徒歩1～4分</li><li>JR武蔵野線「新座」駅バス10～12分 徒歩1～4分</li>
tokyo,hibarigaoka,清瀬旭が丘,58800,,,,東武東上線「志木」駅,21.0,26.0,清瀬市旭が丘2ほか,5-2-3号棟,鉄筋コンクリート造,5,N,506号室,3K,45,5,55800,3000,2か月,"['近居割', '近居割WIDE']",随時,https://www.ur-net.go.jp/chintai/kanto/tokyo/20_1580_room.html?JKSS=000523506,<li>西武池袋線「清瀬」駅バス9～15分 徒歩1～4分</li><li>東武東上線「志木」駅バス20～22分 徒歩1～4分</li><li>JR武蔵野線「新座」駅バス10～12分 徒歩1～4分</li>
tokyo,hibarigaoka,清瀬旭が丘,58800,,,,JR武蔵野線「新座」駅,11.0,16.0,清瀬市旭が丘2ほか,5-2-3号棟,鉄筋コンクリート造,5,N,506号室,3K,45,5,55800,3000,2か月,"['近居割', '近居割WIDE']",随時,https://www.ur-net.go.jp/chintai/kanto/tokyo/20_1580_room.html?JKSS=000523506,<li>西武池袋線「清瀬」駅バス9～15分 徒歩1～4分</li><li>東武東上線「志木」駅バス20～22分 徒歩1～4分</li><li>JR武蔵野線「新座」駅バス10～12分 徒歩1～4分</li>
tokyo,hibarigaoka,清瀬旭が丘,58800,,,,,,,清瀬市旭が丘2ほか,5-2-3号棟,鉄筋コンクリート造,5,N,506号室,3K,45,5,55800,3000,2か月,"['近居割', '近居割WIDE']",随時,https://www.ur-net.go.jp/chintai/kanto/tokyo/20_1580_room.html?JKSS=000523506,<li>西武池袋線「清瀬」駅バス9～15分 徒歩1～4分</li><li>東武東上線「志木」駅バス20～22分 徒歩1～4分</li><li>JR武蔵野線「新座」駅バス10～12分 徒歩1～4分</li>
tokyo,hibarigaoka,清瀬旭が丘,59500,,,,西武池袋線「清瀬」駅,10.0,19.0,清瀬市旭が丘2ほか,5-2-5号棟,鉄筋コンクリート造,5,N,502号室,3K,45,5,56500,3000,2か月,"['近居割', '近居割WIDE']",随時,https://www.ur-net.go.jp/chintai/kanto/tokyo/20_1580_room.html?JKSS=000525502,<li>西武池袋線「清瀬」駅バス9～15分 徒歩1～4分</li><li>東武東上線「志木」駅バス20～22分 徒歩1～4分</li><li>JR武蔵野線「新座」駅バス10～12分 徒歩1～4分</li>
tokyo,hibarigaoka,清瀬旭が丘,59500,,,,東武東上線「志木」駅,21.0,26.0,清瀬市旭が丘2ほか,5-2-5号棟,鉄筋コンクリート造,5,N,502号室,3K,45,5,56500,3000,2か月,"['近居割', '近居割WIDE']",随時,https://www.ur-net.go.jp/chintai/kanto/tokyo/20_1580_room.html?JKSS=000525502,<li>西武池袋線「清瀬」駅バス9～15分 徒歩1～4分</li><li>東武東上線「志木」駅バス20～22分 徒歩1～4分</li><li>JR武蔵野線「新座」駅バス10～12分 徒歩1～4分</li>
tokyo,hibarigaoka,清瀬旭が丘,59500,,,,JR武蔵野線「新座」駅,11.0,16.0,清瀬市旭が丘2ほか,5-2-5号棟,鉄筋コンクリート造,5,N,502号室,3K,45,5,56500,3000,2か月,"['近居割', '近居割WIDE']",随時,https://www.ur-net.go.jp/chintai/kanto/tokyo/20_1580_room.html?JKSS=000525502,<li>西武池袋線「清瀬」駅バス9～15分 徒歩1～4分</li><li>東武東上線「志木」駅バス20～22分 徒歩1～4分</li><li>JR武蔵野線「新座」駅バス10～12分 徒歩1～4分</li>
tokyo,hibarigaoka,清瀬旭が丘,59500,,,,,,,清瀬市旭が丘2ほか,5-2-5号棟,鉄筋コンクリート造,5,N,502号室,3K,45,5,56500,3000,2か月,"['近居割', '近居割WIDE']",随時,https://www.ur-net.go.jp/chintai/kanto/tokyo/20_1580_room.html?JKSS=000525502,<li>西武池袋線「清瀬」駅バス9～15分 徒歩1～4分</li><li>東武東上線「志木」駅バス20～22分 徒歩1～4分</li><li>JR武蔵野線「新座」駅バス10～12分 徒歩1～4分</li>
tokyo,hibarigaoka,清瀬旭が丘,61200,,,,西武池袋線「清瀬」駅,10.0,19.0,清瀬市旭が丘2ほか,5-2-5号棟,鉄筋コンクリート造,4,N,403号室,3K,45,5,58200,3000,2か月,"['近居割', '近居割WIDE']",随時,https://www.ur-net.go.jp/chintai/kanto/tokyo/20_1580_room.html?JKSS=000525403,<li>西武池袋線「清瀬」駅バス9～15分 徒歩1～4分</li><li>東武東上線「志木」駅バス20～22分 徒歩1～4分</li><li>JR武蔵野線「新座」駅バス10～12分 徒歩1～4分</li>
tokyo,hibarigaoka,清瀬旭が丘,61200,,,,東武東上線「志木」駅,21.0,26.0,清瀬市旭が丘2ほか,5-2-5号棟,鉄筋コンクリート造,4,N,403号室,3K,45,5,58200,3000,2か月,"['近居割', '近居割WIDE']",随時,https://www.ur-net.go.jp/chintai/kanto/tokyo/20_1580_room.html?JKSS=000525403,<li>西武池袋線「清瀬」駅バス9～15分 徒歩1～4分</li><li>東武東上線「志木」駅バス20～22分 徒歩1～4分</li><li>JR武蔵野線「新座」駅バス10～12分 徒歩1～4分</li>
tokyo,hibarigaoka,清瀬旭が丘,61200,,,,JR武蔵野線「新座」駅,11.0,16.0,清瀬市旭が丘2ほか,5-2-5号棟,鉄筋コンクリート造,4,N,403号室,3K,45,5,58200,3000,2か月,"['近居割', '近居割WIDE']",随時,https://www.ur-net.go.jp/chintai/kanto/tokyo/20_1580_room.html?JKSS=000525403,<li>西武池袋線「清瀬」駅バス9～15分 徒歩1～4分</li><li>東武東上線「志木」駅バス20～22分 徒歩1～4分</li><li>JR武蔵野線「新座」駅バス10～12分 徒歩1～4分</li>
tokyo,hibarigaoka,清瀬旭が丘,61200,,,,,,,清瀬市旭が丘2ほか,5-2-5号棟,鉄筋コンクリート造,4,N,403号室,3K,45,5,58200,3000,2か月,"['近居割', '近居割WIDE']",随時,https://www.ur-net.go.jp/chintai/kanto/tokyo/20_1580_room.html?JKSS=000525403,<li>西武池袋線「清瀬」駅バス9～15分 徒歩1～4分</li><li>東武東上線「志木」駅バス20～22分 徒歩1～4分</li><li>JR武蔵野線「新座」駅バス10～12分 徒歩1～4分</li>
tokyo,hibarigaoka,滝山,64700,,,,西武新宿線「花小金井」駅,10.0,14.0,東久留米市滝山6-1,1-22号棟,鉄筋コンクリート造,5,N,502号室,2DK,40,5,61800,2900,2か月,"['近居割', '近居割WIDE']",随時,https://www.ur-net.go.jp/chintai/kanto/tokyo/20_1730_room.html?JKSS=000122502,<li>西武新宿線「花小金井」駅バス8分　徒歩2～6分</li><li>西武池袋線「東久留米」駅バス12分　徒歩2～6分</li><li>西武新宿線「小平」駅徒歩29～34分</li>
tokyo,hibarigaoka,滝山,64700,,,,西武池袋線「東久留米」駅,14.0,18.0,東久留米市滝山6-1,1-22号棟,鉄筋コンクリート造,5,N,502号室,2DK,40,5,61800,2900,2か月,"['近居割', '近居割WIDE']",随時,https://www.ur-net.go.jp/chintai/kanto/tokyo/20_1730_room.html?JKSS=000122502,<li>西武新宿線「花小金井」駅バス8分　徒歩2～6分</li><li>西武池袋線「東久留米」駅バス12分　徒歩2～6分</li><li>西武新宿線「小平」駅徒歩29～34分</li>
tokyo,hibarigaoka,滝山,64700,西武新宿線「小平」駅,29.0,34.0,,,,東久留米市滝山6-1,1-22号棟,鉄筋コンクリート造,5,N,502号室,2DK,40,5,61800,2900,2か月,"['近居割', '近居割WIDE']",随時,https://www.ur-net.go.jp/chintai/kanto/tokyo/20_1730_room.html?JKSS=000122502,<li>西武新宿線「花小金井」駅バス8分　徒歩2～6分</li><li>西武池袋線「東久留米」駅バス12分　徒歩2～6分</li><li>西武新宿線「小平」駅徒歩29～34分</li>
tokyo,hibarigaoka,滝山,64700,,,,,,,東久留米市滝山6-1,1-22号棟,鉄筋コンクリート造,5,N,502号室,2DK,40,5,61800,2900,2か月,"['近居割', '近居割WIDE']",随時,https://www.ur-net.go.jp/chintai/kanto/tokyo/20_1730_room.html?JKSS=000122502,<li>西武新宿線「花小金井」駅バス8分　徒歩2～6分</li><li>西武池袋線「東久留米」駅バス12分　徒歩2～6分</li><li>西武新宿線「小平」駅徒歩29～34分</li>
tokyo,hibarigaoka,滝山,92500,,,,西武新宿線「花小金井」駅,10.0,14.0,東久留米市滝山6-1,1-21号棟,鉄筋コンクリート造,5,N,508号室,3DK,61,5,89600,2900,2か月,"['近居割', '近居割WIDE']",随時,https://www.ur-net.go.jp/chintai/kanto/tokyo/20_1730_room.html?JKSS=000121508,<li>西武新宿線「花小金井」駅バス8分　徒歩2～6分</li><li>西武池袋線「東久留米」駅バス12分　徒歩2～6分</li><li>西武新宿線「小平」駅徒歩29～34分</li>
tokyo,hibarigaoka,滝山,92500,,,,西武池袋線「東久留米」駅,14.0,18.0,東久留米市滝山6-1,1-21号棟,鉄筋コンクリート造,5,N,508号室,3DK,61,5,89600,2900,2か月,"['近居割', '近居割WIDE']",随時,https://www.ur-net.go.jp/chintai/kanto/tokyo/20_1730_room.html?JKSS=000121508,<li>西武新宿線「花小金井」駅バス8分　徒歩2～6分</li><li>西武池袋線「東久留米」駅バス12分　徒歩2～6分</li><li>西武新宿線「小平」駅徒歩29～34分</li>
tokyo,hibarigaoka,滝山,92500,西武新宿線「小平」駅,29.0,34.0,,,,東久留米市滝山6-1,1-21号棟,鉄筋コンクリート造,5,N,508号室,3DK,61,5,89600,2900,2か月,"['近居割', '近居割WIDE']",随時,https://www.ur-net.go.jp/chintai/kanto/tokyo/20_1730_room.html?JKSS=000121508,<li>西武新宿線「花小金井」駅バス8分　徒歩2～6分</li><li>西武池袋線「東久留米」駅バス12分　徒歩2～6分</li><li>西武新宿線「小平」駅徒歩29～34分</li>
tokyo,hibarigaoka,滝山,92500,,,,,,,東久留米市滝山6-1,1-21号棟,鉄筋コンクリート造,5,N,508号室,3DK,61,5,89600,2900,2か月,"['近居割', '近居割WIDE']",随時,https://www.ur-net.go.jp/chintai/kanto/tokyo/20_1730_room.html?JKSS=000121508,<li>西武新宿線「花小金井」駅バス8分　徒歩2～6分</li><li>西武池袋線「東久留米」駅バス12分　徒歩2～6分</li><li>西武新宿線「小平」駅徒歩29～34分</li>
tokyo,hibarigaoka,グリーンヒルズ東久留米,103300,西武池袋線「東久留米」駅,17.0,24.0,西武池袋線「東久留米」駅,6.0,10.0,東久留米市上の原1-3ほか,4号棟,鉄筋コンクリート造,1,N,104号室,1DK,44,10,97200,6100,2か月,"['近居割', '近居割WIDE']",随時,https://www.ur-net.go.jp/chintai/kanto/tokyo/20_6880_room.html?JKSS=000040104,<li>西武池袋線「東久留米」駅 徒歩17～24分 またはバス5分 徒歩1～5分</li><li>JR武蔵野線「新座」駅バス20分 徒歩1～5分</li><li>西武池袋線「清瀬」駅 徒歩31～34分</li>
tokyo,hibarigaoka,グリーンヒルズ東久留米,103300,,,,JR武蔵野線「新座」駅,21.0,25.0,東久留米市上の原1-3ほか,4号棟,鉄筋コンクリート造,1,N,104号室,1DK,44,10,97200,6100,2か月,"['近居割', '近居割WIDE']",随時,https://www.ur-net.go.jp/chintai/kanto/tokyo/20_6880_room.html?JKSS=000040104,<li>西武池袋線「東久留米」駅 徒歩17～24分 またはバス5分 徒歩1～5分</li><li>JR武蔵野線「新座」駅バス20分 徒歩1～5分</li><li>西武池袋線「清瀬」駅 徒歩31～34分</li>
tokyo,hibarigaoka,グリーンヒルズ東久留米,103300,西武池袋線「清瀬」駅,31.0,34.0,,,,東久留米市上の原1-3ほか,4号棟,鉄筋コンクリート造,1,N,104号室,1DK,44,10,97200,6100,2か月,"['近居割', '近居割WIDE']",随時,https://www.ur-net.go.jp/chintai/kanto/tokyo/20_6880_room.html?JKSS=000040104,<li>西武池袋線「東久留米」駅 徒歩17～24分 またはバス5分 徒歩1～5分</li><li>JR武蔵野線「新座」駅バス20分 徒歩1～5分</li><li>西武池袋線「清瀬」駅 徒歩31～34分</li>
tokyo,hibarigaoka,グリーンヒルズ東久留米,103300,,,,,,,東久留米市上の原1-3ほか,4号棟,鉄筋コンクリート造,1,N,104号室,1DK,44,10,97200,6100,2か月,"['近居割', '近居割WIDE']",随時,https://www.ur-net.go.jp/chintai/kanto/tokyo/20_6880_room.html?JKSS=000040104,<li>西武池袋線「東久留米」駅 徒歩17～24分 またはバス5分 徒歩1～5分</li><li>JR武蔵野線「新座」駅バス20分 徒歩1～5分</li><li>西武池袋線「清瀬」駅 徒歩31～34分</li>
tokyo,hibarigaoka,グリーンヒルズ東久留米,103800,西武池袋線「東久留米」駅,17.0,24.0,西武池袋線「東久留米」駅,6.0,10.0,東久留米市上の原1-3ほか,10号棟,鉄筋コンクリート造,1,N,103号室,2DK,50,8,97700,6100,2か月,"['近居割', '近居割WIDE']",随時,https://www.ur-net.go.jp/chintai/kanto/tokyo/20_6880_room.html?JKSS=000100103,<li>西武池袋線「東久留米」駅 徒歩17～24分 またはバス5分 徒歩1～5分</li><li>JR武蔵野線「新座」駅バス20分 徒歩1～5分</li><li>西武池袋線「清瀬」駅 徒歩31～34分</li>
tokyo,hibarigaoka,グリーンヒルズ東久留米,103800,,,,JR武蔵野線「新座」駅,21.0,25.0,東久留米市上の原1-3ほか,10号棟,鉄筋コンクリート造,1,N,103号室,2DK,50,8,97700,6100,2か月,"['近居割', '近居割WIDE']",随時,https://www.ur-net.go.jp/chintai/kanto/tokyo/20_6880_room.html?JKSS=000100103,<li>西武池袋線「東久留米」駅 徒歩17～24分 またはバス5分 徒歩1～5分</li><li>JR武蔵野線「新座」駅バス20分 徒歩1～5分</li><li>西武池袋線「清瀬」駅 徒歩31～34分</li>
tokyo,hibarigaoka,グリーンヒルズ東久留米,103800,西武池袋線「清瀬」駅,31.0,34.0,,,,東久留米市上の原1-3ほか,10号棟,鉄筋コンクリート造,1,N,103号室,2DK,50,8,97700,6100,2か月,"['近居割', '近居割WIDE']",随時,https://www.ur-net.go.jp/chintai/kanto/tokyo/20_6880_room.html?JKSS=000100103,<li>西武池袋線「東久留米」駅 徒歩17～24分 またはバス5分 徒歩1～5分</li><li>JR武蔵野線「新座」駅バス20分 徒歩1～5分</li><li>西武池袋線「清瀬」駅 徒歩31～34分</li>
tokyo,hibarigaoka,グリーンヒルズ東久留米,103800,,,,,,,東久留米市上の原1-3ほか,10号棟,鉄筋コンクリート造,1,N,103号室,2DK,50,8,97700,6100,2か月,"['近居割', '近居割WIDE']",随時,https://www.ur-net.go.jp/chintai/kanto/tokyo/20_6880_room.html?JKSS=000100103,<li>西武池袋線「東久留米」駅 徒歩17～24分 またはバス5分 徒歩1～5分</li><li>JR武蔵野線「新座」駅バス20分 徒歩1～5分</li><li>西武池袋線「清瀬」駅 徒歩31～34分</li>
tokyo,hibarigaoka,グリーンヒルズ東久留米,109900,西武池袋線「東久留米」駅,17.0,24.0,西武池袋線「東久留米」駅,6.0,10.0,東久留米市上の原1-3ほか,4号棟,鉄筋コンクリート造,2,N,207号室,2DK,50,10,103800,6100,2か月,"['近居割', '近居割WIDE']",随時,https://www.ur-net.go.jp/chintai/kanto/tokyo/20_6880_room.html?JKSS=000040207,<li>西武池袋線「東久留米」駅 徒歩17～24分 またはバス5分 徒歩1～5分</li><li>JR武蔵野線「新座」駅バス20分 徒歩1～5分</li><li>西武池袋線「清瀬」駅 徒歩31～34分</li>
tokyo,hibarigaoka,グリーンヒルズ東久留米,109900,,,,JR武蔵野線「新座」駅,21.0,25.0,東久留米市上の原1-3ほか,4号棟,鉄筋コンクリート造,2,N,207号室,2DK,50,10,103800,6100,2か月,"['近居割', '近居割WIDE']",随時,https://www.ur-net.go.jp/chintai/kanto/tokyo/20_6880_room.html?JKSS=000040207,<li>西武池袋線「東久留米」駅 徒歩17～24分 またはバス5分 徒歩1～5分</li><li>JR武蔵野線「新座」駅バス20分 徒歩1～5分</li><li>西武池袋線「清瀬」駅 徒歩31～34分</li>
tokyo,hibarigaoka,グリーンヒルズ東久留米,109900,西武池袋線「清瀬」駅,31.0,34.0,,,,東久留米市上の原1-3ほか,4号棟,鉄筋コンクリート造,2,N,207号室,2DK,50,10,103800,6100,2か月,"['近居割', '近居割WIDE']",随時,https://www.ur-net.go.jp/chintai/kanto/tokyo/20_6880_room.html?JKSS=000040207,<li>西武池袋線「東久留米」駅 徒歩17～24分 またはバス5分 徒歩1～5分</li><li>JR武蔵野線「新座」駅バス20分 徒歩1～5分</li><li>西武池袋線「清瀬」駅 徒歩31～34分</li>
tokyo,hibarigaoka,グリーンヒルズ東久留米,109900,,,,,,,東久留米市上の原1-3ほか,4号棟,鉄筋コンクリート造,2,N,207号室,2DK,50,10,103800,6100,2か月,"['近居割', '近居割WIDE']",随時,https://www.ur-net.go.jp/chintai/kanto/tokyo/20_6880_room.html?JKSS=000040207,<li>西武池袋線「東久留米」駅 徒歩17～24分 またはバス5分 徒歩1～5分</li><li>JR武蔵野線「新座」駅バス20分 徒歩1～5分</li><li>西武池袋線「清瀬」駅 徒歩31～34分</li>
tokyo,hibarigaoka,グリーンヒルズ東久留米,114300,西武池袋線「東久留米」駅,17.0,24.0,西武池袋線「東久留米」駅,6.0,10.0,東久留米市上の原1-3ほか,5号棟,鉄筋コンクリート造,7,N,706号室,2DK,50,10,108200,6100,2か月,"['近居割', '近居割WIDE']",随時,https://www.ur-net.go.jp/chintai/kanto/tokyo/20_6880_room.html?JKSS=000050706,<li>西武池袋線「東久留米」駅 徒歩17～24分 またはバス5分 徒歩1～5分</li><li>JR武蔵野線「新座」駅バス20分 徒歩1～5分</li><li>西武池袋線「清瀬」駅 徒歩31～34分</li>
tokyo,hibarigaoka,グリーンヒルズ東久留米,114300,,,,JR武蔵野線「新座」駅,21.0,25.0,東久留米市上の原1-3ほか,5号棟,鉄筋コンクリート造,7,N,706号室,2DK,50,10,108200,6100,2か月,"['近居割', '近居割WIDE']",随時,https://www.ur-net.go.jp/chintai/kanto/tokyo/20_6880_room.html?JKSS=000050706,<li>西武池袋線「東久留米」駅 徒歩17～24分 またはバス5分 徒歩1～5分</li><li>JR武蔵野線「新座」駅バス20分 徒歩1～5分</li><li>西武池袋線「清瀬」駅 徒歩31～34分</li>
tokyo,hibarigaoka,グリーンヒルズ東久留米,114300,西武池袋線「清瀬」駅,31.0,34.0,,,,東久留米市上の原1-3ほか,5号棟,鉄筋コンクリート造,7,N,706号室,2DK,50,10,108200,6100,2か月,"['近居割', '近居割WIDE']",随時,https://www.ur-net.go.jp/chintai/kanto/tokyo/20_6880_room.html?JKSS=000050706,<li>西武池袋線「東久留米」駅 徒歩17～24分 またはバス5分 徒歩1～5分</li><li>JR武蔵野線「新座」駅バス20分 徒歩1～5分</li><li>西武池袋線「清瀬」駅 徒歩31～34分</li>
tokyo,hibarigaoka,グリーンヒルズ東久留米,114300,,,,,,,東久留米市上の原1-3ほか,5号棟,鉄筋コンクリート造,7,N,706号室,2DK,50,10,108200,6100,2か月,"['近居割', '近居割WIDE']",随時,https://www.ur-net.go.jp/chintai/kanto/tokyo/20_6880_room.html?JKSS=000050706,<li>西武池袋線「東久留米」駅 徒歩17～24分 またはバス5分 徒歩1～5分</li><li>JR武蔵野線「新座」駅バス20分 徒歩1～5分</li><li>西武池袋線「清瀬」駅 徒歩31～34分</li>
tokyo,hibarigaoka,グリーンヒルズ東久留米,114600,西武池袋線「東久留米」駅,17.0,24.0,西武池袋線「東久留米」駅,6.0,10.0,東久留米市上の原1-3ほか,6号棟,鉄筋コンクリート造,8,N,807号室,2DK,50,10,108500,6100,2か月,"['近居割', '近居割WIDE']",随時,https://www.ur-net.go.jp/chintai/kanto/tokyo/20_6880_room.html?JKSS=000060807,<li>西武池袋線「東久留米」駅 徒歩17～24分 またはバス5分 徒歩1～5分</li><li>JR武蔵野線「新座」駅バス20分 徒歩1～5分</li><li>西武池袋線「清瀬」駅 徒歩31～34分</li>
tokyo,hibarigaoka,グリーンヒルズ東久留米,114600,,,,JR武蔵野線「新座」駅,21.0,25.0,東久留米市上の原1-3ほか,6号棟,鉄筋コンクリート造,8,N,807号室,2DK,50,10,108500,6100,2か月,"['近居割', '近居割WIDE']",随時,https://www.ur-net.go.jp/chintai/kanto/tokyo/20_6880_room.html?JKSS=000060807,<li>西武池袋線「東久留米」駅 徒歩17～24分 またはバス5分 徒歩1～5分</li><li>JR武蔵野線「新座」駅バス20分 徒歩1～5分</li><li>西武池袋線「清瀬」駅 徒歩31～34分</li>
tokyo,hibarigaoka,グリーンヒルズ東久留米,114600,西武池袋線「清瀬」駅,31.0,34.0,,,,東久留米市上の原1-3ほか,6号棟,鉄筋コンクリート造,8,N,807号室,2DK,50,10,108500,6100,2か月,"['近居割', '近居割WIDE']",随時,https://www.ur-net.go.jp/chintai/kanto/tokyo/20_6880_room.html?JKSS=000060807,<li>西武池袋線「東久留米」駅 徒歩17～24分 またはバス5分 徒歩1～5分</li><li>JR武蔵野線「新座」駅バス20分 徒歩1～5分</li><li>西武池袋線「清瀬」駅 徒歩31～34分</li>
tokyo,hibarigaoka,グリーンヒルズ東久留米,114600,,,,,,,東久留米市上の原1-3ほか,6号棟,鉄筋コンクリート造,8,N,807号室,2DK,50,10,108500,6100,2か月,"['近居割', '近居割WIDE']",随時,https://www.ur-net.go.jp/chintai/kanto/tokyo/20_6880_room.html?JKSS=000060807,<li>西武池袋線「東久留米」駅 徒歩17～24分 またはバス5分 徒歩1～5分</li><li>JR武蔵野線「新座」駅バス20分 徒歩1～5分</li><li>西武池袋線「清瀬」駅 徒歩31～34分</li>
tokyo,nagayama,多摩ニュータウン ファインヒルいなぎ リベレ向陽台,97800,,,,京王相模原線「稲城」駅,8.0,11.0,稲城市向陽台5-10,9号棟,鉄筋コンクリート造,4,N,404号室,3DK,66,6,94800,3000,2か月,"['近居割', '近居割WIDE']",随時,https://www.ur-net.go.jp/chintai/kanto/tokyo/20_4190_room.html?JKSS=510090404,<li>京王相模原線「稲城」駅バス6分 徒歩2～5分</li><li>JR南武線「南多摩」駅 徒歩20～22分</li><li>JR南武線「稲城長沼」駅 徒歩24～30分</li>
tokyo,nagayama,多摩ニュータウン ファインヒルいなぎ リベレ向陽台,97800,JR南武線「南多摩」駅,20.0,22.0,,,,稲城市向陽台5-10,9号棟,鉄筋コンクリート造,4,N,404号室,3DK,66,6,94800,3000,2か月,"['近居割', '近居割WIDE']",随時,https://www.ur-net.go.jp/chintai/kanto/tokyo/20_4190_room.html?JKSS=510090404,<li>京王相模原線「稲城」駅バス6分 徒歩2～5分</li><li>JR南武線「南多摩」駅 徒歩20～22分</li><li>JR南武線「稲城長沼」駅 徒歩24～30分</li>
tokyo,nagayama,多摩ニュータウン ファインヒルいなぎ リベレ向陽台,97800,JR南武線「稲城長沼」駅,24.0,30.0,,,,稲城市向陽台5-10,9号棟,鉄筋コンクリート造,4,N,404号室,3DK,66,6,94800,3000,2か月,"['近居割', '近居割WIDE']",随時,https://www.ur-net.go.jp/chintai/kanto/tokyo/20_4190_room.html?JKSS=510090404,<li>京王相模原線「稲城」駅バス6分 徒歩2～5分</li><li>JR南武線「南多摩」駅 徒歩20～22分</li><li>JR南武線「稲城長沼」駅 徒歩24～30分</li>
tokyo,nagayama,多摩ニュータウン ファインヒルいなぎ リベレ向陽台,97800,,,,,,,稲城市向陽台5-10,9号棟,鉄筋コンクリート造,4,N,404号室,3DK,66,6,94800,3000,2か月,"['近居割', '近居割WIDE']",随時,https://www.ur-net.go.jp/chintai/kanto/tokyo/20_4190_room.html?JKSS=510090404,<li>京王相模原線「稲城」駅バス6分 徒歩2～5分</li><li>JR南武線「南多摩」駅 徒歩20～22分</li><li>JR南武線「稲城長沼」駅 徒歩24～30分</li>
tokyo,nagayama,多摩ニュータウン ファインヒルいなぎ ビュープラザ向陽台,98300,,,,京王相模原線「稲城」駅,12.0,12.0,稲城市向陽台4-4-2,2号棟,鉄骨鉄筋コンクリート造,12,N,1213号室,3DK,65,14,95100,3200,2か月,"['近居割', '近居割WIDE']",随時,https://www.ur-net.go.jp/chintai/kanto/tokyo/20_4500_room.html?JKSS=000021213,<li>京王相模原線「稲城」駅バス6分 徒歩6分</li><li>JR南武線「南多摩」駅 徒歩20分</li><li>JR南武線「稲城長沼」駅 徒歩26分</li>
tokyo,nagayama,多摩ニュータウン ファインヒルいなぎ ビュープラザ向陽台,98300,JR南武線「南多摩」駅,20.0,20.0,,,,稲城市向陽台4-4-2,2号棟,鉄骨鉄筋コンクリート造,12,N,1213号室,3DK,65,14,95100,3200,2か月,"['近居割', '近居割WIDE']",随時,https://www.ur-net.go.jp/chintai/kanto/tokyo/20_4500_room.html?JKSS=000021213,<li>京王相模原線「稲城」駅バス6分 徒歩6分</li><li>JR南武線「南多摩」駅 徒歩20分</li><li>JR南武線「稲城長沼」駅 徒歩26分</li>
tokyo,nagayama,多摩ニュータウン ファインヒルいなぎ ビュープラザ向陽台,98300,JR南武線「稲城長沼」駅,26.0,26.0,,,,稲城市向陽台4-4-2,2号棟,鉄骨鉄筋コンクリート造,12,N,1213号室,3DK,65,14,95100,3200,2か月,"['近居割', '近居割WIDE']",随時,https://www.ur-net.go.jp/chintai/kanto/tokyo/20_4500_room.html?JKSS=000021213,<li>京王相模原線「稲城」駅バス6分 徒歩6分</li><li>JR南武線「南多摩」駅 徒歩20分</li><li>JR南武線「稲城長沼」駅 徒歩26分</li>
tokyo,nagayama,多摩ニュータウン ファインヒルいなぎ ビュープラザ向陽台,98300,,,,,,,稲城市向陽台4-4-2,2号棟,鉄骨鉄筋コンクリート造,12,N,1213号室,3DK,65,14,95100,3200,2か月,"['近居割', '近居割WIDE']",随時,https://www.ur-net.go.jp/chintai/kanto/tokyo/20_4500_room.html?JKSS=000021213,<li>京王相模原線「稲城」駅バス6分 徒歩6分</li><li>JR南武線「南多摩」駅 徒歩20分</li><li>JR南武線「稲城長沼」駅 徒歩26分</li>
tokyo,nagayama,多摩ニュータウン ファインヒルいなぎ ビスタノーレ向陽台,108600,京王相模原線「稲城」駅,18.0,21.0,京王相模原線「稲城」駅,7.0,10.0,稲城市向陽台6-11,4号棟,鉄筋コンクリート造,5,N,502号室,3LDK,67,5,104700,3900,2か月,"['近居割', '近居割WIDE']",随時,https://www.ur-net.go.jp/chintai/kanto/tokyo/20_4840_room.html?JKSS=000040502,<li>京王相模原線「稲城」駅 徒歩18～21分 またはバス4分 徒歩3～6分</li><li>JR南武線「南多摩」駅 徒歩12~16分</li><li>JR南武線「稲城長沼」駅 徒歩19～21分</li>
tokyo,nagayama,多摩ニュータウン ファインヒルいなぎ ビスタノーレ向陽台,108600,JR南武線「南多摩」駅,12.0,16.0,,,,稲城市向陽台6-11,4号棟,鉄筋コンクリート造,5,N,502号室,3LDK,67,5,104700,3900,2か月,"['近居割', '近居割WIDE']",随時,https://www.ur-net.go.jp/chintai/kanto/tokyo/20_4840_room.html?JKSS=000040502,<li>京王相模原線「稲城」駅 徒歩18～21分 またはバス4分 徒歩3～6分</li><li>JR南武線「南多摩」駅 徒歩12~16分</li><li>JR南武線「稲城長沼」駅 徒歩19～21分</li>
tokyo,nagayama,多摩ニュータウン ファインヒルいなぎ ビスタノーレ向陽台,108600,JR南武線「稲城長沼」駅,19.0,21.0,,,,稲城市向陽台6-11,4号棟,鉄筋コンクリート造,5,N,502号室,3LDK,67,5,104700,3900,2か月,"['近居割', '近居割WIDE']",随時,https://www.ur-net.go.jp/chintai/kanto/tokyo/20_4840_room.html?JKSS=000040502,<li>京王相模原線「稲城」駅 徒歩18～21分 またはバス4分 徒歩3～6分</li><li>JR南武線「南多摩」駅 徒歩12~16分</li><li>JR南武線「稲城長沼」駅 徒歩19～21分</li>
tokyo,nagayama,多摩ニュータウン ファインヒルいなぎ ビスタノーレ向陽台,108600,,,,,,,稲城市向陽台6-11,4号棟,鉄筋コンクリート造,5,N,502号室,3LDK,67,5,104700,3900,2か月,"['近居割', '近居割WIDE']",随時,https://www.ur-net.go.jp/chintai/kanto/tokyo/20_4840_room.html?JKSS=000040502,<li>京王相模原線「稲城」駅 徒歩18～21分 またはバス4分 徒歩3～6分</li><li>JR南武線「南多摩」駅 徒歩12~16分</li><li>JR南武線「稲城長沼」駅 徒歩19～21分</li>
tokyo,nagayama,多摩ニュータウン ファインヒルいなぎ ビスタノーレ向陽台,114900,京王相模原線「稲城」駅,18.0,21.0,京王相模原線「稲城」駅,7.0,10.0,稲城市向陽台6-11,5号棟,鉄筋コンクリート造,3,N,302号室,3LDK,67,5,111000,3900,2か月,"['近居割', '近居割WIDE']",随時,https://www.ur-net.go.jp/chintai/kanto/tokyo/20_4840_room.html?JKSS=000050302,<li>京王相模原線「稲城」駅 徒歩18～21分 またはバス4分 徒歩3～6分</li><li>JR南武線「南多摩」駅 徒歩12~16分</li><li>JR南武線「稲城長沼」駅 徒歩19～21分</li>
tokyo,nagayama,多摩ニュータウン ファインヒルいなぎ ビスタノーレ向陽台,114900,JR南武線「南多摩」駅,12.0,16.0,,,,稲城市向陽台6-11,5号棟,鉄筋コンクリート造,3,N,302号室,3LDK,67,5,111000,3900,2か月,"['近居割', '近居割WIDE']",随時,https://www.ur-net.go.jp/chintai/kanto/tokyo/20_4840_room.html?JKSS=000050302,<li>京王相模原線「稲城」駅 徒歩18～21分 またはバス4分 徒歩3～6分</li><li>JR南武線「南多摩」駅 徒歩12~16分</li><li>JR南武線「稲城長沼」駅 徒歩19～21分</li>
tokyo,nagayama,多摩ニュータウン ファインヒルいなぎ ビスタノーレ向陽台,114900,JR南武線「稲城長沼」駅,19.0,21.0,,,,稲城市向陽台6-11,5号棟,鉄筋コンクリート造,3,N,302号室,3LDK,67,5,111000,3900,2か月,"['近居割', '近居割WIDE']",随時,https://www.ur-net.go.jp/chintai/kanto/tokyo/20_4840_room.html?JKSS=000050302,<li>京王相模原線「稲城」駅 徒歩18～21分 またはバス4分 徒歩3～6分</li><li>JR南武線「南多摩」駅 徒歩12~16分</li><li>JR南武線「稲城長沼」駅 徒歩19～21分</li>
tokyo,nagayama,多摩ニュータウン ファインヒルいなぎ ビスタノーレ向陽台,114900,,,,,,,稲城市向陽台6-11,5号棟,鉄筋コンクリート造,3,N,302号室,3LDK,67,5,111000,3900,2か月,"['近居割', '近居割WIDE']",随時,https://www.ur-net.go.jp/chintai/kanto/tokyo/20_4840_room.html?JKSS=000050302,<li>京王相模原線「稲城」駅 徒歩18～21分 またはバス4分 徒歩3～6分</li><li>JR南武線「南多摩」駅 徒歩12~16分</li><li>JR南武線「稲城長沼」駅 徒歩19～21分</li>
tokyo,nagayama,多摩ニュータウン ファインヒルいなぎ ビューコート若葉台,115800,京王相模原線「若葉台」駅,16.0,18.0,京王相模原線「若葉台」駅,3.0,5.0,稲城市若葉台4-33,2号棟,鉄筋コンクリート造,2,N,202号室,1LDK,56,8,111100,4700,2か月,"['近居割', '近居割WIDE']",随時,https://www.ur-net.go.jp/chintai/kanto/tokyo/20_5910_room.html?JKSS=000020202,<li>京王相模原線「若葉台」駅 徒歩16～18分 またはバス2分 徒歩1～3分</li><li>小田急多摩線「はるひ野」駅 徒歩18～19分</li><li>小田急多摩線「黒川」駅 徒歩28～30分</li>
tokyo,nagayama,多摩ニュータウン ファインヒルいなぎ ビューコート若葉台,115800,小田急多摩線「はるひ野」駅,18.0,19.0,,,,稲城市若葉台4-33,2号棟,鉄筋コンクリート造,2,N,202号室,1LDK,56,8,111100,4700,2か月,"['近居割', '近居割WIDE']",随時,https://www.ur-net.go.jp/chintai/kanto/tokyo/20_5910_room.html?JKSS=000020202,<li>京王相模原線「若葉台」駅 徒歩16～18分 またはバス2分 徒歩1～3分</li><li>小田急多摩線「はるひ野」駅 徒歩18～19分</li><li>小田急多摩線「黒川」駅 徒歩28～30分</li>
tokyo,nagayama,多摩ニュータウン ファインヒルいなぎ ビューコート若葉台,115800,小田急多摩線「黒川」駅,28.0,30.0,,,,稲城市若葉台4-33,2号棟,鉄筋コンクリート造,2,N,202号室,1LDK,56,8,111100,4700,2か月,"['近居割', '近居割WIDE']",随時,https://www.ur-net.go.jp/chintai/kanto/tokyo/20_5910_room.html?JKSS=000020202,<li>京王相模原線「若葉台」駅 徒歩16～18分 またはバス2分 徒歩1～3分</li><li>小田急多摩線「はるひ野」駅 徒歩18～19分</li><li>小田急多摩線「黒川」駅 徒歩28～30分</li>
tokyo,nagayama,多摩ニュータウン ファインヒルいなぎ ビューコート若葉台,115800,,,,,,,稲城市若葉台4-33,2号棟,鉄筋コンクリート造,2,N,202号室,1LDK,56,8,111100,4700,2か月,"['近居割', '近居割WIDE']",随時,https://www.ur-net.go.jp/chintai/kanto/tokyo/20_5910_room.html?JKSS=000020202,<li>京王相模原線「若葉台」駅 徒歩16～18分 またはバス2分 徒歩1～3分</li><li>小田急多摩線「はるひ野」駅 徒歩18～19分</li><li>小田急多摩線「黒川」駅 徒歩28～30分</li>
tokyo,nagayama,多摩ニュータウン ファインヒルいなぎ ビューコート若葉台,118700,京王相模原線「若葉台」駅,16.0,18.0,京王相模原線「若葉台」駅,3.0,5.0,稲城市若葉台4-33,6号棟,鉄筋コンクリート造,1,N,103号室,1LDK,56,4,114000,4700,2か月,"['近居割', '近居割WIDE']",随時,https://www.ur-net.go.jp/chintai/kanto/tokyo/20_5910_room.html?JKSS=000060103,<li>京王相模原線「若葉台」駅 徒歩16～18分 またはバス2分 徒歩1～3分</li><li>小田急多摩線「はるひ野」駅 徒歩18～19分</li><li>小田急多摩線「黒川」駅 徒歩28～30分</li>
tokyo,nagayama,多摩ニュータウン ファインヒルいなぎ ビューコート若葉台,118700,小田急多摩線「はるひ野」駅,18.0,19.0,,,,稲城市若葉台4-33,6号棟,鉄筋コンクリート造,1,N,103号室,1LDK,56,4,114000,4700,2か月,"['近居割', '近居割WIDE']",随時,https://www.ur-net.go.jp/chintai/kanto/tokyo/20_5910_room.html?JKSS=000060103,<li>京王相模原線「若葉台」駅 徒歩16～18分 またはバス2分 徒歩1～3分</li><li>小田急多摩線「はるひ野」駅 徒歩18～19分</li><li>小田急多摩線「黒川」駅 徒歩28～30分</li>
tokyo,nagayama,多摩ニュータウン ファインヒルいなぎ ビューコート若葉台,118700,小田急多摩線「黒川」駅,28.0,30.0,,,,稲城市若葉台4-33,6号棟,鉄筋コンクリート造,1,N,103号室,1LDK,56,4,114000,4700,2か月,"['近居割', '近居割WIDE']",随時,https://www.ur-net.go.jp/chintai/kanto/tokyo/20_5910_room.html?JKSS=000060103,<li>京王相模原線「若葉台」駅 徒歩16～18分 またはバス2分 徒歩1～3分</li><li>小田急多摩線「はるひ野」駅 徒歩18～19分</li><li>小田急多摩線「黒川」駅 徒歩28～30分</li>
tokyo,nagayama,多摩ニュータウン ファインヒルいなぎ ビューコート若葉台,118700,,,,,,,稲城市若葉台4-33,6号棟,鉄筋コンクリート造,1,N,103号室,1LDK,56,4,114000,4700,2か月,"['近居割', '近居割WIDE']",随時,https://www.ur-net.go.jp/chintai/kanto/tokyo/20_5910_room.html?JKSS=000060103,<li>京王相模原線「若葉台」駅 徒歩16～18分 またはバス2分 徒歩1～3分</li><li>小田急多摩線「はるひ野」駅 徒歩18～19分</li><li>小田急多摩線「黒川」駅 徒歩28～30分</li>
tokyo,nagayama,多摩ニュータウン ファインヒルいなぎ ビューコート若葉台,149200,京王相模原線「若葉台」駅,16.0,18.0,京王相模原線「若葉台」駅,3.0,5.0,稲城市若葉台4-33,8号棟,鉄筋コンクリート造,6,N,603号室,3LDK,78,7,144500,4700,2か月,"['近居割', '近居割WIDE']",随時,https://www.ur-net.go.jp/chintai/kanto/tokyo/20_5910_room.html?JKSS=000080603,<li>京王相模原線「若葉台」駅 徒歩16～18分 またはバス2分 徒歩1～3分</li><li>小田急多摩線「はるひ野」駅 徒歩18～19分</li><li>小田急多摩線「黒川」駅 徒歩28～30分</li>
tokyo,nagayama,多摩ニュータウン ファインヒルいなぎ ビューコート若葉台,149200,小田急多摩線「はるひ野」駅,18.0,19.0,,,,稲城市若葉台4-33,8号棟,鉄筋コンクリート造,6,N,603号室,3LDK,78,7,144500,4700,2か月,"['近居割', '近居割WIDE']",随時,https://www.ur-net.go.jp/chintai/kanto/tokyo/20_5910_room.html?JKSS=000080603,<li>京王相模原線「若葉台」駅 徒歩16～18分 またはバス2分 徒歩1～3分</li><li>小田急多摩線「はるひ野」駅 徒歩18～19分</li><li>小田急多摩線「黒川」駅 徒歩28～30分</li>
tokyo,nagayama,多摩ニュータウン ファインヒルいなぎ ビューコート若葉台,149200,小田急多摩線「黒川」駅,28.0,30.0,,,,稲城市若葉台4-33,8号棟,鉄筋コンクリート造,6,N,603号室,3LDK,78,7,144500,4700,2か月,"['近居割', '近居割WIDE']",随時,https://www.ur-net.go.jp/chintai/kanto/tokyo/20_5910_room.html?JKSS=000080603,<li>京王相模原線「若葉台」駅 徒歩16～18分 またはバス2分 徒歩1～3分</li><li>小田急多摩線「はるひ野」駅 徒歩18～19分</li><li>小田急多摩線「黒川」駅 徒歩28～30分</li>
tokyo,nagayama,多摩ニュータウン ファインヒルいなぎ ビューコート若葉台,149200,,,,,,,稲城市若葉台4-33,8号棟,鉄筋コンクリート造,6,N,603号室,3LDK,78,7,144500,4700,2か月,"['近居割', '近居割WIDE']",随時,https://www.ur-net.go.jp/chintai/kanto/tokyo/20_5910_room.html?JKSS=000080603,<li>京王相模原線「若葉台」駅 徒歩16～18分 またはバス2分 徒歩1～3分</li><li>小田急多摩線「はるひ野」駅 徒歩18～19分</li><li>小田急多摩線「黒川」駅 徒歩28～30分</li>
tokyo,nagayama,多摩ニュータウン ファインヒルいなぎ 長峰・杜の一番街,118800,,,,京王相模原線「若葉台」駅,10.0,12.0,稲城市長峰3-2,1号棟,鉄筋コンクリート造,6,N,605号室,3LDK,77,11,113400,5400,2か月,"['近居割', '近居割WIDE']",随時,https://www.ur-net.go.jp/chintai/kanto/tokyo/20_5290_room.html?JKSS=000010605,<li>京王相模原線「若葉台」駅バス6分 徒歩4～6分</li><li>京王相模原線「稲城」駅バス11分 徒歩4～6分</li><li>JR南武線「南多摩」駅 徒歩32～33分</li>
tokyo,nagayama,多摩ニュータウン ファインヒルいなぎ 長峰・杜の一番街,118800,,,,京王相模原線「稲城」駅,15.0,17.0,稲城市長峰3-2,1号棟,鉄筋コンクリート造,6,N,605号室,3LDK,77,11,113400,5400,2か月,"['近居割', '近居割WIDE']",随時,https://www.ur-net.go.jp/chintai/kanto/tokyo/20_5290_room.html?JKSS=000010605,<li>京王相模原線「若葉台」駅バス6分 徒歩4～6分</li><li>京王相模原線「稲城」駅バス11分 徒歩4～6分</li><li>JR南武線「南多摩」駅 徒歩32～33分</li>
tokyo,nagayama,多摩ニュータウン ファインヒルいなぎ 長峰・杜の一番街,118800,JR南武線「南多摩」駅,32.0,33.0,,,,稲城市長峰3-2,1号棟,鉄筋コンクリート造,6,N,605号室,3LDK,77,11,113400,5400,2か月,"['近居割', '近居割WIDE']",随時,https://www.ur-net.go.jp/chintai/kanto/tokyo/20_5290_room.html?JKSS=000010605,<li>京王相模原線「若葉台」駅バス6分 徒歩4～6分</li><li>京王相模原線「稲城」駅バス11分 徒歩4～6分</li><li>JR南武線「南多摩」駅 徒歩32～33分</li>
tokyo,nagayama,多摩ニュータウン ファインヒルいなぎ 長峰・杜の一番街,118800,,,,,,,稲城市長峰3-2,1号棟,鉄筋コンクリート造,6,N,605号室,3LDK,77,11,113400,5400,2か月,"['近居割', '近居割WIDE']",随時,https://www.ur-net.go.jp/chintai/kanto/tokyo/20_5290_room.html?JKSS=000010605,<li>京王相模原線「若葉台」駅バス6分 徒歩4～6分</li><li>京王相模原線「稲城」駅バス11分 徒歩4～6分</li><li>JR南武線「南多摩」駅 徒歩32～33分</li>
kanagawa,shinyurigaoka,星が丘パークランド　つぐみ台,125900,京王相模原線「京王稲田堤」駅,15.0,16.0,,,,川崎市多摩区菅仙谷3-1,4号棟,鉄筋コンクリート造,3,N,303号室,3LDK,78,5,120300,5600,2か月,['近居割'],随時,https://www.ur-net.go.jp/chintai/kanto/kanagawa/40_2260_room.html?JKSS=000040303,<li>京王相模原線「京王稲田堤」駅 徒歩15～16分</li><li>JR南武線「稲田堤」駅 徒歩14分</li><li>小田急小田原線「読売ランド前」駅バス9分 徒歩2分</li>
kanagawa,shinyurigaoka,星が丘パークランド　つぐみ台,125900,JR南武線「稲田堤」駅,14.0,14.0,,,,川崎市多摩区菅仙谷3-1,4号棟,鉄筋コンクリート造,3,N,303号室,3LDK,78,5,120300,5600,2か月,['近居割'],随時,https://www.ur-net.go.jp/chintai/kanto/kanagawa/40_2260_room.html?JKSS=000040303,<li>京王相模原線「京王稲田堤」駅 徒歩15～16分</li><li>JR南武線「稲田堤」駅 徒歩14分</li><li>小田急小田原線「読売ランド前」駅バス9分 徒歩2分</li>
kanagawa,shinyurigaoka,星が丘パークランド　つぐみ台,125900,,,,小田急小田原線「読売ランド前」駅,11.0,11.0,川崎市多摩区菅仙谷3-1,4号棟,鉄筋コンクリート造,3,N,303号室,3LDK,78,5,120300,5600,2か月,['近居割'],随時,https://www.ur-net.go.jp/chintai/kanto/kanagawa/40_2260_room.html?JKSS=000040303,<li>京王相模原線「京王稲田堤」駅 徒歩15～16分</li><li>JR南武線「稲田堤」駅 徒歩14分</li><li>小田急小田原線「読売ランド前」駅バス9分 徒歩2分</li>
kanagawa,shinyurigaoka,星が丘パークランド　つぐみ台,125900,,,,,,,川崎市多摩区菅仙谷3-1,4号棟,鉄筋コンクリート造,3,N,303号室,3LDK,78,5,120300,5600,2か月,['近居割'],随時,https://www.ur-net.go.jp/chintai/kanto/kanagawa/40_2260_room.html?JKSS=000040303,<li>京王相模原線「京王稲田堤」駅 徒歩15～16分</li><li>JR南武線「稲田堤」駅 徒歩14分</li><li>小田急小田原線「読売ランド前」駅バス9分 徒歩2分</li>
kanagawa,shinyurigaoka,星が丘パークランド　つぐみ台,144100,京王相模原線「京王稲田堤」駅,15.0,16.0,,,,川崎市多摩区菅仙谷3-1,5号棟,鉄筋コンクリート造,4,N,406号室,4LDK,94,5,138500,5600,2か月,['近居割'],随時,https://www.ur-net.go.jp/chintai/kanto/kanagawa/40_2260_room.html?JKSS=000050406,<li>京王相模原線「京王稲田堤」駅 徒歩15～16分</li><li>JR南武線「稲田堤」駅 徒歩14分</li><li>小田急小田原線「読売ランド前」駅バス9分 徒歩2分</li>
kanagawa,shinyurigaoka,星が丘パークランド　つぐみ台,144100,JR南武線「稲田堤」駅,14.0,14.0,,,,川崎市多摩区菅仙谷3-1,5号棟,鉄筋コンクリート造,4,N,406号室,4LDK,94,5,138500,5600,2か月,['近居割'],随時,https://www.ur-net.go.jp/chintai/kanto/kanagawa/40_2260_room.html?JKSS=000050406,<li>京王相模原線「京王稲田堤」駅 徒歩15～16分</li><li>JR南武線「稲田堤」駅 徒歩14分</li><li>小田急小田原線「読売ランド前」駅バス9分 徒歩2分</li>
kanagawa,shinyurigaoka,星が丘パークランド　つぐみ台,144100,,,,小田急小田原線「読売ランド前」駅,11.0,11.0,川崎市多摩区菅仙谷3-1,5号棟,鉄筋コンクリート造,4,N,406号室,4LDK,94,5,138500,5600,2か月,['近居割'],随時,https://www.ur-net.go.jp/chintai/kanto/kanagawa/40_2260_room.html?JKSS=000050406,<li>京王相模原線「京王稲田堤」駅 徒歩15～16分</li><li>JR南武線「稲田堤」駅 徒歩14分</li><li>小田急小田原線「読売ランド前」駅バス9分 徒歩2分</li>
kanagawa,shinyurigaoka,星が丘パークランド　つぐみ台,144100,,,,,,,川崎市多摩区菅仙谷3-1,5号棟,鉄筋コンクリート造,4,N,406号室,4LDK,94,5,138500,5600,2か月,['近居割'],随時,https://www.ur-net.go.jp/chintai/kanto/kanagawa/40_2260_room.html?JKSS=000050406,<li>京王相模原線「京王稲田堤」駅 徒歩15～16分</li><li>JR南武線「稲田堤」駅 徒歩14分</li><li>小田急小田原線「読売ランド前」駅バス9分 徒歩2分</li>
kanagawa,shinyurigaoka,虹ヶ丘,71100,,,,東急田園都市線「あざみ野」駅,12.0,17.0,川崎市麻生区虹ケ丘2-2ほか,2-1号棟,鉄筋コンクリート造、鉄骨鉄筋コンクリート造,5,N,501号室,1K,35,8,67300,3800,2か月,"['近居割', '近居割WIDE']",随時,https://www.ur-net.go.jp/chintai/kanto/kanagawa/40_1710_room.html?JKSS=002010501,<li>東急田園都市線「あざみ野」駅バス10分　徒歩2～7分</li><li>東急田園都市線「たまプラーザ」駅バス12分　徒歩2～7分</li><li>小田急小田原線「新百合ヶ丘」駅バス16分　徒歩3～8分</li>
kanagawa,shinyurigaoka,虹ヶ丘,71100,,,,東急田園都市線「たまプラーザ」駅,14.0,19.0,川崎市麻生区虹ケ丘2-2ほか,2-1号棟,鉄筋コンクリート造、鉄骨鉄筋コンクリート造,5,N,501号室,1K,35,8,67300,3800,2か月,"['近居割', '近居割WIDE']",随時,https://www.ur-net.go.jp/chintai/kanto/kanagawa/40_1710_room.html?JKSS=002010501,<li>東急田園都市線「あざみ野」駅バス10分　徒歩2～7分</li><li>東急田園都市線「たまプラーザ」駅バス12分　徒歩2～7分</li><li>小田急小田原線「新百合ヶ丘」駅バス16分　徒歩3～8分</li>
kanagawa,shinyurigaoka,虹ヶ丘,71100,,,,小田急小田原線「新百合ヶ丘」駅,19.0,24.0,川崎市麻生区虹ケ丘2-2ほか,2-1号棟,鉄筋コンクリート造、鉄骨鉄筋コンクリート造,5,N,501号室,1K,35,8,67300,3800,2か月,"['近居割', '近居割WIDE']",随時,https://www.ur-net.go.jp/chintai/kanto/kanagawa/40_1710_room.html?JKSS=002010501,<li>東急田園都市線「あざみ野」駅バス10分　徒歩2～7分</li><li>東急田園都市線「たまプラーザ」駅バス12分　徒歩2～7分</li><li>小田急小田原線「新百合ヶ丘」駅バス16分　徒歩3～8分</li>
kanagawa,shinyurigaoka,虹ヶ丘,71100,,,,,,,川崎市麻生区虹ケ丘2-2ほか,2-1号棟,鉄筋コンクリート造、鉄骨鉄筋コンクリート造,5,N,501号室,1K,35,8,67300,3800,2か月,"['近居割', '近居割WIDE']",随時,https://www.ur-net.go.jp/chintai/kanto/kanagawa/40_1710_room.html?JKSS=002010501,<li>東急田園都市線「あざみ野」駅バス10分　徒歩2～7分</li><li>東急田園都市線「たまプラーザ」駅バス12分　徒歩2～7分</li><li>小田急小田原線「新百合ヶ丘」駅バス16分　徒歩3～8分</li>
kanagawa,shinyurigaoka,虹ヶ丘,88000,,,,東急田園都市線「あざみ野」駅,12.0,17.0,川崎市麻生区虹ケ丘2-2ほか,3-20号棟,鉄筋コンクリート造、鉄骨鉄筋コンクリート造,5,N,502号室,2DK,49,5,84200,3800,2か月,['URライト（4年定借）'],随時,https://www.ur-net.go.jp/chintai/kanto/kanagawa/40_1710_room.html?JKSS=003200502,<li>東急田園都市線「あざみ野」駅バス10分　徒歩2～7分</li><li>東急田園都市線「たまプラーザ」駅バス12分　徒歩2～7分</li><li>小田急小田原線「新百合ヶ丘」駅バス16分　徒歩3～8分</li>
kanagawa,shinyurigaoka,虹ヶ丘,88000,,,,東急田園都市線「たまプラーザ」駅,14.0,19.0,川崎市麻生区虹ケ丘2-2ほか,3-20号棟,鉄筋コンクリート造、鉄骨鉄筋コンクリート造,5,N,502号室,2DK,49,5,84200,3800,2か月,['URライト（4年定借）'],随時,https://www.ur-net.go.jp/chintai/kanto/kanagawa/40_1710_room.html?JKSS=003200502,<li>東急田園都市線「あざみ野」駅バス10分　徒歩2～7分</li><li>東急田園都市線「たまプラーザ」駅バス12分　徒歩2～7分</li><li>小田急小田原線「新百合ヶ丘」駅バス16分　徒歩3～8分</li>
kanagawa,shinyurigaoka,虹ヶ丘,88000,,,,小田急小田原線「新百合ヶ丘」駅,19.0,24.0,川崎市麻生区虹ケ丘2-2ほか,3-20号棟,鉄筋コンクリート造、鉄骨鉄筋コンクリート造,5,N,502号室,2DK,49,5,84200,3800,2か月,['URライト（4年定借）'],随時,https://www.ur-net.go.jp/chintai/kanto/kanagawa/40_1710_room.html?JKSS=003200502,<li>東急田園都市線「あざみ野」駅バス10分　徒歩2～7分</li><li>東急田園都市線「たまプラーザ」駅バス12分　徒歩2～7分</li><li>小田急小田原線「新百合ヶ丘」駅バス16分　徒歩3～8分</li>
kanagawa,shinyurigaoka,虹ヶ丘,88000,,,,,,,川崎市麻生区虹ケ丘2-2ほか,3-20号棟,鉄筋コンクリート造、鉄骨鉄筋コンクリート造,5,N,502号室,2DK,49,5,84200,3800,2か月,['URライト（4年定借）'],随時,https://www.ur-net.go.jp/chintai/kanto/kanagawa/40_1710_room.html?JKSS=003200502,<li>東急田園都市線「あざみ野」駅バス10分　徒歩2～7分</li><li>東急田園都市線「たまプラーザ」駅バス12分　徒歩2～7分</li><li>小田急小田原線「新百合ヶ丘」駅バス16分　徒歩3～8分</li>
kanagawa,shinyurigaoka,虹ヶ丘,90700,,,,東急田園都市線「あざみ野」駅,12.0,17.0,川崎市麻生区虹ケ丘2-2ほか,2-14号棟,鉄筋コンクリート造、鉄骨鉄筋コンクリート造,4,N,401号室,2DK,49,5,86900,3800,2か月,['URライト（4年定借）'],随時,https://www.ur-net.go.jp/chintai/kanto/kanagawa/40_1710_room.html?JKSS=002140401,<li>東急田園都市線「あざみ野」駅バス10分　徒歩2～7分</li><li>東急田園都市線「たまプラーザ」駅バス12分　徒歩2～7分</li><li>小田急小田原線「新百合ヶ丘」駅バス16分　徒歩3～8分</li>
kanagawa,shinyurigaoka,虹ヶ丘,90700,,,,東急田園都市線「たまプラーザ」駅,14.0,19.0,川崎市麻生区虹ケ丘2-2ほか,2-14号棟,鉄筋コンクリート造、鉄骨鉄筋コンクリート造,4,N,401号室,2DK,49,5,86900,3800,2か月,['URライト（4年定借）'],随時,https://www.ur-net.go.jp/chintai/kanto/kanagawa/40_1710_room.html?JKSS=002140401,<li>東急田園都市線「あざみ野」駅バス10分　徒歩2～7分</li><li>東急田園都市線「たまプラーザ」駅バス12分　徒歩2～7分</li><li>小田急小田原線「新百合ヶ丘」駅バス16分　徒歩3～8分</li>
kanagawa,shinyurigaoka,虹ヶ丘,90700,,,,小田急小田原線「新百合ヶ丘」駅,19.0,24.0,川崎市麻生区虹ケ丘2-2ほか,2-14号棟,鉄筋コンクリート造、鉄骨鉄筋コンクリート造,4,N,401号室,2DK,49,5,86900,3800,2か月,['URライト（4年定借）'],随時,https://www.ur-net.go.jp/chintai/kanto/kanagawa/40_1710_room.html?JKSS=002140401,<li>東急田園都市線「あざみ野」駅バス10分　徒歩2～7分</li><li>東急田園都市線「たまプラーザ」駅バス12分　徒歩2～7分</li><li>小田急小田原線「新百合ヶ丘」駅バス16分　徒歩3～8分</li>
kanagawa,shinyurigaoka,虹ヶ丘,90700,,,,,,,川崎市麻生区虹ケ丘2-2ほか,2-14号棟,鉄筋コンクリート造、鉄骨鉄筋コンクリート造,4,N,401号室,2DK,49,5,86900,3800,2か月,['URライト（4年定借）'],随時,https://www.ur-net.go.jp/chintai/kanto/kanagawa/40_1710_room.html?JKSS=002140401,<li>東急田園都市線「あざみ野」駅バス10分　徒歩2～7分</li><li>東急田園都市線「たまプラーザ」駅バス12分　徒歩2～7分</li><li>小田急小田原線「新百合ヶ丘」駅バス16分　徒歩3～8分</li>
kanagawa,shinyurigaoka,虹ヶ丘,93200,,,,東急田園都市線「あざみ野」駅,12.0,17.0,川崎市麻生区虹ケ丘2-2ほか,2-7号棟,鉄筋コンクリート造、鉄骨鉄筋コンクリート造,3,N,303号室,3K,49,5,89400,3800,2か月,['URライト（4年定借）'],随時,https://www.ur-net.go.jp/chintai/kanto/kanagawa/40_1710_room.html?JKSS=002070303,<li>東急田園都市線「あざみ野」駅バス10分　徒歩2～7分</li><li>東急田園都市線「たまプラーザ」駅バス12分　徒歩2～7分</li><li>小田急小田原線「新百合ヶ丘」駅バス16分　徒歩3～8分</li>
kanagawa,shinyurigaoka,虹ヶ丘,93200,,,,東急田園都市線「たまプラーザ」駅,14.0,19.0,川崎市麻生区虹ケ丘2-2ほか,2-7号棟,鉄筋コンクリート造、鉄骨鉄筋コンクリート造,3,N,303号室,3K,49,5,89400,3800,2か月,['URライト（4年定借）'],随時,https://www.ur-net.go.jp/chintai/kanto/kanagawa/40_1710_room.html?JKSS=002070303,<li>東急田園都市線「あざみ野」駅バス10分　徒歩2～7分</li><li>東急田園都市線「たまプラーザ」駅バス12分　徒歩2～7分</li><li>小田急小田原線「新百合ヶ丘」駅バス16分　徒歩3～8分</li>
kanagawa,shinyurigaoka,虹ヶ丘,93200,,,,小田急小田原線「新百合ヶ丘」駅,19.0,24.0,川崎市麻生区虹ケ丘2-2ほか,2-7号棟,鉄筋コンクリート造、鉄骨鉄筋コンクリート造,3,N,303号室,3K,49,5,89400,3800,2か月,['URライト（4年定借）'],随時,https://www.ur-net.go.jp/chintai/kanto/kanagawa/40_1710_room.html?JKSS=002070303,<li>東急田園都市線「あざみ野」駅バス10分　徒歩2～7分</li><li>東急田園都市線「たまプラーザ」駅バス12分　徒歩2～7分</li><li>小田急小田原線「新百合ヶ丘」駅バス16分　徒歩3～8分</li>
kanagawa,shinyurigaoka,虹ヶ丘,93200,,,,,,,川崎市麻生区虹ケ丘2-2ほか,2-7号棟,鉄筋コンクリート造、鉄骨鉄筋コンクリート造,3,N,303号室,3K,49,5,89400,3800,2か月,['URライト（4年定借）'],随時,https://www.ur-net.go.jp/chintai/kanto/kanagawa/40_1710_room.html?JKSS=002070303,<li>東急田園都市線「あざみ野」駅バス10分　徒歩2～7分</li><li>東急田園都市線「たまプラーザ」駅バス12分　徒歩2～7分</li><li>小田急小田原線「新百合ヶ丘」駅バス16分　徒歩3～8分</li>
kanagawa,shinyurigaoka,虹ヶ丘,101700,,,,東急田園都市線「あざみ野」駅,12.0,17.0,川崎市麻生区虹ケ丘2-2ほか,2-4号棟,鉄筋コンクリート造、鉄骨鉄筋コンクリート造,3,N,306号室,3DK,53,5,97900,3800,2か月,['URライト（4年定借）'],随時,https://www.ur-net.go.jp/chintai/kanto/kanagawa/40_1710_room.html?JKSS=002040306,<li>東急田園都市線「あざみ野」駅バス10分　徒歩2～7分</li><li>東急田園都市線「たまプラーザ」駅バス12分　徒歩2～7分</li><li>小田急小田原線「新百合ヶ丘」駅バス16分　徒歩3～8分</li>
kanagawa,shinyurigaoka,虹ヶ丘,101700,,,,東急田園都市線「たまプラーザ」駅,14.0,19.0,川崎市麻生区虹ケ丘2-2ほか,2-4号棟,鉄筋コンクリート造、鉄骨鉄筋コンクリート造,3,N,306号室,3DK,53,5,97900,3800,2か月,['URライト（4年定借）'],随時,https://www.ur-net.go.jp/chintai/kanto/kanagawa/40_1710_room.html?JKSS=002040306,<li>東急田園都市線「あざみ野」駅バス10分　徒歩2～7分</li><li>東急田園都市線「たまプラーザ」駅バス12分　徒歩2～7分</li><li>小田急小田原線「新百合ヶ丘」駅バス16分　徒歩3～8分</li>
kanagawa,shinyurigaoka,虹ヶ丘,101700,,,,小田急小田原線「新百合ヶ丘」駅,19.0,24.0,川崎市麻生区虹ケ丘2-2ほか,2-4号棟,鉄筋コンクリート造、鉄骨鉄筋コンクリート造,3,N,306号室,3DK,53,5,97900,3800,2か月,['URライト（4年定借）'],随時,https://www.ur-net.go.jp/chintai/kanto/kanagawa/40_1710_room.html?JKSS=002040306,<li>東急田園都市線「あざみ野」駅バス10分　徒歩2～7分</li><li>東急田園都市線「たまプラーザ」駅バス12分　徒歩2～7分</li><li>小田急小田原線「新百合ヶ丘」駅バス16分　徒歩3～8分</li>
kanagawa,shinyurigaoka,虹ヶ丘,101700,,,,,,,川崎市麻生区虹ケ丘2-2ほか,2-4号棟,鉄筋コンクリート造、鉄骨鉄筋コンクリート造,3,N,306号室,3DK,53,5,97900,3800,2か月,['URライト（4年定借）'],随時,https://www.ur-net.go.jp/chintai/kanto/kanagawa/40_1710_room.html?JKSS=002040306,<li>東急田園都市線「あざみ野」駅バス10分　徒歩2～7分</li><li>東急田園都市線「たまプラーザ」駅バス12分　徒歩2～7分</li><li>小田急小田原線「新百合ヶ丘」駅バス16分　徒歩3～8分</li>
kanagawa,shinyurigaoka,サンラフレ百合ヶ丘,152200,小田急小田原線「百合ヶ丘」駅,3.0,10.0,,,,川崎市麻生区百合丘1-16ほか,14号棟,鉄筋コンクリート造,3,N,310号室,1LDK,56,4,147800,4400,2か月,"['近居割', '近居割WIDE']",随時,https://www.ur-net.go.jp/chintai/kanto/kanagawa/40_3500_room.html?JKSS=000140310,<li>小田急小田原線「百合ヶ丘」駅 徒歩3～10分</li><li>小田急小田原線「新百合ヶ丘」駅 徒歩10～17分</li><li>東急田園都市線「あざみ野」駅バス41分 徒歩2～5分</li>
kanagawa,shinyurigaoka,サンラフレ百合ヶ丘,152200,小田急小田原線「新百合ヶ丘」駅,10.0,17.0,,,,川崎市麻生区百合丘1-16ほか,14号棟,鉄筋コンクリート造,3,N,310号室,1LDK,56,4,147800,4400,2か月,"['近居割', '近居割WIDE']",随時,https://www.ur-net.go.jp/chintai/kanto/kanagawa/40_3500_room.html?JKSS=000140310,<li>小田急小田原線「百合ヶ丘」駅 徒歩3～10分</li><li>小田急小田原線「新百合ヶ丘」駅 徒歩10～17分</li><li>東急田園都市線「あざみ野」駅バス41分 徒歩2～5分</li>
kanagawa,shinyurigaoka,サンラフレ百合ヶ丘,152200,,,,東急田園都市線「あざみ野」駅,43.0,46.0,川崎市麻生区百合丘1-16ほか,14号棟,鉄筋コンクリート造,3,N,310号室,1LDK,56,4,147800,4400,2か月,"['近居割', '近居割WIDE']",随時,https://www.ur-net.go.jp/chintai/kanto/kanagawa/40_3500_room.html?JKSS=000140310,<li>小田急小田原線「百合ヶ丘」駅 徒歩3～10分</li><li>小田急小田原線「新百合ヶ丘」駅 徒歩10～17分</li><li>東急田園都市線「あざみ野」駅バス41分 徒歩2～5分</li>
kanagawa,shinyurigaoka,サンラフレ百合ヶ丘,152200,,,,,,,川崎市麻生区百合丘1-16ほか,14号棟,鉄筋コンクリート造,3,N,310号室,1LDK,56,4,147800,4400,2か月,"['近居割', '近居割WIDE']",随時,https://www.ur-net.go.jp/chintai/kanto/kanagawa/40_3500_room.html?JKSS=000140310,<li>小田急小田原線「百合ヶ丘」駅 徒歩3～10分</li><li>小田急小田原線「新百合ヶ丘」駅 徒歩10～17分</li><li>東急田園都市線「あざみ野」駅バス41分 徒歩2～5分</li>
kanagawa,shinyurigaoka,サンラフレ百合ヶ丘,208100,小田急小田原線「百合ヶ丘」駅,3.0,10.0,,,,川崎市麻生区百合丘1-16ほか,9号棟,鉄筋コンクリート造,8,N,805号室,4LDK,84,10,203700,4400,2か月,"['近居割', '近居割WIDE']",随時,https://www.ur-net.go.jp/chintai/kanto/kanagawa/40_3500_room.html?JKSS=000090805,<li>小田急小田原線「百合ヶ丘」駅 徒歩3～10分</li><li>小田急小田原線「新百合ヶ丘」駅 徒歩10～17分</li><li>東急田園都市線「あざみ野」駅バス41分 徒歩2～5分</li>
kanagawa,shinyurigaoka,サンラフレ百合ヶ丘,208100,小田急小田原線「新百合ヶ丘」駅,10.0,17.0,,,,川崎市麻生区百合丘1-16ほか,9号棟,鉄筋コンクリート造,8,N,805号室,4LDK,84,10,203700,4400,2か月,"['近居割', '近居割WIDE']",随時,https://www.ur-net.go.jp/chintai/kanto/kanagawa/40_3500_room.html?JKSS=000090805,<li>小田急小田原線「百合ヶ丘」駅 徒歩3～10分</li><li>小田急小田原線「新百合ヶ丘」駅 徒歩10～17分</li><li>東急田園都市線「あざみ野」駅バス41分 徒歩2～5分</li>
kanagawa,shinyurigaoka,サンラフレ百合ヶ丘,208100,,,,東急田園都市線「あざみ野」駅,43.0,46.0,川崎市麻生区百合丘1-16ほか,9号棟,鉄筋コンクリート造,8,N,805号室,4LDK,84,10,203700,4400,2か月,"['近居割', '近居割WIDE']",随時,https://www.ur-net.go.jp/chintai/kanto/kanagawa/40_3500_room.html?JKSS=000090805,<li>小田急小田原線「百合ヶ丘」駅 徒歩3～10分</li><li>小田急小田原線「新百合ヶ丘」駅 徒歩10～17分</li><li>東急田園都市線「あざみ野」駅バス41分 徒歩2～5分</li>
kanagawa,shinyurigaoka,サンラフレ百合ヶ丘,208100,,,,,,,川崎市麻生区百合丘1-16ほか,9号棟,鉄筋コンクリート造,8,N,805号室,4LDK,84,10,203700,4400,2か月,"['近居割', '近居割WIDE']",随時,https://www.ur-net.go.jp/chintai/kanto/kanagawa/40_3500_room.html?JKSS=000090805,<li>小田急小田原線「百合ヶ丘」駅 徒歩3～10分</li><li>小田急小田原線「新百合ヶ丘」駅 徒歩10～17分</li><li>東急田園都市線「あざみ野」駅バス41分 徒歩2～5分</li>
kanagawa,shinyurigaoka,アーバンハイツ菅生ヶ丘,109600,,,,小田急小田原線「生田」駅,15.0,15.0,川崎市宮前区菅生ケ丘34-1ほか,,鉄筋コンクリート造,4,N,401号室,1LDK,61,6,102200,7400,2か月,['近居割'],随時,https://www.ur-net.go.jp/chintai/kanto/kanagawa/40_3220_room.html?JKSS=000000401,<li>小田急小田原線「生田」駅バス11分 徒歩4分</li><li>東急田園都市線「溝の口」駅バス21分 徒歩4分</li>
kanagawa,shinyurigaoka,アーバンハイツ菅生ヶ丘,109600,,,,東急田園都市線「溝の口」駅,25.0,25.0,川崎市宮前区菅生ケ丘34-1ほか,,鉄筋コンクリート造,4,N,401号室,1LDK,61,6,102200,7400,2か月,['近居割'],随時,https://www.ur-net.go.jp/chintai/kanto/kanagawa/40_3220_room.html?JKSS=000000401,<li>小田急小田原線「生田」駅バス11分 徒歩4分</li><li>東急田園都市線「溝の口」駅バス21分 徒歩4分</li>
kanagawa,shinyurigaoka,アーバンハイツ菅生ヶ丘,109600,,,,,,,川崎市宮前区菅生ケ丘34-1ほか,,鉄筋コンクリート造,4,N,401号室,1LDK,61,6,102200,7400,2か月,['近居割'],随時,https://www.ur-net.go.jp/chintai/kanto/kanagawa/40_3220_room.html?JKSS=000000401,<li>小田急小田原線「生田」駅バス11分 徒歩4分</li><li>東急田園都市線「溝の口」駅バス21分 徒歩4分</li>
kanagawa,shinyurigaoka,アーバンハイツ菅生ヶ丘,122700,,,,小田急小田原線「生田」駅,15.0,15.0,川崎市宮前区菅生ケ丘34-1ほか,,鉄筋コンクリート造,3,N,306号室,3DK,76,6,115300,7400,2か月,['近居割'],随時,https://www.ur-net.go.jp/chintai/kanto/kanagawa/40_3220_room.html?JKSS=000000306,<li>小田急小田原線「生田」駅バス11分 徒歩4分</li><li>東急田園都市線「溝の口」駅バス21分 徒歩4分</li>
kanagawa,shinyurigaoka,アーバンハイツ菅生ヶ丘,122700,,,,東急田園都市線「溝の口」駅,25.0,25.0,川崎市宮前区菅生ケ丘34-1ほか,,鉄筋コンクリート造,3,N,306号室,3DK,76,6,115300,7400,2か月,['近居割'],随時,https://www.ur-net.go.jp/chintai/kanto/kanagawa/40_3220_room.html?JKSS=000000306,<li>小田急小田原線「生田」駅バス11分 徒歩4分</li><li>東急田園都市線「溝の口」駅バス21分 徒歩4分</li>
kanagawa,shinyurigaoka,アーバンハイツ菅生ヶ丘,122700,,,,,,,川崎市宮前区菅生ケ丘34-1ほか,,鉄筋コンクリート造,3,N,306号室,3DK,76,6,115300,7400,2か月,['近居割'],随時,https://www.ur-net.go.jp/chintai/kanto/kanagawa/40_3220_room.html?JKSS=000000306,<li>小田急小田原線「生田」駅バス11分 徒歩4分</li><li>東急田園都市線「溝の口」駅バス21分 徒歩4分</li>
kanagawa,shinyurigaoka,コンフォール生田菅生ヶ丘,156100,,,,小田急小田原線「生田」駅,17.0,18.0,川崎市宮前区菅生ケ丘24,3号棟,鉄筋コンクリート造,2,N,201号室,4LDK,92,3,145300,10800,2か月,['近居割'],随時,https://www.ur-net.go.jp/chintai/kanto/kanagawa/40_3700_room.html?JKSS=000030201,<li>小田急小田原線「生田」駅バス11分 徒歩6～7分</li><li>東急田園都市線「溝の口」駅バス21分 徒歩3～4分</li><li>東急田園都市線「たまプラーザ」駅バス9分 徒歩7～8分</li>
kanagawa,shinyurigaoka,コンフォール生田菅生ヶ丘,156100,,,,東急田園都市線「溝の口」駅,24.0,25.0,川崎市宮前区菅生ケ丘24,3号棟,鉄筋コンクリート造,2,N,201号室,4LDK,92,3,145300,10800,2か月,['近居割'],随時,https://www.ur-net.go.jp/chintai/kanto/kanagawa/40_3700_room.html?JKSS=000030201,<li>小田急小田原線「生田」駅バス11分 徒歩6～7分</li><li>東急田園都市線「溝の口」駅バス21分 徒歩3～4分</li><li>東急田園都市線「たまプラーザ」駅バス9分 徒歩7～8分</li>
kanagawa,shinyurigaoka,コンフォール生田菅生ヶ丘,156100,,,,東急田園都市線「たまプラーザ」駅,16.0,17.0,川崎市宮前区菅生ケ丘24,3号棟,鉄筋コンクリート造,2,N,201号室,4LDK,92,3,145300,10800,2か月,['近居割'],随時,https://www.ur-net.go.jp/chintai/kanto/kanagawa/40_3700_room.html?JKSS=000030201,<li>小田急小田原線「生田」駅バス11分 徒歩6～7分</li><li>東急田園都市線「溝の口」駅バス21分 徒歩3～4分</li><li>東急田園都市線「たまプラーザ」駅バス9分 徒歩7～8分</li>
kanagawa,shinyurigaoka,コンフォール生田菅生ヶ丘,156100,,,,,,,川崎市宮前区菅生ケ丘24,3号棟,鉄筋コンクリート造,2,N,201号室,4LDK,92,3,145300,10800,2か月,['近居割'],随時,https://www.ur-net.go.jp/chintai/kanto/kanagawa/40_3700_room.html?JKSS=000030201,<li>小田急小田原線「生田」駅バス11分 徒歩6～7分</li><li>東急田園都市線「溝の口」駅バス21分 徒歩3～4分</li><li>東急田園都市線「たまプラーザ」駅バス9分 徒歩7～8分</li>
kanagawa,hiyoshi,サンヴァリエ日吉,130500,東急東横線「日吉」駅,19.0,23.0,東急東横線「日吉」駅,15.0,18.0,横浜市港北区下田町4-1ほか,9号棟,鉄筋コンクリート造,6,N,604号室,1LDK,48,7,126100,4400,2か月,['近居割'],随時,https://www.ur-net.go.jp/chintai/kanto/kanagawa/40_3290_room.html?JKSS=000090604,<li>東急東横線「日吉」駅 徒歩19～23分</li><li>東急東横線「日吉」駅バス14分 徒歩1～4分</li><li>横浜市営地下鉄グリーンライン「日吉本町」駅 徒歩13～16分</li>
kanagawa,hiyoshi,サンヴァリエ日吉,130500,横浜市営地下鉄グリーンライン「日吉本町」駅,13.0,16.0,,,,横浜市港北区下田町4-1ほか,9号棟,鉄筋コンクリート造,6,N,604号室,1LDK,48,7,126100,4400,2か月,['近居割'],随時,https://www.ur-net.go.jp/chintai/kanto/kanagawa/40_3290_room.html?JKSS=000090604,<li>東急東横線「日吉」駅 徒歩19～23分</li><li>東急東横線「日吉」駅バス14分 徒歩1～4分</li><li>横浜市営地下鉄グリーンライン「日吉本町」駅 徒歩13～16分</li>
kanagawa,hiyoshi,サンヴァリエ日吉,130500,,,,,,,横浜市港北区下田町4-1ほか,9号棟,鉄筋コンクリート造,6,N,604号室,1LDK,48,7,126100,4400,2か月,['近居割'],随時,https://www.ur-net.go.jp/chintai/kanto/kanagawa/40_3290_room.html?JKSS=000090604,<li>東急東横線「日吉」駅 徒歩19～23分</li><li>東急東横線「日吉」駅バス14分 徒歩1～4分</li><li>横浜市営地下鉄グリーンライン「日吉本町」駅 徒歩13～16分</li>
kanagawa,hiyoshi,サンヴァリエ日吉,136700,東急東横線「日吉」駅,19.0,23.0,東急東横線「日吉」駅,15.0,18.0,横浜市港北区下田町4-1ほか,12号棟,鉄筋コンクリート造,3,N,307号室,1LDK,51,8,132300,4400,2か月,['近居割'],随時,https://www.ur-net.go.jp/chintai/kanto/kanagawa/40_3290_room.html?JKSS=000120307,<li>東急東横線「日吉」駅 徒歩19～23分</li><li>東急東横線「日吉」駅バス14分 徒歩1～4分</li><li>横浜市営地下鉄グリーンライン「日吉本町」駅 徒歩13～16分</li>
kanagawa,hiyoshi,サンヴァリエ日吉,136700,横浜市営地下鉄グリーンライン「日吉本町」駅,13.0,16.0,,,,横浜市港北区下田町4-1ほか,12号棟,鉄筋コンクリート造,3,N,307号室,1LDK,51,8,132300,4400,2か月,['近居割'],随時,https://www.ur-net.go.jp/chintai/kanto/kanagawa/40_3290_room.html?JKSS=000120307,<li>東急東横線「日吉」駅 徒歩19～23分</li><li>東急東横線「日吉」駅バス14分 徒歩1～4分</li><li>横浜市営地下鉄グリーンライン「日吉本町」駅 徒歩13～16分</li>
kanagawa,hiyoshi,サンヴァリエ日吉,136700,,,,,,,横浜市港北区下田町4-1ほか,12号棟,鉄筋コンクリート造,3,N,307号室,1LDK,51,8,132300,4400,2か月,['近居割'],随時,https://www.ur-net.go.jp/chintai/kanto/kanagawa/40_3290_room.html?JKSS=000120307,<li>東急東横線「日吉」駅 徒歩19～23分</li><li>東急東横線「日吉」駅バス14分 徒歩1～4分</li><li>横浜市営地下鉄グリーンライン「日吉本町」駅 徒歩13～16分</li>
kanagawa,nakayama,霧が丘グリーンタウン,94000,,,,JR横浜線「十日市場」駅,9.0,13.0,横浜市緑区霧が丘3-22-5ほか,22-13号棟,鉄筋コンクリート造,4,N,402号室,3DK,65,5,89000,5000,2か月,['近居割'],随時,https://www.ur-net.go.jp/chintai/kanto/kanagawa/40_2030_room.html?JKSS=022130402,<li>JR横浜線「十日市場」駅バス7分 徒歩2～6分</li><li>東急田園都市線「青葉台」駅バス19分 徒歩2～6分</li><li>JR横浜線「長津田」駅バス11分 徒歩6～13分</li>
kanagawa,nakayama,霧が丘グリーンタウン,94000,,,,東急田園都市線「青葉台」駅,21.0,25.0,横浜市緑区霧が丘3-22-5ほか,22-13号棟,鉄筋コンクリート造,4,N,402号室,3DK,65,5,89000,5000,2か月,['近居割'],随時,https://www.ur-net.go.jp/chintai/kanto/kanagawa/40_2030_room.html?JKSS=022130402,<li>JR横浜線「十日市場」駅バス7分 徒歩2～6分</li><li>東急田園都市線「青葉台」駅バス19分 徒歩2～6分</li><li>JR横浜線「長津田」駅バス11分 徒歩6～13分</li>
kanagawa,nakayama,霧が丘グリーンタウン,94000,,,,JR横浜線「長津田」駅,17.0,24.0,横浜市緑区霧が丘3-22-5ほか,22-13号棟,鉄筋コンクリート造,4,N,402号室,3DK,65,5,89000,5000,2か月,['近居割'],随時,https://www.ur-net.go.jp/chintai/kanto/kanagawa/40_2030_room.html?JKSS=022130402,<li>JR横浜線「十日市場」駅バス7分 徒歩2～6分</li><li>東急田園都市線「青葉台」駅バス19分 徒歩2～6分</li><li>JR横浜線「長津田」駅バス11分 徒歩6～13分</li>
kanagawa,nakayama,霧が丘グリーンタウン,94000,,,,,,,横浜市緑区霧が丘3-22-5ほか,22-13号棟,鉄筋コンクリート造,4,N,402号室,3DK,65,5,89000,5000,2か月,['近居割'],随時,https://www.ur-net.go.jp/chintai/kanto/kanagawa/40_2030_room.html?JKSS=022130402,<li>JR横浜線「十日市場」駅バス7分 徒歩2～6分</li><li>東急田園都市線「青葉台」駅バス19分 徒歩2～6分</li><li>JR横浜線「長津田」駅バス11分 徒歩6～13分</li>
kanagawa,nakayama,霧が丘グリーンタウン,94100,,,,JR横浜線「十日市場」駅,9.0,13.0,横浜市緑区霧が丘3-22-5ほか,22-6号棟,鉄筋コンクリート造,4,N,401号室,3DK,65,5,89100,5000,2か月,['近居割'],随時,https://www.ur-net.go.jp/chintai/kanto/kanagawa/40_2030_room.html?JKSS=022060401,<li>JR横浜線「十日市場」駅バス7分 徒歩2～6分</li><li>東急田園都市線「青葉台」駅バス19分 徒歩2～6分</li><li>JR横浜線「長津田」駅バス11分 徒歩6～13分</li>
kanagawa,nakayama,霧が丘グリーンタウン,94100,,,,東急田園都市線「青葉台」駅,21.0,25.0,横浜市緑区霧が丘3-22-5ほか,22-6号棟,鉄筋コンクリート造,4,N,401号室,3DK,65,5,89100,5000,2か月,['近居割'],随時,https://www.ur-net.go.jp/chintai/kanto/kanagawa/40_2030_room.html?JKSS=022060401,<li>JR横浜線「十日市場」駅バス7分 徒歩2～6分</li><li>東急田園都市線「青葉台」駅バス19分 徒歩2～6分</li><li>JR横浜線「長津田」駅バス11分 徒歩6～13分</li>
kanagawa,nakayama,霧が丘グリーンタウン,94100,,,,JR横浜線「長津田」駅,17.0,24.0,横浜市緑区霧が丘3-22-5ほか,22-6号棟,鉄筋コンクリート造,4,N,401号室,3DK,65,5,89100,5000,2か月,['近居割'],随時,https://www.ur-net.go.jp/chintai/kanto/kanagawa/40_2030_room.html?JKSS=022060401,<li>JR横浜線「十日市場」駅バス7分 徒歩2～6分</li><li>東急田園都市線「青葉台」駅バス19分 徒歩2～6分</li><li>JR横浜線「長津田」駅バス11分 徒歩6～13分</li>
kanagawa,nakayama,霧が丘グリーンタウン,94100,,,,,,,横浜市緑区霧が丘3-22-5ほか,22-6号棟,鉄筋コンクリート造,4,N,401号室,3DK,65,5,89100,5000,2か月,['近居割'],随時,https://www.ur-net.go.jp/chintai/kanto/kanagawa/40_2030_room.html?JKSS=022060401,<li>JR横浜線「十日市場」駅バス7分 徒歩2～6分</li><li>東急田園都市線「青葉台」駅バス19分 徒歩2～6分</li><li>JR横浜線「長津田」駅バス11分 徒歩6～13分</li>
kanagawa,nakayama,霧が丘グリーンタウン,96800,,,,JR横浜線「十日市場」駅,9.0,13.0,横浜市緑区霧が丘3-22-5ほか,3-25-2号棟,鉄筋コンクリート造,6,N,609号室,3DK,61,6,91800,5000,2か月,['近居割'],随時,https://www.ur-net.go.jp/chintai/kanto/kanagawa/40_2030_room.html?JKSS=325020609,<li>JR横浜線「十日市場」駅バス7分 徒歩2～6分</li><li>東急田園都市線「青葉台」駅バス19分 徒歩2～6分</li><li>JR横浜線「長津田」駅バス11分 徒歩6～13分</li>
kanagawa,nakayama,霧が丘グリーンタウン,96800,,,,東急田園都市線「青葉台」駅,21.0,25.0,横浜市緑区霧が丘3-22-5ほか,3-25-2号棟,鉄筋コンクリート造,6,N,609号室,3DK,61,6,91800,5000,2か月,['近居割'],随時,https://www.ur-net.go.jp/chintai/kanto/kanagawa/40_2030_room.html?JKSS=325020609,<li>JR横浜線「十日市場」駅バス7分 徒歩2～6分</li><li>東急田園都市線「青葉台」駅バス19分 徒歩2～6分</li><li>JR横浜線「長津田」駅バス11分 徒歩6～13分</li>
kanagawa,nakayama,霧が丘グリーンタウン,96800,,,,JR横浜線「長津田」駅,17.0,24.0,横浜市緑区霧が丘3-22-5ほか,3-25-2号棟,鉄筋コンクリート造,6,N,609号室,3DK,61,6,91800,5000,2か月,['近居割'],随時,https://www.ur-net.go.jp/chintai/kanto/kanagawa/40_2030_room.html?JKSS=325020609,<li>JR横浜線「十日市場」駅バス7分 徒歩2～6分</li><li>東急田園都市線「青葉台」駅バス19分 徒歩2～6分</li><li>JR横浜線「長津田」駅バス11分 徒歩6～13分</li>
kanagawa,nakayama,霧が丘グリーンタウン,96800,,,,,,,横浜市緑区霧が丘3-22-5ほか,3-25-2号棟,鉄筋コンクリート造,6,N,609号室,3DK,61,6,91800,5000,2か月,['近居割'],随時,https://www.ur-net.go.jp/chintai/kanto/kanagawa/40_2030_room.html?JKSS=325020609,<li>JR横浜線「十日市場」駅バス7分 徒歩2～6分</li><li>東急田園都市線「青葉台」駅バス19分 徒歩2～6分</li><li>JR横浜線「長津田」駅バス11分 徒歩6～13分</li>
kanagawa,nakayama,霧が丘グリーンタウン,98000,,,,JR横浜線「十日市場」駅,9.0,13.0,横浜市緑区霧が丘3-22-5ほか,22-4号棟,鉄筋コンクリート造,4,N,401号室,2LDK,67,5,93000,5000,2か月,['近居割'],随時,https://www.ur-net.go.jp/chintai/kanto/kanagawa/40_2030_room.html?JKSS=022040401,<li>JR横浜線「十日市場」駅バス7分 徒歩2～6分</li><li>東急田園都市線「青葉台」駅バス19分 徒歩2～6分</li><li>JR横浜線「長津田」駅バス11分 徒歩6～13分</li>
kanagawa,nakayama,霧が丘グリーンタウン,98000,,,,東急田園都市線「青葉台」駅,21.0,25.0,横浜市緑区霧が丘3-22-5ほか,22-4号棟,鉄筋コンクリート造,4,N,401号室,2LDK,67,5,93000,5000,2か月,['近居割'],随時,https://www.ur-net.go.jp/chintai/kanto/kanagawa/40_2030_room.html?JKSS=022040401,<li>JR横浜線「十日市場」駅バス7分 徒歩2～6分</li><li>東急田園都市線「青葉台」駅バス19分 徒歩2～6分</li><li>JR横浜線「長津田」駅バス11分 徒歩6～13分</li>
kanagawa,nakayama,霧が丘グリーンタウン,98000,,,,JR横浜線「長津田」駅,17.0,24.0,横浜市緑区霧が丘3-22-5ほか,22-4号棟,鉄筋コンクリート造,4,N,401号室,2LDK,67,5,93000,5000,2か月,['近居割'],随時,https://www.ur-net.go.jp/chintai/kanto/kanagawa/40_2030_room.html?JKSS=022040401,<li>JR横浜線「十日市場」駅バス7分 徒歩2～6分</li><li>東急田園都市線「青葉台」駅バス19分 徒歩2～6分</li><li>JR横浜線「長津田」駅バス11分 徒歩6～13分</li>
kanagawa,nakayama,霧が丘グリーンタウン,98000,,,,,,,横浜市緑区霧が丘3-22-5ほか,22-4号棟,鉄筋コンクリート造,4,N,401号室,2LDK,67,5,93000,5000,2か月,['近居割'],随時,https://www.ur-net.go.jp/chintai/kanto/kanagawa/40_2030_room.html?JKSS=022040401,<li>JR横浜線「十日市場」駅バス7分 徒歩2～6分</li><li>東急田園都市線「青葉台」駅バス19分 徒歩2～6分</li><li>JR横浜線「長津田」駅バス11分 徒歩6～13分</li>
kanagawa,nakayama,霧が丘グリーンタウン,98700,,,,JR横浜線「十日市場」駅,9.0,13.0,横浜市緑区霧が丘3-22-5ほか,22-12号棟,鉄筋コンクリート造,2,N,202号室,3DK,65,5,93700,5000,2か月,['近居割'],随時,https://www.ur-net.go.jp/chintai/kanto/kanagawa/40_2030_room.html?JKSS=022120202,<li>JR横浜線「十日市場」駅バス7分 徒歩2～6分</li><li>東急田園都市線「青葉台」駅バス19分 徒歩2～6分</li><li>JR横浜線「長津田」駅バス11分 徒歩6～13分</li>
kanagawa,nakayama,霧が丘グリーンタウン,98700,,,,東急田園都市線「青葉台」駅,21.0,25.0,横浜市緑区霧が丘3-22-5ほか,22-12号棟,鉄筋コンクリート造,2,N,202号室,3DK,65,5,93700,5000,2か月,['近居割'],随時,https://www.ur-net.go.jp/chintai/kanto/kanagawa/40_2030_room.html?JKSS=022120202,<li>JR横浜線「十日市場」駅バス7分 徒歩2～6分</li><li>東急田園都市線「青葉台」駅バス19分 徒歩2～6分</li><li>JR横浜線「長津田」駅バス11分 徒歩6～13分</li>
kanagawa,nakayama,霧が丘グリーンタウン,98700,,,,JR横浜線「長津田」駅,17.0,24.0,横浜市緑区霧が丘3-22-5ほか,22-12号棟,鉄筋コンクリート造,2,N,202号室,3DK,65,5,93700,5000,2か月,['近居割'],随時,https://www.ur-net.go.jp/chintai/kanto/kanagawa/40_2030_room.html?JKSS=022120202,<li>JR横浜線「十日市場」駅バス7分 徒歩2～6分</li><li>東急田園都市線「青葉台」駅バス19分 徒歩2～6分</li><li>JR横浜線「長津田」駅バス11分 徒歩6～13分</li>
kanagawa,nakayama,霧が丘グリーンタウン,98700,,,,,,,横浜市緑区霧が丘3-22-5ほか,22-12号棟,鉄筋コンクリート造,2,N,202号室,3DK,65,5,93700,5000,2か月,['近居割'],随時,https://www.ur-net.go.jp/chintai/kanto/kanagawa/40_2030_room.html?JKSS=022120202,<li>JR横浜線「十日市場」駅バス7分 徒歩2～6分</li><li>東急田園都市線「青葉台」駅バス19分 徒歩2～6分</li><li>JR横浜線「長津田」駅バス11分 徒歩6～13分</li>
kanagawa,nakayama,十日市場ヒルタウン　コンフォール十日市場十四番街,149300,JR横浜線「十日市場」駅,11.0,12.0,,,,横浜市緑区十日市場町1258,14-1号棟,鉄筋コンクリート造,1,N,104号室,2LDK,78,8,144300,5000,2か月,['近居割'],随時,https://www.ur-net.go.jp/chintai/kanto/kanagawa/40_4080_room.html?JKSS=014010104,<li>JR横浜線「十日市場」駅 徒歩11～12分</li><li>東急田園都市線「青葉台」駅バス12分 徒歩11～12分</li><li>JR横浜線「中山」駅バス7分 徒歩8分</li>
kanagawa,nakayama,十日市場ヒルタウン　コンフォール十日市場十四番街,149300,,,,東急田園都市線「青葉台」駅,23.0,24.0,横浜市緑区十日市場町1258,14-1号棟,鉄筋コンクリート造,1,N,104号室,2LDK,78,8,144300,5000,2か月,['近居割'],随時,https://www.ur-net.go.jp/chintai/kanto/kanagawa/40_4080_room.html?JKSS=014010104,<li>JR横浜線「十日市場」駅 徒歩11～12分</li><li>東急田園都市線「青葉台」駅バス12分 徒歩11～12分</li><li>JR横浜線「中山」駅バス7分 徒歩8分</li>
kanagawa,nakayama,十日市場ヒルタウン　コンフォール十日市場十四番街,149300,,,,JR横浜線「中山」駅,15.0,15.0,横浜市緑区十日市場町1258,14-1号棟,鉄筋コンクリート造,1,N,104号室,2LDK,78,8,144300,5000,2か月,['近居割'],随時,https://www.ur-net.go.jp/chintai/kanto/kanagawa/40_4080_room.html?JKSS=014010104,<li>JR横浜線「十日市場」駅 徒歩11～12分</li><li>東急田園都市線「青葉台」駅バス12分 徒歩11～12分</li><li>JR横浜線「中山」駅バス7分 徒歩8分</li>
kanagawa,nakayama,十日市場ヒルタウン　コンフォール十日市場十四番街,149300,,,,,,,横浜市緑区十日市場町1258,14-1号棟,鉄筋コンクリート造,1,N,104号室,2LDK,78,8,144300,5000,2か月,['近居割'],随時,https://www.ur-net.go.jp/chintai/kanto/kanagawa/40_4080_room.html?JKSS=014010104,<li>JR横浜線「十日市場」駅 徒歩11～12分</li><li>東急田園都市線「青葉台」駅バス12分 徒歩11～12分</li><li>JR横浜線「中山」駅バス7分 徒歩8分</li>
kanagawa,nakayama,十日市場ヒルタウン　コンフォール十日市場五番街,159800,JR横浜線「十日市場」駅,10.0,11.0,,,,横浜市緑区十日市場町1258-5,5-7号棟,鉄筋コンクリート造,2,N,204号室,3LDK,76,5,151400,8400,2か月,['近居割'],随時,https://www.ur-net.go.jp/chintai/kanto/kanagawa/40_3780_room.html?JKSS=005070204,<li>JR横浜線「十日市場」駅 徒歩10～11分</li><li>東急田園都市線「青葉台」駅バス12分 徒歩10～11分</li><li>JR横浜線「中山」駅バス7分 徒歩8分</li>
kanagawa,nakayama,十日市場ヒルタウン　コンフォール十日市場五番街,159800,,,,東急田園都市線「青葉台」駅,22.0,23.0,横浜市緑区十日市場町1258-5,5-7号棟,鉄筋コンクリート造,2,N,204号室,3LDK,76,5,151400,8400,2か月,['近居割'],随時,https://www.ur-net.go.jp/chintai/kanto/kanagawa/40_3780_room.html?JKSS=005070204,<li>JR横浜線「十日市場」駅 徒歩10～11分</li><li>東急田園都市線「青葉台」駅バス12分 徒歩10～11分</li><li>JR横浜線「中山」駅バス7分 徒歩8分</li>
kanagawa,nakayama,十日市場ヒルタウン　コンフォール十日市場五番街,159800,,,,JR横浜線「中山」駅,15.0,15.0,横浜市緑区十日市場町1258-5,5-7号棟,鉄筋コンクリート造,2,N,204号室,3LDK,76,5,151400,8400,2か月,['近居割'],随時,https://www.ur-net.go.jp/chintai/kanto/kanagawa/40_3780_room.html?JKSS=005070204,<li>JR横浜線「十日市場」駅 徒歩10～11分</li><li>東急田園都市線「青葉台」駅バス12分 徒歩10～11分</li><li>JR横浜線「中山」駅バス7分 徒歩8分</li>
kanagawa,nakayama,十日市場ヒルタウン　コンフォール十日市場五番街,159800,,,,,,,横浜市緑区十日市場町1258-5,5-7号棟,鉄筋コンクリート造,2,N,204号室,3LDK,76,5,151400,8400,2か月,['近居割'],随時,https://www.ur-net.go.jp/chintai/kanto/kanagawa/40_3780_room.html?JKSS=005070204,<li>JR横浜線「十日市場」駅 徒歩10～11分</li><li>東急田園都市線「青葉台」駅バス12分 徒歩10～11分</li><li>JR横浜線「中山」駅バス7分 徒歩8分</li>
kanagawa,nakayama,十日市場ヒルタウン　コンフォール十日市場六番街,172000,JR横浜線「十日市場」駅,7.0,8.0,,,,横浜市緑区十日市場町1358-48,6-2号棟,鉄筋コンクリート造,5,N,502号室,3LDK,73,5,163500,8500,2か月,['近居割'],随時,https://www.ur-net.go.jp/chintai/kanto/kanagawa/40_3930_room.html?JKSS=006020502,<li>JR横浜線「十日市場」駅 徒歩7～8分</li><li>東急田園都市線「青葉台」駅バス12分 徒歩7～8分</li><li>JR横浜線「中山」駅バス10分 徒歩3～4分</li>
kanagawa,nakayama,十日市場ヒルタウン　コンフォール十日市場六番街,172000,,,,東急田園都市線「青葉台」駅,19.0,20.0,横浜市緑区十日市場町1358-48,6-2号棟,鉄筋コンクリート造,5,N,502号室,3LDK,73,5,163500,8500,2か月,['近居割'],随時,https://www.ur-net.go.jp/chintai/kanto/kanagawa/40_3930_room.html?JKSS=006020502,<li>JR横浜線「十日市場」駅 徒歩7～8分</li><li>東急田園都市線「青葉台」駅バス12分 徒歩7～8分</li><li>JR横浜線「中山」駅バス10分 徒歩3～4分</li>
kanagawa,nakayama,十日市場ヒルタウン　コンフォール十日市場六番街,172000,,,,JR横浜線「中山」駅,13.0,14.0,横浜市緑区十日市場町1358-48,6-2号棟,鉄筋コンクリート造,5,N,502号室,3LDK,73,5,163500,8500,2か月,['近居割'],随時,https://www.ur-net.go.jp/chintai/kanto/kanagawa/40_3930_room.html?JKSS=006020502,<li>JR横浜線「十日市場」駅 徒歩7～8分</li><li>東急田園都市線「青葉台」駅バス12分 徒歩7～8分</li><li>JR横浜線「中山」駅バス10分 徒歩3～4分</li>
kanagawa,nakayama,十日市場ヒルタウン　コンフォール十日市場六番街,172000,,,,,,,横浜市緑区十日市場町1358-48,6-2号棟,鉄筋コンクリート造,5,N,502号室,3LDK,73,5,163500,8500,2か月,['近居割'],随時,https://www.ur-net.go.jp/chintai/kanto/kanagawa/40_3930_room.html?JKSS=006020502,<li>JR横浜線「十日市場」駅 徒歩7～8分</li><li>東急田園都市線「青葉台」駅バス12分 徒歩7～8分</li><li>JR横浜線「中山」駅バス10分 徒歩3～4分</li>
kanagawa,shinyurigaoka,奈良北,82500,,,,小田急小田原線「鶴川」駅,15.0,20.0,横浜市青葉区奈良町2913,8号棟,鉄筋コンクリート造、鉄骨鉄筋コンクリート造,4,N,406号室,2LDK,52,5,79600,2900,2か月,"['近居割', '近居割WIDE']",随時,https://www.ur-net.go.jp/chintai/kanto/kanagawa/40_1410_room.html?JKSS=000080406,<li>小田急小田原線「鶴川」駅バス13分 徒歩2～7分</li><li>小田急小田原線「玉川学園前」駅 徒歩15～21分</li><li>東急田園都市線「青葉台」駅バス16～17分 徒歩1～7分</li>
kanagawa,shinyurigaoka,奈良北,82500,小田急小田原線「玉川学園前」駅,15.0,21.0,,,,横浜市青葉区奈良町2913,8号棟,鉄筋コンクリート造、鉄骨鉄筋コンクリート造,4,N,406号室,2LDK,52,5,79600,2900,2か月,"['近居割', '近居割WIDE']",随時,https://www.ur-net.go.jp/chintai/kanto/kanagawa/40_1410_room.html?JKSS=000080406,<li>小田急小田原線「鶴川」駅バス13分 徒歩2～7分</li><li>小田急小田原線「玉川学園前」駅 徒歩15～21分</li><li>東急田園都市線「青葉台」駅バス16～17分 徒歩1～7分</li>
kanagawa,shinyurigaoka,奈良北,82500,,,,東急田園都市線「青葉台」駅,17.0,24.0,横浜市青葉区奈良町2913,8号棟,鉄筋コンクリート造、鉄骨鉄筋コンクリート造,4,N,406号室,2LDK,52,5,79600,2900,2か月,"['近居割', '近居割WIDE']",随時,https://www.ur-net.go.jp/chintai/kanto/kanagawa/40_1410_room.html?JKSS=000080406,<li>小田急小田原線「鶴川」駅バス13分 徒歩2～7分</li><li>小田急小田原線「玉川学園前」駅 徒歩15～21分</li><li>東急田園都市線「青葉台」駅バス16～17分 徒歩1～7分</li>
kanagawa,shinyurigaoka,奈良北,82500,,,,,,,横浜市青葉区奈良町2913,8号棟,鉄筋コンクリート造、鉄骨鉄筋コンクリート造,4,N,406号室,2LDK,52,5,79600,2900,2か月,"['近居割', '近居割WIDE']",随時,https://www.ur-net.go.jp/chintai/kanto/kanagawa/40_1410_room.html?JKSS=000080406,<li>小田急小田原線「鶴川」駅バス13分 徒歩2～7分</li><li>小田急小田原線「玉川学園前」駅 徒歩15～21分</li><li>東急田園都市線「青葉台」駅バス16～17分 徒歩1～7分</li>
kanagawa,shinyurigaoka,奈良北,89000,,,,小田急小田原線「鶴川」駅,15.0,20.0,横浜市青葉区奈良町2913,7号棟,鉄筋コンクリート造、鉄骨鉄筋コンクリート造,8,N,824号室,2LDK,54,8,86100,2900,2か月,"['近居割', '近居割WIDE']",随時,https://www.ur-net.go.jp/chintai/kanto/kanagawa/40_1410_room.html?JKSS=000070824,<li>小田急小田原線「鶴川」駅バス13分 徒歩2～7分</li><li>小田急小田原線「玉川学園前」駅 徒歩15～21分</li><li>東急田園都市線「青葉台」駅バス16～17分 徒歩1～7分</li>
kanagawa,shinyurigaoka,奈良北,89000,小田急小田原線「玉川学園前」駅,15.0,21.0,,,,横浜市青葉区奈良町2913,7号棟,鉄筋コンクリート造、鉄骨鉄筋コンクリート造,8,N,824号室,2LDK,54,8,86100,2900,2か月,"['近居割', '近居割WIDE']",随時,https://www.ur-net.go.jp/chintai/kanto/kanagawa/40_1410_room.html?JKSS=000070824,<li>小田急小田原線「鶴川」駅バス13分 徒歩2～7分</li><li>小田急小田原線「玉川学園前」駅 徒歩15～21分</li><li>東急田園都市線「青葉台」駅バス16～17分 徒歩1～7分</li>
kanagawa,shinyurigaoka,奈良北,89000,,,,東急田園都市線「青葉台」駅,17.0,24.0,横浜市青葉区奈良町2913,7号棟,鉄筋コンクリート造、鉄骨鉄筋コンクリート造,8,N,824号室,2LDK,54,8,86100,2900,2か月,"['近居割', '近居割WIDE']",随時,https://www.ur-net.go.jp/chintai/kanto/kanagawa/40_1410_room.html?JKSS=000070824,<li>小田急小田原線「鶴川」駅バス13分 徒歩2～7分</li><li>小田急小田原線「玉川学園前」駅 徒歩15～21分</li><li>東急田園都市線「青葉台」駅バス16～17分 徒歩1～7分</li>
kanagawa,shinyurigaoka,奈良北,89000,,,,,,,横浜市青葉区奈良町2913,7号棟,鉄筋コンクリート造、鉄骨鉄筋コンクリート造,8,N,824号室,2LDK,54,8,86100,2900,2か月,"['近居割', '近居割WIDE']",随時,https://www.ur-net.go.jp/chintai/kanto/kanagawa/40_1410_room.html?JKSS=000070824,<li>小田急小田原線「鶴川」駅バス13分 徒歩2～7分</li><li>小田急小田原線「玉川学園前」駅 徒歩15～21分</li><li>東急田園都市線「青葉台」駅バス16～17分 徒歩1～7分</li>
kanagawa,shinyurigaoka,グリーンヒル鴨志田中央,108200,,,,東急田園都市線「青葉台」駅,10.0,11.0,横浜市青葉区鴨志田町539-3,1号棟,鉄筋コンクリート造,1,N,102号室,3DK,61,5,103100,5100,2か月,['近居割'],随時,https://www.ur-net.go.jp/chintai/kanto/kanagawa/40_2880_room.html?JKSS=000010102,<li>東急田園都市線「青葉台」駅バス8分 徒歩2～3分</li><li>小田急小田原線「柿生」駅バス13分 徒歩2～3分</li><li>東急こどもの国線「こどもの国」駅 徒歩36分</li>
kanagawa,shinyurigaoka,グリーンヒル鴨志田中央,108200,,,,小田急小田原線「柿生」駅,15.0,16.0,横浜市青葉区鴨志田町539-3,1号棟,鉄筋コンクリート造,1,N,102号室,3DK,61,5,103100,5100,2か月,['近居割'],随時,https://www.ur-net.go.jp/chintai/kanto/kanagawa/40_2880_room.html?JKSS=000010102,<li>東急田園都市線「青葉台」駅バス8分 徒歩2～3分</li><li>小田急小田原線「柿生」駅バス13分 徒歩2～3分</li><li>東急こどもの国線「こどもの国」駅 徒歩36分</li>
kanagawa,shinyurigaoka,グリーンヒル鴨志田中央,108200,東急こどもの国線「こどもの国」駅,36.0,36.0,,,,横浜市青葉区鴨志田町539-3,1号棟,鉄筋コンクリート造,1,N,102号室,3DK,61,5,103100,5100,2か月,['近居割'],随時,https://www.ur-net.go.jp/chintai/kanto/kanagawa/40_2880_room.html?JKSS=000010102,<li>東急田園都市線「青葉台」駅バス8分 徒歩2～3分</li><li>小田急小田原線「柿生」駅バス13分 徒歩2～3分</li><li>東急こどもの国線「こどもの国」駅 徒歩36分</li>
kanagawa,shinyurigaoka,グリーンヒル鴨志田中央,108200,,,,,,,横浜市青葉区鴨志田町539-3,1号棟,鉄筋コンクリート造,1,N,102号室,3DK,61,5,103100,5100,2か月,['近居割'],随時,https://www.ur-net.go.jp/chintai/kanto/kanagawa/40_2880_room.html?JKSS=000010102,<li>東急田園都市線「青葉台」駅バス8分 徒歩2～3分</li><li>小田急小田原線「柿生」駅バス13分 徒歩2～3分</li><li>東急こどもの国線「こどもの国」駅 徒歩36分</li>
kanagawa,shinyurigaoka,グリーンヒル鴨志田中央,109400,,,,東急田園都市線「青葉台」駅,10.0,11.0,横浜市青葉区鴨志田町539-3,3号棟,鉄筋コンクリート造,5,N,502号室,3DK,61,5,104300,5100,2か月,['近居割'],随時,https://www.ur-net.go.jp/chintai/kanto/kanagawa/40_2880_room.html?JKSS=000030502,<li>東急田園都市線「青葉台」駅バス8分 徒歩2～3分</li><li>小田急小田原線「柿生」駅バス13分 徒歩2～3分</li><li>東急こどもの国線「こどもの国」駅 徒歩36分</li>
kanagawa,shinyurigaoka,グリーンヒル鴨志田中央,109400,,,,小田急小田原線「柿生」駅,15.0,16.0,横浜市青葉区鴨志田町539-3,3号棟,鉄筋コンクリート造,5,N,502号室,3DK,61,5,104300,5100,2か月,['近居割'],随時,https://www.ur-net.go.jp/chintai/kanto/kanagawa/40_2880_room.html?JKSS=000030502,<li>東急田園都市線「青葉台」駅バス8分 徒歩2～3分</li><li>小田急小田原線「柿生」駅バス13分 徒歩2～3分</li><li>東急こどもの国線「こどもの国」駅 徒歩36分</li>
kanagawa,shinyurigaoka,グリーンヒル鴨志田中央,109400,東急こどもの国線「こどもの国」駅,36.0,36.0,,,,横浜市青葉区鴨志田町539-3,3号棟,鉄筋コンクリート造,5,N,502号室,3DK,61,5,104300,5100,2か月,['近居割'],随時,https://www.ur-net.go.jp/chintai/kanto/kanagawa/40_2880_room.html?JKSS=000030502,<li>東急田園都市線「青葉台」駅バス8分 徒歩2～3分</li><li>小田急小田原線「柿生」駅バス13分 徒歩2～3分</li><li>東急こどもの国線「こどもの国」駅 徒歩36分</li>
kanagawa,shinyurigaoka,グリーンヒル鴨志田中央,109400,,,,,,,横浜市青葉区鴨志田町539-3,3号棟,鉄筋コンクリート造,5,N,502号室,3DK,61,5,104300,5100,2か月,['近居割'],随時,https://www.ur-net.go.jp/chintai/kanto/kanagawa/40_2880_room.html?JKSS=000030502,<li>東急田園都市線「青葉台」駅バス8分 徒歩2～3分</li><li>小田急小田原線「柿生」駅バス13分 徒歩2～3分</li><li>東急こどもの国線「こどもの国」駅 徒歩36分</li>
kanagawa,shinyurigaoka,グリーンヒル鴨志田中央,121700,,,,東急田園都市線「青葉台」駅,10.0,11.0,横浜市青葉区鴨志田町539-3,3号棟,鉄筋コンクリート造,5,N,501号室,3LDK,65,5,116600,5100,2か月,['近居割'],随時,https://www.ur-net.go.jp/chintai/kanto/kanagawa/40_2880_room.html?JKSS=000030501,<li>東急田園都市線「青葉台」駅バス8分 徒歩2～3分</li><li>小田急小田原線「柿生」駅バス13分 徒歩2～3分</li><li>東急こどもの国線「こどもの国」駅 徒歩36分</li>
kanagawa,shinyurigaoka,グリーンヒル鴨志田中央,121700,,,,小田急小田原線「柿生」駅,15.0,16.0,横浜市青葉区鴨志田町539-3,3号棟,鉄筋コンクリート造,5,N,501号室,3LDK,65,5,116600,5100,2か月,['近居割'],随時,https://www.ur-net.go.jp/chintai/kanto/kanagawa/40_2880_room.html?JKSS=000030501,<li>東急田園都市線「青葉台」駅バス8分 徒歩2～3分</li><li>小田急小田原線「柿生」駅バス13分 徒歩2～3分</li><li>東急こどもの国線「こどもの国」駅 徒歩36分</li>
kanagawa,shinyurigaoka,グリーンヒル鴨志田中央,121700,東急こどもの国線「こどもの国」駅,36.0,36.0,,,,横浜市青葉区鴨志田町539-3,3号棟,鉄筋コンクリート造,5,N,501号室,3LDK,65,5,116600,5100,2か月,['近居割'],随時,https://www.ur-net.go.jp/chintai/kanto/kanagawa/40_2880_room.html?JKSS=000030501,<li>東急田園都市線「青葉台」駅バス8分 徒歩2～3分</li><li>小田急小田原線「柿生」駅バス13分 徒歩2～3分</li><li>東急こどもの国線「こどもの国」駅 徒歩36分</li>
kanagawa,shinyurigaoka,グリーンヒル鴨志田中央,121700,,,,,,,横浜市青葉区鴨志田町539-3,3号棟,鉄筋コンクリート造,5,N,501号室,3LDK,65,5,116600,5100,2か月,['近居割'],随時,https://www.ur-net.go.jp/chintai/kanto/kanagawa/40_2880_room.html?JKSS=000030501,<li>東急田園都市線「青葉台」駅バス8分 徒歩2～3分</li><li>小田急小田原線「柿生」駅バス13分 徒歩2～3分</li><li>東急こどもの国線「こどもの国」駅 徒歩36分</li>
kanagawa,kohoku,港北ニュータウン　コンフォール東山田,127200,横浜市営地下鉄グリーンライン「東山田」駅,17.0,17.0,,,,横浜市都筑区東山田4-5,2号棟,鉄筋コンクリート造,5,N,502号室,3LDK,72,5,123500,3700,2か月,['近居割'],随時,https://www.ur-net.go.jp/chintai/kanto/kanagawa/40_3080_room.html?JKSS=000020502,<li>横浜市営地下鉄グリーンライン「東山田」駅 徒歩17分</li><li>横浜市営地下鉄グリーンライン「北山田」駅 徒歩19～20分</li><li>横浜市営地下鉄グリーンライン「センター北」駅バス12分 徒歩4分</li>
kanagawa,kohoku,港北ニュータウン　コンフォール東山田,127200,横浜市営地下鉄グリーンライン「北山田」駅,19.0,20.0,,,,横浜市都筑区東山田4-5,2号棟,鉄筋コンクリート造,5,N,502号室,3LDK,72,5,123500,3700,2か月,['近居割'],随時,https://www.ur-net.go.jp/chintai/kanto/kanagawa/40_3080_room.html?JKSS=000020502,<li>横浜市営地下鉄グリーンライン「東山田」駅 徒歩17分</li><li>横浜市営地下鉄グリーンライン「北山田」駅 徒歩19～20分</li><li>横浜市営地下鉄グリーンライン「センター北」駅バス12分 徒歩4分</li>
kanagawa,kohoku,港北ニュータウン　コンフォール東山田,127200,,,,横浜市営地下鉄グリーンライン「センター北」駅,16.0,16.0,横浜市都筑区東山田4-5,2号棟,鉄筋コンクリート造,5,N,502号室,3LDK,72,5,123500,3700,2か月,['近居割'],随時,https://www.ur-net.go.jp/chintai/kanto/kanagawa/40_3080_room.html?JKSS=000020502,<li>横浜市営地下鉄グリーンライン「東山田」駅 徒歩17分</li><li>横浜市営地下鉄グリーンライン「北山田」駅 徒歩19～20分</li><li>横浜市営地下鉄グリーンライン「センター北」駅バス12分 徒歩4分</li>
kanagawa,kohoku,港北ニュータウン　コンフォール東山田,127200,,,,,,,横浜市都筑区東山田4-5,2号棟,鉄筋コンクリート造,5,N,502号室,3LDK,72,5,123500,3700,2か月,['近居割'],随時,https://www.ur-net.go.jp/chintai/kanto/kanagawa/40_3080_room.html?JKSS=000020502,<li>横浜市営地下鉄グリーンライン「東山田」駅 徒歩17分</li><li>横浜市営地下鉄グリーンライン「北山田」駅 徒歩19～20分</li><li>横浜市営地下鉄グリーンライン「センター北」駅バス12分 徒歩4分</li>
kanagawa,kohoku,港北ニュータウン　サントゥール中川,156200,横浜市営地下鉄ブルーライン「中川」駅,7.0,8.0,,,,横浜市都筑区中川2-9,9号棟,鉄骨鉄筋コンクリート造,10,N,1002号室,2LDK,61,13,152400,3800,2か月,['近居割'],随時,https://www.ur-net.go.jp/chintai/kanto/kanagawa/40_2690_room.html?JKSS=000091002,<li>横浜市営地下鉄ブルーライン「中川」駅 徒歩7～8分</li><li>東急田園都市線「たまプラーザ」駅バス4分 徒歩2～3分</li><li>横浜市営地下鉄グリーンライン「北山田」駅バス9分 徒歩2～3分</li>
kanagawa,kohoku,港北ニュータウン　サントゥール中川,156200,,,,東急田園都市線「たまプラーザ」駅,6.0,7.0,横浜市都筑区中川2-9,9号棟,鉄骨鉄筋コンクリート造,10,N,1002号室,2LDK,61,13,152400,3800,2か月,['近居割'],随時,https://www.ur-net.go.jp/chintai/kanto/kanagawa/40_2690_room.html?JKSS=000091002,<li>横浜市営地下鉄ブルーライン「中川」駅 徒歩7～8分</li><li>東急田園都市線「たまプラーザ」駅バス4分 徒歩2～3分</li><li>横浜市営地下鉄グリーンライン「北山田」駅バス9分 徒歩2～3分</li>
kanagawa,kohoku,港北ニュータウン　サントゥール中川,156200,,,,横浜市営地下鉄グリーンライン「北山田」駅,11.0,12.0,横浜市都筑区中川2-9,9号棟,鉄骨鉄筋コンクリート造,10,N,1002号室,2LDK,61,13,152400,3800,2か月,['近居割'],随時,https://www.ur-net.go.jp/chintai/kanto/kanagawa/40_2690_room.html?JKSS=000091002,<li>横浜市営地下鉄ブルーライン「中川」駅 徒歩7～8分</li><li>東急田園都市線「たまプラーザ」駅バス4分 徒歩2～3分</li><li>横浜市営地下鉄グリーンライン「北山田」駅バス9分 徒歩2～3分</li>
kanagawa,kohoku,港北ニュータウン　サントゥール中川,156200,,,,,,,横浜市都筑区中川2-9,9号棟,鉄骨鉄筋コンクリート造,10,N,1002号室,2LDK,61,13,152400,3800,2か月,['近居割'],随時,https://www.ur-net.go.jp/chintai/kanto/kanagawa/40_2690_room.html?JKSS=000091002,<li>横浜市営地下鉄ブルーライン「中川」駅 徒歩7～8分</li><li>東急田園都市線「たまプラーザ」駅バス4分 徒歩2～3分</li><li>横浜市営地下鉄グリーンライン「北山田」駅バス9分 徒歩2～3分</li>
kanagawa,kohoku,港北ニュータウン　コンフォールセンター南,161500,横浜市営地下鉄ブルーライン「センター南」駅,11.0,13.0,,,,横浜市都筑区茅ヶ崎東3-5,6号棟,鉄筋コンクリート造,5,N,505号室,3LDK,72,14,156400,5100,2か月,['近居割'],随時,https://www.ur-net.go.jp/chintai/kanto/kanagawa/40_3760_room.html?JKSS=000060505,<li>横浜市営地下鉄ブルーライン「センター南」駅 徒歩11～13分</li><li>横浜市営地下鉄グリーンライン「センター北」駅 徒歩22～25分</li>
kanagawa,kohoku,港北ニュータウン　コンフォールセンター南,161500,横浜市営地下鉄グリーンライン「センター北」駅,22.0,25.0,,,,横浜市都筑区茅ヶ崎東3-5,6号棟,鉄筋コンクリート造,5,N,505号室,3LDK,72,14,156400,5100,2か月,['近居割'],随時,https://www.ur-net.go.jp/chintai/kanto/kanagawa/40_3760_room.html?JKSS=000060505,<li>横浜市営地下鉄ブルーライン「センター南」駅 徒歩11～13分</li><li>横浜市営地下鉄グリーンライン「センター北」駅 徒歩22～25分</li>
kanagawa,kohoku,港北ニュータウン　コンフォールセンター南,161500,,,,,,,横浜市都筑区茅ヶ崎東3-5,6号棟,鉄筋コンクリート造,5,N,505号室,3LDK,72,14,156400,5100,2か月,['近居割'],随時,https://www.ur-net.go.jp/chintai/kanto/kanagawa/40_3760_room.html?JKSS=000060505,<li>横浜市営地下鉄ブルーライン「センター南」駅 徒歩11～13分</li><li>横浜市営地下鉄グリーンライン「センター北」駅 徒歩22～25分</li>
kanagawa,kohoku,港北ニュータウン　コンフォール城山の丘,175900,横浜市営地下鉄グリーンライン「東山田」駅,7.0,9.0,,,,横浜市都筑区東山田3-23,9号棟,鉄筋コンクリート造,5,N,509号室,4LDK,98,6,169200,6700,2か月,['フリレ１か月'],随時,https://www.ur-net.go.jp/chintai/kanto/kanagawa/40_3830_room.html?JKSS=000090509,<li>横浜市営地下鉄グリーンライン「東山田」駅 徒歩7～9分</li><li>東急田園都市線「鷺沼」駅バス17分 徒歩4～7分</li><li>横浜市営地下鉄グリーンライン「北山田」駅 徒歩13～15分</li>
kanagawa,kohoku,港北ニュータウン　コンフォール城山の丘,175900,,,,東急田園都市線「鷺沼」駅,21.0,24.0,横浜市都筑区東山田3-23,9号棟,鉄筋コンクリート造,5,N,509号室,4LDK,98,6,169200,6700,2か月,['フリレ１か月'],随時,https://www.ur-net.go.jp/chintai/kanto/kanagawa/40_3830_room.html?JKSS=000090509,<li>横浜市営地下鉄グリーンライン「東山田」駅 徒歩7～9分</li><li>東急田園都市線「鷺沼」駅バス17分 徒歩4～7分</li><li>横浜市営地下鉄グリーンライン「北山田」駅 徒歩13～15分</li>
kanagawa,kohoku,港北ニュータウン　コンフォール城山の丘,175900,横浜市営地下鉄グリーンライン「北山田」駅,13.0,15.0,,,,横浜市都筑区東山田3-23,9号棟,鉄筋コンクリート造,5,N,509号室,4LDK,98,6,169200,6700,2か月,['フリレ１か月'],随時,https://www.ur-net.go.jp/chintai/kanto/kanagawa/40_3830_room.html?JKSS=000090509,<li>横浜市営地下鉄グリーンライン「東山田」駅 徒歩7～9分</li><li>東急田園都市線「鷺沼」駅バス17分 徒歩4～7分</li><li>横浜市営地下鉄グリーンライン「北山田」駅 徒歩13～15分</li>
kanagawa,kohoku,港北ニュータウン　コンフォール城山の丘,175900,,,,,,,横浜市都筑区東山田3-23,9号棟,鉄筋コンクリート造,5,N,509号室,4LDK,98,6,169200,6700,2か月,['フリレ１か月'],随時,https://www.ur-net.go.jp/chintai/kanto/kanagawa/40_3830_room.html?JKSS=000090509,<li>横浜市営地下鉄グリーンライン「東山田」駅 徒歩7～9分</li><li>東急田園都市線「鷺沼」駅バス17分 徒歩4～7分</li><li>横浜市営地下鉄グリーンライン「北山田」駅 徒歩13～15分</li>
kanagawa,kohoku,港北ニュータウン　山田富士公園ハイツ,181700,横浜市営地下鉄グリーンライン「北山田」駅,4.0,6.0,,,,横浜市都筑区北山田3-27,1号棟,鉄筋コンクリート造,6,N,611号室,4LDK,84,8,178100,3600,2か月,['近居割'],随時,https://www.ur-net.go.jp/chintai/kanto/kanagawa/40_3420_room.html?JKSS=000010611,<li>横浜市営地下鉄グリーンライン「北山田」駅 徒歩4～6分</li><li>東急田園都市線「鷺沼」駅バス13分 徒歩3～4分</li><li>横浜市営地下鉄ブルーライン「センター北」駅バス13分 徒歩3～4分</li>
kanagawa,kohoku,港北ニュータウン　山田富士公園ハイツ,181700,,,,東急田園都市線「鷺沼」駅,16.0,17.0,横浜市都筑区北山田3-27,1号棟,鉄筋コンクリート造,6,N,611号室,4LDK,84,8,178100,3600,2か月,['近居割'],随時,https://www.ur-net.go.jp/chintai/kanto/kanagawa/40_3420_room.html?JKSS=000010611,<li>横浜市営地下鉄グリーンライン「北山田」駅 徒歩4～6分</li><li>東急田園都市線「鷺沼」駅バス13分 徒歩3～4分</li><li>横浜市営地下鉄ブルーライン「センター北」駅バス13分 徒歩3～4分</li>
kanagawa,kohoku,港北ニュータウン　山田富士公園ハイツ,181700,,,,横浜市営地下鉄ブルーライン「センター北」駅,16.0,17.0,横浜市都筑区北山田3-27,1号棟,鉄筋コンクリート造,6,N,611号室,4LDK,84,8,178100,3600,2か月,['近居割'],随時,https://www.ur-net.go.jp/chintai/kanto/kanagawa/40_3420_room.html?JKSS=000010611,<li>横浜市営地下鉄グリーンライン「北山田」駅 徒歩4～6分</li><li>東急田園都市線「鷺沼」駅バス13分 徒歩3～4分</li><li>横浜市営地下鉄ブルーライン「センター北」駅バス13分 徒歩3～4分</li>
kanagawa,kohoku,港北ニュータウン　山田富士公園ハイツ,181700,,,,,,,横浜市都筑区北山田3-27,1号棟,鉄筋コンクリート造,6,N,611号室,4LDK,84,8,178100,3600,2か月,['近居割'],随時,https://www.ur-net.go.jp/chintai/kanto/kanagawa/40_3420_room.html?JKSS=000010611,<li>横浜市営地下鉄グリーンライン「北山田」駅 徒歩4～6分</li><li>東急田園都市線「鷺沼」駅バス13分 徒歩3～4分</li><li>横浜市営地下鉄ブルーライン「センター北」駅バス13分 徒歩3～4分</li>
kanagawa,yokohamanishiguchi,ビューコート小港,131300,みなとみらい線「元町・中華街」駅,21.0,23.0,,,,横浜市中区小港町1-1-2,1号棟,鉄筋コンクリート造,5,N,502号室,1LDK,50,10,126000,5300,2か月,['近居割'],随時,https://www.ur-net.go.jp/chintai/kanto/kanagawa/40_3310_room.html?JKSS=000010502,<li>みなとみらい線「元町・中華街」駅 徒歩21～23分</li><li>JR京浜東北・根岸線「桜木町」駅バス18分 徒歩3～5分</li><li>JR京浜東北・根岸線「根岸」駅バス18分 徒歩3～5分</li>
kanagawa,yokohamanishiguchi,ビューコート小港,131300,,,,JR京浜東北・根岸線「桜木町」駅,21.0,23.0,横浜市中区小港町1-1-2,1号棟,鉄筋コンクリート造,5,N,502号室,1LDK,50,10,126000,5300,2か月,['近居割'],随時,https://www.ur-net.go.jp/chintai/kanto/kanagawa/40_3310_room.html?JKSS=000010502,<li>みなとみらい線「元町・中華街」駅 徒歩21～23分</li><li>JR京浜東北・根岸線「桜木町」駅バス18分 徒歩3～5分</li><li>JR京浜東北・根岸線「根岸」駅バス18分 徒歩3～5分</li>
kanagawa,yokohamanishiguchi,ビューコート小港,131300,,,,JR京浜東北・根岸線「根岸」駅,21.0,23.0,横浜市中区小港町1-1-2,1号棟,鉄筋コンクリート造,5,N,502号室,1LDK,50,10,126000,5300,2か月,['近居割'],随時,https://www.ur-net.go.jp/chintai/kanto/kanagawa/40_3310_room.html?JKSS=000010502,<li>みなとみらい線「元町・中華街」駅 徒歩21～23分</li><li>JR京浜東北・根岸線「桜木町」駅バス18分 徒歩3～5分</li><li>JR京浜東北・根岸線「根岸」駅バス18分 徒歩3～5分</li>
kanagawa,yokohamanishiguchi,ビューコート小港,131300,,,,,,,横浜市中区小港町1-1-2,1号棟,鉄筋コンクリート造,5,N,502号室,1LDK,50,10,126000,5300,2か月,['近居割'],随時,https://www.ur-net.go.jp/chintai/kanto/kanagawa/40_3310_room.html?JKSS=000010502,<li>みなとみらい線「元町・中華街」駅 徒歩21～23分</li><li>JR京浜東北・根岸線「桜木町」駅バス18分 徒歩3～5分</li><li>JR京浜東北・根岸線「根岸」駅バス18分 徒歩3～5分</li>
kanagawa,yokohamanishiguchi,ビューコート小港,143500,みなとみらい線「元町・中華街」駅,21.0,23.0,,,,横浜市中区小港町1-1-2,6号棟,鉄筋コンクリート造,6,N,603号室,1K,56,14,138200,5300,2か月,['近居割'],随時,https://www.ur-net.go.jp/chintai/kanto/kanagawa/40_3310_room.html?JKSS=000060603,<li>みなとみらい線「元町・中華街」駅 徒歩21～23分</li><li>JR京浜東北・根岸線「桜木町」駅バス18分 徒歩3～5分</li><li>JR京浜東北・根岸線「根岸」駅バス18分 徒歩3～5分</li>
kanagawa,yokohamanishiguchi,ビューコート小港,143500,,,,JR京浜東北・根岸線「桜木町」駅,21.0,23.0,横浜市中区小港町1-1-2,6号棟,鉄筋コンクリート造,6,N,603号室,1K,56,14,138200,5300,2か月,['近居割'],随時,https://www.ur-net.go.jp/chintai/kanto/kanagawa/40_3310_room.html?JKSS=000060603,<li>みなとみらい線「元町・中華街」駅 徒歩21～23分</li><li>JR京浜東北・根岸線「桜木町」駅バス18分 徒歩3～5分</li><li>JR京浜東北・根岸線「根岸」駅バス18分 徒歩3～5分</li>
kanagawa,yokohamanishiguchi,ビューコート小港,143500,,,,JR京浜東北・根岸線「根岸」駅,21.0,23.0,横浜市中区小港町1-1-2,6号棟,鉄筋コンクリート造,6,N,603号室,1K,56,14,138200,5300,2か月,['近居割'],随時,https://www.ur-net.go.jp/chintai/kanto/kanagawa/40_3310_room.html?JKSS=000060603,<li>みなとみらい線「元町・中華街」駅 徒歩21～23分</li><li>JR京浜東北・根岸線「桜木町」駅バス18分 徒歩3～5分</li><li>JR京浜東北・根岸線「根岸」駅バス18分 徒歩3～5分</li>
kanagawa,yokohamanishiguchi,ビューコート小港,143500,,,,,,,横浜市中区小港町1-1-2,6号棟,鉄筋コンクリート造,6,N,603号室,1K,56,14,138200,5300,2か月,['近居割'],随時,https://www.ur-net.go.jp/chintai/kanto/kanagawa/40_3310_room.html?JKSS=000060603,<li>みなとみらい線「元町・中華街」駅 徒歩21～23分</li><li>JR京浜東北・根岸線「桜木町」駅バス18分 徒歩3～5分</li><li>JR京浜東北・根岸線「根岸」駅バス18分 徒歩3～5分</li>
kanagawa,yokohamanishiguchi,ビューコート小港,154400,みなとみらい線「元町・中華街」駅,21.0,23.0,,,,横浜市中区小港町1-1-2,3号棟,鉄筋コンクリート造,11,N,1101号室,3DK,62,14,149100,5300,2か月,['近居割'],随時,https://www.ur-net.go.jp/chintai/kanto/kanagawa/40_3310_room.html?JKSS=000031101,<li>みなとみらい線「元町・中華街」駅 徒歩21～23分</li><li>JR京浜東北・根岸線「桜木町」駅バス18分 徒歩3～5分</li><li>JR京浜東北・根岸線「根岸」駅バス18分 徒歩3～5分</li>
kanagawa,yokohamanishiguchi,ビューコート小港,154400,,,,JR京浜東北・根岸線「桜木町」駅,21.0,23.0,横浜市中区小港町1-1-2,3号棟,鉄筋コンクリート造,11,N,1101号室,3DK,62,14,149100,5300,2か月,['近居割'],随時,https://www.ur-net.go.jp/chintai/kanto/kanagawa/40_3310_room.html?JKSS=000031101,<li>みなとみらい線「元町・中華街」駅 徒歩21～23分</li><li>JR京浜東北・根岸線「桜木町」駅バス18分 徒歩3～5分</li><li>JR京浜東北・根岸線「根岸」駅バス18分 徒歩3～5分</li>
kanagawa,yokohamanishiguchi,ビューコート小港,154400,,,,JR京浜東北・根岸線「根岸」駅,21.0,23.0,横浜市中区小港町1-1-2,3号棟,鉄筋コンクリート造,11,N,1101号室,3DK,62,14,149100,5300,2か月,['近居割'],随時,https://www.ur-net.go.jp/chintai/kanto/kanagawa/40_3310_room.html?JKSS=000031101,<li>みなとみらい線「元町・中華街」駅 徒歩21～23分</li><li>JR京浜東北・根岸線「桜木町」駅バス18分 徒歩3～5分</li><li>JR京浜東北・根岸線「根岸」駅バス18分 徒歩3～5分</li>
kanagawa,yokohamanishiguchi,ビューコート小港,154400,,,,,,,横浜市中区小港町1-1-2,3号棟,鉄筋コンクリート造,11,N,1101号室,3DK,62,14,149100,5300,2か月,['近居割'],随時,https://www.ur-net.go.jp/chintai/kanto/kanagawa/40_3310_room.html?JKSS=000031101,<li>みなとみらい線「元町・中華街」駅 徒歩21～23分</li><li>JR京浜東北・根岸線「桜木町」駅バス18分 徒歩3～5分</li><li>JR京浜東北・根岸線「根岸」駅バス18分 徒歩3～5分</li>
kanagawa,futamatagawa,ビューコート仏向,102000,,,,JR横須賀線「東戸塚」駅,11.0,13.0,横浜市保土ケ谷区仏向町1037-1ほか,1-1号棟,鉄筋コンクリート造,7,N,710号室,2LDK,68,7,98200,3800,2か月,"['近居割', '近居割WIDE']",随時,https://www.ur-net.go.jp/chintai/kanto/kanagawa/40_2840_room.html?JKSS=001010710,<li>JR横須賀線「東戸塚」駅バス10分 徒歩1～3分</li><li>相鉄本線「和田町」駅 徒歩17～19分</li><li>JR横須賀線「保土ケ谷」駅バス14分 徒歩1～3分</li>
kanagawa,futamatagawa,ビューコート仏向,102000,相鉄本線「和田町」駅,17.0,19.0,,,,横浜市保土ケ谷区仏向町1037-1ほか,1-1号棟,鉄筋コンクリート造,7,N,710号室,2LDK,68,7,98200,3800,2か月,"['近居割', '近居割WIDE']",随時,https://www.ur-net.go.jp/chintai/kanto/kanagawa/40_2840_room.html?JKSS=001010710,<li>JR横須賀線「東戸塚」駅バス10分 徒歩1～3分</li><li>相鉄本線「和田町」駅 徒歩17～19分</li><li>JR横須賀線「保土ケ谷」駅バス14分 徒歩1～3分</li>
kanagawa,futamatagawa,ビューコート仏向,102000,,,,JR横須賀線「保土ケ谷」駅,15.0,17.0,横浜市保土ケ谷区仏向町1037-1ほか,1-1号棟,鉄筋コンクリート造,7,N,710号室,2LDK,68,7,98200,3800,2か月,"['近居割', '近居割WIDE']",随時,https://www.ur-net.go.jp/chintai/kanto/kanagawa/40_2840_room.html?JKSS=001010710,<li>JR横須賀線「東戸塚」駅バス10分 徒歩1～3分</li><li>相鉄本線「和田町」駅 徒歩17～19分</li><li>JR横須賀線「保土ケ谷」駅バス14分 徒歩1～3分</li>
kanagawa,futamatagawa,ビューコート仏向,102000,,,,,,,横浜市保土ケ谷区仏向町1037-1ほか,1-1号棟,鉄筋コンクリート造,7,N,710号室,2LDK,68,7,98200,3800,2か月,"['近居割', '近居割WIDE']",随時,https://www.ur-net.go.jp/chintai/kanto/kanagawa/40_2840_room.html?JKSS=001010710,<li>JR横須賀線「東戸塚」駅バス10分 徒歩1～3分</li><li>相鉄本線「和田町」駅 徒歩17～19分</li><li>JR横須賀線「保土ケ谷」駅バス14分 徒歩1～3分</li>
kanagawa,futamatagawa,ビューコート仏向,123600,,,,JR横須賀線「東戸塚」駅,11.0,13.0,横浜市保土ケ谷区仏向町1037-1ほか,1-2号棟,鉄筋コンクリート造,5,N,506号室,3LDK,80,7,119800,3800,2か月,"['近居割', '近居割WIDE']",随時,https://www.ur-net.go.jp/chintai/kanto/kanagawa/40_2840_room.html?JKSS=001020506,<li>JR横須賀線「東戸塚」駅バス10分 徒歩1～3分</li><li>相鉄本線「和田町」駅 徒歩17～19分</li><li>JR横須賀線「保土ケ谷」駅バス14分 徒歩1～3分</li>
kanagawa,futamatagawa,ビューコート仏向,123600,相鉄本線「和田町」駅,17.0,19.0,,,,横浜市保土ケ谷区仏向町1037-1ほか,1-2号棟,鉄筋コンクリート造,5,N,506号室,3LDK,80,7,119800,3800,2か月,"['近居割', '近居割WIDE']",随時,https://www.ur-net.go.jp/chintai/kanto/kanagawa/40_2840_room.html?JKSS=001020506,<li>JR横須賀線「東戸塚」駅バス10分 徒歩1～3分</li><li>相鉄本線「和田町」駅 徒歩17～19分</li><li>JR横須賀線「保土ケ谷」駅バス14分 徒歩1～3分</li>
kanagawa,futamatagawa,ビューコート仏向,123600,,,,JR横須賀線「保土ケ谷」駅,15.0,17.0,横浜市保土ケ谷区仏向町1037-1ほか,1-2号棟,鉄筋コンクリート造,5,N,506号室,3LDK,80,7,119800,3800,2か月,"['近居割', '近居割WIDE']",随時,https://www.ur-net.go.jp/chintai/kanto/kanagawa/40_2840_room.html?JKSS=001020506,<li>JR横須賀線「東戸塚」駅バス10分 徒歩1～3分</li><li>相鉄本線「和田町」駅 徒歩17～19分</li><li>JR横須賀線「保土ケ谷」駅バス14分 徒歩1～3分</li>
kanagawa,futamatagawa,ビューコート仏向,123600,,,,,,,横浜市保土ケ谷区仏向町1037-1ほか,1-2号棟,鉄筋コンクリート造,5,N,506号室,3LDK,80,7,119800,3800,2か月,"['近居割', '近居割WIDE']",随時,https://www.ur-net.go.jp/chintai/kanto/kanagawa/40_2840_room.html?JKSS=001020506,<li>JR横須賀線「東戸塚」駅バス10分 徒歩1～3分</li><li>相鉄本線「和田町」駅 徒歩17～19分</li><li>JR横須賀線「保土ケ谷」駅バス14分 徒歩1～3分</li>
kanagawa,futamatagawa,コンフォール明神台,125700,相鉄本線「星川」駅,8.0,12.0,,,,横浜市保土ケ谷区明神台1,1-2号棟,鉄筋コンクリート造,6,N,601号室,2DK,53,10,120300,5400,2か月,['近居割'],随時,https://www.ur-net.go.jp/chintai/kanto/kanagawa/40_4000_room.html?JKSS=001020601,<li>相鉄本線「星川」駅 徒歩8～12分</li><li>相鉄本線「和田町」駅 徒歩9～16分</li><li>JR横須賀線「保土ケ谷」駅バス12分 徒歩1～6分</li>
kanagawa,futamatagawa,コンフォール明神台,125700,相鉄本線「和田町」駅,9.0,16.0,,,,横浜市保土ケ谷区明神台1,1-2号棟,鉄筋コンクリート造,6,N,601号室,2DK,53,10,120300,5400,2か月,['近居割'],随時,https://www.ur-net.go.jp/chintai/kanto/kanagawa/40_4000_room.html?JKSS=001020601,<li>相鉄本線「星川」駅 徒歩8～12分</li><li>相鉄本線「和田町」駅 徒歩9～16分</li><li>JR横須賀線「保土ケ谷」駅バス12分 徒歩1～6分</li>
kanagawa,futamatagawa,コンフォール明神台,125700,,,,JR横須賀線「保土ケ谷」駅,13.0,18.0,横浜市保土ケ谷区明神台1,1-2号棟,鉄筋コンクリート造,6,N,601号室,2DK,53,10,120300,5400,2か月,['近居割'],随時,https://www.ur-net.go.jp/chintai/kanto/kanagawa/40_4000_room.html?JKSS=001020601,<li>相鉄本線「星川」駅 徒歩8～12分</li><li>相鉄本線「和田町」駅 徒歩9～16分</li><li>JR横須賀線「保土ケ谷」駅バス12分 徒歩1～6分</li>
kanagawa,futamatagawa,コンフォール明神台,125700,,,,,,,横浜市保土ケ谷区明神台1,1-2号棟,鉄筋コンクリート造,6,N,601号室,2DK,53,10,120300,5400,2か月,['近居割'],随時,https://www.ur-net.go.jp/chintai/kanto/kanagawa/40_4000_room.html?JKSS=001020601,<li>相鉄本線「星川」駅 徒歩8～12分</li><li>相鉄本線「和田町」駅 徒歩9～16分</li><li>JR横須賀線「保土ケ谷」駅バス12分 徒歩1～6分</li>
kanagawa,futamatagawa,コンフォール明神台,143500,相鉄本線「星川」駅,8.0,12.0,,,,横浜市保土ケ谷区明神台1,1-5号棟,鉄筋コンクリート造,7,N,702号室,2LDK,65,7,138100,5400,2か月,['近居割'],随時,https://www.ur-net.go.jp/chintai/kanto/kanagawa/40_4000_room.html?JKSS=001050702,<li>相鉄本線「星川」駅 徒歩8～12分</li><li>相鉄本線「和田町」駅 徒歩9～16分</li><li>JR横須賀線「保土ケ谷」駅バス12分 徒歩1～6分</li>
kanagawa,futamatagawa,コンフォール明神台,143500,相鉄本線「和田町」駅,9.0,16.0,,,,横浜市保土ケ谷区明神台1,1-5号棟,鉄筋コンクリート造,7,N,702号室,2LDK,65,7,138100,5400,2か月,['近居割'],随時,https://www.ur-net.go.jp/chintai/kanto/kanagawa/40_4000_room.html?JKSS=001050702,<li>相鉄本線「星川」駅 徒歩8～12分</li><li>相鉄本線「和田町」駅 徒歩9～16分</li><li>JR横須賀線「保土ケ谷」駅バス12分 徒歩1～6分</li>
kanagawa,futamatagawa,コンフォール明神台,143500,,,,JR横須賀線「保土ケ谷」駅,13.0,18.0,横浜市保土ケ谷区明神台1,1-5号棟,鉄筋コンクリート造,7,N,702号室,2LDK,65,7,138100,5400,2か月,['近居割'],随時,https://www.ur-net.go.jp/chintai/kanto/kanagawa/40_4000_room.html?JKSS=001050702,<li>相鉄本線「星川」駅 徒歩8～12分</li><li>相鉄本線「和田町」駅 徒歩9～16分</li><li>JR横須賀線「保土ケ谷」駅バス12分 徒歩1～6分</li>
kanagawa,futamatagawa,コンフォール明神台,143500,,,,,,,横浜市保土ケ谷区明神台1,1-5号棟,鉄筋コンクリート造,7,N,702号室,2LDK,65,7,138100,5400,2か月,['近居割'],随時,https://www.ur-net.go.jp/chintai/kanto/kanagawa/40_4000_room.html?JKSS=001050702,<li>相鉄本線「星川」駅 徒歩8～12分</li><li>相鉄本線「和田町」駅 徒歩9～16分</li><li>JR横須賀線「保土ケ谷」駅バス12分 徒歩1～6分</li>
kanagawa,futamatagawa,コンフォール明神台,156700,相鉄本線「星川」駅,8.0,12.0,,,,横浜市保土ケ谷区明神台1,1-3号棟,鉄筋コンクリート造,2,N,201号室,4DK,80,14,151300,5400,2か月,['近居割'],随時,https://www.ur-net.go.jp/chintai/kanto/kanagawa/40_4000_room.html?JKSS=001030201,<li>相鉄本線「星川」駅 徒歩8～12分</li><li>相鉄本線「和田町」駅 徒歩9～16分</li><li>JR横須賀線「保土ケ谷」駅バス12分 徒歩1～6分</li>
kanagawa,futamatagawa,コンフォール明神台,156700,相鉄本線「和田町」駅,9.0,16.0,,,,横浜市保土ケ谷区明神台1,1-3号棟,鉄筋コンクリート造,2,N,201号室,4DK,80,14,151300,5400,2か月,['近居割'],随時,https://www.ur-net.go.jp/chintai/kanto/kanagawa/40_4000_room.html?JKSS=001030201,<li>相鉄本線「星川」駅 徒歩8～12分</li><li>相鉄本線「和田町」駅 徒歩9～16分</li><li>JR横須賀線「保土ケ谷」駅バス12分 徒歩1～6分</li>
kanagawa,futamatagawa,コンフォール明神台,156700,,,,JR横須賀線「保土ケ谷」駅,13.0,18.0,横浜市保土ケ谷区明神台1,1-3号棟,鉄筋コンクリート造,2,N,201号室,4DK,80,14,151300,5400,2か月,['近居割'],随時,https://www.ur-net.go.jp/chintai/kanto/kanagawa/40_4000_room.html?JKSS=001030201,<li>相鉄本線「星川」駅 徒歩8～12分</li><li>相鉄本線「和田町」駅 徒歩9～16分</li><li>JR横須賀線「保土ケ谷」駅バス12分 徒歩1～6分</li>
kanagawa,futamatagawa,コンフォール明神台,156700,,,,,,,横浜市保土ケ谷区明神台1,1-3号棟,鉄筋コンクリート造,2,N,201号室,4DK,80,14,151300,5400,2か月,['近居割'],随時,https://www.ur-net.go.jp/chintai/kanto/kanagawa/40_4000_room.html?JKSS=001030201,<li>相鉄本線「星川」駅 徒歩8～12分</li><li>相鉄本線「和田町」駅 徒歩9～16分</li><li>JR横須賀線「保土ケ谷」駅バス12分 徒歩1～6分</li>
kanagawa,futamatagawa,左近山,72200,,,,相鉄本線「二俣川」駅,14.0,23.0,横浜市旭区左近山16-1ほか,1-29号棟,鉄筋コンクリート造、鉄骨鉄筋コンクリート造,7,N,707号室,2LDK,53,10,67400,4800,2か月,['URライト（3年定借）'],随時,https://www.ur-net.go.jp/chintai/kanto/kanagawa/40_1180_room.html?JKSS=000129707,<li>相鉄本線「二俣川」駅バス13～17分 徒歩1～6分</li><li>JR横須賀線「東戸塚」駅バス25～31分 徒歩1～6分</li><li>相鉄本線「鶴ヶ峰」駅バス24～29分 徒歩1～6分</li>
kanagawa,futamatagawa,左近山,72200,,,,JR横須賀線「東戸塚」駅,26.0,37.0,横浜市旭区左近山16-1ほか,1-29号棟,鉄筋コンクリート造、鉄骨鉄筋コンクリート造,7,N,707号室,2LDK,53,10,67400,4800,2か月,['URライト（3年定借）'],随時,https://www.ur-net.go.jp/chintai/kanto/kanagawa/40_1180_room.html?JKSS=000129707,<li>相鉄本線「二俣川」駅バス13～17分 徒歩1～6分</li><li>JR横須賀線「東戸塚」駅バス25～31分 徒歩1～6分</li><li>相鉄本線「鶴ヶ峰」駅バス24～29分 徒歩1～6分</li>
kanagawa,futamatagawa,左近山,72200,,,,相鉄本線「鶴ヶ峰」駅,25.0,35.0,横浜市旭区左近山16-1ほか,1-29号棟,鉄筋コンクリート造、鉄骨鉄筋コンクリート造,7,N,707号室,2LDK,53,10,67400,4800,2か月,['URライト（3年定借）'],随時,https://www.ur-net.go.jp/chintai/kanto/kanagawa/40_1180_room.html?JKSS=000129707,<li>相鉄本線「二俣川」駅バス13～17分 徒歩1～6分</li><li>JR横須賀線「東戸塚」駅バス25～31分 徒歩1～6分</li><li>相鉄本線「鶴ヶ峰」駅バス24～29分 徒歩1～6分</li>
kanagawa,futamatagawa,左近山,72200,,,,,,,横浜市旭区左近山16-1ほか,1-29号棟,鉄筋コンクリート造、鉄骨鉄筋コンクリート造,7,N,707号室,2LDK,53,10,67400,4800,2か月,['URライト（3年定借）'],随時,https://www.ur-net.go.jp/chintai/kanto/kanagawa/40_1180_room.html?JKSS=000129707,<li>相鉄本線「二俣川」駅バス13～17分 徒歩1～6分</li><li>JR横須賀線「東戸塚」駅バス25～31分 徒歩1～6分</li><li>相鉄本線「鶴ヶ峰」駅バス24～29分 徒歩1～6分</li>
kanagawa,futamatagawa,左近山,73500,,,,相鉄本線「二俣川」駅,14.0,23.0,横浜市旭区左近山16-1ほか,8-11号棟,鉄筋コンクリート造、鉄骨鉄筋コンクリート造,4,N,402号室,2LDK,50,5,68700,4800,2か月,"['近居割', '近居割WIDE']",随時,https://www.ur-net.go.jp/chintai/kanto/kanagawa/40_1180_room.html?JKSS=008110402,<li>相鉄本線「二俣川」駅バス13～17分 徒歩1～6分</li><li>JR横須賀線「東戸塚」駅バス25～31分 徒歩1～6分</li><li>相鉄本線「鶴ヶ峰」駅バス24～29分 徒歩1～6分</li>
kanagawa,futamatagawa,左近山,73500,,,,JR横須賀線「東戸塚」駅,26.0,37.0,横浜市旭区左近山16-1ほか,8-11号棟,鉄筋コンクリート造、鉄骨鉄筋コンクリート造,4,N,402号室,2LDK,50,5,68700,4800,2か月,"['近居割', '近居割WIDE']",随時,https://www.ur-net.go.jp/chintai/kanto/kanagawa/40_1180_room.html?JKSS=008110402,<li>相鉄本線「二俣川」駅バス13～17分 徒歩1～6分</li><li>JR横須賀線「東戸塚」駅バス25～31分 徒歩1～6分</li><li>相鉄本線「鶴ヶ峰」駅バス24～29分 徒歩1～6分</li>
kanagawa,futamatagawa,左近山,73500,,,,相鉄本線「鶴ヶ峰」駅,25.0,35.0,横浜市旭区左近山16-1ほか,8-11号棟,鉄筋コンクリート造、鉄骨鉄筋コンクリート造,4,N,402号室,2LDK,50,5,68700,4800,2か月,"['近居割', '近居割WIDE']",随時,https://www.ur-net.go.jp/chintai/kanto/kanagawa/40_1180_room.html?JKSS=008110402,<li>相鉄本線「二俣川」駅バス13～17分 徒歩1～6分</li><li>JR横須賀線「東戸塚」駅バス25～31分 徒歩1～6分</li><li>相鉄本線「鶴ヶ峰」駅バス24～29分 徒歩1～6分</li>
kanagawa,futamatagawa,左近山,73500,,,,,,,横浜市旭区左近山16-1ほか,8-11号棟,鉄筋コンクリート造、鉄骨鉄筋コンクリート造,4,N,402号室,2LDK,50,5,68700,4800,2か月,"['近居割', '近居割WIDE']",随時,https://www.ur-net.go.jp/chintai/kanto/kanagawa/40_1180_room.html?JKSS=008110402,<li>相鉄本線「二俣川」駅バス13～17分 徒歩1～6分</li><li>JR横須賀線「東戸塚」駅バス25～31分 徒歩1～6分</li><li>相鉄本線「鶴ヶ峰」駅バス24～29分 徒歩1～6分</li>
kanagawa,futamatagawa,左近山,73500,,,,相鉄本線「二俣川」駅,14.0,23.0,横浜市旭区左近山16-1ほか,9-10号棟,鉄筋コンクリート造、鉄骨鉄筋コンクリート造,4,N,403号室,2LDK,50,5,68700,4800,2か月,"['近居割', '近居割WIDE']",随時,https://www.ur-net.go.jp/chintai/kanto/kanagawa/40_1180_room.html?JKSS=009100403,<li>相鉄本線「二俣川」駅バス13～17分 徒歩1～6分</li><li>JR横須賀線「東戸塚」駅バス25～31分 徒歩1～6分</li><li>相鉄本線「鶴ヶ峰」駅バス24～29分 徒歩1～6分</li>
kanagawa,futamatagawa,左近山,73500,,,,JR横須賀線「東戸塚」駅,26.0,37.0,横浜市旭区左近山16-1ほか,9-10号棟,鉄筋コンクリート造、鉄骨鉄筋コンクリート造,4,N,403号室,2LDK,50,5,68700,4800,2か月,"['近居割', '近居割WIDE']",随時,https://www.ur-net.go.jp/chintai/kanto/kanagawa/40_1180_room.html?JKSS=009100403,<li>相鉄本線「二俣川」駅バス13～17分 徒歩1～6分</li><li>JR横須賀線「東戸塚」駅バス25～31分 徒歩1～6分</li><li>相鉄本線「鶴ヶ峰」駅バス24～29分 徒歩1～6分</li>
kanagawa,futamatagawa,左近山,73500,,,,相鉄本線「鶴ヶ峰」駅,25.0,35.0,横浜市旭区左近山16-1ほか,9-10号棟,鉄筋コンクリート造、鉄骨鉄筋コンクリート造,4,N,403号室,2LDK,50,5,68700,4800,2か月,"['近居割', '近居割WIDE']",随時,https://www.ur-net.go.jp/chintai/kanto/kanagawa/40_1180_room.html?JKSS=009100403,<li>相鉄本線「二俣川」駅バス13～17分 徒歩1～6分</li><li>JR横須賀線「東戸塚」駅バス25～31分 徒歩1～6分</li><li>相鉄本線「鶴ヶ峰」駅バス24～29分 徒歩1～6分</li>
kanagawa,futamatagawa,左近山,73500,,,,,,,横浜市旭区左近山16-1ほか,9-10号棟,鉄筋コンクリート造、鉄骨鉄筋コンクリート造,4,N,403号室,2LDK,50,5,68700,4800,2か月,"['近居割', '近居割WIDE']",随時,https://www.ur-net.go.jp/chintai/kanto/kanagawa/40_1180_room.html?JKSS=009100403,<li>相鉄本線「二俣川」駅バス13～17分 徒歩1～6分</li><li>JR横須賀線「東戸塚」駅バス25～31分 徒歩1～6分</li><li>相鉄本線「鶴ヶ峰」駅バス24～29分 徒歩1～6分</li>
kanagawa,futamatagawa,左近山,74800,,,,相鉄本線「二俣川」駅,14.0,23.0,横浜市旭区左近山16-1ほか,8-18号棟,鉄筋コンクリート造、鉄骨鉄筋コンクリート造,2,N,201号室,3K,50,5,70000,4800,2か月,['健康寿命サポート'],随時,https://www.ur-net.go.jp/chintai/kanto/kanagawa/40_1180_room.html?JKSS=008180201,<li>相鉄本線「二俣川」駅バス13～17分 徒歩1～6分</li><li>JR横須賀線「東戸塚」駅バス25～31分 徒歩1～6分</li><li>相鉄本線「鶴ヶ峰」駅バス24～29分 徒歩1～6分</li>
kanagawa,futamatagawa,左近山,74800,,,,JR横須賀線「東戸塚」駅,26.0,37.0,横浜市旭区左近山16-1ほか,8-18号棟,鉄筋コンクリート造、鉄骨鉄筋コンクリート造,2,N,201号室,3K,50,5,70000,4800,2か月,['健康寿命サポート'],随時,https://www.ur-net.go.jp/chintai/kanto/kanagawa/40_1180_room.html?JKSS=008180201,<li>相鉄本線「二俣川」駅バス13～17分 徒歩1～6分</li><li>JR横須賀線「東戸塚」駅バス25～31分 徒歩1～6分</li><li>相鉄本線「鶴ヶ峰」駅バス24～29分 徒歩1～6分</li>
kanagawa,futamatagawa,左近山,74800,,,,相鉄本線「鶴ヶ峰」駅,25.0,35.0,横浜市旭区左近山16-1ほか,8-18号棟,鉄筋コンクリート造、鉄骨鉄筋コンクリート造,2,N,201号室,3K,50,5,70000,4800,2か月,['健康寿命サポート'],随時,https://www.ur-net.go.jp/chintai/kanto/kanagawa/40_1180_room.html?JKSS=008180201,<li>相鉄本線「二俣川」駅バス13～17分 徒歩1～6分</li><li>JR横須賀線「東戸塚」駅バス25～31分 徒歩1～6分</li><li>相鉄本線「鶴ヶ峰」駅バス24～29分 徒歩1～6分</li>
kanagawa,futamatagawa,左近山,74800,,,,,,,横浜市旭区左近山16-1ほか,8-18号棟,鉄筋コンクリート造、鉄骨鉄筋コンクリート造,2,N,201号室,3K,50,5,70000,4800,2か月,['健康寿命サポート'],随時,https://www.ur-net.go.jp/chintai/kanto/kanagawa/40_1180_room.html?JKSS=008180201,<li>相鉄本線「二俣川」駅バス13～17分 徒歩1～6分</li><li>JR横須賀線「東戸塚」駅バス25～31分 徒歩1～6分</li><li>相鉄本線「鶴ヶ峰」駅バス24～29分 徒歩1～6分</li>
kanagawa,futamatagawa,左近山,75000,,,,相鉄本線「二俣川」駅,14.0,23.0,横浜市旭区左近山16-1ほか,8-12号棟,鉄筋コンクリート造、鉄骨鉄筋コンクリート造,2,N,201号室,2LDK,50,5,70200,4800,2か月,['URライト（4年定借）'],随時,https://www.ur-net.go.jp/chintai/kanto/kanagawa/40_1180_room.html?JKSS=008120201,<li>相鉄本線「二俣川」駅バス13～17分 徒歩1～6分</li><li>JR横須賀線「東戸塚」駅バス25～31分 徒歩1～6分</li><li>相鉄本線「鶴ヶ峰」駅バス24～29分 徒歩1～6分</li>
kanagawa,futamatagawa,左近山,75000,,,,JR横須賀線「東戸塚」駅,26.0,37.0,横浜市旭区左近山16-1ほか,8-12号棟,鉄筋コンクリート造、鉄骨鉄筋コンクリート造,2,N,201号室,2LDK,50,5,70200,4800,2か月,['URライト（4年定借）'],随時,https://www.ur-net.go.jp/chintai/kanto/kanagawa/40_1180_room.html?JKSS=008120201,<li>相鉄本線「二俣川」駅バス13～17分 徒歩1～6分</li><li>JR横須賀線「東戸塚」駅バス25～31分 徒歩1～6分</li><li>相鉄本線「鶴ヶ峰」駅バス24～29分 徒歩1～6分</li>
kanagawa,futamatagawa,左近山,75000,,,,相鉄本線「鶴ヶ峰」駅,25.0,35.0,横浜市旭区左近山16-1ほか,8-12号棟,鉄筋コンクリート造、鉄骨鉄筋コンクリート造,2,N,201号室,2LDK,50,5,70200,4800,2か月,['URライト（4年定借）'],随時,https://www.ur-net.go.jp/chintai/kanto/kanagawa/40_1180_room.html?JKSS=008120201,<li>相鉄本線「二俣川」駅バス13～17分 徒歩1～6分</li><li>JR横須賀線「東戸塚」駅バス25～31分 徒歩1～6分</li><li>相鉄本線「鶴ヶ峰」駅バス24～29分 徒歩1～6分</li>
kanagawa,futamatagawa,左近山,75000,,,,,,,横浜市旭区左近山16-1ほか,8-12号棟,鉄筋コンクリート造、鉄骨鉄筋コンクリート造,2,N,201号室,2LDK,50,5,70200,4800,2か月,['URライト（4年定借）'],随時,https://www.ur-net.go.jp/chintai/kanto/kanagawa/40_1180_room.html?JKSS=008120201,<li>相鉄本線「二俣川」駅バス13～17分 徒歩1～6分</li><li>JR横須賀線「東戸塚」駅バス25～31分 徒歩1～6分</li><li>相鉄本線「鶴ヶ峰」駅バス24～29分 徒歩1～6分</li>
kanagawa,yokohamanishiguchi,睦町,73800,横浜市営地下鉄ブルーライン「吉野町」駅,5.0,5.0,,,,横浜市南区睦町1-15-15,,鉄筋コンクリート造,4,N,414号室,2K,36,7,68000,5800,2か月,['URライト（9年定借）'],随時,https://www.ur-net.go.jp/chintai/kanto/kanagawa/40_1120_room.html?JKSS=000001414,<li>横浜市営地下鉄ブルーライン「吉野町」駅 徒歩5分</li><li>京急本線「南太田」駅 徒歩9分</li>
kanagawa,yokohamanishiguchi,睦町,73800,京急本線「南太田」駅,9.0,9.0,,,,横浜市南区睦町1-15-15,,鉄筋コンクリート造,4,N,414号室,2K,36,7,68000,5800,2か月,['URライト（9年定借）'],随時,https://www.ur-net.go.jp/chintai/kanto/kanagawa/40_1120_room.html?JKSS=000001414,<li>横浜市営地下鉄ブルーライン「吉野町」駅 徒歩5分</li><li>京急本線「南太田」駅 徒歩9分</li>
kanagawa,yokohamanishiguchi,睦町,73800,,,,,,,横浜市南区睦町1-15-15,,鉄筋コンクリート造,4,N,414号室,2K,36,7,68000,5800,2か月,['URライト（9年定借）'],随時,https://www.ur-net.go.jp/chintai/kanto/kanagawa/40_1120_room.html?JKSS=000001414,<li>横浜市営地下鉄ブルーライン「吉野町」駅 徒歩5分</li><li>京急本線「南太田」駅 徒歩9分</li>
kanagawa,futamatagawa,南永田,72300,,,,京急本線「弘明寺」駅,9.0,14.0,横浜市南区永田みなみ台2,2-4号棟,鉄骨鉄筋コンクリート造,8,N,802号室,2DK,46,14,68600,3700,2か月,"['近居割', '近居割WIDE']",随時,https://www.ur-net.go.jp/chintai/kanto/kanagawa/40_1630_room.html?JKSS=002040802,<li>京急本線「弘明寺」駅バス8～10分 徒歩1～4分</li><li>京急本線「井土ヶ谷」駅 徒歩19～25分</li><li>JR横須賀線「保土ケ谷」駅バス3分 徒歩14～18分</li>
kanagawa,futamatagawa,南永田,72300,京急本線「井土ヶ谷」駅,19.0,25.0,,,,横浜市南区永田みなみ台2,2-4号棟,鉄骨鉄筋コンクリート造,8,N,802号室,2DK,46,14,68600,3700,2か月,"['近居割', '近居割WIDE']",随時,https://www.ur-net.go.jp/chintai/kanto/kanagawa/40_1630_room.html?JKSS=002040802,<li>京急本線「弘明寺」駅バス8～10分 徒歩1～4分</li><li>京急本線「井土ヶ谷」駅 徒歩19～25分</li><li>JR横須賀線「保土ケ谷」駅バス3分 徒歩14～18分</li>
kanagawa,futamatagawa,南永田,72300,,,,JR横須賀線「保土ケ谷」駅,17.0,21.0,横浜市南区永田みなみ台2,2-4号棟,鉄骨鉄筋コンクリート造,8,N,802号室,2DK,46,14,68600,3700,2か月,"['近居割', '近居割WIDE']",随時,https://www.ur-net.go.jp/chintai/kanto/kanagawa/40_1630_room.html?JKSS=002040802,<li>京急本線「弘明寺」駅バス8～10分 徒歩1～4分</li><li>京急本線「井土ヶ谷」駅 徒歩19～25分</li><li>JR横須賀線「保土ケ谷」駅バス3分 徒歩14～18分</li>
kanagawa,futamatagawa,南永田,72300,,,,,,,横浜市南区永田みなみ台2,2-4号棟,鉄骨鉄筋コンクリート造,8,N,802号室,2DK,46,14,68600,3700,2か月,"['近居割', '近居割WIDE']",随時,https://www.ur-net.go.jp/chintai/kanto/kanagawa/40_1630_room.html?JKSS=002040802,<li>京急本線「弘明寺」駅バス8～10分 徒歩1～4分</li><li>京急本線「井土ヶ谷」駅 徒歩19～25分</li><li>JR横須賀線「保土ケ谷」駅バス3分 徒歩14～18分</li>
kanagawa,futamatagawa,南永田,73900,,,,京急本線「弘明寺」駅,9.0,14.0,横浜市南区永田みなみ台2,2-3号棟,鉄骨鉄筋コンクリート造,3,N,303号室,1LDK,47,11,70200,3700,2か月,"['近居割', '近居割WIDE']",随時,https://www.ur-net.go.jp/chintai/kanto/kanagawa/40_1630_room.html?JKSS=002030303,<li>京急本線「弘明寺」駅バス8～10分 徒歩1～4分</li><li>京急本線「井土ヶ谷」駅 徒歩19～25分</li><li>JR横須賀線「保土ケ谷」駅バス3分 徒歩14～18分</li>
kanagawa,futamatagawa,南永田,73900,京急本線「井土ヶ谷」駅,19.0,25.0,,,,横浜市南区永田みなみ台2,2-3号棟,鉄骨鉄筋コンクリート造,3,N,303号室,1LDK,47,11,70200,3700,2か月,"['近居割', '近居割WIDE']",随時,https://www.ur-net.go.jp/chintai/kanto/kanagawa/40_1630_room.html?JKSS=002030303,<li>京急本線「弘明寺」駅バス8～10分 徒歩1～4分</li><li>京急本線「井土ヶ谷」駅 徒歩19～25分</li><li>JR横須賀線「保土ケ谷」駅バス3分 徒歩14～18分</li>
kanagawa,futamatagawa,南永田,73900,,,,JR横須賀線「保土ケ谷」駅,17.0,21.0,横浜市南区永田みなみ台2,2-3号棟,鉄骨鉄筋コンクリート造,3,N,303号室,1LDK,47,11,70200,3700,2か月,"['近居割', '近居割WIDE']",随時,https://www.ur-net.go.jp/chintai/kanto/kanagawa/40_1630_room.html?JKSS=002030303,<li>京急本線「弘明寺」駅バス8～10分 徒歩1～4分</li><li>京急本線「井土ヶ谷」駅 徒歩19～25分</li><li>JR横須賀線「保土ケ谷」駅バス3分 徒歩14～18分</li>
kanagawa,futamatagawa,南永田,73900,,,,,,,横浜市南区永田みなみ台2,2-3号棟,鉄骨鉄筋コンクリート造,3,N,303号室,1LDK,47,11,70200,3700,2か月,"['近居割', '近居割WIDE']",随時,https://www.ur-net.go.jp/chintai/kanto/kanagawa/40_1630_room.html?JKSS=002030303,<li>京急本線「弘明寺」駅バス8～10分 徒歩1～4分</li><li>京急本線「井土ヶ谷」駅 徒歩19～25分</li><li>JR横須賀線「保土ケ谷」駅バス3分 徒歩14～18分</li>
kanagawa,futamatagawa,南永田,74800,,,,京急本線「弘明寺」駅,9.0,14.0,横浜市南区永田みなみ台2,2-8号棟,鉄骨鉄筋コンクリート造,6,N,606号室,2DK,47,11,71100,3700,2か月,"['近居割', '近居割WIDE']",随時,https://www.ur-net.go.jp/chintai/kanto/kanagawa/40_1630_room.html?JKSS=002080606,<li>京急本線「弘明寺」駅バス8～10分 徒歩1～4分</li><li>京急本線「井土ヶ谷」駅 徒歩19～25分</li><li>JR横須賀線「保土ケ谷」駅バス3分 徒歩14～18分</li>
kanagawa,futamatagawa,南永田,74800,京急本線「井土ヶ谷」駅,19.0,25.0,,,,横浜市南区永田みなみ台2,2-8号棟,鉄骨鉄筋コンクリート造,6,N,606号室,2DK,47,11,71100,3700,2か月,"['近居割', '近居割WIDE']",随時,https://www.ur-net.go.jp/chintai/kanto/kanagawa/40_1630_room.html?JKSS=002080606,<li>京急本線「弘明寺」駅バス8～10分 徒歩1～4分</li><li>京急本線「井土ヶ谷」駅 徒歩19～25分</li><li>JR横須賀線「保土ケ谷」駅バス3分 徒歩14～18分</li>
kanagawa,futamatagawa,南永田,74800,,,,JR横須賀線「保土ケ谷」駅,17.0,21.0,横浜市南区永田みなみ台2,2-8号棟,鉄骨鉄筋コンクリート造,6,N,606号室,2DK,47,11,71100,3700,2か月,"['近居割', '近居割WIDE']",随時,https://www.ur-net.go.jp/chintai/kanto/kanagawa/40_1630_room.html?JKSS=002080606,<li>京急本線「弘明寺」駅バス8～10分 徒歩1～4分</li><li>京急本線「井土ヶ谷」駅 徒歩19～25分</li><li>JR横須賀線「保土ケ谷」駅バス3分 徒歩14～18分</li>
kanagawa,futamatagawa,南永田,74800,,,,,,,横浜市南区永田みなみ台2,2-8号棟,鉄骨鉄筋コンクリート造,6,N,606号室,2DK,47,11,71100,3700,2か月,"['近居割', '近居割WIDE']",随時,https://www.ur-net.go.jp/chintai/kanto/kanagawa/40_1630_room.html?JKSS=002080606,<li>京急本線「弘明寺」駅バス8～10分 徒歩1～4分</li><li>京急本線「井土ヶ谷」駅 徒歩19～25分</li><li>JR横須賀線「保土ケ谷」駅バス3分 徒歩14～18分</li>
kanagawa,futamatagawa,南永田,75100,,,,京急本線「弘明寺」駅,9.0,14.0,横浜市南区永田みなみ台2,2-11号棟,鉄骨鉄筋コンクリート造,2,N,205号室,2DK,46,14,71400,3700,2か月,"['近居割', '近居割WIDE']",随時,https://www.ur-net.go.jp/chintai/kanto/kanagawa/40_1630_room.html?JKSS=002110205,<li>京急本線「弘明寺」駅バス8～10分 徒歩1～4分</li><li>京急本線「井土ヶ谷」駅 徒歩19～25分</li><li>JR横須賀線「保土ケ谷」駅バス3分 徒歩14～18分</li>
kanagawa,futamatagawa,南永田,75100,京急本線「井土ヶ谷」駅,19.0,25.0,,,,横浜市南区永田みなみ台2,2-11号棟,鉄骨鉄筋コンクリート造,2,N,205号室,2DK,46,14,71400,3700,2か月,"['近居割', '近居割WIDE']",随時,https://www.ur-net.go.jp/chintai/kanto/kanagawa/40_1630_room.html?JKSS=002110205,<li>京急本線「弘明寺」駅バス8～10分 徒歩1～4分</li><li>京急本線「井土ヶ谷」駅 徒歩19～25分</li><li>JR横須賀線「保土ケ谷」駅バス3分 徒歩14～18分</li>
kanagawa,futamatagawa,南永田,75100,,,,JR横須賀線「保土ケ谷」駅,17.0,21.0,横浜市南区永田みなみ台2,2-11号棟,鉄骨鉄筋コンクリート造,2,N,205号室,2DK,46,14,71400,3700,2か月,"['近居割', '近居割WIDE']",随時,https://www.ur-net.go.jp/chintai/kanto/kanagawa/40_1630_room.html?JKSS=002110205,<li>京急本線「弘明寺」駅バス8～10分 徒歩1～4分</li><li>京急本線「井土ヶ谷」駅 徒歩19～25分</li><li>JR横須賀線「保土ケ谷」駅バス3分 徒歩14～18分</li>
kanagawa,futamatagawa,南永田,75100,,,,,,,横浜市南区永田みなみ台2,2-11号棟,鉄骨鉄筋コンクリート造,2,N,205号室,2DK,46,14,71400,3700,2か月,"['近居割', '近居割WIDE']",随時,https://www.ur-net.go.jp/chintai/kanto/kanagawa/40_1630_room.html?JKSS=002110205,<li>京急本線「弘明寺」駅バス8～10分 徒歩1～4分</li><li>京急本線「井土ヶ谷」駅 徒歩19～25分</li><li>JR横須賀線「保土ケ谷」駅バス3分 徒歩14～18分</li>
kanagawa,seasidetown,金沢シーサイドタウン　並木一丁目第一,92900,シーサイドライン「鳥浜」駅,5.0,10.0,,,,横浜市金沢区並木1,3-2号棟,鉄骨鉄筋コンクリート造,8,N,806号室,2DK,49,11,89400,3500,2か月,"['近居割', '近居割WIDE']",随時,https://www.ur-net.go.jp/chintai/kanto/kanagawa/40_1860_room.html?JKSS=003020806,<li>シーサイドライン「鳥浜」駅 徒歩5～10分</li><li>シーサイドライン「並木北」駅 徒歩4～11分</li><li>京急本線「京急富岡」駅 徒歩16～21分</li>
kanagawa,seasidetown,金沢シーサイドタウン　並木一丁目第一,92900,シーサイドライン「並木北」駅,4.0,11.0,,,,横浜市金沢区並木1,3-2号棟,鉄骨鉄筋コンクリート造,8,N,806号室,2DK,49,11,89400,3500,2か月,"['近居割', '近居割WIDE']",随時,https://www.ur-net.go.jp/chintai/kanto/kanagawa/40_1860_room.html?JKSS=003020806,<li>シーサイドライン「鳥浜」駅 徒歩5～10分</li><li>シーサイドライン「並木北」駅 徒歩4～11分</li><li>京急本線「京急富岡」駅 徒歩16～21分</li>
kanagawa,seasidetown,金沢シーサイドタウン　並木一丁目第一,92900,京急本線「京急富岡」駅,16.0,21.0,,,,横浜市金沢区並木1,3-2号棟,鉄骨鉄筋コンクリート造,8,N,806号室,2DK,49,11,89400,3500,2か月,"['近居割', '近居割WIDE']",随時,https://www.ur-net.go.jp/chintai/kanto/kanagawa/40_1860_room.html?JKSS=003020806,<li>シーサイドライン「鳥浜」駅 徒歩5～10分</li><li>シーサイドライン「並木北」駅 徒歩4～11分</li><li>京急本線「京急富岡」駅 徒歩16～21分</li>
kanagawa,seasidetown,金沢シーサイドタウン　並木一丁目第一,92900,,,,,,,横浜市金沢区並木1,3-2号棟,鉄骨鉄筋コンクリート造,8,N,806号室,2DK,49,11,89400,3500,2か月,"['近居割', '近居割WIDE']",随時,https://www.ur-net.go.jp/chintai/kanto/kanagawa/40_1860_room.html?JKSS=003020806,<li>シーサイドライン「鳥浜」駅 徒歩5～10分</li><li>シーサイドライン「並木北」駅 徒歩4～11分</li><li>京急本線「京急富岡」駅 徒歩16～21分</li>
kanagawa,seasidetown,金沢シーサイドタウン　並木一丁目第一,92900,シーサイドライン「鳥浜」駅,5.0,10.0,,,,横浜市金沢区並木1,4-3号棟,鉄骨鉄筋コンクリート造,10,N,1002号室,1LDK,49,11,89400,3500,2か月,"['近居割', '近居割WIDE']",随時,https://www.ur-net.go.jp/chintai/kanto/kanagawa/40_1860_room.html?JKSS=004031002,<li>シーサイドライン「鳥浜」駅 徒歩5～10分</li><li>シーサイドライン「並木北」駅 徒歩4～11分</li><li>京急本線「京急富岡」駅 徒歩16～21分</li>
kanagawa,seasidetown,金沢シーサイドタウン　並木一丁目第一,92900,シーサイドライン「並木北」駅,4.0,11.0,,,,横浜市金沢区並木1,4-3号棟,鉄骨鉄筋コンクリート造,10,N,1002号室,1LDK,49,11,89400,3500,2か月,"['近居割', '近居割WIDE']",随時,https://www.ur-net.go.jp/chintai/kanto/kanagawa/40_1860_room.html?JKSS=004031002,<li>シーサイドライン「鳥浜」駅 徒歩5～10分</li><li>シーサイドライン「並木北」駅 徒歩4～11分</li><li>京急本線「京急富岡」駅 徒歩16～21分</li>
kanagawa,seasidetown,金沢シーサイドタウン　並木一丁目第一,92900,京急本線「京急富岡」駅,16.0,21.0,,,,横浜市金沢区並木1,4-3号棟,鉄骨鉄筋コンクリート造,10,N,1002号室,1LDK,49,11,89400,3500,2か月,"['近居割', '近居割WIDE']",随時,https://www.ur-net.go.jp/chintai/kanto/kanagawa/40_1860_room.html?JKSS=004031002,<li>シーサイドライン「鳥浜」駅 徒歩5～10分</li><li>シーサイドライン「並木北」駅 徒歩4～11分</li><li>京急本線「京急富岡」駅 徒歩16～21分</li>
kanagawa,seasidetown,金沢シーサイドタウン　並木一丁目第一,92900,,,,,,,横浜市金沢区並木1,4-3号棟,鉄骨鉄筋コンクリート造,10,N,1002号室,1LDK,49,11,89400,3500,2か月,"['近居割', '近居割WIDE']",随時,https://www.ur-net.go.jp/chintai/kanto/kanagawa/40_1860_room.html?JKSS=004031002,<li>シーサイドライン「鳥浜」駅 徒歩5～10分</li><li>シーサイドライン「並木北」駅 徒歩4～11分</li><li>京急本線「京急富岡」駅 徒歩16～21分</li>
kanagawa,seasidetown,金沢シーサイドタウン　並木二丁目,107900,シーサイドライン「並木中央」駅,7.0,14.0,,,,横浜市金沢区並木2,7-2号棟,鉄筋コンクリート造,6,N,605号室,2LDK,68,8,103600,4300,2か月,"['近居割', '近居割WIDE']",随時,https://www.ur-net.go.jp/chintai/kanto/kanagawa/40_2040_room.html?JKSS=007020605,<li>シーサイドライン「並木中央」駅 徒歩7～14分</li><li>京急本線「京急富岡」駅 徒歩11～14分</li><li>京急本線「能見台」駅 徒歩22～24分</li>
kanagawa,seasidetown,金沢シーサイドタウン　並木二丁目,107900,京急本線「京急富岡」駅,11.0,14.0,,,,横浜市金沢区並木2,7-2号棟,鉄筋コンクリート造,6,N,605号室,2LDK,68,8,103600,4300,2か月,"['近居割', '近居割WIDE']",随時,https://www.ur-net.go.jp/chintai/kanto/kanagawa/40_2040_room.html?JKSS=007020605,<li>シーサイドライン「並木中央」駅 徒歩7～14分</li><li>京急本線「京急富岡」駅 徒歩11～14分</li><li>京急本線「能見台」駅 徒歩22～24分</li>
kanagawa,seasidetown,金沢シーサイドタウン　並木二丁目,107900,京急本線「能見台」駅,22.0,24.0,,,,横浜市金沢区並木2,7-2号棟,鉄筋コンクリート造,6,N,605号室,2LDK,68,8,103600,4300,2か月,"['近居割', '近居割WIDE']",随時,https://www.ur-net.go.jp/chintai/kanto/kanagawa/40_2040_room.html?JKSS=007020605,<li>シーサイドライン「並木中央」駅 徒歩7～14分</li><li>京急本線「京急富岡」駅 徒歩11～14分</li><li>京急本線「能見台」駅 徒歩22～24分</li>
kanagawa,seasidetown,金沢シーサイドタウン　並木二丁目,107900,,,,,,,横浜市金沢区並木2,7-2号棟,鉄筋コンクリート造,6,N,605号室,2LDK,68,8,103600,4300,2か月,"['近居割', '近居割WIDE']",随時,https://www.ur-net.go.jp/chintai/kanto/kanagawa/40_2040_room.html?JKSS=007020605,<li>シーサイドライン「並木中央」駅 徒歩7～14分</li><li>京急本線「京急富岡」駅 徒歩11～14分</li><li>京急本線「能見台」駅 徒歩22～24分</li>
kanagawa,seasidetown,ビーコンヒル能見台ウエストヒル,144900,京急本線「能見台」駅,11.0,11.0,,,,横浜市金沢区能見台東8,2号棟,鉄筋コンクリート造,6,N,603号室,2LDK,70,14,139000,5900,2か月,['近居割'],随時,https://www.ur-net.go.jp/chintai/kanto/kanagawa/40_3260_room.html?JKSS=000020603,<li>京急本線「能見台」駅 徒歩11分</li><li>JR京浜東北・根岸線「洋光台」駅バス20分 徒歩7分</li><li>京急本線「京急富岡」駅 徒歩17～18分</li>
kanagawa,seasidetown,ビーコンヒル能見台ウエストヒル,144900,,,,JR京浜東北・根岸線「洋光台」駅,27.0,27.0,横浜市金沢区能見台東8,2号棟,鉄筋コンクリート造,6,N,603号室,2LDK,70,14,139000,5900,2か月,['近居割'],随時,https://www.ur-net.go.jp/chintai/kanto/kanagawa/40_3260_room.html?JKSS=000020603,<li>京急本線「能見台」駅 徒歩11分</li><li>JR京浜東北・根岸線「洋光台」駅バス20分 徒歩7分</li><li>京急本線「京急富岡」駅 徒歩17～18分</li>
kanagawa,seasidetown,ビーコンヒル能見台ウエストヒル,144900,京急本線「京急富岡」駅,17.0,18.0,,,,横浜市金沢区能見台東8,2号棟,鉄筋コンクリート造,6,N,603号室,2LDK,70,14,139000,5900,2か月,['近居割'],随時,https://www.ur-net.go.jp/chintai/kanto/kanagawa/40_3260_room.html?JKSS=000020603,<li>京急本線「能見台」駅 徒歩11分</li><li>JR京浜東北・根岸線「洋光台」駅バス20分 徒歩7分</li><li>京急本線「京急富岡」駅 徒歩17～18分</li>
kanagawa,seasidetown,ビーコンヒル能見台ウエストヒル,144900,,,,,,,横浜市金沢区能見台東8,2号棟,鉄筋コンクリート造,6,N,603号室,2LDK,70,14,139000,5900,2か月,['近居割'],随時,https://www.ur-net.go.jp/chintai/kanto/kanagawa/40_3260_room.html?JKSS=000020603,<li>京急本線「能見台」駅 徒歩11分</li><li>JR京浜東北・根岸線「洋光台」駅バス20分 徒歩7分</li><li>京急本線「京急富岡」駅 徒歩17～18分</li>
kanagawa,totsuka,前田町,92200,JR横須賀線ほか「東戸塚」駅,15.0,15.0,,,,横浜市戸塚区前田町67-3,,鉄骨鉄筋コンクリート造,3,N,312号室,1K,48,7,88100,4100,2か月,['近居割'],随時,https://www.ur-net.go.jp/chintai/kanto/kanagawa/40_1740_room.html?JKSS=000000312,<li>JR横須賀線ほか「東戸塚」駅 徒歩15分</li><li>JR東海道線ほか・横浜市営地下鉄ブルーライン「戸塚」駅 バス15分 徒歩1分</li>
kanagawa,totsuka,前田町,92200,,,,JR東海道線ほか・横浜市営地下鉄ブルーライン「戸塚」駅,16.0,16.0,横浜市戸塚区前田町67-3,,鉄骨鉄筋コンクリート造,3,N,312号室,1K,48,7,88100,4100,2か月,['近居割'],随時,https://www.ur-net.go.jp/chintai/kanto/kanagawa/40_1740_room.html?JKSS=000000312,<li>JR横須賀線ほか「東戸塚」駅 徒歩15分</li><li>JR東海道線ほか・横浜市営地下鉄ブルーライン「戸塚」駅 バス15分 徒歩1分</li>
kanagawa,totsuka,前田町,92200,,,,,,,横浜市戸塚区前田町67-3,,鉄骨鉄筋コンクリート造,3,N,312号室,1K,48,7,88100,4100,2か月,['近居割'],随時,https://www.ur-net.go.jp/chintai/kanto/kanagawa/40_1740_room.html?JKSS=000000312,<li>JR横須賀線ほか「東戸塚」駅 徒歩15分</li><li>JR東海道線ほか・横浜市営地下鉄ブルーライン「戸塚」駅 バス15分 徒歩1分</li>
kanagawa,totsuka,コンフォール上倉田,154400,JR東海道本線「戸塚」駅,7.0,10.0,,,,横浜市戸塚区上倉田町259,9号棟,鉄筋コンクリート造,12,N,1207号室,2LDK,57,12,149600,4800,2か月,['近居割'],随時,https://www.ur-net.go.jp/chintai/kanto/kanagawa/40_3120_room.html?JKSS=000091207,<li>JR東海道本線「戸塚」駅 徒歩7～10分</li>
kanagawa,totsuka,コンフォール上倉田,154400,,,,,,,横浜市戸塚区上倉田町259,9号棟,鉄筋コンクリート造,12,N,1207号室,2LDK,57,12,149600,4800,2か月,['近居割'],随時,https://www.ur-net.go.jp/chintai/kanto/kanagawa/40_3120_room.html?JKSS=000091207,<li>JR東海道本線「戸塚」駅 徒歩7～10分</li>
kanagawa,totsuka,プロムナード矢部,170800,JR東海道本線「戸塚」駅,9.0,13.0,,,,横浜市戸塚区矢部町321,16号棟,鉄筋コンクリート造,4,N,405号室,2LDK,65,8,166200,4600,2か月,['近居割'],随時,https://www.ur-net.go.jp/chintai/kanto/kanagawa/40_3610_room.html?JKSS=000160405,<li>JR東海道本線「戸塚」駅 徒歩9～13分</li><li>JR横須賀線「東戸塚」駅バス20分 徒歩2～7分</li><li>相鉄いずみ野線「弥生台」駅バス20分 徒歩10～15分</li>
kanagawa,totsuka,プロムナード矢部,170800,,,,JR横須賀線「東戸塚」駅,22.0,27.0,横浜市戸塚区矢部町321,16号棟,鉄筋コンクリート造,4,N,405号室,2LDK,65,8,166200,4600,2か月,['近居割'],随時,https://www.ur-net.go.jp/chintai/kanto/kanagawa/40_3610_room.html?JKSS=000160405,<li>JR東海道本線「戸塚」駅 徒歩9～13分</li><li>JR横須賀線「東戸塚」駅バス20分 徒歩2～7分</li><li>相鉄いずみ野線「弥生台」駅バス20分 徒歩10～15分</li>
kanagawa,totsuka,プロムナード矢部,170800,,,,相鉄いずみ野線「弥生台」駅,30.0,35.0,横浜市戸塚区矢部町321,16号棟,鉄筋コンクリート造,4,N,405号室,2LDK,65,8,166200,4600,2か月,['近居割'],随時,https://www.ur-net.go.jp/chintai/kanto/kanagawa/40_3610_room.html?JKSS=000160405,<li>JR東海道本線「戸塚」駅 徒歩9～13分</li><li>JR横須賀線「東戸塚」駅バス20分 徒歩2～7分</li><li>相鉄いずみ野線「弥生台」駅バス20分 徒歩10～15分</li>
kanagawa,totsuka,プロムナード矢部,170800,,,,,,,横浜市戸塚区矢部町321,16号棟,鉄筋コンクリート造,4,N,405号室,2LDK,65,8,166200,4600,2か月,['近居割'],随時,https://www.ur-net.go.jp/chintai/kanto/kanagawa/40_3610_room.html?JKSS=000160405,<li>JR東海道本線「戸塚」駅 徒歩9～13分</li><li>JR横須賀線「東戸塚」駅バス20分 徒歩2～7分</li><li>相鉄いずみ野線「弥生台」駅バス20分 徒歩10～15分</li>
kanagawa,konandai,港南台ちどり,87700,JR京浜東北・根岸線「港南台」駅,11.0,15.0,,,,横浜市港南区港南台2-2,8号棟,鉄骨鉄筋コンクリート造,7,N,704号室,2DK,49,11,84100,3600,2か月,"['近居割', '近居割WIDE']",随時,https://www.ur-net.go.jp/chintai/kanto/kanagawa/40_1660_room.html?JKSS=000080704,<li>JR京浜東北・根岸線「港南台」駅 徒歩11～15分</li><li>横浜市営地下鉄ブルーライン「上永谷」駅バス16分 徒歩4～8分</li><li>横浜市営地下鉄ブルーライン「港南中央」駅バス20分 徒歩9～12分</li>
kanagawa,konandai,港南台ちどり,87700,,,,横浜市営地下鉄ブルーライン「上永谷」駅,20.0,24.0,横浜市港南区港南台2-2,8号棟,鉄骨鉄筋コンクリート造,7,N,704号室,2DK,49,11,84100,3600,2か月,"['近居割', '近居割WIDE']",随時,https://www.ur-net.go.jp/chintai/kanto/kanagawa/40_1660_room.html?JKSS=000080704,<li>JR京浜東北・根岸線「港南台」駅 徒歩11～15分</li><li>横浜市営地下鉄ブルーライン「上永谷」駅バス16分 徒歩4～8分</li><li>横浜市営地下鉄ブルーライン「港南中央」駅バス20分 徒歩9～12分</li>
kanagawa,konandai,港南台ちどり,87700,,,,横浜市営地下鉄ブルーライン「港南中央」駅,29.0,32.0,横浜市港南区港南台2-2,8号棟,鉄骨鉄筋コンクリート造,7,N,704号室,2DK,49,11,84100,3600,2か月,"['近居割', '近居割WIDE']",随時,https://www.ur-net.go.jp/chintai/kanto/kanagawa/40_1660_room.html?JKSS=000080704,<li>JR京浜東北・根岸線「港南台」駅 徒歩11～15分</li><li>横浜市営地下鉄ブルーライン「上永谷」駅バス16分 徒歩4～8分</li><li>横浜市営地下鉄ブルーライン「港南中央」駅バス20分 徒歩9～12分</li>
kanagawa,konandai,港南台ちどり,87700,,,,,,,横浜市港南区港南台2-2,8号棟,鉄骨鉄筋コンクリート造,7,N,704号室,2DK,49,11,84100,3600,2か月,"['近居割', '近居割WIDE']",随時,https://www.ur-net.go.jp/chintai/kanto/kanagawa/40_1660_room.html?JKSS=000080704,<li>JR京浜東北・根岸線「港南台」駅 徒歩11～15分</li><li>横浜市営地下鉄ブルーライン「上永谷」駅バス16分 徒歩4～8分</li><li>横浜市営地下鉄ブルーライン「港南中央」駅バス20分 徒歩9～12分</li>
kanagawa,konandai,港南台かもめ,94500,JR京浜東北・根岸線「港南台」駅,11.0,15.0,,,,横浜市港南区港南台2-1,11号棟,鉄骨鉄筋コンクリート造,8,N,801号室,2DK,50,8,89800,4700,2か月,"['近居割', '近居割WIDE']",随時,https://www.ur-net.go.jp/chintai/kanto/kanagawa/40_1720_room.html?JKSS=000110801,<li>JR京浜東北・根岸線「港南台」駅 徒歩11～15分</li><li>横浜市営地下鉄ブルーライン「上永谷」駅バス18分 徒歩3～8分</li><li>JR京浜東北・根岸線「洋光台」駅バス3分 徒歩6～11分</li>
kanagawa,konandai,港南台かもめ,94500,,,,横浜市営地下鉄ブルーライン「上永谷」駅,21.0,26.0,横浜市港南区港南台2-1,11号棟,鉄骨鉄筋コンクリート造,8,N,801号室,2DK,50,8,89800,4700,2か月,"['近居割', '近居割WIDE']",随時,https://www.ur-net.go.jp/chintai/kanto/kanagawa/40_1720_room.html?JKSS=000110801,<li>JR京浜東北・根岸線「港南台」駅 徒歩11～15分</li><li>横浜市営地下鉄ブルーライン「上永谷」駅バス18分 徒歩3～8分</li><li>JR京浜東北・根岸線「洋光台」駅バス3分 徒歩6～11分</li>
kanagawa,konandai,港南台かもめ,94500,,,,JR京浜東北・根岸線「洋光台」駅,9.0,14.0,横浜市港南区港南台2-1,11号棟,鉄骨鉄筋コンクリート造,8,N,801号室,2DK,50,8,89800,4700,2か月,"['近居割', '近居割WIDE']",随時,https://www.ur-net.go.jp/chintai/kanto/kanagawa/40_1720_room.html?JKSS=000110801,<li>JR京浜東北・根岸線「港南台」駅 徒歩11～15分</li><li>横浜市営地下鉄ブルーライン「上永谷」駅バス18分 徒歩3～8分</li><li>JR京浜東北・根岸線「洋光台」駅バス3分 徒歩6～11分</li>
kanagawa,konandai,港南台かもめ,94500,,,,,,,横浜市港南区港南台2-1,11号棟,鉄骨鉄筋コンクリート造,8,N,801号室,2DK,50,8,89800,4700,2か月,"['近居割', '近居割WIDE']",随時,https://www.ur-net.go.jp/chintai/kanto/kanagawa/40_1720_room.html?JKSS=000110801,<li>JR京浜東北・根岸線「港南台」駅 徒歩11～15分</li><li>横浜市営地下鉄ブルーライン「上永谷」駅バス18分 徒歩3～8分</li><li>JR京浜東北・根岸線「洋光台」駅バス3分 徒歩6～11分</li>
kanagawa,totsuka,飯島,73000,,,,JR東海道本線「戸塚」駅,14.0,22.0,横浜市栄区飯島町527,3-1号棟,鉄筋コンクリート造、鉄骨鉄筋コンクリート造,1,N,107号室,3DK,54,7,68500,4500,2か月,"['近居割', '近居割WIDE']",随時,https://www.ur-net.go.jp/chintai/kanto/kanagawa/40_1170_room.html?JKSS=000301107,<li>JR東海道本線「戸塚」駅バス13分 徒歩1～9分</li><li>JR東海道本線「大船」駅バス7分 徒歩6～13分</li>
kanagawa,totsuka,飯島,73000,,,,JR東海道本線「大船」駅,13.0,20.0,横浜市栄区飯島町527,3-1号棟,鉄筋コンクリート造、鉄骨鉄筋コンクリート造,1,N,107号室,3DK,54,7,68500,4500,2か月,"['近居割', '近居割WIDE']",随時,https://www.ur-net.go.jp/chintai/kanto/kanagawa/40_1170_room.html?JKSS=000301107,<li>JR東海道本線「戸塚」駅バス13分 徒歩1～9分</li><li>JR東海道本線「大船」駅バス7分 徒歩6～13分</li>
kanagawa,totsuka,飯島,73000,,,,,,,横浜市栄区飯島町527,3-1号棟,鉄筋コンクリート造、鉄骨鉄筋コンクリート造,1,N,107号室,3DK,54,7,68500,4500,2か月,"['近居割', '近居割WIDE']",随時,https://www.ur-net.go.jp/chintai/kanto/kanagawa/40_1170_room.html?JKSS=000301107,<li>JR東海道本線「戸塚」駅バス13分 徒歩1～9分</li><li>JR東海道本線「大船」駅バス7分 徒歩6～13分</li>
kanagawa,konandai,本郷台駅前,96300,JR京浜東北・根岸線「本郷台」駅,2.0,3.0,,,,横浜市栄区小菅ヶ谷1-4,3号棟,鉄骨鉄筋コンクリート造,12,N,1210号室,1K,45,15,93100,3200,2か月,['URライト（5年定借）'],随時,https://www.ur-net.go.jp/chintai/kanto/kanagawa/40_1600_room.html?JKSS=000031210,<li>JR京浜東北・根岸線「本郷台」駅 徒歩2～3分</li><li>JR東海道本線「大船」駅バス8分 徒歩8分</li><li>横浜市営地下鉄ブルーライン「港南中央」駅バス16分 徒歩9分</li>
kanagawa,konandai,本郷台駅前,96300,,,,JR東海道本線「大船」駅,16.0,16.0,横浜市栄区小菅ヶ谷1-4,3号棟,鉄骨鉄筋コンクリート造,12,N,1210号室,1K,45,15,93100,3200,2か月,['URライト（5年定借）'],随時,https://www.ur-net.go.jp/chintai/kanto/kanagawa/40_1600_room.html?JKSS=000031210,<li>JR京浜東北・根岸線「本郷台」駅 徒歩2～3分</li><li>JR東海道本線「大船」駅バス8分 徒歩8分</li><li>横浜市営地下鉄ブルーライン「港南中央」駅バス16分 徒歩9分</li>
kanagawa,konandai,本郷台駅前,96300,,,,横浜市営地下鉄ブルーライン「港南中央」駅,25.0,25.0,横浜市栄区小菅ヶ谷1-4,3号棟,鉄骨鉄筋コンクリート造,12,N,1210号室,1K,45,15,93100,3200,2か月,['URライト（5年定借）'],随時,https://www.ur-net.go.jp/chintai/kanto/kanagawa/40_1600_room.html?JKSS=000031210,<li>JR京浜東北・根岸線「本郷台」駅 徒歩2～3分</li><li>JR東海道本線「大船」駅バス8分 徒歩8分</li><li>横浜市営地下鉄ブルーライン「港南中央」駅バス16分 徒歩9分</li>
kanagawa,konandai,本郷台駅前,96300,,,,,,,横浜市栄区小菅ヶ谷1-4,3号棟,鉄骨鉄筋コンクリート造,12,N,1210号室,1K,45,15,93100,3200,2か月,['URライト（5年定借）'],随時,https://www.ur-net.go.jp/chintai/kanto/kanagawa/40_1600_room.html?JKSS=000031210,<li>JR京浜東北・根岸線「本郷台」駅 徒歩2～3分</li><li>JR東海道本線「大船」駅バス8分 徒歩8分</li><li>横浜市営地下鉄ブルーライン「港南中央」駅バス16分 徒歩9分</li>
kanagawa,sagamiono,橋本四丁目,96100,JR横浜線「橋本」駅,10.0,13.0,,,,相模原市緑区橋本4-11,11号棟,鉄筋コンクリート造、鉄骨鉄筋コンクリート造,1,N,108号室,2LDK,62,8,92000,4100,2か月,['近居割'],随時,https://www.ur-net.go.jp/chintai/kanto/kanagawa/40_1840_room.html?JKSS=000110108,<li>JR横浜線「橋本」駅 徒歩10～13分</li><li>京王相模原線「多摩境」駅バス8分 徒歩3～5分</li>
kanagawa,sagamiono,橋本四丁目,96100,,,,京王相模原線「多摩境」駅,11.0,13.0,相模原市緑区橋本4-11,11号棟,鉄筋コンクリート造、鉄骨鉄筋コンクリート造,1,N,108号室,2LDK,62,8,92000,4100,2か月,['近居割'],随時,https://www.ur-net.go.jp/chintai/kanto/kanagawa/40_1840_room.html?JKSS=000110108,<li>JR横浜線「橋本」駅 徒歩10～13分</li><li>京王相模原線「多摩境」駅バス8分 徒歩3～5分</li>
kanagawa,sagamiono,橋本四丁目,96100,,,,,,,相模原市緑区橋本4-11,11号棟,鉄筋コンクリート造、鉄骨鉄筋コンクリート造,1,N,108号室,2LDK,62,8,92000,4100,2か月,['近居割'],随時,https://www.ur-net.go.jp/chintai/kanto/kanagawa/40_1840_room.html?JKSS=000110108,<li>JR横浜線「橋本」駅 徒歩10～13分</li><li>京王相模原線「多摩境」駅バス8分 徒歩3～5分</li>
kanagawa,sagamiono,下大槻,53300,,,,小田急小田原線「東海大学前」駅,8.0,16.0,秦野市下大槻410,2-10号棟,鉄筋コンクリート造、鉄骨鉄筋コンクリート造,6,N,604号室,3DK,52,7,50400,2900,2か月,['近居割WIDE'],随時,https://www.ur-net.go.jp/chintai/kanto/kanagawa/40_1500_room.html?JKSS=000210604,<li>小田急小田原線「東海大学前」駅バス6分 徒歩2～10分</li><li>小田急小田原線「鶴巻温泉」駅バス12分 徒歩2～10分</li><li>JR東海道本線「平塚」駅バス29分 徒歩4～13分</li>
kanagawa,sagamiono,下大槻,53300,,,,小田急小田原線「鶴巻温泉」駅,14.0,22.0,秦野市下大槻410,2-10号棟,鉄筋コンクリート造、鉄骨鉄筋コンクリート造,6,N,604号室,3DK,52,7,50400,2900,2か月,['近居割WIDE'],随時,https://www.ur-net.go.jp/chintai/kanto/kanagawa/40_1500_room.html?JKSS=000210604,<li>小田急小田原線「東海大学前」駅バス6分 徒歩2～10分</li><li>小田急小田原線「鶴巻温泉」駅バス12分 徒歩2～10分</li><li>JR東海道本線「平塚」駅バス29分 徒歩4～13分</li>
kanagawa,sagamiono,下大槻,53300,,,,JR東海道本線「平塚」駅,33.0,42.0,秦野市下大槻410,2-10号棟,鉄筋コンクリート造、鉄骨鉄筋コンクリート造,6,N,604号室,3DK,52,7,50400,2900,2か月,['近居割WIDE'],随時,https://www.ur-net.go.jp/chintai/kanto/kanagawa/40_1500_room.html?JKSS=000210604,<li>小田急小田原線「東海大学前」駅バス6分 徒歩2～10分</li><li>小田急小田原線「鶴巻温泉」駅バス12分 徒歩2～10分</li><li>JR東海道本線「平塚」駅バス29分 徒歩4～13分</li>
kanagawa,sagamiono,下大槻,53300,,,,,,,秦野市下大槻410,2-10号棟,鉄筋コンクリート造、鉄骨鉄筋コンクリート造,6,N,604号室,3DK,52,7,50400,2900,2か月,['近居割WIDE'],随時,https://www.ur-net.go.jp/chintai/kanto/kanagawa/40_1500_room.html?JKSS=000210604,<li>小田急小田原線「東海大学前」駅バス6分 徒歩2～10分</li><li>小田急小田原線「鶴巻温泉」駅バス12分 徒歩2～10分</li><li>JR東海道本線「平塚」駅バス29分 徒歩4～13分</li>
kanagawa,sagamiono,下大槻,53300,,,,小田急小田原線「東海大学前」駅,8.0,16.0,秦野市下大槻410,2-13号棟,鉄筋コンクリート造、鉄骨鉄筋コンクリート造,6,N,604号室,3DK,52,7,50400,2900,2か月,['近居割WIDE'],随時,https://www.ur-net.go.jp/chintai/kanto/kanagawa/40_1500_room.html?JKSS=000213604,<li>小田急小田原線「東海大学前」駅バス6分 徒歩2～10分</li><li>小田急小田原線「鶴巻温泉」駅バス12分 徒歩2～10分</li><li>JR東海道本線「平塚」駅バス29分 徒歩4～13分</li>
kanagawa,sagamiono,下大槻,53300,,,,小田急小田原線「鶴巻温泉」駅,14.0,22.0,秦野市下大槻410,2-13号棟,鉄筋コンクリート造、鉄骨鉄筋コンクリート造,6,N,604号室,3DK,52,7,50400,2900,2か月,['近居割WIDE'],随時,https://www.ur-net.go.jp/chintai/kanto/kanagawa/40_1500_room.html?JKSS=000213604,<li>小田急小田原線「東海大学前」駅バス6分 徒歩2～10分</li><li>小田急小田原線「鶴巻温泉」駅バス12分 徒歩2～10分</li><li>JR東海道本線「平塚」駅バス29分 徒歩4～13分</li>
kanagawa,sagamiono,下大槻,53300,,,,JR東海道本線「平塚」駅,33.0,42.0,秦野市下大槻410,2-13号棟,鉄筋コンクリート造、鉄骨鉄筋コンクリート造,6,N,604号室,3DK,52,7,50400,2900,2か月,['近居割WIDE'],随時,https://www.ur-net.go.jp/chintai/kanto/kanagawa/40_1500_room.html?JKSS=000213604,<li>小田急小田原線「東海大学前」駅バス6分 徒歩2～10分</li><li>小田急小田原線「鶴巻温泉」駅バス12分 徒歩2～10分</li><li>JR東海道本線「平塚」駅バス29分 徒歩4～13分</li>
kanagawa,sagamiono,下大槻,53300,,,,,,,秦野市下大槻410,2-13号棟,鉄筋コンクリート造、鉄骨鉄筋コンクリート造,6,N,604号室,3DK,52,7,50400,2900,2か月,['近居割WIDE'],随時,https://www.ur-net.go.jp/chintai/kanto/kanagawa/40_1500_room.html?JKSS=000213604,<li>小田急小田原線「東海大学前」駅バス6分 徒歩2～10分</li><li>小田急小田原線「鶴巻温泉」駅バス12分 徒歩2～10分</li><li>JR東海道本線「平塚」駅バス29分 徒歩4～13分</li>
kanagawa,sagamiono,鳶尾,54400,,,,小田急小田原線「本厚木」駅,30.0,34.0,厚木市鳶尾2ほか,1-1号棟,鉄筋コンクリート造、鉄骨鉄筋コンクリート造,5,N,503号室,3K,47,5,50400,4000,2か月,[],随時,https://www.ur-net.go.jp/chintai/kanto/kanagawa/40_1790_room.html?JKSS=001010503,<li>小田急小田原線「本厚木」駅バス28分 徒歩2～6分</li>
kanagawa,sagamiono,鳶尾,54400,,,,,,,厚木市鳶尾2ほか,1-1号棟,鉄筋コンクリート造、鉄骨鉄筋コンクリート造,5,N,503号室,3K,47,5,50400,4000,2か月,[],随時,https://www.ur-net.go.jp/chintai/kanto/kanagawa/40_1790_room.html?JKSS=001010503,<li>小田急小田原線「本厚木」駅バス28分 徒歩2～6分</li>
kanagawa,sagamiono,鳶尾,56000,,,,小田急小田原線「本厚木」駅,30.0,34.0,厚木市鳶尾2ほか,1-3号棟,鉄筋コンクリート造、鉄骨鉄筋コンクリート造,3,N,302号室,3K,47,5,52000,4000,2か月,[],随時,https://www.ur-net.go.jp/chintai/kanto/kanagawa/40_1790_room.html?JKSS=001030302,<li>小田急小田原線「本厚木」駅バス28分 徒歩2～6分</li>
kanagawa,sagamiono,鳶尾,56000,,,,,,,厚木市鳶尾2ほか,1-3号棟,鉄筋コンクリート造、鉄骨鉄筋コンクリート造,3,N,302号室,3K,47,5,52000,4000,2か月,[],随時,https://www.ur-net.go.jp/chintai/kanto/kanagawa/40_1790_room.html?JKSS=001030302,<li>小田急小田原線「本厚木」駅バス28分 徒歩2～6分</li>
kanagawa,sagamiono,鳶尾,66400,,,,小田急小田原線「本厚木」駅,30.0,34.0,厚木市鳶尾2ほか,25-3号棟,鉄筋コンクリート造、鉄骨鉄筋コンクリート造,6,N,603号室,3K,57,9,62400,4000,2か月,[],随時,https://www.ur-net.go.jp/chintai/kanto/kanagawa/40_1790_room.html?JKSS=025030603,<li>小田急小田原線「本厚木」駅バス28分 徒歩2～6分</li>
kanagawa,sagamiono,鳶尾,66400,,,,,,,厚木市鳶尾2ほか,25-3号棟,鉄筋コンクリート造、鉄骨鉄筋コンクリート造,6,N,603号室,3K,57,9,62400,4000,2か月,[],随時,https://www.ur-net.go.jp/chintai/kanto/kanagawa/40_1790_room.html?JKSS=025030603,<li>小田急小田原線「本厚木」駅バス28分 徒歩2～6分</li>
kanagawa,sagamiono,鳶尾,66400,,,,小田急小田原線「本厚木」駅,30.0,34.0,厚木市鳶尾2ほか,25-3号棟,鉄筋コンクリート造、鉄骨鉄筋コンクリート造,7,N,702号室,3K,57,9,62400,4000,2か月,[],随時,https://www.ur-net.go.jp/chintai/kanto/kanagawa/40_1790_room.html?JKSS=025030702,<li>小田急小田原線「本厚木」駅バス28分 徒歩2～6分</li>
kanagawa,sagamiono,鳶尾,66400,,,,,,,厚木市鳶尾2ほか,25-3号棟,鉄筋コンクリート造、鉄骨鉄筋コンクリート造,7,N,702号室,3K,57,9,62400,4000,2か月,[],随時,https://www.ur-net.go.jp/chintai/kanto/kanagawa/40_1790_room.html?JKSS=025030702,<li>小田急小田原線「本厚木」駅バス28分 徒歩2～6分</li>
kanagawa,sagamiono,鳶尾,66700,,,,小田急小田原線「本厚木」駅,30.0,34.0,厚木市鳶尾2ほか,25-3号棟,鉄筋コンクリート造、鉄骨鉄筋コンクリート造,6,N,602号室,3K,57,9,62700,4000,2か月,[],随時,https://www.ur-net.go.jp/chintai/kanto/kanagawa/40_1790_room.html?JKSS=025030602,<li>小田急小田原線「本厚木」駅バス28分 徒歩2～6分</li>
kanagawa,sagamiono,鳶尾,66700,,,,,,,厚木市鳶尾2ほか,25-3号棟,鉄筋コンクリート造、鉄骨鉄筋コンクリート造,6,N,602号室,3K,57,9,62700,4000,2か月,[],随時,https://www.ur-net.go.jp/chintai/kanto/kanagawa/40_1790_room.html?JKSS=025030602,<li>小田急小田原線「本厚木」駅バス28分 徒歩2～6分</li>
kanagawa,sagamiono,えびな,95100,小田急小田原線「厚木」駅,4.0,7.0,,,,海老名市中新田2-7,6号棟,鉄筋コンクリート造、鉄骨鉄筋コンクリート造,8,N,802号室,3DK,65,8,89000,6100,2か月,['近居割'],随時,https://www.ur-net.go.jp/chintai/kanto/kanagawa/40_1900_room.html?JKSS=000060802,<li>小田急小田原線「厚木」駅 徒歩4～7分</li><li>小田急小田原線「海老名」駅 徒歩20～22分</li><li>小田急小田原線「本厚木」駅 徒歩25～27分</li>
kanagawa,sagamiono,えびな,95100,小田急小田原線「海老名」駅,20.0,22.0,,,,海老名市中新田2-7,6号棟,鉄筋コンクリート造、鉄骨鉄筋コンクリート造,8,N,802号室,3DK,65,8,89000,6100,2か月,['近居割'],随時,https://www.ur-net.go.jp/chintai/kanto/kanagawa/40_1900_room.html?JKSS=000060802,<li>小田急小田原線「厚木」駅 徒歩4～7分</li><li>小田急小田原線「海老名」駅 徒歩20～22分</li><li>小田急小田原線「本厚木」駅 徒歩25～27分</li>
kanagawa,sagamiono,えびな,95100,小田急小田原線「本厚木」駅,25.0,27.0,,,,海老名市中新田2-7,6号棟,鉄筋コンクリート造、鉄骨鉄筋コンクリート造,8,N,802号室,3DK,65,8,89000,6100,2か月,['近居割'],随時,https://www.ur-net.go.jp/chintai/kanto/kanagawa/40_1900_room.html?JKSS=000060802,<li>小田急小田原線「厚木」駅 徒歩4～7分</li><li>小田急小田原線「海老名」駅 徒歩20～22分</li><li>小田急小田原線「本厚木」駅 徒歩25～27分</li>
kanagawa,sagamiono,えびな,95100,,,,,,,海老名市中新田2-7,6号棟,鉄筋コンクリート造、鉄骨鉄筋コンクリート造,8,N,802号室,3DK,65,8,89000,6100,2か月,['近居割'],随時,https://www.ur-net.go.jp/chintai/kanto/kanagawa/40_1900_room.html?JKSS=000060802,<li>小田急小田原線「厚木」駅 徒歩4～7分</li><li>小田急小田原線「海老名」駅 徒歩20～22分</li><li>小田急小田原線「本厚木」駅 徒歩25～27分</li>
kanagawa,sagamiono,えびな,95100,小田急小田原線「厚木」駅,4.0,7.0,,,,海老名市中新田2-7,7号棟,鉄筋コンクリート造、鉄骨鉄筋コンクリート造,2,N,208号室,3DK,65,8,89000,6100,2か月,['近居割'],随時,https://www.ur-net.go.jp/chintai/kanto/kanagawa/40_1900_room.html?JKSS=000070208,<li>小田急小田原線「厚木」駅 徒歩4～7分</li><li>小田急小田原線「海老名」駅 徒歩20～22分</li><li>小田急小田原線「本厚木」駅 徒歩25～27分</li>
kanagawa,sagamiono,えびな,95100,小田急小田原線「海老名」駅,20.0,22.0,,,,海老名市中新田2-7,7号棟,鉄筋コンクリート造、鉄骨鉄筋コンクリート造,2,N,208号室,3DK,65,8,89000,6100,2か月,['近居割'],随時,https://www.ur-net.go.jp/chintai/kanto/kanagawa/40_1900_room.html?JKSS=000070208,<li>小田急小田原線「厚木」駅 徒歩4～7分</li><li>小田急小田原線「海老名」駅 徒歩20～22分</li><li>小田急小田原線「本厚木」駅 徒歩25～27分</li>
kanagawa,sagamiono,えびな,95100,小田急小田原線「本厚木」駅,25.0,27.0,,,,海老名市中新田2-7,7号棟,鉄筋コンクリート造、鉄骨鉄筋コンクリート造,2,N,208号室,3DK,65,8,89000,6100,2か月,['近居割'],随時,https://www.ur-net.go.jp/chintai/kanto/kanagawa/40_1900_room.html?JKSS=000070208,<li>小田急小田原線「厚木」駅 徒歩4～7分</li><li>小田急小田原線「海老名」駅 徒歩20～22分</li><li>小田急小田原線「本厚木」駅 徒歩25～27分</li>
kanagawa,sagamiono,えびな,95100,,,,,,,海老名市中新田2-7,7号棟,鉄筋コンクリート造、鉄骨鉄筋コンクリート造,2,N,208号室,3DK,65,8,89000,6100,2か月,['近居割'],随時,https://www.ur-net.go.jp/chintai/kanto/kanagawa/40_1900_room.html?JKSS=000070208,<li>小田急小田原線「厚木」駅 徒歩4～7分</li><li>小田急小田原線「海老名」駅 徒歩20～22分</li><li>小田急小田原線「本厚木」駅 徒歩25～27分</li>
kanagawa,shonan,サンヴァリエ平塚,64600,,,,JR東海道本線「平塚」駅,21.0,23.0,平塚市高村203,19号棟,鉄筋コンクリート造、鉄骨鉄筋コンクリート造,3,N,303号室,2DK,50,8,61500,3100,2か月,['フリレ2か月'],随時,https://www.ur-net.go.jp/chintai/kanto/kanagawa/40_1780_room.html?JKSS=000190303,<li>JR東海道本線「平塚」駅バス20分 徒歩1～3分</li><li>小田急小田原線「伊勢原」駅バス33分 徒歩2～5分</li><li>JR東海道本線「大磯」駅 徒歩53～56分</li>
kanagawa,shonan,サンヴァリエ平塚,64600,,,,小田急小田原線「伊勢原」駅,35.0,38.0,平塚市高村203,19号棟,鉄筋コンクリート造、鉄骨鉄筋コンクリート造,3,N,303号室,2DK,50,8,61500,3100,2か月,['フリレ2か月'],随時,https://www.ur-net.go.jp/chintai/kanto/kanagawa/40_1780_room.html?JKSS=000190303,<li>JR東海道本線「平塚」駅バス20分 徒歩1～3分</li><li>小田急小田原線「伊勢原」駅バス33分 徒歩2～5分</li><li>JR東海道本線「大磯」駅 徒歩53～56分</li>
kanagawa,shonan,サンヴァリエ平塚,64600,JR東海道本線「大磯」駅,53.0,56.0,,,,平塚市高村203,19号棟,鉄筋コンクリート造、鉄骨鉄筋コンクリート造,3,N,303号室,2DK,50,8,61500,3100,2か月,['フリレ2か月'],随時,https://www.ur-net.go.jp/chintai/kanto/kanagawa/40_1780_room.html?JKSS=000190303,<li>JR東海道本線「平塚」駅バス20分 徒歩1～3分</li><li>小田急小田原線「伊勢原」駅バス33分 徒歩2～5分</li><li>JR東海道本線「大磯」駅 徒歩53～56分</li>
kanagawa,shonan,サンヴァリエ平塚,64600,,,,,,,平塚市高村203,19号棟,鉄筋コンクリート造、鉄骨鉄筋コンクリート造,3,N,303号室,2DK,50,8,61500,3100,2か月,['フリレ2か月'],随時,https://www.ur-net.go.jp/chintai/kanto/kanagawa/40_1780_room.html?JKSS=000190303,<li>JR東海道本線「平塚」駅バス20分 徒歩1～3分</li><li>小田急小田原線「伊勢原」駅バス33分 徒歩2～5分</li><li>JR東海道本線「大磯」駅 徒歩53～56分</li>
kanagawa,shonan,サンヴァリエ平塚,64800,,,,JR東海道本線「平塚」駅,21.0,23.0,平塚市高村203,10号棟,鉄筋コンクリート造、鉄骨鉄筋コンクリート造,5,N,501号室,2DK,50,8,61700,3100,2か月,['近居割WIDE'],随時,https://www.ur-net.go.jp/chintai/kanto/kanagawa/40_1780_room.html?JKSS=000100501,<li>JR東海道本線「平塚」駅バス20分 徒歩1～3分</li><li>小田急小田原線「伊勢原」駅バス33分 徒歩2～5分</li><li>JR東海道本線「大磯」駅 徒歩53～56分</li>
kanagawa,shonan,サンヴァリエ平塚,64800,,,,小田急小田原線「伊勢原」駅,35.0,38.0,平塚市高村203,10号棟,鉄筋コンクリート造、鉄骨鉄筋コンクリート造,5,N,501号室,2DK,50,8,61700,3100,2か月,['近居割WIDE'],随時,https://www.ur-net.go.jp/chintai/kanto/kanagawa/40_1780_room.html?JKSS=000100501,<li>JR東海道本線「平塚」駅バス20分 徒歩1～3分</li><li>小田急小田原線「伊勢原」駅バス33分 徒歩2～5分</li><li>JR東海道本線「大磯」駅 徒歩53～56分</li>
kanagawa,shonan,サンヴァリエ平塚,64800,JR東海道本線「大磯」駅,53.0,56.0,,,,平塚市高村203,10号棟,鉄筋コンクリート造、鉄骨鉄筋コンクリート造,5,N,501号室,2DK,50,8,61700,3100,2か月,['近居割WIDE'],随時,https://www.ur-net.go.jp/chintai/kanto/kanagawa/40_1780_room.html?JKSS=000100501,<li>JR東海道本線「平塚」駅バス20分 徒歩1～3分</li><li>小田急小田原線「伊勢原」駅バス33分 徒歩2～5分</li><li>JR東海道本線「大磯」駅 徒歩53～56分</li>
kanagawa,shonan,サンヴァリエ平塚,64800,,,,,,,平塚市高村203,10号棟,鉄筋コンクリート造、鉄骨鉄筋コンクリート造,5,N,501号室,2DK,50,8,61700,3100,2か月,['近居割WIDE'],随時,https://www.ur-net.go.jp/chintai/kanto/kanagawa/40_1780_room.html?JKSS=000100501,<li>JR東海道本線「平塚」駅バス20分 徒歩1～3分</li><li>小田急小田原線「伊勢原」駅バス33分 徒歩2～5分</li><li>JR東海道本線「大磯」駅 徒歩53～56分</li>
kanagawa,shonan,サンヴァリエ平塚,64800,,,,JR東海道本線「平塚」駅,21.0,23.0,平塚市高村203,19号棟,鉄筋コンクリート造、鉄骨鉄筋コンクリート造,3,N,308号室,2DK,50,8,61700,3100,2か月,['近居割WIDE'],随時,https://www.ur-net.go.jp/chintai/kanto/kanagawa/40_1780_room.html?JKSS=000190308,<li>JR東海道本線「平塚」駅バス20分 徒歩1～3分</li><li>小田急小田原線「伊勢原」駅バス33分 徒歩2～5分</li><li>JR東海道本線「大磯」駅 徒歩53～56分</li>
kanagawa,shonan,サンヴァリエ平塚,64800,,,,小田急小田原線「伊勢原」駅,35.0,38.0,平塚市高村203,19号棟,鉄筋コンクリート造、鉄骨鉄筋コンクリート造,3,N,308号室,2DK,50,8,61700,3100,2か月,['近居割WIDE'],随時,https://www.ur-net.go.jp/chintai/kanto/kanagawa/40_1780_room.html?JKSS=000190308,<li>JR東海道本線「平塚」駅バス20分 徒歩1～3分</li><li>小田急小田原線「伊勢原」駅バス33分 徒歩2～5分</li><li>JR東海道本線「大磯」駅 徒歩53～56分</li>
kanagawa,shonan,サンヴァリエ平塚,64800,JR東海道本線「大磯」駅,53.0,56.0,,,,平塚市高村203,19号棟,鉄筋コンクリート造、鉄骨鉄筋コンクリート造,3,N,308号室,2DK,50,8,61700,3100,2か月,['近居割WIDE'],随時,https://www.ur-net.go.jp/chintai/kanto/kanagawa/40_1780_room.html?JKSS=000190308,<li>JR東海道本線「平塚」駅バス20分 徒歩1～3分</li><li>小田急小田原線「伊勢原」駅バス33分 徒歩2～5分</li><li>JR東海道本線「大磯」駅 徒歩53～56分</li>
kanagawa,shonan,サンヴァリエ平塚,64800,,,,,,,平塚市高村203,19号棟,鉄筋コンクリート造、鉄骨鉄筋コンクリート造,3,N,308号室,2DK,50,8,61700,3100,2か月,['近居割WIDE'],随時,https://www.ur-net.go.jp/chintai/kanto/kanagawa/40_1780_room.html?JKSS=000190308,<li>JR東海道本線「平塚」駅バス20分 徒歩1～3分</li><li>小田急小田原線「伊勢原」駅バス33分 徒歩2～5分</li><li>JR東海道本線「大磯」駅 徒歩53～56分</li>
kanagawa,shonan,サンヴァリエ平塚,65100,,,,JR東海道本線「平塚」駅,21.0,23.0,平塚市高村203,16号棟,鉄筋コンクリート造、鉄骨鉄筋コンクリート造,8,N,806号室,2DK,50,8,62000,3100,2か月,['近居割WIDE'],随時,https://www.ur-net.go.jp/chintai/kanto/kanagawa/40_1780_room.html?JKSS=000160806,<li>JR東海道本線「平塚」駅バス20分 徒歩1～3分</li><li>小田急小田原線「伊勢原」駅バス33分 徒歩2～5分</li><li>JR東海道本線「大磯」駅 徒歩53～56分</li>
kanagawa,shonan,サンヴァリエ平塚,65100,,,,小田急小田原線「伊勢原」駅,35.0,38.0,平塚市高村203,16号棟,鉄筋コンクリート造、鉄骨鉄筋コンクリート造,8,N,806号室,2DK,50,8,62000,3100,2か月,['近居割WIDE'],随時,https://www.ur-net.go.jp/chintai/kanto/kanagawa/40_1780_room.html?JKSS=000160806,<li>JR東海道本線「平塚」駅バス20分 徒歩1～3分</li><li>小田急小田原線「伊勢原」駅バス33分 徒歩2～5分</li><li>JR東海道本線「大磯」駅 徒歩53～56分</li>
kanagawa,shonan,サンヴァリエ平塚,65100,JR東海道本線「大磯」駅,53.0,56.0,,,,平塚市高村203,16号棟,鉄筋コンクリート造、鉄骨鉄筋コンクリート造,8,N,806号室,2DK,50,8,62000,3100,2か月,['近居割WIDE'],随時,https://www.ur-net.go.jp/chintai/kanto/kanagawa/40_1780_room.html?JKSS=000160806,<li>JR東海道本線「平塚」駅バス20分 徒歩1～3分</li><li>小田急小田原線「伊勢原」駅バス33分 徒歩2～5分</li><li>JR東海道本線「大磯」駅 徒歩53～56分</li>
kanagawa,shonan,サンヴァリエ平塚,65100,,,,,,,平塚市高村203,16号棟,鉄筋コンクリート造、鉄骨鉄筋コンクリート造,8,N,806号室,2DK,50,8,62000,3100,2か月,['近居割WIDE'],随時,https://www.ur-net.go.jp/chintai/kanto/kanagawa/40_1780_room.html?JKSS=000160806,<li>JR東海道本線「平塚」駅バス20分 徒歩1～3分</li><li>小田急小田原線「伊勢原」駅バス33分 徒歩2～5分</li><li>JR東海道本線「大磯」駅 徒歩53～56分</li>
kanagawa,shonan,サンヴァリエ平塚,65100,,,,JR東海道本線「平塚」駅,21.0,23.0,平塚市高村203,17号棟,鉄筋コンクリート造、鉄骨鉄筋コンクリート造,5,N,506号室,2DK,50,8,62000,3100,2か月,['近居割WIDE'],随時,https://www.ur-net.go.jp/chintai/kanto/kanagawa/40_1780_room.html?JKSS=000170506,<li>JR東海道本線「平塚」駅バス20分 徒歩1～3分</li><li>小田急小田原線「伊勢原」駅バス33分 徒歩2～5分</li><li>JR東海道本線「大磯」駅 徒歩53～56分</li>
kanagawa,shonan,サンヴァリエ平塚,65100,,,,小田急小田原線「伊勢原」駅,35.0,38.0,平塚市高村203,17号棟,鉄筋コンクリート造、鉄骨鉄筋コンクリート造,5,N,506号室,2DK,50,8,62000,3100,2か月,['近居割WIDE'],随時,https://www.ur-net.go.jp/chintai/kanto/kanagawa/40_1780_room.html?JKSS=000170506,<li>JR東海道本線「平塚」駅バス20分 徒歩1～3分</li><li>小田急小田原線「伊勢原」駅バス33分 徒歩2～5分</li><li>JR東海道本線「大磯」駅 徒歩53～56分</li>
kanagawa,shonan,サンヴァリエ平塚,65100,JR東海道本線「大磯」駅,53.0,56.0,,,,平塚市高村203,17号棟,鉄筋コンクリート造、鉄骨鉄筋コンクリート造,5,N,506号室,2DK,50,8,62000,3100,2か月,['近居割WIDE'],随時,https://www.ur-net.go.jp/chintai/kanto/kanagawa/40_1780_room.html?JKSS=000170506,<li>JR東海道本線「平塚」駅バス20分 徒歩1～3分</li><li>小田急小田原線「伊勢原」駅バス33分 徒歩2～5分</li><li>JR東海道本線「大磯」駅 徒歩53～56分</li>
kanagawa,shonan,サンヴァリエ平塚,65100,,,,,,,平塚市高村203,17号棟,鉄筋コンクリート造、鉄骨鉄筋コンクリート造,5,N,506号室,2DK,50,8,62000,3100,2か月,['近居割WIDE'],随時,https://www.ur-net.go.jp/chintai/kanto/kanagawa/40_1780_room.html?JKSS=000170506,<li>JR東海道本線「平塚」駅バス20分 徒歩1～3分</li><li>小田急小田原線「伊勢原」駅バス33分 徒歩2～5分</li><li>JR東海道本線「大磯」駅 徒歩53～56分</li>
kanagawa,shonan,善行,53100,小田急江ノ島線「善行」駅,11.0,19.0,小田急江ノ島線「善行」駅,5.0,13.0,藤沢市善行団地1-1ほか,2-4号棟,鉄筋コンクリート造,5,N,503号室,2DK,41,5,49800,3300,2か月,['URライト（4年定借）'],随時,https://www.ur-net.go.jp/chintai/kanto/kanagawa/40_1040_room.html?JKSS=000204503,<li>小田急江ノ島線「善行」駅 徒歩11～19分 又はバス4～8分 徒歩1～5分</li>
kanagawa,shonan,善行,53100,,,,,,,藤沢市善行団地1-1ほか,2-4号棟,鉄筋コンクリート造,5,N,503号室,2DK,41,5,49800,3300,2か月,['URライト（4年定借）'],随時,https://www.ur-net.go.jp/chintai/kanto/kanagawa/40_1040_room.html?JKSS=000204503,<li>小田急江ノ島線「善行」駅 徒歩11～19分 又はバス4～8分 徒歩1～5分</li>
kanagawa,shonan,善行,61300,小田急江ノ島線「善行」駅,11.0,19.0,小田急江ノ島線「善行」駅,5.0,13.0,藤沢市善行団地1-1ほか,4-6号棟,鉄筋コンクリート造,4,N,401号室,3K,45,5,58000,3300,2か月,"['近居割', '近居割WIDE']",随時,https://www.ur-net.go.jp/chintai/kanto/kanagawa/40_1040_room.html?JKSS=000406401,<li>小田急江ノ島線「善行」駅 徒歩11～19分 又はバス4～8分 徒歩1～5分</li>
kanagawa,shonan,善行,61300,,,,,,,藤沢市善行団地1-1ほか,4-6号棟,鉄筋コンクリート造,4,N,401号室,3K,45,5,58000,3300,2か月,"['近居割', '近居割WIDE']",随時,https://www.ur-net.go.jp/chintai/kanto/kanagawa/40_1040_room.html?JKSS=000406401,<li>小田急江ノ島線「善行」駅 徒歩11～19分 又はバス4～8分 徒歩1～5分</li>
kanagawa,shonan,善行,62400,小田急江ノ島線「善行」駅,11.0,19.0,小田急江ノ島線「善行」駅,5.0,13.0,藤沢市善行団地1-1ほか,5-5号棟,鉄筋コンクリート造,5,N,505号室,3K,48,5,59100,3300,2か月,"['URライト（4年定借）', 'フリレ2か月']",随時,https://www.ur-net.go.jp/chintai/kanto/kanagawa/40_1040_room.html?JKSS=000505505,<li>小田急江ノ島線「善行」駅 徒歩11～19分 又はバス4～8分 徒歩1～5分</li>
kanagawa,shonan,善行,62400,,,,,,,藤沢市善行団地1-1ほか,5-5号棟,鉄筋コンクリート造,5,N,505号室,3K,48,5,59100,3300,2か月,"['URライト（4年定借）', 'フリレ2か月']",随時,https://www.ur-net.go.jp/chintai/kanto/kanagawa/40_1040_room.html?JKSS=000505505,<li>小田急江ノ島線「善行」駅 徒歩11～19分 又はバス4～8分 徒歩1～5分</li>
kanagawa,shonan,善行,63900,小田急江ノ島線「善行」駅,11.0,19.0,小田急江ノ島線「善行」駅,5.0,13.0,藤沢市善行団地1-1ほか,7-6号棟,鉄筋コンクリート造,1,N,104号室,3K,45,5,60600,3300,2か月,['URライト（4年定借）'],随時,https://www.ur-net.go.jp/chintai/kanto/kanagawa/40_1040_room.html?JKSS=000706104,<li>小田急江ノ島線「善行」駅 徒歩11～19分 又はバス4～8分 徒歩1～5分</li>
kanagawa,shonan,善行,63900,,,,,,,藤沢市善行団地1-1ほか,7-6号棟,鉄筋コンクリート造,1,N,104号室,3K,45,5,60600,3300,2か月,['URライト（4年定借）'],随時,https://www.ur-net.go.jp/chintai/kanto/kanagawa/40_1040_room.html?JKSS=000706104,<li>小田急江ノ島線「善行」駅 徒歩11～19分 又はバス4～8分 徒歩1～5分</li>
kanagawa,shonan,善行,64600,小田急江ノ島線「善行」駅,11.0,19.0,小田急江ノ島線「善行」駅,5.0,13.0,藤沢市善行団地1-1ほか,3-4号棟,鉄筋コンクリート造,5,N,508号室,3DK,50,5,61300,3300,2か月,"['近居割', '近居割WIDE']",随時,https://www.ur-net.go.jp/chintai/kanto/kanagawa/40_1040_room.html?JKSS=000304508,<li>小田急江ノ島線「善行」駅 徒歩11～19分 又はバス4～8分 徒歩1～5分</li>
kanagawa,shonan,善行,64600,,,,,,,藤沢市善行団地1-1ほか,3-4号棟,鉄筋コンクリート造,5,N,508号室,3DK,50,5,61300,3300,2か月,"['近居割', '近居割WIDE']",随時,https://www.ur-net.go.jp/chintai/kanto/kanagawa/40_1040_room.html?JKSS=000304508,<li>小田急江ノ島線「善行」駅 徒歩11～19分 又はバス4～8分 徒歩1～5分</li>
kanagawa,yokohamanishiguchi,ウェルシティ横須賀ポートバレーヌ４番館,126800,JR横須賀線「横須賀」駅,3.0,3.0,,,,横須賀市東逸見町1-1,4号棟,鉄筋コンクリート造,10,N,1006号室,2LDK,67,12,119600,7200,2か月,['近居割'],随時,https://www.ur-net.go.jp/chintai/kanto/kanagawa/40_3960_room.html?JKSS=000041006,<li>JR横須賀線「横須賀」駅 徒歩3分</li><li>京急本線「逸見」駅 徒歩5分</li>
kanagawa,yokohamanishiguchi,ウェルシティ横須賀ポートバレーヌ４番館,126800,京急本線「逸見」駅,5.0,5.0,,,,横須賀市東逸見町1-1,4号棟,鉄筋コンクリート造,10,N,1006号室,2LDK,67,12,119600,7200,2か月,['近居割'],随時,https://www.ur-net.go.jp/chintai/kanto/kanagawa/40_3960_room.html?JKSS=000041006,<li>JR横須賀線「横須賀」駅 徒歩3分</li><li>京急本線「逸見」駅 徒歩5分</li>
kanagawa,yokohamanishiguchi,ウェルシティ横須賀ポートバレーヌ４番館,126800,,,,,,,横須賀市東逸見町1-1,4号棟,鉄筋コンクリート造,10,N,1006号室,2LDK,67,12,119600,7200,2か月,['近居割'],随時,https://www.ur-net.go.jp/chintai/kanto/kanagawa/40_3960_room.html?JKSS=000041006,<li>JR横須賀線「横須賀」駅 徒歩3分</li><li>京急本線「逸見」駅 徒歩5分</li>
kanagawa,shonan,鶴が台,55700,,,,JR東海道本線「茅ケ崎」駅,10.0,18.0,茅ヶ崎市鶴が台,17-2号棟,鉄筋コンクリート造,5,N,506号室,3K,48,5,52100,3600,2か月,['近居割'],随時,https://www.ur-net.go.jp/chintai/kanto/kanagawa/40_1160_room.html?JKSS=000172506,<li>JR東海道本線「茅ケ崎」駅バス9～13分 徒歩1～5分</li><li>JR相模線「北茅ケ崎」駅 徒歩14～19分</li><li>JR相模線「香川」駅 徒歩15～23分</li>
kanagawa,shonan,鶴が台,55700,JR相模線「北茅ケ崎」駅,14.0,19.0,,,,茅ヶ崎市鶴が台,17-2号棟,鉄筋コンクリート造,5,N,506号室,3K,48,5,52100,3600,2か月,['近居割'],随時,https://www.ur-net.go.jp/chintai/kanto/kanagawa/40_1160_room.html?JKSS=000172506,<li>JR東海道本線「茅ケ崎」駅バス9～13分 徒歩1～5分</li><li>JR相模線「北茅ケ崎」駅 徒歩14～19分</li><li>JR相模線「香川」駅 徒歩15～23分</li>
kanagawa,shonan,鶴が台,55700,JR相模線「香川」駅,15.0,23.0,,,,茅ヶ崎市鶴が台,17-2号棟,鉄筋コンクリート造,5,N,506号室,3K,48,5,52100,3600,2か月,['近居割'],随時,https://www.ur-net.go.jp/chintai/kanto/kanagawa/40_1160_room.html?JKSS=000172506,<li>JR東海道本線「茅ケ崎」駅バス9～13分 徒歩1～5分</li><li>JR相模線「北茅ケ崎」駅 徒歩14～19分</li><li>JR相模線「香川」駅 徒歩15～23分</li>
kanagawa,shonan,鶴が台,55700,,,,,,,茅ヶ崎市鶴が台,17-2号棟,鉄筋コンクリート造,5,N,506号室,3K,48,5,52100,3600,2か月,['近居割'],随時,https://www.ur-net.go.jp/chintai/kanto/kanagawa/40_1160_room.html?JKSS=000172506,<li>JR東海道本線「茅ケ崎」駅バス9～13分 徒歩1～5分</li><li>JR相模線「北茅ケ崎」駅 徒歩14～19分</li><li>JR相模線「香川」駅 徒歩15～23分</li>
kanagawa,shonan,ライトタウン茅ヶ崎,108100,JR相模線「香川」駅,14.0,14.0,,,,茅ヶ崎市香川1-10,5号棟,鉄筋コンクリート造,7,N,709号室,3DK,67,10,102800,5300,2か月,['近居割'],随時,https://www.ur-net.go.jp/chintai/kanto/kanagawa/40_2930_room.html?JKSS=000050709,<li>JR相模線「香川」駅 徒歩14分</li><li>JR東海道線ほか「茅ケ崎」駅バス11分 徒歩5分</li>
kanagawa,shonan,ライトタウン茅ヶ崎,108100,,,,JR東海道線ほか「茅ケ崎」駅,16.0,16.0,茅ヶ崎市香川1-10,5号棟,鉄筋コンクリート造,7,N,709号室,3DK,67,10,102800,5300,2か月,['近居割'],随時,https://www.ur-net.go.jp/chintai/kanto/kanagawa/40_2930_room.html?JKSS=000050709,<li>JR相模線「香川」駅 徒歩14分</li><li>JR東海道線ほか「茅ケ崎」駅バス11分 徒歩5分</li>
kanagawa,shonan,ライトタウン茅ヶ崎,108100,,,,,,,茅ヶ崎市香川1-10,5号棟,鉄筋コンクリート造,7,N,709号室,3DK,67,10,102800,5300,2か月,['近居割'],随時,https://www.ur-net.go.jp/chintai/kanto/kanagawa/40_2930_room.html?JKSS=000050709,<li>JR相模線「香川」駅 徒歩14分</li><li>JR東海道線ほか「茅ケ崎」駅バス11分 徒歩5分</li>
kanagawa,shonan,浜見平,107900,,,,JR東海道本線「茅ケ崎」駅,15.0,15.0,茅ヶ崎市浜見平6-2ほか,6-2号棟,鉄筋コンクリート造,3,N,303号室,3DK,62,5,104000,3900,2か月,"['近居割', '近居割WIDE']",随時,https://www.ur-net.go.jp/chintai/kanto/kanagawa/40_0971_room.html?JKSS=006020303,<li>JR東海道本線「茅ケ崎」駅バス13分 徒歩2分</li>
kanagawa,shonan,浜見平,107900,,,,,,,茅ヶ崎市浜見平6-2ほか,6-2号棟,鉄筋コンクリート造,3,N,303号室,3DK,62,5,104000,3900,2か月,"['近居割', '近居割WIDE']",随時,https://www.ur-net.go.jp/chintai/kanto/kanagawa/40_0971_room.html?JKSS=006020303,<li>JR東海道本線「茅ケ崎」駅バス13分 徒歩2分</li>
kanagawa,shonan,浜見平,116100,,,,JR東海道本線「茅ケ崎」駅,15.0,15.0,茅ヶ崎市浜見平6-2ほか,6-2号棟,鉄筋コンクリート造,2,N,202号室,3LDK,70,5,112200,3900,2か月,"['近居割', '近居割WIDE']",随時,https://www.ur-net.go.jp/chintai/kanto/kanagawa/40_0971_room.html?JKSS=006020202,<li>JR東海道本線「茅ケ崎」駅バス13分 徒歩2分</li>
kanagawa,shonan,浜見平,116100,,,,,,,茅ヶ崎市浜見平6-2ほか,6-2号棟,鉄筋コンクリート造,2,N,202号室,3LDK,70,5,112200,3900,2か月,"['近居割', '近居割WIDE']",随時,https://www.ur-net.go.jp/chintai/kanto/kanagawa/40_0971_room.html?JKSS=006020202,<li>JR東海道本線「茅ケ崎」駅バス13分 徒歩2分</li>
kanagawa,shonan,浜見平,119500,,,,JR東海道本線「茅ケ崎」駅,15.0,15.0,茅ヶ崎市浜見平6-2ほか,6-2号棟,鉄筋コンクリート造,5,N,506号室,3LDK,70,5,115600,3900,2か月,"['近居割', '近居割WIDE']",随時,https://www.ur-net.go.jp/chintai/kanto/kanagawa/40_0971_room.html?JKSS=006020506,<li>JR東海道本線「茅ケ崎」駅バス13分 徒歩2分</li>
kanagawa,shonan,浜見平,119500,,,,,,,茅ヶ崎市浜見平6-2ほか,6-2号棟,鉄筋コンクリート造,5,N,506号室,3LDK,70,5,115600,3900,2か月,"['近居割', '近居割WIDE']",随時,https://www.ur-net.go.jp/chintai/kanto/kanagawa/40_0971_room.html?JKSS=006020506,<li>JR東海道本線「茅ケ崎」駅バス13分 徒歩2分</li>
kanagawa,shonan,浜見平,123300,,,,JR東海道本線「茅ケ崎」駅,15.0,15.0,茅ヶ崎市浜見平6-2ほか,6-3号棟,鉄筋コンクリート造,4,N,406号室,3LDK,70,5,119400,3900,2か月,['フリレ１か月'],随時,https://www.ur-net.go.jp/chintai/kanto/kanagawa/40_0971_room.html?JKSS=006030406,<li>JR東海道本線「茅ケ崎」駅バス13分 徒歩2分</li>
kanagawa,shonan,浜見平,123300,,,,,,,茅ヶ崎市浜見平6-2ほか,6-3号棟,鉄筋コンクリート造,4,N,406号室,3LDK,70,5,119400,3900,2か月,['フリレ１か月'],随時,https://www.ur-net.go.jp/chintai/kanto/kanagawa/40_0971_room.html?JKSS=006030406,<li>JR東海道本線「茅ケ崎」駅バス13分 徒歩2分</li>
chiba,inageekimae,千草台,45800,,,,JR総武線「西千葉」駅,10.0,17.0,千葉市稲毛区千草台1ほか,2-2号棟,鉄筋コンクリート造,4,N,405号室,2DK,41,4,43500,2300,2か月,"['近居割', '近居割WIDE']",随時,https://www.ur-net.go.jp/chintai/kanto/chiba/30_1390_room.html?JKSS=000202405,<li>JR総武線「西千葉」駅バス9～12分 徒歩1～5分</li><li>JR総武線「千葉」駅バス9～15分 徒歩9～17分</li><li>千葉都市モノレール「穴川」駅 徒歩12～18分</li>
chiba,inageekimae,千草台,45800,,,,JR総武線「千葉」駅,18.0,32.0,千葉市稲毛区千草台1ほか,2-2号棟,鉄筋コンクリート造,4,N,405号室,2DK,41,4,43500,2300,2か月,"['近居割', '近居割WIDE']",随時,https://www.ur-net.go.jp/chintai/kanto/chiba/30_1390_room.html?JKSS=000202405,<li>JR総武線「西千葉」駅バス9～12分 徒歩1～5分</li><li>JR総武線「千葉」駅バス9～15分 徒歩9～17分</li><li>千葉都市モノレール「穴川」駅 徒歩12～18分</li>
chiba,inageekimae,千草台,45800,千葉都市モノレール「穴川」駅,12.0,18.0,,,,千葉市稲毛区千草台1ほか,2-2号棟,鉄筋コンクリート造,4,N,405号室,2DK,41,4,43500,2300,2か月,"['近居割', '近居割WIDE']",随時,https://www.ur-net.go.jp/chintai/kanto/chiba/30_1390_room.html?JKSS=000202405,<li>JR総武線「西千葉」駅バス9～12分 徒歩1～5分</li><li>JR総武線「千葉」駅バス9～15分 徒歩9～17分</li><li>千葉都市モノレール「穴川」駅 徒歩12～18分</li>
chiba,inageekimae,千草台,45800,,,,,,,千葉市稲毛区千草台1ほか,2-2号棟,鉄筋コンクリート造,4,N,405号室,2DK,41,4,43500,2300,2か月,"['近居割', '近居割WIDE']",随時,https://www.ur-net.go.jp/chintai/kanto/chiba/30_1390_room.html?JKSS=000202405,<li>JR総武線「西千葉」駅バス9～12分 徒歩1～5分</li><li>JR総武線「千葉」駅バス9～15分 徒歩9～17分</li><li>千葉都市モノレール「穴川」駅 徒歩12～18分</li>
chiba,inageekimae,千草台,46100,,,,JR総武線「西千葉」駅,10.0,17.0,千葉市稲毛区千草台1ほか,2-24号棟,鉄筋コンクリート造,5,N,504号室,3K,45,5,43800,2300,2か月,"['近居割', '近居割WIDE']",随時,https://www.ur-net.go.jp/chintai/kanto/chiba/30_1390_room.html?JKSS=000224504,<li>JR総武線「西千葉」駅バス9～12分 徒歩1～5分</li><li>JR総武線「千葉」駅バス9～15分 徒歩9～17分</li><li>千葉都市モノレール「穴川」駅 徒歩12～18分</li>
chiba,inageekimae,千草台,46100,,,,JR総武線「千葉」駅,18.0,32.0,千葉市稲毛区千草台1ほか,2-24号棟,鉄筋コンクリート造,5,N,504号室,3K,45,5,43800,2300,2か月,"['近居割', '近居割WIDE']",随時,https://www.ur-net.go.jp/chintai/kanto/chiba/30_1390_room.html?JKSS=000224504,<li>JR総武線「西千葉」駅バス9～12分 徒歩1～5分</li><li>JR総武線「千葉」駅バス9～15分 徒歩9～17分</li><li>千葉都市モノレール「穴川」駅 徒歩12～18分</li>
chiba,inageekimae,千草台,46100,千葉都市モノレール「穴川」駅,12.0,18.0,,,,千葉市稲毛区千草台1ほか,2-24号棟,鉄筋コンクリート造,5,N,504号室,3K,45,5,43800,2300,2か月,"['近居割', '近居割WIDE']",随時,https://www.ur-net.go.jp/chintai/kanto/chiba/30_1390_room.html?JKSS=000224504,<li>JR総武線「西千葉」駅バス9～12分 徒歩1～5分</li><li>JR総武線「千葉」駅バス9～15分 徒歩9～17分</li><li>千葉都市モノレール「穴川」駅 徒歩12～18分</li>
chiba,inageekimae,千草台,46100,,,,,,,千葉市稲毛区千草台1ほか,2-24号棟,鉄筋コンクリート造,5,N,504号室,3K,45,5,43800,2300,2か月,"['近居割', '近居割WIDE']",随時,https://www.ur-net.go.jp/chintai/kanto/chiba/30_1390_room.html?JKSS=000224504,<li>JR総武線「西千葉」駅バス9～12分 徒歩1～5分</li><li>JR総武線「千葉」駅バス9～15分 徒歩9～17分</li><li>千葉都市モノレール「穴川」駅 徒歩12～18分</li>
chiba,inageekimae,千草台,48100,,,,JR総武線「西千葉」駅,10.0,17.0,千葉市稲毛区千草台1ほか,2-34号棟,鉄筋コンクリート造,4,N,404号室,3K,45,5,45800,2300,2か月,"['近居割', '近居割WIDE']",随時,https://www.ur-net.go.jp/chintai/kanto/chiba/30_1390_room.html?JKSS=000234404,<li>JR総武線「西千葉」駅バス9～12分 徒歩1～5分</li><li>JR総武線「千葉」駅バス9～15分 徒歩9～17分</li><li>千葉都市モノレール「穴川」駅 徒歩12～18分</li>
chiba,inageekimae,千草台,48100,,,,JR総武線「千葉」駅,18.0,32.0,千葉市稲毛区千草台1ほか,2-34号棟,鉄筋コンクリート造,4,N,404号室,3K,45,5,45800,2300,2か月,"['近居割', '近居割WIDE']",随時,https://www.ur-net.go.jp/chintai/kanto/chiba/30_1390_room.html?JKSS=000234404,<li>JR総武線「西千葉」駅バス9～12分 徒歩1～5分</li><li>JR総武線「千葉」駅バス9～15分 徒歩9～17分</li><li>千葉都市モノレール「穴川」駅 徒歩12～18分</li>
chiba,inageekimae,千草台,48100,千葉都市モノレール「穴川」駅,12.0,18.0,,,,千葉市稲毛区千草台1ほか,2-34号棟,鉄筋コンクリート造,4,N,404号室,3K,45,5,45800,2300,2か月,"['近居割', '近居割WIDE']",随時,https://www.ur-net.go.jp/chintai/kanto/chiba/30_1390_room.html?JKSS=000234404,<li>JR総武線「西千葉」駅バス9～12分 徒歩1～5分</li><li>JR総武線「千葉」駅バス9～15分 徒歩9～17分</li><li>千葉都市モノレール「穴川」駅 徒歩12～18分</li>
chiba,inageekimae,千草台,48100,,,,,,,千葉市稲毛区千草台1ほか,2-34号棟,鉄筋コンクリート造,4,N,404号室,3K,45,5,45800,2300,2か月,"['近居割', '近居割WIDE']",随時,https://www.ur-net.go.jp/chintai/kanto/chiba/30_1390_room.html?JKSS=000234404,<li>JR総武線「西千葉」駅バス9～12分 徒歩1～5分</li><li>JR総武線「千葉」駅バス9～15分 徒歩9～17分</li><li>千葉都市モノレール「穴川」駅 徒歩12～18分</li>
chiba,inageekimae,千草台,49400,,,,JR総武線「西千葉」駅,10.0,17.0,千葉市稲毛区千草台1ほか,2-14号棟,鉄筋コンクリート造,3,N,308号室,3K,45,5,47100,2300,2か月,"['近居割', '近居割WIDE']",随時,https://www.ur-net.go.jp/chintai/kanto/chiba/30_1390_room.html?JKSS=000214308,<li>JR総武線「西千葉」駅バス9～12分 徒歩1～5分</li><li>JR総武線「千葉」駅バス9～15分 徒歩9～17分</li><li>千葉都市モノレール「穴川」駅 徒歩12～18分</li>
chiba,inageekimae,千草台,49400,,,,JR総武線「千葉」駅,18.0,32.0,千葉市稲毛区千草台1ほか,2-14号棟,鉄筋コンクリート造,3,N,308号室,3K,45,5,47100,2300,2か月,"['近居割', '近居割WIDE']",随時,https://www.ur-net.go.jp/chintai/kanto/chiba/30_1390_room.html?JKSS=000214308,<li>JR総武線「西千葉」駅バス9～12分 徒歩1～5分</li><li>JR総武線「千葉」駅バス9～15分 徒歩9～17分</li><li>千葉都市モノレール「穴川」駅 徒歩12～18分</li>
chiba,inageekimae,千草台,49400,千葉都市モノレール「穴川」駅,12.0,18.0,,,,千葉市稲毛区千草台1ほか,2-14号棟,鉄筋コンクリート造,3,N,308号室,3K,45,5,47100,2300,2か月,"['近居割', '近居割WIDE']",随時,https://www.ur-net.go.jp/chintai/kanto/chiba/30_1390_room.html?JKSS=000214308,<li>JR総武線「西千葉」駅バス9～12分 徒歩1～5分</li><li>JR総武線「千葉」駅バス9～15分 徒歩9～17分</li><li>千葉都市モノレール「穴川」駅 徒歩12～18分</li>
chiba,inageekimae,千草台,49400,,,,,,,千葉市稲毛区千草台1ほか,2-14号棟,鉄筋コンクリート造,3,N,308号室,3K,45,5,47100,2300,2か月,"['近居割', '近居割WIDE']",随時,https://www.ur-net.go.jp/chintai/kanto/chiba/30_1390_room.html?JKSS=000214308,<li>JR総武線「西千葉」駅バス9～12分 徒歩1～5分</li><li>JR総武線「千葉」駅バス9～15分 徒歩9～17分</li><li>千葉都市モノレール「穴川」駅 徒歩12～18分</li>
chiba,inageekimae,あやめ台,47500,,,,JR総武線「稲毛」駅,15.0,21.0,千葉市稲毛区あやめ台1ほか,2-20号棟,鉄筋コンクリート造,5,N,505号室,3K,45,5,44000,3500,2か月,"['近居割', '近居割WIDE']",随時,https://www.ur-net.go.jp/chintai/kanto/chiba/30_1470_room.html?JKSS=000220505,<li>JR総武線「稲毛」駅バス14分 徒歩1～7分</li><li>千葉都市モノレール「スポーツセンター」駅 徒歩8～16分</li><li>千葉都市モノレール「穴川」駅バス4分 徒歩2～11分</li>
chiba,inageekimae,あやめ台,47500,千葉都市モノレール「スポーツセンター」駅,8.0,16.0,,,,千葉市稲毛区あやめ台1ほか,2-20号棟,鉄筋コンクリート造,5,N,505号室,3K,45,5,44000,3500,2か月,"['近居割', '近居割WIDE']",随時,https://www.ur-net.go.jp/chintai/kanto/chiba/30_1470_room.html?JKSS=000220505,<li>JR総武線「稲毛」駅バス14分 徒歩1～7分</li><li>千葉都市モノレール「スポーツセンター」駅 徒歩8～16分</li><li>千葉都市モノレール「穴川」駅バス4分 徒歩2～11分</li>
chiba,inageekimae,あやめ台,47500,,,,千葉都市モノレール「穴川」駅,6.0,15.0,千葉市稲毛区あやめ台1ほか,2-20号棟,鉄筋コンクリート造,5,N,505号室,3K,45,5,44000,3500,2か月,"['近居割', '近居割WIDE']",随時,https://www.ur-net.go.jp/chintai/kanto/chiba/30_1470_room.html?JKSS=000220505,<li>JR総武線「稲毛」駅バス14分 徒歩1～7分</li><li>千葉都市モノレール「スポーツセンター」駅 徒歩8～16分</li><li>千葉都市モノレール「穴川」駅バス4分 徒歩2～11分</li>
chiba,inageekimae,あやめ台,47500,,,,,,,千葉市稲毛区あやめ台1ほか,2-20号棟,鉄筋コンクリート造,5,N,505号室,3K,45,5,44000,3500,2か月,"['近居割', '近居割WIDE']",随時,https://www.ur-net.go.jp/chintai/kanto/chiba/30_1470_room.html?JKSS=000220505,<li>JR総武線「稲毛」駅バス14分 徒歩1～7分</li><li>千葉都市モノレール「スポーツセンター」駅 徒歩8～16分</li><li>千葉都市モノレール「穴川」駅バス4分 徒歩2～11分</li>
chiba,inageekimae,あやめ台,49700,,,,JR総武線「稲毛」駅,15.0,21.0,千葉市稲毛区あやめ台1ほか,2-22号棟,鉄筋コンクリート造,4,N,404号室,3K,45,5,46200,3500,2か月,"['近居割', '近居割WIDE']",随時,https://www.ur-net.go.jp/chintai/kanto/chiba/30_1470_room.html?JKSS=000222404,<li>JR総武線「稲毛」駅バス14分 徒歩1～7分</li><li>千葉都市モノレール「スポーツセンター」駅 徒歩8～16分</li><li>千葉都市モノレール「穴川」駅バス4分 徒歩2～11分</li>
chiba,inageekimae,あやめ台,49700,千葉都市モノレール「スポーツセンター」駅,8.0,16.0,,,,千葉市稲毛区あやめ台1ほか,2-22号棟,鉄筋コンクリート造,4,N,404号室,3K,45,5,46200,3500,2か月,"['近居割', '近居割WIDE']",随時,https://www.ur-net.go.jp/chintai/kanto/chiba/30_1470_room.html?JKSS=000222404,<li>JR総武線「稲毛」駅バス14分 徒歩1～7分</li><li>千葉都市モノレール「スポーツセンター」駅 徒歩8～16分</li><li>千葉都市モノレール「穴川」駅バス4分 徒歩2～11分</li>
chiba,inageekimae,あやめ台,49700,,,,千葉都市モノレール「穴川」駅,6.0,15.0,千葉市稲毛区あやめ台1ほか,2-22号棟,鉄筋コンクリート造,4,N,404号室,3K,45,5,46200,3500,2か月,"['近居割', '近居割WIDE']",随時,https://www.ur-net.go.jp/chintai/kanto/chiba/30_1470_room.html?JKSS=000222404,<li>JR総武線「稲毛」駅バス14分 徒歩1～7分</li><li>千葉都市モノレール「スポーツセンター」駅 徒歩8～16分</li><li>千葉都市モノレール「穴川」駅バス4分 徒歩2～11分</li>
chiba,inageekimae,あやめ台,49700,,,,,,,千葉市稲毛区あやめ台1ほか,2-22号棟,鉄筋コンクリート造,4,N,404号室,3K,45,5,46200,3500,2か月,"['近居割', '近居割WIDE']",随時,https://www.ur-net.go.jp/chintai/kanto/chiba/30_1470_room.html?JKSS=000222404,<li>JR総武線「稲毛」駅バス14分 徒歩1～7分</li><li>千葉都市モノレール「スポーツセンター」駅 徒歩8～16分</li><li>千葉都市モノレール「穴川」駅バス4分 徒歩2～11分</li>
chiba,inageekimae,あやめ台,52200,,,,JR総武線「稲毛」駅,15.0,21.0,千葉市稲毛区あやめ台1ほか,2-26号棟,鉄筋コンクリート造,5,N,507号室,3DK,50,5,48700,3500,2か月,"['近居割', '近居割WIDE']",随時,https://www.ur-net.go.jp/chintai/kanto/chiba/30_1470_room.html?JKSS=000226507,<li>JR総武線「稲毛」駅バス14分 徒歩1～7分</li><li>千葉都市モノレール「スポーツセンター」駅 徒歩8～16分</li><li>千葉都市モノレール「穴川」駅バス4分 徒歩2～11分</li>
chiba,inageekimae,あやめ台,52200,千葉都市モノレール「スポーツセンター」駅,8.0,16.0,,,,千葉市稲毛区あやめ台1ほか,2-26号棟,鉄筋コンクリート造,5,N,507号室,3DK,50,5,48700,3500,2か月,"['近居割', '近居割WIDE']",随時,https://www.ur-net.go.jp/chintai/kanto/chiba/30_1470_room.html?JKSS=000226507,<li>JR総武線「稲毛」駅バス14分 徒歩1～7分</li><li>千葉都市モノレール「スポーツセンター」駅 徒歩8～16分</li><li>千葉都市モノレール「穴川」駅バス4分 徒歩2～11分</li>
chiba,inageekimae,あやめ台,52200,,,,千葉都市モノレール「穴川」駅,6.0,15.0,千葉市稲毛区あやめ台1ほか,2-26号棟,鉄筋コンクリート造,5,N,507号室,3DK,50,5,48700,3500,2か月,"['近居割', '近居割WIDE']",随時,https://www.ur-net.go.jp/chintai/kanto/chiba/30_1470_room.html?JKSS=000226507,<li>JR総武線「稲毛」駅バス14分 徒歩1～7分</li><li>千葉都市モノレール「スポーツセンター」駅 徒歩8～16分</li><li>千葉都市モノレール「穴川」駅バス4分 徒歩2～11分</li>
chiba,inageekimae,あやめ台,52200,,,,,,,千葉市稲毛区あやめ台1ほか,2-26号棟,鉄筋コンクリート造,5,N,507号室,3DK,50,5,48700,3500,2か月,"['近居割', '近居割WIDE']",随時,https://www.ur-net.go.jp/chintai/kanto/chiba/30_1470_room.html?JKSS=000226507,<li>JR総武線「稲毛」駅バス14分 徒歩1～7分</li><li>千葉都市モノレール「スポーツセンター」駅 徒歩8～16分</li><li>千葉都市モノレール「穴川」駅バス4分 徒歩2～11分</li>
chiba,inageekimae,グリーンプラザ園生,117300,JR総武線「稲毛」駅,15.0,21.0,,,,千葉市稲毛区園生町1107-1ほか,4号棟,鉄筋コンクリート造,6,N,602号室,1LDK,54,14,111800,5500,2か月,"['近居割', '近居割WIDE']",随時,https://www.ur-net.go.jp/chintai/kanto/chiba/30_5970_room.html?JKSS=000040602,<li>JR総武線「稲毛」駅 徒歩15～21分</li><li>千葉都市モノレール「穴川」駅 徒歩13～14分</li><li>千葉都市モノレール「スポーツセンター」駅 徒歩20～21分</li>
chiba,inageekimae,グリーンプラザ園生,117300,千葉都市モノレール「穴川」駅,13.0,14.0,,,,千葉市稲毛区園生町1107-1ほか,4号棟,鉄筋コンクリート造,6,N,602号室,1LDK,54,14,111800,5500,2か月,"['近居割', '近居割WIDE']",随時,https://www.ur-net.go.jp/chintai/kanto/chiba/30_5970_room.html?JKSS=000040602,<li>JR総武線「稲毛」駅 徒歩15～21分</li><li>千葉都市モノレール「穴川」駅 徒歩13～14分</li><li>千葉都市モノレール「スポーツセンター」駅 徒歩20～21分</li>
chiba,inageekimae,グリーンプラザ園生,117300,千葉都市モノレール「スポーツセンター」駅,20.0,21.0,,,,千葉市稲毛区園生町1107-1ほか,4号棟,鉄筋コンクリート造,6,N,602号室,1LDK,54,14,111800,5500,2か月,"['近居割', '近居割WIDE']",随時,https://www.ur-net.go.jp/chintai/kanto/chiba/30_5970_room.html?JKSS=000040602,<li>JR総武線「稲毛」駅 徒歩15～21分</li><li>千葉都市モノレール「穴川」駅 徒歩13～14分</li><li>千葉都市モノレール「スポーツセンター」駅 徒歩20～21分</li>
chiba,inageekimae,グリーンプラザ園生,117300,,,,,,,千葉市稲毛区園生町1107-1ほか,4号棟,鉄筋コンクリート造,6,N,602号室,1LDK,54,14,111800,5500,2か月,"['近居割', '近居割WIDE']",随時,https://www.ur-net.go.jp/chintai/kanto/chiba/30_5970_room.html?JKSS=000040602,<li>JR総武線「稲毛」駅 徒歩15～21分</li><li>千葉都市モノレール「穴川」駅 徒歩13～14分</li><li>千葉都市モノレール「スポーツセンター」駅 徒歩20～21分</li>
chiba,hanamigawa,花見川（第１次～第４次）,46950,,,,京成本線「八千代台」駅,4.0,18.0,千葉市花見川区花見川1ほか,5-6号棟,鉄筋コンクリート造,5,N,501号室,3K,48,5,44200,2750,2か月,"['近居割', '近居割WIDE']",随時,https://www.ur-net.go.jp/chintai/kanto/chiba/30_1681_room.html?JKSS=000506501,<li>京成本線「八千代台」駅バス3～10分 徒歩1～8分</li><li>京成本線「実籾」駅 徒歩30～45分</li><li>京成本線「京成大和田」駅 徒歩31～49分</li>
chiba,hanamigawa,花見川（第１次～第４次）,46950,京成本線「実籾」駅,30.0,45.0,,,,千葉市花見川区花見川1ほか,5-6号棟,鉄筋コンクリート造,5,N,501号室,3K,48,5,44200,2750,2か月,"['近居割', '近居割WIDE']",随時,https://www.ur-net.go.jp/chintai/kanto/chiba/30_1681_room.html?JKSS=000506501,<li>京成本線「八千代台」駅バス3～10分 徒歩1～8分</li><li>京成本線「実籾」駅 徒歩30～45分</li><li>京成本線「京成大和田」駅 徒歩31～49分</li>
chiba,hanamigawa,花見川（第１次～第４次）,46950,京成本線「京成大和田」駅,31.0,49.0,,,,千葉市花見川区花見川1ほか,5-6号棟,鉄筋コンクリート造,5,N,501号室,3K,48,5,44200,2750,2か月,"['近居割', '近居割WIDE']",随時,https://www.ur-net.go.jp/chintai/kanto/chiba/30_1681_room.html?JKSS=000506501,<li>京成本線「八千代台」駅バス3～10分 徒歩1～8分</li><li>京成本線「実籾」駅 徒歩30～45分</li><li>京成本線「京成大和田」駅 徒歩31～49分</li>
chiba,hanamigawa,花見川（第１次～第４次）,46950,,,,,,,千葉市花見川区花見川1ほか,5-6号棟,鉄筋コンクリート造,5,N,501号室,3K,48,5,44200,2750,2か月,"['近居割', '近居割WIDE']",随時,https://www.ur-net.go.jp/chintai/kanto/chiba/30_1681_room.html?JKSS=000506501,<li>京成本線「八千代台」駅バス3～10分 徒歩1～8分</li><li>京成本線「実籾」駅 徒歩30～45分</li><li>京成本線「京成大和田」駅 徒歩31～49分</li>
chiba,hanamigawa,花見川（第１次～第４次）,47550,,,,京成本線「八千代台」駅,4.0,18.0,千葉市花見川区花見川1ほか,2-14号棟,鉄筋コンクリート造,5,N,504号室,2DK,45,5,44800,2750,2か月,"['近居割', '近居割WIDE']",随時,https://www.ur-net.go.jp/chintai/kanto/chiba/30_1681_room.html?JKSS=000214504,<li>京成本線「八千代台」駅バス3～10分 徒歩1～8分</li><li>京成本線「実籾」駅 徒歩30～45分</li><li>京成本線「京成大和田」駅 徒歩31～49分</li>
chiba,hanamigawa,花見川（第１次～第４次）,47550,京成本線「実籾」駅,30.0,45.0,,,,千葉市花見川区花見川1ほか,2-14号棟,鉄筋コンクリート造,5,N,504号室,2DK,45,5,44800,2750,2か月,"['近居割', '近居割WIDE']",随時,https://www.ur-net.go.jp/chintai/kanto/chiba/30_1681_room.html?JKSS=000214504,<li>京成本線「八千代台」駅バス3～10分 徒歩1～8分</li><li>京成本線「実籾」駅 徒歩30～45分</li><li>京成本線「京成大和田」駅 徒歩31～49分</li>
chiba,hanamigawa,花見川（第１次～第４次）,47550,京成本線「京成大和田」駅,31.0,49.0,,,,千葉市花見川区花見川1ほか,2-14号棟,鉄筋コンクリート造,5,N,504号室,2DK,45,5,44800,2750,2か月,"['近居割', '近居割WIDE']",随時,https://www.ur-net.go.jp/chintai/kanto/chiba/30_1681_room.html?JKSS=000214504,<li>京成本線「八千代台」駅バス3～10分 徒歩1～8分</li><li>京成本線「実籾」駅 徒歩30～45分</li><li>京成本線「京成大和田」駅 徒歩31～49分</li>
chiba,hanamigawa,花見川（第１次～第４次）,47550,,,,,,,千葉市花見川区花見川1ほか,2-14号棟,鉄筋コンクリート造,5,N,504号室,2DK,45,5,44800,2750,2か月,"['近居割', '近居割WIDE']",随時,https://www.ur-net.go.jp/chintai/kanto/chiba/30_1681_room.html?JKSS=000214504,<li>京成本線「八千代台」駅バス3～10分 徒歩1～8分</li><li>京成本線「実籾」駅 徒歩30～45分</li><li>京成本線「京成大和田」駅 徒歩31～49分</li>
chiba,hanamigawa,花見川（第１次～第４次）,56350,,,,京成本線「八千代台」駅,4.0,18.0,千葉市花見川区花見川1ほか,3-1号棟,鉄筋コンクリート造,1,N,105号室,3DK,56,5,53600,2750,2か月,"['近居割', '近居割WIDE']",随時,https://www.ur-net.go.jp/chintai/kanto/chiba/30_1681_room.html?JKSS=000301105,<li>京成本線「八千代台」駅バス3～10分 徒歩1～8分</li><li>京成本線「実籾」駅 徒歩30～45分</li><li>京成本線「京成大和田」駅 徒歩31～49分</li>
chiba,hanamigawa,花見川（第１次～第４次）,56350,京成本線「実籾」駅,30.0,45.0,,,,千葉市花見川区花見川1ほか,3-1号棟,鉄筋コンクリート造,1,N,105号室,3DK,56,5,53600,2750,2か月,"['近居割', '近居割WIDE']",随時,https://www.ur-net.go.jp/chintai/kanto/chiba/30_1681_room.html?JKSS=000301105,<li>京成本線「八千代台」駅バス3～10分 徒歩1～8分</li><li>京成本線「実籾」駅 徒歩30～45分</li><li>京成本線「京成大和田」駅 徒歩31～49分</li>
chiba,hanamigawa,花見川（第１次～第４次）,56350,京成本線「京成大和田」駅,31.0,49.0,,,,千葉市花見川区花見川1ほか,3-1号棟,鉄筋コンクリート造,1,N,105号室,3DK,56,5,53600,2750,2か月,"['近居割', '近居割WIDE']",随時,https://www.ur-net.go.jp/chintai/kanto/chiba/30_1681_room.html?JKSS=000301105,<li>京成本線「八千代台」駅バス3～10分 徒歩1～8分</li><li>京成本線「実籾」駅 徒歩30～45分</li><li>京成本線「京成大和田」駅 徒歩31～49分</li>
chiba,hanamigawa,花見川（第１次～第４次）,56350,,,,,,,千葉市花見川区花見川1ほか,3-1号棟,鉄筋コンクリート造,1,N,105号室,3DK,56,5,53600,2750,2か月,"['近居割', '近居割WIDE']",随時,https://www.ur-net.go.jp/chintai/kanto/chiba/30_1681_room.html?JKSS=000301105,<li>京成本線「八千代台」駅バス3～10分 徒歩1～8分</li><li>京成本線「実籾」駅 徒歩30～45分</li><li>京成本線「京成大和田」駅 徒歩31～49分</li>
chiba,inageekimae,さつきが丘,47100,,,,JR総武線「新検見川」駅,12.0,19.0,千葉市花見川区さつきが丘1ほか,2-10-33号棟,鉄筋コンクリート造,5,N,501号室,3K,47,5,45000,2100,2か月,"['近居割', '近居割WIDE']",随時,https://www.ur-net.go.jp/chintai/kanto/chiba/30_2300_room.html?JKSS=210330501,<li>JR総武線「新検見川」駅バス11分 徒歩1～8分</li><li>JR総武線「稲毛」駅バス20分 徒歩2～8分</li><li>京成千葉線「検見川」駅 徒歩41～52分</li>
chiba,inageekimae,さつきが丘,47100,,,,JR総武線「稲毛」駅,22.0,28.0,千葉市花見川区さつきが丘1ほか,2-10-33号棟,鉄筋コンクリート造,5,N,501号室,3K,47,5,45000,2100,2か月,"['近居割', '近居割WIDE']",随時,https://www.ur-net.go.jp/chintai/kanto/chiba/30_2300_room.html?JKSS=210330501,<li>JR総武線「新検見川」駅バス11分 徒歩1～8分</li><li>JR総武線「稲毛」駅バス20分 徒歩2～8分</li><li>京成千葉線「検見川」駅 徒歩41～52分</li>
chiba,inageekimae,さつきが丘,47100,京成千葉線「検見川」駅,41.0,52.0,,,,千葉市花見川区さつきが丘1ほか,2-10-33号棟,鉄筋コンクリート造,5,N,501号室,3K,47,5,45000,2100,2か月,"['近居割', '近居割WIDE']",随時,https://www.ur-net.go.jp/chintai/kanto/chiba/30_2300_room.html?JKSS=210330501,<li>JR総武線「新検見川」駅バス11分 徒歩1～8分</li><li>JR総武線「稲毛」駅バス20分 徒歩2～8分</li><li>京成千葉線「検見川」駅 徒歩41～52分</li>
chiba,inageekimae,さつきが丘,47100,,,,,,,千葉市花見川区さつきが丘1ほか,2-10-33号棟,鉄筋コンクリート造,5,N,501号室,3K,47,5,45000,2100,2か月,"['近居割', '近居割WIDE']",随時,https://www.ur-net.go.jp/chintai/kanto/chiba/30_2300_room.html?JKSS=210330501,<li>JR総武線「新検見川」駅バス11分 徒歩1～8分</li><li>JR総武線「稲毛」駅バス20分 徒歩2～8分</li><li>京成千葉線「検見川」駅 徒歩41～52分</li>
chiba,inageekimae,さつきが丘,50700,,,,JR総武線「新検見川」駅,12.0,19.0,千葉市花見川区さつきが丘1ほか,2-10-23号棟,鉄筋コンクリート造,3,N,304号室,3K,47,5,48600,2100,2か月,"['近居割', '近居割WIDE']",随時,https://www.ur-net.go.jp/chintai/kanto/chiba/30_2300_room.html?JKSS=210230304,<li>JR総武線「新検見川」駅バス11分 徒歩1～8分</li><li>JR総武線「稲毛」駅バス20分 徒歩2～8分</li><li>京成千葉線「検見川」駅 徒歩41～52分</li>
chiba,inageekimae,さつきが丘,50700,,,,JR総武線「稲毛」駅,22.0,28.0,千葉市花見川区さつきが丘1ほか,2-10-23号棟,鉄筋コンクリート造,3,N,304号室,3K,47,5,48600,2100,2か月,"['近居割', '近居割WIDE']",随時,https://www.ur-net.go.jp/chintai/kanto/chiba/30_2300_room.html?JKSS=210230304,<li>JR総武線「新検見川」駅バス11分 徒歩1～8分</li><li>JR総武線「稲毛」駅バス20分 徒歩2～8分</li><li>京成千葉線「検見川」駅 徒歩41～52分</li>
chiba,inageekimae,さつきが丘,50700,京成千葉線「検見川」駅,41.0,52.0,,,,千葉市花見川区さつきが丘1ほか,2-10-23号棟,鉄筋コンクリート造,3,N,304号室,3K,47,5,48600,2100,2か月,"['近居割', '近居割WIDE']",随時,https://www.ur-net.go.jp/chintai/kanto/chiba/30_2300_room.html?JKSS=210230304,<li>JR総武線「新検見川」駅バス11分 徒歩1～8分</li><li>JR総武線「稲毛」駅バス20分 徒歩2～8分</li><li>京成千葉線「検見川」駅 徒歩41～52分</li>
chiba,inageekimae,さつきが丘,50700,,,,,,,千葉市花見川区さつきが丘1ほか,2-10-23号棟,鉄筋コンクリート造,3,N,304号室,3K,47,5,48600,2100,2か月,"['近居割', '近居割WIDE']",随時,https://www.ur-net.go.jp/chintai/kanto/chiba/30_2300_room.html?JKSS=210230304,<li>JR総武線「新検見川」駅バス11分 徒歩1～8分</li><li>JR総武線「稲毛」駅バス20分 徒歩2～8分</li><li>京成千葉線「検見川」駅 徒歩41～52分</li>
chiba,inageekimae,さつきが丘,54200,,,,JR総武線「新検見川」駅,12.0,19.0,千葉市花見川区さつきが丘1ほか,1-29-9号棟,鉄筋コンクリート造,1,N,108号室,3K,47,5,52100,2100,2か月,['健康寿命サポート'],随時,https://www.ur-net.go.jp/chintai/kanto/chiba/30_2300_room.html?JKSS=129090108,<li>JR総武線「新検見川」駅バス11分 徒歩1～8分</li><li>JR総武線「稲毛」駅バス20分 徒歩2～8分</li><li>京成千葉線「検見川」駅 徒歩41～52分</li>
chiba,inageekimae,さつきが丘,54200,,,,JR総武線「稲毛」駅,22.0,28.0,千葉市花見川区さつきが丘1ほか,1-29-9号棟,鉄筋コンクリート造,1,N,108号室,3K,47,5,52100,2100,2か月,['健康寿命サポート'],随時,https://www.ur-net.go.jp/chintai/kanto/chiba/30_2300_room.html?JKSS=129090108,<li>JR総武線「新検見川」駅バス11分 徒歩1～8分</li><li>JR総武線「稲毛」駅バス20分 徒歩2～8分</li><li>京成千葉線「検見川」駅 徒歩41～52分</li>
chiba,inageekimae,さつきが丘,54200,京成千葉線「検見川」駅,41.0,52.0,,,,千葉市花見川区さつきが丘1ほか,1-29-9号棟,鉄筋コンクリート造,1,N,108号室,3K,47,5,52100,2100,2か月,['健康寿命サポート'],随時,https://www.ur-net.go.jp/chintai/kanto/chiba/30_2300_room.html?JKSS=129090108,<li>JR総武線「新検見川」駅バス11分 徒歩1～8分</li><li>JR総武線「稲毛」駅バス20分 徒歩2～8分</li><li>京成千葉線「検見川」駅 徒歩41～52分</li>
chiba,inageekimae,さつきが丘,54200,,,,,,,千葉市花見川区さつきが丘1ほか,1-29-9号棟,鉄筋コンクリート造,1,N,108号室,3K,47,5,52100,2100,2か月,['健康寿命サポート'],随時,https://www.ur-net.go.jp/chintai/kanto/chiba/30_2300_room.html?JKSS=129090108,<li>JR総武線「新検見川」駅バス11分 徒歩1～8分</li><li>JR総武線「稲毛」駅バス20分 徒歩2～8分</li><li>京成千葉線「検見川」駅 徒歩41～52分</li>
chiba,inageekimae,さつきが丘,54300,,,,JR総武線「新検見川」駅,12.0,19.0,千葉市花見川区さつきが丘1ほか,1-34-4号棟,鉄筋コンクリート造,5,N,503号室,3K,47,5,52200,2100,2か月,"['近居割', '近居割WIDE']",随時,https://www.ur-net.go.jp/chintai/kanto/chiba/30_2300_room.html?JKSS=134040503,<li>JR総武線「新検見川」駅バス11分 徒歩1～8分</li><li>JR総武線「稲毛」駅バス20分 徒歩2～8分</li><li>京成千葉線「検見川」駅 徒歩41～52分</li>
chiba,inageekimae,さつきが丘,54300,,,,JR総武線「稲毛」駅,22.0,28.0,千葉市花見川区さつきが丘1ほか,1-34-4号棟,鉄筋コンクリート造,5,N,503号室,3K,47,5,52200,2100,2か月,"['近居割', '近居割WIDE']",随時,https://www.ur-net.go.jp/chintai/kanto/chiba/30_2300_room.html?JKSS=134040503,<li>JR総武線「新検見川」駅バス11分 徒歩1～8分</li><li>JR総武線「稲毛」駅バス20分 徒歩2～8分</li><li>京成千葉線「検見川」駅 徒歩41～52分</li>
chiba,inageekimae,さつきが丘,54300,京成千葉線「検見川」駅,41.0,52.0,,,,千葉市花見川区さつきが丘1ほか,1-34-4号棟,鉄筋コンクリート造,5,N,503号室,3K,47,5,52200,2100,2か月,"['近居割', '近居割WIDE']",随時,https://www.ur-net.go.jp/chintai/kanto/chiba/30_2300_room.html?JKSS=134040503,<li>JR総武線「新検見川」駅バス11分 徒歩1～8分</li><li>JR総武線「稲毛」駅バス20分 徒歩2～8分</li><li>京成千葉線「検見川」駅 徒歩41～52分</li>
chiba,inageekimae,さつきが丘,54300,,,,,,,千葉市花見川区さつきが丘1ほか,1-34-4号棟,鉄筋コンクリート造,5,N,503号室,3K,47,5,52200,2100,2か月,"['近居割', '近居割WIDE']",随時,https://www.ur-net.go.jp/chintai/kanto/chiba/30_2300_room.html?JKSS=134040503,<li>JR総武線「新検見川」駅バス11分 徒歩1～8分</li><li>JR総武線「稲毛」駅バス20分 徒歩2～8分</li><li>京成千葉線「検見川」駅 徒歩41～52分</li>
chiba,makuhari,幕張四丁目,111080,JR総武線「幕張」駅,14.0,16.0,,,,千葉市花見川区幕張町4-544-14,6号棟,鉄筋コンクリート造,1,N,103号室,2LDK,67,5,108500,2580,2か月,"['近居割', '近居割WIDE']",随時,https://www.ur-net.go.jp/chintai/kanto/chiba/30_3740_room.html?JKSS=000060103,<li>JR総武線「幕張」駅 徒歩14～16分</li><li>JR京葉線「海浜幕張」駅 徒歩16～19分</li><li>京成千葉線「京成幕張」駅 徒歩11～13分</li>
chiba,makuhari,幕張四丁目,111080,JR京葉線「海浜幕張」駅,16.0,19.0,,,,千葉市花見川区幕張町4-544-14,6号棟,鉄筋コンクリート造,1,N,103号室,2LDK,67,5,108500,2580,2か月,"['近居割', '近居割WIDE']",随時,https://www.ur-net.go.jp/chintai/kanto/chiba/30_3740_room.html?JKSS=000060103,<li>JR総武線「幕張」駅 徒歩14～16分</li><li>JR京葉線「海浜幕張」駅 徒歩16～19分</li><li>京成千葉線「京成幕張」駅 徒歩11～13分</li>
chiba,makuhari,幕張四丁目,111080,京成千葉線「京成幕張」駅,11.0,13.0,,,,千葉市花見川区幕張町4-544-14,6号棟,鉄筋コンクリート造,1,N,103号室,2LDK,67,5,108500,2580,2か月,"['近居割', '近居割WIDE']",随時,https://www.ur-net.go.jp/chintai/kanto/chiba/30_3740_room.html?JKSS=000060103,<li>JR総武線「幕張」駅 徒歩14～16分</li><li>JR京葉線「海浜幕張」駅 徒歩16～19分</li><li>京成千葉線「京成幕張」駅 徒歩11～13分</li>
chiba,makuhari,幕張四丁目,111080,,,,,,,千葉市花見川区幕張町4-544-14,6号棟,鉄筋コンクリート造,1,N,103号室,2LDK,67,5,108500,2580,2か月,"['近居割', '近居割WIDE']",随時,https://www.ur-net.go.jp/chintai/kanto/chiba/30_3740_room.html?JKSS=000060103,<li>JR総武線「幕張」駅 徒歩14～16分</li><li>JR京葉線「海浜幕張」駅 徒歩16～19分</li><li>京成千葉線「京成幕張」駅 徒歩11～13分</li>
chiba,inageekimae,リバーサイド本千葉（千葉出洲港）,46600,JR外房線「本千葉」駅,10.0,15.0,,,,千葉市中央区出洲港７,2号棟,鉄筋コンクリート造,5,N,506号室,1DK,33,7,42200,4400,2か月,"['近居割', '近居割WIDE']",随時,https://www.ur-net.go.jp/chintai/kanto/chiba/30_2190_room.html?JKSS=000002506,<li>JR外房線「本千葉」駅 徒歩10～15分</li><li>千葉都市モノレール「県庁前」駅 徒歩13～17分</li><li>京成千葉線「千葉中央」駅 徒歩17～19分</li>
chiba,inageekimae,リバーサイド本千葉（千葉出洲港）,46600,千葉都市モノレール「県庁前」駅,13.0,17.0,,,,千葉市中央区出洲港７,2号棟,鉄筋コンクリート造,5,N,506号室,1DK,33,7,42200,4400,2か月,"['近居割', '近居割WIDE']",随時,https://www.ur-net.go.jp/chintai/kanto/chiba/30_2190_room.html?JKSS=000002506,<li>JR外房線「本千葉」駅 徒歩10～15分</li><li>千葉都市モノレール「県庁前」駅 徒歩13～17分</li><li>京成千葉線「千葉中央」駅 徒歩17～19分</li>
chiba,inageekimae,リバーサイド本千葉（千葉出洲港）,46600,京成千葉線「千葉中央」駅,17.0,19.0,,,,千葉市中央区出洲港７,2号棟,鉄筋コンクリート造,5,N,506号室,1DK,33,7,42200,4400,2か月,"['近居割', '近居割WIDE']",随時,https://www.ur-net.go.jp/chintai/kanto/chiba/30_2190_room.html?JKSS=000002506,<li>JR外房線「本千葉」駅 徒歩10～15分</li><li>千葉都市モノレール「県庁前」駅 徒歩13～17分</li><li>京成千葉線「千葉中央」駅 徒歩17～19分</li>
chiba,inageekimae,リバーサイド本千葉（千葉出洲港）,46600,,,,,,,千葉市中央区出洲港７,2号棟,鉄筋コンクリート造,5,N,506号室,1DK,33,7,42200,4400,2か月,"['近居割', '近居割WIDE']",随時,https://www.ur-net.go.jp/chintai/kanto/chiba/30_2190_room.html?JKSS=000002506,<li>JR外房線「本千葉」駅 徒歩10～15分</li><li>千葉都市モノレール「県庁前」駅 徒歩13～17分</li><li>京成千葉線「千葉中央」駅 徒歩17～19分</li>
chiba,inagekaigan,真砂第一,57450,JR京葉線「検見川浜」駅,5.0,12.0,,,,千葉市美浜区真砂4ほか,4-4-12号棟,鉄筋コンクリート造、鉄骨鉄筋コンクリート造,9,N,909号室,1DK,33,14,54600,2850,2か月,"['近居割', '近居割WIDE']",随時,https://www.ur-net.go.jp/chintai/kanto/chiba/30_2580_room.html?JKSS=404120909,<li>JR京葉線「検見川浜」駅 徒歩5～12分</li><li>JR総武線「新検見川」駅バス6分 徒歩2～7分</li><li>京成千葉線「検見川」駅 徒歩20～28分</li>
chiba,inagekaigan,真砂第一,57450,,,,JR総武線「新検見川」駅,8.0,13.0,千葉市美浜区真砂4ほか,4-4-12号棟,鉄筋コンクリート造、鉄骨鉄筋コンクリート造,9,N,909号室,1DK,33,14,54600,2850,2か月,"['近居割', '近居割WIDE']",随時,https://www.ur-net.go.jp/chintai/kanto/chiba/30_2580_room.html?JKSS=404120909,<li>JR京葉線「検見川浜」駅 徒歩5～12分</li><li>JR総武線「新検見川」駅バス6分 徒歩2～7分</li><li>京成千葉線「検見川」駅 徒歩20～28分</li>
chiba,inagekaigan,真砂第一,57450,京成千葉線「検見川」駅,20.0,28.0,,,,千葉市美浜区真砂4ほか,4-4-12号棟,鉄筋コンクリート造、鉄骨鉄筋コンクリート造,9,N,909号室,1DK,33,14,54600,2850,2か月,"['近居割', '近居割WIDE']",随時,https://www.ur-net.go.jp/chintai/kanto/chiba/30_2580_room.html?JKSS=404120909,<li>JR京葉線「検見川浜」駅 徒歩5～12分</li><li>JR総武線「新検見川」駅バス6分 徒歩2～7分</li><li>京成千葉線「検見川」駅 徒歩20～28分</li>
chiba,inagekaigan,真砂第一,57450,,,,,,,千葉市美浜区真砂4ほか,4-4-12号棟,鉄筋コンクリート造、鉄骨鉄筋コンクリート造,9,N,909号室,1DK,33,14,54600,2850,2か月,"['近居割', '近居割WIDE']",随時,https://www.ur-net.go.jp/chintai/kanto/chiba/30_2580_room.html?JKSS=404120909,<li>JR京葉線「検見川浜」駅 徒歩5～12分</li><li>JR総武線「新検見川」駅バス6分 徒歩2～7分</li><li>京成千葉線「検見川」駅 徒歩20～28分</li>
chiba,inagekaigan,真砂第一,70650,JR京葉線「検見川浜」駅,5.0,12.0,,,,千葉市美浜区真砂4ほか,5-16-8号棟,鉄筋コンクリート造、鉄骨鉄筋コンクリート造,2,N,203号室,2DK,43,8,67800,2850,2か月,"['近居割', '近居割WIDE']",随時,https://www.ur-net.go.jp/chintai/kanto/chiba/30_2580_room.html?JKSS=516080203,<li>JR京葉線「検見川浜」駅 徒歩5～12分</li><li>JR総武線「新検見川」駅バス6分 徒歩2～7分</li><li>京成千葉線「検見川」駅 徒歩20～28分</li>
chiba,inagekaigan,真砂第一,70650,,,,JR総武線「新検見川」駅,8.0,13.0,千葉市美浜区真砂4ほか,5-16-8号棟,鉄筋コンクリート造、鉄骨鉄筋コンクリート造,2,N,203号室,2DK,43,8,67800,2850,2か月,"['近居割', '近居割WIDE']",随時,https://www.ur-net.go.jp/chintai/kanto/chiba/30_2580_room.html?JKSS=516080203,<li>JR京葉線「検見川浜」駅 徒歩5～12分</li><li>JR総武線「新検見川」駅バス6分 徒歩2～7分</li><li>京成千葉線「検見川」駅 徒歩20～28分</li>
chiba,inagekaigan,真砂第一,70650,京成千葉線「検見川」駅,20.0,28.0,,,,千葉市美浜区真砂4ほか,5-16-8号棟,鉄筋コンクリート造、鉄骨鉄筋コンクリート造,2,N,203号室,2DK,43,8,67800,2850,2か月,"['近居割', '近居割WIDE']",随時,https://www.ur-net.go.jp/chintai/kanto/chiba/30_2580_room.html?JKSS=516080203,<li>JR京葉線「検見川浜」駅 徒歩5～12分</li><li>JR総武線「新検見川」駅バス6分 徒歩2～7分</li><li>京成千葉線「検見川」駅 徒歩20～28分</li>
chiba,inagekaigan,真砂第一,70650,,,,,,,千葉市美浜区真砂4ほか,5-16-8号棟,鉄筋コンクリート造、鉄骨鉄筋コンクリート造,2,N,203号室,2DK,43,8,67800,2850,2か月,"['近居割', '近居割WIDE']",随時,https://www.ur-net.go.jp/chintai/kanto/chiba/30_2580_room.html?JKSS=516080203,<li>JR京葉線「検見川浜」駅 徒歩5～12分</li><li>JR総武線「新検見川」駅バス6分 徒歩2～7分</li><li>京成千葉線「検見川」駅 徒歩20～28分</li>
chiba,inagekaigan,真砂第一,71350,JR京葉線「検見川浜」駅,5.0,12.0,,,,千葉市美浜区真砂4ほか,5-16-9号棟,鉄筋コンクリート造、鉄骨鉄筋コンクリート造,2,N,201号室,1LDK,43,8,68500,2850,2か月,"['近居割', '近居割WIDE']",随時,https://www.ur-net.go.jp/chintai/kanto/chiba/30_2580_room.html?JKSS=516090201,<li>JR京葉線「検見川浜」駅 徒歩5～12分</li><li>JR総武線「新検見川」駅バス6分 徒歩2～7分</li><li>京成千葉線「検見川」駅 徒歩20～28分</li>
chiba,inagekaigan,真砂第一,71350,,,,JR総武線「新検見川」駅,8.0,13.0,千葉市美浜区真砂4ほか,5-16-9号棟,鉄筋コンクリート造、鉄骨鉄筋コンクリート造,2,N,201号室,1LDK,43,8,68500,2850,2か月,"['近居割', '近居割WIDE']",随時,https://www.ur-net.go.jp/chintai/kanto/chiba/30_2580_room.html?JKSS=516090201,<li>JR京葉線「検見川浜」駅 徒歩5～12分</li><li>JR総武線「新検見川」駅バス6分 徒歩2～7分</li><li>京成千葉線「検見川」駅 徒歩20～28分</li>
chiba,inagekaigan,真砂第一,71350,京成千葉線「検見川」駅,20.0,28.0,,,,千葉市美浜区真砂4ほか,5-16-9号棟,鉄筋コンクリート造、鉄骨鉄筋コンクリート造,2,N,201号室,1LDK,43,8,68500,2850,2か月,"['近居割', '近居割WIDE']",随時,https://www.ur-net.go.jp/chintai/kanto/chiba/30_2580_room.html?JKSS=516090201,<li>JR京葉線「検見川浜」駅 徒歩5～12分</li><li>JR総武線「新検見川」駅バス6分 徒歩2～7分</li><li>京成千葉線「検見川」駅 徒歩20～28分</li>
chiba,inagekaigan,真砂第一,71350,,,,,,,千葉市美浜区真砂4ほか,5-16-9号棟,鉄筋コンクリート造、鉄骨鉄筋コンクリート造,2,N,201号室,1LDK,43,8,68500,2850,2か月,"['近居割', '近居割WIDE']",随時,https://www.ur-net.go.jp/chintai/kanto/chiba/30_2580_room.html?JKSS=516090201,<li>JR京葉線「検見川浜」駅 徒歩5～12分</li><li>JR総武線「新検見川」駅バス6分 徒歩2～7分</li><li>京成千葉線「検見川」駅 徒歩20～28分</li>
chiba,inagekaigan,高洲第一,66500,JR京葉線「稲毛海岸」駅,6.0,20.0,,,,千葉市美浜区高洲2ほか,2-8-7号棟,鉄筋コンクリート造、鉄骨鉄筋コンクリート造,4,N,403号室,3K,50,5,63600,2900,2か月,"['近居割', '近居割WIDE']",随時,https://www.ur-net.go.jp/chintai/kanto/chiba/30_2390_room.html?JKSS=208070403,<li>JR京葉線「稲毛海岸」駅 徒歩6～20分</li><li>JR総武線「稲毛」駅バス5分 徒歩7分</li><li>京成千葉線「みどり台」駅 徒歩22～33分</li><li>京成千葉線「京成稲毛」駅 徒歩20～28分</li>
chiba,inagekaigan,高洲第一,66500,,,,JR総武線「稲毛」駅,12.0,12.0,千葉市美浜区高洲2ほか,2-8-7号棟,鉄筋コンクリート造、鉄骨鉄筋コンクリート造,4,N,403号室,3K,50,5,63600,2900,2か月,"['近居割', '近居割WIDE']",随時,https://www.ur-net.go.jp/chintai/kanto/chiba/30_2390_room.html?JKSS=208070403,<li>JR京葉線「稲毛海岸」駅 徒歩6～20分</li><li>JR総武線「稲毛」駅バス5分 徒歩7分</li><li>京成千葉線「みどり台」駅 徒歩22～33分</li><li>京成千葉線「京成稲毛」駅 徒歩20～28分</li>
chiba,inagekaigan,高洲第一,66500,京成千葉線「みどり台」駅,22.0,33.0,,,,千葉市美浜区高洲2ほか,2-8-7号棟,鉄筋コンクリート造、鉄骨鉄筋コンクリート造,4,N,403号室,3K,50,5,63600,2900,2か月,"['近居割', '近居割WIDE']",随時,https://www.ur-net.go.jp/chintai/kanto/chiba/30_2390_room.html?JKSS=208070403,<li>JR京葉線「稲毛海岸」駅 徒歩6～20分</li><li>JR総武線「稲毛」駅バス5分 徒歩7分</li><li>京成千葉線「みどり台」駅 徒歩22～33分</li><li>京成千葉線「京成稲毛」駅 徒歩20～28分</li>
chiba,inagekaigan,高洲第一,66500,京成千葉線「京成稲毛」駅,20.0,28.0,,,,千葉市美浜区高洲2ほか,2-8-7号棟,鉄筋コンクリート造、鉄骨鉄筋コンクリート造,4,N,403号室,3K,50,5,63600,2900,2か月,"['近居割', '近居割WIDE']",随時,https://www.ur-net.go.jp/chintai/kanto/chiba/30_2390_room.html?JKSS=208070403,<li>JR京葉線「稲毛海岸」駅 徒歩6～20分</li><li>JR総武線「稲毛」駅バス5分 徒歩7分</li><li>京成千葉線「みどり台」駅 徒歩22～33分</li><li>京成千葉線「京成稲毛」駅 徒歩20～28分</li>
chiba,inagekaigan,高洲第一,66500,,,,,,,千葉市美浜区高洲2ほか,2-8-7号棟,鉄筋コンクリート造、鉄骨鉄筋コンクリート造,4,N,403号室,3K,50,5,63600,2900,2か月,"['近居割', '近居割WIDE']",随時,https://www.ur-net.go.jp/chintai/kanto/chiba/30_2390_room.html?JKSS=208070403,<li>JR京葉線「稲毛海岸」駅 徒歩6～20分</li><li>JR総武線「稲毛」駅バス5分 徒歩7分</li><li>京成千葉線「みどり台」駅 徒歩22～33分</li><li>京成千葉線「京成稲毛」駅 徒歩20～28分</li>
chiba,inagekaigan,高洲第一,71200,JR京葉線「稲毛海岸」駅,6.0,20.0,,,,千葉市美浜区高洲2ほか,2-3-5号棟,鉄筋コンクリート造、鉄骨鉄筋コンクリート造,4,N,403号室,3DK,56,5,68300,2900,2か月,"['近居割', '近居割WIDE']",随時,https://www.ur-net.go.jp/chintai/kanto/chiba/30_2390_room.html?JKSS=203050403,<li>JR京葉線「稲毛海岸」駅 徒歩6～20分</li><li>JR総武線「稲毛」駅バス5分 徒歩7分</li><li>京成千葉線「みどり台」駅 徒歩22～33分</li><li>京成千葉線「京成稲毛」駅 徒歩20～28分</li>
chiba,inagekaigan,高洲第一,71200,,,,JR総武線「稲毛」駅,12.0,12.0,千葉市美浜区高洲2ほか,2-3-5号棟,鉄筋コンクリート造、鉄骨鉄筋コンクリート造,4,N,403号室,3DK,56,5,68300,2900,2か月,"['近居割', '近居割WIDE']",随時,https://www.ur-net.go.jp/chintai/kanto/chiba/30_2390_room.html?JKSS=203050403,<li>JR京葉線「稲毛海岸」駅 徒歩6～20分</li><li>JR総武線「稲毛」駅バス5分 徒歩7分</li><li>京成千葉線「みどり台」駅 徒歩22～33分</li><li>京成千葉線「京成稲毛」駅 徒歩20～28分</li>
chiba,inagekaigan,高洲第一,71200,京成千葉線「みどり台」駅,22.0,33.0,,,,千葉市美浜区高洲2ほか,2-3-5号棟,鉄筋コンクリート造、鉄骨鉄筋コンクリート造,4,N,403号室,3DK,56,5,68300,2900,2か月,"['近居割', '近居割WIDE']",随時,https://www.ur-net.go.jp/chintai/kanto/chiba/30_2390_room.html?JKSS=203050403,<li>JR京葉線「稲毛海岸」駅 徒歩6～20分</li><li>JR総武線「稲毛」駅バス5分 徒歩7分</li><li>京成千葉線「みどり台」駅 徒歩22～33分</li><li>京成千葉線「京成稲毛」駅 徒歩20～28分</li>
chiba,inagekaigan,高洲第一,71200,京成千葉線「京成稲毛」駅,20.0,28.0,,,,千葉市美浜区高洲2ほか,2-3-5号棟,鉄筋コンクリート造、鉄骨鉄筋コンクリート造,4,N,403号室,3DK,56,5,68300,2900,2か月,"['近居割', '近居割WIDE']",随時,https://www.ur-net.go.jp/chintai/kanto/chiba/30_2390_room.html?JKSS=203050403,<li>JR京葉線「稲毛海岸」駅 徒歩6～20分</li><li>JR総武線「稲毛」駅バス5分 徒歩7分</li><li>京成千葉線「みどり台」駅 徒歩22～33分</li><li>京成千葉線「京成稲毛」駅 徒歩20～28分</li>
chiba,inagekaigan,高洲第一,71200,,,,,,,千葉市美浜区高洲2ほか,2-3-5号棟,鉄筋コンクリート造、鉄骨鉄筋コンクリート造,4,N,403号室,3DK,56,5,68300,2900,2か月,"['近居割', '近居割WIDE']",随時,https://www.ur-net.go.jp/chintai/kanto/chiba/30_2390_room.html?JKSS=203050403,<li>JR京葉線「稲毛海岸」駅 徒歩6～20分</li><li>JR総武線「稲毛」駅バス5分 徒歩7分</li><li>京成千葉線「みどり台」駅 徒歩22～33分</li><li>京成千葉線「京成稲毛」駅 徒歩20～28分</li>
chiba,inagekaigan,高洲第一,72000,JR京葉線「稲毛海岸」駅,6.0,20.0,,,,千葉市美浜区高洲2ほか,2-8-7号棟,鉄筋コンクリート造、鉄骨鉄筋コンクリート造,4,N,407号室,2LDK,50,5,69100,2900,2か月,"['近居割', '近居割WIDE']",随時,https://www.ur-net.go.jp/chintai/kanto/chiba/30_2390_room.html?JKSS=208070407,<li>JR京葉線「稲毛海岸」駅 徒歩6～20分</li><li>JR総武線「稲毛」駅バス5分 徒歩7分</li><li>京成千葉線「みどり台」駅 徒歩22～33分</li><li>京成千葉線「京成稲毛」駅 徒歩20～28分</li>
chiba,inagekaigan,高洲第一,72000,,,,JR総武線「稲毛」駅,12.0,12.0,千葉市美浜区高洲2ほか,2-8-7号棟,鉄筋コンクリート造、鉄骨鉄筋コンクリート造,4,N,407号室,2LDK,50,5,69100,2900,2か月,"['近居割', '近居割WIDE']",随時,https://www.ur-net.go.jp/chintai/kanto/chiba/30_2390_room.html?JKSS=208070407,<li>JR京葉線「稲毛海岸」駅 徒歩6～20分</li><li>JR総武線「稲毛」駅バス5分 徒歩7分</li><li>京成千葉線「みどり台」駅 徒歩22～33分</li><li>京成千葉線「京成稲毛」駅 徒歩20～28分</li>
chiba,inagekaigan,高洲第一,72000,京成千葉線「みどり台」駅,22.0,33.0,,,,千葉市美浜区高洲2ほか,2-8-7号棟,鉄筋コンクリート造、鉄骨鉄筋コンクリート造,4,N,407号室,2LDK,50,5,69100,2900,2か月,"['近居割', '近居割WIDE']",随時,https://www.ur-net.go.jp/chintai/kanto/chiba/30_2390_room.html?JKSS=208070407,<li>JR京葉線「稲毛海岸」駅 徒歩6～20分</li><li>JR総武線「稲毛」駅バス5分 徒歩7分</li><li>京成千葉線「みどり台」駅 徒歩22～33分</li><li>京成千葉線「京成稲毛」駅 徒歩20～28分</li>
chiba,inagekaigan,高洲第一,72000,京成千葉線「京成稲毛」駅,20.0,28.0,,,,千葉市美浜区高洲2ほか,2-8-7号棟,鉄筋コンクリート造、鉄骨鉄筋コンクリート造,4,N,407号室,2LDK,50,5,69100,2900,2か月,"['近居割', '近居割WIDE']",随時,https://www.ur-net.go.jp/chintai/kanto/chiba/30_2390_room.html?JKSS=208070407,<li>JR京葉線「稲毛海岸」駅 徒歩6～20分</li><li>JR総武線「稲毛」駅バス5分 徒歩7分</li><li>京成千葉線「みどり台」駅 徒歩22～33分</li><li>京成千葉線「京成稲毛」駅 徒歩20～28分</li>
chiba,inagekaigan,高洲第一,72000,,,,,,,千葉市美浜区高洲2ほか,2-8-7号棟,鉄筋コンクリート造、鉄骨鉄筋コンクリート造,4,N,407号室,2LDK,50,5,69100,2900,2か月,"['近居割', '近居割WIDE']",随時,https://www.ur-net.go.jp/chintai/kanto/chiba/30_2390_room.html?JKSS=208070407,<li>JR京葉線「稲毛海岸」駅 徒歩6～20分</li><li>JR総武線「稲毛」駅バス5分 徒歩7分</li><li>京成千葉線「みどり台」駅 徒歩22～33分</li><li>京成千葉線「京成稲毛」駅 徒歩20～28分</li>
chiba,inagekaigan,真砂第二,70900,JR京葉線「検見川浜」駅,8.0,9.0,,,,千葉市美浜区真砂3-13,9号棟,鉄筋コンクリート造、鉄骨鉄筋コンクリート造,4,N,402号室,2DK,41,5,67100,3800,2か月,"['近居割', '近居割WIDE']",随時,https://www.ur-net.go.jp/chintai/kanto/chiba/30_2630_room.html?JKSS=000090402,<li>JR京葉線「検見川浜」駅 徒歩8～9分</li><li>JR総武線「新検見川」駅バス7分 徒歩7～11分</li><li>JR京葉線「稲毛海岸」駅 徒歩16～20分</li>
chiba,inagekaigan,真砂第二,70900,,,,JR総武線「新検見川」駅,14.0,18.0,千葉市美浜区真砂3-13,9号棟,鉄筋コンクリート造、鉄骨鉄筋コンクリート造,4,N,402号室,2DK,41,5,67100,3800,2か月,"['近居割', '近居割WIDE']",随時,https://www.ur-net.go.jp/chintai/kanto/chiba/30_2630_room.html?JKSS=000090402,<li>JR京葉線「検見川浜」駅 徒歩8～9分</li><li>JR総武線「新検見川」駅バス7分 徒歩7～11分</li><li>JR京葉線「稲毛海岸」駅 徒歩16～20分</li>
chiba,inagekaigan,真砂第二,70900,JR京葉線「稲毛海岸」駅,16.0,20.0,,,,千葉市美浜区真砂3-13,9号棟,鉄筋コンクリート造、鉄骨鉄筋コンクリート造,4,N,402号室,2DK,41,5,67100,3800,2か月,"['近居割', '近居割WIDE']",随時,https://www.ur-net.go.jp/chintai/kanto/chiba/30_2630_room.html?JKSS=000090402,<li>JR京葉線「検見川浜」駅 徒歩8～9分</li><li>JR総武線「新検見川」駅バス7分 徒歩7～11分</li><li>JR京葉線「稲毛海岸」駅 徒歩16～20分</li>
chiba,inagekaigan,真砂第二,70900,,,,,,,千葉市美浜区真砂3-13,9号棟,鉄筋コンクリート造、鉄骨鉄筋コンクリート造,4,N,402号室,2DK,41,5,67100,3800,2か月,"['近居割', '近居割WIDE']",随時,https://www.ur-net.go.jp/chintai/kanto/chiba/30_2630_room.html?JKSS=000090402,<li>JR京葉線「検見川浜」駅 徒歩8～9分</li><li>JR総武線「新検見川」駅バス7分 徒歩7～11分</li><li>JR京葉線「稲毛海岸」駅 徒歩16～20分</li>
chiba,inagekaigan,高洲第二,85620,JR京葉線「稲毛海岸」駅,3.0,7.0,,,,千葉市美浜区高洲4ほか,5-1号棟,鉄筋コンクリート造、鉄骨鉄筋コンクリート造,3,N,308号室,3DK,52,5,83400,2220,2か月,"['近居割', '近居割WIDE']",随時,https://www.ur-net.go.jp/chintai/kanto/chiba/30_2650_room.html?JKSS=005010308,<li>JR京葉線「稲毛海岸」駅 徒歩3～7分</li><li>JR総武線「稲毛」駅バス20分 徒歩5～11分</li><li>京成千葉線「京成稲毛」駅 徒歩14～19分</li><li>JR京葉線「検見川浜」駅 徒歩18～21分</li>
chiba,inagekaigan,高洲第二,85620,,,,JR総武線「稲毛」駅,25.0,31.0,千葉市美浜区高洲4ほか,5-1号棟,鉄筋コンクリート造、鉄骨鉄筋コンクリート造,3,N,308号室,3DK,52,5,83400,2220,2か月,"['近居割', '近居割WIDE']",随時,https://www.ur-net.go.jp/chintai/kanto/chiba/30_2650_room.html?JKSS=005010308,<li>JR京葉線「稲毛海岸」駅 徒歩3～7分</li><li>JR総武線「稲毛」駅バス20分 徒歩5～11分</li><li>京成千葉線「京成稲毛」駅 徒歩14～19分</li><li>JR京葉線「検見川浜」駅 徒歩18～21分</li>
chiba,inagekaigan,高洲第二,85620,京成千葉線「京成稲毛」駅,14.0,19.0,,,,千葉市美浜区高洲4ほか,5-1号棟,鉄筋コンクリート造、鉄骨鉄筋コンクリート造,3,N,308号室,3DK,52,5,83400,2220,2か月,"['近居割', '近居割WIDE']",随時,https://www.ur-net.go.jp/chintai/kanto/chiba/30_2650_room.html?JKSS=005010308,<li>JR京葉線「稲毛海岸」駅 徒歩3～7分</li><li>JR総武線「稲毛」駅バス20分 徒歩5～11分</li><li>京成千葉線「京成稲毛」駅 徒歩14～19分</li><li>JR京葉線「検見川浜」駅 徒歩18～21分</li>
chiba,inagekaigan,高洲第二,85620,JR京葉線「検見川浜」駅,18.0,21.0,,,,千葉市美浜区高洲4ほか,5-1号棟,鉄筋コンクリート造、鉄骨鉄筋コンクリート造,3,N,308号室,3DK,52,5,83400,2220,2か月,"['近居割', '近居割WIDE']",随時,https://www.ur-net.go.jp/chintai/kanto/chiba/30_2650_room.html?JKSS=005010308,<li>JR京葉線「稲毛海岸」駅 徒歩3～7分</li><li>JR総武線「稲毛」駅バス20分 徒歩5～11分</li><li>京成千葉線「京成稲毛」駅 徒歩14～19分</li><li>JR京葉線「検見川浜」駅 徒歩18～21分</li>
chiba,inagekaigan,高洲第二,85620,,,,,,,千葉市美浜区高洲4ほか,5-1号棟,鉄筋コンクリート造、鉄骨鉄筋コンクリート造,3,N,308号室,3DK,52,5,83400,2220,2か月,"['近居割', '近居割WIDE']",随時,https://www.ur-net.go.jp/chintai/kanto/chiba/30_2650_room.html?JKSS=005010308,<li>JR京葉線「稲毛海岸」駅 徒歩3～7分</li><li>JR総武線「稲毛」駅バス20分 徒歩5～11分</li><li>京成千葉線「京成稲毛」駅 徒歩14～19分</li><li>JR京葉線「検見川浜」駅 徒歩18～21分</li>
chiba,inagekaigan,高洲第二,86320,JR京葉線「稲毛海岸」駅,3.0,7.0,,,,千葉市美浜区高洲4ほか,5-2号棟,鉄筋コンクリート造、鉄骨鉄筋コンクリート造,4,N,410号室,3DK,52,5,84100,2220,2か月,"['近居割', '近居割WIDE']",随時,https://www.ur-net.go.jp/chintai/kanto/chiba/30_2650_room.html?JKSS=005020410,<li>JR京葉線「稲毛海岸」駅 徒歩3～7分</li><li>JR総武線「稲毛」駅バス20分 徒歩5～11分</li><li>京成千葉線「京成稲毛」駅 徒歩14～19分</li><li>JR京葉線「検見川浜」駅 徒歩18～21分</li>
chiba,inagekaigan,高洲第二,86320,,,,JR総武線「稲毛」駅,25.0,31.0,千葉市美浜区高洲4ほか,5-2号棟,鉄筋コンクリート造、鉄骨鉄筋コンクリート造,4,N,410号室,3DK,52,5,84100,2220,2か月,"['近居割', '近居割WIDE']",随時,https://www.ur-net.go.jp/chintai/kanto/chiba/30_2650_room.html?JKSS=005020410,<li>JR京葉線「稲毛海岸」駅 徒歩3～7分</li><li>JR総武線「稲毛」駅バス20分 徒歩5～11分</li><li>京成千葉線「京成稲毛」駅 徒歩14～19分</li><li>JR京葉線「検見川浜」駅 徒歩18～21分</li>
chiba,inagekaigan,高洲第二,86320,京成千葉線「京成稲毛」駅,14.0,19.0,,,,千葉市美浜区高洲4ほか,5-2号棟,鉄筋コンクリート造、鉄骨鉄筋コンクリート造,4,N,410号室,3DK,52,5,84100,2220,2か月,"['近居割', '近居割WIDE']",随時,https://www.ur-net.go.jp/chintai/kanto/chiba/30_2650_room.html?JKSS=005020410,<li>JR京葉線「稲毛海岸」駅 徒歩3～7分</li><li>JR総武線「稲毛」駅バス20分 徒歩5～11分</li><li>京成千葉線「京成稲毛」駅 徒歩14～19分</li><li>JR京葉線「検見川浜」駅 徒歩18～21分</li>
chiba,inagekaigan,高洲第二,86320,JR京葉線「検見川浜」駅,18.0,21.0,,,,千葉市美浜区高洲4ほか,5-2号棟,鉄筋コンクリート造、鉄骨鉄筋コンクリート造,4,N,410号室,3DK,52,5,84100,2220,2か月,"['近居割', '近居割WIDE']",随時,https://www.ur-net.go.jp/chintai/kanto/chiba/30_2650_room.html?JKSS=005020410,<li>JR京葉線「稲毛海岸」駅 徒歩3～7分</li><li>JR総武線「稲毛」駅バス20分 徒歩5～11分</li><li>京成千葉線「京成稲毛」駅 徒歩14～19分</li><li>JR京葉線「検見川浜」駅 徒歩18～21分</li>
chiba,inagekaigan,高洲第二,86320,,,,,,,千葉市美浜区高洲4ほか,5-2号棟,鉄筋コンクリート造、鉄骨鉄筋コンクリート造,4,N,410号室,3DK,52,5,84100,2220,2か月,"['近居割', '近居割WIDE']",随時,https://www.ur-net.go.jp/chintai/kanto/chiba/30_2650_room.html?JKSS=005020410,<li>JR京葉線「稲毛海岸」駅 徒歩3～7分</li><li>JR総武線「稲毛」駅バス20分 徒歩5～11分</li><li>京成千葉線「京成稲毛」駅 徒歩14～19分</li><li>JR京葉線「検見川浜」駅 徒歩18～21分</li>
chiba,inagekaigan,ウインズタウン稲毛海岸,122600,JR京葉線「稲毛海岸」駅,15.0,19.0,,,,千葉市美浜区高浜1-14ほか,7号棟,鉄筋コンクリート造,2,N,210号室,3LDK,75,13,117400,5200,2か月,"['近居割', '近居割WIDE']",随時,https://www.ur-net.go.jp/chintai/kanto/chiba/30_5890_room.html?JKSS=000070210,<li>JR京葉線「稲毛海岸」駅 徒歩15～19分</li><li>JR総武線「稲毛」駅バス7分 徒歩1～7分</li><li>京成千葉線「京成稲毛」駅 徒歩31～33分</li>
chiba,inagekaigan,ウインズタウン稲毛海岸,122600,,,,JR総武線「稲毛」駅,8.0,14.0,千葉市美浜区高浜1-14ほか,7号棟,鉄筋コンクリート造,2,N,210号室,3LDK,75,13,117400,5200,2か月,"['近居割', '近居割WIDE']",随時,https://www.ur-net.go.jp/chintai/kanto/chiba/30_5890_room.html?JKSS=000070210,<li>JR京葉線「稲毛海岸」駅 徒歩15～19分</li><li>JR総武線「稲毛」駅バス7分 徒歩1～7分</li><li>京成千葉線「京成稲毛」駅 徒歩31～33分</li>
chiba,inagekaigan,ウインズタウン稲毛海岸,122600,京成千葉線「京成稲毛」駅,31.0,33.0,,,,千葉市美浜区高浜1-14ほか,7号棟,鉄筋コンクリート造,2,N,210号室,3LDK,75,13,117400,5200,2か月,"['近居割', '近居割WIDE']",随時,https://www.ur-net.go.jp/chintai/kanto/chiba/30_5890_room.html?JKSS=000070210,<li>JR京葉線「稲毛海岸」駅 徒歩15～19分</li><li>JR総武線「稲毛」駅バス7分 徒歩1～7分</li><li>京成千葉線「京成稲毛」駅 徒歩31～33分</li>
chiba,inagekaigan,ウインズタウン稲毛海岸,122600,,,,,,,千葉市美浜区高浜1-14ほか,7号棟,鉄筋コンクリート造,2,N,210号室,3LDK,75,13,117400,5200,2か月,"['近居割', '近居割WIDE']",随時,https://www.ur-net.go.jp/chintai/kanto/chiba/30_5890_room.html?JKSS=000070210,<li>JR京葉線「稲毛海岸」駅 徒歩15～19分</li><li>JR総武線「稲毛」駅バス7分 徒歩1～7分</li><li>京成千葉線「京成稲毛」駅 徒歩31～33分</li>
chiba,inagekaigan,ウインズタウン稲毛海岸,126300,JR京葉線「稲毛海岸」駅,15.0,19.0,,,,千葉市美浜区高浜1-14ほか,7号棟,鉄筋コンクリート造,4,N,410号室,3LDK,75,13,121100,5200,2か月,"['近居割', '近居割WIDE']",随時,https://www.ur-net.go.jp/chintai/kanto/chiba/30_5890_room.html?JKSS=000070410,<li>JR京葉線「稲毛海岸」駅 徒歩15～19分</li><li>JR総武線「稲毛」駅バス7分 徒歩1～7分</li><li>京成千葉線「京成稲毛」駅 徒歩31～33分</li>
chiba,inagekaigan,ウインズタウン稲毛海岸,126300,,,,JR総武線「稲毛」駅,8.0,14.0,千葉市美浜区高浜1-14ほか,7号棟,鉄筋コンクリート造,4,N,410号室,3LDK,75,13,121100,5200,2か月,"['近居割', '近居割WIDE']",随時,https://www.ur-net.go.jp/chintai/kanto/chiba/30_5890_room.html?JKSS=000070410,<li>JR京葉線「稲毛海岸」駅 徒歩15～19分</li><li>JR総武線「稲毛」駅バス7分 徒歩1～7分</li><li>京成千葉線「京成稲毛」駅 徒歩31～33分</li>
chiba,inagekaigan,ウインズタウン稲毛海岸,126300,京成千葉線「京成稲毛」駅,31.0,33.0,,,,千葉市美浜区高浜1-14ほか,7号棟,鉄筋コンクリート造,4,N,410号室,3LDK,75,13,121100,5200,2か月,"['近居割', '近居割WIDE']",随時,https://www.ur-net.go.jp/chintai/kanto/chiba/30_5890_room.html?JKSS=000070410,<li>JR京葉線「稲毛海岸」駅 徒歩15～19分</li><li>JR総武線「稲毛」駅バス7分 徒歩1～7分</li><li>京成千葉線「京成稲毛」駅 徒歩31～33分</li>
chiba,inagekaigan,ウインズタウン稲毛海岸,126300,,,,,,,千葉市美浜区高浜1-14ほか,7号棟,鉄筋コンクリート造,4,N,410号室,3LDK,75,13,121100,5200,2か月,"['近居割', '近居割WIDE']",随時,https://www.ur-net.go.jp/chintai/kanto/chiba/30_5890_room.html?JKSS=000070410,<li>JR京葉線「稲毛海岸」駅 徒歩15～19分</li><li>JR総武線「稲毛」駅バス7分 徒歩1～7分</li><li>京成千葉線「京成稲毛」駅 徒歩31～33分</li>
chiba,inagekaigan,ウインズタウン稲毛海岸,143200,JR京葉線「稲毛海岸」駅,15.0,19.0,,,,千葉市美浜区高浜1-14ほか,8号棟,鉄筋コンクリート造,3,N,313号室,3LDK,80,13,138000,5200,2か月,"['近居割', '近居割WIDE']",随時,https://www.ur-net.go.jp/chintai/kanto/chiba/30_5890_room.html?JKSS=000080313,<li>JR京葉線「稲毛海岸」駅 徒歩15～19分</li><li>JR総武線「稲毛」駅バス7分 徒歩1～7分</li><li>京成千葉線「京成稲毛」駅 徒歩31～33分</li>
chiba,inagekaigan,ウインズタウン稲毛海岸,143200,,,,JR総武線「稲毛」駅,8.0,14.0,千葉市美浜区高浜1-14ほか,8号棟,鉄筋コンクリート造,3,N,313号室,3LDK,80,13,138000,5200,2か月,"['近居割', '近居割WIDE']",随時,https://www.ur-net.go.jp/chintai/kanto/chiba/30_5890_room.html?JKSS=000080313,<li>JR京葉線「稲毛海岸」駅 徒歩15～19分</li><li>JR総武線「稲毛」駅バス7分 徒歩1～7分</li><li>京成千葉線「京成稲毛」駅 徒歩31～33分</li>
chiba,inagekaigan,ウインズタウン稲毛海岸,143200,京成千葉線「京成稲毛」駅,31.0,33.0,,,,千葉市美浜区高浜1-14ほか,8号棟,鉄筋コンクリート造,3,N,313号室,3LDK,80,13,138000,5200,2か月,"['近居割', '近居割WIDE']",随時,https://www.ur-net.go.jp/chintai/kanto/chiba/30_5890_room.html?JKSS=000080313,<li>JR京葉線「稲毛海岸」駅 徒歩15～19分</li><li>JR総武線「稲毛」駅バス7分 徒歩1～7分</li><li>京成千葉線「京成稲毛」駅 徒歩31～33分</li>
chiba,inagekaigan,ウインズタウン稲毛海岸,143200,,,,,,,千葉市美浜区高浜1-14ほか,8号棟,鉄筋コンクリート造,3,N,313号室,3LDK,80,13,138000,5200,2か月,"['近居割', '近居割WIDE']",随時,https://www.ur-net.go.jp/chintai/kanto/chiba/30_5890_room.html?JKSS=000080313,<li>JR京葉線「稲毛海岸」駅 徒歩15～19分</li><li>JR総武線「稲毛」駅バス7分 徒歩1～7分</li><li>京成千葉線「京成稲毛」駅 徒歩31～33分</li>
chiba,makuhari,幕張ベイタウンパティオス１５番街,168780,JR京葉線「海浜幕張」駅,13.0,13.0,JR京葉線「海浜幕張」駅,7.0,7.0,千葉市美浜区打瀬2-10 パティオス15番街,,鉄筋コンクリート造,2,N,206号室,3LDK,77,6,161000,7780,2か月,"['近居割', '近居割WIDE']",随時,https://www.ur-net.go.jp/chintai/kanto/chiba/30_5850_room.html?JKSS=000000206,<li>JR京葉線「海浜幕張」駅 徒歩13分 又はバス6分 徒歩1分</li>
chiba,makuhari,幕張ベイタウンパティオス１５番街,168780,,,,,,,千葉市美浜区打瀬2-10 パティオス15番街,,鉄筋コンクリート造,2,N,206号室,3LDK,77,6,161000,7780,2か月,"['近居割', '近居割WIDE']",随時,https://www.ur-net.go.jp/chintai/kanto/chiba/30_5850_room.html?JKSS=000000206,<li>JR京葉線「海浜幕張」駅 徒歩13分 又はバス6分 徒歩1分</li>
chiba,makuhari,幕張ベイタウンパティオス２０番街,167800,JR京葉線「海浜幕張」駅,16.0,16.0,JR京葉線「海浜幕張」駅,6.0,6.0,千葉市美浜区打瀬3-4 パティオス20番街,,鉄筋コンクリート造,5,N,528号室,2LDK,68,7,162200,5600,2か月,"['近居割', '近居割WIDE']",随時,https://www.ur-net.go.jp/chintai/kanto/chiba/30_5900_room.html?JKSS=000000528,<li>JR京葉線「海浜幕張」駅 徒歩16分 又はバス5分 徒歩1分</li>
chiba,makuhari,幕張ベイタウンパティオス２０番街,167800,,,,,,,千葉市美浜区打瀬3-4 パティオス20番街,,鉄筋コンクリート造,5,N,528号室,2LDK,68,7,162200,5600,2か月,"['近居割', '近居割WIDE']",随時,https://www.ur-net.go.jp/chintai/kanto/chiba/30_5900_room.html?JKSS=000000528,<li>JR京葉線「海浜幕張」駅 徒歩16分 又はバス5分 徒歩1分</li>
chiba,makuhari,幕張ベイタウンミラリオ,181000,JR京葉線「海浜幕張」駅,18.0,21.0,,,,千葉市美浜区打瀬2-22 ミラリオ,5号棟,鉄筋コンクリート造,10,N,1001号室,3LDK,76,14,173500,7500,2か月,"['近居割', '近居割WIDE']",随時,https://www.ur-net.go.jp/chintai/kanto/chiba/30_5600_room.html?JKSS=000051001,<li>JR京葉線「海浜幕張」駅 徒歩18～21分</li><li>JR京葉線「検見川浜」駅 徒歩22～24分</li><li>京成千葉線「検見川」駅 徒歩35～38分</li>
chiba,makuhari,幕張ベイタウンミラリオ,181000,JR京葉線「検見川浜」駅,22.0,24.0,,,,千葉市美浜区打瀬2-22 ミラリオ,5号棟,鉄筋コンクリート造,10,N,1001号室,3LDK,76,14,173500,7500,2か月,"['近居割', '近居割WIDE']",随時,https://www.ur-net.go.jp/chintai/kanto/chiba/30_5600_room.html?JKSS=000051001,<li>JR京葉線「海浜幕張」駅 徒歩18～21分</li><li>JR京葉線「検見川浜」駅 徒歩22～24分</li><li>京成千葉線「検見川」駅 徒歩35～38分</li>
chiba,makuhari,幕張ベイタウンミラリオ,181000,京成千葉線「検見川」駅,35.0,38.0,,,,千葉市美浜区打瀬2-22 ミラリオ,5号棟,鉄筋コンクリート造,10,N,1001号室,3LDK,76,14,173500,7500,2か月,"['近居割', '近居割WIDE']",随時,https://www.ur-net.go.jp/chintai/kanto/chiba/30_5600_room.html?JKSS=000051001,<li>JR京葉線「海浜幕張」駅 徒歩18～21分</li><li>JR京葉線「検見川浜」駅 徒歩22～24分</li><li>京成千葉線「検見川」駅 徒歩35～38分</li>
chiba,makuhari,幕張ベイタウンミラリオ,181000,,,,,,,千葉市美浜区打瀬2-22 ミラリオ,5号棟,鉄筋コンクリート造,10,N,1001号室,3LDK,76,14,173500,7500,2か月,"['近居割', '近居割WIDE']",随時,https://www.ur-net.go.jp/chintai/kanto/chiba/30_5600_room.html?JKSS=000051001,<li>JR京葉線「海浜幕張」駅 徒歩18～21分</li><li>JR京葉線「検見川浜」駅 徒歩22～24分</li><li>京成千葉線「検見川」駅 徒歩35～38分</li>
chiba,kitanarashino,芝山,65800,東葉高速線「飯山満」駅,6.0,14.0,,,,船橋市芝山1-40ほか,2-5-6号棟,鉄筋コンクリート造、鉄骨鉄筋コンクリート造,2,N,206号室,1LDK,45,8,63400,2400,2か月,"['近居割', '近居割WIDE']",随時,https://www.ur-net.go.jp/chintai/kanto/chiba/30_2830_room.html?JKSS=205060206,<li>東葉高速線「飯山満」駅 徒歩6～14分</li><li>JR総武線「船橋」駅バス16分 徒歩3～8分</li><li>京成松戸線「北習志野」駅 徒歩35～40分</li>
chiba,kitanarashino,芝山,65800,,,,JR総武線「船橋」駅,19.0,24.0,船橋市芝山1-40ほか,2-5-6号棟,鉄筋コンクリート造、鉄骨鉄筋コンクリート造,2,N,206号室,1LDK,45,8,63400,2400,2か月,"['近居割', '近居割WIDE']",随時,https://www.ur-net.go.jp/chintai/kanto/chiba/30_2830_room.html?JKSS=205060206,<li>東葉高速線「飯山満」駅 徒歩6～14分</li><li>JR総武線「船橋」駅バス16分 徒歩3～8分</li><li>京成松戸線「北習志野」駅 徒歩35～40分</li>
chiba,kitanarashino,芝山,65800,京成松戸線「北習志野」駅,35.0,40.0,,,,船橋市芝山1-40ほか,2-5-6号棟,鉄筋コンクリート造、鉄骨鉄筋コンクリート造,2,N,206号室,1LDK,45,8,63400,2400,2か月,"['近居割', '近居割WIDE']",随時,https://www.ur-net.go.jp/chintai/kanto/chiba/30_2830_room.html?JKSS=205060206,<li>東葉高速線「飯山満」駅 徒歩6～14分</li><li>JR総武線「船橋」駅バス16分 徒歩3～8分</li><li>京成松戸線「北習志野」駅 徒歩35～40分</li>
chiba,kitanarashino,芝山,65800,,,,,,,船橋市芝山1-40ほか,2-5-6号棟,鉄筋コンクリート造、鉄骨鉄筋コンクリート造,2,N,206号室,1LDK,45,8,63400,2400,2か月,"['近居割', '近居割WIDE']",随時,https://www.ur-net.go.jp/chintai/kanto/chiba/30_2830_room.html?JKSS=205060206,<li>東葉高速線「飯山満」駅 徒歩6～14分</li><li>JR総武線「船橋」駅バス16分 徒歩3～8分</li><li>京成松戸線「北習志野」駅 徒歩35～40分</li>
chiba,kitanarashino,芝山,74900,東葉高速線「飯山満」駅,6.0,14.0,,,,船橋市芝山1-40ほか,2-5-5号棟,鉄筋コンクリート造、鉄骨鉄筋コンクリート造,8,N,801号室,3DK,57,8,72500,2400,2か月,"['近居割', '近居割WIDE']",随時,https://www.ur-net.go.jp/chintai/kanto/chiba/30_2830_room.html?JKSS=205050801,<li>東葉高速線「飯山満」駅 徒歩6～14分</li><li>JR総武線「船橋」駅バス16分 徒歩3～8分</li><li>京成松戸線「北習志野」駅 徒歩35～40分</li>
chiba,kitanarashino,芝山,74900,,,,JR総武線「船橋」駅,19.0,24.0,船橋市芝山1-40ほか,2-5-5号棟,鉄筋コンクリート造、鉄骨鉄筋コンクリート造,8,N,801号室,3DK,57,8,72500,2400,2か月,"['近居割', '近居割WIDE']",随時,https://www.ur-net.go.jp/chintai/kanto/chiba/30_2830_room.html?JKSS=205050801,<li>東葉高速線「飯山満」駅 徒歩6～14分</li><li>JR総武線「船橋」駅バス16分 徒歩3～8分</li><li>京成松戸線「北習志野」駅 徒歩35～40分</li>
chiba,kitanarashino,芝山,74900,京成松戸線「北習志野」駅,35.0,40.0,,,,船橋市芝山1-40ほか,2-5-5号棟,鉄筋コンクリート造、鉄骨鉄筋コンクリート造,8,N,801号室,3DK,57,8,72500,2400,2か月,"['近居割', '近居割WIDE']",随時,https://www.ur-net.go.jp/chintai/kanto/chiba/30_2830_room.html?JKSS=205050801,<li>東葉高速線「飯山満」駅 徒歩6～14分</li><li>JR総武線「船橋」駅バス16分 徒歩3～8分</li><li>京成松戸線「北習志野」駅 徒歩35～40分</li>
chiba,kitanarashino,芝山,74900,,,,,,,船橋市芝山1-40ほか,2-5-5号棟,鉄筋コンクリート造、鉄骨鉄筋コンクリート造,8,N,801号室,3DK,57,8,72500,2400,2か月,"['近居割', '近居割WIDE']",随時,https://www.ur-net.go.jp/chintai/kanto/chiba/30_2830_room.html?JKSS=205050801,<li>東葉高速線「飯山満」駅 徒歩6～14分</li><li>JR総武線「船橋」駅バス16分 徒歩3～8分</li><li>京成松戸線「北習志野」駅 徒歩35～40分</li>
chiba,yurinokidaipc,米本,36600,,,,東葉高速鉄道「八千代中央」駅,19.0,26.0,八千代市米本1359,4-18号棟,鉄筋コンクリート造,4,N,405号室,2DK,39,5,33400,3200,2か月,['近居割WIDE'],随時,https://www.ur-net.go.jp/chintai/kanto/chiba/30_1950_room.html?JKSS=004018405,<li>東葉高速鉄道「八千代中央」駅バス17分 徒歩2～9分</li><li>東葉高速鉄道「東葉勝田台」駅バス20分 徒歩2～9分</li><li>北総鉄道「小室」駅 徒歩67～93分</li>
chiba,yurinokidaipc,米本,36600,,,,東葉高速鉄道「東葉勝田台」駅,22.0,29.0,八千代市米本1359,4-18号棟,鉄筋コンクリート造,4,N,405号室,2DK,39,5,33400,3200,2か月,['近居割WIDE'],随時,https://www.ur-net.go.jp/chintai/kanto/chiba/30_1950_room.html?JKSS=004018405,<li>東葉高速鉄道「八千代中央」駅バス17分 徒歩2～9分</li><li>東葉高速鉄道「東葉勝田台」駅バス20分 徒歩2～9分</li><li>北総鉄道「小室」駅 徒歩67～93分</li>
chiba,yurinokidaipc,米本,36600,北総鉄道「小室」駅,67.0,93.0,,,,八千代市米本1359,4-18号棟,鉄筋コンクリート造,4,N,405号室,2DK,39,5,33400,3200,2か月,['近居割WIDE'],随時,https://www.ur-net.go.jp/chintai/kanto/chiba/30_1950_room.html?JKSS=004018405,<li>東葉高速鉄道「八千代中央」駅バス17分 徒歩2～9分</li><li>東葉高速鉄道「東葉勝田台」駅バス20分 徒歩2～9分</li><li>北総鉄道「小室」駅 徒歩67～93分</li>
chiba,yurinokidaipc,米本,36600,,,,,,,八千代市米本1359,4-18号棟,鉄筋コンクリート造,4,N,405号室,2DK,39,5,33400,3200,2か月,['近居割WIDE'],随時,https://www.ur-net.go.jp/chintai/kanto/chiba/30_1950_room.html?JKSS=004018405,<li>東葉高速鉄道「八千代中央」駅バス17分 徒歩2～9分</li><li>東葉高速鉄道「東葉勝田台」駅バス20分 徒歩2～9分</li><li>北総鉄道「小室」駅 徒歩67～93分</li>
chiba,yurinokidaipc,米本,36600,,,,東葉高速鉄道「八千代中央」駅,19.0,26.0,八千代市米本1359,4-19号棟,鉄筋コンクリート造,4,N,405号室,2DK,39,5,33400,3200,2か月,['近居割WIDE'],随時,https://www.ur-net.go.jp/chintai/kanto/chiba/30_1950_room.html?JKSS=004019405,<li>東葉高速鉄道「八千代中央」駅バス17分 徒歩2～9分</li><li>東葉高速鉄道「東葉勝田台」駅バス20分 徒歩2～9分</li><li>北総鉄道「小室」駅 徒歩67～93分</li>
chiba,yurinokidaipc,米本,36600,,,,東葉高速鉄道「東葉勝田台」駅,22.0,29.0,八千代市米本1359,4-19号棟,鉄筋コンクリート造,4,N,405号室,2DK,39,5,33400,3200,2か月,['近居割WIDE'],随時,https://www.ur-net.go.jp/chintai/kanto/chiba/30_1950_room.html?JKSS=004019405,<li>東葉高速鉄道「八千代中央」駅バス17分 徒歩2～9分</li><li>東葉高速鉄道「東葉勝田台」駅バス20分 徒歩2～9分</li><li>北総鉄道「小室」駅 徒歩67～93分</li>
chiba,yurinokidaipc,米本,36600,北総鉄道「小室」駅,67.0,93.0,,,,八千代市米本1359,4-19号棟,鉄筋コンクリート造,4,N,405号室,2DK,39,5,33400,3200,2か月,['近居割WIDE'],随時,https://www.ur-net.go.jp/chintai/kanto/chiba/30_1950_room.html?JKSS=004019405,<li>東葉高速鉄道「八千代中央」駅バス17分 徒歩2～9分</li><li>東葉高速鉄道「東葉勝田台」駅バス20分 徒歩2～9分</li><li>北総鉄道「小室」駅 徒歩67～93分</li>
chiba,yurinokidaipc,米本,36600,,,,,,,八千代市米本1359,4-19号棟,鉄筋コンクリート造,4,N,405号室,2DK,39,5,33400,3200,2か月,['近居割WIDE'],随時,https://www.ur-net.go.jp/chintai/kanto/chiba/30_1950_room.html?JKSS=004019405,<li>東葉高速鉄道「八千代中央」駅バス17分 徒歩2～9分</li><li>東葉高速鉄道「東葉勝田台」駅バス20分 徒歩2～9分</li><li>北総鉄道「小室」駅 徒歩67～93分</li>
chiba,yurinokidaipc,米本,36900,,,,東葉高速鉄道「八千代中央」駅,19.0,26.0,八千代市米本1359,3-29号棟,鉄筋コンクリート造,5,N,514号室,2DK,41,5,33700,3200,2か月,['近居割WIDE'],随時,https://www.ur-net.go.jp/chintai/kanto/chiba/30_1950_room.html?JKSS=003029514,<li>東葉高速鉄道「八千代中央」駅バス17分 徒歩2～9分</li><li>東葉高速鉄道「東葉勝田台」駅バス20分 徒歩2～9分</li><li>北総鉄道「小室」駅 徒歩67～93分</li>
chiba,yurinokidaipc,米本,36900,,,,東葉高速鉄道「東葉勝田台」駅,22.0,29.0,八千代市米本1359,3-29号棟,鉄筋コンクリート造,5,N,514号室,2DK,41,5,33700,3200,2か月,['近居割WIDE'],随時,https://www.ur-net.go.jp/chintai/kanto/chiba/30_1950_room.html?JKSS=003029514,<li>東葉高速鉄道「八千代中央」駅バス17分 徒歩2～9分</li><li>東葉高速鉄道「東葉勝田台」駅バス20分 徒歩2～9分</li><li>北総鉄道「小室」駅 徒歩67～93分</li>
chiba,yurinokidaipc,米本,36900,北総鉄道「小室」駅,67.0,93.0,,,,八千代市米本1359,3-29号棟,鉄筋コンクリート造,5,N,514号室,2DK,41,5,33700,3200,2か月,['近居割WIDE'],随時,https://www.ur-net.go.jp/chintai/kanto/chiba/30_1950_room.html?JKSS=003029514,<li>東葉高速鉄道「八千代中央」駅バス17分 徒歩2～9分</li><li>東葉高速鉄道「東葉勝田台」駅バス20分 徒歩2～9分</li><li>北総鉄道「小室」駅 徒歩67～93分</li>
chiba,yurinokidaipc,米本,36900,,,,,,,八千代市米本1359,3-29号棟,鉄筋コンクリート造,5,N,514号室,2DK,41,5,33700,3200,2か月,['近居割WIDE'],随時,https://www.ur-net.go.jp/chintai/kanto/chiba/30_1950_room.html?JKSS=003029514,<li>東葉高速鉄道「八千代中央」駅バス17分 徒歩2～9分</li><li>東葉高速鉄道「東葉勝田台」駅バス20分 徒歩2～9分</li><li>北総鉄道「小室」駅 徒歩67～93分</li>
chiba,yurinokidaipc,米本,38800,,,,東葉高速鉄道「八千代中央」駅,19.0,26.0,八千代市米本1359,5-14号棟,鉄筋コンクリート造,5,N,502号室,3K,45,5,35600,3200,2か月,['近居割WIDE'],随時,https://www.ur-net.go.jp/chintai/kanto/chiba/30_1950_room.html?JKSS=005014502,<li>東葉高速鉄道「八千代中央」駅バス17分 徒歩2～9分</li><li>東葉高速鉄道「東葉勝田台」駅バス20分 徒歩2～9分</li><li>北総鉄道「小室」駅 徒歩67～93分</li>
chiba,yurinokidaipc,米本,38800,,,,東葉高速鉄道「東葉勝田台」駅,22.0,29.0,八千代市米本1359,5-14号棟,鉄筋コンクリート造,5,N,502号室,3K,45,5,35600,3200,2か月,['近居割WIDE'],随時,https://www.ur-net.go.jp/chintai/kanto/chiba/30_1950_room.html?JKSS=005014502,<li>東葉高速鉄道「八千代中央」駅バス17分 徒歩2～9分</li><li>東葉高速鉄道「東葉勝田台」駅バス20分 徒歩2～9分</li><li>北総鉄道「小室」駅 徒歩67～93分</li>
chiba,yurinokidaipc,米本,38800,北総鉄道「小室」駅,67.0,93.0,,,,八千代市米本1359,5-14号棟,鉄筋コンクリート造,5,N,502号室,3K,45,5,35600,3200,2か月,['近居割WIDE'],随時,https://www.ur-net.go.jp/chintai/kanto/chiba/30_1950_room.html?JKSS=005014502,<li>東葉高速鉄道「八千代中央」駅バス17分 徒歩2～9分</li><li>東葉高速鉄道「東葉勝田台」駅バス20分 徒歩2～9分</li><li>北総鉄道「小室」駅 徒歩67～93分</li>
chiba,yurinokidaipc,米本,38800,,,,,,,八千代市米本1359,5-14号棟,鉄筋コンクリート造,5,N,502号室,3K,45,5,35600,3200,2か月,['近居割WIDE'],随時,https://www.ur-net.go.jp/chintai/kanto/chiba/30_1950_room.html?JKSS=005014502,<li>東葉高速鉄道「八千代中央」駅バス17分 徒歩2～9分</li><li>東葉高速鉄道「東葉勝田台」駅バス20分 徒歩2～9分</li><li>北総鉄道「小室」駅 徒歩67～93分</li>
chiba,yurinokidaipc,米本,38800,,,,東葉高速鉄道「八千代中央」駅,19.0,26.0,八千代市米本1359,5-17号棟,鉄筋コンクリート造,5,N,505号室,3K,45,5,35600,3200,2か月,['近居割WIDE'],随時,https://www.ur-net.go.jp/chintai/kanto/chiba/30_1950_room.html?JKSS=005017505,<li>東葉高速鉄道「八千代中央」駅バス17分 徒歩2～9分</li><li>東葉高速鉄道「東葉勝田台」駅バス20分 徒歩2～9分</li><li>北総鉄道「小室」駅 徒歩67～93分</li>
chiba,yurinokidaipc,米本,38800,,,,東葉高速鉄道「東葉勝田台」駅,22.0,29.0,八千代市米本1359,5-17号棟,鉄筋コンクリート造,5,N,505号室,3K,45,5,35600,3200,2か月,['近居割WIDE'],随時,https://www.ur-net.go.jp/chintai/kanto/chiba/30_1950_room.html?JKSS=005017505,<li>東葉高速鉄道「八千代中央」駅バス17分 徒歩2～9分</li><li>東葉高速鉄道「東葉勝田台」駅バス20分 徒歩2～9分</li><li>北総鉄道「小室」駅 徒歩67～93分</li>
chiba,yurinokidaipc,米本,38800,北総鉄道「小室」駅,67.0,93.0,,,,八千代市米本1359,5-17号棟,鉄筋コンクリート造,5,N,505号室,3K,45,5,35600,3200,2か月,['近居割WIDE'],随時,https://www.ur-net.go.jp/chintai/kanto/chiba/30_1950_room.html?JKSS=005017505,<li>東葉高速鉄道「八千代中央」駅バス17分 徒歩2～9分</li><li>東葉高速鉄道「東葉勝田台」駅バス20分 徒歩2～9分</li><li>北総鉄道「小室」駅 徒歩67～93分</li>
chiba,yurinokidaipc,米本,38800,,,,,,,八千代市米本1359,5-17号棟,鉄筋コンクリート造,5,N,505号室,3K,45,5,35600,3200,2か月,['近居割WIDE'],随時,https://www.ur-net.go.jp/chintai/kanto/chiba/30_1950_room.html?JKSS=005017505,<li>東葉高速鉄道「八千代中央」駅バス17分 徒歩2～9分</li><li>東葉高速鉄道「東葉勝田台」駅バス20分 徒歩2～9分</li><li>北総鉄道「小室」駅 徒歩67～93分</li>
chiba,yurinokidaipc,クレール志津,118900,京成本線「志津」駅,13.0,16.0,,,,佐倉市西志津3-1,1号棟,鉄筋コンクリート造,4,N,401号室,4LDK,97,5,113900,5000,2か月,['近居割'],随時,https://www.ur-net.go.jp/chintai/kanto/chiba/30_4830_room.html?JKSS=000010401,<li>京成本線「志津」駅 徒歩13～16分</li><li>東葉高速鉄道「東葉勝田台」駅 徒歩14～18分</li><li>京成本線「勝田台」駅 徒歩14～18分</li>
chiba,yurinokidaipc,クレール志津,118900,東葉高速鉄道「東葉勝田台」駅,14.0,18.0,,,,佐倉市西志津3-1,1号棟,鉄筋コンクリート造,4,N,401号室,4LDK,97,5,113900,5000,2か月,['近居割'],随時,https://www.ur-net.go.jp/chintai/kanto/chiba/30_4830_room.html?JKSS=000010401,<li>京成本線「志津」駅 徒歩13～16分</li><li>東葉高速鉄道「東葉勝田台」駅 徒歩14～18分</li><li>京成本線「勝田台」駅 徒歩14～18分</li>
chiba,yurinokidaipc,クレール志津,118900,京成本線「勝田台」駅,14.0,18.0,,,,佐倉市西志津3-1,1号棟,鉄筋コンクリート造,4,N,401号室,4LDK,97,5,113900,5000,2か月,['近居割'],随時,https://www.ur-net.go.jp/chintai/kanto/chiba/30_4830_room.html?JKSS=000010401,<li>京成本線「志津」駅 徒歩13～16分</li><li>東葉高速鉄道「東葉勝田台」駅 徒歩14～18分</li><li>京成本線「勝田台」駅 徒歩14～18分</li>
chiba,yurinokidaipc,クレール志津,118900,,,,,,,佐倉市西志津3-1,1号棟,鉄筋コンクリート造,4,N,401号室,4LDK,97,5,113900,5000,2か月,['近居割'],随時,https://www.ur-net.go.jp/chintai/kanto/chiba/30_4830_room.html?JKSS=000010401,<li>京成本線「志津」駅 徒歩13～16分</li><li>東葉高速鉄道「東葉勝田台」駅 徒歩14～18分</li><li>京成本線「勝田台」駅 徒歩14～18分</li>
chiba,matsudo,常盤平,42000,京成松戸線「常盤平」駅,3.0,19.0,,,,松戸市常盤平2ほか,2-17号棟,鉄筋コンクリート造,1,N,106号室,2DK,38,4,39000,3000,2か月,['URライト（2年定借）'],随時,https://www.ur-net.go.jp/chintai/kanto/chiba/30_0600_room.html?JKSS=000217106,<li>京成松戸線「常盤平」駅 徒歩3～19分</li><li>京成松戸線「五香」駅 徒歩7～23分<br>ほか</li>
chiba,matsudo,常盤平,42000,,,,,,,松戸市常盤平2ほか,2-17号棟,鉄筋コンクリート造,1,N,106号室,2DK,38,4,39000,3000,2か月,['URライト（2年定借）'],随時,https://www.ur-net.go.jp/chintai/kanto/chiba/30_0600_room.html?JKSS=000217106,<li>京成松戸線「常盤平」駅 徒歩3～19分</li><li>京成松戸線「五香」駅 徒歩7～23分<br>ほか</li>
chiba,matsudo,梨香台,60300,北総線「秋山」駅,14.0,19.0,北総線「秋山」駅,4.0,6.0,松戸市高塚新田512-10ほか,1号棟,鉄筋コンクリート造、鉄骨鉄筋コンクリート造,5,N,506号室,2DK,43,8,53600,6700,2か月,['近居割'],随時,https://www.ur-net.go.jp/chintai/kanto/chiba/30_2590_room.html?JKSS=000010506,<li>北総線「秋山」駅 徒歩14～19分 又はバス3分 徒歩1～3分</li><li>JR武蔵野線「市川大野」駅 徒歩30～34分</li><li>JR常磐線「松戸」駅バス23分 徒歩1～3分</li>
chiba,matsudo,梨香台,60300,JR武蔵野線「市川大野」駅,30.0,34.0,,,,松戸市高塚新田512-10ほか,1号棟,鉄筋コンクリート造、鉄骨鉄筋コンクリート造,5,N,506号室,2DK,43,8,53600,6700,2か月,['近居割'],随時,https://www.ur-net.go.jp/chintai/kanto/chiba/30_2590_room.html?JKSS=000010506,<li>北総線「秋山」駅 徒歩14～19分 又はバス3分 徒歩1～3分</li><li>JR武蔵野線「市川大野」駅 徒歩30～34分</li><li>JR常磐線「松戸」駅バス23分 徒歩1～3分</li>
chiba,matsudo,梨香台,60300,,,,JR常磐線「松戸」駅,24.0,26.0,松戸市高塚新田512-10ほか,1号棟,鉄筋コンクリート造、鉄骨鉄筋コンクリート造,5,N,506号室,2DK,43,8,53600,6700,2か月,['近居割'],随時,https://www.ur-net.go.jp/chintai/kanto/chiba/30_2590_room.html?JKSS=000010506,<li>北総線「秋山」駅 徒歩14～19分 又はバス3分 徒歩1～3分</li><li>JR武蔵野線「市川大野」駅 徒歩30～34分</li><li>JR常磐線「松戸」駅バス23分 徒歩1～3分</li>
chiba,matsudo,梨香台,60300,,,,,,,松戸市高塚新田512-10ほか,1号棟,鉄筋コンクリート造、鉄骨鉄筋コンクリート造,5,N,506号室,2DK,43,8,53600,6700,2か月,['近居割'],随時,https://www.ur-net.go.jp/chintai/kanto/chiba/30_2590_room.html?JKSS=000010506,<li>北総線「秋山」駅 徒歩14～19分 又はバス3分 徒歩1～3分</li><li>JR武蔵野線「市川大野」駅 徒歩30～34分</li><li>JR常磐線「松戸」駅バス23分 徒歩1～3分</li>
chiba,matsudo,プロムナード北松戸,101600,JR常磐線「北松戸」駅,7.0,12.0,,,,松戸市新作134-5ほか,2号棟,鉄筋コンクリート造,1,N,103号室,3DK,63,14,97300,4300,2か月,"['近居割', '近居割WIDE']",随時,https://www.ur-net.go.jp/chintai/kanto/chiba/30_5270_room.html?JKSS=000020103,<li>JR常磐線「北松戸」駅 徒歩7～12分</li><li>京成松戸線「上本郷」駅 徒歩28～32分</li><li>JR常磐線「馬橋」駅 徒歩10～14分</li>
chiba,matsudo,プロムナード北松戸,101600,京成松戸線「上本郷」駅,28.0,32.0,,,,松戸市新作134-5ほか,2号棟,鉄筋コンクリート造,1,N,103号室,3DK,63,14,97300,4300,2か月,"['近居割', '近居割WIDE']",随時,https://www.ur-net.go.jp/chintai/kanto/chiba/30_5270_room.html?JKSS=000020103,<li>JR常磐線「北松戸」駅 徒歩7～12分</li><li>京成松戸線「上本郷」駅 徒歩28～32分</li><li>JR常磐線「馬橋」駅 徒歩10～14分</li>
chiba,matsudo,プロムナード北松戸,101600,JR常磐線「馬橋」駅,10.0,14.0,,,,松戸市新作134-5ほか,2号棟,鉄筋コンクリート造,1,N,103号室,3DK,63,14,97300,4300,2か月,"['近居割', '近居割WIDE']",随時,https://www.ur-net.go.jp/chintai/kanto/chiba/30_5270_room.html?JKSS=000020103,<li>JR常磐線「北松戸」駅 徒歩7～12分</li><li>京成松戸線「上本郷」駅 徒歩28～32分</li><li>JR常磐線「馬橋」駅 徒歩10～14分</li>
chiba,matsudo,プロムナード北松戸,101600,,,,,,,松戸市新作134-5ほか,2号棟,鉄筋コンクリート造,1,N,103号室,3DK,63,14,97300,4300,2か月,"['近居割', '近居割WIDE']",随時,https://www.ur-net.go.jp/chintai/kanto/chiba/30_5270_room.html?JKSS=000020103,<li>JR常磐線「北松戸」駅 徒歩7～12分</li><li>京成松戸線「上本郷」駅 徒歩28～32分</li><li>JR常磐線「馬橋」駅 徒歩10～14分</li>
chiba,matsudo,プロムナード北松戸,107700,JR常磐線「北松戸」駅,7.0,12.0,,,,松戸市新作134-5ほか,2号棟,鉄筋コンクリート造,4,N,405号室,3DK,63,14,103400,4300,2か月,"['近居割', '近居割WIDE']",随時,https://www.ur-net.go.jp/chintai/kanto/chiba/30_5270_room.html?JKSS=000020405,<li>JR常磐線「北松戸」駅 徒歩7～12分</li><li>京成松戸線「上本郷」駅 徒歩28～32分</li><li>JR常磐線「馬橋」駅 徒歩10～14分</li>
chiba,matsudo,プロムナード北松戸,107700,京成松戸線「上本郷」駅,28.0,32.0,,,,松戸市新作134-5ほか,2号棟,鉄筋コンクリート造,4,N,405号室,3DK,63,14,103400,4300,2か月,"['近居割', '近居割WIDE']",随時,https://www.ur-net.go.jp/chintai/kanto/chiba/30_5270_room.html?JKSS=000020405,<li>JR常磐線「北松戸」駅 徒歩7～12分</li><li>京成松戸線「上本郷」駅 徒歩28～32分</li><li>JR常磐線「馬橋」駅 徒歩10～14分</li>
chiba,matsudo,プロムナード北松戸,107700,JR常磐線「馬橋」駅,10.0,14.0,,,,松戸市新作134-5ほか,2号棟,鉄筋コンクリート造,4,N,405号室,3DK,63,14,103400,4300,2か月,"['近居割', '近居割WIDE']",随時,https://www.ur-net.go.jp/chintai/kanto/chiba/30_5270_room.html?JKSS=000020405,<li>JR常磐線「北松戸」駅 徒歩7～12分</li><li>京成松戸線「上本郷」駅 徒歩28～32分</li><li>JR常磐線「馬橋」駅 徒歩10～14分</li>
chiba,matsudo,プロムナード北松戸,107700,,,,,,,松戸市新作134-5ほか,2号棟,鉄筋コンクリート造,4,N,405号室,3DK,63,14,103400,4300,2か月,"['近居割', '近居割WIDE']",随時,https://www.ur-net.go.jp/chintai/kanto/chiba/30_5270_room.html?JKSS=000020405,<li>JR常磐線「北松戸」駅 徒歩7～12分</li><li>京成松戸線「上本郷」駅 徒歩28～32分</li><li>JR常磐線「馬橋」駅 徒歩10～14分</li>
chiba,matsudo,プロムナード北松戸,111500,JR常磐線「北松戸」駅,7.0,12.0,,,,松戸市新作134-5ほか,1号棟,鉄筋コンクリート造,14,N,1411号室,3DK,63,14,107200,4300,2か月,"['近居割', '近居割WIDE']",随時,https://www.ur-net.go.jp/chintai/kanto/chiba/30_5270_room.html?JKSS=000011411,<li>JR常磐線「北松戸」駅 徒歩7～12分</li><li>京成松戸線「上本郷」駅 徒歩28～32分</li><li>JR常磐線「馬橋」駅 徒歩10～14分</li>
chiba,matsudo,プロムナード北松戸,111500,京成松戸線「上本郷」駅,28.0,32.0,,,,松戸市新作134-5ほか,1号棟,鉄筋コンクリート造,14,N,1411号室,3DK,63,14,107200,4300,2か月,"['近居割', '近居割WIDE']",随時,https://www.ur-net.go.jp/chintai/kanto/chiba/30_5270_room.html?JKSS=000011411,<li>JR常磐線「北松戸」駅 徒歩7～12分</li><li>京成松戸線「上本郷」駅 徒歩28～32分</li><li>JR常磐線「馬橋」駅 徒歩10～14分</li>
chiba,matsudo,プロムナード北松戸,111500,JR常磐線「馬橋」駅,10.0,14.0,,,,松戸市新作134-5ほか,1号棟,鉄筋コンクリート造,14,N,1411号室,3DK,63,14,107200,4300,2か月,"['近居割', '近居割WIDE']",随時,https://www.ur-net.go.jp/chintai/kanto/chiba/30_5270_room.html?JKSS=000011411,<li>JR常磐線「北松戸」駅 徒歩7～12分</li><li>京成松戸線「上本郷」駅 徒歩28～32分</li><li>JR常磐線「馬橋」駅 徒歩10～14分</li>
chiba,matsudo,プロムナード北松戸,111500,,,,,,,松戸市新作134-5ほか,1号棟,鉄筋コンクリート造,14,N,1411号室,3DK,63,14,107200,4300,2か月,"['近居割', '近居割WIDE']",随時,https://www.ur-net.go.jp/chintai/kanto/chiba/30_5270_room.html?JKSS=000011411,<li>JR常磐線「北松戸」駅 徒歩7～12分</li><li>京成松戸線「上本郷」駅 徒歩28～32分</li><li>JR常磐線「馬橋」駅 徒歩10～14分</li>
chiba,matsudo,プロムナード北松戸,113800,JR常磐線「北松戸」駅,7.0,12.0,,,,松戸市新作134-5ほか,1号棟,鉄筋コンクリート造,14,N,1402号室,2LDK,63,14,109500,4300,2か月,"['近居割', '近居割WIDE']",随時,https://www.ur-net.go.jp/chintai/kanto/chiba/30_5270_room.html?JKSS=000011402,<li>JR常磐線「北松戸」駅 徒歩7～12分</li><li>京成松戸線「上本郷」駅 徒歩28～32分</li><li>JR常磐線「馬橋」駅 徒歩10～14分</li>
chiba,matsudo,プロムナード北松戸,113800,京成松戸線「上本郷」駅,28.0,32.0,,,,松戸市新作134-5ほか,1号棟,鉄筋コンクリート造,14,N,1402号室,2LDK,63,14,109500,4300,2か月,"['近居割', '近居割WIDE']",随時,https://www.ur-net.go.jp/chintai/kanto/chiba/30_5270_room.html?JKSS=000011402,<li>JR常磐線「北松戸」駅 徒歩7～12分</li><li>京成松戸線「上本郷」駅 徒歩28～32分</li><li>JR常磐線「馬橋」駅 徒歩10～14分</li>
chiba,matsudo,プロムナード北松戸,113800,JR常磐線「馬橋」駅,10.0,14.0,,,,松戸市新作134-5ほか,1号棟,鉄筋コンクリート造,14,N,1402号室,2LDK,63,14,109500,4300,2か月,"['近居割', '近居割WIDE']",随時,https://www.ur-net.go.jp/chintai/kanto/chiba/30_5270_room.html?JKSS=000011402,<li>JR常磐線「北松戸」駅 徒歩7～12分</li><li>京成松戸線「上本郷」駅 徒歩28～32分</li><li>JR常磐線「馬橋」駅 徒歩10～14分</li>
chiba,matsudo,プロムナード北松戸,113800,,,,,,,松戸市新作134-5ほか,1号棟,鉄筋コンクリート造,14,N,1402号室,2LDK,63,14,109500,4300,2か月,"['近居割', '近居割WIDE']",随時,https://www.ur-net.go.jp/chintai/kanto/chiba/30_5270_room.html?JKSS=000011402,<li>JR常磐線「北松戸」駅 徒歩7～12分</li><li>京成松戸線「上本郷」駅 徒歩28～32分</li><li>JR常磐線「馬橋」駅 徒歩10～14分</li>
chiba,matsudo,プロムナード北松戸,121900,JR常磐線「北松戸」駅,7.0,12.0,,,,松戸市新作134-5ほか,4号棟,鉄筋コンクリート造,2,N,206号室,2LDK,64,14,117600,4300,2か月,"['近居割', '近居割WIDE']",随時,https://www.ur-net.go.jp/chintai/kanto/chiba/30_5270_room.html?JKSS=000040206,<li>JR常磐線「北松戸」駅 徒歩7～12分</li><li>京成松戸線「上本郷」駅 徒歩28～32分</li><li>JR常磐線「馬橋」駅 徒歩10～14分</li>
chiba,matsudo,プロムナード北松戸,121900,京成松戸線「上本郷」駅,28.0,32.0,,,,松戸市新作134-5ほか,4号棟,鉄筋コンクリート造,2,N,206号室,2LDK,64,14,117600,4300,2か月,"['近居割', '近居割WIDE']",随時,https://www.ur-net.go.jp/chintai/kanto/chiba/30_5270_room.html?JKSS=000040206,<li>JR常磐線「北松戸」駅 徒歩7～12分</li><li>京成松戸線「上本郷」駅 徒歩28～32分</li><li>JR常磐線「馬橋」駅 徒歩10～14分</li>
chiba,matsudo,プロムナード北松戸,121900,JR常磐線「馬橋」駅,10.0,14.0,,,,松戸市新作134-5ほか,4号棟,鉄筋コンクリート造,2,N,206号室,2LDK,64,14,117600,4300,2か月,"['近居割', '近居割WIDE']",随時,https://www.ur-net.go.jp/chintai/kanto/chiba/30_5270_room.html?JKSS=000040206,<li>JR常磐線「北松戸」駅 徒歩7～12分</li><li>京成松戸線「上本郷」駅 徒歩28～32分</li><li>JR常磐線「馬橋」駅 徒歩10～14分</li>
chiba,matsudo,プロムナード北松戸,121900,,,,,,,松戸市新作134-5ほか,4号棟,鉄筋コンクリート造,2,N,206号室,2LDK,64,14,117600,4300,2か月,"['近居割', '近居割WIDE']",随時,https://www.ur-net.go.jp/chintai/kanto/chiba/30_5270_room.html?JKSS=000040206,<li>JR常磐線「北松戸」駅 徒歩7～12分</li><li>京成松戸線「上本郷」駅 徒歩28～32分</li><li>JR常磐線「馬橋」駅 徒歩10～14分</li>
chiba,matsudo,アクティ北松戸,128920,JR常磐線「北松戸」駅,6.0,7.0,,,,松戸市上本郷364-3,1号棟,鉄筋コンクリート造,6,N,601号室,3LDK,75,14,126100,2820,2か月,"['近居割', '近居割WIDE']",随時,https://www.ur-net.go.jp/chintai/kanto/chiba/30_4980_room.html?JKSS=000010601,<li>JR常磐線「北松戸」駅 徒歩6～7分</li><li>JR常磐線「松戸」駅 徒歩25分</li><li>JR常磐線「馬橋」駅 徒歩27～28分</li>
chiba,matsudo,アクティ北松戸,128920,JR常磐線「松戸」駅,25.0,25.0,,,,松戸市上本郷364-3,1号棟,鉄筋コンクリート造,6,N,601号室,3LDK,75,14,126100,2820,2か月,"['近居割', '近居割WIDE']",随時,https://www.ur-net.go.jp/chintai/kanto/chiba/30_4980_room.html?JKSS=000010601,<li>JR常磐線「北松戸」駅 徒歩6～7分</li><li>JR常磐線「松戸」駅 徒歩25分</li><li>JR常磐線「馬橋」駅 徒歩27～28分</li>
chiba,matsudo,アクティ北松戸,128920,JR常磐線「馬橋」駅,27.0,28.0,,,,松戸市上本郷364-3,1号棟,鉄筋コンクリート造,6,N,601号室,3LDK,75,14,126100,2820,2か月,"['近居割', '近居割WIDE']",随時,https://www.ur-net.go.jp/chintai/kanto/chiba/30_4980_room.html?JKSS=000010601,<li>JR常磐線「北松戸」駅 徒歩6～7分</li><li>JR常磐線「松戸」駅 徒歩25分</li><li>JR常磐線「馬橋」駅 徒歩27～28分</li>
chiba,matsudo,アクティ北松戸,128920,,,,,,,松戸市上本郷364-3,1号棟,鉄筋コンクリート造,6,N,601号室,3LDK,75,14,126100,2820,2か月,"['近居割', '近居割WIDE']",随時,https://www.ur-net.go.jp/chintai/kanto/chiba/30_4980_room.html?JKSS=000010601,<li>JR常磐線「北松戸」駅 徒歩6～7分</li><li>JR常磐線「松戸」駅 徒歩25分</li><li>JR常磐線「馬橋」駅 徒歩27～28分</li>
chiba,kashiwa,パークサイド鎌ヶ谷,110800,東武野田線「鎌ケ谷」駅,12.0,15.0,,,,鎌ケ谷市東中沢2-21ほか,19号棟,鉄筋コンクリート造,5,N,501号室,4LDK,86,5,107700,3100,2か月,['近居割'],随時,https://www.ur-net.go.jp/chintai/kanto/chiba/30_5580_room.html?JKSS=000190501,<li>東武野田線「鎌ケ谷」駅 徒歩12～15分</li><li>京成松戸線「北初富」駅 徒歩13～17分</li><li>京成松戸線「初富」駅 徒歩14～19分</li>
chiba,kashiwa,パークサイド鎌ヶ谷,110800,京成松戸線「北初富」駅,13.0,17.0,,,,鎌ケ谷市東中沢2-21ほか,19号棟,鉄筋コンクリート造,5,N,501号室,4LDK,86,5,107700,3100,2か月,['近居割'],随時,https://www.ur-net.go.jp/chintai/kanto/chiba/30_5580_room.html?JKSS=000190501,<li>東武野田線「鎌ケ谷」駅 徒歩12～15分</li><li>京成松戸線「北初富」駅 徒歩13～17分</li><li>京成松戸線「初富」駅 徒歩14～19分</li>
chiba,kashiwa,パークサイド鎌ヶ谷,110800,京成松戸線「初富」駅,14.0,19.0,,,,鎌ケ谷市東中沢2-21ほか,19号棟,鉄筋コンクリート造,5,N,501号室,4LDK,86,5,107700,3100,2か月,['近居割'],随時,https://www.ur-net.go.jp/chintai/kanto/chiba/30_5580_room.html?JKSS=000190501,<li>東武野田線「鎌ケ谷」駅 徒歩12～15分</li><li>京成松戸線「北初富」駅 徒歩13～17分</li><li>京成松戸線「初富」駅 徒歩14～19分</li>
chiba,kashiwa,パークサイド鎌ヶ谷,110800,,,,,,,鎌ケ谷市東中沢2-21ほか,19号棟,鉄筋コンクリート造,5,N,501号室,4LDK,86,5,107700,3100,2か月,['近居割'],随時,https://www.ur-net.go.jp/chintai/kanto/chiba/30_5580_room.html?JKSS=000190501,<li>東武野田線「鎌ケ谷」駅 徒歩12～15分</li><li>京成松戸線「北初富」駅 徒歩13～17分</li><li>京成松戸線「初富」駅 徒歩14～19分</li>
chiba,kashiwa,パークサイド鎌ヶ谷,120400,東武野田線「鎌ケ谷」駅,12.0,15.0,,,,鎌ケ谷市東中沢2-21ほか,15号棟,鉄筋コンクリート造,2,N,201号室,4LDK,86,5,117300,3100,2か月,['近居割'],随時,https://www.ur-net.go.jp/chintai/kanto/chiba/30_5580_room.html?JKSS=000150201,<li>東武野田線「鎌ケ谷」駅 徒歩12～15分</li><li>京成松戸線「北初富」駅 徒歩13～17分</li><li>京成松戸線「初富」駅 徒歩14～19分</li>
chiba,kashiwa,パークサイド鎌ヶ谷,120400,京成松戸線「北初富」駅,13.0,17.0,,,,鎌ケ谷市東中沢2-21ほか,15号棟,鉄筋コンクリート造,2,N,201号室,4LDK,86,5,117300,3100,2か月,['近居割'],随時,https://www.ur-net.go.jp/chintai/kanto/chiba/30_5580_room.html?JKSS=000150201,<li>東武野田線「鎌ケ谷」駅 徒歩12～15分</li><li>京成松戸線「北初富」駅 徒歩13～17分</li><li>京成松戸線「初富」駅 徒歩14～19分</li>
chiba,kashiwa,パークサイド鎌ヶ谷,120400,京成松戸線「初富」駅,14.0,19.0,,,,鎌ケ谷市東中沢2-21ほか,15号棟,鉄筋コンクリート造,2,N,201号室,4LDK,86,5,117300,3100,2か月,['近居割'],随時,https://www.ur-net.go.jp/chintai/kanto/chiba/30_5580_room.html?JKSS=000150201,<li>東武野田線「鎌ケ谷」駅 徒歩12～15分</li><li>京成松戸線「北初富」駅 徒歩13～17分</li><li>京成松戸線「初富」駅 徒歩14～19分</li>
chiba,kashiwa,パークサイド鎌ヶ谷,120400,,,,,,,鎌ケ谷市東中沢2-21ほか,15号棟,鉄筋コンクリート造,2,N,201号室,4LDK,86,5,117300,3100,2か月,['近居割'],随時,https://www.ur-net.go.jp/chintai/kanto/chiba/30_5580_room.html?JKSS=000150201,<li>東武野田線「鎌ケ谷」駅 徒歩12～15分</li><li>京成松戸線「北初富」駅 徒歩13～17分</li><li>京成松戸線「初富」駅 徒歩14～19分</li>
chiba,chibant,千葉ニュータウン原山第二,82700,北総鉄道「千葉ニュータウン中央」駅,22.0,22.0,,,,印西市原山1-3ほか,2-2-4号棟,鉄筋コンクリート造,3,N,305号室,3LDK,74,5,76700,6000,2か月,"['近居割', '近居割WIDE']",随時,https://www.ur-net.go.jp/chintai/kanto/chiba/30_4370_room.html?JKSS=202040305,<li>北総鉄道「千葉ニュータウン中央」駅 徒歩22分</li><li>北総鉄道「印西牧の原」駅 徒歩53分</li><li>JR成田線「木下」駅 徒歩72分</li>
chiba,chibant,千葉ニュータウン原山第二,82700,北総鉄道「印西牧の原」駅,53.0,53.0,,,,印西市原山1-3ほか,2-2-4号棟,鉄筋コンクリート造,3,N,305号室,3LDK,74,5,76700,6000,2か月,"['近居割', '近居割WIDE']",随時,https://www.ur-net.go.jp/chintai/kanto/chiba/30_4370_room.html?JKSS=202040305,<li>北総鉄道「千葉ニュータウン中央」駅 徒歩22分</li><li>北総鉄道「印西牧の原」駅 徒歩53分</li><li>JR成田線「木下」駅 徒歩72分</li>
chiba,chibant,千葉ニュータウン原山第二,82700,JR成田線「木下」駅,72.0,72.0,,,,印西市原山1-3ほか,2-2-4号棟,鉄筋コンクリート造,3,N,305号室,3LDK,74,5,76700,6000,2か月,"['近居割', '近居割WIDE']",随時,https://www.ur-net.go.jp/chintai/kanto/chiba/30_4370_room.html?JKSS=202040305,<li>北総鉄道「千葉ニュータウン中央」駅 徒歩22分</li><li>北総鉄道「印西牧の原」駅 徒歩53分</li><li>JR成田線「木下」駅 徒歩72分</li>
chiba,chibant,千葉ニュータウン原山第二,82700,,,,,,,印西市原山1-3ほか,2-2-4号棟,鉄筋コンクリート造,3,N,305号室,3LDK,74,5,76700,6000,2か月,"['近居割', '近居割WIDE']",随時,https://www.ur-net.go.jp/chintai/kanto/chiba/30_4370_room.html?JKSS=202040305,<li>北総鉄道「千葉ニュータウン中央」駅 徒歩22分</li><li>北総鉄道「印西牧の原」駅 徒歩53分</li><li>JR成田線「木下」駅 徒歩72分</li>
chiba,chibant,千葉ニュータウン内野,88300,,,,北総鉄道「千葉ニュータウン中央」駅,5.0,9.0,印西市内野2-5ほか,2-6-7号棟,鉄筋コンクリート造,5,N,502号室,4LDK,107,5,81800,6500,2か月,"['近居割', '近居割WIDE']",随時,https://www.ur-net.go.jp/chintai/kanto/chiba/30_3580_room.html?JKSS=206070502,<li>北総鉄道「千葉ニュータウン中央」駅バス3分 徒歩2～6分</li><li>北総鉄道「印西牧の原」駅 徒歩55～60分</li><li>北総鉄道「小室」駅 徒歩94～98分</li>
chiba,chibant,千葉ニュータウン内野,88300,北総鉄道「印西牧の原」駅,55.0,60.0,,,,印西市内野2-5ほか,2-6-7号棟,鉄筋コンクリート造,5,N,502号室,4LDK,107,5,81800,6500,2か月,"['近居割', '近居割WIDE']",随時,https://www.ur-net.go.jp/chintai/kanto/chiba/30_3580_room.html?JKSS=206070502,<li>北総鉄道「千葉ニュータウン中央」駅バス3分 徒歩2～6分</li><li>北総鉄道「印西牧の原」駅 徒歩55～60分</li><li>北総鉄道「小室」駅 徒歩94～98分</li>
chiba,chibant,千葉ニュータウン内野,88300,北総鉄道「小室」駅,94.0,98.0,,,,印西市内野2-5ほか,2-6-7号棟,鉄筋コンクリート造,5,N,502号室,4LDK,107,5,81800,6500,2か月,"['近居割', '近居割WIDE']",随時,https://www.ur-net.go.jp/chintai/kanto/chiba/30_3580_room.html?JKSS=206070502,<li>北総鉄道「千葉ニュータウン中央」駅バス3分 徒歩2～6分</li><li>北総鉄道「印西牧の原」駅 徒歩55～60分</li><li>北総鉄道「小室」駅 徒歩94～98分</li>
chiba,chibant,千葉ニュータウン内野,88300,,,,,,,印西市内野2-5ほか,2-6-7号棟,鉄筋コンクリート造,5,N,502号室,4LDK,107,5,81800,6500,2か月,"['近居割', '近居割WIDE']",随時,https://www.ur-net.go.jp/chintai/kanto/chiba/30_3580_room.html?JKSS=206070502,<li>北総鉄道「千葉ニュータウン中央」駅バス3分 徒歩2～6分</li><li>北総鉄道「印西牧の原」駅 徒歩55～60分</li><li>北総鉄道「小室」駅 徒歩94～98分</li>
chiba,chibant,千葉ニュータウンプラザ西白井２番街,103220,北総鉄道「西白井」駅,4.0,8.0,,,,白井市けやき台2-2,5号棟,鉄筋コンクリート造,5,N,502号室,3LDK,77,5,100900,2320,2か月,"['近居割', '近居割WIDE']",随時,https://www.ur-net.go.jp/chintai/kanto/chiba/30_5260_room.html?JKSS=000050502,<li>北総鉄道「西白井」駅 徒歩4～8分</li><li>北総鉄道「白井」駅 徒歩30～34分</li><li>東武野田線「新鎌ヶ谷」駅 徒歩44～47分</li>
chiba,chibant,千葉ニュータウンプラザ西白井２番街,103220,北総鉄道「白井」駅,30.0,34.0,,,,白井市けやき台2-2,5号棟,鉄筋コンクリート造,5,N,502号室,3LDK,77,5,100900,2320,2か月,"['近居割', '近居割WIDE']",随時,https://www.ur-net.go.jp/chintai/kanto/chiba/30_5260_room.html?JKSS=000050502,<li>北総鉄道「西白井」駅 徒歩4～8分</li><li>北総鉄道「白井」駅 徒歩30～34分</li><li>東武野田線「新鎌ヶ谷」駅 徒歩44～47分</li>
chiba,chibant,千葉ニュータウンプラザ西白井２番街,103220,東武野田線「新鎌ヶ谷」駅,44.0,47.0,,,,白井市けやき台2-2,5号棟,鉄筋コンクリート造,5,N,502号室,3LDK,77,5,100900,2320,2か月,"['近居割', '近居割WIDE']",随時,https://www.ur-net.go.jp/chintai/kanto/chiba/30_5260_room.html?JKSS=000050502,<li>北総鉄道「西白井」駅 徒歩4～8分</li><li>北総鉄道「白井」駅 徒歩30～34分</li><li>東武野田線「新鎌ヶ谷」駅 徒歩44～47分</li>
chiba,chibant,千葉ニュータウンプラザ西白井２番街,103220,,,,,,,白井市けやき台2-2,5号棟,鉄筋コンクリート造,5,N,502号室,3LDK,77,5,100900,2320,2か月,"['近居割', '近居割WIDE']",随時,https://www.ur-net.go.jp/chintai/kanto/chiba/30_5260_room.html?JKSS=000050502,<li>北総鉄道「西白井」駅 徒歩4～8分</li><li>北総鉄道「白井」駅 徒歩30～34分</li><li>東武野田線「新鎌ヶ谷」駅 徒歩44～47分</li>
chiba,naritant,成田ニュータウン橋賀台,60000,,,,JR成田線「成田」駅,9.0,15.0,成田市橋賀台1-1ほか,1-1-2号棟,鉄筋コンクリート造、鉄骨鉄筋コンクリート造,4,N,406号室,3K,50,5,56000,4000,2か月,['近居割'],随時,https://www.ur-net.go.jp/chintai/kanto/chiba/30_3030_room.html?JKSS=101020406,<li>JR成田線「成田」駅バス7分 徒歩2～8分</li><li>京成本線「公津の杜」駅 徒歩23～32分</li><li>京成本線「京成成田」駅バス10分 徒歩3～11分</li>
chiba,naritant,成田ニュータウン橋賀台,60000,京成本線「公津の杜」駅,23.0,32.0,,,,成田市橋賀台1-1ほか,1-1-2号棟,鉄筋コンクリート造、鉄骨鉄筋コンクリート造,4,N,406号室,3K,50,5,56000,4000,2か月,['近居割'],随時,https://www.ur-net.go.jp/chintai/kanto/chiba/30_3030_room.html?JKSS=101020406,<li>JR成田線「成田」駅バス7分 徒歩2～8分</li><li>京成本線「公津の杜」駅 徒歩23～32分</li><li>京成本線「京成成田」駅バス10分 徒歩3～11分</li>
chiba,naritant,成田ニュータウン橋賀台,60000,,,,京成本線「京成成田」駅,13.0,21.0,成田市橋賀台1-1ほか,1-1-2号棟,鉄筋コンクリート造、鉄骨鉄筋コンクリート造,4,N,406号室,3K,50,5,56000,4000,2か月,['近居割'],随時,https://www.ur-net.go.jp/chintai/kanto/chiba/30_3030_room.html?JKSS=101020406,<li>JR成田線「成田」駅バス7分 徒歩2～8分</li><li>京成本線「公津の杜」駅 徒歩23～32分</li><li>京成本線「京成成田」駅バス10分 徒歩3～11分</li>
chiba,naritant,成田ニュータウン橋賀台,60000,,,,,,,成田市橋賀台1-1ほか,1-1-2号棟,鉄筋コンクリート造、鉄骨鉄筋コンクリート造,4,N,406号室,3K,50,5,56000,4000,2か月,['近居割'],随時,https://www.ur-net.go.jp/chintai/kanto/chiba/30_3030_room.html?JKSS=101020406,<li>JR成田線「成田」駅バス7分 徒歩2～8分</li><li>京成本線「公津の杜」駅 徒歩23～32分</li><li>京成本線「京成成田」駅バス10分 徒歩3～11分</li>
saitama,sengendai,せんげん台パークタウン三番街,87190,東武伊勢崎線「せんげん台」駅,10.0,13.0,,,,越谷市千間台西3-3,3-13号棟,鉄筋コンクリート造,5,N,503号室,3LDK,74,5,84700,2490,2か月,['近居割'],随時,https://www.ur-net.go.jp/chintai/kanto/saitama/50_2180_room.html?JKSS=003130503,<li>東武伊勢崎線「せんげん台」駅 徒歩10～13分</li><li>東武伊勢崎線「大袋」駅 徒歩25～27分</li><li>東武伊勢崎線「武里」駅 徒歩25～27分</li>
saitama,sengendai,せんげん台パークタウン三番街,87190,東武伊勢崎線「大袋」駅,25.0,27.0,,,,越谷市千間台西3-3,3-13号棟,鉄筋コンクリート造,5,N,503号室,3LDK,74,5,84700,2490,2か月,['近居割'],随時,https://www.ur-net.go.jp/chintai/kanto/saitama/50_2180_room.html?JKSS=003130503,<li>東武伊勢崎線「せんげん台」駅 徒歩10～13分</li><li>東武伊勢崎線「大袋」駅 徒歩25～27分</li><li>東武伊勢崎線「武里」駅 徒歩25～27分</li>
saitama,sengendai,せんげん台パークタウン三番街,87190,東武伊勢崎線「武里」駅,25.0,27.0,,,,越谷市千間台西3-3,3-13号棟,鉄筋コンクリート造,5,N,503号室,3LDK,74,5,84700,2490,2か月,['近居割'],随時,https://www.ur-net.go.jp/chintai/kanto/saitama/50_2180_room.html?JKSS=003130503,<li>東武伊勢崎線「せんげん台」駅 徒歩10～13分</li><li>東武伊勢崎線「大袋」駅 徒歩25～27分</li><li>東武伊勢崎線「武里」駅 徒歩25～27分</li>
saitama,sengendai,せんげん台パークタウン三番街,87190,,,,,,,越谷市千間台西3-3,3-13号棟,鉄筋コンクリート造,5,N,503号室,3LDK,74,5,84700,2490,2か月,['近居割'],随時,https://www.ur-net.go.jp/chintai/kanto/saitama/50_2180_room.html?JKSS=003130503,<li>東武伊勢崎線「せんげん台」駅 徒歩10～13分</li><li>東武伊勢崎線「大袋」駅 徒歩25～27分</li><li>東武伊勢崎線「武里」駅 徒歩25～27分</li>
saitama,sengendai,せんげん台パークタウン四番街,98510,東武伊勢崎線「せんげん台」駅,9.0,11.0,,,,越谷市千間台西3-4,4-4号棟,鉄筋コンクリート造,5,N,505号室,3LDK,80,5,95700,2810,2か月,['近居割'],随時,https://www.ur-net.go.jp/chintai/kanto/saitama/50_2070_room.html?JKSS=004040505,<li>東武伊勢崎線「せんげん台」駅 徒歩9～11分</li><li>東武伊勢崎線「大袋」駅 徒歩24～27分</li><li>東武伊勢崎線「武里」駅 徒歩25～27分</li>
saitama,sengendai,せんげん台パークタウン四番街,98510,東武伊勢崎線「大袋」駅,24.0,27.0,,,,越谷市千間台西3-4,4-4号棟,鉄筋コンクリート造,5,N,505号室,3LDK,80,5,95700,2810,2か月,['近居割'],随時,https://www.ur-net.go.jp/chintai/kanto/saitama/50_2070_room.html?JKSS=004040505,<li>東武伊勢崎線「せんげん台」駅 徒歩9～11分</li><li>東武伊勢崎線「大袋」駅 徒歩24～27分</li><li>東武伊勢崎線「武里」駅 徒歩25～27分</li>
saitama,sengendai,せんげん台パークタウン四番街,98510,東武伊勢崎線「武里」駅,25.0,27.0,,,,越谷市千間台西3-4,4-4号棟,鉄筋コンクリート造,5,N,505号室,3LDK,80,5,95700,2810,2か月,['近居割'],随時,https://www.ur-net.go.jp/chintai/kanto/saitama/50_2070_room.html?JKSS=004040505,<li>東武伊勢崎線「せんげん台」駅 徒歩9～11分</li><li>東武伊勢崎線「大袋」駅 徒歩24～27分</li><li>東武伊勢崎線「武里」駅 徒歩25～27分</li>
saitama,sengendai,せんげん台パークタウン四番街,98510,,,,,,,越谷市千間台西3-4,4-4号棟,鉄筋コンクリート造,5,N,505号室,3LDK,80,5,95700,2810,2か月,['近居割'],随時,https://www.ur-net.go.jp/chintai/kanto/saitama/50_2070_room.html?JKSS=004040505,<li>東武伊勢崎線「せんげん台」駅 徒歩9～11分</li><li>東武伊勢崎線「大袋」駅 徒歩24～27分</li><li>東武伊勢崎線「武里」駅 徒歩25～27分</li>
saitama,sengendai,せんげん台パークタウン四番街,111210,東武伊勢崎線「せんげん台」駅,9.0,11.0,,,,越谷市千間台西3-4,4-6号棟,鉄筋コンクリート造,3,N,303号室,3LDK,88,5,108400,2810,2か月,['近居割'],随時,https://www.ur-net.go.jp/chintai/kanto/saitama/50_2070_room.html?JKSS=004060303,<li>東武伊勢崎線「せんげん台」駅 徒歩9～11分</li><li>東武伊勢崎線「大袋」駅 徒歩24～27分</li><li>東武伊勢崎線「武里」駅 徒歩25～27分</li>
saitama,sengendai,せんげん台パークタウン四番街,111210,東武伊勢崎線「大袋」駅,24.0,27.0,,,,越谷市千間台西3-4,4-6号棟,鉄筋コンクリート造,3,N,303号室,3LDK,88,5,108400,2810,2か月,['近居割'],随時,https://www.ur-net.go.jp/chintai/kanto/saitama/50_2070_room.html?JKSS=004060303,<li>東武伊勢崎線「せんげん台」駅 徒歩9～11分</li><li>東武伊勢崎線「大袋」駅 徒歩24～27分</li><li>東武伊勢崎線「武里」駅 徒歩25～27分</li>
saitama,sengendai,せんげん台パークタウン四番街,111210,東武伊勢崎線「武里」駅,25.0,27.0,,,,越谷市千間台西3-4,4-6号棟,鉄筋コンクリート造,3,N,303号室,3LDK,88,5,108400,2810,2か月,['近居割'],随時,https://www.ur-net.go.jp/chintai/kanto/saitama/50_2070_room.html?JKSS=004060303,<li>東武伊勢崎線「せんげん台」駅 徒歩9～11分</li><li>東武伊勢崎線「大袋」駅 徒歩24～27分</li><li>東武伊勢崎線「武里」駅 徒歩25～27分</li>
saitama,sengendai,せんげん台パークタウン四番街,111210,,,,,,,越谷市千間台西3-4,4-6号棟,鉄筋コンクリート造,3,N,303号室,3LDK,88,5,108400,2810,2か月,['近居割'],随時,https://www.ur-net.go.jp/chintai/kanto/saitama/50_2070_room.html?JKSS=004060303,<li>東武伊勢崎線「せんげん台」駅 徒歩9～11分</li><li>東武伊勢崎線「大袋」駅 徒歩24～27分</li><li>東武伊勢崎線「武里」駅 徒歩25～27分</li>
saitama,sengendai,せんげん台パークタウン四番街,113510,東武伊勢崎線「せんげん台」駅,9.0,11.0,,,,越谷市千間台西3-4,4-3号棟,鉄筋コンクリート造,5,N,507号室,4LDK,106,5,110700,2810,2か月,['近居割'],随時,https://www.ur-net.go.jp/chintai/kanto/saitama/50_2070_room.html?JKSS=004030507,<li>東武伊勢崎線「せんげん台」駅 徒歩9～11分</li><li>東武伊勢崎線「大袋」駅 徒歩24～27分</li><li>東武伊勢崎線「武里」駅 徒歩25～27分</li>
saitama,sengendai,せんげん台パークタウン四番街,113510,東武伊勢崎線「大袋」駅,24.0,27.0,,,,越谷市千間台西3-4,4-3号棟,鉄筋コンクリート造,5,N,507号室,4LDK,106,5,110700,2810,2か月,['近居割'],随時,https://www.ur-net.go.jp/chintai/kanto/saitama/50_2070_room.html?JKSS=004030507,<li>東武伊勢崎線「せんげん台」駅 徒歩9～11分</li><li>東武伊勢崎線「大袋」駅 徒歩24～27分</li><li>東武伊勢崎線「武里」駅 徒歩25～27分</li>
saitama,sengendai,せんげん台パークタウン四番街,113510,東武伊勢崎線「武里」駅,25.0,27.0,,,,越谷市千間台西3-4,4-3号棟,鉄筋コンクリート造,5,N,507号室,4LDK,106,5,110700,2810,2か月,['近居割'],随時,https://www.ur-net.go.jp/chintai/kanto/saitama/50_2070_room.html?JKSS=004030507,<li>東武伊勢崎線「せんげん台」駅 徒歩9～11分</li><li>東武伊勢崎線「大袋」駅 徒歩24～27分</li><li>東武伊勢崎線「武里」駅 徒歩25～27分</li>
saitama,sengendai,せんげん台パークタウン四番街,113510,,,,,,,越谷市千間台西3-4,4-3号棟,鉄筋コンクリート造,5,N,507号室,4LDK,106,5,110700,2810,2か月,['近居割'],随時,https://www.ur-net.go.jp/chintai/kanto/saitama/50_2070_room.html?JKSS=004030507,<li>東武伊勢崎線「せんげん台」駅 徒歩9～11分</li><li>東武伊勢崎線「大袋」駅 徒歩24～27分</li><li>東武伊勢崎線「武里」駅 徒歩25～27分</li>
saitama,misato,みさと,76100,JR武蔵野線「新三郷」駅,6.0,25.0,JR武蔵野線「新三郷」駅,2.0,11.0,三郷市彦成3ほか,11-18号棟,鉄筋コンクリート造、鉄骨鉄筋コンクリート造,2,N,203号室,2DK,49,5,73100,3000,2か月,"['近居割', '近居割WIDE']",随時,https://www.ur-net.go.jp/chintai/kanto/saitama/50_1561_room.html?JKSS=011180203,<li>JR武蔵野線「新三郷」駅 徒歩6～25分</li><li>JR武蔵野線「吉川美南」駅 徒歩12～29分</li><li>JR武蔵野線「新三郷」駅バス1～6分 徒歩1～5分</li>
saitama,misato,みさと,76100,JR武蔵野線「吉川美南」駅,12.0,29.0,,,,三郷市彦成3ほか,11-18号棟,鉄筋コンクリート造、鉄骨鉄筋コンクリート造,2,N,203号室,2DK,49,5,73100,3000,2か月,"['近居割', '近居割WIDE']",随時,https://www.ur-net.go.jp/chintai/kanto/saitama/50_1561_room.html?JKSS=011180203,<li>JR武蔵野線「新三郷」駅 徒歩6～25分</li><li>JR武蔵野線「吉川美南」駅 徒歩12～29分</li><li>JR武蔵野線「新三郷」駅バス1～6分 徒歩1～5分</li>
saitama,misato,みさと,76100,,,,,,,三郷市彦成3ほか,11-18号棟,鉄筋コンクリート造、鉄骨鉄筋コンクリート造,2,N,203号室,2DK,49,5,73100,3000,2か月,"['近居割', '近居割WIDE']",随時,https://www.ur-net.go.jp/chintai/kanto/saitama/50_1561_room.html?JKSS=011180203,<li>JR武蔵野線「新三郷」駅 徒歩6～25分</li><li>JR武蔵野線「吉川美南」駅 徒歩12～29分</li><li>JR武蔵野線「新三郷」駅バス1～6分 徒歩1～5分</li>
saitama,misato,三郷早稲田パークハイツ,84000,JR武蔵野線「三郷」駅,17.0,20.0,JR武蔵野線「三郷」駅,4.0,12.0,三郷市早稲田7,7-6-1号棟,鉄筋コンクリート造,5,N,508号室,3LDK,77,5,80700,3300,2か月,"['近居割', '近居割WIDE']",随時,https://www.ur-net.go.jp/chintai/kanto/saitama/50_2230_room.html?JKSS=706010508,<li>JR武蔵野線「三郷」駅 徒歩17～20分</li><li>JR武蔵野線「三郷」駅バス3～8分 徒歩1～4分</li><li>JR武蔵野線「新三郷」駅 徒歩25～29分</li>
saitama,misato,三郷早稲田パークハイツ,84000,JR武蔵野線「新三郷」駅,25.0,29.0,,,,三郷市早稲田7,7-6-1号棟,鉄筋コンクリート造,5,N,508号室,3LDK,77,5,80700,3300,2か月,"['近居割', '近居割WIDE']",随時,https://www.ur-net.go.jp/chintai/kanto/saitama/50_2230_room.html?JKSS=706010508,<li>JR武蔵野線「三郷」駅 徒歩17～20分</li><li>JR武蔵野線「三郷」駅バス3～8分 徒歩1～4分</li><li>JR武蔵野線「新三郷」駅 徒歩25～29分</li>
saitama,misato,三郷早稲田パークハイツ,84000,,,,,,,三郷市早稲田7,7-6-1号棟,鉄筋コンクリート造,5,N,508号室,3LDK,77,5,80700,3300,2か月,"['近居割', '近居割WIDE']",随時,https://www.ur-net.go.jp/chintai/kanto/saitama/50_2230_room.html?JKSS=706010508,<li>JR武蔵野線「三郷」駅 徒歩17～20分</li><li>JR武蔵野線「三郷」駅バス3～8分 徒歩1～4分</li><li>JR武蔵野線「新三郷」駅 徒歩25～29分</li>
saitama,misato,三郷早稲田パークハイツ,108300,JR武蔵野線「三郷」駅,17.0,20.0,JR武蔵野線「三郷」駅,4.0,12.0,三郷市早稲田7,7-5-1号棟,鉄筋コンクリート造,3,N,301号室,4LDK,93,5,105000,3300,2か月,"['近居割', '近居割WIDE']",随時,https://www.ur-net.go.jp/chintai/kanto/saitama/50_2230_room.html?JKSS=705010301,<li>JR武蔵野線「三郷」駅 徒歩17～20分</li><li>JR武蔵野線「三郷」駅バス3～8分 徒歩1～4分</li><li>JR武蔵野線「新三郷」駅 徒歩25～29分</li>
saitama,misato,三郷早稲田パークハイツ,108300,JR武蔵野線「新三郷」駅,25.0,29.0,,,,三郷市早稲田7,7-5-1号棟,鉄筋コンクリート造,3,N,301号室,4LDK,93,5,105000,3300,2か月,"['近居割', '近居割WIDE']",随時,https://www.ur-net.go.jp/chintai/kanto/saitama/50_2230_room.html?JKSS=705010301,<li>JR武蔵野線「三郷」駅 徒歩17～20分</li><li>JR武蔵野線「三郷」駅バス3～8分 徒歩1～4分</li><li>JR武蔵野線「新三郷」駅 徒歩25～29分</li>
saitama,misato,三郷早稲田パークハイツ,108300,,,,,,,三郷市早稲田7,7-5-1号棟,鉄筋コンクリート造,3,N,301号室,4LDK,93,5,105000,3300,2か月,"['近居割', '近居割WIDE']",随時,https://www.ur-net.go.jp/chintai/kanto/saitama/50_2230_room.html?JKSS=705010301,<li>JR武蔵野線「三郷」駅 徒歩17～20分</li><li>JR武蔵野線「三郷」駅バス3～8分 徒歩1～4分</li><li>JR武蔵野線「新三郷」駅 徒歩25～29分</li>
saitama,shinkoshigaya,コンフォール松原,96500,東武伊勢崎線「獨協大学前」駅,2.0,9.0,,,,草加市松原1-4ほか,16号棟,鉄筋コンクリート造,3,N,303号室,1DK,45,11,93000,3500,2か月,"['近居割', '近居割WIDE']",随時,https://www.ur-net.go.jp/chintai/kanto/saitama/50_4090_room.html?JKSS=000160303,<li>東武伊勢崎線「獨協大学前」駅 徒歩2～9分</li><li>東武伊勢崎線「新田」駅 徒歩15～23分</li><li>東武伊勢崎線「草加」駅 徒歩21～27分</li>
saitama,shinkoshigaya,コンフォール松原,96500,東武伊勢崎線「新田」駅,15.0,23.0,,,,草加市松原1-4ほか,16号棟,鉄筋コンクリート造,3,N,303号室,1DK,45,11,93000,3500,2か月,"['近居割', '近居割WIDE']",随時,https://www.ur-net.go.jp/chintai/kanto/saitama/50_4090_room.html?JKSS=000160303,<li>東武伊勢崎線「獨協大学前」駅 徒歩2～9分</li><li>東武伊勢崎線「新田」駅 徒歩15～23分</li><li>東武伊勢崎線「草加」駅 徒歩21～27分</li>
saitama,shinkoshigaya,コンフォール松原,96500,東武伊勢崎線「草加」駅,21.0,27.0,,,,草加市松原1-4ほか,16号棟,鉄筋コンクリート造,3,N,303号室,1DK,45,11,93000,3500,2か月,"['近居割', '近居割WIDE']",随時,https://www.ur-net.go.jp/chintai/kanto/saitama/50_4090_room.html?JKSS=000160303,<li>東武伊勢崎線「獨協大学前」駅 徒歩2～9分</li><li>東武伊勢崎線「新田」駅 徒歩15～23分</li><li>東武伊勢崎線「草加」駅 徒歩21～27分</li>
saitama,shinkoshigaya,コンフォール松原,96500,,,,,,,草加市松原1-4ほか,16号棟,鉄筋コンクリート造,3,N,303号室,1DK,45,11,93000,3500,2か月,"['近居割', '近居割WIDE']",随時,https://www.ur-net.go.jp/chintai/kanto/saitama/50_4090_room.html?JKSS=000160303,<li>東武伊勢崎線「獨協大学前」駅 徒歩2～9分</li><li>東武伊勢崎線「新田」駅 徒歩15～23分</li><li>東武伊勢崎線「草加」駅 徒歩21～27分</li>
saitama,sengendai,わし宮,44100,東武伊勢崎線「鷲宮」駅,14.0,20.0,,,,久喜市上内478,2-10号棟,鉄筋コンクリート造,5,N,506号室,2LDK,48,5,40200,3900,2か月,['近居割WIDE'],随時,https://www.ur-net.go.jp/chintai/kanto/saitama/50_1430_room.html?JKSS=000210506,<li>東武伊勢崎線「鷲宮」駅 徒歩14～20分</li><li>JR東北本線「東鷲宮」駅 徒歩22～33分</li><li>JR東北本線「久喜」駅 徒歩41～47分</li>
saitama,sengendai,わし宮,44100,JR東北本線「東鷲宮」駅,22.0,33.0,,,,久喜市上内478,2-10号棟,鉄筋コンクリート造,5,N,506号室,2LDK,48,5,40200,3900,2か月,['近居割WIDE'],随時,https://www.ur-net.go.jp/chintai/kanto/saitama/50_1430_room.html?JKSS=000210506,<li>東武伊勢崎線「鷲宮」駅 徒歩14～20分</li><li>JR東北本線「東鷲宮」駅 徒歩22～33分</li><li>JR東北本線「久喜」駅 徒歩41～47分</li>
saitama,sengendai,わし宮,44100,JR東北本線「久喜」駅,41.0,47.0,,,,久喜市上内478,2-10号棟,鉄筋コンクリート造,5,N,506号室,2LDK,48,5,40200,3900,2か月,['近居割WIDE'],随時,https://www.ur-net.go.jp/chintai/kanto/saitama/50_1430_room.html?JKSS=000210506,<li>東武伊勢崎線「鷲宮」駅 徒歩14～20分</li><li>JR東北本線「東鷲宮」駅 徒歩22～33分</li><li>JR東北本線「久喜」駅 徒歩41～47分</li>
saitama,sengendai,わし宮,44100,,,,,,,久喜市上内478,2-10号棟,鉄筋コンクリート造,5,N,506号室,2LDK,48,5,40200,3900,2か月,['近居割WIDE'],随時,https://www.ur-net.go.jp/chintai/kanto/saitama/50_1430_room.html?JKSS=000210506,<li>東武伊勢崎線「鷲宮」駅 徒歩14～20分</li><li>JR東北本線「東鷲宮」駅 徒歩22～33分</li><li>JR東北本線「久喜」駅 徒歩41～47分</li>
saitama,sengendai,わし宮,46800,東武伊勢崎線「鷲宮」駅,14.0,20.0,,,,久喜市上内478,2-33号棟,鉄筋コンクリート造,5,N,506号室,3DK,52,5,42900,3900,2か月,['近居割WIDE'],随時,https://www.ur-net.go.jp/chintai/kanto/saitama/50_1430_room.html?JKSS=000233506,<li>東武伊勢崎線「鷲宮」駅 徒歩14～20分</li><li>JR東北本線「東鷲宮」駅 徒歩22～33分</li><li>JR東北本線「久喜」駅 徒歩41～47分</li>
saitama,sengendai,わし宮,46800,JR東北本線「東鷲宮」駅,22.0,33.0,,,,久喜市上内478,2-33号棟,鉄筋コンクリート造,5,N,506号室,3DK,52,5,42900,3900,2か月,['近居割WIDE'],随時,https://www.ur-net.go.jp/chintai/kanto/saitama/50_1430_room.html?JKSS=000233506,<li>東武伊勢崎線「鷲宮」駅 徒歩14～20分</li><li>JR東北本線「東鷲宮」駅 徒歩22～33分</li><li>JR東北本線「久喜」駅 徒歩41～47分</li>
saitama,sengendai,わし宮,46800,JR東北本線「久喜」駅,41.0,47.0,,,,久喜市上内478,2-33号棟,鉄筋コンクリート造,5,N,506号室,3DK,52,5,42900,3900,2か月,['近居割WIDE'],随時,https://www.ur-net.go.jp/chintai/kanto/saitama/50_1430_room.html?JKSS=000233506,<li>東武伊勢崎線「鷲宮」駅 徒歩14～20分</li><li>JR東北本線「東鷲宮」駅 徒歩22～33分</li><li>JR東北本線「久喜」駅 徒歩41～47分</li>
saitama,sengendai,わし宮,46800,,,,,,,久喜市上内478,2-33号棟,鉄筋コンクリート造,5,N,506号室,3DK,52,5,42900,3900,2か月,['近居割WIDE'],随時,https://www.ur-net.go.jp/chintai/kanto/saitama/50_1430_room.html?JKSS=000233506,<li>東武伊勢崎線「鷲宮」駅 徒歩14～20分</li><li>JR東北本線「東鷲宮」駅 徒歩22～33分</li><li>JR東北本線「久喜」駅 徒歩41～47分</li>
saitama,sengendai,わし宮,47000,東武伊勢崎線「鷲宮」駅,14.0,20.0,,,,久喜市上内478,2-28号棟,鉄筋コンクリート造,5,N,508号室,3DK,52,5,43100,3900,2か月,['フリレ１か月'],随時,https://www.ur-net.go.jp/chintai/kanto/saitama/50_1430_room.html?JKSS=000228508,<li>東武伊勢崎線「鷲宮」駅 徒歩14～20分</li><li>JR東北本線「東鷲宮」駅 徒歩22～33分</li><li>JR東北本線「久喜」駅 徒歩41～47分</li>
saitama,sengendai,わし宮,47000,JR東北本線「東鷲宮」駅,22.0,33.0,,,,久喜市上内478,2-28号棟,鉄筋コンクリート造,5,N,508号室,3DK,52,5,43100,3900,2か月,['フリレ１か月'],随時,https://www.ur-net.go.jp/chintai/kanto/saitama/50_1430_room.html?JKSS=000228508,<li>東武伊勢崎線「鷲宮」駅 徒歩14～20分</li><li>JR東北本線「東鷲宮」駅 徒歩22～33分</li><li>JR東北本線「久喜」駅 徒歩41～47分</li>
saitama,sengendai,わし宮,47000,JR東北本線「久喜」駅,41.0,47.0,,,,久喜市上内478,2-28号棟,鉄筋コンクリート造,5,N,508号室,3DK,52,5,43100,3900,2か月,['フリレ１か月'],随時,https://www.ur-net.go.jp/chintai/kanto/saitama/50_1430_room.html?JKSS=000228508,<li>東武伊勢崎線「鷲宮」駅 徒歩14～20分</li><li>JR東北本線「東鷲宮」駅 徒歩22～33分</li><li>JR東北本線「久喜」駅 徒歩41～47分</li>
saitama,sengendai,わし宮,47000,,,,,,,久喜市上内478,2-28号棟,鉄筋コンクリート造,5,N,508号室,3DK,52,5,43100,3900,2か月,['フリレ１か月'],随時,https://www.ur-net.go.jp/chintai/kanto/saitama/50_1430_room.html?JKSS=000228508,<li>東武伊勢崎線「鷲宮」駅 徒歩14～20分</li><li>JR東北本線「東鷲宮」駅 徒歩22～33分</li><li>JR東北本線「久喜」駅 徒歩41～47分</li>
saitama,sengendai,わし宮,48500,東武伊勢崎線「鷲宮」駅,14.0,20.0,,,,久喜市上内478,2-28号棟,鉄筋コンクリート造,4,N,406号室,3DK,52,5,44600,3900,2か月,['近居割WIDE'],随時,https://www.ur-net.go.jp/chintai/kanto/saitama/50_1430_room.html?JKSS=000228406,<li>東武伊勢崎線「鷲宮」駅 徒歩14～20分</li><li>JR東北本線「東鷲宮」駅 徒歩22～33分</li><li>JR東北本線「久喜」駅 徒歩41～47分</li>
saitama,sengendai,わし宮,48500,JR東北本線「東鷲宮」駅,22.0,33.0,,,,久喜市上内478,2-28号棟,鉄筋コンクリート造,4,N,406号室,3DK,52,5,44600,3900,2か月,['近居割WIDE'],随時,https://www.ur-net.go.jp/chintai/kanto/saitama/50_1430_room.html?JKSS=000228406,<li>東武伊勢崎線「鷲宮」駅 徒歩14～20分</li><li>JR東北本線「東鷲宮」駅 徒歩22～33分</li><li>JR東北本線「久喜」駅 徒歩41～47分</li>
saitama,sengendai,わし宮,48500,JR東北本線「久喜」駅,41.0,47.0,,,,久喜市上内478,2-28号棟,鉄筋コンクリート造,4,N,406号室,3DK,52,5,44600,3900,2か月,['近居割WIDE'],随時,https://www.ur-net.go.jp/chintai/kanto/saitama/50_1430_room.html?JKSS=000228406,<li>東武伊勢崎線「鷲宮」駅 徒歩14～20分</li><li>JR東北本線「東鷲宮」駅 徒歩22～33分</li><li>JR東北本線「久喜」駅 徒歩41～47分</li>
saitama,sengendai,わし宮,48500,,,,,,,久喜市上内478,2-28号棟,鉄筋コンクリート造,4,N,406号室,3DK,52,5,44600,3900,2か月,['近居割WIDE'],随時,https://www.ur-net.go.jp/chintai/kanto/saitama/50_1430_room.html?JKSS=000228406,<li>東武伊勢崎線「鷲宮」駅 徒歩14～20分</li><li>JR東北本線「東鷲宮」駅 徒歩22～33分</li><li>JR東北本線「久喜」駅 徒歩41～47分</li>
saitama,sengendai,わし宮,48600,東武伊勢崎線「鷲宮」駅,14.0,20.0,,,,久喜市上内478,2-4号棟,鉄筋コンクリート造,5,N,506号室,3K,54,5,44700,3900,2か月,['近居割WIDE'],随時,https://www.ur-net.go.jp/chintai/kanto/saitama/50_1430_room.html?JKSS=000204506,<li>東武伊勢崎線「鷲宮」駅 徒歩14～20分</li><li>JR東北本線「東鷲宮」駅 徒歩22～33分</li><li>JR東北本線「久喜」駅 徒歩41～47分</li>
saitama,sengendai,わし宮,48600,JR東北本線「東鷲宮」駅,22.0,33.0,,,,久喜市上内478,2-4号棟,鉄筋コンクリート造,5,N,506号室,3K,54,5,44700,3900,2か月,['近居割WIDE'],随時,https://www.ur-net.go.jp/chintai/kanto/saitama/50_1430_room.html?JKSS=000204506,<li>東武伊勢崎線「鷲宮」駅 徒歩14～20分</li><li>JR東北本線「東鷲宮」駅 徒歩22～33分</li><li>JR東北本線「久喜」駅 徒歩41～47分</li>
saitama,sengendai,わし宮,48600,JR東北本線「久喜」駅,41.0,47.0,,,,久喜市上内478,2-4号棟,鉄筋コンクリート造,5,N,506号室,3K,54,5,44700,3900,2か月,['近居割WIDE'],随時,https://www.ur-net.go.jp/chintai/kanto/saitama/50_1430_room.html?JKSS=000204506,<li>東武伊勢崎線「鷲宮」駅 徒歩14～20分</li><li>JR東北本線「東鷲宮」駅 徒歩22～33分</li><li>JR東北本線「久喜」駅 徒歩41～47分</li>
saitama,sengendai,わし宮,48600,,,,,,,久喜市上内478,2-4号棟,鉄筋コンクリート造,5,N,506号室,3K,54,5,44700,3900,2か月,['近居割WIDE'],随時,https://www.ur-net.go.jp/chintai/kanto/saitama/50_1430_room.html?JKSS=000204506,<li>東武伊勢崎線「鷲宮」駅 徒歩14～20分</li><li>JR東北本線「東鷲宮」駅 徒歩22～33分</li><li>JR東北本線「久喜」駅 徒歩41～47分</li>
saitama,sengendai,久喜青葉,43500,,,,湘南新宿ライン「久喜」駅,8.0,17.0,久喜市青葉1,1-27号棟,鉄筋コンクリート造,1,N,104号室,2DK,43,5,40400,3100,2か月,['近居割'],随時,https://www.ur-net.go.jp/chintai/kanto/saitama/50_1640_room.html?JKSS=001270104,<li>湘南新宿ライン「久喜」駅バス7～10分 徒歩1～7分</li><li>東武伊勢崎線「久喜」駅バス7～10分 徒歩1～7分</li><li>東武日光線「幸手」駅 徒歩25～35分</li>
saitama,sengendai,久喜青葉,43500,,,,東武伊勢崎線「久喜」駅,8.0,17.0,久喜市青葉1,1-27号棟,鉄筋コンクリート造,1,N,104号室,2DK,43,5,40400,3100,2か月,['近居割'],随時,https://www.ur-net.go.jp/chintai/kanto/saitama/50_1640_room.html?JKSS=001270104,<li>湘南新宿ライン「久喜」駅バス7～10分 徒歩1～7分</li><li>東武伊勢崎線「久喜」駅バス7～10分 徒歩1～7分</li><li>東武日光線「幸手」駅 徒歩25～35分</li>
saitama,sengendai,久喜青葉,43500,東武日光線「幸手」駅,25.0,35.0,,,,久喜市青葉1,1-27号棟,鉄筋コンクリート造,1,N,104号室,2DK,43,5,40400,3100,2か月,['近居割'],随時,https://www.ur-net.go.jp/chintai/kanto/saitama/50_1640_room.html?JKSS=001270104,<li>湘南新宿ライン「久喜」駅バス7～10分 徒歩1～7分</li><li>東武伊勢崎線「久喜」駅バス7～10分 徒歩1～7分</li><li>東武日光線「幸手」駅 徒歩25～35分</li>
saitama,sengendai,久喜青葉,43500,,,,,,,久喜市青葉1,1-27号棟,鉄筋コンクリート造,1,N,104号室,2DK,43,5,40400,3100,2か月,['近居割'],随時,https://www.ur-net.go.jp/chintai/kanto/saitama/50_1640_room.html?JKSS=001270104,<li>湘南新宿ライン「久喜」駅バス7～10分 徒歩1～7分</li><li>東武伊勢崎線「久喜」駅バス7～10分 徒歩1～7分</li><li>東武日光線「幸手」駅 徒歩25～35分</li>
saitama,sengendai,久喜青葉,45600,,,,湘南新宿ライン「久喜」駅,8.0,17.0,久喜市青葉1,2-4号棟,鉄筋コンクリート造,4,N,403号室,3K,47,5,42500,3100,2か月,['近居割'],随時,https://www.ur-net.go.jp/chintai/kanto/saitama/50_1640_room.html?JKSS=002040403,<li>湘南新宿ライン「久喜」駅バス7～10分 徒歩1～7分</li><li>東武伊勢崎線「久喜」駅バス7～10分 徒歩1～7分</li><li>東武日光線「幸手」駅 徒歩25～35分</li>
saitama,sengendai,久喜青葉,45600,,,,東武伊勢崎線「久喜」駅,8.0,17.0,久喜市青葉1,2-4号棟,鉄筋コンクリート造,4,N,403号室,3K,47,5,42500,3100,2か月,['近居割'],随時,https://www.ur-net.go.jp/chintai/kanto/saitama/50_1640_room.html?JKSS=002040403,<li>湘南新宿ライン「久喜」駅バス7～10分 徒歩1～7分</li><li>東武伊勢崎線「久喜」駅バス7～10分 徒歩1～7分</li><li>東武日光線「幸手」駅 徒歩25～35分</li>
saitama,sengendai,久喜青葉,45600,東武日光線「幸手」駅,25.0,35.0,,,,久喜市青葉1,2-4号棟,鉄筋コンクリート造,4,N,403号室,3K,47,5,42500,3100,2か月,['近居割'],随時,https://www.ur-net.go.jp/chintai/kanto/saitama/50_1640_room.html?JKSS=002040403,<li>湘南新宿ライン「久喜」駅バス7～10分 徒歩1～7分</li><li>東武伊勢崎線「久喜」駅バス7～10分 徒歩1～7分</li><li>東武日光線「幸手」駅 徒歩25～35分</li>
saitama,sengendai,久喜青葉,45600,,,,,,,久喜市青葉1,2-4号棟,鉄筋コンクリート造,4,N,403号室,3K,47,5,42500,3100,2か月,['近居割'],随時,https://www.ur-net.go.jp/chintai/kanto/saitama/50_1640_room.html?JKSS=002040403,<li>湘南新宿ライン「久喜」駅バス7～10分 徒歩1～7分</li><li>東武伊勢崎線「久喜」駅バス7～10分 徒歩1～7分</li><li>東武日光線「幸手」駅 徒歩25～35分</li>
saitama,sengendai,久喜青葉,46600,,,,湘南新宿ライン「久喜」駅,8.0,17.0,久喜市青葉1,2-1号棟,鉄筋コンクリート造,5,N,503号室,2LDK,50,5,43500,3100,2か月,['近居割'],随時,https://www.ur-net.go.jp/chintai/kanto/saitama/50_1640_room.html?JKSS=002010503,<li>湘南新宿ライン「久喜」駅バス7～10分 徒歩1～7分</li><li>東武伊勢崎線「久喜」駅バス7～10分 徒歩1～7分</li><li>東武日光線「幸手」駅 徒歩25～35分</li>
saitama,sengendai,久喜青葉,46600,,,,東武伊勢崎線「久喜」駅,8.0,17.0,久喜市青葉1,2-1号棟,鉄筋コンクリート造,5,N,503号室,2LDK,50,5,43500,3100,2か月,['近居割'],随時,https://www.ur-net.go.jp/chintai/kanto/saitama/50_1640_room.html?JKSS=002010503,<li>湘南新宿ライン「久喜」駅バス7～10分 徒歩1～7分</li><li>東武伊勢崎線「久喜」駅バス7～10分 徒歩1～7分</li><li>東武日光線「幸手」駅 徒歩25～35分</li>
saitama,sengendai,久喜青葉,46600,東武日光線「幸手」駅,25.0,35.0,,,,久喜市青葉1,2-1号棟,鉄筋コンクリート造,5,N,503号室,2LDK,50,5,43500,3100,2か月,['近居割'],随時,https://www.ur-net.go.jp/chintai/kanto/saitama/50_1640_room.html?JKSS=002010503,<li>湘南新宿ライン「久喜」駅バス7～10分 徒歩1～7分</li><li>東武伊勢崎線「久喜」駅バス7～10分 徒歩1～7分</li><li>東武日光線「幸手」駅 徒歩25～35分</li>
saitama,sengendai,久喜青葉,46600,,,,,,,久喜市青葉1,2-1号棟,鉄筋コンクリート造,5,N,503号室,2LDK,50,5,43500,3100,2か月,['近居割'],随時,https://www.ur-net.go.jp/chintai/kanto/saitama/50_1640_room.html?JKSS=002010503,<li>湘南新宿ライン「久喜」駅バス7～10分 徒歩1～7分</li><li>東武伊勢崎線「久喜」駅バス7～10分 徒歩1～7分</li><li>東武日光線「幸手」駅 徒歩25～35分</li>
saitama,sengendai,久喜青葉,46800,,,,湘南新宿ライン「久喜」駅,8.0,17.0,久喜市青葉1,2-13号棟,鉄筋コンクリート造,5,N,503号室,2LDK,50,5,43700,3100,2か月,['近居割'],随時,https://www.ur-net.go.jp/chintai/kanto/saitama/50_1640_room.html?JKSS=002130503,<li>湘南新宿ライン「久喜」駅バス7～10分 徒歩1～7分</li><li>東武伊勢崎線「久喜」駅バス7～10分 徒歩1～7分</li><li>東武日光線「幸手」駅 徒歩25～35分</li>
saitama,sengendai,久喜青葉,46800,,,,東武伊勢崎線「久喜」駅,8.0,17.0,久喜市青葉1,2-13号棟,鉄筋コンクリート造,5,N,503号室,2LDK,50,5,43700,3100,2か月,['近居割'],随時,https://www.ur-net.go.jp/chintai/kanto/saitama/50_1640_room.html?JKSS=002130503,<li>湘南新宿ライン「久喜」駅バス7～10分 徒歩1～7分</li><li>東武伊勢崎線「久喜」駅バス7～10分 徒歩1～7分</li><li>東武日光線「幸手」駅 徒歩25～35分</li>
saitama,sengendai,久喜青葉,46800,東武日光線「幸手」駅,25.0,35.0,,,,久喜市青葉1,2-13号棟,鉄筋コンクリート造,5,N,503号室,2LDK,50,5,43700,3100,2か月,['近居割'],随時,https://www.ur-net.go.jp/chintai/kanto/saitama/50_1640_room.html?JKSS=002130503,<li>湘南新宿ライン「久喜」駅バス7～10分 徒歩1～7分</li><li>東武伊勢崎線「久喜」駅バス7～10分 徒歩1～7分</li><li>東武日光線「幸手」駅 徒歩25～35分</li>
saitama,sengendai,久喜青葉,46800,,,,,,,久喜市青葉1,2-13号棟,鉄筋コンクリート造,5,N,503号室,2LDK,50,5,43700,3100,2か月,['近居割'],随時,https://www.ur-net.go.jp/chintai/kanto/saitama/50_1640_room.html?JKSS=002130503,<li>湘南新宿ライン「久喜」駅バス7～10分 徒歩1～7分</li><li>東武伊勢崎線「久喜」駅バス7～10分 徒歩1～7分</li><li>東武日光線「幸手」駅 徒歩25～35分</li>
saitama,sengendai,久喜青葉,47200,,,,湘南新宿ライン「久喜」駅,8.0,17.0,久喜市青葉1,1-2号棟,鉄筋コンクリート造,4,N,407号室,2LDK,49,5,44100,3100,2か月,['近居割'],随時,https://www.ur-net.go.jp/chintai/kanto/saitama/50_1640_room.html?JKSS=001020407,<li>湘南新宿ライン「久喜」駅バス7～10分 徒歩1～7分</li><li>東武伊勢崎線「久喜」駅バス7～10分 徒歩1～7分</li><li>東武日光線「幸手」駅 徒歩25～35分</li>
saitama,sengendai,久喜青葉,47200,,,,東武伊勢崎線「久喜」駅,8.0,17.0,久喜市青葉1,1-2号棟,鉄筋コンクリート造,4,N,407号室,2LDK,49,5,44100,3100,2か月,['近居割'],随時,https://www.ur-net.go.jp/chintai/kanto/saitama/50_1640_room.html?JKSS=001020407,<li>湘南新宿ライン「久喜」駅バス7～10分 徒歩1～7分</li><li>東武伊勢崎線「久喜」駅バス7～10分 徒歩1～7分</li><li>東武日光線「幸手」駅 徒歩25～35分</li>
saitama,sengendai,久喜青葉,47200,東武日光線「幸手」駅,25.0,35.0,,,,久喜市青葉1,1-2号棟,鉄筋コンクリート造,4,N,407号室,2LDK,49,5,44100,3100,2か月,['近居割'],随時,https://www.ur-net.go.jp/chintai/kanto/saitama/50_1640_room.html?JKSS=001020407,<li>湘南新宿ライン「久喜」駅バス7～10分 徒歩1～7分</li><li>東武伊勢崎線「久喜」駅バス7～10分 徒歩1～7分</li><li>東武日光線「幸手」駅 徒歩25～35分</li>
saitama,sengendai,久喜青葉,47200,,,,,,,久喜市青葉1,1-2号棟,鉄筋コンクリート造,4,N,407号室,2LDK,49,5,44100,3100,2か月,['近居割'],随時,https://www.ur-net.go.jp/chintai/kanto/saitama/50_1640_room.html?JKSS=001020407,<li>湘南新宿ライン「久喜」駅バス7～10分 徒歩1～7分</li><li>東武伊勢崎線「久喜」駅バス7～10分 徒歩1～7分</li><li>東武日光線「幸手」駅 徒歩25～35分</li>
saitama,sengendai,幸手,48000,東武日光線「杉戸高野台」駅,9.0,17.0,,,,幸手市栄,2-6号棟,鉄筋コンクリート造、鉄骨鉄筋コンクリート造,5,N,503号室,3DK,55,5,45700,2300,2か月,"['近居割', '近居割WIDE']",随時,https://www.ur-net.go.jp/chintai/kanto/saitama/50_1520_room.html?JKSS=000206503,<li>東武日光線「杉戸高野台」駅 徒歩9～17分</li>
saitama,sengendai,幸手,48000,,,,,,,幸手市栄,2-6号棟,鉄筋コンクリート造、鉄骨鉄筋コンクリート造,5,N,503号室,3DK,55,5,45700,2300,2か月,"['近居割', '近居割WIDE']",随時,https://www.ur-net.go.jp/chintai/kanto/saitama/50_1520_room.html?JKSS=000206503,<li>東武日光線「杉戸高野台」駅 徒歩9～17分</li>
saitama,sengendai,幸手,48000,東武日光線「杉戸高野台」駅,9.0,17.0,,,,幸手市栄,2-14号棟,鉄筋コンクリート造、鉄骨鉄筋コンクリート造,5,N,503号室,3DK,55,5,45700,2300,2か月,"['近居割', '近居割WIDE']",随時,https://www.ur-net.go.jp/chintai/kanto/saitama/50_1520_room.html?JKSS=000214503,<li>東武日光線「杉戸高野台」駅 徒歩9～17分</li>
saitama,sengendai,幸手,48000,,,,,,,幸手市栄,2-14号棟,鉄筋コンクリート造、鉄骨鉄筋コンクリート造,5,N,503号室,3DK,55,5,45700,2300,2か月,"['近居割', '近居割WIDE']",随時,https://www.ur-net.go.jp/chintai/kanto/saitama/50_1520_room.html?JKSS=000214503,<li>東武日光線「杉戸高野台」駅 徒歩9～17分</li>
saitama,sengendai,幸手,48000,東武日光線「杉戸高野台」駅,9.0,17.0,,,,幸手市栄,2-14号棟,鉄筋コンクリート造、鉄骨鉄筋コンクリート造,5,N,505号室,3DK,55,5,45700,2300,2か月,"['近居割', '近居割WIDE']",随時,https://www.ur-net.go.jp/chintai/kanto/saitama/50_1520_room.html?JKSS=000214505,<li>東武日光線「杉戸高野台」駅 徒歩9～17分</li>
saitama,sengendai,幸手,48000,,,,,,,幸手市栄,2-14号棟,鉄筋コンクリート造、鉄骨鉄筋コンクリート造,5,N,505号室,3DK,55,5,45700,2300,2か月,"['近居割', '近居割WIDE']",随時,https://www.ur-net.go.jp/chintai/kanto/saitama/50_1520_room.html?JKSS=000214505,<li>東武日光線「杉戸高野台」駅 徒歩9～17分</li>
saitama,sengendai,幸手,54400,東武日光線「杉戸高野台」駅,9.0,17.0,,,,幸手市栄,3-10号棟,鉄筋コンクリート造、鉄骨鉄筋コンクリート造,1,N,102号室,3DK,55,5,52100,2300,2か月,['健康寿命サポート'],随時,https://www.ur-net.go.jp/chintai/kanto/saitama/50_1520_room.html?JKSS=000310102,<li>東武日光線「杉戸高野台」駅 徒歩9～17分</li>
saitama,sengendai,幸手,54400,,,,,,,幸手市栄,3-10号棟,鉄筋コンクリート造、鉄骨鉄筋コンクリート造,1,N,102号室,3DK,55,5,52100,2300,2か月,['健康寿命サポート'],随時,https://www.ur-net.go.jp/chintai/kanto/saitama/50_1520_room.html?JKSS=000310102,<li>東武日光線「杉戸高野台」駅 徒歩9～17分</li>
saitama,misato,吉川,105200,,,,JR武蔵野線「吉川」駅,6.0,11.0,吉川市吉川団地,4-18号棟,鉄筋コンクリート造,5,N,505号室,4LDK,98,5,102100,3100,2か月,"['近居割', '近居割WIDE']",随時,https://www.ur-net.go.jp/chintai/kanto/saitama/50_1551_room.html?JKSS=000418505,<li>JR武蔵野線「吉川」駅バス5～6分 徒歩1～5分</li>
saitama,misato,吉川,105200,,,,,,,吉川市吉川団地,4-18号棟,鉄筋コンクリート造,5,N,505号室,4LDK,98,5,102100,3100,2か月,"['近居割', '近居割WIDE']",随時,https://www.ur-net.go.jp/chintai/kanto/saitama/50_1551_room.html?JKSS=000418505,<li>JR武蔵野線「吉川」駅バス5～6分 徒歩1～5分</li>
saitama,misato,吉川,106200,,,,JR武蔵野線「吉川」駅,6.0,11.0,吉川市吉川団地,5-17号棟,鉄筋コンクリート造,4,N,406号室,3LDK,85,5,103100,3100,2か月,"['近居割', '近居割WIDE']",随時,https://www.ur-net.go.jp/chintai/kanto/saitama/50_1551_room.html?JKSS=000517406,<li>JR武蔵野線「吉川」駅バス5～6分 徒歩1～5分</li>
saitama,misato,吉川,106200,,,,,,,吉川市吉川団地,5-17号棟,鉄筋コンクリート造,4,N,406号室,3LDK,85,5,103100,3100,2か月,"['近居割', '近居割WIDE']",随時,https://www.ur-net.go.jp/chintai/kanto/saitama/50_1551_room.html?JKSS=000517406,<li>JR武蔵野線「吉川」駅バス5～6分 徒歩1～5分</li>
saitama,misato,吉川,112900,,,,JR武蔵野線「吉川」駅,6.0,11.0,吉川市吉川団地,5-17号棟,鉄筋コンクリート造,3,N,301号室,4LDK,92,5,109800,3100,2か月,"['近居割', '近居割WIDE']",随時,https://www.ur-net.go.jp/chintai/kanto/saitama/50_1551_room.html?JKSS=000517301,<li>JR武蔵野線「吉川」駅バス5～6分 徒歩1～5分</li>
saitama,misato,吉川,112900,,,,,,,吉川市吉川団地,5-17号棟,鉄筋コンクリート造,3,N,301号室,4LDK,92,5,109800,3100,2か月,"['近居割', '近居割WIDE']",随時,https://www.ur-net.go.jp/chintai/kanto/saitama/50_1551_room.html?JKSS=000517301,<li>JR武蔵野線「吉川」駅バス5～6分 徒歩1～5分</li>
saitama,misato,吉川,113800,,,,JR武蔵野線「吉川」駅,6.0,11.0,吉川市吉川団地,4-18号棟,鉄筋コンクリート造,3,N,305号室,4LDK,98,5,110700,3100,2か月,"['近居割', '近居割WIDE']",随時,https://www.ur-net.go.jp/chintai/kanto/saitama/50_1551_room.html?JKSS=000418305,<li>JR武蔵野線「吉川」駅バス5～6分 徒歩1～5分</li>
saitama,misato,吉川,113800,,,,,,,吉川市吉川団地,4-18号棟,鉄筋コンクリート造,3,N,305号室,4LDK,98,5,110700,3100,2か月,"['近居割', '近居割WIDE']",随時,https://www.ur-net.go.jp/chintai/kanto/saitama/50_1551_room.html?JKSS=000418305,<li>JR武蔵野線「吉川」駅バス5～6分 徒歩1～5分</li>
saitama,higashiomiya,北大宮,87850,東武アーバンパークライン「北大宮」駅,7.0,7.0,,,,さいたま市北区植竹町1-60-1,,鉄筋コンクリート造,3,N,305号室,3DK,64,5,82900,4950,2か月,['近居割'],随時,https://www.ur-net.go.jp/chintai/kanto/saitama/50_1810_room.html?JKSS=000000305,<li>東武アーバンパークライン「北大宮」駅 徒歩7分</li>
saitama,higashiomiya,北大宮,87850,,,,,,,さいたま市北区植竹町1-60-1,,鉄筋コンクリート造,3,N,305号室,3DK,64,5,82900,4950,2か月,['近居割'],随時,https://www.ur-net.go.jp/chintai/kanto/saitama/50_1810_room.html?JKSS=000000305,<li>東武アーバンパークライン「北大宮」駅 徒歩7分</li>
saitama,kawaguchi,川口芝園,90700,JR京浜東北・根岸線「蕨」駅,10.0,15.0,,,,川口市芝園町3,4号棟,鉄骨鉄筋コンクリート造,6,N,607号室,1LDK,45,10,86600,4100,2か月,"['近居割', '近居割WIDE']",随時,https://www.ur-net.go.jp/chintai/kanto/saitama/50_1820_room.html?JKSS=000040607,<li>JR京浜東北・根岸線「蕨」駅 徒歩10～15分</li><li>JR埼京線「戸田」駅 徒歩27～32分</li><li>JR武蔵野線「南浦和」駅 徒歩28～34分</li>
saitama,kawaguchi,川口芝園,90700,JR埼京線「戸田」駅,27.0,32.0,,,,川口市芝園町3,4号棟,鉄骨鉄筋コンクリート造,6,N,607号室,1LDK,45,10,86600,4100,2か月,"['近居割', '近居割WIDE']",随時,https://www.ur-net.go.jp/chintai/kanto/saitama/50_1820_room.html?JKSS=000040607,<li>JR京浜東北・根岸線「蕨」駅 徒歩10～15分</li><li>JR埼京線「戸田」駅 徒歩27～32分</li><li>JR武蔵野線「南浦和」駅 徒歩28～34分</li>
saitama,kawaguchi,川口芝園,90700,JR武蔵野線「南浦和」駅,28.0,34.0,,,,川口市芝園町3,4号棟,鉄骨鉄筋コンクリート造,6,N,607号室,1LDK,45,10,86600,4100,2か月,"['近居割', '近居割WIDE']",随時,https://www.ur-net.go.jp/chintai/kanto/saitama/50_1820_room.html?JKSS=000040607,<li>JR京浜東北・根岸線「蕨」駅 徒歩10～15分</li><li>JR埼京線「戸田」駅 徒歩27～32分</li><li>JR武蔵野線「南浦和」駅 徒歩28～34分</li>
saitama,kawaguchi,川口芝園,90700,,,,,,,川口市芝園町3,4号棟,鉄骨鉄筋コンクリート造,6,N,607号室,1LDK,45,10,86600,4100,2か月,"['近居割', '近居割WIDE']",随時,https://www.ur-net.go.jp/chintai/kanto/saitama/50_1820_room.html?JKSS=000040607,<li>JR京浜東北・根岸線「蕨」駅 徒歩10～15分</li><li>JR埼京線「戸田」駅 徒歩27～32分</li><li>JR武蔵野線「南浦和」駅 徒歩28～34分</li>
saitama,kawaguchi,コンフォール東鳩ヶ谷,105900,埼玉高速鉄道「新井宿」駅,12.0,12.0,,,,川口市桜町4-4,4号棟,鉄筋コンクリート造,7,N,702号室,2DK,50,12,101500,4400,2か月,['近居割'],随時,https://www.ur-net.go.jp/chintai/kanto/saitama/50_4020_room.html?JKSS=000040702,<li>埼玉高速鉄道「新井宿」駅 徒歩12分</li><li>JR京浜東北・根岸線「西川口」駅バス25分 徒歩1～3分</li><li>JR京浜東北・根岸線「赤羽」駅バス27分 徒歩1～3分</li>
saitama,kawaguchi,コンフォール東鳩ヶ谷,105900,,,,JR京浜東北・根岸線「西川口」駅,26.0,28.0,川口市桜町4-4,4号棟,鉄筋コンクリート造,7,N,702号室,2DK,50,12,101500,4400,2か月,['近居割'],随時,https://www.ur-net.go.jp/chintai/kanto/saitama/50_4020_room.html?JKSS=000040702,<li>埼玉高速鉄道「新井宿」駅 徒歩12分</li><li>JR京浜東北・根岸線「西川口」駅バス25分 徒歩1～3分</li><li>JR京浜東北・根岸線「赤羽」駅バス27分 徒歩1～3分</li>
saitama,kawaguchi,コンフォール東鳩ヶ谷,105900,,,,JR京浜東北・根岸線「赤羽」駅,28.0,30.0,川口市桜町4-4,4号棟,鉄筋コンクリート造,7,N,702号室,2DK,50,12,101500,4400,2か月,['近居割'],随時,https://www.ur-net.go.jp/chintai/kanto/saitama/50_4020_room.html?JKSS=000040702,<li>埼玉高速鉄道「新井宿」駅 徒歩12分</li><li>JR京浜東北・根岸線「西川口」駅バス25分 徒歩1～3分</li><li>JR京浜東北・根岸線「赤羽」駅バス27分 徒歩1～3分</li>
saitama,kawaguchi,コンフォール東鳩ヶ谷,105900,,,,,,,川口市桜町4-4,4号棟,鉄筋コンクリート造,7,N,702号室,2DK,50,12,101500,4400,2か月,['近居割'],随時,https://www.ur-net.go.jp/chintai/kanto/saitama/50_4020_room.html?JKSS=000040702,<li>埼玉高速鉄道「新井宿」駅 徒歩12分</li><li>JR京浜東北・根岸線「西川口」駅バス25分 徒歩1～3分</li><li>JR京浜東北・根岸線「赤羽」駅バス27分 徒歩1～3分</li>
saitama,kawaguchi,コンフォール東鳩ヶ谷,106200,埼玉高速鉄道「新井宿」駅,12.0,12.0,,,,川口市桜町4-4,2号棟,鉄筋コンクリート造,7,N,703号室,2DK,49,7,101800,4400,2か月,['近居割'],随時,https://www.ur-net.go.jp/chintai/kanto/saitama/50_4020_room.html?JKSS=000020703,<li>埼玉高速鉄道「新井宿」駅 徒歩12分</li><li>JR京浜東北・根岸線「西川口」駅バス25分 徒歩1～3分</li><li>JR京浜東北・根岸線「赤羽」駅バス27分 徒歩1～3分</li>
saitama,kawaguchi,コンフォール東鳩ヶ谷,106200,,,,JR京浜東北・根岸線「西川口」駅,26.0,28.0,川口市桜町4-4,2号棟,鉄筋コンクリート造,7,N,703号室,2DK,49,7,101800,4400,2か月,['近居割'],随時,https://www.ur-net.go.jp/chintai/kanto/saitama/50_4020_room.html?JKSS=000020703,<li>埼玉高速鉄道「新井宿」駅 徒歩12分</li><li>JR京浜東北・根岸線「西川口」駅バス25分 徒歩1～3分</li><li>JR京浜東北・根岸線「赤羽」駅バス27分 徒歩1～3分</li>
saitama,kawaguchi,コンフォール東鳩ヶ谷,106200,,,,JR京浜東北・根岸線「赤羽」駅,28.0,30.0,川口市桜町4-4,2号棟,鉄筋コンクリート造,7,N,703号室,2DK,49,7,101800,4400,2か月,['近居割'],随時,https://www.ur-net.go.jp/chintai/kanto/saitama/50_4020_room.html?JKSS=000020703,<li>埼玉高速鉄道「新井宿」駅 徒歩12分</li><li>JR京浜東北・根岸線「西川口」駅バス25分 徒歩1～3分</li><li>JR京浜東北・根岸線「赤羽」駅バス27分 徒歩1～3分</li>
saitama,kawaguchi,コンフォール東鳩ヶ谷,106200,,,,,,,川口市桜町4-4,2号棟,鉄筋コンクリート造,7,N,703号室,2DK,49,7,101800,4400,2か月,['近居割'],随時,https://www.ur-net.go.jp/chintai/kanto/saitama/50_4020_room.html?JKSS=000020703,<li>埼玉高速鉄道「新井宿」駅 徒歩12分</li><li>JR京浜東北・根岸線「西川口」駅バス25分 徒歩1～3分</li><li>JR京浜東北・根岸線「赤羽」駅バス27分 徒歩1～3分</li>
saitama,kawaguchi,コンフォール東鳩ヶ谷,115300,埼玉高速鉄道「新井宿」駅,12.0,12.0,,,,川口市桜町4-4,3号棟,鉄筋コンクリート造,8,N,803号室,1LDK,49,10,110900,4400,2か月,['近居割'],随時,https://www.ur-net.go.jp/chintai/kanto/saitama/50_4020_room.html?JKSS=000030803,<li>埼玉高速鉄道「新井宿」駅 徒歩12分</li><li>JR京浜東北・根岸線「西川口」駅バス25分 徒歩1～3分</li><li>JR京浜東北・根岸線「赤羽」駅バス27分 徒歩1～3分</li>
saitama,kawaguchi,コンフォール東鳩ヶ谷,115300,,,,JR京浜東北・根岸線「西川口」駅,26.0,28.0,川口市桜町4-4,3号棟,鉄筋コンクリート造,8,N,803号室,1LDK,49,10,110900,4400,2か月,['近居割'],随時,https://www.ur-net.go.jp/chintai/kanto/saitama/50_4020_room.html?JKSS=000030803,<li>埼玉高速鉄道「新井宿」駅 徒歩12分</li><li>JR京浜東北・根岸線「西川口」駅バス25分 徒歩1～3分</li><li>JR京浜東北・根岸線「赤羽」駅バス27分 徒歩1～3分</li>
saitama,kawaguchi,コンフォール東鳩ヶ谷,115300,,,,JR京浜東北・根岸線「赤羽」駅,28.0,30.0,川口市桜町4-4,3号棟,鉄筋コンクリート造,8,N,803号室,1LDK,49,10,110900,4400,2か月,['近居割'],随時,https://www.ur-net.go.jp/chintai/kanto/saitama/50_4020_room.html?JKSS=000030803,<li>埼玉高速鉄道「新井宿」駅 徒歩12分</li><li>JR京浜東北・根岸線「西川口」駅バス25分 徒歩1～3分</li><li>JR京浜東北・根岸線「赤羽」駅バス27分 徒歩1～3分</li>
saitama,kawaguchi,コンフォール東鳩ヶ谷,115300,,,,,,,川口市桜町4-4,3号棟,鉄筋コンクリート造,8,N,803号室,1LDK,49,10,110900,4400,2か月,['近居割'],随時,https://www.ur-net.go.jp/chintai/kanto/saitama/50_4020_room.html?JKSS=000030803,<li>埼玉高速鉄道「新井宿」駅 徒歩12分</li><li>JR京浜東北・根岸線「西川口」駅バス25分 徒歩1～3分</li><li>JR京浜東北・根岸線「赤羽」駅バス27分 徒歩1～3分</li>
saitama,kawaguchi,コンフォール東鳩ヶ谷,129100,埼玉高速鉄道「新井宿」駅,12.0,12.0,,,,川口市桜町4-4,1号棟,鉄筋コンクリート造,6,N,606号室,2LDK,64,7,124700,4400,2か月,['近居割'],随時,https://www.ur-net.go.jp/chintai/kanto/saitama/50_4020_room.html?JKSS=000010606,<li>埼玉高速鉄道「新井宿」駅 徒歩12分</li><li>JR京浜東北・根岸線「西川口」駅バス25分 徒歩1～3分</li><li>JR京浜東北・根岸線「赤羽」駅バス27分 徒歩1～3分</li>
saitama,kawaguchi,コンフォール東鳩ヶ谷,129100,,,,JR京浜東北・根岸線「西川口」駅,26.0,28.0,川口市桜町4-4,1号棟,鉄筋コンクリート造,6,N,606号室,2LDK,64,7,124700,4400,2か月,['近居割'],随時,https://www.ur-net.go.jp/chintai/kanto/saitama/50_4020_room.html?JKSS=000010606,<li>埼玉高速鉄道「新井宿」駅 徒歩12分</li><li>JR京浜東北・根岸線「西川口」駅バス25分 徒歩1～3分</li><li>JR京浜東北・根岸線「赤羽」駅バス27分 徒歩1～3分</li>
saitama,kawaguchi,コンフォール東鳩ヶ谷,129100,,,,JR京浜東北・根岸線「赤羽」駅,28.0,30.0,川口市桜町4-4,1号棟,鉄筋コンクリート造,6,N,606号室,2LDK,64,7,124700,4400,2か月,['近居割'],随時,https://www.ur-net.go.jp/chintai/kanto/saitama/50_4020_room.html?JKSS=000010606,<li>埼玉高速鉄道「新井宿」駅 徒歩12分</li><li>JR京浜東北・根岸線「西川口」駅バス25分 徒歩1～3分</li><li>JR京浜東北・根岸線「赤羽」駅バス27分 徒歩1～3分</li>
saitama,kawaguchi,コンフォール東鳩ヶ谷,129100,,,,,,,川口市桜町4-4,1号棟,鉄筋コンクリート造,6,N,606号室,2LDK,64,7,124700,4400,2か月,['近居割'],随時,https://www.ur-net.go.jp/chintai/kanto/saitama/50_4020_room.html?JKSS=000010606,<li>埼玉高速鉄道「新井宿」駅 徒歩12分</li><li>JR京浜東北・根岸線「西川口」駅バス25分 徒歩1～3分</li><li>JR京浜東北・根岸線「赤羽」駅バス27分 徒歩1～3分</li>
saitama,kawaguchi,コンフォール東鳩ヶ谷,139900,埼玉高速鉄道「新井宿」駅,12.0,12.0,,,,川口市桜町4-4,1号棟,鉄筋コンクリート造,2,N,208号室,3LDK,78,7,135500,4400,2か月,['近居割'],随時,https://www.ur-net.go.jp/chintai/kanto/saitama/50_4020_room.html?JKSS=000010208,<li>埼玉高速鉄道「新井宿」駅 徒歩12分</li><li>JR京浜東北・根岸線「西川口」駅バス25分 徒歩1～3分</li><li>JR京浜東北・根岸線「赤羽」駅バス27分 徒歩1～3分</li>
saitama,kawaguchi,コンフォール東鳩ヶ谷,139900,,,,JR京浜東北・根岸線「西川口」駅,26.0,28.0,川口市桜町4-4,1号棟,鉄筋コンクリート造,2,N,208号室,3LDK,78,7,135500,4400,2か月,['近居割'],随時,https://www.ur-net.go.jp/chintai/kanto/saitama/50_4020_room.html?JKSS=000010208,<li>埼玉高速鉄道「新井宿」駅 徒歩12分</li><li>JR京浜東北・根岸線「西川口」駅バス25分 徒歩1～3分</li><li>JR京浜東北・根岸線「赤羽」駅バス27分 徒歩1～3分</li>
saitama,kawaguchi,コンフォール東鳩ヶ谷,139900,,,,JR京浜東北・根岸線「赤羽」駅,28.0,30.0,川口市桜町4-4,1号棟,鉄筋コンクリート造,2,N,208号室,3LDK,78,7,135500,4400,2か月,['近居割'],随時,https://www.ur-net.go.jp/chintai/kanto/saitama/50_4020_room.html?JKSS=000010208,<li>埼玉高速鉄道「新井宿」駅 徒歩12分</li><li>JR京浜東北・根岸線「西川口」駅バス25分 徒歩1～3分</li><li>JR京浜東北・根岸線「赤羽」駅バス27分 徒歩1～3分</li>
saitama,kawaguchi,コンフォール東鳩ヶ谷,139900,,,,,,,川口市桜町4-4,1号棟,鉄筋コンクリート造,2,N,208号室,3LDK,78,7,135500,4400,2か月,['近居割'],随時,https://www.ur-net.go.jp/chintai/kanto/saitama/50_4020_room.html?JKSS=000010208,<li>埼玉高速鉄道「新井宿」駅 徒歩12分</li><li>JR京浜東北・根岸線「西川口」駅バス25分 徒歩1～3分</li><li>JR京浜東北・根岸線「赤羽」駅バス27分 徒歩1～3分</li>
saitama,kawaguchi,アーバンハイツ南前川,130800,,,,JR京浜東北線「蕨」駅,8.0,8.0,川口市南前川2-21-10,,鉄筋コンクリート造,3,N,304号室,3LDK,79,5,127000,3800,2か月,['近居割'],随時,https://www.ur-net.go.jp/chintai/kanto/saitama/50_2220_room.html?JKSS=000000304,<li>JR京浜東北線「蕨」駅 バス7分 徒歩1分</li><li>JR京浜東北線「西川口」駅 バス8分 徒歩1分</li>
saitama,kawaguchi,アーバンハイツ南前川,130800,,,,JR京浜東北線「西川口」駅,9.0,9.0,川口市南前川2-21-10,,鉄筋コンクリート造,3,N,304号室,3LDK,79,5,127000,3800,2か月,['近居割'],随時,https://www.ur-net.go.jp/chintai/kanto/saitama/50_2220_room.html?JKSS=000000304,<li>JR京浜東北線「蕨」駅 バス7分 徒歩1分</li><li>JR京浜東北線「西川口」駅 バス8分 徒歩1分</li>
saitama,kawaguchi,アーバンハイツ南前川,130800,,,,,,,川口市南前川2-21-10,,鉄筋コンクリート造,3,N,304号室,3LDK,79,5,127000,3800,2か月,['近居割'],随時,https://www.ur-net.go.jp/chintai/kanto/saitama/50_2220_room.html?JKSS=000000304,<li>JR京浜東北線「蕨」駅 バス7分 徒歩1分</li><li>JR京浜東北線「西川口」駅 バス8分 徒歩1分</li>
saitama,minamiurawa,コンフォール領家,107900,JR京浜東北・根岸線「北浦和」駅,16.0,18.0,,,,さいたま市浦和区領家6-11,1号棟,鉄筋コンクリート造,3,N,306号室,1DK,43,5,101900,6000,2か月,['近居割'],随時,https://www.ur-net.go.jp/chintai/kanto/saitama/50_4110_room.html?JKSS=000010306,<li>JR京浜東北・根岸線「北浦和」駅 徒歩16～18分</li><li>JR京浜東北・根岸線「与野」駅 徒歩17分</li><li>JR京浜東北・根岸線「浦和」駅 徒歩36～39分</li>
saitama,minamiurawa,コンフォール領家,107900,JR京浜東北・根岸線「与野」駅,17.0,17.0,,,,さいたま市浦和区領家6-11,1号棟,鉄筋コンクリート造,3,N,306号室,1DK,43,5,101900,6000,2か月,['近居割'],随時,https://www.ur-net.go.jp/chintai/kanto/saitama/50_4110_room.html?JKSS=000010306,<li>JR京浜東北・根岸線「北浦和」駅 徒歩16～18分</li><li>JR京浜東北・根岸線「与野」駅 徒歩17分</li><li>JR京浜東北・根岸線「浦和」駅 徒歩36～39分</li>
saitama,minamiurawa,コンフォール領家,107900,JR京浜東北・根岸線「浦和」駅,36.0,39.0,,,,さいたま市浦和区領家6-11,1号棟,鉄筋コンクリート造,3,N,306号室,1DK,43,5,101900,6000,2か月,['近居割'],随時,https://www.ur-net.go.jp/chintai/kanto/saitama/50_4110_room.html?JKSS=000010306,<li>JR京浜東北・根岸線「北浦和」駅 徒歩16～18分</li><li>JR京浜東北・根岸線「与野」駅 徒歩17分</li><li>JR京浜東北・根岸線「浦和」駅 徒歩36～39分</li>
saitama,minamiurawa,コンフォール領家,107900,,,,,,,さいたま市浦和区領家6-11,1号棟,鉄筋コンクリート造,3,N,306号室,1DK,43,5,101900,6000,2か月,['近居割'],随時,https://www.ur-net.go.jp/chintai/kanto/saitama/50_4110_room.html?JKSS=000010306,<li>JR京浜東北・根岸線「北浦和」駅 徒歩16～18分</li><li>JR京浜東北・根岸線「与野」駅 徒歩17分</li><li>JR京浜東北・根岸線「浦和」駅 徒歩36～39分</li>
saitama,minamiurawa,コンフォール領家,132200,JR京浜東北・根岸線「北浦和」駅,16.0,18.0,,,,さいたま市浦和区領家6-11,1号棟,鉄筋コンクリート造,2,N,207号室,2DK,58,5,126200,6000,2か月,['近居割'],随時,https://www.ur-net.go.jp/chintai/kanto/saitama/50_4110_room.html?JKSS=000010207,<li>JR京浜東北・根岸線「北浦和」駅 徒歩16～18分</li><li>JR京浜東北・根岸線「与野」駅 徒歩17分</li><li>JR京浜東北・根岸線「浦和」駅 徒歩36～39分</li>
saitama,minamiurawa,コンフォール領家,132200,JR京浜東北・根岸線「与野」駅,17.0,17.0,,,,さいたま市浦和区領家6-11,1号棟,鉄筋コンクリート造,2,N,207号室,2DK,58,5,126200,6000,2か月,['近居割'],随時,https://www.ur-net.go.jp/chintai/kanto/saitama/50_4110_room.html?JKSS=000010207,<li>JR京浜東北・根岸線「北浦和」駅 徒歩16～18分</li><li>JR京浜東北・根岸線「与野」駅 徒歩17分</li><li>JR京浜東北・根岸線「浦和」駅 徒歩36～39分</li>
saitama,minamiurawa,コンフォール領家,132200,JR京浜東北・根岸線「浦和」駅,36.0,39.0,,,,さいたま市浦和区領家6-11,1号棟,鉄筋コンクリート造,2,N,207号室,2DK,58,5,126200,6000,2か月,['近居割'],随時,https://www.ur-net.go.jp/chintai/kanto/saitama/50_4110_room.html?JKSS=000010207,<li>JR京浜東北・根岸線「北浦和」駅 徒歩16～18分</li><li>JR京浜東北・根岸線「与野」駅 徒歩17分</li><li>JR京浜東北・根岸線「浦和」駅 徒歩36～39分</li>
saitama,minamiurawa,コンフォール領家,132200,,,,,,,さいたま市浦和区領家6-11,1号棟,鉄筋コンクリート造,2,N,207号室,2DK,58,5,126200,6000,2か月,['近居割'],随時,https://www.ur-net.go.jp/chintai/kanto/saitama/50_4110_room.html?JKSS=000010207,<li>JR京浜東北・根岸線「北浦和」駅 徒歩16～18分</li><li>JR京浜東北・根岸線「与野」駅 徒歩17分</li><li>JR京浜東北・根岸線「浦和」駅 徒歩36～39分</li>
saitama,minamiurawa,コンフォール領家,146100,JR京浜東北・根岸線「北浦和」駅,16.0,18.0,,,,さいたま市浦和区領家6-11,1号棟,鉄筋コンクリート造,5,N,503号室,1LDK,59,5,140100,6000,2か月,['近居割'],随時,https://www.ur-net.go.jp/chintai/kanto/saitama/50_4110_room.html?JKSS=000010503,<li>JR京浜東北・根岸線「北浦和」駅 徒歩16～18分</li><li>JR京浜東北・根岸線「与野」駅 徒歩17分</li><li>JR京浜東北・根岸線「浦和」駅 徒歩36～39分</li>
saitama,minamiurawa,コンフォール領家,146100,JR京浜東北・根岸線「与野」駅,17.0,17.0,,,,さいたま市浦和区領家6-11,1号棟,鉄筋コンクリート造,5,N,503号室,1LDK,59,5,140100,6000,2か月,['近居割'],随時,https://www.ur-net.go.jp/chintai/kanto/saitama/50_4110_room.html?JKSS=000010503,<li>JR京浜東北・根岸線「北浦和」駅 徒歩16～18分</li><li>JR京浜東北・根岸線「与野」駅 徒歩17分</li><li>JR京浜東北・根岸線「浦和」駅 徒歩36～39分</li>
saitama,minamiurawa,コンフォール領家,146100,JR京浜東北・根岸線「浦和」駅,36.0,39.0,,,,さいたま市浦和区領家6-11,1号棟,鉄筋コンクリート造,5,N,503号室,1LDK,59,5,140100,6000,2か月,['近居割'],随時,https://www.ur-net.go.jp/chintai/kanto/saitama/50_4110_room.html?JKSS=000010503,<li>JR京浜東北・根岸線「北浦和」駅 徒歩16～18分</li><li>JR京浜東北・根岸線「与野」駅 徒歩17分</li><li>JR京浜東北・根岸線「浦和」駅 徒歩36～39分</li>
saitama,minamiurawa,コンフォール領家,146100,,,,,,,さいたま市浦和区領家6-11,1号棟,鉄筋コンクリート造,5,N,503号室,1LDK,59,5,140100,6000,2か月,['近居割'],随時,https://www.ur-net.go.jp/chintai/kanto/saitama/50_4110_room.html?JKSS=000010503,<li>JR京浜東北・根岸線「北浦和」駅 徒歩16～18分</li><li>JR京浜東北・根岸線「与野」駅 徒歩17分</li><li>JR京浜東北・根岸線「浦和」駅 徒歩36～39分</li>
saitama,minamiurawa,うらわイーストシティ　かえで街,111000,JR武蔵野線「東浦和」駅,13.0,13.0,JR武蔵野線「東浦和」駅,4.0,5.0,さいたま市緑区東浦和2-73-1,5号棟,鉄筋コンクリート造,2,N,201号室,2DK,63,3,105500,5500,2か月,['近居割'],随時,https://www.ur-net.go.jp/chintai/kanto/saitama/50_2730_room.html?JKSS=000050201,<li>JR武蔵野線「東浦和」駅 徒歩13分</li><li>JR武蔵野線「東浦和」駅バス2分 徒歩2～3分</li><li>JR東北本線「浦和」駅バス14分 徒歩7～9分</li>
saitama,minamiurawa,うらわイーストシティ　かえで街,111000,,,,JR東北本線「浦和」駅,21.0,23.0,さいたま市緑区東浦和2-73-1,5号棟,鉄筋コンクリート造,2,N,201号室,2DK,63,3,105500,5500,2か月,['近居割'],随時,https://www.ur-net.go.jp/chintai/kanto/saitama/50_2730_room.html?JKSS=000050201,<li>JR武蔵野線「東浦和」駅 徒歩13分</li><li>JR武蔵野線「東浦和」駅バス2分 徒歩2～3分</li><li>JR東北本線「浦和」駅バス14分 徒歩7～9分</li>
saitama,minamiurawa,うらわイーストシティ　かえで街,111000,,,,,,,さいたま市緑区東浦和2-73-1,5号棟,鉄筋コンクリート造,2,N,201号室,2DK,63,3,105500,5500,2か月,['近居割'],随時,https://www.ur-net.go.jp/chintai/kanto/saitama/50_2730_room.html?JKSS=000050201,<li>JR武蔵野線「東浦和」駅 徒歩13分</li><li>JR武蔵野線「東浦和」駅バス2分 徒歩2～3分</li><li>JR東北本線「浦和」駅バス14分 徒歩7～9分</li>
saitama,minamiurawa,うらわイーストシティ　かえで街,132100,JR武蔵野線「東浦和」駅,13.0,13.0,JR武蔵野線「東浦和」駅,4.0,5.0,さいたま市緑区東浦和2-73-1,3号棟,鉄筋コンクリート造,4,N,401号室,2LDK,70,5,126600,5500,2か月,['近居割'],随時,https://www.ur-net.go.jp/chintai/kanto/saitama/50_2730_room.html?JKSS=000030401,<li>JR武蔵野線「東浦和」駅 徒歩13分</li><li>JR武蔵野線「東浦和」駅バス2分 徒歩2～3分</li><li>JR東北本線「浦和」駅バス14分 徒歩7～9分</li>
saitama,minamiurawa,うらわイーストシティ　かえで街,132100,,,,JR東北本線「浦和」駅,21.0,23.0,さいたま市緑区東浦和2-73-1,3号棟,鉄筋コンクリート造,4,N,401号室,2LDK,70,5,126600,5500,2か月,['近居割'],随時,https://www.ur-net.go.jp/chintai/kanto/saitama/50_2730_room.html?JKSS=000030401,<li>JR武蔵野線「東浦和」駅 徒歩13分</li><li>JR武蔵野線「東浦和」駅バス2分 徒歩2～3分</li><li>JR東北本線「浦和」駅バス14分 徒歩7～9分</li>
saitama,minamiurawa,うらわイーストシティ　かえで街,132100,,,,,,,さいたま市緑区東浦和2-73-1,3号棟,鉄筋コンクリート造,4,N,401号室,2LDK,70,5,126600,5500,2か月,['近居割'],随時,https://www.ur-net.go.jp/chintai/kanto/saitama/50_2730_room.html?JKSS=000030401,<li>JR武蔵野線「東浦和」駅 徒歩13分</li><li>JR武蔵野線「東浦和」駅バス2分 徒歩2～3分</li><li>JR東北本線「浦和」駅バス14分 徒歩7～9分</li>
saitama,minamiurawa,うらわイーストシティ　かえで街,148500,JR武蔵野線「東浦和」駅,13.0,13.0,JR武蔵野線「東浦和」駅,4.0,5.0,さいたま市緑区東浦和2-73-1,2号棟,鉄筋コンクリート造,4,N,404号室,4LDK,84,5,143000,5500,2か月,['近居割'],随時,https://www.ur-net.go.jp/chintai/kanto/saitama/50_2730_room.html?JKSS=000020404,<li>JR武蔵野線「東浦和」駅 徒歩13分</li><li>JR武蔵野線「東浦和」駅バス2分 徒歩2～3分</li><li>JR東北本線「浦和」駅バス14分 徒歩7～9分</li>
saitama,minamiurawa,うらわイーストシティ　かえで街,148500,,,,JR東北本線「浦和」駅,21.0,23.0,さいたま市緑区東浦和2-73-1,2号棟,鉄筋コンクリート造,4,N,404号室,4LDK,84,5,143000,5500,2か月,['近居割'],随時,https://www.ur-net.go.jp/chintai/kanto/saitama/50_2730_room.html?JKSS=000020404,<li>JR武蔵野線「東浦和」駅 徒歩13分</li><li>JR武蔵野線「東浦和」駅バス2分 徒歩2～3分</li><li>JR東北本線「浦和」駅バス14分 徒歩7～9分</li>
saitama,minamiurawa,うらわイーストシティ　かえで街,148500,,,,,,,さいたま市緑区東浦和2-73-1,2号棟,鉄筋コンクリート造,4,N,404号室,4LDK,84,5,143000,5500,2か月,['近居割'],随時,https://www.ur-net.go.jp/chintai/kanto/saitama/50_2730_room.html?JKSS=000020404,<li>JR武蔵野線「東浦和」駅 徒歩13分</li><li>JR武蔵野線「東浦和」駅バス2分 徒歩2～3分</li><li>JR東北本線「浦和」駅バス14分 徒歩7～9分</li>
saitama,ageo,パークシティ鴻巣駅前プラザ,80000,JR高崎線「北鴻巣」駅,3.0,7.0,,,,鴻巣市赤見台2-2,13号棟,鉄筋コンクリート造,5,N,506号室,3LDK,75,5,77900,2100,2か月,['近居割'],随時,https://www.ur-net.go.jp/chintai/kanto/saitama/50_2140_room.html?JKSS=000130506,<li>JR高崎線「北鴻巣」駅 徒歩3～7分</li><li>JR高崎線「鴻巣」駅 徒歩58～62分</li><li>JR高崎線「吹上」駅 徒歩38～42分</li>
saitama,ageo,パークシティ鴻巣駅前プラザ,80000,JR高崎線「鴻巣」駅,58.0,62.0,,,,鴻巣市赤見台2-2,13号棟,鉄筋コンクリート造,5,N,506号室,3LDK,75,5,77900,2100,2か月,['近居割'],随時,https://www.ur-net.go.jp/chintai/kanto/saitama/50_2140_room.html?JKSS=000130506,<li>JR高崎線「北鴻巣」駅 徒歩3～7分</li><li>JR高崎線「鴻巣」駅 徒歩58～62分</li><li>JR高崎線「吹上」駅 徒歩38～42分</li>
saitama,ageo,パークシティ鴻巣駅前プラザ,80000,JR高崎線「吹上」駅,38.0,42.0,,,,鴻巣市赤見台2-2,13号棟,鉄筋コンクリート造,5,N,506号室,3LDK,75,5,77900,2100,2か月,['近居割'],随時,https://www.ur-net.go.jp/chintai/kanto/saitama/50_2140_room.html?JKSS=000130506,<li>JR高崎線「北鴻巣」駅 徒歩3～7分</li><li>JR高崎線「鴻巣」駅 徒歩58～62分</li><li>JR高崎線「吹上」駅 徒歩38～42分</li>
saitama,ageo,パークシティ鴻巣駅前プラザ,80000,,,,,,,鴻巣市赤見台2-2,13号棟,鉄筋コンクリート造,5,N,506号室,3LDK,75,5,77900,2100,2か月,['近居割'],随時,https://www.ur-net.go.jp/chintai/kanto/saitama/50_2140_room.html?JKSS=000130506,<li>JR高崎線「北鴻巣」駅 徒歩3～7分</li><li>JR高崎線「鴻巣」駅 徒歩58～62分</li><li>JR高崎線「吹上」駅 徒歩38～42分</li>
saitama,ageo,パークシティ鴻巣　駅前プラザ第三,100200,JR高崎線「北鴻巣」駅,3.0,4.0,,,,鴻巣市赤見台1-13ほか,5号棟,鉄筋コンクリート造,6,N,605号室,3LDK,67,10,97200,3000,2か月,['近居割'],随時,https://www.ur-net.go.jp/chintai/kanto/saitama/50_2940_room.html?JKSS=000050605,<li>JR高崎線「北鴻巣」駅 徒歩3～4分</li><li>JR高崎線「吹上」駅 徒歩42～44分</li><li>JR高崎線「鴻巣」駅 徒歩56～59分</li>
saitama,ageo,パークシティ鴻巣　駅前プラザ第三,100200,JR高崎線「吹上」駅,42.0,44.0,,,,鴻巣市赤見台1-13ほか,5号棟,鉄筋コンクリート造,6,N,605号室,3LDK,67,10,97200,3000,2か月,['近居割'],随時,https://www.ur-net.go.jp/chintai/kanto/saitama/50_2940_room.html?JKSS=000050605,<li>JR高崎線「北鴻巣」駅 徒歩3～4分</li><li>JR高崎線「吹上」駅 徒歩42～44分</li><li>JR高崎線「鴻巣」駅 徒歩56～59分</li>
saitama,ageo,パークシティ鴻巣　駅前プラザ第三,100200,JR高崎線「鴻巣」駅,56.0,59.0,,,,鴻巣市赤見台1-13ほか,5号棟,鉄筋コンクリート造,6,N,605号室,3LDK,67,10,97200,3000,2か月,['近居割'],随時,https://www.ur-net.go.jp/chintai/kanto/saitama/50_2940_room.html?JKSS=000050605,<li>JR高崎線「北鴻巣」駅 徒歩3～4分</li><li>JR高崎線「吹上」駅 徒歩42～44分</li><li>JR高崎線「鴻巣」駅 徒歩56～59分</li>
saitama,ageo,パークシティ鴻巣　駅前プラザ第三,100200,,,,,,,鴻巣市赤見台1-13ほか,5号棟,鉄筋コンクリート造,6,N,605号室,3LDK,67,10,97200,3000,2か月,['近居割'],随時,https://www.ur-net.go.jp/chintai/kanto/saitama/50_2940_room.html?JKSS=000050605,<li>JR高崎線「北鴻巣」駅 徒歩3～4分</li><li>JR高崎線「吹上」駅 徒歩42～44分</li><li>JR高崎線「鴻巣」駅 徒歩56～59分</li>
saitama,ageo,北本,43100,,,,JR高崎線「北本」駅,5.0,17.0,北本市栄7,3-12号棟,鉄筋コンクリート造,5,N,506号室,3K,45,5,39300,3800,2か月,"['近居割', '近居割WIDE']",随時,https://www.ur-net.go.jp/chintai/kanto/saitama/50_1400_room.html?JKSS=000312506,<li>JR高崎線「北本」駅バス4～12分 徒歩1～5分</li><li>JR高崎線「桶川」駅 徒歩30～57分</li><li>JR高崎線「鴻巣」駅 徒歩45～79分</li>
saitama,ageo,北本,43100,JR高崎線「桶川」駅,30.0,57.0,,,,北本市栄7,3-12号棟,鉄筋コンクリート造,5,N,506号室,3K,45,5,39300,3800,2か月,"['近居割', '近居割WIDE']",随時,https://www.ur-net.go.jp/chintai/kanto/saitama/50_1400_room.html?JKSS=000312506,<li>JR高崎線「北本」駅バス4～12分 徒歩1～5分</li><li>JR高崎線「桶川」駅 徒歩30～57分</li><li>JR高崎線「鴻巣」駅 徒歩45～79分</li>
saitama,ageo,北本,43100,JR高崎線「鴻巣」駅,45.0,79.0,,,,北本市栄7,3-12号棟,鉄筋コンクリート造,5,N,506号室,3K,45,5,39300,3800,2か月,"['近居割', '近居割WIDE']",随時,https://www.ur-net.go.jp/chintai/kanto/saitama/50_1400_room.html?JKSS=000312506,<li>JR高崎線「北本」駅バス4～12分 徒歩1～5分</li><li>JR高崎線「桶川」駅 徒歩30～57分</li><li>JR高崎線「鴻巣」駅 徒歩45～79分</li>
saitama,ageo,北本,43100,,,,,,,北本市栄7,3-12号棟,鉄筋コンクリート造,5,N,506号室,3K,45,5,39300,3800,2か月,"['近居割', '近居割WIDE']",随時,https://www.ur-net.go.jp/chintai/kanto/saitama/50_1400_room.html?JKSS=000312506,<li>JR高崎線「北本」駅バス4～12分 徒歩1～5分</li><li>JR高崎線「桶川」駅 徒歩30～57分</li><li>JR高崎線「鴻巣」駅 徒歩45～79分</li>
saitama,ageo,北本,44100,,,,JR高崎線「北本」駅,5.0,17.0,北本市栄7,2-20号棟,鉄筋コンクリート造,5,N,503号室,3K,45,5,40300,3800,2か月,"['近居割', '近居割WIDE']",随時,https://www.ur-net.go.jp/chintai/kanto/saitama/50_1400_room.html?JKSS=000220503,<li>JR高崎線「北本」駅バス4～12分 徒歩1～5分</li><li>JR高崎線「桶川」駅 徒歩30～57分</li><li>JR高崎線「鴻巣」駅 徒歩45～79分</li>
saitama,ageo,北本,44100,JR高崎線「桶川」駅,30.0,57.0,,,,北本市栄7,2-20号棟,鉄筋コンクリート造,5,N,503号室,3K,45,5,40300,3800,2か月,"['近居割', '近居割WIDE']",随時,https://www.ur-net.go.jp/chintai/kanto/saitama/50_1400_room.html?JKSS=000220503,<li>JR高崎線「北本」駅バス4～12分 徒歩1～5分</li><li>JR高崎線「桶川」駅 徒歩30～57分</li><li>JR高崎線「鴻巣」駅 徒歩45～79分</li>
saitama,ageo,北本,44100,JR高崎線「鴻巣」駅,45.0,79.0,,,,北本市栄7,2-20号棟,鉄筋コンクリート造,5,N,503号室,3K,45,5,40300,3800,2か月,"['近居割', '近居割WIDE']",随時,https://www.ur-net.go.jp/chintai/kanto/saitama/50_1400_room.html?JKSS=000220503,<li>JR高崎線「北本」駅バス4～12分 徒歩1～5分</li><li>JR高崎線「桶川」駅 徒歩30～57分</li><li>JR高崎線「鴻巣」駅 徒歩45～79分</li>
saitama,ageo,北本,44100,,,,,,,北本市栄7,2-20号棟,鉄筋コンクリート造,5,N,503号室,3K,45,5,40300,3800,2か月,"['近居割', '近居割WIDE']",随時,https://www.ur-net.go.jp/chintai/kanto/saitama/50_1400_room.html?JKSS=000220503,<li>JR高崎線「北本」駅バス4～12分 徒歩1～5分</li><li>JR高崎線「桶川」駅 徒歩30～57分</li><li>JR高崎線「鴻巣」駅 徒歩45～79分</li>
saitama,ageo,北本,46900,,,,JR高崎線「北本」駅,5.0,17.0,北本市栄7,2-23号棟,鉄筋コンクリート造,5,N,506号室,3K,50,5,43100,3800,2か月,"['近居割', '近居割WIDE']",随時,https://www.ur-net.go.jp/chintai/kanto/saitama/50_1400_room.html?JKSS=000223506,<li>JR高崎線「北本」駅バス4～12分 徒歩1～5分</li><li>JR高崎線「桶川」駅 徒歩30～57分</li><li>JR高崎線「鴻巣」駅 徒歩45～79分</li>
saitama,ageo,北本,46900,JR高崎線「桶川」駅,30.0,57.0,,,,北本市栄7,2-23号棟,鉄筋コンクリート造,5,N,506号室,3K,50,5,43100,3800,2か月,"['近居割', '近居割WIDE']",随時,https://www.ur-net.go.jp/chintai/kanto/saitama/50_1400_room.html?JKSS=000223506,<li>JR高崎線「北本」駅バス4～12分 徒歩1～5分</li><li>JR高崎線「桶川」駅 徒歩30～57分</li><li>JR高崎線「鴻巣」駅 徒歩45～79分</li>
saitama,ageo,北本,46900,JR高崎線「鴻巣」駅,45.0,79.0,,,,北本市栄7,2-23号棟,鉄筋コンクリート造,5,N,506号室,3K,50,5,43100,3800,2か月,"['近居割', '近居割WIDE']",随時,https://www.ur-net.go.jp/chintai/kanto/saitama/50_1400_room.html?JKSS=000223506,<li>JR高崎線「北本」駅バス4～12分 徒歩1～5分</li><li>JR高崎線「桶川」駅 徒歩30～57分</li><li>JR高崎線「鴻巣」駅 徒歩45～79分</li>
saitama,ageo,北本,46900,,,,,,,北本市栄7,2-23号棟,鉄筋コンクリート造,5,N,506号室,3K,50,5,43100,3800,2か月,"['近居割', '近居割WIDE']",随時,https://www.ur-net.go.jp/chintai/kanto/saitama/50_1400_room.html?JKSS=000223506,<li>JR高崎線「北本」駅バス4～12分 徒歩1～5分</li><li>JR高崎線「桶川」駅 徒歩30～57分</li><li>JR高崎線「鴻巣」駅 徒歩45～79分</li>
saitama,ageo,北本,47900,,,,JR高崎線「北本」駅,5.0,17.0,北本市栄7,3-15号棟,鉄筋コンクリート造,5,N,504号室,3K,52,5,44100,3800,2か月,['フリレ１か月'],随時,https://www.ur-net.go.jp/chintai/kanto/saitama/50_1400_room.html?JKSS=000315504,<li>JR高崎線「北本」駅バス4～12分 徒歩1～5分</li><li>JR高崎線「桶川」駅 徒歩30～57分</li><li>JR高崎線「鴻巣」駅 徒歩45～79分</li>
saitama,ageo,北本,47900,JR高崎線「桶川」駅,30.0,57.0,,,,北本市栄7,3-15号棟,鉄筋コンクリート造,5,N,504号室,3K,52,5,44100,3800,2か月,['フリレ１か月'],随時,https://www.ur-net.go.jp/chintai/kanto/saitama/50_1400_room.html?JKSS=000315504,<li>JR高崎線「北本」駅バス4～12分 徒歩1～5分</li><li>JR高崎線「桶川」駅 徒歩30～57分</li><li>JR高崎線「鴻巣」駅 徒歩45～79分</li>
saitama,ageo,北本,47900,JR高崎線「鴻巣」駅,45.0,79.0,,,,北本市栄7,3-15号棟,鉄筋コンクリート造,5,N,504号室,3K,52,5,44100,3800,2か月,['フリレ１か月'],随時,https://www.ur-net.go.jp/chintai/kanto/saitama/50_1400_room.html?JKSS=000315504,<li>JR高崎線「北本」駅バス4～12分 徒歩1～5分</li><li>JR高崎線「桶川」駅 徒歩30～57分</li><li>JR高崎線「鴻巣」駅 徒歩45～79分</li>
saitama,ageo,北本,47900,,,,,,,北本市栄7,3-15号棟,鉄筋コンクリート造,5,N,504号室,3K,52,5,44100,3800,2か月,['フリレ１か月'],随時,https://www.ur-net.go.jp/chintai/kanto/saitama/50_1400_room.html?JKSS=000315504,<li>JR高崎線「北本」駅バス4～12分 徒歩1～5分</li><li>JR高崎線「桶川」駅 徒歩30～57分</li><li>JR高崎線「鴻巣」駅 徒歩45～79分</li>
saitama,ageo,北本,48100,,,,JR高崎線「北本」駅,5.0,17.0,北本市栄7,1-17号棟,鉄筋コンクリート造,5,N,501号室,3K,52,5,44300,3800,2か月,"['近居割', '近居割WIDE']",随時,https://www.ur-net.go.jp/chintai/kanto/saitama/50_1400_room.html?JKSS=000117501,<li>JR高崎線「北本」駅バス4～12分 徒歩1～5分</li><li>JR高崎線「桶川」駅 徒歩30～57分</li><li>JR高崎線「鴻巣」駅 徒歩45～79分</li>
saitama,ageo,北本,48100,JR高崎線「桶川」駅,30.0,57.0,,,,北本市栄7,1-17号棟,鉄筋コンクリート造,5,N,501号室,3K,52,5,44300,3800,2か月,"['近居割', '近居割WIDE']",随時,https://www.ur-net.go.jp/chintai/kanto/saitama/50_1400_room.html?JKSS=000117501,<li>JR高崎線「北本」駅バス4～12分 徒歩1～5分</li><li>JR高崎線「桶川」駅 徒歩30～57分</li><li>JR高崎線「鴻巣」駅 徒歩45～79分</li>
saitama,ageo,北本,48100,JR高崎線「鴻巣」駅,45.0,79.0,,,,北本市栄7,1-17号棟,鉄筋コンクリート造,5,N,501号室,3K,52,5,44300,3800,2か月,"['近居割', '近居割WIDE']",随時,https://www.ur-net.go.jp/chintai/kanto/saitama/50_1400_room.html?JKSS=000117501,<li>JR高崎線「北本」駅バス4～12分 徒歩1～5分</li><li>JR高崎線「桶川」駅 徒歩30～57分</li><li>JR高崎線「鴻巣」駅 徒歩45～79分</li>
saitama,ageo,北本,48100,,,,,,,北本市栄7,1-17号棟,鉄筋コンクリート造,5,N,501号室,3K,52,5,44300,3800,2か月,"['近居割', '近居割WIDE']",随時,https://www.ur-net.go.jp/chintai/kanto/saitama/50_1400_room.html?JKSS=000117501,<li>JR高崎線「北本」駅バス4～12分 徒歩1～5分</li><li>JR高崎線「桶川」駅 徒歩30～57分</li><li>JR高崎線「鴻巣」駅 徒歩45～79分</li>
saitama,tokorozawa,所沢パークタウン並木通り,72200,,,,西武新宿線「航空公園」駅,10.0,12.0,所沢市並木8-1,4号棟,鉄骨鉄筋コンクリート造,1,N,102号室,2DK,48,14,67700,4500,2か月,"['近居割', '近居割WIDE']",随時,https://www.ur-net.go.jp/chintai/kanto/saitama/50_1980_room.html?JKSS=000040102,<li>西武新宿線「航空公園」駅バス8分 徒歩2～4分</li><li>西武新宿線「所沢」駅バス10分 徒歩3～5分</li><li>西武新宿線「新所沢」駅 徒歩36～38分</li>
saitama,tokorozawa,所沢パークタウン並木通り,72200,,,,西武新宿線「所沢」駅,13.0,15.0,所沢市並木8-1,4号棟,鉄骨鉄筋コンクリート造,1,N,102号室,2DK,48,14,67700,4500,2か月,"['近居割', '近居割WIDE']",随時,https://www.ur-net.go.jp/chintai/kanto/saitama/50_1980_room.html?JKSS=000040102,<li>西武新宿線「航空公園」駅バス8分 徒歩2～4分</li><li>西武新宿線「所沢」駅バス10分 徒歩3～5分</li><li>西武新宿線「新所沢」駅 徒歩36～38分</li>
saitama,tokorozawa,所沢パークタウン並木通り,72200,西武新宿線「新所沢」駅,36.0,38.0,,,,所沢市並木8-1,4号棟,鉄骨鉄筋コンクリート造,1,N,102号室,2DK,48,14,67700,4500,2か月,"['近居割', '近居割WIDE']",随時,https://www.ur-net.go.jp/chintai/kanto/saitama/50_1980_room.html?JKSS=000040102,<li>西武新宿線「航空公園」駅バス8分 徒歩2～4分</li><li>西武新宿線「所沢」駅バス10分 徒歩3～5分</li><li>西武新宿線「新所沢」駅 徒歩36～38分</li>
saitama,tokorozawa,所沢パークタウン並木通り,72200,,,,,,,所沢市並木8-1,4号棟,鉄骨鉄筋コンクリート造,1,N,102号室,2DK,48,14,67700,4500,2か月,"['近居割', '近居割WIDE']",随時,https://www.ur-net.go.jp/chintai/kanto/saitama/50_1980_room.html?JKSS=000040102,<li>西武新宿線「航空公園」駅バス8分 徒歩2～4分</li><li>西武新宿線「所沢」駅バス10分 徒歩3～5分</li><li>西武新宿線「新所沢」駅 徒歩36～38分</li>
saitama,tokorozawa,所沢パークタウン並木通り,75600,,,,西武新宿線「航空公園」駅,10.0,12.0,所沢市並木8-1,4号棟,鉄骨鉄筋コンクリート造,3,N,304号室,2DK,48,14,71100,4500,2か月,"['近居割', '近居割WIDE']",随時,https://www.ur-net.go.jp/chintai/kanto/saitama/50_1980_room.html?JKSS=000040304,<li>西武新宿線「航空公園」駅バス8分 徒歩2～4分</li><li>西武新宿線「所沢」駅バス10分 徒歩3～5分</li><li>西武新宿線「新所沢」駅 徒歩36～38分</li>
saitama,tokorozawa,所沢パークタウン並木通り,75600,,,,西武新宿線「所沢」駅,13.0,15.0,所沢市並木8-1,4号棟,鉄骨鉄筋コンクリート造,3,N,304号室,2DK,48,14,71100,4500,2か月,"['近居割', '近居割WIDE']",随時,https://www.ur-net.go.jp/chintai/kanto/saitama/50_1980_room.html?JKSS=000040304,<li>西武新宿線「航空公園」駅バス8分 徒歩2～4分</li><li>西武新宿線「所沢」駅バス10分 徒歩3～5分</li><li>西武新宿線「新所沢」駅 徒歩36～38分</li>
saitama,tokorozawa,所沢パークタウン並木通り,75600,西武新宿線「新所沢」駅,36.0,38.0,,,,所沢市並木8-1,4号棟,鉄骨鉄筋コンクリート造,3,N,304号室,2DK,48,14,71100,4500,2か月,"['近居割', '近居割WIDE']",随時,https://www.ur-net.go.jp/chintai/kanto/saitama/50_1980_room.html?JKSS=000040304,<li>西武新宿線「航空公園」駅バス8分 徒歩2～4分</li><li>西武新宿線「所沢」駅バス10分 徒歩3～5分</li><li>西武新宿線「新所沢」駅 徒歩36～38分</li>
saitama,tokorozawa,所沢パークタウン並木通り,75600,,,,,,,所沢市並木8-1,4号棟,鉄骨鉄筋コンクリート造,3,N,304号室,2DK,48,14,71100,4500,2か月,"['近居割', '近居割WIDE']",随時,https://www.ur-net.go.jp/chintai/kanto/saitama/50_1980_room.html?JKSS=000040304,<li>西武新宿線「航空公園」駅バス8分 徒歩2～4分</li><li>西武新宿線「所沢」駅バス10分 徒歩3～5分</li><li>西武新宿線「新所沢」駅 徒歩36～38分</li>
saitama,tokorozawa,所沢パークタウン並木通り,99800,,,,西武新宿線「航空公園」駅,10.0,12.0,所沢市並木8-1,6号棟,鉄骨鉄筋コンクリート造,7,N,706号室,3DK,57,11,95300,4500,2か月,"['近居割', '近居割WIDE']",随時,https://www.ur-net.go.jp/chintai/kanto/saitama/50_1980_room.html?JKSS=000060706,<li>西武新宿線「航空公園」駅バス8分 徒歩2～4分</li><li>西武新宿線「所沢」駅バス10分 徒歩3～5分</li><li>西武新宿線「新所沢」駅 徒歩36～38分</li>
saitama,tokorozawa,所沢パークタウン並木通り,99800,,,,西武新宿線「所沢」駅,13.0,15.0,所沢市並木8-1,6号棟,鉄骨鉄筋コンクリート造,7,N,706号室,3DK,57,11,95300,4500,2か月,"['近居割', '近居割WIDE']",随時,https://www.ur-net.go.jp/chintai/kanto/saitama/50_1980_room.html?JKSS=000060706,<li>西武新宿線「航空公園」駅バス8分 徒歩2～4分</li><li>西武新宿線「所沢」駅バス10分 徒歩3～5分</li><li>西武新宿線「新所沢」駅 徒歩36～38分</li>
saitama,tokorozawa,所沢パークタウン並木通り,99800,西武新宿線「新所沢」駅,36.0,38.0,,,,所沢市並木8-1,6号棟,鉄骨鉄筋コンクリート造,7,N,706号室,3DK,57,11,95300,4500,2か月,"['近居割', '近居割WIDE']",随時,https://www.ur-net.go.jp/chintai/kanto/saitama/50_1980_room.html?JKSS=000060706,<li>西武新宿線「航空公園」駅バス8分 徒歩2～4分</li><li>西武新宿線「所沢」駅バス10分 徒歩3～5分</li><li>西武新宿線「新所沢」駅 徒歩36～38分</li>
saitama,tokorozawa,所沢パークタウン並木通り,99800,,,,,,,所沢市並木8-1,6号棟,鉄骨鉄筋コンクリート造,7,N,706号室,3DK,57,11,95300,4500,2か月,"['近居割', '近居割WIDE']",随時,https://www.ur-net.go.jp/chintai/kanto/saitama/50_1980_room.html?JKSS=000060706,<li>西武新宿線「航空公園」駅バス8分 徒歩2～4分</li><li>西武新宿線「所沢」駅バス10分 徒歩3～5分</li><li>西武新宿線「新所沢」駅 徒歩36～38分</li>
saitama,tokorozawa,所沢パークタウン並木通り,99800,,,,西武新宿線「航空公園」駅,10.0,12.0,所沢市並木8-1,6号棟,鉄骨鉄筋コンクリート造,11,N,1106号室,3DK,65,11,95300,4500,2か月,"['近居割', '近居割WIDE']",随時,https://www.ur-net.go.jp/chintai/kanto/saitama/50_1980_room.html?JKSS=000061106,<li>西武新宿線「航空公園」駅バス8分 徒歩2～4分</li><li>西武新宿線「所沢」駅バス10分 徒歩3～5分</li><li>西武新宿線「新所沢」駅 徒歩36～38分</li>
saitama,tokorozawa,所沢パークタウン並木通り,99800,,,,西武新宿線「所沢」駅,13.0,15.0,所沢市並木8-1,6号棟,鉄骨鉄筋コンクリート造,11,N,1106号室,3DK,65,11,95300,4500,2か月,"['近居割', '近居割WIDE']",随時,https://www.ur-net.go.jp/chintai/kanto/saitama/50_1980_room.html?JKSS=000061106,<li>西武新宿線「航空公園」駅バス8分 徒歩2～4分</li><li>西武新宿線「所沢」駅バス10分 徒歩3～5分</li><li>西武新宿線「新所沢」駅 徒歩36～38分</li>
saitama,tokorozawa,所沢パークタウン並木通り,99800,西武新宿線「新所沢」駅,36.0,38.0,,,,所沢市並木8-1,6号棟,鉄骨鉄筋コンクリート造,11,N,1106号室,3DK,65,11,95300,4500,2か月,"['近居割', '近居割WIDE']",随時,https://www.ur-net.go.jp/chintai/kanto/saitama/50_1980_room.html?JKSS=000061106,<li>西武新宿線「航空公園」駅バス8分 徒歩2～4分</li><li>西武新宿線「所沢」駅バス10分 徒歩3～5分</li><li>西武新宿線「新所沢」駅 徒歩36～38分</li>
saitama,tokorozawa,所沢パークタウン並木通り,99800,,,,,,,所沢市並木8-1,6号棟,鉄骨鉄筋コンクリート造,11,N,1106号室,3DK,65,11,95300,4500,2か月,"['近居割', '近居割WIDE']",随時,https://www.ur-net.go.jp/chintai/kanto/saitama/50_1980_room.html?JKSS=000061106,<li>西武新宿線「航空公園」駅バス8分 徒歩2～4分</li><li>西武新宿線「所沢」駅バス10分 徒歩3～5分</li><li>西武新宿線「新所沢」駅 徒歩36～38分</li>
saitama,tokorozawa,所沢パークタウン駅前通り,83400,西武新宿線「航空公園」駅,4.0,9.0,,,,所沢市並木3-1,7号棟,鉄筋コンクリート造、鉄骨鉄筋コンクリート造,4,N,404号室,2LDK,58,5,80200,3200,2か月,"['近居割', '近居割WIDE']",随時,https://www.ur-net.go.jp/chintai/kanto/saitama/50_1910_room.html?JKSS=000070404,<li>西武新宿線「航空公園」駅 徒歩4～9分</li><li>西武新宿線「新所沢」駅 徒歩20～25分</li><li>西武池袋線「所沢」駅 徒歩22～25分</li>
saitama,tokorozawa,所沢パークタウン駅前通り,83400,西武新宿線「新所沢」駅,20.0,25.0,,,,所沢市並木3-1,7号棟,鉄筋コンクリート造、鉄骨鉄筋コンクリート造,4,N,404号室,2LDK,58,5,80200,3200,2か月,"['近居割', '近居割WIDE']",随時,https://www.ur-net.go.jp/chintai/kanto/saitama/50_1910_room.html?JKSS=000070404,<li>西武新宿線「航空公園」駅 徒歩4～9分</li><li>西武新宿線「新所沢」駅 徒歩20～25分</li><li>西武池袋線「所沢」駅 徒歩22～25分</li>
saitama,tokorozawa,所沢パークタウン駅前通り,83400,西武池袋線「所沢」駅,22.0,25.0,,,,所沢市並木3-1,7号棟,鉄筋コンクリート造、鉄骨鉄筋コンクリート造,4,N,404号室,2LDK,58,5,80200,3200,2か月,"['近居割', '近居割WIDE']",随時,https://www.ur-net.go.jp/chintai/kanto/saitama/50_1910_room.html?JKSS=000070404,<li>西武新宿線「航空公園」駅 徒歩4～9分</li><li>西武新宿線「新所沢」駅 徒歩20～25分</li><li>西武池袋線「所沢」駅 徒歩22～25分</li>
saitama,tokorozawa,所沢パークタウン駅前通り,83400,,,,,,,所沢市並木3-1,7号棟,鉄筋コンクリート造、鉄骨鉄筋コンクリート造,4,N,404号室,2LDK,58,5,80200,3200,2か月,"['近居割', '近居割WIDE']",随時,https://www.ur-net.go.jp/chintai/kanto/saitama/50_1910_room.html?JKSS=000070404,<li>西武新宿線「航空公園」駅 徒歩4～9分</li><li>西武新宿線「新所沢」駅 徒歩20～25分</li><li>西武池袋線「所沢」駅 徒歩22～25分</li>
saitama,tokorozawa,所沢パークタウン駅前通り,94300,西武新宿線「航空公園」駅,4.0,9.0,,,,所沢市並木3-1,11号棟,鉄筋コンクリート造、鉄骨鉄筋コンクリート造,7,N,708号室,3DK,63,10,91100,3200,2か月,"['近居割', '近居割WIDE']",随時,https://www.ur-net.go.jp/chintai/kanto/saitama/50_1910_room.html?JKSS=000110708,<li>西武新宿線「航空公園」駅 徒歩4～9分</li><li>西武新宿線「新所沢」駅 徒歩20～25分</li><li>西武池袋線「所沢」駅 徒歩22～25分</li>
saitama,tokorozawa,所沢パークタウン駅前通り,94300,西武新宿線「新所沢」駅,20.0,25.0,,,,所沢市並木3-1,11号棟,鉄筋コンクリート造、鉄骨鉄筋コンクリート造,7,N,708号室,3DK,63,10,91100,3200,2か月,"['近居割', '近居割WIDE']",随時,https://www.ur-net.go.jp/chintai/kanto/saitama/50_1910_room.html?JKSS=000110708,<li>西武新宿線「航空公園」駅 徒歩4～9分</li><li>西武新宿線「新所沢」駅 徒歩20～25分</li><li>西武池袋線「所沢」駅 徒歩22～25分</li>
saitama,tokorozawa,所沢パークタウン駅前通り,94300,西武池袋線「所沢」駅,22.0,25.0,,,,所沢市並木3-1,11号棟,鉄筋コンクリート造、鉄骨鉄筋コンクリート造,7,N,708号室,3DK,63,10,91100,3200,2か月,"['近居割', '近居割WIDE']",随時,https://www.ur-net.go.jp/chintai/kanto/saitama/50_1910_room.html?JKSS=000110708,<li>西武新宿線「航空公園」駅 徒歩4～9分</li><li>西武新宿線「新所沢」駅 徒歩20～25分</li><li>西武池袋線「所沢」駅 徒歩22～25分</li>
saitama,tokorozawa,所沢パークタウン駅前通り,94300,,,,,,,所沢市並木3-1,11号棟,鉄筋コンクリート造、鉄骨鉄筋コンクリート造,7,N,708号室,3DK,63,10,91100,3200,2か月,"['近居割', '近居割WIDE']",随時,https://www.ur-net.go.jp/chintai/kanto/saitama/50_1910_room.html?JKSS=000110708,<li>西武新宿線「航空公園」駅 徒歩4～9分</li><li>西武新宿線「新所沢」駅 徒歩20～25分</li><li>西武池袋線「所沢」駅 徒歩22～25分</li>
saitama,tokorozawa,所沢パークタウン駅前通り,101500,西武新宿線「航空公園」駅,4.0,9.0,,,,所沢市並木3-1,6号棟,鉄筋コンクリート造、鉄骨鉄筋コンクリート造,4,N,410号室,3DK,63,10,98300,3200,2か月,"['近居割', '近居割WIDE']",随時,https://www.ur-net.go.jp/chintai/kanto/saitama/50_1910_room.html?JKSS=000060410,<li>西武新宿線「航空公園」駅 徒歩4～9分</li><li>西武新宿線「新所沢」駅 徒歩20～25分</li><li>西武池袋線「所沢」駅 徒歩22～25分</li>
saitama,tokorozawa,所沢パークタウン駅前通り,101500,西武新宿線「新所沢」駅,20.0,25.0,,,,所沢市並木3-1,6号棟,鉄筋コンクリート造、鉄骨鉄筋コンクリート造,4,N,410号室,3DK,63,10,98300,3200,2か月,"['近居割', '近居割WIDE']",随時,https://www.ur-net.go.jp/chintai/kanto/saitama/50_1910_room.html?JKSS=000060410,<li>西武新宿線「航空公園」駅 徒歩4～9分</li><li>西武新宿線「新所沢」駅 徒歩20～25分</li><li>西武池袋線「所沢」駅 徒歩22～25分</li>
saitama,tokorozawa,所沢パークタウン駅前通り,101500,西武池袋線「所沢」駅,22.0,25.0,,,,所沢市並木3-1,6号棟,鉄筋コンクリート造、鉄骨鉄筋コンクリート造,4,N,410号室,3DK,63,10,98300,3200,2か月,"['近居割', '近居割WIDE']",随時,https://www.ur-net.go.jp/chintai/kanto/saitama/50_1910_room.html?JKSS=000060410,<li>西武新宿線「航空公園」駅 徒歩4～9分</li><li>西武新宿線「新所沢」駅 徒歩20～25分</li><li>西武池袋線「所沢」駅 徒歩22～25分</li>
saitama,tokorozawa,所沢パークタウン駅前通り,101500,,,,,,,所沢市並木3-1,6号棟,鉄筋コンクリート造、鉄骨鉄筋コンクリート造,4,N,410号室,3DK,63,10,98300,3200,2か月,"['近居割', '近居割WIDE']",随時,https://www.ur-net.go.jp/chintai/kanto/saitama/50_1910_room.html?JKSS=000060410,<li>西武新宿線「航空公園」駅 徒歩4～9分</li><li>西武新宿線「新所沢」駅 徒歩20～25分</li><li>西武池袋線「所沢」駅 徒歩22～25分</li>
saitama,tokorozawa,所沢パークタウン公園通り,92600,西武新宿線「航空公園」駅,7.0,8.0,,,,所沢市並木2-3,3号棟,鉄筋コンクリート造、鉄骨鉄筋コンクリート造,3,N,304号室,2DK,50,8,88300,4300,2か月,"['近居割', '近居割WIDE']",随時,https://www.ur-net.go.jp/chintai/kanto/saitama/50_1970_room.html?JKSS=000030304,<li>西武新宿線「航空公園」駅 徒歩7～8分</li><li>西武新宿線「新所沢」駅 徒歩14～15分</li><li>西武池袋線「所沢」駅 徒歩27～28分</li>
saitama,tokorozawa,所沢パークタウン公園通り,92600,西武新宿線「新所沢」駅,14.0,15.0,,,,所沢市並木2-3,3号棟,鉄筋コンクリート造、鉄骨鉄筋コンクリート造,3,N,304号室,2DK,50,8,88300,4300,2か月,"['近居割', '近居割WIDE']",随時,https://www.ur-net.go.jp/chintai/kanto/saitama/50_1970_room.html?JKSS=000030304,<li>西武新宿線「航空公園」駅 徒歩7～8分</li><li>西武新宿線「新所沢」駅 徒歩14～15分</li><li>西武池袋線「所沢」駅 徒歩27～28分</li>
saitama,tokorozawa,所沢パークタウン公園通り,92600,西武池袋線「所沢」駅,27.0,28.0,,,,所沢市並木2-3,3号棟,鉄筋コンクリート造、鉄骨鉄筋コンクリート造,3,N,304号室,2DK,50,8,88300,4300,2か月,"['近居割', '近居割WIDE']",随時,https://www.ur-net.go.jp/chintai/kanto/saitama/50_1970_room.html?JKSS=000030304,<li>西武新宿線「航空公園」駅 徒歩7～8分</li><li>西武新宿線「新所沢」駅 徒歩14～15分</li><li>西武池袋線「所沢」駅 徒歩27～28分</li>
saitama,tokorozawa,所沢パークタウン公園通り,92600,,,,,,,所沢市並木2-3,3号棟,鉄筋コンクリート造、鉄骨鉄筋コンクリート造,3,N,304号室,2DK,50,8,88300,4300,2か月,"['近居割', '近居割WIDE']",随時,https://www.ur-net.go.jp/chintai/kanto/saitama/50_1970_room.html?JKSS=000030304,<li>西武新宿線「航空公園」駅 徒歩7～8分</li><li>西武新宿線「新所沢」駅 徒歩14～15分</li><li>西武池袋線「所沢」駅 徒歩27～28分</li>
saitama,tokorozawa,所沢パークタウン公園通り,93300,西武新宿線「航空公園」駅,7.0,8.0,,,,所沢市並木2-3,3号棟,鉄筋コンクリート造、鉄骨鉄筋コンクリート造,2,N,205号室,1LDK,50,8,89000,4300,2か月,"['近居割', '近居割WIDE']",随時,https://www.ur-net.go.jp/chintai/kanto/saitama/50_1970_room.html?JKSS=000030205,<li>西武新宿線「航空公園」駅 徒歩7～8分</li><li>西武新宿線「新所沢」駅 徒歩14～15分</li><li>西武池袋線「所沢」駅 徒歩27～28分</li>
saitama,tokorozawa,所沢パークタウン公園通り,93300,西武新宿線「新所沢」駅,14.0,15.0,,,,所沢市並木2-3,3号棟,鉄筋コンクリート造、鉄骨鉄筋コンクリート造,2,N,205号室,1LDK,50,8,89000,4300,2か月,"['近居割', '近居割WIDE']",随時,https://www.ur-net.go.jp/chintai/kanto/saitama/50_1970_room.html?JKSS=000030205,<li>西武新宿線「航空公園」駅 徒歩7～8分</li><li>西武新宿線「新所沢」駅 徒歩14～15分</li><li>西武池袋線「所沢」駅 徒歩27～28分</li>
saitama,tokorozawa,所沢パークタウン公園通り,93300,西武池袋線「所沢」駅,27.0,28.0,,,,所沢市並木2-3,3号棟,鉄筋コンクリート造、鉄骨鉄筋コンクリート造,2,N,205号室,1LDK,50,8,89000,4300,2か月,"['近居割', '近居割WIDE']",随時,https://www.ur-net.go.jp/chintai/kanto/saitama/50_1970_room.html?JKSS=000030205,<li>西武新宿線「航空公園」駅 徒歩7～8分</li><li>西武新宿線「新所沢」駅 徒歩14～15分</li><li>西武池袋線「所沢」駅 徒歩27～28分</li>
saitama,tokorozawa,所沢パークタウン公園通り,93300,,,,,,,所沢市並木2-3,3号棟,鉄筋コンクリート造、鉄骨鉄筋コンクリート造,2,N,205号室,1LDK,50,8,89000,4300,2か月,"['近居割', '近居割WIDE']",随時,https://www.ur-net.go.jp/chintai/kanto/saitama/50_1970_room.html?JKSS=000030205,<li>西武新宿線「航空公園」駅 徒歩7～8分</li><li>西武新宿線「新所沢」駅 徒歩14～15分</li><li>西武池袋線「所沢」駅 徒歩27～28分</li>
saitama,wakaba,かわつるグリーンタウン　松ヶ丘,70800,東武東上線「鶴ケ島」駅,19.0,23.0,東武東上線「鶴ケ島」駅,4.0,7.0,鶴ヶ島市松ヶ丘4-1,3号棟,鉄筋コンクリート造,5,N,502号室,3DK,63,5,67800,3000,2か月,['フリレ2か月'],随時,https://www.ur-net.go.jp/chintai/kanto/saitama/50_2360_room.html?JKSS=000030502,<li>東武東上線「鶴ケ島」駅バス3分 徒歩1～4分</li><li>東武東上線「鶴ケ島」駅 徒歩19～23分</li><li>JR川越線「笠幡」駅バス18分 徒歩8～12分</li>
saitama,wakaba,かわつるグリーンタウン　松ヶ丘,70800,,,,JR川越線「笠幡」駅,26.0,30.0,鶴ヶ島市松ヶ丘4-1,3号棟,鉄筋コンクリート造,5,N,502号室,3DK,63,5,67800,3000,2か月,['フリレ2か月'],随時,https://www.ur-net.go.jp/chintai/kanto/saitama/50_2360_room.html?JKSS=000030502,<li>東武東上線「鶴ケ島」駅バス3分 徒歩1～4分</li><li>東武東上線「鶴ケ島」駅 徒歩19～23分</li><li>JR川越線「笠幡」駅バス18分 徒歩8～12分</li>
saitama,wakaba,かわつるグリーンタウン　松ヶ丘,70800,,,,,,,鶴ヶ島市松ヶ丘4-1,3号棟,鉄筋コンクリート造,5,N,502号室,3DK,63,5,67800,3000,2か月,['フリレ2か月'],随時,https://www.ur-net.go.jp/chintai/kanto/saitama/50_2360_room.html?JKSS=000030502,<li>東武東上線「鶴ケ島」駅バス3分 徒歩1～4分</li><li>東武東上線「鶴ケ島」駅 徒歩19～23分</li><li>JR川越線「笠幡」駅バス18分 徒歩8～12分</li>
saitama,wakaba,かわつるグリーンタウン　松ヶ丘,74100,東武東上線「鶴ケ島」駅,19.0,23.0,東武東上線「鶴ケ島」駅,4.0,7.0,鶴ヶ島市松ヶ丘4-1,1号棟,鉄筋コンクリート造,4,N,402号室,3LDK,70,5,71100,3000,2か月,"['近居割', '近居割WIDE']",随時,https://www.ur-net.go.jp/chintai/kanto/saitama/50_2360_room.html?JKSS=000010402,<li>東武東上線「鶴ケ島」駅バス3分 徒歩1～4分</li><li>東武東上線「鶴ケ島」駅 徒歩19～23分</li><li>JR川越線「笠幡」駅バス18分 徒歩8～12分</li>
saitama,wakaba,かわつるグリーンタウン　松ヶ丘,74100,,,,JR川越線「笠幡」駅,26.0,30.0,鶴ヶ島市松ヶ丘4-1,1号棟,鉄筋コンクリート造,4,N,402号室,3LDK,70,5,71100,3000,2か月,"['近居割', '近居割WIDE']",随時,https://www.ur-net.go.jp/chintai/kanto/saitama/50_2360_room.html?JKSS=000010402,<li>東武東上線「鶴ケ島」駅バス3分 徒歩1～4分</li><li>東武東上線「鶴ケ島」駅 徒歩19～23分</li><li>JR川越線「笠幡」駅バス18分 徒歩8～12分</li>
saitama,wakaba,かわつるグリーンタウン　松ヶ丘,74100,,,,,,,鶴ヶ島市松ヶ丘4-1,1号棟,鉄筋コンクリート造,4,N,402号室,3LDK,70,5,71100,3000,2か月,"['近居割', '近居割WIDE']",随時,https://www.ur-net.go.jp/chintai/kanto/saitama/50_2360_room.html?JKSS=000010402,<li>東武東上線「鶴ケ島」駅バス3分 徒歩1～4分</li><li>東武東上線「鶴ケ島」駅 徒歩19～23分</li><li>JR川越線「笠幡」駅バス18分 徒歩8～12分</li>
saitama,wakaba,かわつるグリーンタウン　松ヶ丘,75400,東武東上線「鶴ケ島」駅,19.0,23.0,東武東上線「鶴ケ島」駅,4.0,7.0,鶴ヶ島市松ヶ丘4-1,9号棟,鉄筋コンクリート造,3,N,304号室,3LDK,67,5,72400,3000,2か月,"['近居割', '近居割WIDE']",随時,https://www.ur-net.go.jp/chintai/kanto/saitama/50_2360_room.html?JKSS=000090304,<li>東武東上線「鶴ケ島」駅バス3分 徒歩1～4分</li><li>東武東上線「鶴ケ島」駅 徒歩19～23分</li><li>JR川越線「笠幡」駅バス18分 徒歩8～12分</li>
saitama,wakaba,かわつるグリーンタウン　松ヶ丘,75400,,,,JR川越線「笠幡」駅,26.0,30.0,鶴ヶ島市松ヶ丘4-1,9号棟,鉄筋コンクリート造,3,N,304号室,3LDK,67,5,72400,3000,2か月,"['近居割', '近居割WIDE']",随時,https://www.ur-net.go.jp/chintai/kanto/saitama/50_2360_room.html?JKSS=000090304,<li>東武東上線「鶴ケ島」駅バス3分 徒歩1～4分</li><li>東武東上線「鶴ケ島」駅 徒歩19～23分</li><li>JR川越線「笠幡」駅バス18分 徒歩8～12分</li>
saitama,wakaba,かわつるグリーンタウン　松ヶ丘,75400,,,,,,,鶴ヶ島市松ヶ丘4-1,9号棟,鉄筋コンクリート造,3,N,304号室,3LDK,67,5,72400,3000,2か月,"['近居割', '近居割WIDE']",随時,https://www.ur-net.go.jp/chintai/kanto/saitama/50_2360_room.html?JKSS=000090304,<li>東武東上線「鶴ケ島」駅バス3分 徒歩1～4分</li><li>東武東上線「鶴ケ島」駅 徒歩19～23分</li><li>JR川越線「笠幡」駅バス18分 徒歩8～12分</li>
saitama,wakaba,かわつるグリーンタウン　松ヶ丘,89900,東武東上線「鶴ケ島」駅,19.0,23.0,東武東上線「鶴ケ島」駅,4.0,7.0,鶴ヶ島市松ヶ丘4-1,15号棟,鉄筋コンクリート造,1,N,101号室,4LDK,86,5,86900,3000,2か月,"['近居割', '近居割WIDE']",随時,https://www.ur-net.go.jp/chintai/kanto/saitama/50_2360_room.html?JKSS=000150101,<li>東武東上線「鶴ケ島」駅バス3分 徒歩1～4分</li><li>東武東上線「鶴ケ島」駅 徒歩19～23分</li><li>JR川越線「笠幡」駅バス18分 徒歩8～12分</li>
saitama,wakaba,かわつるグリーンタウン　松ヶ丘,89900,,,,JR川越線「笠幡」駅,26.0,30.0,鶴ヶ島市松ヶ丘4-1,15号棟,鉄筋コンクリート造,1,N,101号室,4LDK,86,5,86900,3000,2か月,"['近居割', '近居割WIDE']",随時,https://www.ur-net.go.jp/chintai/kanto/saitama/50_2360_room.html?JKSS=000150101,<li>東武東上線「鶴ケ島」駅バス3分 徒歩1～4分</li><li>東武東上線「鶴ケ島」駅 徒歩19～23分</li><li>JR川越線「笠幡」駅バス18分 徒歩8～12分</li>
saitama,wakaba,かわつるグリーンタウン　松ヶ丘,89900,,,,,,,鶴ヶ島市松ヶ丘4-1,15号棟,鉄筋コンクリート造,1,N,101号室,4LDK,86,5,86900,3000,2か月,"['近居割', '近居割WIDE']",随時,https://www.ur-net.go.jp/chintai/kanto/saitama/50_2360_room.html?JKSS=000150101,<li>東武東上線「鶴ケ島」駅バス3分 徒歩1～4分</li><li>東武東上線「鶴ケ島」駅 徒歩19～23分</li><li>JR川越線「笠幡」駅バス18分 徒歩8～12分</li>
saitama,wakaba,かわつるグリーンタウン　新鶴,72020,,,,東武東上線「鶴ケ島」駅,5.0,13.0,鶴ヶ島市南町2-1,1号棟,鉄筋コンクリート造,5,N,501号室,3LDK,77,5,69300,2720,2か月,"['近居割', '近居割WIDE']",随時,https://www.ur-net.go.jp/chintai/kanto/saitama/50_2100_room.html?JKSS=000010501,<li>東武東上線「鶴ケ島」駅バス4～9分 徒歩1～4分</li><li>JR川越線「笠幡」駅 徒歩27～30分</li><li>JR川越線「的場」駅 徒歩39～42分</li>
saitama,wakaba,かわつるグリーンタウン　新鶴,72020,JR川越線「笠幡」駅,27.0,30.0,,,,鶴ヶ島市南町2-1,1号棟,鉄筋コンクリート造,5,N,501号室,3LDK,77,5,69300,2720,2か月,"['近居割', '近居割WIDE']",随時,https://www.ur-net.go.jp/chintai/kanto/saitama/50_2100_room.html?JKSS=000010501,<li>東武東上線「鶴ケ島」駅バス4～9分 徒歩1～4分</li><li>JR川越線「笠幡」駅 徒歩27～30分</li><li>JR川越線「的場」駅 徒歩39～42分</li>
saitama,wakaba,かわつるグリーンタウン　新鶴,72020,JR川越線「的場」駅,39.0,42.0,,,,鶴ヶ島市南町2-1,1号棟,鉄筋コンクリート造,5,N,501号室,3LDK,77,5,69300,2720,2か月,"['近居割', '近居割WIDE']",随時,https://www.ur-net.go.jp/chintai/kanto/saitama/50_2100_room.html?JKSS=000010501,<li>東武東上線「鶴ケ島」駅バス4～9分 徒歩1～4分</li><li>JR川越線「笠幡」駅 徒歩27～30分</li><li>JR川越線「的場」駅 徒歩39～42分</li>
saitama,wakaba,かわつるグリーンタウン　新鶴,72020,,,,,,,鶴ヶ島市南町2-1,1号棟,鉄筋コンクリート造,5,N,501号室,3LDK,77,5,69300,2720,2か月,"['近居割', '近居割WIDE']",随時,https://www.ur-net.go.jp/chintai/kanto/saitama/50_2100_room.html?JKSS=000010501,<li>東武東上線「鶴ケ島」駅バス4～9分 徒歩1～4分</li><li>JR川越線「笠幡」駅 徒歩27～30分</li><li>JR川越線「的場」駅 徒歩39～42分</li>
saitama,wakaba,かわつるグリーンタウン　新鶴,73120,,,,東武東上線「鶴ケ島」駅,5.0,13.0,鶴ヶ島市南町2-1,2号棟,鉄筋コンクリート造,4,N,408号室,3LDK,77,5,70400,2720,2か月,"['近居割', '近居割WIDE']",随時,https://www.ur-net.go.jp/chintai/kanto/saitama/50_2100_room.html?JKSS=000020408,<li>東武東上線「鶴ケ島」駅バス4～9分 徒歩1～4分</li><li>JR川越線「笠幡」駅 徒歩27～30分</li><li>JR川越線「的場」駅 徒歩39～42分</li>
saitama,wakaba,かわつるグリーンタウン　新鶴,73120,JR川越線「笠幡」駅,27.0,30.0,,,,鶴ヶ島市南町2-1,2号棟,鉄筋コンクリート造,4,N,408号室,3LDK,77,5,70400,2720,2か月,"['近居割', '近居割WIDE']",随時,https://www.ur-net.go.jp/chintai/kanto/saitama/50_2100_room.html?JKSS=000020408,<li>東武東上線「鶴ケ島」駅バス4～9分 徒歩1～4分</li><li>JR川越線「笠幡」駅 徒歩27～30分</li><li>JR川越線「的場」駅 徒歩39～42分</li>
saitama,wakaba,かわつるグリーンタウン　新鶴,73120,JR川越線「的場」駅,39.0,42.0,,,,鶴ヶ島市南町2-1,2号棟,鉄筋コンクリート造,4,N,408号室,3LDK,77,5,70400,2720,2か月,"['近居割', '近居割WIDE']",随時,https://www.ur-net.go.jp/chintai/kanto/saitama/50_2100_room.html?JKSS=000020408,<li>東武東上線「鶴ケ島」駅バス4～9分 徒歩1～4分</li><li>JR川越線「笠幡」駅 徒歩27～30分</li><li>JR川越線「的場」駅 徒歩39～42分</li>
saitama,wakaba,かわつるグリーンタウン　新鶴,73120,,,,,,,鶴ヶ島市南町2-1,2号棟,鉄筋コンクリート造,4,N,408号室,3LDK,77,5,70400,2720,2か月,"['近居割', '近居割WIDE']",随時,https://www.ur-net.go.jp/chintai/kanto/saitama/50_2100_room.html?JKSS=000020408,<li>東武東上線「鶴ケ島」駅バス4～9分 徒歩1～4分</li><li>JR川越線「笠幡」駅 徒歩27～30分</li><li>JR川越線「的場」駅 徒歩39～42分</li>
saitama,wakaba,かわつるグリーンタウン　松ヶ丘第二,98100,東武東上線「鶴ケ島」駅,25.0,26.0,東武東上線「鶴ケ島」駅,6.0,6.0,鶴ヶ島市松ヶ丘4-3,1号棟,鉄筋コンクリート造,2,N,205号室,2LDK,70,5,90500,7600,2か月,"['近居割', '近居割WIDE']",随時,https://www.ur-net.go.jp/chintai/kanto/saitama/50_3900_room.html?JKSS=000010205,<li>東武東上線「鶴ケ島」駅バス3分 徒歩3分</li><li>東武東上線「鶴ケ島」駅 徒歩25～26分</li><li>JR川越線「笠幡」駅バス18分 徒歩9分</li>
saitama,wakaba,かわつるグリーンタウン　松ヶ丘第二,98100,,,,JR川越線「笠幡」駅,27.0,27.0,鶴ヶ島市松ヶ丘4-3,1号棟,鉄筋コンクリート造,2,N,205号室,2LDK,70,5,90500,7600,2か月,"['近居割', '近居割WIDE']",随時,https://www.ur-net.go.jp/chintai/kanto/saitama/50_3900_room.html?JKSS=000010205,<li>東武東上線「鶴ケ島」駅バス3分 徒歩3分</li><li>東武東上線「鶴ケ島」駅 徒歩25～26分</li><li>JR川越線「笠幡」駅バス18分 徒歩9分</li>
saitama,wakaba,かわつるグリーンタウン　松ヶ丘第二,98100,,,,,,,鶴ヶ島市松ヶ丘4-3,1号棟,鉄筋コンクリート造,2,N,205号室,2LDK,70,5,90500,7600,2か月,"['近居割', '近居割WIDE']",随時,https://www.ur-net.go.jp/chintai/kanto/saitama/50_3900_room.html?JKSS=000010205,<li>東武東上線「鶴ケ島」駅バス3分 徒歩3分</li><li>東武東上線「鶴ケ島」駅 徒歩25～26分</li><li>JR川越線「笠幡」駅バス18分 徒歩9分</li>
saitama,wakaba,かわつるグリーンタウン　松ヶ丘第二,101600,東武東上線「鶴ケ島」駅,25.0,26.0,東武東上線「鶴ケ島」駅,6.0,6.0,鶴ヶ島市松ヶ丘4-3,1号棟,鉄筋コンクリート造,5,N,505号室,2LDK,70,5,94000,7600,2か月,"['近居割', '近居割WIDE']",随時,https://www.ur-net.go.jp/chintai/kanto/saitama/50_3900_room.html?JKSS=000010505,<li>東武東上線「鶴ケ島」駅バス3分 徒歩3分</li><li>東武東上線「鶴ケ島」駅 徒歩25～26分</li><li>JR川越線「笠幡」駅バス18分 徒歩9分</li>
saitama,wakaba,かわつるグリーンタウン　松ヶ丘第二,101600,,,,JR川越線「笠幡」駅,27.0,27.0,鶴ヶ島市松ヶ丘4-3,1号棟,鉄筋コンクリート造,5,N,505号室,2LDK,70,5,94000,7600,2か月,"['近居割', '近居割WIDE']",随時,https://www.ur-net.go.jp/chintai/kanto/saitama/50_3900_room.html?JKSS=000010505,<li>東武東上線「鶴ケ島」駅バス3分 徒歩3分</li><li>東武東上線「鶴ケ島」駅 徒歩25～26分</li><li>JR川越線「笠幡」駅バス18分 徒歩9分</li>
saitama,wakaba,かわつるグリーンタウン　松ヶ丘第二,101600,,,,,,,鶴ヶ島市松ヶ丘4-3,1号棟,鉄筋コンクリート造,5,N,505号室,2LDK,70,5,94000,7600,2か月,"['近居割', '近居割WIDE']",随時,https://www.ur-net.go.jp/chintai/kanto/saitama/50_3900_room.html?JKSS=000010505,<li>東武東上線「鶴ケ島」駅バス3分 徒歩3分</li><li>東武東上線「鶴ケ島」駅 徒歩25～26分</li><li>JR川越線「笠幡」駅バス18分 徒歩9分</li>
saitama,kamifukuoka,コンフォール上野台,103400,東武東上線「上福岡」駅,9.0,12.0,,,,ふじみ野市上野台1-1ほか,11号棟,鉄筋コンクリート造,1,N,102号室,2DK,55,10,97600,5800,2か月,"['近居割', '近居割WIDE']",随時,https://www.ur-net.go.jp/chintai/kanto/saitama/50_4030_room.html?JKSS=000110102,<li>東武東上線「上福岡」駅 徒歩9～12分</li><li>東武東上線「ふじみ野」駅 徒歩26～36分</li><li>東武東上線「新河岸」駅 徒歩34～39分</li>
saitama,kamifukuoka,コンフォール上野台,103400,東武東上線「ふじみ野」駅,26.0,36.0,,,,ふじみ野市上野台1-1ほか,11号棟,鉄筋コンクリート造,1,N,102号室,2DK,55,10,97600,5800,2か月,"['近居割', '近居割WIDE']",随時,https://www.ur-net.go.jp/chintai/kanto/saitama/50_4030_room.html?JKSS=000110102,<li>東武東上線「上福岡」駅 徒歩9～12分</li><li>東武東上線「ふじみ野」駅 徒歩26～36分</li><li>東武東上線「新河岸」駅 徒歩34～39分</li>
saitama,kamifukuoka,コンフォール上野台,103400,東武東上線「新河岸」駅,34.0,39.0,,,,ふじみ野市上野台1-1ほか,11号棟,鉄筋コンクリート造,1,N,102号室,2DK,55,10,97600,5800,2か月,"['近居割', '近居割WIDE']",随時,https://www.ur-net.go.jp/chintai/kanto/saitama/50_4030_room.html?JKSS=000110102,<li>東武東上線「上福岡」駅 徒歩9～12分</li><li>東武東上線「ふじみ野」駅 徒歩26～36分</li><li>東武東上線「新河岸」駅 徒歩34～39分</li>
saitama,kamifukuoka,コンフォール上野台,103400,,,,,,,ふじみ野市上野台1-1ほか,11号棟,鉄筋コンクリート造,1,N,102号室,2DK,55,10,97600,5800,2か月,"['近居割', '近居割WIDE']",随時,https://www.ur-net.go.jp/chintai/kanto/saitama/50_4030_room.html?JKSS=000110102,<li>東武東上線「上福岡」駅 徒歩9～12分</li><li>東武東上線「ふじみ野」駅 徒歩26～36分</li><li>東武東上線「新河岸」駅 徒歩34～39分</li>
saitama,kamifukuoka,コンフォール上野台,104600,東武東上線「上福岡」駅,9.0,12.0,,,,ふじみ野市上野台1-1ほか,12号棟,鉄筋コンクリート造,1,N,106号室,2DK,49,8,98800,5800,2か月,"['近居割', '近居割WIDE']",随時,https://www.ur-net.go.jp/chintai/kanto/saitama/50_4030_room.html?JKSS=000120106,<li>東武東上線「上福岡」駅 徒歩9～12分</li><li>東武東上線「ふじみ野」駅 徒歩26～36分</li><li>東武東上線「新河岸」駅 徒歩34～39分</li>
saitama,kamifukuoka,コンフォール上野台,104600,東武東上線「ふじみ野」駅,26.0,36.0,,,,ふじみ野市上野台1-1ほか,12号棟,鉄筋コンクリート造,1,N,106号室,2DK,49,8,98800,5800,2か月,"['近居割', '近居割WIDE']",随時,https://www.ur-net.go.jp/chintai/kanto/saitama/50_4030_room.html?JKSS=000120106,<li>東武東上線「上福岡」駅 徒歩9～12分</li><li>東武東上線「ふじみ野」駅 徒歩26～36分</li><li>東武東上線「新河岸」駅 徒歩34～39分</li>
saitama,kamifukuoka,コンフォール上野台,104600,東武東上線「新河岸」駅,34.0,39.0,,,,ふじみ野市上野台1-1ほか,12号棟,鉄筋コンクリート造,1,N,106号室,2DK,49,8,98800,5800,2か月,"['近居割', '近居割WIDE']",随時,https://www.ur-net.go.jp/chintai/kanto/saitama/50_4030_room.html?JKSS=000120106,<li>東武東上線「上福岡」駅 徒歩9～12分</li><li>東武東上線「ふじみ野」駅 徒歩26～36分</li><li>東武東上線「新河岸」駅 徒歩34～39分</li>
saitama,kamifukuoka,コンフォール上野台,104600,,,,,,,ふじみ野市上野台1-1ほか,12号棟,鉄筋コンクリート造,1,N,106号室,2DK,49,8,98800,5800,2か月,"['近居割', '近居割WIDE']",随時,https://www.ur-net.go.jp/chintai/kanto/saitama/50_4030_room.html?JKSS=000120106,<li>東武東上線「上福岡」駅 徒歩9～12分</li><li>東武東上線「ふじみ野」駅 徒歩26～36分</li><li>東武東上線「新河岸」駅 徒歩34～39分</li>
saitama,kamifukuoka,コンフォール上野台,110700,東武東上線「上福岡」駅,9.0,12.0,,,,ふじみ野市上野台1-1ほか,8号棟,鉄筋コンクリート造,6,N,604号室,2DK,55,8,104900,5800,2か月,"['近居割', '近居割WIDE']",2026年8月13日以降,https://www.ur-net.go.jp/chintai/kanto/saitama/50_4030_room.html?JKSS=000080604,<li>東武東上線「上福岡」駅 徒歩9～12分</li><li>東武東上線「ふじみ野」駅 徒歩26～36分</li><li>東武東上線「新河岸」駅 徒歩34～39分</li>
saitama,kamifukuoka,コンフォール上野台,110700,東武東上線「ふじみ野」駅,26.0,36.0,,,,ふじみ野市上野台1-1ほか,8号棟,鉄筋コンクリート造,6,N,604号室,2DK,55,8,104900,5800,2か月,"['近居割', '近居割WIDE']",2026年8月13日以降,https://www.ur-net.go.jp/chintai/kanto/saitama/50_4030_room.html?JKSS=000080604,<li>東武東上線「上福岡」駅 徒歩9～12分</li><li>東武東上線「ふじみ野」駅 徒歩26～36分</li><li>東武東上線「新河岸」駅 徒歩34～39分</li>
saitama,kamifukuoka,コンフォール上野台,110700,東武東上線「新河岸」駅,34.0,39.0,,,,ふじみ野市上野台1-1ほか,8号棟,鉄筋コンクリート造,6,N,604号室,2DK,55,8,104900,5800,2か月,"['近居割', '近居割WIDE']",2026年8月13日以降,https://www.ur-net.go.jp/chintai/kanto/saitama/50_4030_room.html?JKSS=000080604,<li>東武東上線「上福岡」駅 徒歩9～12分</li><li>東武東上線「ふじみ野」駅 徒歩26～36分</li><li>東武東上線「新河岸」駅 徒歩34～39分</li>
saitama,kamifukuoka,コンフォール上野台,110700,,,,,,,ふじみ野市上野台1-1ほか,8号棟,鉄筋コンクリート造,6,N,604号室,2DK,55,8,104900,5800,2か月,"['近居割', '近居割WIDE']",2026年8月13日以降,https://www.ur-net.go.jp/chintai/kanto/saitama/50_4030_room.html?JKSS=000080604,<li>東武東上線「上福岡」駅 徒歩9～12分</li><li>東武東上線「ふじみ野」駅 徒歩26～36分</li><li>東武東上線「新河岸」駅 徒歩34～39分</li>
saitama,kamifukuoka,コンフォール霞ヶ丘,102900,東武東上線「上福岡」駅,2.0,8.0,,,,ふじみ野市霞ヶ丘1-4ほか,24号棟,鉄筋コンクリート造,11,N,1104号室,2DK,49,11,98100,4800,2か月,"['近居割', '近居割WIDE']",随時,https://www.ur-net.go.jp/chintai/kanto/saitama/50_3770_room.html?JKSS=000241104,<li>東武東上線「上福岡」駅 徒歩2～8分</li><li>東武東上線「ふじみ野」駅 徒歩28～34分</li><li>東武東上線「新河岸」駅 徒歩27～32分</li>
saitama,kamifukuoka,コンフォール霞ヶ丘,102900,東武東上線「ふじみ野」駅,28.0,34.0,,,,ふじみ野市霞ヶ丘1-4ほか,24号棟,鉄筋コンクリート造,11,N,1104号室,2DK,49,11,98100,4800,2か月,"['近居割', '近居割WIDE']",随時,https://www.ur-net.go.jp/chintai/kanto/saitama/50_3770_room.html?JKSS=000241104,<li>東武東上線「上福岡」駅 徒歩2～8分</li><li>東武東上線「ふじみ野」駅 徒歩28～34分</li><li>東武東上線「新河岸」駅 徒歩27～32分</li>
saitama,kamifukuoka,コンフォール霞ヶ丘,102900,東武東上線「新河岸」駅,27.0,32.0,,,,ふじみ野市霞ヶ丘1-4ほか,24号棟,鉄筋コンクリート造,11,N,1104号室,2DK,49,11,98100,4800,2か月,"['近居割', '近居割WIDE']",随時,https://www.ur-net.go.jp/chintai/kanto/saitama/50_3770_room.html?JKSS=000241104,<li>東武東上線「上福岡」駅 徒歩2～8分</li><li>東武東上線「ふじみ野」駅 徒歩28～34分</li><li>東武東上線「新河岸」駅 徒歩27～32分</li>
saitama,kamifukuoka,コンフォール霞ヶ丘,102900,,,,,,,ふじみ野市霞ヶ丘1-4ほか,24号棟,鉄筋コンクリート造,11,N,1104号室,2DK,49,11,98100,4800,2か月,"['近居割', '近居割WIDE']",随時,https://www.ur-net.go.jp/chintai/kanto/saitama/50_3770_room.html?JKSS=000241104,<li>東武東上線「上福岡」駅 徒歩2～8分</li><li>東武東上線「ふじみ野」駅 徒歩28～34分</li><li>東武東上線「新河岸」駅 徒歩27～32分</li>
saitama,kamifukuoka,コンフォール霞ヶ丘,133000,東武東上線「上福岡」駅,2.0,8.0,,,,ふじみ野市霞ヶ丘1-4ほか,25号棟,鉄筋コンクリート造,2,N,208号室,3LDK,75,11,128200,4800,2か月,"['近居割', '近居割WIDE']",随時,https://www.ur-net.go.jp/chintai/kanto/saitama/50_3770_room.html?JKSS=000250208,<li>東武東上線「上福岡」駅 徒歩2～8分</li><li>東武東上線「ふじみ野」駅 徒歩28～34分</li><li>東武東上線「新河岸」駅 徒歩27～32分</li>
saitama,kamifukuoka,コンフォール霞ヶ丘,133000,東武東上線「ふじみ野」駅,28.0,34.0,,,,ふじみ野市霞ヶ丘1-4ほか,25号棟,鉄筋コンクリート造,2,N,208号室,3LDK,75,11,128200,4800,2か月,"['近居割', '近居割WIDE']",随時,https://www.ur-net.go.jp/chintai/kanto/saitama/50_3770_room.html?JKSS=000250208,<li>東武東上線「上福岡」駅 徒歩2～8分</li><li>東武東上線「ふじみ野」駅 徒歩28～34分</li><li>東武東上線「新河岸」駅 徒歩27～32分</li>
saitama,kamifukuoka,コンフォール霞ヶ丘,133000,東武東上線「新河岸」駅,27.0,32.0,,,,ふじみ野市霞ヶ丘1-4ほか,25号棟,鉄筋コンクリート造,2,N,208号室,3LDK,75,11,128200,4800,2か月,"['近居割', '近居割WIDE']",随時,https://www.ur-net.go.jp/chintai/kanto/saitama/50_3770_room.html?JKSS=000250208,<li>東武東上線「上福岡」駅 徒歩2～8分</li><li>東武東上線「ふじみ野」駅 徒歩28～34分</li><li>東武東上線「新河岸」駅 徒歩27～32分</li>
saitama,kamifukuoka,コンフォール霞ヶ丘,133000,,,,,,,ふじみ野市霞ヶ丘1-4ほか,25号棟,鉄筋コンクリート造,2,N,208号室,3LDK,75,11,128200,4800,2か月,"['近居割', '近居割WIDE']",随時,https://www.ur-net.go.jp/chintai/kanto/saitama/50_3770_room.html?JKSS=000250208,<li>東武東上線「上福岡」駅 徒歩2～8分</li><li>東武東上線「ふじみ野」駅 徒歩28～34分</li><li>東武東上線「新河岸」駅 徒歩27～32分</li>
saitama,kawagoe,狭山台,53900,,,,西武新宿線「狭山市」駅,7.0,14.0,狭山市狭山台1-31ほか,1-15号棟,鉄筋コンクリート造、鉄骨鉄筋コンクリート造,4,N,407号室,3K,47,5,50400,3500,2か月,"['近居割', '近居割WIDE']",随時,https://www.ur-net.go.jp/chintai/kanto/saitama/50_1670_room.html?JKSS=001150407,<li>西武新宿線「狭山市」駅バス6～10分 徒歩1～4分</li><li>西武新宿線「新狭山」駅 徒歩22～33分</li><li>西武新宿線「入曽」駅 徒歩41～53分</li>
saitama,kawagoe,狭山台,53900,西武新宿線「新狭山」駅,22.0,33.0,,,,狭山市狭山台1-31ほか,1-15号棟,鉄筋コンクリート造、鉄骨鉄筋コンクリート造,4,N,407号室,3K,47,5,50400,3500,2か月,"['近居割', '近居割WIDE']",随時,https://www.ur-net.go.jp/chintai/kanto/saitama/50_1670_room.html?JKSS=001150407,<li>西武新宿線「狭山市」駅バス6～10分 徒歩1～4分</li><li>西武新宿線「新狭山」駅 徒歩22～33分</li><li>西武新宿線「入曽」駅 徒歩41～53分</li>
saitama,kawagoe,狭山台,53900,西武新宿線「入曽」駅,41.0,53.0,,,,狭山市狭山台1-31ほか,1-15号棟,鉄筋コンクリート造、鉄骨鉄筋コンクリート造,4,N,407号室,3K,47,5,50400,3500,2か月,"['近居割', '近居割WIDE']",随時,https://www.ur-net.go.jp/chintai/kanto/saitama/50_1670_room.html?JKSS=001150407,<li>西武新宿線「狭山市」駅バス6～10分 徒歩1～4分</li><li>西武新宿線「新狭山」駅 徒歩22～33分</li><li>西武新宿線「入曽」駅 徒歩41～53分</li>
saitama,kawagoe,狭山台,53900,,,,,,,狭山市狭山台1-31ほか,1-15号棟,鉄筋コンクリート造、鉄骨鉄筋コンクリート造,4,N,407号室,3K,47,5,50400,3500,2か月,"['近居割', '近居割WIDE']",随時,https://www.ur-net.go.jp/chintai/kanto/saitama/50_1670_room.html?JKSS=001150407,<li>西武新宿線「狭山市」駅バス6～10分 徒歩1～4分</li><li>西武新宿線「新狭山」駅 徒歩22～33分</li><li>西武新宿線「入曽」駅 徒歩41～53分</li>
saitama,kawagoe,狭山台,53900,,,,西武新宿線「狭山市」駅,7.0,14.0,狭山市狭山台1-31ほか,1-17号棟,鉄筋コンクリート造、鉄骨鉄筋コンクリート造,4,N,403号室,3K,47,5,50400,3500,2か月,"['近居割', '近居割WIDE']",随時,https://www.ur-net.go.jp/chintai/kanto/saitama/50_1670_room.html?JKSS=001170403,<li>西武新宿線「狭山市」駅バス6～10分 徒歩1～4分</li><li>西武新宿線「新狭山」駅 徒歩22～33分</li><li>西武新宿線「入曽」駅 徒歩41～53分</li>
saitama,kawagoe,狭山台,53900,西武新宿線「新狭山」駅,22.0,33.0,,,,狭山市狭山台1-31ほか,1-17号棟,鉄筋コンクリート造、鉄骨鉄筋コンクリート造,4,N,403号室,3K,47,5,50400,3500,2か月,"['近居割', '近居割WIDE']",随時,https://www.ur-net.go.jp/chintai/kanto/saitama/50_1670_room.html?JKSS=001170403,<li>西武新宿線「狭山市」駅バス6～10分 徒歩1～4分</li><li>西武新宿線「新狭山」駅 徒歩22～33分</li><li>西武新宿線「入曽」駅 徒歩41～53分</li>
saitama,kawagoe,狭山台,53900,西武新宿線「入曽」駅,41.0,53.0,,,,狭山市狭山台1-31ほか,1-17号棟,鉄筋コンクリート造、鉄骨鉄筋コンクリート造,4,N,403号室,3K,47,5,50400,3500,2か月,"['近居割', '近居割WIDE']",随時,https://www.ur-net.go.jp/chintai/kanto/saitama/50_1670_room.html?JKSS=001170403,<li>西武新宿線「狭山市」駅バス6～10分 徒歩1～4分</li><li>西武新宿線「新狭山」駅 徒歩22～33分</li><li>西武新宿線「入曽」駅 徒歩41～53分</li>
saitama,kawagoe,狭山台,53900,,,,,,,狭山市狭山台1-31ほか,1-17号棟,鉄筋コンクリート造、鉄骨鉄筋コンクリート造,4,N,403号室,3K,47,5,50400,3500,2か月,"['近居割', '近居割WIDE']",随時,https://www.ur-net.go.jp/chintai/kanto/saitama/50_1670_room.html?JKSS=001170403,<li>西武新宿線「狭山市」駅バス6～10分 徒歩1～4分</li><li>西武新宿線「新狭山」駅 徒歩22～33分</li><li>西武新宿線「入曽」駅 徒歩41～53分</li>
saitama,kawagoe,狭山台,57900,,,,西武新宿線「狭山市」駅,7.0,14.0,狭山市狭山台1-31ほか,3-11号棟,鉄筋コンクリート造、鉄骨鉄筋コンクリート造,5,N,501号室,3DK,55,5,54400,3500,2か月,"['近居割', '近居割WIDE']",随時,https://www.ur-net.go.jp/chintai/kanto/saitama/50_1670_room.html?JKSS=003110501,<li>西武新宿線「狭山市」駅バス6～10分 徒歩1～4分</li><li>西武新宿線「新狭山」駅 徒歩22～33分</li><li>西武新宿線「入曽」駅 徒歩41～53分</li>
saitama,kawagoe,狭山台,57900,西武新宿線「新狭山」駅,22.0,33.0,,,,狭山市狭山台1-31ほか,3-11号棟,鉄筋コンクリート造、鉄骨鉄筋コンクリート造,5,N,501号室,3DK,55,5,54400,3500,2か月,"['近居割', '近居割WIDE']",随時,https://www.ur-net.go.jp/chintai/kanto/saitama/50_1670_room.html?JKSS=003110501,<li>西武新宿線「狭山市」駅バス6～10分 徒歩1～4分</li><li>西武新宿線「新狭山」駅 徒歩22～33分</li><li>西武新宿線「入曽」駅 徒歩41～53分</li>
saitama,kawagoe,狭山台,57900,西武新宿線「入曽」駅,41.0,53.0,,,,狭山市狭山台1-31ほか,3-11号棟,鉄筋コンクリート造、鉄骨鉄筋コンクリート造,5,N,501号室,3DK,55,5,54400,3500,2か月,"['近居割', '近居割WIDE']",随時,https://www.ur-net.go.jp/chintai/kanto/saitama/50_1670_room.html?JKSS=003110501,<li>西武新宿線「狭山市」駅バス6～10分 徒歩1～4分</li><li>西武新宿線「新狭山」駅 徒歩22～33分</li><li>西武新宿線「入曽」駅 徒歩41～53分</li>
saitama,kawagoe,狭山台,57900,,,,,,,狭山市狭山台1-31ほか,3-11号棟,鉄筋コンクリート造、鉄骨鉄筋コンクリート造,5,N,501号室,3DK,55,5,54400,3500,2か月,"['近居割', '近居割WIDE']",随時,https://www.ur-net.go.jp/chintai/kanto/saitama/50_1670_room.html?JKSS=003110501,<li>西武新宿線「狭山市」駅バス6～10分 徒歩1～4分</li><li>西武新宿線「新狭山」駅 徒歩22～33分</li><li>西武新宿線「入曽」駅 徒歩41～53分</li>
saitama,tokorozawa,入間黒須,57100,西武池袋線「入間市」駅,7.0,7.0,,,,入間市黒須1-12,1号棟,鉄骨鉄筋コンクリート造,5,N,515号室,2DK,45,8,52800,4300,2か月,['近居割'],随時,https://www.ur-net.go.jp/chintai/kanto/saitama/50_1570_room.html?JKSS=000001515,<li>西武池袋線「入間市」駅 徒歩7分</li>
saitama,tokorozawa,入間黒須,57100,,,,,,,入間市黒須1-12,1号棟,鉄骨鉄筋コンクリート造,5,N,515号室,2DK,45,8,52800,4300,2か月,['近居割'],随時,https://www.ur-net.go.jp/chintai/kanto/saitama/50_1570_room.html?JKSS=000001515,<li>西武池袋線「入間市」駅 徒歩7分</li>
saitama,tokorozawa,入間豊岡,68400,西武池袋線「入間市」駅,7.0,7.0,,,,入間市豊岡1-8,1号棟,鉄骨鉄筋コンクリート造,6,N,610号室,2DK,48,12,64900,3500,2か月,['近居割'],随時,https://www.ur-net.go.jp/chintai/kanto/saitama/50_1850_room.html?JKSS=000010610,<li>西武池袋線「入間市」駅 徒歩7分</li>
saitama,tokorozawa,入間豊岡,68400,,,,,,,入間市豊岡1-8,1号棟,鉄骨鉄筋コンクリート造,6,N,610号室,2DK,48,12,64900,3500,2か月,['近居割'],随時,https://www.ur-net.go.jp/chintai/kanto/saitama/50_1850_room.html?JKSS=000010610,<li>西武池袋線「入間市」駅 徒歩7分</li>
saitama,tokorozawa,入間豊岡,72100,西武池袋線「入間市」駅,7.0,7.0,,,,入間市豊岡1-8,1号棟,鉄骨鉄筋コンクリート造,5,N,506号室,2DK,48,12,68600,3500,2か月,['近居割'],随時,https://www.ur-net.go.jp/chintai/kanto/saitama/50_1850_room.html?JKSS=000010506,<li>西武池袋線「入間市」駅 徒歩7分</li>
saitama,tokorozawa,入間豊岡,72100,,,,,,,入間市豊岡1-8,1号棟,鉄骨鉄筋コンクリート造,5,N,506号室,2DK,48,12,68600,3500,2か月,['近居割'],随時,https://www.ur-net.go.jp/chintai/kanto/saitama/50_1850_room.html?JKSS=000010506,<li>西武池袋線「入間市」駅 徒歩7分</li>
saitama,tokorozawa,入間駅前プラザ,93800,西武池袋線「入間市」駅,3.0,5.0,,,,入間市向陽台1-1-17,15号棟,鉄筋コンクリート造,1,N,103号室,3DK,61,8,89100,4700,2か月,['近居割'],随時,https://www.ur-net.go.jp/chintai/kanto/saitama/50_2390_room.html?JKSS=000150103,<li>西武池袋線「入間市」駅 徒歩3～5分</li><li>西武池袋線「稲荷山公園」駅 徒歩12～14分</li><li>西武新宿線「狭山市」駅 徒歩38～47分</li>
saitama,tokorozawa,入間駅前プラザ,93800,西武池袋線「稲荷山公園」駅,12.0,14.0,,,,入間市向陽台1-1-17,15号棟,鉄筋コンクリート造,1,N,103号室,3DK,61,8,89100,4700,2か月,['近居割'],随時,https://www.ur-net.go.jp/chintai/kanto/saitama/50_2390_room.html?JKSS=000150103,<li>西武池袋線「入間市」駅 徒歩3～5分</li><li>西武池袋線「稲荷山公園」駅 徒歩12～14分</li><li>西武新宿線「狭山市」駅 徒歩38～47分</li>
saitama,tokorozawa,入間駅前プラザ,93800,西武新宿線「狭山市」駅,38.0,47.0,,,,入間市向陽台1-1-17,15号棟,鉄筋コンクリート造,1,N,103号室,3DK,61,8,89100,4700,2か月,['近居割'],随時,https://www.ur-net.go.jp/chintai/kanto/saitama/50_2390_room.html?JKSS=000150103,<li>西武池袋線「入間市」駅 徒歩3～5分</li><li>西武池袋線「稲荷山公園」駅 徒歩12～14分</li><li>西武新宿線「狭山市」駅 徒歩38～47分</li>
saitama,tokorozawa,入間駅前プラザ,93800,,,,,,,入間市向陽台1-1-17,15号棟,鉄筋コンクリート造,1,N,103号室,3DK,61,8,89100,4700,2か月,['近居割'],随時,https://www.ur-net.go.jp/chintai/kanto/saitama/50_2390_room.html?JKSS=000150103,<li>西武池袋線「入間市」駅 徒歩3～5分</li><li>西武池袋線「稲荷山公園」駅 徒歩12～14分</li><li>西武新宿線「狭山市」駅 徒歩38～47分</li>
saitama,tokorozawa,入間駅前プラザ,111400,西武池袋線「入間市」駅,3.0,5.0,,,,入間市向陽台1-1-17,11号棟,鉄筋コンクリート造,5,N,506号室,3LDK,75,8,106700,4700,2か月,['近居割'],随時,https://www.ur-net.go.jp/chintai/kanto/saitama/50_2390_room.html?JKSS=000110506,<li>西武池袋線「入間市」駅 徒歩3～5分</li><li>西武池袋線「稲荷山公園」駅 徒歩12～14分</li><li>西武新宿線「狭山市」駅 徒歩38～47分</li>
saitama,tokorozawa,入間駅前プラザ,111400,西武池袋線「稲荷山公園」駅,12.0,14.0,,,,入間市向陽台1-1-17,11号棟,鉄筋コンクリート造,5,N,506号室,3LDK,75,8,106700,4700,2か月,['近居割'],随時,https://www.ur-net.go.jp/chintai/kanto/saitama/50_2390_room.html?JKSS=000110506,<li>西武池袋線「入間市」駅 徒歩3～5分</li><li>西武池袋線「稲荷山公園」駅 徒歩12～14分</li><li>西武新宿線「狭山市」駅 徒歩38～47分</li>
saitama,tokorozawa,入間駅前プラザ,111400,西武新宿線「狭山市」駅,38.0,47.0,,,,入間市向陽台1-1-17,11号棟,鉄筋コンクリート造,5,N,506号室,3LDK,75,8,106700,4700,2か月,['近居割'],随時,https://www.ur-net.go.jp/chintai/kanto/saitama/50_2390_room.html?JKSS=000110506,<li>西武池袋線「入間市」駅 徒歩3～5分</li><li>西武池袋線「稲荷山公園」駅 徒歩12～14分</li><li>西武新宿線「狭山市」駅 徒歩38～47分</li>
saitama,tokorozawa,入間駅前プラザ,111400,,,,,,,入間市向陽台1-1-17,11号棟,鉄筋コンクリート造,5,N,506号室,3LDK,75,8,106700,4700,2か月,['近居割'],随時,https://www.ur-net.go.jp/chintai/kanto/saitama/50_2390_room.html?JKSS=000110506,<li>西武池袋線「入間市」駅 徒歩3～5分</li><li>西武池袋線「稲荷山公園」駅 徒歩12～14分</li><li>西武新宿線「狭山市」駅 徒歩38～47分</li>
saitama,shiki,デュプレ西大和,153800,東武東上線「和光市」駅,17.0,19.0,東武東上線「和光市」駅,7.0,9.0,和光市西大和団地6,2号棟,鉄筋コンクリート造,2,N,201号室,3LDK,75,5,145800,8000,2か月,"['近居割', '近居割WIDE']",随時,https://www.ur-net.go.jp/chintai/kanto/saitama/50_3150_room.html?JKSS=000020201,<li>東武東上線「和光市」駅 徒歩17～19分</li><li>東武東上線「和光市」駅バス4分 徒歩3～5分</li><li>東京メトロ副都心線「地下鉄成増」駅 徒歩33～34分</li>
saitama,shiki,デュプレ西大和,153800,東京メトロ副都心線「地下鉄成増」駅,33.0,34.0,,,,和光市西大和団地6,2号棟,鉄筋コンクリート造,2,N,201号室,3LDK,75,5,145800,8000,2か月,"['近居割', '近居割WIDE']",随時,https://www.ur-net.go.jp/chintai/kanto/saitama/50_3150_room.html?JKSS=000020201,<li>東武東上線「和光市」駅 徒歩17～19分</li><li>東武東上線「和光市」駅バス4分 徒歩3～5分</li><li>東京メトロ副都心線「地下鉄成増」駅 徒歩33～34分</li>
saitama,shiki,デュプレ西大和,153800,,,,,,,和光市西大和団地6,2号棟,鉄筋コンクリート造,2,N,201号室,3LDK,75,5,145800,8000,2か月,"['近居割', '近居割WIDE']",随時,https://www.ur-net.go.jp/chintai/kanto/saitama/50_3150_room.html?JKSS=000020201,<li>東武東上線「和光市」駅 徒歩17～19分</li><li>東武東上線「和光市」駅バス4分 徒歩3～5分</li><li>東京メトロ副都心線「地下鉄成増」駅 徒歩33～34分</li>
saitama,shiki,新座,59700,東武東上線「柳瀬川」駅,15.0,22.0,,,,新座市新座3,4-11号棟,鉄筋コンクリート造,5,N,505号室,1LDK,41,5,56500,3200,2か月,"['近居割', '近居割WIDE']",随時,https://www.ur-net.go.jp/chintai/kanto/saitama/50_1310_room.html?JKSS=000411505,<li>東武東上線「柳瀬川」駅 徒歩15～22分</li><li>東武東上線「志木」駅バス11分 徒歩1～6分</li><li>JR武蔵野線「新座」駅 徒歩28～36分</li>
saitama,shiki,新座,59700,,,,東武東上線「志木」駅,12.0,17.0,新座市新座3,4-11号棟,鉄筋コンクリート造,5,N,505号室,1LDK,41,5,56500,3200,2か月,"['近居割', '近居割WIDE']",随時,https://www.ur-net.go.jp/chintai/kanto/saitama/50_1310_room.html?JKSS=000411505,<li>東武東上線「柳瀬川」駅 徒歩15～22分</li><li>東武東上線「志木」駅バス11分 徒歩1～6分</li><li>JR武蔵野線「新座」駅 徒歩28～36分</li>
saitama,shiki,新座,59700,JR武蔵野線「新座」駅,28.0,36.0,,,,新座市新座3,4-11号棟,鉄筋コンクリート造,5,N,505号室,1LDK,41,5,56500,3200,2か月,"['近居割', '近居割WIDE']",随時,https://www.ur-net.go.jp/chintai/kanto/saitama/50_1310_room.html?JKSS=000411505,<li>東武東上線「柳瀬川」駅 徒歩15～22分</li><li>東武東上線「志木」駅バス11分 徒歩1～6分</li><li>JR武蔵野線「新座」駅 徒歩28～36分</li>
saitama,shiki,新座,59700,,,,,,,新座市新座3,4-11号棟,鉄筋コンクリート造,5,N,505号室,1LDK,41,5,56500,3200,2か月,"['近居割', '近居割WIDE']",随時,https://www.ur-net.go.jp/chintai/kanto/saitama/50_1310_room.html?JKSS=000411505,<li>東武東上線「柳瀬川」駅 徒歩15～22分</li><li>東武東上線「志木」駅バス11分 徒歩1～6分</li><li>JR武蔵野線「新座」駅 徒歩28～36分</li>
saitama,shiki,新座,67600,東武東上線「柳瀬川」駅,15.0,22.0,,,,新座市新座3,4-6号棟,鉄筋コンクリート造,5,N,502号室,3K,48,5,64400,3200,2か月,"['近居割', '近居割WIDE']",随時,https://www.ur-net.go.jp/chintai/kanto/saitama/50_1310_room.html?JKSS=000406502,<li>東武東上線「柳瀬川」駅 徒歩15～22分</li><li>東武東上線「志木」駅バス11分 徒歩1～6分</li><li>JR武蔵野線「新座」駅 徒歩28～36分</li>
saitama,shiki,新座,67600,,,,東武東上線「志木」駅,12.0,17.0,新座市新座3,4-6号棟,鉄筋コンクリート造,5,N,502号室,3K,48,5,64400,3200,2か月,"['近居割', '近居割WIDE']",随時,https://www.ur-net.go.jp/chintai/kanto/saitama/50_1310_room.html?JKSS=000406502,<li>東武東上線「柳瀬川」駅 徒歩15～22分</li><li>東武東上線「志木」駅バス11分 徒歩1～6分</li><li>JR武蔵野線「新座」駅 徒歩28～36分</li>
saitama,shiki,新座,67600,JR武蔵野線「新座」駅,28.0,36.0,,,,新座市新座3,4-6号棟,鉄筋コンクリート造,5,N,502号室,3K,48,5,64400,3200,2か月,"['近居割', '近居割WIDE']",随時,https://www.ur-net.go.jp/chintai/kanto/saitama/50_1310_room.html?JKSS=000406502,<li>東武東上線「柳瀬川」駅 徒歩15～22分</li><li>東武東上線「志木」駅バス11分 徒歩1～6分</li><li>JR武蔵野線「新座」駅 徒歩28～36分</li>
saitama,shiki,新座,67600,,,,,,,新座市新座3,4-6号棟,鉄筋コンクリート造,5,N,502号室,3K,48,5,64400,3200,2か月,"['近居割', '近居割WIDE']",随時,https://www.ur-net.go.jp/chintai/kanto/saitama/50_1310_room.html?JKSS=000406502,<li>東武東上線「柳瀬川」駅 徒歩15～22分</li><li>東武東上線「志木」駅バス11分 徒歩1～6分</li><li>JR武蔵野線「新座」駅 徒歩28～36分</li>
saitama,shiki,新座,69900,東武東上線「柳瀬川」駅,15.0,22.0,,,,新座市新座3,4-6号棟,鉄筋コンクリート造,4,N,401号室,2DK,48,5,66700,3200,2か月,"['近居割', '近居割WIDE']",随時,https://www.ur-net.go.jp/chintai/kanto/saitama/50_1310_room.html?JKSS=000406401,<li>東武東上線「柳瀬川」駅 徒歩15～22分</li><li>東武東上線「志木」駅バス11分 徒歩1～6分</li><li>JR武蔵野線「新座」駅 徒歩28～36分</li>
saitama,shiki,新座,69900,,,,東武東上線「志木」駅,12.0,17.0,新座市新座3,4-6号棟,鉄筋コンクリート造,4,N,401号室,2DK,48,5,66700,3200,2か月,"['近居割', '近居割WIDE']",随時,https://www.ur-net.go.jp/chintai/kanto/saitama/50_1310_room.html?JKSS=000406401,<li>東武東上線「柳瀬川」駅 徒歩15～22分</li><li>東武東上線「志木」駅バス11分 徒歩1～6分</li><li>JR武蔵野線「新座」駅 徒歩28～36分</li>
saitama,shiki,新座,69900,JR武蔵野線「新座」駅,28.0,36.0,,,,新座市新座3,4-6号棟,鉄筋コンクリート造,4,N,401号室,2DK,48,5,66700,3200,2か月,"['近居割', '近居割WIDE']",随時,https://www.ur-net.go.jp/chintai/kanto/saitama/50_1310_room.html?JKSS=000406401,<li>東武東上線「柳瀬川」駅 徒歩15～22分</li><li>東武東上線「志木」駅バス11分 徒歩1～6分</li><li>JR武蔵野線「新座」駅 徒歩28～36分</li>
saitama,shiki,新座,69900,,,,,,,新座市新座3,4-6号棟,鉄筋コンクリート造,4,N,401号室,2DK,48,5,66700,3200,2か月,"['近居割', '近居割WIDE']",随時,https://www.ur-net.go.jp/chintai/kanto/saitama/50_1310_room.html?JKSS=000406401,<li>東武東上線「柳瀬川」駅 徒歩15～22分</li><li>東武東上線「志木」駅バス11分 徒歩1～6分</li><li>JR武蔵野線「新座」駅 徒歩28～36分</li>
saitama,shiki,新座,69900,東武東上線「柳瀬川」駅,15.0,22.0,,,,新座市新座3,5-4号棟,鉄筋コンクリート造,5,N,504号室,2LDK,52,5,66700,3200,2か月,"['近居割', '近居割WIDE']",随時,https://www.ur-net.go.jp/chintai/kanto/saitama/50_1310_room.html?JKSS=000504504,<li>東武東上線「柳瀬川」駅 徒歩15～22分</li><li>東武東上線「志木」駅バス11分 徒歩1～6分</li><li>JR武蔵野線「新座」駅 徒歩28～36分</li>
saitama,shiki,新座,69900,,,,東武東上線「志木」駅,12.0,17.0,新座市新座3,5-4号棟,鉄筋コンクリート造,5,N,504号室,2LDK,52,5,66700,3200,2か月,"['近居割', '近居割WIDE']",随時,https://www.ur-net.go.jp/chintai/kanto/saitama/50_1310_room.html?JKSS=000504504,<li>東武東上線「柳瀬川」駅 徒歩15～22分</li><li>東武東上線「志木」駅バス11分 徒歩1～6分</li><li>JR武蔵野線「新座」駅 徒歩28～36分</li>
saitama,shiki,新座,69900,JR武蔵野線「新座」駅,28.0,36.0,,,,新座市新座3,5-4号棟,鉄筋コンクリート造,5,N,504号室,2LDK,52,5,66700,3200,2か月,"['近居割', '近居割WIDE']",随時,https://www.ur-net.go.jp/chintai/kanto/saitama/50_1310_room.html?JKSS=000504504,<li>東武東上線「柳瀬川」駅 徒歩15～22分</li><li>東武東上線「志木」駅バス11分 徒歩1～6分</li><li>JR武蔵野線「新座」駅 徒歩28～36分</li>
saitama,shiki,新座,69900,,,,,,,新座市新座3,5-4号棟,鉄筋コンクリート造,5,N,504号室,2LDK,52,5,66700,3200,2か月,"['近居割', '近居割WIDE']",随時,https://www.ur-net.go.jp/chintai/kanto/saitama/50_1310_room.html?JKSS=000504504,<li>東武東上線「柳瀬川」駅 徒歩15～22分</li><li>東武東上線「志木」駅バス11分 徒歩1～6分</li><li>JR武蔵野線「新座」駅 徒歩28～36分</li>
saitama,shiki,新座,71200,東武東上線「柳瀬川」駅,15.0,22.0,,,,新座市新座3,5-8号棟,鉄筋コンクリート造,5,N,504号室,2LDK,52,5,68000,3200,2か月,"['近居割', '近居割WIDE']",随時,https://www.ur-net.go.jp/chintai/kanto/saitama/50_1310_room.html?JKSS=000508504,<li>東武東上線「柳瀬川」駅 徒歩15～22分</li><li>東武東上線「志木」駅バス11分 徒歩1～6分</li><li>JR武蔵野線「新座」駅 徒歩28～36分</li>
saitama,shiki,新座,71200,,,,東武東上線「志木」駅,12.0,17.0,新座市新座3,5-8号棟,鉄筋コンクリート造,5,N,504号室,2LDK,52,5,68000,3200,2か月,"['近居割', '近居割WIDE']",随時,https://www.ur-net.go.jp/chintai/kanto/saitama/50_1310_room.html?JKSS=000508504,<li>東武東上線「柳瀬川」駅 徒歩15～22分</li><li>東武東上線「志木」駅バス11分 徒歩1～6分</li><li>JR武蔵野線「新座」駅 徒歩28～36分</li>
saitama,shiki,新座,71200,JR武蔵野線「新座」駅,28.0,36.0,,,,新座市新座3,5-8号棟,鉄筋コンクリート造,5,N,504号室,2LDK,52,5,68000,3200,2か月,"['近居割', '近居割WIDE']",随時,https://www.ur-net.go.jp/chintai/kanto/saitama/50_1310_room.html?JKSS=000508504,<li>東武東上線「柳瀬川」駅 徒歩15～22分</li><li>東武東上線「志木」駅バス11分 徒歩1～6分</li><li>JR武蔵野線「新座」駅 徒歩28～36分</li>
saitama,shiki,新座,71200,,,,,,,新座市新座3,5-8号棟,鉄筋コンクリート造,5,N,504号室,2LDK,52,5,68000,3200,2か月,"['近居割', '近居割WIDE']",随時,https://www.ur-net.go.jp/chintai/kanto/saitama/50_1310_room.html?JKSS=000508504,<li>東武東上線「柳瀬川」駅 徒歩15～22分</li><li>東武東上線「志木」駅バス11分 徒歩1～6分</li><li>JR武蔵野線「新座」駅 徒歩28～36分</li>
