Todofuken,Area,Dan Chi Name,Total Fee,Nearest station by Walk,Best case by Walk (minute),Worst case by Walk (minute),Nearest station by Bus,Best case by Bus (minute),Worst case by Bus (minute),Address,Building Name,Building Structure,Floor,Elevator,Room Num,Room Type,Floor Space,Max Floor,Rent,Common Fee,Shikikin,Systems,availableDate,Room Link,Traffic
tokyo,chitosekarasuyama,笹塚駅前,197620,京王線「笹塚」駅,1.0,1.0,,,,渋谷区笹塚1-48-19,,鉄筋コンクリート造,10,N,1001号室,2LDK,62,12,192800,4820,2か月,['URライト（4年定借）'],随時,https://www.ur-net.go.jp/chintai/kanto/tokyo/20_3220_room.html?JKSS=000001001,<li>京王線「笹塚」駅 徒歩1分</li>
tokyo,chitosekarasuyama,笹塚駅前,197620,,,,,,,渋谷区笹塚1-48-19,,鉄筋コンクリート造,10,N,1001号室,2LDK,62,12,192800,4820,2か月,['URライト（4年定借）'],随時,https://www.ur-net.go.jp/chintai/kanto/tokyo/20_3220_room.html?JKSS=000001001,<li>京王線「笹塚」駅 徒歩1分</li>
tokyo,nishiojima,シティコート大島,186100,都営新宿線「大島」駅,3.0,7.0,,,,江東区大島6-14,2号棟,鉄筋コンクリート造,8,N,807号室,2DK,52,10,180600,5500,2か月,['近居割'],随時,https://www.ur-net.go.jp/chintai/kanto/tokyo/20_5900_room.html?JKSS=000020807,<li>都営新宿線「大島」駅 徒歩3～7分</li><li>JR総武線・東武亀戸線「亀戸」駅 徒歩15～18分</li><li>JR総武線・東武亀戸線「亀戸」駅バス4～6分 徒歩1～5分</li>
tokyo,nishiojima,シティコート大島,186100,JR総武線・東武亀戸線「亀戸」駅,15.0,18.0,JR総武線・東武亀戸線「亀戸」駅,5.0,11.0,江東区大島6-14,2号棟,鉄筋コンクリート造,8,N,807号室,2DK,52,10,180600,5500,2か月,['近居割'],随時,https://www.ur-net.go.jp/chintai/kanto/tokyo/20_5900_room.html?JKSS=000020807,<li>都営新宿線「大島」駅 徒歩3～7分</li><li>JR総武線・東武亀戸線「亀戸」駅 徒歩15～18分</li><li>JR総武線・東武亀戸線「亀戸」駅バス4～6分 徒歩1～5分</li>
tokyo,nishiojima,シティコート大島,186100,,,,,,,江東区大島6-14,2号棟,鉄筋コンクリート造,8,N,807号室,2DK,52,10,180600,5500,2か月,['近居割'],随時,https://www.ur-net.go.jp/chintai/kanto/tokyo/20_5900_room.html?JKSS=000020807,<li>都営新宿線「大島」駅 徒歩3～7分</li><li>JR総武線・東武亀戸線「亀戸」駅 徒歩15～18分</li><li>JR総武線・東武亀戸線「亀戸」駅バス4～6分 徒歩1～5分</li>
tokyo,nishiojima,シティコート大島,249700,都営新宿線「大島」駅,3.0,7.0,,,,江東区大島6-14,2号棟,鉄筋コンクリート造,10,N,1001号室,2LDK,83,10,244200,5500,2か月,['近居割'],随時,https://www.ur-net.go.jp/chintai/kanto/tokyo/20_5900_room.html?JKSS=000021001,<li>都営新宿線「大島」駅 徒歩3～7分</li><li>JR総武線・東武亀戸線「亀戸」駅 徒歩15～18分</li><li>JR総武線・東武亀戸線「亀戸」駅バス4～6分 徒歩1～5分</li>
tokyo,nishiojima,シティコート大島,249700,JR総武線・東武亀戸線「亀戸」駅,15.0,18.0,JR総武線・東武亀戸線「亀戸」駅,5.0,11.0,江東区大島6-14,2号棟,鉄筋コンクリート造,10,N,1001号室,2LDK,83,10,244200,5500,2か月,['近居割'],随時,https://www.ur-net.go.jp/chintai/kanto/tokyo/20_5900_room.html?JKSS=000021001,<li>都営新宿線「大島」駅 徒歩3～7分</li><li>JR総武線・東武亀戸線「亀戸」駅 徒歩15～18分</li><li>JR総武線・東武亀戸線「亀戸」駅バス4～6分 徒歩1～5分</li>
tokyo,nishiojima,シティコート大島,249700,,,,,,,江東区大島6-14,2号棟,鉄筋コンクリート造,10,N,1001号室,2LDK,83,10,244200,5500,2か月,['近居割'],随時,https://www.ur-net.go.jp/chintai/kanto/tokyo/20_5900_room.html?JKSS=000021001,<li>都営新宿線「大島」駅 徒歩3～7分</li><li>JR総武線・東武亀戸線「亀戸」駅 徒歩15～18分</li><li>JR総武線・東武亀戸線「亀戸」駅バス4～6分 徒歩1～5分</li>
tokyo,oji,ハートアイランド新田一番街,141700,,,,JR京浜東北・根岸線「王子」駅,14.0,15.0,足立区新田3―36,2号棟,鉄筋コンクリート造,6,N,613号室,1LDK,60,14,134100,7600,2か月,"['近居割', '近居割WIDE']",随時,https://www.ur-net.go.jp/chintai/kanto/tokyo/20_6740_room.html?JKSS=000020613,<li>JR京浜東北・根岸線「王子」駅バス13分 徒歩1～2分</li><li>東京メトロ南北線「王子神谷」駅 徒歩19～20分</li>
tokyo,oji,ハートアイランド新田一番街,141700,東京メトロ南北線「王子神谷」駅,19.0,20.0,,,,足立区新田3―36,2号棟,鉄筋コンクリート造,6,N,613号室,1LDK,60,14,134100,7600,2か月,"['近居割', '近居割WIDE']",随時,https://www.ur-net.go.jp/chintai/kanto/tokyo/20_6740_room.html?JKSS=000020613,<li>JR京浜東北・根岸線「王子」駅バス13分 徒歩1～2分</li><li>東京メトロ南北線「王子神谷」駅 徒歩19～20分</li>
tokyo,oji,ハートアイランド新田一番街,141700,,,,,,,足立区新田3―36,2号棟,鉄筋コンクリート造,6,N,613号室,1LDK,60,14,134100,7600,2か月,"['近居割', '近居割WIDE']",随時,https://www.ur-net.go.jp/chintai/kanto/tokyo/20_6740_room.html?JKSS=000020613,<li>JR京浜東北・根岸線「王子」駅バス13分 徒歩1～2分</li><li>東京メトロ南北線「王子神谷」駅 徒歩19～20分</li>
tokyo,aoto,すまいる亀有,93700,JR常磐線「亀有」駅,13.0,17.0,JR常磐線「亀有」駅,7.0,9.0,葛飾区亀有1-10,14号棟,鉄筋コンクリート造,6,N,602号室,1DK,35,6,87100,6600,2か月,"['近居割', '近居割WIDE', 'シルバーピア']",随時,https://www.ur-net.go.jp/chintai/kanto/tokyo/20_4481_room.html?JKSS=000140602,<li>JR常磐線「亀有」駅 徒歩13～17分</li><li>JR常磐線「亀有」駅バス5分 徒歩2～4分</li><li>京成本線「青砥」駅 徒歩20～22分</li>
tokyo,aoto,すまいる亀有,93700,京成本線「青砥」駅,20.0,22.0,,,,葛飾区亀有1-10,14号棟,鉄筋コンクリート造,6,N,602号室,1DK,35,6,87100,6600,2か月,"['近居割', '近居割WIDE', 'シルバーピア']",随時,https://www.ur-net.go.jp/chintai/kanto/tokyo/20_4481_room.html?JKSS=000140602,<li>JR常磐線「亀有」駅 徒歩13～17分</li><li>JR常磐線「亀有」駅バス5分 徒歩2～4分</li><li>京成本線「青砥」駅 徒歩20～22分</li>
tokyo,aoto,すまいる亀有,93700,,,,,,,葛飾区亀有1-10,14号棟,鉄筋コンクリート造,6,N,602号室,1DK,35,6,87100,6600,2か月,"['近居割', '近居割WIDE', 'シルバーピア']",随時,https://www.ur-net.go.jp/chintai/kanto/tokyo/20_4481_room.html?JKSS=000140602,<li>JR常磐線「亀有」駅 徒歩13～17分</li><li>JR常磐線「亀有」駅バス5分 徒歩2～4分</li><li>京成本線「青砥」駅 徒歩20～22分</li>
tokyo,aoto,すまいる亀有,124500,JR常磐線「亀有」駅,13.0,17.0,JR常磐線「亀有」駅,7.0,9.0,葛飾区亀有1-10,14号棟,鉄筋コンクリート造,5,N,505号室,2DK,52,6,117900,6600,2か月,"['近居割', '近居割WIDE', 'シルバーピア']",随時,https://www.ur-net.go.jp/chintai/kanto/tokyo/20_4481_room.html?JKSS=000140505,<li>JR常磐線「亀有」駅 徒歩13～17分</li><li>JR常磐線「亀有」駅バス5分 徒歩2～4分</li><li>京成本線「青砥」駅 徒歩20～22分</li>
tokyo,aoto,すまいる亀有,124500,京成本線「青砥」駅,20.0,22.0,,,,葛飾区亀有1-10,14号棟,鉄筋コンクリート造,5,N,505号室,2DK,52,6,117900,6600,2か月,"['近居割', '近居割WIDE', 'シルバーピア']",随時,https://www.ur-net.go.jp/chintai/kanto/tokyo/20_4481_room.html?JKSS=000140505,<li>JR常磐線「亀有」駅 徒歩13～17分</li><li>JR常磐線「亀有」駅バス5分 徒歩2～4分</li><li>京成本線「青砥」駅 徒歩20～22分</li>
tokyo,aoto,すまいる亀有,124500,,,,,,,葛飾区亀有1-10,14号棟,鉄筋コンクリート造,5,N,505号室,2DK,52,6,117900,6600,2か月,"['近居割', '近居割WIDE', 'シルバーピア']",随時,https://www.ur-net.go.jp/chintai/kanto/tokyo/20_4481_room.html?JKSS=000140505,<li>JR常磐線「亀有」駅 徒歩13～17分</li><li>JR常磐線「亀有」駅バス5分 徒歩2～4分</li><li>京成本線「青砥」駅 徒歩20～22分</li>
tokyo,kyodo,希望ヶ丘,120700,小田急小田原線「千歳船橋」駅,16.0,20.0,小田急小田原線「千歳船橋」駅,5.0,13.0,世田谷区船橋6ほか,6-26-3号棟,鉄筋コンクリート造,6,N,606号室,1LDK,43,8,117100,3600,2か月,['近居割'],随時,https://www.ur-net.go.jp/chintai/kanto/tokyo/20_2340_room.html?JKSS=626030606,<li>小田急小田原線「千歳船橋」駅バス4～10分 徒歩1～3分</li><li>京王線「八幡山」駅バス5～8分 徒歩1～3分</li><li>小田急小田原線「千歳船橋」駅 徒歩16～20分</li>
tokyo,kyodo,希望ヶ丘,120700,,,,京王線「八幡山」駅,6.0,11.0,世田谷区船橋6ほか,6-26-3号棟,鉄筋コンクリート造,6,N,606号室,1LDK,43,8,117100,3600,2か月,['近居割'],随時,https://www.ur-net.go.jp/chintai/kanto/tokyo/20_2340_room.html?JKSS=626030606,<li>小田急小田原線「千歳船橋」駅バス4～10分 徒歩1～3分</li><li>京王線「八幡山」駅バス5～8分 徒歩1～3分</li><li>小田急小田原線「千歳船橋」駅 徒歩16～20分</li>
tokyo,kyodo,希望ヶ丘,120700,,,,,,,世田谷区船橋6ほか,6-26-3号棟,鉄筋コンクリート造,6,N,606号室,1LDK,43,8,117100,3600,2か月,['近居割'],随時,https://www.ur-net.go.jp/chintai/kanto/tokyo/20_2340_room.html?JKSS=626030606,<li>小田急小田原線「千歳船橋」駅バス4～10分 徒歩1～3分</li><li>京王線「八幡山」駅バス5～8分 徒歩1～3分</li><li>小田急小田原線「千歳船橋」駅 徒歩16～20分</li>
tokyo,kyodo,希望ヶ丘,123900,小田急小田原線「千歳船橋」駅,16.0,20.0,小田急小田原線「千歳船橋」駅,5.0,13.0,世田谷区船橋6ほか,7-1-1号棟,鉄筋コンクリート造,12,N,1214号室,1K,45,13,120300,3600,2か月,['近居割'],随時,https://www.ur-net.go.jp/chintai/kanto/tokyo/20_2340_room.html?JKSS=701011214,<li>小田急小田原線「千歳船橋」駅バス4～10分 徒歩1～3分</li><li>京王線「八幡山」駅バス5～8分 徒歩1～3分</li><li>小田急小田原線「千歳船橋」駅 徒歩16～20分</li>
tokyo,kyodo,希望ヶ丘,123900,,,,京王線「八幡山」駅,6.0,11.0,世田谷区船橋6ほか,7-1-1号棟,鉄筋コンクリート造,12,N,1214号室,1K,45,13,120300,3600,2か月,['近居割'],随時,https://www.ur-net.go.jp/chintai/kanto/tokyo/20_2340_room.html?JKSS=701011214,<li>小田急小田原線「千歳船橋」駅バス4～10分 徒歩1～3分</li><li>京王線「八幡山」駅バス5～8分 徒歩1～3分</li><li>小田急小田原線「千歳船橋」駅 徒歩16～20分</li>
tokyo,kyodo,希望ヶ丘,123900,,,,,,,世田谷区船橋6ほか,7-1-1号棟,鉄筋コンクリート造,12,N,1214号室,1K,45,13,120300,3600,2か月,['近居割'],随時,https://www.ur-net.go.jp/chintai/kanto/tokyo/20_2340_room.html?JKSS=701011214,<li>小田急小田原線「千歳船橋」駅バス4～10分 徒歩1～3分</li><li>京王線「八幡山」駅バス5～8分 徒歩1～3分</li><li>小田急小田原線「千歳船橋」駅 徒歩16～20分</li>
tokyo,kyodo,スクエアー世田谷桜丘,203900,小田急小田原線｢千歳船橋｣駅,12.0,12.0,,,,世田谷区桜丘1-2-20,,鉄筋コンクリート造,3,N,319号室,3LDK,72,8,195600,8300,2か月,['近居割'],随時,https://www.ur-net.go.jp/chintai/kanto/tokyo/20_5590_room.html?JKSS=000000319,<li>小田急小田原線｢千歳船橋｣駅 徒歩12分</li><li>小田急小田原線｢経堂｣駅 徒歩15分</li>
tokyo,kyodo,スクエアー世田谷桜丘,203900,小田急小田原線｢経堂｣駅,15.0,15.0,,,,世田谷区桜丘1-2-20,,鉄筋コンクリート造,3,N,319号室,3LDK,72,8,195600,8300,2か月,['近居割'],随時,https://www.ur-net.go.jp/chintai/kanto/tokyo/20_5590_room.html?JKSS=000000319,<li>小田急小田原線｢千歳船橋｣駅 徒歩12分</li><li>小田急小田原線｢経堂｣駅 徒歩15分</li>
tokyo,kyodo,スクエアー世田谷桜丘,203900,,,,,,,世田谷区桜丘1-2-20,,鉄筋コンクリート造,3,N,319号室,3LDK,72,8,195600,8300,2か月,['近居割'],随時,https://www.ur-net.go.jp/chintai/kanto/tokyo/20_5590_room.html?JKSS=000000319,<li>小田急小田原線｢千歳船橋｣駅 徒歩12分</li><li>小田急小田原線｢経堂｣駅 徒歩15分</li>
tokyo,hachioji,館ヶ丘,51700,,,,JR中央線「高尾」駅,8.0,18.0,八王子市館町1097,1-12号棟,鉄筋コンクリート造,5,N,513号室,2DK,42,5,47200,4500,2か月,"['近居割', '近居割WIDE']",随時,https://www.ur-net.go.jp/chintai/kanto/tokyo/20_2600_room.html?JKSS=001120513,<li>JR中央線「高尾」駅バス7分 徒歩1～11分</li><li>京王高尾線「高尾」駅バス7分 徒歩1～11分</li><li>JR中央本線「高尾」駅 徒歩29～38分</li>
tokyo,hachioji,館ヶ丘,51700,,,,京王高尾線「高尾」駅,8.0,18.0,八王子市館町1097,1-12号棟,鉄筋コンクリート造,5,N,513号室,2DK,42,5,47200,4500,2か月,"['近居割', '近居割WIDE']",随時,https://www.ur-net.go.jp/chintai/kanto/tokyo/20_2600_room.html?JKSS=001120513,<li>JR中央線「高尾」駅バス7分 徒歩1～11分</li><li>京王高尾線「高尾」駅バス7分 徒歩1～11分</li><li>JR中央本線「高尾」駅 徒歩29～38分</li>
tokyo,hachioji,館ヶ丘,51700,JR中央本線「高尾」駅,29.0,38.0,,,,八王子市館町1097,1-12号棟,鉄筋コンクリート造,5,N,513号室,2DK,42,5,47200,4500,2か月,"['近居割', '近居割WIDE']",随時,https://www.ur-net.go.jp/chintai/kanto/tokyo/20_2600_room.html?JKSS=001120513,<li>JR中央線「高尾」駅バス7分 徒歩1～11分</li><li>京王高尾線「高尾」駅バス7分 徒歩1～11分</li><li>JR中央本線「高尾」駅 徒歩29～38分</li>
tokyo,hachioji,館ヶ丘,51700,,,,,,,八王子市館町1097,1-12号棟,鉄筋コンクリート造,5,N,513号室,2DK,42,5,47200,4500,2か月,"['近居割', '近居割WIDE']",随時,https://www.ur-net.go.jp/chintai/kanto/tokyo/20_2600_room.html?JKSS=001120513,<li>JR中央線「高尾」駅バス7分 徒歩1～11分</li><li>京王高尾線「高尾」駅バス7分 徒歩1～11分</li><li>JR中央本線「高尾」駅 徒歩29～38分</li>
tokyo,hachioji,館ヶ丘,51700,,,,JR中央線「高尾」駅,8.0,18.0,八王子市館町1097,1-14号棟,鉄筋コンクリート造,5,N,504号室,2DK,42,5,47200,4500,2か月,"['近居割', '近居割WIDE']",随時,https://www.ur-net.go.jp/chintai/kanto/tokyo/20_2600_room.html?JKSS=001140504,<li>JR中央線「高尾」駅バス7分 徒歩1～11分</li><li>京王高尾線「高尾」駅バス7分 徒歩1～11分</li><li>JR中央本線「高尾」駅 徒歩29～38分</li>
tokyo,hachioji,館ヶ丘,51700,,,,京王高尾線「高尾」駅,8.0,18.0,八王子市館町1097,1-14号棟,鉄筋コンクリート造,5,N,504号室,2DK,42,5,47200,4500,2か月,"['近居割', '近居割WIDE']",随時,https://www.ur-net.go.jp/chintai/kanto/tokyo/20_2600_room.html?JKSS=001140504,<li>JR中央線「高尾」駅バス7分 徒歩1～11分</li><li>京王高尾線「高尾」駅バス7分 徒歩1～11分</li><li>JR中央本線「高尾」駅 徒歩29～38分</li>
tokyo,hachioji,館ヶ丘,51700,JR中央本線「高尾」駅,29.0,38.0,,,,八王子市館町1097,1-14号棟,鉄筋コンクリート造,5,N,504号室,2DK,42,5,47200,4500,2か月,"['近居割', '近居割WIDE']",随時,https://www.ur-net.go.jp/chintai/kanto/tokyo/20_2600_room.html?JKSS=001140504,<li>JR中央線「高尾」駅バス7分 徒歩1～11分</li><li>京王高尾線「高尾」駅バス7分 徒歩1～11分</li><li>JR中央本線「高尾」駅 徒歩29～38分</li>
tokyo,hachioji,館ヶ丘,51700,,,,,,,八王子市館町1097,1-14号棟,鉄筋コンクリート造,5,N,504号室,2DK,42,5,47200,4500,2か月,"['近居割', '近居割WIDE']",随時,https://www.ur-net.go.jp/chintai/kanto/tokyo/20_2600_room.html?JKSS=001140504,<li>JR中央線「高尾」駅バス7分 徒歩1～11分</li><li>京王高尾線「高尾」駅バス7分 徒歩1～11分</li><li>JR中央本線「高尾」駅 徒歩29～38分</li>
tokyo,hachioji,館ヶ丘,55100,,,,JR中央線「高尾」駅,8.0,18.0,八王子市館町1097,1-15号棟,鉄筋コンクリート造,4,N,407号室,2DK,42,5,50600,4500,2か月,"['近居割', '近居割WIDE']",随時,https://www.ur-net.go.jp/chintai/kanto/tokyo/20_2600_room.html?JKSS=001150407,<li>JR中央線「高尾」駅バス7分 徒歩1～11分</li><li>京王高尾線「高尾」駅バス7分 徒歩1～11分</li><li>JR中央本線「高尾」駅 徒歩29～38分</li>
tokyo,hachioji,館ヶ丘,55100,,,,京王高尾線「高尾」駅,8.0,18.0,八王子市館町1097,1-15号棟,鉄筋コンクリート造,4,N,407号室,2DK,42,5,50600,4500,2か月,"['近居割', '近居割WIDE']",随時,https://www.ur-net.go.jp/chintai/kanto/tokyo/20_2600_room.html?JKSS=001150407,<li>JR中央線「高尾」駅バス7分 徒歩1～11分</li><li>京王高尾線「高尾」駅バス7分 徒歩1～11分</li><li>JR中央本線「高尾」駅 徒歩29～38分</li>
tokyo,hachioji,館ヶ丘,55100,JR中央本線「高尾」駅,29.0,38.0,,,,八王子市館町1097,1-15号棟,鉄筋コンクリート造,4,N,407号室,2DK,42,5,50600,4500,2か月,"['近居割', '近居割WIDE']",随時,https://www.ur-net.go.jp/chintai/kanto/tokyo/20_2600_room.html?JKSS=001150407,<li>JR中央線「高尾」駅バス7分 徒歩1～11分</li><li>京王高尾線「高尾」駅バス7分 徒歩1～11分</li><li>JR中央本線「高尾」駅 徒歩29～38分</li>
tokyo,hachioji,館ヶ丘,55100,,,,,,,八王子市館町1097,1-15号棟,鉄筋コンクリート造,4,N,407号室,2DK,42,5,50600,4500,2か月,"['近居割', '近居割WIDE']",随時,https://www.ur-net.go.jp/chintai/kanto/tokyo/20_2600_room.html?JKSS=001150407,<li>JR中央線「高尾」駅バス7分 徒歩1～11分</li><li>京王高尾線「高尾」駅バス7分 徒歩1～11分</li><li>JR中央本線「高尾」駅 徒歩29～38分</li>
tokyo,hachioji,館ヶ丘,60700,,,,JR中央線「高尾」駅,8.0,18.0,八王子市館町1097,3-3号棟,鉄筋コンクリート造,4,N,407号室,3K,48,5,56200,4500,2か月,"['近居割', '近居割WIDE']",随時,https://www.ur-net.go.jp/chintai/kanto/tokyo/20_2600_room.html?JKSS=003030407,<li>JR中央線「高尾」駅バス7分 徒歩1～11分</li><li>京王高尾線「高尾」駅バス7分 徒歩1～11分</li><li>JR中央本線「高尾」駅 徒歩29～38分</li>
tokyo,hachioji,館ヶ丘,60700,,,,京王高尾線「高尾」駅,8.0,18.0,八王子市館町1097,3-3号棟,鉄筋コンクリート造,4,N,407号室,3K,48,5,56200,4500,2か月,"['近居割', '近居割WIDE']",随時,https://www.ur-net.go.jp/chintai/kanto/tokyo/20_2600_room.html?JKSS=003030407,<li>JR中央線「高尾」駅バス7分 徒歩1～11分</li><li>京王高尾線「高尾」駅バス7分 徒歩1～11分</li><li>JR中央本線「高尾」駅 徒歩29～38分</li>
tokyo,hachioji,館ヶ丘,60700,JR中央本線「高尾」駅,29.0,38.0,,,,八王子市館町1097,3-3号棟,鉄筋コンクリート造,4,N,407号室,3K,48,5,56200,4500,2か月,"['近居割', '近居割WIDE']",随時,https://www.ur-net.go.jp/chintai/kanto/tokyo/20_2600_room.html?JKSS=003030407,<li>JR中央線「高尾」駅バス7分 徒歩1～11分</li><li>京王高尾線「高尾」駅バス7分 徒歩1～11分</li><li>JR中央本線「高尾」駅 徒歩29～38分</li>
tokyo,hachioji,館ヶ丘,60700,,,,,,,八王子市館町1097,3-3号棟,鉄筋コンクリート造,4,N,407号室,3K,48,5,56200,4500,2か月,"['近居割', '近居割WIDE']",随時,https://www.ur-net.go.jp/chintai/kanto/tokyo/20_2600_room.html?JKSS=003030407,<li>JR中央線「高尾」駅バス7分 徒歩1～11分</li><li>京王高尾線「高尾」駅バス7分 徒歩1～11分</li><li>JR中央本線「高尾」駅 徒歩29～38分</li>
tokyo,hachioji,館ヶ丘,60700,,,,JR中央線「高尾」駅,8.0,18.0,八王子市館町1097,3-6号棟,鉄筋コンクリート造,3,N,310号室,3K,48,5,56200,4500,2か月,"['近居割', '近居割WIDE']",随時,https://www.ur-net.go.jp/chintai/kanto/tokyo/20_2600_room.html?JKSS=003060310,<li>JR中央線「高尾」駅バス7分 徒歩1～11分</li><li>京王高尾線「高尾」駅バス7分 徒歩1～11分</li><li>JR中央本線「高尾」駅 徒歩29～38分</li>
tokyo,hachioji,館ヶ丘,60700,,,,京王高尾線「高尾」駅,8.0,18.0,八王子市館町1097,3-6号棟,鉄筋コンクリート造,3,N,310号室,3K,48,5,56200,4500,2か月,"['近居割', '近居割WIDE']",随時,https://www.ur-net.go.jp/chintai/kanto/tokyo/20_2600_room.html?JKSS=003060310,<li>JR中央線「高尾」駅バス7分 徒歩1～11分</li><li>京王高尾線「高尾」駅バス7分 徒歩1～11分</li><li>JR中央本線「高尾」駅 徒歩29～38分</li>
tokyo,hachioji,館ヶ丘,60700,JR中央本線「高尾」駅,29.0,38.0,,,,八王子市館町1097,3-6号棟,鉄筋コンクリート造,3,N,310号室,3K,48,5,56200,4500,2か月,"['近居割', '近居割WIDE']",随時,https://www.ur-net.go.jp/chintai/kanto/tokyo/20_2600_room.html?JKSS=003060310,<li>JR中央線「高尾」駅バス7分 徒歩1～11分</li><li>京王高尾線「高尾」駅バス7分 徒歩1～11分</li><li>JR中央本線「高尾」駅 徒歩29～38分</li>
tokyo,hachioji,館ヶ丘,60700,,,,,,,八王子市館町1097,3-6号棟,鉄筋コンクリート造,3,N,310号室,3K,48,5,56200,4500,2か月,"['近居割', '近居割WIDE']",随時,https://www.ur-net.go.jp/chintai/kanto/tokyo/20_2600_room.html?JKSS=003060310,<li>JR中央線「高尾」駅バス7分 徒歩1～11分</li><li>京王高尾線「高尾」駅バス7分 徒歩1～11分</li><li>JR中央本線「高尾」駅 徒歩29～38分</li>
tokyo,hachioji,グリーンヒル寺田,79100,,,,京王高尾線「めじろ台」駅,7.0,13.0,八王子市寺田町432,98号棟,鉄筋コンクリート造、鉄骨鉄筋コンクリート造,3,N,308号室,3DK,68,8,74200,4900,2か月,"['近居割', '近居割WIDE']",随時,https://www.ur-net.go.jp/chintai/kanto/tokyo/20_3370_room.html?JKSS=000980308,<li>京王高尾線「めじろ台」駅バス6分 徒歩1～7分</li><li>JR中央線「西八王子」駅バス17分 徒歩1～7分</li><li>JR横浜線「八王子みなみ野」駅バス12分 徒歩1～7分</li>
tokyo,hachioji,グリーンヒル寺田,79100,,,,JR中央線「西八王子」駅,18.0,24.0,八王子市寺田町432,98号棟,鉄筋コンクリート造、鉄骨鉄筋コンクリート造,3,N,308号室,3DK,68,8,74200,4900,2か月,"['近居割', '近居割WIDE']",随時,https://www.ur-net.go.jp/chintai/kanto/tokyo/20_3370_room.html?JKSS=000980308,<li>京王高尾線「めじろ台」駅バス6分 徒歩1～7分</li><li>JR中央線「西八王子」駅バス17分 徒歩1～7分</li><li>JR横浜線「八王子みなみ野」駅バス12分 徒歩1～7分</li>
tokyo,hachioji,グリーンヒル寺田,79100,,,,JR横浜線「八王子みなみ野」駅,13.0,19.0,八王子市寺田町432,98号棟,鉄筋コンクリート造、鉄骨鉄筋コンクリート造,3,N,308号室,3DK,68,8,74200,4900,2か月,"['近居割', '近居割WIDE']",随時,https://www.ur-net.go.jp/chintai/kanto/tokyo/20_3370_room.html?JKSS=000980308,<li>京王高尾線「めじろ台」駅バス6分 徒歩1～7分</li><li>JR中央線「西八王子」駅バス17分 徒歩1～7分</li><li>JR横浜線「八王子みなみ野」駅バス12分 徒歩1～7分</li>
tokyo,hachioji,グリーンヒル寺田,79100,,,,,,,八王子市寺田町432,98号棟,鉄筋コンクリート造、鉄骨鉄筋コンクリート造,3,N,308号室,3DK,68,8,74200,4900,2か月,"['近居割', '近居割WIDE']",随時,https://www.ur-net.go.jp/chintai/kanto/tokyo/20_3370_room.html?JKSS=000980308,<li>京王高尾線「めじろ台」駅バス6分 徒歩1～7分</li><li>JR中央線「西八王子」駅バス17分 徒歩1～7分</li><li>JR横浜線「八王子みなみ野」駅バス12分 徒歩1～7分</li>
tokyo,hachioji,八王子パークヒル 宇津木台,88900,JR八高線「小宮」駅,11.0,16.0,,,,八王子市久保山町2ほか,,鉄筋コンクリート造,1,N,109号室,2LDK,66,9,84700,4200,2か月,['近居割'],随時,https://www.ur-net.go.jp/chintai/kanto/tokyo/20_4080_room.html?JKSS=109010109,<li>JR八高線「小宮」駅 徒歩11～16分</li><li>JR中央線「日野」駅バス13分 徒歩3～5分</li><li>JR中央線「八王子」・京王線「京王八王子」駅バス22～24分 徒歩3～5分</li>
tokyo,hachioji,八王子パークヒル 宇津木台,88900,,,,JR中央線「日野」駅,16.0,18.0,八王子市久保山町2ほか,,鉄筋コンクリート造,1,N,109号室,2LDK,66,9,84700,4200,2か月,['近居割'],随時,https://www.ur-net.go.jp/chintai/kanto/tokyo/20_4080_room.html?JKSS=109010109,<li>JR八高線「小宮」駅 徒歩11～16分</li><li>JR中央線「日野」駅バス13分 徒歩3～5分</li><li>JR中央線「八王子」・京王線「京王八王子」駅バス22～24分 徒歩3～5分</li>
tokyo,hachioji,八王子パークヒル 宇津木台,88900,,,,JR中央線「八王子」・京王線「京王八王子」駅,25.0,29.0,八王子市久保山町2ほか,,鉄筋コンクリート造,1,N,109号室,2LDK,66,9,84700,4200,2か月,['近居割'],随時,https://www.ur-net.go.jp/chintai/kanto/tokyo/20_4080_room.html?JKSS=109010109,<li>JR八高線「小宮」駅 徒歩11～16分</li><li>JR中央線「日野」駅バス13分 徒歩3～5分</li><li>JR中央線「八王子」・京王線「京王八王子」駅バス22～24分 徒歩3～5分</li>
tokyo,hachioji,八王子パークヒル 宇津木台,88900,,,,,,,八王子市久保山町2ほか,,鉄筋コンクリート造,1,N,109号室,2LDK,66,9,84700,4200,2か月,['近居割'],随時,https://www.ur-net.go.jp/chintai/kanto/tokyo/20_4080_room.html?JKSS=109010109,<li>JR八高線「小宮」駅 徒歩11～16分</li><li>JR中央線「日野」駅バス13分 徒歩3～5分</li><li>JR中央線「八王子」・京王線「京王八王子」駅バス22～24分 徒歩3～5分</li>
tokyo,hachioji,八王子パークヒル 宇津木台,91800,JR八高線「小宮」駅,11.0,16.0,,,,八王子市久保山町2ほか,,鉄筋コンクリート造,5,N,511号室,1LDK,51,9,87600,4200,2か月,['近居割'],随時,https://www.ur-net.go.jp/chintai/kanto/tokyo/20_4080_room.html?JKSS=109010511,<li>JR八高線「小宮」駅 徒歩11～16分</li><li>JR中央線「日野」駅バス13分 徒歩3～5分</li><li>JR中央線「八王子」・京王線「京王八王子」駅バス22～24分 徒歩3～5分</li>
tokyo,hachioji,八王子パークヒル 宇津木台,91800,,,,JR中央線「日野」駅,16.0,18.0,八王子市久保山町2ほか,,鉄筋コンクリート造,5,N,511号室,1LDK,51,9,87600,4200,2か月,['近居割'],随時,https://www.ur-net.go.jp/chintai/kanto/tokyo/20_4080_room.html?JKSS=109010511,<li>JR八高線「小宮」駅 徒歩11～16分</li><li>JR中央線「日野」駅バス13分 徒歩3～5分</li><li>JR中央線「八王子」・京王線「京王八王子」駅バス22～24分 徒歩3～5分</li>
tokyo,hachioji,八王子パークヒル 宇津木台,91800,,,,JR中央線「八王子」・京王線「京王八王子」駅,25.0,29.0,八王子市久保山町2ほか,,鉄筋コンクリート造,5,N,511号室,1LDK,51,9,87600,4200,2か月,['近居割'],随時,https://www.ur-net.go.jp/chintai/kanto/tokyo/20_4080_room.html?JKSS=109010511,<li>JR八高線「小宮」駅 徒歩11～16分</li><li>JR中央線「日野」駅バス13分 徒歩3～5分</li><li>JR中央線「八王子」・京王線「京王八王子」駅バス22～24分 徒歩3～5分</li>
tokyo,hachioji,八王子パークヒル 宇津木台,91800,,,,,,,八王子市久保山町2ほか,,鉄筋コンクリート造,5,N,511号室,1LDK,51,9,87600,4200,2か月,['近居割'],随時,https://www.ur-net.go.jp/chintai/kanto/tokyo/20_4080_room.html?JKSS=109010511,<li>JR八高線「小宮」駅 徒歩11～16分</li><li>JR中央線「日野」駅バス13分 徒歩3～5分</li><li>JR中央線「八王子」・京王線「京王八王子」駅バス22～24分 徒歩3～5分</li>
tokyo,hachioji,八王子パークヒル 宇津木台,93300,JR八高線「小宮」駅,11.0,16.0,,,,八王子市久保山町2ほか,3号棟,鉄筋コンクリート造,5,N,506号室,3LDK,75,5,89600,3700,2か月,['近居割'],随時,https://www.ur-net.go.jp/chintai/kanto/tokyo/20_4080_room.html?JKSS=002030506,<li>JR八高線「小宮」駅 徒歩11～16分</li><li>JR中央線「日野」駅バス13分 徒歩3～5分</li><li>JR中央線「八王子」・京王線「京王八王子」駅バス22～24分 徒歩3～5分</li>
tokyo,hachioji,八王子パークヒル 宇津木台,93300,,,,JR中央線「日野」駅,16.0,18.0,八王子市久保山町2ほか,3号棟,鉄筋コンクリート造,5,N,506号室,3LDK,75,5,89600,3700,2か月,['近居割'],随時,https://www.ur-net.go.jp/chintai/kanto/tokyo/20_4080_room.html?JKSS=002030506,<li>JR八高線「小宮」駅 徒歩11～16分</li><li>JR中央線「日野」駅バス13分 徒歩3～5分</li><li>JR中央線「八王子」・京王線「京王八王子」駅バス22～24分 徒歩3～5分</li>
tokyo,hachioji,八王子パークヒル 宇津木台,93300,,,,JR中央線「八王子」・京王線「京王八王子」駅,25.0,29.0,八王子市久保山町2ほか,3号棟,鉄筋コンクリート造,5,N,506号室,3LDK,75,5,89600,3700,2か月,['近居割'],随時,https://www.ur-net.go.jp/chintai/kanto/tokyo/20_4080_room.html?JKSS=002030506,<li>JR八高線「小宮」駅 徒歩11～16分</li><li>JR中央線「日野」駅バス13分 徒歩3～5分</li><li>JR中央線「八王子」・京王線「京王八王子」駅バス22～24分 徒歩3～5分</li>
tokyo,hachioji,八王子パークヒル 宇津木台,93300,,,,,,,八王子市久保山町2ほか,3号棟,鉄筋コンクリート造,5,N,506号室,3LDK,75,5,89600,3700,2か月,['近居割'],随時,https://www.ur-net.go.jp/chintai/kanto/tokyo/20_4080_room.html?JKSS=002030506,<li>JR八高線「小宮」駅 徒歩11～16分</li><li>JR中央線「日野」駅バス13分 徒歩3～5分</li><li>JR中央線「八王子」・京王線「京王八王子」駅バス22～24分 徒歩3～5分</li>
tokyo,hachioji,八王子パークヒル 宇津木台,102500,JR八高線「小宮」駅,11.0,16.0,,,,八王子市久保山町2ほか,154号棟,鉄筋コンクリート造,7,N,711号室,2LDK,69,7,98300,4200,2か月,['近居割'],随時,https://www.ur-net.go.jp/chintai/kanto/tokyo/20_4080_room.html?JKSS=191540711,<li>JR八高線「小宮」駅 徒歩11～16分</li><li>JR中央線「日野」駅バス13分 徒歩3～5分</li><li>JR中央線「八王子」・京王線「京王八王子」駅バス22～24分 徒歩3～5分</li>
tokyo,hachioji,八王子パークヒル 宇津木台,102500,,,,JR中央線「日野」駅,16.0,18.0,八王子市久保山町2ほか,154号棟,鉄筋コンクリート造,7,N,711号室,2LDK,69,7,98300,4200,2か月,['近居割'],随時,https://www.ur-net.go.jp/chintai/kanto/tokyo/20_4080_room.html?JKSS=191540711,<li>JR八高線「小宮」駅 徒歩11～16分</li><li>JR中央線「日野」駅バス13分 徒歩3～5分</li><li>JR中央線「八王子」・京王線「京王八王子」駅バス22～24分 徒歩3～5分</li>
tokyo,hachioji,八王子パークヒル 宇津木台,102500,,,,JR中央線「八王子」・京王線「京王八王子」駅,25.0,29.0,八王子市久保山町2ほか,154号棟,鉄筋コンクリート造,7,N,711号室,2LDK,69,7,98300,4200,2か月,['近居割'],随時,https://www.ur-net.go.jp/chintai/kanto/tokyo/20_4080_room.html?JKSS=191540711,<li>JR八高線「小宮」駅 徒歩11～16分</li><li>JR中央線「日野」駅バス13分 徒歩3～5分</li><li>JR中央線「八王子」・京王線「京王八王子」駅バス22～24分 徒歩3～5分</li>
tokyo,hachioji,八王子パークヒル 宇津木台,102500,,,,,,,八王子市久保山町2ほか,154号棟,鉄筋コンクリート造,7,N,711号室,2LDK,69,7,98300,4200,2か月,['近居割'],随時,https://www.ur-net.go.jp/chintai/kanto/tokyo/20_4080_room.html?JKSS=191540711,<li>JR八高線「小宮」駅 徒歩11～16分</li><li>JR中央線「日野」駅バス13分 徒歩3～5分</li><li>JR中央線「八王子」・京王線「京王八王子」駅バス22～24分 徒歩3～5分</li>
tokyo,kumegawa,けやき台,66000,,,,JR中央線「国立」駅,12.0,18.0,立川市若葉町1-13-2,23号棟,鉄筋コンクリート造,5,N,506号室,2DK,45,5,62400,3600,2か月,['URライト'],随時,https://www.ur-net.go.jp/chintai/kanto/tokyo/20_1480_room.html?JKSS=000023506,<li>JR中央線「国立」駅バス11分 徒歩1～7分</li><li>JR中央線「立川」駅バス14分 徒歩1～7分</li><li>多摩都市モノレール「泉体育館」駅 徒歩20～25分</li>
tokyo,kumegawa,けやき台,66000,,,,JR中央線「立川」駅,15.0,21.0,立川市若葉町1-13-2,23号棟,鉄筋コンクリート造,5,N,506号室,2DK,45,5,62400,3600,2か月,['URライト'],随時,https://www.ur-net.go.jp/chintai/kanto/tokyo/20_1480_room.html?JKSS=000023506,<li>JR中央線「国立」駅バス11分 徒歩1～7分</li><li>JR中央線「立川」駅バス14分 徒歩1～7分</li><li>多摩都市モノレール「泉体育館」駅 徒歩20～25分</li>
tokyo,kumegawa,けやき台,66000,多摩都市モノレール「泉体育館」駅,20.0,25.0,,,,立川市若葉町1-13-2,23号棟,鉄筋コンクリート造,5,N,506号室,2DK,45,5,62400,3600,2か月,['URライト'],随時,https://www.ur-net.go.jp/chintai/kanto/tokyo/20_1480_room.html?JKSS=000023506,<li>JR中央線「国立」駅バス11分 徒歩1～7分</li><li>JR中央線「立川」駅バス14分 徒歩1～7分</li><li>多摩都市モノレール「泉体育館」駅 徒歩20～25分</li>
tokyo,kumegawa,けやき台,66000,,,,,,,立川市若葉町1-13-2,23号棟,鉄筋コンクリート造,5,N,506号室,2DK,45,5,62400,3600,2か月,['URライト'],随時,https://www.ur-net.go.jp/chintai/kanto/tokyo/20_1480_room.html?JKSS=000023506,<li>JR中央線「国立」駅バス11分 徒歩1～7分</li><li>JR中央線「立川」駅バス14分 徒歩1～7分</li><li>多摩都市モノレール「泉体育館」駅 徒歩20～25分</li>
tokyo,kumegawa,けやき台,69200,,,,JR中央線「国立」駅,12.0,18.0,立川市若葉町1-13-2,22号棟,鉄筋コンクリート造,4,N,404号室,2DK,45,5,65600,3600,2か月,['URライト'],随時,https://www.ur-net.go.jp/chintai/kanto/tokyo/20_1480_room.html?JKSS=000022404,<li>JR中央線「国立」駅バス11分 徒歩1～7分</li><li>JR中央線「立川」駅バス14分 徒歩1～7分</li><li>多摩都市モノレール「泉体育館」駅 徒歩20～25分</li>
tokyo,kumegawa,けやき台,69200,,,,JR中央線「立川」駅,15.0,21.0,立川市若葉町1-13-2,22号棟,鉄筋コンクリート造,4,N,404号室,2DK,45,5,65600,3600,2か月,['URライト'],随時,https://www.ur-net.go.jp/chintai/kanto/tokyo/20_1480_room.html?JKSS=000022404,<li>JR中央線「国立」駅バス11分 徒歩1～7分</li><li>JR中央線「立川」駅バス14分 徒歩1～7分</li><li>多摩都市モノレール「泉体育館」駅 徒歩20～25分</li>
tokyo,kumegawa,けやき台,69200,多摩都市モノレール「泉体育館」駅,20.0,25.0,,,,立川市若葉町1-13-2,22号棟,鉄筋コンクリート造,4,N,404号室,2DK,45,5,65600,3600,2か月,['URライト'],随時,https://www.ur-net.go.jp/chintai/kanto/tokyo/20_1480_room.html?JKSS=000022404,<li>JR中央線「国立」駅バス11分 徒歩1～7分</li><li>JR中央線「立川」駅バス14分 徒歩1～7分</li><li>多摩都市モノレール「泉体育館」駅 徒歩20～25分</li>
tokyo,kumegawa,けやき台,69200,,,,,,,立川市若葉町1-13-2,22号棟,鉄筋コンクリート造,4,N,404号室,2DK,45,5,65600,3600,2か月,['URライト'],随時,https://www.ur-net.go.jp/chintai/kanto/tokyo/20_1480_room.html?JKSS=000022404,<li>JR中央線「国立」駅バス11分 徒歩1～7分</li><li>JR中央線「立川」駅バス14分 徒歩1～7分</li><li>多摩都市モノレール「泉体育館」駅 徒歩20～25分</li>
tokyo,chofu,神代,111300,京王線「つつじケ丘」駅,7.0,19.0,,,,調布市西つつじヶ丘4-23、狛江市西野川1-25,11号棟,鉄筋コンクリート造,1,N,102号室,3DK,53,5,107500,3800,2か月,['URライト'],随時,https://www.ur-net.go.jp/chintai/kanto/tokyo/20_1320_room.html?JKSS=000011102,<li>京王線「つつじケ丘」駅 徒歩7～19分</li><li>小田急小田原線「成城学園前」駅バス11～15分 徒歩1～5分</li><li>小田急小田原線「狛江」駅バス7～9分 徒歩1～5分</li>
tokyo,chofu,神代,111300,,,,小田急小田原線「成城学園前」駅,12.0,20.0,調布市西つつじヶ丘4-23、狛江市西野川1-25,11号棟,鉄筋コンクリート造,1,N,102号室,3DK,53,5,107500,3800,2か月,['URライト'],随時,https://www.ur-net.go.jp/chintai/kanto/tokyo/20_1320_room.html?JKSS=000011102,<li>京王線「つつじケ丘」駅 徒歩7～19分</li><li>小田急小田原線「成城学園前」駅バス11～15分 徒歩1～5分</li><li>小田急小田原線「狛江」駅バス7～9分 徒歩1～5分</li>
tokyo,chofu,神代,111300,,,,小田急小田原線「狛江」駅,8.0,14.0,調布市西つつじヶ丘4-23、狛江市西野川1-25,11号棟,鉄筋コンクリート造,1,N,102号室,3DK,53,5,107500,3800,2か月,['URライト'],随時,https://www.ur-net.go.jp/chintai/kanto/tokyo/20_1320_room.html?JKSS=000011102,<li>京王線「つつじケ丘」駅 徒歩7～19分</li><li>小田急小田原線「成城学園前」駅バス11～15分 徒歩1～5分</li><li>小田急小田原線「狛江」駅バス7～9分 徒歩1～5分</li>
tokyo,chofu,神代,111300,,,,,,,調布市西つつじヶ丘4-23、狛江市西野川1-25,11号棟,鉄筋コンクリート造,1,N,102号室,3DK,53,5,107500,3800,2か月,['URライト'],随時,https://www.ur-net.go.jp/chintai/kanto/tokyo/20_1320_room.html?JKSS=000011102,<li>京王線「つつじケ丘」駅 徒歩7～19分</li><li>小田急小田原線「成城学園前」駅バス11～15分 徒歩1～5分</li><li>小田急小田原線「狛江」駅バス7～9分 徒歩1～5分</li>
tokyo,chofu,ライフタウン国領,132700,京王線「国領」駅,12.0,12.0,,,,調布市国領町8-2-9,1号棟,鉄筋コンクリート造,3,N,306号室,1LDK,53,11,128200,4500,2か月,['近居割'],随時,https://www.ur-net.go.jp/chintai/kanto/tokyo/20_6591_room.html?JKSS=000010306,<li>京王線「国領」駅 徒歩12分</li><li>京王線「柴崎」駅 徒歩13～15分</li><li>京王線「布田」駅 徒歩21分</li>
tokyo,chofu,ライフタウン国領,132700,京王線「柴崎」駅,13.0,15.0,,,,調布市国領町8-2-9,1号棟,鉄筋コンクリート造,3,N,306号室,1LDK,53,11,128200,4500,2か月,['近居割'],随時,https://www.ur-net.go.jp/chintai/kanto/tokyo/20_6591_room.html?JKSS=000010306,<li>京王線「国領」駅 徒歩12分</li><li>京王線「柴崎」駅 徒歩13～15分</li><li>京王線「布田」駅 徒歩21分</li>
tokyo,chofu,ライフタウン国領,132700,京王線「布田」駅,21.0,21.0,,,,調布市国領町8-2-9,1号棟,鉄筋コンクリート造,3,N,306号室,1LDK,53,11,128200,4500,2か月,['近居割'],随時,https://www.ur-net.go.jp/chintai/kanto/tokyo/20_6591_room.html?JKSS=000010306,<li>京王線「国領」駅 徒歩12分</li><li>京王線「柴崎」駅 徒歩13～15分</li><li>京王線「布田」駅 徒歩21分</li>
tokyo,chofu,ライフタウン国領,132700,,,,,,,調布市国領町8-2-9,1号棟,鉄筋コンクリート造,3,N,306号室,1LDK,53,11,128200,4500,2か月,['近居割'],随時,https://www.ur-net.go.jp/chintai/kanto/tokyo/20_6591_room.html?JKSS=000010306,<li>京王線「国領」駅 徒歩12分</li><li>京王線「柴崎」駅 徒歩13～15分</li><li>京王線「布田」駅 徒歩21分</li>
tokyo,chofu,ココスクエア国領,194200,京王線「国領」駅,1.0,1.0,,,,調布市国領町3-1-38,,鉄骨鉄筋コンクリート造,11,N,1105号室,2LDK,64,16,185700,8500,2か月,['近居割'],随時,https://www.ur-net.go.jp/chintai/kanto/tokyo/20_6300_room.html?JKSS=000001105,<li>京王線「国領」駅 徒歩1分</li>
tokyo,chofu,ココスクエア国領,194200,,,,,,,調布市国領町3-1-38,,鉄骨鉄筋コンクリート造,11,N,1105号室,2LDK,64,16,185700,8500,2か月,['近居割'],随時,https://www.ur-net.go.jp/chintai/kanto/tokyo/20_6300_room.html?JKSS=000001105,<li>京王線「国領」駅 徒歩1分</li>
tokyo,machidayamasaki,町田山崎,60200,,,,JR横浜線・小田急小田原線「町田」駅,17.0,32.0,町田市山崎町2130ほか,6-12号棟,鉄筋コンクリート造,4,N,404号室,3K,45,5,56200,4000,2か月,"['近居割', '近居割WIDE']",随時,https://www.ur-net.go.jp/chintai/kanto/tokyo/20_1670_room.html?JKSS=000612404,<li>JR横浜線・小田急小田原線「町田」駅バス16～24分 徒歩1～8分</li><li>JR横浜線「古淵」駅バス11～17分 徒歩1～8分</li>
tokyo,machidayamasaki,町田山崎,60200,,,,JR横浜線「古淵」駅,12.0,25.0,町田市山崎町2130ほか,6-12号棟,鉄筋コンクリート造,4,N,404号室,3K,45,5,56200,4000,2か月,"['近居割', '近居割WIDE']",随時,https://www.ur-net.go.jp/chintai/kanto/tokyo/20_1670_room.html?JKSS=000612404,<li>JR横浜線・小田急小田原線「町田」駅バス16～24分 徒歩1～8分</li><li>JR横浜線「古淵」駅バス11～17分 徒歩1～8分</li>
tokyo,machidayamasaki,町田山崎,60200,,,,,,,町田市山崎町2130ほか,6-12号棟,鉄筋コンクリート造,4,N,404号室,3K,45,5,56200,4000,2か月,"['近居割', '近居割WIDE']",随時,https://www.ur-net.go.jp/chintai/kanto/tokyo/20_1670_room.html?JKSS=000612404,<li>JR横浜線・小田急小田原線「町田」駅バス16～24分 徒歩1～8分</li><li>JR横浜線「古淵」駅バス11～17分 徒歩1～8分</li>
tokyo,machidayamasaki,町田山崎,62900,,,,JR横浜線・小田急小田原線「町田」駅,17.0,32.0,町田市山崎町2130ほか,7-17号棟,鉄筋コンクリート造,3,N,306号室,2DK,45,5,58900,4000,2か月,"['近居割', '近居割WIDE']",随時,https://www.ur-net.go.jp/chintai/kanto/tokyo/20_1670_room.html?JKSS=000717306,<li>JR横浜線・小田急小田原線「町田」駅バス16～24分 徒歩1～8分</li><li>JR横浜線「古淵」駅バス11～17分 徒歩1～8分</li>
tokyo,machidayamasaki,町田山崎,62900,,,,JR横浜線「古淵」駅,12.0,25.0,町田市山崎町2130ほか,7-17号棟,鉄筋コンクリート造,3,N,306号室,2DK,45,5,58900,4000,2か月,"['近居割', '近居割WIDE']",随時,https://www.ur-net.go.jp/chintai/kanto/tokyo/20_1670_room.html?JKSS=000717306,<li>JR横浜線・小田急小田原線「町田」駅バス16～24分 徒歩1～8分</li><li>JR横浜線「古淵」駅バス11～17分 徒歩1～8分</li>
tokyo,machidayamasaki,町田山崎,62900,,,,,,,町田市山崎町2130ほか,7-17号棟,鉄筋コンクリート造,3,N,306号室,2DK,45,5,58900,4000,2か月,"['近居割', '近居割WIDE']",随時,https://www.ur-net.go.jp/chintai/kanto/tokyo/20_1670_room.html?JKSS=000717306,<li>JR横浜線・小田急小田原線「町田」駅バス16～24分 徒歩1～8分</li><li>JR横浜線「古淵」駅バス11～17分 徒歩1～8分</li>
tokyo,machidayamasaki,町田山崎,63600,,,,JR横浜線・小田急小田原線「町田」駅,17.0,32.0,町田市山崎町2130ほか,6-1号棟,鉄筋コンクリート造,5,N,501号室,2LDK,56,5,59600,4000,2か月,"['近居割', '近居割WIDE']",随時,https://www.ur-net.go.jp/chintai/kanto/tokyo/20_1670_room.html?JKSS=000601501,<li>JR横浜線・小田急小田原線「町田」駅バス16～24分 徒歩1～8分</li><li>JR横浜線「古淵」駅バス11～17分 徒歩1～8分</li>
tokyo,machidayamasaki,町田山崎,63600,,,,JR横浜線「古淵」駅,12.0,25.0,町田市山崎町2130ほか,6-1号棟,鉄筋コンクリート造,5,N,501号室,2LDK,56,5,59600,4000,2か月,"['近居割', '近居割WIDE']",随時,https://www.ur-net.go.jp/chintai/kanto/tokyo/20_1670_room.html?JKSS=000601501,<li>JR横浜線・小田急小田原線「町田」駅バス16～24分 徒歩1～8分</li><li>JR横浜線「古淵」駅バス11～17分 徒歩1～8分</li>
tokyo,machidayamasaki,町田山崎,63600,,,,,,,町田市山崎町2130ほか,6-1号棟,鉄筋コンクリート造,5,N,501号室,2LDK,56,5,59600,4000,2か月,"['近居割', '近居割WIDE']",随時,https://www.ur-net.go.jp/chintai/kanto/tokyo/20_1670_room.html?JKSS=000601501,<li>JR横浜線・小田急小田原線「町田」駅バス16～24分 徒歩1～8分</li><li>JR横浜線「古淵」駅バス11～17分 徒歩1～8分</li>
tokyo,machidayamasaki,町田山崎,63900,,,,JR横浜線・小田急小田原線「町田」駅,17.0,32.0,町田市山崎町2130ほか,6-5号棟,鉄筋コンクリート造,5,N,504号室,3DK,56,5,59900,4000,2か月,"['近居割', '近居割WIDE']",随時,https://www.ur-net.go.jp/chintai/kanto/tokyo/20_1670_room.html?JKSS=000605504,<li>JR横浜線・小田急小田原線「町田」駅バス16～24分 徒歩1～8分</li><li>JR横浜線「古淵」駅バス11～17分 徒歩1～8分</li>
tokyo,machidayamasaki,町田山崎,63900,,,,JR横浜線「古淵」駅,12.0,25.0,町田市山崎町2130ほか,6-5号棟,鉄筋コンクリート造,5,N,504号室,3DK,56,5,59900,4000,2か月,"['近居割', '近居割WIDE']",随時,https://www.ur-net.go.jp/chintai/kanto/tokyo/20_1670_room.html?JKSS=000605504,<li>JR横浜線・小田急小田原線「町田」駅バス16～24分 徒歩1～8分</li><li>JR横浜線「古淵」駅バス11～17分 徒歩1～8分</li>
tokyo,machidayamasaki,町田山崎,63900,,,,,,,町田市山崎町2130ほか,6-5号棟,鉄筋コンクリート造,5,N,504号室,3DK,56,5,59900,4000,2か月,"['近居割', '近居割WIDE']",随時,https://www.ur-net.go.jp/chintai/kanto/tokyo/20_1670_room.html?JKSS=000605504,<li>JR横浜線・小田急小田原線「町田」駅バス16～24分 徒歩1～8分</li><li>JR横浜線「古淵」駅バス11～17分 徒歩1～8分</li>
tokyo,machidayamasaki,町田山崎,67100,,,,JR横浜線・小田急小田原線「町田」駅,17.0,32.0,町田市山崎町2130ほか,4-17号棟,鉄筋コンクリート造,4,N,401号室,3DK,56,5,63100,4000,2か月,"['近居割', '近居割WIDE']",随時,https://www.ur-net.go.jp/chintai/kanto/tokyo/20_1670_room.html?JKSS=000417401,<li>JR横浜線・小田急小田原線「町田」駅バス16～24分 徒歩1～8分</li><li>JR横浜線「古淵」駅バス11～17分 徒歩1～8分</li>
tokyo,machidayamasaki,町田山崎,67100,,,,JR横浜線「古淵」駅,12.0,25.0,町田市山崎町2130ほか,4-17号棟,鉄筋コンクリート造,4,N,401号室,3DK,56,5,63100,4000,2か月,"['近居割', '近居割WIDE']",随時,https://www.ur-net.go.jp/chintai/kanto/tokyo/20_1670_room.html?JKSS=000417401,<li>JR横浜線・小田急小田原線「町田」駅バス16～24分 徒歩1～8分</li><li>JR横浜線「古淵」駅バス11～17分 徒歩1～8分</li>
tokyo,machidayamasaki,町田山崎,67100,,,,,,,町田市山崎町2130ほか,4-17号棟,鉄筋コンクリート造,4,N,401号室,3DK,56,5,63100,4000,2か月,"['近居割', '近居割WIDE']",随時,https://www.ur-net.go.jp/chintai/kanto/tokyo/20_1670_room.html?JKSS=000417401,<li>JR横浜線・小田急小田原線「町田」駅バス16～24分 徒歩1～8分</li><li>JR横浜線「古淵」駅バス11～17分 徒歩1～8分</li>
tokyo,machidayamasaki,藤の台,61000,,,,JR横浜線「町田」駅,20.0,27.0,町田市藤の台1-1ほか,3-11号棟,鉄筋コンクリート造,3,N,301号室,3K,45,5,58000,3000,2か月,"['近居割', '近居割WIDE']",随時,https://www.ur-net.go.jp/chintai/kanto/tokyo/20_1930_room.html?JKSS=003011301,<li>JR横浜線「町田」駅バス18分 徒歩2～9分</li><li>JR横浜線「古淵」駅バス16分 徒歩2～9分</li><li>小田急小田原線「鶴川」駅バス18分 徒歩2～9分</li>
tokyo,machidayamasaki,藤の台,61000,,,,JR横浜線「古淵」駅,18.0,25.0,町田市藤の台1-1ほか,3-11号棟,鉄筋コンクリート造,3,N,301号室,3K,45,5,58000,3000,2か月,"['近居割', '近居割WIDE']",随時,https://www.ur-net.go.jp/chintai/kanto/tokyo/20_1930_room.html?JKSS=003011301,<li>JR横浜線「町田」駅バス18分 徒歩2～9分</li><li>JR横浜線「古淵」駅バス16分 徒歩2～9分</li><li>小田急小田原線「鶴川」駅バス18分 徒歩2～9分</li>
tokyo,machidayamasaki,藤の台,61000,,,,小田急小田原線「鶴川」駅,20.0,27.0,町田市藤の台1-1ほか,3-11号棟,鉄筋コンクリート造,3,N,301号室,3K,45,5,58000,3000,2か月,"['近居割', '近居割WIDE']",随時,https://www.ur-net.go.jp/chintai/kanto/tokyo/20_1930_room.html?JKSS=003011301,<li>JR横浜線「町田」駅バス18分 徒歩2～9分</li><li>JR横浜線「古淵」駅バス16分 徒歩2～9分</li><li>小田急小田原線「鶴川」駅バス18分 徒歩2～9分</li>
tokyo,machidayamasaki,藤の台,61000,,,,,,,町田市藤の台1-1ほか,3-11号棟,鉄筋コンクリート造,3,N,301号室,3K,45,5,58000,3000,2か月,"['近居割', '近居割WIDE']",随時,https://www.ur-net.go.jp/chintai/kanto/tokyo/20_1930_room.html?JKSS=003011301,<li>JR横浜線「町田」駅バス18分 徒歩2～9分</li><li>JR横浜線「古淵」駅バス16分 徒歩2～9分</li><li>小田急小田原線「鶴川」駅バス18分 徒歩2～9分</li>
tokyo,machidayamasaki,藤の台,62600,,,,JR横浜線「町田」駅,20.0,27.0,町田市藤の台1-1ほか,3-13号棟,鉄筋コンクリート造,5,N,507号室,3DK,56,5,59600,3000,2か月,"['近居割', '近居割WIDE']",随時,https://www.ur-net.go.jp/chintai/kanto/tokyo/20_1930_room.html?JKSS=003013507,<li>JR横浜線「町田」駅バス18分 徒歩2～9分</li><li>JR横浜線「古淵」駅バス16分 徒歩2～9分</li><li>小田急小田原線「鶴川」駅バス18分 徒歩2～9分</li>
tokyo,machidayamasaki,藤の台,62600,,,,JR横浜線「古淵」駅,18.0,25.0,町田市藤の台1-1ほか,3-13号棟,鉄筋コンクリート造,5,N,507号室,3DK,56,5,59600,3000,2か月,"['近居割', '近居割WIDE']",随時,https://www.ur-net.go.jp/chintai/kanto/tokyo/20_1930_room.html?JKSS=003013507,<li>JR横浜線「町田」駅バス18分 徒歩2～9分</li><li>JR横浜線「古淵」駅バス16分 徒歩2～9分</li><li>小田急小田原線「鶴川」駅バス18分 徒歩2～9分</li>
tokyo,machidayamasaki,藤の台,62600,,,,小田急小田原線「鶴川」駅,20.0,27.0,町田市藤の台1-1ほか,3-13号棟,鉄筋コンクリート造,5,N,507号室,3DK,56,5,59600,3000,2か月,"['近居割', '近居割WIDE']",随時,https://www.ur-net.go.jp/chintai/kanto/tokyo/20_1930_room.html?JKSS=003013507,<li>JR横浜線「町田」駅バス18分 徒歩2～9分</li><li>JR横浜線「古淵」駅バス16分 徒歩2～9分</li><li>小田急小田原線「鶴川」駅バス18分 徒歩2～9分</li>
tokyo,machidayamasaki,藤の台,62600,,,,,,,町田市藤の台1-1ほか,3-13号棟,鉄筋コンクリート造,5,N,507号室,3DK,56,5,59600,3000,2か月,"['近居割', '近居割WIDE']",随時,https://www.ur-net.go.jp/chintai/kanto/tokyo/20_1930_room.html?JKSS=003013507,<li>JR横浜線「町田」駅バス18分 徒歩2～9分</li><li>JR横浜線「古淵」駅バス16分 徒歩2～9分</li><li>小田急小田原線「鶴川」駅バス18分 徒歩2～9分</li>
tokyo,machidayamasaki,藤の台,65200,,,,JR横浜線「町田」駅,20.0,27.0,町田市藤の台1-1ほか,3-12号棟,鉄筋コンクリート造,4,N,401号室,3DK,56,5,62200,3000,2か月,"['近居割', '近居割WIDE']",随時,https://www.ur-net.go.jp/chintai/kanto/tokyo/20_1930_room.html?JKSS=003012401,<li>JR横浜線「町田」駅バス18分 徒歩2～9分</li><li>JR横浜線「古淵」駅バス16分 徒歩2～9分</li><li>小田急小田原線「鶴川」駅バス18分 徒歩2～9分</li>
tokyo,machidayamasaki,藤の台,65200,,,,JR横浜線「古淵」駅,18.0,25.0,町田市藤の台1-1ほか,3-12号棟,鉄筋コンクリート造,4,N,401号室,3DK,56,5,62200,3000,2か月,"['近居割', '近居割WIDE']",随時,https://www.ur-net.go.jp/chintai/kanto/tokyo/20_1930_room.html?JKSS=003012401,<li>JR横浜線「町田」駅バス18分 徒歩2～9分</li><li>JR横浜線「古淵」駅バス16分 徒歩2～9分</li><li>小田急小田原線「鶴川」駅バス18分 徒歩2～9分</li>
tokyo,machidayamasaki,藤の台,65200,,,,小田急小田原線「鶴川」駅,20.0,27.0,町田市藤の台1-1ほか,3-12号棟,鉄筋コンクリート造,4,N,401号室,3DK,56,5,62200,3000,2か月,"['近居割', '近居割WIDE']",随時,https://www.ur-net.go.jp/chintai/kanto/tokyo/20_1930_room.html?JKSS=003012401,<li>JR横浜線「町田」駅バス18分 徒歩2～9分</li><li>JR横浜線「古淵」駅バス16分 徒歩2～9分</li><li>小田急小田原線「鶴川」駅バス18分 徒歩2～9分</li>
tokyo,machidayamasaki,藤の台,65200,,,,,,,町田市藤の台1-1ほか,3-12号棟,鉄筋コンクリート造,4,N,401号室,3DK,56,5,62200,3000,2か月,"['近居割', '近居割WIDE']",随時,https://www.ur-net.go.jp/chintai/kanto/tokyo/20_1930_room.html?JKSS=003012401,<li>JR横浜線「町田」駅バス18分 徒歩2～9分</li><li>JR横浜線「古淵」駅バス16分 徒歩2～9分</li><li>小田急小田原線「鶴川」駅バス18分 徒歩2～9分</li>
tokyo,machidayamasaki,藤の台,69500,,,,JR横浜線「町田」駅,20.0,27.0,町田市藤の台1-1ほか,1-33号棟,鉄筋コンクリート造,3,N,308号室,3DK,56,5,66500,3000,2か月,"['近居割', '近居割WIDE']",随時,https://www.ur-net.go.jp/chintai/kanto/tokyo/20_1930_room.html?JKSS=001033308,<li>JR横浜線「町田」駅バス18分 徒歩2～9分</li><li>JR横浜線「古淵」駅バス16分 徒歩2～9分</li><li>小田急小田原線「鶴川」駅バス18分 徒歩2～9分</li>
tokyo,machidayamasaki,藤の台,69500,,,,JR横浜線「古淵」駅,18.0,25.0,町田市藤の台1-1ほか,1-33号棟,鉄筋コンクリート造,3,N,308号室,3DK,56,5,66500,3000,2か月,"['近居割', '近居割WIDE']",随時,https://www.ur-net.go.jp/chintai/kanto/tokyo/20_1930_room.html?JKSS=001033308,<li>JR横浜線「町田」駅バス18分 徒歩2～9分</li><li>JR横浜線「古淵」駅バス16分 徒歩2～9分</li><li>小田急小田原線「鶴川」駅バス18分 徒歩2～9分</li>
tokyo,machidayamasaki,藤の台,69500,,,,小田急小田原線「鶴川」駅,20.0,27.0,町田市藤の台1-1ほか,1-33号棟,鉄筋コンクリート造,3,N,308号室,3DK,56,5,66500,3000,2か月,"['近居割', '近居割WIDE']",随時,https://www.ur-net.go.jp/chintai/kanto/tokyo/20_1930_room.html?JKSS=001033308,<li>JR横浜線「町田」駅バス18分 徒歩2～9分</li><li>JR横浜線「古淵」駅バス16分 徒歩2～9分</li><li>小田急小田原線「鶴川」駅バス18分 徒歩2～9分</li>
tokyo,machidayamasaki,藤の台,69500,,,,,,,町田市藤の台1-1ほか,1-33号棟,鉄筋コンクリート造,3,N,308号室,3DK,56,5,66500,3000,2か月,"['近居割', '近居割WIDE']",随時,https://www.ur-net.go.jp/chintai/kanto/tokyo/20_1930_room.html?JKSS=001033308,<li>JR横浜線「町田」駅バス18分 徒歩2～9分</li><li>JR横浜線「古淵」駅バス16分 徒歩2～9分</li><li>小田急小田原線「鶴川」駅バス18分 徒歩2～9分</li>
tokyo,machidayamasaki,鶴川,61700,,,,小田急小田原線「鶴川」駅,6.0,16.0,町田市鶴川5ほか,2-5号棟,鉄筋コンクリート造,5,N,504号室,3K,45,5,58000,3700,2か月,['近居割WIDE'],随時,https://www.ur-net.go.jp/chintai/kanto/tokyo/20_1630_room.html?JKSS=000205504,<li>小田急小田原線「鶴川」駅バス5分 徒歩1～11分</li><li>小田急多摩線「黒川」駅バス13分 徒歩1～11分</li><li>京王相模原線「京王多摩センター」駅バス24分 徒歩7～14分</li>
tokyo,machidayamasaki,鶴川,61700,,,,小田急多摩線「黒川」駅,14.0,24.0,町田市鶴川5ほか,2-5号棟,鉄筋コンクリート造,5,N,504号室,3K,45,5,58000,3700,2か月,['近居割WIDE'],随時,https://www.ur-net.go.jp/chintai/kanto/tokyo/20_1630_room.html?JKSS=000205504,<li>小田急小田原線「鶴川」駅バス5分 徒歩1～11分</li><li>小田急多摩線「黒川」駅バス13分 徒歩1～11分</li><li>京王相模原線「京王多摩センター」駅バス24分 徒歩7～14分</li>
tokyo,machidayamasaki,鶴川,61700,,,,京王相模原線「京王多摩センター」駅,31.0,38.0,町田市鶴川5ほか,2-5号棟,鉄筋コンクリート造,5,N,504号室,3K,45,5,58000,3700,2か月,['近居割WIDE'],随時,https://www.ur-net.go.jp/chintai/kanto/tokyo/20_1630_room.html?JKSS=000205504,<li>小田急小田原線「鶴川」駅バス5分 徒歩1～11分</li><li>小田急多摩線「黒川」駅バス13分 徒歩1～11分</li><li>京王相模原線「京王多摩センター」駅バス24分 徒歩7～14分</li>
tokyo,machidayamasaki,鶴川,61700,,,,,,,町田市鶴川5ほか,2-5号棟,鉄筋コンクリート造,5,N,504号室,3K,45,5,58000,3700,2か月,['近居割WIDE'],随時,https://www.ur-net.go.jp/chintai/kanto/tokyo/20_1630_room.html?JKSS=000205504,<li>小田急小田原線「鶴川」駅バス5分 徒歩1～11分</li><li>小田急多摩線「黒川」駅バス13分 徒歩1～11分</li><li>京王相模原線「京王多摩センター」駅バス24分 徒歩7～14分</li>
tokyo,machidayamasaki,鶴川,61700,,,,小田急小田原線「鶴川」駅,6.0,16.0,町田市鶴川5ほか,4-6号棟,鉄筋コンクリート造,5,N,507号室,3K,45,5,58000,3700,2か月,['近居割WIDE'],随時,https://www.ur-net.go.jp/chintai/kanto/tokyo/20_1630_room.html?JKSS=000406507,<li>小田急小田原線「鶴川」駅バス5分 徒歩1～11分</li><li>小田急多摩線「黒川」駅バス13分 徒歩1～11分</li><li>京王相模原線「京王多摩センター」駅バス24分 徒歩7～14分</li>
tokyo,machidayamasaki,鶴川,61700,,,,小田急多摩線「黒川」駅,14.0,24.0,町田市鶴川5ほか,4-6号棟,鉄筋コンクリート造,5,N,507号室,3K,45,5,58000,3700,2か月,['近居割WIDE'],随時,https://www.ur-net.go.jp/chintai/kanto/tokyo/20_1630_room.html?JKSS=000406507,<li>小田急小田原線「鶴川」駅バス5分 徒歩1～11分</li><li>小田急多摩線「黒川」駅バス13分 徒歩1～11分</li><li>京王相模原線「京王多摩センター」駅バス24分 徒歩7～14分</li>
tokyo,machidayamasaki,鶴川,61700,,,,京王相模原線「京王多摩センター」駅,31.0,38.0,町田市鶴川5ほか,4-6号棟,鉄筋コンクリート造,5,N,507号室,3K,45,5,58000,3700,2か月,['近居割WIDE'],随時,https://www.ur-net.go.jp/chintai/kanto/tokyo/20_1630_room.html?JKSS=000406507,<li>小田急小田原線「鶴川」駅バス5分 徒歩1～11分</li><li>小田急多摩線「黒川」駅バス13分 徒歩1～11分</li><li>京王相模原線「京王多摩センター」駅バス24分 徒歩7～14分</li>
tokyo,machidayamasaki,鶴川,61700,,,,,,,町田市鶴川5ほか,4-6号棟,鉄筋コンクリート造,5,N,507号室,3K,45,5,58000,3700,2か月,['近居割WIDE'],随時,https://www.ur-net.go.jp/chintai/kanto/tokyo/20_1630_room.html?JKSS=000406507,<li>小田急小田原線「鶴川」駅バス5分 徒歩1～11分</li><li>小田急多摩線「黒川」駅バス13分 徒歩1～11分</li><li>京王相模原線「京王多摩センター」駅バス24分 徒歩7～14分</li>
tokyo,machidayamasaki,鶴川,61700,,,,小田急小田原線「鶴川」駅,6.0,16.0,町田市鶴川5ほか,4-6号棟,鉄筋コンクリート造,5,N,508号室,3K,45,5,58000,3700,2か月,['URライト（4年定借）'],随時,https://www.ur-net.go.jp/chintai/kanto/tokyo/20_1630_room.html?JKSS=000406508,<li>小田急小田原線「鶴川」駅バス5分 徒歩1～11分</li><li>小田急多摩線「黒川」駅バス13分 徒歩1～11分</li><li>京王相模原線「京王多摩センター」駅バス24分 徒歩7～14分</li>
tokyo,machidayamasaki,鶴川,61700,,,,小田急多摩線「黒川」駅,14.0,24.0,町田市鶴川5ほか,4-6号棟,鉄筋コンクリート造,5,N,508号室,3K,45,5,58000,3700,2か月,['URライト（4年定借）'],随時,https://www.ur-net.go.jp/chintai/kanto/tokyo/20_1630_room.html?JKSS=000406508,<li>小田急小田原線「鶴川」駅バス5分 徒歩1～11分</li><li>小田急多摩線「黒川」駅バス13分 徒歩1～11分</li><li>京王相模原線「京王多摩センター」駅バス24分 徒歩7～14分</li>
tokyo,machidayamasaki,鶴川,61700,,,,京王相模原線「京王多摩センター」駅,31.0,38.0,町田市鶴川5ほか,4-6号棟,鉄筋コンクリート造,5,N,508号室,3K,45,5,58000,3700,2か月,['URライト（4年定借）'],随時,https://www.ur-net.go.jp/chintai/kanto/tokyo/20_1630_room.html?JKSS=000406508,<li>小田急小田原線「鶴川」駅バス5分 徒歩1～11分</li><li>小田急多摩線「黒川」駅バス13分 徒歩1～11分</li><li>京王相模原線「京王多摩センター」駅バス24分 徒歩7～14分</li>
tokyo,machidayamasaki,鶴川,61700,,,,,,,町田市鶴川5ほか,4-6号棟,鉄筋コンクリート造,5,N,508号室,3K,45,5,58000,3700,2か月,['URライト（4年定借）'],随時,https://www.ur-net.go.jp/chintai/kanto/tokyo/20_1630_room.html?JKSS=000406508,<li>小田急小田原線「鶴川」駅バス5分 徒歩1～11分</li><li>小田急多摩線「黒川」駅バス13分 徒歩1～11分</li><li>京王相模原線「京王多摩センター」駅バス24分 徒歩7～14分</li>
tokyo,machidayamasaki,鶴川,61700,,,,小田急小田原線「鶴川」駅,6.0,16.0,町田市鶴川5ほか,4-10号棟,鉄筋コンクリート造,5,N,505号室,2DK,45,5,58000,3700,2か月,['近居割WIDE'],随時,https://www.ur-net.go.jp/chintai/kanto/tokyo/20_1630_room.html?JKSS=000410505,<li>小田急小田原線「鶴川」駅バス5分 徒歩1～11分</li><li>小田急多摩線「黒川」駅バス13分 徒歩1～11分</li><li>京王相模原線「京王多摩センター」駅バス24分 徒歩7～14分</li>
tokyo,machidayamasaki,鶴川,61700,,,,小田急多摩線「黒川」駅,14.0,24.0,町田市鶴川5ほか,4-10号棟,鉄筋コンクリート造,5,N,505号室,2DK,45,5,58000,3700,2か月,['近居割WIDE'],随時,https://www.ur-net.go.jp/chintai/kanto/tokyo/20_1630_room.html?JKSS=000410505,<li>小田急小田原線「鶴川」駅バス5分 徒歩1～11分</li><li>小田急多摩線「黒川」駅バス13分 徒歩1～11分</li><li>京王相模原線「京王多摩センター」駅バス24分 徒歩7～14分</li>
tokyo,machidayamasaki,鶴川,61700,,,,京王相模原線「京王多摩センター」駅,31.0,38.0,町田市鶴川5ほか,4-10号棟,鉄筋コンクリート造,5,N,505号室,2DK,45,5,58000,3700,2か月,['近居割WIDE'],随時,https://www.ur-net.go.jp/chintai/kanto/tokyo/20_1630_room.html?JKSS=000410505,<li>小田急小田原線「鶴川」駅バス5分 徒歩1～11分</li><li>小田急多摩線「黒川」駅バス13分 徒歩1～11分</li><li>京王相模原線「京王多摩センター」駅バス24分 徒歩7～14分</li>
tokyo,machidayamasaki,鶴川,61700,,,,,,,町田市鶴川5ほか,4-10号棟,鉄筋コンクリート造,5,N,505号室,2DK,45,5,58000,3700,2か月,['近居割WIDE'],随時,https://www.ur-net.go.jp/chintai/kanto/tokyo/20_1630_room.html?JKSS=000410505,<li>小田急小田原線「鶴川」駅バス5分 徒歩1～11分</li><li>小田急多摩線「黒川」駅バス13分 徒歩1～11分</li><li>京王相模原線「京王多摩センター」駅バス24分 徒歩7～14分</li>
tokyo,machidayamasaki,鶴川,64300,,,,小田急小田原線「鶴川」駅,6.0,16.0,町田市鶴川5ほか,2-3号棟,鉄筋コンクリート造,4,N,402号室,3K,45,5,60600,3700,2か月,['URライト（4年定借）'],随時,https://www.ur-net.go.jp/chintai/kanto/tokyo/20_1630_room.html?JKSS=000203402,<li>小田急小田原線「鶴川」駅バス5分 徒歩1～11分</li><li>小田急多摩線「黒川」駅バス13分 徒歩1～11分</li><li>京王相模原線「京王多摩センター」駅バス24分 徒歩7～14分</li>
tokyo,machidayamasaki,鶴川,64300,,,,小田急多摩線「黒川」駅,14.0,24.0,町田市鶴川5ほか,2-3号棟,鉄筋コンクリート造,4,N,402号室,3K,45,5,60600,3700,2か月,['URライト（4年定借）'],随時,https://www.ur-net.go.jp/chintai/kanto/tokyo/20_1630_room.html?JKSS=000203402,<li>小田急小田原線「鶴川」駅バス5分 徒歩1～11分</li><li>小田急多摩線「黒川」駅バス13分 徒歩1～11分</li><li>京王相模原線「京王多摩センター」駅バス24分 徒歩7～14分</li>
tokyo,machidayamasaki,鶴川,64300,,,,京王相模原線「京王多摩センター」駅,31.0,38.0,町田市鶴川5ほか,2-3号棟,鉄筋コンクリート造,4,N,402号室,3K,45,5,60600,3700,2か月,['URライト（4年定借）'],随時,https://www.ur-net.go.jp/chintai/kanto/tokyo/20_1630_room.html?JKSS=000203402,<li>小田急小田原線「鶴川」駅バス5分 徒歩1～11分</li><li>小田急多摩線「黒川」駅バス13分 徒歩1～11分</li><li>京王相模原線「京王多摩センター」駅バス24分 徒歩7～14分</li>
tokyo,machidayamasaki,鶴川,64300,,,,,,,町田市鶴川5ほか,2-3号棟,鉄筋コンクリート造,4,N,402号室,3K,45,5,60600,3700,2か月,['URライト（4年定借）'],随時,https://www.ur-net.go.jp/chintai/kanto/tokyo/20_1630_room.html?JKSS=000203402,<li>小田急小田原線「鶴川」駅バス5分 徒歩1～11分</li><li>小田急多摩線「黒川」駅バス13分 徒歩1～11分</li><li>京王相模原線「京王多摩センター」駅バス24分 徒歩7～14分</li>
tokyo,machidayamasaki,ニュータウン小山田桜台,87800,,,,JR横浜線・小田急小田原線「町田」駅,30.0,35.0,町田市小山田桜台2-4ほか,11号棟,鉄筋コンクリート造,4,N,404号室,3LDK,78,4,83000,4800,2か月,"['近居割', '近居割WIDE']",随時,https://www.ur-net.go.jp/chintai/kanto/tokyo/20_3600_room.html?JKSS=000110404,<li>JR横浜線・小田急小田原線「町田」駅バス29～32分 徒歩1～3分</li><li>JR横浜線「淵野辺」駅バス10～13分 徒歩1～3分</li>
tokyo,machidayamasaki,ニュータウン小山田桜台,87800,,,,JR横浜線「淵野辺」駅,11.0,16.0,町田市小山田桜台2-4ほか,11号棟,鉄筋コンクリート造,4,N,404号室,3LDK,78,4,83000,4800,2か月,"['近居割', '近居割WIDE']",随時,https://www.ur-net.go.jp/chintai/kanto/tokyo/20_3600_room.html?JKSS=000110404,<li>JR横浜線・小田急小田原線「町田」駅バス29～32分 徒歩1～3分</li><li>JR横浜線「淵野辺」駅バス10～13分 徒歩1～3分</li>
tokyo,machidayamasaki,ニュータウン小山田桜台,87800,,,,,,,町田市小山田桜台2-4ほか,11号棟,鉄筋コンクリート造,4,N,404号室,3LDK,78,4,83000,4800,2か月,"['近居割', '近居割WIDE']",随時,https://www.ur-net.go.jp/chintai/kanto/tokyo/20_3600_room.html?JKSS=000110404,<li>JR横浜線・小田急小田原線「町田」駅バス29～32分 徒歩1～3分</li><li>JR横浜線「淵野辺」駅バス10～13分 徒歩1～3分</li>
tokyo,machidayamasaki,ニュータウン小山田桜台,110000,,,,JR横浜線・小田急小田原線「町田」駅,30.0,35.0,町田市小山田桜台2-4ほか,19号棟,鉄筋コンクリート造,3,N,301号室,4LDK,93,3,105200,4800,2か月,"['近居割', '近居割WIDE']",随時,https://www.ur-net.go.jp/chintai/kanto/tokyo/20_3600_room.html?JKSS=000190301,<li>JR横浜線・小田急小田原線「町田」駅バス29～32分 徒歩1～3分</li><li>JR横浜線「淵野辺」駅バス10～13分 徒歩1～3分</li>
tokyo,machidayamasaki,ニュータウン小山田桜台,110000,,,,JR横浜線「淵野辺」駅,11.0,16.0,町田市小山田桜台2-4ほか,19号棟,鉄筋コンクリート造,3,N,301号室,4LDK,93,3,105200,4800,2か月,"['近居割', '近居割WIDE']",随時,https://www.ur-net.go.jp/chintai/kanto/tokyo/20_3600_room.html?JKSS=000190301,<li>JR横浜線・小田急小田原線「町田」駅バス29～32分 徒歩1～3分</li><li>JR横浜線「淵野辺」駅バス10～13分 徒歩1～3分</li>
tokyo,machidayamasaki,ニュータウン小山田桜台,110000,,,,,,,町田市小山田桜台2-4ほか,19号棟,鉄筋コンクリート造,3,N,301号室,4LDK,93,3,105200,4800,2か月,"['近居割', '近居割WIDE']",随時,https://www.ur-net.go.jp/chintai/kanto/tokyo/20_3600_room.html?JKSS=000190301,<li>JR横浜線・小田急小田原線「町田」駅バス29～32分 徒歩1～3分</li><li>JR横浜線「淵野辺」駅バス10～13分 徒歩1～3分</li>
tokyo,kumegawa,富士見台,124300,西武多摩湖線「八坂」駅,13.0,16.0,,,,東村山市富士見町1-2-54ほか,7号棟,鉄筋コンクリート造,4,N,402号室,4LDK,86,4,122500,1800,2か月,['近居割'],随時,https://www.ur-net.go.jp/chintai/kanto/tokyo/20_3850_room.html?JKSS=000070402,<li>西武多摩湖線「八坂」駅 徒歩13～16分</li><li>西武拝島線「小川」駅 徒歩15～19分</li><li>西武新宿線「久米川」駅バス5分 徒歩1～3分</li>
tokyo,kumegawa,富士見台,124300,西武拝島線「小川」駅,15.0,19.0,,,,東村山市富士見町1-2-54ほか,7号棟,鉄筋コンクリート造,4,N,402号室,4LDK,86,4,122500,1800,2か月,['近居割'],随時,https://www.ur-net.go.jp/chintai/kanto/tokyo/20_3850_room.html?JKSS=000070402,<li>西武多摩湖線「八坂」駅 徒歩13～16分</li><li>西武拝島線「小川」駅 徒歩15～19分</li><li>西武新宿線「久米川」駅バス5分 徒歩1～3分</li>
tokyo,kumegawa,富士見台,124300,,,,西武新宿線「久米川」駅,6.0,8.0,東村山市富士見町1-2-54ほか,7号棟,鉄筋コンクリート造,4,N,402号室,4LDK,86,4,122500,1800,2か月,['近居割'],随時,https://www.ur-net.go.jp/chintai/kanto/tokyo/20_3850_room.html?JKSS=000070402,<li>西武多摩湖線「八坂」駅 徒歩13～16分</li><li>西武拝島線「小川」駅 徒歩15～19分</li><li>西武新宿線「久米川」駅バス5分 徒歩1～3分</li>
tokyo,kumegawa,富士見台,124300,,,,,,,東村山市富士見町1-2-54ほか,7号棟,鉄筋コンクリート造,4,N,402号室,4LDK,86,4,122500,1800,2か月,['近居割'],随時,https://www.ur-net.go.jp/chintai/kanto/tokyo/20_3850_room.html?JKSS=000070402,<li>西武多摩湖線「八坂」駅 徒歩13～16分</li><li>西武拝島線「小川」駅 徒歩15～19分</li><li>西武新宿線「久米川」駅バス5分 徒歩1～3分</li>
tokyo,tachikawa,国立富士見台,81400,JR南武線「谷保」駅,5.0,15.0,,,,国立市富士見台1-7ほか,1-20号棟,鉄筋コンクリート造,5,N,505号室,3K,45,5,78600,2800,2か月,['URライト（4年定借）'],随時,https://www.ur-net.go.jp/chintai/kanto/tokyo/20_1350_room.html?JKSS=000120505,<li>JR南武線「谷保」駅（第1団地）徒歩5～10分、（第2、3団地）徒歩10～15分</li><li>JR中央線「国立」駅（第1団地）徒歩21～26分 またはバス5分 徒歩1～9分、（第2、3団地）徒歩23～28分 またはバス8分 徒歩2～5分</li><li>JR南武線「矢川」駅（第1団地）バス5分 徒歩1～7分、（第2、3団地）徒歩8～16分</li>
tokyo,tachikawa,国立富士見台,81400,JR中央線「国立」駅,21.0,28.0,JR中央線「国立」駅,6.0,14.0,国立市富士見台1-7ほか,1-20号棟,鉄筋コンクリート造,5,N,505号室,3K,45,5,78600,2800,2か月,['URライト（4年定借）'],随時,https://www.ur-net.go.jp/chintai/kanto/tokyo/20_1350_room.html?JKSS=000120505,<li>JR南武線「谷保」駅（第1団地）徒歩5～10分、（第2、3団地）徒歩10～15分</li><li>JR中央線「国立」駅（第1団地）徒歩21～26分 またはバス5分 徒歩1～9分、（第2、3団地）徒歩23～28分 またはバス8分 徒歩2～5分</li><li>JR南武線「矢川」駅（第1団地）バス5分 徒歩1～7分、（第2、3団地）徒歩8～16分</li>
tokyo,tachikawa,国立富士見台,81400,JR南武線「矢川」駅,8.0,16.0,JR南武線「矢川」駅,6.0,12.0,国立市富士見台1-7ほか,1-20号棟,鉄筋コンクリート造,5,N,505号室,3K,45,5,78600,2800,2か月,['URライト（4年定借）'],随時,https://www.ur-net.go.jp/chintai/kanto/tokyo/20_1350_room.html?JKSS=000120505,<li>JR南武線「谷保」駅（第1団地）徒歩5～10分、（第2、3団地）徒歩10～15分</li><li>JR中央線「国立」駅（第1団地）徒歩21～26分 またはバス5分 徒歩1～9分、（第2、3団地）徒歩23～28分 またはバス8分 徒歩2～5分</li><li>JR南武線「矢川」駅（第1団地）バス5分 徒歩1～7分、（第2、3団地）徒歩8～16分</li>
tokyo,tachikawa,国立富士見台,81400,,,,,,,国立市富士見台1-7ほか,1-20号棟,鉄筋コンクリート造,5,N,505号室,3K,45,5,78600,2800,2か月,['URライト（4年定借）'],随時,https://www.ur-net.go.jp/chintai/kanto/tokyo/20_1350_room.html?JKSS=000120505,<li>JR南武線「谷保」駅（第1団地）徒歩5～10分、（第2、3団地）徒歩10～15分</li><li>JR中央線「国立」駅（第1団地）徒歩21～26分 またはバス5分 徒歩1～9分、（第2、3団地）徒歩23～28分 またはバス8分 徒歩2～5分</li><li>JR南武線「矢川」駅（第1団地）バス5分 徒歩1～7分、（第2、3団地）徒歩8～16分</li>
tokyo,tachikawa,国立富士見台,84400,JR南武線「谷保」駅,5.0,15.0,,,,国立市富士見台1-7ほか,1-6号棟,鉄筋コンクリート造,3,N,304号室,2DK,45,5,81600,2800,2か月,['URライト（4年定借）'],随時,https://www.ur-net.go.jp/chintai/kanto/tokyo/20_1350_room.html?JKSS=000106304,<li>JR南武線「谷保」駅（第1団地）徒歩5～10分、（第2、3団地）徒歩10～15分</li><li>JR中央線「国立」駅（第1団地）徒歩21～26分 またはバス5分 徒歩1～9分、（第2、3団地）徒歩23～28分 またはバス8分 徒歩2～5分</li><li>JR南武線「矢川」駅（第1団地）バス5分 徒歩1～7分、（第2、3団地）徒歩8～16分</li>
tokyo,tachikawa,国立富士見台,84400,JR中央線「国立」駅,21.0,28.0,JR中央線「国立」駅,6.0,14.0,国立市富士見台1-7ほか,1-6号棟,鉄筋コンクリート造,3,N,304号室,2DK,45,5,81600,2800,2か月,['URライト（4年定借）'],随時,https://www.ur-net.go.jp/chintai/kanto/tokyo/20_1350_room.html?JKSS=000106304,<li>JR南武線「谷保」駅（第1団地）徒歩5～10分、（第2、3団地）徒歩10～15分</li><li>JR中央線「国立」駅（第1団地）徒歩21～26分 またはバス5分 徒歩1～9分、（第2、3団地）徒歩23～28分 またはバス8分 徒歩2～5分</li><li>JR南武線「矢川」駅（第1団地）バス5分 徒歩1～7分、（第2、3団地）徒歩8～16分</li>
tokyo,tachikawa,国立富士見台,84400,JR南武線「矢川」駅,8.0,16.0,JR南武線「矢川」駅,6.0,12.0,国立市富士見台1-7ほか,1-6号棟,鉄筋コンクリート造,3,N,304号室,2DK,45,5,81600,2800,2か月,['URライト（4年定借）'],随時,https://www.ur-net.go.jp/chintai/kanto/tokyo/20_1350_room.html?JKSS=000106304,<li>JR南武線「谷保」駅（第1団地）徒歩5～10分、（第2、3団地）徒歩10～15分</li><li>JR中央線「国立」駅（第1団地）徒歩21～26分 またはバス5分 徒歩1～9分、（第2、3団地）徒歩23～28分 またはバス8分 徒歩2～5分</li><li>JR南武線「矢川」駅（第1団地）バス5分 徒歩1～7分、（第2、3団地）徒歩8～16分</li>
tokyo,tachikawa,国立富士見台,84400,,,,,,,国立市富士見台1-7ほか,1-6号棟,鉄筋コンクリート造,3,N,304号室,2DK,45,5,81600,2800,2か月,['URライト（4年定借）'],随時,https://www.ur-net.go.jp/chintai/kanto/tokyo/20_1350_room.html?JKSS=000106304,<li>JR南武線「谷保」駅（第1団地）徒歩5～10分、（第2、3団地）徒歩10～15分</li><li>JR中央線「国立」駅（第1団地）徒歩21～26分 またはバス5分 徒歩1～9分、（第2、3団地）徒歩23～28分 またはバス8分 徒歩2～5分</li><li>JR南武線「矢川」駅（第1団地）バス5分 徒歩1～7分、（第2、3団地）徒歩8～16分</li>
tokyo,tachikawa,国立富士見台,86000,JR南武線「谷保」駅,5.0,15.0,,,,国立市富士見台1-7ほか,2-7号棟,鉄筋コンクリート造,4,N,406号室,3DK,50,5,83200,2800,2か月,['URライト（4年定借）'],随時,https://www.ur-net.go.jp/chintai/kanto/tokyo/20_1350_room.html?JKSS=000207406,<li>JR南武線「谷保」駅（第1団地）徒歩5～10分、（第2、3団地）徒歩10～15分</li><li>JR中央線「国立」駅（第1団地）徒歩21～26分 またはバス5分 徒歩1～9分、（第2、3団地）徒歩23～28分 またはバス8分 徒歩2～5分</li><li>JR南武線「矢川」駅（第1団地）バス5分 徒歩1～7分、（第2、3団地）徒歩8～16分</li>
tokyo,tachikawa,国立富士見台,86000,JR中央線「国立」駅,21.0,28.0,JR中央線「国立」駅,6.0,14.0,国立市富士見台1-7ほか,2-7号棟,鉄筋コンクリート造,4,N,406号室,3DK,50,5,83200,2800,2か月,['URライト（4年定借）'],随時,https://www.ur-net.go.jp/chintai/kanto/tokyo/20_1350_room.html?JKSS=000207406,<li>JR南武線「谷保」駅（第1団地）徒歩5～10分、（第2、3団地）徒歩10～15分</li><li>JR中央線「国立」駅（第1団地）徒歩21～26分 またはバス5分 徒歩1～9分、（第2、3団地）徒歩23～28分 またはバス8分 徒歩2～5分</li><li>JR南武線「矢川」駅（第1団地）バス5分 徒歩1～7分、（第2、3団地）徒歩8～16分</li>
tokyo,tachikawa,国立富士見台,86000,JR南武線「矢川」駅,8.0,16.0,JR南武線「矢川」駅,6.0,12.0,国立市富士見台1-7ほか,2-7号棟,鉄筋コンクリート造,4,N,406号室,3DK,50,5,83200,2800,2か月,['URライト（4年定借）'],随時,https://www.ur-net.go.jp/chintai/kanto/tokyo/20_1350_room.html?JKSS=000207406,<li>JR南武線「谷保」駅（第1団地）徒歩5～10分、（第2、3団地）徒歩10～15分</li><li>JR中央線「国立」駅（第1団地）徒歩21～26分 またはバス5分 徒歩1～9分、（第2、3団地）徒歩23～28分 またはバス8分 徒歩2～5分</li><li>JR南武線「矢川」駅（第1団地）バス5分 徒歩1～7分、（第2、3団地）徒歩8～16分</li>
tokyo,tachikawa,国立富士見台,86000,,,,,,,国立市富士見台1-7ほか,2-7号棟,鉄筋コンクリート造,4,N,406号室,3DK,50,5,83200,2800,2か月,['URライト（4年定借）'],随時,https://www.ur-net.go.jp/chintai/kanto/tokyo/20_1350_room.html?JKSS=000207406,<li>JR南武線「谷保」駅（第1団地）徒歩5～10分、（第2、3団地）徒歩10～15分</li><li>JR中央線「国立」駅（第1団地）徒歩21～26分 またはバス5分 徒歩1～9分、（第2、3団地）徒歩23～28分 またはバス8分 徒歩2～5分</li><li>JR南武線「矢川」駅（第1団地）バス5分 徒歩1～7分、（第2、3団地）徒歩8～16分</li>
tokyo,hibarigaoka,グリーンプラザひばりが丘南,127600,西武池袋線「ひばりヶ丘」駅,15.0,17.0,西武池袋線「ひばりヶ丘」駅,5.0,6.0,西東京市谷戸町1-22-1ほか,4号棟,鉄筋コンクリート造,3,N,315号室,1LDK,53,13,123200,4400,2か月,"['近居割', '近居割WIDE']",随時,https://www.ur-net.go.jp/chintai/kanto/tokyo/20_6320_room.html?JKSS=000040315,<li>西武池袋線「ひばりヶ丘」駅 徒歩15～17分 またはバス3分 徒歩2～3分</li><li>西武新宿線「田無」駅バス8分 徒歩2～3分</li><li>JR中央線「武蔵境」駅バス24分 徒歩2～3分</li>
tokyo,hibarigaoka,グリーンプラザひばりが丘南,127600,,,,西武新宿線「田無」駅,10.0,11.0,西東京市谷戸町1-22-1ほか,4号棟,鉄筋コンクリート造,3,N,315号室,1LDK,53,13,123200,4400,2か月,"['近居割', '近居割WIDE']",随時,https://www.ur-net.go.jp/chintai/kanto/tokyo/20_6320_room.html?JKSS=000040315,<li>西武池袋線「ひばりヶ丘」駅 徒歩15～17分 またはバス3分 徒歩2～3分</li><li>西武新宿線「田無」駅バス8分 徒歩2～3分</li><li>JR中央線「武蔵境」駅バス24分 徒歩2～3分</li>
tokyo,hibarigaoka,グリーンプラザひばりが丘南,127600,,,,JR中央線「武蔵境」駅,26.0,27.0,西東京市谷戸町1-22-1ほか,4号棟,鉄筋コンクリート造,3,N,315号室,1LDK,53,13,123200,4400,2か月,"['近居割', '近居割WIDE']",随時,https://www.ur-net.go.jp/chintai/kanto/tokyo/20_6320_room.html?JKSS=000040315,<li>西武池袋線「ひばりヶ丘」駅 徒歩15～17分 またはバス3分 徒歩2～3分</li><li>西武新宿線「田無」駅バス8分 徒歩2～3分</li><li>JR中央線「武蔵境」駅バス24分 徒歩2～3分</li>
tokyo,hibarigaoka,グリーンプラザひばりが丘南,127600,,,,,,,西東京市谷戸町1-22-1ほか,4号棟,鉄筋コンクリート造,3,N,315号室,1LDK,53,13,123200,4400,2か月,"['近居割', '近居割WIDE']",随時,https://www.ur-net.go.jp/chintai/kanto/tokyo/20_6320_room.html?JKSS=000040315,<li>西武池袋線「ひばりヶ丘」駅 徒歩15～17分 またはバス3分 徒歩2～3分</li><li>西武新宿線「田無」駅バス8分 徒歩2～3分</li><li>JR中央線「武蔵境」駅バス24分 徒歩2～3分</li>
tokyo,hibarigaoka,ひばりが丘パークヒルズ,168300,西武池袋線「ひばりヶ丘」駅,15.0,22.0,西武池袋線「ひばりヶ丘」駅,4.0,8.0,西東京市ひばりが丘3-5、東久留米市ひばりが丘団地6ほか,5-5号棟,鉄筋コンクリート造,8,N,801号室,2DK,62,9,161300,7000,2か月,"['近居割', '近居割WIDE']",随時,https://www.ur-net.go.jp/chintai/kanto/tokyo/20_6771_room.html?JKSS=005050801,<li>西武池袋線「ひばりヶ丘」駅 徒歩15～22分 またはバス3～4分 徒歩1～4分</li><li>西武新宿線「田無」駅バス11～15分 徒歩1～4分</li><li>JR中央線「武蔵境」駅バス27～33分 徒歩1～4分</li>
tokyo,hibarigaoka,ひばりが丘パークヒルズ,168300,,,,西武新宿線「田無」駅,12.0,19.0,西東京市ひばりが丘3-5、東久留米市ひばりが丘団地6ほか,5-5号棟,鉄筋コンクリート造,8,N,801号室,2DK,62,9,161300,7000,2か月,"['近居割', '近居割WIDE']",随時,https://www.ur-net.go.jp/chintai/kanto/tokyo/20_6771_room.html?JKSS=005050801,<li>西武池袋線「ひばりヶ丘」駅 徒歩15～22分 またはバス3～4分 徒歩1～4分</li><li>西武新宿線「田無」駅バス11～15分 徒歩1～4分</li><li>JR中央線「武蔵境」駅バス27～33分 徒歩1～4分</li>
tokyo,hibarigaoka,ひばりが丘パークヒルズ,168300,,,,JR中央線「武蔵境」駅,28.0,37.0,西東京市ひばりが丘3-5、東久留米市ひばりが丘団地6ほか,5-5号棟,鉄筋コンクリート造,8,N,801号室,2DK,62,9,161300,7000,2か月,"['近居割', '近居割WIDE']",随時,https://www.ur-net.go.jp/chintai/kanto/tokyo/20_6771_room.html?JKSS=005050801,<li>西武池袋線「ひばりヶ丘」駅 徒歩15～22分 またはバス3～4分 徒歩1～4分</li><li>西武新宿線「田無」駅バス11～15分 徒歩1～4分</li><li>JR中央線「武蔵境」駅バス27～33分 徒歩1～4分</li>
tokyo,hibarigaoka,ひばりが丘パークヒルズ,168300,,,,,,,西東京市ひばりが丘3-5、東久留米市ひばりが丘団地6ほか,5-5号棟,鉄筋コンクリート造,8,N,801号室,2DK,62,9,161300,7000,2か月,"['近居割', '近居割WIDE']",随時,https://www.ur-net.go.jp/chintai/kanto/tokyo/20_6771_room.html?JKSS=005050801,<li>西武池袋線「ひばりヶ丘」駅 徒歩15～22分 またはバス3～4分 徒歩1～4分</li><li>西武新宿線「田無」駅バス11～15分 徒歩1～4分</li><li>JR中央線「武蔵境」駅バス27～33分 徒歩1～4分</li>
tokyo,chofu,車返,95700,京王線「武蔵野台」駅,5.0,8.0,,,,府中市白糸台5-25-1、府中市押立町1-24-1,2-1号棟,鉄筋コンクリート造、鉄骨鉄筋コンクリート造,5,N,521号室,2DK,48,11,92100,3600,2か月,['近居割'],随時,https://www.ur-net.go.jp/chintai/kanto/tokyo/20_2700_room.html?JKSS=002010521,<li>京王線「武蔵野台」駅 徒歩5～8分</li><li>西武多摩川線「白糸台」駅 徒歩12～16分</li><li>京王線「多磨霊園」駅 徒歩16～20分</li>
tokyo,chofu,車返,95700,西武多摩川線「白糸台」駅,12.0,16.0,,,,府中市白糸台5-25-1、府中市押立町1-24-1,2-1号棟,鉄筋コンクリート造、鉄骨鉄筋コンクリート造,5,N,521号室,2DK,48,11,92100,3600,2か月,['近居割'],随時,https://www.ur-net.go.jp/chintai/kanto/tokyo/20_2700_room.html?JKSS=002010521,<li>京王線「武蔵野台」駅 徒歩5～8分</li><li>西武多摩川線「白糸台」駅 徒歩12～16分</li><li>京王線「多磨霊園」駅 徒歩16～20分</li>
tokyo,chofu,車返,95700,京王線「多磨霊園」駅,16.0,20.0,,,,府中市白糸台5-25-1、府中市押立町1-24-1,2-1号棟,鉄筋コンクリート造、鉄骨鉄筋コンクリート造,5,N,521号室,2DK,48,11,92100,3600,2か月,['近居割'],随時,https://www.ur-net.go.jp/chintai/kanto/tokyo/20_2700_room.html?JKSS=002010521,<li>京王線「武蔵野台」駅 徒歩5～8分</li><li>西武多摩川線「白糸台」駅 徒歩12～16分</li><li>京王線「多磨霊園」駅 徒歩16～20分</li>
tokyo,chofu,車返,95700,,,,,,,府中市白糸台5-25-1、府中市押立町1-24-1,2-1号棟,鉄筋コンクリート造、鉄骨鉄筋コンクリート造,5,N,521号室,2DK,48,11,92100,3600,2か月,['近居割'],随時,https://www.ur-net.go.jp/chintai/kanto/tokyo/20_2700_room.html?JKSS=002010521,<li>京王線「武蔵野台」駅 徒歩5～8分</li><li>西武多摩川線「白糸台」駅 徒歩12～16分</li><li>京王線「多磨霊園」駅 徒歩16～20分</li>
tokyo,tachikawa,昭島つつじが丘ハイツ,91100,JR青梅線「昭島」駅,9.0,11.0,,,,昭島市つつじが丘3-4ほか,8号棟,鉄骨鉄筋コンクリート造,14,N,1408号室,3DK,59,14,85400,5700,2か月,['近居割'],随時,https://www.ur-net.go.jp/chintai/kanto/tokyo/20_3380_room.html?JKSS=000081408,<li>JR青梅線「昭島」駅 徒歩9～11分</li><li>JR青梅線「中神」駅 徒歩13～15分</li><li>西武拝島線「西武立川」駅 徒歩25～28分</li>
tokyo,tachikawa,昭島つつじが丘ハイツ,91100,JR青梅線「中神」駅,13.0,15.0,,,,昭島市つつじが丘3-4ほか,8号棟,鉄骨鉄筋コンクリート造,14,N,1408号室,3DK,59,14,85400,5700,2か月,['近居割'],随時,https://www.ur-net.go.jp/chintai/kanto/tokyo/20_3380_room.html?JKSS=000081408,<li>JR青梅線「昭島」駅 徒歩9～11分</li><li>JR青梅線「中神」駅 徒歩13～15分</li><li>西武拝島線「西武立川」駅 徒歩25～28分</li>
tokyo,tachikawa,昭島つつじが丘ハイツ,91100,西武拝島線「西武立川」駅,25.0,28.0,,,,昭島市つつじが丘3-4ほか,8号棟,鉄骨鉄筋コンクリート造,14,N,1408号室,3DK,59,14,85400,5700,2か月,['近居割'],随時,https://www.ur-net.go.jp/chintai/kanto/tokyo/20_3380_room.html?JKSS=000081408,<li>JR青梅線「昭島」駅 徒歩9～11分</li><li>JR青梅線「中神」駅 徒歩13～15分</li><li>西武拝島線「西武立川」駅 徒歩25～28分</li>
tokyo,tachikawa,昭島つつじが丘ハイツ,91100,,,,,,,昭島市つつじが丘3-4ほか,8号棟,鉄骨鉄筋コンクリート造,14,N,1408号室,3DK,59,14,85400,5700,2か月,['近居割'],随時,https://www.ur-net.go.jp/chintai/kanto/tokyo/20_3380_room.html?JKSS=000081408,<li>JR青梅線「昭島」駅 徒歩9～11分</li><li>JR青梅線「中神」駅 徒歩13～15分</li><li>西武拝島線「西武立川」駅 徒歩25～28分</li>
tokyo,tachikawa,昭島つつじが丘ハイツ,94800,JR青梅線「昭島」駅,9.0,11.0,,,,昭島市つつじが丘3-4ほか,9号棟,鉄骨鉄筋コンクリート造,9,N,905号室,3DK,59,14,89100,5700,2か月,['近居割'],随時,https://www.ur-net.go.jp/chintai/kanto/tokyo/20_3380_room.html?JKSS=000090905,<li>JR青梅線「昭島」駅 徒歩9～11分</li><li>JR青梅線「中神」駅 徒歩13～15分</li><li>西武拝島線「西武立川」駅 徒歩25～28分</li>
tokyo,tachikawa,昭島つつじが丘ハイツ,94800,JR青梅線「中神」駅,13.0,15.0,,,,昭島市つつじが丘3-4ほか,9号棟,鉄骨鉄筋コンクリート造,9,N,905号室,3DK,59,14,89100,5700,2か月,['近居割'],随時,https://www.ur-net.go.jp/chintai/kanto/tokyo/20_3380_room.html?JKSS=000090905,<li>JR青梅線「昭島」駅 徒歩9～11分</li><li>JR青梅線「中神」駅 徒歩13～15分</li><li>西武拝島線「西武立川」駅 徒歩25～28分</li>
tokyo,tachikawa,昭島つつじが丘ハイツ,94800,西武拝島線「西武立川」駅,25.0,28.0,,,,昭島市つつじが丘3-4ほか,9号棟,鉄骨鉄筋コンクリート造,9,N,905号室,3DK,59,14,89100,5700,2か月,['近居割'],随時,https://www.ur-net.go.jp/chintai/kanto/tokyo/20_3380_room.html?JKSS=000090905,<li>JR青梅線「昭島」駅 徒歩9～11分</li><li>JR青梅線「中神」駅 徒歩13～15分</li><li>西武拝島線「西武立川」駅 徒歩25～28分</li>
tokyo,tachikawa,昭島つつじが丘ハイツ,94800,,,,,,,昭島市つつじが丘3-4ほか,9号棟,鉄骨鉄筋コンクリート造,9,N,905号室,3DK,59,14,89100,5700,2か月,['近居割'],随時,https://www.ur-net.go.jp/chintai/kanto/tokyo/20_3380_room.html?JKSS=000090905,<li>JR青梅線「昭島」駅 徒歩9～11分</li><li>JR青梅線「中神」駅 徒歩13～15分</li><li>西武拝島線「西武立川」駅 徒歩25～28分</li>
tokyo,tachikawa,昭島つつじが丘ハイツ,102000,JR青梅線「昭島」駅,9.0,11.0,,,,昭島市つつじが丘3-4ほか,6号棟,鉄骨鉄筋コンクリート造,2,N,211号室,3DK,65,11,96300,5700,2か月,['近居割'],随時,https://www.ur-net.go.jp/chintai/kanto/tokyo/20_3380_room.html?JKSS=000060211,<li>JR青梅線「昭島」駅 徒歩9～11分</li><li>JR青梅線「中神」駅 徒歩13～15分</li><li>西武拝島線「西武立川」駅 徒歩25～28分</li>
tokyo,tachikawa,昭島つつじが丘ハイツ,102000,JR青梅線「中神」駅,13.0,15.0,,,,昭島市つつじが丘3-4ほか,6号棟,鉄骨鉄筋コンクリート造,2,N,211号室,3DK,65,11,96300,5700,2か月,['近居割'],随時,https://www.ur-net.go.jp/chintai/kanto/tokyo/20_3380_room.html?JKSS=000060211,<li>JR青梅線「昭島」駅 徒歩9～11分</li><li>JR青梅線「中神」駅 徒歩13～15分</li><li>西武拝島線「西武立川」駅 徒歩25～28分</li>
tokyo,tachikawa,昭島つつじが丘ハイツ,102000,西武拝島線「西武立川」駅,25.0,28.0,,,,昭島市つつじが丘3-4ほか,6号棟,鉄骨鉄筋コンクリート造,2,N,211号室,3DK,65,11,96300,5700,2か月,['近居割'],随時,https://www.ur-net.go.jp/chintai/kanto/tokyo/20_3380_room.html?JKSS=000060211,<li>JR青梅線「昭島」駅 徒歩9～11分</li><li>JR青梅線「中神」駅 徒歩13～15分</li><li>西武拝島線「西武立川」駅 徒歩25～28分</li>
tokyo,tachikawa,昭島つつじが丘ハイツ,102000,,,,,,,昭島市つつじが丘3-4ほか,6号棟,鉄骨鉄筋コンクリート造,2,N,211号室,3DK,65,11,96300,5700,2か月,['近居割'],随時,https://www.ur-net.go.jp/chintai/kanto/tokyo/20_3380_room.html?JKSS=000060211,<li>JR青梅線「昭島」駅 徒歩9～11分</li><li>JR青梅線「中神」駅 徒歩13～15分</li><li>西武拝島線「西武立川」駅 徒歩25～28分</li>
tokyo,tachikawa,昭島つつじが丘ハイツ,102000,JR青梅線「昭島」駅,9.0,11.0,,,,昭島市つつじが丘3-4ほか,6号棟,鉄骨鉄筋コンクリート造,2,N,215号室,3DK,65,11,96300,5700,2か月,['近居割'],随時,https://www.ur-net.go.jp/chintai/kanto/tokyo/20_3380_room.html?JKSS=000060215,<li>JR青梅線「昭島」駅 徒歩9～11分</li><li>JR青梅線「中神」駅 徒歩13～15分</li><li>西武拝島線「西武立川」駅 徒歩25～28分</li>
tokyo,tachikawa,昭島つつじが丘ハイツ,102000,JR青梅線「中神」駅,13.0,15.0,,,,昭島市つつじが丘3-4ほか,6号棟,鉄骨鉄筋コンクリート造,2,N,215号室,3DK,65,11,96300,5700,2か月,['近居割'],随時,https://www.ur-net.go.jp/chintai/kanto/tokyo/20_3380_room.html?JKSS=000060215,<li>JR青梅線「昭島」駅 徒歩9～11分</li><li>JR青梅線「中神」駅 徒歩13～15分</li><li>西武拝島線「西武立川」駅 徒歩25～28分</li>
tokyo,tachikawa,昭島つつじが丘ハイツ,102000,西武拝島線「西武立川」駅,25.0,28.0,,,,昭島市つつじが丘3-4ほか,6号棟,鉄骨鉄筋コンクリート造,2,N,215号室,3DK,65,11,96300,5700,2か月,['近居割'],随時,https://www.ur-net.go.jp/chintai/kanto/tokyo/20_3380_room.html?JKSS=000060215,<li>JR青梅線「昭島」駅 徒歩9～11分</li><li>JR青梅線「中神」駅 徒歩13～15分</li><li>西武拝島線「西武立川」駅 徒歩25～28分</li>
tokyo,tachikawa,昭島つつじが丘ハイツ,102000,,,,,,,昭島市つつじが丘3-4ほか,6号棟,鉄骨鉄筋コンクリート造,2,N,215号室,3DK,65,11,96300,5700,2か月,['近居割'],随時,https://www.ur-net.go.jp/chintai/kanto/tokyo/20_3380_room.html?JKSS=000060215,<li>JR青梅線「昭島」駅 徒歩9～11分</li><li>JR青梅線「中神」駅 徒歩13～15分</li><li>西武拝島線「西武立川」駅 徒歩25～28分</li>
tokyo,tachikawa,昭島つつじが丘ハイツ,102700,JR青梅線「昭島」駅,9.0,11.0,,,,昭島市つつじが丘3-4ほか,6号棟,鉄骨鉄筋コンクリート造,8,N,811号室,3DK,65,11,97000,5700,2か月,['近居割'],随時,https://www.ur-net.go.jp/chintai/kanto/tokyo/20_3380_room.html?JKSS=000060811,<li>JR青梅線「昭島」駅 徒歩9～11分</li><li>JR青梅線「中神」駅 徒歩13～15分</li><li>西武拝島線「西武立川」駅 徒歩25～28分</li>
tokyo,tachikawa,昭島つつじが丘ハイツ,102700,JR青梅線「中神」駅,13.0,15.0,,,,昭島市つつじが丘3-4ほか,6号棟,鉄骨鉄筋コンクリート造,8,N,811号室,3DK,65,11,97000,5700,2か月,['近居割'],随時,https://www.ur-net.go.jp/chintai/kanto/tokyo/20_3380_room.html?JKSS=000060811,<li>JR青梅線「昭島」駅 徒歩9～11分</li><li>JR青梅線「中神」駅 徒歩13～15分</li><li>西武拝島線「西武立川」駅 徒歩25～28分</li>
tokyo,tachikawa,昭島つつじが丘ハイツ,102700,西武拝島線「西武立川」駅,25.0,28.0,,,,昭島市つつじが丘3-4ほか,6号棟,鉄骨鉄筋コンクリート造,8,N,811号室,3DK,65,11,97000,5700,2か月,['近居割'],随時,https://www.ur-net.go.jp/chintai/kanto/tokyo/20_3380_room.html?JKSS=000060811,<li>JR青梅線「昭島」駅 徒歩9～11分</li><li>JR青梅線「中神」駅 徒歩13～15分</li><li>西武拝島線「西武立川」駅 徒歩25～28分</li>
tokyo,tachikawa,昭島つつじが丘ハイツ,102700,,,,,,,昭島市つつじが丘3-4ほか,6号棟,鉄骨鉄筋コンクリート造,8,N,811号室,3DK,65,11,97000,5700,2か月,['近居割'],随時,https://www.ur-net.go.jp/chintai/kanto/tokyo/20_3380_room.html?JKSS=000060811,<li>JR青梅線「昭島」駅 徒歩9～11分</li><li>JR青梅線「中神」駅 徒歩13～15分</li><li>西武拝島線「西武立川」駅 徒歩25～28分</li>
tokyo,tachikawa,コンフォール拝島,136900,JR青梅線ほか｢拝島｣駅,4.0,4.0,,,,昭島市松原町4-1-5,,鉄筋コンクリート造,5,N,507号室,3LDK,76,5,129700,7200,2か月,['近居割'],随時,https://www.ur-net.go.jp/chintai/kanto/tokyo/20_5520_room.html?JKSS=000000507,<li>JR青梅線ほか｢拝島｣駅 徒歩4分</li>
tokyo,tachikawa,コンフォール拝島,136900,,,,,,,昭島市松原町4-1-5,,鉄筋コンクリート造,5,N,507号室,3LDK,76,5,129700,7200,2か月,['近居割'],随時,https://www.ur-net.go.jp/chintai/kanto/tokyo/20_5520_room.html?JKSS=000000507,<li>JR青梅線ほか｢拝島｣駅 徒歩4分</li>
tokyo,kichijoji,プラザ新小金井,158300,JR中央線「東小金井」駅,10.0,15.0,,,,小金井市東町4-23ほか,6号棟,鉄筋コンクリート造,3,N,304号室,3DK,60,3,151200,7100,2か月,['近居割'],随時,https://www.ur-net.go.jp/chintai/kanto/tokyo/20_5140_room.html?JKSS=000060304,<li>JR中央線「東小金井」駅 徒歩10～15分</li><li>西武多摩川線「新小金井」駅 徒歩1～3分</li><li>JR中央線「武蔵境」駅 徒歩26～28分</li>
tokyo,kichijoji,プラザ新小金井,158300,西武多摩川線「新小金井」駅,1.0,3.0,,,,小金井市東町4-23ほか,6号棟,鉄筋コンクリート造,3,N,304号室,3DK,60,3,151200,7100,2か月,['近居割'],随時,https://www.ur-net.go.jp/chintai/kanto/tokyo/20_5140_room.html?JKSS=000060304,<li>JR中央線「東小金井」駅 徒歩10～15分</li><li>西武多摩川線「新小金井」駅 徒歩1～3分</li><li>JR中央線「武蔵境」駅 徒歩26～28分</li>
tokyo,kichijoji,プラザ新小金井,158300,JR中央線「武蔵境」駅,26.0,28.0,,,,小金井市東町4-23ほか,6号棟,鉄筋コンクリート造,3,N,304号室,3DK,60,3,151200,7100,2か月,['近居割'],随時,https://www.ur-net.go.jp/chintai/kanto/tokyo/20_5140_room.html?JKSS=000060304,<li>JR中央線「東小金井」駅 徒歩10～15分</li><li>西武多摩川線「新小金井」駅 徒歩1～3分</li><li>JR中央線「武蔵境」駅 徒歩26～28分</li>
tokyo,kichijoji,プラザ新小金井,158300,,,,,,,小金井市東町4-23ほか,6号棟,鉄筋コンクリート造,3,N,304号室,3DK,60,3,151200,7100,2か月,['近居割'],随時,https://www.ur-net.go.jp/chintai/kanto/tokyo/20_5140_room.html?JKSS=000060304,<li>JR中央線「東小金井」駅 徒歩10～15分</li><li>西武多摩川線「新小金井」駅 徒歩1～3分</li><li>JR中央線「武蔵境」駅 徒歩26～28分</li>
tokyo,kichijoji,グリーンタウン小金井,157700,JR中央線「武蔵小金井」駅,16.0,19.0,JR中央線「武蔵小金井」駅,10.0,12.0,小金井市緑町4-12-16ほか,4号棟,鉄筋コンクリート造,6,N,602号室,2DK,55,6,151300,6400,2か月,['近居割'],随時,https://www.ur-net.go.jp/chintai/kanto/tokyo/20_6270_room.html?JKSS=000040602,<li>JR中央線「武蔵小金井」駅 徒歩16～19分 またはバス5分 徒歩5～7分</li><li>西武新宿線「花小金井」駅バス8分 徒歩9～11分</li><li>JR中央線「東小金井」駅 徒歩18～20分 またはバス10分 徒歩1～3分</li>
tokyo,kichijoji,グリーンタウン小金井,157700,,,,西武新宿線「花小金井」駅,17.0,19.0,小金井市緑町4-12-16ほか,4号棟,鉄筋コンクリート造,6,N,602号室,2DK,55,6,151300,6400,2か月,['近居割'],随時,https://www.ur-net.go.jp/chintai/kanto/tokyo/20_6270_room.html?JKSS=000040602,<li>JR中央線「武蔵小金井」駅 徒歩16～19分 またはバス5分 徒歩5～7分</li><li>西武新宿線「花小金井」駅バス8分 徒歩9～11分</li><li>JR中央線「東小金井」駅 徒歩18～20分 またはバス10分 徒歩1～3分</li>
tokyo,kichijoji,グリーンタウン小金井,157700,JR中央線「東小金井」駅,18.0,20.0,JR中央線「東小金井」駅,11.0,13.0,小金井市緑町4-12-16ほか,4号棟,鉄筋コンクリート造,6,N,602号室,2DK,55,6,151300,6400,2か月,['近居割'],随時,https://www.ur-net.go.jp/chintai/kanto/tokyo/20_6270_room.html?JKSS=000040602,<li>JR中央線「武蔵小金井」駅 徒歩16～19分 またはバス5分 徒歩5～7分</li><li>西武新宿線「花小金井」駅バス8分 徒歩9～11分</li><li>JR中央線「東小金井」駅 徒歩18～20分 またはバス10分 徒歩1～3分</li>
tokyo,kichijoji,グリーンタウン小金井,157700,,,,,,,小金井市緑町4-12-16ほか,4号棟,鉄筋コンクリート造,6,N,602号室,2DK,55,6,151300,6400,2か月,['近居割'],随時,https://www.ur-net.go.jp/chintai/kanto/tokyo/20_6270_room.html?JKSS=000040602,<li>JR中央線「武蔵小金井」駅 徒歩16～19分 またはバス5分 徒歩5～7分</li><li>西武新宿線「花小金井」駅バス8分 徒歩9～11分</li><li>JR中央線「東小金井」駅 徒歩18～20分 またはバス10分 徒歩1～3分</li>
tokyo,hibarigaoka,小平駅南口,82800,西武新宿線ほか｢小平｣駅,1.0,1.0,,,,小平市美園町1-33-1,,鉄筋コンクリート造,3,N,312号室,2DK,44,10,78100,4700,2か月,['URライト（4年定借）'],随時,https://www.ur-net.go.jp/chintai/kanto/tokyo/20_1770_room.html?JKSS=000010312,<li>西武新宿線ほか｢小平｣駅 徒歩1分</li>
tokyo,hibarigaoka,小平駅南口,82800,,,,,,,小平市美園町1-33-1,,鉄筋コンクリート造,3,N,312号室,2DK,44,10,78100,4700,2か月,['URライト（4年定借）'],随時,https://www.ur-net.go.jp/chintai/kanto/tokyo/20_1770_room.html?JKSS=000010312,<li>西武新宿線ほか｢小平｣駅 徒歩1分</li>
tokyo,hachioji,シティハイツ日野旭が丘,85900,JR中央線「豊田」駅,20.0,24.0,JR中央線「豊田」駅,8.0,13.0,日野市旭が丘4-7-5,3号棟,鉄筋コンクリート造、鉄骨鉄筋コンクリート造,1,N,114号室,1LDK,49,6,83200,2700,2か月,"['近居割', '近居割WIDE']",随時,https://www.ur-net.go.jp/chintai/kanto/tokyo/20_4360_room.html?JKSS=000030114,<li>JR中央線「豊田」駅 徒歩20～24分 またはバス7分 徒歩1～6分</li><li>京王線「長沼」駅 徒歩26～28分</li><li>JR八高線「北八王子」駅 徒歩23～25分</li>
tokyo,hachioji,シティハイツ日野旭が丘,85900,京王線「長沼」駅,26.0,28.0,,,,日野市旭が丘4-7-5,3号棟,鉄筋コンクリート造、鉄骨鉄筋コンクリート造,1,N,114号室,1LDK,49,6,83200,2700,2か月,"['近居割', '近居割WIDE']",随時,https://www.ur-net.go.jp/chintai/kanto/tokyo/20_4360_room.html?JKSS=000030114,<li>JR中央線「豊田」駅 徒歩20～24分 またはバス7分 徒歩1～6分</li><li>京王線「長沼」駅 徒歩26～28分</li><li>JR八高線「北八王子」駅 徒歩23～25分</li>
tokyo,hachioji,シティハイツ日野旭が丘,85900,JR八高線「北八王子」駅,23.0,25.0,,,,日野市旭が丘4-7-5,3号棟,鉄筋コンクリート造、鉄骨鉄筋コンクリート造,1,N,114号室,1LDK,49,6,83200,2700,2か月,"['近居割', '近居割WIDE']",随時,https://www.ur-net.go.jp/chintai/kanto/tokyo/20_4360_room.html?JKSS=000030114,<li>JR中央線「豊田」駅 徒歩20～24分 またはバス7分 徒歩1～6分</li><li>京王線「長沼」駅 徒歩26～28分</li><li>JR八高線「北八王子」駅 徒歩23～25分</li>
tokyo,hachioji,シティハイツ日野旭が丘,85900,,,,,,,日野市旭が丘4-7-5,3号棟,鉄筋コンクリート造、鉄骨鉄筋コンクリート造,1,N,114号室,1LDK,49,6,83200,2700,2か月,"['近居割', '近居割WIDE']",随時,https://www.ur-net.go.jp/chintai/kanto/tokyo/20_4360_room.html?JKSS=000030114,<li>JR中央線「豊田」駅 徒歩20～24分 またはバス7分 徒歩1～6分</li><li>京王線「長沼」駅 徒歩26～28分</li><li>JR八高線「北八王子」駅 徒歩23～25分</li>
tokyo,tachikawa,福生,55600,JR五日市線「熊川」駅,10.0,17.0,,,,福生市南田園2-7ほか,9号棟,鉄筋コンクリート造,1,N,107号室,2DK,41,5,52600,3000,2か月,['健康寿命サポート'],随時,https://www.ur-net.go.jp/chintai/kanto/tokyo/20_2520_room.html?JKSS=000090107,<li>JR五日市線「熊川」駅 徒歩10～17分</li><li>JR青梅線「拝島」駅バス15分 徒歩2～6分</li><li>JR青梅線「福生」駅 徒歩24～30分</li>
tokyo,tachikawa,福生,55600,,,,JR青梅線「拝島」駅,17.0,21.0,福生市南田園2-7ほか,9号棟,鉄筋コンクリート造,1,N,107号室,2DK,41,5,52600,3000,2か月,['健康寿命サポート'],随時,https://www.ur-net.go.jp/chintai/kanto/tokyo/20_2520_room.html?JKSS=000090107,<li>JR五日市線「熊川」駅 徒歩10～17分</li><li>JR青梅線「拝島」駅バス15分 徒歩2～6分</li><li>JR青梅線「福生」駅 徒歩24～30分</li>
tokyo,tachikawa,福生,55600,JR青梅線「福生」駅,24.0,30.0,,,,福生市南田園2-7ほか,9号棟,鉄筋コンクリート造,1,N,107号室,2DK,41,5,52600,3000,2か月,['健康寿命サポート'],随時,https://www.ur-net.go.jp/chintai/kanto/tokyo/20_2520_room.html?JKSS=000090107,<li>JR五日市線「熊川」駅 徒歩10～17分</li><li>JR青梅線「拝島」駅バス15分 徒歩2～6分</li><li>JR青梅線「福生」駅 徒歩24～30分</li>
tokyo,tachikawa,福生,55600,,,,,,,福生市南田園2-7ほか,9号棟,鉄筋コンクリート造,1,N,107号室,2DK,41,5,52600,3000,2か月,['健康寿命サポート'],随時,https://www.ur-net.go.jp/chintai/kanto/tokyo/20_2520_room.html?JKSS=000090107,<li>JR五日市線「熊川」駅 徒歩10～17分</li><li>JR青梅線「拝島」駅バス15分 徒歩2～6分</li><li>JR青梅線「福生」駅 徒歩24～30分</li>
tokyo,tachikawa,福生,64200,JR五日市線「熊川」駅,10.0,17.0,,,,福生市南田園2-7ほか,3号棟,鉄筋コンクリート造,5,N,504号室,3DK,52,5,61200,3000,2か月,['フリレ１か月'],随時,https://www.ur-net.go.jp/chintai/kanto/tokyo/20_2520_room.html?JKSS=000030504,<li>JR五日市線「熊川」駅 徒歩10～17分</li><li>JR青梅線「拝島」駅バス15分 徒歩2～6分</li><li>JR青梅線「福生」駅 徒歩24～30分</li>
tokyo,tachikawa,福生,64200,,,,JR青梅線「拝島」駅,17.0,21.0,福生市南田園2-7ほか,3号棟,鉄筋コンクリート造,5,N,504号室,3DK,52,5,61200,3000,2か月,['フリレ１か月'],随時,https://www.ur-net.go.jp/chintai/kanto/tokyo/20_2520_room.html?JKSS=000030504,<li>JR五日市線「熊川」駅 徒歩10～17分</li><li>JR青梅線「拝島」駅バス15分 徒歩2～6分</li><li>JR青梅線「福生」駅 徒歩24～30分</li>
tokyo,tachikawa,福生,64200,JR青梅線「福生」駅,24.0,30.0,,,,福生市南田園2-7ほか,3号棟,鉄筋コンクリート造,5,N,504号室,3DK,52,5,61200,3000,2か月,['フリレ１か月'],随時,https://www.ur-net.go.jp/chintai/kanto/tokyo/20_2520_room.html?JKSS=000030504,<li>JR五日市線「熊川」駅 徒歩10～17分</li><li>JR青梅線「拝島」駅バス15分 徒歩2～6分</li><li>JR青梅線「福生」駅 徒歩24～30分</li>
tokyo,tachikawa,福生,64200,,,,,,,福生市南田園2-7ほか,3号棟,鉄筋コンクリート造,5,N,504号室,3DK,52,5,61200,3000,2か月,['フリレ１か月'],随時,https://www.ur-net.go.jp/chintai/kanto/tokyo/20_2520_room.html?JKSS=000030504,<li>JR五日市線「熊川」駅 徒歩10～17分</li><li>JR青梅線「拝島」駅バス15分 徒歩2～6分</li><li>JR青梅線「福生」駅 徒歩24～30分</li>
tokyo,chofu,神代,95300,京王線「つつじケ丘」駅,7.0,19.0,,,,調布市西つつじヶ丘4-23、狛江市西野川1-25,57号棟,鉄筋コンクリート造,5,N,512号室,3DK,50,5,91500,3800,2か月,['URライト'],随時,https://www.ur-net.go.jp/chintai/kanto/tokyo/20_1320_room.html?JKSS=000057512,<li>京王線「つつじケ丘」駅 徒歩7～19分</li><li>小田急小田原線「成城学園前」駅バス11～15分 徒歩1～5分</li><li>小田急小田原線「狛江」駅バス7～9分 徒歩1～5分</li>
tokyo,chofu,神代,95300,,,,小田急小田原線「成城学園前」駅,12.0,20.0,調布市西つつじヶ丘4-23、狛江市西野川1-25,57号棟,鉄筋コンクリート造,5,N,512号室,3DK,50,5,91500,3800,2か月,['URライト'],随時,https://www.ur-net.go.jp/chintai/kanto/tokyo/20_1320_room.html?JKSS=000057512,<li>京王線「つつじケ丘」駅 徒歩7～19分</li><li>小田急小田原線「成城学園前」駅バス11～15分 徒歩1～5分</li><li>小田急小田原線「狛江」駅バス7～9分 徒歩1～5分</li>
tokyo,chofu,神代,95300,,,,小田急小田原線「狛江」駅,8.0,14.0,調布市西つつじヶ丘4-23、狛江市西野川1-25,57号棟,鉄筋コンクリート造,5,N,512号室,3DK,50,5,91500,3800,2か月,['URライト'],随時,https://www.ur-net.go.jp/chintai/kanto/tokyo/20_1320_room.html?JKSS=000057512,<li>京王線「つつじケ丘」駅 徒歩7～19分</li><li>小田急小田原線「成城学園前」駅バス11～15分 徒歩1～5分</li><li>小田急小田原線「狛江」駅バス7～9分 徒歩1～5分</li>
tokyo,chofu,神代,95300,,,,,,,調布市西つつじヶ丘4-23、狛江市西野川1-25,57号棟,鉄筋コンクリート造,5,N,512号室,3DK,50,5,91500,3800,2か月,['URライト'],随時,https://www.ur-net.go.jp/chintai/kanto/tokyo/20_1320_room.html?JKSS=000057512,<li>京王線「つつじケ丘」駅 徒歩7～19分</li><li>小田急小田原線「成城学園前」駅バス11～15分 徒歩1～5分</li><li>小田急小田原線「狛江」駅バス7～9分 徒歩1～5分</li>
tokyo,hibarigaoka,清瀬旭が丘,58800,,,,西武池袋線「清瀬」駅,10.0,19.0,清瀬市旭が丘2ほか,5-2-3号棟,鉄筋コンクリート造,5,N,506号室,3K,45,5,55800,3000,2か月,"['近居割', '近居割WIDE']",随時,https://www.ur-net.go.jp/chintai/kanto/tokyo/20_1580_room.html?JKSS=000523506,<li>西武池袋線「清瀬」駅バス9～15分 徒歩1～4分</li><li>東武東上線「志木」駅バス20～22分 徒歩1～4分</li><li>JR武蔵野線「新座」駅バス10～12分 徒歩1～4分</li>
tokyo,hibarigaoka,清瀬旭が丘,58800,,,,東武東上線「志木」駅,21.0,26.0,清瀬市旭が丘2ほか,5-2-3号棟,鉄筋コンクリート造,5,N,506号室,3K,45,5,55800,3000,2か月,"['近居割', '近居割WIDE']",随時,https://www.ur-net.go.jp/chintai/kanto/tokyo/20_1580_room.html?JKSS=000523506,<li>西武池袋線「清瀬」駅バス9～15分 徒歩1～4分</li><li>東武東上線「志木」駅バス20～22分 徒歩1～4分</li><li>JR武蔵野線「新座」駅バス10～12分 徒歩1～4分</li>
tokyo,hibarigaoka,清瀬旭が丘,58800,,,,JR武蔵野線「新座」駅,11.0,16.0,清瀬市旭が丘2ほか,5-2-3号棟,鉄筋コンクリート造,5,N,506号室,3K,45,5,55800,3000,2か月,"['近居割', '近居割WIDE']",随時,https://www.ur-net.go.jp/chintai/kanto/tokyo/20_1580_room.html?JKSS=000523506,<li>西武池袋線「清瀬」駅バス9～15分 徒歩1～4分</li><li>東武東上線「志木」駅バス20～22分 徒歩1～4分</li><li>JR武蔵野線「新座」駅バス10～12分 徒歩1～4分</li>
tokyo,hibarigaoka,清瀬旭が丘,58800,,,,,,,清瀬市旭が丘2ほか,5-2-3号棟,鉄筋コンクリート造,5,N,506号室,3K,45,5,55800,3000,2か月,"['近居割', '近居割WIDE']",随時,https://www.ur-net.go.jp/chintai/kanto/tokyo/20_1580_room.html?JKSS=000523506,<li>西武池袋線「清瀬」駅バス9～15分 徒歩1～4分</li><li>東武東上線「志木」駅バス20～22分 徒歩1～4分</li><li>JR武蔵野線「新座」駅バス10～12分 徒歩1～4分</li>
tokyo,hibarigaoka,清瀬旭が丘,62100,,,,西武池袋線「清瀬」駅,10.0,19.0,清瀬市旭が丘2ほか,5-2-3号棟,鉄筋コンクリート造,4,N,405号室,3K,45,5,59100,3000,2か月,"['近居割', '近居割WIDE']",随時,https://www.ur-net.go.jp/chintai/kanto/tokyo/20_1580_room.html?JKSS=000523405,<li>西武池袋線「清瀬」駅バス9～15分 徒歩1～4分</li><li>東武東上線「志木」駅バス20～22分 徒歩1～4分</li><li>JR武蔵野線「新座」駅バス10～12分 徒歩1～4分</li>
tokyo,hibarigaoka,清瀬旭が丘,62100,,,,東武東上線「志木」駅,21.0,26.0,清瀬市旭が丘2ほか,5-2-3号棟,鉄筋コンクリート造,4,N,405号室,3K,45,5,59100,3000,2か月,"['近居割', '近居割WIDE']",随時,https://www.ur-net.go.jp/chintai/kanto/tokyo/20_1580_room.html?JKSS=000523405,<li>西武池袋線「清瀬」駅バス9～15分 徒歩1～4分</li><li>東武東上線「志木」駅バス20～22分 徒歩1～4分</li><li>JR武蔵野線「新座」駅バス10～12分 徒歩1～4分</li>
tokyo,hibarigaoka,清瀬旭が丘,62100,,,,JR武蔵野線「新座」駅,11.0,16.0,清瀬市旭が丘2ほか,5-2-3号棟,鉄筋コンクリート造,4,N,405号室,3K,45,5,59100,3000,2か月,"['近居割', '近居割WIDE']",随時,https://www.ur-net.go.jp/chintai/kanto/tokyo/20_1580_room.html?JKSS=000523405,<li>西武池袋線「清瀬」駅バス9～15分 徒歩1～4分</li><li>東武東上線「志木」駅バス20～22分 徒歩1～4分</li><li>JR武蔵野線「新座」駅バス10～12分 徒歩1～4分</li>
tokyo,hibarigaoka,清瀬旭が丘,62100,,,,,,,清瀬市旭が丘2ほか,5-2-3号棟,鉄筋コンクリート造,4,N,405号室,3K,45,5,59100,3000,2か月,"['近居割', '近居割WIDE']",随時,https://www.ur-net.go.jp/chintai/kanto/tokyo/20_1580_room.html?JKSS=000523405,<li>西武池袋線「清瀬」駅バス9～15分 徒歩1～4分</li><li>東武東上線「志木」駅バス20～22分 徒歩1～4分</li><li>JR武蔵野線「新座」駅バス10～12分 徒歩1～4分</li>
tokyo,hibarigaoka,清瀬旭が丘,63000,,,,西武池袋線「清瀬」駅,10.0,19.0,清瀬市旭が丘2ほか,5-2-2号棟,鉄筋コンクリート造,3,N,302号室,3K,45,5,60000,3000,2か月,"['近居割', '近居割WIDE']",随時,https://www.ur-net.go.jp/chintai/kanto/tokyo/20_1580_room.html?JKSS=000522302,<li>西武池袋線「清瀬」駅バス9～15分 徒歩1～4分</li><li>東武東上線「志木」駅バス20～22分 徒歩1～4分</li><li>JR武蔵野線「新座」駅バス10～12分 徒歩1～4分</li>
tokyo,hibarigaoka,清瀬旭が丘,63000,,,,東武東上線「志木」駅,21.0,26.0,清瀬市旭が丘2ほか,5-2-2号棟,鉄筋コンクリート造,3,N,302号室,3K,45,5,60000,3000,2か月,"['近居割', '近居割WIDE']",随時,https://www.ur-net.go.jp/chintai/kanto/tokyo/20_1580_room.html?JKSS=000522302,<li>西武池袋線「清瀬」駅バス9～15分 徒歩1～4分</li><li>東武東上線「志木」駅バス20～22分 徒歩1～4分</li><li>JR武蔵野線「新座」駅バス10～12分 徒歩1～4分</li>
tokyo,hibarigaoka,清瀬旭が丘,63000,,,,JR武蔵野線「新座」駅,11.0,16.0,清瀬市旭が丘2ほか,5-2-2号棟,鉄筋コンクリート造,3,N,302号室,3K,45,5,60000,3000,2か月,"['近居割', '近居割WIDE']",随時,https://www.ur-net.go.jp/chintai/kanto/tokyo/20_1580_room.html?JKSS=000522302,<li>西武池袋線「清瀬」駅バス9～15分 徒歩1～4分</li><li>東武東上線「志木」駅バス20～22分 徒歩1～4分</li><li>JR武蔵野線「新座」駅バス10～12分 徒歩1～4分</li>
tokyo,hibarigaoka,清瀬旭が丘,63000,,,,,,,清瀬市旭が丘2ほか,5-2-2号棟,鉄筋コンクリート造,3,N,302号室,3K,45,5,60000,3000,2か月,"['近居割', '近居割WIDE']",随時,https://www.ur-net.go.jp/chintai/kanto/tokyo/20_1580_room.html?JKSS=000522302,<li>西武池袋線「清瀬」駅バス9～15分 徒歩1～4分</li><li>東武東上線「志木」駅バス20～22分 徒歩1～4分</li><li>JR武蔵野線「新座」駅バス10～12分 徒歩1～4分</li>
tokyo,kumegawa,エステート大南公園,103500,西武拝島線「玉川上水」駅,13.0,15.0,,,,武蔵村山市大南4-21-1ほか,10号棟,鉄筋コンクリート造,3,N,301号室,3LDK,69,5,101200,2300,2か月,['近居割'],随時,https://www.ur-net.go.jp/chintai/kanto/tokyo/20_4130_room.html?JKSS=000100301,<li>西武拝島線「玉川上水」駅 徒歩13～15分</li><li>多摩都市モノレール「桜街道」駅 徒歩13～14分</li><li>西武拝島線「武蔵砂川」駅 徒歩26～27分</li>
tokyo,kumegawa,エステート大南公園,103500,多摩都市モノレール「桜街道」駅,13.0,14.0,,,,武蔵村山市大南4-21-1ほか,10号棟,鉄筋コンクリート造,3,N,301号室,3LDK,69,5,101200,2300,2か月,['近居割'],随時,https://www.ur-net.go.jp/chintai/kanto/tokyo/20_4130_room.html?JKSS=000100301,<li>西武拝島線「玉川上水」駅 徒歩13～15分</li><li>多摩都市モノレール「桜街道」駅 徒歩13～14分</li><li>西武拝島線「武蔵砂川」駅 徒歩26～27分</li>
tokyo,kumegawa,エステート大南公園,103500,西武拝島線「武蔵砂川」駅,26.0,27.0,,,,武蔵村山市大南4-21-1ほか,10号棟,鉄筋コンクリート造,3,N,301号室,3LDK,69,5,101200,2300,2か月,['近居割'],随時,https://www.ur-net.go.jp/chintai/kanto/tokyo/20_4130_room.html?JKSS=000100301,<li>西武拝島線「玉川上水」駅 徒歩13～15分</li><li>多摩都市モノレール「桜街道」駅 徒歩13～14分</li><li>西武拝島線「武蔵砂川」駅 徒歩26～27分</li>
tokyo,kumegawa,エステート大南公園,103500,,,,,,,武蔵村山市大南4-21-1ほか,10号棟,鉄筋コンクリート造,3,N,301号室,3LDK,69,5,101200,2300,2か月,['近居割'],随時,https://www.ur-net.go.jp/chintai/kanto/tokyo/20_4130_room.html?JKSS=000100301,<li>西武拝島線「玉川上水」駅 徒歩13～15分</li><li>多摩都市モノレール「桜街道」駅 徒歩13～14分</li><li>西武拝島線「武蔵砂川」駅 徒歩26～27分</li>
tokyo,kumegawa,エステート大南公園,121700,西武拝島線「玉川上水」駅,13.0,15.0,,,,武蔵村山市大南4-21-1ほか,9号棟,鉄筋コンクリート造,1,N,107号室,4LDK,84,5,119400,2300,2か月,['近居割'],随時,https://www.ur-net.go.jp/chintai/kanto/tokyo/20_4130_room.html?JKSS=000090107,<li>西武拝島線「玉川上水」駅 徒歩13～15分</li><li>多摩都市モノレール「桜街道」駅 徒歩13～14分</li><li>西武拝島線「武蔵砂川」駅 徒歩26～27分</li>
tokyo,kumegawa,エステート大南公園,121700,多摩都市モノレール「桜街道」駅,13.0,14.0,,,,武蔵村山市大南4-21-1ほか,9号棟,鉄筋コンクリート造,1,N,107号室,4LDK,84,5,119400,2300,2か月,['近居割'],随時,https://www.ur-net.go.jp/chintai/kanto/tokyo/20_4130_room.html?JKSS=000090107,<li>西武拝島線「玉川上水」駅 徒歩13～15分</li><li>多摩都市モノレール「桜街道」駅 徒歩13～14分</li><li>西武拝島線「武蔵砂川」駅 徒歩26～27分</li>
tokyo,kumegawa,エステート大南公園,121700,西武拝島線「武蔵砂川」駅,26.0,27.0,,,,武蔵村山市大南4-21-1ほか,9号棟,鉄筋コンクリート造,1,N,107号室,4LDK,84,5,119400,2300,2か月,['近居割'],随時,https://www.ur-net.go.jp/chintai/kanto/tokyo/20_4130_room.html?JKSS=000090107,<li>西武拝島線「玉川上水」駅 徒歩13～15分</li><li>多摩都市モノレール「桜街道」駅 徒歩13～14分</li><li>西武拝島線「武蔵砂川」駅 徒歩26～27分</li>
tokyo,kumegawa,エステート大南公園,121700,,,,,,,武蔵村山市大南4-21-1ほか,9号棟,鉄筋コンクリート造,1,N,107号室,4LDK,84,5,119400,2300,2か月,['近居割'],随時,https://www.ur-net.go.jp/chintai/kanto/tokyo/20_4130_room.html?JKSS=000090107,<li>西武拝島線「玉川上水」駅 徒歩13～15分</li><li>多摩都市モノレール「桜街道」駅 徒歩13～14分</li><li>西武拝島線「武蔵砂川」駅 徒歩26～27分</li>
tokyo,nagayama,多摩ニュータウン ファインヒルいなぎ 長峰・杜の一番街,104400,,,,京王相模原線「若葉台」駅,10.0,12.0,稲城市長峰3-2,4号棟,鉄筋コンクリート造,4,N,410号室,2LDK,64,10,99000,5400,2か月,"['近居割', '近居割WIDE']",随時,https://www.ur-net.go.jp/chintai/kanto/tokyo/20_5290_room.html?JKSS=000040410,<li>京王相模原線「若葉台」駅バス6分 徒歩4～6分</li><li>京王相模原線「稲城」駅バス11分 徒歩4～6分</li><li>JR南武線「南多摩」駅 徒歩32～33分</li>
tokyo,nagayama,多摩ニュータウン ファインヒルいなぎ 長峰・杜の一番街,104400,,,,京王相模原線「稲城」駅,15.0,17.0,稲城市長峰3-2,4号棟,鉄筋コンクリート造,4,N,410号室,2LDK,64,10,99000,5400,2か月,"['近居割', '近居割WIDE']",随時,https://www.ur-net.go.jp/chintai/kanto/tokyo/20_5290_room.html?JKSS=000040410,<li>京王相模原線「若葉台」駅バス6分 徒歩4～6分</li><li>京王相模原線「稲城」駅バス11分 徒歩4～6分</li><li>JR南武線「南多摩」駅 徒歩32～33分</li>
tokyo,nagayama,多摩ニュータウン ファインヒルいなぎ 長峰・杜の一番街,104400,JR南武線「南多摩」駅,32.0,33.0,,,,稲城市長峰3-2,4号棟,鉄筋コンクリート造,4,N,410号室,2LDK,64,10,99000,5400,2か月,"['近居割', '近居割WIDE']",随時,https://www.ur-net.go.jp/chintai/kanto/tokyo/20_5290_room.html?JKSS=000040410,<li>京王相模原線「若葉台」駅バス6分 徒歩4～6分</li><li>京王相模原線「稲城」駅バス11分 徒歩4～6分</li><li>JR南武線「南多摩」駅 徒歩32～33分</li>
tokyo,nagayama,多摩ニュータウン ファインヒルいなぎ 長峰・杜の一番街,104400,,,,,,,稲城市長峰3-2,4号棟,鉄筋コンクリート造,4,N,410号室,2LDK,64,10,99000,5400,2か月,"['近居割', '近居割WIDE']",随時,https://www.ur-net.go.jp/chintai/kanto/tokyo/20_5290_room.html?JKSS=000040410,<li>京王相模原線「若葉台」駅バス6分 徒歩4～6分</li><li>京王相模原線「稲城」駅バス11分 徒歩4～6分</li><li>JR南武線「南多摩」駅 徒歩32～33分</li>
tokyo,nagayama,多摩ニュータウン ファインヒルいなぎ 長峰・杜の一番街,116100,,,,京王相模原線「若葉台」駅,10.0,12.0,稲城市長峰3-2,3号棟,鉄筋コンクリート造,5,N,503号室,3LDK,77,10,110700,5400,2か月,"['近居割', '近居割WIDE']",随時,https://www.ur-net.go.jp/chintai/kanto/tokyo/20_5290_room.html?JKSS=000030503,<li>京王相模原線「若葉台」駅バス6分 徒歩4～6分</li><li>京王相模原線「稲城」駅バス11分 徒歩4～6分</li><li>JR南武線「南多摩」駅 徒歩32～33分</li>
tokyo,nagayama,多摩ニュータウン ファインヒルいなぎ 長峰・杜の一番街,116100,,,,京王相模原線「稲城」駅,15.0,17.0,稲城市長峰3-2,3号棟,鉄筋コンクリート造,5,N,503号室,3LDK,77,10,110700,5400,2か月,"['近居割', '近居割WIDE']",随時,https://www.ur-net.go.jp/chintai/kanto/tokyo/20_5290_room.html?JKSS=000030503,<li>京王相模原線「若葉台」駅バス6分 徒歩4～6分</li><li>京王相模原線「稲城」駅バス11分 徒歩4～6分</li><li>JR南武線「南多摩」駅 徒歩32～33分</li>
tokyo,nagayama,多摩ニュータウン ファインヒルいなぎ 長峰・杜の一番街,116100,JR南武線「南多摩」駅,32.0,33.0,,,,稲城市長峰3-2,3号棟,鉄筋コンクリート造,5,N,503号室,3LDK,77,10,110700,5400,2か月,"['近居割', '近居割WIDE']",随時,https://www.ur-net.go.jp/chintai/kanto/tokyo/20_5290_room.html?JKSS=000030503,<li>京王相模原線「若葉台」駅バス6分 徒歩4～6分</li><li>京王相模原線「稲城」駅バス11分 徒歩4～6分</li><li>JR南武線「南多摩」駅 徒歩32～33分</li>
tokyo,nagayama,多摩ニュータウン ファインヒルいなぎ 長峰・杜の一番街,116100,,,,,,,稲城市長峰3-2,3号棟,鉄筋コンクリート造,5,N,503号室,3LDK,77,10,110700,5400,2か月,"['近居割', '近居割WIDE']",随時,https://www.ur-net.go.jp/chintai/kanto/tokyo/20_5290_room.html?JKSS=000030503,<li>京王相模原線「若葉台」駅バス6分 徒歩4～6分</li><li>京王相模原線「稲城」駅バス11分 徒歩4～6分</li><li>JR南武線「南多摩」駅 徒歩32～33分</li>
tokyo,nagayama,多摩ニュータウン ファインヒルいなぎ ビュープラザ向陽台,106700,,,,京王相模原線「稲城」駅,12.0,12.0,稲城市向陽台4-4-2,2号棟,鉄骨鉄筋コンクリート造,7,N,710号室,1LDK,83,14,103500,3200,2か月,"['近居割', '近居割WIDE']",随時,https://www.ur-net.go.jp/chintai/kanto/tokyo/20_4500_room.html?JKSS=000020710,<li>京王相模原線「稲城」駅バス6分 徒歩6分</li><li>JR南武線「南多摩」駅 徒歩20分</li><li>JR南武線「稲城長沼」駅 徒歩26分</li>
tokyo,nagayama,多摩ニュータウン ファインヒルいなぎ ビュープラザ向陽台,106700,JR南武線「南多摩」駅,20.0,20.0,,,,稲城市向陽台4-4-2,2号棟,鉄骨鉄筋コンクリート造,7,N,710号室,1LDK,83,14,103500,3200,2か月,"['近居割', '近居割WIDE']",随時,https://www.ur-net.go.jp/chintai/kanto/tokyo/20_4500_room.html?JKSS=000020710,<li>京王相模原線「稲城」駅バス6分 徒歩6分</li><li>JR南武線「南多摩」駅 徒歩20分</li><li>JR南武線「稲城長沼」駅 徒歩26分</li>
tokyo,nagayama,多摩ニュータウン ファインヒルいなぎ ビュープラザ向陽台,106700,JR南武線「稲城長沼」駅,26.0,26.0,,,,稲城市向陽台4-4-2,2号棟,鉄骨鉄筋コンクリート造,7,N,710号室,1LDK,83,14,103500,3200,2か月,"['近居割', '近居割WIDE']",随時,https://www.ur-net.go.jp/chintai/kanto/tokyo/20_4500_room.html?JKSS=000020710,<li>京王相模原線「稲城」駅バス6分 徒歩6分</li><li>JR南武線「南多摩」駅 徒歩20分</li><li>JR南武線「稲城長沼」駅 徒歩26分</li>
tokyo,nagayama,多摩ニュータウン ファインヒルいなぎ ビュープラザ向陽台,106700,,,,,,,稲城市向陽台4-4-2,2号棟,鉄骨鉄筋コンクリート造,7,N,710号室,1LDK,83,14,103500,3200,2か月,"['近居割', '近居割WIDE']",随時,https://www.ur-net.go.jp/chintai/kanto/tokyo/20_4500_room.html?JKSS=000020710,<li>京王相模原線「稲城」駅バス6分 徒歩6分</li><li>JR南武線「南多摩」駅 徒歩20分</li><li>JR南武線「稲城長沼」駅 徒歩26分</li>
tokyo,nagayama,多摩ニュータウン ファインヒルいなぎ リベレ向陽台,132800,,,,京王相模原線「稲城」駅,8.0,11.0,稲城市向陽台5-10,7号棟,鉄筋コンクリート造,3,N,307号室,4LDK,95,6,129800,3000,2か月,"['近居割', '近居割WIDE']",随時,https://www.ur-net.go.jp/chintai/kanto/tokyo/20_4190_room.html?JKSS=510070307,<li>京王相模原線「稲城」駅バス6分 徒歩2～5分</li><li>JR南武線「南多摩」駅 徒歩20～22分</li><li>JR南武線「稲城長沼」駅 徒歩24～30分</li>
tokyo,nagayama,多摩ニュータウン ファインヒルいなぎ リベレ向陽台,132800,JR南武線「南多摩」駅,20.0,22.0,,,,稲城市向陽台5-10,7号棟,鉄筋コンクリート造,3,N,307号室,4LDK,95,6,129800,3000,2か月,"['近居割', '近居割WIDE']",随時,https://www.ur-net.go.jp/chintai/kanto/tokyo/20_4190_room.html?JKSS=510070307,<li>京王相模原線「稲城」駅バス6分 徒歩2～5分</li><li>JR南武線「南多摩」駅 徒歩20～22分</li><li>JR南武線「稲城長沼」駅 徒歩24～30分</li>
tokyo,nagayama,多摩ニュータウン ファインヒルいなぎ リベレ向陽台,132800,JR南武線「稲城長沼」駅,24.0,30.0,,,,稲城市向陽台5-10,7号棟,鉄筋コンクリート造,3,N,307号室,4LDK,95,6,129800,3000,2か月,"['近居割', '近居割WIDE']",随時,https://www.ur-net.go.jp/chintai/kanto/tokyo/20_4190_room.html?JKSS=510070307,<li>京王相模原線「稲城」駅バス6分 徒歩2～5分</li><li>JR南武線「南多摩」駅 徒歩20～22分</li><li>JR南武線「稲城長沼」駅 徒歩24～30分</li>
tokyo,nagayama,多摩ニュータウン ファインヒルいなぎ リベレ向陽台,132800,,,,,,,稲城市向陽台5-10,7号棟,鉄筋コンクリート造,3,N,307号室,4LDK,95,6,129800,3000,2か月,"['近居割', '近居割WIDE']",随時,https://www.ur-net.go.jp/chintai/kanto/tokyo/20_4190_room.html?JKSS=510070307,<li>京王相模原線「稲城」駅バス6分 徒歩2～5分</li><li>JR南武線「南多摩」駅 徒歩20～22分</li><li>JR南武線「稲城長沼」駅 徒歩24～30分</li>
tokyo,nagayama,多摩ニュータウン ファインヒルいなぎ ビューコート若葉台,160500,京王相模原線「若葉台」駅,16.0,18.0,京王相模原線「若葉台」駅,3.0,5.0,稲城市若葉台4-33,4号棟,鉄筋コンクリート造,7,N,703号室,3LDK,82,8,155800,4700,2か月,"['近居割', '近居割WIDE']",随時,https://www.ur-net.go.jp/chintai/kanto/tokyo/20_5910_room.html?JKSS=000040703,<li>京王相模原線「若葉台」駅 徒歩16～18分 またはバス2分 徒歩1～3分</li><li>小田急多摩線「はるひ野」駅 徒歩18～19分</li><li>小田急多摩線「黒川」駅 徒歩28～30分</li>
tokyo,nagayama,多摩ニュータウン ファインヒルいなぎ ビューコート若葉台,160500,小田急多摩線「はるひ野」駅,18.0,19.0,,,,稲城市若葉台4-33,4号棟,鉄筋コンクリート造,7,N,703号室,3LDK,82,8,155800,4700,2か月,"['近居割', '近居割WIDE']",随時,https://www.ur-net.go.jp/chintai/kanto/tokyo/20_5910_room.html?JKSS=000040703,<li>京王相模原線「若葉台」駅 徒歩16～18分 またはバス2分 徒歩1～3分</li><li>小田急多摩線「はるひ野」駅 徒歩18～19分</li><li>小田急多摩線「黒川」駅 徒歩28～30分</li>
tokyo,nagayama,多摩ニュータウン ファインヒルいなぎ ビューコート若葉台,160500,小田急多摩線「黒川」駅,28.0,30.0,,,,稲城市若葉台4-33,4号棟,鉄筋コンクリート造,7,N,703号室,3LDK,82,8,155800,4700,2か月,"['近居割', '近居割WIDE']",随時,https://www.ur-net.go.jp/chintai/kanto/tokyo/20_5910_room.html?JKSS=000040703,<li>京王相模原線「若葉台」駅 徒歩16～18分 またはバス2分 徒歩1～3分</li><li>小田急多摩線「はるひ野」駅 徒歩18～19分</li><li>小田急多摩線「黒川」駅 徒歩28～30分</li>
tokyo,nagayama,多摩ニュータウン ファインヒルいなぎ ビューコート若葉台,160500,,,,,,,稲城市若葉台4-33,4号棟,鉄筋コンクリート造,7,N,703号室,3LDK,82,8,155800,4700,2か月,"['近居割', '近居割WIDE']",随時,https://www.ur-net.go.jp/chintai/kanto/tokyo/20_5910_room.html?JKSS=000040703,<li>京王相模原線「若葉台」駅 徒歩16～18分 またはバス2分 徒歩1～3分</li><li>小田急多摩線「はるひ野」駅 徒歩18～19分</li><li>小田急多摩線「黒川」駅 徒歩28～30分</li>
tokyo,tachikawa,羽村,61400,JR青梅線「羽村」駅,17.0,20.0,JR青梅線「羽村」駅,5.0,9.0,羽村市富士見平1-18ほか,6号棟,鉄筋コンクリート造,5,N,505号室,3DK,52,5,57900,3500,2か月,['近居割'],随時,https://www.ur-net.go.jp/chintai/kanto/tokyo/20_2270_room.html?JKSS=000060505,<li>JR青梅線「羽村」駅 徒歩17～20分 またはバス4分 徒歩1～5分</li><li>JR青梅線「福生」駅 徒歩37～41分</li>
tokyo,tachikawa,羽村,61400,JR青梅線「福生」駅,37.0,41.0,,,,羽村市富士見平1-18ほか,6号棟,鉄筋コンクリート造,5,N,505号室,3DK,52,5,57900,3500,2か月,['近居割'],随時,https://www.ur-net.go.jp/chintai/kanto/tokyo/20_2270_room.html?JKSS=000060505,<li>JR青梅線「羽村」駅 徒歩17～20分 またはバス4分 徒歩1～5分</li><li>JR青梅線「福生」駅 徒歩37～41分</li>
tokyo,tachikawa,羽村,61400,,,,,,,羽村市富士見平1-18ほか,6号棟,鉄筋コンクリート造,5,N,505号室,3DK,52,5,57900,3500,2か月,['近居割'],随時,https://www.ur-net.go.jp/chintai/kanto/tokyo/20_2270_room.html?JKSS=000060505,<li>JR青梅線「羽村」駅 徒歩17～20分 またはバス4分 徒歩1～5分</li><li>JR青梅線「福生」駅 徒歩37～41分</li>
kanagawa,shinyurigaoka,虹ヶ丘,71100,,,,東急田園都市線「あざみ野」駅,12.0,17.0,川崎市麻生区虹ケ丘2-2ほか,2-10号棟,鉄筋コンクリート造、鉄骨鉄筋コンクリート造,2,N,203号室,1K,35,8,67300,3800,2か月,"['近居割', '近居割WIDE']",随時,https://www.ur-net.go.jp/chintai/kanto/kanagawa/40_1710_room.html?JKSS=002100203,<li>東急田園都市線「あざみ野」駅バス10分　徒歩2～7分</li><li>東急田園都市線「たまプラーザ」駅バス12分　徒歩2～7分</li><li>小田急小田原線「新百合ヶ丘」駅バス16分　徒歩3～8分</li>
kanagawa,shinyurigaoka,虹ヶ丘,71100,,,,東急田園都市線「たまプラーザ」駅,14.0,19.0,川崎市麻生区虹ケ丘2-2ほか,2-10号棟,鉄筋コンクリート造、鉄骨鉄筋コンクリート造,2,N,203号室,1K,35,8,67300,3800,2か月,"['近居割', '近居割WIDE']",随時,https://www.ur-net.go.jp/chintai/kanto/kanagawa/40_1710_room.html?JKSS=002100203,<li>東急田園都市線「あざみ野」駅バス10分　徒歩2～7分</li><li>東急田園都市線「たまプラーザ」駅バス12分　徒歩2～7分</li><li>小田急小田原線「新百合ヶ丘」駅バス16分　徒歩3～8分</li>
kanagawa,shinyurigaoka,虹ヶ丘,71100,,,,小田急小田原線「新百合ヶ丘」駅,19.0,24.0,川崎市麻生区虹ケ丘2-2ほか,2-10号棟,鉄筋コンクリート造、鉄骨鉄筋コンクリート造,2,N,203号室,1K,35,8,67300,3800,2か月,"['近居割', '近居割WIDE']",随時,https://www.ur-net.go.jp/chintai/kanto/kanagawa/40_1710_room.html?JKSS=002100203,<li>東急田園都市線「あざみ野」駅バス10分　徒歩2～7分</li><li>東急田園都市線「たまプラーザ」駅バス12分　徒歩2～7分</li><li>小田急小田原線「新百合ヶ丘」駅バス16分　徒歩3～8分</li>
kanagawa,shinyurigaoka,虹ヶ丘,71100,,,,,,,川崎市麻生区虹ケ丘2-2ほか,2-10号棟,鉄筋コンクリート造、鉄骨鉄筋コンクリート造,2,N,203号室,1K,35,8,67300,3800,2か月,"['近居割', '近居割WIDE']",随時,https://www.ur-net.go.jp/chintai/kanto/kanagawa/40_1710_room.html?JKSS=002100203,<li>東急田園都市線「あざみ野」駅バス10分　徒歩2～7分</li><li>東急田園都市線「たまプラーザ」駅バス12分　徒歩2～7分</li><li>小田急小田原線「新百合ヶ丘」駅バス16分　徒歩3～8分</li>
kanagawa,shinyurigaoka,虹ヶ丘,98400,,,,東急田園都市線「あざみ野」駅,12.0,17.0,川崎市麻生区虹ケ丘2-2ほか,3-17号棟,鉄筋コンクリート造、鉄骨鉄筋コンクリート造,5,N,502号室,1LDK,53,11,94600,3800,2か月,['URライト（4年定借）'],随時,https://www.ur-net.go.jp/chintai/kanto/kanagawa/40_1710_room.html?JKSS=003170502,<li>東急田園都市線「あざみ野」駅バス10分　徒歩2～7分</li><li>東急田園都市線「たまプラーザ」駅バス12分　徒歩2～7分</li><li>小田急小田原線「新百合ヶ丘」駅バス16分　徒歩3～8分</li>
kanagawa,shinyurigaoka,虹ヶ丘,98400,,,,東急田園都市線「たまプラーザ」駅,14.0,19.0,川崎市麻生区虹ケ丘2-2ほか,3-17号棟,鉄筋コンクリート造、鉄骨鉄筋コンクリート造,5,N,502号室,1LDK,53,11,94600,3800,2か月,['URライト（4年定借）'],随時,https://www.ur-net.go.jp/chintai/kanto/kanagawa/40_1710_room.html?JKSS=003170502,<li>東急田園都市線「あざみ野」駅バス10分　徒歩2～7分</li><li>東急田園都市線「たまプラーザ」駅バス12分　徒歩2～7分</li><li>小田急小田原線「新百合ヶ丘」駅バス16分　徒歩3～8分</li>
kanagawa,shinyurigaoka,虹ヶ丘,98400,,,,小田急小田原線「新百合ヶ丘」駅,19.0,24.0,川崎市麻生区虹ケ丘2-2ほか,3-17号棟,鉄筋コンクリート造、鉄骨鉄筋コンクリート造,5,N,502号室,1LDK,53,11,94600,3800,2か月,['URライト（4年定借）'],随時,https://www.ur-net.go.jp/chintai/kanto/kanagawa/40_1710_room.html?JKSS=003170502,<li>東急田園都市線「あざみ野」駅バス10分　徒歩2～7分</li><li>東急田園都市線「たまプラーザ」駅バス12分　徒歩2～7分</li><li>小田急小田原線「新百合ヶ丘」駅バス16分　徒歩3～8分</li>
kanagawa,shinyurigaoka,虹ヶ丘,98400,,,,,,,川崎市麻生区虹ケ丘2-2ほか,3-17号棟,鉄筋コンクリート造、鉄骨鉄筋コンクリート造,5,N,502号室,1LDK,53,11,94600,3800,2か月,['URライト（4年定借）'],随時,https://www.ur-net.go.jp/chintai/kanto/kanagawa/40_1710_room.html?JKSS=003170502,<li>東急田園都市線「あざみ野」駅バス10分　徒歩2～7分</li><li>東急田園都市線「たまプラーザ」駅バス12分　徒歩2～7分</li><li>小田急小田原線「新百合ヶ丘」駅バス16分　徒歩3～8分</li>
kanagawa,shinyurigaoka,虹ヶ丘,99000,,,,東急田園都市線「あざみ野」駅,12.0,17.0,川崎市麻生区虹ケ丘2-2ほか,3-18号棟,鉄筋コンクリート造、鉄骨鉄筋コンクリート造,9,N,903号室,1LDK,53,11,95200,3800,2か月,['URライト（4年定借）'],随時,https://www.ur-net.go.jp/chintai/kanto/kanagawa/40_1710_room.html?JKSS=003180903,<li>東急田園都市線「あざみ野」駅バス10分　徒歩2～7分</li><li>東急田園都市線「たまプラーザ」駅バス12分　徒歩2～7分</li><li>小田急小田原線「新百合ヶ丘」駅バス16分　徒歩3～8分</li>
kanagawa,shinyurigaoka,虹ヶ丘,99000,,,,東急田園都市線「たまプラーザ」駅,14.0,19.0,川崎市麻生区虹ケ丘2-2ほか,3-18号棟,鉄筋コンクリート造、鉄骨鉄筋コンクリート造,9,N,903号室,1LDK,53,11,95200,3800,2か月,['URライト（4年定借）'],随時,https://www.ur-net.go.jp/chintai/kanto/kanagawa/40_1710_room.html?JKSS=003180903,<li>東急田園都市線「あざみ野」駅バス10分　徒歩2～7分</li><li>東急田園都市線「たまプラーザ」駅バス12分　徒歩2～7分</li><li>小田急小田原線「新百合ヶ丘」駅バス16分　徒歩3～8分</li>
kanagawa,shinyurigaoka,虹ヶ丘,99000,,,,小田急小田原線「新百合ヶ丘」駅,19.0,24.0,川崎市麻生区虹ケ丘2-2ほか,3-18号棟,鉄筋コンクリート造、鉄骨鉄筋コンクリート造,9,N,903号室,1LDK,53,11,95200,3800,2か月,['URライト（4年定借）'],随時,https://www.ur-net.go.jp/chintai/kanto/kanagawa/40_1710_room.html?JKSS=003180903,<li>東急田園都市線「あざみ野」駅バス10分　徒歩2～7分</li><li>東急田園都市線「たまプラーザ」駅バス12分　徒歩2～7分</li><li>小田急小田原線「新百合ヶ丘」駅バス16分　徒歩3～8分</li>
kanagawa,shinyurigaoka,虹ヶ丘,99000,,,,,,,川崎市麻生区虹ケ丘2-2ほか,3-18号棟,鉄筋コンクリート造、鉄骨鉄筋コンクリート造,9,N,903号室,1LDK,53,11,95200,3800,2か月,['URライト（4年定借）'],随時,https://www.ur-net.go.jp/chintai/kanto/kanagawa/40_1710_room.html?JKSS=003180903,<li>東急田園都市線「あざみ野」駅バス10分　徒歩2～7分</li><li>東急田園都市線「たまプラーザ」駅バス12分　徒歩2～7分</li><li>小田急小田原線「新百合ヶ丘」駅バス16分　徒歩3～8分</li>
kanagawa,shinyurigaoka,虹ヶ丘,99000,,,,東急田園都市線「あざみ野」駅,12.0,17.0,川崎市麻生区虹ケ丘2-2ほか,3-18号棟,鉄筋コンクリート造、鉄骨鉄筋コンクリート造,10,N,1002号室,1LDK,53,11,95200,3800,2か月,['URライト（4年定借）'],随時,https://www.ur-net.go.jp/chintai/kanto/kanagawa/40_1710_room.html?JKSS=003181002,<li>東急田園都市線「あざみ野」駅バス10分　徒歩2～7分</li><li>東急田園都市線「たまプラーザ」駅バス12分　徒歩2～7分</li><li>小田急小田原線「新百合ヶ丘」駅バス16分　徒歩3～8分</li>
kanagawa,shinyurigaoka,虹ヶ丘,99000,,,,東急田園都市線「たまプラーザ」駅,14.0,19.0,川崎市麻生区虹ケ丘2-2ほか,3-18号棟,鉄筋コンクリート造、鉄骨鉄筋コンクリート造,10,N,1002号室,1LDK,53,11,95200,3800,2か月,['URライト（4年定借）'],随時,https://www.ur-net.go.jp/chintai/kanto/kanagawa/40_1710_room.html?JKSS=003181002,<li>東急田園都市線「あざみ野」駅バス10分　徒歩2～7分</li><li>東急田園都市線「たまプラーザ」駅バス12分　徒歩2～7分</li><li>小田急小田原線「新百合ヶ丘」駅バス16分　徒歩3～8分</li>
kanagawa,shinyurigaoka,虹ヶ丘,99000,,,,小田急小田原線「新百合ヶ丘」駅,19.0,24.0,川崎市麻生区虹ケ丘2-2ほか,3-18号棟,鉄筋コンクリート造、鉄骨鉄筋コンクリート造,10,N,1002号室,1LDK,53,11,95200,3800,2か月,['URライト（4年定借）'],随時,https://www.ur-net.go.jp/chintai/kanto/kanagawa/40_1710_room.html?JKSS=003181002,<li>東急田園都市線「あざみ野」駅バス10分　徒歩2～7分</li><li>東急田園都市線「たまプラーザ」駅バス12分　徒歩2～7分</li><li>小田急小田原線「新百合ヶ丘」駅バス16分　徒歩3～8分</li>
kanagawa,shinyurigaoka,虹ヶ丘,99000,,,,,,,川崎市麻生区虹ケ丘2-2ほか,3-18号棟,鉄筋コンクリート造、鉄骨鉄筋コンクリート造,10,N,1002号室,1LDK,53,11,95200,3800,2か月,['URライト（4年定借）'],随時,https://www.ur-net.go.jp/chintai/kanto/kanagawa/40_1710_room.html?JKSS=003181002,<li>東急田園都市線「あざみ野」駅バス10分　徒歩2～7分</li><li>東急田園都市線「たまプラーザ」駅バス12分　徒歩2～7分</li><li>小田急小田原線「新百合ヶ丘」駅バス16分　徒歩3～8分</li>
kanagawa,shinyurigaoka,虹ヶ丘,101700,,,,東急田園都市線「あざみ野」駅,12.0,17.0,川崎市麻生区虹ケ丘2-2ほか,2-4号棟,鉄筋コンクリート造、鉄骨鉄筋コンクリート造,3,N,306号室,3DK,53,5,97900,3800,2か月,['URライト（4年定借）'],随時,https://www.ur-net.go.jp/chintai/kanto/kanagawa/40_1710_room.html?JKSS=002040306,<li>東急田園都市線「あざみ野」駅バス10分　徒歩2～7分</li><li>東急田園都市線「たまプラーザ」駅バス12分　徒歩2～7分</li><li>小田急小田原線「新百合ヶ丘」駅バス16分　徒歩3～8分</li>
kanagawa,shinyurigaoka,虹ヶ丘,101700,,,,東急田園都市線「たまプラーザ」駅,14.0,19.0,川崎市麻生区虹ケ丘2-2ほか,2-4号棟,鉄筋コンクリート造、鉄骨鉄筋コンクリート造,3,N,306号室,3DK,53,5,97900,3800,2か月,['URライト（4年定借）'],随時,https://www.ur-net.go.jp/chintai/kanto/kanagawa/40_1710_room.html?JKSS=002040306,<li>東急田園都市線「あざみ野」駅バス10分　徒歩2～7分</li><li>東急田園都市線「たまプラーザ」駅バス12分　徒歩2～7分</li><li>小田急小田原線「新百合ヶ丘」駅バス16分　徒歩3～8分</li>
kanagawa,shinyurigaoka,虹ヶ丘,101700,,,,小田急小田原線「新百合ヶ丘」駅,19.0,24.0,川崎市麻生区虹ケ丘2-2ほか,2-4号棟,鉄筋コンクリート造、鉄骨鉄筋コンクリート造,3,N,306号室,3DK,53,5,97900,3800,2か月,['URライト（4年定借）'],随時,https://www.ur-net.go.jp/chintai/kanto/kanagawa/40_1710_room.html?JKSS=002040306,<li>東急田園都市線「あざみ野」駅バス10分　徒歩2～7分</li><li>東急田園都市線「たまプラーザ」駅バス12分　徒歩2～7分</li><li>小田急小田原線「新百合ヶ丘」駅バス16分　徒歩3～8分</li>
kanagawa,shinyurigaoka,虹ヶ丘,101700,,,,,,,川崎市麻生区虹ケ丘2-2ほか,2-4号棟,鉄筋コンクリート造、鉄骨鉄筋コンクリート造,3,N,306号室,3DK,53,5,97900,3800,2か月,['URライト（4年定借）'],随時,https://www.ur-net.go.jp/chintai/kanto/kanagawa/40_1710_room.html?JKSS=002040306,<li>東急田園都市線「あざみ野」駅バス10分　徒歩2～7分</li><li>東急田園都市線「たまプラーザ」駅バス12分　徒歩2～7分</li><li>小田急小田原線「新百合ヶ丘」駅バス16分　徒歩3～8分</li>
kanagawa,shinyurigaoka,サンラフレ百合ヶ丘,189300,小田急小田原線「百合ヶ丘」駅,3.0,10.0,,,,川崎市麻生区百合丘1-16ほか,11号棟,鉄筋コンクリート造,3,N,303号室,3LDK,74,9,184900,4400,2か月,"['近居割', '近居割WIDE']",随時,https://www.ur-net.go.jp/chintai/kanto/kanagawa/40_3500_room.html?JKSS=000110303,<li>小田急小田原線「百合ヶ丘」駅 徒歩3～10分</li><li>小田急小田原線「新百合ヶ丘」駅 徒歩10～17分</li><li>東急田園都市線「あざみ野」駅バス41分 徒歩2～5分</li>
kanagawa,shinyurigaoka,サンラフレ百合ヶ丘,189300,小田急小田原線「新百合ヶ丘」駅,10.0,17.0,,,,川崎市麻生区百合丘1-16ほか,11号棟,鉄筋コンクリート造,3,N,303号室,3LDK,74,9,184900,4400,2か月,"['近居割', '近居割WIDE']",随時,https://www.ur-net.go.jp/chintai/kanto/kanagawa/40_3500_room.html?JKSS=000110303,<li>小田急小田原線「百合ヶ丘」駅 徒歩3～10分</li><li>小田急小田原線「新百合ヶ丘」駅 徒歩10～17分</li><li>東急田園都市線「あざみ野」駅バス41分 徒歩2～5分</li>
kanagawa,shinyurigaoka,サンラフレ百合ヶ丘,189300,,,,東急田園都市線「あざみ野」駅,43.0,46.0,川崎市麻生区百合丘1-16ほか,11号棟,鉄筋コンクリート造,3,N,303号室,3LDK,74,9,184900,4400,2か月,"['近居割', '近居割WIDE']",随時,https://www.ur-net.go.jp/chintai/kanto/kanagawa/40_3500_room.html?JKSS=000110303,<li>小田急小田原線「百合ヶ丘」駅 徒歩3～10分</li><li>小田急小田原線「新百合ヶ丘」駅 徒歩10～17分</li><li>東急田園都市線「あざみ野」駅バス41分 徒歩2～5分</li>
kanagawa,shinyurigaoka,サンラフレ百合ヶ丘,189300,,,,,,,川崎市麻生区百合丘1-16ほか,11号棟,鉄筋コンクリート造,3,N,303号室,3LDK,74,9,184900,4400,2か月,"['近居割', '近居割WIDE']",随時,https://www.ur-net.go.jp/chintai/kanto/kanagawa/40_3500_room.html?JKSS=000110303,<li>小田急小田原線「百合ヶ丘」駅 徒歩3～10分</li><li>小田急小田原線「新百合ヶ丘」駅 徒歩10～17分</li><li>東急田園都市線「あざみ野」駅バス41分 徒歩2～5分</li>
kanagawa,hiyoshi,シティコート元住吉,152700,東急東横線「元住吉」駅,17.0,18.0,,,,川崎市中原区木月4-49-1ほか,1号棟,鉄筋コンクリート造,3,N,305号室,2LDK,65,5,150400,2300,2か月,['近居割'],随時,https://www.ur-net.go.jp/chintai/kanto/kanagawa/40_3410_room.html?JKSS=000010305,<li>東急東横線「元住吉」駅 徒歩17～18分</li><li>東急東横線「日吉」駅 徒歩18分</li><li>JR南武線「平間」駅 徒歩21分</li>
kanagawa,hiyoshi,シティコート元住吉,152700,東急東横線「日吉」駅,18.0,18.0,,,,川崎市中原区木月4-49-1ほか,1号棟,鉄筋コンクリート造,3,N,305号室,2LDK,65,5,150400,2300,2か月,['近居割'],随時,https://www.ur-net.go.jp/chintai/kanto/kanagawa/40_3410_room.html?JKSS=000010305,<li>東急東横線「元住吉」駅 徒歩17～18分</li><li>東急東横線「日吉」駅 徒歩18分</li><li>JR南武線「平間」駅 徒歩21分</li>
kanagawa,hiyoshi,シティコート元住吉,152700,JR南武線「平間」駅,21.0,21.0,,,,川崎市中原区木月4-49-1ほか,1号棟,鉄筋コンクリート造,3,N,305号室,2LDK,65,5,150400,2300,2か月,['近居割'],随時,https://www.ur-net.go.jp/chintai/kanto/kanagawa/40_3410_room.html?JKSS=000010305,<li>東急東横線「元住吉」駅 徒歩17～18分</li><li>東急東横線「日吉」駅 徒歩18分</li><li>JR南武線「平間」駅 徒歩21分</li>
kanagawa,hiyoshi,シティコート元住吉,152700,,,,,,,川崎市中原区木月4-49-1ほか,1号棟,鉄筋コンクリート造,3,N,305号室,2LDK,65,5,150400,2300,2か月,['近居割'],随時,https://www.ur-net.go.jp/chintai/kanto/kanagawa/40_3410_room.html?JKSS=000010305,<li>東急東横線「元住吉」駅 徒歩17～18分</li><li>東急東横線「日吉」駅 徒歩18分</li><li>JR南武線「平間」駅 徒歩21分</li>
kanagawa,shinyurigaoka,アーバンハイツ菅生ヶ丘,109600,,,,小田急小田原線「生田」駅,15.0,15.0,川崎市宮前区菅生ケ丘34-1ほか,,鉄筋コンクリート造,4,N,401号室,1LDK,61,6,102200,7400,2か月,['近居割'],随時,https://www.ur-net.go.jp/chintai/kanto/kanagawa/40_3220_room.html?JKSS=000000401,<li>小田急小田原線「生田」駅バス11分 徒歩4分</li><li>東急田園都市線「溝の口」駅バス21分 徒歩4分</li>
kanagawa,shinyurigaoka,アーバンハイツ菅生ヶ丘,109600,,,,東急田園都市線「溝の口」駅,25.0,25.0,川崎市宮前区菅生ケ丘34-1ほか,,鉄筋コンクリート造,4,N,401号室,1LDK,61,6,102200,7400,2か月,['近居割'],随時,https://www.ur-net.go.jp/chintai/kanto/kanagawa/40_3220_room.html?JKSS=000000401,<li>小田急小田原線「生田」駅バス11分 徒歩4分</li><li>東急田園都市線「溝の口」駅バス21分 徒歩4分</li>
kanagawa,shinyurigaoka,アーバンハイツ菅生ヶ丘,109600,,,,,,,川崎市宮前区菅生ケ丘34-1ほか,,鉄筋コンクリート造,4,N,401号室,1LDK,61,6,102200,7400,2か月,['近居割'],随時,https://www.ur-net.go.jp/chintai/kanto/kanagawa/40_3220_room.html?JKSS=000000401,<li>小田急小田原線「生田」駅バス11分 徒歩4分</li><li>東急田園都市線「溝の口」駅バス21分 徒歩4分</li>
kanagawa,shinyurigaoka,アーバンハイツ菅生ヶ丘,122700,,,,小田急小田原線「生田」駅,15.0,15.0,川崎市宮前区菅生ケ丘34-1ほか,,鉄筋コンクリート造,3,N,306号室,3DK,76,6,115300,7400,2か月,['近居割'],随時,https://www.ur-net.go.jp/chintai/kanto/kanagawa/40_3220_room.html?JKSS=000000306,<li>小田急小田原線「生田」駅バス11分 徒歩4分</li><li>東急田園都市線「溝の口」駅バス21分 徒歩4分</li>
kanagawa,shinyurigaoka,アーバンハイツ菅生ヶ丘,122700,,,,東急田園都市線「溝の口」駅,25.0,25.0,川崎市宮前区菅生ケ丘34-1ほか,,鉄筋コンクリート造,3,N,306号室,3DK,76,6,115300,7400,2か月,['近居割'],随時,https://www.ur-net.go.jp/chintai/kanto/kanagawa/40_3220_room.html?JKSS=000000306,<li>小田急小田原線「生田」駅バス11分 徒歩4分</li><li>東急田園都市線「溝の口」駅バス21分 徒歩4分</li>
kanagawa,shinyurigaoka,アーバンハイツ菅生ヶ丘,122700,,,,,,,川崎市宮前区菅生ケ丘34-1ほか,,鉄筋コンクリート造,3,N,306号室,3DK,76,6,115300,7400,2か月,['近居割'],随時,https://www.ur-net.go.jp/chintai/kanto/kanagawa/40_3220_room.html?JKSS=000000306,<li>小田急小田原線「生田」駅バス11分 徒歩4分</li><li>東急田園都市線「溝の口」駅バス21分 徒歩4分</li>
kanagawa,shinyurigaoka,コンフォール生田菅生ヶ丘,156100,,,,小田急小田原線「生田」駅,17.0,18.0,川崎市宮前区菅生ケ丘24,3号棟,鉄筋コンクリート造,2,N,201号室,4LDK,92,3,145300,10800,2か月,['近居割'],随時,https://www.ur-net.go.jp/chintai/kanto/kanagawa/40_3700_room.html?JKSS=000030201,<li>小田急小田原線「生田」駅バス11分 徒歩6～7分</li><li>東急田園都市線「溝の口」駅バス21分 徒歩3～4分</li><li>東急田園都市線「たまプラーザ」駅バス9分 徒歩7～8分</li>
kanagawa,shinyurigaoka,コンフォール生田菅生ヶ丘,156100,,,,東急田園都市線「溝の口」駅,24.0,25.0,川崎市宮前区菅生ケ丘24,3号棟,鉄筋コンクリート造,2,N,201号室,4LDK,92,3,145300,10800,2か月,['近居割'],随時,https://www.ur-net.go.jp/chintai/kanto/kanagawa/40_3700_room.html?JKSS=000030201,<li>小田急小田原線「生田」駅バス11分 徒歩6～7分</li><li>東急田園都市線「溝の口」駅バス21分 徒歩3～4分</li><li>東急田園都市線「たまプラーザ」駅バス9分 徒歩7～8分</li>
kanagawa,shinyurigaoka,コンフォール生田菅生ヶ丘,156100,,,,東急田園都市線「たまプラーザ」駅,16.0,17.0,川崎市宮前区菅生ケ丘24,3号棟,鉄筋コンクリート造,2,N,201号室,4LDK,92,3,145300,10800,2か月,['近居割'],随時,https://www.ur-net.go.jp/chintai/kanto/kanagawa/40_3700_room.html?JKSS=000030201,<li>小田急小田原線「生田」駅バス11分 徒歩6～7分</li><li>東急田園都市線「溝の口」駅バス21分 徒歩3～4分</li><li>東急田園都市線「たまプラーザ」駅バス9分 徒歩7～8分</li>
kanagawa,shinyurigaoka,コンフォール生田菅生ヶ丘,156100,,,,,,,川崎市宮前区菅生ケ丘24,3号棟,鉄筋コンクリート造,2,N,201号室,4LDK,92,3,145300,10800,2か月,['近居割'],随時,https://www.ur-net.go.jp/chintai/kanto/kanagawa/40_3700_room.html?JKSS=000030201,<li>小田急小田原線「生田」駅バス11分 徒歩6～7分</li><li>東急田園都市線「溝の口」駅バス21分 徒歩3～4分</li><li>東急田園都市線「たまプラーザ」駅バス9分 徒歩7～8分</li>
kanagawa,hiyoshi,サンヴァリエ日吉,116000,東急東横線「日吉」駅,19.0,23.0,東急東横線「日吉」駅,15.0,18.0,横浜市港北区下田町4-1ほか,6号棟,鉄筋コンクリート造,2,N,204号室,1LDK,45,11,111600,4400,2か月,['近居割'],随時,https://www.ur-net.go.jp/chintai/kanto/kanagawa/40_3290_room.html?JKSS=000060204,<li>東急東横線「日吉」駅 徒歩19～23分</li><li>東急東横線「日吉」駅バス14分 徒歩1～4分</li><li>横浜市営地下鉄グリーンライン「日吉本町」駅 徒歩13～16分</li>
kanagawa,hiyoshi,サンヴァリエ日吉,116000,横浜市営地下鉄グリーンライン「日吉本町」駅,13.0,16.0,,,,横浜市港北区下田町4-1ほか,6号棟,鉄筋コンクリート造,2,N,204号室,1LDK,45,11,111600,4400,2か月,['近居割'],随時,https://www.ur-net.go.jp/chintai/kanto/kanagawa/40_3290_room.html?JKSS=000060204,<li>東急東横線「日吉」駅 徒歩19～23分</li><li>東急東横線「日吉」駅バス14分 徒歩1～4分</li><li>横浜市営地下鉄グリーンライン「日吉本町」駅 徒歩13～16分</li>
kanagawa,hiyoshi,サンヴァリエ日吉,116000,,,,,,,横浜市港北区下田町4-1ほか,6号棟,鉄筋コンクリート造,2,N,204号室,1LDK,45,11,111600,4400,2か月,['近居割'],随時,https://www.ur-net.go.jp/chintai/kanto/kanagawa/40_3290_room.html?JKSS=000060204,<li>東急東横線「日吉」駅 徒歩19～23分</li><li>東急東横線「日吉」駅バス14分 徒歩1～4分</li><li>横浜市営地下鉄グリーンライン「日吉本町」駅 徒歩13～16分</li>
kanagawa,hiyoshi,サンヴァリエ日吉,169100,東急東横線「日吉」駅,19.0,23.0,東急東横線「日吉」駅,15.0,18.0,横浜市港北区下田町4-1ほか,12号棟,鉄筋コンクリート造,7,N,716号室,3DK,68,8,164700,4400,2か月,['近居割'],随時,https://www.ur-net.go.jp/chintai/kanto/kanagawa/40_3290_room.html?JKSS=000120716,<li>東急東横線「日吉」駅 徒歩19～23分</li><li>東急東横線「日吉」駅バス14分 徒歩1～4分</li><li>横浜市営地下鉄グリーンライン「日吉本町」駅 徒歩13～16分</li>
kanagawa,hiyoshi,サンヴァリエ日吉,169100,横浜市営地下鉄グリーンライン「日吉本町」駅,13.0,16.0,,,,横浜市港北区下田町4-1ほか,12号棟,鉄筋コンクリート造,7,N,716号室,3DK,68,8,164700,4400,2か月,['近居割'],随時,https://www.ur-net.go.jp/chintai/kanto/kanagawa/40_3290_room.html?JKSS=000120716,<li>東急東横線「日吉」駅 徒歩19～23分</li><li>東急東横線「日吉」駅バス14分 徒歩1～4分</li><li>横浜市営地下鉄グリーンライン「日吉本町」駅 徒歩13～16分</li>
kanagawa,hiyoshi,サンヴァリエ日吉,169100,,,,,,,横浜市港北区下田町4-1ほか,12号棟,鉄筋コンクリート造,7,N,716号室,3DK,68,8,164700,4400,2か月,['近居割'],随時,https://www.ur-net.go.jp/chintai/kanto/kanagawa/40_3290_room.html?JKSS=000120716,<li>東急東横線「日吉」駅 徒歩19～23分</li><li>東急東横線「日吉」駅バス14分 徒歩1～4分</li><li>横浜市営地下鉄グリーンライン「日吉本町」駅 徒歩13～16分</li>
kanagawa,hiyoshi,サンヴァリエ日吉,178100,東急東横線「日吉」駅,19.0,23.0,東急東横線「日吉」駅,15.0,18.0,横浜市港北区下田町4-1ほか,2号棟,鉄筋コンクリート造,3,N,308号室,3LDK,71,5,173700,4400,2か月,['近居割'],随時,https://www.ur-net.go.jp/chintai/kanto/kanagawa/40_3290_room.html?JKSS=000020308,<li>東急東横線「日吉」駅 徒歩19～23分</li><li>東急東横線「日吉」駅バス14分 徒歩1～4分</li><li>横浜市営地下鉄グリーンライン「日吉本町」駅 徒歩13～16分</li>
kanagawa,hiyoshi,サンヴァリエ日吉,178100,横浜市営地下鉄グリーンライン「日吉本町」駅,13.0,16.0,,,,横浜市港北区下田町4-1ほか,2号棟,鉄筋コンクリート造,3,N,308号室,3LDK,71,5,173700,4400,2か月,['近居割'],随時,https://www.ur-net.go.jp/chintai/kanto/kanagawa/40_3290_room.html?JKSS=000020308,<li>東急東横線「日吉」駅 徒歩19～23分</li><li>東急東横線「日吉」駅バス14分 徒歩1～4分</li><li>横浜市営地下鉄グリーンライン「日吉本町」駅 徒歩13～16分</li>
kanagawa,hiyoshi,サンヴァリエ日吉,178100,,,,,,,横浜市港北区下田町4-1ほか,2号棟,鉄筋コンクリート造,3,N,308号室,3LDK,71,5,173700,4400,2か月,['近居割'],随時,https://www.ur-net.go.jp/chintai/kanto/kanagawa/40_3290_room.html?JKSS=000020308,<li>東急東横線「日吉」駅 徒歩19～23分</li><li>東急東横線「日吉」駅バス14分 徒歩1～4分</li><li>横浜市営地下鉄グリーンライン「日吉本町」駅 徒歩13～16分</li>
kanagawa,hiyoshi,サンヴァリエ日吉,178100,東急東横線「日吉」駅,19.0,23.0,東急東横線「日吉」駅,15.0,18.0,横浜市港北区下田町4-1ほか,2号棟,鉄筋コンクリート造,4,N,408号室,3LDK,71,5,173700,4400,2か月,['近居割'],随時,https://www.ur-net.go.jp/chintai/kanto/kanagawa/40_3290_room.html?JKSS=000020408,<li>東急東横線「日吉」駅 徒歩19～23分</li><li>東急東横線「日吉」駅バス14分 徒歩1～4分</li><li>横浜市営地下鉄グリーンライン「日吉本町」駅 徒歩13～16分</li>
kanagawa,hiyoshi,サンヴァリエ日吉,178100,横浜市営地下鉄グリーンライン「日吉本町」駅,13.0,16.0,,,,横浜市港北区下田町4-1ほか,2号棟,鉄筋コンクリート造,4,N,408号室,3LDK,71,5,173700,4400,2か月,['近居割'],随時,https://www.ur-net.go.jp/chintai/kanto/kanagawa/40_3290_room.html?JKSS=000020408,<li>東急東横線「日吉」駅 徒歩19～23分</li><li>東急東横線「日吉」駅バス14分 徒歩1～4分</li><li>横浜市営地下鉄グリーンライン「日吉本町」駅 徒歩13～16分</li>
kanagawa,hiyoshi,サンヴァリエ日吉,178100,,,,,,,横浜市港北区下田町4-1ほか,2号棟,鉄筋コンクリート造,4,N,408号室,3LDK,71,5,173700,4400,2か月,['近居割'],随時,https://www.ur-net.go.jp/chintai/kanto/kanagawa/40_3290_room.html?JKSS=000020408,<li>東急東横線「日吉」駅 徒歩19～23分</li><li>東急東横線「日吉」駅バス14分 徒歩1～4分</li><li>横浜市営地下鉄グリーンライン「日吉本町」駅 徒歩13～16分</li>
kanagawa,kohoku,十日市場ヒルタウン　コンフォール十日市場六番街,149800,JR横浜線「十日市場」駅,7.0,8.0,,,,横浜市緑区十日市場町1358-48,6-1号棟,鉄筋コンクリート造,4,N,404号室,3DK,65,5,141300,8500,2か月,['近居割'],随時,https://www.ur-net.go.jp/chintai/kanto/kanagawa/40_3930_room.html?JKSS=006010404,<li>JR横浜線「十日市場」駅 徒歩7～8分</li><li>東急田園都市線「青葉台」駅バス12分 徒歩7～8分</li><li>JR横浜線「中山」駅バス10分 徒歩3～4分</li>
kanagawa,kohoku,十日市場ヒルタウン　コンフォール十日市場六番街,149800,,,,東急田園都市線「青葉台」駅,19.0,20.0,横浜市緑区十日市場町1358-48,6-1号棟,鉄筋コンクリート造,4,N,404号室,3DK,65,5,141300,8500,2か月,['近居割'],随時,https://www.ur-net.go.jp/chintai/kanto/kanagawa/40_3930_room.html?JKSS=006010404,<li>JR横浜線「十日市場」駅 徒歩7～8分</li><li>東急田園都市線「青葉台」駅バス12分 徒歩7～8分</li><li>JR横浜線「中山」駅バス10分 徒歩3～4分</li>
kanagawa,kohoku,十日市場ヒルタウン　コンフォール十日市場六番街,149800,,,,JR横浜線「中山」駅,13.0,14.0,横浜市緑区十日市場町1358-48,6-1号棟,鉄筋コンクリート造,4,N,404号室,3DK,65,5,141300,8500,2か月,['近居割'],随時,https://www.ur-net.go.jp/chintai/kanto/kanagawa/40_3930_room.html?JKSS=006010404,<li>JR横浜線「十日市場」駅 徒歩7～8分</li><li>東急田園都市線「青葉台」駅バス12分 徒歩7～8分</li><li>JR横浜線「中山」駅バス10分 徒歩3～4分</li>
kanagawa,kohoku,十日市場ヒルタウン　コンフォール十日市場六番街,149800,,,,,,,横浜市緑区十日市場町1358-48,6-1号棟,鉄筋コンクリート造,4,N,404号室,3DK,65,5,141300,8500,2か月,['近居割'],随時,https://www.ur-net.go.jp/chintai/kanto/kanagawa/40_3930_room.html?JKSS=006010404,<li>JR横浜線「十日市場」駅 徒歩7～8分</li><li>東急田園都市線「青葉台」駅バス12分 徒歩7～8分</li><li>JR横浜線「中山」駅バス10分 徒歩3～4分</li>
kanagawa,shinyurigaoka,奈良北,63300,,,,小田急小田原線「鶴川」駅,15.0,20.0,横浜市青葉区奈良町2913,2号棟,鉄筋コンクリート造、鉄骨鉄筋コンクリート造,11,N,1102号室,1K,34,11,60400,2900,2か月,"['近居割', '近居割WIDE']",随時,https://www.ur-net.go.jp/chintai/kanto/kanagawa/40_1410_room.html?JKSS=000021102,<li>小田急小田原線「鶴川」駅バス13分 徒歩2～7分</li><li>小田急小田原線「玉川学園前」駅 徒歩15～21分</li><li>東急田園都市線「青葉台」駅バス16～17分 徒歩1～7分</li>
kanagawa,shinyurigaoka,奈良北,63300,小田急小田原線「玉川学園前」駅,15.0,21.0,,,,横浜市青葉区奈良町2913,2号棟,鉄筋コンクリート造、鉄骨鉄筋コンクリート造,11,N,1102号室,1K,34,11,60400,2900,2か月,"['近居割', '近居割WIDE']",随時,https://www.ur-net.go.jp/chintai/kanto/kanagawa/40_1410_room.html?JKSS=000021102,<li>小田急小田原線「鶴川」駅バス13分 徒歩2～7分</li><li>小田急小田原線「玉川学園前」駅 徒歩15～21分</li><li>東急田園都市線「青葉台」駅バス16～17分 徒歩1～7分</li>
kanagawa,shinyurigaoka,奈良北,63300,,,,東急田園都市線「青葉台」駅,17.0,24.0,横浜市青葉区奈良町2913,2号棟,鉄筋コンクリート造、鉄骨鉄筋コンクリート造,11,N,1102号室,1K,34,11,60400,2900,2か月,"['近居割', '近居割WIDE']",随時,https://www.ur-net.go.jp/chintai/kanto/kanagawa/40_1410_room.html?JKSS=000021102,<li>小田急小田原線「鶴川」駅バス13分 徒歩2～7分</li><li>小田急小田原線「玉川学園前」駅 徒歩15～21分</li><li>東急田園都市線「青葉台」駅バス16～17分 徒歩1～7分</li>
kanagawa,shinyurigaoka,奈良北,63300,,,,,,,横浜市青葉区奈良町2913,2号棟,鉄筋コンクリート造、鉄骨鉄筋コンクリート造,11,N,1102号室,1K,34,11,60400,2900,2か月,"['近居割', '近居割WIDE']",随時,https://www.ur-net.go.jp/chintai/kanto/kanagawa/40_1410_room.html?JKSS=000021102,<li>小田急小田原線「鶴川」駅バス13分 徒歩2～7分</li><li>小田急小田原線「玉川学園前」駅 徒歩15～21分</li><li>東急田園都市線「青葉台」駅バス16～17分 徒歩1～7分</li>
kanagawa,shinyurigaoka,グリーンヒル鴨志田中央,109400,,,,東急田園都市線「青葉台」駅,10.0,11.0,横浜市青葉区鴨志田町539-3,3号棟,鉄筋コンクリート造,5,N,502号室,3DK,61,5,104300,5100,2か月,['近居割'],随時,https://www.ur-net.go.jp/chintai/kanto/kanagawa/40_2880_room.html?JKSS=000030502,<li>東急田園都市線「青葉台」駅バス8分 徒歩2～3分</li><li>小田急小田原線「柿生」駅バス13分 徒歩2～3分</li><li>東急こどもの国線「こどもの国」駅 徒歩36分</li>
kanagawa,shinyurigaoka,グリーンヒル鴨志田中央,109400,,,,小田急小田原線「柿生」駅,15.0,16.0,横浜市青葉区鴨志田町539-3,3号棟,鉄筋コンクリート造,5,N,502号室,3DK,61,5,104300,5100,2か月,['近居割'],随時,https://www.ur-net.go.jp/chintai/kanto/kanagawa/40_2880_room.html?JKSS=000030502,<li>東急田園都市線「青葉台」駅バス8分 徒歩2～3分</li><li>小田急小田原線「柿生」駅バス13分 徒歩2～3分</li><li>東急こどもの国線「こどもの国」駅 徒歩36分</li>
kanagawa,shinyurigaoka,グリーンヒル鴨志田中央,109400,東急こどもの国線「こどもの国」駅,36.0,36.0,,,,横浜市青葉区鴨志田町539-3,3号棟,鉄筋コンクリート造,5,N,502号室,3DK,61,5,104300,5100,2か月,['近居割'],随時,https://www.ur-net.go.jp/chintai/kanto/kanagawa/40_2880_room.html?JKSS=000030502,<li>東急田園都市線「青葉台」駅バス8分 徒歩2～3分</li><li>小田急小田原線「柿生」駅バス13分 徒歩2～3分</li><li>東急こどもの国線「こどもの国」駅 徒歩36分</li>
kanagawa,shinyurigaoka,グリーンヒル鴨志田中央,109400,,,,,,,横浜市青葉区鴨志田町539-3,3号棟,鉄筋コンクリート造,5,N,502号室,3DK,61,5,104300,5100,2か月,['近居割'],随時,https://www.ur-net.go.jp/chintai/kanto/kanagawa/40_2880_room.html?JKSS=000030502,<li>東急田園都市線「青葉台」駅バス8分 徒歩2～3分</li><li>小田急小田原線「柿生」駅バス13分 徒歩2～3分</li><li>東急こどもの国線「こどもの国」駅 徒歩36分</li>
kanagawa,kohoku,港北ニュータウン　コンフォールセンター南,169100,横浜市営地下鉄ブルーライン「センター南」駅,11.0,13.0,,,,横浜市都筑区茅ヶ崎東3-5,4号棟,鉄筋コンクリート造,5,N,504号室,3LDK,80,5,164000,5100,2か月,['近居割'],随時,https://www.ur-net.go.jp/chintai/kanto/kanagawa/40_3760_room.html?JKSS=000040504,<li>横浜市営地下鉄ブルーライン「センター南」駅 徒歩11～13分</li><li>横浜市営地下鉄グリーンライン「センター北」駅 徒歩22～25分</li>
kanagawa,kohoku,港北ニュータウン　コンフォールセンター南,169100,横浜市営地下鉄グリーンライン「センター北」駅,22.0,25.0,,,,横浜市都筑区茅ヶ崎東3-5,4号棟,鉄筋コンクリート造,5,N,504号室,3LDK,80,5,164000,5100,2か月,['近居割'],随時,https://www.ur-net.go.jp/chintai/kanto/kanagawa/40_3760_room.html?JKSS=000040504,<li>横浜市営地下鉄ブルーライン「センター南」駅 徒歩11～13分</li><li>横浜市営地下鉄グリーンライン「センター北」駅 徒歩22～25分</li>
kanagawa,kohoku,港北ニュータウン　コンフォールセンター南,169100,,,,,,,横浜市都筑区茅ヶ崎東3-5,4号棟,鉄筋コンクリート造,5,N,504号室,3LDK,80,5,164000,5100,2か月,['近居割'],随時,https://www.ur-net.go.jp/chintai/kanto/kanagawa/40_3760_room.html?JKSS=000040504,<li>横浜市営地下鉄ブルーライン「センター南」駅 徒歩11～13分</li><li>横浜市営地下鉄グリーンライン「センター北」駅 徒歩22～25分</li>
kanagawa,kohoku,港北ニュータウン　コンフォール城山の丘,175900,横浜市営地下鉄グリーンライン「東山田」駅,7.0,9.0,,,,横浜市都筑区東山田3-23,9号棟,鉄筋コンクリート造,5,N,509号室,4LDK,98,6,169200,6700,2か月,['フリレ１か月'],随時,https://www.ur-net.go.jp/chintai/kanto/kanagawa/40_3830_room.html?JKSS=000090509,<li>横浜市営地下鉄グリーンライン「東山田」駅 徒歩7～9分</li><li>東急田園都市線「鷺沼」駅バス17分 徒歩4～7分</li><li>横浜市営地下鉄グリーンライン「北山田」駅 徒歩13～15分</li>
kanagawa,kohoku,港北ニュータウン　コンフォール城山の丘,175900,,,,東急田園都市線「鷺沼」駅,21.0,24.0,横浜市都筑区東山田3-23,9号棟,鉄筋コンクリート造,5,N,509号室,4LDK,98,6,169200,6700,2か月,['フリレ１か月'],随時,https://www.ur-net.go.jp/chintai/kanto/kanagawa/40_3830_room.html?JKSS=000090509,<li>横浜市営地下鉄グリーンライン「東山田」駅 徒歩7～9分</li><li>東急田園都市線「鷺沼」駅バス17分 徒歩4～7分</li><li>横浜市営地下鉄グリーンライン「北山田」駅 徒歩13～15分</li>
kanagawa,kohoku,港北ニュータウン　コンフォール城山の丘,175900,横浜市営地下鉄グリーンライン「北山田」駅,13.0,15.0,,,,横浜市都筑区東山田3-23,9号棟,鉄筋コンクリート造,5,N,509号室,4LDK,98,6,169200,6700,2か月,['フリレ１か月'],随時,https://www.ur-net.go.jp/chintai/kanto/kanagawa/40_3830_room.html?JKSS=000090509,<li>横浜市営地下鉄グリーンライン「東山田」駅 徒歩7～9分</li><li>東急田園都市線「鷺沼」駅バス17分 徒歩4～7分</li><li>横浜市営地下鉄グリーンライン「北山田」駅 徒歩13～15分</li>
kanagawa,kohoku,港北ニュータウン　コンフォール城山の丘,175900,,,,,,,横浜市都筑区東山田3-23,9号棟,鉄筋コンクリート造,5,N,509号室,4LDK,98,6,169200,6700,2か月,['フリレ１か月'],随時,https://www.ur-net.go.jp/chintai/kanto/kanagawa/40_3830_room.html?JKSS=000090509,<li>横浜市営地下鉄グリーンライン「東山田」駅 徒歩7～9分</li><li>東急田園都市線「鷺沼」駅バス17分 徒歩4～7分</li><li>横浜市営地下鉄グリーンライン「北山田」駅 徒歩13～15分</li>
kanagawa,yokohamanishiguchi,ビューコート小港,124000,みなとみらい線「元町・中華街」駅,21.0,23.0,,,,横浜市中区小港町1-1-2,8号棟,鉄筋コンクリート造,1,N,105号室,2DK,49,14,118700,5300,2か月,['近居割'],随時,https://www.ur-net.go.jp/chintai/kanto/kanagawa/40_3310_room.html?JKSS=000080105,<li>みなとみらい線「元町・中華街」駅 徒歩21～23分</li><li>JR京浜東北・根岸線「桜木町」駅バス18分 徒歩3～5分</li><li>JR京浜東北・根岸線「根岸」駅バス18分 徒歩3～5分</li>
kanagawa,yokohamanishiguchi,ビューコート小港,124000,,,,JR京浜東北・根岸線「桜木町」駅,21.0,23.0,横浜市中区小港町1-1-2,8号棟,鉄筋コンクリート造,1,N,105号室,2DK,49,14,118700,5300,2か月,['近居割'],随時,https://www.ur-net.go.jp/chintai/kanto/kanagawa/40_3310_room.html?JKSS=000080105,<li>みなとみらい線「元町・中華街」駅 徒歩21～23分</li><li>JR京浜東北・根岸線「桜木町」駅バス18分 徒歩3～5分</li><li>JR京浜東北・根岸線「根岸」駅バス18分 徒歩3～5分</li>
kanagawa,yokohamanishiguchi,ビューコート小港,124000,,,,JR京浜東北・根岸線「根岸」駅,21.0,23.0,横浜市中区小港町1-1-2,8号棟,鉄筋コンクリート造,1,N,105号室,2DK,49,14,118700,5300,2か月,['近居割'],随時,https://www.ur-net.go.jp/chintai/kanto/kanagawa/40_3310_room.html?JKSS=000080105,<li>みなとみらい線「元町・中華街」駅 徒歩21～23分</li><li>JR京浜東北・根岸線「桜木町」駅バス18分 徒歩3～5分</li><li>JR京浜東北・根岸線「根岸」駅バス18分 徒歩3～5分</li>
kanagawa,yokohamanishiguchi,ビューコート小港,124000,,,,,,,横浜市中区小港町1-1-2,8号棟,鉄筋コンクリート造,1,N,105号室,2DK,49,14,118700,5300,2か月,['近居割'],随時,https://www.ur-net.go.jp/chintai/kanto/kanagawa/40_3310_room.html?JKSS=000080105,<li>みなとみらい線「元町・中華街」駅 徒歩21～23分</li><li>JR京浜東北・根岸線「桜木町」駅バス18分 徒歩3～5分</li><li>JR京浜東北・根岸線「根岸」駅バス18分 徒歩3～5分</li>
kanagawa,yokohamanishiguchi,ベイシティ本牧南,137800,,,,JR京浜東北・根岸線「根岸」駅,16.0,19.0,横浜市中区本牧原21,2号棟,鉄筋コンクリート造,6,N,608号室,1K,54,12,132800,5000,2か月,['近居割'],随時,https://www.ur-net.go.jp/chintai/kanto/kanagawa/40_3820_room.html?JKSS=000020608,<li>JR京浜東北・根岸線「根岸」駅バス13分 徒歩3～6分</li><li>みなとみらい線「元町・中華街」駅バス13分 徒歩3～6分</li><li>JR京浜東北・根岸線「桜木町」駅バス24分 徒歩3～6分</li>
kanagawa,yokohamanishiguchi,ベイシティ本牧南,137800,,,,みなとみらい線「元町・中華街」駅,16.0,19.0,横浜市中区本牧原21,2号棟,鉄筋コンクリート造,6,N,608号室,1K,54,12,132800,5000,2か月,['近居割'],随時,https://www.ur-net.go.jp/chintai/kanto/kanagawa/40_3820_room.html?JKSS=000020608,<li>JR京浜東北・根岸線「根岸」駅バス13分 徒歩3～6分</li><li>みなとみらい線「元町・中華街」駅バス13分 徒歩3～6分</li><li>JR京浜東北・根岸線「桜木町」駅バス24分 徒歩3～6分</li>
kanagawa,yokohamanishiguchi,ベイシティ本牧南,137800,,,,JR京浜東北・根岸線「桜木町」駅,27.0,30.0,横浜市中区本牧原21,2号棟,鉄筋コンクリート造,6,N,608号室,1K,54,12,132800,5000,2か月,['近居割'],随時,https://www.ur-net.go.jp/chintai/kanto/kanagawa/40_3820_room.html?JKSS=000020608,<li>JR京浜東北・根岸線「根岸」駅バス13分 徒歩3～6分</li><li>みなとみらい線「元町・中華街」駅バス13分 徒歩3～6分</li><li>JR京浜東北・根岸線「桜木町」駅バス24分 徒歩3～6分</li>
kanagawa,yokohamanishiguchi,ベイシティ本牧南,137800,,,,,,,横浜市中区本牧原21,2号棟,鉄筋コンクリート造,6,N,608号室,1K,54,12,132800,5000,2か月,['近居割'],随時,https://www.ur-net.go.jp/chintai/kanto/kanagawa/40_3820_room.html?JKSS=000020608,<li>JR京浜東北・根岸線「根岸」駅バス13分 徒歩3～6分</li><li>みなとみらい線「元町・中華街」駅バス13分 徒歩3～6分</li><li>JR京浜東北・根岸線「桜木町」駅バス24分 徒歩3～6分</li>
kanagawa,yokohamanishiguchi,ベイシティ本牧南,145600,,,,JR京浜東北・根岸線「根岸」駅,16.0,19.0,横浜市中区本牧原21,4号棟,鉄筋コンクリート造,6,N,605号室,1LDK,54,8,140600,5000,2か月,['近居割'],随時,https://www.ur-net.go.jp/chintai/kanto/kanagawa/40_3820_room.html?JKSS=000040605,<li>JR京浜東北・根岸線「根岸」駅バス13分 徒歩3～6分</li><li>みなとみらい線「元町・中華街」駅バス13分 徒歩3～6分</li><li>JR京浜東北・根岸線「桜木町」駅バス24分 徒歩3～6分</li>
kanagawa,yokohamanishiguchi,ベイシティ本牧南,145600,,,,みなとみらい線「元町・中華街」駅,16.0,19.0,横浜市中区本牧原21,4号棟,鉄筋コンクリート造,6,N,605号室,1LDK,54,8,140600,5000,2か月,['近居割'],随時,https://www.ur-net.go.jp/chintai/kanto/kanagawa/40_3820_room.html?JKSS=000040605,<li>JR京浜東北・根岸線「根岸」駅バス13分 徒歩3～6分</li><li>みなとみらい線「元町・中華街」駅バス13分 徒歩3～6分</li><li>JR京浜東北・根岸線「桜木町」駅バス24分 徒歩3～6分</li>
kanagawa,yokohamanishiguchi,ベイシティ本牧南,145600,,,,JR京浜東北・根岸線「桜木町」駅,27.0,30.0,横浜市中区本牧原21,4号棟,鉄筋コンクリート造,6,N,605号室,1LDK,54,8,140600,5000,2か月,['近居割'],随時,https://www.ur-net.go.jp/chintai/kanto/kanagawa/40_3820_room.html?JKSS=000040605,<li>JR京浜東北・根岸線「根岸」駅バス13分 徒歩3～6分</li><li>みなとみらい線「元町・中華街」駅バス13分 徒歩3～6分</li><li>JR京浜東北・根岸線「桜木町」駅バス24分 徒歩3～6分</li>
kanagawa,yokohamanishiguchi,ベイシティ本牧南,145600,,,,,,,横浜市中区本牧原21,4号棟,鉄筋コンクリート造,6,N,605号室,1LDK,54,8,140600,5000,2か月,['近居割'],随時,https://www.ur-net.go.jp/chintai/kanto/kanagawa/40_3820_room.html?JKSS=000040605,<li>JR京浜東北・根岸線「根岸」駅バス13分 徒歩3～6分</li><li>みなとみらい線「元町・中華街」駅バス13分 徒歩3～6分</li><li>JR京浜東北・根岸線「桜木町」駅バス24分 徒歩3～6分</li>
kanagawa,yokohamanishiguchi,ベイシティ本牧南,156100,,,,JR京浜東北・根岸線「根岸」駅,16.0,19.0,横浜市中区本牧原21,6号棟,鉄筋コンクリート造,10,N,1002号室,2LDK,65,12,151100,5000,2か月,['近居割'],随時,https://www.ur-net.go.jp/chintai/kanto/kanagawa/40_3820_room.html?JKSS=000061002,<li>JR京浜東北・根岸線「根岸」駅バス13分 徒歩3～6分</li><li>みなとみらい線「元町・中華街」駅バス13分 徒歩3～6分</li><li>JR京浜東北・根岸線「桜木町」駅バス24分 徒歩3～6分</li>
kanagawa,yokohamanishiguchi,ベイシティ本牧南,156100,,,,みなとみらい線「元町・中華街」駅,16.0,19.0,横浜市中区本牧原21,6号棟,鉄筋コンクリート造,10,N,1002号室,2LDK,65,12,151100,5000,2か月,['近居割'],随時,https://www.ur-net.go.jp/chintai/kanto/kanagawa/40_3820_room.html?JKSS=000061002,<li>JR京浜東北・根岸線「根岸」駅バス13分 徒歩3～6分</li><li>みなとみらい線「元町・中華街」駅バス13分 徒歩3～6分</li><li>JR京浜東北・根岸線「桜木町」駅バス24分 徒歩3～6分</li>
kanagawa,yokohamanishiguchi,ベイシティ本牧南,156100,,,,JR京浜東北・根岸線「桜木町」駅,27.0,30.0,横浜市中区本牧原21,6号棟,鉄筋コンクリート造,10,N,1002号室,2LDK,65,12,151100,5000,2か月,['近居割'],随時,https://www.ur-net.go.jp/chintai/kanto/kanagawa/40_3820_room.html?JKSS=000061002,<li>JR京浜東北・根岸線「根岸」駅バス13分 徒歩3～6分</li><li>みなとみらい線「元町・中華街」駅バス13分 徒歩3～6分</li><li>JR京浜東北・根岸線「桜木町」駅バス24分 徒歩3～6分</li>
kanagawa,yokohamanishiguchi,ベイシティ本牧南,156100,,,,,,,横浜市中区本牧原21,6号棟,鉄筋コンクリート造,10,N,1002号室,2LDK,65,12,151100,5000,2か月,['近居割'],随時,https://www.ur-net.go.jp/chintai/kanto/kanagawa/40_3820_room.html?JKSS=000061002,<li>JR京浜東北・根岸線「根岸」駅バス13分 徒歩3～6分</li><li>みなとみらい線「元町・中華街」駅バス13分 徒歩3～6分</li><li>JR京浜東北・根岸線「桜木町」駅バス24分 徒歩3～6分</li>
kanagawa,yokohamanishiguchi,ベイシティ本牧南,158700,,,,JR京浜東北・根岸線「根岸」駅,16.0,19.0,横浜市中区本牧原21,4号棟,鉄筋コンクリート造,2,N,207号室,3LDK,78,8,153700,5000,2か月,['近居割'],随時,https://www.ur-net.go.jp/chintai/kanto/kanagawa/40_3820_room.html?JKSS=000040207,<li>JR京浜東北・根岸線「根岸」駅バス13分 徒歩3～6分</li><li>みなとみらい線「元町・中華街」駅バス13分 徒歩3～6分</li><li>JR京浜東北・根岸線「桜木町」駅バス24分 徒歩3～6分</li>
kanagawa,yokohamanishiguchi,ベイシティ本牧南,158700,,,,みなとみらい線「元町・中華街」駅,16.0,19.0,横浜市中区本牧原21,4号棟,鉄筋コンクリート造,2,N,207号室,3LDK,78,8,153700,5000,2か月,['近居割'],随時,https://www.ur-net.go.jp/chintai/kanto/kanagawa/40_3820_room.html?JKSS=000040207,<li>JR京浜東北・根岸線「根岸」駅バス13分 徒歩3～6分</li><li>みなとみらい線「元町・中華街」駅バス13分 徒歩3～6分</li><li>JR京浜東北・根岸線「桜木町」駅バス24分 徒歩3～6分</li>
kanagawa,yokohamanishiguchi,ベイシティ本牧南,158700,,,,JR京浜東北・根岸線「桜木町」駅,27.0,30.0,横浜市中区本牧原21,4号棟,鉄筋コンクリート造,2,N,207号室,3LDK,78,8,153700,5000,2か月,['近居割'],随時,https://www.ur-net.go.jp/chintai/kanto/kanagawa/40_3820_room.html?JKSS=000040207,<li>JR京浜東北・根岸線「根岸」駅バス13分 徒歩3～6分</li><li>みなとみらい線「元町・中華街」駅バス13分 徒歩3～6分</li><li>JR京浜東北・根岸線「桜木町」駅バス24分 徒歩3～6分</li>
kanagawa,yokohamanishiguchi,ベイシティ本牧南,158700,,,,,,,横浜市中区本牧原21,4号棟,鉄筋コンクリート造,2,N,207号室,3LDK,78,8,153700,5000,2か月,['近居割'],随時,https://www.ur-net.go.jp/chintai/kanto/kanagawa/40_3820_room.html?JKSS=000040207,<li>JR京浜東北・根岸線「根岸」駅バス13分 徒歩3～6分</li><li>みなとみらい線「元町・中華街」駅バス13分 徒歩3～6分</li><li>JR京浜東北・根岸線「桜木町」駅バス24分 徒歩3～6分</li>
kanagawa,yokohamanishiguchi,ベイシティ本牧南,165400,,,,JR京浜東北・根岸線「根岸」駅,16.0,19.0,横浜市中区本牧原21,3号棟,鉄筋コンクリート造,11,N,1107号室,3LDK,76,12,160400,5000,2か月,['近居割'],随時,https://www.ur-net.go.jp/chintai/kanto/kanagawa/40_3820_room.html?JKSS=000031107,<li>JR京浜東北・根岸線「根岸」駅バス13分 徒歩3～6分</li><li>みなとみらい線「元町・中華街」駅バス13分 徒歩3～6分</li><li>JR京浜東北・根岸線「桜木町」駅バス24分 徒歩3～6分</li>
kanagawa,yokohamanishiguchi,ベイシティ本牧南,165400,,,,みなとみらい線「元町・中華街」駅,16.0,19.0,横浜市中区本牧原21,3号棟,鉄筋コンクリート造,11,N,1107号室,3LDK,76,12,160400,5000,2か月,['近居割'],随時,https://www.ur-net.go.jp/chintai/kanto/kanagawa/40_3820_room.html?JKSS=000031107,<li>JR京浜東北・根岸線「根岸」駅バス13分 徒歩3～6分</li><li>みなとみらい線「元町・中華街」駅バス13分 徒歩3～6分</li><li>JR京浜東北・根岸線「桜木町」駅バス24分 徒歩3～6分</li>
kanagawa,yokohamanishiguchi,ベイシティ本牧南,165400,,,,JR京浜東北・根岸線「桜木町」駅,27.0,30.0,横浜市中区本牧原21,3号棟,鉄筋コンクリート造,11,N,1107号室,3LDK,76,12,160400,5000,2か月,['近居割'],随時,https://www.ur-net.go.jp/chintai/kanto/kanagawa/40_3820_room.html?JKSS=000031107,<li>JR京浜東北・根岸線「根岸」駅バス13分 徒歩3～6分</li><li>みなとみらい線「元町・中華街」駅バス13分 徒歩3～6分</li><li>JR京浜東北・根岸線「桜木町」駅バス24分 徒歩3～6分</li>
kanagawa,yokohamanishiguchi,ベイシティ本牧南,165400,,,,,,,横浜市中区本牧原21,3号棟,鉄筋コンクリート造,11,N,1107号室,3LDK,76,12,160400,5000,2か月,['近居割'],随時,https://www.ur-net.go.jp/chintai/kanto/kanagawa/40_3820_room.html?JKSS=000031107,<li>JR京浜東北・根岸線「根岸」駅バス13分 徒歩3～6分</li><li>みなとみらい線「元町・中華街」駅バス13分 徒歩3～6分</li><li>JR京浜東北・根岸線「桜木町」駅バス24分 徒歩3～6分</li>
kanagawa,futamatagawa,左近山,70600,,,,相鉄本線「二俣川」駅,14.0,23.0,横浜市旭区左近山16-1ほか,7-8号棟,鉄筋コンクリート造、鉄骨鉄筋コンクリート造,5,N,506号室,3K,50,5,65800,4800,2か月,"['近居割', '近居割WIDE']",随時,https://www.ur-net.go.jp/chintai/kanto/kanagawa/40_1180_room.html?JKSS=007080506,<li>相鉄本線「二俣川」駅バス13～17分 徒歩1～6分</li><li>JR横須賀線「東戸塚」駅バス25～31分 徒歩1～6分</li><li>相鉄本線「鶴ヶ峰」駅バス24～29分 徒歩1～6分</li>
kanagawa,futamatagawa,左近山,70600,,,,JR横須賀線「東戸塚」駅,26.0,37.0,横浜市旭区左近山16-1ほか,7-8号棟,鉄筋コンクリート造、鉄骨鉄筋コンクリート造,5,N,506号室,3K,50,5,65800,4800,2か月,"['近居割', '近居割WIDE']",随時,https://www.ur-net.go.jp/chintai/kanto/kanagawa/40_1180_room.html?JKSS=007080506,<li>相鉄本線「二俣川」駅バス13～17分 徒歩1～6分</li><li>JR横須賀線「東戸塚」駅バス25～31分 徒歩1～6分</li><li>相鉄本線「鶴ヶ峰」駅バス24～29分 徒歩1～6分</li>
kanagawa,futamatagawa,左近山,70600,,,,相鉄本線「鶴ヶ峰」駅,25.0,35.0,横浜市旭区左近山16-1ほか,7-8号棟,鉄筋コンクリート造、鉄骨鉄筋コンクリート造,5,N,506号室,3K,50,5,65800,4800,2か月,"['近居割', '近居割WIDE']",随時,https://www.ur-net.go.jp/chintai/kanto/kanagawa/40_1180_room.html?JKSS=007080506,<li>相鉄本線「二俣川」駅バス13～17分 徒歩1～6分</li><li>JR横須賀線「東戸塚」駅バス25～31分 徒歩1～6分</li><li>相鉄本線「鶴ヶ峰」駅バス24～29分 徒歩1～6分</li>
kanagawa,futamatagawa,左近山,70600,,,,,,,横浜市旭区左近山16-1ほか,7-8号棟,鉄筋コンクリート造、鉄骨鉄筋コンクリート造,5,N,506号室,3K,50,5,65800,4800,2か月,"['近居割', '近居割WIDE']",随時,https://www.ur-net.go.jp/chintai/kanto/kanagawa/40_1180_room.html?JKSS=007080506,<li>相鉄本線「二俣川」駅バス13～17分 徒歩1～6分</li><li>JR横須賀線「東戸塚」駅バス25～31分 徒歩1～6分</li><li>相鉄本線「鶴ヶ峰」駅バス24～29分 徒歩1～6分</li>
kanagawa,futamatagawa,左近山,70600,,,,相鉄本線「二俣川」駅,14.0,23.0,横浜市旭区左近山16-1ほか,8-16号棟,鉄筋コンクリート造、鉄骨鉄筋コンクリート造,5,N,503号室,3K,50,5,65800,4800,2か月,"['近居割', '近居割WIDE']",随時,https://www.ur-net.go.jp/chintai/kanto/kanagawa/40_1180_room.html?JKSS=008160503,<li>相鉄本線「二俣川」駅バス13～17分 徒歩1～6分</li><li>JR横須賀線「東戸塚」駅バス25～31分 徒歩1～6分</li><li>相鉄本線「鶴ヶ峰」駅バス24～29分 徒歩1～6分</li>
kanagawa,futamatagawa,左近山,70600,,,,JR横須賀線「東戸塚」駅,26.0,37.0,横浜市旭区左近山16-1ほか,8-16号棟,鉄筋コンクリート造、鉄骨鉄筋コンクリート造,5,N,503号室,3K,50,5,65800,4800,2か月,"['近居割', '近居割WIDE']",随時,https://www.ur-net.go.jp/chintai/kanto/kanagawa/40_1180_room.html?JKSS=008160503,<li>相鉄本線「二俣川」駅バス13～17分 徒歩1～6分</li><li>JR横須賀線「東戸塚」駅バス25～31分 徒歩1～6分</li><li>相鉄本線「鶴ヶ峰」駅バス24～29分 徒歩1～6分</li>
kanagawa,futamatagawa,左近山,70600,,,,相鉄本線「鶴ヶ峰」駅,25.0,35.0,横浜市旭区左近山16-1ほか,8-16号棟,鉄筋コンクリート造、鉄骨鉄筋コンクリート造,5,N,503号室,3K,50,5,65800,4800,2か月,"['近居割', '近居割WIDE']",随時,https://www.ur-net.go.jp/chintai/kanto/kanagawa/40_1180_room.html?JKSS=008160503,<li>相鉄本線「二俣川」駅バス13～17分 徒歩1～6分</li><li>JR横須賀線「東戸塚」駅バス25～31分 徒歩1～6分</li><li>相鉄本線「鶴ヶ峰」駅バス24～29分 徒歩1～6分</li>
kanagawa,futamatagawa,左近山,70600,,,,,,,横浜市旭区左近山16-1ほか,8-16号棟,鉄筋コンクリート造、鉄骨鉄筋コンクリート造,5,N,503号室,3K,50,5,65800,4800,2か月,"['近居割', '近居割WIDE']",随時,https://www.ur-net.go.jp/chintai/kanto/kanagawa/40_1180_room.html?JKSS=008160503,<li>相鉄本線「二俣川」駅バス13～17分 徒歩1～6分</li><li>JR横須賀線「東戸塚」駅バス25～31分 徒歩1～6分</li><li>相鉄本線「鶴ヶ峰」駅バス24～29分 徒歩1～6分</li>
kanagawa,futamatagawa,左近山,70600,,,,相鉄本線「二俣川」駅,14.0,23.0,横浜市旭区左近山16-1ほか,9-13号棟,鉄筋コンクリート造、鉄骨鉄筋コンクリート造,5,N,503号室,3K,50,5,65800,4800,2か月,"['近居割', '近居割WIDE']",随時,https://www.ur-net.go.jp/chintai/kanto/kanagawa/40_1180_room.html?JKSS=009130503,<li>相鉄本線「二俣川」駅バス13～17分 徒歩1～6分</li><li>JR横須賀線「東戸塚」駅バス25～31分 徒歩1～6分</li><li>相鉄本線「鶴ヶ峰」駅バス24～29分 徒歩1～6分</li>
kanagawa,futamatagawa,左近山,70600,,,,JR横須賀線「東戸塚」駅,26.0,37.0,横浜市旭区左近山16-1ほか,9-13号棟,鉄筋コンクリート造、鉄骨鉄筋コンクリート造,5,N,503号室,3K,50,5,65800,4800,2か月,"['近居割', '近居割WIDE']",随時,https://www.ur-net.go.jp/chintai/kanto/kanagawa/40_1180_room.html?JKSS=009130503,<li>相鉄本線「二俣川」駅バス13～17分 徒歩1～6分</li><li>JR横須賀線「東戸塚」駅バス25～31分 徒歩1～6分</li><li>相鉄本線「鶴ヶ峰」駅バス24～29分 徒歩1～6分</li>
kanagawa,futamatagawa,左近山,70600,,,,相鉄本線「鶴ヶ峰」駅,25.0,35.0,横浜市旭区左近山16-1ほか,9-13号棟,鉄筋コンクリート造、鉄骨鉄筋コンクリート造,5,N,503号室,3K,50,5,65800,4800,2か月,"['近居割', '近居割WIDE']",随時,https://www.ur-net.go.jp/chintai/kanto/kanagawa/40_1180_room.html?JKSS=009130503,<li>相鉄本線「二俣川」駅バス13～17分 徒歩1～6分</li><li>JR横須賀線「東戸塚」駅バス25～31分 徒歩1～6分</li><li>相鉄本線「鶴ヶ峰」駅バス24～29分 徒歩1～6分</li>
kanagawa,futamatagawa,左近山,70600,,,,,,,横浜市旭区左近山16-1ほか,9-13号棟,鉄筋コンクリート造、鉄骨鉄筋コンクリート造,5,N,503号室,3K,50,5,65800,4800,2か月,"['近居割', '近居割WIDE']",随時,https://www.ur-net.go.jp/chintai/kanto/kanagawa/40_1180_room.html?JKSS=009130503,<li>相鉄本線「二俣川」駅バス13～17分 徒歩1～6分</li><li>JR横須賀線「東戸塚」駅バス25～31分 徒歩1～6分</li><li>相鉄本線「鶴ヶ峰」駅バス24～29分 徒歩1～6分</li>
kanagawa,futamatagawa,左近山,71900,,,,相鉄本線「二俣川」駅,14.0,23.0,横浜市旭区左近山16-1ほか,8-12号棟,鉄筋コンクリート造、鉄骨鉄筋コンクリート造,5,N,502号室,2LDK,50,5,67100,4800,2か月,"['近居割', '近居割WIDE']",随時,https://www.ur-net.go.jp/chintai/kanto/kanagawa/40_1180_room.html?JKSS=008120502,<li>相鉄本線「二俣川」駅バス13～17分 徒歩1～6分</li><li>JR横須賀線「東戸塚」駅バス25～31分 徒歩1～6分</li><li>相鉄本線「鶴ヶ峰」駅バス24～29分 徒歩1～6分</li>
kanagawa,futamatagawa,左近山,71900,,,,JR横須賀線「東戸塚」駅,26.0,37.0,横浜市旭区左近山16-1ほか,8-12号棟,鉄筋コンクリート造、鉄骨鉄筋コンクリート造,5,N,502号室,2LDK,50,5,67100,4800,2か月,"['近居割', '近居割WIDE']",随時,https://www.ur-net.go.jp/chintai/kanto/kanagawa/40_1180_room.html?JKSS=008120502,<li>相鉄本線「二俣川」駅バス13～17分 徒歩1～6分</li><li>JR横須賀線「東戸塚」駅バス25～31分 徒歩1～6分</li><li>相鉄本線「鶴ヶ峰」駅バス24～29分 徒歩1～6分</li>
kanagawa,futamatagawa,左近山,71900,,,,相鉄本線「鶴ヶ峰」駅,25.0,35.0,横浜市旭区左近山16-1ほか,8-12号棟,鉄筋コンクリート造、鉄骨鉄筋コンクリート造,5,N,502号室,2LDK,50,5,67100,4800,2か月,"['近居割', '近居割WIDE']",随時,https://www.ur-net.go.jp/chintai/kanto/kanagawa/40_1180_room.html?JKSS=008120502,<li>相鉄本線「二俣川」駅バス13～17分 徒歩1～6分</li><li>JR横須賀線「東戸塚」駅バス25～31分 徒歩1～6分</li><li>相鉄本線「鶴ヶ峰」駅バス24～29分 徒歩1～6分</li>
kanagawa,futamatagawa,左近山,71900,,,,,,,横浜市旭区左近山16-1ほか,8-12号棟,鉄筋コンクリート造、鉄骨鉄筋コンクリート造,5,N,502号室,2LDK,50,5,67100,4800,2か月,"['近居割', '近居割WIDE']",随時,https://www.ur-net.go.jp/chintai/kanto/kanagawa/40_1180_room.html?JKSS=008120502,<li>相鉄本線「二俣川」駅バス13～17分 徒歩1～6分</li><li>JR横須賀線「東戸塚」駅バス25～31分 徒歩1～6分</li><li>相鉄本線「鶴ヶ峰」駅バス24～29分 徒歩1～6分</li>
kanagawa,futamatagawa,左近山,73500,,,,相鉄本線「二俣川」駅,14.0,23.0,横浜市旭区左近山16-1ほか,7-8号棟,鉄筋コンクリート造、鉄骨鉄筋コンクリート造,4,N,405号室,2LDK,50,5,68700,4800,2か月,"['近居割', '近居割WIDE']",随時,https://www.ur-net.go.jp/chintai/kanto/kanagawa/40_1180_room.html?JKSS=007080405,<li>相鉄本線「二俣川」駅バス13～17分 徒歩1～6分</li><li>JR横須賀線「東戸塚」駅バス25～31分 徒歩1～6分</li><li>相鉄本線「鶴ヶ峰」駅バス24～29分 徒歩1～6分</li>
kanagawa,futamatagawa,左近山,73500,,,,JR横須賀線「東戸塚」駅,26.0,37.0,横浜市旭区左近山16-1ほか,7-8号棟,鉄筋コンクリート造、鉄骨鉄筋コンクリート造,4,N,405号室,2LDK,50,5,68700,4800,2か月,"['近居割', '近居割WIDE']",随時,https://www.ur-net.go.jp/chintai/kanto/kanagawa/40_1180_room.html?JKSS=007080405,<li>相鉄本線「二俣川」駅バス13～17分 徒歩1～6分</li><li>JR横須賀線「東戸塚」駅バス25～31分 徒歩1～6分</li><li>相鉄本線「鶴ヶ峰」駅バス24～29分 徒歩1～6分</li>
kanagawa,futamatagawa,左近山,73500,,,,相鉄本線「鶴ヶ峰」駅,25.0,35.0,横浜市旭区左近山16-1ほか,7-8号棟,鉄筋コンクリート造、鉄骨鉄筋コンクリート造,4,N,405号室,2LDK,50,5,68700,4800,2か月,"['近居割', '近居割WIDE']",随時,https://www.ur-net.go.jp/chintai/kanto/kanagawa/40_1180_room.html?JKSS=007080405,<li>相鉄本線「二俣川」駅バス13～17分 徒歩1～6分</li><li>JR横須賀線「東戸塚」駅バス25～31分 徒歩1～6分</li><li>相鉄本線「鶴ヶ峰」駅バス24～29分 徒歩1～6分</li>
kanagawa,futamatagawa,左近山,73500,,,,,,,横浜市旭区左近山16-1ほか,7-8号棟,鉄筋コンクリート造、鉄骨鉄筋コンクリート造,4,N,405号室,2LDK,50,5,68700,4800,2か月,"['近居割', '近居割WIDE']",随時,https://www.ur-net.go.jp/chintai/kanto/kanagawa/40_1180_room.html?JKSS=007080405,<li>相鉄本線「二俣川」駅バス13～17分 徒歩1～6分</li><li>JR横須賀線「東戸塚」駅バス25～31分 徒歩1～6分</li><li>相鉄本線「鶴ヶ峰」駅バス24～29分 徒歩1～6分</li>
kanagawa,futamatagawa,アーバンドエル瀬谷,125500,相鉄本線「瀬谷」駅,9.0,12.0,,,,横浜市瀬谷区橋戸1-35,15号棟,鉄筋コンクリート造,2,N,202号室,2LDK,67,4,120700,4800,2か月,['近居割'],随時,https://www.ur-net.go.jp/chintai/kanto/kanagawa/40_3850_room.html?JKSS=000150202,<li>相鉄本線「瀬谷」駅 徒歩9～12分</li><li>横浜市営地下鉄ブルーライン「立場」駅バス26分 徒歩7～9分</li><li>小田急江ノ島線「大和」駅 徒歩33～35分</li>
kanagawa,futamatagawa,アーバンドエル瀬谷,125500,,,,横浜市営地下鉄ブルーライン「立場」駅,33.0,35.0,横浜市瀬谷区橋戸1-35,15号棟,鉄筋コンクリート造,2,N,202号室,2LDK,67,4,120700,4800,2か月,['近居割'],随時,https://www.ur-net.go.jp/chintai/kanto/kanagawa/40_3850_room.html?JKSS=000150202,<li>相鉄本線「瀬谷」駅 徒歩9～12分</li><li>横浜市営地下鉄ブルーライン「立場」駅バス26分 徒歩7～9分</li><li>小田急江ノ島線「大和」駅 徒歩33～35分</li>
kanagawa,futamatagawa,アーバンドエル瀬谷,125500,小田急江ノ島線「大和」駅,33.0,35.0,,,,横浜市瀬谷区橋戸1-35,15号棟,鉄筋コンクリート造,2,N,202号室,2LDK,67,4,120700,4800,2か月,['近居割'],随時,https://www.ur-net.go.jp/chintai/kanto/kanagawa/40_3850_room.html?JKSS=000150202,<li>相鉄本線「瀬谷」駅 徒歩9～12分</li><li>横浜市営地下鉄ブルーライン「立場」駅バス26分 徒歩7～9分</li><li>小田急江ノ島線「大和」駅 徒歩33～35分</li>
kanagawa,futamatagawa,アーバンドエル瀬谷,125500,,,,,,,横浜市瀬谷区橋戸1-35,15号棟,鉄筋コンクリート造,2,N,202号室,2LDK,67,4,120700,4800,2か月,['近居割'],随時,https://www.ur-net.go.jp/chintai/kanto/kanagawa/40_3850_room.html?JKSS=000150202,<li>相鉄本線「瀬谷」駅 徒歩9～12分</li><li>横浜市営地下鉄ブルーライン「立場」駅バス26分 徒歩7～9分</li><li>小田急江ノ島線「大和」駅 徒歩33～35分</li>
kanagawa,futamatagawa,アーバンドエル瀬谷,129200,相鉄本線「瀬谷」駅,9.0,12.0,,,,横浜市瀬谷区橋戸1-35,14号棟,鉄筋コンクリート造,4,N,403号室,2LDK,67,4,124400,4800,2か月,['近居割'],随時,https://www.ur-net.go.jp/chintai/kanto/kanagawa/40_3850_room.html?JKSS=000140403,<li>相鉄本線「瀬谷」駅 徒歩9～12分</li><li>横浜市営地下鉄ブルーライン「立場」駅バス26分 徒歩7～9分</li><li>小田急江ノ島線「大和」駅 徒歩33～35分</li>
kanagawa,futamatagawa,アーバンドエル瀬谷,129200,,,,横浜市営地下鉄ブルーライン「立場」駅,33.0,35.0,横浜市瀬谷区橋戸1-35,14号棟,鉄筋コンクリート造,4,N,403号室,2LDK,67,4,124400,4800,2か月,['近居割'],随時,https://www.ur-net.go.jp/chintai/kanto/kanagawa/40_3850_room.html?JKSS=000140403,<li>相鉄本線「瀬谷」駅 徒歩9～12分</li><li>横浜市営地下鉄ブルーライン「立場」駅バス26分 徒歩7～9分</li><li>小田急江ノ島線「大和」駅 徒歩33～35分</li>
kanagawa,futamatagawa,アーバンドエル瀬谷,129200,小田急江ノ島線「大和」駅,33.0,35.0,,,,横浜市瀬谷区橋戸1-35,14号棟,鉄筋コンクリート造,4,N,403号室,2LDK,67,4,124400,4800,2か月,['近居割'],随時,https://www.ur-net.go.jp/chintai/kanto/kanagawa/40_3850_room.html?JKSS=000140403,<li>相鉄本線「瀬谷」駅 徒歩9～12分</li><li>横浜市営地下鉄ブルーライン「立場」駅バス26分 徒歩7～9分</li><li>小田急江ノ島線「大和」駅 徒歩33～35分</li>
kanagawa,futamatagawa,アーバンドエル瀬谷,129200,,,,,,,横浜市瀬谷区橋戸1-35,14号棟,鉄筋コンクリート造,4,N,403号室,2LDK,67,4,124400,4800,2か月,['近居割'],随時,https://www.ur-net.go.jp/chintai/kanto/kanagawa/40_3850_room.html?JKSS=000140403,<li>相鉄本線「瀬谷」駅 徒歩9～12分</li><li>横浜市営地下鉄ブルーライン「立場」駅バス26分 徒歩7～9分</li><li>小田急江ノ島線「大和」駅 徒歩33～35分</li>
kanagawa,yokohamanishiguchi,睦町,73800,横浜市営地下鉄ブルーライン「吉野町」駅,5.0,5.0,,,,横浜市南区睦町1-15-15,,鉄筋コンクリート造,4,N,414号室,2K,36,7,68000,5800,2か月,['URライト（9年定借）'],随時,https://www.ur-net.go.jp/chintai/kanto/kanagawa/40_1120_room.html?JKSS=000001414,<li>横浜市営地下鉄ブルーライン「吉野町」駅 徒歩5分</li><li>京急本線「南太田」駅 徒歩9分</li>
kanagawa,yokohamanishiguchi,睦町,73800,京急本線「南太田」駅,9.0,9.0,,,,横浜市南区睦町1-15-15,,鉄筋コンクリート造,4,N,414号室,2K,36,7,68000,5800,2か月,['URライト（9年定借）'],随時,https://www.ur-net.go.jp/chintai/kanto/kanagawa/40_1120_room.html?JKSS=000001414,<li>横浜市営地下鉄ブルーライン「吉野町」駅 徒歩5分</li><li>京急本線「南太田」駅 徒歩9分</li>
kanagawa,yokohamanishiguchi,睦町,73800,,,,,,,横浜市南区睦町1-15-15,,鉄筋コンクリート造,4,N,414号室,2K,36,7,68000,5800,2か月,['URライト（9年定借）'],随時,https://www.ur-net.go.jp/chintai/kanto/kanagawa/40_1120_room.html?JKSS=000001414,<li>横浜市営地下鉄ブルーライン「吉野町」駅 徒歩5分</li><li>京急本線「南太田」駅 徒歩9分</li>
kanagawa,konandai,洋光台北,88200,JR京浜東北・根岸線「洋光台」駅,8.0,14.0,,,,横浜市磯子区洋光台2-1ほか,3-13号棟,鉄筋コンクリート造、鉄骨鉄筋コンクリート造,4,N,401号室,3K,47,5,83900,4300,2か月,"['近居割', '近居割WIDE']",随時,https://www.ur-net.go.jp/chintai/kanto/kanagawa/40_1290_room.html?JKSS=003130401,<li>JR京浜東北・根岸線「洋光台」駅 徒歩8～14分</li><li>横浜市営地下鉄ブルーライン「港南中央」駅バス9～11分 徒歩1～6分</li><li>JR京浜東北・根岸線「港南台」駅 徒歩24～35分</li>
kanagawa,konandai,洋光台北,88200,,,,横浜市営地下鉄ブルーライン「港南中央」駅,10.0,17.0,横浜市磯子区洋光台2-1ほか,3-13号棟,鉄筋コンクリート造、鉄骨鉄筋コンクリート造,4,N,401号室,3K,47,5,83900,4300,2か月,"['近居割', '近居割WIDE']",随時,https://www.ur-net.go.jp/chintai/kanto/kanagawa/40_1290_room.html?JKSS=003130401,<li>JR京浜東北・根岸線「洋光台」駅 徒歩8～14分</li><li>横浜市営地下鉄ブルーライン「港南中央」駅バス9～11分 徒歩1～6分</li><li>JR京浜東北・根岸線「港南台」駅 徒歩24～35分</li>
kanagawa,konandai,洋光台北,88200,JR京浜東北・根岸線「港南台」駅,24.0,35.0,,,,横浜市磯子区洋光台2-1ほか,3-13号棟,鉄筋コンクリート造、鉄骨鉄筋コンクリート造,4,N,401号室,3K,47,5,83900,4300,2か月,"['近居割', '近居割WIDE']",随時,https://www.ur-net.go.jp/chintai/kanto/kanagawa/40_1290_room.html?JKSS=003130401,<li>JR京浜東北・根岸線「洋光台」駅 徒歩8～14分</li><li>横浜市営地下鉄ブルーライン「港南中央」駅バス9～11分 徒歩1～6分</li><li>JR京浜東北・根岸線「港南台」駅 徒歩24～35分</li>
kanagawa,konandai,洋光台北,88200,,,,,,,横浜市磯子区洋光台2-1ほか,3-13号棟,鉄筋コンクリート造、鉄骨鉄筋コンクリート造,4,N,401号室,3K,47,5,83900,4300,2か月,"['近居割', '近居割WIDE']",随時,https://www.ur-net.go.jp/chintai/kanto/kanagawa/40_1290_room.html?JKSS=003130401,<li>JR京浜東北・根岸線「洋光台」駅 徒歩8～14分</li><li>横浜市営地下鉄ブルーライン「港南中央」駅バス9～11分 徒歩1～6分</li><li>JR京浜東北・根岸線「港南台」駅 徒歩24～35分</li>
kanagawa,konandai,磯子三丁目,101100,JR京浜東北・根岸線「磯子」駅,4.0,5.0,,,,横浜市磯子区磯子3-6,1号棟,鉄骨鉄筋コンクリート造,6,N,619号室,1LDK,47,16,98500,2600,2か月,"['近居割', '近居割WIDE']",随時,https://www.ur-net.go.jp/chintai/kanto/kanagawa/40_1480_room.html?JKSS=000010619,<li>JR京浜東北・根岸線「磯子」駅 徒歩4～5分</li><li>JR京浜東北・根岸線「根岸」駅バス8分 徒歩2分</li><li>京急本線「屏風浦」駅バス7分 徒歩1分</li>
kanagawa,konandai,磯子三丁目,101100,,,,JR京浜東北・根岸線「根岸」駅,10.0,10.0,横浜市磯子区磯子3-6,1号棟,鉄骨鉄筋コンクリート造,6,N,619号室,1LDK,47,16,98500,2600,2か月,"['近居割', '近居割WIDE']",随時,https://www.ur-net.go.jp/chintai/kanto/kanagawa/40_1480_room.html?JKSS=000010619,<li>JR京浜東北・根岸線「磯子」駅 徒歩4～5分</li><li>JR京浜東北・根岸線「根岸」駅バス8分 徒歩2分</li><li>京急本線「屏風浦」駅バス7分 徒歩1分</li>
kanagawa,konandai,磯子三丁目,101100,,,,京急本線「屏風浦」駅,8.0,8.0,横浜市磯子区磯子3-6,1号棟,鉄骨鉄筋コンクリート造,6,N,619号室,1LDK,47,16,98500,2600,2か月,"['近居割', '近居割WIDE']",随時,https://www.ur-net.go.jp/chintai/kanto/kanagawa/40_1480_room.html?JKSS=000010619,<li>JR京浜東北・根岸線「磯子」駅 徒歩4～5分</li><li>JR京浜東北・根岸線「根岸」駅バス8分 徒歩2分</li><li>京急本線「屏風浦」駅バス7分 徒歩1分</li>
kanagawa,konandai,磯子三丁目,101100,,,,,,,横浜市磯子区磯子3-6,1号棟,鉄骨鉄筋コンクリート造,6,N,619号室,1LDK,47,16,98500,2600,2か月,"['近居割', '近居割WIDE']",随時,https://www.ur-net.go.jp/chintai/kanto/kanagawa/40_1480_room.html?JKSS=000010619,<li>JR京浜東北・根岸線「磯子」駅 徒歩4～5分</li><li>JR京浜東北・根岸線「根岸」駅バス8分 徒歩2分</li><li>京急本線「屏風浦」駅バス7分 徒歩1分</li>
kanagawa,seasidetown,ビーコンヒル能見台ウエストヒル,142300,京急本線「能見台」駅,11.0,11.0,,,,横浜市金沢区能見台東8,1号棟,鉄筋コンクリート造,11,N,1101号室,2LDK,62,13,136400,5900,2か月,['近居割'],随時,https://www.ur-net.go.jp/chintai/kanto/kanagawa/40_3260_room.html?JKSS=000011101,<li>京急本線「能見台」駅 徒歩11分</li><li>JR京浜東北・根岸線「洋光台」駅バス20分 徒歩7分</li><li>京急本線「京急富岡」駅 徒歩17～18分</li>
kanagawa,seasidetown,ビーコンヒル能見台ウエストヒル,142300,,,,JR京浜東北・根岸線「洋光台」駅,27.0,27.0,横浜市金沢区能見台東8,1号棟,鉄筋コンクリート造,11,N,1101号室,2LDK,62,13,136400,5900,2か月,['近居割'],随時,https://www.ur-net.go.jp/chintai/kanto/kanagawa/40_3260_room.html?JKSS=000011101,<li>京急本線「能見台」駅 徒歩11分</li><li>JR京浜東北・根岸線「洋光台」駅バス20分 徒歩7分</li><li>京急本線「京急富岡」駅 徒歩17～18分</li>
kanagawa,seasidetown,ビーコンヒル能見台ウエストヒル,142300,京急本線「京急富岡」駅,17.0,18.0,,,,横浜市金沢区能見台東8,1号棟,鉄筋コンクリート造,11,N,1101号室,2LDK,62,13,136400,5900,2か月,['近居割'],随時,https://www.ur-net.go.jp/chintai/kanto/kanagawa/40_3260_room.html?JKSS=000011101,<li>京急本線「能見台」駅 徒歩11分</li><li>JR京浜東北・根岸線「洋光台」駅バス20分 徒歩7分</li><li>京急本線「京急富岡」駅 徒歩17～18分</li>
kanagawa,seasidetown,ビーコンヒル能見台ウエストヒル,142300,,,,,,,横浜市金沢区能見台東8,1号棟,鉄筋コンクリート造,11,N,1101号室,2LDK,62,13,136400,5900,2か月,['近居割'],随時,https://www.ur-net.go.jp/chintai/kanto/kanagawa/40_3260_room.html?JKSS=000011101,<li>京急本線「能見台」駅 徒歩11分</li><li>JR京浜東北・根岸線「洋光台」駅バス20分 徒歩7分</li><li>京急本線「京急富岡」駅 徒歩17～18分</li>
kanagawa,totsuka,東戸塚ビューハイツ,99700,,,,JR横須賀線ほか「東戸塚」駅,17.0,17.0,横浜市戸塚区名瀬町799-2,,鉄筋コンクリート造,1,N,104号室,2LDK,63,7,92700,7000,2か月,['近居割'],随時,https://www.ur-net.go.jp/chintai/kanto/kanagawa/40_2950_room.html?JKSS=000000104,<li>JR横須賀線ほか「東戸塚」駅バス15分 徒歩2分</li>
kanagawa,totsuka,東戸塚ビューハイツ,99700,,,,,,,横浜市戸塚区名瀬町799-2,,鉄筋コンクリート造,1,N,104号室,2LDK,63,7,92700,7000,2か月,['近居割'],随時,https://www.ur-net.go.jp/chintai/kanto/kanagawa/40_2950_room.html?JKSS=000000104,<li>JR横須賀線ほか「東戸塚」駅バス15分 徒歩2分</li>
kanagawa,totsuka,東戸塚ビューハイツ,111300,,,,JR横須賀線ほか「東戸塚」駅,17.0,17.0,横浜市戸塚区名瀬町799-2,,鉄筋コンクリート造,4,N,406号室,2LDK,63,7,104300,7000,2か月,['近居割'],随時,https://www.ur-net.go.jp/chintai/kanto/kanagawa/40_2950_room.html?JKSS=000000406,<li>JR横須賀線ほか「東戸塚」駅バス15分 徒歩2分</li>
kanagawa,totsuka,東戸塚ビューハイツ,111300,,,,,,,横浜市戸塚区名瀬町799-2,,鉄筋コンクリート造,4,N,406号室,2LDK,63,7,104300,7000,2か月,['近居割'],随時,https://www.ur-net.go.jp/chintai/kanto/kanagawa/40_2950_room.html?JKSS=000000406,<li>JR横須賀線ほか「東戸塚」駅バス15分 徒歩2分</li>
kanagawa,totsuka,プロムナード矢部,135500,JR東海道本線「戸塚」駅,9.0,13.0,,,,横浜市戸塚区矢部町321,4号棟,鉄筋コンクリート造,11,N,1110号室,2DK,56,13,130900,4600,2か月,['URライト（2年定借）'],随時,https://www.ur-net.go.jp/chintai/kanto/kanagawa/40_3610_room.html?JKSS=000041110,<li>JR東海道本線「戸塚」駅 徒歩9～13分</li><li>JR横須賀線「東戸塚」駅バス20分 徒歩2～7分</li><li>相鉄いずみ野線「弥生台」駅バス20分 徒歩10～15分</li>
kanagawa,totsuka,プロムナード矢部,135500,,,,JR横須賀線「東戸塚」駅,22.0,27.0,横浜市戸塚区矢部町321,4号棟,鉄筋コンクリート造,11,N,1110号室,2DK,56,13,130900,4600,2か月,['URライト（2年定借）'],随時,https://www.ur-net.go.jp/chintai/kanto/kanagawa/40_3610_room.html?JKSS=000041110,<li>JR東海道本線「戸塚」駅 徒歩9～13分</li><li>JR横須賀線「東戸塚」駅バス20分 徒歩2～7分</li><li>相鉄いずみ野線「弥生台」駅バス20分 徒歩10～15分</li>
kanagawa,totsuka,プロムナード矢部,135500,,,,相鉄いずみ野線「弥生台」駅,30.0,35.0,横浜市戸塚区矢部町321,4号棟,鉄筋コンクリート造,11,N,1110号室,2DK,56,13,130900,4600,2か月,['URライト（2年定借）'],随時,https://www.ur-net.go.jp/chintai/kanto/kanagawa/40_3610_room.html?JKSS=000041110,<li>JR東海道本線「戸塚」駅 徒歩9～13分</li><li>JR横須賀線「東戸塚」駅バス20分 徒歩2～7分</li><li>相鉄いずみ野線「弥生台」駅バス20分 徒歩10～15分</li>
kanagawa,totsuka,プロムナード矢部,135500,,,,,,,横浜市戸塚区矢部町321,4号棟,鉄筋コンクリート造,11,N,1110号室,2DK,56,13,130900,4600,2か月,['URライト（2年定借）'],随時,https://www.ur-net.go.jp/chintai/kanto/kanagawa/40_3610_room.html?JKSS=000041110,<li>JR東海道本線「戸塚」駅 徒歩9～13分</li><li>JR横須賀線「東戸塚」駅バス20分 徒歩2～7分</li><li>相鉄いずみ野線「弥生台」駅バス20分 徒歩10～15分</li>
kanagawa,totsuka,プロムナード矢部,139900,JR東海道本線「戸塚」駅,9.0,13.0,,,,横浜市戸塚区矢部町321,3号棟,鉄筋コンクリート造,7,N,703号室,1LDK,50,13,135300,4600,2か月,['近居割'],随時,https://www.ur-net.go.jp/chintai/kanto/kanagawa/40_3610_room.html?JKSS=000030703,<li>JR東海道本線「戸塚」駅 徒歩9～13分</li><li>JR横須賀線「東戸塚」駅バス20分 徒歩2～7分</li><li>相鉄いずみ野線「弥生台」駅バス20分 徒歩10～15分</li>
kanagawa,totsuka,プロムナード矢部,139900,,,,JR横須賀線「東戸塚」駅,22.0,27.0,横浜市戸塚区矢部町321,3号棟,鉄筋コンクリート造,7,N,703号室,1LDK,50,13,135300,4600,2か月,['近居割'],随時,https://www.ur-net.go.jp/chintai/kanto/kanagawa/40_3610_room.html?JKSS=000030703,<li>JR東海道本線「戸塚」駅 徒歩9～13分</li><li>JR横須賀線「東戸塚」駅バス20分 徒歩2～7分</li><li>相鉄いずみ野線「弥生台」駅バス20分 徒歩10～15分</li>
kanagawa,totsuka,プロムナード矢部,139900,,,,相鉄いずみ野線「弥生台」駅,30.0,35.0,横浜市戸塚区矢部町321,3号棟,鉄筋コンクリート造,7,N,703号室,1LDK,50,13,135300,4600,2か月,['近居割'],随時,https://www.ur-net.go.jp/chintai/kanto/kanagawa/40_3610_room.html?JKSS=000030703,<li>JR東海道本線「戸塚」駅 徒歩9～13分</li><li>JR横須賀線「東戸塚」駅バス20分 徒歩2～7分</li><li>相鉄いずみ野線「弥生台」駅バス20分 徒歩10～15分</li>
kanagawa,totsuka,プロムナード矢部,139900,,,,,,,横浜市戸塚区矢部町321,3号棟,鉄筋コンクリート造,7,N,703号室,1LDK,50,13,135300,4600,2か月,['近居割'],随時,https://www.ur-net.go.jp/chintai/kanto/kanagawa/40_3610_room.html?JKSS=000030703,<li>JR東海道本線「戸塚」駅 徒歩9～13分</li><li>JR横須賀線「東戸塚」駅バス20分 徒歩2～7分</li><li>相鉄いずみ野線「弥生台」駅バス20分 徒歩10～15分</li>
kanagawa,totsuka,プロムナード矢部,147300,JR東海道本線「戸塚」駅,9.0,13.0,,,,横浜市戸塚区矢部町321,4号棟,鉄筋コンクリート造,4,N,405号室,2DK,56,13,142700,4600,2か月,['近居割'],随時,https://www.ur-net.go.jp/chintai/kanto/kanagawa/40_3610_room.html?JKSS=000040405,<li>JR東海道本線「戸塚」駅 徒歩9～13分</li><li>JR横須賀線「東戸塚」駅バス20分 徒歩2～7分</li><li>相鉄いずみ野線「弥生台」駅バス20分 徒歩10～15分</li>
kanagawa,totsuka,プロムナード矢部,147300,,,,JR横須賀線「東戸塚」駅,22.0,27.0,横浜市戸塚区矢部町321,4号棟,鉄筋コンクリート造,4,N,405号室,2DK,56,13,142700,4600,2か月,['近居割'],随時,https://www.ur-net.go.jp/chintai/kanto/kanagawa/40_3610_room.html?JKSS=000040405,<li>JR東海道本線「戸塚」駅 徒歩9～13分</li><li>JR横須賀線「東戸塚」駅バス20分 徒歩2～7分</li><li>相鉄いずみ野線「弥生台」駅バス20分 徒歩10～15分</li>
kanagawa,totsuka,プロムナード矢部,147300,,,,相鉄いずみ野線「弥生台」駅,30.0,35.0,横浜市戸塚区矢部町321,4号棟,鉄筋コンクリート造,4,N,405号室,2DK,56,13,142700,4600,2か月,['近居割'],随時,https://www.ur-net.go.jp/chintai/kanto/kanagawa/40_3610_room.html?JKSS=000040405,<li>JR東海道本線「戸塚」駅 徒歩9～13分</li><li>JR横須賀線「東戸塚」駅バス20分 徒歩2～7分</li><li>相鉄いずみ野線「弥生台」駅バス20分 徒歩10～15分</li>
kanagawa,totsuka,プロムナード矢部,147300,,,,,,,横浜市戸塚区矢部町321,4号棟,鉄筋コンクリート造,4,N,405号室,2DK,56,13,142700,4600,2か月,['近居割'],随時,https://www.ur-net.go.jp/chintai/kanto/kanagawa/40_3610_room.html?JKSS=000040405,<li>JR東海道本線「戸塚」駅 徒歩9～13分</li><li>JR横須賀線「東戸塚」駅バス20分 徒歩2～7分</li><li>相鉄いずみ野線「弥生台」駅バス20分 徒歩10～15分</li>
kanagawa,konandai,港南台かもめ,100100,JR京浜東北・根岸線「港南台」駅,11.0,15.0,,,,横浜市港南区港南台2-1,11号棟,鉄骨鉄筋コンクリート造,6,N,607号室,1LDK,50,8,95400,4700,2か月,"['近居割', '近居割WIDE']",随時,https://www.ur-net.go.jp/chintai/kanto/kanagawa/40_1720_room.html?JKSS=000110607,<li>JR京浜東北・根岸線「港南台」駅 徒歩11～15分</li><li>横浜市営地下鉄ブルーライン「上永谷」駅バス18分 徒歩3～8分</li><li>JR京浜東北・根岸線「洋光台」駅バス3分 徒歩6～11分</li>
kanagawa,konandai,港南台かもめ,100100,,,,横浜市営地下鉄ブルーライン「上永谷」駅,21.0,26.0,横浜市港南区港南台2-1,11号棟,鉄骨鉄筋コンクリート造,6,N,607号室,1LDK,50,8,95400,4700,2か月,"['近居割', '近居割WIDE']",随時,https://www.ur-net.go.jp/chintai/kanto/kanagawa/40_1720_room.html?JKSS=000110607,<li>JR京浜東北・根岸線「港南台」駅 徒歩11～15分</li><li>横浜市営地下鉄ブルーライン「上永谷」駅バス18分 徒歩3～8分</li><li>JR京浜東北・根岸線「洋光台」駅バス3分 徒歩6～11分</li>
kanagawa,konandai,港南台かもめ,100100,,,,JR京浜東北・根岸線「洋光台」駅,9.0,14.0,横浜市港南区港南台2-1,11号棟,鉄骨鉄筋コンクリート造,6,N,607号室,1LDK,50,8,95400,4700,2か月,"['近居割', '近居割WIDE']",随時,https://www.ur-net.go.jp/chintai/kanto/kanagawa/40_1720_room.html?JKSS=000110607,<li>JR京浜東北・根岸線「港南台」駅 徒歩11～15分</li><li>横浜市営地下鉄ブルーライン「上永谷」駅バス18分 徒歩3～8分</li><li>JR京浜東北・根岸線「洋光台」駅バス3分 徒歩6～11分</li>
kanagawa,konandai,港南台かもめ,100100,,,,,,,横浜市港南区港南台2-1,11号棟,鉄骨鉄筋コンクリート造,6,N,607号室,1LDK,50,8,95400,4700,2か月,"['近居割', '近居割WIDE']",随時,https://www.ur-net.go.jp/chintai/kanto/kanagawa/40_1720_room.html?JKSS=000110607,<li>JR京浜東北・根岸線「港南台」駅 徒歩11～15分</li><li>横浜市営地下鉄ブルーライン「上永谷」駅バス18分 徒歩3～8分</li><li>JR京浜東北・根岸線「洋光台」駅バス3分 徒歩6～11分</li>
kanagawa,totsuka,飯島,65000,,,,JR東海道本線「戸塚」駅,14.0,22.0,横浜市栄区飯島町527,2-1号棟,鉄筋コンクリート造、鉄骨鉄筋コンクリート造,4,N,403号室,2DK,45,5,60500,4500,2か月,"['近居割', '近居割WIDE']",随時,https://www.ur-net.go.jp/chintai/kanto/kanagawa/40_1170_room.html?JKSS=000201403,<li>JR東海道本線「戸塚」駅バス13分 徒歩1～9分</li><li>JR東海道本線「大船」駅バス7分 徒歩6～13分</li>
kanagawa,totsuka,飯島,65000,,,,JR東海道本線「大船」駅,13.0,20.0,横浜市栄区飯島町527,2-1号棟,鉄筋コンクリート造、鉄骨鉄筋コンクリート造,4,N,403号室,2DK,45,5,60500,4500,2か月,"['近居割', '近居割WIDE']",随時,https://www.ur-net.go.jp/chintai/kanto/kanagawa/40_1170_room.html?JKSS=000201403,<li>JR東海道本線「戸塚」駅バス13分 徒歩1～9分</li><li>JR東海道本線「大船」駅バス7分 徒歩6～13分</li>
kanagawa,totsuka,飯島,65000,,,,,,,横浜市栄区飯島町527,2-1号棟,鉄筋コンクリート造、鉄骨鉄筋コンクリート造,4,N,403号室,2DK,45,5,60500,4500,2か月,"['近居割', '近居割WIDE']",随時,https://www.ur-net.go.jp/chintai/kanto/kanagawa/40_1170_room.html?JKSS=000201403,<li>JR東海道本線「戸塚」駅バス13分 徒歩1～9分</li><li>JR東海道本線「大船」駅バス7分 徒歩6～13分</li>
kanagawa,totsuka,飯島,71400,,,,JR東海道本線「戸塚」駅,14.0,22.0,横浜市栄区飯島町527,4-8号棟,鉄筋コンクリート造、鉄骨鉄筋コンクリート造,2,N,204号室,3DK,50,5,66900,4500,2か月,"['近居割', '近居割WIDE']",随時,https://www.ur-net.go.jp/chintai/kanto/kanagawa/40_1170_room.html?JKSS=000408204,<li>JR東海道本線「戸塚」駅バス13分 徒歩1～9分</li><li>JR東海道本線「大船」駅バス7分 徒歩6～13分</li>
kanagawa,totsuka,飯島,71400,,,,JR東海道本線「大船」駅,13.0,20.0,横浜市栄区飯島町527,4-8号棟,鉄筋コンクリート造、鉄骨鉄筋コンクリート造,2,N,204号室,3DK,50,5,66900,4500,2か月,"['近居割', '近居割WIDE']",随時,https://www.ur-net.go.jp/chintai/kanto/kanagawa/40_1170_room.html?JKSS=000408204,<li>JR東海道本線「戸塚」駅バス13分 徒歩1～9分</li><li>JR東海道本線「大船」駅バス7分 徒歩6～13分</li>
kanagawa,totsuka,飯島,71400,,,,,,,横浜市栄区飯島町527,4-8号棟,鉄筋コンクリート造、鉄骨鉄筋コンクリート造,2,N,204号室,3DK,50,5,66900,4500,2か月,"['近居割', '近居割WIDE']",随時,https://www.ur-net.go.jp/chintai/kanto/kanagawa/40_1170_room.html?JKSS=000408204,<li>JR東海道本線「戸塚」駅バス13分 徒歩1～9分</li><li>JR東海道本線「大船」駅バス7分 徒歩6～13分</li>
kanagawa,sagamiono,相模台,62900,小田急小田原線「小田急相模原」駅,16.0,21.0,小田急小田原線「小田急相模原」駅,9.0,13.0,相模原市南区相模台団地,6-2号棟,鉄筋コンクリート造,5,N,506号室,2DK,45,5,59700,3200,2か月,['URライト（4年定借）'],随時,https://www.ur-net.go.jp/chintai/kanto/kanagawa/40_1080_room.html?JKSS=000602506,<li>小田急小田原線「小田急相模原」駅 徒歩16～21分 又はバス8分 徒歩1～5分</li><li>JR横浜線「古淵」駅バス19分 徒歩3～7分</li>
kanagawa,sagamiono,相模台,62900,,,,JR横浜線「古淵」駅,22.0,26.0,相模原市南区相模台団地,6-2号棟,鉄筋コンクリート造,5,N,506号室,2DK,45,5,59700,3200,2か月,['URライト（4年定借）'],随時,https://www.ur-net.go.jp/chintai/kanto/kanagawa/40_1080_room.html?JKSS=000602506,<li>小田急小田原線「小田急相模原」駅 徒歩16～21分 又はバス8分 徒歩1～5分</li><li>JR横浜線「古淵」駅バス19分 徒歩3～7分</li>
kanagawa,sagamiono,相模台,62900,,,,,,,相模原市南区相模台団地,6-2号棟,鉄筋コンクリート造,5,N,506号室,2DK,45,5,59700,3200,2か月,['URライト（4年定借）'],随時,https://www.ur-net.go.jp/chintai/kanto/kanagawa/40_1080_room.html?JKSS=000602506,<li>小田急小田原線「小田急相模原」駅 徒歩16～21分 又はバス8分 徒歩1～5分</li><li>JR横浜線「古淵」駅バス19分 徒歩3～7分</li>
kanagawa,sagamiono,相模台,66200,小田急小田原線「小田急相模原」駅,16.0,21.0,小田急小田原線「小田急相模原」駅,9.0,13.0,相模原市南区相模台団地,4-5号棟,鉄筋コンクリート造,5,N,502号室,2DK,45,5,63000,3200,2か月,['URライト（4年定借）'],随時,https://www.ur-net.go.jp/chintai/kanto/kanagawa/40_1080_room.html?JKSS=000405502,<li>小田急小田原線「小田急相模原」駅 徒歩16～21分 又はバス8分 徒歩1～5分</li><li>JR横浜線「古淵」駅バス19分 徒歩3～7分</li>
kanagawa,sagamiono,相模台,66200,,,,JR横浜線「古淵」駅,22.0,26.0,相模原市南区相模台団地,4-5号棟,鉄筋コンクリート造,5,N,502号室,2DK,45,5,63000,3200,2か月,['URライト（4年定借）'],随時,https://www.ur-net.go.jp/chintai/kanto/kanagawa/40_1080_room.html?JKSS=000405502,<li>小田急小田原線「小田急相模原」駅 徒歩16～21分 又はバス8分 徒歩1～5分</li><li>JR横浜線「古淵」駅バス19分 徒歩3～7分</li>
kanagawa,sagamiono,相模台,66200,,,,,,,相模原市南区相模台団地,4-5号棟,鉄筋コンクリート造,5,N,502号室,2DK,45,5,63000,3200,2か月,['URライト（4年定借）'],随時,https://www.ur-net.go.jp/chintai/kanto/kanagawa/40_1080_room.html?JKSS=000405502,<li>小田急小田原線「小田急相模原」駅 徒歩16～21分 又はバス8分 徒歩1～5分</li><li>JR横浜線「古淵」駅バス19分 徒歩3～7分</li>
kanagawa,sagamiono,相模台,74700,小田急小田原線「小田急相模原」駅,16.0,21.0,小田急小田原線「小田急相模原」駅,9.0,13.0,相模原市南区相模台団地,3-3号棟,鉄筋コンクリート造,4,N,405号室,3K,48,5,71500,3200,2か月,['URライト（4年定借）'],随時,https://www.ur-net.go.jp/chintai/kanto/kanagawa/40_1080_room.html?JKSS=000303405,<li>小田急小田原線「小田急相模原」駅 徒歩16～21分 又はバス8分 徒歩1～5分</li><li>JR横浜線「古淵」駅バス19分 徒歩3～7分</li>
kanagawa,sagamiono,相模台,74700,,,,JR横浜線「古淵」駅,22.0,26.0,相模原市南区相模台団地,3-3号棟,鉄筋コンクリート造,4,N,405号室,3K,48,5,71500,3200,2か月,['URライト（4年定借）'],随時,https://www.ur-net.go.jp/chintai/kanto/kanagawa/40_1080_room.html?JKSS=000303405,<li>小田急小田原線「小田急相模原」駅 徒歩16～21分 又はバス8分 徒歩1～5分</li><li>JR横浜線「古淵」駅バス19分 徒歩3～7分</li>
kanagawa,sagamiono,相模台,74700,,,,,,,相模原市南区相模台団地,3-3号棟,鉄筋コンクリート造,4,N,405号室,3K,48,5,71500,3200,2か月,['URライト（4年定借）'],随時,https://www.ur-net.go.jp/chintai/kanto/kanagawa/40_1080_room.html?JKSS=000303405,<li>小田急小田原線「小田急相模原」駅 徒歩16～21分 又はバス8分 徒歩1～5分</li><li>JR横浜線「古淵」駅バス19分 徒歩3～7分</li>
kanagawa,sagamiono,鶴ヶ丘,119000,小田急小田原線「小田急相模原」駅,7.0,9.0,,,,相模原市南区南台5-2,5号棟,鉄筋コンクリート造,5,N,506号室,2LDK,64,6,115600,3400,2か月,['近居割'],随時,https://www.ur-net.go.jp/chintai/kanto/kanagawa/40_3380_room.html?JKSS=000050506,<li>小田急小田原線「小田急相模原」駅 徒歩7～9分</li><li>小田急小田原線「相模大野」駅 徒歩29～32分</li><li>東急田園都市線「中央林間」駅 徒歩39～43分</li>
kanagawa,sagamiono,鶴ヶ丘,119000,小田急小田原線「相模大野」駅,29.0,32.0,,,,相模原市南区南台5-2,5号棟,鉄筋コンクリート造,5,N,506号室,2LDK,64,6,115600,3400,2か月,['近居割'],随時,https://www.ur-net.go.jp/chintai/kanto/kanagawa/40_3380_room.html?JKSS=000050506,<li>小田急小田原線「小田急相模原」駅 徒歩7～9分</li><li>小田急小田原線「相模大野」駅 徒歩29～32分</li><li>東急田園都市線「中央林間」駅 徒歩39～43分</li>
kanagawa,sagamiono,鶴ヶ丘,119000,東急田園都市線「中央林間」駅,39.0,43.0,,,,相模原市南区南台5-2,5号棟,鉄筋コンクリート造,5,N,506号室,2LDK,64,6,115600,3400,2か月,['近居割'],随時,https://www.ur-net.go.jp/chintai/kanto/kanagawa/40_3380_room.html?JKSS=000050506,<li>小田急小田原線「小田急相模原」駅 徒歩7～9分</li><li>小田急小田原線「相模大野」駅 徒歩29～32分</li><li>東急田園都市線「中央林間」駅 徒歩39～43分</li>
kanagawa,sagamiono,鶴ヶ丘,119000,,,,,,,相模原市南区南台5-2,5号棟,鉄筋コンクリート造,5,N,506号室,2LDK,64,6,115600,3400,2か月,['近居割'],随時,https://www.ur-net.go.jp/chintai/kanto/kanagawa/40_3380_room.html?JKSS=000050506,<li>小田急小田原線「小田急相模原」駅 徒歩7～9分</li><li>小田急小田原線「相模大野」駅 徒歩29～32分</li><li>東急田園都市線「中央林間」駅 徒歩39～43分</li>
kanagawa,sagamiono,鶴ヶ丘,121400,小田急小田原線「小田急相模原」駅,7.0,9.0,,,,相模原市南区南台5-2,5号棟,鉄筋コンクリート造,6,N,606号室,2LDK,64,6,118000,3400,2か月,['近居割'],随時,https://www.ur-net.go.jp/chintai/kanto/kanagawa/40_3380_room.html?JKSS=000050606,<li>小田急小田原線「小田急相模原」駅 徒歩7～9分</li><li>小田急小田原線「相模大野」駅 徒歩29～32分</li><li>東急田園都市線「中央林間」駅 徒歩39～43分</li>
kanagawa,sagamiono,鶴ヶ丘,121400,小田急小田原線「相模大野」駅,29.0,32.0,,,,相模原市南区南台5-2,5号棟,鉄筋コンクリート造,6,N,606号室,2LDK,64,6,118000,3400,2か月,['近居割'],随時,https://www.ur-net.go.jp/chintai/kanto/kanagawa/40_3380_room.html?JKSS=000050606,<li>小田急小田原線「小田急相模原」駅 徒歩7～9分</li><li>小田急小田原線「相模大野」駅 徒歩29～32分</li><li>東急田園都市線「中央林間」駅 徒歩39～43分</li>
kanagawa,sagamiono,鶴ヶ丘,121400,東急田園都市線「中央林間」駅,39.0,43.0,,,,相模原市南区南台5-2,5号棟,鉄筋コンクリート造,6,N,606号室,2LDK,64,6,118000,3400,2か月,['近居割'],随時,https://www.ur-net.go.jp/chintai/kanto/kanagawa/40_3380_room.html?JKSS=000050606,<li>小田急小田原線「小田急相模原」駅 徒歩7～9分</li><li>小田急小田原線「相模大野」駅 徒歩29～32分</li><li>東急田園都市線「中央林間」駅 徒歩39～43分</li>
kanagawa,sagamiono,鶴ヶ丘,121400,,,,,,,相模原市南区南台5-2,5号棟,鉄筋コンクリート造,6,N,606号室,2LDK,64,6,118000,3400,2か月,['近居割'],随時,https://www.ur-net.go.jp/chintai/kanto/kanagawa/40_3380_room.html?JKSS=000050606,<li>小田急小田原線「小田急相模原」駅 徒歩7～9分</li><li>小田急小田原線「相模大野」駅 徒歩29～32分</li><li>東急田園都市線「中央林間」駅 徒歩39～43分</li>
kanagawa,sagamiono,鶴ヶ丘,142300,小田急小田原線「小田急相模原」駅,7.0,9.0,,,,相模原市南区南台5-2,8号棟,鉄筋コンクリート造,6,N,609号室,4DK,74,7,138900,3400,2か月,['近居割'],随時,https://www.ur-net.go.jp/chintai/kanto/kanagawa/40_3380_room.html?JKSS=000080609,<li>小田急小田原線「小田急相模原」駅 徒歩7～9分</li><li>小田急小田原線「相模大野」駅 徒歩29～32分</li><li>東急田園都市線「中央林間」駅 徒歩39～43分</li>
kanagawa,sagamiono,鶴ヶ丘,142300,小田急小田原線「相模大野」駅,29.0,32.0,,,,相模原市南区南台5-2,8号棟,鉄筋コンクリート造,6,N,609号室,4DK,74,7,138900,3400,2か月,['近居割'],随時,https://www.ur-net.go.jp/chintai/kanto/kanagawa/40_3380_room.html?JKSS=000080609,<li>小田急小田原線「小田急相模原」駅 徒歩7～9分</li><li>小田急小田原線「相模大野」駅 徒歩29～32分</li><li>東急田園都市線「中央林間」駅 徒歩39～43分</li>
kanagawa,sagamiono,鶴ヶ丘,142300,東急田園都市線「中央林間」駅,39.0,43.0,,,,相模原市南区南台5-2,8号棟,鉄筋コンクリート造,6,N,609号室,4DK,74,7,138900,3400,2か月,['近居割'],随時,https://www.ur-net.go.jp/chintai/kanto/kanagawa/40_3380_room.html?JKSS=000080609,<li>小田急小田原線「小田急相模原」駅 徒歩7～9分</li><li>小田急小田原線「相模大野」駅 徒歩29～32分</li><li>東急田園都市線「中央林間」駅 徒歩39～43分</li>
kanagawa,sagamiono,鶴ヶ丘,142300,,,,,,,相模原市南区南台5-2,8号棟,鉄筋コンクリート造,6,N,609号室,4DK,74,7,138900,3400,2か月,['近居割'],随時,https://www.ur-net.go.jp/chintai/kanto/kanagawa/40_3380_room.html?JKSS=000080609,<li>小田急小田原線「小田急相模原」駅 徒歩7～9分</li><li>小田急小田原線「相模大野」駅 徒歩29～32分</li><li>東急田園都市線「中央林間」駅 徒歩39～43分</li>
kanagawa,sagamiono,プラザシティ相模大野,129390,小田急小田原線「相模大野」駅,8.0,13.0,,,,相模原市南区相模大野6-23,7号棟,鉄筋コンクリート造,4,N,403号室,1LDK,52,10,125300,4090,2か月,['近居割'],随時,https://www.ur-net.go.jp/chintai/kanto/kanagawa/40_2980_room.html?JKSS=000070403,<li>小田急小田原線「相模大野」駅 徒歩8～13分</li><li>JR横浜線「町田」駅 徒歩26～31分</li><li>小田急江ノ島線「東林間」駅 徒歩18～23分</li>
kanagawa,sagamiono,プラザシティ相模大野,129390,JR横浜線「町田」駅,26.0,31.0,,,,相模原市南区相模大野6-23,7号棟,鉄筋コンクリート造,4,N,403号室,1LDK,52,10,125300,4090,2か月,['近居割'],随時,https://www.ur-net.go.jp/chintai/kanto/kanagawa/40_2980_room.html?JKSS=000070403,<li>小田急小田原線「相模大野」駅 徒歩8～13分</li><li>JR横浜線「町田」駅 徒歩26～31分</li><li>小田急江ノ島線「東林間」駅 徒歩18～23分</li>
kanagawa,sagamiono,プラザシティ相模大野,129390,小田急江ノ島線「東林間」駅,18.0,23.0,,,,相模原市南区相模大野6-23,7号棟,鉄筋コンクリート造,4,N,403号室,1LDK,52,10,125300,4090,2か月,['近居割'],随時,https://www.ur-net.go.jp/chintai/kanto/kanagawa/40_2980_room.html?JKSS=000070403,<li>小田急小田原線「相模大野」駅 徒歩8～13分</li><li>JR横浜線「町田」駅 徒歩26～31分</li><li>小田急江ノ島線「東林間」駅 徒歩18～23分</li>
kanagawa,sagamiono,プラザシティ相模大野,129390,,,,,,,相模原市南区相模大野6-23,7号棟,鉄筋コンクリート造,4,N,403号室,1LDK,52,10,125300,4090,2か月,['近居割'],随時,https://www.ur-net.go.jp/chintai/kanto/kanagawa/40_2980_room.html?JKSS=000070403,<li>小田急小田原線「相模大野」駅 徒歩8～13分</li><li>JR横浜線「町田」駅 徒歩26～31分</li><li>小田急江ノ島線「東林間」駅 徒歩18～23分</li>
kanagawa,sagamiono,プラザシティ相模大野,133690,小田急小田原線「相模大野」駅,8.0,13.0,,,,相模原市南区相模大野6-23,10号棟,鉄筋コンクリート造,2,N,205号室,2LDK,63,8,129600,4090,2か月,['近居割'],随時,https://www.ur-net.go.jp/chintai/kanto/kanagawa/40_2980_room.html?JKSS=000100205,<li>小田急小田原線「相模大野」駅 徒歩8～13分</li><li>JR横浜線「町田」駅 徒歩26～31分</li><li>小田急江ノ島線「東林間」駅 徒歩18～23分</li>
kanagawa,sagamiono,プラザシティ相模大野,133690,JR横浜線「町田」駅,26.0,31.0,,,,相模原市南区相模大野6-23,10号棟,鉄筋コンクリート造,2,N,205号室,2LDK,63,8,129600,4090,2か月,['近居割'],随時,https://www.ur-net.go.jp/chintai/kanto/kanagawa/40_2980_room.html?JKSS=000100205,<li>小田急小田原線「相模大野」駅 徒歩8～13分</li><li>JR横浜線「町田」駅 徒歩26～31分</li><li>小田急江ノ島線「東林間」駅 徒歩18～23分</li>
kanagawa,sagamiono,プラザシティ相模大野,133690,小田急江ノ島線「東林間」駅,18.0,23.0,,,,相模原市南区相模大野6-23,10号棟,鉄筋コンクリート造,2,N,205号室,2LDK,63,8,129600,4090,2か月,['近居割'],随時,https://www.ur-net.go.jp/chintai/kanto/kanagawa/40_2980_room.html?JKSS=000100205,<li>小田急小田原線「相模大野」駅 徒歩8～13分</li><li>JR横浜線「町田」駅 徒歩26～31分</li><li>小田急江ノ島線「東林間」駅 徒歩18～23分</li>
kanagawa,sagamiono,プラザシティ相模大野,133690,,,,,,,相模原市南区相模大野6-23,10号棟,鉄筋コンクリート造,2,N,205号室,2LDK,63,8,129600,4090,2か月,['近居割'],随時,https://www.ur-net.go.jp/chintai/kanto/kanagawa/40_2980_room.html?JKSS=000100205,<li>小田急小田原線「相模大野」駅 徒歩8～13分</li><li>JR横浜線「町田」駅 徒歩26～31分</li><li>小田急江ノ島線「東林間」駅 徒歩18～23分</li>
kanagawa,sagamiono,プラザシティ相模大野,136290,小田急小田原線「相模大野」駅,8.0,13.0,,,,相模原市南区相模大野6-23,13号棟,鉄筋コンクリート造,4,N,402号室,2LDK,62,14,132200,4090,2か月,['近居割'],随時,https://www.ur-net.go.jp/chintai/kanto/kanagawa/40_2980_room.html?JKSS=000130402,<li>小田急小田原線「相模大野」駅 徒歩8～13分</li><li>JR横浜線「町田」駅 徒歩26～31分</li><li>小田急江ノ島線「東林間」駅 徒歩18～23分</li>
kanagawa,sagamiono,プラザシティ相模大野,136290,JR横浜線「町田」駅,26.0,31.0,,,,相模原市南区相模大野6-23,13号棟,鉄筋コンクリート造,4,N,402号室,2LDK,62,14,132200,4090,2か月,['近居割'],随時,https://www.ur-net.go.jp/chintai/kanto/kanagawa/40_2980_room.html?JKSS=000130402,<li>小田急小田原線「相模大野」駅 徒歩8～13分</li><li>JR横浜線「町田」駅 徒歩26～31分</li><li>小田急江ノ島線「東林間」駅 徒歩18～23分</li>
kanagawa,sagamiono,プラザシティ相模大野,136290,小田急江ノ島線「東林間」駅,18.0,23.0,,,,相模原市南区相模大野6-23,13号棟,鉄筋コンクリート造,4,N,402号室,2LDK,62,14,132200,4090,2か月,['近居割'],随時,https://www.ur-net.go.jp/chintai/kanto/kanagawa/40_2980_room.html?JKSS=000130402,<li>小田急小田原線「相模大野」駅 徒歩8～13分</li><li>JR横浜線「町田」駅 徒歩26～31分</li><li>小田急江ノ島線「東林間」駅 徒歩18～23分</li>
kanagawa,sagamiono,プラザシティ相模大野,136290,,,,,,,相模原市南区相模大野6-23,13号棟,鉄筋コンクリート造,4,N,402号室,2LDK,62,14,132200,4090,2か月,['近居割'],随時,https://www.ur-net.go.jp/chintai/kanto/kanagawa/40_2980_room.html?JKSS=000130402,<li>小田急小田原線「相模大野」駅 徒歩8～13分</li><li>JR横浜線「町田」駅 徒歩26～31分</li><li>小田急江ノ島線「東林間」駅 徒歩18～23分</li>
kanagawa,sagamiono,コンフォールさがみ南,133600,小田急小田原線「小田急相模原」駅,8.0,11.0,,,,相模原市南区相南1-24,9号棟,鉄筋コンクリート造,8,N,802号室,2LDK,65,14,129200,4400,2か月,['近居割'],随時,https://www.ur-net.go.jp/chintai/kanto/kanagawa/40_3870_room.html?JKSS=000090802,<li>小田急小田原線「小田急相模原」駅 徒歩8～11分</li><li>小田急江ノ島線「東林間」駅 徒歩15～18分</li><li>小田急小田原線「相模大野」駅 徒歩32～35分</li>
kanagawa,sagamiono,コンフォールさがみ南,133600,小田急江ノ島線「東林間」駅,15.0,18.0,,,,相模原市南区相南1-24,9号棟,鉄筋コンクリート造,8,N,802号室,2LDK,65,14,129200,4400,2か月,['近居割'],随時,https://www.ur-net.go.jp/chintai/kanto/kanagawa/40_3870_room.html?JKSS=000090802,<li>小田急小田原線「小田急相模原」駅 徒歩8～11分</li><li>小田急江ノ島線「東林間」駅 徒歩15～18分</li><li>小田急小田原線「相模大野」駅 徒歩32～35分</li>
kanagawa,sagamiono,コンフォールさがみ南,133600,小田急小田原線「相模大野」駅,32.0,35.0,,,,相模原市南区相南1-24,9号棟,鉄筋コンクリート造,8,N,802号室,2LDK,65,14,129200,4400,2か月,['近居割'],随時,https://www.ur-net.go.jp/chintai/kanto/kanagawa/40_3870_room.html?JKSS=000090802,<li>小田急小田原線「小田急相模原」駅 徒歩8～11分</li><li>小田急江ノ島線「東林間」駅 徒歩15～18分</li><li>小田急小田原線「相模大野」駅 徒歩32～35分</li>
kanagawa,sagamiono,コンフォールさがみ南,133600,,,,,,,相模原市南区相南1-24,9号棟,鉄筋コンクリート造,8,N,802号室,2LDK,65,14,129200,4400,2か月,['近居割'],随時,https://www.ur-net.go.jp/chintai/kanto/kanagawa/40_3870_room.html?JKSS=000090802,<li>小田急小田原線「小田急相模原」駅 徒歩8～11分</li><li>小田急江ノ島線「東林間」駅 徒歩15～18分</li><li>小田急小田原線「相模大野」駅 徒歩32～35分</li>
kanagawa,sagamiono,橋本四丁目,96100,JR横浜線「橋本」駅,10.0,13.0,,,,相模原市緑区橋本4-11,11号棟,鉄筋コンクリート造、鉄骨鉄筋コンクリート造,1,N,108号室,2LDK,62,8,92000,4100,2か月,['近居割'],随時,https://www.ur-net.go.jp/chintai/kanto/kanagawa/40_1840_room.html?JKSS=000110108,<li>JR横浜線「橋本」駅 徒歩10～13分</li><li>京王相模原線「多摩境」駅バス8分 徒歩3～5分</li>
kanagawa,sagamiono,橋本四丁目,96100,,,,京王相模原線「多摩境」駅,11.0,13.0,相模原市緑区橋本4-11,11号棟,鉄筋コンクリート造、鉄骨鉄筋コンクリート造,1,N,108号室,2LDK,62,8,92000,4100,2か月,['近居割'],随時,https://www.ur-net.go.jp/chintai/kanto/kanagawa/40_1840_room.html?JKSS=000110108,<li>JR横浜線「橋本」駅 徒歩10～13分</li><li>京王相模原線「多摩境」駅バス8分 徒歩3～5分</li>
kanagawa,sagamiono,橋本四丁目,96100,,,,,,,相模原市緑区橋本4-11,11号棟,鉄筋コンクリート造、鉄骨鉄筋コンクリート造,1,N,108号室,2LDK,62,8,92000,4100,2か月,['近居割'],随時,https://www.ur-net.go.jp/chintai/kanto/kanagawa/40_1840_room.html?JKSS=000110108,<li>JR横浜線「橋本」駅 徒歩10～13分</li><li>京王相模原線「多摩境」駅バス8分 徒歩3～5分</li>
kanagawa,sagamiono,鳶尾,66400,,,,小田急小田原線「本厚木」駅,30.0,34.0,厚木市鳶尾2ほか,25-3号棟,鉄筋コンクリート造、鉄骨鉄筋コンクリート造,6,N,603号室,3K,57,9,62400,4000,2か月,[],随時,https://www.ur-net.go.jp/chintai/kanto/kanagawa/40_1790_room.html?JKSS=025030603,<li>小田急小田原線「本厚木」駅バス28分 徒歩2～6分</li>
kanagawa,sagamiono,鳶尾,66400,,,,,,,厚木市鳶尾2ほか,25-3号棟,鉄筋コンクリート造、鉄骨鉄筋コンクリート造,6,N,603号室,3K,57,9,62400,4000,2か月,[],随時,https://www.ur-net.go.jp/chintai/kanto/kanagawa/40_1790_room.html?JKSS=025030603,<li>小田急小田原線「本厚木」駅バス28分 徒歩2～6分</li>
kanagawa,sagamiono,鳶尾,66400,,,,小田急小田原線「本厚木」駅,30.0,34.0,厚木市鳶尾2ほか,25-3号棟,鉄筋コンクリート造、鉄骨鉄筋コンクリート造,7,N,702号室,3K,57,9,62400,4000,2か月,[],随時,https://www.ur-net.go.jp/chintai/kanto/kanagawa/40_1790_room.html?JKSS=025030702,<li>小田急小田原線「本厚木」駅バス28分 徒歩2～6分</li>
kanagawa,sagamiono,鳶尾,66400,,,,,,,厚木市鳶尾2ほか,25-3号棟,鉄筋コンクリート造、鉄骨鉄筋コンクリート造,7,N,702号室,3K,57,9,62400,4000,2か月,[],随時,https://www.ur-net.go.jp/chintai/kanto/kanagawa/40_1790_room.html?JKSS=025030702,<li>小田急小田原線「本厚木」駅バス28分 徒歩2～6分</li>
kanagawa,sagamiono,鳶尾,66700,,,,小田急小田原線「本厚木」駅,30.0,34.0,厚木市鳶尾2ほか,25-3号棟,鉄筋コンクリート造、鉄骨鉄筋コンクリート造,6,N,602号室,3K,57,9,62700,4000,2か月,[],随時,https://www.ur-net.go.jp/chintai/kanto/kanagawa/40_1790_room.html?JKSS=025030602,<li>小田急小田原線「本厚木」駅バス28分 徒歩2～6分</li>
kanagawa,sagamiono,鳶尾,66700,,,,,,,厚木市鳶尾2ほか,25-3号棟,鉄筋コンクリート造、鉄骨鉄筋コンクリート造,6,N,602号室,3K,57,9,62700,4000,2か月,[],随時,https://www.ur-net.go.jp/chintai/kanto/kanagawa/40_1790_room.html?JKSS=025030602,<li>小田急小田原線「本厚木」駅バス28分 徒歩2～6分</li>
kanagawa,sagamiono,鳶尾,70700,,,,小田急小田原線「本厚木」駅,30.0,34.0,厚木市鳶尾2ほか,3-12号棟,鉄筋コンクリート造、鉄骨鉄筋コンクリート造,4,N,404号室,2LDK,58,5,66700,4000,2か月,[],随時,https://www.ur-net.go.jp/chintai/kanto/kanagawa/40_1790_room.html?JKSS=003120404,<li>小田急小田原線「本厚木」駅バス28分 徒歩2～6分</li>
kanagawa,sagamiono,鳶尾,70700,,,,,,,厚木市鳶尾2ほか,3-12号棟,鉄筋コンクリート造、鉄骨鉄筋コンクリート造,4,N,404号室,2LDK,58,5,66700,4000,2か月,[],随時,https://www.ur-net.go.jp/chintai/kanto/kanagawa/40_1790_room.html?JKSS=003120404,<li>小田急小田原線「本厚木」駅バス28分 徒歩2～6分</li>
kanagawa,shonan,上和田,63600,,,,相鉄本線「大和」駅,16.0,25.0,大和市上和田2412,4-6号棟,鉄筋コンクリート造,5,N,503号室,3DK,53,5,60500,3100,2か月,"['近居割', '近居割WIDE']",随時,https://www.ur-net.go.jp/chintai/kanto/kanagawa/40_1240_room.html?JKSS=000406503,<li>相鉄本線「大和」駅バス15～20分 徒歩1～5分</li><li>小田急江ノ島線「高座渋谷」駅 徒歩13～20分</li><li>相鉄いずみ野線「いずみ中央」駅バス13分 徒歩6～14分</li>
kanagawa,shonan,上和田,63600,小田急江ノ島線「高座渋谷」駅,13.0,20.0,,,,大和市上和田2412,4-6号棟,鉄筋コンクリート造,5,N,503号室,3DK,53,5,60500,3100,2か月,"['近居割', '近居割WIDE']",随時,https://www.ur-net.go.jp/chintai/kanto/kanagawa/40_1240_room.html?JKSS=000406503,<li>相鉄本線「大和」駅バス15～20分 徒歩1～5分</li><li>小田急江ノ島線「高座渋谷」駅 徒歩13～20分</li><li>相鉄いずみ野線「いずみ中央」駅バス13分 徒歩6～14分</li>
kanagawa,shonan,上和田,63600,,,,相鉄いずみ野線「いずみ中央」駅,19.0,27.0,大和市上和田2412,4-6号棟,鉄筋コンクリート造,5,N,503号室,3DK,53,5,60500,3100,2か月,"['近居割', '近居割WIDE']",随時,https://www.ur-net.go.jp/chintai/kanto/kanagawa/40_1240_room.html?JKSS=000406503,<li>相鉄本線「大和」駅バス15～20分 徒歩1～5分</li><li>小田急江ノ島線「高座渋谷」駅 徒歩13～20分</li><li>相鉄いずみ野線「いずみ中央」駅バス13分 徒歩6～14分</li>
kanagawa,shonan,上和田,63600,,,,,,,大和市上和田2412,4-6号棟,鉄筋コンクリート造,5,N,503号室,3DK,53,5,60500,3100,2か月,"['近居割', '近居割WIDE']",随時,https://www.ur-net.go.jp/chintai/kanto/kanagawa/40_1240_room.html?JKSS=000406503,<li>相鉄本線「大和」駅バス15～20分 徒歩1～5分</li><li>小田急江ノ島線「高座渋谷」駅 徒歩13～20分</li><li>相鉄いずみ野線「いずみ中央」駅バス13分 徒歩6～14分</li>
kanagawa,shonan,上和田,63600,,,,相鉄本線「大和」駅,16.0,25.0,大和市上和田2412,4-6号棟,鉄筋コンクリート造,5,N,506号室,3DK,53,5,60500,3100,2か月,"['近居割', '近居割WIDE']",随時,https://www.ur-net.go.jp/chintai/kanto/kanagawa/40_1240_room.html?JKSS=000406506,<li>相鉄本線「大和」駅バス15～20分 徒歩1～5分</li><li>小田急江ノ島線「高座渋谷」駅 徒歩13～20分</li><li>相鉄いずみ野線「いずみ中央」駅バス13分 徒歩6～14分</li>
kanagawa,shonan,上和田,63600,小田急江ノ島線「高座渋谷」駅,13.0,20.0,,,,大和市上和田2412,4-6号棟,鉄筋コンクリート造,5,N,506号室,3DK,53,5,60500,3100,2か月,"['近居割', '近居割WIDE']",随時,https://www.ur-net.go.jp/chintai/kanto/kanagawa/40_1240_room.html?JKSS=000406506,<li>相鉄本線「大和」駅バス15～20分 徒歩1～5分</li><li>小田急江ノ島線「高座渋谷」駅 徒歩13～20分</li><li>相鉄いずみ野線「いずみ中央」駅バス13分 徒歩6～14分</li>
kanagawa,shonan,上和田,63600,,,,相鉄いずみ野線「いずみ中央」駅,19.0,27.0,大和市上和田2412,4-6号棟,鉄筋コンクリート造,5,N,506号室,3DK,53,5,60500,3100,2か月,"['近居割', '近居割WIDE']",随時,https://www.ur-net.go.jp/chintai/kanto/kanagawa/40_1240_room.html?JKSS=000406506,<li>相鉄本線「大和」駅バス15～20分 徒歩1～5分</li><li>小田急江ノ島線「高座渋谷」駅 徒歩13～20分</li><li>相鉄いずみ野線「いずみ中央」駅バス13分 徒歩6～14分</li>
kanagawa,shonan,上和田,63600,,,,,,,大和市上和田2412,4-6号棟,鉄筋コンクリート造,5,N,506号室,3DK,53,5,60500,3100,2か月,"['近居割', '近居割WIDE']",随時,https://www.ur-net.go.jp/chintai/kanto/kanagawa/40_1240_room.html?JKSS=000406506,<li>相鉄本線「大和」駅バス15～20分 徒歩1～5分</li><li>小田急江ノ島線「高座渋谷」駅 徒歩13～20分</li><li>相鉄いずみ野線「いずみ中央」駅バス13分 徒歩6～14分</li>
kanagawa,shonan,上和田,63600,,,,相鉄本線「大和」駅,16.0,25.0,大和市上和田2412,4-8号棟,鉄筋コンクリート造,5,N,502号室,3DK,53,5,60500,3100,2か月,"['近居割', '近居割WIDE']",随時,https://www.ur-net.go.jp/chintai/kanto/kanagawa/40_1240_room.html?JKSS=000408502,<li>相鉄本線「大和」駅バス15～20分 徒歩1～5分</li><li>小田急江ノ島線「高座渋谷」駅 徒歩13～20分</li><li>相鉄いずみ野線「いずみ中央」駅バス13分 徒歩6～14分</li>
kanagawa,shonan,上和田,63600,小田急江ノ島線「高座渋谷」駅,13.0,20.0,,,,大和市上和田2412,4-8号棟,鉄筋コンクリート造,5,N,502号室,3DK,53,5,60500,3100,2か月,"['近居割', '近居割WIDE']",随時,https://www.ur-net.go.jp/chintai/kanto/kanagawa/40_1240_room.html?JKSS=000408502,<li>相鉄本線「大和」駅バス15～20分 徒歩1～5分</li><li>小田急江ノ島線「高座渋谷」駅 徒歩13～20分</li><li>相鉄いずみ野線「いずみ中央」駅バス13分 徒歩6～14分</li>
kanagawa,shonan,上和田,63600,,,,相鉄いずみ野線「いずみ中央」駅,19.0,27.0,大和市上和田2412,4-8号棟,鉄筋コンクリート造,5,N,502号室,3DK,53,5,60500,3100,2か月,"['近居割', '近居割WIDE']",随時,https://www.ur-net.go.jp/chintai/kanto/kanagawa/40_1240_room.html?JKSS=000408502,<li>相鉄本線「大和」駅バス15～20分 徒歩1～5分</li><li>小田急江ノ島線「高座渋谷」駅 徒歩13～20分</li><li>相鉄いずみ野線「いずみ中央」駅バス13分 徒歩6～14分</li>
kanagawa,shonan,上和田,63600,,,,,,,大和市上和田2412,4-8号棟,鉄筋コンクリート造,5,N,502号室,3DK,53,5,60500,3100,2か月,"['近居割', '近居割WIDE']",随時,https://www.ur-net.go.jp/chintai/kanto/kanagawa/40_1240_room.html?JKSS=000408502,<li>相鉄本線「大和」駅バス15～20分 徒歩1～5分</li><li>小田急江ノ島線「高座渋谷」駅 徒歩13～20分</li><li>相鉄いずみ野線「いずみ中央」駅バス13分 徒歩6～14分</li>
kanagawa,shonan,上和田,68800,,,,相鉄本線「大和」駅,16.0,25.0,大和市上和田2412,2-4号棟,鉄筋コンクリート造,2,N,203号室,3DK,53,5,65700,3100,2か月,['健康寿命サポート'],随時,https://www.ur-net.go.jp/chintai/kanto/kanagawa/40_1240_room.html?JKSS=000204203,<li>相鉄本線「大和」駅バス15～20分 徒歩1～5分</li><li>小田急江ノ島線「高座渋谷」駅 徒歩13～20分</li><li>相鉄いずみ野線「いずみ中央」駅バス13分 徒歩6～14分</li>
kanagawa,shonan,上和田,68800,小田急江ノ島線「高座渋谷」駅,13.0,20.0,,,,大和市上和田2412,2-4号棟,鉄筋コンクリート造,2,N,203号室,3DK,53,5,65700,3100,2か月,['健康寿命サポート'],随時,https://www.ur-net.go.jp/chintai/kanto/kanagawa/40_1240_room.html?JKSS=000204203,<li>相鉄本線「大和」駅バス15～20分 徒歩1～5分</li><li>小田急江ノ島線「高座渋谷」駅 徒歩13～20分</li><li>相鉄いずみ野線「いずみ中央」駅バス13分 徒歩6～14分</li>
kanagawa,shonan,上和田,68800,,,,相鉄いずみ野線「いずみ中央」駅,19.0,27.0,大和市上和田2412,2-4号棟,鉄筋コンクリート造,2,N,203号室,3DK,53,5,65700,3100,2か月,['健康寿命サポート'],随時,https://www.ur-net.go.jp/chintai/kanto/kanagawa/40_1240_room.html?JKSS=000204203,<li>相鉄本線「大和」駅バス15～20分 徒歩1～5分</li><li>小田急江ノ島線「高座渋谷」駅 徒歩13～20分</li><li>相鉄いずみ野線「いずみ中央」駅バス13分 徒歩6～14分</li>
kanagawa,shonan,上和田,68800,,,,,,,大和市上和田2412,2-4号棟,鉄筋コンクリート造,2,N,203号室,3DK,53,5,65700,3100,2か月,['健康寿命サポート'],随時,https://www.ur-net.go.jp/chintai/kanto/kanagawa/40_1240_room.html?JKSS=000204203,<li>相鉄本線「大和」駅バス15～20分 徒歩1～5分</li><li>小田急江ノ島線「高座渋谷」駅 徒歩13～20分</li><li>相鉄いずみ野線「いずみ中央」駅バス13分 徒歩6～14分</li>
kanagawa,shonan,上和田,68800,,,,相鉄本線「大和」駅,16.0,25.0,大和市上和田2412,3-6号棟,鉄筋コンクリート造,2,N,201号室,3DK,53,5,65700,3100,2か月,['健康寿命サポート'],随時,https://www.ur-net.go.jp/chintai/kanto/kanagawa/40_1240_room.html?JKSS=000306201,<li>相鉄本線「大和」駅バス15～20分 徒歩1～5分</li><li>小田急江ノ島線「高座渋谷」駅 徒歩13～20分</li><li>相鉄いずみ野線「いずみ中央」駅バス13分 徒歩6～14分</li>
kanagawa,shonan,上和田,68800,小田急江ノ島線「高座渋谷」駅,13.0,20.0,,,,大和市上和田2412,3-6号棟,鉄筋コンクリート造,2,N,201号室,3DK,53,5,65700,3100,2か月,['健康寿命サポート'],随時,https://www.ur-net.go.jp/chintai/kanto/kanagawa/40_1240_room.html?JKSS=000306201,<li>相鉄本線「大和」駅バス15～20分 徒歩1～5分</li><li>小田急江ノ島線「高座渋谷」駅 徒歩13～20分</li><li>相鉄いずみ野線「いずみ中央」駅バス13分 徒歩6～14分</li>
kanagawa,shonan,上和田,68800,,,,相鉄いずみ野線「いずみ中央」駅,19.0,27.0,大和市上和田2412,3-6号棟,鉄筋コンクリート造,2,N,201号室,3DK,53,5,65700,3100,2か月,['健康寿命サポート'],随時,https://www.ur-net.go.jp/chintai/kanto/kanagawa/40_1240_room.html?JKSS=000306201,<li>相鉄本線「大和」駅バス15～20分 徒歩1～5分</li><li>小田急江ノ島線「高座渋谷」駅 徒歩13～20分</li><li>相鉄いずみ野線「いずみ中央」駅バス13分 徒歩6～14分</li>
kanagawa,shonan,上和田,68800,,,,,,,大和市上和田2412,3-6号棟,鉄筋コンクリート造,2,N,201号室,3DK,53,5,65700,3100,2か月,['健康寿命サポート'],随時,https://www.ur-net.go.jp/chintai/kanto/kanagawa/40_1240_room.html?JKSS=000306201,<li>相鉄本線「大和」駅バス15～20分 徒歩1～5分</li><li>小田急江ノ島線「高座渋谷」駅 徒歩13～20分</li><li>相鉄いずみ野線「いずみ中央」駅バス13分 徒歩6～14分</li>
kanagawa,sagamiono,さがみ野さくら,96300,相鉄本線「さがみ野」駅,8.0,10.0,,,,座間市東原5-1,13号棟,鉄筋コンクリート造,5,N,506号室,3LDK,69,5,94100,2200,2か月,['近居割'],随時,https://www.ur-net.go.jp/chintai/kanto/kanagawa/40_2430_room.html?JKSS=000130506,<li>相鉄本線「さがみ野」駅 徒歩8～10分</li><li>小田急江ノ島線「南林間」駅バス9分 徒歩1～3分</li><li>小田急小田原線「座間」駅バス8分 徒歩9～11分</li>
kanagawa,sagamiono,さがみ野さくら,96300,,,,小田急江ノ島線「南林間」駅,10.0,12.0,座間市東原5-1,13号棟,鉄筋コンクリート造,5,N,506号室,3LDK,69,5,94100,2200,2か月,['近居割'],随時,https://www.ur-net.go.jp/chintai/kanto/kanagawa/40_2430_room.html?JKSS=000130506,<li>相鉄本線「さがみ野」駅 徒歩8～10分</li><li>小田急江ノ島線「南林間」駅バス9分 徒歩1～3分</li><li>小田急小田原線「座間」駅バス8分 徒歩9～11分</li>
kanagawa,sagamiono,さがみ野さくら,96300,,,,小田急小田原線「座間」駅,17.0,19.0,座間市東原5-1,13号棟,鉄筋コンクリート造,5,N,506号室,3LDK,69,5,94100,2200,2か月,['近居割'],随時,https://www.ur-net.go.jp/chintai/kanto/kanagawa/40_2430_room.html?JKSS=000130506,<li>相鉄本線「さがみ野」駅 徒歩8～10分</li><li>小田急江ノ島線「南林間」駅バス9分 徒歩1～3分</li><li>小田急小田原線「座間」駅バス8分 徒歩9～11分</li>
kanagawa,sagamiono,さがみ野さくら,96300,,,,,,,座間市東原5-1,13号棟,鉄筋コンクリート造,5,N,506号室,3LDK,69,5,94100,2200,2か月,['近居割'],随時,https://www.ur-net.go.jp/chintai/kanto/kanagawa/40_2430_room.html?JKSS=000130506,<li>相鉄本線「さがみ野」駅 徒歩8～10分</li><li>小田急江ノ島線「南林間」駅バス9分 徒歩1～3分</li><li>小田急小田原線「座間」駅バス8分 徒歩9～11分</li>
kanagawa,sagamiono,さがみ野さくら,99100,相鉄本線「さがみ野」駅,8.0,10.0,,,,座間市東原5-1,8号棟,鉄筋コンクリート造,4,N,402号室,3LDK,69,5,96900,2200,2か月,['近居割'],随時,https://www.ur-net.go.jp/chintai/kanto/kanagawa/40_2430_room.html?JKSS=000080402,<li>相鉄本線「さがみ野」駅 徒歩8～10分</li><li>小田急江ノ島線「南林間」駅バス9分 徒歩1～3分</li><li>小田急小田原線「座間」駅バス8分 徒歩9～11分</li>
kanagawa,sagamiono,さがみ野さくら,99100,,,,小田急江ノ島線「南林間」駅,10.0,12.0,座間市東原5-1,8号棟,鉄筋コンクリート造,4,N,402号室,3LDK,69,5,96900,2200,2か月,['近居割'],随時,https://www.ur-net.go.jp/chintai/kanto/kanagawa/40_2430_room.html?JKSS=000080402,<li>相鉄本線「さがみ野」駅 徒歩8～10分</li><li>小田急江ノ島線「南林間」駅バス9分 徒歩1～3分</li><li>小田急小田原線「座間」駅バス8分 徒歩9～11分</li>
kanagawa,sagamiono,さがみ野さくら,99100,,,,小田急小田原線「座間」駅,17.0,19.0,座間市東原5-1,8号棟,鉄筋コンクリート造,4,N,402号室,3LDK,69,5,96900,2200,2か月,['近居割'],随時,https://www.ur-net.go.jp/chintai/kanto/kanagawa/40_2430_room.html?JKSS=000080402,<li>相鉄本線「さがみ野」駅 徒歩8～10分</li><li>小田急江ノ島線「南林間」駅バス9分 徒歩1～3分</li><li>小田急小田原線「座間」駅バス8分 徒歩9～11分</li>
kanagawa,sagamiono,さがみ野さくら,99100,,,,,,,座間市東原5-1,8号棟,鉄筋コンクリート造,4,N,402号室,3LDK,69,5,96900,2200,2か月,['近居割'],随時,https://www.ur-net.go.jp/chintai/kanto/kanagawa/40_2430_room.html?JKSS=000080402,<li>相鉄本線「さがみ野」駅 徒歩8～10分</li><li>小田急江ノ島線「南林間」駅バス9分 徒歩1～3分</li><li>小田急小田原線「座間」駅バス8分 徒歩9～11分</li>
kanagawa,shonan,サンヴァリエ平塚,64800,,,,JR東海道本線「平塚」駅,21.0,23.0,平塚市高村203,19号棟,鉄筋コンクリート造、鉄骨鉄筋コンクリート造,3,N,308号室,2DK,50,8,61700,3100,2か月,['近居割WIDE'],随時,https://www.ur-net.go.jp/chintai/kanto/kanagawa/40_1780_room.html?JKSS=000190308,<li>JR東海道本線「平塚」駅バス20分 徒歩1～3分</li><li>小田急小田原線「伊勢原」駅バス33分 徒歩2～5分</li><li>JR東海道本線「大磯」駅 徒歩53～56分</li>
kanagawa,shonan,サンヴァリエ平塚,64800,,,,小田急小田原線「伊勢原」駅,35.0,38.0,平塚市高村203,19号棟,鉄筋コンクリート造、鉄骨鉄筋コンクリート造,3,N,308号室,2DK,50,8,61700,3100,2か月,['近居割WIDE'],随時,https://www.ur-net.go.jp/chintai/kanto/kanagawa/40_1780_room.html?JKSS=000190308,<li>JR東海道本線「平塚」駅バス20分 徒歩1～3分</li><li>小田急小田原線「伊勢原」駅バス33分 徒歩2～5分</li><li>JR東海道本線「大磯」駅 徒歩53～56分</li>
kanagawa,shonan,サンヴァリエ平塚,64800,JR東海道本線「大磯」駅,53.0,56.0,,,,平塚市高村203,19号棟,鉄筋コンクリート造、鉄骨鉄筋コンクリート造,3,N,308号室,2DK,50,8,61700,3100,2か月,['近居割WIDE'],随時,https://www.ur-net.go.jp/chintai/kanto/kanagawa/40_1780_room.html?JKSS=000190308,<li>JR東海道本線「平塚」駅バス20分 徒歩1～3分</li><li>小田急小田原線「伊勢原」駅バス33分 徒歩2～5分</li><li>JR東海道本線「大磯」駅 徒歩53～56分</li>
kanagawa,shonan,サンヴァリエ平塚,64800,,,,,,,平塚市高村203,19号棟,鉄筋コンクリート造、鉄骨鉄筋コンクリート造,3,N,308号室,2DK,50,8,61700,3100,2か月,['近居割WIDE'],随時,https://www.ur-net.go.jp/chintai/kanto/kanagawa/40_1780_room.html?JKSS=000190308,<li>JR東海道本線「平塚」駅バス20分 徒歩1～3分</li><li>小田急小田原線「伊勢原」駅バス33分 徒歩2～5分</li><li>JR東海道本線「大磯」駅 徒歩53～56分</li>
kanagawa,shonan,サンヴァリエ平塚,65100,,,,JR東海道本線「平塚」駅,21.0,23.0,平塚市高村203,16号棟,鉄筋コンクリート造、鉄骨鉄筋コンクリート造,2,N,203号室,2DK,50,8,62000,3100,2か月,['近居割WIDE'],随時,https://www.ur-net.go.jp/chintai/kanto/kanagawa/40_1780_room.html?JKSS=000160203,<li>JR東海道本線「平塚」駅バス20分 徒歩1～3分</li><li>小田急小田原線「伊勢原」駅バス33分 徒歩2～5分</li><li>JR東海道本線「大磯」駅 徒歩53～56分</li>
kanagawa,shonan,サンヴァリエ平塚,65100,,,,小田急小田原線「伊勢原」駅,35.0,38.0,平塚市高村203,16号棟,鉄筋コンクリート造、鉄骨鉄筋コンクリート造,2,N,203号室,2DK,50,8,62000,3100,2か月,['近居割WIDE'],随時,https://www.ur-net.go.jp/chintai/kanto/kanagawa/40_1780_room.html?JKSS=000160203,<li>JR東海道本線「平塚」駅バス20分 徒歩1～3分</li><li>小田急小田原線「伊勢原」駅バス33分 徒歩2～5分</li><li>JR東海道本線「大磯」駅 徒歩53～56分</li>
kanagawa,shonan,サンヴァリエ平塚,65100,JR東海道本線「大磯」駅,53.0,56.0,,,,平塚市高村203,16号棟,鉄筋コンクリート造、鉄骨鉄筋コンクリート造,2,N,203号室,2DK,50,8,62000,3100,2か月,['近居割WIDE'],随時,https://www.ur-net.go.jp/chintai/kanto/kanagawa/40_1780_room.html?JKSS=000160203,<li>JR東海道本線「平塚」駅バス20分 徒歩1～3分</li><li>小田急小田原線「伊勢原」駅バス33分 徒歩2～5分</li><li>JR東海道本線「大磯」駅 徒歩53～56分</li>
kanagawa,shonan,サンヴァリエ平塚,65100,,,,,,,平塚市高村203,16号棟,鉄筋コンクリート造、鉄骨鉄筋コンクリート造,2,N,203号室,2DK,50,8,62000,3100,2か月,['近居割WIDE'],随時,https://www.ur-net.go.jp/chintai/kanto/kanagawa/40_1780_room.html?JKSS=000160203,<li>JR東海道本線「平塚」駅バス20分 徒歩1～3分</li><li>小田急小田原線「伊勢原」駅バス33分 徒歩2～5分</li><li>JR東海道本線「大磯」駅 徒歩53～56分</li>
kanagawa,shonan,サンヴァリエ平塚,65100,,,,JR東海道本線「平塚」駅,21.0,23.0,平塚市高村203,17号棟,鉄筋コンクリート造、鉄骨鉄筋コンクリート造,5,N,506号室,2DK,50,8,62000,3100,2か月,['近居割WIDE'],随時,https://www.ur-net.go.jp/chintai/kanto/kanagawa/40_1780_room.html?JKSS=000170506,<li>JR東海道本線「平塚」駅バス20分 徒歩1～3分</li><li>小田急小田原線「伊勢原」駅バス33分 徒歩2～5分</li><li>JR東海道本線「大磯」駅 徒歩53～56分</li>
kanagawa,shonan,サンヴァリエ平塚,65100,,,,小田急小田原線「伊勢原」駅,35.0,38.0,平塚市高村203,17号棟,鉄筋コンクリート造、鉄骨鉄筋コンクリート造,5,N,506号室,2DK,50,8,62000,3100,2か月,['近居割WIDE'],随時,https://www.ur-net.go.jp/chintai/kanto/kanagawa/40_1780_room.html?JKSS=000170506,<li>JR東海道本線「平塚」駅バス20分 徒歩1～3分</li><li>小田急小田原線「伊勢原」駅バス33分 徒歩2～5分</li><li>JR東海道本線「大磯」駅 徒歩53～56分</li>
kanagawa,shonan,サンヴァリエ平塚,65100,JR東海道本線「大磯」駅,53.0,56.0,,,,平塚市高村203,17号棟,鉄筋コンクリート造、鉄骨鉄筋コンクリート造,5,N,506号室,2DK,50,8,62000,3100,2か月,['近居割WIDE'],随時,https://www.ur-net.go.jp/chintai/kanto/kanagawa/40_1780_room.html?JKSS=000170506,<li>JR東海道本線「平塚」駅バス20分 徒歩1～3分</li><li>小田急小田原線「伊勢原」駅バス33分 徒歩2～5分</li><li>JR東海道本線「大磯」駅 徒歩53～56分</li>
kanagawa,shonan,サンヴァリエ平塚,65100,,,,,,,平塚市高村203,17号棟,鉄筋コンクリート造、鉄骨鉄筋コンクリート造,5,N,506号室,2DK,50,8,62000,3100,2か月,['近居割WIDE'],随時,https://www.ur-net.go.jp/chintai/kanto/kanagawa/40_1780_room.html?JKSS=000170506,<li>JR東海道本線「平塚」駅バス20分 徒歩1～3分</li><li>小田急小田原線「伊勢原」駅バス33分 徒歩2～5分</li><li>JR東海道本線「大磯」駅 徒歩53～56分</li>
kanagawa,shonan,サンヴァリエ平塚,65100,,,,JR東海道本線「平塚」駅,21.0,23.0,平塚市高村203,18号棟,鉄筋コンクリート造、鉄骨鉄筋コンクリート造,5,N,505号室,2DK,50,8,62000,3100,2か月,['フリレ2か月'],随時,https://www.ur-net.go.jp/chintai/kanto/kanagawa/40_1780_room.html?JKSS=000180505,<li>JR東海道本線「平塚」駅バス20分 徒歩1～3分</li><li>小田急小田原線「伊勢原」駅バス33分 徒歩2～5分</li><li>JR東海道本線「大磯」駅 徒歩53～56分</li>
kanagawa,shonan,サンヴァリエ平塚,65100,,,,小田急小田原線「伊勢原」駅,35.0,38.0,平塚市高村203,18号棟,鉄筋コンクリート造、鉄骨鉄筋コンクリート造,5,N,505号室,2DK,50,8,62000,3100,2か月,['フリレ2か月'],随時,https://www.ur-net.go.jp/chintai/kanto/kanagawa/40_1780_room.html?JKSS=000180505,<li>JR東海道本線「平塚」駅バス20分 徒歩1～3分</li><li>小田急小田原線「伊勢原」駅バス33分 徒歩2～5分</li><li>JR東海道本線「大磯」駅 徒歩53～56分</li>
kanagawa,shonan,サンヴァリエ平塚,65100,JR東海道本線「大磯」駅,53.0,56.0,,,,平塚市高村203,18号棟,鉄筋コンクリート造、鉄骨鉄筋コンクリート造,5,N,505号室,2DK,50,8,62000,3100,2か月,['フリレ2か月'],随時,https://www.ur-net.go.jp/chintai/kanto/kanagawa/40_1780_room.html?JKSS=000180505,<li>JR東海道本線「平塚」駅バス20分 徒歩1～3分</li><li>小田急小田原線「伊勢原」駅バス33分 徒歩2～5分</li><li>JR東海道本線「大磯」駅 徒歩53～56分</li>
kanagawa,shonan,サンヴァリエ平塚,65100,,,,,,,平塚市高村203,18号棟,鉄筋コンクリート造、鉄骨鉄筋コンクリート造,5,N,505号室,2DK,50,8,62000,3100,2か月,['フリレ2か月'],随時,https://www.ur-net.go.jp/chintai/kanto/kanagawa/40_1780_room.html?JKSS=000180505,<li>JR東海道本線「平塚」駅バス20分 徒歩1～3分</li><li>小田急小田原線「伊勢原」駅バス33分 徒歩2～5分</li><li>JR東海道本線「大磯」駅 徒歩53～56分</li>
kanagawa,shonan,サンヴァリエ平塚,68800,,,,JR東海道本線「平塚」駅,21.0,23.0,平塚市高村203,8号棟,鉄筋コンクリート造、鉄骨鉄筋コンクリート造,4,N,403号室,3DK,53,5,65700,3100,2か月,['フリレ2か月'],随時,https://www.ur-net.go.jp/chintai/kanto/kanagawa/40_1780_room.html?JKSS=000080403,<li>JR東海道本線「平塚」駅バス20分 徒歩1～3分</li><li>小田急小田原線「伊勢原」駅バス33分 徒歩2～5分</li><li>JR東海道本線「大磯」駅 徒歩53～56分</li>
kanagawa,shonan,サンヴァリエ平塚,68800,,,,小田急小田原線「伊勢原」駅,35.0,38.0,平塚市高村203,8号棟,鉄筋コンクリート造、鉄骨鉄筋コンクリート造,4,N,403号室,3DK,53,5,65700,3100,2か月,['フリレ2か月'],随時,https://www.ur-net.go.jp/chintai/kanto/kanagawa/40_1780_room.html?JKSS=000080403,<li>JR東海道本線「平塚」駅バス20分 徒歩1～3分</li><li>小田急小田原線「伊勢原」駅バス33分 徒歩2～5分</li><li>JR東海道本線「大磯」駅 徒歩53～56分</li>
kanagawa,shonan,サンヴァリエ平塚,68800,JR東海道本線「大磯」駅,53.0,56.0,,,,平塚市高村203,8号棟,鉄筋コンクリート造、鉄骨鉄筋コンクリート造,4,N,403号室,3DK,53,5,65700,3100,2か月,['フリレ2か月'],随時,https://www.ur-net.go.jp/chintai/kanto/kanagawa/40_1780_room.html?JKSS=000080403,<li>JR東海道本線「平塚」駅バス20分 徒歩1～3分</li><li>小田急小田原線「伊勢原」駅バス33分 徒歩2～5分</li><li>JR東海道本線「大磯」駅 徒歩53～56分</li>
kanagawa,shonan,サンヴァリエ平塚,68800,,,,,,,平塚市高村203,8号棟,鉄筋コンクリート造、鉄骨鉄筋コンクリート造,4,N,403号室,3DK,53,5,65700,3100,2か月,['フリレ2か月'],随時,https://www.ur-net.go.jp/chintai/kanto/kanagawa/40_1780_room.html?JKSS=000080403,<li>JR東海道本線「平塚」駅バス20分 徒歩1～3分</li><li>小田急小田原線「伊勢原」駅バス33分 徒歩2～5分</li><li>JR東海道本線「大磯」駅 徒歩53～56分</li>
kanagawa,shonan,善行,53100,小田急江ノ島線「善行」駅,11.0,19.0,小田急江ノ島線「善行」駅,5.0,13.0,藤沢市善行団地1-1ほか,2-6号棟,鉄筋コンクリート造,5,N,502号室,2DK,41,5,49800,3300,2か月,['URライト（4年定借）'],随時,https://www.ur-net.go.jp/chintai/kanto/kanagawa/40_1040_room.html?JKSS=000206502,<li>小田急江ノ島線「善行」駅 徒歩11～19分 又はバス4～8分 徒歩1～5分</li>
kanagawa,shonan,善行,53100,,,,,,,藤沢市善行団地1-1ほか,2-6号棟,鉄筋コンクリート造,5,N,502号室,2DK,41,5,49800,3300,2か月,['URライト（4年定借）'],随時,https://www.ur-net.go.jp/chintai/kanto/kanagawa/40_1040_room.html?JKSS=000206502,<li>小田急江ノ島線「善行」駅 徒歩11～19分 又はバス4～8分 徒歩1～5分</li>
kanagawa,shonan,善行,53100,小田急江ノ島線「善行」駅,11.0,19.0,小田急江ノ島線「善行」駅,5.0,13.0,藤沢市善行団地1-1ほか,7-11号棟,鉄筋コンクリート造,5,N,503号室,2DK,41,5,49800,3300,2か月,['URライト（4年定借）'],随時,https://www.ur-net.go.jp/chintai/kanto/kanagawa/40_1040_room.html?JKSS=000711503,<li>小田急江ノ島線「善行」駅 徒歩11～19分 又はバス4～8分 徒歩1～5分</li>
kanagawa,shonan,善行,53100,,,,,,,藤沢市善行団地1-1ほか,7-11号棟,鉄筋コンクリート造,5,N,503号室,2DK,41,5,49800,3300,2か月,['URライト（4年定借）'],随時,https://www.ur-net.go.jp/chintai/kanto/kanagawa/40_1040_room.html?JKSS=000711503,<li>小田急江ノ島線「善行」駅 徒歩11～19分 又はバス4～8分 徒歩1～5分</li>
kanagawa,shonan,善行,55500,小田急江ノ島線「善行」駅,11.0,19.0,小田急江ノ島線「善行」駅,5.0,13.0,藤沢市善行団地1-1ほか,7-11号棟,鉄筋コンクリート造,2,N,204号室,1LDK,41,5,52200,3300,2か月,['URライト（4年定借）'],随時,https://www.ur-net.go.jp/chintai/kanto/kanagawa/40_1040_room.html?JKSS=000711204,<li>小田急江ノ島線「善行」駅 徒歩11～19分 又はバス4～8分 徒歩1～5分</li>
kanagawa,shonan,善行,55500,,,,,,,藤沢市善行団地1-1ほか,7-11号棟,鉄筋コンクリート造,2,N,204号室,1LDK,41,5,52200,3300,2か月,['URライト（4年定借）'],随時,https://www.ur-net.go.jp/chintai/kanto/kanagawa/40_1040_room.html?JKSS=000711204,<li>小田急江ノ島線「善行」駅 徒歩11～19分 又はバス4～8分 徒歩1～5分</li>
kanagawa,shonan,善行,61300,小田急江ノ島線「善行」駅,11.0,19.0,小田急江ノ島線「善行」駅,5.0,13.0,藤沢市善行団地1-1ほか,7-2号棟,鉄筋コンクリート造,3,N,305号室,3K,45,5,58000,3300,2か月,['URライト（4年定借）'],随時,https://www.ur-net.go.jp/chintai/kanto/kanagawa/40_1040_room.html?JKSS=000702305,<li>小田急江ノ島線「善行」駅 徒歩11～19分 又はバス4～8分 徒歩1～5分</li>
kanagawa,shonan,善行,61300,,,,,,,藤沢市善行団地1-1ほか,7-2号棟,鉄筋コンクリート造,3,N,305号室,3K,45,5,58000,3300,2か月,['URライト（4年定借）'],随時,https://www.ur-net.go.jp/chintai/kanto/kanagawa/40_1040_room.html?JKSS=000702305,<li>小田急江ノ島線「善行」駅 徒歩11～19分 又はバス4～8分 徒歩1～5分</li>
kanagawa,shonan,善行,61300,小田急江ノ島線「善行」駅,11.0,19.0,小田急江ノ島線「善行」駅,5.0,13.0,藤沢市善行団地1-1ほか,7-7号棟,鉄筋コンクリート造,2,N,208号室,3K,45,5,58000,3300,2か月,['URライト（4年定借）'],随時,https://www.ur-net.go.jp/chintai/kanto/kanagawa/40_1040_room.html?JKSS=000707208,<li>小田急江ノ島線「善行」駅 徒歩11～19分 又はバス4～8分 徒歩1～5分</li>
kanagawa,shonan,善行,61300,,,,,,,藤沢市善行団地1-1ほか,7-7号棟,鉄筋コンクリート造,2,N,208号室,3K,45,5,58000,3300,2か月,['URライト（4年定借）'],随時,https://www.ur-net.go.jp/chintai/kanto/kanagawa/40_1040_room.html?JKSS=000707208,<li>小田急江ノ島線「善行」駅 徒歩11～19分 又はバス4～8分 徒歩1～5分</li>
kanagawa,shonan,鶴が台,61000,,,,JR東海道本線「茅ケ崎」駅,10.0,18.0,茅ヶ崎市鶴が台,4-1号棟,鉄筋コンクリート造,5,N,501号室,3DK,53,5,57400,3600,2か月,['近居割'],随時,https://www.ur-net.go.jp/chintai/kanto/kanagawa/40_1160_room.html?JKSS=000401501,<li>JR東海道本線「茅ケ崎」駅バス9～13分 徒歩1～5分</li><li>JR相模線「北茅ケ崎」駅 徒歩14～19分</li><li>JR相模線「香川」駅 徒歩15～23分</li>
kanagawa,shonan,鶴が台,61000,JR相模線「北茅ケ崎」駅,14.0,19.0,,,,茅ヶ崎市鶴が台,4-1号棟,鉄筋コンクリート造,5,N,501号室,3DK,53,5,57400,3600,2か月,['近居割'],随時,https://www.ur-net.go.jp/chintai/kanto/kanagawa/40_1160_room.html?JKSS=000401501,<li>JR東海道本線「茅ケ崎」駅バス9～13分 徒歩1～5分</li><li>JR相模線「北茅ケ崎」駅 徒歩14～19分</li><li>JR相模線「香川」駅 徒歩15～23分</li>
kanagawa,shonan,鶴が台,61000,JR相模線「香川」駅,15.0,23.0,,,,茅ヶ崎市鶴が台,4-1号棟,鉄筋コンクリート造,5,N,501号室,3DK,53,5,57400,3600,2か月,['近居割'],随時,https://www.ur-net.go.jp/chintai/kanto/kanagawa/40_1160_room.html?JKSS=000401501,<li>JR東海道本線「茅ケ崎」駅バス9～13分 徒歩1～5分</li><li>JR相模線「北茅ケ崎」駅 徒歩14～19分</li><li>JR相模線「香川」駅 徒歩15～23分</li>
kanagawa,shonan,鶴が台,61000,,,,,,,茅ヶ崎市鶴が台,4-1号棟,鉄筋コンクリート造,5,N,501号室,3DK,53,5,57400,3600,2か月,['近居割'],随時,https://www.ur-net.go.jp/chintai/kanto/kanagawa/40_1160_room.html?JKSS=000401501,<li>JR東海道本線「茅ケ崎」駅バス9～13分 徒歩1～5分</li><li>JR相模線「北茅ケ崎」駅 徒歩14～19分</li><li>JR相模線「香川」駅 徒歩15～23分</li>
kanagawa,shonan,ライトタウン茅ヶ崎,107200,JR相模線「香川」駅,14.0,14.0,,,,茅ヶ崎市香川1-10,5号棟,鉄筋コンクリート造,2,N,211号室,3LDK,71,10,101900,5300,2か月,['近居割'],随時,https://www.ur-net.go.jp/chintai/kanto/kanagawa/40_2930_room.html?JKSS=000050211,<li>JR相模線「香川」駅 徒歩14分</li><li>JR東海道線ほか「茅ケ崎」駅バス11分 徒歩5分</li>
kanagawa,shonan,ライトタウン茅ヶ崎,107200,,,,JR東海道線ほか「茅ケ崎」駅,16.0,16.0,茅ヶ崎市香川1-10,5号棟,鉄筋コンクリート造,2,N,211号室,3LDK,71,10,101900,5300,2か月,['近居割'],随時,https://www.ur-net.go.jp/chintai/kanto/kanagawa/40_2930_room.html?JKSS=000050211,<li>JR相模線「香川」駅 徒歩14分</li><li>JR東海道線ほか「茅ケ崎」駅バス11分 徒歩5分</li>
kanagawa,shonan,ライトタウン茅ヶ崎,107200,,,,,,,茅ヶ崎市香川1-10,5号棟,鉄筋コンクリート造,2,N,211号室,3LDK,71,10,101900,5300,2か月,['近居割'],随時,https://www.ur-net.go.jp/chintai/kanto/kanagawa/40_2930_room.html?JKSS=000050211,<li>JR相模線「香川」駅 徒歩14分</li><li>JR東海道線ほか「茅ケ崎」駅バス11分 徒歩5分</li>
kanagawa,shonan,浜見平,107900,,,,JR東海道本線「茅ケ崎」駅,15.0,15.0,茅ヶ崎市浜見平6-2ほか,6-2号棟,鉄筋コンクリート造,3,N,303号室,3DK,62,5,104000,3900,2か月,"['近居割', '近居割WIDE']",随時,https://www.ur-net.go.jp/chintai/kanto/kanagawa/40_0971_room.html?JKSS=006020303,<li>JR東海道本線「茅ケ崎」駅バス13分 徒歩2分</li>
kanagawa,shonan,浜見平,107900,,,,,,,茅ヶ崎市浜見平6-2ほか,6-2号棟,鉄筋コンクリート造,3,N,303号室,3DK,62,5,104000,3900,2か月,"['近居割', '近居割WIDE']",随時,https://www.ur-net.go.jp/chintai/kanto/kanagawa/40_0971_room.html?JKSS=006020303,<li>JR東海道本線「茅ケ崎」駅バス13分 徒歩2分</li>
kanagawa,shonan,浜見平,116100,,,,JR東海道本線「茅ケ崎」駅,15.0,15.0,茅ヶ崎市浜見平6-2ほか,6-2号棟,鉄筋コンクリート造,2,N,202号室,3LDK,70,5,112200,3900,2か月,"['近居割', '近居割WIDE']",随時,https://www.ur-net.go.jp/chintai/kanto/kanagawa/40_0971_room.html?JKSS=006020202,<li>JR東海道本線「茅ケ崎」駅バス13分 徒歩2分</li>
kanagawa,shonan,浜見平,116100,,,,,,,茅ヶ崎市浜見平6-2ほか,6-2号棟,鉄筋コンクリート造,2,N,202号室,3LDK,70,5,112200,3900,2か月,"['近居割', '近居割WIDE']",随時,https://www.ur-net.go.jp/chintai/kanto/kanagawa/40_0971_room.html?JKSS=006020202,<li>JR東海道本線「茅ケ崎」駅バス13分 徒歩2分</li>
kanagawa,shonan,浜見平,119500,,,,JR東海道本線「茅ケ崎」駅,15.0,15.0,茅ヶ崎市浜見平6-2ほか,6-2号棟,鉄筋コンクリート造,5,N,506号室,3LDK,70,5,115600,3900,2か月,"['近居割', '近居割WIDE']",随時,https://www.ur-net.go.jp/chintai/kanto/kanagawa/40_0971_room.html?JKSS=006020506,<li>JR東海道本線「茅ケ崎」駅バス13分 徒歩2分</li>
kanagawa,shonan,浜見平,119500,,,,,,,茅ヶ崎市浜見平6-2ほか,6-2号棟,鉄筋コンクリート造,5,N,506号室,3LDK,70,5,115600,3900,2か月,"['近居割', '近居割WIDE']",随時,https://www.ur-net.go.jp/chintai/kanto/kanagawa/40_0971_room.html?JKSS=006020506,<li>JR東海道本線「茅ケ崎」駅バス13分 徒歩2分</li>
kanagawa,shonan,浜見平,123300,,,,JR東海道本線「茅ケ崎」駅,15.0,15.0,茅ヶ崎市浜見平6-2ほか,6-3号棟,鉄筋コンクリート造,4,N,406号室,3LDK,70,5,119400,3900,2か月,['フリレ１か月'],随時,https://www.ur-net.go.jp/chintai/kanto/kanagawa/40_0971_room.html?JKSS=006030406,<li>JR東海道本線「茅ケ崎」駅バス13分 徒歩2分</li>
kanagawa,shonan,浜見平,123300,,,,,,,茅ヶ崎市浜見平6-2ほか,6-3号棟,鉄筋コンクリート造,4,N,406号室,3LDK,70,5,119400,3900,2か月,['フリレ１か月'],随時,https://www.ur-net.go.jp/chintai/kanto/kanagawa/40_0971_room.html?JKSS=006030406,<li>JR東海道本線「茅ケ崎」駅バス13分 徒歩2分</li>
kanagawa,shonan,コンフォール茅ヶ崎浜見平,122800,,,,JR東海道本線「茅ケ崎」駅,16.0,18.0,茅ヶ崎市浜見平13番ほか,14-2号棟,鉄筋コンクリート造,2,N,212号室,1LDK,63,8,117900,4900,2か月,"['近居割', '近居割WIDE']",随時,https://www.ur-net.go.jp/chintai/kanto/kanagawa/40_4240_room.html?JKSS=014020212,<li>JR東海道本線「茅ケ崎」駅バス14分 徒歩2～4分</li>
kanagawa,shonan,コンフォール茅ヶ崎浜見平,122800,,,,,,,茅ヶ崎市浜見平13番ほか,14-2号棟,鉄筋コンクリート造,2,N,212号室,1LDK,63,8,117900,4900,2か月,"['近居割', '近居割WIDE']",随時,https://www.ur-net.go.jp/chintai/kanto/kanagawa/40_4240_room.html?JKSS=014020212,<li>JR東海道本線「茅ケ崎」駅バス14分 徒歩2～4分</li>
kanagawa,shonan,コンフォール茅ヶ崎浜見平,130700,,,,JR東海道本線「茅ケ崎」駅,16.0,18.0,茅ヶ崎市浜見平13番ほか,4-4号棟,鉄筋コンクリート造,1,N,102号室,1LDK,49,8,125800,4900,2か月,"['近居割', '近居割WIDE']",随時,https://www.ur-net.go.jp/chintai/kanto/kanagawa/40_4240_room.html?JKSS=004040102,<li>JR東海道本線「茅ケ崎」駅バス14分 徒歩2～4分</li>
kanagawa,shonan,コンフォール茅ヶ崎浜見平,130700,,,,,,,茅ヶ崎市浜見平13番ほか,4-4号棟,鉄筋コンクリート造,1,N,102号室,1LDK,49,8,125800,4900,2か月,"['近居割', '近居割WIDE']",随時,https://www.ur-net.go.jp/chintai/kanto/kanagawa/40_4240_room.html?JKSS=004040102,<li>JR東海道本線「茅ケ崎」駅バス14分 徒歩2～4分</li>
chiba,hanamigawa,花見川（第１次～第４次）,50650,,,,京成本線「八千代台」駅,4.0,18.0,千葉市花見川区花見川1ほか,8-16号棟,鉄筋コンクリート造,4,N,403号室,3DK,53,5,47900,2750,2か月,"['近居割', '近居割WIDE']",随時,https://www.ur-net.go.jp/chintai/kanto/chiba/30_1681_room.html?JKSS=000816403,<li>京成本線「八千代台」駅バス3～10分 徒歩1～8分</li><li>京成本線「実籾」駅 徒歩30～45分</li><li>京成本線「京成大和田」駅 徒歩31～49分</li>
chiba,hanamigawa,花見川（第１次～第４次）,50650,京成本線「実籾」駅,30.0,45.0,,,,千葉市花見川区花見川1ほか,8-16号棟,鉄筋コンクリート造,4,N,403号室,3DK,53,5,47900,2750,2か月,"['近居割', '近居割WIDE']",随時,https://www.ur-net.go.jp/chintai/kanto/chiba/30_1681_room.html?JKSS=000816403,<li>京成本線「八千代台」駅バス3～10分 徒歩1～8分</li><li>京成本線「実籾」駅 徒歩30～45分</li><li>京成本線「京成大和田」駅 徒歩31～49分</li>
chiba,hanamigawa,花見川（第１次～第４次）,50650,京成本線「京成大和田」駅,31.0,49.0,,,,千葉市花見川区花見川1ほか,8-16号棟,鉄筋コンクリート造,4,N,403号室,3DK,53,5,47900,2750,2か月,"['近居割', '近居割WIDE']",随時,https://www.ur-net.go.jp/chintai/kanto/chiba/30_1681_room.html?JKSS=000816403,<li>京成本線「八千代台」駅バス3～10分 徒歩1～8分</li><li>京成本線「実籾」駅 徒歩30～45分</li><li>京成本線「京成大和田」駅 徒歩31～49分</li>
chiba,hanamigawa,花見川（第１次～第４次）,50650,,,,,,,千葉市花見川区花見川1ほか,8-16号棟,鉄筋コンクリート造,4,N,403号室,3DK,53,5,47900,2750,2か月,"['近居割', '近居割WIDE']",随時,https://www.ur-net.go.jp/chintai/kanto/chiba/30_1681_room.html?JKSS=000816403,<li>京成本線「八千代台」駅バス3～10分 徒歩1～8分</li><li>京成本線「実籾」駅 徒歩30～45分</li><li>京成本線「京成大和田」駅 徒歩31～49分</li>
chiba,inageekimae,千葉幸町,50600,京成千葉線「みどり台」駅,11.0,20.0,,,,千葉市美浜区幸町2,11-20号棟,鉄筋コンクリート造,3,N,302号室,2DK,40,5,47500,3100,2か月,['近居割WIDE'],随時,https://www.ur-net.go.jp/chintai/kanto/chiba/30_1810_room.html?JKSS=011020302,<li>京成千葉線「みどり台」駅 徒歩11～20分</li><li>JR京葉線「稲毛海岸」駅 徒歩19～23分</li><li>JR総武線「稲毛」駅 徒歩22～26分</li><li>京成千葉線「京成稲毛」駅 徒歩21～28分</li><li>JR総武線「西千葉」駅 徒歩14～26分</li><li>京成千葉線「西登戸」駅 徒歩10～24分</li>
chiba,inageekimae,千葉幸町,50600,JR京葉線「稲毛海岸」駅,19.0,23.0,,,,千葉市美浜区幸町2,11-20号棟,鉄筋コンクリート造,3,N,302号室,2DK,40,5,47500,3100,2か月,['近居割WIDE'],随時,https://www.ur-net.go.jp/chintai/kanto/chiba/30_1810_room.html?JKSS=011020302,<li>京成千葉線「みどり台」駅 徒歩11～20分</li><li>JR京葉線「稲毛海岸」駅 徒歩19～23分</li><li>JR総武線「稲毛」駅 徒歩22～26分</li><li>京成千葉線「京成稲毛」駅 徒歩21～28分</li><li>JR総武線「西千葉」駅 徒歩14～26分</li><li>京成千葉線「西登戸」駅 徒歩10～24分</li>
chiba,inageekimae,千葉幸町,50600,JR総武線「稲毛」駅,22.0,26.0,,,,千葉市美浜区幸町2,11-20号棟,鉄筋コンクリート造,3,N,302号室,2DK,40,5,47500,3100,2か月,['近居割WIDE'],随時,https://www.ur-net.go.jp/chintai/kanto/chiba/30_1810_room.html?JKSS=011020302,<li>京成千葉線「みどり台」駅 徒歩11～20分</li><li>JR京葉線「稲毛海岸」駅 徒歩19～23分</li><li>JR総武線「稲毛」駅 徒歩22～26分</li><li>京成千葉線「京成稲毛」駅 徒歩21～28分</li><li>JR総武線「西千葉」駅 徒歩14～26分</li><li>京成千葉線「西登戸」駅 徒歩10～24分</li>
chiba,inageekimae,千葉幸町,50600,京成千葉線「京成稲毛」駅,21.0,28.0,,,,千葉市美浜区幸町2,11-20号棟,鉄筋コンクリート造,3,N,302号室,2DK,40,5,47500,3100,2か月,['近居割WIDE'],随時,https://www.ur-net.go.jp/chintai/kanto/chiba/30_1810_room.html?JKSS=011020302,<li>京成千葉線「みどり台」駅 徒歩11～20分</li><li>JR京葉線「稲毛海岸」駅 徒歩19～23分</li><li>JR総武線「稲毛」駅 徒歩22～26分</li><li>京成千葉線「京成稲毛」駅 徒歩21～28分</li><li>JR総武線「西千葉」駅 徒歩14～26分</li><li>京成千葉線「西登戸」駅 徒歩10～24分</li>
chiba,inageekimae,千葉幸町,50600,JR総武線「西千葉」駅,14.0,26.0,,,,千葉市美浜区幸町2,11-20号棟,鉄筋コンクリート造,3,N,302号室,2DK,40,5,47500,3100,2か月,['近居割WIDE'],随時,https://www.ur-net.go.jp/chintai/kanto/chiba/30_1810_room.html?JKSS=011020302,<li>京成千葉線「みどり台」駅 徒歩11～20分</li><li>JR京葉線「稲毛海岸」駅 徒歩19～23分</li><li>JR総武線「稲毛」駅 徒歩22～26分</li><li>京成千葉線「京成稲毛」駅 徒歩21～28分</li><li>JR総武線「西千葉」駅 徒歩14～26分</li><li>京成千葉線「西登戸」駅 徒歩10～24分</li>
chiba,inageekimae,千葉幸町,50600,京成千葉線「西登戸」駅,10.0,24.0,,,,千葉市美浜区幸町2,11-20号棟,鉄筋コンクリート造,3,N,302号室,2DK,40,5,47500,3100,2か月,['近居割WIDE'],随時,https://www.ur-net.go.jp/chintai/kanto/chiba/30_1810_room.html?JKSS=011020302,<li>京成千葉線「みどり台」駅 徒歩11～20分</li><li>JR京葉線「稲毛海岸」駅 徒歩19～23分</li><li>JR総武線「稲毛」駅 徒歩22～26分</li><li>京成千葉線「京成稲毛」駅 徒歩21～28分</li><li>JR総武線「西千葉」駅 徒歩14～26分</li><li>京成千葉線「西登戸」駅 徒歩10～24分</li>
chiba,inageekimae,千葉幸町,50600,,,,,,,千葉市美浜区幸町2,11-20号棟,鉄筋コンクリート造,3,N,302号室,2DK,40,5,47500,3100,2か月,['近居割WIDE'],随時,https://www.ur-net.go.jp/chintai/kanto/chiba/30_1810_room.html?JKSS=011020302,<li>京成千葉線「みどり台」駅 徒歩11～20分</li><li>JR京葉線「稲毛海岸」駅 徒歩19～23分</li><li>JR総武線「稲毛」駅 徒歩22～26分</li><li>京成千葉線「京成稲毛」駅 徒歩21～28分</li><li>JR総武線「西千葉」駅 徒歩14～26分</li><li>京成千葉線「西登戸」駅 徒歩10～24分</li>
chiba,inagekaigan,高洲第一,71600,JR京葉線「稲毛海岸」駅,6.0,20.0,,,,千葉市美浜区高洲2ほか,2-3-4号棟,鉄筋コンクリート造、鉄骨鉄筋コンクリート造,4,N,405号室,3DK,56,5,68700,2900,2か月,"['近居割', '近居割WIDE']",随時,https://www.ur-net.go.jp/chintai/kanto/chiba/30_2390_room.html?JKSS=203040405,<li>JR京葉線「稲毛海岸」駅 徒歩6～20分</li><li>JR総武線「稲毛」駅バス5分 徒歩7分</li><li>京成千葉線「みどり台」駅 徒歩22～33分</li><li>京成千葉線「京成稲毛」駅 徒歩20～28分</li>
chiba,inagekaigan,高洲第一,71600,,,,JR総武線「稲毛」駅,12.0,12.0,千葉市美浜区高洲2ほか,2-3-4号棟,鉄筋コンクリート造、鉄骨鉄筋コンクリート造,4,N,405号室,3DK,56,5,68700,2900,2か月,"['近居割', '近居割WIDE']",随時,https://www.ur-net.go.jp/chintai/kanto/chiba/30_2390_room.html?JKSS=203040405,<li>JR京葉線「稲毛海岸」駅 徒歩6～20分</li><li>JR総武線「稲毛」駅バス5分 徒歩7分</li><li>京成千葉線「みどり台」駅 徒歩22～33分</li><li>京成千葉線「京成稲毛」駅 徒歩20～28分</li>
chiba,inagekaigan,高洲第一,71600,京成千葉線「みどり台」駅,22.0,33.0,,,,千葉市美浜区高洲2ほか,2-3-4号棟,鉄筋コンクリート造、鉄骨鉄筋コンクリート造,4,N,405号室,3DK,56,5,68700,2900,2か月,"['近居割', '近居割WIDE']",随時,https://www.ur-net.go.jp/chintai/kanto/chiba/30_2390_room.html?JKSS=203040405,<li>JR京葉線「稲毛海岸」駅 徒歩6～20分</li><li>JR総武線「稲毛」駅バス5分 徒歩7分</li><li>京成千葉線「みどり台」駅 徒歩22～33分</li><li>京成千葉線「京成稲毛」駅 徒歩20～28分</li>
chiba,inagekaigan,高洲第一,71600,京成千葉線「京成稲毛」駅,20.0,28.0,,,,千葉市美浜区高洲2ほか,2-3-4号棟,鉄筋コンクリート造、鉄骨鉄筋コンクリート造,4,N,405号室,3DK,56,5,68700,2900,2か月,"['近居割', '近居割WIDE']",随時,https://www.ur-net.go.jp/chintai/kanto/chiba/30_2390_room.html?JKSS=203040405,<li>JR京葉線「稲毛海岸」駅 徒歩6～20分</li><li>JR総武線「稲毛」駅バス5分 徒歩7分</li><li>京成千葉線「みどり台」駅 徒歩22～33分</li><li>京成千葉線「京成稲毛」駅 徒歩20～28分</li>
chiba,inagekaigan,高洲第一,71600,,,,,,,千葉市美浜区高洲2ほか,2-3-4号棟,鉄筋コンクリート造、鉄骨鉄筋コンクリート造,4,N,405号室,3DK,56,5,68700,2900,2か月,"['近居割', '近居割WIDE']",随時,https://www.ur-net.go.jp/chintai/kanto/chiba/30_2390_room.html?JKSS=203040405,<li>JR京葉線「稲毛海岸」駅 徒歩6～20分</li><li>JR総武線「稲毛」駅バス5分 徒歩7分</li><li>京成千葉線「みどり台」駅 徒歩22～33分</li><li>京成千葉線「京成稲毛」駅 徒歩20～28分</li>
chiba,makuhari,幕張ベイタウンパティオス１５番街,134480,JR京葉線「海浜幕張」駅,13.0,13.0,JR京葉線「海浜幕張」駅,7.0,7.0,千葉市美浜区打瀬2-10 パティオス15番街,,鉄筋コンクリート造,3,N,326号室,1LDK,52,6,126700,7780,2か月,"['近居割', '近居割WIDE']",随時,https://www.ur-net.go.jp/chintai/kanto/chiba/30_5850_room.html?JKSS=000000326,<li>JR京葉線「海浜幕張」駅 徒歩13分 又はバス6分 徒歩1分</li>
chiba,makuhari,幕張ベイタウンパティオス１５番街,134480,,,,,,,千葉市美浜区打瀬2-10 パティオス15番街,,鉄筋コンクリート造,3,N,326号室,1LDK,52,6,126700,7780,2か月,"['近居割', '近居割WIDE']",随時,https://www.ur-net.go.jp/chintai/kanto/chiba/30_5850_room.html?JKSS=000000326,<li>JR京葉線「海浜幕張」駅 徒歩13分 又はバス6分 徒歩1分</li>
chiba,makuhari,幕張ベイタウンパティオス１５番街,169780,JR京葉線「海浜幕張」駅,13.0,13.0,JR京葉線「海浜幕張」駅,7.0,7.0,千葉市美浜区打瀬2-10 パティオス15番街,,鉄筋コンクリート造,6,N,614号室,2LDK,69,6,162000,7780,2か月,"['近居割', '近居割WIDE']",随時,https://www.ur-net.go.jp/chintai/kanto/chiba/30_5850_room.html?JKSS=000000614,<li>JR京葉線「海浜幕張」駅 徒歩13分 又はバス6分 徒歩1分</li>
chiba,makuhari,幕張ベイタウンパティオス１５番街,169780,,,,,,,千葉市美浜区打瀬2-10 パティオス15番街,,鉄筋コンクリート造,6,N,614号室,2LDK,69,6,162000,7780,2か月,"['近居割', '近居割WIDE']",随時,https://www.ur-net.go.jp/chintai/kanto/chiba/30_5850_room.html?JKSS=000000614,<li>JR京葉線「海浜幕張」駅 徒歩13分 又はバス6分 徒歩1分</li>
chiba,makuhari,幕張ベイタウンパティオス７番街,181500,JR京葉線「海浜幕張」駅,10.0,10.0,JR京葉線「海浜幕張」駅,8.0,8.0,千葉市美浜区打瀬1-5 パティオス7番街,,鉄筋コンクリート造,6,N,604号室,2LDK,73,6,171700,9800,2か月,"['近居割', '近居割WIDE']",随時,https://www.ur-net.go.jp/chintai/kanto/chiba/30_5410_room.html?JKSS=000000604,<li>JR京葉線「海浜幕張」駅 徒歩10分 又はバス7分 徒歩1分</li>
chiba,makuhari,幕張ベイタウンパティオス７番街,181500,,,,,,,千葉市美浜区打瀬1-5 パティオス7番街,,鉄筋コンクリート造,6,N,604号室,2LDK,73,6,171700,9800,2か月,"['近居割', '近居割WIDE']",随時,https://www.ur-net.go.jp/chintai/kanto/chiba/30_5410_room.html?JKSS=000000604,<li>JR京葉線「海浜幕張」駅 徒歩10分 又はバス7分 徒歩1分</li>
chiba,kitanarashino,金杉台,57500,,,,JR総武線「船橋」駅,22.0,27.0,船橋市金杉台1ほか,1-3-2号棟,鉄筋コンクリート造,2,N,201号室,3DK,50,5,54900,2600,2か月,['健康寿命サポート'],随時,https://www.ur-net.go.jp/chintai/kanto/chiba/30_2110_room.html?JKSS=103002201,<li>JR総武線「船橋」駅バス20分 徒歩2～7分</li><li>京成松戸線「高根公団」駅 徒歩26～33分</li><li>京成松戸線「三咲」駅 徒歩29～32分</li><li>東武野田線「馬込沢」駅 徒歩38～42分</li>
chiba,kitanarashino,金杉台,57500,京成松戸線「高根公団」駅,26.0,33.0,,,,船橋市金杉台1ほか,1-3-2号棟,鉄筋コンクリート造,2,N,201号室,3DK,50,5,54900,2600,2か月,['健康寿命サポート'],随時,https://www.ur-net.go.jp/chintai/kanto/chiba/30_2110_room.html?JKSS=103002201,<li>JR総武線「船橋」駅バス20分 徒歩2～7分</li><li>京成松戸線「高根公団」駅 徒歩26～33分</li><li>京成松戸線「三咲」駅 徒歩29～32分</li><li>東武野田線「馬込沢」駅 徒歩38～42分</li>
chiba,kitanarashino,金杉台,57500,京成松戸線「三咲」駅,29.0,32.0,,,,船橋市金杉台1ほか,1-3-2号棟,鉄筋コンクリート造,2,N,201号室,3DK,50,5,54900,2600,2か月,['健康寿命サポート'],随時,https://www.ur-net.go.jp/chintai/kanto/chiba/30_2110_room.html?JKSS=103002201,<li>JR総武線「船橋」駅バス20分 徒歩2～7分</li><li>京成松戸線「高根公団」駅 徒歩26～33分</li><li>京成松戸線「三咲」駅 徒歩29～32分</li><li>東武野田線「馬込沢」駅 徒歩38～42分</li>
chiba,kitanarashino,金杉台,57500,東武野田線「馬込沢」駅,38.0,42.0,,,,船橋市金杉台1ほか,1-3-2号棟,鉄筋コンクリート造,2,N,201号室,3DK,50,5,54900,2600,2か月,['健康寿命サポート'],随時,https://www.ur-net.go.jp/chintai/kanto/chiba/30_2110_room.html?JKSS=103002201,<li>JR総武線「船橋」駅バス20分 徒歩2～7分</li><li>京成松戸線「高根公団」駅 徒歩26～33分</li><li>京成松戸線「三咲」駅 徒歩29～32分</li><li>東武野田線「馬込沢」駅 徒歩38～42分</li>
chiba,kitanarashino,金杉台,57500,,,,,,,船橋市金杉台1ほか,1-3-2号棟,鉄筋コンクリート造,2,N,201号室,3DK,50,5,54900,2600,2か月,['健康寿命サポート'],随時,https://www.ur-net.go.jp/chintai/kanto/chiba/30_2110_room.html?JKSS=103002201,<li>JR総武線「船橋」駅バス20分 徒歩2～7分</li><li>京成松戸線「高根公団」駅 徒歩26～33分</li><li>京成松戸線「三咲」駅 徒歩29～32分</li><li>東武野田線「馬込沢」駅 徒歩38～42分</li>
chiba,kitanarashino,高津（第１次）,49150,東葉高速鉄道「八千代緑が丘」駅,13.0,23.0,,,,八千代市高津832-1ほか,3-2号棟,鉄筋コンクリート造,4,N,404号室,3K,47,5,46200,2950,2か月,"['近居割', '近居割WIDE']",随時,https://www.ur-net.go.jp/chintai/kanto/chiba/30_2211_room.html?JKSS=003002404,<li>東葉高速鉄道「八千代緑が丘」駅 徒歩13～23分</li><li>東葉高速鉄道「八千代中央」駅 徒歩36～44分</li><li>京成本線「八千代台」駅バス7～8分 徒歩1～11分</li>
chiba,kitanarashino,高津（第１次）,49150,東葉高速鉄道「八千代中央」駅,36.0,44.0,,,,八千代市高津832-1ほか,3-2号棟,鉄筋コンクリート造,4,N,404号室,3K,47,5,46200,2950,2か月,"['近居割', '近居割WIDE']",随時,https://www.ur-net.go.jp/chintai/kanto/chiba/30_2211_room.html?JKSS=003002404,<li>東葉高速鉄道「八千代緑が丘」駅 徒歩13～23分</li><li>東葉高速鉄道「八千代中央」駅 徒歩36～44分</li><li>京成本線「八千代台」駅バス7～8分 徒歩1～11分</li>
chiba,kitanarashino,高津（第１次）,49150,,,,京成本線「八千代台」駅,8.0,19.0,八千代市高津832-1ほか,3-2号棟,鉄筋コンクリート造,4,N,404号室,3K,47,5,46200,2950,2か月,"['近居割', '近居割WIDE']",随時,https://www.ur-net.go.jp/chintai/kanto/chiba/30_2211_room.html?JKSS=003002404,<li>東葉高速鉄道「八千代緑が丘」駅 徒歩13～23分</li><li>東葉高速鉄道「八千代中央」駅 徒歩36～44分</li><li>京成本線「八千代台」駅バス7～8分 徒歩1～11分</li>
chiba,kitanarashino,高津（第１次）,49150,,,,,,,八千代市高津832-1ほか,3-2号棟,鉄筋コンクリート造,4,N,404号室,3K,47,5,46200,2950,2か月,"['近居割', '近居割WIDE']",随時,https://www.ur-net.go.jp/chintai/kanto/chiba/30_2211_room.html?JKSS=003002404,<li>東葉高速鉄道「八千代緑が丘」駅 徒歩13～23分</li><li>東葉高速鉄道「八千代中央」駅 徒歩36～44分</li><li>京成本線「八千代台」駅バス7～8分 徒歩1～11分</li>
chiba,yurinokidaipc,村上,75400,東葉高速線「村上」駅,8.0,17.0,,,,八千代市村上1113-1,2-10号棟,鉄筋コンクリート造、鉄骨鉄筋コンクリート造,6,N,603号室,2LDK,63,11,73000,2400,2か月,"['近居割', '近居割WIDE']",随時,https://www.ur-net.go.jp/chintai/kanto/chiba/30_2730_room.html?JKSS=002100603,<li>東葉高速線「村上」駅 徒歩8～17分</li><li>京成本線「勝田台」駅バス6～10分 徒歩1～6分</li><li>東葉高速線「東葉勝田台」駅バス6～10分 徒歩1～6分</li>
chiba,yurinokidaipc,村上,75400,,,,京成本線「勝田台」駅,7.0,16.0,八千代市村上1113-1,2-10号棟,鉄筋コンクリート造、鉄骨鉄筋コンクリート造,6,N,603号室,2LDK,63,11,73000,2400,2か月,"['近居割', '近居割WIDE']",随時,https://www.ur-net.go.jp/chintai/kanto/chiba/30_2730_room.html?JKSS=002100603,<li>東葉高速線「村上」駅 徒歩8～17分</li><li>京成本線「勝田台」駅バス6～10分 徒歩1～6分</li><li>東葉高速線「東葉勝田台」駅バス6～10分 徒歩1～6分</li>
chiba,yurinokidaipc,村上,75400,,,,東葉高速線「東葉勝田台」駅,7.0,16.0,八千代市村上1113-1,2-10号棟,鉄筋コンクリート造、鉄骨鉄筋コンクリート造,6,N,603号室,2LDK,63,11,73000,2400,2か月,"['近居割', '近居割WIDE']",随時,https://www.ur-net.go.jp/chintai/kanto/chiba/30_2730_room.html?JKSS=002100603,<li>東葉高速線「村上」駅 徒歩8～17分</li><li>京成本線「勝田台」駅バス6～10分 徒歩1～6分</li><li>東葉高速線「東葉勝田台」駅バス6～10分 徒歩1～6分</li>
chiba,yurinokidaipc,村上,75400,,,,,,,八千代市村上1113-1,2-10号棟,鉄筋コンクリート造、鉄骨鉄筋コンクリート造,6,N,603号室,2LDK,63,11,73000,2400,2か月,"['近居割', '近居割WIDE']",随時,https://www.ur-net.go.jp/chintai/kanto/chiba/30_2730_room.html?JKSS=002100603,<li>東葉高速線「村上」駅 徒歩8～17分</li><li>京成本線「勝田台」駅バス6～10分 徒歩1～6分</li><li>東葉高速線「東葉勝田台」駅バス6～10分 徒歩1～6分</li>
chiba,yurinokidaipc,村上,105000,東葉高速線「村上」駅,8.0,17.0,,,,八千代市村上1113-1,1-36号棟,鉄筋コンクリート造、鉄骨鉄筋コンクリート造,6,N,610号室,4LDK,91,11,102600,2400,2か月,"['近居割', '近居割WIDE']",随時,https://www.ur-net.go.jp/chintai/kanto/chiba/30_2730_room.html?JKSS=001360610,<li>東葉高速線「村上」駅 徒歩8～17分</li><li>京成本線「勝田台」駅バス6～10分 徒歩1～6分</li><li>東葉高速線「東葉勝田台」駅バス6～10分 徒歩1～6分</li>
chiba,yurinokidaipc,村上,105000,,,,京成本線「勝田台」駅,7.0,16.0,八千代市村上1113-1,1-36号棟,鉄筋コンクリート造、鉄骨鉄筋コンクリート造,6,N,610号室,4LDK,91,11,102600,2400,2か月,"['近居割', '近居割WIDE']",随時,https://www.ur-net.go.jp/chintai/kanto/chiba/30_2730_room.html?JKSS=001360610,<li>東葉高速線「村上」駅 徒歩8～17分</li><li>京成本線「勝田台」駅バス6～10分 徒歩1～6分</li><li>東葉高速線「東葉勝田台」駅バス6～10分 徒歩1～6分</li>
chiba,yurinokidaipc,村上,105000,,,,東葉高速線「東葉勝田台」駅,7.0,16.0,八千代市村上1113-1,1-36号棟,鉄筋コンクリート造、鉄骨鉄筋コンクリート造,6,N,610号室,4LDK,91,11,102600,2400,2か月,"['近居割', '近居割WIDE']",随時,https://www.ur-net.go.jp/chintai/kanto/chiba/30_2730_room.html?JKSS=001360610,<li>東葉高速線「村上」駅 徒歩8～17分</li><li>京成本線「勝田台」駅バス6～10分 徒歩1～6分</li><li>東葉高速線「東葉勝田台」駅バス6～10分 徒歩1～6分</li>
chiba,yurinokidaipc,村上,105000,,,,,,,八千代市村上1113-1,1-36号棟,鉄筋コンクリート造、鉄骨鉄筋コンクリート造,6,N,610号室,4LDK,91,11,102600,2400,2か月,"['近居割', '近居割WIDE']",随時,https://www.ur-net.go.jp/chintai/kanto/chiba/30_2730_room.html?JKSS=001360610,<li>東葉高速線「村上」駅 徒歩8～17分</li><li>京成本線「勝田台」駅バス6～10分 徒歩1～6分</li><li>東葉高速線「東葉勝田台」駅バス6～10分 徒歩1～6分</li>
chiba,yurinokidaipc,村上,105000,東葉高速線「村上」駅,8.0,17.0,,,,八千代市村上1113-1,1-36号棟,鉄筋コンクリート造、鉄骨鉄筋コンクリート造,8,N,804号室,4LDK,91,11,102600,2400,2か月,"['近居割', '近居割WIDE']",随時,https://www.ur-net.go.jp/chintai/kanto/chiba/30_2730_room.html?JKSS=001360804,<li>東葉高速線「村上」駅 徒歩8～17分</li><li>京成本線「勝田台」駅バス6～10分 徒歩1～6分</li><li>東葉高速線「東葉勝田台」駅バス6～10分 徒歩1～6分</li>
chiba,yurinokidaipc,村上,105000,,,,京成本線「勝田台」駅,7.0,16.0,八千代市村上1113-1,1-36号棟,鉄筋コンクリート造、鉄骨鉄筋コンクリート造,8,N,804号室,4LDK,91,11,102600,2400,2か月,"['近居割', '近居割WIDE']",随時,https://www.ur-net.go.jp/chintai/kanto/chiba/30_2730_room.html?JKSS=001360804,<li>東葉高速線「村上」駅 徒歩8～17分</li><li>京成本線「勝田台」駅バス6～10分 徒歩1～6分</li><li>東葉高速線「東葉勝田台」駅バス6～10分 徒歩1～6分</li>
chiba,yurinokidaipc,村上,105000,,,,東葉高速線「東葉勝田台」駅,7.0,16.0,八千代市村上1113-1,1-36号棟,鉄筋コンクリート造、鉄骨鉄筋コンクリート造,8,N,804号室,4LDK,91,11,102600,2400,2か月,"['近居割', '近居割WIDE']",随時,https://www.ur-net.go.jp/chintai/kanto/chiba/30_2730_room.html?JKSS=001360804,<li>東葉高速線「村上」駅 徒歩8～17分</li><li>京成本線「勝田台」駅バス6～10分 徒歩1～6分</li><li>東葉高速線「東葉勝田台」駅バス6～10分 徒歩1～6分</li>
chiba,yurinokidaipc,村上,105000,,,,,,,八千代市村上1113-1,1-36号棟,鉄筋コンクリート造、鉄骨鉄筋コンクリート造,8,N,804号室,4LDK,91,11,102600,2400,2か月,"['近居割', '近居割WIDE']",随時,https://www.ur-net.go.jp/chintai/kanto/chiba/30_2730_room.html?JKSS=001360804,<li>東葉高速線「村上」駅 徒歩8～17分</li><li>京成本線「勝田台」駅バス6～10分 徒歩1～6分</li><li>東葉高速線「東葉勝田台」駅バス6～10分 徒歩1～6分</li>
chiba,matsudo,常盤平,41200,京成松戸線「常盤平」駅,3.0,19.0,,,,松戸市常盤平2ほか,2-22号棟,鉄筋コンクリート造,3,N,304号室,2DK,38,4,38200,3000,2か月,['URライト（2年定借）'],随時,https://www.ur-net.go.jp/chintai/kanto/chiba/30_0600_room.html?JKSS=000222304,<li>京成松戸線「常盤平」駅 徒歩3～19分</li><li>京成松戸線「五香」駅 徒歩7～23分<br>ほか</li>
chiba,matsudo,常盤平,41200,,,,,,,松戸市常盤平2ほか,2-22号棟,鉄筋コンクリート造,3,N,304号室,2DK,38,4,38200,3000,2か月,['URライト（2年定借）'],随時,https://www.ur-net.go.jp/chintai/kanto/chiba/30_0600_room.html?JKSS=000222304,<li>京成松戸線「常盤平」駅 徒歩3～19分</li><li>京成松戸線「五香」駅 徒歩7～23分<br>ほか</li>
chiba,kashiwa,大津ヶ丘第二,67100,,,,JR常磐線「柏」駅,17.0,19.0,柏市大津ケ丘3-17,3-17-3号棟,鉄筋コンクリート造,4,N,402号室,2LDK,67,4,64200,2900,2か月,['近居割'],随時,https://www.ur-net.go.jp/chintai/kanto/chiba/30_3750_room.html?JKSS=317030402,<li>JR常磐線「柏」駅バス11分 徒歩6～8分</li><li>東武野田線「増尾」駅 徒歩36～39分</li><li>東武野田線「逆井」駅 徒歩40～44分</li>
chiba,kashiwa,大津ヶ丘第二,67100,東武野田線「増尾」駅,36.0,39.0,,,,柏市大津ケ丘3-17,3-17-3号棟,鉄筋コンクリート造,4,N,402号室,2LDK,67,4,64200,2900,2か月,['近居割'],随時,https://www.ur-net.go.jp/chintai/kanto/chiba/30_3750_room.html?JKSS=317030402,<li>JR常磐線「柏」駅バス11分 徒歩6～8分</li><li>東武野田線「増尾」駅 徒歩36～39分</li><li>東武野田線「逆井」駅 徒歩40～44分</li>
chiba,kashiwa,大津ヶ丘第二,67100,東武野田線「逆井」駅,40.0,44.0,,,,柏市大津ケ丘3-17,3-17-3号棟,鉄筋コンクリート造,4,N,402号室,2LDK,67,4,64200,2900,2か月,['近居割'],随時,https://www.ur-net.go.jp/chintai/kanto/chiba/30_3750_room.html?JKSS=317030402,<li>JR常磐線「柏」駅バス11分 徒歩6～8分</li><li>東武野田線「増尾」駅 徒歩36～39分</li><li>東武野田線「逆井」駅 徒歩40～44分</li>
chiba,kashiwa,大津ヶ丘第二,67100,,,,,,,柏市大津ケ丘3-17,3-17-3号棟,鉄筋コンクリート造,4,N,402号室,2LDK,67,4,64200,2900,2か月,['近居割'],随時,https://www.ur-net.go.jp/chintai/kanto/chiba/30_3750_room.html?JKSS=317030402,<li>JR常磐線「柏」駅バス11分 徒歩6～8分</li><li>東武野田線「増尾」駅 徒歩36～39分</li><li>東武野田線「逆井」駅 徒歩40～44分</li>
chiba,kashiwa,大津ヶ丘第二,72000,,,,JR常磐線「柏」駅,17.0,19.0,柏市大津ケ丘3-17,3-17-1号棟,鉄筋コンクリート造,3,N,306号室,3DK,67,4,69100,2900,2か月,['近居割'],随時,https://www.ur-net.go.jp/chintai/kanto/chiba/30_3750_room.html?JKSS=317010306,<li>JR常磐線「柏」駅バス11分 徒歩6～8分</li><li>東武野田線「増尾」駅 徒歩36～39分</li><li>東武野田線「逆井」駅 徒歩40～44分</li>
chiba,kashiwa,大津ヶ丘第二,72000,東武野田線「増尾」駅,36.0,39.0,,,,柏市大津ケ丘3-17,3-17-1号棟,鉄筋コンクリート造,3,N,306号室,3DK,67,4,69100,2900,2か月,['近居割'],随時,https://www.ur-net.go.jp/chintai/kanto/chiba/30_3750_room.html?JKSS=317010306,<li>JR常磐線「柏」駅バス11分 徒歩6～8分</li><li>東武野田線「増尾」駅 徒歩36～39分</li><li>東武野田線「逆井」駅 徒歩40～44分</li>
chiba,kashiwa,大津ヶ丘第二,72000,東武野田線「逆井」駅,40.0,44.0,,,,柏市大津ケ丘3-17,3-17-1号棟,鉄筋コンクリート造,3,N,306号室,3DK,67,4,69100,2900,2か月,['近居割'],随時,https://www.ur-net.go.jp/chintai/kanto/chiba/30_3750_room.html?JKSS=317010306,<li>JR常磐線「柏」駅バス11分 徒歩6～8分</li><li>東武野田線「増尾」駅 徒歩36～39分</li><li>東武野田線「逆井」駅 徒歩40～44分</li>
chiba,kashiwa,大津ヶ丘第二,72000,,,,,,,柏市大津ケ丘3-17,3-17-1号棟,鉄筋コンクリート造,3,N,306号室,3DK,67,4,69100,2900,2か月,['近居割'],随時,https://www.ur-net.go.jp/chintai/kanto/chiba/30_3750_room.html?JKSS=317010306,<li>JR常磐線「柏」駅バス11分 徒歩6～8分</li><li>東武野田線「増尾」駅 徒歩36～39分</li><li>東武野田線「逆井」駅 徒歩40～44分</li>
chiba,kashiwa,北柏ライフタウン松葉町一丁目,95500,,,,JR常磐線「北柏」駅,8.0,9.0,柏市松葉町1-12,12-25号棟,鉄筋コンクリート造,4,N,405号室,3LDK,95,5,90100,5400,2か月,['近居割'],随時,https://www.ur-net.go.jp/chintai/kanto/chiba/30_3540_room.html?JKSS=012250405,<li>JR常磐線「北柏」駅バス4分 徒歩4～5分</li><li>JR常磐線「我孫子」駅 徒歩48～49分</li><li>つくばエクスプレス「柏の葉キャンパス」駅バス9分 徒歩14～15分</li>
chiba,kashiwa,北柏ライフタウン松葉町一丁目,95500,JR常磐線「我孫子」駅,48.0,49.0,,,,柏市松葉町1-12,12-25号棟,鉄筋コンクリート造,4,N,405号室,3LDK,95,5,90100,5400,2か月,['近居割'],随時,https://www.ur-net.go.jp/chintai/kanto/chiba/30_3540_room.html?JKSS=012250405,<li>JR常磐線「北柏」駅バス4分 徒歩4～5分</li><li>JR常磐線「我孫子」駅 徒歩48～49分</li><li>つくばエクスプレス「柏の葉キャンパス」駅バス9分 徒歩14～15分</li>
chiba,kashiwa,北柏ライフタウン松葉町一丁目,95500,,,,つくばエクスプレス「柏の葉キャンパス」駅,23.0,24.0,柏市松葉町1-12,12-25号棟,鉄筋コンクリート造,4,N,405号室,3LDK,95,5,90100,5400,2か月,['近居割'],随時,https://www.ur-net.go.jp/chintai/kanto/chiba/30_3540_room.html?JKSS=012250405,<li>JR常磐線「北柏」駅バス4分 徒歩4～5分</li><li>JR常磐線「我孫子」駅 徒歩48～49分</li><li>つくばエクスプレス「柏の葉キャンパス」駅バス9分 徒歩14～15分</li>
chiba,kashiwa,北柏ライフタウン松葉町一丁目,95500,,,,,,,柏市松葉町1-12,12-25号棟,鉄筋コンクリート造,4,N,405号室,3LDK,95,5,90100,5400,2か月,['近居割'],随時,https://www.ur-net.go.jp/chintai/kanto/chiba/30_3540_room.html?JKSS=012250405,<li>JR常磐線「北柏」駅バス4分 徒歩4～5分</li><li>JR常磐線「我孫子」駅 徒歩48～49分</li><li>つくばエクスプレス「柏の葉キャンパス」駅バス9分 徒歩14～15分</li>
chiba,kashiwa,北柏ライフタウン松葉町一丁目,97200,,,,JR常磐線「北柏」駅,8.0,9.0,柏市松葉町1-12,12-6号棟,鉄筋コンクリート造,3,N,302号室,3LDK,95,5,91800,5400,2か月,['近居割'],随時,https://www.ur-net.go.jp/chintai/kanto/chiba/30_3540_room.html?JKSS=012060302,<li>JR常磐線「北柏」駅バス4分 徒歩4～5分</li><li>JR常磐線「我孫子」駅 徒歩48～49分</li><li>つくばエクスプレス「柏の葉キャンパス」駅バス9分 徒歩14～15分</li>
chiba,kashiwa,北柏ライフタウン松葉町一丁目,97200,JR常磐線「我孫子」駅,48.0,49.0,,,,柏市松葉町1-12,12-6号棟,鉄筋コンクリート造,3,N,302号室,3LDK,95,5,91800,5400,2か月,['近居割'],随時,https://www.ur-net.go.jp/chintai/kanto/chiba/30_3540_room.html?JKSS=012060302,<li>JR常磐線「北柏」駅バス4分 徒歩4～5分</li><li>JR常磐線「我孫子」駅 徒歩48～49分</li><li>つくばエクスプレス「柏の葉キャンパス」駅バス9分 徒歩14～15分</li>
chiba,kashiwa,北柏ライフタウン松葉町一丁目,97200,,,,つくばエクスプレス「柏の葉キャンパス」駅,23.0,24.0,柏市松葉町1-12,12-6号棟,鉄筋コンクリート造,3,N,302号室,3LDK,95,5,91800,5400,2か月,['近居割'],随時,https://www.ur-net.go.jp/chintai/kanto/chiba/30_3540_room.html?JKSS=012060302,<li>JR常磐線「北柏」駅バス4分 徒歩4～5分</li><li>JR常磐線「我孫子」駅 徒歩48～49分</li><li>つくばエクスプレス「柏の葉キャンパス」駅バス9分 徒歩14～15分</li>
chiba,kashiwa,北柏ライフタウン松葉町一丁目,97200,,,,,,,柏市松葉町1-12,12-6号棟,鉄筋コンクリート造,3,N,302号室,3LDK,95,5,91800,5400,2か月,['近居割'],随時,https://www.ur-net.go.jp/chintai/kanto/chiba/30_3540_room.html?JKSS=012060302,<li>JR常磐線「北柏」駅バス4分 徒歩4～5分</li><li>JR常磐線「我孫子」駅 徒歩48～49分</li><li>つくばエクスプレス「柏の葉キャンパス」駅バス9分 徒歩14～15分</li>
chiba,kashiwa,北柏ライフタウン松葉町一丁目,100100,,,,JR常磐線「北柏」駅,8.0,9.0,柏市松葉町1-12,12-25号棟,鉄筋コンクリート造,3,N,301号室,3LDK,95,5,94700,5400,2か月,['近居割'],随時,https://www.ur-net.go.jp/chintai/kanto/chiba/30_3540_room.html?JKSS=012250301,<li>JR常磐線「北柏」駅バス4分 徒歩4～5分</li><li>JR常磐線「我孫子」駅 徒歩48～49分</li><li>つくばエクスプレス「柏の葉キャンパス」駅バス9分 徒歩14～15分</li>
chiba,kashiwa,北柏ライフタウン松葉町一丁目,100100,JR常磐線「我孫子」駅,48.0,49.0,,,,柏市松葉町1-12,12-25号棟,鉄筋コンクリート造,3,N,301号室,3LDK,95,5,94700,5400,2か月,['近居割'],随時,https://www.ur-net.go.jp/chintai/kanto/chiba/30_3540_room.html?JKSS=012250301,<li>JR常磐線「北柏」駅バス4分 徒歩4～5分</li><li>JR常磐線「我孫子」駅 徒歩48～49分</li><li>つくばエクスプレス「柏の葉キャンパス」駅バス9分 徒歩14～15分</li>
chiba,kashiwa,北柏ライフタウン松葉町一丁目,100100,,,,つくばエクスプレス「柏の葉キャンパス」駅,23.0,24.0,柏市松葉町1-12,12-25号棟,鉄筋コンクリート造,3,N,301号室,3LDK,95,5,94700,5400,2か月,['近居割'],随時,https://www.ur-net.go.jp/chintai/kanto/chiba/30_3540_room.html?JKSS=012250301,<li>JR常磐線「北柏」駅バス4分 徒歩4～5分</li><li>JR常磐線「我孫子」駅 徒歩48～49分</li><li>つくばエクスプレス「柏の葉キャンパス」駅バス9分 徒歩14～15分</li>
chiba,kashiwa,北柏ライフタウン松葉町一丁目,100100,,,,,,,柏市松葉町1-12,12-25号棟,鉄筋コンクリート造,3,N,301号室,3LDK,95,5,94700,5400,2か月,['近居割'],随時,https://www.ur-net.go.jp/chintai/kanto/chiba/30_3540_room.html?JKSS=012250301,<li>JR常磐線「北柏」駅バス4分 徒歩4～5分</li><li>JR常磐線「我孫子」駅 徒歩48～49分</li><li>つくばエクスプレス「柏の葉キャンパス」駅バス9分 徒歩14～15分</li>
chiba,chibant,千葉ニュータウンプラザ西白井２番街,103220,北総鉄道「西白井」駅,4.0,8.0,,,,白井市けやき台2-2,5号棟,鉄筋コンクリート造,5,N,502号室,3LDK,77,5,100900,2320,2か月,"['近居割', '近居割WIDE']",随時,https://www.ur-net.go.jp/chintai/kanto/chiba/30_5260_room.html?JKSS=000050502,<li>北総鉄道「西白井」駅 徒歩4～8分</li><li>北総鉄道「白井」駅 徒歩30～34分</li><li>東武野田線「新鎌ヶ谷」駅 徒歩44～47分</li>
chiba,chibant,千葉ニュータウンプラザ西白井２番街,103220,北総鉄道「白井」駅,30.0,34.0,,,,白井市けやき台2-2,5号棟,鉄筋コンクリート造,5,N,502号室,3LDK,77,5,100900,2320,2か月,"['近居割', '近居割WIDE']",随時,https://www.ur-net.go.jp/chintai/kanto/chiba/30_5260_room.html?JKSS=000050502,<li>北総鉄道「西白井」駅 徒歩4～8分</li><li>北総鉄道「白井」駅 徒歩30～34分</li><li>東武野田線「新鎌ヶ谷」駅 徒歩44～47分</li>
chiba,chibant,千葉ニュータウンプラザ西白井２番街,103220,東武野田線「新鎌ヶ谷」駅,44.0,47.0,,,,白井市けやき台2-2,5号棟,鉄筋コンクリート造,5,N,502号室,3LDK,77,5,100900,2320,2か月,"['近居割', '近居割WIDE']",随時,https://www.ur-net.go.jp/chintai/kanto/chiba/30_5260_room.html?JKSS=000050502,<li>北総鉄道「西白井」駅 徒歩4～8分</li><li>北総鉄道「白井」駅 徒歩30～34分</li><li>東武野田線「新鎌ヶ谷」駅 徒歩44～47分</li>
chiba,chibant,千葉ニュータウンプラザ西白井２番街,103220,,,,,,,白井市けやき台2-2,5号棟,鉄筋コンクリート造,5,N,502号室,3LDK,77,5,100900,2320,2か月,"['近居割', '近居割WIDE']",随時,https://www.ur-net.go.jp/chintai/kanto/chiba/30_5260_room.html?JKSS=000050502,<li>北総鉄道「西白井」駅 徒歩4～8分</li><li>北総鉄道「白井」駅 徒歩30～34分</li><li>東武野田線「新鎌ヶ谷」駅 徒歩44～47分</li>
chiba,chibant,千葉ニュータウンプラザ西白井２番街,105720,北総鉄道「西白井」駅,4.0,8.0,,,,白井市けやき台2-2,5号棟,鉄筋コンクリート造,3,N,302号室,3LDK,77,5,103400,2320,2か月,"['近居割', '近居割WIDE']",随時,https://www.ur-net.go.jp/chintai/kanto/chiba/30_5260_room.html?JKSS=000050302,<li>北総鉄道「西白井」駅 徒歩4～8分</li><li>北総鉄道「白井」駅 徒歩30～34分</li><li>東武野田線「新鎌ヶ谷」駅 徒歩44～47分</li>
chiba,chibant,千葉ニュータウンプラザ西白井２番街,105720,北総鉄道「白井」駅,30.0,34.0,,,,白井市けやき台2-2,5号棟,鉄筋コンクリート造,3,N,302号室,3LDK,77,5,103400,2320,2か月,"['近居割', '近居割WIDE']",随時,https://www.ur-net.go.jp/chintai/kanto/chiba/30_5260_room.html?JKSS=000050302,<li>北総鉄道「西白井」駅 徒歩4～8分</li><li>北総鉄道「白井」駅 徒歩30～34分</li><li>東武野田線「新鎌ヶ谷」駅 徒歩44～47分</li>
chiba,chibant,千葉ニュータウンプラザ西白井２番街,105720,東武野田線「新鎌ヶ谷」駅,44.0,47.0,,,,白井市けやき台2-2,5号棟,鉄筋コンクリート造,3,N,302号室,3LDK,77,5,103400,2320,2か月,"['近居割', '近居割WIDE']",随時,https://www.ur-net.go.jp/chintai/kanto/chiba/30_5260_room.html?JKSS=000050302,<li>北総鉄道「西白井」駅 徒歩4～8分</li><li>北総鉄道「白井」駅 徒歩30～34分</li><li>東武野田線「新鎌ヶ谷」駅 徒歩44～47分</li>
chiba,chibant,千葉ニュータウンプラザ西白井２番街,105720,,,,,,,白井市けやき台2-2,5号棟,鉄筋コンクリート造,3,N,302号室,3LDK,77,5,103400,2320,2か月,"['近居割', '近居割WIDE']",随時,https://www.ur-net.go.jp/chintai/kanto/chiba/30_5260_room.html?JKSS=000050302,<li>北総鉄道「西白井」駅 徒歩4～8分</li><li>北総鉄道「白井」駅 徒歩30～34分</li><li>東武野田線「新鎌ヶ谷」駅 徒歩44～47分</li>
chiba,naritant,成田ニュータウン橋賀台,60000,,,,JR成田線「成田」駅,9.0,15.0,成田市橋賀台1-1ほか,1-1-2号棟,鉄筋コンクリート造、鉄骨鉄筋コンクリート造,4,N,408号室,3K,50,5,56000,4000,2か月,['近居割'],随時,https://www.ur-net.go.jp/chintai/kanto/chiba/30_3030_room.html?JKSS=101020408,<li>JR成田線「成田」駅バス7分 徒歩2～8分</li><li>京成本線「公津の杜」駅 徒歩23～32分</li><li>京成本線「京成成田」駅バス10分 徒歩3～11分</li>
chiba,naritant,成田ニュータウン橋賀台,60000,京成本線「公津の杜」駅,23.0,32.0,,,,成田市橋賀台1-1ほか,1-1-2号棟,鉄筋コンクリート造、鉄骨鉄筋コンクリート造,4,N,408号室,3K,50,5,56000,4000,2か月,['近居割'],随時,https://www.ur-net.go.jp/chintai/kanto/chiba/30_3030_room.html?JKSS=101020408,<li>JR成田線「成田」駅バス7分 徒歩2～8分</li><li>京成本線「公津の杜」駅 徒歩23～32分</li><li>京成本線「京成成田」駅バス10分 徒歩3～11分</li>
chiba,naritant,成田ニュータウン橋賀台,60000,,,,京成本線「京成成田」駅,13.0,21.0,成田市橋賀台1-1ほか,1-1-2号棟,鉄筋コンクリート造、鉄骨鉄筋コンクリート造,4,N,408号室,3K,50,5,56000,4000,2か月,['近居割'],随時,https://www.ur-net.go.jp/chintai/kanto/chiba/30_3030_room.html?JKSS=101020408,<li>JR成田線「成田」駅バス7分 徒歩2～8分</li><li>京成本線「公津の杜」駅 徒歩23～32分</li><li>京成本線「京成成田」駅バス10分 徒歩3～11分</li>
chiba,naritant,成田ニュータウン橋賀台,60000,,,,,,,成田市橋賀台1-1ほか,1-1-2号棟,鉄筋コンクリート造、鉄骨鉄筋コンクリート造,4,N,408号室,3K,50,5,56000,4000,2か月,['近居割'],随時,https://www.ur-net.go.jp/chintai/kanto/chiba/30_3030_room.html?JKSS=101020408,<li>JR成田線「成田」駅バス7分 徒歩2～8分</li><li>京成本線「公津の杜」駅 徒歩23～32分</li><li>京成本線「京成成田」駅バス10分 徒歩3～11分</li>
saitama,shinkoshigaya,コンフォール松原,113600,東武伊勢崎線「獨協大学前」駅,2.0,9.0,,,,草加市松原1-4ほか,15号棟,鉄筋コンクリート造,8,N,805号室,1LDK,51,11,110100,3500,2か月,"['近居割', '近居割WIDE']",随時,https://www.ur-net.go.jp/chintai/kanto/saitama/50_4090_room.html?JKSS=000150805,<li>東武伊勢崎線「獨協大学前」駅 徒歩2～9分</li><li>東武伊勢崎線「新田」駅 徒歩15～23分</li><li>東武伊勢崎線「草加」駅 徒歩21～27分</li>
saitama,shinkoshigaya,コンフォール松原,113600,東武伊勢崎線「新田」駅,15.0,23.0,,,,草加市松原1-4ほか,15号棟,鉄筋コンクリート造,8,N,805号室,1LDK,51,11,110100,3500,2か月,"['近居割', '近居割WIDE']",随時,https://www.ur-net.go.jp/chintai/kanto/saitama/50_4090_room.html?JKSS=000150805,<li>東武伊勢崎線「獨協大学前」駅 徒歩2～9分</li><li>東武伊勢崎線「新田」駅 徒歩15～23分</li><li>東武伊勢崎線「草加」駅 徒歩21～27分</li>
saitama,shinkoshigaya,コンフォール松原,113600,東武伊勢崎線「草加」駅,21.0,27.0,,,,草加市松原1-4ほか,15号棟,鉄筋コンクリート造,8,N,805号室,1LDK,51,11,110100,3500,2か月,"['近居割', '近居割WIDE']",随時,https://www.ur-net.go.jp/chintai/kanto/saitama/50_4090_room.html?JKSS=000150805,<li>東武伊勢崎線「獨協大学前」駅 徒歩2～9分</li><li>東武伊勢崎線「新田」駅 徒歩15～23分</li><li>東武伊勢崎線「草加」駅 徒歩21～27分</li>
saitama,shinkoshigaya,コンフォール松原,113600,,,,,,,草加市松原1-4ほか,15号棟,鉄筋コンクリート造,8,N,805号室,1LDK,51,11,110100,3500,2か月,"['近居割', '近居割WIDE']",随時,https://www.ur-net.go.jp/chintai/kanto/saitama/50_4090_room.html?JKSS=000150805,<li>東武伊勢崎線「獨協大学前」駅 徒歩2～9分</li><li>東武伊勢崎線「新田」駅 徒歩15～23分</li><li>東武伊勢崎線「草加」駅 徒歩21～27分</li>
saitama,shinkoshigaya,グリーンアベニュー谷塚,117300,東武伊勢崎線「谷塚」駅,4.0,6.0,,,,草加市谷塚町731-1,2号棟,鉄筋コンクリート造,13,N,1304号室,2LDK,65,14,113500,3800,2か月,"['近居割', '近居割WIDE']",随時,https://www.ur-net.go.jp/chintai/kanto/saitama/50_2610_room.html?JKSS=000021304,<li>東武伊勢崎線「谷塚」駅 徒歩4～6分</li><li>東武伊勢崎線「草加」駅 徒歩17～19分</li><li>東武伊勢崎線「竹ノ塚」駅 徒歩39～41分</li>
saitama,shinkoshigaya,グリーンアベニュー谷塚,117300,東武伊勢崎線「草加」駅,17.0,19.0,,,,草加市谷塚町731-1,2号棟,鉄筋コンクリート造,13,N,1304号室,2LDK,65,14,113500,3800,2か月,"['近居割', '近居割WIDE']",随時,https://www.ur-net.go.jp/chintai/kanto/saitama/50_2610_room.html?JKSS=000021304,<li>東武伊勢崎線「谷塚」駅 徒歩4～6分</li><li>東武伊勢崎線「草加」駅 徒歩17～19分</li><li>東武伊勢崎線「竹ノ塚」駅 徒歩39～41分</li>
saitama,shinkoshigaya,グリーンアベニュー谷塚,117300,東武伊勢崎線「竹ノ塚」駅,39.0,41.0,,,,草加市谷塚町731-1,2号棟,鉄筋コンクリート造,13,N,1304号室,2LDK,65,14,113500,3800,2か月,"['近居割', '近居割WIDE']",随時,https://www.ur-net.go.jp/chintai/kanto/saitama/50_2610_room.html?JKSS=000021304,<li>東武伊勢崎線「谷塚」駅 徒歩4～6分</li><li>東武伊勢崎線「草加」駅 徒歩17～19分</li><li>東武伊勢崎線「竹ノ塚」駅 徒歩39～41分</li>
saitama,shinkoshigaya,グリーンアベニュー谷塚,117300,,,,,,,草加市谷塚町731-1,2号棟,鉄筋コンクリート造,13,N,1304号室,2LDK,65,14,113500,3800,2か月,"['近居割', '近居割WIDE']",随時,https://www.ur-net.go.jp/chintai/kanto/saitama/50_2610_room.html?JKSS=000021304,<li>東武伊勢崎線「谷塚」駅 徒歩4～6分</li><li>東武伊勢崎線「草加」駅 徒歩17～19分</li><li>東武伊勢崎線「竹ノ塚」駅 徒歩39～41分</li>
saitama,sengendai,わし宮,43900,東武伊勢崎線「鷲宮」駅,14.0,20.0,,,,久喜市上内478,1-7号棟,鉄筋コンクリート造,5,N,501号室,2LDK,48,5,40000,3900,2か月,['近居割WIDE'],随時,https://www.ur-net.go.jp/chintai/kanto/saitama/50_1430_room.html?JKSS=000107501,<li>東武伊勢崎線「鷲宮」駅 徒歩14～20分</li><li>JR東北本線「東鷲宮」駅 徒歩22～33分</li><li>JR東北本線「久喜」駅 徒歩41～47分</li>
saitama,sengendai,わし宮,43900,JR東北本線「東鷲宮」駅,22.0,33.0,,,,久喜市上内478,1-7号棟,鉄筋コンクリート造,5,N,501号室,2LDK,48,5,40000,3900,2か月,['近居割WIDE'],随時,https://www.ur-net.go.jp/chintai/kanto/saitama/50_1430_room.html?JKSS=000107501,<li>東武伊勢崎線「鷲宮」駅 徒歩14～20分</li><li>JR東北本線「東鷲宮」駅 徒歩22～33分</li><li>JR東北本線「久喜」駅 徒歩41～47分</li>
saitama,sengendai,わし宮,43900,JR東北本線「久喜」駅,41.0,47.0,,,,久喜市上内478,1-7号棟,鉄筋コンクリート造,5,N,501号室,2LDK,48,5,40000,3900,2か月,['近居割WIDE'],随時,https://www.ur-net.go.jp/chintai/kanto/saitama/50_1430_room.html?JKSS=000107501,<li>東武伊勢崎線「鷲宮」駅 徒歩14～20分</li><li>JR東北本線「東鷲宮」駅 徒歩22～33分</li><li>JR東北本線「久喜」駅 徒歩41～47分</li>
saitama,sengendai,わし宮,43900,,,,,,,久喜市上内478,1-7号棟,鉄筋コンクリート造,5,N,501号室,2LDK,48,5,40000,3900,2か月,['近居割WIDE'],随時,https://www.ur-net.go.jp/chintai/kanto/saitama/50_1430_room.html?JKSS=000107501,<li>東武伊勢崎線「鷲宮」駅 徒歩14～20分</li><li>JR東北本線「東鷲宮」駅 徒歩22～33分</li><li>JR東北本線「久喜」駅 徒歩41～47分</li>
saitama,sengendai,わし宮,43900,東武伊勢崎線「鷲宮」駅,14.0,20.0,,,,久喜市上内478,2-3号棟,鉄筋コンクリート造,5,N,503号室,3K,48,5,40000,3900,2か月,['近居割WIDE'],随時,https://www.ur-net.go.jp/chintai/kanto/saitama/50_1430_room.html?JKSS=000203503,<li>東武伊勢崎線「鷲宮」駅 徒歩14～20分</li><li>JR東北本線「東鷲宮」駅 徒歩22～33分</li><li>JR東北本線「久喜」駅 徒歩41～47分</li>
saitama,sengendai,わし宮,43900,JR東北本線「東鷲宮」駅,22.0,33.0,,,,久喜市上内478,2-3号棟,鉄筋コンクリート造,5,N,503号室,3K,48,5,40000,3900,2か月,['近居割WIDE'],随時,https://www.ur-net.go.jp/chintai/kanto/saitama/50_1430_room.html?JKSS=000203503,<li>東武伊勢崎線「鷲宮」駅 徒歩14～20分</li><li>JR東北本線「東鷲宮」駅 徒歩22～33分</li><li>JR東北本線「久喜」駅 徒歩41～47分</li>
saitama,sengendai,わし宮,43900,JR東北本線「久喜」駅,41.0,47.0,,,,久喜市上内478,2-3号棟,鉄筋コンクリート造,5,N,503号室,3K,48,5,40000,3900,2か月,['近居割WIDE'],随時,https://www.ur-net.go.jp/chintai/kanto/saitama/50_1430_room.html?JKSS=000203503,<li>東武伊勢崎線「鷲宮」駅 徒歩14～20分</li><li>JR東北本線「東鷲宮」駅 徒歩22～33分</li><li>JR東北本線「久喜」駅 徒歩41～47分</li>
saitama,sengendai,わし宮,43900,,,,,,,久喜市上内478,2-3号棟,鉄筋コンクリート造,5,N,503号室,3K,48,5,40000,3900,2か月,['近居割WIDE'],随時,https://www.ur-net.go.jp/chintai/kanto/saitama/50_1430_room.html?JKSS=000203503,<li>東武伊勢崎線「鷲宮」駅 徒歩14～20分</li><li>JR東北本線「東鷲宮」駅 徒歩22～33分</li><li>JR東北本線「久喜」駅 徒歩41～47分</li>
saitama,sengendai,わし宮,43900,東武伊勢崎線「鷲宮」駅,14.0,20.0,,,,久喜市上内478,2-9号棟,鉄筋コンクリート造,5,N,505号室,2LDK,48,5,40000,3900,2か月,['近居割WIDE'],随時,https://www.ur-net.go.jp/chintai/kanto/saitama/50_1430_room.html?JKSS=000209505,<li>東武伊勢崎線「鷲宮」駅 徒歩14～20分</li><li>JR東北本線「東鷲宮」駅 徒歩22～33分</li><li>JR東北本線「久喜」駅 徒歩41～47分</li>
saitama,sengendai,わし宮,43900,JR東北本線「東鷲宮」駅,22.0,33.0,,,,久喜市上内478,2-9号棟,鉄筋コンクリート造,5,N,505号室,2LDK,48,5,40000,3900,2か月,['近居割WIDE'],随時,https://www.ur-net.go.jp/chintai/kanto/saitama/50_1430_room.html?JKSS=000209505,<li>東武伊勢崎線「鷲宮」駅 徒歩14～20分</li><li>JR東北本線「東鷲宮」駅 徒歩22～33分</li><li>JR東北本線「久喜」駅 徒歩41～47分</li>
saitama,sengendai,わし宮,43900,JR東北本線「久喜」駅,41.0,47.0,,,,久喜市上内478,2-9号棟,鉄筋コンクリート造,5,N,505号室,2LDK,48,5,40000,3900,2か月,['近居割WIDE'],随時,https://www.ur-net.go.jp/chintai/kanto/saitama/50_1430_room.html?JKSS=000209505,<li>東武伊勢崎線「鷲宮」駅 徒歩14～20分</li><li>JR東北本線「東鷲宮」駅 徒歩22～33分</li><li>JR東北本線「久喜」駅 徒歩41～47分</li>
saitama,sengendai,わし宮,43900,,,,,,,久喜市上内478,2-9号棟,鉄筋コンクリート造,5,N,505号室,2LDK,48,5,40000,3900,2か月,['近居割WIDE'],随時,https://www.ur-net.go.jp/chintai/kanto/saitama/50_1430_room.html?JKSS=000209505,<li>東武伊勢崎線「鷲宮」駅 徒歩14～20分</li><li>JR東北本線「東鷲宮」駅 徒歩22～33分</li><li>JR東北本線「久喜」駅 徒歩41～47分</li>
saitama,sengendai,わし宮,44100,東武伊勢崎線「鷲宮」駅,14.0,20.0,,,,久喜市上内478,2-10号棟,鉄筋コンクリート造,5,N,506号室,2LDK,48,5,40200,3900,2か月,['近居割WIDE'],随時,https://www.ur-net.go.jp/chintai/kanto/saitama/50_1430_room.html?JKSS=000210506,<li>東武伊勢崎線「鷲宮」駅 徒歩14～20分</li><li>JR東北本線「東鷲宮」駅 徒歩22～33分</li><li>JR東北本線「久喜」駅 徒歩41～47分</li>
saitama,sengendai,わし宮,44100,JR東北本線「東鷲宮」駅,22.0,33.0,,,,久喜市上内478,2-10号棟,鉄筋コンクリート造,5,N,506号室,2LDK,48,5,40200,3900,2か月,['近居割WIDE'],随時,https://www.ur-net.go.jp/chintai/kanto/saitama/50_1430_room.html?JKSS=000210506,<li>東武伊勢崎線「鷲宮」駅 徒歩14～20分</li><li>JR東北本線「東鷲宮」駅 徒歩22～33分</li><li>JR東北本線「久喜」駅 徒歩41～47分</li>
saitama,sengendai,わし宮,44100,JR東北本線「久喜」駅,41.0,47.0,,,,久喜市上内478,2-10号棟,鉄筋コンクリート造,5,N,506号室,2LDK,48,5,40200,3900,2か月,['近居割WIDE'],随時,https://www.ur-net.go.jp/chintai/kanto/saitama/50_1430_room.html?JKSS=000210506,<li>東武伊勢崎線「鷲宮」駅 徒歩14～20分</li><li>JR東北本線「東鷲宮」駅 徒歩22～33分</li><li>JR東北本線「久喜」駅 徒歩41～47分</li>
saitama,sengendai,わし宮,44100,,,,,,,久喜市上内478,2-10号棟,鉄筋コンクリート造,5,N,506号室,2LDK,48,5,40200,3900,2か月,['近居割WIDE'],随時,https://www.ur-net.go.jp/chintai/kanto/saitama/50_1430_room.html?JKSS=000210506,<li>東武伊勢崎線「鷲宮」駅 徒歩14～20分</li><li>JR東北本線「東鷲宮」駅 徒歩22～33分</li><li>JR東北本線「久喜」駅 徒歩41～47分</li>
saitama,sengendai,わし宮,45500,東武伊勢崎線「鷲宮」駅,14.0,20.0,,,,久喜市上内478,2-11号棟,鉄筋コンクリート造,4,N,404号室,2LDK,48,5,41600,3900,2か月,['近居割WIDE'],随時,https://www.ur-net.go.jp/chintai/kanto/saitama/50_1430_room.html?JKSS=000211404,<li>東武伊勢崎線「鷲宮」駅 徒歩14～20分</li><li>JR東北本線「東鷲宮」駅 徒歩22～33分</li><li>JR東北本線「久喜」駅 徒歩41～47分</li>
saitama,sengendai,わし宮,45500,JR東北本線「東鷲宮」駅,22.0,33.0,,,,久喜市上内478,2-11号棟,鉄筋コンクリート造,4,N,404号室,2LDK,48,5,41600,3900,2か月,['近居割WIDE'],随時,https://www.ur-net.go.jp/chintai/kanto/saitama/50_1430_room.html?JKSS=000211404,<li>東武伊勢崎線「鷲宮」駅 徒歩14～20分</li><li>JR東北本線「東鷲宮」駅 徒歩22～33分</li><li>JR東北本線「久喜」駅 徒歩41～47分</li>
saitama,sengendai,わし宮,45500,JR東北本線「久喜」駅,41.0,47.0,,,,久喜市上内478,2-11号棟,鉄筋コンクリート造,4,N,404号室,2LDK,48,5,41600,3900,2か月,['近居割WIDE'],随時,https://www.ur-net.go.jp/chintai/kanto/saitama/50_1430_room.html?JKSS=000211404,<li>東武伊勢崎線「鷲宮」駅 徒歩14～20分</li><li>JR東北本線「東鷲宮」駅 徒歩22～33分</li><li>JR東北本線「久喜」駅 徒歩41～47分</li>
saitama,sengendai,わし宮,45500,,,,,,,久喜市上内478,2-11号棟,鉄筋コンクリート造,4,N,404号室,2LDK,48,5,41600,3900,2か月,['近居割WIDE'],随時,https://www.ur-net.go.jp/chintai/kanto/saitama/50_1430_room.html?JKSS=000211404,<li>東武伊勢崎線「鷲宮」駅 徒歩14～20分</li><li>JR東北本線「東鷲宮」駅 徒歩22～33分</li><li>JR東北本線「久喜」駅 徒歩41～47分</li>
saitama,sengendai,久喜青葉,46600,,,,湘南新宿ライン「久喜」駅,8.0,17.0,久喜市青葉1,2-1号棟,鉄筋コンクリート造,5,N,503号室,2LDK,50,5,43500,3100,2か月,['近居割'],随時,https://www.ur-net.go.jp/chintai/kanto/saitama/50_1640_room.html?JKSS=002010503,<li>湘南新宿ライン「久喜」駅バス7～10分 徒歩1～7分</li><li>東武伊勢崎線「久喜」駅バス7～10分 徒歩1～7分</li><li>東武日光線「幸手」駅 徒歩25～35分</li>
saitama,sengendai,久喜青葉,46600,,,,東武伊勢崎線「久喜」駅,8.0,17.0,久喜市青葉1,2-1号棟,鉄筋コンクリート造,5,N,503号室,2LDK,50,5,43500,3100,2か月,['近居割'],随時,https://www.ur-net.go.jp/chintai/kanto/saitama/50_1640_room.html?JKSS=002010503,<li>湘南新宿ライン「久喜」駅バス7～10分 徒歩1～7分</li><li>東武伊勢崎線「久喜」駅バス7～10分 徒歩1～7分</li><li>東武日光線「幸手」駅 徒歩25～35分</li>
saitama,sengendai,久喜青葉,46600,東武日光線「幸手」駅,25.0,35.0,,,,久喜市青葉1,2-1号棟,鉄筋コンクリート造,5,N,503号室,2LDK,50,5,43500,3100,2か月,['近居割'],随時,https://www.ur-net.go.jp/chintai/kanto/saitama/50_1640_room.html?JKSS=002010503,<li>湘南新宿ライン「久喜」駅バス7～10分 徒歩1～7分</li><li>東武伊勢崎線「久喜」駅バス7～10分 徒歩1～7分</li><li>東武日光線「幸手」駅 徒歩25～35分</li>
saitama,sengendai,久喜青葉,46600,,,,,,,久喜市青葉1,2-1号棟,鉄筋コンクリート造,5,N,503号室,2LDK,50,5,43500,3100,2か月,['近居割'],随時,https://www.ur-net.go.jp/chintai/kanto/saitama/50_1640_room.html?JKSS=002010503,<li>湘南新宿ライン「久喜」駅バス7～10分 徒歩1～7分</li><li>東武伊勢崎線「久喜」駅バス7～10分 徒歩1～7分</li><li>東武日光線「幸手」駅 徒歩25～35分</li>
saitama,sengendai,久喜青葉,46800,,,,湘南新宿ライン「久喜」駅,8.0,17.0,久喜市青葉1,1-10号棟,鉄筋コンクリート造,5,N,508号室,2LDK,50,5,43700,3100,2か月,['近居割'],随時,https://www.ur-net.go.jp/chintai/kanto/saitama/50_1640_room.html?JKSS=001100508,<li>湘南新宿ライン「久喜」駅バス7～10分 徒歩1～7分</li><li>東武伊勢崎線「久喜」駅バス7～10分 徒歩1～7分</li><li>東武日光線「幸手」駅 徒歩25～35分</li>
saitama,sengendai,久喜青葉,46800,,,,東武伊勢崎線「久喜」駅,8.0,17.0,久喜市青葉1,1-10号棟,鉄筋コンクリート造,5,N,508号室,2LDK,50,5,43700,3100,2か月,['近居割'],随時,https://www.ur-net.go.jp/chintai/kanto/saitama/50_1640_room.html?JKSS=001100508,<li>湘南新宿ライン「久喜」駅バス7～10分 徒歩1～7分</li><li>東武伊勢崎線「久喜」駅バス7～10分 徒歩1～7分</li><li>東武日光線「幸手」駅 徒歩25～35分</li>
saitama,sengendai,久喜青葉,46800,東武日光線「幸手」駅,25.0,35.0,,,,久喜市青葉1,1-10号棟,鉄筋コンクリート造,5,N,508号室,2LDK,50,5,43700,3100,2か月,['近居割'],随時,https://www.ur-net.go.jp/chintai/kanto/saitama/50_1640_room.html?JKSS=001100508,<li>湘南新宿ライン「久喜」駅バス7～10分 徒歩1～7分</li><li>東武伊勢崎線「久喜」駅バス7～10分 徒歩1～7分</li><li>東武日光線「幸手」駅 徒歩25～35分</li>
saitama,sengendai,久喜青葉,46800,,,,,,,久喜市青葉1,1-10号棟,鉄筋コンクリート造,5,N,508号室,2LDK,50,5,43700,3100,2か月,['近居割'],随時,https://www.ur-net.go.jp/chintai/kanto/saitama/50_1640_room.html?JKSS=001100508,<li>湘南新宿ライン「久喜」駅バス7～10分 徒歩1～7分</li><li>東武伊勢崎線「久喜」駅バス7～10分 徒歩1～7分</li><li>東武日光線「幸手」駅 徒歩25～35分</li>
saitama,sengendai,久喜青葉,46800,,,,湘南新宿ライン「久喜」駅,8.0,17.0,久喜市青葉1,2-13号棟,鉄筋コンクリート造,5,N,503号室,2LDK,50,5,43700,3100,2か月,['フリレ１か月'],随時,https://www.ur-net.go.jp/chintai/kanto/saitama/50_1640_room.html?JKSS=002130503,<li>湘南新宿ライン「久喜」駅バス7～10分 徒歩1～7分</li><li>東武伊勢崎線「久喜」駅バス7～10分 徒歩1～7分</li><li>東武日光線「幸手」駅 徒歩25～35分</li>
saitama,sengendai,久喜青葉,46800,,,,東武伊勢崎線「久喜」駅,8.0,17.0,久喜市青葉1,2-13号棟,鉄筋コンクリート造,5,N,503号室,2LDK,50,5,43700,3100,2か月,['フリレ１か月'],随時,https://www.ur-net.go.jp/chintai/kanto/saitama/50_1640_room.html?JKSS=002130503,<li>湘南新宿ライン「久喜」駅バス7～10分 徒歩1～7分</li><li>東武伊勢崎線「久喜」駅バス7～10分 徒歩1～7分</li><li>東武日光線「幸手」駅 徒歩25～35分</li>
saitama,sengendai,久喜青葉,46800,東武日光線「幸手」駅,25.0,35.0,,,,久喜市青葉1,2-13号棟,鉄筋コンクリート造,5,N,503号室,2LDK,50,5,43700,3100,2か月,['フリレ１か月'],随時,https://www.ur-net.go.jp/chintai/kanto/saitama/50_1640_room.html?JKSS=002130503,<li>湘南新宿ライン「久喜」駅バス7～10分 徒歩1～7分</li><li>東武伊勢崎線「久喜」駅バス7～10分 徒歩1～7分</li><li>東武日光線「幸手」駅 徒歩25～35分</li>
saitama,sengendai,久喜青葉,46800,,,,,,,久喜市青葉1,2-13号棟,鉄筋コンクリート造,5,N,503号室,2LDK,50,5,43700,3100,2か月,['フリレ１か月'],随時,https://www.ur-net.go.jp/chintai/kanto/saitama/50_1640_room.html?JKSS=002130503,<li>湘南新宿ライン「久喜」駅バス7～10分 徒歩1～7分</li><li>東武伊勢崎線「久喜」駅バス7～10分 徒歩1～7分</li><li>東武日光線「幸手」駅 徒歩25～35分</li>
saitama,sengendai,久喜青葉,47900,,,,湘南新宿ライン「久喜」駅,8.0,17.0,久喜市青葉1,1-9号棟,鉄筋コンクリート造,4,N,402号室,2LDK,50,5,44800,3100,2か月,['近居割'],随時,https://www.ur-net.go.jp/chintai/kanto/saitama/50_1640_room.html?JKSS=001090402,<li>湘南新宿ライン「久喜」駅バス7～10分 徒歩1～7分</li><li>東武伊勢崎線「久喜」駅バス7～10分 徒歩1～7分</li><li>東武日光線「幸手」駅 徒歩25～35分</li>
saitama,sengendai,久喜青葉,47900,,,,東武伊勢崎線「久喜」駅,8.0,17.0,久喜市青葉1,1-9号棟,鉄筋コンクリート造,4,N,402号室,2LDK,50,5,44800,3100,2か月,['近居割'],随時,https://www.ur-net.go.jp/chintai/kanto/saitama/50_1640_room.html?JKSS=001090402,<li>湘南新宿ライン「久喜」駅バス7～10分 徒歩1～7分</li><li>東武伊勢崎線「久喜」駅バス7～10分 徒歩1～7分</li><li>東武日光線「幸手」駅 徒歩25～35分</li>
saitama,sengendai,久喜青葉,47900,東武日光線「幸手」駅,25.0,35.0,,,,久喜市青葉1,1-9号棟,鉄筋コンクリート造,4,N,402号室,2LDK,50,5,44800,3100,2か月,['近居割'],随時,https://www.ur-net.go.jp/chintai/kanto/saitama/50_1640_room.html?JKSS=001090402,<li>湘南新宿ライン「久喜」駅バス7～10分 徒歩1～7分</li><li>東武伊勢崎線「久喜」駅バス7～10分 徒歩1～7分</li><li>東武日光線「幸手」駅 徒歩25～35分</li>
saitama,sengendai,久喜青葉,47900,,,,,,,久喜市青葉1,1-9号棟,鉄筋コンクリート造,4,N,402号室,2LDK,50,5,44800,3100,2か月,['近居割'],随時,https://www.ur-net.go.jp/chintai/kanto/saitama/50_1640_room.html?JKSS=001090402,<li>湘南新宿ライン「久喜」駅バス7～10分 徒歩1～7分</li><li>東武伊勢崎線「久喜」駅バス7～10分 徒歩1～7分</li><li>東武日光線「幸手」駅 徒歩25～35分</li>
saitama,sengendai,久喜青葉,48600,,,,湘南新宿ライン「久喜」駅,8.0,17.0,久喜市青葉1,1-15号棟,鉄筋コンクリート造,5,N,503号室,3DK,53,5,45500,3100,2か月,['近居割'],随時,https://www.ur-net.go.jp/chintai/kanto/saitama/50_1640_room.html?JKSS=001150503,<li>湘南新宿ライン「久喜」駅バス7～10分 徒歩1～7分</li><li>東武伊勢崎線「久喜」駅バス7～10分 徒歩1～7分</li><li>東武日光線「幸手」駅 徒歩25～35分</li>
saitama,sengendai,久喜青葉,48600,,,,東武伊勢崎線「久喜」駅,8.0,17.0,久喜市青葉1,1-15号棟,鉄筋コンクリート造,5,N,503号室,3DK,53,5,45500,3100,2か月,['近居割'],随時,https://www.ur-net.go.jp/chintai/kanto/saitama/50_1640_room.html?JKSS=001150503,<li>湘南新宿ライン「久喜」駅バス7～10分 徒歩1～7分</li><li>東武伊勢崎線「久喜」駅バス7～10分 徒歩1～7分</li><li>東武日光線「幸手」駅 徒歩25～35分</li>
saitama,sengendai,久喜青葉,48600,東武日光線「幸手」駅,25.0,35.0,,,,久喜市青葉1,1-15号棟,鉄筋コンクリート造,5,N,503号室,3DK,53,5,45500,3100,2か月,['近居割'],随時,https://www.ur-net.go.jp/chintai/kanto/saitama/50_1640_room.html?JKSS=001150503,<li>湘南新宿ライン「久喜」駅バス7～10分 徒歩1～7分</li><li>東武伊勢崎線「久喜」駅バス7～10分 徒歩1～7分</li><li>東武日光線「幸手」駅 徒歩25～35分</li>
saitama,sengendai,久喜青葉,48600,,,,,,,久喜市青葉1,1-15号棟,鉄筋コンクリート造,5,N,503号室,3DK,53,5,45500,3100,2か月,['近居割'],随時,https://www.ur-net.go.jp/chintai/kanto/saitama/50_1640_room.html?JKSS=001150503,<li>湘南新宿ライン「久喜」駅バス7～10分 徒歩1～7分</li><li>東武伊勢崎線「久喜」駅バス7～10分 徒歩1～7分</li><li>東武日光線「幸手」駅 徒歩25～35分</li>
saitama,misato,吉川,105100,,,,JR武蔵野線「吉川」駅,6.0,11.0,吉川市吉川団地,4-18号棟,鉄筋コンクリート造,2,N,202号室,3LDK,85,5,102000,3100,2か月,"['近居割', '近居割WIDE']",随時,https://www.ur-net.go.jp/chintai/kanto/saitama/50_1551_room.html?JKSS=000418202,<li>JR武蔵野線「吉川」駅バス5～6分 徒歩1～5分</li>
saitama,misato,吉川,105100,,,,,,,吉川市吉川団地,4-18号棟,鉄筋コンクリート造,2,N,202号室,3LDK,85,5,102000,3100,2か月,"['近居割', '近居割WIDE']",随時,https://www.ur-net.go.jp/chintai/kanto/saitama/50_1551_room.html?JKSS=000418202,<li>JR武蔵野線「吉川」駅バス5～6分 徒歩1～5分</li>
saitama,misato,吉川,106200,,,,JR武蔵野線「吉川」駅,6.0,11.0,吉川市吉川団地,5-17号棟,鉄筋コンクリート造,4,N,406号室,3LDK,85,5,103100,3100,2か月,"['近居割', '近居割WIDE']",随時,https://www.ur-net.go.jp/chintai/kanto/saitama/50_1551_room.html?JKSS=000517406,<li>JR武蔵野線「吉川」駅バス5～6分 徒歩1～5分</li>
saitama,misato,吉川,106200,,,,,,,吉川市吉川団地,5-17号棟,鉄筋コンクリート造,4,N,406号室,3LDK,85,5,103100,3100,2か月,"['近居割', '近居割WIDE']",随時,https://www.ur-net.go.jp/chintai/kanto/saitama/50_1551_room.html?JKSS=000517406,<li>JR武蔵野線「吉川」駅バス5～6分 徒歩1～5分</li>
saitama,misato,吉川,112900,,,,JR武蔵野線「吉川」駅,6.0,11.0,吉川市吉川団地,5-17号棟,鉄筋コンクリート造,3,N,301号室,4LDK,92,5,109800,3100,2か月,"['近居割', '近居割WIDE']",随時,https://www.ur-net.go.jp/chintai/kanto/saitama/50_1551_room.html?JKSS=000517301,<li>JR武蔵野線「吉川」駅バス5～6分 徒歩1～5分</li>
saitama,misato,吉川,112900,,,,,,,吉川市吉川団地,5-17号棟,鉄筋コンクリート造,3,N,301号室,4LDK,92,5,109800,3100,2か月,"['近居割', '近居割WIDE']",随時,https://www.ur-net.go.jp/chintai/kanto/saitama/50_1551_room.html?JKSS=000517301,<li>JR武蔵野線「吉川」駅バス5～6分 徒歩1～5分</li>
saitama,misato,吉川,113800,,,,JR武蔵野線「吉川」駅,6.0,11.0,吉川市吉川団地,4-18号棟,鉄筋コンクリート造,3,N,305号室,4LDK,98,5,110700,3100,2か月,"['近居割', '近居割WIDE']",随時,https://www.ur-net.go.jp/chintai/kanto/saitama/50_1551_room.html?JKSS=000418305,<li>JR武蔵野線「吉川」駅バス5～6分 徒歩1～5分</li>
saitama,misato,吉川,113800,,,,,,,吉川市吉川団地,4-18号棟,鉄筋コンクリート造,3,N,305号室,4LDK,98,5,110700,3100,2か月,"['近居割', '近居割WIDE']",随時,https://www.ur-net.go.jp/chintai/kanto/saitama/50_1551_room.html?JKSS=000418305,<li>JR武蔵野線「吉川」駅バス5～6分 徒歩1～5分</li>
saitama,higashiomiya,コンフォール西本郷,151500,JR東北本線「土呂」駅,11.0,14.0,,,,さいたま市北区本郷町17-1,8号棟,鉄筋コンクリート造,6,N,608号室,4DK,77,9,147400,4100,2か月,['近居割'],随時,https://www.ur-net.go.jp/chintai/kanto/saitama/50_3860_room.html?JKSS=000080608,<li>JR東北本線「土呂」駅 徒歩11～14分</li><li>ニューシャトル伊奈線「加茂宮」駅 徒歩12～14分</li><li>東武野田線「大宮公園」駅 徒歩17～23分</li>
saitama,higashiomiya,コンフォール西本郷,151500,ニューシャトル伊奈線「加茂宮」駅,12.0,14.0,,,,さいたま市北区本郷町17-1,8号棟,鉄筋コンクリート造,6,N,608号室,4DK,77,9,147400,4100,2か月,['近居割'],随時,https://www.ur-net.go.jp/chintai/kanto/saitama/50_3860_room.html?JKSS=000080608,<li>JR東北本線「土呂」駅 徒歩11～14分</li><li>ニューシャトル伊奈線「加茂宮」駅 徒歩12～14分</li><li>東武野田線「大宮公園」駅 徒歩17～23分</li>
saitama,higashiomiya,コンフォール西本郷,151500,東武野田線「大宮公園」駅,17.0,23.0,,,,さいたま市北区本郷町17-1,8号棟,鉄筋コンクリート造,6,N,608号室,4DK,77,9,147400,4100,2か月,['近居割'],随時,https://www.ur-net.go.jp/chintai/kanto/saitama/50_3860_room.html?JKSS=000080608,<li>JR東北本線「土呂」駅 徒歩11～14分</li><li>ニューシャトル伊奈線「加茂宮」駅 徒歩12～14分</li><li>東武野田線「大宮公園」駅 徒歩17～23分</li>
saitama,higashiomiya,コンフォール西本郷,151500,,,,,,,さいたま市北区本郷町17-1,8号棟,鉄筋コンクリート造,6,N,608号室,4DK,77,9,147400,4100,2か月,['近居割'],随時,https://www.ur-net.go.jp/chintai/kanto/saitama/50_3860_room.html?JKSS=000080608,<li>JR東北本線「土呂」駅 徒歩11～14分</li><li>ニューシャトル伊奈線「加茂宮」駅 徒歩12～14分</li><li>東武野田線「大宮公園」駅 徒歩17～23分</li>
saitama,kawaguchi,川口芝園,94900,JR京浜東北・根岸線「蕨」駅,10.0,15.0,,,,川口市芝園町3,4号棟,鉄骨鉄筋コンクリート造,7,N,757号室,2DK,45,10,90800,4100,2か月,"['近居割', '近居割WIDE']",随時,https://www.ur-net.go.jp/chintai/kanto/saitama/50_1820_room.html?JKSS=000040757,<li>JR京浜東北・根岸線「蕨」駅 徒歩10～15分</li><li>JR埼京線「戸田」駅 徒歩27～32分</li><li>JR武蔵野線「南浦和」駅 徒歩28～34分</li>
saitama,kawaguchi,川口芝園,94900,JR埼京線「戸田」駅,27.0,32.0,,,,川口市芝園町3,4号棟,鉄骨鉄筋コンクリート造,7,N,757号室,2DK,45,10,90800,4100,2か月,"['近居割', '近居割WIDE']",随時,https://www.ur-net.go.jp/chintai/kanto/saitama/50_1820_room.html?JKSS=000040757,<li>JR京浜東北・根岸線「蕨」駅 徒歩10～15分</li><li>JR埼京線「戸田」駅 徒歩27～32分</li><li>JR武蔵野線「南浦和」駅 徒歩28～34分</li>
saitama,kawaguchi,川口芝園,94900,JR武蔵野線「南浦和」駅,28.0,34.0,,,,川口市芝園町3,4号棟,鉄骨鉄筋コンクリート造,7,N,757号室,2DK,45,10,90800,4100,2か月,"['近居割', '近居割WIDE']",随時,https://www.ur-net.go.jp/chintai/kanto/saitama/50_1820_room.html?JKSS=000040757,<li>JR京浜東北・根岸線「蕨」駅 徒歩10～15分</li><li>JR埼京線「戸田」駅 徒歩27～32分</li><li>JR武蔵野線「南浦和」駅 徒歩28～34分</li>
saitama,kawaguchi,川口芝園,94900,,,,,,,川口市芝園町3,4号棟,鉄骨鉄筋コンクリート造,7,N,757号室,2DK,45,10,90800,4100,2か月,"['近居割', '近居割WIDE']",随時,https://www.ur-net.go.jp/chintai/kanto/saitama/50_1820_room.html?JKSS=000040757,<li>JR京浜東北・根岸線「蕨」駅 徒歩10～15分</li><li>JR埼京線「戸田」駅 徒歩27～32分</li><li>JR武蔵野線「南浦和」駅 徒歩28～34分</li>
saitama,kawaguchi,アーバンハイツ南前川,111300,,,,JR京浜東北線「蕨」駅,8.0,8.0,川口市南前川2-21-10,,鉄筋コンクリート造,4,N,409号室,3DK,68,5,107500,3800,2か月,['近居割'],随時,https://www.ur-net.go.jp/chintai/kanto/saitama/50_2220_room.html?JKSS=000000409,<li>JR京浜東北線「蕨」駅 バス7分 徒歩1分</li><li>JR京浜東北線「西川口」駅 バス8分 徒歩1分</li>
saitama,kawaguchi,アーバンハイツ南前川,111300,,,,JR京浜東北線「西川口」駅,9.0,9.0,川口市南前川2-21-10,,鉄筋コンクリート造,4,N,409号室,3DK,68,5,107500,3800,2か月,['近居割'],随時,https://www.ur-net.go.jp/chintai/kanto/saitama/50_2220_room.html?JKSS=000000409,<li>JR京浜東北線「蕨」駅 バス7分 徒歩1分</li><li>JR京浜東北線「西川口」駅 バス8分 徒歩1分</li>
saitama,kawaguchi,アーバンハイツ南前川,111300,,,,,,,川口市南前川2-21-10,,鉄筋コンクリート造,4,N,409号室,3DK,68,5,107500,3800,2か月,['近居割'],随時,https://www.ur-net.go.jp/chintai/kanto/saitama/50_2220_room.html?JKSS=000000409,<li>JR京浜東北線「蕨」駅 バス7分 徒歩1分</li><li>JR京浜東北線「西川口」駅 バス8分 徒歩1分</li>
saitama,kawaguchi,アーバンハイツ南前川,114100,,,,JR京浜東北線「蕨」駅,8.0,8.0,川口市南前川2-21-10,,鉄筋コンクリート造,2,N,203号室,2LDK,62,5,110300,3800,2か月,['近居割'],随時,https://www.ur-net.go.jp/chintai/kanto/saitama/50_2220_room.html?JKSS=000000203,<li>JR京浜東北線「蕨」駅 バス7分 徒歩1分</li><li>JR京浜東北線「西川口」駅 バス8分 徒歩1分</li>
saitama,kawaguchi,アーバンハイツ南前川,114100,,,,JR京浜東北線「西川口」駅,9.0,9.0,川口市南前川2-21-10,,鉄筋コンクリート造,2,N,203号室,2LDK,62,5,110300,3800,2か月,['近居割'],随時,https://www.ur-net.go.jp/chintai/kanto/saitama/50_2220_room.html?JKSS=000000203,<li>JR京浜東北線「蕨」駅 バス7分 徒歩1分</li><li>JR京浜東北線「西川口」駅 バス8分 徒歩1分</li>
saitama,kawaguchi,アーバンハイツ南前川,114100,,,,,,,川口市南前川2-21-10,,鉄筋コンクリート造,2,N,203号室,2LDK,62,5,110300,3800,2か月,['近居割'],随時,https://www.ur-net.go.jp/chintai/kanto/saitama/50_2220_room.html?JKSS=000000203,<li>JR京浜東北線「蕨」駅 バス7分 徒歩1分</li><li>JR京浜東北線「西川口」駅 バス8分 徒歩1分</li>
saitama,kawaguchi,アーバンハイツ南前川,130800,,,,JR京浜東北線「蕨」駅,8.0,8.0,川口市南前川2-21-10,,鉄筋コンクリート造,3,N,304号室,3LDK,79,5,127000,3800,2か月,['近居割'],随時,https://www.ur-net.go.jp/chintai/kanto/saitama/50_2220_room.html?JKSS=000000304,<li>JR京浜東北線「蕨」駅 バス7分 徒歩1分</li><li>JR京浜東北線「西川口」駅 バス8分 徒歩1分</li>
saitama,kawaguchi,アーバンハイツ南前川,130800,,,,JR京浜東北線「西川口」駅,9.0,9.0,川口市南前川2-21-10,,鉄筋コンクリート造,3,N,304号室,3LDK,79,5,127000,3800,2か月,['近居割'],随時,https://www.ur-net.go.jp/chintai/kanto/saitama/50_2220_room.html?JKSS=000000304,<li>JR京浜東北線「蕨」駅 バス7分 徒歩1分</li><li>JR京浜東北線「西川口」駅 バス8分 徒歩1分</li>
saitama,kawaguchi,アーバンハイツ南前川,130800,,,,,,,川口市南前川2-21-10,,鉄筋コンクリート造,3,N,304号室,3LDK,79,5,127000,3800,2か月,['近居割'],随時,https://www.ur-net.go.jp/chintai/kanto/saitama/50_2220_room.html?JKSS=000000304,<li>JR京浜東北線「蕨」駅 バス7分 徒歩1分</li><li>JR京浜東北線「西川口」駅 バス8分 徒歩1分</li>
saitama,higashiomiya,アーバンみらい東大宮　東一番街,106000,,,,JR東北本線「東大宮」駅,15.0,19.0,さいたま市見沼区春野1-6ほか,6-7号棟,鉄筋コンクリート造,1,N,101号室,4DK,78,8,103100,2900,2か月,"['近居割', '近居割WIDE']",随時,https://www.ur-net.go.jp/chintai/kanto/saitama/50_2790_room.html?JKSS=006070101,<li>JR東北本線「東大宮」駅バス14分 徒歩1～5分</li><li>東武野田線「七里」駅 徒歩36～39分</li><li>東武野田線「岩槻」駅 徒歩37～41分</li>
saitama,higashiomiya,アーバンみらい東大宮　東一番街,106000,東武野田線「七里」駅,36.0,39.0,,,,さいたま市見沼区春野1-6ほか,6-7号棟,鉄筋コンクリート造,1,N,101号室,4DK,78,8,103100,2900,2か月,"['近居割', '近居割WIDE']",随時,https://www.ur-net.go.jp/chintai/kanto/saitama/50_2790_room.html?JKSS=006070101,<li>JR東北本線「東大宮」駅バス14分 徒歩1～5分</li><li>東武野田線「七里」駅 徒歩36～39分</li><li>東武野田線「岩槻」駅 徒歩37～41分</li>
saitama,higashiomiya,アーバンみらい東大宮　東一番街,106000,東武野田線「岩槻」駅,37.0,41.0,,,,さいたま市見沼区春野1-6ほか,6-7号棟,鉄筋コンクリート造,1,N,101号室,4DK,78,8,103100,2900,2か月,"['近居割', '近居割WIDE']",随時,https://www.ur-net.go.jp/chintai/kanto/saitama/50_2790_room.html?JKSS=006070101,<li>JR東北本線「東大宮」駅バス14分 徒歩1～5分</li><li>東武野田線「七里」駅 徒歩36～39分</li><li>東武野田線「岩槻」駅 徒歩37～41分</li>
saitama,higashiomiya,アーバンみらい東大宮　東一番街,106000,,,,,,,さいたま市見沼区春野1-6ほか,6-7号棟,鉄筋コンクリート造,1,N,101号室,4DK,78,8,103100,2900,2か月,"['近居割', '近居割WIDE']",随時,https://www.ur-net.go.jp/chintai/kanto/saitama/50_2790_room.html?JKSS=006070101,<li>JR東北本線「東大宮」駅バス14分 徒歩1～5分</li><li>東武野田線「七里」駅 徒歩36～39分</li><li>東武野田線「岩槻」駅 徒歩37～41分</li>
saitama,minamiurawa,コンフォール領家,123500,JR京浜東北・根岸線「北浦和」駅,16.0,18.0,,,,さいたま市浦和区領家6-11,1号棟,鉄筋コンクリート造,4,N,403号室,1LDK,50,5,117500,6000,2か月,['近居割'],2026年9月17日以降,https://www.ur-net.go.jp/chintai/kanto/saitama/50_4110_room.html?JKSS=000010403,<li>JR京浜東北・根岸線「北浦和」駅 徒歩16～18分</li><li>JR京浜東北・根岸線「与野」駅 徒歩17分</li><li>JR京浜東北・根岸線「浦和」駅 徒歩36～39分</li>
saitama,minamiurawa,コンフォール領家,123500,JR京浜東北・根岸線「与野」駅,17.0,17.0,,,,さいたま市浦和区領家6-11,1号棟,鉄筋コンクリート造,4,N,403号室,1LDK,50,5,117500,6000,2か月,['近居割'],2026年9月17日以降,https://www.ur-net.go.jp/chintai/kanto/saitama/50_4110_room.html?JKSS=000010403,<li>JR京浜東北・根岸線「北浦和」駅 徒歩16～18分</li><li>JR京浜東北・根岸線「与野」駅 徒歩17分</li><li>JR京浜東北・根岸線「浦和」駅 徒歩36～39分</li>
saitama,minamiurawa,コンフォール領家,123500,JR京浜東北・根岸線「浦和」駅,36.0,39.0,,,,さいたま市浦和区領家6-11,1号棟,鉄筋コンクリート造,4,N,403号室,1LDK,50,5,117500,6000,2か月,['近居割'],2026年9月17日以降,https://www.ur-net.go.jp/chintai/kanto/saitama/50_4110_room.html?JKSS=000010403,<li>JR京浜東北・根岸線「北浦和」駅 徒歩16～18分</li><li>JR京浜東北・根岸線「与野」駅 徒歩17分</li><li>JR京浜東北・根岸線「浦和」駅 徒歩36～39分</li>
saitama,minamiurawa,コンフォール領家,123500,,,,,,,さいたま市浦和区領家6-11,1号棟,鉄筋コンクリート造,4,N,403号室,1LDK,50,5,117500,6000,2か月,['近居割'],2026年9月17日以降,https://www.ur-net.go.jp/chintai/kanto/saitama/50_4110_room.html?JKSS=000010403,<li>JR京浜東北・根岸線「北浦和」駅 徒歩16～18分</li><li>JR京浜東北・根岸線「与野」駅 徒歩17分</li><li>JR京浜東北・根岸線「浦和」駅 徒歩36～39分</li>
saitama,minamiurawa,うらわイーストシティ　かえで街,111000,JR武蔵野線「東浦和」駅,13.0,13.0,JR武蔵野線「東浦和」駅,4.0,5.0,さいたま市緑区東浦和2-73-1,5号棟,鉄筋コンクリート造,2,N,201号室,2DK,63,3,105500,5500,2か月,['フリレ１か月'],随時,https://www.ur-net.go.jp/chintai/kanto/saitama/50_2730_room.html?JKSS=000050201,<li>JR武蔵野線「東浦和」駅 徒歩13分</li><li>JR武蔵野線「東浦和」駅バス2分 徒歩2～3分</li><li>JR東北本線「浦和」駅バス14分 徒歩7～9分</li>
saitama,minamiurawa,うらわイーストシティ　かえで街,111000,,,,JR東北本線「浦和」駅,21.0,23.0,さいたま市緑区東浦和2-73-1,5号棟,鉄筋コンクリート造,2,N,201号室,2DK,63,3,105500,5500,2か月,['フリレ１か月'],随時,https://www.ur-net.go.jp/chintai/kanto/saitama/50_2730_room.html?JKSS=000050201,<li>JR武蔵野線「東浦和」駅 徒歩13分</li><li>JR武蔵野線「東浦和」駅バス2分 徒歩2～3分</li><li>JR東北本線「浦和」駅バス14分 徒歩7～9分</li>
saitama,minamiurawa,うらわイーストシティ　かえで街,111000,,,,,,,さいたま市緑区東浦和2-73-1,5号棟,鉄筋コンクリート造,2,N,201号室,2DK,63,3,105500,5500,2か月,['フリレ１か月'],随時,https://www.ur-net.go.jp/chintai/kanto/saitama/50_2730_room.html?JKSS=000050201,<li>JR武蔵野線「東浦和」駅 徒歩13分</li><li>JR武蔵野線「東浦和」駅バス2分 徒歩2～3分</li><li>JR東北本線「浦和」駅バス14分 徒歩7～9分</li>
saitama,minamiurawa,うらわイーストシティ　かえで街,132100,JR武蔵野線「東浦和」駅,13.0,13.0,JR武蔵野線「東浦和」駅,4.0,5.0,さいたま市緑区東浦和2-73-1,3号棟,鉄筋コンクリート造,4,N,401号室,2LDK,70,5,126600,5500,2か月,['フリレ１か月'],随時,https://www.ur-net.go.jp/chintai/kanto/saitama/50_2730_room.html?JKSS=000030401,<li>JR武蔵野線「東浦和」駅 徒歩13分</li><li>JR武蔵野線「東浦和」駅バス2分 徒歩2～3分</li><li>JR東北本線「浦和」駅バス14分 徒歩7～9分</li>
saitama,minamiurawa,うらわイーストシティ　かえで街,132100,,,,JR東北本線「浦和」駅,21.0,23.0,さいたま市緑区東浦和2-73-1,3号棟,鉄筋コンクリート造,4,N,401号室,2LDK,70,5,126600,5500,2か月,['フリレ１か月'],随時,https://www.ur-net.go.jp/chintai/kanto/saitama/50_2730_room.html?JKSS=000030401,<li>JR武蔵野線「東浦和」駅 徒歩13分</li><li>JR武蔵野線「東浦和」駅バス2分 徒歩2～3分</li><li>JR東北本線「浦和」駅バス14分 徒歩7～9分</li>
saitama,minamiurawa,うらわイーストシティ　かえで街,132100,,,,,,,さいたま市緑区東浦和2-73-1,3号棟,鉄筋コンクリート造,4,N,401号室,2LDK,70,5,126600,5500,2か月,['フリレ１か月'],随時,https://www.ur-net.go.jp/chintai/kanto/saitama/50_2730_room.html?JKSS=000030401,<li>JR武蔵野線「東浦和」駅 徒歩13分</li><li>JR武蔵野線「東浦和」駅バス2分 徒歩2～3分</li><li>JR東北本線「浦和」駅バス14分 徒歩7～9分</li>
saitama,ageo,ビュータワーおけがわ,94000,JR高崎線・湘南新宿ライン「桶川」駅,2.0,2.0,,,,桶川市若宮1-4-30,1号棟,鉄筋コンクリート造,14,N,1408号室,1LDK,50,25,88300,5700,2か月,['近居割'],随時,https://www.ur-net.go.jp/chintai/kanto/saitama/50_3320_room.html?JKSS=000011408,<li>JR高崎線・湘南新宿ライン「桶川」駅 徒歩2分</li>
saitama,ageo,ビュータワーおけがわ,94000,,,,,,,桶川市若宮1-4-30,1号棟,鉄筋コンクリート造,14,N,1408号室,1LDK,50,25,88300,5700,2か月,['近居割'],随時,https://www.ur-net.go.jp/chintai/kanto/saitama/50_3320_room.html?JKSS=000011408,<li>JR高崎線・湘南新宿ライン「桶川」駅 徒歩2分</li>
saitama,ageo,パークタウン若宮,95900,JR高崎線「桶川」駅,5.0,9.0,,,,桶川市若宮1-8,25号棟,鉄筋コンクリート造,4,N,402号室,3LDK,82,5,92700,3200,2か月,['近居割'],随時,https://www.ur-net.go.jp/chintai/kanto/saitama/50_2160_room.html?JKSS=000250402,<li>JR高崎線「桶川」駅 徒歩5～9分</li><li>JR高崎線「北本」駅 徒歩60～65分</li><li>JR高崎線「北上尾」駅 徒歩28～34分</li>
saitama,ageo,パークタウン若宮,95900,JR高崎線「北本」駅,60.0,65.0,,,,桶川市若宮1-8,25号棟,鉄筋コンクリート造,4,N,402号室,3LDK,82,5,92700,3200,2か月,['近居割'],随時,https://www.ur-net.go.jp/chintai/kanto/saitama/50_2160_room.html?JKSS=000250402,<li>JR高崎線「桶川」駅 徒歩5～9分</li><li>JR高崎線「北本」駅 徒歩60～65分</li><li>JR高崎線「北上尾」駅 徒歩28～34分</li>
saitama,ageo,パークタウン若宮,95900,JR高崎線「北上尾」駅,28.0,34.0,,,,桶川市若宮1-8,25号棟,鉄筋コンクリート造,4,N,402号室,3LDK,82,5,92700,3200,2か月,['近居割'],随時,https://www.ur-net.go.jp/chintai/kanto/saitama/50_2160_room.html?JKSS=000250402,<li>JR高崎線「桶川」駅 徒歩5～9分</li><li>JR高崎線「北本」駅 徒歩60～65分</li><li>JR高崎線「北上尾」駅 徒歩28～34分</li>
saitama,ageo,パークタウン若宮,95900,,,,,,,桶川市若宮1-8,25号棟,鉄筋コンクリート造,4,N,402号室,3LDK,82,5,92700,3200,2か月,['近居割'],随時,https://www.ur-net.go.jp/chintai/kanto/saitama/50_2160_room.html?JKSS=000250402,<li>JR高崎線「桶川」駅 徒歩5～9分</li><li>JR高崎線「北本」駅 徒歩60～65分</li><li>JR高崎線「北上尾」駅 徒歩28～34分</li>
saitama,ageo,パークタウン若宮,96400,JR高崎線「桶川」駅,5.0,9.0,,,,桶川市若宮1-8,22号棟,鉄筋コンクリート造,5,N,502号室,3LDK,86,5,93200,3200,2か月,['フリレ１か月'],随時,https://www.ur-net.go.jp/chintai/kanto/saitama/50_2160_room.html?JKSS=000220502,<li>JR高崎線「桶川」駅 徒歩5～9分</li><li>JR高崎線「北本」駅 徒歩60～65分</li><li>JR高崎線「北上尾」駅 徒歩28～34分</li>
saitama,ageo,パークタウン若宮,96400,JR高崎線「北本」駅,60.0,65.0,,,,桶川市若宮1-8,22号棟,鉄筋コンクリート造,5,N,502号室,3LDK,86,5,93200,3200,2か月,['フリレ１か月'],随時,https://www.ur-net.go.jp/chintai/kanto/saitama/50_2160_room.html?JKSS=000220502,<li>JR高崎線「桶川」駅 徒歩5～9分</li><li>JR高崎線「北本」駅 徒歩60～65分</li><li>JR高崎線「北上尾」駅 徒歩28～34分</li>
saitama,ageo,パークタウン若宮,96400,JR高崎線「北上尾」駅,28.0,34.0,,,,桶川市若宮1-8,22号棟,鉄筋コンクリート造,5,N,502号室,3LDK,86,5,93200,3200,2か月,['フリレ１か月'],随時,https://www.ur-net.go.jp/chintai/kanto/saitama/50_2160_room.html?JKSS=000220502,<li>JR高崎線「桶川」駅 徒歩5～9分</li><li>JR高崎線「北本」駅 徒歩60～65分</li><li>JR高崎線「北上尾」駅 徒歩28～34分</li>
saitama,ageo,パークタウン若宮,96400,,,,,,,桶川市若宮1-8,22号棟,鉄筋コンクリート造,5,N,502号室,3LDK,86,5,93200,3200,2か月,['フリレ１か月'],随時,https://www.ur-net.go.jp/chintai/kanto/saitama/50_2160_room.html?JKSS=000220502,<li>JR高崎線「桶川」駅 徒歩5～9分</li><li>JR高崎線「北本」駅 徒歩60～65分</li><li>JR高崎線「北上尾」駅 徒歩28～34分</li>
saitama,ageo,パークタウン若宮,101300,JR高崎線「桶川」駅,5.0,9.0,,,,桶川市若宮1-8,21号棟,鉄筋コンクリート造,2,N,201号室,3LDK,87,5,98100,3200,2か月,['近居割'],随時,https://www.ur-net.go.jp/chintai/kanto/saitama/50_2160_room.html?JKSS=000210201,<li>JR高崎線「桶川」駅 徒歩5～9分</li><li>JR高崎線「北本」駅 徒歩60～65分</li><li>JR高崎線「北上尾」駅 徒歩28～34分</li>
saitama,ageo,パークタウン若宮,101300,JR高崎線「北本」駅,60.0,65.0,,,,桶川市若宮1-8,21号棟,鉄筋コンクリート造,2,N,201号室,3LDK,87,5,98100,3200,2か月,['近居割'],随時,https://www.ur-net.go.jp/chintai/kanto/saitama/50_2160_room.html?JKSS=000210201,<li>JR高崎線「桶川」駅 徒歩5～9分</li><li>JR高崎線「北本」駅 徒歩60～65分</li><li>JR高崎線「北上尾」駅 徒歩28～34分</li>
saitama,ageo,パークタウン若宮,101300,JR高崎線「北上尾」駅,28.0,34.0,,,,桶川市若宮1-8,21号棟,鉄筋コンクリート造,2,N,201号室,3LDK,87,5,98100,3200,2か月,['近居割'],随時,https://www.ur-net.go.jp/chintai/kanto/saitama/50_2160_room.html?JKSS=000210201,<li>JR高崎線「桶川」駅 徒歩5～9分</li><li>JR高崎線「北本」駅 徒歩60～65分</li><li>JR高崎線「北上尾」駅 徒歩28～34分</li>
saitama,ageo,パークタウン若宮,101300,,,,,,,桶川市若宮1-8,21号棟,鉄筋コンクリート造,2,N,201号室,3LDK,87,5,98100,3200,2か月,['近居割'],随時,https://www.ur-net.go.jp/chintai/kanto/saitama/50_2160_room.html?JKSS=000210201,<li>JR高崎線「桶川」駅 徒歩5～9分</li><li>JR高崎線「北本」駅 徒歩60～65分</li><li>JR高崎線「北上尾」駅 徒歩28～34分</li>
saitama,ageo,パークシティ鴻巣駅前プラザ第二,69000,JR高崎線「北鴻巣」駅,4.0,8.0,,,,鴻巣市赤見台2-2,20号棟,鉄筋コンクリート造,5,N,505号室,3DK,62,5,66000,3000,2か月,['近居割'],随時,https://www.ur-net.go.jp/chintai/kanto/saitama/50_2440_room.html?JKSS=000200505,<li>JR高崎線「北鴻巣」駅 徒歩4～8分</li><li>JR高崎線「吹上」駅 徒歩40～43分</li><li>JR高崎線「鴻巣」駅 徒歩58～61分</li>
saitama,ageo,パークシティ鴻巣駅前プラザ第二,69000,JR高崎線「吹上」駅,40.0,43.0,,,,鴻巣市赤見台2-2,20号棟,鉄筋コンクリート造,5,N,505号室,3DK,62,5,66000,3000,2か月,['近居割'],随時,https://www.ur-net.go.jp/chintai/kanto/saitama/50_2440_room.html?JKSS=000200505,<li>JR高崎線「北鴻巣」駅 徒歩4～8分</li><li>JR高崎線「吹上」駅 徒歩40～43分</li><li>JR高崎線「鴻巣」駅 徒歩58～61分</li>
saitama,ageo,パークシティ鴻巣駅前プラザ第二,69000,JR高崎線「鴻巣」駅,58.0,61.0,,,,鴻巣市赤見台2-2,20号棟,鉄筋コンクリート造,5,N,505号室,3DK,62,5,66000,3000,2か月,['近居割'],随時,https://www.ur-net.go.jp/chintai/kanto/saitama/50_2440_room.html?JKSS=000200505,<li>JR高崎線「北鴻巣」駅 徒歩4～8分</li><li>JR高崎線「吹上」駅 徒歩40～43分</li><li>JR高崎線「鴻巣」駅 徒歩58～61分</li>
saitama,ageo,パークシティ鴻巣駅前プラザ第二,69000,,,,,,,鴻巣市赤見台2-2,20号棟,鉄筋コンクリート造,5,N,505号室,3DK,62,5,66000,3000,2か月,['近居割'],随時,https://www.ur-net.go.jp/chintai/kanto/saitama/50_2440_room.html?JKSS=000200505,<li>JR高崎線「北鴻巣」駅 徒歩4～8分</li><li>JR高崎線「吹上」駅 徒歩40～43分</li><li>JR高崎線「鴻巣」駅 徒歩58～61分</li>
saitama,ageo,パークシティ鴻巣駅前プラザ第二,72700,JR高崎線「北鴻巣」駅,4.0,8.0,,,,鴻巣市赤見台2-2,21号棟,鉄筋コンクリート造,4,N,404号室,3DK,64,5,69700,3000,2か月,['近居割'],随時,https://www.ur-net.go.jp/chintai/kanto/saitama/50_2440_room.html?JKSS=000210404,<li>JR高崎線「北鴻巣」駅 徒歩4～8分</li><li>JR高崎線「吹上」駅 徒歩40～43分</li><li>JR高崎線「鴻巣」駅 徒歩58～61分</li>
saitama,ageo,パークシティ鴻巣駅前プラザ第二,72700,JR高崎線「吹上」駅,40.0,43.0,,,,鴻巣市赤見台2-2,21号棟,鉄筋コンクリート造,4,N,404号室,3DK,64,5,69700,3000,2か月,['近居割'],随時,https://www.ur-net.go.jp/chintai/kanto/saitama/50_2440_room.html?JKSS=000210404,<li>JR高崎線「北鴻巣」駅 徒歩4～8分</li><li>JR高崎線「吹上」駅 徒歩40～43分</li><li>JR高崎線「鴻巣」駅 徒歩58～61分</li>
saitama,ageo,パークシティ鴻巣駅前プラザ第二,72700,JR高崎線「鴻巣」駅,58.0,61.0,,,,鴻巣市赤見台2-2,21号棟,鉄筋コンクリート造,4,N,404号室,3DK,64,5,69700,3000,2か月,['近居割'],随時,https://www.ur-net.go.jp/chintai/kanto/saitama/50_2440_room.html?JKSS=000210404,<li>JR高崎線「北鴻巣」駅 徒歩4～8分</li><li>JR高崎線「吹上」駅 徒歩40～43分</li><li>JR高崎線「鴻巣」駅 徒歩58～61分</li>
saitama,ageo,パークシティ鴻巣駅前プラザ第二,72700,,,,,,,鴻巣市赤見台2-2,21号棟,鉄筋コンクリート造,4,N,404号室,3DK,64,5,69700,3000,2か月,['近居割'],随時,https://www.ur-net.go.jp/chintai/kanto/saitama/50_2440_room.html?JKSS=000210404,<li>JR高崎線「北鴻巣」駅 徒歩4～8分</li><li>JR高崎線「吹上」駅 徒歩40～43分</li><li>JR高崎線「鴻巣」駅 徒歩58～61分</li>
saitama,ageo,パークシティ鴻巣駅前プラザ第二,74600,JR高崎線「北鴻巣」駅,4.0,8.0,,,,鴻巣市赤見台2-2,20号棟,鉄筋コンクリート造,2,N,206号室,2LDK,62,5,71600,3000,2か月,['近居割'],2026年9月17日以降,https://www.ur-net.go.jp/chintai/kanto/saitama/50_2440_room.html?JKSS=000200206,<li>JR高崎線「北鴻巣」駅 徒歩4～8分</li><li>JR高崎線「吹上」駅 徒歩40～43分</li><li>JR高崎線「鴻巣」駅 徒歩58～61分</li>
saitama,ageo,パークシティ鴻巣駅前プラザ第二,74600,JR高崎線「吹上」駅,40.0,43.0,,,,鴻巣市赤見台2-2,20号棟,鉄筋コンクリート造,2,N,206号室,2LDK,62,5,71600,3000,2か月,['近居割'],2026年9月17日以降,https://www.ur-net.go.jp/chintai/kanto/saitama/50_2440_room.html?JKSS=000200206,<li>JR高崎線「北鴻巣」駅 徒歩4～8分</li><li>JR高崎線「吹上」駅 徒歩40～43分</li><li>JR高崎線「鴻巣」駅 徒歩58～61分</li>
saitama,ageo,パークシティ鴻巣駅前プラザ第二,74600,JR高崎線「鴻巣」駅,58.0,61.0,,,,鴻巣市赤見台2-2,20号棟,鉄筋コンクリート造,2,N,206号室,2LDK,62,5,71600,3000,2か月,['近居割'],2026年9月17日以降,https://www.ur-net.go.jp/chintai/kanto/saitama/50_2440_room.html?JKSS=000200206,<li>JR高崎線「北鴻巣」駅 徒歩4～8分</li><li>JR高崎線「吹上」駅 徒歩40～43分</li><li>JR高崎線「鴻巣」駅 徒歩58～61分</li>
saitama,ageo,パークシティ鴻巣駅前プラザ第二,74600,,,,,,,鴻巣市赤見台2-2,20号棟,鉄筋コンクリート造,2,N,206号室,2LDK,62,5,71600,3000,2か月,['近居割'],2026年9月17日以降,https://www.ur-net.go.jp/chintai/kanto/saitama/50_2440_room.html?JKSS=000200206,<li>JR高崎線「北鴻巣」駅 徒歩4～8分</li><li>JR高崎線「吹上」駅 徒歩40～43分</li><li>JR高崎線「鴻巣」駅 徒歩58～61分</li>
saitama,ageo,パークシティ鴻巣駅前プラザ,72100,JR高崎線「北鴻巣」駅,3.0,7.0,,,,鴻巣市赤見台2-2,15号棟,鉄筋コンクリート造,2,N,205号室,3DK,64,5,70000,2100,2か月,['近居割'],随時,https://www.ur-net.go.jp/chintai/kanto/saitama/50_2140_room.html?JKSS=000150205,<li>JR高崎線「北鴻巣」駅 徒歩3～7分</li><li>JR高崎線「鴻巣」駅 徒歩58～62分</li><li>JR高崎線「吹上」駅 徒歩38～42分</li>
saitama,ageo,パークシティ鴻巣駅前プラザ,72100,JR高崎線「鴻巣」駅,58.0,62.0,,,,鴻巣市赤見台2-2,15号棟,鉄筋コンクリート造,2,N,205号室,3DK,64,5,70000,2100,2か月,['近居割'],随時,https://www.ur-net.go.jp/chintai/kanto/saitama/50_2140_room.html?JKSS=000150205,<li>JR高崎線「北鴻巣」駅 徒歩3～7分</li><li>JR高崎線「鴻巣」駅 徒歩58～62分</li><li>JR高崎線「吹上」駅 徒歩38～42分</li>
saitama,ageo,パークシティ鴻巣駅前プラザ,72100,JR高崎線「吹上」駅,38.0,42.0,,,,鴻巣市赤見台2-2,15号棟,鉄筋コンクリート造,2,N,205号室,3DK,64,5,70000,2100,2か月,['近居割'],随時,https://www.ur-net.go.jp/chintai/kanto/saitama/50_2140_room.html?JKSS=000150205,<li>JR高崎線「北鴻巣」駅 徒歩3～7分</li><li>JR高崎線「鴻巣」駅 徒歩58～62分</li><li>JR高崎線「吹上」駅 徒歩38～42分</li>
saitama,ageo,パークシティ鴻巣駅前プラザ,72100,,,,,,,鴻巣市赤見台2-2,15号棟,鉄筋コンクリート造,2,N,205号室,3DK,64,5,70000,2100,2か月,['近居割'],随時,https://www.ur-net.go.jp/chintai/kanto/saitama/50_2140_room.html?JKSS=000150205,<li>JR高崎線「北鴻巣」駅 徒歩3～7分</li><li>JR高崎線「鴻巣」駅 徒歩58～62分</li><li>JR高崎線「吹上」駅 徒歩38～42分</li>
saitama,ageo,パークシティ鴻巣駅前プラザ,80000,JR高崎線「北鴻巣」駅,3.0,7.0,,,,鴻巣市赤見台2-2,13号棟,鉄筋コンクリート造,5,N,506号室,3LDK,75,5,77900,2100,2か月,['近居割'],随時,https://www.ur-net.go.jp/chintai/kanto/saitama/50_2140_room.html?JKSS=000130506,<li>JR高崎線「北鴻巣」駅 徒歩3～7分</li><li>JR高崎線「鴻巣」駅 徒歩58～62分</li><li>JR高崎線「吹上」駅 徒歩38～42分</li>
saitama,ageo,パークシティ鴻巣駅前プラザ,80000,JR高崎線「鴻巣」駅,58.0,62.0,,,,鴻巣市赤見台2-2,13号棟,鉄筋コンクリート造,5,N,506号室,3LDK,75,5,77900,2100,2か月,['近居割'],随時,https://www.ur-net.go.jp/chintai/kanto/saitama/50_2140_room.html?JKSS=000130506,<li>JR高崎線「北鴻巣」駅 徒歩3～7分</li><li>JR高崎線「鴻巣」駅 徒歩58～62分</li><li>JR高崎線「吹上」駅 徒歩38～42分</li>
saitama,ageo,パークシティ鴻巣駅前プラザ,80000,JR高崎線「吹上」駅,38.0,42.0,,,,鴻巣市赤見台2-2,13号棟,鉄筋コンクリート造,5,N,506号室,3LDK,75,5,77900,2100,2か月,['近居割'],随時,https://www.ur-net.go.jp/chintai/kanto/saitama/50_2140_room.html?JKSS=000130506,<li>JR高崎線「北鴻巣」駅 徒歩3～7分</li><li>JR高崎線「鴻巣」駅 徒歩58～62分</li><li>JR高崎線「吹上」駅 徒歩38～42分</li>
saitama,ageo,パークシティ鴻巣駅前プラザ,80000,,,,,,,鴻巣市赤見台2-2,13号棟,鉄筋コンクリート造,5,N,506号室,3LDK,75,5,77900,2100,2か月,['近居割'],随時,https://www.ur-net.go.jp/chintai/kanto/saitama/50_2140_room.html?JKSS=000130506,<li>JR高崎線「北鴻巣」駅 徒歩3～7分</li><li>JR高崎線「鴻巣」駅 徒歩58～62分</li><li>JR高崎線「吹上」駅 徒歩38～42分</li>
saitama,ageo,パークシティ鴻巣　駅前プラザ第三,78600,JR高崎線「北鴻巣」駅,3.0,4.0,,,,鴻巣市赤見台1-13ほか,2号棟,鉄筋コンクリート造,5,N,504号室,3DK,63,5,75600,3000,2か月,['近居割'],随時,https://www.ur-net.go.jp/chintai/kanto/saitama/50_2940_room.html?JKSS=000020504,<li>JR高崎線「北鴻巣」駅 徒歩3～4分</li><li>JR高崎線「吹上」駅 徒歩42～44分</li><li>JR高崎線「鴻巣」駅 徒歩56～59分</li>
saitama,ageo,パークシティ鴻巣　駅前プラザ第三,78600,JR高崎線「吹上」駅,42.0,44.0,,,,鴻巣市赤見台1-13ほか,2号棟,鉄筋コンクリート造,5,N,504号室,3DK,63,5,75600,3000,2か月,['近居割'],随時,https://www.ur-net.go.jp/chintai/kanto/saitama/50_2940_room.html?JKSS=000020504,<li>JR高崎線「北鴻巣」駅 徒歩3～4分</li><li>JR高崎線「吹上」駅 徒歩42～44分</li><li>JR高崎線「鴻巣」駅 徒歩56～59分</li>
saitama,ageo,パークシティ鴻巣　駅前プラザ第三,78600,JR高崎線「鴻巣」駅,56.0,59.0,,,,鴻巣市赤見台1-13ほか,2号棟,鉄筋コンクリート造,5,N,504号室,3DK,63,5,75600,3000,2か月,['近居割'],随時,https://www.ur-net.go.jp/chintai/kanto/saitama/50_2940_room.html?JKSS=000020504,<li>JR高崎線「北鴻巣」駅 徒歩3～4分</li><li>JR高崎線「吹上」駅 徒歩42～44分</li><li>JR高崎線「鴻巣」駅 徒歩56～59分</li>
saitama,ageo,パークシティ鴻巣　駅前プラザ第三,78600,,,,,,,鴻巣市赤見台1-13ほか,2号棟,鉄筋コンクリート造,5,N,504号室,3DK,63,5,75600,3000,2か月,['近居割'],随時,https://www.ur-net.go.jp/chintai/kanto/saitama/50_2940_room.html?JKSS=000020504,<li>JR高崎線「北鴻巣」駅 徒歩3～4分</li><li>JR高崎線「吹上」駅 徒歩42～44分</li><li>JR高崎線「鴻巣」駅 徒歩56～59分</li>
saitama,ageo,パークシティ鴻巣　駅前プラザ第三,79700,JR高崎線「北鴻巣」駅,3.0,4.0,,,,鴻巣市赤見台1-13ほか,2号棟,鉄筋コンクリート造,3,N,302号室,3DK,63,5,76700,3000,2か月,['近居割'],随時,https://www.ur-net.go.jp/chintai/kanto/saitama/50_2940_room.html?JKSS=000020302,<li>JR高崎線「北鴻巣」駅 徒歩3～4分</li><li>JR高崎線「吹上」駅 徒歩42～44分</li><li>JR高崎線「鴻巣」駅 徒歩56～59分</li>
saitama,ageo,パークシティ鴻巣　駅前プラザ第三,79700,JR高崎線「吹上」駅,42.0,44.0,,,,鴻巣市赤見台1-13ほか,2号棟,鉄筋コンクリート造,3,N,302号室,3DK,63,5,76700,3000,2か月,['近居割'],随時,https://www.ur-net.go.jp/chintai/kanto/saitama/50_2940_room.html?JKSS=000020302,<li>JR高崎線「北鴻巣」駅 徒歩3～4分</li><li>JR高崎線「吹上」駅 徒歩42～44分</li><li>JR高崎線「鴻巣」駅 徒歩56～59分</li>
saitama,ageo,パークシティ鴻巣　駅前プラザ第三,79700,JR高崎線「鴻巣」駅,56.0,59.0,,,,鴻巣市赤見台1-13ほか,2号棟,鉄筋コンクリート造,3,N,302号室,3DK,63,5,76700,3000,2か月,['近居割'],随時,https://www.ur-net.go.jp/chintai/kanto/saitama/50_2940_room.html?JKSS=000020302,<li>JR高崎線「北鴻巣」駅 徒歩3～4分</li><li>JR高崎線「吹上」駅 徒歩42～44分</li><li>JR高崎線「鴻巣」駅 徒歩56～59分</li>
saitama,ageo,パークシティ鴻巣　駅前プラザ第三,79700,,,,,,,鴻巣市赤見台1-13ほか,2号棟,鉄筋コンクリート造,3,N,302号室,3DK,63,5,76700,3000,2か月,['近居割'],随時,https://www.ur-net.go.jp/chintai/kanto/saitama/50_2940_room.html?JKSS=000020302,<li>JR高崎線「北鴻巣」駅 徒歩3～4分</li><li>JR高崎線「吹上」駅 徒歩42～44分</li><li>JR高崎線「鴻巣」駅 徒歩56～59分</li>
saitama,ageo,パークシティ鴻巣　駅前プラザ第三,82300,JR高崎線「北鴻巣」駅,3.0,4.0,,,,鴻巣市赤見台1-13ほか,2号棟,鉄筋コンクリート造,3,N,306号室,3DK,63,5,79300,3000,2か月,['近居割'],随時,https://www.ur-net.go.jp/chintai/kanto/saitama/50_2940_room.html?JKSS=000020306,<li>JR高崎線「北鴻巣」駅 徒歩3～4分</li><li>JR高崎線「吹上」駅 徒歩42～44分</li><li>JR高崎線「鴻巣」駅 徒歩56～59分</li>
saitama,ageo,パークシティ鴻巣　駅前プラザ第三,82300,JR高崎線「吹上」駅,42.0,44.0,,,,鴻巣市赤見台1-13ほか,2号棟,鉄筋コンクリート造,3,N,306号室,3DK,63,5,79300,3000,2か月,['近居割'],随時,https://www.ur-net.go.jp/chintai/kanto/saitama/50_2940_room.html?JKSS=000020306,<li>JR高崎線「北鴻巣」駅 徒歩3～4分</li><li>JR高崎線「吹上」駅 徒歩42～44分</li><li>JR高崎線「鴻巣」駅 徒歩56～59分</li>
saitama,ageo,パークシティ鴻巣　駅前プラザ第三,82300,JR高崎線「鴻巣」駅,56.0,59.0,,,,鴻巣市赤見台1-13ほか,2号棟,鉄筋コンクリート造,3,N,306号室,3DK,63,5,79300,3000,2か月,['近居割'],随時,https://www.ur-net.go.jp/chintai/kanto/saitama/50_2940_room.html?JKSS=000020306,<li>JR高崎線「北鴻巣」駅 徒歩3～4分</li><li>JR高崎線「吹上」駅 徒歩42～44分</li><li>JR高崎線「鴻巣」駅 徒歩56～59分</li>
saitama,ageo,パークシティ鴻巣　駅前プラザ第三,82300,,,,,,,鴻巣市赤見台1-13ほか,2号棟,鉄筋コンクリート造,3,N,306号室,3DK,63,5,79300,3000,2か月,['近居割'],随時,https://www.ur-net.go.jp/chintai/kanto/saitama/50_2940_room.html?JKSS=000020306,<li>JR高崎線「北鴻巣」駅 徒歩3～4分</li><li>JR高崎線「吹上」駅 徒歩42～44分</li><li>JR高崎線「鴻巣」駅 徒歩56～59分</li>
saitama,ageo,パークシティ鴻巣　駅前プラザ第三,89200,JR高崎線「北鴻巣」駅,3.0,4.0,,,,鴻巣市赤見台1-13ほか,5号棟,鉄筋コンクリート造,4,N,407号室,1LDK,58,10,86200,3000,2か月,['近居割'],随時,https://www.ur-net.go.jp/chintai/kanto/saitama/50_2940_room.html?JKSS=000050407,<li>JR高崎線「北鴻巣」駅 徒歩3～4分</li><li>JR高崎線「吹上」駅 徒歩42～44分</li><li>JR高崎線「鴻巣」駅 徒歩56～59分</li>
saitama,ageo,パークシティ鴻巣　駅前プラザ第三,89200,JR高崎線「吹上」駅,42.0,44.0,,,,鴻巣市赤見台1-13ほか,5号棟,鉄筋コンクリート造,4,N,407号室,1LDK,58,10,86200,3000,2か月,['近居割'],随時,https://www.ur-net.go.jp/chintai/kanto/saitama/50_2940_room.html?JKSS=000050407,<li>JR高崎線「北鴻巣」駅 徒歩3～4分</li><li>JR高崎線「吹上」駅 徒歩42～44分</li><li>JR高崎線「鴻巣」駅 徒歩56～59分</li>
saitama,ageo,パークシティ鴻巣　駅前プラザ第三,89200,JR高崎線「鴻巣」駅,56.0,59.0,,,,鴻巣市赤見台1-13ほか,5号棟,鉄筋コンクリート造,4,N,407号室,1LDK,58,10,86200,3000,2か月,['近居割'],随時,https://www.ur-net.go.jp/chintai/kanto/saitama/50_2940_room.html?JKSS=000050407,<li>JR高崎線「北鴻巣」駅 徒歩3～4分</li><li>JR高崎線「吹上」駅 徒歩42～44分</li><li>JR高崎線「鴻巣」駅 徒歩56～59分</li>
saitama,ageo,パークシティ鴻巣　駅前プラザ第三,89200,,,,,,,鴻巣市赤見台1-13ほか,5号棟,鉄筋コンクリート造,4,N,407号室,1LDK,58,10,86200,3000,2か月,['近居割'],随時,https://www.ur-net.go.jp/chintai/kanto/saitama/50_2940_room.html?JKSS=000050407,<li>JR高崎線「北鴻巣」駅 徒歩3～4分</li><li>JR高崎線「吹上」駅 徒歩42～44分</li><li>JR高崎線「鴻巣」駅 徒歩56～59分</li>
saitama,ageo,北本,47900,,,,JR高崎線「北本」駅,5.0,17.0,北本市栄7,1-15号棟,鉄筋コンクリート造,5,N,503号室,3K,52,5,44100,3800,2か月,"['近居割', '近居割WIDE']",2026年9月18日以降,https://www.ur-net.go.jp/chintai/kanto/saitama/50_1400_room.html?JKSS=000115503,<li>JR高崎線「北本」駅バス4～12分 徒歩1～5分</li><li>JR高崎線「桶川」駅 徒歩30～57分</li><li>JR高崎線「鴻巣」駅 徒歩45～79分</li>
saitama,ageo,北本,47900,JR高崎線「桶川」駅,30.0,57.0,,,,北本市栄7,1-15号棟,鉄筋コンクリート造,5,N,503号室,3K,52,5,44100,3800,2か月,"['近居割', '近居割WIDE']",2026年9月18日以降,https://www.ur-net.go.jp/chintai/kanto/saitama/50_1400_room.html?JKSS=000115503,<li>JR高崎線「北本」駅バス4～12分 徒歩1～5分</li><li>JR高崎線「桶川」駅 徒歩30～57分</li><li>JR高崎線「鴻巣」駅 徒歩45～79分</li>
saitama,ageo,北本,47900,JR高崎線「鴻巣」駅,45.0,79.0,,,,北本市栄7,1-15号棟,鉄筋コンクリート造,5,N,503号室,3K,52,5,44100,3800,2か月,"['近居割', '近居割WIDE']",2026年9月18日以降,https://www.ur-net.go.jp/chintai/kanto/saitama/50_1400_room.html?JKSS=000115503,<li>JR高崎線「北本」駅バス4～12分 徒歩1～5分</li><li>JR高崎線「桶川」駅 徒歩30～57分</li><li>JR高崎線「鴻巣」駅 徒歩45～79分</li>
saitama,ageo,北本,47900,,,,,,,北本市栄7,1-15号棟,鉄筋コンクリート造,5,N,503号室,3K,52,5,44100,3800,2か月,"['近居割', '近居割WIDE']",2026年9月18日以降,https://www.ur-net.go.jp/chintai/kanto/saitama/50_1400_room.html?JKSS=000115503,<li>JR高崎線「北本」駅バス4～12分 徒歩1～5分</li><li>JR高崎線「桶川」駅 徒歩30～57分</li><li>JR高崎線「鴻巣」駅 徒歩45～79分</li>
saitama,ageo,北本,47900,,,,JR高崎線「北本」駅,5.0,17.0,北本市栄7,1-17号棟,鉄筋コンクリート造,5,N,507号室,3K,52,5,44100,3800,2か月,['フリレ１か月'],随時,https://www.ur-net.go.jp/chintai/kanto/saitama/50_1400_room.html?JKSS=000117507,<li>JR高崎線「北本」駅バス4～12分 徒歩1～5分</li><li>JR高崎線「桶川」駅 徒歩30～57分</li><li>JR高崎線「鴻巣」駅 徒歩45～79分</li>
saitama,ageo,北本,47900,JR高崎線「桶川」駅,30.0,57.0,,,,北本市栄7,1-17号棟,鉄筋コンクリート造,5,N,507号室,3K,52,5,44100,3800,2か月,['フリレ１か月'],随時,https://www.ur-net.go.jp/chintai/kanto/saitama/50_1400_room.html?JKSS=000117507,<li>JR高崎線「北本」駅バス4～12分 徒歩1～5分</li><li>JR高崎線「桶川」駅 徒歩30～57分</li><li>JR高崎線「鴻巣」駅 徒歩45～79分</li>
saitama,ageo,北本,47900,JR高崎線「鴻巣」駅,45.0,79.0,,,,北本市栄7,1-17号棟,鉄筋コンクリート造,5,N,507号室,3K,52,5,44100,3800,2か月,['フリレ１か月'],随時,https://www.ur-net.go.jp/chintai/kanto/saitama/50_1400_room.html?JKSS=000117507,<li>JR高崎線「北本」駅バス4～12分 徒歩1～5分</li><li>JR高崎線「桶川」駅 徒歩30～57分</li><li>JR高崎線「鴻巣」駅 徒歩45～79分</li>
saitama,ageo,北本,47900,,,,,,,北本市栄7,1-17号棟,鉄筋コンクリート造,5,N,507号室,3K,52,5,44100,3800,2か月,['フリレ１か月'],随時,https://www.ur-net.go.jp/chintai/kanto/saitama/50_1400_room.html?JKSS=000117507,<li>JR高崎線「北本」駅バス4～12分 徒歩1～5分</li><li>JR高崎線「桶川」駅 徒歩30～57分</li><li>JR高崎線「鴻巣」駅 徒歩45～79分</li>
saitama,ageo,北本,47900,,,,JR高崎線「北本」駅,5.0,17.0,北本市栄7,1-19号棟,鉄筋コンクリート造,5,N,503号室,3K,52,5,44100,3800,2か月,"['近居割', '近居割WIDE']",随時,https://www.ur-net.go.jp/chintai/kanto/saitama/50_1400_room.html?JKSS=000119503,<li>JR高崎線「北本」駅バス4～12分 徒歩1～5分</li><li>JR高崎線「桶川」駅 徒歩30～57分</li><li>JR高崎線「鴻巣」駅 徒歩45～79分</li>
saitama,ageo,北本,47900,JR高崎線「桶川」駅,30.0,57.0,,,,北本市栄7,1-19号棟,鉄筋コンクリート造,5,N,503号室,3K,52,5,44100,3800,2か月,"['近居割', '近居割WIDE']",随時,https://www.ur-net.go.jp/chintai/kanto/saitama/50_1400_room.html?JKSS=000119503,<li>JR高崎線「北本」駅バス4～12分 徒歩1～5分</li><li>JR高崎線「桶川」駅 徒歩30～57分</li><li>JR高崎線「鴻巣」駅 徒歩45～79分</li>
saitama,ageo,北本,47900,JR高崎線「鴻巣」駅,45.0,79.0,,,,北本市栄7,1-19号棟,鉄筋コンクリート造,5,N,503号室,3K,52,5,44100,3800,2か月,"['近居割', '近居割WIDE']",随時,https://www.ur-net.go.jp/chintai/kanto/saitama/50_1400_room.html?JKSS=000119503,<li>JR高崎線「北本」駅バス4～12分 徒歩1～5分</li><li>JR高崎線「桶川」駅 徒歩30～57分</li><li>JR高崎線「鴻巣」駅 徒歩45～79分</li>
saitama,ageo,北本,47900,,,,,,,北本市栄7,1-19号棟,鉄筋コンクリート造,5,N,503号室,3K,52,5,44100,3800,2か月,"['近居割', '近居割WIDE']",随時,https://www.ur-net.go.jp/chintai/kanto/saitama/50_1400_room.html?JKSS=000119503,<li>JR高崎線「北本」駅バス4～12分 徒歩1～5分</li><li>JR高崎線「桶川」駅 徒歩30～57分</li><li>JR高崎線「鴻巣」駅 徒歩45～79分</li>
saitama,ageo,北本,48100,,,,JR高崎線「北本」駅,5.0,17.0,北本市栄7,1-17号棟,鉄筋コンクリート造,5,N,501号室,3K,52,5,44300,3800,2か月,"['近居割', '近居割WIDE']",随時,https://www.ur-net.go.jp/chintai/kanto/saitama/50_1400_room.html?JKSS=000117501,<li>JR高崎線「北本」駅バス4～12分 徒歩1～5分</li><li>JR高崎線「桶川」駅 徒歩30～57分</li><li>JR高崎線「鴻巣」駅 徒歩45～79分</li>
saitama,ageo,北本,48100,JR高崎線「桶川」駅,30.0,57.0,,,,北本市栄7,1-17号棟,鉄筋コンクリート造,5,N,501号室,3K,52,5,44300,3800,2か月,"['近居割', '近居割WIDE']",随時,https://www.ur-net.go.jp/chintai/kanto/saitama/50_1400_room.html?JKSS=000117501,<li>JR高崎線「北本」駅バス4～12分 徒歩1～5分</li><li>JR高崎線「桶川」駅 徒歩30～57分</li><li>JR高崎線「鴻巣」駅 徒歩45～79分</li>
saitama,ageo,北本,48100,JR高崎線「鴻巣」駅,45.0,79.0,,,,北本市栄7,1-17号棟,鉄筋コンクリート造,5,N,501号室,3K,52,5,44300,3800,2か月,"['近居割', '近居割WIDE']",随時,https://www.ur-net.go.jp/chintai/kanto/saitama/50_1400_room.html?JKSS=000117501,<li>JR高崎線「北本」駅バス4～12分 徒歩1～5分</li><li>JR高崎線「桶川」駅 徒歩30～57分</li><li>JR高崎線「鴻巣」駅 徒歩45～79分</li>
saitama,ageo,北本,48100,,,,,,,北本市栄7,1-17号棟,鉄筋コンクリート造,5,N,501号室,3K,52,5,44300,3800,2か月,"['近居割', '近居割WIDE']",随時,https://www.ur-net.go.jp/chintai/kanto/saitama/50_1400_room.html?JKSS=000117501,<li>JR高崎線「北本」駅バス4～12分 徒歩1～5分</li><li>JR高崎線「桶川」駅 徒歩30～57分</li><li>JR高崎線「鴻巣」駅 徒歩45～79分</li>
saitama,ageo,北本,48100,,,,JR高崎線「北本」駅,5.0,17.0,北本市栄7,1-17号棟,鉄筋コンクリート造,5,N,504号室,3K,52,5,44300,3800,2か月,['フリレ2か月'],随時,https://www.ur-net.go.jp/chintai/kanto/saitama/50_1400_room.html?JKSS=000117504,<li>JR高崎線「北本」駅バス4～12分 徒歩1～5分</li><li>JR高崎線「桶川」駅 徒歩30～57分</li><li>JR高崎線「鴻巣」駅 徒歩45～79分</li>
saitama,ageo,北本,48100,JR高崎線「桶川」駅,30.0,57.0,,,,北本市栄7,1-17号棟,鉄筋コンクリート造,5,N,504号室,3K,52,5,44300,3800,2か月,['フリレ2か月'],随時,https://www.ur-net.go.jp/chintai/kanto/saitama/50_1400_room.html?JKSS=000117504,<li>JR高崎線「北本」駅バス4～12分 徒歩1～5分</li><li>JR高崎線「桶川」駅 徒歩30～57分</li><li>JR高崎線「鴻巣」駅 徒歩45～79分</li>
saitama,ageo,北本,48100,JR高崎線「鴻巣」駅,45.0,79.0,,,,北本市栄7,1-17号棟,鉄筋コンクリート造,5,N,504号室,3K,52,5,44300,3800,2か月,['フリレ2か月'],随時,https://www.ur-net.go.jp/chintai/kanto/saitama/50_1400_room.html?JKSS=000117504,<li>JR高崎線「北本」駅バス4～12分 徒歩1～5分</li><li>JR高崎線「桶川」駅 徒歩30～57分</li><li>JR高崎線「鴻巣」駅 徒歩45～79分</li>
saitama,ageo,北本,48100,,,,,,,北本市栄7,1-17号棟,鉄筋コンクリート造,5,N,504号室,3K,52,5,44300,3800,2か月,['フリレ2か月'],随時,https://www.ur-net.go.jp/chintai/kanto/saitama/50_1400_room.html?JKSS=000117504,<li>JR高崎線「北本」駅バス4～12分 徒歩1～5分</li><li>JR高崎線「桶川」駅 徒歩30～57分</li><li>JR高崎線「鴻巣」駅 徒歩45～79分</li>
saitama,tokorozawa,所沢パークタウン駅前通り,80200,西武新宿線「航空公園」駅,4.0,9.0,,,,所沢市並木3-1,11号棟,鉄筋コンクリート造、鉄骨鉄筋コンクリート造,7,N,705号室,2DK,51,10,77000,3200,2か月,"['近居割', '近居割WIDE']",随時,https://www.ur-net.go.jp/chintai/kanto/saitama/50_1910_room.html?JKSS=000110705,<li>西武新宿線「航空公園」駅 徒歩4～9分</li><li>西武新宿線「新所沢」駅 徒歩20～25分</li><li>西武池袋線「所沢」駅 徒歩22～25分</li>
saitama,tokorozawa,所沢パークタウン駅前通り,80200,西武新宿線「新所沢」駅,20.0,25.0,,,,所沢市並木3-1,11号棟,鉄筋コンクリート造、鉄骨鉄筋コンクリート造,7,N,705号室,2DK,51,10,77000,3200,2か月,"['近居割', '近居割WIDE']",随時,https://www.ur-net.go.jp/chintai/kanto/saitama/50_1910_room.html?JKSS=000110705,<li>西武新宿線「航空公園」駅 徒歩4～9分</li><li>西武新宿線「新所沢」駅 徒歩20～25分</li><li>西武池袋線「所沢」駅 徒歩22～25分</li>
saitama,tokorozawa,所沢パークタウン駅前通り,80200,西武池袋線「所沢」駅,22.0,25.0,,,,所沢市並木3-1,11号棟,鉄筋コンクリート造、鉄骨鉄筋コンクリート造,7,N,705号室,2DK,51,10,77000,3200,2か月,"['近居割', '近居割WIDE']",随時,https://www.ur-net.go.jp/chintai/kanto/saitama/50_1910_room.html?JKSS=000110705,<li>西武新宿線「航空公園」駅 徒歩4～9分</li><li>西武新宿線「新所沢」駅 徒歩20～25分</li><li>西武池袋線「所沢」駅 徒歩22～25分</li>
saitama,tokorozawa,所沢パークタウン駅前通り,80200,,,,,,,所沢市並木3-1,11号棟,鉄筋コンクリート造、鉄骨鉄筋コンクリート造,7,N,705号室,2DK,51,10,77000,3200,2か月,"['近居割', '近居割WIDE']",随時,https://www.ur-net.go.jp/chintai/kanto/saitama/50_1910_room.html?JKSS=000110705,<li>西武新宿線「航空公園」駅 徒歩4～9分</li><li>西武新宿線「新所沢」駅 徒歩20～25分</li><li>西武池袋線「所沢」駅 徒歩22～25分</li>
saitama,tokorozawa,所沢パークタウン駅前通り,83000,西武新宿線「航空公園」駅,4.0,9.0,,,,所沢市並木3-1,11号棟,鉄筋コンクリート造、鉄骨鉄筋コンクリート造,8,N,813号室,2DK,51,10,79800,3200,2か月,"['近居割', '近居割WIDE']",随時,https://www.ur-net.go.jp/chintai/kanto/saitama/50_1910_room.html?JKSS=000110813,<li>西武新宿線「航空公園」駅 徒歩4～9分</li><li>西武新宿線「新所沢」駅 徒歩20～25分</li><li>西武池袋線「所沢」駅 徒歩22～25分</li>
saitama,tokorozawa,所沢パークタウン駅前通り,83000,西武新宿線「新所沢」駅,20.0,25.0,,,,所沢市並木3-1,11号棟,鉄筋コンクリート造、鉄骨鉄筋コンクリート造,8,N,813号室,2DK,51,10,79800,3200,2か月,"['近居割', '近居割WIDE']",随時,https://www.ur-net.go.jp/chintai/kanto/saitama/50_1910_room.html?JKSS=000110813,<li>西武新宿線「航空公園」駅 徒歩4～9分</li><li>西武新宿線「新所沢」駅 徒歩20～25分</li><li>西武池袋線「所沢」駅 徒歩22～25分</li>
saitama,tokorozawa,所沢パークタウン駅前通り,83000,西武池袋線「所沢」駅,22.0,25.0,,,,所沢市並木3-1,11号棟,鉄筋コンクリート造、鉄骨鉄筋コンクリート造,8,N,813号室,2DK,51,10,79800,3200,2か月,"['近居割', '近居割WIDE']",随時,https://www.ur-net.go.jp/chintai/kanto/saitama/50_1910_room.html?JKSS=000110813,<li>西武新宿線「航空公園」駅 徒歩4～9分</li><li>西武新宿線「新所沢」駅 徒歩20～25分</li><li>西武池袋線「所沢」駅 徒歩22～25分</li>
saitama,tokorozawa,所沢パークタウン駅前通り,83000,,,,,,,所沢市並木3-1,11号棟,鉄筋コンクリート造、鉄骨鉄筋コンクリート造,8,N,813号室,2DK,51,10,79800,3200,2か月,"['近居割', '近居割WIDE']",随時,https://www.ur-net.go.jp/chintai/kanto/saitama/50_1910_room.html?JKSS=000110813,<li>西武新宿線「航空公園」駅 徒歩4～9分</li><li>西武新宿線「新所沢」駅 徒歩20～25分</li><li>西武池袋線「所沢」駅 徒歩22～25分</li>
saitama,tokorozawa,所沢パークタウン駅前通り,83400,西武新宿線「航空公園」駅,4.0,9.0,,,,所沢市並木3-1,7号棟,鉄筋コンクリート造、鉄骨鉄筋コンクリート造,4,N,404号室,2LDK,58,5,80200,3200,2か月,"['近居割', '近居割WIDE']",随時,https://www.ur-net.go.jp/chintai/kanto/saitama/50_1910_room.html?JKSS=000070404,<li>西武新宿線「航空公園」駅 徒歩4～9分</li><li>西武新宿線「新所沢」駅 徒歩20～25分</li><li>西武池袋線「所沢」駅 徒歩22～25分</li>
saitama,tokorozawa,所沢パークタウン駅前通り,83400,西武新宿線「新所沢」駅,20.0,25.0,,,,所沢市並木3-1,7号棟,鉄筋コンクリート造、鉄骨鉄筋コンクリート造,4,N,404号室,2LDK,58,5,80200,3200,2か月,"['近居割', '近居割WIDE']",随時,https://www.ur-net.go.jp/chintai/kanto/saitama/50_1910_room.html?JKSS=000070404,<li>西武新宿線「航空公園」駅 徒歩4～9分</li><li>西武新宿線「新所沢」駅 徒歩20～25分</li><li>西武池袋線「所沢」駅 徒歩22～25分</li>
saitama,tokorozawa,所沢パークタウン駅前通り,83400,西武池袋線「所沢」駅,22.0,25.0,,,,所沢市並木3-1,7号棟,鉄筋コンクリート造、鉄骨鉄筋コンクリート造,4,N,404号室,2LDK,58,5,80200,3200,2か月,"['近居割', '近居割WIDE']",随時,https://www.ur-net.go.jp/chintai/kanto/saitama/50_1910_room.html?JKSS=000070404,<li>西武新宿線「航空公園」駅 徒歩4～9分</li><li>西武新宿線「新所沢」駅 徒歩20～25分</li><li>西武池袋線「所沢」駅 徒歩22～25分</li>
saitama,tokorozawa,所沢パークタウン駅前通り,83400,,,,,,,所沢市並木3-1,7号棟,鉄筋コンクリート造、鉄骨鉄筋コンクリート造,4,N,404号室,2LDK,58,5,80200,3200,2か月,"['近居割', '近居割WIDE']",随時,https://www.ur-net.go.jp/chintai/kanto/saitama/50_1910_room.html?JKSS=000070404,<li>西武新宿線「航空公園」駅 徒歩4～9分</li><li>西武新宿線「新所沢」駅 徒歩20～25分</li><li>西武池袋線「所沢」駅 徒歩22～25分</li>
saitama,tokorozawa,所沢パークタウン駅前通り,87300,西武新宿線「航空公園」駅,4.0,9.0,,,,所沢市並木3-1,9号棟,鉄筋コンクリート造、鉄骨鉄筋コンクリート造,3,N,310号室,2LDK,58,5,84100,3200,2か月,"['近居割', '近居割WIDE']",2026年9月17日以降,https://www.ur-net.go.jp/chintai/kanto/saitama/50_1910_room.html?JKSS=000090310,<li>西武新宿線「航空公園」駅 徒歩4～9分</li><li>西武新宿線「新所沢」駅 徒歩20～25分</li><li>西武池袋線「所沢」駅 徒歩22～25分</li>
saitama,tokorozawa,所沢パークタウン駅前通り,87300,西武新宿線「新所沢」駅,20.0,25.0,,,,所沢市並木3-1,9号棟,鉄筋コンクリート造、鉄骨鉄筋コンクリート造,3,N,310号室,2LDK,58,5,84100,3200,2か月,"['近居割', '近居割WIDE']",2026年9月17日以降,https://www.ur-net.go.jp/chintai/kanto/saitama/50_1910_room.html?JKSS=000090310,<li>西武新宿線「航空公園」駅 徒歩4～9分</li><li>西武新宿線「新所沢」駅 徒歩20～25分</li><li>西武池袋線「所沢」駅 徒歩22～25分</li>
saitama,tokorozawa,所沢パークタウン駅前通り,87300,西武池袋線「所沢」駅,22.0,25.0,,,,所沢市並木3-1,9号棟,鉄筋コンクリート造、鉄骨鉄筋コンクリート造,3,N,310号室,2LDK,58,5,84100,3200,2か月,"['近居割', '近居割WIDE']",2026年9月17日以降,https://www.ur-net.go.jp/chintai/kanto/saitama/50_1910_room.html?JKSS=000090310,<li>西武新宿線「航空公園」駅 徒歩4～9分</li><li>西武新宿線「新所沢」駅 徒歩20～25分</li><li>西武池袋線「所沢」駅 徒歩22～25分</li>
saitama,tokorozawa,所沢パークタウン駅前通り,87300,,,,,,,所沢市並木3-1,9号棟,鉄筋コンクリート造、鉄骨鉄筋コンクリート造,3,N,310号室,2LDK,58,5,84100,3200,2か月,"['近居割', '近居割WIDE']",2026年9月17日以降,https://www.ur-net.go.jp/chintai/kanto/saitama/50_1910_room.html?JKSS=000090310,<li>西武新宿線「航空公園」駅 徒歩4～9分</li><li>西武新宿線「新所沢」駅 徒歩20～25分</li><li>西武池袋線「所沢」駅 徒歩22～25分</li>
saitama,tokorozawa,所沢パークタウン駅前通り,94300,西武新宿線「航空公園」駅,4.0,9.0,,,,所沢市並木3-1,11号棟,鉄筋コンクリート造、鉄骨鉄筋コンクリート造,7,N,708号室,3DK,63,10,91100,3200,2か月,"['近居割', '近居割WIDE']",随時,https://www.ur-net.go.jp/chintai/kanto/saitama/50_1910_room.html?JKSS=000110708,<li>西武新宿線「航空公園」駅 徒歩4～9分</li><li>西武新宿線「新所沢」駅 徒歩20～25分</li><li>西武池袋線「所沢」駅 徒歩22～25分</li>
saitama,tokorozawa,所沢パークタウン駅前通り,94300,西武新宿線「新所沢」駅,20.0,25.0,,,,所沢市並木3-1,11号棟,鉄筋コンクリート造、鉄骨鉄筋コンクリート造,7,N,708号室,3DK,63,10,91100,3200,2か月,"['近居割', '近居割WIDE']",随時,https://www.ur-net.go.jp/chintai/kanto/saitama/50_1910_room.html?JKSS=000110708,<li>西武新宿線「航空公園」駅 徒歩4～9分</li><li>西武新宿線「新所沢」駅 徒歩20～25分</li><li>西武池袋線「所沢」駅 徒歩22～25分</li>
saitama,tokorozawa,所沢パークタウン駅前通り,94300,西武池袋線「所沢」駅,22.0,25.0,,,,所沢市並木3-1,11号棟,鉄筋コンクリート造、鉄骨鉄筋コンクリート造,7,N,708号室,3DK,63,10,91100,3200,2か月,"['近居割', '近居割WIDE']",随時,https://www.ur-net.go.jp/chintai/kanto/saitama/50_1910_room.html?JKSS=000110708,<li>西武新宿線「航空公園」駅 徒歩4～9分</li><li>西武新宿線「新所沢」駅 徒歩20～25分</li><li>西武池袋線「所沢」駅 徒歩22～25分</li>
saitama,tokorozawa,所沢パークタウン駅前通り,94300,,,,,,,所沢市並木3-1,11号棟,鉄筋コンクリート造、鉄骨鉄筋コンクリート造,7,N,708号室,3DK,63,10,91100,3200,2か月,"['近居割', '近居割WIDE']",随時,https://www.ur-net.go.jp/chintai/kanto/saitama/50_1910_room.html?JKSS=000110708,<li>西武新宿線「航空公園」駅 徒歩4～9分</li><li>西武新宿線「新所沢」駅 徒歩20～25分</li><li>西武池袋線「所沢」駅 徒歩22～25分</li>
saitama,tokorozawa,所沢パークタウン並木通り,99800,,,,西武新宿線「航空公園」駅,10.0,12.0,所沢市並木8-1,6号棟,鉄骨鉄筋コンクリート造,11,N,1106号室,3DK,65,11,95300,4500,2か月,['フリレ１か月'],随時,https://www.ur-net.go.jp/chintai/kanto/saitama/50_1980_room.html?JKSS=000061106,<li>西武新宿線「航空公園」駅バス8分 徒歩2～4分</li><li>西武新宿線「所沢」駅バス10分 徒歩3～5分</li><li>西武新宿線「新所沢」駅 徒歩36～38分</li>
saitama,tokorozawa,所沢パークタウン並木通り,99800,,,,西武新宿線「所沢」駅,13.0,15.0,所沢市並木8-1,6号棟,鉄骨鉄筋コンクリート造,11,N,1106号室,3DK,65,11,95300,4500,2か月,['フリレ１か月'],随時,https://www.ur-net.go.jp/chintai/kanto/saitama/50_1980_room.html?JKSS=000061106,<li>西武新宿線「航空公園」駅バス8分 徒歩2～4分</li><li>西武新宿線「所沢」駅バス10分 徒歩3～5分</li><li>西武新宿線「新所沢」駅 徒歩36～38分</li>
saitama,tokorozawa,所沢パークタウン並木通り,99800,西武新宿線「新所沢」駅,36.0,38.0,,,,所沢市並木8-1,6号棟,鉄骨鉄筋コンクリート造,11,N,1106号室,3DK,65,11,95300,4500,2か月,['フリレ１か月'],随時,https://www.ur-net.go.jp/chintai/kanto/saitama/50_1980_room.html?JKSS=000061106,<li>西武新宿線「航空公園」駅バス8分 徒歩2～4分</li><li>西武新宿線「所沢」駅バス10分 徒歩3～5分</li><li>西武新宿線「新所沢」駅 徒歩36～38分</li>
saitama,tokorozawa,所沢パークタウン並木通り,99800,,,,,,,所沢市並木8-1,6号棟,鉄骨鉄筋コンクリート造,11,N,1106号室,3DK,65,11,95300,4500,2か月,['フリレ１か月'],随時,https://www.ur-net.go.jp/chintai/kanto/saitama/50_1980_room.html?JKSS=000061106,<li>西武新宿線「航空公園」駅バス8分 徒歩2～4分</li><li>西武新宿線「所沢」駅バス10分 徒歩3～5分</li><li>西武新宿線「新所沢」駅 徒歩36～38分</li>
saitama,shintokorozawa,プラザシティ新所沢　緑町第三,126800,西武新宿線「新所沢」駅,6.0,7.0,,,,所沢市緑町2-10ほか,6号棟,鉄筋コンクリート造,2,N,203号室,3DK,66,7,123100,3700,2か月,"['近居割', '近居割WIDE']",2026年9月19日以降,https://www.ur-net.go.jp/chintai/kanto/saitama/50_3950_room.html?JKSS=000060203,<li>西武新宿線「新所沢」駅 徒歩6～7分</li><li>西武新宿線「航空公園」駅 徒歩15分</li><li>西武池袋線「西所沢」駅 徒歩22～24分</li>
saitama,shintokorozawa,プラザシティ新所沢　緑町第三,126800,西武新宿線「航空公園」駅,15.0,15.0,,,,所沢市緑町2-10ほか,6号棟,鉄筋コンクリート造,2,N,203号室,3DK,66,7,123100,3700,2か月,"['近居割', '近居割WIDE']",2026年9月19日以降,https://www.ur-net.go.jp/chintai/kanto/saitama/50_3950_room.html?JKSS=000060203,<li>西武新宿線「新所沢」駅 徒歩6～7分</li><li>西武新宿線「航空公園」駅 徒歩15分</li><li>西武池袋線「西所沢」駅 徒歩22～24分</li>
saitama,shintokorozawa,プラザシティ新所沢　緑町第三,126800,西武池袋線「西所沢」駅,22.0,24.0,,,,所沢市緑町2-10ほか,6号棟,鉄筋コンクリート造,2,N,203号室,3DK,66,7,123100,3700,2か月,"['近居割', '近居割WIDE']",2026年9月19日以降,https://www.ur-net.go.jp/chintai/kanto/saitama/50_3950_room.html?JKSS=000060203,<li>西武新宿線「新所沢」駅 徒歩6～7分</li><li>西武新宿線「航空公園」駅 徒歩15分</li><li>西武池袋線「西所沢」駅 徒歩22～24分</li>
saitama,shintokorozawa,プラザシティ新所沢　緑町第三,126800,,,,,,,所沢市緑町2-10ほか,6号棟,鉄筋コンクリート造,2,N,203号室,3DK,66,7,123100,3700,2か月,"['近居割', '近居割WIDE']",2026年9月19日以降,https://www.ur-net.go.jp/chintai/kanto/saitama/50_3950_room.html?JKSS=000060203,<li>西武新宿線「新所沢」駅 徒歩6～7分</li><li>西武新宿線「航空公園」駅 徒歩15分</li><li>西武池袋線「西所沢」駅 徒歩22～24分</li>
saitama,shintokorozawa,プラザシティ新所沢　けやき通り,163600,西武新宿線「新所沢」駅,4.0,8.0,,,,所沢市緑町1-5ほか,4号棟,鉄筋コンクリート造,3,N,303号室,3LDK,89,5,159900,3700,2か月,['フリレ2か月'],随時,https://www.ur-net.go.jp/chintai/kanto/saitama/50_3030_room.html?JKSS=000040303,<li>西武新宿線「新所沢」駅 徒歩4～8分</li><li>西武新宿線「航空公園」駅 徒歩18～25分</li><li>西武池袋線「西所沢」駅 徒歩21～28分</li>
saitama,shintokorozawa,プラザシティ新所沢　けやき通り,163600,西武新宿線「航空公園」駅,18.0,25.0,,,,所沢市緑町1-5ほか,4号棟,鉄筋コンクリート造,3,N,303号室,3LDK,89,5,159900,3700,2か月,['フリレ2か月'],随時,https://www.ur-net.go.jp/chintai/kanto/saitama/50_3030_room.html?JKSS=000040303,<li>西武新宿線「新所沢」駅 徒歩4～8分</li><li>西武新宿線「航空公園」駅 徒歩18～25分</li><li>西武池袋線「西所沢」駅 徒歩21～28分</li>
saitama,shintokorozawa,プラザシティ新所沢　けやき通り,163600,西武池袋線「西所沢」駅,21.0,28.0,,,,所沢市緑町1-5ほか,4号棟,鉄筋コンクリート造,3,N,303号室,3LDK,89,5,159900,3700,2か月,['フリレ2か月'],随時,https://www.ur-net.go.jp/chintai/kanto/saitama/50_3030_room.html?JKSS=000040303,<li>西武新宿線「新所沢」駅 徒歩4～8分</li><li>西武新宿線「航空公園」駅 徒歩18～25分</li><li>西武池袋線「西所沢」駅 徒歩21～28分</li>
saitama,shintokorozawa,プラザシティ新所沢　けやき通り,163600,,,,,,,所沢市緑町1-5ほか,4号棟,鉄筋コンクリート造,3,N,303号室,3LDK,89,5,159900,3700,2か月,['フリレ2か月'],随時,https://www.ur-net.go.jp/chintai/kanto/saitama/50_3030_room.html?JKSS=000040303,<li>西武新宿線「新所沢」駅 徒歩4～8分</li><li>西武新宿線「航空公園」駅 徒歩18～25分</li><li>西武池袋線「西所沢」駅 徒歩21～28分</li>
saitama,kamifukuoka,鶴瀬（市）,82200,東武東上線「鶴瀬」駅,7.0,7.0,,,,富士見市鶴瀬西2-8-2,,鉄筋コンクリート造,3,N,306号室,3DK,53,4,78600,3600,2か月,"['近居割', '近居割WIDE']",随時,https://www.ur-net.go.jp/chintai/kanto/saitama/50_1730_room.html?JKSS=000000306,<li>東武東上線「鶴瀬」駅 徒歩7分</li>
saitama,kamifukuoka,鶴瀬（市）,82200,,,,,,,富士見市鶴瀬西2-8-2,,鉄筋コンクリート造,3,N,306号室,3DK,53,4,78600,3600,2か月,"['近居割', '近居割WIDE']",随時,https://www.ur-net.go.jp/chintai/kanto/saitama/50_1730_room.html?JKSS=000000306,<li>東武東上線「鶴瀬」駅 徒歩7分</li>
saitama,kamifukuoka,コンフォール鶴瀬,94100,東武東上線「鶴瀬」駅,6.0,10.0,,,,富士見市鶴瀬西2-3ほか,7号棟,鉄筋コンクリート造,5,N,505号室,1K,43,14,90000,4100,2か月,"['近居割', '近居割WIDE']",随時,https://www.ur-net.go.jp/chintai/kanto/saitama/50_4100_room.html?JKSS=000070505,<li>東武東上線「鶴瀬」駅 徒歩6～10分</li><li>東武東上線「みずほ台」駅 徒歩24～28分</li><li>東武東上線「ふじみ野」駅 徒歩26～31分</li>
saitama,kamifukuoka,コンフォール鶴瀬,94100,東武東上線「みずほ台」駅,24.0,28.0,,,,富士見市鶴瀬西2-3ほか,7号棟,鉄筋コンクリート造,5,N,505号室,1K,43,14,90000,4100,2か月,"['近居割', '近居割WIDE']",随時,https://www.ur-net.go.jp/chintai/kanto/saitama/50_4100_room.html?JKSS=000070505,<li>東武東上線「鶴瀬」駅 徒歩6～10分</li><li>東武東上線「みずほ台」駅 徒歩24～28分</li><li>東武東上線「ふじみ野」駅 徒歩26～31分</li>
saitama,kamifukuoka,コンフォール鶴瀬,94100,東武東上線「ふじみ野」駅,26.0,31.0,,,,富士見市鶴瀬西2-3ほか,7号棟,鉄筋コンクリート造,5,N,505号室,1K,43,14,90000,4100,2か月,"['近居割', '近居割WIDE']",随時,https://www.ur-net.go.jp/chintai/kanto/saitama/50_4100_room.html?JKSS=000070505,<li>東武東上線「鶴瀬」駅 徒歩6～10分</li><li>東武東上線「みずほ台」駅 徒歩24～28分</li><li>東武東上線「ふじみ野」駅 徒歩26～31分</li>
saitama,kamifukuoka,コンフォール鶴瀬,94100,,,,,,,富士見市鶴瀬西2-3ほか,7号棟,鉄筋コンクリート造,5,N,505号室,1K,43,14,90000,4100,2か月,"['近居割', '近居割WIDE']",随時,https://www.ur-net.go.jp/chintai/kanto/saitama/50_4100_room.html?JKSS=000070505,<li>東武東上線「鶴瀬」駅 徒歩6～10分</li><li>東武東上線「みずほ台」駅 徒歩24～28分</li><li>東武東上線「ふじみ野」駅 徒歩26～31分</li>
saitama,kamifukuoka,コンフォール鶴瀬,95000,東武東上線「鶴瀬」駅,6.0,10.0,,,,富士見市鶴瀬西2-3ほか,2号棟,鉄筋コンクリート造,8,N,810号室,1DK,43,8,90900,4100,2か月,"['近居割', '近居割WIDE']",随時,https://www.ur-net.go.jp/chintai/kanto/saitama/50_4100_room.html?JKSS=000020810,<li>東武東上線「鶴瀬」駅 徒歩6～10分</li><li>東武東上線「みずほ台」駅 徒歩24～28分</li><li>東武東上線「ふじみ野」駅 徒歩26～31分</li>
saitama,kamifukuoka,コンフォール鶴瀬,95000,東武東上線「みずほ台」駅,24.0,28.0,,,,富士見市鶴瀬西2-3ほか,2号棟,鉄筋コンクリート造,8,N,810号室,1DK,43,8,90900,4100,2か月,"['近居割', '近居割WIDE']",随時,https://www.ur-net.go.jp/chintai/kanto/saitama/50_4100_room.html?JKSS=000020810,<li>東武東上線「鶴瀬」駅 徒歩6～10分</li><li>東武東上線「みずほ台」駅 徒歩24～28分</li><li>東武東上線「ふじみ野」駅 徒歩26～31分</li>
saitama,kamifukuoka,コンフォール鶴瀬,95000,東武東上線「ふじみ野」駅,26.0,31.0,,,,富士見市鶴瀬西2-3ほか,2号棟,鉄筋コンクリート造,8,N,810号室,1DK,43,8,90900,4100,2か月,"['近居割', '近居割WIDE']",随時,https://www.ur-net.go.jp/chintai/kanto/saitama/50_4100_room.html?JKSS=000020810,<li>東武東上線「鶴瀬」駅 徒歩6～10分</li><li>東武東上線「みずほ台」駅 徒歩24～28分</li><li>東武東上線「ふじみ野」駅 徒歩26～31分</li>
saitama,kamifukuoka,コンフォール鶴瀬,95000,,,,,,,富士見市鶴瀬西2-3ほか,2号棟,鉄筋コンクリート造,8,N,810号室,1DK,43,8,90900,4100,2か月,"['近居割', '近居割WIDE']",随時,https://www.ur-net.go.jp/chintai/kanto/saitama/50_4100_room.html?JKSS=000020810,<li>東武東上線「鶴瀬」駅 徒歩6～10分</li><li>東武東上線「みずほ台」駅 徒歩24～28分</li><li>東武東上線「ふじみ野」駅 徒歩26～31分</li>
saitama,kamifukuoka,コンフォール鶴瀬,96000,東武東上線「鶴瀬」駅,6.0,10.0,,,,富士見市鶴瀬西2-3ほか,7号棟,鉄筋コンクリート造,8,N,805号室,1K,43,14,91900,4100,2か月,"['近居割', '近居割WIDE']",随時,https://www.ur-net.go.jp/chintai/kanto/saitama/50_4100_room.html?JKSS=000070805,<li>東武東上線「鶴瀬」駅 徒歩6～10分</li><li>東武東上線「みずほ台」駅 徒歩24～28分</li><li>東武東上線「ふじみ野」駅 徒歩26～31分</li>
saitama,kamifukuoka,コンフォール鶴瀬,96000,東武東上線「みずほ台」駅,24.0,28.0,,,,富士見市鶴瀬西2-3ほか,7号棟,鉄筋コンクリート造,8,N,805号室,1K,43,14,91900,4100,2か月,"['近居割', '近居割WIDE']",随時,https://www.ur-net.go.jp/chintai/kanto/saitama/50_4100_room.html?JKSS=000070805,<li>東武東上線「鶴瀬」駅 徒歩6～10分</li><li>東武東上線「みずほ台」駅 徒歩24～28分</li><li>東武東上線「ふじみ野」駅 徒歩26～31分</li>
saitama,kamifukuoka,コンフォール鶴瀬,96000,東武東上線「ふじみ野」駅,26.0,31.0,,,,富士見市鶴瀬西2-3ほか,7号棟,鉄筋コンクリート造,8,N,805号室,1K,43,14,91900,4100,2か月,"['近居割', '近居割WIDE']",随時,https://www.ur-net.go.jp/chintai/kanto/saitama/50_4100_room.html?JKSS=000070805,<li>東武東上線「鶴瀬」駅 徒歩6～10分</li><li>東武東上線「みずほ台」駅 徒歩24～28分</li><li>東武東上線「ふじみ野」駅 徒歩26～31分</li>
saitama,kamifukuoka,コンフォール鶴瀬,96000,,,,,,,富士見市鶴瀬西2-3ほか,7号棟,鉄筋コンクリート造,8,N,805号室,1K,43,14,91900,4100,2か月,"['近居割', '近居割WIDE']",随時,https://www.ur-net.go.jp/chintai/kanto/saitama/50_4100_room.html?JKSS=000070805,<li>東武東上線「鶴瀬」駅 徒歩6～10分</li><li>東武東上線「みずほ台」駅 徒歩24～28分</li><li>東武東上線「ふじみ野」駅 徒歩26～31分</li>
saitama,kamifukuoka,コンフォール鶴瀬,108700,東武東上線「鶴瀬」駅,6.0,10.0,,,,富士見市鶴瀬西2-3ほか,3号棟,鉄筋コンクリート造,3,N,304号室,1LDK,50,10,104600,4100,2か月,"['近居割', '近居割WIDE']",随時,https://www.ur-net.go.jp/chintai/kanto/saitama/50_4100_room.html?JKSS=000030304,<li>東武東上線「鶴瀬」駅 徒歩6～10分</li><li>東武東上線「みずほ台」駅 徒歩24～28分</li><li>東武東上線「ふじみ野」駅 徒歩26～31分</li>
saitama,kamifukuoka,コンフォール鶴瀬,108700,東武東上線「みずほ台」駅,24.0,28.0,,,,富士見市鶴瀬西2-3ほか,3号棟,鉄筋コンクリート造,3,N,304号室,1LDK,50,10,104600,4100,2か月,"['近居割', '近居割WIDE']",随時,https://www.ur-net.go.jp/chintai/kanto/saitama/50_4100_room.html?JKSS=000030304,<li>東武東上線「鶴瀬」駅 徒歩6～10分</li><li>東武東上線「みずほ台」駅 徒歩24～28分</li><li>東武東上線「ふじみ野」駅 徒歩26～31分</li>
saitama,kamifukuoka,コンフォール鶴瀬,108700,東武東上線「ふじみ野」駅,26.0,31.0,,,,富士見市鶴瀬西2-3ほか,3号棟,鉄筋コンクリート造,3,N,304号室,1LDK,50,10,104600,4100,2か月,"['近居割', '近居割WIDE']",随時,https://www.ur-net.go.jp/chintai/kanto/saitama/50_4100_room.html?JKSS=000030304,<li>東武東上線「鶴瀬」駅 徒歩6～10分</li><li>東武東上線「みずほ台」駅 徒歩24～28分</li><li>東武東上線「ふじみ野」駅 徒歩26～31分</li>
saitama,kamifukuoka,コンフォール鶴瀬,108700,,,,,,,富士見市鶴瀬西2-3ほか,3号棟,鉄筋コンクリート造,3,N,304号室,1LDK,50,10,104600,4100,2か月,"['近居割', '近居割WIDE']",随時,https://www.ur-net.go.jp/chintai/kanto/saitama/50_4100_room.html?JKSS=000030304,<li>東武東上線「鶴瀬」駅 徒歩6～10分</li><li>東武東上線「みずほ台」駅 徒歩24～28分</li><li>東武東上線「ふじみ野」駅 徒歩26～31分</li>
saitama,kamifukuoka,コンフォール鶴瀬,110700,東武東上線「鶴瀬」駅,6.0,10.0,,,,富士見市鶴瀬西2-3ほか,2号棟,鉄筋コンクリート造,3,N,303号室,1LDK,56,8,106600,4100,2か月,"['近居割', '近居割WIDE']",随時,https://www.ur-net.go.jp/chintai/kanto/saitama/50_4100_room.html?JKSS=000020303,<li>東武東上線「鶴瀬」駅 徒歩6～10分</li><li>東武東上線「みずほ台」駅 徒歩24～28分</li><li>東武東上線「ふじみ野」駅 徒歩26～31分</li>
saitama,kamifukuoka,コンフォール鶴瀬,110700,東武東上線「みずほ台」駅,24.0,28.0,,,,富士見市鶴瀬西2-3ほか,2号棟,鉄筋コンクリート造,3,N,303号室,1LDK,56,8,106600,4100,2か月,"['近居割', '近居割WIDE']",随時,https://www.ur-net.go.jp/chintai/kanto/saitama/50_4100_room.html?JKSS=000020303,<li>東武東上線「鶴瀬」駅 徒歩6～10分</li><li>東武東上線「みずほ台」駅 徒歩24～28分</li><li>東武東上線「ふじみ野」駅 徒歩26～31分</li>
saitama,kamifukuoka,コンフォール鶴瀬,110700,東武東上線「ふじみ野」駅,26.0,31.0,,,,富士見市鶴瀬西2-3ほか,2号棟,鉄筋コンクリート造,3,N,303号室,1LDK,56,8,106600,4100,2か月,"['近居割', '近居割WIDE']",随時,https://www.ur-net.go.jp/chintai/kanto/saitama/50_4100_room.html?JKSS=000020303,<li>東武東上線「鶴瀬」駅 徒歩6～10分</li><li>東武東上線「みずほ台」駅 徒歩24～28分</li><li>東武東上線「ふじみ野」駅 徒歩26～31分</li>
saitama,kamifukuoka,コンフォール鶴瀬,110700,,,,,,,富士見市鶴瀬西2-3ほか,2号棟,鉄筋コンクリート造,3,N,303号室,1LDK,56,8,106600,4100,2か月,"['近居割', '近居割WIDE']",随時,https://www.ur-net.go.jp/chintai/kanto/saitama/50_4100_room.html?JKSS=000020303,<li>東武東上線「鶴瀬」駅 徒歩6～10分</li><li>東武東上線「みずほ台」駅 徒歩24～28分</li><li>東武東上線「ふじみ野」駅 徒歩26～31分</li>
saitama,wakaba,東坂戸,51500,,,,東武東上線「若葉」駅,8.0,12.0,坂戸市東坂戸1ほか,1-8号棟,鉄骨鉄筋コンクリート造,3,N,304号室,2DK,50,8,45400,6100,2か月,"['近居割', '近居割WIDE']",随時,https://www.ur-net.go.jp/chintai/kanto/saitama/50_1800_room.html?JKSS=001080304,<li>東武東上線「若葉」駅バス7～8分 徒歩1～4分</li><li>東武東上線「川越」駅バス30～32分 徒歩1～4分</li><li>東武東上線「鶴ケ島」駅 徒歩34～46分</li>
saitama,wakaba,東坂戸,51500,,,,東武東上線「川越」駅,31.0,36.0,坂戸市東坂戸1ほか,1-8号棟,鉄骨鉄筋コンクリート造,3,N,304号室,2DK,50,8,45400,6100,2か月,"['近居割', '近居割WIDE']",随時,https://www.ur-net.go.jp/chintai/kanto/saitama/50_1800_room.html?JKSS=001080304,<li>東武東上線「若葉」駅バス7～8分 徒歩1～4分</li><li>東武東上線「川越」駅バス30～32分 徒歩1～4分</li><li>東武東上線「鶴ケ島」駅 徒歩34～46分</li>
saitama,wakaba,東坂戸,51500,東武東上線「鶴ケ島」駅,34.0,46.0,,,,坂戸市東坂戸1ほか,1-8号棟,鉄骨鉄筋コンクリート造,3,N,304号室,2DK,50,8,45400,6100,2か月,"['近居割', '近居割WIDE']",随時,https://www.ur-net.go.jp/chintai/kanto/saitama/50_1800_room.html?JKSS=001080304,<li>東武東上線「若葉」駅バス7～8分 徒歩1～4分</li><li>東武東上線「川越」駅バス30～32分 徒歩1～4分</li><li>東武東上線「鶴ケ島」駅 徒歩34～46分</li>
saitama,wakaba,東坂戸,51500,,,,,,,坂戸市東坂戸1ほか,1-8号棟,鉄骨鉄筋コンクリート造,3,N,304号室,2DK,50,8,45400,6100,2か月,"['近居割', '近居割WIDE']",随時,https://www.ur-net.go.jp/chintai/kanto/saitama/50_1800_room.html?JKSS=001080304,<li>東武東上線「若葉」駅バス7～8分 徒歩1～4分</li><li>東武東上線「川越」駅バス30～32分 徒歩1～4分</li><li>東武東上線「鶴ケ島」駅 徒歩34～46分</li>
saitama,wakaba,東坂戸,52400,,,,東武東上線「若葉」駅,8.0,12.0,坂戸市東坂戸1ほか,1-20号棟,鉄骨鉄筋コンクリート造,2,N,203号室,2DK,50,8,46300,6100,2か月,"['近居割', '近居割WIDE']",随時,https://www.ur-net.go.jp/chintai/kanto/saitama/50_1800_room.html?JKSS=001200203,<li>東武東上線「若葉」駅バス7～8分 徒歩1～4分</li><li>東武東上線「川越」駅バス30～32分 徒歩1～4分</li><li>東武東上線「鶴ケ島」駅 徒歩34～46分</li>
saitama,wakaba,東坂戸,52400,,,,東武東上線「川越」駅,31.0,36.0,坂戸市東坂戸1ほか,1-20号棟,鉄骨鉄筋コンクリート造,2,N,203号室,2DK,50,8,46300,6100,2か月,"['近居割', '近居割WIDE']",随時,https://www.ur-net.go.jp/chintai/kanto/saitama/50_1800_room.html?JKSS=001200203,<li>東武東上線「若葉」駅バス7～8分 徒歩1～4分</li><li>東武東上線「川越」駅バス30～32分 徒歩1～4分</li><li>東武東上線「鶴ケ島」駅 徒歩34～46分</li>
saitama,wakaba,東坂戸,52400,東武東上線「鶴ケ島」駅,34.0,46.0,,,,坂戸市東坂戸1ほか,1-20号棟,鉄骨鉄筋コンクリート造,2,N,203号室,2DK,50,8,46300,6100,2か月,"['近居割', '近居割WIDE']",随時,https://www.ur-net.go.jp/chintai/kanto/saitama/50_1800_room.html?JKSS=001200203,<li>東武東上線「若葉」駅バス7～8分 徒歩1～4分</li><li>東武東上線「川越」駅バス30～32分 徒歩1～4分</li><li>東武東上線「鶴ケ島」駅 徒歩34～46分</li>
saitama,wakaba,東坂戸,52400,,,,,,,坂戸市東坂戸1ほか,1-20号棟,鉄骨鉄筋コンクリート造,2,N,203号室,2DK,50,8,46300,6100,2か月,"['近居割', '近居割WIDE']",随時,https://www.ur-net.go.jp/chintai/kanto/saitama/50_1800_room.html?JKSS=001200203,<li>東武東上線「若葉」駅バス7～8分 徒歩1～4分</li><li>東武東上線「川越」駅バス30～32分 徒歩1～4分</li><li>東武東上線「鶴ケ島」駅 徒歩34～46分</li>
saitama,wakaba,東坂戸,52600,,,,東武東上線「若葉」駅,8.0,12.0,坂戸市東坂戸1ほか,1-20号棟,鉄骨鉄筋コンクリート造,2,N,201号室,2DK,50,8,46500,6100,2か月,"['近居割', '近居割WIDE']",随時,https://www.ur-net.go.jp/chintai/kanto/saitama/50_1800_room.html?JKSS=001200201,<li>東武東上線「若葉」駅バス7～8分 徒歩1～4分</li><li>東武東上線「川越」駅バス30～32分 徒歩1～4分</li><li>東武東上線「鶴ケ島」駅 徒歩34～46分</li>
saitama,wakaba,東坂戸,52600,,,,東武東上線「川越」駅,31.0,36.0,坂戸市東坂戸1ほか,1-20号棟,鉄骨鉄筋コンクリート造,2,N,201号室,2DK,50,8,46500,6100,2か月,"['近居割', '近居割WIDE']",随時,https://www.ur-net.go.jp/chintai/kanto/saitama/50_1800_room.html?JKSS=001200201,<li>東武東上線「若葉」駅バス7～8分 徒歩1～4分</li><li>東武東上線「川越」駅バス30～32分 徒歩1～4分</li><li>東武東上線「鶴ケ島」駅 徒歩34～46分</li>
saitama,wakaba,東坂戸,52600,東武東上線「鶴ケ島」駅,34.0,46.0,,,,坂戸市東坂戸1ほか,1-20号棟,鉄骨鉄筋コンクリート造,2,N,201号室,2DK,50,8,46500,6100,2か月,"['近居割', '近居割WIDE']",随時,https://www.ur-net.go.jp/chintai/kanto/saitama/50_1800_room.html?JKSS=001200201,<li>東武東上線「若葉」駅バス7～8分 徒歩1～4分</li><li>東武東上線「川越」駅バス30～32分 徒歩1～4分</li><li>東武東上線「鶴ケ島」駅 徒歩34～46分</li>
saitama,wakaba,東坂戸,52600,,,,,,,坂戸市東坂戸1ほか,1-20号棟,鉄骨鉄筋コンクリート造,2,N,201号室,2DK,50,8,46500,6100,2か月,"['近居割', '近居割WIDE']",随時,https://www.ur-net.go.jp/chintai/kanto/saitama/50_1800_room.html?JKSS=001200201,<li>東武東上線「若葉」駅バス7～8分 徒歩1～4分</li><li>東武東上線「川越」駅バス30～32分 徒歩1～4分</li><li>東武東上線「鶴ケ島」駅 徒歩34～46分</li>
saitama,wakaba,東坂戸,52600,,,,東武東上線「若葉」駅,8.0,12.0,坂戸市東坂戸1ほか,1-20号棟,鉄骨鉄筋コンクリート造,2,N,205号室,2DK,50,8,46500,6100,2か月,"['近居割', '近居割WIDE']",随時,https://www.ur-net.go.jp/chintai/kanto/saitama/50_1800_room.html?JKSS=001200205,<li>東武東上線「若葉」駅バス7～8分 徒歩1～4分</li><li>東武東上線「川越」駅バス30～32分 徒歩1～4分</li><li>東武東上線「鶴ケ島」駅 徒歩34～46分</li>
saitama,wakaba,東坂戸,52600,,,,東武東上線「川越」駅,31.0,36.0,坂戸市東坂戸1ほか,1-20号棟,鉄骨鉄筋コンクリート造,2,N,205号室,2DK,50,8,46500,6100,2か月,"['近居割', '近居割WIDE']",随時,https://www.ur-net.go.jp/chintai/kanto/saitama/50_1800_room.html?JKSS=001200205,<li>東武東上線「若葉」駅バス7～8分 徒歩1～4分</li><li>東武東上線「川越」駅バス30～32分 徒歩1～4分</li><li>東武東上線「鶴ケ島」駅 徒歩34～46分</li>
saitama,wakaba,東坂戸,52600,東武東上線「鶴ケ島」駅,34.0,46.0,,,,坂戸市東坂戸1ほか,1-20号棟,鉄骨鉄筋コンクリート造,2,N,205号室,2DK,50,8,46500,6100,2か月,"['近居割', '近居割WIDE']",随時,https://www.ur-net.go.jp/chintai/kanto/saitama/50_1800_room.html?JKSS=001200205,<li>東武東上線「若葉」駅バス7～8分 徒歩1～4分</li><li>東武東上線「川越」駅バス30～32分 徒歩1～4分</li><li>東武東上線「鶴ケ島」駅 徒歩34～46分</li>
saitama,wakaba,東坂戸,52600,,,,,,,坂戸市東坂戸1ほか,1-20号棟,鉄骨鉄筋コンクリート造,2,N,205号室,2DK,50,8,46500,6100,2か月,"['近居割', '近居割WIDE']",随時,https://www.ur-net.go.jp/chintai/kanto/saitama/50_1800_room.html?JKSS=001200205,<li>東武東上線「若葉」駅バス7～8分 徒歩1～4分</li><li>東武東上線「川越」駅バス30～32分 徒歩1～4分</li><li>東武東上線「鶴ケ島」駅 徒歩34～46分</li>
saitama,wakaba,東坂戸,52600,,,,東武東上線「若葉」駅,8.0,12.0,坂戸市東坂戸1ほか,1-20号棟,鉄骨鉄筋コンクリート造,5,N,506号室,2DK,50,8,46500,6100,2か月,"['近居割', '近居割WIDE']",随時,https://www.ur-net.go.jp/chintai/kanto/saitama/50_1800_room.html?JKSS=001200506,<li>東武東上線「若葉」駅バス7～8分 徒歩1～4分</li><li>東武東上線「川越」駅バス30～32分 徒歩1～4分</li><li>東武東上線「鶴ケ島」駅 徒歩34～46分</li>
saitama,wakaba,東坂戸,52600,,,,東武東上線「川越」駅,31.0,36.0,坂戸市東坂戸1ほか,1-20号棟,鉄骨鉄筋コンクリート造,5,N,506号室,2DK,50,8,46500,6100,2か月,"['近居割', '近居割WIDE']",随時,https://www.ur-net.go.jp/chintai/kanto/saitama/50_1800_room.html?JKSS=001200506,<li>東武東上線「若葉」駅バス7～8分 徒歩1～4分</li><li>東武東上線「川越」駅バス30～32分 徒歩1～4分</li><li>東武東上線「鶴ケ島」駅 徒歩34～46分</li>
saitama,wakaba,東坂戸,52600,東武東上線「鶴ケ島」駅,34.0,46.0,,,,坂戸市東坂戸1ほか,1-20号棟,鉄骨鉄筋コンクリート造,5,N,506号室,2DK,50,8,46500,6100,2か月,"['近居割', '近居割WIDE']",随時,https://www.ur-net.go.jp/chintai/kanto/saitama/50_1800_room.html?JKSS=001200506,<li>東武東上線「若葉」駅バス7～8分 徒歩1～4分</li><li>東武東上線「川越」駅バス30～32分 徒歩1～4分</li><li>東武東上線「鶴ケ島」駅 徒歩34～46分</li>
saitama,wakaba,東坂戸,52600,,,,,,,坂戸市東坂戸1ほか,1-20号棟,鉄骨鉄筋コンクリート造,5,N,506号室,2DK,50,8,46500,6100,2か月,"['近居割', '近居割WIDE']",随時,https://www.ur-net.go.jp/chintai/kanto/saitama/50_1800_room.html?JKSS=001200506,<li>東武東上線「若葉」駅バス7～8分 徒歩1～4分</li><li>東武東上線「川越」駅バス30～32分 徒歩1～4分</li><li>東武東上線「鶴ケ島」駅 徒歩34～46分</li>
saitama,wakaba,北坂戸,51000,東武東上線「北坂戸」駅,2.0,11.0,,,,坂戸市溝端町1ほか,9-10号棟,鉄筋コンクリート造、鉄骨鉄筋コンクリート造,5,N,501号室,3K,45,5,47500,3500,2か月,"['近居割', '近居割WIDE']",随時,https://www.ur-net.go.jp/chintai/kanto/saitama/50_1590_room.html?JKSS=009100501,<li>東武東上線「北坂戸」駅 徒歩2～11分</li><li>東武東上線「坂戸」駅 徒歩23～34分</li><li>東武東上線「若葉」駅 徒歩41～49分</li><li>東武東上線「高坂」駅 徒歩47～52分</li>
saitama,wakaba,北坂戸,51000,東武東上線「坂戸」駅,23.0,34.0,,,,坂戸市溝端町1ほか,9-10号棟,鉄筋コンクリート造、鉄骨鉄筋コンクリート造,5,N,501号室,3K,45,5,47500,3500,2か月,"['近居割', '近居割WIDE']",随時,https://www.ur-net.go.jp/chintai/kanto/saitama/50_1590_room.html?JKSS=009100501,<li>東武東上線「北坂戸」駅 徒歩2～11分</li><li>東武東上線「坂戸」駅 徒歩23～34分</li><li>東武東上線「若葉」駅 徒歩41～49分</li><li>東武東上線「高坂」駅 徒歩47～52分</li>
saitama,wakaba,北坂戸,51000,東武東上線「若葉」駅,41.0,49.0,,,,坂戸市溝端町1ほか,9-10号棟,鉄筋コンクリート造、鉄骨鉄筋コンクリート造,5,N,501号室,3K,45,5,47500,3500,2か月,"['近居割', '近居割WIDE']",随時,https://www.ur-net.go.jp/chintai/kanto/saitama/50_1590_room.html?JKSS=009100501,<li>東武東上線「北坂戸」駅 徒歩2～11分</li><li>東武東上線「坂戸」駅 徒歩23～34分</li><li>東武東上線「若葉」駅 徒歩41～49分</li><li>東武東上線「高坂」駅 徒歩47～52分</li>
saitama,wakaba,北坂戸,51000,東武東上線「高坂」駅,47.0,52.0,,,,坂戸市溝端町1ほか,9-10号棟,鉄筋コンクリート造、鉄骨鉄筋コンクリート造,5,N,501号室,3K,45,5,47500,3500,2か月,"['近居割', '近居割WIDE']",随時,https://www.ur-net.go.jp/chintai/kanto/saitama/50_1590_room.html?JKSS=009100501,<li>東武東上線「北坂戸」駅 徒歩2～11分</li><li>東武東上線「坂戸」駅 徒歩23～34分</li><li>東武東上線「若葉」駅 徒歩41～49分</li><li>東武東上線「高坂」駅 徒歩47～52分</li>
saitama,wakaba,北坂戸,51000,,,,,,,坂戸市溝端町1ほか,9-10号棟,鉄筋コンクリート造、鉄骨鉄筋コンクリート造,5,N,501号室,3K,45,5,47500,3500,2か月,"['近居割', '近居割WIDE']",随時,https://www.ur-net.go.jp/chintai/kanto/saitama/50_1590_room.html?JKSS=009100501,<li>東武東上線「北坂戸」駅 徒歩2～11分</li><li>東武東上線「坂戸」駅 徒歩23～34分</li><li>東武東上線「若葉」駅 徒歩41～49分</li><li>東武東上線「高坂」駅 徒歩47～52分</li>
saitama,wakaba,北坂戸,51100,東武東上線「北坂戸」駅,2.0,11.0,,,,坂戸市溝端町1ほか,9-6号棟,鉄筋コンクリート造、鉄骨鉄筋コンクリート造,5,N,505号室,3K,45,5,47600,3500,2か月,"['近居割', '近居割WIDE']",随時,https://www.ur-net.go.jp/chintai/kanto/saitama/50_1590_room.html?JKSS=009060505,<li>東武東上線「北坂戸」駅 徒歩2～11分</li><li>東武東上線「坂戸」駅 徒歩23～34分</li><li>東武東上線「若葉」駅 徒歩41～49分</li><li>東武東上線「高坂」駅 徒歩47～52分</li>
saitama,wakaba,北坂戸,51100,東武東上線「坂戸」駅,23.0,34.0,,,,坂戸市溝端町1ほか,9-6号棟,鉄筋コンクリート造、鉄骨鉄筋コンクリート造,5,N,505号室,3K,45,5,47600,3500,2か月,"['近居割', '近居割WIDE']",随時,https://www.ur-net.go.jp/chintai/kanto/saitama/50_1590_room.html?JKSS=009060505,<li>東武東上線「北坂戸」駅 徒歩2～11分</li><li>東武東上線「坂戸」駅 徒歩23～34分</li><li>東武東上線「若葉」駅 徒歩41～49分</li><li>東武東上線「高坂」駅 徒歩47～52分</li>
saitama,wakaba,北坂戸,51100,東武東上線「若葉」駅,41.0,49.0,,,,坂戸市溝端町1ほか,9-6号棟,鉄筋コンクリート造、鉄骨鉄筋コンクリート造,5,N,505号室,3K,45,5,47600,3500,2か月,"['近居割', '近居割WIDE']",随時,https://www.ur-net.go.jp/chintai/kanto/saitama/50_1590_room.html?JKSS=009060505,<li>東武東上線「北坂戸」駅 徒歩2～11分</li><li>東武東上線「坂戸」駅 徒歩23～34分</li><li>東武東上線「若葉」駅 徒歩41～49分</li><li>東武東上線「高坂」駅 徒歩47～52分</li>
saitama,wakaba,北坂戸,51100,東武東上線「高坂」駅,47.0,52.0,,,,坂戸市溝端町1ほか,9-6号棟,鉄筋コンクリート造、鉄骨鉄筋コンクリート造,5,N,505号室,3K,45,5,47600,3500,2か月,"['近居割', '近居割WIDE']",随時,https://www.ur-net.go.jp/chintai/kanto/saitama/50_1590_room.html?JKSS=009060505,<li>東武東上線「北坂戸」駅 徒歩2～11分</li><li>東武東上線「坂戸」駅 徒歩23～34分</li><li>東武東上線「若葉」駅 徒歩41～49分</li><li>東武東上線「高坂」駅 徒歩47～52分</li>
saitama,wakaba,北坂戸,51100,,,,,,,坂戸市溝端町1ほか,9-6号棟,鉄筋コンクリート造、鉄骨鉄筋コンクリート造,5,N,505号室,3K,45,5,47600,3500,2か月,"['近居割', '近居割WIDE']",随時,https://www.ur-net.go.jp/chintai/kanto/saitama/50_1590_room.html?JKSS=009060505,<li>東武東上線「北坂戸」駅 徒歩2～11分</li><li>東武東上線「坂戸」駅 徒歩23～34分</li><li>東武東上線「若葉」駅 徒歩41～49分</li><li>東武東上線「高坂」駅 徒歩47～52分</li>
saitama,wakaba,かわつるグリーンタウン　新鶴,72020,,,,東武東上線「鶴ケ島」駅,5.0,13.0,鶴ヶ島市南町2-1,1号棟,鉄筋コンクリート造,5,N,501号室,3LDK,77,5,69300,2720,2か月,"['近居割', '近居割WIDE']",随時,https://www.ur-net.go.jp/chintai/kanto/saitama/50_2100_room.html?JKSS=000010501,<li>東武東上線「鶴ケ島」駅バス4～9分 徒歩1～4分</li><li>JR川越線「笠幡」駅 徒歩27～30分</li><li>JR川越線「的場」駅 徒歩39～42分</li>
saitama,wakaba,かわつるグリーンタウン　新鶴,72020,JR川越線「笠幡」駅,27.0,30.0,,,,鶴ヶ島市南町2-1,1号棟,鉄筋コンクリート造,5,N,501号室,3LDK,77,5,69300,2720,2か月,"['近居割', '近居割WIDE']",随時,https://www.ur-net.go.jp/chintai/kanto/saitama/50_2100_room.html?JKSS=000010501,<li>東武東上線「鶴ケ島」駅バス4～9分 徒歩1～4分</li><li>JR川越線「笠幡」駅 徒歩27～30分</li><li>JR川越線「的場」駅 徒歩39～42分</li>
saitama,wakaba,かわつるグリーンタウン　新鶴,72020,JR川越線「的場」駅,39.0,42.0,,,,鶴ヶ島市南町2-1,1号棟,鉄筋コンクリート造,5,N,501号室,3LDK,77,5,69300,2720,2か月,"['近居割', '近居割WIDE']",随時,https://www.ur-net.go.jp/chintai/kanto/saitama/50_2100_room.html?JKSS=000010501,<li>東武東上線「鶴ケ島」駅バス4～9分 徒歩1～4分</li><li>JR川越線「笠幡」駅 徒歩27～30分</li><li>JR川越線「的場」駅 徒歩39～42分</li>
saitama,wakaba,かわつるグリーンタウン　新鶴,72020,,,,,,,鶴ヶ島市南町2-1,1号棟,鉄筋コンクリート造,5,N,501号室,3LDK,77,5,69300,2720,2か月,"['近居割', '近居割WIDE']",随時,https://www.ur-net.go.jp/chintai/kanto/saitama/50_2100_room.html?JKSS=000010501,<li>東武東上線「鶴ケ島」駅バス4～9分 徒歩1～4分</li><li>JR川越線「笠幡」駅 徒歩27～30分</li><li>JR川越線「的場」駅 徒歩39～42分</li>
saitama,wakaba,かわつるグリーンタウン　松ヶ丘第二,98100,東武東上線「鶴ケ島」駅,25.0,26.0,東武東上線「鶴ケ島」駅,6.0,6.0,鶴ヶ島市松ヶ丘4-3,1号棟,鉄筋コンクリート造,2,N,205号室,2LDK,70,5,90500,7600,2か月,"['近居割', '近居割WIDE']",随時,https://www.ur-net.go.jp/chintai/kanto/saitama/50_3900_room.html?JKSS=000010205,<li>東武東上線「鶴ケ島」駅バス3分 徒歩3分</li><li>東武東上線「鶴ケ島」駅 徒歩25～26分</li><li>JR川越線「笠幡」駅バス18分 徒歩9分</li>
saitama,wakaba,かわつるグリーンタウン　松ヶ丘第二,98100,,,,JR川越線「笠幡」駅,27.0,27.0,鶴ヶ島市松ヶ丘4-3,1号棟,鉄筋コンクリート造,2,N,205号室,2LDK,70,5,90500,7600,2か月,"['近居割', '近居割WIDE']",随時,https://www.ur-net.go.jp/chintai/kanto/saitama/50_3900_room.html?JKSS=000010205,<li>東武東上線「鶴ケ島」駅バス3分 徒歩3分</li><li>東武東上線「鶴ケ島」駅 徒歩25～26分</li><li>JR川越線「笠幡」駅バス18分 徒歩9分</li>
saitama,wakaba,かわつるグリーンタウン　松ヶ丘第二,98100,,,,,,,鶴ヶ島市松ヶ丘4-3,1号棟,鉄筋コンクリート造,2,N,205号室,2LDK,70,5,90500,7600,2か月,"['近居割', '近居割WIDE']",随時,https://www.ur-net.go.jp/chintai/kanto/saitama/50_3900_room.html?JKSS=000010205,<li>東武東上線「鶴ケ島」駅バス3分 徒歩3分</li><li>東武東上線「鶴ケ島」駅 徒歩25～26分</li><li>JR川越線「笠幡」駅バス18分 徒歩9分</li>
saitama,wakaba,かわつるグリーンタウン　松ヶ丘第二,101600,東武東上線「鶴ケ島」駅,25.0,26.0,東武東上線「鶴ケ島」駅,6.0,6.0,鶴ヶ島市松ヶ丘4-3,1号棟,鉄筋コンクリート造,5,N,505号室,2LDK,70,5,94000,7600,2か月,"['近居割', '近居割WIDE']",随時,https://www.ur-net.go.jp/chintai/kanto/saitama/50_3900_room.html?JKSS=000010505,<li>東武東上線「鶴ケ島」駅バス3分 徒歩3分</li><li>東武東上線「鶴ケ島」駅 徒歩25～26分</li><li>JR川越線「笠幡」駅バス18分 徒歩9分</li>
saitama,wakaba,かわつるグリーンタウン　松ヶ丘第二,101600,,,,JR川越線「笠幡」駅,27.0,27.0,鶴ヶ島市松ヶ丘4-3,1号棟,鉄筋コンクリート造,5,N,505号室,2LDK,70,5,94000,7600,2か月,"['近居割', '近居割WIDE']",随時,https://www.ur-net.go.jp/chintai/kanto/saitama/50_3900_room.html?JKSS=000010505,<li>東武東上線「鶴ケ島」駅バス3分 徒歩3分</li><li>東武東上線「鶴ケ島」駅 徒歩25～26分</li><li>JR川越線「笠幡」駅バス18分 徒歩9分</li>
saitama,wakaba,かわつるグリーンタウン　松ヶ丘第二,101600,,,,,,,鶴ヶ島市松ヶ丘4-3,1号棟,鉄筋コンクリート造,5,N,505号室,2LDK,70,5,94000,7600,2か月,"['近居割', '近居割WIDE']",随時,https://www.ur-net.go.jp/chintai/kanto/saitama/50_3900_room.html?JKSS=000010505,<li>東武東上線「鶴ケ島」駅バス3分 徒歩3分</li><li>東武東上線「鶴ケ島」駅 徒歩25～26分</li><li>JR川越線「笠幡」駅バス18分 徒歩9分</li>
saitama,kawagoe,狭山台,53900,,,,西武新宿線「狭山市」駅,7.0,14.0,狭山市狭山台1-31ほか,1-13号棟,鉄筋コンクリート造、鉄骨鉄筋コンクリート造,4,N,402号室,3K,47,5,50400,3500,2か月,"['近居割', '近居割WIDE']",随時,https://www.ur-net.go.jp/chintai/kanto/saitama/50_1670_room.html?JKSS=001130402,<li>西武新宿線「狭山市」駅バス6～10分 徒歩1～4分</li><li>西武新宿線「新狭山」駅 徒歩22～33分</li><li>西武新宿線「入曽」駅 徒歩41～53分</li>
saitama,kawagoe,狭山台,53900,西武新宿線「新狭山」駅,22.0,33.0,,,,狭山市狭山台1-31ほか,1-13号棟,鉄筋コンクリート造、鉄骨鉄筋コンクリート造,4,N,402号室,3K,47,5,50400,3500,2か月,"['近居割', '近居割WIDE']",随時,https://www.ur-net.go.jp/chintai/kanto/saitama/50_1670_room.html?JKSS=001130402,<li>西武新宿線「狭山市」駅バス6～10分 徒歩1～4分</li><li>西武新宿線「新狭山」駅 徒歩22～33分</li><li>西武新宿線「入曽」駅 徒歩41～53分</li>
saitama,kawagoe,狭山台,53900,西武新宿線「入曽」駅,41.0,53.0,,,,狭山市狭山台1-31ほか,1-13号棟,鉄筋コンクリート造、鉄骨鉄筋コンクリート造,4,N,402号室,3K,47,5,50400,3500,2か月,"['近居割', '近居割WIDE']",随時,https://www.ur-net.go.jp/chintai/kanto/saitama/50_1670_room.html?JKSS=001130402,<li>西武新宿線「狭山市」駅バス6～10分 徒歩1～4分</li><li>西武新宿線「新狭山」駅 徒歩22～33分</li><li>西武新宿線「入曽」駅 徒歩41～53分</li>
saitama,kawagoe,狭山台,53900,,,,,,,狭山市狭山台1-31ほか,1-13号棟,鉄筋コンクリート造、鉄骨鉄筋コンクリート造,4,N,402号室,3K,47,5,50400,3500,2か月,"['近居割', '近居割WIDE']",随時,https://www.ur-net.go.jp/chintai/kanto/saitama/50_1670_room.html?JKSS=001130402,<li>西武新宿線「狭山市」駅バス6～10分 徒歩1～4分</li><li>西武新宿線「新狭山」駅 徒歩22～33分</li><li>西武新宿線「入曽」駅 徒歩41～53分</li>
saitama,kawagoe,狭山台,57200,,,,西武新宿線「狭山市」駅,7.0,14.0,狭山市狭山台1-31ほか,3-19号棟,鉄筋コンクリート造、鉄骨鉄筋コンクリート造,5,N,503号室,2DK,43,8,53700,3500,2か月,['健康寿命サポート'],随時,https://www.ur-net.go.jp/chintai/kanto/saitama/50_1670_room.html?JKSS=003190503,<li>西武新宿線「狭山市」駅バス6～10分 徒歩1～4分</li><li>西武新宿線「新狭山」駅 徒歩22～33分</li><li>西武新宿線「入曽」駅 徒歩41～53分</li>
saitama,kawagoe,狭山台,57200,西武新宿線「新狭山」駅,22.0,33.0,,,,狭山市狭山台1-31ほか,3-19号棟,鉄筋コンクリート造、鉄骨鉄筋コンクリート造,5,N,503号室,2DK,43,8,53700,3500,2か月,['健康寿命サポート'],随時,https://www.ur-net.go.jp/chintai/kanto/saitama/50_1670_room.html?JKSS=003190503,<li>西武新宿線「狭山市」駅バス6～10分 徒歩1～4分</li><li>西武新宿線「新狭山」駅 徒歩22～33分</li><li>西武新宿線「入曽」駅 徒歩41～53分</li>
saitama,kawagoe,狭山台,57200,西武新宿線「入曽」駅,41.0,53.0,,,,狭山市狭山台1-31ほか,3-19号棟,鉄筋コンクリート造、鉄骨鉄筋コンクリート造,5,N,503号室,2DK,43,8,53700,3500,2か月,['健康寿命サポート'],随時,https://www.ur-net.go.jp/chintai/kanto/saitama/50_1670_room.html?JKSS=003190503,<li>西武新宿線「狭山市」駅バス6～10分 徒歩1～4分</li><li>西武新宿線「新狭山」駅 徒歩22～33分</li><li>西武新宿線「入曽」駅 徒歩41～53分</li>
saitama,kawagoe,狭山台,57200,,,,,,,狭山市狭山台1-31ほか,3-19号棟,鉄筋コンクリート造、鉄骨鉄筋コンクリート造,5,N,503号室,2DK,43,8,53700,3500,2か月,['健康寿命サポート'],随時,https://www.ur-net.go.jp/chintai/kanto/saitama/50_1670_room.html?JKSS=003190503,<li>西武新宿線「狭山市」駅バス6～10分 徒歩1～4分</li><li>西武新宿線「新狭山」駅 徒歩22～33分</li><li>西武新宿線「入曽」駅 徒歩41～53分</li>
saitama,kawagoe,狭山台,57900,,,,西武新宿線「狭山市」駅,7.0,14.0,狭山市狭山台1-31ほか,1-8号棟,鉄筋コンクリート造、鉄骨鉄筋コンクリート造,1,N,106号室,3K,47,5,54400,3500,2か月,"['近居割', '近居割WIDE']",随時,https://www.ur-net.go.jp/chintai/kanto/saitama/50_1670_room.html?JKSS=001080106,<li>西武新宿線「狭山市」駅バス6～10分 徒歩1～4分</li><li>西武新宿線「新狭山」駅 徒歩22～33分</li><li>西武新宿線「入曽」駅 徒歩41～53分</li>
saitama,kawagoe,狭山台,57900,西武新宿線「新狭山」駅,22.0,33.0,,,,狭山市狭山台1-31ほか,1-8号棟,鉄筋コンクリート造、鉄骨鉄筋コンクリート造,1,N,106号室,3K,47,5,54400,3500,2か月,"['近居割', '近居割WIDE']",随時,https://www.ur-net.go.jp/chintai/kanto/saitama/50_1670_room.html?JKSS=001080106,<li>西武新宿線「狭山市」駅バス6～10分 徒歩1～4分</li><li>西武新宿線「新狭山」駅 徒歩22～33分</li><li>西武新宿線「入曽」駅 徒歩41～53分</li>
saitama,kawagoe,狭山台,57900,西武新宿線「入曽」駅,41.0,53.0,,,,狭山市狭山台1-31ほか,1-8号棟,鉄筋コンクリート造、鉄骨鉄筋コンクリート造,1,N,106号室,3K,47,5,54400,3500,2か月,"['近居割', '近居割WIDE']",随時,https://www.ur-net.go.jp/chintai/kanto/saitama/50_1670_room.html?JKSS=001080106,<li>西武新宿線「狭山市」駅バス6～10分 徒歩1～4分</li><li>西武新宿線「新狭山」駅 徒歩22～33分</li><li>西武新宿線「入曽」駅 徒歩41～53分</li>
saitama,kawagoe,狭山台,57900,,,,,,,狭山市狭山台1-31ほか,1-8号棟,鉄筋コンクリート造、鉄骨鉄筋コンクリート造,1,N,106号室,3K,47,5,54400,3500,2か月,"['近居割', '近居割WIDE']",随時,https://www.ur-net.go.jp/chintai/kanto/saitama/50_1670_room.html?JKSS=001080106,<li>西武新宿線「狭山市」駅バス6～10分 徒歩1～4分</li><li>西武新宿線「新狭山」駅 徒歩22～33分</li><li>西武新宿線「入曽」駅 徒歩41～53分</li>
saitama,kawagoe,狭山台,62500,,,,西武新宿線「狭山市」駅,7.0,14.0,狭山市狭山台1-31ほか,1-14号棟,鉄筋コンクリート造、鉄骨鉄筋コンクリート造,1,N,107号室,2DK,47,5,59000,3500,2か月,"['近居割', '近居割WIDE']",随時,https://www.ur-net.go.jp/chintai/kanto/saitama/50_1670_room.html?JKSS=001140107,<li>西武新宿線「狭山市」駅バス6～10分 徒歩1～4分</li><li>西武新宿線「新狭山」駅 徒歩22～33分</li><li>西武新宿線「入曽」駅 徒歩41～53分</li>
saitama,kawagoe,狭山台,62500,西武新宿線「新狭山」駅,22.0,33.0,,,,狭山市狭山台1-31ほか,1-14号棟,鉄筋コンクリート造、鉄骨鉄筋コンクリート造,1,N,107号室,2DK,47,5,59000,3500,2か月,"['近居割', '近居割WIDE']",随時,https://www.ur-net.go.jp/chintai/kanto/saitama/50_1670_room.html?JKSS=001140107,<li>西武新宿線「狭山市」駅バス6～10分 徒歩1～4分</li><li>西武新宿線「新狭山」駅 徒歩22～33分</li><li>西武新宿線「入曽」駅 徒歩41～53分</li>
saitama,kawagoe,狭山台,62500,西武新宿線「入曽」駅,41.0,53.0,,,,狭山市狭山台1-31ほか,1-14号棟,鉄筋コンクリート造、鉄骨鉄筋コンクリート造,1,N,107号室,2DK,47,5,59000,3500,2か月,"['近居割', '近居割WIDE']",随時,https://www.ur-net.go.jp/chintai/kanto/saitama/50_1670_room.html?JKSS=001140107,<li>西武新宿線「狭山市」駅バス6～10分 徒歩1～4分</li><li>西武新宿線「新狭山」駅 徒歩22～33分</li><li>西武新宿線「入曽」駅 徒歩41～53分</li>
saitama,kawagoe,狭山台,62500,,,,,,,狭山市狭山台1-31ほか,1-14号棟,鉄筋コンクリート造、鉄骨鉄筋コンクリート造,1,N,107号室,2DK,47,5,59000,3500,2か月,"['近居割', '近居割WIDE']",随時,https://www.ur-net.go.jp/chintai/kanto/saitama/50_1670_room.html?JKSS=001140107,<li>西武新宿線「狭山市」駅バス6～10分 徒歩1～4分</li><li>西武新宿線「新狭山」駅 徒歩22～33分</li><li>西武新宿線「入曽」駅 徒歩41～53分</li>
saitama,kawagoe,狭山台,64200,,,,西武新宿線「狭山市」駅,7.0,14.0,狭山市狭山台1-31ほか,1-12号棟,鉄筋コンクリート造、鉄骨鉄筋コンクリート造,3,N,304号室,2DK,47,5,60700,3500,2か月,"['近居割', '近居割WIDE']",随時,https://www.ur-net.go.jp/chintai/kanto/saitama/50_1670_room.html?JKSS=001120304,<li>西武新宿線「狭山市」駅バス6～10分 徒歩1～4分</li><li>西武新宿線「新狭山」駅 徒歩22～33分</li><li>西武新宿線「入曽」駅 徒歩41～53分</li>
saitama,kawagoe,狭山台,64200,西武新宿線「新狭山」駅,22.0,33.0,,,,狭山市狭山台1-31ほか,1-12号棟,鉄筋コンクリート造、鉄骨鉄筋コンクリート造,3,N,304号室,2DK,47,5,60700,3500,2か月,"['近居割', '近居割WIDE']",随時,https://www.ur-net.go.jp/chintai/kanto/saitama/50_1670_room.html?JKSS=001120304,<li>西武新宿線「狭山市」駅バス6～10分 徒歩1～4分</li><li>西武新宿線「新狭山」駅 徒歩22～33分</li><li>西武新宿線「入曽」駅 徒歩41～53分</li>
saitama,kawagoe,狭山台,64200,西武新宿線「入曽」駅,41.0,53.0,,,,狭山市狭山台1-31ほか,1-12号棟,鉄筋コンクリート造、鉄骨鉄筋コンクリート造,3,N,304号室,2DK,47,5,60700,3500,2か月,"['近居割', '近居割WIDE']",随時,https://www.ur-net.go.jp/chintai/kanto/saitama/50_1670_room.html?JKSS=001120304,<li>西武新宿線「狭山市」駅バス6～10分 徒歩1～4分</li><li>西武新宿線「新狭山」駅 徒歩22～33分</li><li>西武新宿線「入曽」駅 徒歩41～53分</li>
saitama,kawagoe,狭山台,64200,,,,,,,狭山市狭山台1-31ほか,1-12号棟,鉄筋コンクリート造、鉄骨鉄筋コンクリート造,3,N,304号室,2DK,47,5,60700,3500,2か月,"['近居割', '近居割WIDE']",随時,https://www.ur-net.go.jp/chintai/kanto/saitama/50_1670_room.html?JKSS=001120304,<li>西武新宿線「狭山市」駅バス6～10分 徒歩1～4分</li><li>西武新宿線「新狭山」駅 徒歩22～33分</li><li>西武新宿線「入曽」駅 徒歩41～53分</li>
saitama,tokorozawa,入間豊岡,72800,西武池袋線「入間市」駅,7.0,7.0,,,,入間市豊岡1-8,1号棟,鉄骨鉄筋コンクリート造,6,N,608号室,2DK,48,12,69300,3500,2か月,['近居割'],2026年9月17日以降,https://www.ur-net.go.jp/chintai/kanto/saitama/50_1850_room.html?JKSS=000010608,<li>西武池袋線「入間市」駅 徒歩7分</li>
saitama,tokorozawa,入間豊岡,72800,,,,,,,入間市豊岡1-8,1号棟,鉄骨鉄筋コンクリート造,6,N,608号室,2DK,48,12,69300,3500,2か月,['近居割'],2026年9月17日以降,https://www.ur-net.go.jp/chintai/kanto/saitama/50_1850_room.html?JKSS=000010608,<li>西武池袋線「入間市」駅 徒歩7分</li>
saitama,tokorozawa,入間駅前プラザ,93800,西武池袋線「入間市」駅,3.0,5.0,,,,入間市向陽台1-1-17,15号棟,鉄筋コンクリート造,1,N,103号室,3DK,61,8,89100,4700,2か月,['近居割'],随時,https://www.ur-net.go.jp/chintai/kanto/saitama/50_2390_room.html?JKSS=000150103,<li>西武池袋線「入間市」駅 徒歩3～5分</li><li>西武池袋線「稲荷山公園」駅 徒歩12～14分</li><li>西武新宿線「狭山市」駅 徒歩38～47分</li>
saitama,tokorozawa,入間駅前プラザ,93800,西武池袋線「稲荷山公園」駅,12.0,14.0,,,,入間市向陽台1-1-17,15号棟,鉄筋コンクリート造,1,N,103号室,3DK,61,8,89100,4700,2か月,['近居割'],随時,https://www.ur-net.go.jp/chintai/kanto/saitama/50_2390_room.html?JKSS=000150103,<li>西武池袋線「入間市」駅 徒歩3～5分</li><li>西武池袋線「稲荷山公園」駅 徒歩12～14分</li><li>西武新宿線「狭山市」駅 徒歩38～47分</li>
saitama,tokorozawa,入間駅前プラザ,93800,西武新宿線「狭山市」駅,38.0,47.0,,,,入間市向陽台1-1-17,15号棟,鉄筋コンクリート造,1,N,103号室,3DK,61,8,89100,4700,2か月,['近居割'],随時,https://www.ur-net.go.jp/chintai/kanto/saitama/50_2390_room.html?JKSS=000150103,<li>西武池袋線「入間市」駅 徒歩3～5分</li><li>西武池袋線「稲荷山公園」駅 徒歩12～14分</li><li>西武新宿線「狭山市」駅 徒歩38～47分</li>
saitama,tokorozawa,入間駅前プラザ,93800,,,,,,,入間市向陽台1-1-17,15号棟,鉄筋コンクリート造,1,N,103号室,3DK,61,8,89100,4700,2か月,['近居割'],随時,https://www.ur-net.go.jp/chintai/kanto/saitama/50_2390_room.html?JKSS=000150103,<li>西武池袋線「入間市」駅 徒歩3～5分</li><li>西武池袋線「稲荷山公園」駅 徒歩12～14分</li><li>西武新宿線「狭山市」駅 徒歩38～47分</li>
