Todofuken,Area,Dan Chi Name,Total Fee,Nearest station by Walk,Best case by Walk (minute),Worst case by Walk (minute),Nearest station by Bus,Best case by Bus (minute),Worst case by Bus (minute),Address,Building Name,Building Structure,Floor,Elevator,Room Num,Room Type,Floor Space,Max Floor,Rent,Common Fee,Shikikin,Systems,availableDate,Room Link,Traffic
tokyo,yaesu,晴海アイランド トリトンスクエアガーデンプラザ,179300,都営大江戸線｢勝どき｣駅,9.0,9.0,,,,中央区晴海1-7-2,2号棟,鉄骨鉄筋コンクリート造（一部鉄筋コンクリート造）,5,N,509号室,1LDK,44,18,171300,8000,2か月,['近居割'],随時,https://www.ur-net.go.jp/chintai/kanto/tokyo/20_5690_room.html?JKSS=000020509,<li>都営大江戸線｢勝どき｣駅 徒歩9分</li><li>都営大江戸線ほか｢月島｣駅 徒歩10分</li><li>JR山手線｢有楽町｣駅バス15分 徒歩5分</li>
tokyo,yaesu,晴海アイランド トリトンスクエアガーデンプラザ,179300,都営大江戸線ほか｢月島｣駅,10.0,10.0,,,,中央区晴海1-7-2,2号棟,鉄骨鉄筋コンクリート造（一部鉄筋コンクリート造）,5,N,509号室,1LDK,44,18,171300,8000,2か月,['近居割'],随時,https://www.ur-net.go.jp/chintai/kanto/tokyo/20_5690_room.html?JKSS=000020509,<li>都営大江戸線｢勝どき｣駅 徒歩9分</li><li>都営大江戸線ほか｢月島｣駅 徒歩10分</li><li>JR山手線｢有楽町｣駅バス15分 徒歩5分</li>
tokyo,yaesu,晴海アイランド トリトンスクエアガーデンプラザ,179300,,,,JR山手線｢有楽町｣駅,20.0,20.0,中央区晴海1-7-2,2号棟,鉄骨鉄筋コンクリート造（一部鉄筋コンクリート造）,5,N,509号室,1LDK,44,18,171300,8000,2か月,['近居割'],随時,https://www.ur-net.go.jp/chintai/kanto/tokyo/20_5690_room.html?JKSS=000020509,<li>都営大江戸線｢勝どき｣駅 徒歩9分</li><li>都営大江戸線ほか｢月島｣駅 徒歩10分</li><li>JR山手線｢有楽町｣駅バス15分 徒歩5分</li>
tokyo,yaesu,晴海アイランド トリトンスクエアガーデンプラザ,179300,,,,,,,中央区晴海1-7-2,2号棟,鉄骨鉄筋コンクリート造（一部鉄筋コンクリート造）,5,N,509号室,1LDK,44,18,171300,8000,2か月,['近居割'],随時,https://www.ur-net.go.jp/chintai/kanto/tokyo/20_5690_room.html?JKSS=000020509,<li>都営大江戸線｢勝どき｣駅 徒歩9分</li><li>都営大江戸線ほか｢月島｣駅 徒歩10分</li><li>JR山手線｢有楽町｣駅バス15分 徒歩5分</li>
tokyo,yaesu,晴海アイランド トリトンスクエアガーデンプラザ,243100,都営大江戸線｢勝どき｣駅,9.0,9.0,,,,中央区晴海1-7-2,2号棟,鉄骨鉄筋コンクリート造（一部鉄筋コンクリート造）,14,N,1416号室,2LDK,63,16,235100,8000,2か月,['近居割'],随時,https://www.ur-net.go.jp/chintai/kanto/tokyo/20_5690_room.html?JKSS=000021416,<li>都営大江戸線｢勝どき｣駅 徒歩9分</li><li>都営大江戸線ほか｢月島｣駅 徒歩10分</li><li>JR山手線｢有楽町｣駅バス15分 徒歩5分</li>
tokyo,yaesu,晴海アイランド トリトンスクエアガーデンプラザ,243100,都営大江戸線ほか｢月島｣駅,10.0,10.0,,,,中央区晴海1-7-2,2号棟,鉄骨鉄筋コンクリート造（一部鉄筋コンクリート造）,14,N,1416号室,2LDK,63,16,235100,8000,2か月,['近居割'],随時,https://www.ur-net.go.jp/chintai/kanto/tokyo/20_5690_room.html?JKSS=000021416,<li>都営大江戸線｢勝どき｣駅 徒歩9分</li><li>都営大江戸線ほか｢月島｣駅 徒歩10分</li><li>JR山手線｢有楽町｣駅バス15分 徒歩5分</li>
tokyo,yaesu,晴海アイランド トリトンスクエアガーデンプラザ,243100,,,,JR山手線｢有楽町｣駅,20.0,20.0,中央区晴海1-7-2,2号棟,鉄骨鉄筋コンクリート造（一部鉄筋コンクリート造）,14,N,1416号室,2LDK,63,16,235100,8000,2か月,['近居割'],随時,https://www.ur-net.go.jp/chintai/kanto/tokyo/20_5690_room.html?JKSS=000021416,<li>都営大江戸線｢勝どき｣駅 徒歩9分</li><li>都営大江戸線ほか｢月島｣駅 徒歩10分</li><li>JR山手線｢有楽町｣駅バス15分 徒歩5分</li>
tokyo,yaesu,晴海アイランド トリトンスクエアガーデンプラザ,243100,,,,,,,中央区晴海1-7-2,2号棟,鉄骨鉄筋コンクリート造（一部鉄筋コンクリート造）,14,N,1416号室,2LDK,63,16,235100,8000,2か月,['近居割'],随時,https://www.ur-net.go.jp/chintai/kanto/tokyo/20_5690_room.html?JKSS=000021416,<li>都営大江戸線｢勝どき｣駅 徒歩9分</li><li>都営大江戸線ほか｢月島｣駅 徒歩10分</li><li>JR山手線｢有楽町｣駅バス15分 徒歩5分</li>
tokyo,shinjuku,エステート北新宿,198900,JR総武線ほか｢東中野｣駅,7.0,7.0,,,,新宿区北新宿3-27-3,,鉄筋コンクリート造,4,N,406号室,3DK,63,5,191900,7000,2か月,['近居割'],随時,https://www.ur-net.go.jp/chintai/kanto/tokyo/20_4020_room.html?JKSS=000000406,<li>JR総武線ほか｢東中野｣駅 徒歩7分</li>
tokyo,shinjuku,エステート北新宿,198900,,,,,,,新宿区北新宿3-27-3,,鉄筋コンクリート造,4,N,406号室,3DK,63,5,191900,7000,2か月,['近居割'],随時,https://www.ur-net.go.jp/chintai/kanto/tokyo/20_4020_room.html?JKSS=000000406,<li>JR総武線ほか｢東中野｣駅 徒歩7分</li>
tokyo,kitasenju,竹の塚第二,79800,東武伊勢崎線「竹ノ塚」駅,6.0,12.0,,,,足立区竹の塚1-5ほか,25号棟,鉄筋コンクリート造,5,N,507号室,2DK,39,5,75000,4800,2か月,['近居割'],随時,https://www.ur-net.go.jp/chintai/kanto/tokyo/20_1310_room.html?JKSS=000025507,<li>東武伊勢崎線「竹ノ塚」駅 徒歩6～12分</li>
tokyo,kitasenju,竹の塚第二,79800,,,,,,,足立区竹の塚1-5ほか,25号棟,鉄筋コンクリート造,5,N,507号室,2DK,39,5,75000,4800,2か月,['近居割'],随時,https://www.ur-net.go.jp/chintai/kanto/tokyo/20_1310_room.html?JKSS=000025507,<li>東武伊勢崎線「竹ノ塚」駅 徒歩6～12分</li>
tokyo,kitasenju,栗原,108970,東武伊勢崎線「西新井」駅,8.0,13.0,,,,足立区栗原2-5ほか,1号棟,鉄筋コンクリート造,1,N,106号室,3DK,51,5,104700,4270,2か月,['近居割'],随時,https://www.ur-net.go.jp/chintai/kanto/tokyo/20_1600_room.html?JKSS=000001106,<li>東武伊勢崎線「西新井」駅 徒歩8～13分</li>
tokyo,kitasenju,栗原,108970,,,,,,,足立区栗原2-5ほか,1号棟,鉄筋コンクリート造,1,N,106号室,3DK,51,5,104700,4270,2か月,['近居割'],随時,https://www.ur-net.go.jp/chintai/kanto/tokyo/20_1600_room.html?JKSS=000001106,<li>東武伊勢崎線「西新井」駅 徒歩8～13分</li>
tokyo,kitasenju,フレール西新井第二,123200,東武大師線「大師前」駅,9.0,12.0,,,,足立区西新井2-5ほか,5号棟,鉄筋コンクリート造,4,N,402号室,1LDK,53,8,116600,6600,2か月,['近居割'],随時,https://www.ur-net.go.jp/chintai/kanto/tokyo/20_6420_room.html?JKSS=000050402,<li>東武大師線「大師前」駅 徒歩9～12分</li><li>日暮里舎人ライナー「西新井大師西」駅 徒歩14～16分</li><li>東武伊勢崎線「西新井」駅 徒歩16～19分</li>
tokyo,kitasenju,フレール西新井第二,123200,日暮里舎人ライナー「西新井大師西」駅,14.0,16.0,,,,足立区西新井2-5ほか,5号棟,鉄筋コンクリート造,4,N,402号室,1LDK,53,8,116600,6600,2か月,['近居割'],随時,https://www.ur-net.go.jp/chintai/kanto/tokyo/20_6420_room.html?JKSS=000050402,<li>東武大師線「大師前」駅 徒歩9～12分</li><li>日暮里舎人ライナー「西新井大師西」駅 徒歩14～16分</li><li>東武伊勢崎線「西新井」駅 徒歩16～19分</li>
tokyo,kitasenju,フレール西新井第二,123200,東武伊勢崎線「西新井」駅,16.0,19.0,,,,足立区西新井2-5ほか,5号棟,鉄筋コンクリート造,4,N,402号室,1LDK,53,8,116600,6600,2か月,['近居割'],随時,https://www.ur-net.go.jp/chintai/kanto/tokyo/20_6420_room.html?JKSS=000050402,<li>東武大師線「大師前」駅 徒歩9～12分</li><li>日暮里舎人ライナー「西新井大師西」駅 徒歩14～16分</li><li>東武伊勢崎線「西新井」駅 徒歩16～19分</li>
tokyo,kitasenju,フレール西新井第二,123200,,,,,,,足立区西新井2-5ほか,5号棟,鉄筋コンクリート造,4,N,402号室,1LDK,53,8,116600,6600,2か月,['近居割'],随時,https://www.ur-net.go.jp/chintai/kanto/tokyo/20_6420_room.html?JKSS=000050402,<li>東武大師線「大師前」駅 徒歩9～12分</li><li>日暮里舎人ライナー「西新井大師西」駅 徒歩14～16分</li><li>東武伊勢崎線「西新井」駅 徒歩16～19分</li>
tokyo,oji,ハートアイランド新田三番街,130300,,,,JR京浜東北・根岸線「王子」駅,13.0,14.0,足立区新田3-35,21号棟,鉄筋コンクリート造,3,N,303号室,1DK,51,14,122500,7800,2か月,"['近居割', '近居割WIDE']",随時,https://www.ur-net.go.jp/chintai/kanto/tokyo/20_6980_room.html?JKSS=000210303,<li>JR京浜東北・根岸線「王子」駅バス12分 徒歩1～2分</li><li>東京メトロ南北線「王子神谷」駅 徒歩19～21分</li>
tokyo,oji,ハートアイランド新田三番街,130300,東京メトロ南北線「王子神谷」駅,19.0,21.0,,,,足立区新田3-35,21号棟,鉄筋コンクリート造,3,N,303号室,1DK,51,14,122500,7800,2か月,"['近居割', '近居割WIDE']",随時,https://www.ur-net.go.jp/chintai/kanto/tokyo/20_6980_room.html?JKSS=000210303,<li>JR京浜東北・根岸線「王子」駅バス12分 徒歩1～2分</li><li>東京メトロ南北線「王子神谷」駅 徒歩19～21分</li>
tokyo,oji,ハートアイランド新田三番街,130300,,,,,,,足立区新田3-35,21号棟,鉄筋コンクリート造,3,N,303号室,1DK,51,14,122500,7800,2か月,"['近居割', '近居割WIDE']",随時,https://www.ur-net.go.jp/chintai/kanto/tokyo/20_6980_room.html?JKSS=000210303,<li>JR京浜東北・根岸線「王子」駅バス12分 徒歩1～2分</li><li>東京メトロ南北線「王子神谷」駅 徒歩19～21分</li>
tokyo,kitasenju,フレール西新井中央公園,135500,日暮里舎人ライナー「谷在家」駅,12.0,14.0,,,,足立区西新井3-16ほか,2号棟,鉄筋コンクリート造,6,N,602号室,1LDK,58,9,130400,5100,2か月,['近居割'],随時,https://www.ur-net.go.jp/chintai/kanto/tokyo/20_7050_room.html?JKSS=000020602,<li>日暮里舎人ライナー「谷在家」駅 徒歩12～14分</li><li>東武大師線「大師前」駅 徒歩16～18分</li>
tokyo,kitasenju,フレール西新井中央公園,135500,東武大師線「大師前」駅,16.0,18.0,,,,足立区西新井3-16ほか,2号棟,鉄筋コンクリート造,6,N,602号室,1LDK,58,9,130400,5100,2か月,['近居割'],随時,https://www.ur-net.go.jp/chintai/kanto/tokyo/20_7050_room.html?JKSS=000020602,<li>日暮里舎人ライナー「谷在家」駅 徒歩12～14分</li><li>東武大師線「大師前」駅 徒歩16～18分</li>
tokyo,kitasenju,フレール西新井中央公園,135500,,,,,,,足立区西新井3-16ほか,2号棟,鉄筋コンクリート造,6,N,602号室,1LDK,58,9,130400,5100,2か月,['近居割'],随時,https://www.ur-net.go.jp/chintai/kanto/tokyo/20_7050_room.html?JKSS=000020602,<li>日暮里舎人ライナー「谷在家」駅 徒歩12～14分</li><li>東武大師線「大師前」駅 徒歩16～18分</li>
tokyo,kitasenju,竹の塚第三アネックス,175200,東武伊勢崎線「竹ノ塚」駅,2.0,5.0,,,,足立区竹の塚1-38,15号棟,鉄筋コンクリート造,5,N,506号室,3LDK,80,6,169300,5900,2か月,['近居割'],随時,https://www.ur-net.go.jp/chintai/kanto/tokyo/20_1371_room.html?JKSS=000150506,<li>東武伊勢崎線「竹ノ塚」駅 徒歩2～5分</li>
tokyo,kitasenju,竹の塚第三アネックス,175200,,,,,,,足立区竹の塚1-38,15号棟,鉄筋コンクリート造,5,N,506号室,3LDK,80,6,169300,5900,2か月,['近居割'],随時,https://www.ur-net.go.jp/chintai/kanto/tokyo/20_1371_room.html?JKSS=000150506,<li>東武伊勢崎線「竹ノ塚」駅 徒歩2～5分</li>
tokyo,oji,ハートアイランド新田一番街,180600,,,,JR京浜東北・根岸線「王子」駅,14.0,15.0,足立区新田3―36,2号棟,鉄筋コンクリート造,14,N,1401号室,2LDK,75,14,173000,7600,2か月,"['近居割', '近居割WIDE']",随時,https://www.ur-net.go.jp/chintai/kanto/tokyo/20_6740_room.html?JKSS=000021401,<li>JR京浜東北・根岸線「王子」駅バス13分 徒歩1～2分</li><li>東京メトロ南北線「王子神谷」駅 徒歩19～20分</li>
tokyo,oji,ハートアイランド新田一番街,180600,東京メトロ南北線「王子神谷」駅,19.0,20.0,,,,足立区新田3―36,2号棟,鉄筋コンクリート造,14,N,1401号室,2LDK,75,14,173000,7600,2か月,"['近居割', '近居割WIDE']",随時,https://www.ur-net.go.jp/chintai/kanto/tokyo/20_6740_room.html?JKSS=000021401,<li>JR京浜東北・根岸線「王子」駅バス13分 徒歩1～2分</li><li>東京メトロ南北線「王子神谷」駅 徒歩19～20分</li>
tokyo,oji,ハートアイランド新田一番街,180600,,,,,,,足立区新田3―36,2号棟,鉄筋コンクリート造,14,N,1401号室,2LDK,75,14,173000,7600,2か月,"['近居割', '近居割WIDE']",随時,https://www.ur-net.go.jp/chintai/kanto/tokyo/20_6740_room.html?JKSS=000021401,<li>JR京浜東北・根岸線「王子」駅バス13分 徒歩1～2分</li><li>東京メトロ南北線「王子神谷」駅 徒歩19～20分</li>
tokyo,kitasenju,金町駅前,99300,JR常磐線「金町」駅,3.0,5.0,,,,葛飾区東金町1-36,2号棟,鉄筋コンクリート造,12,N,1213号室,2DK,46,15,95800,3500,2か月,['URライト（5年定借）'],随時,https://www.ur-net.go.jp/chintai/kanto/tokyo/20_1650_room.html?JKSS=000021213,<li>JR常磐線「金町」駅 徒歩3～5分</li><li>京成金町線「京成金町」駅 徒歩4～7分</li>
tokyo,kitasenju,金町駅前,99300,京成金町線「京成金町」駅,4.0,7.0,,,,葛飾区東金町1-36,2号棟,鉄筋コンクリート造,12,N,1213号室,2DK,46,15,95800,3500,2か月,['URライト（5年定借）'],随時,https://www.ur-net.go.jp/chintai/kanto/tokyo/20_1650_room.html?JKSS=000021213,<li>JR常磐線「金町」駅 徒歩3～5分</li><li>京成金町線「京成金町」駅 徒歩4～7分</li>
tokyo,kitasenju,金町駅前,99300,,,,,,,葛飾区東金町1-36,2号棟,鉄筋コンクリート造,12,N,1213号室,2DK,46,15,95800,3500,2か月,['URライト（5年定借）'],随時,https://www.ur-net.go.jp/chintai/kanto/tokyo/20_1650_room.html?JKSS=000021213,<li>JR常磐線「金町」駅 徒歩3～5分</li><li>京成金町線「京成金町」駅 徒歩4～7分</li>
tokyo,shibuya,中目黒アトラスタワー,313900,東急東横線・東京メトロ日比谷線「中目黒」駅,2.0,2.0,,,,目黒区上目黒1-26-1,,鉄筋コンクリート造一部鉄骨造,24,N,2410号室,1LDK,50,45,301700,12200,2か月,['近居割'],随時,https://www.ur-net.go.jp/chintai/kanto/tokyo/20_7090_room.html?JKSS=000002410,<li>東急東横線・東京メトロ日比谷線「中目黒」駅 徒歩2分</li>
tokyo,shibuya,中目黒アトラスタワー,313900,,,,,,,目黒区上目黒1-26-1,,鉄筋コンクリート造一部鉄骨造,24,N,2410号室,1LDK,50,45,301700,12200,2か月,['近居割'],随時,https://www.ur-net.go.jp/chintai/kanto/tokyo/20_7090_room.html?JKSS=000002410,<li>東急東横線・東京メトロ日比谷線「中目黒」駅 徒歩2分</li>
tokyo,shibuya,恵比寿ビュータワー,329600,JR山手線ほか｢恵比寿｣駅,9.0,9.0,,,,目黒区三田1-4-4,,鉄筋コンクリート造,15,N,1510号室,1LDK,58,32,325100,4500,2か月,['近居割'],随時,https://www.ur-net.go.jp/chintai/kanto/tokyo/20_5180_room.html?JKSS=000001510,<li>JR山手線ほか｢恵比寿｣駅 徒歩9分</li>
tokyo,shibuya,恵比寿ビュータワー,329600,,,,,,,目黒区三田1-4-4,,鉄筋コンクリート造,15,N,1510号室,1LDK,58,32,325100,4500,2か月,['近居割'],随時,https://www.ur-net.go.jp/chintai/kanto/tokyo/20_5180_room.html?JKSS=000001510,<li>JR山手線ほか｢恵比寿｣駅 徒歩9分</li>
tokyo,kyodo,希望ヶ丘,88200,小田急小田原線「千歳船橋」駅,16.0,20.0,小田急小田原線「千歳船橋」駅,5.0,13.0,世田谷区船橋6ほか,7-8-1号棟,鉄筋コンクリート造,6,N,629号室,1DK,31,11,84600,3600,2か月,['近居割'],随時,https://www.ur-net.go.jp/chintai/kanto/tokyo/20_2340_room.html?JKSS=708010629,<li>小田急小田原線「千歳船橋」駅バス4～10分 徒歩1～3分</li><li>京王線「八幡山」駅バス5～8分 徒歩1～3分</li><li>小田急小田原線「千歳船橋」駅 徒歩16～20分</li>
tokyo,kyodo,希望ヶ丘,88200,,,,京王線「八幡山」駅,6.0,11.0,世田谷区船橋6ほか,7-8-1号棟,鉄筋コンクリート造,6,N,629号室,1DK,31,11,84600,3600,2か月,['近居割'],随時,https://www.ur-net.go.jp/chintai/kanto/tokyo/20_2340_room.html?JKSS=708010629,<li>小田急小田原線「千歳船橋」駅バス4～10分 徒歩1～3分</li><li>京王線「八幡山」駅バス5～8分 徒歩1～3分</li><li>小田急小田原線「千歳船橋」駅 徒歩16～20分</li>
tokyo,kyodo,希望ヶ丘,88200,,,,,,,世田谷区船橋6ほか,7-8-1号棟,鉄筋コンクリート造,6,N,629号室,1DK,31,11,84600,3600,2か月,['近居割'],随時,https://www.ur-net.go.jp/chintai/kanto/tokyo/20_2340_room.html?JKSS=708010629,<li>小田急小田原線「千歳船橋」駅バス4～10分 徒歩1～3分</li><li>京王線「八幡山」駅バス5～8分 徒歩1～3分</li><li>小田急小田原線「千歳船橋」駅 徒歩16～20分</li>
tokyo,kyodo,希望ヶ丘,121900,小田急小田原線「千歳船橋」駅,16.0,20.0,小田急小田原線「千歳船橋」駅,5.0,13.0,世田谷区船橋6ほか,7-1-1号棟,鉄筋コンクリート造,13,N,1305号室,1K,45,13,118300,3600,2か月,['近居割'],随時,https://www.ur-net.go.jp/chintai/kanto/tokyo/20_2340_room.html?JKSS=701011305,<li>小田急小田原線「千歳船橋」駅バス4～10分 徒歩1～3分</li><li>京王線「八幡山」駅バス5～8分 徒歩1～3分</li><li>小田急小田原線「千歳船橋」駅 徒歩16～20分</li>
tokyo,kyodo,希望ヶ丘,121900,,,,京王線「八幡山」駅,6.0,11.0,世田谷区船橋6ほか,7-1-1号棟,鉄筋コンクリート造,13,N,1305号室,1K,45,13,118300,3600,2か月,['近居割'],随時,https://www.ur-net.go.jp/chintai/kanto/tokyo/20_2340_room.html?JKSS=701011305,<li>小田急小田原線「千歳船橋」駅バス4～10分 徒歩1～3分</li><li>京王線「八幡山」駅バス5～8分 徒歩1～3分</li><li>小田急小田原線「千歳船橋」駅 徒歩16～20分</li>
tokyo,kyodo,希望ヶ丘,121900,,,,,,,世田谷区船橋6ほか,7-1-1号棟,鉄筋コンクリート造,13,N,1305号室,1K,45,13,118300,3600,2か月,['近居割'],随時,https://www.ur-net.go.jp/chintai/kanto/tokyo/20_2340_room.html?JKSS=701011305,<li>小田急小田原線「千歳船橋」駅バス4～10分 徒歩1～3分</li><li>京王線「八幡山」駅バス5～8分 徒歩1～3分</li><li>小田急小田原線「千歳船橋」駅 徒歩16～20分</li>
tokyo,kyodo,成城通りパークウエスト,228300,「成城学園前」駅,21.0,21.0,小田急小田原線「成城学園前」駅,9.0,10.0,世田谷区上祖師谷4-2,1号棟,鉄筋コンクリート造,1,N,118号室,2LDK,86,5,224500,3800,2か月,['近居割'],随時,https://www.ur-net.go.jp/chintai/kanto/tokyo/20_4600_room.html?JKSS=000010118,<li>小田急小田原線「成城学園前」駅バス7分 徒歩2～3分 または「成城学園前」駅 徒歩21分</li><li>京王線「千歳烏山」駅バス12分 徒歩2～3分</li>
tokyo,kyodo,成城通りパークウエスト,228300,,,,京王線「千歳烏山」駅,14.0,15.0,世田谷区上祖師谷4-2,1号棟,鉄筋コンクリート造,1,N,118号室,2LDK,86,5,224500,3800,2か月,['近居割'],随時,https://www.ur-net.go.jp/chintai/kanto/tokyo/20_4600_room.html?JKSS=000010118,<li>小田急小田原線「成城学園前」駅バス7分 徒歩2～3分 または「成城学園前」駅 徒歩21分</li><li>京王線「千歳烏山」駅バス12分 徒歩2～3分</li>
tokyo,kyodo,成城通りパークウエスト,228300,,,,,,,世田谷区上祖師谷4-2,1号棟,鉄筋コンクリート造,1,N,118号室,2LDK,86,5,224500,3800,2か月,['近居割'],随時,https://www.ur-net.go.jp/chintai/kanto/tokyo/20_4600_room.html?JKSS=000010118,<li>小田急小田原線「成城学園前」駅バス7分 徒歩2～3分 または「成城学園前」駅 徒歩21分</li><li>京王線「千歳烏山」駅バス12分 徒歩2～3分</li>
tokyo,hibarigaoka,パークサイド石神井,104300,西武池袋線「大泉学園」駅,15.0,19.0,西武池袋線「大泉学園」駅,10.0,13.0,練馬区石神井台3-26 ほか,1号棟,鉄筋コンクリート造,1,N,105号室,1DK,38,5,94400,9900,2か月,"['近居割', 'シルバーピア']",随時,https://www.ur-net.go.jp/chintai/kanto/tokyo/20_5250_room.html?JKSS=000010105,<li>西武池袋線「大泉学園」駅 徒歩15～19分</li><li>西武池袋線「大泉学園」駅バス4分 徒歩6～9分</li><li>西武池袋線「石神井公園」駅 徒歩18～21分</li>
tokyo,hibarigaoka,パークサイド石神井,104300,西武池袋線「石神井公園」駅,18.0,21.0,,,,練馬区石神井台3-26 ほか,1号棟,鉄筋コンクリート造,1,N,105号室,1DK,38,5,94400,9900,2か月,"['近居割', 'シルバーピア']",随時,https://www.ur-net.go.jp/chintai/kanto/tokyo/20_5250_room.html?JKSS=000010105,<li>西武池袋線「大泉学園」駅 徒歩15～19分</li><li>西武池袋線「大泉学園」駅バス4分 徒歩6～9分</li><li>西武池袋線「石神井公園」駅 徒歩18～21分</li>
tokyo,hibarigaoka,パークサイド石神井,104300,,,,,,,練馬区石神井台3-26 ほか,1号棟,鉄筋コンクリート造,1,N,105号室,1DK,38,5,94400,9900,2か月,"['近居割', 'シルバーピア']",随時,https://www.ur-net.go.jp/chintai/kanto/tokyo/20_5250_room.html?JKSS=000010105,<li>西武池袋線「大泉学園」駅 徒歩15～19分</li><li>西武池袋線「大泉学園」駅バス4分 徒歩6～9分</li><li>西武池袋線「石神井公園」駅 徒歩18～21分</li>
tokyo,hibarigaoka,パークサイド石神井,111000,西武池袋線「大泉学園」駅,15.0,19.0,西武池袋線「大泉学園」駅,10.0,13.0,練馬区石神井台3-26 ほか,1号棟,鉄筋コンクリート造,4,N,408号室,1DK,38,5,101100,9900,2か月,"['近居割', 'シルバーピア']",随時,https://www.ur-net.go.jp/chintai/kanto/tokyo/20_5250_room.html?JKSS=000010408,<li>西武池袋線「大泉学園」駅 徒歩15～19分</li><li>西武池袋線「大泉学園」駅バス4分 徒歩6～9分</li><li>西武池袋線「石神井公園」駅 徒歩18～21分</li>
tokyo,hibarigaoka,パークサイド石神井,111000,西武池袋線「石神井公園」駅,18.0,21.0,,,,練馬区石神井台3-26 ほか,1号棟,鉄筋コンクリート造,4,N,408号室,1DK,38,5,101100,9900,2か月,"['近居割', 'シルバーピア']",随時,https://www.ur-net.go.jp/chintai/kanto/tokyo/20_5250_room.html?JKSS=000010408,<li>西武池袋線「大泉学園」駅 徒歩15～19分</li><li>西武池袋線「大泉学園」駅バス4分 徒歩6～9分</li><li>西武池袋線「石神井公園」駅 徒歩18～21分</li>
tokyo,hibarigaoka,パークサイド石神井,111000,,,,,,,練馬区石神井台3-26 ほか,1号棟,鉄筋コンクリート造,4,N,408号室,1DK,38,5,101100,9900,2か月,"['近居割', 'シルバーピア']",随時,https://www.ur-net.go.jp/chintai/kanto/tokyo/20_5250_room.html?JKSS=000010408,<li>西武池袋線「大泉学園」駅 徒歩15～19分</li><li>西武池袋線「大泉学園」駅バス4分 徒歩6～9分</li><li>西武池袋線「石神井公園」駅 徒歩18～21分</li>
tokyo,hibarigaoka,パークサイド石神井,137200,西武池袋線「大泉学園」駅,15.0,19.0,西武池袋線「大泉学園」駅,10.0,13.0,練馬区石神井台3-26 ほか,9号棟,鉄筋コンクリート造,1,N,102号室,2DK,51,4,127300,9900,2か月,['近居割'],随時,https://www.ur-net.go.jp/chintai/kanto/tokyo/20_5250_room.html?JKSS=000090102,<li>西武池袋線「大泉学園」駅 徒歩15～19分</li><li>西武池袋線「大泉学園」駅バス4分 徒歩6～9分</li><li>西武池袋線「石神井公園」駅 徒歩18～21分</li>
tokyo,hibarigaoka,パークサイド石神井,137200,西武池袋線「石神井公園」駅,18.0,21.0,,,,練馬区石神井台3-26 ほか,9号棟,鉄筋コンクリート造,1,N,102号室,2DK,51,4,127300,9900,2か月,['近居割'],随時,https://www.ur-net.go.jp/chintai/kanto/tokyo/20_5250_room.html?JKSS=000090102,<li>西武池袋線「大泉学園」駅 徒歩15～19分</li><li>西武池袋線「大泉学園」駅バス4分 徒歩6～9分</li><li>西武池袋線「石神井公園」駅 徒歩18～21分</li>
tokyo,hibarigaoka,パークサイド石神井,137200,,,,,,,練馬区石神井台3-26 ほか,9号棟,鉄筋コンクリート造,1,N,102号室,2DK,51,4,127300,9900,2か月,['近居割'],随時,https://www.ur-net.go.jp/chintai/kanto/tokyo/20_5250_room.html?JKSS=000090102,<li>西武池袋線「大泉学園」駅 徒歩15～19分</li><li>西武池袋線「大泉学園」駅バス4分 徒歩6～9分</li><li>西武池袋線「石神井公園」駅 徒歩18～21分</li>
tokyo,hibarigaoka,パークサイド石神井,141700,西武池袋線「大泉学園」駅,15.0,19.0,西武池袋線「大泉学園」駅,10.0,13.0,練馬区石神井台3-26 ほか,8号棟,鉄筋コンクリート造,3,N,306号室,2DK,51,7,131800,9900,2か月,['近居割'],随時,https://www.ur-net.go.jp/chintai/kanto/tokyo/20_5250_room.html?JKSS=000080306,<li>西武池袋線「大泉学園」駅 徒歩15～19分</li><li>西武池袋線「大泉学園」駅バス4分 徒歩6～9分</li><li>西武池袋線「石神井公園」駅 徒歩18～21分</li>
tokyo,hibarigaoka,パークサイド石神井,141700,西武池袋線「石神井公園」駅,18.0,21.0,,,,練馬区石神井台3-26 ほか,8号棟,鉄筋コンクリート造,3,N,306号室,2DK,51,7,131800,9900,2か月,['近居割'],随時,https://www.ur-net.go.jp/chintai/kanto/tokyo/20_5250_room.html?JKSS=000080306,<li>西武池袋線「大泉学園」駅 徒歩15～19分</li><li>西武池袋線「大泉学園」駅バス4分 徒歩6～9分</li><li>西武池袋線「石神井公園」駅 徒歩18～21分</li>
tokyo,hibarigaoka,パークサイド石神井,141700,,,,,,,練馬区石神井台3-26 ほか,8号棟,鉄筋コンクリート造,3,N,306号室,2DK,51,7,131800,9900,2か月,['近居割'],随時,https://www.ur-net.go.jp/chintai/kanto/tokyo/20_5250_room.html?JKSS=000080306,<li>西武池袋線「大泉学園」駅 徒歩15～19分</li><li>西武池袋線「大泉学園」駅バス4分 徒歩6～9分</li><li>西武池袋線「石神井公園」駅 徒歩18～21分</li>
tokyo,oji,豊島五丁目,90100,,,,JR京浜東北・根岸線「王子」駅,9.0,13.0,北区豊島5-4ほか,10号棟,鉄筋コンクリート造,4,N,417号室,2DK,49,14,86800,3300,2か月,['健康寿命サポート'],随時,https://www.ur-net.go.jp/chintai/kanto/tokyo/20_2320_room.html?JKSS=000100417,<li>JR京浜東北・根岸線「王子」駅バス7分 徒歩2～6分</li><li>東京メトロ南北線「王子」駅バス7分 徒歩2～6分</li>
tokyo,oji,豊島五丁目,90100,,,,東京メトロ南北線「王子」駅,9.0,13.0,北区豊島5-4ほか,10号棟,鉄筋コンクリート造,4,N,417号室,2DK,49,14,86800,3300,2か月,['健康寿命サポート'],随時,https://www.ur-net.go.jp/chintai/kanto/tokyo/20_2320_room.html?JKSS=000100417,<li>JR京浜東北・根岸線「王子」駅バス7分 徒歩2～6分</li><li>東京メトロ南北線「王子」駅バス7分 徒歩2～6分</li>
tokyo,oji,豊島五丁目,90100,,,,,,,北区豊島5-4ほか,10号棟,鉄筋コンクリート造,4,N,417号室,2DK,49,14,86800,3300,2か月,['健康寿命サポート'],随時,https://www.ur-net.go.jp/chintai/kanto/tokyo/20_2320_room.html?JKSS=000100417,<li>JR京浜東北・根岸線「王子」駅バス7分 徒歩2～6分</li><li>東京メトロ南北線「王子」駅バス7分 徒歩2～6分</li>
tokyo,oji,豊島五丁目,90100,,,,JR京浜東北・根岸線「王子」駅,9.0,13.0,北区豊島5-4ほか,11号棟,鉄筋コンクリート造,5,N,502号室,2DK,49,14,86800,3300,2か月,['健康寿命サポート'],随時,https://www.ur-net.go.jp/chintai/kanto/tokyo/20_2320_room.html?JKSS=000110502,<li>JR京浜東北・根岸線「王子」駅バス7分 徒歩2～6分</li><li>東京メトロ南北線「王子」駅バス7分 徒歩2～6分</li>
tokyo,oji,豊島五丁目,90100,,,,東京メトロ南北線「王子」駅,9.0,13.0,北区豊島5-4ほか,11号棟,鉄筋コンクリート造,5,N,502号室,2DK,49,14,86800,3300,2か月,['健康寿命サポート'],随時,https://www.ur-net.go.jp/chintai/kanto/tokyo/20_2320_room.html?JKSS=000110502,<li>JR京浜東北・根岸線「王子」駅バス7分 徒歩2～6分</li><li>東京メトロ南北線「王子」駅バス7分 徒歩2～6分</li>
tokyo,oji,豊島五丁目,90100,,,,,,,北区豊島5-4ほか,11号棟,鉄筋コンクリート造,5,N,502号室,2DK,49,14,86800,3300,2か月,['健康寿命サポート'],随時,https://www.ur-net.go.jp/chintai/kanto/tokyo/20_2320_room.html?JKSS=000110502,<li>JR京浜東北・根岸線「王子」駅バス7分 徒歩2～6分</li><li>東京メトロ南北線「王子」駅バス7分 徒歩2～6分</li>
tokyo,oji,赤羽アボードⅡ,145900,JR埼京線ほか｢赤羽｣駅,1.0,1.0,,,,北区赤羽西1-6-1,,鉄筋コンクリート造,14,N,1405号室,1DK,40,18,141200,4700,2か月,['近居割'],随時,https://www.ur-net.go.jp/chintai/kanto/tokyo/20_5390_room.html?JKSS=000001405,<li>JR埼京線ほか｢赤羽｣駅 徒歩1分</li>
tokyo,oji,赤羽アボードⅡ,145900,,,,,,,北区赤羽西1-6-1,,鉄筋コンクリート造,14,N,1405号室,1DK,40,18,141200,4700,2か月,['近居割'],随時,https://www.ur-net.go.jp/chintai/kanto/tokyo/20_5390_room.html?JKSS=000001405,<li>JR埼京線ほか｢赤羽｣駅 徒歩1分</li>
tokyo,oji,フレーシェル王子神谷,208100,東京メトロ南北線「王子神谷」駅,6.0,7.0,,,,北区豊島8-27,2号棟,鉄筋コンクリート造,5,N,507号室,3LDK,80,14,203900,4200,2か月,['近居割'],随時,https://www.ur-net.go.jp/chintai/kanto/tokyo/20_6000_room.html?JKSS=000020507,<li>東京メトロ南北線「王子神谷」駅 徒歩6～7分</li><li>JR京浜東北・根岸線「東十条」駅 徒歩16～17分</li>
tokyo,oji,フレーシェル王子神谷,208100,JR京浜東北・根岸線「東十条」駅,16.0,17.0,,,,北区豊島8-27,2号棟,鉄筋コンクリート造,5,N,507号室,3LDK,80,14,203900,4200,2か月,['近居割'],随時,https://www.ur-net.go.jp/chintai/kanto/tokyo/20_6000_room.html?JKSS=000020507,<li>東京メトロ南北線「王子神谷」駅 徒歩6～7分</li><li>JR京浜東北・根岸線「東十条」駅 徒歩16～17分</li>
tokyo,oji,フレーシェル王子神谷,208100,,,,,,,北区豊島8-27,2号棟,鉄筋コンクリート造,5,N,507号室,3LDK,80,14,203900,4200,2か月,['近居割'],随時,https://www.ur-net.go.jp/chintai/kanto/tokyo/20_6000_room.html?JKSS=000020507,<li>東京メトロ南北線「王子神谷」駅 徒歩6～7分</li><li>JR京浜東北・根岸線「東十条」駅 徒歩16～17分</li>
tokyo,takashimadaira,高島平,100200,都営三田線「高島平」駅,2.0,11.0,,,,板橋区高島平2ほか,2-33-5号棟,鉄筋コンクリート造,2,N,203号室,2DK,46,12,96000,4200,2か月,['URライト（5年定借）'],随時,https://www.ur-net.go.jp/chintai/kanto/tokyo/20_2250_room.html?JKSS=233050203,<li>都営三田線「高島平」駅 徒歩2～11分</li><li>都営三田線「新高島平」駅 徒歩4～22分</li>
tokyo,takashimadaira,高島平,100200,都営三田線「新高島平」駅,4.0,22.0,,,,板橋区高島平2ほか,2-33-5号棟,鉄筋コンクリート造,2,N,203号室,2DK,46,12,96000,4200,2か月,['URライト（5年定借）'],随時,https://www.ur-net.go.jp/chintai/kanto/tokyo/20_2250_room.html?JKSS=233050203,<li>都営三田線「高島平」駅 徒歩2～11分</li><li>都営三田線「新高島平」駅 徒歩4～22分</li>
tokyo,takashimadaira,高島平,100200,,,,,,,板橋区高島平2ほか,2-33-5号棟,鉄筋コンクリート造,2,N,203号室,2DK,46,12,96000,4200,2か月,['URライト（5年定借）'],随時,https://www.ur-net.go.jp/chintai/kanto/tokyo/20_2250_room.html?JKSS=233050203,<li>都営三田線「高島平」駅 徒歩2～11分</li><li>都営三田線「新高島平」駅 徒歩4～22分</li>
tokyo,hikarigaoka,光が丘パークタウン ゆりの木通り北,142800,東京メトロ有楽町線「地下鉄赤塚」駅,6.0,9.0,,,,板橋区赤塚新町3-32,12号棟,鉄骨鉄筋コンクリート造,4,N,407号室,2LDK,61,5,136600,6200,2か月,"['近居割', '近居割WIDE']",随時,https://www.ur-net.go.jp/chintai/kanto/tokyo/20_3470_room.html?JKSS=000120407,<li>東京メトロ有楽町線「地下鉄赤塚」駅 徒歩6～9分</li><li>東武東上線「下赤塚」駅 徒歩9～12分</li><li>都営大江戸線「光が丘」駅 徒歩23～25分</li>
tokyo,hikarigaoka,光が丘パークタウン ゆりの木通り北,142800,東武東上線「下赤塚」駅,9.0,12.0,,,,板橋区赤塚新町3-32,12号棟,鉄骨鉄筋コンクリート造,4,N,407号室,2LDK,61,5,136600,6200,2か月,"['近居割', '近居割WIDE']",随時,https://www.ur-net.go.jp/chintai/kanto/tokyo/20_3470_room.html?JKSS=000120407,<li>東京メトロ有楽町線「地下鉄赤塚」駅 徒歩6～9分</li><li>東武東上線「下赤塚」駅 徒歩9～12分</li><li>都営大江戸線「光が丘」駅 徒歩23～25分</li>
tokyo,hikarigaoka,光が丘パークタウン ゆりの木通り北,142800,都営大江戸線「光が丘」駅,23.0,25.0,,,,板橋区赤塚新町3-32,12号棟,鉄骨鉄筋コンクリート造,4,N,407号室,2LDK,61,5,136600,6200,2か月,"['近居割', '近居割WIDE']",随時,https://www.ur-net.go.jp/chintai/kanto/tokyo/20_3470_room.html?JKSS=000120407,<li>東京メトロ有楽町線「地下鉄赤塚」駅 徒歩6～9分</li><li>東武東上線「下赤塚」駅 徒歩9～12分</li><li>都営大江戸線「光が丘」駅 徒歩23～25分</li>
tokyo,hikarigaoka,光が丘パークタウン ゆりの木通り北,142800,,,,,,,板橋区赤塚新町3-32,12号棟,鉄骨鉄筋コンクリート造,4,N,407号室,2LDK,61,5,136600,6200,2か月,"['近居割', '近居割WIDE']",随時,https://www.ur-net.go.jp/chintai/kanto/tokyo/20_3470_room.html?JKSS=000120407,<li>東京メトロ有楽町線「地下鉄赤塚」駅 徒歩6～9分</li><li>東武東上線「下赤塚」駅 徒歩9～12分</li><li>都営大江戸線「光が丘」駅 徒歩23～25分</li>
tokyo,hikarigaoka,アーバンライフゆりの木通り東,207500,東京メトロ有楽町線「地下鉄赤塚」駅,3.0,4.0,,,,練馬区田柄2-42、板橋区赤塚新町3-34,3-34-1号棟,鉄筋コンクリート造,4,N,401号室,3LDK,82,5,201500,6000,2か月,"['近居割', '近居割WIDE']",随時,https://www.ur-net.go.jp/chintai/kanto/tokyo/20_4590_room.html?JKSS=334010401,<li>東京メトロ有楽町線「地下鉄赤塚」駅 徒歩3～4分</li><li>東武東上線「下赤塚」駅 徒歩6～7分</li><li>都営大江戸線「光が丘」駅 徒歩24～25分</li>
tokyo,hikarigaoka,アーバンライフゆりの木通り東,207500,東武東上線「下赤塚」駅,6.0,7.0,,,,練馬区田柄2-42、板橋区赤塚新町3-34,3-34-1号棟,鉄筋コンクリート造,4,N,401号室,3LDK,82,5,201500,6000,2か月,"['近居割', '近居割WIDE']",随時,https://www.ur-net.go.jp/chintai/kanto/tokyo/20_4590_room.html?JKSS=334010401,<li>東京メトロ有楽町線「地下鉄赤塚」駅 徒歩3～4分</li><li>東武東上線「下赤塚」駅 徒歩6～7分</li><li>都営大江戸線「光が丘」駅 徒歩24～25分</li>
tokyo,hikarigaoka,アーバンライフゆりの木通り東,207500,都営大江戸線「光が丘」駅,24.0,25.0,,,,練馬区田柄2-42、板橋区赤塚新町3-34,3-34-1号棟,鉄筋コンクリート造,4,N,401号室,3LDK,82,5,201500,6000,2か月,"['近居割', '近居割WIDE']",随時,https://www.ur-net.go.jp/chintai/kanto/tokyo/20_4590_room.html?JKSS=334010401,<li>東京メトロ有楽町線「地下鉄赤塚」駅 徒歩3～4分</li><li>東武東上線「下赤塚」駅 徒歩6～7分</li><li>都営大江戸線「光が丘」駅 徒歩24～25分</li>
tokyo,hikarigaoka,アーバンライフゆりの木通り東,207500,,,,,,,練馬区田柄2-42、板橋区赤塚新町3-34,3-34-1号棟,鉄筋コンクリート造,4,N,401号室,3LDK,82,5,201500,6000,2か月,"['近居割', '近居割WIDE']",随時,https://www.ur-net.go.jp/chintai/kanto/tokyo/20_4590_room.html?JKSS=334010401,<li>東京メトロ有楽町線「地下鉄赤塚」駅 徒歩3～4分</li><li>東武東上線「下赤塚」駅 徒歩6～7分</li><li>都営大江戸線「光が丘」駅 徒歩24～25分</li>
tokyo,hikarigaoka,アーバンライフゆりの木通り東,273500,東京メトロ有楽町線「地下鉄赤塚」駅,3.0,4.0,,,,練馬区田柄2-42、板橋区赤塚新町3-34,3-34-4号棟,鉄筋コンクリート造,4,N,404A号室,4LDK,116,5,267500,6000,2か月,"['近居割', '近居割WIDE']",随時,https://www.ur-net.go.jp/chintai/kanto/tokyo/20_4590_room.html?JKSS=33404404A,<li>東京メトロ有楽町線「地下鉄赤塚」駅 徒歩3～4分</li><li>東武東上線「下赤塚」駅 徒歩6～7分</li><li>都営大江戸線「光が丘」駅 徒歩24～25分</li>
tokyo,hikarigaoka,アーバンライフゆりの木通り東,273500,東武東上線「下赤塚」駅,6.0,7.0,,,,練馬区田柄2-42、板橋区赤塚新町3-34,3-34-4号棟,鉄筋コンクリート造,4,N,404A号室,4LDK,116,5,267500,6000,2か月,"['近居割', '近居割WIDE']",随時,https://www.ur-net.go.jp/chintai/kanto/tokyo/20_4590_room.html?JKSS=33404404A,<li>東京メトロ有楽町線「地下鉄赤塚」駅 徒歩3～4分</li><li>東武東上線「下赤塚」駅 徒歩6～7分</li><li>都営大江戸線「光が丘」駅 徒歩24～25分</li>
tokyo,hikarigaoka,アーバンライフゆりの木通り東,273500,都営大江戸線「光が丘」駅,24.0,25.0,,,,練馬区田柄2-42、板橋区赤塚新町3-34,3-34-4号棟,鉄筋コンクリート造,4,N,404A号室,4LDK,116,5,267500,6000,2か月,"['近居割', '近居割WIDE']",随時,https://www.ur-net.go.jp/chintai/kanto/tokyo/20_4590_room.html?JKSS=33404404A,<li>東京メトロ有楽町線「地下鉄赤塚」駅 徒歩3～4分</li><li>東武東上線「下赤塚」駅 徒歩6～7分</li><li>都営大江戸線「光が丘」駅 徒歩24～25分</li>
tokyo,hikarigaoka,アーバンライフゆりの木通り東,273500,,,,,,,練馬区田柄2-42、板橋区赤塚新町3-34,3-34-4号棟,鉄筋コンクリート造,4,N,404A号室,4LDK,116,5,267500,6000,2か月,"['近居割', '近居割WIDE']",随時,https://www.ur-net.go.jp/chintai/kanto/tokyo/20_4590_room.html?JKSS=33404404A,<li>東京メトロ有楽町線「地下鉄赤塚」駅 徒歩3～4分</li><li>東武東上線「下赤塚」駅 徒歩6～7分</li><li>都営大江戸線「光が丘」駅 徒歩24～25分</li>
tokyo,hachioji,館ヶ丘,51700,,,,JR中央線「高尾」駅,8.0,18.0,八王子市館町1097,1-12号棟,鉄筋コンクリート造,5,N,513号室,2DK,42,5,47200,4500,2か月,"['近居割', '近居割WIDE']",随時,https://www.ur-net.go.jp/chintai/kanto/tokyo/20_2600_room.html?JKSS=001120513,<li>JR中央線「高尾」駅バス7分 徒歩1～11分</li><li>京王高尾線「高尾」駅バス7分 徒歩1～11分</li><li>JR中央本線「高尾」駅 徒歩29～38分</li>
tokyo,hachioji,館ヶ丘,51700,,,,京王高尾線「高尾」駅,8.0,18.0,八王子市館町1097,1-12号棟,鉄筋コンクリート造,5,N,513号室,2DK,42,5,47200,4500,2か月,"['近居割', '近居割WIDE']",随時,https://www.ur-net.go.jp/chintai/kanto/tokyo/20_2600_room.html?JKSS=001120513,<li>JR中央線「高尾」駅バス7分 徒歩1～11分</li><li>京王高尾線「高尾」駅バス7分 徒歩1～11分</li><li>JR中央本線「高尾」駅 徒歩29～38分</li>
tokyo,hachioji,館ヶ丘,51700,JR中央本線「高尾」駅,29.0,38.0,,,,八王子市館町1097,1-12号棟,鉄筋コンクリート造,5,N,513号室,2DK,42,5,47200,4500,2か月,"['近居割', '近居割WIDE']",随時,https://www.ur-net.go.jp/chintai/kanto/tokyo/20_2600_room.html?JKSS=001120513,<li>JR中央線「高尾」駅バス7分 徒歩1～11分</li><li>京王高尾線「高尾」駅バス7分 徒歩1～11分</li><li>JR中央本線「高尾」駅 徒歩29～38分</li>
tokyo,hachioji,館ヶ丘,51700,,,,,,,八王子市館町1097,1-12号棟,鉄筋コンクリート造,5,N,513号室,2DK,42,5,47200,4500,2か月,"['近居割', '近居割WIDE']",随時,https://www.ur-net.go.jp/chintai/kanto/tokyo/20_2600_room.html?JKSS=001120513,<li>JR中央線「高尾」駅バス7分 徒歩1～11分</li><li>京王高尾線「高尾」駅バス7分 徒歩1～11分</li><li>JR中央本線「高尾」駅 徒歩29～38分</li>
tokyo,hachioji,館ヶ丘,57500,,,,JR中央線「高尾」駅,8.0,18.0,八王子市館町1097,1-14号棟,鉄筋コンクリート造,2,N,210号室,2DK,42,5,53000,4500,2か月,['健康寿命サポート'],随時,https://www.ur-net.go.jp/chintai/kanto/tokyo/20_2600_room.html?JKSS=001140210,<li>JR中央線「高尾」駅バス7分 徒歩1～11分</li><li>京王高尾線「高尾」駅バス7分 徒歩1～11分</li><li>JR中央本線「高尾」駅 徒歩29～38分</li>
tokyo,hachioji,館ヶ丘,57500,,,,京王高尾線「高尾」駅,8.0,18.0,八王子市館町1097,1-14号棟,鉄筋コンクリート造,2,N,210号室,2DK,42,5,53000,4500,2か月,['健康寿命サポート'],随時,https://www.ur-net.go.jp/chintai/kanto/tokyo/20_2600_room.html?JKSS=001140210,<li>JR中央線「高尾」駅バス7分 徒歩1～11分</li><li>京王高尾線「高尾」駅バス7分 徒歩1～11分</li><li>JR中央本線「高尾」駅 徒歩29～38分</li>
tokyo,hachioji,館ヶ丘,57500,JR中央本線「高尾」駅,29.0,38.0,,,,八王子市館町1097,1-14号棟,鉄筋コンクリート造,2,N,210号室,2DK,42,5,53000,4500,2か月,['健康寿命サポート'],随時,https://www.ur-net.go.jp/chintai/kanto/tokyo/20_2600_room.html?JKSS=001140210,<li>JR中央線「高尾」駅バス7分 徒歩1～11分</li><li>京王高尾線「高尾」駅バス7分 徒歩1～11分</li><li>JR中央本線「高尾」駅 徒歩29～38分</li>
tokyo,hachioji,館ヶ丘,57500,,,,,,,八王子市館町1097,1-14号棟,鉄筋コンクリート造,2,N,210号室,2DK,42,5,53000,4500,2か月,['健康寿命サポート'],随時,https://www.ur-net.go.jp/chintai/kanto/tokyo/20_2600_room.html?JKSS=001140210,<li>JR中央線「高尾」駅バス7分 徒歩1～11分</li><li>京王高尾線「高尾」駅バス7分 徒歩1～11分</li><li>JR中央本線「高尾」駅 徒歩29～38分</li>
tokyo,hachioji,館ヶ丘,60700,,,,JR中央線「高尾」駅,8.0,18.0,八王子市館町1097,3-2号棟,鉄筋コンクリート造,3,N,309号室,3K,48,5,56200,4500,2か月,"['近居割', '近居割WIDE']",随時,https://www.ur-net.go.jp/chintai/kanto/tokyo/20_2600_room.html?JKSS=003020309,<li>JR中央線「高尾」駅バス7分 徒歩1～11分</li><li>京王高尾線「高尾」駅バス7分 徒歩1～11分</li><li>JR中央本線「高尾」駅 徒歩29～38分</li>
tokyo,hachioji,館ヶ丘,60700,,,,京王高尾線「高尾」駅,8.0,18.0,八王子市館町1097,3-2号棟,鉄筋コンクリート造,3,N,309号室,3K,48,5,56200,4500,2か月,"['近居割', '近居割WIDE']",随時,https://www.ur-net.go.jp/chintai/kanto/tokyo/20_2600_room.html?JKSS=003020309,<li>JR中央線「高尾」駅バス7分 徒歩1～11分</li><li>京王高尾線「高尾」駅バス7分 徒歩1～11分</li><li>JR中央本線「高尾」駅 徒歩29～38分</li>
tokyo,hachioji,館ヶ丘,60700,JR中央本線「高尾」駅,29.0,38.0,,,,八王子市館町1097,3-2号棟,鉄筋コンクリート造,3,N,309号室,3K,48,5,56200,4500,2か月,"['近居割', '近居割WIDE']",随時,https://www.ur-net.go.jp/chintai/kanto/tokyo/20_2600_room.html?JKSS=003020309,<li>JR中央線「高尾」駅バス7分 徒歩1～11分</li><li>京王高尾線「高尾」駅バス7分 徒歩1～11分</li><li>JR中央本線「高尾」駅 徒歩29～38分</li>
tokyo,hachioji,館ヶ丘,60700,,,,,,,八王子市館町1097,3-2号棟,鉄筋コンクリート造,3,N,309号室,3K,48,5,56200,4500,2か月,"['近居割', '近居割WIDE']",随時,https://www.ur-net.go.jp/chintai/kanto/tokyo/20_2600_room.html?JKSS=003020309,<li>JR中央線「高尾」駅バス7分 徒歩1～11分</li><li>京王高尾線「高尾」駅バス7分 徒歩1～11分</li><li>JR中央本線「高尾」駅 徒歩29～38分</li>
tokyo,hachioji,館ヶ丘,60700,,,,JR中央線「高尾」駅,8.0,18.0,八王子市館町1097,3-3号棟,鉄筋コンクリート造,4,N,407号室,3K,48,5,56200,4500,2か月,"['近居割', '近居割WIDE']",随時,https://www.ur-net.go.jp/chintai/kanto/tokyo/20_2600_room.html?JKSS=003030407,<li>JR中央線「高尾」駅バス7分 徒歩1～11分</li><li>京王高尾線「高尾」駅バス7分 徒歩1～11分</li><li>JR中央本線「高尾」駅 徒歩29～38分</li>
tokyo,hachioji,館ヶ丘,60700,,,,京王高尾線「高尾」駅,8.0,18.0,八王子市館町1097,3-3号棟,鉄筋コンクリート造,4,N,407号室,3K,48,5,56200,4500,2か月,"['近居割', '近居割WIDE']",随時,https://www.ur-net.go.jp/chintai/kanto/tokyo/20_2600_room.html?JKSS=003030407,<li>JR中央線「高尾」駅バス7分 徒歩1～11分</li><li>京王高尾線「高尾」駅バス7分 徒歩1～11分</li><li>JR中央本線「高尾」駅 徒歩29～38分</li>
tokyo,hachioji,館ヶ丘,60700,JR中央本線「高尾」駅,29.0,38.0,,,,八王子市館町1097,3-3号棟,鉄筋コンクリート造,4,N,407号室,3K,48,5,56200,4500,2か月,"['近居割', '近居割WIDE']",随時,https://www.ur-net.go.jp/chintai/kanto/tokyo/20_2600_room.html?JKSS=003030407,<li>JR中央線「高尾」駅バス7分 徒歩1～11分</li><li>京王高尾線「高尾」駅バス7分 徒歩1～11分</li><li>JR中央本線「高尾」駅 徒歩29～38分</li>
tokyo,hachioji,館ヶ丘,60700,,,,,,,八王子市館町1097,3-3号棟,鉄筋コンクリート造,4,N,407号室,3K,48,5,56200,4500,2か月,"['近居割', '近居割WIDE']",随時,https://www.ur-net.go.jp/chintai/kanto/tokyo/20_2600_room.html?JKSS=003030407,<li>JR中央線「高尾」駅バス7分 徒歩1～11分</li><li>京王高尾線「高尾」駅バス7分 徒歩1～11分</li><li>JR中央本線「高尾」駅 徒歩29～38分</li>
tokyo,hachioji,館ヶ丘,60700,,,,JR中央線「高尾」駅,8.0,18.0,八王子市館町1097,3-6号棟,鉄筋コンクリート造,3,N,309号室,3K,48,5,56200,4500,2か月,"['近居割', '近居割WIDE']",随時,https://www.ur-net.go.jp/chintai/kanto/tokyo/20_2600_room.html?JKSS=003060309,<li>JR中央線「高尾」駅バス7分 徒歩1～11分</li><li>京王高尾線「高尾」駅バス7分 徒歩1～11分</li><li>JR中央本線「高尾」駅 徒歩29～38分</li>
tokyo,hachioji,館ヶ丘,60700,,,,京王高尾線「高尾」駅,8.0,18.0,八王子市館町1097,3-6号棟,鉄筋コンクリート造,3,N,309号室,3K,48,5,56200,4500,2か月,"['近居割', '近居割WIDE']",随時,https://www.ur-net.go.jp/chintai/kanto/tokyo/20_2600_room.html?JKSS=003060309,<li>JR中央線「高尾」駅バス7分 徒歩1～11分</li><li>京王高尾線「高尾」駅バス7分 徒歩1～11分</li><li>JR中央本線「高尾」駅 徒歩29～38分</li>
tokyo,hachioji,館ヶ丘,60700,JR中央本線「高尾」駅,29.0,38.0,,,,八王子市館町1097,3-6号棟,鉄筋コンクリート造,3,N,309号室,3K,48,5,56200,4500,2か月,"['近居割', '近居割WIDE']",随時,https://www.ur-net.go.jp/chintai/kanto/tokyo/20_2600_room.html?JKSS=003060309,<li>JR中央線「高尾」駅バス7分 徒歩1～11分</li><li>京王高尾線「高尾」駅バス7分 徒歩1～11分</li><li>JR中央本線「高尾」駅 徒歩29～38分</li>
tokyo,hachioji,館ヶ丘,60700,,,,,,,八王子市館町1097,3-6号棟,鉄筋コンクリート造,3,N,309号室,3K,48,5,56200,4500,2か月,"['近居割', '近居割WIDE']",随時,https://www.ur-net.go.jp/chintai/kanto/tokyo/20_2600_room.html?JKSS=003060309,<li>JR中央線「高尾」駅バス7分 徒歩1～11分</li><li>京王高尾線「高尾」駅バス7分 徒歩1～11分</li><li>JR中央本線「高尾」駅 徒歩29～38分</li>
tokyo,hachioji,グリーンヒル寺田,78300,,,,京王高尾線「めじろ台」駅,7.0,13.0,八王子市寺田町432,99号棟,鉄筋コンクリート造、鉄骨鉄筋コンクリート造,7,N,702号室,3DK,70,8,73400,4900,2か月,"['近居割', '近居割WIDE']",随時,https://www.ur-net.go.jp/chintai/kanto/tokyo/20_3370_room.html?JKSS=000990702,<li>京王高尾線「めじろ台」駅バス6分 徒歩1～7分</li><li>JR中央線「西八王子」駅バス17分 徒歩1～7分</li><li>JR横浜線「八王子みなみ野」駅バス12分 徒歩1～7分</li>
tokyo,hachioji,グリーンヒル寺田,78300,,,,JR中央線「西八王子」駅,18.0,24.0,八王子市寺田町432,99号棟,鉄筋コンクリート造、鉄骨鉄筋コンクリート造,7,N,702号室,3DK,70,8,73400,4900,2か月,"['近居割', '近居割WIDE']",随時,https://www.ur-net.go.jp/chintai/kanto/tokyo/20_3370_room.html?JKSS=000990702,<li>京王高尾線「めじろ台」駅バス6分 徒歩1～7分</li><li>JR中央線「西八王子」駅バス17分 徒歩1～7分</li><li>JR横浜線「八王子みなみ野」駅バス12分 徒歩1～7分</li>
tokyo,hachioji,グリーンヒル寺田,78300,,,,JR横浜線「八王子みなみ野」駅,13.0,19.0,八王子市寺田町432,99号棟,鉄筋コンクリート造、鉄骨鉄筋コンクリート造,7,N,702号室,3DK,70,8,73400,4900,2か月,"['近居割', '近居割WIDE']",随時,https://www.ur-net.go.jp/chintai/kanto/tokyo/20_3370_room.html?JKSS=000990702,<li>京王高尾線「めじろ台」駅バス6分 徒歩1～7分</li><li>JR中央線「西八王子」駅バス17分 徒歩1～7分</li><li>JR横浜線「八王子みなみ野」駅バス12分 徒歩1～7分</li>
tokyo,hachioji,グリーンヒル寺田,78300,,,,,,,八王子市寺田町432,99号棟,鉄筋コンクリート造、鉄骨鉄筋コンクリート造,7,N,702号室,3DK,70,8,73400,4900,2か月,"['近居割', '近居割WIDE']",随時,https://www.ur-net.go.jp/chintai/kanto/tokyo/20_3370_room.html?JKSS=000990702,<li>京王高尾線「めじろ台」駅バス6分 徒歩1～7分</li><li>JR中央線「西八王子」駅バス17分 徒歩1～7分</li><li>JR横浜線「八王子みなみ野」駅バス12分 徒歩1～7分</li>
tokyo,hachioji,グリーンヒル寺田,79800,,,,京王高尾線「めじろ台」駅,7.0,13.0,八王子市寺田町432,99号棟,鉄筋コンクリート造、鉄骨鉄筋コンクリート造,7,N,701号室,3DK,68,8,74900,4900,2か月,"['近居割', '近居割WIDE']",随時,https://www.ur-net.go.jp/chintai/kanto/tokyo/20_3370_room.html?JKSS=000990701,<li>京王高尾線「めじろ台」駅バス6分 徒歩1～7分</li><li>JR中央線「西八王子」駅バス17分 徒歩1～7分</li><li>JR横浜線「八王子みなみ野」駅バス12分 徒歩1～7分</li>
tokyo,hachioji,グリーンヒル寺田,79800,,,,JR中央線「西八王子」駅,18.0,24.0,八王子市寺田町432,99号棟,鉄筋コンクリート造、鉄骨鉄筋コンクリート造,7,N,701号室,3DK,68,8,74900,4900,2か月,"['近居割', '近居割WIDE']",随時,https://www.ur-net.go.jp/chintai/kanto/tokyo/20_3370_room.html?JKSS=000990701,<li>京王高尾線「めじろ台」駅バス6分 徒歩1～7分</li><li>JR中央線「西八王子」駅バス17分 徒歩1～7分</li><li>JR横浜線「八王子みなみ野」駅バス12分 徒歩1～7分</li>
tokyo,hachioji,グリーンヒル寺田,79800,,,,JR横浜線「八王子みなみ野」駅,13.0,19.0,八王子市寺田町432,99号棟,鉄筋コンクリート造、鉄骨鉄筋コンクリート造,7,N,701号室,3DK,68,8,74900,4900,2か月,"['近居割', '近居割WIDE']",随時,https://www.ur-net.go.jp/chintai/kanto/tokyo/20_3370_room.html?JKSS=000990701,<li>京王高尾線「めじろ台」駅バス6分 徒歩1～7分</li><li>JR中央線「西八王子」駅バス17分 徒歩1～7分</li><li>JR横浜線「八王子みなみ野」駅バス12分 徒歩1～7分</li>
tokyo,hachioji,グリーンヒル寺田,79800,,,,,,,八王子市寺田町432,99号棟,鉄筋コンクリート造、鉄骨鉄筋コンクリート造,7,N,701号室,3DK,68,8,74900,4900,2か月,"['近居割', '近居割WIDE']",随時,https://www.ur-net.go.jp/chintai/kanto/tokyo/20_3370_room.html?JKSS=000990701,<li>京王高尾線「めじろ台」駅バス6分 徒歩1～7分</li><li>JR中央線「西八王子」駅バス17分 徒歩1～7分</li><li>JR横浜線「八王子みなみ野」駅バス12分 徒歩1～7分</li>
tokyo,hachioji,八王子パークヒル 宇津木台,91800,JR八高線「小宮」駅,11.0,16.0,,,,八王子市久保山町2ほか,,鉄筋コンクリート造,5,N,511号室,1LDK,51,9,87600,4200,2か月,['近居割'],随時,https://www.ur-net.go.jp/chintai/kanto/tokyo/20_4080_room.html?JKSS=109010511,<li>JR八高線「小宮」駅 徒歩11～16分</li><li>JR中央線「日野」駅バス13分 徒歩3～5分</li><li>JR中央線「八王子」・京王線「京王八王子」駅バス22～24分 徒歩3～5分</li>
tokyo,hachioji,八王子パークヒル 宇津木台,91800,,,,JR中央線「日野」駅,16.0,18.0,八王子市久保山町2ほか,,鉄筋コンクリート造,5,N,511号室,1LDK,51,9,87600,4200,2か月,['近居割'],随時,https://www.ur-net.go.jp/chintai/kanto/tokyo/20_4080_room.html?JKSS=109010511,<li>JR八高線「小宮」駅 徒歩11～16分</li><li>JR中央線「日野」駅バス13分 徒歩3～5分</li><li>JR中央線「八王子」・京王線「京王八王子」駅バス22～24分 徒歩3～5分</li>
tokyo,hachioji,八王子パークヒル 宇津木台,91800,,,,JR中央線「八王子」・京王線「京王八王子」駅,25.0,29.0,八王子市久保山町2ほか,,鉄筋コンクリート造,5,N,511号室,1LDK,51,9,87600,4200,2か月,['近居割'],随時,https://www.ur-net.go.jp/chintai/kanto/tokyo/20_4080_room.html?JKSS=109010511,<li>JR八高線「小宮」駅 徒歩11～16分</li><li>JR中央線「日野」駅バス13分 徒歩3～5分</li><li>JR中央線「八王子」・京王線「京王八王子」駅バス22～24分 徒歩3～5分</li>
tokyo,hachioji,八王子パークヒル 宇津木台,91800,,,,,,,八王子市久保山町2ほか,,鉄筋コンクリート造,5,N,511号室,1LDK,51,9,87600,4200,2か月,['近居割'],随時,https://www.ur-net.go.jp/chintai/kanto/tokyo/20_4080_room.html?JKSS=109010511,<li>JR八高線「小宮」駅 徒歩11～16分</li><li>JR中央線「日野」駅バス13分 徒歩3～5分</li><li>JR中央線「八王子」・京王線「京王八王子」駅バス22～24分 徒歩3～5分</li>
tokyo,hachioji,八王子パークヒル 宇津木台,93300,JR八高線「小宮」駅,11.0,16.0,,,,八王子市久保山町2ほか,3号棟,鉄筋コンクリート造,5,N,506号室,3LDK,75,5,89600,3700,2か月,['近居割'],随時,https://www.ur-net.go.jp/chintai/kanto/tokyo/20_4080_room.html?JKSS=002030506,<li>JR八高線「小宮」駅 徒歩11～16分</li><li>JR中央線「日野」駅バス13分 徒歩3～5分</li><li>JR中央線「八王子」・京王線「京王八王子」駅バス22～24分 徒歩3～5分</li>
tokyo,hachioji,八王子パークヒル 宇津木台,93300,,,,JR中央線「日野」駅,16.0,18.0,八王子市久保山町2ほか,3号棟,鉄筋コンクリート造,5,N,506号室,3LDK,75,5,89600,3700,2か月,['近居割'],随時,https://www.ur-net.go.jp/chintai/kanto/tokyo/20_4080_room.html?JKSS=002030506,<li>JR八高線「小宮」駅 徒歩11～16分</li><li>JR中央線「日野」駅バス13分 徒歩3～5分</li><li>JR中央線「八王子」・京王線「京王八王子」駅バス22～24分 徒歩3～5分</li>
tokyo,hachioji,八王子パークヒル 宇津木台,93300,,,,JR中央線「八王子」・京王線「京王八王子」駅,25.0,29.0,八王子市久保山町2ほか,3号棟,鉄筋コンクリート造,5,N,506号室,3LDK,75,5,89600,3700,2か月,['近居割'],随時,https://www.ur-net.go.jp/chintai/kanto/tokyo/20_4080_room.html?JKSS=002030506,<li>JR八高線「小宮」駅 徒歩11～16分</li><li>JR中央線「日野」駅バス13分 徒歩3～5分</li><li>JR中央線「八王子」・京王線「京王八王子」駅バス22～24分 徒歩3～5分</li>
tokyo,hachioji,八王子パークヒル 宇津木台,93300,,,,,,,八王子市久保山町2ほか,3号棟,鉄筋コンクリート造,5,N,506号室,3LDK,75,5,89600,3700,2か月,['近居割'],随時,https://www.ur-net.go.jp/chintai/kanto/tokyo/20_4080_room.html?JKSS=002030506,<li>JR八高線「小宮」駅 徒歩11～16分</li><li>JR中央線「日野」駅バス13分 徒歩3～5分</li><li>JR中央線「八王子」・京王線「京王八王子」駅バス22～24分 徒歩3～5分</li>
tokyo,hachioji,八王子パークヒル 宇津木台,138700,JR八高線「小宮」駅,11.0,16.0,,,,八王子市久保山町2ほか,154号棟,鉄筋コンクリート造,6,N,606号室,4LDK,96,7,134500,4200,2か月,['近居割'],随時,https://www.ur-net.go.jp/chintai/kanto/tokyo/20_4080_room.html?JKSS=191540606,<li>JR八高線「小宮」駅 徒歩11～16分</li><li>JR中央線「日野」駅バス13分 徒歩3～5分</li><li>JR中央線「八王子」・京王線「京王八王子」駅バス22～24分 徒歩3～5分</li>
tokyo,hachioji,八王子パークヒル 宇津木台,138700,,,,JR中央線「日野」駅,16.0,18.0,八王子市久保山町2ほか,154号棟,鉄筋コンクリート造,6,N,606号室,4LDK,96,7,134500,4200,2か月,['近居割'],随時,https://www.ur-net.go.jp/chintai/kanto/tokyo/20_4080_room.html?JKSS=191540606,<li>JR八高線「小宮」駅 徒歩11～16分</li><li>JR中央線「日野」駅バス13分 徒歩3～5分</li><li>JR中央線「八王子」・京王線「京王八王子」駅バス22～24分 徒歩3～5分</li>
tokyo,hachioji,八王子パークヒル 宇津木台,138700,,,,JR中央線「八王子」・京王線「京王八王子」駅,25.0,29.0,八王子市久保山町2ほか,154号棟,鉄筋コンクリート造,6,N,606号室,4LDK,96,7,134500,4200,2か月,['近居割'],随時,https://www.ur-net.go.jp/chintai/kanto/tokyo/20_4080_room.html?JKSS=191540606,<li>JR八高線「小宮」駅 徒歩11～16分</li><li>JR中央線「日野」駅バス13分 徒歩3～5分</li><li>JR中央線「八王子」・京王線「京王八王子」駅バス22～24分 徒歩3～5分</li>
tokyo,hachioji,八王子パークヒル 宇津木台,138700,,,,,,,八王子市久保山町2ほか,154号棟,鉄筋コンクリート造,6,N,606号室,4LDK,96,7,134500,4200,2か月,['近居割'],随時,https://www.ur-net.go.jp/chintai/kanto/tokyo/20_4080_room.html?JKSS=191540606,<li>JR八高線「小宮」駅 徒歩11～16分</li><li>JR中央線「日野」駅バス13分 徒歩3～5分</li><li>JR中央線「八王子」・京王線「京王八王子」駅バス22～24分 徒歩3～5分</li>
tokyo,minamiosawa,多摩ニュータウン 南大沢学園四番街,122300,京王相模原線「南大沢」駅,14.0,15.0,京王相模原線「南大沢」駅,14.0,15.0,八王子市上柚木3-10,3号棟,鉄筋コンクリート造,7,N,706号室,3LDK,75,8,117500,4800,2か月,"['近居割', '近居割WIDE']",随時,https://www.ur-net.go.jp/chintai/kanto/tokyo/20_5280_room.html?JKSS=310030706,<li>京王相模原線「南大沢」駅 徒歩14～15分 またはバス9分 徒歩5～6分</li><li>京王線「聖蹟桜ヶ丘」駅バス28分 徒歩8～9分</li><li>京王相模原線「多摩境」駅 徒歩24～26分</li>
tokyo,minamiosawa,多摩ニュータウン 南大沢学園四番街,122300,,,,京王線「聖蹟桜ヶ丘」駅,36.0,37.0,八王子市上柚木3-10,3号棟,鉄筋コンクリート造,7,N,706号室,3LDK,75,8,117500,4800,2か月,"['近居割', '近居割WIDE']",随時,https://www.ur-net.go.jp/chintai/kanto/tokyo/20_5280_room.html?JKSS=310030706,<li>京王相模原線「南大沢」駅 徒歩14～15分 またはバス9分 徒歩5～6分</li><li>京王線「聖蹟桜ヶ丘」駅バス28分 徒歩8～9分</li><li>京王相模原線「多摩境」駅 徒歩24～26分</li>
tokyo,minamiosawa,多摩ニュータウン 南大沢学園四番街,122300,京王相模原線「多摩境」駅,24.0,26.0,,,,八王子市上柚木3-10,3号棟,鉄筋コンクリート造,7,N,706号室,3LDK,75,8,117500,4800,2か月,"['近居割', '近居割WIDE']",随時,https://www.ur-net.go.jp/chintai/kanto/tokyo/20_5280_room.html?JKSS=310030706,<li>京王相模原線「南大沢」駅 徒歩14～15分 またはバス9分 徒歩5～6分</li><li>京王線「聖蹟桜ヶ丘」駅バス28分 徒歩8～9分</li><li>京王相模原線「多摩境」駅 徒歩24～26分</li>
tokyo,minamiosawa,多摩ニュータウン 南大沢学園四番街,122300,,,,,,,八王子市上柚木3-10,3号棟,鉄筋コンクリート造,7,N,706号室,3LDK,75,8,117500,4800,2か月,"['近居割', '近居割WIDE']",随時,https://www.ur-net.go.jp/chintai/kanto/tokyo/20_5280_room.html?JKSS=310030706,<li>京王相模原線「南大沢」駅 徒歩14～15分 またはバス9分 徒歩5～6分</li><li>京王線「聖蹟桜ヶ丘」駅バス28分 徒歩8～9分</li><li>京王相模原線「多摩境」駅 徒歩24～26分</li>
tokyo,minamiosawa,多摩ニュータウン 南大沢学園四番街,127300,京王相模原線「南大沢」駅,14.0,15.0,京王相模原線「南大沢」駅,14.0,15.0,八王子市上柚木3-10,3号棟,鉄筋コンクリート造,5,N,502号室,3LDK,82,8,122500,4800,2か月,"['近居割', '近居割WIDE']",随時,https://www.ur-net.go.jp/chintai/kanto/tokyo/20_5280_room.html?JKSS=310030502,<li>京王相模原線「南大沢」駅 徒歩14～15分 またはバス9分 徒歩5～6分</li><li>京王線「聖蹟桜ヶ丘」駅バス28分 徒歩8～9分</li><li>京王相模原線「多摩境」駅 徒歩24～26分</li>
tokyo,minamiosawa,多摩ニュータウン 南大沢学園四番街,127300,,,,京王線「聖蹟桜ヶ丘」駅,36.0,37.0,八王子市上柚木3-10,3号棟,鉄筋コンクリート造,5,N,502号室,3LDK,82,8,122500,4800,2か月,"['近居割', '近居割WIDE']",随時,https://www.ur-net.go.jp/chintai/kanto/tokyo/20_5280_room.html?JKSS=310030502,<li>京王相模原線「南大沢」駅 徒歩14～15分 またはバス9分 徒歩5～6分</li><li>京王線「聖蹟桜ヶ丘」駅バス28分 徒歩8～9分</li><li>京王相模原線「多摩境」駅 徒歩24～26分</li>
tokyo,minamiosawa,多摩ニュータウン 南大沢学園四番街,127300,京王相模原線「多摩境」駅,24.0,26.0,,,,八王子市上柚木3-10,3号棟,鉄筋コンクリート造,5,N,502号室,3LDK,82,8,122500,4800,2か月,"['近居割', '近居割WIDE']",随時,https://www.ur-net.go.jp/chintai/kanto/tokyo/20_5280_room.html?JKSS=310030502,<li>京王相模原線「南大沢」駅 徒歩14～15分 またはバス9分 徒歩5～6分</li><li>京王線「聖蹟桜ヶ丘」駅バス28分 徒歩8～9分</li><li>京王相模原線「多摩境」駅 徒歩24～26分</li>
tokyo,minamiosawa,多摩ニュータウン 南大沢学園四番街,127300,,,,,,,八王子市上柚木3-10,3号棟,鉄筋コンクリート造,5,N,502号室,3LDK,82,8,122500,4800,2か月,"['近居割', '近居割WIDE']",随時,https://www.ur-net.go.jp/chintai/kanto/tokyo/20_5280_room.html?JKSS=310030502,<li>京王相模原線「南大沢」駅 徒歩14～15分 またはバス9分 徒歩5～6分</li><li>京王線「聖蹟桜ヶ丘」駅バス28分 徒歩8～9分</li><li>京王相模原線「多摩境」駅 徒歩24～26分</li>
tokyo,minamiosawa,多摩ニュータウン シティハイツ南大沢,160300,京王相模原線「南大沢」駅,7.0,9.0,,,,八王子市南大沢4-10,10号棟,鉄筋コンクリート造,4,N,408号室,3LDK,97,10,155400,4900,2か月,"['近居割', '近居割WIDE']",随時,https://www.ur-net.go.jp/chintai/kanto/tokyo/20_3770_room.html?JKSS=000100408,<li>京王相模原線「南大沢」駅 徒歩7～9分</li><li>京王相模原線「多摩境」駅 徒歩24～26分</li><li>京王相模原線「京王堀之内」駅 徒歩40～42分</li>
tokyo,minamiosawa,多摩ニュータウン シティハイツ南大沢,160300,京王相模原線「多摩境」駅,24.0,26.0,,,,八王子市南大沢4-10,10号棟,鉄筋コンクリート造,4,N,408号室,3LDK,97,10,155400,4900,2か月,"['近居割', '近居割WIDE']",随時,https://www.ur-net.go.jp/chintai/kanto/tokyo/20_3770_room.html?JKSS=000100408,<li>京王相模原線「南大沢」駅 徒歩7～9分</li><li>京王相模原線「多摩境」駅 徒歩24～26分</li><li>京王相模原線「京王堀之内」駅 徒歩40～42分</li>
tokyo,minamiosawa,多摩ニュータウン シティハイツ南大沢,160300,京王相模原線「京王堀之内」駅,40.0,42.0,,,,八王子市南大沢4-10,10号棟,鉄筋コンクリート造,4,N,408号室,3LDK,97,10,155400,4900,2か月,"['近居割', '近居割WIDE']",随時,https://www.ur-net.go.jp/chintai/kanto/tokyo/20_3770_room.html?JKSS=000100408,<li>京王相模原線「南大沢」駅 徒歩7～9分</li><li>京王相模原線「多摩境」駅 徒歩24～26分</li><li>京王相模原線「京王堀之内」駅 徒歩40～42分</li>
tokyo,minamiosawa,多摩ニュータウン シティハイツ南大沢,160300,,,,,,,八王子市南大沢4-10,10号棟,鉄筋コンクリート造,4,N,408号室,3LDK,97,10,155400,4900,2か月,"['近居割', '近居割WIDE']",随時,https://www.ur-net.go.jp/chintai/kanto/tokyo/20_3770_room.html?JKSS=000100408,<li>京王相模原線「南大沢」駅 徒歩7～9分</li><li>京王相模原線「多摩境」駅 徒歩24～26分</li><li>京王相模原線「京王堀之内」駅 徒歩40～42分</li>
tokyo,kichijoji,サンヴァリエ桜堤,147800,JR中央線「武蔵境」駅,13.0,23.0,JR中央線「武蔵境」駅,5.0,11.0,武蔵野市桜堤1-1ほか,22号棟,鉄筋コンクリート造,10,N,1003号室,2DK,49,10,140800,7000,2か月,"['近居割', '近居割WIDE']",随時,https://www.ur-net.go.jp/chintai/kanto/tokyo/20_5970_room.html?JKSS=000221003,<li>JR中央線「武蔵境」駅 徒歩13～23分 またはバス4～6分 徒歩1～5分</li><li>西武新宿線「田無」駅バス12分 徒歩5～11分</li><li>JR中央線「東小金井」駅 徒歩18～25分</li>
tokyo,kichijoji,サンヴァリエ桜堤,147800,,,,西武新宿線「田無」駅,17.0,23.0,武蔵野市桜堤1-1ほか,22号棟,鉄筋コンクリート造,10,N,1003号室,2DK,49,10,140800,7000,2か月,"['近居割', '近居割WIDE']",随時,https://www.ur-net.go.jp/chintai/kanto/tokyo/20_5970_room.html?JKSS=000221003,<li>JR中央線「武蔵境」駅 徒歩13～23分 またはバス4～6分 徒歩1～5分</li><li>西武新宿線「田無」駅バス12分 徒歩5～11分</li><li>JR中央線「東小金井」駅 徒歩18～25分</li>
tokyo,kichijoji,サンヴァリエ桜堤,147800,JR中央線「東小金井」駅,18.0,25.0,,,,武蔵野市桜堤1-1ほか,22号棟,鉄筋コンクリート造,10,N,1003号室,2DK,49,10,140800,7000,2か月,"['近居割', '近居割WIDE']",随時,https://www.ur-net.go.jp/chintai/kanto/tokyo/20_5970_room.html?JKSS=000221003,<li>JR中央線「武蔵境」駅 徒歩13～23分 またはバス4～6分 徒歩1～5分</li><li>西武新宿線「田無」駅バス12分 徒歩5～11分</li><li>JR中央線「東小金井」駅 徒歩18～25分</li>
tokyo,kichijoji,サンヴァリエ桜堤,147800,,,,,,,武蔵野市桜堤1-1ほか,22号棟,鉄筋コンクリート造,10,N,1003号室,2DK,49,10,140800,7000,2か月,"['近居割', '近居割WIDE']",随時,https://www.ur-net.go.jp/chintai/kanto/tokyo/20_5970_room.html?JKSS=000221003,<li>JR中央線「武蔵境」駅 徒歩13～23分 またはバス4～6分 徒歩1～5分</li><li>西武新宿線「田無」駅バス12分 徒歩5～11分</li><li>JR中央線「東小金井」駅 徒歩18～25分</li>
tokyo,kichijoji,サンヴァリエ桜堤,160000,JR中央線「武蔵境」駅,13.0,23.0,JR中央線「武蔵境」駅,5.0,11.0,武蔵野市桜堤1-1ほか,13号棟,鉄筋コンクリート造,8,N,805号室,1LDK,53,10,153000,7000,2か月,"['近居割', '近居割WIDE']",随時,https://www.ur-net.go.jp/chintai/kanto/tokyo/20_5970_room.html?JKSS=000130805,<li>JR中央線「武蔵境」駅 徒歩13～23分 またはバス4～6分 徒歩1～5分</li><li>西武新宿線「田無」駅バス12分 徒歩5～11分</li><li>JR中央線「東小金井」駅 徒歩18～25分</li>
tokyo,kichijoji,サンヴァリエ桜堤,160000,,,,西武新宿線「田無」駅,17.0,23.0,武蔵野市桜堤1-1ほか,13号棟,鉄筋コンクリート造,8,N,805号室,1LDK,53,10,153000,7000,2か月,"['近居割', '近居割WIDE']",随時,https://www.ur-net.go.jp/chintai/kanto/tokyo/20_5970_room.html?JKSS=000130805,<li>JR中央線「武蔵境」駅 徒歩13～23分 またはバス4～6分 徒歩1～5分</li><li>西武新宿線「田無」駅バス12分 徒歩5～11分</li><li>JR中央線「東小金井」駅 徒歩18～25分</li>
tokyo,kichijoji,サンヴァリエ桜堤,160000,JR中央線「東小金井」駅,18.0,25.0,,,,武蔵野市桜堤1-1ほか,13号棟,鉄筋コンクリート造,8,N,805号室,1LDK,53,10,153000,7000,2か月,"['近居割', '近居割WIDE']",随時,https://www.ur-net.go.jp/chintai/kanto/tokyo/20_5970_room.html?JKSS=000130805,<li>JR中央線「武蔵境」駅 徒歩13～23分 またはバス4～6分 徒歩1～5分</li><li>西武新宿線「田無」駅バス12分 徒歩5～11分</li><li>JR中央線「東小金井」駅 徒歩18～25分</li>
tokyo,kichijoji,サンヴァリエ桜堤,160000,,,,,,,武蔵野市桜堤1-1ほか,13号棟,鉄筋コンクリート造,8,N,805号室,1LDK,53,10,153000,7000,2か月,"['近居割', '近居割WIDE']",随時,https://www.ur-net.go.jp/chintai/kanto/tokyo/20_5970_room.html?JKSS=000130805,<li>JR中央線「武蔵境」駅 徒歩13～23分 またはバス4～6分 徒歩1～5分</li><li>西武新宿線「田無」駅バス12分 徒歩5～11分</li><li>JR中央線「東小金井」駅 徒歩18～25分</li>
tokyo,kichijoji,サンヴァリエ桜堤,187300,JR中央線「武蔵境」駅,13.0,23.0,JR中央線「武蔵境」駅,5.0,11.0,武蔵野市桜堤1-1ほか,27号棟,鉄筋コンクリート造,8,N,808号室,3DK,63,10,180300,7000,2か月,"['近居割', '近居割WIDE']",随時,https://www.ur-net.go.jp/chintai/kanto/tokyo/20_5970_room.html?JKSS=000270808,<li>JR中央線「武蔵境」駅 徒歩13～23分 またはバス4～6分 徒歩1～5分</li><li>西武新宿線「田無」駅バス12分 徒歩5～11分</li><li>JR中央線「東小金井」駅 徒歩18～25分</li>
tokyo,kichijoji,サンヴァリエ桜堤,187300,,,,西武新宿線「田無」駅,17.0,23.0,武蔵野市桜堤1-1ほか,27号棟,鉄筋コンクリート造,8,N,808号室,3DK,63,10,180300,7000,2か月,"['近居割', '近居割WIDE']",随時,https://www.ur-net.go.jp/chintai/kanto/tokyo/20_5970_room.html?JKSS=000270808,<li>JR中央線「武蔵境」駅 徒歩13～23分 またはバス4～6分 徒歩1～5分</li><li>西武新宿線「田無」駅バス12分 徒歩5～11分</li><li>JR中央線「東小金井」駅 徒歩18～25分</li>
tokyo,kichijoji,サンヴァリエ桜堤,187300,JR中央線「東小金井」駅,18.0,25.0,,,,武蔵野市桜堤1-1ほか,27号棟,鉄筋コンクリート造,8,N,808号室,3DK,63,10,180300,7000,2か月,"['近居割', '近居割WIDE']",随時,https://www.ur-net.go.jp/chintai/kanto/tokyo/20_5970_room.html?JKSS=000270808,<li>JR中央線「武蔵境」駅 徒歩13～23分 またはバス4～6分 徒歩1～5分</li><li>西武新宿線「田無」駅バス12分 徒歩5～11分</li><li>JR中央線「東小金井」駅 徒歩18～25分</li>
tokyo,kichijoji,サンヴァリエ桜堤,187300,,,,,,,武蔵野市桜堤1-1ほか,27号棟,鉄筋コンクリート造,8,N,808号室,3DK,63,10,180300,7000,2か月,"['近居割', '近居割WIDE']",随時,https://www.ur-net.go.jp/chintai/kanto/tokyo/20_5970_room.html?JKSS=000270808,<li>JR中央線「武蔵境」駅 徒歩13～23分 またはバス4～6分 徒歩1～5分</li><li>西武新宿線「田無」駅バス12分 徒歩5～11分</li><li>JR中央線「東小金井」駅 徒歩18～25分</li>
tokyo,chofu,神代,106600,京王線「つつじケ丘」駅,7.0,19.0,,,,調布市西つつじヶ丘4-23、狛江市西野川1-25,12号棟,鉄筋コンクリート造,5,N,508号室,2LDK,53,5,102800,3800,2か月,['URライト（4年定借）'],随時,https://www.ur-net.go.jp/chintai/kanto/tokyo/20_1320_room.html?JKSS=000012508,<li>京王線「つつじケ丘」駅 徒歩7～19分</li><li>小田急小田原線「成城学園前」駅バス11～15分 徒歩1～5分</li><li>小田急小田原線「狛江」駅バス7～9分 徒歩1～5分</li>
tokyo,chofu,神代,106600,,,,小田急小田原線「成城学園前」駅,12.0,20.0,調布市西つつじヶ丘4-23、狛江市西野川1-25,12号棟,鉄筋コンクリート造,5,N,508号室,2LDK,53,5,102800,3800,2か月,['URライト（4年定借）'],随時,https://www.ur-net.go.jp/chintai/kanto/tokyo/20_1320_room.html?JKSS=000012508,<li>京王線「つつじケ丘」駅 徒歩7～19分</li><li>小田急小田原線「成城学園前」駅バス11～15分 徒歩1～5分</li><li>小田急小田原線「狛江」駅バス7～9分 徒歩1～5分</li>
tokyo,chofu,神代,106600,,,,小田急小田原線「狛江」駅,8.0,14.0,調布市西つつじヶ丘4-23、狛江市西野川1-25,12号棟,鉄筋コンクリート造,5,N,508号室,2LDK,53,5,102800,3800,2か月,['URライト（4年定借）'],随時,https://www.ur-net.go.jp/chintai/kanto/tokyo/20_1320_room.html?JKSS=000012508,<li>京王線「つつじケ丘」駅 徒歩7～19分</li><li>小田急小田原線「成城学園前」駅バス11～15分 徒歩1～5分</li><li>小田急小田原線「狛江」駅バス7～9分 徒歩1～5分</li>
tokyo,chofu,神代,106600,,,,,,,調布市西つつじヶ丘4-23、狛江市西野川1-25,12号棟,鉄筋コンクリート造,5,N,508号室,2LDK,53,5,102800,3800,2か月,['URライト（4年定借）'],随時,https://www.ur-net.go.jp/chintai/kanto/tokyo/20_1320_room.html?JKSS=000012508,<li>京王線「つつじケ丘」駅 徒歩7～19分</li><li>小田急小田原線「成城学園前」駅バス11～15分 徒歩1～5分</li><li>小田急小田原線「狛江」駅バス7～9分 徒歩1～5分</li>
tokyo,chofu,神代,111300,京王線「つつじケ丘」駅,7.0,19.0,,,,調布市西つつじヶ丘4-23、狛江市西野川1-25,19号棟,鉄筋コンクリート造,1,N,103号室,2LDK,53,5,107500,3800,2か月,['URライト（4年定借）'],随時,https://www.ur-net.go.jp/chintai/kanto/tokyo/20_1320_room.html?JKSS=000019103,<li>京王線「つつじケ丘」駅 徒歩7～19分</li><li>小田急小田原線「成城学園前」駅バス11～15分 徒歩1～5分</li><li>小田急小田原線「狛江」駅バス7～9分 徒歩1～5分</li>
tokyo,chofu,神代,111300,,,,小田急小田原線「成城学園前」駅,12.0,20.0,調布市西つつじヶ丘4-23、狛江市西野川1-25,19号棟,鉄筋コンクリート造,1,N,103号室,2LDK,53,5,107500,3800,2か月,['URライト（4年定借）'],随時,https://www.ur-net.go.jp/chintai/kanto/tokyo/20_1320_room.html?JKSS=000019103,<li>京王線「つつじケ丘」駅 徒歩7～19分</li><li>小田急小田原線「成城学園前」駅バス11～15分 徒歩1～5分</li><li>小田急小田原線「狛江」駅バス7～9分 徒歩1～5分</li>
tokyo,chofu,神代,111300,,,,小田急小田原線「狛江」駅,8.0,14.0,調布市西つつじヶ丘4-23、狛江市西野川1-25,19号棟,鉄筋コンクリート造,1,N,103号室,2LDK,53,5,107500,3800,2か月,['URライト（4年定借）'],随時,https://www.ur-net.go.jp/chintai/kanto/tokyo/20_1320_room.html?JKSS=000019103,<li>京王線「つつじケ丘」駅 徒歩7～19分</li><li>小田急小田原線「成城学園前」駅バス11～15分 徒歩1～5分</li><li>小田急小田原線「狛江」駅バス7～9分 徒歩1～5分</li>
tokyo,chofu,神代,111300,,,,,,,調布市西つつじヶ丘4-23、狛江市西野川1-25,19号棟,鉄筋コンクリート造,1,N,103号室,2LDK,53,5,107500,3800,2か月,['URライト（4年定借）'],随時,https://www.ur-net.go.jp/chintai/kanto/tokyo/20_1320_room.html?JKSS=000019103,<li>京王線「つつじケ丘」駅 徒歩7～19分</li><li>小田急小田原線「成城学園前」駅バス11～15分 徒歩1～5分</li><li>小田急小田原線「狛江」駅バス7～9分 徒歩1～5分</li>
tokyo,chofu,神代,114200,京王線「つつじケ丘」駅,7.0,19.0,,,,調布市西つつじヶ丘4-23、狛江市西野川1-25,18号棟,鉄筋コンクリート造,2,N,201号室,2LDK,55,5,110400,3800,2か月,['URライト（4年定借）'],随時,https://www.ur-net.go.jp/chintai/kanto/tokyo/20_1320_room.html?JKSS=000018201,<li>京王線「つつじケ丘」駅 徒歩7～19分</li><li>小田急小田原線「成城学園前」駅バス11～15分 徒歩1～5分</li><li>小田急小田原線「狛江」駅バス7～9分 徒歩1～5分</li>
tokyo,chofu,神代,114200,,,,小田急小田原線「成城学園前」駅,12.0,20.0,調布市西つつじヶ丘4-23、狛江市西野川1-25,18号棟,鉄筋コンクリート造,2,N,201号室,2LDK,55,5,110400,3800,2か月,['URライト（4年定借）'],随時,https://www.ur-net.go.jp/chintai/kanto/tokyo/20_1320_room.html?JKSS=000018201,<li>京王線「つつじケ丘」駅 徒歩7～19分</li><li>小田急小田原線「成城学園前」駅バス11～15分 徒歩1～5分</li><li>小田急小田原線「狛江」駅バス7～9分 徒歩1～5分</li>
tokyo,chofu,神代,114200,,,,小田急小田原線「狛江」駅,8.0,14.0,調布市西つつじヶ丘4-23、狛江市西野川1-25,18号棟,鉄筋コンクリート造,2,N,201号室,2LDK,55,5,110400,3800,2か月,['URライト（4年定借）'],随時,https://www.ur-net.go.jp/chintai/kanto/tokyo/20_1320_room.html?JKSS=000018201,<li>京王線「つつじケ丘」駅 徒歩7～19分</li><li>小田急小田原線「成城学園前」駅バス11～15分 徒歩1～5分</li><li>小田急小田原線「狛江」駅バス7～9分 徒歩1～5分</li>
tokyo,chofu,神代,114200,,,,,,,調布市西つつじヶ丘4-23、狛江市西野川1-25,18号棟,鉄筋コンクリート造,2,N,201号室,2LDK,55,5,110400,3800,2か月,['URライト（4年定借）'],随時,https://www.ur-net.go.jp/chintai/kanto/tokyo/20_1320_room.html?JKSS=000018201,<li>京王線「つつじケ丘」駅 徒歩7～19分</li><li>小田急小田原線「成城学園前」駅バス11～15分 徒歩1～5分</li><li>小田急小田原線「狛江」駅バス7～9分 徒歩1～5分</li>
tokyo,tachikawa,国立富士見台,78000,JR南武線「谷保」駅,5.0,15.0,,,,国立市富士見台1-7ほか,2-4号棟,鉄筋コンクリート造,4,N,401号室,3K,45,5,75200,2800,2か月,['URライト（4年定借）'],随時,https://www.ur-net.go.jp/chintai/kanto/tokyo/20_1350_room.html?JKSS=000204401,<li>JR南武線「谷保」駅（第1団地）徒歩5～10分、（第2、3団地）徒歩10～15分</li><li>JR中央線「国立」駅（第1団地）徒歩21～26分 またはバス5分 徒歩1～9分、（第2、3団地）徒歩23～28分 またはバス8分 徒歩2～5分</li><li>JR南武線「矢川」駅（第1団地）バス5分 徒歩1～7分、（第2、3団地）徒歩8～16分</li>
tokyo,tachikawa,国立富士見台,78000,JR中央線「国立」駅,21.0,28.0,JR中央線「国立」駅,6.0,14.0,国立市富士見台1-7ほか,2-4号棟,鉄筋コンクリート造,4,N,401号室,3K,45,5,75200,2800,2か月,['URライト（4年定借）'],随時,https://www.ur-net.go.jp/chintai/kanto/tokyo/20_1350_room.html?JKSS=000204401,<li>JR南武線「谷保」駅（第1団地）徒歩5～10分、（第2、3団地）徒歩10～15分</li><li>JR中央線「国立」駅（第1団地）徒歩21～26分 またはバス5分 徒歩1～9分、（第2、3団地）徒歩23～28分 またはバス8分 徒歩2～5分</li><li>JR南武線「矢川」駅（第1団地）バス5分 徒歩1～7分、（第2、3団地）徒歩8～16分</li>
tokyo,tachikawa,国立富士見台,78000,JR南武線「矢川」駅,8.0,16.0,JR南武線「矢川」駅,6.0,12.0,国立市富士見台1-7ほか,2-4号棟,鉄筋コンクリート造,4,N,401号室,3K,45,5,75200,2800,2か月,['URライト（4年定借）'],随時,https://www.ur-net.go.jp/chintai/kanto/tokyo/20_1350_room.html?JKSS=000204401,<li>JR南武線「谷保」駅（第1団地）徒歩5～10分、（第2、3団地）徒歩10～15分</li><li>JR中央線「国立」駅（第1団地）徒歩21～26分 またはバス5分 徒歩1～9分、（第2、3団地）徒歩23～28分 またはバス8分 徒歩2～5分</li><li>JR南武線「矢川」駅（第1団地）バス5分 徒歩1～7分、（第2、3団地）徒歩8～16分</li>
tokyo,tachikawa,国立富士見台,78000,,,,,,,国立市富士見台1-7ほか,2-4号棟,鉄筋コンクリート造,4,N,401号室,3K,45,5,75200,2800,2か月,['URライト（4年定借）'],随時,https://www.ur-net.go.jp/chintai/kanto/tokyo/20_1350_room.html?JKSS=000204401,<li>JR南武線「谷保」駅（第1団地）徒歩5～10分、（第2、3団地）徒歩10～15分</li><li>JR中央線「国立」駅（第1団地）徒歩21～26分 またはバス5分 徒歩1～9分、（第2、3団地）徒歩23～28分 またはバス8分 徒歩2～5分</li><li>JR南武線「矢川」駅（第1団地）バス5分 徒歩1～7分、（第2、3団地）徒歩8～16分</li>
tokyo,tachikawa,国立富士見台,82100,JR南武線「谷保」駅,5.0,15.0,,,,国立市富士見台1-7ほか,2-7号棟,鉄筋コンクリート造,5,N,506号室,3DK,50,5,79300,2800,2か月,['URライト（4年定借）'],随時,https://www.ur-net.go.jp/chintai/kanto/tokyo/20_1350_room.html?JKSS=000207506,<li>JR南武線「谷保」駅（第1団地）徒歩5～10分、（第2、3団地）徒歩10～15分</li><li>JR中央線「国立」駅（第1団地）徒歩21～26分 またはバス5分 徒歩1～9分、（第2、3団地）徒歩23～28分 またはバス8分 徒歩2～5分</li><li>JR南武線「矢川」駅（第1団地）バス5分 徒歩1～7分、（第2、3団地）徒歩8～16分</li>
tokyo,tachikawa,国立富士見台,82100,JR中央線「国立」駅,21.0,28.0,JR中央線「国立」駅,6.0,14.0,国立市富士見台1-7ほか,2-7号棟,鉄筋コンクリート造,5,N,506号室,3DK,50,5,79300,2800,2か月,['URライト（4年定借）'],随時,https://www.ur-net.go.jp/chintai/kanto/tokyo/20_1350_room.html?JKSS=000207506,<li>JR南武線「谷保」駅（第1団地）徒歩5～10分、（第2、3団地）徒歩10～15分</li><li>JR中央線「国立」駅（第1団地）徒歩21～26分 またはバス5分 徒歩1～9分、（第2、3団地）徒歩23～28分 またはバス8分 徒歩2～5分</li><li>JR南武線「矢川」駅（第1団地）バス5分 徒歩1～7分、（第2、3団地）徒歩8～16分</li>
tokyo,tachikawa,国立富士見台,82100,JR南武線「矢川」駅,8.0,16.0,JR南武線「矢川」駅,6.0,12.0,国立市富士見台1-7ほか,2-7号棟,鉄筋コンクリート造,5,N,506号室,3DK,50,5,79300,2800,2か月,['URライト（4年定借）'],随時,https://www.ur-net.go.jp/chintai/kanto/tokyo/20_1350_room.html?JKSS=000207506,<li>JR南武線「谷保」駅（第1団地）徒歩5～10分、（第2、3団地）徒歩10～15分</li><li>JR中央線「国立」駅（第1団地）徒歩21～26分 またはバス5分 徒歩1～9分、（第2、3団地）徒歩23～28分 またはバス8分 徒歩2～5分</li><li>JR南武線「矢川」駅（第1団地）バス5分 徒歩1～7分、（第2、3団地）徒歩8～16分</li>
tokyo,tachikawa,国立富士見台,82100,,,,,,,国立市富士見台1-7ほか,2-7号棟,鉄筋コンクリート造,5,N,506号室,3DK,50,5,79300,2800,2か月,['URライト（4年定借）'],随時,https://www.ur-net.go.jp/chintai/kanto/tokyo/20_1350_room.html?JKSS=000207506,<li>JR南武線「谷保」駅（第1団地）徒歩5～10分、（第2、3団地）徒歩10～15分</li><li>JR中央線「国立」駅（第1団地）徒歩21～26分 またはバス5分 徒歩1～9分、（第2、3団地）徒歩23～28分 またはバス8分 徒歩2～5分</li><li>JR南武線「矢川」駅（第1団地）バス5分 徒歩1～7分、（第2、3団地）徒歩8～16分</li>
tokyo,kichijoji,三鷹台,148400,,,,JR中央線「三鷹」駅,16.0,21.0,三鷹市牟礼2-14,2号棟,鉄筋コンクリート造,6,N,602号室,2DK,55,9,142200,6200,2か月,"['近居割', '近居割WIDE']",随時,https://www.ur-net.go.jp/chintai/kanto/tokyo/20_6601_room.html?JKSS=000020602,<li>JR中央線「三鷹」駅バス12分 徒歩4～9分</li><li>JR中央線「吉祥寺」駅バス11分 徒歩2～8分</li><li>京王井の頭線「三鷹台」駅 徒歩14～18分</li>
tokyo,kichijoji,三鷹台,148400,,,,JR中央線「吉祥寺」駅,13.0,19.0,三鷹市牟礼2-14,2号棟,鉄筋コンクリート造,6,N,602号室,2DK,55,9,142200,6200,2か月,"['近居割', '近居割WIDE']",随時,https://www.ur-net.go.jp/chintai/kanto/tokyo/20_6601_room.html?JKSS=000020602,<li>JR中央線「三鷹」駅バス12分 徒歩4～9分</li><li>JR中央線「吉祥寺」駅バス11分 徒歩2～8分</li><li>京王井の頭線「三鷹台」駅 徒歩14～18分</li>
tokyo,kichijoji,三鷹台,148400,京王井の頭線「三鷹台」駅,14.0,18.0,,,,三鷹市牟礼2-14,2号棟,鉄筋コンクリート造,6,N,602号室,2DK,55,9,142200,6200,2か月,"['近居割', '近居割WIDE']",随時,https://www.ur-net.go.jp/chintai/kanto/tokyo/20_6601_room.html?JKSS=000020602,<li>JR中央線「三鷹」駅バス12分 徒歩4～9分</li><li>JR中央線「吉祥寺」駅バス11分 徒歩2～8分</li><li>京王井の頭線「三鷹台」駅 徒歩14～18分</li>
tokyo,kichijoji,三鷹台,148400,,,,,,,三鷹市牟礼2-14,2号棟,鉄筋コンクリート造,6,N,602号室,2DK,55,9,142200,6200,2か月,"['近居割', '近居割WIDE']",随時,https://www.ur-net.go.jp/chintai/kanto/tokyo/20_6601_room.html?JKSS=000020602,<li>JR中央線「三鷹」駅バス12分 徒歩4～9分</li><li>JR中央線「吉祥寺」駅バス11分 徒歩2～8分</li><li>京王井の頭線「三鷹台」駅 徒歩14～18分</li>
tokyo,kichijoji,シティコート下連雀,179500,,,,JR中央線「吉祥寺」駅,7.0,8.0,三鷹市下連雀5-8,1号棟,鉄筋コンクリート造,2,N,207号室,3DK,69,7,174700,4800,2か月,['近居割'],随時,https://www.ur-net.go.jp/chintai/kanto/tokyo/20_5570_room.html?JKSS=000010207,<li>JR中央線「吉祥寺」駅バス6分 徒歩1～2分</li><li>JR中央線「三鷹」駅 徒歩24分</li><li>京王井の頭線「三鷹台」駅 徒歩29～30分</li>
tokyo,kichijoji,シティコート下連雀,179500,JR中央線「三鷹」駅,24.0,24.0,,,,三鷹市下連雀5-8,1号棟,鉄筋コンクリート造,2,N,207号室,3DK,69,7,174700,4800,2か月,['近居割'],随時,https://www.ur-net.go.jp/chintai/kanto/tokyo/20_5570_room.html?JKSS=000010207,<li>JR中央線「吉祥寺」駅バス6分 徒歩1～2分</li><li>JR中央線「三鷹」駅 徒歩24分</li><li>京王井の頭線「三鷹台」駅 徒歩29～30分</li>
tokyo,kichijoji,シティコート下連雀,179500,京王井の頭線「三鷹台」駅,29.0,30.0,,,,三鷹市下連雀5-8,1号棟,鉄筋コンクリート造,2,N,207号室,3DK,69,7,174700,4800,2か月,['近居割'],随時,https://www.ur-net.go.jp/chintai/kanto/tokyo/20_5570_room.html?JKSS=000010207,<li>JR中央線「吉祥寺」駅バス6分 徒歩1～2分</li><li>JR中央線「三鷹」駅 徒歩24分</li><li>京王井の頭線「三鷹台」駅 徒歩29～30分</li>
tokyo,kichijoji,シティコート下連雀,179500,,,,,,,三鷹市下連雀5-8,1号棟,鉄筋コンクリート造,2,N,207号室,3DK,69,7,174700,4800,2か月,['近居割'],随時,https://www.ur-net.go.jp/chintai/kanto/tokyo/20_5570_room.html?JKSS=000010207,<li>JR中央線「吉祥寺」駅バス6分 徒歩1～2分</li><li>JR中央線「三鷹」駅 徒歩24分</li><li>京王井の頭線「三鷹台」駅 徒歩29～30分</li>
tokyo,kichijoji,シティコート下連雀,188800,,,,JR中央線「吉祥寺」駅,7.0,8.0,三鷹市下連雀5-8,2号棟,鉄筋コンクリート造,3,N,307号室,2LDK,69,7,184000,4800,2か月,['近居割'],随時,https://www.ur-net.go.jp/chintai/kanto/tokyo/20_5570_room.html?JKSS=000020307,<li>JR中央線「吉祥寺」駅バス6分 徒歩1～2分</li><li>JR中央線「三鷹」駅 徒歩24分</li><li>京王井の頭線「三鷹台」駅 徒歩29～30分</li>
tokyo,kichijoji,シティコート下連雀,188800,JR中央線「三鷹」駅,24.0,24.0,,,,三鷹市下連雀5-8,2号棟,鉄筋コンクリート造,3,N,307号室,2LDK,69,7,184000,4800,2か月,['近居割'],随時,https://www.ur-net.go.jp/chintai/kanto/tokyo/20_5570_room.html?JKSS=000020307,<li>JR中央線「吉祥寺」駅バス6分 徒歩1～2分</li><li>JR中央線「三鷹」駅 徒歩24分</li><li>京王井の頭線「三鷹台」駅 徒歩29～30分</li>
tokyo,kichijoji,シティコート下連雀,188800,京王井の頭線「三鷹台」駅,29.0,30.0,,,,三鷹市下連雀5-8,2号棟,鉄筋コンクリート造,3,N,307号室,2LDK,69,7,184000,4800,2か月,['近居割'],随時,https://www.ur-net.go.jp/chintai/kanto/tokyo/20_5570_room.html?JKSS=000020307,<li>JR中央線「吉祥寺」駅バス6分 徒歩1～2分</li><li>JR中央線「三鷹」駅 徒歩24分</li><li>京王井の頭線「三鷹台」駅 徒歩29～30分</li>
tokyo,kichijoji,シティコート下連雀,188800,,,,,,,三鷹市下連雀5-8,2号棟,鉄筋コンクリート造,3,N,307号室,2LDK,69,7,184000,4800,2か月,['近居割'],随時,https://www.ur-net.go.jp/chintai/kanto/tokyo/20_5570_room.html?JKSS=000020307,<li>JR中央線「吉祥寺」駅バス6分 徒歩1～2分</li><li>JR中央線「三鷹」駅 徒歩24分</li><li>京王井の頭線「三鷹台」駅 徒歩29～30分</li>
tokyo,tachikawa,昭島つつじが丘ハイツ,91100,JR青梅線「昭島」駅,9.0,11.0,,,,昭島市つつじが丘3-4ほか,8号棟,鉄骨鉄筋コンクリート造,14,N,1408号室,3DK,59,14,85400,5700,2か月,['近居割'],随時,https://www.ur-net.go.jp/chintai/kanto/tokyo/20_3380_room.html?JKSS=000081408,<li>JR青梅線「昭島」駅 徒歩9～11分</li><li>JR青梅線「中神」駅 徒歩13～15分</li><li>西武拝島線「西武立川」駅 徒歩25～28分</li>
tokyo,tachikawa,昭島つつじが丘ハイツ,91100,JR青梅線「中神」駅,13.0,15.0,,,,昭島市つつじが丘3-4ほか,8号棟,鉄骨鉄筋コンクリート造,14,N,1408号室,3DK,59,14,85400,5700,2か月,['近居割'],随時,https://www.ur-net.go.jp/chintai/kanto/tokyo/20_3380_room.html?JKSS=000081408,<li>JR青梅線「昭島」駅 徒歩9～11分</li><li>JR青梅線「中神」駅 徒歩13～15分</li><li>西武拝島線「西武立川」駅 徒歩25～28分</li>
tokyo,tachikawa,昭島つつじが丘ハイツ,91100,西武拝島線「西武立川」駅,25.0,28.0,,,,昭島市つつじが丘3-4ほか,8号棟,鉄骨鉄筋コンクリート造,14,N,1408号室,3DK,59,14,85400,5700,2か月,['近居割'],随時,https://www.ur-net.go.jp/chintai/kanto/tokyo/20_3380_room.html?JKSS=000081408,<li>JR青梅線「昭島」駅 徒歩9～11分</li><li>JR青梅線「中神」駅 徒歩13～15分</li><li>西武拝島線「西武立川」駅 徒歩25～28分</li>
tokyo,tachikawa,昭島つつじが丘ハイツ,91100,,,,,,,昭島市つつじが丘3-4ほか,8号棟,鉄骨鉄筋コンクリート造,14,N,1408号室,3DK,59,14,85400,5700,2か月,['近居割'],随時,https://www.ur-net.go.jp/chintai/kanto/tokyo/20_3380_room.html?JKSS=000081408,<li>JR青梅線「昭島」駅 徒歩9～11分</li><li>JR青梅線「中神」駅 徒歩13～15分</li><li>西武拝島線「西武立川」駅 徒歩25～28分</li>
tokyo,tachikawa,昭島つつじが丘ハイツ,91900,JR青梅線「昭島」駅,9.0,11.0,,,,昭島市つつじが丘3-4ほか,10号棟,鉄骨鉄筋コンクリート造,11,N,1106号室,3DK,59,14,86200,5700,2か月,['近居割'],随時,https://www.ur-net.go.jp/chintai/kanto/tokyo/20_3380_room.html?JKSS=000101106,<li>JR青梅線「昭島」駅 徒歩9～11分</li><li>JR青梅線「中神」駅 徒歩13～15分</li><li>西武拝島線「西武立川」駅 徒歩25～28分</li>
tokyo,tachikawa,昭島つつじが丘ハイツ,91900,JR青梅線「中神」駅,13.0,15.0,,,,昭島市つつじが丘3-4ほか,10号棟,鉄骨鉄筋コンクリート造,11,N,1106号室,3DK,59,14,86200,5700,2か月,['近居割'],随時,https://www.ur-net.go.jp/chintai/kanto/tokyo/20_3380_room.html?JKSS=000101106,<li>JR青梅線「昭島」駅 徒歩9～11分</li><li>JR青梅線「中神」駅 徒歩13～15分</li><li>西武拝島線「西武立川」駅 徒歩25～28分</li>
tokyo,tachikawa,昭島つつじが丘ハイツ,91900,西武拝島線「西武立川」駅,25.0,28.0,,,,昭島市つつじが丘3-4ほか,10号棟,鉄骨鉄筋コンクリート造,11,N,1106号室,3DK,59,14,86200,5700,2か月,['近居割'],随時,https://www.ur-net.go.jp/chintai/kanto/tokyo/20_3380_room.html?JKSS=000101106,<li>JR青梅線「昭島」駅 徒歩9～11分</li><li>JR青梅線「中神」駅 徒歩13～15分</li><li>西武拝島線「西武立川」駅 徒歩25～28分</li>
tokyo,tachikawa,昭島つつじが丘ハイツ,91900,,,,,,,昭島市つつじが丘3-4ほか,10号棟,鉄骨鉄筋コンクリート造,11,N,1106号室,3DK,59,14,86200,5700,2か月,['近居割'],随時,https://www.ur-net.go.jp/chintai/kanto/tokyo/20_3380_room.html?JKSS=000101106,<li>JR青梅線「昭島」駅 徒歩9～11分</li><li>JR青梅線「中神」駅 徒歩13～15分</li><li>西武拝島線「西武立川」駅 徒歩25～28分</li>
tokyo,tachikawa,昭島つつじが丘ハイツ,94200,JR青梅線「昭島」駅,9.0,11.0,,,,昭島市つつじが丘3-4ほか,8号棟,鉄骨鉄筋コンクリート造,2,N,205号室,3DK,59,14,88500,5700,2か月,['近居割'],2026年8月18日以降,https://www.ur-net.go.jp/chintai/kanto/tokyo/20_3380_room.html?JKSS=000080205,<li>JR青梅線「昭島」駅 徒歩9～11分</li><li>JR青梅線「中神」駅 徒歩13～15分</li><li>西武拝島線「西武立川」駅 徒歩25～28分</li>
tokyo,tachikawa,昭島つつじが丘ハイツ,94200,JR青梅線「中神」駅,13.0,15.0,,,,昭島市つつじが丘3-4ほか,8号棟,鉄骨鉄筋コンクリート造,2,N,205号室,3DK,59,14,88500,5700,2か月,['近居割'],2026年8月18日以降,https://www.ur-net.go.jp/chintai/kanto/tokyo/20_3380_room.html?JKSS=000080205,<li>JR青梅線「昭島」駅 徒歩9～11分</li><li>JR青梅線「中神」駅 徒歩13～15分</li><li>西武拝島線「西武立川」駅 徒歩25～28分</li>
tokyo,tachikawa,昭島つつじが丘ハイツ,94200,西武拝島線「西武立川」駅,25.0,28.0,,,,昭島市つつじが丘3-4ほか,8号棟,鉄骨鉄筋コンクリート造,2,N,205号室,3DK,59,14,88500,5700,2か月,['近居割'],2026年8月18日以降,https://www.ur-net.go.jp/chintai/kanto/tokyo/20_3380_room.html?JKSS=000080205,<li>JR青梅線「昭島」駅 徒歩9～11分</li><li>JR青梅線「中神」駅 徒歩13～15分</li><li>西武拝島線「西武立川」駅 徒歩25～28分</li>
tokyo,tachikawa,昭島つつじが丘ハイツ,94200,,,,,,,昭島市つつじが丘3-4ほか,8号棟,鉄骨鉄筋コンクリート造,2,N,205号室,3DK,59,14,88500,5700,2か月,['近居割'],2026年8月18日以降,https://www.ur-net.go.jp/chintai/kanto/tokyo/20_3380_room.html?JKSS=000080205,<li>JR青梅線「昭島」駅 徒歩9～11分</li><li>JR青梅線「中神」駅 徒歩13～15分</li><li>西武拝島線「西武立川」駅 徒歩25～28分</li>
tokyo,tachikawa,昭島つつじが丘ハイツ,95200,JR青梅線「昭島」駅,9.0,11.0,,,,昭島市つつじが丘3-4ほか,9号棟,鉄骨鉄筋コンクリート造,11,N,1107号室,3DK,59,14,89500,5700,2か月,['近居割'],随時,https://www.ur-net.go.jp/chintai/kanto/tokyo/20_3380_room.html?JKSS=000091107,<li>JR青梅線「昭島」駅 徒歩9～11分</li><li>JR青梅線「中神」駅 徒歩13～15分</li><li>西武拝島線「西武立川」駅 徒歩25～28分</li>
tokyo,tachikawa,昭島つつじが丘ハイツ,95200,JR青梅線「中神」駅,13.0,15.0,,,,昭島市つつじが丘3-4ほか,9号棟,鉄骨鉄筋コンクリート造,11,N,1107号室,3DK,59,14,89500,5700,2か月,['近居割'],随時,https://www.ur-net.go.jp/chintai/kanto/tokyo/20_3380_room.html?JKSS=000091107,<li>JR青梅線「昭島」駅 徒歩9～11分</li><li>JR青梅線「中神」駅 徒歩13～15分</li><li>西武拝島線「西武立川」駅 徒歩25～28分</li>
tokyo,tachikawa,昭島つつじが丘ハイツ,95200,西武拝島線「西武立川」駅,25.0,28.0,,,,昭島市つつじが丘3-4ほか,9号棟,鉄骨鉄筋コンクリート造,11,N,1107号室,3DK,59,14,89500,5700,2か月,['近居割'],随時,https://www.ur-net.go.jp/chintai/kanto/tokyo/20_3380_room.html?JKSS=000091107,<li>JR青梅線「昭島」駅 徒歩9～11分</li><li>JR青梅線「中神」駅 徒歩13～15分</li><li>西武拝島線「西武立川」駅 徒歩25～28分</li>
tokyo,tachikawa,昭島つつじが丘ハイツ,95200,,,,,,,昭島市つつじが丘3-4ほか,9号棟,鉄骨鉄筋コンクリート造,11,N,1107号室,3DK,59,14,89500,5700,2か月,['近居割'],随時,https://www.ur-net.go.jp/chintai/kanto/tokyo/20_3380_room.html?JKSS=000091107,<li>JR青梅線「昭島」駅 徒歩9～11分</li><li>JR青梅線「中神」駅 徒歩13～15分</li><li>西武拝島線「西武立川」駅 徒歩25～28分</li>
tokyo,tachikawa,昭島つつじが丘ハイツ,95800,JR青梅線「昭島」駅,9.0,11.0,,,,昭島市つつじが丘3-4ほか,8号棟,鉄骨鉄筋コンクリート造,2,N,206号室,3DK,59,14,90100,5700,2か月,['近居割'],随時,https://www.ur-net.go.jp/chintai/kanto/tokyo/20_3380_room.html?JKSS=000080206,<li>JR青梅線「昭島」駅 徒歩9～11分</li><li>JR青梅線「中神」駅 徒歩13～15分</li><li>西武拝島線「西武立川」駅 徒歩25～28分</li>
tokyo,tachikawa,昭島つつじが丘ハイツ,95800,JR青梅線「中神」駅,13.0,15.0,,,,昭島市つつじが丘3-4ほか,8号棟,鉄骨鉄筋コンクリート造,2,N,206号室,3DK,59,14,90100,5700,2か月,['近居割'],随時,https://www.ur-net.go.jp/chintai/kanto/tokyo/20_3380_room.html?JKSS=000080206,<li>JR青梅線「昭島」駅 徒歩9～11分</li><li>JR青梅線「中神」駅 徒歩13～15分</li><li>西武拝島線「西武立川」駅 徒歩25～28分</li>
tokyo,tachikawa,昭島つつじが丘ハイツ,95800,西武拝島線「西武立川」駅,25.0,28.0,,,,昭島市つつじが丘3-4ほか,8号棟,鉄骨鉄筋コンクリート造,2,N,206号室,3DK,59,14,90100,5700,2か月,['近居割'],随時,https://www.ur-net.go.jp/chintai/kanto/tokyo/20_3380_room.html?JKSS=000080206,<li>JR青梅線「昭島」駅 徒歩9～11分</li><li>JR青梅線「中神」駅 徒歩13～15分</li><li>西武拝島線「西武立川」駅 徒歩25～28分</li>
tokyo,tachikawa,昭島つつじが丘ハイツ,95800,,,,,,,昭島市つつじが丘3-4ほか,8号棟,鉄骨鉄筋コンクリート造,2,N,206号室,3DK,59,14,90100,5700,2か月,['近居割'],随時,https://www.ur-net.go.jp/chintai/kanto/tokyo/20_3380_room.html?JKSS=000080206,<li>JR青梅線「昭島」駅 徒歩9～11分</li><li>JR青梅線「中神」駅 徒歩13～15分</li><li>西武拝島線「西武立川」駅 徒歩25～28分</li>
tokyo,kichijoji,グリーンタウン小金井,144300,JR中央線「武蔵小金井」駅,16.0,19.0,JR中央線「武蔵小金井」駅,10.0,12.0,小金井市緑町4-12-16ほか,12号棟,鉄筋コンクリート造,3,N,302号室,2DK,51,6,137900,6400,2か月,['近居割'],随時,https://www.ur-net.go.jp/chintai/kanto/tokyo/20_6270_room.html?JKSS=000120302,<li>JR中央線「武蔵小金井」駅 徒歩16～19分 またはバス5分 徒歩5～7分</li><li>西武新宿線「花小金井」駅バス8分 徒歩9～11分</li><li>JR中央線「東小金井」駅 徒歩18～20分 またはバス10分 徒歩1～3分</li>
tokyo,kichijoji,グリーンタウン小金井,144300,,,,西武新宿線「花小金井」駅,17.0,19.0,小金井市緑町4-12-16ほか,12号棟,鉄筋コンクリート造,3,N,302号室,2DK,51,6,137900,6400,2か月,['近居割'],随時,https://www.ur-net.go.jp/chintai/kanto/tokyo/20_6270_room.html?JKSS=000120302,<li>JR中央線「武蔵小金井」駅 徒歩16～19分 またはバス5分 徒歩5～7分</li><li>西武新宿線「花小金井」駅バス8分 徒歩9～11分</li><li>JR中央線「東小金井」駅 徒歩18～20分 またはバス10分 徒歩1～3分</li>
tokyo,kichijoji,グリーンタウン小金井,144300,JR中央線「東小金井」駅,18.0,20.0,JR中央線「東小金井」駅,11.0,13.0,小金井市緑町4-12-16ほか,12号棟,鉄筋コンクリート造,3,N,302号室,2DK,51,6,137900,6400,2か月,['近居割'],随時,https://www.ur-net.go.jp/chintai/kanto/tokyo/20_6270_room.html?JKSS=000120302,<li>JR中央線「武蔵小金井」駅 徒歩16～19分 またはバス5分 徒歩5～7分</li><li>西武新宿線「花小金井」駅バス8分 徒歩9～11分</li><li>JR中央線「東小金井」駅 徒歩18～20分 またはバス10分 徒歩1～3分</li>
tokyo,kichijoji,グリーンタウン小金井,144300,,,,,,,小金井市緑町4-12-16ほか,12号棟,鉄筋コンクリート造,3,N,302号室,2DK,51,6,137900,6400,2か月,['近居割'],随時,https://www.ur-net.go.jp/chintai/kanto/tokyo/20_6270_room.html?JKSS=000120302,<li>JR中央線「武蔵小金井」駅 徒歩16～19分 またはバス5分 徒歩5～7分</li><li>西武新宿線「花小金井」駅バス8分 徒歩9～11分</li><li>JR中央線「東小金井」駅 徒歩18～20分 またはバス10分 徒歩1～3分</li>
tokyo,kumegawa,小平,74070,西武多摩湖線「一橋学園」駅,11.0,19.0,,,,小平市喜平町3,1-4号棟,鉄筋コンクリート造,5,N,508号室,3DK,50,5,71300,2770,2か月,['近居割'],随時,https://www.ur-net.go.jp/chintai/kanto/tokyo/20_1290_room.html?JKSS=000104508,<li>西武多摩湖線「一橋学園」駅 徒歩11～19分</li><li>JR中央線「国分寺」駅バス13分 徒歩1～7分</li><li>西武新宿線「小平」駅バス6分 徒歩1～10分</li><li>JR中央線「武蔵小金井」駅バス15分 徒歩1～7分</li>
tokyo,kumegawa,小平,74070,,,,JR中央線「国分寺」駅,14.0,20.0,小平市喜平町3,1-4号棟,鉄筋コンクリート造,5,N,508号室,3DK,50,5,71300,2770,2か月,['近居割'],随時,https://www.ur-net.go.jp/chintai/kanto/tokyo/20_1290_room.html?JKSS=000104508,<li>西武多摩湖線「一橋学園」駅 徒歩11～19分</li><li>JR中央線「国分寺」駅バス13分 徒歩1～7分</li><li>西武新宿線「小平」駅バス6分 徒歩1～10分</li><li>JR中央線「武蔵小金井」駅バス15分 徒歩1～7分</li>
tokyo,kumegawa,小平,74070,,,,西武新宿線「小平」駅,7.0,16.0,小平市喜平町3,1-4号棟,鉄筋コンクリート造,5,N,508号室,3DK,50,5,71300,2770,2か月,['近居割'],随時,https://www.ur-net.go.jp/chintai/kanto/tokyo/20_1290_room.html?JKSS=000104508,<li>西武多摩湖線「一橋学園」駅 徒歩11～19分</li><li>JR中央線「国分寺」駅バス13分 徒歩1～7分</li><li>西武新宿線「小平」駅バス6分 徒歩1～10分</li><li>JR中央線「武蔵小金井」駅バス15分 徒歩1～7分</li>
tokyo,kumegawa,小平,74070,,,,JR中央線「武蔵小金井」駅,16.0,22.0,小平市喜平町3,1-4号棟,鉄筋コンクリート造,5,N,508号室,3DK,50,5,71300,2770,2か月,['近居割'],随時,https://www.ur-net.go.jp/chintai/kanto/tokyo/20_1290_room.html?JKSS=000104508,<li>西武多摩湖線「一橋学園」駅 徒歩11～19分</li><li>JR中央線「国分寺」駅バス13分 徒歩1～7分</li><li>西武新宿線「小平」駅バス6分 徒歩1～10分</li><li>JR中央線「武蔵小金井」駅バス15分 徒歩1～7分</li>
tokyo,kumegawa,小平,74070,,,,,,,小平市喜平町3,1-4号棟,鉄筋コンクリート造,5,N,508号室,3DK,50,5,71300,2770,2か月,['近居割'],随時,https://www.ur-net.go.jp/chintai/kanto/tokyo/20_1290_room.html?JKSS=000104508,<li>西武多摩湖線「一橋学園」駅 徒歩11～19分</li><li>JR中央線「国分寺」駅バス13分 徒歩1～7分</li><li>西武新宿線「小平」駅バス6分 徒歩1～10分</li><li>JR中央線「武蔵小金井」駅バス15分 徒歩1～7分</li>
tokyo,kumegawa,小平,76970,西武多摩湖線「一橋学園」駅,11.0,19.0,,,,小平市喜平町3,2-6号棟,鉄筋コンクリート造,4,N,410号室,3DK,50,5,74200,2770,2か月,['近居割'],随時,https://www.ur-net.go.jp/chintai/kanto/tokyo/20_1290_room.html?JKSS=000206410,<li>西武多摩湖線「一橋学園」駅 徒歩11～19分</li><li>JR中央線「国分寺」駅バス13分 徒歩1～7分</li><li>西武新宿線「小平」駅バス6分 徒歩1～10分</li><li>JR中央線「武蔵小金井」駅バス15分 徒歩1～7分</li>
tokyo,kumegawa,小平,76970,,,,JR中央線「国分寺」駅,14.0,20.0,小平市喜平町3,2-6号棟,鉄筋コンクリート造,4,N,410号室,3DK,50,5,74200,2770,2か月,['近居割'],随時,https://www.ur-net.go.jp/chintai/kanto/tokyo/20_1290_room.html?JKSS=000206410,<li>西武多摩湖線「一橋学園」駅 徒歩11～19分</li><li>JR中央線「国分寺」駅バス13分 徒歩1～7分</li><li>西武新宿線「小平」駅バス6分 徒歩1～10分</li><li>JR中央線「武蔵小金井」駅バス15分 徒歩1～7分</li>
tokyo,kumegawa,小平,76970,,,,西武新宿線「小平」駅,7.0,16.0,小平市喜平町3,2-6号棟,鉄筋コンクリート造,4,N,410号室,3DK,50,5,74200,2770,2か月,['近居割'],随時,https://www.ur-net.go.jp/chintai/kanto/tokyo/20_1290_room.html?JKSS=000206410,<li>西武多摩湖線「一橋学園」駅 徒歩11～19分</li><li>JR中央線「国分寺」駅バス13分 徒歩1～7分</li><li>西武新宿線「小平」駅バス6分 徒歩1～10分</li><li>JR中央線「武蔵小金井」駅バス15分 徒歩1～7分</li>
tokyo,kumegawa,小平,76970,,,,JR中央線「武蔵小金井」駅,16.0,22.0,小平市喜平町3,2-6号棟,鉄筋コンクリート造,4,N,410号室,3DK,50,5,74200,2770,2か月,['近居割'],随時,https://www.ur-net.go.jp/chintai/kanto/tokyo/20_1290_room.html?JKSS=000206410,<li>西武多摩湖線「一橋学園」駅 徒歩11～19分</li><li>JR中央線「国分寺」駅バス13分 徒歩1～7分</li><li>西武新宿線「小平」駅バス6分 徒歩1～10分</li><li>JR中央線「武蔵小金井」駅バス15分 徒歩1～7分</li>
tokyo,kumegawa,小平,76970,,,,,,,小平市喜平町3,2-6号棟,鉄筋コンクリート造,4,N,410号室,3DK,50,5,74200,2770,2か月,['近居割'],随時,https://www.ur-net.go.jp/chintai/kanto/tokyo/20_1290_room.html?JKSS=000206410,<li>西武多摩湖線「一橋学園」駅 徒歩11～19分</li><li>JR中央線「国分寺」駅バス13分 徒歩1～7分</li><li>西武新宿線「小平」駅バス6分 徒歩1～10分</li><li>JR中央線「武蔵小金井」駅バス15分 徒歩1～7分</li>
tokyo,kumegawa,小平,96270,西武多摩湖線「一橋学園」駅,11.0,19.0,,,,小平市喜平町3,1-14号棟,鉄筋コンクリート造,3,N,304号室,4K,61,5,93500,2770,2か月,['近居割'],随時,https://www.ur-net.go.jp/chintai/kanto/tokyo/20_1290_room.html?JKSS=000114304,<li>西武多摩湖線「一橋学園」駅 徒歩11～19分</li><li>JR中央線「国分寺」駅バス13分 徒歩1～7分</li><li>西武新宿線「小平」駅バス6分 徒歩1～10分</li><li>JR中央線「武蔵小金井」駅バス15分 徒歩1～7分</li>
tokyo,kumegawa,小平,96270,,,,JR中央線「国分寺」駅,14.0,20.0,小平市喜平町3,1-14号棟,鉄筋コンクリート造,3,N,304号室,4K,61,5,93500,2770,2か月,['近居割'],随時,https://www.ur-net.go.jp/chintai/kanto/tokyo/20_1290_room.html?JKSS=000114304,<li>西武多摩湖線「一橋学園」駅 徒歩11～19分</li><li>JR中央線「国分寺」駅バス13分 徒歩1～7分</li><li>西武新宿線「小平」駅バス6分 徒歩1～10分</li><li>JR中央線「武蔵小金井」駅バス15分 徒歩1～7分</li>
tokyo,kumegawa,小平,96270,,,,西武新宿線「小平」駅,7.0,16.0,小平市喜平町3,1-14号棟,鉄筋コンクリート造,3,N,304号室,4K,61,5,93500,2770,2か月,['近居割'],随時,https://www.ur-net.go.jp/chintai/kanto/tokyo/20_1290_room.html?JKSS=000114304,<li>西武多摩湖線「一橋学園」駅 徒歩11～19分</li><li>JR中央線「国分寺」駅バス13分 徒歩1～7分</li><li>西武新宿線「小平」駅バス6分 徒歩1～10分</li><li>JR中央線「武蔵小金井」駅バス15分 徒歩1～7分</li>
tokyo,kumegawa,小平,96270,,,,JR中央線「武蔵小金井」駅,16.0,22.0,小平市喜平町3,1-14号棟,鉄筋コンクリート造,3,N,304号室,4K,61,5,93500,2770,2か月,['近居割'],随時,https://www.ur-net.go.jp/chintai/kanto/tokyo/20_1290_room.html?JKSS=000114304,<li>西武多摩湖線「一橋学園」駅 徒歩11～19分</li><li>JR中央線「国分寺」駅バス13分 徒歩1～7分</li><li>西武新宿線「小平」駅バス6分 徒歩1～10分</li><li>JR中央線「武蔵小金井」駅バス15分 徒歩1～7分</li>
tokyo,kumegawa,小平,96270,,,,,,,小平市喜平町3,1-14号棟,鉄筋コンクリート造,3,N,304号室,4K,61,5,93500,2770,2か月,['近居割'],随時,https://www.ur-net.go.jp/chintai/kanto/tokyo/20_1290_room.html?JKSS=000114304,<li>西武多摩湖線「一橋学園」駅 徒歩11～19分</li><li>JR中央線「国分寺」駅バス13分 徒歩1～7分</li><li>西武新宿線「小平」駅バス6分 徒歩1～10分</li><li>JR中央線「武蔵小金井」駅バス15分 徒歩1～7分</li>
tokyo,hibarigaoka,小平駅南口,91600,西武新宿線ほか｢小平｣駅,1.0,1.0,,,,小平市美園町1-33-1,,鉄筋コンクリート造,5,N,501号室,2DK,46,10,86900,4700,2か月,['URライト（4年定借）'],随時,https://www.ur-net.go.jp/chintai/kanto/tokyo/20_1770_room.html?JKSS=000010501,<li>西武新宿線ほか｢小平｣駅 徒歩1分</li>
tokyo,hibarigaoka,小平駅南口,91600,,,,,,,小平市美園町1-33-1,,鉄筋コンクリート造,5,N,501号室,2DK,46,10,86900,4700,2か月,['URライト（4年定借）'],随時,https://www.ur-net.go.jp/chintai/kanto/tokyo/20_1770_room.html?JKSS=000010501,<li>西武新宿線ほか｢小平｣駅 徒歩1分</li>
tokyo,nagayama,高幡台,61600,京王線「高幡不動」駅,17.0,25.0,京王線「高幡不動」駅,6.0,14.0,日野市程久保650,36号棟,鉄筋コンクリート造,3,N,303号室,1LDK,45,5,57300,4300,2か月,"['近居割', '近居割WIDE']",随時,https://www.ur-net.go.jp/chintai/kanto/tokyo/20_1970_room.html?JKSS=000360303,<li>京王線「高幡不動」駅 徒歩17～25分 またはバス4分 徒歩2～10分</li><li>多摩都市モノレール「程久保」駅 徒歩9～14分</li><li>多摩都市モノレール「多摩動物公園」駅 徒歩12～23分</li>
tokyo,nagayama,高幡台,61600,多摩都市モノレール「程久保」駅,9.0,14.0,,,,日野市程久保650,36号棟,鉄筋コンクリート造,3,N,303号室,1LDK,45,5,57300,4300,2か月,"['近居割', '近居割WIDE']",随時,https://www.ur-net.go.jp/chintai/kanto/tokyo/20_1970_room.html?JKSS=000360303,<li>京王線「高幡不動」駅 徒歩17～25分 またはバス4分 徒歩2～10分</li><li>多摩都市モノレール「程久保」駅 徒歩9～14分</li><li>多摩都市モノレール「多摩動物公園」駅 徒歩12～23分</li>
tokyo,nagayama,高幡台,61600,多摩都市モノレール「多摩動物公園」駅,12.0,23.0,,,,日野市程久保650,36号棟,鉄筋コンクリート造,3,N,303号室,1LDK,45,5,57300,4300,2か月,"['近居割', '近居割WIDE']",随時,https://www.ur-net.go.jp/chintai/kanto/tokyo/20_1970_room.html?JKSS=000360303,<li>京王線「高幡不動」駅 徒歩17～25分 またはバス4分 徒歩2～10分</li><li>多摩都市モノレール「程久保」駅 徒歩9～14分</li><li>多摩都市モノレール「多摩動物公園」駅 徒歩12～23分</li>
tokyo,nagayama,高幡台,61600,,,,,,,日野市程久保650,36号棟,鉄筋コンクリート造,3,N,303号室,1LDK,45,5,57300,4300,2か月,"['近居割', '近居割WIDE']",随時,https://www.ur-net.go.jp/chintai/kanto/tokyo/20_1970_room.html?JKSS=000360303,<li>京王線「高幡不動」駅 徒歩17～25分 またはバス4分 徒歩2～10分</li><li>多摩都市モノレール「程久保」駅 徒歩9～14分</li><li>多摩都市モノレール「多摩動物公園」駅 徒歩12～23分</li>
tokyo,nagayama,高幡台,62500,京王線「高幡不動」駅,17.0,25.0,京王線「高幡不動」駅,6.0,14.0,日野市程久保650,47号棟,鉄筋コンクリート造,3,N,305号室,2DK,45,5,58200,4300,2か月,"['近居割', '近居割WIDE']",随時,https://www.ur-net.go.jp/chintai/kanto/tokyo/20_1970_room.html?JKSS=000470305,<li>京王線「高幡不動」駅 徒歩17～25分 またはバス4分 徒歩2～10分</li><li>多摩都市モノレール「程久保」駅 徒歩9～14分</li><li>多摩都市モノレール「多摩動物公園」駅 徒歩12～23分</li>
tokyo,nagayama,高幡台,62500,多摩都市モノレール「程久保」駅,9.0,14.0,,,,日野市程久保650,47号棟,鉄筋コンクリート造,3,N,305号室,2DK,45,5,58200,4300,2か月,"['近居割', '近居割WIDE']",随時,https://www.ur-net.go.jp/chintai/kanto/tokyo/20_1970_room.html?JKSS=000470305,<li>京王線「高幡不動」駅 徒歩17～25分 またはバス4分 徒歩2～10分</li><li>多摩都市モノレール「程久保」駅 徒歩9～14分</li><li>多摩都市モノレール「多摩動物公園」駅 徒歩12～23分</li>
tokyo,nagayama,高幡台,62500,多摩都市モノレール「多摩動物公園」駅,12.0,23.0,,,,日野市程久保650,47号棟,鉄筋コンクリート造,3,N,305号室,2DK,45,5,58200,4300,2か月,"['近居割', '近居割WIDE']",随時,https://www.ur-net.go.jp/chintai/kanto/tokyo/20_1970_room.html?JKSS=000470305,<li>京王線「高幡不動」駅 徒歩17～25分 またはバス4分 徒歩2～10分</li><li>多摩都市モノレール「程久保」駅 徒歩9～14分</li><li>多摩都市モノレール「多摩動物公園」駅 徒歩12～23分</li>
tokyo,nagayama,高幡台,62500,,,,,,,日野市程久保650,47号棟,鉄筋コンクリート造,3,N,305号室,2DK,45,5,58200,4300,2か月,"['近居割', '近居割WIDE']",随時,https://www.ur-net.go.jp/chintai/kanto/tokyo/20_1970_room.html?JKSS=000470305,<li>京王線「高幡不動」駅 徒歩17～25分 またはバス4分 徒歩2～10分</li><li>多摩都市モノレール「程久保」駅 徒歩9～14分</li><li>多摩都市モノレール「多摩動物公園」駅 徒歩12～23分</li>
tokyo,nagayama,高幡台,70400,京王線「高幡不動」駅,17.0,25.0,京王線「高幡不動」駅,6.0,14.0,日野市程久保650,33号棟,鉄筋コンクリート造,4,N,403号室,3DK,54,5,66100,4300,2か月,"['近居割', '近居割WIDE']",随時,https://www.ur-net.go.jp/chintai/kanto/tokyo/20_1970_room.html?JKSS=000330403,<li>京王線「高幡不動」駅 徒歩17～25分 またはバス4分 徒歩2～10分</li><li>多摩都市モノレール「程久保」駅 徒歩9～14分</li><li>多摩都市モノレール「多摩動物公園」駅 徒歩12～23分</li>
tokyo,nagayama,高幡台,70400,多摩都市モノレール「程久保」駅,9.0,14.0,,,,日野市程久保650,33号棟,鉄筋コンクリート造,4,N,403号室,3DK,54,5,66100,4300,2か月,"['近居割', '近居割WIDE']",随時,https://www.ur-net.go.jp/chintai/kanto/tokyo/20_1970_room.html?JKSS=000330403,<li>京王線「高幡不動」駅 徒歩17～25分 またはバス4分 徒歩2～10分</li><li>多摩都市モノレール「程久保」駅 徒歩9～14分</li><li>多摩都市モノレール「多摩動物公園」駅 徒歩12～23分</li>
tokyo,nagayama,高幡台,70400,多摩都市モノレール「多摩動物公園」駅,12.0,23.0,,,,日野市程久保650,33号棟,鉄筋コンクリート造,4,N,403号室,3DK,54,5,66100,4300,2か月,"['近居割', '近居割WIDE']",随時,https://www.ur-net.go.jp/chintai/kanto/tokyo/20_1970_room.html?JKSS=000330403,<li>京王線「高幡不動」駅 徒歩17～25分 またはバス4分 徒歩2～10分</li><li>多摩都市モノレール「程久保」駅 徒歩9～14分</li><li>多摩都市モノレール「多摩動物公園」駅 徒歩12～23分</li>
tokyo,nagayama,高幡台,70400,,,,,,,日野市程久保650,33号棟,鉄筋コンクリート造,4,N,403号室,3DK,54,5,66100,4300,2か月,"['近居割', '近居割WIDE']",随時,https://www.ur-net.go.jp/chintai/kanto/tokyo/20_1970_room.html?JKSS=000330403,<li>京王線「高幡不動」駅 徒歩17～25分 またはバス4分 徒歩2～10分</li><li>多摩都市モノレール「程久保」駅 徒歩9～14分</li><li>多摩都市モノレール「多摩動物公園」駅 徒歩12～23分</li>
tokyo,nagayama,百草,71750,京王線「高幡不動」駅,19.0,32.0,京王線「高幡不動」駅,8.0,16.0,多摩市和田1261、日野市百草999,1-3-4号棟,鉄筋コンクリート造,3,N,314号室,3DK,55,5,67000,4750,2か月,"['近居割', '近居割WIDE']",随時,https://www.ur-net.go.jp/chintai/kanto/tokyo/20_1870_room.html?JKSS=103040314,<li>京王線「高幡不動」駅 徒歩19～32分 またはバス7～8分 徒歩1～8分</li><li>京王線「聖蹟桜ヶ丘」駅バス14～15分 徒歩1～8分</li><li>京王相模原線「京王多摩センター」駅バス9分 徒歩2～13分</li>
tokyo,nagayama,百草,71750,,,,京王線「聖蹟桜ヶ丘」駅,15.0,23.0,多摩市和田1261、日野市百草999,1-3-4号棟,鉄筋コンクリート造,3,N,314号室,3DK,55,5,67000,4750,2か月,"['近居割', '近居割WIDE']",随時,https://www.ur-net.go.jp/chintai/kanto/tokyo/20_1870_room.html?JKSS=103040314,<li>京王線「高幡不動」駅 徒歩19～32分 またはバス7～8分 徒歩1～8分</li><li>京王線「聖蹟桜ヶ丘」駅バス14～15分 徒歩1～8分</li><li>京王相模原線「京王多摩センター」駅バス9分 徒歩2～13分</li>
tokyo,nagayama,百草,71750,,,,京王相模原線「京王多摩センター」駅,11.0,22.0,多摩市和田1261、日野市百草999,1-3-4号棟,鉄筋コンクリート造,3,N,314号室,3DK,55,5,67000,4750,2か月,"['近居割', '近居割WIDE']",随時,https://www.ur-net.go.jp/chintai/kanto/tokyo/20_1870_room.html?JKSS=103040314,<li>京王線「高幡不動」駅 徒歩19～32分 またはバス7～8分 徒歩1～8分</li><li>京王線「聖蹟桜ヶ丘」駅バス14～15分 徒歩1～8分</li><li>京王相模原線「京王多摩センター」駅バス9分 徒歩2～13分</li>
tokyo,nagayama,百草,71750,,,,,,,多摩市和田1261、日野市百草999,1-3-4号棟,鉄筋コンクリート造,3,N,314号室,3DK,55,5,67000,4750,2か月,"['近居割', '近居割WIDE']",随時,https://www.ur-net.go.jp/chintai/kanto/tokyo/20_1870_room.html?JKSS=103040314,<li>京王線「高幡不動」駅 徒歩19～32分 またはバス7～8分 徒歩1～8分</li><li>京王線「聖蹟桜ヶ丘」駅バス14～15分 徒歩1～8分</li><li>京王相模原線「京王多摩センター」駅バス9分 徒歩2～13分</li>
tokyo,nagayama,百草,72550,京王線「高幡不動」駅,19.0,32.0,京王線「高幡不動」駅,8.0,16.0,多摩市和田1261、日野市百草999,1-3-3号棟,鉄筋コンクリート造,2,N,204号室,2LDK,56,5,67800,4750,2か月,"['近居割', '近居割WIDE']",随時,https://www.ur-net.go.jp/chintai/kanto/tokyo/20_1870_room.html?JKSS=103030204,<li>京王線「高幡不動」駅 徒歩19～32分 またはバス7～8分 徒歩1～8分</li><li>京王線「聖蹟桜ヶ丘」駅バス14～15分 徒歩1～8分</li><li>京王相模原線「京王多摩センター」駅バス9分 徒歩2～13分</li>
tokyo,nagayama,百草,72550,,,,京王線「聖蹟桜ヶ丘」駅,15.0,23.0,多摩市和田1261、日野市百草999,1-3-3号棟,鉄筋コンクリート造,2,N,204号室,2LDK,56,5,67800,4750,2か月,"['近居割', '近居割WIDE']",随時,https://www.ur-net.go.jp/chintai/kanto/tokyo/20_1870_room.html?JKSS=103030204,<li>京王線「高幡不動」駅 徒歩19～32分 またはバス7～8分 徒歩1～8分</li><li>京王線「聖蹟桜ヶ丘」駅バス14～15分 徒歩1～8分</li><li>京王相模原線「京王多摩センター」駅バス9分 徒歩2～13分</li>
tokyo,nagayama,百草,72550,,,,京王相模原線「京王多摩センター」駅,11.0,22.0,多摩市和田1261、日野市百草999,1-3-3号棟,鉄筋コンクリート造,2,N,204号室,2LDK,56,5,67800,4750,2か月,"['近居割', '近居割WIDE']",随時,https://www.ur-net.go.jp/chintai/kanto/tokyo/20_1870_room.html?JKSS=103030204,<li>京王線「高幡不動」駅 徒歩19～32分 またはバス7～8分 徒歩1～8分</li><li>京王線「聖蹟桜ヶ丘」駅バス14～15分 徒歩1～8分</li><li>京王相模原線「京王多摩センター」駅バス9分 徒歩2～13分</li>
tokyo,nagayama,百草,72550,,,,,,,多摩市和田1261、日野市百草999,1-3-3号棟,鉄筋コンクリート造,2,N,204号室,2LDK,56,5,67800,4750,2か月,"['近居割', '近居割WIDE']",随時,https://www.ur-net.go.jp/chintai/kanto/tokyo/20_1870_room.html?JKSS=103030204,<li>京王線「高幡不動」駅 徒歩19～32分 またはバス7～8分 徒歩1～8分</li><li>京王線「聖蹟桜ヶ丘」駅バス14～15分 徒歩1～8分</li><li>京王相模原線「京王多摩センター」駅バス9分 徒歩2～13分</li>
tokyo,hachioji,シティハイツ日野旭が丘,96600,JR中央線「豊田」駅,20.0,24.0,JR中央線「豊田」駅,8.0,13.0,日野市旭が丘4-7-5,3号棟,鉄筋コンクリート造、鉄骨鉄筋コンクリート造,5,N,514号室,2DK,51,6,93900,2700,2か月,"['近居割', '近居割WIDE']",随時,https://www.ur-net.go.jp/chintai/kanto/tokyo/20_4360_room.html?JKSS=000030514,<li>JR中央線「豊田」駅 徒歩20～24分 またはバス7分 徒歩1～6分</li><li>京王線「長沼」駅 徒歩26～28分</li><li>JR八高線「北八王子」駅 徒歩23～25分</li>
tokyo,hachioji,シティハイツ日野旭が丘,96600,京王線「長沼」駅,26.0,28.0,,,,日野市旭が丘4-7-5,3号棟,鉄筋コンクリート造、鉄骨鉄筋コンクリート造,5,N,514号室,2DK,51,6,93900,2700,2か月,"['近居割', '近居割WIDE']",随時,https://www.ur-net.go.jp/chintai/kanto/tokyo/20_4360_room.html?JKSS=000030514,<li>JR中央線「豊田」駅 徒歩20～24分 またはバス7分 徒歩1～6分</li><li>京王線「長沼」駅 徒歩26～28分</li><li>JR八高線「北八王子」駅 徒歩23～25分</li>
tokyo,hachioji,シティハイツ日野旭が丘,96600,JR八高線「北八王子」駅,23.0,25.0,,,,日野市旭が丘4-7-5,3号棟,鉄筋コンクリート造、鉄骨鉄筋コンクリート造,5,N,514号室,2DK,51,6,93900,2700,2か月,"['近居割', '近居割WIDE']",随時,https://www.ur-net.go.jp/chintai/kanto/tokyo/20_4360_room.html?JKSS=000030514,<li>JR中央線「豊田」駅 徒歩20～24分 またはバス7分 徒歩1～6分</li><li>京王線「長沼」駅 徒歩26～28分</li><li>JR八高線「北八王子」駅 徒歩23～25分</li>
tokyo,hachioji,シティハイツ日野旭が丘,96600,,,,,,,日野市旭が丘4-7-5,3号棟,鉄筋コンクリート造、鉄骨鉄筋コンクリート造,5,N,514号室,2DK,51,6,93900,2700,2か月,"['近居割', '近居割WIDE']",随時,https://www.ur-net.go.jp/chintai/kanto/tokyo/20_4360_room.html?JKSS=000030514,<li>JR中央線「豊田」駅 徒歩20～24分 またはバス7分 徒歩1～6分</li><li>京王線「長沼」駅 徒歩26～28分</li><li>JR八高線「北八王子」駅 徒歩23～25分</li>
tokyo,hachioji,シティハイツ日野旭が丘,112400,JR中央線「豊田」駅,20.0,24.0,JR中央線「豊田」駅,8.0,13.0,日野市旭が丘4-7-5,6号棟,鉄筋コンクリート造、鉄骨鉄筋コンクリート造,12,N,1201号室,2DK,57,12,109700,2700,2か月,"['近居割', '近居割WIDE']",随時,https://www.ur-net.go.jp/chintai/kanto/tokyo/20_4360_room.html?JKSS=000061201,<li>JR中央線「豊田」駅 徒歩20～24分 またはバス7分 徒歩1～6分</li><li>京王線「長沼」駅 徒歩26～28分</li><li>JR八高線「北八王子」駅 徒歩23～25分</li>
tokyo,hachioji,シティハイツ日野旭が丘,112400,京王線「長沼」駅,26.0,28.0,,,,日野市旭が丘4-7-5,6号棟,鉄筋コンクリート造、鉄骨鉄筋コンクリート造,12,N,1201号室,2DK,57,12,109700,2700,2か月,"['近居割', '近居割WIDE']",随時,https://www.ur-net.go.jp/chintai/kanto/tokyo/20_4360_room.html?JKSS=000061201,<li>JR中央線「豊田」駅 徒歩20～24分 またはバス7分 徒歩1～6分</li><li>京王線「長沼」駅 徒歩26～28分</li><li>JR八高線「北八王子」駅 徒歩23～25分</li>
tokyo,hachioji,シティハイツ日野旭が丘,112400,JR八高線「北八王子」駅,23.0,25.0,,,,日野市旭が丘4-7-5,6号棟,鉄筋コンクリート造、鉄骨鉄筋コンクリート造,12,N,1201号室,2DK,57,12,109700,2700,2か月,"['近居割', '近居割WIDE']",随時,https://www.ur-net.go.jp/chintai/kanto/tokyo/20_4360_room.html?JKSS=000061201,<li>JR中央線「豊田」駅 徒歩20～24分 またはバス7分 徒歩1～6分</li><li>京王線「長沼」駅 徒歩26～28分</li><li>JR八高線「北八王子」駅 徒歩23～25分</li>
tokyo,hachioji,シティハイツ日野旭が丘,112400,,,,,,,日野市旭が丘4-7-5,6号棟,鉄筋コンクリート造、鉄骨鉄筋コンクリート造,12,N,1201号室,2DK,57,12,109700,2700,2か月,"['近居割', '近居割WIDE']",随時,https://www.ur-net.go.jp/chintai/kanto/tokyo/20_4360_room.html?JKSS=000061201,<li>JR中央線「豊田」駅 徒歩20～24分 またはバス7分 徒歩1～6分</li><li>京王線「長沼」駅 徒歩26～28分</li><li>JR八高線「北八王子」駅 徒歩23～25分</li>
tokyo,hachioji,多摩平の森,134600,JR中央線「豊田」駅,7.0,15.0,,,,日野市多摩平4-6ほか,2-6号棟,鉄筋コンクリート造,3,N,305号室,2LDK,60,11,130600,4000,2か月,"['近居割', '近居割WIDE']",随時,https://www.ur-net.go.jp/chintai/kanto/tokyo/20_6510_room.html?JKSS=002060305,<li>JR中央線「豊田」駅 徒歩7～15分</li><li>JR中央線「日野」駅 徒歩24～33分</li><li>京王線「南平」駅 徒歩25～32分</li>
tokyo,hachioji,多摩平の森,134600,JR中央線「日野」駅,24.0,33.0,,,,日野市多摩平4-6ほか,2-6号棟,鉄筋コンクリート造,3,N,305号室,2LDK,60,11,130600,4000,2か月,"['近居割', '近居割WIDE']",随時,https://www.ur-net.go.jp/chintai/kanto/tokyo/20_6510_room.html?JKSS=002060305,<li>JR中央線「豊田」駅 徒歩7～15分</li><li>JR中央線「日野」駅 徒歩24～33分</li><li>京王線「南平」駅 徒歩25～32分</li>
tokyo,hachioji,多摩平の森,134600,京王線「南平」駅,25.0,32.0,,,,日野市多摩平4-6ほか,2-6号棟,鉄筋コンクリート造,3,N,305号室,2LDK,60,11,130600,4000,2か月,"['近居割', '近居割WIDE']",随時,https://www.ur-net.go.jp/chintai/kanto/tokyo/20_6510_room.html?JKSS=002060305,<li>JR中央線「豊田」駅 徒歩7～15分</li><li>JR中央線「日野」駅 徒歩24～33分</li><li>京王線「南平」駅 徒歩25～32分</li>
tokyo,hachioji,多摩平の森,134600,,,,,,,日野市多摩平4-6ほか,2-6号棟,鉄筋コンクリート造,3,N,305号室,2LDK,60,11,130600,4000,2か月,"['近居割', '近居割WIDE']",随時,https://www.ur-net.go.jp/chintai/kanto/tokyo/20_6510_room.html?JKSS=002060305,<li>JR中央線「豊田」駅 徒歩7～15分</li><li>JR中央線「日野」駅 徒歩24～33分</li><li>京王線「南平」駅 徒歩25～32分</li>
tokyo,hachioji,多摩平の森,139800,JR中央線「豊田」駅,7.0,15.0,,,,日野市多摩平4-6ほか,2-4号棟,鉄筋コンクリート造,4,N,405号室,1LDK,59,6,135800,4000,2か月,"['近居割', '近居割WIDE']",随時,https://www.ur-net.go.jp/chintai/kanto/tokyo/20_6510_room.html?JKSS=002040405,<li>JR中央線「豊田」駅 徒歩7～15分</li><li>JR中央線「日野」駅 徒歩24～33分</li><li>京王線「南平」駅 徒歩25～32分</li>
tokyo,hachioji,多摩平の森,139800,JR中央線「日野」駅,24.0,33.0,,,,日野市多摩平4-6ほか,2-4号棟,鉄筋コンクリート造,4,N,405号室,1LDK,59,6,135800,4000,2か月,"['近居割', '近居割WIDE']",随時,https://www.ur-net.go.jp/chintai/kanto/tokyo/20_6510_room.html?JKSS=002040405,<li>JR中央線「豊田」駅 徒歩7～15分</li><li>JR中央線「日野」駅 徒歩24～33分</li><li>京王線「南平」駅 徒歩25～32分</li>
tokyo,hachioji,多摩平の森,139800,京王線「南平」駅,25.0,32.0,,,,日野市多摩平4-6ほか,2-4号棟,鉄筋コンクリート造,4,N,405号室,1LDK,59,6,135800,4000,2か月,"['近居割', '近居割WIDE']",随時,https://www.ur-net.go.jp/chintai/kanto/tokyo/20_6510_room.html?JKSS=002040405,<li>JR中央線「豊田」駅 徒歩7～15分</li><li>JR中央線「日野」駅 徒歩24～33分</li><li>京王線「南平」駅 徒歩25～32分</li>
tokyo,hachioji,多摩平の森,139800,,,,,,,日野市多摩平4-6ほか,2-4号棟,鉄筋コンクリート造,4,N,405号室,1LDK,59,6,135800,4000,2か月,"['近居割', '近居割WIDE']",随時,https://www.ur-net.go.jp/chintai/kanto/tokyo/20_6510_room.html?JKSS=002040405,<li>JR中央線「豊田」駅 徒歩7～15分</li><li>JR中央線「日野」駅 徒歩24～33分</li><li>京王線「南平」駅 徒歩25～32分</li>
tokyo,hachioji,多摩平の森,160100,JR中央線「豊田」駅,7.0,15.0,,,,日野市多摩平4-6ほか,2-10号棟,鉄筋コンクリート造,1,N,104号室,3LDK,80,6,156100,4000,2か月,"['近居割', '近居割WIDE']",随時,https://www.ur-net.go.jp/chintai/kanto/tokyo/20_6510_room.html?JKSS=002100104,<li>JR中央線「豊田」駅 徒歩7～15分</li><li>JR中央線「日野」駅 徒歩24～33分</li><li>京王線「南平」駅 徒歩25～32分</li>
tokyo,hachioji,多摩平の森,160100,JR中央線「日野」駅,24.0,33.0,,,,日野市多摩平4-6ほか,2-10号棟,鉄筋コンクリート造,1,N,104号室,3LDK,80,6,156100,4000,2か月,"['近居割', '近居割WIDE']",随時,https://www.ur-net.go.jp/chintai/kanto/tokyo/20_6510_room.html?JKSS=002100104,<li>JR中央線「豊田」駅 徒歩7～15分</li><li>JR中央線「日野」駅 徒歩24～33分</li><li>京王線「南平」駅 徒歩25～32分</li>
tokyo,hachioji,多摩平の森,160100,京王線「南平」駅,25.0,32.0,,,,日野市多摩平4-6ほか,2-10号棟,鉄筋コンクリート造,1,N,104号室,3LDK,80,6,156100,4000,2か月,"['近居割', '近居割WIDE']",随時,https://www.ur-net.go.jp/chintai/kanto/tokyo/20_6510_room.html?JKSS=002100104,<li>JR中央線「豊田」駅 徒歩7～15分</li><li>JR中央線「日野」駅 徒歩24～33分</li><li>京王線「南平」駅 徒歩25～32分</li>
tokyo,hachioji,多摩平の森,160100,,,,,,,日野市多摩平4-6ほか,2-10号棟,鉄筋コンクリート造,1,N,104号室,3LDK,80,6,156100,4000,2か月,"['近居割', '近居割WIDE']",随時,https://www.ur-net.go.jp/chintai/kanto/tokyo/20_6510_room.html?JKSS=002100104,<li>JR中央線「豊田」駅 徒歩7～15分</li><li>JR中央線「日野」駅 徒歩24～33分</li><li>京王線「南平」駅 徒歩25～32分</li>
tokyo,tachikawa,西国分寺ゆかり壱番街,169440,JR中央線「西国分寺」駅,5.0,7.0,,,,国分寺市泉町3-3ほか,2号棟,鉄筋コンクリート造,2,N,208号室,3LDK,74,8,164300,5140,2か月,['近居割'],2026年8月20日以降,https://www.ur-net.go.jp/chintai/kanto/tokyo/20_5400_room.html?JKSS=000020208,<li>JR中央線「西国分寺」駅 徒歩5～7分</li><li>JR中央線「国分寺」駅 徒歩19～20分</li><li>JR中央線「国立」駅 徒歩28～29分</li>
tokyo,tachikawa,西国分寺ゆかり壱番街,169440,JR中央線「国分寺」駅,19.0,20.0,,,,国分寺市泉町3-3ほか,2号棟,鉄筋コンクリート造,2,N,208号室,3LDK,74,8,164300,5140,2か月,['近居割'],2026年8月20日以降,https://www.ur-net.go.jp/chintai/kanto/tokyo/20_5400_room.html?JKSS=000020208,<li>JR中央線「西国分寺」駅 徒歩5～7分</li><li>JR中央線「国分寺」駅 徒歩19～20分</li><li>JR中央線「国立」駅 徒歩28～29分</li>
tokyo,tachikawa,西国分寺ゆかり壱番街,169440,JR中央線「国立」駅,28.0,29.0,,,,国分寺市泉町3-3ほか,2号棟,鉄筋コンクリート造,2,N,208号室,3LDK,74,8,164300,5140,2か月,['近居割'],2026年8月20日以降,https://www.ur-net.go.jp/chintai/kanto/tokyo/20_5400_room.html?JKSS=000020208,<li>JR中央線「西国分寺」駅 徒歩5～7分</li><li>JR中央線「国分寺」駅 徒歩19～20分</li><li>JR中央線「国立」駅 徒歩28～29分</li>
tokyo,tachikawa,西国分寺ゆかり壱番街,169440,,,,,,,国分寺市泉町3-3ほか,2号棟,鉄筋コンクリート造,2,N,208号室,3LDK,74,8,164300,5140,2か月,['近居割'],2026年8月20日以降,https://www.ur-net.go.jp/chintai/kanto/tokyo/20_5400_room.html?JKSS=000020208,<li>JR中央線「西国分寺」駅 徒歩5～7分</li><li>JR中央線「国分寺」駅 徒歩19～20分</li><li>JR中央線「国立」駅 徒歩28～29分</li>
tokyo,chofu,神代,85200,京王線「つつじケ丘」駅,7.0,19.0,,,,調布市西つつじヶ丘4-23、狛江市西野川1-25,55号棟,鉄筋コンクリート造,4,N,403号室,2DK,39,5,81400,3800,2か月,['URライト（4年定借）'],随時,https://www.ur-net.go.jp/chintai/kanto/tokyo/20_1320_room.html?JKSS=000055403,<li>京王線「つつじケ丘」駅 徒歩7～19分</li><li>小田急小田原線「成城学園前」駅バス11～15分 徒歩1～5分</li><li>小田急小田原線「狛江」駅バス7～9分 徒歩1～5分</li>
tokyo,chofu,神代,85200,,,,小田急小田原線「成城学園前」駅,12.0,20.0,調布市西つつじヶ丘4-23、狛江市西野川1-25,55号棟,鉄筋コンクリート造,4,N,403号室,2DK,39,5,81400,3800,2か月,['URライト（4年定借）'],随時,https://www.ur-net.go.jp/chintai/kanto/tokyo/20_1320_room.html?JKSS=000055403,<li>京王線「つつじケ丘」駅 徒歩7～19分</li><li>小田急小田原線「成城学園前」駅バス11～15分 徒歩1～5分</li><li>小田急小田原線「狛江」駅バス7～9分 徒歩1～5分</li>
tokyo,chofu,神代,85200,,,,小田急小田原線「狛江」駅,8.0,14.0,調布市西つつじヶ丘4-23、狛江市西野川1-25,55号棟,鉄筋コンクリート造,4,N,403号室,2DK,39,5,81400,3800,2か月,['URライト（4年定借）'],随時,https://www.ur-net.go.jp/chintai/kanto/tokyo/20_1320_room.html?JKSS=000055403,<li>京王線「つつじケ丘」駅 徒歩7～19分</li><li>小田急小田原線「成城学園前」駅バス11～15分 徒歩1～5分</li><li>小田急小田原線「狛江」駅バス7～9分 徒歩1～5分</li>
tokyo,chofu,神代,85200,,,,,,,調布市西つつじヶ丘4-23、狛江市西野川1-25,55号棟,鉄筋コンクリート造,4,N,403号室,2DK,39,5,81400,3800,2か月,['URライト（4年定借）'],随時,https://www.ur-net.go.jp/chintai/kanto/tokyo/20_1320_room.html?JKSS=000055403,<li>京王線「つつじケ丘」駅 徒歩7～19分</li><li>小田急小田原線「成城学園前」駅バス11～15分 徒歩1～5分</li><li>小田急小田原線「狛江」駅バス7～9分 徒歩1～5分</li>
tokyo,chofu,神代,95300,京王線「つつじケ丘」駅,7.0,19.0,,,,調布市西つつじヶ丘4-23、狛江市西野川1-25,57号棟,鉄筋コンクリート造,5,N,512号室,3DK,50,5,91500,3800,2か月,['URライト（4年定借）'],随時,https://www.ur-net.go.jp/chintai/kanto/tokyo/20_1320_room.html?JKSS=000057512,<li>京王線「つつじケ丘」駅 徒歩7～19分</li><li>小田急小田原線「成城学園前」駅バス11～15分 徒歩1～5分</li><li>小田急小田原線「狛江」駅バス7～9分 徒歩1～5分</li>
tokyo,chofu,神代,95300,,,,小田急小田原線「成城学園前」駅,12.0,20.0,調布市西つつじヶ丘4-23、狛江市西野川1-25,57号棟,鉄筋コンクリート造,5,N,512号室,3DK,50,5,91500,3800,2か月,['URライト（4年定借）'],随時,https://www.ur-net.go.jp/chintai/kanto/tokyo/20_1320_room.html?JKSS=000057512,<li>京王線「つつじケ丘」駅 徒歩7～19分</li><li>小田急小田原線「成城学園前」駅バス11～15分 徒歩1～5分</li><li>小田急小田原線「狛江」駅バス7～9分 徒歩1～5分</li>
tokyo,chofu,神代,95300,,,,小田急小田原線「狛江」駅,8.0,14.0,調布市西つつじヶ丘4-23、狛江市西野川1-25,57号棟,鉄筋コンクリート造,5,N,512号室,3DK,50,5,91500,3800,2か月,['URライト（4年定借）'],随時,https://www.ur-net.go.jp/chintai/kanto/tokyo/20_1320_room.html?JKSS=000057512,<li>京王線「つつじケ丘」駅 徒歩7～19分</li><li>小田急小田原線「成城学園前」駅バス11～15分 徒歩1～5分</li><li>小田急小田原線「狛江」駅バス7～9分 徒歩1～5分</li>
tokyo,chofu,神代,95300,,,,,,,調布市西つつじヶ丘4-23、狛江市西野川1-25,57号棟,鉄筋コンクリート造,5,N,512号室,3DK,50,5,91500,3800,2か月,['URライト（4年定借）'],随時,https://www.ur-net.go.jp/chintai/kanto/tokyo/20_1320_room.html?JKSS=000057512,<li>京王線「つつじケ丘」駅 徒歩7～19分</li><li>小田急小田原線「成城学園前」駅バス11～15分 徒歩1～5分</li><li>小田急小田原線「狛江」駅バス7～9分 徒歩1～5分</li>
tokyo,hibarigaoka,清瀬旭が丘,58800,,,,西武池袋線「清瀬」駅,10.0,19.0,清瀬市旭が丘2ほか,5-2-3号棟,鉄筋コンクリート造,5,N,506号室,3K,45,5,55800,3000,2か月,"['近居割', '近居割WIDE']",随時,https://www.ur-net.go.jp/chintai/kanto/tokyo/20_1580_room.html?JKSS=000523506,<li>西武池袋線「清瀬」駅バス9～15分 徒歩1～4分</li><li>東武東上線「志木」駅バス20～22分 徒歩1～4分</li><li>JR武蔵野線「新座」駅バス10～12分 徒歩1～4分</li>
tokyo,hibarigaoka,清瀬旭が丘,58800,,,,東武東上線「志木」駅,21.0,26.0,清瀬市旭が丘2ほか,5-2-3号棟,鉄筋コンクリート造,5,N,506号室,3K,45,5,55800,3000,2か月,"['近居割', '近居割WIDE']",随時,https://www.ur-net.go.jp/chintai/kanto/tokyo/20_1580_room.html?JKSS=000523506,<li>西武池袋線「清瀬」駅バス9～15分 徒歩1～4分</li><li>東武東上線「志木」駅バス20～22分 徒歩1～4分</li><li>JR武蔵野線「新座」駅バス10～12分 徒歩1～4分</li>
tokyo,hibarigaoka,清瀬旭が丘,58800,,,,JR武蔵野線「新座」駅,11.0,16.0,清瀬市旭が丘2ほか,5-2-3号棟,鉄筋コンクリート造,5,N,506号室,3K,45,5,55800,3000,2か月,"['近居割', '近居割WIDE']",随時,https://www.ur-net.go.jp/chintai/kanto/tokyo/20_1580_room.html?JKSS=000523506,<li>西武池袋線「清瀬」駅バス9～15分 徒歩1～4分</li><li>東武東上線「志木」駅バス20～22分 徒歩1～4分</li><li>JR武蔵野線「新座」駅バス10～12分 徒歩1～4分</li>
tokyo,hibarigaoka,清瀬旭が丘,58800,,,,,,,清瀬市旭が丘2ほか,5-2-3号棟,鉄筋コンクリート造,5,N,506号室,3K,45,5,55800,3000,2か月,"['近居割', '近居割WIDE']",随時,https://www.ur-net.go.jp/chintai/kanto/tokyo/20_1580_room.html?JKSS=000523506,<li>西武池袋線「清瀬」駅バス9～15分 徒歩1～4分</li><li>東武東上線「志木」駅バス20～22分 徒歩1～4分</li><li>JR武蔵野線「新座」駅バス10～12分 徒歩1～4分</li>
tokyo,hibarigaoka,清瀬旭が丘,59500,,,,西武池袋線「清瀬」駅,10.0,19.0,清瀬市旭が丘2ほか,5-2-5号棟,鉄筋コンクリート造,5,N,502号室,3K,45,5,56500,3000,2か月,"['近居割', '近居割WIDE']",随時,https://www.ur-net.go.jp/chintai/kanto/tokyo/20_1580_room.html?JKSS=000525502,<li>西武池袋線「清瀬」駅バス9～15分 徒歩1～4分</li><li>東武東上線「志木」駅バス20～22分 徒歩1～4分</li><li>JR武蔵野線「新座」駅バス10～12分 徒歩1～4分</li>
tokyo,hibarigaoka,清瀬旭が丘,59500,,,,東武東上線「志木」駅,21.0,26.0,清瀬市旭が丘2ほか,5-2-5号棟,鉄筋コンクリート造,5,N,502号室,3K,45,5,56500,3000,2か月,"['近居割', '近居割WIDE']",随時,https://www.ur-net.go.jp/chintai/kanto/tokyo/20_1580_room.html?JKSS=000525502,<li>西武池袋線「清瀬」駅バス9～15分 徒歩1～4分</li><li>東武東上線「志木」駅バス20～22分 徒歩1～4分</li><li>JR武蔵野線「新座」駅バス10～12分 徒歩1～4分</li>
tokyo,hibarigaoka,清瀬旭が丘,59500,,,,JR武蔵野線「新座」駅,11.0,16.0,清瀬市旭が丘2ほか,5-2-5号棟,鉄筋コンクリート造,5,N,502号室,3K,45,5,56500,3000,2か月,"['近居割', '近居割WIDE']",随時,https://www.ur-net.go.jp/chintai/kanto/tokyo/20_1580_room.html?JKSS=000525502,<li>西武池袋線「清瀬」駅バス9～15分 徒歩1～4分</li><li>東武東上線「志木」駅バス20～22分 徒歩1～4分</li><li>JR武蔵野線「新座」駅バス10～12分 徒歩1～4分</li>
tokyo,hibarigaoka,清瀬旭が丘,59500,,,,,,,清瀬市旭が丘2ほか,5-2-5号棟,鉄筋コンクリート造,5,N,502号室,3K,45,5,56500,3000,2か月,"['近居割', '近居割WIDE']",随時,https://www.ur-net.go.jp/chintai/kanto/tokyo/20_1580_room.html?JKSS=000525502,<li>西武池袋線「清瀬」駅バス9～15分 徒歩1～4分</li><li>東武東上線「志木」駅バス20～22分 徒歩1～4分</li><li>JR武蔵野線「新座」駅バス10～12分 徒歩1～4分</li>
tokyo,hibarigaoka,清瀬旭が丘,61100,,,,西武池袋線「清瀬」駅,10.0,19.0,清瀬市旭が丘2ほか,2-4-7号棟,鉄筋コンクリート造,5,N,504号室,3DK,50,5,58100,3000,2か月,"['近居割', '近居割WIDE']",随時,https://www.ur-net.go.jp/chintai/kanto/tokyo/20_1580_room.html?JKSS=000247504,<li>西武池袋線「清瀬」駅バス9～15分 徒歩1～4分</li><li>東武東上線「志木」駅バス20～22分 徒歩1～4分</li><li>JR武蔵野線「新座」駅バス10～12分 徒歩1～4分</li>
tokyo,hibarigaoka,清瀬旭が丘,61100,,,,東武東上線「志木」駅,21.0,26.0,清瀬市旭が丘2ほか,2-4-7号棟,鉄筋コンクリート造,5,N,504号室,3DK,50,5,58100,3000,2か月,"['近居割', '近居割WIDE']",随時,https://www.ur-net.go.jp/chintai/kanto/tokyo/20_1580_room.html?JKSS=000247504,<li>西武池袋線「清瀬」駅バス9～15分 徒歩1～4分</li><li>東武東上線「志木」駅バス20～22分 徒歩1～4分</li><li>JR武蔵野線「新座」駅バス10～12分 徒歩1～4分</li>
tokyo,hibarigaoka,清瀬旭が丘,61100,,,,JR武蔵野線「新座」駅,11.0,16.0,清瀬市旭が丘2ほか,2-4-7号棟,鉄筋コンクリート造,5,N,504号室,3DK,50,5,58100,3000,2か月,"['近居割', '近居割WIDE']",随時,https://www.ur-net.go.jp/chintai/kanto/tokyo/20_1580_room.html?JKSS=000247504,<li>西武池袋線「清瀬」駅バス9～15分 徒歩1～4分</li><li>東武東上線「志木」駅バス20～22分 徒歩1～4分</li><li>JR武蔵野線「新座」駅バス10～12分 徒歩1～4分</li>
tokyo,hibarigaoka,清瀬旭が丘,61100,,,,,,,清瀬市旭が丘2ほか,2-4-7号棟,鉄筋コンクリート造,5,N,504号室,3DK,50,5,58100,3000,2か月,"['近居割', '近居割WIDE']",随時,https://www.ur-net.go.jp/chintai/kanto/tokyo/20_1580_room.html?JKSS=000247504,<li>西武池袋線「清瀬」駅バス9～15分 徒歩1～4分</li><li>東武東上線「志木」駅バス20～22分 徒歩1～4分</li><li>JR武蔵野線「新座」駅バス10～12分 徒歩1～4分</li>
tokyo,hibarigaoka,清瀬旭が丘,61200,,,,西武池袋線「清瀬」駅,10.0,19.0,清瀬市旭が丘2ほか,5-2-5号棟,鉄筋コンクリート造,4,N,403号室,3K,45,5,58200,3000,2か月,"['近居割', '近居割WIDE']",随時,https://www.ur-net.go.jp/chintai/kanto/tokyo/20_1580_room.html?JKSS=000525403,<li>西武池袋線「清瀬」駅バス9～15分 徒歩1～4分</li><li>東武東上線「志木」駅バス20～22分 徒歩1～4分</li><li>JR武蔵野線「新座」駅バス10～12分 徒歩1～4分</li>
tokyo,hibarigaoka,清瀬旭が丘,61200,,,,東武東上線「志木」駅,21.0,26.0,清瀬市旭が丘2ほか,5-2-5号棟,鉄筋コンクリート造,4,N,403号室,3K,45,5,58200,3000,2か月,"['近居割', '近居割WIDE']",随時,https://www.ur-net.go.jp/chintai/kanto/tokyo/20_1580_room.html?JKSS=000525403,<li>西武池袋線「清瀬」駅バス9～15分 徒歩1～4分</li><li>東武東上線「志木」駅バス20～22分 徒歩1～4分</li><li>JR武蔵野線「新座」駅バス10～12分 徒歩1～4分</li>
tokyo,hibarigaoka,清瀬旭が丘,61200,,,,JR武蔵野線「新座」駅,11.0,16.0,清瀬市旭が丘2ほか,5-2-5号棟,鉄筋コンクリート造,4,N,403号室,3K,45,5,58200,3000,2か月,"['近居割', '近居割WIDE']",随時,https://www.ur-net.go.jp/chintai/kanto/tokyo/20_1580_room.html?JKSS=000525403,<li>西武池袋線「清瀬」駅バス9～15分 徒歩1～4分</li><li>東武東上線「志木」駅バス20～22分 徒歩1～4分</li><li>JR武蔵野線「新座」駅バス10～12分 徒歩1～4分</li>
tokyo,hibarigaoka,清瀬旭が丘,61200,,,,,,,清瀬市旭が丘2ほか,5-2-5号棟,鉄筋コンクリート造,4,N,403号室,3K,45,5,58200,3000,2か月,"['近居割', '近居割WIDE']",随時,https://www.ur-net.go.jp/chintai/kanto/tokyo/20_1580_room.html?JKSS=000525403,<li>西武池袋線「清瀬」駅バス9～15分 徒歩1～4分</li><li>東武東上線「志木」駅バス20～22分 徒歩1～4分</li><li>JR武蔵野線「新座」駅バス10～12分 徒歩1～4分</li>
tokyo,hibarigaoka,滝山,64700,,,,西武新宿線「花小金井」駅,10.0,14.0,東久留米市滝山6-1,1-22号棟,鉄筋コンクリート造,5,N,502号室,2DK,40,5,61800,2900,2か月,"['近居割', '近居割WIDE']",随時,https://www.ur-net.go.jp/chintai/kanto/tokyo/20_1730_room.html?JKSS=000122502,<li>西武新宿線「花小金井」駅バス8分　徒歩2～6分</li><li>西武池袋線「東久留米」駅バス12分　徒歩2～6分</li><li>西武新宿線「小平」駅徒歩29～34分</li>
tokyo,hibarigaoka,滝山,64700,,,,西武池袋線「東久留米」駅,14.0,18.0,東久留米市滝山6-1,1-22号棟,鉄筋コンクリート造,5,N,502号室,2DK,40,5,61800,2900,2か月,"['近居割', '近居割WIDE']",随時,https://www.ur-net.go.jp/chintai/kanto/tokyo/20_1730_room.html?JKSS=000122502,<li>西武新宿線「花小金井」駅バス8分　徒歩2～6分</li><li>西武池袋線「東久留米」駅バス12分　徒歩2～6分</li><li>西武新宿線「小平」駅徒歩29～34分</li>
tokyo,hibarigaoka,滝山,64700,西武新宿線「小平」駅,29.0,34.0,,,,東久留米市滝山6-1,1-22号棟,鉄筋コンクリート造,5,N,502号室,2DK,40,5,61800,2900,2か月,"['近居割', '近居割WIDE']",随時,https://www.ur-net.go.jp/chintai/kanto/tokyo/20_1730_room.html?JKSS=000122502,<li>西武新宿線「花小金井」駅バス8分　徒歩2～6分</li><li>西武池袋線「東久留米」駅バス12分　徒歩2～6分</li><li>西武新宿線「小平」駅徒歩29～34分</li>
tokyo,hibarigaoka,滝山,64700,,,,,,,東久留米市滝山6-1,1-22号棟,鉄筋コンクリート造,5,N,502号室,2DK,40,5,61800,2900,2か月,"['近居割', '近居割WIDE']",随時,https://www.ur-net.go.jp/chintai/kanto/tokyo/20_1730_room.html?JKSS=000122502,<li>西武新宿線「花小金井」駅バス8分　徒歩2～6分</li><li>西武池袋線「東久留米」駅バス12分　徒歩2～6分</li><li>西武新宿線「小平」駅徒歩29～34分</li>
tokyo,hibarigaoka,滝山,66000,,,,西武新宿線「花小金井」駅,10.0,14.0,東久留米市滝山6-1,1-5号棟,鉄筋コンクリート造,1,N,101号室,1LDK,40,5,63100,2900,2か月,"['近居割', '近居割WIDE']",随時,https://www.ur-net.go.jp/chintai/kanto/tokyo/20_1730_room.html?JKSS=000105101,<li>西武新宿線「花小金井」駅バス8分　徒歩2～6分</li><li>西武池袋線「東久留米」駅バス12分　徒歩2～6分</li><li>西武新宿線「小平」駅徒歩29～34分</li>
tokyo,hibarigaoka,滝山,66000,,,,西武池袋線「東久留米」駅,14.0,18.0,東久留米市滝山6-1,1-5号棟,鉄筋コンクリート造,1,N,101号室,1LDK,40,5,63100,2900,2か月,"['近居割', '近居割WIDE']",随時,https://www.ur-net.go.jp/chintai/kanto/tokyo/20_1730_room.html?JKSS=000105101,<li>西武新宿線「花小金井」駅バス8分　徒歩2～6分</li><li>西武池袋線「東久留米」駅バス12分　徒歩2～6分</li><li>西武新宿線「小平」駅徒歩29～34分</li>
tokyo,hibarigaoka,滝山,66000,西武新宿線「小平」駅,29.0,34.0,,,,東久留米市滝山6-1,1-5号棟,鉄筋コンクリート造,1,N,101号室,1LDK,40,5,63100,2900,2か月,"['近居割', '近居割WIDE']",随時,https://www.ur-net.go.jp/chintai/kanto/tokyo/20_1730_room.html?JKSS=000105101,<li>西武新宿線「花小金井」駅バス8分　徒歩2～6分</li><li>西武池袋線「東久留米」駅バス12分　徒歩2～6分</li><li>西武新宿線「小平」駅徒歩29～34分</li>
tokyo,hibarigaoka,滝山,66000,,,,,,,東久留米市滝山6-1,1-5号棟,鉄筋コンクリート造,1,N,101号室,1LDK,40,5,63100,2900,2か月,"['近居割', '近居割WIDE']",随時,https://www.ur-net.go.jp/chintai/kanto/tokyo/20_1730_room.html?JKSS=000105101,<li>西武新宿線「花小金井」駅バス8分　徒歩2～6分</li><li>西武池袋線「東久留米」駅バス12分　徒歩2～6分</li><li>西武新宿線「小平」駅徒歩29～34分</li>
tokyo,hibarigaoka,滝山,92500,,,,西武新宿線「花小金井」駅,10.0,14.0,東久留米市滝山6-1,1-21号棟,鉄筋コンクリート造,5,N,508号室,3DK,61,5,89600,2900,2か月,"['近居割', '近居割WIDE']",随時,https://www.ur-net.go.jp/chintai/kanto/tokyo/20_1730_room.html?JKSS=000121508,<li>西武新宿線「花小金井」駅バス8分　徒歩2～6分</li><li>西武池袋線「東久留米」駅バス12分　徒歩2～6分</li><li>西武新宿線「小平」駅徒歩29～34分</li>
tokyo,hibarigaoka,滝山,92500,,,,西武池袋線「東久留米」駅,14.0,18.0,東久留米市滝山6-1,1-21号棟,鉄筋コンクリート造,5,N,508号室,3DK,61,5,89600,2900,2か月,"['近居割', '近居割WIDE']",随時,https://www.ur-net.go.jp/chintai/kanto/tokyo/20_1730_room.html?JKSS=000121508,<li>西武新宿線「花小金井」駅バス8分　徒歩2～6分</li><li>西武池袋線「東久留米」駅バス12分　徒歩2～6分</li><li>西武新宿線「小平」駅徒歩29～34分</li>
tokyo,hibarigaoka,滝山,92500,西武新宿線「小平」駅,29.0,34.0,,,,東久留米市滝山6-1,1-21号棟,鉄筋コンクリート造,5,N,508号室,3DK,61,5,89600,2900,2か月,"['近居割', '近居割WIDE']",随時,https://www.ur-net.go.jp/chintai/kanto/tokyo/20_1730_room.html?JKSS=000121508,<li>西武新宿線「花小金井」駅バス8分　徒歩2～6分</li><li>西武池袋線「東久留米」駅バス12分　徒歩2～6分</li><li>西武新宿線「小平」駅徒歩29～34分</li>
tokyo,hibarigaoka,滝山,92500,,,,,,,東久留米市滝山6-1,1-21号棟,鉄筋コンクリート造,5,N,508号室,3DK,61,5,89600,2900,2か月,"['近居割', '近居割WIDE']",随時,https://www.ur-net.go.jp/chintai/kanto/tokyo/20_1730_room.html?JKSS=000121508,<li>西武新宿線「花小金井」駅バス8分　徒歩2～6分</li><li>西武池袋線「東久留米」駅バス12分　徒歩2～6分</li><li>西武新宿線「小平」駅徒歩29～34分</li>
tokyo,hibarigaoka,グリーンヒルズ東久留米,103300,西武池袋線「東久留米」駅,17.0,24.0,西武池袋線「東久留米」駅,6.0,10.0,東久留米市上の原1-3ほか,4号棟,鉄筋コンクリート造,1,N,104号室,1DK,44,10,97200,6100,2か月,"['近居割', '近居割WIDE']",随時,https://www.ur-net.go.jp/chintai/kanto/tokyo/20_6880_room.html?JKSS=000040104,<li>西武池袋線「東久留米」駅 徒歩17～24分 またはバス5分 徒歩1～5分</li><li>JR武蔵野線「新座」駅バス20分 徒歩1～5分</li><li>西武池袋線「清瀬」駅 徒歩31～34分</li>
tokyo,hibarigaoka,グリーンヒルズ東久留米,103300,,,,JR武蔵野線「新座」駅,21.0,25.0,東久留米市上の原1-3ほか,4号棟,鉄筋コンクリート造,1,N,104号室,1DK,44,10,97200,6100,2か月,"['近居割', '近居割WIDE']",随時,https://www.ur-net.go.jp/chintai/kanto/tokyo/20_6880_room.html?JKSS=000040104,<li>西武池袋線「東久留米」駅 徒歩17～24分 またはバス5分 徒歩1～5分</li><li>JR武蔵野線「新座」駅バス20分 徒歩1～5分</li><li>西武池袋線「清瀬」駅 徒歩31～34分</li>
tokyo,hibarigaoka,グリーンヒルズ東久留米,103300,西武池袋線「清瀬」駅,31.0,34.0,,,,東久留米市上の原1-3ほか,4号棟,鉄筋コンクリート造,1,N,104号室,1DK,44,10,97200,6100,2か月,"['近居割', '近居割WIDE']",随時,https://www.ur-net.go.jp/chintai/kanto/tokyo/20_6880_room.html?JKSS=000040104,<li>西武池袋線「東久留米」駅 徒歩17～24分 またはバス5分 徒歩1～5分</li><li>JR武蔵野線「新座」駅バス20分 徒歩1～5分</li><li>西武池袋線「清瀬」駅 徒歩31～34分</li>
tokyo,hibarigaoka,グリーンヒルズ東久留米,103300,,,,,,,東久留米市上の原1-3ほか,4号棟,鉄筋コンクリート造,1,N,104号室,1DK,44,10,97200,6100,2か月,"['近居割', '近居割WIDE']",随時,https://www.ur-net.go.jp/chintai/kanto/tokyo/20_6880_room.html?JKSS=000040104,<li>西武池袋線「東久留米」駅 徒歩17～24分 またはバス5分 徒歩1～5分</li><li>JR武蔵野線「新座」駅バス20分 徒歩1～5分</li><li>西武池袋線「清瀬」駅 徒歩31～34分</li>
tokyo,hibarigaoka,グリーンヒルズ東久留米,103800,西武池袋線「東久留米」駅,17.0,24.0,西武池袋線「東久留米」駅,6.0,10.0,東久留米市上の原1-3ほか,10号棟,鉄筋コンクリート造,1,N,103号室,2DK,50,8,97700,6100,2か月,"['近居割', '近居割WIDE']",随時,https://www.ur-net.go.jp/chintai/kanto/tokyo/20_6880_room.html?JKSS=000100103,<li>西武池袋線「東久留米」駅 徒歩17～24分 またはバス5分 徒歩1～5分</li><li>JR武蔵野線「新座」駅バス20分 徒歩1～5分</li><li>西武池袋線「清瀬」駅 徒歩31～34分</li>
tokyo,hibarigaoka,グリーンヒルズ東久留米,103800,,,,JR武蔵野線「新座」駅,21.0,25.0,東久留米市上の原1-3ほか,10号棟,鉄筋コンクリート造,1,N,103号室,2DK,50,8,97700,6100,2か月,"['近居割', '近居割WIDE']",随時,https://www.ur-net.go.jp/chintai/kanto/tokyo/20_6880_room.html?JKSS=000100103,<li>西武池袋線「東久留米」駅 徒歩17～24分 またはバス5分 徒歩1～5分</li><li>JR武蔵野線「新座」駅バス20分 徒歩1～5分</li><li>西武池袋線「清瀬」駅 徒歩31～34分</li>
tokyo,hibarigaoka,グリーンヒルズ東久留米,103800,西武池袋線「清瀬」駅,31.0,34.0,,,,東久留米市上の原1-3ほか,10号棟,鉄筋コンクリート造,1,N,103号室,2DK,50,8,97700,6100,2か月,"['近居割', '近居割WIDE']",随時,https://www.ur-net.go.jp/chintai/kanto/tokyo/20_6880_room.html?JKSS=000100103,<li>西武池袋線「東久留米」駅 徒歩17～24分 またはバス5分 徒歩1～5分</li><li>JR武蔵野線「新座」駅バス20分 徒歩1～5分</li><li>西武池袋線「清瀬」駅 徒歩31～34分</li>
tokyo,hibarigaoka,グリーンヒルズ東久留米,103800,,,,,,,東久留米市上の原1-3ほか,10号棟,鉄筋コンクリート造,1,N,103号室,2DK,50,8,97700,6100,2か月,"['近居割', '近居割WIDE']",随時,https://www.ur-net.go.jp/chintai/kanto/tokyo/20_6880_room.html?JKSS=000100103,<li>西武池袋線「東久留米」駅 徒歩17～24分 またはバス5分 徒歩1～5分</li><li>JR武蔵野線「新座」駅バス20分 徒歩1～5分</li><li>西武池袋線「清瀬」駅 徒歩31～34分</li>
tokyo,hibarigaoka,グリーンヒルズ東久留米,114300,西武池袋線「東久留米」駅,17.0,24.0,西武池袋線「東久留米」駅,6.0,10.0,東久留米市上の原1-3ほか,5号棟,鉄筋コンクリート造,7,N,706号室,2DK,50,10,108200,6100,2か月,"['近居割', '近居割WIDE']",随時,https://www.ur-net.go.jp/chintai/kanto/tokyo/20_6880_room.html?JKSS=000050706,<li>西武池袋線「東久留米」駅 徒歩17～24分 またはバス5分 徒歩1～5分</li><li>JR武蔵野線「新座」駅バス20分 徒歩1～5分</li><li>西武池袋線「清瀬」駅 徒歩31～34分</li>
tokyo,hibarigaoka,グリーンヒルズ東久留米,114300,,,,JR武蔵野線「新座」駅,21.0,25.0,東久留米市上の原1-3ほか,5号棟,鉄筋コンクリート造,7,N,706号室,2DK,50,10,108200,6100,2か月,"['近居割', '近居割WIDE']",随時,https://www.ur-net.go.jp/chintai/kanto/tokyo/20_6880_room.html?JKSS=000050706,<li>西武池袋線「東久留米」駅 徒歩17～24分 またはバス5分 徒歩1～5分</li><li>JR武蔵野線「新座」駅バス20分 徒歩1～5分</li><li>西武池袋線「清瀬」駅 徒歩31～34分</li>
tokyo,hibarigaoka,グリーンヒルズ東久留米,114300,西武池袋線「清瀬」駅,31.0,34.0,,,,東久留米市上の原1-3ほか,5号棟,鉄筋コンクリート造,7,N,706号室,2DK,50,10,108200,6100,2か月,"['近居割', '近居割WIDE']",随時,https://www.ur-net.go.jp/chintai/kanto/tokyo/20_6880_room.html?JKSS=000050706,<li>西武池袋線「東久留米」駅 徒歩17～24分 またはバス5分 徒歩1～5分</li><li>JR武蔵野線「新座」駅バス20分 徒歩1～5分</li><li>西武池袋線「清瀬」駅 徒歩31～34分</li>
tokyo,hibarigaoka,グリーンヒルズ東久留米,114300,,,,,,,東久留米市上の原1-3ほか,5号棟,鉄筋コンクリート造,7,N,706号室,2DK,50,10,108200,6100,2か月,"['近居割', '近居割WIDE']",随時,https://www.ur-net.go.jp/chintai/kanto/tokyo/20_6880_room.html?JKSS=000050706,<li>西武池袋線「東久留米」駅 徒歩17～24分 またはバス5分 徒歩1～5分</li><li>JR武蔵野線「新座」駅バス20分 徒歩1～5分</li><li>西武池袋線「清瀬」駅 徒歩31～34分</li>
tokyo,hibarigaoka,グリーンヒルズ東久留米,114600,西武池袋線「東久留米」駅,17.0,24.0,西武池袋線「東久留米」駅,6.0,10.0,東久留米市上の原1-3ほか,6号棟,鉄筋コンクリート造,8,N,807号室,2DK,50,10,108500,6100,2か月,"['近居割', '近居割WIDE']",随時,https://www.ur-net.go.jp/chintai/kanto/tokyo/20_6880_room.html?JKSS=000060807,<li>西武池袋線「東久留米」駅 徒歩17～24分 またはバス5分 徒歩1～5分</li><li>JR武蔵野線「新座」駅バス20分 徒歩1～5分</li><li>西武池袋線「清瀬」駅 徒歩31～34分</li>
tokyo,hibarigaoka,グリーンヒルズ東久留米,114600,,,,JR武蔵野線「新座」駅,21.0,25.0,東久留米市上の原1-3ほか,6号棟,鉄筋コンクリート造,8,N,807号室,2DK,50,10,108500,6100,2か月,"['近居割', '近居割WIDE']",随時,https://www.ur-net.go.jp/chintai/kanto/tokyo/20_6880_room.html?JKSS=000060807,<li>西武池袋線「東久留米」駅 徒歩17～24分 またはバス5分 徒歩1～5分</li><li>JR武蔵野線「新座」駅バス20分 徒歩1～5分</li><li>西武池袋線「清瀬」駅 徒歩31～34分</li>
tokyo,hibarigaoka,グリーンヒルズ東久留米,114600,西武池袋線「清瀬」駅,31.0,34.0,,,,東久留米市上の原1-3ほか,6号棟,鉄筋コンクリート造,8,N,807号室,2DK,50,10,108500,6100,2か月,"['近居割', '近居割WIDE']",随時,https://www.ur-net.go.jp/chintai/kanto/tokyo/20_6880_room.html?JKSS=000060807,<li>西武池袋線「東久留米」駅 徒歩17～24分 またはバス5分 徒歩1～5分</li><li>JR武蔵野線「新座」駅バス20分 徒歩1～5分</li><li>西武池袋線「清瀬」駅 徒歩31～34分</li>
tokyo,hibarigaoka,グリーンヒルズ東久留米,114600,,,,,,,東久留米市上の原1-3ほか,6号棟,鉄筋コンクリート造,8,N,807号室,2DK,50,10,108500,6100,2か月,"['近居割', '近居割WIDE']",随時,https://www.ur-net.go.jp/chintai/kanto/tokyo/20_6880_room.html?JKSS=000060807,<li>西武池袋線「東久留米」駅 徒歩17～24分 またはバス5分 徒歩1～5分</li><li>JR武蔵野線「新座」駅バス20分 徒歩1～5分</li><li>西武池袋線「清瀬」駅 徒歩31～34分</li>
tokyo,hibarigaoka,グリーンヒルズ東久留米,124300,西武池袋線「東久留米」駅,17.0,24.0,西武池袋線「東久留米」駅,6.0,10.0,東久留米市上の原1-3ほか,3号棟,鉄筋コンクリート造,5,N,505号室,2DK,55,10,118200,6100,2か月,"['近居割', '近居割WIDE']",随時,https://www.ur-net.go.jp/chintai/kanto/tokyo/20_6880_room.html?JKSS=000030505,<li>西武池袋線「東久留米」駅 徒歩17～24分 またはバス5分 徒歩1～5分</li><li>JR武蔵野線「新座」駅バス20分 徒歩1～5分</li><li>西武池袋線「清瀬」駅 徒歩31～34分</li>
tokyo,hibarigaoka,グリーンヒルズ東久留米,124300,,,,JR武蔵野線「新座」駅,21.0,25.0,東久留米市上の原1-3ほか,3号棟,鉄筋コンクリート造,5,N,505号室,2DK,55,10,118200,6100,2か月,"['近居割', '近居割WIDE']",随時,https://www.ur-net.go.jp/chintai/kanto/tokyo/20_6880_room.html?JKSS=000030505,<li>西武池袋線「東久留米」駅 徒歩17～24分 またはバス5分 徒歩1～5分</li><li>JR武蔵野線「新座」駅バス20分 徒歩1～5分</li><li>西武池袋線「清瀬」駅 徒歩31～34分</li>
tokyo,hibarigaoka,グリーンヒルズ東久留米,124300,西武池袋線「清瀬」駅,31.0,34.0,,,,東久留米市上の原1-3ほか,3号棟,鉄筋コンクリート造,5,N,505号室,2DK,55,10,118200,6100,2か月,"['近居割', '近居割WIDE']",随時,https://www.ur-net.go.jp/chintai/kanto/tokyo/20_6880_room.html?JKSS=000030505,<li>西武池袋線「東久留米」駅 徒歩17～24分 またはバス5分 徒歩1～5分</li><li>JR武蔵野線「新座」駅バス20分 徒歩1～5分</li><li>西武池袋線「清瀬」駅 徒歩31～34分</li>
tokyo,hibarigaoka,グリーンヒルズ東久留米,124300,,,,,,,東久留米市上の原1-3ほか,3号棟,鉄筋コンクリート造,5,N,505号室,2DK,55,10,118200,6100,2か月,"['近居割', '近居割WIDE']",随時,https://www.ur-net.go.jp/chintai/kanto/tokyo/20_6880_room.html?JKSS=000030505,<li>西武池袋線「東久留米」駅 徒歩17～24分 またはバス5分 徒歩1～5分</li><li>JR武蔵野線「新座」駅バス20分 徒歩1～5分</li><li>西武池袋線「清瀬」駅 徒歩31～34分</li>
tokyo,nagayama,多摩ニュータウン ファインヒルいなぎ リベレ向陽台,92200,,,,京王相模原線「稲城」駅,8.0,11.0,稲城市向陽台5-10,4号棟,鉄筋コンクリート造,4,N,414号室,2LDK,61,6,89200,3000,2か月,"['近居割', '近居割WIDE']",随時,https://www.ur-net.go.jp/chintai/kanto/tokyo/20_4190_room.html?JKSS=510040414,<li>京王相模原線「稲城」駅バス6分 徒歩2～5分</li><li>JR南武線「南多摩」駅 徒歩20～22分</li><li>JR南武線「稲城長沼」駅 徒歩24～30分</li>
tokyo,nagayama,多摩ニュータウン ファインヒルいなぎ リベレ向陽台,92200,JR南武線「南多摩」駅,20.0,22.0,,,,稲城市向陽台5-10,4号棟,鉄筋コンクリート造,4,N,414号室,2LDK,61,6,89200,3000,2か月,"['近居割', '近居割WIDE']",随時,https://www.ur-net.go.jp/chintai/kanto/tokyo/20_4190_room.html?JKSS=510040414,<li>京王相模原線「稲城」駅バス6分 徒歩2～5分</li><li>JR南武線「南多摩」駅 徒歩20～22分</li><li>JR南武線「稲城長沼」駅 徒歩24～30分</li>
tokyo,nagayama,多摩ニュータウン ファインヒルいなぎ リベレ向陽台,92200,JR南武線「稲城長沼」駅,24.0,30.0,,,,稲城市向陽台5-10,4号棟,鉄筋コンクリート造,4,N,414号室,2LDK,61,6,89200,3000,2か月,"['近居割', '近居割WIDE']",随時,https://www.ur-net.go.jp/chintai/kanto/tokyo/20_4190_room.html?JKSS=510040414,<li>京王相模原線「稲城」駅バス6分 徒歩2～5分</li><li>JR南武線「南多摩」駅 徒歩20～22分</li><li>JR南武線「稲城長沼」駅 徒歩24～30分</li>
tokyo,nagayama,多摩ニュータウン ファインヒルいなぎ リベレ向陽台,92200,,,,,,,稲城市向陽台5-10,4号棟,鉄筋コンクリート造,4,N,414号室,2LDK,61,6,89200,3000,2か月,"['近居割', '近居割WIDE']",随時,https://www.ur-net.go.jp/chintai/kanto/tokyo/20_4190_room.html?JKSS=510040414,<li>京王相模原線「稲城」駅バス6分 徒歩2～5分</li><li>JR南武線「南多摩」駅 徒歩20～22分</li><li>JR南武線「稲城長沼」駅 徒歩24～30分</li>
tokyo,nagayama,多摩ニュータウン ファインヒルいなぎ リベレ向陽台,97800,,,,京王相模原線「稲城」駅,8.0,11.0,稲城市向陽台5-10,9号棟,鉄筋コンクリート造,4,N,404号室,3DK,66,6,94800,3000,2か月,"['近居割', '近居割WIDE']",随時,https://www.ur-net.go.jp/chintai/kanto/tokyo/20_4190_room.html?JKSS=510090404,<li>京王相模原線「稲城」駅バス6分 徒歩2～5分</li><li>JR南武線「南多摩」駅 徒歩20～22分</li><li>JR南武線「稲城長沼」駅 徒歩24～30分</li>
tokyo,nagayama,多摩ニュータウン ファインヒルいなぎ リベレ向陽台,97800,JR南武線「南多摩」駅,20.0,22.0,,,,稲城市向陽台5-10,9号棟,鉄筋コンクリート造,4,N,404号室,3DK,66,6,94800,3000,2か月,"['近居割', '近居割WIDE']",随時,https://www.ur-net.go.jp/chintai/kanto/tokyo/20_4190_room.html?JKSS=510090404,<li>京王相模原線「稲城」駅バス6分 徒歩2～5分</li><li>JR南武線「南多摩」駅 徒歩20～22分</li><li>JR南武線「稲城長沼」駅 徒歩24～30分</li>
tokyo,nagayama,多摩ニュータウン ファインヒルいなぎ リベレ向陽台,97800,JR南武線「稲城長沼」駅,24.0,30.0,,,,稲城市向陽台5-10,9号棟,鉄筋コンクリート造,4,N,404号室,3DK,66,6,94800,3000,2か月,"['近居割', '近居割WIDE']",随時,https://www.ur-net.go.jp/chintai/kanto/tokyo/20_4190_room.html?JKSS=510090404,<li>京王相模原線「稲城」駅バス6分 徒歩2～5分</li><li>JR南武線「南多摩」駅 徒歩20～22分</li><li>JR南武線「稲城長沼」駅 徒歩24～30分</li>
tokyo,nagayama,多摩ニュータウン ファインヒルいなぎ リベレ向陽台,97800,,,,,,,稲城市向陽台5-10,9号棟,鉄筋コンクリート造,4,N,404号室,3DK,66,6,94800,3000,2か月,"['近居割', '近居割WIDE']",随時,https://www.ur-net.go.jp/chintai/kanto/tokyo/20_4190_room.html?JKSS=510090404,<li>京王相模原線「稲城」駅バス6分 徒歩2～5分</li><li>JR南武線「南多摩」駅 徒歩20～22分</li><li>JR南武線「稲城長沼」駅 徒歩24～30分</li>
tokyo,nagayama,多摩ニュータウン ファインヒルいなぎ 長峰・杜の一番街,105700,,,,京王相模原線「若葉台」駅,10.0,12.0,稲城市長峰3-2,3号棟,鉄筋コンクリート造,9,N,905号室,2LDK,64,10,100300,5400,2か月,"['近居割', '近居割WIDE']",随時,https://www.ur-net.go.jp/chintai/kanto/tokyo/20_5290_room.html?JKSS=000030905,<li>京王相模原線「若葉台」駅バス6分 徒歩4～6分</li><li>京王相模原線「稲城」駅バス11分 徒歩4～6分</li><li>JR南武線「南多摩」駅 徒歩32～33分</li>
tokyo,nagayama,多摩ニュータウン ファインヒルいなぎ 長峰・杜の一番街,105700,,,,京王相模原線「稲城」駅,15.0,17.0,稲城市長峰3-2,3号棟,鉄筋コンクリート造,9,N,905号室,2LDK,64,10,100300,5400,2か月,"['近居割', '近居割WIDE']",随時,https://www.ur-net.go.jp/chintai/kanto/tokyo/20_5290_room.html?JKSS=000030905,<li>京王相模原線「若葉台」駅バス6分 徒歩4～6分</li><li>京王相模原線「稲城」駅バス11分 徒歩4～6分</li><li>JR南武線「南多摩」駅 徒歩32～33分</li>
tokyo,nagayama,多摩ニュータウン ファインヒルいなぎ 長峰・杜の一番街,105700,JR南武線「南多摩」駅,32.0,33.0,,,,稲城市長峰3-2,3号棟,鉄筋コンクリート造,9,N,905号室,2LDK,64,10,100300,5400,2か月,"['近居割', '近居割WIDE']",随時,https://www.ur-net.go.jp/chintai/kanto/tokyo/20_5290_room.html?JKSS=000030905,<li>京王相模原線「若葉台」駅バス6分 徒歩4～6分</li><li>京王相模原線「稲城」駅バス11分 徒歩4～6分</li><li>JR南武線「南多摩」駅 徒歩32～33分</li>
tokyo,nagayama,多摩ニュータウン ファインヒルいなぎ 長峰・杜の一番街,105700,,,,,,,稲城市長峰3-2,3号棟,鉄筋コンクリート造,9,N,905号室,2LDK,64,10,100300,5400,2か月,"['近居割', '近居割WIDE']",随時,https://www.ur-net.go.jp/chintai/kanto/tokyo/20_5290_room.html?JKSS=000030905,<li>京王相模原線「若葉台」駅バス6分 徒歩4～6分</li><li>京王相模原線「稲城」駅バス11分 徒歩4～6分</li><li>JR南武線「南多摩」駅 徒歩32～33分</li>
tokyo,nagayama,多摩ニュータウン ファインヒルいなぎ 長峰・杜の一番街,117600,,,,京王相模原線「若葉台」駅,10.0,12.0,稲城市長峰3-2,4号棟,鉄筋コンクリート造,5,N,504号室,3LDK,77,10,112200,5400,2か月,"['近居割', '近居割WIDE']",随時,https://www.ur-net.go.jp/chintai/kanto/tokyo/20_5290_room.html?JKSS=000040504,<li>京王相模原線「若葉台」駅バス6分 徒歩4～6分</li><li>京王相模原線「稲城」駅バス11分 徒歩4～6分</li><li>JR南武線「南多摩」駅 徒歩32～33分</li>
tokyo,nagayama,多摩ニュータウン ファインヒルいなぎ 長峰・杜の一番街,117600,,,,京王相模原線「稲城」駅,15.0,17.0,稲城市長峰3-2,4号棟,鉄筋コンクリート造,5,N,504号室,3LDK,77,10,112200,5400,2か月,"['近居割', '近居割WIDE']",随時,https://www.ur-net.go.jp/chintai/kanto/tokyo/20_5290_room.html?JKSS=000040504,<li>京王相模原線「若葉台」駅バス6分 徒歩4～6分</li><li>京王相模原線「稲城」駅バス11分 徒歩4～6分</li><li>JR南武線「南多摩」駅 徒歩32～33分</li>
tokyo,nagayama,多摩ニュータウン ファインヒルいなぎ 長峰・杜の一番街,117600,JR南武線「南多摩」駅,32.0,33.0,,,,稲城市長峰3-2,4号棟,鉄筋コンクリート造,5,N,504号室,3LDK,77,10,112200,5400,2か月,"['近居割', '近居割WIDE']",随時,https://www.ur-net.go.jp/chintai/kanto/tokyo/20_5290_room.html?JKSS=000040504,<li>京王相模原線「若葉台」駅バス6分 徒歩4～6分</li><li>京王相模原線「稲城」駅バス11分 徒歩4～6分</li><li>JR南武線「南多摩」駅 徒歩32～33分</li>
tokyo,nagayama,多摩ニュータウン ファインヒルいなぎ 長峰・杜の一番街,117600,,,,,,,稲城市長峰3-2,4号棟,鉄筋コンクリート造,5,N,504号室,3LDK,77,10,112200,5400,2か月,"['近居割', '近居割WIDE']",随時,https://www.ur-net.go.jp/chintai/kanto/tokyo/20_5290_room.html?JKSS=000040504,<li>京王相模原線「若葉台」駅バス6分 徒歩4～6分</li><li>京王相模原線「稲城」駅バス11分 徒歩4～6分</li><li>JR南武線「南多摩」駅 徒歩32～33分</li>
tokyo,nagayama,多摩ニュータウン ファインヒルいなぎ ビスタノーレ向陽台,108600,京王相模原線「稲城」駅,18.0,21.0,京王相模原線「稲城」駅,7.0,10.0,稲城市向陽台6-11,4号棟,鉄筋コンクリート造,5,N,502号室,3LDK,67,5,104700,3900,2か月,"['近居割', '近居割WIDE']",随時,https://www.ur-net.go.jp/chintai/kanto/tokyo/20_4840_room.html?JKSS=000040502,<li>京王相模原線「稲城」駅 徒歩18～21分 またはバス4分 徒歩3～6分</li><li>JR南武線「南多摩」駅 徒歩12~16分</li><li>JR南武線「稲城長沼」駅 徒歩19～21分</li>
tokyo,nagayama,多摩ニュータウン ファインヒルいなぎ ビスタノーレ向陽台,108600,JR南武線「南多摩」駅,12.0,16.0,,,,稲城市向陽台6-11,4号棟,鉄筋コンクリート造,5,N,502号室,3LDK,67,5,104700,3900,2か月,"['近居割', '近居割WIDE']",随時,https://www.ur-net.go.jp/chintai/kanto/tokyo/20_4840_room.html?JKSS=000040502,<li>京王相模原線「稲城」駅 徒歩18～21分 またはバス4分 徒歩3～6分</li><li>JR南武線「南多摩」駅 徒歩12~16分</li><li>JR南武線「稲城長沼」駅 徒歩19～21分</li>
tokyo,nagayama,多摩ニュータウン ファインヒルいなぎ ビスタノーレ向陽台,108600,JR南武線「稲城長沼」駅,19.0,21.0,,,,稲城市向陽台6-11,4号棟,鉄筋コンクリート造,5,N,502号室,3LDK,67,5,104700,3900,2か月,"['近居割', '近居割WIDE']",随時,https://www.ur-net.go.jp/chintai/kanto/tokyo/20_4840_room.html?JKSS=000040502,<li>京王相模原線「稲城」駅 徒歩18～21分 またはバス4分 徒歩3～6分</li><li>JR南武線「南多摩」駅 徒歩12~16分</li><li>JR南武線「稲城長沼」駅 徒歩19～21分</li>
tokyo,nagayama,多摩ニュータウン ファインヒルいなぎ ビスタノーレ向陽台,108600,,,,,,,稲城市向陽台6-11,4号棟,鉄筋コンクリート造,5,N,502号室,3LDK,67,5,104700,3900,2か月,"['近居割', '近居割WIDE']",随時,https://www.ur-net.go.jp/chintai/kanto/tokyo/20_4840_room.html?JKSS=000040502,<li>京王相模原線「稲城」駅 徒歩18～21分 またはバス4分 徒歩3～6分</li><li>JR南武線「南多摩」駅 徒歩12~16分</li><li>JR南武線「稲城長沼」駅 徒歩19～21分</li>
tokyo,nagayama,多摩ニュータウン ファインヒルいなぎ ビスタノーレ向陽台,114900,京王相模原線「稲城」駅,18.0,21.0,京王相模原線「稲城」駅,7.0,10.0,稲城市向陽台6-11,5号棟,鉄筋コンクリート造,3,N,302号室,3LDK,67,5,111000,3900,2か月,"['近居割', '近居割WIDE']",随時,https://www.ur-net.go.jp/chintai/kanto/tokyo/20_4840_room.html?JKSS=000050302,<li>京王相模原線「稲城」駅 徒歩18～21分 またはバス4分 徒歩3～6分</li><li>JR南武線「南多摩」駅 徒歩12~16分</li><li>JR南武線「稲城長沼」駅 徒歩19～21分</li>
tokyo,nagayama,多摩ニュータウン ファインヒルいなぎ ビスタノーレ向陽台,114900,JR南武線「南多摩」駅,12.0,16.0,,,,稲城市向陽台6-11,5号棟,鉄筋コンクリート造,3,N,302号室,3LDK,67,5,111000,3900,2か月,"['近居割', '近居割WIDE']",随時,https://www.ur-net.go.jp/chintai/kanto/tokyo/20_4840_room.html?JKSS=000050302,<li>京王相模原線「稲城」駅 徒歩18～21分 またはバス4分 徒歩3～6分</li><li>JR南武線「南多摩」駅 徒歩12~16分</li><li>JR南武線「稲城長沼」駅 徒歩19～21分</li>
tokyo,nagayama,多摩ニュータウン ファインヒルいなぎ ビスタノーレ向陽台,114900,JR南武線「稲城長沼」駅,19.0,21.0,,,,稲城市向陽台6-11,5号棟,鉄筋コンクリート造,3,N,302号室,3LDK,67,5,111000,3900,2か月,"['近居割', '近居割WIDE']",随時,https://www.ur-net.go.jp/chintai/kanto/tokyo/20_4840_room.html?JKSS=000050302,<li>京王相模原線「稲城」駅 徒歩18～21分 またはバス4分 徒歩3～6分</li><li>JR南武線「南多摩」駅 徒歩12~16分</li><li>JR南武線「稲城長沼」駅 徒歩19～21分</li>
tokyo,nagayama,多摩ニュータウン ファインヒルいなぎ ビスタノーレ向陽台,114900,,,,,,,稲城市向陽台6-11,5号棟,鉄筋コンクリート造,3,N,302号室,3LDK,67,5,111000,3900,2か月,"['近居割', '近居割WIDE']",随時,https://www.ur-net.go.jp/chintai/kanto/tokyo/20_4840_room.html?JKSS=000050302,<li>京王相模原線「稲城」駅 徒歩18～21分 またはバス4分 徒歩3～6分</li><li>JR南武線「南多摩」駅 徒歩12~16分</li><li>JR南武線「稲城長沼」駅 徒歩19～21分</li>
tokyo,nagayama,多摩ニュータウン ファインヒルいなぎ ビューコート若葉台,115800,京王相模原線「若葉台」駅,16.0,18.0,京王相模原線「若葉台」駅,3.0,5.0,稲城市若葉台4-33,2号棟,鉄筋コンクリート造,2,N,202号室,1LDK,56,8,111100,4700,2か月,"['近居割', '近居割WIDE']",随時,https://www.ur-net.go.jp/chintai/kanto/tokyo/20_5910_room.html?JKSS=000020202,<li>京王相模原線「若葉台」駅 徒歩16～18分 またはバス2分 徒歩1～3分</li><li>小田急多摩線「はるひ野」駅 徒歩18～19分</li><li>小田急多摩線「黒川」駅 徒歩28～30分</li>
tokyo,nagayama,多摩ニュータウン ファインヒルいなぎ ビューコート若葉台,115800,小田急多摩線「はるひ野」駅,18.0,19.0,,,,稲城市若葉台4-33,2号棟,鉄筋コンクリート造,2,N,202号室,1LDK,56,8,111100,4700,2か月,"['近居割', '近居割WIDE']",随時,https://www.ur-net.go.jp/chintai/kanto/tokyo/20_5910_room.html?JKSS=000020202,<li>京王相模原線「若葉台」駅 徒歩16～18分 またはバス2分 徒歩1～3分</li><li>小田急多摩線「はるひ野」駅 徒歩18～19分</li><li>小田急多摩線「黒川」駅 徒歩28～30分</li>
tokyo,nagayama,多摩ニュータウン ファインヒルいなぎ ビューコート若葉台,115800,小田急多摩線「黒川」駅,28.0,30.0,,,,稲城市若葉台4-33,2号棟,鉄筋コンクリート造,2,N,202号室,1LDK,56,8,111100,4700,2か月,"['近居割', '近居割WIDE']",随時,https://www.ur-net.go.jp/chintai/kanto/tokyo/20_5910_room.html?JKSS=000020202,<li>京王相模原線「若葉台」駅 徒歩16～18分 またはバス2分 徒歩1～3分</li><li>小田急多摩線「はるひ野」駅 徒歩18～19分</li><li>小田急多摩線「黒川」駅 徒歩28～30分</li>
tokyo,nagayama,多摩ニュータウン ファインヒルいなぎ ビューコート若葉台,115800,,,,,,,稲城市若葉台4-33,2号棟,鉄筋コンクリート造,2,N,202号室,1LDK,56,8,111100,4700,2か月,"['近居割', '近居割WIDE']",随時,https://www.ur-net.go.jp/chintai/kanto/tokyo/20_5910_room.html?JKSS=000020202,<li>京王相模原線「若葉台」駅 徒歩16～18分 またはバス2分 徒歩1～3分</li><li>小田急多摩線「はるひ野」駅 徒歩18～19分</li><li>小田急多摩線「黒川」駅 徒歩28～30分</li>
tokyo,nagayama,多摩ニュータウン ファインヒルいなぎ ビューコート若葉台,160500,京王相模原線「若葉台」駅,16.0,18.0,京王相模原線「若葉台」駅,3.0,5.0,稲城市若葉台4-33,4号棟,鉄筋コンクリート造,7,N,703号室,3LDK,82,8,155800,4700,2か月,"['近居割', '近居割WIDE']",2026年8月20日以降,https://www.ur-net.go.jp/chintai/kanto/tokyo/20_5910_room.html?JKSS=000040703,<li>京王相模原線「若葉台」駅 徒歩16～18分 またはバス2分 徒歩1～3分</li><li>小田急多摩線「はるひ野」駅 徒歩18～19分</li><li>小田急多摩線「黒川」駅 徒歩28～30分</li>
tokyo,nagayama,多摩ニュータウン ファインヒルいなぎ ビューコート若葉台,160500,小田急多摩線「はるひ野」駅,18.0,19.0,,,,稲城市若葉台4-33,4号棟,鉄筋コンクリート造,7,N,703号室,3LDK,82,8,155800,4700,2か月,"['近居割', '近居割WIDE']",2026年8月20日以降,https://www.ur-net.go.jp/chintai/kanto/tokyo/20_5910_room.html?JKSS=000040703,<li>京王相模原線「若葉台」駅 徒歩16～18分 またはバス2分 徒歩1～3分</li><li>小田急多摩線「はるひ野」駅 徒歩18～19分</li><li>小田急多摩線「黒川」駅 徒歩28～30分</li>
tokyo,nagayama,多摩ニュータウン ファインヒルいなぎ ビューコート若葉台,160500,小田急多摩線「黒川」駅,28.0,30.0,,,,稲城市若葉台4-33,4号棟,鉄筋コンクリート造,7,N,703号室,3LDK,82,8,155800,4700,2か月,"['近居割', '近居割WIDE']",2026年8月20日以降,https://www.ur-net.go.jp/chintai/kanto/tokyo/20_5910_room.html?JKSS=000040703,<li>京王相模原線「若葉台」駅 徒歩16～18分 またはバス2分 徒歩1～3分</li><li>小田急多摩線「はるひ野」駅 徒歩18～19分</li><li>小田急多摩線「黒川」駅 徒歩28～30分</li>
tokyo,nagayama,多摩ニュータウン ファインヒルいなぎ ビューコート若葉台,160500,,,,,,,稲城市若葉台4-33,4号棟,鉄筋コンクリート造,7,N,703号室,3LDK,82,8,155800,4700,2か月,"['近居割', '近居割WIDE']",2026年8月20日以降,https://www.ur-net.go.jp/chintai/kanto/tokyo/20_5910_room.html?JKSS=000040703,<li>京王相模原線「若葉台」駅 徒歩16～18分 またはバス2分 徒歩1～3分</li><li>小田急多摩線「はるひ野」駅 徒歩18～19分</li><li>小田急多摩線「黒川」駅 徒歩28～30分</li>
kanagawa,shinyurigaoka,星が丘パークランド　つぐみ台,125900,京王相模原線「京王稲田堤」駅,15.0,16.0,,,,川崎市多摩区菅仙谷3-1,4号棟,鉄筋コンクリート造,3,N,303号室,3LDK,78,5,120300,5600,2か月,['近居割'],随時,https://www.ur-net.go.jp/chintai/kanto/kanagawa/40_2260_room.html?JKSS=000040303,<li>京王相模原線「京王稲田堤」駅 徒歩15～16分</li><li>JR南武線「稲田堤」駅 徒歩14分</li><li>小田急小田原線「読売ランド前」駅バス9分 徒歩2分</li>
kanagawa,shinyurigaoka,星が丘パークランド　つぐみ台,125900,JR南武線「稲田堤」駅,14.0,14.0,,,,川崎市多摩区菅仙谷3-1,4号棟,鉄筋コンクリート造,3,N,303号室,3LDK,78,5,120300,5600,2か月,['近居割'],随時,https://www.ur-net.go.jp/chintai/kanto/kanagawa/40_2260_room.html?JKSS=000040303,<li>京王相模原線「京王稲田堤」駅 徒歩15～16分</li><li>JR南武線「稲田堤」駅 徒歩14分</li><li>小田急小田原線「読売ランド前」駅バス9分 徒歩2分</li>
kanagawa,shinyurigaoka,星が丘パークランド　つぐみ台,125900,,,,小田急小田原線「読売ランド前」駅,11.0,11.0,川崎市多摩区菅仙谷3-1,4号棟,鉄筋コンクリート造,3,N,303号室,3LDK,78,5,120300,5600,2か月,['近居割'],随時,https://www.ur-net.go.jp/chintai/kanto/kanagawa/40_2260_room.html?JKSS=000040303,<li>京王相模原線「京王稲田堤」駅 徒歩15～16分</li><li>JR南武線「稲田堤」駅 徒歩14分</li><li>小田急小田原線「読売ランド前」駅バス9分 徒歩2分</li>
kanagawa,shinyurigaoka,星が丘パークランド　つぐみ台,125900,,,,,,,川崎市多摩区菅仙谷3-1,4号棟,鉄筋コンクリート造,3,N,303号室,3LDK,78,5,120300,5600,2か月,['近居割'],随時,https://www.ur-net.go.jp/chintai/kanto/kanagawa/40_2260_room.html?JKSS=000040303,<li>京王相模原線「京王稲田堤」駅 徒歩15～16分</li><li>JR南武線「稲田堤」駅 徒歩14分</li><li>小田急小田原線「読売ランド前」駅バス9分 徒歩2分</li>
kanagawa,shinyurigaoka,虹ヶ丘,81400,,,,東急田園都市線「あざみ野」駅,12.0,17.0,川崎市麻生区虹ケ丘2-2ほか,3-21号棟,鉄筋コンクリート造、鉄骨鉄筋コンクリート造,3,N,302号室,2DK,43,8,77600,3800,2か月,['URライト（4年定借）'],随時,https://www.ur-net.go.jp/chintai/kanto/kanagawa/40_1710_room.html?JKSS=003210302,<li>東急田園都市線「あざみ野」駅バス10分　徒歩2～7分</li><li>東急田園都市線「たまプラーザ」駅バス12分　徒歩2～7分</li><li>小田急小田原線「新百合ヶ丘」駅バス16分　徒歩3～8分</li>
kanagawa,shinyurigaoka,虹ヶ丘,81400,,,,東急田園都市線「たまプラーザ」駅,14.0,19.0,川崎市麻生区虹ケ丘2-2ほか,3-21号棟,鉄筋コンクリート造、鉄骨鉄筋コンクリート造,3,N,302号室,2DK,43,8,77600,3800,2か月,['URライト（4年定借）'],随時,https://www.ur-net.go.jp/chintai/kanto/kanagawa/40_1710_room.html?JKSS=003210302,<li>東急田園都市線「あざみ野」駅バス10分　徒歩2～7分</li><li>東急田園都市線「たまプラーザ」駅バス12分　徒歩2～7分</li><li>小田急小田原線「新百合ヶ丘」駅バス16分　徒歩3～8分</li>
kanagawa,shinyurigaoka,虹ヶ丘,81400,,,,小田急小田原線「新百合ヶ丘」駅,19.0,24.0,川崎市麻生区虹ケ丘2-2ほか,3-21号棟,鉄筋コンクリート造、鉄骨鉄筋コンクリート造,3,N,302号室,2DK,43,8,77600,3800,2か月,['URライト（4年定借）'],随時,https://www.ur-net.go.jp/chintai/kanto/kanagawa/40_1710_room.html?JKSS=003210302,<li>東急田園都市線「あざみ野」駅バス10分　徒歩2～7分</li><li>東急田園都市線「たまプラーザ」駅バス12分　徒歩2～7分</li><li>小田急小田原線「新百合ヶ丘」駅バス16分　徒歩3～8分</li>
kanagawa,shinyurigaoka,虹ヶ丘,81400,,,,,,,川崎市麻生区虹ケ丘2-2ほか,3-21号棟,鉄筋コンクリート造、鉄骨鉄筋コンクリート造,3,N,302号室,2DK,43,8,77600,3800,2か月,['URライト（4年定借）'],随時,https://www.ur-net.go.jp/chintai/kanto/kanagawa/40_1710_room.html?JKSS=003210302,<li>東急田園都市線「あざみ野」駅バス10分　徒歩2～7分</li><li>東急田園都市線「たまプラーザ」駅バス12分　徒歩2～7分</li><li>小田急小田原線「新百合ヶ丘」駅バス16分　徒歩3～8分</li>
kanagawa,shinyurigaoka,虹ヶ丘,88000,,,,東急田園都市線「あざみ野」駅,12.0,17.0,川崎市麻生区虹ケ丘2-2ほか,3-20号棟,鉄筋コンクリート造、鉄骨鉄筋コンクリート造,5,N,502号室,2DK,49,5,84200,3800,2か月,['URライト（4年定借）'],随時,https://www.ur-net.go.jp/chintai/kanto/kanagawa/40_1710_room.html?JKSS=003200502,<li>東急田園都市線「あざみ野」駅バス10分　徒歩2～7分</li><li>東急田園都市線「たまプラーザ」駅バス12分　徒歩2～7分</li><li>小田急小田原線「新百合ヶ丘」駅バス16分　徒歩3～8分</li>
kanagawa,shinyurigaoka,虹ヶ丘,88000,,,,東急田園都市線「たまプラーザ」駅,14.0,19.0,川崎市麻生区虹ケ丘2-2ほか,3-20号棟,鉄筋コンクリート造、鉄骨鉄筋コンクリート造,5,N,502号室,2DK,49,5,84200,3800,2か月,['URライト（4年定借）'],随時,https://www.ur-net.go.jp/chintai/kanto/kanagawa/40_1710_room.html?JKSS=003200502,<li>東急田園都市線「あざみ野」駅バス10分　徒歩2～7分</li><li>東急田園都市線「たまプラーザ」駅バス12分　徒歩2～7分</li><li>小田急小田原線「新百合ヶ丘」駅バス16分　徒歩3～8分</li>
kanagawa,shinyurigaoka,虹ヶ丘,88000,,,,小田急小田原線「新百合ヶ丘」駅,19.0,24.0,川崎市麻生区虹ケ丘2-2ほか,3-20号棟,鉄筋コンクリート造、鉄骨鉄筋コンクリート造,5,N,502号室,2DK,49,5,84200,3800,2か月,['URライト（4年定借）'],随時,https://www.ur-net.go.jp/chintai/kanto/kanagawa/40_1710_room.html?JKSS=003200502,<li>東急田園都市線「あざみ野」駅バス10分　徒歩2～7分</li><li>東急田園都市線「たまプラーザ」駅バス12分　徒歩2～7分</li><li>小田急小田原線「新百合ヶ丘」駅バス16分　徒歩3～8分</li>
kanagawa,shinyurigaoka,虹ヶ丘,88000,,,,,,,川崎市麻生区虹ケ丘2-2ほか,3-20号棟,鉄筋コンクリート造、鉄骨鉄筋コンクリート造,5,N,502号室,2DK,49,5,84200,3800,2か月,['URライト（4年定借）'],随時,https://www.ur-net.go.jp/chintai/kanto/kanagawa/40_1710_room.html?JKSS=003200502,<li>東急田園都市線「あざみ野」駅バス10分　徒歩2～7分</li><li>東急田園都市線「たまプラーザ」駅バス12分　徒歩2～7分</li><li>小田急小田原線「新百合ヶ丘」駅バス16分　徒歩3～8分</li>
kanagawa,shinyurigaoka,虹ヶ丘,90700,,,,東急田園都市線「あざみ野」駅,12.0,17.0,川崎市麻生区虹ケ丘2-2ほか,2-14号棟,鉄筋コンクリート造、鉄骨鉄筋コンクリート造,4,N,401号室,2DK,49,5,86900,3800,2か月,['URライト（4年定借）'],随時,https://www.ur-net.go.jp/chintai/kanto/kanagawa/40_1710_room.html?JKSS=002140401,<li>東急田園都市線「あざみ野」駅バス10分　徒歩2～7分</li><li>東急田園都市線「たまプラーザ」駅バス12分　徒歩2～7分</li><li>小田急小田原線「新百合ヶ丘」駅バス16分　徒歩3～8分</li>
kanagawa,shinyurigaoka,虹ヶ丘,90700,,,,東急田園都市線「たまプラーザ」駅,14.0,19.0,川崎市麻生区虹ケ丘2-2ほか,2-14号棟,鉄筋コンクリート造、鉄骨鉄筋コンクリート造,4,N,401号室,2DK,49,5,86900,3800,2か月,['URライト（4年定借）'],随時,https://www.ur-net.go.jp/chintai/kanto/kanagawa/40_1710_room.html?JKSS=002140401,<li>東急田園都市線「あざみ野」駅バス10分　徒歩2～7分</li><li>東急田園都市線「たまプラーザ」駅バス12分　徒歩2～7分</li><li>小田急小田原線「新百合ヶ丘」駅バス16分　徒歩3～8分</li>
kanagawa,shinyurigaoka,虹ヶ丘,90700,,,,小田急小田原線「新百合ヶ丘」駅,19.0,24.0,川崎市麻生区虹ケ丘2-2ほか,2-14号棟,鉄筋コンクリート造、鉄骨鉄筋コンクリート造,4,N,401号室,2DK,49,5,86900,3800,2か月,['URライト（4年定借）'],随時,https://www.ur-net.go.jp/chintai/kanto/kanagawa/40_1710_room.html?JKSS=002140401,<li>東急田園都市線「あざみ野」駅バス10分　徒歩2～7分</li><li>東急田園都市線「たまプラーザ」駅バス12分　徒歩2～7分</li><li>小田急小田原線「新百合ヶ丘」駅バス16分　徒歩3～8分</li>
kanagawa,shinyurigaoka,虹ヶ丘,90700,,,,,,,川崎市麻生区虹ケ丘2-2ほか,2-14号棟,鉄筋コンクリート造、鉄骨鉄筋コンクリート造,4,N,401号室,2DK,49,5,86900,3800,2か月,['URライト（4年定借）'],随時,https://www.ur-net.go.jp/chintai/kanto/kanagawa/40_1710_room.html?JKSS=002140401,<li>東急田園都市線「あざみ野」駅バス10分　徒歩2～7分</li><li>東急田園都市線「たまプラーザ」駅バス12分　徒歩2～7分</li><li>小田急小田原線「新百合ヶ丘」駅バス16分　徒歩3～8分</li>
kanagawa,shinyurigaoka,虹ヶ丘,93200,,,,東急田園都市線「あざみ野」駅,12.0,17.0,川崎市麻生区虹ケ丘2-2ほか,2-7号棟,鉄筋コンクリート造、鉄骨鉄筋コンクリート造,3,N,303号室,3K,49,5,89400,3800,2か月,['URライト（4年定借）'],随時,https://www.ur-net.go.jp/chintai/kanto/kanagawa/40_1710_room.html?JKSS=002070303,<li>東急田園都市線「あざみ野」駅バス10分　徒歩2～7分</li><li>東急田園都市線「たまプラーザ」駅バス12分　徒歩2～7分</li><li>小田急小田原線「新百合ヶ丘」駅バス16分　徒歩3～8分</li>
kanagawa,shinyurigaoka,虹ヶ丘,93200,,,,東急田園都市線「たまプラーザ」駅,14.0,19.0,川崎市麻生区虹ケ丘2-2ほか,2-7号棟,鉄筋コンクリート造、鉄骨鉄筋コンクリート造,3,N,303号室,3K,49,5,89400,3800,2か月,['URライト（4年定借）'],随時,https://www.ur-net.go.jp/chintai/kanto/kanagawa/40_1710_room.html?JKSS=002070303,<li>東急田園都市線「あざみ野」駅バス10分　徒歩2～7分</li><li>東急田園都市線「たまプラーザ」駅バス12分　徒歩2～7分</li><li>小田急小田原線「新百合ヶ丘」駅バス16分　徒歩3～8分</li>
kanagawa,shinyurigaoka,虹ヶ丘,93200,,,,小田急小田原線「新百合ヶ丘」駅,19.0,24.0,川崎市麻生区虹ケ丘2-2ほか,2-7号棟,鉄筋コンクリート造、鉄骨鉄筋コンクリート造,3,N,303号室,3K,49,5,89400,3800,2か月,['URライト（4年定借）'],随時,https://www.ur-net.go.jp/chintai/kanto/kanagawa/40_1710_room.html?JKSS=002070303,<li>東急田園都市線「あざみ野」駅バス10分　徒歩2～7分</li><li>東急田園都市線「たまプラーザ」駅バス12分　徒歩2～7分</li><li>小田急小田原線「新百合ヶ丘」駅バス16分　徒歩3～8分</li>
kanagawa,shinyurigaoka,虹ヶ丘,93200,,,,,,,川崎市麻生区虹ケ丘2-2ほか,2-7号棟,鉄筋コンクリート造、鉄骨鉄筋コンクリート造,3,N,303号室,3K,49,5,89400,3800,2か月,['URライト（4年定借）'],随時,https://www.ur-net.go.jp/chintai/kanto/kanagawa/40_1710_room.html?JKSS=002070303,<li>東急田園都市線「あざみ野」駅バス10分　徒歩2～7分</li><li>東急田園都市線「たまプラーザ」駅バス12分　徒歩2～7分</li><li>小田急小田原線「新百合ヶ丘」駅バス16分　徒歩3～8分</li>
kanagawa,shinyurigaoka,虹ヶ丘,101700,,,,東急田園都市線「あざみ野」駅,12.0,17.0,川崎市麻生区虹ケ丘2-2ほか,2-4号棟,鉄筋コンクリート造、鉄骨鉄筋コンクリート造,3,N,306号室,3DK,53,5,97900,3800,2か月,['URライト（4年定借）'],随時,https://www.ur-net.go.jp/chintai/kanto/kanagawa/40_1710_room.html?JKSS=002040306,<li>東急田園都市線「あざみ野」駅バス10分　徒歩2～7分</li><li>東急田園都市線「たまプラーザ」駅バス12分　徒歩2～7分</li><li>小田急小田原線「新百合ヶ丘」駅バス16分　徒歩3～8分</li>
kanagawa,shinyurigaoka,虹ヶ丘,101700,,,,東急田園都市線「たまプラーザ」駅,14.0,19.0,川崎市麻生区虹ケ丘2-2ほか,2-4号棟,鉄筋コンクリート造、鉄骨鉄筋コンクリート造,3,N,306号室,3DK,53,5,97900,3800,2か月,['URライト（4年定借）'],随時,https://www.ur-net.go.jp/chintai/kanto/kanagawa/40_1710_room.html?JKSS=002040306,<li>東急田園都市線「あざみ野」駅バス10分　徒歩2～7分</li><li>東急田園都市線「たまプラーザ」駅バス12分　徒歩2～7分</li><li>小田急小田原線「新百合ヶ丘」駅バス16分　徒歩3～8分</li>
kanagawa,shinyurigaoka,虹ヶ丘,101700,,,,小田急小田原線「新百合ヶ丘」駅,19.0,24.0,川崎市麻生区虹ケ丘2-2ほか,2-4号棟,鉄筋コンクリート造、鉄骨鉄筋コンクリート造,3,N,306号室,3DK,53,5,97900,3800,2か月,['URライト（4年定借）'],随時,https://www.ur-net.go.jp/chintai/kanto/kanagawa/40_1710_room.html?JKSS=002040306,<li>東急田園都市線「あざみ野」駅バス10分　徒歩2～7分</li><li>東急田園都市線「たまプラーザ」駅バス12分　徒歩2～7分</li><li>小田急小田原線「新百合ヶ丘」駅バス16分　徒歩3～8分</li>
kanagawa,shinyurigaoka,虹ヶ丘,101700,,,,,,,川崎市麻生区虹ケ丘2-2ほか,2-4号棟,鉄筋コンクリート造、鉄骨鉄筋コンクリート造,3,N,306号室,3DK,53,5,97900,3800,2か月,['URライト（4年定借）'],随時,https://www.ur-net.go.jp/chintai/kanto/kanagawa/40_1710_room.html?JKSS=002040306,<li>東急田園都市線「あざみ野」駅バス10分　徒歩2～7分</li><li>東急田園都市線「たまプラーザ」駅バス12分　徒歩2～7分</li><li>小田急小田原線「新百合ヶ丘」駅バス16分　徒歩3～8分</li>
kanagawa,shinyurigaoka,サンラフレ百合ヶ丘,208100,小田急小田原線「百合ヶ丘」駅,3.0,10.0,,,,川崎市麻生区百合丘1-16ほか,9号棟,鉄筋コンクリート造,8,N,805号室,4LDK,84,10,203700,4400,2か月,"['近居割', '近居割WIDE']",随時,https://www.ur-net.go.jp/chintai/kanto/kanagawa/40_3500_room.html?JKSS=000090805,<li>小田急小田原線「百合ヶ丘」駅 徒歩3～10分</li><li>小田急小田原線「新百合ヶ丘」駅 徒歩10～17分</li><li>東急田園都市線「あざみ野」駅バス41分 徒歩2～5分</li>
kanagawa,shinyurigaoka,サンラフレ百合ヶ丘,208100,小田急小田原線「新百合ヶ丘」駅,10.0,17.0,,,,川崎市麻生区百合丘1-16ほか,9号棟,鉄筋コンクリート造,8,N,805号室,4LDK,84,10,203700,4400,2か月,"['近居割', '近居割WIDE']",随時,https://www.ur-net.go.jp/chintai/kanto/kanagawa/40_3500_room.html?JKSS=000090805,<li>小田急小田原線「百合ヶ丘」駅 徒歩3～10分</li><li>小田急小田原線「新百合ヶ丘」駅 徒歩10～17分</li><li>東急田園都市線「あざみ野」駅バス41分 徒歩2～5分</li>
kanagawa,shinyurigaoka,サンラフレ百合ヶ丘,208100,,,,東急田園都市線「あざみ野」駅,43.0,46.0,川崎市麻生区百合丘1-16ほか,9号棟,鉄筋コンクリート造,8,N,805号室,4LDK,84,10,203700,4400,2か月,"['近居割', '近居割WIDE']",随時,https://www.ur-net.go.jp/chintai/kanto/kanagawa/40_3500_room.html?JKSS=000090805,<li>小田急小田原線「百合ヶ丘」駅 徒歩3～10分</li><li>小田急小田原線「新百合ヶ丘」駅 徒歩10～17分</li><li>東急田園都市線「あざみ野」駅バス41分 徒歩2～5分</li>
kanagawa,shinyurigaoka,サンラフレ百合ヶ丘,208100,,,,,,,川崎市麻生区百合丘1-16ほか,9号棟,鉄筋コンクリート造,8,N,805号室,4LDK,84,10,203700,4400,2か月,"['近居割', '近居割WIDE']",随時,https://www.ur-net.go.jp/chintai/kanto/kanagawa/40_3500_room.html?JKSS=000090805,<li>小田急小田原線「百合ヶ丘」駅 徒歩3～10分</li><li>小田急小田原線「新百合ヶ丘」駅 徒歩10～17分</li><li>東急田園都市線「あざみ野」駅バス41分 徒歩2～5分</li>
kanagawa,shinyurigaoka,アーバンハイツ菅生ヶ丘,109600,,,,小田急小田原線「生田」駅,15.0,15.0,川崎市宮前区菅生ケ丘34-1ほか,,鉄筋コンクリート造,4,N,401号室,1LDK,61,6,102200,7400,2か月,['近居割'],随時,https://www.ur-net.go.jp/chintai/kanto/kanagawa/40_3220_room.html?JKSS=000000401,<li>小田急小田原線「生田」駅バス11分 徒歩4分</li><li>東急田園都市線「溝の口」駅バス21分 徒歩4分</li>
kanagawa,shinyurigaoka,アーバンハイツ菅生ヶ丘,109600,,,,東急田園都市線「溝の口」駅,25.0,25.0,川崎市宮前区菅生ケ丘34-1ほか,,鉄筋コンクリート造,4,N,401号室,1LDK,61,6,102200,7400,2か月,['近居割'],随時,https://www.ur-net.go.jp/chintai/kanto/kanagawa/40_3220_room.html?JKSS=000000401,<li>小田急小田原線「生田」駅バス11分 徒歩4分</li><li>東急田園都市線「溝の口」駅バス21分 徒歩4分</li>
kanagawa,shinyurigaoka,アーバンハイツ菅生ヶ丘,109600,,,,,,,川崎市宮前区菅生ケ丘34-1ほか,,鉄筋コンクリート造,4,N,401号室,1LDK,61,6,102200,7400,2か月,['近居割'],随時,https://www.ur-net.go.jp/chintai/kanto/kanagawa/40_3220_room.html?JKSS=000000401,<li>小田急小田原線「生田」駅バス11分 徒歩4分</li><li>東急田園都市線「溝の口」駅バス21分 徒歩4分</li>
kanagawa,shinyurigaoka,アーバンハイツ菅生ヶ丘,122700,,,,小田急小田原線「生田」駅,15.0,15.0,川崎市宮前区菅生ケ丘34-1ほか,,鉄筋コンクリート造,3,N,306号室,3DK,76,6,115300,7400,2か月,['近居割'],随時,https://www.ur-net.go.jp/chintai/kanto/kanagawa/40_3220_room.html?JKSS=000000306,<li>小田急小田原線「生田」駅バス11分 徒歩4分</li><li>東急田園都市線「溝の口」駅バス21分 徒歩4分</li>
kanagawa,shinyurigaoka,アーバンハイツ菅生ヶ丘,122700,,,,東急田園都市線「溝の口」駅,25.0,25.0,川崎市宮前区菅生ケ丘34-1ほか,,鉄筋コンクリート造,3,N,306号室,3DK,76,6,115300,7400,2か月,['近居割'],随時,https://www.ur-net.go.jp/chintai/kanto/kanagawa/40_3220_room.html?JKSS=000000306,<li>小田急小田原線「生田」駅バス11分 徒歩4分</li><li>東急田園都市線「溝の口」駅バス21分 徒歩4分</li>
kanagawa,shinyurigaoka,アーバンハイツ菅生ヶ丘,122700,,,,,,,川崎市宮前区菅生ケ丘34-1ほか,,鉄筋コンクリート造,3,N,306号室,3DK,76,6,115300,7400,2か月,['近居割'],随時,https://www.ur-net.go.jp/chintai/kanto/kanagawa/40_3220_room.html?JKSS=000000306,<li>小田急小田原線「生田」駅バス11分 徒歩4分</li><li>東急田園都市線「溝の口」駅バス21分 徒歩4分</li>
kanagawa,shinyurigaoka,コンフォール生田菅生ヶ丘,156100,,,,小田急小田原線「生田」駅,17.0,18.0,川崎市宮前区菅生ケ丘24,3号棟,鉄筋コンクリート造,2,N,201号室,4LDK,92,3,145300,10800,2か月,['近居割'],随時,https://www.ur-net.go.jp/chintai/kanto/kanagawa/40_3700_room.html?JKSS=000030201,<li>小田急小田原線「生田」駅バス11分 徒歩6～7分</li><li>東急田園都市線「溝の口」駅バス21分 徒歩3～4分</li><li>東急田園都市線「たまプラーザ」駅バス9分 徒歩7～8分</li>
kanagawa,shinyurigaoka,コンフォール生田菅生ヶ丘,156100,,,,東急田園都市線「溝の口」駅,24.0,25.0,川崎市宮前区菅生ケ丘24,3号棟,鉄筋コンクリート造,2,N,201号室,4LDK,92,3,145300,10800,2か月,['近居割'],随時,https://www.ur-net.go.jp/chintai/kanto/kanagawa/40_3700_room.html?JKSS=000030201,<li>小田急小田原線「生田」駅バス11分 徒歩6～7分</li><li>東急田園都市線「溝の口」駅バス21分 徒歩3～4分</li><li>東急田園都市線「たまプラーザ」駅バス9分 徒歩7～8分</li>
kanagawa,shinyurigaoka,コンフォール生田菅生ヶ丘,156100,,,,東急田園都市線「たまプラーザ」駅,16.0,17.0,川崎市宮前区菅生ケ丘24,3号棟,鉄筋コンクリート造,2,N,201号室,4LDK,92,3,145300,10800,2か月,['近居割'],随時,https://www.ur-net.go.jp/chintai/kanto/kanagawa/40_3700_room.html?JKSS=000030201,<li>小田急小田原線「生田」駅バス11分 徒歩6～7分</li><li>東急田園都市線「溝の口」駅バス21分 徒歩3～4分</li><li>東急田園都市線「たまプラーザ」駅バス9分 徒歩7～8分</li>
kanagawa,shinyurigaoka,コンフォール生田菅生ヶ丘,156100,,,,,,,川崎市宮前区菅生ケ丘24,3号棟,鉄筋コンクリート造,2,N,201号室,4LDK,92,3,145300,10800,2か月,['近居割'],随時,https://www.ur-net.go.jp/chintai/kanto/kanagawa/40_3700_room.html?JKSS=000030201,<li>小田急小田原線「生田」駅バス11分 徒歩6～7分</li><li>東急田園都市線「溝の口」駅バス21分 徒歩3～4分</li><li>東急田園都市線「たまプラーザ」駅バス9分 徒歩7～8分</li>
kanagawa,nakayama,霧が丘グリーンタウン,94000,,,,JR横浜線「十日市場」駅,9.0,13.0,横浜市緑区霧が丘3-22-5ほか,22-13号棟,鉄筋コンクリート造,4,N,402号室,3DK,65,5,89000,5000,2か月,['近居割'],随時,https://www.ur-net.go.jp/chintai/kanto/kanagawa/40_2030_room.html?JKSS=022130402,<li>JR横浜線「十日市場」駅バス7分 徒歩2～6分</li><li>東急田園都市線「青葉台」駅バス19分 徒歩2～6分</li><li>JR横浜線「長津田」駅バス11分 徒歩6～13分</li>
kanagawa,nakayama,霧が丘グリーンタウン,94000,,,,東急田園都市線「青葉台」駅,21.0,25.0,横浜市緑区霧が丘3-22-5ほか,22-13号棟,鉄筋コンクリート造,4,N,402号室,3DK,65,5,89000,5000,2か月,['近居割'],随時,https://www.ur-net.go.jp/chintai/kanto/kanagawa/40_2030_room.html?JKSS=022130402,<li>JR横浜線「十日市場」駅バス7分 徒歩2～6分</li><li>東急田園都市線「青葉台」駅バス19分 徒歩2～6分</li><li>JR横浜線「長津田」駅バス11分 徒歩6～13分</li>
kanagawa,nakayama,霧が丘グリーンタウン,94000,,,,JR横浜線「長津田」駅,17.0,24.0,横浜市緑区霧が丘3-22-5ほか,22-13号棟,鉄筋コンクリート造,4,N,402号室,3DK,65,5,89000,5000,2か月,['近居割'],随時,https://www.ur-net.go.jp/chintai/kanto/kanagawa/40_2030_room.html?JKSS=022130402,<li>JR横浜線「十日市場」駅バス7分 徒歩2～6分</li><li>東急田園都市線「青葉台」駅バス19分 徒歩2～6分</li><li>JR横浜線「長津田」駅バス11分 徒歩6～13分</li>
kanagawa,nakayama,霧が丘グリーンタウン,94000,,,,,,,横浜市緑区霧が丘3-22-5ほか,22-13号棟,鉄筋コンクリート造,4,N,402号室,3DK,65,5,89000,5000,2か月,['近居割'],随時,https://www.ur-net.go.jp/chintai/kanto/kanagawa/40_2030_room.html?JKSS=022130402,<li>JR横浜線「十日市場」駅バス7分 徒歩2～6分</li><li>東急田園都市線「青葉台」駅バス19分 徒歩2～6分</li><li>JR横浜線「長津田」駅バス11分 徒歩6～13分</li>
kanagawa,nakayama,霧が丘グリーンタウン,94100,,,,JR横浜線「十日市場」駅,9.0,13.0,横浜市緑区霧が丘3-22-5ほか,22-6号棟,鉄筋コンクリート造,4,N,401号室,3DK,65,5,89100,5000,2か月,['近居割'],随時,https://www.ur-net.go.jp/chintai/kanto/kanagawa/40_2030_room.html?JKSS=022060401,<li>JR横浜線「十日市場」駅バス7分 徒歩2～6分</li><li>東急田園都市線「青葉台」駅バス19分 徒歩2～6分</li><li>JR横浜線「長津田」駅バス11分 徒歩6～13分</li>
kanagawa,nakayama,霧が丘グリーンタウン,94100,,,,東急田園都市線「青葉台」駅,21.0,25.0,横浜市緑区霧が丘3-22-5ほか,22-6号棟,鉄筋コンクリート造,4,N,401号室,3DK,65,5,89100,5000,2か月,['近居割'],随時,https://www.ur-net.go.jp/chintai/kanto/kanagawa/40_2030_room.html?JKSS=022060401,<li>JR横浜線「十日市場」駅バス7分 徒歩2～6分</li><li>東急田園都市線「青葉台」駅バス19分 徒歩2～6分</li><li>JR横浜線「長津田」駅バス11分 徒歩6～13分</li>
kanagawa,nakayama,霧が丘グリーンタウン,94100,,,,JR横浜線「長津田」駅,17.0,24.0,横浜市緑区霧が丘3-22-5ほか,22-6号棟,鉄筋コンクリート造,4,N,401号室,3DK,65,5,89100,5000,2か月,['近居割'],随時,https://www.ur-net.go.jp/chintai/kanto/kanagawa/40_2030_room.html?JKSS=022060401,<li>JR横浜線「十日市場」駅バス7分 徒歩2～6分</li><li>東急田園都市線「青葉台」駅バス19分 徒歩2～6分</li><li>JR横浜線「長津田」駅バス11分 徒歩6～13分</li>
kanagawa,nakayama,霧が丘グリーンタウン,94100,,,,,,,横浜市緑区霧が丘3-22-5ほか,22-6号棟,鉄筋コンクリート造,4,N,401号室,3DK,65,5,89100,5000,2か月,['近居割'],随時,https://www.ur-net.go.jp/chintai/kanto/kanagawa/40_2030_room.html?JKSS=022060401,<li>JR横浜線「十日市場」駅バス7分 徒歩2～6分</li><li>東急田園都市線「青葉台」駅バス19分 徒歩2～6分</li><li>JR横浜線「長津田」駅バス11分 徒歩6～13分</li>
kanagawa,nakayama,霧が丘グリーンタウン,96800,,,,JR横浜線「十日市場」駅,9.0,13.0,横浜市緑区霧が丘3-22-5ほか,3-25-2号棟,鉄筋コンクリート造,6,N,609号室,3DK,61,6,91800,5000,2か月,['近居割'],随時,https://www.ur-net.go.jp/chintai/kanto/kanagawa/40_2030_room.html?JKSS=325020609,<li>JR横浜線「十日市場」駅バス7分 徒歩2～6分</li><li>東急田園都市線「青葉台」駅バス19分 徒歩2～6分</li><li>JR横浜線「長津田」駅バス11分 徒歩6～13分</li>
kanagawa,nakayama,霧が丘グリーンタウン,96800,,,,東急田園都市線「青葉台」駅,21.0,25.0,横浜市緑区霧が丘3-22-5ほか,3-25-2号棟,鉄筋コンクリート造,6,N,609号室,3DK,61,6,91800,5000,2か月,['近居割'],随時,https://www.ur-net.go.jp/chintai/kanto/kanagawa/40_2030_room.html?JKSS=325020609,<li>JR横浜線「十日市場」駅バス7分 徒歩2～6分</li><li>東急田園都市線「青葉台」駅バス19分 徒歩2～6分</li><li>JR横浜線「長津田」駅バス11分 徒歩6～13分</li>
kanagawa,nakayama,霧が丘グリーンタウン,96800,,,,JR横浜線「長津田」駅,17.0,24.0,横浜市緑区霧が丘3-22-5ほか,3-25-2号棟,鉄筋コンクリート造,6,N,609号室,3DK,61,6,91800,5000,2か月,['近居割'],随時,https://www.ur-net.go.jp/chintai/kanto/kanagawa/40_2030_room.html?JKSS=325020609,<li>JR横浜線「十日市場」駅バス7分 徒歩2～6分</li><li>東急田園都市線「青葉台」駅バス19分 徒歩2～6分</li><li>JR横浜線「長津田」駅バス11分 徒歩6～13分</li>
kanagawa,nakayama,霧が丘グリーンタウン,96800,,,,,,,横浜市緑区霧が丘3-22-5ほか,3-25-2号棟,鉄筋コンクリート造,6,N,609号室,3DK,61,6,91800,5000,2か月,['近居割'],随時,https://www.ur-net.go.jp/chintai/kanto/kanagawa/40_2030_room.html?JKSS=325020609,<li>JR横浜線「十日市場」駅バス7分 徒歩2～6分</li><li>東急田園都市線「青葉台」駅バス19分 徒歩2～6分</li><li>JR横浜線「長津田」駅バス11分 徒歩6～13分</li>
kanagawa,nakayama,霧が丘グリーンタウン,98000,,,,JR横浜線「十日市場」駅,9.0,13.0,横浜市緑区霧が丘3-22-5ほか,22-4号棟,鉄筋コンクリート造,4,N,401号室,2LDK,67,5,93000,5000,2か月,['近居割'],随時,https://www.ur-net.go.jp/chintai/kanto/kanagawa/40_2030_room.html?JKSS=022040401,<li>JR横浜線「十日市場」駅バス7分 徒歩2～6分</li><li>東急田園都市線「青葉台」駅バス19分 徒歩2～6分</li><li>JR横浜線「長津田」駅バス11分 徒歩6～13分</li>
kanagawa,nakayama,霧が丘グリーンタウン,98000,,,,東急田園都市線「青葉台」駅,21.0,25.0,横浜市緑区霧が丘3-22-5ほか,22-4号棟,鉄筋コンクリート造,4,N,401号室,2LDK,67,5,93000,5000,2か月,['近居割'],随時,https://www.ur-net.go.jp/chintai/kanto/kanagawa/40_2030_room.html?JKSS=022040401,<li>JR横浜線「十日市場」駅バス7分 徒歩2～6分</li><li>東急田園都市線「青葉台」駅バス19分 徒歩2～6分</li><li>JR横浜線「長津田」駅バス11分 徒歩6～13分</li>
kanagawa,nakayama,霧が丘グリーンタウン,98000,,,,JR横浜線「長津田」駅,17.0,24.0,横浜市緑区霧が丘3-22-5ほか,22-4号棟,鉄筋コンクリート造,4,N,401号室,2LDK,67,5,93000,5000,2か月,['近居割'],随時,https://www.ur-net.go.jp/chintai/kanto/kanagawa/40_2030_room.html?JKSS=022040401,<li>JR横浜線「十日市場」駅バス7分 徒歩2～6分</li><li>東急田園都市線「青葉台」駅バス19分 徒歩2～6分</li><li>JR横浜線「長津田」駅バス11分 徒歩6～13分</li>
kanagawa,nakayama,霧が丘グリーンタウン,98000,,,,,,,横浜市緑区霧が丘3-22-5ほか,22-4号棟,鉄筋コンクリート造,4,N,401号室,2LDK,67,5,93000,5000,2か月,['近居割'],随時,https://www.ur-net.go.jp/chintai/kanto/kanagawa/40_2030_room.html?JKSS=022040401,<li>JR横浜線「十日市場」駅バス7分 徒歩2～6分</li><li>東急田園都市線「青葉台」駅バス19分 徒歩2～6分</li><li>JR横浜線「長津田」駅バス11分 徒歩6～13分</li>
kanagawa,nakayama,霧が丘グリーンタウン,113600,,,,JR横浜線「十日市場」駅,9.0,13.0,横浜市緑区霧が丘3-22-5ほか,24-1号棟,鉄筋コンクリート造,5,N,506号室,3LDK,84,5,108600,5000,2か月,['近居割'],随時,https://www.ur-net.go.jp/chintai/kanto/kanagawa/40_2030_room.html?JKSS=024010506,<li>JR横浜線「十日市場」駅バス7分 徒歩2～6分</li><li>東急田園都市線「青葉台」駅バス19分 徒歩2～6分</li><li>JR横浜線「長津田」駅バス11分 徒歩6～13分</li>
kanagawa,nakayama,霧が丘グリーンタウン,113600,,,,東急田園都市線「青葉台」駅,21.0,25.0,横浜市緑区霧が丘3-22-5ほか,24-1号棟,鉄筋コンクリート造,5,N,506号室,3LDK,84,5,108600,5000,2か月,['近居割'],随時,https://www.ur-net.go.jp/chintai/kanto/kanagawa/40_2030_room.html?JKSS=024010506,<li>JR横浜線「十日市場」駅バス7分 徒歩2～6分</li><li>東急田園都市線「青葉台」駅バス19分 徒歩2～6分</li><li>JR横浜線「長津田」駅バス11分 徒歩6～13分</li>
kanagawa,nakayama,霧が丘グリーンタウン,113600,,,,JR横浜線「長津田」駅,17.0,24.0,横浜市緑区霧が丘3-22-5ほか,24-1号棟,鉄筋コンクリート造,5,N,506号室,3LDK,84,5,108600,5000,2か月,['近居割'],随時,https://www.ur-net.go.jp/chintai/kanto/kanagawa/40_2030_room.html?JKSS=024010506,<li>JR横浜線「十日市場」駅バス7分 徒歩2～6分</li><li>東急田園都市線「青葉台」駅バス19分 徒歩2～6分</li><li>JR横浜線「長津田」駅バス11分 徒歩6～13分</li>
kanagawa,nakayama,霧が丘グリーンタウン,113600,,,,,,,横浜市緑区霧が丘3-22-5ほか,24-1号棟,鉄筋コンクリート造,5,N,506号室,3LDK,84,5,108600,5000,2か月,['近居割'],随時,https://www.ur-net.go.jp/chintai/kanto/kanagawa/40_2030_room.html?JKSS=024010506,<li>JR横浜線「十日市場」駅バス7分 徒歩2～6分</li><li>東急田園都市線「青葉台」駅バス19分 徒歩2～6分</li><li>JR横浜線「長津田」駅バス11分 徒歩6～13分</li>
kanagawa,nakayama,十日市場ヒルタウン　コンフォール十日市場十四番街,149300,JR横浜線「十日市場」駅,11.0,12.0,,,,横浜市緑区十日市場町1258,14-1号棟,鉄筋コンクリート造,1,N,104号室,2LDK,78,8,144300,5000,2か月,['近居割'],随時,https://www.ur-net.go.jp/chintai/kanto/kanagawa/40_4080_room.html?JKSS=014010104,<li>JR横浜線「十日市場」駅 徒歩11～12分</li><li>東急田園都市線「青葉台」駅バス12分 徒歩11～12分</li><li>JR横浜線「中山」駅バス7分 徒歩8分</li>
kanagawa,nakayama,十日市場ヒルタウン　コンフォール十日市場十四番街,149300,,,,東急田園都市線「青葉台」駅,23.0,24.0,横浜市緑区十日市場町1258,14-1号棟,鉄筋コンクリート造,1,N,104号室,2LDK,78,8,144300,5000,2か月,['近居割'],随時,https://www.ur-net.go.jp/chintai/kanto/kanagawa/40_4080_room.html?JKSS=014010104,<li>JR横浜線「十日市場」駅 徒歩11～12分</li><li>東急田園都市線「青葉台」駅バス12分 徒歩11～12分</li><li>JR横浜線「中山」駅バス7分 徒歩8分</li>
kanagawa,nakayama,十日市場ヒルタウン　コンフォール十日市場十四番街,149300,,,,JR横浜線「中山」駅,15.0,15.0,横浜市緑区十日市場町1258,14-1号棟,鉄筋コンクリート造,1,N,104号室,2LDK,78,8,144300,5000,2か月,['近居割'],随時,https://www.ur-net.go.jp/chintai/kanto/kanagawa/40_4080_room.html?JKSS=014010104,<li>JR横浜線「十日市場」駅 徒歩11～12分</li><li>東急田園都市線「青葉台」駅バス12分 徒歩11～12分</li><li>JR横浜線「中山」駅バス7分 徒歩8分</li>
kanagawa,nakayama,十日市場ヒルタウン　コンフォール十日市場十四番街,149300,,,,,,,横浜市緑区十日市場町1258,14-1号棟,鉄筋コンクリート造,1,N,104号室,2LDK,78,8,144300,5000,2か月,['近居割'],随時,https://www.ur-net.go.jp/chintai/kanto/kanagawa/40_4080_room.html?JKSS=014010104,<li>JR横浜線「十日市場」駅 徒歩11～12分</li><li>東急田園都市線「青葉台」駅バス12分 徒歩11～12分</li><li>JR横浜線「中山」駅バス7分 徒歩8分</li>
kanagawa,nakayama,十日市場ヒルタウン　コンフォール十日市場六番街,172000,JR横浜線「十日市場」駅,7.0,8.0,,,,横浜市緑区十日市場町1358-48,6-2号棟,鉄筋コンクリート造,5,N,502号室,3LDK,73,5,163500,8500,2か月,['近居割'],随時,https://www.ur-net.go.jp/chintai/kanto/kanagawa/40_3930_room.html?JKSS=006020502,<li>JR横浜線「十日市場」駅 徒歩7～8分</li><li>東急田園都市線「青葉台」駅バス12分 徒歩7～8分</li><li>JR横浜線「中山」駅バス10分 徒歩3～4分</li>
kanagawa,nakayama,十日市場ヒルタウン　コンフォール十日市場六番街,172000,,,,東急田園都市線「青葉台」駅,19.0,20.0,横浜市緑区十日市場町1358-48,6-2号棟,鉄筋コンクリート造,5,N,502号室,3LDK,73,5,163500,8500,2か月,['近居割'],随時,https://www.ur-net.go.jp/chintai/kanto/kanagawa/40_3930_room.html?JKSS=006020502,<li>JR横浜線「十日市場」駅 徒歩7～8分</li><li>東急田園都市線「青葉台」駅バス12分 徒歩7～8分</li><li>JR横浜線「中山」駅バス10分 徒歩3～4分</li>
kanagawa,nakayama,十日市場ヒルタウン　コンフォール十日市場六番街,172000,,,,JR横浜線「中山」駅,13.0,14.0,横浜市緑区十日市場町1358-48,6-2号棟,鉄筋コンクリート造,5,N,502号室,3LDK,73,5,163500,8500,2か月,['近居割'],随時,https://www.ur-net.go.jp/chintai/kanto/kanagawa/40_3930_room.html?JKSS=006020502,<li>JR横浜線「十日市場」駅 徒歩7～8分</li><li>東急田園都市線「青葉台」駅バス12分 徒歩7～8分</li><li>JR横浜線「中山」駅バス10分 徒歩3～4分</li>
kanagawa,nakayama,十日市場ヒルタウン　コンフォール十日市場六番街,172000,,,,,,,横浜市緑区十日市場町1358-48,6-2号棟,鉄筋コンクリート造,5,N,502号室,3LDK,73,5,163500,8500,2か月,['近居割'],随時,https://www.ur-net.go.jp/chintai/kanto/kanagawa/40_3930_room.html?JKSS=006020502,<li>JR横浜線「十日市場」駅 徒歩7～8分</li><li>東急田園都市線「青葉台」駅バス12分 徒歩7～8分</li><li>JR横浜線「中山」駅バス10分 徒歩3～4分</li>
kanagawa,shinyurigaoka,奈良北,82500,,,,小田急小田原線「鶴川」駅,15.0,20.0,横浜市青葉区奈良町2913,8号棟,鉄筋コンクリート造、鉄骨鉄筋コンクリート造,4,N,406号室,2LDK,52,5,79600,2900,2か月,"['近居割', '近居割WIDE']",随時,https://www.ur-net.go.jp/chintai/kanto/kanagawa/40_1410_room.html?JKSS=000080406,<li>小田急小田原線「鶴川」駅バス13分 徒歩2～7分</li><li>小田急小田原線「玉川学園前」駅 徒歩15～21分</li><li>東急田園都市線「青葉台」駅バス16～17分 徒歩1～7分</li>
kanagawa,shinyurigaoka,奈良北,82500,小田急小田原線「玉川学園前」駅,15.0,21.0,,,,横浜市青葉区奈良町2913,8号棟,鉄筋コンクリート造、鉄骨鉄筋コンクリート造,4,N,406号室,2LDK,52,5,79600,2900,2か月,"['近居割', '近居割WIDE']",随時,https://www.ur-net.go.jp/chintai/kanto/kanagawa/40_1410_room.html?JKSS=000080406,<li>小田急小田原線「鶴川」駅バス13分 徒歩2～7分</li><li>小田急小田原線「玉川学園前」駅 徒歩15～21分</li><li>東急田園都市線「青葉台」駅バス16～17分 徒歩1～7分</li>
kanagawa,shinyurigaoka,奈良北,82500,,,,東急田園都市線「青葉台」駅,17.0,24.0,横浜市青葉区奈良町2913,8号棟,鉄筋コンクリート造、鉄骨鉄筋コンクリート造,4,N,406号室,2LDK,52,5,79600,2900,2か月,"['近居割', '近居割WIDE']",随時,https://www.ur-net.go.jp/chintai/kanto/kanagawa/40_1410_room.html?JKSS=000080406,<li>小田急小田原線「鶴川」駅バス13分 徒歩2～7分</li><li>小田急小田原線「玉川学園前」駅 徒歩15～21分</li><li>東急田園都市線「青葉台」駅バス16～17分 徒歩1～7分</li>
kanagawa,shinyurigaoka,奈良北,82500,,,,,,,横浜市青葉区奈良町2913,8号棟,鉄筋コンクリート造、鉄骨鉄筋コンクリート造,4,N,406号室,2LDK,52,5,79600,2900,2か月,"['近居割', '近居割WIDE']",随時,https://www.ur-net.go.jp/chintai/kanto/kanagawa/40_1410_room.html?JKSS=000080406,<li>小田急小田原線「鶴川」駅バス13分 徒歩2～7分</li><li>小田急小田原線「玉川学園前」駅 徒歩15～21分</li><li>東急田園都市線「青葉台」駅バス16～17分 徒歩1～7分</li>
kanagawa,shinyurigaoka,すすき野,83800,,,,東急田園都市線「たまプラーザ」駅,14.0,16.0,横浜市青葉区すすき野3-6-1,6-23号棟,鉄筋コンクリート造,3,N,302号室,2DK,43,8,80500,3300,2か月,['URライト（4年定借）'],随時,https://www.ur-net.go.jp/chintai/kanto/kanagawa/40_1650_room.html?JKSS=006230302,<li>東急田園都市線「たまプラーザ」駅バス10分 徒歩4～6分</li><li>東急田園都市線「あざみ野」駅バス9分 徒歩4～8分</li><li>小田急小田原線「新百合ヶ丘」駅バス16分 徒歩8～11分</li>
kanagawa,shinyurigaoka,すすき野,83800,,,,東急田園都市線「あざみ野」駅,13.0,17.0,横浜市青葉区すすき野3-6-1,6-23号棟,鉄筋コンクリート造,3,N,302号室,2DK,43,8,80500,3300,2か月,['URライト（4年定借）'],随時,https://www.ur-net.go.jp/chintai/kanto/kanagawa/40_1650_room.html?JKSS=006230302,<li>東急田園都市線「たまプラーザ」駅バス10分 徒歩4～6分</li><li>東急田園都市線「あざみ野」駅バス9分 徒歩4～8分</li><li>小田急小田原線「新百合ヶ丘」駅バス16分 徒歩8～11分</li>
kanagawa,shinyurigaoka,すすき野,83800,,,,小田急小田原線「新百合ヶ丘」駅,24.0,27.0,横浜市青葉区すすき野3-6-1,6-23号棟,鉄筋コンクリート造,3,N,302号室,2DK,43,8,80500,3300,2か月,['URライト（4年定借）'],随時,https://www.ur-net.go.jp/chintai/kanto/kanagawa/40_1650_room.html?JKSS=006230302,<li>東急田園都市線「たまプラーザ」駅バス10分 徒歩4～6分</li><li>東急田園都市線「あざみ野」駅バス9分 徒歩4～8分</li><li>小田急小田原線「新百合ヶ丘」駅バス16分 徒歩8～11分</li>
kanagawa,shinyurigaoka,すすき野,83800,,,,,,,横浜市青葉区すすき野3-6-1,6-23号棟,鉄筋コンクリート造,3,N,302号室,2DK,43,8,80500,3300,2か月,['URライト（4年定借）'],随時,https://www.ur-net.go.jp/chintai/kanto/kanagawa/40_1650_room.html?JKSS=006230302,<li>東急田園都市線「たまプラーザ」駅バス10分 徒歩4～6分</li><li>東急田園都市線「あざみ野」駅バス9分 徒歩4～8分</li><li>小田急小田原線「新百合ヶ丘」駅バス16分 徒歩8～11分</li>
kanagawa,shinyurigaoka,グリーンヒル鴨志田中央,108200,,,,東急田園都市線「青葉台」駅,10.0,11.0,横浜市青葉区鴨志田町539-3,1号棟,鉄筋コンクリート造,1,N,102号室,3DK,61,5,103100,5100,2か月,['近居割'],随時,https://www.ur-net.go.jp/chintai/kanto/kanagawa/40_2880_room.html?JKSS=000010102,<li>東急田園都市線「青葉台」駅バス8分 徒歩2～3分</li><li>小田急小田原線「柿生」駅バス13分 徒歩2～3分</li><li>東急こどもの国線「こどもの国」駅 徒歩36分</li>
kanagawa,shinyurigaoka,グリーンヒル鴨志田中央,108200,,,,小田急小田原線「柿生」駅,15.0,16.0,横浜市青葉区鴨志田町539-3,1号棟,鉄筋コンクリート造,1,N,102号室,3DK,61,5,103100,5100,2か月,['近居割'],随時,https://www.ur-net.go.jp/chintai/kanto/kanagawa/40_2880_room.html?JKSS=000010102,<li>東急田園都市線「青葉台」駅バス8分 徒歩2～3分</li><li>小田急小田原線「柿生」駅バス13分 徒歩2～3分</li><li>東急こどもの国線「こどもの国」駅 徒歩36分</li>
kanagawa,shinyurigaoka,グリーンヒル鴨志田中央,108200,東急こどもの国線「こどもの国」駅,36.0,36.0,,,,横浜市青葉区鴨志田町539-3,1号棟,鉄筋コンクリート造,1,N,102号室,3DK,61,5,103100,5100,2か月,['近居割'],随時,https://www.ur-net.go.jp/chintai/kanto/kanagawa/40_2880_room.html?JKSS=000010102,<li>東急田園都市線「青葉台」駅バス8分 徒歩2～3分</li><li>小田急小田原線「柿生」駅バス13分 徒歩2～3分</li><li>東急こどもの国線「こどもの国」駅 徒歩36分</li>
kanagawa,shinyurigaoka,グリーンヒル鴨志田中央,108200,,,,,,,横浜市青葉区鴨志田町539-3,1号棟,鉄筋コンクリート造,1,N,102号室,3DK,61,5,103100,5100,2か月,['近居割'],随時,https://www.ur-net.go.jp/chintai/kanto/kanagawa/40_2880_room.html?JKSS=000010102,<li>東急田園都市線「青葉台」駅バス8分 徒歩2～3分</li><li>小田急小田原線「柿生」駅バス13分 徒歩2～3分</li><li>東急こどもの国線「こどもの国」駅 徒歩36分</li>
kanagawa,shinyurigaoka,グリーンヒル鴨志田中央,109400,,,,東急田園都市線「青葉台」駅,10.0,11.0,横浜市青葉区鴨志田町539-3,3号棟,鉄筋コンクリート造,5,N,502号室,3DK,61,5,104300,5100,2か月,['近居割'],随時,https://www.ur-net.go.jp/chintai/kanto/kanagawa/40_2880_room.html?JKSS=000030502,<li>東急田園都市線「青葉台」駅バス8分 徒歩2～3分</li><li>小田急小田原線「柿生」駅バス13分 徒歩2～3分</li><li>東急こどもの国線「こどもの国」駅 徒歩36分</li>
kanagawa,shinyurigaoka,グリーンヒル鴨志田中央,109400,,,,小田急小田原線「柿生」駅,15.0,16.0,横浜市青葉区鴨志田町539-3,3号棟,鉄筋コンクリート造,5,N,502号室,3DK,61,5,104300,5100,2か月,['近居割'],随時,https://www.ur-net.go.jp/chintai/kanto/kanagawa/40_2880_room.html?JKSS=000030502,<li>東急田園都市線「青葉台」駅バス8分 徒歩2～3分</li><li>小田急小田原線「柿生」駅バス13分 徒歩2～3分</li><li>東急こどもの国線「こどもの国」駅 徒歩36分</li>
kanagawa,shinyurigaoka,グリーンヒル鴨志田中央,109400,東急こどもの国線「こどもの国」駅,36.0,36.0,,,,横浜市青葉区鴨志田町539-3,3号棟,鉄筋コンクリート造,5,N,502号室,3DK,61,5,104300,5100,2か月,['近居割'],随時,https://www.ur-net.go.jp/chintai/kanto/kanagawa/40_2880_room.html?JKSS=000030502,<li>東急田園都市線「青葉台」駅バス8分 徒歩2～3分</li><li>小田急小田原線「柿生」駅バス13分 徒歩2～3分</li><li>東急こどもの国線「こどもの国」駅 徒歩36分</li>
kanagawa,shinyurigaoka,グリーンヒル鴨志田中央,109400,,,,,,,横浜市青葉区鴨志田町539-3,3号棟,鉄筋コンクリート造,5,N,502号室,3DK,61,5,104300,5100,2か月,['近居割'],随時,https://www.ur-net.go.jp/chintai/kanto/kanagawa/40_2880_room.html?JKSS=000030502,<li>東急田園都市線「青葉台」駅バス8分 徒歩2～3分</li><li>小田急小田原線「柿生」駅バス13分 徒歩2～3分</li><li>東急こどもの国線「こどもの国」駅 徒歩36分</li>
kanagawa,kohoku,港北ニュータウン　コンフォール東山田,123100,横浜市営地下鉄グリーンライン「東山田」駅,17.0,17.0,,,,横浜市都筑区東山田4-5,6号棟,鉄筋コンクリート造,3,N,306号室,2LDK,67,6,119400,3700,2か月,['近居割'],随時,https://www.ur-net.go.jp/chintai/kanto/kanagawa/40_3080_room.html?JKSS=000060306,<li>横浜市営地下鉄グリーンライン「東山田」駅 徒歩17分</li><li>横浜市営地下鉄グリーンライン「北山田」駅 徒歩19～20分</li><li>横浜市営地下鉄グリーンライン「センター北」駅バス12分 徒歩4分</li>
kanagawa,kohoku,港北ニュータウン　コンフォール東山田,123100,横浜市営地下鉄グリーンライン「北山田」駅,19.0,20.0,,,,横浜市都筑区東山田4-5,6号棟,鉄筋コンクリート造,3,N,306号室,2LDK,67,6,119400,3700,2か月,['近居割'],随時,https://www.ur-net.go.jp/chintai/kanto/kanagawa/40_3080_room.html?JKSS=000060306,<li>横浜市営地下鉄グリーンライン「東山田」駅 徒歩17分</li><li>横浜市営地下鉄グリーンライン「北山田」駅 徒歩19～20分</li><li>横浜市営地下鉄グリーンライン「センター北」駅バス12分 徒歩4分</li>
kanagawa,kohoku,港北ニュータウン　コンフォール東山田,123100,,,,横浜市営地下鉄グリーンライン「センター北」駅,16.0,16.0,横浜市都筑区東山田4-5,6号棟,鉄筋コンクリート造,3,N,306号室,2LDK,67,6,119400,3700,2か月,['近居割'],随時,https://www.ur-net.go.jp/chintai/kanto/kanagawa/40_3080_room.html?JKSS=000060306,<li>横浜市営地下鉄グリーンライン「東山田」駅 徒歩17分</li><li>横浜市営地下鉄グリーンライン「北山田」駅 徒歩19～20分</li><li>横浜市営地下鉄グリーンライン「センター北」駅バス12分 徒歩4分</li>
kanagawa,kohoku,港北ニュータウン　コンフォール東山田,123100,,,,,,,横浜市都筑区東山田4-5,6号棟,鉄筋コンクリート造,3,N,306号室,2LDK,67,6,119400,3700,2か月,['近居割'],随時,https://www.ur-net.go.jp/chintai/kanto/kanagawa/40_3080_room.html?JKSS=000060306,<li>横浜市営地下鉄グリーンライン「東山田」駅 徒歩17分</li><li>横浜市営地下鉄グリーンライン「北山田」駅 徒歩19～20分</li><li>横浜市営地下鉄グリーンライン「センター北」駅バス12分 徒歩4分</li>
kanagawa,kohoku,港北ニュータウン　コンフォール東山田,127200,横浜市営地下鉄グリーンライン「東山田」駅,17.0,17.0,,,,横浜市都筑区東山田4-5,2号棟,鉄筋コンクリート造,5,N,502号室,3LDK,72,5,123500,3700,2か月,['近居割'],随時,https://www.ur-net.go.jp/chintai/kanto/kanagawa/40_3080_room.html?JKSS=000020502,<li>横浜市営地下鉄グリーンライン「東山田」駅 徒歩17分</li><li>横浜市営地下鉄グリーンライン「北山田」駅 徒歩19～20分</li><li>横浜市営地下鉄グリーンライン「センター北」駅バス12分 徒歩4分</li>
kanagawa,kohoku,港北ニュータウン　コンフォール東山田,127200,横浜市営地下鉄グリーンライン「北山田」駅,19.0,20.0,,,,横浜市都筑区東山田4-5,2号棟,鉄筋コンクリート造,5,N,502号室,3LDK,72,5,123500,3700,2か月,['近居割'],随時,https://www.ur-net.go.jp/chintai/kanto/kanagawa/40_3080_room.html?JKSS=000020502,<li>横浜市営地下鉄グリーンライン「東山田」駅 徒歩17分</li><li>横浜市営地下鉄グリーンライン「北山田」駅 徒歩19～20分</li><li>横浜市営地下鉄グリーンライン「センター北」駅バス12分 徒歩4分</li>
kanagawa,kohoku,港北ニュータウン　コンフォール東山田,127200,,,,横浜市営地下鉄グリーンライン「センター北」駅,16.0,16.0,横浜市都筑区東山田4-5,2号棟,鉄筋コンクリート造,5,N,502号室,3LDK,72,5,123500,3700,2か月,['近居割'],随時,https://www.ur-net.go.jp/chintai/kanto/kanagawa/40_3080_room.html?JKSS=000020502,<li>横浜市営地下鉄グリーンライン「東山田」駅 徒歩17分</li><li>横浜市営地下鉄グリーンライン「北山田」駅 徒歩19～20分</li><li>横浜市営地下鉄グリーンライン「センター北」駅バス12分 徒歩4分</li>
kanagawa,kohoku,港北ニュータウン　コンフォール東山田,127200,,,,,,,横浜市都筑区東山田4-5,2号棟,鉄筋コンクリート造,5,N,502号室,3LDK,72,5,123500,3700,2か月,['近居割'],随時,https://www.ur-net.go.jp/chintai/kanto/kanagawa/40_3080_room.html?JKSS=000020502,<li>横浜市営地下鉄グリーンライン「東山田」駅 徒歩17分</li><li>横浜市営地下鉄グリーンライン「北山田」駅 徒歩19～20分</li><li>横浜市営地下鉄グリーンライン「センター北」駅バス12分 徒歩4分</li>
kanagawa,kohoku,港北ニュータウン　サントゥール中川,155100,横浜市営地下鉄ブルーライン「中川」駅,7.0,8.0,,,,横浜市都筑区中川2-9,9号棟,鉄骨鉄筋コンクリート造,11,N,1106号室,3LDK,70,13,151300,3800,2か月,['近居割'],随時,https://www.ur-net.go.jp/chintai/kanto/kanagawa/40_2690_room.html?JKSS=000091106,<li>横浜市営地下鉄ブルーライン「中川」駅 徒歩7～8分</li><li>東急田園都市線「たまプラーザ」駅バス4分 徒歩2～3分</li><li>横浜市営地下鉄グリーンライン「北山田」駅バス9分 徒歩2～3分</li>
kanagawa,kohoku,港北ニュータウン　サントゥール中川,155100,,,,東急田園都市線「たまプラーザ」駅,6.0,7.0,横浜市都筑区中川2-9,9号棟,鉄骨鉄筋コンクリート造,11,N,1106号室,3LDK,70,13,151300,3800,2か月,['近居割'],随時,https://www.ur-net.go.jp/chintai/kanto/kanagawa/40_2690_room.html?JKSS=000091106,<li>横浜市営地下鉄ブルーライン「中川」駅 徒歩7～8分</li><li>東急田園都市線「たまプラーザ」駅バス4分 徒歩2～3分</li><li>横浜市営地下鉄グリーンライン「北山田」駅バス9分 徒歩2～3分</li>
kanagawa,kohoku,港北ニュータウン　サントゥール中川,155100,,,,横浜市営地下鉄グリーンライン「北山田」駅,11.0,12.0,横浜市都筑区中川2-9,9号棟,鉄骨鉄筋コンクリート造,11,N,1106号室,3LDK,70,13,151300,3800,2か月,['近居割'],随時,https://www.ur-net.go.jp/chintai/kanto/kanagawa/40_2690_room.html?JKSS=000091106,<li>横浜市営地下鉄ブルーライン「中川」駅 徒歩7～8分</li><li>東急田園都市線「たまプラーザ」駅バス4分 徒歩2～3分</li><li>横浜市営地下鉄グリーンライン「北山田」駅バス9分 徒歩2～3分</li>
kanagawa,kohoku,港北ニュータウン　サントゥール中川,155100,,,,,,,横浜市都筑区中川2-9,9号棟,鉄骨鉄筋コンクリート造,11,N,1106号室,3LDK,70,13,151300,3800,2か月,['近居割'],随時,https://www.ur-net.go.jp/chintai/kanto/kanagawa/40_2690_room.html?JKSS=000091106,<li>横浜市営地下鉄ブルーライン「中川」駅 徒歩7～8分</li><li>東急田園都市線「たまプラーザ」駅バス4分 徒歩2～3分</li><li>横浜市営地下鉄グリーンライン「北山田」駅バス9分 徒歩2～3分</li>
kanagawa,kohoku,港北ニュータウン　コンフォールセンター南,161500,横浜市営地下鉄ブルーライン「センター南」駅,11.0,13.0,,,,横浜市都筑区茅ヶ崎東3-5,6号棟,鉄筋コンクリート造,5,N,505号室,3LDK,72,14,156400,5100,2か月,['近居割'],随時,https://www.ur-net.go.jp/chintai/kanto/kanagawa/40_3760_room.html?JKSS=000060505,<li>横浜市営地下鉄ブルーライン「センター南」駅 徒歩11～13分</li><li>横浜市営地下鉄グリーンライン「センター北」駅 徒歩22～25分</li>
kanagawa,kohoku,港北ニュータウン　コンフォールセンター南,161500,横浜市営地下鉄グリーンライン「センター北」駅,22.0,25.0,,,,横浜市都筑区茅ヶ崎東3-5,6号棟,鉄筋コンクリート造,5,N,505号室,3LDK,72,14,156400,5100,2か月,['近居割'],随時,https://www.ur-net.go.jp/chintai/kanto/kanagawa/40_3760_room.html?JKSS=000060505,<li>横浜市営地下鉄ブルーライン「センター南」駅 徒歩11～13分</li><li>横浜市営地下鉄グリーンライン「センター北」駅 徒歩22～25分</li>
kanagawa,kohoku,港北ニュータウン　コンフォールセンター南,161500,,,,,,,横浜市都筑区茅ヶ崎東3-5,6号棟,鉄筋コンクリート造,5,N,505号室,3LDK,72,14,156400,5100,2か月,['近居割'],随時,https://www.ur-net.go.jp/chintai/kanto/kanagawa/40_3760_room.html?JKSS=000060505,<li>横浜市営地下鉄ブルーライン「センター南」駅 徒歩11～13分</li><li>横浜市営地下鉄グリーンライン「センター北」駅 徒歩22～25分</li>
kanagawa,kohoku,港北ニュータウン　コンフォール城山の丘,175900,横浜市営地下鉄グリーンライン「東山田」駅,7.0,9.0,,,,横浜市都筑区東山田3-23,9号棟,鉄筋コンクリート造,5,N,509号室,4LDK,98,6,169200,6700,2か月,['フリレ１か月'],随時,https://www.ur-net.go.jp/chintai/kanto/kanagawa/40_3830_room.html?JKSS=000090509,<li>横浜市営地下鉄グリーンライン「東山田」駅 徒歩7～9分</li><li>東急田園都市線「鷺沼」駅バス17分 徒歩4～7分</li><li>横浜市営地下鉄グリーンライン「北山田」駅 徒歩13～15分</li>
kanagawa,kohoku,港北ニュータウン　コンフォール城山の丘,175900,,,,東急田園都市線「鷺沼」駅,21.0,24.0,横浜市都筑区東山田3-23,9号棟,鉄筋コンクリート造,5,N,509号室,4LDK,98,6,169200,6700,2か月,['フリレ１か月'],随時,https://www.ur-net.go.jp/chintai/kanto/kanagawa/40_3830_room.html?JKSS=000090509,<li>横浜市営地下鉄グリーンライン「東山田」駅 徒歩7～9分</li><li>東急田園都市線「鷺沼」駅バス17分 徒歩4～7分</li><li>横浜市営地下鉄グリーンライン「北山田」駅 徒歩13～15分</li>
kanagawa,kohoku,港北ニュータウン　コンフォール城山の丘,175900,横浜市営地下鉄グリーンライン「北山田」駅,13.0,15.0,,,,横浜市都筑区東山田3-23,9号棟,鉄筋コンクリート造,5,N,509号室,4LDK,98,6,169200,6700,2か月,['フリレ１か月'],随時,https://www.ur-net.go.jp/chintai/kanto/kanagawa/40_3830_room.html?JKSS=000090509,<li>横浜市営地下鉄グリーンライン「東山田」駅 徒歩7～9分</li><li>東急田園都市線「鷺沼」駅バス17分 徒歩4～7分</li><li>横浜市営地下鉄グリーンライン「北山田」駅 徒歩13～15分</li>
kanagawa,kohoku,港北ニュータウン　コンフォール城山の丘,175900,,,,,,,横浜市都筑区東山田3-23,9号棟,鉄筋コンクリート造,5,N,509号室,4LDK,98,6,169200,6700,2か月,['フリレ１か月'],随時,https://www.ur-net.go.jp/chintai/kanto/kanagawa/40_3830_room.html?JKSS=000090509,<li>横浜市営地下鉄グリーンライン「東山田」駅 徒歩7～9分</li><li>東急田園都市線「鷺沼」駅バス17分 徒歩4～7分</li><li>横浜市営地下鉄グリーンライン「北山田」駅 徒歩13～15分</li>
kanagawa,yokohamanishiguchi,本郷町,92500,,,,JR根岸線ほか「桜木町」駅,19.0,19.0,横浜市中区本郷町2-50,,鉄骨鉄筋コンクリート造,5,N,507号室,1LDK,46,7,89200,3300,2か月,['URライト（5年定借）'],随時,https://www.ur-net.go.jp/chintai/kanto/kanagawa/40_1610_room.html?JKSS=000000507,<li>JR根岸線ほか「桜木町」駅 バス18分 徒歩1分</li><li>JR根岸線「石川町」駅 バス10分 徒歩1分</li>
kanagawa,yokohamanishiguchi,本郷町,92500,,,,JR根岸線「石川町」駅,11.0,11.0,横浜市中区本郷町2-50,,鉄骨鉄筋コンクリート造,5,N,507号室,1LDK,46,7,89200,3300,2か月,['URライト（5年定借）'],随時,https://www.ur-net.go.jp/chintai/kanto/kanagawa/40_1610_room.html?JKSS=000000507,<li>JR根岸線ほか「桜木町」駅 バス18分 徒歩1分</li><li>JR根岸線「石川町」駅 バス10分 徒歩1分</li>
kanagawa,yokohamanishiguchi,本郷町,92500,,,,,,,横浜市中区本郷町2-50,,鉄骨鉄筋コンクリート造,5,N,507号室,1LDK,46,7,89200,3300,2か月,['URライト（5年定借）'],随時,https://www.ur-net.go.jp/chintai/kanto/kanagawa/40_1610_room.html?JKSS=000000507,<li>JR根岸線ほか「桜木町」駅 バス18分 徒歩1分</li><li>JR根岸線「石川町」駅 バス10分 徒歩1分</li>
kanagawa,yokohamanishiguchi,ビューコート小港,143500,みなとみらい線「元町・中華街」駅,21.0,23.0,,,,横浜市中区小港町1-1-2,6号棟,鉄筋コンクリート造,6,N,603号室,1K,56,14,138200,5300,2か月,['近居割'],随時,https://www.ur-net.go.jp/chintai/kanto/kanagawa/40_3310_room.html?JKSS=000060603,<li>みなとみらい線「元町・中華街」駅 徒歩21～23分</li><li>JR京浜東北・根岸線「桜木町」駅バス18分 徒歩3～5分</li><li>JR京浜東北・根岸線「根岸」駅バス18分 徒歩3～5分</li>
kanagawa,yokohamanishiguchi,ビューコート小港,143500,,,,JR京浜東北・根岸線「桜木町」駅,21.0,23.0,横浜市中区小港町1-1-2,6号棟,鉄筋コンクリート造,6,N,603号室,1K,56,14,138200,5300,2か月,['近居割'],随時,https://www.ur-net.go.jp/chintai/kanto/kanagawa/40_3310_room.html?JKSS=000060603,<li>みなとみらい線「元町・中華街」駅 徒歩21～23分</li><li>JR京浜東北・根岸線「桜木町」駅バス18分 徒歩3～5分</li><li>JR京浜東北・根岸線「根岸」駅バス18分 徒歩3～5分</li>
kanagawa,yokohamanishiguchi,ビューコート小港,143500,,,,JR京浜東北・根岸線「根岸」駅,21.0,23.0,横浜市中区小港町1-1-2,6号棟,鉄筋コンクリート造,6,N,603号室,1K,56,14,138200,5300,2か月,['近居割'],随時,https://www.ur-net.go.jp/chintai/kanto/kanagawa/40_3310_room.html?JKSS=000060603,<li>みなとみらい線「元町・中華街」駅 徒歩21～23分</li><li>JR京浜東北・根岸線「桜木町」駅バス18分 徒歩3～5分</li><li>JR京浜東北・根岸線「根岸」駅バス18分 徒歩3～5分</li>
kanagawa,yokohamanishiguchi,ビューコート小港,143500,,,,,,,横浜市中区小港町1-1-2,6号棟,鉄筋コンクリート造,6,N,603号室,1K,56,14,138200,5300,2か月,['近居割'],随時,https://www.ur-net.go.jp/chintai/kanto/kanagawa/40_3310_room.html?JKSS=000060603,<li>みなとみらい線「元町・中華街」駅 徒歩21～23分</li><li>JR京浜東北・根岸線「桜木町」駅バス18分 徒歩3～5分</li><li>JR京浜東北・根岸線「根岸」駅バス18分 徒歩3～5分</li>
kanagawa,yokohamanishiguchi,ビューコート小港,145600,みなとみらい線「元町・中華街」駅,21.0,23.0,,,,横浜市中区小港町1-1-2,6号棟,鉄筋コンクリート造,7,N,705号室,1LDK,57,14,140300,5300,2か月,['近居割'],随時,https://www.ur-net.go.jp/chintai/kanto/kanagawa/40_3310_room.html?JKSS=000060705,<li>みなとみらい線「元町・中華街」駅 徒歩21～23分</li><li>JR京浜東北・根岸線「桜木町」駅バス18分 徒歩3～5分</li><li>JR京浜東北・根岸線「根岸」駅バス18分 徒歩3～5分</li>
kanagawa,yokohamanishiguchi,ビューコート小港,145600,,,,JR京浜東北・根岸線「桜木町」駅,21.0,23.0,横浜市中区小港町1-1-2,6号棟,鉄筋コンクリート造,7,N,705号室,1LDK,57,14,140300,5300,2か月,['近居割'],随時,https://www.ur-net.go.jp/chintai/kanto/kanagawa/40_3310_room.html?JKSS=000060705,<li>みなとみらい線「元町・中華街」駅 徒歩21～23分</li><li>JR京浜東北・根岸線「桜木町」駅バス18分 徒歩3～5分</li><li>JR京浜東北・根岸線「根岸」駅バス18分 徒歩3～5分</li>
kanagawa,yokohamanishiguchi,ビューコート小港,145600,,,,JR京浜東北・根岸線「根岸」駅,21.0,23.0,横浜市中区小港町1-1-2,6号棟,鉄筋コンクリート造,7,N,705号室,1LDK,57,14,140300,5300,2か月,['近居割'],随時,https://www.ur-net.go.jp/chintai/kanto/kanagawa/40_3310_room.html?JKSS=000060705,<li>みなとみらい線「元町・中華街」駅 徒歩21～23分</li><li>JR京浜東北・根岸線「桜木町」駅バス18分 徒歩3～5分</li><li>JR京浜東北・根岸線「根岸」駅バス18分 徒歩3～5分</li>
kanagawa,yokohamanishiguchi,ビューコート小港,145600,,,,,,,横浜市中区小港町1-1-2,6号棟,鉄筋コンクリート造,7,N,705号室,1LDK,57,14,140300,5300,2か月,['近居割'],随時,https://www.ur-net.go.jp/chintai/kanto/kanagawa/40_3310_room.html?JKSS=000060705,<li>みなとみらい線「元町・中華街」駅 徒歩21～23分</li><li>JR京浜東北・根岸線「桜木町」駅バス18分 徒歩3～5分</li><li>JR京浜東北・根岸線「根岸」駅バス18分 徒歩3～5分</li>
kanagawa,yokohamanishiguchi,ビューコート小港,154400,みなとみらい線「元町・中華街」駅,21.0,23.0,,,,横浜市中区小港町1-1-2,3号棟,鉄筋コンクリート造,11,N,1101号室,3DK,62,14,149100,5300,2か月,['近居割'],随時,https://www.ur-net.go.jp/chintai/kanto/kanagawa/40_3310_room.html?JKSS=000031101,<li>みなとみらい線「元町・中華街」駅 徒歩21～23分</li><li>JR京浜東北・根岸線「桜木町」駅バス18分 徒歩3～5分</li><li>JR京浜東北・根岸線「根岸」駅バス18分 徒歩3～5分</li>
kanagawa,yokohamanishiguchi,ビューコート小港,154400,,,,JR京浜東北・根岸線「桜木町」駅,21.0,23.0,横浜市中区小港町1-1-2,3号棟,鉄筋コンクリート造,11,N,1101号室,3DK,62,14,149100,5300,2か月,['近居割'],随時,https://www.ur-net.go.jp/chintai/kanto/kanagawa/40_3310_room.html?JKSS=000031101,<li>みなとみらい線「元町・中華街」駅 徒歩21～23分</li><li>JR京浜東北・根岸線「桜木町」駅バス18分 徒歩3～5分</li><li>JR京浜東北・根岸線「根岸」駅バス18分 徒歩3～5分</li>
kanagawa,yokohamanishiguchi,ビューコート小港,154400,,,,JR京浜東北・根岸線「根岸」駅,21.0,23.0,横浜市中区小港町1-1-2,3号棟,鉄筋コンクリート造,11,N,1101号室,3DK,62,14,149100,5300,2か月,['近居割'],随時,https://www.ur-net.go.jp/chintai/kanto/kanagawa/40_3310_room.html?JKSS=000031101,<li>みなとみらい線「元町・中華街」駅 徒歩21～23分</li><li>JR京浜東北・根岸線「桜木町」駅バス18分 徒歩3～5分</li><li>JR京浜東北・根岸線「根岸」駅バス18分 徒歩3～5分</li>
kanagawa,yokohamanishiguchi,ビューコート小港,154400,,,,,,,横浜市中区小港町1-1-2,3号棟,鉄筋コンクリート造,11,N,1101号室,3DK,62,14,149100,5300,2か月,['近居割'],随時,https://www.ur-net.go.jp/chintai/kanto/kanagawa/40_3310_room.html?JKSS=000031101,<li>みなとみらい線「元町・中華街」駅 徒歩21～23分</li><li>JR京浜東北・根岸線「桜木町」駅バス18分 徒歩3～5分</li><li>JR京浜東北・根岸線「根岸」駅バス18分 徒歩3～5分</li>
kanagawa,yokohamanishiguchi,ビューコート小港,157700,みなとみらい線「元町・中華街」駅,21.0,23.0,,,,横浜市中区小港町1-1-2,4号棟,鉄筋コンクリート造,4,N,405号室,2LDK,66,14,152400,5300,2か月,['近居割'],随時,https://www.ur-net.go.jp/chintai/kanto/kanagawa/40_3310_room.html?JKSS=000040405,<li>みなとみらい線「元町・中華街」駅 徒歩21～23分</li><li>JR京浜東北・根岸線「桜木町」駅バス18分 徒歩3～5分</li><li>JR京浜東北・根岸線「根岸」駅バス18分 徒歩3～5分</li>
kanagawa,yokohamanishiguchi,ビューコート小港,157700,,,,JR京浜東北・根岸線「桜木町」駅,21.0,23.0,横浜市中区小港町1-1-2,4号棟,鉄筋コンクリート造,4,N,405号室,2LDK,66,14,152400,5300,2か月,['近居割'],随時,https://www.ur-net.go.jp/chintai/kanto/kanagawa/40_3310_room.html?JKSS=000040405,<li>みなとみらい線「元町・中華街」駅 徒歩21～23分</li><li>JR京浜東北・根岸線「桜木町」駅バス18分 徒歩3～5分</li><li>JR京浜東北・根岸線「根岸」駅バス18分 徒歩3～5分</li>
kanagawa,yokohamanishiguchi,ビューコート小港,157700,,,,JR京浜東北・根岸線「根岸」駅,21.0,23.0,横浜市中区小港町1-1-2,4号棟,鉄筋コンクリート造,4,N,405号室,2LDK,66,14,152400,5300,2か月,['近居割'],随時,https://www.ur-net.go.jp/chintai/kanto/kanagawa/40_3310_room.html?JKSS=000040405,<li>みなとみらい線「元町・中華街」駅 徒歩21～23分</li><li>JR京浜東北・根岸線「桜木町」駅バス18分 徒歩3～5分</li><li>JR京浜東北・根岸線「根岸」駅バス18分 徒歩3～5分</li>
kanagawa,yokohamanishiguchi,ビューコート小港,157700,,,,,,,横浜市中区小港町1-1-2,4号棟,鉄筋コンクリート造,4,N,405号室,2LDK,66,14,152400,5300,2か月,['近居割'],随時,https://www.ur-net.go.jp/chintai/kanto/kanagawa/40_3310_room.html?JKSS=000040405,<li>みなとみらい線「元町・中華街」駅 徒歩21～23分</li><li>JR京浜東北・根岸線「桜木町」駅バス18分 徒歩3～5分</li><li>JR京浜東北・根岸線「根岸」駅バス18分 徒歩3～5分</li>
kanagawa,yokohamanishiguchi,峰沢町,78200,横浜市営地下鉄「三ツ沢上町」駅,5.0,5.0,,,,横浜市保土ケ谷区峰沢町35-1,,鉄骨鉄筋コンクリート造,3,N,307号室,1LDK,47,7,68600,9600,2か月,['URライト（5年定借）'],随時,https://www.ur-net.go.jp/chintai/kanto/kanagawa/40_1540_room.html?JKSS=000000307,<li>横浜市営地下鉄「三ツ沢上町」駅 徒歩5分</li><li>JR京浜東北線ほか「横浜」駅 バス10分 徒歩1分</li>
kanagawa,yokohamanishiguchi,峰沢町,78200,,,,JR京浜東北線ほか「横浜」駅,11.0,11.0,横浜市保土ケ谷区峰沢町35-1,,鉄骨鉄筋コンクリート造,3,N,307号室,1LDK,47,7,68600,9600,2か月,['URライト（5年定借）'],随時,https://www.ur-net.go.jp/chintai/kanto/kanagawa/40_1540_room.html?JKSS=000000307,<li>横浜市営地下鉄「三ツ沢上町」駅 徒歩5分</li><li>JR京浜東北線ほか「横浜」駅 バス10分 徒歩1分</li>
kanagawa,yokohamanishiguchi,峰沢町,78200,,,,,,,横浜市保土ケ谷区峰沢町35-1,,鉄骨鉄筋コンクリート造,3,N,307号室,1LDK,47,7,68600,9600,2か月,['URライト（5年定借）'],随時,https://www.ur-net.go.jp/chintai/kanto/kanagawa/40_1540_room.html?JKSS=000000307,<li>横浜市営地下鉄「三ツ沢上町」駅 徒歩5分</li><li>JR京浜東北線ほか「横浜」駅 バス10分 徒歩1分</li>
kanagawa,futamatagawa,コンフォール明神台,156700,相鉄本線「星川」駅,8.0,12.0,,,,横浜市保土ケ谷区明神台1,1-3号棟,鉄筋コンクリート造,2,N,201号室,4DK,80,14,151300,5400,2か月,['近居割'],随時,https://www.ur-net.go.jp/chintai/kanto/kanagawa/40_4000_room.html?JKSS=001030201,<li>相鉄本線「星川」駅 徒歩8～12分</li><li>相鉄本線「和田町」駅 徒歩9～16分</li><li>JR横須賀線「保土ケ谷」駅バス12分 徒歩1～6分</li>
kanagawa,futamatagawa,コンフォール明神台,156700,相鉄本線「和田町」駅,9.0,16.0,,,,横浜市保土ケ谷区明神台1,1-3号棟,鉄筋コンクリート造,2,N,201号室,4DK,80,14,151300,5400,2か月,['近居割'],随時,https://www.ur-net.go.jp/chintai/kanto/kanagawa/40_4000_room.html?JKSS=001030201,<li>相鉄本線「星川」駅 徒歩8～12分</li><li>相鉄本線「和田町」駅 徒歩9～16分</li><li>JR横須賀線「保土ケ谷」駅バス12分 徒歩1～6分</li>
kanagawa,futamatagawa,コンフォール明神台,156700,,,,JR横須賀線「保土ケ谷」駅,13.0,18.0,横浜市保土ケ谷区明神台1,1-3号棟,鉄筋コンクリート造,2,N,201号室,4DK,80,14,151300,5400,2か月,['近居割'],随時,https://www.ur-net.go.jp/chintai/kanto/kanagawa/40_4000_room.html?JKSS=001030201,<li>相鉄本線「星川」駅 徒歩8～12分</li><li>相鉄本線「和田町」駅 徒歩9～16分</li><li>JR横須賀線「保土ケ谷」駅バス12分 徒歩1～6分</li>
kanagawa,futamatagawa,コンフォール明神台,156700,,,,,,,横浜市保土ケ谷区明神台1,1-3号棟,鉄筋コンクリート造,2,N,201号室,4DK,80,14,151300,5400,2か月,['近居割'],随時,https://www.ur-net.go.jp/chintai/kanto/kanagawa/40_4000_room.html?JKSS=001030201,<li>相鉄本線「星川」駅 徒歩8～12分</li><li>相鉄本線「和田町」駅 徒歩9～16分</li><li>JR横須賀線「保土ケ谷」駅バス12分 徒歩1～6分</li>
kanagawa,futamatagawa,左近山,58800,,,,相鉄本線「二俣川」駅,14.0,23.0,横浜市旭区左近山16-1ほか,1-21号棟,鉄筋コンクリート造、鉄骨鉄筋コンクリート造,5,N,501号室,2DK,41,5,54000,4800,2か月,"['近居割', '近居割WIDE']",随時,https://www.ur-net.go.jp/chintai/kanto/kanagawa/40_1180_room.html?JKSS=000121501,<li>相鉄本線「二俣川」駅バス13～17分 徒歩1～6分</li><li>JR横須賀線「東戸塚」駅バス25～31分 徒歩1～6分</li><li>相鉄本線「鶴ヶ峰」駅バス24～29分 徒歩1～6分</li>
kanagawa,futamatagawa,左近山,58800,,,,JR横須賀線「東戸塚」駅,26.0,37.0,横浜市旭区左近山16-1ほか,1-21号棟,鉄筋コンクリート造、鉄骨鉄筋コンクリート造,5,N,501号室,2DK,41,5,54000,4800,2か月,"['近居割', '近居割WIDE']",随時,https://www.ur-net.go.jp/chintai/kanto/kanagawa/40_1180_room.html?JKSS=000121501,<li>相鉄本線「二俣川」駅バス13～17分 徒歩1～6分</li><li>JR横須賀線「東戸塚」駅バス25～31分 徒歩1～6分</li><li>相鉄本線「鶴ヶ峰」駅バス24～29分 徒歩1～6分</li>
kanagawa,futamatagawa,左近山,58800,,,,相鉄本線「鶴ヶ峰」駅,25.0,35.0,横浜市旭区左近山16-1ほか,1-21号棟,鉄筋コンクリート造、鉄骨鉄筋コンクリート造,5,N,501号室,2DK,41,5,54000,4800,2か月,"['近居割', '近居割WIDE']",随時,https://www.ur-net.go.jp/chintai/kanto/kanagawa/40_1180_room.html?JKSS=000121501,<li>相鉄本線「二俣川」駅バス13～17分 徒歩1～6分</li><li>JR横須賀線「東戸塚」駅バス25～31分 徒歩1～6分</li><li>相鉄本線「鶴ヶ峰」駅バス24～29分 徒歩1～6分</li>
kanagawa,futamatagawa,左近山,58800,,,,,,,横浜市旭区左近山16-1ほか,1-21号棟,鉄筋コンクリート造、鉄骨鉄筋コンクリート造,5,N,501号室,2DK,41,5,54000,4800,2か月,"['近居割', '近居割WIDE']",随時,https://www.ur-net.go.jp/chintai/kanto/kanagawa/40_1180_room.html?JKSS=000121501,<li>相鉄本線「二俣川」駅バス13～17分 徒歩1～6分</li><li>JR横須賀線「東戸塚」駅バス25～31分 徒歩1～6分</li><li>相鉄本線「鶴ヶ峰」駅バス24～29分 徒歩1～6分</li>
kanagawa,futamatagawa,左近山,61300,,,,相鉄本線「二俣川」駅,14.0,23.0,横浜市旭区左近山16-1ほか,1-22号棟,鉄筋コンクリート造、鉄骨鉄筋コンクリート造,4,N,404号室,2DK,41,5,56500,4800,2か月,"['近居割', '近居割WIDE']",随時,https://www.ur-net.go.jp/chintai/kanto/kanagawa/40_1180_room.html?JKSS=000122404,<li>相鉄本線「二俣川」駅バス13～17分 徒歩1～6分</li><li>JR横須賀線「東戸塚」駅バス25～31分 徒歩1～6分</li><li>相鉄本線「鶴ヶ峰」駅バス24～29分 徒歩1～6分</li>
kanagawa,futamatagawa,左近山,61300,,,,JR横須賀線「東戸塚」駅,26.0,37.0,横浜市旭区左近山16-1ほか,1-22号棟,鉄筋コンクリート造、鉄骨鉄筋コンクリート造,4,N,404号室,2DK,41,5,56500,4800,2か月,"['近居割', '近居割WIDE']",随時,https://www.ur-net.go.jp/chintai/kanto/kanagawa/40_1180_room.html?JKSS=000122404,<li>相鉄本線「二俣川」駅バス13～17分 徒歩1～6分</li><li>JR横須賀線「東戸塚」駅バス25～31分 徒歩1～6分</li><li>相鉄本線「鶴ヶ峰」駅バス24～29分 徒歩1～6分</li>
kanagawa,futamatagawa,左近山,61300,,,,相鉄本線「鶴ヶ峰」駅,25.0,35.0,横浜市旭区左近山16-1ほか,1-22号棟,鉄筋コンクリート造、鉄骨鉄筋コンクリート造,4,N,404号室,2DK,41,5,56500,4800,2か月,"['近居割', '近居割WIDE']",随時,https://www.ur-net.go.jp/chintai/kanto/kanagawa/40_1180_room.html?JKSS=000122404,<li>相鉄本線「二俣川」駅バス13～17分 徒歩1～6分</li><li>JR横須賀線「東戸塚」駅バス25～31分 徒歩1～6分</li><li>相鉄本線「鶴ヶ峰」駅バス24～29分 徒歩1～6分</li>
kanagawa,futamatagawa,左近山,61300,,,,,,,横浜市旭区左近山16-1ほか,1-22号棟,鉄筋コンクリート造、鉄骨鉄筋コンクリート造,4,N,404号室,2DK,41,5,56500,4800,2か月,"['近居割', '近居割WIDE']",随時,https://www.ur-net.go.jp/chintai/kanto/kanagawa/40_1180_room.html?JKSS=000122404,<li>相鉄本線「二俣川」駅バス13～17分 徒歩1～6分</li><li>JR横須賀線「東戸塚」駅バス25～31分 徒歩1～6分</li><li>相鉄本線「鶴ヶ峰」駅バス24～29分 徒歩1～6分</li>
kanagawa,futamatagawa,左近山,70600,,,,相鉄本線「二俣川」駅,14.0,23.0,横浜市旭区左近山16-1ほか,8-9号棟,鉄筋コンクリート造、鉄骨鉄筋コンクリート造,5,N,503号室,3K,50,5,65800,4800,2か月,"['近居割', '近居割WIDE']",随時,https://www.ur-net.go.jp/chintai/kanto/kanagawa/40_1180_room.html?JKSS=008090503,<li>相鉄本線「二俣川」駅バス13～17分 徒歩1～6分</li><li>JR横須賀線「東戸塚」駅バス25～31分 徒歩1～6分</li><li>相鉄本線「鶴ヶ峰」駅バス24～29分 徒歩1～6分</li>
kanagawa,futamatagawa,左近山,70600,,,,JR横須賀線「東戸塚」駅,26.0,37.0,横浜市旭区左近山16-1ほか,8-9号棟,鉄筋コンクリート造、鉄骨鉄筋コンクリート造,5,N,503号室,3K,50,5,65800,4800,2か月,"['近居割', '近居割WIDE']",随時,https://www.ur-net.go.jp/chintai/kanto/kanagawa/40_1180_room.html?JKSS=008090503,<li>相鉄本線「二俣川」駅バス13～17分 徒歩1～6分</li><li>JR横須賀線「東戸塚」駅バス25～31分 徒歩1～6分</li><li>相鉄本線「鶴ヶ峰」駅バス24～29分 徒歩1～6分</li>
kanagawa,futamatagawa,左近山,70600,,,,相鉄本線「鶴ヶ峰」駅,25.0,35.0,横浜市旭区左近山16-1ほか,8-9号棟,鉄筋コンクリート造、鉄骨鉄筋コンクリート造,5,N,503号室,3K,50,5,65800,4800,2か月,"['近居割', '近居割WIDE']",随時,https://www.ur-net.go.jp/chintai/kanto/kanagawa/40_1180_room.html?JKSS=008090503,<li>相鉄本線「二俣川」駅バス13～17分 徒歩1～6分</li><li>JR横須賀線「東戸塚」駅バス25～31分 徒歩1～6分</li><li>相鉄本線「鶴ヶ峰」駅バス24～29分 徒歩1～6分</li>
kanagawa,futamatagawa,左近山,70600,,,,,,,横浜市旭区左近山16-1ほか,8-9号棟,鉄筋コンクリート造、鉄骨鉄筋コンクリート造,5,N,503号室,3K,50,5,65800,4800,2か月,"['近居割', '近居割WIDE']",随時,https://www.ur-net.go.jp/chintai/kanto/kanagawa/40_1180_room.html?JKSS=008090503,<li>相鉄本線「二俣川」駅バス13～17分 徒歩1～6分</li><li>JR横須賀線「東戸塚」駅バス25～31分 徒歩1～6分</li><li>相鉄本線「鶴ヶ峰」駅バス24～29分 徒歩1～6分</li>
kanagawa,futamatagawa,左近山,70600,,,,相鉄本線「二俣川」駅,14.0,23.0,横浜市旭区左近山16-1ほか,9-13号棟,鉄筋コンクリート造、鉄骨鉄筋コンクリート造,5,N,503号室,3K,50,5,65800,4800,2か月,"['近居割', '近居割WIDE']",随時,https://www.ur-net.go.jp/chintai/kanto/kanagawa/40_1180_room.html?JKSS=009130503,<li>相鉄本線「二俣川」駅バス13～17分 徒歩1～6分</li><li>JR横須賀線「東戸塚」駅バス25～31分 徒歩1～6分</li><li>相鉄本線「鶴ヶ峰」駅バス24～29分 徒歩1～6分</li>
kanagawa,futamatagawa,左近山,70600,,,,JR横須賀線「東戸塚」駅,26.0,37.0,横浜市旭区左近山16-1ほか,9-13号棟,鉄筋コンクリート造、鉄骨鉄筋コンクリート造,5,N,503号室,3K,50,5,65800,4800,2か月,"['近居割', '近居割WIDE']",随時,https://www.ur-net.go.jp/chintai/kanto/kanagawa/40_1180_room.html?JKSS=009130503,<li>相鉄本線「二俣川」駅バス13～17分 徒歩1～6分</li><li>JR横須賀線「東戸塚」駅バス25～31分 徒歩1～6分</li><li>相鉄本線「鶴ヶ峰」駅バス24～29分 徒歩1～6分</li>
kanagawa,futamatagawa,左近山,70600,,,,相鉄本線「鶴ヶ峰」駅,25.0,35.0,横浜市旭区左近山16-1ほか,9-13号棟,鉄筋コンクリート造、鉄骨鉄筋コンクリート造,5,N,503号室,3K,50,5,65800,4800,2か月,"['近居割', '近居割WIDE']",随時,https://www.ur-net.go.jp/chintai/kanto/kanagawa/40_1180_room.html?JKSS=009130503,<li>相鉄本線「二俣川」駅バス13～17分 徒歩1～6分</li><li>JR横須賀線「東戸塚」駅バス25～31分 徒歩1～6分</li><li>相鉄本線「鶴ヶ峰」駅バス24～29分 徒歩1～6分</li>
kanagawa,futamatagawa,左近山,70600,,,,,,,横浜市旭区左近山16-1ほか,9-13号棟,鉄筋コンクリート造、鉄骨鉄筋コンクリート造,5,N,503号室,3K,50,5,65800,4800,2か月,"['近居割', '近居割WIDE']",随時,https://www.ur-net.go.jp/chintai/kanto/kanagawa/40_1180_room.html?JKSS=009130503,<li>相鉄本線「二俣川」駅バス13～17分 徒歩1～6分</li><li>JR横須賀線「東戸塚」駅バス25～31分 徒歩1～6分</li><li>相鉄本線「鶴ヶ峰」駅バス24～29分 徒歩1～6分</li>
kanagawa,futamatagawa,左近山,71900,,,,相鉄本線「二俣川」駅,14.0,23.0,横浜市旭区左近山16-1ほか,8-12号棟,鉄筋コンクリート造、鉄骨鉄筋コンクリート造,5,N,502号室,2LDK,50,5,67100,4800,2か月,"['近居割', '近居割WIDE']",随時,https://www.ur-net.go.jp/chintai/kanto/kanagawa/40_1180_room.html?JKSS=008120502,<li>相鉄本線「二俣川」駅バス13～17分 徒歩1～6分</li><li>JR横須賀線「東戸塚」駅バス25～31分 徒歩1～6分</li><li>相鉄本線「鶴ヶ峰」駅バス24～29分 徒歩1～6分</li>
kanagawa,futamatagawa,左近山,71900,,,,JR横須賀線「東戸塚」駅,26.0,37.0,横浜市旭区左近山16-1ほか,8-12号棟,鉄筋コンクリート造、鉄骨鉄筋コンクリート造,5,N,502号室,2LDK,50,5,67100,4800,2か月,"['近居割', '近居割WIDE']",随時,https://www.ur-net.go.jp/chintai/kanto/kanagawa/40_1180_room.html?JKSS=008120502,<li>相鉄本線「二俣川」駅バス13～17分 徒歩1～6分</li><li>JR横須賀線「東戸塚」駅バス25～31分 徒歩1～6分</li><li>相鉄本線「鶴ヶ峰」駅バス24～29分 徒歩1～6分</li>
kanagawa,futamatagawa,左近山,71900,,,,相鉄本線「鶴ヶ峰」駅,25.0,35.0,横浜市旭区左近山16-1ほか,8-12号棟,鉄筋コンクリート造、鉄骨鉄筋コンクリート造,5,N,502号室,2LDK,50,5,67100,4800,2か月,"['近居割', '近居割WIDE']",随時,https://www.ur-net.go.jp/chintai/kanto/kanagawa/40_1180_room.html?JKSS=008120502,<li>相鉄本線「二俣川」駅バス13～17分 徒歩1～6分</li><li>JR横須賀線「東戸塚」駅バス25～31分 徒歩1～6分</li><li>相鉄本線「鶴ヶ峰」駅バス24～29分 徒歩1～6分</li>
kanagawa,futamatagawa,左近山,71900,,,,,,,横浜市旭区左近山16-1ほか,8-12号棟,鉄筋コンクリート造、鉄骨鉄筋コンクリート造,5,N,502号室,2LDK,50,5,67100,4800,2か月,"['近居割', '近居割WIDE']",随時,https://www.ur-net.go.jp/chintai/kanto/kanagawa/40_1180_room.html?JKSS=008120502,<li>相鉄本線「二俣川」駅バス13～17分 徒歩1～6分</li><li>JR横須賀線「東戸塚」駅バス25～31分 徒歩1～6分</li><li>相鉄本線「鶴ヶ峰」駅バス24～29分 徒歩1～6分</li>
kanagawa,futamatagawa,南永田,73900,,,,京急本線「弘明寺」駅,9.0,14.0,横浜市南区永田みなみ台2,2-3号棟,鉄骨鉄筋コンクリート造,3,N,303号室,1LDK,47,11,70200,3700,2か月,"['近居割', '近居割WIDE']",随時,https://www.ur-net.go.jp/chintai/kanto/kanagawa/40_1630_room.html?JKSS=002030303,<li>京急本線「弘明寺」駅バス8～10分 徒歩1～4分</li><li>京急本線「井土ヶ谷」駅 徒歩19～25分</li><li>JR横須賀線「保土ケ谷」駅バス3分 徒歩14～18分</li>
kanagawa,futamatagawa,南永田,73900,京急本線「井土ヶ谷」駅,19.0,25.0,,,,横浜市南区永田みなみ台2,2-3号棟,鉄骨鉄筋コンクリート造,3,N,303号室,1LDK,47,11,70200,3700,2か月,"['近居割', '近居割WIDE']",随時,https://www.ur-net.go.jp/chintai/kanto/kanagawa/40_1630_room.html?JKSS=002030303,<li>京急本線「弘明寺」駅バス8～10分 徒歩1～4分</li><li>京急本線「井土ヶ谷」駅 徒歩19～25分</li><li>JR横須賀線「保土ケ谷」駅バス3分 徒歩14～18分</li>
kanagawa,futamatagawa,南永田,73900,,,,JR横須賀線「保土ケ谷」駅,17.0,21.0,横浜市南区永田みなみ台2,2-3号棟,鉄骨鉄筋コンクリート造,3,N,303号室,1LDK,47,11,70200,3700,2か月,"['近居割', '近居割WIDE']",随時,https://www.ur-net.go.jp/chintai/kanto/kanagawa/40_1630_room.html?JKSS=002030303,<li>京急本線「弘明寺」駅バス8～10分 徒歩1～4分</li><li>京急本線「井土ヶ谷」駅 徒歩19～25分</li><li>JR横須賀線「保土ケ谷」駅バス3分 徒歩14～18分</li>
kanagawa,futamatagawa,南永田,73900,,,,,,,横浜市南区永田みなみ台2,2-3号棟,鉄骨鉄筋コンクリート造,3,N,303号室,1LDK,47,11,70200,3700,2か月,"['近居割', '近居割WIDE']",随時,https://www.ur-net.go.jp/chintai/kanto/kanagawa/40_1630_room.html?JKSS=002030303,<li>京急本線「弘明寺」駅バス8～10分 徒歩1～4分</li><li>京急本線「井土ヶ谷」駅 徒歩19～25分</li><li>JR横須賀線「保土ケ谷」駅バス3分 徒歩14～18分</li>
kanagawa,futamatagawa,井土ヶ谷東,96600,京急本線「井土ヶ谷」駅,2.0,4.0,,,,横浜市南区井土ヶ谷下町215-1,2号棟,鉄骨鉄筋コンクリート造,9,N,908号室,2DK,44,14,92000,4600,2か月,['URライト（4年定借）'],随時,https://www.ur-net.go.jp/chintai/kanto/kanagawa/40_1360_room.html?JKSS=000020908,<li>京急本線「井土ヶ谷」駅 徒歩2～4分</li><li>横浜市営地下鉄ブルーライン「蒔田」駅 徒歩15分</li><li>JR横須賀線「保土ケ谷」駅バス5分 徒歩3分</li>
kanagawa,futamatagawa,井土ヶ谷東,96600,横浜市営地下鉄ブルーライン「蒔田」駅,15.0,15.0,,,,横浜市南区井土ヶ谷下町215-1,2号棟,鉄骨鉄筋コンクリート造,9,N,908号室,2DK,44,14,92000,4600,2か月,['URライト（4年定借）'],随時,https://www.ur-net.go.jp/chintai/kanto/kanagawa/40_1360_room.html?JKSS=000020908,<li>京急本線「井土ヶ谷」駅 徒歩2～4分</li><li>横浜市営地下鉄ブルーライン「蒔田」駅 徒歩15分</li><li>JR横須賀線「保土ケ谷」駅バス5分 徒歩3分</li>
kanagawa,futamatagawa,井土ヶ谷東,96600,,,,JR横須賀線「保土ケ谷」駅,8.0,8.0,横浜市南区井土ヶ谷下町215-1,2号棟,鉄骨鉄筋コンクリート造,9,N,908号室,2DK,44,14,92000,4600,2か月,['URライト（4年定借）'],随時,https://www.ur-net.go.jp/chintai/kanto/kanagawa/40_1360_room.html?JKSS=000020908,<li>京急本線「井土ヶ谷」駅 徒歩2～4分</li><li>横浜市営地下鉄ブルーライン「蒔田」駅 徒歩15分</li><li>JR横須賀線「保土ケ谷」駅バス5分 徒歩3分</li>
kanagawa,futamatagawa,井土ヶ谷東,96600,,,,,,,横浜市南区井土ヶ谷下町215-1,2号棟,鉄骨鉄筋コンクリート造,9,N,908号室,2DK,44,14,92000,4600,2か月,['URライト（4年定借）'],随時,https://www.ur-net.go.jp/chintai/kanto/kanagawa/40_1360_room.html?JKSS=000020908,<li>京急本線「井土ヶ谷」駅 徒歩2～4分</li><li>横浜市営地下鉄ブルーライン「蒔田」駅 徒歩15分</li><li>JR横須賀線「保土ケ谷」駅バス5分 徒歩3分</li>
kanagawa,konandai,洋光台北,97700,JR京浜東北・根岸線「洋光台」駅,8.0,14.0,,,,横浜市磯子区洋光台2-1ほか,1-5号棟,鉄筋コンクリート造、鉄骨鉄筋コンクリート造,2,N,202号室,3K,50,5,93400,4300,2か月,['健康寿命サポート'],随時,https://www.ur-net.go.jp/chintai/kanto/kanagawa/40_1290_room.html?JKSS=001050202,<li>JR京浜東北・根岸線「洋光台」駅 徒歩8～14分</li><li>横浜市営地下鉄ブルーライン「港南中央」駅バス9～11分 徒歩1～6分</li><li>JR京浜東北・根岸線「港南台」駅 徒歩24～35分</li>
kanagawa,konandai,洋光台北,97700,,,,横浜市営地下鉄ブルーライン「港南中央」駅,10.0,17.0,横浜市磯子区洋光台2-1ほか,1-5号棟,鉄筋コンクリート造、鉄骨鉄筋コンクリート造,2,N,202号室,3K,50,5,93400,4300,2か月,['健康寿命サポート'],随時,https://www.ur-net.go.jp/chintai/kanto/kanagawa/40_1290_room.html?JKSS=001050202,<li>JR京浜東北・根岸線「洋光台」駅 徒歩8～14分</li><li>横浜市営地下鉄ブルーライン「港南中央」駅バス9～11分 徒歩1～6分</li><li>JR京浜東北・根岸線「港南台」駅 徒歩24～35分</li>
kanagawa,konandai,洋光台北,97700,JR京浜東北・根岸線「港南台」駅,24.0,35.0,,,,横浜市磯子区洋光台2-1ほか,1-5号棟,鉄筋コンクリート造、鉄骨鉄筋コンクリート造,2,N,202号室,3K,50,5,93400,4300,2か月,['健康寿命サポート'],随時,https://www.ur-net.go.jp/chintai/kanto/kanagawa/40_1290_room.html?JKSS=001050202,<li>JR京浜東北・根岸線「洋光台」駅 徒歩8～14分</li><li>横浜市営地下鉄ブルーライン「港南中央」駅バス9～11分 徒歩1～6分</li><li>JR京浜東北・根岸線「港南台」駅 徒歩24～35分</li>
kanagawa,konandai,洋光台北,97700,,,,,,,横浜市磯子区洋光台2-1ほか,1-5号棟,鉄筋コンクリート造、鉄骨鉄筋コンクリート造,2,N,202号室,3K,50,5,93400,4300,2か月,['健康寿命サポート'],随時,https://www.ur-net.go.jp/chintai/kanto/kanagawa/40_1290_room.html?JKSS=001050202,<li>JR京浜東北・根岸線「洋光台」駅 徒歩8～14分</li><li>横浜市営地下鉄ブルーライン「港南中央」駅バス9～11分 徒歩1～6分</li><li>JR京浜東北・根岸線「港南台」駅 徒歩24～35分</li>
kanagawa,konandai,磯子三丁目,101100,JR京浜東北・根岸線「磯子」駅,4.0,5.0,,,,横浜市磯子区磯子3-6,1号棟,鉄骨鉄筋コンクリート造,6,N,619号室,1LDK,47,16,98500,2600,2か月,"['近居割', '近居割WIDE']",随時,https://www.ur-net.go.jp/chintai/kanto/kanagawa/40_1480_room.html?JKSS=000010619,<li>JR京浜東北・根岸線「磯子」駅 徒歩4～5分</li><li>JR京浜東北・根岸線「根岸」駅バス8分 徒歩2分</li><li>京急本線「屏風浦」駅バス7分 徒歩1分</li>
kanagawa,konandai,磯子三丁目,101100,,,,JR京浜東北・根岸線「根岸」駅,10.0,10.0,横浜市磯子区磯子3-6,1号棟,鉄骨鉄筋コンクリート造,6,N,619号室,1LDK,47,16,98500,2600,2か月,"['近居割', '近居割WIDE']",随時,https://www.ur-net.go.jp/chintai/kanto/kanagawa/40_1480_room.html?JKSS=000010619,<li>JR京浜東北・根岸線「磯子」駅 徒歩4～5分</li><li>JR京浜東北・根岸線「根岸」駅バス8分 徒歩2分</li><li>京急本線「屏風浦」駅バス7分 徒歩1分</li>
kanagawa,konandai,磯子三丁目,101100,,,,京急本線「屏風浦」駅,8.0,8.0,横浜市磯子区磯子3-6,1号棟,鉄骨鉄筋コンクリート造,6,N,619号室,1LDK,47,16,98500,2600,2か月,"['近居割', '近居割WIDE']",随時,https://www.ur-net.go.jp/chintai/kanto/kanagawa/40_1480_room.html?JKSS=000010619,<li>JR京浜東北・根岸線「磯子」駅 徒歩4～5分</li><li>JR京浜東北・根岸線「根岸」駅バス8分 徒歩2分</li><li>京急本線「屏風浦」駅バス7分 徒歩1分</li>
kanagawa,konandai,磯子三丁目,101100,,,,,,,横浜市磯子区磯子3-6,1号棟,鉄骨鉄筋コンクリート造,6,N,619号室,1LDK,47,16,98500,2600,2か月,"['近居割', '近居割WIDE']",随時,https://www.ur-net.go.jp/chintai/kanto/kanagawa/40_1480_room.html?JKSS=000010619,<li>JR京浜東北・根岸線「磯子」駅 徒歩4～5分</li><li>JR京浜東北・根岸線「根岸」駅バス8分 徒歩2分</li><li>京急本線「屏風浦」駅バス7分 徒歩1分</li>
kanagawa,seasidetown,金沢シーサイドタウン　並木一丁目第一,87200,シーサイドライン「鳥浜」駅,5.0,10.0,,,,横浜市金沢区並木1,4-3号棟,鉄骨鉄筋コンクリート造,2,N,201号室,2DK,49,11,83700,3500,2か月,"['近居割', '近居割WIDE']",随時,https://www.ur-net.go.jp/chintai/kanto/kanagawa/40_1860_room.html?JKSS=004030201,<li>シーサイドライン「鳥浜」駅 徒歩5～10分</li><li>シーサイドライン「並木北」駅 徒歩4～11分</li><li>京急本線「京急富岡」駅 徒歩16～21分</li>
kanagawa,seasidetown,金沢シーサイドタウン　並木一丁目第一,87200,シーサイドライン「並木北」駅,4.0,11.0,,,,横浜市金沢区並木1,4-3号棟,鉄骨鉄筋コンクリート造,2,N,201号室,2DK,49,11,83700,3500,2か月,"['近居割', '近居割WIDE']",随時,https://www.ur-net.go.jp/chintai/kanto/kanagawa/40_1860_room.html?JKSS=004030201,<li>シーサイドライン「鳥浜」駅 徒歩5～10分</li><li>シーサイドライン「並木北」駅 徒歩4～11分</li><li>京急本線「京急富岡」駅 徒歩16～21分</li>
kanagawa,seasidetown,金沢シーサイドタウン　並木一丁目第一,87200,京急本線「京急富岡」駅,16.0,21.0,,,,横浜市金沢区並木1,4-3号棟,鉄骨鉄筋コンクリート造,2,N,201号室,2DK,49,11,83700,3500,2か月,"['近居割', '近居割WIDE']",随時,https://www.ur-net.go.jp/chintai/kanto/kanagawa/40_1860_room.html?JKSS=004030201,<li>シーサイドライン「鳥浜」駅 徒歩5～10分</li><li>シーサイドライン「並木北」駅 徒歩4～11分</li><li>京急本線「京急富岡」駅 徒歩16～21分</li>
kanagawa,seasidetown,金沢シーサイドタウン　並木一丁目第一,87200,,,,,,,横浜市金沢区並木1,4-3号棟,鉄骨鉄筋コンクリート造,2,N,201号室,2DK,49,11,83700,3500,2か月,"['近居割', '近居割WIDE']",随時,https://www.ur-net.go.jp/chintai/kanto/kanagawa/40_1860_room.html?JKSS=004030201,<li>シーサイドライン「鳥浜」駅 徒歩5～10分</li><li>シーサイドライン「並木北」駅 徒歩4～11分</li><li>京急本線「京急富岡」駅 徒歩16～21分</li>
kanagawa,seasidetown,金沢シーサイドタウン　並木二丁目,107900,シーサイドライン「並木中央」駅,7.0,14.0,,,,横浜市金沢区並木2,7-2号棟,鉄筋コンクリート造,6,N,605号室,2LDK,68,8,103600,4300,2か月,"['近居割', '近居割WIDE']",随時,https://www.ur-net.go.jp/chintai/kanto/kanagawa/40_2040_room.html?JKSS=007020605,<li>シーサイドライン「並木中央」駅 徒歩7～14分</li><li>京急本線「京急富岡」駅 徒歩11～14分</li><li>京急本線「能見台」駅 徒歩22～24分</li>
kanagawa,seasidetown,金沢シーサイドタウン　並木二丁目,107900,京急本線「京急富岡」駅,11.0,14.0,,,,横浜市金沢区並木2,7-2号棟,鉄筋コンクリート造,6,N,605号室,2LDK,68,8,103600,4300,2か月,"['近居割', '近居割WIDE']",随時,https://www.ur-net.go.jp/chintai/kanto/kanagawa/40_2040_room.html?JKSS=007020605,<li>シーサイドライン「並木中央」駅 徒歩7～14分</li><li>京急本線「京急富岡」駅 徒歩11～14分</li><li>京急本線「能見台」駅 徒歩22～24分</li>
kanagawa,seasidetown,金沢シーサイドタウン　並木二丁目,107900,京急本線「能見台」駅,22.0,24.0,,,,横浜市金沢区並木2,7-2号棟,鉄筋コンクリート造,6,N,605号室,2LDK,68,8,103600,4300,2か月,"['近居割', '近居割WIDE']",随時,https://www.ur-net.go.jp/chintai/kanto/kanagawa/40_2040_room.html?JKSS=007020605,<li>シーサイドライン「並木中央」駅 徒歩7～14分</li><li>京急本線「京急富岡」駅 徒歩11～14分</li><li>京急本線「能見台」駅 徒歩22～24分</li>
kanagawa,seasidetown,金沢シーサイドタウン　並木二丁目,107900,,,,,,,横浜市金沢区並木2,7-2号棟,鉄筋コンクリート造,6,N,605号室,2LDK,68,8,103600,4300,2か月,"['近居割', '近居割WIDE']",随時,https://www.ur-net.go.jp/chintai/kanto/kanagawa/40_2040_room.html?JKSS=007020605,<li>シーサイドライン「並木中央」駅 徒歩7～14分</li><li>京急本線「京急富岡」駅 徒歩11～14分</li><li>京急本線「能見台」駅 徒歩22～24分</li>
kanagawa,seasidetown,ビーコンヒル能見台サウスヒル,161600,京急本線「能見台」駅,6.0,11.0,,,,横浜市金沢区能見台東11,9号棟,鉄筋コンクリート造,14,N,1404号室,2LDK,68,14,155900,5700,2か月,['近居割'],随時,https://www.ur-net.go.jp/chintai/kanto/kanagawa/40_3890_room.html?JKSS=000091404,<li>京急本線「能見台」駅 徒歩6～11分</li><li>JR京浜東北・根岸線「磯子」駅バス22分 徒歩9～14分</li><li>京急本線「金沢文庫」駅バス4分 徒歩7～11分</li>
kanagawa,seasidetown,ビーコンヒル能見台サウスヒル,161600,,,,JR京浜東北・根岸線「磯子」駅,31.0,36.0,横浜市金沢区能見台東11,9号棟,鉄筋コンクリート造,14,N,1404号室,2LDK,68,14,155900,5700,2か月,['近居割'],随時,https://www.ur-net.go.jp/chintai/kanto/kanagawa/40_3890_room.html?JKSS=000091404,<li>京急本線「能見台」駅 徒歩6～11分</li><li>JR京浜東北・根岸線「磯子」駅バス22分 徒歩9～14分</li><li>京急本線「金沢文庫」駅バス4分 徒歩7～11分</li>
kanagawa,seasidetown,ビーコンヒル能見台サウスヒル,161600,,,,京急本線「金沢文庫」駅,11.0,15.0,横浜市金沢区能見台東11,9号棟,鉄筋コンクリート造,14,N,1404号室,2LDK,68,14,155900,5700,2か月,['近居割'],随時,https://www.ur-net.go.jp/chintai/kanto/kanagawa/40_3890_room.html?JKSS=000091404,<li>京急本線「能見台」駅 徒歩6～11分</li><li>JR京浜東北・根岸線「磯子」駅バス22分 徒歩9～14分</li><li>京急本線「金沢文庫」駅バス4分 徒歩7～11分</li>
kanagawa,seasidetown,ビーコンヒル能見台サウスヒル,161600,,,,,,,横浜市金沢区能見台東11,9号棟,鉄筋コンクリート造,14,N,1404号室,2LDK,68,14,155900,5700,2か月,['近居割'],随時,https://www.ur-net.go.jp/chintai/kanto/kanagawa/40_3890_room.html?JKSS=000091404,<li>京急本線「能見台」駅 徒歩6～11分</li><li>JR京浜東北・根岸線「磯子」駅バス22分 徒歩9～14分</li><li>京急本線「金沢文庫」駅バス4分 徒歩7～11分</li>
kanagawa,konandai,港南台かもめ,91900,JR京浜東北・根岸線「港南台」駅,11.0,15.0,,,,横浜市港南区港南台2-1,14号棟,鉄骨鉄筋コンクリート造,8,N,806号室,1LDK,50,8,87200,4700,2か月,"['近居割', '近居割WIDE']",随時,https://www.ur-net.go.jp/chintai/kanto/kanagawa/40_1720_room.html?JKSS=000140806,<li>JR京浜東北・根岸線「港南台」駅 徒歩11～15分</li><li>横浜市営地下鉄ブルーライン「上永谷」駅バス18分 徒歩3～8分</li><li>JR京浜東北・根岸線「洋光台」駅バス3分 徒歩6～11分</li>
kanagawa,konandai,港南台かもめ,91900,,,,横浜市営地下鉄ブルーライン「上永谷」駅,21.0,26.0,横浜市港南区港南台2-1,14号棟,鉄骨鉄筋コンクリート造,8,N,806号室,1LDK,50,8,87200,4700,2か月,"['近居割', '近居割WIDE']",随時,https://www.ur-net.go.jp/chintai/kanto/kanagawa/40_1720_room.html?JKSS=000140806,<li>JR京浜東北・根岸線「港南台」駅 徒歩11～15分</li><li>横浜市営地下鉄ブルーライン「上永谷」駅バス18分 徒歩3～8分</li><li>JR京浜東北・根岸線「洋光台」駅バス3分 徒歩6～11分</li>
kanagawa,konandai,港南台かもめ,91900,,,,JR京浜東北・根岸線「洋光台」駅,9.0,14.0,横浜市港南区港南台2-1,14号棟,鉄骨鉄筋コンクリート造,8,N,806号室,1LDK,50,8,87200,4700,2か月,"['近居割', '近居割WIDE']",随時,https://www.ur-net.go.jp/chintai/kanto/kanagawa/40_1720_room.html?JKSS=000140806,<li>JR京浜東北・根岸線「港南台」駅 徒歩11～15分</li><li>横浜市営地下鉄ブルーライン「上永谷」駅バス18分 徒歩3～8分</li><li>JR京浜東北・根岸線「洋光台」駅バス3分 徒歩6～11分</li>
kanagawa,konandai,港南台かもめ,91900,,,,,,,横浜市港南区港南台2-1,14号棟,鉄骨鉄筋コンクリート造,8,N,806号室,1LDK,50,8,87200,4700,2か月,"['近居割', '近居割WIDE']",随時,https://www.ur-net.go.jp/chintai/kanto/kanagawa/40_1720_room.html?JKSS=000140806,<li>JR京浜東北・根岸線「港南台」駅 徒歩11～15分</li><li>横浜市営地下鉄ブルーライン「上永谷」駅バス18分 徒歩3～8分</li><li>JR京浜東北・根岸線「洋光台」駅バス3分 徒歩6～11分</li>
kanagawa,totsuka,飯島,64800,,,,JR東海道本線「戸塚」駅,14.0,22.0,横浜市栄区飯島町527,1-3号棟,鉄筋コンクリート造、鉄骨鉄筋コンクリート造,1,N,104号室,2DK,41,5,60300,4500,2か月,['健康寿命サポート'],随時,https://www.ur-net.go.jp/chintai/kanto/kanagawa/40_1170_room.html?JKSS=000103104,<li>JR東海道本線「戸塚」駅バス13分 徒歩1～9分</li><li>JR東海道本線「大船」駅バス7分 徒歩6～13分</li>
kanagawa,totsuka,飯島,64800,,,,JR東海道本線「大船」駅,13.0,20.0,横浜市栄区飯島町527,1-3号棟,鉄筋コンクリート造、鉄骨鉄筋コンクリート造,1,N,104号室,2DK,41,5,60300,4500,2か月,['健康寿命サポート'],随時,https://www.ur-net.go.jp/chintai/kanto/kanagawa/40_1170_room.html?JKSS=000103104,<li>JR東海道本線「戸塚」駅バス13分 徒歩1～9分</li><li>JR東海道本線「大船」駅バス7分 徒歩6～13分</li>
kanagawa,totsuka,飯島,64800,,,,,,,横浜市栄区飯島町527,1-3号棟,鉄筋コンクリート造、鉄骨鉄筋コンクリート造,1,N,104号室,2DK,41,5,60300,4500,2か月,['健康寿命サポート'],随時,https://www.ur-net.go.jp/chintai/kanto/kanagawa/40_1170_room.html?JKSS=000103104,<li>JR東海道本線「戸塚」駅バス13分 徒歩1～9分</li><li>JR東海道本線「大船」駅バス7分 徒歩6～13分</li>
kanagawa,sagamiono,下大槻,42600,,,,小田急小田原線「東海大学前」駅,8.0,16.0,秦野市下大槻410,2-10号棟,鉄筋コンクリート造、鉄骨鉄筋コンクリート造,2,N,203号室,2DK,42,7,39700,2900,2か月,['近居割WIDE'],随時,https://www.ur-net.go.jp/chintai/kanto/kanagawa/40_1500_room.html?JKSS=000210203,<li>小田急小田原線「東海大学前」駅バス6分 徒歩2～10分</li><li>小田急小田原線「鶴巻温泉」駅バス12分 徒歩2～10分</li><li>JR東海道本線「平塚」駅バス29分 徒歩4～13分</li>
kanagawa,sagamiono,下大槻,42600,,,,小田急小田原線「鶴巻温泉」駅,14.0,22.0,秦野市下大槻410,2-10号棟,鉄筋コンクリート造、鉄骨鉄筋コンクリート造,2,N,203号室,2DK,42,7,39700,2900,2か月,['近居割WIDE'],随時,https://www.ur-net.go.jp/chintai/kanto/kanagawa/40_1500_room.html?JKSS=000210203,<li>小田急小田原線「東海大学前」駅バス6分 徒歩2～10分</li><li>小田急小田原線「鶴巻温泉」駅バス12分 徒歩2～10分</li><li>JR東海道本線「平塚」駅バス29分 徒歩4～13分</li>
kanagawa,sagamiono,下大槻,42600,,,,JR東海道本線「平塚」駅,33.0,42.0,秦野市下大槻410,2-10号棟,鉄筋コンクリート造、鉄骨鉄筋コンクリート造,2,N,203号室,2DK,42,7,39700,2900,2か月,['近居割WIDE'],随時,https://www.ur-net.go.jp/chintai/kanto/kanagawa/40_1500_room.html?JKSS=000210203,<li>小田急小田原線「東海大学前」駅バス6分 徒歩2～10分</li><li>小田急小田原線「鶴巻温泉」駅バス12分 徒歩2～10分</li><li>JR東海道本線「平塚」駅バス29分 徒歩4～13分</li>
kanagawa,sagamiono,下大槻,42600,,,,,,,秦野市下大槻410,2-10号棟,鉄筋コンクリート造、鉄骨鉄筋コンクリート造,2,N,203号室,2DK,42,7,39700,2900,2か月,['近居割WIDE'],随時,https://www.ur-net.go.jp/chintai/kanto/kanagawa/40_1500_room.html?JKSS=000210203,<li>小田急小田原線「東海大学前」駅バス6分 徒歩2～10分</li><li>小田急小田原線「鶴巻温泉」駅バス12分 徒歩2～10分</li><li>JR東海道本線「平塚」駅バス29分 徒歩4～13分</li>
kanagawa,sagamiono,下大槻,45000,,,,小田急小田原線「東海大学前」駅,8.0,16.0,秦野市下大槻410,2-4号棟,鉄筋コンクリート造、鉄骨鉄筋コンクリート造,5,N,501号室,1LDK,43,5,42100,2900,2か月,['近居割WIDE'],随時,https://www.ur-net.go.jp/chintai/kanto/kanagawa/40_1500_room.html?JKSS=000204501,<li>小田急小田原線「東海大学前」駅バス6分 徒歩2～10分</li><li>小田急小田原線「鶴巻温泉」駅バス12分 徒歩2～10分</li><li>JR東海道本線「平塚」駅バス29分 徒歩4～13分</li>
kanagawa,sagamiono,下大槻,45000,,,,小田急小田原線「鶴巻温泉」駅,14.0,22.0,秦野市下大槻410,2-4号棟,鉄筋コンクリート造、鉄骨鉄筋コンクリート造,5,N,501号室,1LDK,43,5,42100,2900,2か月,['近居割WIDE'],随時,https://www.ur-net.go.jp/chintai/kanto/kanagawa/40_1500_room.html?JKSS=000204501,<li>小田急小田原線「東海大学前」駅バス6分 徒歩2～10分</li><li>小田急小田原線「鶴巻温泉」駅バス12分 徒歩2～10分</li><li>JR東海道本線「平塚」駅バス29分 徒歩4～13分</li>
kanagawa,sagamiono,下大槻,45000,,,,JR東海道本線「平塚」駅,33.0,42.0,秦野市下大槻410,2-4号棟,鉄筋コンクリート造、鉄骨鉄筋コンクリート造,5,N,501号室,1LDK,43,5,42100,2900,2か月,['近居割WIDE'],随時,https://www.ur-net.go.jp/chintai/kanto/kanagawa/40_1500_room.html?JKSS=000204501,<li>小田急小田原線「東海大学前」駅バス6分 徒歩2～10分</li><li>小田急小田原線「鶴巻温泉」駅バス12分 徒歩2～10分</li><li>JR東海道本線「平塚」駅バス29分 徒歩4～13分</li>
kanagawa,sagamiono,下大槻,45000,,,,,,,秦野市下大槻410,2-4号棟,鉄筋コンクリート造、鉄骨鉄筋コンクリート造,5,N,501号室,1LDK,43,5,42100,2900,2か月,['近居割WIDE'],随時,https://www.ur-net.go.jp/chintai/kanto/kanagawa/40_1500_room.html?JKSS=000204501,<li>小田急小田原線「東海大学前」駅バス6分 徒歩2～10分</li><li>小田急小田原線「鶴巻温泉」駅バス12分 徒歩2～10分</li><li>JR東海道本線「平塚」駅バス29分 徒歩4～13分</li>
kanagawa,sagamiono,下大槻,48900,,,,小田急小田原線「東海大学前」駅,8.0,16.0,秦野市下大槻410,1-17号棟,鉄筋コンクリート造、鉄骨鉄筋コンクリート造,3,N,310号室,2DK,45,5,46000,2900,2か月,['近居割WIDE'],随時,https://www.ur-net.go.jp/chintai/kanto/kanagawa/40_1500_room.html?JKSS=000117310,<li>小田急小田原線「東海大学前」駅バス6分 徒歩2～10分</li><li>小田急小田原線「鶴巻温泉」駅バス12分 徒歩2～10分</li><li>JR東海道本線「平塚」駅バス29分 徒歩4～13分</li>
kanagawa,sagamiono,下大槻,48900,,,,小田急小田原線「鶴巻温泉」駅,14.0,22.0,秦野市下大槻410,1-17号棟,鉄筋コンクリート造、鉄骨鉄筋コンクリート造,3,N,310号室,2DK,45,5,46000,2900,2か月,['近居割WIDE'],随時,https://www.ur-net.go.jp/chintai/kanto/kanagawa/40_1500_room.html?JKSS=000117310,<li>小田急小田原線「東海大学前」駅バス6分 徒歩2～10分</li><li>小田急小田原線「鶴巻温泉」駅バス12分 徒歩2～10分</li><li>JR東海道本線「平塚」駅バス29分 徒歩4～13分</li>
kanagawa,sagamiono,下大槻,48900,,,,JR東海道本線「平塚」駅,33.0,42.0,秦野市下大槻410,1-17号棟,鉄筋コンクリート造、鉄骨鉄筋コンクリート造,3,N,310号室,2DK,45,5,46000,2900,2か月,['近居割WIDE'],随時,https://www.ur-net.go.jp/chintai/kanto/kanagawa/40_1500_room.html?JKSS=000117310,<li>小田急小田原線「東海大学前」駅バス6分 徒歩2～10分</li><li>小田急小田原線「鶴巻温泉」駅バス12分 徒歩2～10分</li><li>JR東海道本線「平塚」駅バス29分 徒歩4～13分</li>
kanagawa,sagamiono,下大槻,48900,,,,,,,秦野市下大槻410,1-17号棟,鉄筋コンクリート造、鉄骨鉄筋コンクリート造,3,N,310号室,2DK,45,5,46000,2900,2か月,['近居割WIDE'],随時,https://www.ur-net.go.jp/chintai/kanto/kanagawa/40_1500_room.html?JKSS=000117310,<li>小田急小田原線「東海大学前」駅バス6分 徒歩2～10分</li><li>小田急小田原線「鶴巻温泉」駅バス12分 徒歩2～10分</li><li>JR東海道本線「平塚」駅バス29分 徒歩4～13分</li>
kanagawa,sagamiono,下大槻,53300,,,,小田急小田原線「東海大学前」駅,8.0,16.0,秦野市下大槻410,2-10号棟,鉄筋コンクリート造、鉄骨鉄筋コンクリート造,6,N,604号室,3DK,52,7,50400,2900,2か月,['近居割WIDE'],随時,https://www.ur-net.go.jp/chintai/kanto/kanagawa/40_1500_room.html?JKSS=000210604,<li>小田急小田原線「東海大学前」駅バス6分 徒歩2～10分</li><li>小田急小田原線「鶴巻温泉」駅バス12分 徒歩2～10分</li><li>JR東海道本線「平塚」駅バス29分 徒歩4～13分</li>
kanagawa,sagamiono,下大槻,53300,,,,小田急小田原線「鶴巻温泉」駅,14.0,22.0,秦野市下大槻410,2-10号棟,鉄筋コンクリート造、鉄骨鉄筋コンクリート造,6,N,604号室,3DK,52,7,50400,2900,2か月,['近居割WIDE'],随時,https://www.ur-net.go.jp/chintai/kanto/kanagawa/40_1500_room.html?JKSS=000210604,<li>小田急小田原線「東海大学前」駅バス6分 徒歩2～10分</li><li>小田急小田原線「鶴巻温泉」駅バス12分 徒歩2～10分</li><li>JR東海道本線「平塚」駅バス29分 徒歩4～13分</li>
kanagawa,sagamiono,下大槻,53300,,,,JR東海道本線「平塚」駅,33.0,42.0,秦野市下大槻410,2-10号棟,鉄筋コンクリート造、鉄骨鉄筋コンクリート造,6,N,604号室,3DK,52,7,50400,2900,2か月,['近居割WIDE'],随時,https://www.ur-net.go.jp/chintai/kanto/kanagawa/40_1500_room.html?JKSS=000210604,<li>小田急小田原線「東海大学前」駅バス6分 徒歩2～10分</li><li>小田急小田原線「鶴巻温泉」駅バス12分 徒歩2～10分</li><li>JR東海道本線「平塚」駅バス29分 徒歩4～13分</li>
kanagawa,sagamiono,下大槻,53300,,,,,,,秦野市下大槻410,2-10号棟,鉄筋コンクリート造、鉄骨鉄筋コンクリート造,6,N,604号室,3DK,52,7,50400,2900,2か月,['近居割WIDE'],随時,https://www.ur-net.go.jp/chintai/kanto/kanagawa/40_1500_room.html?JKSS=000210604,<li>小田急小田原線「東海大学前」駅バス6分 徒歩2～10分</li><li>小田急小田原線「鶴巻温泉」駅バス12分 徒歩2～10分</li><li>JR東海道本線「平塚」駅バス29分 徒歩4～13分</li>
kanagawa,sagamiono,下大槻,53300,,,,小田急小田原線「東海大学前」駅,8.0,16.0,秦野市下大槻410,2-13号棟,鉄筋コンクリート造、鉄骨鉄筋コンクリート造,6,N,604号室,3DK,52,7,50400,2900,2か月,['近居割WIDE'],随時,https://www.ur-net.go.jp/chintai/kanto/kanagawa/40_1500_room.html?JKSS=000213604,<li>小田急小田原線「東海大学前」駅バス6分 徒歩2～10分</li><li>小田急小田原線「鶴巻温泉」駅バス12分 徒歩2～10分</li><li>JR東海道本線「平塚」駅バス29分 徒歩4～13分</li>
kanagawa,sagamiono,下大槻,53300,,,,小田急小田原線「鶴巻温泉」駅,14.0,22.0,秦野市下大槻410,2-13号棟,鉄筋コンクリート造、鉄骨鉄筋コンクリート造,6,N,604号室,3DK,52,7,50400,2900,2か月,['近居割WIDE'],随時,https://www.ur-net.go.jp/chintai/kanto/kanagawa/40_1500_room.html?JKSS=000213604,<li>小田急小田原線「東海大学前」駅バス6分 徒歩2～10分</li><li>小田急小田原線「鶴巻温泉」駅バス12分 徒歩2～10分</li><li>JR東海道本線「平塚」駅バス29分 徒歩4～13分</li>
kanagawa,sagamiono,下大槻,53300,,,,JR東海道本線「平塚」駅,33.0,42.0,秦野市下大槻410,2-13号棟,鉄筋コンクリート造、鉄骨鉄筋コンクリート造,6,N,604号室,3DK,52,7,50400,2900,2か月,['近居割WIDE'],随時,https://www.ur-net.go.jp/chintai/kanto/kanagawa/40_1500_room.html?JKSS=000213604,<li>小田急小田原線「東海大学前」駅バス6分 徒歩2～10分</li><li>小田急小田原線「鶴巻温泉」駅バス12分 徒歩2～10分</li><li>JR東海道本線「平塚」駅バス29分 徒歩4～13分</li>
kanagawa,sagamiono,下大槻,53300,,,,,,,秦野市下大槻410,2-13号棟,鉄筋コンクリート造、鉄骨鉄筋コンクリート造,6,N,604号室,3DK,52,7,50400,2900,2か月,['近居割WIDE'],随時,https://www.ur-net.go.jp/chintai/kanto/kanagawa/40_1500_room.html?JKSS=000213604,<li>小田急小田原線「東海大学前」駅バス6分 徒歩2～10分</li><li>小田急小田原線「鶴巻温泉」駅バス12分 徒歩2～10分</li><li>JR東海道本線「平塚」駅バス29分 徒歩4～13分</li>
kanagawa,sagamiono,鳶尾,54400,,,,小田急小田原線「本厚木」駅,30.0,34.0,厚木市鳶尾2ほか,1-1号棟,鉄筋コンクリート造、鉄骨鉄筋コンクリート造,5,N,503号室,3K,47,5,50400,4000,2か月,[],随時,https://www.ur-net.go.jp/chintai/kanto/kanagawa/40_1790_room.html?JKSS=001010503,<li>小田急小田原線「本厚木」駅バス28分 徒歩2～6分</li>
kanagawa,sagamiono,鳶尾,54400,,,,,,,厚木市鳶尾2ほか,1-1号棟,鉄筋コンクリート造、鉄骨鉄筋コンクリート造,5,N,503号室,3K,47,5,50400,4000,2か月,[],随時,https://www.ur-net.go.jp/chintai/kanto/kanagawa/40_1790_room.html?JKSS=001010503,<li>小田急小田原線「本厚木」駅バス28分 徒歩2～6分</li>
kanagawa,sagamiono,鳶尾,66400,,,,小田急小田原線「本厚木」駅,30.0,34.0,厚木市鳶尾2ほか,25-3号棟,鉄筋コンクリート造、鉄骨鉄筋コンクリート造,6,N,603号室,3K,57,9,62400,4000,2か月,[],随時,https://www.ur-net.go.jp/chintai/kanto/kanagawa/40_1790_room.html?JKSS=025030603,<li>小田急小田原線「本厚木」駅バス28分 徒歩2～6分</li>
kanagawa,sagamiono,鳶尾,66400,,,,,,,厚木市鳶尾2ほか,25-3号棟,鉄筋コンクリート造、鉄骨鉄筋コンクリート造,6,N,603号室,3K,57,9,62400,4000,2か月,[],随時,https://www.ur-net.go.jp/chintai/kanto/kanagawa/40_1790_room.html?JKSS=025030603,<li>小田急小田原線「本厚木」駅バス28分 徒歩2～6分</li>
kanagawa,sagamiono,鳶尾,66400,,,,小田急小田原線「本厚木」駅,30.0,34.0,厚木市鳶尾2ほか,25-3号棟,鉄筋コンクリート造、鉄骨鉄筋コンクリート造,7,N,702号室,3K,57,9,62400,4000,2か月,[],随時,https://www.ur-net.go.jp/chintai/kanto/kanagawa/40_1790_room.html?JKSS=025030702,<li>小田急小田原線「本厚木」駅バス28分 徒歩2～6分</li>
kanagawa,sagamiono,鳶尾,66400,,,,,,,厚木市鳶尾2ほか,25-3号棟,鉄筋コンクリート造、鉄骨鉄筋コンクリート造,7,N,702号室,3K,57,9,62400,4000,2か月,[],随時,https://www.ur-net.go.jp/chintai/kanto/kanagawa/40_1790_room.html?JKSS=025030702,<li>小田急小田原線「本厚木」駅バス28分 徒歩2～6分</li>
kanagawa,sagamiono,鳶尾,66700,,,,小田急小田原線「本厚木」駅,30.0,34.0,厚木市鳶尾2ほか,25-3号棟,鉄筋コンクリート造、鉄骨鉄筋コンクリート造,6,N,602号室,3K,57,9,62700,4000,2か月,[],随時,https://www.ur-net.go.jp/chintai/kanto/kanagawa/40_1790_room.html?JKSS=025030602,<li>小田急小田原線「本厚木」駅バス28分 徒歩2～6分</li>
kanagawa,sagamiono,鳶尾,66700,,,,,,,厚木市鳶尾2ほか,25-3号棟,鉄筋コンクリート造、鉄骨鉄筋コンクリート造,6,N,602号室,3K,57,9,62700,4000,2か月,[],随時,https://www.ur-net.go.jp/chintai/kanto/kanagawa/40_1790_room.html?JKSS=025030602,<li>小田急小田原線「本厚木」駅バス28分 徒歩2～6分</li>
kanagawa,sagamiono,鳶尾,68900,,,,小田急小田原線「本厚木」駅,30.0,34.0,厚木市鳶尾2ほか,1-8号棟,鉄筋コンクリート造、鉄骨鉄筋コンクリート造,2,N,201号室,3DK,59,8,64900,4000,2か月,[],随時,https://www.ur-net.go.jp/chintai/kanto/kanagawa/40_1790_room.html?JKSS=001080201,<li>小田急小田原線「本厚木」駅バス28分 徒歩2～6分</li>
kanagawa,sagamiono,鳶尾,68900,,,,,,,厚木市鳶尾2ほか,1-8号棟,鉄筋コンクリート造、鉄骨鉄筋コンクリート造,2,N,201号室,3DK,59,8,64900,4000,2か月,[],随時,https://www.ur-net.go.jp/chintai/kanto/kanagawa/40_1790_room.html?JKSS=001080201,<li>小田急小田原線「本厚木」駅バス28分 徒歩2～6分</li>
kanagawa,sagamiono,テラス長谷,90600,,,,小田急小田原線「本厚木」駅,19.0,20.0,厚木市長谷381-1,6号棟,鉄筋コンクリート造,1,N,6号室,3LDK,72,2,85400,5200,2か月,[],随時,https://www.ur-net.go.jp/chintai/kanto/kanagawa/40_2200_room.html?JKSS=000060006,<li>小田急小田原線「本厚木」駅バス16分 徒歩3～4分</li><li>小田急小田原線「愛甲石田」駅バス7分 徒歩3～4分</li>
kanagawa,sagamiono,テラス長谷,90600,,,,小田急小田原線「愛甲石田」駅,10.0,11.0,厚木市長谷381-1,6号棟,鉄筋コンクリート造,1,N,6号室,3LDK,72,2,85400,5200,2か月,[],随時,https://www.ur-net.go.jp/chintai/kanto/kanagawa/40_2200_room.html?JKSS=000060006,<li>小田急小田原線「本厚木」駅バス16分 徒歩3～4分</li><li>小田急小田原線「愛甲石田」駅バス7分 徒歩3～4分</li>
kanagawa,sagamiono,テラス長谷,90600,,,,,,,厚木市長谷381-1,6号棟,鉄筋コンクリート造,1,N,6号室,3LDK,72,2,85400,5200,2か月,[],随時,https://www.ur-net.go.jp/chintai/kanto/kanagawa/40_2200_room.html?JKSS=000060006,<li>小田急小田原線「本厚木」駅バス16分 徒歩3～4分</li><li>小田急小田原線「愛甲石田」駅バス7分 徒歩3～4分</li>
kanagawa,sagamiono,えびな,95100,小田急小田原線「厚木」駅,4.0,7.0,,,,海老名市中新田2-7,6号棟,鉄筋コンクリート造、鉄骨鉄筋コンクリート造,8,N,802号室,3DK,65,8,89000,6100,2か月,['近居割'],随時,https://www.ur-net.go.jp/chintai/kanto/kanagawa/40_1900_room.html?JKSS=000060802,<li>小田急小田原線「厚木」駅 徒歩4～7分</li><li>小田急小田原線「海老名」駅 徒歩20～22分</li><li>小田急小田原線「本厚木」駅 徒歩25～27分</li>
kanagawa,sagamiono,えびな,95100,小田急小田原線「海老名」駅,20.0,22.0,,,,海老名市中新田2-7,6号棟,鉄筋コンクリート造、鉄骨鉄筋コンクリート造,8,N,802号室,3DK,65,8,89000,6100,2か月,['近居割'],随時,https://www.ur-net.go.jp/chintai/kanto/kanagawa/40_1900_room.html?JKSS=000060802,<li>小田急小田原線「厚木」駅 徒歩4～7分</li><li>小田急小田原線「海老名」駅 徒歩20～22分</li><li>小田急小田原線「本厚木」駅 徒歩25～27分</li>
kanagawa,sagamiono,えびな,95100,小田急小田原線「本厚木」駅,25.0,27.0,,,,海老名市中新田2-7,6号棟,鉄筋コンクリート造、鉄骨鉄筋コンクリート造,8,N,802号室,3DK,65,8,89000,6100,2か月,['近居割'],随時,https://www.ur-net.go.jp/chintai/kanto/kanagawa/40_1900_room.html?JKSS=000060802,<li>小田急小田原線「厚木」駅 徒歩4～7分</li><li>小田急小田原線「海老名」駅 徒歩20～22分</li><li>小田急小田原線「本厚木」駅 徒歩25～27分</li>
kanagawa,sagamiono,えびな,95100,,,,,,,海老名市中新田2-7,6号棟,鉄筋コンクリート造、鉄骨鉄筋コンクリート造,8,N,802号室,3DK,65,8,89000,6100,2か月,['近居割'],随時,https://www.ur-net.go.jp/chintai/kanto/kanagawa/40_1900_room.html?JKSS=000060802,<li>小田急小田原線「厚木」駅 徒歩4～7分</li><li>小田急小田原線「海老名」駅 徒歩20～22分</li><li>小田急小田原線「本厚木」駅 徒歩25～27分</li>
kanagawa,sagamiono,えびな,95100,小田急小田原線「厚木」駅,4.0,7.0,,,,海老名市中新田2-7,7号棟,鉄筋コンクリート造、鉄骨鉄筋コンクリート造,2,N,208号室,3DK,65,8,89000,6100,2か月,['近居割'],随時,https://www.ur-net.go.jp/chintai/kanto/kanagawa/40_1900_room.html?JKSS=000070208,<li>小田急小田原線「厚木」駅 徒歩4～7分</li><li>小田急小田原線「海老名」駅 徒歩20～22分</li><li>小田急小田原線「本厚木」駅 徒歩25～27分</li>
kanagawa,sagamiono,えびな,95100,小田急小田原線「海老名」駅,20.0,22.0,,,,海老名市中新田2-7,7号棟,鉄筋コンクリート造、鉄骨鉄筋コンクリート造,2,N,208号室,3DK,65,8,89000,6100,2か月,['近居割'],随時,https://www.ur-net.go.jp/chintai/kanto/kanagawa/40_1900_room.html?JKSS=000070208,<li>小田急小田原線「厚木」駅 徒歩4～7分</li><li>小田急小田原線「海老名」駅 徒歩20～22分</li><li>小田急小田原線「本厚木」駅 徒歩25～27分</li>
kanagawa,sagamiono,えびな,95100,小田急小田原線「本厚木」駅,25.0,27.0,,,,海老名市中新田2-7,7号棟,鉄筋コンクリート造、鉄骨鉄筋コンクリート造,2,N,208号室,3DK,65,8,89000,6100,2か月,['近居割'],随時,https://www.ur-net.go.jp/chintai/kanto/kanagawa/40_1900_room.html?JKSS=000070208,<li>小田急小田原線「厚木」駅 徒歩4～7分</li><li>小田急小田原線「海老名」駅 徒歩20～22分</li><li>小田急小田原線「本厚木」駅 徒歩25～27分</li>
kanagawa,sagamiono,えびな,95100,,,,,,,海老名市中新田2-7,7号棟,鉄筋コンクリート造、鉄骨鉄筋コンクリート造,2,N,208号室,3DK,65,8,89000,6100,2か月,['近居割'],随時,https://www.ur-net.go.jp/chintai/kanto/kanagawa/40_1900_room.html?JKSS=000070208,<li>小田急小田原線「厚木」駅 徒歩4～7分</li><li>小田急小田原線「海老名」駅 徒歩20～22分</li><li>小田急小田原線「本厚木」駅 徒歩25～27分</li>
kanagawa,sagamiono,えびな,95700,小田急小田原線「厚木」駅,4.0,7.0,,,,海老名市中新田2-7,7号棟,鉄筋コンクリート造、鉄骨鉄筋コンクリート造,7,N,701号室,2LDK,65,8,89600,6100,2か月,['近居割'],随時,https://www.ur-net.go.jp/chintai/kanto/kanagawa/40_1900_room.html?JKSS=000070701,<li>小田急小田原線「厚木」駅 徒歩4～7分</li><li>小田急小田原線「海老名」駅 徒歩20～22分</li><li>小田急小田原線「本厚木」駅 徒歩25～27分</li>
kanagawa,sagamiono,えびな,95700,小田急小田原線「海老名」駅,20.0,22.0,,,,海老名市中新田2-7,7号棟,鉄筋コンクリート造、鉄骨鉄筋コンクリート造,7,N,701号室,2LDK,65,8,89600,6100,2か月,['近居割'],随時,https://www.ur-net.go.jp/chintai/kanto/kanagawa/40_1900_room.html?JKSS=000070701,<li>小田急小田原線「厚木」駅 徒歩4～7分</li><li>小田急小田原線「海老名」駅 徒歩20～22分</li><li>小田急小田原線「本厚木」駅 徒歩25～27分</li>
kanagawa,sagamiono,えびな,95700,小田急小田原線「本厚木」駅,25.0,27.0,,,,海老名市中新田2-7,7号棟,鉄筋コンクリート造、鉄骨鉄筋コンクリート造,7,N,701号室,2LDK,65,8,89600,6100,2か月,['近居割'],随時,https://www.ur-net.go.jp/chintai/kanto/kanagawa/40_1900_room.html?JKSS=000070701,<li>小田急小田原線「厚木」駅 徒歩4～7分</li><li>小田急小田原線「海老名」駅 徒歩20～22分</li><li>小田急小田原線「本厚木」駅 徒歩25～27分</li>
kanagawa,sagamiono,えびな,95700,,,,,,,海老名市中新田2-7,7号棟,鉄筋コンクリート造、鉄骨鉄筋コンクリート造,7,N,701号室,2LDK,65,8,89600,6100,2か月,['近居割'],随時,https://www.ur-net.go.jp/chintai/kanto/kanagawa/40_1900_room.html?JKSS=000070701,<li>小田急小田原線「厚木」駅 徒歩4～7分</li><li>小田急小田原線「海老名」駅 徒歩20～22分</li><li>小田急小田原線「本厚木」駅 徒歩25～27分</li>
kanagawa,shonan,サンヴァリエ平塚,64600,,,,JR東海道本線「平塚」駅,21.0,23.0,平塚市高村203,19号棟,鉄筋コンクリート造、鉄骨鉄筋コンクリート造,3,N,303号室,2DK,50,8,61500,3100,2か月,['フリレ2か月'],随時,https://www.ur-net.go.jp/chintai/kanto/kanagawa/40_1780_room.html?JKSS=000190303,<li>JR東海道本線「平塚」駅バス20分 徒歩1～3分</li><li>小田急小田原線「伊勢原」駅バス33分 徒歩2～5分</li><li>JR東海道本線「大磯」駅 徒歩53～56分</li>
kanagawa,shonan,サンヴァリエ平塚,64600,,,,小田急小田原線「伊勢原」駅,35.0,38.0,平塚市高村203,19号棟,鉄筋コンクリート造、鉄骨鉄筋コンクリート造,3,N,303号室,2DK,50,8,61500,3100,2か月,['フリレ2か月'],随時,https://www.ur-net.go.jp/chintai/kanto/kanagawa/40_1780_room.html?JKSS=000190303,<li>JR東海道本線「平塚」駅バス20分 徒歩1～3分</li><li>小田急小田原線「伊勢原」駅バス33分 徒歩2～5分</li><li>JR東海道本線「大磯」駅 徒歩53～56分</li>
kanagawa,shonan,サンヴァリエ平塚,64600,JR東海道本線「大磯」駅,53.0,56.0,,,,平塚市高村203,19号棟,鉄筋コンクリート造、鉄骨鉄筋コンクリート造,3,N,303号室,2DK,50,8,61500,3100,2か月,['フリレ2か月'],随時,https://www.ur-net.go.jp/chintai/kanto/kanagawa/40_1780_room.html?JKSS=000190303,<li>JR東海道本線「平塚」駅バス20分 徒歩1～3分</li><li>小田急小田原線「伊勢原」駅バス33分 徒歩2～5分</li><li>JR東海道本線「大磯」駅 徒歩53～56分</li>
kanagawa,shonan,サンヴァリエ平塚,64600,,,,,,,平塚市高村203,19号棟,鉄筋コンクリート造、鉄骨鉄筋コンクリート造,3,N,303号室,2DK,50,8,61500,3100,2か月,['フリレ2か月'],随時,https://www.ur-net.go.jp/chintai/kanto/kanagawa/40_1780_room.html?JKSS=000190303,<li>JR東海道本線「平塚」駅バス20分 徒歩1～3分</li><li>小田急小田原線「伊勢原」駅バス33分 徒歩2～5分</li><li>JR東海道本線「大磯」駅 徒歩53～56分</li>
kanagawa,shonan,サンヴァリエ平塚,64800,,,,JR東海道本線「平塚」駅,21.0,23.0,平塚市高村203,10号棟,鉄筋コンクリート造、鉄骨鉄筋コンクリート造,5,N,501号室,2DK,50,8,61700,3100,2か月,['近居割WIDE'],随時,https://www.ur-net.go.jp/chintai/kanto/kanagawa/40_1780_room.html?JKSS=000100501,<li>JR東海道本線「平塚」駅バス20分 徒歩1～3分</li><li>小田急小田原線「伊勢原」駅バス33分 徒歩2～5分</li><li>JR東海道本線「大磯」駅 徒歩53～56分</li>
kanagawa,shonan,サンヴァリエ平塚,64800,,,,小田急小田原線「伊勢原」駅,35.0,38.0,平塚市高村203,10号棟,鉄筋コンクリート造、鉄骨鉄筋コンクリート造,5,N,501号室,2DK,50,8,61700,3100,2か月,['近居割WIDE'],随時,https://www.ur-net.go.jp/chintai/kanto/kanagawa/40_1780_room.html?JKSS=000100501,<li>JR東海道本線「平塚」駅バス20分 徒歩1～3分</li><li>小田急小田原線「伊勢原」駅バス33分 徒歩2～5分</li><li>JR東海道本線「大磯」駅 徒歩53～56分</li>
kanagawa,shonan,サンヴァリエ平塚,64800,JR東海道本線「大磯」駅,53.0,56.0,,,,平塚市高村203,10号棟,鉄筋コンクリート造、鉄骨鉄筋コンクリート造,5,N,501号室,2DK,50,8,61700,3100,2か月,['近居割WIDE'],随時,https://www.ur-net.go.jp/chintai/kanto/kanagawa/40_1780_room.html?JKSS=000100501,<li>JR東海道本線「平塚」駅バス20分 徒歩1～3分</li><li>小田急小田原線「伊勢原」駅バス33分 徒歩2～5分</li><li>JR東海道本線「大磯」駅 徒歩53～56分</li>
kanagawa,shonan,サンヴァリエ平塚,64800,,,,,,,平塚市高村203,10号棟,鉄筋コンクリート造、鉄骨鉄筋コンクリート造,5,N,501号室,2DK,50,8,61700,3100,2か月,['近居割WIDE'],随時,https://www.ur-net.go.jp/chintai/kanto/kanagawa/40_1780_room.html?JKSS=000100501,<li>JR東海道本線「平塚」駅バス20分 徒歩1～3分</li><li>小田急小田原線「伊勢原」駅バス33分 徒歩2～5分</li><li>JR東海道本線「大磯」駅 徒歩53～56分</li>
kanagawa,shonan,サンヴァリエ平塚,64800,,,,JR東海道本線「平塚」駅,21.0,23.0,平塚市高村203,19号棟,鉄筋コンクリート造、鉄骨鉄筋コンクリート造,3,N,308号室,2DK,50,8,61700,3100,2か月,['近居割WIDE'],随時,https://www.ur-net.go.jp/chintai/kanto/kanagawa/40_1780_room.html?JKSS=000190308,<li>JR東海道本線「平塚」駅バス20分 徒歩1～3分</li><li>小田急小田原線「伊勢原」駅バス33分 徒歩2～5分</li><li>JR東海道本線「大磯」駅 徒歩53～56分</li>
kanagawa,shonan,サンヴァリエ平塚,64800,,,,小田急小田原線「伊勢原」駅,35.0,38.0,平塚市高村203,19号棟,鉄筋コンクリート造、鉄骨鉄筋コンクリート造,3,N,308号室,2DK,50,8,61700,3100,2か月,['近居割WIDE'],随時,https://www.ur-net.go.jp/chintai/kanto/kanagawa/40_1780_room.html?JKSS=000190308,<li>JR東海道本線「平塚」駅バス20分 徒歩1～3分</li><li>小田急小田原線「伊勢原」駅バス33分 徒歩2～5分</li><li>JR東海道本線「大磯」駅 徒歩53～56分</li>
kanagawa,shonan,サンヴァリエ平塚,64800,JR東海道本線「大磯」駅,53.0,56.0,,,,平塚市高村203,19号棟,鉄筋コンクリート造、鉄骨鉄筋コンクリート造,3,N,308号室,2DK,50,8,61700,3100,2か月,['近居割WIDE'],随時,https://www.ur-net.go.jp/chintai/kanto/kanagawa/40_1780_room.html?JKSS=000190308,<li>JR東海道本線「平塚」駅バス20分 徒歩1～3分</li><li>小田急小田原線「伊勢原」駅バス33分 徒歩2～5分</li><li>JR東海道本線「大磯」駅 徒歩53～56分</li>
kanagawa,shonan,サンヴァリエ平塚,64800,,,,,,,平塚市高村203,19号棟,鉄筋コンクリート造、鉄骨鉄筋コンクリート造,3,N,308号室,2DK,50,8,61700,3100,2か月,['近居割WIDE'],随時,https://www.ur-net.go.jp/chintai/kanto/kanagawa/40_1780_room.html?JKSS=000190308,<li>JR東海道本線「平塚」駅バス20分 徒歩1～3分</li><li>小田急小田原線「伊勢原」駅バス33分 徒歩2～5分</li><li>JR東海道本線「大磯」駅 徒歩53～56分</li>
kanagawa,shonan,サンヴァリエ平塚,65100,,,,JR東海道本線「平塚」駅,21.0,23.0,平塚市高村203,16号棟,鉄筋コンクリート造、鉄骨鉄筋コンクリート造,8,N,808号室,2DK,50,8,62000,3100,2か月,['近居割WIDE'],随時,https://www.ur-net.go.jp/chintai/kanto/kanagawa/40_1780_room.html?JKSS=000160808,<li>JR東海道本線「平塚」駅バス20分 徒歩1～3分</li><li>小田急小田原線「伊勢原」駅バス33分 徒歩2～5分</li><li>JR東海道本線「大磯」駅 徒歩53～56分</li>
kanagawa,shonan,サンヴァリエ平塚,65100,,,,小田急小田原線「伊勢原」駅,35.0,38.0,平塚市高村203,16号棟,鉄筋コンクリート造、鉄骨鉄筋コンクリート造,8,N,808号室,2DK,50,8,62000,3100,2か月,['近居割WIDE'],随時,https://www.ur-net.go.jp/chintai/kanto/kanagawa/40_1780_room.html?JKSS=000160808,<li>JR東海道本線「平塚」駅バス20分 徒歩1～3分</li><li>小田急小田原線「伊勢原」駅バス33分 徒歩2～5分</li><li>JR東海道本線「大磯」駅 徒歩53～56分</li>
kanagawa,shonan,サンヴァリエ平塚,65100,JR東海道本線「大磯」駅,53.0,56.0,,,,平塚市高村203,16号棟,鉄筋コンクリート造、鉄骨鉄筋コンクリート造,8,N,808号室,2DK,50,8,62000,3100,2か月,['近居割WIDE'],随時,https://www.ur-net.go.jp/chintai/kanto/kanagawa/40_1780_room.html?JKSS=000160808,<li>JR東海道本線「平塚」駅バス20分 徒歩1～3分</li><li>小田急小田原線「伊勢原」駅バス33分 徒歩2～5分</li><li>JR東海道本線「大磯」駅 徒歩53～56分</li>
kanagawa,shonan,サンヴァリエ平塚,65100,,,,,,,平塚市高村203,16号棟,鉄筋コンクリート造、鉄骨鉄筋コンクリート造,8,N,808号室,2DK,50,8,62000,3100,2か月,['近居割WIDE'],随時,https://www.ur-net.go.jp/chintai/kanto/kanagawa/40_1780_room.html?JKSS=000160808,<li>JR東海道本線「平塚」駅バス20分 徒歩1～3分</li><li>小田急小田原線「伊勢原」駅バス33分 徒歩2～5分</li><li>JR東海道本線「大磯」駅 徒歩53～56分</li>
kanagawa,shonan,サンヴァリエ平塚,65100,,,,JR東海道本線「平塚」駅,21.0,23.0,平塚市高村203,17号棟,鉄筋コンクリート造、鉄骨鉄筋コンクリート造,5,N,506号室,2DK,50,8,62000,3100,2か月,['近居割WIDE'],随時,https://www.ur-net.go.jp/chintai/kanto/kanagawa/40_1780_room.html?JKSS=000170506,<li>JR東海道本線「平塚」駅バス20分 徒歩1～3分</li><li>小田急小田原線「伊勢原」駅バス33分 徒歩2～5分</li><li>JR東海道本線「大磯」駅 徒歩53～56分</li>
kanagawa,shonan,サンヴァリエ平塚,65100,,,,小田急小田原線「伊勢原」駅,35.0,38.0,平塚市高村203,17号棟,鉄筋コンクリート造、鉄骨鉄筋コンクリート造,5,N,506号室,2DK,50,8,62000,3100,2か月,['近居割WIDE'],随時,https://www.ur-net.go.jp/chintai/kanto/kanagawa/40_1780_room.html?JKSS=000170506,<li>JR東海道本線「平塚」駅バス20分 徒歩1～3分</li><li>小田急小田原線「伊勢原」駅バス33分 徒歩2～5分</li><li>JR東海道本線「大磯」駅 徒歩53～56分</li>
kanagawa,shonan,サンヴァリエ平塚,65100,JR東海道本線「大磯」駅,53.0,56.0,,,,平塚市高村203,17号棟,鉄筋コンクリート造、鉄骨鉄筋コンクリート造,5,N,506号室,2DK,50,8,62000,3100,2か月,['近居割WIDE'],随時,https://www.ur-net.go.jp/chintai/kanto/kanagawa/40_1780_room.html?JKSS=000170506,<li>JR東海道本線「平塚」駅バス20分 徒歩1～3分</li><li>小田急小田原線「伊勢原」駅バス33分 徒歩2～5分</li><li>JR東海道本線「大磯」駅 徒歩53～56分</li>
kanagawa,shonan,サンヴァリエ平塚,65100,,,,,,,平塚市高村203,17号棟,鉄筋コンクリート造、鉄骨鉄筋コンクリート造,5,N,506号室,2DK,50,8,62000,3100,2か月,['近居割WIDE'],随時,https://www.ur-net.go.jp/chintai/kanto/kanagawa/40_1780_room.html?JKSS=000170506,<li>JR東海道本線「平塚」駅バス20分 徒歩1～3分</li><li>小田急小田原線「伊勢原」駅バス33分 徒歩2～5分</li><li>JR東海道本線「大磯」駅 徒歩53～56分</li>
kanagawa,shonan,善行,53100,小田急江ノ島線「善行」駅,11.0,19.0,小田急江ノ島線「善行」駅,5.0,13.0,藤沢市善行団地1-1ほか,2-11号棟,鉄筋コンクリート造,5,N,506号室,1LDK,41,5,49800,3300,2か月,['URライト（4年定借）'],随時,https://www.ur-net.go.jp/chintai/kanto/kanagawa/40_1040_room.html?JKSS=000211506,<li>小田急江ノ島線「善行」駅 徒歩11～19分 又はバス4～8分 徒歩1～5分</li>
kanagawa,shonan,善行,53100,,,,,,,藤沢市善行団地1-1ほか,2-11号棟,鉄筋コンクリート造,5,N,506号室,1LDK,41,5,49800,3300,2か月,['URライト（4年定借）'],随時,https://www.ur-net.go.jp/chintai/kanto/kanagawa/40_1040_room.html?JKSS=000211506,<li>小田急江ノ島線「善行」駅 徒歩11～19分 又はバス4～8分 徒歩1～5分</li>
kanagawa,shonan,善行,61300,小田急江ノ島線「善行」駅,11.0,19.0,小田急江ノ島線「善行」駅,5.0,13.0,藤沢市善行団地1-1ほか,4-6号棟,鉄筋コンクリート造,4,N,401号室,3K,45,5,58000,3300,2か月,"['近居割', '近居割WIDE']",随時,https://www.ur-net.go.jp/chintai/kanto/kanagawa/40_1040_room.html?JKSS=000406401,<li>小田急江ノ島線「善行」駅 徒歩11～19分 又はバス4～8分 徒歩1～5分</li>
kanagawa,shonan,善行,61300,,,,,,,藤沢市善行団地1-1ほか,4-6号棟,鉄筋コンクリート造,4,N,401号室,3K,45,5,58000,3300,2か月,"['近居割', '近居割WIDE']",随時,https://www.ur-net.go.jp/chintai/kanto/kanagawa/40_1040_room.html?JKSS=000406401,<li>小田急江ノ島線「善行」駅 徒歩11～19分 又はバス4～8分 徒歩1～5分</li>
kanagawa,shonan,善行,61300,小田急江ノ島線「善行」駅,11.0,19.0,小田急江ノ島線「善行」駅,5.0,13.0,藤沢市善行団地1-1ほか,7-2号棟,鉄筋コンクリート造,3,N,305号室,3K,45,5,58000,3300,2か月,['URライト（4年定借）'],随時,https://www.ur-net.go.jp/chintai/kanto/kanagawa/40_1040_room.html?JKSS=000702305,<li>小田急江ノ島線「善行」駅 徒歩11～19分 又はバス4～8分 徒歩1～5分</li>
kanagawa,shonan,善行,61300,,,,,,,藤沢市善行団地1-1ほか,7-2号棟,鉄筋コンクリート造,3,N,305号室,3K,45,5,58000,3300,2か月,['URライト（4年定借）'],随時,https://www.ur-net.go.jp/chintai/kanto/kanagawa/40_1040_room.html?JKSS=000702305,<li>小田急江ノ島線「善行」駅 徒歩11～19分 又はバス4～8分 徒歩1～5分</li>
kanagawa,shonan,善行,62400,小田急江ノ島線「善行」駅,11.0,19.0,小田急江ノ島線「善行」駅,5.0,13.0,藤沢市善行団地1-1ほか,5-5号棟,鉄筋コンクリート造,5,N,505号室,3K,48,5,59100,3300,2か月,"['URライト（4年定借）', 'フリレ2か月']",随時,https://www.ur-net.go.jp/chintai/kanto/kanagawa/40_1040_room.html?JKSS=000505505,<li>小田急江ノ島線「善行」駅 徒歩11～19分 又はバス4～8分 徒歩1～5分</li>
kanagawa,shonan,善行,62400,,,,,,,藤沢市善行団地1-1ほか,5-5号棟,鉄筋コンクリート造,5,N,505号室,3K,48,5,59100,3300,2か月,"['URライト（4年定借）', 'フリレ2か月']",随時,https://www.ur-net.go.jp/chintai/kanto/kanagawa/40_1040_room.html?JKSS=000505505,<li>小田急江ノ島線「善行」駅 徒歩11～19分 又はバス4～8分 徒歩1～5分</li>
kanagawa,shonan,善行,63900,小田急江ノ島線「善行」駅,11.0,19.0,小田急江ノ島線「善行」駅,5.0,13.0,藤沢市善行団地1-1ほか,7-6号棟,鉄筋コンクリート造,1,N,104号室,3K,45,5,60600,3300,2か月,['URライト（4年定借）'],随時,https://www.ur-net.go.jp/chintai/kanto/kanagawa/40_1040_room.html?JKSS=000706104,<li>小田急江ノ島線「善行」駅 徒歩11～19分 又はバス4～8分 徒歩1～5分</li>
kanagawa,shonan,善行,63900,,,,,,,藤沢市善行団地1-1ほか,7-6号棟,鉄筋コンクリート造,1,N,104号室,3K,45,5,60600,3300,2か月,['URライト（4年定借）'],随時,https://www.ur-net.go.jp/chintai/kanto/kanagawa/40_1040_room.html?JKSS=000706104,<li>小田急江ノ島線「善行」駅 徒歩11～19分 又はバス4～8分 徒歩1～5分</li>
kanagawa,shonan,湘南ライフタウンパークサイド駒寄,89700,,,,JR東海道本線「辻堂」駅,12.0,13.0,藤沢市大庭5682-6ほか,2号棟,鉄筋コンクリート造,5,N,502号室,2LDK,62,5,86500,3200,2か月,"['近居割', '近居割WIDE']",随時,https://www.ur-net.go.jp/chintai/kanto/kanagawa/40_2870_room.html?JKSS=000020502,<li>JR東海道本線「辻堂」駅バス11分 徒歩1～2分</li><li>小田急江ノ島線「湘南台」駅バス22分 徒歩1～2分</li><li>小田急江ノ島線「善行」駅バス13分 徒歩1～2分</li>
kanagawa,shonan,湘南ライフタウンパークサイド駒寄,89700,,,,小田急江ノ島線「湘南台」駅,23.0,24.0,藤沢市大庭5682-6ほか,2号棟,鉄筋コンクリート造,5,N,502号室,2LDK,62,5,86500,3200,2か月,"['近居割', '近居割WIDE']",随時,https://www.ur-net.go.jp/chintai/kanto/kanagawa/40_2870_room.html?JKSS=000020502,<li>JR東海道本線「辻堂」駅バス11分 徒歩1～2分</li><li>小田急江ノ島線「湘南台」駅バス22分 徒歩1～2分</li><li>小田急江ノ島線「善行」駅バス13分 徒歩1～2分</li>
kanagawa,shonan,湘南ライフタウンパークサイド駒寄,89700,,,,小田急江ノ島線「善行」駅,14.0,15.0,藤沢市大庭5682-6ほか,2号棟,鉄筋コンクリート造,5,N,502号室,2LDK,62,5,86500,3200,2か月,"['近居割', '近居割WIDE']",随時,https://www.ur-net.go.jp/chintai/kanto/kanagawa/40_2870_room.html?JKSS=000020502,<li>JR東海道本線「辻堂」駅バス11分 徒歩1～2分</li><li>小田急江ノ島線「湘南台」駅バス22分 徒歩1～2分</li><li>小田急江ノ島線「善行」駅バス13分 徒歩1～2分</li>
kanagawa,shonan,湘南ライフタウンパークサイド駒寄,89700,,,,,,,藤沢市大庭5682-6ほか,2号棟,鉄筋コンクリート造,5,N,502号室,2LDK,62,5,86500,3200,2か月,"['近居割', '近居割WIDE']",随時,https://www.ur-net.go.jp/chintai/kanto/kanagawa/40_2870_room.html?JKSS=000020502,<li>JR東海道本線「辻堂」駅バス11分 徒歩1～2分</li><li>小田急江ノ島線「湘南台」駅バス22分 徒歩1～2分</li><li>小田急江ノ島線「善行」駅バス13分 徒歩1～2分</li>
kanagawa,shonan,湘南ライフタウンパークサイド駒寄,103500,,,,JR東海道本線「辻堂」駅,12.0,13.0,藤沢市大庭5682-6ほか,4号棟,鉄筋コンクリート造,4,N,403号室,2LDK,62,5,100300,3200,2か月,"['近居割', '近居割WIDE']",随時,https://www.ur-net.go.jp/chintai/kanto/kanagawa/40_2870_room.html?JKSS=000040403,<li>JR東海道本線「辻堂」駅バス11分 徒歩1～2分</li><li>小田急江ノ島線「湘南台」駅バス22分 徒歩1～2分</li><li>小田急江ノ島線「善行」駅バス13分 徒歩1～2分</li>
kanagawa,shonan,湘南ライフタウンパークサイド駒寄,103500,,,,小田急江ノ島線「湘南台」駅,23.0,24.0,藤沢市大庭5682-6ほか,4号棟,鉄筋コンクリート造,4,N,403号室,2LDK,62,5,100300,3200,2か月,"['近居割', '近居割WIDE']",随時,https://www.ur-net.go.jp/chintai/kanto/kanagawa/40_2870_room.html?JKSS=000040403,<li>JR東海道本線「辻堂」駅バス11分 徒歩1～2分</li><li>小田急江ノ島線「湘南台」駅バス22分 徒歩1～2分</li><li>小田急江ノ島線「善行」駅バス13分 徒歩1～2分</li>
kanagawa,shonan,湘南ライフタウンパークサイド駒寄,103500,,,,小田急江ノ島線「善行」駅,14.0,15.0,藤沢市大庭5682-6ほか,4号棟,鉄筋コンクリート造,4,N,403号室,2LDK,62,5,100300,3200,2か月,"['近居割', '近居割WIDE']",随時,https://www.ur-net.go.jp/chintai/kanto/kanagawa/40_2870_room.html?JKSS=000040403,<li>JR東海道本線「辻堂」駅バス11分 徒歩1～2分</li><li>小田急江ノ島線「湘南台」駅バス22分 徒歩1～2分</li><li>小田急江ノ島線「善行」駅バス13分 徒歩1～2分</li>
kanagawa,shonan,湘南ライフタウンパークサイド駒寄,103500,,,,,,,藤沢市大庭5682-6ほか,4号棟,鉄筋コンクリート造,4,N,403号室,2LDK,62,5,100300,3200,2か月,"['近居割', '近居割WIDE']",随時,https://www.ur-net.go.jp/chintai/kanto/kanagawa/40_2870_room.html?JKSS=000040403,<li>JR東海道本線「辻堂」駅バス11分 徒歩1～2分</li><li>小田急江ノ島線「湘南台」駅バス22分 徒歩1～2分</li><li>小田急江ノ島線「善行」駅バス13分 徒歩1～2分</li>
kanagawa,shonan,善行第四,98500,小田急江ノ島線「善行」駅,13.0,13.0,小田急江ノ島線「善行」駅,14.0,14.0,藤沢市善行団地2-17,,鉄筋コンクリート造,3,N,308号室,2LDK,69,5,95200,3300,2か月,"['近居割', '近居割WIDE']",随時,https://www.ur-net.go.jp/chintai/kanto/kanagawa/40_2830_room.html?JKSS=000000308,<li>小田急江ノ島線「善行」駅 徒歩13分 又はバス8分 徒歩6分</li>
kanagawa,shonan,善行第四,98500,,,,,,,藤沢市善行団地2-17,,鉄筋コンクリート造,3,N,308号室,2LDK,69,5,95200,3300,2か月,"['近居割', '近居割WIDE']",随時,https://www.ur-net.go.jp/chintai/kanto/kanagawa/40_2830_room.html?JKSS=000000308,<li>小田急江ノ島線「善行」駅 徒歩13分 又はバス8分 徒歩6分</li>
kanagawa,shonan,善行第三,100600,小田急江ノ島線「善行」駅,16.0,17.0,小田急江ノ島線「善行」駅,11.0,12.0,藤沢市善行団地3,20号棟,鉄筋コンクリート造,1,N,106号室,2LDK,63,5,97300,3300,2か月,['URライト（4年定借）'],随時,https://www.ur-net.go.jp/chintai/kanto/kanagawa/40_2680_room.html?JKSS=000200106,<li>小田急江ノ島線「善行」駅 徒歩16～17分 又はバス8分 徒歩3～4分</li>
kanagawa,shonan,善行第三,100600,,,,,,,藤沢市善行団地3,20号棟,鉄筋コンクリート造,1,N,106号室,2LDK,63,5,97300,3300,2か月,['URライト（4年定借）'],随時,https://www.ur-net.go.jp/chintai/kanto/kanagawa/40_2680_room.html?JKSS=000200106,<li>小田急江ノ島線「善行」駅 徒歩16～17分 又はバス8分 徒歩3～4分</li>
kanagawa,shonan,鶴が台,55700,,,,JR東海道本線「茅ケ崎」駅,10.0,18.0,茅ヶ崎市鶴が台,17-2号棟,鉄筋コンクリート造,5,N,506号室,3K,48,5,52100,3600,2か月,['近居割'],随時,https://www.ur-net.go.jp/chintai/kanto/kanagawa/40_1160_room.html?JKSS=000172506,<li>JR東海道本線「茅ケ崎」駅バス9～13分 徒歩1～5分</li><li>JR相模線「北茅ケ崎」駅 徒歩14～19分</li><li>JR相模線「香川」駅 徒歩15～23分</li>
kanagawa,shonan,鶴が台,55700,JR相模線「北茅ケ崎」駅,14.0,19.0,,,,茅ヶ崎市鶴が台,17-2号棟,鉄筋コンクリート造,5,N,506号室,3K,48,5,52100,3600,2か月,['近居割'],随時,https://www.ur-net.go.jp/chintai/kanto/kanagawa/40_1160_room.html?JKSS=000172506,<li>JR東海道本線「茅ケ崎」駅バス9～13分 徒歩1～5分</li><li>JR相模線「北茅ケ崎」駅 徒歩14～19分</li><li>JR相模線「香川」駅 徒歩15～23分</li>
kanagawa,shonan,鶴が台,55700,JR相模線「香川」駅,15.0,23.0,,,,茅ヶ崎市鶴が台,17-2号棟,鉄筋コンクリート造,5,N,506号室,3K,48,5,52100,3600,2か月,['近居割'],随時,https://www.ur-net.go.jp/chintai/kanto/kanagawa/40_1160_room.html?JKSS=000172506,<li>JR東海道本線「茅ケ崎」駅バス9～13分 徒歩1～5分</li><li>JR相模線「北茅ケ崎」駅 徒歩14～19分</li><li>JR相模線「香川」駅 徒歩15～23分</li>
kanagawa,shonan,鶴が台,55700,,,,,,,茅ヶ崎市鶴が台,17-2号棟,鉄筋コンクリート造,5,N,506号室,3K,48,5,52100,3600,2か月,['近居割'],随時,https://www.ur-net.go.jp/chintai/kanto/kanagawa/40_1160_room.html?JKSS=000172506,<li>JR東海道本線「茅ケ崎」駅バス9～13分 徒歩1～5分</li><li>JR相模線「北茅ケ崎」駅 徒歩14～19分</li><li>JR相模線「香川」駅 徒歩15～23分</li>
kanagawa,shonan,鶴が台,61000,,,,JR東海道本線「茅ケ崎」駅,10.0,18.0,茅ヶ崎市鶴が台,9-3号棟,鉄筋コンクリート造,5,N,501号室,3DK,53,5,57400,3600,2か月,['近居割'],随時,https://www.ur-net.go.jp/chintai/kanto/kanagawa/40_1160_room.html?JKSS=000903501,<li>JR東海道本線「茅ケ崎」駅バス9～13分 徒歩1～5分</li><li>JR相模線「北茅ケ崎」駅 徒歩14～19分</li><li>JR相模線「香川」駅 徒歩15～23分</li>
kanagawa,shonan,鶴が台,61000,JR相模線「北茅ケ崎」駅,14.0,19.0,,,,茅ヶ崎市鶴が台,9-3号棟,鉄筋コンクリート造,5,N,501号室,3DK,53,5,57400,3600,2か月,['近居割'],随時,https://www.ur-net.go.jp/chintai/kanto/kanagawa/40_1160_room.html?JKSS=000903501,<li>JR東海道本線「茅ケ崎」駅バス9～13分 徒歩1～5分</li><li>JR相模線「北茅ケ崎」駅 徒歩14～19分</li><li>JR相模線「香川」駅 徒歩15～23分</li>
kanagawa,shonan,鶴が台,61000,JR相模線「香川」駅,15.0,23.0,,,,茅ヶ崎市鶴が台,9-3号棟,鉄筋コンクリート造,5,N,501号室,3DK,53,5,57400,3600,2か月,['近居割'],随時,https://www.ur-net.go.jp/chintai/kanto/kanagawa/40_1160_room.html?JKSS=000903501,<li>JR東海道本線「茅ケ崎」駅バス9～13分 徒歩1～5分</li><li>JR相模線「北茅ケ崎」駅 徒歩14～19分</li><li>JR相模線「香川」駅 徒歩15～23分</li>
kanagawa,shonan,鶴が台,61000,,,,,,,茅ヶ崎市鶴が台,9-3号棟,鉄筋コンクリート造,5,N,501号室,3DK,53,5,57400,3600,2か月,['近居割'],随時,https://www.ur-net.go.jp/chintai/kanto/kanagawa/40_1160_room.html?JKSS=000903501,<li>JR東海道本線「茅ケ崎」駅バス9～13分 徒歩1～5分</li><li>JR相模線「北茅ケ崎」駅 徒歩14～19分</li><li>JR相模線「香川」駅 徒歩15～23分</li>
kanagawa,shonan,鶴が台,63000,,,,JR東海道本線「茅ケ崎」駅,10.0,18.0,茅ヶ崎市鶴が台,9-4号棟,鉄筋コンクリート造,3,N,302号室,3DK,53,5,59400,3600,2か月,['近居割'],随時,https://www.ur-net.go.jp/chintai/kanto/kanagawa/40_1160_room.html?JKSS=000904302,<li>JR東海道本線「茅ケ崎」駅バス9～13分 徒歩1～5分</li><li>JR相模線「北茅ケ崎」駅 徒歩14～19分</li><li>JR相模線「香川」駅 徒歩15～23分</li>
kanagawa,shonan,鶴が台,63000,JR相模線「北茅ケ崎」駅,14.0,19.0,,,,茅ヶ崎市鶴が台,9-4号棟,鉄筋コンクリート造,3,N,302号室,3DK,53,5,59400,3600,2か月,['近居割'],随時,https://www.ur-net.go.jp/chintai/kanto/kanagawa/40_1160_room.html?JKSS=000904302,<li>JR東海道本線「茅ケ崎」駅バス9～13分 徒歩1～5分</li><li>JR相模線「北茅ケ崎」駅 徒歩14～19分</li><li>JR相模線「香川」駅 徒歩15～23分</li>
kanagawa,shonan,鶴が台,63000,JR相模線「香川」駅,15.0,23.0,,,,茅ヶ崎市鶴が台,9-4号棟,鉄筋コンクリート造,3,N,302号室,3DK,53,5,59400,3600,2か月,['近居割'],随時,https://www.ur-net.go.jp/chintai/kanto/kanagawa/40_1160_room.html?JKSS=000904302,<li>JR東海道本線「茅ケ崎」駅バス9～13分 徒歩1～5分</li><li>JR相模線「北茅ケ崎」駅 徒歩14～19分</li><li>JR相模線「香川」駅 徒歩15～23分</li>
kanagawa,shonan,鶴が台,63000,,,,,,,茅ヶ崎市鶴が台,9-4号棟,鉄筋コンクリート造,3,N,302号室,3DK,53,5,59400,3600,2か月,['近居割'],随時,https://www.ur-net.go.jp/chintai/kanto/kanagawa/40_1160_room.html?JKSS=000904302,<li>JR東海道本線「茅ケ崎」駅バス9～13分 徒歩1～5分</li><li>JR相模線「北茅ケ崎」駅 徒歩14～19分</li><li>JR相模線「香川」駅 徒歩15～23分</li>
kanagawa,shonan,ライトタウン茅ヶ崎,108100,JR相模線「香川」駅,14.0,14.0,,,,茅ヶ崎市香川1-10,5号棟,鉄筋コンクリート造,7,N,709号室,3DK,67,10,102800,5300,2か月,['近居割'],随時,https://www.ur-net.go.jp/chintai/kanto/kanagawa/40_2930_room.html?JKSS=000050709,<li>JR相模線「香川」駅 徒歩14分</li><li>JR東海道線ほか「茅ケ崎」駅バス11分 徒歩5分</li>
kanagawa,shonan,ライトタウン茅ヶ崎,108100,,,,JR東海道線ほか「茅ケ崎」駅,16.0,16.0,茅ヶ崎市香川1-10,5号棟,鉄筋コンクリート造,7,N,709号室,3DK,67,10,102800,5300,2か月,['近居割'],随時,https://www.ur-net.go.jp/chintai/kanto/kanagawa/40_2930_room.html?JKSS=000050709,<li>JR相模線「香川」駅 徒歩14分</li><li>JR東海道線ほか「茅ケ崎」駅バス11分 徒歩5分</li>
kanagawa,shonan,ライトタウン茅ヶ崎,108100,,,,,,,茅ヶ崎市香川1-10,5号棟,鉄筋コンクリート造,7,N,709号室,3DK,67,10,102800,5300,2か月,['近居割'],随時,https://www.ur-net.go.jp/chintai/kanto/kanagawa/40_2930_room.html?JKSS=000050709,<li>JR相模線「香川」駅 徒歩14分</li><li>JR東海道線ほか「茅ケ崎」駅バス11分 徒歩5分</li>
kanagawa,shonan,浜見平,116100,,,,JR東海道本線「茅ケ崎」駅,15.0,15.0,茅ヶ崎市浜見平6-2ほか,6-2号棟,鉄筋コンクリート造,2,N,202号室,3LDK,70,5,112200,3900,2か月,"['近居割', '近居割WIDE']",随時,https://www.ur-net.go.jp/chintai/kanto/kanagawa/40_0971_room.html?JKSS=006020202,<li>JR東海道本線「茅ケ崎」駅バス13分 徒歩2分</li>
kanagawa,shonan,浜見平,116100,,,,,,,茅ヶ崎市浜見平6-2ほか,6-2号棟,鉄筋コンクリート造,2,N,202号室,3LDK,70,5,112200,3900,2か月,"['近居割', '近居割WIDE']",随時,https://www.ur-net.go.jp/chintai/kanto/kanagawa/40_0971_room.html?JKSS=006020202,<li>JR東海道本線「茅ケ崎」駅バス13分 徒歩2分</li>
kanagawa,shonan,浜見平,119500,,,,JR東海道本線「茅ケ崎」駅,15.0,15.0,茅ヶ崎市浜見平6-2ほか,6-2号棟,鉄筋コンクリート造,5,N,506号室,3LDK,70,5,115600,3900,2か月,"['近居割', '近居割WIDE']",随時,https://www.ur-net.go.jp/chintai/kanto/kanagawa/40_0971_room.html?JKSS=006020506,<li>JR東海道本線「茅ケ崎」駅バス13分 徒歩2分</li>
kanagawa,shonan,浜見平,119500,,,,,,,茅ヶ崎市浜見平6-2ほか,6-2号棟,鉄筋コンクリート造,5,N,506号室,3LDK,70,5,115600,3900,2か月,"['近居割', '近居割WIDE']",随時,https://www.ur-net.go.jp/chintai/kanto/kanagawa/40_0971_room.html?JKSS=006020506,<li>JR東海道本線「茅ケ崎」駅バス13分 徒歩2分</li>
kanagawa,shonan,浜見平,123300,,,,JR東海道本線「茅ケ崎」駅,15.0,15.0,茅ヶ崎市浜見平6-2ほか,6-3号棟,鉄筋コンクリート造,4,N,406号室,3LDK,70,5,119400,3900,2か月,['フリレ１か月'],随時,https://www.ur-net.go.jp/chintai/kanto/kanagawa/40_0971_room.html?JKSS=006030406,<li>JR東海道本線「茅ケ崎」駅バス13分 徒歩2分</li>
kanagawa,shonan,浜見平,123300,,,,,,,茅ヶ崎市浜見平6-2ほか,6-3号棟,鉄筋コンクリート造,4,N,406号室,3LDK,70,5,119400,3900,2か月,['フリレ１か月'],随時,https://www.ur-net.go.jp/chintai/kanto/kanagawa/40_0971_room.html?JKSS=006030406,<li>JR東海道本線「茅ケ崎」駅バス13分 徒歩2分</li>
chiba,inageekimae,千草台,45800,,,,JR総武線「西千葉」駅,10.0,17.0,千葉市稲毛区千草台1ほか,2-2号棟,鉄筋コンクリート造,4,N,405号室,2DK,41,4,43500,2300,2か月,"['近居割', '近居割WIDE']",随時,https://www.ur-net.go.jp/chintai/kanto/chiba/30_1390_room.html?JKSS=000202405,<li>JR総武線「西千葉」駅バス9～12分 徒歩1～5分</li><li>JR総武線「千葉」駅バス9～15分 徒歩9～17分</li><li>千葉都市モノレール「穴川」駅 徒歩12～18分</li>
chiba,inageekimae,千草台,45800,,,,JR総武線「千葉」駅,18.0,32.0,千葉市稲毛区千草台1ほか,2-2号棟,鉄筋コンクリート造,4,N,405号室,2DK,41,4,43500,2300,2か月,"['近居割', '近居割WIDE']",随時,https://www.ur-net.go.jp/chintai/kanto/chiba/30_1390_room.html?JKSS=000202405,<li>JR総武線「西千葉」駅バス9～12分 徒歩1～5分</li><li>JR総武線「千葉」駅バス9～15分 徒歩9～17分</li><li>千葉都市モノレール「穴川」駅 徒歩12～18分</li>
chiba,inageekimae,千草台,45800,千葉都市モノレール「穴川」駅,12.0,18.0,,,,千葉市稲毛区千草台1ほか,2-2号棟,鉄筋コンクリート造,4,N,405号室,2DK,41,4,43500,2300,2か月,"['近居割', '近居割WIDE']",随時,https://www.ur-net.go.jp/chintai/kanto/chiba/30_1390_room.html?JKSS=000202405,<li>JR総武線「西千葉」駅バス9～12分 徒歩1～5分</li><li>JR総武線「千葉」駅バス9～15分 徒歩9～17分</li><li>千葉都市モノレール「穴川」駅 徒歩12～18分</li>
chiba,inageekimae,千草台,45800,,,,,,,千葉市稲毛区千草台1ほか,2-2号棟,鉄筋コンクリート造,4,N,405号室,2DK,41,4,43500,2300,2か月,"['近居割', '近居割WIDE']",随時,https://www.ur-net.go.jp/chintai/kanto/chiba/30_1390_room.html?JKSS=000202405,<li>JR総武線「西千葉」駅バス9～12分 徒歩1～5分</li><li>JR総武線「千葉」駅バス9～15分 徒歩9～17分</li><li>千葉都市モノレール「穴川」駅 徒歩12～18分</li>
chiba,inageekimae,千草台,46100,,,,JR総武線「西千葉」駅,10.0,17.0,千葉市稲毛区千草台1ほか,2-24号棟,鉄筋コンクリート造,5,N,504号室,3K,45,5,43800,2300,2か月,"['近居割', '近居割WIDE']",随時,https://www.ur-net.go.jp/chintai/kanto/chiba/30_1390_room.html?JKSS=000224504,<li>JR総武線「西千葉」駅バス9～12分 徒歩1～5分</li><li>JR総武線「千葉」駅バス9～15分 徒歩9～17分</li><li>千葉都市モノレール「穴川」駅 徒歩12～18分</li>
chiba,inageekimae,千草台,46100,,,,JR総武線「千葉」駅,18.0,32.0,千葉市稲毛区千草台1ほか,2-24号棟,鉄筋コンクリート造,5,N,504号室,3K,45,5,43800,2300,2か月,"['近居割', '近居割WIDE']",随時,https://www.ur-net.go.jp/chintai/kanto/chiba/30_1390_room.html?JKSS=000224504,<li>JR総武線「西千葉」駅バス9～12分 徒歩1～5分</li><li>JR総武線「千葉」駅バス9～15分 徒歩9～17分</li><li>千葉都市モノレール「穴川」駅 徒歩12～18分</li>
chiba,inageekimae,千草台,46100,千葉都市モノレール「穴川」駅,12.0,18.0,,,,千葉市稲毛区千草台1ほか,2-24号棟,鉄筋コンクリート造,5,N,504号室,3K,45,5,43800,2300,2か月,"['近居割', '近居割WIDE']",随時,https://www.ur-net.go.jp/chintai/kanto/chiba/30_1390_room.html?JKSS=000224504,<li>JR総武線「西千葉」駅バス9～12分 徒歩1～5分</li><li>JR総武線「千葉」駅バス9～15分 徒歩9～17分</li><li>千葉都市モノレール「穴川」駅 徒歩12～18分</li>
chiba,inageekimae,千草台,46100,,,,,,,千葉市稲毛区千草台1ほか,2-24号棟,鉄筋コンクリート造,5,N,504号室,3K,45,5,43800,2300,2か月,"['近居割', '近居割WIDE']",随時,https://www.ur-net.go.jp/chintai/kanto/chiba/30_1390_room.html?JKSS=000224504,<li>JR総武線「西千葉」駅バス9～12分 徒歩1～5分</li><li>JR総武線「千葉」駅バス9～15分 徒歩9～17分</li><li>千葉都市モノレール「穴川」駅 徒歩12～18分</li>
chiba,inageekimae,千草台,48100,,,,JR総武線「西千葉」駅,10.0,17.0,千葉市稲毛区千草台1ほか,2-34号棟,鉄筋コンクリート造,4,N,404号室,3K,45,5,45800,2300,2か月,"['近居割', '近居割WIDE']",随時,https://www.ur-net.go.jp/chintai/kanto/chiba/30_1390_room.html?JKSS=000234404,<li>JR総武線「西千葉」駅バス9～12分 徒歩1～5分</li><li>JR総武線「千葉」駅バス9～15分 徒歩9～17分</li><li>千葉都市モノレール「穴川」駅 徒歩12～18分</li>
chiba,inageekimae,千草台,48100,,,,JR総武線「千葉」駅,18.0,32.0,千葉市稲毛区千草台1ほか,2-34号棟,鉄筋コンクリート造,4,N,404号室,3K,45,5,45800,2300,2か月,"['近居割', '近居割WIDE']",随時,https://www.ur-net.go.jp/chintai/kanto/chiba/30_1390_room.html?JKSS=000234404,<li>JR総武線「西千葉」駅バス9～12分 徒歩1～5分</li><li>JR総武線「千葉」駅バス9～15分 徒歩9～17分</li><li>千葉都市モノレール「穴川」駅 徒歩12～18分</li>
chiba,inageekimae,千草台,48100,千葉都市モノレール「穴川」駅,12.0,18.0,,,,千葉市稲毛区千草台1ほか,2-34号棟,鉄筋コンクリート造,4,N,404号室,3K,45,5,45800,2300,2か月,"['近居割', '近居割WIDE']",随時,https://www.ur-net.go.jp/chintai/kanto/chiba/30_1390_room.html?JKSS=000234404,<li>JR総武線「西千葉」駅バス9～12分 徒歩1～5分</li><li>JR総武線「千葉」駅バス9～15分 徒歩9～17分</li><li>千葉都市モノレール「穴川」駅 徒歩12～18分</li>
chiba,inageekimae,千草台,48100,,,,,,,千葉市稲毛区千草台1ほか,2-34号棟,鉄筋コンクリート造,4,N,404号室,3K,45,5,45800,2300,2か月,"['近居割', '近居割WIDE']",随時,https://www.ur-net.go.jp/chintai/kanto/chiba/30_1390_room.html?JKSS=000234404,<li>JR総武線「西千葉」駅バス9～12分 徒歩1～5分</li><li>JR総武線「千葉」駅バス9～15分 徒歩9～17分</li><li>千葉都市モノレール「穴川」駅 徒歩12～18分</li>
chiba,inageekimae,あやめ台,49700,,,,JR総武線「稲毛」駅,15.0,21.0,千葉市稲毛区あやめ台1ほか,2-22号棟,鉄筋コンクリート造,4,N,404号室,3K,45,5,46200,3500,2か月,"['近居割', '近居割WIDE']",随時,https://www.ur-net.go.jp/chintai/kanto/chiba/30_1470_room.html?JKSS=000222404,<li>JR総武線「稲毛」駅バス14分 徒歩1～7分</li><li>千葉都市モノレール「スポーツセンター」駅 徒歩8～16分</li><li>千葉都市モノレール「穴川」駅バス4分 徒歩2～11分</li>
chiba,inageekimae,あやめ台,49700,千葉都市モノレール「スポーツセンター」駅,8.0,16.0,,,,千葉市稲毛区あやめ台1ほか,2-22号棟,鉄筋コンクリート造,4,N,404号室,3K,45,5,46200,3500,2か月,"['近居割', '近居割WIDE']",随時,https://www.ur-net.go.jp/chintai/kanto/chiba/30_1470_room.html?JKSS=000222404,<li>JR総武線「稲毛」駅バス14分 徒歩1～7分</li><li>千葉都市モノレール「スポーツセンター」駅 徒歩8～16分</li><li>千葉都市モノレール「穴川」駅バス4分 徒歩2～11分</li>
chiba,inageekimae,あやめ台,49700,,,,千葉都市モノレール「穴川」駅,6.0,15.0,千葉市稲毛区あやめ台1ほか,2-22号棟,鉄筋コンクリート造,4,N,404号室,3K,45,5,46200,3500,2か月,"['近居割', '近居割WIDE']",随時,https://www.ur-net.go.jp/chintai/kanto/chiba/30_1470_room.html?JKSS=000222404,<li>JR総武線「稲毛」駅バス14分 徒歩1～7分</li><li>千葉都市モノレール「スポーツセンター」駅 徒歩8～16分</li><li>千葉都市モノレール「穴川」駅バス4分 徒歩2～11分</li>
chiba,inageekimae,あやめ台,49700,,,,,,,千葉市稲毛区あやめ台1ほか,2-22号棟,鉄筋コンクリート造,4,N,404号室,3K,45,5,46200,3500,2か月,"['近居割', '近居割WIDE']",随時,https://www.ur-net.go.jp/chintai/kanto/chiba/30_1470_room.html?JKSS=000222404,<li>JR総武線「稲毛」駅バス14分 徒歩1～7分</li><li>千葉都市モノレール「スポーツセンター」駅 徒歩8～16分</li><li>千葉都市モノレール「穴川」駅バス4分 徒歩2～11分</li>
chiba,inageekimae,あやめ台,52200,,,,JR総武線「稲毛」駅,15.0,21.0,千葉市稲毛区あやめ台1ほか,2-26号棟,鉄筋コンクリート造,5,N,507号室,3DK,50,5,48700,3500,2か月,"['近居割', '近居割WIDE']",随時,https://www.ur-net.go.jp/chintai/kanto/chiba/30_1470_room.html?JKSS=000226507,<li>JR総武線「稲毛」駅バス14分 徒歩1～7分</li><li>千葉都市モノレール「スポーツセンター」駅 徒歩8～16分</li><li>千葉都市モノレール「穴川」駅バス4分 徒歩2～11分</li>
chiba,inageekimae,あやめ台,52200,千葉都市モノレール「スポーツセンター」駅,8.0,16.0,,,,千葉市稲毛区あやめ台1ほか,2-26号棟,鉄筋コンクリート造,5,N,507号室,3DK,50,5,48700,3500,2か月,"['近居割', '近居割WIDE']",随時,https://www.ur-net.go.jp/chintai/kanto/chiba/30_1470_room.html?JKSS=000226507,<li>JR総武線「稲毛」駅バス14分 徒歩1～7分</li><li>千葉都市モノレール「スポーツセンター」駅 徒歩8～16分</li><li>千葉都市モノレール「穴川」駅バス4分 徒歩2～11分</li>
chiba,inageekimae,あやめ台,52200,,,,千葉都市モノレール「穴川」駅,6.0,15.0,千葉市稲毛区あやめ台1ほか,2-26号棟,鉄筋コンクリート造,5,N,507号室,3DK,50,5,48700,3500,2か月,"['近居割', '近居割WIDE']",随時,https://www.ur-net.go.jp/chintai/kanto/chiba/30_1470_room.html?JKSS=000226507,<li>JR総武線「稲毛」駅バス14分 徒歩1～7分</li><li>千葉都市モノレール「スポーツセンター」駅 徒歩8～16分</li><li>千葉都市モノレール「穴川」駅バス4分 徒歩2～11分</li>
chiba,inageekimae,あやめ台,52200,,,,,,,千葉市稲毛区あやめ台1ほか,2-26号棟,鉄筋コンクリート造,5,N,507号室,3DK,50,5,48700,3500,2か月,"['近居割', '近居割WIDE']",随時,https://www.ur-net.go.jp/chintai/kanto/chiba/30_1470_room.html?JKSS=000226507,<li>JR総武線「稲毛」駅バス14分 徒歩1～7分</li><li>千葉都市モノレール「スポーツセンター」駅 徒歩8～16分</li><li>千葉都市モノレール「穴川」駅バス4分 徒歩2～11分</li>
chiba,inageekimae,さつきが丘,44500,,,,JR総武線「新検見川」駅,12.0,19.0,千葉市花見川区さつきが丘1ほか,1-29-8号棟,鉄筋コンクリート造,5,N,501号室,2DK,45,5,42400,2100,2か月,"['近居割', '近居割WIDE']",随時,https://www.ur-net.go.jp/chintai/kanto/chiba/30_2300_room.html?JKSS=129080501,<li>JR総武線「新検見川」駅バス11分 徒歩1～8分</li><li>JR総武線「稲毛」駅バス20分 徒歩2～8分</li><li>京成千葉線「検見川」駅 徒歩41～52分</li>
chiba,inageekimae,さつきが丘,44500,,,,JR総武線「稲毛」駅,22.0,28.0,千葉市花見川区さつきが丘1ほか,1-29-8号棟,鉄筋コンクリート造,5,N,501号室,2DK,45,5,42400,2100,2か月,"['近居割', '近居割WIDE']",随時,https://www.ur-net.go.jp/chintai/kanto/chiba/30_2300_room.html?JKSS=129080501,<li>JR総武線「新検見川」駅バス11分 徒歩1～8分</li><li>JR総武線「稲毛」駅バス20分 徒歩2～8分</li><li>京成千葉線「検見川」駅 徒歩41～52分</li>
chiba,inageekimae,さつきが丘,44500,京成千葉線「検見川」駅,41.0,52.0,,,,千葉市花見川区さつきが丘1ほか,1-29-8号棟,鉄筋コンクリート造,5,N,501号室,2DK,45,5,42400,2100,2か月,"['近居割', '近居割WIDE']",随時,https://www.ur-net.go.jp/chintai/kanto/chiba/30_2300_room.html?JKSS=129080501,<li>JR総武線「新検見川」駅バス11分 徒歩1～8分</li><li>JR総武線「稲毛」駅バス20分 徒歩2～8分</li><li>京成千葉線「検見川」駅 徒歩41～52分</li>
chiba,inageekimae,さつきが丘,44500,,,,,,,千葉市花見川区さつきが丘1ほか,1-29-8号棟,鉄筋コンクリート造,5,N,501号室,2DK,45,5,42400,2100,2か月,"['近居割', '近居割WIDE']",随時,https://www.ur-net.go.jp/chintai/kanto/chiba/30_2300_room.html?JKSS=129080501,<li>JR総武線「新検見川」駅バス11分 徒歩1～8分</li><li>JR総武線「稲毛」駅バス20分 徒歩2～8分</li><li>京成千葉線「検見川」駅 徒歩41～52分</li>
chiba,inageekimae,さつきが丘,47100,,,,JR総武線「新検見川」駅,12.0,19.0,千葉市花見川区さつきが丘1ほか,2-10-33号棟,鉄筋コンクリート造,5,N,501号室,3K,47,5,45000,2100,2か月,"['近居割', '近居割WIDE']",随時,https://www.ur-net.go.jp/chintai/kanto/chiba/30_2300_room.html?JKSS=210330501,<li>JR総武線「新検見川」駅バス11分 徒歩1～8分</li><li>JR総武線「稲毛」駅バス20分 徒歩2～8分</li><li>京成千葉線「検見川」駅 徒歩41～52分</li>
chiba,inageekimae,さつきが丘,47100,,,,JR総武線「稲毛」駅,22.0,28.0,千葉市花見川区さつきが丘1ほか,2-10-33号棟,鉄筋コンクリート造,5,N,501号室,3K,47,5,45000,2100,2か月,"['近居割', '近居割WIDE']",随時,https://www.ur-net.go.jp/chintai/kanto/chiba/30_2300_room.html?JKSS=210330501,<li>JR総武線「新検見川」駅バス11分 徒歩1～8分</li><li>JR総武線「稲毛」駅バス20分 徒歩2～8分</li><li>京成千葉線「検見川」駅 徒歩41～52分</li>
chiba,inageekimae,さつきが丘,47100,京成千葉線「検見川」駅,41.0,52.0,,,,千葉市花見川区さつきが丘1ほか,2-10-33号棟,鉄筋コンクリート造,5,N,501号室,3K,47,5,45000,2100,2か月,"['近居割', '近居割WIDE']",随時,https://www.ur-net.go.jp/chintai/kanto/chiba/30_2300_room.html?JKSS=210330501,<li>JR総武線「新検見川」駅バス11分 徒歩1～8分</li><li>JR総武線「稲毛」駅バス20分 徒歩2～8分</li><li>京成千葉線「検見川」駅 徒歩41～52分</li>
chiba,inageekimae,さつきが丘,47100,,,,,,,千葉市花見川区さつきが丘1ほか,2-10-33号棟,鉄筋コンクリート造,5,N,501号室,3K,47,5,45000,2100,2か月,"['近居割', '近居割WIDE']",随時,https://www.ur-net.go.jp/chintai/kanto/chiba/30_2300_room.html?JKSS=210330501,<li>JR総武線「新検見川」駅バス11分 徒歩1～8分</li><li>JR総武線「稲毛」駅バス20分 徒歩2～8分</li><li>京成千葉線「検見川」駅 徒歩41～52分</li>
chiba,inageekimae,さつきが丘,54300,,,,JR総武線「新検見川」駅,12.0,19.0,千葉市花見川区さつきが丘1ほか,1-34-4号棟,鉄筋コンクリート造,5,N,503号室,3K,47,5,52200,2100,2か月,"['近居割', '近居割WIDE']",随時,https://www.ur-net.go.jp/chintai/kanto/chiba/30_2300_room.html?JKSS=134040503,<li>JR総武線「新検見川」駅バス11分 徒歩1～8分</li><li>JR総武線「稲毛」駅バス20分 徒歩2～8分</li><li>京成千葉線「検見川」駅 徒歩41～52分</li>
chiba,inageekimae,さつきが丘,54300,,,,JR総武線「稲毛」駅,22.0,28.0,千葉市花見川区さつきが丘1ほか,1-34-4号棟,鉄筋コンクリート造,5,N,503号室,3K,47,5,52200,2100,2か月,"['近居割', '近居割WIDE']",随時,https://www.ur-net.go.jp/chintai/kanto/chiba/30_2300_room.html?JKSS=134040503,<li>JR総武線「新検見川」駅バス11分 徒歩1～8分</li><li>JR総武線「稲毛」駅バス20分 徒歩2～8分</li><li>京成千葉線「検見川」駅 徒歩41～52分</li>
chiba,inageekimae,さつきが丘,54300,京成千葉線「検見川」駅,41.0,52.0,,,,千葉市花見川区さつきが丘1ほか,1-34-4号棟,鉄筋コンクリート造,5,N,503号室,3K,47,5,52200,2100,2か月,"['近居割', '近居割WIDE']",随時,https://www.ur-net.go.jp/chintai/kanto/chiba/30_2300_room.html?JKSS=134040503,<li>JR総武線「新検見川」駅バス11分 徒歩1～8分</li><li>JR総武線「稲毛」駅バス20分 徒歩2～8分</li><li>京成千葉線「検見川」駅 徒歩41～52分</li>
chiba,inageekimae,さつきが丘,54300,,,,,,,千葉市花見川区さつきが丘1ほか,1-34-4号棟,鉄筋コンクリート造,5,N,503号室,3K,47,5,52200,2100,2か月,"['近居割', '近居割WIDE']",随時,https://www.ur-net.go.jp/chintai/kanto/chiba/30_2300_room.html?JKSS=134040503,<li>JR総武線「新検見川」駅バス11分 徒歩1～8分</li><li>JR総武線「稲毛」駅バス20分 徒歩2～8分</li><li>京成千葉線「検見川」駅 徒歩41～52分</li>
chiba,hanamigawa,花見川（第１次～第４次）,46950,,,,京成本線「八千代台」駅,4.0,18.0,千葉市花見川区花見川1ほか,5-6号棟,鉄筋コンクリート造,5,N,501号室,3K,48,5,44200,2750,2か月,"['近居割', '近居割WIDE']",随時,https://www.ur-net.go.jp/chintai/kanto/chiba/30_1681_room.html?JKSS=000506501,<li>京成本線「八千代台」駅バス3～10分 徒歩1～8分</li><li>京成本線「実籾」駅 徒歩30～45分</li><li>京成本線「京成大和田」駅 徒歩31～49分</li>
chiba,hanamigawa,花見川（第１次～第４次）,46950,京成本線「実籾」駅,30.0,45.0,,,,千葉市花見川区花見川1ほか,5-6号棟,鉄筋コンクリート造,5,N,501号室,3K,48,5,44200,2750,2か月,"['近居割', '近居割WIDE']",随時,https://www.ur-net.go.jp/chintai/kanto/chiba/30_1681_room.html?JKSS=000506501,<li>京成本線「八千代台」駅バス3～10分 徒歩1～8分</li><li>京成本線「実籾」駅 徒歩30～45分</li><li>京成本線「京成大和田」駅 徒歩31～49分</li>
chiba,hanamigawa,花見川（第１次～第４次）,46950,京成本線「京成大和田」駅,31.0,49.0,,,,千葉市花見川区花見川1ほか,5-6号棟,鉄筋コンクリート造,5,N,501号室,3K,48,5,44200,2750,2か月,"['近居割', '近居割WIDE']",随時,https://www.ur-net.go.jp/chintai/kanto/chiba/30_1681_room.html?JKSS=000506501,<li>京成本線「八千代台」駅バス3～10分 徒歩1～8分</li><li>京成本線「実籾」駅 徒歩30～45分</li><li>京成本線「京成大和田」駅 徒歩31～49分</li>
chiba,hanamigawa,花見川（第１次～第４次）,46950,,,,,,,千葉市花見川区花見川1ほか,5-6号棟,鉄筋コンクリート造,5,N,501号室,3K,48,5,44200,2750,2か月,"['近居割', '近居割WIDE']",随時,https://www.ur-net.go.jp/chintai/kanto/chiba/30_1681_room.html?JKSS=000506501,<li>京成本線「八千代台」駅バス3～10分 徒歩1～8分</li><li>京成本線「実籾」駅 徒歩30～45分</li><li>京成本線「京成大和田」駅 徒歩31～49分</li>
chiba,hanamigawa,グリーンプラザ花見川（花見川（第５次））,93960,,,,京成本線「八千代台」駅,10.0,10.0,千葉市花見川区花見川4-16,4-16号棟,鉄筋コンクリート造,3,N,311号室,3LDK,78,11,90100,3860,2か月,"['近居割', '近居割WIDE']",随時,https://www.ur-net.go.jp/chintai/kanto/chiba/30_1682_room.html?JKSS=004160311,<li>京成本線「八千代台」駅 バス6分 徒歩4分</li>
chiba,hanamigawa,グリーンプラザ花見川（花見川（第５次））,93960,,,,,,,千葉市花見川区花見川4-16,4-16号棟,鉄筋コンクリート造,3,N,311号室,3LDK,78,11,90100,3860,2か月,"['近居割', '近居割WIDE']",随時,https://www.ur-net.go.jp/chintai/kanto/chiba/30_1682_room.html?JKSS=004160311,<li>京成本線「八千代台」駅 バス6分 徒歩4分</li>
chiba,inageekimae,千葉幸町,56200,京成千葉線「みどり台」駅,11.0,20.0,,,,千葉市美浜区幸町2,16-15号棟,鉄筋コンクリート造,4,N,405号室,3K,47,5,53100,3100,2か月,[],随時,https://www.ur-net.go.jp/chintai/kanto/chiba/30_1810_room.html?JKSS=016015405,<li>京成千葉線「みどり台」駅 徒歩11～20分</li><li>JR京葉線「稲毛海岸」駅 徒歩19～23分</li><li>JR総武線「稲毛」駅 徒歩22～26分</li><li>京成千葉線「京成稲毛」駅 徒歩21～28分</li><li>JR総武線「西千葉」駅 徒歩14～26分</li><li>京成千葉線「西登戸」駅 徒歩10～24分</li>
chiba,inageekimae,千葉幸町,56200,JR京葉線「稲毛海岸」駅,19.0,23.0,,,,千葉市美浜区幸町2,16-15号棟,鉄筋コンクリート造,4,N,405号室,3K,47,5,53100,3100,2か月,[],随時,https://www.ur-net.go.jp/chintai/kanto/chiba/30_1810_room.html?JKSS=016015405,<li>京成千葉線「みどり台」駅 徒歩11～20分</li><li>JR京葉線「稲毛海岸」駅 徒歩19～23分</li><li>JR総武線「稲毛」駅 徒歩22～26分</li><li>京成千葉線「京成稲毛」駅 徒歩21～28分</li><li>JR総武線「西千葉」駅 徒歩14～26分</li><li>京成千葉線「西登戸」駅 徒歩10～24分</li>
chiba,inageekimae,千葉幸町,56200,JR総武線「稲毛」駅,22.0,26.0,,,,千葉市美浜区幸町2,16-15号棟,鉄筋コンクリート造,4,N,405号室,3K,47,5,53100,3100,2か月,[],随時,https://www.ur-net.go.jp/chintai/kanto/chiba/30_1810_room.html?JKSS=016015405,<li>京成千葉線「みどり台」駅 徒歩11～20分</li><li>JR京葉線「稲毛海岸」駅 徒歩19～23分</li><li>JR総武線「稲毛」駅 徒歩22～26分</li><li>京成千葉線「京成稲毛」駅 徒歩21～28分</li><li>JR総武線「西千葉」駅 徒歩14～26分</li><li>京成千葉線「西登戸」駅 徒歩10～24分</li>
chiba,inageekimae,千葉幸町,56200,京成千葉線「京成稲毛」駅,21.0,28.0,,,,千葉市美浜区幸町2,16-15号棟,鉄筋コンクリート造,4,N,405号室,3K,47,5,53100,3100,2か月,[],随時,https://www.ur-net.go.jp/chintai/kanto/chiba/30_1810_room.html?JKSS=016015405,<li>京成千葉線「みどり台」駅 徒歩11～20分</li><li>JR京葉線「稲毛海岸」駅 徒歩19～23分</li><li>JR総武線「稲毛」駅 徒歩22～26分</li><li>京成千葉線「京成稲毛」駅 徒歩21～28分</li><li>JR総武線「西千葉」駅 徒歩14～26分</li><li>京成千葉線「西登戸」駅 徒歩10～24分</li>
chiba,inageekimae,千葉幸町,56200,JR総武線「西千葉」駅,14.0,26.0,,,,千葉市美浜区幸町2,16-15号棟,鉄筋コンクリート造,4,N,405号室,3K,47,5,53100,3100,2か月,[],随時,https://www.ur-net.go.jp/chintai/kanto/chiba/30_1810_room.html?JKSS=016015405,<li>京成千葉線「みどり台」駅 徒歩11～20分</li><li>JR京葉線「稲毛海岸」駅 徒歩19～23分</li><li>JR総武線「稲毛」駅 徒歩22～26分</li><li>京成千葉線「京成稲毛」駅 徒歩21～28分</li><li>JR総武線「西千葉」駅 徒歩14～26分</li><li>京成千葉線「西登戸」駅 徒歩10～24分</li>
chiba,inageekimae,千葉幸町,56200,京成千葉線「西登戸」駅,10.0,24.0,,,,千葉市美浜区幸町2,16-15号棟,鉄筋コンクリート造,4,N,405号室,3K,47,5,53100,3100,2か月,[],随時,https://www.ur-net.go.jp/chintai/kanto/chiba/30_1810_room.html?JKSS=016015405,<li>京成千葉線「みどり台」駅 徒歩11～20分</li><li>JR京葉線「稲毛海岸」駅 徒歩19～23分</li><li>JR総武線「稲毛」駅 徒歩22～26分</li><li>京成千葉線「京成稲毛」駅 徒歩21～28分</li><li>JR総武線「西千葉」駅 徒歩14～26分</li><li>京成千葉線「西登戸」駅 徒歩10～24分</li>
chiba,inageekimae,千葉幸町,56200,,,,,,,千葉市美浜区幸町2,16-15号棟,鉄筋コンクリート造,4,N,405号室,3K,47,5,53100,3100,2か月,[],随時,https://www.ur-net.go.jp/chintai/kanto/chiba/30_1810_room.html?JKSS=016015405,<li>京成千葉線「みどり台」駅 徒歩11～20分</li><li>JR京葉線「稲毛海岸」駅 徒歩19～23分</li><li>JR総武線「稲毛」駅 徒歩22～26分</li><li>京成千葉線「京成稲毛」駅 徒歩21～28分</li><li>JR総武線「西千葉」駅 徒歩14～26分</li><li>京成千葉線「西登戸」駅 徒歩10～24分</li>
chiba,inageekimae,千葉幸町,60600,京成千葉線「みどり台」駅,11.0,20.0,,,,千葉市美浜区幸町2,11-23号棟,鉄筋コンクリート造,1,N,102号室,3K,48,5,57500,3100,2か月,['近居割WIDE'],随時,https://www.ur-net.go.jp/chintai/kanto/chiba/30_1810_room.html?JKSS=011023102,<li>京成千葉線「みどり台」駅 徒歩11～20分</li><li>JR京葉線「稲毛海岸」駅 徒歩19～23分</li><li>JR総武線「稲毛」駅 徒歩22～26分</li><li>京成千葉線「京成稲毛」駅 徒歩21～28分</li><li>JR総武線「西千葉」駅 徒歩14～26分</li><li>京成千葉線「西登戸」駅 徒歩10～24分</li>
chiba,inageekimae,千葉幸町,60600,JR京葉線「稲毛海岸」駅,19.0,23.0,,,,千葉市美浜区幸町2,11-23号棟,鉄筋コンクリート造,1,N,102号室,3K,48,5,57500,3100,2か月,['近居割WIDE'],随時,https://www.ur-net.go.jp/chintai/kanto/chiba/30_1810_room.html?JKSS=011023102,<li>京成千葉線「みどり台」駅 徒歩11～20分</li><li>JR京葉線「稲毛海岸」駅 徒歩19～23分</li><li>JR総武線「稲毛」駅 徒歩22～26分</li><li>京成千葉線「京成稲毛」駅 徒歩21～28分</li><li>JR総武線「西千葉」駅 徒歩14～26分</li><li>京成千葉線「西登戸」駅 徒歩10～24分</li>
chiba,inageekimae,千葉幸町,60600,JR総武線「稲毛」駅,22.0,26.0,,,,千葉市美浜区幸町2,11-23号棟,鉄筋コンクリート造,1,N,102号室,3K,48,5,57500,3100,2か月,['近居割WIDE'],随時,https://www.ur-net.go.jp/chintai/kanto/chiba/30_1810_room.html?JKSS=011023102,<li>京成千葉線「みどり台」駅 徒歩11～20分</li><li>JR京葉線「稲毛海岸」駅 徒歩19～23分</li><li>JR総武線「稲毛」駅 徒歩22～26分</li><li>京成千葉線「京成稲毛」駅 徒歩21～28分</li><li>JR総武線「西千葉」駅 徒歩14～26分</li><li>京成千葉線「西登戸」駅 徒歩10～24分</li>
chiba,inageekimae,千葉幸町,60600,京成千葉線「京成稲毛」駅,21.0,28.0,,,,千葉市美浜区幸町2,11-23号棟,鉄筋コンクリート造,1,N,102号室,3K,48,5,57500,3100,2か月,['近居割WIDE'],随時,https://www.ur-net.go.jp/chintai/kanto/chiba/30_1810_room.html?JKSS=011023102,<li>京成千葉線「みどり台」駅 徒歩11～20分</li><li>JR京葉線「稲毛海岸」駅 徒歩19～23分</li><li>JR総武線「稲毛」駅 徒歩22～26分</li><li>京成千葉線「京成稲毛」駅 徒歩21～28分</li><li>JR総武線「西千葉」駅 徒歩14～26分</li><li>京成千葉線「西登戸」駅 徒歩10～24分</li>
chiba,inageekimae,千葉幸町,60600,JR総武線「西千葉」駅,14.0,26.0,,,,千葉市美浜区幸町2,11-23号棟,鉄筋コンクリート造,1,N,102号室,3K,48,5,57500,3100,2か月,['近居割WIDE'],随時,https://www.ur-net.go.jp/chintai/kanto/chiba/30_1810_room.html?JKSS=011023102,<li>京成千葉線「みどり台」駅 徒歩11～20分</li><li>JR京葉線「稲毛海岸」駅 徒歩19～23分</li><li>JR総武線「稲毛」駅 徒歩22～26分</li><li>京成千葉線「京成稲毛」駅 徒歩21～28分</li><li>JR総武線「西千葉」駅 徒歩14～26分</li><li>京成千葉線「西登戸」駅 徒歩10～24分</li>
chiba,inageekimae,千葉幸町,60600,京成千葉線「西登戸」駅,10.0,24.0,,,,千葉市美浜区幸町2,11-23号棟,鉄筋コンクリート造,1,N,102号室,3K,48,5,57500,3100,2か月,['近居割WIDE'],随時,https://www.ur-net.go.jp/chintai/kanto/chiba/30_1810_room.html?JKSS=011023102,<li>京成千葉線「みどり台」駅 徒歩11～20分</li><li>JR京葉線「稲毛海岸」駅 徒歩19～23分</li><li>JR総武線「稲毛」駅 徒歩22～26分</li><li>京成千葉線「京成稲毛」駅 徒歩21～28分</li><li>JR総武線「西千葉」駅 徒歩14～26分</li><li>京成千葉線「西登戸」駅 徒歩10～24分</li>
chiba,inageekimae,千葉幸町,60600,,,,,,,千葉市美浜区幸町2,11-23号棟,鉄筋コンクリート造,1,N,102号室,3K,48,5,57500,3100,2か月,['近居割WIDE'],随時,https://www.ur-net.go.jp/chintai/kanto/chiba/30_1810_room.html?JKSS=011023102,<li>京成千葉線「みどり台」駅 徒歩11～20分</li><li>JR京葉線「稲毛海岸」駅 徒歩19～23分</li><li>JR総武線「稲毛」駅 徒歩22～26分</li><li>京成千葉線「京成稲毛」駅 徒歩21～28分</li><li>JR総武線「西千葉」駅 徒歩14～26分</li><li>京成千葉線「西登戸」駅 徒歩10～24分</li>
chiba,inagekaigan,高洲第一,61000,JR京葉線「稲毛海岸」駅,6.0,20.0,,,,千葉市美浜区高洲2ほか,2-4-7号棟,鉄筋コンクリート造、鉄骨鉄筋コンクリート造,3,N,304号室,2DK,45,5,58100,2900,2か月,"['近居割', '近居割WIDE']",随時,https://www.ur-net.go.jp/chintai/kanto/chiba/30_2390_room.html?JKSS=204070304,<li>JR京葉線「稲毛海岸」駅 徒歩6～20分</li><li>JR総武線「稲毛」駅バス5分 徒歩7分</li><li>京成千葉線「みどり台」駅 徒歩22～33分</li><li>京成千葉線「京成稲毛」駅 徒歩20～28分</li>
chiba,inagekaigan,高洲第一,61000,,,,JR総武線「稲毛」駅,12.0,12.0,千葉市美浜区高洲2ほか,2-4-7号棟,鉄筋コンクリート造、鉄骨鉄筋コンクリート造,3,N,304号室,2DK,45,5,58100,2900,2か月,"['近居割', '近居割WIDE']",随時,https://www.ur-net.go.jp/chintai/kanto/chiba/30_2390_room.html?JKSS=204070304,<li>JR京葉線「稲毛海岸」駅 徒歩6～20分</li><li>JR総武線「稲毛」駅バス5分 徒歩7分</li><li>京成千葉線「みどり台」駅 徒歩22～33分</li><li>京成千葉線「京成稲毛」駅 徒歩20～28分</li>
chiba,inagekaigan,高洲第一,61000,京成千葉線「みどり台」駅,22.0,33.0,,,,千葉市美浜区高洲2ほか,2-4-7号棟,鉄筋コンクリート造、鉄骨鉄筋コンクリート造,3,N,304号室,2DK,45,5,58100,2900,2か月,"['近居割', '近居割WIDE']",随時,https://www.ur-net.go.jp/chintai/kanto/chiba/30_2390_room.html?JKSS=204070304,<li>JR京葉線「稲毛海岸」駅 徒歩6～20分</li><li>JR総武線「稲毛」駅バス5分 徒歩7分</li><li>京成千葉線「みどり台」駅 徒歩22～33分</li><li>京成千葉線「京成稲毛」駅 徒歩20～28分</li>
chiba,inagekaigan,高洲第一,61000,京成千葉線「京成稲毛」駅,20.0,28.0,,,,千葉市美浜区高洲2ほか,2-4-7号棟,鉄筋コンクリート造、鉄骨鉄筋コンクリート造,3,N,304号室,2DK,45,5,58100,2900,2か月,"['近居割', '近居割WIDE']",随時,https://www.ur-net.go.jp/chintai/kanto/chiba/30_2390_room.html?JKSS=204070304,<li>JR京葉線「稲毛海岸」駅 徒歩6～20分</li><li>JR総武線「稲毛」駅バス5分 徒歩7分</li><li>京成千葉線「みどり台」駅 徒歩22～33分</li><li>京成千葉線「京成稲毛」駅 徒歩20～28分</li>
chiba,inagekaigan,高洲第一,61000,,,,,,,千葉市美浜区高洲2ほか,2-4-7号棟,鉄筋コンクリート造、鉄骨鉄筋コンクリート造,3,N,304号室,2DK,45,5,58100,2900,2か月,"['近居割', '近居割WIDE']",随時,https://www.ur-net.go.jp/chintai/kanto/chiba/30_2390_room.html?JKSS=204070304,<li>JR京葉線「稲毛海岸」駅 徒歩6～20分</li><li>JR総武線「稲毛」駅バス5分 徒歩7分</li><li>京成千葉線「みどり台」駅 徒歩22～33分</li><li>京成千葉線「京成稲毛」駅 徒歩20～28分</li>
chiba,inagekaigan,高洲第一,66100,JR京葉線「稲毛海岸」駅,6.0,20.0,,,,千葉市美浜区高洲2ほか,2-1-2号棟,鉄筋コンクリート造、鉄骨鉄筋コンクリート造,4,N,406号室,3K,50,5,63200,2900,2か月,"['近居割', '近居割WIDE']",随時,https://www.ur-net.go.jp/chintai/kanto/chiba/30_2390_room.html?JKSS=201020406,<li>JR京葉線「稲毛海岸」駅 徒歩6～20分</li><li>JR総武線「稲毛」駅バス5分 徒歩7分</li><li>京成千葉線「みどり台」駅 徒歩22～33分</li><li>京成千葉線「京成稲毛」駅 徒歩20～28分</li>
chiba,inagekaigan,高洲第一,66100,,,,JR総武線「稲毛」駅,12.0,12.0,千葉市美浜区高洲2ほか,2-1-2号棟,鉄筋コンクリート造、鉄骨鉄筋コンクリート造,4,N,406号室,3K,50,5,63200,2900,2か月,"['近居割', '近居割WIDE']",随時,https://www.ur-net.go.jp/chintai/kanto/chiba/30_2390_room.html?JKSS=201020406,<li>JR京葉線「稲毛海岸」駅 徒歩6～20分</li><li>JR総武線「稲毛」駅バス5分 徒歩7分</li><li>京成千葉線「みどり台」駅 徒歩22～33分</li><li>京成千葉線「京成稲毛」駅 徒歩20～28分</li>
chiba,inagekaigan,高洲第一,66100,京成千葉線「みどり台」駅,22.0,33.0,,,,千葉市美浜区高洲2ほか,2-1-2号棟,鉄筋コンクリート造、鉄骨鉄筋コンクリート造,4,N,406号室,3K,50,5,63200,2900,2か月,"['近居割', '近居割WIDE']",随時,https://www.ur-net.go.jp/chintai/kanto/chiba/30_2390_room.html?JKSS=201020406,<li>JR京葉線「稲毛海岸」駅 徒歩6～20分</li><li>JR総武線「稲毛」駅バス5分 徒歩7分</li><li>京成千葉線「みどり台」駅 徒歩22～33分</li><li>京成千葉線「京成稲毛」駅 徒歩20～28分</li>
chiba,inagekaigan,高洲第一,66100,京成千葉線「京成稲毛」駅,20.0,28.0,,,,千葉市美浜区高洲2ほか,2-1-2号棟,鉄筋コンクリート造、鉄骨鉄筋コンクリート造,4,N,406号室,3K,50,5,63200,2900,2か月,"['近居割', '近居割WIDE']",随時,https://www.ur-net.go.jp/chintai/kanto/chiba/30_2390_room.html?JKSS=201020406,<li>JR京葉線「稲毛海岸」駅 徒歩6～20分</li><li>JR総武線「稲毛」駅バス5分 徒歩7分</li><li>京成千葉線「みどり台」駅 徒歩22～33分</li><li>京成千葉線「京成稲毛」駅 徒歩20～28分</li>
chiba,inagekaigan,高洲第一,66100,,,,,,,千葉市美浜区高洲2ほか,2-1-2号棟,鉄筋コンクリート造、鉄骨鉄筋コンクリート造,4,N,406号室,3K,50,5,63200,2900,2か月,"['近居割', '近居割WIDE']",随時,https://www.ur-net.go.jp/chintai/kanto/chiba/30_2390_room.html?JKSS=201020406,<li>JR京葉線「稲毛海岸」駅 徒歩6～20分</li><li>JR総武線「稲毛」駅バス5分 徒歩7分</li><li>京成千葉線「みどり台」駅 徒歩22～33分</li><li>京成千葉線「京成稲毛」駅 徒歩20～28分</li>
chiba,inagekaigan,高洲第一,66500,JR京葉線「稲毛海岸」駅,6.0,20.0,,,,千葉市美浜区高洲2ほか,2-8-7号棟,鉄筋コンクリート造、鉄骨鉄筋コンクリート造,4,N,403号室,3K,50,5,63600,2900,2か月,"['近居割', '近居割WIDE']",随時,https://www.ur-net.go.jp/chintai/kanto/chiba/30_2390_room.html?JKSS=208070403,<li>JR京葉線「稲毛海岸」駅 徒歩6～20分</li><li>JR総武線「稲毛」駅バス5分 徒歩7分</li><li>京成千葉線「みどり台」駅 徒歩22～33分</li><li>京成千葉線「京成稲毛」駅 徒歩20～28分</li>
chiba,inagekaigan,高洲第一,66500,,,,JR総武線「稲毛」駅,12.0,12.0,千葉市美浜区高洲2ほか,2-8-7号棟,鉄筋コンクリート造、鉄骨鉄筋コンクリート造,4,N,403号室,3K,50,5,63600,2900,2か月,"['近居割', '近居割WIDE']",随時,https://www.ur-net.go.jp/chintai/kanto/chiba/30_2390_room.html?JKSS=208070403,<li>JR京葉線「稲毛海岸」駅 徒歩6～20分</li><li>JR総武線「稲毛」駅バス5分 徒歩7分</li><li>京成千葉線「みどり台」駅 徒歩22～33分</li><li>京成千葉線「京成稲毛」駅 徒歩20～28分</li>
chiba,inagekaigan,高洲第一,66500,京成千葉線「みどり台」駅,22.0,33.0,,,,千葉市美浜区高洲2ほか,2-8-7号棟,鉄筋コンクリート造、鉄骨鉄筋コンクリート造,4,N,403号室,3K,50,5,63600,2900,2か月,"['近居割', '近居割WIDE']",随時,https://www.ur-net.go.jp/chintai/kanto/chiba/30_2390_room.html?JKSS=208070403,<li>JR京葉線「稲毛海岸」駅 徒歩6～20分</li><li>JR総武線「稲毛」駅バス5分 徒歩7分</li><li>京成千葉線「みどり台」駅 徒歩22～33分</li><li>京成千葉線「京成稲毛」駅 徒歩20～28分</li>
chiba,inagekaigan,高洲第一,66500,京成千葉線「京成稲毛」駅,20.0,28.0,,,,千葉市美浜区高洲2ほか,2-8-7号棟,鉄筋コンクリート造、鉄骨鉄筋コンクリート造,4,N,403号室,3K,50,5,63600,2900,2か月,"['近居割', '近居割WIDE']",随時,https://www.ur-net.go.jp/chintai/kanto/chiba/30_2390_room.html?JKSS=208070403,<li>JR京葉線「稲毛海岸」駅 徒歩6～20分</li><li>JR総武線「稲毛」駅バス5分 徒歩7分</li><li>京成千葉線「みどり台」駅 徒歩22～33分</li><li>京成千葉線「京成稲毛」駅 徒歩20～28分</li>
chiba,inagekaigan,高洲第一,66500,,,,,,,千葉市美浜区高洲2ほか,2-8-7号棟,鉄筋コンクリート造、鉄骨鉄筋コンクリート造,4,N,403号室,3K,50,5,63600,2900,2か月,"['近居割', '近居割WIDE']",随時,https://www.ur-net.go.jp/chintai/kanto/chiba/30_2390_room.html?JKSS=208070403,<li>JR京葉線「稲毛海岸」駅 徒歩6～20分</li><li>JR総武線「稲毛」駅バス5分 徒歩7分</li><li>京成千葉線「みどり台」駅 徒歩22～33分</li><li>京成千葉線「京成稲毛」駅 徒歩20～28分</li>
chiba,inagekaigan,高洲第一,72600,JR京葉線「稲毛海岸」駅,6.0,20.0,,,,千葉市美浜区高洲2ほか,2-3-2号棟,鉄筋コンクリート造、鉄骨鉄筋コンクリート造,2,N,205号室,3DK,56,5,69700,2900,2か月,"['近居割', '近居割WIDE']",随時,https://www.ur-net.go.jp/chintai/kanto/chiba/30_2390_room.html?JKSS=203020205,<li>JR京葉線「稲毛海岸」駅 徒歩6～20分</li><li>JR総武線「稲毛」駅バス5分 徒歩7分</li><li>京成千葉線「みどり台」駅 徒歩22～33分</li><li>京成千葉線「京成稲毛」駅 徒歩20～28分</li>
chiba,inagekaigan,高洲第一,72600,,,,JR総武線「稲毛」駅,12.0,12.0,千葉市美浜区高洲2ほか,2-3-2号棟,鉄筋コンクリート造、鉄骨鉄筋コンクリート造,2,N,205号室,3DK,56,5,69700,2900,2か月,"['近居割', '近居割WIDE']",随時,https://www.ur-net.go.jp/chintai/kanto/chiba/30_2390_room.html?JKSS=203020205,<li>JR京葉線「稲毛海岸」駅 徒歩6～20分</li><li>JR総武線「稲毛」駅バス5分 徒歩7分</li><li>京成千葉線「みどり台」駅 徒歩22～33分</li><li>京成千葉線「京成稲毛」駅 徒歩20～28分</li>
chiba,inagekaigan,高洲第一,72600,京成千葉線「みどり台」駅,22.0,33.0,,,,千葉市美浜区高洲2ほか,2-3-2号棟,鉄筋コンクリート造、鉄骨鉄筋コンクリート造,2,N,205号室,3DK,56,5,69700,2900,2か月,"['近居割', '近居割WIDE']",随時,https://www.ur-net.go.jp/chintai/kanto/chiba/30_2390_room.html?JKSS=203020205,<li>JR京葉線「稲毛海岸」駅 徒歩6～20分</li><li>JR総武線「稲毛」駅バス5分 徒歩7分</li><li>京成千葉線「みどり台」駅 徒歩22～33分</li><li>京成千葉線「京成稲毛」駅 徒歩20～28分</li>
chiba,inagekaigan,高洲第一,72600,京成千葉線「京成稲毛」駅,20.0,28.0,,,,千葉市美浜区高洲2ほか,2-3-2号棟,鉄筋コンクリート造、鉄骨鉄筋コンクリート造,2,N,205号室,3DK,56,5,69700,2900,2か月,"['近居割', '近居割WIDE']",随時,https://www.ur-net.go.jp/chintai/kanto/chiba/30_2390_room.html?JKSS=203020205,<li>JR京葉線「稲毛海岸」駅 徒歩6～20分</li><li>JR総武線「稲毛」駅バス5分 徒歩7分</li><li>京成千葉線「みどり台」駅 徒歩22～33分</li><li>京成千葉線「京成稲毛」駅 徒歩20～28分</li>
chiba,inagekaigan,高洲第一,72600,,,,,,,千葉市美浜区高洲2ほか,2-3-2号棟,鉄筋コンクリート造、鉄骨鉄筋コンクリート造,2,N,205号室,3DK,56,5,69700,2900,2か月,"['近居割', '近居割WIDE']",随時,https://www.ur-net.go.jp/chintai/kanto/chiba/30_2390_room.html?JKSS=203020205,<li>JR京葉線「稲毛海岸」駅 徒歩6～20分</li><li>JR総武線「稲毛」駅バス5分 徒歩7分</li><li>京成千葉線「みどり台」駅 徒歩22～33分</li><li>京成千葉線「京成稲毛」駅 徒歩20～28分</li>
chiba,inagekaigan,高洲第一,79800,JR京葉線「稲毛海岸」駅,6.0,20.0,,,,千葉市美浜区高洲2ほか,3-2-6号棟,鉄筋コンクリート造、鉄骨鉄筋コンクリート造,5,N,503号室,2LDK,56,5,76900,2900,2か月,"['近居割', '近居割WIDE']",随時,https://www.ur-net.go.jp/chintai/kanto/chiba/30_2390_room.html?JKSS=302060503,<li>JR京葉線「稲毛海岸」駅 徒歩6～20分</li><li>JR総武線「稲毛」駅バス5分 徒歩7分</li><li>京成千葉線「みどり台」駅 徒歩22～33分</li><li>京成千葉線「京成稲毛」駅 徒歩20～28分</li>
chiba,inagekaigan,高洲第一,79800,,,,JR総武線「稲毛」駅,12.0,12.0,千葉市美浜区高洲2ほか,3-2-6号棟,鉄筋コンクリート造、鉄骨鉄筋コンクリート造,5,N,503号室,2LDK,56,5,76900,2900,2か月,"['近居割', '近居割WIDE']",随時,https://www.ur-net.go.jp/chintai/kanto/chiba/30_2390_room.html?JKSS=302060503,<li>JR京葉線「稲毛海岸」駅 徒歩6～20分</li><li>JR総武線「稲毛」駅バス5分 徒歩7分</li><li>京成千葉線「みどり台」駅 徒歩22～33分</li><li>京成千葉線「京成稲毛」駅 徒歩20～28分</li>
chiba,inagekaigan,高洲第一,79800,京成千葉線「みどり台」駅,22.0,33.0,,,,千葉市美浜区高洲2ほか,3-2-6号棟,鉄筋コンクリート造、鉄骨鉄筋コンクリート造,5,N,503号室,2LDK,56,5,76900,2900,2か月,"['近居割', '近居割WIDE']",随時,https://www.ur-net.go.jp/chintai/kanto/chiba/30_2390_room.html?JKSS=302060503,<li>JR京葉線「稲毛海岸」駅 徒歩6～20分</li><li>JR総武線「稲毛」駅バス5分 徒歩7分</li><li>京成千葉線「みどり台」駅 徒歩22～33分</li><li>京成千葉線「京成稲毛」駅 徒歩20～28分</li>
chiba,inagekaigan,高洲第一,79800,京成千葉線「京成稲毛」駅,20.0,28.0,,,,千葉市美浜区高洲2ほか,3-2-6号棟,鉄筋コンクリート造、鉄骨鉄筋コンクリート造,5,N,503号室,2LDK,56,5,76900,2900,2か月,"['近居割', '近居割WIDE']",随時,https://www.ur-net.go.jp/chintai/kanto/chiba/30_2390_room.html?JKSS=302060503,<li>JR京葉線「稲毛海岸」駅 徒歩6～20分</li><li>JR総武線「稲毛」駅バス5分 徒歩7分</li><li>京成千葉線「みどり台」駅 徒歩22～33分</li><li>京成千葉線「京成稲毛」駅 徒歩20～28分</li>
chiba,inagekaigan,高洲第一,79800,,,,,,,千葉市美浜区高洲2ほか,3-2-6号棟,鉄筋コンクリート造、鉄骨鉄筋コンクリート造,5,N,503号室,2LDK,56,5,76900,2900,2か月,"['近居割', '近居割WIDE']",随時,https://www.ur-net.go.jp/chintai/kanto/chiba/30_2390_room.html?JKSS=302060503,<li>JR京葉線「稲毛海岸」駅 徒歩6～20分</li><li>JR総武線「稲毛」駅バス5分 徒歩7分</li><li>京成千葉線「みどり台」駅 徒歩22～33分</li><li>京成千葉線「京成稲毛」駅 徒歩20～28分</li>
chiba,inagekaigan,真砂第二,70900,JR京葉線「検見川浜」駅,8.0,9.0,,,,千葉市美浜区真砂3-13,9号棟,鉄筋コンクリート造、鉄骨鉄筋コンクリート造,4,N,402号室,2DK,41,5,67100,3800,2か月,"['近居割', '近居割WIDE']",随時,https://www.ur-net.go.jp/chintai/kanto/chiba/30_2630_room.html?JKSS=000090402,<li>JR京葉線「検見川浜」駅 徒歩8～9分</li><li>JR総武線「新検見川」駅バス7分 徒歩7～11分</li><li>JR京葉線「稲毛海岸」駅 徒歩16～20分</li>
chiba,inagekaigan,真砂第二,70900,,,,JR総武線「新検見川」駅,14.0,18.0,千葉市美浜区真砂3-13,9号棟,鉄筋コンクリート造、鉄骨鉄筋コンクリート造,4,N,402号室,2DK,41,5,67100,3800,2か月,"['近居割', '近居割WIDE']",随時,https://www.ur-net.go.jp/chintai/kanto/chiba/30_2630_room.html?JKSS=000090402,<li>JR京葉線「検見川浜」駅 徒歩8～9分</li><li>JR総武線「新検見川」駅バス7分 徒歩7～11分</li><li>JR京葉線「稲毛海岸」駅 徒歩16～20分</li>
chiba,inagekaigan,真砂第二,70900,JR京葉線「稲毛海岸」駅,16.0,20.0,,,,千葉市美浜区真砂3-13,9号棟,鉄筋コンクリート造、鉄骨鉄筋コンクリート造,4,N,402号室,2DK,41,5,67100,3800,2か月,"['近居割', '近居割WIDE']",随時,https://www.ur-net.go.jp/chintai/kanto/chiba/30_2630_room.html?JKSS=000090402,<li>JR京葉線「検見川浜」駅 徒歩8～9分</li><li>JR総武線「新検見川」駅バス7分 徒歩7～11分</li><li>JR京葉線「稲毛海岸」駅 徒歩16～20分</li>
chiba,inagekaigan,真砂第二,70900,,,,,,,千葉市美浜区真砂3-13,9号棟,鉄筋コンクリート造、鉄骨鉄筋コンクリート造,4,N,402号室,2DK,41,5,67100,3800,2か月,"['近居割', '近居割WIDE']",随時,https://www.ur-net.go.jp/chintai/kanto/chiba/30_2630_room.html?JKSS=000090402,<li>JR京葉線「検見川浜」駅 徒歩8～9分</li><li>JR総武線「新検見川」駅バス7分 徒歩7～11分</li><li>JR京葉線「稲毛海岸」駅 徒歩16～20分</li>
chiba,inagekaigan,ウインズタウン稲毛海岸,143200,JR京葉線「稲毛海岸」駅,15.0,19.0,,,,千葉市美浜区高浜1-14ほか,8号棟,鉄筋コンクリート造,3,N,313号室,3LDK,80,13,138000,5200,2か月,"['近居割', '近居割WIDE']",随時,https://www.ur-net.go.jp/chintai/kanto/chiba/30_5890_room.html?JKSS=000080313,<li>JR京葉線「稲毛海岸」駅 徒歩15～19分</li><li>JR総武線「稲毛」駅バス7分 徒歩1～7分</li><li>京成千葉線「京成稲毛」駅 徒歩31～33分</li>
chiba,inagekaigan,ウインズタウン稲毛海岸,143200,,,,JR総武線「稲毛」駅,8.0,14.0,千葉市美浜区高浜1-14ほか,8号棟,鉄筋コンクリート造,3,N,313号室,3LDK,80,13,138000,5200,2か月,"['近居割', '近居割WIDE']",随時,https://www.ur-net.go.jp/chintai/kanto/chiba/30_5890_room.html?JKSS=000080313,<li>JR京葉線「稲毛海岸」駅 徒歩15～19分</li><li>JR総武線「稲毛」駅バス7分 徒歩1～7分</li><li>京成千葉線「京成稲毛」駅 徒歩31～33分</li>
chiba,inagekaigan,ウインズタウン稲毛海岸,143200,京成千葉線「京成稲毛」駅,31.0,33.0,,,,千葉市美浜区高浜1-14ほか,8号棟,鉄筋コンクリート造,3,N,313号室,3LDK,80,13,138000,5200,2か月,"['近居割', '近居割WIDE']",随時,https://www.ur-net.go.jp/chintai/kanto/chiba/30_5890_room.html?JKSS=000080313,<li>JR京葉線「稲毛海岸」駅 徒歩15～19分</li><li>JR総武線「稲毛」駅バス7分 徒歩1～7分</li><li>京成千葉線「京成稲毛」駅 徒歩31～33分</li>
chiba,inagekaigan,ウインズタウン稲毛海岸,143200,,,,,,,千葉市美浜区高浜1-14ほか,8号棟,鉄筋コンクリート造,3,N,313号室,3LDK,80,13,138000,5200,2か月,"['近居割', '近居割WIDE']",随時,https://www.ur-net.go.jp/chintai/kanto/chiba/30_5890_room.html?JKSS=000080313,<li>JR京葉線「稲毛海岸」駅 徒歩15～19分</li><li>JR総武線「稲毛」駅バス7分 徒歩1～7分</li><li>京成千葉線「京成稲毛」駅 徒歩31～33分</li>
chiba,makuhari,幕張ベイタウンパティオス１５番街,168780,JR京葉線「海浜幕張」駅,13.0,13.0,JR京葉線「海浜幕張」駅,7.0,7.0,千葉市美浜区打瀬2-10 パティオス15番街,,鉄筋コンクリート造,2,N,206号室,3LDK,77,6,161000,7780,2か月,"['近居割', '近居割WIDE']",随時,https://www.ur-net.go.jp/chintai/kanto/chiba/30_5850_room.html?JKSS=000000206,<li>JR京葉線「海浜幕張」駅 徒歩13分 又はバス6分 徒歩1分</li>
chiba,makuhari,幕張ベイタウンパティオス１５番街,168780,,,,,,,千葉市美浜区打瀬2-10 パティオス15番街,,鉄筋コンクリート造,2,N,206号室,3LDK,77,6,161000,7780,2か月,"['近居割', '近居割WIDE']",随時,https://www.ur-net.go.jp/chintai/kanto/chiba/30_5850_room.html?JKSS=000000206,<li>JR京葉線「海浜幕張」駅 徒歩13分 又はバス6分 徒歩1分</li>
chiba,makuhari,幕張ベイタウンパティオス１５番街,172980,JR京葉線「海浜幕張」駅,13.0,13.0,JR京葉線「海浜幕張」駅,7.0,7.0,千葉市美浜区打瀬2-10 パティオス15番街,,鉄筋コンクリート造,6,N,617号室,2LDK,91,6,165200,7780,2か月,"['近居割', '近居割WIDE']",随時,https://www.ur-net.go.jp/chintai/kanto/chiba/30_5850_room.html?JKSS=000000617,<li>JR京葉線「海浜幕張」駅 徒歩13分 又はバス6分 徒歩1分</li>
chiba,makuhari,幕張ベイタウンパティオス１５番街,172980,,,,,,,千葉市美浜区打瀬2-10 パティオス15番街,,鉄筋コンクリート造,6,N,617号室,2LDK,91,6,165200,7780,2か月,"['近居割', '近居割WIDE']",随時,https://www.ur-net.go.jp/chintai/kanto/chiba/30_5850_room.html?JKSS=000000617,<li>JR京葉線「海浜幕張」駅 徒歩13分 又はバス6分 徒歩1分</li>
chiba,makuhari,幕張ベイタウンパティオス２０番街,167800,JR京葉線「海浜幕張」駅,16.0,16.0,JR京葉線「海浜幕張」駅,6.0,6.0,千葉市美浜区打瀬3-4 パティオス20番街,,鉄筋コンクリート造,5,N,528号室,2LDK,68,7,162200,5600,2か月,"['近居割', '近居割WIDE']",随時,https://www.ur-net.go.jp/chintai/kanto/chiba/30_5900_room.html?JKSS=000000528,<li>JR京葉線「海浜幕張」駅 徒歩16分 又はバス5分 徒歩1分</li>
chiba,makuhari,幕張ベイタウンパティオス２０番街,167800,,,,,,,千葉市美浜区打瀬3-4 パティオス20番街,,鉄筋コンクリート造,5,N,528号室,2LDK,68,7,162200,5600,2か月,"['近居割', '近居割WIDE']",随時,https://www.ur-net.go.jp/chintai/kanto/chiba/30_5900_room.html?JKSS=000000528,<li>JR京葉線「海浜幕張」駅 徒歩16分 又はバス5分 徒歩1分</li>
chiba,makuhari,幕張ベイタウンミラリオ,171400,JR京葉線「海浜幕張」駅,18.0,21.0,,,,千葉市美浜区打瀬2-22 ミラリオ,4号棟,鉄筋コンクリート造,4,N,406号室,3LDK,84,14,163900,7500,2か月,"['近居割', '近居割WIDE']",随時,https://www.ur-net.go.jp/chintai/kanto/chiba/30_5600_room.html?JKSS=000040406,<li>JR京葉線「海浜幕張」駅 徒歩18～21分</li><li>JR京葉線「検見川浜」駅 徒歩22～24分</li><li>京成千葉線「検見川」駅 徒歩35～38分</li>
chiba,makuhari,幕張ベイタウンミラリオ,171400,JR京葉線「検見川浜」駅,22.0,24.0,,,,千葉市美浜区打瀬2-22 ミラリオ,4号棟,鉄筋コンクリート造,4,N,406号室,3LDK,84,14,163900,7500,2か月,"['近居割', '近居割WIDE']",随時,https://www.ur-net.go.jp/chintai/kanto/chiba/30_5600_room.html?JKSS=000040406,<li>JR京葉線「海浜幕張」駅 徒歩18～21分</li><li>JR京葉線「検見川浜」駅 徒歩22～24分</li><li>京成千葉線「検見川」駅 徒歩35～38分</li>
chiba,makuhari,幕張ベイタウンミラリオ,171400,京成千葉線「検見川」駅,35.0,38.0,,,,千葉市美浜区打瀬2-22 ミラリオ,4号棟,鉄筋コンクリート造,4,N,406号室,3LDK,84,14,163900,7500,2か月,"['近居割', '近居割WIDE']",随時,https://www.ur-net.go.jp/chintai/kanto/chiba/30_5600_room.html?JKSS=000040406,<li>JR京葉線「海浜幕張」駅 徒歩18～21分</li><li>JR京葉線「検見川浜」駅 徒歩22～24分</li><li>京成千葉線「検見川」駅 徒歩35～38分</li>
chiba,makuhari,幕張ベイタウンミラリオ,171400,,,,,,,千葉市美浜区打瀬2-22 ミラリオ,4号棟,鉄筋コンクリート造,4,N,406号室,3LDK,84,14,163900,7500,2か月,"['近居割', '近居割WIDE']",随時,https://www.ur-net.go.jp/chintai/kanto/chiba/30_5600_room.html?JKSS=000040406,<li>JR京葉線「海浜幕張」駅 徒歩18～21分</li><li>JR京葉線「検見川浜」駅 徒歩22～24分</li><li>京成千葉線「検見川」駅 徒歩35～38分</li>
chiba,makuhari,幕張ベイタウンミラリオ,181000,JR京葉線「海浜幕張」駅,18.0,21.0,,,,千葉市美浜区打瀬2-22 ミラリオ,5号棟,鉄筋コンクリート造,10,N,1001号室,3LDK,76,14,173500,7500,2か月,"['近居割', '近居割WIDE']",随時,https://www.ur-net.go.jp/chintai/kanto/chiba/30_5600_room.html?JKSS=000051001,<li>JR京葉線「海浜幕張」駅 徒歩18～21分</li><li>JR京葉線「検見川浜」駅 徒歩22～24分</li><li>京成千葉線「検見川」駅 徒歩35～38分</li>
chiba,makuhari,幕張ベイタウンミラリオ,181000,JR京葉線「検見川浜」駅,22.0,24.0,,,,千葉市美浜区打瀬2-22 ミラリオ,5号棟,鉄筋コンクリート造,10,N,1001号室,3LDK,76,14,173500,7500,2か月,"['近居割', '近居割WIDE']",随時,https://www.ur-net.go.jp/chintai/kanto/chiba/30_5600_room.html?JKSS=000051001,<li>JR京葉線「海浜幕張」駅 徒歩18～21分</li><li>JR京葉線「検見川浜」駅 徒歩22～24分</li><li>京成千葉線「検見川」駅 徒歩35～38分</li>
chiba,makuhari,幕張ベイタウンミラリオ,181000,京成千葉線「検見川」駅,35.0,38.0,,,,千葉市美浜区打瀬2-22 ミラリオ,5号棟,鉄筋コンクリート造,10,N,1001号室,3LDK,76,14,173500,7500,2か月,"['近居割', '近居割WIDE']",随時,https://www.ur-net.go.jp/chintai/kanto/chiba/30_5600_room.html?JKSS=000051001,<li>JR京葉線「海浜幕張」駅 徒歩18～21分</li><li>JR京葉線「検見川浜」駅 徒歩22～24分</li><li>京成千葉線「検見川」駅 徒歩35～38分</li>
chiba,makuhari,幕張ベイタウンミラリオ,181000,,,,,,,千葉市美浜区打瀬2-22 ミラリオ,5号棟,鉄筋コンクリート造,10,N,1001号室,3LDK,76,14,173500,7500,2か月,"['近居割', '近居割WIDE']",随時,https://www.ur-net.go.jp/chintai/kanto/chiba/30_5600_room.html?JKSS=000051001,<li>JR京葉線「海浜幕張」駅 徒歩18～21分</li><li>JR京葉線「検見川浜」駅 徒歩22～24分</li><li>京成千葉線「検見川」駅 徒歩35～38分</li>
chiba,shinurayasu,浦安マリナイースト２１潮音の街,176700,,,,JR京葉線「新浦安」駅,12.0,14.0,浦安市高洲6-1,9号棟,鉄筋コンクリート造,7,N,707号室,3LDK,75,11,169700,7000,2か月,"['近居割', '近居割WIDE']",随時,https://www.ur-net.go.jp/chintai/kanto/chiba/30_5130_room.html?JKSS=000090707,<li>JR京葉線「新浦安」駅バス7分 徒歩5～7分</li><li>JR京葉線「舞浜」駅 徒歩56～58分</li><li>東京メトロ東西線「浦安」駅バス20分 徒歩5～7分</li>
chiba,shinurayasu,浦安マリナイースト２１潮音の街,176700,JR京葉線「舞浜」駅,56.0,58.0,,,,浦安市高洲6-1,9号棟,鉄筋コンクリート造,7,N,707号室,3LDK,75,11,169700,7000,2か月,"['近居割', '近居割WIDE']",随時,https://www.ur-net.go.jp/chintai/kanto/chiba/30_5130_room.html?JKSS=000090707,<li>JR京葉線「新浦安」駅バス7分 徒歩5～7分</li><li>JR京葉線「舞浜」駅 徒歩56～58分</li><li>東京メトロ東西線「浦安」駅バス20分 徒歩5～7分</li>
chiba,shinurayasu,浦安マリナイースト２１潮音の街,176700,,,,東京メトロ東西線「浦安」駅,25.0,27.0,浦安市高洲6-1,9号棟,鉄筋コンクリート造,7,N,707号室,3LDK,75,11,169700,7000,2か月,"['近居割', '近居割WIDE']",随時,https://www.ur-net.go.jp/chintai/kanto/chiba/30_5130_room.html?JKSS=000090707,<li>JR京葉線「新浦安」駅バス7分 徒歩5～7分</li><li>JR京葉線「舞浜」駅 徒歩56～58分</li><li>東京メトロ東西線「浦安」駅バス20分 徒歩5～7分</li>
chiba,shinurayasu,浦安マリナイースト２１潮音の街,176700,,,,,,,浦安市高洲6-1,9号棟,鉄筋コンクリート造,7,N,707号室,3LDK,75,11,169700,7000,2か月,"['近居割', '近居割WIDE']",随時,https://www.ur-net.go.jp/chintai/kanto/chiba/30_5130_room.html?JKSS=000090707,<li>JR京葉線「新浦安」駅バス7分 徒歩5～7分</li><li>JR京葉線「舞浜」駅 徒歩56～58分</li><li>東京メトロ東西線「浦安」駅バス20分 徒歩5～7分</li>
chiba,shinurayasu,浦安マリナイースト２１海園の街,204100,JR京葉線「新浦安」駅,25.0,29.0,JR京葉線「新浦安」駅,12.0,14.0,浦安市明海3-2海園の街,9号棟,鉄筋コンクリート造,4,N,402号室,3LDK,86,9,196100,8000,2か月,"['近居割', '近居割WIDE']",随時,https://www.ur-net.go.jp/chintai/kanto/chiba/30_5830_room.html?JKSS=000090402,<li>JR京葉線「新浦安」駅 徒歩25～29分 又はバス10分 徒歩2～4分</li><li>JR京葉線「舞浜」駅 徒歩54～59分</li><li>東京メトロ東西線「浦安」駅 徒歩54～59分</li>
chiba,shinurayasu,浦安マリナイースト２１海園の街,204100,JR京葉線「舞浜」駅,54.0,59.0,,,,浦安市明海3-2海園の街,9号棟,鉄筋コンクリート造,4,N,402号室,3LDK,86,9,196100,8000,2か月,"['近居割', '近居割WIDE']",随時,https://www.ur-net.go.jp/chintai/kanto/chiba/30_5830_room.html?JKSS=000090402,<li>JR京葉線「新浦安」駅 徒歩25～29分 又はバス10分 徒歩2～4分</li><li>JR京葉線「舞浜」駅 徒歩54～59分</li><li>東京メトロ東西線「浦安」駅 徒歩54～59分</li>
chiba,shinurayasu,浦安マリナイースト２１海園の街,204100,東京メトロ東西線「浦安」駅,54.0,59.0,,,,浦安市明海3-2海園の街,9号棟,鉄筋コンクリート造,4,N,402号室,3LDK,86,9,196100,8000,2か月,"['近居割', '近居割WIDE']",随時,https://www.ur-net.go.jp/chintai/kanto/chiba/30_5830_room.html?JKSS=000090402,<li>JR京葉線「新浦安」駅 徒歩25～29分 又はバス10分 徒歩2～4分</li><li>JR京葉線「舞浜」駅 徒歩54～59分</li><li>東京メトロ東西線「浦安」駅 徒歩54～59分</li>
chiba,shinurayasu,浦安マリナイースト２１海園の街,204100,,,,,,,浦安市明海3-2海園の街,9号棟,鉄筋コンクリート造,4,N,402号室,3LDK,86,9,196100,8000,2か月,"['近居割', '近居割WIDE']",随時,https://www.ur-net.go.jp/chintai/kanto/chiba/30_5830_room.html?JKSS=000090402,<li>JR京葉線「新浦安」駅 徒歩25～29分 又はバス10分 徒歩2～4分</li><li>JR京葉線「舞浜」駅 徒歩54～59分</li><li>東京メトロ東西線「浦安」駅 徒歩54～59分</li>
chiba,shinurayasu,浦安マリナイースト２１海園の街,211400,JR京葉線「新浦安」駅,25.0,29.0,JR京葉線「新浦安」駅,12.0,14.0,浦安市明海3-2海園の街,4号棟,鉄筋コンクリート造,6,N,602号室,3LDK,87,8,203400,8000,2か月,"['近居割', '近居割WIDE']",随時,https://www.ur-net.go.jp/chintai/kanto/chiba/30_5830_room.html?JKSS=000040602,<li>JR京葉線「新浦安」駅 徒歩25～29分 又はバス10分 徒歩2～4分</li><li>JR京葉線「舞浜」駅 徒歩54～59分</li><li>東京メトロ東西線「浦安」駅 徒歩54～59分</li>
chiba,shinurayasu,浦安マリナイースト２１海園の街,211400,JR京葉線「舞浜」駅,54.0,59.0,,,,浦安市明海3-2海園の街,4号棟,鉄筋コンクリート造,6,N,602号室,3LDK,87,8,203400,8000,2か月,"['近居割', '近居割WIDE']",随時,https://www.ur-net.go.jp/chintai/kanto/chiba/30_5830_room.html?JKSS=000040602,<li>JR京葉線「新浦安」駅 徒歩25～29分 又はバス10分 徒歩2～4分</li><li>JR京葉線「舞浜」駅 徒歩54～59分</li><li>東京メトロ東西線「浦安」駅 徒歩54～59分</li>
chiba,shinurayasu,浦安マリナイースト２１海園の街,211400,東京メトロ東西線「浦安」駅,54.0,59.0,,,,浦安市明海3-2海園の街,4号棟,鉄筋コンクリート造,6,N,602号室,3LDK,87,8,203400,8000,2か月,"['近居割', '近居割WIDE']",随時,https://www.ur-net.go.jp/chintai/kanto/chiba/30_5830_room.html?JKSS=000040602,<li>JR京葉線「新浦安」駅 徒歩25～29分 又はバス10分 徒歩2～4分</li><li>JR京葉線「舞浜」駅 徒歩54～59分</li><li>東京メトロ東西線「浦安」駅 徒歩54～59分</li>
chiba,shinurayasu,浦安マリナイースト２１海園の街,211400,,,,,,,浦安市明海3-2海園の街,4号棟,鉄筋コンクリート造,6,N,602号室,3LDK,87,8,203400,8000,2か月,"['近居割', '近居割WIDE']",随時,https://www.ur-net.go.jp/chintai/kanto/chiba/30_5830_room.html?JKSS=000040602,<li>JR京葉線「新浦安」駅 徒歩25～29分 又はバス10分 徒歩2～4分</li><li>JR京葉線「舞浜」駅 徒歩54～59分</li><li>東京メトロ東西線「浦安」駅 徒歩54～59分</li>
chiba,kitanarashino,高根台（１７３～２８２号棟）,45600,京成松戸線「高根公団」駅,14.0,20.0,,,,船橋市高根台3-2ほか,278号棟,鉄筋コンクリート造,4,N,405号室,2DK,39,4,42000,3600,2か月,"['近居割', '近居割WIDE']",随時,https://www.ur-net.go.jp/chintai/kanto/chiba/30_0830_room.html?JKSS=000278405,<li>京成松戸線「高根公団」駅 徒歩14～20分</li><li>京成松戸線「高根木戸」駅 徒歩13～19分</li><li>京成松戸線「北習志野」駅 徒歩12～20分</li><li>東葉高速線「北習志野」駅 徒歩12～20分</li><li>京成松戸線「滝不動」駅 徒歩21～25分</li>
chiba,kitanarashino,高根台（１７３～２８２号棟）,45600,京成松戸線「高根木戸」駅,13.0,19.0,,,,船橋市高根台3-2ほか,278号棟,鉄筋コンクリート造,4,N,405号室,2DK,39,4,42000,3600,2か月,"['近居割', '近居割WIDE']",随時,https://www.ur-net.go.jp/chintai/kanto/chiba/30_0830_room.html?JKSS=000278405,<li>京成松戸線「高根公団」駅 徒歩14～20分</li><li>京成松戸線「高根木戸」駅 徒歩13～19分</li><li>京成松戸線「北習志野」駅 徒歩12～20分</li><li>東葉高速線「北習志野」駅 徒歩12～20分</li><li>京成松戸線「滝不動」駅 徒歩21～25分</li>
chiba,kitanarashino,高根台（１７３～２８２号棟）,45600,京成松戸線「北習志野」駅,12.0,20.0,,,,船橋市高根台3-2ほか,278号棟,鉄筋コンクリート造,4,N,405号室,2DK,39,4,42000,3600,2か月,"['近居割', '近居割WIDE']",随時,https://www.ur-net.go.jp/chintai/kanto/chiba/30_0830_room.html?JKSS=000278405,<li>京成松戸線「高根公団」駅 徒歩14～20分</li><li>京成松戸線「高根木戸」駅 徒歩13～19分</li><li>京成松戸線「北習志野」駅 徒歩12～20分</li><li>東葉高速線「北習志野」駅 徒歩12～20分</li><li>京成松戸線「滝不動」駅 徒歩21～25分</li>
chiba,kitanarashino,高根台（１７３～２８２号棟）,45600,東葉高速線「北習志野」駅,12.0,20.0,,,,船橋市高根台3-2ほか,278号棟,鉄筋コンクリート造,4,N,405号室,2DK,39,4,42000,3600,2か月,"['近居割', '近居割WIDE']",随時,https://www.ur-net.go.jp/chintai/kanto/chiba/30_0830_room.html?JKSS=000278405,<li>京成松戸線「高根公団」駅 徒歩14～20分</li><li>京成松戸線「高根木戸」駅 徒歩13～19分</li><li>京成松戸線「北習志野」駅 徒歩12～20分</li><li>東葉高速線「北習志野」駅 徒歩12～20分</li><li>京成松戸線「滝不動」駅 徒歩21～25分</li>
chiba,kitanarashino,高根台（１７３～２８２号棟）,45600,京成松戸線「滝不動」駅,21.0,25.0,,,,船橋市高根台3-2ほか,278号棟,鉄筋コンクリート造,4,N,405号室,2DK,39,4,42000,3600,2か月,"['近居割', '近居割WIDE']",随時,https://www.ur-net.go.jp/chintai/kanto/chiba/30_0830_room.html?JKSS=000278405,<li>京成松戸線「高根公団」駅 徒歩14～20分</li><li>京成松戸線「高根木戸」駅 徒歩13～19分</li><li>京成松戸線「北習志野」駅 徒歩12～20分</li><li>東葉高速線「北習志野」駅 徒歩12～20分</li><li>京成松戸線「滝不動」駅 徒歩21～25分</li>
chiba,kitanarashino,高根台（１７３～２８２号棟）,45600,,,,,,,船橋市高根台3-2ほか,278号棟,鉄筋コンクリート造,4,N,405号室,2DK,39,4,42000,3600,2か月,"['近居割', '近居割WIDE']",随時,https://www.ur-net.go.jp/chintai/kanto/chiba/30_0830_room.html?JKSS=000278405,<li>京成松戸線「高根公団」駅 徒歩14～20分</li><li>京成松戸線「高根木戸」駅 徒歩13～19分</li><li>京成松戸線「北習志野」駅 徒歩12～20分</li><li>東葉高速線「北習志野」駅 徒歩12～20分</li><li>京成松戸線「滝不動」駅 徒歩21～25分</li>
chiba,kitanarashino,金杉台,56000,,,,JR総武線「船橋」駅,22.0,27.0,船橋市金杉台1ほか,1-3-7号棟,鉄筋コンクリート造,1,N,103号室,3DK,50,5,53400,2600,2か月,"['近居割', '近居割WIDE']",随時,https://www.ur-net.go.jp/chintai/kanto/chiba/30_2110_room.html?JKSS=103007103,<li>JR総武線「船橋」駅バス20分 徒歩2～7分</li><li>京成松戸線「高根公団」駅 徒歩26～33分</li><li>京成松戸線「三咲」駅 徒歩29～32分</li><li>東武野田線「馬込沢」駅 徒歩38～42分</li>
chiba,kitanarashino,金杉台,56000,京成松戸線「高根公団」駅,26.0,33.0,,,,船橋市金杉台1ほか,1-3-7号棟,鉄筋コンクリート造,1,N,103号室,3DK,50,5,53400,2600,2か月,"['近居割', '近居割WIDE']",随時,https://www.ur-net.go.jp/chintai/kanto/chiba/30_2110_room.html?JKSS=103007103,<li>JR総武線「船橋」駅バス20分 徒歩2～7分</li><li>京成松戸線「高根公団」駅 徒歩26～33分</li><li>京成松戸線「三咲」駅 徒歩29～32分</li><li>東武野田線「馬込沢」駅 徒歩38～42分</li>
chiba,kitanarashino,金杉台,56000,京成松戸線「三咲」駅,29.0,32.0,,,,船橋市金杉台1ほか,1-3-7号棟,鉄筋コンクリート造,1,N,103号室,3DK,50,5,53400,2600,2か月,"['近居割', '近居割WIDE']",随時,https://www.ur-net.go.jp/chintai/kanto/chiba/30_2110_room.html?JKSS=103007103,<li>JR総武線「船橋」駅バス20分 徒歩2～7分</li><li>京成松戸線「高根公団」駅 徒歩26～33分</li><li>京成松戸線「三咲」駅 徒歩29～32分</li><li>東武野田線「馬込沢」駅 徒歩38～42分</li>
chiba,kitanarashino,金杉台,56000,東武野田線「馬込沢」駅,38.0,42.0,,,,船橋市金杉台1ほか,1-3-7号棟,鉄筋コンクリート造,1,N,103号室,3DK,50,5,53400,2600,2か月,"['近居割', '近居割WIDE']",随時,https://www.ur-net.go.jp/chintai/kanto/chiba/30_2110_room.html?JKSS=103007103,<li>JR総武線「船橋」駅バス20分 徒歩2～7分</li><li>京成松戸線「高根公団」駅 徒歩26～33分</li><li>京成松戸線「三咲」駅 徒歩29～32分</li><li>東武野田線「馬込沢」駅 徒歩38～42分</li>
chiba,kitanarashino,金杉台,56000,,,,,,,船橋市金杉台1ほか,1-3-7号棟,鉄筋コンクリート造,1,N,103号室,3DK,50,5,53400,2600,2か月,"['近居割', '近居割WIDE']",随時,https://www.ur-net.go.jp/chintai/kanto/chiba/30_2110_room.html?JKSS=103007103,<li>JR総武線「船橋」駅バス20分 徒歩2～7分</li><li>京成松戸線「高根公団」駅 徒歩26～33分</li><li>京成松戸線「三咲」駅 徒歩29～32分</li><li>東武野田線「馬込沢」駅 徒歩38～42分</li>
chiba,kitanarashino,習志野台,64150,京成松戸線「北習志野」駅,9.0,18.0,,,,船橋市習志野台3-5ほか,5-31号棟,鉄筋コンクリート造,5,N,502号室,2DK,48,5,61700,2450,2か月,"['近居割', '近居割WIDE']",随時,https://www.ur-net.go.jp/chintai/kanto/chiba/30_1510_room.html?JKSS=000531502,<li>京成松戸線「北習志野」駅 徒歩9～18分</li><li>東葉高速線「北習志野」駅 徒歩9～15分</li><li>東葉高速線「船橋日大前」駅 徒歩14～24分</li><li>京成松戸線「習志野」駅 徒歩15～26分</li>
chiba,kitanarashino,習志野台,64150,東葉高速線「北習志野」駅,9.0,15.0,,,,船橋市習志野台3-5ほか,5-31号棟,鉄筋コンクリート造,5,N,502号室,2DK,48,5,61700,2450,2か月,"['近居割', '近居割WIDE']",随時,https://www.ur-net.go.jp/chintai/kanto/chiba/30_1510_room.html?JKSS=000531502,<li>京成松戸線「北習志野」駅 徒歩9～18分</li><li>東葉高速線「北習志野」駅 徒歩9～15分</li><li>東葉高速線「船橋日大前」駅 徒歩14～24分</li><li>京成松戸線「習志野」駅 徒歩15～26分</li>
chiba,kitanarashino,習志野台,64150,東葉高速線「船橋日大前」駅,14.0,24.0,,,,船橋市習志野台3-5ほか,5-31号棟,鉄筋コンクリート造,5,N,502号室,2DK,48,5,61700,2450,2か月,"['近居割', '近居割WIDE']",随時,https://www.ur-net.go.jp/chintai/kanto/chiba/30_1510_room.html?JKSS=000531502,<li>京成松戸線「北習志野」駅 徒歩9～18分</li><li>東葉高速線「北習志野」駅 徒歩9～15分</li><li>東葉高速線「船橋日大前」駅 徒歩14～24分</li><li>京成松戸線「習志野」駅 徒歩15～26分</li>
chiba,kitanarashino,習志野台,64150,京成松戸線「習志野」駅,15.0,26.0,,,,船橋市習志野台3-5ほか,5-31号棟,鉄筋コンクリート造,5,N,502号室,2DK,48,5,61700,2450,2か月,"['近居割', '近居割WIDE']",随時,https://www.ur-net.go.jp/chintai/kanto/chiba/30_1510_room.html?JKSS=000531502,<li>京成松戸線「北習志野」駅 徒歩9～18分</li><li>東葉高速線「北習志野」駅 徒歩9～15分</li><li>東葉高速線「船橋日大前」駅 徒歩14～24分</li><li>京成松戸線「習志野」駅 徒歩15～26分</li>
chiba,kitanarashino,習志野台,64150,,,,,,,船橋市習志野台3-5ほか,5-31号棟,鉄筋コンクリート造,5,N,502号室,2DK,48,5,61700,2450,2か月,"['近居割', '近居割WIDE']",随時,https://www.ur-net.go.jp/chintai/kanto/chiba/30_1510_room.html?JKSS=000531502,<li>京成松戸線「北習志野」駅 徒歩9～18分</li><li>東葉高速線「北習志野」駅 徒歩9～15分</li><li>東葉高速線「船橋日大前」駅 徒歩14～24分</li><li>京成松戸線「習志野」駅 徒歩15～26分</li>
chiba,tsudanuma,行田,7200099850,,,,JR総武線「西船橋」駅,11.0,15.0,船橋市行田2-2ほか,1-1号棟,鉄筋コンクリート造、鉄骨鉄筋コンクリート造,1,N,108号室,2DK,59,8,7200097000,2850,2か月,['高齢者向け優良賃貸住宅'],随時,https://www.ur-net.go.jp/chintai/kanto/chiba/30_2680_room.html?JKSS=001010108,<li>JR総武線「西船橋」駅バス10分 徒歩1～5分</li><li>東武野田線「塚田」駅 徒歩17～23分</li><li>東武野田線「新船橋」駅 徒歩19～24分</li>
chiba,tsudanuma,行田,7200099850,東武野田線「塚田」駅,17.0,23.0,,,,船橋市行田2-2ほか,1-1号棟,鉄筋コンクリート造、鉄骨鉄筋コンクリート造,1,N,108号室,2DK,59,8,7200097000,2850,2か月,['高齢者向け優良賃貸住宅'],随時,https://www.ur-net.go.jp/chintai/kanto/chiba/30_2680_room.html?JKSS=001010108,<li>JR総武線「西船橋」駅バス10分 徒歩1～5分</li><li>東武野田線「塚田」駅 徒歩17～23分</li><li>東武野田線「新船橋」駅 徒歩19～24分</li>
chiba,tsudanuma,行田,7200099850,東武野田線「新船橋」駅,19.0,24.0,,,,船橋市行田2-2ほか,1-1号棟,鉄筋コンクリート造、鉄骨鉄筋コンクリート造,1,N,108号室,2DK,59,8,7200097000,2850,2か月,['高齢者向け優良賃貸住宅'],随時,https://www.ur-net.go.jp/chintai/kanto/chiba/30_2680_room.html?JKSS=001010108,<li>JR総武線「西船橋」駅バス10分 徒歩1～5分</li><li>東武野田線「塚田」駅 徒歩17～23分</li><li>東武野田線「新船橋」駅 徒歩19～24分</li>
chiba,tsudanuma,行田,7200099850,,,,,,,船橋市行田2-2ほか,1-1号棟,鉄筋コンクリート造、鉄骨鉄筋コンクリート造,1,N,108号室,2DK,59,8,7200097000,2850,2か月,['高齢者向け優良賃貸住宅'],随時,https://www.ur-net.go.jp/chintai/kanto/chiba/30_2680_room.html?JKSS=001010108,<li>JR総武線「西船橋」駅バス10分 徒歩1～5分</li><li>東武野田線「塚田」駅 徒歩17～23分</li><li>東武野田線「新船橋」駅 徒歩19～24分</li>
chiba,tsudanuma,アルビス前原,124200,京成松戸線「前原」駅,5.0,14.0,,,,船橋市前原西6-1,11号棟,鉄筋コンクリート造,8,N,805号室,2LDK,59,10,117900,6300,2か月,"['近居割', '近居割WIDE']",随時,https://www.ur-net.go.jp/chintai/kanto/chiba/30_5880_room.html?JKSS=000110805,<li>京成松戸線「前原」駅 徒歩5～14分</li><li>JR総武線「津田沼」駅バス8～10分 徒歩1～4分</li><li>京成松戸線「新津田沼」駅 徒歩20～25分</li>
chiba,tsudanuma,アルビス前原,124200,,,,JR総武線「津田沼」駅,9.0,14.0,船橋市前原西6-1,11号棟,鉄筋コンクリート造,8,N,805号室,2LDK,59,10,117900,6300,2か月,"['近居割', '近居割WIDE']",随時,https://www.ur-net.go.jp/chintai/kanto/chiba/30_5880_room.html?JKSS=000110805,<li>京成松戸線「前原」駅 徒歩5～14分</li><li>JR総武線「津田沼」駅バス8～10分 徒歩1～4分</li><li>京成松戸線「新津田沼」駅 徒歩20～25分</li>
chiba,tsudanuma,アルビス前原,124200,京成松戸線「新津田沼」駅,20.0,25.0,,,,船橋市前原西6-1,11号棟,鉄筋コンクリート造,8,N,805号室,2LDK,59,10,117900,6300,2か月,"['近居割', '近居割WIDE']",随時,https://www.ur-net.go.jp/chintai/kanto/chiba/30_5880_room.html?JKSS=000110805,<li>京成松戸線「前原」駅 徒歩5～14分</li><li>JR総武線「津田沼」駅バス8～10分 徒歩1～4分</li><li>京成松戸線「新津田沼」駅 徒歩20～25分</li>
chiba,tsudanuma,アルビス前原,124200,,,,,,,船橋市前原西6-1,11号棟,鉄筋コンクリート造,8,N,805号室,2LDK,59,10,117900,6300,2か月,"['近居割', '近居割WIDE']",随時,https://www.ur-net.go.jp/chintai/kanto/chiba/30_5880_room.html?JKSS=000110805,<li>京成松戸線「前原」駅 徒歩5～14分</li><li>JR総武線「津田沼」駅バス8～10分 徒歩1～4分</li><li>京成松戸線「新津田沼」駅 徒歩20～25分</li>
chiba,shinurayasu,ハイタウン塩浜,66400,,,,東京メトロ東西線「南行徳」駅,6.0,11.0,市川市塩浜4-2ほか,1号棟,鉄筋コンクリート造、鉄骨鉄筋コンクリート造,2,N,204号室,1DK,35,9,63200,3200,2か月,"['近居割', '近居割WIDE']",随時,https://www.ur-net.go.jp/chintai/kanto/chiba/30_3360_room.html?JKSS=000010204,<li>東京メトロ東西線「南行徳」駅バス5分 徒歩1～6分</li><li>東京メトロ東西線「浦安」駅 徒歩28～33分</li><li>JR京葉線「新浦安」駅バス8分 徒歩1～6分</li>
chiba,shinurayasu,ハイタウン塩浜,66400,東京メトロ東西線「浦安」駅,28.0,33.0,,,,市川市塩浜4-2ほか,1号棟,鉄筋コンクリート造、鉄骨鉄筋コンクリート造,2,N,204号室,1DK,35,9,63200,3200,2か月,"['近居割', '近居割WIDE']",随時,https://www.ur-net.go.jp/chintai/kanto/chiba/30_3360_room.html?JKSS=000010204,<li>東京メトロ東西線「南行徳」駅バス5分 徒歩1～6分</li><li>東京メトロ東西線「浦安」駅 徒歩28～33分</li><li>JR京葉線「新浦安」駅バス8分 徒歩1～6分</li>
chiba,shinurayasu,ハイタウン塩浜,66400,,,,JR京葉線「新浦安」駅,9.0,14.0,市川市塩浜4-2ほか,1号棟,鉄筋コンクリート造、鉄骨鉄筋コンクリート造,2,N,204号室,1DK,35,9,63200,3200,2か月,"['近居割', '近居割WIDE']",随時,https://www.ur-net.go.jp/chintai/kanto/chiba/30_3360_room.html?JKSS=000010204,<li>東京メトロ東西線「南行徳」駅バス5分 徒歩1～6分</li><li>東京メトロ東西線「浦安」駅 徒歩28～33分</li><li>JR京葉線「新浦安」駅バス8分 徒歩1～6分</li>
chiba,shinurayasu,ハイタウン塩浜,66400,,,,,,,市川市塩浜4-2ほか,1号棟,鉄筋コンクリート造、鉄骨鉄筋コンクリート造,2,N,204号室,1DK,35,9,63200,3200,2か月,"['近居割', '近居割WIDE']",随時,https://www.ur-net.go.jp/chintai/kanto/chiba/30_3360_room.html?JKSS=000010204,<li>東京メトロ東西線「南行徳」駅バス5分 徒歩1～6分</li><li>東京メトロ東西線「浦安」駅 徒歩28～33分</li><li>JR京葉線「新浦安」駅バス8分 徒歩1～6分</li>
chiba,shinurayasu,ハイタウン塩浜,75300,,,,東京メトロ東西線「南行徳」駅,6.0,11.0,市川市塩浜4-2ほか,2号棟,鉄筋コンクリート造、鉄骨鉄筋コンクリート造,1,N,102号室,1K,33,9,72100,3200,2か月,"['近居割', '近居割WIDE']",随時,https://www.ur-net.go.jp/chintai/kanto/chiba/30_3360_room.html?JKSS=000020102,<li>東京メトロ東西線「南行徳」駅バス5分 徒歩1～6分</li><li>東京メトロ東西線「浦安」駅 徒歩28～33分</li><li>JR京葉線「新浦安」駅バス8分 徒歩1～6分</li>
chiba,shinurayasu,ハイタウン塩浜,75300,東京メトロ東西線「浦安」駅,28.0,33.0,,,,市川市塩浜4-2ほか,2号棟,鉄筋コンクリート造、鉄骨鉄筋コンクリート造,1,N,102号室,1K,33,9,72100,3200,2か月,"['近居割', '近居割WIDE']",随時,https://www.ur-net.go.jp/chintai/kanto/chiba/30_3360_room.html?JKSS=000020102,<li>東京メトロ東西線「南行徳」駅バス5分 徒歩1～6分</li><li>東京メトロ東西線「浦安」駅 徒歩28～33分</li><li>JR京葉線「新浦安」駅バス8分 徒歩1～6分</li>
chiba,shinurayasu,ハイタウン塩浜,75300,,,,JR京葉線「新浦安」駅,9.0,14.0,市川市塩浜4-2ほか,2号棟,鉄筋コンクリート造、鉄骨鉄筋コンクリート造,1,N,102号室,1K,33,9,72100,3200,2か月,"['近居割', '近居割WIDE']",随時,https://www.ur-net.go.jp/chintai/kanto/chiba/30_3360_room.html?JKSS=000020102,<li>東京メトロ東西線「南行徳」駅バス5分 徒歩1～6分</li><li>東京メトロ東西線「浦安」駅 徒歩28～33分</li><li>JR京葉線「新浦安」駅バス8分 徒歩1～6分</li>
chiba,shinurayasu,ハイタウン塩浜,75300,,,,,,,市川市塩浜4-2ほか,2号棟,鉄筋コンクリート造、鉄骨鉄筋コンクリート造,1,N,102号室,1K,33,9,72100,3200,2か月,"['近居割', '近居割WIDE']",随時,https://www.ur-net.go.jp/chintai/kanto/chiba/30_3360_room.html?JKSS=000020102,<li>東京メトロ東西線「南行徳」駅バス5分 徒歩1～6分</li><li>東京メトロ東西線「浦安」駅 徒歩28～33分</li><li>JR京葉線「新浦安」駅バス8分 徒歩1～6分</li>
chiba,yurinokidaipc,米本,36900,,,,東葉高速鉄道「八千代中央」駅,19.0,26.0,八千代市米本1359,3-29号棟,鉄筋コンクリート造,5,N,514号室,2DK,41,5,33700,3200,2か月,['近居割WIDE'],随時,https://www.ur-net.go.jp/chintai/kanto/chiba/30_1950_room.html?JKSS=003029514,<li>東葉高速鉄道「八千代中央」駅バス17分 徒歩2～9分</li><li>東葉高速鉄道「東葉勝田台」駅バス20分 徒歩2～9分</li><li>北総鉄道「小室」駅 徒歩67～93分</li>
chiba,yurinokidaipc,米本,36900,,,,東葉高速鉄道「東葉勝田台」駅,22.0,29.0,八千代市米本1359,3-29号棟,鉄筋コンクリート造,5,N,514号室,2DK,41,5,33700,3200,2か月,['近居割WIDE'],随時,https://www.ur-net.go.jp/chintai/kanto/chiba/30_1950_room.html?JKSS=003029514,<li>東葉高速鉄道「八千代中央」駅バス17分 徒歩2～9分</li><li>東葉高速鉄道「東葉勝田台」駅バス20分 徒歩2～9分</li><li>北総鉄道「小室」駅 徒歩67～93分</li>
chiba,yurinokidaipc,米本,36900,北総鉄道「小室」駅,67.0,93.0,,,,八千代市米本1359,3-29号棟,鉄筋コンクリート造,5,N,514号室,2DK,41,5,33700,3200,2か月,['近居割WIDE'],随時,https://www.ur-net.go.jp/chintai/kanto/chiba/30_1950_room.html?JKSS=003029514,<li>東葉高速鉄道「八千代中央」駅バス17分 徒歩2～9分</li><li>東葉高速鉄道「東葉勝田台」駅バス20分 徒歩2～9分</li><li>北総鉄道「小室」駅 徒歩67～93分</li>
chiba,yurinokidaipc,米本,36900,,,,,,,八千代市米本1359,3-29号棟,鉄筋コンクリート造,5,N,514号室,2DK,41,5,33700,3200,2か月,['近居割WIDE'],随時,https://www.ur-net.go.jp/chintai/kanto/chiba/30_1950_room.html?JKSS=003029514,<li>東葉高速鉄道「八千代中央」駅バス17分 徒歩2～9分</li><li>東葉高速鉄道「東葉勝田台」駅バス20分 徒歩2～9分</li><li>北総鉄道「小室」駅 徒歩67～93分</li>
chiba,yurinokidaipc,米本,38800,,,,東葉高速鉄道「八千代中央」駅,19.0,26.0,八千代市米本1359,5-14号棟,鉄筋コンクリート造,5,N,502号室,3K,45,5,35600,3200,2か月,['近居割WIDE'],随時,https://www.ur-net.go.jp/chintai/kanto/chiba/30_1950_room.html?JKSS=005014502,<li>東葉高速鉄道「八千代中央」駅バス17分 徒歩2～9分</li><li>東葉高速鉄道「東葉勝田台」駅バス20分 徒歩2～9分</li><li>北総鉄道「小室」駅 徒歩67～93分</li>
chiba,yurinokidaipc,米本,38800,,,,東葉高速鉄道「東葉勝田台」駅,22.0,29.0,八千代市米本1359,5-14号棟,鉄筋コンクリート造,5,N,502号室,3K,45,5,35600,3200,2か月,['近居割WIDE'],随時,https://www.ur-net.go.jp/chintai/kanto/chiba/30_1950_room.html?JKSS=005014502,<li>東葉高速鉄道「八千代中央」駅バス17分 徒歩2～9分</li><li>東葉高速鉄道「東葉勝田台」駅バス20分 徒歩2～9分</li><li>北総鉄道「小室」駅 徒歩67～93分</li>
chiba,yurinokidaipc,米本,38800,北総鉄道「小室」駅,67.0,93.0,,,,八千代市米本1359,5-14号棟,鉄筋コンクリート造,5,N,502号室,3K,45,5,35600,3200,2か月,['近居割WIDE'],随時,https://www.ur-net.go.jp/chintai/kanto/chiba/30_1950_room.html?JKSS=005014502,<li>東葉高速鉄道「八千代中央」駅バス17分 徒歩2～9分</li><li>東葉高速鉄道「東葉勝田台」駅バス20分 徒歩2～9分</li><li>北総鉄道「小室」駅 徒歩67～93分</li>
chiba,yurinokidaipc,米本,38800,,,,,,,八千代市米本1359,5-14号棟,鉄筋コンクリート造,5,N,502号室,3K,45,5,35600,3200,2か月,['近居割WIDE'],随時,https://www.ur-net.go.jp/chintai/kanto/chiba/30_1950_room.html?JKSS=005014502,<li>東葉高速鉄道「八千代中央」駅バス17分 徒歩2～9分</li><li>東葉高速鉄道「東葉勝田台」駅バス20分 徒歩2～9分</li><li>北総鉄道「小室」駅 徒歩67～93分</li>
chiba,kitanarashino,高津（第１次）,47350,東葉高速鉄道「八千代緑が丘」駅,13.0,23.0,,,,八千代市高津832-1ほか,3-3号棟,鉄筋コンクリート造,5,N,505号室,3K,47,5,44400,2950,2か月,"['近居割', '近居割WIDE']",随時,https://www.ur-net.go.jp/chintai/kanto/chiba/30_2211_room.html?JKSS=003003505,<li>東葉高速鉄道「八千代緑が丘」駅 徒歩13～23分</li><li>東葉高速鉄道「八千代中央」駅 徒歩36～44分</li><li>京成本線「八千代台」駅バス7～8分 徒歩1～11分</li>
chiba,kitanarashino,高津（第１次）,47350,東葉高速鉄道「八千代中央」駅,36.0,44.0,,,,八千代市高津832-1ほか,3-3号棟,鉄筋コンクリート造,5,N,505号室,3K,47,5,44400,2950,2か月,"['近居割', '近居割WIDE']",随時,https://www.ur-net.go.jp/chintai/kanto/chiba/30_2211_room.html?JKSS=003003505,<li>東葉高速鉄道「八千代緑が丘」駅 徒歩13～23分</li><li>東葉高速鉄道「八千代中央」駅 徒歩36～44分</li><li>京成本線「八千代台」駅バス7～8分 徒歩1～11分</li>
chiba,kitanarashino,高津（第１次）,47350,,,,京成本線「八千代台」駅,8.0,19.0,八千代市高津832-1ほか,3-3号棟,鉄筋コンクリート造,5,N,505号室,3K,47,5,44400,2950,2か月,"['近居割', '近居割WIDE']",随時,https://www.ur-net.go.jp/chintai/kanto/chiba/30_2211_room.html?JKSS=003003505,<li>東葉高速鉄道「八千代緑が丘」駅 徒歩13～23分</li><li>東葉高速鉄道「八千代中央」駅 徒歩36～44分</li><li>京成本線「八千代台」駅バス7～8分 徒歩1～11分</li>
chiba,kitanarashino,高津（第１次）,47350,,,,,,,八千代市高津832-1ほか,3-3号棟,鉄筋コンクリート造,5,N,505号室,3K,47,5,44400,2950,2か月,"['近居割', '近居割WIDE']",随時,https://www.ur-net.go.jp/chintai/kanto/chiba/30_2211_room.html?JKSS=003003505,<li>東葉高速鉄道「八千代緑が丘」駅 徒歩13～23分</li><li>東葉高速鉄道「八千代中央」駅 徒歩36～44分</li><li>京成本線「八千代台」駅バス7～8分 徒歩1～11分</li>
chiba,kitanarashino,グリーンタウン八千代緑が丘（高津（第２次））,65950,東葉高速鉄道「八千代緑が丘」駅,20.0,22.0,,,,八千代市高津934-1ほか,2-29号棟,鉄筋コンクリート造,5,N,503号室,3LDK,79,5,63000,2950,2か月,['U35割（3年定借）'],随時,https://www.ur-net.go.jp/chintai/kanto/chiba/30_2212_room.html?JKSS=002029503,<li>東葉高速鉄道「八千代緑が丘」駅 徒歩20～22分</li><li>東葉高速鉄道「八千代中央」駅 徒歩32～33分</li><li>京成本線「八千代台」駅バス7分 徒歩4分</li>
chiba,kitanarashino,グリーンタウン八千代緑が丘（高津（第２次））,65950,東葉高速鉄道「八千代中央」駅,32.0,33.0,,,,八千代市高津934-1ほか,2-29号棟,鉄筋コンクリート造,5,N,503号室,3LDK,79,5,63000,2950,2か月,['U35割（3年定借）'],随時,https://www.ur-net.go.jp/chintai/kanto/chiba/30_2212_room.html?JKSS=002029503,<li>東葉高速鉄道「八千代緑が丘」駅 徒歩20～22分</li><li>東葉高速鉄道「八千代中央」駅 徒歩32～33分</li><li>京成本線「八千代台」駅バス7分 徒歩4分</li>
chiba,kitanarashino,グリーンタウン八千代緑が丘（高津（第２次））,65950,,,,京成本線「八千代台」駅,11.0,11.0,八千代市高津934-1ほか,2-29号棟,鉄筋コンクリート造,5,N,503号室,3LDK,79,5,63000,2950,2か月,['U35割（3年定借）'],随時,https://www.ur-net.go.jp/chintai/kanto/chiba/30_2212_room.html?JKSS=002029503,<li>東葉高速鉄道「八千代緑が丘」駅 徒歩20～22分</li><li>東葉高速鉄道「八千代中央」駅 徒歩32～33分</li><li>京成本線「八千代台」駅バス7分 徒歩4分</li>
chiba,kitanarashino,グリーンタウン八千代緑が丘（高津（第２次））,65950,,,,,,,八千代市高津934-1ほか,2-29号棟,鉄筋コンクリート造,5,N,503号室,3LDK,79,5,63000,2950,2か月,['U35割（3年定借）'],随時,https://www.ur-net.go.jp/chintai/kanto/chiba/30_2212_room.html?JKSS=002029503,<li>東葉高速鉄道「八千代緑が丘」駅 徒歩20～22分</li><li>東葉高速鉄道「八千代中央」駅 徒歩32～33分</li><li>京成本線「八千代台」駅バス7分 徒歩4分</li>
chiba,kitanarashino,グリーンタウン八千代緑が丘（高津（第２次））,67050,東葉高速鉄道「八千代緑が丘」駅,20.0,22.0,,,,八千代市高津934-1ほか,2-29号棟,鉄筋コンクリート造,5,N,501号室,3LDK,79,5,64100,2950,2か月,['U35割（3年定借）'],随時,https://www.ur-net.go.jp/chintai/kanto/chiba/30_2212_room.html?JKSS=002029501,<li>東葉高速鉄道「八千代緑が丘」駅 徒歩20～22分</li><li>東葉高速鉄道「八千代中央」駅 徒歩32～33分</li><li>京成本線「八千代台」駅バス7分 徒歩4分</li>
chiba,kitanarashino,グリーンタウン八千代緑が丘（高津（第２次））,67050,東葉高速鉄道「八千代中央」駅,32.0,33.0,,,,八千代市高津934-1ほか,2-29号棟,鉄筋コンクリート造,5,N,501号室,3LDK,79,5,64100,2950,2か月,['U35割（3年定借）'],随時,https://www.ur-net.go.jp/chintai/kanto/chiba/30_2212_room.html?JKSS=002029501,<li>東葉高速鉄道「八千代緑が丘」駅 徒歩20～22分</li><li>東葉高速鉄道「八千代中央」駅 徒歩32～33分</li><li>京成本線「八千代台」駅バス7分 徒歩4分</li>
chiba,kitanarashino,グリーンタウン八千代緑が丘（高津（第２次））,67050,,,,京成本線「八千代台」駅,11.0,11.0,八千代市高津934-1ほか,2-29号棟,鉄筋コンクリート造,5,N,501号室,3LDK,79,5,64100,2950,2か月,['U35割（3年定借）'],随時,https://www.ur-net.go.jp/chintai/kanto/chiba/30_2212_room.html?JKSS=002029501,<li>東葉高速鉄道「八千代緑が丘」駅 徒歩20～22分</li><li>東葉高速鉄道「八千代中央」駅 徒歩32～33分</li><li>京成本線「八千代台」駅バス7分 徒歩4分</li>
chiba,kitanarashino,グリーンタウン八千代緑が丘（高津（第２次））,67050,,,,,,,八千代市高津934-1ほか,2-29号棟,鉄筋コンクリート造,5,N,501号室,3LDK,79,5,64100,2950,2か月,['U35割（3年定借）'],随時,https://www.ur-net.go.jp/chintai/kanto/chiba/30_2212_room.html?JKSS=002029501,<li>東葉高速鉄道「八千代緑が丘」駅 徒歩20～22分</li><li>東葉高速鉄道「八千代中央」駅 徒歩32～33分</li><li>京成本線「八千代台」駅バス7分 徒歩4分</li>
chiba,kitanarashino,グリーンタウン八千代緑が丘（高津（第２次））,81750,東葉高速鉄道「八千代緑が丘」駅,20.0,22.0,,,,八千代市高津934-1ほか,2-30号棟,鉄筋コンクリート造,5,N,504号室,3LDK,79,5,78800,2950,2か月,['フリレ１か月'],随時,https://www.ur-net.go.jp/chintai/kanto/chiba/30_2212_room.html?JKSS=002030504,<li>東葉高速鉄道「八千代緑が丘」駅 徒歩20～22分</li><li>東葉高速鉄道「八千代中央」駅 徒歩32～33分</li><li>京成本線「八千代台」駅バス7分 徒歩4分</li>
chiba,kitanarashino,グリーンタウン八千代緑が丘（高津（第２次））,81750,東葉高速鉄道「八千代中央」駅,32.0,33.0,,,,八千代市高津934-1ほか,2-30号棟,鉄筋コンクリート造,5,N,504号室,3LDK,79,5,78800,2950,2か月,['フリレ１か月'],随時,https://www.ur-net.go.jp/chintai/kanto/chiba/30_2212_room.html?JKSS=002030504,<li>東葉高速鉄道「八千代緑が丘」駅 徒歩20～22分</li><li>東葉高速鉄道「八千代中央」駅 徒歩32～33分</li><li>京成本線「八千代台」駅バス7分 徒歩4分</li>
chiba,kitanarashino,グリーンタウン八千代緑が丘（高津（第２次））,81750,,,,京成本線「八千代台」駅,11.0,11.0,八千代市高津934-1ほか,2-30号棟,鉄筋コンクリート造,5,N,504号室,3LDK,79,5,78800,2950,2か月,['フリレ１か月'],随時,https://www.ur-net.go.jp/chintai/kanto/chiba/30_2212_room.html?JKSS=002030504,<li>東葉高速鉄道「八千代緑が丘」駅 徒歩20～22分</li><li>東葉高速鉄道「八千代中央」駅 徒歩32～33分</li><li>京成本線「八千代台」駅バス7分 徒歩4分</li>
chiba,kitanarashino,グリーンタウン八千代緑が丘（高津（第２次））,81750,,,,,,,八千代市高津934-1ほか,2-30号棟,鉄筋コンクリート造,5,N,504号室,3LDK,79,5,78800,2950,2か月,['フリレ１か月'],随時,https://www.ur-net.go.jp/chintai/kanto/chiba/30_2212_room.html?JKSS=002030504,<li>東葉高速鉄道「八千代緑が丘」駅 徒歩20～22分</li><li>東葉高速鉄道「八千代中央」駅 徒歩32～33分</li><li>京成本線「八千代台」駅バス7分 徒歩4分</li>
chiba,kitanarashino,グリーンタウン八千代緑が丘（高津（第２次））,84350,東葉高速鉄道「八千代緑が丘」駅,20.0,22.0,,,,八千代市高津934-1ほか,2-29号棟,鉄筋コンクリート造,4,N,403号室,3LDK,79,5,81400,2950,2か月,['フリレ１か月'],随時,https://www.ur-net.go.jp/chintai/kanto/chiba/30_2212_room.html?JKSS=002029403,<li>東葉高速鉄道「八千代緑が丘」駅 徒歩20～22分</li><li>東葉高速鉄道「八千代中央」駅 徒歩32～33分</li><li>京成本線「八千代台」駅バス7分 徒歩4分</li>
chiba,kitanarashino,グリーンタウン八千代緑が丘（高津（第２次））,84350,東葉高速鉄道「八千代中央」駅,32.0,33.0,,,,八千代市高津934-1ほか,2-29号棟,鉄筋コンクリート造,4,N,403号室,3LDK,79,5,81400,2950,2か月,['フリレ１か月'],随時,https://www.ur-net.go.jp/chintai/kanto/chiba/30_2212_room.html?JKSS=002029403,<li>東葉高速鉄道「八千代緑が丘」駅 徒歩20～22分</li><li>東葉高速鉄道「八千代中央」駅 徒歩32～33分</li><li>京成本線「八千代台」駅バス7分 徒歩4分</li>
chiba,kitanarashino,グリーンタウン八千代緑が丘（高津（第２次））,84350,,,,京成本線「八千代台」駅,11.0,11.0,八千代市高津934-1ほか,2-29号棟,鉄筋コンクリート造,4,N,403号室,3LDK,79,5,81400,2950,2か月,['フリレ１か月'],随時,https://www.ur-net.go.jp/chintai/kanto/chiba/30_2212_room.html?JKSS=002029403,<li>東葉高速鉄道「八千代緑が丘」駅 徒歩20～22分</li><li>東葉高速鉄道「八千代中央」駅 徒歩32～33分</li><li>京成本線「八千代台」駅バス7分 徒歩4分</li>
chiba,kitanarashino,グリーンタウン八千代緑が丘（高津（第２次））,84350,,,,,,,八千代市高津934-1ほか,2-29号棟,鉄筋コンクリート造,4,N,403号室,3LDK,79,5,81400,2950,2か月,['フリレ１か月'],随時,https://www.ur-net.go.jp/chintai/kanto/chiba/30_2212_room.html?JKSS=002029403,<li>東葉高速鉄道「八千代緑が丘」駅 徒歩20～22分</li><li>東葉高速鉄道「八千代中央」駅 徒歩32～33分</li><li>京成本線「八千代台」駅バス7分 徒歩4分</li>
chiba,kitanarashino,グリーンタウン八千代緑が丘（高津（第２次））,84350,東葉高速鉄道「八千代緑が丘」駅,20.0,22.0,,,,八千代市高津934-1ほか,2-29号棟,鉄筋コンクリート造,4,N,404号室,3LDK,79,5,81400,2950,2か月,['フリレ１か月'],随時,https://www.ur-net.go.jp/chintai/kanto/chiba/30_2212_room.html?JKSS=002029404,<li>東葉高速鉄道「八千代緑が丘」駅 徒歩20～22分</li><li>東葉高速鉄道「八千代中央」駅 徒歩32～33分</li><li>京成本線「八千代台」駅バス7分 徒歩4分</li>
chiba,kitanarashino,グリーンタウン八千代緑が丘（高津（第２次））,84350,東葉高速鉄道「八千代中央」駅,32.0,33.0,,,,八千代市高津934-1ほか,2-29号棟,鉄筋コンクリート造,4,N,404号室,3LDK,79,5,81400,2950,2か月,['フリレ１か月'],随時,https://www.ur-net.go.jp/chintai/kanto/chiba/30_2212_room.html?JKSS=002029404,<li>東葉高速鉄道「八千代緑が丘」駅 徒歩20～22分</li><li>東葉高速鉄道「八千代中央」駅 徒歩32～33分</li><li>京成本線「八千代台」駅バス7分 徒歩4分</li>
chiba,kitanarashino,グリーンタウン八千代緑が丘（高津（第２次））,84350,,,,京成本線「八千代台」駅,11.0,11.0,八千代市高津934-1ほか,2-29号棟,鉄筋コンクリート造,4,N,404号室,3LDK,79,5,81400,2950,2か月,['フリレ１か月'],随時,https://www.ur-net.go.jp/chintai/kanto/chiba/30_2212_room.html?JKSS=002029404,<li>東葉高速鉄道「八千代緑が丘」駅 徒歩20～22分</li><li>東葉高速鉄道「八千代中央」駅 徒歩32～33分</li><li>京成本線「八千代台」駅バス7分 徒歩4分</li>
chiba,kitanarashino,グリーンタウン八千代緑が丘（高津（第２次））,84350,,,,,,,八千代市高津934-1ほか,2-29号棟,鉄筋コンクリート造,4,N,404号室,3LDK,79,5,81400,2950,2か月,['フリレ１か月'],随時,https://www.ur-net.go.jp/chintai/kanto/chiba/30_2212_room.html?JKSS=002029404,<li>東葉高速鉄道「八千代緑が丘」駅 徒歩20～22分</li><li>東葉高速鉄道「八千代中央」駅 徒歩32～33分</li><li>京成本線「八千代台」駅バス7分 徒歩4分</li>
chiba,yurinokidaipc,村上,75900,東葉高速線「村上」駅,8.0,17.0,,,,八千代市村上1113-1,2-6号棟,鉄筋コンクリート造、鉄骨鉄筋コンクリート造,2,N,203号室,2LDK,64,11,73500,2400,2か月,['健康寿命サポート'],随時,https://www.ur-net.go.jp/chintai/kanto/chiba/30_2730_room.html?JKSS=002060203,<li>東葉高速線「村上」駅 徒歩8～17分</li><li>京成本線「勝田台」駅バス6～10分 徒歩1～6分</li><li>東葉高速線「東葉勝田台」駅バス6～10分 徒歩1～6分</li>
chiba,yurinokidaipc,村上,75900,,,,京成本線「勝田台」駅,7.0,16.0,八千代市村上1113-1,2-6号棟,鉄筋コンクリート造、鉄骨鉄筋コンクリート造,2,N,203号室,2LDK,64,11,73500,2400,2か月,['健康寿命サポート'],随時,https://www.ur-net.go.jp/chintai/kanto/chiba/30_2730_room.html?JKSS=002060203,<li>東葉高速線「村上」駅 徒歩8～17分</li><li>京成本線「勝田台」駅バス6～10分 徒歩1～6分</li><li>東葉高速線「東葉勝田台」駅バス6～10分 徒歩1～6分</li>
chiba,yurinokidaipc,村上,75900,,,,東葉高速線「東葉勝田台」駅,7.0,16.0,八千代市村上1113-1,2-6号棟,鉄筋コンクリート造、鉄骨鉄筋コンクリート造,2,N,203号室,2LDK,64,11,73500,2400,2か月,['健康寿命サポート'],随時,https://www.ur-net.go.jp/chintai/kanto/chiba/30_2730_room.html?JKSS=002060203,<li>東葉高速線「村上」駅 徒歩8～17分</li><li>京成本線「勝田台」駅バス6～10分 徒歩1～6分</li><li>東葉高速線「東葉勝田台」駅バス6～10分 徒歩1～6分</li>
chiba,yurinokidaipc,村上,75900,,,,,,,八千代市村上1113-1,2-6号棟,鉄筋コンクリート造、鉄骨鉄筋コンクリート造,2,N,203号室,2LDK,64,11,73500,2400,2か月,['健康寿命サポート'],随時,https://www.ur-net.go.jp/chintai/kanto/chiba/30_2730_room.html?JKSS=002060203,<li>東葉高速線「村上」駅 徒歩8～17分</li><li>京成本線「勝田台」駅バス6～10分 徒歩1～6分</li><li>東葉高速線「東葉勝田台」駅バス6～10分 徒歩1～6分</li>
chiba,yurinokidaipc,村上,105000,東葉高速線「村上」駅,8.0,17.0,,,,八千代市村上1113-1,1-36号棟,鉄筋コンクリート造、鉄骨鉄筋コンクリート造,8,N,804号室,4LDK,91,11,102600,2400,2か月,"['近居割', '近居割WIDE']",随時,https://www.ur-net.go.jp/chintai/kanto/chiba/30_2730_room.html?JKSS=001360804,<li>東葉高速線「村上」駅 徒歩8～17分</li><li>京成本線「勝田台」駅バス6～10分 徒歩1～6分</li><li>東葉高速線「東葉勝田台」駅バス6～10分 徒歩1～6分</li>
chiba,yurinokidaipc,村上,105000,,,,京成本線「勝田台」駅,7.0,16.0,八千代市村上1113-1,1-36号棟,鉄筋コンクリート造、鉄骨鉄筋コンクリート造,8,N,804号室,4LDK,91,11,102600,2400,2か月,"['近居割', '近居割WIDE']",随時,https://www.ur-net.go.jp/chintai/kanto/chiba/30_2730_room.html?JKSS=001360804,<li>東葉高速線「村上」駅 徒歩8～17分</li><li>京成本線「勝田台」駅バス6～10分 徒歩1～6分</li><li>東葉高速線「東葉勝田台」駅バス6～10分 徒歩1～6分</li>
chiba,yurinokidaipc,村上,105000,,,,東葉高速線「東葉勝田台」駅,7.0,16.0,八千代市村上1113-1,1-36号棟,鉄筋コンクリート造、鉄骨鉄筋コンクリート造,8,N,804号室,4LDK,91,11,102600,2400,2か月,"['近居割', '近居割WIDE']",随時,https://www.ur-net.go.jp/chintai/kanto/chiba/30_2730_room.html?JKSS=001360804,<li>東葉高速線「村上」駅 徒歩8～17分</li><li>京成本線「勝田台」駅バス6～10分 徒歩1～6分</li><li>東葉高速線「東葉勝田台」駅バス6～10分 徒歩1～6分</li>
chiba,yurinokidaipc,村上,105000,,,,,,,八千代市村上1113-1,1-36号棟,鉄筋コンクリート造、鉄骨鉄筋コンクリート造,8,N,804号室,4LDK,91,11,102600,2400,2か月,"['近居割', '近居割WIDE']",随時,https://www.ur-net.go.jp/chintai/kanto/chiba/30_2730_room.html?JKSS=001360804,<li>東葉高速線「村上」駅 徒歩8～17分</li><li>京成本線「勝田台」駅バス6～10分 徒歩1～6分</li><li>東葉高速線「東葉勝田台」駅バス6～10分 徒歩1～6分</li>
chiba,yurinokidaipc,村上,105000,東葉高速線「村上」駅,8.0,17.0,,,,八千代市村上1113-1,1-36号棟,鉄筋コンクリート造、鉄骨鉄筋コンクリート造,9,N,903号室,4LDK,91,11,102600,2400,2か月,"['近居割', '近居割WIDE']",随時,https://www.ur-net.go.jp/chintai/kanto/chiba/30_2730_room.html?JKSS=001360903,<li>東葉高速線「村上」駅 徒歩8～17分</li><li>京成本線「勝田台」駅バス6～10分 徒歩1～6分</li><li>東葉高速線「東葉勝田台」駅バス6～10分 徒歩1～6分</li>
chiba,yurinokidaipc,村上,105000,,,,京成本線「勝田台」駅,7.0,16.0,八千代市村上1113-1,1-36号棟,鉄筋コンクリート造、鉄骨鉄筋コンクリート造,9,N,903号室,4LDK,91,11,102600,2400,2か月,"['近居割', '近居割WIDE']",随時,https://www.ur-net.go.jp/chintai/kanto/chiba/30_2730_room.html?JKSS=001360903,<li>東葉高速線「村上」駅 徒歩8～17分</li><li>京成本線「勝田台」駅バス6～10分 徒歩1～6分</li><li>東葉高速線「東葉勝田台」駅バス6～10分 徒歩1～6分</li>
chiba,yurinokidaipc,村上,105000,,,,東葉高速線「東葉勝田台」駅,7.0,16.0,八千代市村上1113-1,1-36号棟,鉄筋コンクリート造、鉄骨鉄筋コンクリート造,9,N,903号室,4LDK,91,11,102600,2400,2か月,"['近居割', '近居割WIDE']",随時,https://www.ur-net.go.jp/chintai/kanto/chiba/30_2730_room.html?JKSS=001360903,<li>東葉高速線「村上」駅 徒歩8～17分</li><li>京成本線「勝田台」駅バス6～10分 徒歩1～6分</li><li>東葉高速線「東葉勝田台」駅バス6～10分 徒歩1～6分</li>
chiba,yurinokidaipc,村上,105000,,,,,,,八千代市村上1113-1,1-36号棟,鉄筋コンクリート造、鉄骨鉄筋コンクリート造,9,N,903号室,4LDK,91,11,102600,2400,2か月,"['近居割', '近居割WIDE']",随時,https://www.ur-net.go.jp/chintai/kanto/chiba/30_2730_room.html?JKSS=001360903,<li>東葉高速線「村上」駅 徒歩8～17分</li><li>京成本線「勝田台」駅バス6～10分 徒歩1～6分</li><li>東葉高速線「東葉勝田台」駅バス6～10分 徒歩1～6分</li>
chiba,yurinokidaipc,村上,105000,東葉高速線「村上」駅,8.0,17.0,,,,八千代市村上1113-1,1-36号棟,鉄筋コンクリート造、鉄骨鉄筋コンクリート造,9,N,909号室,4LDK,91,11,102600,2400,2か月,"['近居割', '近居割WIDE']",随時,https://www.ur-net.go.jp/chintai/kanto/chiba/30_2730_room.html?JKSS=001360909,<li>東葉高速線「村上」駅 徒歩8～17分</li><li>京成本線「勝田台」駅バス6～10分 徒歩1～6分</li><li>東葉高速線「東葉勝田台」駅バス6～10分 徒歩1～6分</li>
chiba,yurinokidaipc,村上,105000,,,,京成本線「勝田台」駅,7.0,16.0,八千代市村上1113-1,1-36号棟,鉄筋コンクリート造、鉄骨鉄筋コンクリート造,9,N,909号室,4LDK,91,11,102600,2400,2か月,"['近居割', '近居割WIDE']",随時,https://www.ur-net.go.jp/chintai/kanto/chiba/30_2730_room.html?JKSS=001360909,<li>東葉高速線「村上」駅 徒歩8～17分</li><li>京成本線「勝田台」駅バス6～10分 徒歩1～6分</li><li>東葉高速線「東葉勝田台」駅バス6～10分 徒歩1～6分</li>
chiba,yurinokidaipc,村上,105000,,,,東葉高速線「東葉勝田台」駅,7.0,16.0,八千代市村上1113-1,1-36号棟,鉄筋コンクリート造、鉄骨鉄筋コンクリート造,9,N,909号室,4LDK,91,11,102600,2400,2か月,"['近居割', '近居割WIDE']",随時,https://www.ur-net.go.jp/chintai/kanto/chiba/30_2730_room.html?JKSS=001360909,<li>東葉高速線「村上」駅 徒歩8～17分</li><li>京成本線「勝田台」駅バス6～10分 徒歩1～6分</li><li>東葉高速線「東葉勝田台」駅バス6～10分 徒歩1～6分</li>
chiba,yurinokidaipc,村上,105000,,,,,,,八千代市村上1113-1,1-36号棟,鉄筋コンクリート造、鉄骨鉄筋コンクリート造,9,N,909号室,4LDK,91,11,102600,2400,2か月,"['近居割', '近居割WIDE']",随時,https://www.ur-net.go.jp/chintai/kanto/chiba/30_2730_room.html?JKSS=001360909,<li>東葉高速線「村上」駅 徒歩8～17分</li><li>京成本線「勝田台」駅バス6～10分 徒歩1～6分</li><li>東葉高速線「東葉勝田台」駅バス6～10分 徒歩1～6分</li>
chiba,yurinokidaipc,クレール志津,118900,京成本線「志津」駅,13.0,16.0,,,,佐倉市西志津3-1,1号棟,鉄筋コンクリート造,4,N,401号室,4LDK,97,5,113900,5000,2か月,['近居割'],随時,https://www.ur-net.go.jp/chintai/kanto/chiba/30_4830_room.html?JKSS=000010401,<li>京成本線「志津」駅 徒歩13～16分</li><li>東葉高速鉄道「東葉勝田台」駅 徒歩14～18分</li><li>京成本線「勝田台」駅 徒歩14～18分</li>
chiba,yurinokidaipc,クレール志津,118900,東葉高速鉄道「東葉勝田台」駅,14.0,18.0,,,,佐倉市西志津3-1,1号棟,鉄筋コンクリート造,4,N,401号室,4LDK,97,5,113900,5000,2か月,['近居割'],随時,https://www.ur-net.go.jp/chintai/kanto/chiba/30_4830_room.html?JKSS=000010401,<li>京成本線「志津」駅 徒歩13～16分</li><li>東葉高速鉄道「東葉勝田台」駅 徒歩14～18分</li><li>京成本線「勝田台」駅 徒歩14～18分</li>
chiba,yurinokidaipc,クレール志津,118900,京成本線「勝田台」駅,14.0,18.0,,,,佐倉市西志津3-1,1号棟,鉄筋コンクリート造,4,N,401号室,4LDK,97,5,113900,5000,2か月,['近居割'],随時,https://www.ur-net.go.jp/chintai/kanto/chiba/30_4830_room.html?JKSS=000010401,<li>京成本線「志津」駅 徒歩13～16分</li><li>東葉高速鉄道「東葉勝田台」駅 徒歩14～18分</li><li>京成本線「勝田台」駅 徒歩14～18分</li>
chiba,yurinokidaipc,クレール志津,118900,,,,,,,佐倉市西志津3-1,1号棟,鉄筋コンクリート造,4,N,401号室,4LDK,97,5,113900,5000,2か月,['近居割'],随時,https://www.ur-net.go.jp/chintai/kanto/chiba/30_4830_room.html?JKSS=000010401,<li>京成本線「志津」駅 徒歩13～16分</li><li>東葉高速鉄道「東葉勝田台」駅 徒歩14～18分</li><li>京成本線「勝田台」駅 徒歩14～18分</li>
chiba,matsudo,常盤平,37600,京成松戸線「常盤平」駅,3.0,19.0,,,,松戸市常盤平2ほか,1-18号棟,鉄筋コンクリート造,3,N,308号室,1DK,30,4,34600,3000,2か月,['URライト（5年定借）'],随時,https://www.ur-net.go.jp/chintai/kanto/chiba/30_0600_room.html?JKSS=000118308,<li>京成松戸線「常盤平」駅 徒歩3～19分</li><li>京成松戸線「五香」駅 徒歩7～23分<br>ほか</li>
chiba,matsudo,常盤平,37600,,,,,,,松戸市常盤平2ほか,1-18号棟,鉄筋コンクリート造,3,N,308号室,1DK,30,4,34600,3000,2か月,['URライト（5年定借）'],随時,https://www.ur-net.go.jp/chintai/kanto/chiba/30_0600_room.html?JKSS=000118308,<li>京成松戸線「常盤平」駅 徒歩3～19分</li><li>京成松戸線「五香」駅 徒歩7～23分<br>ほか</li>
chiba,matsudo,常盤平,37600,京成松戸線「常盤平」駅,3.0,19.0,,,,松戸市常盤平2ほか,E-26号棟,鉄筋コンクリート造,3,N,310号室,1DK,30,4,34600,3000,2か月,['URライト（5年定借）'],随時,https://www.ur-net.go.jp/chintai/kanto/chiba/30_0600_room.html?JKSS=000E26310,<li>京成松戸線「常盤平」駅 徒歩3～19分</li><li>京成松戸線「五香」駅 徒歩7～23分<br>ほか</li>
chiba,matsudo,常盤平,37600,,,,,,,松戸市常盤平2ほか,E-26号棟,鉄筋コンクリート造,3,N,310号室,1DK,30,4,34600,3000,2か月,['URライト（5年定借）'],随時,https://www.ur-net.go.jp/chintai/kanto/chiba/30_0600_room.html?JKSS=000E26310,<li>京成松戸線「常盤平」駅 徒歩3～19分</li><li>京成松戸線「五香」駅 徒歩7～23分<br>ほか</li>
chiba,matsudo,常盤平,42000,京成松戸線「常盤平」駅,3.0,19.0,,,,松戸市常盤平2ほか,2-10号棟,鉄筋コンクリート造,1,N,104号室,2DK,38,4,39000,3000,2か月,['URライト（2年定借）'],随時,https://www.ur-net.go.jp/chintai/kanto/chiba/30_0600_room.html?JKSS=000210104,<li>京成松戸線「常盤平」駅 徒歩3～19分</li><li>京成松戸線「五香」駅 徒歩7～23分<br>ほか</li>
chiba,matsudo,常盤平,42000,,,,,,,松戸市常盤平2ほか,2-10号棟,鉄筋コンクリート造,1,N,104号室,2DK,38,4,39000,3000,2か月,['URライト（2年定借）'],随時,https://www.ur-net.go.jp/chintai/kanto/chiba/30_0600_room.html?JKSS=000210104,<li>京成松戸線「常盤平」駅 徒歩3～19分</li><li>京成松戸線「五香」駅 徒歩7～23分<br>ほか</li>
chiba,matsudo,常盤平,42000,京成松戸線「常盤平」駅,3.0,19.0,,,,松戸市常盤平2ほか,2-17号棟,鉄筋コンクリート造,1,N,106号室,2DK,38,4,39000,3000,2か月,['URライト（2年定借）'],随時,https://www.ur-net.go.jp/chintai/kanto/chiba/30_0600_room.html?JKSS=000217106,<li>京成松戸線「常盤平」駅 徒歩3～19分</li><li>京成松戸線「五香」駅 徒歩7～23分<br>ほか</li>
chiba,matsudo,常盤平,42000,,,,,,,松戸市常盤平2ほか,2-17号棟,鉄筋コンクリート造,1,N,106号室,2DK,38,4,39000,3000,2か月,['URライト（2年定借）'],随時,https://www.ur-net.go.jp/chintai/kanto/chiba/30_0600_room.html?JKSS=000217106,<li>京成松戸線「常盤平」駅 徒歩3～19分</li><li>京成松戸線「五香」駅 徒歩7～23分<br>ほか</li>
chiba,matsudo,常盤平,44200,京成松戸線「常盤平」駅,3.0,19.0,,,,松戸市常盤平2ほか,1-27号棟,鉄筋コンクリート造,3,N,303号室,2DK,38,4,41200,3000,2か月,['URライト（5年定借）'],随時,https://www.ur-net.go.jp/chintai/kanto/chiba/30_0600_room.html?JKSS=000127303,<li>京成松戸線「常盤平」駅 徒歩3～19分</li><li>京成松戸線「五香」駅 徒歩7～23分<br>ほか</li>
chiba,matsudo,常盤平,44200,,,,,,,松戸市常盤平2ほか,1-27号棟,鉄筋コンクリート造,3,N,303号室,2DK,38,4,41200,3000,2か月,['URライト（5年定借）'],随時,https://www.ur-net.go.jp/chintai/kanto/chiba/30_0600_room.html?JKSS=000127303,<li>京成松戸線「常盤平」駅 徒歩3～19分</li><li>京成松戸線「五香」駅 徒歩7～23分<br>ほか</li>
chiba,matsudo,小金原,49800,,,,JR常磐線「北小金」駅,13.0,18.0,松戸市小金原6-13ほか,3-18-39号棟,鉄筋コンクリート造,5,N,503号室,3K,45,5,46900,2900,2か月,"['近居割', '近居割WIDE']",随時,https://www.ur-net.go.jp/chintai/kanto/chiba/30_1800_room.html?JKSS=318039503,<li>JR常磐線「北小金」駅バス11分 徒歩2～7分</li><li>JR武蔵野線「新八柱」駅バス15分 徒歩2～7分</li><li>京成松戸線「常盤平」駅バス15～28分 徒歩2～7分</li>
chiba,matsudo,小金原,49800,,,,JR武蔵野線「新八柱」駅,17.0,22.0,松戸市小金原6-13ほか,3-18-39号棟,鉄筋コンクリート造,5,N,503号室,3K,45,5,46900,2900,2か月,"['近居割', '近居割WIDE']",随時,https://www.ur-net.go.jp/chintai/kanto/chiba/30_1800_room.html?JKSS=318039503,<li>JR常磐線「北小金」駅バス11分 徒歩2～7分</li><li>JR武蔵野線「新八柱」駅バス15分 徒歩2～7分</li><li>京成松戸線「常盤平」駅バス15～28分 徒歩2～7分</li>
chiba,matsudo,小金原,49800,,,,京成松戸線「常盤平」駅,17.0,35.0,松戸市小金原6-13ほか,3-18-39号棟,鉄筋コンクリート造,5,N,503号室,3K,45,5,46900,2900,2か月,"['近居割', '近居割WIDE']",随時,https://www.ur-net.go.jp/chintai/kanto/chiba/30_1800_room.html?JKSS=318039503,<li>JR常磐線「北小金」駅バス11分 徒歩2～7分</li><li>JR武蔵野線「新八柱」駅バス15分 徒歩2～7分</li><li>京成松戸線「常盤平」駅バス15～28分 徒歩2～7分</li>
chiba,matsudo,小金原,49800,,,,,,,松戸市小金原6-13ほか,3-18-39号棟,鉄筋コンクリート造,5,N,503号室,3K,45,5,46900,2900,2か月,"['近居割', '近居割WIDE']",随時,https://www.ur-net.go.jp/chintai/kanto/chiba/30_1800_room.html?JKSS=318039503,<li>JR常磐線「北小金」駅バス11分 徒歩2～7分</li><li>JR武蔵野線「新八柱」駅バス15分 徒歩2～7分</li><li>京成松戸線「常盤平」駅バス15～28分 徒歩2～7分</li>
chiba,matsudo,プロムナード北松戸,107700,JR常磐線「北松戸」駅,7.0,12.0,,,,松戸市新作134-5ほか,2号棟,鉄筋コンクリート造,4,N,405号室,3DK,63,14,103400,4300,2か月,"['近居割', '近居割WIDE']",随時,https://www.ur-net.go.jp/chintai/kanto/chiba/30_5270_room.html?JKSS=000020405,<li>JR常磐線「北松戸」駅 徒歩7～12分</li><li>京成松戸線「上本郷」駅 徒歩28～32分</li><li>JR常磐線「馬橋」駅 徒歩10～14分</li>
chiba,matsudo,プロムナード北松戸,107700,京成松戸線「上本郷」駅,28.0,32.0,,,,松戸市新作134-5ほか,2号棟,鉄筋コンクリート造,4,N,405号室,3DK,63,14,103400,4300,2か月,"['近居割', '近居割WIDE']",随時,https://www.ur-net.go.jp/chintai/kanto/chiba/30_5270_room.html?JKSS=000020405,<li>JR常磐線「北松戸」駅 徒歩7～12分</li><li>京成松戸線「上本郷」駅 徒歩28～32分</li><li>JR常磐線「馬橋」駅 徒歩10～14分</li>
chiba,matsudo,プロムナード北松戸,107700,JR常磐線「馬橋」駅,10.0,14.0,,,,松戸市新作134-5ほか,2号棟,鉄筋コンクリート造,4,N,405号室,3DK,63,14,103400,4300,2か月,"['近居割', '近居割WIDE']",随時,https://www.ur-net.go.jp/chintai/kanto/chiba/30_5270_room.html?JKSS=000020405,<li>JR常磐線「北松戸」駅 徒歩7～12分</li><li>京成松戸線「上本郷」駅 徒歩28～32分</li><li>JR常磐線「馬橋」駅 徒歩10～14分</li>
chiba,matsudo,プロムナード北松戸,107700,,,,,,,松戸市新作134-5ほか,2号棟,鉄筋コンクリート造,4,N,405号室,3DK,63,14,103400,4300,2か月,"['近居割', '近居割WIDE']",随時,https://www.ur-net.go.jp/chintai/kanto/chiba/30_5270_room.html?JKSS=000020405,<li>JR常磐線「北松戸」駅 徒歩7～12分</li><li>京成松戸線「上本郷」駅 徒歩28～32分</li><li>JR常磐線「馬橋」駅 徒歩10～14分</li>
chiba,matsudo,プロムナード北松戸,111500,JR常磐線「北松戸」駅,7.0,12.0,,,,松戸市新作134-5ほか,1号棟,鉄筋コンクリート造,14,N,1411号室,3DK,63,14,107200,4300,2か月,"['近居割', '近居割WIDE']",随時,https://www.ur-net.go.jp/chintai/kanto/chiba/30_5270_room.html?JKSS=000011411,<li>JR常磐線「北松戸」駅 徒歩7～12分</li><li>京成松戸線「上本郷」駅 徒歩28～32分</li><li>JR常磐線「馬橋」駅 徒歩10～14分</li>
chiba,matsudo,プロムナード北松戸,111500,京成松戸線「上本郷」駅,28.0,32.0,,,,松戸市新作134-5ほか,1号棟,鉄筋コンクリート造,14,N,1411号室,3DK,63,14,107200,4300,2か月,"['近居割', '近居割WIDE']",随時,https://www.ur-net.go.jp/chintai/kanto/chiba/30_5270_room.html?JKSS=000011411,<li>JR常磐線「北松戸」駅 徒歩7～12分</li><li>京成松戸線「上本郷」駅 徒歩28～32分</li><li>JR常磐線「馬橋」駅 徒歩10～14分</li>
chiba,matsudo,プロムナード北松戸,111500,JR常磐線「馬橋」駅,10.0,14.0,,,,松戸市新作134-5ほか,1号棟,鉄筋コンクリート造,14,N,1411号室,3DK,63,14,107200,4300,2か月,"['近居割', '近居割WIDE']",随時,https://www.ur-net.go.jp/chintai/kanto/chiba/30_5270_room.html?JKSS=000011411,<li>JR常磐線「北松戸」駅 徒歩7～12分</li><li>京成松戸線「上本郷」駅 徒歩28～32分</li><li>JR常磐線「馬橋」駅 徒歩10～14分</li>
chiba,matsudo,プロムナード北松戸,111500,,,,,,,松戸市新作134-5ほか,1号棟,鉄筋コンクリート造,14,N,1411号室,3DK,63,14,107200,4300,2か月,"['近居割', '近居割WIDE']",随時,https://www.ur-net.go.jp/chintai/kanto/chiba/30_5270_room.html?JKSS=000011411,<li>JR常磐線「北松戸」駅 徒歩7～12分</li><li>京成松戸線「上本郷」駅 徒歩28～32分</li><li>JR常磐線「馬橋」駅 徒歩10～14分</li>
chiba,matsudo,プロムナード北松戸,122200,JR常磐線「北松戸」駅,7.0,12.0,,,,松戸市新作134-5ほか,1号棟,鉄筋コンクリート造,5,N,515号室,3LDK,74,14,117900,4300,2か月,"['近居割', '近居割WIDE']",随時,https://www.ur-net.go.jp/chintai/kanto/chiba/30_5270_room.html?JKSS=000010515,<li>JR常磐線「北松戸」駅 徒歩7～12分</li><li>京成松戸線「上本郷」駅 徒歩28～32分</li><li>JR常磐線「馬橋」駅 徒歩10～14分</li>
chiba,matsudo,プロムナード北松戸,122200,京成松戸線「上本郷」駅,28.0,32.0,,,,松戸市新作134-5ほか,1号棟,鉄筋コンクリート造,5,N,515号室,3LDK,74,14,117900,4300,2か月,"['近居割', '近居割WIDE']",随時,https://www.ur-net.go.jp/chintai/kanto/chiba/30_5270_room.html?JKSS=000010515,<li>JR常磐線「北松戸」駅 徒歩7～12分</li><li>京成松戸線「上本郷」駅 徒歩28～32分</li><li>JR常磐線「馬橋」駅 徒歩10～14分</li>
chiba,matsudo,プロムナード北松戸,122200,JR常磐線「馬橋」駅,10.0,14.0,,,,松戸市新作134-5ほか,1号棟,鉄筋コンクリート造,5,N,515号室,3LDK,74,14,117900,4300,2か月,"['近居割', '近居割WIDE']",随時,https://www.ur-net.go.jp/chintai/kanto/chiba/30_5270_room.html?JKSS=000010515,<li>JR常磐線「北松戸」駅 徒歩7～12分</li><li>京成松戸線「上本郷」駅 徒歩28～32分</li><li>JR常磐線「馬橋」駅 徒歩10～14分</li>
chiba,matsudo,プロムナード北松戸,122200,,,,,,,松戸市新作134-5ほか,1号棟,鉄筋コンクリート造,5,N,515号室,3LDK,74,14,117900,4300,2か月,"['近居割', '近居割WIDE']",随時,https://www.ur-net.go.jp/chintai/kanto/chiba/30_5270_room.html?JKSS=000010515,<li>JR常磐線「北松戸」駅 徒歩7～12分</li><li>京成松戸線「上本郷」駅 徒歩28～32分</li><li>JR常磐線「馬橋」駅 徒歩10～14分</li>
chiba,matsudo,アクティ北松戸,128920,JR常磐線「北松戸」駅,6.0,7.0,,,,松戸市上本郷364-3,1号棟,鉄筋コンクリート造,6,N,601号室,3LDK,75,14,126100,2820,2か月,"['近居割', '近居割WIDE']",随時,https://www.ur-net.go.jp/chintai/kanto/chiba/30_4980_room.html?JKSS=000010601,<li>JR常磐線「北松戸」駅 徒歩6～7分</li><li>JR常磐線「松戸」駅 徒歩25分</li><li>JR常磐線「馬橋」駅 徒歩27～28分</li>
chiba,matsudo,アクティ北松戸,128920,JR常磐線「松戸」駅,25.0,25.0,,,,松戸市上本郷364-3,1号棟,鉄筋コンクリート造,6,N,601号室,3LDK,75,14,126100,2820,2か月,"['近居割', '近居割WIDE']",随時,https://www.ur-net.go.jp/chintai/kanto/chiba/30_4980_room.html?JKSS=000010601,<li>JR常磐線「北松戸」駅 徒歩6～7分</li><li>JR常磐線「松戸」駅 徒歩25分</li><li>JR常磐線「馬橋」駅 徒歩27～28分</li>
chiba,matsudo,アクティ北松戸,128920,JR常磐線「馬橋」駅,27.0,28.0,,,,松戸市上本郷364-3,1号棟,鉄筋コンクリート造,6,N,601号室,3LDK,75,14,126100,2820,2か月,"['近居割', '近居割WIDE']",随時,https://www.ur-net.go.jp/chintai/kanto/chiba/30_4980_room.html?JKSS=000010601,<li>JR常磐線「北松戸」駅 徒歩6～7分</li><li>JR常磐線「松戸」駅 徒歩25分</li><li>JR常磐線「馬橋」駅 徒歩27～28分</li>
chiba,matsudo,アクティ北松戸,128920,,,,,,,松戸市上本郷364-3,1号棟,鉄筋コンクリート造,6,N,601号室,3LDK,75,14,126100,2820,2か月,"['近居割', '近居割WIDE']",随時,https://www.ur-net.go.jp/chintai/kanto/chiba/30_4980_room.html?JKSS=000010601,<li>JR常磐線「北松戸」駅 徒歩6～7分</li><li>JR常磐線「松戸」駅 徒歩25分</li><li>JR常磐線「馬橋」駅 徒歩27～28分</li>
chiba,kashiwa,パークサイド鎌ヶ谷,110800,東武野田線「鎌ケ谷」駅,12.0,15.0,,,,鎌ケ谷市東中沢2-21ほか,19号棟,鉄筋コンクリート造,5,N,501号室,4LDK,86,5,107700,3100,2か月,['近居割'],随時,https://www.ur-net.go.jp/chintai/kanto/chiba/30_5580_room.html?JKSS=000190501,<li>東武野田線「鎌ケ谷」駅 徒歩12～15分</li><li>京成松戸線「北初富」駅 徒歩13～17分</li><li>京成松戸線「初富」駅 徒歩14～19分</li>
chiba,kashiwa,パークサイド鎌ヶ谷,110800,京成松戸線「北初富」駅,13.0,17.0,,,,鎌ケ谷市東中沢2-21ほか,19号棟,鉄筋コンクリート造,5,N,501号室,4LDK,86,5,107700,3100,2か月,['近居割'],随時,https://www.ur-net.go.jp/chintai/kanto/chiba/30_5580_room.html?JKSS=000190501,<li>東武野田線「鎌ケ谷」駅 徒歩12～15分</li><li>京成松戸線「北初富」駅 徒歩13～17分</li><li>京成松戸線「初富」駅 徒歩14～19分</li>
chiba,kashiwa,パークサイド鎌ヶ谷,110800,京成松戸線「初富」駅,14.0,19.0,,,,鎌ケ谷市東中沢2-21ほか,19号棟,鉄筋コンクリート造,5,N,501号室,4LDK,86,5,107700,3100,2か月,['近居割'],随時,https://www.ur-net.go.jp/chintai/kanto/chiba/30_5580_room.html?JKSS=000190501,<li>東武野田線「鎌ケ谷」駅 徒歩12～15分</li><li>京成松戸線「北初富」駅 徒歩13～17分</li><li>京成松戸線「初富」駅 徒歩14～19分</li>
chiba,kashiwa,パークサイド鎌ヶ谷,110800,,,,,,,鎌ケ谷市東中沢2-21ほか,19号棟,鉄筋コンクリート造,5,N,501号室,4LDK,86,5,107700,3100,2か月,['近居割'],随時,https://www.ur-net.go.jp/chintai/kanto/chiba/30_5580_room.html?JKSS=000190501,<li>東武野田線「鎌ケ谷」駅 徒歩12～15分</li><li>京成松戸線「北初富」駅 徒歩13～17分</li><li>京成松戸線「初富」駅 徒歩14～19分</li>
chiba,kashiwa,パークサイド鎌ヶ谷,120400,東武野田線「鎌ケ谷」駅,12.0,15.0,,,,鎌ケ谷市東中沢2-21ほか,15号棟,鉄筋コンクリート造,2,N,201号室,4LDK,86,5,117300,3100,2か月,['近居割'],随時,https://www.ur-net.go.jp/chintai/kanto/chiba/30_5580_room.html?JKSS=000150201,<li>東武野田線「鎌ケ谷」駅 徒歩12～15分</li><li>京成松戸線「北初富」駅 徒歩13～17分</li><li>京成松戸線「初富」駅 徒歩14～19分</li>
chiba,kashiwa,パークサイド鎌ヶ谷,120400,京成松戸線「北初富」駅,13.0,17.0,,,,鎌ケ谷市東中沢2-21ほか,15号棟,鉄筋コンクリート造,2,N,201号室,4LDK,86,5,117300,3100,2か月,['近居割'],随時,https://www.ur-net.go.jp/chintai/kanto/chiba/30_5580_room.html?JKSS=000150201,<li>東武野田線「鎌ケ谷」駅 徒歩12～15分</li><li>京成松戸線「北初富」駅 徒歩13～17分</li><li>京成松戸線「初富」駅 徒歩14～19分</li>
chiba,kashiwa,パークサイド鎌ヶ谷,120400,京成松戸線「初富」駅,14.0,19.0,,,,鎌ケ谷市東中沢2-21ほか,15号棟,鉄筋コンクリート造,2,N,201号室,4LDK,86,5,117300,3100,2か月,['近居割'],随時,https://www.ur-net.go.jp/chintai/kanto/chiba/30_5580_room.html?JKSS=000150201,<li>東武野田線「鎌ケ谷」駅 徒歩12～15分</li><li>京成松戸線「北初富」駅 徒歩13～17分</li><li>京成松戸線「初富」駅 徒歩14～19分</li>
chiba,kashiwa,パークサイド鎌ヶ谷,120400,,,,,,,鎌ケ谷市東中沢2-21ほか,15号棟,鉄筋コンクリート造,2,N,201号室,4LDK,86,5,117300,3100,2か月,['近居割'],随時,https://www.ur-net.go.jp/chintai/kanto/chiba/30_5580_room.html?JKSS=000150201,<li>東武野田線「鎌ケ谷」駅 徒歩12～15分</li><li>京成松戸線「北初富」駅 徒歩13～17分</li><li>京成松戸線「初富」駅 徒歩14～19分</li>
chiba,chibant,千葉ニュータウン内野,88300,,,,北総鉄道「千葉ニュータウン中央」駅,5.0,9.0,印西市内野2-5ほか,2-6-7号棟,鉄筋コンクリート造,5,N,502号室,4LDK,107,5,81800,6500,2か月,"['近居割', '近居割WIDE']",随時,https://www.ur-net.go.jp/chintai/kanto/chiba/30_3580_room.html?JKSS=206070502,<li>北総鉄道「千葉ニュータウン中央」駅バス3分 徒歩2～6分</li><li>北総鉄道「印西牧の原」駅 徒歩55～60分</li><li>北総鉄道「小室」駅 徒歩94～98分</li>
chiba,chibant,千葉ニュータウン内野,88300,北総鉄道「印西牧の原」駅,55.0,60.0,,,,印西市内野2-5ほか,2-6-7号棟,鉄筋コンクリート造,5,N,502号室,4LDK,107,5,81800,6500,2か月,"['近居割', '近居割WIDE']",随時,https://www.ur-net.go.jp/chintai/kanto/chiba/30_3580_room.html?JKSS=206070502,<li>北総鉄道「千葉ニュータウン中央」駅バス3分 徒歩2～6分</li><li>北総鉄道「印西牧の原」駅 徒歩55～60分</li><li>北総鉄道「小室」駅 徒歩94～98分</li>
chiba,chibant,千葉ニュータウン内野,88300,北総鉄道「小室」駅,94.0,98.0,,,,印西市内野2-5ほか,2-6-7号棟,鉄筋コンクリート造,5,N,502号室,4LDK,107,5,81800,6500,2か月,"['近居割', '近居割WIDE']",随時,https://www.ur-net.go.jp/chintai/kanto/chiba/30_3580_room.html?JKSS=206070502,<li>北総鉄道「千葉ニュータウン中央」駅バス3分 徒歩2～6分</li><li>北総鉄道「印西牧の原」駅 徒歩55～60分</li><li>北総鉄道「小室」駅 徒歩94～98分</li>
chiba,chibant,千葉ニュータウン内野,88300,,,,,,,印西市内野2-5ほか,2-6-7号棟,鉄筋コンクリート造,5,N,502号室,4LDK,107,5,81800,6500,2か月,"['近居割', '近居割WIDE']",随時,https://www.ur-net.go.jp/chintai/kanto/chiba/30_3580_room.html?JKSS=206070502,<li>北総鉄道「千葉ニュータウン中央」駅バス3分 徒歩2～6分</li><li>北総鉄道「印西牧の原」駅 徒歩55～60分</li><li>北総鉄道「小室」駅 徒歩94～98分</li>
chiba,chibant,千葉ニュータウン原山,91000,,,,北総鉄道「千葉ニュータウン中央」駅,6.0,10.0,印西市原山3-8,3-8-14号棟,鉄筋コンクリート造,3,N,304号室,4LDK,110,5,85600,5400,2か月,"['近居割', '近居割WIDE']",随時,https://www.ur-net.go.jp/chintai/kanto/chiba/30_4050_room.html?JKSS=308140304,<li>北総鉄道「千葉ニュータウン中央」駅バス5分 徒歩1～5分</li><li>北総鉄道「印西牧の原」駅バス10～13分 徒歩1～4分</li><li>JR成田線「木下」駅バス11～12分 徒歩2～6分</li>
chiba,chibant,千葉ニュータウン原山,91000,,,,北総鉄道「印西牧の原」駅,11.0,17.0,印西市原山3-8,3-8-14号棟,鉄筋コンクリート造,3,N,304号室,4LDK,110,5,85600,5400,2か月,"['近居割', '近居割WIDE']",随時,https://www.ur-net.go.jp/chintai/kanto/chiba/30_4050_room.html?JKSS=308140304,<li>北総鉄道「千葉ニュータウン中央」駅バス5分 徒歩1～5分</li><li>北総鉄道「印西牧の原」駅バス10～13分 徒歩1～4分</li><li>JR成田線「木下」駅バス11～12分 徒歩2～6分</li>
chiba,chibant,千葉ニュータウン原山,91000,,,,JR成田線「木下」駅,13.0,18.0,印西市原山3-8,3-8-14号棟,鉄筋コンクリート造,3,N,304号室,4LDK,110,5,85600,5400,2か月,"['近居割', '近居割WIDE']",随時,https://www.ur-net.go.jp/chintai/kanto/chiba/30_4050_room.html?JKSS=308140304,<li>北総鉄道「千葉ニュータウン中央」駅バス5分 徒歩1～5分</li><li>北総鉄道「印西牧の原」駅バス10～13分 徒歩1～4分</li><li>JR成田線「木下」駅バス11～12分 徒歩2～6分</li>
chiba,chibant,千葉ニュータウン原山,91000,,,,,,,印西市原山3-8,3-8-14号棟,鉄筋コンクリート造,3,N,304号室,4LDK,110,5,85600,5400,2か月,"['近居割', '近居割WIDE']",随時,https://www.ur-net.go.jp/chintai/kanto/chiba/30_4050_room.html?JKSS=308140304,<li>北総鉄道「千葉ニュータウン中央」駅バス5分 徒歩1～5分</li><li>北総鉄道「印西牧の原」駅バス10～13分 徒歩1～4分</li><li>JR成田線「木下」駅バス11～12分 徒歩2～6分</li>
chiba,chibant,千葉ニュータウンプラザ西白井２番街,103220,北総鉄道「西白井」駅,4.0,8.0,,,,白井市けやき台2-2,5号棟,鉄筋コンクリート造,5,N,502号室,3LDK,77,5,100900,2320,2か月,"['近居割', '近居割WIDE']",随時,https://www.ur-net.go.jp/chintai/kanto/chiba/30_5260_room.html?JKSS=000050502,<li>北総鉄道「西白井」駅 徒歩4～8分</li><li>北総鉄道「白井」駅 徒歩30～34分</li><li>東武野田線「新鎌ヶ谷」駅 徒歩44～47分</li>
chiba,chibant,千葉ニュータウンプラザ西白井２番街,103220,北総鉄道「白井」駅,30.0,34.0,,,,白井市けやき台2-2,5号棟,鉄筋コンクリート造,5,N,502号室,3LDK,77,5,100900,2320,2か月,"['近居割', '近居割WIDE']",随時,https://www.ur-net.go.jp/chintai/kanto/chiba/30_5260_room.html?JKSS=000050502,<li>北総鉄道「西白井」駅 徒歩4～8分</li><li>北総鉄道「白井」駅 徒歩30～34分</li><li>東武野田線「新鎌ヶ谷」駅 徒歩44～47分</li>
chiba,chibant,千葉ニュータウンプラザ西白井２番街,103220,東武野田線「新鎌ヶ谷」駅,44.0,47.0,,,,白井市けやき台2-2,5号棟,鉄筋コンクリート造,5,N,502号室,3LDK,77,5,100900,2320,2か月,"['近居割', '近居割WIDE']",随時,https://www.ur-net.go.jp/chintai/kanto/chiba/30_5260_room.html?JKSS=000050502,<li>北総鉄道「西白井」駅 徒歩4～8分</li><li>北総鉄道「白井」駅 徒歩30～34分</li><li>東武野田線「新鎌ヶ谷」駅 徒歩44～47分</li>
chiba,chibant,千葉ニュータウンプラザ西白井２番街,103220,,,,,,,白井市けやき台2-2,5号棟,鉄筋コンクリート造,5,N,502号室,3LDK,77,5,100900,2320,2か月,"['近居割', '近居割WIDE']",随時,https://www.ur-net.go.jp/chintai/kanto/chiba/30_5260_room.html?JKSS=000050502,<li>北総鉄道「西白井」駅 徒歩4～8分</li><li>北総鉄道「白井」駅 徒歩30～34分</li><li>東武野田線「新鎌ヶ谷」駅 徒歩44～47分</li>
chiba,naritant,成田ニュータウン橋賀台,60000,,,,JR成田線「成田」駅,9.0,15.0,成田市橋賀台1-1ほか,1-1-2号棟,鉄筋コンクリート造、鉄骨鉄筋コンクリート造,4,N,406号室,3K,50,5,56000,4000,2か月,['近居割'],随時,https://www.ur-net.go.jp/chintai/kanto/chiba/30_3030_room.html?JKSS=101020406,<li>JR成田線「成田」駅バス7分 徒歩2～8分</li><li>京成本線「公津の杜」駅 徒歩23～32分</li><li>京成本線「京成成田」駅バス10分 徒歩3～11分</li>
chiba,naritant,成田ニュータウン橋賀台,60000,京成本線「公津の杜」駅,23.0,32.0,,,,成田市橋賀台1-1ほか,1-1-2号棟,鉄筋コンクリート造、鉄骨鉄筋コンクリート造,4,N,406号室,3K,50,5,56000,4000,2か月,['近居割'],随時,https://www.ur-net.go.jp/chintai/kanto/chiba/30_3030_room.html?JKSS=101020406,<li>JR成田線「成田」駅バス7分 徒歩2～8分</li><li>京成本線「公津の杜」駅 徒歩23～32分</li><li>京成本線「京成成田」駅バス10分 徒歩3～11分</li>
chiba,naritant,成田ニュータウン橋賀台,60000,,,,京成本線「京成成田」駅,13.0,21.0,成田市橋賀台1-1ほか,1-1-2号棟,鉄筋コンクリート造、鉄骨鉄筋コンクリート造,4,N,406号室,3K,50,5,56000,4000,2か月,['近居割'],随時,https://www.ur-net.go.jp/chintai/kanto/chiba/30_3030_room.html?JKSS=101020406,<li>JR成田線「成田」駅バス7分 徒歩2～8分</li><li>京成本線「公津の杜」駅 徒歩23～32分</li><li>京成本線「京成成田」駅バス10分 徒歩3～11分</li>
chiba,naritant,成田ニュータウン橋賀台,60000,,,,,,,成田市橋賀台1-1ほか,1-1-2号棟,鉄筋コンクリート造、鉄骨鉄筋コンクリート造,4,N,406号室,3K,50,5,56000,4000,2か月,['近居割'],随時,https://www.ur-net.go.jp/chintai/kanto/chiba/30_3030_room.html?JKSS=101020406,<li>JR成田線「成田」駅バス7分 徒歩2～8分</li><li>京成本線「公津の杜」駅 徒歩23～32分</li><li>京成本線「京成成田」駅バス10分 徒歩3～11分</li>
chiba,naritant,成田ニュータウン橋賀台,60000,,,,JR成田線「成田」駅,9.0,15.0,成田市橋賀台1-1ほか,1-1-3号棟,鉄筋コンクリート造、鉄骨鉄筋コンクリート造,4,N,401号室,3K,50,5,56000,4000,2か月,['近居割'],随時,https://www.ur-net.go.jp/chintai/kanto/chiba/30_3030_room.html?JKSS=101030401,<li>JR成田線「成田」駅バス7分 徒歩2～8分</li><li>京成本線「公津の杜」駅 徒歩23～32分</li><li>京成本線「京成成田」駅バス10分 徒歩3～11分</li>
chiba,naritant,成田ニュータウン橋賀台,60000,京成本線「公津の杜」駅,23.0,32.0,,,,成田市橋賀台1-1ほか,1-1-3号棟,鉄筋コンクリート造、鉄骨鉄筋コンクリート造,4,N,401号室,3K,50,5,56000,4000,2か月,['近居割'],随時,https://www.ur-net.go.jp/chintai/kanto/chiba/30_3030_room.html?JKSS=101030401,<li>JR成田線「成田」駅バス7分 徒歩2～8分</li><li>京成本線「公津の杜」駅 徒歩23～32分</li><li>京成本線「京成成田」駅バス10分 徒歩3～11分</li>
chiba,naritant,成田ニュータウン橋賀台,60000,,,,京成本線「京成成田」駅,13.0,21.0,成田市橋賀台1-1ほか,1-1-3号棟,鉄筋コンクリート造、鉄骨鉄筋コンクリート造,4,N,401号室,3K,50,5,56000,4000,2か月,['近居割'],随時,https://www.ur-net.go.jp/chintai/kanto/chiba/30_3030_room.html?JKSS=101030401,<li>JR成田線「成田」駅バス7分 徒歩2～8分</li><li>京成本線「公津の杜」駅 徒歩23～32分</li><li>京成本線「京成成田」駅バス10分 徒歩3～11分</li>
chiba,naritant,成田ニュータウン橋賀台,60000,,,,,,,成田市橋賀台1-1ほか,1-1-3号棟,鉄筋コンクリート造、鉄骨鉄筋コンクリート造,4,N,401号室,3K,50,5,56000,4000,2か月,['近居割'],随時,https://www.ur-net.go.jp/chintai/kanto/chiba/30_3030_room.html?JKSS=101030401,<li>JR成田線「成田」駅バス7分 徒歩2～8分</li><li>京成本線「公津の杜」駅 徒歩23～32分</li><li>京成本線「京成成田」駅バス10分 徒歩3～11分</li>
chiba,naritant,成田ニュータウン橋賀台,63700,,,,JR成田線「成田」駅,9.0,15.0,成田市橋賀台1-1ほか,3-5-21号棟,鉄筋コンクリート造、鉄骨鉄筋コンクリート造,1,N,102号室,3DK,55,5,59700,4000,2か月,['近居割'],随時,https://www.ur-net.go.jp/chintai/kanto/chiba/30_3030_room.html?JKSS=305210102,<li>JR成田線「成田」駅バス7分 徒歩2～8分</li><li>京成本線「公津の杜」駅 徒歩23～32分</li><li>京成本線「京成成田」駅バス10分 徒歩3～11分</li>
chiba,naritant,成田ニュータウン橋賀台,63700,京成本線「公津の杜」駅,23.0,32.0,,,,成田市橋賀台1-1ほか,3-5-21号棟,鉄筋コンクリート造、鉄骨鉄筋コンクリート造,1,N,102号室,3DK,55,5,59700,4000,2か月,['近居割'],随時,https://www.ur-net.go.jp/chintai/kanto/chiba/30_3030_room.html?JKSS=305210102,<li>JR成田線「成田」駅バス7分 徒歩2～8分</li><li>京成本線「公津の杜」駅 徒歩23～32分</li><li>京成本線「京成成田」駅バス10分 徒歩3～11分</li>
chiba,naritant,成田ニュータウン橋賀台,63700,,,,京成本線「京成成田」駅,13.0,21.0,成田市橋賀台1-1ほか,3-5-21号棟,鉄筋コンクリート造、鉄骨鉄筋コンクリート造,1,N,102号室,3DK,55,5,59700,4000,2か月,['近居割'],随時,https://www.ur-net.go.jp/chintai/kanto/chiba/30_3030_room.html?JKSS=305210102,<li>JR成田線「成田」駅バス7分 徒歩2～8分</li><li>京成本線「公津の杜」駅 徒歩23～32分</li><li>京成本線「京成成田」駅バス10分 徒歩3～11分</li>
chiba,naritant,成田ニュータウン橋賀台,63700,,,,,,,成田市橋賀台1-1ほか,3-5-21号棟,鉄筋コンクリート造、鉄骨鉄筋コンクリート造,1,N,102号室,3DK,55,5,59700,4000,2か月,['近居割'],随時,https://www.ur-net.go.jp/chintai/kanto/chiba/30_3030_room.html?JKSS=305210102,<li>JR成田線「成田」駅バス7分 徒歩2～8分</li><li>京成本線「公津の杜」駅 徒歩23～32分</li><li>京成本線「京成成田」駅バス10分 徒歩3～11分</li>
saitama,sengendai,せんげん台パークタウン三番街,87190,東武伊勢崎線「せんげん台」駅,10.0,13.0,,,,越谷市千間台西3-3,3-13号棟,鉄筋コンクリート造,5,N,503号室,3LDK,74,5,84700,2490,2か月,['近居割'],随時,https://www.ur-net.go.jp/chintai/kanto/saitama/50_2180_room.html?JKSS=003130503,<li>東武伊勢崎線「せんげん台」駅 徒歩10～13分</li><li>東武伊勢崎線「大袋」駅 徒歩25～27分</li><li>東武伊勢崎線「武里」駅 徒歩25～27分</li>
saitama,sengendai,せんげん台パークタウン三番街,87190,東武伊勢崎線「大袋」駅,25.0,27.0,,,,越谷市千間台西3-3,3-13号棟,鉄筋コンクリート造,5,N,503号室,3LDK,74,5,84700,2490,2か月,['近居割'],随時,https://www.ur-net.go.jp/chintai/kanto/saitama/50_2180_room.html?JKSS=003130503,<li>東武伊勢崎線「せんげん台」駅 徒歩10～13分</li><li>東武伊勢崎線「大袋」駅 徒歩25～27分</li><li>東武伊勢崎線「武里」駅 徒歩25～27分</li>
saitama,sengendai,せんげん台パークタウン三番街,87190,東武伊勢崎線「武里」駅,25.0,27.0,,,,越谷市千間台西3-3,3-13号棟,鉄筋コンクリート造,5,N,503号室,3LDK,74,5,84700,2490,2か月,['近居割'],随時,https://www.ur-net.go.jp/chintai/kanto/saitama/50_2180_room.html?JKSS=003130503,<li>東武伊勢崎線「せんげん台」駅 徒歩10～13分</li><li>東武伊勢崎線「大袋」駅 徒歩25～27分</li><li>東武伊勢崎線「武里」駅 徒歩25～27分</li>
saitama,sengendai,せんげん台パークタウン三番街,87190,,,,,,,越谷市千間台西3-3,3-13号棟,鉄筋コンクリート造,5,N,503号室,3LDK,74,5,84700,2490,2か月,['近居割'],随時,https://www.ur-net.go.jp/chintai/kanto/saitama/50_2180_room.html?JKSS=003130503,<li>東武伊勢崎線「せんげん台」駅 徒歩10～13分</li><li>東武伊勢崎線「大袋」駅 徒歩25～27分</li><li>東武伊勢崎線「武里」駅 徒歩25～27分</li>
saitama,sengendai,せんげん台パークタウン四番街,98510,東武伊勢崎線「せんげん台」駅,9.0,11.0,,,,越谷市千間台西3-4,4-4号棟,鉄筋コンクリート造,5,N,505号室,3LDK,80,5,95700,2810,2か月,['近居割'],随時,https://www.ur-net.go.jp/chintai/kanto/saitama/50_2070_room.html?JKSS=004040505,<li>東武伊勢崎線「せんげん台」駅 徒歩9～11分</li><li>東武伊勢崎線「大袋」駅 徒歩24～27分</li><li>東武伊勢崎線「武里」駅 徒歩25～27分</li>
saitama,sengendai,せんげん台パークタウン四番街,98510,東武伊勢崎線「大袋」駅,24.0,27.0,,,,越谷市千間台西3-4,4-4号棟,鉄筋コンクリート造,5,N,505号室,3LDK,80,5,95700,2810,2か月,['近居割'],随時,https://www.ur-net.go.jp/chintai/kanto/saitama/50_2070_room.html?JKSS=004040505,<li>東武伊勢崎線「せんげん台」駅 徒歩9～11分</li><li>東武伊勢崎線「大袋」駅 徒歩24～27分</li><li>東武伊勢崎線「武里」駅 徒歩25～27分</li>
saitama,sengendai,せんげん台パークタウン四番街,98510,東武伊勢崎線「武里」駅,25.0,27.0,,,,越谷市千間台西3-4,4-4号棟,鉄筋コンクリート造,5,N,505号室,3LDK,80,5,95700,2810,2か月,['近居割'],随時,https://www.ur-net.go.jp/chintai/kanto/saitama/50_2070_room.html?JKSS=004040505,<li>東武伊勢崎線「せんげん台」駅 徒歩9～11分</li><li>東武伊勢崎線「大袋」駅 徒歩24～27分</li><li>東武伊勢崎線「武里」駅 徒歩25～27分</li>
saitama,sengendai,せんげん台パークタウン四番街,98510,,,,,,,越谷市千間台西3-4,4-4号棟,鉄筋コンクリート造,5,N,505号室,3LDK,80,5,95700,2810,2か月,['近居割'],随時,https://www.ur-net.go.jp/chintai/kanto/saitama/50_2070_room.html?JKSS=004040505,<li>東武伊勢崎線「せんげん台」駅 徒歩9～11分</li><li>東武伊勢崎線「大袋」駅 徒歩24～27分</li><li>東武伊勢崎線「武里」駅 徒歩25～27分</li>
saitama,sengendai,せんげん台パークタウン四番街,111210,東武伊勢崎線「せんげん台」駅,9.0,11.0,,,,越谷市千間台西3-4,4-6号棟,鉄筋コンクリート造,3,N,303号室,3LDK,88,5,108400,2810,2か月,['近居割'],随時,https://www.ur-net.go.jp/chintai/kanto/saitama/50_2070_room.html?JKSS=004060303,<li>東武伊勢崎線「せんげん台」駅 徒歩9～11分</li><li>東武伊勢崎線「大袋」駅 徒歩24～27分</li><li>東武伊勢崎線「武里」駅 徒歩25～27分</li>
saitama,sengendai,せんげん台パークタウン四番街,111210,東武伊勢崎線「大袋」駅,24.0,27.0,,,,越谷市千間台西3-4,4-6号棟,鉄筋コンクリート造,3,N,303号室,3LDK,88,5,108400,2810,2か月,['近居割'],随時,https://www.ur-net.go.jp/chintai/kanto/saitama/50_2070_room.html?JKSS=004060303,<li>東武伊勢崎線「せんげん台」駅 徒歩9～11分</li><li>東武伊勢崎線「大袋」駅 徒歩24～27分</li><li>東武伊勢崎線「武里」駅 徒歩25～27分</li>
saitama,sengendai,せんげん台パークタウン四番街,111210,東武伊勢崎線「武里」駅,25.0,27.0,,,,越谷市千間台西3-4,4-6号棟,鉄筋コンクリート造,3,N,303号室,3LDK,88,5,108400,2810,2か月,['近居割'],随時,https://www.ur-net.go.jp/chintai/kanto/saitama/50_2070_room.html?JKSS=004060303,<li>東武伊勢崎線「せんげん台」駅 徒歩9～11分</li><li>東武伊勢崎線「大袋」駅 徒歩24～27分</li><li>東武伊勢崎線「武里」駅 徒歩25～27分</li>
saitama,sengendai,せんげん台パークタウン四番街,111210,,,,,,,越谷市千間台西3-4,4-6号棟,鉄筋コンクリート造,3,N,303号室,3LDK,88,5,108400,2810,2か月,['近居割'],随時,https://www.ur-net.go.jp/chintai/kanto/saitama/50_2070_room.html?JKSS=004060303,<li>東武伊勢崎線「せんげん台」駅 徒歩9～11分</li><li>東武伊勢崎線「大袋」駅 徒歩24～27分</li><li>東武伊勢崎線「武里」駅 徒歩25～27分</li>
saitama,sengendai,せんげん台パークタウン四番街,113510,東武伊勢崎線「せんげん台」駅,9.0,11.0,,,,越谷市千間台西3-4,4-3号棟,鉄筋コンクリート造,5,N,507号室,4LDK,106,5,110700,2810,2か月,['近居割'],随時,https://www.ur-net.go.jp/chintai/kanto/saitama/50_2070_room.html?JKSS=004030507,<li>東武伊勢崎線「せんげん台」駅 徒歩9～11分</li><li>東武伊勢崎線「大袋」駅 徒歩24～27分</li><li>東武伊勢崎線「武里」駅 徒歩25～27分</li>
saitama,sengendai,せんげん台パークタウン四番街,113510,東武伊勢崎線「大袋」駅,24.0,27.0,,,,越谷市千間台西3-4,4-3号棟,鉄筋コンクリート造,5,N,507号室,4LDK,106,5,110700,2810,2か月,['近居割'],随時,https://www.ur-net.go.jp/chintai/kanto/saitama/50_2070_room.html?JKSS=004030507,<li>東武伊勢崎線「せんげん台」駅 徒歩9～11分</li><li>東武伊勢崎線「大袋」駅 徒歩24～27分</li><li>東武伊勢崎線「武里」駅 徒歩25～27分</li>
saitama,sengendai,せんげん台パークタウン四番街,113510,東武伊勢崎線「武里」駅,25.0,27.0,,,,越谷市千間台西3-4,4-3号棟,鉄筋コンクリート造,5,N,507号室,4LDK,106,5,110700,2810,2か月,['近居割'],随時,https://www.ur-net.go.jp/chintai/kanto/saitama/50_2070_room.html?JKSS=004030507,<li>東武伊勢崎線「せんげん台」駅 徒歩9～11分</li><li>東武伊勢崎線「大袋」駅 徒歩24～27分</li><li>東武伊勢崎線「武里」駅 徒歩25～27分</li>
saitama,sengendai,せんげん台パークタウン四番街,113510,,,,,,,越谷市千間台西3-4,4-3号棟,鉄筋コンクリート造,5,N,507号室,4LDK,106,5,110700,2810,2か月,['近居割'],随時,https://www.ur-net.go.jp/chintai/kanto/saitama/50_2070_room.html?JKSS=004030507,<li>東武伊勢崎線「せんげん台」駅 徒歩9～11分</li><li>東武伊勢崎線「大袋」駅 徒歩24～27分</li><li>東武伊勢崎線「武里」駅 徒歩25～27分</li>
saitama,misato,みさと,58600,JR武蔵野線「新三郷」駅,6.0,25.0,JR武蔵野線「新三郷」駅,2.0,11.0,三郷市彦成3ほか,3-15号棟,鉄筋コンクリート造、鉄骨鉄筋コンクリート造,5,N,504号室,3K,48,5,55600,3000,2か月,"['近居割', '近居割WIDE']",随時,https://www.ur-net.go.jp/chintai/kanto/saitama/50_1561_room.html?JKSS=000315504,<li>JR武蔵野線「新三郷」駅 徒歩6～25分</li><li>JR武蔵野線「吉川美南」駅 徒歩12～29分</li><li>JR武蔵野線「新三郷」駅バス1～6分 徒歩1～5分</li>
saitama,misato,みさと,58600,JR武蔵野線「吉川美南」駅,12.0,29.0,,,,三郷市彦成3ほか,3-15号棟,鉄筋コンクリート造、鉄骨鉄筋コンクリート造,5,N,504号室,3K,48,5,55600,3000,2か月,"['近居割', '近居割WIDE']",随時,https://www.ur-net.go.jp/chintai/kanto/saitama/50_1561_room.html?JKSS=000315504,<li>JR武蔵野線「新三郷」駅 徒歩6～25分</li><li>JR武蔵野線「吉川美南」駅 徒歩12～29分</li><li>JR武蔵野線「新三郷」駅バス1～6分 徒歩1～5分</li>
saitama,misato,みさと,58600,,,,,,,三郷市彦成3ほか,3-15号棟,鉄筋コンクリート造、鉄骨鉄筋コンクリート造,5,N,504号室,3K,48,5,55600,3000,2か月,"['近居割', '近居割WIDE']",随時,https://www.ur-net.go.jp/chintai/kanto/saitama/50_1561_room.html?JKSS=000315504,<li>JR武蔵野線「新三郷」駅 徒歩6～25分</li><li>JR武蔵野線「吉川美南」駅 徒歩12～29分</li><li>JR武蔵野線「新三郷」駅バス1～6分 徒歩1～5分</li>
saitama,misato,みさと,74000,JR武蔵野線「新三郷」駅,6.0,25.0,JR武蔵野線「新三郷」駅,2.0,11.0,三郷市彦成3ほか,3-13号棟,鉄筋コンクリート造、鉄骨鉄筋コンクリート造,4,N,401号室,2DK,48,5,71000,3000,2か月,"['近居割', '近居割WIDE']",随時,https://www.ur-net.go.jp/chintai/kanto/saitama/50_1561_room.html?JKSS=000313401,<li>JR武蔵野線「新三郷」駅 徒歩6～25分</li><li>JR武蔵野線「吉川美南」駅 徒歩12～29分</li><li>JR武蔵野線「新三郷」駅バス1～6分 徒歩1～5分</li>
saitama,misato,みさと,74000,JR武蔵野線「吉川美南」駅,12.0,29.0,,,,三郷市彦成3ほか,3-13号棟,鉄筋コンクリート造、鉄骨鉄筋コンクリート造,4,N,401号室,2DK,48,5,71000,3000,2か月,"['近居割', '近居割WIDE']",随時,https://www.ur-net.go.jp/chintai/kanto/saitama/50_1561_room.html?JKSS=000313401,<li>JR武蔵野線「新三郷」駅 徒歩6～25分</li><li>JR武蔵野線「吉川美南」駅 徒歩12～29分</li><li>JR武蔵野線「新三郷」駅バス1～6分 徒歩1～5分</li>
saitama,misato,みさと,74000,,,,,,,三郷市彦成3ほか,3-13号棟,鉄筋コンクリート造、鉄骨鉄筋コンクリート造,4,N,401号室,2DK,48,5,71000,3000,2か月,"['近居割', '近居割WIDE']",随時,https://www.ur-net.go.jp/chintai/kanto/saitama/50_1561_room.html?JKSS=000313401,<li>JR武蔵野線「新三郷」駅 徒歩6～25分</li><li>JR武蔵野線「吉川美南」駅 徒歩12～29分</li><li>JR武蔵野線「新三郷」駅バス1～6分 徒歩1～5分</li>
saitama,misato,みさと,76100,JR武蔵野線「新三郷」駅,6.0,25.0,JR武蔵野線「新三郷」駅,2.0,11.0,三郷市彦成3ほか,11-18号棟,鉄筋コンクリート造、鉄骨鉄筋コンクリート造,2,N,203号室,2DK,49,5,73100,3000,2か月,"['近居割', '近居割WIDE']",随時,https://www.ur-net.go.jp/chintai/kanto/saitama/50_1561_room.html?JKSS=011180203,<li>JR武蔵野線「新三郷」駅 徒歩6～25分</li><li>JR武蔵野線「吉川美南」駅 徒歩12～29分</li><li>JR武蔵野線「新三郷」駅バス1～6分 徒歩1～5分</li>
saitama,misato,みさと,76100,JR武蔵野線「吉川美南」駅,12.0,29.0,,,,三郷市彦成3ほか,11-18号棟,鉄筋コンクリート造、鉄骨鉄筋コンクリート造,2,N,203号室,2DK,49,5,73100,3000,2か月,"['近居割', '近居割WIDE']",随時,https://www.ur-net.go.jp/chintai/kanto/saitama/50_1561_room.html?JKSS=011180203,<li>JR武蔵野線「新三郷」駅 徒歩6～25分</li><li>JR武蔵野線「吉川美南」駅 徒歩12～29分</li><li>JR武蔵野線「新三郷」駅バス1～6分 徒歩1～5分</li>
saitama,misato,みさと,76100,,,,,,,三郷市彦成3ほか,11-18号棟,鉄筋コンクリート造、鉄骨鉄筋コンクリート造,2,N,203号室,2DK,49,5,73100,3000,2か月,"['近居割', '近居割WIDE']",随時,https://www.ur-net.go.jp/chintai/kanto/saitama/50_1561_room.html?JKSS=011180203,<li>JR武蔵野線「新三郷」駅 徒歩6～25分</li><li>JR武蔵野線「吉川美南」駅 徒歩12～29分</li><li>JR武蔵野線「新三郷」駅バス1～6分 徒歩1～5分</li>
saitama,misato,三郷早稲田パークハイツ,108300,JR武蔵野線「三郷」駅,17.0,20.0,JR武蔵野線「三郷」駅,4.0,12.0,三郷市早稲田7,7-5-1号棟,鉄筋コンクリート造,3,N,301号室,4LDK,93,5,105000,3300,2か月,"['近居割', '近居割WIDE']",随時,https://www.ur-net.go.jp/chintai/kanto/saitama/50_2230_room.html?JKSS=705010301,<li>JR武蔵野線「三郷」駅 徒歩17～20分</li><li>JR武蔵野線「三郷」駅バス3～8分 徒歩1～4分</li><li>JR武蔵野線「新三郷」駅 徒歩25～29分</li>
saitama,misato,三郷早稲田パークハイツ,108300,JR武蔵野線「新三郷」駅,25.0,29.0,,,,三郷市早稲田7,7-5-1号棟,鉄筋コンクリート造,3,N,301号室,4LDK,93,5,105000,3300,2か月,"['近居割', '近居割WIDE']",随時,https://www.ur-net.go.jp/chintai/kanto/saitama/50_2230_room.html?JKSS=705010301,<li>JR武蔵野線「三郷」駅 徒歩17～20分</li><li>JR武蔵野線「三郷」駅バス3～8分 徒歩1～4分</li><li>JR武蔵野線「新三郷」駅 徒歩25～29分</li>
saitama,misato,三郷早稲田パークハイツ,108300,,,,,,,三郷市早稲田7,7-5-1号棟,鉄筋コンクリート造,3,N,301号室,4LDK,93,5,105000,3300,2か月,"['近居割', '近居割WIDE']",随時,https://www.ur-net.go.jp/chintai/kanto/saitama/50_2230_room.html?JKSS=705010301,<li>JR武蔵野線「三郷」駅 徒歩17～20分</li><li>JR武蔵野線「三郷」駅バス3～8分 徒歩1～4分</li><li>JR武蔵野線「新三郷」駅 徒歩25～29分</li>
saitama,sengendai,わし宮,38500,東武伊勢崎線「鷲宮」駅,14.0,20.0,,,,久喜市上内478,2-38号棟,鉄筋コンクリート造,5,N,502号室,2DK,41,5,34600,3900,2か月,['近居割WIDE'],随時,https://www.ur-net.go.jp/chintai/kanto/saitama/50_1430_room.html?JKSS=000238502,<li>東武伊勢崎線「鷲宮」駅 徒歩14～20分</li><li>JR東北本線「東鷲宮」駅 徒歩22～33分</li><li>JR東北本線「久喜」駅 徒歩41～47分</li>
saitama,sengendai,わし宮,38500,JR東北本線「東鷲宮」駅,22.0,33.0,,,,久喜市上内478,2-38号棟,鉄筋コンクリート造,5,N,502号室,2DK,41,5,34600,3900,2か月,['近居割WIDE'],随時,https://www.ur-net.go.jp/chintai/kanto/saitama/50_1430_room.html?JKSS=000238502,<li>東武伊勢崎線「鷲宮」駅 徒歩14～20分</li><li>JR東北本線「東鷲宮」駅 徒歩22～33分</li><li>JR東北本線「久喜」駅 徒歩41～47分</li>
saitama,sengendai,わし宮,38500,JR東北本線「久喜」駅,41.0,47.0,,,,久喜市上内478,2-38号棟,鉄筋コンクリート造,5,N,502号室,2DK,41,5,34600,3900,2か月,['近居割WIDE'],随時,https://www.ur-net.go.jp/chintai/kanto/saitama/50_1430_room.html?JKSS=000238502,<li>東武伊勢崎線「鷲宮」駅 徒歩14～20分</li><li>JR東北本線「東鷲宮」駅 徒歩22～33分</li><li>JR東北本線「久喜」駅 徒歩41～47分</li>
saitama,sengendai,わし宮,38500,,,,,,,久喜市上内478,2-38号棟,鉄筋コンクリート造,5,N,502号室,2DK,41,5,34600,3900,2か月,['近居割WIDE'],随時,https://www.ur-net.go.jp/chintai/kanto/saitama/50_1430_room.html?JKSS=000238502,<li>東武伊勢崎線「鷲宮」駅 徒歩14～20分</li><li>JR東北本線「東鷲宮」駅 徒歩22～33分</li><li>JR東北本線「久喜」駅 徒歩41～47分</li>
saitama,sengendai,わし宮,44100,東武伊勢崎線「鷲宮」駅,14.0,20.0,,,,久喜市上内478,2-10号棟,鉄筋コンクリート造,5,N,506号室,2LDK,48,5,40200,3900,2か月,['近居割WIDE'],随時,https://www.ur-net.go.jp/chintai/kanto/saitama/50_1430_room.html?JKSS=000210506,<li>東武伊勢崎線「鷲宮」駅 徒歩14～20分</li><li>JR東北本線「東鷲宮」駅 徒歩22～33分</li><li>JR東北本線「久喜」駅 徒歩41～47分</li>
saitama,sengendai,わし宮,44100,JR東北本線「東鷲宮」駅,22.0,33.0,,,,久喜市上内478,2-10号棟,鉄筋コンクリート造,5,N,506号室,2LDK,48,5,40200,3900,2か月,['近居割WIDE'],随時,https://www.ur-net.go.jp/chintai/kanto/saitama/50_1430_room.html?JKSS=000210506,<li>東武伊勢崎線「鷲宮」駅 徒歩14～20分</li><li>JR東北本線「東鷲宮」駅 徒歩22～33分</li><li>JR東北本線「久喜」駅 徒歩41～47分</li>
saitama,sengendai,わし宮,44100,JR東北本線「久喜」駅,41.0,47.0,,,,久喜市上内478,2-10号棟,鉄筋コンクリート造,5,N,506号室,2LDK,48,5,40200,3900,2か月,['近居割WIDE'],随時,https://www.ur-net.go.jp/chintai/kanto/saitama/50_1430_room.html?JKSS=000210506,<li>東武伊勢崎線「鷲宮」駅 徒歩14～20分</li><li>JR東北本線「東鷲宮」駅 徒歩22～33分</li><li>JR東北本線「久喜」駅 徒歩41～47分</li>
saitama,sengendai,わし宮,44100,,,,,,,久喜市上内478,2-10号棟,鉄筋コンクリート造,5,N,506号室,2LDK,48,5,40200,3900,2か月,['近居割WIDE'],随時,https://www.ur-net.go.jp/chintai/kanto/saitama/50_1430_room.html?JKSS=000210506,<li>東武伊勢崎線「鷲宮」駅 徒歩14～20分</li><li>JR東北本線「東鷲宮」駅 徒歩22～33分</li><li>JR東北本線「久喜」駅 徒歩41～47分</li>
saitama,sengendai,わし宮,46800,東武伊勢崎線「鷲宮」駅,14.0,20.0,,,,久喜市上内478,2-33号棟,鉄筋コンクリート造,5,N,506号室,3DK,52,5,42900,3900,2か月,['近居割WIDE'],随時,https://www.ur-net.go.jp/chintai/kanto/saitama/50_1430_room.html?JKSS=000233506,<li>東武伊勢崎線「鷲宮」駅 徒歩14～20分</li><li>JR東北本線「東鷲宮」駅 徒歩22～33分</li><li>JR東北本線「久喜」駅 徒歩41～47分</li>
saitama,sengendai,わし宮,46800,JR東北本線「東鷲宮」駅,22.0,33.0,,,,久喜市上内478,2-33号棟,鉄筋コンクリート造,5,N,506号室,3DK,52,5,42900,3900,2か月,['近居割WIDE'],随時,https://www.ur-net.go.jp/chintai/kanto/saitama/50_1430_room.html?JKSS=000233506,<li>東武伊勢崎線「鷲宮」駅 徒歩14～20分</li><li>JR東北本線「東鷲宮」駅 徒歩22～33分</li><li>JR東北本線「久喜」駅 徒歩41～47分</li>
saitama,sengendai,わし宮,46800,JR東北本線「久喜」駅,41.0,47.0,,,,久喜市上内478,2-33号棟,鉄筋コンクリート造,5,N,506号室,3DK,52,5,42900,3900,2か月,['近居割WIDE'],随時,https://www.ur-net.go.jp/chintai/kanto/saitama/50_1430_room.html?JKSS=000233506,<li>東武伊勢崎線「鷲宮」駅 徒歩14～20分</li><li>JR東北本線「東鷲宮」駅 徒歩22～33分</li><li>JR東北本線「久喜」駅 徒歩41～47分</li>
saitama,sengendai,わし宮,46800,,,,,,,久喜市上内478,2-33号棟,鉄筋コンクリート造,5,N,506号室,3DK,52,5,42900,3900,2か月,['近居割WIDE'],随時,https://www.ur-net.go.jp/chintai/kanto/saitama/50_1430_room.html?JKSS=000233506,<li>東武伊勢崎線「鷲宮」駅 徒歩14～20分</li><li>JR東北本線「東鷲宮」駅 徒歩22～33分</li><li>JR東北本線「久喜」駅 徒歩41～47分</li>
saitama,sengendai,わし宮,47000,東武伊勢崎線「鷲宮」駅,14.0,20.0,,,,久喜市上内478,2-28号棟,鉄筋コンクリート造,5,N,508号室,3DK,52,5,43100,3900,2か月,['フリレ１か月'],随時,https://www.ur-net.go.jp/chintai/kanto/saitama/50_1430_room.html?JKSS=000228508,<li>東武伊勢崎線「鷲宮」駅 徒歩14～20分</li><li>JR東北本線「東鷲宮」駅 徒歩22～33分</li><li>JR東北本線「久喜」駅 徒歩41～47分</li>
saitama,sengendai,わし宮,47000,JR東北本線「東鷲宮」駅,22.0,33.0,,,,久喜市上内478,2-28号棟,鉄筋コンクリート造,5,N,508号室,3DK,52,5,43100,3900,2か月,['フリレ１か月'],随時,https://www.ur-net.go.jp/chintai/kanto/saitama/50_1430_room.html?JKSS=000228508,<li>東武伊勢崎線「鷲宮」駅 徒歩14～20分</li><li>JR東北本線「東鷲宮」駅 徒歩22～33分</li><li>JR東北本線「久喜」駅 徒歩41～47分</li>
saitama,sengendai,わし宮,47000,JR東北本線「久喜」駅,41.0,47.0,,,,久喜市上内478,2-28号棟,鉄筋コンクリート造,5,N,508号室,3DK,52,5,43100,3900,2か月,['フリレ１か月'],随時,https://www.ur-net.go.jp/chintai/kanto/saitama/50_1430_room.html?JKSS=000228508,<li>東武伊勢崎線「鷲宮」駅 徒歩14～20分</li><li>JR東北本線「東鷲宮」駅 徒歩22～33分</li><li>JR東北本線「久喜」駅 徒歩41～47分</li>
saitama,sengendai,わし宮,47000,,,,,,,久喜市上内478,2-28号棟,鉄筋コンクリート造,5,N,508号室,3DK,52,5,43100,3900,2か月,['フリレ１か月'],随時,https://www.ur-net.go.jp/chintai/kanto/saitama/50_1430_room.html?JKSS=000228508,<li>東武伊勢崎線「鷲宮」駅 徒歩14～20分</li><li>JR東北本線「東鷲宮」駅 徒歩22～33分</li><li>JR東北本線「久喜」駅 徒歩41～47分</li>
saitama,sengendai,わし宮,48500,東武伊勢崎線「鷲宮」駅,14.0,20.0,,,,久喜市上内478,2-28号棟,鉄筋コンクリート造,4,N,406号室,3DK,52,5,44600,3900,2か月,['近居割WIDE'],随時,https://www.ur-net.go.jp/chintai/kanto/saitama/50_1430_room.html?JKSS=000228406,<li>東武伊勢崎線「鷲宮」駅 徒歩14～20分</li><li>JR東北本線「東鷲宮」駅 徒歩22～33分</li><li>JR東北本線「久喜」駅 徒歩41～47分</li>
saitama,sengendai,わし宮,48500,JR東北本線「東鷲宮」駅,22.0,33.0,,,,久喜市上内478,2-28号棟,鉄筋コンクリート造,4,N,406号室,3DK,52,5,44600,3900,2か月,['近居割WIDE'],随時,https://www.ur-net.go.jp/chintai/kanto/saitama/50_1430_room.html?JKSS=000228406,<li>東武伊勢崎線「鷲宮」駅 徒歩14～20分</li><li>JR東北本線「東鷲宮」駅 徒歩22～33分</li><li>JR東北本線「久喜」駅 徒歩41～47分</li>
saitama,sengendai,わし宮,48500,JR東北本線「久喜」駅,41.0,47.0,,,,久喜市上内478,2-28号棟,鉄筋コンクリート造,4,N,406号室,3DK,52,5,44600,3900,2か月,['近居割WIDE'],随時,https://www.ur-net.go.jp/chintai/kanto/saitama/50_1430_room.html?JKSS=000228406,<li>東武伊勢崎線「鷲宮」駅 徒歩14～20分</li><li>JR東北本線「東鷲宮」駅 徒歩22～33分</li><li>JR東北本線「久喜」駅 徒歩41～47分</li>
saitama,sengendai,わし宮,48500,,,,,,,久喜市上内478,2-28号棟,鉄筋コンクリート造,4,N,406号室,3DK,52,5,44600,3900,2か月,['近居割WIDE'],随時,https://www.ur-net.go.jp/chintai/kanto/saitama/50_1430_room.html?JKSS=000228406,<li>東武伊勢崎線「鷲宮」駅 徒歩14～20分</li><li>JR東北本線「東鷲宮」駅 徒歩22～33分</li><li>JR東北本線「久喜」駅 徒歩41～47分</li>
saitama,sengendai,久喜青葉,44500,,,,湘南新宿ライン「久喜」駅,8.0,17.0,久喜市青葉1,2-9号棟,鉄筋コンクリート造,3,N,305号室,2DK,43,5,41400,3100,2か月,['近居割'],2026年8月20日以降,https://www.ur-net.go.jp/chintai/kanto/saitama/50_1640_room.html?JKSS=002090305,<li>湘南新宿ライン「久喜」駅バス7～10分 徒歩1～7分</li><li>東武伊勢崎線「久喜」駅バス7～10分 徒歩1～7分</li><li>東武日光線「幸手」駅 徒歩25～35分</li>
saitama,sengendai,久喜青葉,44500,,,,東武伊勢崎線「久喜」駅,8.0,17.0,久喜市青葉1,2-9号棟,鉄筋コンクリート造,3,N,305号室,2DK,43,5,41400,3100,2か月,['近居割'],2026年8月20日以降,https://www.ur-net.go.jp/chintai/kanto/saitama/50_1640_room.html?JKSS=002090305,<li>湘南新宿ライン「久喜」駅バス7～10分 徒歩1～7分</li><li>東武伊勢崎線「久喜」駅バス7～10分 徒歩1～7分</li><li>東武日光線「幸手」駅 徒歩25～35分</li>
saitama,sengendai,久喜青葉,44500,東武日光線「幸手」駅,25.0,35.0,,,,久喜市青葉1,2-9号棟,鉄筋コンクリート造,3,N,305号室,2DK,43,5,41400,3100,2か月,['近居割'],2026年8月20日以降,https://www.ur-net.go.jp/chintai/kanto/saitama/50_1640_room.html?JKSS=002090305,<li>湘南新宿ライン「久喜」駅バス7～10分 徒歩1～7分</li><li>東武伊勢崎線「久喜」駅バス7～10分 徒歩1～7分</li><li>東武日光線「幸手」駅 徒歩25～35分</li>
saitama,sengendai,久喜青葉,44500,,,,,,,久喜市青葉1,2-9号棟,鉄筋コンクリート造,3,N,305号室,2DK,43,5,41400,3100,2か月,['近居割'],2026年8月20日以降,https://www.ur-net.go.jp/chintai/kanto/saitama/50_1640_room.html?JKSS=002090305,<li>湘南新宿ライン「久喜」駅バス7～10分 徒歩1～7分</li><li>東武伊勢崎線「久喜」駅バス7～10分 徒歩1～7分</li><li>東武日光線「幸手」駅 徒歩25～35分</li>
saitama,sengendai,久喜青葉,46600,,,,湘南新宿ライン「久喜」駅,8.0,17.0,久喜市青葉1,2-1号棟,鉄筋コンクリート造,5,N,503号室,2LDK,50,5,43500,3100,2か月,['近居割'],随時,https://www.ur-net.go.jp/chintai/kanto/saitama/50_1640_room.html?JKSS=002010503,<li>湘南新宿ライン「久喜」駅バス7～10分 徒歩1～7分</li><li>東武伊勢崎線「久喜」駅バス7～10分 徒歩1～7分</li><li>東武日光線「幸手」駅 徒歩25～35分</li>
saitama,sengendai,久喜青葉,46600,,,,東武伊勢崎線「久喜」駅,8.0,17.0,久喜市青葉1,2-1号棟,鉄筋コンクリート造,5,N,503号室,2LDK,50,5,43500,3100,2か月,['近居割'],随時,https://www.ur-net.go.jp/chintai/kanto/saitama/50_1640_room.html?JKSS=002010503,<li>湘南新宿ライン「久喜」駅バス7～10分 徒歩1～7分</li><li>東武伊勢崎線「久喜」駅バス7～10分 徒歩1～7分</li><li>東武日光線「幸手」駅 徒歩25～35分</li>
saitama,sengendai,久喜青葉,46600,東武日光線「幸手」駅,25.0,35.0,,,,久喜市青葉1,2-1号棟,鉄筋コンクリート造,5,N,503号室,2LDK,50,5,43500,3100,2か月,['近居割'],随時,https://www.ur-net.go.jp/chintai/kanto/saitama/50_1640_room.html?JKSS=002010503,<li>湘南新宿ライン「久喜」駅バス7～10分 徒歩1～7分</li><li>東武伊勢崎線「久喜」駅バス7～10分 徒歩1～7分</li><li>東武日光線「幸手」駅 徒歩25～35分</li>
saitama,sengendai,久喜青葉,46600,,,,,,,久喜市青葉1,2-1号棟,鉄筋コンクリート造,5,N,503号室,2LDK,50,5,43500,3100,2か月,['近居割'],随時,https://www.ur-net.go.jp/chintai/kanto/saitama/50_1640_room.html?JKSS=002010503,<li>湘南新宿ライン「久喜」駅バス7～10分 徒歩1～7分</li><li>東武伊勢崎線「久喜」駅バス7～10分 徒歩1～7分</li><li>東武日光線「幸手」駅 徒歩25～35分</li>
saitama,sengendai,久喜青葉,46800,,,,湘南新宿ライン「久喜」駅,8.0,17.0,久喜市青葉1,2-13号棟,鉄筋コンクリート造,5,N,503号室,2LDK,50,5,43700,3100,2か月,['近居割'],随時,https://www.ur-net.go.jp/chintai/kanto/saitama/50_1640_room.html?JKSS=002130503,<li>湘南新宿ライン「久喜」駅バス7～10分 徒歩1～7分</li><li>東武伊勢崎線「久喜」駅バス7～10分 徒歩1～7分</li><li>東武日光線「幸手」駅 徒歩25～35分</li>
saitama,sengendai,久喜青葉,46800,,,,東武伊勢崎線「久喜」駅,8.0,17.0,久喜市青葉1,2-13号棟,鉄筋コンクリート造,5,N,503号室,2LDK,50,5,43700,3100,2か月,['近居割'],随時,https://www.ur-net.go.jp/chintai/kanto/saitama/50_1640_room.html?JKSS=002130503,<li>湘南新宿ライン「久喜」駅バス7～10分 徒歩1～7分</li><li>東武伊勢崎線「久喜」駅バス7～10分 徒歩1～7分</li><li>東武日光線「幸手」駅 徒歩25～35分</li>
saitama,sengendai,久喜青葉,46800,東武日光線「幸手」駅,25.0,35.0,,,,久喜市青葉1,2-13号棟,鉄筋コンクリート造,5,N,503号室,2LDK,50,5,43700,3100,2か月,['近居割'],随時,https://www.ur-net.go.jp/chintai/kanto/saitama/50_1640_room.html?JKSS=002130503,<li>湘南新宿ライン「久喜」駅バス7～10分 徒歩1～7分</li><li>東武伊勢崎線「久喜」駅バス7～10分 徒歩1～7分</li><li>東武日光線「幸手」駅 徒歩25～35分</li>
saitama,sengendai,久喜青葉,46800,,,,,,,久喜市青葉1,2-13号棟,鉄筋コンクリート造,5,N,503号室,2LDK,50,5,43700,3100,2か月,['近居割'],随時,https://www.ur-net.go.jp/chintai/kanto/saitama/50_1640_room.html?JKSS=002130503,<li>湘南新宿ライン「久喜」駅バス7～10分 徒歩1～7分</li><li>東武伊勢崎線「久喜」駅バス7～10分 徒歩1～7分</li><li>東武日光線「幸手」駅 徒歩25～35分</li>
saitama,sengendai,久喜青葉,47200,,,,湘南新宿ライン「久喜」駅,8.0,17.0,久喜市青葉1,1-2号棟,鉄筋コンクリート造,4,N,407号室,2LDK,49,5,44100,3100,2か月,['近居割'],随時,https://www.ur-net.go.jp/chintai/kanto/saitama/50_1640_room.html?JKSS=001020407,<li>湘南新宿ライン「久喜」駅バス7～10分 徒歩1～7分</li><li>東武伊勢崎線「久喜」駅バス7～10分 徒歩1～7分</li><li>東武日光線「幸手」駅 徒歩25～35分</li>
saitama,sengendai,久喜青葉,47200,,,,東武伊勢崎線「久喜」駅,8.0,17.0,久喜市青葉1,1-2号棟,鉄筋コンクリート造,4,N,407号室,2LDK,49,5,44100,3100,2か月,['近居割'],随時,https://www.ur-net.go.jp/chintai/kanto/saitama/50_1640_room.html?JKSS=001020407,<li>湘南新宿ライン「久喜」駅バス7～10分 徒歩1～7分</li><li>東武伊勢崎線「久喜」駅バス7～10分 徒歩1～7分</li><li>東武日光線「幸手」駅 徒歩25～35分</li>
saitama,sengendai,久喜青葉,47200,東武日光線「幸手」駅,25.0,35.0,,,,久喜市青葉1,1-2号棟,鉄筋コンクリート造,4,N,407号室,2LDK,49,5,44100,3100,2か月,['近居割'],随時,https://www.ur-net.go.jp/chintai/kanto/saitama/50_1640_room.html?JKSS=001020407,<li>湘南新宿ライン「久喜」駅バス7～10分 徒歩1～7分</li><li>東武伊勢崎線「久喜」駅バス7～10分 徒歩1～7分</li><li>東武日光線「幸手」駅 徒歩25～35分</li>
saitama,sengendai,久喜青葉,47200,,,,,,,久喜市青葉1,1-2号棟,鉄筋コンクリート造,4,N,407号室,2LDK,49,5,44100,3100,2か月,['近居割'],随時,https://www.ur-net.go.jp/chintai/kanto/saitama/50_1640_room.html?JKSS=001020407,<li>湘南新宿ライン「久喜」駅バス7～10分 徒歩1～7分</li><li>東武伊勢崎線「久喜」駅バス7～10分 徒歩1～7分</li><li>東武日光線「幸手」駅 徒歩25～35分</li>
saitama,sengendai,久喜青葉,47500,,,,湘南新宿ライン「久喜」駅,8.0,17.0,久喜市青葉1,2-5号棟,鉄筋コンクリート造,3,N,304号室,3K,47,5,44400,3100,2か月,['近居割'],随時,https://www.ur-net.go.jp/chintai/kanto/saitama/50_1640_room.html?JKSS=002050304,<li>湘南新宿ライン「久喜」駅バス7～10分 徒歩1～7分</li><li>東武伊勢崎線「久喜」駅バス7～10分 徒歩1～7分</li><li>東武日光線「幸手」駅 徒歩25～35分</li>
saitama,sengendai,久喜青葉,47500,,,,東武伊勢崎線「久喜」駅,8.0,17.0,久喜市青葉1,2-5号棟,鉄筋コンクリート造,3,N,304号室,3K,47,5,44400,3100,2か月,['近居割'],随時,https://www.ur-net.go.jp/chintai/kanto/saitama/50_1640_room.html?JKSS=002050304,<li>湘南新宿ライン「久喜」駅バス7～10分 徒歩1～7分</li><li>東武伊勢崎線「久喜」駅バス7～10分 徒歩1～7分</li><li>東武日光線「幸手」駅 徒歩25～35分</li>
saitama,sengendai,久喜青葉,47500,東武日光線「幸手」駅,25.0,35.0,,,,久喜市青葉1,2-5号棟,鉄筋コンクリート造,3,N,304号室,3K,47,5,44400,3100,2か月,['近居割'],随時,https://www.ur-net.go.jp/chintai/kanto/saitama/50_1640_room.html?JKSS=002050304,<li>湘南新宿ライン「久喜」駅バス7～10分 徒歩1～7分</li><li>東武伊勢崎線「久喜」駅バス7～10分 徒歩1～7分</li><li>東武日光線「幸手」駅 徒歩25～35分</li>
saitama,sengendai,久喜青葉,47500,,,,,,,久喜市青葉1,2-5号棟,鉄筋コンクリート造,3,N,304号室,3K,47,5,44400,3100,2か月,['近居割'],随時,https://www.ur-net.go.jp/chintai/kanto/saitama/50_1640_room.html?JKSS=002050304,<li>湘南新宿ライン「久喜」駅バス7～10分 徒歩1～7分</li><li>東武伊勢崎線「久喜」駅バス7～10分 徒歩1～7分</li><li>東武日光線「幸手」駅 徒歩25～35分</li>
saitama,sengendai,幸手,44600,東武日光線「杉戸高野台」駅,9.0,17.0,,,,幸手市栄,3-8号棟,鉄筋コンクリート造、鉄骨鉄筋コンクリート造,4,N,406号室,2LDK,49,5,42300,2300,2か月,"['近居割', '近居割WIDE']",随時,https://www.ur-net.go.jp/chintai/kanto/saitama/50_1520_room.html?JKSS=000308406,<li>東武日光線「杉戸高野台」駅 徒歩9～17分</li>
saitama,sengendai,幸手,44600,,,,,,,幸手市栄,3-8号棟,鉄筋コンクリート造、鉄骨鉄筋コンクリート造,4,N,406号室,2LDK,49,5,42300,2300,2か月,"['近居割', '近居割WIDE']",随時,https://www.ur-net.go.jp/chintai/kanto/saitama/50_1520_room.html?JKSS=000308406,<li>東武日光線「杉戸高野台」駅 徒歩9～17分</li>
saitama,sengendai,幸手,48000,東武日光線「杉戸高野台」駅,9.0,17.0,,,,幸手市栄,2-6号棟,鉄筋コンクリート造、鉄骨鉄筋コンクリート造,5,N,503号室,3DK,55,5,45700,2300,2か月,"['近居割', '近居割WIDE']",随時,https://www.ur-net.go.jp/chintai/kanto/saitama/50_1520_room.html?JKSS=000206503,<li>東武日光線「杉戸高野台」駅 徒歩9～17分</li>
saitama,sengendai,幸手,48000,,,,,,,幸手市栄,2-6号棟,鉄筋コンクリート造、鉄骨鉄筋コンクリート造,5,N,503号室,3DK,55,5,45700,2300,2か月,"['近居割', '近居割WIDE']",随時,https://www.ur-net.go.jp/chintai/kanto/saitama/50_1520_room.html?JKSS=000206503,<li>東武日光線「杉戸高野台」駅 徒歩9～17分</li>
saitama,sengendai,幸手,48000,東武日光線「杉戸高野台」駅,9.0,17.0,,,,幸手市栄,2-14号棟,鉄筋コンクリート造、鉄骨鉄筋コンクリート造,5,N,503号室,3DK,55,5,45700,2300,2か月,"['近居割', '近居割WIDE']",随時,https://www.ur-net.go.jp/chintai/kanto/saitama/50_1520_room.html?JKSS=000214503,<li>東武日光線「杉戸高野台」駅 徒歩9～17分</li>
saitama,sengendai,幸手,48000,,,,,,,幸手市栄,2-14号棟,鉄筋コンクリート造、鉄骨鉄筋コンクリート造,5,N,503号室,3DK,55,5,45700,2300,2か月,"['近居割', '近居割WIDE']",随時,https://www.ur-net.go.jp/chintai/kanto/saitama/50_1520_room.html?JKSS=000214503,<li>東武日光線「杉戸高野台」駅 徒歩9～17分</li>
saitama,sengendai,幸手,48000,東武日光線「杉戸高野台」駅,9.0,17.0,,,,幸手市栄,2-14号棟,鉄筋コンクリート造、鉄骨鉄筋コンクリート造,5,N,505号室,3DK,55,5,45700,2300,2か月,"['近居割', '近居割WIDE']",随時,https://www.ur-net.go.jp/chintai/kanto/saitama/50_1520_room.html?JKSS=000214505,<li>東武日光線「杉戸高野台」駅 徒歩9～17分</li>
saitama,sengendai,幸手,48000,,,,,,,幸手市栄,2-14号棟,鉄筋コンクリート造、鉄骨鉄筋コンクリート造,5,N,505号室,3DK,55,5,45700,2300,2か月,"['近居割', '近居割WIDE']",随時,https://www.ur-net.go.jp/chintai/kanto/saitama/50_1520_room.html?JKSS=000214505,<li>東武日光線「杉戸高野台」駅 徒歩9～17分</li>
saitama,sengendai,幸手,54400,東武日光線「杉戸高野台」駅,9.0,17.0,,,,幸手市栄,3-10号棟,鉄筋コンクリート造、鉄骨鉄筋コンクリート造,1,N,102号室,3DK,55,5,52100,2300,2か月,['健康寿命サポート'],随時,https://www.ur-net.go.jp/chintai/kanto/saitama/50_1520_room.html?JKSS=000310102,<li>東武日光線「杉戸高野台」駅 徒歩9～17分</li>
saitama,sengendai,幸手,54400,,,,,,,幸手市栄,3-10号棟,鉄筋コンクリート造、鉄骨鉄筋コンクリート造,1,N,102号室,3DK,55,5,52100,2300,2か月,['健康寿命サポート'],随時,https://www.ur-net.go.jp/chintai/kanto/saitama/50_1520_room.html?JKSS=000310102,<li>東武日光線「杉戸高野台」駅 徒歩9～17分</li>
saitama,misato,吉川,88500,,,,JR武蔵野線「吉川」駅,6.0,11.0,吉川市吉川団地,4-17号棟,鉄筋コンクリート造,2,N,205号室,2LDK,70,5,85400,3100,2か月,"['近居割', '近居割WIDE']",随時,https://www.ur-net.go.jp/chintai/kanto/saitama/50_1551_room.html?JKSS=000417205,<li>JR武蔵野線「吉川」駅バス5～6分 徒歩1～5分</li>
saitama,misato,吉川,88500,,,,,,,吉川市吉川団地,4-17号棟,鉄筋コンクリート造,2,N,205号室,2LDK,70,5,85400,3100,2か月,"['近居割', '近居割WIDE']",随時,https://www.ur-net.go.jp/chintai/kanto/saitama/50_1551_room.html?JKSS=000417205,<li>JR武蔵野線「吉川」駅バス5～6分 徒歩1～5分</li>
saitama,misato,吉川,105100,,,,JR武蔵野線「吉川」駅,6.0,11.0,吉川市吉川団地,4-18号棟,鉄筋コンクリート造,2,N,202号室,3LDK,85,5,102000,3100,2か月,"['近居割', '近居割WIDE']",随時,https://www.ur-net.go.jp/chintai/kanto/saitama/50_1551_room.html?JKSS=000418202,<li>JR武蔵野線「吉川」駅バス5～6分 徒歩1～5分</li>
saitama,misato,吉川,105100,,,,,,,吉川市吉川団地,4-18号棟,鉄筋コンクリート造,2,N,202号室,3LDK,85,5,102000,3100,2か月,"['近居割', '近居割WIDE']",随時,https://www.ur-net.go.jp/chintai/kanto/saitama/50_1551_room.html?JKSS=000418202,<li>JR武蔵野線「吉川」駅バス5～6分 徒歩1～5分</li>
saitama,misato,吉川,105200,,,,JR武蔵野線「吉川」駅,6.0,11.0,吉川市吉川団地,4-18号棟,鉄筋コンクリート造,5,N,505号室,4LDK,98,5,102100,3100,2か月,"['近居割', '近居割WIDE']",随時,https://www.ur-net.go.jp/chintai/kanto/saitama/50_1551_room.html?JKSS=000418505,<li>JR武蔵野線「吉川」駅バス5～6分 徒歩1～5分</li>
saitama,misato,吉川,105200,,,,,,,吉川市吉川団地,4-18号棟,鉄筋コンクリート造,5,N,505号室,4LDK,98,5,102100,3100,2か月,"['近居割', '近居割WIDE']",随時,https://www.ur-net.go.jp/chintai/kanto/saitama/50_1551_room.html?JKSS=000418505,<li>JR武蔵野線「吉川」駅バス5～6分 徒歩1～5分</li>
saitama,misato,吉川,106200,,,,JR武蔵野線「吉川」駅,6.0,11.0,吉川市吉川団地,5-17号棟,鉄筋コンクリート造,4,N,406号室,3LDK,85,5,103100,3100,2か月,"['近居割', '近居割WIDE']",随時,https://www.ur-net.go.jp/chintai/kanto/saitama/50_1551_room.html?JKSS=000517406,<li>JR武蔵野線「吉川」駅バス5～6分 徒歩1～5分</li>
saitama,misato,吉川,106200,,,,,,,吉川市吉川団地,5-17号棟,鉄筋コンクリート造,4,N,406号室,3LDK,85,5,103100,3100,2か月,"['近居割', '近居割WIDE']",随時,https://www.ur-net.go.jp/chintai/kanto/saitama/50_1551_room.html?JKSS=000517406,<li>JR武蔵野線「吉川」駅バス5～6分 徒歩1～5分</li>
saitama,misato,吉川,112900,,,,JR武蔵野線「吉川」駅,6.0,11.0,吉川市吉川団地,5-17号棟,鉄筋コンクリート造,3,N,301号室,4LDK,92,5,109800,3100,2か月,"['近居割', '近居割WIDE']",随時,https://www.ur-net.go.jp/chintai/kanto/saitama/50_1551_room.html?JKSS=000517301,<li>JR武蔵野線「吉川」駅バス5～6分 徒歩1～5分</li>
saitama,misato,吉川,112900,,,,,,,吉川市吉川団地,5-17号棟,鉄筋コンクリート造,3,N,301号室,4LDK,92,5,109800,3100,2か月,"['近居割', '近居割WIDE']",随時,https://www.ur-net.go.jp/chintai/kanto/saitama/50_1551_room.html?JKSS=000517301,<li>JR武蔵野線「吉川」駅バス5～6分 徒歩1～5分</li>
saitama,higashiomiya,北大宮,87850,東武アーバンパークライン「北大宮」駅,7.0,7.0,,,,さいたま市北区植竹町1-60-1,,鉄筋コンクリート造,3,N,305号室,3DK,64,5,82900,4950,2か月,['近居割'],随時,https://www.ur-net.go.jp/chintai/kanto/saitama/50_1810_room.html?JKSS=000000305,<li>東武アーバンパークライン「北大宮」駅 徒歩7分</li>
saitama,higashiomiya,北大宮,87850,,,,,,,さいたま市北区植竹町1-60-1,,鉄筋コンクリート造,3,N,305号室,3DK,64,5,82900,4950,2か月,['近居割'],随時,https://www.ur-net.go.jp/chintai/kanto/saitama/50_1810_room.html?JKSS=000000305,<li>東武アーバンパークライン「北大宮」駅 徒歩7分</li>
saitama,higashiomiya,コンフォール西本郷,127800,JR東北本線「土呂」駅,11.0,14.0,,,,さいたま市北区本郷町17-1,5号棟,鉄筋コンクリート造,5,N,505号室,3DK,65,14,123700,4100,2か月,['近居割'],随時,https://www.ur-net.go.jp/chintai/kanto/saitama/50_3860_room.html?JKSS=000050505,<li>JR東北本線「土呂」駅 徒歩11～14分</li><li>ニューシャトル伊奈線「加茂宮」駅 徒歩12～14分</li><li>東武野田線「大宮公園」駅 徒歩17～23分</li>
saitama,higashiomiya,コンフォール西本郷,127800,ニューシャトル伊奈線「加茂宮」駅,12.0,14.0,,,,さいたま市北区本郷町17-1,5号棟,鉄筋コンクリート造,5,N,505号室,3DK,65,14,123700,4100,2か月,['近居割'],随時,https://www.ur-net.go.jp/chintai/kanto/saitama/50_3860_room.html?JKSS=000050505,<li>JR東北本線「土呂」駅 徒歩11～14分</li><li>ニューシャトル伊奈線「加茂宮」駅 徒歩12～14分</li><li>東武野田線「大宮公園」駅 徒歩17～23分</li>
saitama,higashiomiya,コンフォール西本郷,127800,東武野田線「大宮公園」駅,17.0,23.0,,,,さいたま市北区本郷町17-1,5号棟,鉄筋コンクリート造,5,N,505号室,3DK,65,14,123700,4100,2か月,['近居割'],随時,https://www.ur-net.go.jp/chintai/kanto/saitama/50_3860_room.html?JKSS=000050505,<li>JR東北本線「土呂」駅 徒歩11～14分</li><li>ニューシャトル伊奈線「加茂宮」駅 徒歩12～14分</li><li>東武野田線「大宮公園」駅 徒歩17～23分</li>
saitama,higashiomiya,コンフォール西本郷,127800,,,,,,,さいたま市北区本郷町17-1,5号棟,鉄筋コンクリート造,5,N,505号室,3DK,65,14,123700,4100,2か月,['近居割'],随時,https://www.ur-net.go.jp/chintai/kanto/saitama/50_3860_room.html?JKSS=000050505,<li>JR東北本線「土呂」駅 徒歩11～14分</li><li>ニューシャトル伊奈線「加茂宮」駅 徒歩12～14分</li><li>東武野田線「大宮公園」駅 徒歩17～23分</li>
saitama,higashiomiya,コンフォール西本郷,140300,JR東北本線「土呂」駅,11.0,14.0,,,,さいたま市北区本郷町17-1,3号棟,鉄筋コンクリート造,1,N,101号室,4DK,76,5,136200,4100,2か月,['近居割'],随時,https://www.ur-net.go.jp/chintai/kanto/saitama/50_3860_room.html?JKSS=000030101,<li>JR東北本線「土呂」駅 徒歩11～14分</li><li>ニューシャトル伊奈線「加茂宮」駅 徒歩12～14分</li><li>東武野田線「大宮公園」駅 徒歩17～23分</li>
saitama,higashiomiya,コンフォール西本郷,140300,ニューシャトル伊奈線「加茂宮」駅,12.0,14.0,,,,さいたま市北区本郷町17-1,3号棟,鉄筋コンクリート造,1,N,101号室,4DK,76,5,136200,4100,2か月,['近居割'],随時,https://www.ur-net.go.jp/chintai/kanto/saitama/50_3860_room.html?JKSS=000030101,<li>JR東北本線「土呂」駅 徒歩11～14分</li><li>ニューシャトル伊奈線「加茂宮」駅 徒歩12～14分</li><li>東武野田線「大宮公園」駅 徒歩17～23分</li>
saitama,higashiomiya,コンフォール西本郷,140300,東武野田線「大宮公園」駅,17.0,23.0,,,,さいたま市北区本郷町17-1,3号棟,鉄筋コンクリート造,1,N,101号室,4DK,76,5,136200,4100,2か月,['近居割'],随時,https://www.ur-net.go.jp/chintai/kanto/saitama/50_3860_room.html?JKSS=000030101,<li>JR東北本線「土呂」駅 徒歩11～14分</li><li>ニューシャトル伊奈線「加茂宮」駅 徒歩12～14分</li><li>東武野田線「大宮公園」駅 徒歩17～23分</li>
saitama,higashiomiya,コンフォール西本郷,140300,,,,,,,さいたま市北区本郷町17-1,3号棟,鉄筋コンクリート造,1,N,101号室,4DK,76,5,136200,4100,2か月,['近居割'],随時,https://www.ur-net.go.jp/chintai/kanto/saitama/50_3860_room.html?JKSS=000030101,<li>JR東北本線「土呂」駅 徒歩11～14分</li><li>ニューシャトル伊奈線「加茂宮」駅 徒歩12～14分</li><li>東武野田線「大宮公園」駅 徒歩17～23分</li>
saitama,higashiomiya,コンフォール西本郷,155200,JR東北本線「土呂」駅,11.0,14.0,,,,さいたま市北区本郷町17-1,3号棟,鉄筋コンクリート造,5,N,503号室,4DK,76,5,151100,4100,2か月,['近居割'],随時,https://www.ur-net.go.jp/chintai/kanto/saitama/50_3860_room.html?JKSS=000030503,<li>JR東北本線「土呂」駅 徒歩11～14分</li><li>ニューシャトル伊奈線「加茂宮」駅 徒歩12～14分</li><li>東武野田線「大宮公園」駅 徒歩17～23分</li>
saitama,higashiomiya,コンフォール西本郷,155200,ニューシャトル伊奈線「加茂宮」駅,12.0,14.0,,,,さいたま市北区本郷町17-1,3号棟,鉄筋コンクリート造,5,N,503号室,4DK,76,5,151100,4100,2か月,['近居割'],随時,https://www.ur-net.go.jp/chintai/kanto/saitama/50_3860_room.html?JKSS=000030503,<li>JR東北本線「土呂」駅 徒歩11～14分</li><li>ニューシャトル伊奈線「加茂宮」駅 徒歩12～14分</li><li>東武野田線「大宮公園」駅 徒歩17～23分</li>
saitama,higashiomiya,コンフォール西本郷,155200,東武野田線「大宮公園」駅,17.0,23.0,,,,さいたま市北区本郷町17-1,3号棟,鉄筋コンクリート造,5,N,503号室,4DK,76,5,151100,4100,2か月,['近居割'],随時,https://www.ur-net.go.jp/chintai/kanto/saitama/50_3860_room.html?JKSS=000030503,<li>JR東北本線「土呂」駅 徒歩11～14分</li><li>ニューシャトル伊奈線「加茂宮」駅 徒歩12～14分</li><li>東武野田線「大宮公園」駅 徒歩17～23分</li>
saitama,higashiomiya,コンフォール西本郷,155200,,,,,,,さいたま市北区本郷町17-1,3号棟,鉄筋コンクリート造,5,N,503号室,4DK,76,5,151100,4100,2か月,['近居割'],随時,https://www.ur-net.go.jp/chintai/kanto/saitama/50_3860_room.html?JKSS=000030503,<li>JR東北本線「土呂」駅 徒歩11～14分</li><li>ニューシャトル伊奈線「加茂宮」駅 徒歩12～14分</li><li>東武野田線「大宮公園」駅 徒歩17～23分</li>
saitama,higashiomiya,アーベイン大宮,131800,JR東北本線「土呂」駅,11.0,13.0,,,,さいたま市北区宮原町1-855-2,9号棟,鉄筋コンクリート造,6,N,603号室,3LDK,72,6,127400,4400,2か月,['近居割'],随時,https://www.ur-net.go.jp/chintai/kanto/saitama/50_3940_room.html?JKSS=000090603,<li>JR東北本線「土呂」駅 徒歩11～13分</li><li>ニューシャトル伊奈線「加茂宮」駅 徒歩13～15分</li><li>東武野田線「大宮公園」駅 徒歩19～21分</li>
saitama,higashiomiya,アーベイン大宮,131800,ニューシャトル伊奈線「加茂宮」駅,13.0,15.0,,,,さいたま市北区宮原町1-855-2,9号棟,鉄筋コンクリート造,6,N,603号室,3LDK,72,6,127400,4400,2か月,['近居割'],随時,https://www.ur-net.go.jp/chintai/kanto/saitama/50_3940_room.html?JKSS=000090603,<li>JR東北本線「土呂」駅 徒歩11～13分</li><li>ニューシャトル伊奈線「加茂宮」駅 徒歩13～15分</li><li>東武野田線「大宮公園」駅 徒歩19～21分</li>
saitama,higashiomiya,アーベイン大宮,131800,東武野田線「大宮公園」駅,19.0,21.0,,,,さいたま市北区宮原町1-855-2,9号棟,鉄筋コンクリート造,6,N,603号室,3LDK,72,6,127400,4400,2か月,['近居割'],随時,https://www.ur-net.go.jp/chintai/kanto/saitama/50_3940_room.html?JKSS=000090603,<li>JR東北本線「土呂」駅 徒歩11～13分</li><li>ニューシャトル伊奈線「加茂宮」駅 徒歩13～15分</li><li>東武野田線「大宮公園」駅 徒歩19～21分</li>
saitama,higashiomiya,アーベイン大宮,131800,,,,,,,さいたま市北区宮原町1-855-2,9号棟,鉄筋コンクリート造,6,N,603号室,3LDK,72,6,127400,4400,2か月,['近居割'],随時,https://www.ur-net.go.jp/chintai/kanto/saitama/50_3940_room.html?JKSS=000090603,<li>JR東北本線「土呂」駅 徒歩11～13分</li><li>ニューシャトル伊奈線「加茂宮」駅 徒歩13～15分</li><li>東武野田線「大宮公園」駅 徒歩19～21分</li>
saitama,kawaguchi,コンフォール東鳩ヶ谷,105900,埼玉高速鉄道「新井宿」駅,12.0,12.0,,,,川口市桜町4-4,4号棟,鉄筋コンクリート造,7,N,702号室,2DK,50,12,101500,4400,2か月,['近居割'],随時,https://www.ur-net.go.jp/chintai/kanto/saitama/50_4020_room.html?JKSS=000040702,<li>埼玉高速鉄道「新井宿」駅 徒歩12分</li><li>JR京浜東北・根岸線「西川口」駅バス25分 徒歩1～3分</li><li>JR京浜東北・根岸線「赤羽」駅バス27分 徒歩1～3分</li>
saitama,kawaguchi,コンフォール東鳩ヶ谷,105900,,,,JR京浜東北・根岸線「西川口」駅,26.0,28.0,川口市桜町4-4,4号棟,鉄筋コンクリート造,7,N,702号室,2DK,50,12,101500,4400,2か月,['近居割'],随時,https://www.ur-net.go.jp/chintai/kanto/saitama/50_4020_room.html?JKSS=000040702,<li>埼玉高速鉄道「新井宿」駅 徒歩12分</li><li>JR京浜東北・根岸線「西川口」駅バス25分 徒歩1～3分</li><li>JR京浜東北・根岸線「赤羽」駅バス27分 徒歩1～3分</li>
saitama,kawaguchi,コンフォール東鳩ヶ谷,105900,,,,JR京浜東北・根岸線「赤羽」駅,28.0,30.0,川口市桜町4-4,4号棟,鉄筋コンクリート造,7,N,702号室,2DK,50,12,101500,4400,2か月,['近居割'],随時,https://www.ur-net.go.jp/chintai/kanto/saitama/50_4020_room.html?JKSS=000040702,<li>埼玉高速鉄道「新井宿」駅 徒歩12分</li><li>JR京浜東北・根岸線「西川口」駅バス25分 徒歩1～3分</li><li>JR京浜東北・根岸線「赤羽」駅バス27分 徒歩1～3分</li>
saitama,kawaguchi,コンフォール東鳩ヶ谷,105900,,,,,,,川口市桜町4-4,4号棟,鉄筋コンクリート造,7,N,702号室,2DK,50,12,101500,4400,2か月,['近居割'],随時,https://www.ur-net.go.jp/chintai/kanto/saitama/50_4020_room.html?JKSS=000040702,<li>埼玉高速鉄道「新井宿」駅 徒歩12分</li><li>JR京浜東北・根岸線「西川口」駅バス25分 徒歩1～3分</li><li>JR京浜東北・根岸線「赤羽」駅バス27分 徒歩1～3分</li>
saitama,kawaguchi,コンフォール東鳩ヶ谷,129100,埼玉高速鉄道「新井宿」駅,12.0,12.0,,,,川口市桜町4-4,1号棟,鉄筋コンクリート造,6,N,606号室,2LDK,64,7,124700,4400,2か月,['近居割'],随時,https://www.ur-net.go.jp/chintai/kanto/saitama/50_4020_room.html?JKSS=000010606,<li>埼玉高速鉄道「新井宿」駅 徒歩12分</li><li>JR京浜東北・根岸線「西川口」駅バス25分 徒歩1～3分</li><li>JR京浜東北・根岸線「赤羽」駅バス27分 徒歩1～3分</li>
saitama,kawaguchi,コンフォール東鳩ヶ谷,129100,,,,JR京浜東北・根岸線「西川口」駅,26.0,28.0,川口市桜町4-4,1号棟,鉄筋コンクリート造,6,N,606号室,2LDK,64,7,124700,4400,2か月,['近居割'],随時,https://www.ur-net.go.jp/chintai/kanto/saitama/50_4020_room.html?JKSS=000010606,<li>埼玉高速鉄道「新井宿」駅 徒歩12分</li><li>JR京浜東北・根岸線「西川口」駅バス25分 徒歩1～3分</li><li>JR京浜東北・根岸線「赤羽」駅バス27分 徒歩1～3分</li>
saitama,kawaguchi,コンフォール東鳩ヶ谷,129100,,,,JR京浜東北・根岸線「赤羽」駅,28.0,30.0,川口市桜町4-4,1号棟,鉄筋コンクリート造,6,N,606号室,2LDK,64,7,124700,4400,2か月,['近居割'],随時,https://www.ur-net.go.jp/chintai/kanto/saitama/50_4020_room.html?JKSS=000010606,<li>埼玉高速鉄道「新井宿」駅 徒歩12分</li><li>JR京浜東北・根岸線「西川口」駅バス25分 徒歩1～3分</li><li>JR京浜東北・根岸線「赤羽」駅バス27分 徒歩1～3分</li>
saitama,kawaguchi,コンフォール東鳩ヶ谷,129100,,,,,,,川口市桜町4-4,1号棟,鉄筋コンクリート造,6,N,606号室,2LDK,64,7,124700,4400,2か月,['近居割'],随時,https://www.ur-net.go.jp/chintai/kanto/saitama/50_4020_room.html?JKSS=000010606,<li>埼玉高速鉄道「新井宿」駅 徒歩12分</li><li>JR京浜東北・根岸線「西川口」駅バス25分 徒歩1～3分</li><li>JR京浜東北・根岸線「赤羽」駅バス27分 徒歩1～3分</li>
saitama,kawaguchi,アーバンハイツ南前川,130800,,,,JR京浜東北線「蕨」駅,8.0,8.0,川口市南前川2-21-10,,鉄筋コンクリート造,3,N,304号室,3LDK,79,5,127000,3800,2か月,['近居割'],随時,https://www.ur-net.go.jp/chintai/kanto/saitama/50_2220_room.html?JKSS=000000304,<li>JR京浜東北線「蕨」駅 バス7分 徒歩1分</li><li>JR京浜東北線「西川口」駅 バス8分 徒歩1分</li>
saitama,kawaguchi,アーバンハイツ南前川,130800,,,,JR京浜東北線「西川口」駅,9.0,9.0,川口市南前川2-21-10,,鉄筋コンクリート造,3,N,304号室,3LDK,79,5,127000,3800,2か月,['近居割'],随時,https://www.ur-net.go.jp/chintai/kanto/saitama/50_2220_room.html?JKSS=000000304,<li>JR京浜東北線「蕨」駅 バス7分 徒歩1分</li><li>JR京浜東北線「西川口」駅 バス8分 徒歩1分</li>
saitama,kawaguchi,アーバンハイツ南前川,130800,,,,,,,川口市南前川2-21-10,,鉄筋コンクリート造,3,N,304号室,3LDK,79,5,127000,3800,2か月,['近居割'],随時,https://www.ur-net.go.jp/chintai/kanto/saitama/50_2220_room.html?JKSS=000000304,<li>JR京浜東北線「蕨」駅 バス7分 徒歩1分</li><li>JR京浜東北線「西川口」駅 バス8分 徒歩1分</li>
saitama,kawaguchi,コンフォール西鳩ヶ谷,143900,埼玉高速鉄道「新井宿」駅,11.0,12.0,,,,川口市大字里958-1,1号棟,鉄筋コンクリート造,5,N,501号室,3LDK,73,8,136800,7100,2か月,['近居割'],2026年8月20日以降,https://www.ur-net.go.jp/chintai/kanto/saitama/50_4070_room.html?JKSS=000010501,<li>埼玉高速鉄道「新井宿」駅 徒歩11～12分</li><li>埼玉高速鉄道「鳩ヶ谷」駅 徒歩14分</li><li>埼玉高速鉄道「南鳩ヶ谷」駅 徒歩33分</li>
saitama,kawaguchi,コンフォール西鳩ヶ谷,143900,埼玉高速鉄道「鳩ヶ谷」駅,14.0,14.0,,,,川口市大字里958-1,1号棟,鉄筋コンクリート造,5,N,501号室,3LDK,73,8,136800,7100,2か月,['近居割'],2026年8月20日以降,https://www.ur-net.go.jp/chintai/kanto/saitama/50_4070_room.html?JKSS=000010501,<li>埼玉高速鉄道「新井宿」駅 徒歩11～12分</li><li>埼玉高速鉄道「鳩ヶ谷」駅 徒歩14分</li><li>埼玉高速鉄道「南鳩ヶ谷」駅 徒歩33分</li>
saitama,kawaguchi,コンフォール西鳩ヶ谷,143900,埼玉高速鉄道「南鳩ヶ谷」駅,33.0,33.0,,,,川口市大字里958-1,1号棟,鉄筋コンクリート造,5,N,501号室,3LDK,73,8,136800,7100,2か月,['近居割'],2026年8月20日以降,https://www.ur-net.go.jp/chintai/kanto/saitama/50_4070_room.html?JKSS=000010501,<li>埼玉高速鉄道「新井宿」駅 徒歩11～12分</li><li>埼玉高速鉄道「鳩ヶ谷」駅 徒歩14分</li><li>埼玉高速鉄道「南鳩ヶ谷」駅 徒歩33分</li>
saitama,kawaguchi,コンフォール西鳩ヶ谷,143900,,,,,,,川口市大字里958-1,1号棟,鉄筋コンクリート造,5,N,501号室,3LDK,73,8,136800,7100,2か月,['近居割'],2026年8月20日以降,https://www.ur-net.go.jp/chintai/kanto/saitama/50_4070_room.html?JKSS=000010501,<li>埼玉高速鉄道「新井宿」駅 徒歩11～12分</li><li>埼玉高速鉄道「鳩ヶ谷」駅 徒歩14分</li><li>埼玉高速鉄道「南鳩ヶ谷」駅 徒歩33分</li>
saitama,minamiurawa,コンフォール領家,107900,JR京浜東北・根岸線「北浦和」駅,16.0,18.0,,,,さいたま市浦和区領家6-11,1号棟,鉄筋コンクリート造,3,N,306号室,1DK,43,5,101900,6000,2か月,['近居割'],随時,https://www.ur-net.go.jp/chintai/kanto/saitama/50_4110_room.html?JKSS=000010306,<li>JR京浜東北・根岸線「北浦和」駅 徒歩16～18分</li><li>JR京浜東北・根岸線「与野」駅 徒歩17分</li><li>JR京浜東北・根岸線「浦和」駅 徒歩36～39分</li>
saitama,minamiurawa,コンフォール領家,107900,JR京浜東北・根岸線「与野」駅,17.0,17.0,,,,さいたま市浦和区領家6-11,1号棟,鉄筋コンクリート造,3,N,306号室,1DK,43,5,101900,6000,2か月,['近居割'],随時,https://www.ur-net.go.jp/chintai/kanto/saitama/50_4110_room.html?JKSS=000010306,<li>JR京浜東北・根岸線「北浦和」駅 徒歩16～18分</li><li>JR京浜東北・根岸線「与野」駅 徒歩17分</li><li>JR京浜東北・根岸線「浦和」駅 徒歩36～39分</li>
saitama,minamiurawa,コンフォール領家,107900,JR京浜東北・根岸線「浦和」駅,36.0,39.0,,,,さいたま市浦和区領家6-11,1号棟,鉄筋コンクリート造,3,N,306号室,1DK,43,5,101900,6000,2か月,['近居割'],随時,https://www.ur-net.go.jp/chintai/kanto/saitama/50_4110_room.html?JKSS=000010306,<li>JR京浜東北・根岸線「北浦和」駅 徒歩16～18分</li><li>JR京浜東北・根岸線「与野」駅 徒歩17分</li><li>JR京浜東北・根岸線「浦和」駅 徒歩36～39分</li>
saitama,minamiurawa,コンフォール領家,107900,,,,,,,さいたま市浦和区領家6-11,1号棟,鉄筋コンクリート造,3,N,306号室,1DK,43,5,101900,6000,2か月,['近居割'],随時,https://www.ur-net.go.jp/chintai/kanto/saitama/50_4110_room.html?JKSS=000010306,<li>JR京浜東北・根岸線「北浦和」駅 徒歩16～18分</li><li>JR京浜東北・根岸線「与野」駅 徒歩17分</li><li>JR京浜東北・根岸線「浦和」駅 徒歩36～39分</li>
saitama,minamiurawa,コンフォール領家,132200,JR京浜東北・根岸線「北浦和」駅,16.0,18.0,,,,さいたま市浦和区領家6-11,1号棟,鉄筋コンクリート造,2,N,207号室,2DK,58,5,126200,6000,2か月,['近居割'],随時,https://www.ur-net.go.jp/chintai/kanto/saitama/50_4110_room.html?JKSS=000010207,<li>JR京浜東北・根岸線「北浦和」駅 徒歩16～18分</li><li>JR京浜東北・根岸線「与野」駅 徒歩17分</li><li>JR京浜東北・根岸線「浦和」駅 徒歩36～39分</li>
saitama,minamiurawa,コンフォール領家,132200,JR京浜東北・根岸線「与野」駅,17.0,17.0,,,,さいたま市浦和区領家6-11,1号棟,鉄筋コンクリート造,2,N,207号室,2DK,58,5,126200,6000,2か月,['近居割'],随時,https://www.ur-net.go.jp/chintai/kanto/saitama/50_4110_room.html?JKSS=000010207,<li>JR京浜東北・根岸線「北浦和」駅 徒歩16～18分</li><li>JR京浜東北・根岸線「与野」駅 徒歩17分</li><li>JR京浜東北・根岸線「浦和」駅 徒歩36～39分</li>
saitama,minamiurawa,コンフォール領家,132200,JR京浜東北・根岸線「浦和」駅,36.0,39.0,,,,さいたま市浦和区領家6-11,1号棟,鉄筋コンクリート造,2,N,207号室,2DK,58,5,126200,6000,2か月,['近居割'],随時,https://www.ur-net.go.jp/chintai/kanto/saitama/50_4110_room.html?JKSS=000010207,<li>JR京浜東北・根岸線「北浦和」駅 徒歩16～18分</li><li>JR京浜東北・根岸線「与野」駅 徒歩17分</li><li>JR京浜東北・根岸線「浦和」駅 徒歩36～39分</li>
saitama,minamiurawa,コンフォール領家,132200,,,,,,,さいたま市浦和区領家6-11,1号棟,鉄筋コンクリート造,2,N,207号室,2DK,58,5,126200,6000,2か月,['近居割'],随時,https://www.ur-net.go.jp/chintai/kanto/saitama/50_4110_room.html?JKSS=000010207,<li>JR京浜東北・根岸線「北浦和」駅 徒歩16～18分</li><li>JR京浜東北・根岸線「与野」駅 徒歩17分</li><li>JR京浜東北・根岸線「浦和」駅 徒歩36～39分</li>
saitama,minamiurawa,コンフォール領家,146100,JR京浜東北・根岸線「北浦和」駅,16.0,18.0,,,,さいたま市浦和区領家6-11,1号棟,鉄筋コンクリート造,5,N,503号室,1LDK,59,5,140100,6000,2か月,['近居割'],随時,https://www.ur-net.go.jp/chintai/kanto/saitama/50_4110_room.html?JKSS=000010503,<li>JR京浜東北・根岸線「北浦和」駅 徒歩16～18分</li><li>JR京浜東北・根岸線「与野」駅 徒歩17分</li><li>JR京浜東北・根岸線「浦和」駅 徒歩36～39分</li>
saitama,minamiurawa,コンフォール領家,146100,JR京浜東北・根岸線「与野」駅,17.0,17.0,,,,さいたま市浦和区領家6-11,1号棟,鉄筋コンクリート造,5,N,503号室,1LDK,59,5,140100,6000,2か月,['近居割'],随時,https://www.ur-net.go.jp/chintai/kanto/saitama/50_4110_room.html?JKSS=000010503,<li>JR京浜東北・根岸線「北浦和」駅 徒歩16～18分</li><li>JR京浜東北・根岸線「与野」駅 徒歩17分</li><li>JR京浜東北・根岸線「浦和」駅 徒歩36～39分</li>
saitama,minamiurawa,コンフォール領家,146100,JR京浜東北・根岸線「浦和」駅,36.0,39.0,,,,さいたま市浦和区領家6-11,1号棟,鉄筋コンクリート造,5,N,503号室,1LDK,59,5,140100,6000,2か月,['近居割'],随時,https://www.ur-net.go.jp/chintai/kanto/saitama/50_4110_room.html?JKSS=000010503,<li>JR京浜東北・根岸線「北浦和」駅 徒歩16～18分</li><li>JR京浜東北・根岸線「与野」駅 徒歩17分</li><li>JR京浜東北・根岸線「浦和」駅 徒歩36～39分</li>
saitama,minamiurawa,コンフォール領家,146100,,,,,,,さいたま市浦和区領家6-11,1号棟,鉄筋コンクリート造,5,N,503号室,1LDK,59,5,140100,6000,2か月,['近居割'],随時,https://www.ur-net.go.jp/chintai/kanto/saitama/50_4110_room.html?JKSS=000010503,<li>JR京浜東北・根岸線「北浦和」駅 徒歩16～18分</li><li>JR京浜東北・根岸線「与野」駅 徒歩17分</li><li>JR京浜東北・根岸線「浦和」駅 徒歩36～39分</li>
saitama,minamiurawa,うらわイーストシティ　かえで街,111000,JR武蔵野線「東浦和」駅,13.0,13.0,JR武蔵野線「東浦和」駅,4.0,5.0,さいたま市緑区東浦和2-73-1,5号棟,鉄筋コンクリート造,2,N,201号室,2DK,63,3,105500,5500,2か月,['近居割'],随時,https://www.ur-net.go.jp/chintai/kanto/saitama/50_2730_room.html?JKSS=000050201,<li>JR武蔵野線「東浦和」駅 徒歩13分</li><li>JR武蔵野線「東浦和」駅バス2分 徒歩2～3分</li><li>JR東北本線「浦和」駅バス14分 徒歩7～9分</li>
saitama,minamiurawa,うらわイーストシティ　かえで街,111000,,,,JR東北本線「浦和」駅,21.0,23.0,さいたま市緑区東浦和2-73-1,5号棟,鉄筋コンクリート造,2,N,201号室,2DK,63,3,105500,5500,2か月,['近居割'],随時,https://www.ur-net.go.jp/chintai/kanto/saitama/50_2730_room.html?JKSS=000050201,<li>JR武蔵野線「東浦和」駅 徒歩13分</li><li>JR武蔵野線「東浦和」駅バス2分 徒歩2～3分</li><li>JR東北本線「浦和」駅バス14分 徒歩7～9分</li>
saitama,minamiurawa,うらわイーストシティ　かえで街,111000,,,,,,,さいたま市緑区東浦和2-73-1,5号棟,鉄筋コンクリート造,2,N,201号室,2DK,63,3,105500,5500,2か月,['近居割'],随時,https://www.ur-net.go.jp/chintai/kanto/saitama/50_2730_room.html?JKSS=000050201,<li>JR武蔵野線「東浦和」駅 徒歩13分</li><li>JR武蔵野線「東浦和」駅バス2分 徒歩2～3分</li><li>JR東北本線「浦和」駅バス14分 徒歩7～9分</li>
saitama,minamiurawa,うらわイーストシティ　かえで街,132100,JR武蔵野線「東浦和」駅,13.0,13.0,JR武蔵野線「東浦和」駅,4.0,5.0,さいたま市緑区東浦和2-73-1,3号棟,鉄筋コンクリート造,4,N,401号室,2LDK,70,5,126600,5500,2か月,['近居割'],随時,https://www.ur-net.go.jp/chintai/kanto/saitama/50_2730_room.html?JKSS=000030401,<li>JR武蔵野線「東浦和」駅 徒歩13分</li><li>JR武蔵野線「東浦和」駅バス2分 徒歩2～3分</li><li>JR東北本線「浦和」駅バス14分 徒歩7～9分</li>
saitama,minamiurawa,うらわイーストシティ　かえで街,132100,,,,JR東北本線「浦和」駅,21.0,23.0,さいたま市緑区東浦和2-73-1,3号棟,鉄筋コンクリート造,4,N,401号室,2LDK,70,5,126600,5500,2か月,['近居割'],随時,https://www.ur-net.go.jp/chintai/kanto/saitama/50_2730_room.html?JKSS=000030401,<li>JR武蔵野線「東浦和」駅 徒歩13分</li><li>JR武蔵野線「東浦和」駅バス2分 徒歩2～3分</li><li>JR東北本線「浦和」駅バス14分 徒歩7～9分</li>
saitama,minamiurawa,うらわイーストシティ　かえで街,132100,,,,,,,さいたま市緑区東浦和2-73-1,3号棟,鉄筋コンクリート造,4,N,401号室,2LDK,70,5,126600,5500,2か月,['近居割'],随時,https://www.ur-net.go.jp/chintai/kanto/saitama/50_2730_room.html?JKSS=000030401,<li>JR武蔵野線「東浦和」駅 徒歩13分</li><li>JR武蔵野線「東浦和」駅バス2分 徒歩2～3分</li><li>JR東北本線「浦和」駅バス14分 徒歩7～9分</li>
saitama,minamiurawa,うらわイーストシティ　かえで街,148500,JR武蔵野線「東浦和」駅,13.0,13.0,JR武蔵野線「東浦和」駅,4.0,5.0,さいたま市緑区東浦和2-73-1,2号棟,鉄筋コンクリート造,4,N,404号室,4LDK,84,5,143000,5500,2か月,['近居割'],随時,https://www.ur-net.go.jp/chintai/kanto/saitama/50_2730_room.html?JKSS=000020404,<li>JR武蔵野線「東浦和」駅 徒歩13分</li><li>JR武蔵野線「東浦和」駅バス2分 徒歩2～3分</li><li>JR東北本線「浦和」駅バス14分 徒歩7～9分</li>
saitama,minamiurawa,うらわイーストシティ　かえで街,148500,,,,JR東北本線「浦和」駅,21.0,23.0,さいたま市緑区東浦和2-73-1,2号棟,鉄筋コンクリート造,4,N,404号室,4LDK,84,5,143000,5500,2か月,['近居割'],随時,https://www.ur-net.go.jp/chintai/kanto/saitama/50_2730_room.html?JKSS=000020404,<li>JR武蔵野線「東浦和」駅 徒歩13分</li><li>JR武蔵野線「東浦和」駅バス2分 徒歩2～3分</li><li>JR東北本線「浦和」駅バス14分 徒歩7～9分</li>
saitama,minamiurawa,うらわイーストシティ　かえで街,148500,,,,,,,さいたま市緑区東浦和2-73-1,2号棟,鉄筋コンクリート造,4,N,404号室,4LDK,84,5,143000,5500,2か月,['近居割'],随時,https://www.ur-net.go.jp/chintai/kanto/saitama/50_2730_room.html?JKSS=000020404,<li>JR武蔵野線「東浦和」駅 徒歩13分</li><li>JR武蔵野線「東浦和」駅バス2分 徒歩2～3分</li><li>JR東北本線「浦和」駅バス14分 徒歩7～9分</li>
saitama,kawaguchi,戸田,138900,JR埼京線「戸田公園」駅,10.0,13.0,,,,戸田市下前1-10,1号棟,鉄筋コンクリート造,1,N,107号室,3LDK,67,12,135200,3700,2か月,['近居割'],2026年8月20日以降,https://www.ur-net.go.jp/chintai/kanto/saitama/50_3750_room.html?JKSS=000010107,<li>JR埼京線「戸田公園」駅 徒歩10～13分</li><li>JR京浜東北・根岸線「西川口」駅バス6分 徒歩2～5分</li><li>JR埼京線「戸田」駅 徒歩24～26分</li>
saitama,kawaguchi,戸田,138900,,,,JR京浜東北・根岸線「西川口」駅,8.0,11.0,戸田市下前1-10,1号棟,鉄筋コンクリート造,1,N,107号室,3LDK,67,12,135200,3700,2か月,['近居割'],2026年8月20日以降,https://www.ur-net.go.jp/chintai/kanto/saitama/50_3750_room.html?JKSS=000010107,<li>JR埼京線「戸田公園」駅 徒歩10～13分</li><li>JR京浜東北・根岸線「西川口」駅バス6分 徒歩2～5分</li><li>JR埼京線「戸田」駅 徒歩24～26分</li>
saitama,kawaguchi,戸田,138900,JR埼京線「戸田」駅,24.0,26.0,,,,戸田市下前1-10,1号棟,鉄筋コンクリート造,1,N,107号室,3LDK,67,12,135200,3700,2か月,['近居割'],2026年8月20日以降,https://www.ur-net.go.jp/chintai/kanto/saitama/50_3750_room.html?JKSS=000010107,<li>JR埼京線「戸田公園」駅 徒歩10～13分</li><li>JR京浜東北・根岸線「西川口」駅バス6分 徒歩2～5分</li><li>JR埼京線「戸田」駅 徒歩24～26分</li>
saitama,kawaguchi,戸田,138900,,,,,,,戸田市下前1-10,1号棟,鉄筋コンクリート造,1,N,107号室,3LDK,67,12,135200,3700,2か月,['近居割'],2026年8月20日以降,https://www.ur-net.go.jp/chintai/kanto/saitama/50_3750_room.html?JKSS=000010107,<li>JR埼京線「戸田公園」駅 徒歩10～13分</li><li>JR京浜東北・根岸線「西川口」駅バス6分 徒歩2～5分</li><li>JR埼京線「戸田」駅 徒歩24～26分</li>
saitama,ageo,パークシティ鴻巣駅前プラザ,66500,JR高崎線「北鴻巣」駅,3.0,7.0,,,,鴻巣市赤見台2-2,14号棟,鉄筋コンクリート造,5,N,504号室,3DK,64,5,64400,2100,2か月,['近居割'],随時,https://www.ur-net.go.jp/chintai/kanto/saitama/50_2140_room.html?JKSS=000140504,<li>JR高崎線「北鴻巣」駅 徒歩3～7分</li><li>JR高崎線「鴻巣」駅 徒歩58～62分</li><li>JR高崎線「吹上」駅 徒歩38～42分</li>
saitama,ageo,パークシティ鴻巣駅前プラザ,66500,JR高崎線「鴻巣」駅,58.0,62.0,,,,鴻巣市赤見台2-2,14号棟,鉄筋コンクリート造,5,N,504号室,3DK,64,5,64400,2100,2か月,['近居割'],随時,https://www.ur-net.go.jp/chintai/kanto/saitama/50_2140_room.html?JKSS=000140504,<li>JR高崎線「北鴻巣」駅 徒歩3～7分</li><li>JR高崎線「鴻巣」駅 徒歩58～62分</li><li>JR高崎線「吹上」駅 徒歩38～42分</li>
saitama,ageo,パークシティ鴻巣駅前プラザ,66500,JR高崎線「吹上」駅,38.0,42.0,,,,鴻巣市赤見台2-2,14号棟,鉄筋コンクリート造,5,N,504号室,3DK,64,5,64400,2100,2か月,['近居割'],随時,https://www.ur-net.go.jp/chintai/kanto/saitama/50_2140_room.html?JKSS=000140504,<li>JR高崎線「北鴻巣」駅 徒歩3～7分</li><li>JR高崎線「鴻巣」駅 徒歩58～62分</li><li>JR高崎線「吹上」駅 徒歩38～42分</li>
saitama,ageo,パークシティ鴻巣駅前プラザ,66500,,,,,,,鴻巣市赤見台2-2,14号棟,鉄筋コンクリート造,5,N,504号室,3DK,64,5,64400,2100,2か月,['近居割'],随時,https://www.ur-net.go.jp/chintai/kanto/saitama/50_2140_room.html?JKSS=000140504,<li>JR高崎線「北鴻巣」駅 徒歩3～7分</li><li>JR高崎線「鴻巣」駅 徒歩58～62分</li><li>JR高崎線「吹上」駅 徒歩38～42分</li>
saitama,ageo,パークシティ鴻巣駅前プラザ,80000,JR高崎線「北鴻巣」駅,3.0,7.0,,,,鴻巣市赤見台2-2,13号棟,鉄筋コンクリート造,5,N,506号室,3LDK,75,5,77900,2100,2か月,['近居割'],随時,https://www.ur-net.go.jp/chintai/kanto/saitama/50_2140_room.html?JKSS=000130506,<li>JR高崎線「北鴻巣」駅 徒歩3～7分</li><li>JR高崎線「鴻巣」駅 徒歩58～62分</li><li>JR高崎線「吹上」駅 徒歩38～42分</li>
saitama,ageo,パークシティ鴻巣駅前プラザ,80000,JR高崎線「鴻巣」駅,58.0,62.0,,,,鴻巣市赤見台2-2,13号棟,鉄筋コンクリート造,5,N,506号室,3LDK,75,5,77900,2100,2か月,['近居割'],随時,https://www.ur-net.go.jp/chintai/kanto/saitama/50_2140_room.html?JKSS=000130506,<li>JR高崎線「北鴻巣」駅 徒歩3～7分</li><li>JR高崎線「鴻巣」駅 徒歩58～62分</li><li>JR高崎線「吹上」駅 徒歩38～42分</li>
saitama,ageo,パークシティ鴻巣駅前プラザ,80000,JR高崎線「吹上」駅,38.0,42.0,,,,鴻巣市赤見台2-2,13号棟,鉄筋コンクリート造,5,N,506号室,3LDK,75,5,77900,2100,2か月,['近居割'],随時,https://www.ur-net.go.jp/chintai/kanto/saitama/50_2140_room.html?JKSS=000130506,<li>JR高崎線「北鴻巣」駅 徒歩3～7分</li><li>JR高崎線「鴻巣」駅 徒歩58～62分</li><li>JR高崎線「吹上」駅 徒歩38～42分</li>
saitama,ageo,パークシティ鴻巣駅前プラザ,80000,,,,,,,鴻巣市赤見台2-2,13号棟,鉄筋コンクリート造,5,N,506号室,3LDK,75,5,77900,2100,2か月,['近居割'],随時,https://www.ur-net.go.jp/chintai/kanto/saitama/50_2140_room.html?JKSS=000130506,<li>JR高崎線「北鴻巣」駅 徒歩3～7分</li><li>JR高崎線「鴻巣」駅 徒歩58～62分</li><li>JR高崎線「吹上」駅 徒歩38～42分</li>
saitama,ageo,パークシティ鴻巣　駅前プラザ第三,70600,JR高崎線「北鴻巣」駅,3.0,4.0,,,,鴻巣市赤見台1-13ほか,1号棟,鉄筋コンクリート造,4,N,403号室,1LDK,49,5,67600,3000,2か月,['近居割'],2026年8月18日以降,https://www.ur-net.go.jp/chintai/kanto/saitama/50_2940_room.html?JKSS=000010403,<li>JR高崎線「北鴻巣」駅 徒歩3～4分</li><li>JR高崎線「吹上」駅 徒歩42～44分</li><li>JR高崎線「鴻巣」駅 徒歩56～59分</li>
saitama,ageo,パークシティ鴻巣　駅前プラザ第三,70600,JR高崎線「吹上」駅,42.0,44.0,,,,鴻巣市赤見台1-13ほか,1号棟,鉄筋コンクリート造,4,N,403号室,1LDK,49,5,67600,3000,2か月,['近居割'],2026年8月18日以降,https://www.ur-net.go.jp/chintai/kanto/saitama/50_2940_room.html?JKSS=000010403,<li>JR高崎線「北鴻巣」駅 徒歩3～4分</li><li>JR高崎線「吹上」駅 徒歩42～44分</li><li>JR高崎線「鴻巣」駅 徒歩56～59分</li>
saitama,ageo,パークシティ鴻巣　駅前プラザ第三,70600,JR高崎線「鴻巣」駅,56.0,59.0,,,,鴻巣市赤見台1-13ほか,1号棟,鉄筋コンクリート造,4,N,403号室,1LDK,49,5,67600,3000,2か月,['近居割'],2026年8月18日以降,https://www.ur-net.go.jp/chintai/kanto/saitama/50_2940_room.html?JKSS=000010403,<li>JR高崎線「北鴻巣」駅 徒歩3～4分</li><li>JR高崎線「吹上」駅 徒歩42～44分</li><li>JR高崎線「鴻巣」駅 徒歩56～59分</li>
saitama,ageo,パークシティ鴻巣　駅前プラザ第三,70600,,,,,,,鴻巣市赤見台1-13ほか,1号棟,鉄筋コンクリート造,4,N,403号室,1LDK,49,5,67600,3000,2か月,['近居割'],2026年8月18日以降,https://www.ur-net.go.jp/chintai/kanto/saitama/50_2940_room.html?JKSS=000010403,<li>JR高崎線「北鴻巣」駅 徒歩3～4分</li><li>JR高崎線「吹上」駅 徒歩42～44分</li><li>JR高崎線「鴻巣」駅 徒歩56～59分</li>
saitama,ageo,パークシティ鴻巣　駅前プラザ第三,100200,JR高崎線「北鴻巣」駅,3.0,4.0,,,,鴻巣市赤見台1-13ほか,5号棟,鉄筋コンクリート造,6,N,605号室,3LDK,67,10,97200,3000,2か月,['近居割'],随時,https://www.ur-net.go.jp/chintai/kanto/saitama/50_2940_room.html?JKSS=000050605,<li>JR高崎線「北鴻巣」駅 徒歩3～4分</li><li>JR高崎線「吹上」駅 徒歩42～44分</li><li>JR高崎線「鴻巣」駅 徒歩56～59分</li>
saitama,ageo,パークシティ鴻巣　駅前プラザ第三,100200,JR高崎線「吹上」駅,42.0,44.0,,,,鴻巣市赤見台1-13ほか,5号棟,鉄筋コンクリート造,6,N,605号室,3LDK,67,10,97200,3000,2か月,['近居割'],随時,https://www.ur-net.go.jp/chintai/kanto/saitama/50_2940_room.html?JKSS=000050605,<li>JR高崎線「北鴻巣」駅 徒歩3～4分</li><li>JR高崎線「吹上」駅 徒歩42～44分</li><li>JR高崎線「鴻巣」駅 徒歩56～59分</li>
saitama,ageo,パークシティ鴻巣　駅前プラザ第三,100200,JR高崎線「鴻巣」駅,56.0,59.0,,,,鴻巣市赤見台1-13ほか,5号棟,鉄筋コンクリート造,6,N,605号室,3LDK,67,10,97200,3000,2か月,['近居割'],随時,https://www.ur-net.go.jp/chintai/kanto/saitama/50_2940_room.html?JKSS=000050605,<li>JR高崎線「北鴻巣」駅 徒歩3～4分</li><li>JR高崎線「吹上」駅 徒歩42～44分</li><li>JR高崎線「鴻巣」駅 徒歩56～59分</li>
saitama,ageo,パークシティ鴻巣　駅前プラザ第三,100200,,,,,,,鴻巣市赤見台1-13ほか,5号棟,鉄筋コンクリート造,6,N,605号室,3LDK,67,10,97200,3000,2か月,['近居割'],随時,https://www.ur-net.go.jp/chintai/kanto/saitama/50_2940_room.html?JKSS=000050605,<li>JR高崎線「北鴻巣」駅 徒歩3～4分</li><li>JR高崎線「吹上」駅 徒歩42～44分</li><li>JR高崎線「鴻巣」駅 徒歩56～59分</li>
saitama,ageo,北本,43100,,,,JR高崎線「北本」駅,5.0,17.0,北本市栄7,3-12号棟,鉄筋コンクリート造,5,N,506号室,3K,45,5,39300,3800,2か月,"['近居割', '近居割WIDE']",随時,https://www.ur-net.go.jp/chintai/kanto/saitama/50_1400_room.html?JKSS=000312506,<li>JR高崎線「北本」駅バス4～12分 徒歩1～5分</li><li>JR高崎線「桶川」駅 徒歩30～57分</li><li>JR高崎線「鴻巣」駅 徒歩45～79分</li>
saitama,ageo,北本,43100,JR高崎線「桶川」駅,30.0,57.0,,,,北本市栄7,3-12号棟,鉄筋コンクリート造,5,N,506号室,3K,45,5,39300,3800,2か月,"['近居割', '近居割WIDE']",随時,https://www.ur-net.go.jp/chintai/kanto/saitama/50_1400_room.html?JKSS=000312506,<li>JR高崎線「北本」駅バス4～12分 徒歩1～5分</li><li>JR高崎線「桶川」駅 徒歩30～57分</li><li>JR高崎線「鴻巣」駅 徒歩45～79分</li>
saitama,ageo,北本,43100,JR高崎線「鴻巣」駅,45.0,79.0,,,,北本市栄7,3-12号棟,鉄筋コンクリート造,5,N,506号室,3K,45,5,39300,3800,2か月,"['近居割', '近居割WIDE']",随時,https://www.ur-net.go.jp/chintai/kanto/saitama/50_1400_room.html?JKSS=000312506,<li>JR高崎線「北本」駅バス4～12分 徒歩1～5分</li><li>JR高崎線「桶川」駅 徒歩30～57分</li><li>JR高崎線「鴻巣」駅 徒歩45～79分</li>
saitama,ageo,北本,43100,,,,,,,北本市栄7,3-12号棟,鉄筋コンクリート造,5,N,506号室,3K,45,5,39300,3800,2か月,"['近居割', '近居割WIDE']",随時,https://www.ur-net.go.jp/chintai/kanto/saitama/50_1400_room.html?JKSS=000312506,<li>JR高崎線「北本」駅バス4～12分 徒歩1～5分</li><li>JR高崎線「桶川」駅 徒歩30～57分</li><li>JR高崎線「鴻巣」駅 徒歩45～79分</li>
saitama,ageo,北本,44100,,,,JR高崎線「北本」駅,5.0,17.0,北本市栄7,2-20号棟,鉄筋コンクリート造,5,N,503号室,3K,45,5,40300,3800,2か月,"['近居割', '近居割WIDE']",随時,https://www.ur-net.go.jp/chintai/kanto/saitama/50_1400_room.html?JKSS=000220503,<li>JR高崎線「北本」駅バス4～12分 徒歩1～5分</li><li>JR高崎線「桶川」駅 徒歩30～57分</li><li>JR高崎線「鴻巣」駅 徒歩45～79分</li>
saitama,ageo,北本,44100,JR高崎線「桶川」駅,30.0,57.0,,,,北本市栄7,2-20号棟,鉄筋コンクリート造,5,N,503号室,3K,45,5,40300,3800,2か月,"['近居割', '近居割WIDE']",随時,https://www.ur-net.go.jp/chintai/kanto/saitama/50_1400_room.html?JKSS=000220503,<li>JR高崎線「北本」駅バス4～12分 徒歩1～5分</li><li>JR高崎線「桶川」駅 徒歩30～57分</li><li>JR高崎線「鴻巣」駅 徒歩45～79分</li>
saitama,ageo,北本,44100,JR高崎線「鴻巣」駅,45.0,79.0,,,,北本市栄7,2-20号棟,鉄筋コンクリート造,5,N,503号室,3K,45,5,40300,3800,2か月,"['近居割', '近居割WIDE']",随時,https://www.ur-net.go.jp/chintai/kanto/saitama/50_1400_room.html?JKSS=000220503,<li>JR高崎線「北本」駅バス4～12分 徒歩1～5分</li><li>JR高崎線「桶川」駅 徒歩30～57分</li><li>JR高崎線「鴻巣」駅 徒歩45～79分</li>
saitama,ageo,北本,44100,,,,,,,北本市栄7,2-20号棟,鉄筋コンクリート造,5,N,503号室,3K,45,5,40300,3800,2か月,"['近居割', '近居割WIDE']",随時,https://www.ur-net.go.jp/chintai/kanto/saitama/50_1400_room.html?JKSS=000220503,<li>JR高崎線「北本」駅バス4～12分 徒歩1～5分</li><li>JR高崎線「桶川」駅 徒歩30～57分</li><li>JR高崎線「鴻巣」駅 徒歩45～79分</li>
saitama,ageo,北本,46900,,,,JR高崎線「北本」駅,5.0,17.0,北本市栄7,2-23号棟,鉄筋コンクリート造,5,N,506号室,3K,50,5,43100,3800,2か月,"['近居割', '近居割WIDE']",随時,https://www.ur-net.go.jp/chintai/kanto/saitama/50_1400_room.html?JKSS=000223506,<li>JR高崎線「北本」駅バス4～12分 徒歩1～5分</li><li>JR高崎線「桶川」駅 徒歩30～57分</li><li>JR高崎線「鴻巣」駅 徒歩45～79分</li>
saitama,ageo,北本,46900,JR高崎線「桶川」駅,30.0,57.0,,,,北本市栄7,2-23号棟,鉄筋コンクリート造,5,N,506号室,3K,50,5,43100,3800,2か月,"['近居割', '近居割WIDE']",随時,https://www.ur-net.go.jp/chintai/kanto/saitama/50_1400_room.html?JKSS=000223506,<li>JR高崎線「北本」駅バス4～12分 徒歩1～5分</li><li>JR高崎線「桶川」駅 徒歩30～57分</li><li>JR高崎線「鴻巣」駅 徒歩45～79分</li>
saitama,ageo,北本,46900,JR高崎線「鴻巣」駅,45.0,79.0,,,,北本市栄7,2-23号棟,鉄筋コンクリート造,5,N,506号室,3K,50,5,43100,3800,2か月,"['近居割', '近居割WIDE']",随時,https://www.ur-net.go.jp/chintai/kanto/saitama/50_1400_room.html?JKSS=000223506,<li>JR高崎線「北本」駅バス4～12分 徒歩1～5分</li><li>JR高崎線「桶川」駅 徒歩30～57分</li><li>JR高崎線「鴻巣」駅 徒歩45～79分</li>
saitama,ageo,北本,46900,,,,,,,北本市栄7,2-23号棟,鉄筋コンクリート造,5,N,506号室,3K,50,5,43100,3800,2か月,"['近居割', '近居割WIDE']",随時,https://www.ur-net.go.jp/chintai/kanto/saitama/50_1400_room.html?JKSS=000223506,<li>JR高崎線「北本」駅バス4～12分 徒歩1～5分</li><li>JR高崎線「桶川」駅 徒歩30～57分</li><li>JR高崎線「鴻巣」駅 徒歩45～79分</li>
saitama,ageo,北本,47900,,,,JR高崎線「北本」駅,5.0,17.0,北本市栄7,3-15号棟,鉄筋コンクリート造,5,N,504号室,3K,52,5,44100,3800,2か月,['フリレ１か月'],随時,https://www.ur-net.go.jp/chintai/kanto/saitama/50_1400_room.html?JKSS=000315504,<li>JR高崎線「北本」駅バス4～12分 徒歩1～5分</li><li>JR高崎線「桶川」駅 徒歩30～57分</li><li>JR高崎線「鴻巣」駅 徒歩45～79分</li>
saitama,ageo,北本,47900,JR高崎線「桶川」駅,30.0,57.0,,,,北本市栄7,3-15号棟,鉄筋コンクリート造,5,N,504号室,3K,52,5,44100,3800,2か月,['フリレ１か月'],随時,https://www.ur-net.go.jp/chintai/kanto/saitama/50_1400_room.html?JKSS=000315504,<li>JR高崎線「北本」駅バス4～12分 徒歩1～5分</li><li>JR高崎線「桶川」駅 徒歩30～57分</li><li>JR高崎線「鴻巣」駅 徒歩45～79分</li>
saitama,ageo,北本,47900,JR高崎線「鴻巣」駅,45.0,79.0,,,,北本市栄7,3-15号棟,鉄筋コンクリート造,5,N,504号室,3K,52,5,44100,3800,2か月,['フリレ１か月'],随時,https://www.ur-net.go.jp/chintai/kanto/saitama/50_1400_room.html?JKSS=000315504,<li>JR高崎線「北本」駅バス4～12分 徒歩1～5分</li><li>JR高崎線「桶川」駅 徒歩30～57分</li><li>JR高崎線「鴻巣」駅 徒歩45～79分</li>
saitama,ageo,北本,47900,,,,,,,北本市栄7,3-15号棟,鉄筋コンクリート造,5,N,504号室,3K,52,5,44100,3800,2か月,['フリレ１か月'],随時,https://www.ur-net.go.jp/chintai/kanto/saitama/50_1400_room.html?JKSS=000315504,<li>JR高崎線「北本」駅バス4～12分 徒歩1～5分</li><li>JR高崎線「桶川」駅 徒歩30～57分</li><li>JR高崎線「鴻巣」駅 徒歩45～79分</li>
saitama,ageo,北本,48100,,,,JR高崎線「北本」駅,5.0,17.0,北本市栄7,1-17号棟,鉄筋コンクリート造,5,N,501号室,3K,52,5,44300,3800,2か月,"['近居割', '近居割WIDE']",随時,https://www.ur-net.go.jp/chintai/kanto/saitama/50_1400_room.html?JKSS=000117501,<li>JR高崎線「北本」駅バス4～12分 徒歩1～5分</li><li>JR高崎線「桶川」駅 徒歩30～57分</li><li>JR高崎線「鴻巣」駅 徒歩45～79分</li>
saitama,ageo,北本,48100,JR高崎線「桶川」駅,30.0,57.0,,,,北本市栄7,1-17号棟,鉄筋コンクリート造,5,N,501号室,3K,52,5,44300,3800,2か月,"['近居割', '近居割WIDE']",随時,https://www.ur-net.go.jp/chintai/kanto/saitama/50_1400_room.html?JKSS=000117501,<li>JR高崎線「北本」駅バス4～12分 徒歩1～5分</li><li>JR高崎線「桶川」駅 徒歩30～57分</li><li>JR高崎線「鴻巣」駅 徒歩45～79分</li>
saitama,ageo,北本,48100,JR高崎線「鴻巣」駅,45.0,79.0,,,,北本市栄7,1-17号棟,鉄筋コンクリート造,5,N,501号室,3K,52,5,44300,3800,2か月,"['近居割', '近居割WIDE']",随時,https://www.ur-net.go.jp/chintai/kanto/saitama/50_1400_room.html?JKSS=000117501,<li>JR高崎線「北本」駅バス4～12分 徒歩1～5分</li><li>JR高崎線「桶川」駅 徒歩30～57分</li><li>JR高崎線「鴻巣」駅 徒歩45～79分</li>
saitama,ageo,北本,48100,,,,,,,北本市栄7,1-17号棟,鉄筋コンクリート造,5,N,501号室,3K,52,5,44300,3800,2か月,"['近居割', '近居割WIDE']",随時,https://www.ur-net.go.jp/chintai/kanto/saitama/50_1400_room.html?JKSS=000117501,<li>JR高崎線「北本」駅バス4～12分 徒歩1～5分</li><li>JR高崎線「桶川」駅 徒歩30～57分</li><li>JR高崎線「鴻巣」駅 徒歩45～79分</li>
saitama,tokorozawa,所沢パークタウン並木通り,72200,,,,西武新宿線「航空公園」駅,10.0,12.0,所沢市並木8-1,4号棟,鉄骨鉄筋コンクリート造,1,N,102号室,2DK,48,14,67700,4500,2か月,"['近居割', '近居割WIDE']",随時,https://www.ur-net.go.jp/chintai/kanto/saitama/50_1980_room.html?JKSS=000040102,<li>西武新宿線「航空公園」駅バス8分 徒歩2～4分</li><li>西武新宿線「所沢」駅バス10分 徒歩3～5分</li><li>西武新宿線「新所沢」駅 徒歩36～38分</li>
saitama,tokorozawa,所沢パークタウン並木通り,72200,,,,西武新宿線「所沢」駅,13.0,15.0,所沢市並木8-1,4号棟,鉄骨鉄筋コンクリート造,1,N,102号室,2DK,48,14,67700,4500,2か月,"['近居割', '近居割WIDE']",随時,https://www.ur-net.go.jp/chintai/kanto/saitama/50_1980_room.html?JKSS=000040102,<li>西武新宿線「航空公園」駅バス8分 徒歩2～4分</li><li>西武新宿線「所沢」駅バス10分 徒歩3～5分</li><li>西武新宿線「新所沢」駅 徒歩36～38分</li>
saitama,tokorozawa,所沢パークタウン並木通り,72200,西武新宿線「新所沢」駅,36.0,38.0,,,,所沢市並木8-1,4号棟,鉄骨鉄筋コンクリート造,1,N,102号室,2DK,48,14,67700,4500,2か月,"['近居割', '近居割WIDE']",随時,https://www.ur-net.go.jp/chintai/kanto/saitama/50_1980_room.html?JKSS=000040102,<li>西武新宿線「航空公園」駅バス8分 徒歩2～4分</li><li>西武新宿線「所沢」駅バス10分 徒歩3～5分</li><li>西武新宿線「新所沢」駅 徒歩36～38分</li>
saitama,tokorozawa,所沢パークタウン並木通り,72200,,,,,,,所沢市並木8-1,4号棟,鉄骨鉄筋コンクリート造,1,N,102号室,2DK,48,14,67700,4500,2か月,"['近居割', '近居割WIDE']",随時,https://www.ur-net.go.jp/chintai/kanto/saitama/50_1980_room.html?JKSS=000040102,<li>西武新宿線「航空公園」駅バス8分 徒歩2～4分</li><li>西武新宿線「所沢」駅バス10分 徒歩3～5分</li><li>西武新宿線「新所沢」駅 徒歩36～38分</li>
saitama,tokorozawa,所沢パークタウン並木通り,73800,,,,西武新宿線「航空公園」駅,10.0,12.0,所沢市並木8-1,4号棟,鉄骨鉄筋コンクリート造,4,N,402号室,2DK,48,14,69300,4500,2か月,"['近居割', '近居割WIDE']",随時,https://www.ur-net.go.jp/chintai/kanto/saitama/50_1980_room.html?JKSS=000040402,<li>西武新宿線「航空公園」駅バス8分 徒歩2～4分</li><li>西武新宿線「所沢」駅バス10分 徒歩3～5分</li><li>西武新宿線「新所沢」駅 徒歩36～38分</li>
saitama,tokorozawa,所沢パークタウン並木通り,73800,,,,西武新宿線「所沢」駅,13.0,15.0,所沢市並木8-1,4号棟,鉄骨鉄筋コンクリート造,4,N,402号室,2DK,48,14,69300,4500,2か月,"['近居割', '近居割WIDE']",随時,https://www.ur-net.go.jp/chintai/kanto/saitama/50_1980_room.html?JKSS=000040402,<li>西武新宿線「航空公園」駅バス8分 徒歩2～4分</li><li>西武新宿線「所沢」駅バス10分 徒歩3～5分</li><li>西武新宿線「新所沢」駅 徒歩36～38分</li>
saitama,tokorozawa,所沢パークタウン並木通り,73800,西武新宿線「新所沢」駅,36.0,38.0,,,,所沢市並木8-1,4号棟,鉄骨鉄筋コンクリート造,4,N,402号室,2DK,48,14,69300,4500,2か月,"['近居割', '近居割WIDE']",随時,https://www.ur-net.go.jp/chintai/kanto/saitama/50_1980_room.html?JKSS=000040402,<li>西武新宿線「航空公園」駅バス8分 徒歩2～4分</li><li>西武新宿線「所沢」駅バス10分 徒歩3～5分</li><li>西武新宿線「新所沢」駅 徒歩36～38分</li>
saitama,tokorozawa,所沢パークタウン並木通り,73800,,,,,,,所沢市並木8-1,4号棟,鉄骨鉄筋コンクリート造,4,N,402号室,2DK,48,14,69300,4500,2か月,"['近居割', '近居割WIDE']",随時,https://www.ur-net.go.jp/chintai/kanto/saitama/50_1980_room.html?JKSS=000040402,<li>西武新宿線「航空公園」駅バス8分 徒歩2～4分</li><li>西武新宿線「所沢」駅バス10分 徒歩3～5分</li><li>西武新宿線「新所沢」駅 徒歩36～38分</li>
saitama,tokorozawa,所沢パークタウン並木通り,74300,,,,西武新宿線「航空公園」駅,10.0,12.0,所沢市並木8-1,5号棟,鉄骨鉄筋コンクリート造,8,N,803号室,2DK,48,11,69800,4500,2か月,"['近居割', '近居割WIDE']",随時,https://www.ur-net.go.jp/chintai/kanto/saitama/50_1980_room.html?JKSS=000050803,<li>西武新宿線「航空公園」駅バス8分 徒歩2～4分</li><li>西武新宿線「所沢」駅バス10分 徒歩3～5分</li><li>西武新宿線「新所沢」駅 徒歩36～38分</li>
saitama,tokorozawa,所沢パークタウン並木通り,74300,,,,西武新宿線「所沢」駅,13.0,15.0,所沢市並木8-1,5号棟,鉄骨鉄筋コンクリート造,8,N,803号室,2DK,48,11,69800,4500,2か月,"['近居割', '近居割WIDE']",随時,https://www.ur-net.go.jp/chintai/kanto/saitama/50_1980_room.html?JKSS=000050803,<li>西武新宿線「航空公園」駅バス8分 徒歩2～4分</li><li>西武新宿線「所沢」駅バス10分 徒歩3～5分</li><li>西武新宿線「新所沢」駅 徒歩36～38分</li>
saitama,tokorozawa,所沢パークタウン並木通り,74300,西武新宿線「新所沢」駅,36.0,38.0,,,,所沢市並木8-1,5号棟,鉄骨鉄筋コンクリート造,8,N,803号室,2DK,48,11,69800,4500,2か月,"['近居割', '近居割WIDE']",随時,https://www.ur-net.go.jp/chintai/kanto/saitama/50_1980_room.html?JKSS=000050803,<li>西武新宿線「航空公園」駅バス8分 徒歩2～4分</li><li>西武新宿線「所沢」駅バス10分 徒歩3～5分</li><li>西武新宿線「新所沢」駅 徒歩36～38分</li>
saitama,tokorozawa,所沢パークタウン並木通り,74300,,,,,,,所沢市並木8-1,5号棟,鉄骨鉄筋コンクリート造,8,N,803号室,2DK,48,11,69800,4500,2か月,"['近居割', '近居割WIDE']",随時,https://www.ur-net.go.jp/chintai/kanto/saitama/50_1980_room.html?JKSS=000050803,<li>西武新宿線「航空公園」駅バス8分 徒歩2～4分</li><li>西武新宿線「所沢」駅バス10分 徒歩3～5分</li><li>西武新宿線「新所沢」駅 徒歩36～38分</li>
saitama,tokorozawa,所沢パークタウン並木通り,75600,,,,西武新宿線「航空公園」駅,10.0,12.0,所沢市並木8-1,4号棟,鉄骨鉄筋コンクリート造,3,N,304号室,2DK,48,14,71100,4500,2か月,"['近居割', '近居割WIDE']",随時,https://www.ur-net.go.jp/chintai/kanto/saitama/50_1980_room.html?JKSS=000040304,<li>西武新宿線「航空公園」駅バス8分 徒歩2～4分</li><li>西武新宿線「所沢」駅バス10分 徒歩3～5分</li><li>西武新宿線「新所沢」駅 徒歩36～38分</li>
saitama,tokorozawa,所沢パークタウン並木通り,75600,,,,西武新宿線「所沢」駅,13.0,15.0,所沢市並木8-1,4号棟,鉄骨鉄筋コンクリート造,3,N,304号室,2DK,48,14,71100,4500,2か月,"['近居割', '近居割WIDE']",随時,https://www.ur-net.go.jp/chintai/kanto/saitama/50_1980_room.html?JKSS=000040304,<li>西武新宿線「航空公園」駅バス8分 徒歩2～4分</li><li>西武新宿線「所沢」駅バス10分 徒歩3～5分</li><li>西武新宿線「新所沢」駅 徒歩36～38分</li>
saitama,tokorozawa,所沢パークタウン並木通り,75600,西武新宿線「新所沢」駅,36.0,38.0,,,,所沢市並木8-1,4号棟,鉄骨鉄筋コンクリート造,3,N,304号室,2DK,48,14,71100,4500,2か月,"['近居割', '近居割WIDE']",随時,https://www.ur-net.go.jp/chintai/kanto/saitama/50_1980_room.html?JKSS=000040304,<li>西武新宿線「航空公園」駅バス8分 徒歩2～4分</li><li>西武新宿線「所沢」駅バス10分 徒歩3～5分</li><li>西武新宿線「新所沢」駅 徒歩36～38分</li>
saitama,tokorozawa,所沢パークタウン並木通り,75600,,,,,,,所沢市並木8-1,4号棟,鉄骨鉄筋コンクリート造,3,N,304号室,2DK,48,14,71100,4500,2か月,"['近居割', '近居割WIDE']",随時,https://www.ur-net.go.jp/chintai/kanto/saitama/50_1980_room.html?JKSS=000040304,<li>西武新宿線「航空公園」駅バス8分 徒歩2～4分</li><li>西武新宿線「所沢」駅バス10分 徒歩3～5分</li><li>西武新宿線「新所沢」駅 徒歩36～38分</li>
saitama,tokorozawa,所沢パークタウン並木通り,99800,,,,西武新宿線「航空公園」駅,10.0,12.0,所沢市並木8-1,6号棟,鉄骨鉄筋コンクリート造,7,N,706号室,3DK,57,11,95300,4500,2か月,"['近居割', '近居割WIDE']",随時,https://www.ur-net.go.jp/chintai/kanto/saitama/50_1980_room.html?JKSS=000060706,<li>西武新宿線「航空公園」駅バス8分 徒歩2～4分</li><li>西武新宿線「所沢」駅バス10分 徒歩3～5分</li><li>西武新宿線「新所沢」駅 徒歩36～38分</li>
saitama,tokorozawa,所沢パークタウン並木通り,99800,,,,西武新宿線「所沢」駅,13.0,15.0,所沢市並木8-1,6号棟,鉄骨鉄筋コンクリート造,7,N,706号室,3DK,57,11,95300,4500,2か月,"['近居割', '近居割WIDE']",随時,https://www.ur-net.go.jp/chintai/kanto/saitama/50_1980_room.html?JKSS=000060706,<li>西武新宿線「航空公園」駅バス8分 徒歩2～4分</li><li>西武新宿線「所沢」駅バス10分 徒歩3～5分</li><li>西武新宿線「新所沢」駅 徒歩36～38分</li>
saitama,tokorozawa,所沢パークタウン並木通り,99800,西武新宿線「新所沢」駅,36.0,38.0,,,,所沢市並木8-1,6号棟,鉄骨鉄筋コンクリート造,7,N,706号室,3DK,57,11,95300,4500,2か月,"['近居割', '近居割WIDE']",随時,https://www.ur-net.go.jp/chintai/kanto/saitama/50_1980_room.html?JKSS=000060706,<li>西武新宿線「航空公園」駅バス8分 徒歩2～4分</li><li>西武新宿線「所沢」駅バス10分 徒歩3～5分</li><li>西武新宿線「新所沢」駅 徒歩36～38分</li>
saitama,tokorozawa,所沢パークタウン並木通り,99800,,,,,,,所沢市並木8-1,6号棟,鉄骨鉄筋コンクリート造,7,N,706号室,3DK,57,11,95300,4500,2か月,"['近居割', '近居割WIDE']",随時,https://www.ur-net.go.jp/chintai/kanto/saitama/50_1980_room.html?JKSS=000060706,<li>西武新宿線「航空公園」駅バス8分 徒歩2～4分</li><li>西武新宿線「所沢」駅バス10分 徒歩3～5分</li><li>西武新宿線「新所沢」駅 徒歩36～38分</li>
saitama,tokorozawa,所沢パークタウン駅前通り,81500,西武新宿線「航空公園」駅,4.0,9.0,,,,所沢市並木3-1,6号棟,鉄筋コンクリート造、鉄骨鉄筋コンクリート造,8,N,811号室,2DK,51,10,78300,3200,2か月,"['近居割', '近居割WIDE']",随時,https://www.ur-net.go.jp/chintai/kanto/saitama/50_1910_room.html?JKSS=000060811,<li>西武新宿線「航空公園」駅 徒歩4～9分</li><li>西武新宿線「新所沢」駅 徒歩20～25分</li><li>西武池袋線「所沢」駅 徒歩22～25分</li>
saitama,tokorozawa,所沢パークタウン駅前通り,81500,西武新宿線「新所沢」駅,20.0,25.0,,,,所沢市並木3-1,6号棟,鉄筋コンクリート造、鉄骨鉄筋コンクリート造,8,N,811号室,2DK,51,10,78300,3200,2か月,"['近居割', '近居割WIDE']",随時,https://www.ur-net.go.jp/chintai/kanto/saitama/50_1910_room.html?JKSS=000060811,<li>西武新宿線「航空公園」駅 徒歩4～9分</li><li>西武新宿線「新所沢」駅 徒歩20～25分</li><li>西武池袋線「所沢」駅 徒歩22～25分</li>
saitama,tokorozawa,所沢パークタウン駅前通り,81500,西武池袋線「所沢」駅,22.0,25.0,,,,所沢市並木3-1,6号棟,鉄筋コンクリート造、鉄骨鉄筋コンクリート造,8,N,811号室,2DK,51,10,78300,3200,2か月,"['近居割', '近居割WIDE']",随時,https://www.ur-net.go.jp/chintai/kanto/saitama/50_1910_room.html?JKSS=000060811,<li>西武新宿線「航空公園」駅 徒歩4～9分</li><li>西武新宿線「新所沢」駅 徒歩20～25分</li><li>西武池袋線「所沢」駅 徒歩22～25分</li>
saitama,tokorozawa,所沢パークタウン駅前通り,81500,,,,,,,所沢市並木3-1,6号棟,鉄筋コンクリート造、鉄骨鉄筋コンクリート造,8,N,811号室,2DK,51,10,78300,3200,2か月,"['近居割', '近居割WIDE']",随時,https://www.ur-net.go.jp/chintai/kanto/saitama/50_1910_room.html?JKSS=000060811,<li>西武新宿線「航空公園」駅 徒歩4～9分</li><li>西武新宿線「新所沢」駅 徒歩20～25分</li><li>西武池袋線「所沢」駅 徒歩22～25分</li>
saitama,tokorozawa,所沢パークタウン駅前通り,83400,西武新宿線「航空公園」駅,4.0,9.0,,,,所沢市並木3-1,7号棟,鉄筋コンクリート造、鉄骨鉄筋コンクリート造,4,N,404号室,2LDK,58,5,80200,3200,2か月,"['近居割', '近居割WIDE']",随時,https://www.ur-net.go.jp/chintai/kanto/saitama/50_1910_room.html?JKSS=000070404,<li>西武新宿線「航空公園」駅 徒歩4～9分</li><li>西武新宿線「新所沢」駅 徒歩20～25分</li><li>西武池袋線「所沢」駅 徒歩22～25分</li>
saitama,tokorozawa,所沢パークタウン駅前通り,83400,西武新宿線「新所沢」駅,20.0,25.0,,,,所沢市並木3-1,7号棟,鉄筋コンクリート造、鉄骨鉄筋コンクリート造,4,N,404号室,2LDK,58,5,80200,3200,2か月,"['近居割', '近居割WIDE']",随時,https://www.ur-net.go.jp/chintai/kanto/saitama/50_1910_room.html?JKSS=000070404,<li>西武新宿線「航空公園」駅 徒歩4～9分</li><li>西武新宿線「新所沢」駅 徒歩20～25分</li><li>西武池袋線「所沢」駅 徒歩22～25分</li>
saitama,tokorozawa,所沢パークタウン駅前通り,83400,西武池袋線「所沢」駅,22.0,25.0,,,,所沢市並木3-1,7号棟,鉄筋コンクリート造、鉄骨鉄筋コンクリート造,4,N,404号室,2LDK,58,5,80200,3200,2か月,"['近居割', '近居割WIDE']",随時,https://www.ur-net.go.jp/chintai/kanto/saitama/50_1910_room.html?JKSS=000070404,<li>西武新宿線「航空公園」駅 徒歩4～9分</li><li>西武新宿線「新所沢」駅 徒歩20～25分</li><li>西武池袋線「所沢」駅 徒歩22～25分</li>
saitama,tokorozawa,所沢パークタウン駅前通り,83400,,,,,,,所沢市並木3-1,7号棟,鉄筋コンクリート造、鉄骨鉄筋コンクリート造,4,N,404号室,2LDK,58,5,80200,3200,2か月,"['近居割', '近居割WIDE']",随時,https://www.ur-net.go.jp/chintai/kanto/saitama/50_1910_room.html?JKSS=000070404,<li>西武新宿線「航空公園」駅 徒歩4～9分</li><li>西武新宿線「新所沢」駅 徒歩20～25分</li><li>西武池袋線「所沢」駅 徒歩22～25分</li>
saitama,tokorozawa,所沢パークタウン駅前通り,83400,西武新宿線「航空公園」駅,4.0,9.0,,,,所沢市並木3-1,12号棟,鉄筋コンクリート造、鉄骨鉄筋コンクリート造,7,N,707号室,2DK,51,10,80200,3200,2か月,"['近居割', '近居割WIDE']",随時,https://www.ur-net.go.jp/chintai/kanto/saitama/50_1910_room.html?JKSS=000120707,<li>西武新宿線「航空公園」駅 徒歩4～9分</li><li>西武新宿線「新所沢」駅 徒歩20～25分</li><li>西武池袋線「所沢」駅 徒歩22～25分</li>
saitama,tokorozawa,所沢パークタウン駅前通り,83400,西武新宿線「新所沢」駅,20.0,25.0,,,,所沢市並木3-1,12号棟,鉄筋コンクリート造、鉄骨鉄筋コンクリート造,7,N,707号室,2DK,51,10,80200,3200,2か月,"['近居割', '近居割WIDE']",随時,https://www.ur-net.go.jp/chintai/kanto/saitama/50_1910_room.html?JKSS=000120707,<li>西武新宿線「航空公園」駅 徒歩4～9分</li><li>西武新宿線「新所沢」駅 徒歩20～25分</li><li>西武池袋線「所沢」駅 徒歩22～25分</li>
saitama,tokorozawa,所沢パークタウン駅前通り,83400,西武池袋線「所沢」駅,22.0,25.0,,,,所沢市並木3-1,12号棟,鉄筋コンクリート造、鉄骨鉄筋コンクリート造,7,N,707号室,2DK,51,10,80200,3200,2か月,"['近居割', '近居割WIDE']",随時,https://www.ur-net.go.jp/chintai/kanto/saitama/50_1910_room.html?JKSS=000120707,<li>西武新宿線「航空公園」駅 徒歩4～9分</li><li>西武新宿線「新所沢」駅 徒歩20～25分</li><li>西武池袋線「所沢」駅 徒歩22～25分</li>
saitama,tokorozawa,所沢パークタウン駅前通り,83400,,,,,,,所沢市並木3-1,12号棟,鉄筋コンクリート造、鉄骨鉄筋コンクリート造,7,N,707号室,2DK,51,10,80200,3200,2か月,"['近居割', '近居割WIDE']",随時,https://www.ur-net.go.jp/chintai/kanto/saitama/50_1910_room.html?JKSS=000120707,<li>西武新宿線「航空公園」駅 徒歩4～9分</li><li>西武新宿線「新所沢」駅 徒歩20～25分</li><li>西武池袋線「所沢」駅 徒歩22～25分</li>
saitama,tokorozawa,所沢パークタウン駅前通り,94300,西武新宿線「航空公園」駅,4.0,9.0,,,,所沢市並木3-1,11号棟,鉄筋コンクリート造、鉄骨鉄筋コンクリート造,7,N,708号室,3DK,63,10,91100,3200,2か月,"['近居割', '近居割WIDE']",随時,https://www.ur-net.go.jp/chintai/kanto/saitama/50_1910_room.html?JKSS=000110708,<li>西武新宿線「航空公園」駅 徒歩4～9分</li><li>西武新宿線「新所沢」駅 徒歩20～25分</li><li>西武池袋線「所沢」駅 徒歩22～25分</li>
saitama,tokorozawa,所沢パークタウン駅前通り,94300,西武新宿線「新所沢」駅,20.0,25.0,,,,所沢市並木3-1,11号棟,鉄筋コンクリート造、鉄骨鉄筋コンクリート造,7,N,708号室,3DK,63,10,91100,3200,2か月,"['近居割', '近居割WIDE']",随時,https://www.ur-net.go.jp/chintai/kanto/saitama/50_1910_room.html?JKSS=000110708,<li>西武新宿線「航空公園」駅 徒歩4～9分</li><li>西武新宿線「新所沢」駅 徒歩20～25分</li><li>西武池袋線「所沢」駅 徒歩22～25分</li>
saitama,tokorozawa,所沢パークタウン駅前通り,94300,西武池袋線「所沢」駅,22.0,25.0,,,,所沢市並木3-1,11号棟,鉄筋コンクリート造、鉄骨鉄筋コンクリート造,7,N,708号室,3DK,63,10,91100,3200,2か月,"['近居割', '近居割WIDE']",随時,https://www.ur-net.go.jp/chintai/kanto/saitama/50_1910_room.html?JKSS=000110708,<li>西武新宿線「航空公園」駅 徒歩4～9分</li><li>西武新宿線「新所沢」駅 徒歩20～25分</li><li>西武池袋線「所沢」駅 徒歩22～25分</li>
saitama,tokorozawa,所沢パークタウン駅前通り,94300,,,,,,,所沢市並木3-1,11号棟,鉄筋コンクリート造、鉄骨鉄筋コンクリート造,7,N,708号室,3DK,63,10,91100,3200,2か月,"['近居割', '近居割WIDE']",随時,https://www.ur-net.go.jp/chintai/kanto/saitama/50_1910_room.html?JKSS=000110708,<li>西武新宿線「航空公園」駅 徒歩4～9分</li><li>西武新宿線「新所沢」駅 徒歩20～25分</li><li>西武池袋線「所沢」駅 徒歩22～25分</li>
saitama,tokorozawa,所沢パークタウン駅前通り,101500,西武新宿線「航空公園」駅,4.0,9.0,,,,所沢市並木3-1,6号棟,鉄筋コンクリート造、鉄骨鉄筋コンクリート造,4,N,410号室,3DK,63,10,98300,3200,2か月,"['近居割', '近居割WIDE']",随時,https://www.ur-net.go.jp/chintai/kanto/saitama/50_1910_room.html?JKSS=000060410,<li>西武新宿線「航空公園」駅 徒歩4～9分</li><li>西武新宿線「新所沢」駅 徒歩20～25分</li><li>西武池袋線「所沢」駅 徒歩22～25分</li>
saitama,tokorozawa,所沢パークタウン駅前通り,101500,西武新宿線「新所沢」駅,20.0,25.0,,,,所沢市並木3-1,6号棟,鉄筋コンクリート造、鉄骨鉄筋コンクリート造,4,N,410号室,3DK,63,10,98300,3200,2か月,"['近居割', '近居割WIDE']",随時,https://www.ur-net.go.jp/chintai/kanto/saitama/50_1910_room.html?JKSS=000060410,<li>西武新宿線「航空公園」駅 徒歩4～9分</li><li>西武新宿線「新所沢」駅 徒歩20～25分</li><li>西武池袋線「所沢」駅 徒歩22～25分</li>
saitama,tokorozawa,所沢パークタウン駅前通り,101500,西武池袋線「所沢」駅,22.0,25.0,,,,所沢市並木3-1,6号棟,鉄筋コンクリート造、鉄骨鉄筋コンクリート造,4,N,410号室,3DK,63,10,98300,3200,2か月,"['近居割', '近居割WIDE']",随時,https://www.ur-net.go.jp/chintai/kanto/saitama/50_1910_room.html?JKSS=000060410,<li>西武新宿線「航空公園」駅 徒歩4～9分</li><li>西武新宿線「新所沢」駅 徒歩20～25分</li><li>西武池袋線「所沢」駅 徒歩22～25分</li>
saitama,tokorozawa,所沢パークタウン駅前通り,101500,,,,,,,所沢市並木3-1,6号棟,鉄筋コンクリート造、鉄骨鉄筋コンクリート造,4,N,410号室,3DK,63,10,98300,3200,2か月,"['近居割', '近居割WIDE']",随時,https://www.ur-net.go.jp/chintai/kanto/saitama/50_1910_room.html?JKSS=000060410,<li>西武新宿線「航空公園」駅 徒歩4～9分</li><li>西武新宿線「新所沢」駅 徒歩20～25分</li><li>西武池袋線「所沢」駅 徒歩22～25分</li>
saitama,shiki,朝霞浜崎,91500,東武東上線「朝霞台」駅,8.0,9.0,,,,朝霞市朝志ケ丘1-2,1号棟,鉄骨鉄筋コンクリート造,1,N,144号室,2DK,42,15,88700,2800,2か月,['近居割'],随時,https://www.ur-net.go.jp/chintai/kanto/saitama/50_1700_room.html?JKSS=000010144,<li>東武東上線「朝霞台」駅 徒歩8～9分</li><li>JR武蔵野線「北朝霞」駅 徒歩8～9分</li><li>東武東上線「志木」駅 徒歩14分</li>
saitama,shiki,朝霞浜崎,91500,JR武蔵野線「北朝霞」駅,8.0,9.0,,,,朝霞市朝志ケ丘1-2,1号棟,鉄骨鉄筋コンクリート造,1,N,144号室,2DK,42,15,88700,2800,2か月,['近居割'],随時,https://www.ur-net.go.jp/chintai/kanto/saitama/50_1700_room.html?JKSS=000010144,<li>東武東上線「朝霞台」駅 徒歩8～9分</li><li>JR武蔵野線「北朝霞」駅 徒歩8～9分</li><li>東武東上線「志木」駅 徒歩14分</li>
saitama,shiki,朝霞浜崎,91500,東武東上線「志木」駅,14.0,14.0,,,,朝霞市朝志ケ丘1-2,1号棟,鉄骨鉄筋コンクリート造,1,N,144号室,2DK,42,15,88700,2800,2か月,['近居割'],随時,https://www.ur-net.go.jp/chintai/kanto/saitama/50_1700_room.html?JKSS=000010144,<li>東武東上線「朝霞台」駅 徒歩8～9分</li><li>JR武蔵野線「北朝霞」駅 徒歩8～9分</li><li>東武東上線「志木」駅 徒歩14分</li>
saitama,shiki,朝霞浜崎,91500,,,,,,,朝霞市朝志ケ丘1-2,1号棟,鉄骨鉄筋コンクリート造,1,N,144号室,2DK,42,15,88700,2800,2か月,['近居割'],随時,https://www.ur-net.go.jp/chintai/kanto/saitama/50_1700_room.html?JKSS=000010144,<li>東武東上線「朝霞台」駅 徒歩8～9分</li><li>JR武蔵野線「北朝霞」駅 徒歩8～9分</li><li>東武東上線「志木」駅 徒歩14分</li>
saitama,wakaba,東坂戸,51500,,,,東武東上線「若葉」駅,8.0,12.0,坂戸市東坂戸1ほか,1-8号棟,鉄骨鉄筋コンクリート造,3,N,304号室,2DK,50,8,45400,6100,2か月,"['近居割', '近居割WIDE']",随時,https://www.ur-net.go.jp/chintai/kanto/saitama/50_1800_room.html?JKSS=001080304,<li>東武東上線「若葉」駅バス7～8分 徒歩1～4分</li><li>東武東上線「川越」駅バス30～32分 徒歩1～4分</li><li>東武東上線「鶴ケ島」駅 徒歩34～46分</li>
saitama,wakaba,東坂戸,51500,,,,東武東上線「川越」駅,31.0,36.0,坂戸市東坂戸1ほか,1-8号棟,鉄骨鉄筋コンクリート造,3,N,304号室,2DK,50,8,45400,6100,2か月,"['近居割', '近居割WIDE']",随時,https://www.ur-net.go.jp/chintai/kanto/saitama/50_1800_room.html?JKSS=001080304,<li>東武東上線「若葉」駅バス7～8分 徒歩1～4分</li><li>東武東上線「川越」駅バス30～32分 徒歩1～4分</li><li>東武東上線「鶴ケ島」駅 徒歩34～46分</li>
saitama,wakaba,東坂戸,51500,東武東上線「鶴ケ島」駅,34.0,46.0,,,,坂戸市東坂戸1ほか,1-8号棟,鉄骨鉄筋コンクリート造,3,N,304号室,2DK,50,8,45400,6100,2か月,"['近居割', '近居割WIDE']",随時,https://www.ur-net.go.jp/chintai/kanto/saitama/50_1800_room.html?JKSS=001080304,<li>東武東上線「若葉」駅バス7～8分 徒歩1～4分</li><li>東武東上線「川越」駅バス30～32分 徒歩1～4分</li><li>東武東上線「鶴ケ島」駅 徒歩34～46分</li>
saitama,wakaba,東坂戸,51500,,,,,,,坂戸市東坂戸1ほか,1-8号棟,鉄骨鉄筋コンクリート造,3,N,304号室,2DK,50,8,45400,6100,2か月,"['近居割', '近居割WIDE']",随時,https://www.ur-net.go.jp/chintai/kanto/saitama/50_1800_room.html?JKSS=001080304,<li>東武東上線「若葉」駅バス7～8分 徒歩1～4分</li><li>東武東上線「川越」駅バス30～32分 徒歩1～4分</li><li>東武東上線「鶴ケ島」駅 徒歩34～46分</li>
saitama,wakaba,東坂戸,51600,,,,東武東上線「若葉」駅,8.0,12.0,坂戸市東坂戸1ほか,1-6号棟,鉄骨鉄筋コンクリート造,2,N,207号室,2DK,50,8,45500,6100,2か月,"['近居割', '近居割WIDE']",2026年8月17日以降,https://www.ur-net.go.jp/chintai/kanto/saitama/50_1800_room.html?JKSS=001060207,<li>東武東上線「若葉」駅バス7～8分 徒歩1～4分</li><li>東武東上線「川越」駅バス30～32分 徒歩1～4分</li><li>東武東上線「鶴ケ島」駅 徒歩34～46分</li>
saitama,wakaba,東坂戸,51600,,,,東武東上線「川越」駅,31.0,36.0,坂戸市東坂戸1ほか,1-6号棟,鉄骨鉄筋コンクリート造,2,N,207号室,2DK,50,8,45500,6100,2か月,"['近居割', '近居割WIDE']",2026年8月17日以降,https://www.ur-net.go.jp/chintai/kanto/saitama/50_1800_room.html?JKSS=001060207,<li>東武東上線「若葉」駅バス7～8分 徒歩1～4分</li><li>東武東上線「川越」駅バス30～32分 徒歩1～4分</li><li>東武東上線「鶴ケ島」駅 徒歩34～46分</li>
saitama,wakaba,東坂戸,51600,東武東上線「鶴ケ島」駅,34.0,46.0,,,,坂戸市東坂戸1ほか,1-6号棟,鉄骨鉄筋コンクリート造,2,N,207号室,2DK,50,8,45500,6100,2か月,"['近居割', '近居割WIDE']",2026年8月17日以降,https://www.ur-net.go.jp/chintai/kanto/saitama/50_1800_room.html?JKSS=001060207,<li>東武東上線「若葉」駅バス7～8分 徒歩1～4分</li><li>東武東上線「川越」駅バス30～32分 徒歩1～4分</li><li>東武東上線「鶴ケ島」駅 徒歩34～46分</li>
saitama,wakaba,東坂戸,51600,,,,,,,坂戸市東坂戸1ほか,1-6号棟,鉄骨鉄筋コンクリート造,2,N,207号室,2DK,50,8,45500,6100,2か月,"['近居割', '近居割WIDE']",2026年8月17日以降,https://www.ur-net.go.jp/chintai/kanto/saitama/50_1800_room.html?JKSS=001060207,<li>東武東上線「若葉」駅バス7～8分 徒歩1～4分</li><li>東武東上線「川越」駅バス30～32分 徒歩1～4分</li><li>東武東上線「鶴ケ島」駅 徒歩34～46分</li>
saitama,wakaba,東坂戸,52400,,,,東武東上線「若葉」駅,8.0,12.0,坂戸市東坂戸1ほか,1-20号棟,鉄骨鉄筋コンクリート造,4,N,408号室,2DK,50,8,46300,6100,2か月,"['近居割', '近居割WIDE']",随時,https://www.ur-net.go.jp/chintai/kanto/saitama/50_1800_room.html?JKSS=001200408,<li>東武東上線「若葉」駅バス7～8分 徒歩1～4分</li><li>東武東上線「川越」駅バス30～32分 徒歩1～4分</li><li>東武東上線「鶴ケ島」駅 徒歩34～46分</li>
saitama,wakaba,東坂戸,52400,,,,東武東上線「川越」駅,31.0,36.0,坂戸市東坂戸1ほか,1-20号棟,鉄骨鉄筋コンクリート造,4,N,408号室,2DK,50,8,46300,6100,2か月,"['近居割', '近居割WIDE']",随時,https://www.ur-net.go.jp/chintai/kanto/saitama/50_1800_room.html?JKSS=001200408,<li>東武東上線「若葉」駅バス7～8分 徒歩1～4分</li><li>東武東上線「川越」駅バス30～32分 徒歩1～4分</li><li>東武東上線「鶴ケ島」駅 徒歩34～46分</li>
saitama,wakaba,東坂戸,52400,東武東上線「鶴ケ島」駅,34.0,46.0,,,,坂戸市東坂戸1ほか,1-20号棟,鉄骨鉄筋コンクリート造,4,N,408号室,2DK,50,8,46300,6100,2か月,"['近居割', '近居割WIDE']",随時,https://www.ur-net.go.jp/chintai/kanto/saitama/50_1800_room.html?JKSS=001200408,<li>東武東上線「若葉」駅バス7～8分 徒歩1～4分</li><li>東武東上線「川越」駅バス30～32分 徒歩1～4分</li><li>東武東上線「鶴ケ島」駅 徒歩34～46分</li>
saitama,wakaba,東坂戸,52400,,,,,,,坂戸市東坂戸1ほか,1-20号棟,鉄骨鉄筋コンクリート造,4,N,408号室,2DK,50,8,46300,6100,2か月,"['近居割', '近居割WIDE']",随時,https://www.ur-net.go.jp/chintai/kanto/saitama/50_1800_room.html?JKSS=001200408,<li>東武東上線「若葉」駅バス7～8分 徒歩1～4分</li><li>東武東上線「川越」駅バス30～32分 徒歩1～4分</li><li>東武東上線「鶴ケ島」駅 徒歩34～46分</li>
saitama,wakaba,東坂戸,52400,,,,東武東上線「若葉」駅,8.0,12.0,坂戸市東坂戸1ほか,2-21号棟,鉄骨鉄筋コンクリート造,8,N,804号室,2DK,50,8,46300,6100,2か月,"['近居割', '近居割WIDE']",随時,https://www.ur-net.go.jp/chintai/kanto/saitama/50_1800_room.html?JKSS=002210804,<li>東武東上線「若葉」駅バス7～8分 徒歩1～4分</li><li>東武東上線「川越」駅バス30～32分 徒歩1～4分</li><li>東武東上線「鶴ケ島」駅 徒歩34～46分</li>
saitama,wakaba,東坂戸,52400,,,,東武東上線「川越」駅,31.0,36.0,坂戸市東坂戸1ほか,2-21号棟,鉄骨鉄筋コンクリート造,8,N,804号室,2DK,50,8,46300,6100,2か月,"['近居割', '近居割WIDE']",随時,https://www.ur-net.go.jp/chintai/kanto/saitama/50_1800_room.html?JKSS=002210804,<li>東武東上線「若葉」駅バス7～8分 徒歩1～4分</li><li>東武東上線「川越」駅バス30～32分 徒歩1～4分</li><li>東武東上線「鶴ケ島」駅 徒歩34～46分</li>
saitama,wakaba,東坂戸,52400,東武東上線「鶴ケ島」駅,34.0,46.0,,,,坂戸市東坂戸1ほか,2-21号棟,鉄骨鉄筋コンクリート造,8,N,804号室,2DK,50,8,46300,6100,2か月,"['近居割', '近居割WIDE']",随時,https://www.ur-net.go.jp/chintai/kanto/saitama/50_1800_room.html?JKSS=002210804,<li>東武東上線「若葉」駅バス7～8分 徒歩1～4分</li><li>東武東上線「川越」駅バス30～32分 徒歩1～4分</li><li>東武東上線「鶴ケ島」駅 徒歩34～46分</li>
saitama,wakaba,東坂戸,52400,,,,,,,坂戸市東坂戸1ほか,2-21号棟,鉄骨鉄筋コンクリート造,8,N,804号室,2DK,50,8,46300,6100,2か月,"['近居割', '近居割WIDE']",随時,https://www.ur-net.go.jp/chintai/kanto/saitama/50_1800_room.html?JKSS=002210804,<li>東武東上線「若葉」駅バス7～8分 徒歩1～4分</li><li>東武東上線「川越」駅バス30～32分 徒歩1～4分</li><li>東武東上線「鶴ケ島」駅 徒歩34～46分</li>
saitama,kamifukuoka,コンフォール上野台,103400,東武東上線「上福岡」駅,9.0,12.0,,,,ふじみ野市上野台1-1ほか,11号棟,鉄筋コンクリート造,1,N,102号室,2DK,55,10,97600,5800,2か月,"['近居割', '近居割WIDE']",随時,https://www.ur-net.go.jp/chintai/kanto/saitama/50_4030_room.html?JKSS=000110102,<li>東武東上線「上福岡」駅 徒歩9～12分</li><li>東武東上線「ふじみ野」駅 徒歩26～36分</li><li>東武東上線「新河岸」駅 徒歩34～39分</li>
saitama,kamifukuoka,コンフォール上野台,103400,東武東上線「ふじみ野」駅,26.0,36.0,,,,ふじみ野市上野台1-1ほか,11号棟,鉄筋コンクリート造,1,N,102号室,2DK,55,10,97600,5800,2か月,"['近居割', '近居割WIDE']",随時,https://www.ur-net.go.jp/chintai/kanto/saitama/50_4030_room.html?JKSS=000110102,<li>東武東上線「上福岡」駅 徒歩9～12分</li><li>東武東上線「ふじみ野」駅 徒歩26～36分</li><li>東武東上線「新河岸」駅 徒歩34～39分</li>
saitama,kamifukuoka,コンフォール上野台,103400,東武東上線「新河岸」駅,34.0,39.0,,,,ふじみ野市上野台1-1ほか,11号棟,鉄筋コンクリート造,1,N,102号室,2DK,55,10,97600,5800,2か月,"['近居割', '近居割WIDE']",随時,https://www.ur-net.go.jp/chintai/kanto/saitama/50_4030_room.html?JKSS=000110102,<li>東武東上線「上福岡」駅 徒歩9～12分</li><li>東武東上線「ふじみ野」駅 徒歩26～36分</li><li>東武東上線「新河岸」駅 徒歩34～39分</li>
saitama,kamifukuoka,コンフォール上野台,103400,,,,,,,ふじみ野市上野台1-1ほか,11号棟,鉄筋コンクリート造,1,N,102号室,2DK,55,10,97600,5800,2か月,"['近居割', '近居割WIDE']",随時,https://www.ur-net.go.jp/chintai/kanto/saitama/50_4030_room.html?JKSS=000110102,<li>東武東上線「上福岡」駅 徒歩9～12分</li><li>東武東上線「ふじみ野」駅 徒歩26～36分</li><li>東武東上線「新河岸」駅 徒歩34～39分</li>
saitama,kamifukuoka,コンフォール上野台,104600,東武東上線「上福岡」駅,9.0,12.0,,,,ふじみ野市上野台1-1ほか,12号棟,鉄筋コンクリート造,1,N,106号室,2DK,49,8,98800,5800,2か月,"['近居割', '近居割WIDE']",随時,https://www.ur-net.go.jp/chintai/kanto/saitama/50_4030_room.html?JKSS=000120106,<li>東武東上線「上福岡」駅 徒歩9～12分</li><li>東武東上線「ふじみ野」駅 徒歩26～36分</li><li>東武東上線「新河岸」駅 徒歩34～39分</li>
saitama,kamifukuoka,コンフォール上野台,104600,東武東上線「ふじみ野」駅,26.0,36.0,,,,ふじみ野市上野台1-1ほか,12号棟,鉄筋コンクリート造,1,N,106号室,2DK,49,8,98800,5800,2か月,"['近居割', '近居割WIDE']",随時,https://www.ur-net.go.jp/chintai/kanto/saitama/50_4030_room.html?JKSS=000120106,<li>東武東上線「上福岡」駅 徒歩9～12分</li><li>東武東上線「ふじみ野」駅 徒歩26～36分</li><li>東武東上線「新河岸」駅 徒歩34～39分</li>
saitama,kamifukuoka,コンフォール上野台,104600,東武東上線「新河岸」駅,34.0,39.0,,,,ふじみ野市上野台1-1ほか,12号棟,鉄筋コンクリート造,1,N,106号室,2DK,49,8,98800,5800,2か月,"['近居割', '近居割WIDE']",随時,https://www.ur-net.go.jp/chintai/kanto/saitama/50_4030_room.html?JKSS=000120106,<li>東武東上線「上福岡」駅 徒歩9～12分</li><li>東武東上線「ふじみ野」駅 徒歩26～36分</li><li>東武東上線「新河岸」駅 徒歩34～39分</li>
saitama,kamifukuoka,コンフォール上野台,104600,,,,,,,ふじみ野市上野台1-1ほか,12号棟,鉄筋コンクリート造,1,N,106号室,2DK,49,8,98800,5800,2か月,"['近居割', '近居割WIDE']",随時,https://www.ur-net.go.jp/chintai/kanto/saitama/50_4030_room.html?JKSS=000120106,<li>東武東上線「上福岡」駅 徒歩9～12分</li><li>東武東上線「ふじみ野」駅 徒歩26～36分</li><li>東武東上線「新河岸」駅 徒歩34～39分</li>
saitama,kamifukuoka,コンフォール上野台,110500,東武東上線「上福岡」駅,9.0,12.0,,,,ふじみ野市上野台1-1ほか,14号棟,鉄筋コンクリート造,1,N,102号室,2DK,56,6,104700,5800,2か月,"['近居割', '近居割WIDE']",随時,https://www.ur-net.go.jp/chintai/kanto/saitama/50_4030_room.html?JKSS=000140102,<li>東武東上線「上福岡」駅 徒歩9～12分</li><li>東武東上線「ふじみ野」駅 徒歩26～36分</li><li>東武東上線「新河岸」駅 徒歩34～39分</li>
saitama,kamifukuoka,コンフォール上野台,110500,東武東上線「ふじみ野」駅,26.0,36.0,,,,ふじみ野市上野台1-1ほか,14号棟,鉄筋コンクリート造,1,N,102号室,2DK,56,6,104700,5800,2か月,"['近居割', '近居割WIDE']",随時,https://www.ur-net.go.jp/chintai/kanto/saitama/50_4030_room.html?JKSS=000140102,<li>東武東上線「上福岡」駅 徒歩9～12分</li><li>東武東上線「ふじみ野」駅 徒歩26～36分</li><li>東武東上線「新河岸」駅 徒歩34～39分</li>
saitama,kamifukuoka,コンフォール上野台,110500,東武東上線「新河岸」駅,34.0,39.0,,,,ふじみ野市上野台1-1ほか,14号棟,鉄筋コンクリート造,1,N,102号室,2DK,56,6,104700,5800,2か月,"['近居割', '近居割WIDE']",随時,https://www.ur-net.go.jp/chintai/kanto/saitama/50_4030_room.html?JKSS=000140102,<li>東武東上線「上福岡」駅 徒歩9～12分</li><li>東武東上線「ふじみ野」駅 徒歩26～36分</li><li>東武東上線「新河岸」駅 徒歩34～39分</li>
saitama,kamifukuoka,コンフォール上野台,110500,,,,,,,ふじみ野市上野台1-1ほか,14号棟,鉄筋コンクリート造,1,N,102号室,2DK,56,6,104700,5800,2か月,"['近居割', '近居割WIDE']",随時,https://www.ur-net.go.jp/chintai/kanto/saitama/50_4030_room.html?JKSS=000140102,<li>東武東上線「上福岡」駅 徒歩9～12分</li><li>東武東上線「ふじみ野」駅 徒歩26～36分</li><li>東武東上線「新河岸」駅 徒歩34～39分</li>
saitama,kamifukuoka,コンフォール霞ヶ丘,102900,東武東上線「上福岡」駅,2.0,8.0,,,,ふじみ野市霞ヶ丘1-4ほか,24号棟,鉄筋コンクリート造,11,N,1104号室,2DK,49,11,98100,4800,2か月,"['近居割', '近居割WIDE']",随時,https://www.ur-net.go.jp/chintai/kanto/saitama/50_3770_room.html?JKSS=000241104,<li>東武東上線「上福岡」駅 徒歩2～8分</li><li>東武東上線「ふじみ野」駅 徒歩28～34分</li><li>東武東上線「新河岸」駅 徒歩27～32分</li>
saitama,kamifukuoka,コンフォール霞ヶ丘,102900,東武東上線「ふじみ野」駅,28.0,34.0,,,,ふじみ野市霞ヶ丘1-4ほか,24号棟,鉄筋コンクリート造,11,N,1104号室,2DK,49,11,98100,4800,2か月,"['近居割', '近居割WIDE']",随時,https://www.ur-net.go.jp/chintai/kanto/saitama/50_3770_room.html?JKSS=000241104,<li>東武東上線「上福岡」駅 徒歩2～8分</li><li>東武東上線「ふじみ野」駅 徒歩28～34分</li><li>東武東上線「新河岸」駅 徒歩27～32分</li>
saitama,kamifukuoka,コンフォール霞ヶ丘,102900,東武東上線「新河岸」駅,27.0,32.0,,,,ふじみ野市霞ヶ丘1-4ほか,24号棟,鉄筋コンクリート造,11,N,1104号室,2DK,49,11,98100,4800,2か月,"['近居割', '近居割WIDE']",随時,https://www.ur-net.go.jp/chintai/kanto/saitama/50_3770_room.html?JKSS=000241104,<li>東武東上線「上福岡」駅 徒歩2～8分</li><li>東武東上線「ふじみ野」駅 徒歩28～34分</li><li>東武東上線「新河岸」駅 徒歩27～32分</li>
saitama,kamifukuoka,コンフォール霞ヶ丘,102900,,,,,,,ふじみ野市霞ヶ丘1-4ほか,24号棟,鉄筋コンクリート造,11,N,1104号室,2DK,49,11,98100,4800,2か月,"['近居割', '近居割WIDE']",随時,https://www.ur-net.go.jp/chintai/kanto/saitama/50_3770_room.html?JKSS=000241104,<li>東武東上線「上福岡」駅 徒歩2～8分</li><li>東武東上線「ふじみ野」駅 徒歩28～34分</li><li>東武東上線「新河岸」駅 徒歩27～32分</li>
saitama,kamifukuoka,コンフォール霞ヶ丘,133000,東武東上線「上福岡」駅,2.0,8.0,,,,ふじみ野市霞ヶ丘1-4ほか,25号棟,鉄筋コンクリート造,2,N,208号室,3LDK,75,11,128200,4800,2か月,"['近居割', '近居割WIDE']",随時,https://www.ur-net.go.jp/chintai/kanto/saitama/50_3770_room.html?JKSS=000250208,<li>東武東上線「上福岡」駅 徒歩2～8分</li><li>東武東上線「ふじみ野」駅 徒歩28～34分</li><li>東武東上線「新河岸」駅 徒歩27～32分</li>
saitama,kamifukuoka,コンフォール霞ヶ丘,133000,東武東上線「ふじみ野」駅,28.0,34.0,,,,ふじみ野市霞ヶ丘1-4ほか,25号棟,鉄筋コンクリート造,2,N,208号室,3LDK,75,11,128200,4800,2か月,"['近居割', '近居割WIDE']",随時,https://www.ur-net.go.jp/chintai/kanto/saitama/50_3770_room.html?JKSS=000250208,<li>東武東上線「上福岡」駅 徒歩2～8分</li><li>東武東上線「ふじみ野」駅 徒歩28～34分</li><li>東武東上線「新河岸」駅 徒歩27～32分</li>
saitama,kamifukuoka,コンフォール霞ヶ丘,133000,東武東上線「新河岸」駅,27.0,32.0,,,,ふじみ野市霞ヶ丘1-4ほか,25号棟,鉄筋コンクリート造,2,N,208号室,3LDK,75,11,128200,4800,2か月,"['近居割', '近居割WIDE']",随時,https://www.ur-net.go.jp/chintai/kanto/saitama/50_3770_room.html?JKSS=000250208,<li>東武東上線「上福岡」駅 徒歩2～8分</li><li>東武東上線「ふじみ野」駅 徒歩28～34分</li><li>東武東上線「新河岸」駅 徒歩27～32分</li>
saitama,kamifukuoka,コンフォール霞ヶ丘,133000,,,,,,,ふじみ野市霞ヶ丘1-4ほか,25号棟,鉄筋コンクリート造,2,N,208号室,3LDK,75,11,128200,4800,2か月,"['近居割', '近居割WIDE']",随時,https://www.ur-net.go.jp/chintai/kanto/saitama/50_3770_room.html?JKSS=000250208,<li>東武東上線「上福岡」駅 徒歩2～8分</li><li>東武東上線「ふじみ野」駅 徒歩28～34分</li><li>東武東上線「新河岸」駅 徒歩27～32分</li>
saitama,kamifukuoka,コンフォール霞ヶ丘,147900,東武東上線「上福岡」駅,2.0,8.0,,,,ふじみ野市霞ヶ丘1-4ほか,15号棟,鉄筋コンクリート造,5,N,501号室,3LDK,72,6,143100,4800,2か月,"['近居割', '近居割WIDE']",随時,https://www.ur-net.go.jp/chintai/kanto/saitama/50_3770_room.html?JKSS=000150501,<li>東武東上線「上福岡」駅 徒歩2～8分</li><li>東武東上線「ふじみ野」駅 徒歩28～34分</li><li>東武東上線「新河岸」駅 徒歩27～32分</li>
saitama,kamifukuoka,コンフォール霞ヶ丘,147900,東武東上線「ふじみ野」駅,28.0,34.0,,,,ふじみ野市霞ヶ丘1-4ほか,15号棟,鉄筋コンクリート造,5,N,501号室,3LDK,72,6,143100,4800,2か月,"['近居割', '近居割WIDE']",随時,https://www.ur-net.go.jp/chintai/kanto/saitama/50_3770_room.html?JKSS=000150501,<li>東武東上線「上福岡」駅 徒歩2～8分</li><li>東武東上線「ふじみ野」駅 徒歩28～34分</li><li>東武東上線「新河岸」駅 徒歩27～32分</li>
saitama,kamifukuoka,コンフォール霞ヶ丘,147900,東武東上線「新河岸」駅,27.0,32.0,,,,ふじみ野市霞ヶ丘1-4ほか,15号棟,鉄筋コンクリート造,5,N,501号室,3LDK,72,6,143100,4800,2か月,"['近居割', '近居割WIDE']",随時,https://www.ur-net.go.jp/chintai/kanto/saitama/50_3770_room.html?JKSS=000150501,<li>東武東上線「上福岡」駅 徒歩2～8分</li><li>東武東上線「ふじみ野」駅 徒歩28～34分</li><li>東武東上線「新河岸」駅 徒歩27～32分</li>
saitama,kamifukuoka,コンフォール霞ヶ丘,147900,,,,,,,ふじみ野市霞ヶ丘1-4ほか,15号棟,鉄筋コンクリート造,5,N,501号室,3LDK,72,6,143100,4800,2か月,"['近居割', '近居割WIDE']",随時,https://www.ur-net.go.jp/chintai/kanto/saitama/50_3770_room.html?JKSS=000150501,<li>東武東上線「上福岡」駅 徒歩2～8分</li><li>東武東上線「ふじみ野」駅 徒歩28～34分</li><li>東武東上線「新河岸」駅 徒歩27～32分</li>
saitama,kamifukuoka,ココネ上福岡,148300,東武東上線「上福岡」駅,2.0,2.0,,,,ふじみ野市霞ヶ丘1-2-12,,鉄筋コンクリート造,18,N,1810号室,2LDK,65,25,143200,5100,2か月,"['近居割', '近居割WIDE']",2026年8月20日以降,https://www.ur-net.go.jp/chintai/kanto/saitama/50_4050_room.html?JKSS=000001810,<li>東武東上線「上福岡」駅 徒歩2分</li>
saitama,kamifukuoka,ココネ上福岡,148300,,,,,,,ふじみ野市霞ヶ丘1-2-12,,鉄筋コンクリート造,18,N,1810号室,2LDK,65,25,143200,5100,2か月,"['近居割', '近居割WIDE']",2026年8月20日以降,https://www.ur-net.go.jp/chintai/kanto/saitama/50_4050_room.html?JKSS=000001810,<li>東武東上線「上福岡」駅 徒歩2分</li>
saitama,kawagoe,狭山台,53900,,,,西武新宿線「狭山市」駅,7.0,14.0,狭山市狭山台1-31ほか,1-15号棟,鉄筋コンクリート造、鉄骨鉄筋コンクリート造,4,N,407号室,3K,47,5,50400,3500,2か月,"['近居割', '近居割WIDE']",随時,https://www.ur-net.go.jp/chintai/kanto/saitama/50_1670_room.html?JKSS=001150407,<li>西武新宿線「狭山市」駅バス6～10分 徒歩1～4分</li><li>西武新宿線「新狭山」駅 徒歩22～33分</li><li>西武新宿線「入曽」駅 徒歩41～53分</li>
saitama,kawagoe,狭山台,53900,西武新宿線「新狭山」駅,22.0,33.0,,,,狭山市狭山台1-31ほか,1-15号棟,鉄筋コンクリート造、鉄骨鉄筋コンクリート造,4,N,407号室,3K,47,5,50400,3500,2か月,"['近居割', '近居割WIDE']",随時,https://www.ur-net.go.jp/chintai/kanto/saitama/50_1670_room.html?JKSS=001150407,<li>西武新宿線「狭山市」駅バス6～10分 徒歩1～4分</li><li>西武新宿線「新狭山」駅 徒歩22～33分</li><li>西武新宿線「入曽」駅 徒歩41～53分</li>
saitama,kawagoe,狭山台,53900,西武新宿線「入曽」駅,41.0,53.0,,,,狭山市狭山台1-31ほか,1-15号棟,鉄筋コンクリート造、鉄骨鉄筋コンクリート造,4,N,407号室,3K,47,5,50400,3500,2か月,"['近居割', '近居割WIDE']",随時,https://www.ur-net.go.jp/chintai/kanto/saitama/50_1670_room.html?JKSS=001150407,<li>西武新宿線「狭山市」駅バス6～10分 徒歩1～4分</li><li>西武新宿線「新狭山」駅 徒歩22～33分</li><li>西武新宿線「入曽」駅 徒歩41～53分</li>
saitama,kawagoe,狭山台,53900,,,,,,,狭山市狭山台1-31ほか,1-15号棟,鉄筋コンクリート造、鉄骨鉄筋コンクリート造,4,N,407号室,3K,47,5,50400,3500,2か月,"['近居割', '近居割WIDE']",随時,https://www.ur-net.go.jp/chintai/kanto/saitama/50_1670_room.html?JKSS=001150407,<li>西武新宿線「狭山市」駅バス6～10分 徒歩1～4分</li><li>西武新宿線「新狭山」駅 徒歩22～33分</li><li>西武新宿線「入曽」駅 徒歩41～53分</li>
saitama,kawagoe,狭山台,53900,,,,西武新宿線「狭山市」駅,7.0,14.0,狭山市狭山台1-31ほか,1-17号棟,鉄筋コンクリート造、鉄骨鉄筋コンクリート造,4,N,403号室,3K,47,5,50400,3500,2か月,"['近居割', '近居割WIDE']",随時,https://www.ur-net.go.jp/chintai/kanto/saitama/50_1670_room.html?JKSS=001170403,<li>西武新宿線「狭山市」駅バス6～10分 徒歩1～4分</li><li>西武新宿線「新狭山」駅 徒歩22～33分</li><li>西武新宿線「入曽」駅 徒歩41～53分</li>
saitama,kawagoe,狭山台,53900,西武新宿線「新狭山」駅,22.0,33.0,,,,狭山市狭山台1-31ほか,1-17号棟,鉄筋コンクリート造、鉄骨鉄筋コンクリート造,4,N,403号室,3K,47,5,50400,3500,2か月,"['近居割', '近居割WIDE']",随時,https://www.ur-net.go.jp/chintai/kanto/saitama/50_1670_room.html?JKSS=001170403,<li>西武新宿線「狭山市」駅バス6～10分 徒歩1～4分</li><li>西武新宿線「新狭山」駅 徒歩22～33分</li><li>西武新宿線「入曽」駅 徒歩41～53分</li>
saitama,kawagoe,狭山台,53900,西武新宿線「入曽」駅,41.0,53.0,,,,狭山市狭山台1-31ほか,1-17号棟,鉄筋コンクリート造、鉄骨鉄筋コンクリート造,4,N,403号室,3K,47,5,50400,3500,2か月,"['近居割', '近居割WIDE']",随時,https://www.ur-net.go.jp/chintai/kanto/saitama/50_1670_room.html?JKSS=001170403,<li>西武新宿線「狭山市」駅バス6～10分 徒歩1～4分</li><li>西武新宿線「新狭山」駅 徒歩22～33分</li><li>西武新宿線「入曽」駅 徒歩41～53分</li>
saitama,kawagoe,狭山台,53900,,,,,,,狭山市狭山台1-31ほか,1-17号棟,鉄筋コンクリート造、鉄骨鉄筋コンクリート造,4,N,403号室,3K,47,5,50400,3500,2か月,"['近居割', '近居割WIDE']",随時,https://www.ur-net.go.jp/chintai/kanto/saitama/50_1670_room.html?JKSS=001170403,<li>西武新宿線「狭山市」駅バス6～10分 徒歩1～4分</li><li>西武新宿線「新狭山」駅 徒歩22～33分</li><li>西武新宿線「入曽」駅 徒歩41～53分</li>
saitama,kawagoe,狭山台,57900,,,,西武新宿線「狭山市」駅,7.0,14.0,狭山市狭山台1-31ほか,3-11号棟,鉄筋コンクリート造、鉄骨鉄筋コンクリート造,5,N,501号室,3DK,55,5,54400,3500,2か月,"['近居割', '近居割WIDE']",随時,https://www.ur-net.go.jp/chintai/kanto/saitama/50_1670_room.html?JKSS=003110501,<li>西武新宿線「狭山市」駅バス6～10分 徒歩1～4分</li><li>西武新宿線「新狭山」駅 徒歩22～33分</li><li>西武新宿線「入曽」駅 徒歩41～53分</li>
saitama,kawagoe,狭山台,57900,西武新宿線「新狭山」駅,22.0,33.0,,,,狭山市狭山台1-31ほか,3-11号棟,鉄筋コンクリート造、鉄骨鉄筋コンクリート造,5,N,501号室,3DK,55,5,54400,3500,2か月,"['近居割', '近居割WIDE']",随時,https://www.ur-net.go.jp/chintai/kanto/saitama/50_1670_room.html?JKSS=003110501,<li>西武新宿線「狭山市」駅バス6～10分 徒歩1～4分</li><li>西武新宿線「新狭山」駅 徒歩22～33分</li><li>西武新宿線「入曽」駅 徒歩41～53分</li>
saitama,kawagoe,狭山台,57900,西武新宿線「入曽」駅,41.0,53.0,,,,狭山市狭山台1-31ほか,3-11号棟,鉄筋コンクリート造、鉄骨鉄筋コンクリート造,5,N,501号室,3DK,55,5,54400,3500,2か月,"['近居割', '近居割WIDE']",随時,https://www.ur-net.go.jp/chintai/kanto/saitama/50_1670_room.html?JKSS=003110501,<li>西武新宿線「狭山市」駅バス6～10分 徒歩1～4分</li><li>西武新宿線「新狭山」駅 徒歩22～33分</li><li>西武新宿線「入曽」駅 徒歩41～53分</li>
saitama,kawagoe,狭山台,57900,,,,,,,狭山市狭山台1-31ほか,3-11号棟,鉄筋コンクリート造、鉄骨鉄筋コンクリート造,5,N,501号室,3DK,55,5,54400,3500,2か月,"['近居割', '近居割WIDE']",随時,https://www.ur-net.go.jp/chintai/kanto/saitama/50_1670_room.html?JKSS=003110501,<li>西武新宿線「狭山市」駅バス6～10分 徒歩1～4分</li><li>西武新宿線「新狭山」駅 徒歩22～33分</li><li>西武新宿線「入曽」駅 徒歩41～53分</li>
saitama,kawagoe,狭山台,57900,,,,西武新宿線「狭山市」駅,7.0,14.0,狭山市狭山台1-31ほか,3-17号棟,鉄筋コンクリート造、鉄骨鉄筋コンクリート造,5,N,501号室,3DK,55,5,54400,3500,2か月,"['近居割', '近居割WIDE']",随時,https://www.ur-net.go.jp/chintai/kanto/saitama/50_1670_room.html?JKSS=003170501,<li>西武新宿線「狭山市」駅バス6～10分 徒歩1～4分</li><li>西武新宿線「新狭山」駅 徒歩22～33分</li><li>西武新宿線「入曽」駅 徒歩41～53分</li>
saitama,kawagoe,狭山台,57900,西武新宿線「新狭山」駅,22.0,33.0,,,,狭山市狭山台1-31ほか,3-17号棟,鉄筋コンクリート造、鉄骨鉄筋コンクリート造,5,N,501号室,3DK,55,5,54400,3500,2か月,"['近居割', '近居割WIDE']",随時,https://www.ur-net.go.jp/chintai/kanto/saitama/50_1670_room.html?JKSS=003170501,<li>西武新宿線「狭山市」駅バス6～10分 徒歩1～4分</li><li>西武新宿線「新狭山」駅 徒歩22～33分</li><li>西武新宿線「入曽」駅 徒歩41～53分</li>
saitama,kawagoe,狭山台,57900,西武新宿線「入曽」駅,41.0,53.0,,,,狭山市狭山台1-31ほか,3-17号棟,鉄筋コンクリート造、鉄骨鉄筋コンクリート造,5,N,501号室,3DK,55,5,54400,3500,2か月,"['近居割', '近居割WIDE']",随時,https://www.ur-net.go.jp/chintai/kanto/saitama/50_1670_room.html?JKSS=003170501,<li>西武新宿線「狭山市」駅バス6～10分 徒歩1～4分</li><li>西武新宿線「新狭山」駅 徒歩22～33分</li><li>西武新宿線「入曽」駅 徒歩41～53分</li>
saitama,kawagoe,狭山台,57900,,,,,,,狭山市狭山台1-31ほか,3-17号棟,鉄筋コンクリート造、鉄骨鉄筋コンクリート造,5,N,501号室,3DK,55,5,54400,3500,2か月,"['近居割', '近居割WIDE']",随時,https://www.ur-net.go.jp/chintai/kanto/saitama/50_1670_room.html?JKSS=003170501,<li>西武新宿線「狭山市」駅バス6～10分 徒歩1～4分</li><li>西武新宿線「新狭山」駅 徒歩22～33分</li><li>西武新宿線「入曽」駅 徒歩41～53分</li>
saitama,tokorozawa,入間豊岡,68400,西武池袋線「入間市」駅,7.0,7.0,,,,入間市豊岡1-8,1号棟,鉄骨鉄筋コンクリート造,6,N,610号室,2DK,48,12,64900,3500,2か月,['近居割'],随時,https://www.ur-net.go.jp/chintai/kanto/saitama/50_1850_room.html?JKSS=000010610,<li>西武池袋線「入間市」駅 徒歩7分</li>
saitama,tokorozawa,入間豊岡,68400,,,,,,,入間市豊岡1-8,1号棟,鉄骨鉄筋コンクリート造,6,N,610号室,2DK,48,12,64900,3500,2か月,['近居割'],随時,https://www.ur-net.go.jp/chintai/kanto/saitama/50_1850_room.html?JKSS=000010610,<li>西武池袋線「入間市」駅 徒歩7分</li>
saitama,tokorozawa,入間駅前プラザ,93800,西武池袋線「入間市」駅,3.0,5.0,,,,入間市向陽台1-1-17,15号棟,鉄筋コンクリート造,1,N,103号室,3DK,61,8,89100,4700,2か月,['近居割'],随時,https://www.ur-net.go.jp/chintai/kanto/saitama/50_2390_room.html?JKSS=000150103,<li>西武池袋線「入間市」駅 徒歩3～5分</li><li>西武池袋線「稲荷山公園」駅 徒歩12～14分</li><li>西武新宿線「狭山市」駅 徒歩38～47分</li>
saitama,tokorozawa,入間駅前プラザ,93800,西武池袋線「稲荷山公園」駅,12.0,14.0,,,,入間市向陽台1-1-17,15号棟,鉄筋コンクリート造,1,N,103号室,3DK,61,8,89100,4700,2か月,['近居割'],随時,https://www.ur-net.go.jp/chintai/kanto/saitama/50_2390_room.html?JKSS=000150103,<li>西武池袋線「入間市」駅 徒歩3～5分</li><li>西武池袋線「稲荷山公園」駅 徒歩12～14分</li><li>西武新宿線「狭山市」駅 徒歩38～47分</li>
saitama,tokorozawa,入間駅前プラザ,93800,西武新宿線「狭山市」駅,38.0,47.0,,,,入間市向陽台1-1-17,15号棟,鉄筋コンクリート造,1,N,103号室,3DK,61,8,89100,4700,2か月,['近居割'],随時,https://www.ur-net.go.jp/chintai/kanto/saitama/50_2390_room.html?JKSS=000150103,<li>西武池袋線「入間市」駅 徒歩3～5分</li><li>西武池袋線「稲荷山公園」駅 徒歩12～14分</li><li>西武新宿線「狭山市」駅 徒歩38～47分</li>
saitama,tokorozawa,入間駅前プラザ,93800,,,,,,,入間市向陽台1-1-17,15号棟,鉄筋コンクリート造,1,N,103号室,3DK,61,8,89100,4700,2か月,['近居割'],随時,https://www.ur-net.go.jp/chintai/kanto/saitama/50_2390_room.html?JKSS=000150103,<li>西武池袋線「入間市」駅 徒歩3～5分</li><li>西武池袋線「稲荷山公園」駅 徒歩12～14分</li><li>西武新宿線「狭山市」駅 徒歩38～47分</li>
saitama,tokorozawa,入間駅前プラザ,111400,西武池袋線「入間市」駅,3.0,5.0,,,,入間市向陽台1-1-17,11号棟,鉄筋コンクリート造,5,N,506号室,3LDK,75,8,106700,4700,2か月,['近居割'],随時,https://www.ur-net.go.jp/chintai/kanto/saitama/50_2390_room.html?JKSS=000110506,<li>西武池袋線「入間市」駅 徒歩3～5分</li><li>西武池袋線「稲荷山公園」駅 徒歩12～14分</li><li>西武新宿線「狭山市」駅 徒歩38～47分</li>
saitama,tokorozawa,入間駅前プラザ,111400,西武池袋線「稲荷山公園」駅,12.0,14.0,,,,入間市向陽台1-1-17,11号棟,鉄筋コンクリート造,5,N,506号室,3LDK,75,8,106700,4700,2か月,['近居割'],随時,https://www.ur-net.go.jp/chintai/kanto/saitama/50_2390_room.html?JKSS=000110506,<li>西武池袋線「入間市」駅 徒歩3～5分</li><li>西武池袋線「稲荷山公園」駅 徒歩12～14分</li><li>西武新宿線「狭山市」駅 徒歩38～47分</li>
saitama,tokorozawa,入間駅前プラザ,111400,西武新宿線「狭山市」駅,38.0,47.0,,,,入間市向陽台1-1-17,11号棟,鉄筋コンクリート造,5,N,506号室,3LDK,75,8,106700,4700,2か月,['近居割'],随時,https://www.ur-net.go.jp/chintai/kanto/saitama/50_2390_room.html?JKSS=000110506,<li>西武池袋線「入間市」駅 徒歩3～5分</li><li>西武池袋線「稲荷山公園」駅 徒歩12～14分</li><li>西武新宿線「狭山市」駅 徒歩38～47分</li>
saitama,tokorozawa,入間駅前プラザ,111400,,,,,,,入間市向陽台1-1-17,11号棟,鉄筋コンクリート造,5,N,506号室,3LDK,75,8,106700,4700,2か月,['近居割'],随時,https://www.ur-net.go.jp/chintai/kanto/saitama/50_2390_room.html?JKSS=000110506,<li>西武池袋線「入間市」駅 徒歩3～5分</li><li>西武池袋線「稲荷山公園」駅 徒歩12～14分</li><li>西武新宿線「狭山市」駅 徒歩38～47分</li>
saitama,shiki,新座,59700,東武東上線「柳瀬川」駅,15.0,22.0,,,,新座市新座3,4-11号棟,鉄筋コンクリート造,5,N,505号室,1LDK,41,5,56500,3200,2か月,"['近居割', '近居割WIDE']",随時,https://www.ur-net.go.jp/chintai/kanto/saitama/50_1310_room.html?JKSS=000411505,<li>東武東上線「柳瀬川」駅 徒歩15～22分</li><li>東武東上線「志木」駅バス11分 徒歩1～6分</li><li>JR武蔵野線「新座」駅 徒歩28～36分</li>
saitama,shiki,新座,59700,,,,東武東上線「志木」駅,12.0,17.0,新座市新座3,4-11号棟,鉄筋コンクリート造,5,N,505号室,1LDK,41,5,56500,3200,2か月,"['近居割', '近居割WIDE']",随時,https://www.ur-net.go.jp/chintai/kanto/saitama/50_1310_room.html?JKSS=000411505,<li>東武東上線「柳瀬川」駅 徒歩15～22分</li><li>東武東上線「志木」駅バス11分 徒歩1～6分</li><li>JR武蔵野線「新座」駅 徒歩28～36分</li>
saitama,shiki,新座,59700,JR武蔵野線「新座」駅,28.0,36.0,,,,新座市新座3,4-11号棟,鉄筋コンクリート造,5,N,505号室,1LDK,41,5,56500,3200,2か月,"['近居割', '近居割WIDE']",随時,https://www.ur-net.go.jp/chintai/kanto/saitama/50_1310_room.html?JKSS=000411505,<li>東武東上線「柳瀬川」駅 徒歩15～22分</li><li>東武東上線「志木」駅バス11分 徒歩1～6分</li><li>JR武蔵野線「新座」駅 徒歩28～36分</li>
saitama,shiki,新座,59700,,,,,,,新座市新座3,4-11号棟,鉄筋コンクリート造,5,N,505号室,1LDK,41,5,56500,3200,2か月,"['近居割', '近居割WIDE']",随時,https://www.ur-net.go.jp/chintai/kanto/saitama/50_1310_room.html?JKSS=000411505,<li>東武東上線「柳瀬川」駅 徒歩15～22分</li><li>東武東上線「志木」駅バス11分 徒歩1～6分</li><li>JR武蔵野線「新座」駅 徒歩28～36分</li>
saitama,shiki,新座,67600,東武東上線「柳瀬川」駅,15.0,22.0,,,,新座市新座3,4-6号棟,鉄筋コンクリート造,5,N,502号室,3K,48,5,64400,3200,2か月,"['近居割', '近居割WIDE']",随時,https://www.ur-net.go.jp/chintai/kanto/saitama/50_1310_room.html?JKSS=000406502,<li>東武東上線「柳瀬川」駅 徒歩15～22分</li><li>東武東上線「志木」駅バス11分 徒歩1～6分</li><li>JR武蔵野線「新座」駅 徒歩28～36分</li>
saitama,shiki,新座,67600,,,,東武東上線「志木」駅,12.0,17.0,新座市新座3,4-6号棟,鉄筋コンクリート造,5,N,502号室,3K,48,5,64400,3200,2か月,"['近居割', '近居割WIDE']",随時,https://www.ur-net.go.jp/chintai/kanto/saitama/50_1310_room.html?JKSS=000406502,<li>東武東上線「柳瀬川」駅 徒歩15～22分</li><li>東武東上線「志木」駅バス11分 徒歩1～6分</li><li>JR武蔵野線「新座」駅 徒歩28～36分</li>
saitama,shiki,新座,67600,JR武蔵野線「新座」駅,28.0,36.0,,,,新座市新座3,4-6号棟,鉄筋コンクリート造,5,N,502号室,3K,48,5,64400,3200,2か月,"['近居割', '近居割WIDE']",随時,https://www.ur-net.go.jp/chintai/kanto/saitama/50_1310_room.html?JKSS=000406502,<li>東武東上線「柳瀬川」駅 徒歩15～22分</li><li>東武東上線「志木」駅バス11分 徒歩1～6分</li><li>JR武蔵野線「新座」駅 徒歩28～36分</li>
saitama,shiki,新座,67600,,,,,,,新座市新座3,4-6号棟,鉄筋コンクリート造,5,N,502号室,3K,48,5,64400,3200,2か月,"['近居割', '近居割WIDE']",随時,https://www.ur-net.go.jp/chintai/kanto/saitama/50_1310_room.html?JKSS=000406502,<li>東武東上線「柳瀬川」駅 徒歩15～22分</li><li>東武東上線「志木」駅バス11分 徒歩1～6分</li><li>JR武蔵野線「新座」駅 徒歩28～36分</li>
saitama,shiki,新座,69900,東武東上線「柳瀬川」駅,15.0,22.0,,,,新座市新座3,4-6号棟,鉄筋コンクリート造,4,N,401号室,2DK,48,5,66700,3200,2か月,"['近居割', '近居割WIDE']",随時,https://www.ur-net.go.jp/chintai/kanto/saitama/50_1310_room.html?JKSS=000406401,<li>東武東上線「柳瀬川」駅 徒歩15～22分</li><li>東武東上線「志木」駅バス11分 徒歩1～6分</li><li>JR武蔵野線「新座」駅 徒歩28～36分</li>
saitama,shiki,新座,69900,,,,東武東上線「志木」駅,12.0,17.0,新座市新座3,4-6号棟,鉄筋コンクリート造,4,N,401号室,2DK,48,5,66700,3200,2か月,"['近居割', '近居割WIDE']",随時,https://www.ur-net.go.jp/chintai/kanto/saitama/50_1310_room.html?JKSS=000406401,<li>東武東上線「柳瀬川」駅 徒歩15～22分</li><li>東武東上線「志木」駅バス11分 徒歩1～6分</li><li>JR武蔵野線「新座」駅 徒歩28～36分</li>
saitama,shiki,新座,69900,JR武蔵野線「新座」駅,28.0,36.0,,,,新座市新座3,4-6号棟,鉄筋コンクリート造,4,N,401号室,2DK,48,5,66700,3200,2か月,"['近居割', '近居割WIDE']",随時,https://www.ur-net.go.jp/chintai/kanto/saitama/50_1310_room.html?JKSS=000406401,<li>東武東上線「柳瀬川」駅 徒歩15～22分</li><li>東武東上線「志木」駅バス11分 徒歩1～6分</li><li>JR武蔵野線「新座」駅 徒歩28～36分</li>
saitama,shiki,新座,69900,,,,,,,新座市新座3,4-6号棟,鉄筋コンクリート造,4,N,401号室,2DK,48,5,66700,3200,2か月,"['近居割', '近居割WIDE']",随時,https://www.ur-net.go.jp/chintai/kanto/saitama/50_1310_room.html?JKSS=000406401,<li>東武東上線「柳瀬川」駅 徒歩15～22分</li><li>東武東上線「志木」駅バス11分 徒歩1～6分</li><li>JR武蔵野線「新座」駅 徒歩28～36分</li>
saitama,shiki,新座,69900,東武東上線「柳瀬川」駅,15.0,22.0,,,,新座市新座3,5-4号棟,鉄筋コンクリート造,5,N,504号室,2LDK,52,5,66700,3200,2か月,"['近居割', '近居割WIDE']",随時,https://www.ur-net.go.jp/chintai/kanto/saitama/50_1310_room.html?JKSS=000504504,<li>東武東上線「柳瀬川」駅 徒歩15～22分</li><li>東武東上線「志木」駅バス11分 徒歩1～6分</li><li>JR武蔵野線「新座」駅 徒歩28～36分</li>
saitama,shiki,新座,69900,,,,東武東上線「志木」駅,12.0,17.0,新座市新座3,5-4号棟,鉄筋コンクリート造,5,N,504号室,2LDK,52,5,66700,3200,2か月,"['近居割', '近居割WIDE']",随時,https://www.ur-net.go.jp/chintai/kanto/saitama/50_1310_room.html?JKSS=000504504,<li>東武東上線「柳瀬川」駅 徒歩15～22分</li><li>東武東上線「志木」駅バス11分 徒歩1～6分</li><li>JR武蔵野線「新座」駅 徒歩28～36分</li>
saitama,shiki,新座,69900,JR武蔵野線「新座」駅,28.0,36.0,,,,新座市新座3,5-4号棟,鉄筋コンクリート造,5,N,504号室,2LDK,52,5,66700,3200,2か月,"['近居割', '近居割WIDE']",随時,https://www.ur-net.go.jp/chintai/kanto/saitama/50_1310_room.html?JKSS=000504504,<li>東武東上線「柳瀬川」駅 徒歩15～22分</li><li>東武東上線「志木」駅バス11分 徒歩1～6分</li><li>JR武蔵野線「新座」駅 徒歩28～36分</li>
saitama,shiki,新座,69900,,,,,,,新座市新座3,5-4号棟,鉄筋コンクリート造,5,N,504号室,2LDK,52,5,66700,3200,2か月,"['近居割', '近居割WIDE']",随時,https://www.ur-net.go.jp/chintai/kanto/saitama/50_1310_room.html?JKSS=000504504,<li>東武東上線「柳瀬川」駅 徒歩15～22分</li><li>東武東上線「志木」駅バス11分 徒歩1～6分</li><li>JR武蔵野線「新座」駅 徒歩28～36分</li>
saitama,shiki,新座,71200,東武東上線「柳瀬川」駅,15.0,22.0,,,,新座市新座3,5-8号棟,鉄筋コンクリート造,5,N,504号室,2LDK,52,5,68000,3200,2か月,"['近居割', '近居割WIDE']",随時,https://www.ur-net.go.jp/chintai/kanto/saitama/50_1310_room.html?JKSS=000508504,<li>東武東上線「柳瀬川」駅 徒歩15～22分</li><li>東武東上線「志木」駅バス11分 徒歩1～6分</li><li>JR武蔵野線「新座」駅 徒歩28～36分</li>
saitama,shiki,新座,71200,,,,東武東上線「志木」駅,12.0,17.0,新座市新座3,5-8号棟,鉄筋コンクリート造,5,N,504号室,2LDK,52,5,68000,3200,2か月,"['近居割', '近居割WIDE']",随時,https://www.ur-net.go.jp/chintai/kanto/saitama/50_1310_room.html?JKSS=000508504,<li>東武東上線「柳瀬川」駅 徒歩15～22分</li><li>東武東上線「志木」駅バス11分 徒歩1～6分</li><li>JR武蔵野線「新座」駅 徒歩28～36分</li>
saitama,shiki,新座,71200,JR武蔵野線「新座」駅,28.0,36.0,,,,新座市新座3,5-8号棟,鉄筋コンクリート造,5,N,504号室,2LDK,52,5,68000,3200,2か月,"['近居割', '近居割WIDE']",随時,https://www.ur-net.go.jp/chintai/kanto/saitama/50_1310_room.html?JKSS=000508504,<li>東武東上線「柳瀬川」駅 徒歩15～22分</li><li>東武東上線「志木」駅バス11分 徒歩1～6分</li><li>JR武蔵野線「新座」駅 徒歩28～36分</li>
saitama,shiki,新座,71200,,,,,,,新座市新座3,5-8号棟,鉄筋コンクリート造,5,N,504号室,2LDK,52,5,68000,3200,2か月,"['近居割', '近居割WIDE']",随時,https://www.ur-net.go.jp/chintai/kanto/saitama/50_1310_room.html?JKSS=000508504,<li>東武東上線「柳瀬川」駅 徒歩15～22分</li><li>東武東上線「志木」駅バス11分 徒歩1～6分</li><li>JR武蔵野線「新座」駅 徒歩28～36分</li>
