Todofuken,Area,Dan Chi Name,Total Fee,Nearest station by Walk,Best case by Walk (minute),Worst case by Walk (minute),Nearest station by Bus,Best case by Bus (minute),Worst case by Bus (minute),Address,Building Name,Building Structure,Floor,Elevator,Room Num,Room Type,Floor Space,Max Floor,Rent,Common Fee,Shikikin,Systems,availableDate,Room Link,Traffic
tokyo,oji,エルアージュ小石川,168300,都営三田線ほか｢春日｣駅,5.0,5.0,,,,文京区小石川1-17-1,,鉄骨鉄筋コンクリート造（一部鉄骨コンクリート造）,17,N,1704号室,1K,37,20,163000,5300,2か月,['近居割'],随時,https://www.ur-net.go.jp/chintai/kanto/tokyo/20_6310_room.html?JKSS=000001704,<li>都営三田線ほか｢春日｣駅 徒歩5分</li><li>東京メトロ丸ノ内線ほか｢後楽園｣駅 徒歩7分</li>
tokyo,oji,エルアージュ小石川,168300,東京メトロ丸ノ内線ほか｢後楽園｣駅,7.0,7.0,,,,文京区小石川1-17-1,,鉄骨鉄筋コンクリート造（一部鉄骨コンクリート造）,17,N,1704号室,1K,37,20,163000,5300,2か月,['近居割'],随時,https://www.ur-net.go.jp/chintai/kanto/tokyo/20_6310_room.html?JKSS=000001704,<li>都営三田線ほか｢春日｣駅 徒歩5分</li><li>東京メトロ丸ノ内線ほか｢後楽園｣駅 徒歩7分</li>
tokyo,oji,エルアージュ小石川,168300,,,,,,,文京区小石川1-17-1,,鉄骨鉄筋コンクリート造（一部鉄骨コンクリート造）,17,N,1704号室,1K,37,20,163000,5300,2か月,['近居割'],随時,https://www.ur-net.go.jp/chintai/kanto/tokyo/20_6310_room.html?JKSS=000001704,<li>都営三田線ほか｢春日｣駅 徒歩5分</li><li>東京メトロ丸ノ内線ほか｢後楽園｣駅 徒歩7分</li>
tokyo,kitasenju,竹の塚第一,79100,東武伊勢崎線「竹ノ塚」駅,11.0,16.0,東武伊勢崎線「竹ノ塚」駅,4.0,10.0,足立区竹の塚3-11ほか,23号棟,鉄筋コンクリート造,4,N,408号室,2DK,40,5,75600,3500,2か月,['近居割'],随時,https://www.ur-net.go.jp/chintai/kanto/tokyo/20_1300_room.html?JKSS=000023408,<li>東武伊勢崎線「竹ノ塚」駅 徒歩11～16分</li><li>東武伊勢崎線「竹ノ塚」駅バス2～3分 徒歩2～7分</li><li>JR常磐線「北千住」駅バス16～18分 徒歩1～5分</li>
tokyo,kitasenju,竹の塚第一,79100,,,,JR常磐線「北千住」駅,17.0,23.0,足立区竹の塚3-11ほか,23号棟,鉄筋コンクリート造,4,N,408号室,2DK,40,5,75600,3500,2か月,['近居割'],随時,https://www.ur-net.go.jp/chintai/kanto/tokyo/20_1300_room.html?JKSS=000023408,<li>東武伊勢崎線「竹ノ塚」駅 徒歩11～16分</li><li>東武伊勢崎線「竹ノ塚」駅バス2～3分 徒歩2～7分</li><li>JR常磐線「北千住」駅バス16～18分 徒歩1～5分</li>
tokyo,kitasenju,竹の塚第一,79100,,,,,,,足立区竹の塚3-11ほか,23号棟,鉄筋コンクリート造,4,N,408号室,2DK,40,5,75600,3500,2か月,['近居割'],随時,https://www.ur-net.go.jp/chintai/kanto/tokyo/20_1300_room.html?JKSS=000023408,<li>東武伊勢崎線「竹ノ塚」駅 徒歩11～16分</li><li>東武伊勢崎線「竹ノ塚」駅バス2～3分 徒歩2～7分</li><li>JR常磐線「北千住」駅バス16～18分 徒歩1～5分</li>
tokyo,kitasenju,竹の塚第一,91700,東武伊勢崎線「竹ノ塚」駅,11.0,16.0,東武伊勢崎線「竹ノ塚」駅,4.0,10.0,足立区竹の塚3-11ほか,20号棟,鉄筋コンクリート造,5,N,508号室,3DK,50,5,88200,3500,2か月,['近居割'],随時,https://www.ur-net.go.jp/chintai/kanto/tokyo/20_1300_room.html?JKSS=000020508,<li>東武伊勢崎線「竹ノ塚」駅 徒歩11～16分</li><li>東武伊勢崎線「竹ノ塚」駅バス2～3分 徒歩2～7分</li><li>JR常磐線「北千住」駅バス16～18分 徒歩1～5分</li>
tokyo,kitasenju,竹の塚第一,91700,,,,JR常磐線「北千住」駅,17.0,23.0,足立区竹の塚3-11ほか,20号棟,鉄筋コンクリート造,5,N,508号室,3DK,50,5,88200,3500,2か月,['近居割'],随時,https://www.ur-net.go.jp/chintai/kanto/tokyo/20_1300_room.html?JKSS=000020508,<li>東武伊勢崎線「竹ノ塚」駅 徒歩11～16分</li><li>東武伊勢崎線「竹ノ塚」駅バス2～3分 徒歩2～7分</li><li>JR常磐線「北千住」駅バス16～18分 徒歩1～5分</li>
tokyo,kitasenju,竹の塚第一,91700,,,,,,,足立区竹の塚3-11ほか,20号棟,鉄筋コンクリート造,5,N,508号室,3DK,50,5,88200,3500,2か月,['近居割'],随時,https://www.ur-net.go.jp/chintai/kanto/tokyo/20_1300_room.html?JKSS=000020508,<li>東武伊勢崎線「竹ノ塚」駅 徒歩11～16分</li><li>東武伊勢崎線「竹ノ塚」駅バス2～3分 徒歩2～7分</li><li>JR常磐線「北千住」駅バス16～18分 徒歩1～5分</li>
tokyo,kitasenju,フレール西新井中央公園,126500,日暮里舎人ライナー「谷在家」駅,12.0,14.0,,,,足立区西新井3-16ほか,4号棟,鉄筋コンクリート造,4,N,412号室,1LDK,53,8,121400,5100,2か月,['近居割'],随時,https://www.ur-net.go.jp/chintai/kanto/tokyo/20_7050_room.html?JKSS=000040412,<li>日暮里舎人ライナー「谷在家」駅 徒歩12～14分</li><li>東武大師線「大師前」駅 徒歩16～18分</li>
tokyo,kitasenju,フレール西新井中央公園,126500,東武大師線「大師前」駅,16.0,18.0,,,,足立区西新井3-16ほか,4号棟,鉄筋コンクリート造,4,N,412号室,1LDK,53,8,121400,5100,2か月,['近居割'],随時,https://www.ur-net.go.jp/chintai/kanto/tokyo/20_7050_room.html?JKSS=000040412,<li>日暮里舎人ライナー「谷在家」駅 徒歩12～14分</li><li>東武大師線「大師前」駅 徒歩16～18分</li>
tokyo,kitasenju,フレール西新井中央公園,126500,,,,,,,足立区西新井3-16ほか,4号棟,鉄筋コンクリート造,4,N,412号室,1LDK,53,8,121400,5100,2か月,['近居割'],随時,https://www.ur-net.go.jp/chintai/kanto/tokyo/20_7050_room.html?JKSS=000040412,<li>日暮里舎人ライナー「谷在家」駅 徒歩12～14分</li><li>東武大師線「大師前」駅 徒歩16～18分</li>
tokyo,oji,ハートアイランド新田一番街,131400,,,,JR京浜東北・根岸線「王子」駅,14.0,15.0,足立区新田3―36,2号棟,鉄筋コンクリート造,8,N,807号室,1LDK,55,14,123800,7600,2か月,"['近居割', '近居割WIDE']",随時,https://www.ur-net.go.jp/chintai/kanto/tokyo/20_6740_room.html?JKSS=000020807,<li>JR京浜東北・根岸線「王子」駅バス13分 徒歩1～2分</li><li>東京メトロ南北線「王子神谷」駅 徒歩19～20分</li>
tokyo,oji,ハートアイランド新田一番街,131400,東京メトロ南北線「王子神谷」駅,19.0,20.0,,,,足立区新田3―36,2号棟,鉄筋コンクリート造,8,N,807号室,1LDK,55,14,123800,7600,2か月,"['近居割', '近居割WIDE']",随時,https://www.ur-net.go.jp/chintai/kanto/tokyo/20_6740_room.html?JKSS=000020807,<li>JR京浜東北・根岸線「王子」駅バス13分 徒歩1～2分</li><li>東京メトロ南北線「王子神谷」駅 徒歩19～20分</li>
tokyo,oji,ハートアイランド新田一番街,131400,,,,,,,足立区新田3―36,2号棟,鉄筋コンクリート造,8,N,807号室,1LDK,55,14,123800,7600,2か月,"['近居割', '近居割WIDE']",随時,https://www.ur-net.go.jp/chintai/kanto/tokyo/20_6740_room.html?JKSS=000020807,<li>JR京浜東北・根岸線「王子」駅バス13分 徒歩1～2分</li><li>東京メトロ南北線「王子神谷」駅 徒歩19～20分</li>
tokyo,oji,ハートアイランド新田一番街,142300,,,,JR京浜東北・根岸線「王子」駅,14.0,15.0,足立区新田3―36,1号棟,鉄筋コンクリート造,2,N,204号室,1LDK,63,11,134700,7600,2か月,"['近居割', '近居割WIDE']",随時,https://www.ur-net.go.jp/chintai/kanto/tokyo/20_6740_room.html?JKSS=000010204,<li>JR京浜東北・根岸線「王子」駅バス13分 徒歩1～2分</li><li>東京メトロ南北線「王子神谷」駅 徒歩19～20分</li>
tokyo,oji,ハートアイランド新田一番街,142300,東京メトロ南北線「王子神谷」駅,19.0,20.0,,,,足立区新田3―36,1号棟,鉄筋コンクリート造,2,N,204号室,1LDK,63,11,134700,7600,2か月,"['近居割', '近居割WIDE']",随時,https://www.ur-net.go.jp/chintai/kanto/tokyo/20_6740_room.html?JKSS=000010204,<li>JR京浜東北・根岸線「王子」駅バス13分 徒歩1～2分</li><li>東京メトロ南北線「王子神谷」駅 徒歩19～20分</li>
tokyo,oji,ハートアイランド新田一番街,142300,,,,,,,足立区新田3―36,1号棟,鉄筋コンクリート造,2,N,204号室,1LDK,63,11,134700,7600,2か月,"['近居割', '近居割WIDE']",随時,https://www.ur-net.go.jp/chintai/kanto/tokyo/20_6740_room.html?JKSS=000010204,<li>JR京浜東北・根岸線「王子」駅バス13分 徒歩1～2分</li><li>東京メトロ南北線「王子神谷」駅 徒歩19～20分</li>
tokyo,oji,ハートアイランド新田一番街,153400,,,,JR京浜東北・根岸線「王子」駅,14.0,15.0,足立区新田3―36,2号棟,鉄筋コンクリート造,14,N,1404号室,1LDK,58,14,145800,7600,2か月,"['近居割', '近居割WIDE']",随時,https://www.ur-net.go.jp/chintai/kanto/tokyo/20_6740_room.html?JKSS=000021404,<li>JR京浜東北・根岸線「王子」駅バス13分 徒歩1～2分</li><li>東京メトロ南北線「王子神谷」駅 徒歩19～20分</li>
tokyo,oji,ハートアイランド新田一番街,153400,東京メトロ南北線「王子神谷」駅,19.0,20.0,,,,足立区新田3―36,2号棟,鉄筋コンクリート造,14,N,1404号室,1LDK,58,14,145800,7600,2か月,"['近居割', '近居割WIDE']",随時,https://www.ur-net.go.jp/chintai/kanto/tokyo/20_6740_room.html?JKSS=000021404,<li>JR京浜東北・根岸線「王子」駅バス13分 徒歩1～2分</li><li>東京メトロ南北線「王子神谷」駅 徒歩19～20分</li>
tokyo,oji,ハートアイランド新田一番街,153400,,,,,,,足立区新田3―36,2号棟,鉄筋コンクリート造,14,N,1404号室,1LDK,58,14,145800,7600,2か月,"['近居割', '近居割WIDE']",随時,https://www.ur-net.go.jp/chintai/kanto/tokyo/20_6740_room.html?JKSS=000021404,<li>JR京浜東北・根岸線「王子」駅バス13分 徒歩1～2分</li><li>東京メトロ南北線「王子神谷」駅 徒歩19～20分</li>
tokyo,kitasenju,金町第二,115700,JR常磐線「金町」駅,10.0,12.0,JR常磐線「金町」駅,4.0,4.0,葛飾区南水元3-6ほか,1号棟,鉄筋コンクリート造,7,N,738号室,2LDK,63,11,111300,4400,2か月,"['近居割', '近居割WIDE']",随時,https://www.ur-net.go.jp/chintai/kanto/tokyo/20_2950_room.html?JKSS=000010738,<li>JR常磐線「金町」駅 徒歩10～12分</li><li>京成金町線「京成金町」駅 徒歩12～14分</li><li>JR常磐線「金町」駅バス3分 徒歩1分</li>
tokyo,kitasenju,金町第二,115700,京成金町線「京成金町」駅,12.0,14.0,,,,葛飾区南水元3-6ほか,1号棟,鉄筋コンクリート造,7,N,738号室,2LDK,63,11,111300,4400,2か月,"['近居割', '近居割WIDE']",随時,https://www.ur-net.go.jp/chintai/kanto/tokyo/20_2950_room.html?JKSS=000010738,<li>JR常磐線「金町」駅 徒歩10～12分</li><li>京成金町線「京成金町」駅 徒歩12～14分</li><li>JR常磐線「金町」駅バス3分 徒歩1分</li>
tokyo,kitasenju,金町第二,115700,,,,,,,葛飾区南水元3-6ほか,1号棟,鉄筋コンクリート造,7,N,738号室,2LDK,63,11,111300,4400,2か月,"['近居割', '近居割WIDE']",随時,https://www.ur-net.go.jp/chintai/kanto/tokyo/20_2950_room.html?JKSS=000010738,<li>JR常磐線「金町」駅 徒歩10～12分</li><li>京成金町線「京成金町」駅 徒歩12～14分</li><li>JR常磐線「金町」駅バス3分 徒歩1分</li>
tokyo,nishiojima,エステート篠崎（下篠崎町）,114900,都営新宿線「篠崎」駅,17.0,19.0,都営新宿線「篠崎」駅,7.0,8.0,江戸川区下篠崎町18,1号棟,鉄骨鉄筋コンクリート造,7,N,704号室,2DK,50,9,110000,4900,2か月,['近居割'],随時,https://www.ur-net.go.jp/chintai/kanto/tokyo/20_2770_room.html?JKSS=000010704,<li>都営新宿線「篠崎」駅 徒歩17～19分</li><li>都営新宿線「篠崎」駅バス5分 徒歩2～3分</li><li>JR総武線「小岩」駅バス24分 徒歩2～3分</li>
tokyo,nishiojima,エステート篠崎（下篠崎町）,114900,,,,JR総武線「小岩」駅,26.0,27.0,江戸川区下篠崎町18,1号棟,鉄骨鉄筋コンクリート造,7,N,704号室,2DK,50,9,110000,4900,2か月,['近居割'],随時,https://www.ur-net.go.jp/chintai/kanto/tokyo/20_2770_room.html?JKSS=000010704,<li>都営新宿線「篠崎」駅 徒歩17～19分</li><li>都営新宿線「篠崎」駅バス5分 徒歩2～3分</li><li>JR総武線「小岩」駅バス24分 徒歩2～3分</li>
tokyo,nishiojima,エステート篠崎（下篠崎町）,114900,,,,,,,江戸川区下篠崎町18,1号棟,鉄骨鉄筋コンクリート造,7,N,704号室,2DK,50,9,110000,4900,2か月,['近居割'],随時,https://www.ur-net.go.jp/chintai/kanto/tokyo/20_2770_room.html?JKSS=000010704,<li>都営新宿線「篠崎」駅 徒歩17～19分</li><li>都営新宿線「篠崎」駅バス5分 徒歩2～3分</li><li>JR総武線「小岩」駅バス24分 徒歩2～3分</li>
tokyo,shibuya,恵比寿ビュータワー,329600,JR山手線ほか｢恵比寿｣駅,9.0,9.0,,,,目黒区三田1-4-4,,鉄筋コンクリート造,15,N,1510号室,1LDK,58,32,325100,4500,2か月,['近居割'],随時,https://www.ur-net.go.jp/chintai/kanto/tokyo/20_5180_room.html?JKSS=000001510,<li>JR山手線ほか｢恵比寿｣駅 徒歩9分</li>
tokyo,shibuya,恵比寿ビュータワー,329600,,,,,,,目黒区三田1-4-4,,鉄筋コンクリート造,15,N,1510号室,1LDK,58,32,325100,4500,2か月,['近居割'],随時,https://www.ur-net.go.jp/chintai/kanto/tokyo/20_5180_room.html?JKSS=000001510,<li>JR山手線ほか｢恵比寿｣駅 徒歩9分</li>
tokyo,shibuya,中目黒アトラスタワー,404700,東急東横線・東京メトロ日比谷線「中目黒」駅,2.0,2.0,,,,目黒区上目黒1-26-1,,鉄筋コンクリート造一部鉄骨造,11,N,1110号室,1LDK,76,45,392500,12200,2か月,['近居割'],随時,https://www.ur-net.go.jp/chintai/kanto/tokyo/20_7090_room.html?JKSS=000001110,<li>東急東横線・東京メトロ日比谷線「中目黒」駅 徒歩2分</li>
tokyo,shibuya,中目黒アトラスタワー,404700,,,,,,,目黒区上目黒1-26-1,,鉄筋コンクリート造一部鉄骨造,11,N,1110号室,1LDK,76,45,392500,12200,2か月,['近居割'],随時,https://www.ur-net.go.jp/chintai/kanto/tokyo/20_7090_room.html?JKSS=000001110,<li>東急東横線・東京メトロ日比谷線「中目黒」駅 徒歩2分</li>
tokyo,kyodo,成城通りパークウエスト,146400,「成城学園前」駅,21.0,21.0,小田急小田原線「成城学園前」駅,9.0,10.0,世田谷区上祖師谷4-2,3号棟,鉄筋コンクリート造,2,N,217号室,1DK,47,5,142600,3800,2か月,['近居割'],随時,https://www.ur-net.go.jp/chintai/kanto/tokyo/20_4600_room.html?JKSS=000030217,<li>小田急小田原線「成城学園前」駅バス7分 徒歩2～3分 または「成城学園前」駅 徒歩21分</li><li>京王線「千歳烏山」駅バス12分 徒歩2～3分</li>
tokyo,kyodo,成城通りパークウエスト,146400,,,,京王線「千歳烏山」駅,14.0,15.0,世田谷区上祖師谷4-2,3号棟,鉄筋コンクリート造,2,N,217号室,1DK,47,5,142600,3800,2か月,['近居割'],随時,https://www.ur-net.go.jp/chintai/kanto/tokyo/20_4600_room.html?JKSS=000030217,<li>小田急小田原線「成城学園前」駅バス7分 徒歩2～3分 または「成城学園前」駅 徒歩21分</li><li>京王線「千歳烏山」駅バス12分 徒歩2～3分</li>
tokyo,kyodo,成城通りパークウエスト,146400,,,,,,,世田谷区上祖師谷4-2,3号棟,鉄筋コンクリート造,2,N,217号室,1DK,47,5,142600,3800,2か月,['近居割'],随時,https://www.ur-net.go.jp/chintai/kanto/tokyo/20_4600_room.html?JKSS=000030217,<li>小田急小田原線「成城学園前」駅バス7分 徒歩2～3分 または「成城学園前」駅 徒歩21分</li><li>京王線「千歳烏山」駅バス12分 徒歩2～3分</li>
tokyo,kyodo,成城通りパークウエスト,228300,「成城学園前」駅,21.0,21.0,小田急小田原線「成城学園前」駅,9.0,10.0,世田谷区上祖師谷4-2,1号棟,鉄筋コンクリート造,1,N,118号室,2LDK,86,5,224500,3800,2か月,['近居割'],随時,https://www.ur-net.go.jp/chintai/kanto/tokyo/20_4600_room.html?JKSS=000010118,<li>小田急小田原線「成城学園前」駅バス7分 徒歩2～3分 または「成城学園前」駅 徒歩21分</li><li>京王線「千歳烏山」駅バス12分 徒歩2～3分</li>
tokyo,kyodo,成城通りパークウエスト,228300,,,,京王線「千歳烏山」駅,14.0,15.0,世田谷区上祖師谷4-2,1号棟,鉄筋コンクリート造,1,N,118号室,2LDK,86,5,224500,3800,2か月,['近居割'],随時,https://www.ur-net.go.jp/chintai/kanto/tokyo/20_4600_room.html?JKSS=000010118,<li>小田急小田原線「成城学園前」駅バス7分 徒歩2～3分 または「成城学園前」駅 徒歩21分</li><li>京王線「千歳烏山」駅バス12分 徒歩2～3分</li>
tokyo,kyodo,成城通りパークウエスト,228300,,,,,,,世田谷区上祖師谷4-2,1号棟,鉄筋コンクリート造,1,N,118号室,2LDK,86,5,224500,3800,2か月,['近居割'],随時,https://www.ur-net.go.jp/chintai/kanto/tokyo/20_4600_room.html?JKSS=000010118,<li>小田急小田原線「成城学園前」駅バス7分 徒歩2～3分 または「成城学園前」駅 徒歩21分</li><li>京王線「千歳烏山」駅バス12分 徒歩2～3分</li>
tokyo,hikarigaoka,光が丘パークタウン プロムナード十番街,155700,都営大江戸線「光が丘」駅,3.0,4.0,,,,練馬区光が丘2-10-1ほか,2-10-5号棟,鉄筋コンクリート造、鉄骨鉄筋コンクリート造,3,N,310号室,1DK,49,14,148900,6800,2か月,"['近居割', '近居割WIDE', 'シルバーピア']",随時,https://www.ur-net.go.jp/chintai/kanto/tokyo/20_4350_room.html?JKSS=210050310,<li>都営大江戸線「光が丘」駅 徒歩3～4分</li><li>東京メトロ有楽町線「地下鉄成増」駅バス10分 徒歩5～6分</li><li>東武東上線「成増」駅バス11分 徒歩5～6分</li>
tokyo,hikarigaoka,光が丘パークタウン プロムナード十番街,155700,,,,東京メトロ有楽町線「地下鉄成増」駅,15.0,16.0,練馬区光が丘2-10-1ほか,2-10-5号棟,鉄筋コンクリート造、鉄骨鉄筋コンクリート造,3,N,310号室,1DK,49,14,148900,6800,2か月,"['近居割', '近居割WIDE', 'シルバーピア']",随時,https://www.ur-net.go.jp/chintai/kanto/tokyo/20_4350_room.html?JKSS=210050310,<li>都営大江戸線「光が丘」駅 徒歩3～4分</li><li>東京メトロ有楽町線「地下鉄成増」駅バス10分 徒歩5～6分</li><li>東武東上線「成増」駅バス11分 徒歩5～6分</li>
tokyo,hikarigaoka,光が丘パークタウン プロムナード十番街,155700,,,,東武東上線「成増」駅,16.0,17.0,練馬区光が丘2-10-1ほか,2-10-5号棟,鉄筋コンクリート造、鉄骨鉄筋コンクリート造,3,N,310号室,1DK,49,14,148900,6800,2か月,"['近居割', '近居割WIDE', 'シルバーピア']",随時,https://www.ur-net.go.jp/chintai/kanto/tokyo/20_4350_room.html?JKSS=210050310,<li>都営大江戸線「光が丘」駅 徒歩3～4分</li><li>東京メトロ有楽町線「地下鉄成増」駅バス10分 徒歩5～6分</li><li>東武東上線「成増」駅バス11分 徒歩5～6分</li>
tokyo,hikarigaoka,光が丘パークタウン プロムナード十番街,155700,,,,,,,練馬区光が丘2-10-1ほか,2-10-5号棟,鉄筋コンクリート造、鉄骨鉄筋コンクリート造,3,N,310号室,1DK,49,14,148900,6800,2か月,"['近居割', '近居割WIDE', 'シルバーピア']",随時,https://www.ur-net.go.jp/chintai/kanto/tokyo/20_4350_room.html?JKSS=210050310,<li>都営大江戸線「光が丘」駅 徒歩3～4分</li><li>東京メトロ有楽町線「地下鉄成増」駅バス10分 徒歩5～6分</li><li>東武東上線「成増」駅バス11分 徒歩5～6分</li>
tokyo,takashimadaira,にしき平和台,159500,東武東上線「東武練馬」駅,15.0,18.0,,,,練馬区平和台1-37ほか,5号棟,鉄筋コンクリート造,8,N,808号室,2LDK,64,10,154900,4600,2か月,['近居割'],随時,https://www.ur-net.go.jp/chintai/kanto/tokyo/20_5351_room.html?JKSS=000050808,<li>東武東上線「東武練馬」駅 徒歩15～18分</li><li>東京メトロ有楽町線「平和台」駅 徒歩15～18分 またはバス5分 徒歩7～10分</li><li>東武東上線「上板橋」駅 徒歩15～17分</li>
tokyo,takashimadaira,にしき平和台,159500,東京メトロ有楽町線「平和台」駅,15.0,18.0,東京メトロ有楽町線「平和台」駅,12.0,15.0,練馬区平和台1-37ほか,5号棟,鉄筋コンクリート造,8,N,808号室,2LDK,64,10,154900,4600,2か月,['近居割'],随時,https://www.ur-net.go.jp/chintai/kanto/tokyo/20_5351_room.html?JKSS=000050808,<li>東武東上線「東武練馬」駅 徒歩15～18分</li><li>東京メトロ有楽町線「平和台」駅 徒歩15～18分 またはバス5分 徒歩7～10分</li><li>東武東上線「上板橋」駅 徒歩15～17分</li>
tokyo,takashimadaira,にしき平和台,159500,東武東上線「上板橋」駅,15.0,17.0,,,,練馬区平和台1-37ほか,5号棟,鉄筋コンクリート造,8,N,808号室,2LDK,64,10,154900,4600,2か月,['近居割'],随時,https://www.ur-net.go.jp/chintai/kanto/tokyo/20_5351_room.html?JKSS=000050808,<li>東武東上線「東武練馬」駅 徒歩15～18分</li><li>東京メトロ有楽町線「平和台」駅 徒歩15～18分 またはバス5分 徒歩7～10分</li><li>東武東上線「上板橋」駅 徒歩15～17分</li>
tokyo,takashimadaira,にしき平和台,159500,,,,,,,練馬区平和台1-37ほか,5号棟,鉄筋コンクリート造,8,N,808号室,2LDK,64,10,154900,4600,2か月,['近居割'],随時,https://www.ur-net.go.jp/chintai/kanto/tokyo/20_5351_room.html?JKSS=000050808,<li>東武東上線「東武練馬」駅 徒歩15～18分</li><li>東京メトロ有楽町線「平和台」駅 徒歩15～18分 またはバス5分 徒歩7～10分</li><li>東武東上線「上板橋」駅 徒歩15～17分</li>
tokyo,oji,赤羽北二丁目ハイツ,131900,JR埼京線「北赤羽」駅,5.0,5.0,,,,北区赤羽北2-22-10,,鉄骨鉄筋コンクリート造,6,N,605号室,1LDK,48,14,127300,4600,2か月,['近居割'],随時,https://www.ur-net.go.jp/chintai/kanto/tokyo/20_4010_room.html?JKSS=000000605,<li>JR埼京線「北赤羽」駅 徒歩5分</li>
tokyo,oji,赤羽北二丁目ハイツ,131900,,,,,,,北区赤羽北2-22-10,,鉄骨鉄筋コンクリート造,6,N,605号室,1LDK,48,14,127300,4600,2か月,['近居割'],随時,https://www.ur-net.go.jp/chintai/kanto/tokyo/20_4010_room.html?JKSS=000000605,<li>JR埼京線「北赤羽」駅 徒歩5分</li>
tokyo,takashimadaira,高島平,96800,都営三田線「高島平」駅,2.0,11.0,,,,板橋区高島平2ほか,2-26-5号棟,鉄筋コンクリート造,8,N,802号室,2DK,46,11,92600,4200,2か月,"['近居割', '近居割WIDE']",随時,https://www.ur-net.go.jp/chintai/kanto/tokyo/20_2250_room.html?JKSS=226050802,<li>都営三田線「高島平」駅 徒歩2～11分</li><li>都営三田線「新高島平」駅 徒歩4～22分</li>
tokyo,takashimadaira,高島平,96800,都営三田線「新高島平」駅,4.0,22.0,,,,板橋区高島平2ほか,2-26-5号棟,鉄筋コンクリート造,8,N,802号室,2DK,46,11,92600,4200,2か月,"['近居割', '近居割WIDE']",随時,https://www.ur-net.go.jp/chintai/kanto/tokyo/20_2250_room.html?JKSS=226050802,<li>都営三田線「高島平」駅 徒歩2～11分</li><li>都営三田線「新高島平」駅 徒歩4～22分</li>
tokyo,takashimadaira,高島平,96800,,,,,,,板橋区高島平2ほか,2-26-5号棟,鉄筋コンクリート造,8,N,802号室,2DK,46,11,92600,4200,2か月,"['近居割', '近居割WIDE']",随時,https://www.ur-net.go.jp/chintai/kanto/tokyo/20_2250_room.html?JKSS=226050802,<li>都営三田線「高島平」駅 徒歩2～11分</li><li>都営三田線「新高島平」駅 徒歩4～22分</li>
tokyo,takashimadaira,高島平,98500,都営三田線「高島平」駅,2.0,11.0,,,,板橋区高島平2ほか,2-26-4号棟,鉄筋コンクリート造,8,N,804号室,2DK,46,11,94300,4200,2か月,"['近居割', '近居割WIDE']",随時,https://www.ur-net.go.jp/chintai/kanto/tokyo/20_2250_room.html?JKSS=226040804,<li>都営三田線「高島平」駅 徒歩2～11分</li><li>都営三田線「新高島平」駅 徒歩4～22分</li>
tokyo,takashimadaira,高島平,98500,都営三田線「新高島平」駅,4.0,22.0,,,,板橋区高島平2ほか,2-26-4号棟,鉄筋コンクリート造,8,N,804号室,2DK,46,11,94300,4200,2か月,"['近居割', '近居割WIDE']",随時,https://www.ur-net.go.jp/chintai/kanto/tokyo/20_2250_room.html?JKSS=226040804,<li>都営三田線「高島平」駅 徒歩2～11分</li><li>都営三田線「新高島平」駅 徒歩4～22分</li>
tokyo,takashimadaira,高島平,98500,,,,,,,板橋区高島平2ほか,2-26-4号棟,鉄筋コンクリート造,8,N,804号室,2DK,46,11,94300,4200,2か月,"['近居割', '近居割WIDE']",随時,https://www.ur-net.go.jp/chintai/kanto/tokyo/20_2250_room.html?JKSS=226040804,<li>都営三田線「高島平」駅 徒歩2～11分</li><li>都営三田線「新高島平」駅 徒歩4～22分</li>
tokyo,takashimadaira,新蓮根,101800,都営三田線「蓮根」駅,3.0,7.0,,,,板橋区蓮根2-30ほか,17号棟,鉄筋コンクリート造,6,N,607号室,1K,35,6,97800,4000,2か月,['近居割'],随時,https://www.ur-net.go.jp/chintai/kanto/tokyo/20_4760_room.html?JKSS=000170607,<li>都営三田線「蓮根」駅 徒歩3～7分</li><li>都営三田線「西台」駅 徒歩4～8分</li>
tokyo,takashimadaira,新蓮根,101800,都営三田線「西台」駅,4.0,8.0,,,,板橋区蓮根2-30ほか,17号棟,鉄筋コンクリート造,6,N,607号室,1K,35,6,97800,4000,2か月,['近居割'],随時,https://www.ur-net.go.jp/chintai/kanto/tokyo/20_4760_room.html?JKSS=000170607,<li>都営三田線「蓮根」駅 徒歩3～7分</li><li>都営三田線「西台」駅 徒歩4～8分</li>
tokyo,takashimadaira,新蓮根,101800,,,,,,,板橋区蓮根2-30ほか,17号棟,鉄筋コンクリート造,6,N,607号室,1K,35,6,97800,4000,2か月,['近居割'],随時,https://www.ur-net.go.jp/chintai/kanto/tokyo/20_4760_room.html?JKSS=000170607,<li>都営三田線「蓮根」駅 徒歩3～7分</li><li>都営三田線「西台」駅 徒歩4～8分</li>
tokyo,hachioji,館ヶ丘,51700,,,,JR中央線「高尾」駅,8.0,18.0,八王子市館町1097,1-14号棟,鉄筋コンクリート造,5,N,504号室,2DK,42,5,47200,4500,2か月,"['近居割', '近居割WIDE']",随時,https://www.ur-net.go.jp/chintai/kanto/tokyo/20_2600_room.html?JKSS=001140504,<li>JR中央線「高尾」駅バス7分 徒歩1～11分</li><li>京王高尾線「高尾」駅バス7分 徒歩1～11分</li><li>JR中央本線「高尾」駅 徒歩29～38分</li>
tokyo,hachioji,館ヶ丘,51700,,,,京王高尾線「高尾」駅,8.0,18.0,八王子市館町1097,1-14号棟,鉄筋コンクリート造,5,N,504号室,2DK,42,5,47200,4500,2か月,"['近居割', '近居割WIDE']",随時,https://www.ur-net.go.jp/chintai/kanto/tokyo/20_2600_room.html?JKSS=001140504,<li>JR中央線「高尾」駅バス7分 徒歩1～11分</li><li>京王高尾線「高尾」駅バス7分 徒歩1～11分</li><li>JR中央本線「高尾」駅 徒歩29～38分</li>
tokyo,hachioji,館ヶ丘,51700,JR中央本線「高尾」駅,29.0,38.0,,,,八王子市館町1097,1-14号棟,鉄筋コンクリート造,5,N,504号室,2DK,42,5,47200,4500,2か月,"['近居割', '近居割WIDE']",随時,https://www.ur-net.go.jp/chintai/kanto/tokyo/20_2600_room.html?JKSS=001140504,<li>JR中央線「高尾」駅バス7分 徒歩1～11分</li><li>京王高尾線「高尾」駅バス7分 徒歩1～11分</li><li>JR中央本線「高尾」駅 徒歩29～38分</li>
tokyo,hachioji,館ヶ丘,51700,,,,,,,八王子市館町1097,1-14号棟,鉄筋コンクリート造,5,N,504号室,2DK,42,5,47200,4500,2か月,"['近居割', '近居割WIDE']",随時,https://www.ur-net.go.jp/chintai/kanto/tokyo/20_2600_room.html?JKSS=001140504,<li>JR中央線「高尾」駅バス7分 徒歩1～11分</li><li>京王高尾線「高尾」駅バス7分 徒歩1～11分</li><li>JR中央本線「高尾」駅 徒歩29～38分</li>
tokyo,hachioji,館ヶ丘,54200,,,,JR中央線「高尾」駅,8.0,18.0,八王子市館町1097,1-13号棟,鉄筋コンクリート造,1,N,108号室,2DK,42,5,49700,4500,2か月,"['近居割', '近居割WIDE']",随時,https://www.ur-net.go.jp/chintai/kanto/tokyo/20_2600_room.html?JKSS=001130108,<li>JR中央線「高尾」駅バス7分 徒歩1～11分</li><li>京王高尾線「高尾」駅バス7分 徒歩1～11分</li><li>JR中央本線「高尾」駅 徒歩29～38分</li>
tokyo,hachioji,館ヶ丘,54200,,,,京王高尾線「高尾」駅,8.0,18.0,八王子市館町1097,1-13号棟,鉄筋コンクリート造,1,N,108号室,2DK,42,5,49700,4500,2か月,"['近居割', '近居割WIDE']",随時,https://www.ur-net.go.jp/chintai/kanto/tokyo/20_2600_room.html?JKSS=001130108,<li>JR中央線「高尾」駅バス7分 徒歩1～11分</li><li>京王高尾線「高尾」駅バス7分 徒歩1～11分</li><li>JR中央本線「高尾」駅 徒歩29～38分</li>
tokyo,hachioji,館ヶ丘,54200,JR中央本線「高尾」駅,29.0,38.0,,,,八王子市館町1097,1-13号棟,鉄筋コンクリート造,1,N,108号室,2DK,42,5,49700,4500,2か月,"['近居割', '近居割WIDE']",随時,https://www.ur-net.go.jp/chintai/kanto/tokyo/20_2600_room.html?JKSS=001130108,<li>JR中央線「高尾」駅バス7分 徒歩1～11分</li><li>京王高尾線「高尾」駅バス7分 徒歩1～11分</li><li>JR中央本線「高尾」駅 徒歩29～38分</li>
tokyo,hachioji,館ヶ丘,54200,,,,,,,八王子市館町1097,1-13号棟,鉄筋コンクリート造,1,N,108号室,2DK,42,5,49700,4500,2か月,"['近居割', '近居割WIDE']",随時,https://www.ur-net.go.jp/chintai/kanto/tokyo/20_2600_room.html?JKSS=001130108,<li>JR中央線「高尾」駅バス7分 徒歩1～11分</li><li>京王高尾線「高尾」駅バス7分 徒歩1～11分</li><li>JR中央本線「高尾」駅 徒歩29～38分</li>
tokyo,hachioji,館ヶ丘,55200,,,,JR中央線「高尾」駅,8.0,18.0,八王子市館町1097,1-14号棟,鉄筋コンクリート造,4,N,411号室,2DK,42,5,50700,4500,2か月,"['近居割', '近居割WIDE']",随時,https://www.ur-net.go.jp/chintai/kanto/tokyo/20_2600_room.html?JKSS=001140411,<li>JR中央線「高尾」駅バス7分 徒歩1～11分</li><li>京王高尾線「高尾」駅バス7分 徒歩1～11分</li><li>JR中央本線「高尾」駅 徒歩29～38分</li>
tokyo,hachioji,館ヶ丘,55200,,,,京王高尾線「高尾」駅,8.0,18.0,八王子市館町1097,1-14号棟,鉄筋コンクリート造,4,N,411号室,2DK,42,5,50700,4500,2か月,"['近居割', '近居割WIDE']",随時,https://www.ur-net.go.jp/chintai/kanto/tokyo/20_2600_room.html?JKSS=001140411,<li>JR中央線「高尾」駅バス7分 徒歩1～11分</li><li>京王高尾線「高尾」駅バス7分 徒歩1～11分</li><li>JR中央本線「高尾」駅 徒歩29～38分</li>
tokyo,hachioji,館ヶ丘,55200,JR中央本線「高尾」駅,29.0,38.0,,,,八王子市館町1097,1-14号棟,鉄筋コンクリート造,4,N,411号室,2DK,42,5,50700,4500,2か月,"['近居割', '近居割WIDE']",随時,https://www.ur-net.go.jp/chintai/kanto/tokyo/20_2600_room.html?JKSS=001140411,<li>JR中央線「高尾」駅バス7分 徒歩1～11分</li><li>京王高尾線「高尾」駅バス7分 徒歩1～11分</li><li>JR中央本線「高尾」駅 徒歩29～38分</li>
tokyo,hachioji,館ヶ丘,55200,,,,,,,八王子市館町1097,1-14号棟,鉄筋コンクリート造,4,N,411号室,2DK,42,5,50700,4500,2か月,"['近居割', '近居割WIDE']",随時,https://www.ur-net.go.jp/chintai/kanto/tokyo/20_2600_room.html?JKSS=001140411,<li>JR中央線「高尾」駅バス7分 徒歩1～11分</li><li>京王高尾線「高尾」駅バス7分 徒歩1～11分</li><li>JR中央本線「高尾」駅 徒歩29～38分</li>
tokyo,hachioji,館ヶ丘,56800,,,,JR中央線「高尾」駅,8.0,18.0,八王子市館町1097,3-4号棟,鉄筋コンクリート造,5,N,509号室,3K,48,5,52300,4500,2か月,"['近居割', '近居割WIDE']",随時,https://www.ur-net.go.jp/chintai/kanto/tokyo/20_2600_room.html?JKSS=003040509,<li>JR中央線「高尾」駅バス7分 徒歩1～11分</li><li>京王高尾線「高尾」駅バス7分 徒歩1～11分</li><li>JR中央本線「高尾」駅 徒歩29～38分</li>
tokyo,hachioji,館ヶ丘,56800,,,,京王高尾線「高尾」駅,8.0,18.0,八王子市館町1097,3-4号棟,鉄筋コンクリート造,5,N,509号室,3K,48,5,52300,4500,2か月,"['近居割', '近居割WIDE']",随時,https://www.ur-net.go.jp/chintai/kanto/tokyo/20_2600_room.html?JKSS=003040509,<li>JR中央線「高尾」駅バス7分 徒歩1～11分</li><li>京王高尾線「高尾」駅バス7分 徒歩1～11分</li><li>JR中央本線「高尾」駅 徒歩29～38分</li>
tokyo,hachioji,館ヶ丘,56800,JR中央本線「高尾」駅,29.0,38.0,,,,八王子市館町1097,3-4号棟,鉄筋コンクリート造,5,N,509号室,3K,48,5,52300,4500,2か月,"['近居割', '近居割WIDE']",随時,https://www.ur-net.go.jp/chintai/kanto/tokyo/20_2600_room.html?JKSS=003040509,<li>JR中央線「高尾」駅バス7分 徒歩1～11分</li><li>京王高尾線「高尾」駅バス7分 徒歩1～11分</li><li>JR中央本線「高尾」駅 徒歩29～38分</li>
tokyo,hachioji,館ヶ丘,56800,,,,,,,八王子市館町1097,3-4号棟,鉄筋コンクリート造,5,N,509号室,3K,48,5,52300,4500,2か月,"['近居割', '近居割WIDE']",随時,https://www.ur-net.go.jp/chintai/kanto/tokyo/20_2600_room.html?JKSS=003040509,<li>JR中央線「高尾」駅バス7分 徒歩1～11分</li><li>京王高尾線「高尾」駅バス7分 徒歩1～11分</li><li>JR中央本線「高尾」駅 徒歩29～38分</li>
tokyo,hachioji,館ヶ丘,60700,,,,JR中央線「高尾」駅,8.0,18.0,八王子市館町1097,3-2号棟,鉄筋コンクリート造,3,N,309号室,3K,48,5,56200,4500,2か月,"['近居割', '近居割WIDE']",随時,https://www.ur-net.go.jp/chintai/kanto/tokyo/20_2600_room.html?JKSS=003020309,<li>JR中央線「高尾」駅バス7分 徒歩1～11分</li><li>京王高尾線「高尾」駅バス7分 徒歩1～11分</li><li>JR中央本線「高尾」駅 徒歩29～38分</li>
tokyo,hachioji,館ヶ丘,60700,,,,京王高尾線「高尾」駅,8.0,18.0,八王子市館町1097,3-2号棟,鉄筋コンクリート造,3,N,309号室,3K,48,5,56200,4500,2か月,"['近居割', '近居割WIDE']",随時,https://www.ur-net.go.jp/chintai/kanto/tokyo/20_2600_room.html?JKSS=003020309,<li>JR中央線「高尾」駅バス7分 徒歩1～11分</li><li>京王高尾線「高尾」駅バス7分 徒歩1～11分</li><li>JR中央本線「高尾」駅 徒歩29～38分</li>
tokyo,hachioji,館ヶ丘,60700,JR中央本線「高尾」駅,29.0,38.0,,,,八王子市館町1097,3-2号棟,鉄筋コンクリート造,3,N,309号室,3K,48,5,56200,4500,2か月,"['近居割', '近居割WIDE']",随時,https://www.ur-net.go.jp/chintai/kanto/tokyo/20_2600_room.html?JKSS=003020309,<li>JR中央線「高尾」駅バス7分 徒歩1～11分</li><li>京王高尾線「高尾」駅バス7分 徒歩1～11分</li><li>JR中央本線「高尾」駅 徒歩29～38分</li>
tokyo,hachioji,館ヶ丘,60700,,,,,,,八王子市館町1097,3-2号棟,鉄筋コンクリート造,3,N,309号室,3K,48,5,56200,4500,2か月,"['近居割', '近居割WIDE']",随時,https://www.ur-net.go.jp/chintai/kanto/tokyo/20_2600_room.html?JKSS=003020309,<li>JR中央線「高尾」駅バス7分 徒歩1～11分</li><li>京王高尾線「高尾」駅バス7分 徒歩1～11分</li><li>JR中央本線「高尾」駅 徒歩29～38分</li>
tokyo,hachioji,南原台,74400,,,,JR中央線「豊田」駅,10.0,14.0,八王子市大和田町1-2ほか,6号棟,鉄筋コンクリート造,3,N,302号室,3DK,61,4,69400,5000,2か月,['近居割'],随時,https://www.ur-net.go.jp/chintai/kanto/tokyo/20_2990_room.html?JKSS=000060302,<li>JR中央線「豊田」駅バス7分 徒歩3～7分</li><li>JR中央線「八王子」駅バス9分 徒歩3～7分</li><li>JR八高線「北八王子」駅 徒歩9～12分</li>
tokyo,hachioji,南原台,74400,,,,JR中央線「八王子」駅,12.0,16.0,八王子市大和田町1-2ほか,6号棟,鉄筋コンクリート造,3,N,302号室,3DK,61,4,69400,5000,2か月,['近居割'],随時,https://www.ur-net.go.jp/chintai/kanto/tokyo/20_2990_room.html?JKSS=000060302,<li>JR中央線「豊田」駅バス7分 徒歩3～7分</li><li>JR中央線「八王子」駅バス9分 徒歩3～7分</li><li>JR八高線「北八王子」駅 徒歩9～12分</li>
tokyo,hachioji,南原台,74400,JR八高線「北八王子」駅,9.0,12.0,,,,八王子市大和田町1-2ほか,6号棟,鉄筋コンクリート造,3,N,302号室,3DK,61,4,69400,5000,2か月,['近居割'],随時,https://www.ur-net.go.jp/chintai/kanto/tokyo/20_2990_room.html?JKSS=000060302,<li>JR中央線「豊田」駅バス7分 徒歩3～7分</li><li>JR中央線「八王子」駅バス9分 徒歩3～7分</li><li>JR八高線「北八王子」駅 徒歩9～12分</li>
tokyo,hachioji,南原台,74400,,,,,,,八王子市大和田町1-2ほか,6号棟,鉄筋コンクリート造,3,N,302号室,3DK,61,4,69400,5000,2か月,['近居割'],随時,https://www.ur-net.go.jp/chintai/kanto/tokyo/20_2990_room.html?JKSS=000060302,<li>JR中央線「豊田」駅バス7分 徒歩3～7分</li><li>JR中央線「八王子」駅バス9分 徒歩3～7分</li><li>JR八高線「北八王子」駅 徒歩9～12分</li>
tokyo,hachioji,八王子みなみ野シティ ヴェルディールみなみ野西,75200,JR横浜線「八王子みなみ野」駅,10.0,10.0,,,,八王子市みなみ野1-11,4号棟,鉄筋コンクリート造,4,N,424号室,1DK,40,5,72000,3200,2か月,['近居割'],随時,https://www.ur-net.go.jp/chintai/kanto/tokyo/20_5640_room.html?JKSS=000040424,<li>JR横浜線「八王子みなみ野」駅 徒歩10分</li>
tokyo,hachioji,八王子みなみ野シティ ヴェルディールみなみ野西,75200,,,,,,,八王子市みなみ野1-11,4号棟,鉄筋コンクリート造,4,N,424号室,1DK,40,5,72000,3200,2か月,['近居割'],随時,https://www.ur-net.go.jp/chintai/kanto/tokyo/20_5640_room.html?JKSS=000040424,<li>JR横浜線「八王子みなみ野」駅 徒歩10分</li>
tokyo,hachioji,グリーンヒル寺田,78100,,,,京王高尾線「めじろ台」駅,7.0,13.0,八王子市寺田町432,99号棟,鉄筋コンクリート造、鉄骨鉄筋コンクリート造,2,N,205号室,3DK,68,8,73200,4900,2か月,"['近居割', '近居割WIDE']",随時,https://www.ur-net.go.jp/chintai/kanto/tokyo/20_3370_room.html?JKSS=000990205,<li>京王高尾線「めじろ台」駅バス6分 徒歩1～7分</li><li>JR中央線「西八王子」駅バス17分 徒歩1～7分</li><li>JR横浜線「八王子みなみ野」駅バス12分 徒歩1～7分</li>
tokyo,hachioji,グリーンヒル寺田,78100,,,,JR中央線「西八王子」駅,18.0,24.0,八王子市寺田町432,99号棟,鉄筋コンクリート造、鉄骨鉄筋コンクリート造,2,N,205号室,3DK,68,8,73200,4900,2か月,"['近居割', '近居割WIDE']",随時,https://www.ur-net.go.jp/chintai/kanto/tokyo/20_3370_room.html?JKSS=000990205,<li>京王高尾線「めじろ台」駅バス6分 徒歩1～7分</li><li>JR中央線「西八王子」駅バス17分 徒歩1～7分</li><li>JR横浜線「八王子みなみ野」駅バス12分 徒歩1～7分</li>
tokyo,hachioji,グリーンヒル寺田,78100,,,,JR横浜線「八王子みなみ野」駅,13.0,19.0,八王子市寺田町432,99号棟,鉄筋コンクリート造、鉄骨鉄筋コンクリート造,2,N,205号室,3DK,68,8,73200,4900,2か月,"['近居割', '近居割WIDE']",随時,https://www.ur-net.go.jp/chintai/kanto/tokyo/20_3370_room.html?JKSS=000990205,<li>京王高尾線「めじろ台」駅バス6分 徒歩1～7分</li><li>JR中央線「西八王子」駅バス17分 徒歩1～7分</li><li>JR横浜線「八王子みなみ野」駅バス12分 徒歩1～7分</li>
tokyo,hachioji,グリーンヒル寺田,78100,,,,,,,八王子市寺田町432,99号棟,鉄筋コンクリート造、鉄骨鉄筋コンクリート造,2,N,205号室,3DK,68,8,73200,4900,2か月,"['近居割', '近居割WIDE']",随時,https://www.ur-net.go.jp/chintai/kanto/tokyo/20_3370_room.html?JKSS=000990205,<li>京王高尾線「めじろ台」駅バス6分 徒歩1～7分</li><li>JR中央線「西八王子」駅バス17分 徒歩1～7分</li><li>JR横浜線「八王子みなみ野」駅バス12分 徒歩1～7分</li>
tokyo,hachioji,八王子パークヒル 宇津木台,82200,JR八高線「小宮」駅,11.0,16.0,,,,八王子市久保山町2ほか,1号棟,鉄筋コンクリート造,5,N,506号室,3LDK,65,5,78500,3700,2か月,['近居割'],随時,https://www.ur-net.go.jp/chintai/kanto/tokyo/20_4080_room.html?JKSS=002010506,<li>JR八高線「小宮」駅 徒歩11～16分</li><li>JR中央線「日野」駅バス13分 徒歩3～5分</li><li>JR中央線「八王子」・京王線「京王八王子」駅バス22～24分 徒歩3～5分</li>
tokyo,hachioji,八王子パークヒル 宇津木台,82200,,,,JR中央線「日野」駅,16.0,18.0,八王子市久保山町2ほか,1号棟,鉄筋コンクリート造,5,N,506号室,3LDK,65,5,78500,3700,2か月,['近居割'],随時,https://www.ur-net.go.jp/chintai/kanto/tokyo/20_4080_room.html?JKSS=002010506,<li>JR八高線「小宮」駅 徒歩11～16分</li><li>JR中央線「日野」駅バス13分 徒歩3～5分</li><li>JR中央線「八王子」・京王線「京王八王子」駅バス22～24分 徒歩3～5分</li>
tokyo,hachioji,八王子パークヒル 宇津木台,82200,,,,JR中央線「八王子」・京王線「京王八王子」駅,25.0,29.0,八王子市久保山町2ほか,1号棟,鉄筋コンクリート造,5,N,506号室,3LDK,65,5,78500,3700,2か月,['近居割'],随時,https://www.ur-net.go.jp/chintai/kanto/tokyo/20_4080_room.html?JKSS=002010506,<li>JR八高線「小宮」駅 徒歩11～16分</li><li>JR中央線「日野」駅バス13分 徒歩3～5分</li><li>JR中央線「八王子」・京王線「京王八王子」駅バス22～24分 徒歩3～5分</li>
tokyo,hachioji,八王子パークヒル 宇津木台,82200,,,,,,,八王子市久保山町2ほか,1号棟,鉄筋コンクリート造,5,N,506号室,3LDK,65,5,78500,3700,2か月,['近居割'],随時,https://www.ur-net.go.jp/chintai/kanto/tokyo/20_4080_room.html?JKSS=002010506,<li>JR八高線「小宮」駅 徒歩11～16分</li><li>JR中央線「日野」駅バス13分 徒歩3～5分</li><li>JR中央線「八王子」・京王線「京王八王子」駅バス22～24分 徒歩3～5分</li>
tokyo,hachioji,八王子パークヒル 宇津木台,93300,JR八高線「小宮」駅,11.0,16.0,,,,八王子市久保山町2ほか,3号棟,鉄筋コンクリート造,5,N,506号室,3LDK,75,5,89600,3700,2か月,['近居割'],随時,https://www.ur-net.go.jp/chintai/kanto/tokyo/20_4080_room.html?JKSS=002030506,<li>JR八高線「小宮」駅 徒歩11～16分</li><li>JR中央線「日野」駅バス13分 徒歩3～5分</li><li>JR中央線「八王子」・京王線「京王八王子」駅バス22～24分 徒歩3～5分</li>
tokyo,hachioji,八王子パークヒル 宇津木台,93300,,,,JR中央線「日野」駅,16.0,18.0,八王子市久保山町2ほか,3号棟,鉄筋コンクリート造,5,N,506号室,3LDK,75,5,89600,3700,2か月,['近居割'],随時,https://www.ur-net.go.jp/chintai/kanto/tokyo/20_4080_room.html?JKSS=002030506,<li>JR八高線「小宮」駅 徒歩11～16分</li><li>JR中央線「日野」駅バス13分 徒歩3～5分</li><li>JR中央線「八王子」・京王線「京王八王子」駅バス22～24分 徒歩3～5分</li>
tokyo,hachioji,八王子パークヒル 宇津木台,93300,,,,JR中央線「八王子」・京王線「京王八王子」駅,25.0,29.0,八王子市久保山町2ほか,3号棟,鉄筋コンクリート造,5,N,506号室,3LDK,75,5,89600,3700,2か月,['近居割'],随時,https://www.ur-net.go.jp/chintai/kanto/tokyo/20_4080_room.html?JKSS=002030506,<li>JR八高線「小宮」駅 徒歩11～16分</li><li>JR中央線「日野」駅バス13分 徒歩3～5分</li><li>JR中央線「八王子」・京王線「京王八王子」駅バス22～24分 徒歩3～5分</li>
tokyo,hachioji,八王子パークヒル 宇津木台,93300,,,,,,,八王子市久保山町2ほか,3号棟,鉄筋コンクリート造,5,N,506号室,3LDK,75,5,89600,3700,2か月,['近居割'],随時,https://www.ur-net.go.jp/chintai/kanto/tokyo/20_4080_room.html?JKSS=002030506,<li>JR八高線「小宮」駅 徒歩11～16分</li><li>JR中央線「日野」駅バス13分 徒歩3～5分</li><li>JR中央線「八王子」・京王線「京王八王子」駅バス22～24分 徒歩3～5分</li>
tokyo,hachioji,八王子パークヒル 宇津木台,97300,JR八高線「小宮」駅,11.0,16.0,,,,八王子市久保山町2ほか,154号棟,鉄筋コンクリート造,5,N,507号室,2LDK,68,7,93100,4200,2か月,['近居割'],随時,https://www.ur-net.go.jp/chintai/kanto/tokyo/20_4080_room.html?JKSS=191540507,<li>JR八高線「小宮」駅 徒歩11～16分</li><li>JR中央線「日野」駅バス13分 徒歩3～5分</li><li>JR中央線「八王子」・京王線「京王八王子」駅バス22～24分 徒歩3～5分</li>
tokyo,hachioji,八王子パークヒル 宇津木台,97300,,,,JR中央線「日野」駅,16.0,18.0,八王子市久保山町2ほか,154号棟,鉄筋コンクリート造,5,N,507号室,2LDK,68,7,93100,4200,2か月,['近居割'],随時,https://www.ur-net.go.jp/chintai/kanto/tokyo/20_4080_room.html?JKSS=191540507,<li>JR八高線「小宮」駅 徒歩11～16分</li><li>JR中央線「日野」駅バス13分 徒歩3～5分</li><li>JR中央線「八王子」・京王線「京王八王子」駅バス22～24分 徒歩3～5分</li>
tokyo,hachioji,八王子パークヒル 宇津木台,97300,,,,JR中央線「八王子」・京王線「京王八王子」駅,25.0,29.0,八王子市久保山町2ほか,154号棟,鉄筋コンクリート造,5,N,507号室,2LDK,68,7,93100,4200,2か月,['近居割'],随時,https://www.ur-net.go.jp/chintai/kanto/tokyo/20_4080_room.html?JKSS=191540507,<li>JR八高線「小宮」駅 徒歩11～16分</li><li>JR中央線「日野」駅バス13分 徒歩3～5分</li><li>JR中央線「八王子」・京王線「京王八王子」駅バス22～24分 徒歩3～5分</li>
tokyo,hachioji,八王子パークヒル 宇津木台,97300,,,,,,,八王子市久保山町2ほか,154号棟,鉄筋コンクリート造,5,N,507号室,2LDK,68,7,93100,4200,2か月,['近居割'],随時,https://www.ur-net.go.jp/chintai/kanto/tokyo/20_4080_room.html?JKSS=191540507,<li>JR八高線「小宮」駅 徒歩11～16分</li><li>JR中央線「日野」駅バス13分 徒歩3～5分</li><li>JR中央線「八王子」・京王線「京王八王子」駅バス22～24分 徒歩3～5分</li>
tokyo,hachioji,八王子パークヒル 宇津木台,108700,JR八高線「小宮」駅,11.0,16.0,,,,八王子市久保山町2ほか,,鉄筋コンクリート造,3,N,304号室,3LDK,77,9,104500,4200,2か月,['近居割'],随時,https://www.ur-net.go.jp/chintai/kanto/tokyo/20_4080_room.html?JKSS=109010304,<li>JR八高線「小宮」駅 徒歩11～16分</li><li>JR中央線「日野」駅バス13分 徒歩3～5分</li><li>JR中央線「八王子」・京王線「京王八王子」駅バス22～24分 徒歩3～5分</li>
tokyo,hachioji,八王子パークヒル 宇津木台,108700,,,,JR中央線「日野」駅,16.0,18.0,八王子市久保山町2ほか,,鉄筋コンクリート造,3,N,304号室,3LDK,77,9,104500,4200,2か月,['近居割'],随時,https://www.ur-net.go.jp/chintai/kanto/tokyo/20_4080_room.html?JKSS=109010304,<li>JR八高線「小宮」駅 徒歩11～16分</li><li>JR中央線「日野」駅バス13分 徒歩3～5分</li><li>JR中央線「八王子」・京王線「京王八王子」駅バス22～24分 徒歩3～5分</li>
tokyo,hachioji,八王子パークヒル 宇津木台,108700,,,,JR中央線「八王子」・京王線「京王八王子」駅,25.0,29.0,八王子市久保山町2ほか,,鉄筋コンクリート造,3,N,304号室,3LDK,77,9,104500,4200,2か月,['近居割'],随時,https://www.ur-net.go.jp/chintai/kanto/tokyo/20_4080_room.html?JKSS=109010304,<li>JR八高線「小宮」駅 徒歩11～16分</li><li>JR中央線「日野」駅バス13分 徒歩3～5分</li><li>JR中央線「八王子」・京王線「京王八王子」駅バス22～24分 徒歩3～5分</li>
tokyo,hachioji,八王子パークヒル 宇津木台,108700,,,,,,,八王子市久保山町2ほか,,鉄筋コンクリート造,3,N,304号室,3LDK,77,9,104500,4200,2か月,['近居割'],随時,https://www.ur-net.go.jp/chintai/kanto/tokyo/20_4080_room.html?JKSS=109010304,<li>JR八高線「小宮」駅 徒歩11～16分</li><li>JR中央線「日野」駅バス13分 徒歩3～5分</li><li>JR中央線「八王子」・京王線「京王八王子」駅バス22～24分 徒歩3～5分</li>
tokyo,chofu,神代,99900,京王線「つつじケ丘」駅,7.0,19.0,,,,調布市西つつじヶ丘4-23、狛江市西野川1-25,48号棟,鉄筋コンクリート造,3,N,306号室,3DK,50,5,96100,3800,2か月,['URライト（4年定借）'],随時,https://www.ur-net.go.jp/chintai/kanto/tokyo/20_1320_room.html?JKSS=000048306,<li>京王線「つつじケ丘」駅 徒歩7～19分</li><li>小田急小田原線「成城学園前」駅バス11～15分 徒歩1～5分</li><li>小田急小田原線「狛江」駅バス7～9分 徒歩1～5分</li>
tokyo,chofu,神代,99900,,,,小田急小田原線「成城学園前」駅,12.0,20.0,調布市西つつじヶ丘4-23、狛江市西野川1-25,48号棟,鉄筋コンクリート造,3,N,306号室,3DK,50,5,96100,3800,2か月,['URライト（4年定借）'],随時,https://www.ur-net.go.jp/chintai/kanto/tokyo/20_1320_room.html?JKSS=000048306,<li>京王線「つつじケ丘」駅 徒歩7～19分</li><li>小田急小田原線「成城学園前」駅バス11～15分 徒歩1～5分</li><li>小田急小田原線「狛江」駅バス7～9分 徒歩1～5分</li>
tokyo,chofu,神代,99900,,,,小田急小田原線「狛江」駅,8.0,14.0,調布市西つつじヶ丘4-23、狛江市西野川1-25,48号棟,鉄筋コンクリート造,3,N,306号室,3DK,50,5,96100,3800,2か月,['URライト（4年定借）'],随時,https://www.ur-net.go.jp/chintai/kanto/tokyo/20_1320_room.html?JKSS=000048306,<li>京王線「つつじケ丘」駅 徒歩7～19分</li><li>小田急小田原線「成城学園前」駅バス11～15分 徒歩1～5分</li><li>小田急小田原線「狛江」駅バス7～9分 徒歩1～5分</li>
tokyo,chofu,神代,99900,,,,,,,調布市西つつじヶ丘4-23、狛江市西野川1-25,48号棟,鉄筋コンクリート造,3,N,306号室,3DK,50,5,96100,3800,2か月,['URライト（4年定借）'],随時,https://www.ur-net.go.jp/chintai/kanto/tokyo/20_1320_room.html?JKSS=000048306,<li>京王線「つつじケ丘」駅 徒歩7～19分</li><li>小田急小田原線「成城学園前」駅バス11～15分 徒歩1～5分</li><li>小田急小田原線「狛江」駅バス7～9分 徒歩1～5分</li>
tokyo,chofu,神代,101200,京王線「つつじケ丘」駅,7.0,19.0,,,,調布市西つつじヶ丘4-23、狛江市西野川1-25,51号棟,鉄筋コンクリート造,2,N,202号室,3DK,50,5,97400,3800,2か月,['URライト（4年定借）'],随時,https://www.ur-net.go.jp/chintai/kanto/tokyo/20_1320_room.html?JKSS=000051202,<li>京王線「つつじケ丘」駅 徒歩7～19分</li><li>小田急小田原線「成城学園前」駅バス11～15分 徒歩1～5分</li><li>小田急小田原線「狛江」駅バス7～9分 徒歩1～5分</li>
tokyo,chofu,神代,101200,,,,小田急小田原線「成城学園前」駅,12.0,20.0,調布市西つつじヶ丘4-23、狛江市西野川1-25,51号棟,鉄筋コンクリート造,2,N,202号室,3DK,50,5,97400,3800,2か月,['URライト（4年定借）'],随時,https://www.ur-net.go.jp/chintai/kanto/tokyo/20_1320_room.html?JKSS=000051202,<li>京王線「つつじケ丘」駅 徒歩7～19分</li><li>小田急小田原線「成城学園前」駅バス11～15分 徒歩1～5分</li><li>小田急小田原線「狛江」駅バス7～9分 徒歩1～5分</li>
tokyo,chofu,神代,101200,,,,小田急小田原線「狛江」駅,8.0,14.0,調布市西つつじヶ丘4-23、狛江市西野川1-25,51号棟,鉄筋コンクリート造,2,N,202号室,3DK,50,5,97400,3800,2か月,['URライト（4年定借）'],随時,https://www.ur-net.go.jp/chintai/kanto/tokyo/20_1320_room.html?JKSS=000051202,<li>京王線「つつじケ丘」駅 徒歩7～19分</li><li>小田急小田原線「成城学園前」駅バス11～15分 徒歩1～5分</li><li>小田急小田原線「狛江」駅バス7～9分 徒歩1～5分</li>
tokyo,chofu,神代,101200,,,,,,,調布市西つつじヶ丘4-23、狛江市西野川1-25,51号棟,鉄筋コンクリート造,2,N,202号室,3DK,50,5,97400,3800,2か月,['URライト（4年定借）'],随時,https://www.ur-net.go.jp/chintai/kanto/tokyo/20_1320_room.html?JKSS=000051202,<li>京王線「つつじケ丘」駅 徒歩7～19分</li><li>小田急小田原線「成城学園前」駅バス11～15分 徒歩1～5分</li><li>小田急小田原線「狛江」駅バス7～9分 徒歩1～5分</li>
tokyo,chofu,神代,111300,京王線「つつじケ丘」駅,7.0,19.0,,,,調布市西つつじヶ丘4-23、狛江市西野川1-25,12号棟,鉄筋コンクリート造,1,N,110号室,2LDK,53,5,107500,3800,2か月,['URライト（4年定借）'],随時,https://www.ur-net.go.jp/chintai/kanto/tokyo/20_1320_room.html?JKSS=000012110,<li>京王線「つつじケ丘」駅 徒歩7～19分</li><li>小田急小田原線「成城学園前」駅バス11～15分 徒歩1～5分</li><li>小田急小田原線「狛江」駅バス7～9分 徒歩1～5分</li>
tokyo,chofu,神代,111300,,,,小田急小田原線「成城学園前」駅,12.0,20.0,調布市西つつじヶ丘4-23、狛江市西野川1-25,12号棟,鉄筋コンクリート造,1,N,110号室,2LDK,53,5,107500,3800,2か月,['URライト（4年定借）'],随時,https://www.ur-net.go.jp/chintai/kanto/tokyo/20_1320_room.html?JKSS=000012110,<li>京王線「つつじケ丘」駅 徒歩7～19分</li><li>小田急小田原線「成城学園前」駅バス11～15分 徒歩1～5分</li><li>小田急小田原線「狛江」駅バス7～9分 徒歩1～5分</li>
tokyo,chofu,神代,111300,,,,小田急小田原線「狛江」駅,8.0,14.0,調布市西つつじヶ丘4-23、狛江市西野川1-25,12号棟,鉄筋コンクリート造,1,N,110号室,2LDK,53,5,107500,3800,2か月,['URライト（4年定借）'],随時,https://www.ur-net.go.jp/chintai/kanto/tokyo/20_1320_room.html?JKSS=000012110,<li>京王線「つつじケ丘」駅 徒歩7～19分</li><li>小田急小田原線「成城学園前」駅バス11～15分 徒歩1～5分</li><li>小田急小田原線「狛江」駅バス7～9分 徒歩1～5分</li>
tokyo,chofu,神代,111300,,,,,,,調布市西つつじヶ丘4-23、狛江市西野川1-25,12号棟,鉄筋コンクリート造,1,N,110号室,2LDK,53,5,107500,3800,2か月,['URライト（4年定借）'],随時,https://www.ur-net.go.jp/chintai/kanto/tokyo/20_1320_room.html?JKSS=000012110,<li>京王線「つつじケ丘」駅 徒歩7～19分</li><li>小田急小田原線「成城学園前」駅バス11～15分 徒歩1～5分</li><li>小田急小田原線「狛江」駅バス7～9分 徒歩1～5分</li>
tokyo,chofu,神代,111300,京王線「つつじケ丘」駅,7.0,19.0,,,,調布市西つつじヶ丘4-23、狛江市西野川1-25,19号棟,鉄筋コンクリート造,1,N,103号室,2LDK,53,5,107500,3800,2か月,['URライト（4年定借）'],随時,https://www.ur-net.go.jp/chintai/kanto/tokyo/20_1320_room.html?JKSS=000019103,<li>京王線「つつじケ丘」駅 徒歩7～19分</li><li>小田急小田原線「成城学園前」駅バス11～15分 徒歩1～5分</li><li>小田急小田原線「狛江」駅バス7～9分 徒歩1～5分</li>
tokyo,chofu,神代,111300,,,,小田急小田原線「成城学園前」駅,12.0,20.0,調布市西つつじヶ丘4-23、狛江市西野川1-25,19号棟,鉄筋コンクリート造,1,N,103号室,2LDK,53,5,107500,3800,2か月,['URライト（4年定借）'],随時,https://www.ur-net.go.jp/chintai/kanto/tokyo/20_1320_room.html?JKSS=000019103,<li>京王線「つつじケ丘」駅 徒歩7～19分</li><li>小田急小田原線「成城学園前」駅バス11～15分 徒歩1～5分</li><li>小田急小田原線「狛江」駅バス7～9分 徒歩1～5分</li>
tokyo,chofu,神代,111300,,,,小田急小田原線「狛江」駅,8.0,14.0,調布市西つつじヶ丘4-23、狛江市西野川1-25,19号棟,鉄筋コンクリート造,1,N,103号室,2LDK,53,5,107500,3800,2か月,['URライト（4年定借）'],随時,https://www.ur-net.go.jp/chintai/kanto/tokyo/20_1320_room.html?JKSS=000019103,<li>京王線「つつじケ丘」駅 徒歩7～19分</li><li>小田急小田原線「成城学園前」駅バス11～15分 徒歩1～5分</li><li>小田急小田原線「狛江」駅バス7～9分 徒歩1～5分</li>
tokyo,chofu,神代,111300,,,,,,,調布市西つつじヶ丘4-23、狛江市西野川1-25,19号棟,鉄筋コンクリート造,1,N,103号室,2LDK,53,5,107500,3800,2か月,['URライト（4年定借）'],随時,https://www.ur-net.go.jp/chintai/kanto/tokyo/20_1320_room.html?JKSS=000019103,<li>京王線「つつじケ丘」駅 徒歩7～19分</li><li>小田急小田原線「成城学園前」駅バス11～15分 徒歩1～5分</li><li>小田急小田原線「狛江」駅バス7～9分 徒歩1～5分</li>
tokyo,chofu,神代,114200,京王線「つつじケ丘」駅,7.0,19.0,,,,調布市西つつじヶ丘4-23、狛江市西野川1-25,18号棟,鉄筋コンクリート造,2,N,201号室,2LDK,55,5,110400,3800,2か月,['URライト（4年定借）'],随時,https://www.ur-net.go.jp/chintai/kanto/tokyo/20_1320_room.html?JKSS=000018201,<li>京王線「つつじケ丘」駅 徒歩7～19分</li><li>小田急小田原線「成城学園前」駅バス11～15分 徒歩1～5分</li><li>小田急小田原線「狛江」駅バス7～9分 徒歩1～5分</li>
tokyo,chofu,神代,114200,,,,小田急小田原線「成城学園前」駅,12.0,20.0,調布市西つつじヶ丘4-23、狛江市西野川1-25,18号棟,鉄筋コンクリート造,2,N,201号室,2LDK,55,5,110400,3800,2か月,['URライト（4年定借）'],随時,https://www.ur-net.go.jp/chintai/kanto/tokyo/20_1320_room.html?JKSS=000018201,<li>京王線「つつじケ丘」駅 徒歩7～19分</li><li>小田急小田原線「成城学園前」駅バス11～15分 徒歩1～5分</li><li>小田急小田原線「狛江」駅バス7～9分 徒歩1～5分</li>
tokyo,chofu,神代,114200,,,,小田急小田原線「狛江」駅,8.0,14.0,調布市西つつじヶ丘4-23、狛江市西野川1-25,18号棟,鉄筋コンクリート造,2,N,201号室,2LDK,55,5,110400,3800,2か月,['URライト（4年定借）'],随時,https://www.ur-net.go.jp/chintai/kanto/tokyo/20_1320_room.html?JKSS=000018201,<li>京王線「つつじケ丘」駅 徒歩7～19分</li><li>小田急小田原線「成城学園前」駅バス11～15分 徒歩1～5分</li><li>小田急小田原線「狛江」駅バス7～9分 徒歩1～5分</li>
tokyo,chofu,神代,114200,,,,,,,調布市西つつじヶ丘4-23、狛江市西野川1-25,18号棟,鉄筋コンクリート造,2,N,201号室,2LDK,55,5,110400,3800,2か月,['URライト（4年定借）'],随時,https://www.ur-net.go.jp/chintai/kanto/tokyo/20_1320_room.html?JKSS=000018201,<li>京王線「つつじケ丘」駅 徒歩7～19分</li><li>小田急小田原線「成城学園前」駅バス11～15分 徒歩1～5分</li><li>小田急小田原線「狛江」駅バス7～9分 徒歩1～5分</li>
tokyo,chofu,神代（59号棟）,168000,京王線「つつじヶ丘」駅,15.0,15.0,,,,調布市西つつじヶ丘4-23,59号棟,鉄筋コンクリート造,6,N,601号室,2LDK,69,8,161700,6300,2か月,[],随時,https://www.ur-net.go.jp/chintai/kanto/tokyo/20_4170_room.html?JKSS=000059601,<li>京王線「つつじヶ丘」駅 徒歩15分</li><li>小田急小田原線「成城学園前」駅バス14分「神代団地中央」徒歩10分</li>
tokyo,chofu,神代（59号棟）,168000,,,,小田急小田原線「成城学園前」駅,24.0,24.0,調布市西つつじヶ丘4-23,59号棟,鉄筋コンクリート造,6,N,601号室,2LDK,69,8,161700,6300,2か月,[],随時,https://www.ur-net.go.jp/chintai/kanto/tokyo/20_4170_room.html?JKSS=000059601,<li>京王線「つつじヶ丘」駅 徒歩15分</li><li>小田急小田原線「成城学園前」駅バス14分「神代団地中央」徒歩10分</li>
tokyo,chofu,神代（59号棟）,168000,,,,,,,調布市西つつじヶ丘4-23,59号棟,鉄筋コンクリート造,6,N,601号室,2LDK,69,8,161700,6300,2か月,[],随時,https://www.ur-net.go.jp/chintai/kanto/tokyo/20_4170_room.html?JKSS=000059601,<li>京王線「つつじヶ丘」駅 徒歩15分</li><li>小田急小田原線「成城学園前」駅バス14分「神代団地中央」徒歩10分</li>
tokyo,kumegawa,富士見台,91200,西武多摩湖線「八坂」駅,13.0,16.0,,,,東村山市富士見町1-2-54ほか,6号棟,鉄筋コンクリート造,4,N,403号室,3LDK,68,5,89400,1800,2か月,['近居割'],随時,https://www.ur-net.go.jp/chintai/kanto/tokyo/20_3850_room.html?JKSS=000060403,<li>西武多摩湖線「八坂」駅 徒歩13～16分</li><li>西武拝島線「小川」駅 徒歩15～19分</li><li>西武新宿線「久米川」駅バス5分 徒歩1～3分</li>
tokyo,kumegawa,富士見台,91200,西武拝島線「小川」駅,15.0,19.0,,,,東村山市富士見町1-2-54ほか,6号棟,鉄筋コンクリート造,4,N,403号室,3LDK,68,5,89400,1800,2か月,['近居割'],随時,https://www.ur-net.go.jp/chintai/kanto/tokyo/20_3850_room.html?JKSS=000060403,<li>西武多摩湖線「八坂」駅 徒歩13～16分</li><li>西武拝島線「小川」駅 徒歩15～19分</li><li>西武新宿線「久米川」駅バス5分 徒歩1～3分</li>
tokyo,kumegawa,富士見台,91200,,,,西武新宿線「久米川」駅,6.0,8.0,東村山市富士見町1-2-54ほか,6号棟,鉄筋コンクリート造,4,N,403号室,3LDK,68,5,89400,1800,2か月,['近居割'],随時,https://www.ur-net.go.jp/chintai/kanto/tokyo/20_3850_room.html?JKSS=000060403,<li>西武多摩湖線「八坂」駅 徒歩13～16分</li><li>西武拝島線「小川」駅 徒歩15～19分</li><li>西武新宿線「久米川」駅バス5分 徒歩1～3分</li>
tokyo,kumegawa,富士見台,91200,,,,,,,東村山市富士見町1-2-54ほか,6号棟,鉄筋コンクリート造,4,N,403号室,3LDK,68,5,89400,1800,2か月,['近居割'],随時,https://www.ur-net.go.jp/chintai/kanto/tokyo/20_3850_room.html?JKSS=000060403,<li>西武多摩湖線「八坂」駅 徒歩13～16分</li><li>西武拝島線「小川」駅 徒歩15～19分</li><li>西武新宿線「久米川」駅バス5分 徒歩1～3分</li>
tokyo,kumegawa,富士見台,117300,西武多摩湖線「八坂」駅,13.0,16.0,,,,東村山市富士見町1-2-54ほか,3号棟,鉄筋コンクリート造,5,N,503号室,3LDK,94,5,115500,1800,2か月,['近居割'],随時,https://www.ur-net.go.jp/chintai/kanto/tokyo/20_3850_room.html?JKSS=000030503,<li>西武多摩湖線「八坂」駅 徒歩13～16分</li><li>西武拝島線「小川」駅 徒歩15～19分</li><li>西武新宿線「久米川」駅バス5分 徒歩1～3分</li>
tokyo,kumegawa,富士見台,117300,西武拝島線「小川」駅,15.0,19.0,,,,東村山市富士見町1-2-54ほか,3号棟,鉄筋コンクリート造,5,N,503号室,3LDK,94,5,115500,1800,2か月,['近居割'],随時,https://www.ur-net.go.jp/chintai/kanto/tokyo/20_3850_room.html?JKSS=000030503,<li>西武多摩湖線「八坂」駅 徒歩13～16分</li><li>西武拝島線「小川」駅 徒歩15～19分</li><li>西武新宿線「久米川」駅バス5分 徒歩1～3分</li>
tokyo,kumegawa,富士見台,117300,,,,西武新宿線「久米川」駅,6.0,8.0,東村山市富士見町1-2-54ほか,3号棟,鉄筋コンクリート造,5,N,503号室,3LDK,94,5,115500,1800,2か月,['近居割'],随時,https://www.ur-net.go.jp/chintai/kanto/tokyo/20_3850_room.html?JKSS=000030503,<li>西武多摩湖線「八坂」駅 徒歩13～16分</li><li>西武拝島線「小川」駅 徒歩15～19分</li><li>西武新宿線「久米川」駅バス5分 徒歩1～3分</li>
tokyo,kumegawa,富士見台,117300,,,,,,,東村山市富士見町1-2-54ほか,3号棟,鉄筋コンクリート造,5,N,503号室,3LDK,94,5,115500,1800,2か月,['近居割'],随時,https://www.ur-net.go.jp/chintai/kanto/tokyo/20_3850_room.html?JKSS=000030503,<li>西武多摩湖線「八坂」駅 徒歩13～16分</li><li>西武拝島線「小川」駅 徒歩15～19分</li><li>西武新宿線「久米川」駅バス5分 徒歩1～3分</li>
tokyo,kumegawa,グリーンタウン美住一番街,119050,西武新宿線「久米川」駅,12.0,16.0,,,,東村山市美住町1-4-1,9号棟,鉄筋コンクリート造,9,N,906号室,2LDK,62,9,114800,4250,2か月,"['近居割', '近居割WIDE']",随時,https://www.ur-net.go.jp/chintai/kanto/tokyo/20_5050_room.html?JKSS=000090906,<li>西武新宿線「久米川」駅 徒歩12～16分</li><li>西武多摩湖線「八坂」駅 徒歩9～14分</li><li>西武新宿線「東村山」駅 徒歩19～25分</li>
tokyo,kumegawa,グリーンタウン美住一番街,119050,西武多摩湖線「八坂」駅,9.0,14.0,,,,東村山市美住町1-4-1,9号棟,鉄筋コンクリート造,9,N,906号室,2LDK,62,9,114800,4250,2か月,"['近居割', '近居割WIDE']",随時,https://www.ur-net.go.jp/chintai/kanto/tokyo/20_5050_room.html?JKSS=000090906,<li>西武新宿線「久米川」駅 徒歩12～16分</li><li>西武多摩湖線「八坂」駅 徒歩9～14分</li><li>西武新宿線「東村山」駅 徒歩19～25分</li>
tokyo,kumegawa,グリーンタウン美住一番街,119050,西武新宿線「東村山」駅,19.0,25.0,,,,東村山市美住町1-4-1,9号棟,鉄筋コンクリート造,9,N,906号室,2LDK,62,9,114800,4250,2か月,"['近居割', '近居割WIDE']",随時,https://www.ur-net.go.jp/chintai/kanto/tokyo/20_5050_room.html?JKSS=000090906,<li>西武新宿線「久米川」駅 徒歩12～16分</li><li>西武多摩湖線「八坂」駅 徒歩9～14分</li><li>西武新宿線「東村山」駅 徒歩19～25分</li>
tokyo,kumegawa,グリーンタウン美住一番街,119050,,,,,,,東村山市美住町1-4-1,9号棟,鉄筋コンクリート造,9,N,906号室,2LDK,62,9,114800,4250,2か月,"['近居割', '近居割WIDE']",随時,https://www.ur-net.go.jp/chintai/kanto/tokyo/20_5050_room.html?JKSS=000090906,<li>西武新宿線「久米川」駅 徒歩12～16分</li><li>西武多摩湖線「八坂」駅 徒歩9～14分</li><li>西武新宿線「東村山」駅 徒歩19～25分</li>
tokyo,kumegawa,南台第二,136200,西武多摩湖線｢八坂｣駅,13.0,13.0,,,,東村山市富士見町1-14,10号棟,鉄筋コンクリート造,5,N,503号室,4LDK,88,5,131900,4300,2か月,['近居割'],随時,https://www.ur-net.go.jp/chintai/kanto/tokyo/20_4270_room.html?JKSS=000100503,<li>西武多摩湖線｢八坂｣駅 徒歩13分</li><li>西武拝島線ほか｢小川｣駅 徒歩17分</li><li>西武新宿線｢久米川｣駅バス7分 徒歩2分</li>
tokyo,kumegawa,南台第二,136200,西武拝島線ほか｢小川｣駅,17.0,17.0,,,,東村山市富士見町1-14,10号棟,鉄筋コンクリート造,5,N,503号室,4LDK,88,5,131900,4300,2か月,['近居割'],随時,https://www.ur-net.go.jp/chintai/kanto/tokyo/20_4270_room.html?JKSS=000100503,<li>西武多摩湖線｢八坂｣駅 徒歩13分</li><li>西武拝島線ほか｢小川｣駅 徒歩17分</li><li>西武新宿線｢久米川｣駅バス7分 徒歩2分</li>
tokyo,kumegawa,南台第二,136200,,,,西武新宿線｢久米川｣駅,9.0,9.0,東村山市富士見町1-14,10号棟,鉄筋コンクリート造,5,N,503号室,4LDK,88,5,131900,4300,2か月,['近居割'],随時,https://www.ur-net.go.jp/chintai/kanto/tokyo/20_4270_room.html?JKSS=000100503,<li>西武多摩湖線｢八坂｣駅 徒歩13分</li><li>西武拝島線ほか｢小川｣駅 徒歩17分</li><li>西武新宿線｢久米川｣駅バス7分 徒歩2分</li>
tokyo,kumegawa,南台第二,136200,,,,,,,東村山市富士見町1-14,10号棟,鉄筋コンクリート造,5,N,503号室,4LDK,88,5,131900,4300,2か月,['近居割'],随時,https://www.ur-net.go.jp/chintai/kanto/tokyo/20_4270_room.html?JKSS=000100503,<li>西武多摩湖線｢八坂｣駅 徒歩13分</li><li>西武拝島線ほか｢小川｣駅 徒歩17分</li><li>西武新宿線｢久米川｣駅バス7分 徒歩2分</li>
tokyo,tachikawa,国立富士見台,78000,JR南武線「谷保」駅,5.0,15.0,,,,国立市富士見台1-7ほか,2-4号棟,鉄筋コンクリート造,4,N,401号室,3K,45,5,75200,2800,2か月,['URライト（4年定借）'],随時,https://www.ur-net.go.jp/chintai/kanto/tokyo/20_1350_room.html?JKSS=000204401,<li>JR南武線「谷保」駅（第1団地）徒歩5～10分、（第2、3団地）徒歩10～15分</li><li>JR中央線「国立」駅（第1団地）徒歩21～26分 またはバス5分 徒歩1～9分、（第2、3団地）徒歩23～28分 またはバス8分 徒歩2～5分</li><li>JR南武線「矢川」駅（第1団地）バス5分 徒歩1～7分、（第2、3団地）徒歩8～16分</li>
tokyo,tachikawa,国立富士見台,78000,JR中央線「国立」駅,21.0,28.0,JR中央線「国立」駅,6.0,14.0,国立市富士見台1-7ほか,2-4号棟,鉄筋コンクリート造,4,N,401号室,3K,45,5,75200,2800,2か月,['URライト（4年定借）'],随時,https://www.ur-net.go.jp/chintai/kanto/tokyo/20_1350_room.html?JKSS=000204401,<li>JR南武線「谷保」駅（第1団地）徒歩5～10分、（第2、3団地）徒歩10～15分</li><li>JR中央線「国立」駅（第1団地）徒歩21～26分 またはバス5分 徒歩1～9分、（第2、3団地）徒歩23～28分 またはバス8分 徒歩2～5分</li><li>JR南武線「矢川」駅（第1団地）バス5分 徒歩1～7分、（第2、3団地）徒歩8～16分</li>
tokyo,tachikawa,国立富士見台,78000,JR南武線「矢川」駅,8.0,16.0,JR南武線「矢川」駅,6.0,12.0,国立市富士見台1-7ほか,2-4号棟,鉄筋コンクリート造,4,N,401号室,3K,45,5,75200,2800,2か月,['URライト（4年定借）'],随時,https://www.ur-net.go.jp/chintai/kanto/tokyo/20_1350_room.html?JKSS=000204401,<li>JR南武線「谷保」駅（第1団地）徒歩5～10分、（第2、3団地）徒歩10～15分</li><li>JR中央線「国立」駅（第1団地）徒歩21～26分 またはバス5分 徒歩1～9分、（第2、3団地）徒歩23～28分 またはバス8分 徒歩2～5分</li><li>JR南武線「矢川」駅（第1団地）バス5分 徒歩1～7分、（第2、3団地）徒歩8～16分</li>
tokyo,tachikawa,国立富士見台,78000,,,,,,,国立市富士見台1-7ほか,2-4号棟,鉄筋コンクリート造,4,N,401号室,3K,45,5,75200,2800,2か月,['URライト（4年定借）'],随時,https://www.ur-net.go.jp/chintai/kanto/tokyo/20_1350_room.html?JKSS=000204401,<li>JR南武線「谷保」駅（第1団地）徒歩5～10分、（第2、3団地）徒歩10～15分</li><li>JR中央線「国立」駅（第1団地）徒歩21～26分 またはバス5分 徒歩1～9分、（第2、3団地）徒歩23～28分 またはバス8分 徒歩2～5分</li><li>JR南武線「矢川」駅（第1団地）バス5分 徒歩1～7分、（第2、3団地）徒歩8～16分</li>
tokyo,tachikawa,国立富士見台,82100,JR南武線「谷保」駅,5.0,15.0,,,,国立市富士見台1-7ほか,2-7号棟,鉄筋コンクリート造,5,N,506号室,3DK,50,5,79300,2800,2か月,['URライト（4年定借）'],2026年8月6日以降,https://www.ur-net.go.jp/chintai/kanto/tokyo/20_1350_room.html?JKSS=000207506,<li>JR南武線「谷保」駅（第1団地）徒歩5～10分、（第2、3団地）徒歩10～15分</li><li>JR中央線「国立」駅（第1団地）徒歩21～26分 またはバス5分 徒歩1～9分、（第2、3団地）徒歩23～28分 またはバス8分 徒歩2～5分</li><li>JR南武線「矢川」駅（第1団地）バス5分 徒歩1～7分、（第2、3団地）徒歩8～16分</li>
tokyo,tachikawa,国立富士見台,82100,JR中央線「国立」駅,21.0,28.0,JR中央線「国立」駅,6.0,14.0,国立市富士見台1-7ほか,2-7号棟,鉄筋コンクリート造,5,N,506号室,3DK,50,5,79300,2800,2か月,['URライト（4年定借）'],2026年8月6日以降,https://www.ur-net.go.jp/chintai/kanto/tokyo/20_1350_room.html?JKSS=000207506,<li>JR南武線「谷保」駅（第1団地）徒歩5～10分、（第2、3団地）徒歩10～15分</li><li>JR中央線「国立」駅（第1団地）徒歩21～26分 またはバス5分 徒歩1～9分、（第2、3団地）徒歩23～28分 またはバス8分 徒歩2～5分</li><li>JR南武線「矢川」駅（第1団地）バス5分 徒歩1～7分、（第2、3団地）徒歩8～16分</li>
tokyo,tachikawa,国立富士見台,82100,JR南武線「矢川」駅,8.0,16.0,JR南武線「矢川」駅,6.0,12.0,国立市富士見台1-7ほか,2-7号棟,鉄筋コンクリート造,5,N,506号室,3DK,50,5,79300,2800,2か月,['URライト（4年定借）'],2026年8月6日以降,https://www.ur-net.go.jp/chintai/kanto/tokyo/20_1350_room.html?JKSS=000207506,<li>JR南武線「谷保」駅（第1団地）徒歩5～10分、（第2、3団地）徒歩10～15分</li><li>JR中央線「国立」駅（第1団地）徒歩21～26分 またはバス5分 徒歩1～9分、（第2、3団地）徒歩23～28分 またはバス8分 徒歩2～5分</li><li>JR南武線「矢川」駅（第1団地）バス5分 徒歩1～7分、（第2、3団地）徒歩8～16分</li>
tokyo,tachikawa,国立富士見台,82100,,,,,,,国立市富士見台1-7ほか,2-7号棟,鉄筋コンクリート造,5,N,506号室,3DK,50,5,79300,2800,2か月,['URライト（4年定借）'],2026年8月6日以降,https://www.ur-net.go.jp/chintai/kanto/tokyo/20_1350_room.html?JKSS=000207506,<li>JR南武線「谷保」駅（第1団地）徒歩5～10分、（第2、3団地）徒歩10～15分</li><li>JR中央線「国立」駅（第1団地）徒歩21～26分 またはバス5分 徒歩1～9分、（第2、3団地）徒歩23～28分 またはバス8分 徒歩2～5分</li><li>JR南武線「矢川」駅（第1団地）バス5分 徒歩1～7分、（第2、3団地）徒歩8～16分</li>
tokyo,tachikawa,国立富士見台,93400,JR南武線「谷保」駅,5.0,15.0,,,,国立市富士見台1-7ほか,1-16号棟,鉄筋コンクリート造,4,N,402号室,3DK,50,5,90600,2800,2か月,['URライト（4年定借）'],随時,https://www.ur-net.go.jp/chintai/kanto/tokyo/20_1350_room.html?JKSS=000116402,<li>JR南武線「谷保」駅（第1団地）徒歩5～10分、（第2、3団地）徒歩10～15分</li><li>JR中央線「国立」駅（第1団地）徒歩21～26分 またはバス5分 徒歩1～9分、（第2、3団地）徒歩23～28分 またはバス8分 徒歩2～5分</li><li>JR南武線「矢川」駅（第1団地）バス5分 徒歩1～7分、（第2、3団地）徒歩8～16分</li>
tokyo,tachikawa,国立富士見台,93400,JR中央線「国立」駅,21.0,28.0,JR中央線「国立」駅,6.0,14.0,国立市富士見台1-7ほか,1-16号棟,鉄筋コンクリート造,4,N,402号室,3DK,50,5,90600,2800,2か月,['URライト（4年定借）'],随時,https://www.ur-net.go.jp/chintai/kanto/tokyo/20_1350_room.html?JKSS=000116402,<li>JR南武線「谷保」駅（第1団地）徒歩5～10分、（第2、3団地）徒歩10～15分</li><li>JR中央線「国立」駅（第1団地）徒歩21～26分 またはバス5分 徒歩1～9分、（第2、3団地）徒歩23～28分 またはバス8分 徒歩2～5分</li><li>JR南武線「矢川」駅（第1団地）バス5分 徒歩1～7分、（第2、3団地）徒歩8～16分</li>
tokyo,tachikawa,国立富士見台,93400,JR南武線「矢川」駅,8.0,16.0,JR南武線「矢川」駅,6.0,12.0,国立市富士見台1-7ほか,1-16号棟,鉄筋コンクリート造,4,N,402号室,3DK,50,5,90600,2800,2か月,['URライト（4年定借）'],随時,https://www.ur-net.go.jp/chintai/kanto/tokyo/20_1350_room.html?JKSS=000116402,<li>JR南武線「谷保」駅（第1団地）徒歩5～10分、（第2、3団地）徒歩10～15分</li><li>JR中央線「国立」駅（第1団地）徒歩21～26分 またはバス5分 徒歩1～9分、（第2、3団地）徒歩23～28分 またはバス8分 徒歩2～5分</li><li>JR南武線「矢川」駅（第1団地）バス5分 徒歩1～7分、（第2、3団地）徒歩8～16分</li>
tokyo,tachikawa,国立富士見台,93400,,,,,,,国立市富士見台1-7ほか,1-16号棟,鉄筋コンクリート造,4,N,402号室,3DK,50,5,90600,2800,2か月,['URライト（4年定借）'],随時,https://www.ur-net.go.jp/chintai/kanto/tokyo/20_1350_room.html?JKSS=000116402,<li>JR南武線「谷保」駅（第1団地）徒歩5～10分、（第2、3団地）徒歩10～15分</li><li>JR中央線「国立」駅（第1団地）徒歩21～26分 またはバス5分 徒歩1～9分、（第2、3団地）徒歩23～28分 またはバス8分 徒歩2～5分</li><li>JR南武線「矢川」駅（第1団地）バス5分 徒歩1～7分、（第2、3団地）徒歩8～16分</li>
tokyo,tachikawa,国立富士見台,105700,JR南武線「谷保」駅,5.0,15.0,,,,国立市富士見台1-7ほか,1-22号棟,鉄筋コンクリート造,3,N,304号室,4K,59,5,102900,2800,2か月,['URライト（4年定借）'],随時,https://www.ur-net.go.jp/chintai/kanto/tokyo/20_1350_room.html?JKSS=000122304,<li>JR南武線「谷保」駅（第1団地）徒歩5～10分、（第2、3団地）徒歩10～15分</li><li>JR中央線「国立」駅（第1団地）徒歩21～26分 またはバス5分 徒歩1～9分、（第2、3団地）徒歩23～28分 またはバス8分 徒歩2～5分</li><li>JR南武線「矢川」駅（第1団地）バス5分 徒歩1～7分、（第2、3団地）徒歩8～16分</li>
tokyo,tachikawa,国立富士見台,105700,JR中央線「国立」駅,21.0,28.0,JR中央線「国立」駅,6.0,14.0,国立市富士見台1-7ほか,1-22号棟,鉄筋コンクリート造,3,N,304号室,4K,59,5,102900,2800,2か月,['URライト（4年定借）'],随時,https://www.ur-net.go.jp/chintai/kanto/tokyo/20_1350_room.html?JKSS=000122304,<li>JR南武線「谷保」駅（第1団地）徒歩5～10分、（第2、3団地）徒歩10～15分</li><li>JR中央線「国立」駅（第1団地）徒歩21～26分 またはバス5分 徒歩1～9分、（第2、3団地）徒歩23～28分 またはバス8分 徒歩2～5分</li><li>JR南武線「矢川」駅（第1団地）バス5分 徒歩1～7分、（第2、3団地）徒歩8～16分</li>
tokyo,tachikawa,国立富士見台,105700,JR南武線「矢川」駅,8.0,16.0,JR南武線「矢川」駅,6.0,12.0,国立市富士見台1-7ほか,1-22号棟,鉄筋コンクリート造,3,N,304号室,4K,59,5,102900,2800,2か月,['URライト（4年定借）'],随時,https://www.ur-net.go.jp/chintai/kanto/tokyo/20_1350_room.html?JKSS=000122304,<li>JR南武線「谷保」駅（第1団地）徒歩5～10分、（第2、3団地）徒歩10～15分</li><li>JR中央線「国立」駅（第1団地）徒歩21～26分 またはバス5分 徒歩1～9分、（第2、3団地）徒歩23～28分 またはバス8分 徒歩2～5分</li><li>JR南武線「矢川」駅（第1団地）バス5分 徒歩1～7分、（第2、3団地）徒歩8～16分</li>
tokyo,tachikawa,国立富士見台,105700,,,,,,,国立市富士見台1-7ほか,1-22号棟,鉄筋コンクリート造,3,N,304号室,4K,59,5,102900,2800,2か月,['URライト（4年定借）'],随時,https://www.ur-net.go.jp/chintai/kanto/tokyo/20_1350_room.html?JKSS=000122304,<li>JR南武線「谷保」駅（第1団地）徒歩5～10分、（第2、3団地）徒歩10～15分</li><li>JR中央線「国立」駅（第1団地）徒歩21～26分 またはバス5分 徒歩1～9分、（第2、3団地）徒歩23～28分 またはバス8分 徒歩2～5分</li><li>JR南武線「矢川」駅（第1団地）バス5分 徒歩1～7分、（第2、3団地）徒歩8～16分</li>
tokyo,tachikawa,国立富士見台（36号棟）,137300,JR南武線「谷保」駅,12.0,12.0,,,,国立市富士見台1-28-19,1-36号棟,鉄筋コンクリート造,6,N,601号室,2LDK,54,7,132800,4500,2か月,['近居割'],随時,https://www.ur-net.go.jp/chintai/kanto/tokyo/20_1351_room.html?JKSS=001360601,<li>JR南武線「谷保」駅徒歩12分</li><li>JR中央線「国立」駅バス5分「富士見台第一団地」徒歩8分</li>
tokyo,tachikawa,国立富士見台（36号棟）,137300,,,,JR中央線「国立」駅,13.0,13.0,国立市富士見台1-28-19,1-36号棟,鉄筋コンクリート造,6,N,601号室,2LDK,54,7,132800,4500,2か月,['近居割'],随時,https://www.ur-net.go.jp/chintai/kanto/tokyo/20_1351_room.html?JKSS=001360601,<li>JR南武線「谷保」駅徒歩12分</li><li>JR中央線「国立」駅バス5分「富士見台第一団地」徒歩8分</li>
tokyo,tachikawa,国立富士見台（36号棟）,137300,,,,,,,国立市富士見台1-28-19,1-36号棟,鉄筋コンクリート造,6,N,601号室,2LDK,54,7,132800,4500,2か月,['近居割'],随時,https://www.ur-net.go.jp/chintai/kanto/tokyo/20_1351_room.html?JKSS=001360601,<li>JR南武線「谷保」駅徒歩12分</li><li>JR中央線「国立」駅バス5分「富士見台第一団地」徒歩8分</li>
tokyo,tachikawa,いちょう並木国立,141800,JR中央線「立川」駅,19.0,21.0,JR中央線「立川」駅,12.0,14.0,国立市北3-35-1ほか,3号棟,鉄筋コンクリート造,4,N,404号室,3DK,61,5,136200,5600,2か月,['近居割'],随時,https://www.ur-net.go.jp/chintai/kanto/tokyo/20_5770_room.html?JKSS=000030404,<li>JR中央線「立川」駅 徒歩19～21分 またはバス10分 徒歩2～4分</li><li>JR南武線「西国立」駅 徒歩12～16分</li><li>多摩都市モノレール「立川北」駅 徒歩21～22分</li>
tokyo,tachikawa,いちょう並木国立,141800,JR南武線「西国立」駅,12.0,16.0,,,,国立市北3-35-1ほか,3号棟,鉄筋コンクリート造,4,N,404号室,3DK,61,5,136200,5600,2か月,['近居割'],随時,https://www.ur-net.go.jp/chintai/kanto/tokyo/20_5770_room.html?JKSS=000030404,<li>JR中央線「立川」駅 徒歩19～21分 またはバス10分 徒歩2～4分</li><li>JR南武線「西国立」駅 徒歩12～16分</li><li>多摩都市モノレール「立川北」駅 徒歩21～22分</li>
tokyo,tachikawa,いちょう並木国立,141800,多摩都市モノレール「立川北」駅,21.0,22.0,,,,国立市北3-35-1ほか,3号棟,鉄筋コンクリート造,4,N,404号室,3DK,61,5,136200,5600,2か月,['近居割'],随時,https://www.ur-net.go.jp/chintai/kanto/tokyo/20_5770_room.html?JKSS=000030404,<li>JR中央線「立川」駅 徒歩19～21分 またはバス10分 徒歩2～4分</li><li>JR南武線「西国立」駅 徒歩12～16分</li><li>多摩都市モノレール「立川北」駅 徒歩21～22分</li>
tokyo,tachikawa,いちょう並木国立,141800,,,,,,,国立市北3-35-1ほか,3号棟,鉄筋コンクリート造,4,N,404号室,3DK,61,5,136200,5600,2か月,['近居割'],随時,https://www.ur-net.go.jp/chintai/kanto/tokyo/20_5770_room.html?JKSS=000030404,<li>JR中央線「立川」駅 徒歩19～21分 またはバス10分 徒歩2～4分</li><li>JR南武線「西国立」駅 徒歩12～16分</li><li>多摩都市モノレール「立川北」駅 徒歩21～22分</li>
tokyo,nagayama,百草,58750,京王線「高幡不動」駅,19.0,32.0,京王線「高幡不動」駅,8.0,16.0,多摩市和田1261、日野市百草999,18号棟,鉄筋コンクリート造,3,N,305号室,2DK,45,5,54000,4750,2か月,"['近居割', '近居割WIDE']",随時,https://www.ur-net.go.jp/chintai/kanto/tokyo/20_1870_room.html?JKSS=000180305,<li>京王線「高幡不動」駅 徒歩19～32分 またはバス7～8分 徒歩1～8分</li><li>京王線「聖蹟桜ヶ丘」駅バス14～15分 徒歩1～8分</li><li>京王相模原線「京王多摩センター」駅バス9分 徒歩2～13分</li>
tokyo,nagayama,百草,58750,,,,京王線「聖蹟桜ヶ丘」駅,15.0,23.0,多摩市和田1261、日野市百草999,18号棟,鉄筋コンクリート造,3,N,305号室,2DK,45,5,54000,4750,2か月,"['近居割', '近居割WIDE']",随時,https://www.ur-net.go.jp/chintai/kanto/tokyo/20_1870_room.html?JKSS=000180305,<li>京王線「高幡不動」駅 徒歩19～32分 またはバス7～8分 徒歩1～8分</li><li>京王線「聖蹟桜ヶ丘」駅バス14～15分 徒歩1～8分</li><li>京王相模原線「京王多摩センター」駅バス9分 徒歩2～13分</li>
tokyo,nagayama,百草,58750,,,,京王相模原線「京王多摩センター」駅,11.0,22.0,多摩市和田1261、日野市百草999,18号棟,鉄筋コンクリート造,3,N,305号室,2DK,45,5,54000,4750,2か月,"['近居割', '近居割WIDE']",随時,https://www.ur-net.go.jp/chintai/kanto/tokyo/20_1870_room.html?JKSS=000180305,<li>京王線「高幡不動」駅 徒歩19～32分 またはバス7～8分 徒歩1～8分</li><li>京王線「聖蹟桜ヶ丘」駅バス14～15分 徒歩1～8分</li><li>京王相模原線「京王多摩センター」駅バス9分 徒歩2～13分</li>
tokyo,nagayama,百草,58750,,,,,,,多摩市和田1261、日野市百草999,18号棟,鉄筋コンクリート造,3,N,305号室,2DK,45,5,54000,4750,2か月,"['近居割', '近居割WIDE']",随時,https://www.ur-net.go.jp/chintai/kanto/tokyo/20_1870_room.html?JKSS=000180305,<li>京王線「高幡不動」駅 徒歩19～32分 またはバス7～8分 徒歩1～8分</li><li>京王線「聖蹟桜ヶ丘」駅バス14～15分 徒歩1～8分</li><li>京王相模原線「京王多摩センター」駅バス9分 徒歩2～13分</li>
tokyo,nagayama,百草,67750,京王線「高幡不動」駅,19.0,32.0,京王線「高幡不動」駅,8.0,16.0,多摩市和田1261、日野市百草999,28号棟,鉄筋コンクリート造,2,N,202号室,3K,50,5,63000,4750,2か月,"['近居割', '近居割WIDE']",随時,https://www.ur-net.go.jp/chintai/kanto/tokyo/20_1870_room.html?JKSS=000280202,<li>京王線「高幡不動」駅 徒歩19～32分 またはバス7～8分 徒歩1～8分</li><li>京王線「聖蹟桜ヶ丘」駅バス14～15分 徒歩1～8分</li><li>京王相模原線「京王多摩センター」駅バス9分 徒歩2～13分</li>
tokyo,nagayama,百草,67750,,,,京王線「聖蹟桜ヶ丘」駅,15.0,23.0,多摩市和田1261、日野市百草999,28号棟,鉄筋コンクリート造,2,N,202号室,3K,50,5,63000,4750,2か月,"['近居割', '近居割WIDE']",随時,https://www.ur-net.go.jp/chintai/kanto/tokyo/20_1870_room.html?JKSS=000280202,<li>京王線「高幡不動」駅 徒歩19～32分 またはバス7～8分 徒歩1～8分</li><li>京王線「聖蹟桜ヶ丘」駅バス14～15分 徒歩1～8分</li><li>京王相模原線「京王多摩センター」駅バス9分 徒歩2～13分</li>
tokyo,nagayama,百草,67750,,,,京王相模原線「京王多摩センター」駅,11.0,22.0,多摩市和田1261、日野市百草999,28号棟,鉄筋コンクリート造,2,N,202号室,3K,50,5,63000,4750,2か月,"['近居割', '近居割WIDE']",随時,https://www.ur-net.go.jp/chintai/kanto/tokyo/20_1870_room.html?JKSS=000280202,<li>京王線「高幡不動」駅 徒歩19～32分 またはバス7～8分 徒歩1～8分</li><li>京王線「聖蹟桜ヶ丘」駅バス14～15分 徒歩1～8分</li><li>京王相模原線「京王多摩センター」駅バス9分 徒歩2～13分</li>
tokyo,nagayama,百草,67750,,,,,,,多摩市和田1261、日野市百草999,28号棟,鉄筋コンクリート造,2,N,202号室,3K,50,5,63000,4750,2か月,"['近居割', '近居割WIDE']",随時,https://www.ur-net.go.jp/chintai/kanto/tokyo/20_1870_room.html?JKSS=000280202,<li>京王線「高幡不動」駅 徒歩19～32分 またはバス7～8分 徒歩1～8分</li><li>京王線「聖蹟桜ヶ丘」駅バス14～15分 徒歩1～8分</li><li>京王相模原線「京王多摩センター」駅バス9分 徒歩2～13分</li>
tokyo,nagayama,百草,67750,京王線「高幡不動」駅,19.0,32.0,京王線「高幡不動」駅,8.0,16.0,多摩市和田1261、日野市百草999,28号棟,鉄筋コンクリート造,3,N,301号室,3K,50,5,63000,4750,2か月,"['近居割', '近居割WIDE']",随時,https://www.ur-net.go.jp/chintai/kanto/tokyo/20_1870_room.html?JKSS=000280301,<li>京王線「高幡不動」駅 徒歩19～32分 またはバス7～8分 徒歩1～8分</li><li>京王線「聖蹟桜ヶ丘」駅バス14～15分 徒歩1～8分</li><li>京王相模原線「京王多摩センター」駅バス9分 徒歩2～13分</li>
tokyo,nagayama,百草,67750,,,,京王線「聖蹟桜ヶ丘」駅,15.0,23.0,多摩市和田1261、日野市百草999,28号棟,鉄筋コンクリート造,3,N,301号室,3K,50,5,63000,4750,2か月,"['近居割', '近居割WIDE']",随時,https://www.ur-net.go.jp/chintai/kanto/tokyo/20_1870_room.html?JKSS=000280301,<li>京王線「高幡不動」駅 徒歩19～32分 またはバス7～8分 徒歩1～8分</li><li>京王線「聖蹟桜ヶ丘」駅バス14～15分 徒歩1～8分</li><li>京王相模原線「京王多摩センター」駅バス9分 徒歩2～13分</li>
tokyo,nagayama,百草,67750,,,,京王相模原線「京王多摩センター」駅,11.0,22.0,多摩市和田1261、日野市百草999,28号棟,鉄筋コンクリート造,3,N,301号室,3K,50,5,63000,4750,2か月,"['近居割', '近居割WIDE']",随時,https://www.ur-net.go.jp/chintai/kanto/tokyo/20_1870_room.html?JKSS=000280301,<li>京王線「高幡不動」駅 徒歩19～32分 またはバス7～8分 徒歩1～8分</li><li>京王線「聖蹟桜ヶ丘」駅バス14～15分 徒歩1～8分</li><li>京王相模原線「京王多摩センター」駅バス9分 徒歩2～13分</li>
tokyo,nagayama,百草,67750,,,,,,,多摩市和田1261、日野市百草999,28号棟,鉄筋コンクリート造,3,N,301号室,3K,50,5,63000,4750,2か月,"['近居割', '近居割WIDE']",随時,https://www.ur-net.go.jp/chintai/kanto/tokyo/20_1870_room.html?JKSS=000280301,<li>京王線「高幡不動」駅 徒歩19～32分 またはバス7～8分 徒歩1～8分</li><li>京王線「聖蹟桜ヶ丘」駅バス14～15分 徒歩1～8分</li><li>京王相模原線「京王多摩センター」駅バス9分 徒歩2～13分</li>
tokyo,nagayama,多摩ニュータウン 豊ヶ丘（グリーンメゾン豊ヶ丘－６）,76200,京王相模原線「京王多摩センター」駅・小田急多摩線「小田急多摩センター」駅,16.0,32.0,京王相模原線「京王多摩センター」駅・小田急多摩線「小田急多摩センター」駅,14.0,26.0,多摩市豊ヶ丘2ほか,5-2-2号棟,鉄筋コンクリート造、鉄骨鉄筋コンクリート造,1,N,103号室,2DK,55,11,71400,4800,2か月,"['近居割', '近居割WIDE']",随時,https://www.ur-net.go.jp/chintai/kanto/tokyo/20_2710_room.html?JKSS=502020103,<li>京王相模原線「京王多摩センター」駅・小田急多摩線「小田急多摩センター」駅 徒歩16～32分 またはバス12分 徒歩2～14分</li><li>多摩都市モノレール「多摩センター」駅 徒歩17～33分 またはバス12分 徒歩2～14分</li>
tokyo,nagayama,多摩ニュータウン 豊ヶ丘（グリーンメゾン豊ヶ丘－６）,76200,多摩都市モノレール「多摩センター」駅,17.0,33.0,多摩都市モノレール「多摩センター」駅,14.0,26.0,多摩市豊ヶ丘2ほか,5-2-2号棟,鉄筋コンクリート造、鉄骨鉄筋コンクリート造,1,N,103号室,2DK,55,11,71400,4800,2か月,"['近居割', '近居割WIDE']",随時,https://www.ur-net.go.jp/chintai/kanto/tokyo/20_2710_room.html?JKSS=502020103,<li>京王相模原線「京王多摩センター」駅・小田急多摩線「小田急多摩センター」駅 徒歩16～32分 またはバス12分 徒歩2～14分</li><li>多摩都市モノレール「多摩センター」駅 徒歩17～33分 またはバス12分 徒歩2～14分</li>
tokyo,nagayama,多摩ニュータウン 豊ヶ丘（グリーンメゾン豊ヶ丘－６）,76200,,,,,,,多摩市豊ヶ丘2ほか,5-2-2号棟,鉄筋コンクリート造、鉄骨鉄筋コンクリート造,1,N,103号室,2DK,55,11,71400,4800,2か月,"['近居割', '近居割WIDE']",随時,https://www.ur-net.go.jp/chintai/kanto/tokyo/20_2710_room.html?JKSS=502020103,<li>京王相模原線「京王多摩センター」駅・小田急多摩線「小田急多摩センター」駅 徒歩16～32分 またはバス12分 徒歩2～14分</li><li>多摩都市モノレール「多摩センター」駅 徒歩17～33分 またはバス12分 徒歩2～14分</li>
tokyo,nagayama,多摩ニュータウン 豊ヶ丘（グリーンメゾン豊ヶ丘－６）,79100,京王相模原線「京王多摩センター」駅・小田急多摩線「小田急多摩センター」駅,16.0,32.0,京王相模原線「京王多摩センター」駅・小田急多摩線「小田急多摩センター」駅,14.0,26.0,多摩市豊ヶ丘2ほか,6-2-1号棟,鉄筋コンクリート造、鉄骨鉄筋コンクリート造,5,N,506号室,3DK,59,8,74300,4800,2か月,"['近居割', '近居割WIDE']",随時,https://www.ur-net.go.jp/chintai/kanto/tokyo/20_2710_room.html?JKSS=602010506,<li>京王相模原線「京王多摩センター」駅・小田急多摩線「小田急多摩センター」駅 徒歩16～32分 またはバス12分 徒歩2～14分</li><li>多摩都市モノレール「多摩センター」駅 徒歩17～33分 またはバス12分 徒歩2～14分</li>
tokyo,nagayama,多摩ニュータウン 豊ヶ丘（グリーンメゾン豊ヶ丘－６）,79100,多摩都市モノレール「多摩センター」駅,17.0,33.0,多摩都市モノレール「多摩センター」駅,14.0,26.0,多摩市豊ヶ丘2ほか,6-2-1号棟,鉄筋コンクリート造、鉄骨鉄筋コンクリート造,5,N,506号室,3DK,59,8,74300,4800,2か月,"['近居割', '近居割WIDE']",随時,https://www.ur-net.go.jp/chintai/kanto/tokyo/20_2710_room.html?JKSS=602010506,<li>京王相模原線「京王多摩センター」駅・小田急多摩線「小田急多摩センター」駅 徒歩16～32分 またはバス12分 徒歩2～14分</li><li>多摩都市モノレール「多摩センター」駅 徒歩17～33分 またはバス12分 徒歩2～14分</li>
tokyo,nagayama,多摩ニュータウン 豊ヶ丘（グリーンメゾン豊ヶ丘－６）,79100,,,,,,,多摩市豊ヶ丘2ほか,6-2-1号棟,鉄筋コンクリート造、鉄骨鉄筋コンクリート造,5,N,506号室,3DK,59,8,74300,4800,2か月,"['近居割', '近居割WIDE']",随時,https://www.ur-net.go.jp/chintai/kanto/tokyo/20_2710_room.html?JKSS=602010506,<li>京王相模原線「京王多摩センター」駅・小田急多摩線「小田急多摩センター」駅 徒歩16～32分 またはバス12分 徒歩2～14分</li><li>多摩都市モノレール「多摩センター」駅 徒歩17～33分 またはバス12分 徒歩2～14分</li>
tokyo,nagayama,多摩ニュータウン 貝取,79400,京王相模原線「京王多摩センター」駅・小田急多摩線「小田急多摩センター」駅,25.0,36.0,京王相模原線「京王多摩センター」駅・小田急多摩線「小田急多摩センター」駅,14.0,19.0,多摩市貝取2ほか,5-2-3号棟,鉄筋コンクリート造,2,N,205号室,3DK,61,5,75500,3900,2か月,"['近居割', '近居割WIDE']",随時,https://www.ur-net.go.jp/chintai/kanto/tokyo/20_2690_room.html?JKSS=502030205,<li>京王相模原線「京王多摩センター」駅・小田急多摩線「小田急多摩センター」駅 徒歩25～36分 またはバス12分 徒歩2～7分</li><li>多摩都市モノレール「多摩センター」駅 徒歩27～38分 またはバス12分 徒歩2～7分</li>
tokyo,nagayama,多摩ニュータウン 貝取,79400,多摩都市モノレール「多摩センター」駅,27.0,38.0,多摩都市モノレール「多摩センター」駅,14.0,19.0,多摩市貝取2ほか,5-2-3号棟,鉄筋コンクリート造,2,N,205号室,3DK,61,5,75500,3900,2か月,"['近居割', '近居割WIDE']",随時,https://www.ur-net.go.jp/chintai/kanto/tokyo/20_2690_room.html?JKSS=502030205,<li>京王相模原線「京王多摩センター」駅・小田急多摩線「小田急多摩センター」駅 徒歩25～36分 またはバス12分 徒歩2～7分</li><li>多摩都市モノレール「多摩センター」駅 徒歩27～38分 またはバス12分 徒歩2～7分</li>
tokyo,nagayama,多摩ニュータウン 貝取,79400,,,,,,,多摩市貝取2ほか,5-2-3号棟,鉄筋コンクリート造,2,N,205号室,3DK,61,5,75500,3900,2か月,"['近居割', '近居割WIDE']",随時,https://www.ur-net.go.jp/chintai/kanto/tokyo/20_2690_room.html?JKSS=502030205,<li>京王相模原線「京王多摩センター」駅・小田急多摩線「小田急多摩センター」駅 徒歩25～36分 またはバス12分 徒歩2～7分</li><li>多摩都市モノレール「多摩センター」駅 徒歩27～38分 またはバス12分 徒歩2～7分</li>
tokyo,nagayama,多摩ニュータウン 貝取,84800,京王相模原線「京王多摩センター」駅・小田急多摩線「小田急多摩センター」駅,25.0,36.0,京王相模原線「京王多摩センター」駅・小田急多摩線「小田急多摩センター」駅,14.0,19.0,多摩市貝取2ほか,4-3-1号棟,鉄筋コンクリート造,3,N,308号室,3DK,62,5,80900,3900,2か月,"['近居割', '近居割WIDE']",随時,https://www.ur-net.go.jp/chintai/kanto/tokyo/20_2690_room.html?JKSS=403010308,<li>京王相模原線「京王多摩センター」駅・小田急多摩線「小田急多摩センター」駅 徒歩25～36分 またはバス12分 徒歩2～7分</li><li>多摩都市モノレール「多摩センター」駅 徒歩27～38分 またはバス12分 徒歩2～7分</li>
tokyo,nagayama,多摩ニュータウン 貝取,84800,多摩都市モノレール「多摩センター」駅,27.0,38.0,多摩都市モノレール「多摩センター」駅,14.0,19.0,多摩市貝取2ほか,4-3-1号棟,鉄筋コンクリート造,3,N,308号室,3DK,62,5,80900,3900,2か月,"['近居割', '近居割WIDE']",随時,https://www.ur-net.go.jp/chintai/kanto/tokyo/20_2690_room.html?JKSS=403010308,<li>京王相模原線「京王多摩センター」駅・小田急多摩線「小田急多摩センター」駅 徒歩25～36分 またはバス12分 徒歩2～7分</li><li>多摩都市モノレール「多摩センター」駅 徒歩27～38分 またはバス12分 徒歩2～7分</li>
tokyo,nagayama,多摩ニュータウン 貝取,84800,,,,,,,多摩市貝取2ほか,4-3-1号棟,鉄筋コンクリート造,3,N,308号室,3DK,62,5,80900,3900,2か月,"['近居割', '近居割WIDE']",随時,https://www.ur-net.go.jp/chintai/kanto/tokyo/20_2690_room.html?JKSS=403010308,<li>京王相模原線「京王多摩センター」駅・小田急多摩線「小田急多摩センター」駅 徒歩25～36分 またはバス12分 徒歩2～7分</li><li>多摩都市モノレール「多摩センター」駅 徒歩27～38分 またはバス12分 徒歩2～7分</li>
tokyo,nagayama,多摩ニュータウン メゾン聖ヶ丘－１,95500,京王相模原線「京王永山」駅・小田急多摩線「小田急永山」駅,18.0,19.0,京王相模原線「京王永山」駅・小田急多摩線「小田急永山」駅,6.0,7.0,多摩市聖ケ丘1-13,2号棟,鉄筋コンクリート造,2,N,206号室,3DK,61,5,92100,3400,2か月,"['近居割', '近居割WIDE']",随時,https://www.ur-net.go.jp/chintai/kanto/tokyo/20_4070_room.html?JKSS=000020206,<li>京王相模原線「京王永山」駅・小田急多摩線「小田急永山」駅 徒歩18～19分 またはバス4分 徒歩2～3分</li><li>京王線「聖蹟桜ヶ丘」駅 徒歩26～29分</li>
tokyo,nagayama,多摩ニュータウン メゾン聖ヶ丘－１,95500,京王線「聖蹟桜ヶ丘」駅,26.0,29.0,,,,多摩市聖ケ丘1-13,2号棟,鉄筋コンクリート造,2,N,206号室,3DK,61,5,92100,3400,2か月,"['近居割', '近居割WIDE']",随時,https://www.ur-net.go.jp/chintai/kanto/tokyo/20_4070_room.html?JKSS=000020206,<li>京王相模原線「京王永山」駅・小田急多摩線「小田急永山」駅 徒歩18～19分 またはバス4分 徒歩2～3分</li><li>京王線「聖蹟桜ヶ丘」駅 徒歩26～29分</li>
tokyo,nagayama,多摩ニュータウン メゾン聖ヶ丘－１,95500,,,,,,,多摩市聖ケ丘1-13,2号棟,鉄筋コンクリート造,2,N,206号室,3DK,61,5,92100,3400,2か月,"['近居割', '近居割WIDE']",随時,https://www.ur-net.go.jp/chintai/kanto/tokyo/20_4070_room.html?JKSS=000020206,<li>京王相模原線「京王永山」駅・小田急多摩線「小田急永山」駅 徒歩18～19分 またはバス4分 徒歩2～3分</li><li>京王線「聖蹟桜ヶ丘」駅 徒歩26～29分</li>
tokyo,nagayama,多摩ニュータウン メゾン聖ヶ丘－１,96200,京王相模原線「京王永山」駅・小田急多摩線「小田急永山」駅,18.0,19.0,京王相模原線「京王永山」駅・小田急多摩線「小田急永山」駅,6.0,7.0,多摩市聖ケ丘1-13,3号棟,鉄筋コンクリート造,5,N,504号室,2DK,60,5,92800,3400,2か月,"['近居割', '近居割WIDE']",随時,https://www.ur-net.go.jp/chintai/kanto/tokyo/20_4070_room.html?JKSS=000030504,<li>京王相模原線「京王永山」駅・小田急多摩線「小田急永山」駅 徒歩18～19分 またはバス4分 徒歩2～3分</li><li>京王線「聖蹟桜ヶ丘」駅 徒歩26～29分</li>
tokyo,nagayama,多摩ニュータウン メゾン聖ヶ丘－１,96200,京王線「聖蹟桜ヶ丘」駅,26.0,29.0,,,,多摩市聖ケ丘1-13,3号棟,鉄筋コンクリート造,5,N,504号室,2DK,60,5,92800,3400,2か月,"['近居割', '近居割WIDE']",随時,https://www.ur-net.go.jp/chintai/kanto/tokyo/20_4070_room.html?JKSS=000030504,<li>京王相模原線「京王永山」駅・小田急多摩線「小田急永山」駅 徒歩18～19分 またはバス4分 徒歩2～3分</li><li>京王線「聖蹟桜ヶ丘」駅 徒歩26～29分</li>
tokyo,nagayama,多摩ニュータウン メゾン聖ヶ丘－１,96200,,,,,,,多摩市聖ケ丘1-13,3号棟,鉄筋コンクリート造,5,N,504号室,2DK,60,5,92800,3400,2か月,"['近居割', '近居割WIDE']",随時,https://www.ur-net.go.jp/chintai/kanto/tokyo/20_4070_room.html?JKSS=000030504,<li>京王相模原線「京王永山」駅・小田急多摩線「小田急永山」駅 徒歩18～19分 またはバス4分 徒歩2～3分</li><li>京王線「聖蹟桜ヶ丘」駅 徒歩26～29分</li>
tokyo,nagayama,多摩ニュータウン エステート愛宕,129200,京王相模原線｢京王多摩センター｣駅,10.0,10.0,,,,多摩市愛宕4-35-1,1号棟,鉄筋コンクリート造,5,N,501号室,3LDK,76,5,122200,7000,2か月,"['近居割', '近居割WIDE']",随時,https://www.ur-net.go.jp/chintai/kanto/tokyo/20_5090_room.html?JKSS=000010501,<li>京王相模原線｢京王多摩センター｣駅 徒歩10分</li><li>小田急多摩線｢小田急多摩センター｣駅 徒歩10分</li><li>多摩都市モノレール｢多摩センター｣駅 徒歩10分</li>
tokyo,nagayama,多摩ニュータウン エステート愛宕,129200,小田急多摩線｢小田急多摩センター｣駅,10.0,10.0,,,,多摩市愛宕4-35-1,1号棟,鉄筋コンクリート造,5,N,501号室,3LDK,76,5,122200,7000,2か月,"['近居割', '近居割WIDE']",随時,https://www.ur-net.go.jp/chintai/kanto/tokyo/20_5090_room.html?JKSS=000010501,<li>京王相模原線｢京王多摩センター｣駅 徒歩10分</li><li>小田急多摩線｢小田急多摩センター｣駅 徒歩10分</li><li>多摩都市モノレール｢多摩センター｣駅 徒歩10分</li>
tokyo,nagayama,多摩ニュータウン エステート愛宕,129200,多摩都市モノレール｢多摩センター｣駅,10.0,10.0,,,,多摩市愛宕4-35-1,1号棟,鉄筋コンクリート造,5,N,501号室,3LDK,76,5,122200,7000,2か月,"['近居割', '近居割WIDE']",随時,https://www.ur-net.go.jp/chintai/kanto/tokyo/20_5090_room.html?JKSS=000010501,<li>京王相模原線｢京王多摩センター｣駅 徒歩10分</li><li>小田急多摩線｢小田急多摩センター｣駅 徒歩10分</li><li>多摩都市モノレール｢多摩センター｣駅 徒歩10分</li>
tokyo,nagayama,多摩ニュータウン エステート愛宕,129200,,,,,,,多摩市愛宕4-35-1,1号棟,鉄筋コンクリート造,5,N,501号室,3LDK,76,5,122200,7000,2か月,"['近居割', '近居割WIDE']",随時,https://www.ur-net.go.jp/chintai/kanto/tokyo/20_5090_room.html?JKSS=000010501,<li>京王相模原線｢京王多摩センター｣駅 徒歩10分</li><li>小田急多摩線｢小田急多摩センター｣駅 徒歩10分</li><li>多摩都市モノレール｢多摩センター｣駅 徒歩10分</li>
tokyo,nagayama,聖蹟桜ヶ丘ビュータワー,223800,京王線｢聖蹟桜ヶ丘｣駅,3.0,3.0,,,,多摩市関戸4-72,,鉄筋コンクリート造,21,N,2105号室,2LDK,76,27,216000,7800,2か月,['近居割'],随時,https://www.ur-net.go.jp/chintai/kanto/tokyo/20_5950_room.html?JKSS=000002105,<li>京王線｢聖蹟桜ヶ丘｣駅 徒歩3分</li>
tokyo,nagayama,聖蹟桜ヶ丘ビュータワー,223800,,,,,,,多摩市関戸4-72,,鉄筋コンクリート造,21,N,2105号室,2LDK,76,27,216000,7800,2か月,['近居割'],随時,https://www.ur-net.go.jp/chintai/kanto/tokyo/20_5950_room.html?JKSS=000002105,<li>京王線｢聖蹟桜ヶ丘｣駅 徒歩3分</li>
tokyo,higashifushimi,新柳沢,110380,西武新宿線「西武柳沢」駅,11.0,14.0,,,,西東京市柳沢3-4,4号棟,鉄筋コンクリート造,1,N,102号室,2DK,45,7,106200,4180,2か月,"['近居割', '近居割WIDE']",随時,https://www.ur-net.go.jp/chintai/kanto/tokyo/20_4900_room.html?JKSS=000040102,<li>西武新宿線「西武柳沢」駅 徒歩11～14分</li><li>JR中央線「三鷹」駅バス9分 徒歩6～8分</li><li>JR中央線「吉祥寺」駅バス11分 徒歩6～8分</li>
tokyo,higashifushimi,新柳沢,110380,,,,JR中央線「三鷹」駅,15.0,17.0,西東京市柳沢3-4,4号棟,鉄筋コンクリート造,1,N,102号室,2DK,45,7,106200,4180,2か月,"['近居割', '近居割WIDE']",随時,https://www.ur-net.go.jp/chintai/kanto/tokyo/20_4900_room.html?JKSS=000040102,<li>西武新宿線「西武柳沢」駅 徒歩11～14分</li><li>JR中央線「三鷹」駅バス9分 徒歩6～8分</li><li>JR中央線「吉祥寺」駅バス11分 徒歩6～8分</li>
tokyo,higashifushimi,新柳沢,110380,,,,JR中央線「吉祥寺」駅,17.0,19.0,西東京市柳沢3-4,4号棟,鉄筋コンクリート造,1,N,102号室,2DK,45,7,106200,4180,2か月,"['近居割', '近居割WIDE']",随時,https://www.ur-net.go.jp/chintai/kanto/tokyo/20_4900_room.html?JKSS=000040102,<li>西武新宿線「西武柳沢」駅 徒歩11～14分</li><li>JR中央線「三鷹」駅バス9分 徒歩6～8分</li><li>JR中央線「吉祥寺」駅バス11分 徒歩6～8分</li>
tokyo,higashifushimi,新柳沢,110380,,,,,,,西東京市柳沢3-4,4号棟,鉄筋コンクリート造,1,N,102号室,2DK,45,7,106200,4180,2か月,"['近居割', '近居割WIDE']",随時,https://www.ur-net.go.jp/chintai/kanto/tokyo/20_4900_room.html?JKSS=000040102,<li>西武新宿線「西武柳沢」駅 徒歩11～14分</li><li>JR中央線「三鷹」駅バス9分 徒歩6～8分</li><li>JR中央線「吉祥寺」駅バス11分 徒歩6～8分</li>
tokyo,higashifushimi,新柳沢,114680,西武新宿線「西武柳沢」駅,11.0,14.0,,,,西東京市柳沢3-4,4号棟,鉄筋コンクリート造,4,N,403号室,2DK,45,7,110500,4180,2か月,"['近居割', '近居割WIDE']",随時,https://www.ur-net.go.jp/chintai/kanto/tokyo/20_4900_room.html?JKSS=000040403,<li>西武新宿線「西武柳沢」駅 徒歩11～14分</li><li>JR中央線「三鷹」駅バス9分 徒歩6～8分</li><li>JR中央線「吉祥寺」駅バス11分 徒歩6～8分</li>
tokyo,higashifushimi,新柳沢,114680,,,,JR中央線「三鷹」駅,15.0,17.0,西東京市柳沢3-4,4号棟,鉄筋コンクリート造,4,N,403号室,2DK,45,7,110500,4180,2か月,"['近居割', '近居割WIDE']",随時,https://www.ur-net.go.jp/chintai/kanto/tokyo/20_4900_room.html?JKSS=000040403,<li>西武新宿線「西武柳沢」駅 徒歩11～14分</li><li>JR中央線「三鷹」駅バス9分 徒歩6～8分</li><li>JR中央線「吉祥寺」駅バス11分 徒歩6～8分</li>
tokyo,higashifushimi,新柳沢,114680,,,,JR中央線「吉祥寺」駅,17.0,19.0,西東京市柳沢3-4,4号棟,鉄筋コンクリート造,4,N,403号室,2DK,45,7,110500,4180,2か月,"['近居割', '近居割WIDE']",随時,https://www.ur-net.go.jp/chintai/kanto/tokyo/20_4900_room.html?JKSS=000040403,<li>西武新宿線「西武柳沢」駅 徒歩11～14分</li><li>JR中央線「三鷹」駅バス9分 徒歩6～8分</li><li>JR中央線「吉祥寺」駅バス11分 徒歩6～8分</li>
tokyo,higashifushimi,新柳沢,114680,,,,,,,西東京市柳沢3-4,4号棟,鉄筋コンクリート造,4,N,403号室,2DK,45,7,110500,4180,2か月,"['近居割', '近居割WIDE']",随時,https://www.ur-net.go.jp/chintai/kanto/tokyo/20_4900_room.html?JKSS=000040403,<li>西武新宿線「西武柳沢」駅 徒歩11～14分</li><li>JR中央線「三鷹」駅バス9分 徒歩6～8分</li><li>JR中央線「吉祥寺」駅バス11分 徒歩6～8分</li>
tokyo,hibarigaoka,ひばりが丘パークヒルズ,135500,西武池袋線「ひばりヶ丘」駅,15.0,22.0,西武池袋線「ひばりヶ丘」駅,4.0,8.0,西東京市ひばりが丘3-5、東久留米市ひばりが丘団地6ほか,5-6号棟,鉄筋コンクリート造,11,N,1104号室,2DK,52,12,128500,7000,2か月,"['近居割', '近居割WIDE']",2026年8月3日以降,https://www.ur-net.go.jp/chintai/kanto/tokyo/20_6771_room.html?JKSS=005061104,<li>西武池袋線「ひばりヶ丘」駅 徒歩15～22分 またはバス3～4分 徒歩1～4分</li><li>西武新宿線「田無」駅バス11～15分 徒歩1～4分</li><li>JR中央線「武蔵境」駅バス27～33分 徒歩1～4分</li>
tokyo,hibarigaoka,ひばりが丘パークヒルズ,135500,,,,西武新宿線「田無」駅,12.0,19.0,西東京市ひばりが丘3-5、東久留米市ひばりが丘団地6ほか,5-6号棟,鉄筋コンクリート造,11,N,1104号室,2DK,52,12,128500,7000,2か月,"['近居割', '近居割WIDE']",2026年8月3日以降,https://www.ur-net.go.jp/chintai/kanto/tokyo/20_6771_room.html?JKSS=005061104,<li>西武池袋線「ひばりヶ丘」駅 徒歩15～22分 またはバス3～4分 徒歩1～4分</li><li>西武新宿線「田無」駅バス11～15分 徒歩1～4分</li><li>JR中央線「武蔵境」駅バス27～33分 徒歩1～4分</li>
tokyo,hibarigaoka,ひばりが丘パークヒルズ,135500,,,,JR中央線「武蔵境」駅,28.0,37.0,西東京市ひばりが丘3-5、東久留米市ひばりが丘団地6ほか,5-6号棟,鉄筋コンクリート造,11,N,1104号室,2DK,52,12,128500,7000,2か月,"['近居割', '近居割WIDE']",2026年8月3日以降,https://www.ur-net.go.jp/chintai/kanto/tokyo/20_6771_room.html?JKSS=005061104,<li>西武池袋線「ひばりヶ丘」駅 徒歩15～22分 またはバス3～4分 徒歩1～4分</li><li>西武新宿線「田無」駅バス11～15分 徒歩1～4分</li><li>JR中央線「武蔵境」駅バス27～33分 徒歩1～4分</li>
tokyo,hibarigaoka,ひばりが丘パークヒルズ,135500,,,,,,,西東京市ひばりが丘3-5、東久留米市ひばりが丘団地6ほか,5-6号棟,鉄筋コンクリート造,11,N,1104号室,2DK,52,12,128500,7000,2か月,"['近居割', '近居割WIDE']",2026年8月3日以降,https://www.ur-net.go.jp/chintai/kanto/tokyo/20_6771_room.html?JKSS=005061104,<li>西武池袋線「ひばりヶ丘」駅 徒歩15～22分 またはバス3～4分 徒歩1～4分</li><li>西武新宿線「田無」駅バス11～15分 徒歩1～4分</li><li>JR中央線「武蔵境」駅バス27～33分 徒歩1～4分</li>
tokyo,higashifushimi,プロムナード東伏見,135800,西武新宿線「東伏見」駅,9.0,13.0,,,,西東京市富士町1-7,72号棟,鉄筋コンクリート造,5,N,505号室,2LDK,63,9,129600,6200,2か月,"['近居割', '近居割WIDE']",随時,https://www.ur-net.go.jp/chintai/kanto/tokyo/20_5490_room.html?JKSS=000720505,<li>西武新宿線「東伏見」駅 徒歩9～13分</li><li>JR中央線「三鷹」駅バス13分 徒歩4～7分</li><li>西武池袋線「保谷」駅バス6分 徒歩4～7分</li>
tokyo,higashifushimi,プロムナード東伏見,135800,,,,JR中央線「三鷹」駅,17.0,20.0,西東京市富士町1-7,72号棟,鉄筋コンクリート造,5,N,505号室,2LDK,63,9,129600,6200,2か月,"['近居割', '近居割WIDE']",随時,https://www.ur-net.go.jp/chintai/kanto/tokyo/20_5490_room.html?JKSS=000720505,<li>西武新宿線「東伏見」駅 徒歩9～13分</li><li>JR中央線「三鷹」駅バス13分 徒歩4～7分</li><li>西武池袋線「保谷」駅バス6分 徒歩4～7分</li>
tokyo,higashifushimi,プロムナード東伏見,135800,,,,西武池袋線「保谷」駅,10.0,13.0,西東京市富士町1-7,72号棟,鉄筋コンクリート造,5,N,505号室,2LDK,63,9,129600,6200,2か月,"['近居割', '近居割WIDE']",随時,https://www.ur-net.go.jp/chintai/kanto/tokyo/20_5490_room.html?JKSS=000720505,<li>西武新宿線「東伏見」駅 徒歩9～13分</li><li>JR中央線「三鷹」駅バス13分 徒歩4～7分</li><li>西武池袋線「保谷」駅バス6分 徒歩4～7分</li>
tokyo,higashifushimi,プロムナード東伏見,135800,,,,,,,西東京市富士町1-7,72号棟,鉄筋コンクリート造,5,N,505号室,2LDK,63,9,129600,6200,2か月,"['近居割', '近居割WIDE']",随時,https://www.ur-net.go.jp/chintai/kanto/tokyo/20_5490_room.html?JKSS=000720505,<li>西武新宿線「東伏見」駅 徒歩9～13分</li><li>JR中央線「三鷹」駅バス13分 徒歩4～7分</li><li>西武池袋線「保谷」駅バス6分 徒歩4～7分</li>
tokyo,kichijoji,グリーンハイツ武蔵境通り,138100,JR中央線「武蔵境」駅,20.0,22.0,JR中央線「武蔵境」駅,6.0,9.0,西東京市新町1-4,6号棟,鉄筋コンクリート造,2,N,209号室,2LDK,71,10,134800,3300,2か月,"['近居割', '近居割WIDE']",随時,https://www.ur-net.go.jp/chintai/kanto/tokyo/20_5210_room.html?JKSS=000060209,<li>JR中央線「武蔵境」駅 徒歩20～22分 またはバス5分 徒歩1～4分</li><li>JR中央線「三鷹」駅バス10分 徒歩1～4分</li><li>西武新宿線「田無」駅バス4分 徒歩2～5分</li>
tokyo,kichijoji,グリーンハイツ武蔵境通り,138100,,,,JR中央線「三鷹」駅,11.0,14.0,西東京市新町1-4,6号棟,鉄筋コンクリート造,2,N,209号室,2LDK,71,10,134800,3300,2か月,"['近居割', '近居割WIDE']",随時,https://www.ur-net.go.jp/chintai/kanto/tokyo/20_5210_room.html?JKSS=000060209,<li>JR中央線「武蔵境」駅 徒歩20～22分 またはバス5分 徒歩1～4分</li><li>JR中央線「三鷹」駅バス10分 徒歩1～4分</li><li>西武新宿線「田無」駅バス4分 徒歩2～5分</li>
tokyo,kichijoji,グリーンハイツ武蔵境通り,138100,,,,西武新宿線「田無」駅,6.0,9.0,西東京市新町1-4,6号棟,鉄筋コンクリート造,2,N,209号室,2LDK,71,10,134800,3300,2か月,"['近居割', '近居割WIDE']",随時,https://www.ur-net.go.jp/chintai/kanto/tokyo/20_5210_room.html?JKSS=000060209,<li>JR中央線「武蔵境」駅 徒歩20～22分 またはバス5分 徒歩1～4分</li><li>JR中央線「三鷹」駅バス10分 徒歩1～4分</li><li>西武新宿線「田無」駅バス4分 徒歩2～5分</li>
tokyo,kichijoji,グリーンハイツ武蔵境通り,138100,,,,,,,西東京市新町1-4,6号棟,鉄筋コンクリート造,2,N,209号室,2LDK,71,10,134800,3300,2か月,"['近居割', '近居割WIDE']",随時,https://www.ur-net.go.jp/chintai/kanto/tokyo/20_5210_room.html?JKSS=000060209,<li>JR中央線「武蔵境」駅 徒歩20～22分 またはバス5分 徒歩1～4分</li><li>JR中央線「三鷹」駅バス10分 徒歩1～4分</li><li>西武新宿線「田無」駅バス4分 徒歩2～5分</li>
tokyo,kichijoji,グリーンハイツ武蔵境通り,142900,JR中央線「武蔵境」駅,20.0,22.0,JR中央線「武蔵境」駅,6.0,9.0,西東京市新町1-4,2号棟,鉄筋コンクリート造,9,N,903号室,3DK,64,12,139600,3300,2か月,"['近居割', '近居割WIDE']",随時,https://www.ur-net.go.jp/chintai/kanto/tokyo/20_5210_room.html?JKSS=000020903,<li>JR中央線「武蔵境」駅 徒歩20～22分 またはバス5分 徒歩1～4分</li><li>JR中央線「三鷹」駅バス10分 徒歩1～4分</li><li>西武新宿線「田無」駅バス4分 徒歩2～5分</li>
tokyo,kichijoji,グリーンハイツ武蔵境通り,142900,,,,JR中央線「三鷹」駅,11.0,14.0,西東京市新町1-4,2号棟,鉄筋コンクリート造,9,N,903号室,3DK,64,12,139600,3300,2か月,"['近居割', '近居割WIDE']",随時,https://www.ur-net.go.jp/chintai/kanto/tokyo/20_5210_room.html?JKSS=000020903,<li>JR中央線「武蔵境」駅 徒歩20～22分 またはバス5分 徒歩1～4分</li><li>JR中央線「三鷹」駅バス10分 徒歩1～4分</li><li>西武新宿線「田無」駅バス4分 徒歩2～5分</li>
tokyo,kichijoji,グリーンハイツ武蔵境通り,142900,,,,西武新宿線「田無」駅,6.0,9.0,西東京市新町1-4,2号棟,鉄筋コンクリート造,9,N,903号室,3DK,64,12,139600,3300,2か月,"['近居割', '近居割WIDE']",随時,https://www.ur-net.go.jp/chintai/kanto/tokyo/20_5210_room.html?JKSS=000020903,<li>JR中央線「武蔵境」駅 徒歩20～22分 またはバス5分 徒歩1～4分</li><li>JR中央線「三鷹」駅バス10分 徒歩1～4分</li><li>西武新宿線「田無」駅バス4分 徒歩2～5分</li>
tokyo,kichijoji,グリーンハイツ武蔵境通り,142900,,,,,,,西東京市新町1-4,2号棟,鉄筋コンクリート造,9,N,903号室,3DK,64,12,139600,3300,2か月,"['近居割', '近居割WIDE']",随時,https://www.ur-net.go.jp/chintai/kanto/tokyo/20_5210_room.html?JKSS=000020903,<li>JR中央線「武蔵境」駅 徒歩20～22分 またはバス5分 徒歩1～4分</li><li>JR中央線「三鷹」駅バス10分 徒歩1～4分</li><li>西武新宿線「田無」駅バス4分 徒歩2～5分</li>
tokyo,kichijoji,三鷹台,153900,,,,JR中央線「三鷹」駅,16.0,21.0,三鷹市牟礼2-14,14号棟,鉄筋コンクリート造,6,N,606号室,1LDK,56,8,147700,6200,2か月,"['近居割', '近居割WIDE']",随時,https://www.ur-net.go.jp/chintai/kanto/tokyo/20_6601_room.html?JKSS=000140606,<li>JR中央線「三鷹」駅バス12分 徒歩4～9分</li><li>JR中央線「吉祥寺」駅バス11分 徒歩2～8分</li><li>京王井の頭線「三鷹台」駅 徒歩14～18分</li>
tokyo,kichijoji,三鷹台,153900,,,,JR中央線「吉祥寺」駅,13.0,19.0,三鷹市牟礼2-14,14号棟,鉄筋コンクリート造,6,N,606号室,1LDK,56,8,147700,6200,2か月,"['近居割', '近居割WIDE']",随時,https://www.ur-net.go.jp/chintai/kanto/tokyo/20_6601_room.html?JKSS=000140606,<li>JR中央線「三鷹」駅バス12分 徒歩4～9分</li><li>JR中央線「吉祥寺」駅バス11分 徒歩2～8分</li><li>京王井の頭線「三鷹台」駅 徒歩14～18分</li>
tokyo,kichijoji,三鷹台,153900,京王井の頭線「三鷹台」駅,14.0,18.0,,,,三鷹市牟礼2-14,14号棟,鉄筋コンクリート造,6,N,606号室,1LDK,56,8,147700,6200,2か月,"['近居割', '近居割WIDE']",随時,https://www.ur-net.go.jp/chintai/kanto/tokyo/20_6601_room.html?JKSS=000140606,<li>JR中央線「三鷹」駅バス12分 徒歩4～9分</li><li>JR中央線「吉祥寺」駅バス11分 徒歩2～8分</li><li>京王井の頭線「三鷹台」駅 徒歩14～18分</li>
tokyo,kichijoji,三鷹台,153900,,,,,,,三鷹市牟礼2-14,14号棟,鉄筋コンクリート造,6,N,606号室,1LDK,56,8,147700,6200,2か月,"['近居割', '近居割WIDE']",随時,https://www.ur-net.go.jp/chintai/kanto/tokyo/20_6601_room.html?JKSS=000140606,<li>JR中央線「三鷹」駅バス12分 徒歩4～9分</li><li>JR中央線「吉祥寺」駅バス11分 徒歩2～8分</li><li>京王井の頭線「三鷹台」駅 徒歩14～18分</li>
tokyo,chofu,車返,88600,京王線「武蔵野台」駅,5.0,8.0,,,,府中市白糸台5-25-1、府中市押立町1-24-1,2-5号棟,鉄筋コンクリート造、鉄骨鉄筋コンクリート造,1,N,103号室,2DK,43,8,85000,3600,2か月,['近居割'],随時,https://www.ur-net.go.jp/chintai/kanto/tokyo/20_2700_room.html?JKSS=002050103,<li>京王線「武蔵野台」駅 徒歩5～8分</li><li>西武多摩川線「白糸台」駅 徒歩12～16分</li><li>京王線「多磨霊園」駅 徒歩16～20分</li>
tokyo,chofu,車返,88600,西武多摩川線「白糸台」駅,12.0,16.0,,,,府中市白糸台5-25-1、府中市押立町1-24-1,2-5号棟,鉄筋コンクリート造、鉄骨鉄筋コンクリート造,1,N,103号室,2DK,43,8,85000,3600,2か月,['近居割'],随時,https://www.ur-net.go.jp/chintai/kanto/tokyo/20_2700_room.html?JKSS=002050103,<li>京王線「武蔵野台」駅 徒歩5～8分</li><li>西武多摩川線「白糸台」駅 徒歩12～16分</li><li>京王線「多磨霊園」駅 徒歩16～20分</li>
tokyo,chofu,車返,88600,京王線「多磨霊園」駅,16.0,20.0,,,,府中市白糸台5-25-1、府中市押立町1-24-1,2-5号棟,鉄筋コンクリート造、鉄骨鉄筋コンクリート造,1,N,103号室,2DK,43,8,85000,3600,2か月,['近居割'],随時,https://www.ur-net.go.jp/chintai/kanto/tokyo/20_2700_room.html?JKSS=002050103,<li>京王線「武蔵野台」駅 徒歩5～8分</li><li>西武多摩川線「白糸台」駅 徒歩12～16分</li><li>京王線「多磨霊園」駅 徒歩16～20分</li>
tokyo,chofu,車返,88600,,,,,,,府中市白糸台5-25-1、府中市押立町1-24-1,2-5号棟,鉄筋コンクリート造、鉄骨鉄筋コンクリート造,1,N,103号室,2DK,43,8,85000,3600,2か月,['近居割'],随時,https://www.ur-net.go.jp/chintai/kanto/tokyo/20_2700_room.html?JKSS=002050103,<li>京王線「武蔵野台」駅 徒歩5～8分</li><li>西武多摩川線「白糸台」駅 徒歩12～16分</li><li>京王線「多磨霊園」駅 徒歩16～20分</li>
tokyo,chofu,車返,116400,京王線「武蔵野台」駅,5.0,8.0,,,,府中市白糸台5-25-1、府中市押立町1-24-1,2-3号棟,鉄筋コンクリート造、鉄骨鉄筋コンクリート造,2,N,201号室,3DK,54,8,112800,3600,2か月,['近居割'],随時,https://www.ur-net.go.jp/chintai/kanto/tokyo/20_2700_room.html?JKSS=002030201,<li>京王線「武蔵野台」駅 徒歩5～8分</li><li>西武多摩川線「白糸台」駅 徒歩12～16分</li><li>京王線「多磨霊園」駅 徒歩16～20分</li>
tokyo,chofu,車返,116400,西武多摩川線「白糸台」駅,12.0,16.0,,,,府中市白糸台5-25-1、府中市押立町1-24-1,2-3号棟,鉄筋コンクリート造、鉄骨鉄筋コンクリート造,2,N,201号室,3DK,54,8,112800,3600,2か月,['近居割'],随時,https://www.ur-net.go.jp/chintai/kanto/tokyo/20_2700_room.html?JKSS=002030201,<li>京王線「武蔵野台」駅 徒歩5～8分</li><li>西武多摩川線「白糸台」駅 徒歩12～16分</li><li>京王線「多磨霊園」駅 徒歩16～20分</li>
tokyo,chofu,車返,116400,京王線「多磨霊園」駅,16.0,20.0,,,,府中市白糸台5-25-1、府中市押立町1-24-1,2-3号棟,鉄筋コンクリート造、鉄骨鉄筋コンクリート造,2,N,201号室,3DK,54,8,112800,3600,2か月,['近居割'],随時,https://www.ur-net.go.jp/chintai/kanto/tokyo/20_2700_room.html?JKSS=002030201,<li>京王線「武蔵野台」駅 徒歩5～8分</li><li>西武多摩川線「白糸台」駅 徒歩12～16分</li><li>京王線「多磨霊園」駅 徒歩16～20分</li>
tokyo,chofu,車返,116400,,,,,,,府中市白糸台5-25-1、府中市押立町1-24-1,2-3号棟,鉄筋コンクリート造、鉄骨鉄筋コンクリート造,2,N,201号室,3DK,54,8,112800,3600,2か月,['近居割'],随時,https://www.ur-net.go.jp/chintai/kanto/tokyo/20_2700_room.html?JKSS=002030201,<li>京王線「武蔵野台」駅 徒歩5～8分</li><li>西武多摩川線「白糸台」駅 徒歩12～16分</li><li>京王線「多磨霊園」駅 徒歩16～20分</li>
tokyo,tachikawa,昭島つつじが丘ハイツ,95200,JR青梅線「昭島」駅,9.0,11.0,,,,昭島市つつじが丘3-4ほか,9号棟,鉄骨鉄筋コンクリート造,11,N,1107号室,3DK,59,14,89500,5700,2か月,['近居割'],随時,https://www.ur-net.go.jp/chintai/kanto/tokyo/20_3380_room.html?JKSS=000091107,<li>JR青梅線「昭島」駅 徒歩9～11分</li><li>JR青梅線「中神」駅 徒歩13～15分</li><li>西武拝島線「西武立川」駅 徒歩25～28分</li>
tokyo,tachikawa,昭島つつじが丘ハイツ,95200,JR青梅線「中神」駅,13.0,15.0,,,,昭島市つつじが丘3-4ほか,9号棟,鉄骨鉄筋コンクリート造,11,N,1107号室,3DK,59,14,89500,5700,2か月,['近居割'],随時,https://www.ur-net.go.jp/chintai/kanto/tokyo/20_3380_room.html?JKSS=000091107,<li>JR青梅線「昭島」駅 徒歩9～11分</li><li>JR青梅線「中神」駅 徒歩13～15分</li><li>西武拝島線「西武立川」駅 徒歩25～28分</li>
tokyo,tachikawa,昭島つつじが丘ハイツ,95200,西武拝島線「西武立川」駅,25.0,28.0,,,,昭島市つつじが丘3-4ほか,9号棟,鉄骨鉄筋コンクリート造,11,N,1107号室,3DK,59,14,89500,5700,2か月,['近居割'],随時,https://www.ur-net.go.jp/chintai/kanto/tokyo/20_3380_room.html?JKSS=000091107,<li>JR青梅線「昭島」駅 徒歩9～11分</li><li>JR青梅線「中神」駅 徒歩13～15分</li><li>西武拝島線「西武立川」駅 徒歩25～28分</li>
tokyo,tachikawa,昭島つつじが丘ハイツ,95200,,,,,,,昭島市つつじが丘3-4ほか,9号棟,鉄骨鉄筋コンクリート造,11,N,1107号室,3DK,59,14,89500,5700,2か月,['近居割'],随時,https://www.ur-net.go.jp/chintai/kanto/tokyo/20_3380_room.html?JKSS=000091107,<li>JR青梅線「昭島」駅 徒歩9～11分</li><li>JR青梅線「中神」駅 徒歩13～15分</li><li>西武拝島線「西武立川」駅 徒歩25～28分</li>
tokyo,tachikawa,昭島つつじが丘ハイツ,95800,JR青梅線「昭島」駅,9.0,11.0,,,,昭島市つつじが丘3-4ほか,8号棟,鉄骨鉄筋コンクリート造,2,N,206号室,3DK,59,14,90100,5700,2か月,['近居割'],随時,https://www.ur-net.go.jp/chintai/kanto/tokyo/20_3380_room.html?JKSS=000080206,<li>JR青梅線「昭島」駅 徒歩9～11分</li><li>JR青梅線「中神」駅 徒歩13～15分</li><li>西武拝島線「西武立川」駅 徒歩25～28分</li>
tokyo,tachikawa,昭島つつじが丘ハイツ,95800,JR青梅線「中神」駅,13.0,15.0,,,,昭島市つつじが丘3-4ほか,8号棟,鉄骨鉄筋コンクリート造,2,N,206号室,3DK,59,14,90100,5700,2か月,['近居割'],随時,https://www.ur-net.go.jp/chintai/kanto/tokyo/20_3380_room.html?JKSS=000080206,<li>JR青梅線「昭島」駅 徒歩9～11分</li><li>JR青梅線「中神」駅 徒歩13～15分</li><li>西武拝島線「西武立川」駅 徒歩25～28分</li>
tokyo,tachikawa,昭島つつじが丘ハイツ,95800,西武拝島線「西武立川」駅,25.0,28.0,,,,昭島市つつじが丘3-4ほか,8号棟,鉄骨鉄筋コンクリート造,2,N,206号室,3DK,59,14,90100,5700,2か月,['近居割'],随時,https://www.ur-net.go.jp/chintai/kanto/tokyo/20_3380_room.html?JKSS=000080206,<li>JR青梅線「昭島」駅 徒歩9～11分</li><li>JR青梅線「中神」駅 徒歩13～15分</li><li>西武拝島線「西武立川」駅 徒歩25～28分</li>
tokyo,tachikawa,昭島つつじが丘ハイツ,95800,,,,,,,昭島市つつじが丘3-4ほか,8号棟,鉄骨鉄筋コンクリート造,2,N,206号室,3DK,59,14,90100,5700,2か月,['近居割'],随時,https://www.ur-net.go.jp/chintai/kanto/tokyo/20_3380_room.html?JKSS=000080206,<li>JR青梅線「昭島」駅 徒歩9～11分</li><li>JR青梅線「中神」駅 徒歩13～15分</li><li>西武拝島線「西武立川」駅 徒歩25～28分</li>
tokyo,tachikawa,昭島つつじが丘ハイツ,96100,JR青梅線「昭島」駅,9.0,11.0,,,,昭島市つつじが丘3-4ほか,10号棟,鉄骨鉄筋コンクリート造,4,N,404号室,3DK,59,14,90400,5700,2か月,['近居割'],随時,https://www.ur-net.go.jp/chintai/kanto/tokyo/20_3380_room.html?JKSS=000100404,<li>JR青梅線「昭島」駅 徒歩9～11分</li><li>JR青梅線「中神」駅 徒歩13～15分</li><li>西武拝島線「西武立川」駅 徒歩25～28分</li>
tokyo,tachikawa,昭島つつじが丘ハイツ,96100,JR青梅線「中神」駅,13.0,15.0,,,,昭島市つつじが丘3-4ほか,10号棟,鉄骨鉄筋コンクリート造,4,N,404号室,3DK,59,14,90400,5700,2か月,['近居割'],随時,https://www.ur-net.go.jp/chintai/kanto/tokyo/20_3380_room.html?JKSS=000100404,<li>JR青梅線「昭島」駅 徒歩9～11分</li><li>JR青梅線「中神」駅 徒歩13～15分</li><li>西武拝島線「西武立川」駅 徒歩25～28分</li>
tokyo,tachikawa,昭島つつじが丘ハイツ,96100,西武拝島線「西武立川」駅,25.0,28.0,,,,昭島市つつじが丘3-4ほか,10号棟,鉄骨鉄筋コンクリート造,4,N,404号室,3DK,59,14,90400,5700,2か月,['近居割'],随時,https://www.ur-net.go.jp/chintai/kanto/tokyo/20_3380_room.html?JKSS=000100404,<li>JR青梅線「昭島」駅 徒歩9～11分</li><li>JR青梅線「中神」駅 徒歩13～15分</li><li>西武拝島線「西武立川」駅 徒歩25～28分</li>
tokyo,tachikawa,昭島つつじが丘ハイツ,96100,,,,,,,昭島市つつじが丘3-4ほか,10号棟,鉄骨鉄筋コンクリート造,4,N,404号室,3DK,59,14,90400,5700,2か月,['近居割'],随時,https://www.ur-net.go.jp/chintai/kanto/tokyo/20_3380_room.html?JKSS=000100404,<li>JR青梅線「昭島」駅 徒歩9～11分</li><li>JR青梅線「中神」駅 徒歩13～15分</li><li>西武拝島線「西武立川」駅 徒歩25～28分</li>
tokyo,kichijoji,グリーンタウン小金井,144300,JR中央線「武蔵小金井」駅,16.0,19.0,JR中央線「武蔵小金井」駅,10.0,12.0,小金井市緑町4-12-16ほか,12号棟,鉄筋コンクリート造,3,N,302号室,2DK,51,6,137900,6400,2か月,['近居割'],2026年8月4日以降,https://www.ur-net.go.jp/chintai/kanto/tokyo/20_6270_room.html?JKSS=000120302,<li>JR中央線「武蔵小金井」駅 徒歩16～19分 またはバス5分 徒歩5～7分</li><li>西武新宿線「花小金井」駅バス8分 徒歩9～11分</li><li>JR中央線「東小金井」駅 徒歩18～20分 またはバス10分 徒歩1～3分</li>
tokyo,kichijoji,グリーンタウン小金井,144300,,,,西武新宿線「花小金井」駅,17.0,19.0,小金井市緑町4-12-16ほか,12号棟,鉄筋コンクリート造,3,N,302号室,2DK,51,6,137900,6400,2か月,['近居割'],2026年8月4日以降,https://www.ur-net.go.jp/chintai/kanto/tokyo/20_6270_room.html?JKSS=000120302,<li>JR中央線「武蔵小金井」駅 徒歩16～19分 またはバス5分 徒歩5～7分</li><li>西武新宿線「花小金井」駅バス8分 徒歩9～11分</li><li>JR中央線「東小金井」駅 徒歩18～20分 またはバス10分 徒歩1～3分</li>
tokyo,kichijoji,グリーンタウン小金井,144300,JR中央線「東小金井」駅,18.0,20.0,JR中央線「東小金井」駅,11.0,13.0,小金井市緑町4-12-16ほか,12号棟,鉄筋コンクリート造,3,N,302号室,2DK,51,6,137900,6400,2か月,['近居割'],2026年8月4日以降,https://www.ur-net.go.jp/chintai/kanto/tokyo/20_6270_room.html?JKSS=000120302,<li>JR中央線「武蔵小金井」駅 徒歩16～19分 またはバス5分 徒歩5～7分</li><li>西武新宿線「花小金井」駅バス8分 徒歩9～11分</li><li>JR中央線「東小金井」駅 徒歩18～20分 またはバス10分 徒歩1～3分</li>
tokyo,kichijoji,グリーンタウン小金井,144300,,,,,,,小金井市緑町4-12-16ほか,12号棟,鉄筋コンクリート造,3,N,302号室,2DK,51,6,137900,6400,2か月,['近居割'],2026年8月4日以降,https://www.ur-net.go.jp/chintai/kanto/tokyo/20_6270_room.html?JKSS=000120302,<li>JR中央線「武蔵小金井」駅 徒歩16～19分 またはバス5分 徒歩5～7分</li><li>西武新宿線「花小金井」駅バス8分 徒歩9～11分</li><li>JR中央線「東小金井」駅 徒歩18～20分 またはバス10分 徒歩1～3分</li>
tokyo,kichijoji,グリーンタウン小金井,145100,JR中央線「武蔵小金井」駅,16.0,19.0,JR中央線「武蔵小金井」駅,10.0,12.0,小金井市緑町4-12-16ほか,3号棟,鉄筋コンクリート造,4,N,409号室,2DK,51,6,138700,6400,2か月,['近居割'],随時,https://www.ur-net.go.jp/chintai/kanto/tokyo/20_6270_room.html?JKSS=000030409,<li>JR中央線「武蔵小金井」駅 徒歩16～19分 またはバス5分 徒歩5～7分</li><li>西武新宿線「花小金井」駅バス8分 徒歩9～11分</li><li>JR中央線「東小金井」駅 徒歩18～20分 またはバス10分 徒歩1～3分</li>
tokyo,kichijoji,グリーンタウン小金井,145100,,,,西武新宿線「花小金井」駅,17.0,19.0,小金井市緑町4-12-16ほか,3号棟,鉄筋コンクリート造,4,N,409号室,2DK,51,6,138700,6400,2か月,['近居割'],随時,https://www.ur-net.go.jp/chintai/kanto/tokyo/20_6270_room.html?JKSS=000030409,<li>JR中央線「武蔵小金井」駅 徒歩16～19分 またはバス5分 徒歩5～7分</li><li>西武新宿線「花小金井」駅バス8分 徒歩9～11分</li><li>JR中央線「東小金井」駅 徒歩18～20分 またはバス10分 徒歩1～3分</li>
tokyo,kichijoji,グリーンタウン小金井,145100,JR中央線「東小金井」駅,18.0,20.0,JR中央線「東小金井」駅,11.0,13.0,小金井市緑町4-12-16ほか,3号棟,鉄筋コンクリート造,4,N,409号室,2DK,51,6,138700,6400,2か月,['近居割'],随時,https://www.ur-net.go.jp/chintai/kanto/tokyo/20_6270_room.html?JKSS=000030409,<li>JR中央線「武蔵小金井」駅 徒歩16～19分 またはバス5分 徒歩5～7分</li><li>西武新宿線「花小金井」駅バス8分 徒歩9～11分</li><li>JR中央線「東小金井」駅 徒歩18～20分 またはバス10分 徒歩1～3分</li>
tokyo,kichijoji,グリーンタウン小金井,145100,,,,,,,小金井市緑町4-12-16ほか,3号棟,鉄筋コンクリート造,4,N,409号室,2DK,51,6,138700,6400,2か月,['近居割'],随時,https://www.ur-net.go.jp/chintai/kanto/tokyo/20_6270_room.html?JKSS=000030409,<li>JR中央線「武蔵小金井」駅 徒歩16～19分 またはバス5分 徒歩5～7分</li><li>西武新宿線「花小金井」駅バス8分 徒歩9～11分</li><li>JR中央線「東小金井」駅 徒歩18～20分 またはバス10分 徒歩1～3分</li>
tokyo,kichijoji,プラザ新小金井,156500,JR中央線「東小金井」駅,10.0,15.0,,,,小金井市東町4-23ほか,6号棟,鉄筋コンクリート造,2,N,203号室,3DK,60,3,149400,7100,2か月,['近居割'],随時,https://www.ur-net.go.jp/chintai/kanto/tokyo/20_5140_room.html?JKSS=000060203,<li>JR中央線「東小金井」駅 徒歩10～15分</li><li>西武多摩川線「新小金井」駅 徒歩1～3分</li><li>JR中央線「武蔵境」駅 徒歩26～28分</li>
tokyo,kichijoji,プラザ新小金井,156500,西武多摩川線「新小金井」駅,1.0,3.0,,,,小金井市東町4-23ほか,6号棟,鉄筋コンクリート造,2,N,203号室,3DK,60,3,149400,7100,2か月,['近居割'],随時,https://www.ur-net.go.jp/chintai/kanto/tokyo/20_5140_room.html?JKSS=000060203,<li>JR中央線「東小金井」駅 徒歩10～15分</li><li>西武多摩川線「新小金井」駅 徒歩1～3分</li><li>JR中央線「武蔵境」駅 徒歩26～28分</li>
tokyo,kichijoji,プラザ新小金井,156500,JR中央線「武蔵境」駅,26.0,28.0,,,,小金井市東町4-23ほか,6号棟,鉄筋コンクリート造,2,N,203号室,3DK,60,3,149400,7100,2か月,['近居割'],随時,https://www.ur-net.go.jp/chintai/kanto/tokyo/20_5140_room.html?JKSS=000060203,<li>JR中央線「東小金井」駅 徒歩10～15分</li><li>西武多摩川線「新小金井」駅 徒歩1～3分</li><li>JR中央線「武蔵境」駅 徒歩26～28分</li>
tokyo,kichijoji,プラザ新小金井,156500,,,,,,,小金井市東町4-23ほか,6号棟,鉄筋コンクリート造,2,N,203号室,3DK,60,3,149400,7100,2か月,['近居割'],随時,https://www.ur-net.go.jp/chintai/kanto/tokyo/20_5140_room.html?JKSS=000060203,<li>JR中央線「東小金井」駅 徒歩10～15分</li><li>西武多摩川線「新小金井」駅 徒歩1～3分</li><li>JR中央線「武蔵境」駅 徒歩26～28分</li>
tokyo,kumegawa,小平,74070,西武多摩湖線「一橋学園」駅,11.0,19.0,,,,小平市喜平町3,1-4号棟,鉄筋コンクリート造,5,N,508号室,3DK,50,5,71300,2770,2か月,['近居割'],随時,https://www.ur-net.go.jp/chintai/kanto/tokyo/20_1290_room.html?JKSS=000104508,<li>西武多摩湖線「一橋学園」駅 徒歩11～19分</li><li>JR中央線「国分寺」駅バス13分 徒歩1～7分</li><li>西武新宿線「小平」駅バス6分 徒歩1～10分</li><li>JR中央線「武蔵小金井」駅バス15分 徒歩1～7分</li>
tokyo,kumegawa,小平,74070,,,,JR中央線「国分寺」駅,14.0,20.0,小平市喜平町3,1-4号棟,鉄筋コンクリート造,5,N,508号室,3DK,50,5,71300,2770,2か月,['近居割'],随時,https://www.ur-net.go.jp/chintai/kanto/tokyo/20_1290_room.html?JKSS=000104508,<li>西武多摩湖線「一橋学園」駅 徒歩11～19分</li><li>JR中央線「国分寺」駅バス13分 徒歩1～7分</li><li>西武新宿線「小平」駅バス6分 徒歩1～10分</li><li>JR中央線「武蔵小金井」駅バス15分 徒歩1～7分</li>
tokyo,kumegawa,小平,74070,,,,西武新宿線「小平」駅,7.0,16.0,小平市喜平町3,1-4号棟,鉄筋コンクリート造,5,N,508号室,3DK,50,5,71300,2770,2か月,['近居割'],随時,https://www.ur-net.go.jp/chintai/kanto/tokyo/20_1290_room.html?JKSS=000104508,<li>西武多摩湖線「一橋学園」駅 徒歩11～19分</li><li>JR中央線「国分寺」駅バス13分 徒歩1～7分</li><li>西武新宿線「小平」駅バス6分 徒歩1～10分</li><li>JR中央線「武蔵小金井」駅バス15分 徒歩1～7分</li>
tokyo,kumegawa,小平,74070,,,,JR中央線「武蔵小金井」駅,16.0,22.0,小平市喜平町3,1-4号棟,鉄筋コンクリート造,5,N,508号室,3DK,50,5,71300,2770,2か月,['近居割'],随時,https://www.ur-net.go.jp/chintai/kanto/tokyo/20_1290_room.html?JKSS=000104508,<li>西武多摩湖線「一橋学園」駅 徒歩11～19分</li><li>JR中央線「国分寺」駅バス13分 徒歩1～7分</li><li>西武新宿線「小平」駅バス6分 徒歩1～10分</li><li>JR中央線「武蔵小金井」駅バス15分 徒歩1～7分</li>
tokyo,kumegawa,小平,74070,,,,,,,小平市喜平町3,1-4号棟,鉄筋コンクリート造,5,N,508号室,3DK,50,5,71300,2770,2か月,['近居割'],随時,https://www.ur-net.go.jp/chintai/kanto/tokyo/20_1290_room.html?JKSS=000104508,<li>西武多摩湖線「一橋学園」駅 徒歩11～19分</li><li>JR中央線「国分寺」駅バス13分 徒歩1～7分</li><li>西武新宿線「小平」駅バス6分 徒歩1～10分</li><li>JR中央線「武蔵小金井」駅バス15分 徒歩1～7分</li>
tokyo,kumegawa,小平,76970,西武多摩湖線「一橋学園」駅,11.0,19.0,,,,小平市喜平町3,2-6号棟,鉄筋コンクリート造,4,N,410号室,3DK,50,5,74200,2770,2か月,['近居割'],随時,https://www.ur-net.go.jp/chintai/kanto/tokyo/20_1290_room.html?JKSS=000206410,<li>西武多摩湖線「一橋学園」駅 徒歩11～19分</li><li>JR中央線「国分寺」駅バス13分 徒歩1～7分</li><li>西武新宿線「小平」駅バス6分 徒歩1～10分</li><li>JR中央線「武蔵小金井」駅バス15分 徒歩1～7分</li>
tokyo,kumegawa,小平,76970,,,,JR中央線「国分寺」駅,14.0,20.0,小平市喜平町3,2-6号棟,鉄筋コンクリート造,4,N,410号室,3DK,50,5,74200,2770,2か月,['近居割'],随時,https://www.ur-net.go.jp/chintai/kanto/tokyo/20_1290_room.html?JKSS=000206410,<li>西武多摩湖線「一橋学園」駅 徒歩11～19分</li><li>JR中央線「国分寺」駅バス13分 徒歩1～7分</li><li>西武新宿線「小平」駅バス6分 徒歩1～10分</li><li>JR中央線「武蔵小金井」駅バス15分 徒歩1～7分</li>
tokyo,kumegawa,小平,76970,,,,西武新宿線「小平」駅,7.0,16.0,小平市喜平町3,2-6号棟,鉄筋コンクリート造,4,N,410号室,3DK,50,5,74200,2770,2か月,['近居割'],随時,https://www.ur-net.go.jp/chintai/kanto/tokyo/20_1290_room.html?JKSS=000206410,<li>西武多摩湖線「一橋学園」駅 徒歩11～19分</li><li>JR中央線「国分寺」駅バス13分 徒歩1～7分</li><li>西武新宿線「小平」駅バス6分 徒歩1～10分</li><li>JR中央線「武蔵小金井」駅バス15分 徒歩1～7分</li>
tokyo,kumegawa,小平,76970,,,,JR中央線「武蔵小金井」駅,16.0,22.0,小平市喜平町3,2-6号棟,鉄筋コンクリート造,4,N,410号室,3DK,50,5,74200,2770,2か月,['近居割'],随時,https://www.ur-net.go.jp/chintai/kanto/tokyo/20_1290_room.html?JKSS=000206410,<li>西武多摩湖線「一橋学園」駅 徒歩11～19分</li><li>JR中央線「国分寺」駅バス13分 徒歩1～7分</li><li>西武新宿線「小平」駅バス6分 徒歩1～10分</li><li>JR中央線「武蔵小金井」駅バス15分 徒歩1～7分</li>
tokyo,kumegawa,小平,76970,,,,,,,小平市喜平町3,2-6号棟,鉄筋コンクリート造,4,N,410号室,3DK,50,5,74200,2770,2か月,['近居割'],随時,https://www.ur-net.go.jp/chintai/kanto/tokyo/20_1290_room.html?JKSS=000206410,<li>西武多摩湖線「一橋学園」駅 徒歩11～19分</li><li>JR中央線「国分寺」駅バス13分 徒歩1～7分</li><li>西武新宿線「小平」駅バス6分 徒歩1～10分</li><li>JR中央線「武蔵小金井」駅バス15分 徒歩1～7分</li>
tokyo,kumegawa,小平,96270,西武多摩湖線「一橋学園」駅,11.0,19.0,,,,小平市喜平町3,1-14号棟,鉄筋コンクリート造,3,N,304号室,4K,61,5,93500,2770,2か月,['近居割'],随時,https://www.ur-net.go.jp/chintai/kanto/tokyo/20_1290_room.html?JKSS=000114304,<li>西武多摩湖線「一橋学園」駅 徒歩11～19分</li><li>JR中央線「国分寺」駅バス13分 徒歩1～7分</li><li>西武新宿線「小平」駅バス6分 徒歩1～10分</li><li>JR中央線「武蔵小金井」駅バス15分 徒歩1～7分</li>
tokyo,kumegawa,小平,96270,,,,JR中央線「国分寺」駅,14.0,20.0,小平市喜平町3,1-14号棟,鉄筋コンクリート造,3,N,304号室,4K,61,5,93500,2770,2か月,['近居割'],随時,https://www.ur-net.go.jp/chintai/kanto/tokyo/20_1290_room.html?JKSS=000114304,<li>西武多摩湖線「一橋学園」駅 徒歩11～19分</li><li>JR中央線「国分寺」駅バス13分 徒歩1～7分</li><li>西武新宿線「小平」駅バス6分 徒歩1～10分</li><li>JR中央線「武蔵小金井」駅バス15分 徒歩1～7分</li>
tokyo,kumegawa,小平,96270,,,,西武新宿線「小平」駅,7.0,16.0,小平市喜平町3,1-14号棟,鉄筋コンクリート造,3,N,304号室,4K,61,5,93500,2770,2か月,['近居割'],随時,https://www.ur-net.go.jp/chintai/kanto/tokyo/20_1290_room.html?JKSS=000114304,<li>西武多摩湖線「一橋学園」駅 徒歩11～19分</li><li>JR中央線「国分寺」駅バス13分 徒歩1～7分</li><li>西武新宿線「小平」駅バス6分 徒歩1～10分</li><li>JR中央線「武蔵小金井」駅バス15分 徒歩1～7分</li>
tokyo,kumegawa,小平,96270,,,,JR中央線「武蔵小金井」駅,16.0,22.0,小平市喜平町3,1-14号棟,鉄筋コンクリート造,3,N,304号室,4K,61,5,93500,2770,2か月,['近居割'],随時,https://www.ur-net.go.jp/chintai/kanto/tokyo/20_1290_room.html?JKSS=000114304,<li>西武多摩湖線「一橋学園」駅 徒歩11～19分</li><li>JR中央線「国分寺」駅バス13分 徒歩1～7分</li><li>西武新宿線「小平」駅バス6分 徒歩1～10分</li><li>JR中央線「武蔵小金井」駅バス15分 徒歩1～7分</li>
tokyo,kumegawa,小平,96270,,,,,,,小平市喜平町3,1-14号棟,鉄筋コンクリート造,3,N,304号室,4K,61,5,93500,2770,2か月,['近居割'],随時,https://www.ur-net.go.jp/chintai/kanto/tokyo/20_1290_room.html?JKSS=000114304,<li>西武多摩湖線「一橋学園」駅 徒歩11～19分</li><li>JR中央線「国分寺」駅バス13分 徒歩1～7分</li><li>西武新宿線「小平」駅バス6分 徒歩1～10分</li><li>JR中央線「武蔵小金井」駅バス15分 徒歩1～7分</li>
tokyo,hibarigaoka,小平駅南口,82800,西武新宿線ほか｢小平｣駅,1.0,1.0,,,,小平市美園町1-33-1,,鉄筋コンクリート造,3,N,312号室,2DK,44,10,78100,4700,2か月,['URライト（4年定借）'],随時,https://www.ur-net.go.jp/chintai/kanto/tokyo/20_1770_room.html?JKSS=000010312,<li>西武新宿線ほか｢小平｣駅 徒歩1分</li>
tokyo,hibarigaoka,小平駅南口,82800,,,,,,,小平市美園町1-33-1,,鉄筋コンクリート造,3,N,312号室,2DK,44,10,78100,4700,2か月,['URライト（4年定借）'],随時,https://www.ur-net.go.jp/chintai/kanto/tokyo/20_1770_room.html?JKSS=000010312,<li>西武新宿線ほか｢小平｣駅 徒歩1分</li>
tokyo,hibarigaoka,小平駅南口,87700,西武新宿線ほか｢小平｣駅,1.0,1.0,,,,小平市美園町1-33-1,,鉄筋コンクリート造,8,N,802号室,2DK,44,10,83000,4700,2か月,['URライト（4年定借）'],随時,https://www.ur-net.go.jp/chintai/kanto/tokyo/20_1770_room.html?JKSS=000010802,<li>西武新宿線ほか｢小平｣駅 徒歩1分</li>
tokyo,hibarigaoka,小平駅南口,87700,,,,,,,小平市美園町1-33-1,,鉄筋コンクリート造,8,N,802号室,2DK,44,10,83000,4700,2か月,['URライト（4年定借）'],随時,https://www.ur-net.go.jp/chintai/kanto/tokyo/20_1770_room.html?JKSS=000010802,<li>西武新宿線ほか｢小平｣駅 徒歩1分</li>
tokyo,hibarigaoka,小平駅南口,91600,西武新宿線ほか｢小平｣駅,1.0,1.0,,,,小平市美園町1-33-1,,鉄筋コンクリート造,5,N,501号室,2DK,46,10,86900,4700,2か月,['URライト（4年定借）'],随時,https://www.ur-net.go.jp/chintai/kanto/tokyo/20_1770_room.html?JKSS=000010501,<li>西武新宿線ほか｢小平｣駅 徒歩1分</li>
tokyo,hibarigaoka,小平駅南口,91600,,,,,,,小平市美園町1-33-1,,鉄筋コンクリート造,5,N,501号室,2DK,46,10,86900,4700,2か月,['URライト（4年定借）'],随時,https://www.ur-net.go.jp/chintai/kanto/tokyo/20_1770_room.html?JKSS=000010501,<li>西武新宿線ほか｢小平｣駅 徒歩1分</li>
tokyo,nagayama,百草,56850,京王線「高幡不動」駅,19.0,32.0,京王線「高幡不動」駅,8.0,16.0,多摩市和田1261、日野市百草999,2-6-7号棟,鉄筋コンクリート造,2,N,206号室,2DK,43,5,52100,4750,2か月,"['近居割', '近居割WIDE']",随時,https://www.ur-net.go.jp/chintai/kanto/tokyo/20_1870_room.html?JKSS=206070206,<li>京王線「高幡不動」駅 徒歩19～32分 またはバス7～8分 徒歩1～8分</li><li>京王線「聖蹟桜ヶ丘」駅バス14～15分 徒歩1～8分</li><li>京王相模原線「京王多摩センター」駅バス9分 徒歩2～13分</li>
tokyo,nagayama,百草,56850,,,,京王線「聖蹟桜ヶ丘」駅,15.0,23.0,多摩市和田1261、日野市百草999,2-6-7号棟,鉄筋コンクリート造,2,N,206号室,2DK,43,5,52100,4750,2か月,"['近居割', '近居割WIDE']",随時,https://www.ur-net.go.jp/chintai/kanto/tokyo/20_1870_room.html?JKSS=206070206,<li>京王線「高幡不動」駅 徒歩19～32分 またはバス7～8分 徒歩1～8分</li><li>京王線「聖蹟桜ヶ丘」駅バス14～15分 徒歩1～8分</li><li>京王相模原線「京王多摩センター」駅バス9分 徒歩2～13分</li>
tokyo,nagayama,百草,56850,,,,京王相模原線「京王多摩センター」駅,11.0,22.0,多摩市和田1261、日野市百草999,2-6-7号棟,鉄筋コンクリート造,2,N,206号室,2DK,43,5,52100,4750,2か月,"['近居割', '近居割WIDE']",随時,https://www.ur-net.go.jp/chintai/kanto/tokyo/20_1870_room.html?JKSS=206070206,<li>京王線「高幡不動」駅 徒歩19～32分 またはバス7～8分 徒歩1～8分</li><li>京王線「聖蹟桜ヶ丘」駅バス14～15分 徒歩1～8分</li><li>京王相模原線「京王多摩センター」駅バス9分 徒歩2～13分</li>
tokyo,nagayama,百草,56850,,,,,,,多摩市和田1261、日野市百草999,2-6-7号棟,鉄筋コンクリート造,2,N,206号室,2DK,43,5,52100,4750,2か月,"['近居割', '近居割WIDE']",随時,https://www.ur-net.go.jp/chintai/kanto/tokyo/20_1870_room.html?JKSS=206070206,<li>京王線「高幡不動」駅 徒歩19～32分 またはバス7～8分 徒歩1～8分</li><li>京王線「聖蹟桜ヶ丘」駅バス14～15分 徒歩1～8分</li><li>京王相模原線「京王多摩センター」駅バス9分 徒歩2～13分</li>
tokyo,nagayama,百草,67650,京王線「高幡不動」駅,19.0,32.0,京王線「高幡不動」駅,8.0,16.0,多摩市和田1261、日野市百草999,1-3-1号棟,鉄筋コンクリート造,1,N,106号室,3K,50,5,62900,4750,2か月,"['近居割', '近居割WIDE']",随時,https://www.ur-net.go.jp/chintai/kanto/tokyo/20_1870_room.html?JKSS=103010106,<li>京王線「高幡不動」駅 徒歩19～32分 またはバス7～8分 徒歩1～8分</li><li>京王線「聖蹟桜ヶ丘」駅バス14～15分 徒歩1～8分</li><li>京王相模原線「京王多摩センター」駅バス9分 徒歩2～13分</li>
tokyo,nagayama,百草,67650,,,,京王線「聖蹟桜ヶ丘」駅,15.0,23.0,多摩市和田1261、日野市百草999,1-3-1号棟,鉄筋コンクリート造,1,N,106号室,3K,50,5,62900,4750,2か月,"['近居割', '近居割WIDE']",随時,https://www.ur-net.go.jp/chintai/kanto/tokyo/20_1870_room.html?JKSS=103010106,<li>京王線「高幡不動」駅 徒歩19～32分 またはバス7～8分 徒歩1～8分</li><li>京王線「聖蹟桜ヶ丘」駅バス14～15分 徒歩1～8分</li><li>京王相模原線「京王多摩センター」駅バス9分 徒歩2～13分</li>
tokyo,nagayama,百草,67650,,,,京王相模原線「京王多摩センター」駅,11.0,22.0,多摩市和田1261、日野市百草999,1-3-1号棟,鉄筋コンクリート造,1,N,106号室,3K,50,5,62900,4750,2か月,"['近居割', '近居割WIDE']",随時,https://www.ur-net.go.jp/chintai/kanto/tokyo/20_1870_room.html?JKSS=103010106,<li>京王線「高幡不動」駅 徒歩19～32分 またはバス7～8分 徒歩1～8分</li><li>京王線「聖蹟桜ヶ丘」駅バス14～15分 徒歩1～8分</li><li>京王相模原線「京王多摩センター」駅バス9分 徒歩2～13分</li>
tokyo,nagayama,百草,67650,,,,,,,多摩市和田1261、日野市百草999,1-3-1号棟,鉄筋コンクリート造,1,N,106号室,3K,50,5,62900,4750,2か月,"['近居割', '近居割WIDE']",随時,https://www.ur-net.go.jp/chintai/kanto/tokyo/20_1870_room.html?JKSS=103010106,<li>京王線「高幡不動」駅 徒歩19～32分 またはバス7～8分 徒歩1～8分</li><li>京王線「聖蹟桜ヶ丘」駅バス14～15分 徒歩1～8分</li><li>京王相模原線「京王多摩センター」駅バス9分 徒歩2～13分</li>
tokyo,nagayama,百草,70950,京王線「高幡不動」駅,19.0,32.0,京王線「高幡不動」駅,8.0,16.0,多摩市和田1261、日野市百草999,1-3-1号棟,鉄筋コンクリート造,1,N,104号室,2DK,50,5,66200,4750,2か月,['健康寿命サポート'],随時,https://www.ur-net.go.jp/chintai/kanto/tokyo/20_1870_room.html?JKSS=103010104,<li>京王線「高幡不動」駅 徒歩19～32分 またはバス7～8分 徒歩1～8分</li><li>京王線「聖蹟桜ヶ丘」駅バス14～15分 徒歩1～8分</li><li>京王相模原線「京王多摩センター」駅バス9分 徒歩2～13分</li>
tokyo,nagayama,百草,70950,,,,京王線「聖蹟桜ヶ丘」駅,15.0,23.0,多摩市和田1261、日野市百草999,1-3-1号棟,鉄筋コンクリート造,1,N,104号室,2DK,50,5,66200,4750,2か月,['健康寿命サポート'],随時,https://www.ur-net.go.jp/chintai/kanto/tokyo/20_1870_room.html?JKSS=103010104,<li>京王線「高幡不動」駅 徒歩19～32分 またはバス7～8分 徒歩1～8分</li><li>京王線「聖蹟桜ヶ丘」駅バス14～15分 徒歩1～8分</li><li>京王相模原線「京王多摩センター」駅バス9分 徒歩2～13分</li>
tokyo,nagayama,百草,70950,,,,京王相模原線「京王多摩センター」駅,11.0,22.0,多摩市和田1261、日野市百草999,1-3-1号棟,鉄筋コンクリート造,1,N,104号室,2DK,50,5,66200,4750,2か月,['健康寿命サポート'],随時,https://www.ur-net.go.jp/chintai/kanto/tokyo/20_1870_room.html?JKSS=103010104,<li>京王線「高幡不動」駅 徒歩19～32分 またはバス7～8分 徒歩1～8分</li><li>京王線「聖蹟桜ヶ丘」駅バス14～15分 徒歩1～8分</li><li>京王相模原線「京王多摩センター」駅バス9分 徒歩2～13分</li>
tokyo,nagayama,百草,70950,,,,,,,多摩市和田1261、日野市百草999,1-3-1号棟,鉄筋コンクリート造,1,N,104号室,2DK,50,5,66200,4750,2か月,['健康寿命サポート'],随時,https://www.ur-net.go.jp/chintai/kanto/tokyo/20_1870_room.html?JKSS=103010104,<li>京王線「高幡不動」駅 徒歩19～32分 またはバス7～8分 徒歩1～8分</li><li>京王線「聖蹟桜ヶ丘」駅バス14～15分 徒歩1～8分</li><li>京王相模原線「京王多摩センター」駅バス9分 徒歩2～13分</li>
tokyo,nagayama,百草,75250,京王線「高幡不動」駅,19.0,32.0,京王線「高幡不動」駅,8.0,16.0,多摩市和田1261、日野市百草999,1-3-4号棟,鉄筋コンクリート造,2,N,211号室,3DK,55,5,70500,4750,2か月,['健康寿命サポート'],随時,https://www.ur-net.go.jp/chintai/kanto/tokyo/20_1870_room.html?JKSS=103040211,<li>京王線「高幡不動」駅 徒歩19～32分 またはバス7～8分 徒歩1～8分</li><li>京王線「聖蹟桜ヶ丘」駅バス14～15分 徒歩1～8分</li><li>京王相模原線「京王多摩センター」駅バス9分 徒歩2～13分</li>
tokyo,nagayama,百草,75250,,,,京王線「聖蹟桜ヶ丘」駅,15.0,23.0,多摩市和田1261、日野市百草999,1-3-4号棟,鉄筋コンクリート造,2,N,211号室,3DK,55,5,70500,4750,2か月,['健康寿命サポート'],随時,https://www.ur-net.go.jp/chintai/kanto/tokyo/20_1870_room.html?JKSS=103040211,<li>京王線「高幡不動」駅 徒歩19～32分 またはバス7～8分 徒歩1～8分</li><li>京王線「聖蹟桜ヶ丘」駅バス14～15分 徒歩1～8分</li><li>京王相模原線「京王多摩センター」駅バス9分 徒歩2～13分</li>
tokyo,nagayama,百草,75250,,,,京王相模原線「京王多摩センター」駅,11.0,22.0,多摩市和田1261、日野市百草999,1-3-4号棟,鉄筋コンクリート造,2,N,211号室,3DK,55,5,70500,4750,2か月,['健康寿命サポート'],随時,https://www.ur-net.go.jp/chintai/kanto/tokyo/20_1870_room.html?JKSS=103040211,<li>京王線「高幡不動」駅 徒歩19～32分 またはバス7～8分 徒歩1～8分</li><li>京王線「聖蹟桜ヶ丘」駅バス14～15分 徒歩1～8分</li><li>京王相模原線「京王多摩センター」駅バス9分 徒歩2～13分</li>
tokyo,nagayama,百草,75250,,,,,,,多摩市和田1261、日野市百草999,1-3-4号棟,鉄筋コンクリート造,2,N,211号室,3DK,55,5,70500,4750,2か月,['健康寿命サポート'],随時,https://www.ur-net.go.jp/chintai/kanto/tokyo/20_1870_room.html?JKSS=103040211,<li>京王線「高幡不動」駅 徒歩19～32分 またはバス7～8分 徒歩1～8分</li><li>京王線「聖蹟桜ヶ丘」駅バス14～15分 徒歩1～8分</li><li>京王相模原線「京王多摩センター」駅バス9分 徒歩2～13分</li>
tokyo,nagayama,高幡台,70400,京王線「高幡不動」駅,17.0,25.0,京王線「高幡不動」駅,6.0,14.0,日野市程久保650,33号棟,鉄筋コンクリート造,4,N,403号室,3DK,54,5,66100,4300,2か月,"['近居割', '近居割WIDE']",随時,https://www.ur-net.go.jp/chintai/kanto/tokyo/20_1970_room.html?JKSS=000330403,<li>京王線「高幡不動」駅 徒歩17～25分 またはバス4分 徒歩2～10分</li><li>多摩都市モノレール「程久保」駅 徒歩9～14分</li><li>多摩都市モノレール「多摩動物公園」駅 徒歩12～23分</li>
tokyo,nagayama,高幡台,70400,多摩都市モノレール「程久保」駅,9.0,14.0,,,,日野市程久保650,33号棟,鉄筋コンクリート造,4,N,403号室,3DK,54,5,66100,4300,2か月,"['近居割', '近居割WIDE']",随時,https://www.ur-net.go.jp/chintai/kanto/tokyo/20_1970_room.html?JKSS=000330403,<li>京王線「高幡不動」駅 徒歩17～25分 またはバス4分 徒歩2～10分</li><li>多摩都市モノレール「程久保」駅 徒歩9～14分</li><li>多摩都市モノレール「多摩動物公園」駅 徒歩12～23分</li>
tokyo,nagayama,高幡台,70400,多摩都市モノレール「多摩動物公園」駅,12.0,23.0,,,,日野市程久保650,33号棟,鉄筋コンクリート造,4,N,403号室,3DK,54,5,66100,4300,2か月,"['近居割', '近居割WIDE']",随時,https://www.ur-net.go.jp/chintai/kanto/tokyo/20_1970_room.html?JKSS=000330403,<li>京王線「高幡不動」駅 徒歩17～25分 またはバス4分 徒歩2～10分</li><li>多摩都市モノレール「程久保」駅 徒歩9～14分</li><li>多摩都市モノレール「多摩動物公園」駅 徒歩12～23分</li>
tokyo,nagayama,高幡台,70400,,,,,,,日野市程久保650,33号棟,鉄筋コンクリート造,4,N,403号室,3DK,54,5,66100,4300,2か月,"['近居割', '近居割WIDE']",随時,https://www.ur-net.go.jp/chintai/kanto/tokyo/20_1970_room.html?JKSS=000330403,<li>京王線「高幡不動」駅 徒歩17～25分 またはバス4分 徒歩2～10分</li><li>多摩都市モノレール「程久保」駅 徒歩9～14分</li><li>多摩都市モノレール「多摩動物公園」駅 徒歩12～23分</li>
tokyo,nagayama,高幡台,70400,京王線「高幡不動」駅,17.0,25.0,京王線「高幡不動」駅,6.0,14.0,日野市程久保650,61号棟,鉄筋コンクリート造,4,N,401号室,3DK,54,5,66100,4300,2か月,"['近居割', '近居割WIDE']",随時,https://www.ur-net.go.jp/chintai/kanto/tokyo/20_1970_room.html?JKSS=000610401,<li>京王線「高幡不動」駅 徒歩17～25分 またはバス4分 徒歩2～10分</li><li>多摩都市モノレール「程久保」駅 徒歩9～14分</li><li>多摩都市モノレール「多摩動物公園」駅 徒歩12～23分</li>
tokyo,nagayama,高幡台,70400,多摩都市モノレール「程久保」駅,9.0,14.0,,,,日野市程久保650,61号棟,鉄筋コンクリート造,4,N,401号室,3DK,54,5,66100,4300,2か月,"['近居割', '近居割WIDE']",随時,https://www.ur-net.go.jp/chintai/kanto/tokyo/20_1970_room.html?JKSS=000610401,<li>京王線「高幡不動」駅 徒歩17～25分 またはバス4分 徒歩2～10分</li><li>多摩都市モノレール「程久保」駅 徒歩9～14分</li><li>多摩都市モノレール「多摩動物公園」駅 徒歩12～23分</li>
tokyo,nagayama,高幡台,70400,多摩都市モノレール「多摩動物公園」駅,12.0,23.0,,,,日野市程久保650,61号棟,鉄筋コンクリート造,4,N,401号室,3DK,54,5,66100,4300,2か月,"['近居割', '近居割WIDE']",随時,https://www.ur-net.go.jp/chintai/kanto/tokyo/20_1970_room.html?JKSS=000610401,<li>京王線「高幡不動」駅 徒歩17～25分 またはバス4分 徒歩2～10分</li><li>多摩都市モノレール「程久保」駅 徒歩9～14分</li><li>多摩都市モノレール「多摩動物公園」駅 徒歩12～23分</li>
tokyo,nagayama,高幡台,70400,,,,,,,日野市程久保650,61号棟,鉄筋コンクリート造,4,N,401号室,3DK,54,5,66100,4300,2か月,"['近居割', '近居割WIDE']",随時,https://www.ur-net.go.jp/chintai/kanto/tokyo/20_1970_room.html?JKSS=000610401,<li>京王線「高幡不動」駅 徒歩17～25分 またはバス4分 徒歩2～10分</li><li>多摩都市モノレール「程久保」駅 徒歩9～14分</li><li>多摩都市モノレール「多摩動物公園」駅 徒歩12～23分</li>
tokyo,nagayama,高幡台,74900,京王線「高幡不動」駅,17.0,25.0,京王線「高幡不動」駅,6.0,14.0,日野市程久保650,33号棟,鉄筋コンクリート造,3,N,304号室,3DK,54,5,70600,4300,2か月,"['近居割', '近居割WIDE']",随時,https://www.ur-net.go.jp/chintai/kanto/tokyo/20_1970_room.html?JKSS=000330304,<li>京王線「高幡不動」駅 徒歩17～25分 またはバス4分 徒歩2～10分</li><li>多摩都市モノレール「程久保」駅 徒歩9～14分</li><li>多摩都市モノレール「多摩動物公園」駅 徒歩12～23分</li>
tokyo,nagayama,高幡台,74900,多摩都市モノレール「程久保」駅,9.0,14.0,,,,日野市程久保650,33号棟,鉄筋コンクリート造,3,N,304号室,3DK,54,5,70600,4300,2か月,"['近居割', '近居割WIDE']",随時,https://www.ur-net.go.jp/chintai/kanto/tokyo/20_1970_room.html?JKSS=000330304,<li>京王線「高幡不動」駅 徒歩17～25分 またはバス4分 徒歩2～10分</li><li>多摩都市モノレール「程久保」駅 徒歩9～14分</li><li>多摩都市モノレール「多摩動物公園」駅 徒歩12～23分</li>
tokyo,nagayama,高幡台,74900,多摩都市モノレール「多摩動物公園」駅,12.0,23.0,,,,日野市程久保650,33号棟,鉄筋コンクリート造,3,N,304号室,3DK,54,5,70600,4300,2か月,"['近居割', '近居割WIDE']",随時,https://www.ur-net.go.jp/chintai/kanto/tokyo/20_1970_room.html?JKSS=000330304,<li>京王線「高幡不動」駅 徒歩17～25分 またはバス4分 徒歩2～10分</li><li>多摩都市モノレール「程久保」駅 徒歩9～14分</li><li>多摩都市モノレール「多摩動物公園」駅 徒歩12～23分</li>
tokyo,nagayama,高幡台,74900,,,,,,,日野市程久保650,33号棟,鉄筋コンクリート造,3,N,304号室,3DK,54,5,70600,4300,2か月,"['近居割', '近居割WIDE']",随時,https://www.ur-net.go.jp/chintai/kanto/tokyo/20_1970_room.html?JKSS=000330304,<li>京王線「高幡不動」駅 徒歩17～25分 またはバス4分 徒歩2～10分</li><li>多摩都市モノレール「程久保」駅 徒歩9～14分</li><li>多摩都市モノレール「多摩動物公園」駅 徒歩12～23分</li>
tokyo,hachioji,シティハイツ日野旭が丘,96600,JR中央線「豊田」駅,20.0,24.0,JR中央線「豊田」駅,8.0,13.0,日野市旭が丘4-7-5,3号棟,鉄筋コンクリート造、鉄骨鉄筋コンクリート造,5,N,514号室,2DK,51,6,93900,2700,2か月,"['近居割', '近居割WIDE']",随時,https://www.ur-net.go.jp/chintai/kanto/tokyo/20_4360_room.html?JKSS=000030514,<li>JR中央線「豊田」駅 徒歩20～24分 またはバス7分 徒歩1～6分</li><li>京王線「長沼」駅 徒歩26～28分</li><li>JR八高線「北八王子」駅 徒歩23～25分</li>
tokyo,hachioji,シティハイツ日野旭が丘,96600,京王線「長沼」駅,26.0,28.0,,,,日野市旭が丘4-7-5,3号棟,鉄筋コンクリート造、鉄骨鉄筋コンクリート造,5,N,514号室,2DK,51,6,93900,2700,2か月,"['近居割', '近居割WIDE']",随時,https://www.ur-net.go.jp/chintai/kanto/tokyo/20_4360_room.html?JKSS=000030514,<li>JR中央線「豊田」駅 徒歩20～24分 またはバス7分 徒歩1～6分</li><li>京王線「長沼」駅 徒歩26～28分</li><li>JR八高線「北八王子」駅 徒歩23～25分</li>
tokyo,hachioji,シティハイツ日野旭が丘,96600,JR八高線「北八王子」駅,23.0,25.0,,,,日野市旭が丘4-7-5,3号棟,鉄筋コンクリート造、鉄骨鉄筋コンクリート造,5,N,514号室,2DK,51,6,93900,2700,2か月,"['近居割', '近居割WIDE']",随時,https://www.ur-net.go.jp/chintai/kanto/tokyo/20_4360_room.html?JKSS=000030514,<li>JR中央線「豊田」駅 徒歩20～24分 またはバス7分 徒歩1～6分</li><li>京王線「長沼」駅 徒歩26～28分</li><li>JR八高線「北八王子」駅 徒歩23～25分</li>
tokyo,hachioji,シティハイツ日野旭が丘,96600,,,,,,,日野市旭が丘4-7-5,3号棟,鉄筋コンクリート造、鉄骨鉄筋コンクリート造,5,N,514号室,2DK,51,6,93900,2700,2か月,"['近居割', '近居割WIDE']",随時,https://www.ur-net.go.jp/chintai/kanto/tokyo/20_4360_room.html?JKSS=000030514,<li>JR中央線「豊田」駅 徒歩20～24分 またはバス7分 徒歩1～6分</li><li>京王線「長沼」駅 徒歩26～28分</li><li>JR八高線「北八王子」駅 徒歩23～25分</li>
tokyo,hachioji,シティハイツ日野旭が丘,110500,JR中央線「豊田」駅,20.0,24.0,JR中央線「豊田」駅,8.0,13.0,日野市旭が丘4-7-5,3号棟,鉄筋コンクリート造、鉄骨鉄筋コンクリート造,2,N,207号室,2LDK,76,6,107800,2700,2か月,"['近居割', '近居割WIDE']",随時,https://www.ur-net.go.jp/chintai/kanto/tokyo/20_4360_room.html?JKSS=000030207,<li>JR中央線「豊田」駅 徒歩20～24分 またはバス7分 徒歩1～6分</li><li>京王線「長沼」駅 徒歩26～28分</li><li>JR八高線「北八王子」駅 徒歩23～25分</li>
tokyo,hachioji,シティハイツ日野旭が丘,110500,京王線「長沼」駅,26.0,28.0,,,,日野市旭が丘4-7-5,3号棟,鉄筋コンクリート造、鉄骨鉄筋コンクリート造,2,N,207号室,2LDK,76,6,107800,2700,2か月,"['近居割', '近居割WIDE']",随時,https://www.ur-net.go.jp/chintai/kanto/tokyo/20_4360_room.html?JKSS=000030207,<li>JR中央線「豊田」駅 徒歩20～24分 またはバス7分 徒歩1～6分</li><li>京王線「長沼」駅 徒歩26～28分</li><li>JR八高線「北八王子」駅 徒歩23～25分</li>
tokyo,hachioji,シティハイツ日野旭が丘,110500,JR八高線「北八王子」駅,23.0,25.0,,,,日野市旭が丘4-7-5,3号棟,鉄筋コンクリート造、鉄骨鉄筋コンクリート造,2,N,207号室,2LDK,76,6,107800,2700,2か月,"['近居割', '近居割WIDE']",随時,https://www.ur-net.go.jp/chintai/kanto/tokyo/20_4360_room.html?JKSS=000030207,<li>JR中央線「豊田」駅 徒歩20～24分 またはバス7分 徒歩1～6分</li><li>京王線「長沼」駅 徒歩26～28分</li><li>JR八高線「北八王子」駅 徒歩23～25分</li>
tokyo,hachioji,シティハイツ日野旭が丘,110500,,,,,,,日野市旭が丘4-7-5,3号棟,鉄筋コンクリート造、鉄骨鉄筋コンクリート造,2,N,207号室,2LDK,76,6,107800,2700,2か月,"['近居割', '近居割WIDE']",随時,https://www.ur-net.go.jp/chintai/kanto/tokyo/20_4360_room.html?JKSS=000030207,<li>JR中央線「豊田」駅 徒歩20～24分 またはバス7分 徒歩1～6分</li><li>京王線「長沼」駅 徒歩26～28分</li><li>JR八高線「北八王子」駅 徒歩23～25分</li>
tokyo,hachioji,シティハイツ日野旭が丘,115100,JR中央線「豊田」駅,20.0,24.0,JR中央線「豊田」駅,8.0,13.0,日野市旭が丘4-7-5,2号棟,鉄筋コンクリート造、鉄骨鉄筋コンクリート造,6,N,610号室,2LDK,80,11,112400,2700,2か月,"['近居割', '近居割WIDE']",随時,https://www.ur-net.go.jp/chintai/kanto/tokyo/20_4360_room.html?JKSS=000020610,<li>JR中央線「豊田」駅 徒歩20～24分 またはバス7分 徒歩1～6分</li><li>京王線「長沼」駅 徒歩26～28分</li><li>JR八高線「北八王子」駅 徒歩23～25分</li>
tokyo,hachioji,シティハイツ日野旭が丘,115100,京王線「長沼」駅,26.0,28.0,,,,日野市旭が丘4-7-5,2号棟,鉄筋コンクリート造、鉄骨鉄筋コンクリート造,6,N,610号室,2LDK,80,11,112400,2700,2か月,"['近居割', '近居割WIDE']",随時,https://www.ur-net.go.jp/chintai/kanto/tokyo/20_4360_room.html?JKSS=000020610,<li>JR中央線「豊田」駅 徒歩20～24分 またはバス7分 徒歩1～6分</li><li>京王線「長沼」駅 徒歩26～28分</li><li>JR八高線「北八王子」駅 徒歩23～25分</li>
tokyo,hachioji,シティハイツ日野旭が丘,115100,JR八高線「北八王子」駅,23.0,25.0,,,,日野市旭が丘4-7-5,2号棟,鉄筋コンクリート造、鉄骨鉄筋コンクリート造,6,N,610号室,2LDK,80,11,112400,2700,2か月,"['近居割', '近居割WIDE']",随時,https://www.ur-net.go.jp/chintai/kanto/tokyo/20_4360_room.html?JKSS=000020610,<li>JR中央線「豊田」駅 徒歩20～24分 またはバス7分 徒歩1～6分</li><li>京王線「長沼」駅 徒歩26～28分</li><li>JR八高線「北八王子」駅 徒歩23～25分</li>
tokyo,hachioji,シティハイツ日野旭が丘,115100,,,,,,,日野市旭が丘4-7-5,2号棟,鉄筋コンクリート造、鉄骨鉄筋コンクリート造,6,N,610号室,2LDK,80,11,112400,2700,2か月,"['近居割', '近居割WIDE']",随時,https://www.ur-net.go.jp/chintai/kanto/tokyo/20_4360_room.html?JKSS=000020610,<li>JR中央線「豊田」駅 徒歩20～24分 またはバス7分 徒歩1～6分</li><li>京王線「長沼」駅 徒歩26～28分</li><li>JR八高線「北八王子」駅 徒歩23～25分</li>
tokyo,hachioji,多摩平の森,144900,JR中央線「豊田」駅,7.0,15.0,,,,日野市多摩平4-6ほか,3-3号棟,鉄筋コンクリート造,8,N,803号室,1LDK,52,8,140900,4000,2か月,"['近居割', '近居割WIDE']",随時,https://www.ur-net.go.jp/chintai/kanto/tokyo/20_6510_room.html?JKSS=003030803,<li>JR中央線「豊田」駅 徒歩7～15分</li><li>JR中央線「日野」駅 徒歩24～33分</li><li>京王線「南平」駅 徒歩25～32分</li>
tokyo,hachioji,多摩平の森,144900,JR中央線「日野」駅,24.0,33.0,,,,日野市多摩平4-6ほか,3-3号棟,鉄筋コンクリート造,8,N,803号室,1LDK,52,8,140900,4000,2か月,"['近居割', '近居割WIDE']",随時,https://www.ur-net.go.jp/chintai/kanto/tokyo/20_6510_room.html?JKSS=003030803,<li>JR中央線「豊田」駅 徒歩7～15分</li><li>JR中央線「日野」駅 徒歩24～33分</li><li>京王線「南平」駅 徒歩25～32分</li>
tokyo,hachioji,多摩平の森,144900,京王線「南平」駅,25.0,32.0,,,,日野市多摩平4-6ほか,3-3号棟,鉄筋コンクリート造,8,N,803号室,1LDK,52,8,140900,4000,2か月,"['近居割', '近居割WIDE']",随時,https://www.ur-net.go.jp/chintai/kanto/tokyo/20_6510_room.html?JKSS=003030803,<li>JR中央線「豊田」駅 徒歩7～15分</li><li>JR中央線「日野」駅 徒歩24～33分</li><li>京王線「南平」駅 徒歩25～32分</li>
tokyo,hachioji,多摩平の森,144900,,,,,,,日野市多摩平4-6ほか,3-3号棟,鉄筋コンクリート造,8,N,803号室,1LDK,52,8,140900,4000,2か月,"['近居割', '近居割WIDE']",随時,https://www.ur-net.go.jp/chintai/kanto/tokyo/20_6510_room.html?JKSS=003030803,<li>JR中央線「豊田」駅 徒歩7～15分</li><li>JR中央線「日野」駅 徒歩24～33分</li><li>京王線「南平」駅 徒歩25～32分</li>
tokyo,tachikawa,西国分寺ライフタワー,161300,JR中央線ほか「西国分寺」駅,2.0,2.0,,,,国分寺市泉町2-9-1,,鉄筋コンクリート造,5,N,513号室,1LDK,60,24,155100,6200,2か月,['近居割'],随時,https://www.ur-net.go.jp/chintai/kanto/tokyo/20_6960_room.html?JKSS=000000513,<li>JR中央線ほか「西国分寺」駅 徒歩2分</li>
tokyo,tachikawa,西国分寺ライフタワー,161300,,,,,,,国分寺市泉町2-9-1,,鉄筋コンクリート造,5,N,513号室,1LDK,60,24,155100,6200,2か月,['近居割'],随時,https://www.ur-net.go.jp/chintai/kanto/tokyo/20_6960_room.html?JKSS=000000513,<li>JR中央線ほか「西国分寺」駅 徒歩2分</li>
tokyo,tachikawa,西国分寺ゆかり参番街,173900,JR中央線「西国分寺」駅,6.0,7.0,,,,国分寺市泉町2-5,1号棟,鉄筋コンクリート造,2,N,211号室,3LDK,69,12,169400,4500,2か月,['近居割'],随時,https://www.ur-net.go.jp/chintai/kanto/tokyo/20_6360_room.html?JKSS=000010211,<li>JR中央線「西国分寺」駅 徒歩6～7分</li><li>JR中央線「国分寺」駅 徒歩20～21分</li><li>JR中央線「国立」駅 徒歩29～31分</li>
tokyo,tachikawa,西国分寺ゆかり参番街,173900,JR中央線「国分寺」駅,20.0,21.0,,,,国分寺市泉町2-5,1号棟,鉄筋コンクリート造,2,N,211号室,3LDK,69,12,169400,4500,2か月,['近居割'],随時,https://www.ur-net.go.jp/chintai/kanto/tokyo/20_6360_room.html?JKSS=000010211,<li>JR中央線「西国分寺」駅 徒歩6～7分</li><li>JR中央線「国分寺」駅 徒歩20～21分</li><li>JR中央線「国立」駅 徒歩29～31分</li>
tokyo,tachikawa,西国分寺ゆかり参番街,173900,JR中央線「国立」駅,29.0,31.0,,,,国分寺市泉町2-5,1号棟,鉄筋コンクリート造,2,N,211号室,3LDK,69,12,169400,4500,2か月,['近居割'],随時,https://www.ur-net.go.jp/chintai/kanto/tokyo/20_6360_room.html?JKSS=000010211,<li>JR中央線「西国分寺」駅 徒歩6～7分</li><li>JR中央線「国分寺」駅 徒歩20～21分</li><li>JR中央線「国立」駅 徒歩29～31分</li>
tokyo,tachikawa,西国分寺ゆかり参番街,173900,,,,,,,国分寺市泉町2-5,1号棟,鉄筋コンクリート造,2,N,211号室,3LDK,69,12,169400,4500,2か月,['近居割'],随時,https://www.ur-net.go.jp/chintai/kanto/tokyo/20_6360_room.html?JKSS=000010211,<li>JR中央線「西国分寺」駅 徒歩6～7分</li><li>JR中央線「国分寺」駅 徒歩20～21分</li><li>JR中央線「国立」駅 徒歩29～31分</li>
tokyo,chofu,神代,95300,京王線「つつじケ丘」駅,7.0,19.0,,,,調布市西つつじヶ丘4-23、狛江市西野川1-25,57号棟,鉄筋コンクリート造,5,N,512号室,3DK,50,5,91500,3800,2か月,['URライト（4年定借）'],随時,https://www.ur-net.go.jp/chintai/kanto/tokyo/20_1320_room.html?JKSS=000057512,<li>京王線「つつじケ丘」駅 徒歩7～19分</li><li>小田急小田原線「成城学園前」駅バス11～15分 徒歩1～5分</li><li>小田急小田原線「狛江」駅バス7～9分 徒歩1～5分</li>
tokyo,chofu,神代,95300,,,,小田急小田原線「成城学園前」駅,12.0,20.0,調布市西つつじヶ丘4-23、狛江市西野川1-25,57号棟,鉄筋コンクリート造,5,N,512号室,3DK,50,5,91500,3800,2か月,['URライト（4年定借）'],随時,https://www.ur-net.go.jp/chintai/kanto/tokyo/20_1320_room.html?JKSS=000057512,<li>京王線「つつじケ丘」駅 徒歩7～19分</li><li>小田急小田原線「成城学園前」駅バス11～15分 徒歩1～5分</li><li>小田急小田原線「狛江」駅バス7～9分 徒歩1～5分</li>
tokyo,chofu,神代,95300,,,,小田急小田原線「狛江」駅,8.0,14.0,調布市西つつじヶ丘4-23、狛江市西野川1-25,57号棟,鉄筋コンクリート造,5,N,512号室,3DK,50,5,91500,3800,2か月,['URライト（4年定借）'],随時,https://www.ur-net.go.jp/chintai/kanto/tokyo/20_1320_room.html?JKSS=000057512,<li>京王線「つつじケ丘」駅 徒歩7～19分</li><li>小田急小田原線「成城学園前」駅バス11～15分 徒歩1～5分</li><li>小田急小田原線「狛江」駅バス7～9分 徒歩1～5分</li>
tokyo,chofu,神代,95300,,,,,,,調布市西つつじヶ丘4-23、狛江市西野川1-25,57号棟,鉄筋コンクリート造,5,N,512号室,3DK,50,5,91500,3800,2か月,['URライト（4年定借）'],随時,https://www.ur-net.go.jp/chintai/kanto/tokyo/20_1320_room.html?JKSS=000057512,<li>京王線「つつじケ丘」駅 徒歩7～19分</li><li>小田急小田原線「成城学園前」駅バス11～15分 徒歩1～5分</li><li>小田急小田原線「狛江」駅バス7～9分 徒歩1～5分</li>
tokyo,hibarigaoka,滝山,64700,,,,西武新宿線「花小金井」駅,10.0,14.0,東久留米市滝山6-1,1-22号棟,鉄筋コンクリート造,5,N,502号室,2DK,40,5,61800,2900,2か月,"['近居割', '近居割WIDE']",随時,https://www.ur-net.go.jp/chintai/kanto/tokyo/20_1730_room.html?JKSS=000122502,<li>西武新宿線「花小金井」駅バス8分　徒歩2～6分</li><li>西武池袋線「東久留米」駅バス12分　徒歩2～6分</li><li>西武新宿線「小平」駅徒歩29～34分</li>
tokyo,hibarigaoka,滝山,64700,,,,西武池袋線「東久留米」駅,14.0,18.0,東久留米市滝山6-1,1-22号棟,鉄筋コンクリート造,5,N,502号室,2DK,40,5,61800,2900,2か月,"['近居割', '近居割WIDE']",随時,https://www.ur-net.go.jp/chintai/kanto/tokyo/20_1730_room.html?JKSS=000122502,<li>西武新宿線「花小金井」駅バス8分　徒歩2～6分</li><li>西武池袋線「東久留米」駅バス12分　徒歩2～6分</li><li>西武新宿線「小平」駅徒歩29～34分</li>
tokyo,hibarigaoka,滝山,64700,西武新宿線「小平」駅,29.0,34.0,,,,東久留米市滝山6-1,1-22号棟,鉄筋コンクリート造,5,N,502号室,2DK,40,5,61800,2900,2か月,"['近居割', '近居割WIDE']",随時,https://www.ur-net.go.jp/chintai/kanto/tokyo/20_1730_room.html?JKSS=000122502,<li>西武新宿線「花小金井」駅バス8分　徒歩2～6分</li><li>西武池袋線「東久留米」駅バス12分　徒歩2～6分</li><li>西武新宿線「小平」駅徒歩29～34分</li>
tokyo,hibarigaoka,滝山,64700,,,,,,,東久留米市滝山6-1,1-22号棟,鉄筋コンクリート造,5,N,502号室,2DK,40,5,61800,2900,2か月,"['近居割', '近居割WIDE']",随時,https://www.ur-net.go.jp/chintai/kanto/tokyo/20_1730_room.html?JKSS=000122502,<li>西武新宿線「花小金井」駅バス8分　徒歩2～6分</li><li>西武池袋線「東久留米」駅バス12分　徒歩2～6分</li><li>西武新宿線「小平」駅徒歩29～34分</li>
tokyo,hibarigaoka,滝山,92500,,,,西武新宿線「花小金井」駅,10.0,14.0,東久留米市滝山6-1,1-21号棟,鉄筋コンクリート造,5,N,508号室,3DK,61,5,89600,2900,2か月,"['近居割', '近居割WIDE']",随時,https://www.ur-net.go.jp/chintai/kanto/tokyo/20_1730_room.html?JKSS=000121508,<li>西武新宿線「花小金井」駅バス8分　徒歩2～6分</li><li>西武池袋線「東久留米」駅バス12分　徒歩2～6分</li><li>西武新宿線「小平」駅徒歩29～34分</li>
tokyo,hibarigaoka,滝山,92500,,,,西武池袋線「東久留米」駅,14.0,18.0,東久留米市滝山6-1,1-21号棟,鉄筋コンクリート造,5,N,508号室,3DK,61,5,89600,2900,2か月,"['近居割', '近居割WIDE']",随時,https://www.ur-net.go.jp/chintai/kanto/tokyo/20_1730_room.html?JKSS=000121508,<li>西武新宿線「花小金井」駅バス8分　徒歩2～6分</li><li>西武池袋線「東久留米」駅バス12分　徒歩2～6分</li><li>西武新宿線「小平」駅徒歩29～34分</li>
tokyo,hibarigaoka,滝山,92500,西武新宿線「小平」駅,29.0,34.0,,,,東久留米市滝山6-1,1-21号棟,鉄筋コンクリート造,5,N,508号室,3DK,61,5,89600,2900,2か月,"['近居割', '近居割WIDE']",随時,https://www.ur-net.go.jp/chintai/kanto/tokyo/20_1730_room.html?JKSS=000121508,<li>西武新宿線「花小金井」駅バス8分　徒歩2～6分</li><li>西武池袋線「東久留米」駅バス12分　徒歩2～6分</li><li>西武新宿線「小平」駅徒歩29～34分</li>
tokyo,hibarigaoka,滝山,92500,,,,,,,東久留米市滝山6-1,1-21号棟,鉄筋コンクリート造,5,N,508号室,3DK,61,5,89600,2900,2か月,"['近居割', '近居割WIDE']",随時,https://www.ur-net.go.jp/chintai/kanto/tokyo/20_1730_room.html?JKSS=000121508,<li>西武新宿線「花小金井」駅バス8分　徒歩2～6分</li><li>西武池袋線「東久留米」駅バス12分　徒歩2～6分</li><li>西武新宿線「小平」駅徒歩29～34分</li>
tokyo,hibarigaoka,グリーンヒルズ東久留米,101400,西武池袋線「東久留米」駅,17.0,24.0,西武池袋線「東久留米」駅,6.0,10.0,東久留米市上の原1-3ほか,3号棟,鉄筋コンクリート造,4,N,402号室,1DK,43,10,95300,6100,2か月,"['近居割', '近居割WIDE']",随時,https://www.ur-net.go.jp/chintai/kanto/tokyo/20_6880_room.html?JKSS=000030402,<li>西武池袋線「東久留米」駅 徒歩17～24分 またはバス5分 徒歩1～5分</li><li>JR武蔵野線「新座」駅バス20分 徒歩1～5分</li><li>西武池袋線「清瀬」駅 徒歩31～34分</li>
tokyo,hibarigaoka,グリーンヒルズ東久留米,101400,,,,JR武蔵野線「新座」駅,21.0,25.0,東久留米市上の原1-3ほか,3号棟,鉄筋コンクリート造,4,N,402号室,1DK,43,10,95300,6100,2か月,"['近居割', '近居割WIDE']",随時,https://www.ur-net.go.jp/chintai/kanto/tokyo/20_6880_room.html?JKSS=000030402,<li>西武池袋線「東久留米」駅 徒歩17～24分 またはバス5分 徒歩1～5分</li><li>JR武蔵野線「新座」駅バス20分 徒歩1～5分</li><li>西武池袋線「清瀬」駅 徒歩31～34分</li>
tokyo,hibarigaoka,グリーンヒルズ東久留米,101400,西武池袋線「清瀬」駅,31.0,34.0,,,,東久留米市上の原1-3ほか,3号棟,鉄筋コンクリート造,4,N,402号室,1DK,43,10,95300,6100,2か月,"['近居割', '近居割WIDE']",随時,https://www.ur-net.go.jp/chintai/kanto/tokyo/20_6880_room.html?JKSS=000030402,<li>西武池袋線「東久留米」駅 徒歩17～24分 またはバス5分 徒歩1～5分</li><li>JR武蔵野線「新座」駅バス20分 徒歩1～5分</li><li>西武池袋線「清瀬」駅 徒歩31～34分</li>
tokyo,hibarigaoka,グリーンヒルズ東久留米,101400,,,,,,,東久留米市上の原1-3ほか,3号棟,鉄筋コンクリート造,4,N,402号室,1DK,43,10,95300,6100,2か月,"['近居割', '近居割WIDE']",随時,https://www.ur-net.go.jp/chintai/kanto/tokyo/20_6880_room.html?JKSS=000030402,<li>西武池袋線「東久留米」駅 徒歩17～24分 またはバス5分 徒歩1～5分</li><li>JR武蔵野線「新座」駅バス20分 徒歩1～5分</li><li>西武池袋線「清瀬」駅 徒歩31～34分</li>
tokyo,hibarigaoka,グリーンヒルズ東久留米,103300,西武池袋線「東久留米」駅,17.0,24.0,西武池袋線「東久留米」駅,6.0,10.0,東久留米市上の原1-3ほか,4号棟,鉄筋コンクリート造,1,N,104号室,1DK,44,10,97200,6100,2か月,"['近居割', '近居割WIDE']",随時,https://www.ur-net.go.jp/chintai/kanto/tokyo/20_6880_room.html?JKSS=000040104,<li>西武池袋線「東久留米」駅 徒歩17～24分 またはバス5分 徒歩1～5分</li><li>JR武蔵野線「新座」駅バス20分 徒歩1～5分</li><li>西武池袋線「清瀬」駅 徒歩31～34分</li>
tokyo,hibarigaoka,グリーンヒルズ東久留米,103300,,,,JR武蔵野線「新座」駅,21.0,25.0,東久留米市上の原1-3ほか,4号棟,鉄筋コンクリート造,1,N,104号室,1DK,44,10,97200,6100,2か月,"['近居割', '近居割WIDE']",随時,https://www.ur-net.go.jp/chintai/kanto/tokyo/20_6880_room.html?JKSS=000040104,<li>西武池袋線「東久留米」駅 徒歩17～24分 またはバス5分 徒歩1～5分</li><li>JR武蔵野線「新座」駅バス20分 徒歩1～5分</li><li>西武池袋線「清瀬」駅 徒歩31～34分</li>
tokyo,hibarigaoka,グリーンヒルズ東久留米,103300,西武池袋線「清瀬」駅,31.0,34.0,,,,東久留米市上の原1-3ほか,4号棟,鉄筋コンクリート造,1,N,104号室,1DK,44,10,97200,6100,2か月,"['近居割', '近居割WIDE']",随時,https://www.ur-net.go.jp/chintai/kanto/tokyo/20_6880_room.html?JKSS=000040104,<li>西武池袋線「東久留米」駅 徒歩17～24分 またはバス5分 徒歩1～5分</li><li>JR武蔵野線「新座」駅バス20分 徒歩1～5分</li><li>西武池袋線「清瀬」駅 徒歩31～34分</li>
tokyo,hibarigaoka,グリーンヒルズ東久留米,103300,,,,,,,東久留米市上の原1-3ほか,4号棟,鉄筋コンクリート造,1,N,104号室,1DK,44,10,97200,6100,2か月,"['近居割', '近居割WIDE']",随時,https://www.ur-net.go.jp/chintai/kanto/tokyo/20_6880_room.html?JKSS=000040104,<li>西武池袋線「東久留米」駅 徒歩17～24分 またはバス5分 徒歩1～5分</li><li>JR武蔵野線「新座」駅バス20分 徒歩1～5分</li><li>西武池袋線「清瀬」駅 徒歩31～34分</li>
tokyo,hibarigaoka,グリーンヒルズ東久留米,112000,西武池袋線「東久留米」駅,17.0,24.0,西武池袋線「東久留米」駅,6.0,10.0,東久留米市上の原1-3ほか,2号棟,鉄筋コンクリート造,3,N,311号室,2DK,50,10,105900,6100,2か月,"['近居割', '近居割WIDE']",随時,https://www.ur-net.go.jp/chintai/kanto/tokyo/20_6880_room.html?JKSS=000020311,<li>西武池袋線「東久留米」駅 徒歩17～24分 またはバス5分 徒歩1～5分</li><li>JR武蔵野線「新座」駅バス20分 徒歩1～5分</li><li>西武池袋線「清瀬」駅 徒歩31～34分</li>
tokyo,hibarigaoka,グリーンヒルズ東久留米,112000,,,,JR武蔵野線「新座」駅,21.0,25.0,東久留米市上の原1-3ほか,2号棟,鉄筋コンクリート造,3,N,311号室,2DK,50,10,105900,6100,2か月,"['近居割', '近居割WIDE']",随時,https://www.ur-net.go.jp/chintai/kanto/tokyo/20_6880_room.html?JKSS=000020311,<li>西武池袋線「東久留米」駅 徒歩17～24分 またはバス5分 徒歩1～5分</li><li>JR武蔵野線「新座」駅バス20分 徒歩1～5分</li><li>西武池袋線「清瀬」駅 徒歩31～34分</li>
tokyo,hibarigaoka,グリーンヒルズ東久留米,112000,西武池袋線「清瀬」駅,31.0,34.0,,,,東久留米市上の原1-3ほか,2号棟,鉄筋コンクリート造,3,N,311号室,2DK,50,10,105900,6100,2か月,"['近居割', '近居割WIDE']",随時,https://www.ur-net.go.jp/chintai/kanto/tokyo/20_6880_room.html?JKSS=000020311,<li>西武池袋線「東久留米」駅 徒歩17～24分 またはバス5分 徒歩1～5分</li><li>JR武蔵野線「新座」駅バス20分 徒歩1～5分</li><li>西武池袋線「清瀬」駅 徒歩31～34分</li>
tokyo,hibarigaoka,グリーンヒルズ東久留米,112000,,,,,,,東久留米市上の原1-3ほか,2号棟,鉄筋コンクリート造,3,N,311号室,2DK,50,10,105900,6100,2か月,"['近居割', '近居割WIDE']",随時,https://www.ur-net.go.jp/chintai/kanto/tokyo/20_6880_room.html?JKSS=000020311,<li>西武池袋線「東久留米」駅 徒歩17～24分 またはバス5分 徒歩1～5分</li><li>JR武蔵野線「新座」駅バス20分 徒歩1～5分</li><li>西武池袋線「清瀬」駅 徒歩31～34分</li>
tokyo,hibarigaoka,グリーンヒルズ東久留米,113100,西武池袋線「東久留米」駅,17.0,24.0,西武池袋線「東久留米」駅,6.0,10.0,東久留米市上の原1-3ほか,2号棟,鉄筋コンクリート造,3,N,313号室,1LDK,50,10,107000,6100,2か月,"['近居割', '近居割WIDE']",随時,https://www.ur-net.go.jp/chintai/kanto/tokyo/20_6880_room.html?JKSS=000020313,<li>西武池袋線「東久留米」駅 徒歩17～24分 またはバス5分 徒歩1～5分</li><li>JR武蔵野線「新座」駅バス20分 徒歩1～5分</li><li>西武池袋線「清瀬」駅 徒歩31～34分</li>
tokyo,hibarigaoka,グリーンヒルズ東久留米,113100,,,,JR武蔵野線「新座」駅,21.0,25.0,東久留米市上の原1-3ほか,2号棟,鉄筋コンクリート造,3,N,313号室,1LDK,50,10,107000,6100,2か月,"['近居割', '近居割WIDE']",随時,https://www.ur-net.go.jp/chintai/kanto/tokyo/20_6880_room.html?JKSS=000020313,<li>西武池袋線「東久留米」駅 徒歩17～24分 またはバス5分 徒歩1～5分</li><li>JR武蔵野線「新座」駅バス20分 徒歩1～5分</li><li>西武池袋線「清瀬」駅 徒歩31～34分</li>
tokyo,hibarigaoka,グリーンヒルズ東久留米,113100,西武池袋線「清瀬」駅,31.0,34.0,,,,東久留米市上の原1-3ほか,2号棟,鉄筋コンクリート造,3,N,313号室,1LDK,50,10,107000,6100,2か月,"['近居割', '近居割WIDE']",随時,https://www.ur-net.go.jp/chintai/kanto/tokyo/20_6880_room.html?JKSS=000020313,<li>西武池袋線「東久留米」駅 徒歩17～24分 またはバス5分 徒歩1～5分</li><li>JR武蔵野線「新座」駅バス20分 徒歩1～5分</li><li>西武池袋線「清瀬」駅 徒歩31～34分</li>
tokyo,hibarigaoka,グリーンヒルズ東久留米,113100,,,,,,,東久留米市上の原1-3ほか,2号棟,鉄筋コンクリート造,3,N,313号室,1LDK,50,10,107000,6100,2か月,"['近居割', '近居割WIDE']",随時,https://www.ur-net.go.jp/chintai/kanto/tokyo/20_6880_room.html?JKSS=000020313,<li>西武池袋線「東久留米」駅 徒歩17～24分 またはバス5分 徒歩1～5分</li><li>JR武蔵野線「新座」駅バス20分 徒歩1～5分</li><li>西武池袋線「清瀬」駅 徒歩31～34分</li>
tokyo,hibarigaoka,グリーンヒルズ東久留米,114300,西武池袋線「東久留米」駅,17.0,24.0,西武池袋線「東久留米」駅,6.0,10.0,東久留米市上の原1-3ほか,5号棟,鉄筋コンクリート造,7,N,706号室,2DK,50,10,108200,6100,2か月,"['近居割', '近居割WIDE']",随時,https://www.ur-net.go.jp/chintai/kanto/tokyo/20_6880_room.html?JKSS=000050706,<li>西武池袋線「東久留米」駅 徒歩17～24分 またはバス5分 徒歩1～5分</li><li>JR武蔵野線「新座」駅バス20分 徒歩1～5分</li><li>西武池袋線「清瀬」駅 徒歩31～34分</li>
tokyo,hibarigaoka,グリーンヒルズ東久留米,114300,,,,JR武蔵野線「新座」駅,21.0,25.0,東久留米市上の原1-3ほか,5号棟,鉄筋コンクリート造,7,N,706号室,2DK,50,10,108200,6100,2か月,"['近居割', '近居割WIDE']",随時,https://www.ur-net.go.jp/chintai/kanto/tokyo/20_6880_room.html?JKSS=000050706,<li>西武池袋線「東久留米」駅 徒歩17～24分 またはバス5分 徒歩1～5分</li><li>JR武蔵野線「新座」駅バス20分 徒歩1～5分</li><li>西武池袋線「清瀬」駅 徒歩31～34分</li>
tokyo,hibarigaoka,グリーンヒルズ東久留米,114300,西武池袋線「清瀬」駅,31.0,34.0,,,,東久留米市上の原1-3ほか,5号棟,鉄筋コンクリート造,7,N,706号室,2DK,50,10,108200,6100,2か月,"['近居割', '近居割WIDE']",随時,https://www.ur-net.go.jp/chintai/kanto/tokyo/20_6880_room.html?JKSS=000050706,<li>西武池袋線「東久留米」駅 徒歩17～24分 またはバス5分 徒歩1～5分</li><li>JR武蔵野線「新座」駅バス20分 徒歩1～5分</li><li>西武池袋線「清瀬」駅 徒歩31～34分</li>
tokyo,hibarigaoka,グリーンヒルズ東久留米,114300,,,,,,,東久留米市上の原1-3ほか,5号棟,鉄筋コンクリート造,7,N,706号室,2DK,50,10,108200,6100,2か月,"['近居割', '近居割WIDE']",随時,https://www.ur-net.go.jp/chintai/kanto/tokyo/20_6880_room.html?JKSS=000050706,<li>西武池袋線「東久留米」駅 徒歩17～24分 またはバス5分 徒歩1～5分</li><li>JR武蔵野線「新座」駅バス20分 徒歩1～5分</li><li>西武池袋線「清瀬」駅 徒歩31～34分</li>
tokyo,hibarigaoka,ひばりが丘パークヒルズ,129200,西武池袋線「ひばりヶ丘」駅,15.0,22.0,西武池袋線「ひばりヶ丘」駅,4.0,8.0,西東京市ひばりが丘3-5、東久留米市ひばりが丘団地6ほか,7-1号棟,鉄筋コンクリート造,4,N,404号室,1LDK,50,7,122200,7000,2か月,"['近居割', '近居割WIDE']",随時,https://www.ur-net.go.jp/chintai/kanto/tokyo/20_6771_room.html?JKSS=007010404,<li>西武池袋線「ひばりヶ丘」駅 徒歩15～22分 またはバス3～4分 徒歩1～4分</li><li>西武新宿線「田無」駅バス11～15分 徒歩1～4分</li><li>JR中央線「武蔵境」駅バス27～33分 徒歩1～4分</li>
tokyo,hibarigaoka,ひばりが丘パークヒルズ,129200,,,,西武新宿線「田無」駅,12.0,19.0,西東京市ひばりが丘3-5、東久留米市ひばりが丘団地6ほか,7-1号棟,鉄筋コンクリート造,4,N,404号室,1LDK,50,7,122200,7000,2か月,"['近居割', '近居割WIDE']",随時,https://www.ur-net.go.jp/chintai/kanto/tokyo/20_6771_room.html?JKSS=007010404,<li>西武池袋線「ひばりヶ丘」駅 徒歩15～22分 またはバス3～4分 徒歩1～4分</li><li>西武新宿線「田無」駅バス11～15分 徒歩1～4分</li><li>JR中央線「武蔵境」駅バス27～33分 徒歩1～4分</li>
tokyo,hibarigaoka,ひばりが丘パークヒルズ,129200,,,,JR中央線「武蔵境」駅,28.0,37.0,西東京市ひばりが丘3-5、東久留米市ひばりが丘団地6ほか,7-1号棟,鉄筋コンクリート造,4,N,404号室,1LDK,50,7,122200,7000,2か月,"['近居割', '近居割WIDE']",随時,https://www.ur-net.go.jp/chintai/kanto/tokyo/20_6771_room.html?JKSS=007010404,<li>西武池袋線「ひばりヶ丘」駅 徒歩15～22分 またはバス3～4分 徒歩1～4分</li><li>西武新宿線「田無」駅バス11～15分 徒歩1～4分</li><li>JR中央線「武蔵境」駅バス27～33分 徒歩1～4分</li>
tokyo,hibarigaoka,ひばりが丘パークヒルズ,129200,,,,,,,西東京市ひばりが丘3-5、東久留米市ひばりが丘団地6ほか,7-1号棟,鉄筋コンクリート造,4,N,404号室,1LDK,50,7,122200,7000,2か月,"['近居割', '近居割WIDE']",随時,https://www.ur-net.go.jp/chintai/kanto/tokyo/20_6771_room.html?JKSS=007010404,<li>西武池袋線「ひばりヶ丘」駅 徒歩15～22分 またはバス3～4分 徒歩1～4分</li><li>西武新宿線「田無」駅バス11～15分 徒歩1～4分</li><li>JR中央線「武蔵境」駅バス27～33分 徒歩1～4分</li>
tokyo,hibarigaoka,ひばりが丘パークヒルズ,130500,西武池袋線「ひばりヶ丘」駅,15.0,22.0,西武池袋線「ひばりヶ丘」駅,4.0,8.0,西東京市ひばりが丘3-5、東久留米市ひばりが丘団地6ほか,6-2号棟,鉄筋コンクリート造,6,N,603号室,2DK,50,7,123500,7000,2か月,"['近居割', '近居割WIDE']",随時,https://www.ur-net.go.jp/chintai/kanto/tokyo/20_6771_room.html?JKSS=006020603,<li>西武池袋線「ひばりヶ丘」駅 徒歩15～22分 またはバス3～4分 徒歩1～4分</li><li>西武新宿線「田無」駅バス11～15分 徒歩1～4分</li><li>JR中央線「武蔵境」駅バス27～33分 徒歩1～4分</li>
tokyo,hibarigaoka,ひばりが丘パークヒルズ,130500,,,,西武新宿線「田無」駅,12.0,19.0,西東京市ひばりが丘3-5、東久留米市ひばりが丘団地6ほか,6-2号棟,鉄筋コンクリート造,6,N,603号室,2DK,50,7,123500,7000,2か月,"['近居割', '近居割WIDE']",随時,https://www.ur-net.go.jp/chintai/kanto/tokyo/20_6771_room.html?JKSS=006020603,<li>西武池袋線「ひばりヶ丘」駅 徒歩15～22分 またはバス3～4分 徒歩1～4分</li><li>西武新宿線「田無」駅バス11～15分 徒歩1～4分</li><li>JR中央線「武蔵境」駅バス27～33分 徒歩1～4分</li>
tokyo,hibarigaoka,ひばりが丘パークヒルズ,130500,,,,JR中央線「武蔵境」駅,28.0,37.0,西東京市ひばりが丘3-5、東久留米市ひばりが丘団地6ほか,6-2号棟,鉄筋コンクリート造,6,N,603号室,2DK,50,7,123500,7000,2か月,"['近居割', '近居割WIDE']",随時,https://www.ur-net.go.jp/chintai/kanto/tokyo/20_6771_room.html?JKSS=006020603,<li>西武池袋線「ひばりヶ丘」駅 徒歩15～22分 またはバス3～4分 徒歩1～4分</li><li>西武新宿線「田無」駅バス11～15分 徒歩1～4分</li><li>JR中央線「武蔵境」駅バス27～33分 徒歩1～4分</li>
tokyo,hibarigaoka,ひばりが丘パークヒルズ,130500,,,,,,,西東京市ひばりが丘3-5、東久留米市ひばりが丘団地6ほか,6-2号棟,鉄筋コンクリート造,6,N,603号室,2DK,50,7,123500,7000,2か月,"['近居割', '近居割WIDE']",随時,https://www.ur-net.go.jp/chintai/kanto/tokyo/20_6771_room.html?JKSS=006020603,<li>西武池袋線「ひばりヶ丘」駅 徒歩15～22分 またはバス3～4分 徒歩1～4分</li><li>西武新宿線「田無」駅バス11～15分 徒歩1～4分</li><li>JR中央線「武蔵境」駅バス27～33分 徒歩1～4分</li>
tokyo,hibarigaoka,ひばりが丘パークヒルズ,156000,西武池袋線「ひばりヶ丘」駅,15.0,22.0,西武池袋線「ひばりヶ丘」駅,4.0,8.0,西東京市ひばりが丘3-5、東久留米市ひばりが丘団地6ほか,8-4号棟,鉄筋コンクリート造,1,N,101号室,3DK,61,8,149000,7000,2か月,"['近居割', '近居割WIDE']",随時,https://www.ur-net.go.jp/chintai/kanto/tokyo/20_6771_room.html?JKSS=008040101,<li>西武池袋線「ひばりヶ丘」駅 徒歩15～22分 またはバス3～4分 徒歩1～4分</li><li>西武新宿線「田無」駅バス11～15分 徒歩1～4分</li><li>JR中央線「武蔵境」駅バス27～33分 徒歩1～4分</li>
tokyo,hibarigaoka,ひばりが丘パークヒルズ,156000,,,,西武新宿線「田無」駅,12.0,19.0,西東京市ひばりが丘3-5、東久留米市ひばりが丘団地6ほか,8-4号棟,鉄筋コンクリート造,1,N,101号室,3DK,61,8,149000,7000,2か月,"['近居割', '近居割WIDE']",随時,https://www.ur-net.go.jp/chintai/kanto/tokyo/20_6771_room.html?JKSS=008040101,<li>西武池袋線「ひばりヶ丘」駅 徒歩15～22分 またはバス3～4分 徒歩1～4分</li><li>西武新宿線「田無」駅バス11～15分 徒歩1～4分</li><li>JR中央線「武蔵境」駅バス27～33分 徒歩1～4分</li>
tokyo,hibarigaoka,ひばりが丘パークヒルズ,156000,,,,JR中央線「武蔵境」駅,28.0,37.0,西東京市ひばりが丘3-5、東久留米市ひばりが丘団地6ほか,8-4号棟,鉄筋コンクリート造,1,N,101号室,3DK,61,8,149000,7000,2か月,"['近居割', '近居割WIDE']",随時,https://www.ur-net.go.jp/chintai/kanto/tokyo/20_6771_room.html?JKSS=008040101,<li>西武池袋線「ひばりヶ丘」駅 徒歩15～22分 またはバス3～4分 徒歩1～4分</li><li>西武新宿線「田無」駅バス11～15分 徒歩1～4分</li><li>JR中央線「武蔵境」駅バス27～33分 徒歩1～4分</li>
tokyo,hibarigaoka,ひばりが丘パークヒルズ,156000,,,,,,,西東京市ひばりが丘3-5、東久留米市ひばりが丘団地6ほか,8-4号棟,鉄筋コンクリート造,1,N,101号室,3DK,61,8,149000,7000,2か月,"['近居割', '近居割WIDE']",随時,https://www.ur-net.go.jp/chintai/kanto/tokyo/20_6771_room.html?JKSS=008040101,<li>西武池袋線「ひばりヶ丘」駅 徒歩15～22分 またはバス3～4分 徒歩1～4分</li><li>西武新宿線「田無」駅バス11～15分 徒歩1～4分</li><li>JR中央線「武蔵境」駅バス27～33分 徒歩1～4分</li>
tokyo,kumegawa,エステート大南公園,104600,西武拝島線「玉川上水」駅,13.0,15.0,,,,武蔵村山市大南4-21-1ほか,5号棟,鉄筋コンクリート造,2,N,203号室,3LDK,74,5,102300,2300,2か月,['近居割'],随時,https://www.ur-net.go.jp/chintai/kanto/tokyo/20_4130_room.html?JKSS=000050203,<li>西武拝島線「玉川上水」駅 徒歩13～15分</li><li>多摩都市モノレール「桜街道」駅 徒歩13～14分</li><li>西武拝島線「武蔵砂川」駅 徒歩26～27分</li>
tokyo,kumegawa,エステート大南公園,104600,多摩都市モノレール「桜街道」駅,13.0,14.0,,,,武蔵村山市大南4-21-1ほか,5号棟,鉄筋コンクリート造,2,N,203号室,3LDK,74,5,102300,2300,2か月,['近居割'],随時,https://www.ur-net.go.jp/chintai/kanto/tokyo/20_4130_room.html?JKSS=000050203,<li>西武拝島線「玉川上水」駅 徒歩13～15分</li><li>多摩都市モノレール「桜街道」駅 徒歩13～14分</li><li>西武拝島線「武蔵砂川」駅 徒歩26～27分</li>
tokyo,kumegawa,エステート大南公園,104600,西武拝島線「武蔵砂川」駅,26.0,27.0,,,,武蔵村山市大南4-21-1ほか,5号棟,鉄筋コンクリート造,2,N,203号室,3LDK,74,5,102300,2300,2か月,['近居割'],随時,https://www.ur-net.go.jp/chintai/kanto/tokyo/20_4130_room.html?JKSS=000050203,<li>西武拝島線「玉川上水」駅 徒歩13～15分</li><li>多摩都市モノレール「桜街道」駅 徒歩13～14分</li><li>西武拝島線「武蔵砂川」駅 徒歩26～27分</li>
tokyo,kumegawa,エステート大南公園,104600,,,,,,,武蔵村山市大南4-21-1ほか,5号棟,鉄筋コンクリート造,2,N,203号室,3LDK,74,5,102300,2300,2か月,['近居割'],随時,https://www.ur-net.go.jp/chintai/kanto/tokyo/20_4130_room.html?JKSS=000050203,<li>西武拝島線「玉川上水」駅 徒歩13～15分</li><li>多摩都市モノレール「桜街道」駅 徒歩13～14分</li><li>西武拝島線「武蔵砂川」駅 徒歩26～27分</li>
tokyo,nagayama,多摩ニュータウン ファインヒルいなぎ リベレ向陽台,97800,,,,京王相模原線「稲城」駅,8.0,11.0,稲城市向陽台5-10,9号棟,鉄筋コンクリート造,4,N,404号室,3DK,66,6,94800,3000,2か月,"['近居割', '近居割WIDE']",随時,https://www.ur-net.go.jp/chintai/kanto/tokyo/20_4190_room.html?JKSS=510090404,<li>京王相模原線「稲城」駅バス6分 徒歩2～5分</li><li>JR南武線「南多摩」駅 徒歩20～22分</li><li>JR南武線「稲城長沼」駅 徒歩24～30分</li>
tokyo,nagayama,多摩ニュータウン ファインヒルいなぎ リベレ向陽台,97800,JR南武線「南多摩」駅,20.0,22.0,,,,稲城市向陽台5-10,9号棟,鉄筋コンクリート造,4,N,404号室,3DK,66,6,94800,3000,2か月,"['近居割', '近居割WIDE']",随時,https://www.ur-net.go.jp/chintai/kanto/tokyo/20_4190_room.html?JKSS=510090404,<li>京王相模原線「稲城」駅バス6分 徒歩2～5分</li><li>JR南武線「南多摩」駅 徒歩20～22分</li><li>JR南武線「稲城長沼」駅 徒歩24～30分</li>
tokyo,nagayama,多摩ニュータウン ファインヒルいなぎ リベレ向陽台,97800,JR南武線「稲城長沼」駅,24.0,30.0,,,,稲城市向陽台5-10,9号棟,鉄筋コンクリート造,4,N,404号室,3DK,66,6,94800,3000,2か月,"['近居割', '近居割WIDE']",随時,https://www.ur-net.go.jp/chintai/kanto/tokyo/20_4190_room.html?JKSS=510090404,<li>京王相模原線「稲城」駅バス6分 徒歩2～5分</li><li>JR南武線「南多摩」駅 徒歩20～22分</li><li>JR南武線「稲城長沼」駅 徒歩24～30分</li>
tokyo,nagayama,多摩ニュータウン ファインヒルいなぎ リベレ向陽台,97800,,,,,,,稲城市向陽台5-10,9号棟,鉄筋コンクリート造,4,N,404号室,3DK,66,6,94800,3000,2か月,"['近居割', '近居割WIDE']",随時,https://www.ur-net.go.jp/chintai/kanto/tokyo/20_4190_room.html?JKSS=510090404,<li>京王相模原線「稲城」駅バス6分 徒歩2～5分</li><li>JR南武線「南多摩」駅 徒歩20～22分</li><li>JR南武線「稲城長沼」駅 徒歩24～30分</li>
tokyo,nagayama,多摩ニュータウン ファインヒルいなぎ ビュープラザ向陽台,98300,,,,京王相模原線「稲城」駅,12.0,12.0,稲城市向陽台4-4-2,2号棟,鉄骨鉄筋コンクリート造,12,N,1213号室,3DK,65,14,95100,3200,2か月,"['近居割', '近居割WIDE']",随時,https://www.ur-net.go.jp/chintai/kanto/tokyo/20_4500_room.html?JKSS=000021213,<li>京王相模原線「稲城」駅バス6分 徒歩6分</li><li>JR南武線「南多摩」駅 徒歩20分</li><li>JR南武線「稲城長沼」駅 徒歩26分</li>
tokyo,nagayama,多摩ニュータウン ファインヒルいなぎ ビュープラザ向陽台,98300,JR南武線「南多摩」駅,20.0,20.0,,,,稲城市向陽台4-4-2,2号棟,鉄骨鉄筋コンクリート造,12,N,1213号室,3DK,65,14,95100,3200,2か月,"['近居割', '近居割WIDE']",随時,https://www.ur-net.go.jp/chintai/kanto/tokyo/20_4500_room.html?JKSS=000021213,<li>京王相模原線「稲城」駅バス6分 徒歩6分</li><li>JR南武線「南多摩」駅 徒歩20分</li><li>JR南武線「稲城長沼」駅 徒歩26分</li>
tokyo,nagayama,多摩ニュータウン ファインヒルいなぎ ビュープラザ向陽台,98300,JR南武線「稲城長沼」駅,26.0,26.0,,,,稲城市向陽台4-4-2,2号棟,鉄骨鉄筋コンクリート造,12,N,1213号室,3DK,65,14,95100,3200,2か月,"['近居割', '近居割WIDE']",随時,https://www.ur-net.go.jp/chintai/kanto/tokyo/20_4500_room.html?JKSS=000021213,<li>京王相模原線「稲城」駅バス6分 徒歩6分</li><li>JR南武線「南多摩」駅 徒歩20分</li><li>JR南武線「稲城長沼」駅 徒歩26分</li>
tokyo,nagayama,多摩ニュータウン ファインヒルいなぎ ビュープラザ向陽台,98300,,,,,,,稲城市向陽台4-4-2,2号棟,鉄骨鉄筋コンクリート造,12,N,1213号室,3DK,65,14,95100,3200,2か月,"['近居割', '近居割WIDE']",随時,https://www.ur-net.go.jp/chintai/kanto/tokyo/20_4500_room.html?JKSS=000021213,<li>京王相模原線「稲城」駅バス6分 徒歩6分</li><li>JR南武線「南多摩」駅 徒歩20分</li><li>JR南武線「稲城長沼」駅 徒歩26分</li>
tokyo,nagayama,多摩ニュータウン ファインヒルいなぎ 長峰・杜の一番街,105700,,,,京王相模原線「若葉台」駅,10.0,12.0,稲城市長峰3-2,3号棟,鉄筋コンクリート造,9,N,905号室,2LDK,64,10,100300,5400,2か月,"['近居割', '近居割WIDE']",随時,https://www.ur-net.go.jp/chintai/kanto/tokyo/20_5290_room.html?JKSS=000030905,<li>京王相模原線「若葉台」駅バス6分 徒歩4～6分</li><li>京王相模原線「稲城」駅バス11分 徒歩4～6分</li><li>JR南武線「南多摩」駅 徒歩32～33分</li>
tokyo,nagayama,多摩ニュータウン ファインヒルいなぎ 長峰・杜の一番街,105700,,,,京王相模原線「稲城」駅,15.0,17.0,稲城市長峰3-2,3号棟,鉄筋コンクリート造,9,N,905号室,2LDK,64,10,100300,5400,2か月,"['近居割', '近居割WIDE']",随時,https://www.ur-net.go.jp/chintai/kanto/tokyo/20_5290_room.html?JKSS=000030905,<li>京王相模原線「若葉台」駅バス6分 徒歩4～6分</li><li>京王相模原線「稲城」駅バス11分 徒歩4～6分</li><li>JR南武線「南多摩」駅 徒歩32～33分</li>
tokyo,nagayama,多摩ニュータウン ファインヒルいなぎ 長峰・杜の一番街,105700,JR南武線「南多摩」駅,32.0,33.0,,,,稲城市長峰3-2,3号棟,鉄筋コンクリート造,9,N,905号室,2LDK,64,10,100300,5400,2か月,"['近居割', '近居割WIDE']",随時,https://www.ur-net.go.jp/chintai/kanto/tokyo/20_5290_room.html?JKSS=000030905,<li>京王相模原線「若葉台」駅バス6分 徒歩4～6分</li><li>京王相模原線「稲城」駅バス11分 徒歩4～6分</li><li>JR南武線「南多摩」駅 徒歩32～33分</li>
tokyo,nagayama,多摩ニュータウン ファインヒルいなぎ 長峰・杜の一番街,105700,,,,,,,稲城市長峰3-2,3号棟,鉄筋コンクリート造,9,N,905号室,2LDK,64,10,100300,5400,2か月,"['近居割', '近居割WIDE']",随時,https://www.ur-net.go.jp/chintai/kanto/tokyo/20_5290_room.html?JKSS=000030905,<li>京王相模原線「若葉台」駅バス6分 徒歩4～6分</li><li>京王相模原線「稲城」駅バス11分 徒歩4～6分</li><li>JR南武線「南多摩」駅 徒歩32～33分</li>
tokyo,nagayama,多摩ニュータウン ファインヒルいなぎ 長峰・杜の一番街,116100,,,,京王相模原線「若葉台」駅,10.0,12.0,稲城市長峰3-2,3号棟,鉄筋コンクリート造,5,N,503号室,3LDK,77,10,110700,5400,2か月,"['近居割', '近居割WIDE']",随時,https://www.ur-net.go.jp/chintai/kanto/tokyo/20_5290_room.html?JKSS=000030503,<li>京王相模原線「若葉台」駅バス6分 徒歩4～6分</li><li>京王相模原線「稲城」駅バス11分 徒歩4～6分</li><li>JR南武線「南多摩」駅 徒歩32～33分</li>
tokyo,nagayama,多摩ニュータウン ファインヒルいなぎ 長峰・杜の一番街,116100,,,,京王相模原線「稲城」駅,15.0,17.0,稲城市長峰3-2,3号棟,鉄筋コンクリート造,5,N,503号室,3LDK,77,10,110700,5400,2か月,"['近居割', '近居割WIDE']",随時,https://www.ur-net.go.jp/chintai/kanto/tokyo/20_5290_room.html?JKSS=000030503,<li>京王相模原線「若葉台」駅バス6分 徒歩4～6分</li><li>京王相模原線「稲城」駅バス11分 徒歩4～6分</li><li>JR南武線「南多摩」駅 徒歩32～33分</li>
tokyo,nagayama,多摩ニュータウン ファインヒルいなぎ 長峰・杜の一番街,116100,JR南武線「南多摩」駅,32.0,33.0,,,,稲城市長峰3-2,3号棟,鉄筋コンクリート造,5,N,503号室,3LDK,77,10,110700,5400,2か月,"['近居割', '近居割WIDE']",随時,https://www.ur-net.go.jp/chintai/kanto/tokyo/20_5290_room.html?JKSS=000030503,<li>京王相模原線「若葉台」駅バス6分 徒歩4～6分</li><li>京王相模原線「稲城」駅バス11分 徒歩4～6分</li><li>JR南武線「南多摩」駅 徒歩32～33分</li>
tokyo,nagayama,多摩ニュータウン ファインヒルいなぎ 長峰・杜の一番街,116100,,,,,,,稲城市長峰3-2,3号棟,鉄筋コンクリート造,5,N,503号室,3LDK,77,10,110700,5400,2か月,"['近居割', '近居割WIDE']",随時,https://www.ur-net.go.jp/chintai/kanto/tokyo/20_5290_room.html?JKSS=000030503,<li>京王相模原線「若葉台」駅バス6分 徒歩4～6分</li><li>京王相模原線「稲城」駅バス11分 徒歩4～6分</li><li>JR南武線「南多摩」駅 徒歩32～33分</li>
tokyo,nagayama,多摩ニュータウン ファインヒルいなぎ 長峰・杜の一番街,118800,,,,京王相模原線「若葉台」駅,10.0,12.0,稲城市長峰3-2,1号棟,鉄筋コンクリート造,6,N,605号室,3LDK,77,11,113400,5400,2か月,"['近居割', '近居割WIDE']",随時,https://www.ur-net.go.jp/chintai/kanto/tokyo/20_5290_room.html?JKSS=000010605,<li>京王相模原線「若葉台」駅バス6分 徒歩4～6分</li><li>京王相模原線「稲城」駅バス11分 徒歩4～6分</li><li>JR南武線「南多摩」駅 徒歩32～33分</li>
tokyo,nagayama,多摩ニュータウン ファインヒルいなぎ 長峰・杜の一番街,118800,,,,京王相模原線「稲城」駅,15.0,17.0,稲城市長峰3-2,1号棟,鉄筋コンクリート造,6,N,605号室,3LDK,77,11,113400,5400,2か月,"['近居割', '近居割WIDE']",随時,https://www.ur-net.go.jp/chintai/kanto/tokyo/20_5290_room.html?JKSS=000010605,<li>京王相模原線「若葉台」駅バス6分 徒歩4～6分</li><li>京王相模原線「稲城」駅バス11分 徒歩4～6分</li><li>JR南武線「南多摩」駅 徒歩32～33分</li>
tokyo,nagayama,多摩ニュータウン ファインヒルいなぎ 長峰・杜の一番街,118800,JR南武線「南多摩」駅,32.0,33.0,,,,稲城市長峰3-2,1号棟,鉄筋コンクリート造,6,N,605号室,3LDK,77,11,113400,5400,2か月,"['近居割', '近居割WIDE']",随時,https://www.ur-net.go.jp/chintai/kanto/tokyo/20_5290_room.html?JKSS=000010605,<li>京王相模原線「若葉台」駅バス6分 徒歩4～6分</li><li>京王相模原線「稲城」駅バス11分 徒歩4～6分</li><li>JR南武線「南多摩」駅 徒歩32～33分</li>
tokyo,nagayama,多摩ニュータウン ファインヒルいなぎ 長峰・杜の一番街,118800,,,,,,,稲城市長峰3-2,1号棟,鉄筋コンクリート造,6,N,605号室,3LDK,77,11,113400,5400,2か月,"['近居割', '近居割WIDE']",随時,https://www.ur-net.go.jp/chintai/kanto/tokyo/20_5290_room.html?JKSS=000010605,<li>京王相模原線「若葉台」駅バス6分 徒歩4～6分</li><li>京王相模原線「稲城」駅バス11分 徒歩4～6分</li><li>JR南武線「南多摩」駅 徒歩32～33分</li>
tokyo,nagayama,多摩ニュータウン ファインヒルいなぎ 長峰・杜の一番街,131400,,,,京王相模原線「若葉台」駅,10.0,12.0,稲城市長峰3-2,4号棟,鉄筋コンクリート造,4,N,401号室,3LDK,82,10,126000,5400,2か月,"['近居割', '近居割WIDE']",随時,https://www.ur-net.go.jp/chintai/kanto/tokyo/20_5290_room.html?JKSS=000040401,<li>京王相模原線「若葉台」駅バス6分 徒歩4～6分</li><li>京王相模原線「稲城」駅バス11分 徒歩4～6分</li><li>JR南武線「南多摩」駅 徒歩32～33分</li>
tokyo,nagayama,多摩ニュータウン ファインヒルいなぎ 長峰・杜の一番街,131400,,,,京王相模原線「稲城」駅,15.0,17.0,稲城市長峰3-2,4号棟,鉄筋コンクリート造,4,N,401号室,3LDK,82,10,126000,5400,2か月,"['近居割', '近居割WIDE']",随時,https://www.ur-net.go.jp/chintai/kanto/tokyo/20_5290_room.html?JKSS=000040401,<li>京王相模原線「若葉台」駅バス6分 徒歩4～6分</li><li>京王相模原線「稲城」駅バス11分 徒歩4～6分</li><li>JR南武線「南多摩」駅 徒歩32～33分</li>
tokyo,nagayama,多摩ニュータウン ファインヒルいなぎ 長峰・杜の一番街,131400,JR南武線「南多摩」駅,32.0,33.0,,,,稲城市長峰3-2,4号棟,鉄筋コンクリート造,4,N,401号室,3LDK,82,10,126000,5400,2か月,"['近居割', '近居割WIDE']",随時,https://www.ur-net.go.jp/chintai/kanto/tokyo/20_5290_room.html?JKSS=000040401,<li>京王相模原線「若葉台」駅バス6分 徒歩4～6分</li><li>京王相模原線「稲城」駅バス11分 徒歩4～6分</li><li>JR南武線「南多摩」駅 徒歩32～33分</li>
tokyo,nagayama,多摩ニュータウン ファインヒルいなぎ 長峰・杜の一番街,131400,,,,,,,稲城市長峰3-2,4号棟,鉄筋コンクリート造,4,N,401号室,3LDK,82,10,126000,5400,2か月,"['近居割', '近居割WIDE']",随時,https://www.ur-net.go.jp/chintai/kanto/tokyo/20_5290_room.html?JKSS=000040401,<li>京王相模原線「若葉台」駅バス6分 徒歩4～6分</li><li>京王相模原線「稲城」駅バス11分 徒歩4～6分</li><li>JR南武線「南多摩」駅 徒歩32～33分</li>
tokyo,nagayama,多摩ニュータウン ファインヒルいなぎ 長峰・杜の一番街,131800,,,,京王相模原線「若葉台」駅,10.0,12.0,稲城市長峰3-2,4号棟,鉄筋コンクリート造,7,N,711号室,3LDK,82,10,126400,5400,2か月,"['近居割', '近居割WIDE']",2026年8月3日以降,https://www.ur-net.go.jp/chintai/kanto/tokyo/20_5290_room.html?JKSS=000040711,<li>京王相模原線「若葉台」駅バス6分 徒歩4～6分</li><li>京王相模原線「稲城」駅バス11分 徒歩4～6分</li><li>JR南武線「南多摩」駅 徒歩32～33分</li>
tokyo,nagayama,多摩ニュータウン ファインヒルいなぎ 長峰・杜の一番街,131800,,,,京王相模原線「稲城」駅,15.0,17.0,稲城市長峰3-2,4号棟,鉄筋コンクリート造,7,N,711号室,3LDK,82,10,126400,5400,2か月,"['近居割', '近居割WIDE']",2026年8月3日以降,https://www.ur-net.go.jp/chintai/kanto/tokyo/20_5290_room.html?JKSS=000040711,<li>京王相模原線「若葉台」駅バス6分 徒歩4～6分</li><li>京王相模原線「稲城」駅バス11分 徒歩4～6分</li><li>JR南武線「南多摩」駅 徒歩32～33分</li>
tokyo,nagayama,多摩ニュータウン ファインヒルいなぎ 長峰・杜の一番街,131800,JR南武線「南多摩」駅,32.0,33.0,,,,稲城市長峰3-2,4号棟,鉄筋コンクリート造,7,N,711号室,3LDK,82,10,126400,5400,2か月,"['近居割', '近居割WIDE']",2026年8月3日以降,https://www.ur-net.go.jp/chintai/kanto/tokyo/20_5290_room.html?JKSS=000040711,<li>京王相模原線「若葉台」駅バス6分 徒歩4～6分</li><li>京王相模原線「稲城」駅バス11分 徒歩4～6分</li><li>JR南武線「南多摩」駅 徒歩32～33分</li>
tokyo,nagayama,多摩ニュータウン ファインヒルいなぎ 長峰・杜の一番街,131800,,,,,,,稲城市長峰3-2,4号棟,鉄筋コンクリート造,7,N,711号室,3LDK,82,10,126400,5400,2か月,"['近居割', '近居割WIDE']",2026年8月3日以降,https://www.ur-net.go.jp/chintai/kanto/tokyo/20_5290_room.html?JKSS=000040711,<li>京王相模原線「若葉台」駅バス6分 徒歩4～6分</li><li>京王相模原線「稲城」駅バス11分 徒歩4～6分</li><li>JR南武線「南多摩」駅 徒歩32～33分</li>
tokyo,nagayama,多摩ニュータウン ファインヒルいなぎ ビスタノーレ向陽台,108600,京王相模原線「稲城」駅,18.0,21.0,京王相模原線「稲城」駅,7.0,10.0,稲城市向陽台6-11,4号棟,鉄筋コンクリート造,5,N,502号室,3LDK,67,5,104700,3900,2か月,"['近居割', '近居割WIDE']",随時,https://www.ur-net.go.jp/chintai/kanto/tokyo/20_4840_room.html?JKSS=000040502,<li>京王相模原線「稲城」駅 徒歩18～21分 またはバス4分 徒歩3～6分</li><li>JR南武線「南多摩」駅 徒歩12~16分</li><li>JR南武線「稲城長沼」駅 徒歩19～21分</li>
tokyo,nagayama,多摩ニュータウン ファインヒルいなぎ ビスタノーレ向陽台,108600,JR南武線「南多摩」駅,12.0,16.0,,,,稲城市向陽台6-11,4号棟,鉄筋コンクリート造,5,N,502号室,3LDK,67,5,104700,3900,2か月,"['近居割', '近居割WIDE']",随時,https://www.ur-net.go.jp/chintai/kanto/tokyo/20_4840_room.html?JKSS=000040502,<li>京王相模原線「稲城」駅 徒歩18～21分 またはバス4分 徒歩3～6分</li><li>JR南武線「南多摩」駅 徒歩12~16分</li><li>JR南武線「稲城長沼」駅 徒歩19～21分</li>
tokyo,nagayama,多摩ニュータウン ファインヒルいなぎ ビスタノーレ向陽台,108600,JR南武線「稲城長沼」駅,19.0,21.0,,,,稲城市向陽台6-11,4号棟,鉄筋コンクリート造,5,N,502号室,3LDK,67,5,104700,3900,2か月,"['近居割', '近居割WIDE']",随時,https://www.ur-net.go.jp/chintai/kanto/tokyo/20_4840_room.html?JKSS=000040502,<li>京王相模原線「稲城」駅 徒歩18～21分 またはバス4分 徒歩3～6分</li><li>JR南武線「南多摩」駅 徒歩12~16分</li><li>JR南武線「稲城長沼」駅 徒歩19～21分</li>
tokyo,nagayama,多摩ニュータウン ファインヒルいなぎ ビスタノーレ向陽台,108600,,,,,,,稲城市向陽台6-11,4号棟,鉄筋コンクリート造,5,N,502号室,3LDK,67,5,104700,3900,2か月,"['近居割', '近居割WIDE']",随時,https://www.ur-net.go.jp/chintai/kanto/tokyo/20_4840_room.html?JKSS=000040502,<li>京王相模原線「稲城」駅 徒歩18～21分 またはバス4分 徒歩3～6分</li><li>JR南武線「南多摩」駅 徒歩12~16分</li><li>JR南武線「稲城長沼」駅 徒歩19～21分</li>
tokyo,nagayama,多摩ニュータウン ファインヒルいなぎ ビスタノーレ向陽台,112050,京王相模原線「稲城」駅,18.0,21.0,京王相模原線「稲城」駅,7.0,10.0,稲城市向陽台6-11,6号棟,鉄筋コンクリート造,8,N,802号室,2LDK,63,8,107300,4750,2か月,"['近居割', '近居割WIDE']",2026年8月3日以降,https://www.ur-net.go.jp/chintai/kanto/tokyo/20_4840_room.html?JKSS=000060802,<li>京王相模原線「稲城」駅 徒歩18～21分 またはバス4分 徒歩3～6分</li><li>JR南武線「南多摩」駅 徒歩12~16分</li><li>JR南武線「稲城長沼」駅 徒歩19～21分</li>
tokyo,nagayama,多摩ニュータウン ファインヒルいなぎ ビスタノーレ向陽台,112050,JR南武線「南多摩」駅,12.0,16.0,,,,稲城市向陽台6-11,6号棟,鉄筋コンクリート造,8,N,802号室,2LDK,63,8,107300,4750,2か月,"['近居割', '近居割WIDE']",2026年8月3日以降,https://www.ur-net.go.jp/chintai/kanto/tokyo/20_4840_room.html?JKSS=000060802,<li>京王相模原線「稲城」駅 徒歩18～21分 またはバス4分 徒歩3～6分</li><li>JR南武線「南多摩」駅 徒歩12~16分</li><li>JR南武線「稲城長沼」駅 徒歩19～21分</li>
tokyo,nagayama,多摩ニュータウン ファインヒルいなぎ ビスタノーレ向陽台,112050,JR南武線「稲城長沼」駅,19.0,21.0,,,,稲城市向陽台6-11,6号棟,鉄筋コンクリート造,8,N,802号室,2LDK,63,8,107300,4750,2か月,"['近居割', '近居割WIDE']",2026年8月3日以降,https://www.ur-net.go.jp/chintai/kanto/tokyo/20_4840_room.html?JKSS=000060802,<li>京王相模原線「稲城」駅 徒歩18～21分 またはバス4分 徒歩3～6分</li><li>JR南武線「南多摩」駅 徒歩12~16分</li><li>JR南武線「稲城長沼」駅 徒歩19～21分</li>
tokyo,nagayama,多摩ニュータウン ファインヒルいなぎ ビスタノーレ向陽台,112050,,,,,,,稲城市向陽台6-11,6号棟,鉄筋コンクリート造,8,N,802号室,2LDK,63,8,107300,4750,2か月,"['近居割', '近居割WIDE']",2026年8月3日以降,https://www.ur-net.go.jp/chintai/kanto/tokyo/20_4840_room.html?JKSS=000060802,<li>京王相模原線「稲城」駅 徒歩18～21分 またはバス4分 徒歩3～6分</li><li>JR南武線「南多摩」駅 徒歩12~16分</li><li>JR南武線「稲城長沼」駅 徒歩19～21分</li>
tokyo,nagayama,多摩ニュータウン ファインヒルいなぎ ビスタノーレ向陽台,114900,京王相模原線「稲城」駅,18.0,21.0,京王相模原線「稲城」駅,7.0,10.0,稲城市向陽台6-11,5号棟,鉄筋コンクリート造,3,N,302号室,3LDK,67,5,111000,3900,2か月,"['近居割', '近居割WIDE']",随時,https://www.ur-net.go.jp/chintai/kanto/tokyo/20_4840_room.html?JKSS=000050302,<li>京王相模原線「稲城」駅 徒歩18～21分 またはバス4分 徒歩3～6分</li><li>JR南武線「南多摩」駅 徒歩12~16分</li><li>JR南武線「稲城長沼」駅 徒歩19～21分</li>
tokyo,nagayama,多摩ニュータウン ファインヒルいなぎ ビスタノーレ向陽台,114900,JR南武線「南多摩」駅,12.0,16.0,,,,稲城市向陽台6-11,5号棟,鉄筋コンクリート造,3,N,302号室,3LDK,67,5,111000,3900,2か月,"['近居割', '近居割WIDE']",随時,https://www.ur-net.go.jp/chintai/kanto/tokyo/20_4840_room.html?JKSS=000050302,<li>京王相模原線「稲城」駅 徒歩18～21分 またはバス4分 徒歩3～6分</li><li>JR南武線「南多摩」駅 徒歩12~16分</li><li>JR南武線「稲城長沼」駅 徒歩19～21分</li>
tokyo,nagayama,多摩ニュータウン ファインヒルいなぎ ビスタノーレ向陽台,114900,JR南武線「稲城長沼」駅,19.0,21.0,,,,稲城市向陽台6-11,5号棟,鉄筋コンクリート造,3,N,302号室,3LDK,67,5,111000,3900,2か月,"['近居割', '近居割WIDE']",随時,https://www.ur-net.go.jp/chintai/kanto/tokyo/20_4840_room.html?JKSS=000050302,<li>京王相模原線「稲城」駅 徒歩18～21分 またはバス4分 徒歩3～6分</li><li>JR南武線「南多摩」駅 徒歩12~16分</li><li>JR南武線「稲城長沼」駅 徒歩19～21分</li>
tokyo,nagayama,多摩ニュータウン ファインヒルいなぎ ビスタノーレ向陽台,114900,,,,,,,稲城市向陽台6-11,5号棟,鉄筋コンクリート造,3,N,302号室,3LDK,67,5,111000,3900,2か月,"['近居割', '近居割WIDE']",随時,https://www.ur-net.go.jp/chintai/kanto/tokyo/20_4840_room.html?JKSS=000050302,<li>京王相模原線「稲城」駅 徒歩18～21分 またはバス4分 徒歩3～6分</li><li>JR南武線「南多摩」駅 徒歩12~16分</li><li>JR南武線「稲城長沼」駅 徒歩19～21分</li>
tokyo,nagayama,多摩ニュータウン ファインヒルいなぎ ビューコート若葉台,115800,京王相模原線「若葉台」駅,16.0,18.0,京王相模原線「若葉台」駅,3.0,5.0,稲城市若葉台4-33,2号棟,鉄筋コンクリート造,2,N,202号室,1LDK,56,8,111100,4700,2か月,"['近居割', '近居割WIDE']",随時,https://www.ur-net.go.jp/chintai/kanto/tokyo/20_5910_room.html?JKSS=000020202,<li>京王相模原線「若葉台」駅 徒歩16～18分 またはバス2分 徒歩1～3分</li><li>小田急多摩線「はるひ野」駅 徒歩18～19分</li><li>小田急多摩線「黒川」駅 徒歩28～30分</li>
tokyo,nagayama,多摩ニュータウン ファインヒルいなぎ ビューコート若葉台,115800,小田急多摩線「はるひ野」駅,18.0,19.0,,,,稲城市若葉台4-33,2号棟,鉄筋コンクリート造,2,N,202号室,1LDK,56,8,111100,4700,2か月,"['近居割', '近居割WIDE']",随時,https://www.ur-net.go.jp/chintai/kanto/tokyo/20_5910_room.html?JKSS=000020202,<li>京王相模原線「若葉台」駅 徒歩16～18分 またはバス2分 徒歩1～3分</li><li>小田急多摩線「はるひ野」駅 徒歩18～19分</li><li>小田急多摩線「黒川」駅 徒歩28～30分</li>
tokyo,nagayama,多摩ニュータウン ファインヒルいなぎ ビューコート若葉台,115800,小田急多摩線「黒川」駅,28.0,30.0,,,,稲城市若葉台4-33,2号棟,鉄筋コンクリート造,2,N,202号室,1LDK,56,8,111100,4700,2か月,"['近居割', '近居割WIDE']",随時,https://www.ur-net.go.jp/chintai/kanto/tokyo/20_5910_room.html?JKSS=000020202,<li>京王相模原線「若葉台」駅 徒歩16～18分 またはバス2分 徒歩1～3分</li><li>小田急多摩線「はるひ野」駅 徒歩18～19分</li><li>小田急多摩線「黒川」駅 徒歩28～30分</li>
tokyo,nagayama,多摩ニュータウン ファインヒルいなぎ ビューコート若葉台,115800,,,,,,,稲城市若葉台4-33,2号棟,鉄筋コンクリート造,2,N,202号室,1LDK,56,8,111100,4700,2か月,"['近居割', '近居割WIDE']",随時,https://www.ur-net.go.jp/chintai/kanto/tokyo/20_5910_room.html?JKSS=000020202,<li>京王相模原線「若葉台」駅 徒歩16～18分 またはバス2分 徒歩1～3分</li><li>小田急多摩線「はるひ野」駅 徒歩18～19分</li><li>小田急多摩線「黒川」駅 徒歩28～30分</li>
tokyo,nagayama,多摩ニュータウン ファインヒルいなぎ ビューコート若葉台,118700,京王相模原線「若葉台」駅,16.0,18.0,京王相模原線「若葉台」駅,3.0,5.0,稲城市若葉台4-33,6号棟,鉄筋コンクリート造,1,N,103号室,1LDK,56,4,114000,4700,2か月,"['近居割', '近居割WIDE']",随時,https://www.ur-net.go.jp/chintai/kanto/tokyo/20_5910_room.html?JKSS=000060103,<li>京王相模原線「若葉台」駅 徒歩16～18分 またはバス2分 徒歩1～3分</li><li>小田急多摩線「はるひ野」駅 徒歩18～19分</li><li>小田急多摩線「黒川」駅 徒歩28～30分</li>
tokyo,nagayama,多摩ニュータウン ファインヒルいなぎ ビューコート若葉台,118700,小田急多摩線「はるひ野」駅,18.0,19.0,,,,稲城市若葉台4-33,6号棟,鉄筋コンクリート造,1,N,103号室,1LDK,56,4,114000,4700,2か月,"['近居割', '近居割WIDE']",随時,https://www.ur-net.go.jp/chintai/kanto/tokyo/20_5910_room.html?JKSS=000060103,<li>京王相模原線「若葉台」駅 徒歩16～18分 またはバス2分 徒歩1～3分</li><li>小田急多摩線「はるひ野」駅 徒歩18～19分</li><li>小田急多摩線「黒川」駅 徒歩28～30分</li>
tokyo,nagayama,多摩ニュータウン ファインヒルいなぎ ビューコート若葉台,118700,小田急多摩線「黒川」駅,28.0,30.0,,,,稲城市若葉台4-33,6号棟,鉄筋コンクリート造,1,N,103号室,1LDK,56,4,114000,4700,2か月,"['近居割', '近居割WIDE']",随時,https://www.ur-net.go.jp/chintai/kanto/tokyo/20_5910_room.html?JKSS=000060103,<li>京王相模原線「若葉台」駅 徒歩16～18分 またはバス2分 徒歩1～3分</li><li>小田急多摩線「はるひ野」駅 徒歩18～19分</li><li>小田急多摩線「黒川」駅 徒歩28～30分</li>
tokyo,nagayama,多摩ニュータウン ファインヒルいなぎ ビューコート若葉台,118700,,,,,,,稲城市若葉台4-33,6号棟,鉄筋コンクリート造,1,N,103号室,1LDK,56,4,114000,4700,2か月,"['近居割', '近居割WIDE']",随時,https://www.ur-net.go.jp/chintai/kanto/tokyo/20_5910_room.html?JKSS=000060103,<li>京王相模原線「若葉台」駅 徒歩16～18分 またはバス2分 徒歩1～3分</li><li>小田急多摩線「はるひ野」駅 徒歩18～19分</li><li>小田急多摩線「黒川」駅 徒歩28～30分</li>
tokyo,nagayama,多摩ニュータウン ファインヒルいなぎ ビューコート若葉台,149200,京王相模原線「若葉台」駅,16.0,18.0,京王相模原線「若葉台」駅,3.0,5.0,稲城市若葉台4-33,8号棟,鉄筋コンクリート造,6,N,603号室,3LDK,78,7,144500,4700,2か月,"['近居割', '近居割WIDE']",随時,https://www.ur-net.go.jp/chintai/kanto/tokyo/20_5910_room.html?JKSS=000080603,<li>京王相模原線「若葉台」駅 徒歩16～18分 またはバス2分 徒歩1～3分</li><li>小田急多摩線「はるひ野」駅 徒歩18～19分</li><li>小田急多摩線「黒川」駅 徒歩28～30分</li>
tokyo,nagayama,多摩ニュータウン ファインヒルいなぎ ビューコート若葉台,149200,小田急多摩線「はるひ野」駅,18.0,19.0,,,,稲城市若葉台4-33,8号棟,鉄筋コンクリート造,6,N,603号室,3LDK,78,7,144500,4700,2か月,"['近居割', '近居割WIDE']",随時,https://www.ur-net.go.jp/chintai/kanto/tokyo/20_5910_room.html?JKSS=000080603,<li>京王相模原線「若葉台」駅 徒歩16～18分 またはバス2分 徒歩1～3分</li><li>小田急多摩線「はるひ野」駅 徒歩18～19分</li><li>小田急多摩線「黒川」駅 徒歩28～30分</li>
tokyo,nagayama,多摩ニュータウン ファインヒルいなぎ ビューコート若葉台,149200,小田急多摩線「黒川」駅,28.0,30.0,,,,稲城市若葉台4-33,8号棟,鉄筋コンクリート造,6,N,603号室,3LDK,78,7,144500,4700,2か月,"['近居割', '近居割WIDE']",随時,https://www.ur-net.go.jp/chintai/kanto/tokyo/20_5910_room.html?JKSS=000080603,<li>京王相模原線「若葉台」駅 徒歩16～18分 またはバス2分 徒歩1～3分</li><li>小田急多摩線「はるひ野」駅 徒歩18～19分</li><li>小田急多摩線「黒川」駅 徒歩28～30分</li>
tokyo,nagayama,多摩ニュータウン ファインヒルいなぎ ビューコート若葉台,149200,,,,,,,稲城市若葉台4-33,8号棟,鉄筋コンクリート造,6,N,603号室,3LDK,78,7,144500,4700,2か月,"['近居割', '近居割WIDE']",随時,https://www.ur-net.go.jp/chintai/kanto/tokyo/20_5910_room.html?JKSS=000080603,<li>京王相模原線「若葉台」駅 徒歩16～18分 またはバス2分 徒歩1～3分</li><li>小田急多摩線「はるひ野」駅 徒歩18～19分</li><li>小田急多摩線「黒川」駅 徒歩28～30分</li>
kanagawa,shinyurigaoka,星が丘パークランド　つぐみ台,121200,京王相模原線「京王稲田堤」駅,15.0,16.0,,,,川崎市多摩区菅仙谷3-1,4号棟,鉄筋コンクリート造,3,N,303号室,3LDK,78,5,115600,5600,2か月,['近居割'],随時,https://www.ur-net.go.jp/chintai/kanto/kanagawa/40_2260_room.html?JKSS=000040303,<li>京王相模原線「京王稲田堤」駅 徒歩15～16分</li><li>JR南武線「稲田堤」駅 徒歩14分</li><li>小田急小田原線「読売ランド前」駅バス9分 徒歩2分</li>
kanagawa,shinyurigaoka,星が丘パークランド　つぐみ台,121200,JR南武線「稲田堤」駅,14.0,14.0,,,,川崎市多摩区菅仙谷3-1,4号棟,鉄筋コンクリート造,3,N,303号室,3LDK,78,5,115600,5600,2か月,['近居割'],随時,https://www.ur-net.go.jp/chintai/kanto/kanagawa/40_2260_room.html?JKSS=000040303,<li>京王相模原線「京王稲田堤」駅 徒歩15～16分</li><li>JR南武線「稲田堤」駅 徒歩14分</li><li>小田急小田原線「読売ランド前」駅バス9分 徒歩2分</li>
kanagawa,shinyurigaoka,星が丘パークランド　つぐみ台,121200,,,,小田急小田原線「読売ランド前」駅,11.0,11.0,川崎市多摩区菅仙谷3-1,4号棟,鉄筋コンクリート造,3,N,303号室,3LDK,78,5,115600,5600,2か月,['近居割'],随時,https://www.ur-net.go.jp/chintai/kanto/kanagawa/40_2260_room.html?JKSS=000040303,<li>京王相模原線「京王稲田堤」駅 徒歩15～16分</li><li>JR南武線「稲田堤」駅 徒歩14分</li><li>小田急小田原線「読売ランド前」駅バス9分 徒歩2分</li>
kanagawa,shinyurigaoka,星が丘パークランド　つぐみ台,121200,,,,,,,川崎市多摩区菅仙谷3-1,4号棟,鉄筋コンクリート造,3,N,303号室,3LDK,78,5,115600,5600,2か月,['近居割'],随時,https://www.ur-net.go.jp/chintai/kanto/kanagawa/40_2260_room.html?JKSS=000040303,<li>京王相模原線「京王稲田堤」駅 徒歩15～16分</li><li>JR南武線「稲田堤」駅 徒歩14分</li><li>小田急小田原線「読売ランド前」駅バス9分 徒歩2分</li>
kanagawa,shinyurigaoka,虹ヶ丘,90700,,,,東急田園都市線「あざみ野」駅,12.0,17.0,川崎市麻生区虹ケ丘2-2ほか,2-7号棟,鉄筋コンクリート造、鉄骨鉄筋コンクリート造,3,N,303号室,3K,49,5,86900,3800,2か月,"['近居割', '近居割WIDE']",随時,https://www.ur-net.go.jp/chintai/kanto/kanagawa/40_1710_room.html?JKSS=002070303,<li>東急田園都市線「あざみ野」駅バス10分　徒歩2～7分</li><li>東急田園都市線「たまプラーザ」駅バス12分　徒歩2～7分</li><li>小田急小田原線「新百合ヶ丘」駅バス16分　徒歩3～8分</li>
kanagawa,shinyurigaoka,虹ヶ丘,90700,,,,東急田園都市線「たまプラーザ」駅,14.0,19.0,川崎市麻生区虹ケ丘2-2ほか,2-7号棟,鉄筋コンクリート造、鉄骨鉄筋コンクリート造,3,N,303号室,3K,49,5,86900,3800,2か月,"['近居割', '近居割WIDE']",随時,https://www.ur-net.go.jp/chintai/kanto/kanagawa/40_1710_room.html?JKSS=002070303,<li>東急田園都市線「あざみ野」駅バス10分　徒歩2～7分</li><li>東急田園都市線「たまプラーザ」駅バス12分　徒歩2～7分</li><li>小田急小田原線「新百合ヶ丘」駅バス16分　徒歩3～8分</li>
kanagawa,shinyurigaoka,虹ヶ丘,90700,,,,小田急小田原線「新百合ヶ丘」駅,19.0,24.0,川崎市麻生区虹ケ丘2-2ほか,2-7号棟,鉄筋コンクリート造、鉄骨鉄筋コンクリート造,3,N,303号室,3K,49,5,86900,3800,2か月,"['近居割', '近居割WIDE']",随時,https://www.ur-net.go.jp/chintai/kanto/kanagawa/40_1710_room.html?JKSS=002070303,<li>東急田園都市線「あざみ野」駅バス10分　徒歩2～7分</li><li>東急田園都市線「たまプラーザ」駅バス12分　徒歩2～7分</li><li>小田急小田原線「新百合ヶ丘」駅バス16分　徒歩3～8分</li>
kanagawa,shinyurigaoka,虹ヶ丘,90700,,,,,,,川崎市麻生区虹ケ丘2-2ほか,2-7号棟,鉄筋コンクリート造、鉄骨鉄筋コンクリート造,3,N,303号室,3K,49,5,86900,3800,2か月,"['近居割', '近居割WIDE']",随時,https://www.ur-net.go.jp/chintai/kanto/kanagawa/40_1710_room.html?JKSS=002070303,<li>東急田園都市線「あざみ野」駅バス10分　徒歩2～7分</li><li>東急田園都市線「たまプラーザ」駅バス12分　徒歩2～7分</li><li>小田急小田原線「新百合ヶ丘」駅バス16分　徒歩3～8分</li>
kanagawa,shinyurigaoka,虹ヶ丘,98700,,,,東急田園都市線「あざみ野」駅,12.0,17.0,川崎市麻生区虹ケ丘2-2ほか,2-4号棟,鉄筋コンクリート造、鉄骨鉄筋コンクリート造,3,N,306号室,3DK,53,5,94900,3800,2か月,"['近居割', '近居割WIDE']",随時,https://www.ur-net.go.jp/chintai/kanto/kanagawa/40_1710_room.html?JKSS=002040306,<li>東急田園都市線「あざみ野」駅バス10分　徒歩2～7分</li><li>東急田園都市線「たまプラーザ」駅バス12分　徒歩2～7分</li><li>小田急小田原線「新百合ヶ丘」駅バス16分　徒歩3～8分</li>
kanagawa,shinyurigaoka,虹ヶ丘,98700,,,,東急田園都市線「たまプラーザ」駅,14.0,19.0,川崎市麻生区虹ケ丘2-2ほか,2-4号棟,鉄筋コンクリート造、鉄骨鉄筋コンクリート造,3,N,306号室,3DK,53,5,94900,3800,2か月,"['近居割', '近居割WIDE']",随時,https://www.ur-net.go.jp/chintai/kanto/kanagawa/40_1710_room.html?JKSS=002040306,<li>東急田園都市線「あざみ野」駅バス10分　徒歩2～7分</li><li>東急田園都市線「たまプラーザ」駅バス12分　徒歩2～7分</li><li>小田急小田原線「新百合ヶ丘」駅バス16分　徒歩3～8分</li>
kanagawa,shinyurigaoka,虹ヶ丘,98700,,,,小田急小田原線「新百合ヶ丘」駅,19.0,24.0,川崎市麻生区虹ケ丘2-2ほか,2-4号棟,鉄筋コンクリート造、鉄骨鉄筋コンクリート造,3,N,306号室,3DK,53,5,94900,3800,2か月,"['近居割', '近居割WIDE']",随時,https://www.ur-net.go.jp/chintai/kanto/kanagawa/40_1710_room.html?JKSS=002040306,<li>東急田園都市線「あざみ野」駅バス10分　徒歩2～7分</li><li>東急田園都市線「たまプラーザ」駅バス12分　徒歩2～7分</li><li>小田急小田原線「新百合ヶ丘」駅バス16分　徒歩3～8分</li>
kanagawa,shinyurigaoka,虹ヶ丘,98700,,,,,,,川崎市麻生区虹ケ丘2-2ほか,2-4号棟,鉄筋コンクリート造、鉄骨鉄筋コンクリート造,3,N,306号室,3DK,53,5,94900,3800,2か月,"['近居割', '近居割WIDE']",随時,https://www.ur-net.go.jp/chintai/kanto/kanagawa/40_1710_room.html?JKSS=002040306,<li>東急田園都市線「あざみ野」駅バス10分　徒歩2～7分</li><li>東急田園都市線「たまプラーザ」駅バス12分　徒歩2～7分</li><li>小田急小田原線「新百合ヶ丘」駅バス16分　徒歩3～8分</li>
kanagawa,shinyurigaoka,サンラフレ百合ヶ丘,152200,小田急小田原線「百合ヶ丘」駅,3.0,10.0,,,,川崎市麻生区百合丘1-16ほか,14号棟,鉄筋コンクリート造,3,N,310号室,1LDK,56,4,147800,4400,2か月,"['近居割', '近居割WIDE']",随時,https://www.ur-net.go.jp/chintai/kanto/kanagawa/40_3500_room.html?JKSS=000140310,<li>小田急小田原線「百合ヶ丘」駅 徒歩3～10分</li><li>小田急小田原線「新百合ヶ丘」駅 徒歩10～17分</li><li>東急田園都市線「あざみ野」駅バス41分 徒歩2～5分</li>
kanagawa,shinyurigaoka,サンラフレ百合ヶ丘,152200,小田急小田原線「新百合ヶ丘」駅,10.0,17.0,,,,川崎市麻生区百合丘1-16ほか,14号棟,鉄筋コンクリート造,3,N,310号室,1LDK,56,4,147800,4400,2か月,"['近居割', '近居割WIDE']",随時,https://www.ur-net.go.jp/chintai/kanto/kanagawa/40_3500_room.html?JKSS=000140310,<li>小田急小田原線「百合ヶ丘」駅 徒歩3～10分</li><li>小田急小田原線「新百合ヶ丘」駅 徒歩10～17分</li><li>東急田園都市線「あざみ野」駅バス41分 徒歩2～5分</li>
kanagawa,shinyurigaoka,サンラフレ百合ヶ丘,152200,,,,東急田園都市線「あざみ野」駅,43.0,46.0,川崎市麻生区百合丘1-16ほか,14号棟,鉄筋コンクリート造,3,N,310号室,1LDK,56,4,147800,4400,2か月,"['近居割', '近居割WIDE']",随時,https://www.ur-net.go.jp/chintai/kanto/kanagawa/40_3500_room.html?JKSS=000140310,<li>小田急小田原線「百合ヶ丘」駅 徒歩3～10分</li><li>小田急小田原線「新百合ヶ丘」駅 徒歩10～17分</li><li>東急田園都市線「あざみ野」駅バス41分 徒歩2～5分</li>
kanagawa,shinyurigaoka,サンラフレ百合ヶ丘,152200,,,,,,,川崎市麻生区百合丘1-16ほか,14号棟,鉄筋コンクリート造,3,N,310号室,1LDK,56,4,147800,4400,2か月,"['近居割', '近居割WIDE']",随時,https://www.ur-net.go.jp/chintai/kanto/kanagawa/40_3500_room.html?JKSS=000140310,<li>小田急小田原線「百合ヶ丘」駅 徒歩3～10分</li><li>小田急小田原線「新百合ヶ丘」駅 徒歩10～17分</li><li>東急田園都市線「あざみ野」駅バス41分 徒歩2～5分</li>
kanagawa,hiyoshi,子母口,68700,,,,JR南武線「武蔵新城」駅,10.0,11.0,川崎市高津区子母口458-3,1号棟,鉄筋コンクリート造、鉄骨鉄筋コンクリート造,4,N,412号室,2DK,43,7,66000,2700,2か月,[],随時,https://www.ur-net.go.jp/chintai/kanto/kanagawa/40_1350_room.html?JKSS=000010412,<li>JR南武線「武蔵新城」駅バス5分 徒歩5～6分</li><li>JR南武線「武蔵中原」駅バス5分 徒歩1分 又は 徒歩18～19分</li>
kanagawa,hiyoshi,子母口,68700,JR南武線「武蔵中原」駅,18.0,19.0,JR南武線「武蔵中原」駅,6.0,6.0,川崎市高津区子母口458-3,1号棟,鉄筋コンクリート造、鉄骨鉄筋コンクリート造,4,N,412号室,2DK,43,7,66000,2700,2か月,[],随時,https://www.ur-net.go.jp/chintai/kanto/kanagawa/40_1350_room.html?JKSS=000010412,<li>JR南武線「武蔵新城」駅バス5分 徒歩5～6分</li><li>JR南武線「武蔵中原」駅バス5分 徒歩1分 又は 徒歩18～19分</li>
kanagawa,hiyoshi,子母口,68700,,,,,,,川崎市高津区子母口458-3,1号棟,鉄筋コンクリート造、鉄骨鉄筋コンクリート造,4,N,412号室,2DK,43,7,66000,2700,2か月,[],随時,https://www.ur-net.go.jp/chintai/kanto/kanagawa/40_1350_room.html?JKSS=000010412,<li>JR南武線「武蔵新城」駅バス5分 徒歩5～6分</li><li>JR南武線「武蔵中原」駅バス5分 徒歩1分 又は 徒歩18～19分</li>
kanagawa,shinyurigaoka,アーバンハイツ菅生ヶ丘,108500,,,,小田急小田原線「生田」駅,15.0,15.0,川崎市宮前区菅生ケ丘34-1ほか,,鉄筋コンクリート造,4,N,401号室,1LDK,61,6,101100,7400,2か月,['近居割'],随時,https://www.ur-net.go.jp/chintai/kanto/kanagawa/40_3220_room.html?JKSS=000000401,<li>小田急小田原線「生田」駅バス11分 徒歩4分</li><li>東急田園都市線「溝の口」駅バス21分 徒歩4分</li>
kanagawa,shinyurigaoka,アーバンハイツ菅生ヶ丘,108500,,,,東急田園都市線「溝の口」駅,25.0,25.0,川崎市宮前区菅生ケ丘34-1ほか,,鉄筋コンクリート造,4,N,401号室,1LDK,61,6,101100,7400,2か月,['近居割'],随時,https://www.ur-net.go.jp/chintai/kanto/kanagawa/40_3220_room.html?JKSS=000000401,<li>小田急小田原線「生田」駅バス11分 徒歩4分</li><li>東急田園都市線「溝の口」駅バス21分 徒歩4分</li>
kanagawa,shinyurigaoka,アーバンハイツ菅生ヶ丘,108500,,,,,,,川崎市宮前区菅生ケ丘34-1ほか,,鉄筋コンクリート造,4,N,401号室,1LDK,61,6,101100,7400,2か月,['近居割'],随時,https://www.ur-net.go.jp/chintai/kanto/kanagawa/40_3220_room.html?JKSS=000000401,<li>小田急小田原線「生田」駅バス11分 徒歩4分</li><li>東急田園都市線「溝の口」駅バス21分 徒歩4分</li>
kanagawa,hiyoshi,菊名池,66000,東急東横線「妙蓮寺」駅,5.0,5.0,,,,横浜市港北区菊名1-8-12,,鉄筋コンクリート造,4,N,402号室,2K,37,4,62400,3600,2か月,[],随時,https://www.ur-net.go.jp/chintai/kanto/kanagawa/40_0520_room.html?JKSS=000000402,<li>東急東横線「妙蓮寺」駅 徒歩5分</li>
kanagawa,hiyoshi,菊名池,66000,,,,,,,横浜市港北区菊名1-8-12,,鉄筋コンクリート造,4,N,402号室,2K,37,4,62400,3600,2か月,[],随時,https://www.ur-net.go.jp/chintai/kanto/kanagawa/40_0520_room.html?JKSS=000000402,<li>東急東横線「妙蓮寺」駅 徒歩5分</li>
kanagawa,hiyoshi,サンヴァリエ日吉,126800,東急東横線「日吉」駅,19.0,23.0,東急東横線「日吉」駅,15.0,18.0,横浜市港北区下田町4-1ほか,9号棟,鉄筋コンクリート造,6,N,604号室,1LDK,48,7,122400,4400,2か月,['近居割'],随時,https://www.ur-net.go.jp/chintai/kanto/kanagawa/40_3290_room.html?JKSS=000090604,<li>東急東横線「日吉」駅 徒歩19～23分</li><li>東急東横線「日吉」駅バス14分 徒歩1～4分</li><li>横浜市営地下鉄グリーンライン「日吉本町」駅 徒歩13～16分</li>
kanagawa,hiyoshi,サンヴァリエ日吉,126800,横浜市営地下鉄グリーンライン「日吉本町」駅,13.0,16.0,,,,横浜市港北区下田町4-1ほか,9号棟,鉄筋コンクリート造,6,N,604号室,1LDK,48,7,122400,4400,2か月,['近居割'],随時,https://www.ur-net.go.jp/chintai/kanto/kanagawa/40_3290_room.html?JKSS=000090604,<li>東急東横線「日吉」駅 徒歩19～23分</li><li>東急東横線「日吉」駅バス14分 徒歩1～4分</li><li>横浜市営地下鉄グリーンライン「日吉本町」駅 徒歩13～16分</li>
kanagawa,hiyoshi,サンヴァリエ日吉,126800,,,,,,,横浜市港北区下田町4-1ほか,9号棟,鉄筋コンクリート造,6,N,604号室,1LDK,48,7,122400,4400,2か月,['近居割'],随時,https://www.ur-net.go.jp/chintai/kanto/kanagawa/40_3290_room.html?JKSS=000090604,<li>東急東横線「日吉」駅 徒歩19～23分</li><li>東急東横線「日吉」駅バス14分 徒歩1～4分</li><li>横浜市営地下鉄グリーンライン「日吉本町」駅 徒歩13～16分</li>
kanagawa,hiyoshi,サンヴァリエ日吉,132400,東急東横線「日吉」駅,19.0,23.0,東急東横線「日吉」駅,15.0,18.0,横浜市港北区下田町4-1ほか,12号棟,鉄筋コンクリート造,3,N,307号室,1LDK,51,8,128000,4400,2か月,['近居割'],随時,https://www.ur-net.go.jp/chintai/kanto/kanagawa/40_3290_room.html?JKSS=000120307,<li>東急東横線「日吉」駅 徒歩19～23分</li><li>東急東横線「日吉」駅バス14分 徒歩1～4分</li><li>横浜市営地下鉄グリーンライン「日吉本町」駅 徒歩13～16分</li>
kanagawa,hiyoshi,サンヴァリエ日吉,132400,横浜市営地下鉄グリーンライン「日吉本町」駅,13.0,16.0,,,,横浜市港北区下田町4-1ほか,12号棟,鉄筋コンクリート造,3,N,307号室,1LDK,51,8,128000,4400,2か月,['近居割'],随時,https://www.ur-net.go.jp/chintai/kanto/kanagawa/40_3290_room.html?JKSS=000120307,<li>東急東横線「日吉」駅 徒歩19～23分</li><li>東急東横線「日吉」駅バス14分 徒歩1～4分</li><li>横浜市営地下鉄グリーンライン「日吉本町」駅 徒歩13～16分</li>
kanagawa,hiyoshi,サンヴァリエ日吉,132400,,,,,,,横浜市港北区下田町4-1ほか,12号棟,鉄筋コンクリート造,3,N,307号室,1LDK,51,8,128000,4400,2か月,['近居割'],随時,https://www.ur-net.go.jp/chintai/kanto/kanagawa/40_3290_room.html?JKSS=000120307,<li>東急東横線「日吉」駅 徒歩19～23分</li><li>東急東横線「日吉」駅バス14分 徒歩1～4分</li><li>横浜市営地下鉄グリーンライン「日吉本町」駅 徒歩13～16分</li>
kanagawa,hiyoshi,サンヴァリエ日吉,139600,東急東横線「日吉」駅,19.0,23.0,東急東横線「日吉」駅,15.0,18.0,横浜市港北区下田町4-1ほか,12号棟,鉄筋コンクリート造,1,N,103号室,2LDK,65,8,135200,4400,2か月,['近居割'],随時,https://www.ur-net.go.jp/chintai/kanto/kanagawa/40_3290_room.html?JKSS=000120103,<li>東急東横線「日吉」駅 徒歩19～23分</li><li>東急東横線「日吉」駅バス14分 徒歩1～4分</li><li>横浜市営地下鉄グリーンライン「日吉本町」駅 徒歩13～16分</li>
kanagawa,hiyoshi,サンヴァリエ日吉,139600,横浜市営地下鉄グリーンライン「日吉本町」駅,13.0,16.0,,,,横浜市港北区下田町4-1ほか,12号棟,鉄筋コンクリート造,1,N,103号室,2LDK,65,8,135200,4400,2か月,['近居割'],随時,https://www.ur-net.go.jp/chintai/kanto/kanagawa/40_3290_room.html?JKSS=000120103,<li>東急東横線「日吉」駅 徒歩19～23分</li><li>東急東横線「日吉」駅バス14分 徒歩1～4分</li><li>横浜市営地下鉄グリーンライン「日吉本町」駅 徒歩13～16分</li>
kanagawa,hiyoshi,サンヴァリエ日吉,139600,,,,,,,横浜市港北区下田町4-1ほか,12号棟,鉄筋コンクリート造,1,N,103号室,2LDK,65,8,135200,4400,2か月,['近居割'],随時,https://www.ur-net.go.jp/chintai/kanto/kanagawa/40_3290_room.html?JKSS=000120103,<li>東急東横線「日吉」駅 徒歩19～23分</li><li>東急東横線「日吉」駅バス14分 徒歩1～4分</li><li>横浜市営地下鉄グリーンライン「日吉本町」駅 徒歩13～16分</li>
kanagawa,nakayama,霧が丘グリーンタウン,90600,,,,JR横浜線「十日市場」駅,9.0,13.0,横浜市緑区霧が丘3-22-5ほか,22-13号棟,鉄筋コンクリート造,4,N,402号室,3DK,65,5,85600,5000,2か月,['近居割'],随時,https://www.ur-net.go.jp/chintai/kanto/kanagawa/40_2030_room.html?JKSS=022130402,<li>JR横浜線「十日市場」駅バス7分 徒歩2～6分</li><li>東急田園都市線「青葉台」駅バス19分 徒歩2～6分</li><li>JR横浜線「長津田」駅バス11分 徒歩6～13分</li>
kanagawa,nakayama,霧が丘グリーンタウン,90600,,,,東急田園都市線「青葉台」駅,21.0,25.0,横浜市緑区霧が丘3-22-5ほか,22-13号棟,鉄筋コンクリート造,4,N,402号室,3DK,65,5,85600,5000,2か月,['近居割'],随時,https://www.ur-net.go.jp/chintai/kanto/kanagawa/40_2030_room.html?JKSS=022130402,<li>JR横浜線「十日市場」駅バス7分 徒歩2～6分</li><li>東急田園都市線「青葉台」駅バス19分 徒歩2～6分</li><li>JR横浜線「長津田」駅バス11分 徒歩6～13分</li>
kanagawa,nakayama,霧が丘グリーンタウン,90600,,,,JR横浜線「長津田」駅,17.0,24.0,横浜市緑区霧が丘3-22-5ほか,22-13号棟,鉄筋コンクリート造,4,N,402号室,3DK,65,5,85600,5000,2か月,['近居割'],随時,https://www.ur-net.go.jp/chintai/kanto/kanagawa/40_2030_room.html?JKSS=022130402,<li>JR横浜線「十日市場」駅バス7分 徒歩2～6分</li><li>東急田園都市線「青葉台」駅バス19分 徒歩2～6分</li><li>JR横浜線「長津田」駅バス11分 徒歩6～13分</li>
kanagawa,nakayama,霧が丘グリーンタウン,90600,,,,,,,横浜市緑区霧が丘3-22-5ほか,22-13号棟,鉄筋コンクリート造,4,N,402号室,3DK,65,5,85600,5000,2か月,['近居割'],随時,https://www.ur-net.go.jp/chintai/kanto/kanagawa/40_2030_room.html?JKSS=022130402,<li>JR横浜線「十日市場」駅バス7分 徒歩2～6分</li><li>東急田園都市線「青葉台」駅バス19分 徒歩2～6分</li><li>JR横浜線「長津田」駅バス11分 徒歩6～13分</li>
kanagawa,nakayama,霧が丘グリーンタウン,90700,,,,JR横浜線「十日市場」駅,9.0,13.0,横浜市緑区霧が丘3-22-5ほか,22-1号棟,鉄筋コンクリート造,4,N,405号室,3DK,66,5,85700,5000,2か月,['近居割'],随時,https://www.ur-net.go.jp/chintai/kanto/kanagawa/40_2030_room.html?JKSS=022010405,<li>JR横浜線「十日市場」駅バス7分 徒歩2～6分</li><li>東急田園都市線「青葉台」駅バス19分 徒歩2～6分</li><li>JR横浜線「長津田」駅バス11分 徒歩6～13分</li>
kanagawa,nakayama,霧が丘グリーンタウン,90700,,,,東急田園都市線「青葉台」駅,21.0,25.0,横浜市緑区霧が丘3-22-5ほか,22-1号棟,鉄筋コンクリート造,4,N,405号室,3DK,66,5,85700,5000,2か月,['近居割'],随時,https://www.ur-net.go.jp/chintai/kanto/kanagawa/40_2030_room.html?JKSS=022010405,<li>JR横浜線「十日市場」駅バス7分 徒歩2～6分</li><li>東急田園都市線「青葉台」駅バス19分 徒歩2～6分</li><li>JR横浜線「長津田」駅バス11分 徒歩6～13分</li>
kanagawa,nakayama,霧が丘グリーンタウン,90700,,,,JR横浜線「長津田」駅,17.0,24.0,横浜市緑区霧が丘3-22-5ほか,22-1号棟,鉄筋コンクリート造,4,N,405号室,3DK,66,5,85700,5000,2か月,['近居割'],随時,https://www.ur-net.go.jp/chintai/kanto/kanagawa/40_2030_room.html?JKSS=022010405,<li>JR横浜線「十日市場」駅バス7分 徒歩2～6分</li><li>東急田園都市線「青葉台」駅バス19分 徒歩2～6分</li><li>JR横浜線「長津田」駅バス11分 徒歩6～13分</li>
kanagawa,nakayama,霧が丘グリーンタウン,90700,,,,,,,横浜市緑区霧が丘3-22-5ほか,22-1号棟,鉄筋コンクリート造,4,N,405号室,3DK,66,5,85700,5000,2か月,['近居割'],随時,https://www.ur-net.go.jp/chintai/kanto/kanagawa/40_2030_room.html?JKSS=022010405,<li>JR横浜線「十日市場」駅バス7分 徒歩2～6分</li><li>東急田園都市線「青葉台」駅バス19分 徒歩2～6分</li><li>JR横浜線「長津田」駅バス11分 徒歩6～13分</li>
kanagawa,nakayama,霧が丘グリーンタウン,90700,,,,JR横浜線「十日市場」駅,9.0,13.0,横浜市緑区霧が丘3-22-5ほか,22-6号棟,鉄筋コンクリート造,4,N,401号室,3DK,65,5,85700,5000,2か月,['近居割'],随時,https://www.ur-net.go.jp/chintai/kanto/kanagawa/40_2030_room.html?JKSS=022060401,<li>JR横浜線「十日市場」駅バス7分 徒歩2～6分</li><li>東急田園都市線「青葉台」駅バス19分 徒歩2～6分</li><li>JR横浜線「長津田」駅バス11分 徒歩6～13分</li>
kanagawa,nakayama,霧が丘グリーンタウン,90700,,,,東急田園都市線「青葉台」駅,21.0,25.0,横浜市緑区霧が丘3-22-5ほか,22-6号棟,鉄筋コンクリート造,4,N,401号室,3DK,65,5,85700,5000,2か月,['近居割'],随時,https://www.ur-net.go.jp/chintai/kanto/kanagawa/40_2030_room.html?JKSS=022060401,<li>JR横浜線「十日市場」駅バス7分 徒歩2～6分</li><li>東急田園都市線「青葉台」駅バス19分 徒歩2～6分</li><li>JR横浜線「長津田」駅バス11分 徒歩6～13分</li>
kanagawa,nakayama,霧が丘グリーンタウン,90700,,,,JR横浜線「長津田」駅,17.0,24.0,横浜市緑区霧が丘3-22-5ほか,22-6号棟,鉄筋コンクリート造,4,N,401号室,3DK,65,5,85700,5000,2か月,['近居割'],随時,https://www.ur-net.go.jp/chintai/kanto/kanagawa/40_2030_room.html?JKSS=022060401,<li>JR横浜線「十日市場」駅バス7分 徒歩2～6分</li><li>東急田園都市線「青葉台」駅バス19分 徒歩2～6分</li><li>JR横浜線「長津田」駅バス11分 徒歩6～13分</li>
kanagawa,nakayama,霧が丘グリーンタウン,90700,,,,,,,横浜市緑区霧が丘3-22-5ほか,22-6号棟,鉄筋コンクリート造,4,N,401号室,3DK,65,5,85700,5000,2か月,['近居割'],随時,https://www.ur-net.go.jp/chintai/kanto/kanagawa/40_2030_room.html?JKSS=022060401,<li>JR横浜線「十日市場」駅バス7分 徒歩2～6分</li><li>東急田園都市線「青葉台」駅バス19分 徒歩2～6分</li><li>JR横浜線「長津田」駅バス11分 徒歩6～13分</li>
kanagawa,nakayama,霧が丘グリーンタウン,94300,,,,JR横浜線「十日市場」駅,9.0,13.0,横浜市緑区霧が丘3-22-5ほか,22-4号棟,鉄筋コンクリート造,4,N,401号室,2LDK,67,5,89300,5000,2か月,['近居割'],随時,https://www.ur-net.go.jp/chintai/kanto/kanagawa/40_2030_room.html?JKSS=022040401,<li>JR横浜線「十日市場」駅バス7分 徒歩2～6分</li><li>東急田園都市線「青葉台」駅バス19分 徒歩2～6分</li><li>JR横浜線「長津田」駅バス11分 徒歩6～13分</li>
kanagawa,nakayama,霧が丘グリーンタウン,94300,,,,東急田園都市線「青葉台」駅,21.0,25.0,横浜市緑区霧が丘3-22-5ほか,22-4号棟,鉄筋コンクリート造,4,N,401号室,2LDK,67,5,89300,5000,2か月,['近居割'],随時,https://www.ur-net.go.jp/chintai/kanto/kanagawa/40_2030_room.html?JKSS=022040401,<li>JR横浜線「十日市場」駅バス7分 徒歩2～6分</li><li>東急田園都市線「青葉台」駅バス19分 徒歩2～6分</li><li>JR横浜線「長津田」駅バス11分 徒歩6～13分</li>
kanagawa,nakayama,霧が丘グリーンタウン,94300,,,,JR横浜線「長津田」駅,17.0,24.0,横浜市緑区霧が丘3-22-5ほか,22-4号棟,鉄筋コンクリート造,4,N,401号室,2LDK,67,5,89300,5000,2か月,['近居割'],随時,https://www.ur-net.go.jp/chintai/kanto/kanagawa/40_2030_room.html?JKSS=022040401,<li>JR横浜線「十日市場」駅バス7分 徒歩2～6分</li><li>東急田園都市線「青葉台」駅バス19分 徒歩2～6分</li><li>JR横浜線「長津田」駅バス11分 徒歩6～13分</li>
kanagawa,nakayama,霧が丘グリーンタウン,94300,,,,,,,横浜市緑区霧が丘3-22-5ほか,22-4号棟,鉄筋コンクリート造,4,N,401号室,2LDK,67,5,89300,5000,2か月,['近居割'],随時,https://www.ur-net.go.jp/chintai/kanto/kanagawa/40_2030_room.html?JKSS=022040401,<li>JR横浜線「十日市場」駅バス7分 徒歩2～6分</li><li>東急田園都市線「青葉台」駅バス19分 徒歩2～6分</li><li>JR横浜線「長津田」駅バス11分 徒歩6～13分</li>
kanagawa,nakayama,霧が丘グリーンタウン,96000,,,,JR横浜線「十日市場」駅,9.0,13.0,横浜市緑区霧が丘3-22-5ほか,22-12号棟,鉄筋コンクリート造,2,N,202号室,3DK,65,5,91000,5000,2か月,['近居割'],随時,https://www.ur-net.go.jp/chintai/kanto/kanagawa/40_2030_room.html?JKSS=022120202,<li>JR横浜線「十日市場」駅バス7分 徒歩2～6分</li><li>東急田園都市線「青葉台」駅バス19分 徒歩2～6分</li><li>JR横浜線「長津田」駅バス11分 徒歩6～13分</li>
kanagawa,nakayama,霧が丘グリーンタウン,96000,,,,東急田園都市線「青葉台」駅,21.0,25.0,横浜市緑区霧が丘3-22-5ほか,22-12号棟,鉄筋コンクリート造,2,N,202号室,3DK,65,5,91000,5000,2か月,['近居割'],随時,https://www.ur-net.go.jp/chintai/kanto/kanagawa/40_2030_room.html?JKSS=022120202,<li>JR横浜線「十日市場」駅バス7分 徒歩2～6分</li><li>東急田園都市線「青葉台」駅バス19分 徒歩2～6分</li><li>JR横浜線「長津田」駅バス11分 徒歩6～13分</li>
kanagawa,nakayama,霧が丘グリーンタウン,96000,,,,JR横浜線「長津田」駅,17.0,24.0,横浜市緑区霧が丘3-22-5ほか,22-12号棟,鉄筋コンクリート造,2,N,202号室,3DK,65,5,91000,5000,2か月,['近居割'],随時,https://www.ur-net.go.jp/chintai/kanto/kanagawa/40_2030_room.html?JKSS=022120202,<li>JR横浜線「十日市場」駅バス7分 徒歩2～6分</li><li>東急田園都市線「青葉台」駅バス19分 徒歩2～6分</li><li>JR横浜線「長津田」駅バス11分 徒歩6～13分</li>
kanagawa,nakayama,霧が丘グリーンタウン,96000,,,,,,,横浜市緑区霧が丘3-22-5ほか,22-12号棟,鉄筋コンクリート造,2,N,202号室,3DK,65,5,91000,5000,2か月,['近居割'],随時,https://www.ur-net.go.jp/chintai/kanto/kanagawa/40_2030_room.html?JKSS=022120202,<li>JR横浜線「十日市場」駅バス7分 徒歩2～6分</li><li>東急田園都市線「青葉台」駅バス19分 徒歩2～6分</li><li>JR横浜線「長津田」駅バス11分 徒歩6～13分</li>
kanagawa,nakayama,十日市場ヒルタウン　コンフォール十日市場六番街,172000,JR横浜線「十日市場」駅,7.0,8.0,,,,横浜市緑区十日市場町1358-48,6-2号棟,鉄筋コンクリート造,5,N,502号室,3LDK,73,5,163500,8500,2か月,['近居割'],随時,https://www.ur-net.go.jp/chintai/kanto/kanagawa/40_3930_room.html?JKSS=006020502,<li>JR横浜線「十日市場」駅 徒歩7～8分</li><li>東急田園都市線「青葉台」駅バス12分 徒歩7～8分</li><li>JR横浜線「中山」駅バス10分 徒歩3～4分</li>
kanagawa,nakayama,十日市場ヒルタウン　コンフォール十日市場六番街,172000,,,,東急田園都市線「青葉台」駅,19.0,20.0,横浜市緑区十日市場町1358-48,6-2号棟,鉄筋コンクリート造,5,N,502号室,3LDK,73,5,163500,8500,2か月,['近居割'],随時,https://www.ur-net.go.jp/chintai/kanto/kanagawa/40_3930_room.html?JKSS=006020502,<li>JR横浜線「十日市場」駅 徒歩7～8分</li><li>東急田園都市線「青葉台」駅バス12分 徒歩7～8分</li><li>JR横浜線「中山」駅バス10分 徒歩3～4分</li>
kanagawa,nakayama,十日市場ヒルタウン　コンフォール十日市場六番街,172000,,,,JR横浜線「中山」駅,13.0,14.0,横浜市緑区十日市場町1358-48,6-2号棟,鉄筋コンクリート造,5,N,502号室,3LDK,73,5,163500,8500,2か月,['近居割'],随時,https://www.ur-net.go.jp/chintai/kanto/kanagawa/40_3930_room.html?JKSS=006020502,<li>JR横浜線「十日市場」駅 徒歩7～8分</li><li>東急田園都市線「青葉台」駅バス12分 徒歩7～8分</li><li>JR横浜線「中山」駅バス10分 徒歩3～4分</li>
kanagawa,nakayama,十日市場ヒルタウン　コンフォール十日市場六番街,172000,,,,,,,横浜市緑区十日市場町1358-48,6-2号棟,鉄筋コンクリート造,5,N,502号室,3LDK,73,5,163500,8500,2か月,['近居割'],随時,https://www.ur-net.go.jp/chintai/kanto/kanagawa/40_3930_room.html?JKSS=006020502,<li>JR横浜線「十日市場」駅 徒歩7～8分</li><li>東急田園都市線「青葉台」駅バス12分 徒歩7～8分</li><li>JR横浜線「中山」駅バス10分 徒歩3～4分</li>
kanagawa,shinyurigaoka,奈良北,61600,,,,小田急小田原線「鶴川」駅,15.0,20.0,横浜市青葉区奈良町2913,5号棟,鉄筋コンクリート造、鉄骨鉄筋コンクリート造,2,N,201号室,1K,36,11,58700,2900,2か月,"['近居割', '近居割WIDE']",随時,https://www.ur-net.go.jp/chintai/kanto/kanagawa/40_1410_room.html?JKSS=000050201,<li>小田急小田原線「鶴川」駅バス13分 徒歩2～7分</li><li>小田急小田原線「玉川学園前」駅 徒歩15～21分</li><li>東急田園都市線「青葉台」駅バス16～17分 徒歩1～7分</li>
kanagawa,shinyurigaoka,奈良北,61600,小田急小田原線「玉川学園前」駅,15.0,21.0,,,,横浜市青葉区奈良町2913,5号棟,鉄筋コンクリート造、鉄骨鉄筋コンクリート造,2,N,201号室,1K,36,11,58700,2900,2か月,"['近居割', '近居割WIDE']",随時,https://www.ur-net.go.jp/chintai/kanto/kanagawa/40_1410_room.html?JKSS=000050201,<li>小田急小田原線「鶴川」駅バス13分 徒歩2～7分</li><li>小田急小田原線「玉川学園前」駅 徒歩15～21分</li><li>東急田園都市線「青葉台」駅バス16～17分 徒歩1～7分</li>
kanagawa,shinyurigaoka,奈良北,61600,,,,東急田園都市線「青葉台」駅,17.0,24.0,横浜市青葉区奈良町2913,5号棟,鉄筋コンクリート造、鉄骨鉄筋コンクリート造,2,N,201号室,1K,36,11,58700,2900,2か月,"['近居割', '近居割WIDE']",随時,https://www.ur-net.go.jp/chintai/kanto/kanagawa/40_1410_room.html?JKSS=000050201,<li>小田急小田原線「鶴川」駅バス13分 徒歩2～7分</li><li>小田急小田原線「玉川学園前」駅 徒歩15～21分</li><li>東急田園都市線「青葉台」駅バス16～17分 徒歩1～7分</li>
kanagawa,shinyurigaoka,奈良北,61600,,,,,,,横浜市青葉区奈良町2913,5号棟,鉄筋コンクリート造、鉄骨鉄筋コンクリート造,2,N,201号室,1K,36,11,58700,2900,2か月,"['近居割', '近居割WIDE']",随時,https://www.ur-net.go.jp/chintai/kanto/kanagawa/40_1410_room.html?JKSS=000050201,<li>小田急小田原線「鶴川」駅バス13分 徒歩2～7分</li><li>小田急小田原線「玉川学園前」駅 徒歩15～21分</li><li>東急田園都市線「青葉台」駅バス16～17分 徒歩1～7分</li>
kanagawa,shinyurigaoka,奈良北,80900,,,,小田急小田原線「鶴川」駅,15.0,20.0,横浜市青葉区奈良町2913,8号棟,鉄筋コンクリート造、鉄骨鉄筋コンクリート造,4,N,406号室,2LDK,52,5,78000,2900,2か月,"['近居割', '近居割WIDE']",随時,https://www.ur-net.go.jp/chintai/kanto/kanagawa/40_1410_room.html?JKSS=000080406,<li>小田急小田原線「鶴川」駅バス13分 徒歩2～7分</li><li>小田急小田原線「玉川学園前」駅 徒歩15～21分</li><li>東急田園都市線「青葉台」駅バス16～17分 徒歩1～7分</li>
kanagawa,shinyurigaoka,奈良北,80900,小田急小田原線「玉川学園前」駅,15.0,21.0,,,,横浜市青葉区奈良町2913,8号棟,鉄筋コンクリート造、鉄骨鉄筋コンクリート造,4,N,406号室,2LDK,52,5,78000,2900,2か月,"['近居割', '近居割WIDE']",随時,https://www.ur-net.go.jp/chintai/kanto/kanagawa/40_1410_room.html?JKSS=000080406,<li>小田急小田原線「鶴川」駅バス13分 徒歩2～7分</li><li>小田急小田原線「玉川学園前」駅 徒歩15～21分</li><li>東急田園都市線「青葉台」駅バス16～17分 徒歩1～7分</li>
kanagawa,shinyurigaoka,奈良北,80900,,,,東急田園都市線「青葉台」駅,17.0,24.0,横浜市青葉区奈良町2913,8号棟,鉄筋コンクリート造、鉄骨鉄筋コンクリート造,4,N,406号室,2LDK,52,5,78000,2900,2か月,"['近居割', '近居割WIDE']",随時,https://www.ur-net.go.jp/chintai/kanto/kanagawa/40_1410_room.html?JKSS=000080406,<li>小田急小田原線「鶴川」駅バス13分 徒歩2～7分</li><li>小田急小田原線「玉川学園前」駅 徒歩15～21分</li><li>東急田園都市線「青葉台」駅バス16～17分 徒歩1～7分</li>
kanagawa,shinyurigaoka,奈良北,80900,,,,,,,横浜市青葉区奈良町2913,8号棟,鉄筋コンクリート造、鉄骨鉄筋コンクリート造,4,N,406号室,2LDK,52,5,78000,2900,2か月,"['近居割', '近居割WIDE']",随時,https://www.ur-net.go.jp/chintai/kanto/kanagawa/40_1410_room.html?JKSS=000080406,<li>小田急小田原線「鶴川」駅バス13分 徒歩2～7分</li><li>小田急小田原線「玉川学園前」駅 徒歩15～21分</li><li>東急田園都市線「青葉台」駅バス16～17分 徒歩1～7分</li>
kanagawa,shinyurigaoka,奈良北,88200,,,,小田急小田原線「鶴川」駅,15.0,20.0,横浜市青葉区奈良町2913,7号棟,鉄筋コンクリート造、鉄骨鉄筋コンクリート造,8,N,824号室,2LDK,54,8,85300,2900,2か月,"['近居割', '近居割WIDE']",随時,https://www.ur-net.go.jp/chintai/kanto/kanagawa/40_1410_room.html?JKSS=000070824,<li>小田急小田原線「鶴川」駅バス13分 徒歩2～7分</li><li>小田急小田原線「玉川学園前」駅 徒歩15～21分</li><li>東急田園都市線「青葉台」駅バス16～17分 徒歩1～7分</li>
kanagawa,shinyurigaoka,奈良北,88200,小田急小田原線「玉川学園前」駅,15.0,21.0,,,,横浜市青葉区奈良町2913,7号棟,鉄筋コンクリート造、鉄骨鉄筋コンクリート造,8,N,824号室,2LDK,54,8,85300,2900,2か月,"['近居割', '近居割WIDE']",随時,https://www.ur-net.go.jp/chintai/kanto/kanagawa/40_1410_room.html?JKSS=000070824,<li>小田急小田原線「鶴川」駅バス13分 徒歩2～7分</li><li>小田急小田原線「玉川学園前」駅 徒歩15～21分</li><li>東急田園都市線「青葉台」駅バス16～17分 徒歩1～7分</li>
kanagawa,shinyurigaoka,奈良北,88200,,,,東急田園都市線「青葉台」駅,17.0,24.0,横浜市青葉区奈良町2913,7号棟,鉄筋コンクリート造、鉄骨鉄筋コンクリート造,8,N,824号室,2LDK,54,8,85300,2900,2か月,"['近居割', '近居割WIDE']",随時,https://www.ur-net.go.jp/chintai/kanto/kanagawa/40_1410_room.html?JKSS=000070824,<li>小田急小田原線「鶴川」駅バス13分 徒歩2～7分</li><li>小田急小田原線「玉川学園前」駅 徒歩15～21分</li><li>東急田園都市線「青葉台」駅バス16～17分 徒歩1～7分</li>
kanagawa,shinyurigaoka,奈良北,88200,,,,,,,横浜市青葉区奈良町2913,7号棟,鉄筋コンクリート造、鉄骨鉄筋コンクリート造,8,N,824号室,2LDK,54,8,85300,2900,2か月,"['近居割', '近居割WIDE']",随時,https://www.ur-net.go.jp/chintai/kanto/kanagawa/40_1410_room.html?JKSS=000070824,<li>小田急小田原線「鶴川」駅バス13分 徒歩2～7分</li><li>小田急小田原線「玉川学園前」駅 徒歩15～21分</li><li>東急田園都市線「青葉台」駅バス16～17分 徒歩1～7分</li>
kanagawa,shinyurigaoka,グリーンヒル鴨志田中央,121700,,,,東急田園都市線「青葉台」駅,10.0,11.0,横浜市青葉区鴨志田町539-3,3号棟,鉄筋コンクリート造,5,N,501号室,3LDK,65,5,116600,5100,2か月,['近居割'],随時,https://www.ur-net.go.jp/chintai/kanto/kanagawa/40_2880_room.html?JKSS=000030501,<li>東急田園都市線「青葉台」駅バス8分 徒歩2～3分</li><li>小田急小田原線「柿生」駅バス13分 徒歩2～3分</li><li>東急こどもの国線「こどもの国」駅 徒歩36分</li>
kanagawa,shinyurigaoka,グリーンヒル鴨志田中央,121700,,,,小田急小田原線「柿生」駅,15.0,16.0,横浜市青葉区鴨志田町539-3,3号棟,鉄筋コンクリート造,5,N,501号室,3LDK,65,5,116600,5100,2か月,['近居割'],随時,https://www.ur-net.go.jp/chintai/kanto/kanagawa/40_2880_room.html?JKSS=000030501,<li>東急田園都市線「青葉台」駅バス8分 徒歩2～3分</li><li>小田急小田原線「柿生」駅バス13分 徒歩2～3分</li><li>東急こどもの国線「こどもの国」駅 徒歩36分</li>
kanagawa,shinyurigaoka,グリーンヒル鴨志田中央,121700,東急こどもの国線「こどもの国」駅,36.0,36.0,,,,横浜市青葉区鴨志田町539-3,3号棟,鉄筋コンクリート造,5,N,501号室,3LDK,65,5,116600,5100,2か月,['近居割'],随時,https://www.ur-net.go.jp/chintai/kanto/kanagawa/40_2880_room.html?JKSS=000030501,<li>東急田園都市線「青葉台」駅バス8分 徒歩2～3分</li><li>小田急小田原線「柿生」駅バス13分 徒歩2～3分</li><li>東急こどもの国線「こどもの国」駅 徒歩36分</li>
kanagawa,shinyurigaoka,グリーンヒル鴨志田中央,121700,,,,,,,横浜市青葉区鴨志田町539-3,3号棟,鉄筋コンクリート造,5,N,501号室,3LDK,65,5,116600,5100,2か月,['近居割'],随時,https://www.ur-net.go.jp/chintai/kanto/kanagawa/40_2880_room.html?JKSS=000030501,<li>東急田園都市線「青葉台」駅バス8分 徒歩2～3分</li><li>小田急小田原線「柿生」駅バス13分 徒歩2～3分</li><li>東急こどもの国線「こどもの国」駅 徒歩36分</li>
kanagawa,kohoku,港北ニュータウン　コンフォール東山田,128600,横浜市営地下鉄グリーンライン「東山田」駅,17.0,17.0,,,,横浜市都筑区東山田4-5,5号棟,鉄筋コンクリート造,3,N,302号室,3LDK,72,5,124900,3700,2か月,['近居割'],随時,https://www.ur-net.go.jp/chintai/kanto/kanagawa/40_3080_room.html?JKSS=000050302,<li>横浜市営地下鉄グリーンライン「東山田」駅 徒歩17分</li><li>横浜市営地下鉄グリーンライン「北山田」駅 徒歩19～20分</li><li>横浜市営地下鉄グリーンライン「センター北」駅バス12分 徒歩4分</li>
kanagawa,kohoku,港北ニュータウン　コンフォール東山田,128600,横浜市営地下鉄グリーンライン「北山田」駅,19.0,20.0,,,,横浜市都筑区東山田4-5,5号棟,鉄筋コンクリート造,3,N,302号室,3LDK,72,5,124900,3700,2か月,['近居割'],随時,https://www.ur-net.go.jp/chintai/kanto/kanagawa/40_3080_room.html?JKSS=000050302,<li>横浜市営地下鉄グリーンライン「東山田」駅 徒歩17分</li><li>横浜市営地下鉄グリーンライン「北山田」駅 徒歩19～20分</li><li>横浜市営地下鉄グリーンライン「センター北」駅バス12分 徒歩4分</li>
kanagawa,kohoku,港北ニュータウン　コンフォール東山田,128600,,,,横浜市営地下鉄グリーンライン「センター北」駅,16.0,16.0,横浜市都筑区東山田4-5,5号棟,鉄筋コンクリート造,3,N,302号室,3LDK,72,5,124900,3700,2か月,['近居割'],随時,https://www.ur-net.go.jp/chintai/kanto/kanagawa/40_3080_room.html?JKSS=000050302,<li>横浜市営地下鉄グリーンライン「東山田」駅 徒歩17分</li><li>横浜市営地下鉄グリーンライン「北山田」駅 徒歩19～20分</li><li>横浜市営地下鉄グリーンライン「センター北」駅バス12分 徒歩4分</li>
kanagawa,kohoku,港北ニュータウン　コンフォール東山田,128600,,,,,,,横浜市都筑区東山田4-5,5号棟,鉄筋コンクリート造,3,N,302号室,3LDK,72,5,124900,3700,2か月,['近居割'],随時,https://www.ur-net.go.jp/chintai/kanto/kanagawa/40_3080_room.html?JKSS=000050302,<li>横浜市営地下鉄グリーンライン「東山田」駅 徒歩17分</li><li>横浜市営地下鉄グリーンライン「北山田」駅 徒歩19～20分</li><li>横浜市営地下鉄グリーンライン「センター北」駅バス12分 徒歩4分</li>
kanagawa,kohoku,港北ニュータウン　プロムナード仲町台,141200,横浜市営地下鉄ブルーライン「仲町台」駅,4.0,5.0,,,,横浜市都筑区仲町台5-7,5号棟,鉄筋コンクリート造,4,N,402号室,1DK,52,12,135800,5400,2か月,['近居割'],随時,https://www.ur-net.go.jp/chintai/kanto/kanagawa/40_3340_room.html?JKSS=000050402,<li>横浜市営地下鉄ブルーライン「仲町台」駅 徒歩4～5分</li><li>横浜市営地下鉄グリーンライン「センター南」駅 徒歩24分</li>
kanagawa,kohoku,港北ニュータウン　プロムナード仲町台,141200,横浜市営地下鉄グリーンライン「センター南」駅,24.0,24.0,,,,横浜市都筑区仲町台5-7,5号棟,鉄筋コンクリート造,4,N,402号室,1DK,52,12,135800,5400,2か月,['近居割'],随時,https://www.ur-net.go.jp/chintai/kanto/kanagawa/40_3340_room.html?JKSS=000050402,<li>横浜市営地下鉄ブルーライン「仲町台」駅 徒歩4～5分</li><li>横浜市営地下鉄グリーンライン「センター南」駅 徒歩24分</li>
kanagawa,kohoku,港北ニュータウン　プロムナード仲町台,141200,,,,,,,横浜市都筑区仲町台5-7,5号棟,鉄筋コンクリート造,4,N,402号室,1DK,52,12,135800,5400,2か月,['近居割'],随時,https://www.ur-net.go.jp/chintai/kanto/kanagawa/40_3340_room.html?JKSS=000050402,<li>横浜市営地下鉄ブルーライン「仲町台」駅 徒歩4～5分</li><li>横浜市営地下鉄グリーンライン「センター南」駅 徒歩24分</li>
kanagawa,kohoku,港北ニュータウン　プロムナード仲町台,145500,横浜市営地下鉄ブルーライン「仲町台」駅,4.0,5.0,,,,横浜市都筑区仲町台5-7,4号棟,鉄筋コンクリート造,10,N,1004号室,2DK,57,14,140100,5400,2か月,['近居割'],随時,https://www.ur-net.go.jp/chintai/kanto/kanagawa/40_3340_room.html?JKSS=000041004,<li>横浜市営地下鉄ブルーライン「仲町台」駅 徒歩4～5分</li><li>横浜市営地下鉄グリーンライン「センター南」駅 徒歩24分</li>
kanagawa,kohoku,港北ニュータウン　プロムナード仲町台,145500,横浜市営地下鉄グリーンライン「センター南」駅,24.0,24.0,,,,横浜市都筑区仲町台5-7,4号棟,鉄筋コンクリート造,10,N,1004号室,2DK,57,14,140100,5400,2か月,['近居割'],随時,https://www.ur-net.go.jp/chintai/kanto/kanagawa/40_3340_room.html?JKSS=000041004,<li>横浜市営地下鉄ブルーライン「仲町台」駅 徒歩4～5分</li><li>横浜市営地下鉄グリーンライン「センター南」駅 徒歩24分</li>
kanagawa,kohoku,港北ニュータウン　プロムナード仲町台,145500,,,,,,,横浜市都筑区仲町台5-7,4号棟,鉄筋コンクリート造,10,N,1004号室,2DK,57,14,140100,5400,2か月,['近居割'],随時,https://www.ur-net.go.jp/chintai/kanto/kanagawa/40_3340_room.html?JKSS=000041004,<li>横浜市営地下鉄ブルーライン「仲町台」駅 徒歩4～5分</li><li>横浜市営地下鉄グリーンライン「センター南」駅 徒歩24分</li>
kanagawa,kohoku,港北ニュータウン　サントゥール中川,146800,横浜市営地下鉄ブルーライン「中川」駅,7.0,8.0,,,,横浜市都筑区中川2-9,9号棟,鉄骨鉄筋コンクリート造,4,N,409号室,3LDK,70,13,143000,3800,2か月,['近居割'],随時,https://www.ur-net.go.jp/chintai/kanto/kanagawa/40_2690_room.html?JKSS=000090409,<li>横浜市営地下鉄ブルーライン「中川」駅 徒歩7～8分</li><li>東急田園都市線「たまプラーザ」駅バス4分 徒歩2～3分</li><li>横浜市営地下鉄グリーンライン「北山田」駅バス9分 徒歩2～3分</li>
kanagawa,kohoku,港北ニュータウン　サントゥール中川,146800,,,,東急田園都市線「たまプラーザ」駅,6.0,7.0,横浜市都筑区中川2-9,9号棟,鉄骨鉄筋コンクリート造,4,N,409号室,3LDK,70,13,143000,3800,2か月,['近居割'],随時,https://www.ur-net.go.jp/chintai/kanto/kanagawa/40_2690_room.html?JKSS=000090409,<li>横浜市営地下鉄ブルーライン「中川」駅 徒歩7～8分</li><li>東急田園都市線「たまプラーザ」駅バス4分 徒歩2～3分</li><li>横浜市営地下鉄グリーンライン「北山田」駅バス9分 徒歩2～3分</li>
kanagawa,kohoku,港北ニュータウン　サントゥール中川,146800,,,,横浜市営地下鉄グリーンライン「北山田」駅,11.0,12.0,横浜市都筑区中川2-9,9号棟,鉄骨鉄筋コンクリート造,4,N,409号室,3LDK,70,13,143000,3800,2か月,['近居割'],随時,https://www.ur-net.go.jp/chintai/kanto/kanagawa/40_2690_room.html?JKSS=000090409,<li>横浜市営地下鉄ブルーライン「中川」駅 徒歩7～8分</li><li>東急田園都市線「たまプラーザ」駅バス4分 徒歩2～3分</li><li>横浜市営地下鉄グリーンライン「北山田」駅バス9分 徒歩2～3分</li>
kanagawa,kohoku,港北ニュータウン　サントゥール中川,146800,,,,,,,横浜市都筑区中川2-9,9号棟,鉄骨鉄筋コンクリート造,4,N,409号室,3LDK,70,13,143000,3800,2か月,['近居割'],随時,https://www.ur-net.go.jp/chintai/kanto/kanagawa/40_2690_room.html?JKSS=000090409,<li>横浜市営地下鉄ブルーライン「中川」駅 徒歩7～8分</li><li>東急田園都市線「たまプラーザ」駅バス4分 徒歩2～3分</li><li>横浜市営地下鉄グリーンライン「北山田」駅バス9分 徒歩2～3分</li>
kanagawa,kohoku,港北ニュータウン　サントゥール中川,148800,横浜市営地下鉄ブルーライン「中川」駅,7.0,8.0,,,,横浜市都筑区中川2-9,9号棟,鉄骨鉄筋コンクリート造,11,N,1106号室,3LDK,70,13,145000,3800,2か月,['近居割'],随時,https://www.ur-net.go.jp/chintai/kanto/kanagawa/40_2690_room.html?JKSS=000091106,<li>横浜市営地下鉄ブルーライン「中川」駅 徒歩7～8分</li><li>東急田園都市線「たまプラーザ」駅バス4分 徒歩2～3分</li><li>横浜市営地下鉄グリーンライン「北山田」駅バス9分 徒歩2～3分</li>
kanagawa,kohoku,港北ニュータウン　サントゥール中川,148800,,,,東急田園都市線「たまプラーザ」駅,6.0,7.0,横浜市都筑区中川2-9,9号棟,鉄骨鉄筋コンクリート造,11,N,1106号室,3LDK,70,13,145000,3800,2か月,['近居割'],随時,https://www.ur-net.go.jp/chintai/kanto/kanagawa/40_2690_room.html?JKSS=000091106,<li>横浜市営地下鉄ブルーライン「中川」駅 徒歩7～8分</li><li>東急田園都市線「たまプラーザ」駅バス4分 徒歩2～3分</li><li>横浜市営地下鉄グリーンライン「北山田」駅バス9分 徒歩2～3分</li>
kanagawa,kohoku,港北ニュータウン　サントゥール中川,148800,,,,横浜市営地下鉄グリーンライン「北山田」駅,11.0,12.0,横浜市都筑区中川2-9,9号棟,鉄骨鉄筋コンクリート造,11,N,1106号室,3LDK,70,13,145000,3800,2か月,['近居割'],随時,https://www.ur-net.go.jp/chintai/kanto/kanagawa/40_2690_room.html?JKSS=000091106,<li>横浜市営地下鉄ブルーライン「中川」駅 徒歩7～8分</li><li>東急田園都市線「たまプラーザ」駅バス4分 徒歩2～3分</li><li>横浜市営地下鉄グリーンライン「北山田」駅バス9分 徒歩2～3分</li>
kanagawa,kohoku,港北ニュータウン　サントゥール中川,148800,,,,,,,横浜市都筑区中川2-9,9号棟,鉄骨鉄筋コンクリート造,11,N,1106号室,3LDK,70,13,145000,3800,2か月,['近居割'],随時,https://www.ur-net.go.jp/chintai/kanto/kanagawa/40_2690_room.html?JKSS=000091106,<li>横浜市営地下鉄ブルーライン「中川」駅 徒歩7～8分</li><li>東急田園都市線「たまプラーザ」駅バス4分 徒歩2～3分</li><li>横浜市営地下鉄グリーンライン「北山田」駅バス9分 徒歩2～3分</li>
kanagawa,kohoku,港北ニュータウン　サントゥール中川,168800,横浜市営地下鉄ブルーライン「中川」駅,7.0,8.0,,,,横浜市都筑区中川2-9,8号棟,鉄骨鉄筋コンクリート造,4,N,408号室,3LDK,74,12,165000,3800,2か月,['近居割'],随時,https://www.ur-net.go.jp/chintai/kanto/kanagawa/40_2690_room.html?JKSS=000080408,<li>横浜市営地下鉄ブルーライン「中川」駅 徒歩7～8分</li><li>東急田園都市線「たまプラーザ」駅バス4分 徒歩2～3分</li><li>横浜市営地下鉄グリーンライン「北山田」駅バス9分 徒歩2～3分</li>
kanagawa,kohoku,港北ニュータウン　サントゥール中川,168800,,,,東急田園都市線「たまプラーザ」駅,6.0,7.0,横浜市都筑区中川2-9,8号棟,鉄骨鉄筋コンクリート造,4,N,408号室,3LDK,74,12,165000,3800,2か月,['近居割'],随時,https://www.ur-net.go.jp/chintai/kanto/kanagawa/40_2690_room.html?JKSS=000080408,<li>横浜市営地下鉄ブルーライン「中川」駅 徒歩7～8分</li><li>東急田園都市線「たまプラーザ」駅バス4分 徒歩2～3分</li><li>横浜市営地下鉄グリーンライン「北山田」駅バス9分 徒歩2～3分</li>
kanagawa,kohoku,港北ニュータウン　サントゥール中川,168800,,,,横浜市営地下鉄グリーンライン「北山田」駅,11.0,12.0,横浜市都筑区中川2-9,8号棟,鉄骨鉄筋コンクリート造,4,N,408号室,3LDK,74,12,165000,3800,2か月,['近居割'],随時,https://www.ur-net.go.jp/chintai/kanto/kanagawa/40_2690_room.html?JKSS=000080408,<li>横浜市営地下鉄ブルーライン「中川」駅 徒歩7～8分</li><li>東急田園都市線「たまプラーザ」駅バス4分 徒歩2～3分</li><li>横浜市営地下鉄グリーンライン「北山田」駅バス9分 徒歩2～3分</li>
kanagawa,kohoku,港北ニュータウン　サントゥール中川,168800,,,,,,,横浜市都筑区中川2-9,8号棟,鉄骨鉄筋コンクリート造,4,N,408号室,3LDK,74,12,165000,3800,2か月,['近居割'],随時,https://www.ur-net.go.jp/chintai/kanto/kanagawa/40_2690_room.html?JKSS=000080408,<li>横浜市営地下鉄ブルーライン「中川」駅 徒歩7～8分</li><li>東急田園都市線「たまプラーザ」駅バス4分 徒歩2～3分</li><li>横浜市営地下鉄グリーンライン「北山田」駅バス9分 徒歩2～3分</li>
kanagawa,kohoku,港北ニュータウン　コンフォールセンター南,164100,横浜市営地下鉄ブルーライン「センター南」駅,11.0,13.0,,,,横浜市都筑区茅ヶ崎東3-5,7号棟,鉄筋コンクリート造,8,N,803号室,2LDK,71,14,159000,5100,2か月,['近居割'],随時,https://www.ur-net.go.jp/chintai/kanto/kanagawa/40_3760_room.html?JKSS=000070803,<li>横浜市営地下鉄ブルーライン「センター南」駅 徒歩11～13分</li><li>横浜市営地下鉄グリーンライン「センター北」駅 徒歩22～25分</li>
kanagawa,kohoku,港北ニュータウン　コンフォールセンター南,164100,横浜市営地下鉄グリーンライン「センター北」駅,22.0,25.0,,,,横浜市都筑区茅ヶ崎東3-5,7号棟,鉄筋コンクリート造,8,N,803号室,2LDK,71,14,159000,5100,2か月,['近居割'],随時,https://www.ur-net.go.jp/chintai/kanto/kanagawa/40_3760_room.html?JKSS=000070803,<li>横浜市営地下鉄ブルーライン「センター南」駅 徒歩11～13分</li><li>横浜市営地下鉄グリーンライン「センター北」駅 徒歩22～25分</li>
kanagawa,kohoku,港北ニュータウン　コンフォールセンター南,164100,,,,,,,横浜市都筑区茅ヶ崎東3-5,7号棟,鉄筋コンクリート造,8,N,803号室,2LDK,71,14,159000,5100,2か月,['近居割'],随時,https://www.ur-net.go.jp/chintai/kanto/kanagawa/40_3760_room.html?JKSS=000070803,<li>横浜市営地下鉄ブルーライン「センター南」駅 徒歩11～13分</li><li>横浜市営地下鉄グリーンライン「センター北」駅 徒歩22～25分</li>
kanagawa,yokohamanishiguchi,本郷町,92500,,,,JR根岸線ほか「桜木町」駅,19.0,19.0,横浜市中区本郷町2-50,,鉄骨鉄筋コンクリート造,5,N,503号室,1LDK,46,7,89200,3300,2か月,['URライト（5年定借）'],随時,https://www.ur-net.go.jp/chintai/kanto/kanagawa/40_1610_room.html?JKSS=000000503,<li>JR根岸線ほか「桜木町」駅 バス18分 徒歩1分</li><li>JR根岸線「石川町」駅 バス10分 徒歩1分</li>
kanagawa,yokohamanishiguchi,本郷町,92500,,,,JR根岸線「石川町」駅,11.0,11.0,横浜市中区本郷町2-50,,鉄骨鉄筋コンクリート造,5,N,503号室,1LDK,46,7,89200,3300,2か月,['URライト（5年定借）'],随時,https://www.ur-net.go.jp/chintai/kanto/kanagawa/40_1610_room.html?JKSS=000000503,<li>JR根岸線ほか「桜木町」駅 バス18分 徒歩1分</li><li>JR根岸線「石川町」駅 バス10分 徒歩1分</li>
kanagawa,yokohamanishiguchi,本郷町,92500,,,,,,,横浜市中区本郷町2-50,,鉄骨鉄筋コンクリート造,5,N,503号室,1LDK,46,7,89200,3300,2か月,['URライト（5年定借）'],随時,https://www.ur-net.go.jp/chintai/kanto/kanagawa/40_1610_room.html?JKSS=000000503,<li>JR根岸線ほか「桜木町」駅 バス18分 徒歩1分</li><li>JR根岸線「石川町」駅 バス10分 徒歩1分</li>
kanagawa,yokohamanishiguchi,ビューコート小港,135500,みなとみらい線「元町・中華街」駅,21.0,23.0,,,,横浜市中区小港町1-1-2,6号棟,鉄筋コンクリート造,2,N,203号室,1K,56,14,130200,5300,2か月,['近居割'],随時,https://www.ur-net.go.jp/chintai/kanto/kanagawa/40_3310_room.html?JKSS=000060203,<li>みなとみらい線「元町・中華街」駅 徒歩21～23分</li><li>JR京浜東北・根岸線「桜木町」駅バス18分 徒歩3～5分</li><li>JR京浜東北・根岸線「根岸」駅バス18分 徒歩3～5分</li>
kanagawa,yokohamanishiguchi,ビューコート小港,135500,,,,JR京浜東北・根岸線「桜木町」駅,21.0,23.0,横浜市中区小港町1-1-2,6号棟,鉄筋コンクリート造,2,N,203号室,1K,56,14,130200,5300,2か月,['近居割'],随時,https://www.ur-net.go.jp/chintai/kanto/kanagawa/40_3310_room.html?JKSS=000060203,<li>みなとみらい線「元町・中華街」駅 徒歩21～23分</li><li>JR京浜東北・根岸線「桜木町」駅バス18分 徒歩3～5分</li><li>JR京浜東北・根岸線「根岸」駅バス18分 徒歩3～5分</li>
kanagawa,yokohamanishiguchi,ビューコート小港,135500,,,,JR京浜東北・根岸線「根岸」駅,21.0,23.0,横浜市中区小港町1-1-2,6号棟,鉄筋コンクリート造,2,N,203号室,1K,56,14,130200,5300,2か月,['近居割'],随時,https://www.ur-net.go.jp/chintai/kanto/kanagawa/40_3310_room.html?JKSS=000060203,<li>みなとみらい線「元町・中華街」駅 徒歩21～23分</li><li>JR京浜東北・根岸線「桜木町」駅バス18分 徒歩3～5分</li><li>JR京浜東北・根岸線「根岸」駅バス18分 徒歩3～5分</li>
kanagawa,yokohamanishiguchi,ビューコート小港,135500,,,,,,,横浜市中区小港町1-1-2,6号棟,鉄筋コンクリート造,2,N,203号室,1K,56,14,130200,5300,2か月,['近居割'],随時,https://www.ur-net.go.jp/chintai/kanto/kanagawa/40_3310_room.html?JKSS=000060203,<li>みなとみらい線「元町・中華街」駅 徒歩21～23分</li><li>JR京浜東北・根岸線「桜木町」駅バス18分 徒歩3～5分</li><li>JR京浜東北・根岸線「根岸」駅バス18分 徒歩3～5分</li>
kanagawa,yokohamanishiguchi,ベイサイト本牧－Ⅲ,142500,,,,JR根岸線「根岸」駅,9.0,9.0,横浜市中区本牧和田33-8,,鉄筋コンクリート造,3,N,311号室,2LDK,64,7,139100,3400,2か月,['近居割'],随時,https://www.ur-net.go.jp/chintai/kanto/kanagawa/40_3720_room.html?JKSS=000000311,<li>JR根岸線「根岸」駅 バス８分 徒歩1分</li><li>JR根岸線・横浜市営地下鉄ブルーライン「桜木町」バス26分徒歩1分</li>
kanagawa,yokohamanishiguchi,ベイサイト本牧－Ⅲ,142500,,,,JR根岸線・横浜市営地下鉄ブルーライン「桜木町」,27.0,27.0,横浜市中区本牧和田33-8,,鉄筋コンクリート造,3,N,311号室,2LDK,64,7,139100,3400,2か月,['近居割'],随時,https://www.ur-net.go.jp/chintai/kanto/kanagawa/40_3720_room.html?JKSS=000000311,<li>JR根岸線「根岸」駅 バス８分 徒歩1分</li><li>JR根岸線・横浜市営地下鉄ブルーライン「桜木町」バス26分徒歩1分</li>
kanagawa,yokohamanishiguchi,ベイサイト本牧－Ⅲ,142500,,,,,,,横浜市中区本牧和田33-8,,鉄筋コンクリート造,3,N,311号室,2LDK,64,7,139100,3400,2か月,['近居割'],随時,https://www.ur-net.go.jp/chintai/kanto/kanagawa/40_3720_room.html?JKSS=000000311,<li>JR根岸線「根岸」駅 バス８分 徒歩1分</li><li>JR根岸線・横浜市営地下鉄ブルーライン「桜木町」バス26分徒歩1分</li>
kanagawa,yokohamanishiguchi,ベイシティ本牧南,183500,,,,JR京浜東北・根岸線「根岸」駅,16.0,19.0,横浜市中区本牧原21,2号棟,鉄筋コンクリート造,12,N,1202号室,3LDK,83,12,178500,5000,2か月,['近居割'],随時,https://www.ur-net.go.jp/chintai/kanto/kanagawa/40_3820_room.html?JKSS=000021202,<li>JR京浜東北・根岸線「根岸」駅バス13分 徒歩3～6分</li><li>みなとみらい線「元町・中華街」駅バス13分 徒歩3～6分</li><li>JR京浜東北・根岸線「桜木町」駅バス24分 徒歩3～6分</li>
kanagawa,yokohamanishiguchi,ベイシティ本牧南,183500,,,,みなとみらい線「元町・中華街」駅,16.0,19.0,横浜市中区本牧原21,2号棟,鉄筋コンクリート造,12,N,1202号室,3LDK,83,12,178500,5000,2か月,['近居割'],随時,https://www.ur-net.go.jp/chintai/kanto/kanagawa/40_3820_room.html?JKSS=000021202,<li>JR京浜東北・根岸線「根岸」駅バス13分 徒歩3～6分</li><li>みなとみらい線「元町・中華街」駅バス13分 徒歩3～6分</li><li>JR京浜東北・根岸線「桜木町」駅バス24分 徒歩3～6分</li>
kanagawa,yokohamanishiguchi,ベイシティ本牧南,183500,,,,JR京浜東北・根岸線「桜木町」駅,27.0,30.0,横浜市中区本牧原21,2号棟,鉄筋コンクリート造,12,N,1202号室,3LDK,83,12,178500,5000,2か月,['近居割'],随時,https://www.ur-net.go.jp/chintai/kanto/kanagawa/40_3820_room.html?JKSS=000021202,<li>JR京浜東北・根岸線「根岸」駅バス13分 徒歩3～6分</li><li>みなとみらい線「元町・中華街」駅バス13分 徒歩3～6分</li><li>JR京浜東北・根岸線「桜木町」駅バス24分 徒歩3～6分</li>
kanagawa,yokohamanishiguchi,ベイシティ本牧南,183500,,,,,,,横浜市中区本牧原21,2号棟,鉄筋コンクリート造,12,N,1202号室,3LDK,83,12,178500,5000,2か月,['近居割'],随時,https://www.ur-net.go.jp/chintai/kanto/kanagawa/40_3820_room.html?JKSS=000021202,<li>JR京浜東北・根岸線「根岸」駅バス13分 徒歩3～6分</li><li>みなとみらい線「元町・中華街」駅バス13分 徒歩3～6分</li><li>JR京浜東北・根岸線「桜木町」駅バス24分 徒歩3～6分</li>
kanagawa,futamatagawa,くぬぎ台,67100,,,,相鉄本線「鶴ヶ峰」駅,7.0,12.0,横浜市保土ケ谷区川島町1404,4-1号棟,鉄筋コンクリート造,1,N,103号室,3K,45,5,62600,4500,2か月,['健康寿命サポート'],随時,https://www.ur-net.go.jp/chintai/kanto/kanagawa/40_1420_room.html?JKSS=000401103,<li>相鉄本線「鶴ヶ峰」駅バス5分 徒歩2～7分</li><li>相鉄本線「西谷」駅 徒歩15～20分</li><li>相鉄本線「二俣川」駅バス29分 徒歩3～9分</li>
kanagawa,futamatagawa,くぬぎ台,67100,相鉄本線「西谷」駅,15.0,20.0,,,,横浜市保土ケ谷区川島町1404,4-1号棟,鉄筋コンクリート造,1,N,103号室,3K,45,5,62600,4500,2か月,['健康寿命サポート'],随時,https://www.ur-net.go.jp/chintai/kanto/kanagawa/40_1420_room.html?JKSS=000401103,<li>相鉄本線「鶴ヶ峰」駅バス5分 徒歩2～7分</li><li>相鉄本線「西谷」駅 徒歩15～20分</li><li>相鉄本線「二俣川」駅バス29分 徒歩3～9分</li>
kanagawa,futamatagawa,くぬぎ台,67100,,,,相鉄本線「二俣川」駅,32.0,38.0,横浜市保土ケ谷区川島町1404,4-1号棟,鉄筋コンクリート造,1,N,103号室,3K,45,5,62600,4500,2か月,['健康寿命サポート'],随時,https://www.ur-net.go.jp/chintai/kanto/kanagawa/40_1420_room.html?JKSS=000401103,<li>相鉄本線「鶴ヶ峰」駅バス5分 徒歩2～7分</li><li>相鉄本線「西谷」駅 徒歩15～20分</li><li>相鉄本線「二俣川」駅バス29分 徒歩3～9分</li>
kanagawa,futamatagawa,くぬぎ台,67100,,,,,,,横浜市保土ケ谷区川島町1404,4-1号棟,鉄筋コンクリート造,1,N,103号室,3K,45,5,62600,4500,2か月,['健康寿命サポート'],随時,https://www.ur-net.go.jp/chintai/kanto/kanagawa/40_1420_room.html?JKSS=000401103,<li>相鉄本線「鶴ヶ峰」駅バス5分 徒歩2～7分</li><li>相鉄本線「西谷」駅 徒歩15～20分</li><li>相鉄本線「二俣川」駅バス29分 徒歩3～9分</li>
kanagawa,futamatagawa,くぬぎ台,5460068700,,,,相鉄本線「鶴ヶ峰」駅,7.0,12.0,横浜市保土ケ谷区川島町1404,5-12号棟,鉄筋コンクリート造,2,N,208号室,3K,45,5,5460064200,4500,2か月,['高齢者向け優良賃貸住宅'],随時,https://www.ur-net.go.jp/chintai/kanto/kanagawa/40_1420_room.html?JKSS=000512208,<li>相鉄本線「鶴ヶ峰」駅バス5分 徒歩2～7分</li><li>相鉄本線「西谷」駅 徒歩15～20分</li><li>相鉄本線「二俣川」駅バス29分 徒歩3～9分</li>
kanagawa,futamatagawa,くぬぎ台,5460068700,相鉄本線「西谷」駅,15.0,20.0,,,,横浜市保土ケ谷区川島町1404,5-12号棟,鉄筋コンクリート造,2,N,208号室,3K,45,5,5460064200,4500,2か月,['高齢者向け優良賃貸住宅'],随時,https://www.ur-net.go.jp/chintai/kanto/kanagawa/40_1420_room.html?JKSS=000512208,<li>相鉄本線「鶴ヶ峰」駅バス5分 徒歩2～7分</li><li>相鉄本線「西谷」駅 徒歩15～20分</li><li>相鉄本線「二俣川」駅バス29分 徒歩3～9分</li>
kanagawa,futamatagawa,くぬぎ台,5460068700,,,,相鉄本線「二俣川」駅,32.0,38.0,横浜市保土ケ谷区川島町1404,5-12号棟,鉄筋コンクリート造,2,N,208号室,3K,45,5,5460064200,4500,2か月,['高齢者向け優良賃貸住宅'],随時,https://www.ur-net.go.jp/chintai/kanto/kanagawa/40_1420_room.html?JKSS=000512208,<li>相鉄本線「鶴ヶ峰」駅バス5分 徒歩2～7分</li><li>相鉄本線「西谷」駅 徒歩15～20分</li><li>相鉄本線「二俣川」駅バス29分 徒歩3～9分</li>
kanagawa,futamatagawa,くぬぎ台,5460068700,,,,,,,横浜市保土ケ谷区川島町1404,5-12号棟,鉄筋コンクリート造,2,N,208号室,3K,45,5,5460064200,4500,2か月,['高齢者向け優良賃貸住宅'],随時,https://www.ur-net.go.jp/chintai/kanto/kanagawa/40_1420_room.html?JKSS=000512208,<li>相鉄本線「鶴ヶ峰」駅バス5分 徒歩2～7分</li><li>相鉄本線「西谷」駅 徒歩15～20分</li><li>相鉄本線「二俣川」駅バス29分 徒歩3～9分</li>
kanagawa,futamatagawa,くぬぎ台,69500,,,,相鉄本線「鶴ヶ峰」駅,7.0,12.0,横浜市保土ケ谷区川島町1404,1-10号棟,鉄筋コンクリート造,1,N,102号室,2DK,48,5,65000,4500,2か月,"['近居割', '近居割WIDE']",随時,https://www.ur-net.go.jp/chintai/kanto/kanagawa/40_1420_room.html?JKSS=000110102,<li>相鉄本線「鶴ヶ峰」駅バス5分 徒歩2～7分</li><li>相鉄本線「西谷」駅 徒歩15～20分</li><li>相鉄本線「二俣川」駅バス29分 徒歩3～9分</li>
kanagawa,futamatagawa,くぬぎ台,69500,相鉄本線「西谷」駅,15.0,20.0,,,,横浜市保土ケ谷区川島町1404,1-10号棟,鉄筋コンクリート造,1,N,102号室,2DK,48,5,65000,4500,2か月,"['近居割', '近居割WIDE']",随時,https://www.ur-net.go.jp/chintai/kanto/kanagawa/40_1420_room.html?JKSS=000110102,<li>相鉄本線「鶴ヶ峰」駅バス5分 徒歩2～7分</li><li>相鉄本線「西谷」駅 徒歩15～20分</li><li>相鉄本線「二俣川」駅バス29分 徒歩3～9分</li>
kanagawa,futamatagawa,くぬぎ台,69500,,,,相鉄本線「二俣川」駅,32.0,38.0,横浜市保土ケ谷区川島町1404,1-10号棟,鉄筋コンクリート造,1,N,102号室,2DK,48,5,65000,4500,2か月,"['近居割', '近居割WIDE']",随時,https://www.ur-net.go.jp/chintai/kanto/kanagawa/40_1420_room.html?JKSS=000110102,<li>相鉄本線「鶴ヶ峰」駅バス5分 徒歩2～7分</li><li>相鉄本線「西谷」駅 徒歩15～20分</li><li>相鉄本線「二俣川」駅バス29分 徒歩3～9分</li>
kanagawa,futamatagawa,くぬぎ台,69500,,,,,,,横浜市保土ケ谷区川島町1404,1-10号棟,鉄筋コンクリート造,1,N,102号室,2DK,48,5,65000,4500,2か月,"['近居割', '近居割WIDE']",随時,https://www.ur-net.go.jp/chintai/kanto/kanagawa/40_1420_room.html?JKSS=000110102,<li>相鉄本線「鶴ヶ峰」駅バス5分 徒歩2～7分</li><li>相鉄本線「西谷」駅 徒歩15～20分</li><li>相鉄本線「二俣川」駅バス29分 徒歩3～9分</li>
kanagawa,futamatagawa,西久保町公園ハイツ,137400,相鉄本線「天王町」駅,5.0,7.0,,,,横浜市保土ケ谷区西久保町1-4,1号棟,鉄骨鉄筋コンクリート造,5,N,523号室,2LDK,59,15,133200,4200,2か月,['近居割'],随時,https://www.ur-net.go.jp/chintai/kanto/kanagawa/40_2460_room.html?JKSS=000010523,<li>相鉄本線「天王町」駅 徒歩5～7分</li><li>JR横須賀線「保土ケ谷」駅 徒歩11～12分</li><li>相鉄本線「西横浜」駅 徒歩7～8分</li>
kanagawa,futamatagawa,西久保町公園ハイツ,137400,JR横須賀線「保土ケ谷」駅,11.0,12.0,,,,横浜市保土ケ谷区西久保町1-4,1号棟,鉄骨鉄筋コンクリート造,5,N,523号室,2LDK,59,15,133200,4200,2か月,['近居割'],随時,https://www.ur-net.go.jp/chintai/kanto/kanagawa/40_2460_room.html?JKSS=000010523,<li>相鉄本線「天王町」駅 徒歩5～7分</li><li>JR横須賀線「保土ケ谷」駅 徒歩11～12分</li><li>相鉄本線「西横浜」駅 徒歩7～8分</li>
kanagawa,futamatagawa,西久保町公園ハイツ,137400,相鉄本線「西横浜」駅,7.0,8.0,,,,横浜市保土ケ谷区西久保町1-4,1号棟,鉄骨鉄筋コンクリート造,5,N,523号室,2LDK,59,15,133200,4200,2か月,['近居割'],随時,https://www.ur-net.go.jp/chintai/kanto/kanagawa/40_2460_room.html?JKSS=000010523,<li>相鉄本線「天王町」駅 徒歩5～7分</li><li>JR横須賀線「保土ケ谷」駅 徒歩11～12分</li><li>相鉄本線「西横浜」駅 徒歩7～8分</li>
kanagawa,futamatagawa,西久保町公園ハイツ,137400,,,,,,,横浜市保土ケ谷区西久保町1-4,1号棟,鉄骨鉄筋コンクリート造,5,N,523号室,2LDK,59,15,133200,4200,2か月,['近居割'],随時,https://www.ur-net.go.jp/chintai/kanto/kanagawa/40_2460_room.html?JKSS=000010523,<li>相鉄本線「天王町」駅 徒歩5～7分</li><li>JR横須賀線「保土ケ谷」駅 徒歩11～12分</li><li>相鉄本線「西横浜」駅 徒歩7～8分</li>
kanagawa,futamatagawa,西久保町公園ハイツ,138400,相鉄本線「天王町」駅,5.0,7.0,,,,横浜市保土ケ谷区西久保町1-4,1号棟,鉄骨鉄筋コンクリート造,5,N,529号室,2LDK,59,15,134200,4200,2か月,['近居割'],随時,https://www.ur-net.go.jp/chintai/kanto/kanagawa/40_2460_room.html?JKSS=000010529,<li>相鉄本線「天王町」駅 徒歩5～7分</li><li>JR横須賀線「保土ケ谷」駅 徒歩11～12分</li><li>相鉄本線「西横浜」駅 徒歩7～8分</li>
kanagawa,futamatagawa,西久保町公園ハイツ,138400,JR横須賀線「保土ケ谷」駅,11.0,12.0,,,,横浜市保土ケ谷区西久保町1-4,1号棟,鉄骨鉄筋コンクリート造,5,N,529号室,2LDK,59,15,134200,4200,2か月,['近居割'],随時,https://www.ur-net.go.jp/chintai/kanto/kanagawa/40_2460_room.html?JKSS=000010529,<li>相鉄本線「天王町」駅 徒歩5～7分</li><li>JR横須賀線「保土ケ谷」駅 徒歩11～12分</li><li>相鉄本線「西横浜」駅 徒歩7～8分</li>
kanagawa,futamatagawa,西久保町公園ハイツ,138400,相鉄本線「西横浜」駅,7.0,8.0,,,,横浜市保土ケ谷区西久保町1-4,1号棟,鉄骨鉄筋コンクリート造,5,N,529号室,2LDK,59,15,134200,4200,2か月,['近居割'],随時,https://www.ur-net.go.jp/chintai/kanto/kanagawa/40_2460_room.html?JKSS=000010529,<li>相鉄本線「天王町」駅 徒歩5～7分</li><li>JR横須賀線「保土ケ谷」駅 徒歩11～12分</li><li>相鉄本線「西横浜」駅 徒歩7～8分</li>
kanagawa,futamatagawa,西久保町公園ハイツ,138400,,,,,,,横浜市保土ケ谷区西久保町1-4,1号棟,鉄骨鉄筋コンクリート造,5,N,529号室,2LDK,59,15,134200,4200,2か月,['近居割'],随時,https://www.ur-net.go.jp/chintai/kanto/kanagawa/40_2460_room.html?JKSS=000010529,<li>相鉄本線「天王町」駅 徒歩5～7分</li><li>JR横須賀線「保土ケ谷」駅 徒歩11～12分</li><li>相鉄本線「西横浜」駅 徒歩7～8分</li>
kanagawa,futamatagawa,西久保町公園ハイツ,143600,相鉄本線「天王町」駅,5.0,7.0,,,,横浜市保土ケ谷区西久保町1-4,1号棟,鉄骨鉄筋コンクリート造,8,N,836号室,2LDK,59,11,139400,4200,2か月,['近居割'],随時,https://www.ur-net.go.jp/chintai/kanto/kanagawa/40_2460_room.html?JKSS=000010836,<li>相鉄本線「天王町」駅 徒歩5～7分</li><li>JR横須賀線「保土ケ谷」駅 徒歩11～12分</li><li>相鉄本線「西横浜」駅 徒歩7～8分</li>
kanagawa,futamatagawa,西久保町公園ハイツ,143600,JR横須賀線「保土ケ谷」駅,11.0,12.0,,,,横浜市保土ケ谷区西久保町1-4,1号棟,鉄骨鉄筋コンクリート造,8,N,836号室,2LDK,59,11,139400,4200,2か月,['近居割'],随時,https://www.ur-net.go.jp/chintai/kanto/kanagawa/40_2460_room.html?JKSS=000010836,<li>相鉄本線「天王町」駅 徒歩5～7分</li><li>JR横須賀線「保土ケ谷」駅 徒歩11～12分</li><li>相鉄本線「西横浜」駅 徒歩7～8分</li>
kanagawa,futamatagawa,西久保町公園ハイツ,143600,相鉄本線「西横浜」駅,7.0,8.0,,,,横浜市保土ケ谷区西久保町1-4,1号棟,鉄骨鉄筋コンクリート造,8,N,836号室,2LDK,59,11,139400,4200,2か月,['近居割'],随時,https://www.ur-net.go.jp/chintai/kanto/kanagawa/40_2460_room.html?JKSS=000010836,<li>相鉄本線「天王町」駅 徒歩5～7分</li><li>JR横須賀線「保土ケ谷」駅 徒歩11～12分</li><li>相鉄本線「西横浜」駅 徒歩7～8分</li>
kanagawa,futamatagawa,西久保町公園ハイツ,143600,,,,,,,横浜市保土ケ谷区西久保町1-4,1号棟,鉄骨鉄筋コンクリート造,8,N,836号室,2LDK,59,11,139400,4200,2か月,['近居割'],随時,https://www.ur-net.go.jp/chintai/kanto/kanagawa/40_2460_room.html?JKSS=000010836,<li>相鉄本線「天王町」駅 徒歩5～7分</li><li>JR横須賀線「保土ケ谷」駅 徒歩11～12分</li><li>相鉄本線「西横浜」駅 徒歩7～8分</li>
kanagawa,futamatagawa,左近山,58800,,,,相鉄本線「二俣川」駅,14.0,23.0,横浜市旭区左近山16-1ほか,1-21号棟,鉄筋コンクリート造、鉄骨鉄筋コンクリート造,5,N,501号室,2DK,41,5,54000,4800,2か月,"['近居割', '近居割WIDE']",随時,https://www.ur-net.go.jp/chintai/kanto/kanagawa/40_1180_room.html?JKSS=000121501,<li>相鉄本線「二俣川」駅バス13～17分 徒歩1～6分</li><li>JR横須賀線「東戸塚」駅バス25～31分 徒歩1～6分</li><li>相鉄本線「鶴ヶ峰」駅バス24～29分 徒歩1～6分</li>
kanagawa,futamatagawa,左近山,58800,,,,JR横須賀線「東戸塚」駅,26.0,37.0,横浜市旭区左近山16-1ほか,1-21号棟,鉄筋コンクリート造、鉄骨鉄筋コンクリート造,5,N,501号室,2DK,41,5,54000,4800,2か月,"['近居割', '近居割WIDE']",随時,https://www.ur-net.go.jp/chintai/kanto/kanagawa/40_1180_room.html?JKSS=000121501,<li>相鉄本線「二俣川」駅バス13～17分 徒歩1～6分</li><li>JR横須賀線「東戸塚」駅バス25～31分 徒歩1～6分</li><li>相鉄本線「鶴ヶ峰」駅バス24～29分 徒歩1～6分</li>
kanagawa,futamatagawa,左近山,58800,,,,相鉄本線「鶴ヶ峰」駅,25.0,35.0,横浜市旭区左近山16-1ほか,1-21号棟,鉄筋コンクリート造、鉄骨鉄筋コンクリート造,5,N,501号室,2DK,41,5,54000,4800,2か月,"['近居割', '近居割WIDE']",随時,https://www.ur-net.go.jp/chintai/kanto/kanagawa/40_1180_room.html?JKSS=000121501,<li>相鉄本線「二俣川」駅バス13～17分 徒歩1～6分</li><li>JR横須賀線「東戸塚」駅バス25～31分 徒歩1～6分</li><li>相鉄本線「鶴ヶ峰」駅バス24～29分 徒歩1～6分</li>
kanagawa,futamatagawa,左近山,58800,,,,,,,横浜市旭区左近山16-1ほか,1-21号棟,鉄筋コンクリート造、鉄骨鉄筋コンクリート造,5,N,501号室,2DK,41,5,54000,4800,2か月,"['近居割', '近居割WIDE']",随時,https://www.ur-net.go.jp/chintai/kanto/kanagawa/40_1180_room.html?JKSS=000121501,<li>相鉄本線「二俣川」駅バス13～17分 徒歩1～6分</li><li>JR横須賀線「東戸塚」駅バス25～31分 徒歩1～6分</li><li>相鉄本線「鶴ヶ峰」駅バス24～29分 徒歩1～6分</li>
kanagawa,futamatagawa,左近山,61300,,,,相鉄本線「二俣川」駅,14.0,23.0,横浜市旭区左近山16-1ほか,1-22号棟,鉄筋コンクリート造、鉄骨鉄筋コンクリート造,4,N,404号室,2DK,41,5,56500,4800,2か月,"['近居割', '近居割WIDE']",随時,https://www.ur-net.go.jp/chintai/kanto/kanagawa/40_1180_room.html?JKSS=000122404,<li>相鉄本線「二俣川」駅バス13～17分 徒歩1～6分</li><li>JR横須賀線「東戸塚」駅バス25～31分 徒歩1～6分</li><li>相鉄本線「鶴ヶ峰」駅バス24～29分 徒歩1～6分</li>
kanagawa,futamatagawa,左近山,61300,,,,JR横須賀線「東戸塚」駅,26.0,37.0,横浜市旭区左近山16-1ほか,1-22号棟,鉄筋コンクリート造、鉄骨鉄筋コンクリート造,4,N,404号室,2DK,41,5,56500,4800,2か月,"['近居割', '近居割WIDE']",随時,https://www.ur-net.go.jp/chintai/kanto/kanagawa/40_1180_room.html?JKSS=000122404,<li>相鉄本線「二俣川」駅バス13～17分 徒歩1～6分</li><li>JR横須賀線「東戸塚」駅バス25～31分 徒歩1～6分</li><li>相鉄本線「鶴ヶ峰」駅バス24～29分 徒歩1～6分</li>
kanagawa,futamatagawa,左近山,61300,,,,相鉄本線「鶴ヶ峰」駅,25.0,35.0,横浜市旭区左近山16-1ほか,1-22号棟,鉄筋コンクリート造、鉄骨鉄筋コンクリート造,4,N,404号室,2DK,41,5,56500,4800,2か月,"['近居割', '近居割WIDE']",随時,https://www.ur-net.go.jp/chintai/kanto/kanagawa/40_1180_room.html?JKSS=000122404,<li>相鉄本線「二俣川」駅バス13～17分 徒歩1～6分</li><li>JR横須賀線「東戸塚」駅バス25～31分 徒歩1～6分</li><li>相鉄本線「鶴ヶ峰」駅バス24～29分 徒歩1～6分</li>
kanagawa,futamatagawa,左近山,61300,,,,,,,横浜市旭区左近山16-1ほか,1-22号棟,鉄筋コンクリート造、鉄骨鉄筋コンクリート造,4,N,404号室,2DK,41,5,56500,4800,2か月,"['近居割', '近居割WIDE']",随時,https://www.ur-net.go.jp/chintai/kanto/kanagawa/40_1180_room.html?JKSS=000122404,<li>相鉄本線「二俣川」駅バス13～17分 徒歩1～6分</li><li>JR横須賀線「東戸塚」駅バス25～31分 徒歩1～6分</li><li>相鉄本線「鶴ヶ峰」駅バス24～29分 徒歩1～6分</li>
kanagawa,futamatagawa,左近山,67100,,,,相鉄本線「二俣川」駅,14.0,23.0,横浜市旭区左近山16-1ほか,1-20号棟,鉄筋コンクリート造、鉄骨鉄筋コンクリート造,3,N,310号室,3K,45,5,62300,4800,2か月,"['近居割', '近居割WIDE']",随時,https://www.ur-net.go.jp/chintai/kanto/kanagawa/40_1180_room.html?JKSS=000120310,<li>相鉄本線「二俣川」駅バス13～17分 徒歩1～6分</li><li>JR横須賀線「東戸塚」駅バス25～31分 徒歩1～6分</li><li>相鉄本線「鶴ヶ峰」駅バス24～29分 徒歩1～6分</li>
kanagawa,futamatagawa,左近山,67100,,,,JR横須賀線「東戸塚」駅,26.0,37.0,横浜市旭区左近山16-1ほか,1-20号棟,鉄筋コンクリート造、鉄骨鉄筋コンクリート造,3,N,310号室,3K,45,5,62300,4800,2か月,"['近居割', '近居割WIDE']",随時,https://www.ur-net.go.jp/chintai/kanto/kanagawa/40_1180_room.html?JKSS=000120310,<li>相鉄本線「二俣川」駅バス13～17分 徒歩1～6分</li><li>JR横須賀線「東戸塚」駅バス25～31分 徒歩1～6分</li><li>相鉄本線「鶴ヶ峰」駅バス24～29分 徒歩1～6分</li>
kanagawa,futamatagawa,左近山,67100,,,,相鉄本線「鶴ヶ峰」駅,25.0,35.0,横浜市旭区左近山16-1ほか,1-20号棟,鉄筋コンクリート造、鉄骨鉄筋コンクリート造,3,N,310号室,3K,45,5,62300,4800,2か月,"['近居割', '近居割WIDE']",随時,https://www.ur-net.go.jp/chintai/kanto/kanagawa/40_1180_room.html?JKSS=000120310,<li>相鉄本線「二俣川」駅バス13～17分 徒歩1～6分</li><li>JR横須賀線「東戸塚」駅バス25～31分 徒歩1～6分</li><li>相鉄本線「鶴ヶ峰」駅バス24～29分 徒歩1～6分</li>
kanagawa,futamatagawa,左近山,67100,,,,,,,横浜市旭区左近山16-1ほか,1-20号棟,鉄筋コンクリート造、鉄骨鉄筋コンクリート造,3,N,310号室,3K,45,5,62300,4800,2か月,"['近居割', '近居割WIDE']",随時,https://www.ur-net.go.jp/chintai/kanto/kanagawa/40_1180_room.html?JKSS=000120310,<li>相鉄本線「二俣川」駅バス13～17分 徒歩1～6分</li><li>JR横須賀線「東戸塚」駅バス25～31分 徒歩1～6分</li><li>相鉄本線「鶴ヶ峰」駅バス24～29分 徒歩1～6分</li>
kanagawa,futamatagawa,左近山,70800,,,,相鉄本線「二俣川」駅,14.0,23.0,横浜市旭区左近山16-1ほか,8-11号棟,鉄筋コンクリート造、鉄骨鉄筋コンクリート造,4,N,402号室,2LDK,50,5,66000,4800,2か月,"['近居割', '近居割WIDE']",随時,https://www.ur-net.go.jp/chintai/kanto/kanagawa/40_1180_room.html?JKSS=008110402,<li>相鉄本線「二俣川」駅バス13～17分 徒歩1～6分</li><li>JR横須賀線「東戸塚」駅バス25～31分 徒歩1～6分</li><li>相鉄本線「鶴ヶ峰」駅バス24～29分 徒歩1～6分</li>
kanagawa,futamatagawa,左近山,70800,,,,JR横須賀線「東戸塚」駅,26.0,37.0,横浜市旭区左近山16-1ほか,8-11号棟,鉄筋コンクリート造、鉄骨鉄筋コンクリート造,4,N,402号室,2LDK,50,5,66000,4800,2か月,"['近居割', '近居割WIDE']",随時,https://www.ur-net.go.jp/chintai/kanto/kanagawa/40_1180_room.html?JKSS=008110402,<li>相鉄本線「二俣川」駅バス13～17分 徒歩1～6分</li><li>JR横須賀線「東戸塚」駅バス25～31分 徒歩1～6分</li><li>相鉄本線「鶴ヶ峰」駅バス24～29分 徒歩1～6分</li>
kanagawa,futamatagawa,左近山,70800,,,,相鉄本線「鶴ヶ峰」駅,25.0,35.0,横浜市旭区左近山16-1ほか,8-11号棟,鉄筋コンクリート造、鉄骨鉄筋コンクリート造,4,N,402号室,2LDK,50,5,66000,4800,2か月,"['近居割', '近居割WIDE']",随時,https://www.ur-net.go.jp/chintai/kanto/kanagawa/40_1180_room.html?JKSS=008110402,<li>相鉄本線「二俣川」駅バス13～17分 徒歩1～6分</li><li>JR横須賀線「東戸塚」駅バス25～31分 徒歩1～6分</li><li>相鉄本線「鶴ヶ峰」駅バス24～29分 徒歩1～6分</li>
kanagawa,futamatagawa,左近山,70800,,,,,,,横浜市旭区左近山16-1ほか,8-11号棟,鉄筋コンクリート造、鉄骨鉄筋コンクリート造,4,N,402号室,2LDK,50,5,66000,4800,2か月,"['近居割', '近居割WIDE']",随時,https://www.ur-net.go.jp/chintai/kanto/kanagawa/40_1180_room.html?JKSS=008110402,<li>相鉄本線「二俣川」駅バス13～17分 徒歩1～6分</li><li>JR横須賀線「東戸塚」駅バス25～31分 徒歩1～6分</li><li>相鉄本線「鶴ヶ峰」駅バス24～29分 徒歩1～6分</li>
kanagawa,futamatagawa,左近山,73500,,,,相鉄本線「二俣川」駅,14.0,23.0,横浜市旭区左近山16-1ほか,1-30号棟,鉄筋コンクリート造、鉄骨鉄筋コンクリート造,3,N,305号室,3K,53,10,68700,4800,2か月,"['近居割', '近居割WIDE']",随時,https://www.ur-net.go.jp/chintai/kanto/kanagawa/40_1180_room.html?JKSS=000130305,<li>相鉄本線「二俣川」駅バス13～17分 徒歩1～6分</li><li>JR横須賀線「東戸塚」駅バス25～31分 徒歩1～6分</li><li>相鉄本線「鶴ヶ峰」駅バス24～29分 徒歩1～6分</li>
kanagawa,futamatagawa,左近山,73500,,,,JR横須賀線「東戸塚」駅,26.0,37.0,横浜市旭区左近山16-1ほか,1-30号棟,鉄筋コンクリート造、鉄骨鉄筋コンクリート造,3,N,305号室,3K,53,10,68700,4800,2か月,"['近居割', '近居割WIDE']",随時,https://www.ur-net.go.jp/chintai/kanto/kanagawa/40_1180_room.html?JKSS=000130305,<li>相鉄本線「二俣川」駅バス13～17分 徒歩1～6分</li><li>JR横須賀線「東戸塚」駅バス25～31分 徒歩1～6分</li><li>相鉄本線「鶴ヶ峰」駅バス24～29分 徒歩1～6分</li>
kanagawa,futamatagawa,左近山,73500,,,,相鉄本線「鶴ヶ峰」駅,25.0,35.0,横浜市旭区左近山16-1ほか,1-30号棟,鉄筋コンクリート造、鉄骨鉄筋コンクリート造,3,N,305号室,3K,53,10,68700,4800,2か月,"['近居割', '近居割WIDE']",随時,https://www.ur-net.go.jp/chintai/kanto/kanagawa/40_1180_room.html?JKSS=000130305,<li>相鉄本線「二俣川」駅バス13～17分 徒歩1～6分</li><li>JR横須賀線「東戸塚」駅バス25～31分 徒歩1～6分</li><li>相鉄本線「鶴ヶ峰」駅バス24～29分 徒歩1～6分</li>
kanagawa,futamatagawa,左近山,73500,,,,,,,横浜市旭区左近山16-1ほか,1-30号棟,鉄筋コンクリート造、鉄骨鉄筋コンクリート造,3,N,305号室,3K,53,10,68700,4800,2か月,"['近居割', '近居割WIDE']",随時,https://www.ur-net.go.jp/chintai/kanto/kanagawa/40_1180_room.html?JKSS=000130305,<li>相鉄本線「二俣川」駅バス13～17分 徒歩1～6分</li><li>JR横須賀線「東戸塚」駅バス25～31分 徒歩1～6分</li><li>相鉄本線「鶴ヶ峰」駅バス24～29分 徒歩1～6分</li>
kanagawa,futamatagawa,南永田,56300,,,,京急本線「弘明寺」駅,9.0,14.0,横浜市南区永田みなみ台2,2-1号棟,鉄骨鉄筋コンクリート造,6,N,611号室,1DK,32,12,52600,3700,2か月,"['近居割', '近居割WIDE']",随時,https://www.ur-net.go.jp/chintai/kanto/kanagawa/40_1630_room.html?JKSS=002010611,<li>京急本線「弘明寺」駅バス8～10分 徒歩1～4分</li><li>京急本線「井土ヶ谷」駅 徒歩19～25分</li><li>JR横須賀線「保土ケ谷」駅バス3分 徒歩14～18分</li>
kanagawa,futamatagawa,南永田,56300,京急本線「井土ヶ谷」駅,19.0,25.0,,,,横浜市南区永田みなみ台2,2-1号棟,鉄骨鉄筋コンクリート造,6,N,611号室,1DK,32,12,52600,3700,2か月,"['近居割', '近居割WIDE']",随時,https://www.ur-net.go.jp/chintai/kanto/kanagawa/40_1630_room.html?JKSS=002010611,<li>京急本線「弘明寺」駅バス8～10分 徒歩1～4分</li><li>京急本線「井土ヶ谷」駅 徒歩19～25分</li><li>JR横須賀線「保土ケ谷」駅バス3分 徒歩14～18分</li>
kanagawa,futamatagawa,南永田,56300,,,,JR横須賀線「保土ケ谷」駅,17.0,21.0,横浜市南区永田みなみ台2,2-1号棟,鉄骨鉄筋コンクリート造,6,N,611号室,1DK,32,12,52600,3700,2か月,"['近居割', '近居割WIDE']",随時,https://www.ur-net.go.jp/chintai/kanto/kanagawa/40_1630_room.html?JKSS=002010611,<li>京急本線「弘明寺」駅バス8～10分 徒歩1～4分</li><li>京急本線「井土ヶ谷」駅 徒歩19～25分</li><li>JR横須賀線「保土ケ谷」駅バス3分 徒歩14～18分</li>
kanagawa,futamatagawa,南永田,56300,,,,,,,横浜市南区永田みなみ台2,2-1号棟,鉄骨鉄筋コンクリート造,6,N,611号室,1DK,32,12,52600,3700,2か月,"['近居割', '近居割WIDE']",随時,https://www.ur-net.go.jp/chintai/kanto/kanagawa/40_1630_room.html?JKSS=002010611,<li>京急本線「弘明寺」駅バス8～10分 徒歩1～4分</li><li>京急本線「井土ヶ谷」駅 徒歩19～25分</li><li>JR横須賀線「保土ケ谷」駅バス3分 徒歩14～18分</li>
kanagawa,futamatagawa,南永田,56300,,,,京急本線「弘明寺」駅,9.0,14.0,横浜市南区永田みなみ台2,2-1号棟,鉄骨鉄筋コンクリート造,10,N,1022号室,1DK,32,12,52600,3700,2か月,"['近居割', '近居割WIDE']",随時,https://www.ur-net.go.jp/chintai/kanto/kanagawa/40_1630_room.html?JKSS=002011022,<li>京急本線「弘明寺」駅バス8～10分 徒歩1～4分</li><li>京急本線「井土ヶ谷」駅 徒歩19～25分</li><li>JR横須賀線「保土ケ谷」駅バス3分 徒歩14～18分</li>
kanagawa,futamatagawa,南永田,56300,京急本線「井土ヶ谷」駅,19.0,25.0,,,,横浜市南区永田みなみ台2,2-1号棟,鉄骨鉄筋コンクリート造,10,N,1022号室,1DK,32,12,52600,3700,2か月,"['近居割', '近居割WIDE']",随時,https://www.ur-net.go.jp/chintai/kanto/kanagawa/40_1630_room.html?JKSS=002011022,<li>京急本線「弘明寺」駅バス8～10分 徒歩1～4分</li><li>京急本線「井土ヶ谷」駅 徒歩19～25分</li><li>JR横須賀線「保土ケ谷」駅バス3分 徒歩14～18分</li>
kanagawa,futamatagawa,南永田,56300,,,,JR横須賀線「保土ケ谷」駅,17.0,21.0,横浜市南区永田みなみ台2,2-1号棟,鉄骨鉄筋コンクリート造,10,N,1022号室,1DK,32,12,52600,3700,2か月,"['近居割', '近居割WIDE']",随時,https://www.ur-net.go.jp/chintai/kanto/kanagawa/40_1630_room.html?JKSS=002011022,<li>京急本線「弘明寺」駅バス8～10分 徒歩1～4分</li><li>京急本線「井土ヶ谷」駅 徒歩19～25分</li><li>JR横須賀線「保土ケ谷」駅バス3分 徒歩14～18分</li>
kanagawa,futamatagawa,南永田,56300,,,,,,,横浜市南区永田みなみ台2,2-1号棟,鉄骨鉄筋コンクリート造,10,N,1022号室,1DK,32,12,52600,3700,2か月,"['近居割', '近居割WIDE']",随時,https://www.ur-net.go.jp/chintai/kanto/kanagawa/40_1630_room.html?JKSS=002011022,<li>京急本線「弘明寺」駅バス8～10分 徒歩1～4分</li><li>京急本線「井土ヶ谷」駅 徒歩19～25分</li><li>JR横須賀線「保土ケ谷」駅バス3分 徒歩14～18分</li>
kanagawa,futamatagawa,南永田,69600,,,,京急本線「弘明寺」駅,9.0,14.0,横浜市南区永田みなみ台2,2-5号棟,鉄骨鉄筋コンクリート造,5,N,503号室,1LDK,45,9,65900,3700,2か月,"['近居割', '近居割WIDE']",随時,https://www.ur-net.go.jp/chintai/kanto/kanagawa/40_1630_room.html?JKSS=002050503,<li>京急本線「弘明寺」駅バス8～10分 徒歩1～4分</li><li>京急本線「井土ヶ谷」駅 徒歩19～25分</li><li>JR横須賀線「保土ケ谷」駅バス3分 徒歩14～18分</li>
kanagawa,futamatagawa,南永田,69600,京急本線「井土ヶ谷」駅,19.0,25.0,,,,横浜市南区永田みなみ台2,2-5号棟,鉄骨鉄筋コンクリート造,5,N,503号室,1LDK,45,9,65900,3700,2か月,"['近居割', '近居割WIDE']",随時,https://www.ur-net.go.jp/chintai/kanto/kanagawa/40_1630_room.html?JKSS=002050503,<li>京急本線「弘明寺」駅バス8～10分 徒歩1～4分</li><li>京急本線「井土ヶ谷」駅 徒歩19～25分</li><li>JR横須賀線「保土ケ谷」駅バス3分 徒歩14～18分</li>
kanagawa,futamatagawa,南永田,69600,,,,JR横須賀線「保土ケ谷」駅,17.0,21.0,横浜市南区永田みなみ台2,2-5号棟,鉄骨鉄筋コンクリート造,5,N,503号室,1LDK,45,9,65900,3700,2か月,"['近居割', '近居割WIDE']",随時,https://www.ur-net.go.jp/chintai/kanto/kanagawa/40_1630_room.html?JKSS=002050503,<li>京急本線「弘明寺」駅バス8～10分 徒歩1～4分</li><li>京急本線「井土ヶ谷」駅 徒歩19～25分</li><li>JR横須賀線「保土ケ谷」駅バス3分 徒歩14～18分</li>
kanagawa,futamatagawa,南永田,69600,,,,,,,横浜市南区永田みなみ台2,2-5号棟,鉄骨鉄筋コンクリート造,5,N,503号室,1LDK,45,9,65900,3700,2か月,"['近居割', '近居割WIDE']",随時,https://www.ur-net.go.jp/chintai/kanto/kanagawa/40_1630_room.html?JKSS=002050503,<li>京急本線「弘明寺」駅バス8～10分 徒歩1～4分</li><li>京急本線「井土ヶ谷」駅 徒歩19～25分</li><li>JR横須賀線「保土ケ谷」駅バス3分 徒歩14～18分</li>
kanagawa,futamatagawa,南永田,71400,,,,京急本線「弘明寺」駅,9.0,14.0,横浜市南区永田みなみ台2,2-3号棟,鉄骨鉄筋コンクリート造,1,N,107号室,1LDK,47,11,67700,3700,2か月,"['近居割', '近居割WIDE']",随時,https://www.ur-net.go.jp/chintai/kanto/kanagawa/40_1630_room.html?JKSS=002030107,<li>京急本線「弘明寺」駅バス8～10分 徒歩1～4分</li><li>京急本線「井土ヶ谷」駅 徒歩19～25分</li><li>JR横須賀線「保土ケ谷」駅バス3分 徒歩14～18分</li>
kanagawa,futamatagawa,南永田,71400,京急本線「井土ヶ谷」駅,19.0,25.0,,,,横浜市南区永田みなみ台2,2-3号棟,鉄骨鉄筋コンクリート造,1,N,107号室,1LDK,47,11,67700,3700,2か月,"['近居割', '近居割WIDE']",随時,https://www.ur-net.go.jp/chintai/kanto/kanagawa/40_1630_room.html?JKSS=002030107,<li>京急本線「弘明寺」駅バス8～10分 徒歩1～4分</li><li>京急本線「井土ヶ谷」駅 徒歩19～25分</li><li>JR横須賀線「保土ケ谷」駅バス3分 徒歩14～18分</li>
kanagawa,futamatagawa,南永田,71400,,,,JR横須賀線「保土ケ谷」駅,17.0,21.0,横浜市南区永田みなみ台2,2-3号棟,鉄骨鉄筋コンクリート造,1,N,107号室,1LDK,47,11,67700,3700,2か月,"['近居割', '近居割WIDE']",随時,https://www.ur-net.go.jp/chintai/kanto/kanagawa/40_1630_room.html?JKSS=002030107,<li>京急本線「弘明寺」駅バス8～10分 徒歩1～4分</li><li>京急本線「井土ヶ谷」駅 徒歩19～25分</li><li>JR横須賀線「保土ケ谷」駅バス3分 徒歩14～18分</li>
kanagawa,futamatagawa,南永田,71400,,,,,,,横浜市南区永田みなみ台2,2-3号棟,鉄骨鉄筋コンクリート造,1,N,107号室,1LDK,47,11,67700,3700,2か月,"['近居割', '近居割WIDE']",随時,https://www.ur-net.go.jp/chintai/kanto/kanagawa/40_1630_room.html?JKSS=002030107,<li>京急本線「弘明寺」駅バス8～10分 徒歩1～4分</li><li>京急本線「井土ヶ谷」駅 徒歩19～25分</li><li>JR横須賀線「保土ケ谷」駅バス3分 徒歩14～18分</li>
kanagawa,futamatagawa,南永田,71500,,,,京急本線「弘明寺」駅,9.0,14.0,横浜市南区永田みなみ台2,2-4号棟,鉄骨鉄筋コンクリート造,8,N,802号室,2DK,46,14,67800,3700,2か月,"['近居割', '近居割WIDE']",随時,https://www.ur-net.go.jp/chintai/kanto/kanagawa/40_1630_room.html?JKSS=002040802,<li>京急本線「弘明寺」駅バス8～10分 徒歩1～4分</li><li>京急本線「井土ヶ谷」駅 徒歩19～25分</li><li>JR横須賀線「保土ケ谷」駅バス3分 徒歩14～18分</li>
kanagawa,futamatagawa,南永田,71500,京急本線「井土ヶ谷」駅,19.0,25.0,,,,横浜市南区永田みなみ台2,2-4号棟,鉄骨鉄筋コンクリート造,8,N,802号室,2DK,46,14,67800,3700,2か月,"['近居割', '近居割WIDE']",随時,https://www.ur-net.go.jp/chintai/kanto/kanagawa/40_1630_room.html?JKSS=002040802,<li>京急本線「弘明寺」駅バス8～10分 徒歩1～4分</li><li>京急本線「井土ヶ谷」駅 徒歩19～25分</li><li>JR横須賀線「保土ケ谷」駅バス3分 徒歩14～18分</li>
kanagawa,futamatagawa,南永田,71500,,,,JR横須賀線「保土ケ谷」駅,17.0,21.0,横浜市南区永田みなみ台2,2-4号棟,鉄骨鉄筋コンクリート造,8,N,802号室,2DK,46,14,67800,3700,2か月,"['近居割', '近居割WIDE']",随時,https://www.ur-net.go.jp/chintai/kanto/kanagawa/40_1630_room.html?JKSS=002040802,<li>京急本線「弘明寺」駅バス8～10分 徒歩1～4分</li><li>京急本線「井土ヶ谷」駅 徒歩19～25分</li><li>JR横須賀線「保土ケ谷」駅バス3分 徒歩14～18分</li>
kanagawa,futamatagawa,南永田,71500,,,,,,,横浜市南区永田みなみ台2,2-4号棟,鉄骨鉄筋コンクリート造,8,N,802号室,2DK,46,14,67800,3700,2か月,"['近居割', '近居割WIDE']",随時,https://www.ur-net.go.jp/chintai/kanto/kanagawa/40_1630_room.html?JKSS=002040802,<li>京急本線「弘明寺」駅バス8～10分 徒歩1～4分</li><li>京急本線「井土ヶ谷」駅 徒歩19～25分</li><li>JR横須賀線「保土ケ谷」駅バス3分 徒歩14～18分</li>
kanagawa,futamatagawa,南永田第二,69500,,,,京急本線「弘明寺」駅,12.0,13.0,横浜市南区永田みなみ台3,3-6号棟,鉄筋コンクリート造,5,N,503号室,2DK,43,5,60700,8800,2か月,"['近居割', '近居割WIDE']",随時,https://www.ur-net.go.jp/chintai/kanto/kanagawa/40_1870_room.html?JKSS=003006503,<li>京急本線「弘明寺」駅バス10分 徒歩2～3分</li><li>京急本線「井土ヶ谷」駅 徒歩16～20分</li><li>JR横須賀線「保土ケ谷」駅バス3分 徒歩10～13分</li>
kanagawa,futamatagawa,南永田第二,69500,京急本線「井土ヶ谷」駅,16.0,20.0,,,,横浜市南区永田みなみ台3,3-6号棟,鉄筋コンクリート造,5,N,503号室,2DK,43,5,60700,8800,2か月,"['近居割', '近居割WIDE']",随時,https://www.ur-net.go.jp/chintai/kanto/kanagawa/40_1870_room.html?JKSS=003006503,<li>京急本線「弘明寺」駅バス10分 徒歩2～3分</li><li>京急本線「井土ヶ谷」駅 徒歩16～20分</li><li>JR横須賀線「保土ケ谷」駅バス3分 徒歩10～13分</li>
kanagawa,futamatagawa,南永田第二,69500,,,,JR横須賀線「保土ケ谷」駅,13.0,16.0,横浜市南区永田みなみ台3,3-6号棟,鉄筋コンクリート造,5,N,503号室,2DK,43,5,60700,8800,2か月,"['近居割', '近居割WIDE']",随時,https://www.ur-net.go.jp/chintai/kanto/kanagawa/40_1870_room.html?JKSS=003006503,<li>京急本線「弘明寺」駅バス10分 徒歩2～3分</li><li>京急本線「井土ヶ谷」駅 徒歩16～20分</li><li>JR横須賀線「保土ケ谷」駅バス3分 徒歩10～13分</li>
kanagawa,futamatagawa,南永田第二,69500,,,,,,,横浜市南区永田みなみ台3,3-6号棟,鉄筋コンクリート造,5,N,503号室,2DK,43,5,60700,8800,2か月,"['近居割', '近居割WIDE']",随時,https://www.ur-net.go.jp/chintai/kanto/kanagawa/40_1870_room.html?JKSS=003006503,<li>京急本線「弘明寺」駅バス10分 徒歩2～3分</li><li>京急本線「井土ヶ谷」駅 徒歩16～20分</li><li>JR横須賀線「保土ケ谷」駅バス3分 徒歩10～13分</li>
kanagawa,futamatagawa,南太田,86500,京急本線「井土ヶ谷」駅,3.0,3.0,,,,横浜市南区南太田町3-18-1,,鉄骨鉄筋コンクリート造,2,N,208号室,2DK,42,7,81500,5000,2か月,[],随時,https://www.ur-net.go.jp/chintai/kanto/kanagawa/40_1370_room.html?JKSS=000010208,<li>京急本線「井土ヶ谷」駅 徒歩3分</li><li>横浜市営地下鉄ブルーライン「蒔田」駅 徒歩15分</li>
kanagawa,futamatagawa,南太田,86500,横浜市営地下鉄ブルーライン「蒔田」駅,15.0,15.0,,,,横浜市南区南太田町3-18-1,,鉄骨鉄筋コンクリート造,2,N,208号室,2DK,42,7,81500,5000,2か月,[],随時,https://www.ur-net.go.jp/chintai/kanto/kanagawa/40_1370_room.html?JKSS=000010208,<li>京急本線「井土ヶ谷」駅 徒歩3分</li><li>横浜市営地下鉄ブルーライン「蒔田」駅 徒歩15分</li>
kanagawa,futamatagawa,南太田,86500,,,,,,,横浜市南区南太田町3-18-1,,鉄骨鉄筋コンクリート造,2,N,208号室,2DK,42,7,81500,5000,2か月,[],随時,https://www.ur-net.go.jp/chintai/kanto/kanagawa/40_1370_room.html?JKSS=000010208,<li>京急本線「井土ヶ谷」駅 徒歩3分</li><li>横浜市営地下鉄ブルーライン「蒔田」駅 徒歩15分</li>
kanagawa,seasidetown,金沢シーサイドタウン　並木二丁目,107900,シーサイドライン「並木中央」駅,7.0,14.0,,,,横浜市金沢区並木2,7-2号棟,鉄筋コンクリート造,6,N,605号室,2LDK,68,8,103600,4300,2か月,"['近居割', '近居割WIDE']",随時,https://www.ur-net.go.jp/chintai/kanto/kanagawa/40_2040_room.html?JKSS=007020605,<li>シーサイドライン「並木中央」駅 徒歩7～14分</li><li>京急本線「京急富岡」駅 徒歩11～14分</li><li>京急本線「能見台」駅 徒歩22～24分</li>
kanagawa,seasidetown,金沢シーサイドタウン　並木二丁目,107900,京急本線「京急富岡」駅,11.0,14.0,,,,横浜市金沢区並木2,7-2号棟,鉄筋コンクリート造,6,N,605号室,2LDK,68,8,103600,4300,2か月,"['近居割', '近居割WIDE']",随時,https://www.ur-net.go.jp/chintai/kanto/kanagawa/40_2040_room.html?JKSS=007020605,<li>シーサイドライン「並木中央」駅 徒歩7～14分</li><li>京急本線「京急富岡」駅 徒歩11～14分</li><li>京急本線「能見台」駅 徒歩22～24分</li>
kanagawa,seasidetown,金沢シーサイドタウン　並木二丁目,107900,京急本線「能見台」駅,22.0,24.0,,,,横浜市金沢区並木2,7-2号棟,鉄筋コンクリート造,6,N,605号室,2LDK,68,8,103600,4300,2か月,"['近居割', '近居割WIDE']",随時,https://www.ur-net.go.jp/chintai/kanto/kanagawa/40_2040_room.html?JKSS=007020605,<li>シーサイドライン「並木中央」駅 徒歩7～14分</li><li>京急本線「京急富岡」駅 徒歩11～14分</li><li>京急本線「能見台」駅 徒歩22～24分</li>
kanagawa,seasidetown,金沢シーサイドタウン　並木二丁目,107900,,,,,,,横浜市金沢区並木2,7-2号棟,鉄筋コンクリート造,6,N,605号室,2LDK,68,8,103600,4300,2か月,"['近居割', '近居割WIDE']",随時,https://www.ur-net.go.jp/chintai/kanto/kanagawa/40_2040_room.html?JKSS=007020605,<li>シーサイドライン「並木中央」駅 徒歩7～14分</li><li>京急本線「京急富岡」駅 徒歩11～14分</li><li>京急本線「能見台」駅 徒歩22～24分</li>
kanagawa,seasidetown,ビーコンヒル能見台サウスヒル,130800,京急本線「能見台」駅,6.0,11.0,,,,横浜市金沢区能見台東11,4号棟,鉄筋コンクリート造,7,N,704号室,1LDK,52,14,125100,5700,2か月,['近居割'],随時,https://www.ur-net.go.jp/chintai/kanto/kanagawa/40_3890_room.html?JKSS=000040704,<li>京急本線「能見台」駅 徒歩6～11分</li><li>JR京浜東北・根岸線「磯子」駅バス22分 徒歩9～14分</li><li>京急本線「金沢文庫」駅バス4分 徒歩7～11分</li>
kanagawa,seasidetown,ビーコンヒル能見台サウスヒル,130800,,,,JR京浜東北・根岸線「磯子」駅,31.0,36.0,横浜市金沢区能見台東11,4号棟,鉄筋コンクリート造,7,N,704号室,1LDK,52,14,125100,5700,2か月,['近居割'],随時,https://www.ur-net.go.jp/chintai/kanto/kanagawa/40_3890_room.html?JKSS=000040704,<li>京急本線「能見台」駅 徒歩6～11分</li><li>JR京浜東北・根岸線「磯子」駅バス22分 徒歩9～14分</li><li>京急本線「金沢文庫」駅バス4分 徒歩7～11分</li>
kanagawa,seasidetown,ビーコンヒル能見台サウスヒル,130800,,,,京急本線「金沢文庫」駅,11.0,15.0,横浜市金沢区能見台東11,4号棟,鉄筋コンクリート造,7,N,704号室,1LDK,52,14,125100,5700,2か月,['近居割'],随時,https://www.ur-net.go.jp/chintai/kanto/kanagawa/40_3890_room.html?JKSS=000040704,<li>京急本線「能見台」駅 徒歩6～11分</li><li>JR京浜東北・根岸線「磯子」駅バス22分 徒歩9～14分</li><li>京急本線「金沢文庫」駅バス4分 徒歩7～11分</li>
kanagawa,seasidetown,ビーコンヒル能見台サウスヒル,130800,,,,,,,横浜市金沢区能見台東11,4号棟,鉄筋コンクリート造,7,N,704号室,1LDK,52,14,125100,5700,2か月,['近居割'],随時,https://www.ur-net.go.jp/chintai/kanto/kanagawa/40_3890_room.html?JKSS=000040704,<li>京急本線「能見台」駅 徒歩6～11分</li><li>JR京浜東北・根岸線「磯子」駅バス22分 徒歩9～14分</li><li>京急本線「金沢文庫」駅バス4分 徒歩7～11分</li>
kanagawa,seasidetown,ビーコンヒル能見台サウスヒル,132700,京急本線「能見台」駅,6.0,11.0,,,,横浜市金沢区能見台東11,3号棟,鉄筋コンクリート造,9,N,901号室,1LDK,55,10,127000,5700,2か月,['近居割'],随時,https://www.ur-net.go.jp/chintai/kanto/kanagawa/40_3890_room.html?JKSS=000030901,<li>京急本線「能見台」駅 徒歩6～11分</li><li>JR京浜東北・根岸線「磯子」駅バス22分 徒歩9～14分</li><li>京急本線「金沢文庫」駅バス4分 徒歩7～11分</li>
kanagawa,seasidetown,ビーコンヒル能見台サウスヒル,132700,,,,JR京浜東北・根岸線「磯子」駅,31.0,36.0,横浜市金沢区能見台東11,3号棟,鉄筋コンクリート造,9,N,901号室,1LDK,55,10,127000,5700,2か月,['近居割'],随時,https://www.ur-net.go.jp/chintai/kanto/kanagawa/40_3890_room.html?JKSS=000030901,<li>京急本線「能見台」駅 徒歩6～11分</li><li>JR京浜東北・根岸線「磯子」駅バス22分 徒歩9～14分</li><li>京急本線「金沢文庫」駅バス4分 徒歩7～11分</li>
kanagawa,seasidetown,ビーコンヒル能見台サウスヒル,132700,,,,京急本線「金沢文庫」駅,11.0,15.0,横浜市金沢区能見台東11,3号棟,鉄筋コンクリート造,9,N,901号室,1LDK,55,10,127000,5700,2か月,['近居割'],随時,https://www.ur-net.go.jp/chintai/kanto/kanagawa/40_3890_room.html?JKSS=000030901,<li>京急本線「能見台」駅 徒歩6～11分</li><li>JR京浜東北・根岸線「磯子」駅バス22分 徒歩9～14分</li><li>京急本線「金沢文庫」駅バス4分 徒歩7～11分</li>
kanagawa,seasidetown,ビーコンヒル能見台サウスヒル,132700,,,,,,,横浜市金沢区能見台東11,3号棟,鉄筋コンクリート造,9,N,901号室,1LDK,55,10,127000,5700,2か月,['近居割'],随時,https://www.ur-net.go.jp/chintai/kanto/kanagawa/40_3890_room.html?JKSS=000030901,<li>京急本線「能見台」駅 徒歩6～11分</li><li>JR京浜東北・根岸線「磯子」駅バス22分 徒歩9～14分</li><li>京急本線「金沢文庫」駅バス4分 徒歩7～11分</li>
kanagawa,seasidetown,ビーコンヒル能見台サウスヒル,139000,京急本線「能見台」駅,6.0,11.0,,,,横浜市金沢区能見台東11,4号棟,鉄筋コンクリート造,13,N,1308号室,1LDK,54,14,133300,5700,2か月,['近居割'],随時,https://www.ur-net.go.jp/chintai/kanto/kanagawa/40_3890_room.html?JKSS=000041308,<li>京急本線「能見台」駅 徒歩6～11分</li><li>JR京浜東北・根岸線「磯子」駅バス22分 徒歩9～14分</li><li>京急本線「金沢文庫」駅バス4分 徒歩7～11分</li>
kanagawa,seasidetown,ビーコンヒル能見台サウスヒル,139000,,,,JR京浜東北・根岸線「磯子」駅,31.0,36.0,横浜市金沢区能見台東11,4号棟,鉄筋コンクリート造,13,N,1308号室,1LDK,54,14,133300,5700,2か月,['近居割'],随時,https://www.ur-net.go.jp/chintai/kanto/kanagawa/40_3890_room.html?JKSS=000041308,<li>京急本線「能見台」駅 徒歩6～11分</li><li>JR京浜東北・根岸線「磯子」駅バス22分 徒歩9～14分</li><li>京急本線「金沢文庫」駅バス4分 徒歩7～11分</li>
kanagawa,seasidetown,ビーコンヒル能見台サウスヒル,139000,,,,京急本線「金沢文庫」駅,11.0,15.0,横浜市金沢区能見台東11,4号棟,鉄筋コンクリート造,13,N,1308号室,1LDK,54,14,133300,5700,2か月,['近居割'],随時,https://www.ur-net.go.jp/chintai/kanto/kanagawa/40_3890_room.html?JKSS=000041308,<li>京急本線「能見台」駅 徒歩6～11分</li><li>JR京浜東北・根岸線「磯子」駅バス22分 徒歩9～14分</li><li>京急本線「金沢文庫」駅バス4分 徒歩7～11分</li>
kanagawa,seasidetown,ビーコンヒル能見台サウスヒル,139000,,,,,,,横浜市金沢区能見台東11,4号棟,鉄筋コンクリート造,13,N,1308号室,1LDK,54,14,133300,5700,2か月,['近居割'],随時,https://www.ur-net.go.jp/chintai/kanto/kanagawa/40_3890_room.html?JKSS=000041308,<li>京急本線「能見台」駅 徒歩6～11分</li><li>JR京浜東北・根岸線「磯子」駅バス22分 徒歩9～14分</li><li>京急本線「金沢文庫」駅バス4分 徒歩7～11分</li>
kanagawa,seasidetown,ビーコンヒル能見台サウスヒル,182200,京急本線「能見台」駅,6.0,11.0,,,,横浜市金沢区能見台東11,4号棟,鉄筋コンクリート造,10,N,1001号室,3LDK,81,14,176500,5700,2か月,['近居割'],随時,https://www.ur-net.go.jp/chintai/kanto/kanagawa/40_3890_room.html?JKSS=000041001,<li>京急本線「能見台」駅 徒歩6～11分</li><li>JR京浜東北・根岸線「磯子」駅バス22分 徒歩9～14分</li><li>京急本線「金沢文庫」駅バス4分 徒歩7～11分</li>
kanagawa,seasidetown,ビーコンヒル能見台サウスヒル,182200,,,,JR京浜東北・根岸線「磯子」駅,31.0,36.0,横浜市金沢区能見台東11,4号棟,鉄筋コンクリート造,10,N,1001号室,3LDK,81,14,176500,5700,2か月,['近居割'],随時,https://www.ur-net.go.jp/chintai/kanto/kanagawa/40_3890_room.html?JKSS=000041001,<li>京急本線「能見台」駅 徒歩6～11分</li><li>JR京浜東北・根岸線「磯子」駅バス22分 徒歩9～14分</li><li>京急本線「金沢文庫」駅バス4分 徒歩7～11分</li>
kanagawa,seasidetown,ビーコンヒル能見台サウスヒル,182200,,,,京急本線「金沢文庫」駅,11.0,15.0,横浜市金沢区能見台東11,4号棟,鉄筋コンクリート造,10,N,1001号室,3LDK,81,14,176500,5700,2か月,['近居割'],随時,https://www.ur-net.go.jp/chintai/kanto/kanagawa/40_3890_room.html?JKSS=000041001,<li>京急本線「能見台」駅 徒歩6～11分</li><li>JR京浜東北・根岸線「磯子」駅バス22分 徒歩9～14分</li><li>京急本線「金沢文庫」駅バス4分 徒歩7～11分</li>
kanagawa,seasidetown,ビーコンヒル能見台サウスヒル,182200,,,,,,,横浜市金沢区能見台東11,4号棟,鉄筋コンクリート造,10,N,1001号室,3LDK,81,14,176500,5700,2か月,['近居割'],随時,https://www.ur-net.go.jp/chintai/kanto/kanagawa/40_3890_room.html?JKSS=000041001,<li>京急本線「能見台」駅 徒歩6～11分</li><li>JR京浜東北・根岸線「磯子」駅バス22分 徒歩9～14分</li><li>京急本線「金沢文庫」駅バス4分 徒歩7～11分</li>
kanagawa,seasidetown,ビーコンヒル能見台ウエストヒル,139600,京急本線「能見台」駅,11.0,11.0,,,,横浜市金沢区能見台東8,2号棟,鉄筋コンクリート造,6,N,603号室,2LDK,70,14,133700,5900,2か月,['近居割'],随時,https://www.ur-net.go.jp/chintai/kanto/kanagawa/40_3260_room.html?JKSS=000020603,<li>京急本線「能見台」駅 徒歩11分</li><li>JR京浜東北・根岸線「洋光台」駅バス20分 徒歩7分</li><li>京急本線「京急富岡」駅 徒歩17～18分</li>
kanagawa,seasidetown,ビーコンヒル能見台ウエストヒル,139600,,,,JR京浜東北・根岸線「洋光台」駅,27.0,27.0,横浜市金沢区能見台東8,2号棟,鉄筋コンクリート造,6,N,603号室,2LDK,70,14,133700,5900,2か月,['近居割'],随時,https://www.ur-net.go.jp/chintai/kanto/kanagawa/40_3260_room.html?JKSS=000020603,<li>京急本線「能見台」駅 徒歩11分</li><li>JR京浜東北・根岸線「洋光台」駅バス20分 徒歩7分</li><li>京急本線「京急富岡」駅 徒歩17～18分</li>
kanagawa,seasidetown,ビーコンヒル能見台ウエストヒル,139600,京急本線「京急富岡」駅,17.0,18.0,,,,横浜市金沢区能見台東8,2号棟,鉄筋コンクリート造,6,N,603号室,2LDK,70,14,133700,5900,2か月,['近居割'],随時,https://www.ur-net.go.jp/chintai/kanto/kanagawa/40_3260_room.html?JKSS=000020603,<li>京急本線「能見台」駅 徒歩11分</li><li>JR京浜東北・根岸線「洋光台」駅バス20分 徒歩7分</li><li>京急本線「京急富岡」駅 徒歩17～18分</li>
kanagawa,seasidetown,ビーコンヒル能見台ウエストヒル,139600,,,,,,,横浜市金沢区能見台東8,2号棟,鉄筋コンクリート造,6,N,603号室,2LDK,70,14,133700,5900,2か月,['近居割'],随時,https://www.ur-net.go.jp/chintai/kanto/kanagawa/40_3260_room.html?JKSS=000020603,<li>京急本線「能見台」駅 徒歩11分</li><li>JR京浜東北・根岸線「洋光台」駅バス20分 徒歩7分</li><li>京急本線「京急富岡」駅 徒歩17～18分</li>
kanagawa,totsuka,コンフォール上倉田,149900,JR東海道本線「戸塚」駅,7.0,10.0,,,,横浜市戸塚区上倉田町259,9号棟,鉄筋コンクリート造,12,N,1207号室,2LDK,57,12,145100,4800,2か月,['近居割'],随時,https://www.ur-net.go.jp/chintai/kanto/kanagawa/40_3120_room.html?JKSS=000091207,<li>JR東海道本線「戸塚」駅 徒歩7～10分</li>
kanagawa,totsuka,コンフォール上倉田,149900,,,,,,,横浜市戸塚区上倉田町259,9号棟,鉄筋コンクリート造,12,N,1207号室,2LDK,57,12,145100,4800,2か月,['近居割'],随時,https://www.ur-net.go.jp/chintai/kanto/kanagawa/40_3120_room.html?JKSS=000091207,<li>JR東海道本線「戸塚」駅 徒歩7～10分</li>
kanagawa,konandai,港南台かもめ,89100,JR京浜東北・根岸線「港南台」駅,11.0,15.0,,,,横浜市港南区港南台2-1,14号棟,鉄骨鉄筋コンクリート造,8,N,806号室,1LDK,50,8,84400,4700,2か月,"['近居割', '近居割WIDE']",随時,https://www.ur-net.go.jp/chintai/kanto/kanagawa/40_1720_room.html?JKSS=000140806,<li>JR京浜東北・根岸線「港南台」駅 徒歩11～15分</li><li>横浜市営地下鉄ブルーライン「上永谷」駅バス18分 徒歩3～8分</li><li>JR京浜東北・根岸線「洋光台」駅バス3分 徒歩6～11分</li>
kanagawa,konandai,港南台かもめ,89100,,,,横浜市営地下鉄ブルーライン「上永谷」駅,21.0,26.0,横浜市港南区港南台2-1,14号棟,鉄骨鉄筋コンクリート造,8,N,806号室,1LDK,50,8,84400,4700,2か月,"['近居割', '近居割WIDE']",随時,https://www.ur-net.go.jp/chintai/kanto/kanagawa/40_1720_room.html?JKSS=000140806,<li>JR京浜東北・根岸線「港南台」駅 徒歩11～15分</li><li>横浜市営地下鉄ブルーライン「上永谷」駅バス18分 徒歩3～8分</li><li>JR京浜東北・根岸線「洋光台」駅バス3分 徒歩6～11分</li>
kanagawa,konandai,港南台かもめ,89100,,,,JR京浜東北・根岸線「洋光台」駅,9.0,14.0,横浜市港南区港南台2-1,14号棟,鉄骨鉄筋コンクリート造,8,N,806号室,1LDK,50,8,84400,4700,2か月,"['近居割', '近居割WIDE']",随時,https://www.ur-net.go.jp/chintai/kanto/kanagawa/40_1720_room.html?JKSS=000140806,<li>JR京浜東北・根岸線「港南台」駅 徒歩11～15分</li><li>横浜市営地下鉄ブルーライン「上永谷」駅バス18分 徒歩3～8分</li><li>JR京浜東北・根岸線「洋光台」駅バス3分 徒歩6～11分</li>
kanagawa,konandai,港南台かもめ,89100,,,,,,,横浜市港南区港南台2-1,14号棟,鉄骨鉄筋コンクリート造,8,N,806号室,1LDK,50,8,84400,4700,2か月,"['近居割', '近居割WIDE']",随時,https://www.ur-net.go.jp/chintai/kanto/kanagawa/40_1720_room.html?JKSS=000140806,<li>JR京浜東北・根岸線「港南台」駅 徒歩11～15分</li><li>横浜市営地下鉄ブルーライン「上永谷」駅バス18分 徒歩3～8分</li><li>JR京浜東北・根岸線「洋光台」駅バス3分 徒歩6～11分</li>
kanagawa,konandai,港南台かもめ,90600,JR京浜東北・根岸線「港南台」駅,11.0,15.0,,,,横浜市港南区港南台2-1,4号棟,鉄骨鉄筋コンクリート造,2,N,202号室,1LDK,49,14,85900,4700,2か月,"['近居割', '近居割WIDE']",随時,https://www.ur-net.go.jp/chintai/kanto/kanagawa/40_1720_room.html?JKSS=000040202,<li>JR京浜東北・根岸線「港南台」駅 徒歩11～15分</li><li>横浜市営地下鉄ブルーライン「上永谷」駅バス18分 徒歩3～8分</li><li>JR京浜東北・根岸線「洋光台」駅バス3分 徒歩6～11分</li>
kanagawa,konandai,港南台かもめ,90600,,,,横浜市営地下鉄ブルーライン「上永谷」駅,21.0,26.0,横浜市港南区港南台2-1,4号棟,鉄骨鉄筋コンクリート造,2,N,202号室,1LDK,49,14,85900,4700,2か月,"['近居割', '近居割WIDE']",随時,https://www.ur-net.go.jp/chintai/kanto/kanagawa/40_1720_room.html?JKSS=000040202,<li>JR京浜東北・根岸線「港南台」駅 徒歩11～15分</li><li>横浜市営地下鉄ブルーライン「上永谷」駅バス18分 徒歩3～8分</li><li>JR京浜東北・根岸線「洋光台」駅バス3分 徒歩6～11分</li>
kanagawa,konandai,港南台かもめ,90600,,,,JR京浜東北・根岸線「洋光台」駅,9.0,14.0,横浜市港南区港南台2-1,4号棟,鉄骨鉄筋コンクリート造,2,N,202号室,1LDK,49,14,85900,4700,2か月,"['近居割', '近居割WIDE']",随時,https://www.ur-net.go.jp/chintai/kanto/kanagawa/40_1720_room.html?JKSS=000040202,<li>JR京浜東北・根岸線「港南台」駅 徒歩11～15分</li><li>横浜市営地下鉄ブルーライン「上永谷」駅バス18分 徒歩3～8分</li><li>JR京浜東北・根岸線「洋光台」駅バス3分 徒歩6～11分</li>
kanagawa,konandai,港南台かもめ,90600,,,,,,,横浜市港南区港南台2-1,4号棟,鉄骨鉄筋コンクリート造,2,N,202号室,1LDK,49,14,85900,4700,2か月,"['近居割', '近居割WIDE']",随時,https://www.ur-net.go.jp/chintai/kanto/kanagawa/40_1720_room.html?JKSS=000040202,<li>JR京浜東北・根岸線「港南台」駅 徒歩11～15分</li><li>横浜市営地下鉄ブルーライン「上永谷」駅バス18分 徒歩3～8分</li><li>JR京浜東北・根岸線「洋光台」駅バス3分 徒歩6～11分</li>
kanagawa,konandai,港南台かもめ,92800,JR京浜東北・根岸線「港南台」駅,11.0,15.0,,,,横浜市港南区港南台2-1,6号棟,鉄骨鉄筋コンクリート造,13,N,1301号室,2DK,50,14,88100,4700,2か月,"['近居割', '近居割WIDE']",随時,https://www.ur-net.go.jp/chintai/kanto/kanagawa/40_1720_room.html?JKSS=000061301,<li>JR京浜東北・根岸線「港南台」駅 徒歩11～15分</li><li>横浜市営地下鉄ブルーライン「上永谷」駅バス18分 徒歩3～8分</li><li>JR京浜東北・根岸線「洋光台」駅バス3分 徒歩6～11分</li>
kanagawa,konandai,港南台かもめ,92800,,,,横浜市営地下鉄ブルーライン「上永谷」駅,21.0,26.0,横浜市港南区港南台2-1,6号棟,鉄骨鉄筋コンクリート造,13,N,1301号室,2DK,50,14,88100,4700,2か月,"['近居割', '近居割WIDE']",随時,https://www.ur-net.go.jp/chintai/kanto/kanagawa/40_1720_room.html?JKSS=000061301,<li>JR京浜東北・根岸線「港南台」駅 徒歩11～15分</li><li>横浜市営地下鉄ブルーライン「上永谷」駅バス18分 徒歩3～8分</li><li>JR京浜東北・根岸線「洋光台」駅バス3分 徒歩6～11分</li>
kanagawa,konandai,港南台かもめ,92800,,,,JR京浜東北・根岸線「洋光台」駅,9.0,14.0,横浜市港南区港南台2-1,6号棟,鉄骨鉄筋コンクリート造,13,N,1301号室,2DK,50,14,88100,4700,2か月,"['近居割', '近居割WIDE']",随時,https://www.ur-net.go.jp/chintai/kanto/kanagawa/40_1720_room.html?JKSS=000061301,<li>JR京浜東北・根岸線「港南台」駅 徒歩11～15分</li><li>横浜市営地下鉄ブルーライン「上永谷」駅バス18分 徒歩3～8分</li><li>JR京浜東北・根岸線「洋光台」駅バス3分 徒歩6～11分</li>
kanagawa,konandai,港南台かもめ,92800,,,,,,,横浜市港南区港南台2-1,6号棟,鉄骨鉄筋コンクリート造,13,N,1301号室,2DK,50,14,88100,4700,2か月,"['近居割', '近居割WIDE']",随時,https://www.ur-net.go.jp/chintai/kanto/kanagawa/40_1720_room.html?JKSS=000061301,<li>JR京浜東北・根岸線「港南台」駅 徒歩11～15分</li><li>横浜市営地下鉄ブルーライン「上永谷」駅バス18分 徒歩3～8分</li><li>JR京浜東北・根岸線「洋光台」駅バス3分 徒歩6～11分</li>
kanagawa,konandai,港南台かもめ,97400,JR京浜東北・根岸線「港南台」駅,11.0,15.0,,,,横浜市港南区港南台2-1,10号棟,鉄骨鉄筋コンクリート造,6,N,604号室,1LDK,50,8,92700,4700,2か月,"['近居割', '近居割WIDE']",随時,https://www.ur-net.go.jp/chintai/kanto/kanagawa/40_1720_room.html?JKSS=000100604,<li>JR京浜東北・根岸線「港南台」駅 徒歩11～15分</li><li>横浜市営地下鉄ブルーライン「上永谷」駅バス18分 徒歩3～8分</li><li>JR京浜東北・根岸線「洋光台」駅バス3分 徒歩6～11分</li>
kanagawa,konandai,港南台かもめ,97400,,,,横浜市営地下鉄ブルーライン「上永谷」駅,21.0,26.0,横浜市港南区港南台2-1,10号棟,鉄骨鉄筋コンクリート造,6,N,604号室,1LDK,50,8,92700,4700,2か月,"['近居割', '近居割WIDE']",随時,https://www.ur-net.go.jp/chintai/kanto/kanagawa/40_1720_room.html?JKSS=000100604,<li>JR京浜東北・根岸線「港南台」駅 徒歩11～15分</li><li>横浜市営地下鉄ブルーライン「上永谷」駅バス18分 徒歩3～8分</li><li>JR京浜東北・根岸線「洋光台」駅バス3分 徒歩6～11分</li>
kanagawa,konandai,港南台かもめ,97400,,,,JR京浜東北・根岸線「洋光台」駅,9.0,14.0,横浜市港南区港南台2-1,10号棟,鉄骨鉄筋コンクリート造,6,N,604号室,1LDK,50,8,92700,4700,2か月,"['近居割', '近居割WIDE']",随時,https://www.ur-net.go.jp/chintai/kanto/kanagawa/40_1720_room.html?JKSS=000100604,<li>JR京浜東北・根岸線「港南台」駅 徒歩11～15分</li><li>横浜市営地下鉄ブルーライン「上永谷」駅バス18分 徒歩3～8分</li><li>JR京浜東北・根岸線「洋光台」駅バス3分 徒歩6～11分</li>
kanagawa,konandai,港南台かもめ,97400,,,,,,,横浜市港南区港南台2-1,10号棟,鉄骨鉄筋コンクリート造,6,N,604号室,1LDK,50,8,92700,4700,2か月,"['近居割', '近居割WIDE']",随時,https://www.ur-net.go.jp/chintai/kanto/kanagawa/40_1720_room.html?JKSS=000100604,<li>JR京浜東北・根岸線「港南台」駅 徒歩11～15分</li><li>横浜市営地下鉄ブルーライン「上永谷」駅バス18分 徒歩3～8分</li><li>JR京浜東北・根岸線「洋光台」駅バス3分 徒歩6～11分</li>
kanagawa,totsuka,公田町,43400,,,,JR東海道本線「大船」駅,13.0,19.0,横浜市栄区公田町740,10号棟,鉄筋コンクリート造,5,N,509号室,1DK,27,5,38900,4500,2か月,"['近居割', '近居割WIDE']",随時,https://www.ur-net.go.jp/chintai/kanto/kanagawa/40_0940_room.html?JKSS=000010509,<li>JR東海道本線「大船」駅バス12～15分 徒歩1～4分</li><li>JR京浜東北・根岸線「本郷台」駅 徒歩18～23分</li><li>京急本線「金沢八景」駅バス29分 徒歩11～13分</li>
kanagawa,totsuka,公田町,43400,JR京浜東北・根岸線「本郷台」駅,18.0,23.0,,,,横浜市栄区公田町740,10号棟,鉄筋コンクリート造,5,N,509号室,1DK,27,5,38900,4500,2か月,"['近居割', '近居割WIDE']",随時,https://www.ur-net.go.jp/chintai/kanto/kanagawa/40_0940_room.html?JKSS=000010509,<li>JR東海道本線「大船」駅バス12～15分 徒歩1～4分</li><li>JR京浜東北・根岸線「本郷台」駅 徒歩18～23分</li><li>京急本線「金沢八景」駅バス29分 徒歩11～13分</li>
kanagawa,totsuka,公田町,43400,,,,京急本線「金沢八景」駅,40.0,42.0,横浜市栄区公田町740,10号棟,鉄筋コンクリート造,5,N,509号室,1DK,27,5,38900,4500,2か月,"['近居割', '近居割WIDE']",随時,https://www.ur-net.go.jp/chintai/kanto/kanagawa/40_0940_room.html?JKSS=000010509,<li>JR東海道本線「大船」駅バス12～15分 徒歩1～4分</li><li>JR京浜東北・根岸線「本郷台」駅 徒歩18～23分</li><li>京急本線「金沢八景」駅バス29分 徒歩11～13分</li>
kanagawa,totsuka,公田町,43400,,,,,,,横浜市栄区公田町740,10号棟,鉄筋コンクリート造,5,N,509号室,1DK,27,5,38900,4500,2か月,"['近居割', '近居割WIDE']",随時,https://www.ur-net.go.jp/chintai/kanto/kanagawa/40_0940_room.html?JKSS=000010509,<li>JR東海道本線「大船」駅バス12～15分 徒歩1～4分</li><li>JR京浜東北・根岸線「本郷台」駅 徒歩18～23分</li><li>京急本線「金沢八景」駅バス29分 徒歩11～13分</li>
kanagawa,konandai,本郷台駅前,96300,JR京浜東北・根岸線「本郷台」駅,2.0,3.0,,,,横浜市栄区小菅ヶ谷1-4,3号棟,鉄骨鉄筋コンクリート造,12,N,1210号室,1K,45,15,93100,3200,2か月,['URライト（5年定借）'],随時,https://www.ur-net.go.jp/chintai/kanto/kanagawa/40_1600_room.html?JKSS=000031210,<li>JR京浜東北・根岸線「本郷台」駅 徒歩2～3分</li><li>JR東海道本線「大船」駅バス8分 徒歩8分</li><li>横浜市営地下鉄ブルーライン「港南中央」駅バス16分 徒歩9分</li>
kanagawa,konandai,本郷台駅前,96300,,,,JR東海道本線「大船」駅,16.0,16.0,横浜市栄区小菅ヶ谷1-4,3号棟,鉄骨鉄筋コンクリート造,12,N,1210号室,1K,45,15,93100,3200,2か月,['URライト（5年定借）'],随時,https://www.ur-net.go.jp/chintai/kanto/kanagawa/40_1600_room.html?JKSS=000031210,<li>JR京浜東北・根岸線「本郷台」駅 徒歩2～3分</li><li>JR東海道本線「大船」駅バス8分 徒歩8分</li><li>横浜市営地下鉄ブルーライン「港南中央」駅バス16分 徒歩9分</li>
kanagawa,konandai,本郷台駅前,96300,,,,横浜市営地下鉄ブルーライン「港南中央」駅,25.0,25.0,横浜市栄区小菅ヶ谷1-4,3号棟,鉄骨鉄筋コンクリート造,12,N,1210号室,1K,45,15,93100,3200,2か月,['URライト（5年定借）'],随時,https://www.ur-net.go.jp/chintai/kanto/kanagawa/40_1600_room.html?JKSS=000031210,<li>JR京浜東北・根岸線「本郷台」駅 徒歩2～3分</li><li>JR東海道本線「大船」駅バス8分 徒歩8分</li><li>横浜市営地下鉄ブルーライン「港南中央」駅バス16分 徒歩9分</li>
kanagawa,konandai,本郷台駅前,96300,,,,,,,横浜市栄区小菅ヶ谷1-4,3号棟,鉄骨鉄筋コンクリート造,12,N,1210号室,1K,45,15,93100,3200,2か月,['URライト（5年定借）'],随時,https://www.ur-net.go.jp/chintai/kanto/kanagawa/40_1600_room.html?JKSS=000031210,<li>JR京浜東北・根岸線「本郷台」駅 徒歩2～3分</li><li>JR東海道本線「大船」駅バス8分 徒歩8分</li><li>横浜市営地下鉄ブルーライン「港南中央」駅バス16分 徒歩9分</li>
kanagawa,sagamiono,橋本四丁目,86100,JR横浜線「橋本」駅,10.0,13.0,,,,相模原市緑区橋本4-11,4号棟,鉄筋コンクリート造、鉄骨鉄筋コンクリート造,1,N,104号室,2DK,55,5,82000,4100,2か月,['近居割'],随時,https://www.ur-net.go.jp/chintai/kanto/kanagawa/40_1840_room.html?JKSS=000040104,<li>JR横浜線「橋本」駅 徒歩10～13分</li><li>京王相模原線「多摩境」駅バス8分 徒歩3～5分</li>
kanagawa,sagamiono,橋本四丁目,86100,,,,京王相模原線「多摩境」駅,11.0,13.0,相模原市緑区橋本4-11,4号棟,鉄筋コンクリート造、鉄骨鉄筋コンクリート造,1,N,104号室,2DK,55,5,82000,4100,2か月,['近居割'],随時,https://www.ur-net.go.jp/chintai/kanto/kanagawa/40_1840_room.html?JKSS=000040104,<li>JR横浜線「橋本」駅 徒歩10～13分</li><li>京王相模原線「多摩境」駅バス8分 徒歩3～5分</li>
kanagawa,sagamiono,橋本四丁目,86100,,,,,,,相模原市緑区橋本4-11,4号棟,鉄筋コンクリート造、鉄骨鉄筋コンクリート造,1,N,104号室,2DK,55,5,82000,4100,2か月,['近居割'],随時,https://www.ur-net.go.jp/chintai/kanto/kanagawa/40_1840_room.html?JKSS=000040104,<li>JR横浜線「橋本」駅 徒歩10～13分</li><li>京王相模原線「多摩境」駅バス8分 徒歩3～5分</li>
kanagawa,sagamiono,鳶尾,53900,,,,小田急小田原線「本厚木」駅,30.0,34.0,厚木市鳶尾2ほか,1-1号棟,鉄筋コンクリート造、鉄骨鉄筋コンクリート造,5,N,503号室,3K,47,5,49900,4000,2か月,[],随時,https://www.ur-net.go.jp/chintai/kanto/kanagawa/40_1790_room.html?JKSS=001010503,<li>小田急小田原線「本厚木」駅バス28分 徒歩2～6分</li>
kanagawa,sagamiono,鳶尾,53900,,,,,,,厚木市鳶尾2ほか,1-1号棟,鉄筋コンクリート造、鉄骨鉄筋コンクリート造,5,N,503号室,3K,47,5,49900,4000,2か月,[],随時,https://www.ur-net.go.jp/chintai/kanto/kanagawa/40_1790_room.html?JKSS=001010503,<li>小田急小田原線「本厚木」駅バス28分 徒歩2～6分</li>
kanagawa,sagamiono,鳶尾,55500,,,,小田急小田原線「本厚木」駅,30.0,34.0,厚木市鳶尾2ほか,1-3号棟,鉄筋コンクリート造、鉄骨鉄筋コンクリート造,3,N,302号室,3K,47,5,51500,4000,2か月,[],随時,https://www.ur-net.go.jp/chintai/kanto/kanagawa/40_1790_room.html?JKSS=001030302,<li>小田急小田原線「本厚木」駅バス28分 徒歩2～6分</li>
kanagawa,sagamiono,鳶尾,55500,,,,,,,厚木市鳶尾2ほか,1-3号棟,鉄筋コンクリート造、鉄骨鉄筋コンクリート造,3,N,302号室,3K,47,5,51500,4000,2か月,[],随時,https://www.ur-net.go.jp/chintai/kanto/kanagawa/40_1790_room.html?JKSS=001030302,<li>小田急小田原線「本厚木」駅バス28分 徒歩2～6分</li>
kanagawa,sagamiono,鳶尾,64800,,,,小田急小田原線「本厚木」駅,30.0,34.0,厚木市鳶尾2ほか,25-5号棟,鉄筋コンクリート造、鉄骨鉄筋コンクリート造,5,N,506号室,2LDK,57,10,60800,4000,2か月,[],随時,https://www.ur-net.go.jp/chintai/kanto/kanagawa/40_1790_room.html?JKSS=025050506,<li>小田急小田原線「本厚木」駅バス28分 徒歩2～6分</li>
kanagawa,sagamiono,鳶尾,64800,,,,,,,厚木市鳶尾2ほか,25-5号棟,鉄筋コンクリート造、鉄骨鉄筋コンクリート造,5,N,506号室,2LDK,57,10,60800,4000,2か月,[],随時,https://www.ur-net.go.jp/chintai/kanto/kanagawa/40_1790_room.html?JKSS=025050506,<li>小田急小田原線「本厚木」駅バス28分 徒歩2～6分</li>
kanagawa,sagamiono,鳶尾,65200,,,,小田急小田原線「本厚木」駅,30.0,34.0,厚木市鳶尾2ほか,25-3号棟,鉄筋コンクリート造、鉄骨鉄筋コンクリート造,6,N,603号室,3K,57,9,61200,4000,2か月,[],随時,https://www.ur-net.go.jp/chintai/kanto/kanagawa/40_1790_room.html?JKSS=025030603,<li>小田急小田原線「本厚木」駅バス28分 徒歩2～6分</li>
kanagawa,sagamiono,鳶尾,65200,,,,,,,厚木市鳶尾2ほか,25-3号棟,鉄筋コンクリート造、鉄骨鉄筋コンクリート造,6,N,603号室,3K,57,9,61200,4000,2か月,[],随時,https://www.ur-net.go.jp/chintai/kanto/kanagawa/40_1790_room.html?JKSS=025030603,<li>小田急小田原線「本厚木」駅バス28分 徒歩2～6分</li>
kanagawa,sagamiono,鳶尾,65200,,,,小田急小田原線「本厚木」駅,30.0,34.0,厚木市鳶尾2ほか,25-3号棟,鉄筋コンクリート造、鉄骨鉄筋コンクリート造,6,N,604号室,3K,57,9,61200,4000,2か月,[],随時,https://www.ur-net.go.jp/chintai/kanto/kanagawa/40_1790_room.html?JKSS=025030604,<li>小田急小田原線「本厚木」駅バス28分 徒歩2～6分</li>
kanagawa,sagamiono,鳶尾,65200,,,,,,,厚木市鳶尾2ほか,25-3号棟,鉄筋コンクリート造、鉄骨鉄筋コンクリート造,6,N,604号室,3K,57,9,61200,4000,2か月,[],随時,https://www.ur-net.go.jp/chintai/kanto/kanagawa/40_1790_room.html?JKSS=025030604,<li>小田急小田原線「本厚木」駅バス28分 徒歩2～6分</li>
kanagawa,sagamiono,えびな,95100,小田急小田原線「厚木」駅,4.0,7.0,,,,海老名市中新田2-7,7号棟,鉄筋コンクリート造、鉄骨鉄筋コンクリート造,2,N,208号室,3DK,65,8,89000,6100,2か月,['近居割'],随時,https://www.ur-net.go.jp/chintai/kanto/kanagawa/40_1900_room.html?JKSS=000070208,<li>小田急小田原線「厚木」駅 徒歩4～7分</li><li>小田急小田原線「海老名」駅 徒歩20～22分</li><li>小田急小田原線「本厚木」駅 徒歩25～27分</li>
kanagawa,sagamiono,えびな,95100,小田急小田原線「海老名」駅,20.0,22.0,,,,海老名市中新田2-7,7号棟,鉄筋コンクリート造、鉄骨鉄筋コンクリート造,2,N,208号室,3DK,65,8,89000,6100,2か月,['近居割'],随時,https://www.ur-net.go.jp/chintai/kanto/kanagawa/40_1900_room.html?JKSS=000070208,<li>小田急小田原線「厚木」駅 徒歩4～7分</li><li>小田急小田原線「海老名」駅 徒歩20～22分</li><li>小田急小田原線「本厚木」駅 徒歩25～27分</li>
kanagawa,sagamiono,えびな,95100,小田急小田原線「本厚木」駅,25.0,27.0,,,,海老名市中新田2-7,7号棟,鉄筋コンクリート造、鉄骨鉄筋コンクリート造,2,N,208号室,3DK,65,8,89000,6100,2か月,['近居割'],随時,https://www.ur-net.go.jp/chintai/kanto/kanagawa/40_1900_room.html?JKSS=000070208,<li>小田急小田原線「厚木」駅 徒歩4～7分</li><li>小田急小田原線「海老名」駅 徒歩20～22分</li><li>小田急小田原線「本厚木」駅 徒歩25～27分</li>
kanagawa,sagamiono,えびな,95100,,,,,,,海老名市中新田2-7,7号棟,鉄筋コンクリート造、鉄骨鉄筋コンクリート造,2,N,208号室,3DK,65,8,89000,6100,2か月,['近居割'],随時,https://www.ur-net.go.jp/chintai/kanto/kanagawa/40_1900_room.html?JKSS=000070208,<li>小田急小田原線「厚木」駅 徒歩4～7分</li><li>小田急小田原線「海老名」駅 徒歩20～22分</li><li>小田急小田原線「本厚木」駅 徒歩25～27分</li>
kanagawa,shonan,サンヴァリエ平塚,63000,,,,JR東海道本線「平塚」駅,21.0,23.0,平塚市高村203,10号棟,鉄筋コンクリート造、鉄骨鉄筋コンクリート造,5,N,501号室,2DK,50,8,59900,3100,2か月,['近居割WIDE'],随時,https://www.ur-net.go.jp/chintai/kanto/kanagawa/40_1780_room.html?JKSS=000100501,<li>JR東海道本線「平塚」駅バス20分 徒歩1～3分</li><li>小田急小田原線「伊勢原」駅バス33分 徒歩2～5分</li><li>JR東海道本線「大磯」駅 徒歩53～56分</li>
kanagawa,shonan,サンヴァリエ平塚,63000,,,,小田急小田原線「伊勢原」駅,35.0,38.0,平塚市高村203,10号棟,鉄筋コンクリート造、鉄骨鉄筋コンクリート造,5,N,501号室,2DK,50,8,59900,3100,2か月,['近居割WIDE'],随時,https://www.ur-net.go.jp/chintai/kanto/kanagawa/40_1780_room.html?JKSS=000100501,<li>JR東海道本線「平塚」駅バス20分 徒歩1～3分</li><li>小田急小田原線「伊勢原」駅バス33分 徒歩2～5分</li><li>JR東海道本線「大磯」駅 徒歩53～56分</li>
kanagawa,shonan,サンヴァリエ平塚,63000,JR東海道本線「大磯」駅,53.0,56.0,,,,平塚市高村203,10号棟,鉄筋コンクリート造、鉄骨鉄筋コンクリート造,5,N,501号室,2DK,50,8,59900,3100,2か月,['近居割WIDE'],随時,https://www.ur-net.go.jp/chintai/kanto/kanagawa/40_1780_room.html?JKSS=000100501,<li>JR東海道本線「平塚」駅バス20分 徒歩1～3分</li><li>小田急小田原線「伊勢原」駅バス33分 徒歩2～5分</li><li>JR東海道本線「大磯」駅 徒歩53～56分</li>
kanagawa,shonan,サンヴァリエ平塚,63000,,,,,,,平塚市高村203,10号棟,鉄筋コンクリート造、鉄骨鉄筋コンクリート造,5,N,501号室,2DK,50,8,59900,3100,2か月,['近居割WIDE'],随時,https://www.ur-net.go.jp/chintai/kanto/kanagawa/40_1780_room.html?JKSS=000100501,<li>JR東海道本線「平塚」駅バス20分 徒歩1～3分</li><li>小田急小田原線「伊勢原」駅バス33分 徒歩2～5分</li><li>JR東海道本線「大磯」駅 徒歩53～56分</li>
kanagawa,shonan,サンヴァリエ平塚,63000,,,,JR東海道本線「平塚」駅,21.0,23.0,平塚市高村203,19号棟,鉄筋コンクリート造、鉄骨鉄筋コンクリート造,3,N,308号室,2DK,50,8,59900,3100,2か月,['近居割WIDE'],随時,https://www.ur-net.go.jp/chintai/kanto/kanagawa/40_1780_room.html?JKSS=000190308,<li>JR東海道本線「平塚」駅バス20分 徒歩1～3分</li><li>小田急小田原線「伊勢原」駅バス33分 徒歩2～5分</li><li>JR東海道本線「大磯」駅 徒歩53～56分</li>
kanagawa,shonan,サンヴァリエ平塚,63000,,,,小田急小田原線「伊勢原」駅,35.0,38.0,平塚市高村203,19号棟,鉄筋コンクリート造、鉄骨鉄筋コンクリート造,3,N,308号室,2DK,50,8,59900,3100,2か月,['近居割WIDE'],随時,https://www.ur-net.go.jp/chintai/kanto/kanagawa/40_1780_room.html?JKSS=000190308,<li>JR東海道本線「平塚」駅バス20分 徒歩1～3分</li><li>小田急小田原線「伊勢原」駅バス33分 徒歩2～5分</li><li>JR東海道本線「大磯」駅 徒歩53～56分</li>
kanagawa,shonan,サンヴァリエ平塚,63000,JR東海道本線「大磯」駅,53.0,56.0,,,,平塚市高村203,19号棟,鉄筋コンクリート造、鉄骨鉄筋コンクリート造,3,N,308号室,2DK,50,8,59900,3100,2か月,['近居割WIDE'],随時,https://www.ur-net.go.jp/chintai/kanto/kanagawa/40_1780_room.html?JKSS=000190308,<li>JR東海道本線「平塚」駅バス20分 徒歩1～3分</li><li>小田急小田原線「伊勢原」駅バス33分 徒歩2～5分</li><li>JR東海道本線「大磯」駅 徒歩53～56分</li>
kanagawa,shonan,サンヴァリエ平塚,63000,,,,,,,平塚市高村203,19号棟,鉄筋コンクリート造、鉄骨鉄筋コンクリート造,3,N,308号室,2DK,50,8,59900,3100,2か月,['近居割WIDE'],随時,https://www.ur-net.go.jp/chintai/kanto/kanagawa/40_1780_room.html?JKSS=000190308,<li>JR東海道本線「平塚」駅バス20分 徒歩1～3分</li><li>小田急小田原線「伊勢原」駅バス33分 徒歩2～5分</li><li>JR東海道本線「大磯」駅 徒歩53～56分</li>
kanagawa,shonan,サンヴァリエ平塚,63300,,,,JR東海道本線「平塚」駅,21.0,23.0,平塚市高村203,16号棟,鉄筋コンクリート造、鉄骨鉄筋コンクリート造,8,N,806号室,2DK,50,8,60200,3100,2か月,['近居割WIDE'],随時,https://www.ur-net.go.jp/chintai/kanto/kanagawa/40_1780_room.html?JKSS=000160806,<li>JR東海道本線「平塚」駅バス20分 徒歩1～3分</li><li>小田急小田原線「伊勢原」駅バス33分 徒歩2～5分</li><li>JR東海道本線「大磯」駅 徒歩53～56分</li>
kanagawa,shonan,サンヴァリエ平塚,63300,,,,小田急小田原線「伊勢原」駅,35.0,38.0,平塚市高村203,16号棟,鉄筋コンクリート造、鉄骨鉄筋コンクリート造,8,N,806号室,2DK,50,8,60200,3100,2か月,['近居割WIDE'],随時,https://www.ur-net.go.jp/chintai/kanto/kanagawa/40_1780_room.html?JKSS=000160806,<li>JR東海道本線「平塚」駅バス20分 徒歩1～3分</li><li>小田急小田原線「伊勢原」駅バス33分 徒歩2～5分</li><li>JR東海道本線「大磯」駅 徒歩53～56分</li>
kanagawa,shonan,サンヴァリエ平塚,63300,JR東海道本線「大磯」駅,53.0,56.0,,,,平塚市高村203,16号棟,鉄筋コンクリート造、鉄骨鉄筋コンクリート造,8,N,806号室,2DK,50,8,60200,3100,2か月,['近居割WIDE'],随時,https://www.ur-net.go.jp/chintai/kanto/kanagawa/40_1780_room.html?JKSS=000160806,<li>JR東海道本線「平塚」駅バス20分 徒歩1～3分</li><li>小田急小田原線「伊勢原」駅バス33分 徒歩2～5分</li><li>JR東海道本線「大磯」駅 徒歩53～56分</li>
kanagawa,shonan,サンヴァリエ平塚,63300,,,,,,,平塚市高村203,16号棟,鉄筋コンクリート造、鉄骨鉄筋コンクリート造,8,N,806号室,2DK,50,8,60200,3100,2か月,['近居割WIDE'],随時,https://www.ur-net.go.jp/chintai/kanto/kanagawa/40_1780_room.html?JKSS=000160806,<li>JR東海道本線「平塚」駅バス20分 徒歩1～3分</li><li>小田急小田原線「伊勢原」駅バス33分 徒歩2～5分</li><li>JR東海道本線「大磯」駅 徒歩53～56分</li>
kanagawa,shonan,サンヴァリエ平塚,63300,,,,JR東海道本線「平塚」駅,21.0,23.0,平塚市高村203,17号棟,鉄筋コンクリート造、鉄骨鉄筋コンクリート造,5,N,506号室,2DK,50,8,60200,3100,2か月,['近居割WIDE'],随時,https://www.ur-net.go.jp/chintai/kanto/kanagawa/40_1780_room.html?JKSS=000170506,<li>JR東海道本線「平塚」駅バス20分 徒歩1～3分</li><li>小田急小田原線「伊勢原」駅バス33分 徒歩2～5分</li><li>JR東海道本線「大磯」駅 徒歩53～56分</li>
kanagawa,shonan,サンヴァリエ平塚,63300,,,,小田急小田原線「伊勢原」駅,35.0,38.0,平塚市高村203,17号棟,鉄筋コンクリート造、鉄骨鉄筋コンクリート造,5,N,506号室,2DK,50,8,60200,3100,2か月,['近居割WIDE'],随時,https://www.ur-net.go.jp/chintai/kanto/kanagawa/40_1780_room.html?JKSS=000170506,<li>JR東海道本線「平塚」駅バス20分 徒歩1～3分</li><li>小田急小田原線「伊勢原」駅バス33分 徒歩2～5分</li><li>JR東海道本線「大磯」駅 徒歩53～56分</li>
kanagawa,shonan,サンヴァリエ平塚,63300,JR東海道本線「大磯」駅,53.0,56.0,,,,平塚市高村203,17号棟,鉄筋コンクリート造、鉄骨鉄筋コンクリート造,5,N,506号室,2DK,50,8,60200,3100,2か月,['近居割WIDE'],随時,https://www.ur-net.go.jp/chintai/kanto/kanagawa/40_1780_room.html?JKSS=000170506,<li>JR東海道本線「平塚」駅バス20分 徒歩1～3分</li><li>小田急小田原線「伊勢原」駅バス33分 徒歩2～5分</li><li>JR東海道本線「大磯」駅 徒歩53～56分</li>
kanagawa,shonan,サンヴァリエ平塚,63300,,,,,,,平塚市高村203,17号棟,鉄筋コンクリート造、鉄骨鉄筋コンクリート造,5,N,506号室,2DK,50,8,60200,3100,2か月,['近居割WIDE'],随時,https://www.ur-net.go.jp/chintai/kanto/kanagawa/40_1780_room.html?JKSS=000170506,<li>JR東海道本線「平塚」駅バス20分 徒歩1～3分</li><li>小田急小田原線「伊勢原」駅バス33分 徒歩2～5分</li><li>JR東海道本線「大磯」駅 徒歩53～56分</li>
kanagawa,shonan,サンヴァリエ平塚,63300,,,,JR東海道本線「平塚」駅,21.0,23.0,平塚市高村203,18号棟,鉄筋コンクリート造、鉄骨鉄筋コンクリート造,6,N,602号室,2DK,50,8,60200,3100,2か月,['近居割WIDE'],随時,https://www.ur-net.go.jp/chintai/kanto/kanagawa/40_1780_room.html?JKSS=000180602,<li>JR東海道本線「平塚」駅バス20分 徒歩1～3分</li><li>小田急小田原線「伊勢原」駅バス33分 徒歩2～5分</li><li>JR東海道本線「大磯」駅 徒歩53～56分</li>
kanagawa,shonan,サンヴァリエ平塚,63300,,,,小田急小田原線「伊勢原」駅,35.0,38.0,平塚市高村203,18号棟,鉄筋コンクリート造、鉄骨鉄筋コンクリート造,6,N,602号室,2DK,50,8,60200,3100,2か月,['近居割WIDE'],随時,https://www.ur-net.go.jp/chintai/kanto/kanagawa/40_1780_room.html?JKSS=000180602,<li>JR東海道本線「平塚」駅バス20分 徒歩1～3分</li><li>小田急小田原線「伊勢原」駅バス33分 徒歩2～5分</li><li>JR東海道本線「大磯」駅 徒歩53～56分</li>
kanagawa,shonan,サンヴァリエ平塚,63300,JR東海道本線「大磯」駅,53.0,56.0,,,,平塚市高村203,18号棟,鉄筋コンクリート造、鉄骨鉄筋コンクリート造,6,N,602号室,2DK,50,8,60200,3100,2か月,['近居割WIDE'],随時,https://www.ur-net.go.jp/chintai/kanto/kanagawa/40_1780_room.html?JKSS=000180602,<li>JR東海道本線「平塚」駅バス20分 徒歩1～3分</li><li>小田急小田原線「伊勢原」駅バス33分 徒歩2～5分</li><li>JR東海道本線「大磯」駅 徒歩53～56分</li>
kanagawa,shonan,サンヴァリエ平塚,63300,,,,,,,平塚市高村203,18号棟,鉄筋コンクリート造、鉄骨鉄筋コンクリート造,6,N,602号室,2DK,50,8,60200,3100,2か月,['近居割WIDE'],随時,https://www.ur-net.go.jp/chintai/kanto/kanagawa/40_1780_room.html?JKSS=000180602,<li>JR東海道本線「平塚」駅バス20分 徒歩1～3分</li><li>小田急小田原線「伊勢原」駅バス33分 徒歩2～5分</li><li>JR東海道本線「大磯」駅 徒歩53～56分</li>
kanagawa,shonan,善行,53100,小田急江ノ島線「善行」駅,11.0,19.0,小田急江ノ島線「善行」駅,5.0,13.0,藤沢市善行団地1-1ほか,2-4号棟,鉄筋コンクリート造,5,N,503号室,2DK,41,5,49800,3300,2か月,['URライト（4年定借）'],随時,https://www.ur-net.go.jp/chintai/kanto/kanagawa/40_1040_room.html?JKSS=000204503,<li>小田急江ノ島線「善行」駅 徒歩11～19分 又はバス4～8分 徒歩1～5分</li>
kanagawa,shonan,善行,53100,,,,,,,藤沢市善行団地1-1ほか,2-4号棟,鉄筋コンクリート造,5,N,503号室,2DK,41,5,49800,3300,2か月,['URライト（4年定借）'],随時,https://www.ur-net.go.jp/chintai/kanto/kanagawa/40_1040_room.html?JKSS=000204503,<li>小田急江ノ島線「善行」駅 徒歩11～19分 又はバス4～8分 徒歩1～5分</li>
kanagawa,shonan,善行,53100,小田急江ノ島線「善行」駅,11.0,19.0,小田急江ノ島線「善行」駅,5.0,13.0,藤沢市善行団地1-1ほか,2-11号棟,鉄筋コンクリート造,5,N,506号室,1LDK,41,5,49800,3300,2か月,['URライト（4年定借）'],随時,https://www.ur-net.go.jp/chintai/kanto/kanagawa/40_1040_room.html?JKSS=000211506,<li>小田急江ノ島線「善行」駅 徒歩11～19分 又はバス4～8分 徒歩1～5分</li>
kanagawa,shonan,善行,53100,,,,,,,藤沢市善行団地1-1ほか,2-11号棟,鉄筋コンクリート造,5,N,506号室,1LDK,41,5,49800,3300,2か月,['URライト（4年定借）'],随時,https://www.ur-net.go.jp/chintai/kanto/kanagawa/40_1040_room.html?JKSS=000211506,<li>小田急江ノ島線「善行」駅 徒歩11～19分 又はバス4～8分 徒歩1～5分</li>
kanagawa,shonan,善行,61300,小田急江ノ島線「善行」駅,11.0,19.0,小田急江ノ島線「善行」駅,5.0,13.0,藤沢市善行団地1-1ほか,4-9号棟,鉄筋コンクリート造,3,N,305号室,2DK,45,5,58000,3300,2か月,"['近居割', '近居割WIDE']",随時,https://www.ur-net.go.jp/chintai/kanto/kanagawa/40_1040_room.html?JKSS=000409305,<li>小田急江ノ島線「善行」駅 徒歩11～19分 又はバス4～8分 徒歩1～5分</li>
kanagawa,shonan,善行,61300,,,,,,,藤沢市善行団地1-1ほか,4-9号棟,鉄筋コンクリート造,3,N,305号室,2DK,45,5,58000,3300,2か月,"['近居割', '近居割WIDE']",随時,https://www.ur-net.go.jp/chintai/kanto/kanagawa/40_1040_room.html?JKSS=000409305,<li>小田急江ノ島線「善行」駅 徒歩11～19分 又はバス4～8分 徒歩1～5分</li>
kanagawa,shonan,善行,61300,小田急江ノ島線「善行」駅,11.0,19.0,小田急江ノ島線「善行」駅,5.0,13.0,藤沢市善行団地1-1ほか,7-2号棟,鉄筋コンクリート造,3,N,305号室,3K,45,5,58000,3300,2か月,['URライト（4年定借）'],随時,https://www.ur-net.go.jp/chintai/kanto/kanagawa/40_1040_room.html?JKSS=000702305,<li>小田急江ノ島線「善行」駅 徒歩11～19分 又はバス4～8分 徒歩1～5分</li>
kanagawa,shonan,善行,61300,,,,,,,藤沢市善行団地1-1ほか,7-2号棟,鉄筋コンクリート造,3,N,305号室,3K,45,5,58000,3300,2か月,['URライト（4年定借）'],随時,https://www.ur-net.go.jp/chintai/kanto/kanagawa/40_1040_room.html?JKSS=000702305,<li>小田急江ノ島線「善行」駅 徒歩11～19分 又はバス4～8分 徒歩1～5分</li>
kanagawa,shonan,善行,62400,小田急江ノ島線「善行」駅,11.0,19.0,小田急江ノ島線「善行」駅,5.0,13.0,藤沢市善行団地1-1ほか,5-5号棟,鉄筋コンクリート造,5,N,505号室,3K,48,5,59100,3300,2か月,"['URライト（4年定借）', 'フリレ2か月']",随時,https://www.ur-net.go.jp/chintai/kanto/kanagawa/40_1040_room.html?JKSS=000505505,<li>小田急江ノ島線「善行」駅 徒歩11～19分 又はバス4～8分 徒歩1～5分</li>
kanagawa,shonan,善行,62400,,,,,,,藤沢市善行団地1-1ほか,5-5号棟,鉄筋コンクリート造,5,N,505号室,3K,48,5,59100,3300,2か月,"['URライト（4年定借）', 'フリレ2か月']",随時,https://www.ur-net.go.jp/chintai/kanto/kanagawa/40_1040_room.html?JKSS=000505505,<li>小田急江ノ島線「善行」駅 徒歩11～19分 又はバス4～8分 徒歩1～5分</li>
kanagawa,shonan,鶴が台,52500,,,,JR東海道本線「茅ケ崎」駅,10.0,18.0,茅ヶ崎市鶴が台,14-1号棟,鉄筋コンクリート造,5,N,501号室,3K,45,5,48900,3600,2か月,['近居割'],随時,https://www.ur-net.go.jp/chintai/kanto/kanagawa/40_1160_room.html?JKSS=000141501,<li>JR東海道本線「茅ケ崎」駅バス9～13分 徒歩1～5分</li><li>JR相模線「北茅ケ崎」駅 徒歩14～19分</li><li>JR相模線「香川」駅 徒歩15～23分</li>
kanagawa,shonan,鶴が台,52500,JR相模線「北茅ケ崎」駅,14.0,19.0,,,,茅ヶ崎市鶴が台,14-1号棟,鉄筋コンクリート造,5,N,501号室,3K,45,5,48900,3600,2か月,['近居割'],随時,https://www.ur-net.go.jp/chintai/kanto/kanagawa/40_1160_room.html?JKSS=000141501,<li>JR東海道本線「茅ケ崎」駅バス9～13分 徒歩1～5分</li><li>JR相模線「北茅ケ崎」駅 徒歩14～19分</li><li>JR相模線「香川」駅 徒歩15～23分</li>
kanagawa,shonan,鶴が台,52500,JR相模線「香川」駅,15.0,23.0,,,,茅ヶ崎市鶴が台,14-1号棟,鉄筋コンクリート造,5,N,501号室,3K,45,5,48900,3600,2か月,['近居割'],随時,https://www.ur-net.go.jp/chintai/kanto/kanagawa/40_1160_room.html?JKSS=000141501,<li>JR東海道本線「茅ケ崎」駅バス9～13分 徒歩1～5分</li><li>JR相模線「北茅ケ崎」駅 徒歩14～19分</li><li>JR相模線「香川」駅 徒歩15～23分</li>
kanagawa,shonan,鶴が台,52500,,,,,,,茅ヶ崎市鶴が台,14-1号棟,鉄筋コンクリート造,5,N,501号室,3K,45,5,48900,3600,2か月,['近居割'],随時,https://www.ur-net.go.jp/chintai/kanto/kanagawa/40_1160_room.html?JKSS=000141501,<li>JR東海道本線「茅ケ崎」駅バス9～13分 徒歩1～5分</li><li>JR相模線「北茅ケ崎」駅 徒歩14～19分</li><li>JR相模線「香川」駅 徒歩15～23分</li>
kanagawa,shonan,鶴が台,55700,,,,JR東海道本線「茅ケ崎」駅,10.0,18.0,茅ヶ崎市鶴が台,17-2号棟,鉄筋コンクリート造,5,N,506号室,3K,48,5,52100,3600,2か月,['近居割'],随時,https://www.ur-net.go.jp/chintai/kanto/kanagawa/40_1160_room.html?JKSS=000172506,<li>JR東海道本線「茅ケ崎」駅バス9～13分 徒歩1～5分</li><li>JR相模線「北茅ケ崎」駅 徒歩14～19分</li><li>JR相模線「香川」駅 徒歩15～23分</li>
kanagawa,shonan,鶴が台,55700,JR相模線「北茅ケ崎」駅,14.0,19.0,,,,茅ヶ崎市鶴が台,17-2号棟,鉄筋コンクリート造,5,N,506号室,3K,48,5,52100,3600,2か月,['近居割'],随時,https://www.ur-net.go.jp/chintai/kanto/kanagawa/40_1160_room.html?JKSS=000172506,<li>JR東海道本線「茅ケ崎」駅バス9～13分 徒歩1～5分</li><li>JR相模線「北茅ケ崎」駅 徒歩14～19分</li><li>JR相模線「香川」駅 徒歩15～23分</li>
kanagawa,shonan,鶴が台,55700,JR相模線「香川」駅,15.0,23.0,,,,茅ヶ崎市鶴が台,17-2号棟,鉄筋コンクリート造,5,N,506号室,3K,48,5,52100,3600,2か月,['近居割'],随時,https://www.ur-net.go.jp/chintai/kanto/kanagawa/40_1160_room.html?JKSS=000172506,<li>JR東海道本線「茅ケ崎」駅バス9～13分 徒歩1～5分</li><li>JR相模線「北茅ケ崎」駅 徒歩14～19分</li><li>JR相模線「香川」駅 徒歩15～23分</li>
kanagawa,shonan,鶴が台,55700,,,,,,,茅ヶ崎市鶴が台,17-2号棟,鉄筋コンクリート造,5,N,506号室,3K,48,5,52100,3600,2か月,['近居割'],随時,https://www.ur-net.go.jp/chintai/kanto/kanagawa/40_1160_room.html?JKSS=000172506,<li>JR東海道本線「茅ケ崎」駅バス9～13分 徒歩1～5分</li><li>JR相模線「北茅ケ崎」駅 徒歩14～19分</li><li>JR相模線「香川」駅 徒歩15～23分</li>
kanagawa,shonan,鶴が台,61300,,,,JR東海道本線「茅ケ崎」駅,10.0,18.0,茅ヶ崎市鶴が台,9-6号棟,鉄筋コンクリート造,2,N,201号室,3K,48,5,57700,3600,2か月,['健康寿命サポート'],随時,https://www.ur-net.go.jp/chintai/kanto/kanagawa/40_1160_room.html?JKSS=000906201,<li>JR東海道本線「茅ケ崎」駅バス9～13分 徒歩1～5分</li><li>JR相模線「北茅ケ崎」駅 徒歩14～19分</li><li>JR相模線「香川」駅 徒歩15～23分</li>
kanagawa,shonan,鶴が台,61300,JR相模線「北茅ケ崎」駅,14.0,19.0,,,,茅ヶ崎市鶴が台,9-6号棟,鉄筋コンクリート造,2,N,201号室,3K,48,5,57700,3600,2か月,['健康寿命サポート'],随時,https://www.ur-net.go.jp/chintai/kanto/kanagawa/40_1160_room.html?JKSS=000906201,<li>JR東海道本線「茅ケ崎」駅バス9～13分 徒歩1～5分</li><li>JR相模線「北茅ケ崎」駅 徒歩14～19分</li><li>JR相模線「香川」駅 徒歩15～23分</li>
kanagawa,shonan,鶴が台,61300,JR相模線「香川」駅,15.0,23.0,,,,茅ヶ崎市鶴が台,9-6号棟,鉄筋コンクリート造,2,N,201号室,3K,48,5,57700,3600,2か月,['健康寿命サポート'],随時,https://www.ur-net.go.jp/chintai/kanto/kanagawa/40_1160_room.html?JKSS=000906201,<li>JR東海道本線「茅ケ崎」駅バス9～13分 徒歩1～5分</li><li>JR相模線「北茅ケ崎」駅 徒歩14～19分</li><li>JR相模線「香川」駅 徒歩15～23分</li>
kanagawa,shonan,鶴が台,61300,,,,,,,茅ヶ崎市鶴が台,9-6号棟,鉄筋コンクリート造,2,N,201号室,3K,48,5,57700,3600,2か月,['健康寿命サポート'],随時,https://www.ur-net.go.jp/chintai/kanto/kanagawa/40_1160_room.html?JKSS=000906201,<li>JR東海道本線「茅ケ崎」駅バス9～13分 徒歩1～5分</li><li>JR相模線「北茅ケ崎」駅 徒歩14～19分</li><li>JR相模線「香川」駅 徒歩15～23分</li>
kanagawa,shonan,鶴が台,63000,,,,JR東海道本線「茅ケ崎」駅,10.0,18.0,茅ヶ崎市鶴が台,9-4号棟,鉄筋コンクリート造,3,N,302号室,3DK,53,5,59400,3600,2か月,['近居割'],随時,https://www.ur-net.go.jp/chintai/kanto/kanagawa/40_1160_room.html?JKSS=000904302,<li>JR東海道本線「茅ケ崎」駅バス9～13分 徒歩1～5分</li><li>JR相模線「北茅ケ崎」駅 徒歩14～19分</li><li>JR相模線「香川」駅 徒歩15～23分</li>
kanagawa,shonan,鶴が台,63000,JR相模線「北茅ケ崎」駅,14.0,19.0,,,,茅ヶ崎市鶴が台,9-4号棟,鉄筋コンクリート造,3,N,302号室,3DK,53,5,59400,3600,2か月,['近居割'],随時,https://www.ur-net.go.jp/chintai/kanto/kanagawa/40_1160_room.html?JKSS=000904302,<li>JR東海道本線「茅ケ崎」駅バス9～13分 徒歩1～5分</li><li>JR相模線「北茅ケ崎」駅 徒歩14～19分</li><li>JR相模線「香川」駅 徒歩15～23分</li>
kanagawa,shonan,鶴が台,63000,JR相模線「香川」駅,15.0,23.0,,,,茅ヶ崎市鶴が台,9-4号棟,鉄筋コンクリート造,3,N,302号室,3DK,53,5,59400,3600,2か月,['近居割'],随時,https://www.ur-net.go.jp/chintai/kanto/kanagawa/40_1160_room.html?JKSS=000904302,<li>JR東海道本線「茅ケ崎」駅バス9～13分 徒歩1～5分</li><li>JR相模線「北茅ケ崎」駅 徒歩14～19分</li><li>JR相模線「香川」駅 徒歩15～23分</li>
kanagawa,shonan,鶴が台,63000,,,,,,,茅ヶ崎市鶴が台,9-4号棟,鉄筋コンクリート造,3,N,302号室,3DK,53,5,59400,3600,2か月,['近居割'],随時,https://www.ur-net.go.jp/chintai/kanto/kanagawa/40_1160_room.html?JKSS=000904302,<li>JR東海道本線「茅ケ崎」駅バス9～13分 徒歩1～5分</li><li>JR相模線「北茅ケ崎」駅 徒歩14～19分</li><li>JR相模線「香川」駅 徒歩15～23分</li>
kanagawa,shonan,鶴が台,4360065700,,,,JR東海道本線「茅ケ崎」駅,10.0,18.0,茅ヶ崎市鶴が台,9-3号棟,鉄筋コンクリート造,2,N,205号室,3DK,53,5,4360062100,3600,2か月,['高齢者向け優良賃貸住宅'],随時,https://www.ur-net.go.jp/chintai/kanto/kanagawa/40_1160_room.html?JKSS=000903205,<li>JR東海道本線「茅ケ崎」駅バス9～13分 徒歩1～5分</li><li>JR相模線「北茅ケ崎」駅 徒歩14～19分</li><li>JR相模線「香川」駅 徒歩15～23分</li>
kanagawa,shonan,鶴が台,4360065700,JR相模線「北茅ケ崎」駅,14.0,19.0,,,,茅ヶ崎市鶴が台,9-3号棟,鉄筋コンクリート造,2,N,205号室,3DK,53,5,4360062100,3600,2か月,['高齢者向け優良賃貸住宅'],随時,https://www.ur-net.go.jp/chintai/kanto/kanagawa/40_1160_room.html?JKSS=000903205,<li>JR東海道本線「茅ケ崎」駅バス9～13分 徒歩1～5分</li><li>JR相模線「北茅ケ崎」駅 徒歩14～19分</li><li>JR相模線「香川」駅 徒歩15～23分</li>
kanagawa,shonan,鶴が台,4360065700,JR相模線「香川」駅,15.0,23.0,,,,茅ヶ崎市鶴が台,9-3号棟,鉄筋コンクリート造,2,N,205号室,3DK,53,5,4360062100,3600,2か月,['高齢者向け優良賃貸住宅'],随時,https://www.ur-net.go.jp/chintai/kanto/kanagawa/40_1160_room.html?JKSS=000903205,<li>JR東海道本線「茅ケ崎」駅バス9～13分 徒歩1～5分</li><li>JR相模線「北茅ケ崎」駅 徒歩14～19分</li><li>JR相模線「香川」駅 徒歩15～23分</li>
kanagawa,shonan,鶴が台,4360065700,,,,,,,茅ヶ崎市鶴が台,9-3号棟,鉄筋コンクリート造,2,N,205号室,3DK,53,5,4360062100,3600,2か月,['高齢者向け優良賃貸住宅'],随時,https://www.ur-net.go.jp/chintai/kanto/kanagawa/40_1160_room.html?JKSS=000903205,<li>JR東海道本線「茅ケ崎」駅バス9～13分 徒歩1～5分</li><li>JR相模線「北茅ケ崎」駅 徒歩14～19分</li><li>JR相模線「香川」駅 徒歩15～23分</li>
kanagawa,shonan,浜見平,106900,,,,JR東海道本線「茅ケ崎」駅,15.0,15.0,茅ヶ崎市浜見平6-2ほか,6-2号棟,鉄筋コンクリート造,3,N,303号室,3DK,62,5,103000,3900,2か月,"['近居割', '近居割WIDE']",随時,https://www.ur-net.go.jp/chintai/kanto/kanagawa/40_0971_room.html?JKSS=006020303,<li>JR東海道本線「茅ケ崎」駅バス13分 徒歩2分</li>
kanagawa,shonan,浜見平,106900,,,,,,,茅ヶ崎市浜見平6-2ほか,6-2号棟,鉄筋コンクリート造,3,N,303号室,3DK,62,5,103000,3900,2か月,"['近居割', '近居割WIDE']",随時,https://www.ur-net.go.jp/chintai/kanto/kanagawa/40_0971_room.html?JKSS=006020303,<li>JR東海道本線「茅ケ崎」駅バス13分 徒歩2分</li>
kanagawa,shonan,浜見平,112800,,,,JR東海道本線「茅ケ崎」駅,15.0,15.0,茅ヶ崎市浜見平6-2ほか,6-2号棟,鉄筋コンクリート造,2,N,202号室,3LDK,70,5,108900,3900,2か月,"['近居割', '近居割WIDE']",随時,https://www.ur-net.go.jp/chintai/kanto/kanagawa/40_0971_room.html?JKSS=006020202,<li>JR東海道本線「茅ケ崎」駅バス13分 徒歩2分</li>
kanagawa,shonan,浜見平,112800,,,,,,,茅ヶ崎市浜見平6-2ほか,6-2号棟,鉄筋コンクリート造,2,N,202号室,3LDK,70,5,108900,3900,2か月,"['近居割', '近居割WIDE']",随時,https://www.ur-net.go.jp/chintai/kanto/kanagawa/40_0971_room.html?JKSS=006020202,<li>JR東海道本線「茅ケ崎」駅バス13分 徒歩2分</li>
kanagawa,shonan,浜見平,116100,,,,JR東海道本線「茅ケ崎」駅,15.0,15.0,茅ヶ崎市浜見平6-2ほか,6-2号棟,鉄筋コンクリート造,5,N,506号室,3LDK,70,5,112200,3900,2か月,"['近居割', '近居割WIDE']",随時,https://www.ur-net.go.jp/chintai/kanto/kanagawa/40_0971_room.html?JKSS=006020506,<li>JR東海道本線「茅ケ崎」駅バス13分 徒歩2分</li>
kanagawa,shonan,浜見平,116100,,,,,,,茅ヶ崎市浜見平6-2ほか,6-2号棟,鉄筋コンクリート造,5,N,506号室,3LDK,70,5,112200,3900,2か月,"['近居割', '近居割WIDE']",随時,https://www.ur-net.go.jp/chintai/kanto/kanagawa/40_0971_room.html?JKSS=006020506,<li>JR東海道本線「茅ケ崎」駅バス13分 徒歩2分</li>
chiba,inageekimae,千草台,46100,,,,JR総武線「西千葉」駅,10.0,17.0,千葉市稲毛区千草台1ほか,2-19号棟,鉄筋コンクリート造,5,N,504号室,3K,45,5,43800,2300,2か月,"['近居割', '近居割WIDE']",随時,https://www.ur-net.go.jp/chintai/kanto/chiba/30_1390_room.html?JKSS=000219504,<li>JR総武線「西千葉」駅バス9～12分 徒歩1～5分</li><li>JR総武線「千葉」駅バス9～15分 徒歩9～17分</li><li>千葉都市モノレール「穴川」駅 徒歩12～18分</li>
chiba,inageekimae,千草台,46100,,,,JR総武線「千葉」駅,18.0,32.0,千葉市稲毛区千草台1ほか,2-19号棟,鉄筋コンクリート造,5,N,504号室,3K,45,5,43800,2300,2か月,"['近居割', '近居割WIDE']",随時,https://www.ur-net.go.jp/chintai/kanto/chiba/30_1390_room.html?JKSS=000219504,<li>JR総武線「西千葉」駅バス9～12分 徒歩1～5分</li><li>JR総武線「千葉」駅バス9～15分 徒歩9～17分</li><li>千葉都市モノレール「穴川」駅 徒歩12～18分</li>
chiba,inageekimae,千草台,46100,千葉都市モノレール「穴川」駅,12.0,18.0,,,,千葉市稲毛区千草台1ほか,2-19号棟,鉄筋コンクリート造,5,N,504号室,3K,45,5,43800,2300,2か月,"['近居割', '近居割WIDE']",随時,https://www.ur-net.go.jp/chintai/kanto/chiba/30_1390_room.html?JKSS=000219504,<li>JR総武線「西千葉」駅バス9～12分 徒歩1～5分</li><li>JR総武線「千葉」駅バス9～15分 徒歩9～17分</li><li>千葉都市モノレール「穴川」駅 徒歩12～18分</li>
chiba,inageekimae,千草台,46100,,,,,,,千葉市稲毛区千草台1ほか,2-19号棟,鉄筋コンクリート造,5,N,504号室,3K,45,5,43800,2300,2か月,"['近居割', '近居割WIDE']",随時,https://www.ur-net.go.jp/chintai/kanto/chiba/30_1390_room.html?JKSS=000219504,<li>JR総武線「西千葉」駅バス9～12分 徒歩1～5分</li><li>JR総武線「千葉」駅バス9～15分 徒歩9～17分</li><li>千葉都市モノレール「穴川」駅 徒歩12～18分</li>
chiba,inageekimae,千草台,46100,,,,JR総武線「西千葉」駅,10.0,17.0,千葉市稲毛区千草台1ほか,2-19号棟,鉄筋コンクリート造,5,N,505号室,3K,45,5,43800,2300,2か月,"['近居割', '近居割WIDE']",随時,https://www.ur-net.go.jp/chintai/kanto/chiba/30_1390_room.html?JKSS=000219505,<li>JR総武線「西千葉」駅バス9～12分 徒歩1～5分</li><li>JR総武線「千葉」駅バス9～15分 徒歩9～17分</li><li>千葉都市モノレール「穴川」駅 徒歩12～18分</li>
chiba,inageekimae,千草台,46100,,,,JR総武線「千葉」駅,18.0,32.0,千葉市稲毛区千草台1ほか,2-19号棟,鉄筋コンクリート造,5,N,505号室,3K,45,5,43800,2300,2か月,"['近居割', '近居割WIDE']",随時,https://www.ur-net.go.jp/chintai/kanto/chiba/30_1390_room.html?JKSS=000219505,<li>JR総武線「西千葉」駅バス9～12分 徒歩1～5分</li><li>JR総武線「千葉」駅バス9～15分 徒歩9～17分</li><li>千葉都市モノレール「穴川」駅 徒歩12～18分</li>
chiba,inageekimae,千草台,46100,千葉都市モノレール「穴川」駅,12.0,18.0,,,,千葉市稲毛区千草台1ほか,2-19号棟,鉄筋コンクリート造,5,N,505号室,3K,45,5,43800,2300,2か月,"['近居割', '近居割WIDE']",随時,https://www.ur-net.go.jp/chintai/kanto/chiba/30_1390_room.html?JKSS=000219505,<li>JR総武線「西千葉」駅バス9～12分 徒歩1～5分</li><li>JR総武線「千葉」駅バス9～15分 徒歩9～17分</li><li>千葉都市モノレール「穴川」駅 徒歩12～18分</li>
chiba,inageekimae,千草台,46100,,,,,,,千葉市稲毛区千草台1ほか,2-19号棟,鉄筋コンクリート造,5,N,505号室,3K,45,5,43800,2300,2か月,"['近居割', '近居割WIDE']",随時,https://www.ur-net.go.jp/chintai/kanto/chiba/30_1390_room.html?JKSS=000219505,<li>JR総武線「西千葉」駅バス9～12分 徒歩1～5分</li><li>JR総武線「千葉」駅バス9～15分 徒歩9～17分</li><li>千葉都市モノレール「穴川」駅 徒歩12～18分</li>
chiba,inageekimae,千草台,48100,,,,JR総武線「西千葉」駅,10.0,17.0,千葉市稲毛区千草台1ほか,2-34号棟,鉄筋コンクリート造,4,N,404号室,3K,45,5,45800,2300,2か月,"['近居割', '近居割WIDE']",随時,https://www.ur-net.go.jp/chintai/kanto/chiba/30_1390_room.html?JKSS=000234404,<li>JR総武線「西千葉」駅バス9～12分 徒歩1～5分</li><li>JR総武線「千葉」駅バス9～15分 徒歩9～17分</li><li>千葉都市モノレール「穴川」駅 徒歩12～18分</li>
chiba,inageekimae,千草台,48100,,,,JR総武線「千葉」駅,18.0,32.0,千葉市稲毛区千草台1ほか,2-34号棟,鉄筋コンクリート造,4,N,404号室,3K,45,5,45800,2300,2か月,"['近居割', '近居割WIDE']",随時,https://www.ur-net.go.jp/chintai/kanto/chiba/30_1390_room.html?JKSS=000234404,<li>JR総武線「西千葉」駅バス9～12分 徒歩1～5分</li><li>JR総武線「千葉」駅バス9～15分 徒歩9～17分</li><li>千葉都市モノレール「穴川」駅 徒歩12～18分</li>
chiba,inageekimae,千草台,48100,千葉都市モノレール「穴川」駅,12.0,18.0,,,,千葉市稲毛区千草台1ほか,2-34号棟,鉄筋コンクリート造,4,N,404号室,3K,45,5,45800,2300,2か月,"['近居割', '近居割WIDE']",随時,https://www.ur-net.go.jp/chintai/kanto/chiba/30_1390_room.html?JKSS=000234404,<li>JR総武線「西千葉」駅バス9～12分 徒歩1～5分</li><li>JR総武線「千葉」駅バス9～15分 徒歩9～17分</li><li>千葉都市モノレール「穴川」駅 徒歩12～18分</li>
chiba,inageekimae,千草台,48100,,,,,,,千葉市稲毛区千草台1ほか,2-34号棟,鉄筋コンクリート造,4,N,404号室,3K,45,5,45800,2300,2か月,"['近居割', '近居割WIDE']",随時,https://www.ur-net.go.jp/chintai/kanto/chiba/30_1390_room.html?JKSS=000234404,<li>JR総武線「西千葉」駅バス9～12分 徒歩1～5分</li><li>JR総武線「千葉」駅バス9～15分 徒歩9～17分</li><li>千葉都市モノレール「穴川」駅 徒歩12～18分</li>
chiba,inageekimae,あやめ台,47500,,,,JR総武線「稲毛」駅,15.0,21.0,千葉市稲毛区あやめ台1ほか,2-20号棟,鉄筋コンクリート造,5,N,505号室,3K,45,5,44000,3500,2か月,"['近居割', '近居割WIDE']",随時,https://www.ur-net.go.jp/chintai/kanto/chiba/30_1470_room.html?JKSS=000220505,<li>JR総武線「稲毛」駅バス14分 徒歩1～7分</li><li>千葉都市モノレール「スポーツセンター」駅 徒歩8～16分</li><li>千葉都市モノレール「穴川」駅バス4分 徒歩2～11分</li>
chiba,inageekimae,あやめ台,47500,千葉都市モノレール「スポーツセンター」駅,8.0,16.0,,,,千葉市稲毛区あやめ台1ほか,2-20号棟,鉄筋コンクリート造,5,N,505号室,3K,45,5,44000,3500,2か月,"['近居割', '近居割WIDE']",随時,https://www.ur-net.go.jp/chintai/kanto/chiba/30_1470_room.html?JKSS=000220505,<li>JR総武線「稲毛」駅バス14分 徒歩1～7分</li><li>千葉都市モノレール「スポーツセンター」駅 徒歩8～16分</li><li>千葉都市モノレール「穴川」駅バス4分 徒歩2～11分</li>
chiba,inageekimae,あやめ台,47500,,,,千葉都市モノレール「穴川」駅,6.0,15.0,千葉市稲毛区あやめ台1ほか,2-20号棟,鉄筋コンクリート造,5,N,505号室,3K,45,5,44000,3500,2か月,"['近居割', '近居割WIDE']",随時,https://www.ur-net.go.jp/chintai/kanto/chiba/30_1470_room.html?JKSS=000220505,<li>JR総武線「稲毛」駅バス14分 徒歩1～7分</li><li>千葉都市モノレール「スポーツセンター」駅 徒歩8～16分</li><li>千葉都市モノレール「穴川」駅バス4分 徒歩2～11分</li>
chiba,inageekimae,あやめ台,47500,,,,,,,千葉市稲毛区あやめ台1ほか,2-20号棟,鉄筋コンクリート造,5,N,505号室,3K,45,5,44000,3500,2か月,"['近居割', '近居割WIDE']",随時,https://www.ur-net.go.jp/chintai/kanto/chiba/30_1470_room.html?JKSS=000220505,<li>JR総武線「稲毛」駅バス14分 徒歩1～7分</li><li>千葉都市モノレール「スポーツセンター」駅 徒歩8～16分</li><li>千葉都市モノレール「穴川」駅バス4分 徒歩2～11分</li>
chiba,inageekimae,あやめ台,52200,,,,JR総武線「稲毛」駅,15.0,21.0,千葉市稲毛区あやめ台1ほか,2-26号棟,鉄筋コンクリート造,5,N,507号室,3DK,50,5,48700,3500,2か月,"['近居割', '近居割WIDE']",随時,https://www.ur-net.go.jp/chintai/kanto/chiba/30_1470_room.html?JKSS=000226507,<li>JR総武線「稲毛」駅バス14分 徒歩1～7分</li><li>千葉都市モノレール「スポーツセンター」駅 徒歩8～16分</li><li>千葉都市モノレール「穴川」駅バス4分 徒歩2～11分</li>
chiba,inageekimae,あやめ台,52200,千葉都市モノレール「スポーツセンター」駅,8.0,16.0,,,,千葉市稲毛区あやめ台1ほか,2-26号棟,鉄筋コンクリート造,5,N,507号室,3DK,50,5,48700,3500,2か月,"['近居割', '近居割WIDE']",随時,https://www.ur-net.go.jp/chintai/kanto/chiba/30_1470_room.html?JKSS=000226507,<li>JR総武線「稲毛」駅バス14分 徒歩1～7分</li><li>千葉都市モノレール「スポーツセンター」駅 徒歩8～16分</li><li>千葉都市モノレール「穴川」駅バス4分 徒歩2～11分</li>
chiba,inageekimae,あやめ台,52200,,,,千葉都市モノレール「穴川」駅,6.0,15.0,千葉市稲毛区あやめ台1ほか,2-26号棟,鉄筋コンクリート造,5,N,507号室,3DK,50,5,48700,3500,2か月,"['近居割', '近居割WIDE']",随時,https://www.ur-net.go.jp/chintai/kanto/chiba/30_1470_room.html?JKSS=000226507,<li>JR総武線「稲毛」駅バス14分 徒歩1～7分</li><li>千葉都市モノレール「スポーツセンター」駅 徒歩8～16分</li><li>千葉都市モノレール「穴川」駅バス4分 徒歩2～11分</li>
chiba,inageekimae,あやめ台,52200,,,,,,,千葉市稲毛区あやめ台1ほか,2-26号棟,鉄筋コンクリート造,5,N,507号室,3DK,50,5,48700,3500,2か月,"['近居割', '近居割WIDE']",随時,https://www.ur-net.go.jp/chintai/kanto/chiba/30_1470_room.html?JKSS=000226507,<li>JR総武線「稲毛」駅バス14分 徒歩1～7分</li><li>千葉都市モノレール「スポーツセンター」駅 徒歩8～16分</li><li>千葉都市モノレール「穴川」駅バス4分 徒歩2～11分</li>
chiba,inageekimae,さつきが丘,48300,,,,JR総武線「新検見川」駅,12.0,19.0,千葉市花見川区さつきが丘1ほか,2-10-14号棟,鉄筋コンクリート造,4,N,401号室,3K,47,5,46200,2100,2か月,"['近居割', '近居割WIDE']",随時,https://www.ur-net.go.jp/chintai/kanto/chiba/30_2300_room.html?JKSS=210140401,<li>JR総武線「新検見川」駅バス11分 徒歩1～8分</li><li>JR総武線「稲毛」駅バス20分 徒歩2～8分</li><li>京成千葉線「検見川」駅 徒歩41～52分</li>
chiba,inageekimae,さつきが丘,48300,,,,JR総武線「稲毛」駅,22.0,28.0,千葉市花見川区さつきが丘1ほか,2-10-14号棟,鉄筋コンクリート造,4,N,401号室,3K,47,5,46200,2100,2か月,"['近居割', '近居割WIDE']",随時,https://www.ur-net.go.jp/chintai/kanto/chiba/30_2300_room.html?JKSS=210140401,<li>JR総武線「新検見川」駅バス11分 徒歩1～8分</li><li>JR総武線「稲毛」駅バス20分 徒歩2～8分</li><li>京成千葉線「検見川」駅 徒歩41～52分</li>
chiba,inageekimae,さつきが丘,48300,京成千葉線「検見川」駅,41.0,52.0,,,,千葉市花見川区さつきが丘1ほか,2-10-14号棟,鉄筋コンクリート造,4,N,401号室,3K,47,5,46200,2100,2か月,"['近居割', '近居割WIDE']",随時,https://www.ur-net.go.jp/chintai/kanto/chiba/30_2300_room.html?JKSS=210140401,<li>JR総武線「新検見川」駅バス11分 徒歩1～8分</li><li>JR総武線「稲毛」駅バス20分 徒歩2～8分</li><li>京成千葉線「検見川」駅 徒歩41～52分</li>
chiba,inageekimae,さつきが丘,48300,,,,,,,千葉市花見川区さつきが丘1ほか,2-10-14号棟,鉄筋コンクリート造,4,N,401号室,3K,47,5,46200,2100,2か月,"['近居割', '近居割WIDE']",随時,https://www.ur-net.go.jp/chintai/kanto/chiba/30_2300_room.html?JKSS=210140401,<li>JR総武線「新検見川」駅バス11分 徒歩1～8分</li><li>JR総武線「稲毛」駅バス20分 徒歩2～8分</li><li>京成千葉線「検見川」駅 徒歩41～52分</li>
chiba,hanamigawa,花見川（第１次～第４次）,51650,,,,京成本線「八千代台」駅,4.0,18.0,千葉市花見川区花見川1ほか,2-17号棟,鉄筋コンクリート造,3,N,306号室,3DK,53,5,48900,2750,2か月,"['近居割', '近居割WIDE']",随時,https://www.ur-net.go.jp/chintai/kanto/chiba/30_1681_room.html?JKSS=000217306,<li>京成本線「八千代台」駅バス3～10分 徒歩1～8分</li><li>京成本線「実籾」駅 徒歩30～45分</li><li>京成本線「京成大和田」駅 徒歩31～49分</li>
chiba,hanamigawa,花見川（第１次～第４次）,51650,京成本線「実籾」駅,30.0,45.0,,,,千葉市花見川区花見川1ほか,2-17号棟,鉄筋コンクリート造,3,N,306号室,3DK,53,5,48900,2750,2か月,"['近居割', '近居割WIDE']",随時,https://www.ur-net.go.jp/chintai/kanto/chiba/30_1681_room.html?JKSS=000217306,<li>京成本線「八千代台」駅バス3～10分 徒歩1～8分</li><li>京成本線「実籾」駅 徒歩30～45分</li><li>京成本線「京成大和田」駅 徒歩31～49分</li>
chiba,hanamigawa,花見川（第１次～第４次）,51650,京成本線「京成大和田」駅,31.0,49.0,,,,千葉市花見川区花見川1ほか,2-17号棟,鉄筋コンクリート造,3,N,306号室,3DK,53,5,48900,2750,2か月,"['近居割', '近居割WIDE']",随時,https://www.ur-net.go.jp/chintai/kanto/chiba/30_1681_room.html?JKSS=000217306,<li>京成本線「八千代台」駅バス3～10分 徒歩1～8分</li><li>京成本線「実籾」駅 徒歩30～45分</li><li>京成本線「京成大和田」駅 徒歩31～49分</li>
chiba,hanamigawa,花見川（第１次～第４次）,51650,,,,,,,千葉市花見川区花見川1ほか,2-17号棟,鉄筋コンクリート造,3,N,306号室,3DK,53,5,48900,2750,2か月,"['近居割', '近居割WIDE']",随時,https://www.ur-net.go.jp/chintai/kanto/chiba/30_1681_room.html?JKSS=000217306,<li>京成本線「八千代台」駅バス3～10分 徒歩1～8分</li><li>京成本線「実籾」駅 徒歩30～45分</li><li>京成本線「京成大和田」駅 徒歩31～49分</li>
chiba,inageekimae,リバーサイド本千葉（千葉出洲港）,56000,JR外房線「本千葉」駅,10.0,15.0,,,,千葉市中央区出洲港７,1号棟,鉄筋コンクリート造,1,N,116号室,2DK,46,7,51600,4400,2か月,"['近居割', '近居割WIDE']",随時,https://www.ur-net.go.jp/chintai/kanto/chiba/30_2190_room.html?JKSS=000001116,<li>JR外房線「本千葉」駅 徒歩10～15分</li><li>千葉都市モノレール「県庁前」駅 徒歩13～17分</li><li>京成千葉線「千葉中央」駅 徒歩17～19分</li>
chiba,inageekimae,リバーサイド本千葉（千葉出洲港）,56000,千葉都市モノレール「県庁前」駅,13.0,17.0,,,,千葉市中央区出洲港７,1号棟,鉄筋コンクリート造,1,N,116号室,2DK,46,7,51600,4400,2か月,"['近居割', '近居割WIDE']",随時,https://www.ur-net.go.jp/chintai/kanto/chiba/30_2190_room.html?JKSS=000001116,<li>JR外房線「本千葉」駅 徒歩10～15分</li><li>千葉都市モノレール「県庁前」駅 徒歩13～17分</li><li>京成千葉線「千葉中央」駅 徒歩17～19分</li>
chiba,inageekimae,リバーサイド本千葉（千葉出洲港）,56000,京成千葉線「千葉中央」駅,17.0,19.0,,,,千葉市中央区出洲港７,1号棟,鉄筋コンクリート造,1,N,116号室,2DK,46,7,51600,4400,2か月,"['近居割', '近居割WIDE']",随時,https://www.ur-net.go.jp/chintai/kanto/chiba/30_2190_room.html?JKSS=000001116,<li>JR外房線「本千葉」駅 徒歩10～15分</li><li>千葉都市モノレール「県庁前」駅 徒歩13～17分</li><li>京成千葉線「千葉中央」駅 徒歩17～19分</li>
chiba,inageekimae,リバーサイド本千葉（千葉出洲港）,56000,,,,,,,千葉市中央区出洲港７,1号棟,鉄筋コンクリート造,1,N,116号室,2DK,46,7,51600,4400,2か月,"['近居割', '近居割WIDE']",随時,https://www.ur-net.go.jp/chintai/kanto/chiba/30_2190_room.html?JKSS=000001116,<li>JR外房線「本千葉」駅 徒歩10～15分</li><li>千葉都市モノレール「県庁前」駅 徒歩13～17分</li><li>京成千葉線「千葉中央」駅 徒歩17～19分</li>
chiba,inageekimae,千葉幸町,52000,京成千葉線「みどり台」駅,11.0,20.0,,,,千葉市美浜区幸町2,11-17号棟,鉄筋コンクリート造,4,N,403号室,2DK,40,5,48900,3100,2か月,['近居割WIDE'],随時,https://www.ur-net.go.jp/chintai/kanto/chiba/30_1810_room.html?JKSS=011017403,<li>京成千葉線「みどり台」駅 徒歩11～20分</li><li>JR京葉線「稲毛海岸」駅 徒歩19～23分</li><li>JR総武線「稲毛」駅 徒歩22～26分</li><li>京成千葉線「京成稲毛」駅 徒歩21～28分</li><li>JR総武線「西千葉」駅 徒歩14～26分</li><li>京成千葉線「西登戸」駅 徒歩10～24分</li>
chiba,inageekimae,千葉幸町,52000,JR京葉線「稲毛海岸」駅,19.0,23.0,,,,千葉市美浜区幸町2,11-17号棟,鉄筋コンクリート造,4,N,403号室,2DK,40,5,48900,3100,2か月,['近居割WIDE'],随時,https://www.ur-net.go.jp/chintai/kanto/chiba/30_1810_room.html?JKSS=011017403,<li>京成千葉線「みどり台」駅 徒歩11～20分</li><li>JR京葉線「稲毛海岸」駅 徒歩19～23分</li><li>JR総武線「稲毛」駅 徒歩22～26分</li><li>京成千葉線「京成稲毛」駅 徒歩21～28分</li><li>JR総武線「西千葉」駅 徒歩14～26分</li><li>京成千葉線「西登戸」駅 徒歩10～24分</li>
chiba,inageekimae,千葉幸町,52000,JR総武線「稲毛」駅,22.0,26.0,,,,千葉市美浜区幸町2,11-17号棟,鉄筋コンクリート造,4,N,403号室,2DK,40,5,48900,3100,2か月,['近居割WIDE'],随時,https://www.ur-net.go.jp/chintai/kanto/chiba/30_1810_room.html?JKSS=011017403,<li>京成千葉線「みどり台」駅 徒歩11～20分</li><li>JR京葉線「稲毛海岸」駅 徒歩19～23分</li><li>JR総武線「稲毛」駅 徒歩22～26分</li><li>京成千葉線「京成稲毛」駅 徒歩21～28分</li><li>JR総武線「西千葉」駅 徒歩14～26分</li><li>京成千葉線「西登戸」駅 徒歩10～24分</li>
chiba,inageekimae,千葉幸町,52000,京成千葉線「京成稲毛」駅,21.0,28.0,,,,千葉市美浜区幸町2,11-17号棟,鉄筋コンクリート造,4,N,403号室,2DK,40,5,48900,3100,2か月,['近居割WIDE'],随時,https://www.ur-net.go.jp/chintai/kanto/chiba/30_1810_room.html?JKSS=011017403,<li>京成千葉線「みどり台」駅 徒歩11～20分</li><li>JR京葉線「稲毛海岸」駅 徒歩19～23分</li><li>JR総武線「稲毛」駅 徒歩22～26分</li><li>京成千葉線「京成稲毛」駅 徒歩21～28分</li><li>JR総武線「西千葉」駅 徒歩14～26分</li><li>京成千葉線「西登戸」駅 徒歩10～24分</li>
chiba,inageekimae,千葉幸町,52000,JR総武線「西千葉」駅,14.0,26.0,,,,千葉市美浜区幸町2,11-17号棟,鉄筋コンクリート造,4,N,403号室,2DK,40,5,48900,3100,2か月,['近居割WIDE'],随時,https://www.ur-net.go.jp/chintai/kanto/chiba/30_1810_room.html?JKSS=011017403,<li>京成千葉線「みどり台」駅 徒歩11～20分</li><li>JR京葉線「稲毛海岸」駅 徒歩19～23分</li><li>JR総武線「稲毛」駅 徒歩22～26分</li><li>京成千葉線「京成稲毛」駅 徒歩21～28分</li><li>JR総武線「西千葉」駅 徒歩14～26分</li><li>京成千葉線「西登戸」駅 徒歩10～24分</li>
chiba,inageekimae,千葉幸町,52000,京成千葉線「西登戸」駅,10.0,24.0,,,,千葉市美浜区幸町2,11-17号棟,鉄筋コンクリート造,4,N,403号室,2DK,40,5,48900,3100,2か月,['近居割WIDE'],随時,https://www.ur-net.go.jp/chintai/kanto/chiba/30_1810_room.html?JKSS=011017403,<li>京成千葉線「みどり台」駅 徒歩11～20分</li><li>JR京葉線「稲毛海岸」駅 徒歩19～23分</li><li>JR総武線「稲毛」駅 徒歩22～26分</li><li>京成千葉線「京成稲毛」駅 徒歩21～28分</li><li>JR総武線「西千葉」駅 徒歩14～26分</li><li>京成千葉線「西登戸」駅 徒歩10～24分</li>
chiba,inageekimae,千葉幸町,52000,,,,,,,千葉市美浜区幸町2,11-17号棟,鉄筋コンクリート造,4,N,403号室,2DK,40,5,48900,3100,2か月,['近居割WIDE'],随時,https://www.ur-net.go.jp/chintai/kanto/chiba/30_1810_room.html?JKSS=011017403,<li>京成千葉線「みどり台」駅 徒歩11～20分</li><li>JR京葉線「稲毛海岸」駅 徒歩19～23分</li><li>JR総武線「稲毛」駅 徒歩22～26分</li><li>京成千葉線「京成稲毛」駅 徒歩21～28分</li><li>JR総武線「西千葉」駅 徒歩14～26分</li><li>京成千葉線「西登戸」駅 徒歩10～24分</li>
chiba,inagekaigan,高洲第一,64600,JR京葉線「稲毛海岸」駅,6.0,20.0,,,,千葉市美浜区高洲2ほか,2-2-11号棟,鉄筋コンクリート造、鉄骨鉄筋コンクリート造,4,N,403号室,3K,50,5,61700,2900,2か月,"['近居割', '近居割WIDE']",随時,https://www.ur-net.go.jp/chintai/kanto/chiba/30_2390_room.html?JKSS=202110403,<li>JR京葉線「稲毛海岸」駅 徒歩6～20分</li><li>JR総武線「稲毛」駅バス5分 徒歩7分</li><li>京成千葉線「みどり台」駅 徒歩22～33分</li><li>京成千葉線「京成稲毛」駅 徒歩20～28分</li>
chiba,inagekaigan,高洲第一,64600,,,,JR総武線「稲毛」駅,12.0,12.0,千葉市美浜区高洲2ほか,2-2-11号棟,鉄筋コンクリート造、鉄骨鉄筋コンクリート造,4,N,403号室,3K,50,5,61700,2900,2か月,"['近居割', '近居割WIDE']",随時,https://www.ur-net.go.jp/chintai/kanto/chiba/30_2390_room.html?JKSS=202110403,<li>JR京葉線「稲毛海岸」駅 徒歩6～20分</li><li>JR総武線「稲毛」駅バス5分 徒歩7分</li><li>京成千葉線「みどり台」駅 徒歩22～33分</li><li>京成千葉線「京成稲毛」駅 徒歩20～28分</li>
chiba,inagekaigan,高洲第一,64600,京成千葉線「みどり台」駅,22.0,33.0,,,,千葉市美浜区高洲2ほか,2-2-11号棟,鉄筋コンクリート造、鉄骨鉄筋コンクリート造,4,N,403号室,3K,50,5,61700,2900,2か月,"['近居割', '近居割WIDE']",随時,https://www.ur-net.go.jp/chintai/kanto/chiba/30_2390_room.html?JKSS=202110403,<li>JR京葉線「稲毛海岸」駅 徒歩6～20分</li><li>JR総武線「稲毛」駅バス5分 徒歩7分</li><li>京成千葉線「みどり台」駅 徒歩22～33分</li><li>京成千葉線「京成稲毛」駅 徒歩20～28分</li>
chiba,inagekaigan,高洲第一,64600,京成千葉線「京成稲毛」駅,20.0,28.0,,,,千葉市美浜区高洲2ほか,2-2-11号棟,鉄筋コンクリート造、鉄骨鉄筋コンクリート造,4,N,403号室,3K,50,5,61700,2900,2か月,"['近居割', '近居割WIDE']",随時,https://www.ur-net.go.jp/chintai/kanto/chiba/30_2390_room.html?JKSS=202110403,<li>JR京葉線「稲毛海岸」駅 徒歩6～20分</li><li>JR総武線「稲毛」駅バス5分 徒歩7分</li><li>京成千葉線「みどり台」駅 徒歩22～33分</li><li>京成千葉線「京成稲毛」駅 徒歩20～28分</li>
chiba,inagekaigan,高洲第一,64600,,,,,,,千葉市美浜区高洲2ほか,2-2-11号棟,鉄筋コンクリート造、鉄骨鉄筋コンクリート造,4,N,403号室,3K,50,5,61700,2900,2か月,"['近居割', '近居割WIDE']",随時,https://www.ur-net.go.jp/chintai/kanto/chiba/30_2390_room.html?JKSS=202110403,<li>JR京葉線「稲毛海岸」駅 徒歩6～20分</li><li>JR総武線「稲毛」駅バス5分 徒歩7分</li><li>京成千葉線「みどり台」駅 徒歩22～33分</li><li>京成千葉線「京成稲毛」駅 徒歩20～28分</li>
chiba,inagekaigan,高洲第一,66500,JR京葉線「稲毛海岸」駅,6.0,20.0,,,,千葉市美浜区高洲2ほか,2-1-6号棟,鉄筋コンクリート造、鉄骨鉄筋コンクリート造,4,N,405号室,3K,50,5,63600,2900,2か月,"['近居割', '近居割WIDE']",随時,https://www.ur-net.go.jp/chintai/kanto/chiba/30_2390_room.html?JKSS=201060405,<li>JR京葉線「稲毛海岸」駅 徒歩6～20分</li><li>JR総武線「稲毛」駅バス5分 徒歩7分</li><li>京成千葉線「みどり台」駅 徒歩22～33分</li><li>京成千葉線「京成稲毛」駅 徒歩20～28分</li>
chiba,inagekaigan,高洲第一,66500,,,,JR総武線「稲毛」駅,12.0,12.0,千葉市美浜区高洲2ほか,2-1-6号棟,鉄筋コンクリート造、鉄骨鉄筋コンクリート造,4,N,405号室,3K,50,5,63600,2900,2か月,"['近居割', '近居割WIDE']",随時,https://www.ur-net.go.jp/chintai/kanto/chiba/30_2390_room.html?JKSS=201060405,<li>JR京葉線「稲毛海岸」駅 徒歩6～20分</li><li>JR総武線「稲毛」駅バス5分 徒歩7分</li><li>京成千葉線「みどり台」駅 徒歩22～33分</li><li>京成千葉線「京成稲毛」駅 徒歩20～28分</li>
chiba,inagekaigan,高洲第一,66500,京成千葉線「みどり台」駅,22.0,33.0,,,,千葉市美浜区高洲2ほか,2-1-6号棟,鉄筋コンクリート造、鉄骨鉄筋コンクリート造,4,N,405号室,3K,50,5,63600,2900,2か月,"['近居割', '近居割WIDE']",随時,https://www.ur-net.go.jp/chintai/kanto/chiba/30_2390_room.html?JKSS=201060405,<li>JR京葉線「稲毛海岸」駅 徒歩6～20分</li><li>JR総武線「稲毛」駅バス5分 徒歩7分</li><li>京成千葉線「みどり台」駅 徒歩22～33分</li><li>京成千葉線「京成稲毛」駅 徒歩20～28分</li>
chiba,inagekaigan,高洲第一,66500,京成千葉線「京成稲毛」駅,20.0,28.0,,,,千葉市美浜区高洲2ほか,2-1-6号棟,鉄筋コンクリート造、鉄骨鉄筋コンクリート造,4,N,405号室,3K,50,5,63600,2900,2か月,"['近居割', '近居割WIDE']",随時,https://www.ur-net.go.jp/chintai/kanto/chiba/30_2390_room.html?JKSS=201060405,<li>JR京葉線「稲毛海岸」駅 徒歩6～20分</li><li>JR総武線「稲毛」駅バス5分 徒歩7分</li><li>京成千葉線「みどり台」駅 徒歩22～33分</li><li>京成千葉線「京成稲毛」駅 徒歩20～28分</li>
chiba,inagekaigan,高洲第一,66500,,,,,,,千葉市美浜区高洲2ほか,2-1-6号棟,鉄筋コンクリート造、鉄骨鉄筋コンクリート造,4,N,405号室,3K,50,5,63600,2900,2か月,"['近居割', '近居割WIDE']",随時,https://www.ur-net.go.jp/chintai/kanto/chiba/30_2390_room.html?JKSS=201060405,<li>JR京葉線「稲毛海岸」駅 徒歩6～20分</li><li>JR総武線「稲毛」駅バス5分 徒歩7分</li><li>京成千葉線「みどり台」駅 徒歩22～33分</li><li>京成千葉線「京成稲毛」駅 徒歩20～28分</li>
chiba,inagekaigan,高洲第一,71200,JR京葉線「稲毛海岸」駅,6.0,20.0,,,,千葉市美浜区高洲2ほか,2-3-4号棟,鉄筋コンクリート造、鉄骨鉄筋コンクリート造,4,N,407号室,3DK,56,5,68300,2900,2か月,"['近居割', '近居割WIDE']",随時,https://www.ur-net.go.jp/chintai/kanto/chiba/30_2390_room.html?JKSS=203040407,<li>JR京葉線「稲毛海岸」駅 徒歩6～20分</li><li>JR総武線「稲毛」駅バス5分 徒歩7分</li><li>京成千葉線「みどり台」駅 徒歩22～33分</li><li>京成千葉線「京成稲毛」駅 徒歩20～28分</li>
chiba,inagekaigan,高洲第一,71200,,,,JR総武線「稲毛」駅,12.0,12.0,千葉市美浜区高洲2ほか,2-3-4号棟,鉄筋コンクリート造、鉄骨鉄筋コンクリート造,4,N,407号室,3DK,56,5,68300,2900,2か月,"['近居割', '近居割WIDE']",随時,https://www.ur-net.go.jp/chintai/kanto/chiba/30_2390_room.html?JKSS=203040407,<li>JR京葉線「稲毛海岸」駅 徒歩6～20分</li><li>JR総武線「稲毛」駅バス5分 徒歩7分</li><li>京成千葉線「みどり台」駅 徒歩22～33分</li><li>京成千葉線「京成稲毛」駅 徒歩20～28分</li>
chiba,inagekaigan,高洲第一,71200,京成千葉線「みどり台」駅,22.0,33.0,,,,千葉市美浜区高洲2ほか,2-3-4号棟,鉄筋コンクリート造、鉄骨鉄筋コンクリート造,4,N,407号室,3DK,56,5,68300,2900,2か月,"['近居割', '近居割WIDE']",随時,https://www.ur-net.go.jp/chintai/kanto/chiba/30_2390_room.html?JKSS=203040407,<li>JR京葉線「稲毛海岸」駅 徒歩6～20分</li><li>JR総武線「稲毛」駅バス5分 徒歩7分</li><li>京成千葉線「みどり台」駅 徒歩22～33分</li><li>京成千葉線「京成稲毛」駅 徒歩20～28分</li>
chiba,inagekaigan,高洲第一,71200,京成千葉線「京成稲毛」駅,20.0,28.0,,,,千葉市美浜区高洲2ほか,2-3-4号棟,鉄筋コンクリート造、鉄骨鉄筋コンクリート造,4,N,407号室,3DK,56,5,68300,2900,2か月,"['近居割', '近居割WIDE']",随時,https://www.ur-net.go.jp/chintai/kanto/chiba/30_2390_room.html?JKSS=203040407,<li>JR京葉線「稲毛海岸」駅 徒歩6～20分</li><li>JR総武線「稲毛」駅バス5分 徒歩7分</li><li>京成千葉線「みどり台」駅 徒歩22～33分</li><li>京成千葉線「京成稲毛」駅 徒歩20～28分</li>
chiba,inagekaigan,高洲第一,71200,,,,,,,千葉市美浜区高洲2ほか,2-3-4号棟,鉄筋コンクリート造、鉄骨鉄筋コンクリート造,4,N,407号室,3DK,56,5,68300,2900,2か月,"['近居割', '近居割WIDE']",随時,https://www.ur-net.go.jp/chintai/kanto/chiba/30_2390_room.html?JKSS=203040407,<li>JR京葉線「稲毛海岸」駅 徒歩6～20分</li><li>JR総武線「稲毛」駅バス5分 徒歩7分</li><li>京成千葉線「みどり台」駅 徒歩22～33分</li><li>京成千葉線「京成稲毛」駅 徒歩20～28分</li>
chiba,inagekaigan,高洲第一,79800,JR京葉線「稲毛海岸」駅,6.0,20.0,,,,千葉市美浜区高洲2ほか,3-2-6号棟,鉄筋コンクリート造、鉄骨鉄筋コンクリート造,5,N,503号室,2LDK,56,5,76900,2900,2か月,"['近居割', '近居割WIDE']",随時,https://www.ur-net.go.jp/chintai/kanto/chiba/30_2390_room.html?JKSS=302060503,<li>JR京葉線「稲毛海岸」駅 徒歩6～20分</li><li>JR総武線「稲毛」駅バス5分 徒歩7分</li><li>京成千葉線「みどり台」駅 徒歩22～33分</li><li>京成千葉線「京成稲毛」駅 徒歩20～28分</li>
chiba,inagekaigan,高洲第一,79800,,,,JR総武線「稲毛」駅,12.0,12.0,千葉市美浜区高洲2ほか,3-2-6号棟,鉄筋コンクリート造、鉄骨鉄筋コンクリート造,5,N,503号室,2LDK,56,5,76900,2900,2か月,"['近居割', '近居割WIDE']",随時,https://www.ur-net.go.jp/chintai/kanto/chiba/30_2390_room.html?JKSS=302060503,<li>JR京葉線「稲毛海岸」駅 徒歩6～20分</li><li>JR総武線「稲毛」駅バス5分 徒歩7分</li><li>京成千葉線「みどり台」駅 徒歩22～33分</li><li>京成千葉線「京成稲毛」駅 徒歩20～28分</li>
chiba,inagekaigan,高洲第一,79800,京成千葉線「みどり台」駅,22.0,33.0,,,,千葉市美浜区高洲2ほか,3-2-6号棟,鉄筋コンクリート造、鉄骨鉄筋コンクリート造,5,N,503号室,2LDK,56,5,76900,2900,2か月,"['近居割', '近居割WIDE']",随時,https://www.ur-net.go.jp/chintai/kanto/chiba/30_2390_room.html?JKSS=302060503,<li>JR京葉線「稲毛海岸」駅 徒歩6～20分</li><li>JR総武線「稲毛」駅バス5分 徒歩7分</li><li>京成千葉線「みどり台」駅 徒歩22～33分</li><li>京成千葉線「京成稲毛」駅 徒歩20～28分</li>
chiba,inagekaigan,高洲第一,79800,京成千葉線「京成稲毛」駅,20.0,28.0,,,,千葉市美浜区高洲2ほか,3-2-6号棟,鉄筋コンクリート造、鉄骨鉄筋コンクリート造,5,N,503号室,2LDK,56,5,76900,2900,2か月,"['近居割', '近居割WIDE']",随時,https://www.ur-net.go.jp/chintai/kanto/chiba/30_2390_room.html?JKSS=302060503,<li>JR京葉線「稲毛海岸」駅 徒歩6～20分</li><li>JR総武線「稲毛」駅バス5分 徒歩7分</li><li>京成千葉線「みどり台」駅 徒歩22～33分</li><li>京成千葉線「京成稲毛」駅 徒歩20～28分</li>
chiba,inagekaigan,高洲第一,79800,,,,,,,千葉市美浜区高洲2ほか,3-2-6号棟,鉄筋コンクリート造、鉄骨鉄筋コンクリート造,5,N,503号室,2LDK,56,5,76900,2900,2か月,"['近居割', '近居割WIDE']",随時,https://www.ur-net.go.jp/chintai/kanto/chiba/30_2390_room.html?JKSS=302060503,<li>JR京葉線「稲毛海岸」駅 徒歩6～20分</li><li>JR総武線「稲毛」駅バス5分 徒歩7分</li><li>京成千葉線「みどり台」駅 徒歩22～33分</li><li>京成千葉線「京成稲毛」駅 徒歩20～28分</li>
chiba,inagekaigan,真砂第一,71350,JR京葉線「検見川浜」駅,5.0,12.0,,,,千葉市美浜区真砂4ほか,5-16-9号棟,鉄筋コンクリート造、鉄骨鉄筋コンクリート造,2,N,201号室,1LDK,43,8,68500,2850,2か月,"['近居割', '近居割WIDE']",随時,https://www.ur-net.go.jp/chintai/kanto/chiba/30_2580_room.html?JKSS=516090201,<li>JR京葉線「検見川浜」駅 徒歩5～12分</li><li>JR総武線「新検見川」駅バス6分 徒歩2～7分</li><li>京成千葉線「検見川」駅 徒歩20～28分</li>
chiba,inagekaigan,真砂第一,71350,,,,JR総武線「新検見川」駅,8.0,13.0,千葉市美浜区真砂4ほか,5-16-9号棟,鉄筋コンクリート造、鉄骨鉄筋コンクリート造,2,N,201号室,1LDK,43,8,68500,2850,2か月,"['近居割', '近居割WIDE']",随時,https://www.ur-net.go.jp/chintai/kanto/chiba/30_2580_room.html?JKSS=516090201,<li>JR京葉線「検見川浜」駅 徒歩5～12分</li><li>JR総武線「新検見川」駅バス6分 徒歩2～7分</li><li>京成千葉線「検見川」駅 徒歩20～28分</li>
chiba,inagekaigan,真砂第一,71350,京成千葉線「検見川」駅,20.0,28.0,,,,千葉市美浜区真砂4ほか,5-16-9号棟,鉄筋コンクリート造、鉄骨鉄筋コンクリート造,2,N,201号室,1LDK,43,8,68500,2850,2か月,"['近居割', '近居割WIDE']",随時,https://www.ur-net.go.jp/chintai/kanto/chiba/30_2580_room.html?JKSS=516090201,<li>JR京葉線「検見川浜」駅 徒歩5～12分</li><li>JR総武線「新検見川」駅バス6分 徒歩2～7分</li><li>京成千葉線「検見川」駅 徒歩20～28分</li>
chiba,inagekaigan,真砂第一,71350,,,,,,,千葉市美浜区真砂4ほか,5-16-9号棟,鉄筋コンクリート造、鉄骨鉄筋コンクリート造,2,N,201号室,1LDK,43,8,68500,2850,2か月,"['近居割', '近居割WIDE']",随時,https://www.ur-net.go.jp/chintai/kanto/chiba/30_2580_room.html?JKSS=516090201,<li>JR京葉線「検見川浜」駅 徒歩5～12分</li><li>JR総武線「新検見川」駅バス6分 徒歩2～7分</li><li>京成千葉線「検見川」駅 徒歩20～28分</li>
chiba,inagekaigan,高洲第二,76020,JR京葉線「稲毛海岸」駅,3.0,7.0,,,,千葉市美浜区高洲4ほか,3-2号棟,鉄筋コンクリート造、鉄骨鉄筋コンクリート造,5,N,508号室,2DK,45,11,73800,2220,2か月,"['近居割', '近居割WIDE']",随時,https://www.ur-net.go.jp/chintai/kanto/chiba/30_2650_room.html?JKSS=003020508,<li>JR京葉線「稲毛海岸」駅 徒歩3～7分</li><li>JR総武線「稲毛」駅バス20分 徒歩5～11分</li><li>京成千葉線「京成稲毛」駅 徒歩14～19分</li><li>JR京葉線「検見川浜」駅 徒歩18～21分</li>
chiba,inagekaigan,高洲第二,76020,,,,JR総武線「稲毛」駅,25.0,31.0,千葉市美浜区高洲4ほか,3-2号棟,鉄筋コンクリート造、鉄骨鉄筋コンクリート造,5,N,508号室,2DK,45,11,73800,2220,2か月,"['近居割', '近居割WIDE']",随時,https://www.ur-net.go.jp/chintai/kanto/chiba/30_2650_room.html?JKSS=003020508,<li>JR京葉線「稲毛海岸」駅 徒歩3～7分</li><li>JR総武線「稲毛」駅バス20分 徒歩5～11分</li><li>京成千葉線「京成稲毛」駅 徒歩14～19分</li><li>JR京葉線「検見川浜」駅 徒歩18～21分</li>
chiba,inagekaigan,高洲第二,76020,京成千葉線「京成稲毛」駅,14.0,19.0,,,,千葉市美浜区高洲4ほか,3-2号棟,鉄筋コンクリート造、鉄骨鉄筋コンクリート造,5,N,508号室,2DK,45,11,73800,2220,2か月,"['近居割', '近居割WIDE']",随時,https://www.ur-net.go.jp/chintai/kanto/chiba/30_2650_room.html?JKSS=003020508,<li>JR京葉線「稲毛海岸」駅 徒歩3～7分</li><li>JR総武線「稲毛」駅バス20分 徒歩5～11分</li><li>京成千葉線「京成稲毛」駅 徒歩14～19分</li><li>JR京葉線「検見川浜」駅 徒歩18～21分</li>
chiba,inagekaigan,高洲第二,76020,JR京葉線「検見川浜」駅,18.0,21.0,,,,千葉市美浜区高洲4ほか,3-2号棟,鉄筋コンクリート造、鉄骨鉄筋コンクリート造,5,N,508号室,2DK,45,11,73800,2220,2か月,"['近居割', '近居割WIDE']",随時,https://www.ur-net.go.jp/chintai/kanto/chiba/30_2650_room.html?JKSS=003020508,<li>JR京葉線「稲毛海岸」駅 徒歩3～7分</li><li>JR総武線「稲毛」駅バス20分 徒歩5～11分</li><li>京成千葉線「京成稲毛」駅 徒歩14～19分</li><li>JR京葉線「検見川浜」駅 徒歩18～21分</li>
chiba,inagekaigan,高洲第二,76020,,,,,,,千葉市美浜区高洲4ほか,3-2号棟,鉄筋コンクリート造、鉄骨鉄筋コンクリート造,5,N,508号室,2DK,45,11,73800,2220,2か月,"['近居割', '近居割WIDE']",随時,https://www.ur-net.go.jp/chintai/kanto/chiba/30_2650_room.html?JKSS=003020508,<li>JR京葉線「稲毛海岸」駅 徒歩3～7分</li><li>JR総武線「稲毛」駅バス20分 徒歩5～11分</li><li>京成千葉線「京成稲毛」駅 徒歩14～19分</li><li>JR京葉線「検見川浜」駅 徒歩18～21分</li>
chiba,inagekaigan,高洲第二,85620,JR京葉線「稲毛海岸」駅,3.0,7.0,,,,千葉市美浜区高洲4ほか,5-2号棟,鉄筋コンクリート造、鉄骨鉄筋コンクリート造,2,N,208号室,3DK,52,5,83400,2220,2か月,"['近居割', '近居割WIDE']",随時,https://www.ur-net.go.jp/chintai/kanto/chiba/30_2650_room.html?JKSS=005020208,<li>JR京葉線「稲毛海岸」駅 徒歩3～7分</li><li>JR総武線「稲毛」駅バス20分 徒歩5～11分</li><li>京成千葉線「京成稲毛」駅 徒歩14～19分</li><li>JR京葉線「検見川浜」駅 徒歩18～21分</li>
chiba,inagekaigan,高洲第二,85620,,,,JR総武線「稲毛」駅,25.0,31.0,千葉市美浜区高洲4ほか,5-2号棟,鉄筋コンクリート造、鉄骨鉄筋コンクリート造,2,N,208号室,3DK,52,5,83400,2220,2か月,"['近居割', '近居割WIDE']",随時,https://www.ur-net.go.jp/chintai/kanto/chiba/30_2650_room.html?JKSS=005020208,<li>JR京葉線「稲毛海岸」駅 徒歩3～7分</li><li>JR総武線「稲毛」駅バス20分 徒歩5～11分</li><li>京成千葉線「京成稲毛」駅 徒歩14～19分</li><li>JR京葉線「検見川浜」駅 徒歩18～21分</li>
chiba,inagekaigan,高洲第二,85620,京成千葉線「京成稲毛」駅,14.0,19.0,,,,千葉市美浜区高洲4ほか,5-2号棟,鉄筋コンクリート造、鉄骨鉄筋コンクリート造,2,N,208号室,3DK,52,5,83400,2220,2か月,"['近居割', '近居割WIDE']",随時,https://www.ur-net.go.jp/chintai/kanto/chiba/30_2650_room.html?JKSS=005020208,<li>JR京葉線「稲毛海岸」駅 徒歩3～7分</li><li>JR総武線「稲毛」駅バス20分 徒歩5～11分</li><li>京成千葉線「京成稲毛」駅 徒歩14～19分</li><li>JR京葉線「検見川浜」駅 徒歩18～21分</li>
chiba,inagekaigan,高洲第二,85620,JR京葉線「検見川浜」駅,18.0,21.0,,,,千葉市美浜区高洲4ほか,5-2号棟,鉄筋コンクリート造、鉄骨鉄筋コンクリート造,2,N,208号室,3DK,52,5,83400,2220,2か月,"['近居割', '近居割WIDE']",随時,https://www.ur-net.go.jp/chintai/kanto/chiba/30_2650_room.html?JKSS=005020208,<li>JR京葉線「稲毛海岸」駅 徒歩3～7分</li><li>JR総武線「稲毛」駅バス20分 徒歩5～11分</li><li>京成千葉線「京成稲毛」駅 徒歩14～19分</li><li>JR京葉線「検見川浜」駅 徒歩18～21分</li>
chiba,inagekaigan,高洲第二,85620,,,,,,,千葉市美浜区高洲4ほか,5-2号棟,鉄筋コンクリート造、鉄骨鉄筋コンクリート造,2,N,208号室,3DK,52,5,83400,2220,2か月,"['近居割', '近居割WIDE']",随時,https://www.ur-net.go.jp/chintai/kanto/chiba/30_2650_room.html?JKSS=005020208,<li>JR京葉線「稲毛海岸」駅 徒歩3～7分</li><li>JR総武線「稲毛」駅バス20分 徒歩5～11分</li><li>京成千葉線「京成稲毛」駅 徒歩14～19分</li><li>JR京葉線「検見川浜」駅 徒歩18～21分</li>
chiba,inagekaigan,高洲第二,86320,JR京葉線「稲毛海岸」駅,3.0,7.0,,,,千葉市美浜区高洲4ほか,5-2号棟,鉄筋コンクリート造、鉄骨鉄筋コンクリート造,4,N,410号室,3DK,52,5,84100,2220,2か月,"['近居割', '近居割WIDE']",随時,https://www.ur-net.go.jp/chintai/kanto/chiba/30_2650_room.html?JKSS=005020410,<li>JR京葉線「稲毛海岸」駅 徒歩3～7分</li><li>JR総武線「稲毛」駅バス20分 徒歩5～11分</li><li>京成千葉線「京成稲毛」駅 徒歩14～19分</li><li>JR京葉線「検見川浜」駅 徒歩18～21分</li>
chiba,inagekaigan,高洲第二,86320,,,,JR総武線「稲毛」駅,25.0,31.0,千葉市美浜区高洲4ほか,5-2号棟,鉄筋コンクリート造、鉄骨鉄筋コンクリート造,4,N,410号室,3DK,52,5,84100,2220,2か月,"['近居割', '近居割WIDE']",随時,https://www.ur-net.go.jp/chintai/kanto/chiba/30_2650_room.html?JKSS=005020410,<li>JR京葉線「稲毛海岸」駅 徒歩3～7分</li><li>JR総武線「稲毛」駅バス20分 徒歩5～11分</li><li>京成千葉線「京成稲毛」駅 徒歩14～19分</li><li>JR京葉線「検見川浜」駅 徒歩18～21分</li>
chiba,inagekaigan,高洲第二,86320,京成千葉線「京成稲毛」駅,14.0,19.0,,,,千葉市美浜区高洲4ほか,5-2号棟,鉄筋コンクリート造、鉄骨鉄筋コンクリート造,4,N,410号室,3DK,52,5,84100,2220,2か月,"['近居割', '近居割WIDE']",随時,https://www.ur-net.go.jp/chintai/kanto/chiba/30_2650_room.html?JKSS=005020410,<li>JR京葉線「稲毛海岸」駅 徒歩3～7分</li><li>JR総武線「稲毛」駅バス20分 徒歩5～11分</li><li>京成千葉線「京成稲毛」駅 徒歩14～19分</li><li>JR京葉線「検見川浜」駅 徒歩18～21分</li>
chiba,inagekaigan,高洲第二,86320,JR京葉線「検見川浜」駅,18.0,21.0,,,,千葉市美浜区高洲4ほか,5-2号棟,鉄筋コンクリート造、鉄骨鉄筋コンクリート造,4,N,410号室,3DK,52,5,84100,2220,2か月,"['近居割', '近居割WIDE']",随時,https://www.ur-net.go.jp/chintai/kanto/chiba/30_2650_room.html?JKSS=005020410,<li>JR京葉線「稲毛海岸」駅 徒歩3～7分</li><li>JR総武線「稲毛」駅バス20分 徒歩5～11分</li><li>京成千葉線「京成稲毛」駅 徒歩14～19分</li><li>JR京葉線「検見川浜」駅 徒歩18～21分</li>
chiba,inagekaigan,高洲第二,86320,,,,,,,千葉市美浜区高洲4ほか,5-2号棟,鉄筋コンクリート造、鉄骨鉄筋コンクリート造,4,N,410号室,3DK,52,5,84100,2220,2か月,"['近居割', '近居割WIDE']",随時,https://www.ur-net.go.jp/chintai/kanto/chiba/30_2650_room.html?JKSS=005020410,<li>JR京葉線「稲毛海岸」駅 徒歩3～7分</li><li>JR総武線「稲毛」駅バス20分 徒歩5～11分</li><li>京成千葉線「京成稲毛」駅 徒歩14～19分</li><li>JR京葉線「検見川浜」駅 徒歩18～21分</li>
chiba,inagekaigan,ウインズタウン稲毛海岸,109000,JR京葉線「稲毛海岸」駅,15.0,19.0,,,,千葉市美浜区高浜1-14ほか,5号棟,鉄筋コンクリート造,8,N,802号室,1LDK,56,9,103800,5200,2か月,"['近居割', '近居割WIDE']",随時,https://www.ur-net.go.jp/chintai/kanto/chiba/30_5890_room.html?JKSS=000050802,<li>JR京葉線「稲毛海岸」駅 徒歩15～19分</li><li>JR総武線「稲毛」駅バス7分 徒歩1～7分</li><li>京成千葉線「京成稲毛」駅 徒歩31～33分</li>
chiba,inagekaigan,ウインズタウン稲毛海岸,109000,,,,JR総武線「稲毛」駅,8.0,14.0,千葉市美浜区高浜1-14ほか,5号棟,鉄筋コンクリート造,8,N,802号室,1LDK,56,9,103800,5200,2か月,"['近居割', '近居割WIDE']",随時,https://www.ur-net.go.jp/chintai/kanto/chiba/30_5890_room.html?JKSS=000050802,<li>JR京葉線「稲毛海岸」駅 徒歩15～19分</li><li>JR総武線「稲毛」駅バス7分 徒歩1～7分</li><li>京成千葉線「京成稲毛」駅 徒歩31～33分</li>
chiba,inagekaigan,ウインズタウン稲毛海岸,109000,京成千葉線「京成稲毛」駅,31.0,33.0,,,,千葉市美浜区高浜1-14ほか,5号棟,鉄筋コンクリート造,8,N,802号室,1LDK,56,9,103800,5200,2か月,"['近居割', '近居割WIDE']",随時,https://www.ur-net.go.jp/chintai/kanto/chiba/30_5890_room.html?JKSS=000050802,<li>JR京葉線「稲毛海岸」駅 徒歩15～19分</li><li>JR総武線「稲毛」駅バス7分 徒歩1～7分</li><li>京成千葉線「京成稲毛」駅 徒歩31～33分</li>
chiba,inagekaigan,ウインズタウン稲毛海岸,109000,,,,,,,千葉市美浜区高浜1-14ほか,5号棟,鉄筋コンクリート造,8,N,802号室,1LDK,56,9,103800,5200,2か月,"['近居割', '近居割WIDE']",随時,https://www.ur-net.go.jp/chintai/kanto/chiba/30_5890_room.html?JKSS=000050802,<li>JR京葉線「稲毛海岸」駅 徒歩15～19分</li><li>JR総武線「稲毛」駅バス7分 徒歩1～7分</li><li>京成千葉線「京成稲毛」駅 徒歩31～33分</li>
chiba,makuhari,幕張ベイタウンパティオス２０番街,167800,JR京葉線「海浜幕張」駅,16.0,16.0,JR京葉線「海浜幕張」駅,6.0,6.0,千葉市美浜区打瀬3-4 パティオス20番街,,鉄筋コンクリート造,5,N,528号室,2LDK,68,7,162200,5600,2か月,"['近居割', '近居割WIDE']",随時,https://www.ur-net.go.jp/chintai/kanto/chiba/30_5900_room.html?JKSS=000000528,<li>JR京葉線「海浜幕張」駅 徒歩16分 又はバス5分 徒歩1分</li>
chiba,makuhari,幕張ベイタウンパティオス２０番街,167800,,,,,,,千葉市美浜区打瀬3-4 パティオス20番街,,鉄筋コンクリート造,5,N,528号室,2LDK,68,7,162200,5600,2か月,"['近居割', '近居割WIDE']",随時,https://www.ur-net.go.jp/chintai/kanto/chiba/30_5900_room.html?JKSS=000000528,<li>JR京葉線「海浜幕張」駅 徒歩16分 又はバス5分 徒歩1分</li>
chiba,makuhari,幕張ベイタウンミラリオ,181000,JR京葉線「海浜幕張」駅,18.0,21.0,,,,千葉市美浜区打瀬2-22 ミラリオ,5号棟,鉄筋コンクリート造,10,N,1001号室,3LDK,76,14,173500,7500,2か月,"['近居割', '近居割WIDE']",随時,https://www.ur-net.go.jp/chintai/kanto/chiba/30_5600_room.html?JKSS=000051001,<li>JR京葉線「海浜幕張」駅 徒歩18～21分</li><li>JR京葉線「検見川浜」駅 徒歩22～24分</li><li>京成千葉線「検見川」駅 徒歩35～38分</li>
chiba,makuhari,幕張ベイタウンミラリオ,181000,JR京葉線「検見川浜」駅,22.0,24.0,,,,千葉市美浜区打瀬2-22 ミラリオ,5号棟,鉄筋コンクリート造,10,N,1001号室,3LDK,76,14,173500,7500,2か月,"['近居割', '近居割WIDE']",随時,https://www.ur-net.go.jp/chintai/kanto/chiba/30_5600_room.html?JKSS=000051001,<li>JR京葉線「海浜幕張」駅 徒歩18～21分</li><li>JR京葉線「検見川浜」駅 徒歩22～24分</li><li>京成千葉線「検見川」駅 徒歩35～38分</li>
chiba,makuhari,幕張ベイタウンミラリオ,181000,京成千葉線「検見川」駅,35.0,38.0,,,,千葉市美浜区打瀬2-22 ミラリオ,5号棟,鉄筋コンクリート造,10,N,1001号室,3LDK,76,14,173500,7500,2か月,"['近居割', '近居割WIDE']",随時,https://www.ur-net.go.jp/chintai/kanto/chiba/30_5600_room.html?JKSS=000051001,<li>JR京葉線「海浜幕張」駅 徒歩18～21分</li><li>JR京葉線「検見川浜」駅 徒歩22～24分</li><li>京成千葉線「検見川」駅 徒歩35～38分</li>
chiba,makuhari,幕張ベイタウンミラリオ,181000,,,,,,,千葉市美浜区打瀬2-22 ミラリオ,5号棟,鉄筋コンクリート造,10,N,1001号室,3LDK,76,14,173500,7500,2か月,"['近居割', '近居割WIDE']",随時,https://www.ur-net.go.jp/chintai/kanto/chiba/30_5600_room.html?JKSS=000051001,<li>JR京葉線「海浜幕張」駅 徒歩18～21分</li><li>JR京葉線「検見川浜」駅 徒歩22～24分</li><li>京成千葉線「検見川」駅 徒歩35～38分</li>
chiba,makuhari,幕張ベイタウンミラマール,229600,JR京葉線「海浜幕張」駅,18.0,20.0,,,,千葉市美浜区打瀬3-6 ミラマール,3号棟,鉄筋コンクリート造,8,N,804号室,3LDK,103,14,221200,8400,2か月,"['近居割', '近居割WIDE']",随時,https://www.ur-net.go.jp/chintai/kanto/chiba/30_5920_room.html?JKSS=000030804,<li>JR京葉線「海浜幕張」駅 徒歩18～20分</li><li>京成千葉線「検見川」駅 徒歩41～44分</li><li>JR総武線「幕張」駅 徒歩39～42分</li>
chiba,makuhari,幕張ベイタウンミラマール,229600,京成千葉線「検見川」駅,41.0,44.0,,,,千葉市美浜区打瀬3-6 ミラマール,3号棟,鉄筋コンクリート造,8,N,804号室,3LDK,103,14,221200,8400,2か月,"['近居割', '近居割WIDE']",随時,https://www.ur-net.go.jp/chintai/kanto/chiba/30_5920_room.html?JKSS=000030804,<li>JR京葉線「海浜幕張」駅 徒歩18～20分</li><li>京成千葉線「検見川」駅 徒歩41～44分</li><li>JR総武線「幕張」駅 徒歩39～42分</li>
chiba,makuhari,幕張ベイタウンミラマール,229600,JR総武線「幕張」駅,39.0,42.0,,,,千葉市美浜区打瀬3-6 ミラマール,3号棟,鉄筋コンクリート造,8,N,804号室,3LDK,103,14,221200,8400,2か月,"['近居割', '近居割WIDE']",随時,https://www.ur-net.go.jp/chintai/kanto/chiba/30_5920_room.html?JKSS=000030804,<li>JR京葉線「海浜幕張」駅 徒歩18～20分</li><li>京成千葉線「検見川」駅 徒歩41～44分</li><li>JR総武線「幕張」駅 徒歩39～42分</li>
chiba,makuhari,幕張ベイタウンミラマール,229600,,,,,,,千葉市美浜区打瀬3-6 ミラマール,3号棟,鉄筋コンクリート造,8,N,804号室,3LDK,103,14,221200,8400,2か月,"['近居割', '近居割WIDE']",随時,https://www.ur-net.go.jp/chintai/kanto/chiba/30_5920_room.html?JKSS=000030804,<li>JR京葉線「海浜幕張」駅 徒歩18～20分</li><li>京成千葉線「検見川」駅 徒歩41～44分</li><li>JR総武線「幕張」駅 徒歩39～42分</li>
chiba,kitanarashino,習志野台,64650,京成松戸線「北習志野」駅,9.0,18.0,,,,船橋市習志野台3-5ほか,5-25号棟,鉄筋コンクリート造,3,N,301号室,3DK,50,5,62200,2450,2か月,"['近居割', '近居割WIDE']",随時,https://www.ur-net.go.jp/chintai/kanto/chiba/30_1510_room.html?JKSS=000525301,<li>京成松戸線「北習志野」駅 徒歩9～18分</li><li>東葉高速線「北習志野」駅 徒歩9～15分</li><li>東葉高速線「船橋日大前」駅 徒歩14～24分</li><li>京成松戸線「習志野」駅 徒歩15～26分</li>
chiba,kitanarashino,習志野台,64650,東葉高速線「北習志野」駅,9.0,15.0,,,,船橋市習志野台3-5ほか,5-25号棟,鉄筋コンクリート造,3,N,301号室,3DK,50,5,62200,2450,2か月,"['近居割', '近居割WIDE']",随時,https://www.ur-net.go.jp/chintai/kanto/chiba/30_1510_room.html?JKSS=000525301,<li>京成松戸線「北習志野」駅 徒歩9～18分</li><li>東葉高速線「北習志野」駅 徒歩9～15分</li><li>東葉高速線「船橋日大前」駅 徒歩14～24分</li><li>京成松戸線「習志野」駅 徒歩15～26分</li>
chiba,kitanarashino,習志野台,64650,東葉高速線「船橋日大前」駅,14.0,24.0,,,,船橋市習志野台3-5ほか,5-25号棟,鉄筋コンクリート造,3,N,301号室,3DK,50,5,62200,2450,2か月,"['近居割', '近居割WIDE']",随時,https://www.ur-net.go.jp/chintai/kanto/chiba/30_1510_room.html?JKSS=000525301,<li>京成松戸線「北習志野」駅 徒歩9～18分</li><li>東葉高速線「北習志野」駅 徒歩9～15分</li><li>東葉高速線「船橋日大前」駅 徒歩14～24分</li><li>京成松戸線「習志野」駅 徒歩15～26分</li>
chiba,kitanarashino,習志野台,64650,京成松戸線「習志野」駅,15.0,26.0,,,,船橋市習志野台3-5ほか,5-25号棟,鉄筋コンクリート造,3,N,301号室,3DK,50,5,62200,2450,2か月,"['近居割', '近居割WIDE']",随時,https://www.ur-net.go.jp/chintai/kanto/chiba/30_1510_room.html?JKSS=000525301,<li>京成松戸線「北習志野」駅 徒歩9～18分</li><li>東葉高速線「北習志野」駅 徒歩9～15分</li><li>東葉高速線「船橋日大前」駅 徒歩14～24分</li><li>京成松戸線「習志野」駅 徒歩15～26分</li>
chiba,kitanarashino,習志野台,64650,,,,,,,船橋市習志野台3-5ほか,5-25号棟,鉄筋コンクリート造,3,N,301号室,3DK,50,5,62200,2450,2か月,"['近居割', '近居割WIDE']",随時,https://www.ur-net.go.jp/chintai/kanto/chiba/30_1510_room.html?JKSS=000525301,<li>京成松戸線「北習志野」駅 徒歩9～18分</li><li>東葉高速線「北習志野」駅 徒歩9～15分</li><li>東葉高速線「船橋日大前」駅 徒歩14～24分</li><li>京成松戸線「習志野」駅 徒歩15～26分</li>
chiba,kitanarashino,芝山,74900,東葉高速線「飯山満」駅,6.0,14.0,,,,船橋市芝山1-40ほか,2-5-5号棟,鉄筋コンクリート造、鉄骨鉄筋コンクリート造,8,N,801号室,3DK,57,8,72500,2400,2か月,"['近居割', '近居割WIDE']",随時,https://www.ur-net.go.jp/chintai/kanto/chiba/30_2830_room.html?JKSS=205050801,<li>東葉高速線「飯山満」駅 徒歩6～14分</li><li>JR総武線「船橋」駅バス16分 徒歩3～8分</li><li>京成松戸線「北習志野」駅 徒歩35～40分</li>
chiba,kitanarashino,芝山,74900,,,,JR総武線「船橋」駅,19.0,24.0,船橋市芝山1-40ほか,2-5-5号棟,鉄筋コンクリート造、鉄骨鉄筋コンクリート造,8,N,801号室,3DK,57,8,72500,2400,2か月,"['近居割', '近居割WIDE']",随時,https://www.ur-net.go.jp/chintai/kanto/chiba/30_2830_room.html?JKSS=205050801,<li>東葉高速線「飯山満」駅 徒歩6～14分</li><li>JR総武線「船橋」駅バス16分 徒歩3～8分</li><li>京成松戸線「北習志野」駅 徒歩35～40分</li>
chiba,kitanarashino,芝山,74900,京成松戸線「北習志野」駅,35.0,40.0,,,,船橋市芝山1-40ほか,2-5-5号棟,鉄筋コンクリート造、鉄骨鉄筋コンクリート造,8,N,801号室,3DK,57,8,72500,2400,2か月,"['近居割', '近居割WIDE']",随時,https://www.ur-net.go.jp/chintai/kanto/chiba/30_2830_room.html?JKSS=205050801,<li>東葉高速線「飯山満」駅 徒歩6～14分</li><li>JR総武線「船橋」駅バス16分 徒歩3～8分</li><li>京成松戸線「北習志野」駅 徒歩35～40分</li>
chiba,kitanarashino,芝山,74900,,,,,,,船橋市芝山1-40ほか,2-5-5号棟,鉄筋コンクリート造、鉄骨鉄筋コンクリート造,8,N,801号室,3DK,57,8,72500,2400,2か月,"['近居割', '近居割WIDE']",随時,https://www.ur-net.go.jp/chintai/kanto/chiba/30_2830_room.html?JKSS=205050801,<li>東葉高速線「飯山満」駅 徒歩6～14分</li><li>JR総武線「船橋」駅バス16分 徒歩3～8分</li><li>京成松戸線「北習志野」駅 徒歩35～40分</li>
chiba,kitanarashino,芝山,75800,東葉高速線「飯山満」駅,6.0,14.0,,,,船橋市芝山1-40ほか,2-5-14号棟,鉄筋コンクリート造、鉄骨鉄筋コンクリート造,3,N,301号室,1LDK,58,11,73400,2400,2か月,"['近居割', '近居割WIDE']",随時,https://www.ur-net.go.jp/chintai/kanto/chiba/30_2830_room.html?JKSS=205140301,<li>東葉高速線「飯山満」駅 徒歩6～14分</li><li>JR総武線「船橋」駅バス16分 徒歩3～8分</li><li>京成松戸線「北習志野」駅 徒歩35～40分</li>
chiba,kitanarashino,芝山,75800,,,,JR総武線「船橋」駅,19.0,24.0,船橋市芝山1-40ほか,2-5-14号棟,鉄筋コンクリート造、鉄骨鉄筋コンクリート造,3,N,301号室,1LDK,58,11,73400,2400,2か月,"['近居割', '近居割WIDE']",随時,https://www.ur-net.go.jp/chintai/kanto/chiba/30_2830_room.html?JKSS=205140301,<li>東葉高速線「飯山満」駅 徒歩6～14分</li><li>JR総武線「船橋」駅バス16分 徒歩3～8分</li><li>京成松戸線「北習志野」駅 徒歩35～40分</li>
chiba,kitanarashino,芝山,75800,京成松戸線「北習志野」駅,35.0,40.0,,,,船橋市芝山1-40ほか,2-5-14号棟,鉄筋コンクリート造、鉄骨鉄筋コンクリート造,3,N,301号室,1LDK,58,11,73400,2400,2か月,"['近居割', '近居割WIDE']",随時,https://www.ur-net.go.jp/chintai/kanto/chiba/30_2830_room.html?JKSS=205140301,<li>東葉高速線「飯山満」駅 徒歩6～14分</li><li>JR総武線「船橋」駅バス16分 徒歩3～8分</li><li>京成松戸線「北習志野」駅 徒歩35～40分</li>
chiba,kitanarashino,芝山,75800,,,,,,,船橋市芝山1-40ほか,2-5-14号棟,鉄筋コンクリート造、鉄骨鉄筋コンクリート造,3,N,301号室,1LDK,58,11,73400,2400,2か月,"['近居割', '近居割WIDE']",随時,https://www.ur-net.go.jp/chintai/kanto/chiba/30_2830_room.html?JKSS=205140301,<li>東葉高速線「飯山満」駅 徒歩6～14分</li><li>JR総武線「船橋」駅バス16分 徒歩3～8分</li><li>京成松戸線「北習志野」駅 徒歩35～40分</li>
chiba,kitanarashino,アートヒル高根台,84000,京成松戸線「高根公団」駅,3.0,10.0,,,,船橋市高根台1-1ほか,20号棟,鉄筋コンクリート造,1,N,102号室,1DK,42,6,77500,6500,2か月,"['近居割', '近居割WIDE']",随時,https://www.ur-net.go.jp/chintai/kanto/chiba/30_5951_room.html?JKSS=000200102,<li>京成松戸線「高根公団」駅 徒歩3～10分</li><li>京成松戸線「滝不動」駅 徒歩12～19分</li><li>京成松戸線「高根木戸」駅 徒歩11～19分</li>
chiba,kitanarashino,アートヒル高根台,84000,京成松戸線「滝不動」駅,12.0,19.0,,,,船橋市高根台1-1ほか,20号棟,鉄筋コンクリート造,1,N,102号室,1DK,42,6,77500,6500,2か月,"['近居割', '近居割WIDE']",随時,https://www.ur-net.go.jp/chintai/kanto/chiba/30_5951_room.html?JKSS=000200102,<li>京成松戸線「高根公団」駅 徒歩3～10分</li><li>京成松戸線「滝不動」駅 徒歩12～19分</li><li>京成松戸線「高根木戸」駅 徒歩11～19分</li>
chiba,kitanarashino,アートヒル高根台,84000,京成松戸線「高根木戸」駅,11.0,19.0,,,,船橋市高根台1-1ほか,20号棟,鉄筋コンクリート造,1,N,102号室,1DK,42,6,77500,6500,2か月,"['近居割', '近居割WIDE']",随時,https://www.ur-net.go.jp/chintai/kanto/chiba/30_5951_room.html?JKSS=000200102,<li>京成松戸線「高根公団」駅 徒歩3～10分</li><li>京成松戸線「滝不動」駅 徒歩12～19分</li><li>京成松戸線「高根木戸」駅 徒歩11～19分</li>
chiba,kitanarashino,アートヒル高根台,84000,,,,,,,船橋市高根台1-1ほか,20号棟,鉄筋コンクリート造,1,N,102号室,1DK,42,6,77500,6500,2か月,"['近居割', '近居割WIDE']",随時,https://www.ur-net.go.jp/chintai/kanto/chiba/30_5951_room.html?JKSS=000200102,<li>京成松戸線「高根公団」駅 徒歩3～10分</li><li>京成松戸線「滝不動」駅 徒歩12～19分</li><li>京成松戸線「高根木戸」駅 徒歩11～19分</li>
chiba,kitanarashino,アートヒル高根台,91200,京成松戸線「高根公団」駅,3.0,10.0,,,,船橋市高根台1-1ほか,17号棟,鉄筋コンクリート造,1,N,103号室,2DK,49,6,84700,6500,2か月,"['近居割', '近居割WIDE']",随時,https://www.ur-net.go.jp/chintai/kanto/chiba/30_5951_room.html?JKSS=000170103,<li>京成松戸線「高根公団」駅 徒歩3～10分</li><li>京成松戸線「滝不動」駅 徒歩12～19分</li><li>京成松戸線「高根木戸」駅 徒歩11～19分</li>
chiba,kitanarashino,アートヒル高根台,91200,京成松戸線「滝不動」駅,12.0,19.0,,,,船橋市高根台1-1ほか,17号棟,鉄筋コンクリート造,1,N,103号室,2DK,49,6,84700,6500,2か月,"['近居割', '近居割WIDE']",随時,https://www.ur-net.go.jp/chintai/kanto/chiba/30_5951_room.html?JKSS=000170103,<li>京成松戸線「高根公団」駅 徒歩3～10分</li><li>京成松戸線「滝不動」駅 徒歩12～19分</li><li>京成松戸線「高根木戸」駅 徒歩11～19分</li>
chiba,kitanarashino,アートヒル高根台,91200,京成松戸線「高根木戸」駅,11.0,19.0,,,,船橋市高根台1-1ほか,17号棟,鉄筋コンクリート造,1,N,103号室,2DK,49,6,84700,6500,2か月,"['近居割', '近居割WIDE']",随時,https://www.ur-net.go.jp/chintai/kanto/chiba/30_5951_room.html?JKSS=000170103,<li>京成松戸線「高根公団」駅 徒歩3～10分</li><li>京成松戸線「滝不動」駅 徒歩12～19分</li><li>京成松戸線「高根木戸」駅 徒歩11～19分</li>
chiba,kitanarashino,アートヒル高根台,91200,,,,,,,船橋市高根台1-1ほか,17号棟,鉄筋コンクリート造,1,N,103号室,2DK,49,6,84700,6500,2か月,"['近居割', '近居割WIDE']",随時,https://www.ur-net.go.jp/chintai/kanto/chiba/30_5951_room.html?JKSS=000170103,<li>京成松戸線「高根公団」駅 徒歩3～10分</li><li>京成松戸線「滝不動」駅 徒歩12～19分</li><li>京成松戸線「高根木戸」駅 徒歩11～19分</li>
chiba,tsudanuma,アルビス前原,97200,京成松戸線「前原」駅,5.0,14.0,,,,船橋市前原西6-1,12号棟,鉄筋コンクリート造,1,N,102号室,2DK,49,9,90900,6300,2か月,"['近居割', '近居割WIDE']",随時,https://www.ur-net.go.jp/chintai/kanto/chiba/30_5880_room.html?JKSS=000120102,<li>京成松戸線「前原」駅 徒歩5～14分</li><li>JR総武線「津田沼」駅バス8～10分 徒歩1～4分</li><li>京成松戸線「新津田沼」駅 徒歩20～25分</li>
chiba,tsudanuma,アルビス前原,97200,,,,JR総武線「津田沼」駅,9.0,14.0,船橋市前原西6-1,12号棟,鉄筋コンクリート造,1,N,102号室,2DK,49,9,90900,6300,2か月,"['近居割', '近居割WIDE']",随時,https://www.ur-net.go.jp/chintai/kanto/chiba/30_5880_room.html?JKSS=000120102,<li>京成松戸線「前原」駅 徒歩5～14分</li><li>JR総武線「津田沼」駅バス8～10分 徒歩1～4分</li><li>京成松戸線「新津田沼」駅 徒歩20～25分</li>
chiba,tsudanuma,アルビス前原,97200,京成松戸線「新津田沼」駅,20.0,25.0,,,,船橋市前原西6-1,12号棟,鉄筋コンクリート造,1,N,102号室,2DK,49,9,90900,6300,2か月,"['近居割', '近居割WIDE']",随時,https://www.ur-net.go.jp/chintai/kanto/chiba/30_5880_room.html?JKSS=000120102,<li>京成松戸線「前原」駅 徒歩5～14分</li><li>JR総武線「津田沼」駅バス8～10分 徒歩1～4分</li><li>京成松戸線「新津田沼」駅 徒歩20～25分</li>
chiba,tsudanuma,アルビス前原,97200,,,,,,,船橋市前原西6-1,12号棟,鉄筋コンクリート造,1,N,102号室,2DK,49,9,90900,6300,2か月,"['近居割', '近居割WIDE']",随時,https://www.ur-net.go.jp/chintai/kanto/chiba/30_5880_room.html?JKSS=000120102,<li>京成松戸線「前原」駅 徒歩5～14分</li><li>JR総武線「津田沼」駅バス8～10分 徒歩1～4分</li><li>京成松戸線「新津田沼」駅 徒歩20～25分</li>
chiba,yurinokidaipc,米本,36900,,,,東葉高速鉄道「八千代中央」駅,19.0,26.0,八千代市米本1359,3-29号棟,鉄筋コンクリート造,5,N,514号室,2DK,41,5,33700,3200,2か月,['近居割WIDE'],随時,https://www.ur-net.go.jp/chintai/kanto/chiba/30_1950_room.html?JKSS=003029514,<li>東葉高速鉄道「八千代中央」駅バス17分 徒歩2～9分</li><li>東葉高速鉄道「東葉勝田台」駅バス20分 徒歩2～9分</li><li>北総鉄道「小室」駅 徒歩67～93分</li>
chiba,yurinokidaipc,米本,36900,,,,東葉高速鉄道「東葉勝田台」駅,22.0,29.0,八千代市米本1359,3-29号棟,鉄筋コンクリート造,5,N,514号室,2DK,41,5,33700,3200,2か月,['近居割WIDE'],随時,https://www.ur-net.go.jp/chintai/kanto/chiba/30_1950_room.html?JKSS=003029514,<li>東葉高速鉄道「八千代中央」駅バス17分 徒歩2～9分</li><li>東葉高速鉄道「東葉勝田台」駅バス20分 徒歩2～9分</li><li>北総鉄道「小室」駅 徒歩67～93分</li>
chiba,yurinokidaipc,米本,36900,北総鉄道「小室」駅,67.0,93.0,,,,八千代市米本1359,3-29号棟,鉄筋コンクリート造,5,N,514号室,2DK,41,5,33700,3200,2か月,['近居割WIDE'],随時,https://www.ur-net.go.jp/chintai/kanto/chiba/30_1950_room.html?JKSS=003029514,<li>東葉高速鉄道「八千代中央」駅バス17分 徒歩2～9分</li><li>東葉高速鉄道「東葉勝田台」駅バス20分 徒歩2～9分</li><li>北総鉄道「小室」駅 徒歩67～93分</li>
chiba,yurinokidaipc,米本,36900,,,,,,,八千代市米本1359,3-29号棟,鉄筋コンクリート造,5,N,514号室,2DK,41,5,33700,3200,2か月,['近居割WIDE'],随時,https://www.ur-net.go.jp/chintai/kanto/chiba/30_1950_room.html?JKSS=003029514,<li>東葉高速鉄道「八千代中央」駅バス17分 徒歩2～9分</li><li>東葉高速鉄道「東葉勝田台」駅バス20分 徒歩2～9分</li><li>北総鉄道「小室」駅 徒歩67～93分</li>
chiba,yurinokidaipc,米本,38800,,,,東葉高速鉄道「八千代中央」駅,19.0,26.0,八千代市米本1359,5-14号棟,鉄筋コンクリート造,5,N,502号室,3K,45,5,35600,3200,2か月,['近居割WIDE'],随時,https://www.ur-net.go.jp/chintai/kanto/chiba/30_1950_room.html?JKSS=005014502,<li>東葉高速鉄道「八千代中央」駅バス17分 徒歩2～9分</li><li>東葉高速鉄道「東葉勝田台」駅バス20分 徒歩2～9分</li><li>北総鉄道「小室」駅 徒歩67～93分</li>
chiba,yurinokidaipc,米本,38800,,,,東葉高速鉄道「東葉勝田台」駅,22.0,29.0,八千代市米本1359,5-14号棟,鉄筋コンクリート造,5,N,502号室,3K,45,5,35600,3200,2か月,['近居割WIDE'],随時,https://www.ur-net.go.jp/chintai/kanto/chiba/30_1950_room.html?JKSS=005014502,<li>東葉高速鉄道「八千代中央」駅バス17分 徒歩2～9分</li><li>東葉高速鉄道「東葉勝田台」駅バス20分 徒歩2～9分</li><li>北総鉄道「小室」駅 徒歩67～93分</li>
chiba,yurinokidaipc,米本,38800,北総鉄道「小室」駅,67.0,93.0,,,,八千代市米本1359,5-14号棟,鉄筋コンクリート造,5,N,502号室,3K,45,5,35600,3200,2か月,['近居割WIDE'],随時,https://www.ur-net.go.jp/chintai/kanto/chiba/30_1950_room.html?JKSS=005014502,<li>東葉高速鉄道「八千代中央」駅バス17分 徒歩2～9分</li><li>東葉高速鉄道「東葉勝田台」駅バス20分 徒歩2～9分</li><li>北総鉄道「小室」駅 徒歩67～93分</li>
chiba,yurinokidaipc,米本,38800,,,,,,,八千代市米本1359,5-14号棟,鉄筋コンクリート造,5,N,502号室,3K,45,5,35600,3200,2か月,['近居割WIDE'],随時,https://www.ur-net.go.jp/chintai/kanto/chiba/30_1950_room.html?JKSS=005014502,<li>東葉高速鉄道「八千代中央」駅バス17分 徒歩2～9分</li><li>東葉高速鉄道「東葉勝田台」駅バス20分 徒歩2～9分</li><li>北総鉄道「小室」駅 徒歩67～93分</li>
chiba,yurinokidaipc,米本,38800,,,,東葉高速鉄道「八千代中央」駅,19.0,26.0,八千代市米本1359,5-17号棟,鉄筋コンクリート造,5,N,505号室,3K,45,5,35600,3200,2か月,['近居割WIDE'],随時,https://www.ur-net.go.jp/chintai/kanto/chiba/30_1950_room.html?JKSS=005017505,<li>東葉高速鉄道「八千代中央」駅バス17分 徒歩2～9分</li><li>東葉高速鉄道「東葉勝田台」駅バス20分 徒歩2～9分</li><li>北総鉄道「小室」駅 徒歩67～93分</li>
chiba,yurinokidaipc,米本,38800,,,,東葉高速鉄道「東葉勝田台」駅,22.0,29.0,八千代市米本1359,5-17号棟,鉄筋コンクリート造,5,N,505号室,3K,45,5,35600,3200,2か月,['近居割WIDE'],随時,https://www.ur-net.go.jp/chintai/kanto/chiba/30_1950_room.html?JKSS=005017505,<li>東葉高速鉄道「八千代中央」駅バス17分 徒歩2～9分</li><li>東葉高速鉄道「東葉勝田台」駅バス20分 徒歩2～9分</li><li>北総鉄道「小室」駅 徒歩67～93分</li>
chiba,yurinokidaipc,米本,38800,北総鉄道「小室」駅,67.0,93.0,,,,八千代市米本1359,5-17号棟,鉄筋コンクリート造,5,N,505号室,3K,45,5,35600,3200,2か月,['近居割WIDE'],随時,https://www.ur-net.go.jp/chintai/kanto/chiba/30_1950_room.html?JKSS=005017505,<li>東葉高速鉄道「八千代中央」駅バス17分 徒歩2～9分</li><li>東葉高速鉄道「東葉勝田台」駅バス20分 徒歩2～9分</li><li>北総鉄道「小室」駅 徒歩67～93分</li>
chiba,yurinokidaipc,米本,38800,,,,,,,八千代市米本1359,5-17号棟,鉄筋コンクリート造,5,N,505号室,3K,45,5,35600,3200,2か月,['近居割WIDE'],随時,https://www.ur-net.go.jp/chintai/kanto/chiba/30_1950_room.html?JKSS=005017505,<li>東葉高速鉄道「八千代中央」駅バス17分 徒歩2～9分</li><li>東葉高速鉄道「東葉勝田台」駅バス20分 徒歩2～9分</li><li>北総鉄道「小室」駅 徒歩67～93分</li>
chiba,yurinokidaipc,米本,41100,,,,東葉高速鉄道「八千代中央」駅,19.0,26.0,八千代市米本1359,4-36号棟,鉄筋コンクリート造,5,N,502号室,3DK,51,5,37900,3200,2か月,['近居割WIDE'],随時,https://www.ur-net.go.jp/chintai/kanto/chiba/30_1950_room.html?JKSS=004036502,<li>東葉高速鉄道「八千代中央」駅バス17分 徒歩2～9分</li><li>東葉高速鉄道「東葉勝田台」駅バス20分 徒歩2～9分</li><li>北総鉄道「小室」駅 徒歩67～93分</li>
chiba,yurinokidaipc,米本,41100,,,,東葉高速鉄道「東葉勝田台」駅,22.0,29.0,八千代市米本1359,4-36号棟,鉄筋コンクリート造,5,N,502号室,3DK,51,5,37900,3200,2か月,['近居割WIDE'],随時,https://www.ur-net.go.jp/chintai/kanto/chiba/30_1950_room.html?JKSS=004036502,<li>東葉高速鉄道「八千代中央」駅バス17分 徒歩2～9分</li><li>東葉高速鉄道「東葉勝田台」駅バス20分 徒歩2～9分</li><li>北総鉄道「小室」駅 徒歩67～93分</li>
chiba,yurinokidaipc,米本,41100,北総鉄道「小室」駅,67.0,93.0,,,,八千代市米本1359,4-36号棟,鉄筋コンクリート造,5,N,502号室,3DK,51,5,37900,3200,2か月,['近居割WIDE'],随時,https://www.ur-net.go.jp/chintai/kanto/chiba/30_1950_room.html?JKSS=004036502,<li>東葉高速鉄道「八千代中央」駅バス17分 徒歩2～9分</li><li>東葉高速鉄道「東葉勝田台」駅バス20分 徒歩2～9分</li><li>北総鉄道「小室」駅 徒歩67～93分</li>
chiba,yurinokidaipc,米本,41100,,,,,,,八千代市米本1359,4-36号棟,鉄筋コンクリート造,5,N,502号室,3DK,51,5,37900,3200,2か月,['近居割WIDE'],随時,https://www.ur-net.go.jp/chintai/kanto/chiba/30_1950_room.html?JKSS=004036502,<li>東葉高速鉄道「八千代中央」駅バス17分 徒歩2～9分</li><li>東葉高速鉄道「東葉勝田台」駅バス20分 徒歩2～9分</li><li>北総鉄道「小室」駅 徒歩67～93分</li>
chiba,yurinokidaipc,米本,42100,,,,東葉高速鉄道「八千代中央」駅,19.0,26.0,八千代市米本1359,5-15号棟,鉄筋コンクリート造,3,N,303号室,3K,45,5,38900,3200,2か月,['近居割WIDE'],随時,https://www.ur-net.go.jp/chintai/kanto/chiba/30_1950_room.html?JKSS=005015303,<li>東葉高速鉄道「八千代中央」駅バス17分 徒歩2～9分</li><li>東葉高速鉄道「東葉勝田台」駅バス20分 徒歩2～9分</li><li>北総鉄道「小室」駅 徒歩67～93分</li>
chiba,yurinokidaipc,米本,42100,,,,東葉高速鉄道「東葉勝田台」駅,22.0,29.0,八千代市米本1359,5-15号棟,鉄筋コンクリート造,3,N,303号室,3K,45,5,38900,3200,2か月,['近居割WIDE'],随時,https://www.ur-net.go.jp/chintai/kanto/chiba/30_1950_room.html?JKSS=005015303,<li>東葉高速鉄道「八千代中央」駅バス17分 徒歩2～9分</li><li>東葉高速鉄道「東葉勝田台」駅バス20分 徒歩2～9分</li><li>北総鉄道「小室」駅 徒歩67～93分</li>
chiba,yurinokidaipc,米本,42100,北総鉄道「小室」駅,67.0,93.0,,,,八千代市米本1359,5-15号棟,鉄筋コンクリート造,3,N,303号室,3K,45,5,38900,3200,2か月,['近居割WIDE'],随時,https://www.ur-net.go.jp/chintai/kanto/chiba/30_1950_room.html?JKSS=005015303,<li>東葉高速鉄道「八千代中央」駅バス17分 徒歩2～9分</li><li>東葉高速鉄道「東葉勝田台」駅バス20分 徒歩2～9分</li><li>北総鉄道「小室」駅 徒歩67～93分</li>
chiba,yurinokidaipc,米本,42100,,,,,,,八千代市米本1359,5-15号棟,鉄筋コンクリート造,3,N,303号室,3K,45,5,38900,3200,2か月,['近居割WIDE'],随時,https://www.ur-net.go.jp/chintai/kanto/chiba/30_1950_room.html?JKSS=005015303,<li>東葉高速鉄道「八千代中央」駅バス17分 徒歩2～9分</li><li>東葉高速鉄道「東葉勝田台」駅バス20分 徒歩2～9分</li><li>北総鉄道「小室」駅 徒歩67～93分</li>
chiba,kitanarashino,高津（第１次）,48950,東葉高速鉄道「八千代緑が丘」駅,13.0,23.0,,,,八千代市高津832-1ほか,3-5号棟,鉄筋コンクリート造,4,N,401号室,3K,47,5,46000,2950,2か月,"['近居割', '近居割WIDE']",随時,https://www.ur-net.go.jp/chintai/kanto/chiba/30_2211_room.html?JKSS=003005401,<li>東葉高速鉄道「八千代緑が丘」駅 徒歩13～23分</li><li>東葉高速鉄道「八千代中央」駅 徒歩36～44分</li><li>京成本線「八千代台」駅バス7～8分 徒歩1～11分</li>
chiba,kitanarashino,高津（第１次）,48950,東葉高速鉄道「八千代中央」駅,36.0,44.0,,,,八千代市高津832-1ほか,3-5号棟,鉄筋コンクリート造,4,N,401号室,3K,47,5,46000,2950,2か月,"['近居割', '近居割WIDE']",随時,https://www.ur-net.go.jp/chintai/kanto/chiba/30_2211_room.html?JKSS=003005401,<li>東葉高速鉄道「八千代緑が丘」駅 徒歩13～23分</li><li>東葉高速鉄道「八千代中央」駅 徒歩36～44分</li><li>京成本線「八千代台」駅バス7～8分 徒歩1～11分</li>
chiba,kitanarashino,高津（第１次）,48950,,,,京成本線「八千代台」駅,8.0,19.0,八千代市高津832-1ほか,3-5号棟,鉄筋コンクリート造,4,N,401号室,3K,47,5,46000,2950,2か月,"['近居割', '近居割WIDE']",随時,https://www.ur-net.go.jp/chintai/kanto/chiba/30_2211_room.html?JKSS=003005401,<li>東葉高速鉄道「八千代緑が丘」駅 徒歩13～23分</li><li>東葉高速鉄道「八千代中央」駅 徒歩36～44分</li><li>京成本線「八千代台」駅バス7～8分 徒歩1～11分</li>
chiba,kitanarashino,高津（第１次）,48950,,,,,,,八千代市高津832-1ほか,3-5号棟,鉄筋コンクリート造,4,N,401号室,3K,47,5,46000,2950,2か月,"['近居割', '近居割WIDE']",随時,https://www.ur-net.go.jp/chintai/kanto/chiba/30_2211_room.html?JKSS=003005401,<li>東葉高速鉄道「八千代緑が丘」駅 徒歩13～23分</li><li>東葉高速鉄道「八千代中央」駅 徒歩36～44分</li><li>京成本線「八千代台」駅バス7～8分 徒歩1～11分</li>
chiba,kitanarashino,高津（第１次）,49850,東葉高速鉄道「八千代緑が丘」駅,13.0,23.0,,,,八千代市高津832-1ほか,3-26号棟,鉄筋コンクリート造,3,N,301号室,3K,47,5,46900,2950,2か月,"['近居割', '近居割WIDE']",随時,https://www.ur-net.go.jp/chintai/kanto/chiba/30_2211_room.html?JKSS=003026301,<li>東葉高速鉄道「八千代緑が丘」駅 徒歩13～23分</li><li>東葉高速鉄道「八千代中央」駅 徒歩36～44分</li><li>京成本線「八千代台」駅バス7～8分 徒歩1～11分</li>
chiba,kitanarashino,高津（第１次）,49850,東葉高速鉄道「八千代中央」駅,36.0,44.0,,,,八千代市高津832-1ほか,3-26号棟,鉄筋コンクリート造,3,N,301号室,3K,47,5,46900,2950,2か月,"['近居割', '近居割WIDE']",随時,https://www.ur-net.go.jp/chintai/kanto/chiba/30_2211_room.html?JKSS=003026301,<li>東葉高速鉄道「八千代緑が丘」駅 徒歩13～23分</li><li>東葉高速鉄道「八千代中央」駅 徒歩36～44分</li><li>京成本線「八千代台」駅バス7～8分 徒歩1～11分</li>
chiba,kitanarashino,高津（第１次）,49850,,,,京成本線「八千代台」駅,8.0,19.0,八千代市高津832-1ほか,3-26号棟,鉄筋コンクリート造,3,N,301号室,3K,47,5,46900,2950,2か月,"['近居割', '近居割WIDE']",随時,https://www.ur-net.go.jp/chintai/kanto/chiba/30_2211_room.html?JKSS=003026301,<li>東葉高速鉄道「八千代緑が丘」駅 徒歩13～23分</li><li>東葉高速鉄道「八千代中央」駅 徒歩36～44分</li><li>京成本線「八千代台」駅バス7～8分 徒歩1～11分</li>
chiba,kitanarashino,高津（第１次）,49850,,,,,,,八千代市高津832-1ほか,3-26号棟,鉄筋コンクリート造,3,N,301号室,3K,47,5,46900,2950,2か月,"['近居割', '近居割WIDE']",随時,https://www.ur-net.go.jp/chintai/kanto/chiba/30_2211_room.html?JKSS=003026301,<li>東葉高速鉄道「八千代緑が丘」駅 徒歩13～23分</li><li>東葉高速鉄道「八千代中央」駅 徒歩36～44分</li><li>京成本線「八千代台」駅バス7～8分 徒歩1～11分</li>
chiba,yurinokidaipc,クレール志津,118900,京成本線「志津」駅,13.0,16.0,,,,佐倉市西志津3-1,1号棟,鉄筋コンクリート造,4,N,401号室,4LDK,97,5,113900,5000,2か月,['近居割'],随時,https://www.ur-net.go.jp/chintai/kanto/chiba/30_4830_room.html?JKSS=000010401,<li>京成本線「志津」駅 徒歩13～16分</li><li>東葉高速鉄道「東葉勝田台」駅 徒歩14～18分</li><li>京成本線「勝田台」駅 徒歩14～18分</li>
chiba,yurinokidaipc,クレール志津,118900,東葉高速鉄道「東葉勝田台」駅,14.0,18.0,,,,佐倉市西志津3-1,1号棟,鉄筋コンクリート造,4,N,401号室,4LDK,97,5,113900,5000,2か月,['近居割'],随時,https://www.ur-net.go.jp/chintai/kanto/chiba/30_4830_room.html?JKSS=000010401,<li>京成本線「志津」駅 徒歩13～16分</li><li>東葉高速鉄道「東葉勝田台」駅 徒歩14～18分</li><li>京成本線「勝田台」駅 徒歩14～18分</li>
chiba,yurinokidaipc,クレール志津,118900,京成本線「勝田台」駅,14.0,18.0,,,,佐倉市西志津3-1,1号棟,鉄筋コンクリート造,4,N,401号室,4LDK,97,5,113900,5000,2か月,['近居割'],随時,https://www.ur-net.go.jp/chintai/kanto/chiba/30_4830_room.html?JKSS=000010401,<li>京成本線「志津」駅 徒歩13～16分</li><li>東葉高速鉄道「東葉勝田台」駅 徒歩14～18分</li><li>京成本線「勝田台」駅 徒歩14～18分</li>
chiba,yurinokidaipc,クレール志津,118900,,,,,,,佐倉市西志津3-1,1号棟,鉄筋コンクリート造,4,N,401号室,4LDK,97,5,113900,5000,2か月,['近居割'],随時,https://www.ur-net.go.jp/chintai/kanto/chiba/30_4830_room.html?JKSS=000010401,<li>京成本線「志津」駅 徒歩13～16分</li><li>東葉高速鉄道「東葉勝田台」駅 徒歩14～18分</li><li>京成本線「勝田台」駅 徒歩14～18分</li>
chiba,matsudo,野菊野,67900,,,,JR常磐線「松戸」駅,11.0,17.0,松戸市野菊野1ほか,1号棟,鉄筋コンクリート造、鉄骨鉄筋コンクリート造,9,N,911号室,2DK,48,12,64800,3100,2か月,"['近居割', '近居割WIDE']",随時,https://www.ur-net.go.jp/chintai/kanto/chiba/30_2610_room.html?JKSS=000010911,<li>JR常磐線「松戸」駅バス9分 徒歩2～8分</li><li>京成松戸線「上本郷」駅 徒歩17～20分</li><li>京成松戸線「みのり台」駅 徒歩23～25分</li>
chiba,matsudo,野菊野,67900,京成松戸線「上本郷」駅,17.0,20.0,,,,松戸市野菊野1ほか,1号棟,鉄筋コンクリート造、鉄骨鉄筋コンクリート造,9,N,911号室,2DK,48,12,64800,3100,2か月,"['近居割', '近居割WIDE']",随時,https://www.ur-net.go.jp/chintai/kanto/chiba/30_2610_room.html?JKSS=000010911,<li>JR常磐線「松戸」駅バス9分 徒歩2～8分</li><li>京成松戸線「上本郷」駅 徒歩17～20分</li><li>京成松戸線「みのり台」駅 徒歩23～25分</li>
chiba,matsudo,野菊野,67900,京成松戸線「みのり台」駅,23.0,25.0,,,,松戸市野菊野1ほか,1号棟,鉄筋コンクリート造、鉄骨鉄筋コンクリート造,9,N,911号室,2DK,48,12,64800,3100,2か月,"['近居割', '近居割WIDE']",随時,https://www.ur-net.go.jp/chintai/kanto/chiba/30_2610_room.html?JKSS=000010911,<li>JR常磐線「松戸」駅バス9分 徒歩2～8分</li><li>京成松戸線「上本郷」駅 徒歩17～20分</li><li>京成松戸線「みのり台」駅 徒歩23～25分</li>
chiba,matsudo,野菊野,67900,,,,,,,松戸市野菊野1ほか,1号棟,鉄筋コンクリート造、鉄骨鉄筋コンクリート造,9,N,911号室,2DK,48,12,64800,3100,2か月,"['近居割', '近居割WIDE']",随時,https://www.ur-net.go.jp/chintai/kanto/chiba/30_2610_room.html?JKSS=000010911,<li>JR常磐線「松戸」駅バス9分 徒歩2～8分</li><li>京成松戸線「上本郷」駅 徒歩17～20分</li><li>京成松戸線「みのり台」駅 徒歩23～25分</li>
chiba,matsudo,常盤平セントラルハイツ,102200,京成松戸線「常盤平」駅,10.0,11.0,,,,松戸市常盤平3-27-2,2号棟,鉄筋コンクリート造,3,N,309号室,3DK,68,8,98000,4200,2か月,"['近居割', '近居割WIDE']",随時,https://www.ur-net.go.jp/chintai/kanto/chiba/30_3590_room.html?JKSS=000020309,<li>京成松戸線「常盤平」駅 徒歩10～11分</li><li>京成松戸線「五香」駅 徒歩16分</li><li>JR武蔵野線「新八柱」駅 徒歩26～27分</li>
chiba,matsudo,常盤平セントラルハイツ,102200,京成松戸線「五香」駅,16.0,16.0,,,,松戸市常盤平3-27-2,2号棟,鉄筋コンクリート造,3,N,309号室,3DK,68,8,98000,4200,2か月,"['近居割', '近居割WIDE']",随時,https://www.ur-net.go.jp/chintai/kanto/chiba/30_3590_room.html?JKSS=000020309,<li>京成松戸線「常盤平」駅 徒歩10～11分</li><li>京成松戸線「五香」駅 徒歩16分</li><li>JR武蔵野線「新八柱」駅 徒歩26～27分</li>
chiba,matsudo,常盤平セントラルハイツ,102200,JR武蔵野線「新八柱」駅,26.0,27.0,,,,松戸市常盤平3-27-2,2号棟,鉄筋コンクリート造,3,N,309号室,3DK,68,8,98000,4200,2か月,"['近居割', '近居割WIDE']",随時,https://www.ur-net.go.jp/chintai/kanto/chiba/30_3590_room.html?JKSS=000020309,<li>京成松戸線「常盤平」駅 徒歩10～11分</li><li>京成松戸線「五香」駅 徒歩16分</li><li>JR武蔵野線「新八柱」駅 徒歩26～27分</li>
chiba,matsudo,常盤平セントラルハイツ,102200,,,,,,,松戸市常盤平3-27-2,2号棟,鉄筋コンクリート造,3,N,309号室,3DK,68,8,98000,4200,2か月,"['近居割', '近居割WIDE']",随時,https://www.ur-net.go.jp/chintai/kanto/chiba/30_3590_room.html?JKSS=000020309,<li>京成松戸線「常盤平」駅 徒歩10～11分</li><li>京成松戸線「五香」駅 徒歩16分</li><li>JR武蔵野線「新八柱」駅 徒歩26～27分</li>
chiba,kashiwa,パークサイド鎌ヶ谷,88900,東武野田線「鎌ケ谷」駅,12.0,15.0,,,,鎌ケ谷市東中沢2-21ほか,12号棟,鉄筋コンクリート造,4,N,405号室,3LDK,72,5,85800,3100,2か月,['近居割'],随時,https://www.ur-net.go.jp/chintai/kanto/chiba/30_5580_room.html?JKSS=000120405,<li>東武野田線「鎌ケ谷」駅 徒歩12～15分</li><li>京成松戸線「北初富」駅 徒歩13～17分</li><li>京成松戸線「初富」駅 徒歩14～19分</li>
chiba,kashiwa,パークサイド鎌ヶ谷,88900,京成松戸線「北初富」駅,13.0,17.0,,,,鎌ケ谷市東中沢2-21ほか,12号棟,鉄筋コンクリート造,4,N,405号室,3LDK,72,5,85800,3100,2か月,['近居割'],随時,https://www.ur-net.go.jp/chintai/kanto/chiba/30_5580_room.html?JKSS=000120405,<li>東武野田線「鎌ケ谷」駅 徒歩12～15分</li><li>京成松戸線「北初富」駅 徒歩13～17分</li><li>京成松戸線「初富」駅 徒歩14～19分</li>
chiba,kashiwa,パークサイド鎌ヶ谷,88900,京成松戸線「初富」駅,14.0,19.0,,,,鎌ケ谷市東中沢2-21ほか,12号棟,鉄筋コンクリート造,4,N,405号室,3LDK,72,5,85800,3100,2か月,['近居割'],随時,https://www.ur-net.go.jp/chintai/kanto/chiba/30_5580_room.html?JKSS=000120405,<li>東武野田線「鎌ケ谷」駅 徒歩12～15分</li><li>京成松戸線「北初富」駅 徒歩13～17分</li><li>京成松戸線「初富」駅 徒歩14～19分</li>
chiba,kashiwa,パークサイド鎌ヶ谷,88900,,,,,,,鎌ケ谷市東中沢2-21ほか,12号棟,鉄筋コンクリート造,4,N,405号室,3LDK,72,5,85800,3100,2か月,['近居割'],随時,https://www.ur-net.go.jp/chintai/kanto/chiba/30_5580_room.html?JKSS=000120405,<li>東武野田線「鎌ケ谷」駅 徒歩12～15分</li><li>京成松戸線「北初富」駅 徒歩13～17分</li><li>京成松戸線「初富」駅 徒歩14～19分</li>
chiba,kashiwa,パークサイド鎌ヶ谷,119000,東武野田線「鎌ケ谷」駅,12.0,15.0,,,,鎌ケ谷市東中沢2-21ほか,7号棟,鉄筋コンクリート造,1,N,104号室,4LDK,88,5,115900,3100,2か月,['近居割'],随時,https://www.ur-net.go.jp/chintai/kanto/chiba/30_5580_room.html?JKSS=000070104,<li>東武野田線「鎌ケ谷」駅 徒歩12～15分</li><li>京成松戸線「北初富」駅 徒歩13～17分</li><li>京成松戸線「初富」駅 徒歩14～19分</li>
chiba,kashiwa,パークサイド鎌ヶ谷,119000,京成松戸線「北初富」駅,13.0,17.0,,,,鎌ケ谷市東中沢2-21ほか,7号棟,鉄筋コンクリート造,1,N,104号室,4LDK,88,5,115900,3100,2か月,['近居割'],随時,https://www.ur-net.go.jp/chintai/kanto/chiba/30_5580_room.html?JKSS=000070104,<li>東武野田線「鎌ケ谷」駅 徒歩12～15分</li><li>京成松戸線「北初富」駅 徒歩13～17分</li><li>京成松戸線「初富」駅 徒歩14～19分</li>
chiba,kashiwa,パークサイド鎌ヶ谷,119000,京成松戸線「初富」駅,14.0,19.0,,,,鎌ケ谷市東中沢2-21ほか,7号棟,鉄筋コンクリート造,1,N,104号室,4LDK,88,5,115900,3100,2か月,['近居割'],随時,https://www.ur-net.go.jp/chintai/kanto/chiba/30_5580_room.html?JKSS=000070104,<li>東武野田線「鎌ケ谷」駅 徒歩12～15分</li><li>京成松戸線「北初富」駅 徒歩13～17分</li><li>京成松戸線「初富」駅 徒歩14～19分</li>
chiba,kashiwa,パークサイド鎌ヶ谷,119000,,,,,,,鎌ケ谷市東中沢2-21ほか,7号棟,鉄筋コンクリート造,1,N,104号室,4LDK,88,5,115900,3100,2か月,['近居割'],随時,https://www.ur-net.go.jp/chintai/kanto/chiba/30_5580_room.html?JKSS=000070104,<li>東武野田線「鎌ケ谷」駅 徒歩12～15分</li><li>京成松戸線「北初富」駅 徒歩13～17分</li><li>京成松戸線「初富」駅 徒歩14～19分</li>
chiba,chibant,千葉ニュータウン清水口,64580,北総線「西白井」駅,7.0,10.0,,,,白井市清水口2-4,2-4-6号棟,鉄筋コンクリート造,3,N,304号室,3DK,56,5,61600,2980,2か月,"['近居割', '近居割WIDE']",随時,https://www.ur-net.go.jp/chintai/kanto/chiba/30_3140_room.html?JKSS=204060304,<li>北総線「西白井」駅 徒歩7～10分</li><li>北総線「白井」駅 徒歩25～28分</li><li>新京成線「鎌ヶ谷大仏」駅バス26分 徒歩6～8分</li>
chiba,chibant,千葉ニュータウン清水口,64580,北総線「白井」駅,25.0,28.0,,,,白井市清水口2-4,2-4-6号棟,鉄筋コンクリート造,3,N,304号室,3DK,56,5,61600,2980,2か月,"['近居割', '近居割WIDE']",随時,https://www.ur-net.go.jp/chintai/kanto/chiba/30_3140_room.html?JKSS=204060304,<li>北総線「西白井」駅 徒歩7～10分</li><li>北総線「白井」駅 徒歩25～28分</li><li>新京成線「鎌ヶ谷大仏」駅バス26分 徒歩6～8分</li>
chiba,chibant,千葉ニュータウン清水口,64580,,,,新京成線「鎌ヶ谷大仏」駅,32.0,34.0,白井市清水口2-4,2-4-6号棟,鉄筋コンクリート造,3,N,304号室,3DK,56,5,61600,2980,2か月,"['近居割', '近居割WIDE']",随時,https://www.ur-net.go.jp/chintai/kanto/chiba/30_3140_room.html?JKSS=204060304,<li>北総線「西白井」駅 徒歩7～10分</li><li>北総線「白井」駅 徒歩25～28分</li><li>新京成線「鎌ヶ谷大仏」駅バス26分 徒歩6～8分</li>
chiba,chibant,千葉ニュータウン清水口,64580,,,,,,,白井市清水口2-4,2-4-6号棟,鉄筋コンクリート造,3,N,304号室,3DK,56,5,61600,2980,2か月,"['近居割', '近居割WIDE']",随時,https://www.ur-net.go.jp/chintai/kanto/chiba/30_3140_room.html?JKSS=204060304,<li>北総線「西白井」駅 徒歩7～10分</li><li>北総線「白井」駅 徒歩25～28分</li><li>新京成線「鎌ヶ谷大仏」駅バス26分 徒歩6～8分</li>
chiba,chibant,千葉ニュータウンプラザ西白井２番街,113420,北総鉄道「西白井」駅,4.0,8.0,,,,白井市けやき台2-2,3号棟,鉄筋コンクリート造,2,N,201号室,3LDK,81,5,111100,2320,2か月,"['近居割', '近居割WIDE']",随時,https://www.ur-net.go.jp/chintai/kanto/chiba/30_5260_room.html?JKSS=000030201,<li>北総鉄道「西白井」駅 徒歩4～8分</li><li>北総鉄道「白井」駅 徒歩30～34分</li><li>東武野田線「新鎌ヶ谷」駅 徒歩44～47分</li>
chiba,chibant,千葉ニュータウンプラザ西白井２番街,113420,北総鉄道「白井」駅,30.0,34.0,,,,白井市けやき台2-2,3号棟,鉄筋コンクリート造,2,N,201号室,3LDK,81,5,111100,2320,2か月,"['近居割', '近居割WIDE']",随時,https://www.ur-net.go.jp/chintai/kanto/chiba/30_5260_room.html?JKSS=000030201,<li>北総鉄道「西白井」駅 徒歩4～8分</li><li>北総鉄道「白井」駅 徒歩30～34分</li><li>東武野田線「新鎌ヶ谷」駅 徒歩44～47分</li>
chiba,chibant,千葉ニュータウンプラザ西白井２番街,113420,東武野田線「新鎌ヶ谷」駅,44.0,47.0,,,,白井市けやき台2-2,3号棟,鉄筋コンクリート造,2,N,201号室,3LDK,81,5,111100,2320,2か月,"['近居割', '近居割WIDE']",随時,https://www.ur-net.go.jp/chintai/kanto/chiba/30_5260_room.html?JKSS=000030201,<li>北総鉄道「西白井」駅 徒歩4～8分</li><li>北総鉄道「白井」駅 徒歩30～34分</li><li>東武野田線「新鎌ヶ谷」駅 徒歩44～47分</li>
chiba,chibant,千葉ニュータウンプラザ西白井２番街,113420,,,,,,,白井市けやき台2-2,3号棟,鉄筋コンクリート造,2,N,201号室,3LDK,81,5,111100,2320,2か月,"['近居割', '近居割WIDE']",随時,https://www.ur-net.go.jp/chintai/kanto/chiba/30_5260_room.html?JKSS=000030201,<li>北総鉄道「西白井」駅 徒歩4～8分</li><li>北総鉄道「白井」駅 徒歩30～34分</li><li>東武野田線「新鎌ヶ谷」駅 徒歩44～47分</li>
saitama,sengendai,せんげん台パークタウン三番街,96690,東武伊勢崎線「せんげん台」駅,10.0,13.0,,,,越谷市千間台西3-3,3-8号棟,鉄筋コンクリート造,4,N,401号室,3LDK,84,5,94200,2490,2か月,['近居割'],随時,https://www.ur-net.go.jp/chintai/kanto/saitama/50_2180_room.html?JKSS=003080401,<li>東武伊勢崎線「せんげん台」駅 徒歩10～13分</li><li>東武伊勢崎線「大袋」駅 徒歩25～27分</li><li>東武伊勢崎線「武里」駅 徒歩25～27分</li>
saitama,sengendai,せんげん台パークタウン三番街,96690,東武伊勢崎線「大袋」駅,25.0,27.0,,,,越谷市千間台西3-3,3-8号棟,鉄筋コンクリート造,4,N,401号室,3LDK,84,5,94200,2490,2か月,['近居割'],随時,https://www.ur-net.go.jp/chintai/kanto/saitama/50_2180_room.html?JKSS=003080401,<li>東武伊勢崎線「せんげん台」駅 徒歩10～13分</li><li>東武伊勢崎線「大袋」駅 徒歩25～27分</li><li>東武伊勢崎線「武里」駅 徒歩25～27分</li>
saitama,sengendai,せんげん台パークタウン三番街,96690,東武伊勢崎線「武里」駅,25.0,27.0,,,,越谷市千間台西3-3,3-8号棟,鉄筋コンクリート造,4,N,401号室,3LDK,84,5,94200,2490,2か月,['近居割'],随時,https://www.ur-net.go.jp/chintai/kanto/saitama/50_2180_room.html?JKSS=003080401,<li>東武伊勢崎線「せんげん台」駅 徒歩10～13分</li><li>東武伊勢崎線「大袋」駅 徒歩25～27分</li><li>東武伊勢崎線「武里」駅 徒歩25～27分</li>
saitama,sengendai,せんげん台パークタウン三番街,96690,,,,,,,越谷市千間台西3-3,3-8号棟,鉄筋コンクリート造,4,N,401号室,3LDK,84,5,94200,2490,2か月,['近居割'],随時,https://www.ur-net.go.jp/chintai/kanto/saitama/50_2180_room.html?JKSS=003080401,<li>東武伊勢崎線「せんげん台」駅 徒歩10～13分</li><li>東武伊勢崎線「大袋」駅 徒歩25～27分</li><li>東武伊勢崎線「武里」駅 徒歩25～27分</li>
saitama,sengendai,せんげん台パークタウン四番街,102910,東武伊勢崎線「せんげん台」駅,9.0,11.0,,,,越谷市千間台西3-4,4-6号棟,鉄筋コンクリート造,3,N,303号室,3LDK,88,5,100100,2810,2か月,['近居割'],随時,https://www.ur-net.go.jp/chintai/kanto/saitama/50_2070_room.html?JKSS=004060303,<li>東武伊勢崎線「せんげん台」駅 徒歩9～11分</li><li>東武伊勢崎線「大袋」駅 徒歩24～27分</li><li>東武伊勢崎線「武里」駅 徒歩25～27分</li>
saitama,sengendai,せんげん台パークタウン四番街,102910,東武伊勢崎線「大袋」駅,24.0,27.0,,,,越谷市千間台西3-4,4-6号棟,鉄筋コンクリート造,3,N,303号室,3LDK,88,5,100100,2810,2か月,['近居割'],随時,https://www.ur-net.go.jp/chintai/kanto/saitama/50_2070_room.html?JKSS=004060303,<li>東武伊勢崎線「せんげん台」駅 徒歩9～11分</li><li>東武伊勢崎線「大袋」駅 徒歩24～27分</li><li>東武伊勢崎線「武里」駅 徒歩25～27分</li>
saitama,sengendai,せんげん台パークタウン四番街,102910,東武伊勢崎線「武里」駅,25.0,27.0,,,,越谷市千間台西3-4,4-6号棟,鉄筋コンクリート造,3,N,303号室,3LDK,88,5,100100,2810,2か月,['近居割'],随時,https://www.ur-net.go.jp/chintai/kanto/saitama/50_2070_room.html?JKSS=004060303,<li>東武伊勢崎線「せんげん台」駅 徒歩9～11分</li><li>東武伊勢崎線「大袋」駅 徒歩24～27分</li><li>東武伊勢崎線「武里」駅 徒歩25～27分</li>
saitama,sengendai,せんげん台パークタウン四番街,102910,,,,,,,越谷市千間台西3-4,4-6号棟,鉄筋コンクリート造,3,N,303号室,3LDK,88,5,100100,2810,2か月,['近居割'],随時,https://www.ur-net.go.jp/chintai/kanto/saitama/50_2070_room.html?JKSS=004060303,<li>東武伊勢崎線「せんげん台」駅 徒歩9～11分</li><li>東武伊勢崎線「大袋」駅 徒歩24～27分</li><li>東武伊勢崎線「武里」駅 徒歩25～27分</li>
saitama,misato,三郷早稲田パークハイツ,84000,JR武蔵野線「三郷」駅,17.0,20.0,JR武蔵野線「三郷」駅,4.0,12.0,三郷市早稲田7,7-6-1号棟,鉄筋コンクリート造,5,N,508号室,3LDK,77,5,80700,3300,2か月,"['近居割', '近居割WIDE']",随時,https://www.ur-net.go.jp/chintai/kanto/saitama/50_2230_room.html?JKSS=706010508,<li>JR武蔵野線「三郷」駅 徒歩17～20分</li><li>JR武蔵野線「三郷」駅バス3～8分 徒歩1～4分</li><li>JR武蔵野線「新三郷」駅 徒歩25～29分</li>
saitama,misato,三郷早稲田パークハイツ,84000,JR武蔵野線「新三郷」駅,25.0,29.0,,,,三郷市早稲田7,7-6-1号棟,鉄筋コンクリート造,5,N,508号室,3LDK,77,5,80700,3300,2か月,"['近居割', '近居割WIDE']",随時,https://www.ur-net.go.jp/chintai/kanto/saitama/50_2230_room.html?JKSS=706010508,<li>JR武蔵野線「三郷」駅 徒歩17～20分</li><li>JR武蔵野線「三郷」駅バス3～8分 徒歩1～4分</li><li>JR武蔵野線「新三郷」駅 徒歩25～29分</li>
saitama,misato,三郷早稲田パークハイツ,84000,,,,,,,三郷市早稲田7,7-6-1号棟,鉄筋コンクリート造,5,N,508号室,3LDK,77,5,80700,3300,2か月,"['近居割', '近居割WIDE']",随時,https://www.ur-net.go.jp/chintai/kanto/saitama/50_2230_room.html?JKSS=706010508,<li>JR武蔵野線「三郷」駅 徒歩17～20分</li><li>JR武蔵野線「三郷」駅バス3～8分 徒歩1～4分</li><li>JR武蔵野線「新三郷」駅 徒歩25～29分</li>
saitama,misato,三郷早稲田パークハイツ,98100,JR武蔵野線「三郷」駅,17.0,20.0,JR武蔵野線「三郷」駅,4.0,12.0,三郷市早稲田7,7-7-1号棟,鉄筋コンクリート造,2,N,205号室,3LDK,77,3,94800,3300,2か月,"['近居割', '近居割WIDE']",随時,https://www.ur-net.go.jp/chintai/kanto/saitama/50_2230_room.html?JKSS=707010205,<li>JR武蔵野線「三郷」駅 徒歩17～20分</li><li>JR武蔵野線「三郷」駅バス3～8分 徒歩1～4分</li><li>JR武蔵野線「新三郷」駅 徒歩25～29分</li>
saitama,misato,三郷早稲田パークハイツ,98100,JR武蔵野線「新三郷」駅,25.0,29.0,,,,三郷市早稲田7,7-7-1号棟,鉄筋コンクリート造,2,N,205号室,3LDK,77,3,94800,3300,2か月,"['近居割', '近居割WIDE']",随時,https://www.ur-net.go.jp/chintai/kanto/saitama/50_2230_room.html?JKSS=707010205,<li>JR武蔵野線「三郷」駅 徒歩17～20分</li><li>JR武蔵野線「三郷」駅バス3～8分 徒歩1～4分</li><li>JR武蔵野線「新三郷」駅 徒歩25～29分</li>
saitama,misato,三郷早稲田パークハイツ,98100,,,,,,,三郷市早稲田7,7-7-1号棟,鉄筋コンクリート造,2,N,205号室,3LDK,77,3,94800,3300,2か月,"['近居割', '近居割WIDE']",随時,https://www.ur-net.go.jp/chintai/kanto/saitama/50_2230_room.html?JKSS=707010205,<li>JR武蔵野線「三郷」駅 徒歩17～20分</li><li>JR武蔵野線「三郷」駅バス3～8分 徒歩1～4分</li><li>JR武蔵野線「新三郷」駅 徒歩25～29分</li>
saitama,shinkoshigaya,コンフォール松原,93800,東武伊勢崎線「獨協大学前」駅,2.0,9.0,,,,草加市松原1-4ほか,30号棟,鉄筋コンクリート造,2,N,203号室,1DK,44,7,90300,3500,2か月,"['近居割', '近居割WIDE']",随時,https://www.ur-net.go.jp/chintai/kanto/saitama/50_4090_room.html?JKSS=000300203,<li>東武伊勢崎線「獨協大学前」駅 徒歩2～9分</li><li>東武伊勢崎線「新田」駅 徒歩15～23分</li><li>東武伊勢崎線「草加」駅 徒歩21～27分</li>
saitama,shinkoshigaya,コンフォール松原,93800,東武伊勢崎線「新田」駅,15.0,23.0,,,,草加市松原1-4ほか,30号棟,鉄筋コンクリート造,2,N,203号室,1DK,44,7,90300,3500,2か月,"['近居割', '近居割WIDE']",随時,https://www.ur-net.go.jp/chintai/kanto/saitama/50_4090_room.html?JKSS=000300203,<li>東武伊勢崎線「獨協大学前」駅 徒歩2～9分</li><li>東武伊勢崎線「新田」駅 徒歩15～23分</li><li>東武伊勢崎線「草加」駅 徒歩21～27分</li>
saitama,shinkoshigaya,コンフォール松原,93800,東武伊勢崎線「草加」駅,21.0,27.0,,,,草加市松原1-4ほか,30号棟,鉄筋コンクリート造,2,N,203号室,1DK,44,7,90300,3500,2か月,"['近居割', '近居割WIDE']",随時,https://www.ur-net.go.jp/chintai/kanto/saitama/50_4090_room.html?JKSS=000300203,<li>東武伊勢崎線「獨協大学前」駅 徒歩2～9分</li><li>東武伊勢崎線「新田」駅 徒歩15～23分</li><li>東武伊勢崎線「草加」駅 徒歩21～27分</li>
saitama,shinkoshigaya,コンフォール松原,93800,,,,,,,草加市松原1-4ほか,30号棟,鉄筋コンクリート造,2,N,203号室,1DK,44,7,90300,3500,2か月,"['近居割', '近居割WIDE']",随時,https://www.ur-net.go.jp/chintai/kanto/saitama/50_4090_room.html?JKSS=000300203,<li>東武伊勢崎線「獨協大学前」駅 徒歩2～9分</li><li>東武伊勢崎線「新田」駅 徒歩15～23分</li><li>東武伊勢崎線「草加」駅 徒歩21～27分</li>
saitama,shinkoshigaya,コンフォール松原,113800,東武伊勢崎線「獨協大学前」駅,2.0,9.0,,,,草加市松原1-4ほか,5号棟,鉄筋コンクリート造,11,N,1106号室,2DK,50,14,110300,3500,2か月,"['近居割', '近居割WIDE']",随時,https://www.ur-net.go.jp/chintai/kanto/saitama/50_4090_room.html?JKSS=000051106,<li>東武伊勢崎線「獨協大学前」駅 徒歩2～9分</li><li>東武伊勢崎線「新田」駅 徒歩15～23分</li><li>東武伊勢崎線「草加」駅 徒歩21～27分</li>
saitama,shinkoshigaya,コンフォール松原,113800,東武伊勢崎線「新田」駅,15.0,23.0,,,,草加市松原1-4ほか,5号棟,鉄筋コンクリート造,11,N,1106号室,2DK,50,14,110300,3500,2か月,"['近居割', '近居割WIDE']",随時,https://www.ur-net.go.jp/chintai/kanto/saitama/50_4090_room.html?JKSS=000051106,<li>東武伊勢崎線「獨協大学前」駅 徒歩2～9分</li><li>東武伊勢崎線「新田」駅 徒歩15～23分</li><li>東武伊勢崎線「草加」駅 徒歩21～27分</li>
saitama,shinkoshigaya,コンフォール松原,113800,東武伊勢崎線「草加」駅,21.0,27.0,,,,草加市松原1-4ほか,5号棟,鉄筋コンクリート造,11,N,1106号室,2DK,50,14,110300,3500,2か月,"['近居割', '近居割WIDE']",随時,https://www.ur-net.go.jp/chintai/kanto/saitama/50_4090_room.html?JKSS=000051106,<li>東武伊勢崎線「獨協大学前」駅 徒歩2～9分</li><li>東武伊勢崎線「新田」駅 徒歩15～23分</li><li>東武伊勢崎線「草加」駅 徒歩21～27分</li>
saitama,shinkoshigaya,コンフォール松原,113800,,,,,,,草加市松原1-4ほか,5号棟,鉄筋コンクリート造,11,N,1106号室,2DK,50,14,110300,3500,2か月,"['近居割', '近居割WIDE']",随時,https://www.ur-net.go.jp/chintai/kanto/saitama/50_4090_room.html?JKSS=000051106,<li>東武伊勢崎線「獨協大学前」駅 徒歩2～9分</li><li>東武伊勢崎線「新田」駅 徒歩15～23分</li><li>東武伊勢崎線「草加」駅 徒歩21～27分</li>
saitama,shinkoshigaya,グリーンアベニュー谷塚,132800,東武伊勢崎線「谷塚」駅,4.0,6.0,,,,草加市谷塚町731-1,3号棟,鉄筋コンクリート造,8,N,802号室,3LDK,72,14,129000,3800,2か月,"['近居割', '近居割WIDE']",随時,https://www.ur-net.go.jp/chintai/kanto/saitama/50_2610_room.html?JKSS=000030802,<li>東武伊勢崎線「谷塚」駅 徒歩4～6分</li><li>東武伊勢崎線「草加」駅 徒歩17～19分</li><li>東武伊勢崎線「竹ノ塚」駅 徒歩39～41分</li>
saitama,shinkoshigaya,グリーンアベニュー谷塚,132800,東武伊勢崎線「草加」駅,17.0,19.0,,,,草加市谷塚町731-1,3号棟,鉄筋コンクリート造,8,N,802号室,3LDK,72,14,129000,3800,2か月,"['近居割', '近居割WIDE']",随時,https://www.ur-net.go.jp/chintai/kanto/saitama/50_2610_room.html?JKSS=000030802,<li>東武伊勢崎線「谷塚」駅 徒歩4～6分</li><li>東武伊勢崎線「草加」駅 徒歩17～19分</li><li>東武伊勢崎線「竹ノ塚」駅 徒歩39～41分</li>
saitama,shinkoshigaya,グリーンアベニュー谷塚,132800,東武伊勢崎線「竹ノ塚」駅,39.0,41.0,,,,草加市谷塚町731-1,3号棟,鉄筋コンクリート造,8,N,802号室,3LDK,72,14,129000,3800,2か月,"['近居割', '近居割WIDE']",随時,https://www.ur-net.go.jp/chintai/kanto/saitama/50_2610_room.html?JKSS=000030802,<li>東武伊勢崎線「谷塚」駅 徒歩4～6分</li><li>東武伊勢崎線「草加」駅 徒歩17～19分</li><li>東武伊勢崎線「竹ノ塚」駅 徒歩39～41分</li>
saitama,shinkoshigaya,グリーンアベニュー谷塚,132800,,,,,,,草加市谷塚町731-1,3号棟,鉄筋コンクリート造,8,N,802号室,3LDK,72,14,129000,3800,2か月,"['近居割', '近居割WIDE']",随時,https://www.ur-net.go.jp/chintai/kanto/saitama/50_2610_room.html?JKSS=000030802,<li>東武伊勢崎線「谷塚」駅 徒歩4～6分</li><li>東武伊勢崎線「草加」駅 徒歩17～19分</li><li>東武伊勢崎線「竹ノ塚」駅 徒歩39～41分</li>
saitama,sengendai,わし宮,42700,東武伊勢崎線「鷲宮」駅,14.0,20.0,,,,久喜市上内478,2-3号棟,鉄筋コンクリート造,5,N,503号室,3K,48,5,38800,3900,2か月,['近居割WIDE'],随時,https://www.ur-net.go.jp/chintai/kanto/saitama/50_1430_room.html?JKSS=000203503,<li>東武伊勢崎線「鷲宮」駅 徒歩14～20分</li><li>JR東北本線「東鷲宮」駅 徒歩22～33分</li><li>JR東北本線「久喜」駅 徒歩41～47分</li>
saitama,sengendai,わし宮,42700,JR東北本線「東鷲宮」駅,22.0,33.0,,,,久喜市上内478,2-3号棟,鉄筋コンクリート造,5,N,503号室,3K,48,5,38800,3900,2か月,['近居割WIDE'],随時,https://www.ur-net.go.jp/chintai/kanto/saitama/50_1430_room.html?JKSS=000203503,<li>東武伊勢崎線「鷲宮」駅 徒歩14～20分</li><li>JR東北本線「東鷲宮」駅 徒歩22～33分</li><li>JR東北本線「久喜」駅 徒歩41～47分</li>
saitama,sengendai,わし宮,42700,JR東北本線「久喜」駅,41.0,47.0,,,,久喜市上内478,2-3号棟,鉄筋コンクリート造,5,N,503号室,3K,48,5,38800,3900,2か月,['近居割WIDE'],随時,https://www.ur-net.go.jp/chintai/kanto/saitama/50_1430_room.html?JKSS=000203503,<li>東武伊勢崎線「鷲宮」駅 徒歩14～20分</li><li>JR東北本線「東鷲宮」駅 徒歩22～33分</li><li>JR東北本線「久喜」駅 徒歩41～47分</li>
saitama,sengendai,わし宮,42700,,,,,,,久喜市上内478,2-3号棟,鉄筋コンクリート造,5,N,503号室,3K,48,5,38800,3900,2か月,['近居割WIDE'],随時,https://www.ur-net.go.jp/chintai/kanto/saitama/50_1430_room.html?JKSS=000203503,<li>東武伊勢崎線「鷲宮」駅 徒歩14～20分</li><li>JR東北本線「東鷲宮」駅 徒歩22～33分</li><li>JR東北本線「久喜」駅 徒歩41～47分</li>
saitama,sengendai,わし宮,42900,東武伊勢崎線「鷲宮」駅,14.0,20.0,,,,久喜市上内478,2-10号棟,鉄筋コンクリート造,5,N,506号室,2LDK,48,5,39000,3900,2か月,['近居割WIDE'],2026年8月4日以降,https://www.ur-net.go.jp/chintai/kanto/saitama/50_1430_room.html?JKSS=000210506,<li>東武伊勢崎線「鷲宮」駅 徒歩14～20分</li><li>JR東北本線「東鷲宮」駅 徒歩22～33分</li><li>JR東北本線「久喜」駅 徒歩41～47分</li>
saitama,sengendai,わし宮,42900,JR東北本線「東鷲宮」駅,22.0,33.0,,,,久喜市上内478,2-10号棟,鉄筋コンクリート造,5,N,506号室,2LDK,48,5,39000,3900,2か月,['近居割WIDE'],2026年8月4日以降,https://www.ur-net.go.jp/chintai/kanto/saitama/50_1430_room.html?JKSS=000210506,<li>東武伊勢崎線「鷲宮」駅 徒歩14～20分</li><li>JR東北本線「東鷲宮」駅 徒歩22～33分</li><li>JR東北本線「久喜」駅 徒歩41～47分</li>
saitama,sengendai,わし宮,42900,JR東北本線「久喜」駅,41.0,47.0,,,,久喜市上内478,2-10号棟,鉄筋コンクリート造,5,N,506号室,2LDK,48,5,39000,3900,2か月,['近居割WIDE'],2026年8月4日以降,https://www.ur-net.go.jp/chintai/kanto/saitama/50_1430_room.html?JKSS=000210506,<li>東武伊勢崎線「鷲宮」駅 徒歩14～20分</li><li>JR東北本線「東鷲宮」駅 徒歩22～33分</li><li>JR東北本線「久喜」駅 徒歩41～47分</li>
saitama,sengendai,わし宮,42900,,,,,,,久喜市上内478,2-10号棟,鉄筋コンクリート造,5,N,506号室,2LDK,48,5,39000,3900,2か月,['近居割WIDE'],2026年8月4日以降,https://www.ur-net.go.jp/chintai/kanto/saitama/50_1430_room.html?JKSS=000210506,<li>東武伊勢崎線「鷲宮」駅 徒歩14～20分</li><li>JR東北本線「東鷲宮」駅 徒歩22～33分</li><li>JR東北本線「久喜」駅 徒歩41～47分</li>
saitama,sengendai,わし宮,45600,東武伊勢崎線「鷲宮」駅,14.0,20.0,,,,久喜市上内478,2-33号棟,鉄筋コンクリート造,5,N,506号室,3DK,52,5,41700,3900,2か月,['近居割WIDE'],随時,https://www.ur-net.go.jp/chintai/kanto/saitama/50_1430_room.html?JKSS=000233506,<li>東武伊勢崎線「鷲宮」駅 徒歩14～20分</li><li>JR東北本線「東鷲宮」駅 徒歩22～33分</li><li>JR東北本線「久喜」駅 徒歩41～47分</li>
saitama,sengendai,わし宮,45600,JR東北本線「東鷲宮」駅,22.0,33.0,,,,久喜市上内478,2-33号棟,鉄筋コンクリート造,5,N,506号室,3DK,52,5,41700,3900,2か月,['近居割WIDE'],随時,https://www.ur-net.go.jp/chintai/kanto/saitama/50_1430_room.html?JKSS=000233506,<li>東武伊勢崎線「鷲宮」駅 徒歩14～20分</li><li>JR東北本線「東鷲宮」駅 徒歩22～33分</li><li>JR東北本線「久喜」駅 徒歩41～47分</li>
saitama,sengendai,わし宮,45600,JR東北本線「久喜」駅,41.0,47.0,,,,久喜市上内478,2-33号棟,鉄筋コンクリート造,5,N,506号室,3DK,52,5,41700,3900,2か月,['近居割WIDE'],随時,https://www.ur-net.go.jp/chintai/kanto/saitama/50_1430_room.html?JKSS=000233506,<li>東武伊勢崎線「鷲宮」駅 徒歩14～20分</li><li>JR東北本線「東鷲宮」駅 徒歩22～33分</li><li>JR東北本線「久喜」駅 徒歩41～47分</li>
saitama,sengendai,わし宮,45600,,,,,,,久喜市上内478,2-33号棟,鉄筋コンクリート造,5,N,506号室,3DK,52,5,41700,3900,2か月,['近居割WIDE'],随時,https://www.ur-net.go.jp/chintai/kanto/saitama/50_1430_room.html?JKSS=000233506,<li>東武伊勢崎線「鷲宮」駅 徒歩14～20分</li><li>JR東北本線「東鷲宮」駅 徒歩22～33分</li><li>JR東北本線「久喜」駅 徒歩41～47分</li>
saitama,sengendai,わし宮,45800,東武伊勢崎線「鷲宮」駅,14.0,20.0,,,,久喜市上内478,2-28号棟,鉄筋コンクリート造,5,N,508号室,3DK,52,5,41900,3900,2か月,['フリレ１か月'],随時,https://www.ur-net.go.jp/chintai/kanto/saitama/50_1430_room.html?JKSS=000228508,<li>東武伊勢崎線「鷲宮」駅 徒歩14～20分</li><li>JR東北本線「東鷲宮」駅 徒歩22～33分</li><li>JR東北本線「久喜」駅 徒歩41～47分</li>
saitama,sengendai,わし宮,45800,JR東北本線「東鷲宮」駅,22.0,33.0,,,,久喜市上内478,2-28号棟,鉄筋コンクリート造,5,N,508号室,3DK,52,5,41900,3900,2か月,['フリレ１か月'],随時,https://www.ur-net.go.jp/chintai/kanto/saitama/50_1430_room.html?JKSS=000228508,<li>東武伊勢崎線「鷲宮」駅 徒歩14～20分</li><li>JR東北本線「東鷲宮」駅 徒歩22～33分</li><li>JR東北本線「久喜」駅 徒歩41～47分</li>
saitama,sengendai,わし宮,45800,JR東北本線「久喜」駅,41.0,47.0,,,,久喜市上内478,2-28号棟,鉄筋コンクリート造,5,N,508号室,3DK,52,5,41900,3900,2か月,['フリレ１か月'],随時,https://www.ur-net.go.jp/chintai/kanto/saitama/50_1430_room.html?JKSS=000228508,<li>東武伊勢崎線「鷲宮」駅 徒歩14～20分</li><li>JR東北本線「東鷲宮」駅 徒歩22～33分</li><li>JR東北本線「久喜」駅 徒歩41～47分</li>
saitama,sengendai,わし宮,45800,,,,,,,久喜市上内478,2-28号棟,鉄筋コンクリート造,5,N,508号室,3DK,52,5,41900,3900,2か月,['フリレ１か月'],随時,https://www.ur-net.go.jp/chintai/kanto/saitama/50_1430_room.html?JKSS=000228508,<li>東武伊勢崎線「鷲宮」駅 徒歩14～20分</li><li>JR東北本線「東鷲宮」駅 徒歩22～33分</li><li>JR東北本線「久喜」駅 徒歩41～47分</li>
saitama,sengendai,わし宮,47200,東武伊勢崎線「鷲宮」駅,14.0,20.0,,,,久喜市上内478,2-28号棟,鉄筋コンクリート造,4,N,406号室,3DK,52,5,43300,3900,2か月,['近居割WIDE'],2026年8月7日以降,https://www.ur-net.go.jp/chintai/kanto/saitama/50_1430_room.html?JKSS=000228406,<li>東武伊勢崎線「鷲宮」駅 徒歩14～20分</li><li>JR東北本線「東鷲宮」駅 徒歩22～33分</li><li>JR東北本線「久喜」駅 徒歩41～47分</li>
saitama,sengendai,わし宮,47200,JR東北本線「東鷲宮」駅,22.0,33.0,,,,久喜市上内478,2-28号棟,鉄筋コンクリート造,4,N,406号室,3DK,52,5,43300,3900,2か月,['近居割WIDE'],2026年8月7日以降,https://www.ur-net.go.jp/chintai/kanto/saitama/50_1430_room.html?JKSS=000228406,<li>東武伊勢崎線「鷲宮」駅 徒歩14～20分</li><li>JR東北本線「東鷲宮」駅 徒歩22～33分</li><li>JR東北本線「久喜」駅 徒歩41～47分</li>
saitama,sengendai,わし宮,47200,JR東北本線「久喜」駅,41.0,47.0,,,,久喜市上内478,2-28号棟,鉄筋コンクリート造,4,N,406号室,3DK,52,5,43300,3900,2か月,['近居割WIDE'],2026年8月7日以降,https://www.ur-net.go.jp/chintai/kanto/saitama/50_1430_room.html?JKSS=000228406,<li>東武伊勢崎線「鷲宮」駅 徒歩14～20分</li><li>JR東北本線「東鷲宮」駅 徒歩22～33分</li><li>JR東北本線「久喜」駅 徒歩41～47分</li>
saitama,sengendai,わし宮,47200,,,,,,,久喜市上内478,2-28号棟,鉄筋コンクリート造,4,N,406号室,3DK,52,5,43300,3900,2か月,['近居割WIDE'],2026年8月7日以降,https://www.ur-net.go.jp/chintai/kanto/saitama/50_1430_room.html?JKSS=000228406,<li>東武伊勢崎線「鷲宮」駅 徒歩14～20分</li><li>JR東北本線「東鷲宮」駅 徒歩22～33分</li><li>JR東北本線「久喜」駅 徒歩41～47分</li>
saitama,sengendai,久喜青葉,42900,,,,湘南新宿ライン「久喜」駅,8.0,17.0,久喜市青葉1,1-28号棟,鉄筋コンクリート造,4,N,405号室,2DK,43,5,39800,3100,2か月,['近居割'],2026年8月4日以降,https://www.ur-net.go.jp/chintai/kanto/saitama/50_1640_room.html?JKSS=001280405,<li>湘南新宿ライン「久喜」駅バス7～10分 徒歩1～7分</li><li>東武伊勢崎線「久喜」駅バス7～10分 徒歩1～7分</li><li>東武日光線「幸手」駅 徒歩25～35分</li>
saitama,sengendai,久喜青葉,42900,,,,東武伊勢崎線「久喜」駅,8.0,17.0,久喜市青葉1,1-28号棟,鉄筋コンクリート造,4,N,405号室,2DK,43,5,39800,3100,2か月,['近居割'],2026年8月4日以降,https://www.ur-net.go.jp/chintai/kanto/saitama/50_1640_room.html?JKSS=001280405,<li>湘南新宿ライン「久喜」駅バス7～10分 徒歩1～7分</li><li>東武伊勢崎線「久喜」駅バス7～10分 徒歩1～7分</li><li>東武日光線「幸手」駅 徒歩25～35分</li>
saitama,sengendai,久喜青葉,42900,東武日光線「幸手」駅,25.0,35.0,,,,久喜市青葉1,1-28号棟,鉄筋コンクリート造,4,N,405号室,2DK,43,5,39800,3100,2か月,['近居割'],2026年8月4日以降,https://www.ur-net.go.jp/chintai/kanto/saitama/50_1640_room.html?JKSS=001280405,<li>湘南新宿ライン「久喜」駅バス7～10分 徒歩1～7分</li><li>東武伊勢崎線「久喜」駅バス7～10分 徒歩1～7分</li><li>東武日光線「幸手」駅 徒歩25～35分</li>
saitama,sengendai,久喜青葉,42900,,,,,,,久喜市青葉1,1-28号棟,鉄筋コンクリート造,4,N,405号室,2DK,43,5,39800,3100,2か月,['近居割'],2026年8月4日以降,https://www.ur-net.go.jp/chintai/kanto/saitama/50_1640_room.html?JKSS=001280405,<li>湘南新宿ライン「久喜」駅バス7～10分 徒歩1～7分</li><li>東武伊勢崎線「久喜」駅バス7～10分 徒歩1～7分</li><li>東武日光線「幸手」駅 徒歩25～35分</li>
saitama,sengendai,久喜青葉,44600,,,,湘南新宿ライン「久喜」駅,8.0,17.0,久喜市青葉1,2-6号棟,鉄筋コンクリート造,5,N,501号室,3K,47,5,41500,3100,2か月,['近居割'],随時,https://www.ur-net.go.jp/chintai/kanto/saitama/50_1640_room.html?JKSS=002060501,<li>湘南新宿ライン「久喜」駅バス7～10分 徒歩1～7分</li><li>東武伊勢崎線「久喜」駅バス7～10分 徒歩1～7分</li><li>東武日光線「幸手」駅 徒歩25～35分</li>
saitama,sengendai,久喜青葉,44600,,,,東武伊勢崎線「久喜」駅,8.0,17.0,久喜市青葉1,2-6号棟,鉄筋コンクリート造,5,N,501号室,3K,47,5,41500,3100,2か月,['近居割'],随時,https://www.ur-net.go.jp/chintai/kanto/saitama/50_1640_room.html?JKSS=002060501,<li>湘南新宿ライン「久喜」駅バス7～10分 徒歩1～7分</li><li>東武伊勢崎線「久喜」駅バス7～10分 徒歩1～7分</li><li>東武日光線「幸手」駅 徒歩25～35分</li>
saitama,sengendai,久喜青葉,44600,東武日光線「幸手」駅,25.0,35.0,,,,久喜市青葉1,2-6号棟,鉄筋コンクリート造,5,N,501号室,3K,47,5,41500,3100,2か月,['近居割'],随時,https://www.ur-net.go.jp/chintai/kanto/saitama/50_1640_room.html?JKSS=002060501,<li>湘南新宿ライン「久喜」駅バス7～10分 徒歩1～7分</li><li>東武伊勢崎線「久喜」駅バス7～10分 徒歩1～7分</li><li>東武日光線「幸手」駅 徒歩25～35分</li>
saitama,sengendai,久喜青葉,44600,,,,,,,久喜市青葉1,2-6号棟,鉄筋コンクリート造,5,N,501号室,3K,47,5,41500,3100,2か月,['近居割'],随時,https://www.ur-net.go.jp/chintai/kanto/saitama/50_1640_room.html?JKSS=002060501,<li>湘南新宿ライン「久喜」駅バス7～10分 徒歩1～7分</li><li>東武伊勢崎線「久喜」駅バス7～10分 徒歩1～7分</li><li>東武日光線「幸手」駅 徒歩25～35分</li>
saitama,sengendai,久喜青葉,45600,,,,湘南新宿ライン「久喜」駅,8.0,17.0,久喜市青葉1,2-4号棟,鉄筋コンクリート造,4,N,403号室,3K,47,5,42500,3100,2か月,['近居割'],随時,https://www.ur-net.go.jp/chintai/kanto/saitama/50_1640_room.html?JKSS=002040403,<li>湘南新宿ライン「久喜」駅バス7～10分 徒歩1～7分</li><li>東武伊勢崎線「久喜」駅バス7～10分 徒歩1～7分</li><li>東武日光線「幸手」駅 徒歩25～35分</li>
saitama,sengendai,久喜青葉,45600,,,,東武伊勢崎線「久喜」駅,8.0,17.0,久喜市青葉1,2-4号棟,鉄筋コンクリート造,4,N,403号室,3K,47,5,42500,3100,2か月,['近居割'],随時,https://www.ur-net.go.jp/chintai/kanto/saitama/50_1640_room.html?JKSS=002040403,<li>湘南新宿ライン「久喜」駅バス7～10分 徒歩1～7分</li><li>東武伊勢崎線「久喜」駅バス7～10分 徒歩1～7分</li><li>東武日光線「幸手」駅 徒歩25～35分</li>
saitama,sengendai,久喜青葉,45600,東武日光線「幸手」駅,25.0,35.0,,,,久喜市青葉1,2-4号棟,鉄筋コンクリート造,4,N,403号室,3K,47,5,42500,3100,2か月,['近居割'],随時,https://www.ur-net.go.jp/chintai/kanto/saitama/50_1640_room.html?JKSS=002040403,<li>湘南新宿ライン「久喜」駅バス7～10分 徒歩1～7分</li><li>東武伊勢崎線「久喜」駅バス7～10分 徒歩1～7分</li><li>東武日光線「幸手」駅 徒歩25～35分</li>
saitama,sengendai,久喜青葉,45600,,,,,,,久喜市青葉1,2-4号棟,鉄筋コンクリート造,4,N,403号室,3K,47,5,42500,3100,2か月,['近居割'],随時,https://www.ur-net.go.jp/chintai/kanto/saitama/50_1640_room.html?JKSS=002040403,<li>湘南新宿ライン「久喜」駅バス7～10分 徒歩1～7分</li><li>東武伊勢崎線「久喜」駅バス7～10分 徒歩1～7分</li><li>東武日光線「幸手」駅 徒歩25～35分</li>
saitama,sengendai,久喜青葉,46700,,,,湘南新宿ライン「久喜」駅,8.0,17.0,久喜市青葉1,2-6号棟,鉄筋コンクリート造,1,N,101号室,3K,47,5,43600,3100,2か月,['近居割'],2026年8月7日以降,https://www.ur-net.go.jp/chintai/kanto/saitama/50_1640_room.html?JKSS=002060101,<li>湘南新宿ライン「久喜」駅バス7～10分 徒歩1～7分</li><li>東武伊勢崎線「久喜」駅バス7～10分 徒歩1～7分</li><li>東武日光線「幸手」駅 徒歩25～35分</li>
saitama,sengendai,久喜青葉,46700,,,,東武伊勢崎線「久喜」駅,8.0,17.0,久喜市青葉1,2-6号棟,鉄筋コンクリート造,1,N,101号室,3K,47,5,43600,3100,2か月,['近居割'],2026年8月7日以降,https://www.ur-net.go.jp/chintai/kanto/saitama/50_1640_room.html?JKSS=002060101,<li>湘南新宿ライン「久喜」駅バス7～10分 徒歩1～7分</li><li>東武伊勢崎線「久喜」駅バス7～10分 徒歩1～7分</li><li>東武日光線「幸手」駅 徒歩25～35分</li>
saitama,sengendai,久喜青葉,46700,東武日光線「幸手」駅,25.0,35.0,,,,久喜市青葉1,2-6号棟,鉄筋コンクリート造,1,N,101号室,3K,47,5,43600,3100,2か月,['近居割'],2026年8月7日以降,https://www.ur-net.go.jp/chintai/kanto/saitama/50_1640_room.html?JKSS=002060101,<li>湘南新宿ライン「久喜」駅バス7～10分 徒歩1～7分</li><li>東武伊勢崎線「久喜」駅バス7～10分 徒歩1～7分</li><li>東武日光線「幸手」駅 徒歩25～35分</li>
saitama,sengendai,久喜青葉,46700,,,,,,,久喜市青葉1,2-6号棟,鉄筋コンクリート造,1,N,101号室,3K,47,5,43600,3100,2か月,['近居割'],2026年8月7日以降,https://www.ur-net.go.jp/chintai/kanto/saitama/50_1640_room.html?JKSS=002060101,<li>湘南新宿ライン「久喜」駅バス7～10分 徒歩1～7分</li><li>東武伊勢崎線「久喜」駅バス7～10分 徒歩1～7分</li><li>東武日光線「幸手」駅 徒歩25～35分</li>
saitama,sengendai,久喜青葉,46800,,,,湘南新宿ライン「久喜」駅,8.0,17.0,久喜市青葉1,2-13号棟,鉄筋コンクリート造,5,N,503号室,2LDK,50,5,43700,3100,2か月,['近居割'],随時,https://www.ur-net.go.jp/chintai/kanto/saitama/50_1640_room.html?JKSS=002130503,<li>湘南新宿ライン「久喜」駅バス7～10分 徒歩1～7分</li><li>東武伊勢崎線「久喜」駅バス7～10分 徒歩1～7分</li><li>東武日光線「幸手」駅 徒歩25～35分</li>
saitama,sengendai,久喜青葉,46800,,,,東武伊勢崎線「久喜」駅,8.0,17.0,久喜市青葉1,2-13号棟,鉄筋コンクリート造,5,N,503号室,2LDK,50,5,43700,3100,2か月,['近居割'],随時,https://www.ur-net.go.jp/chintai/kanto/saitama/50_1640_room.html?JKSS=002130503,<li>湘南新宿ライン「久喜」駅バス7～10分 徒歩1～7分</li><li>東武伊勢崎線「久喜」駅バス7～10分 徒歩1～7分</li><li>東武日光線「幸手」駅 徒歩25～35分</li>
saitama,sengendai,久喜青葉,46800,東武日光線「幸手」駅,25.0,35.0,,,,久喜市青葉1,2-13号棟,鉄筋コンクリート造,5,N,503号室,2LDK,50,5,43700,3100,2か月,['近居割'],随時,https://www.ur-net.go.jp/chintai/kanto/saitama/50_1640_room.html?JKSS=002130503,<li>湘南新宿ライン「久喜」駅バス7～10分 徒歩1～7分</li><li>東武伊勢崎線「久喜」駅バス7～10分 徒歩1～7分</li><li>東武日光線「幸手」駅 徒歩25～35分</li>
saitama,sengendai,久喜青葉,46800,,,,,,,久喜市青葉1,2-13号棟,鉄筋コンクリート造,5,N,503号室,2LDK,50,5,43700,3100,2か月,['近居割'],随時,https://www.ur-net.go.jp/chintai/kanto/saitama/50_1640_room.html?JKSS=002130503,<li>湘南新宿ライン「久喜」駅バス7～10分 徒歩1～7分</li><li>東武伊勢崎線「久喜」駅バス7～10分 徒歩1～7分</li><li>東武日光線「幸手」駅 徒歩25～35分</li>
saitama,sengendai,幸手,46200,東武日光線「杉戸高野台」駅,9.0,17.0,,,,幸手市栄,2-6号棟,鉄筋コンクリート造、鉄骨鉄筋コンクリート造,5,N,503号室,3DK,55,5,43900,2300,2か月,"['近居割', '近居割WIDE']",随時,https://www.ur-net.go.jp/chintai/kanto/saitama/50_1520_room.html?JKSS=000206503,<li>東武日光線「杉戸高野台」駅 徒歩9～17分</li>
saitama,sengendai,幸手,46200,,,,,,,幸手市栄,2-6号棟,鉄筋コンクリート造、鉄骨鉄筋コンクリート造,5,N,503号室,3DK,55,5,43900,2300,2か月,"['近居割', '近居割WIDE']",随時,https://www.ur-net.go.jp/chintai/kanto/saitama/50_1520_room.html?JKSS=000206503,<li>東武日光線「杉戸高野台」駅 徒歩9～17分</li>
saitama,sengendai,幸手,46300,東武日光線「杉戸高野台」駅,9.0,17.0,,,,幸手市栄,2-14号棟,鉄筋コンクリート造、鉄骨鉄筋コンクリート造,5,N,505号室,3DK,55,5,44000,2300,2か月,"['近居割', '近居割WIDE']",随時,https://www.ur-net.go.jp/chintai/kanto/saitama/50_1520_room.html?JKSS=000214505,<li>東武日光線「杉戸高野台」駅 徒歩9～17分</li>
saitama,sengendai,幸手,46300,,,,,,,幸手市栄,2-14号棟,鉄筋コンクリート造、鉄骨鉄筋コンクリート造,5,N,505号室,3DK,55,5,44000,2300,2か月,"['近居割', '近居割WIDE']",随時,https://www.ur-net.go.jp/chintai/kanto/saitama/50_1520_room.html?JKSS=000214505,<li>東武日光線「杉戸高野台」駅 徒歩9～17分</li>
saitama,sengendai,幸手,53900,東武日光線「杉戸高野台」駅,9.0,17.0,,,,幸手市栄,3-10号棟,鉄筋コンクリート造、鉄骨鉄筋コンクリート造,1,N,102号室,3DK,55,5,51600,2300,2か月,['健康寿命サポート'],随時,https://www.ur-net.go.jp/chintai/kanto/saitama/50_1520_room.html?JKSS=000310102,<li>東武日光線「杉戸高野台」駅 徒歩9～17分</li>
saitama,sengendai,幸手,53900,,,,,,,幸手市栄,3-10号棟,鉄筋コンクリート造、鉄骨鉄筋コンクリート造,1,N,102号室,3DK,55,5,51600,2300,2か月,['健康寿命サポート'],随時,https://www.ur-net.go.jp/chintai/kanto/saitama/50_1520_room.html?JKSS=000310102,<li>東武日光線「杉戸高野台」駅 徒歩9～17分</li>
saitama,misato,吉川,105100,,,,JR武蔵野線「吉川」駅,6.0,11.0,吉川市吉川団地,4-18号棟,鉄筋コンクリート造,2,N,202号室,3LDK,85,5,102000,3100,2か月,"['近居割', '近居割WIDE']",随時,https://www.ur-net.go.jp/chintai/kanto/saitama/50_1551_room.html?JKSS=000418202,<li>JR武蔵野線「吉川」駅バス5～6分 徒歩1～5分</li>
saitama,misato,吉川,105100,,,,,,,吉川市吉川団地,4-18号棟,鉄筋コンクリート造,2,N,202号室,3LDK,85,5,102000,3100,2か月,"['近居割', '近居割WIDE']",随時,https://www.ur-net.go.jp/chintai/kanto/saitama/50_1551_room.html?JKSS=000418202,<li>JR武蔵野線「吉川」駅バス5～6分 徒歩1～5分</li>
saitama,misato,吉川,105200,,,,JR武蔵野線「吉川」駅,6.0,11.0,吉川市吉川団地,4-18号棟,鉄筋コンクリート造,5,N,505号室,4LDK,98,5,102100,3100,2か月,"['近居割', '近居割WIDE']",随時,https://www.ur-net.go.jp/chintai/kanto/saitama/50_1551_room.html?JKSS=000418505,<li>JR武蔵野線「吉川」駅バス5～6分 徒歩1～5分</li>
saitama,misato,吉川,105200,,,,,,,吉川市吉川団地,4-18号棟,鉄筋コンクリート造,5,N,505号室,4LDK,98,5,102100,3100,2か月,"['近居割', '近居割WIDE']",随時,https://www.ur-net.go.jp/chintai/kanto/saitama/50_1551_room.html?JKSS=000418505,<li>JR武蔵野線「吉川」駅バス5～6分 徒歩1～5分</li>
saitama,misato,吉川,106200,,,,JR武蔵野線「吉川」駅,6.0,11.0,吉川市吉川団地,5-17号棟,鉄筋コンクリート造,4,N,406号室,3LDK,85,5,103100,3100,2か月,"['近居割', '近居割WIDE']",随時,https://www.ur-net.go.jp/chintai/kanto/saitama/50_1551_room.html?JKSS=000517406,<li>JR武蔵野線「吉川」駅バス5～6分 徒歩1～5分</li>
saitama,misato,吉川,106200,,,,,,,吉川市吉川団地,5-17号棟,鉄筋コンクリート造,4,N,406号室,3LDK,85,5,103100,3100,2か月,"['近居割', '近居割WIDE']",随時,https://www.ur-net.go.jp/chintai/kanto/saitama/50_1551_room.html?JKSS=000517406,<li>JR武蔵野線「吉川」駅バス5～6分 徒歩1～5分</li>
saitama,misato,吉川,112900,,,,JR武蔵野線「吉川」駅,6.0,11.0,吉川市吉川団地,5-17号棟,鉄筋コンクリート造,3,N,301号室,4LDK,92,5,109800,3100,2か月,"['近居割', '近居割WIDE']",随時,https://www.ur-net.go.jp/chintai/kanto/saitama/50_1551_room.html?JKSS=000517301,<li>JR武蔵野線「吉川」駅バス5～6分 徒歩1～5分</li>
saitama,misato,吉川,112900,,,,,,,吉川市吉川団地,5-17号棟,鉄筋コンクリート造,3,N,301号室,4LDK,92,5,109800,3100,2か月,"['近居割', '近居割WIDE']",随時,https://www.ur-net.go.jp/chintai/kanto/saitama/50_1551_room.html?JKSS=000517301,<li>JR武蔵野線「吉川」駅バス5～6分 徒歩1～5分</li>
saitama,misato,吉川,113800,,,,JR武蔵野線「吉川」駅,6.0,11.0,吉川市吉川団地,4-18号棟,鉄筋コンクリート造,3,N,305号室,4LDK,98,5,110700,3100,2か月,"['近居割', '近居割WIDE']",随時,https://www.ur-net.go.jp/chintai/kanto/saitama/50_1551_room.html?JKSS=000418305,<li>JR武蔵野線「吉川」駅バス5～6分 徒歩1～5分</li>
saitama,misato,吉川,113800,,,,,,,吉川市吉川団地,4-18号棟,鉄筋コンクリート造,3,N,305号室,4LDK,98,5,110700,3100,2か月,"['近居割', '近居割WIDE']",随時,https://www.ur-net.go.jp/chintai/kanto/saitama/50_1551_room.html?JKSS=000418305,<li>JR武蔵野線「吉川」駅バス5～6分 徒歩1～5分</li>
saitama,higashiomiya,北大宮,87850,東武アーバンパークライン「北大宮」駅,7.0,7.0,,,,さいたま市北区植竹町1-60-1,,鉄筋コンクリート造,3,N,305号室,3DK,64,5,82900,4950,2か月,['近居割'],随時,https://www.ur-net.go.jp/chintai/kanto/saitama/50_1810_room.html?JKSS=000000305,<li>東武アーバンパークライン「北大宮」駅 徒歩7分</li>
saitama,higashiomiya,北大宮,87850,,,,,,,さいたま市北区植竹町1-60-1,,鉄筋コンクリート造,3,N,305号室,3DK,64,5,82900,4950,2か月,['近居割'],随時,https://www.ur-net.go.jp/chintai/kanto/saitama/50_1810_room.html?JKSS=000000305,<li>東武アーバンパークライン「北大宮」駅 徒歩7分</li>
saitama,kawaguchi,コンフォール東鳩ヶ谷,105900,埼玉高速鉄道「新井宿」駅,12.0,12.0,,,,川口市桜町4-4,4号棟,鉄筋コンクリート造,7,N,702号室,2DK,50,12,101500,4400,2か月,['近居割'],随時,https://www.ur-net.go.jp/chintai/kanto/saitama/50_4020_room.html?JKSS=000040702,<li>埼玉高速鉄道「新井宿」駅 徒歩12分</li><li>JR京浜東北・根岸線「西川口」駅バス25分 徒歩1～3分</li><li>JR京浜東北・根岸線「赤羽」駅バス27分 徒歩1～3分</li>
saitama,kawaguchi,コンフォール東鳩ヶ谷,105900,,,,JR京浜東北・根岸線「西川口」駅,26.0,28.0,川口市桜町4-4,4号棟,鉄筋コンクリート造,7,N,702号室,2DK,50,12,101500,4400,2か月,['近居割'],随時,https://www.ur-net.go.jp/chintai/kanto/saitama/50_4020_room.html?JKSS=000040702,<li>埼玉高速鉄道「新井宿」駅 徒歩12分</li><li>JR京浜東北・根岸線「西川口」駅バス25分 徒歩1～3分</li><li>JR京浜東北・根岸線「赤羽」駅バス27分 徒歩1～3分</li>
saitama,kawaguchi,コンフォール東鳩ヶ谷,105900,,,,JR京浜東北・根岸線「赤羽」駅,28.0,30.0,川口市桜町4-4,4号棟,鉄筋コンクリート造,7,N,702号室,2DK,50,12,101500,4400,2か月,['近居割'],随時,https://www.ur-net.go.jp/chintai/kanto/saitama/50_4020_room.html?JKSS=000040702,<li>埼玉高速鉄道「新井宿」駅 徒歩12分</li><li>JR京浜東北・根岸線「西川口」駅バス25分 徒歩1～3分</li><li>JR京浜東北・根岸線「赤羽」駅バス27分 徒歩1～3分</li>
saitama,kawaguchi,コンフォール東鳩ヶ谷,105900,,,,,,,川口市桜町4-4,4号棟,鉄筋コンクリート造,7,N,702号室,2DK,50,12,101500,4400,2か月,['近居割'],随時,https://www.ur-net.go.jp/chintai/kanto/saitama/50_4020_room.html?JKSS=000040702,<li>埼玉高速鉄道「新井宿」駅 徒歩12分</li><li>JR京浜東北・根岸線「西川口」駅バス25分 徒歩1～3分</li><li>JR京浜東北・根岸線「赤羽」駅バス27分 徒歩1～3分</li>
saitama,kawaguchi,コンフォール東鳩ヶ谷,106200,埼玉高速鉄道「新井宿」駅,12.0,12.0,,,,川口市桜町4-4,2号棟,鉄筋コンクリート造,7,N,703号室,2DK,49,7,101800,4400,2か月,['近居割'],随時,https://www.ur-net.go.jp/chintai/kanto/saitama/50_4020_room.html?JKSS=000020703,<li>埼玉高速鉄道「新井宿」駅 徒歩12分</li><li>JR京浜東北・根岸線「西川口」駅バス25分 徒歩1～3分</li><li>JR京浜東北・根岸線「赤羽」駅バス27分 徒歩1～3分</li>
saitama,kawaguchi,コンフォール東鳩ヶ谷,106200,,,,JR京浜東北・根岸線「西川口」駅,26.0,28.0,川口市桜町4-4,2号棟,鉄筋コンクリート造,7,N,703号室,2DK,49,7,101800,4400,2か月,['近居割'],随時,https://www.ur-net.go.jp/chintai/kanto/saitama/50_4020_room.html?JKSS=000020703,<li>埼玉高速鉄道「新井宿」駅 徒歩12分</li><li>JR京浜東北・根岸線「西川口」駅バス25分 徒歩1～3分</li><li>JR京浜東北・根岸線「赤羽」駅バス27分 徒歩1～3分</li>
saitama,kawaguchi,コンフォール東鳩ヶ谷,106200,,,,JR京浜東北・根岸線「赤羽」駅,28.0,30.0,川口市桜町4-4,2号棟,鉄筋コンクリート造,7,N,703号室,2DK,49,7,101800,4400,2か月,['近居割'],随時,https://www.ur-net.go.jp/chintai/kanto/saitama/50_4020_room.html?JKSS=000020703,<li>埼玉高速鉄道「新井宿」駅 徒歩12分</li><li>JR京浜東北・根岸線「西川口」駅バス25分 徒歩1～3分</li><li>JR京浜東北・根岸線「赤羽」駅バス27分 徒歩1～3分</li>
saitama,kawaguchi,コンフォール東鳩ヶ谷,106200,,,,,,,川口市桜町4-4,2号棟,鉄筋コンクリート造,7,N,703号室,2DK,49,7,101800,4400,2か月,['近居割'],随時,https://www.ur-net.go.jp/chintai/kanto/saitama/50_4020_room.html?JKSS=000020703,<li>埼玉高速鉄道「新井宿」駅 徒歩12分</li><li>JR京浜東北・根岸線「西川口」駅バス25分 徒歩1～3分</li><li>JR京浜東北・根岸線「赤羽」駅バス27分 徒歩1～3分</li>
saitama,kawaguchi,コンフォール東鳩ヶ谷,115300,埼玉高速鉄道「新井宿」駅,12.0,12.0,,,,川口市桜町4-4,3号棟,鉄筋コンクリート造,8,N,803号室,1LDK,49,10,110900,4400,2か月,['近居割'],随時,https://www.ur-net.go.jp/chintai/kanto/saitama/50_4020_room.html?JKSS=000030803,<li>埼玉高速鉄道「新井宿」駅 徒歩12分</li><li>JR京浜東北・根岸線「西川口」駅バス25分 徒歩1～3分</li><li>JR京浜東北・根岸線「赤羽」駅バス27分 徒歩1～3分</li>
saitama,kawaguchi,コンフォール東鳩ヶ谷,115300,,,,JR京浜東北・根岸線「西川口」駅,26.0,28.0,川口市桜町4-4,3号棟,鉄筋コンクリート造,8,N,803号室,1LDK,49,10,110900,4400,2か月,['近居割'],随時,https://www.ur-net.go.jp/chintai/kanto/saitama/50_4020_room.html?JKSS=000030803,<li>埼玉高速鉄道「新井宿」駅 徒歩12分</li><li>JR京浜東北・根岸線「西川口」駅バス25分 徒歩1～3分</li><li>JR京浜東北・根岸線「赤羽」駅バス27分 徒歩1～3分</li>
saitama,kawaguchi,コンフォール東鳩ヶ谷,115300,,,,JR京浜東北・根岸線「赤羽」駅,28.0,30.0,川口市桜町4-4,3号棟,鉄筋コンクリート造,8,N,803号室,1LDK,49,10,110900,4400,2か月,['近居割'],随時,https://www.ur-net.go.jp/chintai/kanto/saitama/50_4020_room.html?JKSS=000030803,<li>埼玉高速鉄道「新井宿」駅 徒歩12分</li><li>JR京浜東北・根岸線「西川口」駅バス25分 徒歩1～3分</li><li>JR京浜東北・根岸線「赤羽」駅バス27分 徒歩1～3分</li>
saitama,kawaguchi,コンフォール東鳩ヶ谷,115300,,,,,,,川口市桜町4-4,3号棟,鉄筋コンクリート造,8,N,803号室,1LDK,49,10,110900,4400,2か月,['近居割'],随時,https://www.ur-net.go.jp/chintai/kanto/saitama/50_4020_room.html?JKSS=000030803,<li>埼玉高速鉄道「新井宿」駅 徒歩12分</li><li>JR京浜東北・根岸線「西川口」駅バス25分 徒歩1～3分</li><li>JR京浜東北・根岸線「赤羽」駅バス27分 徒歩1～3分</li>
saitama,kawaguchi,コンフォール東鳩ヶ谷,116000,埼玉高速鉄道「新井宿」駅,12.0,12.0,,,,川口市桜町4-4,4号棟,鉄筋コンクリート造,4,N,401号室,2DK,57,12,111600,4400,2か月,['近居割'],随時,https://www.ur-net.go.jp/chintai/kanto/saitama/50_4020_room.html?JKSS=000040401,<li>埼玉高速鉄道「新井宿」駅 徒歩12分</li><li>JR京浜東北・根岸線「西川口」駅バス25分 徒歩1～3分</li><li>JR京浜東北・根岸線「赤羽」駅バス27分 徒歩1～3分</li>
saitama,kawaguchi,コンフォール東鳩ヶ谷,116000,,,,JR京浜東北・根岸線「西川口」駅,26.0,28.0,川口市桜町4-4,4号棟,鉄筋コンクリート造,4,N,401号室,2DK,57,12,111600,4400,2か月,['近居割'],随時,https://www.ur-net.go.jp/chintai/kanto/saitama/50_4020_room.html?JKSS=000040401,<li>埼玉高速鉄道「新井宿」駅 徒歩12分</li><li>JR京浜東北・根岸線「西川口」駅バス25分 徒歩1～3分</li><li>JR京浜東北・根岸線「赤羽」駅バス27分 徒歩1～3分</li>
saitama,kawaguchi,コンフォール東鳩ヶ谷,116000,,,,JR京浜東北・根岸線「赤羽」駅,28.0,30.0,川口市桜町4-4,4号棟,鉄筋コンクリート造,4,N,401号室,2DK,57,12,111600,4400,2か月,['近居割'],随時,https://www.ur-net.go.jp/chintai/kanto/saitama/50_4020_room.html?JKSS=000040401,<li>埼玉高速鉄道「新井宿」駅 徒歩12分</li><li>JR京浜東北・根岸線「西川口」駅バス25分 徒歩1～3分</li><li>JR京浜東北・根岸線「赤羽」駅バス27分 徒歩1～3分</li>
saitama,kawaguchi,コンフォール東鳩ヶ谷,116000,,,,,,,川口市桜町4-4,4号棟,鉄筋コンクリート造,4,N,401号室,2DK,57,12,111600,4400,2か月,['近居割'],随時,https://www.ur-net.go.jp/chintai/kanto/saitama/50_4020_room.html?JKSS=000040401,<li>埼玉高速鉄道「新井宿」駅 徒歩12分</li><li>JR京浜東北・根岸線「西川口」駅バス25分 徒歩1～3分</li><li>JR京浜東北・根岸線「赤羽」駅バス27分 徒歩1～3分</li>
saitama,kawaguchi,コンフォール東鳩ヶ谷,129100,埼玉高速鉄道「新井宿」駅,12.0,12.0,,,,川口市桜町4-4,1号棟,鉄筋コンクリート造,6,N,606号室,2LDK,64,7,124700,4400,2か月,['近居割'],随時,https://www.ur-net.go.jp/chintai/kanto/saitama/50_4020_room.html?JKSS=000010606,<li>埼玉高速鉄道「新井宿」駅 徒歩12分</li><li>JR京浜東北・根岸線「西川口」駅バス25分 徒歩1～3分</li><li>JR京浜東北・根岸線「赤羽」駅バス27分 徒歩1～3分</li>
saitama,kawaguchi,コンフォール東鳩ヶ谷,129100,,,,JR京浜東北・根岸線「西川口」駅,26.0,28.0,川口市桜町4-4,1号棟,鉄筋コンクリート造,6,N,606号室,2LDK,64,7,124700,4400,2か月,['近居割'],随時,https://www.ur-net.go.jp/chintai/kanto/saitama/50_4020_room.html?JKSS=000010606,<li>埼玉高速鉄道「新井宿」駅 徒歩12分</li><li>JR京浜東北・根岸線「西川口」駅バス25分 徒歩1～3分</li><li>JR京浜東北・根岸線「赤羽」駅バス27分 徒歩1～3分</li>
saitama,kawaguchi,コンフォール東鳩ヶ谷,129100,,,,JR京浜東北・根岸線「赤羽」駅,28.0,30.0,川口市桜町4-4,1号棟,鉄筋コンクリート造,6,N,606号室,2LDK,64,7,124700,4400,2か月,['近居割'],随時,https://www.ur-net.go.jp/chintai/kanto/saitama/50_4020_room.html?JKSS=000010606,<li>埼玉高速鉄道「新井宿」駅 徒歩12分</li><li>JR京浜東北・根岸線「西川口」駅バス25分 徒歩1～3分</li><li>JR京浜東北・根岸線「赤羽」駅バス27分 徒歩1～3分</li>
saitama,kawaguchi,コンフォール東鳩ヶ谷,129100,,,,,,,川口市桜町4-4,1号棟,鉄筋コンクリート造,6,N,606号室,2LDK,64,7,124700,4400,2か月,['近居割'],随時,https://www.ur-net.go.jp/chintai/kanto/saitama/50_4020_room.html?JKSS=000010606,<li>埼玉高速鉄道「新井宿」駅 徒歩12分</li><li>JR京浜東北・根岸線「西川口」駅バス25分 徒歩1～3分</li><li>JR京浜東北・根岸線「赤羽」駅バス27分 徒歩1～3分</li>
saitama,kawaguchi,川口芝園,114100,JR京浜東北・根岸線「蕨」駅,10.0,15.0,,,,川口市芝園町3,9号棟,鉄骨鉄筋コンクリート造,13,N,1301号室,2LDK,55,14,110000,4100,2か月,"['近居割', '近居割WIDE']",随時,https://www.ur-net.go.jp/chintai/kanto/saitama/50_1820_room.html?JKSS=000091301,<li>JR京浜東北・根岸線「蕨」駅 徒歩10～15分</li><li>JR埼京線「戸田」駅 徒歩27～32分</li><li>JR武蔵野線「南浦和」駅 徒歩28～34分</li>
saitama,kawaguchi,川口芝園,114100,JR埼京線「戸田」駅,27.0,32.0,,,,川口市芝園町3,9号棟,鉄骨鉄筋コンクリート造,13,N,1301号室,2LDK,55,14,110000,4100,2か月,"['近居割', '近居割WIDE']",随時,https://www.ur-net.go.jp/chintai/kanto/saitama/50_1820_room.html?JKSS=000091301,<li>JR京浜東北・根岸線「蕨」駅 徒歩10～15分</li><li>JR埼京線「戸田」駅 徒歩27～32分</li><li>JR武蔵野線「南浦和」駅 徒歩28～34分</li>
saitama,kawaguchi,川口芝園,114100,JR武蔵野線「南浦和」駅,28.0,34.0,,,,川口市芝園町3,9号棟,鉄骨鉄筋コンクリート造,13,N,1301号室,2LDK,55,14,110000,4100,2か月,"['近居割', '近居割WIDE']",随時,https://www.ur-net.go.jp/chintai/kanto/saitama/50_1820_room.html?JKSS=000091301,<li>JR京浜東北・根岸線「蕨」駅 徒歩10～15分</li><li>JR埼京線「戸田」駅 徒歩27～32分</li><li>JR武蔵野線「南浦和」駅 徒歩28～34分</li>
saitama,kawaguchi,川口芝園,114100,,,,,,,川口市芝園町3,9号棟,鉄骨鉄筋コンクリート造,13,N,1301号室,2LDK,55,14,110000,4100,2か月,"['近居割', '近居割WIDE']",随時,https://www.ur-net.go.jp/chintai/kanto/saitama/50_1820_room.html?JKSS=000091301,<li>JR京浜東北・根岸線「蕨」駅 徒歩10～15分</li><li>JR埼京線「戸田」駅 徒歩27～32分</li><li>JR武蔵野線「南浦和」駅 徒歩28～34分</li>
saitama,kawaguchi,アーバンハイツ南前川,128500,,,,JR京浜東北線「蕨」駅,8.0,8.0,川口市南前川2-21-10,,鉄筋コンクリート造,2,N,201号室,3LDK,73,5,124700,3800,2か月,['近居割'],随時,https://www.ur-net.go.jp/chintai/kanto/saitama/50_2220_room.html?JKSS=000000201,<li>JR京浜東北線「蕨」駅 バス7分 徒歩1分</li><li>JR京浜東北線「西川口」駅 バス8分 徒歩1分</li>
saitama,kawaguchi,アーバンハイツ南前川,128500,,,,JR京浜東北線「西川口」駅,9.0,9.0,川口市南前川2-21-10,,鉄筋コンクリート造,2,N,201号室,3LDK,73,5,124700,3800,2か月,['近居割'],随時,https://www.ur-net.go.jp/chintai/kanto/saitama/50_2220_room.html?JKSS=000000201,<li>JR京浜東北線「蕨」駅 バス7分 徒歩1分</li><li>JR京浜東北線「西川口」駅 バス8分 徒歩1分</li>
saitama,kawaguchi,アーバンハイツ南前川,128500,,,,,,,川口市南前川2-21-10,,鉄筋コンクリート造,2,N,201号室,3LDK,73,5,124700,3800,2か月,['近居割'],随時,https://www.ur-net.go.jp/chintai/kanto/saitama/50_2220_room.html?JKSS=000000201,<li>JR京浜東北線「蕨」駅 バス7分 徒歩1分</li><li>JR京浜東北線「西川口」駅 バス8分 徒歩1分</li>
saitama,kawaguchi,アーバンハイツ南前川,130800,,,,JR京浜東北線「蕨」駅,8.0,8.0,川口市南前川2-21-10,,鉄筋コンクリート造,3,N,304号室,3LDK,79,5,127000,3800,2か月,['近居割'],随時,https://www.ur-net.go.jp/chintai/kanto/saitama/50_2220_room.html?JKSS=000000304,<li>JR京浜東北線「蕨」駅 バス7分 徒歩1分</li><li>JR京浜東北線「西川口」駅 バス8分 徒歩1分</li>
saitama,kawaguchi,アーバンハイツ南前川,130800,,,,JR京浜東北線「西川口」駅,9.0,9.0,川口市南前川2-21-10,,鉄筋コンクリート造,3,N,304号室,3LDK,79,5,127000,3800,2か月,['近居割'],随時,https://www.ur-net.go.jp/chintai/kanto/saitama/50_2220_room.html?JKSS=000000304,<li>JR京浜東北線「蕨」駅 バス7分 徒歩1分</li><li>JR京浜東北線「西川口」駅 バス8分 徒歩1分</li>
saitama,kawaguchi,アーバンハイツ南前川,130800,,,,,,,川口市南前川2-21-10,,鉄筋コンクリート造,3,N,304号室,3LDK,79,5,127000,3800,2か月,['近居割'],随時,https://www.ur-net.go.jp/chintai/kanto/saitama/50_2220_room.html?JKSS=000000304,<li>JR京浜東北線「蕨」駅 バス7分 徒歩1分</li><li>JR京浜東北線「西川口」駅 バス8分 徒歩1分</li>
saitama,minamiurawa,コンフォール領家,123600,JR京浜東北・根岸線「北浦和」駅,16.0,18.0,,,,さいたま市浦和区領家6-11,1号棟,鉄筋コンクリート造,1,N,102号室,2DK,55,5,117600,6000,2か月,['近居割'],随時,https://www.ur-net.go.jp/chintai/kanto/saitama/50_4110_room.html?JKSS=000010102,<li>JR京浜東北・根岸線「北浦和」駅 徒歩16～18分</li><li>JR京浜東北・根岸線「与野」駅 徒歩17分</li><li>JR京浜東北・根岸線「浦和」駅 徒歩36～39分</li>
saitama,minamiurawa,コンフォール領家,123600,JR京浜東北・根岸線「与野」駅,17.0,17.0,,,,さいたま市浦和区領家6-11,1号棟,鉄筋コンクリート造,1,N,102号室,2DK,55,5,117600,6000,2か月,['近居割'],随時,https://www.ur-net.go.jp/chintai/kanto/saitama/50_4110_room.html?JKSS=000010102,<li>JR京浜東北・根岸線「北浦和」駅 徒歩16～18分</li><li>JR京浜東北・根岸線「与野」駅 徒歩17分</li><li>JR京浜東北・根岸線「浦和」駅 徒歩36～39分</li>
saitama,minamiurawa,コンフォール領家,123600,JR京浜東北・根岸線「浦和」駅,36.0,39.0,,,,さいたま市浦和区領家6-11,1号棟,鉄筋コンクリート造,1,N,102号室,2DK,55,5,117600,6000,2か月,['近居割'],随時,https://www.ur-net.go.jp/chintai/kanto/saitama/50_4110_room.html?JKSS=000010102,<li>JR京浜東北・根岸線「北浦和」駅 徒歩16～18分</li><li>JR京浜東北・根岸線「与野」駅 徒歩17分</li><li>JR京浜東北・根岸線「浦和」駅 徒歩36～39分</li>
saitama,minamiurawa,コンフォール領家,123600,,,,,,,さいたま市浦和区領家6-11,1号棟,鉄筋コンクリート造,1,N,102号室,2DK,55,5,117600,6000,2か月,['近居割'],随時,https://www.ur-net.go.jp/chintai/kanto/saitama/50_4110_room.html?JKSS=000010102,<li>JR京浜東北・根岸線「北浦和」駅 徒歩16～18分</li><li>JR京浜東北・根岸線「与野」駅 徒歩17分</li><li>JR京浜東北・根岸線「浦和」駅 徒歩36～39分</li>
saitama,minamiurawa,うらわイーストシティ　かえで街,111000,JR武蔵野線「東浦和」駅,13.0,13.0,JR武蔵野線「東浦和」駅,4.0,5.0,さいたま市緑区東浦和2-73-1,5号棟,鉄筋コンクリート造,2,N,201号室,2DK,63,3,105500,5500,2か月,['近居割'],随時,https://www.ur-net.go.jp/chintai/kanto/saitama/50_2730_room.html?JKSS=000050201,<li>JR武蔵野線「東浦和」駅 徒歩13分</li><li>JR武蔵野線「東浦和」駅バス2分 徒歩2～3分</li><li>JR東北本線「浦和」駅バス14分 徒歩7～9分</li>
saitama,minamiurawa,うらわイーストシティ　かえで街,111000,,,,JR東北本線「浦和」駅,21.0,23.0,さいたま市緑区東浦和2-73-1,5号棟,鉄筋コンクリート造,2,N,201号室,2DK,63,3,105500,5500,2か月,['近居割'],随時,https://www.ur-net.go.jp/chintai/kanto/saitama/50_2730_room.html?JKSS=000050201,<li>JR武蔵野線「東浦和」駅 徒歩13分</li><li>JR武蔵野線「東浦和」駅バス2分 徒歩2～3分</li><li>JR東北本線「浦和」駅バス14分 徒歩7～9分</li>
saitama,minamiurawa,うらわイーストシティ　かえで街,111000,,,,,,,さいたま市緑区東浦和2-73-1,5号棟,鉄筋コンクリート造,2,N,201号室,2DK,63,3,105500,5500,2か月,['近居割'],随時,https://www.ur-net.go.jp/chintai/kanto/saitama/50_2730_room.html?JKSS=000050201,<li>JR武蔵野線「東浦和」駅 徒歩13分</li><li>JR武蔵野線「東浦和」駅バス2分 徒歩2～3分</li><li>JR東北本線「浦和」駅バス14分 徒歩7～9分</li>
saitama,minamiurawa,うらわイーストシティ　かえで街,132100,JR武蔵野線「東浦和」駅,13.0,13.0,JR武蔵野線「東浦和」駅,4.0,5.0,さいたま市緑区東浦和2-73-1,3号棟,鉄筋コンクリート造,4,N,401号室,2LDK,70,5,126600,5500,2か月,['近居割'],随時,https://www.ur-net.go.jp/chintai/kanto/saitama/50_2730_room.html?JKSS=000030401,<li>JR武蔵野線「東浦和」駅 徒歩13分</li><li>JR武蔵野線「東浦和」駅バス2分 徒歩2～3分</li><li>JR東北本線「浦和」駅バス14分 徒歩7～9分</li>
saitama,minamiurawa,うらわイーストシティ　かえで街,132100,,,,JR東北本線「浦和」駅,21.0,23.0,さいたま市緑区東浦和2-73-1,3号棟,鉄筋コンクリート造,4,N,401号室,2LDK,70,5,126600,5500,2か月,['近居割'],随時,https://www.ur-net.go.jp/chintai/kanto/saitama/50_2730_room.html?JKSS=000030401,<li>JR武蔵野線「東浦和」駅 徒歩13分</li><li>JR武蔵野線「東浦和」駅バス2分 徒歩2～3分</li><li>JR東北本線「浦和」駅バス14分 徒歩7～9分</li>
saitama,minamiurawa,うらわイーストシティ　かえで街,132100,,,,,,,さいたま市緑区東浦和2-73-1,3号棟,鉄筋コンクリート造,4,N,401号室,2LDK,70,5,126600,5500,2か月,['近居割'],随時,https://www.ur-net.go.jp/chintai/kanto/saitama/50_2730_room.html?JKSS=000030401,<li>JR武蔵野線「東浦和」駅 徒歩13分</li><li>JR武蔵野線「東浦和」駅バス2分 徒歩2～3分</li><li>JR東北本線「浦和」駅バス14分 徒歩7～9分</li>
saitama,ageo,パークシティ鴻巣駅前プラザ,65900,JR高崎線「北鴻巣」駅,3.0,7.0,,,,鴻巣市赤見台2-2,14号棟,鉄筋コンクリート造,5,N,504号室,3DK,64,5,63800,2100,2か月,['近居割'],随時,https://www.ur-net.go.jp/chintai/kanto/saitama/50_2140_room.html?JKSS=000140504,<li>JR高崎線「北鴻巣」駅 徒歩3～7分</li><li>JR高崎線「鴻巣」駅 徒歩58～62分</li><li>JR高崎線「吹上」駅 徒歩38～42分</li>
saitama,ageo,パークシティ鴻巣駅前プラザ,65900,JR高崎線「鴻巣」駅,58.0,62.0,,,,鴻巣市赤見台2-2,14号棟,鉄筋コンクリート造,5,N,504号室,3DK,64,5,63800,2100,2か月,['近居割'],随時,https://www.ur-net.go.jp/chintai/kanto/saitama/50_2140_room.html?JKSS=000140504,<li>JR高崎線「北鴻巣」駅 徒歩3～7分</li><li>JR高崎線「鴻巣」駅 徒歩58～62分</li><li>JR高崎線「吹上」駅 徒歩38～42分</li>
saitama,ageo,パークシティ鴻巣駅前プラザ,65900,JR高崎線「吹上」駅,38.0,42.0,,,,鴻巣市赤見台2-2,14号棟,鉄筋コンクリート造,5,N,504号室,3DK,64,5,63800,2100,2か月,['近居割'],随時,https://www.ur-net.go.jp/chintai/kanto/saitama/50_2140_room.html?JKSS=000140504,<li>JR高崎線「北鴻巣」駅 徒歩3～7分</li><li>JR高崎線「鴻巣」駅 徒歩58～62分</li><li>JR高崎線「吹上」駅 徒歩38～42分</li>
saitama,ageo,パークシティ鴻巣駅前プラザ,65900,,,,,,,鴻巣市赤見台2-2,14号棟,鉄筋コンクリート造,5,N,504号室,3DK,64,5,63800,2100,2か月,['近居割'],随時,https://www.ur-net.go.jp/chintai/kanto/saitama/50_2140_room.html?JKSS=000140504,<li>JR高崎線「北鴻巣」駅 徒歩3～7分</li><li>JR高崎線「鴻巣」駅 徒歩58～62分</li><li>JR高崎線「吹上」駅 徒歩38～42分</li>
saitama,ageo,パークシティ鴻巣駅前プラザ,79200,JR高崎線「北鴻巣」駅,3.0,7.0,,,,鴻巣市赤見台2-2,13号棟,鉄筋コンクリート造,5,N,506号室,3LDK,75,5,77100,2100,2か月,['近居割'],2026年8月6日以降,https://www.ur-net.go.jp/chintai/kanto/saitama/50_2140_room.html?JKSS=000130506,<li>JR高崎線「北鴻巣」駅 徒歩3～7分</li><li>JR高崎線「鴻巣」駅 徒歩58～62分</li><li>JR高崎線「吹上」駅 徒歩38～42分</li>
saitama,ageo,パークシティ鴻巣駅前プラザ,79200,JR高崎線「鴻巣」駅,58.0,62.0,,,,鴻巣市赤見台2-2,13号棟,鉄筋コンクリート造,5,N,506号室,3LDK,75,5,77100,2100,2か月,['近居割'],2026年8月6日以降,https://www.ur-net.go.jp/chintai/kanto/saitama/50_2140_room.html?JKSS=000130506,<li>JR高崎線「北鴻巣」駅 徒歩3～7分</li><li>JR高崎線「鴻巣」駅 徒歩58～62分</li><li>JR高崎線「吹上」駅 徒歩38～42分</li>
saitama,ageo,パークシティ鴻巣駅前プラザ,79200,JR高崎線「吹上」駅,38.0,42.0,,,,鴻巣市赤見台2-2,13号棟,鉄筋コンクリート造,5,N,506号室,3LDK,75,5,77100,2100,2か月,['近居割'],2026年8月6日以降,https://www.ur-net.go.jp/chintai/kanto/saitama/50_2140_room.html?JKSS=000130506,<li>JR高崎線「北鴻巣」駅 徒歩3～7分</li><li>JR高崎線「鴻巣」駅 徒歩58～62分</li><li>JR高崎線「吹上」駅 徒歩38～42分</li>
saitama,ageo,パークシティ鴻巣駅前プラザ,79200,,,,,,,鴻巣市赤見台2-2,13号棟,鉄筋コンクリート造,5,N,506号室,3LDK,75,5,77100,2100,2か月,['近居割'],2026年8月6日以降,https://www.ur-net.go.jp/chintai/kanto/saitama/50_2140_room.html?JKSS=000130506,<li>JR高崎線「北鴻巣」駅 徒歩3～7分</li><li>JR高崎線「鴻巣」駅 徒歩58～62分</li><li>JR高崎線「吹上」駅 徒歩38～42分</li>
saitama,ageo,パークシティ鴻巣　駅前プラザ第三,96500,JR高崎線「北鴻巣」駅,3.0,4.0,,,,鴻巣市赤見台1-13ほか,5号棟,鉄筋コンクリート造,6,N,605号室,3LDK,67,10,93500,3000,2か月,['近居割'],随時,https://www.ur-net.go.jp/chintai/kanto/saitama/50_2940_room.html?JKSS=000050605,<li>JR高崎線「北鴻巣」駅 徒歩3～4分</li><li>JR高崎線「吹上」駅 徒歩42～44分</li><li>JR高崎線「鴻巣」駅 徒歩56～59分</li>
saitama,ageo,パークシティ鴻巣　駅前プラザ第三,96500,JR高崎線「吹上」駅,42.0,44.0,,,,鴻巣市赤見台1-13ほか,5号棟,鉄筋コンクリート造,6,N,605号室,3LDK,67,10,93500,3000,2か月,['近居割'],随時,https://www.ur-net.go.jp/chintai/kanto/saitama/50_2940_room.html?JKSS=000050605,<li>JR高崎線「北鴻巣」駅 徒歩3～4分</li><li>JR高崎線「吹上」駅 徒歩42～44分</li><li>JR高崎線「鴻巣」駅 徒歩56～59分</li>
saitama,ageo,パークシティ鴻巣　駅前プラザ第三,96500,JR高崎線「鴻巣」駅,56.0,59.0,,,,鴻巣市赤見台1-13ほか,5号棟,鉄筋コンクリート造,6,N,605号室,3LDK,67,10,93500,3000,2か月,['近居割'],随時,https://www.ur-net.go.jp/chintai/kanto/saitama/50_2940_room.html?JKSS=000050605,<li>JR高崎線「北鴻巣」駅 徒歩3～4分</li><li>JR高崎線「吹上」駅 徒歩42～44分</li><li>JR高崎線「鴻巣」駅 徒歩56～59分</li>
saitama,ageo,パークシティ鴻巣　駅前プラザ第三,96500,,,,,,,鴻巣市赤見台1-13ほか,5号棟,鉄筋コンクリート造,6,N,605号室,3LDK,67,10,93500,3000,2か月,['近居割'],随時,https://www.ur-net.go.jp/chintai/kanto/saitama/50_2940_room.html?JKSS=000050605,<li>JR高崎線「北鴻巣」駅 徒歩3～4分</li><li>JR高崎線「吹上」駅 徒歩42～44分</li><li>JR高崎線「鴻巣」駅 徒歩56～59分</li>
saitama,higashiomiya,原市,44400,ニューシャトル伊奈線「原市」駅,10.0,18.0,,,,上尾市大字原市3336,3-7号棟,鉄筋コンクリート造,4,N,403号室,2DK,41,5,40700,3700,2か月,"['近居割', '近居割WIDE']",随時,https://www.ur-net.go.jp/chintai/kanto/saitama/50_1090_room.html?JKSS=000307403,<li>ニューシャトル伊奈線「原市」駅 徒歩10～18分</li><li>ニューシャトル伊奈線「沼南」駅 徒歩9～19分</li><li>JR東北本線「東大宮」駅バス7～11分 徒歩1～7分</li>
saitama,higashiomiya,原市,44400,ニューシャトル伊奈線「沼南」駅,9.0,19.0,,,,上尾市大字原市3336,3-7号棟,鉄筋コンクリート造,4,N,403号室,2DK,41,5,40700,3700,2か月,"['近居割', '近居割WIDE']",随時,https://www.ur-net.go.jp/chintai/kanto/saitama/50_1090_room.html?JKSS=000307403,<li>ニューシャトル伊奈線「原市」駅 徒歩10～18分</li><li>ニューシャトル伊奈線「沼南」駅 徒歩9～19分</li><li>JR東北本線「東大宮」駅バス7～11分 徒歩1～7分</li>
saitama,higashiomiya,原市,44400,,,,JR東北本線「東大宮」駅,8.0,18.0,上尾市大字原市3336,3-7号棟,鉄筋コンクリート造,4,N,403号室,2DK,41,5,40700,3700,2か月,"['近居割', '近居割WIDE']",随時,https://www.ur-net.go.jp/chintai/kanto/saitama/50_1090_room.html?JKSS=000307403,<li>ニューシャトル伊奈線「原市」駅 徒歩10～18分</li><li>ニューシャトル伊奈線「沼南」駅 徒歩9～19分</li><li>JR東北本線「東大宮」駅バス7～11分 徒歩1～7分</li>
saitama,higashiomiya,原市,44400,,,,,,,上尾市大字原市3336,3-7号棟,鉄筋コンクリート造,4,N,403号室,2DK,41,5,40700,3700,2か月,"['近居割', '近居割WIDE']",随時,https://www.ur-net.go.jp/chintai/kanto/saitama/50_1090_room.html?JKSS=000307403,<li>ニューシャトル伊奈線「原市」駅 徒歩10～18分</li><li>ニューシャトル伊奈線「沼南」駅 徒歩9～19分</li><li>JR東北本線「東大宮」駅バス7～11分 徒歩1～7分</li>
saitama,higashiomiya,原市,3360047400,ニューシャトル伊奈線「原市」駅,10.0,18.0,,,,上尾市大字原市3336,3-4号棟,鉄筋コンクリート造,1,N,107号室,2DK,41,5,3360043700,3700,2か月,['高齢者向け優良賃貸住宅'],2026年8月3日以降,https://www.ur-net.go.jp/chintai/kanto/saitama/50_1090_room.html?JKSS=000304107,<li>ニューシャトル伊奈線「原市」駅 徒歩10～18分</li><li>ニューシャトル伊奈線「沼南」駅 徒歩9～19分</li><li>JR東北本線「東大宮」駅バス7～11分 徒歩1～7分</li>
saitama,higashiomiya,原市,3360047400,ニューシャトル伊奈線「沼南」駅,9.0,19.0,,,,上尾市大字原市3336,3-4号棟,鉄筋コンクリート造,1,N,107号室,2DK,41,5,3360043700,3700,2か月,['高齢者向け優良賃貸住宅'],2026年8月3日以降,https://www.ur-net.go.jp/chintai/kanto/saitama/50_1090_room.html?JKSS=000304107,<li>ニューシャトル伊奈線「原市」駅 徒歩10～18分</li><li>ニューシャトル伊奈線「沼南」駅 徒歩9～19分</li><li>JR東北本線「東大宮」駅バス7～11分 徒歩1～7分</li>
saitama,higashiomiya,原市,3360047400,,,,JR東北本線「東大宮」駅,8.0,18.0,上尾市大字原市3336,3-4号棟,鉄筋コンクリート造,1,N,107号室,2DK,41,5,3360043700,3700,2か月,['高齢者向け優良賃貸住宅'],2026年8月3日以降,https://www.ur-net.go.jp/chintai/kanto/saitama/50_1090_room.html?JKSS=000304107,<li>ニューシャトル伊奈線「原市」駅 徒歩10～18分</li><li>ニューシャトル伊奈線「沼南」駅 徒歩9～19分</li><li>JR東北本線「東大宮」駅バス7～11分 徒歩1～7分</li>
saitama,higashiomiya,原市,3360047400,,,,,,,上尾市大字原市3336,3-4号棟,鉄筋コンクリート造,1,N,107号室,2DK,41,5,3360043700,3700,2か月,['高齢者向け優良賃貸住宅'],2026年8月3日以降,https://www.ur-net.go.jp/chintai/kanto/saitama/50_1090_room.html?JKSS=000304107,<li>ニューシャトル伊奈線「原市」駅 徒歩10～18分</li><li>ニューシャトル伊奈線「沼南」駅 徒歩9～19分</li><li>JR東北本線「東大宮」駅バス7～11分 徒歩1～7分</li>
saitama,higashiomiya,原市,51200,ニューシャトル伊奈線「原市」駅,10.0,18.0,,,,上尾市大字原市3336,2-4号棟,鉄筋コンクリート造,5,N,505号室,3DK,50,5,47500,3700,2か月,"['近居割', '近居割WIDE']",2026年8月6日以降,https://www.ur-net.go.jp/chintai/kanto/saitama/50_1090_room.html?JKSS=000204505,<li>ニューシャトル伊奈線「原市」駅 徒歩10～18分</li><li>ニューシャトル伊奈線「沼南」駅 徒歩9～19分</li><li>JR東北本線「東大宮」駅バス7～11分 徒歩1～7分</li>
saitama,higashiomiya,原市,51200,ニューシャトル伊奈線「沼南」駅,9.0,19.0,,,,上尾市大字原市3336,2-4号棟,鉄筋コンクリート造,5,N,505号室,3DK,50,5,47500,3700,2か月,"['近居割', '近居割WIDE']",2026年8月6日以降,https://www.ur-net.go.jp/chintai/kanto/saitama/50_1090_room.html?JKSS=000204505,<li>ニューシャトル伊奈線「原市」駅 徒歩10～18分</li><li>ニューシャトル伊奈線「沼南」駅 徒歩9～19分</li><li>JR東北本線「東大宮」駅バス7～11分 徒歩1～7分</li>
saitama,higashiomiya,原市,51200,,,,JR東北本線「東大宮」駅,8.0,18.0,上尾市大字原市3336,2-4号棟,鉄筋コンクリート造,5,N,505号室,3DK,50,5,47500,3700,2か月,"['近居割', '近居割WIDE']",2026年8月6日以降,https://www.ur-net.go.jp/chintai/kanto/saitama/50_1090_room.html?JKSS=000204505,<li>ニューシャトル伊奈線「原市」駅 徒歩10～18分</li><li>ニューシャトル伊奈線「沼南」駅 徒歩9～19分</li><li>JR東北本線「東大宮」駅バス7～11分 徒歩1～7分</li>
saitama,higashiomiya,原市,51200,,,,,,,上尾市大字原市3336,2-4号棟,鉄筋コンクリート造,5,N,505号室,3DK,50,5,47500,3700,2か月,"['近居割', '近居割WIDE']",2026年8月6日以降,https://www.ur-net.go.jp/chintai/kanto/saitama/50_1090_room.html?JKSS=000204505,<li>ニューシャトル伊奈線「原市」駅 徒歩10～18分</li><li>ニューシャトル伊奈線「沼南」駅 徒歩9～19分</li><li>JR東北本線「東大宮」駅バス7～11分 徒歩1～7分</li>
saitama,ageo,北本,42300,,,,JR高崎線「北本」駅,5.0,17.0,北本市栄7,3-12号棟,鉄筋コンクリート造,5,N,506号室,3K,45,5,38500,3800,2か月,"['近居割', '近居割WIDE']",2026年8月6日以降,https://www.ur-net.go.jp/chintai/kanto/saitama/50_1400_room.html?JKSS=000312506,<li>JR高崎線「北本」駅バス4～12分 徒歩1～5分</li><li>JR高崎線「桶川」駅 徒歩30～57分</li><li>JR高崎線「鴻巣」駅 徒歩45～79分</li>
saitama,ageo,北本,42300,JR高崎線「桶川」駅,30.0,57.0,,,,北本市栄7,3-12号棟,鉄筋コンクリート造,5,N,506号室,3K,45,5,38500,3800,2か月,"['近居割', '近居割WIDE']",2026年8月6日以降,https://www.ur-net.go.jp/chintai/kanto/saitama/50_1400_room.html?JKSS=000312506,<li>JR高崎線「北本」駅バス4～12分 徒歩1～5分</li><li>JR高崎線「桶川」駅 徒歩30～57分</li><li>JR高崎線「鴻巣」駅 徒歩45～79分</li>
saitama,ageo,北本,42300,JR高崎線「鴻巣」駅,45.0,79.0,,,,北本市栄7,3-12号棟,鉄筋コンクリート造,5,N,506号室,3K,45,5,38500,3800,2か月,"['近居割', '近居割WIDE']",2026年8月6日以降,https://www.ur-net.go.jp/chintai/kanto/saitama/50_1400_room.html?JKSS=000312506,<li>JR高崎線「北本」駅バス4～12分 徒歩1～5分</li><li>JR高崎線「桶川」駅 徒歩30～57分</li><li>JR高崎線「鴻巣」駅 徒歩45～79分</li>
saitama,ageo,北本,42300,,,,,,,北本市栄7,3-12号棟,鉄筋コンクリート造,5,N,506号室,3K,45,5,38500,3800,2か月,"['近居割', '近居割WIDE']",2026年8月6日以降,https://www.ur-net.go.jp/chintai/kanto/saitama/50_1400_room.html?JKSS=000312506,<li>JR高崎線「北本」駅バス4～12分 徒歩1～5分</li><li>JR高崎線「桶川」駅 徒歩30～57分</li><li>JR高崎線「鴻巣」駅 徒歩45～79分</li>
saitama,ageo,北本,43300,,,,JR高崎線「北本」駅,5.0,17.0,北本市栄7,2-20号棟,鉄筋コンクリート造,5,N,503号室,3K,45,5,39500,3800,2か月,"['近居割', '近居割WIDE']",随時,https://www.ur-net.go.jp/chintai/kanto/saitama/50_1400_room.html?JKSS=000220503,<li>JR高崎線「北本」駅バス4～12分 徒歩1～5分</li><li>JR高崎線「桶川」駅 徒歩30～57分</li><li>JR高崎線「鴻巣」駅 徒歩45～79分</li>
saitama,ageo,北本,43300,JR高崎線「桶川」駅,30.0,57.0,,,,北本市栄7,2-20号棟,鉄筋コンクリート造,5,N,503号室,3K,45,5,39500,3800,2か月,"['近居割', '近居割WIDE']",随時,https://www.ur-net.go.jp/chintai/kanto/saitama/50_1400_room.html?JKSS=000220503,<li>JR高崎線「北本」駅バス4～12分 徒歩1～5分</li><li>JR高崎線「桶川」駅 徒歩30～57分</li><li>JR高崎線「鴻巣」駅 徒歩45～79分</li>
saitama,ageo,北本,43300,JR高崎線「鴻巣」駅,45.0,79.0,,,,北本市栄7,2-20号棟,鉄筋コンクリート造,5,N,503号室,3K,45,5,39500,3800,2か月,"['近居割', '近居割WIDE']",随時,https://www.ur-net.go.jp/chintai/kanto/saitama/50_1400_room.html?JKSS=000220503,<li>JR高崎線「北本」駅バス4～12分 徒歩1～5分</li><li>JR高崎線「桶川」駅 徒歩30～57分</li><li>JR高崎線「鴻巣」駅 徒歩45～79分</li>
saitama,ageo,北本,43300,,,,,,,北本市栄7,2-20号棟,鉄筋コンクリート造,5,N,503号室,3K,45,5,39500,3800,2か月,"['近居割', '近居割WIDE']",随時,https://www.ur-net.go.jp/chintai/kanto/saitama/50_1400_room.html?JKSS=000220503,<li>JR高崎線「北本」駅バス4～12分 徒歩1～5分</li><li>JR高崎線「桶川」駅 徒歩30～57分</li><li>JR高崎線「鴻巣」駅 徒歩45～79分</li>
saitama,ageo,北本,46100,,,,JR高崎線「北本」駅,5.0,17.0,北本市栄7,2-23号棟,鉄筋コンクリート造,5,N,506号室,3K,50,5,42300,3800,2か月,"['近居割', '近居割WIDE']",随時,https://www.ur-net.go.jp/chintai/kanto/saitama/50_1400_room.html?JKSS=000223506,<li>JR高崎線「北本」駅バス4～12分 徒歩1～5分</li><li>JR高崎線「桶川」駅 徒歩30～57分</li><li>JR高崎線「鴻巣」駅 徒歩45～79分</li>
saitama,ageo,北本,46100,JR高崎線「桶川」駅,30.0,57.0,,,,北本市栄7,2-23号棟,鉄筋コンクリート造,5,N,506号室,3K,50,5,42300,3800,2か月,"['近居割', '近居割WIDE']",随時,https://www.ur-net.go.jp/chintai/kanto/saitama/50_1400_room.html?JKSS=000223506,<li>JR高崎線「北本」駅バス4～12分 徒歩1～5分</li><li>JR高崎線「桶川」駅 徒歩30～57分</li><li>JR高崎線「鴻巣」駅 徒歩45～79分</li>
saitama,ageo,北本,46100,JR高崎線「鴻巣」駅,45.0,79.0,,,,北本市栄7,2-23号棟,鉄筋コンクリート造,5,N,506号室,3K,50,5,42300,3800,2か月,"['近居割', '近居割WIDE']",随時,https://www.ur-net.go.jp/chintai/kanto/saitama/50_1400_room.html?JKSS=000223506,<li>JR高崎線「北本」駅バス4～12分 徒歩1～5分</li><li>JR高崎線「桶川」駅 徒歩30～57分</li><li>JR高崎線「鴻巣」駅 徒歩45～79分</li>
saitama,ageo,北本,46100,,,,,,,北本市栄7,2-23号棟,鉄筋コンクリート造,5,N,506号室,3K,50,5,42300,3800,2か月,"['近居割', '近居割WIDE']",随時,https://www.ur-net.go.jp/chintai/kanto/saitama/50_1400_room.html?JKSS=000223506,<li>JR高崎線「北本」駅バス4～12分 徒歩1～5分</li><li>JR高崎線「桶川」駅 徒歩30～57分</li><li>JR高崎線「鴻巣」駅 徒歩45～79分</li>
saitama,ageo,北本,47200,,,,JR高崎線「北本」駅,5.0,17.0,北本市栄7,3-15号棟,鉄筋コンクリート造,5,N,504号室,3K,52,5,43400,3800,2か月,['フリレ１か月'],随時,https://www.ur-net.go.jp/chintai/kanto/saitama/50_1400_room.html?JKSS=000315504,<li>JR高崎線「北本」駅バス4～12分 徒歩1～5分</li><li>JR高崎線「桶川」駅 徒歩30～57分</li><li>JR高崎線「鴻巣」駅 徒歩45～79分</li>
saitama,ageo,北本,47200,JR高崎線「桶川」駅,30.0,57.0,,,,北本市栄7,3-15号棟,鉄筋コンクリート造,5,N,504号室,3K,52,5,43400,3800,2か月,['フリレ１か月'],随時,https://www.ur-net.go.jp/chintai/kanto/saitama/50_1400_room.html?JKSS=000315504,<li>JR高崎線「北本」駅バス4～12分 徒歩1～5分</li><li>JR高崎線「桶川」駅 徒歩30～57分</li><li>JR高崎線「鴻巣」駅 徒歩45～79分</li>
saitama,ageo,北本,47200,JR高崎線「鴻巣」駅,45.0,79.0,,,,北本市栄7,3-15号棟,鉄筋コンクリート造,5,N,504号室,3K,52,5,43400,3800,2か月,['フリレ１か月'],随時,https://www.ur-net.go.jp/chintai/kanto/saitama/50_1400_room.html?JKSS=000315504,<li>JR高崎線「北本」駅バス4～12分 徒歩1～5分</li><li>JR高崎線「桶川」駅 徒歩30～57分</li><li>JR高崎線「鴻巣」駅 徒歩45～79分</li>
saitama,ageo,北本,47200,,,,,,,北本市栄7,3-15号棟,鉄筋コンクリート造,5,N,504号室,3K,52,5,43400,3800,2か月,['フリレ１か月'],随時,https://www.ur-net.go.jp/chintai/kanto/saitama/50_1400_room.html?JKSS=000315504,<li>JR高崎線「北本」駅バス4～12分 徒歩1～5分</li><li>JR高崎線「桶川」駅 徒歩30～57分</li><li>JR高崎線「鴻巣」駅 徒歩45～79分</li>
saitama,ageo,北本,47400,,,,JR高崎線「北本」駅,5.0,17.0,北本市栄7,1-17号棟,鉄筋コンクリート造,5,N,501号室,3K,52,5,43600,3800,2か月,"['近居割', '近居割WIDE']",随時,https://www.ur-net.go.jp/chintai/kanto/saitama/50_1400_room.html?JKSS=000117501,<li>JR高崎線「北本」駅バス4～12分 徒歩1～5分</li><li>JR高崎線「桶川」駅 徒歩30～57分</li><li>JR高崎線「鴻巣」駅 徒歩45～79分</li>
saitama,ageo,北本,47400,JR高崎線「桶川」駅,30.0,57.0,,,,北本市栄7,1-17号棟,鉄筋コンクリート造,5,N,501号室,3K,52,5,43600,3800,2か月,"['近居割', '近居割WIDE']",随時,https://www.ur-net.go.jp/chintai/kanto/saitama/50_1400_room.html?JKSS=000117501,<li>JR高崎線「北本」駅バス4～12分 徒歩1～5分</li><li>JR高崎線「桶川」駅 徒歩30～57分</li><li>JR高崎線「鴻巣」駅 徒歩45～79分</li>
saitama,ageo,北本,47400,JR高崎線「鴻巣」駅,45.0,79.0,,,,北本市栄7,1-17号棟,鉄筋コンクリート造,5,N,501号室,3K,52,5,43600,3800,2か月,"['近居割', '近居割WIDE']",随時,https://www.ur-net.go.jp/chintai/kanto/saitama/50_1400_room.html?JKSS=000117501,<li>JR高崎線「北本」駅バス4～12分 徒歩1～5分</li><li>JR高崎線「桶川」駅 徒歩30～57分</li><li>JR高崎線「鴻巣」駅 徒歩45～79分</li>
saitama,ageo,北本,47400,,,,,,,北本市栄7,1-17号棟,鉄筋コンクリート造,5,N,501号室,3K,52,5,43600,3800,2か月,"['近居割', '近居割WIDE']",随時,https://www.ur-net.go.jp/chintai/kanto/saitama/50_1400_room.html?JKSS=000117501,<li>JR高崎線「北本」駅バス4～12分 徒歩1～5分</li><li>JR高崎線「桶川」駅 徒歩30～57分</li><li>JR高崎線「鴻巣」駅 徒歩45～79分</li>
saitama,tokorozawa,所沢パークタウン並木通り,72500,,,,西武新宿線「航空公園」駅,10.0,12.0,所沢市並木8-1,4号棟,鉄骨鉄筋コンクリート造,4,N,402号室,2DK,48,14,68000,4500,2か月,"['近居割', '近居割WIDE']",随時,https://www.ur-net.go.jp/chintai/kanto/saitama/50_1980_room.html?JKSS=000040402,<li>西武新宿線「航空公園」駅バス8分 徒歩2～4分</li><li>西武新宿線「所沢」駅バス10分 徒歩3～5分</li><li>西武新宿線「新所沢」駅 徒歩36～38分</li>
saitama,tokorozawa,所沢パークタウン並木通り,72500,,,,西武新宿線「所沢」駅,13.0,15.0,所沢市並木8-1,4号棟,鉄骨鉄筋コンクリート造,4,N,402号室,2DK,48,14,68000,4500,2か月,"['近居割', '近居割WIDE']",随時,https://www.ur-net.go.jp/chintai/kanto/saitama/50_1980_room.html?JKSS=000040402,<li>西武新宿線「航空公園」駅バス8分 徒歩2～4分</li><li>西武新宿線「所沢」駅バス10分 徒歩3～5分</li><li>西武新宿線「新所沢」駅 徒歩36～38分</li>
saitama,tokorozawa,所沢パークタウン並木通り,72500,西武新宿線「新所沢」駅,36.0,38.0,,,,所沢市並木8-1,4号棟,鉄骨鉄筋コンクリート造,4,N,402号室,2DK,48,14,68000,4500,2か月,"['近居割', '近居割WIDE']",随時,https://www.ur-net.go.jp/chintai/kanto/saitama/50_1980_room.html?JKSS=000040402,<li>西武新宿線「航空公園」駅バス8分 徒歩2～4分</li><li>西武新宿線「所沢」駅バス10分 徒歩3～5分</li><li>西武新宿線「新所沢」駅 徒歩36～38分</li>
saitama,tokorozawa,所沢パークタウン並木通り,72500,,,,,,,所沢市並木8-1,4号棟,鉄骨鉄筋コンクリート造,4,N,402号室,2DK,48,14,68000,4500,2か月,"['近居割', '近居割WIDE']",随時,https://www.ur-net.go.jp/chintai/kanto/saitama/50_1980_room.html?JKSS=000040402,<li>西武新宿線「航空公園」駅バス8分 徒歩2～4分</li><li>西武新宿線「所沢」駅バス10分 徒歩3～5分</li><li>西武新宿線「新所沢」駅 徒歩36～38分</li>
saitama,tokorozawa,所沢パークタウン並木通り,73100,,,,西武新宿線「航空公園」駅,10.0,12.0,所沢市並木8-1,3号棟,鉄骨鉄筋コンクリート造,14,N,1407号室,2DK,48,14,68600,4500,2か月,"['近居割', '近居割WIDE']",随時,https://www.ur-net.go.jp/chintai/kanto/saitama/50_1980_room.html?JKSS=000031407,<li>西武新宿線「航空公園」駅バス8分 徒歩2～4分</li><li>西武新宿線「所沢」駅バス10分 徒歩3～5分</li><li>西武新宿線「新所沢」駅 徒歩36～38分</li>
saitama,tokorozawa,所沢パークタウン並木通り,73100,,,,西武新宿線「所沢」駅,13.0,15.0,所沢市並木8-1,3号棟,鉄骨鉄筋コンクリート造,14,N,1407号室,2DK,48,14,68600,4500,2か月,"['近居割', '近居割WIDE']",随時,https://www.ur-net.go.jp/chintai/kanto/saitama/50_1980_room.html?JKSS=000031407,<li>西武新宿線「航空公園」駅バス8分 徒歩2～4分</li><li>西武新宿線「所沢」駅バス10分 徒歩3～5分</li><li>西武新宿線「新所沢」駅 徒歩36～38分</li>
saitama,tokorozawa,所沢パークタウン並木通り,73100,西武新宿線「新所沢」駅,36.0,38.0,,,,所沢市並木8-1,3号棟,鉄骨鉄筋コンクリート造,14,N,1407号室,2DK,48,14,68600,4500,2か月,"['近居割', '近居割WIDE']",随時,https://www.ur-net.go.jp/chintai/kanto/saitama/50_1980_room.html?JKSS=000031407,<li>西武新宿線「航空公園」駅バス8分 徒歩2～4分</li><li>西武新宿線「所沢」駅バス10分 徒歩3～5分</li><li>西武新宿線「新所沢」駅 徒歩36～38分</li>
saitama,tokorozawa,所沢パークタウン並木通り,73100,,,,,,,所沢市並木8-1,3号棟,鉄骨鉄筋コンクリート造,14,N,1407号室,2DK,48,14,68600,4500,2か月,"['近居割', '近居割WIDE']",随時,https://www.ur-net.go.jp/chintai/kanto/saitama/50_1980_room.html?JKSS=000031407,<li>西武新宿線「航空公園」駅バス8分 徒歩2～4分</li><li>西武新宿線「所沢」駅バス10分 徒歩3～5分</li><li>西武新宿線「新所沢」駅 徒歩36～38分</li>
saitama,tokorozawa,所沢パークタウン並木通り,98000,,,,西武新宿線「航空公園」駅,10.0,12.0,所沢市並木8-1,6号棟,鉄骨鉄筋コンクリート造,7,N,706号室,3DK,57,11,93500,4500,2か月,"['近居割', '近居割WIDE']",随時,https://www.ur-net.go.jp/chintai/kanto/saitama/50_1980_room.html?JKSS=000060706,<li>西武新宿線「航空公園」駅バス8分 徒歩2～4分</li><li>西武新宿線「所沢」駅バス10分 徒歩3～5分</li><li>西武新宿線「新所沢」駅 徒歩36～38分</li>
saitama,tokorozawa,所沢パークタウン並木通り,98000,,,,西武新宿線「所沢」駅,13.0,15.0,所沢市並木8-1,6号棟,鉄骨鉄筋コンクリート造,7,N,706号室,3DK,57,11,93500,4500,2か月,"['近居割', '近居割WIDE']",随時,https://www.ur-net.go.jp/chintai/kanto/saitama/50_1980_room.html?JKSS=000060706,<li>西武新宿線「航空公園」駅バス8分 徒歩2～4分</li><li>西武新宿線「所沢」駅バス10分 徒歩3～5分</li><li>西武新宿線「新所沢」駅 徒歩36～38分</li>
saitama,tokorozawa,所沢パークタウン並木通り,98000,西武新宿線「新所沢」駅,36.0,38.0,,,,所沢市並木8-1,6号棟,鉄骨鉄筋コンクリート造,7,N,706号室,3DK,57,11,93500,4500,2か月,"['近居割', '近居割WIDE']",随時,https://www.ur-net.go.jp/chintai/kanto/saitama/50_1980_room.html?JKSS=000060706,<li>西武新宿線「航空公園」駅バス8分 徒歩2～4分</li><li>西武新宿線「所沢」駅バス10分 徒歩3～5分</li><li>西武新宿線「新所沢」駅 徒歩36～38分</li>
saitama,tokorozawa,所沢パークタウン並木通り,98000,,,,,,,所沢市並木8-1,6号棟,鉄骨鉄筋コンクリート造,7,N,706号室,3DK,57,11,93500,4500,2か月,"['近居割', '近居割WIDE']",随時,https://www.ur-net.go.jp/chintai/kanto/saitama/50_1980_room.html?JKSS=000060706,<li>西武新宿線「航空公園」駅バス8分 徒歩2～4分</li><li>西武新宿線「所沢」駅バス10分 徒歩3～5分</li><li>西武新宿線「新所沢」駅 徒歩36～38分</li>
saitama,tokorozawa,所沢パークタウン並木通り,98000,,,,西武新宿線「航空公園」駅,10.0,12.0,所沢市並木8-1,6号棟,鉄骨鉄筋コンクリート造,11,N,1106号室,3DK,65,11,93500,4500,2か月,"['近居割', '近居割WIDE']",随時,https://www.ur-net.go.jp/chintai/kanto/saitama/50_1980_room.html?JKSS=000061106,<li>西武新宿線「航空公園」駅バス8分 徒歩2～4分</li><li>西武新宿線「所沢」駅バス10分 徒歩3～5分</li><li>西武新宿線「新所沢」駅 徒歩36～38分</li>
saitama,tokorozawa,所沢パークタウン並木通り,98000,,,,西武新宿線「所沢」駅,13.0,15.0,所沢市並木8-1,6号棟,鉄骨鉄筋コンクリート造,11,N,1106号室,3DK,65,11,93500,4500,2か月,"['近居割', '近居割WIDE']",随時,https://www.ur-net.go.jp/chintai/kanto/saitama/50_1980_room.html?JKSS=000061106,<li>西武新宿線「航空公園」駅バス8分 徒歩2～4分</li><li>西武新宿線「所沢」駅バス10分 徒歩3～5分</li><li>西武新宿線「新所沢」駅 徒歩36～38分</li>
saitama,tokorozawa,所沢パークタウン並木通り,98000,西武新宿線「新所沢」駅,36.0,38.0,,,,所沢市並木8-1,6号棟,鉄骨鉄筋コンクリート造,11,N,1106号室,3DK,65,11,93500,4500,2か月,"['近居割', '近居割WIDE']",随時,https://www.ur-net.go.jp/chintai/kanto/saitama/50_1980_room.html?JKSS=000061106,<li>西武新宿線「航空公園」駅バス8分 徒歩2～4分</li><li>西武新宿線「所沢」駅バス10分 徒歩3～5分</li><li>西武新宿線「新所沢」駅 徒歩36～38分</li>
saitama,tokorozawa,所沢パークタウン並木通り,98000,,,,,,,所沢市並木8-1,6号棟,鉄骨鉄筋コンクリート造,11,N,1106号室,3DK,65,11,93500,4500,2か月,"['近居割', '近居割WIDE']",随時,https://www.ur-net.go.jp/chintai/kanto/saitama/50_1980_room.html?JKSS=000061106,<li>西武新宿線「航空公園」駅バス8分 徒歩2～4分</li><li>西武新宿線「所沢」駅バス10分 徒歩3～5分</li><li>西武新宿線「新所沢」駅 徒歩36～38分</li>
saitama,tokorozawa,所沢パークタウン駅前通り,81000,西武新宿線「航空公園」駅,4.0,9.0,,,,所沢市並木3-1,7号棟,鉄筋コンクリート造、鉄骨鉄筋コンクリート造,4,N,404号室,2LDK,58,5,77800,3200,2か月,"['近居割', '近居割WIDE']",随時,https://www.ur-net.go.jp/chintai/kanto/saitama/50_1910_room.html?JKSS=000070404,<li>西武新宿線「航空公園」駅 徒歩4～9分</li><li>西武新宿線「新所沢」駅 徒歩20～25分</li><li>西武池袋線「所沢」駅 徒歩22～25分</li>
saitama,tokorozawa,所沢パークタウン駅前通り,81000,西武新宿線「新所沢」駅,20.0,25.0,,,,所沢市並木3-1,7号棟,鉄筋コンクリート造、鉄骨鉄筋コンクリート造,4,N,404号室,2LDK,58,5,77800,3200,2か月,"['近居割', '近居割WIDE']",随時,https://www.ur-net.go.jp/chintai/kanto/saitama/50_1910_room.html?JKSS=000070404,<li>西武新宿線「航空公園」駅 徒歩4～9分</li><li>西武新宿線「新所沢」駅 徒歩20～25分</li><li>西武池袋線「所沢」駅 徒歩22～25分</li>
saitama,tokorozawa,所沢パークタウン駅前通り,81000,西武池袋線「所沢」駅,22.0,25.0,,,,所沢市並木3-1,7号棟,鉄筋コンクリート造、鉄骨鉄筋コンクリート造,4,N,404号室,2LDK,58,5,77800,3200,2か月,"['近居割', '近居割WIDE']",随時,https://www.ur-net.go.jp/chintai/kanto/saitama/50_1910_room.html?JKSS=000070404,<li>西武新宿線「航空公園」駅 徒歩4～9分</li><li>西武新宿線「新所沢」駅 徒歩20～25分</li><li>西武池袋線「所沢」駅 徒歩22～25分</li>
saitama,tokorozawa,所沢パークタウン駅前通り,81000,,,,,,,所沢市並木3-1,7号棟,鉄筋コンクリート造、鉄骨鉄筋コンクリート造,4,N,404号室,2LDK,58,5,77800,3200,2か月,"['近居割', '近居割WIDE']",随時,https://www.ur-net.go.jp/chintai/kanto/saitama/50_1910_room.html?JKSS=000070404,<li>西武新宿線「航空公園」駅 徒歩4～9分</li><li>西武新宿線「新所沢」駅 徒歩20～25分</li><li>西武池袋線「所沢」駅 徒歩22～25分</li>
saitama,tokorozawa,所沢パークタウン駅前通り,81800,西武新宿線「航空公園」駅,4.0,9.0,,,,所沢市並木3-1,12号棟,鉄筋コンクリート造、鉄骨鉄筋コンクリート造,7,N,707号室,2DK,51,10,78600,3200,2か月,"['近居割', '近居割WIDE']",随時,https://www.ur-net.go.jp/chintai/kanto/saitama/50_1910_room.html?JKSS=000120707,<li>西武新宿線「航空公園」駅 徒歩4～9分</li><li>西武新宿線「新所沢」駅 徒歩20～25分</li><li>西武池袋線「所沢」駅 徒歩22～25分</li>
saitama,tokorozawa,所沢パークタウン駅前通り,81800,西武新宿線「新所沢」駅,20.0,25.0,,,,所沢市並木3-1,12号棟,鉄筋コンクリート造、鉄骨鉄筋コンクリート造,7,N,707号室,2DK,51,10,78600,3200,2か月,"['近居割', '近居割WIDE']",随時,https://www.ur-net.go.jp/chintai/kanto/saitama/50_1910_room.html?JKSS=000120707,<li>西武新宿線「航空公園」駅 徒歩4～9分</li><li>西武新宿線「新所沢」駅 徒歩20～25分</li><li>西武池袋線「所沢」駅 徒歩22～25分</li>
saitama,tokorozawa,所沢パークタウン駅前通り,81800,西武池袋線「所沢」駅,22.0,25.0,,,,所沢市並木3-1,12号棟,鉄筋コンクリート造、鉄骨鉄筋コンクリート造,7,N,707号室,2DK,51,10,78600,3200,2か月,"['近居割', '近居割WIDE']",随時,https://www.ur-net.go.jp/chintai/kanto/saitama/50_1910_room.html?JKSS=000120707,<li>西武新宿線「航空公園」駅 徒歩4～9分</li><li>西武新宿線「新所沢」駅 徒歩20～25分</li><li>西武池袋線「所沢」駅 徒歩22～25分</li>
saitama,tokorozawa,所沢パークタウン駅前通り,81800,,,,,,,所沢市並木3-1,12号棟,鉄筋コンクリート造、鉄骨鉄筋コンクリート造,7,N,707号室,2DK,51,10,78600,3200,2か月,"['近居割', '近居割WIDE']",随時,https://www.ur-net.go.jp/chintai/kanto/saitama/50_1910_room.html?JKSS=000120707,<li>西武新宿線「航空公園」駅 徒歩4～9分</li><li>西武新宿線「新所沢」駅 徒歩20～25分</li><li>西武池袋線「所沢」駅 徒歩22～25分</li>
saitama,tokorozawa,所沢パークタウン駅前通り,87400,西武新宿線「航空公園」駅,4.0,9.0,,,,所沢市並木3-1,11号棟,鉄筋コンクリート造、鉄骨鉄筋コンクリート造,7,N,708号室,3DK,63,10,84200,3200,2か月,"['近居割', '近居割WIDE']",随時,https://www.ur-net.go.jp/chintai/kanto/saitama/50_1910_room.html?JKSS=000110708,<li>西武新宿線「航空公園」駅 徒歩4～9分</li><li>西武新宿線「新所沢」駅 徒歩20～25分</li><li>西武池袋線「所沢」駅 徒歩22～25分</li>
saitama,tokorozawa,所沢パークタウン駅前通り,87400,西武新宿線「新所沢」駅,20.0,25.0,,,,所沢市並木3-1,11号棟,鉄筋コンクリート造、鉄骨鉄筋コンクリート造,7,N,708号室,3DK,63,10,84200,3200,2か月,"['近居割', '近居割WIDE']",随時,https://www.ur-net.go.jp/chintai/kanto/saitama/50_1910_room.html?JKSS=000110708,<li>西武新宿線「航空公園」駅 徒歩4～9分</li><li>西武新宿線「新所沢」駅 徒歩20～25分</li><li>西武池袋線「所沢」駅 徒歩22～25分</li>
saitama,tokorozawa,所沢パークタウン駅前通り,87400,西武池袋線「所沢」駅,22.0,25.0,,,,所沢市並木3-1,11号棟,鉄筋コンクリート造、鉄骨鉄筋コンクリート造,7,N,708号室,3DK,63,10,84200,3200,2か月,"['近居割', '近居割WIDE']",随時,https://www.ur-net.go.jp/chintai/kanto/saitama/50_1910_room.html?JKSS=000110708,<li>西武新宿線「航空公園」駅 徒歩4～9分</li><li>西武新宿線「新所沢」駅 徒歩20～25分</li><li>西武池袋線「所沢」駅 徒歩22～25分</li>
saitama,tokorozawa,所沢パークタウン駅前通り,87400,,,,,,,所沢市並木3-1,11号棟,鉄筋コンクリート造、鉄骨鉄筋コンクリート造,7,N,708号室,3DK,63,10,84200,3200,2か月,"['近居割', '近居割WIDE']",随時,https://www.ur-net.go.jp/chintai/kanto/saitama/50_1910_room.html?JKSS=000110708,<li>西武新宿線「航空公園」駅 徒歩4～9分</li><li>西武新宿線「新所沢」駅 徒歩20～25分</li><li>西武池袋線「所沢」駅 徒歩22～25分</li>
saitama,tokorozawa,所沢パークタウン駅前通り,96800,西武新宿線「航空公園」駅,4.0,9.0,,,,所沢市並木3-1,6号棟,鉄筋コンクリート造、鉄骨鉄筋コンクリート造,4,N,410号室,3DK,63,10,93600,3200,2か月,"['近居割', '近居割WIDE']",随時,https://www.ur-net.go.jp/chintai/kanto/saitama/50_1910_room.html?JKSS=000060410,<li>西武新宿線「航空公園」駅 徒歩4～9分</li><li>西武新宿線「新所沢」駅 徒歩20～25分</li><li>西武池袋線「所沢」駅 徒歩22～25分</li>
saitama,tokorozawa,所沢パークタウン駅前通り,96800,西武新宿線「新所沢」駅,20.0,25.0,,,,所沢市並木3-1,6号棟,鉄筋コンクリート造、鉄骨鉄筋コンクリート造,4,N,410号室,3DK,63,10,93600,3200,2か月,"['近居割', '近居割WIDE']",随時,https://www.ur-net.go.jp/chintai/kanto/saitama/50_1910_room.html?JKSS=000060410,<li>西武新宿線「航空公園」駅 徒歩4～9分</li><li>西武新宿線「新所沢」駅 徒歩20～25分</li><li>西武池袋線「所沢」駅 徒歩22～25分</li>
saitama,tokorozawa,所沢パークタウン駅前通り,96800,西武池袋線「所沢」駅,22.0,25.0,,,,所沢市並木3-1,6号棟,鉄筋コンクリート造、鉄骨鉄筋コンクリート造,4,N,410号室,3DK,63,10,93600,3200,2か月,"['近居割', '近居割WIDE']",随時,https://www.ur-net.go.jp/chintai/kanto/saitama/50_1910_room.html?JKSS=000060410,<li>西武新宿線「航空公園」駅 徒歩4～9分</li><li>西武新宿線「新所沢」駅 徒歩20～25分</li><li>西武池袋線「所沢」駅 徒歩22～25分</li>
saitama,tokorozawa,所沢パークタウン駅前通り,96800,,,,,,,所沢市並木3-1,6号棟,鉄筋コンクリート造、鉄骨鉄筋コンクリート造,4,N,410号室,3DK,63,10,93600,3200,2か月,"['近居割', '近居割WIDE']",随時,https://www.ur-net.go.jp/chintai/kanto/saitama/50_1910_room.html?JKSS=000060410,<li>西武新宿線「航空公園」駅 徒歩4～9分</li><li>西武新宿線「新所沢」駅 徒歩20～25分</li><li>西武池袋線「所沢」駅 徒歩22～25分</li>
saitama,tokorozawa,所沢パークタウン公園通り,90900,西武新宿線「航空公園」駅,7.0,8.0,,,,所沢市並木2-3,3号棟,鉄筋コンクリート造、鉄骨鉄筋コンクリート造,3,N,304号室,2DK,50,8,86600,4300,2か月,"['近居割', '近居割WIDE']",随時,https://www.ur-net.go.jp/chintai/kanto/saitama/50_1970_room.html?JKSS=000030304,<li>西武新宿線「航空公園」駅 徒歩7～8分</li><li>西武新宿線「新所沢」駅 徒歩14～15分</li><li>西武池袋線「所沢」駅 徒歩27～28分</li>
saitama,tokorozawa,所沢パークタウン公園通り,90900,西武新宿線「新所沢」駅,14.0,15.0,,,,所沢市並木2-3,3号棟,鉄筋コンクリート造、鉄骨鉄筋コンクリート造,3,N,304号室,2DK,50,8,86600,4300,2か月,"['近居割', '近居割WIDE']",随時,https://www.ur-net.go.jp/chintai/kanto/saitama/50_1970_room.html?JKSS=000030304,<li>西武新宿線「航空公園」駅 徒歩7～8分</li><li>西武新宿線「新所沢」駅 徒歩14～15分</li><li>西武池袋線「所沢」駅 徒歩27～28分</li>
saitama,tokorozawa,所沢パークタウン公園通り,90900,西武池袋線「所沢」駅,27.0,28.0,,,,所沢市並木2-3,3号棟,鉄筋コンクリート造、鉄骨鉄筋コンクリート造,3,N,304号室,2DK,50,8,86600,4300,2か月,"['近居割', '近居割WIDE']",随時,https://www.ur-net.go.jp/chintai/kanto/saitama/50_1970_room.html?JKSS=000030304,<li>西武新宿線「航空公園」駅 徒歩7～8分</li><li>西武新宿線「新所沢」駅 徒歩14～15分</li><li>西武池袋線「所沢」駅 徒歩27～28分</li>
saitama,tokorozawa,所沢パークタウン公園通り,90900,,,,,,,所沢市並木2-3,3号棟,鉄筋コンクリート造、鉄骨鉄筋コンクリート造,3,N,304号室,2DK,50,8,86600,4300,2か月,"['近居割', '近居割WIDE']",随時,https://www.ur-net.go.jp/chintai/kanto/saitama/50_1970_room.html?JKSS=000030304,<li>西武新宿線「航空公園」駅 徒歩7～8分</li><li>西武新宿線「新所沢」駅 徒歩14～15分</li><li>西武池袋線「所沢」駅 徒歩27～28分</li>
saitama,tokorozawa,所沢パークタウン公園通り,91600,西武新宿線「航空公園」駅,7.0,8.0,,,,所沢市並木2-3,3号棟,鉄筋コンクリート造、鉄骨鉄筋コンクリート造,2,N,205号室,1LDK,50,8,87300,4300,2か月,"['近居割', '近居割WIDE']",随時,https://www.ur-net.go.jp/chintai/kanto/saitama/50_1970_room.html?JKSS=000030205,<li>西武新宿線「航空公園」駅 徒歩7～8分</li><li>西武新宿線「新所沢」駅 徒歩14～15分</li><li>西武池袋線「所沢」駅 徒歩27～28分</li>
saitama,tokorozawa,所沢パークタウン公園通り,91600,西武新宿線「新所沢」駅,14.0,15.0,,,,所沢市並木2-3,3号棟,鉄筋コンクリート造、鉄骨鉄筋コンクリート造,2,N,205号室,1LDK,50,8,87300,4300,2か月,"['近居割', '近居割WIDE']",随時,https://www.ur-net.go.jp/chintai/kanto/saitama/50_1970_room.html?JKSS=000030205,<li>西武新宿線「航空公園」駅 徒歩7～8分</li><li>西武新宿線「新所沢」駅 徒歩14～15分</li><li>西武池袋線「所沢」駅 徒歩27～28分</li>
saitama,tokorozawa,所沢パークタウン公園通り,91600,西武池袋線「所沢」駅,27.0,28.0,,,,所沢市並木2-3,3号棟,鉄筋コンクリート造、鉄骨鉄筋コンクリート造,2,N,205号室,1LDK,50,8,87300,4300,2か月,"['近居割', '近居割WIDE']",随時,https://www.ur-net.go.jp/chintai/kanto/saitama/50_1970_room.html?JKSS=000030205,<li>西武新宿線「航空公園」駅 徒歩7～8分</li><li>西武新宿線「新所沢」駅 徒歩14～15分</li><li>西武池袋線「所沢」駅 徒歩27～28分</li>
saitama,tokorozawa,所沢パークタウン公園通り,91600,,,,,,,所沢市並木2-3,3号棟,鉄筋コンクリート造、鉄骨鉄筋コンクリート造,2,N,205号室,1LDK,50,8,87300,4300,2か月,"['近居割', '近居割WIDE']",随時,https://www.ur-net.go.jp/chintai/kanto/saitama/50_1970_room.html?JKSS=000030205,<li>西武新宿線「航空公園」駅 徒歩7～8分</li><li>西武新宿線「新所沢」駅 徒歩14～15分</li><li>西武池袋線「所沢」駅 徒歩27～28分</li>
saitama,shintokorozawa,プラザシティ新所沢　けやき通り,116600,西武新宿線「新所沢」駅,4.0,8.0,,,,所沢市緑町1-5ほか,17号棟,鉄筋コンクリート造,6,N,610号室,3DK,61,8,112900,3700,2か月,"['近居割', '近居割WIDE']",随時,https://www.ur-net.go.jp/chintai/kanto/saitama/50_3030_room.html?JKSS=000170610,<li>西武新宿線「新所沢」駅 徒歩4～8分</li><li>西武新宿線「航空公園」駅 徒歩18～25分</li><li>西武池袋線「西所沢」駅 徒歩21～28分</li>
saitama,shintokorozawa,プラザシティ新所沢　けやき通り,116600,西武新宿線「航空公園」駅,18.0,25.0,,,,所沢市緑町1-5ほか,17号棟,鉄筋コンクリート造,6,N,610号室,3DK,61,8,112900,3700,2か月,"['近居割', '近居割WIDE']",随時,https://www.ur-net.go.jp/chintai/kanto/saitama/50_3030_room.html?JKSS=000170610,<li>西武新宿線「新所沢」駅 徒歩4～8分</li><li>西武新宿線「航空公園」駅 徒歩18～25分</li><li>西武池袋線「西所沢」駅 徒歩21～28分</li>
saitama,shintokorozawa,プラザシティ新所沢　けやき通り,116600,西武池袋線「西所沢」駅,21.0,28.0,,,,所沢市緑町1-5ほか,17号棟,鉄筋コンクリート造,6,N,610号室,3DK,61,8,112900,3700,2か月,"['近居割', '近居割WIDE']",随時,https://www.ur-net.go.jp/chintai/kanto/saitama/50_3030_room.html?JKSS=000170610,<li>西武新宿線「新所沢」駅 徒歩4～8分</li><li>西武新宿線「航空公園」駅 徒歩18～25分</li><li>西武池袋線「西所沢」駅 徒歩21～28分</li>
saitama,shintokorozawa,プラザシティ新所沢　けやき通り,116600,,,,,,,所沢市緑町1-5ほか,17号棟,鉄筋コンクリート造,6,N,610号室,3DK,61,8,112900,3700,2か月,"['近居割', '近居割WIDE']",随時,https://www.ur-net.go.jp/chintai/kanto/saitama/50_3030_room.html?JKSS=000170610,<li>西武新宿線「新所沢」駅 徒歩4～8分</li><li>西武新宿線「航空公園」駅 徒歩18～25分</li><li>西武池袋線「西所沢」駅 徒歩21～28分</li>
saitama,shintokorozawa,プラザシティ新所沢　けやき通り,120700,西武新宿線「新所沢」駅,4.0,8.0,,,,所沢市緑町1-5ほか,13号棟,鉄筋コンクリート造,8,N,804号室,2LDK,63,11,117000,3700,2か月,"['近居割', '近居割WIDE']",随時,https://www.ur-net.go.jp/chintai/kanto/saitama/50_3030_room.html?JKSS=000130804,<li>西武新宿線「新所沢」駅 徒歩4～8分</li><li>西武新宿線「航空公園」駅 徒歩18～25分</li><li>西武池袋線「西所沢」駅 徒歩21～28分</li>
saitama,shintokorozawa,プラザシティ新所沢　けやき通り,120700,西武新宿線「航空公園」駅,18.0,25.0,,,,所沢市緑町1-5ほか,13号棟,鉄筋コンクリート造,8,N,804号室,2LDK,63,11,117000,3700,2か月,"['近居割', '近居割WIDE']",随時,https://www.ur-net.go.jp/chintai/kanto/saitama/50_3030_room.html?JKSS=000130804,<li>西武新宿線「新所沢」駅 徒歩4～8分</li><li>西武新宿線「航空公園」駅 徒歩18～25分</li><li>西武池袋線「西所沢」駅 徒歩21～28分</li>
saitama,shintokorozawa,プラザシティ新所沢　けやき通り,120700,西武池袋線「西所沢」駅,21.0,28.0,,,,所沢市緑町1-5ほか,13号棟,鉄筋コンクリート造,8,N,804号室,2LDK,63,11,117000,3700,2か月,"['近居割', '近居割WIDE']",随時,https://www.ur-net.go.jp/chintai/kanto/saitama/50_3030_room.html?JKSS=000130804,<li>西武新宿線「新所沢」駅 徒歩4～8分</li><li>西武新宿線「航空公園」駅 徒歩18～25分</li><li>西武池袋線「西所沢」駅 徒歩21～28分</li>
saitama,shintokorozawa,プラザシティ新所沢　けやき通り,120700,,,,,,,所沢市緑町1-5ほか,13号棟,鉄筋コンクリート造,8,N,804号室,2LDK,63,11,117000,3700,2か月,"['近居割', '近居割WIDE']",随時,https://www.ur-net.go.jp/chintai/kanto/saitama/50_3030_room.html?JKSS=000130804,<li>西武新宿線「新所沢」駅 徒歩4～8分</li><li>西武新宿線「航空公園」駅 徒歩18～25分</li><li>西武池袋線「西所沢」駅 徒歩21～28分</li>
saitama,shintokorozawa,プラザシティ新所沢　けやき通り,149600,西武新宿線「新所沢」駅,4.0,8.0,,,,所沢市緑町1-5ほか,16号棟,鉄筋コンクリート造,5,N,501号室,4DK,76,7,145900,3700,2か月,"['近居割', '近居割WIDE']",随時,https://www.ur-net.go.jp/chintai/kanto/saitama/50_3030_room.html?JKSS=000160501,<li>西武新宿線「新所沢」駅 徒歩4～8分</li><li>西武新宿線「航空公園」駅 徒歩18～25分</li><li>西武池袋線「西所沢」駅 徒歩21～28分</li>
saitama,shintokorozawa,プラザシティ新所沢　けやき通り,149600,西武新宿線「航空公園」駅,18.0,25.0,,,,所沢市緑町1-5ほか,16号棟,鉄筋コンクリート造,5,N,501号室,4DK,76,7,145900,3700,2か月,"['近居割', '近居割WIDE']",随時,https://www.ur-net.go.jp/chintai/kanto/saitama/50_3030_room.html?JKSS=000160501,<li>西武新宿線「新所沢」駅 徒歩4～8分</li><li>西武新宿線「航空公園」駅 徒歩18～25分</li><li>西武池袋線「西所沢」駅 徒歩21～28分</li>
saitama,shintokorozawa,プラザシティ新所沢　けやき通り,149600,西武池袋線「西所沢」駅,21.0,28.0,,,,所沢市緑町1-5ほか,16号棟,鉄筋コンクリート造,5,N,501号室,4DK,76,7,145900,3700,2か月,"['近居割', '近居割WIDE']",随時,https://www.ur-net.go.jp/chintai/kanto/saitama/50_3030_room.html?JKSS=000160501,<li>西武新宿線「新所沢」駅 徒歩4～8分</li><li>西武新宿線「航空公園」駅 徒歩18～25分</li><li>西武池袋線「西所沢」駅 徒歩21～28分</li>
saitama,shintokorozawa,プラザシティ新所沢　けやき通り,149600,,,,,,,所沢市緑町1-5ほか,16号棟,鉄筋コンクリート造,5,N,501号室,4DK,76,7,145900,3700,2か月,"['近居割', '近居割WIDE']",随時,https://www.ur-net.go.jp/chintai/kanto/saitama/50_3030_room.html?JKSS=000160501,<li>西武新宿線「新所沢」駅 徒歩4～8分</li><li>西武新宿線「航空公園」駅 徒歩18～25分</li><li>西武池袋線「西所沢」駅 徒歩21～28分</li>
saitama,shintokorozawa,プラザシティ新所沢　けやき通り,150300,西武新宿線「新所沢」駅,4.0,8.0,,,,所沢市緑町1-5ほか,6号棟,鉄筋コンクリート造,3,N,304号室,3LDK,81,14,146600,3700,2か月,"['近居割', '近居割WIDE']",随時,https://www.ur-net.go.jp/chintai/kanto/saitama/50_3030_room.html?JKSS=000060304,<li>西武新宿線「新所沢」駅 徒歩4～8分</li><li>西武新宿線「航空公園」駅 徒歩18～25分</li><li>西武池袋線「西所沢」駅 徒歩21～28分</li>
saitama,shintokorozawa,プラザシティ新所沢　けやき通り,150300,西武新宿線「航空公園」駅,18.0,25.0,,,,所沢市緑町1-5ほか,6号棟,鉄筋コンクリート造,3,N,304号室,3LDK,81,14,146600,3700,2か月,"['近居割', '近居割WIDE']",随時,https://www.ur-net.go.jp/chintai/kanto/saitama/50_3030_room.html?JKSS=000060304,<li>西武新宿線「新所沢」駅 徒歩4～8分</li><li>西武新宿線「航空公園」駅 徒歩18～25分</li><li>西武池袋線「西所沢」駅 徒歩21～28分</li>
saitama,shintokorozawa,プラザシティ新所沢　けやき通り,150300,西武池袋線「西所沢」駅,21.0,28.0,,,,所沢市緑町1-5ほか,6号棟,鉄筋コンクリート造,3,N,304号室,3LDK,81,14,146600,3700,2か月,"['近居割', '近居割WIDE']",随時,https://www.ur-net.go.jp/chintai/kanto/saitama/50_3030_room.html?JKSS=000060304,<li>西武新宿線「新所沢」駅 徒歩4～8分</li><li>西武新宿線「航空公園」駅 徒歩18～25分</li><li>西武池袋線「西所沢」駅 徒歩21～28分</li>
saitama,shintokorozawa,プラザシティ新所沢　けやき通り,150300,,,,,,,所沢市緑町1-5ほか,6号棟,鉄筋コンクリート造,3,N,304号室,3LDK,81,14,146600,3700,2か月,"['近居割', '近居割WIDE']",随時,https://www.ur-net.go.jp/chintai/kanto/saitama/50_3030_room.html?JKSS=000060304,<li>西武新宿線「新所沢」駅 徒歩4～8分</li><li>西武新宿線「航空公園」駅 徒歩18～25分</li><li>西武池袋線「西所沢」駅 徒歩21～28分</li>
saitama,shintokorozawa,プラザシティ新所沢　けやき通り,154800,西武新宿線「新所沢」駅,4.0,8.0,,,,所沢市緑町1-5ほか,6号棟,鉄筋コンクリート造,8,N,801号室,4LDK,82,14,151100,3700,2か月,"['近居割', '近居割WIDE']",随時,https://www.ur-net.go.jp/chintai/kanto/saitama/50_3030_room.html?JKSS=000060801,<li>西武新宿線「新所沢」駅 徒歩4～8分</li><li>西武新宿線「航空公園」駅 徒歩18～25分</li><li>西武池袋線「西所沢」駅 徒歩21～28分</li>
saitama,shintokorozawa,プラザシティ新所沢　けやき通り,154800,西武新宿線「航空公園」駅,18.0,25.0,,,,所沢市緑町1-5ほか,6号棟,鉄筋コンクリート造,8,N,801号室,4LDK,82,14,151100,3700,2か月,"['近居割', '近居割WIDE']",随時,https://www.ur-net.go.jp/chintai/kanto/saitama/50_3030_room.html?JKSS=000060801,<li>西武新宿線「新所沢」駅 徒歩4～8分</li><li>西武新宿線「航空公園」駅 徒歩18～25分</li><li>西武池袋線「西所沢」駅 徒歩21～28分</li>
saitama,shintokorozawa,プラザシティ新所沢　けやき通り,154800,西武池袋線「西所沢」駅,21.0,28.0,,,,所沢市緑町1-5ほか,6号棟,鉄筋コンクリート造,8,N,801号室,4LDK,82,14,151100,3700,2か月,"['近居割', '近居割WIDE']",随時,https://www.ur-net.go.jp/chintai/kanto/saitama/50_3030_room.html?JKSS=000060801,<li>西武新宿線「新所沢」駅 徒歩4～8分</li><li>西武新宿線「航空公園」駅 徒歩18～25分</li><li>西武池袋線「西所沢」駅 徒歩21～28分</li>
saitama,shintokorozawa,プラザシティ新所沢　けやき通り,154800,,,,,,,所沢市緑町1-5ほか,6号棟,鉄筋コンクリート造,8,N,801号室,4LDK,82,14,151100,3700,2か月,"['近居割', '近居割WIDE']",随時,https://www.ur-net.go.jp/chintai/kanto/saitama/50_3030_room.html?JKSS=000060801,<li>西武新宿線「新所沢」駅 徒歩4～8分</li><li>西武新宿線「航空公園」駅 徒歩18～25分</li><li>西武池袋線「西所沢」駅 徒歩21～28分</li>
saitama,shintokorozawa,プラザシティ新所沢けやき通り第二,120900,西武新宿線「新所沢」駅,10.0,14.0,,,,所沢市緑町4-28ほか,40号棟,鉄筋コンクリート造,1,N,104号室,2LDK,64,8,116600,4300,2か月,"['近居割', '近居割WIDE']",随時,https://www.ur-net.go.jp/chintai/kanto/saitama/50_3850_room.html?JKSS=000400104,<li>西武新宿線「新所沢」駅 徒歩10～14分</li><li>西武池袋線「小手指」駅 徒歩15～20分</li><li>西武新宿線「航空公園」駅 徒歩26～30分</li>
saitama,shintokorozawa,プラザシティ新所沢けやき通り第二,120900,西武池袋線「小手指」駅,15.0,20.0,,,,所沢市緑町4-28ほか,40号棟,鉄筋コンクリート造,1,N,104号室,2LDK,64,8,116600,4300,2か月,"['近居割', '近居割WIDE']",随時,https://www.ur-net.go.jp/chintai/kanto/saitama/50_3850_room.html?JKSS=000400104,<li>西武新宿線「新所沢」駅 徒歩10～14分</li><li>西武池袋線「小手指」駅 徒歩15～20分</li><li>西武新宿線「航空公園」駅 徒歩26～30分</li>
saitama,shintokorozawa,プラザシティ新所沢けやき通り第二,120900,西武新宿線「航空公園」駅,26.0,30.0,,,,所沢市緑町4-28ほか,40号棟,鉄筋コンクリート造,1,N,104号室,2LDK,64,8,116600,4300,2か月,"['近居割', '近居割WIDE']",随時,https://www.ur-net.go.jp/chintai/kanto/saitama/50_3850_room.html?JKSS=000400104,<li>西武新宿線「新所沢」駅 徒歩10～14分</li><li>西武池袋線「小手指」駅 徒歩15～20分</li><li>西武新宿線「航空公園」駅 徒歩26～30分</li>
saitama,shintokorozawa,プラザシティ新所沢けやき通り第二,120900,,,,,,,所沢市緑町4-28ほか,40号棟,鉄筋コンクリート造,1,N,104号室,2LDK,64,8,116600,4300,2か月,"['近居割', '近居割WIDE']",随時,https://www.ur-net.go.jp/chintai/kanto/saitama/50_3850_room.html?JKSS=000400104,<li>西武新宿線「新所沢」駅 徒歩10～14分</li><li>西武池袋線「小手指」駅 徒歩15～20分</li><li>西武新宿線「航空公園」駅 徒歩26～30分</li>
saitama,shintokorozawa,プラザシティ新所沢けやき通り第二,121200,西武新宿線「新所沢」駅,10.0,14.0,,,,所沢市緑町4-28ほか,34号棟,鉄筋コンクリート造,7,N,705号室,2LDK,55,12,116900,4300,2か月,"['近居割', '近居割WIDE']",随時,https://www.ur-net.go.jp/chintai/kanto/saitama/50_3850_room.html?JKSS=000340705,<li>西武新宿線「新所沢」駅 徒歩10～14分</li><li>西武池袋線「小手指」駅 徒歩15～20分</li><li>西武新宿線「航空公園」駅 徒歩26～30分</li>
saitama,shintokorozawa,プラザシティ新所沢けやき通り第二,121200,西武池袋線「小手指」駅,15.0,20.0,,,,所沢市緑町4-28ほか,34号棟,鉄筋コンクリート造,7,N,705号室,2LDK,55,12,116900,4300,2か月,"['近居割', '近居割WIDE']",随時,https://www.ur-net.go.jp/chintai/kanto/saitama/50_3850_room.html?JKSS=000340705,<li>西武新宿線「新所沢」駅 徒歩10～14分</li><li>西武池袋線「小手指」駅 徒歩15～20分</li><li>西武新宿線「航空公園」駅 徒歩26～30分</li>
saitama,shintokorozawa,プラザシティ新所沢けやき通り第二,121200,西武新宿線「航空公園」駅,26.0,30.0,,,,所沢市緑町4-28ほか,34号棟,鉄筋コンクリート造,7,N,705号室,2LDK,55,12,116900,4300,2か月,"['近居割', '近居割WIDE']",随時,https://www.ur-net.go.jp/chintai/kanto/saitama/50_3850_room.html?JKSS=000340705,<li>西武新宿線「新所沢」駅 徒歩10～14分</li><li>西武池袋線「小手指」駅 徒歩15～20分</li><li>西武新宿線「航空公園」駅 徒歩26～30分</li>
saitama,shintokorozawa,プラザシティ新所沢けやき通り第二,121200,,,,,,,所沢市緑町4-28ほか,34号棟,鉄筋コンクリート造,7,N,705号室,2LDK,55,12,116900,4300,2か月,"['近居割', '近居割WIDE']",随時,https://www.ur-net.go.jp/chintai/kanto/saitama/50_3850_room.html?JKSS=000340705,<li>西武新宿線「新所沢」駅 徒歩10～14分</li><li>西武池袋線「小手指」駅 徒歩15～20分</li><li>西武新宿線「航空公園」駅 徒歩26～30分</li>
saitama,shintokorozawa,プラザシティ新所沢けやき通り第三,123300,西武新宿線「新所沢」駅,12.0,14.0,,,,所沢市緑町3-10ほか,51号棟,鉄筋コンクリート造,2,N,206号室,2LDK,63,3,117600,5700,2か月,"['近居割', '近居割WIDE']",2026年8月3日以降,https://www.ur-net.go.jp/chintai/kanto/saitama/50_4000_room.html?JKSS=000510206,<li>西武新宿線「新所沢」駅 徒歩12～14分</li><li>西武池袋線「小手指」駅 徒歩16～18分</li><li>西武池袋線「西所沢」駅 徒歩21～23分</li>
saitama,shintokorozawa,プラザシティ新所沢けやき通り第三,123300,西武池袋線「小手指」駅,16.0,18.0,,,,所沢市緑町3-10ほか,51号棟,鉄筋コンクリート造,2,N,206号室,2LDK,63,3,117600,5700,2か月,"['近居割', '近居割WIDE']",2026年8月3日以降,https://www.ur-net.go.jp/chintai/kanto/saitama/50_4000_room.html?JKSS=000510206,<li>西武新宿線「新所沢」駅 徒歩12～14分</li><li>西武池袋線「小手指」駅 徒歩16～18分</li><li>西武池袋線「西所沢」駅 徒歩21～23分</li>
saitama,shintokorozawa,プラザシティ新所沢けやき通り第三,123300,西武池袋線「西所沢」駅,21.0,23.0,,,,所沢市緑町3-10ほか,51号棟,鉄筋コンクリート造,2,N,206号室,2LDK,63,3,117600,5700,2か月,"['近居割', '近居割WIDE']",2026年8月3日以降,https://www.ur-net.go.jp/chintai/kanto/saitama/50_4000_room.html?JKSS=000510206,<li>西武新宿線「新所沢」駅 徒歩12～14分</li><li>西武池袋線「小手指」駅 徒歩16～18分</li><li>西武池袋線「西所沢」駅 徒歩21～23分</li>
saitama,shintokorozawa,プラザシティ新所沢けやき通り第三,123300,,,,,,,所沢市緑町3-10ほか,51号棟,鉄筋コンクリート造,2,N,206号室,2LDK,63,3,117600,5700,2か月,"['近居割', '近居割WIDE']",2026年8月3日以降,https://www.ur-net.go.jp/chintai/kanto/saitama/50_4000_room.html?JKSS=000510206,<li>西武新宿線「新所沢」駅 徒歩12～14分</li><li>西武池袋線「小手指」駅 徒歩16～18分</li><li>西武池袋線「西所沢」駅 徒歩21～23分</li>
saitama,shintokorozawa,プラザシティ新所沢　緑町第三,124300,西武新宿線「新所沢」駅,6.0,7.0,,,,所沢市緑町2-10ほか,8号棟,鉄筋コンクリート造,6,N,610号室,2LDK,64,10,120600,3700,2か月,"['近居割', '近居割WIDE']",2026年8月8日以降,https://www.ur-net.go.jp/chintai/kanto/saitama/50_3950_room.html?JKSS=000080610,<li>西武新宿線「新所沢」駅 徒歩6～7分</li><li>西武新宿線「航空公園」駅 徒歩15分</li><li>西武池袋線「西所沢」駅 徒歩22～24分</li>
saitama,shintokorozawa,プラザシティ新所沢　緑町第三,124300,西武新宿線「航空公園」駅,15.0,15.0,,,,所沢市緑町2-10ほか,8号棟,鉄筋コンクリート造,6,N,610号室,2LDK,64,10,120600,3700,2か月,"['近居割', '近居割WIDE']",2026年8月8日以降,https://www.ur-net.go.jp/chintai/kanto/saitama/50_3950_room.html?JKSS=000080610,<li>西武新宿線「新所沢」駅 徒歩6～7分</li><li>西武新宿線「航空公園」駅 徒歩15分</li><li>西武池袋線「西所沢」駅 徒歩22～24分</li>
saitama,shintokorozawa,プラザシティ新所沢　緑町第三,124300,西武池袋線「西所沢」駅,22.0,24.0,,,,所沢市緑町2-10ほか,8号棟,鉄筋コンクリート造,6,N,610号室,2LDK,64,10,120600,3700,2か月,"['近居割', '近居割WIDE']",2026年8月8日以降,https://www.ur-net.go.jp/chintai/kanto/saitama/50_3950_room.html?JKSS=000080610,<li>西武新宿線「新所沢」駅 徒歩6～7分</li><li>西武新宿線「航空公園」駅 徒歩15分</li><li>西武池袋線「西所沢」駅 徒歩22～24分</li>
saitama,shintokorozawa,プラザシティ新所沢　緑町第三,124300,,,,,,,所沢市緑町2-10ほか,8号棟,鉄筋コンクリート造,6,N,610号室,2LDK,64,10,120600,3700,2か月,"['近居割', '近居割WIDE']",2026年8月8日以降,https://www.ur-net.go.jp/chintai/kanto/saitama/50_3950_room.html?JKSS=000080610,<li>西武新宿線「新所沢」駅 徒歩6～7分</li><li>西武新宿線「航空公園」駅 徒歩15分</li><li>西武池袋線「西所沢」駅 徒歩22～24分</li>
saitama,wakaba,東坂戸,49100,,,,東武東上線「若葉」駅,8.0,12.0,坂戸市東坂戸1ほか,2-15号棟,鉄骨鉄筋コンクリート造,1,N,102号室,1DK,36,1,43000,6100,2か月,"['近居割', '近居割WIDE']",随時,https://www.ur-net.go.jp/chintai/kanto/saitama/50_1800_room.html?JKSS=002150102,<li>東武東上線「若葉」駅バス7～8分 徒歩1～4分</li><li>東武東上線「川越」駅バス30～32分 徒歩1～4分</li><li>東武東上線「鶴ケ島」駅 徒歩34～46分</li>
saitama,wakaba,東坂戸,49100,,,,東武東上線「川越」駅,31.0,36.0,坂戸市東坂戸1ほか,2-15号棟,鉄骨鉄筋コンクリート造,1,N,102号室,1DK,36,1,43000,6100,2か月,"['近居割', '近居割WIDE']",随時,https://www.ur-net.go.jp/chintai/kanto/saitama/50_1800_room.html?JKSS=002150102,<li>東武東上線「若葉」駅バス7～8分 徒歩1～4分</li><li>東武東上線「川越」駅バス30～32分 徒歩1～4分</li><li>東武東上線「鶴ケ島」駅 徒歩34～46分</li>
saitama,wakaba,東坂戸,49100,東武東上線「鶴ケ島」駅,34.0,46.0,,,,坂戸市東坂戸1ほか,2-15号棟,鉄骨鉄筋コンクリート造,1,N,102号室,1DK,36,1,43000,6100,2か月,"['近居割', '近居割WIDE']",随時,https://www.ur-net.go.jp/chintai/kanto/saitama/50_1800_room.html?JKSS=002150102,<li>東武東上線「若葉」駅バス7～8分 徒歩1～4分</li><li>東武東上線「川越」駅バス30～32分 徒歩1～4分</li><li>東武東上線「鶴ケ島」駅 徒歩34～46分</li>
saitama,wakaba,東坂戸,49100,,,,,,,坂戸市東坂戸1ほか,2-15号棟,鉄骨鉄筋コンクリート造,1,N,102号室,1DK,36,1,43000,6100,2か月,"['近居割', '近居割WIDE']",随時,https://www.ur-net.go.jp/chintai/kanto/saitama/50_1800_room.html?JKSS=002150102,<li>東武東上線「若葉」駅バス7～8分 徒歩1～4分</li><li>東武東上線「川越」駅バス30～32分 徒歩1～4分</li><li>東武東上線「鶴ケ島」駅 徒歩34～46分</li>
saitama,wakaba,東坂戸,52400,,,,東武東上線「若葉」駅,8.0,12.0,坂戸市東坂戸1ほか,1-20号棟,鉄骨鉄筋コンクリート造,4,N,408号室,2DK,50,8,46300,6100,2か月,"['近居割', '近居割WIDE']",随時,https://www.ur-net.go.jp/chintai/kanto/saitama/50_1800_room.html?JKSS=001200408,<li>東武東上線「若葉」駅バス7～8分 徒歩1～4分</li><li>東武東上線「川越」駅バス30～32分 徒歩1～4分</li><li>東武東上線「鶴ケ島」駅 徒歩34～46分</li>
saitama,wakaba,東坂戸,52400,,,,東武東上線「川越」駅,31.0,36.0,坂戸市東坂戸1ほか,1-20号棟,鉄骨鉄筋コンクリート造,4,N,408号室,2DK,50,8,46300,6100,2か月,"['近居割', '近居割WIDE']",随時,https://www.ur-net.go.jp/chintai/kanto/saitama/50_1800_room.html?JKSS=001200408,<li>東武東上線「若葉」駅バス7～8分 徒歩1～4分</li><li>東武東上線「川越」駅バス30～32分 徒歩1～4分</li><li>東武東上線「鶴ケ島」駅 徒歩34～46分</li>
saitama,wakaba,東坂戸,52400,東武東上線「鶴ケ島」駅,34.0,46.0,,,,坂戸市東坂戸1ほか,1-20号棟,鉄骨鉄筋コンクリート造,4,N,408号室,2DK,50,8,46300,6100,2か月,"['近居割', '近居割WIDE']",随時,https://www.ur-net.go.jp/chintai/kanto/saitama/50_1800_room.html?JKSS=001200408,<li>東武東上線「若葉」駅バス7～8分 徒歩1～4分</li><li>東武東上線「川越」駅バス30～32分 徒歩1～4分</li><li>東武東上線「鶴ケ島」駅 徒歩34～46分</li>
saitama,wakaba,東坂戸,52400,,,,,,,坂戸市東坂戸1ほか,1-20号棟,鉄骨鉄筋コンクリート造,4,N,408号室,2DK,50,8,46300,6100,2か月,"['近居割', '近居割WIDE']",随時,https://www.ur-net.go.jp/chintai/kanto/saitama/50_1800_room.html?JKSS=001200408,<li>東武東上線「若葉」駅バス7～8分 徒歩1～4分</li><li>東武東上線「川越」駅バス30～32分 徒歩1～4分</li><li>東武東上線「鶴ケ島」駅 徒歩34～46分</li>
saitama,wakaba,東坂戸,52400,,,,東武東上線「若葉」駅,8.0,12.0,坂戸市東坂戸1ほか,2-21号棟,鉄骨鉄筋コンクリート造,8,N,804号室,2DK,50,8,46300,6100,2か月,"['近居割', '近居割WIDE']",2026年8月4日以降,https://www.ur-net.go.jp/chintai/kanto/saitama/50_1800_room.html?JKSS=002210804,<li>東武東上線「若葉」駅バス7～8分 徒歩1～4分</li><li>東武東上線「川越」駅バス30～32分 徒歩1～4分</li><li>東武東上線「鶴ケ島」駅 徒歩34～46分</li>
saitama,wakaba,東坂戸,52400,,,,東武東上線「川越」駅,31.0,36.0,坂戸市東坂戸1ほか,2-21号棟,鉄骨鉄筋コンクリート造,8,N,804号室,2DK,50,8,46300,6100,2か月,"['近居割', '近居割WIDE']",2026年8月4日以降,https://www.ur-net.go.jp/chintai/kanto/saitama/50_1800_room.html?JKSS=002210804,<li>東武東上線「若葉」駅バス7～8分 徒歩1～4分</li><li>東武東上線「川越」駅バス30～32分 徒歩1～4分</li><li>東武東上線「鶴ケ島」駅 徒歩34～46分</li>
saitama,wakaba,東坂戸,52400,東武東上線「鶴ケ島」駅,34.0,46.0,,,,坂戸市東坂戸1ほか,2-21号棟,鉄骨鉄筋コンクリート造,8,N,804号室,2DK,50,8,46300,6100,2か月,"['近居割', '近居割WIDE']",2026年8月4日以降,https://www.ur-net.go.jp/chintai/kanto/saitama/50_1800_room.html?JKSS=002210804,<li>東武東上線「若葉」駅バス7～8分 徒歩1～4分</li><li>東武東上線「川越」駅バス30～32分 徒歩1～4分</li><li>東武東上線「鶴ケ島」駅 徒歩34～46分</li>
saitama,wakaba,東坂戸,52400,,,,,,,坂戸市東坂戸1ほか,2-21号棟,鉄骨鉄筋コンクリート造,8,N,804号室,2DK,50,8,46300,6100,2か月,"['近居割', '近居割WIDE']",2026年8月4日以降,https://www.ur-net.go.jp/chintai/kanto/saitama/50_1800_room.html?JKSS=002210804,<li>東武東上線「若葉」駅バス7～8分 徒歩1～4分</li><li>東武東上線「川越」駅バス30～32分 徒歩1～4分</li><li>東武東上線「鶴ケ島」駅 徒歩34～46分</li>
saitama,wakaba,北坂戸,53600,東武東上線「北坂戸」駅,2.0,11.0,,,,坂戸市溝端町1ほか,9-20号棟,鉄筋コンクリート造、鉄骨鉄筋コンクリート造,4,N,406号室,3K,50,5,50100,3500,2か月,"['近居割', '近居割WIDE']",随時,https://www.ur-net.go.jp/chintai/kanto/saitama/50_1590_room.html?JKSS=009200406,<li>東武東上線「北坂戸」駅 徒歩2～11分</li><li>東武東上線「坂戸」駅 徒歩23～34分</li><li>東武東上線「若葉」駅 徒歩41～49分</li><li>東武東上線「高坂」駅 徒歩47～52分</li>
saitama,wakaba,北坂戸,53600,東武東上線「坂戸」駅,23.0,34.0,,,,坂戸市溝端町1ほか,9-20号棟,鉄筋コンクリート造、鉄骨鉄筋コンクリート造,4,N,406号室,3K,50,5,50100,3500,2か月,"['近居割', '近居割WIDE']",随時,https://www.ur-net.go.jp/chintai/kanto/saitama/50_1590_room.html?JKSS=009200406,<li>東武東上線「北坂戸」駅 徒歩2～11分</li><li>東武東上線「坂戸」駅 徒歩23～34分</li><li>東武東上線「若葉」駅 徒歩41～49分</li><li>東武東上線「高坂」駅 徒歩47～52分</li>
saitama,wakaba,北坂戸,53600,東武東上線「若葉」駅,41.0,49.0,,,,坂戸市溝端町1ほか,9-20号棟,鉄筋コンクリート造、鉄骨鉄筋コンクリート造,4,N,406号室,3K,50,5,50100,3500,2か月,"['近居割', '近居割WIDE']",随時,https://www.ur-net.go.jp/chintai/kanto/saitama/50_1590_room.html?JKSS=009200406,<li>東武東上線「北坂戸」駅 徒歩2～11分</li><li>東武東上線「坂戸」駅 徒歩23～34分</li><li>東武東上線「若葉」駅 徒歩41～49分</li><li>東武東上線「高坂」駅 徒歩47～52分</li>
saitama,wakaba,北坂戸,53600,東武東上線「高坂」駅,47.0,52.0,,,,坂戸市溝端町1ほか,9-20号棟,鉄筋コンクリート造、鉄骨鉄筋コンクリート造,4,N,406号室,3K,50,5,50100,3500,2か月,"['近居割', '近居割WIDE']",随時,https://www.ur-net.go.jp/chintai/kanto/saitama/50_1590_room.html?JKSS=009200406,<li>東武東上線「北坂戸」駅 徒歩2～11分</li><li>東武東上線「坂戸」駅 徒歩23～34分</li><li>東武東上線「若葉」駅 徒歩41～49分</li><li>東武東上線「高坂」駅 徒歩47～52分</li>
saitama,wakaba,北坂戸,53600,,,,,,,坂戸市溝端町1ほか,9-20号棟,鉄筋コンクリート造、鉄骨鉄筋コンクリート造,4,N,406号室,3K,50,5,50100,3500,2か月,"['近居割', '近居割WIDE']",随時,https://www.ur-net.go.jp/chintai/kanto/saitama/50_1590_room.html?JKSS=009200406,<li>東武東上線「北坂戸」駅 徒歩2～11分</li><li>東武東上線「坂戸」駅 徒歩23～34分</li><li>東武東上線「若葉」駅 徒歩41～49分</li><li>東武東上線「高坂」駅 徒歩47～52分</li>
saitama,wakaba,かわつるグリーンタウン　新鶴,68620,,,,東武東上線「鶴ケ島」駅,5.0,13.0,鶴ヶ島市南町2-1,1号棟,鉄筋コンクリート造,5,N,501号室,3LDK,77,5,65900,2720,2か月,"['近居割', '近居割WIDE']",随時,https://www.ur-net.go.jp/chintai/kanto/saitama/50_2100_room.html?JKSS=000010501,<li>東武東上線「鶴ケ島」駅バス4～9分 徒歩1～4分</li><li>JR川越線「笠幡」駅 徒歩27～30分</li><li>JR川越線「的場」駅 徒歩39～42分</li>
saitama,wakaba,かわつるグリーンタウン　新鶴,68620,JR川越線「笠幡」駅,27.0,30.0,,,,鶴ヶ島市南町2-1,1号棟,鉄筋コンクリート造,5,N,501号室,3LDK,77,5,65900,2720,2か月,"['近居割', '近居割WIDE']",随時,https://www.ur-net.go.jp/chintai/kanto/saitama/50_2100_room.html?JKSS=000010501,<li>東武東上線「鶴ケ島」駅バス4～9分 徒歩1～4分</li><li>JR川越線「笠幡」駅 徒歩27～30分</li><li>JR川越線「的場」駅 徒歩39～42分</li>
saitama,wakaba,かわつるグリーンタウン　新鶴,68620,JR川越線「的場」駅,39.0,42.0,,,,鶴ヶ島市南町2-1,1号棟,鉄筋コンクリート造,5,N,501号室,3LDK,77,5,65900,2720,2か月,"['近居割', '近居割WIDE']",随時,https://www.ur-net.go.jp/chintai/kanto/saitama/50_2100_room.html?JKSS=000010501,<li>東武東上線「鶴ケ島」駅バス4～9分 徒歩1～4分</li><li>JR川越線「笠幡」駅 徒歩27～30分</li><li>JR川越線「的場」駅 徒歩39～42分</li>
saitama,wakaba,かわつるグリーンタウン　新鶴,68620,,,,,,,鶴ヶ島市南町2-1,1号棟,鉄筋コンクリート造,5,N,501号室,3LDK,77,5,65900,2720,2か月,"['近居割', '近居割WIDE']",随時,https://www.ur-net.go.jp/chintai/kanto/saitama/50_2100_room.html?JKSS=000010501,<li>東武東上線「鶴ケ島」駅バス4～9分 徒歩1～4分</li><li>JR川越線「笠幡」駅 徒歩27～30分</li><li>JR川越線「的場」駅 徒歩39～42分</li>
saitama,wakaba,かわつるグリーンタウン　松ヶ丘,70700,東武東上線「鶴ケ島」駅,19.0,23.0,東武東上線「鶴ケ島」駅,4.0,7.0,鶴ヶ島市松ヶ丘4-1,3号棟,鉄筋コンクリート造,5,N,502号室,3DK,63,5,67700,3000,2か月,['フリレ2か月'],随時,https://www.ur-net.go.jp/chintai/kanto/saitama/50_2360_room.html?JKSS=000030502,<li>東武東上線「鶴ケ島」駅バス3分 徒歩1～4分</li><li>東武東上線「鶴ケ島」駅 徒歩19～23分</li><li>JR川越線「笠幡」駅バス18分 徒歩8～12分</li>
saitama,wakaba,かわつるグリーンタウン　松ヶ丘,70700,,,,JR川越線「笠幡」駅,26.0,30.0,鶴ヶ島市松ヶ丘4-1,3号棟,鉄筋コンクリート造,5,N,502号室,3DK,63,5,67700,3000,2か月,['フリレ2か月'],随時,https://www.ur-net.go.jp/chintai/kanto/saitama/50_2360_room.html?JKSS=000030502,<li>東武東上線「鶴ケ島」駅バス3分 徒歩1～4分</li><li>東武東上線「鶴ケ島」駅 徒歩19～23分</li><li>JR川越線「笠幡」駅バス18分 徒歩8～12分</li>
saitama,wakaba,かわつるグリーンタウン　松ヶ丘,70700,,,,,,,鶴ヶ島市松ヶ丘4-1,3号棟,鉄筋コンクリート造,5,N,502号室,3DK,63,5,67700,3000,2か月,['フリレ2か月'],随時,https://www.ur-net.go.jp/chintai/kanto/saitama/50_2360_room.html?JKSS=000030502,<li>東武東上線「鶴ケ島」駅バス3分 徒歩1～4分</li><li>東武東上線「鶴ケ島」駅 徒歩19～23分</li><li>JR川越線「笠幡」駅バス18分 徒歩8～12分</li>
saitama,wakaba,かわつるグリーンタウン　松ヶ丘,72800,東武東上線「鶴ケ島」駅,19.0,23.0,東武東上線「鶴ケ島」駅,4.0,7.0,鶴ヶ島市松ヶ丘4-1,1号棟,鉄筋コンクリート造,4,N,402号室,3LDK,70,5,69800,3000,2か月,"['近居割', '近居割WIDE']",随時,https://www.ur-net.go.jp/chintai/kanto/saitama/50_2360_room.html?JKSS=000010402,<li>東武東上線「鶴ケ島」駅バス3分 徒歩1～4分</li><li>東武東上線「鶴ケ島」駅 徒歩19～23分</li><li>JR川越線「笠幡」駅バス18分 徒歩8～12分</li>
saitama,wakaba,かわつるグリーンタウン　松ヶ丘,72800,,,,JR川越線「笠幡」駅,26.0,30.0,鶴ヶ島市松ヶ丘4-1,1号棟,鉄筋コンクリート造,4,N,402号室,3LDK,70,5,69800,3000,2か月,"['近居割', '近居割WIDE']",随時,https://www.ur-net.go.jp/chintai/kanto/saitama/50_2360_room.html?JKSS=000010402,<li>東武東上線「鶴ケ島」駅バス3分 徒歩1～4分</li><li>東武東上線「鶴ケ島」駅 徒歩19～23分</li><li>JR川越線「笠幡」駅バス18分 徒歩8～12分</li>
saitama,wakaba,かわつるグリーンタウン　松ヶ丘,72800,,,,,,,鶴ヶ島市松ヶ丘4-1,1号棟,鉄筋コンクリート造,4,N,402号室,3LDK,70,5,69800,3000,2か月,"['近居割', '近居割WIDE']",随時,https://www.ur-net.go.jp/chintai/kanto/saitama/50_2360_room.html?JKSS=000010402,<li>東武東上線「鶴ケ島」駅バス3分 徒歩1～4分</li><li>東武東上線「鶴ケ島」駅 徒歩19～23分</li><li>JR川越線「笠幡」駅バス18分 徒歩8～12分</li>
saitama,wakaba,かわつるグリーンタウン　松ヶ丘,89200,東武東上線「鶴ケ島」駅,19.0,23.0,東武東上線「鶴ケ島」駅,4.0,7.0,鶴ヶ島市松ヶ丘4-1,15号棟,鉄筋コンクリート造,1,N,101号室,4LDK,86,5,86200,3000,2か月,"['近居割', '近居割WIDE']",随時,https://www.ur-net.go.jp/chintai/kanto/saitama/50_2360_room.html?JKSS=000150101,<li>東武東上線「鶴ケ島」駅バス3分 徒歩1～4分</li><li>東武東上線「鶴ケ島」駅 徒歩19～23分</li><li>JR川越線「笠幡」駅バス18分 徒歩8～12分</li>
saitama,wakaba,かわつるグリーンタウン　松ヶ丘,89200,,,,JR川越線「笠幡」駅,26.0,30.0,鶴ヶ島市松ヶ丘4-1,15号棟,鉄筋コンクリート造,1,N,101号室,4LDK,86,5,86200,3000,2か月,"['近居割', '近居割WIDE']",随時,https://www.ur-net.go.jp/chintai/kanto/saitama/50_2360_room.html?JKSS=000150101,<li>東武東上線「鶴ケ島」駅バス3分 徒歩1～4分</li><li>東武東上線「鶴ケ島」駅 徒歩19～23分</li><li>JR川越線「笠幡」駅バス18分 徒歩8～12分</li>
saitama,wakaba,かわつるグリーンタウン　松ヶ丘,89200,,,,,,,鶴ヶ島市松ヶ丘4-1,15号棟,鉄筋コンクリート造,1,N,101号室,4LDK,86,5,86200,3000,2か月,"['近居割', '近居割WIDE']",随時,https://www.ur-net.go.jp/chintai/kanto/saitama/50_2360_room.html?JKSS=000150101,<li>東武東上線「鶴ケ島」駅バス3分 徒歩1～4分</li><li>東武東上線「鶴ケ島」駅 徒歩19～23分</li><li>JR川越線「笠幡」駅バス18分 徒歩8～12分</li>
saitama,wakaba,かわつるグリーンタウン　松ヶ丘第二,92000,東武東上線「鶴ケ島」駅,25.0,26.0,東武東上線「鶴ケ島」駅,6.0,6.0,鶴ヶ島市松ヶ丘4-3,1号棟,鉄筋コンクリート造,2,N,205号室,2LDK,70,5,84400,7600,2か月,"['近居割', '近居割WIDE']",随時,https://www.ur-net.go.jp/chintai/kanto/saitama/50_3900_room.html?JKSS=000010205,<li>東武東上線「鶴ケ島」駅バス3分 徒歩3分</li><li>東武東上線「鶴ケ島」駅 徒歩25～26分</li><li>JR川越線「笠幡」駅バス18分 徒歩9分</li>
saitama,wakaba,かわつるグリーンタウン　松ヶ丘第二,92000,,,,JR川越線「笠幡」駅,27.0,27.0,鶴ヶ島市松ヶ丘4-3,1号棟,鉄筋コンクリート造,2,N,205号室,2LDK,70,5,84400,7600,2か月,"['近居割', '近居割WIDE']",随時,https://www.ur-net.go.jp/chintai/kanto/saitama/50_3900_room.html?JKSS=000010205,<li>東武東上線「鶴ケ島」駅バス3分 徒歩3分</li><li>東武東上線「鶴ケ島」駅 徒歩25～26分</li><li>JR川越線「笠幡」駅バス18分 徒歩9分</li>
saitama,wakaba,かわつるグリーンタウン　松ヶ丘第二,92000,,,,,,,鶴ヶ島市松ヶ丘4-3,1号棟,鉄筋コンクリート造,2,N,205号室,2LDK,70,5,84400,7600,2か月,"['近居割', '近居割WIDE']",随時,https://www.ur-net.go.jp/chintai/kanto/saitama/50_3900_room.html?JKSS=000010205,<li>東武東上線「鶴ケ島」駅バス3分 徒歩3分</li><li>東武東上線「鶴ケ島」駅 徒歩25～26分</li><li>JR川越線「笠幡」駅バス18分 徒歩9分</li>
saitama,wakaba,かわつるグリーンタウン　松ヶ丘第二,95200,東武東上線「鶴ケ島」駅,25.0,26.0,東武東上線「鶴ケ島」駅,6.0,6.0,鶴ヶ島市松ヶ丘4-3,1号棟,鉄筋コンクリート造,5,N,505号室,2LDK,70,5,87600,7600,2か月,"['近居割', '近居割WIDE']",随時,https://www.ur-net.go.jp/chintai/kanto/saitama/50_3900_room.html?JKSS=000010505,<li>東武東上線「鶴ケ島」駅バス3分 徒歩3分</li><li>東武東上線「鶴ケ島」駅 徒歩25～26分</li><li>JR川越線「笠幡」駅バス18分 徒歩9分</li>
saitama,wakaba,かわつるグリーンタウン　松ヶ丘第二,95200,,,,JR川越線「笠幡」駅,27.0,27.0,鶴ヶ島市松ヶ丘4-3,1号棟,鉄筋コンクリート造,5,N,505号室,2LDK,70,5,87600,7600,2か月,"['近居割', '近居割WIDE']",随時,https://www.ur-net.go.jp/chintai/kanto/saitama/50_3900_room.html?JKSS=000010505,<li>東武東上線「鶴ケ島」駅バス3分 徒歩3分</li><li>東武東上線「鶴ケ島」駅 徒歩25～26分</li><li>JR川越線「笠幡」駅バス18分 徒歩9分</li>
saitama,wakaba,かわつるグリーンタウン　松ヶ丘第二,95200,,,,,,,鶴ヶ島市松ヶ丘4-3,1号棟,鉄筋コンクリート造,5,N,505号室,2LDK,70,5,87600,7600,2か月,"['近居割', '近居割WIDE']",随時,https://www.ur-net.go.jp/chintai/kanto/saitama/50_3900_room.html?JKSS=000010505,<li>東武東上線「鶴ケ島」駅バス3分 徒歩3分</li><li>東武東上線「鶴ケ島」駅 徒歩25～26分</li><li>JR川越線「笠幡」駅バス18分 徒歩9分</li>
saitama,wakaba,パールハイム若葉,91200,東武東上線「若葉」駅,6.0,7.0,,,,鶴ヶ島市富士見2-19ほか,19-13号棟,鉄筋コンクリート造,4,N,406号室,3LDK,80,5,88000,3200,2か月,"['近居割', '近居割WIDE']",随時,https://www.ur-net.go.jp/chintai/kanto/saitama/50_2080_room.html?JKSS=190130406,<li>東武東上線「若葉」駅 徒歩6～7分</li><li>東武東上線「坂戸」駅 徒歩28～29分</li><li>東武東上線「鶴ケ島」駅 徒歩28～29分</li>
saitama,wakaba,パールハイム若葉,91200,東武東上線「坂戸」駅,28.0,29.0,,,,鶴ヶ島市富士見2-19ほか,19-13号棟,鉄筋コンクリート造,4,N,406号室,3LDK,80,5,88000,3200,2か月,"['近居割', '近居割WIDE']",随時,https://www.ur-net.go.jp/chintai/kanto/saitama/50_2080_room.html?JKSS=190130406,<li>東武東上線「若葉」駅 徒歩6～7分</li><li>東武東上線「坂戸」駅 徒歩28～29分</li><li>東武東上線「鶴ケ島」駅 徒歩28～29分</li>
saitama,wakaba,パールハイム若葉,91200,東武東上線「鶴ケ島」駅,28.0,29.0,,,,鶴ヶ島市富士見2-19ほか,19-13号棟,鉄筋コンクリート造,4,N,406号室,3LDK,80,5,88000,3200,2か月,"['近居割', '近居割WIDE']",随時,https://www.ur-net.go.jp/chintai/kanto/saitama/50_2080_room.html?JKSS=190130406,<li>東武東上線「若葉」駅 徒歩6～7分</li><li>東武東上線「坂戸」駅 徒歩28～29分</li><li>東武東上線「鶴ケ島」駅 徒歩28～29分</li>
saitama,wakaba,パールハイム若葉,91200,,,,,,,鶴ヶ島市富士見2-19ほか,19-13号棟,鉄筋コンクリート造,4,N,406号室,3LDK,80,5,88000,3200,2か月,"['近居割', '近居割WIDE']",随時,https://www.ur-net.go.jp/chintai/kanto/saitama/50_2080_room.html?JKSS=190130406,<li>東武東上線「若葉」駅 徒歩6～7分</li><li>東武東上線「坂戸」駅 徒歩28～29分</li><li>東武東上線「鶴ケ島」駅 徒歩28～29分</li>
saitama,kamifukuoka,コンフォール霞ヶ丘,102900,東武東上線「上福岡」駅,2.0,8.0,,,,ふじみ野市霞ヶ丘1-4ほか,24号棟,鉄筋コンクリート造,11,N,1104号室,2DK,49,11,98100,4800,2か月,"['近居割', '近居割WIDE']",随時,https://www.ur-net.go.jp/chintai/kanto/saitama/50_3770_room.html?JKSS=000241104,<li>東武東上線「上福岡」駅 徒歩2～8分</li><li>東武東上線「ふじみ野」駅 徒歩28～34分</li><li>東武東上線「新河岸」駅 徒歩27～32分</li>
saitama,kamifukuoka,コンフォール霞ヶ丘,102900,東武東上線「ふじみ野」駅,28.0,34.0,,,,ふじみ野市霞ヶ丘1-4ほか,24号棟,鉄筋コンクリート造,11,N,1104号室,2DK,49,11,98100,4800,2か月,"['近居割', '近居割WIDE']",随時,https://www.ur-net.go.jp/chintai/kanto/saitama/50_3770_room.html?JKSS=000241104,<li>東武東上線「上福岡」駅 徒歩2～8分</li><li>東武東上線「ふじみ野」駅 徒歩28～34分</li><li>東武東上線「新河岸」駅 徒歩27～32分</li>
saitama,kamifukuoka,コンフォール霞ヶ丘,102900,東武東上線「新河岸」駅,27.0,32.0,,,,ふじみ野市霞ヶ丘1-4ほか,24号棟,鉄筋コンクリート造,11,N,1104号室,2DK,49,11,98100,4800,2か月,"['近居割', '近居割WIDE']",随時,https://www.ur-net.go.jp/chintai/kanto/saitama/50_3770_room.html?JKSS=000241104,<li>東武東上線「上福岡」駅 徒歩2～8分</li><li>東武東上線「ふじみ野」駅 徒歩28～34分</li><li>東武東上線「新河岸」駅 徒歩27～32分</li>
saitama,kamifukuoka,コンフォール霞ヶ丘,102900,,,,,,,ふじみ野市霞ヶ丘1-4ほか,24号棟,鉄筋コンクリート造,11,N,1104号室,2DK,49,11,98100,4800,2か月,"['近居割', '近居割WIDE']",随時,https://www.ur-net.go.jp/chintai/kanto/saitama/50_3770_room.html?JKSS=000241104,<li>東武東上線「上福岡」駅 徒歩2～8分</li><li>東武東上線「ふじみ野」駅 徒歩28～34分</li><li>東武東上線「新河岸」駅 徒歩27～32分</li>
saitama,kamifukuoka,コンフォール霞ヶ丘,118300,東武東上線「上福岡」駅,2.0,8.0,,,,ふじみ野市霞ヶ丘1-4ほか,25号棟,鉄筋コンクリート造,3,N,301号室,3DK,65,11,113500,4800,2か月,"['近居割', '近居割WIDE']",随時,https://www.ur-net.go.jp/chintai/kanto/saitama/50_3770_room.html?JKSS=000250301,<li>東武東上線「上福岡」駅 徒歩2～8分</li><li>東武東上線「ふじみ野」駅 徒歩28～34分</li><li>東武東上線「新河岸」駅 徒歩27～32分</li>
saitama,kamifukuoka,コンフォール霞ヶ丘,118300,東武東上線「ふじみ野」駅,28.0,34.0,,,,ふじみ野市霞ヶ丘1-4ほか,25号棟,鉄筋コンクリート造,3,N,301号室,3DK,65,11,113500,4800,2か月,"['近居割', '近居割WIDE']",随時,https://www.ur-net.go.jp/chintai/kanto/saitama/50_3770_room.html?JKSS=000250301,<li>東武東上線「上福岡」駅 徒歩2～8分</li><li>東武東上線「ふじみ野」駅 徒歩28～34分</li><li>東武東上線「新河岸」駅 徒歩27～32分</li>
saitama,kamifukuoka,コンフォール霞ヶ丘,118300,東武東上線「新河岸」駅,27.0,32.0,,,,ふじみ野市霞ヶ丘1-4ほか,25号棟,鉄筋コンクリート造,3,N,301号室,3DK,65,11,113500,4800,2か月,"['近居割', '近居割WIDE']",随時,https://www.ur-net.go.jp/chintai/kanto/saitama/50_3770_room.html?JKSS=000250301,<li>東武東上線「上福岡」駅 徒歩2～8分</li><li>東武東上線「ふじみ野」駅 徒歩28～34分</li><li>東武東上線「新河岸」駅 徒歩27～32分</li>
saitama,kamifukuoka,コンフォール霞ヶ丘,118300,,,,,,,ふじみ野市霞ヶ丘1-4ほか,25号棟,鉄筋コンクリート造,3,N,301号室,3DK,65,11,113500,4800,2か月,"['近居割', '近居割WIDE']",随時,https://www.ur-net.go.jp/chintai/kanto/saitama/50_3770_room.html?JKSS=000250301,<li>東武東上線「上福岡」駅 徒歩2～8分</li><li>東武東上線「ふじみ野」駅 徒歩28～34分</li><li>東武東上線「新河岸」駅 徒歩27～32分</li>
saitama,kamifukuoka,コンフォール上野台,108500,東武東上線「上福岡」駅,9.0,12.0,,,,ふじみ野市上野台1-1ほか,14号棟,鉄筋コンクリート造,1,N,102号室,2DK,56,6,102700,5800,2か月,"['近居割', '近居割WIDE']",随時,https://www.ur-net.go.jp/chintai/kanto/saitama/50_4030_room.html?JKSS=000140102,<li>東武東上線「上福岡」駅 徒歩9～12分</li><li>東武東上線「ふじみ野」駅 徒歩26～36分</li><li>東武東上線「新河岸」駅 徒歩34～39分</li>
saitama,kamifukuoka,コンフォール上野台,108500,東武東上線「ふじみ野」駅,26.0,36.0,,,,ふじみ野市上野台1-1ほか,14号棟,鉄筋コンクリート造,1,N,102号室,2DK,56,6,102700,5800,2か月,"['近居割', '近居割WIDE']",随時,https://www.ur-net.go.jp/chintai/kanto/saitama/50_4030_room.html?JKSS=000140102,<li>東武東上線「上福岡」駅 徒歩9～12分</li><li>東武東上線「ふじみ野」駅 徒歩26～36分</li><li>東武東上線「新河岸」駅 徒歩34～39分</li>
saitama,kamifukuoka,コンフォール上野台,108500,東武東上線「新河岸」駅,34.0,39.0,,,,ふじみ野市上野台1-1ほか,14号棟,鉄筋コンクリート造,1,N,102号室,2DK,56,6,102700,5800,2か月,"['近居割', '近居割WIDE']",随時,https://www.ur-net.go.jp/chintai/kanto/saitama/50_4030_room.html?JKSS=000140102,<li>東武東上線「上福岡」駅 徒歩9～12分</li><li>東武東上線「ふじみ野」駅 徒歩26～36分</li><li>東武東上線「新河岸」駅 徒歩34～39分</li>
saitama,kamifukuoka,コンフォール上野台,108500,,,,,,,ふじみ野市上野台1-1ほか,14号棟,鉄筋コンクリート造,1,N,102号室,2DK,56,6,102700,5800,2か月,"['近居割', '近居割WIDE']",随時,https://www.ur-net.go.jp/chintai/kanto/saitama/50_4030_room.html?JKSS=000140102,<li>東武東上線「上福岡」駅 徒歩9～12分</li><li>東武東上線「ふじみ野」駅 徒歩26～36分</li><li>東武東上線「新河岸」駅 徒歩34～39分</li>
saitama,kawagoe,狭山台,52900,,,,西武新宿線「狭山市」駅,7.0,14.0,狭山市狭山台1-31ほか,1-15号棟,鉄筋コンクリート造、鉄骨鉄筋コンクリート造,4,N,407号室,3K,47,5,49400,3500,2か月,"['近居割', '近居割WIDE']",随時,https://www.ur-net.go.jp/chintai/kanto/saitama/50_1670_room.html?JKSS=001150407,<li>西武新宿線「狭山市」駅バス6～10分 徒歩1～4分</li><li>西武新宿線「新狭山」駅 徒歩22～33分</li><li>西武新宿線「入曽」駅 徒歩41～53分</li>
saitama,kawagoe,狭山台,52900,西武新宿線「新狭山」駅,22.0,33.0,,,,狭山市狭山台1-31ほか,1-15号棟,鉄筋コンクリート造、鉄骨鉄筋コンクリート造,4,N,407号室,3K,47,5,49400,3500,2か月,"['近居割', '近居割WIDE']",随時,https://www.ur-net.go.jp/chintai/kanto/saitama/50_1670_room.html?JKSS=001150407,<li>西武新宿線「狭山市」駅バス6～10分 徒歩1～4分</li><li>西武新宿線「新狭山」駅 徒歩22～33分</li><li>西武新宿線「入曽」駅 徒歩41～53分</li>
saitama,kawagoe,狭山台,52900,西武新宿線「入曽」駅,41.0,53.0,,,,狭山市狭山台1-31ほか,1-15号棟,鉄筋コンクリート造、鉄骨鉄筋コンクリート造,4,N,407号室,3K,47,5,49400,3500,2か月,"['近居割', '近居割WIDE']",随時,https://www.ur-net.go.jp/chintai/kanto/saitama/50_1670_room.html?JKSS=001150407,<li>西武新宿線「狭山市」駅バス6～10分 徒歩1～4分</li><li>西武新宿線「新狭山」駅 徒歩22～33分</li><li>西武新宿線「入曽」駅 徒歩41～53分</li>
saitama,kawagoe,狭山台,52900,,,,,,,狭山市狭山台1-31ほか,1-15号棟,鉄筋コンクリート造、鉄骨鉄筋コンクリート造,4,N,407号室,3K,47,5,49400,3500,2か月,"['近居割', '近居割WIDE']",随時,https://www.ur-net.go.jp/chintai/kanto/saitama/50_1670_room.html?JKSS=001150407,<li>西武新宿線「狭山市」駅バス6～10分 徒歩1～4分</li><li>西武新宿線「新狭山」駅 徒歩22～33分</li><li>西武新宿線「入曽」駅 徒歩41～53分</li>
saitama,kawagoe,狭山台,52900,,,,西武新宿線「狭山市」駅,7.0,14.0,狭山市狭山台1-31ほか,1-17号棟,鉄筋コンクリート造、鉄骨鉄筋コンクリート造,4,N,403号室,3K,47,5,49400,3500,2か月,"['近居割', '近居割WIDE']",随時,https://www.ur-net.go.jp/chintai/kanto/saitama/50_1670_room.html?JKSS=001170403,<li>西武新宿線「狭山市」駅バス6～10分 徒歩1～4分</li><li>西武新宿線「新狭山」駅 徒歩22～33分</li><li>西武新宿線「入曽」駅 徒歩41～53分</li>
saitama,kawagoe,狭山台,52900,西武新宿線「新狭山」駅,22.0,33.0,,,,狭山市狭山台1-31ほか,1-17号棟,鉄筋コンクリート造、鉄骨鉄筋コンクリート造,4,N,403号室,3K,47,5,49400,3500,2か月,"['近居割', '近居割WIDE']",随時,https://www.ur-net.go.jp/chintai/kanto/saitama/50_1670_room.html?JKSS=001170403,<li>西武新宿線「狭山市」駅バス6～10分 徒歩1～4分</li><li>西武新宿線「新狭山」駅 徒歩22～33分</li><li>西武新宿線「入曽」駅 徒歩41～53分</li>
saitama,kawagoe,狭山台,52900,西武新宿線「入曽」駅,41.0,53.0,,,,狭山市狭山台1-31ほか,1-17号棟,鉄筋コンクリート造、鉄骨鉄筋コンクリート造,4,N,403号室,3K,47,5,49400,3500,2か月,"['近居割', '近居割WIDE']",随時,https://www.ur-net.go.jp/chintai/kanto/saitama/50_1670_room.html?JKSS=001170403,<li>西武新宿線「狭山市」駅バス6～10分 徒歩1～4分</li><li>西武新宿線「新狭山」駅 徒歩22～33分</li><li>西武新宿線「入曽」駅 徒歩41～53分</li>
saitama,kawagoe,狭山台,52900,,,,,,,狭山市狭山台1-31ほか,1-17号棟,鉄筋コンクリート造、鉄骨鉄筋コンクリート造,4,N,403号室,3K,47,5,49400,3500,2か月,"['近居割', '近居割WIDE']",随時,https://www.ur-net.go.jp/chintai/kanto/saitama/50_1670_room.html?JKSS=001170403,<li>西武新宿線「狭山市」駅バス6～10分 徒歩1～4分</li><li>西武新宿線「新狭山」駅 徒歩22～33分</li><li>西武新宿線「入曽」駅 徒歩41～53分</li>
saitama,kawagoe,狭山台,55800,,,,西武新宿線「狭山市」駅,7.0,14.0,狭山市狭山台1-31ほか,3-16号棟,鉄筋コンクリート造、鉄骨鉄筋コンクリート造,5,N,502号室,3DK,55,5,52300,3500,2か月,"['近居割', '近居割WIDE']",随時,https://www.ur-net.go.jp/chintai/kanto/saitama/50_1670_room.html?JKSS=003160502,<li>西武新宿線「狭山市」駅バス6～10分 徒歩1～4分</li><li>西武新宿線「新狭山」駅 徒歩22～33分</li><li>西武新宿線「入曽」駅 徒歩41～53分</li>
saitama,kawagoe,狭山台,55800,西武新宿線「新狭山」駅,22.0,33.0,,,,狭山市狭山台1-31ほか,3-16号棟,鉄筋コンクリート造、鉄骨鉄筋コンクリート造,5,N,502号室,3DK,55,5,52300,3500,2か月,"['近居割', '近居割WIDE']",随時,https://www.ur-net.go.jp/chintai/kanto/saitama/50_1670_room.html?JKSS=003160502,<li>西武新宿線「狭山市」駅バス6～10分 徒歩1～4分</li><li>西武新宿線「新狭山」駅 徒歩22～33分</li><li>西武新宿線「入曽」駅 徒歩41～53分</li>
saitama,kawagoe,狭山台,55800,西武新宿線「入曽」駅,41.0,53.0,,,,狭山市狭山台1-31ほか,3-16号棟,鉄筋コンクリート造、鉄骨鉄筋コンクリート造,5,N,502号室,3DK,55,5,52300,3500,2か月,"['近居割', '近居割WIDE']",随時,https://www.ur-net.go.jp/chintai/kanto/saitama/50_1670_room.html?JKSS=003160502,<li>西武新宿線「狭山市」駅バス6～10分 徒歩1～4分</li><li>西武新宿線「新狭山」駅 徒歩22～33分</li><li>西武新宿線「入曽」駅 徒歩41～53分</li>
saitama,kawagoe,狭山台,55800,,,,,,,狭山市狭山台1-31ほか,3-16号棟,鉄筋コンクリート造、鉄骨鉄筋コンクリート造,5,N,502号室,3DK,55,5,52300,3500,2か月,"['近居割', '近居割WIDE']",随時,https://www.ur-net.go.jp/chintai/kanto/saitama/50_1670_room.html?JKSS=003160502,<li>西武新宿線「狭山市」駅バス6～10分 徒歩1～4分</li><li>西武新宿線「新狭山」駅 徒歩22～33分</li><li>西武新宿線「入曽」駅 徒歩41～53分</li>
saitama,kawagoe,狭山台,57000,,,,西武新宿線「狭山市」駅,7.0,14.0,狭山市狭山台1-31ほか,5-2号棟,鉄筋コンクリート造、鉄骨鉄筋コンクリート造,6,N,606号室,2DK,43,8,53500,3500,2か月,['健康寿命サポート'],随時,https://www.ur-net.go.jp/chintai/kanto/saitama/50_1670_room.html?JKSS=005020606,<li>西武新宿線「狭山市」駅バス6～10分 徒歩1～4分</li><li>西武新宿線「新狭山」駅 徒歩22～33分</li><li>西武新宿線「入曽」駅 徒歩41～53分</li>
saitama,kawagoe,狭山台,57000,西武新宿線「新狭山」駅,22.0,33.0,,,,狭山市狭山台1-31ほか,5-2号棟,鉄筋コンクリート造、鉄骨鉄筋コンクリート造,6,N,606号室,2DK,43,8,53500,3500,2か月,['健康寿命サポート'],随時,https://www.ur-net.go.jp/chintai/kanto/saitama/50_1670_room.html?JKSS=005020606,<li>西武新宿線「狭山市」駅バス6～10分 徒歩1～4分</li><li>西武新宿線「新狭山」駅 徒歩22～33分</li><li>西武新宿線「入曽」駅 徒歩41～53分</li>
saitama,kawagoe,狭山台,57000,西武新宿線「入曽」駅,41.0,53.0,,,,狭山市狭山台1-31ほか,5-2号棟,鉄筋コンクリート造、鉄骨鉄筋コンクリート造,6,N,606号室,2DK,43,8,53500,3500,2か月,['健康寿命サポート'],随時,https://www.ur-net.go.jp/chintai/kanto/saitama/50_1670_room.html?JKSS=005020606,<li>西武新宿線「狭山市」駅バス6～10分 徒歩1～4分</li><li>西武新宿線「新狭山」駅 徒歩22～33分</li><li>西武新宿線「入曽」駅 徒歩41～53分</li>
saitama,kawagoe,狭山台,57000,,,,,,,狭山市狭山台1-31ほか,5-2号棟,鉄筋コンクリート造、鉄骨鉄筋コンクリート造,6,N,606号室,2DK,43,8,53500,3500,2か月,['健康寿命サポート'],随時,https://www.ur-net.go.jp/chintai/kanto/saitama/50_1670_room.html?JKSS=005020606,<li>西武新宿線「狭山市」駅バス6～10分 徒歩1～4分</li><li>西武新宿線「新狭山」駅 徒歩22～33分</li><li>西武新宿線「入曽」駅 徒歩41～53分</li>
saitama,tokorozawa,入間豊岡,68400,西武池袋線「入間市」駅,7.0,7.0,,,,入間市豊岡1-8,1号棟,鉄骨鉄筋コンクリート造,6,N,610号室,2DK,48,12,64900,3500,2か月,['近居割'],随時,https://www.ur-net.go.jp/chintai/kanto/saitama/50_1850_room.html?JKSS=000010610,<li>西武池袋線「入間市」駅 徒歩7分</li>
saitama,tokorozawa,入間豊岡,68400,,,,,,,入間市豊岡1-8,1号棟,鉄骨鉄筋コンクリート造,6,N,610号室,2DK,48,12,64900,3500,2か月,['近居割'],随時,https://www.ur-net.go.jp/chintai/kanto/saitama/50_1850_room.html?JKSS=000010610,<li>西武池袋線「入間市」駅 徒歩7分</li>
saitama,tokorozawa,入間豊岡,72100,西武池袋線「入間市」駅,7.0,7.0,,,,入間市豊岡1-8,1号棟,鉄骨鉄筋コンクリート造,5,N,506号室,2DK,48,12,68600,3500,2か月,['近居割'],2026年8月6日以降,https://www.ur-net.go.jp/chintai/kanto/saitama/50_1850_room.html?JKSS=000010506,<li>西武池袋線「入間市」駅 徒歩7分</li>
saitama,tokorozawa,入間豊岡,72100,,,,,,,入間市豊岡1-8,1号棟,鉄骨鉄筋コンクリート造,5,N,506号室,2DK,48,12,68600,3500,2か月,['近居割'],2026年8月6日以降,https://www.ur-net.go.jp/chintai/kanto/saitama/50_1850_room.html?JKSS=000010506,<li>西武池袋線「入間市」駅 徒歩7分</li>
saitama,tokorozawa,入間駅前プラザ,111400,西武池袋線「入間市」駅,3.0,5.0,,,,入間市向陽台1-1-17,11号棟,鉄筋コンクリート造,5,N,506号室,3LDK,75,8,106700,4700,2か月,['近居割'],随時,https://www.ur-net.go.jp/chintai/kanto/saitama/50_2390_room.html?JKSS=000110506,<li>西武池袋線「入間市」駅 徒歩3～5分</li><li>西武池袋線「稲荷山公園」駅 徒歩12～14分</li><li>西武新宿線「狭山市」駅 徒歩38～47分</li>
saitama,tokorozawa,入間駅前プラザ,111400,西武池袋線「稲荷山公園」駅,12.0,14.0,,,,入間市向陽台1-1-17,11号棟,鉄筋コンクリート造,5,N,506号室,3LDK,75,8,106700,4700,2か月,['近居割'],随時,https://www.ur-net.go.jp/chintai/kanto/saitama/50_2390_room.html?JKSS=000110506,<li>西武池袋線「入間市」駅 徒歩3～5分</li><li>西武池袋線「稲荷山公園」駅 徒歩12～14分</li><li>西武新宿線「狭山市」駅 徒歩38～47分</li>
saitama,tokorozawa,入間駅前プラザ,111400,西武新宿線「狭山市」駅,38.0,47.0,,,,入間市向陽台1-1-17,11号棟,鉄筋コンクリート造,5,N,506号室,3LDK,75,8,106700,4700,2か月,['近居割'],随時,https://www.ur-net.go.jp/chintai/kanto/saitama/50_2390_room.html?JKSS=000110506,<li>西武池袋線「入間市」駅 徒歩3～5分</li><li>西武池袋線「稲荷山公園」駅 徒歩12～14分</li><li>西武新宿線「狭山市」駅 徒歩38～47分</li>
saitama,tokorozawa,入間駅前プラザ,111400,,,,,,,入間市向陽台1-1-17,11号棟,鉄筋コンクリート造,5,N,506号室,3LDK,75,8,106700,4700,2か月,['近居割'],随時,https://www.ur-net.go.jp/chintai/kanto/saitama/50_2390_room.html?JKSS=000110506,<li>西武池袋線「入間市」駅 徒歩3～5分</li><li>西武池袋線「稲荷山公園」駅 徒歩12～14分</li><li>西武新宿線「狭山市」駅 徒歩38～47分</li>
saitama,shiki,デュプレ西大和,153800,東武東上線「和光市」駅,17.0,19.0,東武東上線「和光市」駅,7.0,9.0,和光市西大和団地6,2号棟,鉄筋コンクリート造,2,N,201号室,3LDK,75,5,145800,8000,2か月,"['近居割', '近居割WIDE']",2026年8月4日以降,https://www.ur-net.go.jp/chintai/kanto/saitama/50_3150_room.html?JKSS=000020201,<li>東武東上線「和光市」駅 徒歩17～19分</li><li>東武東上線「和光市」駅バス4分 徒歩3～5分</li><li>東京メトロ副都心線「地下鉄成増」駅 徒歩33～34分</li>
saitama,shiki,デュプレ西大和,153800,東京メトロ副都心線「地下鉄成増」駅,33.0,34.0,,,,和光市西大和団地6,2号棟,鉄筋コンクリート造,2,N,201号室,3LDK,75,5,145800,8000,2か月,"['近居割', '近居割WIDE']",2026年8月4日以降,https://www.ur-net.go.jp/chintai/kanto/saitama/50_3150_room.html?JKSS=000020201,<li>東武東上線「和光市」駅 徒歩17～19分</li><li>東武東上線「和光市」駅バス4分 徒歩3～5分</li><li>東京メトロ副都心線「地下鉄成増」駅 徒歩33～34分</li>
saitama,shiki,デュプレ西大和,153800,,,,,,,和光市西大和団地6,2号棟,鉄筋コンクリート造,2,N,201号室,3LDK,75,5,145800,8000,2か月,"['近居割', '近居割WIDE']",2026年8月4日以降,https://www.ur-net.go.jp/chintai/kanto/saitama/50_3150_room.html?JKSS=000020201,<li>東武東上線「和光市」駅 徒歩17～19分</li><li>東武東上線「和光市」駅バス4分 徒歩3～5分</li><li>東京メトロ副都心線「地下鉄成増」駅 徒歩33～34分</li>
saitama,shiki,新座,67600,東武東上線「柳瀬川」駅,15.0,22.0,,,,新座市新座3,4-6号棟,鉄筋コンクリート造,5,N,502号室,3K,48,5,64400,3200,2か月,"['近居割', '近居割WIDE']",2026年8月3日以降,https://www.ur-net.go.jp/chintai/kanto/saitama/50_1310_room.html?JKSS=000406502,<li>東武東上線「柳瀬川」駅 徒歩15～22分</li><li>東武東上線「志木」駅バス11分 徒歩1～6分</li><li>JR武蔵野線「新座」駅 徒歩28～36分</li>
saitama,shiki,新座,67600,,,,東武東上線「志木」駅,12.0,17.0,新座市新座3,4-6号棟,鉄筋コンクリート造,5,N,502号室,3K,48,5,64400,3200,2か月,"['近居割', '近居割WIDE']",2026年8月3日以降,https://www.ur-net.go.jp/chintai/kanto/saitama/50_1310_room.html?JKSS=000406502,<li>東武東上線「柳瀬川」駅 徒歩15～22分</li><li>東武東上線「志木」駅バス11分 徒歩1～6分</li><li>JR武蔵野線「新座」駅 徒歩28～36分</li>
saitama,shiki,新座,67600,JR武蔵野線「新座」駅,28.0,36.0,,,,新座市新座3,4-6号棟,鉄筋コンクリート造,5,N,502号室,3K,48,5,64400,3200,2か月,"['近居割', '近居割WIDE']",2026年8月3日以降,https://www.ur-net.go.jp/chintai/kanto/saitama/50_1310_room.html?JKSS=000406502,<li>東武東上線「柳瀬川」駅 徒歩15～22分</li><li>東武東上線「志木」駅バス11分 徒歩1～6分</li><li>JR武蔵野線「新座」駅 徒歩28～36分</li>
saitama,shiki,新座,67600,,,,,,,新座市新座3,4-6号棟,鉄筋コンクリート造,5,N,502号室,3K,48,5,64400,3200,2か月,"['近居割', '近居割WIDE']",2026年8月3日以降,https://www.ur-net.go.jp/chintai/kanto/saitama/50_1310_room.html?JKSS=000406502,<li>東武東上線「柳瀬川」駅 徒歩15～22分</li><li>東武東上線「志木」駅バス11分 徒歩1～6分</li><li>JR武蔵野線「新座」駅 徒歩28～36分</li>
saitama,shiki,新座,69900,東武東上線「柳瀬川」駅,15.0,22.0,,,,新座市新座3,4-6号棟,鉄筋コンクリート造,4,N,401号室,2DK,48,5,66700,3200,2か月,"['近居割', '近居割WIDE']",随時,https://www.ur-net.go.jp/chintai/kanto/saitama/50_1310_room.html?JKSS=000406401,<li>東武東上線「柳瀬川」駅 徒歩15～22分</li><li>東武東上線「志木」駅バス11分 徒歩1～6分</li><li>JR武蔵野線「新座」駅 徒歩28～36分</li>
saitama,shiki,新座,69900,,,,東武東上線「志木」駅,12.0,17.0,新座市新座3,4-6号棟,鉄筋コンクリート造,4,N,401号室,2DK,48,5,66700,3200,2か月,"['近居割', '近居割WIDE']",随時,https://www.ur-net.go.jp/chintai/kanto/saitama/50_1310_room.html?JKSS=000406401,<li>東武東上線「柳瀬川」駅 徒歩15～22分</li><li>東武東上線「志木」駅バス11分 徒歩1～6分</li><li>JR武蔵野線「新座」駅 徒歩28～36分</li>
saitama,shiki,新座,69900,JR武蔵野線「新座」駅,28.0,36.0,,,,新座市新座3,4-6号棟,鉄筋コンクリート造,4,N,401号室,2DK,48,5,66700,3200,2か月,"['近居割', '近居割WIDE']",随時,https://www.ur-net.go.jp/chintai/kanto/saitama/50_1310_room.html?JKSS=000406401,<li>東武東上線「柳瀬川」駅 徒歩15～22分</li><li>東武東上線「志木」駅バス11分 徒歩1～6分</li><li>JR武蔵野線「新座」駅 徒歩28～36分</li>
saitama,shiki,新座,69900,,,,,,,新座市新座3,4-6号棟,鉄筋コンクリート造,4,N,401号室,2DK,48,5,66700,3200,2か月,"['近居割', '近居割WIDE']",随時,https://www.ur-net.go.jp/chintai/kanto/saitama/50_1310_room.html?JKSS=000406401,<li>東武東上線「柳瀬川」駅 徒歩15～22分</li><li>東武東上線「志木」駅バス11分 徒歩1～6分</li><li>JR武蔵野線「新座」駅 徒歩28～36分</li>
saitama,shiki,新座,69900,東武東上線「柳瀬川」駅,15.0,22.0,,,,新座市新座3,5-4号棟,鉄筋コンクリート造,5,N,504号室,2LDK,52,5,66700,3200,2か月,"['近居割', '近居割WIDE']",随時,https://www.ur-net.go.jp/chintai/kanto/saitama/50_1310_room.html?JKSS=000504504,<li>東武東上線「柳瀬川」駅 徒歩15～22分</li><li>東武東上線「志木」駅バス11分 徒歩1～6分</li><li>JR武蔵野線「新座」駅 徒歩28～36分</li>
saitama,shiki,新座,69900,,,,東武東上線「志木」駅,12.0,17.0,新座市新座3,5-4号棟,鉄筋コンクリート造,5,N,504号室,2LDK,52,5,66700,3200,2か月,"['近居割', '近居割WIDE']",随時,https://www.ur-net.go.jp/chintai/kanto/saitama/50_1310_room.html?JKSS=000504504,<li>東武東上線「柳瀬川」駅 徒歩15～22分</li><li>東武東上線「志木」駅バス11分 徒歩1～6分</li><li>JR武蔵野線「新座」駅 徒歩28～36分</li>
saitama,shiki,新座,69900,JR武蔵野線「新座」駅,28.0,36.0,,,,新座市新座3,5-4号棟,鉄筋コンクリート造,5,N,504号室,2LDK,52,5,66700,3200,2か月,"['近居割', '近居割WIDE']",随時,https://www.ur-net.go.jp/chintai/kanto/saitama/50_1310_room.html?JKSS=000504504,<li>東武東上線「柳瀬川」駅 徒歩15～22分</li><li>東武東上線「志木」駅バス11分 徒歩1～6分</li><li>JR武蔵野線「新座」駅 徒歩28～36分</li>
saitama,shiki,新座,69900,,,,,,,新座市新座3,5-4号棟,鉄筋コンクリート造,5,N,504号室,2LDK,52,5,66700,3200,2か月,"['近居割', '近居割WIDE']",随時,https://www.ur-net.go.jp/chintai/kanto/saitama/50_1310_room.html?JKSS=000504504,<li>東武東上線「柳瀬川」駅 徒歩15～22分</li><li>東武東上線「志木」駅バス11分 徒歩1～6分</li><li>JR武蔵野線「新座」駅 徒歩28～36分</li>
