Todofuken,Area,Dan Chi Name,Total Fee,Nearest station by Walk,Best case by Walk (minute),Worst case by Walk (minute),Nearest station by Bus,Best case by Bus (minute),Worst case by Bus (minute),Address,Building Name,Building Structure,Floor,Elevator,Room Num,Room Type,Floor Space,Max Floor,Rent,Common Fee,Shikikin,Systems,availableDate,Room Link,Traffic
tokyo,yaesu,ヴェッセル木場南,130400,東京メトロ東西線「木場」駅,14.0,19.0,,,,江東区塩浜2-18,11号棟,鉄筋コンクリート造,1,N,102号室,2LDK,64,8,126400,4000,2か月,['近居割'],随時,https://www.ur-net.go.jp/chintai/kanto/tokyo/20_5820_room.html?JKSS=000110102,<li>東京メトロ東西線「木場」駅 徒歩14～19分</li><li>JR京葉線「潮見」駅 徒歩15～20分</li><li>JR総武線・東京メトロ半蔵門線「錦糸町」駅バス19分 徒歩4～9分</li>
tokyo,yaesu,ヴェッセル木場南,130400,JR京葉線「潮見」駅,15.0,20.0,,,,江東区塩浜2-18,11号棟,鉄筋コンクリート造,1,N,102号室,2LDK,64,8,126400,4000,2か月,['近居割'],随時,https://www.ur-net.go.jp/chintai/kanto/tokyo/20_5820_room.html?JKSS=000110102,<li>東京メトロ東西線「木場」駅 徒歩14～19分</li><li>JR京葉線「潮見」駅 徒歩15～20分</li><li>JR総武線・東京メトロ半蔵門線「錦糸町」駅バス19分 徒歩4～9分</li>
tokyo,yaesu,ヴェッセル木場南,130400,,,,JR総武線・東京メトロ半蔵門線「錦糸町」駅,23.0,28.0,江東区塩浜2-18,11号棟,鉄筋コンクリート造,1,N,102号室,2LDK,64,8,126400,4000,2か月,['近居割'],随時,https://www.ur-net.go.jp/chintai/kanto/tokyo/20_5820_room.html?JKSS=000110102,<li>東京メトロ東西線「木場」駅 徒歩14～19分</li><li>JR京葉線「潮見」駅 徒歩15～20分</li><li>JR総武線・東京メトロ半蔵門線「錦糸町」駅バス19分 徒歩4～9分</li>
tokyo,yaesu,ヴェッセル木場南,130400,,,,,,,江東区塩浜2-18,11号棟,鉄筋コンクリート造,1,N,102号室,2LDK,64,8,126400,4000,2か月,['近居割'],随時,https://www.ur-net.go.jp/chintai/kanto/tokyo/20_5820_room.html?JKSS=000110102,<li>東京メトロ東西線「木場」駅 徒歩14～19分</li><li>JR京葉線「潮見」駅 徒歩15～20分</li><li>JR総武線・東京メトロ半蔵門線「錦糸町」駅バス19分 徒歩4～9分</li>
tokyo,kitasenju,竹の塚第二,87600,東武伊勢崎線「竹ノ塚」駅,6.0,12.0,,,,足立区竹の塚1-5ほか,11号棟,鉄筋コンクリート造,3,N,301号室,1LDK,39,5,82800,4800,2か月,['近居割'],随時,https://www.ur-net.go.jp/chintai/kanto/tokyo/20_1310_room.html?JKSS=000011301,<li>東武伊勢崎線「竹ノ塚」駅 徒歩6～12分</li>
tokyo,kitasenju,竹の塚第二,87600,,,,,,,足立区竹の塚1-5ほか,11号棟,鉄筋コンクリート造,3,N,301号室,1LDK,39,5,82800,4800,2か月,['近居割'],随時,https://www.ur-net.go.jp/chintai/kanto/tokyo/20_1310_room.html?JKSS=000011301,<li>東武伊勢崎線「竹ノ塚」駅 徒歩6～12分</li>
tokyo,kitasenju,江北六丁目,98700,日暮里舎人ライナー「西新井大師西」駅,2.0,6.0,,,,足立区江北6-30ほか,27-2号棟,鉄筋コンクリート造,4,N,404号室,1LDK,41,5,95400,3300,2か月,['近居割'],随時,https://www.ur-net.go.jp/chintai/kanto/tokyo/20_2160_room.html?JKSS=027002404,<li>日暮里舎人ライナー「西新井大師西」駅 徒歩2～6分</li><li>東武伊勢崎線「西新井」駅バス9分 徒歩2～6分</li>
tokyo,kitasenju,江北六丁目,98700,,,,東武伊勢崎線「西新井」駅,11.0,15.0,足立区江北6-30ほか,27-2号棟,鉄筋コンクリート造,4,N,404号室,1LDK,41,5,95400,3300,2か月,['近居割'],随時,https://www.ur-net.go.jp/chintai/kanto/tokyo/20_2160_room.html?JKSS=027002404,<li>日暮里舎人ライナー「西新井大師西」駅 徒歩2～6分</li><li>東武伊勢崎線「西新井」駅バス9分 徒歩2～6分</li>
tokyo,kitasenju,江北六丁目,98700,,,,,,,足立区江北6-30ほか,27-2号棟,鉄筋コンクリート造,4,N,404号室,1LDK,41,5,95400,3300,2か月,['近居割'],随時,https://www.ur-net.go.jp/chintai/kanto/tokyo/20_2160_room.html?JKSS=027002404,<li>日暮里舎人ライナー「西新井大師西」駅 徒歩2～6分</li><li>東武伊勢崎線「西新井」駅バス9分 徒歩2～6分</li>
tokyo,kitasenju,アーバンライフ西新井,132400,東武伊勢崎線・東武大師線「西新井」駅,9.0,9.0,,,,足立区西新井栄町3-1-1,,鉄筋コンクリート造,3,N,302号室,2LDK,63,11,128200,4200,2か月,['近居割'],随時,https://www.ur-net.go.jp/chintai/kanto/tokyo/20_5320_room.html?JKSS=000000302,<li>東武伊勢崎線（東京メトロ日比谷線直通）・東武大師線「西新井」駅 徒歩9分</li>
tokyo,kitasenju,アーバンライフ西新井,132400,,,,,,,足立区西新井栄町3-1-1,,鉄筋コンクリート造,3,N,302号室,2LDK,63,11,128200,4200,2か月,['近居割'],随時,https://www.ur-net.go.jp/chintai/kanto/tokyo/20_5320_room.html?JKSS=000000302,<li>東武伊勢崎線（東京メトロ日比谷線直通）・東武大師線「西新井」駅 徒歩9分</li>
tokyo,kitasenju,日の出町,153800,JR常磐線「北千住」駅,5.0,7.0,,,,足立区日ノ出町27,4号棟,鉄骨鉄筋コンクリート造,5,N,501号室,2LDK,62,7,149600,4200,2か月,['近居割'],随時,https://www.ur-net.go.jp/chintai/kanto/tokyo/20_1640_room.html?JKSS=000040501,<li>JR常磐線「北千住」駅 徒歩5～7分</li><li>東武伊勢崎線「北千住」駅 徒歩5～7分</li><li>つくばエクスプレス「北千住」駅 徒歩5～7分</li>
tokyo,kitasenju,日の出町,153800,東武伊勢崎線「北千住」駅,5.0,7.0,,,,足立区日ノ出町27,4号棟,鉄骨鉄筋コンクリート造,5,N,501号室,2LDK,62,7,149600,4200,2か月,['近居割'],随時,https://www.ur-net.go.jp/chintai/kanto/tokyo/20_1640_room.html?JKSS=000040501,<li>JR常磐線「北千住」駅 徒歩5～7分</li><li>東武伊勢崎線「北千住」駅 徒歩5～7分</li><li>つくばエクスプレス「北千住」駅 徒歩5～7分</li>
tokyo,kitasenju,日の出町,153800,つくばエクスプレス「北千住」駅,5.0,7.0,,,,足立区日ノ出町27,4号棟,鉄骨鉄筋コンクリート造,5,N,501号室,2LDK,62,7,149600,4200,2か月,['近居割'],随時,https://www.ur-net.go.jp/chintai/kanto/tokyo/20_1640_room.html?JKSS=000040501,<li>JR常磐線「北千住」駅 徒歩5～7分</li><li>東武伊勢崎線「北千住」駅 徒歩5～7分</li><li>つくばエクスプレス「北千住」駅 徒歩5～7分</li>
tokyo,kitasenju,日の出町,153800,,,,,,,足立区日ノ出町27,4号棟,鉄骨鉄筋コンクリート造,5,N,501号室,2LDK,62,7,149600,4200,2か月,['近居割'],随時,https://www.ur-net.go.jp/chintai/kanto/tokyo/20_1640_room.html?JKSS=000040501,<li>JR常磐線「北千住」駅 徒歩5～7分</li><li>東武伊勢崎線「北千住」駅 徒歩5～7分</li><li>つくばエクスプレス「北千住」駅 徒歩5～7分</li>
tokyo,kitasenju,金町駅前,98600,JR常磐線「金町」駅,3.0,5.0,,,,葛飾区東金町1-36,1号棟,鉄筋コンクリート造,2,N,222号室,1LDK,46,14,95100,3500,2か月,['URライト（5年定借）'],随時,https://www.ur-net.go.jp/chintai/kanto/tokyo/20_1650_room.html?JKSS=000010222,<li>JR常磐線「金町」駅 徒歩3～5分</li><li>京成金町線「京成金町」駅 徒歩4～7分</li>
tokyo,kitasenju,金町駅前,98600,京成金町線「京成金町」駅,4.0,7.0,,,,葛飾区東金町1-36,1号棟,鉄筋コンクリート造,2,N,222号室,1LDK,46,14,95100,3500,2か月,['URライト（5年定借）'],随時,https://www.ur-net.go.jp/chintai/kanto/tokyo/20_1650_room.html?JKSS=000010222,<li>JR常磐線「金町」駅 徒歩3～5分</li><li>京成金町線「京成金町」駅 徒歩4～7分</li>
tokyo,kitasenju,金町駅前,98600,,,,,,,葛飾区東金町1-36,1号棟,鉄筋コンクリート造,2,N,222号室,1LDK,46,14,95100,3500,2か月,['URライト（5年定借）'],随時,https://www.ur-net.go.jp/chintai/kanto/tokyo/20_1650_room.html?JKSS=000010222,<li>JR常磐線「金町」駅 徒歩3～5分</li><li>京成金町線「京成金町」駅 徒歩4～7分</li>
tokyo,aoto,青戸第四,121100,京成本線「青砥」駅,11.0,11.0,京成本線「青砥」駅,4.0,5.0,葛飾区青戸4-25ほか,2号棟,鉄筋コンクリート造,5,N,502号室,2LDK,62,5,116400,4700,2か月,"['近居割', '近居割WIDE']",随時,https://www.ur-net.go.jp/chintai/kanto/tokyo/20_2960_room.html?JKSS=000020502,<li>京成本線「青砥」駅 徒歩11分</li><li>京成本線「青砥」駅バス3分 徒歩1～2分</li><li>京成押上線「青砥」駅 徒歩11分</li>
tokyo,aoto,青戸第四,121100,京成押上線「青砥」駅,11.0,11.0,,,,葛飾区青戸4-25ほか,2号棟,鉄筋コンクリート造,5,N,502号室,2LDK,62,5,116400,4700,2か月,"['近居割', '近居割WIDE']",随時,https://www.ur-net.go.jp/chintai/kanto/tokyo/20_2960_room.html?JKSS=000020502,<li>京成本線「青砥」駅 徒歩11分</li><li>京成本線「青砥」駅バス3分 徒歩1～2分</li><li>京成押上線「青砥」駅 徒歩11分</li>
tokyo,aoto,青戸第四,121100,,,,,,,葛飾区青戸4-25ほか,2号棟,鉄筋コンクリート造,5,N,502号室,2LDK,62,5,116400,4700,2か月,"['近居割', '近居割WIDE']",随時,https://www.ur-net.go.jp/chintai/kanto/tokyo/20_2960_room.html?JKSS=000020502,<li>京成本線「青砥」駅 徒歩11分</li><li>京成本線「青砥」駅バス3分 徒歩1～2分</li><li>京成押上線「青砥」駅 徒歩11分</li>
tokyo,kamata,南六郷一丁目,128100,京急本線「雑色」駅,15.0,16.0,,,,大田区南六郷1-29ほか,2号棟,鉄筋コンクリート造,8,N,805号室,1LDK,51,11,121600,6500,2か月,['近居割'],随時,https://www.ur-net.go.jp/chintai/kanto/tokyo/20_2910_room.html?JKSS=000020805,<li>京急本線「雑色」駅 徒歩15～16分</li><li>京急空港線「糀谷」駅 徒歩15～17分</li>
tokyo,kamata,南六郷一丁目,128100,京急空港線「糀谷」駅,15.0,17.0,,,,大田区南六郷1-29ほか,2号棟,鉄筋コンクリート造,8,N,805号室,1LDK,51,11,121600,6500,2か月,['近居割'],随時,https://www.ur-net.go.jp/chintai/kanto/tokyo/20_2910_room.html?JKSS=000020805,<li>京急本線「雑色」駅 徒歩15～16分</li><li>京急空港線「糀谷」駅 徒歩15～17分</li>
tokyo,kamata,南六郷一丁目,128100,,,,,,,大田区南六郷1-29ほか,2号棟,鉄筋コンクリート造,8,N,805号室,1LDK,51,11,121600,6500,2か月,['近居割'],随時,https://www.ur-net.go.jp/chintai/kanto/tokyo/20_2910_room.html?JKSS=000020805,<li>京急本線「雑色」駅 徒歩15～16分</li><li>京急空港線「糀谷」駅 徒歩15～17分</li>
tokyo,kamata,エステート池上,175100,東急池上線｢池上｣駅,6.0,6.0,,,,大田区池上8-5-8,,鉄筋コンクリート造,5,N,503号室,2LDK,63,6,168400,6700,2か月,['近居割'],随時,https://www.ur-net.go.jp/chintai/kanto/tokyo/20_4640_room.html?JKSS=000000503,<li>東急池上線｢池上｣駅 徒歩6分</li>
tokyo,kamata,エステート池上,175100,,,,,,,大田区池上8-5-8,,鉄筋コンクリート造,5,N,503号室,2LDK,63,6,168400,6700,2か月,['近居割'],随時,https://www.ur-net.go.jp/chintai/kanto/tokyo/20_4640_room.html?JKSS=000000503,<li>東急池上線｢池上｣駅 徒歩6分</li>
tokyo,chitosekarasuyama,芦花公園,185900,京王線「芦花公園」駅,5.0,8.0,,,,世田谷区南烏山2-30,16号棟,鉄筋コンクリート造,2,N,203号室,1LDK,54,4,179600,6300,2か月,['近居割'],随時,https://www.ur-net.go.jp/chintai/kanto/tokyo/20_6710_room.html?JKSS=000160203,<li>京王線「芦花公園」駅 徒歩5～8分</li><li>京王線「千歳烏山」駅 徒歩6～9分</li>
tokyo,chitosekarasuyama,芦花公園,185900,京王線「千歳烏山」駅,6.0,9.0,,,,世田谷区南烏山2-30,16号棟,鉄筋コンクリート造,2,N,203号室,1LDK,54,4,179600,6300,2か月,['近居割'],随時,https://www.ur-net.go.jp/chintai/kanto/tokyo/20_6710_room.html?JKSS=000160203,<li>京王線「芦花公園」駅 徒歩5～8分</li><li>京王線「千歳烏山」駅 徒歩6～9分</li>
tokyo,chitosekarasuyama,芦花公園,185900,,,,,,,世田谷区南烏山2-30,16号棟,鉄筋コンクリート造,2,N,203号室,1LDK,54,4,179600,6300,2か月,['近居割'],随時,https://www.ur-net.go.jp/chintai/kanto/tokyo/20_6710_room.html?JKSS=000160203,<li>京王線「芦花公園」駅 徒歩5～8分</li><li>京王線「千歳烏山」駅 徒歩6～9分</li>
tokyo,oji,赤羽北二丁目,123500,JR埼京線「北赤羽」駅,6.0,7.0,,,,北区赤羽北2-15,1号棟,鉄骨鉄筋コンクリート造,13,N,1314号室,1LDK,48,14,119500,4000,2か月,['近居割'],随時,https://www.ur-net.go.jp/chintai/kanto/tokyo/20_2800_room.html?JKSS=000011314,<li>JR埼京線「北赤羽」駅 徒歩6～7分</li>
tokyo,oji,赤羽北二丁目,123500,,,,,,,北区赤羽北2-15,1号棟,鉄骨鉄筋コンクリート造,13,N,1314号室,1LDK,48,14,119500,4000,2か月,['近居割'],随時,https://www.ur-net.go.jp/chintai/kanto/tokyo/20_2800_room.html?JKSS=000011314,<li>JR埼京線「北赤羽」駅 徒歩6～7分</li>
tokyo,oji,神谷堀公園ハイツ,170000,東京メトロ南北線「王子神谷」駅,5.0,6.0,,,,北区神谷1-3,1-3-2号棟,鉄骨鉄筋コンクリート造,2,N,201号室,3LDK,69,10,166500,3500,2か月,"['近居割', '近居割WIDE']",随時,https://www.ur-net.go.jp/chintai/kanto/tokyo/20_4200_room.html?JKSS=103020201,<li>東京メトロ南北線「王子神谷」駅 徒歩5～6分</li><li>JR京浜東北・根岸線「東十条」駅 徒歩12～14分</li>
tokyo,oji,神谷堀公園ハイツ,170000,JR京浜東北・根岸線「東十条」駅,12.0,14.0,,,,北区神谷1-3,1-3-2号棟,鉄骨鉄筋コンクリート造,2,N,201号室,3LDK,69,10,166500,3500,2か月,"['近居割', '近居割WIDE']",随時,https://www.ur-net.go.jp/chintai/kanto/tokyo/20_4200_room.html?JKSS=103020201,<li>東京メトロ南北線「王子神谷」駅 徒歩5～6分</li><li>JR京浜東北・根岸線「東十条」駅 徒歩12～14分</li>
tokyo,oji,神谷堀公園ハイツ,170000,,,,,,,北区神谷1-3,1-3-2号棟,鉄骨鉄筋コンクリート造,2,N,201号室,3LDK,69,10,166500,3500,2か月,"['近居割', '近居割WIDE']",随時,https://www.ur-net.go.jp/chintai/kanto/tokyo/20_4200_room.html?JKSS=103020201,<li>東京メトロ南北線「王子神谷」駅 徒歩5～6分</li><li>JR京浜東北・根岸線「東十条」駅 徒歩12～14分</li>
tokyo,oji,赤羽アボードⅡ,177000,JR埼京線ほか｢赤羽｣駅,1.0,1.0,,,,北区赤羽西1-6-1,,鉄筋コンクリート造,5,N,517号室,1DK,45,18,172300,4700,2か月,['近居割'],随時,https://www.ur-net.go.jp/chintai/kanto/tokyo/20_5390_room.html?JKSS=000000517,<li>JR埼京線ほか｢赤羽｣駅 徒歩1分</li>
tokyo,oji,赤羽アボードⅡ,177000,,,,,,,北区赤羽西1-6-1,,鉄筋コンクリート造,5,N,517号室,1DK,45,18,172300,4700,2か月,['近居割'],随時,https://www.ur-net.go.jp/chintai/kanto/tokyo/20_5390_room.html?JKSS=000000517,<li>JR埼京線ほか｢赤羽｣駅 徒歩1分</li>
tokyo,hikarigaoka,光が丘パークタウン ゆりの木通り北,143200,東京メトロ有楽町線「地下鉄赤塚」駅,6.0,9.0,,,,板橋区赤塚新町3-32,12号棟,鉄骨鉄筋コンクリート造,5,N,504号室,2LDK,61,5,137000,6200,2か月,"['近居割', '近居割WIDE']",随時,https://www.ur-net.go.jp/chintai/kanto/tokyo/20_3470_room.html?JKSS=000120504,<li>東京メトロ有楽町線「地下鉄赤塚」駅 徒歩6～9分</li><li>東武東上線「下赤塚」駅 徒歩9～12分</li><li>都営大江戸線「光が丘」駅 徒歩23～25分</li>
tokyo,hikarigaoka,光が丘パークタウン ゆりの木通り北,143200,東武東上線「下赤塚」駅,9.0,12.0,,,,板橋区赤塚新町3-32,12号棟,鉄骨鉄筋コンクリート造,5,N,504号室,2LDK,61,5,137000,6200,2か月,"['近居割', '近居割WIDE']",随時,https://www.ur-net.go.jp/chintai/kanto/tokyo/20_3470_room.html?JKSS=000120504,<li>東京メトロ有楽町線「地下鉄赤塚」駅 徒歩6～9分</li><li>東武東上線「下赤塚」駅 徒歩9～12分</li><li>都営大江戸線「光が丘」駅 徒歩23～25分</li>
tokyo,hikarigaoka,光が丘パークタウン ゆりの木通り北,143200,都営大江戸線「光が丘」駅,23.0,25.0,,,,板橋区赤塚新町3-32,12号棟,鉄骨鉄筋コンクリート造,5,N,504号室,2LDK,61,5,137000,6200,2か月,"['近居割', '近居割WIDE']",随時,https://www.ur-net.go.jp/chintai/kanto/tokyo/20_3470_room.html?JKSS=000120504,<li>東京メトロ有楽町線「地下鉄赤塚」駅 徒歩6～9分</li><li>東武東上線「下赤塚」駅 徒歩9～12分</li><li>都営大江戸線「光が丘」駅 徒歩23～25分</li>
tokyo,hikarigaoka,光が丘パークタウン ゆりの木通り北,143200,,,,,,,板橋区赤塚新町3-32,12号棟,鉄骨鉄筋コンクリート造,5,N,504号室,2LDK,61,5,137000,6200,2か月,"['近居割', '近居割WIDE']",随時,https://www.ur-net.go.jp/chintai/kanto/tokyo/20_3470_room.html?JKSS=000120504,<li>東京メトロ有楽町線「地下鉄赤塚」駅 徒歩6～9分</li><li>東武東上線「下赤塚」駅 徒歩9～12分</li><li>都営大江戸線「光が丘」駅 徒歩23～25分</li>
tokyo,hachioji,館ヶ丘,51700,,,,JR中央線「高尾」駅,8.0,18.0,八王子市館町1097,1-12号棟,鉄筋コンクリート造,5,N,513号室,2DK,42,5,47200,4500,2か月,"['近居割', '近居割WIDE']",随時,https://www.ur-net.go.jp/chintai/kanto/tokyo/20_2600_room.html?JKSS=001120513,<li>JR中央線「高尾」駅バス7分 徒歩1～11分</li><li>京王高尾線「高尾」駅バス7分 徒歩1～11分</li><li>JR中央本線「高尾」駅 徒歩29～38分</li>
tokyo,hachioji,館ヶ丘,51700,,,,京王高尾線「高尾」駅,8.0,18.0,八王子市館町1097,1-12号棟,鉄筋コンクリート造,5,N,513号室,2DK,42,5,47200,4500,2か月,"['近居割', '近居割WIDE']",随時,https://www.ur-net.go.jp/chintai/kanto/tokyo/20_2600_room.html?JKSS=001120513,<li>JR中央線「高尾」駅バス7分 徒歩1～11分</li><li>京王高尾線「高尾」駅バス7分 徒歩1～11分</li><li>JR中央本線「高尾」駅 徒歩29～38分</li>
tokyo,hachioji,館ヶ丘,51700,JR中央本線「高尾」駅,29.0,38.0,,,,八王子市館町1097,1-12号棟,鉄筋コンクリート造,5,N,513号室,2DK,42,5,47200,4500,2か月,"['近居割', '近居割WIDE']",随時,https://www.ur-net.go.jp/chintai/kanto/tokyo/20_2600_room.html?JKSS=001120513,<li>JR中央線「高尾」駅バス7分 徒歩1～11分</li><li>京王高尾線「高尾」駅バス7分 徒歩1～11分</li><li>JR中央本線「高尾」駅 徒歩29～38分</li>
tokyo,hachioji,館ヶ丘,51700,,,,,,,八王子市館町1097,1-12号棟,鉄筋コンクリート造,5,N,513号室,2DK,42,5,47200,4500,2か月,"['近居割', '近居割WIDE']",随時,https://www.ur-net.go.jp/chintai/kanto/tokyo/20_2600_room.html?JKSS=001120513,<li>JR中央線「高尾」駅バス7分 徒歩1～11分</li><li>京王高尾線「高尾」駅バス7分 徒歩1～11分</li><li>JR中央本線「高尾」駅 徒歩29～38分</li>
tokyo,hachioji,館ヶ丘,51700,,,,JR中央線「高尾」駅,8.0,18.0,八王子市館町1097,1-14号棟,鉄筋コンクリート造,5,N,504号室,2DK,42,5,47200,4500,2か月,"['近居割', '近居割WIDE']",随時,https://www.ur-net.go.jp/chintai/kanto/tokyo/20_2600_room.html?JKSS=001140504,<li>JR中央線「高尾」駅バス7分 徒歩1～11分</li><li>京王高尾線「高尾」駅バス7分 徒歩1～11分</li><li>JR中央本線「高尾」駅 徒歩29～38分</li>
tokyo,hachioji,館ヶ丘,51700,,,,京王高尾線「高尾」駅,8.0,18.0,八王子市館町1097,1-14号棟,鉄筋コンクリート造,5,N,504号室,2DK,42,5,47200,4500,2か月,"['近居割', '近居割WIDE']",随時,https://www.ur-net.go.jp/chintai/kanto/tokyo/20_2600_room.html?JKSS=001140504,<li>JR中央線「高尾」駅バス7分 徒歩1～11分</li><li>京王高尾線「高尾」駅バス7分 徒歩1～11分</li><li>JR中央本線「高尾」駅 徒歩29～38分</li>
tokyo,hachioji,館ヶ丘,51700,JR中央本線「高尾」駅,29.0,38.0,,,,八王子市館町1097,1-14号棟,鉄筋コンクリート造,5,N,504号室,2DK,42,5,47200,4500,2か月,"['近居割', '近居割WIDE']",随時,https://www.ur-net.go.jp/chintai/kanto/tokyo/20_2600_room.html?JKSS=001140504,<li>JR中央線「高尾」駅バス7分 徒歩1～11分</li><li>京王高尾線「高尾」駅バス7分 徒歩1～11分</li><li>JR中央本線「高尾」駅 徒歩29～38分</li>
tokyo,hachioji,館ヶ丘,51700,,,,,,,八王子市館町1097,1-14号棟,鉄筋コンクリート造,5,N,504号室,2DK,42,5,47200,4500,2か月,"['近居割', '近居割WIDE']",随時,https://www.ur-net.go.jp/chintai/kanto/tokyo/20_2600_room.html?JKSS=001140504,<li>JR中央線「高尾」駅バス7分 徒歩1～11分</li><li>京王高尾線「高尾」駅バス7分 徒歩1～11分</li><li>JR中央本線「高尾」駅 徒歩29～38分</li>
tokyo,hachioji,館ヶ丘,55100,,,,JR中央線「高尾」駅,8.0,18.0,八王子市館町1097,1-15号棟,鉄筋コンクリート造,4,N,407号室,2DK,42,5,50600,4500,2か月,"['近居割', '近居割WIDE']",随時,https://www.ur-net.go.jp/chintai/kanto/tokyo/20_2600_room.html?JKSS=001150407,<li>JR中央線「高尾」駅バス7分 徒歩1～11分</li><li>京王高尾線「高尾」駅バス7分 徒歩1～11分</li><li>JR中央本線「高尾」駅 徒歩29～38分</li>
tokyo,hachioji,館ヶ丘,55100,,,,京王高尾線「高尾」駅,8.0,18.0,八王子市館町1097,1-15号棟,鉄筋コンクリート造,4,N,407号室,2DK,42,5,50600,4500,2か月,"['近居割', '近居割WIDE']",随時,https://www.ur-net.go.jp/chintai/kanto/tokyo/20_2600_room.html?JKSS=001150407,<li>JR中央線「高尾」駅バス7分 徒歩1～11分</li><li>京王高尾線「高尾」駅バス7分 徒歩1～11分</li><li>JR中央本線「高尾」駅 徒歩29～38分</li>
tokyo,hachioji,館ヶ丘,55100,JR中央本線「高尾」駅,29.0,38.0,,,,八王子市館町1097,1-15号棟,鉄筋コンクリート造,4,N,407号室,2DK,42,5,50600,4500,2か月,"['近居割', '近居割WIDE']",随時,https://www.ur-net.go.jp/chintai/kanto/tokyo/20_2600_room.html?JKSS=001150407,<li>JR中央線「高尾」駅バス7分 徒歩1～11分</li><li>京王高尾線「高尾」駅バス7分 徒歩1～11分</li><li>JR中央本線「高尾」駅 徒歩29～38分</li>
tokyo,hachioji,館ヶ丘,55100,,,,,,,八王子市館町1097,1-15号棟,鉄筋コンクリート造,4,N,407号室,2DK,42,5,50600,4500,2か月,"['近居割', '近居割WIDE']",随時,https://www.ur-net.go.jp/chintai/kanto/tokyo/20_2600_room.html?JKSS=001150407,<li>JR中央線「高尾」駅バス7分 徒歩1～11分</li><li>京王高尾線「高尾」駅バス7分 徒歩1～11分</li><li>JR中央本線「高尾」駅 徒歩29～38分</li>
tokyo,hachioji,館ヶ丘,55200,,,,JR中央線「高尾」駅,8.0,18.0,八王子市館町1097,1-12号棟,鉄筋コンクリート造,4,N,403号室,2DK,42,5,50700,4500,2か月,"['近居割', '近居割WIDE']",随時,https://www.ur-net.go.jp/chintai/kanto/tokyo/20_2600_room.html?JKSS=001120403,<li>JR中央線「高尾」駅バス7分 徒歩1～11分</li><li>京王高尾線「高尾」駅バス7分 徒歩1～11分</li><li>JR中央本線「高尾」駅 徒歩29～38分</li>
tokyo,hachioji,館ヶ丘,55200,,,,京王高尾線「高尾」駅,8.0,18.0,八王子市館町1097,1-12号棟,鉄筋コンクリート造,4,N,403号室,2DK,42,5,50700,4500,2か月,"['近居割', '近居割WIDE']",随時,https://www.ur-net.go.jp/chintai/kanto/tokyo/20_2600_room.html?JKSS=001120403,<li>JR中央線「高尾」駅バス7分 徒歩1～11分</li><li>京王高尾線「高尾」駅バス7分 徒歩1～11分</li><li>JR中央本線「高尾」駅 徒歩29～38分</li>
tokyo,hachioji,館ヶ丘,55200,JR中央本線「高尾」駅,29.0,38.0,,,,八王子市館町1097,1-12号棟,鉄筋コンクリート造,4,N,403号室,2DK,42,5,50700,4500,2か月,"['近居割', '近居割WIDE']",随時,https://www.ur-net.go.jp/chintai/kanto/tokyo/20_2600_room.html?JKSS=001120403,<li>JR中央線「高尾」駅バス7分 徒歩1～11分</li><li>京王高尾線「高尾」駅バス7分 徒歩1～11分</li><li>JR中央本線「高尾」駅 徒歩29～38分</li>
tokyo,hachioji,館ヶ丘,55200,,,,,,,八王子市館町1097,1-12号棟,鉄筋コンクリート造,4,N,403号室,2DK,42,5,50700,4500,2か月,"['近居割', '近居割WIDE']",随時,https://www.ur-net.go.jp/chintai/kanto/tokyo/20_2600_room.html?JKSS=001120403,<li>JR中央線「高尾」駅バス7分 徒歩1～11分</li><li>京王高尾線「高尾」駅バス7分 徒歩1～11分</li><li>JR中央本線「高尾」駅 徒歩29～38分</li>
tokyo,hachioji,館ヶ丘,55200,,,,JR中央線「高尾」駅,8.0,18.0,八王子市館町1097,1-14号棟,鉄筋コンクリート造,3,N,311号室,2DK,42,5,50700,4500,2か月,"['近居割', '近居割WIDE']",随時,https://www.ur-net.go.jp/chintai/kanto/tokyo/20_2600_room.html?JKSS=001140311,<li>JR中央線「高尾」駅バス7分 徒歩1～11分</li><li>京王高尾線「高尾」駅バス7分 徒歩1～11分</li><li>JR中央本線「高尾」駅 徒歩29～38分</li>
tokyo,hachioji,館ヶ丘,55200,,,,京王高尾線「高尾」駅,8.0,18.0,八王子市館町1097,1-14号棟,鉄筋コンクリート造,3,N,311号室,2DK,42,5,50700,4500,2か月,"['近居割', '近居割WIDE']",随時,https://www.ur-net.go.jp/chintai/kanto/tokyo/20_2600_room.html?JKSS=001140311,<li>JR中央線「高尾」駅バス7分 徒歩1～11分</li><li>京王高尾線「高尾」駅バス7分 徒歩1～11分</li><li>JR中央本線「高尾」駅 徒歩29～38分</li>
tokyo,hachioji,館ヶ丘,55200,JR中央本線「高尾」駅,29.0,38.0,,,,八王子市館町1097,1-14号棟,鉄筋コンクリート造,3,N,311号室,2DK,42,5,50700,4500,2か月,"['近居割', '近居割WIDE']",随時,https://www.ur-net.go.jp/chintai/kanto/tokyo/20_2600_room.html?JKSS=001140311,<li>JR中央線「高尾」駅バス7分 徒歩1～11分</li><li>京王高尾線「高尾」駅バス7分 徒歩1～11分</li><li>JR中央本線「高尾」駅 徒歩29～38分</li>
tokyo,hachioji,館ヶ丘,55200,,,,,,,八王子市館町1097,1-14号棟,鉄筋コンクリート造,3,N,311号室,2DK,42,5,50700,4500,2か月,"['近居割', '近居割WIDE']",随時,https://www.ur-net.go.jp/chintai/kanto/tokyo/20_2600_room.html?JKSS=001140311,<li>JR中央線「高尾」駅バス7分 徒歩1～11分</li><li>京王高尾線「高尾」駅バス7分 徒歩1～11分</li><li>JR中央本線「高尾」駅 徒歩29～38分</li>
tokyo,hachioji,南原台,71000,,,,JR中央線「豊田」駅,10.0,14.0,八王子市大和田町1-2ほか,9号棟,鉄筋コンクリート造,4,N,404号室,3DK,61,4,66000,5000,2か月,['近居割'],随時,https://www.ur-net.go.jp/chintai/kanto/tokyo/20_2990_room.html?JKSS=000090404,<li>JR中央線「豊田」駅バス7分 徒歩3～7分</li><li>JR中央線「八王子」駅バス9分 徒歩3～7分</li><li>JR八高線「北八王子」駅 徒歩9～12分</li>
tokyo,hachioji,南原台,71000,,,,JR中央線「八王子」駅,12.0,16.0,八王子市大和田町1-2ほか,9号棟,鉄筋コンクリート造,4,N,404号室,3DK,61,4,66000,5000,2か月,['近居割'],随時,https://www.ur-net.go.jp/chintai/kanto/tokyo/20_2990_room.html?JKSS=000090404,<li>JR中央線「豊田」駅バス7分 徒歩3～7分</li><li>JR中央線「八王子」駅バス9分 徒歩3～7分</li><li>JR八高線「北八王子」駅 徒歩9～12分</li>
tokyo,hachioji,南原台,71000,JR八高線「北八王子」駅,9.0,12.0,,,,八王子市大和田町1-2ほか,9号棟,鉄筋コンクリート造,4,N,404号室,3DK,61,4,66000,5000,2か月,['近居割'],随時,https://www.ur-net.go.jp/chintai/kanto/tokyo/20_2990_room.html?JKSS=000090404,<li>JR中央線「豊田」駅バス7分 徒歩3～7分</li><li>JR中央線「八王子」駅バス9分 徒歩3～7分</li><li>JR八高線「北八王子」駅 徒歩9～12分</li>
tokyo,hachioji,南原台,71000,,,,,,,八王子市大和田町1-2ほか,9号棟,鉄筋コンクリート造,4,N,404号室,3DK,61,4,66000,5000,2か月,['近居割'],随時,https://www.ur-net.go.jp/chintai/kanto/tokyo/20_2990_room.html?JKSS=000090404,<li>JR中央線「豊田」駅バス7分 徒歩3～7分</li><li>JR中央線「八王子」駅バス9分 徒歩3～7分</li><li>JR八高線「北八王子」駅 徒歩9～12分</li>
tokyo,minamiosawa,多摩ニュータウン ライブ長池 長池公園せせらぎ通り南,97100,京王相模原線「京王堀之内」駅,20.0,21.0,京王相模原線「京王堀之内」駅,9.0,10.0,八王子市別所2-46,1号棟,鉄筋コンクリート造,4,N,403号室,2LDK,65,9,92300,4800,2か月,"['近居割', '近居割WIDE']",随時,https://www.ur-net.go.jp/chintai/kanto/tokyo/20_5100_room.html?JKSS=000010403,<li>京王相模原線「京王堀之内」駅 徒歩20～21分 または バス4分 徒歩5～6分</li><li>京王相模原線「南大沢」駅バス8分 徒歩7～10分</li>
tokyo,minamiosawa,多摩ニュータウン ライブ長池 長池公園せせらぎ通り南,97100,,,,京王相模原線「南大沢」駅,15.0,18.0,八王子市別所2-46,1号棟,鉄筋コンクリート造,4,N,403号室,2LDK,65,9,92300,4800,2か月,"['近居割', '近居割WIDE']",随時,https://www.ur-net.go.jp/chintai/kanto/tokyo/20_5100_room.html?JKSS=000010403,<li>京王相模原線「京王堀之内」駅 徒歩20～21分 または バス4分 徒歩5～6分</li><li>京王相模原線「南大沢」駅バス8分 徒歩7～10分</li>
tokyo,minamiosawa,多摩ニュータウン ライブ長池 長池公園せせらぎ通り南,97100,,,,,,,八王子市別所2-46,1号棟,鉄筋コンクリート造,4,N,403号室,2LDK,65,9,92300,4800,2か月,"['近居割', '近居割WIDE']",随時,https://www.ur-net.go.jp/chintai/kanto/tokyo/20_5100_room.html?JKSS=000010403,<li>京王相模原線「京王堀之内」駅 徒歩20～21分 または バス4分 徒歩5～6分</li><li>京王相模原線「南大沢」駅バス8分 徒歩7～10分</li>
tokyo,hachioji,八王子パークヒル 宇津木台,96300,JR八高線「小宮」駅,11.0,16.0,,,,八王子市久保山町2ほか,3号棟,鉄筋コンクリート造,5,N,506号室,3LDK,75,5,92600,3700,2か月,['近居割'],随時,https://www.ur-net.go.jp/chintai/kanto/tokyo/20_4080_room.html?JKSS=002030506,<li>JR八高線「小宮」駅 徒歩11～16分</li><li>JR中央線「日野」駅バス13分 徒歩3～5分</li><li>JR中央線「八王子」・京王線「京王八王子」駅バス22～24分 徒歩3～5分</li>
tokyo,hachioji,八王子パークヒル 宇津木台,96300,,,,JR中央線「日野」駅,16.0,18.0,八王子市久保山町2ほか,3号棟,鉄筋コンクリート造,5,N,506号室,3LDK,75,5,92600,3700,2か月,['近居割'],随時,https://www.ur-net.go.jp/chintai/kanto/tokyo/20_4080_room.html?JKSS=002030506,<li>JR八高線「小宮」駅 徒歩11～16分</li><li>JR中央線「日野」駅バス13分 徒歩3～5分</li><li>JR中央線「八王子」・京王線「京王八王子」駅バス22～24分 徒歩3～5分</li>
tokyo,hachioji,八王子パークヒル 宇津木台,96300,,,,JR中央線「八王子」・京王線「京王八王子」駅,25.0,29.0,八王子市久保山町2ほか,3号棟,鉄筋コンクリート造,5,N,506号室,3LDK,75,5,92600,3700,2か月,['近居割'],随時,https://www.ur-net.go.jp/chintai/kanto/tokyo/20_4080_room.html?JKSS=002030506,<li>JR八高線「小宮」駅 徒歩11～16分</li><li>JR中央線「日野」駅バス13分 徒歩3～5分</li><li>JR中央線「八王子」・京王線「京王八王子」駅バス22～24分 徒歩3～5分</li>
tokyo,hachioji,八王子パークヒル 宇津木台,96300,,,,,,,八王子市久保山町2ほか,3号棟,鉄筋コンクリート造,5,N,506号室,3LDK,75,5,92600,3700,2か月,['近居割'],随時,https://www.ur-net.go.jp/chintai/kanto/tokyo/20_4080_room.html?JKSS=002030506,<li>JR八高線「小宮」駅 徒歩11～16分</li><li>JR中央線「日野」駅バス13分 徒歩3～5分</li><li>JR中央線「八王子」・京王線「京王八王子」駅バス22～24分 徒歩3～5分</li>
tokyo,minamiosawa,多摩ニュータウン ライブ長池 蓮生寺公園通り二番街,102600,京王相模原線「京王堀之内」駅,10.0,12.0,,,,八王子市別所1-31,1号棟,鉄筋コンクリート造,5,N,502号室,1LDK,51,5,97300,5300,2か月,"['近居割', '近居割WIDE']",随時,https://www.ur-net.go.jp/chintai/kanto/tokyo/20_5080_room.html?JKSS=000010502,<li>京王相模原線「京王堀之内」駅 徒歩10～12分</li><li>小田急多摩線「唐木田」駅バス4分 徒歩18～19分</li><li>京王相模原線「南大沢」駅バス11分 徒歩2～3分</li>
tokyo,minamiosawa,多摩ニュータウン ライブ長池 蓮生寺公園通り二番街,102600,,,,小田急多摩線「唐木田」駅,22.0,23.0,八王子市別所1-31,1号棟,鉄筋コンクリート造,5,N,502号室,1LDK,51,5,97300,5300,2か月,"['近居割', '近居割WIDE']",随時,https://www.ur-net.go.jp/chintai/kanto/tokyo/20_5080_room.html?JKSS=000010502,<li>京王相模原線「京王堀之内」駅 徒歩10～12分</li><li>小田急多摩線「唐木田」駅バス4分 徒歩18～19分</li><li>京王相模原線「南大沢」駅バス11分 徒歩2～3分</li>
tokyo,minamiosawa,多摩ニュータウン ライブ長池 蓮生寺公園通り二番街,102600,,,,京王相模原線「南大沢」駅,13.0,14.0,八王子市別所1-31,1号棟,鉄筋コンクリート造,5,N,502号室,1LDK,51,5,97300,5300,2か月,"['近居割', '近居割WIDE']",随時,https://www.ur-net.go.jp/chintai/kanto/tokyo/20_5080_room.html?JKSS=000010502,<li>京王相模原線「京王堀之内」駅 徒歩10～12分</li><li>小田急多摩線「唐木田」駅バス4分 徒歩18～19分</li><li>京王相模原線「南大沢」駅バス11分 徒歩2～3分</li>
tokyo,minamiosawa,多摩ニュータウン ライブ長池 蓮生寺公園通り二番街,102600,,,,,,,八王子市別所1-31,1号棟,鉄筋コンクリート造,5,N,502号室,1LDK,51,5,97300,5300,2か月,"['近居割', '近居割WIDE']",随時,https://www.ur-net.go.jp/chintai/kanto/tokyo/20_5080_room.html?JKSS=000010502,<li>京王相模原線「京王堀之内」駅 徒歩10～12分</li><li>小田急多摩線「唐木田」駅バス4分 徒歩18～19分</li><li>京王相模原線「南大沢」駅バス11分 徒歩2～3分</li>
tokyo,minamiosawa,多摩ニュータウン ライブ長池 蓮生寺公園通り二番街,120500,京王相模原線「京王堀之内」駅,10.0,12.0,,,,八王子市別所1-31,3号棟,鉄筋コンクリート造,4,N,401号室,3LDK,75,5,115200,5300,2か月,"['近居割', '近居割WIDE']",随時,https://www.ur-net.go.jp/chintai/kanto/tokyo/20_5080_room.html?JKSS=000030401,<li>京王相模原線「京王堀之内」駅 徒歩10～12分</li><li>小田急多摩線「唐木田」駅バス4分 徒歩18～19分</li><li>京王相模原線「南大沢」駅バス11分 徒歩2～3分</li>
tokyo,minamiosawa,多摩ニュータウン ライブ長池 蓮生寺公園通り二番街,120500,,,,小田急多摩線「唐木田」駅,22.0,23.0,八王子市別所1-31,3号棟,鉄筋コンクリート造,4,N,401号室,3LDK,75,5,115200,5300,2か月,"['近居割', '近居割WIDE']",随時,https://www.ur-net.go.jp/chintai/kanto/tokyo/20_5080_room.html?JKSS=000030401,<li>京王相模原線「京王堀之内」駅 徒歩10～12分</li><li>小田急多摩線「唐木田」駅バス4分 徒歩18～19分</li><li>京王相模原線「南大沢」駅バス11分 徒歩2～3分</li>
tokyo,minamiosawa,多摩ニュータウン ライブ長池 蓮生寺公園通り二番街,120500,,,,京王相模原線「南大沢」駅,13.0,14.0,八王子市別所1-31,3号棟,鉄筋コンクリート造,4,N,401号室,3LDK,75,5,115200,5300,2か月,"['近居割', '近居割WIDE']",随時,https://www.ur-net.go.jp/chintai/kanto/tokyo/20_5080_room.html?JKSS=000030401,<li>京王相模原線「京王堀之内」駅 徒歩10～12分</li><li>小田急多摩線「唐木田」駅バス4分 徒歩18～19分</li><li>京王相模原線「南大沢」駅バス11分 徒歩2～3分</li>
tokyo,minamiosawa,多摩ニュータウン ライブ長池 蓮生寺公園通り二番街,120500,,,,,,,八王子市別所1-31,3号棟,鉄筋コンクリート造,4,N,401号室,3LDK,75,5,115200,5300,2か月,"['近居割', '近居割WIDE']",随時,https://www.ur-net.go.jp/chintai/kanto/tokyo/20_5080_room.html?JKSS=000030401,<li>京王相模原線「京王堀之内」駅 徒歩10～12分</li><li>小田急多摩線「唐木田」駅バス4分 徒歩18～19分</li><li>京王相模原線「南大沢」駅バス11分 徒歩2～3分</li>
tokyo,minamiosawa,多摩ニュータウン 南大沢絹の道一番街,112900,京王相模原線「南大沢」駅,21.0,26.0,京王相模原線「南大沢」駅,11.0,16.0,八王子市鑓水2-81,3号棟,鉄筋コンクリート造,6,N,602号室,2LDK,67,11,105900,7000,2か月,"['近居割', '近居割WIDE']",随時,https://www.ur-net.go.jp/chintai/kanto/tokyo/20_5800_room.html?JKSS=000030602,<li>京王相模原線「南大沢」駅 徒歩21～26分 またはバス8分 徒歩3～8分</li><li>京王相模原線「多摩境」駅 徒歩25～29分</li>
tokyo,minamiosawa,多摩ニュータウン 南大沢絹の道一番街,112900,京王相模原線「多摩境」駅,25.0,29.0,,,,八王子市鑓水2-81,3号棟,鉄筋コンクリート造,6,N,602号室,2LDK,67,11,105900,7000,2か月,"['近居割', '近居割WIDE']",随時,https://www.ur-net.go.jp/chintai/kanto/tokyo/20_5800_room.html?JKSS=000030602,<li>京王相模原線「南大沢」駅 徒歩21～26分 またはバス8分 徒歩3～8分</li><li>京王相模原線「多摩境」駅 徒歩25～29分</li>
tokyo,minamiosawa,多摩ニュータウン 南大沢絹の道一番街,112900,,,,,,,八王子市鑓水2-81,3号棟,鉄筋コンクリート造,6,N,602号室,2LDK,67,11,105900,7000,2か月,"['近居割', '近居割WIDE']",随時,https://www.ur-net.go.jp/chintai/kanto/tokyo/20_5800_room.html?JKSS=000030602,<li>京王相模原線「南大沢」駅 徒歩21～26分 またはバス8分 徒歩3～8分</li><li>京王相模原線「多摩境」駅 徒歩25～29分</li>
tokyo,minamiosawa,多摩ニュータウン ライブ長池 長池公園せせらぎ通り北,114600,京王相模原線「京王堀之内」駅,15.0,18.0,京王相模原線「京王堀之内」駅,12.0,13.0,八王子市別所2-42,3号棟,鉄筋コンクリート造,2,N,204号室,3LDK,79,5,110400,4200,2か月,"['近居割', '近居割WIDE']",随時,https://www.ur-net.go.jp/chintai/kanto/tokyo/20_5060_room.html?JKSS=000030204,<li>京王相模原線「京王堀之内」駅 徒歩15～18分</li><li>京王相模原線「京王堀之内」駅バス8分 徒歩4～5分</li><li>小田急多摩線「唐木田」駅 徒歩22～23分</li>
tokyo,minamiosawa,多摩ニュータウン ライブ長池 長池公園せせらぎ通り北,114600,小田急多摩線「唐木田」駅,22.0,23.0,,,,八王子市別所2-42,3号棟,鉄筋コンクリート造,2,N,204号室,3LDK,79,5,110400,4200,2か月,"['近居割', '近居割WIDE']",随時,https://www.ur-net.go.jp/chintai/kanto/tokyo/20_5060_room.html?JKSS=000030204,<li>京王相模原線「京王堀之内」駅 徒歩15～18分</li><li>京王相模原線「京王堀之内」駅バス8分 徒歩4～5分</li><li>小田急多摩線「唐木田」駅 徒歩22～23分</li>
tokyo,minamiosawa,多摩ニュータウン ライブ長池 長池公園せせらぎ通り北,114600,,,,,,,八王子市別所2-42,3号棟,鉄筋コンクリート造,2,N,204号室,3LDK,79,5,110400,4200,2か月,"['近居割', '近居割WIDE']",随時,https://www.ur-net.go.jp/chintai/kanto/tokyo/20_5060_room.html?JKSS=000030204,<li>京王相模原線「京王堀之内」駅 徒歩15～18分</li><li>京王相模原線「京王堀之内」駅バス8分 徒歩4～5分</li><li>小田急多摩線「唐木田」駅 徒歩22～23分</li>
tokyo,minamiosawa,多摩ニュータウン シティハイツ南大沢,170700,京王相模原線「南大沢」駅,7.0,9.0,,,,八王子市南大沢4-10,7号棟,鉄筋コンクリート造,1,N,106号室,4LDK,108,5,166100,4600,2か月,"['近居割', '近居割WIDE']",随時,https://www.ur-net.go.jp/chintai/kanto/tokyo/20_3770_room.html?JKSS=000070106,<li>京王相模原線「南大沢」駅 徒歩7～9分</li><li>京王相模原線「多摩境」駅 徒歩24～26分</li><li>京王相模原線「京王堀之内」駅 徒歩40～42分</li>
tokyo,minamiosawa,多摩ニュータウン シティハイツ南大沢,170700,京王相模原線「多摩境」駅,24.0,26.0,,,,八王子市南大沢4-10,7号棟,鉄筋コンクリート造,1,N,106号室,4LDK,108,5,166100,4600,2か月,"['近居割', '近居割WIDE']",随時,https://www.ur-net.go.jp/chintai/kanto/tokyo/20_3770_room.html?JKSS=000070106,<li>京王相模原線「南大沢」駅 徒歩7～9分</li><li>京王相模原線「多摩境」駅 徒歩24～26分</li><li>京王相模原線「京王堀之内」駅 徒歩40～42分</li>
tokyo,minamiosawa,多摩ニュータウン シティハイツ南大沢,170700,京王相模原線「京王堀之内」駅,40.0,42.0,,,,八王子市南大沢4-10,7号棟,鉄筋コンクリート造,1,N,106号室,4LDK,108,5,166100,4600,2か月,"['近居割', '近居割WIDE']",随時,https://www.ur-net.go.jp/chintai/kanto/tokyo/20_3770_room.html?JKSS=000070106,<li>京王相模原線「南大沢」駅 徒歩7～9分</li><li>京王相模原線「多摩境」駅 徒歩24～26分</li><li>京王相模原線「京王堀之内」駅 徒歩40～42分</li>
tokyo,minamiosawa,多摩ニュータウン シティハイツ南大沢,170700,,,,,,,八王子市南大沢4-10,7号棟,鉄筋コンクリート造,1,N,106号室,4LDK,108,5,166100,4600,2か月,"['近居割', '近居割WIDE']",随時,https://www.ur-net.go.jp/chintai/kanto/tokyo/20_3770_room.html?JKSS=000070106,<li>京王相模原線「南大沢」駅 徒歩7～9分</li><li>京王相模原線「多摩境」駅 徒歩24～26分</li><li>京王相模原線「京王堀之内」駅 徒歩40～42分</li>
tokyo,minamiosawa,多摩ニュータウン シティハイツ南大沢,181700,京王相模原線「南大沢」駅,7.0,9.0,,,,八王子市南大沢4-10,10号棟,鉄筋コンクリート造,9,N,902号室,3LDK,99,10,176800,4900,2か月,"['近居割', '近居割WIDE']",随時,https://www.ur-net.go.jp/chintai/kanto/tokyo/20_3770_room.html?JKSS=000100902,<li>京王相模原線「南大沢」駅 徒歩7～9分</li><li>京王相模原線「多摩境」駅 徒歩24～26分</li><li>京王相模原線「京王堀之内」駅 徒歩40～42分</li>
tokyo,minamiosawa,多摩ニュータウン シティハイツ南大沢,181700,京王相模原線「多摩境」駅,24.0,26.0,,,,八王子市南大沢4-10,10号棟,鉄筋コンクリート造,9,N,902号室,3LDK,99,10,176800,4900,2か月,"['近居割', '近居割WIDE']",随時,https://www.ur-net.go.jp/chintai/kanto/tokyo/20_3770_room.html?JKSS=000100902,<li>京王相模原線「南大沢」駅 徒歩7～9分</li><li>京王相模原線「多摩境」駅 徒歩24～26分</li><li>京王相模原線「京王堀之内」駅 徒歩40～42分</li>
tokyo,minamiosawa,多摩ニュータウン シティハイツ南大沢,181700,京王相模原線「京王堀之内」駅,40.0,42.0,,,,八王子市南大沢4-10,10号棟,鉄筋コンクリート造,9,N,902号室,3LDK,99,10,176800,4900,2か月,"['近居割', '近居割WIDE']",随時,https://www.ur-net.go.jp/chintai/kanto/tokyo/20_3770_room.html?JKSS=000100902,<li>京王相模原線「南大沢」駅 徒歩7～9分</li><li>京王相模原線「多摩境」駅 徒歩24～26分</li><li>京王相模原線「京王堀之内」駅 徒歩40～42分</li>
tokyo,minamiosawa,多摩ニュータウン シティハイツ南大沢,181700,,,,,,,八王子市南大沢4-10,10号棟,鉄筋コンクリート造,9,N,902号室,3LDK,99,10,176800,4900,2か月,"['近居割', '近居割WIDE']",随時,https://www.ur-net.go.jp/chintai/kanto/tokyo/20_3770_room.html?JKSS=000100902,<li>京王相模原線「南大沢」駅 徒歩7～9分</li><li>京王相模原線「多摩境」駅 徒歩24～26分</li><li>京王相模原線「京王堀之内」駅 徒歩40～42分</li>
tokyo,kumegawa,けやき台,69200,,,,JR中央線「国立」駅,12.0,18.0,立川市若葉町1-13-2,22号棟,鉄筋コンクリート造,4,N,404号室,2DK,45,5,65600,3600,2か月,['URライト'],随時,https://www.ur-net.go.jp/chintai/kanto/tokyo/20_1480_room.html?JKSS=000022404,<li>JR中央線「国立」駅バス11分 徒歩1～7分</li><li>JR中央線「立川」駅バス14分 徒歩1～7分</li><li>多摩都市モノレール「泉体育館」駅 徒歩20～25分</li>
tokyo,kumegawa,けやき台,69200,,,,JR中央線「立川」駅,15.0,21.0,立川市若葉町1-13-2,22号棟,鉄筋コンクリート造,4,N,404号室,2DK,45,5,65600,3600,2か月,['URライト'],随時,https://www.ur-net.go.jp/chintai/kanto/tokyo/20_1480_room.html?JKSS=000022404,<li>JR中央線「国立」駅バス11分 徒歩1～7分</li><li>JR中央線「立川」駅バス14分 徒歩1～7分</li><li>多摩都市モノレール「泉体育館」駅 徒歩20～25分</li>
tokyo,kumegawa,けやき台,69200,多摩都市モノレール「泉体育館」駅,20.0,25.0,,,,立川市若葉町1-13-2,22号棟,鉄筋コンクリート造,4,N,404号室,2DK,45,5,65600,3600,2か月,['URライト'],随時,https://www.ur-net.go.jp/chintai/kanto/tokyo/20_1480_room.html?JKSS=000022404,<li>JR中央線「国立」駅バス11分 徒歩1～7分</li><li>JR中央線「立川」駅バス14分 徒歩1～7分</li><li>多摩都市モノレール「泉体育館」駅 徒歩20～25分</li>
tokyo,kumegawa,けやき台,69200,,,,,,,立川市若葉町1-13-2,22号棟,鉄筋コンクリート造,4,N,404号室,2DK,45,5,65600,3600,2か月,['URライト'],随時,https://www.ur-net.go.jp/chintai/kanto/tokyo/20_1480_room.html?JKSS=000022404,<li>JR中央線「国立」駅バス11分 徒歩1～7分</li><li>JR中央線「立川」駅バス14分 徒歩1～7分</li><li>多摩都市モノレール「泉体育館」駅 徒歩20～25分</li>
tokyo,chofu,神代,84100,京王線「つつじケ丘」駅,7.0,19.0,,,,調布市西つつじヶ丘4-23、狛江市西野川1-25,50号棟,鉄筋コンクリート造,3,N,301号室,2DK,39,5,80300,3800,2か月,['URライト'],随時,https://www.ur-net.go.jp/chintai/kanto/tokyo/20_1320_room.html?JKSS=000050301,<li>京王線「つつじケ丘」駅 徒歩7～19分</li><li>小田急小田原線「成城学園前」駅バス11～15分 徒歩1～5分</li><li>小田急小田原線「狛江」駅バス7～9分 徒歩1～5分</li>
tokyo,chofu,神代,84100,,,,小田急小田原線「成城学園前」駅,12.0,20.0,調布市西つつじヶ丘4-23、狛江市西野川1-25,50号棟,鉄筋コンクリート造,3,N,301号室,2DK,39,5,80300,3800,2か月,['URライト'],随時,https://www.ur-net.go.jp/chintai/kanto/tokyo/20_1320_room.html?JKSS=000050301,<li>京王線「つつじケ丘」駅 徒歩7～19分</li><li>小田急小田原線「成城学園前」駅バス11～15分 徒歩1～5分</li><li>小田急小田原線「狛江」駅バス7～9分 徒歩1～5分</li>
tokyo,chofu,神代,84100,,,,小田急小田原線「狛江」駅,8.0,14.0,調布市西つつじヶ丘4-23、狛江市西野川1-25,50号棟,鉄筋コンクリート造,3,N,301号室,2DK,39,5,80300,3800,2か月,['URライト'],随時,https://www.ur-net.go.jp/chintai/kanto/tokyo/20_1320_room.html?JKSS=000050301,<li>京王線「つつじケ丘」駅 徒歩7～19分</li><li>小田急小田原線「成城学園前」駅バス11～15分 徒歩1～5分</li><li>小田急小田原線「狛江」駅バス7～9分 徒歩1～5分</li>
tokyo,chofu,神代,84100,,,,,,,調布市西つつじヶ丘4-23、狛江市西野川1-25,50号棟,鉄筋コンクリート造,3,N,301号室,2DK,39,5,80300,3800,2か月,['URライト'],随時,https://www.ur-net.go.jp/chintai/kanto/tokyo/20_1320_room.html?JKSS=000050301,<li>京王線「つつじケ丘」駅 徒歩7～19分</li><li>小田急小田原線「成城学園前」駅バス11～15分 徒歩1～5分</li><li>小田急小田原線「狛江」駅バス7～9分 徒歩1～5分</li>
tokyo,chofu,神代,85300,京王線「つつじケ丘」駅,7.0,19.0,,,,調布市西つつじヶ丘4-23、狛江市西野川1-25,14号棟,鉄筋コンクリート造,2,N,203号室,2DK,40,5,81500,3800,2か月,['URライト'],随時,https://www.ur-net.go.jp/chintai/kanto/tokyo/20_1320_room.html?JKSS=000014203,<li>京王線「つつじケ丘」駅 徒歩7～19分</li><li>小田急小田原線「成城学園前」駅バス11～15分 徒歩1～5分</li><li>小田急小田原線「狛江」駅バス7～9分 徒歩1～5分</li>
tokyo,chofu,神代,85300,,,,小田急小田原線「成城学園前」駅,12.0,20.0,調布市西つつじヶ丘4-23、狛江市西野川1-25,14号棟,鉄筋コンクリート造,2,N,203号室,2DK,40,5,81500,3800,2か月,['URライト'],随時,https://www.ur-net.go.jp/chintai/kanto/tokyo/20_1320_room.html?JKSS=000014203,<li>京王線「つつじケ丘」駅 徒歩7～19分</li><li>小田急小田原線「成城学園前」駅バス11～15分 徒歩1～5分</li><li>小田急小田原線「狛江」駅バス7～9分 徒歩1～5分</li>
tokyo,chofu,神代,85300,,,,小田急小田原線「狛江」駅,8.0,14.0,調布市西つつじヶ丘4-23、狛江市西野川1-25,14号棟,鉄筋コンクリート造,2,N,203号室,2DK,40,5,81500,3800,2か月,['URライト'],随時,https://www.ur-net.go.jp/chintai/kanto/tokyo/20_1320_room.html?JKSS=000014203,<li>京王線「つつじケ丘」駅 徒歩7～19分</li><li>小田急小田原線「成城学園前」駅バス11～15分 徒歩1～5分</li><li>小田急小田原線「狛江」駅バス7～9分 徒歩1～5分</li>
tokyo,chofu,神代,85300,,,,,,,調布市西つつじヶ丘4-23、狛江市西野川1-25,14号棟,鉄筋コンクリート造,2,N,203号室,2DK,40,5,81500,3800,2か月,['URライト'],随時,https://www.ur-net.go.jp/chintai/kanto/tokyo/20_1320_room.html?JKSS=000014203,<li>京王線「つつじケ丘」駅 徒歩7～19分</li><li>小田急小田原線「成城学園前」駅バス11～15分 徒歩1～5分</li><li>小田急小田原線「狛江」駅バス7～9分 徒歩1～5分</li>
tokyo,chofu,神代（59号棟）,159100,京王線「つつじヶ丘」駅,15.0,15.0,,,,調布市西つつじヶ丘4-23,59号棟,鉄筋コンクリート造,3,N,308号室,2LDK,66,8,152800,6300,2か月,[],随時,https://www.ur-net.go.jp/chintai/kanto/tokyo/20_4170_room.html?JKSS=000059308,<li>京王線「つつじヶ丘」駅 徒歩15分</li><li>小田急小田原線「成城学園前」駅バス14分「神代団地中央」徒歩10分</li>
tokyo,chofu,神代（59号棟）,159100,,,,小田急小田原線「成城学園前」駅,24.0,24.0,調布市西つつじヶ丘4-23,59号棟,鉄筋コンクリート造,3,N,308号室,2LDK,66,8,152800,6300,2か月,[],随時,https://www.ur-net.go.jp/chintai/kanto/tokyo/20_4170_room.html?JKSS=000059308,<li>京王線「つつじヶ丘」駅 徒歩15分</li><li>小田急小田原線「成城学園前」駅バス14分「神代団地中央」徒歩10分</li>
tokyo,chofu,神代（59号棟）,159100,,,,,,,調布市西つつじヶ丘4-23,59号棟,鉄筋コンクリート造,3,N,308号室,2LDK,66,8,152800,6300,2か月,[],随時,https://www.ur-net.go.jp/chintai/kanto/tokyo/20_4170_room.html?JKSS=000059308,<li>京王線「つつじヶ丘」駅 徒歩15分</li><li>小田急小田原線「成城学園前」駅バス14分「神代団地中央」徒歩10分</li>
tokyo,chofu,シティハイツ調布小島町,165600,京王線「調布」駅,11.0,13.0,,,,調布市小島町3-51-2,6号棟,鉄筋コンクリート造,1,N,104号室,3DK,65,3,160900,4700,2か月,['近居割'],随時,https://www.ur-net.go.jp/chintai/kanto/tokyo/20_5160_room.html?JKSS=000060104,<li>京王線「調布」駅 徒歩11～13分</li><li>京王相模原線「京王多摩川」駅 徒歩6～7分</li><li>京王線「布田」駅 徒歩19～20分</li>
tokyo,chofu,シティハイツ調布小島町,165600,京王相模原線「京王多摩川」駅,6.0,7.0,,,,調布市小島町3-51-2,6号棟,鉄筋コンクリート造,1,N,104号室,3DK,65,3,160900,4700,2か月,['近居割'],随時,https://www.ur-net.go.jp/chintai/kanto/tokyo/20_5160_room.html?JKSS=000060104,<li>京王線「調布」駅 徒歩11～13分</li><li>京王相模原線「京王多摩川」駅 徒歩6～7分</li><li>京王線「布田」駅 徒歩19～20分</li>
tokyo,chofu,シティハイツ調布小島町,165600,京王線「布田」駅,19.0,20.0,,,,調布市小島町3-51-2,6号棟,鉄筋コンクリート造,1,N,104号室,3DK,65,3,160900,4700,2か月,['近居割'],随時,https://www.ur-net.go.jp/chintai/kanto/tokyo/20_5160_room.html?JKSS=000060104,<li>京王線「調布」駅 徒歩11～13分</li><li>京王相模原線「京王多摩川」駅 徒歩6～7分</li><li>京王線「布田」駅 徒歩19～20分</li>
tokyo,chofu,シティハイツ調布小島町,165600,,,,,,,調布市小島町3-51-2,6号棟,鉄筋コンクリート造,1,N,104号室,3DK,65,3,160900,4700,2か月,['近居割'],随時,https://www.ur-net.go.jp/chintai/kanto/tokyo/20_5160_room.html?JKSS=000060104,<li>京王線「調布」駅 徒歩11～13分</li><li>京王相模原線「京王多摩川」駅 徒歩6～7分</li><li>京王線「布田」駅 徒歩19～20分</li>
tokyo,chofu,ココスクエア国領,194200,京王線「国領」駅,1.0,1.0,,,,調布市国領町3-1-38,,鉄骨鉄筋コンクリート造,11,N,1105号室,2LDK,64,16,185700,8500,2か月,['近居割'],随時,https://www.ur-net.go.jp/chintai/kanto/tokyo/20_6300_room.html?JKSS=000001105,<li>京王線「国領」駅 徒歩1分</li>
tokyo,chofu,ココスクエア国領,194200,,,,,,,調布市国領町3-1-38,,鉄骨鉄筋コンクリート造,11,N,1105号室,2LDK,64,16,185700,8500,2か月,['近居割'],随時,https://www.ur-net.go.jp/chintai/kanto/tokyo/20_6300_room.html?JKSS=000001105,<li>京王線「国領」駅 徒歩1分</li>
tokyo,machidayamasaki,町田山崎,59900,,,,JR横浜線・小田急小田原線「町田」駅,17.0,32.0,町田市山崎町2130ほか,7-11号棟,鉄筋コンクリート造,5,N,503号室,2DK,45,5,55900,4000,2か月,"['近居割', '近居割WIDE']",随時,https://www.ur-net.go.jp/chintai/kanto/tokyo/20_1670_room.html?JKSS=000711503,<li>JR横浜線・小田急小田原線「町田」駅バス16～24分 徒歩1～8分</li><li>JR横浜線「古淵」駅バス11～17分 徒歩1～8分</li>
tokyo,machidayamasaki,町田山崎,59900,,,,JR横浜線「古淵」駅,12.0,25.0,町田市山崎町2130ほか,7-11号棟,鉄筋コンクリート造,5,N,503号室,2DK,45,5,55900,4000,2か月,"['近居割', '近居割WIDE']",随時,https://www.ur-net.go.jp/chintai/kanto/tokyo/20_1670_room.html?JKSS=000711503,<li>JR横浜線・小田急小田原線「町田」駅バス16～24分 徒歩1～8分</li><li>JR横浜線「古淵」駅バス11～17分 徒歩1～8分</li>
tokyo,machidayamasaki,町田山崎,59900,,,,,,,町田市山崎町2130ほか,7-11号棟,鉄筋コンクリート造,5,N,503号室,2DK,45,5,55900,4000,2か月,"['近居割', '近居割WIDE']",随時,https://www.ur-net.go.jp/chintai/kanto/tokyo/20_1670_room.html?JKSS=000711503,<li>JR横浜線・小田急小田原線「町田」駅バス16～24分 徒歩1～8分</li><li>JR横浜線「古淵」駅バス11～17分 徒歩1～8分</li>
tokyo,machidayamasaki,町田山崎,67000,,,,JR横浜線・小田急小田原線「町田」駅,17.0,32.0,町田市山崎町2130ほか,6-5号棟,鉄筋コンクリート造,5,N,504号室,3DK,56,5,63000,4000,2か月,"['近居割', '近居割WIDE']",随時,https://www.ur-net.go.jp/chintai/kanto/tokyo/20_1670_room.html?JKSS=000605504,<li>JR横浜線・小田急小田原線「町田」駅バス16～24分 徒歩1～8分</li><li>JR横浜線「古淵」駅バス11～17分 徒歩1～8分</li>
tokyo,machidayamasaki,町田山崎,67000,,,,JR横浜線「古淵」駅,12.0,25.0,町田市山崎町2130ほか,6-5号棟,鉄筋コンクリート造,5,N,504号室,3DK,56,5,63000,4000,2か月,"['近居割', '近居割WIDE']",随時,https://www.ur-net.go.jp/chintai/kanto/tokyo/20_1670_room.html?JKSS=000605504,<li>JR横浜線・小田急小田原線「町田」駅バス16～24分 徒歩1～8分</li><li>JR横浜線「古淵」駅バス11～17分 徒歩1～8分</li>
tokyo,machidayamasaki,町田山崎,67000,,,,,,,町田市山崎町2130ほか,6-5号棟,鉄筋コンクリート造,5,N,504号室,3DK,56,5,63000,4000,2か月,"['近居割', '近居割WIDE']",随時,https://www.ur-net.go.jp/chintai/kanto/tokyo/20_1670_room.html?JKSS=000605504,<li>JR横浜線・小田急小田原線「町田」駅バス16～24分 徒歩1～8分</li><li>JR横浜線「古淵」駅バス11～17分 徒歩1～8分</li>
tokyo,machidayamasaki,町田山崎,68900,,,,JR横浜線・小田急小田原線「町田」駅,17.0,32.0,町田市山崎町2130ほか,5-8号棟,鉄筋コンクリート造,5,N,501号室,3DK,56,5,64900,4000,2か月,"['近居割', '近居割WIDE']",随時,https://www.ur-net.go.jp/chintai/kanto/tokyo/20_1670_room.html?JKSS=000508501,<li>JR横浜線・小田急小田原線「町田」駅バス16～24分 徒歩1～8分</li><li>JR横浜線「古淵」駅バス11～17分 徒歩1～8分</li>
tokyo,machidayamasaki,町田山崎,68900,,,,JR横浜線「古淵」駅,12.0,25.0,町田市山崎町2130ほか,5-8号棟,鉄筋コンクリート造,5,N,501号室,3DK,56,5,64900,4000,2か月,"['近居割', '近居割WIDE']",随時,https://www.ur-net.go.jp/chintai/kanto/tokyo/20_1670_room.html?JKSS=000508501,<li>JR横浜線・小田急小田原線「町田」駅バス16～24分 徒歩1～8分</li><li>JR横浜線「古淵」駅バス11～17分 徒歩1～8分</li>
tokyo,machidayamasaki,町田山崎,68900,,,,,,,町田市山崎町2130ほか,5-8号棟,鉄筋コンクリート造,5,N,501号室,3DK,56,5,64900,4000,2か月,"['近居割', '近居割WIDE']",随時,https://www.ur-net.go.jp/chintai/kanto/tokyo/20_1670_room.html?JKSS=000508501,<li>JR横浜線・小田急小田原線「町田」駅バス16～24分 徒歩1～8分</li><li>JR横浜線「古淵」駅バス11～17分 徒歩1～8分</li>
tokyo,machidayamasaki,町田山崎,69800,,,,JR横浜線・小田急小田原線「町田」駅,17.0,32.0,町田市山崎町2130ほか,6-5号棟,鉄筋コンクリート造,4,N,407号室,3DK,56,5,65800,4000,2か月,"['近居割', '近居割WIDE']",随時,https://www.ur-net.go.jp/chintai/kanto/tokyo/20_1670_room.html?JKSS=000605407,<li>JR横浜線・小田急小田原線「町田」駅バス16～24分 徒歩1～8分</li><li>JR横浜線「古淵」駅バス11～17分 徒歩1～8分</li>
tokyo,machidayamasaki,町田山崎,69800,,,,JR横浜線「古淵」駅,12.0,25.0,町田市山崎町2130ほか,6-5号棟,鉄筋コンクリート造,4,N,407号室,3DK,56,5,65800,4000,2か月,"['近居割', '近居割WIDE']",随時,https://www.ur-net.go.jp/chintai/kanto/tokyo/20_1670_room.html?JKSS=000605407,<li>JR横浜線・小田急小田原線「町田」駅バス16～24分 徒歩1～8分</li><li>JR横浜線「古淵」駅バス11～17分 徒歩1～8分</li>
tokyo,machidayamasaki,町田山崎,69800,,,,,,,町田市山崎町2130ほか,6-5号棟,鉄筋コンクリート造,4,N,407号室,3DK,56,5,65800,4000,2か月,"['近居割', '近居割WIDE']",随時,https://www.ur-net.go.jp/chintai/kanto/tokyo/20_1670_room.html?JKSS=000605407,<li>JR横浜線・小田急小田原線「町田」駅バス16～24分 徒歩1～8分</li><li>JR横浜線「古淵」駅バス11～17分 徒歩1～8分</li>
tokyo,machidayamasaki,町田山崎,70400,,,,JR横浜線・小田急小田原線「町田」駅,17.0,32.0,町田市山崎町2130ほか,4-17号棟,鉄筋コンクリート造,4,N,401号室,3DK,56,5,66400,4000,2か月,"['近居割', '近居割WIDE']",随時,https://www.ur-net.go.jp/chintai/kanto/tokyo/20_1670_room.html?JKSS=000417401,<li>JR横浜線・小田急小田原線「町田」駅バス16～24分 徒歩1～8分</li><li>JR横浜線「古淵」駅バス11～17分 徒歩1～8分</li>
tokyo,machidayamasaki,町田山崎,70400,,,,JR横浜線「古淵」駅,12.0,25.0,町田市山崎町2130ほか,4-17号棟,鉄筋コンクリート造,4,N,401号室,3DK,56,5,66400,4000,2か月,"['近居割', '近居割WIDE']",随時,https://www.ur-net.go.jp/chintai/kanto/tokyo/20_1670_room.html?JKSS=000417401,<li>JR横浜線・小田急小田原線「町田」駅バス16～24分 徒歩1～8分</li><li>JR横浜線「古淵」駅バス11～17分 徒歩1～8分</li>
tokyo,machidayamasaki,町田山崎,70400,,,,,,,町田市山崎町2130ほか,4-17号棟,鉄筋コンクリート造,4,N,401号室,3DK,56,5,66400,4000,2か月,"['近居割', '近居割WIDE']",随時,https://www.ur-net.go.jp/chintai/kanto/tokyo/20_1670_room.html?JKSS=000417401,<li>JR横浜線・小田急小田原線「町田」駅バス16～24分 徒歩1～8分</li><li>JR横浜線「古淵」駅バス11～17分 徒歩1～8分</li>
tokyo,machidayamasaki,鶴川,61700,,,,小田急小田原線「鶴川」駅,6.0,16.0,町田市鶴川5ほか,4-6号棟,鉄筋コンクリート造,5,N,507号室,3K,45,5,58000,3700,2か月,['近居割WIDE'],随時,https://www.ur-net.go.jp/chintai/kanto/tokyo/20_1630_room.html?JKSS=000406507,<li>小田急小田原線「鶴川」駅バス5分 徒歩1～11分</li><li>小田急多摩線「黒川」駅バス13分 徒歩1～11分</li><li>京王相模原線「京王多摩センター」駅バス24分 徒歩7～14分</li>
tokyo,machidayamasaki,鶴川,61700,,,,小田急多摩線「黒川」駅,14.0,24.0,町田市鶴川5ほか,4-6号棟,鉄筋コンクリート造,5,N,507号室,3K,45,5,58000,3700,2か月,['近居割WIDE'],随時,https://www.ur-net.go.jp/chintai/kanto/tokyo/20_1630_room.html?JKSS=000406507,<li>小田急小田原線「鶴川」駅バス5分 徒歩1～11分</li><li>小田急多摩線「黒川」駅バス13分 徒歩1～11分</li><li>京王相模原線「京王多摩センター」駅バス24分 徒歩7～14分</li>
tokyo,machidayamasaki,鶴川,61700,,,,京王相模原線「京王多摩センター」駅,31.0,38.0,町田市鶴川5ほか,4-6号棟,鉄筋コンクリート造,5,N,507号室,3K,45,5,58000,3700,2か月,['近居割WIDE'],随時,https://www.ur-net.go.jp/chintai/kanto/tokyo/20_1630_room.html?JKSS=000406507,<li>小田急小田原線「鶴川」駅バス5分 徒歩1～11分</li><li>小田急多摩線「黒川」駅バス13分 徒歩1～11分</li><li>京王相模原線「京王多摩センター」駅バス24分 徒歩7～14分</li>
tokyo,machidayamasaki,鶴川,61700,,,,,,,町田市鶴川5ほか,4-6号棟,鉄筋コンクリート造,5,N,507号室,3K,45,5,58000,3700,2か月,['近居割WIDE'],随時,https://www.ur-net.go.jp/chintai/kanto/tokyo/20_1630_room.html?JKSS=000406507,<li>小田急小田原線「鶴川」駅バス5分 徒歩1～11分</li><li>小田急多摩線「黒川」駅バス13分 徒歩1～11分</li><li>京王相模原線「京王多摩センター」駅バス24分 徒歩7～14分</li>
tokyo,machidayamasaki,鶴川,61700,,,,小田急小田原線「鶴川」駅,6.0,16.0,町田市鶴川5ほか,4-6号棟,鉄筋コンクリート造,5,N,508号室,3K,45,5,58000,3700,2か月,['URライト（4年定借）'],随時,https://www.ur-net.go.jp/chintai/kanto/tokyo/20_1630_room.html?JKSS=000406508,<li>小田急小田原線「鶴川」駅バス5分 徒歩1～11分</li><li>小田急多摩線「黒川」駅バス13分 徒歩1～11分</li><li>京王相模原線「京王多摩センター」駅バス24分 徒歩7～14分</li>
tokyo,machidayamasaki,鶴川,61700,,,,小田急多摩線「黒川」駅,14.0,24.0,町田市鶴川5ほか,4-6号棟,鉄筋コンクリート造,5,N,508号室,3K,45,5,58000,3700,2か月,['URライト（4年定借）'],随時,https://www.ur-net.go.jp/chintai/kanto/tokyo/20_1630_room.html?JKSS=000406508,<li>小田急小田原線「鶴川」駅バス5分 徒歩1～11分</li><li>小田急多摩線「黒川」駅バス13分 徒歩1～11分</li><li>京王相模原線「京王多摩センター」駅バス24分 徒歩7～14分</li>
tokyo,machidayamasaki,鶴川,61700,,,,京王相模原線「京王多摩センター」駅,31.0,38.0,町田市鶴川5ほか,4-6号棟,鉄筋コンクリート造,5,N,508号室,3K,45,5,58000,3700,2か月,['URライト（4年定借）'],随時,https://www.ur-net.go.jp/chintai/kanto/tokyo/20_1630_room.html?JKSS=000406508,<li>小田急小田原線「鶴川」駅バス5分 徒歩1～11分</li><li>小田急多摩線「黒川」駅バス13分 徒歩1～11分</li><li>京王相模原線「京王多摩センター」駅バス24分 徒歩7～14分</li>
tokyo,machidayamasaki,鶴川,61700,,,,,,,町田市鶴川5ほか,4-6号棟,鉄筋コンクリート造,5,N,508号室,3K,45,5,58000,3700,2か月,['URライト（4年定借）'],随時,https://www.ur-net.go.jp/chintai/kanto/tokyo/20_1630_room.html?JKSS=000406508,<li>小田急小田原線「鶴川」駅バス5分 徒歩1～11分</li><li>小田急多摩線「黒川」駅バス13分 徒歩1～11分</li><li>京王相模原線「京王多摩センター」駅バス24分 徒歩7～14分</li>
tokyo,machidayamasaki,鶴川,64300,,,,小田急小田原線「鶴川」駅,6.0,16.0,町田市鶴川5ほか,2-3号棟,鉄筋コンクリート造,4,N,402号室,3K,45,5,60600,3700,2か月,['URライト（4年定借）'],随時,https://www.ur-net.go.jp/chintai/kanto/tokyo/20_1630_room.html?JKSS=000203402,<li>小田急小田原線「鶴川」駅バス5分 徒歩1～11分</li><li>小田急多摩線「黒川」駅バス13分 徒歩1～11分</li><li>京王相模原線「京王多摩センター」駅バス24分 徒歩7～14分</li>
tokyo,machidayamasaki,鶴川,64300,,,,小田急多摩線「黒川」駅,14.0,24.0,町田市鶴川5ほか,2-3号棟,鉄筋コンクリート造,4,N,402号室,3K,45,5,60600,3700,2か月,['URライト（4年定借）'],随時,https://www.ur-net.go.jp/chintai/kanto/tokyo/20_1630_room.html?JKSS=000203402,<li>小田急小田原線「鶴川」駅バス5分 徒歩1～11分</li><li>小田急多摩線「黒川」駅バス13分 徒歩1～11分</li><li>京王相模原線「京王多摩センター」駅バス24分 徒歩7～14分</li>
tokyo,machidayamasaki,鶴川,64300,,,,京王相模原線「京王多摩センター」駅,31.0,38.0,町田市鶴川5ほか,2-3号棟,鉄筋コンクリート造,4,N,402号室,3K,45,5,60600,3700,2か月,['URライト（4年定借）'],随時,https://www.ur-net.go.jp/chintai/kanto/tokyo/20_1630_room.html?JKSS=000203402,<li>小田急小田原線「鶴川」駅バス5分 徒歩1～11分</li><li>小田急多摩線「黒川」駅バス13分 徒歩1～11分</li><li>京王相模原線「京王多摩センター」駅バス24分 徒歩7～14分</li>
tokyo,machidayamasaki,鶴川,64300,,,,,,,町田市鶴川5ほか,2-3号棟,鉄筋コンクリート造,4,N,402号室,3K,45,5,60600,3700,2か月,['URライト（4年定借）'],随時,https://www.ur-net.go.jp/chintai/kanto/tokyo/20_1630_room.html?JKSS=000203402,<li>小田急小田原線「鶴川」駅バス5分 徒歩1～11分</li><li>小田急多摩線「黒川」駅バス13分 徒歩1～11分</li><li>京王相模原線「京王多摩センター」駅バス24分 徒歩7～14分</li>
tokyo,machidayamasaki,鶴川,67600,,,,小田急小田原線「鶴川」駅,6.0,16.0,町田市鶴川5ほか,1-1号棟,鉄筋コンクリート造,5,N,507号室,3DK,50,5,63900,3700,2か月,['URライト（4年定借）'],随時,https://www.ur-net.go.jp/chintai/kanto/tokyo/20_1630_room.html?JKSS=000101507,<li>小田急小田原線「鶴川」駅バス5分 徒歩1～11分</li><li>小田急多摩線「黒川」駅バス13分 徒歩1～11分</li><li>京王相模原線「京王多摩センター」駅バス24分 徒歩7～14分</li>
tokyo,machidayamasaki,鶴川,67600,,,,小田急多摩線「黒川」駅,14.0,24.0,町田市鶴川5ほか,1-1号棟,鉄筋コンクリート造,5,N,507号室,3DK,50,5,63900,3700,2か月,['URライト（4年定借）'],随時,https://www.ur-net.go.jp/chintai/kanto/tokyo/20_1630_room.html?JKSS=000101507,<li>小田急小田原線「鶴川」駅バス5分 徒歩1～11分</li><li>小田急多摩線「黒川」駅バス13分 徒歩1～11分</li><li>京王相模原線「京王多摩センター」駅バス24分 徒歩7～14分</li>
tokyo,machidayamasaki,鶴川,67600,,,,京王相模原線「京王多摩センター」駅,31.0,38.0,町田市鶴川5ほか,1-1号棟,鉄筋コンクリート造,5,N,507号室,3DK,50,5,63900,3700,2か月,['URライト（4年定借）'],随時,https://www.ur-net.go.jp/chintai/kanto/tokyo/20_1630_room.html?JKSS=000101507,<li>小田急小田原線「鶴川」駅バス5分 徒歩1～11分</li><li>小田急多摩線「黒川」駅バス13分 徒歩1～11分</li><li>京王相模原線「京王多摩センター」駅バス24分 徒歩7～14分</li>
tokyo,machidayamasaki,鶴川,67600,,,,,,,町田市鶴川5ほか,1-1号棟,鉄筋コンクリート造,5,N,507号室,3DK,50,5,63900,3700,2か月,['URライト（4年定借）'],随時,https://www.ur-net.go.jp/chintai/kanto/tokyo/20_1630_room.html?JKSS=000101507,<li>小田急小田原線「鶴川」駅バス5分 徒歩1～11分</li><li>小田急多摩線「黒川」駅バス13分 徒歩1～11分</li><li>京王相模原線「京王多摩センター」駅バス24分 徒歩7～14分</li>
tokyo,machidayamasaki,鶴川,67600,,,,小田急小田原線「鶴川」駅,6.0,16.0,町田市鶴川5ほか,2-7号棟,鉄筋コンクリート造,5,N,506号室,2LDK,50,5,63900,3700,2か月,['近居割WIDE'],随時,https://www.ur-net.go.jp/chintai/kanto/tokyo/20_1630_room.html?JKSS=000207506,<li>小田急小田原線「鶴川」駅バス5分 徒歩1～11分</li><li>小田急多摩線「黒川」駅バス13分 徒歩1～11分</li><li>京王相模原線「京王多摩センター」駅バス24分 徒歩7～14分</li>
tokyo,machidayamasaki,鶴川,67600,,,,小田急多摩線「黒川」駅,14.0,24.0,町田市鶴川5ほか,2-7号棟,鉄筋コンクリート造,5,N,506号室,2LDK,50,5,63900,3700,2か月,['近居割WIDE'],随時,https://www.ur-net.go.jp/chintai/kanto/tokyo/20_1630_room.html?JKSS=000207506,<li>小田急小田原線「鶴川」駅バス5分 徒歩1～11分</li><li>小田急多摩線「黒川」駅バス13分 徒歩1～11分</li><li>京王相模原線「京王多摩センター」駅バス24分 徒歩7～14分</li>
tokyo,machidayamasaki,鶴川,67600,,,,京王相模原線「京王多摩センター」駅,31.0,38.0,町田市鶴川5ほか,2-7号棟,鉄筋コンクリート造,5,N,506号室,2LDK,50,5,63900,3700,2か月,['近居割WIDE'],随時,https://www.ur-net.go.jp/chintai/kanto/tokyo/20_1630_room.html?JKSS=000207506,<li>小田急小田原線「鶴川」駅バス5分 徒歩1～11分</li><li>小田急多摩線「黒川」駅バス13分 徒歩1～11分</li><li>京王相模原線「京王多摩センター」駅バス24分 徒歩7～14分</li>
tokyo,machidayamasaki,鶴川,67600,,,,,,,町田市鶴川5ほか,2-7号棟,鉄筋コンクリート造,5,N,506号室,2LDK,50,5,63900,3700,2か月,['近居割WIDE'],随時,https://www.ur-net.go.jp/chintai/kanto/tokyo/20_1630_room.html?JKSS=000207506,<li>小田急小田原線「鶴川」駅バス5分 徒歩1～11分</li><li>小田急多摩線「黒川」駅バス13分 徒歩1～11分</li><li>京王相模原線「京王多摩センター」駅バス24分 徒歩7～14分</li>
tokyo,machidayamasaki,藤の台,65200,,,,JR横浜線「町田」駅,20.0,27.0,町田市藤の台1-1ほか,3-12号棟,鉄筋コンクリート造,4,N,401号室,3DK,56,5,62200,3000,2か月,"['近居割', '近居割WIDE']",随時,https://www.ur-net.go.jp/chintai/kanto/tokyo/20_1930_room.html?JKSS=003012401,<li>JR横浜線「町田」駅バス18分 徒歩2～9分</li><li>JR横浜線「古淵」駅バス16分 徒歩2～9分</li><li>小田急小田原線「鶴川」駅バス18分 徒歩2～9分</li>
tokyo,machidayamasaki,藤の台,65200,,,,JR横浜線「古淵」駅,18.0,25.0,町田市藤の台1-1ほか,3-12号棟,鉄筋コンクリート造,4,N,401号室,3DK,56,5,62200,3000,2か月,"['近居割', '近居割WIDE']",随時,https://www.ur-net.go.jp/chintai/kanto/tokyo/20_1930_room.html?JKSS=003012401,<li>JR横浜線「町田」駅バス18分 徒歩2～9分</li><li>JR横浜線「古淵」駅バス16分 徒歩2～9分</li><li>小田急小田原線「鶴川」駅バス18分 徒歩2～9分</li>
tokyo,machidayamasaki,藤の台,65200,,,,小田急小田原線「鶴川」駅,20.0,27.0,町田市藤の台1-1ほか,3-12号棟,鉄筋コンクリート造,4,N,401号室,3DK,56,5,62200,3000,2か月,"['近居割', '近居割WIDE']",随時,https://www.ur-net.go.jp/chintai/kanto/tokyo/20_1930_room.html?JKSS=003012401,<li>JR横浜線「町田」駅バス18分 徒歩2～9分</li><li>JR横浜線「古淵」駅バス16分 徒歩2～9分</li><li>小田急小田原線「鶴川」駅バス18分 徒歩2～9分</li>
tokyo,machidayamasaki,藤の台,65200,,,,,,,町田市藤の台1-1ほか,3-12号棟,鉄筋コンクリート造,4,N,401号室,3DK,56,5,62200,3000,2か月,"['近居割', '近居割WIDE']",随時,https://www.ur-net.go.jp/chintai/kanto/tokyo/20_1930_room.html?JKSS=003012401,<li>JR横浜線「町田」駅バス18分 徒歩2～9分</li><li>JR横浜線「古淵」駅バス16分 徒歩2～9分</li><li>小田急小田原線「鶴川」駅バス18分 徒歩2～9分</li>
tokyo,machidayamasaki,藤の台,69100,,,,JR横浜線「町田」駅,20.0,27.0,町田市藤の台1-1ほか,3-12号棟,鉄筋コンクリート造,3,N,301号室,3DK,56,5,66100,3000,2か月,"['近居割', '近居割WIDE']",随時,https://www.ur-net.go.jp/chintai/kanto/tokyo/20_1930_room.html?JKSS=003012301,<li>JR横浜線「町田」駅バス18分 徒歩2～9分</li><li>JR横浜線「古淵」駅バス16分 徒歩2～9分</li><li>小田急小田原線「鶴川」駅バス18分 徒歩2～9分</li>
tokyo,machidayamasaki,藤の台,69100,,,,JR横浜線「古淵」駅,18.0,25.0,町田市藤の台1-1ほか,3-12号棟,鉄筋コンクリート造,3,N,301号室,3DK,56,5,66100,3000,2か月,"['近居割', '近居割WIDE']",随時,https://www.ur-net.go.jp/chintai/kanto/tokyo/20_1930_room.html?JKSS=003012301,<li>JR横浜線「町田」駅バス18分 徒歩2～9分</li><li>JR横浜線「古淵」駅バス16分 徒歩2～9分</li><li>小田急小田原線「鶴川」駅バス18分 徒歩2～9分</li>
tokyo,machidayamasaki,藤の台,69100,,,,小田急小田原線「鶴川」駅,20.0,27.0,町田市藤の台1-1ほか,3-12号棟,鉄筋コンクリート造,3,N,301号室,3DK,56,5,66100,3000,2か月,"['近居割', '近居割WIDE']",随時,https://www.ur-net.go.jp/chintai/kanto/tokyo/20_1930_room.html?JKSS=003012301,<li>JR横浜線「町田」駅バス18分 徒歩2～9分</li><li>JR横浜線「古淵」駅バス16分 徒歩2～9分</li><li>小田急小田原線「鶴川」駅バス18分 徒歩2～9分</li>
tokyo,machidayamasaki,藤の台,69100,,,,,,,町田市藤の台1-1ほか,3-12号棟,鉄筋コンクリート造,3,N,301号室,3DK,56,5,66100,3000,2か月,"['近居割', '近居割WIDE']",随時,https://www.ur-net.go.jp/chintai/kanto/tokyo/20_1930_room.html?JKSS=003012301,<li>JR横浜線「町田」駅バス18分 徒歩2～9分</li><li>JR横浜線「古淵」駅バス16分 徒歩2～9分</li><li>小田急小田原線「鶴川」駅バス18分 徒歩2～9分</li>
tokyo,machidayamasaki,藤の台,69500,,,,JR横浜線「町田」駅,20.0,27.0,町田市藤の台1-1ほか,1-33号棟,鉄筋コンクリート造,3,N,302号室,3DK,56,5,66500,3000,2か月,"['近居割', '近居割WIDE']",随時,https://www.ur-net.go.jp/chintai/kanto/tokyo/20_1930_room.html?JKSS=001033302,<li>JR横浜線「町田」駅バス18分 徒歩2～9分</li><li>JR横浜線「古淵」駅バス16分 徒歩2～9分</li><li>小田急小田原線「鶴川」駅バス18分 徒歩2～9分</li>
tokyo,machidayamasaki,藤の台,69500,,,,JR横浜線「古淵」駅,18.0,25.0,町田市藤の台1-1ほか,1-33号棟,鉄筋コンクリート造,3,N,302号室,3DK,56,5,66500,3000,2か月,"['近居割', '近居割WIDE']",随時,https://www.ur-net.go.jp/chintai/kanto/tokyo/20_1930_room.html?JKSS=001033302,<li>JR横浜線「町田」駅バス18分 徒歩2～9分</li><li>JR横浜線「古淵」駅バス16分 徒歩2～9分</li><li>小田急小田原線「鶴川」駅バス18分 徒歩2～9分</li>
tokyo,machidayamasaki,藤の台,69500,,,,小田急小田原線「鶴川」駅,20.0,27.0,町田市藤の台1-1ほか,1-33号棟,鉄筋コンクリート造,3,N,302号室,3DK,56,5,66500,3000,2か月,"['近居割', '近居割WIDE']",随時,https://www.ur-net.go.jp/chintai/kanto/tokyo/20_1930_room.html?JKSS=001033302,<li>JR横浜線「町田」駅バス18分 徒歩2～9分</li><li>JR横浜線「古淵」駅バス16分 徒歩2～9分</li><li>小田急小田原線「鶴川」駅バス18分 徒歩2～9分</li>
tokyo,machidayamasaki,藤の台,69500,,,,,,,町田市藤の台1-1ほか,1-33号棟,鉄筋コンクリート造,3,N,302号室,3DK,56,5,66500,3000,2か月,"['近居割', '近居割WIDE']",随時,https://www.ur-net.go.jp/chintai/kanto/tokyo/20_1930_room.html?JKSS=001033302,<li>JR横浜線「町田」駅バス18分 徒歩2～9分</li><li>JR横浜線「古淵」駅バス16分 徒歩2～9分</li><li>小田急小田原線「鶴川」駅バス18分 徒歩2～9分</li>
tokyo,machidayamasaki,藤の台,69500,,,,JR横浜線「町田」駅,20.0,27.0,町田市藤の台1-1ほか,1-33号棟,鉄筋コンクリート造,3,N,308号室,3DK,56,5,66500,3000,2か月,"['近居割', '近居割WIDE']",随時,https://www.ur-net.go.jp/chintai/kanto/tokyo/20_1930_room.html?JKSS=001033308,<li>JR横浜線「町田」駅バス18分 徒歩2～9分</li><li>JR横浜線「古淵」駅バス16分 徒歩2～9分</li><li>小田急小田原線「鶴川」駅バス18分 徒歩2～9分</li>
tokyo,machidayamasaki,藤の台,69500,,,,JR横浜線「古淵」駅,18.0,25.0,町田市藤の台1-1ほか,1-33号棟,鉄筋コンクリート造,3,N,308号室,3DK,56,5,66500,3000,2か月,"['近居割', '近居割WIDE']",随時,https://www.ur-net.go.jp/chintai/kanto/tokyo/20_1930_room.html?JKSS=001033308,<li>JR横浜線「町田」駅バス18分 徒歩2～9分</li><li>JR横浜線「古淵」駅バス16分 徒歩2～9分</li><li>小田急小田原線「鶴川」駅バス18分 徒歩2～9分</li>
tokyo,machidayamasaki,藤の台,69500,,,,小田急小田原線「鶴川」駅,20.0,27.0,町田市藤の台1-1ほか,1-33号棟,鉄筋コンクリート造,3,N,308号室,3DK,56,5,66500,3000,2か月,"['近居割', '近居割WIDE']",随時,https://www.ur-net.go.jp/chintai/kanto/tokyo/20_1930_room.html?JKSS=001033308,<li>JR横浜線「町田」駅バス18分 徒歩2～9分</li><li>JR横浜線「古淵」駅バス16分 徒歩2～9分</li><li>小田急小田原線「鶴川」駅バス18分 徒歩2～9分</li>
tokyo,machidayamasaki,藤の台,69500,,,,,,,町田市藤の台1-1ほか,1-33号棟,鉄筋コンクリート造,3,N,308号室,3DK,56,5,66500,3000,2か月,"['近居割', '近居割WIDE']",随時,https://www.ur-net.go.jp/chintai/kanto/tokyo/20_1930_room.html?JKSS=001033308,<li>JR横浜線「町田」駅バス18分 徒歩2～9分</li><li>JR横浜線「古淵」駅バス16分 徒歩2～9分</li><li>小田急小田原線「鶴川」駅バス18分 徒歩2～9分</li>
tokyo,machidayamasaki,ニュータウン小山田桜台,84800,,,,JR横浜線・小田急小田原線「町田」駅,30.0,35.0,町田市小山田桜台2-4ほか,95号棟,鉄筋コンクリート造,4,N,403号室,3LDK,77,5,80000,4800,2か月,"['近居割', '近居割WIDE']",随時,https://www.ur-net.go.jp/chintai/kanto/tokyo/20_3600_room.html?JKSS=000950403,<li>JR横浜線・小田急小田原線「町田」駅バス29～32分 徒歩1～3分</li><li>JR横浜線「淵野辺」駅バス10～13分 徒歩1～3分</li>
tokyo,machidayamasaki,ニュータウン小山田桜台,84800,,,,JR横浜線「淵野辺」駅,11.0,16.0,町田市小山田桜台2-4ほか,95号棟,鉄筋コンクリート造,4,N,403号室,3LDK,77,5,80000,4800,2か月,"['近居割', '近居割WIDE']",随時,https://www.ur-net.go.jp/chintai/kanto/tokyo/20_3600_room.html?JKSS=000950403,<li>JR横浜線・小田急小田原線「町田」駅バス29～32分 徒歩1～3分</li><li>JR横浜線「淵野辺」駅バス10～13分 徒歩1～3分</li>
tokyo,machidayamasaki,ニュータウン小山田桜台,84800,,,,,,,町田市小山田桜台2-4ほか,95号棟,鉄筋コンクリート造,4,N,403号室,3LDK,77,5,80000,4800,2か月,"['近居割', '近居割WIDE']",随時,https://www.ur-net.go.jp/chintai/kanto/tokyo/20_3600_room.html?JKSS=000950403,<li>JR横浜線・小田急小田原線「町田」駅バス29～32分 徒歩1～3分</li><li>JR横浜線「淵野辺」駅バス10～13分 徒歩1～3分</li>
tokyo,machidayamasaki,ニュータウン小山田桜台,87800,,,,JR横浜線・小田急小田原線「町田」駅,30.0,35.0,町田市小山田桜台2-4ほか,11号棟,鉄筋コンクリート造,4,N,404号室,3LDK,78,4,83000,4800,2か月,"['近居割', '近居割WIDE']",随時,https://www.ur-net.go.jp/chintai/kanto/tokyo/20_3600_room.html?JKSS=000110404,<li>JR横浜線・小田急小田原線「町田」駅バス29～32分 徒歩1～3分</li><li>JR横浜線「淵野辺」駅バス10～13分 徒歩1～3分</li>
tokyo,machidayamasaki,ニュータウン小山田桜台,87800,,,,JR横浜線「淵野辺」駅,11.0,16.0,町田市小山田桜台2-4ほか,11号棟,鉄筋コンクリート造,4,N,404号室,3LDK,78,4,83000,4800,2か月,"['近居割', '近居割WIDE']",随時,https://www.ur-net.go.jp/chintai/kanto/tokyo/20_3600_room.html?JKSS=000110404,<li>JR横浜線・小田急小田原線「町田」駅バス29～32分 徒歩1～3分</li><li>JR横浜線「淵野辺」駅バス10～13分 徒歩1～3分</li>
tokyo,machidayamasaki,ニュータウン小山田桜台,87800,,,,,,,町田市小山田桜台2-4ほか,11号棟,鉄筋コンクリート造,4,N,404号室,3LDK,78,4,83000,4800,2か月,"['近居割', '近居割WIDE']",随時,https://www.ur-net.go.jp/chintai/kanto/tokyo/20_3600_room.html?JKSS=000110404,<li>JR横浜線・小田急小田原線「町田」駅バス29～32分 徒歩1～3分</li><li>JR横浜線「淵野辺」駅バス10～13分 徒歩1～3分</li>
tokyo,machidayamasaki,ニュータウン小山田桜台,110000,,,,JR横浜線・小田急小田原線「町田」駅,30.0,35.0,町田市小山田桜台2-4ほか,19号棟,鉄筋コンクリート造,3,N,301号室,4LDK,93,3,105200,4800,2か月,"['近居割', '近居割WIDE']",随時,https://www.ur-net.go.jp/chintai/kanto/tokyo/20_3600_room.html?JKSS=000190301,<li>JR横浜線・小田急小田原線「町田」駅バス29～32分 徒歩1～3分</li><li>JR横浜線「淵野辺」駅バス10～13分 徒歩1～3分</li>
tokyo,machidayamasaki,ニュータウン小山田桜台,110000,,,,JR横浜線「淵野辺」駅,11.0,16.0,町田市小山田桜台2-4ほか,19号棟,鉄筋コンクリート造,3,N,301号室,4LDK,93,3,105200,4800,2か月,"['近居割', '近居割WIDE']",随時,https://www.ur-net.go.jp/chintai/kanto/tokyo/20_3600_room.html?JKSS=000190301,<li>JR横浜線・小田急小田原線「町田」駅バス29～32分 徒歩1～3分</li><li>JR横浜線「淵野辺」駅バス10～13分 徒歩1～3分</li>
tokyo,machidayamasaki,ニュータウン小山田桜台,110000,,,,,,,町田市小山田桜台2-4ほか,19号棟,鉄筋コンクリート造,3,N,301号室,4LDK,93,3,105200,4800,2か月,"['近居割', '近居割WIDE']",随時,https://www.ur-net.go.jp/chintai/kanto/tokyo/20_3600_room.html?JKSS=000190301,<li>JR横浜線・小田急小田原線「町田」駅バス29～32分 徒歩1～3分</li><li>JR横浜線「淵野辺」駅バス10～13分 徒歩1～3分</li>
tokyo,machidayamasaki,ニュータウン小山田桜台,123100,,,,JR横浜線・小田急小田原線「町田」駅,30.0,35.0,町田市小山田桜台2-4ほか,49号棟,鉄筋コンクリート造,3,N,301号室,4LDK,105,4,118300,4800,2か月,"['近居割', '近居割WIDE']",随時,https://www.ur-net.go.jp/chintai/kanto/tokyo/20_3600_room.html?JKSS=000490301,<li>JR横浜線・小田急小田原線「町田」駅バス29～32分 徒歩1～3分</li><li>JR横浜線「淵野辺」駅バス10～13分 徒歩1～3分</li>
tokyo,machidayamasaki,ニュータウン小山田桜台,123100,,,,JR横浜線「淵野辺」駅,11.0,16.0,町田市小山田桜台2-4ほか,49号棟,鉄筋コンクリート造,3,N,301号室,4LDK,105,4,118300,4800,2か月,"['近居割', '近居割WIDE']",随時,https://www.ur-net.go.jp/chintai/kanto/tokyo/20_3600_room.html?JKSS=000490301,<li>JR横浜線・小田急小田原線「町田」駅バス29～32分 徒歩1～3分</li><li>JR横浜線「淵野辺」駅バス10～13分 徒歩1～3分</li>
tokyo,machidayamasaki,ニュータウン小山田桜台,123100,,,,,,,町田市小山田桜台2-4ほか,49号棟,鉄筋コンクリート造,3,N,301号室,4LDK,105,4,118300,4800,2か月,"['近居割', '近居割WIDE']",随時,https://www.ur-net.go.jp/chintai/kanto/tokyo/20_3600_room.html?JKSS=000490301,<li>JR横浜線・小田急小田原線「町田」駅バス29～32分 徒歩1～3分</li><li>JR横浜線「淵野辺」駅バス10～13分 徒歩1～3分</li>
tokyo,tachikawa,国立富士見台,80400,JR南武線「谷保」駅,5.0,15.0,,,,国立市富士見台1-7ほか,2-8号棟,鉄筋コンクリート造,1,N,103号室,3K,45,5,77600,2800,2か月,['URライト（4年定借）'],随時,https://www.ur-net.go.jp/chintai/kanto/tokyo/20_1350_room.html?JKSS=000208103,<li>JR南武線「谷保」駅（第1団地）徒歩5～10分、（第2、3団地）徒歩10～15分</li><li>JR中央線「国立」駅（第1団地）徒歩21～26分 またはバス5分 徒歩1～9分、（第2、3団地）徒歩23～28分 またはバス8分 徒歩2～5分</li><li>JR南武線「矢川」駅（第1団地）バス5分 徒歩1～7分、（第2、3団地）徒歩8～16分</li>
tokyo,tachikawa,国立富士見台,80400,JR中央線「国立」駅,21.0,28.0,JR中央線「国立」駅,6.0,14.0,国立市富士見台1-7ほか,2-8号棟,鉄筋コンクリート造,1,N,103号室,3K,45,5,77600,2800,2か月,['URライト（4年定借）'],随時,https://www.ur-net.go.jp/chintai/kanto/tokyo/20_1350_room.html?JKSS=000208103,<li>JR南武線「谷保」駅（第1団地）徒歩5～10分、（第2、3団地）徒歩10～15分</li><li>JR中央線「国立」駅（第1団地）徒歩21～26分 またはバス5分 徒歩1～9分、（第2、3団地）徒歩23～28分 またはバス8分 徒歩2～5分</li><li>JR南武線「矢川」駅（第1団地）バス5分 徒歩1～7分、（第2、3団地）徒歩8～16分</li>
tokyo,tachikawa,国立富士見台,80400,JR南武線「矢川」駅,8.0,16.0,JR南武線「矢川」駅,6.0,12.0,国立市富士見台1-7ほか,2-8号棟,鉄筋コンクリート造,1,N,103号室,3K,45,5,77600,2800,2か月,['URライト（4年定借）'],随時,https://www.ur-net.go.jp/chintai/kanto/tokyo/20_1350_room.html?JKSS=000208103,<li>JR南武線「谷保」駅（第1団地）徒歩5～10分、（第2、3団地）徒歩10～15分</li><li>JR中央線「国立」駅（第1団地）徒歩21～26分 またはバス5分 徒歩1～9分、（第2、3団地）徒歩23～28分 またはバス8分 徒歩2～5分</li><li>JR南武線「矢川」駅（第1団地）バス5分 徒歩1～7分、（第2、3団地）徒歩8～16分</li>
tokyo,tachikawa,国立富士見台,80400,,,,,,,国立市富士見台1-7ほか,2-8号棟,鉄筋コンクリート造,1,N,103号室,3K,45,5,77600,2800,2か月,['URライト（4年定借）'],随時,https://www.ur-net.go.jp/chintai/kanto/tokyo/20_1350_room.html?JKSS=000208103,<li>JR南武線「谷保」駅（第1団地）徒歩5～10分、（第2、3団地）徒歩10～15分</li><li>JR中央線「国立」駅（第1団地）徒歩21～26分 またはバス5分 徒歩1～9分、（第2、3団地）徒歩23～28分 またはバス8分 徒歩2～5分</li><li>JR南武線「矢川」駅（第1団地）バス5分 徒歩1～7分、（第2、3団地）徒歩8～16分</li>
tokyo,tachikawa,国立富士見台,96100,JR南武線「谷保」駅,5.0,15.0,,,,国立市富士見台1-7ほか,1-10号棟,鉄筋コンクリート造,2,N,204号室,3DK,50,5,93300,2800,2か月,['URライト（4年定借）'],随時,https://www.ur-net.go.jp/chintai/kanto/tokyo/20_1350_room.html?JKSS=000110204,<li>JR南武線「谷保」駅（第1団地）徒歩5～10分、（第2、3団地）徒歩10～15分</li><li>JR中央線「国立」駅（第1団地）徒歩21～26分 またはバス5分 徒歩1～9分、（第2、3団地）徒歩23～28分 またはバス8分 徒歩2～5分</li><li>JR南武線「矢川」駅（第1団地）バス5分 徒歩1～7分、（第2、3団地）徒歩8～16分</li>
tokyo,tachikawa,国立富士見台,96100,JR中央線「国立」駅,21.0,28.0,JR中央線「国立」駅,6.0,14.0,国立市富士見台1-7ほか,1-10号棟,鉄筋コンクリート造,2,N,204号室,3DK,50,5,93300,2800,2か月,['URライト（4年定借）'],随時,https://www.ur-net.go.jp/chintai/kanto/tokyo/20_1350_room.html?JKSS=000110204,<li>JR南武線「谷保」駅（第1団地）徒歩5～10分、（第2、3団地）徒歩10～15分</li><li>JR中央線「国立」駅（第1団地）徒歩21～26分 またはバス5分 徒歩1～9分、（第2、3団地）徒歩23～28分 またはバス8分 徒歩2～5分</li><li>JR南武線「矢川」駅（第1団地）バス5分 徒歩1～7分、（第2、3団地）徒歩8～16分</li>
tokyo,tachikawa,国立富士見台,96100,JR南武線「矢川」駅,8.0,16.0,JR南武線「矢川」駅,6.0,12.0,国立市富士見台1-7ほか,1-10号棟,鉄筋コンクリート造,2,N,204号室,3DK,50,5,93300,2800,2か月,['URライト（4年定借）'],随時,https://www.ur-net.go.jp/chintai/kanto/tokyo/20_1350_room.html?JKSS=000110204,<li>JR南武線「谷保」駅（第1団地）徒歩5～10分、（第2、3団地）徒歩10～15分</li><li>JR中央線「国立」駅（第1団地）徒歩21～26分 またはバス5分 徒歩1～9分、（第2、3団地）徒歩23～28分 またはバス8分 徒歩2～5分</li><li>JR南武線「矢川」駅（第1団地）バス5分 徒歩1～7分、（第2、3団地）徒歩8～16分</li>
tokyo,tachikawa,国立富士見台,96100,,,,,,,国立市富士見台1-7ほか,1-10号棟,鉄筋コンクリート造,2,N,204号室,3DK,50,5,93300,2800,2か月,['URライト（4年定借）'],随時,https://www.ur-net.go.jp/chintai/kanto/tokyo/20_1350_room.html?JKSS=000110204,<li>JR南武線「谷保」駅（第1団地）徒歩5～10分、（第2、3団地）徒歩10～15分</li><li>JR中央線「国立」駅（第1団地）徒歩21～26分 またはバス5分 徒歩1～9分、（第2、3団地）徒歩23～28分 またはバス8分 徒歩2～5分</li><li>JR南武線「矢川」駅（第1団地）バス5分 徒歩1～7分、（第2、3団地）徒歩8～16分</li>
tokyo,tachikawa,国立富士見台,105700,JR南武線「谷保」駅,5.0,15.0,,,,国立市富士見台1-7ほか,1-19号棟,鉄筋コンクリート造,3,N,305号室,4K,59,5,102900,2800,2か月,['URライト（4年定借）'],随時,https://www.ur-net.go.jp/chintai/kanto/tokyo/20_1350_room.html?JKSS=000119305,<li>JR南武線「谷保」駅（第1団地）徒歩5～10分、（第2、3団地）徒歩10～15分</li><li>JR中央線「国立」駅（第1団地）徒歩21～26分 またはバス5分 徒歩1～9分、（第2、3団地）徒歩23～28分 またはバス8分 徒歩2～5分</li><li>JR南武線「矢川」駅（第1団地）バス5分 徒歩1～7分、（第2、3団地）徒歩8～16分</li>
tokyo,tachikawa,国立富士見台,105700,JR中央線「国立」駅,21.0,28.0,JR中央線「国立」駅,6.0,14.0,国立市富士見台1-7ほか,1-19号棟,鉄筋コンクリート造,3,N,305号室,4K,59,5,102900,2800,2か月,['URライト（4年定借）'],随時,https://www.ur-net.go.jp/chintai/kanto/tokyo/20_1350_room.html?JKSS=000119305,<li>JR南武線「谷保」駅（第1団地）徒歩5～10分、（第2、3団地）徒歩10～15分</li><li>JR中央線「国立」駅（第1団地）徒歩21～26分 またはバス5分 徒歩1～9分、（第2、3団地）徒歩23～28分 またはバス8分 徒歩2～5分</li><li>JR南武線「矢川」駅（第1団地）バス5分 徒歩1～7分、（第2、3団地）徒歩8～16分</li>
tokyo,tachikawa,国立富士見台,105700,JR南武線「矢川」駅,8.0,16.0,JR南武線「矢川」駅,6.0,12.0,国立市富士見台1-7ほか,1-19号棟,鉄筋コンクリート造,3,N,305号室,4K,59,5,102900,2800,2か月,['URライト（4年定借）'],随時,https://www.ur-net.go.jp/chintai/kanto/tokyo/20_1350_room.html?JKSS=000119305,<li>JR南武線「谷保」駅（第1団地）徒歩5～10分、（第2、3団地）徒歩10～15分</li><li>JR中央線「国立」駅（第1団地）徒歩21～26分 またはバス5分 徒歩1～9分、（第2、3団地）徒歩23～28分 またはバス8分 徒歩2～5分</li><li>JR南武線「矢川」駅（第1団地）バス5分 徒歩1～7分、（第2、3団地）徒歩8～16分</li>
tokyo,tachikawa,国立富士見台,105700,,,,,,,国立市富士見台1-7ほか,1-19号棟,鉄筋コンクリート造,3,N,305号室,4K,59,5,102900,2800,2か月,['URライト（4年定借）'],随時,https://www.ur-net.go.jp/chintai/kanto/tokyo/20_1350_room.html?JKSS=000119305,<li>JR南武線「谷保」駅（第1団地）徒歩5～10分、（第2、3団地）徒歩10～15分</li><li>JR中央線「国立」駅（第1団地）徒歩21～26分 またはバス5分 徒歩1～9分、（第2、3団地）徒歩23～28分 またはバス8分 徒歩2～5分</li><li>JR南武線「矢川」駅（第1団地）バス5分 徒歩1～7分、（第2、3団地）徒歩8～16分</li>
tokyo,tachikawa,いちょう並木国立,159200,JR中央線「立川」駅,19.0,21.0,JR中央線「立川」駅,12.0,14.0,国立市北3-35-1ほか,5号棟,鉄筋コンクリート造,6,N,607号室,3LDK,72,6,153600,5600,2か月,['近居割'],随時,https://www.ur-net.go.jp/chintai/kanto/tokyo/20_5770_room.html?JKSS=000050607,<li>JR中央線「立川」駅 徒歩19～21分 またはバス10分 徒歩2～4分</li><li>JR南武線「西国立」駅 徒歩12～16分</li><li>多摩都市モノレール「立川北」駅 徒歩21～22分</li>
tokyo,tachikawa,いちょう並木国立,159200,JR南武線「西国立」駅,12.0,16.0,,,,国立市北3-35-1ほか,5号棟,鉄筋コンクリート造,6,N,607号室,3LDK,72,6,153600,5600,2か月,['近居割'],随時,https://www.ur-net.go.jp/chintai/kanto/tokyo/20_5770_room.html?JKSS=000050607,<li>JR中央線「立川」駅 徒歩19～21分 またはバス10分 徒歩2～4分</li><li>JR南武線「西国立」駅 徒歩12～16分</li><li>多摩都市モノレール「立川北」駅 徒歩21～22分</li>
tokyo,tachikawa,いちょう並木国立,159200,多摩都市モノレール「立川北」駅,21.0,22.0,,,,国立市北3-35-1ほか,5号棟,鉄筋コンクリート造,6,N,607号室,3LDK,72,6,153600,5600,2か月,['近居割'],随時,https://www.ur-net.go.jp/chintai/kanto/tokyo/20_5770_room.html?JKSS=000050607,<li>JR中央線「立川」駅 徒歩19～21分 またはバス10分 徒歩2～4分</li><li>JR南武線「西国立」駅 徒歩12～16分</li><li>多摩都市モノレール「立川北」駅 徒歩21～22分</li>
tokyo,tachikawa,いちょう並木国立,159200,,,,,,,国立市北3-35-1ほか,5号棟,鉄筋コンクリート造,6,N,607号室,3LDK,72,6,153600,5600,2か月,['近居割'],随時,https://www.ur-net.go.jp/chintai/kanto/tokyo/20_5770_room.html?JKSS=000050607,<li>JR中央線「立川」駅 徒歩19～21分 またはバス10分 徒歩2～4分</li><li>JR南武線「西国立」駅 徒歩12～16分</li><li>多摩都市モノレール「立川北」駅 徒歩21～22分</li>
tokyo,chofu,車返,104900,京王線「武蔵野台」駅,5.0,8.0,,,,府中市白糸台5-25-1、府中市押立町1-24-1,2-1号棟,鉄筋コンクリート造、鉄骨鉄筋コンクリート造,11,N,1113号室,1LDK,48,11,101300,3600,2か月,['近居割'],随時,https://www.ur-net.go.jp/chintai/kanto/tokyo/20_2700_room.html?JKSS=002011113,<li>京王線「武蔵野台」駅 徒歩5～8分</li><li>西武多摩川線「白糸台」駅 徒歩12～16分</li><li>京王線「多磨霊園」駅 徒歩16～20分</li>
tokyo,chofu,車返,104900,西武多摩川線「白糸台」駅,12.0,16.0,,,,府中市白糸台5-25-1、府中市押立町1-24-1,2-1号棟,鉄筋コンクリート造、鉄骨鉄筋コンクリート造,11,N,1113号室,1LDK,48,11,101300,3600,2か月,['近居割'],随時,https://www.ur-net.go.jp/chintai/kanto/tokyo/20_2700_room.html?JKSS=002011113,<li>京王線「武蔵野台」駅 徒歩5～8分</li><li>西武多摩川線「白糸台」駅 徒歩12～16分</li><li>京王線「多磨霊園」駅 徒歩16～20分</li>
tokyo,chofu,車返,104900,京王線「多磨霊園」駅,16.0,20.0,,,,府中市白糸台5-25-1、府中市押立町1-24-1,2-1号棟,鉄筋コンクリート造、鉄骨鉄筋コンクリート造,11,N,1113号室,1LDK,48,11,101300,3600,2か月,['近居割'],随時,https://www.ur-net.go.jp/chintai/kanto/tokyo/20_2700_room.html?JKSS=002011113,<li>京王線「武蔵野台」駅 徒歩5～8分</li><li>西武多摩川線「白糸台」駅 徒歩12～16分</li><li>京王線「多磨霊園」駅 徒歩16～20分</li>
tokyo,chofu,車返,104900,,,,,,,府中市白糸台5-25-1、府中市押立町1-24-1,2-1号棟,鉄筋コンクリート造、鉄骨鉄筋コンクリート造,11,N,1113号室,1LDK,48,11,101300,3600,2か月,['近居割'],随時,https://www.ur-net.go.jp/chintai/kanto/tokyo/20_2700_room.html?JKSS=002011113,<li>京王線「武蔵野台」駅 徒歩5～8分</li><li>西武多摩川線「白糸台」駅 徒歩12～16分</li><li>京王線「多磨霊園」駅 徒歩16～20分</li>
tokyo,tachikawa,昭島つつじが丘ハイツ,102000,JR青梅線「昭島」駅,9.0,11.0,,,,昭島市つつじが丘3-4ほか,6号棟,鉄骨鉄筋コンクリート造,2,N,211号室,3DK,65,11,96300,5700,2か月,['近居割'],随時,https://www.ur-net.go.jp/chintai/kanto/tokyo/20_3380_room.html?JKSS=000060211,<li>JR青梅線「昭島」駅 徒歩9～11分</li><li>JR青梅線「中神」駅 徒歩13～15分</li><li>西武拝島線「西武立川」駅 徒歩25～28分</li>
tokyo,tachikawa,昭島つつじが丘ハイツ,102000,JR青梅線「中神」駅,13.0,15.0,,,,昭島市つつじが丘3-4ほか,6号棟,鉄骨鉄筋コンクリート造,2,N,211号室,3DK,65,11,96300,5700,2か月,['近居割'],随時,https://www.ur-net.go.jp/chintai/kanto/tokyo/20_3380_room.html?JKSS=000060211,<li>JR青梅線「昭島」駅 徒歩9～11分</li><li>JR青梅線「中神」駅 徒歩13～15分</li><li>西武拝島線「西武立川」駅 徒歩25～28分</li>
tokyo,tachikawa,昭島つつじが丘ハイツ,102000,西武拝島線「西武立川」駅,25.0,28.0,,,,昭島市つつじが丘3-4ほか,6号棟,鉄骨鉄筋コンクリート造,2,N,211号室,3DK,65,11,96300,5700,2か月,['近居割'],随時,https://www.ur-net.go.jp/chintai/kanto/tokyo/20_3380_room.html?JKSS=000060211,<li>JR青梅線「昭島」駅 徒歩9～11分</li><li>JR青梅線「中神」駅 徒歩13～15分</li><li>西武拝島線「西武立川」駅 徒歩25～28分</li>
tokyo,tachikawa,昭島つつじが丘ハイツ,102000,,,,,,,昭島市つつじが丘3-4ほか,6号棟,鉄骨鉄筋コンクリート造,2,N,211号室,3DK,65,11,96300,5700,2か月,['近居割'],随時,https://www.ur-net.go.jp/chintai/kanto/tokyo/20_3380_room.html?JKSS=000060211,<li>JR青梅線「昭島」駅 徒歩9～11分</li><li>JR青梅線「中神」駅 徒歩13～15分</li><li>西武拝島線「西武立川」駅 徒歩25～28分</li>
tokyo,hachioji,シティハイツ日野旭が丘,83800,JR中央線「豊田」駅,20.0,24.0,JR中央線「豊田」駅,8.0,13.0,日野市旭が丘4-7-5,3号棟,鉄筋コンクリート造、鉄骨鉄筋コンクリート造,1,N,112号室,1LDK,47,6,81100,2700,2か月,"['近居割', '近居割WIDE']",随時,https://www.ur-net.go.jp/chintai/kanto/tokyo/20_4360_room.html?JKSS=000030112,<li>JR中央線「豊田」駅 徒歩20～24分 またはバス7分 徒歩1～6分</li><li>京王線「長沼」駅 徒歩26～28分</li><li>JR八高線「北八王子」駅 徒歩23～25分</li>
tokyo,hachioji,シティハイツ日野旭が丘,83800,京王線「長沼」駅,26.0,28.0,,,,日野市旭が丘4-7-5,3号棟,鉄筋コンクリート造、鉄骨鉄筋コンクリート造,1,N,112号室,1LDK,47,6,81100,2700,2か月,"['近居割', '近居割WIDE']",随時,https://www.ur-net.go.jp/chintai/kanto/tokyo/20_4360_room.html?JKSS=000030112,<li>JR中央線「豊田」駅 徒歩20～24分 またはバス7分 徒歩1～6分</li><li>京王線「長沼」駅 徒歩26～28分</li><li>JR八高線「北八王子」駅 徒歩23～25分</li>
tokyo,hachioji,シティハイツ日野旭が丘,83800,JR八高線「北八王子」駅,23.0,25.0,,,,日野市旭が丘4-7-5,3号棟,鉄筋コンクリート造、鉄骨鉄筋コンクリート造,1,N,112号室,1LDK,47,6,81100,2700,2か月,"['近居割', '近居割WIDE']",随時,https://www.ur-net.go.jp/chintai/kanto/tokyo/20_4360_room.html?JKSS=000030112,<li>JR中央線「豊田」駅 徒歩20～24分 またはバス7分 徒歩1～6分</li><li>京王線「長沼」駅 徒歩26～28分</li><li>JR八高線「北八王子」駅 徒歩23～25分</li>
tokyo,hachioji,シティハイツ日野旭が丘,83800,,,,,,,日野市旭が丘4-7-5,3号棟,鉄筋コンクリート造、鉄骨鉄筋コンクリート造,1,N,112号室,1LDK,47,6,81100,2700,2か月,"['近居割', '近居割WIDE']",随時,https://www.ur-net.go.jp/chintai/kanto/tokyo/20_4360_room.html?JKSS=000030112,<li>JR中央線「豊田」駅 徒歩20～24分 またはバス7分 徒歩1～6分</li><li>京王線「長沼」駅 徒歩26～28分</li><li>JR八高線「北八王子」駅 徒歩23～25分</li>
tokyo,hachioji,シティハイツ日野旭が丘,85900,JR中央線「豊田」駅,20.0,24.0,JR中央線「豊田」駅,8.0,13.0,日野市旭が丘4-7-5,3号棟,鉄筋コンクリート造、鉄骨鉄筋コンクリート造,1,N,114号室,1LDK,49,6,83200,2700,2か月,"['近居割', '近居割WIDE']",随時,https://www.ur-net.go.jp/chintai/kanto/tokyo/20_4360_room.html?JKSS=000030114,<li>JR中央線「豊田」駅 徒歩20～24分 またはバス7分 徒歩1～6分</li><li>京王線「長沼」駅 徒歩26～28分</li><li>JR八高線「北八王子」駅 徒歩23～25分</li>
tokyo,hachioji,シティハイツ日野旭が丘,85900,京王線「長沼」駅,26.0,28.0,,,,日野市旭が丘4-7-5,3号棟,鉄筋コンクリート造、鉄骨鉄筋コンクリート造,1,N,114号室,1LDK,49,6,83200,2700,2か月,"['近居割', '近居割WIDE']",随時,https://www.ur-net.go.jp/chintai/kanto/tokyo/20_4360_room.html?JKSS=000030114,<li>JR中央線「豊田」駅 徒歩20～24分 またはバス7分 徒歩1～6分</li><li>京王線「長沼」駅 徒歩26～28分</li><li>JR八高線「北八王子」駅 徒歩23～25分</li>
tokyo,hachioji,シティハイツ日野旭が丘,85900,JR八高線「北八王子」駅,23.0,25.0,,,,日野市旭が丘4-7-5,3号棟,鉄筋コンクリート造、鉄骨鉄筋コンクリート造,1,N,114号室,1LDK,49,6,83200,2700,2か月,"['近居割', '近居割WIDE']",随時,https://www.ur-net.go.jp/chintai/kanto/tokyo/20_4360_room.html?JKSS=000030114,<li>JR中央線「豊田」駅 徒歩20～24分 またはバス7分 徒歩1～6分</li><li>京王線「長沼」駅 徒歩26～28分</li><li>JR八高線「北八王子」駅 徒歩23～25分</li>
tokyo,hachioji,シティハイツ日野旭が丘,85900,,,,,,,日野市旭が丘4-7-5,3号棟,鉄筋コンクリート造、鉄骨鉄筋コンクリート造,1,N,114号室,1LDK,49,6,83200,2700,2か月,"['近居割', '近居割WIDE']",随時,https://www.ur-net.go.jp/chintai/kanto/tokyo/20_4360_room.html?JKSS=000030114,<li>JR中央線「豊田」駅 徒歩20～24分 またはバス7分 徒歩1～6分</li><li>京王線「長沼」駅 徒歩26～28分</li><li>JR八高線「北八王子」駅 徒歩23～25分</li>
tokyo,chofu,神代,84100,京王線「つつじケ丘」駅,7.0,19.0,,,,調布市西つつじヶ丘4-23、狛江市西野川1-25,54号棟,鉄筋コンクリート造,4,N,407号室,2DK,39,5,80300,3800,2か月,['URライト'],随時,https://www.ur-net.go.jp/chintai/kanto/tokyo/20_1320_room.html?JKSS=000054407,<li>京王線「つつじケ丘」駅 徒歩7～19分</li><li>小田急小田原線「成城学園前」駅バス11～15分 徒歩1～5分</li><li>小田急小田原線「狛江」駅バス7～9分 徒歩1～5分</li>
tokyo,chofu,神代,84100,,,,小田急小田原線「成城学園前」駅,12.0,20.0,調布市西つつじヶ丘4-23、狛江市西野川1-25,54号棟,鉄筋コンクリート造,4,N,407号室,2DK,39,5,80300,3800,2か月,['URライト'],随時,https://www.ur-net.go.jp/chintai/kanto/tokyo/20_1320_room.html?JKSS=000054407,<li>京王線「つつじケ丘」駅 徒歩7～19分</li><li>小田急小田原線「成城学園前」駅バス11～15分 徒歩1～5分</li><li>小田急小田原線「狛江」駅バス7～9分 徒歩1～5分</li>
tokyo,chofu,神代,84100,,,,小田急小田原線「狛江」駅,8.0,14.0,調布市西つつじヶ丘4-23、狛江市西野川1-25,54号棟,鉄筋コンクリート造,4,N,407号室,2DK,39,5,80300,3800,2か月,['URライト'],随時,https://www.ur-net.go.jp/chintai/kanto/tokyo/20_1320_room.html?JKSS=000054407,<li>京王線「つつじケ丘」駅 徒歩7～19分</li><li>小田急小田原線「成城学園前」駅バス11～15分 徒歩1～5分</li><li>小田急小田原線「狛江」駅バス7～9分 徒歩1～5分</li>
tokyo,chofu,神代,84100,,,,,,,調布市西つつじヶ丘4-23、狛江市西野川1-25,54号棟,鉄筋コンクリート造,4,N,407号室,2DK,39,5,80300,3800,2か月,['URライト'],随時,https://www.ur-net.go.jp/chintai/kanto/tokyo/20_1320_room.html?JKSS=000054407,<li>京王線「つつじケ丘」駅 徒歩7～19分</li><li>小田急小田原線「成城学園前」駅バス11～15分 徒歩1～5分</li><li>小田急小田原線「狛江」駅バス7～9分 徒歩1～5分</li>
tokyo,hibarigaoka,清瀬旭が丘,61100,,,,西武池袋線「清瀬」駅,10.0,19.0,清瀬市旭が丘2ほか,2-4-3号棟,鉄筋コンクリート造,5,N,504号室,3DK,50,5,58100,3000,2か月,"['近居割', '近居割WIDE']",随時,https://www.ur-net.go.jp/chintai/kanto/tokyo/20_1580_room.html?JKSS=000243504,<li>西武池袋線「清瀬」駅バス9～15分 徒歩1～4分</li><li>東武東上線「志木」駅バス20～22分 徒歩1～4分</li><li>JR武蔵野線「新座」駅バス10～12分 徒歩1～4分</li>
tokyo,hibarigaoka,清瀬旭が丘,61100,,,,東武東上線「志木」駅,21.0,26.0,清瀬市旭が丘2ほか,2-4-3号棟,鉄筋コンクリート造,5,N,504号室,3DK,50,5,58100,3000,2か月,"['近居割', '近居割WIDE']",随時,https://www.ur-net.go.jp/chintai/kanto/tokyo/20_1580_room.html?JKSS=000243504,<li>西武池袋線「清瀬」駅バス9～15分 徒歩1～4分</li><li>東武東上線「志木」駅バス20～22分 徒歩1～4分</li><li>JR武蔵野線「新座」駅バス10～12分 徒歩1～4分</li>
tokyo,hibarigaoka,清瀬旭が丘,61100,,,,JR武蔵野線「新座」駅,11.0,16.0,清瀬市旭が丘2ほか,2-4-3号棟,鉄筋コンクリート造,5,N,504号室,3DK,50,5,58100,3000,2か月,"['近居割', '近居割WIDE']",随時,https://www.ur-net.go.jp/chintai/kanto/tokyo/20_1580_room.html?JKSS=000243504,<li>西武池袋線「清瀬」駅バス9～15分 徒歩1～4分</li><li>東武東上線「志木」駅バス20～22分 徒歩1～4分</li><li>JR武蔵野線「新座」駅バス10～12分 徒歩1～4分</li>
tokyo,hibarigaoka,清瀬旭が丘,61100,,,,,,,清瀬市旭が丘2ほか,2-4-3号棟,鉄筋コンクリート造,5,N,504号室,3DK,50,5,58100,3000,2か月,"['近居割', '近居割WIDE']",随時,https://www.ur-net.go.jp/chintai/kanto/tokyo/20_1580_room.html?JKSS=000243504,<li>西武池袋線「清瀬」駅バス9～15分 徒歩1～4分</li><li>東武東上線「志木」駅バス20～22分 徒歩1～4分</li><li>JR武蔵野線「新座」駅バス10～12分 徒歩1～4分</li>
tokyo,hibarigaoka,清瀬旭が丘,61100,,,,西武池袋線「清瀬」駅,10.0,19.0,清瀬市旭が丘2ほか,2-6-5号棟,鉄筋コンクリート造,5,N,506号室,2LDK,50,5,58100,3000,2か月,"['近居割', '近居割WIDE']",随時,https://www.ur-net.go.jp/chintai/kanto/tokyo/20_1580_room.html?JKSS=000265506,<li>西武池袋線「清瀬」駅バス9～15分 徒歩1～4分</li><li>東武東上線「志木」駅バス20～22分 徒歩1～4分</li><li>JR武蔵野線「新座」駅バス10～12分 徒歩1～4分</li>
tokyo,hibarigaoka,清瀬旭が丘,61100,,,,東武東上線「志木」駅,21.0,26.0,清瀬市旭が丘2ほか,2-6-5号棟,鉄筋コンクリート造,5,N,506号室,2LDK,50,5,58100,3000,2か月,"['近居割', '近居割WIDE']",随時,https://www.ur-net.go.jp/chintai/kanto/tokyo/20_1580_room.html?JKSS=000265506,<li>西武池袋線「清瀬」駅バス9～15分 徒歩1～4分</li><li>東武東上線「志木」駅バス20～22分 徒歩1～4分</li><li>JR武蔵野線「新座」駅バス10～12分 徒歩1～4分</li>
tokyo,hibarigaoka,清瀬旭が丘,61100,,,,JR武蔵野線「新座」駅,11.0,16.0,清瀬市旭が丘2ほか,2-6-5号棟,鉄筋コンクリート造,5,N,506号室,2LDK,50,5,58100,3000,2か月,"['近居割', '近居割WIDE']",随時,https://www.ur-net.go.jp/chintai/kanto/tokyo/20_1580_room.html?JKSS=000265506,<li>西武池袋線「清瀬」駅バス9～15分 徒歩1～4分</li><li>東武東上線「志木」駅バス20～22分 徒歩1～4分</li><li>JR武蔵野線「新座」駅バス10～12分 徒歩1～4分</li>
tokyo,hibarigaoka,清瀬旭が丘,61100,,,,,,,清瀬市旭が丘2ほか,2-6-5号棟,鉄筋コンクリート造,5,N,506号室,2LDK,50,5,58100,3000,2か月,"['近居割', '近居割WIDE']",随時,https://www.ur-net.go.jp/chintai/kanto/tokyo/20_1580_room.html?JKSS=000265506,<li>西武池袋線「清瀬」駅バス9～15分 徒歩1～4分</li><li>東武東上線「志木」駅バス20～22分 徒歩1～4分</li><li>JR武蔵野線「新座」駅バス10～12分 徒歩1～4分</li>
tokyo,hibarigaoka,清瀬旭が丘,61100,,,,西武池袋線「清瀬」駅,10.0,19.0,清瀬市旭が丘2ほか,5-1-5号棟,鉄筋コンクリート造,5,N,510号室,3DK,50,5,58100,3000,2か月,"['近居割', '近居割WIDE']",随時,https://www.ur-net.go.jp/chintai/kanto/tokyo/20_1580_room.html?JKSS=000515510,<li>西武池袋線「清瀬」駅バス9～15分 徒歩1～4分</li><li>東武東上線「志木」駅バス20～22分 徒歩1～4分</li><li>JR武蔵野線「新座」駅バス10～12分 徒歩1～4分</li>
tokyo,hibarigaoka,清瀬旭が丘,61100,,,,東武東上線「志木」駅,21.0,26.0,清瀬市旭が丘2ほか,5-1-5号棟,鉄筋コンクリート造,5,N,510号室,3DK,50,5,58100,3000,2か月,"['近居割', '近居割WIDE']",随時,https://www.ur-net.go.jp/chintai/kanto/tokyo/20_1580_room.html?JKSS=000515510,<li>西武池袋線「清瀬」駅バス9～15分 徒歩1～4分</li><li>東武東上線「志木」駅バス20～22分 徒歩1～4分</li><li>JR武蔵野線「新座」駅バス10～12分 徒歩1～4分</li>
tokyo,hibarigaoka,清瀬旭が丘,61100,,,,JR武蔵野線「新座」駅,11.0,16.0,清瀬市旭が丘2ほか,5-1-5号棟,鉄筋コンクリート造,5,N,510号室,3DK,50,5,58100,3000,2か月,"['近居割', '近居割WIDE']",随時,https://www.ur-net.go.jp/chintai/kanto/tokyo/20_1580_room.html?JKSS=000515510,<li>西武池袋線「清瀬」駅バス9～15分 徒歩1～4分</li><li>東武東上線「志木」駅バス20～22分 徒歩1～4分</li><li>JR武蔵野線「新座」駅バス10～12分 徒歩1～4分</li>
tokyo,hibarigaoka,清瀬旭が丘,61100,,,,,,,清瀬市旭が丘2ほか,5-1-5号棟,鉄筋コンクリート造,5,N,510号室,3DK,50,5,58100,3000,2か月,"['近居割', '近居割WIDE']",随時,https://www.ur-net.go.jp/chintai/kanto/tokyo/20_1580_room.html?JKSS=000515510,<li>西武池袋線「清瀬」駅バス9～15分 徒歩1～4分</li><li>東武東上線「志木」駅バス20～22分 徒歩1～4分</li><li>JR武蔵野線「新座」駅バス10～12分 徒歩1～4分</li>
tokyo,hibarigaoka,滝山,64700,,,,西武新宿線「花小金井」駅,10.0,14.0,東久留米市滝山6-1,1-19号棟,鉄筋コンクリート造,5,N,512号室,1LDK,40,5,61800,2900,2か月,"['近居割', '近居割WIDE']",随時,https://www.ur-net.go.jp/chintai/kanto/tokyo/20_1730_room.html?JKSS=000119512,<li>西武新宿線「花小金井」駅バス8分　徒歩2～6分</li><li>西武池袋線「東久留米」駅バス12分　徒歩2～6分</li><li>西武新宿線「小平」駅徒歩29～34分</li>
tokyo,hibarigaoka,滝山,64700,,,,西武池袋線「東久留米」駅,14.0,18.0,東久留米市滝山6-1,1-19号棟,鉄筋コンクリート造,5,N,512号室,1LDK,40,5,61800,2900,2か月,"['近居割', '近居割WIDE']",随時,https://www.ur-net.go.jp/chintai/kanto/tokyo/20_1730_room.html?JKSS=000119512,<li>西武新宿線「花小金井」駅バス8分　徒歩2～6分</li><li>西武池袋線「東久留米」駅バス12分　徒歩2～6分</li><li>西武新宿線「小平」駅徒歩29～34分</li>
tokyo,hibarigaoka,滝山,64700,西武新宿線「小平」駅,29.0,34.0,,,,東久留米市滝山6-1,1-19号棟,鉄筋コンクリート造,5,N,512号室,1LDK,40,5,61800,2900,2か月,"['近居割', '近居割WIDE']",随時,https://www.ur-net.go.jp/chintai/kanto/tokyo/20_1730_room.html?JKSS=000119512,<li>西武新宿線「花小金井」駅バス8分　徒歩2～6分</li><li>西武池袋線「東久留米」駅バス12分　徒歩2～6分</li><li>西武新宿線「小平」駅徒歩29～34分</li>
tokyo,hibarigaoka,滝山,64700,,,,,,,東久留米市滝山6-1,1-19号棟,鉄筋コンクリート造,5,N,512号室,1LDK,40,5,61800,2900,2か月,"['近居割', '近居割WIDE']",随時,https://www.ur-net.go.jp/chintai/kanto/tokyo/20_1730_room.html?JKSS=000119512,<li>西武新宿線「花小金井」駅バス8分　徒歩2～6分</li><li>西武池袋線「東久留米」駅バス12分　徒歩2～6分</li><li>西武新宿線「小平」駅徒歩29～34分</li>
tokyo,hibarigaoka,ひばりが丘パークヒルズ,127200,西武池袋線「ひばりヶ丘」駅,15.0,22.0,西武池袋線「ひばりヶ丘」駅,4.0,8.0,西東京市ひばりが丘3-5、東久留米市ひばりが丘団地6ほか,8-4号棟,鉄筋コンクリート造,4,N,402号室,2DK,50,8,120200,7000,2か月,"['近居割', '近居割WIDE']",随時,https://www.ur-net.go.jp/chintai/kanto/tokyo/20_6771_room.html?JKSS=008040402,<li>西武池袋線「ひばりヶ丘」駅 徒歩15～22分 またはバス3～4分 徒歩1～4分</li><li>西武新宿線「田無」駅バス11～15分 徒歩1～4分</li><li>JR中央線「武蔵境」駅バス27～33分 徒歩1～4分</li>
tokyo,hibarigaoka,ひばりが丘パークヒルズ,127200,,,,西武新宿線「田無」駅,12.0,19.0,西東京市ひばりが丘3-5、東久留米市ひばりが丘団地6ほか,8-4号棟,鉄筋コンクリート造,4,N,402号室,2DK,50,8,120200,7000,2か月,"['近居割', '近居割WIDE']",随時,https://www.ur-net.go.jp/chintai/kanto/tokyo/20_6771_room.html?JKSS=008040402,<li>西武池袋線「ひばりヶ丘」駅 徒歩15～22分 またはバス3～4分 徒歩1～4分</li><li>西武新宿線「田無」駅バス11～15分 徒歩1～4分</li><li>JR中央線「武蔵境」駅バス27～33分 徒歩1～4分</li>
tokyo,hibarigaoka,ひばりが丘パークヒルズ,127200,,,,JR中央線「武蔵境」駅,28.0,37.0,西東京市ひばりが丘3-5、東久留米市ひばりが丘団地6ほか,8-4号棟,鉄筋コンクリート造,4,N,402号室,2DK,50,8,120200,7000,2か月,"['近居割', '近居割WIDE']",随時,https://www.ur-net.go.jp/chintai/kanto/tokyo/20_6771_room.html?JKSS=008040402,<li>西武池袋線「ひばりヶ丘」駅 徒歩15～22分 またはバス3～4分 徒歩1～4分</li><li>西武新宿線「田無」駅バス11～15分 徒歩1～4分</li><li>JR中央線「武蔵境」駅バス27～33分 徒歩1～4分</li>
tokyo,hibarigaoka,ひばりが丘パークヒルズ,127200,,,,,,,西東京市ひばりが丘3-5、東久留米市ひばりが丘団地6ほか,8-4号棟,鉄筋コンクリート造,4,N,402号室,2DK,50,8,120200,7000,2か月,"['近居割', '近居割WIDE']",随時,https://www.ur-net.go.jp/chintai/kanto/tokyo/20_6771_room.html?JKSS=008040402,<li>西武池袋線「ひばりヶ丘」駅 徒歩15～22分 またはバス3～4分 徒歩1～4分</li><li>西武新宿線「田無」駅バス11～15分 徒歩1～4分</li><li>JR中央線「武蔵境」駅バス27～33分 徒歩1～4分</li>
tokyo,kumegawa,エステート大南公園,78100,西武拝島線「玉川上水」駅,13.0,15.0,,,,武蔵村山市大南4-21-1ほか,11号棟,鉄筋コンクリート造,5,N,504号室,1LDK,46,5,75800,2300,2か月,['近居割'],随時,https://www.ur-net.go.jp/chintai/kanto/tokyo/20_4130_room.html?JKSS=000110504,<li>西武拝島線「玉川上水」駅 徒歩13～15分</li><li>多摩都市モノレール「桜街道」駅 徒歩13～14分</li><li>西武拝島線「武蔵砂川」駅 徒歩26～27分</li>
tokyo,kumegawa,エステート大南公園,78100,多摩都市モノレール「桜街道」駅,13.0,14.0,,,,武蔵村山市大南4-21-1ほか,11号棟,鉄筋コンクリート造,5,N,504号室,1LDK,46,5,75800,2300,2か月,['近居割'],随時,https://www.ur-net.go.jp/chintai/kanto/tokyo/20_4130_room.html?JKSS=000110504,<li>西武拝島線「玉川上水」駅 徒歩13～15分</li><li>多摩都市モノレール「桜街道」駅 徒歩13～14分</li><li>西武拝島線「武蔵砂川」駅 徒歩26～27分</li>
tokyo,kumegawa,エステート大南公園,78100,西武拝島線「武蔵砂川」駅,26.0,27.0,,,,武蔵村山市大南4-21-1ほか,11号棟,鉄筋コンクリート造,5,N,504号室,1LDK,46,5,75800,2300,2か月,['近居割'],随時,https://www.ur-net.go.jp/chintai/kanto/tokyo/20_4130_room.html?JKSS=000110504,<li>西武拝島線「玉川上水」駅 徒歩13～15分</li><li>多摩都市モノレール「桜街道」駅 徒歩13～14分</li><li>西武拝島線「武蔵砂川」駅 徒歩26～27分</li>
tokyo,kumegawa,エステート大南公園,78100,,,,,,,武蔵村山市大南4-21-1ほか,11号棟,鉄筋コンクリート造,5,N,504号室,1LDK,46,5,75800,2300,2か月,['近居割'],随時,https://www.ur-net.go.jp/chintai/kanto/tokyo/20_4130_room.html?JKSS=000110504,<li>西武拝島線「玉川上水」駅 徒歩13～15分</li><li>多摩都市モノレール「桜街道」駅 徒歩13～14分</li><li>西武拝島線「武蔵砂川」駅 徒歩26～27分</li>
tokyo,kumegawa,エステート大南公園,99500,西武拝島線「玉川上水」駅,13.0,15.0,,,,武蔵村山市大南4-21-1ほか,10号棟,鉄筋コンクリート造,3,N,303号室,3LDK,69,5,97200,2300,2か月,['近居割'],随時,https://www.ur-net.go.jp/chintai/kanto/tokyo/20_4130_room.html?JKSS=000100303,<li>西武拝島線「玉川上水」駅 徒歩13～15分</li><li>多摩都市モノレール「桜街道」駅 徒歩13～14分</li><li>西武拝島線「武蔵砂川」駅 徒歩26～27分</li>
tokyo,kumegawa,エステート大南公園,99500,多摩都市モノレール「桜街道」駅,13.0,14.0,,,,武蔵村山市大南4-21-1ほか,10号棟,鉄筋コンクリート造,3,N,303号室,3LDK,69,5,97200,2300,2か月,['近居割'],随時,https://www.ur-net.go.jp/chintai/kanto/tokyo/20_4130_room.html?JKSS=000100303,<li>西武拝島線「玉川上水」駅 徒歩13～15分</li><li>多摩都市モノレール「桜街道」駅 徒歩13～14分</li><li>西武拝島線「武蔵砂川」駅 徒歩26～27分</li>
tokyo,kumegawa,エステート大南公園,99500,西武拝島線「武蔵砂川」駅,26.0,27.0,,,,武蔵村山市大南4-21-1ほか,10号棟,鉄筋コンクリート造,3,N,303号室,3LDK,69,5,97200,2300,2か月,['近居割'],随時,https://www.ur-net.go.jp/chintai/kanto/tokyo/20_4130_room.html?JKSS=000100303,<li>西武拝島線「玉川上水」駅 徒歩13～15分</li><li>多摩都市モノレール「桜街道」駅 徒歩13～14分</li><li>西武拝島線「武蔵砂川」駅 徒歩26～27分</li>
tokyo,kumegawa,エステート大南公園,99500,,,,,,,武蔵村山市大南4-21-1ほか,10号棟,鉄筋コンクリート造,3,N,303号室,3LDK,69,5,97200,2300,2か月,['近居割'],随時,https://www.ur-net.go.jp/chintai/kanto/tokyo/20_4130_room.html?JKSS=000100303,<li>西武拝島線「玉川上水」駅 徒歩13～15分</li><li>多摩都市モノレール「桜街道」駅 徒歩13～14分</li><li>西武拝島線「武蔵砂川」駅 徒歩26～27分</li>
kanagawa,shinyurigaoka,星が丘パークランド　ひよどり台,113400,京王相模原線「京王稲田堤」駅,13.0,15.0,,,,川崎市多摩区菅北浦5-7,4号棟,鉄筋コンクリート造,5,N,505号室,3LDK,67,5,110900,2500,2か月,['近居割'],随時,https://www.ur-net.go.jp/chintai/kanto/kanagawa/40_2410_room.html?JKSS=000040505,<li>京王相模原線「京王稲田堤」駅 徒歩13～15分</li><li>JR南武線「稲田堤」駅 徒歩12～13分</li><li>小田急小田原線「読売ランド前」駅バス5分 徒歩4～7分</li>
kanagawa,shinyurigaoka,星が丘パークランド　ひよどり台,113400,JR南武線「稲田堤」駅,12.0,13.0,,,,川崎市多摩区菅北浦5-7,4号棟,鉄筋コンクリート造,5,N,505号室,3LDK,67,5,110900,2500,2か月,['近居割'],随時,https://www.ur-net.go.jp/chintai/kanto/kanagawa/40_2410_room.html?JKSS=000040505,<li>京王相模原線「京王稲田堤」駅 徒歩13～15分</li><li>JR南武線「稲田堤」駅 徒歩12～13分</li><li>小田急小田原線「読売ランド前」駅バス5分 徒歩4～7分</li>
kanagawa,shinyurigaoka,星が丘パークランド　ひよどり台,113400,,,,小田急小田原線「読売ランド前」駅,9.0,12.0,川崎市多摩区菅北浦5-7,4号棟,鉄筋コンクリート造,5,N,505号室,3LDK,67,5,110900,2500,2か月,['近居割'],随時,https://www.ur-net.go.jp/chintai/kanto/kanagawa/40_2410_room.html?JKSS=000040505,<li>京王相模原線「京王稲田堤」駅 徒歩13～15分</li><li>JR南武線「稲田堤」駅 徒歩12～13分</li><li>小田急小田原線「読売ランド前」駅バス5分 徒歩4～7分</li>
kanagawa,shinyurigaoka,星が丘パークランド　ひよどり台,113400,,,,,,,川崎市多摩区菅北浦5-7,4号棟,鉄筋コンクリート造,5,N,505号室,3LDK,67,5,110900,2500,2か月,['近居割'],随時,https://www.ur-net.go.jp/chintai/kanto/kanagawa/40_2410_room.html?JKSS=000040505,<li>京王相模原線「京王稲田堤」駅 徒歩13～15分</li><li>JR南武線「稲田堤」駅 徒歩12～13分</li><li>小田急小田原線「読売ランド前」駅バス5分 徒歩4～7分</li>
kanagawa,shinyurigaoka,星が丘パークランド　ひよどり台,114400,京王相模原線「京王稲田堤」駅,13.0,15.0,,,,川崎市多摩区菅北浦5-7,4号棟,鉄筋コンクリート造,1,N,102号室,3LDK,67,5,111900,2500,2か月,['近居割'],随時,https://www.ur-net.go.jp/chintai/kanto/kanagawa/40_2410_room.html?JKSS=000040102,<li>京王相模原線「京王稲田堤」駅 徒歩13～15分</li><li>JR南武線「稲田堤」駅 徒歩12～13分</li><li>小田急小田原線「読売ランド前」駅バス5分 徒歩4～7分</li>
kanagawa,shinyurigaoka,星が丘パークランド　ひよどり台,114400,JR南武線「稲田堤」駅,12.0,13.0,,,,川崎市多摩区菅北浦5-7,4号棟,鉄筋コンクリート造,1,N,102号室,3LDK,67,5,111900,2500,2か月,['近居割'],随時,https://www.ur-net.go.jp/chintai/kanto/kanagawa/40_2410_room.html?JKSS=000040102,<li>京王相模原線「京王稲田堤」駅 徒歩13～15分</li><li>JR南武線「稲田堤」駅 徒歩12～13分</li><li>小田急小田原線「読売ランド前」駅バス5分 徒歩4～7分</li>
kanagawa,shinyurigaoka,星が丘パークランド　ひよどり台,114400,,,,小田急小田原線「読売ランド前」駅,9.0,12.0,川崎市多摩区菅北浦5-7,4号棟,鉄筋コンクリート造,1,N,102号室,3LDK,67,5,111900,2500,2か月,['近居割'],随時,https://www.ur-net.go.jp/chintai/kanto/kanagawa/40_2410_room.html?JKSS=000040102,<li>京王相模原線「京王稲田堤」駅 徒歩13～15分</li><li>JR南武線「稲田堤」駅 徒歩12～13分</li><li>小田急小田原線「読売ランド前」駅バス5分 徒歩4～7分</li>
kanagawa,shinyurigaoka,星が丘パークランド　ひよどり台,114400,,,,,,,川崎市多摩区菅北浦5-7,4号棟,鉄筋コンクリート造,1,N,102号室,3LDK,67,5,111900,2500,2か月,['近居割'],随時,https://www.ur-net.go.jp/chintai/kanto/kanagawa/40_2410_room.html?JKSS=000040102,<li>京王相模原線「京王稲田堤」駅 徒歩13～15分</li><li>JR南武線「稲田堤」駅 徒歩12～13分</li><li>小田急小田原線「読売ランド前」駅バス5分 徒歩4～7分</li>
kanagawa,hiyoshi,シティコート元住吉,140800,東急東横線「元住吉」駅,17.0,18.0,,,,川崎市中原区木月4-49-1ほか,1号棟,鉄筋コンクリート造,5,N,505号室,2LDK,65,5,138500,2300,2か月,['近居割'],随時,https://www.ur-net.go.jp/chintai/kanto/kanagawa/40_3410_room.html?JKSS=000010505,<li>東急東横線「元住吉」駅 徒歩17～18分</li><li>東急東横線「日吉」駅 徒歩18分</li><li>JR南武線「平間」駅 徒歩21分</li>
kanagawa,hiyoshi,シティコート元住吉,140800,東急東横線「日吉」駅,18.0,18.0,,,,川崎市中原区木月4-49-1ほか,1号棟,鉄筋コンクリート造,5,N,505号室,2LDK,65,5,138500,2300,2か月,['近居割'],随時,https://www.ur-net.go.jp/chintai/kanto/kanagawa/40_3410_room.html?JKSS=000010505,<li>東急東横線「元住吉」駅 徒歩17～18分</li><li>東急東横線「日吉」駅 徒歩18分</li><li>JR南武線「平間」駅 徒歩21分</li>
kanagawa,hiyoshi,シティコート元住吉,140800,JR南武線「平間」駅,21.0,21.0,,,,川崎市中原区木月4-49-1ほか,1号棟,鉄筋コンクリート造,5,N,505号室,2LDK,65,5,138500,2300,2か月,['近居割'],随時,https://www.ur-net.go.jp/chintai/kanto/kanagawa/40_3410_room.html?JKSS=000010505,<li>東急東横線「元住吉」駅 徒歩17～18分</li><li>東急東横線「日吉」駅 徒歩18分</li><li>JR南武線「平間」駅 徒歩21分</li>
kanagawa,hiyoshi,シティコート元住吉,140800,,,,,,,川崎市中原区木月4-49-1ほか,1号棟,鉄筋コンクリート造,5,N,505号室,2LDK,65,5,138500,2300,2か月,['近居割'],随時,https://www.ur-net.go.jp/chintai/kanto/kanagawa/40_3410_room.html?JKSS=000010505,<li>東急東横線「元住吉」駅 徒歩17～18分</li><li>東急東横線「日吉」駅 徒歩18分</li><li>JR南武線「平間」駅 徒歩21分</li>
kanagawa,shinyurigaoka,アーバンハイツ菅生ヶ丘,99700,,,,小田急小田原線「生田」駅,15.0,15.0,川崎市宮前区菅生ケ丘34-1ほか,,鉄筋コンクリート造,3,N,307号室,1LDK,55,6,92300,7400,2か月,['近居割'],随時,https://www.ur-net.go.jp/chintai/kanto/kanagawa/40_3220_room.html?JKSS=000000307,<li>小田急小田原線「生田」駅バス11分 徒歩4分</li><li>東急田園都市線「溝の口」駅バス21分 徒歩4分</li>
kanagawa,shinyurigaoka,アーバンハイツ菅生ヶ丘,99700,,,,東急田園都市線「溝の口」駅,25.0,25.0,川崎市宮前区菅生ケ丘34-1ほか,,鉄筋コンクリート造,3,N,307号室,1LDK,55,6,92300,7400,2か月,['近居割'],随時,https://www.ur-net.go.jp/chintai/kanto/kanagawa/40_3220_room.html?JKSS=000000307,<li>小田急小田原線「生田」駅バス11分 徒歩4分</li><li>東急田園都市線「溝の口」駅バス21分 徒歩4分</li>
kanagawa,shinyurigaoka,アーバンハイツ菅生ヶ丘,99700,,,,,,,川崎市宮前区菅生ケ丘34-1ほか,,鉄筋コンクリート造,3,N,307号室,1LDK,55,6,92300,7400,2か月,['近居割'],随時,https://www.ur-net.go.jp/chintai/kanto/kanagawa/40_3220_room.html?JKSS=000000307,<li>小田急小田原線「生田」駅バス11分 徒歩4分</li><li>東急田園都市線「溝の口」駅バス21分 徒歩4分</li>
kanagawa,shinyurigaoka,コンフォール生田菅生ヶ丘,156100,,,,小田急小田原線「生田」駅,17.0,18.0,川崎市宮前区菅生ケ丘24,3号棟,鉄筋コンクリート造,2,N,201号室,4LDK,92,3,145300,10800,2か月,['近居割'],随時,https://www.ur-net.go.jp/chintai/kanto/kanagawa/40_3700_room.html?JKSS=000030201,<li>小田急小田原線「生田」駅バス11分 徒歩6～7分</li><li>東急田園都市線「溝の口」駅バス21分 徒歩3～4分</li><li>東急田園都市線「たまプラーザ」駅バス9分 徒歩7～8分</li>
kanagawa,shinyurigaoka,コンフォール生田菅生ヶ丘,156100,,,,東急田園都市線「溝の口」駅,24.0,25.0,川崎市宮前区菅生ケ丘24,3号棟,鉄筋コンクリート造,2,N,201号室,4LDK,92,3,145300,10800,2か月,['近居割'],随時,https://www.ur-net.go.jp/chintai/kanto/kanagawa/40_3700_room.html?JKSS=000030201,<li>小田急小田原線「生田」駅バス11分 徒歩6～7分</li><li>東急田園都市線「溝の口」駅バス21分 徒歩3～4分</li><li>東急田園都市線「たまプラーザ」駅バス9分 徒歩7～8分</li>
kanagawa,shinyurigaoka,コンフォール生田菅生ヶ丘,156100,,,,東急田園都市線「たまプラーザ」駅,16.0,17.0,川崎市宮前区菅生ケ丘24,3号棟,鉄筋コンクリート造,2,N,201号室,4LDK,92,3,145300,10800,2か月,['近居割'],随時,https://www.ur-net.go.jp/chintai/kanto/kanagawa/40_3700_room.html?JKSS=000030201,<li>小田急小田原線「生田」駅バス11分 徒歩6～7分</li><li>東急田園都市線「溝の口」駅バス21分 徒歩3～4分</li><li>東急田園都市線「たまプラーザ」駅バス9分 徒歩7～8分</li>
kanagawa,shinyurigaoka,コンフォール生田菅生ヶ丘,156100,,,,,,,川崎市宮前区菅生ケ丘24,3号棟,鉄筋コンクリート造,2,N,201号室,4LDK,92,3,145300,10800,2か月,['近居割'],随時,https://www.ur-net.go.jp/chintai/kanto/kanagawa/40_3700_room.html?JKSS=000030201,<li>小田急小田原線「生田」駅バス11分 徒歩6～7分</li><li>東急田園都市線「溝の口」駅バス21分 徒歩3～4分</li><li>東急田園都市線「たまプラーザ」駅バス9分 徒歩7～8分</li>
kanagawa,hiyoshi,コンフォール南日吉,136000,,,,東急東横線「日吉」駅,11.0,15.0,横浜市港北区日吉本町4-10ほか,3号棟,鉄筋コンクリート造,2,N,204号室,1LDK,51,9,130700,5300,2か月,['近居割'],随時,https://www.ur-net.go.jp/chintai/kanto/kanagawa/40_4050_room.html?JKSS=000030204,<li>東急東横線「日吉」駅バス10分 徒歩1～5分</li><li>横浜市営地下鉄グリーンライン「日吉本町」駅 徒歩6～9分</li><li>東急東横線「綱島」駅 徒歩16～19分</li>
kanagawa,hiyoshi,コンフォール南日吉,136000,横浜市営地下鉄グリーンライン「日吉本町」駅,6.0,9.0,,,,横浜市港北区日吉本町4-10ほか,3号棟,鉄筋コンクリート造,2,N,204号室,1LDK,51,9,130700,5300,2か月,['近居割'],随時,https://www.ur-net.go.jp/chintai/kanto/kanagawa/40_4050_room.html?JKSS=000030204,<li>東急東横線「日吉」駅バス10分 徒歩1～5分</li><li>横浜市営地下鉄グリーンライン「日吉本町」駅 徒歩6～9分</li><li>東急東横線「綱島」駅 徒歩16～19分</li>
kanagawa,hiyoshi,コンフォール南日吉,136000,東急東横線「綱島」駅,16.0,19.0,,,,横浜市港北区日吉本町4-10ほか,3号棟,鉄筋コンクリート造,2,N,204号室,1LDK,51,9,130700,5300,2か月,['近居割'],随時,https://www.ur-net.go.jp/chintai/kanto/kanagawa/40_4050_room.html?JKSS=000030204,<li>東急東横線「日吉」駅バス10分 徒歩1～5分</li><li>横浜市営地下鉄グリーンライン「日吉本町」駅 徒歩6～9分</li><li>東急東横線「綱島」駅 徒歩16～19分</li>
kanagawa,hiyoshi,コンフォール南日吉,136000,,,,,,,横浜市港北区日吉本町4-10ほか,3号棟,鉄筋コンクリート造,2,N,204号室,1LDK,51,9,130700,5300,2か月,['近居割'],随時,https://www.ur-net.go.jp/chintai/kanto/kanagawa/40_4050_room.html?JKSS=000030204,<li>東急東横線「日吉」駅バス10分 徒歩1～5分</li><li>横浜市営地下鉄グリーンライン「日吉本町」駅 徒歩6～9分</li><li>東急東横線「綱島」駅 徒歩16～19分</li>
kanagawa,hiyoshi,コンフォール南日吉,147600,,,,東急東横線「日吉」駅,11.0,15.0,横浜市港北区日吉本町4-10ほか,6号棟,鉄筋コンクリート造,4,N,405号室,2DK,55,8,142300,5300,2か月,['近居割'],随時,https://www.ur-net.go.jp/chintai/kanto/kanagawa/40_4050_room.html?JKSS=000060405,<li>東急東横線「日吉」駅バス10分 徒歩1～5分</li><li>横浜市営地下鉄グリーンライン「日吉本町」駅 徒歩6～9分</li><li>東急東横線「綱島」駅 徒歩16～19分</li>
kanagawa,hiyoshi,コンフォール南日吉,147600,横浜市営地下鉄グリーンライン「日吉本町」駅,6.0,9.0,,,,横浜市港北区日吉本町4-10ほか,6号棟,鉄筋コンクリート造,4,N,405号室,2DK,55,8,142300,5300,2か月,['近居割'],随時,https://www.ur-net.go.jp/chintai/kanto/kanagawa/40_4050_room.html?JKSS=000060405,<li>東急東横線「日吉」駅バス10分 徒歩1～5分</li><li>横浜市営地下鉄グリーンライン「日吉本町」駅 徒歩6～9分</li><li>東急東横線「綱島」駅 徒歩16～19分</li>
kanagawa,hiyoshi,コンフォール南日吉,147600,東急東横線「綱島」駅,16.0,19.0,,,,横浜市港北区日吉本町4-10ほか,6号棟,鉄筋コンクリート造,4,N,405号室,2DK,55,8,142300,5300,2か月,['近居割'],随時,https://www.ur-net.go.jp/chintai/kanto/kanagawa/40_4050_room.html?JKSS=000060405,<li>東急東横線「日吉」駅バス10分 徒歩1～5分</li><li>横浜市営地下鉄グリーンライン「日吉本町」駅 徒歩6～9分</li><li>東急東横線「綱島」駅 徒歩16～19分</li>
kanagawa,hiyoshi,コンフォール南日吉,147600,,,,,,,横浜市港北区日吉本町4-10ほか,6号棟,鉄筋コンクリート造,4,N,405号室,2DK,55,8,142300,5300,2か月,['近居割'],随時,https://www.ur-net.go.jp/chintai/kanto/kanagawa/40_4050_room.html?JKSS=000060405,<li>東急東横線「日吉」駅バス10分 徒歩1～5分</li><li>横浜市営地下鉄グリーンライン「日吉本町」駅 徒歩6～9分</li><li>東急東横線「綱島」駅 徒歩16～19分</li>
kanagawa,hiyoshi,サンヴァリエ日吉,135200,東急東横線「日吉」駅,19.0,23.0,東急東横線「日吉」駅,15.0,18.0,横浜市港北区下田町4-1ほか,12号棟,鉄筋コンクリート造,2,N,215号室,1LDK,53,8,130800,4400,2か月,['近居割'],随時,https://www.ur-net.go.jp/chintai/kanto/kanagawa/40_3290_room.html?JKSS=000120215,<li>東急東横線「日吉」駅 徒歩19～23分</li><li>東急東横線「日吉」駅バス14分 徒歩1～4分</li><li>横浜市営地下鉄グリーンライン「日吉本町」駅 徒歩13～16分</li>
kanagawa,hiyoshi,サンヴァリエ日吉,135200,横浜市営地下鉄グリーンライン「日吉本町」駅,13.0,16.0,,,,横浜市港北区下田町4-1ほか,12号棟,鉄筋コンクリート造,2,N,215号室,1LDK,53,8,130800,4400,2か月,['近居割'],随時,https://www.ur-net.go.jp/chintai/kanto/kanagawa/40_3290_room.html?JKSS=000120215,<li>東急東横線「日吉」駅 徒歩19～23分</li><li>東急東横線「日吉」駅バス14分 徒歩1～4分</li><li>横浜市営地下鉄グリーンライン「日吉本町」駅 徒歩13～16分</li>
kanagawa,hiyoshi,サンヴァリエ日吉,135200,,,,,,,横浜市港北区下田町4-1ほか,12号棟,鉄筋コンクリート造,2,N,215号室,1LDK,53,8,130800,4400,2か月,['近居割'],随時,https://www.ur-net.go.jp/chintai/kanto/kanagawa/40_3290_room.html?JKSS=000120215,<li>東急東横線「日吉」駅 徒歩19～23分</li><li>東急東横線「日吉」駅バス14分 徒歩1～4分</li><li>横浜市営地下鉄グリーンライン「日吉本町」駅 徒歩13～16分</li>
kanagawa,hiyoshi,サンヴァリエ日吉,169100,東急東横線「日吉」駅,19.0,23.0,東急東横線「日吉」駅,15.0,18.0,横浜市港北区下田町4-1ほか,12号棟,鉄筋コンクリート造,7,N,716号室,3DK,68,8,164700,4400,2か月,['近居割'],随時,https://www.ur-net.go.jp/chintai/kanto/kanagawa/40_3290_room.html?JKSS=000120716,<li>東急東横線「日吉」駅 徒歩19～23分</li><li>東急東横線「日吉」駅バス14分 徒歩1～4分</li><li>横浜市営地下鉄グリーンライン「日吉本町」駅 徒歩13～16分</li>
kanagawa,hiyoshi,サンヴァリエ日吉,169100,横浜市営地下鉄グリーンライン「日吉本町」駅,13.0,16.0,,,,横浜市港北区下田町4-1ほか,12号棟,鉄筋コンクリート造,7,N,716号室,3DK,68,8,164700,4400,2か月,['近居割'],随時,https://www.ur-net.go.jp/chintai/kanto/kanagawa/40_3290_room.html?JKSS=000120716,<li>東急東横線「日吉」駅 徒歩19～23分</li><li>東急東横線「日吉」駅バス14分 徒歩1～4分</li><li>横浜市営地下鉄グリーンライン「日吉本町」駅 徒歩13～16分</li>
kanagawa,hiyoshi,サンヴァリエ日吉,169100,,,,,,,横浜市港北区下田町4-1ほか,12号棟,鉄筋コンクリート造,7,N,716号室,3DK,68,8,164700,4400,2か月,['近居割'],随時,https://www.ur-net.go.jp/chintai/kanto/kanagawa/40_3290_room.html?JKSS=000120716,<li>東急東横線「日吉」駅 徒歩19～23分</li><li>東急東横線「日吉」駅バス14分 徒歩1～4分</li><li>横浜市営地下鉄グリーンライン「日吉本町」駅 徒歩13～16分</li>
kanagawa,hiyoshi,サンヴァリエ日吉,178100,東急東横線「日吉」駅,19.0,23.0,東急東横線「日吉」駅,15.0,18.0,横浜市港北区下田町4-1ほか,2号棟,鉄筋コンクリート造,3,N,308号室,3LDK,71,5,173700,4400,2か月,['近居割'],随時,https://www.ur-net.go.jp/chintai/kanto/kanagawa/40_3290_room.html?JKSS=000020308,<li>東急東横線「日吉」駅 徒歩19～23分</li><li>東急東横線「日吉」駅バス14分 徒歩1～4分</li><li>横浜市営地下鉄グリーンライン「日吉本町」駅 徒歩13～16分</li>
kanagawa,hiyoshi,サンヴァリエ日吉,178100,横浜市営地下鉄グリーンライン「日吉本町」駅,13.0,16.0,,,,横浜市港北区下田町4-1ほか,2号棟,鉄筋コンクリート造,3,N,308号室,3LDK,71,5,173700,4400,2か月,['近居割'],随時,https://www.ur-net.go.jp/chintai/kanto/kanagawa/40_3290_room.html?JKSS=000020308,<li>東急東横線「日吉」駅 徒歩19～23分</li><li>東急東横線「日吉」駅バス14分 徒歩1～4分</li><li>横浜市営地下鉄グリーンライン「日吉本町」駅 徒歩13～16分</li>
kanagawa,hiyoshi,サンヴァリエ日吉,178100,,,,,,,横浜市港北区下田町4-1ほか,2号棟,鉄筋コンクリート造,3,N,308号室,3LDK,71,5,173700,4400,2か月,['近居割'],随時,https://www.ur-net.go.jp/chintai/kanto/kanagawa/40_3290_room.html?JKSS=000020308,<li>東急東横線「日吉」駅 徒歩19～23分</li><li>東急東横線「日吉」駅バス14分 徒歩1～4分</li><li>横浜市営地下鉄グリーンライン「日吉本町」駅 徒歩13～16分</li>
kanagawa,hiyoshi,サンヴァリエ日吉,178100,東急東横線「日吉」駅,19.0,23.0,東急東横線「日吉」駅,15.0,18.0,横浜市港北区下田町4-1ほか,2号棟,鉄筋コンクリート造,4,N,408号室,3LDK,71,5,173700,4400,2か月,['近居割'],随時,https://www.ur-net.go.jp/chintai/kanto/kanagawa/40_3290_room.html?JKSS=000020408,<li>東急東横線「日吉」駅 徒歩19～23分</li><li>東急東横線「日吉」駅バス14分 徒歩1～4分</li><li>横浜市営地下鉄グリーンライン「日吉本町」駅 徒歩13～16分</li>
kanagawa,hiyoshi,サンヴァリエ日吉,178100,横浜市営地下鉄グリーンライン「日吉本町」駅,13.0,16.0,,,,横浜市港北区下田町4-1ほか,2号棟,鉄筋コンクリート造,4,N,408号室,3LDK,71,5,173700,4400,2か月,['近居割'],随時,https://www.ur-net.go.jp/chintai/kanto/kanagawa/40_3290_room.html?JKSS=000020408,<li>東急東横線「日吉」駅 徒歩19～23分</li><li>東急東横線「日吉」駅バス14分 徒歩1～4分</li><li>横浜市営地下鉄グリーンライン「日吉本町」駅 徒歩13～16分</li>
kanagawa,hiyoshi,サンヴァリエ日吉,178100,,,,,,,横浜市港北区下田町4-1ほか,2号棟,鉄筋コンクリート造,4,N,408号室,3LDK,71,5,173700,4400,2か月,['近居割'],随時,https://www.ur-net.go.jp/chintai/kanto/kanagawa/40_3290_room.html?JKSS=000020408,<li>東急東横線「日吉」駅 徒歩19～23分</li><li>東急東横線「日吉」駅バス14分 徒歩1～4分</li><li>横浜市営地下鉄グリーンライン「日吉本町」駅 徒歩13～16分</li>
kanagawa,kohoku,霧が丘グリーンタウン,94400,,,,JR横浜線「十日市場」駅,9.0,13.0,横浜市緑区霧が丘3-22-5ほか,22-5号棟,鉄筋コンクリート造,5,N,505号室,2LDK,67,5,89400,5000,2か月,['近居割'],随時,https://www.ur-net.go.jp/chintai/kanto/kanagawa/40_2030_room.html?JKSS=022050505,<li>JR横浜線「十日市場」駅バス7分 徒歩2～6分</li><li>東急田園都市線「青葉台」駅バス19分 徒歩2～6分</li><li>JR横浜線「長津田」駅バス11分 徒歩6～13分</li>
kanagawa,kohoku,霧が丘グリーンタウン,94400,,,,東急田園都市線「青葉台」駅,21.0,25.0,横浜市緑区霧が丘3-22-5ほか,22-5号棟,鉄筋コンクリート造,5,N,505号室,2LDK,67,5,89400,5000,2か月,['近居割'],随時,https://www.ur-net.go.jp/chintai/kanto/kanagawa/40_2030_room.html?JKSS=022050505,<li>JR横浜線「十日市場」駅バス7分 徒歩2～6分</li><li>東急田園都市線「青葉台」駅バス19分 徒歩2～6分</li><li>JR横浜線「長津田」駅バス11分 徒歩6～13分</li>
kanagawa,kohoku,霧が丘グリーンタウン,94400,,,,JR横浜線「長津田」駅,17.0,24.0,横浜市緑区霧が丘3-22-5ほか,22-5号棟,鉄筋コンクリート造,5,N,505号室,2LDK,67,5,89400,5000,2か月,['近居割'],随時,https://www.ur-net.go.jp/chintai/kanto/kanagawa/40_2030_room.html?JKSS=022050505,<li>JR横浜線「十日市場」駅バス7分 徒歩2～6分</li><li>東急田園都市線「青葉台」駅バス19分 徒歩2～6分</li><li>JR横浜線「長津田」駅バス11分 徒歩6～13分</li>
kanagawa,kohoku,霧が丘グリーンタウン,94400,,,,,,,横浜市緑区霧が丘3-22-5ほか,22-5号棟,鉄筋コンクリート造,5,N,505号室,2LDK,67,5,89400,5000,2か月,['近居割'],随時,https://www.ur-net.go.jp/chintai/kanto/kanagawa/40_2030_room.html?JKSS=022050505,<li>JR横浜線「十日市場」駅バス7分 徒歩2～6分</li><li>東急田園都市線「青葉台」駅バス19分 徒歩2～6分</li><li>JR横浜線「長津田」駅バス11分 徒歩6～13分</li>
kanagawa,kohoku,霧が丘グリーンタウン,100700,,,,JR横浜線「十日市場」駅,9.0,13.0,横浜市緑区霧が丘3-22-5ほか,22-10号棟,鉄筋コンクリート造,2,N,203号室,3DK,67,5,95700,5000,2か月,['近居割'],随時,https://www.ur-net.go.jp/chintai/kanto/kanagawa/40_2030_room.html?JKSS=022100203,<li>JR横浜線「十日市場」駅バス7分 徒歩2～6分</li><li>東急田園都市線「青葉台」駅バス19分 徒歩2～6分</li><li>JR横浜線「長津田」駅バス11分 徒歩6～13分</li>
kanagawa,kohoku,霧が丘グリーンタウン,100700,,,,東急田園都市線「青葉台」駅,21.0,25.0,横浜市緑区霧が丘3-22-5ほか,22-10号棟,鉄筋コンクリート造,2,N,203号室,3DK,67,5,95700,5000,2か月,['近居割'],随時,https://www.ur-net.go.jp/chintai/kanto/kanagawa/40_2030_room.html?JKSS=022100203,<li>JR横浜線「十日市場」駅バス7分 徒歩2～6分</li><li>東急田園都市線「青葉台」駅バス19分 徒歩2～6分</li><li>JR横浜線「長津田」駅バス11分 徒歩6～13分</li>
kanagawa,kohoku,霧が丘グリーンタウン,100700,,,,JR横浜線「長津田」駅,17.0,24.0,横浜市緑区霧が丘3-22-5ほか,22-10号棟,鉄筋コンクリート造,2,N,203号室,3DK,67,5,95700,5000,2か月,['近居割'],随時,https://www.ur-net.go.jp/chintai/kanto/kanagawa/40_2030_room.html?JKSS=022100203,<li>JR横浜線「十日市場」駅バス7分 徒歩2～6分</li><li>東急田園都市線「青葉台」駅バス19分 徒歩2～6分</li><li>JR横浜線「長津田」駅バス11分 徒歩6～13分</li>
kanagawa,kohoku,霧が丘グリーンタウン,100700,,,,,,,横浜市緑区霧が丘3-22-5ほか,22-10号棟,鉄筋コンクリート造,2,N,203号室,3DK,67,5,95700,5000,2か月,['近居割'],随時,https://www.ur-net.go.jp/chintai/kanto/kanagawa/40_2030_room.html?JKSS=022100203,<li>JR横浜線「十日市場」駅バス7分 徒歩2～6分</li><li>東急田園都市線「青葉台」駅バス19分 徒歩2～6分</li><li>JR横浜線「長津田」駅バス11分 徒歩6～13分</li>
kanagawa,kohoku,霧が丘グリーンタウン,111800,,,,JR横浜線「十日市場」駅,9.0,13.0,横浜市緑区霧が丘3-22-5ほか,24-5号棟,鉄筋コンクリート造,5,N,502号室,3LDK,84,5,106800,5000,2か月,['近居割'],随時,https://www.ur-net.go.jp/chintai/kanto/kanagawa/40_2030_room.html?JKSS=024050502,<li>JR横浜線「十日市場」駅バス7分 徒歩2～6分</li><li>東急田園都市線「青葉台」駅バス19分 徒歩2～6分</li><li>JR横浜線「長津田」駅バス11分 徒歩6～13分</li>
kanagawa,kohoku,霧が丘グリーンタウン,111800,,,,東急田園都市線「青葉台」駅,21.0,25.0,横浜市緑区霧が丘3-22-5ほか,24-5号棟,鉄筋コンクリート造,5,N,502号室,3LDK,84,5,106800,5000,2か月,['近居割'],随時,https://www.ur-net.go.jp/chintai/kanto/kanagawa/40_2030_room.html?JKSS=024050502,<li>JR横浜線「十日市場」駅バス7分 徒歩2～6分</li><li>東急田園都市線「青葉台」駅バス19分 徒歩2～6分</li><li>JR横浜線「長津田」駅バス11分 徒歩6～13分</li>
kanagawa,kohoku,霧が丘グリーンタウン,111800,,,,JR横浜線「長津田」駅,17.0,24.0,横浜市緑区霧が丘3-22-5ほか,24-5号棟,鉄筋コンクリート造,5,N,502号室,3LDK,84,5,106800,5000,2か月,['近居割'],随時,https://www.ur-net.go.jp/chintai/kanto/kanagawa/40_2030_room.html?JKSS=024050502,<li>JR横浜線「十日市場」駅バス7分 徒歩2～6分</li><li>東急田園都市線「青葉台」駅バス19分 徒歩2～6分</li><li>JR横浜線「長津田」駅バス11分 徒歩6～13分</li>
kanagawa,kohoku,霧が丘グリーンタウン,111800,,,,,,,横浜市緑区霧が丘3-22-5ほか,24-5号棟,鉄筋コンクリート造,5,N,502号室,3LDK,84,5,106800,5000,2か月,['近居割'],随時,https://www.ur-net.go.jp/chintai/kanto/kanagawa/40_2030_room.html?JKSS=024050502,<li>JR横浜線「十日市場」駅バス7分 徒歩2～6分</li><li>東急田園都市線「青葉台」駅バス19分 徒歩2～6分</li><li>JR横浜線「長津田」駅バス11分 徒歩6～13分</li>
kanagawa,kohoku,霧が丘グリーンタウン,114400,,,,JR横浜線「十日市場」駅,9.0,13.0,横浜市緑区霧が丘3-22-5ほか,24-5号棟,鉄筋コンクリート造,4,N,407号室,3LDK,84,5,109400,5000,2か月,['近居割'],随時,https://www.ur-net.go.jp/chintai/kanto/kanagawa/40_2030_room.html?JKSS=024050407,<li>JR横浜線「十日市場」駅バス7分 徒歩2～6分</li><li>東急田園都市線「青葉台」駅バス19分 徒歩2～6分</li><li>JR横浜線「長津田」駅バス11分 徒歩6～13分</li>
kanagawa,kohoku,霧が丘グリーンタウン,114400,,,,東急田園都市線「青葉台」駅,21.0,25.0,横浜市緑区霧が丘3-22-5ほか,24-5号棟,鉄筋コンクリート造,4,N,407号室,3LDK,84,5,109400,5000,2か月,['近居割'],随時,https://www.ur-net.go.jp/chintai/kanto/kanagawa/40_2030_room.html?JKSS=024050407,<li>JR横浜線「十日市場」駅バス7分 徒歩2～6分</li><li>東急田園都市線「青葉台」駅バス19分 徒歩2～6分</li><li>JR横浜線「長津田」駅バス11分 徒歩6～13分</li>
kanagawa,kohoku,霧が丘グリーンタウン,114400,,,,JR横浜線「長津田」駅,17.0,24.0,横浜市緑区霧が丘3-22-5ほか,24-5号棟,鉄筋コンクリート造,4,N,407号室,3LDK,84,5,109400,5000,2か月,['近居割'],随時,https://www.ur-net.go.jp/chintai/kanto/kanagawa/40_2030_room.html?JKSS=024050407,<li>JR横浜線「十日市場」駅バス7分 徒歩2～6分</li><li>東急田園都市線「青葉台」駅バス19分 徒歩2～6分</li><li>JR横浜線「長津田」駅バス11分 徒歩6～13分</li>
kanagawa,kohoku,霧が丘グリーンタウン,114400,,,,,,,横浜市緑区霧が丘3-22-5ほか,24-5号棟,鉄筋コンクリート造,4,N,407号室,3LDK,84,5,109400,5000,2か月,['近居割'],随時,https://www.ur-net.go.jp/chintai/kanto/kanagawa/40_2030_room.html?JKSS=024050407,<li>JR横浜線「十日市場」駅バス7分 徒歩2～6分</li><li>東急田園都市線「青葉台」駅バス19分 徒歩2～6分</li><li>JR横浜線「長津田」駅バス11分 徒歩6～13分</li>
kanagawa,shinyurigaoka,グリーンヒル鴨志田中央,109400,,,,東急田園都市線「青葉台」駅,10.0,11.0,横浜市青葉区鴨志田町539-3,3号棟,鉄筋コンクリート造,5,N,502号室,3DK,61,5,104300,5100,2か月,['近居割'],随時,https://www.ur-net.go.jp/chintai/kanto/kanagawa/40_2880_room.html?JKSS=000030502,<li>東急田園都市線「青葉台」駅バス8分 徒歩2～3分</li><li>小田急小田原線「柿生」駅バス13分 徒歩2～3分</li><li>東急こどもの国線「こどもの国」駅 徒歩36分</li>
kanagawa,shinyurigaoka,グリーンヒル鴨志田中央,109400,,,,小田急小田原線「柿生」駅,15.0,16.0,横浜市青葉区鴨志田町539-3,3号棟,鉄筋コンクリート造,5,N,502号室,3DK,61,5,104300,5100,2か月,['近居割'],随時,https://www.ur-net.go.jp/chintai/kanto/kanagawa/40_2880_room.html?JKSS=000030502,<li>東急田園都市線「青葉台」駅バス8分 徒歩2～3分</li><li>小田急小田原線「柿生」駅バス13分 徒歩2～3分</li><li>東急こどもの国線「こどもの国」駅 徒歩36分</li>
kanagawa,shinyurigaoka,グリーンヒル鴨志田中央,109400,東急こどもの国線「こどもの国」駅,36.0,36.0,,,,横浜市青葉区鴨志田町539-3,3号棟,鉄筋コンクリート造,5,N,502号室,3DK,61,5,104300,5100,2か月,['近居割'],随時,https://www.ur-net.go.jp/chintai/kanto/kanagawa/40_2880_room.html?JKSS=000030502,<li>東急田園都市線「青葉台」駅バス8分 徒歩2～3分</li><li>小田急小田原線「柿生」駅バス13分 徒歩2～3分</li><li>東急こどもの国線「こどもの国」駅 徒歩36分</li>
kanagawa,shinyurigaoka,グリーンヒル鴨志田中央,109400,,,,,,,横浜市青葉区鴨志田町539-3,3号棟,鉄筋コンクリート造,5,N,502号室,3DK,61,5,104300,5100,2か月,['近居割'],随時,https://www.ur-net.go.jp/chintai/kanto/kanagawa/40_2880_room.html?JKSS=000030502,<li>東急田園都市線「青葉台」駅バス8分 徒歩2～3分</li><li>小田急小田原線「柿生」駅バス13分 徒歩2～3分</li><li>東急こどもの国線「こどもの国」駅 徒歩36分</li>
kanagawa,kohoku,港北ニュータウン　プロムナード仲町台,150500,横浜市営地下鉄ブルーライン「仲町台」駅,4.0,5.0,,,,横浜市都筑区仲町台5-7,5号棟,鉄筋コンクリート造,5,N,503号室,2DK,57,12,145100,5400,2か月,['近居割'],随時,https://www.ur-net.go.jp/chintai/kanto/kanagawa/40_3340_room.html?JKSS=000050503,<li>横浜市営地下鉄ブルーライン「仲町台」駅 徒歩4～5分</li><li>横浜市営地下鉄グリーンライン「センター南」駅 徒歩24分</li>
kanagawa,kohoku,港北ニュータウン　プロムナード仲町台,150500,横浜市営地下鉄グリーンライン「センター南」駅,24.0,24.0,,,,横浜市都筑区仲町台5-7,5号棟,鉄筋コンクリート造,5,N,503号室,2DK,57,12,145100,5400,2か月,['近居割'],随時,https://www.ur-net.go.jp/chintai/kanto/kanagawa/40_3340_room.html?JKSS=000050503,<li>横浜市営地下鉄ブルーライン「仲町台」駅 徒歩4～5分</li><li>横浜市営地下鉄グリーンライン「センター南」駅 徒歩24分</li>
kanagawa,kohoku,港北ニュータウン　プロムナード仲町台,150500,,,,,,,横浜市都筑区仲町台5-7,5号棟,鉄筋コンクリート造,5,N,503号室,2DK,57,12,145100,5400,2か月,['近居割'],随時,https://www.ur-net.go.jp/chintai/kanto/kanagawa/40_3340_room.html?JKSS=000050503,<li>横浜市営地下鉄ブルーライン「仲町台」駅 徒歩4～5分</li><li>横浜市営地下鉄グリーンライン「センター南」駅 徒歩24分</li>
kanagawa,yokohamanishiguchi,ビューコート小港,125100,みなとみらい線「元町・中華街」駅,21.0,23.0,,,,横浜市中区小港町1-1-2,8号棟,鉄筋コンクリート造,7,N,705号室,2DK,49,14,119800,5300,2か月,['URライト（2年定借）'],随時,https://www.ur-net.go.jp/chintai/kanto/kanagawa/40_3310_room.html?JKSS=000080705,<li>みなとみらい線「元町・中華街」駅 徒歩21～23分</li><li>JR京浜東北・根岸線「桜木町」駅バス18分 徒歩3～5分</li><li>JR京浜東北・根岸線「根岸」駅バス18分 徒歩3～5分</li>
kanagawa,yokohamanishiguchi,ビューコート小港,125100,,,,JR京浜東北・根岸線「桜木町」駅,21.0,23.0,横浜市中区小港町1-1-2,8号棟,鉄筋コンクリート造,7,N,705号室,2DK,49,14,119800,5300,2か月,['URライト（2年定借）'],随時,https://www.ur-net.go.jp/chintai/kanto/kanagawa/40_3310_room.html?JKSS=000080705,<li>みなとみらい線「元町・中華街」駅 徒歩21～23分</li><li>JR京浜東北・根岸線「桜木町」駅バス18分 徒歩3～5分</li><li>JR京浜東北・根岸線「根岸」駅バス18分 徒歩3～5分</li>
kanagawa,yokohamanishiguchi,ビューコート小港,125100,,,,JR京浜東北・根岸線「根岸」駅,21.0,23.0,横浜市中区小港町1-1-2,8号棟,鉄筋コンクリート造,7,N,705号室,2DK,49,14,119800,5300,2か月,['URライト（2年定借）'],随時,https://www.ur-net.go.jp/chintai/kanto/kanagawa/40_3310_room.html?JKSS=000080705,<li>みなとみらい線「元町・中華街」駅 徒歩21～23分</li><li>JR京浜東北・根岸線「桜木町」駅バス18分 徒歩3～5分</li><li>JR京浜東北・根岸線「根岸」駅バス18分 徒歩3～5分</li>
kanagawa,yokohamanishiguchi,ビューコート小港,125100,,,,,,,横浜市中区小港町1-1-2,8号棟,鉄筋コンクリート造,7,N,705号室,2DK,49,14,119800,5300,2か月,['URライト（2年定借）'],随時,https://www.ur-net.go.jp/chintai/kanto/kanagawa/40_3310_room.html?JKSS=000080705,<li>みなとみらい線「元町・中華街」駅 徒歩21～23分</li><li>JR京浜東北・根岸線「桜木町」駅バス18分 徒歩3～5分</li><li>JR京浜東北・根岸線「根岸」駅バス18分 徒歩3～5分</li>
kanagawa,yokohamanishiguchi,ビューコート小港,145600,みなとみらい線「元町・中華街」駅,21.0,23.0,,,,横浜市中区小港町1-1-2,6号棟,鉄筋コンクリート造,1,N,107号室,3LDK,73,14,140300,5300,2か月,['近居割'],随時,https://www.ur-net.go.jp/chintai/kanto/kanagawa/40_3310_room.html?JKSS=000060107,<li>みなとみらい線「元町・中華街」駅 徒歩21～23分</li><li>JR京浜東北・根岸線「桜木町」駅バス18分 徒歩3～5分</li><li>JR京浜東北・根岸線「根岸」駅バス18分 徒歩3～5分</li>
kanagawa,yokohamanishiguchi,ビューコート小港,145600,,,,JR京浜東北・根岸線「桜木町」駅,21.0,23.0,横浜市中区小港町1-1-2,6号棟,鉄筋コンクリート造,1,N,107号室,3LDK,73,14,140300,5300,2か月,['近居割'],随時,https://www.ur-net.go.jp/chintai/kanto/kanagawa/40_3310_room.html?JKSS=000060107,<li>みなとみらい線「元町・中華街」駅 徒歩21～23分</li><li>JR京浜東北・根岸線「桜木町」駅バス18分 徒歩3～5分</li><li>JR京浜東北・根岸線「根岸」駅バス18分 徒歩3～5分</li>
kanagawa,yokohamanishiguchi,ビューコート小港,145600,,,,JR京浜東北・根岸線「根岸」駅,21.0,23.0,横浜市中区小港町1-1-2,6号棟,鉄筋コンクリート造,1,N,107号室,3LDK,73,14,140300,5300,2か月,['近居割'],随時,https://www.ur-net.go.jp/chintai/kanto/kanagawa/40_3310_room.html?JKSS=000060107,<li>みなとみらい線「元町・中華街」駅 徒歩21～23分</li><li>JR京浜東北・根岸線「桜木町」駅バス18分 徒歩3～5分</li><li>JR京浜東北・根岸線「根岸」駅バス18分 徒歩3～5分</li>
kanagawa,yokohamanishiguchi,ビューコート小港,145600,,,,,,,横浜市中区小港町1-1-2,6号棟,鉄筋コンクリート造,1,N,107号室,3LDK,73,14,140300,5300,2か月,['近居割'],随時,https://www.ur-net.go.jp/chintai/kanto/kanagawa/40_3310_room.html?JKSS=000060107,<li>みなとみらい線「元町・中華街」駅 徒歩21～23分</li><li>JR京浜東北・根岸線「桜木町」駅バス18分 徒歩3～5分</li><li>JR京浜東北・根岸線「根岸」駅バス18分 徒歩3～5分</li>
kanagawa,yokohamanishiguchi,ビューコート小港,155200,みなとみらい線「元町・中華街」駅,21.0,23.0,,,,横浜市中区小港町1-1-2,5号棟,鉄筋コンクリート造,14,N,1404号室,3DK,62,14,149900,5300,2か月,['近居割'],随時,https://www.ur-net.go.jp/chintai/kanto/kanagawa/40_3310_room.html?JKSS=000051404,<li>みなとみらい線「元町・中華街」駅 徒歩21～23分</li><li>JR京浜東北・根岸線「桜木町」駅バス18分 徒歩3～5分</li><li>JR京浜東北・根岸線「根岸」駅バス18分 徒歩3～5分</li>
kanagawa,yokohamanishiguchi,ビューコート小港,155200,,,,JR京浜東北・根岸線「桜木町」駅,21.0,23.0,横浜市中区小港町1-1-2,5号棟,鉄筋コンクリート造,14,N,1404号室,3DK,62,14,149900,5300,2か月,['近居割'],随時,https://www.ur-net.go.jp/chintai/kanto/kanagawa/40_3310_room.html?JKSS=000051404,<li>みなとみらい線「元町・中華街」駅 徒歩21～23分</li><li>JR京浜東北・根岸線「桜木町」駅バス18分 徒歩3～5分</li><li>JR京浜東北・根岸線「根岸」駅バス18分 徒歩3～5分</li>
kanagawa,yokohamanishiguchi,ビューコート小港,155200,,,,JR京浜東北・根岸線「根岸」駅,21.0,23.0,横浜市中区小港町1-1-2,5号棟,鉄筋コンクリート造,14,N,1404号室,3DK,62,14,149900,5300,2か月,['近居割'],随時,https://www.ur-net.go.jp/chintai/kanto/kanagawa/40_3310_room.html?JKSS=000051404,<li>みなとみらい線「元町・中華街」駅 徒歩21～23分</li><li>JR京浜東北・根岸線「桜木町」駅バス18分 徒歩3～5分</li><li>JR京浜東北・根岸線「根岸」駅バス18分 徒歩3～5分</li>
kanagawa,yokohamanishiguchi,ビューコート小港,155200,,,,,,,横浜市中区小港町1-1-2,5号棟,鉄筋コンクリート造,14,N,1404号室,3DK,62,14,149900,5300,2か月,['近居割'],随時,https://www.ur-net.go.jp/chintai/kanto/kanagawa/40_3310_room.html?JKSS=000051404,<li>みなとみらい線「元町・中華街」駅 徒歩21～23分</li><li>JR京浜東北・根岸線「桜木町」駅バス18分 徒歩3～5分</li><li>JR京浜東北・根岸線「根岸」駅バス18分 徒歩3～5分</li>
kanagawa,yokohamanishiguchi,ベイシティ本牧南,145600,,,,JR京浜東北・根岸線「根岸」駅,16.0,19.0,横浜市中区本牧原21,4号棟,鉄筋コンクリート造,6,N,605号室,1LDK,54,8,140600,5000,2か月,['近居割'],随時,https://www.ur-net.go.jp/chintai/kanto/kanagawa/40_3820_room.html?JKSS=000040605,<li>JR京浜東北・根岸線「根岸」駅バス13分 徒歩3～6分</li><li>みなとみらい線「元町・中華街」駅バス13分 徒歩3～6分</li><li>JR京浜東北・根岸線「桜木町」駅バス24分 徒歩3～6分</li>
kanagawa,yokohamanishiguchi,ベイシティ本牧南,145600,,,,みなとみらい線「元町・中華街」駅,16.0,19.0,横浜市中区本牧原21,4号棟,鉄筋コンクリート造,6,N,605号室,1LDK,54,8,140600,5000,2か月,['近居割'],随時,https://www.ur-net.go.jp/chintai/kanto/kanagawa/40_3820_room.html?JKSS=000040605,<li>JR京浜東北・根岸線「根岸」駅バス13分 徒歩3～6分</li><li>みなとみらい線「元町・中華街」駅バス13分 徒歩3～6分</li><li>JR京浜東北・根岸線「桜木町」駅バス24分 徒歩3～6分</li>
kanagawa,yokohamanishiguchi,ベイシティ本牧南,145600,,,,JR京浜東北・根岸線「桜木町」駅,27.0,30.0,横浜市中区本牧原21,4号棟,鉄筋コンクリート造,6,N,605号室,1LDK,54,8,140600,5000,2か月,['近居割'],随時,https://www.ur-net.go.jp/chintai/kanto/kanagawa/40_3820_room.html?JKSS=000040605,<li>JR京浜東北・根岸線「根岸」駅バス13分 徒歩3～6分</li><li>みなとみらい線「元町・中華街」駅バス13分 徒歩3～6分</li><li>JR京浜東北・根岸線「桜木町」駅バス24分 徒歩3～6分</li>
kanagawa,yokohamanishiguchi,ベイシティ本牧南,145600,,,,,,,横浜市中区本牧原21,4号棟,鉄筋コンクリート造,6,N,605号室,1LDK,54,8,140600,5000,2か月,['近居割'],随時,https://www.ur-net.go.jp/chintai/kanto/kanagawa/40_3820_room.html?JKSS=000040605,<li>JR京浜東北・根岸線「根岸」駅バス13分 徒歩3～6分</li><li>みなとみらい線「元町・中華街」駅バス13分 徒歩3～6分</li><li>JR京浜東北・根岸線「桜木町」駅バス24分 徒歩3～6分</li>
kanagawa,yokohamanishiguchi,ベイシティ本牧南,159100,,,,JR京浜東北・根岸線「根岸」駅,16.0,19.0,横浜市中区本牧原21,3号棟,鉄筋コンクリート造,5,N,504号室,3LDK,76,12,154100,5000,2か月,['近居割'],随時,https://www.ur-net.go.jp/chintai/kanto/kanagawa/40_3820_room.html?JKSS=000030504,<li>JR京浜東北・根岸線「根岸」駅バス13分 徒歩3～6分</li><li>みなとみらい線「元町・中華街」駅バス13分 徒歩3～6分</li><li>JR京浜東北・根岸線「桜木町」駅バス24分 徒歩3～6分</li>
kanagawa,yokohamanishiguchi,ベイシティ本牧南,159100,,,,みなとみらい線「元町・中華街」駅,16.0,19.0,横浜市中区本牧原21,3号棟,鉄筋コンクリート造,5,N,504号室,3LDK,76,12,154100,5000,2か月,['近居割'],随時,https://www.ur-net.go.jp/chintai/kanto/kanagawa/40_3820_room.html?JKSS=000030504,<li>JR京浜東北・根岸線「根岸」駅バス13分 徒歩3～6分</li><li>みなとみらい線「元町・中華街」駅バス13分 徒歩3～6分</li><li>JR京浜東北・根岸線「桜木町」駅バス24分 徒歩3～6分</li>
kanagawa,yokohamanishiguchi,ベイシティ本牧南,159100,,,,JR京浜東北・根岸線「桜木町」駅,27.0,30.0,横浜市中区本牧原21,3号棟,鉄筋コンクリート造,5,N,504号室,3LDK,76,12,154100,5000,2か月,['近居割'],随時,https://www.ur-net.go.jp/chintai/kanto/kanagawa/40_3820_room.html?JKSS=000030504,<li>JR京浜東北・根岸線「根岸」駅バス13分 徒歩3～6分</li><li>みなとみらい線「元町・中華街」駅バス13分 徒歩3～6分</li><li>JR京浜東北・根岸線「桜木町」駅バス24分 徒歩3～6分</li>
kanagawa,yokohamanishiguchi,ベイシティ本牧南,159100,,,,,,,横浜市中区本牧原21,3号棟,鉄筋コンクリート造,5,N,504号室,3LDK,76,12,154100,5000,2か月,['近居割'],随時,https://www.ur-net.go.jp/chintai/kanto/kanagawa/40_3820_room.html?JKSS=000030504,<li>JR京浜東北・根岸線「根岸」駅バス13分 徒歩3～6分</li><li>みなとみらい線「元町・中華街」駅バス13分 徒歩3～6分</li><li>JR京浜東北・根岸線「桜木町」駅バス24分 徒歩3～6分</li>
kanagawa,yokohamanishiguchi,ベイサイト本牧－Ⅰ,144400,,,,JR根岸線「根岸」駅,8.0,8.0,横浜市中区本牧和田34-1ほか,,鉄筋コンクリート造,5,N,517号室,3LDK,62,7,141400,3000,2か月,['近居割'],随時,https://www.ur-net.go.jp/chintai/kanto/kanagawa/40_2750_room.html?JKSS=000010517,<li>JR根岸線「根岸」駅 バス７分 徒歩1分</li><li>JR根岸線・横浜市営地下鉄ブルーライン「桜木町」バス26分徒歩1分</li>
kanagawa,yokohamanishiguchi,ベイサイト本牧－Ⅰ,144400,,,,JR根岸線・横浜市営地下鉄ブルーライン「桜木町」,27.0,27.0,横浜市中区本牧和田34-1ほか,,鉄筋コンクリート造,5,N,517号室,3LDK,62,7,141400,3000,2か月,['近居割'],随時,https://www.ur-net.go.jp/chintai/kanto/kanagawa/40_2750_room.html?JKSS=000010517,<li>JR根岸線「根岸」駅 バス７分 徒歩1分</li><li>JR根岸線・横浜市営地下鉄ブルーライン「桜木町」バス26分徒歩1分</li>
kanagawa,yokohamanishiguchi,ベイサイト本牧－Ⅰ,144400,,,,,,,横浜市中区本牧和田34-1ほか,,鉄筋コンクリート造,5,N,517号室,3LDK,62,7,141400,3000,2か月,['近居割'],随時,https://www.ur-net.go.jp/chintai/kanto/kanagawa/40_2750_room.html?JKSS=000010517,<li>JR根岸線「根岸」駅 バス７分 徒歩1分</li><li>JR根岸線・横浜市営地下鉄ブルーライン「桜木町」バス26分徒歩1分</li>
kanagawa,yokohamanishiguchi,プロムナード本牧,179400,,,,JR京浜東北・根岸線「根岸」駅,16.0,18.0,横浜市中区本牧宮原6-1,1号棟,鉄筋コンクリート造,2,N,203号室,3LDK,78,10,175000,4400,2か月,['近居割'],随時,https://www.ur-net.go.jp/chintai/kanto/kanagawa/40_4070_room.html?JKSS=000010203,<li>JR京浜東北・根岸線「根岸」駅バス14分 徒歩2～4分</li><li>みなとみらい線「元町・中華街」駅バス12分 徒歩2～4分</li><li>JR京浜東北・根岸線「石川町」駅バス13分 徒歩2～4分</li>
kanagawa,yokohamanishiguchi,プロムナード本牧,179400,,,,みなとみらい線「元町・中華街」駅,14.0,16.0,横浜市中区本牧宮原6-1,1号棟,鉄筋コンクリート造,2,N,203号室,3LDK,78,10,175000,4400,2か月,['近居割'],随時,https://www.ur-net.go.jp/chintai/kanto/kanagawa/40_4070_room.html?JKSS=000010203,<li>JR京浜東北・根岸線「根岸」駅バス14分 徒歩2～4分</li><li>みなとみらい線「元町・中華街」駅バス12分 徒歩2～4分</li><li>JR京浜東北・根岸線「石川町」駅バス13分 徒歩2～4分</li>
kanagawa,yokohamanishiguchi,プロムナード本牧,179400,,,,JR京浜東北・根岸線「石川町」駅,15.0,17.0,横浜市中区本牧宮原6-1,1号棟,鉄筋コンクリート造,2,N,203号室,3LDK,78,10,175000,4400,2か月,['近居割'],随時,https://www.ur-net.go.jp/chintai/kanto/kanagawa/40_4070_room.html?JKSS=000010203,<li>JR京浜東北・根岸線「根岸」駅バス14分 徒歩2～4分</li><li>みなとみらい線「元町・中華街」駅バス12分 徒歩2～4分</li><li>JR京浜東北・根岸線「石川町」駅バス13分 徒歩2～4分</li>
kanagawa,yokohamanishiguchi,プロムナード本牧,179400,,,,,,,横浜市中区本牧宮原6-1,1号棟,鉄筋コンクリート造,2,N,203号室,3LDK,78,10,175000,4400,2か月,['近居割'],随時,https://www.ur-net.go.jp/chintai/kanto/kanagawa/40_4070_room.html?JKSS=000010203,<li>JR京浜東北・根岸線「根岸」駅バス14分 徒歩2～4分</li><li>みなとみらい線「元町・中華街」駅バス12分 徒歩2～4分</li><li>JR京浜東北・根岸線「石川町」駅バス13分 徒歩2～4分</li>
kanagawa,yokohamanishiguchi,プロムナード本牧,227200,,,,JR京浜東北・根岸線「根岸」駅,16.0,18.0,横浜市中区本牧宮原6-1,2号棟,鉄筋コンクリート造,10,N,1001号室,4LDK,97,10,222800,4400,2か月,['近居割'],随時,https://www.ur-net.go.jp/chintai/kanto/kanagawa/40_4070_room.html?JKSS=000021001,<li>JR京浜東北・根岸線「根岸」駅バス14分 徒歩2～4分</li><li>みなとみらい線「元町・中華街」駅バス12分 徒歩2～4分</li><li>JR京浜東北・根岸線「石川町」駅バス13分 徒歩2～4分</li>
kanagawa,yokohamanishiguchi,プロムナード本牧,227200,,,,みなとみらい線「元町・中華街」駅,14.0,16.0,横浜市中区本牧宮原6-1,2号棟,鉄筋コンクリート造,10,N,1001号室,4LDK,97,10,222800,4400,2か月,['近居割'],随時,https://www.ur-net.go.jp/chintai/kanto/kanagawa/40_4070_room.html?JKSS=000021001,<li>JR京浜東北・根岸線「根岸」駅バス14分 徒歩2～4分</li><li>みなとみらい線「元町・中華街」駅バス12分 徒歩2～4分</li><li>JR京浜東北・根岸線「石川町」駅バス13分 徒歩2～4分</li>
kanagawa,yokohamanishiguchi,プロムナード本牧,227200,,,,JR京浜東北・根岸線「石川町」駅,15.0,17.0,横浜市中区本牧宮原6-1,2号棟,鉄筋コンクリート造,10,N,1001号室,4LDK,97,10,222800,4400,2か月,['近居割'],随時,https://www.ur-net.go.jp/chintai/kanto/kanagawa/40_4070_room.html?JKSS=000021001,<li>JR京浜東北・根岸線「根岸」駅バス14分 徒歩2～4分</li><li>みなとみらい線「元町・中華街」駅バス12分 徒歩2～4分</li><li>JR京浜東北・根岸線「石川町」駅バス13分 徒歩2～4分</li>
kanagawa,yokohamanishiguchi,プロムナード本牧,227200,,,,,,,横浜市中区本牧宮原6-1,2号棟,鉄筋コンクリート造,10,N,1001号室,4LDK,97,10,222800,4400,2か月,['近居割'],随時,https://www.ur-net.go.jp/chintai/kanto/kanagawa/40_4070_room.html?JKSS=000021001,<li>JR京浜東北・根岸線「根岸」駅バス14分 徒歩2～4分</li><li>みなとみらい線「元町・中華街」駅バス12分 徒歩2～4分</li><li>JR京浜東北・根岸線「石川町」駅バス13分 徒歩2～4分</li>
kanagawa,futamatagawa,左近山,68000,,,,相鉄本線「二俣川」駅,14.0,23.0,横浜市旭区左近山16-1ほか,9-12号棟,鉄筋コンクリート造、鉄骨鉄筋コンクリート造,3,N,301号室,1LDK,45,5,63200,4800,2か月,"['近居割', '近居割WIDE']",随時,https://www.ur-net.go.jp/chintai/kanto/kanagawa/40_1180_room.html?JKSS=009120301,<li>相鉄本線「二俣川」駅バス13～17分 徒歩1～6分</li><li>JR横須賀線「東戸塚」駅バス25～31分 徒歩1～6分</li><li>相鉄本線「鶴ヶ峰」駅バス24～29分 徒歩1～6分</li>
kanagawa,futamatagawa,左近山,68000,,,,JR横須賀線「東戸塚」駅,26.0,37.0,横浜市旭区左近山16-1ほか,9-12号棟,鉄筋コンクリート造、鉄骨鉄筋コンクリート造,3,N,301号室,1LDK,45,5,63200,4800,2か月,"['近居割', '近居割WIDE']",随時,https://www.ur-net.go.jp/chintai/kanto/kanagawa/40_1180_room.html?JKSS=009120301,<li>相鉄本線「二俣川」駅バス13～17分 徒歩1～6分</li><li>JR横須賀線「東戸塚」駅バス25～31分 徒歩1～6分</li><li>相鉄本線「鶴ヶ峰」駅バス24～29分 徒歩1～6分</li>
kanagawa,futamatagawa,左近山,68000,,,,相鉄本線「鶴ヶ峰」駅,25.0,35.0,横浜市旭区左近山16-1ほか,9-12号棟,鉄筋コンクリート造、鉄骨鉄筋コンクリート造,3,N,301号室,1LDK,45,5,63200,4800,2か月,"['近居割', '近居割WIDE']",随時,https://www.ur-net.go.jp/chintai/kanto/kanagawa/40_1180_room.html?JKSS=009120301,<li>相鉄本線「二俣川」駅バス13～17分 徒歩1～6分</li><li>JR横須賀線「東戸塚」駅バス25～31分 徒歩1～6分</li><li>相鉄本線「鶴ヶ峰」駅バス24～29分 徒歩1～6分</li>
kanagawa,futamatagawa,左近山,68000,,,,,,,横浜市旭区左近山16-1ほか,9-12号棟,鉄筋コンクリート造、鉄骨鉄筋コンクリート造,3,N,301号室,1LDK,45,5,63200,4800,2か月,"['近居割', '近居割WIDE']",随時,https://www.ur-net.go.jp/chintai/kanto/kanagawa/40_1180_room.html?JKSS=009120301,<li>相鉄本線「二俣川」駅バス13～17分 徒歩1～6分</li><li>JR横須賀線「東戸塚」駅バス25～31分 徒歩1～6分</li><li>相鉄本線「鶴ヶ峰」駅バス24～29分 徒歩1～6分</li>
kanagawa,futamatagawa,左近山,70600,,,,相鉄本線「二俣川」駅,14.0,23.0,横浜市旭区左近山16-1ほか,7-8号棟,鉄筋コンクリート造、鉄骨鉄筋コンクリート造,5,N,506号室,3K,50,5,65800,4800,2か月,"['近居割', '近居割WIDE']",随時,https://www.ur-net.go.jp/chintai/kanto/kanagawa/40_1180_room.html?JKSS=007080506,<li>相鉄本線「二俣川」駅バス13～17分 徒歩1～6分</li><li>JR横須賀線「東戸塚」駅バス25～31分 徒歩1～6分</li><li>相鉄本線「鶴ヶ峰」駅バス24～29分 徒歩1～6分</li>
kanagawa,futamatagawa,左近山,70600,,,,JR横須賀線「東戸塚」駅,26.0,37.0,横浜市旭区左近山16-1ほか,7-8号棟,鉄筋コンクリート造、鉄骨鉄筋コンクリート造,5,N,506号室,3K,50,5,65800,4800,2か月,"['近居割', '近居割WIDE']",随時,https://www.ur-net.go.jp/chintai/kanto/kanagawa/40_1180_room.html?JKSS=007080506,<li>相鉄本線「二俣川」駅バス13～17分 徒歩1～6分</li><li>JR横須賀線「東戸塚」駅バス25～31分 徒歩1～6分</li><li>相鉄本線「鶴ヶ峰」駅バス24～29分 徒歩1～6分</li>
kanagawa,futamatagawa,左近山,70600,,,,相鉄本線「鶴ヶ峰」駅,25.0,35.0,横浜市旭区左近山16-1ほか,7-8号棟,鉄筋コンクリート造、鉄骨鉄筋コンクリート造,5,N,506号室,3K,50,5,65800,4800,2か月,"['近居割', '近居割WIDE']",随時,https://www.ur-net.go.jp/chintai/kanto/kanagawa/40_1180_room.html?JKSS=007080506,<li>相鉄本線「二俣川」駅バス13～17分 徒歩1～6分</li><li>JR横須賀線「東戸塚」駅バス25～31分 徒歩1～6分</li><li>相鉄本線「鶴ヶ峰」駅バス24～29分 徒歩1～6分</li>
kanagawa,futamatagawa,左近山,70600,,,,,,,横浜市旭区左近山16-1ほか,7-8号棟,鉄筋コンクリート造、鉄骨鉄筋コンクリート造,5,N,506号室,3K,50,5,65800,4800,2か月,"['近居割', '近居割WIDE']",随時,https://www.ur-net.go.jp/chintai/kanto/kanagawa/40_1180_room.html?JKSS=007080506,<li>相鉄本線「二俣川」駅バス13～17分 徒歩1～6分</li><li>JR横須賀線「東戸塚」駅バス25～31分 徒歩1～6分</li><li>相鉄本線「鶴ヶ峰」駅バス24～29分 徒歩1～6分</li>
kanagawa,futamatagawa,左近山,70600,,,,相鉄本線「二俣川」駅,14.0,23.0,横浜市旭区左近山16-1ほか,8-7号棟,鉄筋コンクリート造、鉄骨鉄筋コンクリート造,5,N,503号室,2LDK,50,5,65800,4800,2か月,"['近居割', '近居割WIDE']",随時,https://www.ur-net.go.jp/chintai/kanto/kanagawa/40_1180_room.html?JKSS=008070503,<li>相鉄本線「二俣川」駅バス13～17分 徒歩1～6分</li><li>JR横須賀線「東戸塚」駅バス25～31分 徒歩1～6分</li><li>相鉄本線「鶴ヶ峰」駅バス24～29分 徒歩1～6分</li>
kanagawa,futamatagawa,左近山,70600,,,,JR横須賀線「東戸塚」駅,26.0,37.0,横浜市旭区左近山16-1ほか,8-7号棟,鉄筋コンクリート造、鉄骨鉄筋コンクリート造,5,N,503号室,2LDK,50,5,65800,4800,2か月,"['近居割', '近居割WIDE']",随時,https://www.ur-net.go.jp/chintai/kanto/kanagawa/40_1180_room.html?JKSS=008070503,<li>相鉄本線「二俣川」駅バス13～17分 徒歩1～6分</li><li>JR横須賀線「東戸塚」駅バス25～31分 徒歩1～6分</li><li>相鉄本線「鶴ヶ峰」駅バス24～29分 徒歩1～6分</li>
kanagawa,futamatagawa,左近山,70600,,,,相鉄本線「鶴ヶ峰」駅,25.0,35.0,横浜市旭区左近山16-1ほか,8-7号棟,鉄筋コンクリート造、鉄骨鉄筋コンクリート造,5,N,503号室,2LDK,50,5,65800,4800,2か月,"['近居割', '近居割WIDE']",随時,https://www.ur-net.go.jp/chintai/kanto/kanagawa/40_1180_room.html?JKSS=008070503,<li>相鉄本線「二俣川」駅バス13～17分 徒歩1～6分</li><li>JR横須賀線「東戸塚」駅バス25～31分 徒歩1～6分</li><li>相鉄本線「鶴ヶ峰」駅バス24～29分 徒歩1～6分</li>
kanagawa,futamatagawa,左近山,70600,,,,,,,横浜市旭区左近山16-1ほか,8-7号棟,鉄筋コンクリート造、鉄骨鉄筋コンクリート造,5,N,503号室,2LDK,50,5,65800,4800,2か月,"['近居割', '近居割WIDE']",随時,https://www.ur-net.go.jp/chintai/kanto/kanagawa/40_1180_room.html?JKSS=008070503,<li>相鉄本線「二俣川」駅バス13～17分 徒歩1～6分</li><li>JR横須賀線「東戸塚」駅バス25～31分 徒歩1～6分</li><li>相鉄本線「鶴ヶ峰」駅バス24～29分 徒歩1～6分</li>
kanagawa,futamatagawa,左近山,70600,,,,相鉄本線「二俣川」駅,14.0,23.0,横浜市旭区左近山16-1ほか,8-16号棟,鉄筋コンクリート造、鉄骨鉄筋コンクリート造,5,N,503号室,3K,50,5,65800,4800,2か月,"['近居割', '近居割WIDE']",随時,https://www.ur-net.go.jp/chintai/kanto/kanagawa/40_1180_room.html?JKSS=008160503,<li>相鉄本線「二俣川」駅バス13～17分 徒歩1～6分</li><li>JR横須賀線「東戸塚」駅バス25～31分 徒歩1～6分</li><li>相鉄本線「鶴ヶ峰」駅バス24～29分 徒歩1～6分</li>
kanagawa,futamatagawa,左近山,70600,,,,JR横須賀線「東戸塚」駅,26.0,37.0,横浜市旭区左近山16-1ほか,8-16号棟,鉄筋コンクリート造、鉄骨鉄筋コンクリート造,5,N,503号室,3K,50,5,65800,4800,2か月,"['近居割', '近居割WIDE']",随時,https://www.ur-net.go.jp/chintai/kanto/kanagawa/40_1180_room.html?JKSS=008160503,<li>相鉄本線「二俣川」駅バス13～17分 徒歩1～6分</li><li>JR横須賀線「東戸塚」駅バス25～31分 徒歩1～6分</li><li>相鉄本線「鶴ヶ峰」駅バス24～29分 徒歩1～6分</li>
kanagawa,futamatagawa,左近山,70600,,,,相鉄本線「鶴ヶ峰」駅,25.0,35.0,横浜市旭区左近山16-1ほか,8-16号棟,鉄筋コンクリート造、鉄骨鉄筋コンクリート造,5,N,503号室,3K,50,5,65800,4800,2か月,"['近居割', '近居割WIDE']",随時,https://www.ur-net.go.jp/chintai/kanto/kanagawa/40_1180_room.html?JKSS=008160503,<li>相鉄本線「二俣川」駅バス13～17分 徒歩1～6分</li><li>JR横須賀線「東戸塚」駅バス25～31分 徒歩1～6分</li><li>相鉄本線「鶴ヶ峰」駅バス24～29分 徒歩1～6分</li>
kanagawa,futamatagawa,左近山,70600,,,,,,,横浜市旭区左近山16-1ほか,8-16号棟,鉄筋コンクリート造、鉄骨鉄筋コンクリート造,5,N,503号室,3K,50,5,65800,4800,2か月,"['近居割', '近居割WIDE']",随時,https://www.ur-net.go.jp/chintai/kanto/kanagawa/40_1180_room.html?JKSS=008160503,<li>相鉄本線「二俣川」駅バス13～17分 徒歩1～6分</li><li>JR横須賀線「東戸塚」駅バス25～31分 徒歩1～6分</li><li>相鉄本線「鶴ヶ峰」駅バス24～29分 徒歩1～6分</li>
kanagawa,futamatagawa,左近山,70600,,,,相鉄本線「二俣川」駅,14.0,23.0,横浜市旭区左近山16-1ほか,9-13号棟,鉄筋コンクリート造、鉄骨鉄筋コンクリート造,5,N,503号室,3K,50,5,65800,4800,2か月,"['近居割', '近居割WIDE']",随時,https://www.ur-net.go.jp/chintai/kanto/kanagawa/40_1180_room.html?JKSS=009130503,<li>相鉄本線「二俣川」駅バス13～17分 徒歩1～6分</li><li>JR横須賀線「東戸塚」駅バス25～31分 徒歩1～6分</li><li>相鉄本線「鶴ヶ峰」駅バス24～29分 徒歩1～6分</li>
kanagawa,futamatagawa,左近山,70600,,,,JR横須賀線「東戸塚」駅,26.0,37.0,横浜市旭区左近山16-1ほか,9-13号棟,鉄筋コンクリート造、鉄骨鉄筋コンクリート造,5,N,503号室,3K,50,5,65800,4800,2か月,"['近居割', '近居割WIDE']",随時,https://www.ur-net.go.jp/chintai/kanto/kanagawa/40_1180_room.html?JKSS=009130503,<li>相鉄本線「二俣川」駅バス13～17分 徒歩1～6分</li><li>JR横須賀線「東戸塚」駅バス25～31分 徒歩1～6分</li><li>相鉄本線「鶴ヶ峰」駅バス24～29分 徒歩1～6分</li>
kanagawa,futamatagawa,左近山,70600,,,,相鉄本線「鶴ヶ峰」駅,25.0,35.0,横浜市旭区左近山16-1ほか,9-13号棟,鉄筋コンクリート造、鉄骨鉄筋コンクリート造,5,N,503号室,3K,50,5,65800,4800,2か月,"['近居割', '近居割WIDE']",随時,https://www.ur-net.go.jp/chintai/kanto/kanagawa/40_1180_room.html?JKSS=009130503,<li>相鉄本線「二俣川」駅バス13～17分 徒歩1～6分</li><li>JR横須賀線「東戸塚」駅バス25～31分 徒歩1～6分</li><li>相鉄本線「鶴ヶ峰」駅バス24～29分 徒歩1～6分</li>
kanagawa,futamatagawa,左近山,70600,,,,,,,横浜市旭区左近山16-1ほか,9-13号棟,鉄筋コンクリート造、鉄骨鉄筋コンクリート造,5,N,503号室,3K,50,5,65800,4800,2か月,"['近居割', '近居割WIDE']",随時,https://www.ur-net.go.jp/chintai/kanto/kanagawa/40_1180_room.html?JKSS=009130503,<li>相鉄本線「二俣川」駅バス13～17分 徒歩1～6分</li><li>JR横須賀線「東戸塚」駅バス25～31分 徒歩1～6分</li><li>相鉄本線「鶴ヶ峰」駅バス24～29分 徒歩1～6分</li>
kanagawa,futamatagawa,アーバンドエル瀬谷,129200,相鉄本線「瀬谷」駅,9.0,12.0,,,,横浜市瀬谷区橋戸1-35,14号棟,鉄筋コンクリート造,4,N,403号室,2LDK,67,4,124400,4800,2か月,['近居割'],随時,https://www.ur-net.go.jp/chintai/kanto/kanagawa/40_3850_room.html?JKSS=000140403,<li>相鉄本線「瀬谷」駅 徒歩9～12分</li><li>横浜市営地下鉄ブルーライン「立場」駅バス26分 徒歩7～9分</li><li>小田急江ノ島線「大和」駅 徒歩33～35分</li>
kanagawa,futamatagawa,アーバンドエル瀬谷,129200,,,,横浜市営地下鉄ブルーライン「立場」駅,33.0,35.0,横浜市瀬谷区橋戸1-35,14号棟,鉄筋コンクリート造,4,N,403号室,2LDK,67,4,124400,4800,2か月,['近居割'],随時,https://www.ur-net.go.jp/chintai/kanto/kanagawa/40_3850_room.html?JKSS=000140403,<li>相鉄本線「瀬谷」駅 徒歩9～12分</li><li>横浜市営地下鉄ブルーライン「立場」駅バス26分 徒歩7～9分</li><li>小田急江ノ島線「大和」駅 徒歩33～35分</li>
kanagawa,futamatagawa,アーバンドエル瀬谷,129200,小田急江ノ島線「大和」駅,33.0,35.0,,,,横浜市瀬谷区橋戸1-35,14号棟,鉄筋コンクリート造,4,N,403号室,2LDK,67,4,124400,4800,2か月,['近居割'],随時,https://www.ur-net.go.jp/chintai/kanto/kanagawa/40_3850_room.html?JKSS=000140403,<li>相鉄本線「瀬谷」駅 徒歩9～12分</li><li>横浜市営地下鉄ブルーライン「立場」駅バス26分 徒歩7～9分</li><li>小田急江ノ島線「大和」駅 徒歩33～35分</li>
kanagawa,futamatagawa,アーバンドエル瀬谷,129200,,,,,,,横浜市瀬谷区橋戸1-35,14号棟,鉄筋コンクリート造,4,N,403号室,2LDK,67,4,124400,4800,2か月,['近居割'],随時,https://www.ur-net.go.jp/chintai/kanto/kanagawa/40_3850_room.html?JKSS=000140403,<li>相鉄本線「瀬谷」駅 徒歩9～12分</li><li>横浜市営地下鉄ブルーライン「立場」駅バス26分 徒歩7～9分</li><li>小田急江ノ島線「大和」駅 徒歩33～35分</li>
kanagawa,yokohamanishiguchi,蒔田,63800,横浜市営地下鉄ブルーライン「蒔田」駅,7.0,9.0,,,,横浜市南区蒔田町841-1,6号棟,鉄筋コンクリート造,4,N,405号室,2DK,40,5,61100,2700,2か月,['URライト（4年定借）'],随時,https://www.ur-net.go.jp/chintai/kanto/kanagawa/40_0930_room.html?JKSS=000006405,<li>横浜市営地下鉄ブルーライン「蒔田」駅 徒歩7～9分</li><li>横浜市営地下鉄ブルーライン「吉野町」駅 徒歩16～17分</li><li>京急本線「南太田」駅 徒歩16～18分</li>
kanagawa,yokohamanishiguchi,蒔田,63800,横浜市営地下鉄ブルーライン「吉野町」駅,16.0,17.0,,,,横浜市南区蒔田町841-1,6号棟,鉄筋コンクリート造,4,N,405号室,2DK,40,5,61100,2700,2か月,['URライト（4年定借）'],随時,https://www.ur-net.go.jp/chintai/kanto/kanagawa/40_0930_room.html?JKSS=000006405,<li>横浜市営地下鉄ブルーライン「蒔田」駅 徒歩7～9分</li><li>横浜市営地下鉄ブルーライン「吉野町」駅 徒歩16～17分</li><li>京急本線「南太田」駅 徒歩16～18分</li>
kanagawa,yokohamanishiguchi,蒔田,63800,京急本線「南太田」駅,16.0,18.0,,,,横浜市南区蒔田町841-1,6号棟,鉄筋コンクリート造,4,N,405号室,2DK,40,5,61100,2700,2か月,['URライト（4年定借）'],随時,https://www.ur-net.go.jp/chintai/kanto/kanagawa/40_0930_room.html?JKSS=000006405,<li>横浜市営地下鉄ブルーライン「蒔田」駅 徒歩7～9分</li><li>横浜市営地下鉄ブルーライン「吉野町」駅 徒歩16～17分</li><li>京急本線「南太田」駅 徒歩16～18分</li>
kanagawa,yokohamanishiguchi,蒔田,63800,,,,,,,横浜市南区蒔田町841-1,6号棟,鉄筋コンクリート造,4,N,405号室,2DK,40,5,61100,2700,2か月,['URライト（4年定借）'],随時,https://www.ur-net.go.jp/chintai/kanto/kanagawa/40_0930_room.html?JKSS=000006405,<li>横浜市営地下鉄ブルーライン「蒔田」駅 徒歩7～9分</li><li>横浜市営地下鉄ブルーライン「吉野町」駅 徒歩16～17分</li><li>京急本線「南太田」駅 徒歩16～18分</li>
kanagawa,yokohamanishiguchi,蒔田,69500,横浜市営地下鉄ブルーライン「蒔田」駅,7.0,9.0,,,,横浜市南区蒔田町841-1,8号棟,鉄筋コンクリート造,3,N,303号室,3K,45,5,66800,2700,2か月,['URライト（4年定借）'],随時,https://www.ur-net.go.jp/chintai/kanto/kanagawa/40_0930_room.html?JKSS=000008303,<li>横浜市営地下鉄ブルーライン「蒔田」駅 徒歩7～9分</li><li>横浜市営地下鉄ブルーライン「吉野町」駅 徒歩16～17分</li><li>京急本線「南太田」駅 徒歩16～18分</li>
kanagawa,yokohamanishiguchi,蒔田,69500,横浜市営地下鉄ブルーライン「吉野町」駅,16.0,17.0,,,,横浜市南区蒔田町841-1,8号棟,鉄筋コンクリート造,3,N,303号室,3K,45,5,66800,2700,2か月,['URライト（4年定借）'],随時,https://www.ur-net.go.jp/chintai/kanto/kanagawa/40_0930_room.html?JKSS=000008303,<li>横浜市営地下鉄ブルーライン「蒔田」駅 徒歩7～9分</li><li>横浜市営地下鉄ブルーライン「吉野町」駅 徒歩16～17分</li><li>京急本線「南太田」駅 徒歩16～18分</li>
kanagawa,yokohamanishiguchi,蒔田,69500,京急本線「南太田」駅,16.0,18.0,,,,横浜市南区蒔田町841-1,8号棟,鉄筋コンクリート造,3,N,303号室,3K,45,5,66800,2700,2か月,['URライト（4年定借）'],随時,https://www.ur-net.go.jp/chintai/kanto/kanagawa/40_0930_room.html?JKSS=000008303,<li>横浜市営地下鉄ブルーライン「蒔田」駅 徒歩7～9分</li><li>横浜市営地下鉄ブルーライン「吉野町」駅 徒歩16～17分</li><li>京急本線「南太田」駅 徒歩16～18分</li>
kanagawa,yokohamanishiguchi,蒔田,69500,,,,,,,横浜市南区蒔田町841-1,8号棟,鉄筋コンクリート造,3,N,303号室,3K,45,5,66800,2700,2か月,['URライト（4年定借）'],随時,https://www.ur-net.go.jp/chintai/kanto/kanagawa/40_0930_room.html?JKSS=000008303,<li>横浜市営地下鉄ブルーライン「蒔田」駅 徒歩7～9分</li><li>横浜市営地下鉄ブルーライン「吉野町」駅 徒歩16～17分</li><li>京急本線「南太田」駅 徒歩16～18分</li>
kanagawa,seasidetown,金沢シーサイドタウン　並木三丁目,106300,シーサイドライン「幸浦」駅,8.0,9.0,,,,横浜市金沢区並木3,11-4号棟,鉄筋コンクリート造,4,N,403号室,3LDK,70,5,101300,5000,2か月,"['近居割', '近居割WIDE']",随時,https://www.ur-net.go.jp/chintai/kanto/kanagawa/40_2060_room.html?JKSS=011040403,<li>シーサイドライン「幸浦」駅 徒歩8～9分</li><li>シーサイドライン「並木中央」駅 徒歩11分</li><li>京急本線「京急富岡」駅 徒歩21分</li>
kanagawa,seasidetown,金沢シーサイドタウン　並木三丁目,106300,シーサイドライン「並木中央」駅,11.0,11.0,,,,横浜市金沢区並木3,11-4号棟,鉄筋コンクリート造,4,N,403号室,3LDK,70,5,101300,5000,2か月,"['近居割', '近居割WIDE']",随時,https://www.ur-net.go.jp/chintai/kanto/kanagawa/40_2060_room.html?JKSS=011040403,<li>シーサイドライン「幸浦」駅 徒歩8～9分</li><li>シーサイドライン「並木中央」駅 徒歩11分</li><li>京急本線「京急富岡」駅 徒歩21分</li>
kanagawa,seasidetown,金沢シーサイドタウン　並木三丁目,106300,京急本線「京急富岡」駅,21.0,21.0,,,,横浜市金沢区並木3,11-4号棟,鉄筋コンクリート造,4,N,403号室,3LDK,70,5,101300,5000,2か月,"['近居割', '近居割WIDE']",随時,https://www.ur-net.go.jp/chintai/kanto/kanagawa/40_2060_room.html?JKSS=011040403,<li>シーサイドライン「幸浦」駅 徒歩8～9分</li><li>シーサイドライン「並木中央」駅 徒歩11分</li><li>京急本線「京急富岡」駅 徒歩21分</li>
kanagawa,seasidetown,金沢シーサイドタウン　並木三丁目,106300,,,,,,,横浜市金沢区並木3,11-4号棟,鉄筋コンクリート造,4,N,403号室,3LDK,70,5,101300,5000,2か月,"['近居割', '近居割WIDE']",随時,https://www.ur-net.go.jp/chintai/kanto/kanagawa/40_2060_room.html?JKSS=011040403,<li>シーサイドライン「幸浦」駅 徒歩8～9分</li><li>シーサイドライン「並木中央」駅 徒歩11分</li><li>京急本線「京急富岡」駅 徒歩21分</li>
kanagawa,totsuka,グリーンメゾン平戸,105000,,,,JR横須賀線「東戸塚」駅,14.0,15.0,横浜市戸塚区平戸1-2,1号棟,鉄筋コンクリート造,3,N,304号室,3LDK,83,5,100100,4900,2か月,['近居割'],随時,https://www.ur-net.go.jp/chintai/kanto/kanagawa/40_2120_room.html?JKSS=000010304,<li>JR横須賀線「東戸塚」駅バス12分 徒歩2～3分</li><li>JR横須賀線「保土ケ谷」駅バス17分 徒歩2～3分</li><li>横浜市営地下鉄ブルーライン「吉野町」駅バス29分 徒歩1～2分</li>
kanagawa,totsuka,グリーンメゾン平戸,105000,,,,JR横須賀線「保土ケ谷」駅,19.0,20.0,横浜市戸塚区平戸1-2,1号棟,鉄筋コンクリート造,3,N,304号室,3LDK,83,5,100100,4900,2か月,['近居割'],随時,https://www.ur-net.go.jp/chintai/kanto/kanagawa/40_2120_room.html?JKSS=000010304,<li>JR横須賀線「東戸塚」駅バス12分 徒歩2～3分</li><li>JR横須賀線「保土ケ谷」駅バス17分 徒歩2～3分</li><li>横浜市営地下鉄ブルーライン「吉野町」駅バス29分 徒歩1～2分</li>
kanagawa,totsuka,グリーンメゾン平戸,105000,,,,横浜市営地下鉄ブルーライン「吉野町」駅,30.0,31.0,横浜市戸塚区平戸1-2,1号棟,鉄筋コンクリート造,3,N,304号室,3LDK,83,5,100100,4900,2か月,['近居割'],随時,https://www.ur-net.go.jp/chintai/kanto/kanagawa/40_2120_room.html?JKSS=000010304,<li>JR横須賀線「東戸塚」駅バス12分 徒歩2～3分</li><li>JR横須賀線「保土ケ谷」駅バス17分 徒歩2～3分</li><li>横浜市営地下鉄ブルーライン「吉野町」駅バス29分 徒歩1～2分</li>
kanagawa,totsuka,グリーンメゾン平戸,105000,,,,,,,横浜市戸塚区平戸1-2,1号棟,鉄筋コンクリート造,3,N,304号室,3LDK,83,5,100100,4900,2か月,['近居割'],随時,https://www.ur-net.go.jp/chintai/kanto/kanagawa/40_2120_room.html?JKSS=000010304,<li>JR横須賀線「東戸塚」駅バス12分 徒歩2～3分</li><li>JR横須賀線「保土ケ谷」駅バス17分 徒歩2～3分</li><li>横浜市営地下鉄ブルーライン「吉野町」駅バス29分 徒歩1～2分</li>
kanagawa,totsuka,東戸塚ビューハイツ,107600,,,,JR横須賀線ほか「東戸塚」駅,17.0,17.0,横浜市戸塚区名瀬町799-2,,鉄筋コンクリート造,4,N,405号室,2LDK,64,7,100600,7000,2か月,['近居割'],随時,https://www.ur-net.go.jp/chintai/kanto/kanagawa/40_2950_room.html?JKSS=000000405,<li>JR横須賀線ほか「東戸塚」駅バス15分 徒歩2分</li>
kanagawa,totsuka,東戸塚ビューハイツ,107600,,,,,,,横浜市戸塚区名瀬町799-2,,鉄筋コンクリート造,4,N,405号室,2LDK,64,7,100600,7000,2か月,['近居割'],随時,https://www.ur-net.go.jp/chintai/kanto/kanagawa/40_2950_room.html?JKSS=000000405,<li>JR横須賀線ほか「東戸塚」駅バス15分 徒歩2分</li>
kanagawa,totsuka,東戸塚ビューハイツ,107800,,,,JR横須賀線ほか「東戸塚」駅,17.0,17.0,横浜市戸塚区名瀬町799-2,,鉄筋コンクリート造,2,N,206号室,2LDK,63,7,100800,7000,2か月,['近居割'],随時,https://www.ur-net.go.jp/chintai/kanto/kanagawa/40_2950_room.html?JKSS=000000206,<li>JR横須賀線ほか「東戸塚」駅バス15分 徒歩2分</li>
kanagawa,totsuka,東戸塚ビューハイツ,107800,,,,,,,横浜市戸塚区名瀬町799-2,,鉄筋コンクリート造,2,N,206号室,2LDK,63,7,100800,7000,2か月,['近居割'],随時,https://www.ur-net.go.jp/chintai/kanto/kanagawa/40_2950_room.html?JKSS=000000206,<li>JR横須賀線ほか「東戸塚」駅バス15分 徒歩2分</li>
kanagawa,totsuka,東戸塚ビューハイツ,111300,,,,JR横須賀線ほか「東戸塚」駅,17.0,17.0,横浜市戸塚区名瀬町799-2,,鉄筋コンクリート造,4,N,406号室,2LDK,63,7,104300,7000,2か月,['近居割'],随時,https://www.ur-net.go.jp/chintai/kanto/kanagawa/40_2950_room.html?JKSS=000000406,<li>JR横須賀線ほか「東戸塚」駅バス15分 徒歩2分</li>
kanagawa,totsuka,東戸塚ビューハイツ,111300,,,,,,,横浜市戸塚区名瀬町799-2,,鉄筋コンクリート造,4,N,406号室,2LDK,63,7,104300,7000,2か月,['近居割'],随時,https://www.ur-net.go.jp/chintai/kanto/kanagawa/40_2950_room.html?JKSS=000000406,<li>JR横須賀線ほか「東戸塚」駅バス15分 徒歩2分</li>
kanagawa,totsuka,プロムナード矢部,147300,JR東海道本線「戸塚」駅,9.0,13.0,,,,横浜市戸塚区矢部町321,4号棟,鉄筋コンクリート造,4,N,404号室,2DK,56,13,142700,4600,2か月,['近居割'],随時,https://www.ur-net.go.jp/chintai/kanto/kanagawa/40_3610_room.html?JKSS=000040404,<li>JR東海道本線「戸塚」駅 徒歩9～13分</li><li>JR横須賀線「東戸塚」駅バス20分 徒歩2～7分</li><li>相鉄いずみ野線「弥生台」駅バス20分 徒歩10～15分</li>
kanagawa,totsuka,プロムナード矢部,147300,,,,JR横須賀線「東戸塚」駅,22.0,27.0,横浜市戸塚区矢部町321,4号棟,鉄筋コンクリート造,4,N,404号室,2DK,56,13,142700,4600,2か月,['近居割'],随時,https://www.ur-net.go.jp/chintai/kanto/kanagawa/40_3610_room.html?JKSS=000040404,<li>JR東海道本線「戸塚」駅 徒歩9～13分</li><li>JR横須賀線「東戸塚」駅バス20分 徒歩2～7分</li><li>相鉄いずみ野線「弥生台」駅バス20分 徒歩10～15分</li>
kanagawa,totsuka,プロムナード矢部,147300,,,,相鉄いずみ野線「弥生台」駅,30.0,35.0,横浜市戸塚区矢部町321,4号棟,鉄筋コンクリート造,4,N,404号室,2DK,56,13,142700,4600,2か月,['近居割'],随時,https://www.ur-net.go.jp/chintai/kanto/kanagawa/40_3610_room.html?JKSS=000040404,<li>JR東海道本線「戸塚」駅 徒歩9～13分</li><li>JR横須賀線「東戸塚」駅バス20分 徒歩2～7分</li><li>相鉄いずみ野線「弥生台」駅バス20分 徒歩10～15分</li>
kanagawa,totsuka,プロムナード矢部,147300,,,,,,,横浜市戸塚区矢部町321,4号棟,鉄筋コンクリート造,4,N,404号室,2DK,56,13,142700,4600,2か月,['近居割'],随時,https://www.ur-net.go.jp/chintai/kanto/kanagawa/40_3610_room.html?JKSS=000040404,<li>JR東海道本線「戸塚」駅 徒歩9～13分</li><li>JR横須賀線「東戸塚」駅バス20分 徒歩2～7分</li><li>相鉄いずみ野線「弥生台」駅バス20分 徒歩10～15分</li>
kanagawa,totsuka,プロムナード矢部,147300,JR東海道本線「戸塚」駅,9.0,13.0,,,,横浜市戸塚区矢部町321,4号棟,鉄筋コンクリート造,4,N,405号室,2DK,56,13,142700,4600,2か月,['近居割'],随時,https://www.ur-net.go.jp/chintai/kanto/kanagawa/40_3610_room.html?JKSS=000040405,<li>JR東海道本線「戸塚」駅 徒歩9～13分</li><li>JR横須賀線「東戸塚」駅バス20分 徒歩2～7分</li><li>相鉄いずみ野線「弥生台」駅バス20分 徒歩10～15分</li>
kanagawa,totsuka,プロムナード矢部,147300,,,,JR横須賀線「東戸塚」駅,22.0,27.0,横浜市戸塚区矢部町321,4号棟,鉄筋コンクリート造,4,N,405号室,2DK,56,13,142700,4600,2か月,['近居割'],随時,https://www.ur-net.go.jp/chintai/kanto/kanagawa/40_3610_room.html?JKSS=000040405,<li>JR東海道本線「戸塚」駅 徒歩9～13分</li><li>JR横須賀線「東戸塚」駅バス20分 徒歩2～7分</li><li>相鉄いずみ野線「弥生台」駅バス20分 徒歩10～15分</li>
kanagawa,totsuka,プロムナード矢部,147300,,,,相鉄いずみ野線「弥生台」駅,30.0,35.0,横浜市戸塚区矢部町321,4号棟,鉄筋コンクリート造,4,N,405号室,2DK,56,13,142700,4600,2か月,['近居割'],随時,https://www.ur-net.go.jp/chintai/kanto/kanagawa/40_3610_room.html?JKSS=000040405,<li>JR東海道本線「戸塚」駅 徒歩9～13分</li><li>JR横須賀線「東戸塚」駅バス20分 徒歩2～7分</li><li>相鉄いずみ野線「弥生台」駅バス20分 徒歩10～15分</li>
kanagawa,totsuka,プロムナード矢部,147300,,,,,,,横浜市戸塚区矢部町321,4号棟,鉄筋コンクリート造,4,N,405号室,2DK,56,13,142700,4600,2か月,['近居割'],随時,https://www.ur-net.go.jp/chintai/kanto/kanagawa/40_3610_room.html?JKSS=000040405,<li>JR東海道本線「戸塚」駅 徒歩9～13分</li><li>JR横須賀線「東戸塚」駅バス20分 徒歩2～7分</li><li>相鉄いずみ野線「弥生台」駅バス20分 徒歩10～15分</li>
kanagawa,sagamiono,コンフォールさがみ南,107500,小田急小田原線「小田急相模原」駅,8.0,11.0,,,,相模原市南区相南1-24,2号棟,鉄筋コンクリート造,2,N,207号室,1LDK,52,6,103100,4400,2か月,['近居割'],随時,https://www.ur-net.go.jp/chintai/kanto/kanagawa/40_3870_room.html?JKSS=000020207,<li>小田急小田原線「小田急相模原」駅 徒歩8～11分</li><li>小田急江ノ島線「東林間」駅 徒歩15～18分</li><li>小田急小田原線「相模大野」駅 徒歩32～35分</li>
kanagawa,sagamiono,コンフォールさがみ南,107500,小田急江ノ島線「東林間」駅,15.0,18.0,,,,相模原市南区相南1-24,2号棟,鉄筋コンクリート造,2,N,207号室,1LDK,52,6,103100,4400,2か月,['近居割'],随時,https://www.ur-net.go.jp/chintai/kanto/kanagawa/40_3870_room.html?JKSS=000020207,<li>小田急小田原線「小田急相模原」駅 徒歩8～11分</li><li>小田急江ノ島線「東林間」駅 徒歩15～18分</li><li>小田急小田原線「相模大野」駅 徒歩32～35分</li>
kanagawa,sagamiono,コンフォールさがみ南,107500,小田急小田原線「相模大野」駅,32.0,35.0,,,,相模原市南区相南1-24,2号棟,鉄筋コンクリート造,2,N,207号室,1LDK,52,6,103100,4400,2か月,['近居割'],随時,https://www.ur-net.go.jp/chintai/kanto/kanagawa/40_3870_room.html?JKSS=000020207,<li>小田急小田原線「小田急相模原」駅 徒歩8～11分</li><li>小田急江ノ島線「東林間」駅 徒歩15～18分</li><li>小田急小田原線「相模大野」駅 徒歩32～35分</li>
kanagawa,sagamiono,コンフォールさがみ南,107500,,,,,,,相模原市南区相南1-24,2号棟,鉄筋コンクリート造,2,N,207号室,1LDK,52,6,103100,4400,2か月,['近居割'],随時,https://www.ur-net.go.jp/chintai/kanto/kanagawa/40_3870_room.html?JKSS=000020207,<li>小田急小田原線「小田急相模原」駅 徒歩8～11分</li><li>小田急江ノ島線「東林間」駅 徒歩15～18分</li><li>小田急小田原線「相模大野」駅 徒歩32～35分</li>
kanagawa,sagamiono,鶴ヶ丘,112900,小田急小田原線「小田急相模原」駅,7.0,9.0,,,,相模原市南区南台5-2,9号棟,鉄筋コンクリート造,1,N,102号室,3DK,64,7,109500,3400,2か月,['近居割'],随時,https://www.ur-net.go.jp/chintai/kanto/kanagawa/40_3380_room.html?JKSS=000090102,<li>小田急小田原線「小田急相模原」駅 徒歩7～9分</li><li>小田急小田原線「相模大野」駅 徒歩29～32分</li><li>東急田園都市線「中央林間」駅 徒歩39～43分</li>
kanagawa,sagamiono,鶴ヶ丘,112900,小田急小田原線「相模大野」駅,29.0,32.0,,,,相模原市南区南台5-2,9号棟,鉄筋コンクリート造,1,N,102号室,3DK,64,7,109500,3400,2か月,['近居割'],随時,https://www.ur-net.go.jp/chintai/kanto/kanagawa/40_3380_room.html?JKSS=000090102,<li>小田急小田原線「小田急相模原」駅 徒歩7～9分</li><li>小田急小田原線「相模大野」駅 徒歩29～32分</li><li>東急田園都市線「中央林間」駅 徒歩39～43分</li>
kanagawa,sagamiono,鶴ヶ丘,112900,東急田園都市線「中央林間」駅,39.0,43.0,,,,相模原市南区南台5-2,9号棟,鉄筋コンクリート造,1,N,102号室,3DK,64,7,109500,3400,2か月,['近居割'],随時,https://www.ur-net.go.jp/chintai/kanto/kanagawa/40_3380_room.html?JKSS=000090102,<li>小田急小田原線「小田急相模原」駅 徒歩7～9分</li><li>小田急小田原線「相模大野」駅 徒歩29～32分</li><li>東急田園都市線「中央林間」駅 徒歩39～43分</li>
kanagawa,sagamiono,鶴ヶ丘,112900,,,,,,,相模原市南区南台5-2,9号棟,鉄筋コンクリート造,1,N,102号室,3DK,64,7,109500,3400,2か月,['近居割'],随時,https://www.ur-net.go.jp/chintai/kanto/kanagawa/40_3380_room.html?JKSS=000090102,<li>小田急小田原線「小田急相模原」駅 徒歩7～9分</li><li>小田急小田原線「相模大野」駅 徒歩29～32分</li><li>東急田園都市線「中央林間」駅 徒歩39～43分</li>
kanagawa,sagamiono,鶴ヶ丘,115200,小田急小田原線「小田急相模原」駅,7.0,9.0,,,,相模原市南区南台5-2,6号棟,鉄筋コンクリート造,3,N,306号室,3DK,63,7,111800,3400,2か月,['近居割'],随時,https://www.ur-net.go.jp/chintai/kanto/kanagawa/40_3380_room.html?JKSS=000060306,<li>小田急小田原線「小田急相模原」駅 徒歩7～9分</li><li>小田急小田原線「相模大野」駅 徒歩29～32分</li><li>東急田園都市線「中央林間」駅 徒歩39～43分</li>
kanagawa,sagamiono,鶴ヶ丘,115200,小田急小田原線「相模大野」駅,29.0,32.0,,,,相模原市南区南台5-2,6号棟,鉄筋コンクリート造,3,N,306号室,3DK,63,7,111800,3400,2か月,['近居割'],随時,https://www.ur-net.go.jp/chintai/kanto/kanagawa/40_3380_room.html?JKSS=000060306,<li>小田急小田原線「小田急相模原」駅 徒歩7～9分</li><li>小田急小田原線「相模大野」駅 徒歩29～32分</li><li>東急田園都市線「中央林間」駅 徒歩39～43分</li>
kanagawa,sagamiono,鶴ヶ丘,115200,東急田園都市線「中央林間」駅,39.0,43.0,,,,相模原市南区南台5-2,6号棟,鉄筋コンクリート造,3,N,306号室,3DK,63,7,111800,3400,2か月,['近居割'],随時,https://www.ur-net.go.jp/chintai/kanto/kanagawa/40_3380_room.html?JKSS=000060306,<li>小田急小田原線「小田急相模原」駅 徒歩7～9分</li><li>小田急小田原線「相模大野」駅 徒歩29～32分</li><li>東急田園都市線「中央林間」駅 徒歩39～43分</li>
kanagawa,sagamiono,鶴ヶ丘,115200,,,,,,,相模原市南区南台5-2,6号棟,鉄筋コンクリート造,3,N,306号室,3DK,63,7,111800,3400,2か月,['近居割'],随時,https://www.ur-net.go.jp/chintai/kanto/kanagawa/40_3380_room.html?JKSS=000060306,<li>小田急小田原線「小田急相模原」駅 徒歩7～9分</li><li>小田急小田原線「相模大野」駅 徒歩29～32分</li><li>東急田園都市線「中央林間」駅 徒歩39～43分</li>
kanagawa,sagamiono,鳶尾,57500,,,,小田急小田原線「本厚木」駅,30.0,34.0,厚木市鳶尾2ほか,1-4号棟,鉄筋コンクリート造、鉄骨鉄筋コンクリート造,1,N,104号室,3K,47,5,53500,4000,2か月,['健康寿命サポート'],随時,https://www.ur-net.go.jp/chintai/kanto/kanagawa/40_1790_room.html?JKSS=001040104,<li>小田急小田原線「本厚木」駅バス28分 徒歩2～6分</li>
kanagawa,sagamiono,鳶尾,57500,,,,,,,厚木市鳶尾2ほか,1-4号棟,鉄筋コンクリート造、鉄骨鉄筋コンクリート造,1,N,104号室,3K,47,5,53500,4000,2か月,['健康寿命サポート'],随時,https://www.ur-net.go.jp/chintai/kanto/kanagawa/40_1790_room.html?JKSS=001040104,<li>小田急小田原線「本厚木」駅バス28分 徒歩2～6分</li>
kanagawa,sagamiono,鳶尾,66400,,,,小田急小田原線「本厚木」駅,30.0,34.0,厚木市鳶尾2ほか,25-6号棟,鉄筋コンクリート造、鉄骨鉄筋コンクリート造,5,N,504号室,3K,57,7,62400,4000,2か月,[],随時,https://www.ur-net.go.jp/chintai/kanto/kanagawa/40_1790_room.html?JKSS=025060504,<li>小田急小田原線「本厚木」駅バス28分 徒歩2～6分</li>
kanagawa,sagamiono,鳶尾,66400,,,,,,,厚木市鳶尾2ほか,25-6号棟,鉄筋コンクリート造、鉄骨鉄筋コンクリート造,5,N,504号室,3K,57,7,62400,4000,2か月,[],随時,https://www.ur-net.go.jp/chintai/kanto/kanagawa/40_1790_room.html?JKSS=025060504,<li>小田急小田原線「本厚木」駅バス28分 徒歩2～6分</li>
kanagawa,sagamiono,鳶尾,66700,,,,小田急小田原線「本厚木」駅,30.0,34.0,厚木市鳶尾2ほか,25-3号棟,鉄筋コンクリート造、鉄骨鉄筋コンクリート造,6,N,602号室,3K,57,9,62700,4000,2か月,[],随時,https://www.ur-net.go.jp/chintai/kanto/kanagawa/40_1790_room.html?JKSS=025030602,<li>小田急小田原線「本厚木」駅バス28分 徒歩2～6分</li>
kanagawa,sagamiono,鳶尾,66700,,,,,,,厚木市鳶尾2ほか,25-3号棟,鉄筋コンクリート造、鉄骨鉄筋コンクリート造,6,N,602号室,3K,57,9,62700,4000,2か月,[],随時,https://www.ur-net.go.jp/chintai/kanto/kanagawa/40_1790_room.html?JKSS=025030602,<li>小田急小田原線「本厚木」駅バス28分 徒歩2～6分</li>
kanagawa,shonan,上和田,63600,,,,相鉄本線「大和」駅,16.0,25.0,大和市上和田2412,4-6号棟,鉄筋コンクリート造,5,N,503号室,3DK,53,5,60500,3100,2か月,"['近居割', '近居割WIDE']",随時,https://www.ur-net.go.jp/chintai/kanto/kanagawa/40_1240_room.html?JKSS=000406503,<li>相鉄本線「大和」駅バス15～20分 徒歩1～5分</li><li>小田急江ノ島線「高座渋谷」駅 徒歩13～20分</li><li>相鉄いずみ野線「いずみ中央」駅バス13分 徒歩6～14分</li>
kanagawa,shonan,上和田,63600,小田急江ノ島線「高座渋谷」駅,13.0,20.0,,,,大和市上和田2412,4-6号棟,鉄筋コンクリート造,5,N,503号室,3DK,53,5,60500,3100,2か月,"['近居割', '近居割WIDE']",随時,https://www.ur-net.go.jp/chintai/kanto/kanagawa/40_1240_room.html?JKSS=000406503,<li>相鉄本線「大和」駅バス15～20分 徒歩1～5分</li><li>小田急江ノ島線「高座渋谷」駅 徒歩13～20分</li><li>相鉄いずみ野線「いずみ中央」駅バス13分 徒歩6～14分</li>
kanagawa,shonan,上和田,63600,,,,相鉄いずみ野線「いずみ中央」駅,19.0,27.0,大和市上和田2412,4-6号棟,鉄筋コンクリート造,5,N,503号室,3DK,53,5,60500,3100,2か月,"['近居割', '近居割WIDE']",随時,https://www.ur-net.go.jp/chintai/kanto/kanagawa/40_1240_room.html?JKSS=000406503,<li>相鉄本線「大和」駅バス15～20分 徒歩1～5分</li><li>小田急江ノ島線「高座渋谷」駅 徒歩13～20分</li><li>相鉄いずみ野線「いずみ中央」駅バス13分 徒歩6～14分</li>
kanagawa,shonan,上和田,63600,,,,,,,大和市上和田2412,4-6号棟,鉄筋コンクリート造,5,N,503号室,3DK,53,5,60500,3100,2か月,"['近居割', '近居割WIDE']",随時,https://www.ur-net.go.jp/chintai/kanto/kanagawa/40_1240_room.html?JKSS=000406503,<li>相鉄本線「大和」駅バス15～20分 徒歩1～5分</li><li>小田急江ノ島線「高座渋谷」駅 徒歩13～20分</li><li>相鉄いずみ野線「いずみ中央」駅バス13分 徒歩6～14分</li>
kanagawa,shonan,上和田,63600,,,,相鉄本線「大和」駅,16.0,25.0,大和市上和田2412,4-6号棟,鉄筋コンクリート造,5,N,504号室,3DK,53,5,60500,3100,2か月,"['近居割', '近居割WIDE']",随時,https://www.ur-net.go.jp/chintai/kanto/kanagawa/40_1240_room.html?JKSS=000406504,<li>相鉄本線「大和」駅バス15～20分 徒歩1～5分</li><li>小田急江ノ島線「高座渋谷」駅 徒歩13～20分</li><li>相鉄いずみ野線「いずみ中央」駅バス13分 徒歩6～14分</li>
kanagawa,shonan,上和田,63600,小田急江ノ島線「高座渋谷」駅,13.0,20.0,,,,大和市上和田2412,4-6号棟,鉄筋コンクリート造,5,N,504号室,3DK,53,5,60500,3100,2か月,"['近居割', '近居割WIDE']",随時,https://www.ur-net.go.jp/chintai/kanto/kanagawa/40_1240_room.html?JKSS=000406504,<li>相鉄本線「大和」駅バス15～20分 徒歩1～5分</li><li>小田急江ノ島線「高座渋谷」駅 徒歩13～20分</li><li>相鉄いずみ野線「いずみ中央」駅バス13分 徒歩6～14分</li>
kanagawa,shonan,上和田,63600,,,,相鉄いずみ野線「いずみ中央」駅,19.0,27.0,大和市上和田2412,4-6号棟,鉄筋コンクリート造,5,N,504号室,3DK,53,5,60500,3100,2か月,"['近居割', '近居割WIDE']",随時,https://www.ur-net.go.jp/chintai/kanto/kanagawa/40_1240_room.html?JKSS=000406504,<li>相鉄本線「大和」駅バス15～20分 徒歩1～5分</li><li>小田急江ノ島線「高座渋谷」駅 徒歩13～20分</li><li>相鉄いずみ野線「いずみ中央」駅バス13分 徒歩6～14分</li>
kanagawa,shonan,上和田,63600,,,,,,,大和市上和田2412,4-6号棟,鉄筋コンクリート造,5,N,504号室,3DK,53,5,60500,3100,2か月,"['近居割', '近居割WIDE']",随時,https://www.ur-net.go.jp/chintai/kanto/kanagawa/40_1240_room.html?JKSS=000406504,<li>相鉄本線「大和」駅バス15～20分 徒歩1～5分</li><li>小田急江ノ島線「高座渋谷」駅 徒歩13～20分</li><li>相鉄いずみ野線「いずみ中央」駅バス13分 徒歩6～14分</li>
kanagawa,shonan,上和田,63600,,,,相鉄本線「大和」駅,16.0,25.0,大和市上和田2412,4-6号棟,鉄筋コンクリート造,5,N,506号室,3DK,53,5,60500,3100,2か月,"['近居割', '近居割WIDE']",随時,https://www.ur-net.go.jp/chintai/kanto/kanagawa/40_1240_room.html?JKSS=000406506,<li>相鉄本線「大和」駅バス15～20分 徒歩1～5分</li><li>小田急江ノ島線「高座渋谷」駅 徒歩13～20分</li><li>相鉄いずみ野線「いずみ中央」駅バス13分 徒歩6～14分</li>
kanagawa,shonan,上和田,63600,小田急江ノ島線「高座渋谷」駅,13.0,20.0,,,,大和市上和田2412,4-6号棟,鉄筋コンクリート造,5,N,506号室,3DK,53,5,60500,3100,2か月,"['近居割', '近居割WIDE']",随時,https://www.ur-net.go.jp/chintai/kanto/kanagawa/40_1240_room.html?JKSS=000406506,<li>相鉄本線「大和」駅バス15～20分 徒歩1～5分</li><li>小田急江ノ島線「高座渋谷」駅 徒歩13～20分</li><li>相鉄いずみ野線「いずみ中央」駅バス13分 徒歩6～14分</li>
kanagawa,shonan,上和田,63600,,,,相鉄いずみ野線「いずみ中央」駅,19.0,27.0,大和市上和田2412,4-6号棟,鉄筋コンクリート造,5,N,506号室,3DK,53,5,60500,3100,2か月,"['近居割', '近居割WIDE']",随時,https://www.ur-net.go.jp/chintai/kanto/kanagawa/40_1240_room.html?JKSS=000406506,<li>相鉄本線「大和」駅バス15～20分 徒歩1～5分</li><li>小田急江ノ島線「高座渋谷」駅 徒歩13～20分</li><li>相鉄いずみ野線「いずみ中央」駅バス13分 徒歩6～14分</li>
kanagawa,shonan,上和田,63600,,,,,,,大和市上和田2412,4-6号棟,鉄筋コンクリート造,5,N,506号室,3DK,53,5,60500,3100,2か月,"['近居割', '近居割WIDE']",随時,https://www.ur-net.go.jp/chintai/kanto/kanagawa/40_1240_room.html?JKSS=000406506,<li>相鉄本線「大和」駅バス15～20分 徒歩1～5分</li><li>小田急江ノ島線「高座渋谷」駅 徒歩13～20分</li><li>相鉄いずみ野線「いずみ中央」駅バス13分 徒歩6～14分</li>
kanagawa,shonan,上和田,63600,,,,相鉄本線「大和」駅,16.0,25.0,大和市上和田2412,4-8号棟,鉄筋コンクリート造,5,N,502号室,3DK,53,5,60500,3100,2か月,"['近居割', '近居割WIDE']",随時,https://www.ur-net.go.jp/chintai/kanto/kanagawa/40_1240_room.html?JKSS=000408502,<li>相鉄本線「大和」駅バス15～20分 徒歩1～5分</li><li>小田急江ノ島線「高座渋谷」駅 徒歩13～20分</li><li>相鉄いずみ野線「いずみ中央」駅バス13分 徒歩6～14分</li>
kanagawa,shonan,上和田,63600,小田急江ノ島線「高座渋谷」駅,13.0,20.0,,,,大和市上和田2412,4-8号棟,鉄筋コンクリート造,5,N,502号室,3DK,53,5,60500,3100,2か月,"['近居割', '近居割WIDE']",随時,https://www.ur-net.go.jp/chintai/kanto/kanagawa/40_1240_room.html?JKSS=000408502,<li>相鉄本線「大和」駅バス15～20分 徒歩1～5分</li><li>小田急江ノ島線「高座渋谷」駅 徒歩13～20分</li><li>相鉄いずみ野線「いずみ中央」駅バス13分 徒歩6～14分</li>
kanagawa,shonan,上和田,63600,,,,相鉄いずみ野線「いずみ中央」駅,19.0,27.0,大和市上和田2412,4-8号棟,鉄筋コンクリート造,5,N,502号室,3DK,53,5,60500,3100,2か月,"['近居割', '近居割WIDE']",随時,https://www.ur-net.go.jp/chintai/kanto/kanagawa/40_1240_room.html?JKSS=000408502,<li>相鉄本線「大和」駅バス15～20分 徒歩1～5分</li><li>小田急江ノ島線「高座渋谷」駅 徒歩13～20分</li><li>相鉄いずみ野線「いずみ中央」駅バス13分 徒歩6～14分</li>
kanagawa,shonan,上和田,63600,,,,,,,大和市上和田2412,4-8号棟,鉄筋コンクリート造,5,N,502号室,3DK,53,5,60500,3100,2か月,"['近居割', '近居割WIDE']",随時,https://www.ur-net.go.jp/chintai/kanto/kanagawa/40_1240_room.html?JKSS=000408502,<li>相鉄本線「大和」駅バス15～20分 徒歩1～5分</li><li>小田急江ノ島線「高座渋谷」駅 徒歩13～20分</li><li>相鉄いずみ野線「いずみ中央」駅バス13分 徒歩6～14分</li>
kanagawa,shonan,上和田,68800,,,,相鉄本線「大和」駅,16.0,25.0,大和市上和田2412,3-6号棟,鉄筋コンクリート造,2,N,201号室,3DK,53,5,65700,3100,2か月,['健康寿命サポート'],随時,https://www.ur-net.go.jp/chintai/kanto/kanagawa/40_1240_room.html?JKSS=000306201,<li>相鉄本線「大和」駅バス15～20分 徒歩1～5分</li><li>小田急江ノ島線「高座渋谷」駅 徒歩13～20分</li><li>相鉄いずみ野線「いずみ中央」駅バス13分 徒歩6～14分</li>
kanagawa,shonan,上和田,68800,小田急江ノ島線「高座渋谷」駅,13.0,20.0,,,,大和市上和田2412,3-6号棟,鉄筋コンクリート造,2,N,201号室,3DK,53,5,65700,3100,2か月,['健康寿命サポート'],随時,https://www.ur-net.go.jp/chintai/kanto/kanagawa/40_1240_room.html?JKSS=000306201,<li>相鉄本線「大和」駅バス15～20分 徒歩1～5分</li><li>小田急江ノ島線「高座渋谷」駅 徒歩13～20分</li><li>相鉄いずみ野線「いずみ中央」駅バス13分 徒歩6～14分</li>
kanagawa,shonan,上和田,68800,,,,相鉄いずみ野線「いずみ中央」駅,19.0,27.0,大和市上和田2412,3-6号棟,鉄筋コンクリート造,2,N,201号室,3DK,53,5,65700,3100,2か月,['健康寿命サポート'],随時,https://www.ur-net.go.jp/chintai/kanto/kanagawa/40_1240_room.html?JKSS=000306201,<li>相鉄本線「大和」駅バス15～20分 徒歩1～5分</li><li>小田急江ノ島線「高座渋谷」駅 徒歩13～20分</li><li>相鉄いずみ野線「いずみ中央」駅バス13分 徒歩6～14分</li>
kanagawa,shonan,上和田,68800,,,,,,,大和市上和田2412,3-6号棟,鉄筋コンクリート造,2,N,201号室,3DK,53,5,65700,3100,2か月,['健康寿命サポート'],随時,https://www.ur-net.go.jp/chintai/kanto/kanagawa/40_1240_room.html?JKSS=000306201,<li>相鉄本線「大和」駅バス15～20分 徒歩1～5分</li><li>小田急江ノ島線「高座渋谷」駅 徒歩13～20分</li><li>相鉄いずみ野線「いずみ中央」駅バス13分 徒歩6～14分</li>
kanagawa,sagamiono,えびな,95100,小田急小田原線「厚木」駅,4.0,7.0,,,,海老名市中新田2-7,6号棟,鉄筋コンクリート造、鉄骨鉄筋コンクリート造,8,N,802号室,3DK,65,8,89000,6100,2か月,['近居割'],随時,https://www.ur-net.go.jp/chintai/kanto/kanagawa/40_1900_room.html?JKSS=000060802,<li>小田急小田原線「厚木」駅 徒歩4～7分</li><li>小田急小田原線「海老名」駅 徒歩20～22分</li><li>小田急小田原線「本厚木」駅 徒歩25～27分</li>
kanagawa,sagamiono,えびな,95100,小田急小田原線「海老名」駅,20.0,22.0,,,,海老名市中新田2-7,6号棟,鉄筋コンクリート造、鉄骨鉄筋コンクリート造,8,N,802号室,3DK,65,8,89000,6100,2か月,['近居割'],随時,https://www.ur-net.go.jp/chintai/kanto/kanagawa/40_1900_room.html?JKSS=000060802,<li>小田急小田原線「厚木」駅 徒歩4～7分</li><li>小田急小田原線「海老名」駅 徒歩20～22分</li><li>小田急小田原線「本厚木」駅 徒歩25～27分</li>
kanagawa,sagamiono,えびな,95100,小田急小田原線「本厚木」駅,25.0,27.0,,,,海老名市中新田2-7,6号棟,鉄筋コンクリート造、鉄骨鉄筋コンクリート造,8,N,802号室,3DK,65,8,89000,6100,2か月,['近居割'],随時,https://www.ur-net.go.jp/chintai/kanto/kanagawa/40_1900_room.html?JKSS=000060802,<li>小田急小田原線「厚木」駅 徒歩4～7分</li><li>小田急小田原線「海老名」駅 徒歩20～22分</li><li>小田急小田原線「本厚木」駅 徒歩25～27分</li>
kanagawa,sagamiono,えびな,95100,,,,,,,海老名市中新田2-7,6号棟,鉄筋コンクリート造、鉄骨鉄筋コンクリート造,8,N,802号室,3DK,65,8,89000,6100,2か月,['近居割'],随時,https://www.ur-net.go.jp/chintai/kanto/kanagawa/40_1900_room.html?JKSS=000060802,<li>小田急小田原線「厚木」駅 徒歩4～7分</li><li>小田急小田原線「海老名」駅 徒歩20～22分</li><li>小田急小田原線「本厚木」駅 徒歩25～27分</li>
kanagawa,sagamiono,えびな,95100,小田急小田原線「厚木」駅,4.0,7.0,,,,海老名市中新田2-7,7号棟,鉄筋コンクリート造、鉄骨鉄筋コンクリート造,2,N,208号室,3DK,65,8,89000,6100,2か月,['近居割'],随時,https://www.ur-net.go.jp/chintai/kanto/kanagawa/40_1900_room.html?JKSS=000070208,<li>小田急小田原線「厚木」駅 徒歩4～7分</li><li>小田急小田原線「海老名」駅 徒歩20～22分</li><li>小田急小田原線「本厚木」駅 徒歩25～27分</li>
kanagawa,sagamiono,えびな,95100,小田急小田原線「海老名」駅,20.0,22.0,,,,海老名市中新田2-7,7号棟,鉄筋コンクリート造、鉄骨鉄筋コンクリート造,2,N,208号室,3DK,65,8,89000,6100,2か月,['近居割'],随時,https://www.ur-net.go.jp/chintai/kanto/kanagawa/40_1900_room.html?JKSS=000070208,<li>小田急小田原線「厚木」駅 徒歩4～7分</li><li>小田急小田原線「海老名」駅 徒歩20～22分</li><li>小田急小田原線「本厚木」駅 徒歩25～27分</li>
kanagawa,sagamiono,えびな,95100,小田急小田原線「本厚木」駅,25.0,27.0,,,,海老名市中新田2-7,7号棟,鉄筋コンクリート造、鉄骨鉄筋コンクリート造,2,N,208号室,3DK,65,8,89000,6100,2か月,['近居割'],随時,https://www.ur-net.go.jp/chintai/kanto/kanagawa/40_1900_room.html?JKSS=000070208,<li>小田急小田原線「厚木」駅 徒歩4～7分</li><li>小田急小田原線「海老名」駅 徒歩20～22分</li><li>小田急小田原線「本厚木」駅 徒歩25～27分</li>
kanagawa,sagamiono,えびな,95100,,,,,,,海老名市中新田2-7,7号棟,鉄筋コンクリート造、鉄骨鉄筋コンクリート造,2,N,208号室,3DK,65,8,89000,6100,2か月,['近居割'],随時,https://www.ur-net.go.jp/chintai/kanto/kanagawa/40_1900_room.html?JKSS=000070208,<li>小田急小田原線「厚木」駅 徒歩4～7分</li><li>小田急小田原線「海老名」駅 徒歩20～22分</li><li>小田急小田原線「本厚木」駅 徒歩25～27分</li>
kanagawa,sagamiono,えびな,95100,小田急小田原線「厚木」駅,4.0,7.0,,,,海老名市中新田2-7,7号棟,鉄筋コンクリート造、鉄骨鉄筋コンクリート造,8,N,805号室,3DK,65,8,89000,6100,2か月,['近居割'],随時,https://www.ur-net.go.jp/chintai/kanto/kanagawa/40_1900_room.html?JKSS=000070805,<li>小田急小田原線「厚木」駅 徒歩4～7分</li><li>小田急小田原線「海老名」駅 徒歩20～22分</li><li>小田急小田原線「本厚木」駅 徒歩25～27分</li>
kanagawa,sagamiono,えびな,95100,小田急小田原線「海老名」駅,20.0,22.0,,,,海老名市中新田2-7,7号棟,鉄筋コンクリート造、鉄骨鉄筋コンクリート造,8,N,805号室,3DK,65,8,89000,6100,2か月,['近居割'],随時,https://www.ur-net.go.jp/chintai/kanto/kanagawa/40_1900_room.html?JKSS=000070805,<li>小田急小田原線「厚木」駅 徒歩4～7分</li><li>小田急小田原線「海老名」駅 徒歩20～22分</li><li>小田急小田原線「本厚木」駅 徒歩25～27分</li>
kanagawa,sagamiono,えびな,95100,小田急小田原線「本厚木」駅,25.0,27.0,,,,海老名市中新田2-7,7号棟,鉄筋コンクリート造、鉄骨鉄筋コンクリート造,8,N,805号室,3DK,65,8,89000,6100,2か月,['近居割'],随時,https://www.ur-net.go.jp/chintai/kanto/kanagawa/40_1900_room.html?JKSS=000070805,<li>小田急小田原線「厚木」駅 徒歩4～7分</li><li>小田急小田原線「海老名」駅 徒歩20～22分</li><li>小田急小田原線「本厚木」駅 徒歩25～27分</li>
kanagawa,sagamiono,えびな,95100,,,,,,,海老名市中新田2-7,7号棟,鉄筋コンクリート造、鉄骨鉄筋コンクリート造,8,N,805号室,3DK,65,8,89000,6100,2か月,['近居割'],随時,https://www.ur-net.go.jp/chintai/kanto/kanagawa/40_1900_room.html?JKSS=000070805,<li>小田急小田原線「厚木」駅 徒歩4～7分</li><li>小田急小田原線「海老名」駅 徒歩20～22分</li><li>小田急小田原線「本厚木」駅 徒歩25～27分</li>
kanagawa,sagamiono,えびな,99000,小田急小田原線「厚木」駅,4.0,7.0,,,,海老名市中新田2-7,6号棟,鉄筋コンクリート造、鉄骨鉄筋コンクリート造,2,N,202号室,2LDK,65,8,92900,6100,2か月,['近居割'],随時,https://www.ur-net.go.jp/chintai/kanto/kanagawa/40_1900_room.html?JKSS=000060202,<li>小田急小田原線「厚木」駅 徒歩4～7分</li><li>小田急小田原線「海老名」駅 徒歩20～22分</li><li>小田急小田原線「本厚木」駅 徒歩25～27分</li>
kanagawa,sagamiono,えびな,99000,小田急小田原線「海老名」駅,20.0,22.0,,,,海老名市中新田2-7,6号棟,鉄筋コンクリート造、鉄骨鉄筋コンクリート造,2,N,202号室,2LDK,65,8,92900,6100,2か月,['近居割'],随時,https://www.ur-net.go.jp/chintai/kanto/kanagawa/40_1900_room.html?JKSS=000060202,<li>小田急小田原線「厚木」駅 徒歩4～7分</li><li>小田急小田原線「海老名」駅 徒歩20～22分</li><li>小田急小田原線「本厚木」駅 徒歩25～27分</li>
kanagawa,sagamiono,えびな,99000,小田急小田原線「本厚木」駅,25.0,27.0,,,,海老名市中新田2-7,6号棟,鉄筋コンクリート造、鉄骨鉄筋コンクリート造,2,N,202号室,2LDK,65,8,92900,6100,2か月,['近居割'],随時,https://www.ur-net.go.jp/chintai/kanto/kanagawa/40_1900_room.html?JKSS=000060202,<li>小田急小田原線「厚木」駅 徒歩4～7分</li><li>小田急小田原線「海老名」駅 徒歩20～22分</li><li>小田急小田原線「本厚木」駅 徒歩25～27分</li>
kanagawa,sagamiono,えびな,99000,,,,,,,海老名市中新田2-7,6号棟,鉄筋コンクリート造、鉄骨鉄筋コンクリート造,2,N,202号室,2LDK,65,8,92900,6100,2か月,['近居割'],随時,https://www.ur-net.go.jp/chintai/kanto/kanagawa/40_1900_room.html?JKSS=000060202,<li>小田急小田原線「厚木」駅 徒歩4～7分</li><li>小田急小田原線「海老名」駅 徒歩20～22分</li><li>小田急小田原線「本厚木」駅 徒歩25～27分</li>
kanagawa,sagamiono,さがみ野さくら,96300,相鉄本線「さがみ野」駅,8.0,10.0,,,,座間市東原5-1,13号棟,鉄筋コンクリート造,5,N,506号室,3LDK,69,5,94100,2200,2か月,['近居割'],随時,https://www.ur-net.go.jp/chintai/kanto/kanagawa/40_2430_room.html?JKSS=000130506,<li>相鉄本線「さがみ野」駅 徒歩8～10分</li><li>小田急江ノ島線「南林間」駅バス9分 徒歩1～3分</li><li>小田急小田原線「座間」駅バス8分 徒歩9～11分</li>
kanagawa,sagamiono,さがみ野さくら,96300,,,,小田急江ノ島線「南林間」駅,10.0,12.0,座間市東原5-1,13号棟,鉄筋コンクリート造,5,N,506号室,3LDK,69,5,94100,2200,2か月,['近居割'],随時,https://www.ur-net.go.jp/chintai/kanto/kanagawa/40_2430_room.html?JKSS=000130506,<li>相鉄本線「さがみ野」駅 徒歩8～10分</li><li>小田急江ノ島線「南林間」駅バス9分 徒歩1～3分</li><li>小田急小田原線「座間」駅バス8分 徒歩9～11分</li>
kanagawa,sagamiono,さがみ野さくら,96300,,,,小田急小田原線「座間」駅,17.0,19.0,座間市東原5-1,13号棟,鉄筋コンクリート造,5,N,506号室,3LDK,69,5,94100,2200,2か月,['近居割'],随時,https://www.ur-net.go.jp/chintai/kanto/kanagawa/40_2430_room.html?JKSS=000130506,<li>相鉄本線「さがみ野」駅 徒歩8～10分</li><li>小田急江ノ島線「南林間」駅バス9分 徒歩1～3分</li><li>小田急小田原線「座間」駅バス8分 徒歩9～11分</li>
kanagawa,sagamiono,さがみ野さくら,96300,,,,,,,座間市東原5-1,13号棟,鉄筋コンクリート造,5,N,506号室,3LDK,69,5,94100,2200,2か月,['近居割'],随時,https://www.ur-net.go.jp/chintai/kanto/kanagawa/40_2430_room.html?JKSS=000130506,<li>相鉄本線「さがみ野」駅 徒歩8～10分</li><li>小田急江ノ島線「南林間」駅バス9分 徒歩1～3分</li><li>小田急小田原線「座間」駅バス8分 徒歩9～11分</li>
kanagawa,sagamiono,さがみ野さくら,99100,相鉄本線「さがみ野」駅,8.0,10.0,,,,座間市東原5-1,8号棟,鉄筋コンクリート造,4,N,402号室,3LDK,69,5,96900,2200,2か月,['近居割'],随時,https://www.ur-net.go.jp/chintai/kanto/kanagawa/40_2430_room.html?JKSS=000080402,<li>相鉄本線「さがみ野」駅 徒歩8～10分</li><li>小田急江ノ島線「南林間」駅バス9分 徒歩1～3分</li><li>小田急小田原線「座間」駅バス8分 徒歩9～11分</li>
kanagawa,sagamiono,さがみ野さくら,99100,,,,小田急江ノ島線「南林間」駅,10.0,12.0,座間市東原5-1,8号棟,鉄筋コンクリート造,4,N,402号室,3LDK,69,5,96900,2200,2か月,['近居割'],随時,https://www.ur-net.go.jp/chintai/kanto/kanagawa/40_2430_room.html?JKSS=000080402,<li>相鉄本線「さがみ野」駅 徒歩8～10分</li><li>小田急江ノ島線「南林間」駅バス9分 徒歩1～3分</li><li>小田急小田原線「座間」駅バス8分 徒歩9～11分</li>
kanagawa,sagamiono,さがみ野さくら,99100,,,,小田急小田原線「座間」駅,17.0,19.0,座間市東原5-1,8号棟,鉄筋コンクリート造,4,N,402号室,3LDK,69,5,96900,2200,2か月,['近居割'],随時,https://www.ur-net.go.jp/chintai/kanto/kanagawa/40_2430_room.html?JKSS=000080402,<li>相鉄本線「さがみ野」駅 徒歩8～10分</li><li>小田急江ノ島線「南林間」駅バス9分 徒歩1～3分</li><li>小田急小田原線「座間」駅バス8分 徒歩9～11分</li>
kanagawa,sagamiono,さがみ野さくら,99100,,,,,,,座間市東原5-1,8号棟,鉄筋コンクリート造,4,N,402号室,3LDK,69,5,96900,2200,2か月,['近居割'],随時,https://www.ur-net.go.jp/chintai/kanto/kanagawa/40_2430_room.html?JKSS=000080402,<li>相鉄本線「さがみ野」駅 徒歩8～10分</li><li>小田急江ノ島線「南林間」駅バス9分 徒歩1～3分</li><li>小田急小田原線「座間」駅バス8分 徒歩9～11分</li>
kanagawa,shonan,サンヴァリエ平塚,64600,,,,JR東海道本線「平塚」駅,21.0,23.0,平塚市高村203,19号棟,鉄筋コンクリート造、鉄骨鉄筋コンクリート造,3,N,303号室,2DK,50,8,61500,3100,2か月,['近居割WIDE'],随時,https://www.ur-net.go.jp/chintai/kanto/kanagawa/40_1780_room.html?JKSS=000190303,<li>JR東海道本線「平塚」駅バス20分 徒歩1～3分</li><li>小田急小田原線「伊勢原」駅バス33分 徒歩2～5分</li><li>JR東海道本線「大磯」駅 徒歩53～56分</li>
kanagawa,shonan,サンヴァリエ平塚,64600,,,,小田急小田原線「伊勢原」駅,35.0,38.0,平塚市高村203,19号棟,鉄筋コンクリート造、鉄骨鉄筋コンクリート造,3,N,303号室,2DK,50,8,61500,3100,2か月,['近居割WIDE'],随時,https://www.ur-net.go.jp/chintai/kanto/kanagawa/40_1780_room.html?JKSS=000190303,<li>JR東海道本線「平塚」駅バス20分 徒歩1～3分</li><li>小田急小田原線「伊勢原」駅バス33分 徒歩2～5分</li><li>JR東海道本線「大磯」駅 徒歩53～56分</li>
kanagawa,shonan,サンヴァリエ平塚,64600,JR東海道本線「大磯」駅,53.0,56.0,,,,平塚市高村203,19号棟,鉄筋コンクリート造、鉄骨鉄筋コンクリート造,3,N,303号室,2DK,50,8,61500,3100,2か月,['近居割WIDE'],随時,https://www.ur-net.go.jp/chintai/kanto/kanagawa/40_1780_room.html?JKSS=000190303,<li>JR東海道本線「平塚」駅バス20分 徒歩1～3分</li><li>小田急小田原線「伊勢原」駅バス33分 徒歩2～5分</li><li>JR東海道本線「大磯」駅 徒歩53～56分</li>
kanagawa,shonan,サンヴァリエ平塚,64600,,,,,,,平塚市高村203,19号棟,鉄筋コンクリート造、鉄骨鉄筋コンクリート造,3,N,303号室,2DK,50,8,61500,3100,2か月,['近居割WIDE'],随時,https://www.ur-net.go.jp/chintai/kanto/kanagawa/40_1780_room.html?JKSS=000190303,<li>JR東海道本線「平塚」駅バス20分 徒歩1～3分</li><li>小田急小田原線「伊勢原」駅バス33分 徒歩2～5分</li><li>JR東海道本線「大磯」駅 徒歩53～56分</li>
kanagawa,shonan,サンヴァリエ平塚,65100,,,,JR東海道本線「平塚」駅,21.0,23.0,平塚市高村203,11号棟,鉄筋コンクリート造、鉄骨鉄筋コンクリート造,5,N,502号室,2DK,50,8,62000,3100,2か月,['近居割WIDE'],随時,https://www.ur-net.go.jp/chintai/kanto/kanagawa/40_1780_room.html?JKSS=000110502,<li>JR東海道本線「平塚」駅バス20分 徒歩1～3分</li><li>小田急小田原線「伊勢原」駅バス33分 徒歩2～5分</li><li>JR東海道本線「大磯」駅 徒歩53～56分</li>
kanagawa,shonan,サンヴァリエ平塚,65100,,,,小田急小田原線「伊勢原」駅,35.0,38.0,平塚市高村203,11号棟,鉄筋コンクリート造、鉄骨鉄筋コンクリート造,5,N,502号室,2DK,50,8,62000,3100,2か月,['近居割WIDE'],随時,https://www.ur-net.go.jp/chintai/kanto/kanagawa/40_1780_room.html?JKSS=000110502,<li>JR東海道本線「平塚」駅バス20分 徒歩1～3分</li><li>小田急小田原線「伊勢原」駅バス33分 徒歩2～5分</li><li>JR東海道本線「大磯」駅 徒歩53～56分</li>
kanagawa,shonan,サンヴァリエ平塚,65100,JR東海道本線「大磯」駅,53.0,56.0,,,,平塚市高村203,11号棟,鉄筋コンクリート造、鉄骨鉄筋コンクリート造,5,N,502号室,2DK,50,8,62000,3100,2か月,['近居割WIDE'],随時,https://www.ur-net.go.jp/chintai/kanto/kanagawa/40_1780_room.html?JKSS=000110502,<li>JR東海道本線「平塚」駅バス20分 徒歩1～3分</li><li>小田急小田原線「伊勢原」駅バス33分 徒歩2～5分</li><li>JR東海道本線「大磯」駅 徒歩53～56分</li>
kanagawa,shonan,サンヴァリエ平塚,65100,,,,,,,平塚市高村203,11号棟,鉄筋コンクリート造、鉄骨鉄筋コンクリート造,5,N,502号室,2DK,50,8,62000,3100,2か月,['近居割WIDE'],随時,https://www.ur-net.go.jp/chintai/kanto/kanagawa/40_1780_room.html?JKSS=000110502,<li>JR東海道本線「平塚」駅バス20分 徒歩1～3分</li><li>小田急小田原線「伊勢原」駅バス33分 徒歩2～5分</li><li>JR東海道本線「大磯」駅 徒歩53～56分</li>
kanagawa,shonan,サンヴァリエ平塚,65100,,,,JR東海道本線「平塚」駅,21.0,23.0,平塚市高村203,11号棟,鉄筋コンクリート造、鉄骨鉄筋コンクリート造,8,N,802号室,2DK,50,8,62000,3100,2か月,['近居割WIDE'],随時,https://www.ur-net.go.jp/chintai/kanto/kanagawa/40_1780_room.html?JKSS=000110802,<li>JR東海道本線「平塚」駅バス20分 徒歩1～3分</li><li>小田急小田原線「伊勢原」駅バス33分 徒歩2～5分</li><li>JR東海道本線「大磯」駅 徒歩53～56分</li>
kanagawa,shonan,サンヴァリエ平塚,65100,,,,小田急小田原線「伊勢原」駅,35.0,38.0,平塚市高村203,11号棟,鉄筋コンクリート造、鉄骨鉄筋コンクリート造,8,N,802号室,2DK,50,8,62000,3100,2か月,['近居割WIDE'],随時,https://www.ur-net.go.jp/chintai/kanto/kanagawa/40_1780_room.html?JKSS=000110802,<li>JR東海道本線「平塚」駅バス20分 徒歩1～3分</li><li>小田急小田原線「伊勢原」駅バス33分 徒歩2～5分</li><li>JR東海道本線「大磯」駅 徒歩53～56分</li>
kanagawa,shonan,サンヴァリエ平塚,65100,JR東海道本線「大磯」駅,53.0,56.0,,,,平塚市高村203,11号棟,鉄筋コンクリート造、鉄骨鉄筋コンクリート造,8,N,802号室,2DK,50,8,62000,3100,2か月,['近居割WIDE'],随時,https://www.ur-net.go.jp/chintai/kanto/kanagawa/40_1780_room.html?JKSS=000110802,<li>JR東海道本線「平塚」駅バス20分 徒歩1～3分</li><li>小田急小田原線「伊勢原」駅バス33分 徒歩2～5分</li><li>JR東海道本線「大磯」駅 徒歩53～56分</li>
kanagawa,shonan,サンヴァリエ平塚,65100,,,,,,,平塚市高村203,11号棟,鉄筋コンクリート造、鉄骨鉄筋コンクリート造,8,N,802号室,2DK,50,8,62000,3100,2か月,['近居割WIDE'],随時,https://www.ur-net.go.jp/chintai/kanto/kanagawa/40_1780_room.html?JKSS=000110802,<li>JR東海道本線「平塚」駅バス20分 徒歩1～3分</li><li>小田急小田原線「伊勢原」駅バス33分 徒歩2～5分</li><li>JR東海道本線「大磯」駅 徒歩53～56分</li>
kanagawa,shonan,サンヴァリエ平塚,65100,,,,JR東海道本線「平塚」駅,21.0,23.0,平塚市高村203,16号棟,鉄筋コンクリート造、鉄骨鉄筋コンクリート造,2,N,203号室,2DK,50,8,62000,3100,2か月,['近居割WIDE'],随時,https://www.ur-net.go.jp/chintai/kanto/kanagawa/40_1780_room.html?JKSS=000160203,<li>JR東海道本線「平塚」駅バス20分 徒歩1～3分</li><li>小田急小田原線「伊勢原」駅バス33分 徒歩2～5分</li><li>JR東海道本線「大磯」駅 徒歩53～56分</li>
kanagawa,shonan,サンヴァリエ平塚,65100,,,,小田急小田原線「伊勢原」駅,35.0,38.0,平塚市高村203,16号棟,鉄筋コンクリート造、鉄骨鉄筋コンクリート造,2,N,203号室,2DK,50,8,62000,3100,2か月,['近居割WIDE'],随時,https://www.ur-net.go.jp/chintai/kanto/kanagawa/40_1780_room.html?JKSS=000160203,<li>JR東海道本線「平塚」駅バス20分 徒歩1～3分</li><li>小田急小田原線「伊勢原」駅バス33分 徒歩2～5分</li><li>JR東海道本線「大磯」駅 徒歩53～56分</li>
kanagawa,shonan,サンヴァリエ平塚,65100,JR東海道本線「大磯」駅,53.0,56.0,,,,平塚市高村203,16号棟,鉄筋コンクリート造、鉄骨鉄筋コンクリート造,2,N,203号室,2DK,50,8,62000,3100,2か月,['近居割WIDE'],随時,https://www.ur-net.go.jp/chintai/kanto/kanagawa/40_1780_room.html?JKSS=000160203,<li>JR東海道本線「平塚」駅バス20分 徒歩1～3分</li><li>小田急小田原線「伊勢原」駅バス33分 徒歩2～5分</li><li>JR東海道本線「大磯」駅 徒歩53～56分</li>
kanagawa,shonan,サンヴァリエ平塚,65100,,,,,,,平塚市高村203,16号棟,鉄筋コンクリート造、鉄骨鉄筋コンクリート造,2,N,203号室,2DK,50,8,62000,3100,2か月,['近居割WIDE'],随時,https://www.ur-net.go.jp/chintai/kanto/kanagawa/40_1780_room.html?JKSS=000160203,<li>JR東海道本線「平塚」駅バス20分 徒歩1～3分</li><li>小田急小田原線「伊勢原」駅バス33分 徒歩2～5分</li><li>JR東海道本線「大磯」駅 徒歩53～56分</li>
kanagawa,shonan,サンヴァリエ平塚,65100,,,,JR東海道本線「平塚」駅,21.0,23.0,平塚市高村203,17号棟,鉄筋コンクリート造、鉄骨鉄筋コンクリート造,5,N,506号室,2DK,50,8,62000,3100,2か月,['近居割WIDE'],随時,https://www.ur-net.go.jp/chintai/kanto/kanagawa/40_1780_room.html?JKSS=000170506,<li>JR東海道本線「平塚」駅バス20分 徒歩1～3分</li><li>小田急小田原線「伊勢原」駅バス33分 徒歩2～5分</li><li>JR東海道本線「大磯」駅 徒歩53～56分</li>
kanagawa,shonan,サンヴァリエ平塚,65100,,,,小田急小田原線「伊勢原」駅,35.0,38.0,平塚市高村203,17号棟,鉄筋コンクリート造、鉄骨鉄筋コンクリート造,5,N,506号室,2DK,50,8,62000,3100,2か月,['近居割WIDE'],随時,https://www.ur-net.go.jp/chintai/kanto/kanagawa/40_1780_room.html?JKSS=000170506,<li>JR東海道本線「平塚」駅バス20分 徒歩1～3分</li><li>小田急小田原線「伊勢原」駅バス33分 徒歩2～5分</li><li>JR東海道本線「大磯」駅 徒歩53～56分</li>
kanagawa,shonan,サンヴァリエ平塚,65100,JR東海道本線「大磯」駅,53.0,56.0,,,,平塚市高村203,17号棟,鉄筋コンクリート造、鉄骨鉄筋コンクリート造,5,N,506号室,2DK,50,8,62000,3100,2か月,['近居割WIDE'],随時,https://www.ur-net.go.jp/chintai/kanto/kanagawa/40_1780_room.html?JKSS=000170506,<li>JR東海道本線「平塚」駅バス20分 徒歩1～3分</li><li>小田急小田原線「伊勢原」駅バス33分 徒歩2～5分</li><li>JR東海道本線「大磯」駅 徒歩53～56分</li>
kanagawa,shonan,サンヴァリエ平塚,65100,,,,,,,平塚市高村203,17号棟,鉄筋コンクリート造、鉄骨鉄筋コンクリート造,5,N,506号室,2DK,50,8,62000,3100,2か月,['近居割WIDE'],随時,https://www.ur-net.go.jp/chintai/kanto/kanagawa/40_1780_room.html?JKSS=000170506,<li>JR東海道本線「平塚」駅バス20分 徒歩1～3分</li><li>小田急小田原線「伊勢原」駅バス33分 徒歩2～5分</li><li>JR東海道本線「大磯」駅 徒歩53～56分</li>
kanagawa,shonan,善行,61300,小田急江ノ島線「善行」駅,11.0,19.0,小田急江ノ島線「善行」駅,5.0,13.0,藤沢市善行団地1-1ほか,7-2号棟,鉄筋コンクリート造,3,N,302号室,3K,45,5,58000,3300,2か月,['URライト（4年定借）'],随時,https://www.ur-net.go.jp/chintai/kanto/kanagawa/40_1040_room.html?JKSS=000702302,<li>小田急江ノ島線「善行」駅 徒歩11～19分 又はバス4～8分 徒歩1～5分</li>
kanagawa,shonan,善行,61300,,,,,,,藤沢市善行団地1-1ほか,7-2号棟,鉄筋コンクリート造,3,N,302号室,3K,45,5,58000,3300,2か月,['URライト（4年定借）'],随時,https://www.ur-net.go.jp/chintai/kanto/kanagawa/40_1040_room.html?JKSS=000702302,<li>小田急江ノ島線「善行」駅 徒歩11～19分 又はバス4～8分 徒歩1～5分</li>
kanagawa,shonan,善行,62400,小田急江ノ島線「善行」駅,11.0,19.0,小田急江ノ島線「善行」駅,5.0,13.0,藤沢市善行団地1-1ほか,5-5号棟,鉄筋コンクリート造,5,N,505号室,3K,48,5,59100,3300,2か月,['URライト（4年定借）'],随時,https://www.ur-net.go.jp/chintai/kanto/kanagawa/40_1040_room.html?JKSS=000505505,<li>小田急江ノ島線「善行」駅 徒歩11～19分 又はバス4～8分 徒歩1～5分</li>
kanagawa,shonan,善行,62400,,,,,,,藤沢市善行団地1-1ほか,5-5号棟,鉄筋コンクリート造,5,N,505号室,3K,48,5,59100,3300,2か月,['URライト（4年定借）'],随時,https://www.ur-net.go.jp/chintai/kanto/kanagawa/40_1040_room.html?JKSS=000505505,<li>小田急江ノ島線「善行」駅 徒歩11～19分 又はバス4～8分 徒歩1～5分</li>
kanagawa,shonan,善行,64600,小田急江ノ島線「善行」駅,11.0,19.0,小田急江ノ島線「善行」駅,5.0,13.0,藤沢市善行団地1-1ほか,3-5号棟,鉄筋コンクリート造,5,N,505号室,3DK,50,5,61300,3300,2か月,"['近居割', '近居割WIDE']",随時,https://www.ur-net.go.jp/chintai/kanto/kanagawa/40_1040_room.html?JKSS=000305505,<li>小田急江ノ島線「善行」駅 徒歩11～19分 又はバス4～8分 徒歩1～5分</li>
kanagawa,shonan,善行,64600,,,,,,,藤沢市善行団地1-1ほか,3-5号棟,鉄筋コンクリート造,5,N,505号室,3DK,50,5,61300,3300,2か月,"['近居割', '近居割WIDE']",随時,https://www.ur-net.go.jp/chintai/kanto/kanagawa/40_1040_room.html?JKSS=000305505,<li>小田急江ノ島線「善行」駅 徒歩11～19分 又はバス4～8分 徒歩1～5分</li>
kanagawa,shonan,善行,64600,小田急江ノ島線「善行」駅,11.0,19.0,小田急江ノ島線「善行」駅,5.0,13.0,藤沢市善行団地1-1ほか,3-7号棟,鉄筋コンクリート造,5,N,504号室,3DK,50,5,61300,3300,2か月,"['近居割', '近居割WIDE']",随時,https://www.ur-net.go.jp/chintai/kanto/kanagawa/40_1040_room.html?JKSS=000307504,<li>小田急江ノ島線「善行」駅 徒歩11～19分 又はバス4～8分 徒歩1～5分</li>
kanagawa,shonan,善行,64600,,,,,,,藤沢市善行団地1-1ほか,3-7号棟,鉄筋コンクリート造,5,N,504号室,3DK,50,5,61300,3300,2か月,"['近居割', '近居割WIDE']",随時,https://www.ur-net.go.jp/chintai/kanto/kanagawa/40_1040_room.html?JKSS=000307504,<li>小田急江ノ島線「善行」駅 徒歩11～19分 又はバス4～8分 徒歩1～5分</li>
kanagawa,shonan,善行,64600,小田急江ノ島線「善行」駅,11.0,19.0,小田急江ノ島線「善行」駅,5.0,13.0,藤沢市善行団地1-1ほか,3-9号棟,鉄筋コンクリート造,5,N,505号室,3DK,50,5,61300,3300,2か月,"['近居割', '近居割WIDE']",随時,https://www.ur-net.go.jp/chintai/kanto/kanagawa/40_1040_room.html?JKSS=000309505,<li>小田急江ノ島線「善行」駅 徒歩11～19分 又はバス4～8分 徒歩1～5分</li>
kanagawa,shonan,善行,64600,,,,,,,藤沢市善行団地1-1ほか,3-9号棟,鉄筋コンクリート造,5,N,505号室,3DK,50,5,61300,3300,2か月,"['近居割', '近居割WIDE']",随時,https://www.ur-net.go.jp/chintai/kanto/kanagawa/40_1040_room.html?JKSS=000309505,<li>小田急江ノ島線「善行」駅 徒歩11～19分 又はバス4～8分 徒歩1～5分</li>
kanagawa,yokohamanishiguchi,ウェルシティ横須賀ポートバレーヌ４番館,136300,JR横須賀線「横須賀」駅,3.0,3.0,,,,横須賀市東逸見町1-1,4号棟,鉄筋コンクリート造,1,N,104号室,3LDK,86,12,129100,7200,2か月,['近居割'],随時,https://www.ur-net.go.jp/chintai/kanto/kanagawa/40_3960_room.html?JKSS=000040104,<li>JR横須賀線「横須賀」駅 徒歩3分</li><li>京急本線「逸見」駅 徒歩5分</li>
kanagawa,yokohamanishiguchi,ウェルシティ横須賀ポートバレーヌ４番館,136300,京急本線「逸見」駅,5.0,5.0,,,,横須賀市東逸見町1-1,4号棟,鉄筋コンクリート造,1,N,104号室,3LDK,86,12,129100,7200,2か月,['近居割'],随時,https://www.ur-net.go.jp/chintai/kanto/kanagawa/40_3960_room.html?JKSS=000040104,<li>JR横須賀線「横須賀」駅 徒歩3分</li><li>京急本線「逸見」駅 徒歩5分</li>
kanagawa,yokohamanishiguchi,ウェルシティ横須賀ポートバレーヌ４番館,136300,,,,,,,横須賀市東逸見町1-1,4号棟,鉄筋コンクリート造,1,N,104号室,3LDK,86,12,129100,7200,2か月,['近居割'],随時,https://www.ur-net.go.jp/chintai/kanto/kanagawa/40_3960_room.html?JKSS=000040104,<li>JR横須賀線「横須賀」駅 徒歩3分</li><li>京急本線「逸見」駅 徒歩5分</li>
kanagawa,shonan,鶴が台,53600,,,,JR東海道本線「茅ケ崎」駅,10.0,18.0,茅ヶ崎市鶴が台,16-4号棟,鉄筋コンクリート造,1,N,104号室,2DK,41,5,50000,3600,2か月,['近居割'],随時,https://www.ur-net.go.jp/chintai/kanto/kanagawa/40_1160_room.html?JKSS=000164104,<li>JR東海道本線「茅ケ崎」駅バス9～13分 徒歩1～5分</li><li>JR相模線「北茅ケ崎」駅 徒歩14～19分</li><li>JR相模線「香川」駅 徒歩15～23分</li>
kanagawa,shonan,鶴が台,53600,JR相模線「北茅ケ崎」駅,14.0,19.0,,,,茅ヶ崎市鶴が台,16-4号棟,鉄筋コンクリート造,1,N,104号室,2DK,41,5,50000,3600,2か月,['近居割'],随時,https://www.ur-net.go.jp/chintai/kanto/kanagawa/40_1160_room.html?JKSS=000164104,<li>JR東海道本線「茅ケ崎」駅バス9～13分 徒歩1～5分</li><li>JR相模線「北茅ケ崎」駅 徒歩14～19分</li><li>JR相模線「香川」駅 徒歩15～23分</li>
kanagawa,shonan,鶴が台,53600,JR相模線「香川」駅,15.0,23.0,,,,茅ヶ崎市鶴が台,16-4号棟,鉄筋コンクリート造,1,N,104号室,2DK,41,5,50000,3600,2か月,['近居割'],随時,https://www.ur-net.go.jp/chintai/kanto/kanagawa/40_1160_room.html?JKSS=000164104,<li>JR東海道本線「茅ケ崎」駅バス9～13分 徒歩1～5分</li><li>JR相模線「北茅ケ崎」駅 徒歩14～19分</li><li>JR相模線「香川」駅 徒歩15～23分</li>
kanagawa,shonan,鶴が台,53600,,,,,,,茅ヶ崎市鶴が台,16-4号棟,鉄筋コンクリート造,1,N,104号室,2DK,41,5,50000,3600,2か月,['近居割'],随時,https://www.ur-net.go.jp/chintai/kanto/kanagawa/40_1160_room.html?JKSS=000164104,<li>JR東海道本線「茅ケ崎」駅バス9～13分 徒歩1～5分</li><li>JR相模線「北茅ケ崎」駅 徒歩14～19分</li><li>JR相模線「香川」駅 徒歩15～23分</li>
kanagawa,shonan,鶴が台,55300,,,,JR東海道本線「茅ケ崎」駅,10.0,18.0,茅ヶ崎市鶴が台,11-1号棟,鉄筋コンクリート造,4,N,403号室,3K,45,5,51700,3600,2か月,['近居割'],随時,https://www.ur-net.go.jp/chintai/kanto/kanagawa/40_1160_room.html?JKSS=000111403,<li>JR東海道本線「茅ケ崎」駅バス9～13分 徒歩1～5分</li><li>JR相模線「北茅ケ崎」駅 徒歩14～19分</li><li>JR相模線「香川」駅 徒歩15～23分</li>
kanagawa,shonan,鶴が台,55300,JR相模線「北茅ケ崎」駅,14.0,19.0,,,,茅ヶ崎市鶴が台,11-1号棟,鉄筋コンクリート造,4,N,403号室,3K,45,5,51700,3600,2か月,['近居割'],随時,https://www.ur-net.go.jp/chintai/kanto/kanagawa/40_1160_room.html?JKSS=000111403,<li>JR東海道本線「茅ケ崎」駅バス9～13分 徒歩1～5分</li><li>JR相模線「北茅ケ崎」駅 徒歩14～19分</li><li>JR相模線「香川」駅 徒歩15～23分</li>
kanagawa,shonan,鶴が台,55300,JR相模線「香川」駅,15.0,23.0,,,,茅ヶ崎市鶴が台,11-1号棟,鉄筋コンクリート造,4,N,403号室,3K,45,5,51700,3600,2か月,['近居割'],随時,https://www.ur-net.go.jp/chintai/kanto/kanagawa/40_1160_room.html?JKSS=000111403,<li>JR東海道本線「茅ケ崎」駅バス9～13分 徒歩1～5分</li><li>JR相模線「北茅ケ崎」駅 徒歩14～19分</li><li>JR相模線「香川」駅 徒歩15～23分</li>
kanagawa,shonan,鶴が台,55300,,,,,,,茅ヶ崎市鶴が台,11-1号棟,鉄筋コンクリート造,4,N,403号室,3K,45,5,51700,3600,2か月,['近居割'],随時,https://www.ur-net.go.jp/chintai/kanto/kanagawa/40_1160_room.html?JKSS=000111403,<li>JR東海道本線「茅ケ崎」駅バス9～13分 徒歩1～5分</li><li>JR相模線「北茅ケ崎」駅 徒歩14～19分</li><li>JR相模線「香川」駅 徒歩15～23分</li>
kanagawa,shonan,鶴が台,63300,,,,JR東海道本線「茅ケ崎」駅,10.0,18.0,茅ヶ崎市鶴が台,9-4号棟,鉄筋コンクリート造,3,N,306号室,3DK,53,5,59700,3600,2か月,['近居割'],随時,https://www.ur-net.go.jp/chintai/kanto/kanagawa/40_1160_room.html?JKSS=000904306,<li>JR東海道本線「茅ケ崎」駅バス9～13分 徒歩1～5分</li><li>JR相模線「北茅ケ崎」駅 徒歩14～19分</li><li>JR相模線「香川」駅 徒歩15～23分</li>
kanagawa,shonan,鶴が台,63300,JR相模線「北茅ケ崎」駅,14.0,19.0,,,,茅ヶ崎市鶴が台,9-4号棟,鉄筋コンクリート造,3,N,306号室,3DK,53,5,59700,3600,2か月,['近居割'],随時,https://www.ur-net.go.jp/chintai/kanto/kanagawa/40_1160_room.html?JKSS=000904306,<li>JR東海道本線「茅ケ崎」駅バス9～13分 徒歩1～5分</li><li>JR相模線「北茅ケ崎」駅 徒歩14～19分</li><li>JR相模線「香川」駅 徒歩15～23分</li>
kanagawa,shonan,鶴が台,63300,JR相模線「香川」駅,15.0,23.0,,,,茅ヶ崎市鶴が台,9-4号棟,鉄筋コンクリート造,3,N,306号室,3DK,53,5,59700,3600,2か月,['近居割'],随時,https://www.ur-net.go.jp/chintai/kanto/kanagawa/40_1160_room.html?JKSS=000904306,<li>JR東海道本線「茅ケ崎」駅バス9～13分 徒歩1～5分</li><li>JR相模線「北茅ケ崎」駅 徒歩14～19分</li><li>JR相模線「香川」駅 徒歩15～23分</li>
kanagawa,shonan,鶴が台,63300,,,,,,,茅ヶ崎市鶴が台,9-4号棟,鉄筋コンクリート造,3,N,306号室,3DK,53,5,59700,3600,2か月,['近居割'],随時,https://www.ur-net.go.jp/chintai/kanto/kanagawa/40_1160_room.html?JKSS=000904306,<li>JR東海道本線「茅ケ崎」駅バス9～13分 徒歩1～5分</li><li>JR相模線「北茅ケ崎」駅 徒歩14～19分</li><li>JR相模線「香川」駅 徒歩15～23分</li>
kanagawa,shonan,コンフォール茅ヶ崎浜見平,95000,,,,JR東海道本線「茅ケ崎」駅,16.0,18.0,茅ヶ崎市浜見平13番ほか,14-2号棟,鉄筋コンクリート造,3,N,304号室,1DK,43,8,90100,4900,2か月,"['近居割', '近居割WIDE']",随時,https://www.ur-net.go.jp/chintai/kanto/kanagawa/40_4240_room.html?JKSS=014020304,<li>JR東海道本線「茅ケ崎」駅バス14分 徒歩2～4分</li>
kanagawa,shonan,コンフォール茅ヶ崎浜見平,95000,,,,,,,茅ヶ崎市浜見平13番ほか,14-2号棟,鉄筋コンクリート造,3,N,304号室,1DK,43,8,90100,4900,2か月,"['近居割', '近居割WIDE']",随時,https://www.ur-net.go.jp/chintai/kanto/kanagawa/40_4240_room.html?JKSS=014020304,<li>JR東海道本線「茅ケ崎」駅バス14分 徒歩2～4分</li>
kanagawa,shonan,コンフォール茅ヶ崎浜見平,122800,,,,JR東海道本線「茅ケ崎」駅,16.0,18.0,茅ヶ崎市浜見平13番ほか,14-2号棟,鉄筋コンクリート造,2,N,212号室,1LDK,63,8,117900,4900,2か月,"['近居割', '近居割WIDE']",随時,https://www.ur-net.go.jp/chintai/kanto/kanagawa/40_4240_room.html?JKSS=014020212,<li>JR東海道本線「茅ケ崎」駅バス14分 徒歩2～4分</li>
kanagawa,shonan,コンフォール茅ヶ崎浜見平,122800,,,,,,,茅ヶ崎市浜見平13番ほか,14-2号棟,鉄筋コンクリート造,2,N,212号室,1LDK,63,8,117900,4900,2か月,"['近居割', '近居割WIDE']",随時,https://www.ur-net.go.jp/chintai/kanto/kanagawa/40_4240_room.html?JKSS=014020212,<li>JR東海道本線「茅ケ崎」駅バス14分 徒歩2～4分</li>
kanagawa,shonan,浜見平,107900,,,,JR東海道本線「茅ケ崎」駅,15.0,15.0,茅ヶ崎市浜見平6-2ほか,6-2号棟,鉄筋コンクリート造,3,N,303号室,3DK,62,5,104000,3900,2か月,"['近居割', '近居割WIDE']",随時,https://www.ur-net.go.jp/chintai/kanto/kanagawa/40_0971_room.html?JKSS=006020303,<li>JR東海道本線「茅ケ崎」駅バス13分 徒歩2分</li>
kanagawa,shonan,浜見平,107900,,,,,,,茅ヶ崎市浜見平6-2ほか,6-2号棟,鉄筋コンクリート造,3,N,303号室,3DK,62,5,104000,3900,2か月,"['近居割', '近居割WIDE']",随時,https://www.ur-net.go.jp/chintai/kanto/kanagawa/40_0971_room.html?JKSS=006020303,<li>JR東海道本線「茅ケ崎」駅バス13分 徒歩2分</li>
kanagawa,shonan,浜見平,119500,,,,JR東海道本線「茅ケ崎」駅,15.0,15.0,茅ヶ崎市浜見平6-2ほか,6-2号棟,鉄筋コンクリート造,5,N,506号室,3LDK,70,5,115600,3900,2か月,"['近居割', '近居割WIDE']",随時,https://www.ur-net.go.jp/chintai/kanto/kanagawa/40_0971_room.html?JKSS=006020506,<li>JR東海道本線「茅ケ崎」駅バス13分 徒歩2分</li>
kanagawa,shonan,浜見平,119500,,,,,,,茅ヶ崎市浜見平6-2ほか,6-2号棟,鉄筋コンクリート造,5,N,506号室,3LDK,70,5,115600,3900,2か月,"['近居割', '近居割WIDE']",随時,https://www.ur-net.go.jp/chintai/kanto/kanagawa/40_0971_room.html?JKSS=006020506,<li>JR東海道本線「茅ケ崎」駅バス13分 徒歩2分</li>
kanagawa,shonan,浜見平,123300,,,,JR東海道本線「茅ケ崎」駅,15.0,15.0,茅ヶ崎市浜見平6-2ほか,6-3号棟,鉄筋コンクリート造,4,N,406号室,3LDK,70,5,119400,3900,2か月,"['近居割', '近居割WIDE']",随時,https://www.ur-net.go.jp/chintai/kanto/kanagawa/40_0971_room.html?JKSS=006030406,<li>JR東海道本線「茅ケ崎」駅バス13分 徒歩2分</li>
kanagawa,shonan,浜見平,123300,,,,,,,茅ヶ崎市浜見平6-2ほか,6-3号棟,鉄筋コンクリート造,4,N,406号室,3LDK,70,5,119400,3900,2か月,"['近居割', '近居割WIDE']",随時,https://www.ur-net.go.jp/chintai/kanto/kanagawa/40_0971_room.html?JKSS=006030406,<li>JR東海道本線「茅ケ崎」駅バス13分 徒歩2分</li>
chiba,inageekimae,千草台,46100,,,,JR総武線「西千葉」駅,10.0,17.0,千葉市稲毛区千草台1ほか,1-17号棟,鉄筋コンクリート造,5,N,507号室,3K,45,5,43800,2300,2か月,"['近居割', '近居割WIDE']",随時,https://www.ur-net.go.jp/chintai/kanto/chiba/30_1390_room.html?JKSS=000117507,<li>JR総武線「西千葉」駅バス9～12分 徒歩1～5分</li><li>JR総武線「千葉」駅バス9～15分 徒歩9～17分</li><li>千葉都市モノレール「穴川」駅 徒歩12～18分</li>
chiba,inageekimae,千草台,46100,,,,JR総武線「千葉」駅,18.0,32.0,千葉市稲毛区千草台1ほか,1-17号棟,鉄筋コンクリート造,5,N,507号室,3K,45,5,43800,2300,2か月,"['近居割', '近居割WIDE']",随時,https://www.ur-net.go.jp/chintai/kanto/chiba/30_1390_room.html?JKSS=000117507,<li>JR総武線「西千葉」駅バス9～12分 徒歩1～5分</li><li>JR総武線「千葉」駅バス9～15分 徒歩9～17分</li><li>千葉都市モノレール「穴川」駅 徒歩12～18分</li>
chiba,inageekimae,千草台,46100,千葉都市モノレール「穴川」駅,12.0,18.0,,,,千葉市稲毛区千草台1ほか,1-17号棟,鉄筋コンクリート造,5,N,507号室,3K,45,5,43800,2300,2か月,"['近居割', '近居割WIDE']",随時,https://www.ur-net.go.jp/chintai/kanto/chiba/30_1390_room.html?JKSS=000117507,<li>JR総武線「西千葉」駅バス9～12分 徒歩1～5分</li><li>JR総武線「千葉」駅バス9～15分 徒歩9～17分</li><li>千葉都市モノレール「穴川」駅 徒歩12～18分</li>
chiba,inageekimae,千草台,46100,,,,,,,千葉市稲毛区千草台1ほか,1-17号棟,鉄筋コンクリート造,5,N,507号室,3K,45,5,43800,2300,2か月,"['近居割', '近居割WIDE']",随時,https://www.ur-net.go.jp/chintai/kanto/chiba/30_1390_room.html?JKSS=000117507,<li>JR総武線「西千葉」駅バス9～12分 徒歩1～5分</li><li>JR総武線「千葉」駅バス9～15分 徒歩9～17分</li><li>千葉都市モノレール「穴川」駅 徒歩12～18分</li>
chiba,hanamigawa,花見川（第１次～第４次）,48950,,,,京成本線「八千代台」駅,4.0,18.0,千葉市花見川区花見川1ほか,1-4号棟,鉄筋コンクリート造,5,N,507号室,3DK,53,5,46200,2750,2か月,"['近居割', '近居割WIDE']",随時,https://www.ur-net.go.jp/chintai/kanto/chiba/30_1681_room.html?JKSS=000104507,<li>京成本線「八千代台」駅バス3～10分 徒歩1～8分</li><li>京成本線「実籾」駅 徒歩30～45分</li><li>京成本線「京成大和田」駅 徒歩31～49分</li>
chiba,hanamigawa,花見川（第１次～第４次）,48950,京成本線「実籾」駅,30.0,45.0,,,,千葉市花見川区花見川1ほか,1-4号棟,鉄筋コンクリート造,5,N,507号室,3DK,53,5,46200,2750,2か月,"['近居割', '近居割WIDE']",随時,https://www.ur-net.go.jp/chintai/kanto/chiba/30_1681_room.html?JKSS=000104507,<li>京成本線「八千代台」駅バス3～10分 徒歩1～8分</li><li>京成本線「実籾」駅 徒歩30～45分</li><li>京成本線「京成大和田」駅 徒歩31～49分</li>
chiba,hanamigawa,花見川（第１次～第４次）,48950,京成本線「京成大和田」駅,31.0,49.0,,,,千葉市花見川区花見川1ほか,1-4号棟,鉄筋コンクリート造,5,N,507号室,3DK,53,5,46200,2750,2か月,"['近居割', '近居割WIDE']",随時,https://www.ur-net.go.jp/chintai/kanto/chiba/30_1681_room.html?JKSS=000104507,<li>京成本線「八千代台」駅バス3～10分 徒歩1～8分</li><li>京成本線「実籾」駅 徒歩30～45分</li><li>京成本線「京成大和田」駅 徒歩31～49分</li>
chiba,hanamigawa,花見川（第１次～第４次）,48950,,,,,,,千葉市花見川区花見川1ほか,1-4号棟,鉄筋コンクリート造,5,N,507号室,3DK,53,5,46200,2750,2か月,"['近居割', '近居割WIDE']",随時,https://www.ur-net.go.jp/chintai/kanto/chiba/30_1681_room.html?JKSS=000104507,<li>京成本線「八千代台」駅バス3～10分 徒歩1～8分</li><li>京成本線「実籾」駅 徒歩30～45分</li><li>京成本線「京成大和田」駅 徒歩31～49分</li>
chiba,hanamigawa,花見川（第１次～第４次）,59450,,,,京成本線「八千代台」駅,4.0,18.0,千葉市花見川区花見川1ほか,2-17号棟,鉄筋コンクリート造,4,N,404号室,3DK,53,5,56700,2750,2か月,"['近居割', '近居割WIDE']",随時,https://www.ur-net.go.jp/chintai/kanto/chiba/30_1681_room.html?JKSS=000217404,<li>京成本線「八千代台」駅バス3～10分 徒歩1～8分</li><li>京成本線「実籾」駅 徒歩30～45分</li><li>京成本線「京成大和田」駅 徒歩31～49分</li>
chiba,hanamigawa,花見川（第１次～第４次）,59450,京成本線「実籾」駅,30.0,45.0,,,,千葉市花見川区花見川1ほか,2-17号棟,鉄筋コンクリート造,4,N,404号室,3DK,53,5,56700,2750,2か月,"['近居割', '近居割WIDE']",随時,https://www.ur-net.go.jp/chintai/kanto/chiba/30_1681_room.html?JKSS=000217404,<li>京成本線「八千代台」駅バス3～10分 徒歩1～8分</li><li>京成本線「実籾」駅 徒歩30～45分</li><li>京成本線「京成大和田」駅 徒歩31～49分</li>
chiba,hanamigawa,花見川（第１次～第４次）,59450,京成本線「京成大和田」駅,31.0,49.0,,,,千葉市花見川区花見川1ほか,2-17号棟,鉄筋コンクリート造,4,N,404号室,3DK,53,5,56700,2750,2か月,"['近居割', '近居割WIDE']",随時,https://www.ur-net.go.jp/chintai/kanto/chiba/30_1681_room.html?JKSS=000217404,<li>京成本線「八千代台」駅バス3～10分 徒歩1～8分</li><li>京成本線「実籾」駅 徒歩30～45分</li><li>京成本線「京成大和田」駅 徒歩31～49分</li>
chiba,hanamigawa,花見川（第１次～第４次）,59450,,,,,,,千葉市花見川区花見川1ほか,2-17号棟,鉄筋コンクリート造,4,N,404号室,3DK,53,5,56700,2750,2か月,"['近居割', '近居割WIDE']",随時,https://www.ur-net.go.jp/chintai/kanto/chiba/30_1681_room.html?JKSS=000217404,<li>京成本線「八千代台」駅バス3～10分 徒歩1～8分</li><li>京成本線「実籾」駅 徒歩30～45分</li><li>京成本線「京成大和田」駅 徒歩31～49分</li>
chiba,inageekimae,千葉幸町,50600,京成千葉線「みどり台」駅,11.0,20.0,,,,千葉市美浜区幸町2,11-19号棟,鉄筋コンクリート造,3,N,305号室,2DK,40,5,47500,3100,2か月,['近居割WIDE'],随時,https://www.ur-net.go.jp/chintai/kanto/chiba/30_1810_room.html?JKSS=011019305,<li>京成千葉線「みどり台」駅 徒歩11～20分</li><li>JR京葉線「稲毛海岸」駅 徒歩19～23分</li><li>JR総武線「稲毛」駅 徒歩22～26分</li><li>京成千葉線「京成稲毛」駅 徒歩21～28分</li><li>JR総武線「西千葉」駅 徒歩14～26分</li><li>京成千葉線「西登戸」駅 徒歩10～24分</li>
chiba,inageekimae,千葉幸町,50600,JR京葉線「稲毛海岸」駅,19.0,23.0,,,,千葉市美浜区幸町2,11-19号棟,鉄筋コンクリート造,3,N,305号室,2DK,40,5,47500,3100,2か月,['近居割WIDE'],随時,https://www.ur-net.go.jp/chintai/kanto/chiba/30_1810_room.html?JKSS=011019305,<li>京成千葉線「みどり台」駅 徒歩11～20分</li><li>JR京葉線「稲毛海岸」駅 徒歩19～23分</li><li>JR総武線「稲毛」駅 徒歩22～26分</li><li>京成千葉線「京成稲毛」駅 徒歩21～28分</li><li>JR総武線「西千葉」駅 徒歩14～26分</li><li>京成千葉線「西登戸」駅 徒歩10～24分</li>
chiba,inageekimae,千葉幸町,50600,JR総武線「稲毛」駅,22.0,26.0,,,,千葉市美浜区幸町2,11-19号棟,鉄筋コンクリート造,3,N,305号室,2DK,40,5,47500,3100,2か月,['近居割WIDE'],随時,https://www.ur-net.go.jp/chintai/kanto/chiba/30_1810_room.html?JKSS=011019305,<li>京成千葉線「みどり台」駅 徒歩11～20分</li><li>JR京葉線「稲毛海岸」駅 徒歩19～23分</li><li>JR総武線「稲毛」駅 徒歩22～26分</li><li>京成千葉線「京成稲毛」駅 徒歩21～28分</li><li>JR総武線「西千葉」駅 徒歩14～26分</li><li>京成千葉線「西登戸」駅 徒歩10～24分</li>
chiba,inageekimae,千葉幸町,50600,京成千葉線「京成稲毛」駅,21.0,28.0,,,,千葉市美浜区幸町2,11-19号棟,鉄筋コンクリート造,3,N,305号室,2DK,40,5,47500,3100,2か月,['近居割WIDE'],随時,https://www.ur-net.go.jp/chintai/kanto/chiba/30_1810_room.html?JKSS=011019305,<li>京成千葉線「みどり台」駅 徒歩11～20分</li><li>JR京葉線「稲毛海岸」駅 徒歩19～23分</li><li>JR総武線「稲毛」駅 徒歩22～26分</li><li>京成千葉線「京成稲毛」駅 徒歩21～28分</li><li>JR総武線「西千葉」駅 徒歩14～26分</li><li>京成千葉線「西登戸」駅 徒歩10～24分</li>
chiba,inageekimae,千葉幸町,50600,JR総武線「西千葉」駅,14.0,26.0,,,,千葉市美浜区幸町2,11-19号棟,鉄筋コンクリート造,3,N,305号室,2DK,40,5,47500,3100,2か月,['近居割WIDE'],随時,https://www.ur-net.go.jp/chintai/kanto/chiba/30_1810_room.html?JKSS=011019305,<li>京成千葉線「みどり台」駅 徒歩11～20分</li><li>JR京葉線「稲毛海岸」駅 徒歩19～23分</li><li>JR総武線「稲毛」駅 徒歩22～26分</li><li>京成千葉線「京成稲毛」駅 徒歩21～28分</li><li>JR総武線「西千葉」駅 徒歩14～26分</li><li>京成千葉線「西登戸」駅 徒歩10～24分</li>
chiba,inageekimae,千葉幸町,50600,京成千葉線「西登戸」駅,10.0,24.0,,,,千葉市美浜区幸町2,11-19号棟,鉄筋コンクリート造,3,N,305号室,2DK,40,5,47500,3100,2か月,['近居割WIDE'],随時,https://www.ur-net.go.jp/chintai/kanto/chiba/30_1810_room.html?JKSS=011019305,<li>京成千葉線「みどり台」駅 徒歩11～20分</li><li>JR京葉線「稲毛海岸」駅 徒歩19～23分</li><li>JR総武線「稲毛」駅 徒歩22～26分</li><li>京成千葉線「京成稲毛」駅 徒歩21～28分</li><li>JR総武線「西千葉」駅 徒歩14～26分</li><li>京成千葉線「西登戸」駅 徒歩10～24分</li>
chiba,inageekimae,千葉幸町,50600,,,,,,,千葉市美浜区幸町2,11-19号棟,鉄筋コンクリート造,3,N,305号室,2DK,40,5,47500,3100,2か月,['近居割WIDE'],随時,https://www.ur-net.go.jp/chintai/kanto/chiba/30_1810_room.html?JKSS=011019305,<li>京成千葉線「みどり台」駅 徒歩11～20分</li><li>JR京葉線「稲毛海岸」駅 徒歩19～23分</li><li>JR総武線「稲毛」駅 徒歩22～26分</li><li>京成千葉線「京成稲毛」駅 徒歩21～28分</li><li>JR総武線「西千葉」駅 徒歩14～26分</li><li>京成千葉線「西登戸」駅 徒歩10～24分</li>
chiba,inageekimae,千葉幸町,51100,京成千葉線「みどり台」駅,11.0,20.0,,,,千葉市美浜区幸町2,13-2号棟,鉄筋コンクリート造,4,N,407号室,2DK,41,5,48000,3100,2か月,[],随時,https://www.ur-net.go.jp/chintai/kanto/chiba/30_1810_room.html?JKSS=013002407,<li>京成千葉線「みどり台」駅 徒歩11～20分</li><li>JR京葉線「稲毛海岸」駅 徒歩19～23分</li><li>JR総武線「稲毛」駅 徒歩22～26分</li><li>京成千葉線「京成稲毛」駅 徒歩21～28分</li><li>JR総武線「西千葉」駅 徒歩14～26分</li><li>京成千葉線「西登戸」駅 徒歩10～24分</li>
chiba,inageekimae,千葉幸町,51100,JR京葉線「稲毛海岸」駅,19.0,23.0,,,,千葉市美浜区幸町2,13-2号棟,鉄筋コンクリート造,4,N,407号室,2DK,41,5,48000,3100,2か月,[],随時,https://www.ur-net.go.jp/chintai/kanto/chiba/30_1810_room.html?JKSS=013002407,<li>京成千葉線「みどり台」駅 徒歩11～20分</li><li>JR京葉線「稲毛海岸」駅 徒歩19～23分</li><li>JR総武線「稲毛」駅 徒歩22～26分</li><li>京成千葉線「京成稲毛」駅 徒歩21～28分</li><li>JR総武線「西千葉」駅 徒歩14～26分</li><li>京成千葉線「西登戸」駅 徒歩10～24分</li>
chiba,inageekimae,千葉幸町,51100,JR総武線「稲毛」駅,22.0,26.0,,,,千葉市美浜区幸町2,13-2号棟,鉄筋コンクリート造,4,N,407号室,2DK,41,5,48000,3100,2か月,[],随時,https://www.ur-net.go.jp/chintai/kanto/chiba/30_1810_room.html?JKSS=013002407,<li>京成千葉線「みどり台」駅 徒歩11～20分</li><li>JR京葉線「稲毛海岸」駅 徒歩19～23分</li><li>JR総武線「稲毛」駅 徒歩22～26分</li><li>京成千葉線「京成稲毛」駅 徒歩21～28分</li><li>JR総武線「西千葉」駅 徒歩14～26分</li><li>京成千葉線「西登戸」駅 徒歩10～24分</li>
chiba,inageekimae,千葉幸町,51100,京成千葉線「京成稲毛」駅,21.0,28.0,,,,千葉市美浜区幸町2,13-2号棟,鉄筋コンクリート造,4,N,407号室,2DK,41,5,48000,3100,2か月,[],随時,https://www.ur-net.go.jp/chintai/kanto/chiba/30_1810_room.html?JKSS=013002407,<li>京成千葉線「みどり台」駅 徒歩11～20分</li><li>JR京葉線「稲毛海岸」駅 徒歩19～23分</li><li>JR総武線「稲毛」駅 徒歩22～26分</li><li>京成千葉線「京成稲毛」駅 徒歩21～28分</li><li>JR総武線「西千葉」駅 徒歩14～26分</li><li>京成千葉線「西登戸」駅 徒歩10～24分</li>
chiba,inageekimae,千葉幸町,51100,JR総武線「西千葉」駅,14.0,26.0,,,,千葉市美浜区幸町2,13-2号棟,鉄筋コンクリート造,4,N,407号室,2DK,41,5,48000,3100,2か月,[],随時,https://www.ur-net.go.jp/chintai/kanto/chiba/30_1810_room.html?JKSS=013002407,<li>京成千葉線「みどり台」駅 徒歩11～20分</li><li>JR京葉線「稲毛海岸」駅 徒歩19～23分</li><li>JR総武線「稲毛」駅 徒歩22～26分</li><li>京成千葉線「京成稲毛」駅 徒歩21～28分</li><li>JR総武線「西千葉」駅 徒歩14～26分</li><li>京成千葉線「西登戸」駅 徒歩10～24分</li>
chiba,inageekimae,千葉幸町,51100,京成千葉線「西登戸」駅,10.0,24.0,,,,千葉市美浜区幸町2,13-2号棟,鉄筋コンクリート造,4,N,407号室,2DK,41,5,48000,3100,2か月,[],随時,https://www.ur-net.go.jp/chintai/kanto/chiba/30_1810_room.html?JKSS=013002407,<li>京成千葉線「みどり台」駅 徒歩11～20分</li><li>JR京葉線「稲毛海岸」駅 徒歩19～23分</li><li>JR総武線「稲毛」駅 徒歩22～26分</li><li>京成千葉線「京成稲毛」駅 徒歩21～28分</li><li>JR総武線「西千葉」駅 徒歩14～26分</li><li>京成千葉線「西登戸」駅 徒歩10～24分</li>
chiba,inageekimae,千葉幸町,51100,,,,,,,千葉市美浜区幸町2,13-2号棟,鉄筋コンクリート造,4,N,407号室,2DK,41,5,48000,3100,2か月,[],随時,https://www.ur-net.go.jp/chintai/kanto/chiba/30_1810_room.html?JKSS=013002407,<li>京成千葉線「みどり台」駅 徒歩11～20分</li><li>JR京葉線「稲毛海岸」駅 徒歩19～23分</li><li>JR総武線「稲毛」駅 徒歩22～26分</li><li>京成千葉線「京成稲毛」駅 徒歩21～28分</li><li>JR総武線「西千葉」駅 徒歩14～26分</li><li>京成千葉線「西登戸」駅 徒歩10～24分</li>
chiba,shinurayasu,コンフォール舞浜（コンフォール浦安弁天）,163000,JR京葉線「舞浜」駅,17.0,20.0,,,,浦安市弁天1-21,3号棟,鉄筋コンクリート造,3,N,303号室,3LDK,71,3,158400,4600,2か月,"['近居割', '近居割WIDE']",随時,https://www.ur-net.go.jp/chintai/kanto/chiba/30_5840_room.html?JKSS=000030303,<li>JR京葉線「舞浜」駅 徒歩17～20分</li><li>東京メトロ東西線「浦安」駅 徒歩40～42分</li><li>JR京葉線「新浦安」駅 徒歩28～30分</li>
chiba,shinurayasu,コンフォール舞浜（コンフォール浦安弁天）,163000,東京メトロ東西線「浦安」駅,40.0,42.0,,,,浦安市弁天1-21,3号棟,鉄筋コンクリート造,3,N,303号室,3LDK,71,3,158400,4600,2か月,"['近居割', '近居割WIDE']",随時,https://www.ur-net.go.jp/chintai/kanto/chiba/30_5840_room.html?JKSS=000030303,<li>JR京葉線「舞浜」駅 徒歩17～20分</li><li>東京メトロ東西線「浦安」駅 徒歩40～42分</li><li>JR京葉線「新浦安」駅 徒歩28～30分</li>
chiba,shinurayasu,コンフォール舞浜（コンフォール浦安弁天）,163000,JR京葉線「新浦安」駅,28.0,30.0,,,,浦安市弁天1-21,3号棟,鉄筋コンクリート造,3,N,303号室,3LDK,71,3,158400,4600,2か月,"['近居割', '近居割WIDE']",随時,https://www.ur-net.go.jp/chintai/kanto/chiba/30_5840_room.html?JKSS=000030303,<li>JR京葉線「舞浜」駅 徒歩17～20分</li><li>東京メトロ東西線「浦安」駅 徒歩40～42分</li><li>JR京葉線「新浦安」駅 徒歩28～30分</li>
chiba,shinurayasu,コンフォール舞浜（コンフォール浦安弁天）,163000,,,,,,,浦安市弁天1-21,3号棟,鉄筋コンクリート造,3,N,303号室,3LDK,71,3,158400,4600,2か月,"['近居割', '近居割WIDE']",随時,https://www.ur-net.go.jp/chintai/kanto/chiba/30_5840_room.html?JKSS=000030303,<li>JR京葉線「舞浜」駅 徒歩17～20分</li><li>東京メトロ東西線「浦安」駅 徒歩40～42分</li><li>JR京葉線「新浦安」駅 徒歩28～30分</li>
chiba,shinurayasu,浦安マリナイースト２１海園の街,222100,JR京葉線「新浦安」駅,25.0,29.0,JR京葉線「新浦安」駅,12.0,14.0,浦安市明海3-2海園の街,6号棟,鉄筋コンクリート造,9,N,903号室,3LDK,97,14,214100,8000,2か月,"['近居割', '近居割WIDE']",随時,https://www.ur-net.go.jp/chintai/kanto/chiba/30_5830_room.html?JKSS=000060903,<li>JR京葉線「新浦安」駅 徒歩25～29分 又はバス10分 徒歩2～4分</li><li>JR京葉線「舞浜」駅 徒歩54～59分</li><li>東京メトロ東西線「浦安」駅 徒歩54～59分</li>
chiba,shinurayasu,浦安マリナイースト２１海園の街,222100,JR京葉線「舞浜」駅,54.0,59.0,,,,浦安市明海3-2海園の街,6号棟,鉄筋コンクリート造,9,N,903号室,3LDK,97,14,214100,8000,2か月,"['近居割', '近居割WIDE']",随時,https://www.ur-net.go.jp/chintai/kanto/chiba/30_5830_room.html?JKSS=000060903,<li>JR京葉線「新浦安」駅 徒歩25～29分 又はバス10分 徒歩2～4分</li><li>JR京葉線「舞浜」駅 徒歩54～59分</li><li>東京メトロ東西線「浦安」駅 徒歩54～59分</li>
chiba,shinurayasu,浦安マリナイースト２１海園の街,222100,東京メトロ東西線「浦安」駅,54.0,59.0,,,,浦安市明海3-2海園の街,6号棟,鉄筋コンクリート造,9,N,903号室,3LDK,97,14,214100,8000,2か月,"['近居割', '近居割WIDE']",随時,https://www.ur-net.go.jp/chintai/kanto/chiba/30_5830_room.html?JKSS=000060903,<li>JR京葉線「新浦安」駅 徒歩25～29分 又はバス10分 徒歩2～4分</li><li>JR京葉線「舞浜」駅 徒歩54～59分</li><li>東京メトロ東西線「浦安」駅 徒歩54～59分</li>
chiba,shinurayasu,浦安マリナイースト２１海園の街,222100,,,,,,,浦安市明海3-2海園の街,6号棟,鉄筋コンクリート造,9,N,903号室,3LDK,97,14,214100,8000,2か月,"['近居割', '近居割WIDE']",随時,https://www.ur-net.go.jp/chintai/kanto/chiba/30_5830_room.html?JKSS=000060903,<li>JR京葉線「新浦安」駅 徒歩25～29分 又はバス10分 徒歩2～4分</li><li>JR京葉線「舞浜」駅 徒歩54～59分</li><li>東京メトロ東西線「浦安」駅 徒歩54～59分</li>
chiba,shinurayasu,浦安マリナイースト２１海園の街,240300,JR京葉線「新浦安」駅,25.0,29.0,JR京葉線「新浦安」駅,12.0,14.0,浦安市明海3-2海園の街,8号棟,鉄筋コンクリート造,4,N,405号室,3LDK,93,14,232300,8000,2か月,"['近居割', '近居割WIDE']",随時,https://www.ur-net.go.jp/chintai/kanto/chiba/30_5830_room.html?JKSS=000080405,<li>JR京葉線「新浦安」駅 徒歩25～29分 又はバス10分 徒歩2～4分</li><li>JR京葉線「舞浜」駅 徒歩54～59分</li><li>東京メトロ東西線「浦安」駅 徒歩54～59分</li>
chiba,shinurayasu,浦安マリナイースト２１海園の街,240300,JR京葉線「舞浜」駅,54.0,59.0,,,,浦安市明海3-2海園の街,8号棟,鉄筋コンクリート造,4,N,405号室,3LDK,93,14,232300,8000,2か月,"['近居割', '近居割WIDE']",随時,https://www.ur-net.go.jp/chintai/kanto/chiba/30_5830_room.html?JKSS=000080405,<li>JR京葉線「新浦安」駅 徒歩25～29分 又はバス10分 徒歩2～4分</li><li>JR京葉線「舞浜」駅 徒歩54～59分</li><li>東京メトロ東西線「浦安」駅 徒歩54～59分</li>
chiba,shinurayasu,浦安マリナイースト２１海園の街,240300,東京メトロ東西線「浦安」駅,54.0,59.0,,,,浦安市明海3-2海園の街,8号棟,鉄筋コンクリート造,4,N,405号室,3LDK,93,14,232300,8000,2か月,"['近居割', '近居割WIDE']",随時,https://www.ur-net.go.jp/chintai/kanto/chiba/30_5830_room.html?JKSS=000080405,<li>JR京葉線「新浦安」駅 徒歩25～29分 又はバス10分 徒歩2～4分</li><li>JR京葉線「舞浜」駅 徒歩54～59分</li><li>東京メトロ東西線「浦安」駅 徒歩54～59分</li>
chiba,shinurayasu,浦安マリナイースト２１海園の街,240300,,,,,,,浦安市明海3-2海園の街,8号棟,鉄筋コンクリート造,4,N,405号室,3LDK,93,14,232300,8000,2か月,"['近居割', '近居割WIDE']",随時,https://www.ur-net.go.jp/chintai/kanto/chiba/30_5830_room.html?JKSS=000080405,<li>JR京葉線「新浦安」駅 徒歩25～29分 又はバス10分 徒歩2～4分</li><li>JR京葉線「舞浜」駅 徒歩54～59分</li><li>東京メトロ東西線「浦安」駅 徒歩54～59分</li>
chiba,shinurayasu,浦安マリナイースト２１海園の街,242900,JR京葉線「新浦安」駅,25.0,29.0,JR京葉線「新浦安」駅,12.0,14.0,浦安市明海3-2海園の街,6号棟,鉄筋コンクリート造,5,N,502号室,3LDK,95,14,234900,8000,2か月,"['近居割', '近居割WIDE']",随時,https://www.ur-net.go.jp/chintai/kanto/chiba/30_5830_room.html?JKSS=000060502,<li>JR京葉線「新浦安」駅 徒歩25～29分 又はバス10分 徒歩2～4分</li><li>JR京葉線「舞浜」駅 徒歩54～59分</li><li>東京メトロ東西線「浦安」駅 徒歩54～59分</li>
chiba,shinurayasu,浦安マリナイースト２１海園の街,242900,JR京葉線「舞浜」駅,54.0,59.0,,,,浦安市明海3-2海園の街,6号棟,鉄筋コンクリート造,5,N,502号室,3LDK,95,14,234900,8000,2か月,"['近居割', '近居割WIDE']",随時,https://www.ur-net.go.jp/chintai/kanto/chiba/30_5830_room.html?JKSS=000060502,<li>JR京葉線「新浦安」駅 徒歩25～29分 又はバス10分 徒歩2～4分</li><li>JR京葉線「舞浜」駅 徒歩54～59分</li><li>東京メトロ東西線「浦安」駅 徒歩54～59分</li>
chiba,shinurayasu,浦安マリナイースト２１海園の街,242900,東京メトロ東西線「浦安」駅,54.0,59.0,,,,浦安市明海3-2海園の街,6号棟,鉄筋コンクリート造,5,N,502号室,3LDK,95,14,234900,8000,2か月,"['近居割', '近居割WIDE']",随時,https://www.ur-net.go.jp/chintai/kanto/chiba/30_5830_room.html?JKSS=000060502,<li>JR京葉線「新浦安」駅 徒歩25～29分 又はバス10分 徒歩2～4分</li><li>JR京葉線「舞浜」駅 徒歩54～59分</li><li>東京メトロ東西線「浦安」駅 徒歩54～59分</li>
chiba,shinurayasu,浦安マリナイースト２１海園の街,242900,,,,,,,浦安市明海3-2海園の街,6号棟,鉄筋コンクリート造,5,N,502号室,3LDK,95,14,234900,8000,2か月,"['近居割', '近居割WIDE']",随時,https://www.ur-net.go.jp/chintai/kanto/chiba/30_5830_room.html?JKSS=000060502,<li>JR京葉線「新浦安」駅 徒歩25～29分 又はバス10分 徒歩2～4分</li><li>JR京葉線「舞浜」駅 徒歩54～59分</li><li>東京メトロ東西線「浦安」駅 徒歩54～59分</li>
chiba,kitanarashino,高根台（１７３～２８２号棟）,46900,京成松戸線「高根公団」駅,14.0,20.0,,,,船橋市高根台3-2ほか,244号棟,鉄筋コンクリート造,1,N,105号室,2DK,39,4,43300,3600,2か月,"['近居割', '近居割WIDE']",随時,https://www.ur-net.go.jp/chintai/kanto/chiba/30_0830_room.html?JKSS=000244105,<li>京成松戸線「高根公団」駅 徒歩14～20分</li><li>京成松戸線「高根木戸」駅 徒歩13～19分</li><li>京成松戸線「北習志野」駅 徒歩12～20分</li><li>東葉高速線「北習志野」駅 徒歩12～20分</li><li>京成松戸線「滝不動」駅 徒歩21～25分</li>
chiba,kitanarashino,高根台（１７３～２８２号棟）,46900,京成松戸線「高根木戸」駅,13.0,19.0,,,,船橋市高根台3-2ほか,244号棟,鉄筋コンクリート造,1,N,105号室,2DK,39,4,43300,3600,2か月,"['近居割', '近居割WIDE']",随時,https://www.ur-net.go.jp/chintai/kanto/chiba/30_0830_room.html?JKSS=000244105,<li>京成松戸線「高根公団」駅 徒歩14～20分</li><li>京成松戸線「高根木戸」駅 徒歩13～19分</li><li>京成松戸線「北習志野」駅 徒歩12～20分</li><li>東葉高速線「北習志野」駅 徒歩12～20分</li><li>京成松戸線「滝不動」駅 徒歩21～25分</li>
chiba,kitanarashino,高根台（１７３～２８２号棟）,46900,京成松戸線「北習志野」駅,12.0,20.0,,,,船橋市高根台3-2ほか,244号棟,鉄筋コンクリート造,1,N,105号室,2DK,39,4,43300,3600,2か月,"['近居割', '近居割WIDE']",随時,https://www.ur-net.go.jp/chintai/kanto/chiba/30_0830_room.html?JKSS=000244105,<li>京成松戸線「高根公団」駅 徒歩14～20分</li><li>京成松戸線「高根木戸」駅 徒歩13～19分</li><li>京成松戸線「北習志野」駅 徒歩12～20分</li><li>東葉高速線「北習志野」駅 徒歩12～20分</li><li>京成松戸線「滝不動」駅 徒歩21～25分</li>
chiba,kitanarashino,高根台（１７３～２８２号棟）,46900,東葉高速線「北習志野」駅,12.0,20.0,,,,船橋市高根台3-2ほか,244号棟,鉄筋コンクリート造,1,N,105号室,2DK,39,4,43300,3600,2か月,"['近居割', '近居割WIDE']",随時,https://www.ur-net.go.jp/chintai/kanto/chiba/30_0830_room.html?JKSS=000244105,<li>京成松戸線「高根公団」駅 徒歩14～20分</li><li>京成松戸線「高根木戸」駅 徒歩13～19分</li><li>京成松戸線「北習志野」駅 徒歩12～20分</li><li>東葉高速線「北習志野」駅 徒歩12～20分</li><li>京成松戸線「滝不動」駅 徒歩21～25分</li>
chiba,kitanarashino,高根台（１７３～２８２号棟）,46900,京成松戸線「滝不動」駅,21.0,25.0,,,,船橋市高根台3-2ほか,244号棟,鉄筋コンクリート造,1,N,105号室,2DK,39,4,43300,3600,2か月,"['近居割', '近居割WIDE']",随時,https://www.ur-net.go.jp/chintai/kanto/chiba/30_0830_room.html?JKSS=000244105,<li>京成松戸線「高根公団」駅 徒歩14～20分</li><li>京成松戸線「高根木戸」駅 徒歩13～19分</li><li>京成松戸線「北習志野」駅 徒歩12～20分</li><li>東葉高速線「北習志野」駅 徒歩12～20分</li><li>京成松戸線「滝不動」駅 徒歩21～25分</li>
chiba,kitanarashino,高根台（１７３～２８２号棟）,46900,,,,,,,船橋市高根台3-2ほか,244号棟,鉄筋コンクリート造,1,N,105号室,2DK,39,4,43300,3600,2か月,"['近居割', '近居割WIDE']",随時,https://www.ur-net.go.jp/chintai/kanto/chiba/30_0830_room.html?JKSS=000244105,<li>京成松戸線「高根公団」駅 徒歩14～20分</li><li>京成松戸線「高根木戸」駅 徒歩13～19分</li><li>京成松戸線「北習志野」駅 徒歩12～20分</li><li>東葉高速線「北習志野」駅 徒歩12～20分</li><li>京成松戸線「滝不動」駅 徒歩21～25分</li>
chiba,kitanarashino,芝山,73400,東葉高速線「飯山満」駅,6.0,14.0,,,,船橋市芝山1-40ほか,2-5-6号棟,鉄筋コンクリート造、鉄骨鉄筋コンクリート造,6,N,601号室,3DK,57,8,71000,2400,2か月,"['近居割', '近居割WIDE']",随時,https://www.ur-net.go.jp/chintai/kanto/chiba/30_2830_room.html?JKSS=205060601,<li>東葉高速線「飯山満」駅 徒歩6～14分</li><li>JR総武線「船橋」駅バス16分 徒歩3～8分</li><li>京成松戸線「北習志野」駅 徒歩35～40分</li>
chiba,kitanarashino,芝山,73400,,,,JR総武線「船橋」駅,19.0,24.0,船橋市芝山1-40ほか,2-5-6号棟,鉄筋コンクリート造、鉄骨鉄筋コンクリート造,6,N,601号室,3DK,57,8,71000,2400,2か月,"['近居割', '近居割WIDE']",随時,https://www.ur-net.go.jp/chintai/kanto/chiba/30_2830_room.html?JKSS=205060601,<li>東葉高速線「飯山満」駅 徒歩6～14分</li><li>JR総武線「船橋」駅バス16分 徒歩3～8分</li><li>京成松戸線「北習志野」駅 徒歩35～40分</li>
chiba,kitanarashino,芝山,73400,京成松戸線「北習志野」駅,35.0,40.0,,,,船橋市芝山1-40ほか,2-5-6号棟,鉄筋コンクリート造、鉄骨鉄筋コンクリート造,6,N,601号室,3DK,57,8,71000,2400,2か月,"['近居割', '近居割WIDE']",随時,https://www.ur-net.go.jp/chintai/kanto/chiba/30_2830_room.html?JKSS=205060601,<li>東葉高速線「飯山満」駅 徒歩6～14分</li><li>JR総武線「船橋」駅バス16分 徒歩3～8分</li><li>京成松戸線「北習志野」駅 徒歩35～40分</li>
chiba,kitanarashino,芝山,73400,,,,,,,船橋市芝山1-40ほか,2-5-6号棟,鉄筋コンクリート造、鉄骨鉄筋コンクリート造,6,N,601号室,3DK,57,8,71000,2400,2か月,"['近居割', '近居割WIDE']",随時,https://www.ur-net.go.jp/chintai/kanto/chiba/30_2830_room.html?JKSS=205060601,<li>東葉高速線「飯山満」駅 徒歩6～14分</li><li>JR総武線「船橋」駅バス16分 徒歩3～8分</li><li>京成松戸線「北習志野」駅 徒歩35～40分</li>
chiba,kitanarashino,アートヒル高根台,95800,京成松戸線「高根公団」駅,3.0,10.0,,,,船橋市高根台1-1ほか,5号棟,鉄筋コンクリート造,4,N,404号室,1LDK,50,8,89300,6500,2か月,"['近居割', '近居割WIDE']",随時,https://www.ur-net.go.jp/chintai/kanto/chiba/30_5951_room.html?JKSS=000050404,<li>京成松戸線「高根公団」駅 徒歩3～10分</li><li>京成松戸線「滝不動」駅 徒歩12～19分</li><li>京成松戸線「高根木戸」駅 徒歩11～19分</li>
chiba,kitanarashino,アートヒル高根台,95800,京成松戸線「滝不動」駅,12.0,19.0,,,,船橋市高根台1-1ほか,5号棟,鉄筋コンクリート造,4,N,404号室,1LDK,50,8,89300,6500,2か月,"['近居割', '近居割WIDE']",随時,https://www.ur-net.go.jp/chintai/kanto/chiba/30_5951_room.html?JKSS=000050404,<li>京成松戸線「高根公団」駅 徒歩3～10分</li><li>京成松戸線「滝不動」駅 徒歩12～19分</li><li>京成松戸線「高根木戸」駅 徒歩11～19分</li>
chiba,kitanarashino,アートヒル高根台,95800,京成松戸線「高根木戸」駅,11.0,19.0,,,,船橋市高根台1-1ほか,5号棟,鉄筋コンクリート造,4,N,404号室,1LDK,50,8,89300,6500,2か月,"['近居割', '近居割WIDE']",随時,https://www.ur-net.go.jp/chintai/kanto/chiba/30_5951_room.html?JKSS=000050404,<li>京成松戸線「高根公団」駅 徒歩3～10分</li><li>京成松戸線「滝不動」駅 徒歩12～19分</li><li>京成松戸線「高根木戸」駅 徒歩11～19分</li>
chiba,kitanarashino,アートヒル高根台,95800,,,,,,,船橋市高根台1-1ほか,5号棟,鉄筋コンクリート造,4,N,404号室,1LDK,50,8,89300,6500,2か月,"['近居割', '近居割WIDE']",随時,https://www.ur-net.go.jp/chintai/kanto/chiba/30_5951_room.html?JKSS=000050404,<li>京成松戸線「高根公団」駅 徒歩3～10分</li><li>京成松戸線「滝不動」駅 徒歩12～19分</li><li>京成松戸線「高根木戸」駅 徒歩11～19分</li>
chiba,kitanarashino,高津（第１次）,48950,東葉高速鉄道「八千代緑が丘」駅,13.0,23.0,,,,八千代市高津832-1ほか,3-24号棟,鉄筋コンクリート造,4,N,402号室,3K,47,5,46000,2950,2か月,"['近居割', '近居割WIDE']",随時,https://www.ur-net.go.jp/chintai/kanto/chiba/30_2211_room.html?JKSS=003024402,<li>東葉高速鉄道「八千代緑が丘」駅 徒歩13～23分</li><li>東葉高速鉄道「八千代中央」駅 徒歩36～44分</li><li>京成本線「八千代台」駅バス7～8分 徒歩1～11分</li>
chiba,kitanarashino,高津（第１次）,48950,東葉高速鉄道「八千代中央」駅,36.0,44.0,,,,八千代市高津832-1ほか,3-24号棟,鉄筋コンクリート造,4,N,402号室,3K,47,5,46000,2950,2か月,"['近居割', '近居割WIDE']",随時,https://www.ur-net.go.jp/chintai/kanto/chiba/30_2211_room.html?JKSS=003024402,<li>東葉高速鉄道「八千代緑が丘」駅 徒歩13～23分</li><li>東葉高速鉄道「八千代中央」駅 徒歩36～44分</li><li>京成本線「八千代台」駅バス7～8分 徒歩1～11分</li>
chiba,kitanarashino,高津（第１次）,48950,,,,京成本線「八千代台」駅,8.0,19.0,八千代市高津832-1ほか,3-24号棟,鉄筋コンクリート造,4,N,402号室,3K,47,5,46000,2950,2か月,"['近居割', '近居割WIDE']",随時,https://www.ur-net.go.jp/chintai/kanto/chiba/30_2211_room.html?JKSS=003024402,<li>東葉高速鉄道「八千代緑が丘」駅 徒歩13～23分</li><li>東葉高速鉄道「八千代中央」駅 徒歩36～44分</li><li>京成本線「八千代台」駅バス7～8分 徒歩1～11分</li>
chiba,kitanarashino,高津（第１次）,48950,,,,,,,八千代市高津832-1ほか,3-24号棟,鉄筋コンクリート造,4,N,402号室,3K,47,5,46000,2950,2か月,"['近居割', '近居割WIDE']",随時,https://www.ur-net.go.jp/chintai/kanto/chiba/30_2211_room.html?JKSS=003024402,<li>東葉高速鉄道「八千代緑が丘」駅 徒歩13～23分</li><li>東葉高速鉄道「八千代中央」駅 徒歩36～44分</li><li>京成本線「八千代台」駅バス7～8分 徒歩1～11分</li>
chiba,yurinokidaipc,村上,75000,東葉高速線「村上」駅,8.0,17.0,,,,八千代市村上1113-1,2-8号棟,鉄筋コンクリート造、鉄骨鉄筋コンクリート造,4,N,403号室,2LDK,64,11,72600,2400,2か月,"['近居割', '近居割WIDE']",随時,https://www.ur-net.go.jp/chintai/kanto/chiba/30_2730_room.html?JKSS=002080403,<li>東葉高速線「村上」駅 徒歩8～17分</li><li>京成本線「勝田台」駅バス6～10分 徒歩1～6分</li><li>東葉高速線「東葉勝田台」駅バス6～10分 徒歩1～6分</li>
chiba,yurinokidaipc,村上,75000,,,,京成本線「勝田台」駅,7.0,16.0,八千代市村上1113-1,2-8号棟,鉄筋コンクリート造、鉄骨鉄筋コンクリート造,4,N,403号室,2LDK,64,11,72600,2400,2か月,"['近居割', '近居割WIDE']",随時,https://www.ur-net.go.jp/chintai/kanto/chiba/30_2730_room.html?JKSS=002080403,<li>東葉高速線「村上」駅 徒歩8～17分</li><li>京成本線「勝田台」駅バス6～10分 徒歩1～6分</li><li>東葉高速線「東葉勝田台」駅バス6～10分 徒歩1～6分</li>
chiba,yurinokidaipc,村上,75000,,,,東葉高速線「東葉勝田台」駅,7.0,16.0,八千代市村上1113-1,2-8号棟,鉄筋コンクリート造、鉄骨鉄筋コンクリート造,4,N,403号室,2LDK,64,11,72600,2400,2か月,"['近居割', '近居割WIDE']",随時,https://www.ur-net.go.jp/chintai/kanto/chiba/30_2730_room.html?JKSS=002080403,<li>東葉高速線「村上」駅 徒歩8～17分</li><li>京成本線「勝田台」駅バス6～10分 徒歩1～6分</li><li>東葉高速線「東葉勝田台」駅バス6～10分 徒歩1～6分</li>
chiba,yurinokidaipc,村上,75000,,,,,,,八千代市村上1113-1,2-8号棟,鉄筋コンクリート造、鉄骨鉄筋コンクリート造,4,N,403号室,2LDK,64,11,72600,2400,2か月,"['近居割', '近居割WIDE']",随時,https://www.ur-net.go.jp/chintai/kanto/chiba/30_2730_room.html?JKSS=002080403,<li>東葉高速線「村上」駅 徒歩8～17分</li><li>京成本線「勝田台」駅バス6～10分 徒歩1～6分</li><li>東葉高速線「東葉勝田台」駅バス6～10分 徒歩1～6分</li>
chiba,yurinokidaipc,村上,75400,東葉高速線「村上」駅,8.0,17.0,,,,八千代市村上1113-1,2-10号棟,鉄筋コンクリート造、鉄骨鉄筋コンクリート造,6,N,603号室,2LDK,63,11,73000,2400,2か月,"['近居割', '近居割WIDE']",随時,https://www.ur-net.go.jp/chintai/kanto/chiba/30_2730_room.html?JKSS=002100603,<li>東葉高速線「村上」駅 徒歩8～17分</li><li>京成本線「勝田台」駅バス6～10分 徒歩1～6分</li><li>東葉高速線「東葉勝田台」駅バス6～10分 徒歩1～6分</li>
chiba,yurinokidaipc,村上,75400,,,,京成本線「勝田台」駅,7.0,16.0,八千代市村上1113-1,2-10号棟,鉄筋コンクリート造、鉄骨鉄筋コンクリート造,6,N,603号室,2LDK,63,11,73000,2400,2か月,"['近居割', '近居割WIDE']",随時,https://www.ur-net.go.jp/chintai/kanto/chiba/30_2730_room.html?JKSS=002100603,<li>東葉高速線「村上」駅 徒歩8～17分</li><li>京成本線「勝田台」駅バス6～10分 徒歩1～6分</li><li>東葉高速線「東葉勝田台」駅バス6～10分 徒歩1～6分</li>
chiba,yurinokidaipc,村上,75400,,,,東葉高速線「東葉勝田台」駅,7.0,16.0,八千代市村上1113-1,2-10号棟,鉄筋コンクリート造、鉄骨鉄筋コンクリート造,6,N,603号室,2LDK,63,11,73000,2400,2か月,"['近居割', '近居割WIDE']",随時,https://www.ur-net.go.jp/chintai/kanto/chiba/30_2730_room.html?JKSS=002100603,<li>東葉高速線「村上」駅 徒歩8～17分</li><li>京成本線「勝田台」駅バス6～10分 徒歩1～6分</li><li>東葉高速線「東葉勝田台」駅バス6～10分 徒歩1～6分</li>
chiba,yurinokidaipc,村上,75400,,,,,,,八千代市村上1113-1,2-10号棟,鉄筋コンクリート造、鉄骨鉄筋コンクリート造,6,N,603号室,2LDK,63,11,73000,2400,2か月,"['近居割', '近居割WIDE']",随時,https://www.ur-net.go.jp/chintai/kanto/chiba/30_2730_room.html?JKSS=002100603,<li>東葉高速線「村上」駅 徒歩8～17分</li><li>京成本線「勝田台」駅バス6～10分 徒歩1～6分</li><li>東葉高速線「東葉勝田台」駅バス6～10分 徒歩1～6分</li>
chiba,yurinokidaipc,村上,104000,東葉高速線「村上」駅,8.0,17.0,,,,八千代市村上1113-1,1-36号棟,鉄筋コンクリート造、鉄骨鉄筋コンクリート造,3,N,303号室,4LDK,91,11,101600,2400,2か月,"['近居割', '近居割WIDE']",随時,https://www.ur-net.go.jp/chintai/kanto/chiba/30_2730_room.html?JKSS=001360303,<li>東葉高速線「村上」駅 徒歩8～17分</li><li>京成本線「勝田台」駅バス6～10分 徒歩1～6分</li><li>東葉高速線「東葉勝田台」駅バス6～10分 徒歩1～6分</li>
chiba,yurinokidaipc,村上,104000,,,,京成本線「勝田台」駅,7.0,16.0,八千代市村上1113-1,1-36号棟,鉄筋コンクリート造、鉄骨鉄筋コンクリート造,3,N,303号室,4LDK,91,11,101600,2400,2か月,"['近居割', '近居割WIDE']",随時,https://www.ur-net.go.jp/chintai/kanto/chiba/30_2730_room.html?JKSS=001360303,<li>東葉高速線「村上」駅 徒歩8～17分</li><li>京成本線「勝田台」駅バス6～10分 徒歩1～6分</li><li>東葉高速線「東葉勝田台」駅バス6～10分 徒歩1～6分</li>
chiba,yurinokidaipc,村上,104000,,,,東葉高速線「東葉勝田台」駅,7.0,16.0,八千代市村上1113-1,1-36号棟,鉄筋コンクリート造、鉄骨鉄筋コンクリート造,3,N,303号室,4LDK,91,11,101600,2400,2か月,"['近居割', '近居割WIDE']",随時,https://www.ur-net.go.jp/chintai/kanto/chiba/30_2730_room.html?JKSS=001360303,<li>東葉高速線「村上」駅 徒歩8～17分</li><li>京成本線「勝田台」駅バス6～10分 徒歩1～6分</li><li>東葉高速線「東葉勝田台」駅バス6～10分 徒歩1～6分</li>
chiba,yurinokidaipc,村上,104000,,,,,,,八千代市村上1113-1,1-36号棟,鉄筋コンクリート造、鉄骨鉄筋コンクリート造,3,N,303号室,4LDK,91,11,101600,2400,2か月,"['近居割', '近居割WIDE']",随時,https://www.ur-net.go.jp/chintai/kanto/chiba/30_2730_room.html?JKSS=001360303,<li>東葉高速線「村上」駅 徒歩8～17分</li><li>京成本線「勝田台」駅バス6～10分 徒歩1～6分</li><li>東葉高速線「東葉勝田台」駅バス6～10分 徒歩1～6分</li>
chiba,yurinokidaipc,村上,105000,東葉高速線「村上」駅,8.0,17.0,,,,八千代市村上1113-1,1-36号棟,鉄筋コンクリート造、鉄骨鉄筋コンクリート造,6,N,610号室,4LDK,91,11,102600,2400,2か月,"['近居割', '近居割WIDE']",随時,https://www.ur-net.go.jp/chintai/kanto/chiba/30_2730_room.html?JKSS=001360610,<li>東葉高速線「村上」駅 徒歩8～17分</li><li>京成本線「勝田台」駅バス6～10分 徒歩1～6分</li><li>東葉高速線「東葉勝田台」駅バス6～10分 徒歩1～6分</li>
chiba,yurinokidaipc,村上,105000,,,,京成本線「勝田台」駅,7.0,16.0,八千代市村上1113-1,1-36号棟,鉄筋コンクリート造、鉄骨鉄筋コンクリート造,6,N,610号室,4LDK,91,11,102600,2400,2か月,"['近居割', '近居割WIDE']",随時,https://www.ur-net.go.jp/chintai/kanto/chiba/30_2730_room.html?JKSS=001360610,<li>東葉高速線「村上」駅 徒歩8～17分</li><li>京成本線「勝田台」駅バス6～10分 徒歩1～6分</li><li>東葉高速線「東葉勝田台」駅バス6～10分 徒歩1～6分</li>
chiba,yurinokidaipc,村上,105000,,,,東葉高速線「東葉勝田台」駅,7.0,16.0,八千代市村上1113-1,1-36号棟,鉄筋コンクリート造、鉄骨鉄筋コンクリート造,6,N,610号室,4LDK,91,11,102600,2400,2か月,"['近居割', '近居割WIDE']",随時,https://www.ur-net.go.jp/chintai/kanto/chiba/30_2730_room.html?JKSS=001360610,<li>東葉高速線「村上」駅 徒歩8～17分</li><li>京成本線「勝田台」駅バス6～10分 徒歩1～6分</li><li>東葉高速線「東葉勝田台」駅バス6～10分 徒歩1～6分</li>
chiba,yurinokidaipc,村上,105000,,,,,,,八千代市村上1113-1,1-36号棟,鉄筋コンクリート造、鉄骨鉄筋コンクリート造,6,N,610号室,4LDK,91,11,102600,2400,2か月,"['近居割', '近居割WIDE']",随時,https://www.ur-net.go.jp/chintai/kanto/chiba/30_2730_room.html?JKSS=001360610,<li>東葉高速線「村上」駅 徒歩8～17分</li><li>京成本線「勝田台」駅バス6～10分 徒歩1～6分</li><li>東葉高速線「東葉勝田台」駅バス6～10分 徒歩1～6分</li>
chiba,yurinokidaipc,村上,105000,東葉高速線「村上」駅,8.0,17.0,,,,八千代市村上1113-1,1-36号棟,鉄筋コンクリート造、鉄骨鉄筋コンクリート造,8,N,804号室,4LDK,91,11,102600,2400,2か月,"['近居割', '近居割WIDE']",随時,https://www.ur-net.go.jp/chintai/kanto/chiba/30_2730_room.html?JKSS=001360804,<li>東葉高速線「村上」駅 徒歩8～17分</li><li>京成本線「勝田台」駅バス6～10分 徒歩1～6分</li><li>東葉高速線「東葉勝田台」駅バス6～10分 徒歩1～6分</li>
chiba,yurinokidaipc,村上,105000,,,,京成本線「勝田台」駅,7.0,16.0,八千代市村上1113-1,1-36号棟,鉄筋コンクリート造、鉄骨鉄筋コンクリート造,8,N,804号室,4LDK,91,11,102600,2400,2か月,"['近居割', '近居割WIDE']",随時,https://www.ur-net.go.jp/chintai/kanto/chiba/30_2730_room.html?JKSS=001360804,<li>東葉高速線「村上」駅 徒歩8～17分</li><li>京成本線「勝田台」駅バス6～10分 徒歩1～6分</li><li>東葉高速線「東葉勝田台」駅バス6～10分 徒歩1～6分</li>
chiba,yurinokidaipc,村上,105000,,,,東葉高速線「東葉勝田台」駅,7.0,16.0,八千代市村上1113-1,1-36号棟,鉄筋コンクリート造、鉄骨鉄筋コンクリート造,8,N,804号室,4LDK,91,11,102600,2400,2か月,"['近居割', '近居割WIDE']",随時,https://www.ur-net.go.jp/chintai/kanto/chiba/30_2730_room.html?JKSS=001360804,<li>東葉高速線「村上」駅 徒歩8～17分</li><li>京成本線「勝田台」駅バス6～10分 徒歩1～6分</li><li>東葉高速線「東葉勝田台」駅バス6～10分 徒歩1～6分</li>
chiba,yurinokidaipc,村上,105000,,,,,,,八千代市村上1113-1,1-36号棟,鉄筋コンクリート造、鉄骨鉄筋コンクリート造,8,N,804号室,4LDK,91,11,102600,2400,2か月,"['近居割', '近居割WIDE']",随時,https://www.ur-net.go.jp/chintai/kanto/chiba/30_2730_room.html?JKSS=001360804,<li>東葉高速線「村上」駅 徒歩8～17分</li><li>京成本線「勝田台」駅バス6～10分 徒歩1～6分</li><li>東葉高速線「東葉勝田台」駅バス6～10分 徒歩1～6分</li>
chiba,yurinokidaipc,八千代ゆりのき台ライフタワー,122700,東葉高速鉄道「八千代中央」駅,4.0,5.0,,,,八千代市ゆりのき台4-5ほか,1号棟,鉄筋コンクリート造、鉄骨鉄筋コンクリート造,19,N,1903号室,2LDK,76,24,116200,6500,2か月,"['近居割', '近居割WIDE']",随時,https://www.ur-net.go.jp/chintai/kanto/chiba/30_4940_room.html?JKSS=000011903,<li>東葉高速鉄道「八千代中央」駅 徒歩4～5分</li><li>京成本線「八千代台」駅バス13分 徒歩6分</li><li>京成本線「京成大和田」駅 徒歩31分</li>
chiba,yurinokidaipc,八千代ゆりのき台ライフタワー,122700,,,,京成本線「八千代台」駅,19.0,19.0,八千代市ゆりのき台4-5ほか,1号棟,鉄筋コンクリート造、鉄骨鉄筋コンクリート造,19,N,1903号室,2LDK,76,24,116200,6500,2か月,"['近居割', '近居割WIDE']",随時,https://www.ur-net.go.jp/chintai/kanto/chiba/30_4940_room.html?JKSS=000011903,<li>東葉高速鉄道「八千代中央」駅 徒歩4～5分</li><li>京成本線「八千代台」駅バス13分 徒歩6分</li><li>京成本線「京成大和田」駅 徒歩31分</li>
chiba,yurinokidaipc,八千代ゆりのき台ライフタワー,122700,京成本線「京成大和田」駅,31.0,31.0,,,,八千代市ゆりのき台4-5ほか,1号棟,鉄筋コンクリート造、鉄骨鉄筋コンクリート造,19,N,1903号室,2LDK,76,24,116200,6500,2か月,"['近居割', '近居割WIDE']",随時,https://www.ur-net.go.jp/chintai/kanto/chiba/30_4940_room.html?JKSS=000011903,<li>東葉高速鉄道「八千代中央」駅 徒歩4～5分</li><li>京成本線「八千代台」駅バス13分 徒歩6分</li><li>京成本線「京成大和田」駅 徒歩31分</li>
chiba,yurinokidaipc,八千代ゆりのき台ライフタワー,122700,,,,,,,八千代市ゆりのき台4-5ほか,1号棟,鉄筋コンクリート造、鉄骨鉄筋コンクリート造,19,N,1903号室,2LDK,76,24,116200,6500,2か月,"['近居割', '近居割WIDE']",随時,https://www.ur-net.go.jp/chintai/kanto/chiba/30_4940_room.html?JKSS=000011903,<li>東葉高速鉄道「八千代中央」駅 徒歩4～5分</li><li>京成本線「八千代台」駅バス13分 徒歩6分</li><li>京成本線「京成大和田」駅 徒歩31分</li>
chiba,matsudo,野菊野,70100,,,,JR常磐線「松戸」駅,11.0,17.0,松戸市野菊野1ほか,2号棟,鉄筋コンクリート造、鉄骨鉄筋コンクリート造,9,N,914号室,2LDK,51,14,67000,3100,2か月,"['近居割', '近居割WIDE']",随時,https://www.ur-net.go.jp/chintai/kanto/chiba/30_2610_room.html?JKSS=000020914,<li>JR常磐線「松戸」駅バス9分 徒歩2～8分</li><li>京成松戸線「上本郷」駅 徒歩17～20分</li><li>京成松戸線「みのり台」駅 徒歩23～25分</li>
chiba,matsudo,野菊野,70100,京成松戸線「上本郷」駅,17.0,20.0,,,,松戸市野菊野1ほか,2号棟,鉄筋コンクリート造、鉄骨鉄筋コンクリート造,9,N,914号室,2LDK,51,14,67000,3100,2か月,"['近居割', '近居割WIDE']",随時,https://www.ur-net.go.jp/chintai/kanto/chiba/30_2610_room.html?JKSS=000020914,<li>JR常磐線「松戸」駅バス9分 徒歩2～8分</li><li>京成松戸線「上本郷」駅 徒歩17～20分</li><li>京成松戸線「みのり台」駅 徒歩23～25分</li>
chiba,matsudo,野菊野,70100,京成松戸線「みのり台」駅,23.0,25.0,,,,松戸市野菊野1ほか,2号棟,鉄筋コンクリート造、鉄骨鉄筋コンクリート造,9,N,914号室,2LDK,51,14,67000,3100,2か月,"['近居割', '近居割WIDE']",随時,https://www.ur-net.go.jp/chintai/kanto/chiba/30_2610_room.html?JKSS=000020914,<li>JR常磐線「松戸」駅バス9分 徒歩2～8分</li><li>京成松戸線「上本郷」駅 徒歩17～20分</li><li>京成松戸線「みのり台」駅 徒歩23～25分</li>
chiba,matsudo,野菊野,70100,,,,,,,松戸市野菊野1ほか,2号棟,鉄筋コンクリート造、鉄骨鉄筋コンクリート造,9,N,914号室,2LDK,51,14,67000,3100,2か月,"['近居割', '近居割WIDE']",随時,https://www.ur-net.go.jp/chintai/kanto/chiba/30_2610_room.html?JKSS=000020914,<li>JR常磐線「松戸」駅バス9分 徒歩2～8分</li><li>京成松戸線「上本郷」駅 徒歩17～20分</li><li>京成松戸線「みのり台」駅 徒歩23～25分</li>
chiba,kashiwa,北柏ライフタウン松葉町一丁目,95500,,,,JR常磐線「北柏」駅,8.0,9.0,柏市松葉町1-12,12-25号棟,鉄筋コンクリート造,4,N,405号室,3LDK,95,5,90100,5400,2か月,['近居割'],随時,https://www.ur-net.go.jp/chintai/kanto/chiba/30_3540_room.html?JKSS=012250405,<li>JR常磐線「北柏」駅バス4分 徒歩4～5分</li><li>JR常磐線「我孫子」駅 徒歩48～49分</li><li>つくばエクスプレス「柏の葉キャンパス」駅バス9分 徒歩14～15分</li>
chiba,kashiwa,北柏ライフタウン松葉町一丁目,95500,JR常磐線「我孫子」駅,48.0,49.0,,,,柏市松葉町1-12,12-25号棟,鉄筋コンクリート造,4,N,405号室,3LDK,95,5,90100,5400,2か月,['近居割'],随時,https://www.ur-net.go.jp/chintai/kanto/chiba/30_3540_room.html?JKSS=012250405,<li>JR常磐線「北柏」駅バス4分 徒歩4～5分</li><li>JR常磐線「我孫子」駅 徒歩48～49分</li><li>つくばエクスプレス「柏の葉キャンパス」駅バス9分 徒歩14～15分</li>
chiba,kashiwa,北柏ライフタウン松葉町一丁目,95500,,,,つくばエクスプレス「柏の葉キャンパス」駅,23.0,24.0,柏市松葉町1-12,12-25号棟,鉄筋コンクリート造,4,N,405号室,3LDK,95,5,90100,5400,2か月,['近居割'],随時,https://www.ur-net.go.jp/chintai/kanto/chiba/30_3540_room.html?JKSS=012250405,<li>JR常磐線「北柏」駅バス4分 徒歩4～5分</li><li>JR常磐線「我孫子」駅 徒歩48～49分</li><li>つくばエクスプレス「柏の葉キャンパス」駅バス9分 徒歩14～15分</li>
chiba,kashiwa,北柏ライフタウン松葉町一丁目,95500,,,,,,,柏市松葉町1-12,12-25号棟,鉄筋コンクリート造,4,N,405号室,3LDK,95,5,90100,5400,2か月,['近居割'],随時,https://www.ur-net.go.jp/chintai/kanto/chiba/30_3540_room.html?JKSS=012250405,<li>JR常磐線「北柏」駅バス4分 徒歩4～5分</li><li>JR常磐線「我孫子」駅 徒歩48～49分</li><li>つくばエクスプレス「柏の葉キャンパス」駅バス9分 徒歩14～15分</li>
chiba,kashiwa,北柏ライフタウン松葉町一丁目,100100,,,,JR常磐線「北柏」駅,8.0,9.0,柏市松葉町1-12,12-25号棟,鉄筋コンクリート造,3,N,301号室,3LDK,95,5,94700,5400,2か月,['近居割'],随時,https://www.ur-net.go.jp/chintai/kanto/chiba/30_3540_room.html?JKSS=012250301,<li>JR常磐線「北柏」駅バス4分 徒歩4～5分</li><li>JR常磐線「我孫子」駅 徒歩48～49分</li><li>つくばエクスプレス「柏の葉キャンパス」駅バス9分 徒歩14～15分</li>
chiba,kashiwa,北柏ライフタウン松葉町一丁目,100100,JR常磐線「我孫子」駅,48.0,49.0,,,,柏市松葉町1-12,12-25号棟,鉄筋コンクリート造,3,N,301号室,3LDK,95,5,94700,5400,2か月,['近居割'],随時,https://www.ur-net.go.jp/chintai/kanto/chiba/30_3540_room.html?JKSS=012250301,<li>JR常磐線「北柏」駅バス4分 徒歩4～5分</li><li>JR常磐線「我孫子」駅 徒歩48～49分</li><li>つくばエクスプレス「柏の葉キャンパス」駅バス9分 徒歩14～15分</li>
chiba,kashiwa,北柏ライフタウン松葉町一丁目,100100,,,,つくばエクスプレス「柏の葉キャンパス」駅,23.0,24.0,柏市松葉町1-12,12-25号棟,鉄筋コンクリート造,3,N,301号室,3LDK,95,5,94700,5400,2か月,['近居割'],随時,https://www.ur-net.go.jp/chintai/kanto/chiba/30_3540_room.html?JKSS=012250301,<li>JR常磐線「北柏」駅バス4分 徒歩4～5分</li><li>JR常磐線「我孫子」駅 徒歩48～49分</li><li>つくばエクスプレス「柏の葉キャンパス」駅バス9分 徒歩14～15分</li>
chiba,kashiwa,北柏ライフタウン松葉町一丁目,100100,,,,,,,柏市松葉町1-12,12-25号棟,鉄筋コンクリート造,3,N,301号室,3LDK,95,5,94700,5400,2か月,['近居割'],随時,https://www.ur-net.go.jp/chintai/kanto/chiba/30_3540_room.html?JKSS=012250301,<li>JR常磐線「北柏」駅バス4分 徒歩4～5分</li><li>JR常磐線「我孫子」駅 徒歩48～49分</li><li>つくばエクスプレス「柏の葉キャンパス」駅バス9分 徒歩14～15分</li>
chiba,kashiwa,エステート江戸川台,79900,東武野田線「江戸川台」駅,6.0,9.0,,,,流山市江戸川台西3-31-1,4号棟,鉄筋コンクリート造,3,N,304号室,3DK,57,3,75400,4500,2か月,['近居割'],随時,https://www.ur-net.go.jp/chintai/kanto/chiba/30_3840_room.html?JKSS=000040304,<li>東武野田線「江戸川台」駅 徒歩6～9分</li><li>東武野田線「初石」駅 徒歩17～20分</li><li>東武野田線「運河」駅 徒歩33～35分</li>
chiba,kashiwa,エステート江戸川台,79900,東武野田線「初石」駅,17.0,20.0,,,,流山市江戸川台西3-31-1,4号棟,鉄筋コンクリート造,3,N,304号室,3DK,57,3,75400,4500,2か月,['近居割'],随時,https://www.ur-net.go.jp/chintai/kanto/chiba/30_3840_room.html?JKSS=000040304,<li>東武野田線「江戸川台」駅 徒歩6～9分</li><li>東武野田線「初石」駅 徒歩17～20分</li><li>東武野田線「運河」駅 徒歩33～35分</li>
chiba,kashiwa,エステート江戸川台,79900,東武野田線「運河」駅,33.0,35.0,,,,流山市江戸川台西3-31-1,4号棟,鉄筋コンクリート造,3,N,304号室,3DK,57,3,75400,4500,2か月,['近居割'],随時,https://www.ur-net.go.jp/chintai/kanto/chiba/30_3840_room.html?JKSS=000040304,<li>東武野田線「江戸川台」駅 徒歩6～9分</li><li>東武野田線「初石」駅 徒歩17～20分</li><li>東武野田線「運河」駅 徒歩33～35分</li>
chiba,kashiwa,エステート江戸川台,79900,,,,,,,流山市江戸川台西3-31-1,4号棟,鉄筋コンクリート造,3,N,304号室,3DK,57,3,75400,4500,2か月,['近居割'],随時,https://www.ur-net.go.jp/chintai/kanto/chiba/30_3840_room.html?JKSS=000040304,<li>東武野田線「江戸川台」駅 徒歩6～9分</li><li>東武野田線「初石」駅 徒歩17～20分</li><li>東武野田線「運河」駅 徒歩33～35分</li>
chiba,kashiwa,湖北台,43300,JR成田線「湖北」駅,12.0,22.0,,,,我孫子市湖北台7,18号棟,鉄筋コンクリート造,4,N,403号室,3K,45,5,39700,3600,2か月,['近居割'],随時,https://www.ur-net.go.jp/chintai/kanto/chiba/30_1910_room.html?JKSS=007018403,<li>JR成田線「湖北」駅 徒歩12～22分</li><li>JR常磐線「天王台」駅バス9分 徒歩1分</li><li>JR成田線「東我孫子」駅 徒歩28～39分</li>
chiba,kashiwa,湖北台,43300,,,,JR常磐線「天王台」駅,10.0,10.0,我孫子市湖北台7,18号棟,鉄筋コンクリート造,4,N,403号室,3K,45,5,39700,3600,2か月,['近居割'],随時,https://www.ur-net.go.jp/chintai/kanto/chiba/30_1910_room.html?JKSS=007018403,<li>JR成田線「湖北」駅 徒歩12～22分</li><li>JR常磐線「天王台」駅バス9分 徒歩1分</li><li>JR成田線「東我孫子」駅 徒歩28～39分</li>
chiba,kashiwa,湖北台,43300,JR成田線「東我孫子」駅,28.0,39.0,,,,我孫子市湖北台7,18号棟,鉄筋コンクリート造,4,N,403号室,3K,45,5,39700,3600,2か月,['近居割'],随時,https://www.ur-net.go.jp/chintai/kanto/chiba/30_1910_room.html?JKSS=007018403,<li>JR成田線「湖北」駅 徒歩12～22分</li><li>JR常磐線「天王台」駅バス9分 徒歩1分</li><li>JR成田線「東我孫子」駅 徒歩28～39分</li>
chiba,kashiwa,湖北台,43300,,,,,,,我孫子市湖北台7,18号棟,鉄筋コンクリート造,4,N,403号室,3K,45,5,39700,3600,2か月,['近居割'],随時,https://www.ur-net.go.jp/chintai/kanto/chiba/30_1910_room.html?JKSS=007018403,<li>JR成田線「湖北」駅 徒歩12～22分</li><li>JR常磐線「天王台」駅バス9分 徒歩1分</li><li>JR成田線「東我孫子」駅 徒歩28～39分</li>
chiba,chibant,千葉ニュータウン高花,62400,,,,北総鉄道「千葉ニュータウン中央」駅,11.0,13.0,印西市高花1-6,1-6-8号棟,鉄筋コンクリート造,5,N,503号室,3LDK,63,5,57500,4900,2か月,"['近居割', '近居割WIDE']",随時,https://www.ur-net.go.jp/chintai/kanto/chiba/30_4120_room.html?JKSS=106080503,<li>北総鉄道「千葉ニュータウン中央」駅バス6分 徒歩5～7分</li><li>北総鉄道「印西牧の原」駅 徒歩43～45分</li><li>JR成田線「木下」駅 徒歩73～78分</li>
chiba,chibant,千葉ニュータウン高花,62400,北総鉄道「印西牧の原」駅,43.0,45.0,,,,印西市高花1-6,1-6-8号棟,鉄筋コンクリート造,5,N,503号室,3LDK,63,5,57500,4900,2か月,"['近居割', '近居割WIDE']",随時,https://www.ur-net.go.jp/chintai/kanto/chiba/30_4120_room.html?JKSS=106080503,<li>北総鉄道「千葉ニュータウン中央」駅バス6分 徒歩5～7分</li><li>北総鉄道「印西牧の原」駅 徒歩43～45分</li><li>JR成田線「木下」駅 徒歩73～78分</li>
chiba,chibant,千葉ニュータウン高花,62400,JR成田線「木下」駅,73.0,78.0,,,,印西市高花1-6,1-6-8号棟,鉄筋コンクリート造,5,N,503号室,3LDK,63,5,57500,4900,2か月,"['近居割', '近居割WIDE']",随時,https://www.ur-net.go.jp/chintai/kanto/chiba/30_4120_room.html?JKSS=106080503,<li>北総鉄道「千葉ニュータウン中央」駅バス6分 徒歩5～7分</li><li>北総鉄道「印西牧の原」駅 徒歩43～45分</li><li>JR成田線「木下」駅 徒歩73～78分</li>
chiba,chibant,千葉ニュータウン高花,62400,,,,,,,印西市高花1-6,1-6-8号棟,鉄筋コンクリート造,5,N,503号室,3LDK,63,5,57500,4900,2か月,"['近居割', '近居割WIDE']",随時,https://www.ur-net.go.jp/chintai/kanto/chiba/30_4120_room.html?JKSS=106080503,<li>北総鉄道「千葉ニュータウン中央」駅バス6分 徒歩5～7分</li><li>北総鉄道「印西牧の原」駅 徒歩43～45分</li><li>JR成田線「木下」駅 徒歩73～78分</li>
chiba,chibant,千葉ニュータウン原山第二,91500,北総鉄道「千葉ニュータウン中央」駅,22.0,22.0,,,,印西市原山1-3ほか,2-1-2号棟,鉄筋コンクリート造,4,N,403号室,4LDK,109,5,85500,6000,2か月,"['近居割', '近居割WIDE']",随時,https://www.ur-net.go.jp/chintai/kanto/chiba/30_4370_room.html?JKSS=201020403,<li>北総鉄道「千葉ニュータウン中央」駅 徒歩22分</li><li>北総鉄道「印西牧の原」駅 徒歩53分</li><li>JR成田線「木下」駅 徒歩72分</li>
chiba,chibant,千葉ニュータウン原山第二,91500,北総鉄道「印西牧の原」駅,53.0,53.0,,,,印西市原山1-3ほか,2-1-2号棟,鉄筋コンクリート造,4,N,403号室,4LDK,109,5,85500,6000,2か月,"['近居割', '近居割WIDE']",随時,https://www.ur-net.go.jp/chintai/kanto/chiba/30_4370_room.html?JKSS=201020403,<li>北総鉄道「千葉ニュータウン中央」駅 徒歩22分</li><li>北総鉄道「印西牧の原」駅 徒歩53分</li><li>JR成田線「木下」駅 徒歩72分</li>
chiba,chibant,千葉ニュータウン原山第二,91500,JR成田線「木下」駅,72.0,72.0,,,,印西市原山1-3ほか,2-1-2号棟,鉄筋コンクリート造,4,N,403号室,4LDK,109,5,85500,6000,2か月,"['近居割', '近居割WIDE']",随時,https://www.ur-net.go.jp/chintai/kanto/chiba/30_4370_room.html?JKSS=201020403,<li>北総鉄道「千葉ニュータウン中央」駅 徒歩22分</li><li>北総鉄道「印西牧の原」駅 徒歩53分</li><li>JR成田線「木下」駅 徒歩72分</li>
chiba,chibant,千葉ニュータウン原山第二,91500,,,,,,,印西市原山1-3ほか,2-1-2号棟,鉄筋コンクリート造,4,N,403号室,4LDK,109,5,85500,6000,2か月,"['近居割', '近居割WIDE']",随時,https://www.ur-net.go.jp/chintai/kanto/chiba/30_4370_room.html?JKSS=201020403,<li>北総鉄道「千葉ニュータウン中央」駅 徒歩22分</li><li>北総鉄道「印西牧の原」駅 徒歩53分</li><li>JR成田線「木下」駅 徒歩72分</li>
chiba,naritant,成田ニュータウン橋賀台,60000,,,,JR成田線「成田」駅,9.0,15.0,成田市橋賀台1-1ほか,1-1-2号棟,鉄筋コンクリート造、鉄骨鉄筋コンクリート造,4,N,408号室,3K,50,5,56000,4000,2か月,['近居割'],随時,https://www.ur-net.go.jp/chintai/kanto/chiba/30_3030_room.html?JKSS=101020408,<li>JR成田線「成田」駅バス7分 徒歩2～8分</li><li>京成本線「公津の杜」駅 徒歩23～32分</li><li>京成本線「京成成田」駅バス10分 徒歩3～11分</li>
chiba,naritant,成田ニュータウン橋賀台,60000,京成本線「公津の杜」駅,23.0,32.0,,,,成田市橋賀台1-1ほか,1-1-2号棟,鉄筋コンクリート造、鉄骨鉄筋コンクリート造,4,N,408号室,3K,50,5,56000,4000,2か月,['近居割'],随時,https://www.ur-net.go.jp/chintai/kanto/chiba/30_3030_room.html?JKSS=101020408,<li>JR成田線「成田」駅バス7分 徒歩2～8分</li><li>京成本線「公津の杜」駅 徒歩23～32分</li><li>京成本線「京成成田」駅バス10分 徒歩3～11分</li>
chiba,naritant,成田ニュータウン橋賀台,60000,,,,京成本線「京成成田」駅,13.0,21.0,成田市橋賀台1-1ほか,1-1-2号棟,鉄筋コンクリート造、鉄骨鉄筋コンクリート造,4,N,408号室,3K,50,5,56000,4000,2か月,['近居割'],随時,https://www.ur-net.go.jp/chintai/kanto/chiba/30_3030_room.html?JKSS=101020408,<li>JR成田線「成田」駅バス7分 徒歩2～8分</li><li>京成本線「公津の杜」駅 徒歩23～32分</li><li>京成本線「京成成田」駅バス10分 徒歩3～11分</li>
chiba,naritant,成田ニュータウン橋賀台,60000,,,,,,,成田市橋賀台1-1ほか,1-1-2号棟,鉄筋コンクリート造、鉄骨鉄筋コンクリート造,4,N,408号室,3K,50,5,56000,4000,2か月,['近居割'],随時,https://www.ur-net.go.jp/chintai/kanto/chiba/30_3030_room.html?JKSS=101020408,<li>JR成田線「成田」駅バス7分 徒歩2～8分</li><li>京成本線「公津の杜」駅 徒歩23～32分</li><li>京成本線「京成成田」駅バス10分 徒歩3～11分</li>
saitama,sengendai,わし宮,43900,東武伊勢崎線「鷲宮」駅,14.0,20.0,,,,久喜市上内478,2-9号棟,鉄筋コンクリート造,5,N,505号室,2LDK,48,5,40000,3900,2か月,['近居割WIDE'],随時,https://www.ur-net.go.jp/chintai/kanto/saitama/50_1430_room.html?JKSS=000209505,<li>東武伊勢崎線「鷲宮」駅 徒歩14～20分</li><li>JR東北本線「東鷲宮」駅 徒歩22～33分</li><li>JR東北本線「久喜」駅 徒歩41～47分</li>
saitama,sengendai,わし宮,43900,JR東北本線「東鷲宮」駅,22.0,33.0,,,,久喜市上内478,2-9号棟,鉄筋コンクリート造,5,N,505号室,2LDK,48,5,40000,3900,2か月,['近居割WIDE'],随時,https://www.ur-net.go.jp/chintai/kanto/saitama/50_1430_room.html?JKSS=000209505,<li>東武伊勢崎線「鷲宮」駅 徒歩14～20分</li><li>JR東北本線「東鷲宮」駅 徒歩22～33分</li><li>JR東北本線「久喜」駅 徒歩41～47分</li>
saitama,sengendai,わし宮,43900,JR東北本線「久喜」駅,41.0,47.0,,,,久喜市上内478,2-9号棟,鉄筋コンクリート造,5,N,505号室,2LDK,48,5,40000,3900,2か月,['近居割WIDE'],随時,https://www.ur-net.go.jp/chintai/kanto/saitama/50_1430_room.html?JKSS=000209505,<li>東武伊勢崎線「鷲宮」駅 徒歩14～20分</li><li>JR東北本線「東鷲宮」駅 徒歩22～33分</li><li>JR東北本線「久喜」駅 徒歩41～47分</li>
saitama,sengendai,わし宮,43900,,,,,,,久喜市上内478,2-9号棟,鉄筋コンクリート造,5,N,505号室,2LDK,48,5,40000,3900,2か月,['近居割WIDE'],随時,https://www.ur-net.go.jp/chintai/kanto/saitama/50_1430_room.html?JKSS=000209505,<li>東武伊勢崎線「鷲宮」駅 徒歩14～20分</li><li>JR東北本線「東鷲宮」駅 徒歩22～33分</li><li>JR東北本線「久喜」駅 徒歩41～47分</li>
saitama,sengendai,わし宮,43900,東武伊勢崎線「鷲宮」駅,14.0,20.0,,,,久喜市上内478,2-11号棟,鉄筋コンクリート造,5,N,505号室,2LDK,48,5,40000,3900,2か月,['近居割WIDE'],随時,https://www.ur-net.go.jp/chintai/kanto/saitama/50_1430_room.html?JKSS=000211505,<li>東武伊勢崎線「鷲宮」駅 徒歩14～20分</li><li>JR東北本線「東鷲宮」駅 徒歩22～33分</li><li>JR東北本線「久喜」駅 徒歩41～47分</li>
saitama,sengendai,わし宮,43900,JR東北本線「東鷲宮」駅,22.0,33.0,,,,久喜市上内478,2-11号棟,鉄筋コンクリート造,5,N,505号室,2LDK,48,5,40000,3900,2か月,['近居割WIDE'],随時,https://www.ur-net.go.jp/chintai/kanto/saitama/50_1430_room.html?JKSS=000211505,<li>東武伊勢崎線「鷲宮」駅 徒歩14～20分</li><li>JR東北本線「東鷲宮」駅 徒歩22～33分</li><li>JR東北本線「久喜」駅 徒歩41～47分</li>
saitama,sengendai,わし宮,43900,JR東北本線「久喜」駅,41.0,47.0,,,,久喜市上内478,2-11号棟,鉄筋コンクリート造,5,N,505号室,2LDK,48,5,40000,3900,2か月,['近居割WIDE'],随時,https://www.ur-net.go.jp/chintai/kanto/saitama/50_1430_room.html?JKSS=000211505,<li>東武伊勢崎線「鷲宮」駅 徒歩14～20分</li><li>JR東北本線「東鷲宮」駅 徒歩22～33分</li><li>JR東北本線「久喜」駅 徒歩41～47分</li>
saitama,sengendai,わし宮,43900,,,,,,,久喜市上内478,2-11号棟,鉄筋コンクリート造,5,N,505号室,2LDK,48,5,40000,3900,2か月,['近居割WIDE'],随時,https://www.ur-net.go.jp/chintai/kanto/saitama/50_1430_room.html?JKSS=000211505,<li>東武伊勢崎線「鷲宮」駅 徒歩14～20分</li><li>JR東北本線「東鷲宮」駅 徒歩22～33分</li><li>JR東北本線「久喜」駅 徒歩41～47分</li>
saitama,sengendai,わし宮,44100,東武伊勢崎線「鷲宮」駅,14.0,20.0,,,,久喜市上内478,2-10号棟,鉄筋コンクリート造,5,N,506号室,2LDK,48,5,40200,3900,2か月,['近居割WIDE'],随時,https://www.ur-net.go.jp/chintai/kanto/saitama/50_1430_room.html?JKSS=000210506,<li>東武伊勢崎線「鷲宮」駅 徒歩14～20分</li><li>JR東北本線「東鷲宮」駅 徒歩22～33分</li><li>JR東北本線「久喜」駅 徒歩41～47分</li>
saitama,sengendai,わし宮,44100,JR東北本線「東鷲宮」駅,22.0,33.0,,,,久喜市上内478,2-10号棟,鉄筋コンクリート造,5,N,506号室,2LDK,48,5,40200,3900,2か月,['近居割WIDE'],随時,https://www.ur-net.go.jp/chintai/kanto/saitama/50_1430_room.html?JKSS=000210506,<li>東武伊勢崎線「鷲宮」駅 徒歩14～20分</li><li>JR東北本線「東鷲宮」駅 徒歩22～33分</li><li>JR東北本線「久喜」駅 徒歩41～47分</li>
saitama,sengendai,わし宮,44100,JR東北本線「久喜」駅,41.0,47.0,,,,久喜市上内478,2-10号棟,鉄筋コンクリート造,5,N,506号室,2LDK,48,5,40200,3900,2か月,['近居割WIDE'],随時,https://www.ur-net.go.jp/chintai/kanto/saitama/50_1430_room.html?JKSS=000210506,<li>東武伊勢崎線「鷲宮」駅 徒歩14～20分</li><li>JR東北本線「東鷲宮」駅 徒歩22～33分</li><li>JR東北本線「久喜」駅 徒歩41～47分</li>
saitama,sengendai,わし宮,44100,,,,,,,久喜市上内478,2-10号棟,鉄筋コンクリート造,5,N,506号室,2LDK,48,5,40200,3900,2か月,['近居割WIDE'],随時,https://www.ur-net.go.jp/chintai/kanto/saitama/50_1430_room.html?JKSS=000210506,<li>東武伊勢崎線「鷲宮」駅 徒歩14～20分</li><li>JR東北本線「東鷲宮」駅 徒歩22～33分</li><li>JR東北本線「久喜」駅 徒歩41～47分</li>
saitama,sengendai,わし宮,45500,東武伊勢崎線「鷲宮」駅,14.0,20.0,,,,久喜市上内478,2-11号棟,鉄筋コンクリート造,4,N,404号室,2LDK,48,5,41600,3900,2か月,['近居割WIDE'],随時,https://www.ur-net.go.jp/chintai/kanto/saitama/50_1430_room.html?JKSS=000211404,<li>東武伊勢崎線「鷲宮」駅 徒歩14～20分</li><li>JR東北本線「東鷲宮」駅 徒歩22～33分</li><li>JR東北本線「久喜」駅 徒歩41～47分</li>
saitama,sengendai,わし宮,45500,JR東北本線「東鷲宮」駅,22.0,33.0,,,,久喜市上内478,2-11号棟,鉄筋コンクリート造,4,N,404号室,2LDK,48,5,41600,3900,2か月,['近居割WIDE'],随時,https://www.ur-net.go.jp/chintai/kanto/saitama/50_1430_room.html?JKSS=000211404,<li>東武伊勢崎線「鷲宮」駅 徒歩14～20分</li><li>JR東北本線「東鷲宮」駅 徒歩22～33分</li><li>JR東北本線「久喜」駅 徒歩41～47分</li>
saitama,sengendai,わし宮,45500,JR東北本線「久喜」駅,41.0,47.0,,,,久喜市上内478,2-11号棟,鉄筋コンクリート造,4,N,404号室,2LDK,48,5,41600,3900,2か月,['近居割WIDE'],随時,https://www.ur-net.go.jp/chintai/kanto/saitama/50_1430_room.html?JKSS=000211404,<li>東武伊勢崎線「鷲宮」駅 徒歩14～20分</li><li>JR東北本線「東鷲宮」駅 徒歩22～33分</li><li>JR東北本線「久喜」駅 徒歩41～47分</li>
saitama,sengendai,わし宮,45500,,,,,,,久喜市上内478,2-11号棟,鉄筋コンクリート造,4,N,404号室,2LDK,48,5,41600,3900,2か月,['近居割WIDE'],随時,https://www.ur-net.go.jp/chintai/kanto/saitama/50_1430_room.html?JKSS=000211404,<li>東武伊勢崎線「鷲宮」駅 徒歩14～20分</li><li>JR東北本線「東鷲宮」駅 徒歩22～33分</li><li>JR東北本線「久喜」駅 徒歩41～47分</li>
saitama,sengendai,わし宮,48600,東武伊勢崎線「鷲宮」駅,14.0,20.0,,,,久喜市上内478,2-4号棟,鉄筋コンクリート造,5,N,506号室,3K,54,5,44700,3900,2か月,['近居割WIDE'],随時,https://www.ur-net.go.jp/chintai/kanto/saitama/50_1430_room.html?JKSS=000204506,<li>東武伊勢崎線「鷲宮」駅 徒歩14～20分</li><li>JR東北本線「東鷲宮」駅 徒歩22～33分</li><li>JR東北本線「久喜」駅 徒歩41～47分</li>
saitama,sengendai,わし宮,48600,JR東北本線「東鷲宮」駅,22.0,33.0,,,,久喜市上内478,2-4号棟,鉄筋コンクリート造,5,N,506号室,3K,54,5,44700,3900,2か月,['近居割WIDE'],随時,https://www.ur-net.go.jp/chintai/kanto/saitama/50_1430_room.html?JKSS=000204506,<li>東武伊勢崎線「鷲宮」駅 徒歩14～20分</li><li>JR東北本線「東鷲宮」駅 徒歩22～33分</li><li>JR東北本線「久喜」駅 徒歩41～47分</li>
saitama,sengendai,わし宮,48600,JR東北本線「久喜」駅,41.0,47.0,,,,久喜市上内478,2-4号棟,鉄筋コンクリート造,5,N,506号室,3K,54,5,44700,3900,2か月,['近居割WIDE'],随時,https://www.ur-net.go.jp/chintai/kanto/saitama/50_1430_room.html?JKSS=000204506,<li>東武伊勢崎線「鷲宮」駅 徒歩14～20分</li><li>JR東北本線「東鷲宮」駅 徒歩22～33分</li><li>JR東北本線「久喜」駅 徒歩41～47分</li>
saitama,sengendai,わし宮,48600,,,,,,,久喜市上内478,2-4号棟,鉄筋コンクリート造,5,N,506号室,3K,54,5,44700,3900,2か月,['近居割WIDE'],随時,https://www.ur-net.go.jp/chintai/kanto/saitama/50_1430_room.html?JKSS=000204506,<li>東武伊勢崎線「鷲宮」駅 徒歩14～20分</li><li>JR東北本線「東鷲宮」駅 徒歩22～33分</li><li>JR東北本線「久喜」駅 徒歩41～47分</li>
saitama,sengendai,久喜青葉,46200,,,,湘南新宿ライン「久喜」駅,8.0,17.0,久喜市青葉1,1-2号棟,鉄筋コンクリート造,5,N,508号室,2LDK,49,5,43100,3100,2か月,['近居割'],随時,https://www.ur-net.go.jp/chintai/kanto/saitama/50_1640_room.html?JKSS=001020508,<li>湘南新宿ライン「久喜」駅バス7～10分 徒歩1～7分</li><li>東武伊勢崎線「久喜」駅バス7～10分 徒歩1～7分</li><li>東武日光線「幸手」駅 徒歩25～35分</li>
saitama,sengendai,久喜青葉,46200,,,,東武伊勢崎線「久喜」駅,8.0,17.0,久喜市青葉1,1-2号棟,鉄筋コンクリート造,5,N,508号室,2LDK,49,5,43100,3100,2か月,['近居割'],随時,https://www.ur-net.go.jp/chintai/kanto/saitama/50_1640_room.html?JKSS=001020508,<li>湘南新宿ライン「久喜」駅バス7～10分 徒歩1～7分</li><li>東武伊勢崎線「久喜」駅バス7～10分 徒歩1～7分</li><li>東武日光線「幸手」駅 徒歩25～35分</li>
saitama,sengendai,久喜青葉,46200,東武日光線「幸手」駅,25.0,35.0,,,,久喜市青葉1,1-2号棟,鉄筋コンクリート造,5,N,508号室,2LDK,49,5,43100,3100,2か月,['近居割'],随時,https://www.ur-net.go.jp/chintai/kanto/saitama/50_1640_room.html?JKSS=001020508,<li>湘南新宿ライン「久喜」駅バス7～10分 徒歩1～7分</li><li>東武伊勢崎線「久喜」駅バス7～10分 徒歩1～7分</li><li>東武日光線「幸手」駅 徒歩25～35分</li>
saitama,sengendai,久喜青葉,46200,,,,,,,久喜市青葉1,1-2号棟,鉄筋コンクリート造,5,N,508号室,2LDK,49,5,43100,3100,2か月,['近居割'],随時,https://www.ur-net.go.jp/chintai/kanto/saitama/50_1640_room.html?JKSS=001020508,<li>湘南新宿ライン「久喜」駅バス7～10分 徒歩1～7分</li><li>東武伊勢崎線「久喜」駅バス7～10分 徒歩1～7分</li><li>東武日光線「幸手」駅 徒歩25～35分</li>
saitama,sengendai,久喜青葉,46600,,,,湘南新宿ライン「久喜」駅,8.0,17.0,久喜市青葉1,1-10号棟,鉄筋コンクリート造,5,N,502号室,2LDK,50,5,43500,3100,2か月,['近居割'],随時,https://www.ur-net.go.jp/chintai/kanto/saitama/50_1640_room.html?JKSS=001100502,<li>湘南新宿ライン「久喜」駅バス7～10分 徒歩1～7分</li><li>東武伊勢崎線「久喜」駅バス7～10分 徒歩1～7分</li><li>東武日光線「幸手」駅 徒歩25～35分</li>
saitama,sengendai,久喜青葉,46600,,,,東武伊勢崎線「久喜」駅,8.0,17.0,久喜市青葉1,1-10号棟,鉄筋コンクリート造,5,N,502号室,2LDK,50,5,43500,3100,2か月,['近居割'],随時,https://www.ur-net.go.jp/chintai/kanto/saitama/50_1640_room.html?JKSS=001100502,<li>湘南新宿ライン「久喜」駅バス7～10分 徒歩1～7分</li><li>東武伊勢崎線「久喜」駅バス7～10分 徒歩1～7分</li><li>東武日光線「幸手」駅 徒歩25～35分</li>
saitama,sengendai,久喜青葉,46600,東武日光線「幸手」駅,25.0,35.0,,,,久喜市青葉1,1-10号棟,鉄筋コンクリート造,5,N,502号室,2LDK,50,5,43500,3100,2か月,['近居割'],随時,https://www.ur-net.go.jp/chintai/kanto/saitama/50_1640_room.html?JKSS=001100502,<li>湘南新宿ライン「久喜」駅バス7～10分 徒歩1～7分</li><li>東武伊勢崎線「久喜」駅バス7～10分 徒歩1～7分</li><li>東武日光線「幸手」駅 徒歩25～35分</li>
saitama,sengendai,久喜青葉,46600,,,,,,,久喜市青葉1,1-10号棟,鉄筋コンクリート造,5,N,502号室,2LDK,50,5,43500,3100,2か月,['近居割'],随時,https://www.ur-net.go.jp/chintai/kanto/saitama/50_1640_room.html?JKSS=001100502,<li>湘南新宿ライン「久喜」駅バス7～10分 徒歩1～7分</li><li>東武伊勢崎線「久喜」駅バス7～10分 徒歩1～7分</li><li>東武日光線「幸手」駅 徒歩25～35分</li>
saitama,sengendai,久喜青葉,46600,,,,湘南新宿ライン「久喜」駅,8.0,17.0,久喜市青葉1,2-1号棟,鉄筋コンクリート造,5,N,503号室,2LDK,50,5,43500,3100,2か月,['近居割'],随時,https://www.ur-net.go.jp/chintai/kanto/saitama/50_1640_room.html?JKSS=002010503,<li>湘南新宿ライン「久喜」駅バス7～10分 徒歩1～7分</li><li>東武伊勢崎線「久喜」駅バス7～10分 徒歩1～7分</li><li>東武日光線「幸手」駅 徒歩25～35分</li>
saitama,sengendai,久喜青葉,46600,,,,東武伊勢崎線「久喜」駅,8.0,17.0,久喜市青葉1,2-1号棟,鉄筋コンクリート造,5,N,503号室,2LDK,50,5,43500,3100,2か月,['近居割'],随時,https://www.ur-net.go.jp/chintai/kanto/saitama/50_1640_room.html?JKSS=002010503,<li>湘南新宿ライン「久喜」駅バス7～10分 徒歩1～7分</li><li>東武伊勢崎線「久喜」駅バス7～10分 徒歩1～7分</li><li>東武日光線「幸手」駅 徒歩25～35分</li>
saitama,sengendai,久喜青葉,46600,東武日光線「幸手」駅,25.0,35.0,,,,久喜市青葉1,2-1号棟,鉄筋コンクリート造,5,N,503号室,2LDK,50,5,43500,3100,2か月,['近居割'],随時,https://www.ur-net.go.jp/chintai/kanto/saitama/50_1640_room.html?JKSS=002010503,<li>湘南新宿ライン「久喜」駅バス7～10分 徒歩1～7分</li><li>東武伊勢崎線「久喜」駅バス7～10分 徒歩1～7分</li><li>東武日光線「幸手」駅 徒歩25～35分</li>
saitama,sengendai,久喜青葉,46600,,,,,,,久喜市青葉1,2-1号棟,鉄筋コンクリート造,5,N,503号室,2LDK,50,5,43500,3100,2か月,['近居割'],随時,https://www.ur-net.go.jp/chintai/kanto/saitama/50_1640_room.html?JKSS=002010503,<li>湘南新宿ライン「久喜」駅バス7～10分 徒歩1～7分</li><li>東武伊勢崎線「久喜」駅バス7～10分 徒歩1～7分</li><li>東武日光線「幸手」駅 徒歩25～35分</li>
saitama,sengendai,久喜青葉,46800,,,,湘南新宿ライン「久喜」駅,8.0,17.0,久喜市青葉1,2-13号棟,鉄筋コンクリート造,5,N,503号室,2LDK,50,5,43700,3100,2か月,['近居割'],随時,https://www.ur-net.go.jp/chintai/kanto/saitama/50_1640_room.html?JKSS=002130503,<li>湘南新宿ライン「久喜」駅バス7～10分 徒歩1～7分</li><li>東武伊勢崎線「久喜」駅バス7～10分 徒歩1～7分</li><li>東武日光線「幸手」駅 徒歩25～35分</li>
saitama,sengendai,久喜青葉,46800,,,,東武伊勢崎線「久喜」駅,8.0,17.0,久喜市青葉1,2-13号棟,鉄筋コンクリート造,5,N,503号室,2LDK,50,5,43700,3100,2か月,['近居割'],随時,https://www.ur-net.go.jp/chintai/kanto/saitama/50_1640_room.html?JKSS=002130503,<li>湘南新宿ライン「久喜」駅バス7～10分 徒歩1～7分</li><li>東武伊勢崎線「久喜」駅バス7～10分 徒歩1～7分</li><li>東武日光線「幸手」駅 徒歩25～35分</li>
saitama,sengendai,久喜青葉,46800,東武日光線「幸手」駅,25.0,35.0,,,,久喜市青葉1,2-13号棟,鉄筋コンクリート造,5,N,503号室,2LDK,50,5,43700,3100,2か月,['近居割'],随時,https://www.ur-net.go.jp/chintai/kanto/saitama/50_1640_room.html?JKSS=002130503,<li>湘南新宿ライン「久喜」駅バス7～10分 徒歩1～7分</li><li>東武伊勢崎線「久喜」駅バス7～10分 徒歩1～7分</li><li>東武日光線「幸手」駅 徒歩25～35分</li>
saitama,sengendai,久喜青葉,46800,,,,,,,久喜市青葉1,2-13号棟,鉄筋コンクリート造,5,N,503号室,2LDK,50,5,43700,3100,2か月,['近居割'],随時,https://www.ur-net.go.jp/chintai/kanto/saitama/50_1640_room.html?JKSS=002130503,<li>湘南新宿ライン「久喜」駅バス7～10分 徒歩1～7分</li><li>東武伊勢崎線「久喜」駅バス7～10分 徒歩1～7分</li><li>東武日光線「幸手」駅 徒歩25～35分</li>
saitama,sengendai,久喜青葉,48100,,,,湘南新宿ライン「久喜」駅,8.0,17.0,久喜市青葉1,1-11号棟,鉄筋コンクリート造,4,N,406号室,2LDK,50,5,45000,3100,2か月,['近居割'],随時,https://www.ur-net.go.jp/chintai/kanto/saitama/50_1640_room.html?JKSS=001110406,<li>湘南新宿ライン「久喜」駅バス7～10分 徒歩1～7分</li><li>東武伊勢崎線「久喜」駅バス7～10分 徒歩1～7分</li><li>東武日光線「幸手」駅 徒歩25～35分</li>
saitama,sengendai,久喜青葉,48100,,,,東武伊勢崎線「久喜」駅,8.0,17.0,久喜市青葉1,1-11号棟,鉄筋コンクリート造,4,N,406号室,2LDK,50,5,45000,3100,2か月,['近居割'],随時,https://www.ur-net.go.jp/chintai/kanto/saitama/50_1640_room.html?JKSS=001110406,<li>湘南新宿ライン「久喜」駅バス7～10分 徒歩1～7分</li><li>東武伊勢崎線「久喜」駅バス7～10分 徒歩1～7分</li><li>東武日光線「幸手」駅 徒歩25～35分</li>
saitama,sengendai,久喜青葉,48100,東武日光線「幸手」駅,25.0,35.0,,,,久喜市青葉1,1-11号棟,鉄筋コンクリート造,4,N,406号室,2LDK,50,5,45000,3100,2か月,['近居割'],随時,https://www.ur-net.go.jp/chintai/kanto/saitama/50_1640_room.html?JKSS=001110406,<li>湘南新宿ライン「久喜」駅バス7～10分 徒歩1～7分</li><li>東武伊勢崎線「久喜」駅バス7～10分 徒歩1～7分</li><li>東武日光線「幸手」駅 徒歩25～35分</li>
saitama,sengendai,久喜青葉,48100,,,,,,,久喜市青葉1,1-11号棟,鉄筋コンクリート造,4,N,406号室,2LDK,50,5,45000,3100,2か月,['近居割'],随時,https://www.ur-net.go.jp/chintai/kanto/saitama/50_1640_room.html?JKSS=001110406,<li>湘南新宿ライン「久喜」駅バス7～10分 徒歩1～7分</li><li>東武伊勢崎線「久喜」駅バス7～10分 徒歩1～7分</li><li>東武日光線「幸手」駅 徒歩25～35分</li>
saitama,misato,吉川,107000,,,,JR武蔵野線「吉川」駅,6.0,11.0,吉川市吉川団地,4-18号棟,鉄筋コンクリート造,2,N,202号室,3LDK,85,5,103900,3100,2か月,"['近居割', '近居割WIDE']",随時,https://www.ur-net.go.jp/chintai/kanto/saitama/50_1551_room.html?JKSS=000418202,<li>JR武蔵野線「吉川」駅バス5～6分 徒歩1～5分</li>
saitama,misato,吉川,107000,,,,,,,吉川市吉川団地,4-18号棟,鉄筋コンクリート造,2,N,202号室,3LDK,85,5,103900,3100,2か月,"['近居割', '近居割WIDE']",随時,https://www.ur-net.go.jp/chintai/kanto/saitama/50_1551_room.html?JKSS=000418202,<li>JR武蔵野線「吉川」駅バス5～6分 徒歩1～5分</li>
saitama,misato,吉川,117200,,,,JR武蔵野線「吉川」駅,6.0,11.0,吉川市吉川団地,5-17号棟,鉄筋コンクリート造,3,N,301号室,4LDK,92,5,114100,3100,2か月,"['近居割', '近居割WIDE']",随時,https://www.ur-net.go.jp/chintai/kanto/saitama/50_1551_room.html?JKSS=000517301,<li>JR武蔵野線「吉川」駅バス5～6分 徒歩1～5分</li>
saitama,misato,吉川,117200,,,,,,,吉川市吉川団地,5-17号棟,鉄筋コンクリート造,3,N,301号室,4LDK,92,5,114100,3100,2か月,"['近居割', '近居割WIDE']",随時,https://www.ur-net.go.jp/chintai/kanto/saitama/50_1551_room.html?JKSS=000517301,<li>JR武蔵野線「吉川」駅バス5～6分 徒歩1～5分</li>
saitama,misato,吉川,118200,,,,JR武蔵野線「吉川」駅,6.0,11.0,吉川市吉川団地,4-18号棟,鉄筋コンクリート造,3,N,305号室,4LDK,98,5,115100,3100,2か月,"['近居割', '近居割WIDE']",随時,https://www.ur-net.go.jp/chintai/kanto/saitama/50_1551_room.html?JKSS=000418305,<li>JR武蔵野線「吉川」駅バス5～6分 徒歩1～5分</li>
saitama,misato,吉川,118200,,,,,,,吉川市吉川団地,4-18号棟,鉄筋コンクリート造,3,N,305号室,4LDK,98,5,115100,3100,2か月,"['近居割', '近居割WIDE']",随時,https://www.ur-net.go.jp/chintai/kanto/saitama/50_1551_room.html?JKSS=000418305,<li>JR武蔵野線「吉川」駅バス5～6分 徒歩1～5分</li>
saitama,kawaguchi,川口芝園,94900,JR京浜東北・根岸線「蕨」駅,10.0,15.0,,,,川口市芝園町3,4号棟,鉄骨鉄筋コンクリート造,7,N,748号室,1LDK,45,10,90800,4100,2か月,"['近居割', '近居割WIDE']",随時,https://www.ur-net.go.jp/chintai/kanto/saitama/50_1820_room.html?JKSS=000040748,<li>JR京浜東北・根岸線「蕨」駅 徒歩10～15分</li><li>JR埼京線「戸田」駅 徒歩27～32分</li><li>JR武蔵野線「南浦和」駅 徒歩28～34分</li>
saitama,kawaguchi,川口芝園,94900,JR埼京線「戸田」駅,27.0,32.0,,,,川口市芝園町3,4号棟,鉄骨鉄筋コンクリート造,7,N,748号室,1LDK,45,10,90800,4100,2か月,"['近居割', '近居割WIDE']",随時,https://www.ur-net.go.jp/chintai/kanto/saitama/50_1820_room.html?JKSS=000040748,<li>JR京浜東北・根岸線「蕨」駅 徒歩10～15分</li><li>JR埼京線「戸田」駅 徒歩27～32分</li><li>JR武蔵野線「南浦和」駅 徒歩28～34分</li>
saitama,kawaguchi,川口芝園,94900,JR武蔵野線「南浦和」駅,28.0,34.0,,,,川口市芝園町3,4号棟,鉄骨鉄筋コンクリート造,7,N,748号室,1LDK,45,10,90800,4100,2か月,"['近居割', '近居割WIDE']",随時,https://www.ur-net.go.jp/chintai/kanto/saitama/50_1820_room.html?JKSS=000040748,<li>JR京浜東北・根岸線「蕨」駅 徒歩10～15分</li><li>JR埼京線「戸田」駅 徒歩27～32分</li><li>JR武蔵野線「南浦和」駅 徒歩28～34分</li>
saitama,kawaguchi,川口芝園,94900,,,,,,,川口市芝園町3,4号棟,鉄骨鉄筋コンクリート造,7,N,748号室,1LDK,45,10,90800,4100,2か月,"['近居割', '近居割WIDE']",随時,https://www.ur-net.go.jp/chintai/kanto/saitama/50_1820_room.html?JKSS=000040748,<li>JR京浜東北・根岸線「蕨」駅 徒歩10～15分</li><li>JR埼京線「戸田」駅 徒歩27～32分</li><li>JR武蔵野線「南浦和」駅 徒歩28～34分</li>
saitama,kawaguchi,川口芝園,97200,JR京浜東北・根岸線「蕨」駅,10.0,15.0,,,,川口市芝園町3,4号棟,鉄骨鉄筋コンクリート造,1,N,103号室,1LDK,45,10,93100,4100,2か月,"['近居割', '近居割WIDE']",随時,https://www.ur-net.go.jp/chintai/kanto/saitama/50_1820_room.html?JKSS=000040103,<li>JR京浜東北・根岸線「蕨」駅 徒歩10～15分</li><li>JR埼京線「戸田」駅 徒歩27～32分</li><li>JR武蔵野線「南浦和」駅 徒歩28～34分</li>
saitama,kawaguchi,川口芝園,97200,JR埼京線「戸田」駅,27.0,32.0,,,,川口市芝園町3,4号棟,鉄骨鉄筋コンクリート造,1,N,103号室,1LDK,45,10,93100,4100,2か月,"['近居割', '近居割WIDE']",随時,https://www.ur-net.go.jp/chintai/kanto/saitama/50_1820_room.html?JKSS=000040103,<li>JR京浜東北・根岸線「蕨」駅 徒歩10～15分</li><li>JR埼京線「戸田」駅 徒歩27～32分</li><li>JR武蔵野線「南浦和」駅 徒歩28～34分</li>
saitama,kawaguchi,川口芝園,97200,JR武蔵野線「南浦和」駅,28.0,34.0,,,,川口市芝園町3,4号棟,鉄骨鉄筋コンクリート造,1,N,103号室,1LDK,45,10,93100,4100,2か月,"['近居割', '近居割WIDE']",随時,https://www.ur-net.go.jp/chintai/kanto/saitama/50_1820_room.html?JKSS=000040103,<li>JR京浜東北・根岸線「蕨」駅 徒歩10～15分</li><li>JR埼京線「戸田」駅 徒歩27～32分</li><li>JR武蔵野線「南浦和」駅 徒歩28～34分</li>
saitama,kawaguchi,川口芝園,97200,,,,,,,川口市芝園町3,4号棟,鉄骨鉄筋コンクリート造,1,N,103号室,1LDK,45,10,93100,4100,2か月,"['近居割', '近居割WIDE']",随時,https://www.ur-net.go.jp/chintai/kanto/saitama/50_1820_room.html?JKSS=000040103,<li>JR京浜東北・根岸線「蕨」駅 徒歩10～15分</li><li>JR埼京線「戸田」駅 徒歩27～32分</li><li>JR武蔵野線「南浦和」駅 徒歩28～34分</li>
saitama,kawaguchi,コンフォール東鳩ヶ谷,103400,埼玉高速鉄道「新井宿」駅,12.0,12.0,,,,川口市桜町4-4,3号棟,鉄筋コンクリート造,3,N,303号室,2DK,49,10,99000,4400,2か月,['近居割'],随時,https://www.ur-net.go.jp/chintai/kanto/saitama/50_4020_room.html?JKSS=000030303,<li>埼玉高速鉄道「新井宿」駅 徒歩12分</li><li>JR京浜東北・根岸線「西川口」駅バス25分 徒歩1～3分</li><li>JR京浜東北・根岸線「赤羽」駅バス27分 徒歩1～3分</li>
saitama,kawaguchi,コンフォール東鳩ヶ谷,103400,,,,JR京浜東北・根岸線「西川口」駅,26.0,28.0,川口市桜町4-4,3号棟,鉄筋コンクリート造,3,N,303号室,2DK,49,10,99000,4400,2か月,['近居割'],随時,https://www.ur-net.go.jp/chintai/kanto/saitama/50_4020_room.html?JKSS=000030303,<li>埼玉高速鉄道「新井宿」駅 徒歩12分</li><li>JR京浜東北・根岸線「西川口」駅バス25分 徒歩1～3分</li><li>JR京浜東北・根岸線「赤羽」駅バス27分 徒歩1～3分</li>
saitama,kawaguchi,コンフォール東鳩ヶ谷,103400,,,,JR京浜東北・根岸線「赤羽」駅,28.0,30.0,川口市桜町4-4,3号棟,鉄筋コンクリート造,3,N,303号室,2DK,49,10,99000,4400,2か月,['近居割'],随時,https://www.ur-net.go.jp/chintai/kanto/saitama/50_4020_room.html?JKSS=000030303,<li>埼玉高速鉄道「新井宿」駅 徒歩12分</li><li>JR京浜東北・根岸線「西川口」駅バス25分 徒歩1～3分</li><li>JR京浜東北・根岸線「赤羽」駅バス27分 徒歩1～3分</li>
saitama,kawaguchi,コンフォール東鳩ヶ谷,103400,,,,,,,川口市桜町4-4,3号棟,鉄筋コンクリート造,3,N,303号室,2DK,49,10,99000,4400,2か月,['近居割'],随時,https://www.ur-net.go.jp/chintai/kanto/saitama/50_4020_room.html?JKSS=000030303,<li>埼玉高速鉄道「新井宿」駅 徒歩12分</li><li>JR京浜東北・根岸線「西川口」駅バス25分 徒歩1～3分</li><li>JR京浜東北・根岸線「赤羽」駅バス27分 徒歩1～3分</li>
saitama,kawaguchi,コンフォール東鳩ヶ谷,105400,埼玉高速鉄道「新井宿」駅,12.0,12.0,,,,川口市桜町4-4,6号棟,鉄筋コンクリート造,8,N,808号室,2DK,49,8,101000,4400,2か月,['近居割'],随時,https://www.ur-net.go.jp/chintai/kanto/saitama/50_4020_room.html?JKSS=000060808,<li>埼玉高速鉄道「新井宿」駅 徒歩12分</li><li>JR京浜東北・根岸線「西川口」駅バス25分 徒歩1～3分</li><li>JR京浜東北・根岸線「赤羽」駅バス27分 徒歩1～3分</li>
saitama,kawaguchi,コンフォール東鳩ヶ谷,105400,,,,JR京浜東北・根岸線「西川口」駅,26.0,28.0,川口市桜町4-4,6号棟,鉄筋コンクリート造,8,N,808号室,2DK,49,8,101000,4400,2か月,['近居割'],随時,https://www.ur-net.go.jp/chintai/kanto/saitama/50_4020_room.html?JKSS=000060808,<li>埼玉高速鉄道「新井宿」駅 徒歩12分</li><li>JR京浜東北・根岸線「西川口」駅バス25分 徒歩1～3分</li><li>JR京浜東北・根岸線「赤羽」駅バス27分 徒歩1～3分</li>
saitama,kawaguchi,コンフォール東鳩ヶ谷,105400,,,,JR京浜東北・根岸線「赤羽」駅,28.0,30.0,川口市桜町4-4,6号棟,鉄筋コンクリート造,8,N,808号室,2DK,49,8,101000,4400,2か月,['近居割'],随時,https://www.ur-net.go.jp/chintai/kanto/saitama/50_4020_room.html?JKSS=000060808,<li>埼玉高速鉄道「新井宿」駅 徒歩12分</li><li>JR京浜東北・根岸線「西川口」駅バス25分 徒歩1～3分</li><li>JR京浜東北・根岸線「赤羽」駅バス27分 徒歩1～3分</li>
saitama,kawaguchi,コンフォール東鳩ヶ谷,105400,,,,,,,川口市桜町4-4,6号棟,鉄筋コンクリート造,8,N,808号室,2DK,49,8,101000,4400,2か月,['近居割'],随時,https://www.ur-net.go.jp/chintai/kanto/saitama/50_4020_room.html?JKSS=000060808,<li>埼玉高速鉄道「新井宿」駅 徒歩12分</li><li>JR京浜東北・根岸線「西川口」駅バス25分 徒歩1～3分</li><li>JR京浜東北・根岸線「赤羽」駅バス27分 徒歩1～3分</li>
saitama,kawaguchi,コンフォール東鳩ヶ谷,129100,埼玉高速鉄道「新井宿」駅,12.0,12.0,,,,川口市桜町4-4,1号棟,鉄筋コンクリート造,6,N,606号室,2LDK,64,7,124700,4400,2か月,['近居割'],随時,https://www.ur-net.go.jp/chintai/kanto/saitama/50_4020_room.html?JKSS=000010606,<li>埼玉高速鉄道「新井宿」駅 徒歩12分</li><li>JR京浜東北・根岸線「西川口」駅バス25分 徒歩1～3分</li><li>JR京浜東北・根岸線「赤羽」駅バス27分 徒歩1～3分</li>
saitama,kawaguchi,コンフォール東鳩ヶ谷,129100,,,,JR京浜東北・根岸線「西川口」駅,26.0,28.0,川口市桜町4-4,1号棟,鉄筋コンクリート造,6,N,606号室,2LDK,64,7,124700,4400,2か月,['近居割'],随時,https://www.ur-net.go.jp/chintai/kanto/saitama/50_4020_room.html?JKSS=000010606,<li>埼玉高速鉄道「新井宿」駅 徒歩12分</li><li>JR京浜東北・根岸線「西川口」駅バス25分 徒歩1～3分</li><li>JR京浜東北・根岸線「赤羽」駅バス27分 徒歩1～3分</li>
saitama,kawaguchi,コンフォール東鳩ヶ谷,129100,,,,JR京浜東北・根岸線「赤羽」駅,28.0,30.0,川口市桜町4-4,1号棟,鉄筋コンクリート造,6,N,606号室,2LDK,64,7,124700,4400,2か月,['近居割'],随時,https://www.ur-net.go.jp/chintai/kanto/saitama/50_4020_room.html?JKSS=000010606,<li>埼玉高速鉄道「新井宿」駅 徒歩12分</li><li>JR京浜東北・根岸線「西川口」駅バス25分 徒歩1～3分</li><li>JR京浜東北・根岸線「赤羽」駅バス27分 徒歩1～3分</li>
saitama,kawaguchi,コンフォール東鳩ヶ谷,129100,,,,,,,川口市桜町4-4,1号棟,鉄筋コンクリート造,6,N,606号室,2LDK,64,7,124700,4400,2か月,['近居割'],随時,https://www.ur-net.go.jp/chintai/kanto/saitama/50_4020_room.html?JKSS=000010606,<li>埼玉高速鉄道「新井宿」駅 徒歩12分</li><li>JR京浜東北・根岸線「西川口」駅バス25分 徒歩1～3分</li><li>JR京浜東北・根岸線「赤羽」駅バス27分 徒歩1～3分</li>
saitama,kawaguchi,アーバンハイツ南前川,108200,,,,JR京浜東北線「蕨」駅,8.0,8.0,川口市南前川2-21-10,,鉄筋コンクリート造,2,N,206号室,3DK,67,5,104400,3800,2か月,['近居割'],2026年10月9日以降,https://www.ur-net.go.jp/chintai/kanto/saitama/50_2220_room.html?JKSS=000000206,<li>JR京浜東北線「蕨」駅 バス7分 徒歩1分</li><li>JR京浜東北線「西川口」駅 バス8分 徒歩1分</li>
saitama,kawaguchi,アーバンハイツ南前川,108200,,,,JR京浜東北線「西川口」駅,9.0,9.0,川口市南前川2-21-10,,鉄筋コンクリート造,2,N,206号室,3DK,67,5,104400,3800,2か月,['近居割'],2026年10月9日以降,https://www.ur-net.go.jp/chintai/kanto/saitama/50_2220_room.html?JKSS=000000206,<li>JR京浜東北線「蕨」駅 バス7分 徒歩1分</li><li>JR京浜東北線「西川口」駅 バス8分 徒歩1分</li>
saitama,kawaguchi,アーバンハイツ南前川,108200,,,,,,,川口市南前川2-21-10,,鉄筋コンクリート造,2,N,206号室,3DK,67,5,104400,3800,2か月,['近居割'],2026年10月9日以降,https://www.ur-net.go.jp/chintai/kanto/saitama/50_2220_room.html?JKSS=000000206,<li>JR京浜東北線「蕨」駅 バス7分 徒歩1分</li><li>JR京浜東北線「西川口」駅 バス8分 徒歩1分</li>
saitama,kawaguchi,アーバンハイツ南前川,111300,,,,JR京浜東北線「蕨」駅,8.0,8.0,川口市南前川2-21-10,,鉄筋コンクリート造,4,N,409号室,3DK,68,5,107500,3800,2か月,['近居割'],随時,https://www.ur-net.go.jp/chintai/kanto/saitama/50_2220_room.html?JKSS=000000409,<li>JR京浜東北線「蕨」駅 バス7分 徒歩1分</li><li>JR京浜東北線「西川口」駅 バス8分 徒歩1分</li>
saitama,kawaguchi,アーバンハイツ南前川,111300,,,,JR京浜東北線「西川口」駅,9.0,9.0,川口市南前川2-21-10,,鉄筋コンクリート造,4,N,409号室,3DK,68,5,107500,3800,2か月,['近居割'],随時,https://www.ur-net.go.jp/chintai/kanto/saitama/50_2220_room.html?JKSS=000000409,<li>JR京浜東北線「蕨」駅 バス7分 徒歩1分</li><li>JR京浜東北線「西川口」駅 バス8分 徒歩1分</li>
saitama,kawaguchi,アーバンハイツ南前川,111300,,,,,,,川口市南前川2-21-10,,鉄筋コンクリート造,4,N,409号室,3DK,68,5,107500,3800,2か月,['近居割'],随時,https://www.ur-net.go.jp/chintai/kanto/saitama/50_2220_room.html?JKSS=000000409,<li>JR京浜東北線「蕨」駅 バス7分 徒歩1分</li><li>JR京浜東北線「西川口」駅 バス8分 徒歩1分</li>
saitama,kawaguchi,リプレ川口二番街,203700,JR京浜東北線「川口」駅,2.0,2.0,,,,川口市川口3-3-1,,鉄骨鉄筋コンクリート造,9,N,912号室,4DK,76,14,199700,4000,2か月,['近居割'],随時,https://www.ur-net.go.jp/chintai/kanto/saitama/50_2890_room.html?JKSS=000000912,<li>JR京浜東北線「川口」駅 徒歩2分</li>
saitama,kawaguchi,リプレ川口二番街,203700,,,,,,,川口市川口3-3-1,,鉄骨鉄筋コンクリート造,9,N,912号室,4DK,76,14,199700,4000,2か月,['近居割'],随時,https://www.ur-net.go.jp/chintai/kanto/saitama/50_2890_room.html?JKSS=000000912,<li>JR京浜東北線「川口」駅 徒歩2分</li>
saitama,ageo,パークタウン若宮,91400,JR高崎線「桶川」駅,5.0,9.0,,,,桶川市若宮1-8,28号棟,鉄筋コンクリート造,5,N,504号室,3LDK,79,5,88200,3200,2か月,['近居割'],2026年10月6日以降,https://www.ur-net.go.jp/chintai/kanto/saitama/50_2160_room.html?JKSS=000280504,<li>JR高崎線「桶川」駅 徒歩5～9分</li><li>JR高崎線「北本」駅 徒歩60～65分</li><li>JR高崎線「北上尾」駅 徒歩28～34分</li>
saitama,ageo,パークタウン若宮,91400,JR高崎線「北本」駅,60.0,65.0,,,,桶川市若宮1-8,28号棟,鉄筋コンクリート造,5,N,504号室,3LDK,79,5,88200,3200,2か月,['近居割'],2026年10月6日以降,https://www.ur-net.go.jp/chintai/kanto/saitama/50_2160_room.html?JKSS=000280504,<li>JR高崎線「桶川」駅 徒歩5～9分</li><li>JR高崎線「北本」駅 徒歩60～65分</li><li>JR高崎線「北上尾」駅 徒歩28～34分</li>
saitama,ageo,パークタウン若宮,91400,JR高崎線「北上尾」駅,28.0,34.0,,,,桶川市若宮1-8,28号棟,鉄筋コンクリート造,5,N,504号室,3LDK,79,5,88200,3200,2か月,['近居割'],2026年10月6日以降,https://www.ur-net.go.jp/chintai/kanto/saitama/50_2160_room.html?JKSS=000280504,<li>JR高崎線「桶川」駅 徒歩5～9分</li><li>JR高崎線「北本」駅 徒歩60～65分</li><li>JR高崎線「北上尾」駅 徒歩28～34分</li>
saitama,ageo,パークタウン若宮,91400,,,,,,,桶川市若宮1-8,28号棟,鉄筋コンクリート造,5,N,504号室,3LDK,79,5,88200,3200,2か月,['近居割'],2026年10月6日以降,https://www.ur-net.go.jp/chintai/kanto/saitama/50_2160_room.html?JKSS=000280504,<li>JR高崎線「桶川」駅 徒歩5～9分</li><li>JR高崎線「北本」駅 徒歩60～65分</li><li>JR高崎線「北上尾」駅 徒歩28～34分</li>
saitama,ageo,パークタウン若宮,95000,JR高崎線「桶川」駅,5.0,9.0,,,,桶川市若宮1-8,24号棟,鉄筋コンクリート造,5,N,504号室,3LDK,77,5,91800,3200,2か月,['近居割'],随時,https://www.ur-net.go.jp/chintai/kanto/saitama/50_2160_room.html?JKSS=000240504,<li>JR高崎線「桶川」駅 徒歩5～9分</li><li>JR高崎線「北本」駅 徒歩60～65分</li><li>JR高崎線「北上尾」駅 徒歩28～34分</li>
saitama,ageo,パークタウン若宮,95000,JR高崎線「北本」駅,60.0,65.0,,,,桶川市若宮1-8,24号棟,鉄筋コンクリート造,5,N,504号室,3LDK,77,5,91800,3200,2か月,['近居割'],随時,https://www.ur-net.go.jp/chintai/kanto/saitama/50_2160_room.html?JKSS=000240504,<li>JR高崎線「桶川」駅 徒歩5～9分</li><li>JR高崎線「北本」駅 徒歩60～65分</li><li>JR高崎線「北上尾」駅 徒歩28～34分</li>
saitama,ageo,パークタウン若宮,95000,JR高崎線「北上尾」駅,28.0,34.0,,,,桶川市若宮1-8,24号棟,鉄筋コンクリート造,5,N,504号室,3LDK,77,5,91800,3200,2か月,['近居割'],随時,https://www.ur-net.go.jp/chintai/kanto/saitama/50_2160_room.html?JKSS=000240504,<li>JR高崎線「桶川」駅 徒歩5～9分</li><li>JR高崎線「北本」駅 徒歩60～65分</li><li>JR高崎線「北上尾」駅 徒歩28～34分</li>
saitama,ageo,パークタウン若宮,95000,,,,,,,桶川市若宮1-8,24号棟,鉄筋コンクリート造,5,N,504号室,3LDK,77,5,91800,3200,2か月,['近居割'],随時,https://www.ur-net.go.jp/chintai/kanto/saitama/50_2160_room.html?JKSS=000240504,<li>JR高崎線「桶川」駅 徒歩5～9分</li><li>JR高崎線「北本」駅 徒歩60～65分</li><li>JR高崎線「北上尾」駅 徒歩28～34分</li>
saitama,ageo,パークタウン若宮,95900,JR高崎線「桶川」駅,5.0,9.0,,,,桶川市若宮1-8,25号棟,鉄筋コンクリート造,4,N,402号室,3LDK,82,5,92700,3200,2か月,['近居割'],随時,https://www.ur-net.go.jp/chintai/kanto/saitama/50_2160_room.html?JKSS=000250402,<li>JR高崎線「桶川」駅 徒歩5～9分</li><li>JR高崎線「北本」駅 徒歩60～65分</li><li>JR高崎線「北上尾」駅 徒歩28～34分</li>
saitama,ageo,パークタウン若宮,95900,JR高崎線「北本」駅,60.0,65.0,,,,桶川市若宮1-8,25号棟,鉄筋コンクリート造,4,N,402号室,3LDK,82,5,92700,3200,2か月,['近居割'],随時,https://www.ur-net.go.jp/chintai/kanto/saitama/50_2160_room.html?JKSS=000250402,<li>JR高崎線「桶川」駅 徒歩5～9分</li><li>JR高崎線「北本」駅 徒歩60～65分</li><li>JR高崎線「北上尾」駅 徒歩28～34分</li>
saitama,ageo,パークタウン若宮,95900,JR高崎線「北上尾」駅,28.0,34.0,,,,桶川市若宮1-8,25号棟,鉄筋コンクリート造,4,N,402号室,3LDK,82,5,92700,3200,2か月,['近居割'],随時,https://www.ur-net.go.jp/chintai/kanto/saitama/50_2160_room.html?JKSS=000250402,<li>JR高崎線「桶川」駅 徒歩5～9分</li><li>JR高崎線「北本」駅 徒歩60～65分</li><li>JR高崎線「北上尾」駅 徒歩28～34分</li>
saitama,ageo,パークタウン若宮,95900,,,,,,,桶川市若宮1-8,25号棟,鉄筋コンクリート造,4,N,402号室,3LDK,82,5,92700,3200,2か月,['近居割'],随時,https://www.ur-net.go.jp/chintai/kanto/saitama/50_2160_room.html?JKSS=000250402,<li>JR高崎線「桶川」駅 徒歩5～9分</li><li>JR高崎線「北本」駅 徒歩60～65分</li><li>JR高崎線「北上尾」駅 徒歩28～34分</li>
saitama,ageo,パークタウン若宮,96400,JR高崎線「桶川」駅,5.0,9.0,,,,桶川市若宮1-8,22号棟,鉄筋コンクリート造,5,N,502号室,3LDK,86,5,93200,3200,2か月,['近居割'],随時,https://www.ur-net.go.jp/chintai/kanto/saitama/50_2160_room.html?JKSS=000220502,<li>JR高崎線「桶川」駅 徒歩5～9分</li><li>JR高崎線「北本」駅 徒歩60～65分</li><li>JR高崎線「北上尾」駅 徒歩28～34分</li>
saitama,ageo,パークタウン若宮,96400,JR高崎線「北本」駅,60.0,65.0,,,,桶川市若宮1-8,22号棟,鉄筋コンクリート造,5,N,502号室,3LDK,86,5,93200,3200,2か月,['近居割'],随時,https://www.ur-net.go.jp/chintai/kanto/saitama/50_2160_room.html?JKSS=000220502,<li>JR高崎線「桶川」駅 徒歩5～9分</li><li>JR高崎線「北本」駅 徒歩60～65分</li><li>JR高崎線「北上尾」駅 徒歩28～34分</li>
saitama,ageo,パークタウン若宮,96400,JR高崎線「北上尾」駅,28.0,34.0,,,,桶川市若宮1-8,22号棟,鉄筋コンクリート造,5,N,502号室,3LDK,86,5,93200,3200,2か月,['近居割'],随時,https://www.ur-net.go.jp/chintai/kanto/saitama/50_2160_room.html?JKSS=000220502,<li>JR高崎線「桶川」駅 徒歩5～9分</li><li>JR高崎線「北本」駅 徒歩60～65分</li><li>JR高崎線「北上尾」駅 徒歩28～34分</li>
saitama,ageo,パークタウン若宮,96400,,,,,,,桶川市若宮1-8,22号棟,鉄筋コンクリート造,5,N,502号室,3LDK,86,5,93200,3200,2か月,['近居割'],随時,https://www.ur-net.go.jp/chintai/kanto/saitama/50_2160_room.html?JKSS=000220502,<li>JR高崎線「桶川」駅 徒歩5～9分</li><li>JR高崎線「北本」駅 徒歩60～65分</li><li>JR高崎線「北上尾」駅 徒歩28～34分</li>
saitama,ageo,パークタウン若宮,97600,JR高崎線「桶川」駅,5.0,9.0,,,,桶川市若宮1-8,22号棟,鉄筋コンクリート造,5,N,501号室,3LDK,87,5,94400,3200,2か月,['近居割'],随時,https://www.ur-net.go.jp/chintai/kanto/saitama/50_2160_room.html?JKSS=000220501,<li>JR高崎線「桶川」駅 徒歩5～9分</li><li>JR高崎線「北本」駅 徒歩60～65分</li><li>JR高崎線「北上尾」駅 徒歩28～34分</li>
saitama,ageo,パークタウン若宮,97600,JR高崎線「北本」駅,60.0,65.0,,,,桶川市若宮1-8,22号棟,鉄筋コンクリート造,5,N,501号室,3LDK,87,5,94400,3200,2か月,['近居割'],随時,https://www.ur-net.go.jp/chintai/kanto/saitama/50_2160_room.html?JKSS=000220501,<li>JR高崎線「桶川」駅 徒歩5～9分</li><li>JR高崎線「北本」駅 徒歩60～65分</li><li>JR高崎線「北上尾」駅 徒歩28～34分</li>
saitama,ageo,パークタウン若宮,97600,JR高崎線「北上尾」駅,28.0,34.0,,,,桶川市若宮1-8,22号棟,鉄筋コンクリート造,5,N,501号室,3LDK,87,5,94400,3200,2か月,['近居割'],随時,https://www.ur-net.go.jp/chintai/kanto/saitama/50_2160_room.html?JKSS=000220501,<li>JR高崎線「桶川」駅 徒歩5～9分</li><li>JR高崎線「北本」駅 徒歩60～65分</li><li>JR高崎線「北上尾」駅 徒歩28～34分</li>
saitama,ageo,パークタウン若宮,97600,,,,,,,桶川市若宮1-8,22号棟,鉄筋コンクリート造,5,N,501号室,3LDK,87,5,94400,3200,2か月,['近居割'],随時,https://www.ur-net.go.jp/chintai/kanto/saitama/50_2160_room.html?JKSS=000220501,<li>JR高崎線「桶川」駅 徒歩5～9分</li><li>JR高崎線「北本」駅 徒歩60～65分</li><li>JR高崎線「北上尾」駅 徒歩28～34分</li>
saitama,ageo,西上尾第一,46200,,,,JR高崎線「上尾」駅,6.0,15.0,上尾市小敷谷845-1,1-8号棟,鉄筋コンクリート造,5,N,503号室,1LDK,41,5,42800,3400,2か月,"['近居割', '近居割WIDE']",随時,https://www.ur-net.go.jp/chintai/kanto/saitama/50_1230_room.html?JKSS=000108503,<li>JR高崎線「上尾」駅バス5～10分 徒歩1～5分</li><li>JR高崎線「北上尾」駅 徒歩36～54分</li><li>JR京浜東北・根岸線「大宮」駅バス27分 徒歩3～15分</li>
saitama,ageo,西上尾第一,46200,JR高崎線「北上尾」駅,36.0,54.0,,,,上尾市小敷谷845-1,1-8号棟,鉄筋コンクリート造,5,N,503号室,1LDK,41,5,42800,3400,2か月,"['近居割', '近居割WIDE']",随時,https://www.ur-net.go.jp/chintai/kanto/saitama/50_1230_room.html?JKSS=000108503,<li>JR高崎線「上尾」駅バス5～10分 徒歩1～5分</li><li>JR高崎線「北上尾」駅 徒歩36～54分</li><li>JR京浜東北・根岸線「大宮」駅バス27分 徒歩3～15分</li>
saitama,ageo,西上尾第一,46200,,,,JR京浜東北・根岸線「大宮」駅,30.0,42.0,上尾市小敷谷845-1,1-8号棟,鉄筋コンクリート造,5,N,503号室,1LDK,41,5,42800,3400,2か月,"['近居割', '近居割WIDE']",随時,https://www.ur-net.go.jp/chintai/kanto/saitama/50_1230_room.html?JKSS=000108503,<li>JR高崎線「上尾」駅バス5～10分 徒歩1～5分</li><li>JR高崎線「北上尾」駅 徒歩36～54分</li><li>JR京浜東北・根岸線「大宮」駅バス27分 徒歩3～15分</li>
saitama,ageo,西上尾第一,46200,,,,,,,上尾市小敷谷845-1,1-8号棟,鉄筋コンクリート造,5,N,503号室,1LDK,41,5,42800,3400,2か月,"['近居割', '近居割WIDE']",随時,https://www.ur-net.go.jp/chintai/kanto/saitama/50_1230_room.html?JKSS=000108503,<li>JR高崎線「上尾」駅バス5～10分 徒歩1～5分</li><li>JR高崎線「北上尾」駅 徒歩36～54分</li><li>JR京浜東北・根岸線「大宮」駅バス27分 徒歩3～15分</li>
saitama,ageo,西上尾第一,59000,,,,JR高崎線「上尾」駅,6.0,15.0,上尾市小敷谷845-1,3-29号棟,鉄筋コンクリート造,3,N,306号室,3DK,52,5,55600,3400,2か月,"['近居割', '近居割WIDE']",2026年10月5日以降,https://www.ur-net.go.jp/chintai/kanto/saitama/50_1230_room.html?JKSS=000329306,<li>JR高崎線「上尾」駅バス5～10分 徒歩1～5分</li><li>JR高崎線「北上尾」駅 徒歩36～54分</li><li>JR京浜東北・根岸線「大宮」駅バス27分 徒歩3～15分</li>
saitama,ageo,西上尾第一,59000,JR高崎線「北上尾」駅,36.0,54.0,,,,上尾市小敷谷845-1,3-29号棟,鉄筋コンクリート造,3,N,306号室,3DK,52,5,55600,3400,2か月,"['近居割', '近居割WIDE']",2026年10月5日以降,https://www.ur-net.go.jp/chintai/kanto/saitama/50_1230_room.html?JKSS=000329306,<li>JR高崎線「上尾」駅バス5～10分 徒歩1～5分</li><li>JR高崎線「北上尾」駅 徒歩36～54分</li><li>JR京浜東北・根岸線「大宮」駅バス27分 徒歩3～15分</li>
saitama,ageo,西上尾第一,59000,,,,JR京浜東北・根岸線「大宮」駅,30.0,42.0,上尾市小敷谷845-1,3-29号棟,鉄筋コンクリート造,3,N,306号室,3DK,52,5,55600,3400,2か月,"['近居割', '近居割WIDE']",2026年10月5日以降,https://www.ur-net.go.jp/chintai/kanto/saitama/50_1230_room.html?JKSS=000329306,<li>JR高崎線「上尾」駅バス5～10分 徒歩1～5分</li><li>JR高崎線「北上尾」駅 徒歩36～54分</li><li>JR京浜東北・根岸線「大宮」駅バス27分 徒歩3～15分</li>
saitama,ageo,西上尾第一,59000,,,,,,,上尾市小敷谷845-1,3-29号棟,鉄筋コンクリート造,3,N,306号室,3DK,52,5,55600,3400,2か月,"['近居割', '近居割WIDE']",2026年10月5日以降,https://www.ur-net.go.jp/chintai/kanto/saitama/50_1230_room.html?JKSS=000329306,<li>JR高崎線「上尾」駅バス5～10分 徒歩1～5分</li><li>JR高崎線「北上尾」駅 徒歩36～54分</li><li>JR京浜東北・根岸線「大宮」駅バス27分 徒歩3～15分</li>
saitama,higashiomiya,原市,51400,ニューシャトル伊奈線「原市」駅,10.0,18.0,,,,上尾市大字原市3336,4-18号棟,鉄筋コンクリート造,3,N,307号室,3K,45,5,47700,3700,2か月,"['近居割', '近居割WIDE']",2026年10月5日以降,https://www.ur-net.go.jp/chintai/kanto/saitama/50_1090_room.html?JKSS=000418307,<li>ニューシャトル伊奈線「原市」駅 徒歩10～18分</li><li>ニューシャトル伊奈線「沼南」駅 徒歩9～19分</li><li>JR東北本線「東大宮」駅バス7～11分 徒歩1～7分</li>
saitama,higashiomiya,原市,51400,ニューシャトル伊奈線「沼南」駅,9.0,19.0,,,,上尾市大字原市3336,4-18号棟,鉄筋コンクリート造,3,N,307号室,3K,45,5,47700,3700,2か月,"['近居割', '近居割WIDE']",2026年10月5日以降,https://www.ur-net.go.jp/chintai/kanto/saitama/50_1090_room.html?JKSS=000418307,<li>ニューシャトル伊奈線「原市」駅 徒歩10～18分</li><li>ニューシャトル伊奈線「沼南」駅 徒歩9～19分</li><li>JR東北本線「東大宮」駅バス7～11分 徒歩1～7分</li>
saitama,higashiomiya,原市,51400,,,,JR東北本線「東大宮」駅,8.0,18.0,上尾市大字原市3336,4-18号棟,鉄筋コンクリート造,3,N,307号室,3K,45,5,47700,3700,2か月,"['近居割', '近居割WIDE']",2026年10月5日以降,https://www.ur-net.go.jp/chintai/kanto/saitama/50_1090_room.html?JKSS=000418307,<li>ニューシャトル伊奈線「原市」駅 徒歩10～18分</li><li>ニューシャトル伊奈線「沼南」駅 徒歩9～19分</li><li>JR東北本線「東大宮」駅バス7～11分 徒歩1～7分</li>
saitama,higashiomiya,原市,51400,,,,,,,上尾市大字原市3336,4-18号棟,鉄筋コンクリート造,3,N,307号室,3K,45,5,47700,3700,2か月,"['近居割', '近居割WIDE']",2026年10月5日以降,https://www.ur-net.go.jp/chintai/kanto/saitama/50_1090_room.html?JKSS=000418307,<li>ニューシャトル伊奈線「原市」駅 徒歩10～18分</li><li>ニューシャトル伊奈線「沼南」駅 徒歩9～19分</li><li>JR東北本線「東大宮」駅バス7～11分 徒歩1～7分</li>
saitama,higashiomiya,原市,55600,ニューシャトル伊奈線「原市」駅,10.0,18.0,,,,上尾市大字原市3336,2-10号棟,鉄筋コンクリート造,3,N,301号室,3K,48,5,51900,3700,2か月,"['近居割', '近居割WIDE']",2026年10月8日以降,https://www.ur-net.go.jp/chintai/kanto/saitama/50_1090_room.html?JKSS=000210301,<li>ニューシャトル伊奈線「原市」駅 徒歩10～18分</li><li>ニューシャトル伊奈線「沼南」駅 徒歩9～19分</li><li>JR東北本線「東大宮」駅バス7～11分 徒歩1～7分</li>
saitama,higashiomiya,原市,55600,ニューシャトル伊奈線「沼南」駅,9.0,19.0,,,,上尾市大字原市3336,2-10号棟,鉄筋コンクリート造,3,N,301号室,3K,48,5,51900,3700,2か月,"['近居割', '近居割WIDE']",2026年10月8日以降,https://www.ur-net.go.jp/chintai/kanto/saitama/50_1090_room.html?JKSS=000210301,<li>ニューシャトル伊奈線「原市」駅 徒歩10～18分</li><li>ニューシャトル伊奈線「沼南」駅 徒歩9～19分</li><li>JR東北本線「東大宮」駅バス7～11分 徒歩1～7分</li>
saitama,higashiomiya,原市,55600,,,,JR東北本線「東大宮」駅,8.0,18.0,上尾市大字原市3336,2-10号棟,鉄筋コンクリート造,3,N,301号室,3K,48,5,51900,3700,2か月,"['近居割', '近居割WIDE']",2026年10月8日以降,https://www.ur-net.go.jp/chintai/kanto/saitama/50_1090_room.html?JKSS=000210301,<li>ニューシャトル伊奈線「原市」駅 徒歩10～18分</li><li>ニューシャトル伊奈線「沼南」駅 徒歩9～19分</li><li>JR東北本線「東大宮」駅バス7～11分 徒歩1～7分</li>
saitama,higashiomiya,原市,55600,,,,,,,上尾市大字原市3336,2-10号棟,鉄筋コンクリート造,3,N,301号室,3K,48,5,51900,3700,2か月,"['近居割', '近居割WIDE']",2026年10月8日以降,https://www.ur-net.go.jp/chintai/kanto/saitama/50_1090_room.html?JKSS=000210301,<li>ニューシャトル伊奈線「原市」駅 徒歩10～18分</li><li>ニューシャトル伊奈線「沼南」駅 徒歩9～19分</li><li>JR東北本線「東大宮」駅バス7～11分 徒歩1～7分</li>
saitama,ageo,西上尾第二,52500,,,,JR高崎線「上尾」駅,14.0,20.0,上尾市小敷谷77-1,2-31号棟,鉄筋コンクリート造,4,N,401号室,3K,48,5,49500,3000,2か月,"['近居割', '近居割WIDE']",2026年10月5日以降,https://www.ur-net.go.jp/chintai/kanto/saitama/50_1270_room.html?JKSS=000231401,<li>JR高崎線「上尾」駅バス13分 徒歩1～7分</li><li>JR高崎線「北上尾」駅 徒歩55～65分</li><li>JR京浜東北・根岸線「大宮」駅バス22～25分 徒歩3～15分</li>
saitama,ageo,西上尾第二,52500,JR高崎線「北上尾」駅,55.0,65.0,,,,上尾市小敷谷77-1,2-31号棟,鉄筋コンクリート造,4,N,401号室,3K,48,5,49500,3000,2か月,"['近居割', '近居割WIDE']",2026年10月5日以降,https://www.ur-net.go.jp/chintai/kanto/saitama/50_1270_room.html?JKSS=000231401,<li>JR高崎線「上尾」駅バス13分 徒歩1～7分</li><li>JR高崎線「北上尾」駅 徒歩55～65分</li><li>JR京浜東北・根岸線「大宮」駅バス22～25分 徒歩3～15分</li>
saitama,ageo,西上尾第二,52500,,,,JR京浜東北・根岸線「大宮」駅,25.0,40.0,上尾市小敷谷77-1,2-31号棟,鉄筋コンクリート造,4,N,401号室,3K,48,5,49500,3000,2か月,"['近居割', '近居割WIDE']",2026年10月5日以降,https://www.ur-net.go.jp/chintai/kanto/saitama/50_1270_room.html?JKSS=000231401,<li>JR高崎線「上尾」駅バス13分 徒歩1～7分</li><li>JR高崎線「北上尾」駅 徒歩55～65分</li><li>JR京浜東北・根岸線「大宮」駅バス22～25分 徒歩3～15分</li>
saitama,ageo,西上尾第二,52500,,,,,,,上尾市小敷谷77-1,2-31号棟,鉄筋コンクリート造,4,N,401号室,3K,48,5,49500,3000,2か月,"['近居割', '近居割WIDE']",2026年10月5日以降,https://www.ur-net.go.jp/chintai/kanto/saitama/50_1270_room.html?JKSS=000231401,<li>JR高崎線「上尾」駅バス13分 徒歩1～7分</li><li>JR高崎線「北上尾」駅 徒歩55～65分</li><li>JR京浜東北・根岸線「大宮」駅バス22～25分 徒歩3～15分</li>
saitama,ageo,西上尾第二,53400,,,,JR高崎線「上尾」駅,14.0,20.0,上尾市小敷谷77-1,1-29号棟,鉄筋コンクリート造,5,N,510号室,3DK,52,5,50400,3000,2か月,"['近居割', '近居割WIDE']",2026年10月9日以降,https://www.ur-net.go.jp/chintai/kanto/saitama/50_1270_room.html?JKSS=000129510,<li>JR高崎線「上尾」駅バス13分 徒歩1～7分</li><li>JR高崎線「北上尾」駅 徒歩55～65分</li><li>JR京浜東北・根岸線「大宮」駅バス22～25分 徒歩3～15分</li>
saitama,ageo,西上尾第二,53400,JR高崎線「北上尾」駅,55.0,65.0,,,,上尾市小敷谷77-1,1-29号棟,鉄筋コンクリート造,5,N,510号室,3DK,52,5,50400,3000,2か月,"['近居割', '近居割WIDE']",2026年10月9日以降,https://www.ur-net.go.jp/chintai/kanto/saitama/50_1270_room.html?JKSS=000129510,<li>JR高崎線「上尾」駅バス13分 徒歩1～7分</li><li>JR高崎線「北上尾」駅 徒歩55～65分</li><li>JR京浜東北・根岸線「大宮」駅バス22～25分 徒歩3～15分</li>
saitama,ageo,西上尾第二,53400,,,,JR京浜東北・根岸線「大宮」駅,25.0,40.0,上尾市小敷谷77-1,1-29号棟,鉄筋コンクリート造,5,N,510号室,3DK,52,5,50400,3000,2か月,"['近居割', '近居割WIDE']",2026年10月9日以降,https://www.ur-net.go.jp/chintai/kanto/saitama/50_1270_room.html?JKSS=000129510,<li>JR高崎線「上尾」駅バス13分 徒歩1～7分</li><li>JR高崎線「北上尾」駅 徒歩55～65分</li><li>JR京浜東北・根岸線「大宮」駅バス22～25分 徒歩3～15分</li>
saitama,ageo,西上尾第二,53400,,,,,,,上尾市小敷谷77-1,1-29号棟,鉄筋コンクリート造,5,N,510号室,3DK,52,5,50400,3000,2か月,"['近居割', '近居割WIDE']",2026年10月9日以降,https://www.ur-net.go.jp/chintai/kanto/saitama/50_1270_room.html?JKSS=000129510,<li>JR高崎線「上尾」駅バス13分 徒歩1～7分</li><li>JR高崎線「北上尾」駅 徒歩55～65分</li><li>JR京浜東北・根岸線「大宮」駅バス22～25分 徒歩3～15分</li>
saitama,ageo,北本,47900,,,,JR高崎線「北本」駅,5.0,17.0,北本市栄7,1-17号棟,鉄筋コンクリート造,5,N,507号室,3K,52,5,44100,3800,2か月,"['近居割', '近居割WIDE']",随時,https://www.ur-net.go.jp/chintai/kanto/saitama/50_1400_room.html?JKSS=000117507,<li>JR高崎線「北本」駅バス4～12分 徒歩1～5分</li><li>JR高崎線「桶川」駅 徒歩30～57分</li><li>JR高崎線「鴻巣」駅 徒歩45～79分</li>
saitama,ageo,北本,47900,JR高崎線「桶川」駅,30.0,57.0,,,,北本市栄7,1-17号棟,鉄筋コンクリート造,5,N,507号室,3K,52,5,44100,3800,2か月,"['近居割', '近居割WIDE']",随時,https://www.ur-net.go.jp/chintai/kanto/saitama/50_1400_room.html?JKSS=000117507,<li>JR高崎線「北本」駅バス4～12分 徒歩1～5分</li><li>JR高崎線「桶川」駅 徒歩30～57分</li><li>JR高崎線「鴻巣」駅 徒歩45～79分</li>
saitama,ageo,北本,47900,JR高崎線「鴻巣」駅,45.0,79.0,,,,北本市栄7,1-17号棟,鉄筋コンクリート造,5,N,507号室,3K,52,5,44100,3800,2か月,"['近居割', '近居割WIDE']",随時,https://www.ur-net.go.jp/chintai/kanto/saitama/50_1400_room.html?JKSS=000117507,<li>JR高崎線「北本」駅バス4～12分 徒歩1～5分</li><li>JR高崎線「桶川」駅 徒歩30～57分</li><li>JR高崎線「鴻巣」駅 徒歩45～79分</li>
saitama,ageo,北本,47900,,,,,,,北本市栄7,1-17号棟,鉄筋コンクリート造,5,N,507号室,3K,52,5,44100,3800,2か月,"['近居割', '近居割WIDE']",随時,https://www.ur-net.go.jp/chintai/kanto/saitama/50_1400_room.html?JKSS=000117507,<li>JR高崎線「北本」駅バス4～12分 徒歩1～5分</li><li>JR高崎線「桶川」駅 徒歩30～57分</li><li>JR高崎線「鴻巣」駅 徒歩45～79分</li>
saitama,ageo,北本,47900,,,,JR高崎線「北本」駅,5.0,17.0,北本市栄7,3-7号棟,鉄筋コンクリート造,5,N,501号室,3K,52,5,44100,3800,2か月,"['近居割', '近居割WIDE']",随時,https://www.ur-net.go.jp/chintai/kanto/saitama/50_1400_room.html?JKSS=000307501,<li>JR高崎線「北本」駅バス4～12分 徒歩1～5分</li><li>JR高崎線「桶川」駅 徒歩30～57分</li><li>JR高崎線「鴻巣」駅 徒歩45～79分</li>
saitama,ageo,北本,47900,JR高崎線「桶川」駅,30.0,57.0,,,,北本市栄7,3-7号棟,鉄筋コンクリート造,5,N,501号室,3K,52,5,44100,3800,2か月,"['近居割', '近居割WIDE']",随時,https://www.ur-net.go.jp/chintai/kanto/saitama/50_1400_room.html?JKSS=000307501,<li>JR高崎線「北本」駅バス4～12分 徒歩1～5分</li><li>JR高崎線「桶川」駅 徒歩30～57分</li><li>JR高崎線「鴻巣」駅 徒歩45～79分</li>
saitama,ageo,北本,47900,JR高崎線「鴻巣」駅,45.0,79.0,,,,北本市栄7,3-7号棟,鉄筋コンクリート造,5,N,501号室,3K,52,5,44100,3800,2か月,"['近居割', '近居割WIDE']",随時,https://www.ur-net.go.jp/chintai/kanto/saitama/50_1400_room.html?JKSS=000307501,<li>JR高崎線「北本」駅バス4～12分 徒歩1～5分</li><li>JR高崎線「桶川」駅 徒歩30～57分</li><li>JR高崎線「鴻巣」駅 徒歩45～79分</li>
saitama,ageo,北本,47900,,,,,,,北本市栄7,3-7号棟,鉄筋コンクリート造,5,N,501号室,3K,52,5,44100,3800,2か月,"['近居割', '近居割WIDE']",随時,https://www.ur-net.go.jp/chintai/kanto/saitama/50_1400_room.html?JKSS=000307501,<li>JR高崎線「北本」駅バス4～12分 徒歩1～5分</li><li>JR高崎線「桶川」駅 徒歩30～57分</li><li>JR高崎線「鴻巣」駅 徒歩45～79分</li>
saitama,ageo,北本,49700,,,,JR高崎線「北本」駅,5.0,17.0,北本市栄7,2-10号棟,鉄筋コンクリート造,5,N,503号室,3DK,54,5,45900,3800,2か月,"['近居割', '近居割WIDE']",随時,https://www.ur-net.go.jp/chintai/kanto/saitama/50_1400_room.html?JKSS=000210503,<li>JR高崎線「北本」駅バス4～12分 徒歩1～5分</li><li>JR高崎線「桶川」駅 徒歩30～57分</li><li>JR高崎線「鴻巣」駅 徒歩45～79分</li>
saitama,ageo,北本,49700,JR高崎線「桶川」駅,30.0,57.0,,,,北本市栄7,2-10号棟,鉄筋コンクリート造,5,N,503号室,3DK,54,5,45900,3800,2か月,"['近居割', '近居割WIDE']",随時,https://www.ur-net.go.jp/chintai/kanto/saitama/50_1400_room.html?JKSS=000210503,<li>JR高崎線「北本」駅バス4～12分 徒歩1～5分</li><li>JR高崎線「桶川」駅 徒歩30～57分</li><li>JR高崎線「鴻巣」駅 徒歩45～79分</li>
saitama,ageo,北本,49700,JR高崎線「鴻巣」駅,45.0,79.0,,,,北本市栄7,2-10号棟,鉄筋コンクリート造,5,N,503号室,3DK,54,5,45900,3800,2か月,"['近居割', '近居割WIDE']",随時,https://www.ur-net.go.jp/chintai/kanto/saitama/50_1400_room.html?JKSS=000210503,<li>JR高崎線「北本」駅バス4～12分 徒歩1～5分</li><li>JR高崎線「桶川」駅 徒歩30～57分</li><li>JR高崎線「鴻巣」駅 徒歩45～79分</li>
saitama,ageo,北本,49700,,,,,,,北本市栄7,2-10号棟,鉄筋コンクリート造,5,N,503号室,3DK,54,5,45900,3800,2か月,"['近居割', '近居割WIDE']",随時,https://www.ur-net.go.jp/chintai/kanto/saitama/50_1400_room.html?JKSS=000210503,<li>JR高崎線「北本」駅バス4～12分 徒歩1～5分</li><li>JR高崎線「桶川」駅 徒歩30～57分</li><li>JR高崎線「鴻巣」駅 徒歩45～79分</li>
saitama,ageo,北本,49700,,,,JR高崎線「北本」駅,5.0,17.0,北本市栄7,2-16号棟,鉄筋コンクリート造,5,N,501号室,3DK,54,5,45900,3800,2か月,"['近居割', '近居割WIDE']",随時,https://www.ur-net.go.jp/chintai/kanto/saitama/50_1400_room.html?JKSS=000216501,<li>JR高崎線「北本」駅バス4～12分 徒歩1～5分</li><li>JR高崎線「桶川」駅 徒歩30～57分</li><li>JR高崎線「鴻巣」駅 徒歩45～79分</li>
saitama,ageo,北本,49700,JR高崎線「桶川」駅,30.0,57.0,,,,北本市栄7,2-16号棟,鉄筋コンクリート造,5,N,501号室,3DK,54,5,45900,3800,2か月,"['近居割', '近居割WIDE']",随時,https://www.ur-net.go.jp/chintai/kanto/saitama/50_1400_room.html?JKSS=000216501,<li>JR高崎線「北本」駅バス4～12分 徒歩1～5分</li><li>JR高崎線「桶川」駅 徒歩30～57分</li><li>JR高崎線「鴻巣」駅 徒歩45～79分</li>
saitama,ageo,北本,49700,JR高崎線「鴻巣」駅,45.0,79.0,,,,北本市栄7,2-16号棟,鉄筋コンクリート造,5,N,501号室,3DK,54,5,45900,3800,2か月,"['近居割', '近居割WIDE']",随時,https://www.ur-net.go.jp/chintai/kanto/saitama/50_1400_room.html?JKSS=000216501,<li>JR高崎線「北本」駅バス4～12分 徒歩1～5分</li><li>JR高崎線「桶川」駅 徒歩30～57分</li><li>JR高崎線「鴻巣」駅 徒歩45～79分</li>
saitama,ageo,北本,49700,,,,,,,北本市栄7,2-16号棟,鉄筋コンクリート造,5,N,501号室,3DK,54,5,45900,3800,2か月,"['近居割', '近居割WIDE']",随時,https://www.ur-net.go.jp/chintai/kanto/saitama/50_1400_room.html?JKSS=000216501,<li>JR高崎線「北本」駅バス4～12分 徒歩1～5分</li><li>JR高崎線「桶川」駅 徒歩30～57分</li><li>JR高崎線「鴻巣」駅 徒歩45～79分</li>
saitama,ageo,北本,49700,,,,JR高崎線「北本」駅,5.0,17.0,北本市栄7,3-5号棟,鉄筋コンクリート造,5,N,508号室,3DK,54,5,45900,3800,2か月,"['近居割', '近居割WIDE']",2026年10月9日以降,https://www.ur-net.go.jp/chintai/kanto/saitama/50_1400_room.html?JKSS=000305508,<li>JR高崎線「北本」駅バス4～12分 徒歩1～5分</li><li>JR高崎線「桶川」駅 徒歩30～57分</li><li>JR高崎線「鴻巣」駅 徒歩45～79分</li>
saitama,ageo,北本,49700,JR高崎線「桶川」駅,30.0,57.0,,,,北本市栄7,3-5号棟,鉄筋コンクリート造,5,N,508号室,3DK,54,5,45900,3800,2か月,"['近居割', '近居割WIDE']",2026年10月9日以降,https://www.ur-net.go.jp/chintai/kanto/saitama/50_1400_room.html?JKSS=000305508,<li>JR高崎線「北本」駅バス4～12分 徒歩1～5分</li><li>JR高崎線「桶川」駅 徒歩30～57分</li><li>JR高崎線「鴻巣」駅 徒歩45～79分</li>
saitama,ageo,北本,49700,JR高崎線「鴻巣」駅,45.0,79.0,,,,北本市栄7,3-5号棟,鉄筋コンクリート造,5,N,508号室,3DK,54,5,45900,3800,2か月,"['近居割', '近居割WIDE']",2026年10月9日以降,https://www.ur-net.go.jp/chintai/kanto/saitama/50_1400_room.html?JKSS=000305508,<li>JR高崎線「北本」駅バス4～12分 徒歩1～5分</li><li>JR高崎線「桶川」駅 徒歩30～57分</li><li>JR高崎線「鴻巣」駅 徒歩45～79分</li>
saitama,ageo,北本,49700,,,,,,,北本市栄7,3-5号棟,鉄筋コンクリート造,5,N,508号室,3DK,54,5,45900,3800,2か月,"['近居割', '近居割WIDE']",2026年10月9日以降,https://www.ur-net.go.jp/chintai/kanto/saitama/50_1400_room.html?JKSS=000305508,<li>JR高崎線「北本」駅バス4～12分 徒歩1～5分</li><li>JR高崎線「桶川」駅 徒歩30～57分</li><li>JR高崎線「鴻巣」駅 徒歩45～79分</li>
saitama,tokorozawa,所沢パークタウン並木通り,74300,,,,西武新宿線「航空公園」駅,10.0,12.0,所沢市並木8-1,5号棟,鉄骨鉄筋コンクリート造,11,N,1111号室,2DK,48,11,69800,4500,2か月,"['近居割', '近居割WIDE']",随時,https://www.ur-net.go.jp/chintai/kanto/saitama/50_1980_room.html?JKSS=000051111,<li>西武新宿線「航空公園」駅バス8分 徒歩2～4分</li><li>西武新宿線「所沢」駅バス10分 徒歩3～5分</li><li>西武新宿線「新所沢」駅 徒歩36～38分</li>
saitama,tokorozawa,所沢パークタウン並木通り,74300,,,,西武新宿線「所沢」駅,13.0,15.0,所沢市並木8-1,5号棟,鉄骨鉄筋コンクリート造,11,N,1111号室,2DK,48,11,69800,4500,2か月,"['近居割', '近居割WIDE']",随時,https://www.ur-net.go.jp/chintai/kanto/saitama/50_1980_room.html?JKSS=000051111,<li>西武新宿線「航空公園」駅バス8分 徒歩2～4分</li><li>西武新宿線「所沢」駅バス10分 徒歩3～5分</li><li>西武新宿線「新所沢」駅 徒歩36～38分</li>
saitama,tokorozawa,所沢パークタウン並木通り,74300,西武新宿線「新所沢」駅,36.0,38.0,,,,所沢市並木8-1,5号棟,鉄骨鉄筋コンクリート造,11,N,1111号室,2DK,48,11,69800,4500,2か月,"['近居割', '近居割WIDE']",随時,https://www.ur-net.go.jp/chintai/kanto/saitama/50_1980_room.html?JKSS=000051111,<li>西武新宿線「航空公園」駅バス8分 徒歩2～4分</li><li>西武新宿線「所沢」駅バス10分 徒歩3～5分</li><li>西武新宿線「新所沢」駅 徒歩36～38分</li>
saitama,tokorozawa,所沢パークタウン並木通り,74300,,,,,,,所沢市並木8-1,5号棟,鉄骨鉄筋コンクリート造,11,N,1111号室,2DK,48,11,69800,4500,2か月,"['近居割', '近居割WIDE']",随時,https://www.ur-net.go.jp/chintai/kanto/saitama/50_1980_room.html?JKSS=000051111,<li>西武新宿線「航空公園」駅バス8分 徒歩2～4分</li><li>西武新宿線「所沢」駅バス10分 徒歩3～5分</li><li>西武新宿線「新所沢」駅 徒歩36～38分</li>
saitama,tokorozawa,所沢パークタウン並木通り,74400,,,,西武新宿線「航空公園」駅,10.0,12.0,所沢市並木8-1,2号棟,鉄骨鉄筋コンクリート造,8,N,811号室,2DK,48,14,69900,4500,2か月,"['近居割', '近居割WIDE']",随時,https://www.ur-net.go.jp/chintai/kanto/saitama/50_1980_room.html?JKSS=000020811,<li>西武新宿線「航空公園」駅バス8分 徒歩2～4分</li><li>西武新宿線「所沢」駅バス10分 徒歩3～5分</li><li>西武新宿線「新所沢」駅 徒歩36～38分</li>
saitama,tokorozawa,所沢パークタウン並木通り,74400,,,,西武新宿線「所沢」駅,13.0,15.0,所沢市並木8-1,2号棟,鉄骨鉄筋コンクリート造,8,N,811号室,2DK,48,14,69900,4500,2か月,"['近居割', '近居割WIDE']",随時,https://www.ur-net.go.jp/chintai/kanto/saitama/50_1980_room.html?JKSS=000020811,<li>西武新宿線「航空公園」駅バス8分 徒歩2～4分</li><li>西武新宿線「所沢」駅バス10分 徒歩3～5分</li><li>西武新宿線「新所沢」駅 徒歩36～38分</li>
saitama,tokorozawa,所沢パークタウン並木通り,74400,西武新宿線「新所沢」駅,36.0,38.0,,,,所沢市並木8-1,2号棟,鉄骨鉄筋コンクリート造,8,N,811号室,2DK,48,14,69900,4500,2か月,"['近居割', '近居割WIDE']",随時,https://www.ur-net.go.jp/chintai/kanto/saitama/50_1980_room.html?JKSS=000020811,<li>西武新宿線「航空公園」駅バス8分 徒歩2～4分</li><li>西武新宿線「所沢」駅バス10分 徒歩3～5分</li><li>西武新宿線「新所沢」駅 徒歩36～38分</li>
saitama,tokorozawa,所沢パークタウン並木通り,74400,,,,,,,所沢市並木8-1,2号棟,鉄骨鉄筋コンクリート造,8,N,811号室,2DK,48,14,69900,4500,2か月,"['近居割', '近居割WIDE']",随時,https://www.ur-net.go.jp/chintai/kanto/saitama/50_1980_room.html?JKSS=000020811,<li>西武新宿線「航空公園」駅バス8分 徒歩2～4分</li><li>西武新宿線「所沢」駅バス10分 徒歩3～5分</li><li>西武新宿線「新所沢」駅 徒歩36～38分</li>
saitama,tokorozawa,所沢パークタウン並木通り,75700,,,,西武新宿線「航空公園」駅,10.0,12.0,所沢市並木8-1,1号棟,鉄骨鉄筋コンクリート造,2,N,201号室,2DK,49,14,71200,4500,2か月,"['近居割', '近居割WIDE']",随時,https://www.ur-net.go.jp/chintai/kanto/saitama/50_1980_room.html?JKSS=000010201,<li>西武新宿線「航空公園」駅バス8分 徒歩2～4分</li><li>西武新宿線「所沢」駅バス10分 徒歩3～5分</li><li>西武新宿線「新所沢」駅 徒歩36～38分</li>
saitama,tokorozawa,所沢パークタウン並木通り,75700,,,,西武新宿線「所沢」駅,13.0,15.0,所沢市並木8-1,1号棟,鉄骨鉄筋コンクリート造,2,N,201号室,2DK,49,14,71200,4500,2か月,"['近居割', '近居割WIDE']",随時,https://www.ur-net.go.jp/chintai/kanto/saitama/50_1980_room.html?JKSS=000010201,<li>西武新宿線「航空公園」駅バス8分 徒歩2～4分</li><li>西武新宿線「所沢」駅バス10分 徒歩3～5分</li><li>西武新宿線「新所沢」駅 徒歩36～38分</li>
saitama,tokorozawa,所沢パークタウン並木通り,75700,西武新宿線「新所沢」駅,36.0,38.0,,,,所沢市並木8-1,1号棟,鉄骨鉄筋コンクリート造,2,N,201号室,2DK,49,14,71200,4500,2か月,"['近居割', '近居割WIDE']",随時,https://www.ur-net.go.jp/chintai/kanto/saitama/50_1980_room.html?JKSS=000010201,<li>西武新宿線「航空公園」駅バス8分 徒歩2～4分</li><li>西武新宿線「所沢」駅バス10分 徒歩3～5分</li><li>西武新宿線「新所沢」駅 徒歩36～38分</li>
saitama,tokorozawa,所沢パークタウン並木通り,75700,,,,,,,所沢市並木8-1,1号棟,鉄骨鉄筋コンクリート造,2,N,201号室,2DK,49,14,71200,4500,2か月,"['近居割', '近居割WIDE']",随時,https://www.ur-net.go.jp/chintai/kanto/saitama/50_1980_room.html?JKSS=000010201,<li>西武新宿線「航空公園」駅バス8分 徒歩2～4分</li><li>西武新宿線「所沢」駅バス10分 徒歩3～5分</li><li>西武新宿線「新所沢」駅 徒歩36～38分</li>
saitama,tokorozawa,所沢パークタウン並木通り,99800,,,,西武新宿線「航空公園」駅,10.0,12.0,所沢市並木8-1,6号棟,鉄骨鉄筋コンクリート造,11,N,1106号室,3DK,65,11,95300,4500,2か月,"['近居割', '近居割WIDE']",随時,https://www.ur-net.go.jp/chintai/kanto/saitama/50_1980_room.html?JKSS=000061106,<li>西武新宿線「航空公園」駅バス8分 徒歩2～4分</li><li>西武新宿線「所沢」駅バス10分 徒歩3～5分</li><li>西武新宿線「新所沢」駅 徒歩36～38分</li>
saitama,tokorozawa,所沢パークタウン並木通り,99800,,,,西武新宿線「所沢」駅,13.0,15.0,所沢市並木8-1,6号棟,鉄骨鉄筋コンクリート造,11,N,1106号室,3DK,65,11,95300,4500,2か月,"['近居割', '近居割WIDE']",随時,https://www.ur-net.go.jp/chintai/kanto/saitama/50_1980_room.html?JKSS=000061106,<li>西武新宿線「航空公園」駅バス8分 徒歩2～4分</li><li>西武新宿線「所沢」駅バス10分 徒歩3～5分</li><li>西武新宿線「新所沢」駅 徒歩36～38分</li>
saitama,tokorozawa,所沢パークタウン並木通り,99800,西武新宿線「新所沢」駅,36.0,38.0,,,,所沢市並木8-1,6号棟,鉄骨鉄筋コンクリート造,11,N,1106号室,3DK,65,11,95300,4500,2か月,"['近居割', '近居割WIDE']",随時,https://www.ur-net.go.jp/chintai/kanto/saitama/50_1980_room.html?JKSS=000061106,<li>西武新宿線「航空公園」駅バス8分 徒歩2～4分</li><li>西武新宿線「所沢」駅バス10分 徒歩3～5分</li><li>西武新宿線「新所沢」駅 徒歩36～38分</li>
saitama,tokorozawa,所沢パークタウン並木通り,99800,,,,,,,所沢市並木8-1,6号棟,鉄骨鉄筋コンクリート造,11,N,1106号室,3DK,65,11,95300,4500,2か月,"['近居割', '近居割WIDE']",随時,https://www.ur-net.go.jp/chintai/kanto/saitama/50_1980_room.html?JKSS=000061106,<li>西武新宿線「航空公園」駅バス8分 徒歩2～4分</li><li>西武新宿線「所沢」駅バス10分 徒歩3～5分</li><li>西武新宿線「新所沢」駅 徒歩36～38分</li>
saitama,tokorozawa,所沢パークタウン駅前通り,83000,西武新宿線「航空公園」駅,4.0,9.0,,,,所沢市並木3-1,11号棟,鉄筋コンクリート造、鉄骨鉄筋コンクリート造,8,N,813号室,2DK,51,10,79800,3200,2か月,"['近居割', '近居割WIDE']",随時,https://www.ur-net.go.jp/chintai/kanto/saitama/50_1910_room.html?JKSS=000110813,<li>西武新宿線「航空公園」駅 徒歩4～9分</li><li>西武新宿線「新所沢」駅 徒歩20～25分</li><li>西武池袋線「所沢」駅 徒歩22～25分</li>
saitama,tokorozawa,所沢パークタウン駅前通り,83000,西武新宿線「新所沢」駅,20.0,25.0,,,,所沢市並木3-1,11号棟,鉄筋コンクリート造、鉄骨鉄筋コンクリート造,8,N,813号室,2DK,51,10,79800,3200,2か月,"['近居割', '近居割WIDE']",随時,https://www.ur-net.go.jp/chintai/kanto/saitama/50_1910_room.html?JKSS=000110813,<li>西武新宿線「航空公園」駅 徒歩4～9分</li><li>西武新宿線「新所沢」駅 徒歩20～25分</li><li>西武池袋線「所沢」駅 徒歩22～25分</li>
saitama,tokorozawa,所沢パークタウン駅前通り,83000,西武池袋線「所沢」駅,22.0,25.0,,,,所沢市並木3-1,11号棟,鉄筋コンクリート造、鉄骨鉄筋コンクリート造,8,N,813号室,2DK,51,10,79800,3200,2か月,"['近居割', '近居割WIDE']",随時,https://www.ur-net.go.jp/chintai/kanto/saitama/50_1910_room.html?JKSS=000110813,<li>西武新宿線「航空公園」駅 徒歩4～9分</li><li>西武新宿線「新所沢」駅 徒歩20～25分</li><li>西武池袋線「所沢」駅 徒歩22～25分</li>
saitama,tokorozawa,所沢パークタウン駅前通り,83000,,,,,,,所沢市並木3-1,11号棟,鉄筋コンクリート造、鉄骨鉄筋コンクリート造,8,N,813号室,2DK,51,10,79800,3200,2か月,"['近居割', '近居割WIDE']",随時,https://www.ur-net.go.jp/chintai/kanto/saitama/50_1910_room.html?JKSS=000110813,<li>西武新宿線「航空公園」駅 徒歩4～9分</li><li>西武新宿線「新所沢」駅 徒歩20～25分</li><li>西武池袋線「所沢」駅 徒歩22～25分</li>
saitama,tokorozawa,所沢パークタウン駅前通り,83400,西武新宿線「航空公園」駅,4.0,9.0,,,,所沢市並木3-1,7号棟,鉄筋コンクリート造、鉄骨鉄筋コンクリート造,4,N,404号室,2LDK,58,5,80200,3200,2か月,"['近居割', '近居割WIDE']",随時,https://www.ur-net.go.jp/chintai/kanto/saitama/50_1910_room.html?JKSS=000070404,<li>西武新宿線「航空公園」駅 徒歩4～9分</li><li>西武新宿線「新所沢」駅 徒歩20～25分</li><li>西武池袋線「所沢」駅 徒歩22～25分</li>
saitama,tokorozawa,所沢パークタウン駅前通り,83400,西武新宿線「新所沢」駅,20.0,25.0,,,,所沢市並木3-1,7号棟,鉄筋コンクリート造、鉄骨鉄筋コンクリート造,4,N,404号室,2LDK,58,5,80200,3200,2か月,"['近居割', '近居割WIDE']",随時,https://www.ur-net.go.jp/chintai/kanto/saitama/50_1910_room.html?JKSS=000070404,<li>西武新宿線「航空公園」駅 徒歩4～9分</li><li>西武新宿線「新所沢」駅 徒歩20～25分</li><li>西武池袋線「所沢」駅 徒歩22～25分</li>
saitama,tokorozawa,所沢パークタウン駅前通り,83400,西武池袋線「所沢」駅,22.0,25.0,,,,所沢市並木3-1,7号棟,鉄筋コンクリート造、鉄骨鉄筋コンクリート造,4,N,404号室,2LDK,58,5,80200,3200,2か月,"['近居割', '近居割WIDE']",随時,https://www.ur-net.go.jp/chintai/kanto/saitama/50_1910_room.html?JKSS=000070404,<li>西武新宿線「航空公園」駅 徒歩4～9分</li><li>西武新宿線「新所沢」駅 徒歩20～25分</li><li>西武池袋線「所沢」駅 徒歩22～25分</li>
saitama,tokorozawa,所沢パークタウン駅前通り,83400,,,,,,,所沢市並木3-1,7号棟,鉄筋コンクリート造、鉄骨鉄筋コンクリート造,4,N,404号室,2LDK,58,5,80200,3200,2か月,"['近居割', '近居割WIDE']",随時,https://www.ur-net.go.jp/chintai/kanto/saitama/50_1910_room.html?JKSS=000070404,<li>西武新宿線「航空公園」駅 徒歩4～9分</li><li>西武新宿線「新所沢」駅 徒歩20～25分</li><li>西武池袋線「所沢」駅 徒歩22～25分</li>
saitama,tokorozawa,所沢パークタウン公園通り,93100,西武新宿線「航空公園」駅,7.0,8.0,,,,所沢市並木2-3,4号棟,鉄筋コンクリート造、鉄骨鉄筋コンクリート造,1,N,103号室,2LDK,50,5,88800,4300,2か月,"['近居割', '近居割WIDE']",2026年10月10日以降,https://www.ur-net.go.jp/chintai/kanto/saitama/50_1970_room.html?JKSS=000040103,<li>西武新宿線「航空公園」駅 徒歩7～8分</li><li>西武新宿線「新所沢」駅 徒歩14～15分</li><li>西武池袋線「所沢」駅 徒歩27～28分</li>
saitama,tokorozawa,所沢パークタウン公園通り,93100,西武新宿線「新所沢」駅,14.0,15.0,,,,所沢市並木2-3,4号棟,鉄筋コンクリート造、鉄骨鉄筋コンクリート造,1,N,103号室,2LDK,50,5,88800,4300,2か月,"['近居割', '近居割WIDE']",2026年10月10日以降,https://www.ur-net.go.jp/chintai/kanto/saitama/50_1970_room.html?JKSS=000040103,<li>西武新宿線「航空公園」駅 徒歩7～8分</li><li>西武新宿線「新所沢」駅 徒歩14～15分</li><li>西武池袋線「所沢」駅 徒歩27～28分</li>
saitama,tokorozawa,所沢パークタウン公園通り,93100,西武池袋線「所沢」駅,27.0,28.0,,,,所沢市並木2-3,4号棟,鉄筋コンクリート造、鉄骨鉄筋コンクリート造,1,N,103号室,2LDK,50,5,88800,4300,2か月,"['近居割', '近居割WIDE']",2026年10月10日以降,https://www.ur-net.go.jp/chintai/kanto/saitama/50_1970_room.html?JKSS=000040103,<li>西武新宿線「航空公園」駅 徒歩7～8分</li><li>西武新宿線「新所沢」駅 徒歩14～15分</li><li>西武池袋線「所沢」駅 徒歩27～28分</li>
saitama,tokorozawa,所沢パークタウン公園通り,93100,,,,,,,所沢市並木2-3,4号棟,鉄筋コンクリート造、鉄骨鉄筋コンクリート造,1,N,103号室,2LDK,50,5,88800,4300,2か月,"['近居割', '近居割WIDE']",2026年10月10日以降,https://www.ur-net.go.jp/chintai/kanto/saitama/50_1970_room.html?JKSS=000040103,<li>西武新宿線「航空公園」駅 徒歩7～8分</li><li>西武新宿線「新所沢」駅 徒歩14～15分</li><li>西武池袋線「所沢」駅 徒歩27～28分</li>
saitama,shintokorozawa,プラザシティ新所沢　緑町第三,98500,西武新宿線「新所沢」駅,6.0,7.0,,,,所沢市緑町2-10ほか,6号棟,鉄筋コンクリート造,2,N,204号室,1LDK,51,7,94800,3700,2か月,"['近居割', '近居割WIDE']",随時,https://www.ur-net.go.jp/chintai/kanto/saitama/50_3950_room.html?JKSS=000060204,<li>西武新宿線「新所沢」駅 徒歩6～7分</li><li>西武新宿線「航空公園」駅 徒歩15分</li><li>西武池袋線「西所沢」駅 徒歩22～24分</li>
saitama,shintokorozawa,プラザシティ新所沢　緑町第三,98500,西武新宿線「航空公園」駅,15.0,15.0,,,,所沢市緑町2-10ほか,6号棟,鉄筋コンクリート造,2,N,204号室,1LDK,51,7,94800,3700,2か月,"['近居割', '近居割WIDE']",随時,https://www.ur-net.go.jp/chintai/kanto/saitama/50_3950_room.html?JKSS=000060204,<li>西武新宿線「新所沢」駅 徒歩6～7分</li><li>西武新宿線「航空公園」駅 徒歩15分</li><li>西武池袋線「西所沢」駅 徒歩22～24分</li>
saitama,shintokorozawa,プラザシティ新所沢　緑町第三,98500,西武池袋線「西所沢」駅,22.0,24.0,,,,所沢市緑町2-10ほか,6号棟,鉄筋コンクリート造,2,N,204号室,1LDK,51,7,94800,3700,2か月,"['近居割', '近居割WIDE']",随時,https://www.ur-net.go.jp/chintai/kanto/saitama/50_3950_room.html?JKSS=000060204,<li>西武新宿線「新所沢」駅 徒歩6～7分</li><li>西武新宿線「航空公園」駅 徒歩15分</li><li>西武池袋線「西所沢」駅 徒歩22～24分</li>
saitama,shintokorozawa,プラザシティ新所沢　緑町第三,98500,,,,,,,所沢市緑町2-10ほか,6号棟,鉄筋コンクリート造,2,N,204号室,1LDK,51,7,94800,3700,2か月,"['近居割', '近居割WIDE']",随時,https://www.ur-net.go.jp/chintai/kanto/saitama/50_3950_room.html?JKSS=000060204,<li>西武新宿線「新所沢」駅 徒歩6～7分</li><li>西武新宿線「航空公園」駅 徒歩15分</li><li>西武池袋線「西所沢」駅 徒歩22～24分</li>
saitama,shintokorozawa,プラザシティ新所沢けやき通り第三,123300,西武新宿線「新所沢」駅,12.0,14.0,,,,所沢市緑町3-10ほか,55号棟,鉄筋コンクリート造,5,N,515号室,2LDK,63,8,117600,5700,2か月,"['近居割', '近居割WIDE']",2026年10月9日以降,https://www.ur-net.go.jp/chintai/kanto/saitama/50_4000_room.html?JKSS=000550515,<li>西武新宿線「新所沢」駅 徒歩12～14分</li><li>西武池袋線「小手指」駅 徒歩16～18分</li><li>西武池袋線「西所沢」駅 徒歩21～23分</li>
saitama,shintokorozawa,プラザシティ新所沢けやき通り第三,123300,西武池袋線「小手指」駅,16.0,18.0,,,,所沢市緑町3-10ほか,55号棟,鉄筋コンクリート造,5,N,515号室,2LDK,63,8,117600,5700,2か月,"['近居割', '近居割WIDE']",2026年10月9日以降,https://www.ur-net.go.jp/chintai/kanto/saitama/50_4000_room.html?JKSS=000550515,<li>西武新宿線「新所沢」駅 徒歩12～14分</li><li>西武池袋線「小手指」駅 徒歩16～18分</li><li>西武池袋線「西所沢」駅 徒歩21～23分</li>
saitama,shintokorozawa,プラザシティ新所沢けやき通り第三,123300,西武池袋線「西所沢」駅,21.0,23.0,,,,所沢市緑町3-10ほか,55号棟,鉄筋コンクリート造,5,N,515号室,2LDK,63,8,117600,5700,2か月,"['近居割', '近居割WIDE']",2026年10月9日以降,https://www.ur-net.go.jp/chintai/kanto/saitama/50_4000_room.html?JKSS=000550515,<li>西武新宿線「新所沢」駅 徒歩12～14分</li><li>西武池袋線「小手指」駅 徒歩16～18分</li><li>西武池袋線「西所沢」駅 徒歩21～23分</li>
saitama,shintokorozawa,プラザシティ新所沢けやき通り第三,123300,,,,,,,所沢市緑町3-10ほか,55号棟,鉄筋コンクリート造,5,N,515号室,2LDK,63,8,117600,5700,2か月,"['近居割', '近居割WIDE']",2026年10月9日以降,https://www.ur-net.go.jp/chintai/kanto/saitama/50_4000_room.html?JKSS=000550515,<li>西武新宿線「新所沢」駅 徒歩12～14分</li><li>西武池袋線「小手指」駅 徒歩16～18分</li><li>西武池袋線「西所沢」駅 徒歩21～23分</li>
saitama,shintokorozawa,プラザシティ新所沢けやき通り第二,122300,西武新宿線「新所沢」駅,10.0,14.0,,,,所沢市緑町4-28ほか,34号棟,鉄筋コンクリート造,8,N,807号室,2LDK,59,12,118000,4300,2か月,"['近居割', '近居割WIDE']",随時,https://www.ur-net.go.jp/chintai/kanto/saitama/50_3850_room.html?JKSS=000340807,<li>西武新宿線「新所沢」駅 徒歩10～14分</li><li>西武池袋線「小手指」駅 徒歩15～20分</li><li>西武新宿線「航空公園」駅 徒歩26～30分</li>
saitama,shintokorozawa,プラザシティ新所沢けやき通り第二,122300,西武池袋線「小手指」駅,15.0,20.0,,,,所沢市緑町4-28ほか,34号棟,鉄筋コンクリート造,8,N,807号室,2LDK,59,12,118000,4300,2か月,"['近居割', '近居割WIDE']",随時,https://www.ur-net.go.jp/chintai/kanto/saitama/50_3850_room.html?JKSS=000340807,<li>西武新宿線「新所沢」駅 徒歩10～14分</li><li>西武池袋線「小手指」駅 徒歩15～20分</li><li>西武新宿線「航空公園」駅 徒歩26～30分</li>
saitama,shintokorozawa,プラザシティ新所沢けやき通り第二,122300,西武新宿線「航空公園」駅,26.0,30.0,,,,所沢市緑町4-28ほか,34号棟,鉄筋コンクリート造,8,N,807号室,2LDK,59,12,118000,4300,2か月,"['近居割', '近居割WIDE']",随時,https://www.ur-net.go.jp/chintai/kanto/saitama/50_3850_room.html?JKSS=000340807,<li>西武新宿線「新所沢」駅 徒歩10～14分</li><li>西武池袋線「小手指」駅 徒歩15～20分</li><li>西武新宿線「航空公園」駅 徒歩26～30分</li>
saitama,shintokorozawa,プラザシティ新所沢けやき通り第二,122300,,,,,,,所沢市緑町4-28ほか,34号棟,鉄筋コンクリート造,8,N,807号室,2LDK,59,12,118000,4300,2か月,"['近居割', '近居割WIDE']",随時,https://www.ur-net.go.jp/chintai/kanto/saitama/50_3850_room.html?JKSS=000340807,<li>西武新宿線「新所沢」駅 徒歩10～14分</li><li>西武池袋線「小手指」駅 徒歩15～20分</li><li>西武新宿線「航空公園」駅 徒歩26～30分</li>
saitama,shintokorozawa,プラザシティ新所沢けやき通り第二,138300,西武新宿線「新所沢」駅,10.0,14.0,,,,所沢市緑町4-28ほか,41号棟,鉄筋コンクリート造,7,N,707号室,2LDK,66,10,134000,4300,2か月,"['近居割', '近居割WIDE']",随時,https://www.ur-net.go.jp/chintai/kanto/saitama/50_3850_room.html?JKSS=000410707,<li>西武新宿線「新所沢」駅 徒歩10～14分</li><li>西武池袋線「小手指」駅 徒歩15～20分</li><li>西武新宿線「航空公園」駅 徒歩26～30分</li>
saitama,shintokorozawa,プラザシティ新所沢けやき通り第二,138300,西武池袋線「小手指」駅,15.0,20.0,,,,所沢市緑町4-28ほか,41号棟,鉄筋コンクリート造,7,N,707号室,2LDK,66,10,134000,4300,2か月,"['近居割', '近居割WIDE']",随時,https://www.ur-net.go.jp/chintai/kanto/saitama/50_3850_room.html?JKSS=000410707,<li>西武新宿線「新所沢」駅 徒歩10～14分</li><li>西武池袋線「小手指」駅 徒歩15～20分</li><li>西武新宿線「航空公園」駅 徒歩26～30分</li>
saitama,shintokorozawa,プラザシティ新所沢けやき通り第二,138300,西武新宿線「航空公園」駅,26.0,30.0,,,,所沢市緑町4-28ほか,41号棟,鉄筋コンクリート造,7,N,707号室,2LDK,66,10,134000,4300,2か月,"['近居割', '近居割WIDE']",随時,https://www.ur-net.go.jp/chintai/kanto/saitama/50_3850_room.html?JKSS=000410707,<li>西武新宿線「新所沢」駅 徒歩10～14分</li><li>西武池袋線「小手指」駅 徒歩15～20分</li><li>西武新宿線「航空公園」駅 徒歩26～30分</li>
saitama,shintokorozawa,プラザシティ新所沢けやき通り第二,138300,,,,,,,所沢市緑町4-28ほか,41号棟,鉄筋コンクリート造,7,N,707号室,2LDK,66,10,134000,4300,2か月,"['近居割', '近居割WIDE']",随時,https://www.ur-net.go.jp/chintai/kanto/saitama/50_3850_room.html?JKSS=000410707,<li>西武新宿線「新所沢」駅 徒歩10～14分</li><li>西武池袋線「小手指」駅 徒歩15～20分</li><li>西武新宿線「航空公園」駅 徒歩26～30分</li>
saitama,shintokorozawa,プラザシティ新所沢　けやき通り,136200,西武新宿線「新所沢」駅,4.0,8.0,,,,所沢市緑町1-5ほか,14号棟,鉄筋コンクリート造,5,N,509号室,3LDK,69,7,132500,3700,2か月,"['近居割', '近居割WIDE']",2026年10月10日以降,https://www.ur-net.go.jp/chintai/kanto/saitama/50_3030_room.html?JKSS=000140509,<li>西武新宿線「新所沢」駅 徒歩4～8分</li><li>西武新宿線「航空公園」駅 徒歩18～25分</li><li>西武池袋線「西所沢」駅 徒歩21～28分</li>
saitama,shintokorozawa,プラザシティ新所沢　けやき通り,136200,西武新宿線「航空公園」駅,18.0,25.0,,,,所沢市緑町1-5ほか,14号棟,鉄筋コンクリート造,5,N,509号室,3LDK,69,7,132500,3700,2か月,"['近居割', '近居割WIDE']",2026年10月10日以降,https://www.ur-net.go.jp/chintai/kanto/saitama/50_3030_room.html?JKSS=000140509,<li>西武新宿線「新所沢」駅 徒歩4～8分</li><li>西武新宿線「航空公園」駅 徒歩18～25分</li><li>西武池袋線「西所沢」駅 徒歩21～28分</li>
saitama,shintokorozawa,プラザシティ新所沢　けやき通り,136200,西武池袋線「西所沢」駅,21.0,28.0,,,,所沢市緑町1-5ほか,14号棟,鉄筋コンクリート造,5,N,509号室,3LDK,69,7,132500,3700,2か月,"['近居割', '近居割WIDE']",2026年10月10日以降,https://www.ur-net.go.jp/chintai/kanto/saitama/50_3030_room.html?JKSS=000140509,<li>西武新宿線「新所沢」駅 徒歩4～8分</li><li>西武新宿線「航空公園」駅 徒歩18～25分</li><li>西武池袋線「西所沢」駅 徒歩21～28分</li>
saitama,shintokorozawa,プラザシティ新所沢　けやき通り,136200,,,,,,,所沢市緑町1-5ほか,14号棟,鉄筋コンクリート造,5,N,509号室,3LDK,69,7,132500,3700,2か月,"['近居割', '近居割WIDE']",2026年10月10日以降,https://www.ur-net.go.jp/chintai/kanto/saitama/50_3030_room.html?JKSS=000140509,<li>西武新宿線「新所沢」駅 徒歩4～8分</li><li>西武新宿線「航空公園」駅 徒歩18～25分</li><li>西武池袋線「西所沢」駅 徒歩21～28分</li>
saitama,kamifukuoka,鶴瀬（市）,82200,東武東上線「鶴瀬」駅,7.0,7.0,,,,富士見市鶴瀬西2-8-2,,鉄筋コンクリート造,3,N,306号室,3DK,53,4,78600,3600,2か月,"['近居割', '近居割WIDE']",随時,https://www.ur-net.go.jp/chintai/kanto/saitama/50_1730_room.html?JKSS=000000306,<li>東武東上線「鶴瀬」駅 徒歩7分</li>
saitama,kamifukuoka,鶴瀬（市）,82200,,,,,,,富士見市鶴瀬西2-8-2,,鉄筋コンクリート造,3,N,306号室,3DK,53,4,78600,3600,2か月,"['近居割', '近居割WIDE']",随時,https://www.ur-net.go.jp/chintai/kanto/saitama/50_1730_room.html?JKSS=000000306,<li>東武東上線「鶴瀬」駅 徒歩7分</li>
saitama,wakaba,北坂戸,48700,東武東上線「北坂戸」駅,2.0,11.0,,,,坂戸市溝端町1ほか,9-12号棟,鉄筋コンクリート造、鉄骨鉄筋コンクリート造,5,N,505号室,3K,45,5,45200,3500,2か月,"['近居割', '近居割WIDE']",随時,https://www.ur-net.go.jp/chintai/kanto/saitama/50_1590_room.html?JKSS=009120505,<li>東武東上線「北坂戸」駅 徒歩2～11分</li><li>東武東上線「坂戸」駅 徒歩23～34分</li><li>東武東上線「若葉」駅 徒歩41～49分</li><li>東武東上線「高坂」駅 徒歩47～52分</li>
saitama,wakaba,北坂戸,48700,東武東上線「坂戸」駅,23.0,34.0,,,,坂戸市溝端町1ほか,9-12号棟,鉄筋コンクリート造、鉄骨鉄筋コンクリート造,5,N,505号室,3K,45,5,45200,3500,2か月,"['近居割', '近居割WIDE']",随時,https://www.ur-net.go.jp/chintai/kanto/saitama/50_1590_room.html?JKSS=009120505,<li>東武東上線「北坂戸」駅 徒歩2～11分</li><li>東武東上線「坂戸」駅 徒歩23～34分</li><li>東武東上線「若葉」駅 徒歩41～49分</li><li>東武東上線「高坂」駅 徒歩47～52分</li>
saitama,wakaba,北坂戸,48700,東武東上線「若葉」駅,41.0,49.0,,,,坂戸市溝端町1ほか,9-12号棟,鉄筋コンクリート造、鉄骨鉄筋コンクリート造,5,N,505号室,3K,45,5,45200,3500,2か月,"['近居割', '近居割WIDE']",随時,https://www.ur-net.go.jp/chintai/kanto/saitama/50_1590_room.html?JKSS=009120505,<li>東武東上線「北坂戸」駅 徒歩2～11分</li><li>東武東上線「坂戸」駅 徒歩23～34分</li><li>東武東上線「若葉」駅 徒歩41～49分</li><li>東武東上線「高坂」駅 徒歩47～52分</li>
saitama,wakaba,北坂戸,48700,東武東上線「高坂」駅,47.0,52.0,,,,坂戸市溝端町1ほか,9-12号棟,鉄筋コンクリート造、鉄骨鉄筋コンクリート造,5,N,505号室,3K,45,5,45200,3500,2か月,"['近居割', '近居割WIDE']",随時,https://www.ur-net.go.jp/chintai/kanto/saitama/50_1590_room.html?JKSS=009120505,<li>東武東上線「北坂戸」駅 徒歩2～11分</li><li>東武東上線「坂戸」駅 徒歩23～34分</li><li>東武東上線「若葉」駅 徒歩41～49分</li><li>東武東上線「高坂」駅 徒歩47～52分</li>
saitama,wakaba,北坂戸,48700,,,,,,,坂戸市溝端町1ほか,9-12号棟,鉄筋コンクリート造、鉄骨鉄筋コンクリート造,5,N,505号室,3K,45,5,45200,3500,2か月,"['近居割', '近居割WIDE']",随時,https://www.ur-net.go.jp/chintai/kanto/saitama/50_1590_room.html?JKSS=009120505,<li>東武東上線「北坂戸」駅 徒歩2～11分</li><li>東武東上線「坂戸」駅 徒歩23～34分</li><li>東武東上線「若葉」駅 徒歩41～49分</li><li>東武東上線「高坂」駅 徒歩47～52分</li>
saitama,wakaba,北坂戸,53000,東武東上線「北坂戸」駅,2.0,11.0,,,,坂戸市溝端町1ほか,10-14号棟,鉄筋コンクリート造、鉄骨鉄筋コンクリート造,5,N,504号室,3K,50,5,49500,3500,2か月,"['近居割', '近居割WIDE']",随時,https://www.ur-net.go.jp/chintai/kanto/saitama/50_1590_room.html?JKSS=010140504,<li>東武東上線「北坂戸」駅 徒歩2～11分</li><li>東武東上線「坂戸」駅 徒歩23～34分</li><li>東武東上線「若葉」駅 徒歩41～49分</li><li>東武東上線「高坂」駅 徒歩47～52分</li>
saitama,wakaba,北坂戸,53000,東武東上線「坂戸」駅,23.0,34.0,,,,坂戸市溝端町1ほか,10-14号棟,鉄筋コンクリート造、鉄骨鉄筋コンクリート造,5,N,504号室,3K,50,5,49500,3500,2か月,"['近居割', '近居割WIDE']",随時,https://www.ur-net.go.jp/chintai/kanto/saitama/50_1590_room.html?JKSS=010140504,<li>東武東上線「北坂戸」駅 徒歩2～11分</li><li>東武東上線「坂戸」駅 徒歩23～34分</li><li>東武東上線「若葉」駅 徒歩41～49分</li><li>東武東上線「高坂」駅 徒歩47～52分</li>
saitama,wakaba,北坂戸,53000,東武東上線「若葉」駅,41.0,49.0,,,,坂戸市溝端町1ほか,10-14号棟,鉄筋コンクリート造、鉄骨鉄筋コンクリート造,5,N,504号室,3K,50,5,49500,3500,2か月,"['近居割', '近居割WIDE']",随時,https://www.ur-net.go.jp/chintai/kanto/saitama/50_1590_room.html?JKSS=010140504,<li>東武東上線「北坂戸」駅 徒歩2～11分</li><li>東武東上線「坂戸」駅 徒歩23～34分</li><li>東武東上線「若葉」駅 徒歩41～49分</li><li>東武東上線「高坂」駅 徒歩47～52分</li>
saitama,wakaba,北坂戸,53000,東武東上線「高坂」駅,47.0,52.0,,,,坂戸市溝端町1ほか,10-14号棟,鉄筋コンクリート造、鉄骨鉄筋コンクリート造,5,N,504号室,3K,50,5,49500,3500,2か月,"['近居割', '近居割WIDE']",随時,https://www.ur-net.go.jp/chintai/kanto/saitama/50_1590_room.html?JKSS=010140504,<li>東武東上線「北坂戸」駅 徒歩2～11分</li><li>東武東上線「坂戸」駅 徒歩23～34分</li><li>東武東上線「若葉」駅 徒歩41～49分</li><li>東武東上線「高坂」駅 徒歩47～52分</li>
saitama,wakaba,北坂戸,53000,,,,,,,坂戸市溝端町1ほか,10-14号棟,鉄筋コンクリート造、鉄骨鉄筋コンクリート造,5,N,504号室,3K,50,5,49500,3500,2か月,"['近居割', '近居割WIDE']",随時,https://www.ur-net.go.jp/chintai/kanto/saitama/50_1590_room.html?JKSS=010140504,<li>東武東上線「北坂戸」駅 徒歩2～11分</li><li>東武東上線「坂戸」駅 徒歩23～34分</li><li>東武東上線「若葉」駅 徒歩41～49分</li><li>東武東上線「高坂」駅 徒歩47～52分</li>
saitama,wakaba,北坂戸,56600,東武東上線「北坂戸」駅,2.0,11.0,,,,坂戸市溝端町1ほか,9-19号棟,鉄筋コンクリート造、鉄骨鉄筋コンクリート造,3,N,304号室,3K,50,5,53100,3500,2か月,"['近居割', '近居割WIDE']",随時,https://www.ur-net.go.jp/chintai/kanto/saitama/50_1590_room.html?JKSS=009190304,<li>東武東上線「北坂戸」駅 徒歩2～11分</li><li>東武東上線「坂戸」駅 徒歩23～34分</li><li>東武東上線「若葉」駅 徒歩41～49分</li><li>東武東上線「高坂」駅 徒歩47～52分</li>
saitama,wakaba,北坂戸,56600,東武東上線「坂戸」駅,23.0,34.0,,,,坂戸市溝端町1ほか,9-19号棟,鉄筋コンクリート造、鉄骨鉄筋コンクリート造,3,N,304号室,3K,50,5,53100,3500,2か月,"['近居割', '近居割WIDE']",随時,https://www.ur-net.go.jp/chintai/kanto/saitama/50_1590_room.html?JKSS=009190304,<li>東武東上線「北坂戸」駅 徒歩2～11分</li><li>東武東上線「坂戸」駅 徒歩23～34分</li><li>東武東上線「若葉」駅 徒歩41～49分</li><li>東武東上線「高坂」駅 徒歩47～52分</li>
saitama,wakaba,北坂戸,56600,東武東上線「若葉」駅,41.0,49.0,,,,坂戸市溝端町1ほか,9-19号棟,鉄筋コンクリート造、鉄骨鉄筋コンクリート造,3,N,304号室,3K,50,5,53100,3500,2か月,"['近居割', '近居割WIDE']",随時,https://www.ur-net.go.jp/chintai/kanto/saitama/50_1590_room.html?JKSS=009190304,<li>東武東上線「北坂戸」駅 徒歩2～11分</li><li>東武東上線「坂戸」駅 徒歩23～34分</li><li>東武東上線「若葉」駅 徒歩41～49分</li><li>東武東上線「高坂」駅 徒歩47～52分</li>
saitama,wakaba,北坂戸,56600,東武東上線「高坂」駅,47.0,52.0,,,,坂戸市溝端町1ほか,9-19号棟,鉄筋コンクリート造、鉄骨鉄筋コンクリート造,3,N,304号室,3K,50,5,53100,3500,2か月,"['近居割', '近居割WIDE']",随時,https://www.ur-net.go.jp/chintai/kanto/saitama/50_1590_room.html?JKSS=009190304,<li>東武東上線「北坂戸」駅 徒歩2～11分</li><li>東武東上線「坂戸」駅 徒歩23～34分</li><li>東武東上線「若葉」駅 徒歩41～49分</li><li>東武東上線「高坂」駅 徒歩47～52分</li>
saitama,wakaba,北坂戸,56600,,,,,,,坂戸市溝端町1ほか,9-19号棟,鉄筋コンクリート造、鉄骨鉄筋コンクリート造,3,N,304号室,3K,50,5,53100,3500,2か月,"['近居割', '近居割WIDE']",随時,https://www.ur-net.go.jp/chintai/kanto/saitama/50_1590_room.html?JKSS=009190304,<li>東武東上線「北坂戸」駅 徒歩2～11分</li><li>東武東上線「坂戸」駅 徒歩23～34分</li><li>東武東上線「若葉」駅 徒歩41～49分</li><li>東武東上線「高坂」駅 徒歩47～52分</li>
saitama,wakaba,東坂戸,54800,,,,東武東上線「若葉」駅,8.0,12.0,坂戸市東坂戸1ほか,1-20号棟,鉄骨鉄筋コンクリート造,2,N,203号室,2DK,50,8,48700,6100,2か月,"['近居割', '近居割WIDE']",随時,https://www.ur-net.go.jp/chintai/kanto/saitama/50_1800_room.html?JKSS=001200203,<li>東武東上線「若葉」駅バス7～8分 徒歩1～4分</li><li>東武東上線「川越」駅バス30～32分 徒歩1～4分</li><li>東武東上線「鶴ケ島」駅 徒歩34～46分</li>
saitama,wakaba,東坂戸,54800,,,,東武東上線「川越」駅,31.0,36.0,坂戸市東坂戸1ほか,1-20号棟,鉄骨鉄筋コンクリート造,2,N,203号室,2DK,50,8,48700,6100,2か月,"['近居割', '近居割WIDE']",随時,https://www.ur-net.go.jp/chintai/kanto/saitama/50_1800_room.html?JKSS=001200203,<li>東武東上線「若葉」駅バス7～8分 徒歩1～4分</li><li>東武東上線「川越」駅バス30～32分 徒歩1～4分</li><li>東武東上線「鶴ケ島」駅 徒歩34～46分</li>
saitama,wakaba,東坂戸,54800,東武東上線「鶴ケ島」駅,34.0,46.0,,,,坂戸市東坂戸1ほか,1-20号棟,鉄骨鉄筋コンクリート造,2,N,203号室,2DK,50,8,48700,6100,2か月,"['近居割', '近居割WIDE']",随時,https://www.ur-net.go.jp/chintai/kanto/saitama/50_1800_room.html?JKSS=001200203,<li>東武東上線「若葉」駅バス7～8分 徒歩1～4分</li><li>東武東上線「川越」駅バス30～32分 徒歩1～4分</li><li>東武東上線「鶴ケ島」駅 徒歩34～46分</li>
saitama,wakaba,東坂戸,54800,,,,,,,坂戸市東坂戸1ほか,1-20号棟,鉄骨鉄筋コンクリート造,2,N,203号室,2DK,50,8,48700,6100,2か月,"['近居割', '近居割WIDE']",随時,https://www.ur-net.go.jp/chintai/kanto/saitama/50_1800_room.html?JKSS=001200203,<li>東武東上線「若葉」駅バス7～8分 徒歩1～4分</li><li>東武東上線「川越」駅バス30～32分 徒歩1～4分</li><li>東武東上線「鶴ケ島」駅 徒歩34～46分</li>
saitama,wakaba,東坂戸,64000,,,,東武東上線「若葉」駅,8.0,12.0,坂戸市東坂戸1ほか,1-22号棟,鉄骨鉄筋コンクリート造,2,N,201号室,2DK,55,5,57900,6100,2か月,"['近居割', '近居割WIDE']",随時,https://www.ur-net.go.jp/chintai/kanto/saitama/50_1800_room.html?JKSS=001220201,<li>東武東上線「若葉」駅バス7～8分 徒歩1～4分</li><li>東武東上線「川越」駅バス30～32分 徒歩1～4分</li><li>東武東上線「鶴ケ島」駅 徒歩34～46分</li>
saitama,wakaba,東坂戸,64000,,,,東武東上線「川越」駅,31.0,36.0,坂戸市東坂戸1ほか,1-22号棟,鉄骨鉄筋コンクリート造,2,N,201号室,2DK,55,5,57900,6100,2か月,"['近居割', '近居割WIDE']",随時,https://www.ur-net.go.jp/chintai/kanto/saitama/50_1800_room.html?JKSS=001220201,<li>東武東上線「若葉」駅バス7～8分 徒歩1～4分</li><li>東武東上線「川越」駅バス30～32分 徒歩1～4分</li><li>東武東上線「鶴ケ島」駅 徒歩34～46分</li>
saitama,wakaba,東坂戸,64000,東武東上線「鶴ケ島」駅,34.0,46.0,,,,坂戸市東坂戸1ほか,1-22号棟,鉄骨鉄筋コンクリート造,2,N,201号室,2DK,55,5,57900,6100,2か月,"['近居割', '近居割WIDE']",随時,https://www.ur-net.go.jp/chintai/kanto/saitama/50_1800_room.html?JKSS=001220201,<li>東武東上線「若葉」駅バス7～8分 徒歩1～4分</li><li>東武東上線「川越」駅バス30～32分 徒歩1～4分</li><li>東武東上線「鶴ケ島」駅 徒歩34～46分</li>
saitama,wakaba,東坂戸,64000,,,,,,,坂戸市東坂戸1ほか,1-22号棟,鉄骨鉄筋コンクリート造,2,N,201号室,2DK,55,5,57900,6100,2か月,"['近居割', '近居割WIDE']",随時,https://www.ur-net.go.jp/chintai/kanto/saitama/50_1800_room.html?JKSS=001220201,<li>東武東上線「若葉」駅バス7～8分 徒歩1～4分</li><li>東武東上線「川越」駅バス30～32分 徒歩1～4分</li><li>東武東上線「鶴ケ島」駅 徒歩34～46分</li>
saitama,wakaba,東坂戸,64600,,,,東武東上線「若葉」駅,8.0,12.0,坂戸市東坂戸1ほか,2-13号棟,鉄骨鉄筋コンクリート造,3,N,302号室,3DK,64,11,58500,6100,2か月,"['近居割', '近居割WIDE']",随時,https://www.ur-net.go.jp/chintai/kanto/saitama/50_1800_room.html?JKSS=002130302,<li>東武東上線「若葉」駅バス7～8分 徒歩1～4分</li><li>東武東上線「川越」駅バス30～32分 徒歩1～4分</li><li>東武東上線「鶴ケ島」駅 徒歩34～46分</li>
saitama,wakaba,東坂戸,64600,,,,東武東上線「川越」駅,31.0,36.0,坂戸市東坂戸1ほか,2-13号棟,鉄骨鉄筋コンクリート造,3,N,302号室,3DK,64,11,58500,6100,2か月,"['近居割', '近居割WIDE']",随時,https://www.ur-net.go.jp/chintai/kanto/saitama/50_1800_room.html?JKSS=002130302,<li>東武東上線「若葉」駅バス7～8分 徒歩1～4分</li><li>東武東上線「川越」駅バス30～32分 徒歩1～4分</li><li>東武東上線「鶴ケ島」駅 徒歩34～46分</li>
saitama,wakaba,東坂戸,64600,東武東上線「鶴ケ島」駅,34.0,46.0,,,,坂戸市東坂戸1ほか,2-13号棟,鉄骨鉄筋コンクリート造,3,N,302号室,3DK,64,11,58500,6100,2か月,"['近居割', '近居割WIDE']",随時,https://www.ur-net.go.jp/chintai/kanto/saitama/50_1800_room.html?JKSS=002130302,<li>東武東上線「若葉」駅バス7～8分 徒歩1～4分</li><li>東武東上線「川越」駅バス30～32分 徒歩1～4分</li><li>東武東上線「鶴ケ島」駅 徒歩34～46分</li>
saitama,wakaba,東坂戸,64600,,,,,,,坂戸市東坂戸1ほか,2-13号棟,鉄骨鉄筋コンクリート造,3,N,302号室,3DK,64,11,58500,6100,2か月,"['近居割', '近居割WIDE']",随時,https://www.ur-net.go.jp/chintai/kanto/saitama/50_1800_room.html?JKSS=002130302,<li>東武東上線「若葉」駅バス7～8分 徒歩1～4分</li><li>東武東上線「川越」駅バス30～32分 徒歩1～4分</li><li>東武東上線「鶴ケ島」駅 徒歩34～46分</li>
saitama,wakaba,東坂戸,64600,,,,東武東上線「若葉」駅,8.0,12.0,坂戸市東坂戸1ほか,2-13号棟,鉄骨鉄筋コンクリート造,3,N,306号室,3DK,64,11,58500,6100,2か月,"['近居割', '近居割WIDE']",随時,https://www.ur-net.go.jp/chintai/kanto/saitama/50_1800_room.html?JKSS=002130306,<li>東武東上線「若葉」駅バス7～8分 徒歩1～4分</li><li>東武東上線「川越」駅バス30～32分 徒歩1～4分</li><li>東武東上線「鶴ケ島」駅 徒歩34～46分</li>
saitama,wakaba,東坂戸,64600,,,,東武東上線「川越」駅,31.0,36.0,坂戸市東坂戸1ほか,2-13号棟,鉄骨鉄筋コンクリート造,3,N,306号室,3DK,64,11,58500,6100,2か月,"['近居割', '近居割WIDE']",随時,https://www.ur-net.go.jp/chintai/kanto/saitama/50_1800_room.html?JKSS=002130306,<li>東武東上線「若葉」駅バス7～8分 徒歩1～4分</li><li>東武東上線「川越」駅バス30～32分 徒歩1～4分</li><li>東武東上線「鶴ケ島」駅 徒歩34～46分</li>
saitama,wakaba,東坂戸,64600,東武東上線「鶴ケ島」駅,34.0,46.0,,,,坂戸市東坂戸1ほか,2-13号棟,鉄骨鉄筋コンクリート造,3,N,306号室,3DK,64,11,58500,6100,2か月,"['近居割', '近居割WIDE']",随時,https://www.ur-net.go.jp/chintai/kanto/saitama/50_1800_room.html?JKSS=002130306,<li>東武東上線「若葉」駅バス7～8分 徒歩1～4分</li><li>東武東上線「川越」駅バス30～32分 徒歩1～4分</li><li>東武東上線「鶴ケ島」駅 徒歩34～46分</li>
saitama,wakaba,東坂戸,64600,,,,,,,坂戸市東坂戸1ほか,2-13号棟,鉄骨鉄筋コンクリート造,3,N,306号室,3DK,64,11,58500,6100,2か月,"['近居割', '近居割WIDE']",随時,https://www.ur-net.go.jp/chintai/kanto/saitama/50_1800_room.html?JKSS=002130306,<li>東武東上線「若葉」駅バス7～8分 徒歩1～4分</li><li>東武東上線「川越」駅バス30～32分 徒歩1～4分</li><li>東武東上線「鶴ケ島」駅 徒歩34～46分</li>
saitama,kawagoe,狭山台,53700,,,,西武新宿線「狭山市」駅,7.0,14.0,狭山市狭山台1-31ほか,1-4号棟,鉄筋コンクリート造、鉄骨鉄筋コンクリート造,3,N,301号室,2DK,41,5,50200,3500,2か月,"['近居割', '近居割WIDE']",2026年10月8日以降,https://www.ur-net.go.jp/chintai/kanto/saitama/50_1670_room.html?JKSS=001040301,<li>西武新宿線「狭山市」駅バス6～10分 徒歩1～4分</li><li>西武新宿線「新狭山」駅 徒歩22～33分</li><li>西武新宿線「入曽」駅 徒歩41～53分</li>
saitama,kawagoe,狭山台,53700,西武新宿線「新狭山」駅,22.0,33.0,,,,狭山市狭山台1-31ほか,1-4号棟,鉄筋コンクリート造、鉄骨鉄筋コンクリート造,3,N,301号室,2DK,41,5,50200,3500,2か月,"['近居割', '近居割WIDE']",2026年10月8日以降,https://www.ur-net.go.jp/chintai/kanto/saitama/50_1670_room.html?JKSS=001040301,<li>西武新宿線「狭山市」駅バス6～10分 徒歩1～4分</li><li>西武新宿線「新狭山」駅 徒歩22～33分</li><li>西武新宿線「入曽」駅 徒歩41～53分</li>
saitama,kawagoe,狭山台,53700,西武新宿線「入曽」駅,41.0,53.0,,,,狭山市狭山台1-31ほか,1-4号棟,鉄筋コンクリート造、鉄骨鉄筋コンクリート造,3,N,301号室,2DK,41,5,50200,3500,2か月,"['近居割', '近居割WIDE']",2026年10月8日以降,https://www.ur-net.go.jp/chintai/kanto/saitama/50_1670_room.html?JKSS=001040301,<li>西武新宿線「狭山市」駅バス6～10分 徒歩1～4分</li><li>西武新宿線「新狭山」駅 徒歩22～33分</li><li>西武新宿線「入曽」駅 徒歩41～53分</li>
saitama,kawagoe,狭山台,53700,,,,,,,狭山市狭山台1-31ほか,1-4号棟,鉄筋コンクリート造、鉄骨鉄筋コンクリート造,3,N,301号室,2DK,41,5,50200,3500,2か月,"['近居割', '近居割WIDE']",2026年10月8日以降,https://www.ur-net.go.jp/chintai/kanto/saitama/50_1670_room.html?JKSS=001040301,<li>西武新宿線「狭山市」駅バス6～10分 徒歩1～4分</li><li>西武新宿線「新狭山」駅 徒歩22～33分</li><li>西武新宿線「入曽」駅 徒歩41～53分</li>
saitama,kawagoe,狭山台,53900,,,,西武新宿線「狭山市」駅,7.0,14.0,狭山市狭山台1-31ほか,1-13号棟,鉄筋コンクリート造、鉄骨鉄筋コンクリート造,4,N,402号室,3K,47,5,50400,3500,2か月,"['近居割', '近居割WIDE']",随時,https://www.ur-net.go.jp/chintai/kanto/saitama/50_1670_room.html?JKSS=001130402,<li>西武新宿線「狭山市」駅バス6～10分 徒歩1～4分</li><li>西武新宿線「新狭山」駅 徒歩22～33分</li><li>西武新宿線「入曽」駅 徒歩41～53分</li>
saitama,kawagoe,狭山台,53900,西武新宿線「新狭山」駅,22.0,33.0,,,,狭山市狭山台1-31ほか,1-13号棟,鉄筋コンクリート造、鉄骨鉄筋コンクリート造,4,N,402号室,3K,47,5,50400,3500,2か月,"['近居割', '近居割WIDE']",随時,https://www.ur-net.go.jp/chintai/kanto/saitama/50_1670_room.html?JKSS=001130402,<li>西武新宿線「狭山市」駅バス6～10分 徒歩1～4分</li><li>西武新宿線「新狭山」駅 徒歩22～33分</li><li>西武新宿線「入曽」駅 徒歩41～53分</li>
saitama,kawagoe,狭山台,53900,西武新宿線「入曽」駅,41.0,53.0,,,,狭山市狭山台1-31ほか,1-13号棟,鉄筋コンクリート造、鉄骨鉄筋コンクリート造,4,N,402号室,3K,47,5,50400,3500,2か月,"['近居割', '近居割WIDE']",随時,https://www.ur-net.go.jp/chintai/kanto/saitama/50_1670_room.html?JKSS=001130402,<li>西武新宿線「狭山市」駅バス6～10分 徒歩1～4分</li><li>西武新宿線「新狭山」駅 徒歩22～33分</li><li>西武新宿線「入曽」駅 徒歩41～53分</li>
saitama,kawagoe,狭山台,53900,,,,,,,狭山市狭山台1-31ほか,1-13号棟,鉄筋コンクリート造、鉄骨鉄筋コンクリート造,4,N,402号室,3K,47,5,50400,3500,2か月,"['近居割', '近居割WIDE']",随時,https://www.ur-net.go.jp/chintai/kanto/saitama/50_1670_room.html?JKSS=001130402,<li>西武新宿線「狭山市」駅バス6～10分 徒歩1～4分</li><li>西武新宿線「新狭山」駅 徒歩22～33分</li><li>西武新宿線「入曽」駅 徒歩41～53分</li>
saitama,kawagoe,狭山台,54700,,,,西武新宿線「狭山市」駅,7.0,14.0,狭山市狭山台1-31ほか,1-7号棟,鉄筋コンクリート造、鉄骨鉄筋コンクリート造,1,N,105号室,2DK,41,5,51200,3500,2か月,['健康寿命サポート'],随時,https://www.ur-net.go.jp/chintai/kanto/saitama/50_1670_room.html?JKSS=001070105,<li>西武新宿線「狭山市」駅バス6～10分 徒歩1～4分</li><li>西武新宿線「新狭山」駅 徒歩22～33分</li><li>西武新宿線「入曽」駅 徒歩41～53分</li>
saitama,kawagoe,狭山台,54700,西武新宿線「新狭山」駅,22.0,33.0,,,,狭山市狭山台1-31ほか,1-7号棟,鉄筋コンクリート造、鉄骨鉄筋コンクリート造,1,N,105号室,2DK,41,5,51200,3500,2か月,['健康寿命サポート'],随時,https://www.ur-net.go.jp/chintai/kanto/saitama/50_1670_room.html?JKSS=001070105,<li>西武新宿線「狭山市」駅バス6～10分 徒歩1～4分</li><li>西武新宿線「新狭山」駅 徒歩22～33分</li><li>西武新宿線「入曽」駅 徒歩41～53分</li>
saitama,kawagoe,狭山台,54700,西武新宿線「入曽」駅,41.0,53.0,,,,狭山市狭山台1-31ほか,1-7号棟,鉄筋コンクリート造、鉄骨鉄筋コンクリート造,1,N,105号室,2DK,41,5,51200,3500,2か月,['健康寿命サポート'],随時,https://www.ur-net.go.jp/chintai/kanto/saitama/50_1670_room.html?JKSS=001070105,<li>西武新宿線「狭山市」駅バス6～10分 徒歩1～4分</li><li>西武新宿線「新狭山」駅 徒歩22～33分</li><li>西武新宿線「入曽」駅 徒歩41～53分</li>
saitama,kawagoe,狭山台,54700,,,,,,,狭山市狭山台1-31ほか,1-7号棟,鉄筋コンクリート造、鉄骨鉄筋コンクリート造,1,N,105号室,2DK,41,5,51200,3500,2か月,['健康寿命サポート'],随時,https://www.ur-net.go.jp/chintai/kanto/saitama/50_1670_room.html?JKSS=001070105,<li>西武新宿線「狭山市」駅バス6～10分 徒歩1～4分</li><li>西武新宿線「新狭山」駅 徒歩22～33分</li><li>西武新宿線「入曽」駅 徒歩41～53分</li>
saitama,kawagoe,狭山台,55900,,,,西武新宿線「狭山市」駅,7.0,14.0,狭山市狭山台1-31ほか,3-6号棟,鉄筋コンクリート造、鉄骨鉄筋コンクリート造,5,N,502号室,2DK,43,8,52400,3500,2か月,"['近居割', '近居割WIDE']",2026年10月8日以降,https://www.ur-net.go.jp/chintai/kanto/saitama/50_1670_room.html?JKSS=003060502,<li>西武新宿線「狭山市」駅バス6～10分 徒歩1～4分</li><li>西武新宿線「新狭山」駅 徒歩22～33分</li><li>西武新宿線「入曽」駅 徒歩41～53分</li>
saitama,kawagoe,狭山台,55900,西武新宿線「新狭山」駅,22.0,33.0,,,,狭山市狭山台1-31ほか,3-6号棟,鉄筋コンクリート造、鉄骨鉄筋コンクリート造,5,N,502号室,2DK,43,8,52400,3500,2か月,"['近居割', '近居割WIDE']",2026年10月8日以降,https://www.ur-net.go.jp/chintai/kanto/saitama/50_1670_room.html?JKSS=003060502,<li>西武新宿線「狭山市」駅バス6～10分 徒歩1～4分</li><li>西武新宿線「新狭山」駅 徒歩22～33分</li><li>西武新宿線「入曽」駅 徒歩41～53分</li>
saitama,kawagoe,狭山台,55900,西武新宿線「入曽」駅,41.0,53.0,,,,狭山市狭山台1-31ほか,3-6号棟,鉄筋コンクリート造、鉄骨鉄筋コンクリート造,5,N,502号室,2DK,43,8,52400,3500,2か月,"['近居割', '近居割WIDE']",2026年10月8日以降,https://www.ur-net.go.jp/chintai/kanto/saitama/50_1670_room.html?JKSS=003060502,<li>西武新宿線「狭山市」駅バス6～10分 徒歩1～4分</li><li>西武新宿線「新狭山」駅 徒歩22～33分</li><li>西武新宿線「入曽」駅 徒歩41～53分</li>
saitama,kawagoe,狭山台,55900,,,,,,,狭山市狭山台1-31ほか,3-6号棟,鉄筋コンクリート造、鉄骨鉄筋コンクリート造,5,N,502号室,2DK,43,8,52400,3500,2か月,"['近居割', '近居割WIDE']",2026年10月8日以降,https://www.ur-net.go.jp/chintai/kanto/saitama/50_1670_room.html?JKSS=003060502,<li>西武新宿線「狭山市」駅バス6～10分 徒歩1～4分</li><li>西武新宿線「新狭山」駅 徒歩22～33分</li><li>西武新宿線「入曽」駅 徒歩41～53分</li>
saitama,kawagoe,狭山台,55900,,,,西武新宿線「狭山市」駅,7.0,14.0,狭山市狭山台1-31ほか,3-18号棟,鉄筋コンクリート造、鉄骨鉄筋コンクリート造,7,N,706号室,2DK,43,8,52400,3500,2か月,"['近居割', '近居割WIDE']",随時,https://www.ur-net.go.jp/chintai/kanto/saitama/50_1670_room.html?JKSS=003180706,<li>西武新宿線「狭山市」駅バス6～10分 徒歩1～4分</li><li>西武新宿線「新狭山」駅 徒歩22～33分</li><li>西武新宿線「入曽」駅 徒歩41～53分</li>
saitama,kawagoe,狭山台,55900,西武新宿線「新狭山」駅,22.0,33.0,,,,狭山市狭山台1-31ほか,3-18号棟,鉄筋コンクリート造、鉄骨鉄筋コンクリート造,7,N,706号室,2DK,43,8,52400,3500,2か月,"['近居割', '近居割WIDE']",随時,https://www.ur-net.go.jp/chintai/kanto/saitama/50_1670_room.html?JKSS=003180706,<li>西武新宿線「狭山市」駅バス6～10分 徒歩1～4分</li><li>西武新宿線「新狭山」駅 徒歩22～33分</li><li>西武新宿線「入曽」駅 徒歩41～53分</li>
saitama,kawagoe,狭山台,55900,西武新宿線「入曽」駅,41.0,53.0,,,,狭山市狭山台1-31ほか,3-18号棟,鉄筋コンクリート造、鉄骨鉄筋コンクリート造,7,N,706号室,2DK,43,8,52400,3500,2か月,"['近居割', '近居割WIDE']",随時,https://www.ur-net.go.jp/chintai/kanto/saitama/50_1670_room.html?JKSS=003180706,<li>西武新宿線「狭山市」駅バス6～10分 徒歩1～4分</li><li>西武新宿線「新狭山」駅 徒歩22～33分</li><li>西武新宿線「入曽」駅 徒歩41～53分</li>
saitama,kawagoe,狭山台,55900,,,,,,,狭山市狭山台1-31ほか,3-18号棟,鉄筋コンクリート造、鉄骨鉄筋コンクリート造,7,N,706号室,2DK,43,8,52400,3500,2か月,"['近居割', '近居割WIDE']",随時,https://www.ur-net.go.jp/chintai/kanto/saitama/50_1670_room.html?JKSS=003180706,<li>西武新宿線「狭山市」駅バス6～10分 徒歩1～4分</li><li>西武新宿線「新狭山」駅 徒歩22～33分</li><li>西武新宿線「入曽」駅 徒歩41～53分</li>
saitama,shiki,コンフォール和光西大和,99300,東武東上線・東京メトロ有楽町線・副都心線「和光市」駅,11.0,15.0,東武東上線・東京メトロ有楽町線・副都心線「和光市」駅,4.0,13.0,和光市広沢1番2号ほか,4号棟,鉄筋コンクリート造,5,N,505号室,1K,34,8,92800,6500,2か月,"['近居割', '近居割WIDE']",随時,https://www.ur-net.go.jp/chintai/kanto/saitama/50_4120_room.html?JKSS=000040505,<li>東武東上線・東京メトロ有楽町線・副都心線「和光市」駅 徒歩11～15分 または バス2～4分 徒歩2～9分</li>
saitama,shiki,コンフォール和光西大和,99300,,,,,,,和光市広沢1番2号ほか,4号棟,鉄筋コンクリート造,5,N,505号室,1K,34,8,92800,6500,2か月,"['近居割', '近居割WIDE']",随時,https://www.ur-net.go.jp/chintai/kanto/saitama/50_4120_room.html?JKSS=000040505,<li>東武東上線・東京メトロ有楽町線・副都心線「和光市」駅 徒歩11～15分 または バス2～4分 徒歩2～9分</li>
saitama,shiki,新座,73800,東武東上線「柳瀬川」駅,15.0,22.0,,,,新座市新座3,5-7号棟,鉄筋コンクリート造,4,N,402号室,3DK,52,5,70600,3200,2か月,"['近居割', '近居割WIDE']",随時,https://www.ur-net.go.jp/chintai/kanto/saitama/50_1310_room.html?JKSS=000507402,<li>東武東上線「柳瀬川」駅 徒歩15～22分</li><li>東武東上線「志木」駅バス11分 徒歩1～6分</li><li>JR武蔵野線「新座」駅 徒歩28～36分</li>
saitama,shiki,新座,73800,,,,東武東上線「志木」駅,12.0,17.0,新座市新座3,5-7号棟,鉄筋コンクリート造,4,N,402号室,3DK,52,5,70600,3200,2か月,"['近居割', '近居割WIDE']",随時,https://www.ur-net.go.jp/chintai/kanto/saitama/50_1310_room.html?JKSS=000507402,<li>東武東上線「柳瀬川」駅 徒歩15～22分</li><li>東武東上線「志木」駅バス11分 徒歩1～6分</li><li>JR武蔵野線「新座」駅 徒歩28～36分</li>
saitama,shiki,新座,73800,JR武蔵野線「新座」駅,28.0,36.0,,,,新座市新座3,5-7号棟,鉄筋コンクリート造,4,N,402号室,3DK,52,5,70600,3200,2か月,"['近居割', '近居割WIDE']",随時,https://www.ur-net.go.jp/chintai/kanto/saitama/50_1310_room.html?JKSS=000507402,<li>東武東上線「柳瀬川」駅 徒歩15～22分</li><li>東武東上線「志木」駅バス11分 徒歩1～6分</li><li>JR武蔵野線「新座」駅 徒歩28～36分</li>
saitama,shiki,新座,73800,,,,,,,新座市新座3,5-7号棟,鉄筋コンクリート造,4,N,402号室,3DK,52,5,70600,3200,2か月,"['近居割', '近居割WIDE']",随時,https://www.ur-net.go.jp/chintai/kanto/saitama/50_1310_room.html?JKSS=000507402,<li>東武東上線「柳瀬川」駅 徒歩15～22分</li><li>東武東上線「志木」駅バス11分 徒歩1～6分</li><li>JR武蔵野線「新座」駅 徒歩28～36分</li>
